// Auto-generated VLW font: hack_bold_11
// Size: 28283 bytes (27.6 KB)
#pragma once
#include <pgmspace.h>

const uint8_t hack_bold_11[] PROGMEM = {
    0x00, 0x00, 0x01, 0x65, 0x00, 0x00, 0x00, 0x06, 0x00, 0x00, 0x00, 0x0B, 0x00, 0x00, 0x00, 0x00,
    0x00, 0x00, 0x00, 0x0B, 0x00, 0x00, 0x00, 0x03, 0x00, 0x00, 0x00, 0x20, 0x00, 0x00, 0x00, 0x00,
    0x00, 0x00, 0x00, 0x00, 0x00, 0x00, 0x00, 0x07, 0x00, 0x00, 0x00, 0x00, 0x00, 0x00, 0x00, 0x00,
    0x00, 0x00, 0x00, 0x00, 0x00, 0x00, 0x00, 0x21, 0x00, 0x00, 0x00, 0x08, 0x00, 0x00, 0x00, 0x03,
    0x00, 0x00, 0x00, 0x07, 0x00, 0x00, 0x00, 0x08, 0x00, 0x00, 0x00, 0x02, 0x00, 0x00, 0x00, 0x00,
    0x00, 0x00, 0x00, 0x22, 0x00, 0x00, 0x00, 0x03, 0x00, 0x00, 0x00, 0x05, 0x00, 0x00, 0x00, 0x07,
    0x00, 0x00, 0x00, 0x08, 0x00, 0x00, 0x00, 0x01, 0x00, 0x00, 0x00, 0x00, 0x00, 0x00, 0x00, 0x23,
    0x00, 0x00, 0x00, 0x08, 0x00, 0x00, 0x00, 0x07, 0x00, 0x00, 0x00, 0x07, 0x00, 0x00, 0x00, 0x08,
    0x00, 0x00, 0x00, 0x00, 0x00, 0x00, 0x00, 0x00, 0x00, 0x00, 0x00, 0x24, 0x00, 0x00, 0x00, 0x0A,
    0x00, 0x00, 0x00, 0x06, 0x00, 0x00, 0x00, 0x07, 0x00, 0x00, 0x00, 0x08, 0x00, 0x00, 0x00, 0x00,
    0x00, 0x00, 0x00, 0x00, 0x00, 0x00, 0x00, 0x25, 0x00, 0x00, 0x00, 0x08, 0x00, 0x00, 0x00, 0x07,
    0x00, 0x00, 0x00, 0x07, 0x00, 0x00, 0x00, 0x08, 0x00, 0x00, 0x00, 0x00, 0x00, 0x00, 0x00, 0x00,
    0x00, 0x00, 0x00, 0x26, 0x00, 0x00, 0x00, 0x08, 0x00, 0x00, 0x00, 0x07, 0x00, 0x00, 0x00, 0x07,
    0x00, 0x00, 0x00, 0x08, 0x00, 0x00, 0x00, 0x00, 0x00, 0x00, 0x00, 0x00, 0x00, 0x00, 0x00, 0x27,
    0x00, 0x00, 0x00, 0x03, 0x00, 0x00, 0x00, 0x02, 0x00, 0x00, 0x00, 0x07, 0x00, 0x00, 0x00, 0x08,
    0x00, 0x00, 0x00, 0x02, 0x00, 0x00, 0x00, 0x00, 0x00, 0x00, 0x00, 0x28, 0x00, 0x00, 0x00, 0x0A,
    0x00, 0x00, 0x00, 0x04, 0x00, 0x00, 0x00, 0x07, 0x00, 0x00, 0x00, 0x08, 0x00, 0x00, 0x00, 0x01,
    0x00, 0x00, 0x00, 0x00, 0x00, 0x00, 0x00, 0x29, 0x00, 0x00, 0x00, 0x0A, 0x00, 0x00, 0x00, 0x04,
    0x00, 0x00, 0x00, 0x07, 0x00, 0x00, 0x00, 0x08, 0x00, 0x00, 0x00, 0x02, 0x00, 0x00, 0x00, 0x00,
    0x00, 0x00, 0x00, 0x2A, 0x00, 0x00, 0x00, 0x06, 0x00, 0x00, 0x00, 0x07, 0x00, 0x00, 0x00, 0x07,
    0x00, 0x00, 0x00, 0x07, 0x00, 0x00, 0x00, 0x00, 0x00, 0x00, 0x00, 0x00, 0x00, 0x00, 0x00, 0x2B,
    0x00, 0x00, 0x00, 0x06, 0x00, 0x00, 0x00, 0x07, 0x00, 0x00, 0x00, 0x07, 0x00, 0x00, 0x00, 0x06,
    0x00, 0x00, 0x00, 0x00, 0x00, 0x00, 0x00, 0x00, 0x00, 0x00, 0x00, 0x2C, 0x00, 0x00, 0x00, 0x05,
    0x00, 0x00, 0x00, 0x03, 0x00, 0x00, 0x00, 0x07, 0x00, 0x00, 0x00, 0x02, 0x00, 0x00, 0x00, 0x02,
    0x00, 0x00, 0x00, 0x00, 0x00, 0x00, 0x00, 0x2D, 0x00, 0x00, 0x00, 0x02, 0x00, 0x00, 0x00, 0x05,
    0x00, 0x00, 0x00, 0x07, 0x00, 0x00, 0x00, 0x04, 0x00, 0x00, 0x00, 0x01, 0x00, 0x00, 0x00, 0x00,
    0x00, 0x00, 0x00, 0x2E, 0x00, 0x00, 0x00, 0x02, 0x00, 0x00, 0x00, 0x03, 0x00, 0x00, 0x00, 0x07,
    0x00, 0x00, 0x00, 0x02, 0x00, 0x00, 0x00, 0x02, 0x00, 0x00, 0x00, 0x00, 0x00, 0x00, 0x00, 0x2F,
    0x00, 0x00, 0x00, 0x09, 0x00, 0x00, 0x00, 0x07, 0x00, 0x00, 0x00, 0x07, 0x00, 0x00, 0x00, 0x08,
    0x00, 0x00, 0x00, 0x00, 0x00, 0x00, 0x00, 0x00, 0x00, 0x00, 0x00, 0x30, 0x00, 0x00, 0x00, 0x08,
    0x00, 0x00, 0x00, 0x06, 0x00, 0x00, 0x00, 0x07, 0x00, 0x00, 0x00, 0x08, 0x00, 0x00, 0x00, 0x00,
    0x00, 0x00, 0x00, 0x00, 0x00, 0x00, 0x00, 0x31, 0x00, 0x00, 0x00, 0x08, 0x00, 0x00, 0x00, 0x07,
    0x00, 0x00, 0x00, 0x07, 0x00, 0x00, 0x00, 0x08, 0x00, 0x00, 0x00, 0x00, 0x00, 0x00, 0x00, 0x00,
    0x00, 0x00, 0x00, 0x32, 0x00, 0x00, 0x00, 0x08, 0x00, 0x00, 0x00, 0x06, 0x00, 0x00, 0x00, 0x07,
    0x00, 0x00, 0x00, 0x08, 0x00, 0x00, 0x00, 0x00, 0x00, 0x00, 0x00, 0x00, 0x00, 0x00, 0x00, 0x33,
    0x00, 0x00, 0x00, 0x08, 0x00, 0x00, 0x00, 0x06, 0x00, 0x00, 0x00, 0x07, 0x00, 0x00, 0x00, 0x08,
    0x00, 0x00, 0x00, 0x00, 0x00, 0x00, 0x00, 0x00, 0x00, 0x00, 0x00, 0x34, 0x00, 0x00, 0x00, 0x08,
    0x00, 0x00, 0x00, 0x07, 0x00, 0x00, 0x00, 0x07, 0x00, 0x00, 0x00, 0x08, 0x00, 0x00, 0x00, 0x00,
    0x00, 0x00, 0x00, 0x00, 0x00, 0x00, 0x00, 0x35, 0x00, 0x00, 0x00, 0x08, 0x00, 0x00, 0x00, 0x06,
    0x00, 0x00, 0x00, 0x07, 0x00, 0x00, 0x00, 0x08, 0x00, 0x00, 0x00, 0x00, 0x00, 0x00, 0x00, 0x00,
    0x00, 0x00, 0x00, 0x36, 0x00, 0x00, 0x00, 0x08, 0x00, 0x00, 0x00, 0x07, 0x00, 0x00, 0x00, 0x07,
    0x00, 0x00, 0x00, 0x08, 0x00, 0x00, 0x00, 0x00, 0x00, 0x00, 0x00, 0x00, 0x00, 0x00, 0x00, 0x37,
    0x00, 0x00, 0x00, 0x08, 0x00, 0x00, 0x00, 0x06, 0x00, 0x00, 0x00, 0x07, 0x00, 0x00, 0x00, 0x08,
    0x00, 0x00, 0x00, 0x00, 0x00, 0x00, 0x00, 0x00, 0x00, 0x00, 0x00, 0x38, 0x00, 0x00, 0x00, 0x08,
    0x00, 0x00, 0x00, 0x06, 0x00, 0x00, 0x00, 0x07, 0x00, 0x00, 0x00, 0x08, 0x00, 0x00, 0x00, 0x00,
    0x00, 0x00, 0x00, 0x00, 0x00, 0x00, 0x00, 0x39, 0x00, 0x00, 0x00, 0x08, 0x00, 0x00, 0x00, 0x06,
    0x00, 0x00, 0x00, 0x07, 0x00, 0x00, 0x00, 0x08, 0x00, 0x00, 0x00, 0x00, 0x00, 0x00, 0x00, 0x00,
    0x00, 0x00, 0x00, 0x3A, 0x00, 0x00, 0x00, 0x06, 0x00, 0x00, 0x00, 0x03, 0x00, 0x00, 0x00, 0x07,
    0x00, 0x00, 0x00, 0x06, 0x00, 0x00, 0x00, 0x02, 0x00, 0x00, 0x00, 0x00, 0x00, 0x00, 0x00, 0x3B,
    0x00, 0x00, 0x00, 0x09, 0x00, 0x00, 0x00, 0x03, 0x00, 0x00, 0x00, 0x07, 0x00, 0x00, 0x00, 0x06,
    0x00, 0x00, 0x00, 0x02, 0x00, 0x00, 0x00, 0x00, 0x00, 0x00, 0x00, 0x3C, 0x00, 0x00, 0x00, 0x07,
    0x00, 0x00, 0x00, 0x07, 0x00, 0x00, 0x00, 0x07, 0x00, 0x00, 0x00, 0x07, 0x00, 0x00, 0x00, 0x00,
    0x00, 0x00, 0x00, 0x00, 0x00, 0x00, 0x00, 0x3D, 0x00, 0x00, 0x00, 0x05, 0x00, 0x00, 0x00, 0x07,
    0x00, 0x00, 0x00, 0x07, 0x00, 0x00, 0x00, 0x06, 0x00, 0x00, 0x00, 0x00, 0x00, 0x00, 0x00, 0x00,
    0x00, 0x00, 0x00, 0x3E, 0x00, 0x00, 0x00, 0x07, 0x00, 0x00, 0x00, 0x07, 0x00, 0x00, 0x00, 0x07,
    0x00, 0x00, 0x00, 0x07, 0x00, 0x00, 0x00, 0x00, 0x00, 0x00, 0x00, 0x00, 0x00, 0x00, 0x00, 0x3F,
    0x00, 0x00, 0x00, 0x08, 0x00, 0x00, 0x00, 0x05, 0x00, 0x00, 0x00, 0x07, 0x00, 0x00, 0x00, 0x08,
    0x00, 0x00, 0x00, 0x01, 0x00, 0x00, 0x00, 0x00, 0x00, 0x00, 0x00, 0x40, 0x00, 0x00, 0x00, 0x09,
    0x00, 0x00, 0x00, 0x07, 0x00, 0x00, 0x00, 0x07, 0x00, 0x00, 0x00, 0x07, 0x00, 0x00, 0x00, 0x00,
    0x00, 0x00, 0x00, 0x00, 0x00, 0x00, 0x00, 0x41, 0x00, 0x00, 0x00, 0x08, 0x00, 0x00, 0x00, 0x07,
    0x00, 0x00, 0x00, 0x07, 0x00, 0x00, 0x00, 0x08, 0x00, 0x00, 0x00, 0x00, 0x00, 0x00, 0x00, 0x00,
    0x00, 0x00, 0x00, 0x42, 0x00, 0x00, 0x00, 0x08, 0x00, 0x00, 0x00, 0x07, 0x00, 0x00, 0x00, 0x07,
    0x00, 0x00, 0x00, 0x08, 0x00, 0x00, 0x00, 0x00, 0x00, 0x00, 0x00, 0x00, 0x00, 0x00, 0x00, 0x43,
    0x00, 0x00, 0x00, 0x08, 0x00, 0x00, 0x00, 0x06, 0x00, 0x00, 0x00, 0x07, 0x00, 0x00, 0x00, 0x08,
    0x00, 0x00, 0x00, 0x00, 0x00, 0x00, 0x00, 0x00, 0x00, 0x00, 0x00, 0x44, 0x00, 0x00, 0x00, 0x08,
    0x00, 0x00, 0x00, 0x07, 0x00, 0x00, 0x00, 0x07, 0x00, 0x00, 0x00, 0x08, 0x00, 0x00, 0x00, 0x00,
    0x00, 0x00, 0x00, 0x00, 0x00, 0x00, 0x00, 0x45, 0x00, 0x00, 0x00, 0x08, 0x00, 0x00, 0x00, 0x06,
    0x00, 0x00, 0x00, 0x07, 0x00, 0x00, 0x00, 0x08, 0x00, 0x00, 0x00, 0x00, 0x00, 0x00, 0x00, 0x00,
    0x00, 0x00, 0x00, 0x46, 0x00, 0x00, 0x00, 0x08, 0x00, 0x00, 0x00, 0x06, 0x00, 0x00, 0x00, 0x07,
    0x00, 0x00, 0x00, 0x08, 0x00, 0x00, 0x00, 0x00, 0x00, 0x00, 0x00, 0x00, 0x00, 0x00, 0x00, 0x47,
    0x00, 0x00, 0x00, 0x08, 0x00, 0x00, 0x00, 0x07, 0x00, 0x00, 0x00, 0x07, 0x00, 0x00, 0x00, 0x08,
    0x00, 0x00, 0x00, 0x00, 0x00, 0x00, 0x00, 0x00, 0x00, 0x00, 0x00, 0x48, 0x00, 0x00, 0x00, 0x08,
    0x00, 0x00, 0x00, 0x06, 0x00, 0x00, 0x00, 0x07, 0x00, 0x00, 0x00, 0x08, 0x00, 0x00, 0x00, 0x00,
    0x00, 0x00, 0x00, 0x00, 0x00, 0x00, 0x00, 0x49, 0x00, 0x00, 0x00, 0x08, 0x00, 0x00, 0x00, 0x06,
    0x00, 0x00, 0x00, 0x07, 0x00, 0x00, 0x00, 0x08, 0x00, 0x00, 0x00, 0x00, 0x00, 0x00, 0x00, 0x00,
    0x00, 0x00, 0x00, 0x4A, 0x00, 0x00, 0x00, 0x08, 0x00, 0x00, 0x00, 0x06, 0x00, 0x00, 0x00, 0x07,
    0x00, 0x00, 0x00, 0x08, 0x00, 0x00, 0x00, 0x00, 0x00, 0x00, 0x00, 0x00, 0x00, 0x00, 0x00, 0x4B,
    0x00, 0x00, 0x00, 0x08, 0x00, 0x00, 0x00, 0x07, 0x00, 0x00, 0x00, 0x07, 0x00, 0x00, 0x00, 0x08,
    0x00, 0x00, 0x00, 0x00, 0x00, 0x00, 0x00, 0x00, 0x00, 0x00, 0x00, 0x4C, 0x00, 0x00, 0x00, 0x08,
    0x00, 0x00, 0x00, 0x06, 0x00, 0x00, 0x00, 0x07, 0x00, 0x00, 0x00, 0x08, 0x00, 0x00, 0x00, 0x01,
    0x00, 0x00, 0x00, 0x00, 0x00, 0x00, 0x00, 0x4D, 0x00, 0x00, 0x00, 0x08, 0x00, 0x00, 0x00, 0x07,
    0x00, 0x00, 0x00, 0x07, 0x00, 0x00, 0x00, 0x08, 0x00, 0x00, 0x00, 0x00, 0x00, 0x00, 0x00, 0x00,
    0x00, 0x00, 0x00, 0x4E, 0x00, 0x00, 0x00, 0x08, 0x00, 0x00, 0x00, 0x06, 0x00, 0x00, 0x00, 0x07,
    0x00, 0x00, 0x00, 0x08, 0x00, 0x00, 0x00, 0x00, 0x00, 0x00, 0x00, 0x00, 0x00, 0x00, 0x00, 0x4F,
    0x00, 0x00, 0x00, 0x08, 0x00, 0x00, 0x00, 0x07, 0x00, 0x00, 0x00, 0x07, 0x00, 0x00, 0x00, 0x08,
    0x00, 0x00, 0x00, 0x00, 0x00, 0x00, 0x00, 0x00, 0x00, 0x00, 0x00, 0x50, 0x00, 0x00, 0x00, 0x08,
    0x00, 0x00, 0x00, 0x07, 0x00, 0x00, 0x00, 0x07, 0x00, 0x00, 0x00, 0x08, 0x00, 0x00, 0x00, 0x00,
    0x00, 0x00, 0x00, 0x00, 0x00, 0x00, 0x00, 0x51, 0x00, 0x00, 0x00, 0x0A, 0x00, 0x00, 0x00, 0x07,
    0x00, 0x00, 0x00, 0x07, 0x00, 0x00, 0x00, 0x08, 0x00, 0x00, 0x00, 0x00, 0x00, 0x00, 0x00, 0x00,
    0x00, 0x00, 0x00, 0x52, 0x00, 0x00, 0x00, 0x08, 0x00, 0x00, 0x00, 0x07, 0x00, 0x00, 0x00, 0x07,
    0x00, 0x00, 0x00, 0x08, 0x00, 0x00, 0x00, 0x00, 0x00, 0x00, 0x00, 0x00, 0x00, 0x00, 0x00, 0x53,
    0x00, 0x00, 0x00, 0x08, 0x00, 0x00, 0x00, 0x06, 0x00, 0x00, 0x00, 0x07, 0x00, 0x00, 0x00, 0x08,
    0x00, 0x00, 0x00, 0x00, 0x00, 0x00, 0x00, 0x00, 0x00, 0x00, 0x00, 0x54, 0x00, 0x00, 0x00, 0x08,
    0x00, 0x00, 0x00, 0x07, 0x00, 0x00, 0x00, 0x07, 0x00, 0x00, 0x00, 0x08, 0x00, 0x00, 0x00, 0x00,
    0x00, 0x00, 0x00, 0x00, 0x00, 0x00, 0x00, 0x55, 0x00, 0x00, 0x00, 0x08, 0x00, 0x00, 0x00, 0x07,
    0x00, 0x00, 0x00, 0x07, 0x00, 0x00, 0x00, 0x08, 0x00, 0x00, 0x00, 0x00, 0x00, 0x00, 0x00, 0x00,
    0x00, 0x00, 0x00, 0x56, 0x00, 0x00, 0x00, 0x08, 0x00, 0x00, 0x00, 0x07, 0x00, 0x00, 0x00, 0x07,
    0x00, 0x00, 0x00, 0x08, 0x00, 0x00, 0x00, 0x00, 0x00, 0x00, 0x00, 0x00, 0x00, 0x00, 0x00, 0x57,
    0x00, 0x00, 0x00, 0x08, 0x00, 0x00, 0x00, 0x07, 0x00, 0x00, 0x00, 0x07, 0x00, 0x00, 0x00, 0x08,
    0x00, 0x00, 0x00, 0x00, 0x00, 0x00, 0x00, 0x00, 0x00, 0x00, 0x00, 0x58, 0x00, 0x00, 0x00, 0x08,
    0x00, 0x00, 0x00, 0x07, 0x00, 0x00, 0x00, 0x07, 0x00, 0x00, 0x00, 0x08, 0x00, 0x00, 0x00, 0x00,
    0x00, 0x00, 0x00, 0x00, 0x00, 0x00, 0x00, 0x59, 0x00, 0x00, 0x00, 0x08, 0x00, 0x00, 0x00, 0x07,
    0x00, 0x00, 0x00, 0x07, 0x00, 0x00, 0x00, 0x08, 0x00, 0x00, 0x00, 0x00, 0x00, 0x00, 0x00, 0x00,
    0x00, 0x00, 0x00, 0x5A, 0x00, 0x00, 0x00, 0x08, 0x00, 0x00, 0x00, 0x07, 0x00, 0x00, 0x00, 0x07,
    0x00, 0x00, 0x00, 0x08, 0x00, 0x00, 0x00, 0x00, 0x00, 0x00, 0x00, 0x00, 0x00, 0x00, 0x00, 0x5B,
    0x00, 0x00, 0x00, 0x0A, 0x00, 0x00, 0x00, 0x05, 0x00, 0x00, 0x00, 0x07, 0x00, 0x00, 0x00, 0x09,
    0x00, 0x00, 0x00, 0x01, 0x00, 0x00, 0x00, 0x00, 0x00, 0x00, 0x00, 0x5C, 0x00, 0x00, 0x00, 0x09,
    0x00, 0x00, 0x00, 0x07, 0x00, 0x00, 0x00, 0x07, 0x00, 0x00, 0x00, 0x08, 0x00, 0x00, 0x00, 0x00,
    0x00, 0x00, 0x00, 0x00, 0x00, 0x00, 0x00, 0x5D, 0x00, 0x00, 0x00, 0x0A, 0x00, 0x00, 0x00, 0x05,
    0x00, 0x00, 0x00, 0x07, 0x00, 0x00, 0x00, 0x09, 0x00, 0x00, 0x00, 0x01, 0x00, 0x00, 0x00, 0x00,
    0x00, 0x00, 0x00, 0x5E, 0x00, 0x00, 0x00, 0x03, 0x00, 0x00, 0x00, 0x07, 0x00, 0x00, 0x00, 0x07,
    0x00, 0x00, 0x00, 0x08, 0x00, 0x00, 0x00, 0x00, 0x00, 0x00, 0x00, 0x00, 0x00, 0x00, 0x00, 0x5F,
    0x00, 0x00, 0x00, 0x02, 0x00, 0x00, 0x00, 0x07, 0x00, 0x00, 0x00, 0x07, 0xFF, 0xFF, 0xFF, 0xFF,
    0x00, 0x00, 0x00, 0x00, 0x00, 0x00, 0x00, 0x00, 0x00, 0x00, 0x00, 0x60, 0x00, 0x00, 0x00, 0x02,
    0x00, 0x00, 0x00, 0x04, 0x00, 0x00, 0x00, 0x07, 0x00, 0x00, 0x00, 0x09, 0x00, 0x00, 0x00, 0x01,
    0x00, 0x00, 0x00, 0x00, 0x00, 0x00, 0x00, 0x61, 0x00, 0x00, 0x00, 0x06, 0x00, 0x00, 0x00, 0x07,
    0x00, 0x00, 0x00, 0x07, 0x00, 0x00, 0x00, 0x06, 0x00, 0x00, 0x00, 0x00, 0x00, 0x00, 0x00, 0x00,
    0x00, 0x00, 0x00, 0x62, 0x00, 0x00, 0x00, 0x08, 0x00, 0x00, 0x00, 0x07, 0x00, 0x00, 0x00, 0x07,
    0x00, 0x00, 0x00, 0x08, 0x00, 0x00, 0x00, 0x00, 0x00, 0x00, 0x00, 0x00, 0x00, 0x00, 0x00, 0x63,
    0x00, 0x00, 0x00, 0x06, 0x00, 0x00, 0x00, 0x06, 0x00, 0x00, 0x00, 0x07, 0x00, 0x00, 0x00, 0x06,
    0x00, 0x00, 0x00, 0x00, 0x00, 0x00, 0x00, 0x00, 0x00, 0x00, 0x00, 0x64, 0x00, 0x00, 0x00, 0x08,
    0x00, 0x00, 0x00, 0x06, 0x00, 0x00, 0x00, 0x07, 0x00, 0x00, 0x00, 0x08, 0x00, 0x00, 0x00, 0x00,
    0x00, 0x00, 0x00, 0x00, 0x00, 0x00, 0x00, 0x65, 0x00, 0x00, 0x00, 0x06, 0x00, 0x00, 0x00, 0x07,
    0x00, 0x00, 0x00, 0x07, 0x00, 0x00, 0x00, 0x06, 0x00, 0x00, 0x00, 0x00, 0x00, 0x00, 0x00, 0x00,
    0x00, 0x00, 0x00, 0x66, 0x00, 0x00, 0x00, 0x08, 0x00, 0x00, 0x00, 0x06, 0x00, 0x00, 0x00, 0x07,
    0x00, 0x00, 0x00, 0x08, 0x00, 0x00, 0x00, 0x00, 0x00, 0x00, 0x00, 0x00, 0x00, 0x00, 0x00, 0x67,
    0x00, 0x00, 0x00, 0x08, 0x00, 0x00, 0x00, 0x06, 0x00, 0x00, 0x00, 0x07, 0x00, 0x00, 0x00, 0x06,
    0x00, 0x00, 0x00, 0x00, 0x00, 0x00, 0x00, 0x00, 0x00, 0x00, 0x00, 0x68, 0x00, 0x00, 0x00, 0x08,
    0x00, 0x00, 0x00, 0x06, 0x00, 0x00, 0x00, 0x07, 0x00, 0x00, 0x00, 0x08, 0x00, 0x00, 0x00, 0x00,
    0x00, 0x00, 0x00, 0x00, 0x00, 0x00, 0x00, 0x69, 0x00, 0x00, 0x00, 0x09, 0x00, 0x00, 0x00, 0x07,
    0x00, 0x00, 0x00, 0x07, 0x00, 0x00, 0x00, 0x09, 0x00, 0x00, 0x00, 0x00, 0x00, 0x00, 0x00, 0x00,
    0x00, 0x00, 0x00, 0x6A, 0x00, 0x00, 0x00, 0x0B, 0x00, 0x00, 0x00, 0x05, 0x00, 0x00, 0x00, 0x07,
    0x00, 0x00, 0x00, 0x09, 0x00, 0x00, 0x00, 0x00, 0x00, 0x00, 0x00, 0x00, 0x00, 0x00, 0x00, 0x6B,
    0x00, 0x00, 0x00, 0x08, 0x00, 0x00, 0x00, 0x07, 0x00, 0x00, 0x00, 0x07, 0x00, 0x00, 0x00, 0x08,
    0x00, 0x00, 0x00, 0x00, 0x00, 0x00, 0x00, 0x00, 0x00, 0x00, 0x00, 0x6C, 0x00, 0x00, 0x00, 0x08,
    0x00, 0x00, 0x00, 0x06, 0x00, 0x00, 0x00, 0x07, 0x00, 0x00, 0x00, 0x08, 0x00, 0x00, 0x00, 0x00,
    0x00, 0x00, 0x00, 0x00, 0x00, 0x00, 0x00, 0x6D, 0x00, 0x00, 0x00, 0x06, 0x00, 0x00, 0x00, 0x07,
    0x00, 0x00, 0x00, 0x07, 0x00, 0x00, 0x00, 0x06, 0x00, 0x00, 0x00, 0x00, 0x00, 0x00, 0x00, 0x00,
    0x00, 0x00, 0x00, 0x6E, 0x00, 0x00, 0x00, 0x06, 0x00, 0x00, 0x00, 0x06, 0x00, 0x00, 0x00, 0x07,
    0x00, 0x00, 0x00, 0x06, 0x00, 0x00, 0x00, 0x00, 0x00, 0x00, 0x00, 0x00, 0x00, 0x00, 0x00, 0x6F,
    0x00, 0x00, 0x00, 0x06, 0x00, 0x00, 0x00, 0x07, 0x00, 0x00, 0x00, 0x07, 0x00, 0x00, 0x00, 0x06,
    0x00, 0x00, 0x00, 0x00, 0x00, 0x00, 0x00, 0x00, 0x00, 0x00, 0x00, 0x70, 0x00, 0x00, 0x00, 0x08,
    0x00, 0x00, 0x00, 0x07, 0x00, 0x00, 0x00, 0x07, 0x00, 0x00, 0x00, 0x06, 0x00, 0x00, 0x00, 0x00,
    0x00, 0x00, 0x00, 0x00, 0x00, 0x00, 0x00, 0x71, 0x00, 0x00, 0x00, 0x08, 0x00, 0x00, 0x00, 0x06,
    0x00, 0x00, 0x00, 0x07, 0x00, 0x00, 0x00, 0x06, 0x00, 0x00, 0x00, 0x00, 0x00, 0x00, 0x00, 0x00,
    0x00, 0x00, 0x00, 0x72, 0x00, 0x00, 0x00, 0x06, 0x00, 0x00, 0x00, 0x05, 0x00, 0x00, 0x00, 0x07,
    0x00, 0x00, 0x00, 0x06, 0x00, 0x00, 0x00, 0x01, 0x00, 0x00, 0x00, 0x00, 0x00, 0x00, 0x00, 0x73,
    0x00, 0x00, 0x00, 0x06, 0x00, 0x00, 0x00, 0x06, 0x00, 0x00, 0x00, 0x07, 0x00, 0x00, 0x00, 0x06,
    0x00, 0x00, 0x00, 0x00, 0x00, 0x00, 0x00, 0x00, 0x00, 0x00, 0x00, 0x74, 0x00, 0x00, 0x00, 0x09,
    0x00, 0x00, 0x00, 0x06, 0x00, 0x00, 0x00, 0x07, 0x00, 0x00, 0x00, 0x09, 0x00, 0x00, 0x00, 0x00,
    0x00, 0x00, 0x00, 0x00, 0x00, 0x00, 0x00, 0x75, 0x00, 0x00, 0x00, 0x06, 0x00, 0x00, 0x00, 0x06,
    0x00, 0x00, 0x00, 0x07, 0x00, 0x00, 0x00, 0x06, 0x00, 0x00, 0x00, 0x00, 0x00, 0x00, 0x00, 0x00,
    0x00, 0x00, 0x00, 0x76, 0x00, 0x00, 0x00, 0x06, 0x00, 0x00, 0x00, 0x07, 0x00, 0x00, 0x00, 0x07,
    0x00, 0x00, 0x00, 0x06, 0x00, 0x00, 0x00, 0x00, 0x00, 0x00, 0x00, 0x00, 0x00, 0x00, 0x00, 0x77,
    0x00, 0x00, 0x00, 0x06, 0x00, 0x00, 0x00, 0x07, 0x00, 0x00, 0x00, 0x07, 0x00, 0x00, 0x00, 0x06,
    0x00, 0x00, 0x00, 0x00, 0x00, 0x00, 0x00, 0x00, 0x00, 0x00, 0x00, 0x78, 0x00, 0x00, 0x00, 0x06,
    0x00, 0x00, 0x00, 0x07, 0x00, 0x00, 0x00, 0x07, 0x00, 0x00, 0x00, 0x06, 0x00, 0x00, 0x00, 0x00,
    0x00, 0x00, 0x00, 0x00, 0x00, 0x00, 0x00, 0x79, 0x00, 0x00, 0x00, 0x08, 0x00, 0x00, 0x00, 0x07,
    0x00, 0x00, 0x00, 0x07, 0x00, 0x00, 0x00, 0x06, 0x00, 0x00, 0x00, 0x00, 0x00, 0x00, 0x00, 0x00,
    0x00, 0x00, 0x00, 0x7A, 0x00, 0x00, 0x00, 0x06, 0x00, 0x00, 0x00, 0x06, 0x00, 0x00, 0x00, 0x07,
    0x00, 0x00, 0x00, 0x06, 0x00, 0x00, 0x00, 0x00, 0x00, 0x00, 0x00, 0x00, 0x00, 0x00, 0x00, 0x7B,
    0x00, 0x00, 0x00, 0x0A, 0x00, 0x00, 0x00, 0x06, 0x00, 0x00, 0x00, 0x07, 0x00, 0x00, 0x00, 0x08,
    0x00, 0x00, 0x00, 0x00, 0x00, 0x00, 0x00, 0x00, 0x00, 0x00, 0x00, 0x7C, 0x00, 0x00, 0x00, 0x0B,
    0x00, 0x00, 0x00, 0x02, 0x00, 0x00, 0x00, 0x07, 0x00, 0x00, 0x00, 0x08, 0x00, 0x00, 0x00, 0x02,
    0x00, 0x00, 0x00, 0x00, 0x00, 0x00, 0x00, 0x7D, 0x00, 0x00, 0x00, 0x0A, 0x00, 0x00, 0x00, 0x06,
    0x00, 0x00, 0x00, 0x07, 0x00, 0x00, 0x00, 0x08, 0x00, 0x00, 0x00, 0x01, 0x00, 0x00, 0x00, 0x00,
    0x00, 0x00, 0x00, 0x7E, 0x00, 0x00, 0x00, 0x05, 0x00, 0x00, 0x00, 0x07, 0x00, 0x00, 0x00, 0x07,
    0x00, 0x00, 0x00, 0x06, 0x00, 0x00, 0x00, 0x00, 0x00, 0x00, 0x00, 0x00, 0x00, 0x00, 0x00, 0xA0,
    0x00, 0x00, 0x00, 0x00, 0x00, 0x00, 0x00, 0x00, 0x00, 0x00, 0x00, 0x07, 0x00, 0x00, 0x00, 0x00,
    0x00, 0x00, 0x00, 0x00, 0x00, 0x00, 0x00, 0x00, 0x00, 0x00, 0x00, 0xA1, 0x00, 0x00, 0x00, 0x09,
    0x00, 0x00, 0x00, 0x03, 0x00, 0x00, 0x00, 0x07, 0x00, 0x00, 0x00, 0x08, 0x00, 0x00, 0x00, 0x02,
    0x00, 0x00, 0x00, 0x00, 0x00, 0x00, 0x00, 0xA2, 0x00, 0x00, 0x00, 0x0A, 0x00, 0x00, 0x00, 0x06,
    0x00, 0x00, 0x00, 0x07, 0x00, 0x00, 0x00, 0x08, 0x00, 0x00, 0x00, 0x00, 0x00, 0x00, 0x00, 0x00,
    0x00, 0x00, 0x00, 0xA3, 0x00, 0x00, 0x00, 0x08, 0x00, 0x00, 0x00, 0x07, 0x00, 0x00, 0x00, 0x07,
    0x00, 0x00, 0x00, 0x08, 0x00, 0x00, 0x00, 0x00, 0x00, 0x00, 0x00, 0x00, 0x00, 0x00, 0x00, 0xA4,
    0x00, 0x00, 0x00, 0x06, 0x00, 0x00, 0x00, 0x05, 0x00, 0x00, 0x00, 0x07, 0x00, 0x00, 0x00, 0x07,
    0x00, 0x00, 0x00, 0x01, 0x00, 0x00, 0x00, 0x00, 0x00, 0x00, 0x00, 0xA5, 0x00, 0x00, 0x00, 0x08,
    0x00, 0x00, 0x00, 0x07, 0x00, 0x00, 0x00, 0x07, 0x00, 0x00, 0x00, 0x08, 0x00, 0x00, 0x00, 0x00,
    0x00, 0x00, 0x00, 0x00, 0x00, 0x00, 0x00, 0xA6, 0x00, 0x00, 0x00, 0x09, 0x00, 0x00, 0x00, 0x02,
    0x00, 0x00, 0x00, 0x07, 0x00, 0x00, 0x00, 0x07, 0x00, 0x00, 0x00, 0x02, 0x00, 0x00, 0x00, 0x00,
    0x00, 0x00, 0x00, 0xA7, 0x00, 0x00, 0x00, 0x0A, 0x00, 0x00, 0x00, 0x06, 0x00, 0x00, 0x00, 0x07,
    0x00, 0x00, 0x00, 0x08, 0x00, 0x00, 0x00, 0x00, 0x00, 0x00, 0x00, 0x00, 0x00, 0x00, 0x00, 0xA8,
    0x00, 0x00, 0x00, 0x03, 0x00, 0x00, 0x00, 0x04, 0x00, 0x00, 0x00, 0x07, 0x00, 0x00, 0x00, 0x09,
    0x00, 0x00, 0x00, 0x01, 0x00, 0x00, 0x00, 0x00, 0x00, 0x00, 0x00, 0xA9, 0x00, 0x00, 0x00, 0x07,
    0x00, 0x00, 0x00, 0x07, 0x00, 0x00, 0x00, 0x07, 0x00, 0x00, 0x00, 0x08, 0x00, 0x00, 0x00, 0x00,
    0x00, 0x00, 0x00, 0x00, 0x00, 0x00, 0x00, 0xAA, 0x00, 0x00, 0x00, 0x06, 0x00, 0x00, 0x00, 0x05,
    0x00, 0x00, 0x00, 0x07, 0x00, 0x00, 0x00, 0x08, 0x00, 0x00, 0x00, 0x01, 0x00, 0x00, 0x00, 0x00,
    0x00, 0x00, 0x00, 0xAB, 0x00, 0x00, 0x00, 0x06, 0x00, 0x00, 0x00, 0x06, 0x00, 0x00, 0x00, 0x07,
    0x00, 0x00, 0x00, 0x06, 0x00, 0x00, 0x00, 0x00, 0x00, 0x00, 0x00, 0x00, 0x00, 0x00, 0x00, 0xAC,
    0x00, 0x00, 0x00, 0x04, 0x00, 0x00, 0x00, 0x07, 0x00, 0x00, 0x00, 0x07, 0x00, 0x00, 0x00, 0x06,
    0x00, 0x00, 0x00, 0x00, 0x00, 0x00, 0x00, 0x00, 0x00, 0x00, 0x00, 0xAD, 0x00, 0x00, 0x00, 0x02,
    0x00, 0x00, 0x00, 0x04, 0x00, 0x00, 0x00, 0x07, 0x00, 0x00, 0x00, 0x04, 0x00, 0x00, 0x00, 0x01,
    0x00, 0x00, 0x00, 0x00, 0x00, 0x00, 0x00, 0xAE, 0x00, 0x00, 0x00, 0x07, 0x00, 0x00, 0x00, 0x07,
    0x00, 0x00, 0x00, 0x07, 0x00, 0x00, 0x00, 0x08, 0x00, 0x00, 0x00, 0x00, 0x00, 0x00, 0x00, 0x00,
    0x00, 0x00, 0x00, 0xAF, 0x00, 0x00, 0x00, 0x01, 0x00, 0x00, 0x00, 0x04, 0x00, 0x00, 0x00, 0x07,
    0x00, 0x00, 0x00, 0x08, 0x00, 0x00, 0x00, 0x01, 0x00, 0x00, 0x00, 0x00, 0x00, 0x00, 0x00, 0xB0,
    0x00, 0x00, 0x00, 0x04, 0x00, 0x00, 0x00, 0x05, 0x00, 0x00, 0x00, 0x07, 0x00, 0x00, 0x00, 0x08,
    0x00, 0x00, 0x00, 0x01, 0x00, 0x00, 0x00, 0x00, 0x00, 0x00, 0x00, 0xB1, 0x00, 0x00, 0x00, 0x07,
    0x00, 0x00, 0x00, 0x07, 0x00, 0x00, 0x00, 0x07, 0x00, 0x00, 0x00, 0x07, 0x00, 0x00, 0x00, 0x00,
    0x00, 0x00, 0x00, 0x00, 0x00, 0x00, 0x00, 0xB2, 0x00, 0x00, 0x00, 0x05, 0x00, 0x00, 0x00, 0x05,
    0x00, 0x00, 0x00, 0x07, 0x00, 0x00, 0x00, 0x0B, 0x00, 0x00, 0x00, 0x01, 0x00, 0x00, 0x00, 0x00,
    0x00, 0x00, 0x00, 0xB3, 0x00, 0x00, 0x00, 0x05, 0x00, 0x00, 0x00, 0x05, 0x00, 0x00, 0x00, 0x07,
    0x00, 0x00, 0x00, 0x0B, 0x00, 0x00, 0x00, 0x01, 0x00, 0x00, 0x00, 0x00, 0x00, 0x00, 0x00, 0xB4,
    0x00, 0x00, 0x00, 0x02, 0x00, 0x00, 0x00, 0x04, 0x00, 0x00, 0x00, 0x07, 0x00, 0x00, 0x00, 0x09,
    0x00, 0x00, 0x00, 0x02, 0x00, 0x00, 0x00, 0x00, 0x00, 0x00, 0x00, 0xB5, 0x00, 0x00, 0x00, 0x08,
    0x00, 0x00, 0x00, 0x07, 0x00, 0x00, 0x00, 0x07, 0x00, 0x00, 0x00, 0x06, 0x00, 0x00, 0x00, 0x00,
    0x00, 0x00, 0x00, 0x00, 0x00, 0x00, 0x00, 0xB6, 0x00, 0x00, 0x00, 0x09, 0x00, 0x00, 0x00, 0x06,
    0x00, 0x00, 0x00, 0x07, 0x00, 0x00, 0x00, 0x08, 0x00, 0x00, 0x00, 0x00, 0x00, 0x00, 0x00, 0x00,
    0x00, 0x00, 0x00, 0xB7, 0x00, 0x00, 0x00, 0x02, 0x00, 0x00, 0x00, 0x03, 0x00, 0x00, 0x00, 0x07,
    0x00, 0x00, 0x00, 0x05, 0x00, 0x00, 0x00, 0x02, 0x00, 0x00, 0x00, 0x00, 0x00, 0x00, 0x00, 0xB8,
    0x00, 0x00, 0x00, 0x03, 0x00, 0x00, 0x00, 0x04, 0x00, 0x00, 0x00, 0x07, 0x00, 0x00, 0x00, 0x01,
    0x00, 0x00, 0x00, 0x01, 0x00, 0x00, 0x00, 0x00, 0x00, 0x00, 0x00, 0xB9, 0x00, 0x00, 0x00, 0x05,
    0x00, 0x00, 0x00, 0x05, 0x00, 0x00, 0x00, 0x07, 0x00, 0x00, 0x00, 0x0B, 0x00, 0x00, 0x00, 0x01,
    0x00, 0x00, 0x00, 0x00, 0x00, 0x00, 0x00, 0xBA, 0x00, 0x00, 0x00, 0x06, 0x00, 0x00, 0x00, 0x05,
    0x00, 0x00, 0x00, 0x07, 0x00, 0x00, 0x00, 0x08, 0x00, 0x00, 0x00, 0x01, 0x00, 0x00, 0x00, 0x00,
    0x00, 0x00, 0x00, 0xBB, 0x00, 0x00, 0x00, 0x06, 0x00, 0x00, 0x00, 0x06, 0x00, 0x00, 0x00, 0x07,
    0x00, 0x00, 0x00, 0x06, 0x00, 0x00, 0x00, 0x01, 0x00, 0x00, 0x00, 0x00, 0x00, 0x00, 0x00, 0xBC,
    0x00, 0x00, 0x00, 0x0B, 0x00, 0x00, 0x00, 0x07, 0x00, 0x00, 0x00, 0x07, 0x00, 0x00, 0x00, 0x09,
    0x00, 0x00, 0x00, 0x00, 0x00, 0x00, 0x00, 0x00, 0x00, 0x00, 0x00, 0xBD, 0x00, 0x00, 0x00, 0x0B,
    0x00, 0x00, 0x00, 0x07, 0x00, 0x00, 0x00, 0x07, 0x00, 0x00, 0x00, 0x09, 0x00, 0x00, 0x00, 0x00,
    0x00, 0x00, 0x00, 0x00, 0x00, 0x00, 0x00, 0xBE, 0x00, 0x00, 0x00, 0x0A, 0x00, 0x00, 0x00, 0x07,
    0x00, 0x00, 0x00, 0x07, 0x00, 0x00, 0x00, 0x08, 0x00, 0x00, 0x00, 0x00, 0x00, 0x00, 0x00, 0x00,
    0x00, 0x00, 0x00, 0xBF, 0x00, 0x00, 0x00, 0x09, 0x00, 0x00, 0x00, 0x06, 0x00, 0x00, 0x00, 0x07,
    0x00, 0x00, 0x00, 0x09, 0x00, 0x00, 0x00, 0x00, 0x00, 0x00, 0x00, 0x00, 0x00, 0x00, 0x00, 0xC0,
    0x00, 0x00, 0x00, 0x0A, 0x00, 0x00, 0x00, 0x07, 0x00, 0x00, 0x00, 0x07, 0x00, 0x00, 0x00, 0x0A,
    0x00, 0x00, 0x00, 0x00, 0x00, 0x00, 0x00, 0x00, 0x00, 0x00, 0x00, 0xC1, 0x00, 0x00, 0x00, 0x0A,
    0x00, 0x00, 0x00, 0x07, 0x00, 0x00, 0x00, 0x07, 0x00, 0x00, 0x00, 0x0A, 0x00, 0x00, 0x00, 0x00,
    0x00, 0x00, 0x00, 0x00, 0x00, 0x00, 0x00, 0xC2, 0x00, 0x00, 0x00, 0x0A, 0x00, 0x00, 0x00, 0x07,
    0x00, 0x00, 0x00, 0x07, 0x00, 0x00, 0x00, 0x0A, 0x00, 0x00, 0x00, 0x00, 0x00, 0x00, 0x00, 0x00,
    0x00, 0x00, 0x00, 0xC3, 0x00, 0x00, 0x00, 0x0B, 0x00, 0x00, 0x00, 0x07, 0x00, 0x00, 0x00, 0x07,
    0x00, 0x00, 0x00, 0x0B, 0x00, 0x00, 0x00, 0x00, 0x00, 0x00, 0x00, 0x00, 0x00, 0x00, 0x00, 0xC4,
    0x00, 0x00, 0x00, 0x0B, 0x00, 0x00, 0x00, 0x07, 0x00, 0x00, 0x00, 0x07, 0x00, 0x00, 0x00, 0x0B,
    0x00, 0x00, 0x00, 0x00, 0x00, 0x00, 0x00, 0x00, 0x00, 0x00, 0x00, 0xC5, 0x00, 0x00, 0x00, 0x0A,
    0x00, 0x00, 0x00, 0x07, 0x00, 0x00, 0x00, 0x07, 0x00, 0x00, 0x00, 0x0A, 0x00, 0x00, 0x00, 0x00,
    0x00, 0x00, 0x00, 0x00, 0x00, 0x00, 0x00, 0xC6, 0x00, 0x00, 0x00, 0x08, 0x00, 0x00, 0x00, 0x07,
    0x00, 0x00, 0x00, 0x07, 0x00, 0x00, 0x00, 0x08, 0x00, 0x00, 0x00, 0x00, 0x00, 0x00, 0x00, 0x00,
    0x00, 0x00, 0x00, 0xC7, 0x00, 0x00, 0x00, 0x0A, 0x00, 0x00, 0x00, 0x06, 0x00, 0x00, 0x00, 0x07,
    0x00, 0x00, 0x00, 0x08, 0x00, 0x00, 0x00, 0x00, 0x00, 0x00, 0x00, 0x00, 0x00, 0x00, 0x00, 0xC8,
    0x00, 0x00, 0x00, 0x0A, 0x00, 0x00, 0x00, 0x06, 0x00, 0x00, 0x00, 0x07, 0x00, 0x00, 0x00, 0x0A,
    0x00, 0x00, 0x00, 0x00, 0x00, 0x00, 0x00, 0x00, 0x00, 0x00, 0x00, 0xC9, 0x00, 0x00, 0x00, 0x0A,
    0x00, 0x00, 0x00, 0x06, 0x00, 0x00, 0x00, 0x07, 0x00, 0x00, 0x00, 0x0A, 0x00, 0x00, 0x00, 0x00,
    0x00, 0x00, 0x00, 0x00, 0x00, 0x00, 0x00, 0xCA, 0x00, 0x00, 0x00, 0x0A, 0x00, 0x00, 0x00, 0x06,
    0x00, 0x00, 0x00, 0x07, 0x00, 0x00, 0x00, 0x0A, 0x00, 0x00, 0x00, 0x00, 0x00, 0x00, 0x00, 0x00,
    0x00, 0x00, 0x00, 0xCB, 0x00, 0x00, 0x00, 0x0B, 0x00, 0x00, 0x00, 0x06, 0x00, 0x00, 0x00, 0x07,
    0x00, 0x00, 0x00, 0x0B, 0x00, 0x00, 0x00, 0x00, 0x00, 0x00, 0x00, 0x00, 0x00, 0x00, 0x00, 0xCC,
    0x00, 0x00, 0x00, 0x0A, 0x00, 0x00, 0x00, 0x06, 0x00, 0x00, 0x00, 0x07, 0x00, 0x00, 0x00, 0x0A,
    0x00, 0x00, 0x00, 0x00, 0x00, 0x00, 0x00, 0x00, 0x00, 0x00, 0x00, 0xCD, 0x00, 0x00, 0x00, 0x0A,
    0x00, 0x00, 0x00, 0x06, 0x00, 0x00, 0x00, 0x07, 0x00, 0x00, 0x00, 0x0A, 0x00, 0x00, 0x00, 0x00,
    0x00, 0x00, 0x00, 0x00, 0x00, 0x00, 0x00, 0xCE, 0x00, 0x00, 0x00, 0x0A, 0x00, 0x00, 0x00, 0x06,
    0x00, 0x00, 0x00, 0x07, 0x00, 0x00, 0x00, 0x0A, 0x00, 0x00, 0x00, 0x00, 0x00, 0x00, 0x00, 0x00,
    0x00, 0x00, 0x00, 0xCF, 0x00, 0x00, 0x00, 0x0B, 0x00, 0x00, 0x00, 0x06, 0x00, 0x00, 0x00, 0x07,
    0x00, 0x00, 0x00, 0x0B, 0x00, 0x00, 0x00, 0x00, 0x00, 0x00, 0x00, 0x00, 0x00, 0x00, 0x00, 0xD0,
    0x00, 0x00, 0x00, 0x08, 0x00, 0x00, 0x00, 0x07, 0x00, 0x00, 0x00, 0x07, 0x00, 0x00, 0x00, 0x08,
    0x00, 0x00, 0x00, 0x00, 0x00, 0x00, 0x00, 0x00, 0x00, 0x00, 0x00, 0xD1, 0x00, 0x00, 0x00, 0x0B,
    0x00, 0x00, 0x00, 0x06, 0x00, 0x00, 0x00, 0x07, 0x00, 0x00, 0x00, 0x0B, 0x00, 0x00, 0x00, 0x00,
    0x00, 0x00, 0x00, 0x00, 0x00, 0x00, 0x00, 0xD2, 0x00, 0x00, 0x00, 0x0B, 0x00, 0x00, 0x00, 0x07,
    0x00, 0x00, 0x00, 0x07, 0x00, 0x00, 0x00, 0x0B, 0x00, 0x00, 0x00, 0x00, 0x00, 0x00, 0x00, 0x00,
    0x00, 0x00, 0x00, 0xD3, 0x00, 0x00, 0x00, 0x0B, 0x00, 0x00, 0x00, 0x07, 0x00, 0x00, 0x00, 0x07,
    0x00, 0x00, 0x00, 0x0B, 0x00, 0x00, 0x00, 0x00, 0x00, 0x00, 0x00, 0x00, 0x00, 0x00, 0x00, 0xD4,
    0x00, 0x00, 0x00, 0x0B, 0x00, 0x00, 0x00, 0x07, 0x00, 0x00, 0x00, 0x07, 0x00, 0x00, 0x00, 0x0B,
    0x00, 0x00, 0x00, 0x00, 0x00, 0x00, 0x00, 0x00, 0x00, 0x00, 0x00, 0xD5, 0x00, 0x00, 0x00, 0x0B,
    0x00, 0x00, 0x00, 0x07, 0x00, 0x00, 0x00, 0x07, 0x00, 0x00, 0x00, 0x0B, 0x00, 0x00, 0x00, 0x00,
    0x00, 0x00, 0x00, 0x00, 0x00, 0x00, 0x00, 0xD6, 0x00, 0x00, 0x00, 0x0B, 0x00, 0x00, 0x00, 0x07,
    0x00, 0x00, 0x00, 0x07, 0x00, 0x00, 0x00, 0x0B, 0x00, 0x00, 0x00, 0x00, 0x00, 0x00, 0x00, 0x00,
    0x00, 0x00, 0x00, 0xD7, 0x00, 0x00, 0x00, 0x06, 0x00, 0x00, 0x00, 0x06, 0x00, 0x00, 0x00, 0x07,
    0x00, 0x00, 0x00, 0x06, 0x00, 0x00, 0x00, 0x00, 0x00, 0x00, 0x00, 0x00, 0x00, 0x00, 0x00, 0xD8,
    0x00, 0x00, 0x00, 0x0A, 0x00, 0x00, 0x00, 0x07, 0x00, 0x00, 0x00, 0x07, 0x00, 0x00, 0x00, 0x09,
    0x00, 0x00, 0x00, 0x00, 0x00, 0x00, 0x00, 0x00, 0x00, 0x00, 0x00, 0xD9, 0x00, 0x00, 0x00, 0x0B,
    0x00, 0x00, 0x00, 0x07, 0x00, 0x00, 0x00, 0x07, 0x00, 0x00, 0x00, 0x0B, 0x00, 0x00, 0x00, 0x00,
    0x00, 0x00, 0x00, 0x00, 0x00, 0x00, 0x00, 0xDA, 0x00, 0x00, 0x00, 0x0B, 0x00, 0x00, 0x00, 0x07,
    0x00, 0x00, 0x00, 0x07, 0x00, 0x00, 0x00, 0x0B, 0x00, 0x00, 0x00, 0x00, 0x00, 0x00, 0x00, 0x00,
    0x00, 0x00, 0x00, 0xDB, 0x00, 0x00, 0x00, 0x0B, 0x00, 0x00, 0x00, 0x07, 0x00, 0x00, 0x00, 0x07,
    0x00, 0x00, 0x00, 0x0B, 0x00, 0x00, 0x00, 0x00, 0x00, 0x00, 0x00, 0x00, 0x00, 0x00, 0x00, 0xDC,
    0x00, 0x00, 0x00, 0x0B, 0x00, 0x00, 0x00, 0x07, 0x00, 0x00, 0x00, 0x07, 0x00, 0x00, 0x00, 0x0B,
    0x00, 0x00, 0x00, 0x00, 0x00, 0x00, 0x00, 0x00, 0x00, 0x00, 0x00, 0xDD, 0x00, 0x00, 0x00, 0x0B,
    0x00, 0x00, 0x00, 0x07, 0x00, 0x00, 0x00, 0x07, 0x00, 0x00, 0x00, 0x0B, 0x00, 0x00, 0x00, 0x00,
    0x00, 0x00, 0x00, 0x00, 0x00, 0x00, 0x00, 0xDE, 0x00, 0x00, 0x00, 0x08, 0x00, 0x00, 0x00, 0x07,
    0x00, 0x00, 0x00, 0x07, 0x00, 0x00, 0x00, 0x08, 0x00, 0x00, 0x00, 0x00, 0x00, 0x00, 0x00, 0x00,
    0x00, 0x00, 0x00, 0xDF, 0x00, 0x00, 0x00, 0x08, 0x00, 0x00, 0x00, 0x07, 0x00, 0x00, 0x00, 0x07,
    0x00, 0x00, 0x00, 0x08, 0x00, 0x00, 0x00, 0x00, 0x00, 0x00, 0x00, 0x00, 0x00, 0x00, 0x00, 0xE0,
    0x00, 0x00, 0x00, 0x09, 0x00, 0x00, 0x00, 0x07, 0x00, 0x00, 0x00, 0x07, 0x00, 0x00, 0x00, 0x09,
    0x00, 0x00, 0x00, 0x00, 0x00, 0x00, 0x00, 0x00, 0x00, 0x00, 0x00, 0xE1, 0x00, 0x00, 0x00, 0x09,
    0x00, 0x00, 0x00, 0x07, 0x00, 0x00, 0x00, 0x07, 0x00, 0x00, 0x00, 0x09, 0x00, 0x00, 0x00, 0x00,
    0x00, 0x00, 0x00, 0x00, 0x00, 0x00, 0x00, 0xE2, 0x00, 0x00, 0x00, 0x09, 0x00, 0x00, 0x00, 0x07,
    0x00, 0x00, 0x00, 0x07, 0x00, 0x00, 0x00, 0x09, 0x00, 0x00, 0x00, 0x00, 0x00, 0x00, 0x00, 0x00,
    0x00, 0x00, 0x00, 0xE3, 0x00, 0x00, 0x00, 0x09, 0x00, 0x00, 0x00, 0x07, 0x00, 0x00, 0x00, 0x07,
    0x00, 0x00, 0x00, 0x09, 0x00, 0x00, 0x00, 0x00, 0x00, 0x00, 0x00, 0x00, 0x00, 0x00, 0x00, 0xE4,
    0x00, 0x00, 0x00, 0x09, 0x00, 0x00, 0x00, 0x07, 0x00, 0x00, 0x00, 0x07, 0x00, 0x00, 0x00, 0x09,
    0x00, 0x00, 0x00, 0x00, 0x00, 0x00, 0x00, 0x00, 0x00, 0x00, 0x00, 0xE5, 0x00, 0x00, 0x00, 0x0A,
    0x00, 0x00, 0x00, 0x07, 0x00, 0x00, 0x00, 0x07, 0x00, 0x00, 0x00, 0x0A, 0x00, 0x00, 0x00, 0x00,
    0x00, 0x00, 0x00, 0x00, 0x00, 0x00, 0x00, 0xE6, 0x00, 0x00, 0x00, 0x06, 0x00, 0x00, 0x00, 0x07,
    0x00, 0x00, 0x00, 0x07, 0x00, 0x00, 0x00, 0x06, 0x00, 0x00, 0x00, 0x00, 0x00, 0x00, 0x00, 0x00,
    0x00, 0x00, 0x00, 0xE7, 0x00, 0x00, 0x00, 0x08, 0x00, 0x00, 0x00, 0x06, 0x00, 0x00, 0x00, 0x07,
    0x00, 0x00, 0x00, 0x06, 0x00, 0x00, 0x00, 0x00, 0x00, 0x00, 0x00, 0x00, 0x00, 0x00, 0x00, 0xE8,
    0x00, 0x00, 0x00, 0x09, 0x00, 0x00, 0x00, 0x07, 0x00, 0x00, 0x00, 0x07, 0x00, 0x00, 0x00, 0x09,
    0x00, 0x00, 0x00, 0x00, 0x00, 0x00, 0x00, 0x00, 0x00, 0x00, 0x00, 0xE9, 0x00, 0x00, 0x00, 0x09,
    0x00, 0x00, 0x00, 0x07, 0x00, 0x00, 0x00, 0x07, 0x00, 0x00, 0x00, 0x09, 0x00, 0x00, 0x00, 0x00,
    0x00, 0x00, 0x00, 0x00, 0x00, 0x00, 0x00, 0xEA, 0x00, 0x00, 0x00, 0x09, 0x00, 0x00, 0x00, 0x07,
    0x00, 0x00, 0x00, 0x07, 0x00, 0x00, 0x00, 0x09, 0x00, 0x00, 0x00, 0x00, 0x00, 0x00, 0x00, 0x00,
    0x00, 0x00, 0x00, 0xEB, 0x00, 0x00, 0x00, 0x09, 0x00, 0x00, 0x00, 0x07, 0x00, 0x00, 0x00, 0x07,
    0x00, 0x00, 0x00, 0x09, 0x00, 0x00, 0x00, 0x00, 0x00, 0x00, 0x00, 0x00, 0x00, 0x00, 0x00, 0xEC,
    0x00, 0x00, 0x00, 0x09, 0x00, 0x00, 0x00, 0x07, 0x00, 0x00, 0x00, 0x07, 0x00, 0x00, 0x00, 0x09,
    0x00, 0x00, 0x00, 0x00, 0x00, 0x00, 0x00, 0x00, 0x00, 0x00, 0x00, 0xED, 0x00, 0x00, 0x00, 0x09,
    0x00, 0x00, 0x00, 0x06, 0x00, 0x00, 0x00, 0x07, 0x00, 0x00, 0x00, 0x09, 0x00, 0x00, 0x00, 0x00,
    0x00, 0x00, 0x00, 0x00, 0x00, 0x00, 0x00, 0xEE, 0x00, 0x00, 0x00, 0x09, 0x00, 0x00, 0x00, 0x07,
    0x00, 0x00, 0x00, 0x07, 0x00, 0x00, 0x00, 0x09, 0x00, 0x00, 0x00, 0x00, 0x00, 0x00, 0x00, 0x00,
    0x00, 0x00, 0x00, 0xEF, 0x00, 0x00, 0x00, 0x09, 0x00, 0x00, 0x00, 0x07, 0x00, 0x00, 0x00, 0x07,
    0x00, 0x00, 0x00, 0x09, 0x00, 0x00, 0x00, 0x00, 0x00, 0x00, 0x00, 0x00, 0x00, 0x00, 0x00, 0xF0,
    0x00, 0x00, 0x00, 0x09, 0x00, 0x00, 0x00, 0x07, 0x00, 0x00, 0x00, 0x07, 0x00, 0x00, 0x00, 0x09,
    0x00, 0x00, 0x00, 0x00, 0x00, 0x00, 0x00, 0x00, 0x00, 0x00, 0x00, 0xF1, 0x00, 0x00, 0x00, 0x09,
    0x00, 0x00, 0x00, 0x06, 0x00, 0x00, 0x00, 0x07, 0x00, 0x00, 0x00, 0x09, 0x00, 0x00, 0x00, 0x00,
    0x00, 0x00, 0x00, 0x00, 0x00, 0x00, 0x00, 0xF2, 0x00, 0x00, 0x00, 0x09, 0x00, 0x00, 0x00, 0x07,
    0x00, 0x00, 0x00, 0x07, 0x00, 0x00, 0x00, 0x09, 0x00, 0x00, 0x00, 0x00, 0x00, 0x00, 0x00, 0x00,
    0x00, 0x00, 0x00, 0xF3, 0x00, 0x00, 0x00, 0x09, 0x00, 0x00, 0x00, 0x07, 0x00, 0x00, 0x00, 0x07,
    0x00, 0x00, 0x00, 0x09, 0x00, 0x00, 0x00, 0x00, 0x00, 0x00, 0x00, 0x00, 0x00, 0x00, 0x00, 0xF4,
    0x00, 0x00, 0x00, 0x09, 0x00, 0x00, 0x00, 0x07, 0x00, 0x00, 0x00, 0x07, 0x00, 0x00, 0x00, 0x09,
    0x00, 0x00, 0x00, 0x00, 0x00, 0x00, 0x00, 0x00, 0x00, 0x00, 0x00, 0xF5, 0x00, 0x00, 0x00, 0x09,
    0x00, 0x00, 0x00, 0x07, 0x00, 0x00, 0x00, 0x07, 0x00, 0x00, 0x00, 0x09, 0x00, 0x00, 0x00, 0x00,
    0x00, 0x00, 0x00, 0x00, 0x00, 0x00, 0x00, 0xF6, 0x00, 0x00, 0x00, 0x09, 0x00, 0x00, 0x00, 0x07,
    0x00, 0x00, 0x00, 0x07, 0x00, 0x00, 0x00, 0x09, 0x00, 0x00, 0x00, 0x00, 0x00, 0x00, 0x00, 0x00,
    0x00, 0x00, 0x00, 0xF7, 0x00, 0x00, 0x00, 0x06, 0x00, 0x00, 0x00, 0x07, 0x00, 0x00, 0x00, 0x07,
    0x00, 0x00, 0x00, 0x06, 0x00, 0x00, 0x00, 0x00, 0x00, 0x00, 0x00, 0x00, 0x00, 0x00, 0x00, 0xF8,
    0x00, 0x00, 0x00, 0x08, 0x00, 0x00, 0x00, 0x07, 0x00, 0x00, 0x00, 0x07, 0x00, 0x00, 0x00, 0x07,
    0x00, 0x00, 0x00, 0x00, 0x00, 0x00, 0x00, 0x00, 0x00, 0x00, 0x00, 0xF9, 0x00, 0x00, 0x00, 0x09,
    0x00, 0x00, 0x00, 0x06, 0x00, 0x00, 0x00, 0x07, 0x00, 0x00, 0x00, 0x09, 0x00, 0x00, 0x00, 0x00,
    0x00, 0x00, 0x00, 0x00, 0x00, 0x00, 0x00, 0xFA, 0x00, 0x00, 0x00, 0x09, 0x00, 0x00, 0x00, 0x06,
    0x00, 0x00, 0x00, 0x07, 0x00, 0x00, 0x00, 0x09, 0x00, 0x00, 0x00, 0x00, 0x00, 0x00, 0x00, 0x00,
    0x00, 0x00, 0x00, 0xFB, 0x00, 0x00, 0x00, 0x09, 0x00, 0x00, 0x00, 0x06, 0x00, 0x00, 0x00, 0x07,
    0x00, 0x00, 0x00, 0x09, 0x00, 0x00, 0x00, 0x00, 0x00, 0x00, 0x00, 0x00, 0x00, 0x00, 0x00, 0xFC,
    0x00, 0x00, 0x00, 0x09, 0x00, 0x00, 0x00, 0x06, 0x00, 0x00, 0x00, 0x07, 0x00, 0x00, 0x00, 0x09,
    0x00, 0x00, 0x00, 0x00, 0x00, 0x00, 0x00, 0x00, 0x00, 0x00, 0x00, 0xFD, 0x00, 0x00, 0x00, 0x0B,
    0x00, 0x00, 0x00, 0x07, 0x00, 0x00, 0x00, 0x07, 0x00, 0x00, 0x00, 0x09, 0x00, 0x00, 0x00, 0x00,
    0x00, 0x00, 0x00, 0x00, 0x00, 0x00, 0x00, 0xFE, 0x00, 0x00, 0x00, 0x0A, 0x00, 0x00, 0x00, 0x07,
    0x00, 0x00, 0x00, 0x07, 0x00, 0x00, 0x00, 0x08, 0x00, 0x00, 0x00, 0x00, 0x00, 0x00, 0x00, 0x00,
    0x00, 0x00, 0x00, 0xFF, 0x00, 0x00, 0x00, 0x0B, 0x00, 0x00, 0x00, 0x07, 0x00, 0x00, 0x00, 0x07,
    0x00, 0x00, 0x00, 0x09, 0x00, 0x00, 0x00, 0x00, 0x00, 0x00, 0x00, 0x00, 0x00, 0x00, 0x20, 0x13,
    0x00, 0x00, 0x00, 0x03, 0x00, 0x00, 0x00, 0x05, 0x00, 0x00, 0x00, 0x07, 0x00, 0x00, 0x00, 0x05,
    0x00, 0x00, 0x00, 0x01, 0x00, 0x00, 0x00, 0x00, 0x00, 0x00, 0x20, 0x14, 0x00, 0x00, 0x00, 0x03,
    0x00, 0x00, 0x00, 0x07, 0x00, 0x00, 0x00, 0x07, 0x00, 0x00, 0x00, 0x05, 0x00, 0x00, 0x00, 0x00,
    0x00, 0x00, 0x00, 0x00, 0x00, 0x00, 0x20, 0x18, 0x00, 0x00, 0x00, 0x04, 0x00, 0x00, 0x00, 0x03,
    0x00, 0x00, 0x00, 0x07, 0x00, 0x00, 0x00, 0x08, 0x00, 0x00, 0x00, 0x02, 0x00, 0x00, 0x00, 0x00,
    0x00, 0x00, 0x20, 0x19, 0x00, 0x00, 0x00, 0x04, 0x00, 0x00, 0x00, 0x03, 0x00, 0x00, 0x00, 0x07,
    0x00, 0x00, 0x00, 0x08, 0x00, 0x00, 0x00, 0x02, 0x00, 0x00, 0x00, 0x00, 0x00, 0x00, 0x20, 0x1C,
    0x00, 0x00, 0x00, 0x04, 0x00, 0x00, 0x00, 0x06, 0x00, 0x00, 0x00, 0x07, 0x00, 0x00, 0x00, 0x08,
    0x00, 0x00, 0x00, 0x00, 0x00, 0x00, 0x00, 0x00, 0x00, 0x00, 0x20, 0x1D, 0x00, 0x00, 0x00, 0x04,
    0x00, 0x00, 0x00, 0x06, 0x00, 0x00, 0x00, 0x07, 0x00, 0x00, 0x00, 0x08, 0x00, 0x00, 0x00, 0x00,
    0x00, 0x00, 0x00, 0x00, 0x00, 0x00, 0x20, 0x26, 0x00, 0x00, 0x00, 0x02, 0x00, 0x00, 0x00, 0x07,
    0x00, 0x00, 0x00, 0x07, 0x00, 0x00, 0x00, 0x02, 0x00, 0x00, 0x00, 0x00, 0x00, 0x00, 0x00, 0x00,
    0x00, 0x00, 0x20, 0xAC, 0x00, 0x00, 0x00, 0x08, 0x00, 0x00, 0x00, 0x06, 0x00, 0x00, 0x00, 0x07,
    0x00, 0x00, 0x00, 0x08, 0x00, 0x00, 0x00, 0x00, 0x00, 0x00, 0x00, 0x00, 0x00, 0x00, 0x21, 0x90,
    0x00, 0x00, 0x00, 0x05, 0x00, 0x00, 0x00, 0x07, 0x00, 0x00, 0x00, 0x07, 0x00, 0x00, 0x00, 0x06,
    0x00, 0x00, 0x00, 0x00, 0x00, 0x00, 0x00, 0x00, 0x00, 0x00, 0x21, 0x91, 0x00, 0x00, 0x00, 0x06,
    0x00, 0x00, 0x00, 0x05, 0x00, 0x00, 0x00, 0x07, 0x00, 0x00, 0x00, 0x06, 0x00, 0x00, 0x00, 0x01,
    0x00, 0x00, 0x00, 0x00, 0x00, 0x00, 0x21, 0x92, 0x00, 0x00, 0x00, 0x05, 0x00, 0x00, 0x00, 0x07,
    0x00, 0x00, 0x00, 0x07, 0x00, 0x00, 0x00, 0x06, 0x00, 0x00, 0x00, 0x00, 0x00, 0x00, 0x00, 0x00,
    0x00, 0x00, 0x21, 0x93, 0x00, 0x00, 0x00, 0x06, 0x00, 0x00, 0x00, 0x05, 0x00, 0x00, 0x00, 0x07,
    0x00, 0x00, 0x00, 0x06, 0x00, 0x00, 0x00, 0x01, 0x00, 0x00, 0x00, 0x00, 0x00, 0x00, 0x21, 0x94,
    0x00, 0x00, 0x00, 0x05, 0x00, 0x00, 0x00, 0x07, 0x00, 0x00, 0x00, 0x07, 0x00, 0x00, 0x00, 0x06,
    0x00, 0x00, 0x00, 0x00, 0x00, 0x00, 0x00, 0x00, 0x00, 0x00, 0x21, 0x95, 0x00, 0x00, 0x00, 0x06,
    0x00, 0x00, 0x00, 0x05, 0x00, 0x00, 0x00, 0x07, 0x00, 0x00, 0x00, 0x06, 0x00, 0x00, 0x00, 0x01,
    0x00, 0x00, 0x00, 0x00, 0x00, 0x00, 0x21, 0xE9, 0x00, 0x00, 0x00, 0x07, 0x00, 0x00, 0x00, 0x05,
    0x00, 0x00, 0x00, 0x07, 0x00, 0x00, 0x00, 0x07, 0x00, 0x00, 0x00, 0x01, 0x00, 0x00, 0x00, 0x00,
    0x00, 0x00, 0x22, 0x60, 0x00, 0x00, 0x00, 0x07, 0x00, 0x00, 0x00, 0x07, 0x00, 0x00, 0x00, 0x07,
    0x00, 0x00, 0x00, 0x07, 0x00, 0x00, 0x00, 0x00, 0x00, 0x00, 0x00, 0x00, 0x00, 0x00, 0x22, 0x61,
    0x00, 0x00, 0x00, 0x07, 0x00, 0x00, 0x00, 0x07, 0x00, 0x00, 0x00, 0x07, 0x00, 0x00, 0x00, 0x07,
    0x00, 0x00, 0x00, 0x00, 0x00, 0x00, 0x00, 0x00, 0x00, 0x00, 0x22, 0x64, 0x00, 0x00, 0x00, 0x07,
    0x00, 0x00, 0x00, 0x07, 0x00, 0x00, 0x00, 0x07, 0x00, 0x00, 0x00, 0x07, 0x00, 0x00, 0x00, 0x00,
    0x00, 0x00, 0x00, 0x00, 0x00, 0x00, 0x22, 0x65, 0x00, 0x00, 0x00, 0x07, 0x00, 0x00, 0x00, 0x07,
    0x00, 0x00, 0x00, 0x07, 0x00, 0x00, 0x00, 0x07, 0x00, 0x00, 0x00, 0x00, 0x00, 0x00, 0x00, 0x00,
    0x00, 0x00, 0x23, 0x15, 0x00, 0x00, 0x00, 0x05, 0x00, 0x00, 0x00, 0x05, 0x00, 0x00, 0x00, 0x07,
    0x00, 0x00, 0x00, 0x06, 0x00, 0x00, 0x00, 0x01, 0x00, 0x00, 0x00, 0x00, 0x00, 0x00, 0x23, 0xCE,
    0x00, 0x00, 0x00, 0x05, 0x00, 0x00, 0x00, 0x06, 0x00, 0x00, 0x00, 0x07, 0x00, 0x00, 0x00, 0x06,
    0x00, 0x00, 0x00, 0x00, 0x00, 0x00, 0x00, 0x00, 0x00, 0x00, 0x25, 0x00, 0x00, 0x00, 0x00, 0x02,
    0x00, 0x00, 0x00, 0x07, 0x00, 0x00, 0x00, 0x07, 0x00, 0x00, 0x00, 0x05, 0x00, 0x00, 0x00, 0x00,
    0x00, 0x00, 0x00, 0x00, 0x00, 0x00, 0x25, 0x01, 0x00, 0x00, 0x00, 0x03, 0x00, 0x00, 0x00, 0x07,
    0x00, 0x00, 0x00, 0x07, 0x00, 0x00, 0x00, 0x05, 0x00, 0x00, 0x00, 0x00, 0x00, 0x00, 0x00, 0x00,
    0x00, 0x00, 0x25, 0x02, 0x00, 0x00, 0x00, 0x0E, 0x00, 0x00, 0x00, 0x01, 0x00, 0x00, 0x00, 0x07,
    0x00, 0x00, 0x00, 0x0B, 0x00, 0x00, 0x00, 0x03, 0x00, 0x00, 0x00, 0x00, 0x00, 0x00, 0x25, 0x03,
    0x00, 0x00, 0x00, 0x0E, 0x00, 0x00, 0x00, 0x03, 0x00, 0x00, 0x00, 0x07, 0x00, 0x00, 0x00, 0x0B,
    0x00, 0x00, 0x00, 0x02, 0x00, 0x00, 0x00, 0x00, 0x00, 0x00, 0x25, 0x04, 0x00, 0x00, 0x00, 0x02,
    0x00, 0x00, 0x00, 0x07, 0x00, 0x00, 0x00, 0x07, 0x00, 0x00, 0x00, 0x05, 0x00, 0x00, 0x00, 0x00,
    0x00, 0x00, 0x00, 0x00, 0x00, 0x00, 0x25, 0x05, 0x00, 0x00, 0x00, 0x03, 0x00, 0x00, 0x00, 0x07,
    0x00, 0x00, 0x00, 0x07, 0x00, 0x00, 0x00, 0x05, 0x00, 0x00, 0x00, 0x00, 0x00, 0x00, 0x00, 0x00,
    0x00, 0x00, 0x25, 0x06, 0x00, 0x00, 0x00, 0x0D, 0x00, 0x00, 0x00, 0x01, 0x00, 0x00, 0x00, 0x07,
    0x00, 0x00, 0x00, 0x0A, 0x00, 0x00, 0x00, 0x03, 0x00, 0x00, 0x00, 0x00, 0x00, 0x00, 0x25, 0x07,
    0x00, 0x00, 0x00, 0x0D, 0x00, 0x00, 0x00, 0x03, 0x00, 0x00, 0x00, 0x07, 0x00, 0x00, 0x00, 0x0A,
    0x00, 0x00, 0x00, 0x02, 0x00, 0x00, 0x00, 0x00, 0x00, 0x00, 0x25, 0x08, 0x00, 0x00, 0x00, 0x02,
    0x00, 0x00, 0x00, 0x07, 0x00, 0x00, 0x00, 0x07, 0x00, 0x00, 0x00, 0x05, 0x00, 0x00, 0x00, 0x00,
    0x00, 0x00, 0x00, 0x00, 0x00, 0x00, 0x25, 0x09, 0x00, 0x00, 0x00, 0x03, 0x00, 0x00, 0x00, 0x07,
    0x00, 0x00, 0x00, 0x07, 0x00, 0x00, 0x00, 0x05, 0x00, 0x00, 0x00, 0x00, 0x00, 0x00, 0x00, 0x00,
    0x00, 0x00, 0x25, 0x0A, 0x00, 0x00, 0x00, 0x0D, 0x00, 0x00, 0x00, 0x01, 0x00, 0x00, 0x00, 0x07,
    0x00, 0x00, 0x00, 0x0A, 0x00, 0x00, 0x00, 0x03, 0x00, 0x00, 0x00, 0x00, 0x00, 0x00, 0x25, 0x0B,
    0x00, 0x00, 0x00, 0x0D, 0x00, 0x00, 0x00, 0x03, 0x00, 0x00, 0x00, 0x07, 0x00, 0x00, 0x00, 0x0A,
    0x00, 0x00, 0x00, 0x02, 0x00, 0x00, 0x00, 0x00, 0x00, 0x00, 0x25, 0x0C, 0x00, 0x00, 0x00, 0x09,
    0x00, 0x00, 0x00, 0x04, 0x00, 0x00, 0x00, 0x07, 0x00, 0x00, 0x00, 0x05, 0x00, 0x00, 0x00, 0x03,
    0x00, 0x00, 0x00, 0x00, 0x00, 0x00, 0x25, 0x0D, 0x00, 0x00, 0x00, 0x08, 0x00, 0x00, 0x00, 0x04,
    0x00, 0x00, 0x00, 0x07, 0x00, 0x00, 0x00, 0x05, 0x00, 0x00, 0x00, 0x03, 0x00, 0x00, 0x00, 0x00,
    0x00, 0x00, 0x25, 0x0E, 0x00, 0x00, 0x00, 0x09, 0x00, 0x00, 0x00, 0x05, 0x00, 0x00, 0x00, 0x07,
    0x00, 0x00, 0x00, 0x05, 0x00, 0x00, 0x00, 0x02, 0x00, 0x00, 0x00, 0x00, 0x00, 0x00, 0x25, 0x0F,
    0x00, 0x00, 0x00, 0x08, 0x00, 0x00, 0x00, 0x05, 0x00, 0x00, 0x00, 0x07, 0x00, 0x00, 0x00, 0x05,
    0x00, 0x00, 0x00, 0x02, 0x00, 0x00, 0x00, 0x00, 0x00, 0x00, 0x25, 0x10, 0x00, 0x00, 0x00, 0x09,
    0x00, 0x00, 0x00, 0x04, 0x00, 0x00, 0x00, 0x07, 0x00, 0x00, 0x00, 0x05, 0x00, 0x00, 0x00, 0x00,
    0x00, 0x00, 0x00, 0x00, 0x00, 0x00, 0x25, 0x11, 0x00, 0x00, 0x00, 0x08, 0x00, 0x00, 0x00, 0x04,
    0x00, 0x00, 0x00, 0x07, 0x00, 0x00, 0x00, 0x05, 0x00, 0x00, 0x00, 0x00, 0x00, 0x00, 0x00, 0x00,
    0x00, 0x00, 0x25, 0x12, 0x00, 0x00, 0x00, 0x09, 0x00, 0x00, 0x00, 0x07, 0x00, 0x00, 0x00, 0x07,
    0x00, 0x00, 0x00, 0x05, 0x00, 0x00, 0x00, 0x00, 0x00, 0x00, 0x00, 0x00, 0x00, 0x00, 0x25, 0x13,
    0x00, 0x00, 0x00, 0x08, 0x00, 0x00, 0x00, 0x07, 0x00, 0x00, 0x00, 0x07, 0x00, 0x00, 0x00, 0x05,
    0x00, 0x00, 0x00, 0x00, 0x00, 0x00, 0x00, 0x00, 0x00, 0x00, 0x25, 0x14, 0x00, 0x00, 0x00, 0x08,
    0x00, 0x00, 0x00, 0x04, 0x00, 0x00, 0x00, 0x07, 0x00, 0x00, 0x00, 0x0B, 0x00, 0x00, 0x00, 0x03,
    0x00, 0x00, 0x00, 0x00, 0x00, 0x00, 0x25, 0x15, 0x00, 0x00, 0x00, 0x09, 0x00, 0x00, 0x00, 0x04,
    0x00, 0x00, 0x00, 0x07, 0x00, 0x00, 0x00, 0x0B, 0x00, 0x00, 0x00, 0x03, 0x00, 0x00, 0x00, 0x00,
    0x00, 0x00, 0x25, 0x16, 0x00, 0x00, 0x00, 0x08, 0x00, 0x00, 0x00, 0x05, 0x00, 0x00, 0x00, 0x07,
    0x00, 0x00, 0x00, 0x0B, 0x00, 0x00, 0x00, 0x02, 0x00, 0x00, 0x00, 0x00, 0x00, 0x00, 0x25, 0x17,
    0x00, 0x00, 0x00, 0x09, 0x00, 0x00, 0x00, 0x05, 0x00, 0x00, 0x00, 0x07, 0x00, 0x00, 0x00, 0x0B,
    0x00, 0x00, 0x00, 0x02, 0x00, 0x00, 0x00, 0x00, 0x00, 0x00, 0x25, 0x18, 0x00, 0x00, 0x00, 0x08,
    0x00, 0x00, 0x00, 0x04, 0x00, 0x00, 0x00, 0x07, 0x00, 0x00, 0x00, 0x0B, 0x00, 0x00, 0x00, 0x00,
    0x00, 0x00, 0x00, 0x00, 0x00, 0x00, 0x25, 0x19, 0x00, 0x00, 0x00, 0x09, 0x00, 0x00, 0x00, 0x04,
    0x00, 0x00, 0x00, 0x07, 0x00, 0x00, 0x00, 0x0B, 0x00, 0x00, 0x00, 0x00, 0x00, 0x00, 0x00, 0x00,
    0x00, 0x00, 0x25, 0x1A, 0x00, 0x00, 0x00, 0x08, 0x00, 0x00, 0x00, 0x07, 0x00, 0x00, 0x00, 0x07,
    0x00, 0x00, 0x00, 0x0B, 0x00, 0x00, 0x00, 0x00, 0x00, 0x00, 0x00, 0x00, 0x00, 0x00, 0x25, 0x1B,
    0x00, 0x00, 0x00, 0x09, 0x00, 0x00, 0x00, 0x07, 0x00, 0x00, 0x00, 0x07, 0x00, 0x00, 0x00, 0x0B,
    0x00, 0x00, 0x00, 0x00, 0x00, 0x00, 0x00, 0x00, 0x00, 0x00, 0x25, 0x1C, 0x00, 0x00, 0x00, 0x0E,
    0x00, 0x00, 0x00, 0x04, 0x00, 0x00, 0x00, 0x07, 0x00, 0x00, 0x00, 0x0B, 0x00, 0x00, 0x00, 0x03,
    0x00, 0x00, 0x00, 0x00, 0x00, 0x00, 0x25, 0x1D, 0x00, 0x00, 0x00, 0x0E, 0x00, 0x00, 0x00, 0x04,
    0x00, 0x00, 0x00, 0x07, 0x00, 0x00, 0x00, 0x0B, 0x00, 0x00, 0x00, 0x03, 0x00, 0x00, 0x00, 0x00,
    0x00, 0x00, 0x25, 0x1E, 0x00, 0x00, 0x00, 0x0F, 0x00, 0x00, 0x00, 0x05, 0x00, 0x00, 0x00, 0x07,
    0x00, 0x00, 0x00, 0x0B, 0x00, 0x00, 0x00, 0x02, 0x00, 0x00, 0x00, 0x00, 0x00, 0x00, 0x25, 0x1F,
    0x00, 0x00, 0x00, 0x0E, 0x00, 0x00, 0x00, 0x05, 0x00, 0x00, 0x00, 0x07, 0x00, 0x00, 0x00, 0x0B,
    0x00, 0x00, 0x00, 0x02, 0x00, 0x00, 0x00, 0x00, 0x00, 0x00, 0x25, 0x20, 0x00, 0x00, 0x00, 0x0E,
    0x00, 0x00, 0x00, 0x05, 0x00, 0x00, 0x00, 0x07, 0x00, 0x00, 0x00, 0x0B, 0x00, 0x00, 0x00, 0x02,
    0x00, 0x00, 0x00, 0x00, 0x00, 0x00, 0x25, 0x21, 0x00, 0x00, 0x00, 0x0E, 0x00, 0x00, 0x00, 0x05,
    0x00, 0x00, 0x00, 0x07, 0x00, 0x00, 0x00, 0x0B, 0x00, 0x00, 0x00, 0x02, 0x00, 0x00, 0x00, 0x00,
    0x00, 0x00, 0x25, 0x22, 0x00, 0x00, 0x00, 0x0E, 0x00, 0x00, 0x00, 0x05, 0x00, 0x00, 0x00, 0x07,
    0x00, 0x00, 0x00, 0x0B, 0x00, 0x00, 0x00, 0x02, 0x00, 0x00, 0x00, 0x00, 0x00, 0x00, 0x25, 0x23,
    0x00, 0x00, 0x00, 0x0E, 0x00, 0x00, 0x00, 0x05, 0x00, 0x00, 0x00, 0x07, 0x00, 0x00, 0x00, 0x0B,
    0x00, 0x00, 0x00, 0x02, 0x00, 0x00, 0x00, 0x00, 0x00, 0x00, 0x25, 0x24, 0x00, 0x00, 0x00, 0x0E,
    0x00, 0x00, 0x00, 0x04, 0x00, 0x00, 0x00, 0x07, 0x00, 0x00, 0x00, 0x0B, 0x00, 0x00, 0x00, 0x00,
    0x00, 0x00, 0x00, 0x00, 0x00, 0x00, 0x25, 0x25, 0x00, 0x00, 0x00, 0x0E, 0x00, 0x00, 0x00, 0x04,
    0x00, 0x00, 0x00, 0x07, 0x00, 0x00, 0x00, 0x0B, 0x00, 0x00, 0x00, 0x00, 0x00, 0x00, 0x00, 0x00,
    0x00, 0x00, 0x25, 0x26, 0x00, 0x00, 0x00, 0x0F, 0x00, 0x00, 0x00, 0x07, 0x00, 0x00, 0x00, 0x07,
    0x00, 0x00, 0x00, 0x0B, 0x00, 0x00, 0x00, 0x00, 0x00, 0x00, 0x00, 0x00, 0x00, 0x00, 0x25, 0x27,
    0x00, 0x00, 0x00, 0x0F, 0x00, 0x00, 0x00, 0x07, 0x00, 0x00, 0x00, 0x07, 0x00, 0x00, 0x00, 0x0B,
    0x00, 0x00, 0x00, 0x00, 0x00, 0x00, 0x00, 0x00, 0x00, 0x00, 0x25, 0x28, 0x00, 0x00, 0x00, 0x0E,
    0x00, 0x00, 0x00, 0x07, 0x00, 0x00, 0x00, 0x07, 0x00, 0x00, 0x00, 0x0B, 0x00, 0x00, 0x00, 0x00,
    0x00, 0x00, 0x00, 0x00, 0x00, 0x00, 0x25, 0x29, 0x00, 0x00, 0x00, 0x0E, 0x00, 0x00, 0x00, 0x07,
    0x00, 0x00, 0x00, 0x07, 0x00, 0x00, 0x00, 0x0B, 0x00, 0x00, 0x00, 0x00, 0x00, 0x00, 0x00, 0x00,
    0x00, 0x00, 0x25, 0x2A, 0x00, 0x00, 0x00, 0x0E, 0x00, 0x00, 0x00, 0x07, 0x00, 0x00, 0x00, 0x07,
    0x00, 0x00, 0x00, 0x0B, 0x00, 0x00, 0x00, 0x00, 0x00, 0x00, 0x00, 0x00, 0x00, 0x00, 0x25, 0x2B,
    0x00, 0x00, 0x00, 0x0E, 0x00, 0x00, 0x00, 0x07, 0x00, 0x00, 0x00, 0x07, 0x00, 0x00, 0x00, 0x0B,
    0x00, 0x00, 0x00, 0x00, 0x00, 0x00, 0x00, 0x00, 0x00, 0x00, 0x25, 0x2C, 0x00, 0x00, 0x00, 0x09,
    0x00, 0x00, 0x00, 0x07, 0x00, 0x00, 0x00, 0x07, 0x00, 0x00, 0x00, 0x05, 0x00, 0x00, 0x00, 0x00,
    0x00, 0x00, 0x00, 0x00, 0x00, 0x00, 0x25, 0x2D, 0x00, 0x00, 0x00, 0x08, 0x00, 0x00, 0x00, 0x07,
    0x00, 0x00, 0x00, 0x07, 0x00, 0x00, 0x00, 0x05, 0x00, 0x00, 0x00, 0x00, 0x00, 0x00, 0x00, 0x00,
    0x00, 0x00, 0x25, 0x2E, 0x00, 0x00, 0x00, 0x08, 0x00, 0x00, 0x00, 0x07, 0x00, 0x00, 0x00, 0x07,
    0x00, 0x00, 0x00, 0x05, 0x00, 0x00, 0x00, 0x00, 0x00, 0x00, 0x00, 0x00, 0x00, 0x00, 0x25, 0x2F,
    0x00, 0x00, 0x00, 0x08, 0x00, 0x00, 0x00, 0x07, 0x00, 0x00, 0x00, 0x07, 0x00, 0x00, 0x00, 0x05,
    0x00, 0x00, 0x00, 0x00, 0x00, 0x00, 0x00, 0x00, 0x00, 0x00, 0x25, 0x30, 0x00, 0x00, 0x00, 0x09,
    0x00, 0x00, 0x00, 0x07, 0x00, 0x00, 0x00, 0x07, 0x00, 0x00, 0x00, 0x05, 0x00, 0x00, 0x00, 0x00,
    0x00, 0x00, 0x00, 0x00, 0x00, 0x00, 0x25, 0x31, 0x00, 0x00, 0x00, 0x08, 0x00, 0x00, 0x00, 0x07,
    0x00, 0x00, 0x00, 0x07, 0x00, 0x00, 0x00, 0x05, 0x00, 0x00, 0x00, 0x00, 0x00, 0x00, 0x00, 0x00,
    0x00, 0x00, 0x25, 0x32, 0x00, 0x00, 0x00, 0x08, 0x00, 0x00, 0x00, 0x07, 0x00, 0x00, 0x00, 0x07,
    0x00, 0x00, 0x00, 0x05, 0x00, 0x00, 0x00, 0x00, 0x00, 0x00, 0x00, 0x00, 0x00, 0x00, 0x25, 0x33,
    0x00, 0x00, 0x00, 0x08, 0x00, 0x00, 0x00, 0x07, 0x00, 0x00, 0x00, 0x07, 0x00, 0x00, 0x00, 0x05,
    0x00, 0x00, 0x00, 0x00, 0x00, 0x00, 0x00, 0x00, 0x00, 0x00, 0x25, 0x34, 0x00, 0x00, 0x00, 0x08,
    0x00, 0x00, 0x00, 0x07, 0x00, 0x00, 0x00, 0x07, 0x00, 0x00, 0x00, 0x0B, 0x00, 0x00, 0x00, 0x00,
    0x00, 0x00, 0x00, 0x00, 0x00, 0x00, 0x25, 0x35, 0x00, 0x00, 0x00, 0x09, 0x00, 0x00, 0x00, 0x07,
    0x00, 0x00, 0x00, 0x07, 0x00, 0x00, 0x00, 0x0B, 0x00, 0x00, 0x00, 0x00, 0x00, 0x00, 0x00, 0x00,
    0x00, 0x00, 0x25, 0x36, 0x00, 0x00, 0x00, 0x09, 0x00, 0x00, 0x00, 0x07, 0x00, 0x00, 0x00, 0x07,
    0x00, 0x00, 0x00, 0x0B, 0x00, 0x00, 0x00, 0x00, 0x00, 0x00, 0x00, 0x00, 0x00, 0x00, 0x25, 0x37,
    0x00, 0x00, 0x00, 0x09, 0x00, 0x00, 0x00, 0x07, 0x00, 0x00, 0x00, 0x07, 0x00, 0x00, 0x00, 0x0B,
    0x00, 0x00, 0x00, 0x00, 0x00, 0x00, 0x00, 0x00, 0x00, 0x00, 0x25, 0x38, 0x00, 0x00, 0x00, 0x08,
    0x00, 0x00, 0x00, 0x07, 0x00, 0x00, 0x00, 0x07, 0x00, 0x00, 0x00, 0x0B, 0x00, 0x00, 0x00, 0x00,
    0x00, 0x00, 0x00, 0x00, 0x00, 0x00, 0x25, 0x39, 0x00, 0x00, 0x00, 0x09, 0x00, 0x00, 0x00, 0x07,
    0x00, 0x00, 0x00, 0x07, 0x00, 0x00, 0x00, 0x0B, 0x00, 0x00, 0x00, 0x00, 0x00, 0x00, 0x00, 0x00,
    0x00, 0x00, 0x25, 0x3A, 0x00, 0x00, 0x00, 0x09, 0x00, 0x00, 0x00, 0x07, 0x00, 0x00, 0x00, 0x07,
    0x00, 0x00, 0x00, 0x0B, 0x00, 0x00, 0x00, 0x00, 0x00, 0x00, 0x00, 0x00, 0x00, 0x00, 0x25, 0x3B,
    0x00, 0x00, 0x00, 0x09, 0x00, 0x00, 0x00, 0x07, 0x00, 0x00, 0x00, 0x07, 0x00, 0x00, 0x00, 0x0B,
    0x00, 0x00, 0x00, 0x00, 0x00, 0x00, 0x00, 0x00, 0x00, 0x00, 0x25, 0x3C, 0x00, 0x00, 0x00, 0x0E,
    0x00, 0x00, 0x00, 0x07, 0x00, 0x00, 0x00, 0x07, 0x00, 0x00, 0x00, 0x0B, 0x00, 0x00, 0x00, 0x00,
    0x00, 0x00, 0x00, 0x00, 0x00, 0x00, 0x25, 0x3D, 0x00, 0x00, 0x00, 0x0E, 0x00, 0x00, 0x00, 0x07,
    0x00, 0x00, 0x00, 0x07, 0x00, 0x00, 0x00, 0x0B, 0x00, 0x00, 0x00, 0x00, 0x00, 0x00, 0x00, 0x00,
    0x00, 0x00, 0x25, 0x3E, 0x00, 0x00, 0x00, 0x0E, 0x00, 0x00, 0x00, 0x07, 0x00, 0x00, 0x00, 0x07,
    0x00, 0x00, 0x00, 0x0B, 0x00, 0x00, 0x00, 0x00, 0x00, 0x00, 0x00, 0x00, 0x00, 0x00, 0x25, 0x3F,
    0x00, 0x00, 0x00, 0x0E, 0x00, 0x00, 0x00, 0x07, 0x00, 0x00, 0x00, 0x07, 0x00, 0x00, 0x00, 0x0B,
    0x00, 0x00, 0x00, 0x00, 0x00, 0x00, 0x00, 0x00, 0x00, 0x00, 0x25, 0x40, 0x00, 0x00, 0x00, 0x0F,
    0x00, 0x00, 0x00, 0x07, 0x00, 0x00, 0x00, 0x07, 0x00, 0x00, 0x00, 0x0B, 0x00, 0x00, 0x00, 0x00,
    0x00, 0x00, 0x00, 0x00, 0x00, 0x00, 0x25, 0x41, 0x00, 0x00, 0x00, 0x0F, 0x00, 0x00, 0x00, 0x07,
    0x00, 0x00, 0x00, 0x07, 0x00, 0x00, 0x00, 0x0B, 0x00, 0x00, 0x00, 0x00, 0x00, 0x00, 0x00, 0x00,
    0x00, 0x00, 0x25, 0x42, 0x00, 0x00, 0x00, 0x0E, 0x00, 0x00, 0x00, 0x07, 0x00, 0x00, 0x00, 0x07,
    0x00, 0x00, 0x00, 0x0B, 0x00, 0x00, 0x00, 0x00, 0x00, 0x00, 0x00, 0x00, 0x00, 0x00, 0x25, 0x43,
    0x00, 0x00, 0x00, 0x0E, 0x00, 0x00, 0x00, 0x07, 0x00, 0x00, 0x00, 0x07, 0x00, 0x00, 0x00, 0x0B,
    0x00, 0x00, 0x00, 0x00, 0x00, 0x00, 0x00, 0x00, 0x00, 0x00, 0x25, 0x44, 0x00, 0x00, 0x00, 0x0E,
    0x00, 0x00, 0x00, 0x07, 0x00, 0x00, 0x00, 0x07, 0x00, 0x00, 0x00, 0x0B, 0x00, 0x00, 0x00, 0x00,
    0x00, 0x00, 0x00, 0x00, 0x00, 0x00, 0x25, 0x45, 0x00, 0x00, 0x00, 0x0E, 0x00, 0x00, 0x00, 0x07,
    0x00, 0x00, 0x00, 0x07, 0x00, 0x00, 0x00, 0x0B, 0x00, 0x00, 0x00, 0x00, 0x00, 0x00, 0x00, 0x00,
    0x00, 0x00, 0x25, 0x46, 0x00, 0x00, 0x00, 0x0E, 0x00, 0x00, 0x00, 0x07, 0x00, 0x00, 0x00, 0x07,
    0x00, 0x00, 0x00, 0x0B, 0x00, 0x00, 0x00, 0x00, 0x00, 0x00, 0x00, 0x00, 0x00, 0x00, 0x25, 0x47,
    0x00, 0x00, 0x00, 0x0E, 0x00, 0x00, 0x00, 0x07, 0x00, 0x00, 0x00, 0x07, 0x00, 0x00, 0x00, 0x0B,
    0x00, 0x00, 0x00, 0x00, 0x00, 0x00, 0x00, 0x00, 0x00, 0x00, 0x25, 0x48, 0x00, 0x00, 0x00, 0x0E,
    0x00, 0x00, 0x00, 0x07, 0x00, 0x00, 0x00, 0x07, 0x00, 0x00, 0x00, 0x0B, 0x00, 0x00, 0x00, 0x00,
    0x00, 0x00, 0x00, 0x00, 0x00, 0x00, 0x25, 0x49, 0x00, 0x00, 0x00, 0x0E, 0x00, 0x00, 0x00, 0x07,
    0x00, 0x00, 0x00, 0x07, 0x00, 0x00, 0x00, 0x0B, 0x00, 0x00, 0x00, 0x00, 0x00, 0x00, 0x00, 0x00,
    0x00, 0x00, 0x25, 0x4A, 0x00, 0x00, 0x00, 0x0E, 0x00, 0x00, 0x00, 0x07, 0x00, 0x00, 0x00, 0x07,
    0x00, 0x00, 0x00, 0x0B, 0x00, 0x00, 0x00, 0x00, 0x00, 0x00, 0x00, 0x00, 0x00, 0x00, 0x25, 0x4B,
    0x00, 0x00, 0x00, 0x0E, 0x00, 0x00, 0x00, 0x07, 0x00, 0x00, 0x00, 0x07, 0x00, 0x00, 0x00, 0x0B,
    0x00, 0x00, 0x00, 0x00, 0x00, 0x00, 0x00, 0x00, 0x00, 0x00, 0x25, 0x4C, 0x00, 0x00, 0x00, 0x02,
    0x00, 0x00, 0x00, 0x07, 0x00, 0x00, 0x00, 0x07, 0x00, 0x00, 0x00, 0x05, 0x00, 0x00, 0x00, 0x00,
    0x00, 0x00, 0x00, 0x00, 0x00, 0x00, 0x25, 0x4D, 0x00, 0x00, 0x00, 0x03, 0x00, 0x00, 0x00, 0x07,
    0x00, 0x00, 0x00, 0x07, 0x00, 0x00, 0x00, 0x05, 0x00, 0x00, 0x00, 0x00, 0x00, 0x00, 0x00, 0x00,
    0x00, 0x00, 0x25, 0x4E, 0x00, 0x00, 0x00, 0x0C, 0x00, 0x00, 0x00, 0x01, 0x00, 0x00, 0x00, 0x07,
    0x00, 0x00, 0x00, 0x0A, 0x00, 0x00, 0x00, 0x03, 0x00, 0x00, 0x00, 0x00, 0x00, 0x00, 0x25, 0x4F,
    0x00, 0x00, 0x00, 0x0C, 0x00, 0x00, 0x00, 0x03, 0x00, 0x00, 0x00, 0x07, 0x00, 0x00, 0x00, 0x0A,
    0x00, 0x00, 0x00, 0x02, 0x00, 0x00, 0x00, 0x00, 0x00, 0x00, 0x25, 0x50, 0x00, 0x00, 0x00, 0x03,
    0x00, 0x00, 0x00, 0x07, 0x00, 0x00, 0x00, 0x07, 0x00, 0x00, 0x00, 0x05, 0x00, 0x00, 0x00, 0x00,
    0x00, 0x00, 0x00, 0x00, 0x00, 0x00, 0x25, 0x51, 0x00, 0x00, 0x00, 0x0E, 0x00, 0x00, 0x00, 0x03,
    0x00, 0x00, 0x00, 0x07, 0x00, 0x00, 0x00, 0x0B, 0x00, 0x00, 0x00, 0x02, 0x00, 0x00, 0x00, 0x00,
    0x00, 0x00, 0x25, 0x52, 0x00, 0x00, 0x00, 0x09, 0x00, 0x00, 0x00, 0x04, 0x00, 0x00, 0x00, 0x07,
    0x00, 0x00, 0x00, 0x05, 0x00, 0x00, 0x00, 0x03, 0x00, 0x00, 0x00, 0x00, 0x00, 0x00, 0x25, 0x53,
    0x00, 0x00, 0x00, 0x09, 0x00, 0x00, 0x00, 0x05, 0x00, 0x00, 0x00, 0x07, 0x00, 0x00, 0x00, 0x05,
    0x00, 0x00, 0x00, 0x02, 0x00, 0x00, 0x00, 0x00, 0x00, 0x00, 0x25, 0x54, 0x00, 0x00, 0x00, 0x09,
    0x00, 0x00, 0x00, 0x05, 0x00, 0x00, 0x00, 0x07, 0x00, 0x00, 0x00, 0x05, 0x00, 0x00, 0x00, 0x02,
    0x00, 0x00, 0x00, 0x00, 0x00, 0x00, 0x25, 0x55, 0x00, 0x00, 0x00, 0x09, 0x00, 0x00, 0x00, 0x04,
    0x00, 0x00, 0x00, 0x07, 0x00, 0x00, 0x00, 0x05, 0x00, 0x00, 0x00, 0x00, 0x00, 0x00, 0x00, 0x00,
    0x00, 0x00, 0x25, 0x56, 0x00, 0x00, 0x00, 0x09, 0x00, 0x00, 0x00, 0x07, 0x00, 0x00, 0x00, 0x07,
    0x00, 0x00, 0x00, 0x05, 0x00, 0x00, 0x00, 0x00, 0x00, 0x00, 0x00, 0x00, 0x00, 0x00, 0x25, 0x57,
    0x00, 0x00, 0x00, 0x09, 0x00, 0x00, 0x00, 0x07, 0x00, 0x00, 0x00, 0x07, 0x00, 0x00, 0x00, 0x05,
    0x00, 0x00, 0x00, 0x00, 0x00, 0x00, 0x00, 0x00, 0x00, 0x00, 0x25, 0x58, 0x00, 0x00, 0x00, 0x09,
    0x00, 0x00, 0x00, 0x04, 0x00, 0x00, 0x00, 0x07, 0x00, 0x00, 0x00, 0x0B, 0x00, 0x00, 0x00, 0x03,
    0x00, 0x00, 0x00, 0x00, 0x00, 0x00, 0x25, 0x59, 0x00, 0x00, 0x00, 0x08, 0x00, 0x00, 0x00, 0x05,
    0x00, 0x00, 0x00, 0x07, 0x00, 0x00, 0x00, 0x0B, 0x00, 0x00, 0x00, 0x02, 0x00, 0x00, 0x00, 0x00,
    0x00, 0x00, 0x25, 0x5A, 0x00, 0x00, 0x00, 0x09, 0x00, 0x00, 0x00, 0x05, 0x00, 0x00, 0x00, 0x07,
    0x00, 0x00, 0x00, 0x0B, 0x00, 0x00, 0x00, 0x02, 0x00, 0x00, 0x00, 0x00, 0x00, 0x00, 0x25, 0x5B,
    0x00, 0x00, 0x00, 0x09, 0x00, 0x00, 0x00, 0x04, 0x00, 0x00, 0x00, 0x07, 0x00, 0x00, 0x00, 0x0B,
    0x00, 0x00, 0x00, 0x00, 0x00, 0x00, 0x00, 0x00, 0x00, 0x00, 0x25, 0x5C, 0x00, 0x00, 0x00, 0x08,
    0x00, 0x00, 0x00, 0x07, 0x00, 0x00, 0x00, 0x07, 0x00, 0x00, 0x00, 0x0B, 0x00, 0x00, 0x00, 0x00,
    0x00, 0x00, 0x00, 0x00, 0x00, 0x00, 0x25, 0x5D, 0x00, 0x00, 0x00, 0x09, 0x00, 0x00, 0x00, 0x07,
    0x00, 0x00, 0x00, 0x07, 0x00, 0x00, 0x00, 0x0B, 0x00, 0x00, 0x00, 0x00, 0x00, 0x00, 0x00, 0x00,
    0x00, 0x00, 0x25, 0x5E, 0x00, 0x00, 0x00, 0x0E, 0x00, 0x00, 0x00, 0x04, 0x00, 0x00, 0x00, 0x07,
    0x00, 0x00, 0x00, 0x0B, 0x00, 0x00, 0x00, 0x03, 0x00, 0x00, 0x00, 0x00, 0x00, 0x00, 0x25, 0x5F,
    0x00, 0x00, 0x00, 0x0E, 0x00, 0x00, 0x00, 0x05, 0x00, 0x00, 0x00, 0x07, 0x00, 0x00, 0x00, 0x0B,
    0x00, 0x00, 0x00, 0x02, 0x00, 0x00, 0x00, 0x00, 0x00, 0x00, 0x25, 0x60, 0x00, 0x00, 0x00, 0x0E,
    0x00, 0x00, 0x00, 0x05, 0x00, 0x00, 0x00, 0x07, 0x00, 0x00, 0x00, 0x0B, 0x00, 0x00, 0x00, 0x02,
    0x00, 0x00, 0x00, 0x00, 0x00, 0x00, 0x25, 0x61, 0x00, 0x00, 0x00, 0x0E, 0x00, 0x00, 0x00, 0x04,
    0x00, 0x00, 0x00, 0x07, 0x00, 0x00, 0x00, 0x0B, 0x00, 0x00, 0x00, 0x00, 0x00, 0x00, 0x00, 0x00,
    0x00, 0x00, 0x25, 0x62, 0x00, 0x00, 0x00, 0x0E, 0x00, 0x00, 0x00, 0x07, 0x00, 0x00, 0x00, 0x07,
    0x00, 0x00, 0x00, 0x0B, 0x00, 0x00, 0x00, 0x00, 0x00, 0x00, 0x00, 0x00, 0x00, 0x00, 0x25, 0x63,
    0x00, 0x00, 0x00, 0x0E, 0x00, 0x00, 0x00, 0x07, 0x00, 0x00, 0x00, 0x07, 0x00, 0x00, 0x00, 0x0B,
    0x00, 0x00, 0x00, 0x00, 0x00, 0x00, 0x00, 0x00, 0x00, 0x00, 0x25, 0x64, 0x00, 0x00, 0x00, 0x09,
    0x00, 0x00, 0x00, 0x07, 0x00, 0x00, 0x00, 0x07, 0x00, 0x00, 0x00, 0x05, 0x00, 0x00, 0x00, 0x00,
    0x00, 0x00, 0x00, 0x00, 0x00, 0x00, 0x25, 0x65, 0x00, 0x00, 0x00, 0x09, 0x00, 0x00, 0x00, 0x07,
    0x00, 0x00, 0x00, 0x07, 0x00, 0x00, 0x00, 0x05, 0x00, 0x00, 0x00, 0x00, 0x00, 0x00, 0x00, 0x00,
    0x00, 0x00, 0x25, 0x66, 0x00, 0x00, 0x00, 0x09, 0x00, 0x00, 0x00, 0x07, 0x00, 0x00, 0x00, 0x07,
    0x00, 0x00, 0x00, 0x05, 0x00, 0x00, 0x00, 0x00, 0x00, 0x00, 0x00, 0x00, 0x00, 0x00, 0x25, 0x67,
    0x00, 0x00, 0x00, 0x09, 0x00, 0x00, 0x00, 0x07, 0x00, 0x00, 0x00, 0x07, 0x00, 0x00, 0x00, 0x0B,
    0x00, 0x00, 0x00, 0x00, 0x00, 0x00, 0x00, 0x00, 0x00, 0x00, 0x25, 0x68, 0x00, 0x00, 0x00, 0x08,
    0x00, 0x00, 0x00, 0x07, 0x00, 0x00, 0x00, 0x07, 0x00, 0x00, 0x00, 0x0B, 0x00, 0x00, 0x00, 0x00,
    0x00, 0x00, 0x00, 0x00, 0x00, 0x00, 0x25, 0x69, 0x00, 0x00, 0x00, 0x09, 0x00, 0x00, 0x00, 0x07,
    0x00, 0x00, 0x00, 0x07, 0x00, 0x00, 0x00, 0x0B, 0x00, 0x00, 0x00, 0x00, 0x00, 0x00, 0x00, 0x00,
    0x00, 0x00, 0x25, 0x6A, 0x00, 0x00, 0x00, 0x0E, 0x00, 0x00, 0x00, 0x07, 0x00, 0x00, 0x00, 0x07,
    0x00, 0x00, 0x00, 0x0B, 0x00, 0x00, 0x00, 0x00, 0x00, 0x00, 0x00, 0x00, 0x00, 0x00, 0x25, 0x6B,
    0x00, 0x00, 0x00, 0x0E, 0x00, 0x00, 0x00, 0x07, 0x00, 0x00, 0x00, 0x07, 0x00, 0x00, 0x00, 0x0B,
    0x00, 0x00, 0x00, 0x00, 0x00, 0x00, 0x00, 0x00, 0x00, 0x00, 0x25, 0x6C, 0x00, 0x00, 0x00, 0x0F,
    0x00, 0x00, 0x00, 0x07, 0x00, 0x00, 0x00, 0x07, 0x00, 0x00, 0x00, 0x0B, 0x00, 0x00, 0x00, 0x00,
    0x00, 0x00, 0x00, 0x00, 0x00, 0x00, 0x25, 0x6D, 0x00, 0x00, 0x00, 0x09, 0x00, 0x00, 0x00, 0x04,
    0x00, 0x00, 0x00, 0x07, 0x00, 0x00, 0x00, 0x05, 0x00, 0x00, 0x00, 0x03, 0x00, 0x00, 0x00, 0x00,
    0x00, 0x00, 0x25, 0x6E, 0x00, 0x00, 0x00, 0x09, 0x00, 0x00, 0x00, 0x04, 0x00, 0x00, 0x00, 0x07,
    0x00, 0x00, 0x00, 0x05, 0x00, 0x00, 0x00, 0x00, 0x00, 0x00, 0x00, 0x00, 0x00, 0x00, 0x25, 0x6F,
    0x00, 0x00, 0x00, 0x08, 0x00, 0x00, 0x00, 0x04, 0x00, 0x00, 0x00, 0x07, 0x00, 0x00, 0x00, 0x0B,
    0x00, 0x00, 0x00, 0x00, 0x00, 0x00, 0x00, 0x00, 0x00, 0x00, 0x25, 0x70, 0x00, 0x00, 0x00, 0x08,
    0x00, 0x00, 0x00, 0x04, 0x00, 0x00, 0x00, 0x07, 0x00, 0x00, 0x00, 0x0B, 0x00, 0x00, 0x00, 0x03,
    0x00, 0x00, 0x00, 0x00, 0x00, 0x00, 0x25, 0x71, 0x00, 0x00, 0x00, 0x0E, 0x00, 0x00, 0x00, 0x07,
    0x00, 0x00, 0x00, 0x07, 0x00, 0x00, 0x00, 0x0B, 0x00, 0x00, 0x00, 0x00, 0x00, 0x00, 0x00, 0x00,
    0x00, 0x00, 0x25, 0x72, 0x00, 0x00, 0x00, 0x0E, 0x00, 0x00, 0x00, 0x07, 0x00, 0x00, 0x00, 0x07,
    0x00, 0x00, 0x00, 0x0B, 0x00, 0x00, 0x00, 0x00, 0x00, 0x00, 0x00, 0x00, 0x00, 0x00, 0x25, 0x73,
    0x00, 0x00, 0x00, 0x0E, 0x00, 0x00, 0x00, 0x07, 0x00, 0x00, 0x00, 0x07, 0x00, 0x00, 0x00, 0x0B,
    0x00, 0x00, 0x00, 0x00, 0x00, 0x00, 0x00, 0x00, 0x00, 0x00, 0x25, 0x74, 0x00, 0x00, 0x00, 0x02,
    0x00, 0x00, 0x00, 0x06, 0x00, 0x00, 0x00, 0x07, 0x00, 0x00, 0x00, 0x05, 0x00, 0x00, 0x00, 0x00,
    0x00, 0x00, 0x00, 0x00, 0x00, 0x00, 0x25, 0x75, 0x00, 0x00, 0x00, 0x08, 0x00, 0x00, 0x00, 0x01,
    0x00, 0x00, 0x00, 0x07, 0x00, 0x00, 0x00, 0x0B, 0x00, 0x00, 0x00, 0x03, 0x00, 0x00, 0x00, 0x00,
    0x00, 0x00, 0x25, 0x76, 0x00, 0x00, 0x00, 0x02, 0x00, 0x00, 0x00, 0x04, 0x00, 0x00, 0x00, 0x07,
    0x00, 0x00, 0x00, 0x05, 0x00, 0x00, 0x00, 0x03, 0x00, 0x00, 0x00, 0x00, 0x00, 0x00, 0x25, 0x77,
    0x00, 0x00, 0x00, 0x07, 0x00, 0x00, 0x00, 0x01, 0x00, 0x00, 0x00, 0x07, 0x00, 0x00, 0x00, 0x04,
    0x00, 0x00, 0x00, 0x03, 0x00, 0x00, 0x00, 0x00, 0x00, 0x00, 0x25, 0x78, 0x00, 0x00, 0x00, 0x03,
    0x00, 0x00, 0x00, 0x06, 0x00, 0x00, 0x00, 0x07, 0x00, 0x00, 0x00, 0x05, 0x00, 0x00, 0x00, 0x00,
    0x00, 0x00, 0x00, 0x00, 0x00, 0x00, 0x25, 0x79, 0x00, 0x00, 0x00, 0x08, 0x00, 0x00, 0x00, 0x03,
    0x00, 0x00, 0x00, 0x07, 0x00, 0x00, 0x00, 0x0B, 0x00, 0x00, 0x00, 0x02, 0x00, 0x00, 0x00, 0x00,
    0x00, 0x00, 0x25, 0x7A, 0x00, 0x00, 0x00, 0x03, 0x00, 0x00, 0x00, 0x04, 0x00, 0x00, 0x00, 0x07,
    0x00, 0x00, 0x00, 0x05, 0x00, 0x00, 0x00, 0x03, 0x00, 0x00, 0x00, 0x00, 0x00, 0x00, 0x25, 0x7B,
    0x00, 0x00, 0x00, 0x07, 0x00, 0x00, 0x00, 0x03, 0x00, 0x00, 0x00, 0x07, 0x00, 0x00, 0x00, 0x04,
    0x00, 0x00, 0x00, 0x02, 0x00, 0x00, 0x00, 0x00, 0x00, 0x00, 0x25, 0x7C, 0x00, 0x00, 0x00, 0x03,
    0x00, 0x00, 0x00, 0x07, 0x00, 0x00, 0x00, 0x07, 0x00, 0x00, 0x00, 0x05, 0x00, 0x00, 0x00, 0x00,
    0x00, 0x00, 0x00, 0x00, 0x00, 0x00, 0x25, 0x7D, 0x00, 0x00, 0x00, 0x0E, 0x00, 0x00, 0x00, 0x03,
    0x00, 0x00, 0x00, 0x07, 0x00, 0x00, 0x00, 0x0B, 0x00, 0x00, 0x00, 0x02, 0x00, 0x00, 0x00, 0x00,
    0x00, 0x00, 0x25, 0x7E, 0x00, 0x00, 0x00, 0x03, 0x00, 0x00, 0x00, 0x07, 0x00, 0x00, 0x00, 0x07,
    0x00, 0x00, 0x00, 0x05, 0x00, 0x00, 0x00, 0x00, 0x00, 0x00, 0x00, 0x00, 0x00, 0x00, 0x25, 0x7F,
    0x00, 0x00, 0x00, 0x0E, 0x00, 0x00, 0x00, 0x03, 0x00, 0x00, 0x00, 0x07, 0x00, 0x00, 0x00, 0x0B,
    0x00, 0x00, 0x00, 0x02, 0x00, 0x00, 0x00, 0x00, 0x00, 0x00, 0x25, 0xA0, 0x00, 0x00, 0x00, 0x08,
    0x00, 0x00, 0x00, 0x07, 0x00, 0x00, 0x00, 0x07, 0x00, 0x00, 0x00, 0x07, 0x00, 0x00, 0x00, 0x00,
    0x00, 0x00, 0x00, 0x00, 0x00, 0x00, 0x25, 0xA1, 0x00, 0x00, 0x00, 0x07, 0x00, 0x00, 0x00, 0x07,
    0x00, 0x00, 0x00, 0x07, 0x00, 0x00, 0x00, 0x06, 0x00, 0x00, 0x00, 0x00, 0x00, 0x00, 0x00, 0x00,
    0x00, 0x00, 0x25, 0xB2, 0x00, 0x00, 0x00, 0x08, 0x00, 0x00, 0x00, 0x07, 0x00, 0x00, 0x00, 0x07,
    0x00, 0x00, 0x00, 0x07, 0x00, 0x00, 0x00, 0x00, 0x00, 0x00, 0x00, 0x00, 0x00, 0x00, 0x25, 0xB6,
    0x00, 0x00, 0x00, 0x08, 0x00, 0x00, 0x00, 0x07, 0x00, 0x00, 0x00, 0x07, 0x00, 0x00, 0x00, 0x07,
    0x00, 0x00, 0x00, 0x00, 0x00, 0x00, 0x00, 0x00, 0x00, 0x00, 0x25, 0xBC, 0x00, 0x00, 0x00, 0x08,
    0x00, 0x00, 0x00, 0x07, 0x00, 0x00, 0x00, 0x07, 0x00, 0x00, 0x00, 0x07, 0x00, 0x00, 0x00, 0x00,
    0x00, 0x00, 0x00, 0x00, 0x00, 0x00, 0x25, 0xC0, 0x00, 0x00, 0x00, 0x08, 0x00, 0x00, 0x00, 0x07,
    0x00, 0x00, 0x00, 0x07, 0x00, 0x00, 0x00, 0x07, 0x00, 0x00, 0x00, 0x00, 0x00, 0x00, 0x00, 0x00,
    0x00, 0x00, 0x25, 0xC6, 0x00, 0x00, 0x00, 0x08, 0x00, 0x00, 0x00, 0x07, 0x00, 0x00, 0x00, 0x07,
    0x00, 0x00, 0x00, 0x07, 0x00, 0x00, 0x00, 0x00, 0x00, 0x00, 0x00, 0x00, 0x00, 0x00, 0x25, 0xC7,
    0x00, 0x00, 0x00, 0x08, 0x00, 0x00, 0x00, 0x07, 0x00, 0x00, 0x00, 0x07, 0x00, 0x00, 0x00, 0x07,
    0x00, 0x00, 0x00, 0x00, 0x00, 0x00, 0x00, 0x00, 0x00, 0x00, 0x25, 0xCB, 0x00, 0x00, 0x00, 0x08,
    0x00, 0x00, 0x00, 0x07, 0x00, 0x00, 0x00, 0x07, 0x00, 0x00, 0x00, 0x07, 0x00, 0x00, 0x00, 0x00,
    0x00, 0x00, 0x00, 0x00, 0x00, 0x00, 0x25, 0xCF, 0x00, 0x00, 0x00, 0x08, 0x00, 0x00, 0x00, 0x07,
    0x00, 0x00, 0x00, 0x07, 0x00, 0x00, 0x00, 0x07, 0x00, 0x00, 0x00, 0x00, 0x00, 0x00, 0x00, 0x00,
    0x00, 0x00, 0x26, 0x10, 0x00, 0x00, 0x00, 0x06, 0x00, 0x00, 0x00, 0x06, 0x00, 0x00, 0x00, 0x07,
    0x00, 0x00, 0x00, 0x06, 0x00, 0x00, 0x00, 0x00, 0x00, 0x00, 0x00, 0x00, 0x00, 0x00, 0x26, 0x11,
    0x00, 0x00, 0x00, 0x07, 0x00, 0x00, 0x00, 0x07, 0x00, 0x00, 0x00, 0x07, 0x00, 0x00, 0x00, 0x06,
    0x00, 0x00, 0x00, 0x00, 0x00, 0x00, 0x00, 0x00, 0x00, 0x00, 0x26, 0x99, 0x00, 0x00, 0x00, 0x07,
    0x00, 0x00, 0x00, 0x07, 0x00, 0x00, 0x00, 0x07, 0x00, 0x00, 0x00, 0x07, 0x00, 0x00, 0x00, 0x00,
    0x00, 0x00, 0x00, 0x00, 0x00, 0x00, 0x27, 0x13, 0x00, 0x00, 0x00, 0x06, 0x00, 0x00, 0x00, 0x06,
    0x00, 0x00, 0x00, 0x07, 0x00, 0x00, 0x00, 0x07, 0x00, 0x00, 0x00, 0x00, 0x00, 0x00, 0x00, 0x00,
    0x00, 0x00, 0x27, 0x17, 0x00, 0x00, 0x00, 0x08, 0x00, 0x00, 0x00, 0x06, 0x00, 0x00, 0x00, 0x07,
    0x00, 0x00, 0x00, 0x07, 0x00, 0x00, 0x00, 0x00, 0x00, 0x00, 0x00, 0x00, 0x00, 0x00, 0x27, 0x18,
    0x00, 0x00, 0x00, 0x09, 0x00, 0x00, 0x00, 0x07, 0x00, 0x00, 0x00, 0x07, 0x00, 0x00, 0x00, 0x08,
    0x00, 0x00, 0x00, 0x00, 0x00, 0x00, 0x00, 0x00, 0x00, 0x00, 0x2B, 0x07, 0x00, 0x00, 0x00, 0x07,
    0x00, 0x00, 0x00, 0x04, 0x00, 0x00, 0x00, 0x07, 0x00, 0x00, 0x00, 0x07, 0x00, 0x00, 0x00, 0x01,
    0x00, 0x00, 0x00, 0x00, 0xB4, 0xFF, 0x18, 0xB4, 0xFF, 0x18, 0xA9, 0xFF, 0x0F, 0x7B, 0xFF, 0x00,
    0x48, 0xFF, 0x00, 0x0D, 0x6D, 0x00, 0x9A, 0xFF, 0x22, 0xA8, 0xFF, 0x2D, 0xF5, 0xC3, 0x06, 0xFF,
    0x8A, 0xF5, 0xC3, 0x06, 0xFF, 0x8A, 0xDD, 0xB0, 0x04, 0xFF, 0x7C, 0x00, 0x00, 0xA7, 0xD4, 0x61,
    0xFF, 0x03, 0x00, 0x00, 0xF8, 0x9C, 0xA0, 0xDC, 0x00, 0x90, 0xFF, 0xFF, 0xFF, 0xFF, 0xFF, 0xBE,
    0x12, 0x8E, 0xFF, 0x36, 0xFF, 0x6F, 0x1C, 0x00, 0xB8, 0xDF, 0x48, 0xFF, 0x07, 0x00, 0xFF, 0xFF,
    0xFF, 0xFF, 0xFF, 0xFF, 0x00, 0x42, 0xFF, 0x7B, 0xF1, 0xB2, 0x3A, 0x00, 0x5B, 0xFF, 0x0A, 0xFF,
    0x57, 0x00, 0x00, 0x00, 0x00, 0x60, 0xFF, 0x00, 0x00, 0x00, 0x57, 0xF1, 0xFF, 0xD4, 0x46, 0x07,
    0xFF, 0xDF, 0xFF, 0xA8, 0x6A, 0x19, 0xFF, 0xB7, 0xEB, 0x00, 0x00, 0x00, 0xB5, 0xFF, 0xFF, 0xF2,
    0x3C, 0x00, 0x00, 0x39, 0xFF, 0xFF, 0xE7, 0x13, 0x99, 0x2B, 0xED, 0xE1, 0xFD, 0x15, 0xFF, 0xFF,
    0xFF, 0xFF, 0x76, 0x00, 0x01, 0x84, 0xFF, 0x16, 0x00, 0x00, 0x00, 0x49, 0xE6, 0x00, 0x00, 0x55,
    0xFF, 0xFF, 0x1F, 0x00, 0x00, 0x00, 0xEB, 0x82, 0xB2, 0xBB, 0x00, 0x00, 0x00, 0xEC, 0x73, 0xAD,
    0xA3, 0x00, 0x00, 0x09, 0x52, 0xFF, 0xF8, 0x2B, 0x84, 0xC6, 0x55, 0x00, 0x25, 0xBA, 0xBB, 0x69,
    0x01, 0x00, 0x9F, 0xB8, 0x28, 0x8A, 0xFF, 0xFF, 0x31, 0x00, 0x00, 0x00, 0xFF, 0x66, 0xC5, 0xBA,
    0x00, 0x00, 0x00, 0x94, 0xFF, 0xFF, 0x39, 0x00, 0x69, 0xFF, 0xFF, 0xFF, 0x00, 0x00, 0x00, 0xF6,
    0xFF, 0x55, 0x85, 0x00, 0x00, 0x00, 0xC1, 0xFF, 0x1F, 0x00, 0x00, 0x00, 0x12, 0xED, 0xFF, 0xD5,
    0x00, 0x10, 0x0C, 0xB1, 0xFF, 0x93, 0xFF, 0x88, 0xE4, 0xB5, 0xF2, 0xE4, 0x00, 0xCD, 0xFF, 0xFF,
    0x72, 0xB1, 0xFF, 0xA2, 0x97, 0xFF, 0xFF, 0x01, 0x13, 0xCA, 0xFF, 0xFF, 0xDD, 0xFF, 0x81, 0x96,
    0xFF, 0x96, 0xFF, 0x87, 0xFF, 0x00, 0x36, 0xFF, 0x43, 0x00, 0xD9, 0xE3, 0x00, 0x24, 0xFF, 0x8D,
    0x00, 0x84, 0xFF, 0x39, 0x00, 0xAE, 0xFF, 0x13, 0x00, 0xA2, 0xFF, 0x1F, 0x00, 0x5D, 0xFF, 0x5A,
    0x00, 0x06, 0xFF, 0xA5, 0x00, 0x00, 0xAE, 0xFF, 0x07, 0x00, 0x06, 0xA3, 0x3A, 0xB1, 0xE8, 0x00,
    0x00, 0x2A, 0xFF, 0x70, 0x00, 0x00, 0xEE, 0xE1, 0x00, 0x00, 0xA7, 0xFF, 0x01, 0x00, 0xA5, 0xFF,
    0x1E, 0x00, 0xB1, 0xFF, 0x10, 0x00, 0xC4, 0xFF, 0x00, 0x01, 0xFF, 0xAC, 0x00, 0x6C, 0xFF, 0x28,
    0x00, 0x8A, 0x7B, 0x00, 0x00, 0x00, 0x00, 0x39, 0xEB, 0x00, 0x00, 0x00, 0x2E, 0x55, 0x4B, 0xF8,
    0x16, 0x70, 0x00, 0x48, 0xEE, 0xFF, 0xFF, 0xFF, 0xB6, 0x03, 0x00, 0x04, 0xFF, 0xFF, 0xA2, 0x00,
    0x00, 0x00, 0xB4, 0xDA, 0x3C, 0xFF, 0x2B, 0x00, 0x00, 0x69, 0x15, 0x00, 0x5D, 0x22, 0x00, 0x00,
    0x00, 0x5E, 0xE4, 0x00, 0x00, 0x00, 0x00, 0x00, 0x7E, 0xFF, 0x00, 0x00, 0x00, 0x03, 0x06, 0x81,
    0xFF, 0x06, 0x06, 0x01, 0xCD, 0xFF, 0xFF, 0xFF, 0xFF, 0xFF, 0x60, 0x31, 0x4E, 0xB1, 0xFF, 0x4E,
    0x4E, 0x13, 0x00, 0x00, 0x7E, 0xFF, 0x00, 0x00, 0x00, 0x6F, 0xD5, 0x19, 0xAF, 0xFF, 0x7C, 0x00,
    0xF0, 0x51, 0xCE, 0xC0, 0x00, 0x2A, 0x00, 0x00, 0xA5, 0xAA, 0xAA, 0xAA, 0x58, 0xFF, 0xFF, 0xFF,
    0xFF, 0xA8, 0x9C, 0xFF, 0x24, 0xB1, 0xFF, 0x2D, 0x00, 0x00, 0x00, 0x00, 0x9D, 0xF8, 0x00, 0x00,
    0x00, 0x00, 0x04, 0xFF, 0x76, 0x00, 0x00, 0x00, 0x00, 0x85, 0xFF, 0x01, 0x00, 0x00, 0x00, 0x00,
    0xFF, 0x8E, 0x00, 0x00, 0x00, 0x00, 0x6D, 0xFF, 0x07, 0x00, 0x00, 0x00, 0x00, 0xF1, 0xA6, 0x00,
    0x00, 0x00, 0x00, 0x54, 0xFF, 0x10, 0x00, 0x00, 0x00, 0x00, 0xDD, 0xBE, 0x00, 0x00, 0x00, 0x00,
    0x3D, 0xFF, 0x1C, 0x00, 0x00, 0x00, 0x00, 0x00, 0x51, 0xFF, 0xFF, 0xD0, 0x10, 0x06, 0xFF, 0xFF,
    0xA5, 0xFF, 0xAC, 0x51, 0xFF, 0x93, 0x2E, 0xF6, 0xFF, 0x7B, 0xFF, 0x69, 0xA2, 0xD5, 0xFF, 0x72,
    0xFF, 0x69, 0xA1, 0xD5, 0xFF, 0x49, 0xFF, 0x94, 0x2E, 0xF6, 0xFF, 0x01, 0xFF, 0xFF, 0xA6, 0xFF,
    0xA0, 0x00, 0x4F, 0xFF, 0xFF, 0xCF, 0x0F, 0x00, 0x01, 0xD0, 0xFF, 0x7E, 0x00, 0x00, 0x00, 0xB6,
    0xFF, 0xFF, 0x7E, 0x00, 0x00, 0x0C, 0xD8, 0x7E, 0xFF, 0x7E, 0x00, 0x00, 0x00, 0x00, 0x54, 0xFF,
    0x7E, 0x00, 0x00, 0x00, 0x00, 0x54, 0xFF, 0x7E, 0x00, 0x00, 0x00, 0x00, 0x54, 0xFF, 0x7E, 0x00,
    0x00, 0x00, 0x87, 0xBE, 0xFF, 0xB5, 0x8A, 0x0C, 0x00, 0xFF, 0xFF, 0xFF, 0xFF, 0xFF, 0x24, 0x2E,
    0xFF, 0xFF, 0xFF, 0xCF, 0x15, 0x3F, 0xAA, 0x66, 0x99, 0xFF, 0xAB, 0x00, 0x00, 0x00, 0x04, 0xFF,
    0xC9, 0x00, 0x00, 0x00, 0xA6, 0xFF, 0x61, 0x00, 0x00, 0x7C, 0xFF, 0xB8, 0x00, 0x00, 0x6A, 0xFF,
    0xBB, 0x00, 0x00, 0x46, 0xFF, 0xE7, 0x8A, 0x8A, 0x60, 0x90, 0xFF, 0xFF, 0xFF, 0xFF, 0xE1, 0x16,
    0xFF, 0xFF, 0xFF, 0xE6, 0x2B, 0x18, 0xA8, 0x85, 0x9F, 0xFF, 0xC5, 0x00, 0x00, 0x1B, 0x51, 0xFF,
    0xB6, 0x00, 0x00, 0xFF, 0xFF, 0xF2, 0x10, 0x00, 0x00, 0x5B, 0x94, 0xFF, 0xB5, 0x00, 0x00, 0x00,
    0x00, 0xD2, 0xFF, 0x61, 0xB0, 0x88, 0xA3, 0xFF, 0xE2, 0x52, 0xFF, 0xFF, 0xFF, 0xE2, 0x2E, 0x00,
    0x00, 0x00, 0xE7, 0xFF, 0x60, 0x00, 0x00, 0x00, 0x8D, 0xFF, 0xFF, 0x60, 0x00, 0x00, 0x1F, 0xFF,
    0xAA, 0xFF, 0x60, 0x00, 0x00, 0xCE, 0xC6, 0x66, 0xFF, 0x60, 0x00, 0x66, 0xFF, 0x33, 0x76, 0xFF,
    0x72, 0x03, 0xAE, 0xFF, 0xFF, 0xFF, 0xFF, 0xFF, 0x30, 0x2B, 0x60, 0x60, 0xAC, 0xFF, 0xA8, 0x0C,
    0x00, 0x00, 0x00, 0x66, 0xFF, 0x60, 0x00, 0x00, 0xFF, 0xFF, 0xFF, 0xFF, 0x96, 0x00, 0xFF, 0xB5,
    0x8A, 0x8A, 0x34, 0x00, 0xFF, 0x82, 0x06, 0x00, 0x00, 0x00, 0xFF, 0xFF, 0xFF, 0xE7, 0x25, 0x00,
    0xA5, 0x64, 0x97, 0xFF, 0xCB, 0x00, 0x00, 0x00, 0x00, 0xE7, 0xFF, 0x39, 0xAC, 0x7B, 0xB2, 0xFF,
    0xC4, 0x3F, 0xFF, 0xFF, 0xFF, 0xCA, 0x19, 0x00, 0x21, 0xD4, 0xFF, 0xFF, 0x9A, 0x00, 0x00, 0xE7,
    0xFF, 0x88, 0x8A, 0x84, 0x00, 0x2A, 0xFF, 0x96, 0x00, 0x00, 0x00, 0x00, 0x5A, 0xFF, 0xEC, 0xFF,
    0xFF, 0x6A, 0x00, 0x63, 0xFF, 0xF0, 0x61, 0xFF, 0xFF, 0x00, 0x3D, 0xFF, 0xA2, 0x00, 0xA5, 0xFF,
    0x01, 0x01, 0xFF, 0xF5, 0x6A, 0xFF, 0xFF, 0x00, 0x00, 0x4E, 0xFF, 0xFF, 0xFD, 0x48, 0x00, 0x6C,
    0xFF, 0xFF, 0xFF, 0xFF, 0xFF, 0x25, 0x8A, 0x8A, 0x97, 0xFF, 0xCA, 0x00, 0x00, 0x00, 0x8E, 0xFF,
    0x5B, 0x00, 0x00, 0x00, 0xF5, 0xFF, 0x00, 0x00, 0x00, 0x3C, 0xFF, 0xAE, 0x00, 0x00, 0x00, 0xB0,
    0xFF, 0x1F, 0x00, 0x00, 0x09, 0xFF, 0xD4, 0x00, 0x00, 0x00, 0x81, 0xFF, 0x69, 0x00, 0x00, 0x00,
    0x87, 0xFF, 0xFF, 0xEE, 0x30, 0x0D, 0xFF, 0xD4, 0x7F, 0xFF, 0xCA, 0x0C, 0xFF, 0xA5, 0x2D, 0xFF,
    0xC3, 0x00, 0x8B, 0xFF, 0xFF, 0xFF, 0x22, 0x1C, 0xFF, 0xC0, 0x6C, 0xFF, 0xC4, 0x69, 0xFF, 0x3F,
    0x00, 0xAC, 0xFF, 0x31, 0xFF, 0xC9, 0x76, 0xFF, 0xED, 0x00, 0x96, 0xFF, 0xFF, 0xF3, 0x3C, 0x00,
    0xA5, 0xFF, 0xFF, 0xC8, 0x0F, 0x40, 0xFF, 0xA8, 0x73, 0xFF, 0xB5, 0x8B, 0xFF, 0x2E, 0x00, 0xFF,
    0xFA, 0x6D, 0xFF, 0x9F, 0x3F, 0xFF, 0xFF, 0x06, 0xF3, 0xFF, 0xFF, 0xFF, 0xFF, 0x00, 0x04, 0x40,
    0x2A, 0xEC, 0xEE, 0x00, 0xB4, 0x6F, 0xA0, 0xFF, 0x97, 0x00, 0xEC, 0xFF, 0xFF, 0xBE, 0x01, 0xA3,
    0xFF, 0x34, 0x91, 0xFF, 0x2B, 0x00, 0x00, 0x00, 0x00, 0x00, 0x00, 0x91, 0xFF, 0x2B, 0xA3, 0xFF,
    0x34, 0xA0, 0xFF, 0x30, 0xA3, 0xFF, 0x31, 0x00, 0x00, 0x00, 0x00, 0x00, 0x00, 0x84, 0xF3, 0x2E,
    0xB2, 0xFF, 0x9F, 0x00, 0xE6, 0x6F, 0xB9, 0xDF, 0x03, 0x4C, 0x01, 0x00, 0x00, 0x00, 0x00, 0x00,
    0x00, 0x04, 0x07, 0x00, 0x00, 0x00, 0x37, 0xA6, 0xFF, 0x3C, 0x10, 0x90, 0xF2, 0xFF, 0xE9, 0x93,
    0x0A, 0xA8, 0xFF, 0xB5, 0x22, 0x00, 0x00, 0x00, 0x46, 0xCE, 0xFF, 0xFD, 0xAB, 0x28, 0x00, 0x00,
    0x00, 0x16, 0x9D, 0xFC, 0xFF, 0x36, 0x00, 0x00, 0x00, 0x00, 0x00, 0x42, 0x16, 0x03, 0x06, 0x06,
    0x06, 0x06, 0x06, 0x00, 0xAA, 0xFF, 0xFF, 0xFF, 0xFF, 0xFF, 0x3C, 0x2E, 0x5A, 0x5A, 0x5A, 0x5A,
    0x5A, 0x0D, 0xAA, 0xFF, 0xFF, 0xFF, 0xFF, 0xFF, 0x3C, 0x28, 0x4E, 0x4E, 0x4E, 0x4E, 0x4E, 0x0C,
    0x0C, 0x00, 0x00, 0x00, 0x00, 0x00, 0x00, 0xA8, 0xF3, 0x91, 0x10, 0x00, 0x00, 0x00, 0x33, 0xA5,
    0xFF, 0xFF, 0xC4, 0x5A, 0x00, 0x00, 0x00, 0x00, 0x55, 0xFF, 0xFF, 0x3A, 0x01, 0x58, 0xB7, 0xFF,
    0xFF, 0xA1, 0x10, 0xA2, 0xFF, 0xCF, 0x66, 0x01, 0x00, 0x00, 0x40, 0x18, 0x00, 0x00, 0x00, 0x00,
    0x00, 0xA0, 0xFF, 0xFF, 0xF3, 0x2E, 0x9A, 0x37, 0x18, 0xF0, 0xBE, 0x00, 0x00, 0x12, 0xFF, 0xA9,
    0x00, 0x10, 0xFC, 0xC6, 0x03, 0x00, 0x88, 0xFF, 0x01, 0x00, 0x00, 0x40, 0x75, 0x00, 0x00, 0x00,
    0x7E, 0xC5, 0x00, 0x00, 0x00, 0xB5, 0xFF, 0x01, 0x00, 0x00, 0x3C, 0xD7, 0xFF, 0xEE, 0x51, 0x00,
    0x25, 0xFF, 0xB7, 0x39, 0x79, 0xFF, 0x0A, 0xBA, 0xB9, 0x4F, 0xFF, 0xFF, 0xFF, 0x42, 0xFF, 0x57,
    0xF2, 0xB2, 0x2B, 0xFF, 0x54, 0xFF, 0x30, 0xFF, 0x51, 0x00, 0xFF, 0x54, 0xFF, 0x5B, 0xED, 0xA3,
    0x1F, 0xFF, 0x54, 0xC4, 0xBC, 0x46, 0xFF, 0xFF, 0xFF, 0x4E, 0x30, 0xFF, 0xA3, 0x2A, 0x0C, 0x4E,
    0x00, 0x00, 0x3A, 0xDC, 0xFF, 0xFF, 0xF0, 0x0D, 0x00, 0x00, 0xFD, 0xFF, 0x9F, 0x00, 0x00, 0x00,
    0x1B, 0xFF, 0xFF, 0xDA, 0x00, 0x00, 0x00, 0x81, 0xFF, 0xB7, 0xFF, 0x06, 0x00, 0x00, 0xC3, 0xFF,
    0x63, 0xFF, 0x57, 0x00, 0x00, 0xFF, 0xD8, 0x1E, 0xFF, 0xA0, 0x00, 0x3A, 0xFF, 0xFF, 0xFF, 0xFF,
    0xF6, 0x00, 0xA2, 0xFF, 0x7E, 0x54, 0xCA, 0xFF, 0x16, 0xDD, 0xFF, 0x00, 0x00, 0x6C, 0xFF, 0x79,
    0x7E, 0xFF, 0xFF, 0xFF, 0xFF, 0x64, 0x00, 0x7E, 0xFF, 0x94, 0x69, 0xFF, 0xFF, 0x00, 0x7E, 0xFF,
    0x52, 0x15, 0xF6, 0xFF, 0x00, 0x7E, 0xFF, 0xFF, 0xFF, 0xFF, 0x58, 0x00, 0x7E, 0xFF, 0x8B, 0x5B,
    0xF2, 0xFF, 0x09, 0x7E, 0xFF, 0x4E, 0x00, 0x9D, 0xFF, 0x43, 0x7E, 0xFF, 0x94, 0x66, 0xF0, 0xFF,
    0x1F, 0x7E, 0xFF, 0xFF, 0xFF, 0xFF, 0x91, 0x00, 0x00, 0x18, 0xCB, 0xFF, 0xFF, 0xB5, 0x00, 0xCB,
    0xFF, 0xBA, 0xAC, 0xC0, 0x16, 0xFF, 0xD5, 0x00, 0x00, 0x01, 0x48, 0xFF, 0xAE, 0x00, 0x00, 0x00,
    0x48, 0xFF, 0xAE, 0x00, 0x00, 0x00, 0x15, 0xFF, 0xD7, 0x00, 0x00, 0x01, 0x00, 0xC9, 0xFF, 0xBB,
    0xB4, 0xBF, 0x00, 0x16, 0xCB, 0xFF, 0xFF, 0xB5, 0x66, 0xFF, 0xFF, 0xFF, 0xBB, 0x12, 0x00, 0x66,
    0xFF, 0xBE, 0xBC, 0xFF, 0xC5, 0x00, 0x66, 0xFF, 0x7E, 0x00, 0xE8, 0xFF, 0x04, 0x66, 0xFF, 0x7E,
    0x00, 0xB1, 0xFF, 0x25, 0x66, 0xFF, 0x7E, 0x00, 0xB2, 0xFF, 0x24, 0x66, 0xFF, 0x7E, 0x00, 0xEB,
    0xFF, 0x03, 0x66, 0xFF, 0xBE, 0xBE, 0xFF, 0xC3, 0x00, 0x66, 0xFF, 0xFF, 0xFF, 0xBA, 0x12, 0x00,
    0x24, 0xFF, 0xFF, 0xFF, 0xFF, 0xFF, 0x24, 0xFF, 0xD5, 0x8A, 0x8A, 0x79, 0x24, 0xFF, 0xA7, 0x1E,
    0x1E, 0x10, 0x24, 0xFF, 0xFF, 0xFF, 0xFF, 0xB9, 0x24, 0xFF, 0xC6, 0x66, 0x66, 0x3A, 0x24, 0xFF,
    0xBA, 0x00, 0x00, 0x00, 0x24, 0xFF, 0xD5, 0x8A, 0x8A, 0x79, 0x24, 0xFF, 0xFF, 0xFF, 0xFF, 0xFF,
    0x06, 0xFF, 0xFF, 0xFF, 0xFF, 0xFF, 0x06, 0xFF, 0xE6, 0x8A, 0x8A, 0x85, 0x06, 0xFF, 0xBE, 0x1E,
    0x1E, 0x13, 0x06, 0xFF, 0xFF, 0xFF, 0xFF, 0xD7, 0x06, 0xFF, 0xD8, 0x66, 0x66, 0x43, 0x06, 0xFF,
    0xB4, 0x00, 0x00, 0x00, 0x06, 0xFF, 0xB4, 0x00, 0x00, 0x00, 0x06, 0xFF, 0xB4, 0x00, 0x00, 0x00,
    0x00, 0x2B, 0xDE, 0xFF, 0xFF, 0xA3, 0x00, 0x00, 0xF3, 0xFF, 0xAA, 0xBD, 0xDC, 0x00, 0x43, 0xFF,
    0xAA, 0x00, 0x00, 0x12, 0x00, 0x78, 0xFF, 0x7E, 0x06, 0x12, 0x12, 0x00, 0x84, 0xFF, 0x7C, 0x9C,
    0xFF, 0xFF, 0x18, 0x49, 0xFF, 0xAA, 0x24, 0xB5, 0xFF, 0x18, 0x00, 0xF0, 0xFF, 0xA3, 0xC1, 0xFF,
    0x18, 0x00, 0x28, 0xE1, 0xFF, 0xFF, 0xAD, 0x04, 0x66, 0xFF, 0x7E, 0x00, 0xE1, 0xFF, 0x66, 0xFF,
    0x7E, 0x00, 0xE1, 0xFF, 0x66, 0xFF, 0x96, 0x24, 0xE9, 0xFF, 0x66, 0xFF, 0xFF, 0xFF, 0xFF, 0xFF,
    0x66, 0xFF, 0xA5, 0x6C, 0xFB, 0xFF, 0x66, 0xFF, 0x7E, 0x00, 0xE1, 0xFF, 0x66, 0xFF, 0x7E, 0x00,
    0xE1, 0xFF, 0x66, 0xFF, 0x7E, 0x00, 0xE1, 0xFF, 0x1E, 0xFF, 0xFF, 0xFF, 0xFF, 0xE1, 0x0A, 0x8A,
    0xD5, 0xFF, 0xA3, 0x60, 0x00, 0x00, 0xBA, 0xFF, 0x2A, 0x00, 0x00, 0x00, 0xBA, 0xFF, 0x2A, 0x00,
    0x00, 0x00, 0xBA, 0xFF, 0x2A, 0x00, 0x00, 0x00, 0xBA, 0xFF, 0x2A, 0x00, 0x0A, 0x8A, 0xD5, 0xFF,
    0xA3, 0x60, 0x1E, 0xFF, 0xFF, 0xFF, 0xFF, 0xE1, 0x00, 0x2A, 0xFF, 0xFF, 0xFF, 0xA2, 0x00, 0x0F,
    0x8A, 0xB4, 0xFF, 0xA2, 0x00, 0x00, 0x00, 0x42, 0xFF, 0xA2, 0x00, 0x00, 0x00, 0x42, 0xFF, 0xA2,
    0x00, 0x00, 0x00, 0x42, 0xFF, 0xA2, 0x19, 0x00, 0x00, 0x4C, 0xFF, 0x96, 0xA0, 0xDF, 0xA9, 0xE8,
    0xFF, 0x57, 0x55, 0xF8, 0xFF, 0xFF, 0xA6, 0x00, 0x90, 0xFF, 0x54, 0x01, 0xDE, 0xFF, 0x37, 0x90,
    0xFF, 0x54, 0xBB, 0xFF, 0x6F, 0x00, 0x90, 0xFF, 0xBD, 0xFF, 0xB7, 0x00, 0x00, 0x90, 0xFF, 0xFF,
    0xFF, 0x3C, 0x00, 0x00, 0x90, 0xFF, 0xFF, 0xFF, 0xD9, 0x00, 0x00, 0x90, 0xFF, 0x60, 0xA1, 0xFF,
    0x55, 0x00, 0x90, 0xFF, 0x54, 0x15, 0xFF, 0xF3, 0x00, 0x90, 0xFF, 0x54, 0x00, 0xAC, 0xFF, 0x75,
    0xFF, 0xFF, 0x00, 0x00, 0x00, 0x00, 0xFF, 0xFF, 0x00, 0x00, 0x00, 0x00, 0xFF, 0xFF, 0x00, 0x00,
    0x00, 0x00, 0xFF, 0xFF, 0x00, 0x00, 0x00, 0x00, 0xFF, 0xFF, 0x00, 0x00, 0x00, 0x00, 0xFF, 0xFF,
    0x00, 0x00, 0x00, 0x00, 0xFF, 0xFF, 0x8A, 0x8A, 0x8A, 0x19, 0xFF, 0xFF, 0xFF, 0xFF, 0xFF, 0x48,
    0xAA, 0xFF, 0xBD, 0x00, 0xFF, 0xFF, 0x3C, 0xAA, 0xFF, 0xF3, 0x36, 0xFF, 0xFF, 0x3C, 0xAA, 0xFF,
    0xFF, 0xB4, 0xF8, 0xFF, 0x3C, 0xAA, 0xFF, 0xE1, 0xFF, 0xAC, 0xFF, 0x3C, 0xAA, 0xFF, 0xAF, 0xFF,
    0x72, 0xFF, 0x3C, 0xAA, 0xFF, 0x0A, 0x22, 0x4E, 0xFF, 0x3C, 0xAA, 0xFF, 0x00, 0x00, 0x4E, 0xFF,
    0x3C, 0xAA, 0xFF, 0x00, 0x00, 0x4E, 0xFF, 0x3C, 0x8A, 0xFF, 0xAA, 0x00, 0xA2, 0xFF, 0x8A, 0xFF,
    0xFF, 0x06, 0xA2, 0xFF, 0x8A, 0xFF, 0xFF, 0x73, 0xA2, 0xFF, 0x8A, 0xFF, 0xBD, 0xDC, 0xA2, 0xFF,
    0x8A, 0xFF, 0x2E, 0xFF, 0xA3, 0xFF, 0x8A, 0xFF, 0x0C, 0xDC, 0xFF, 0xFF, 0x8A, 0xFF, 0x0C, 0x73,
    0xFF, 0xFF, 0x8A, 0xFF, 0x0C, 0x04, 0xFF, 0xFF, 0x00, 0x75, 0xFF, 0xFF, 0xDC, 0x1C, 0x00, 0x15,
    0xFF, 0xFF, 0xBA, 0xFF, 0xC9, 0x00, 0x81, 0xFF, 0x6F, 0x00, 0xD5, 0xFF, 0x00, 0xAC, 0xFF, 0x40,
    0x00, 0xAD, 0xFF, 0x1C, 0xAE, 0xFF, 0x40, 0x00, 0xAF, 0xFF, 0x1B, 0x81, 0xFF, 0x70, 0x00, 0xD7,
    0xFF, 0x00, 0x13, 0xFF, 0xFF, 0xBA, 0xFF, 0xC6, 0x00, 0x00, 0x66, 0xFF, 0xFF, 0xDF, 0x19, 0x00,
    0x2A, 0xFF, 0xFF, 0xFF, 0xFC, 0x66, 0x00, 0x2A, 0xFF, 0xC8, 0x85, 0xFF, 0xFF, 0x09, 0x2A, 0xFF,
    0xB4, 0x00, 0xA0, 0xFF, 0x37, 0x2A, 0xFF, 0xBD, 0x25, 0xEB, 0xFF, 0x13, 0x2A, 0xFF, 0xFF, 0xFF,
    0xFF, 0xAC, 0x00, 0x2A, 0xFF, 0xBC, 0x46, 0x15, 0x00, 0x00, 0x2A, 0xFF, 0xB4, 0x00, 0x00, 0x00,
    0x00, 0x2A, 0xFF, 0xB4, 0x00, 0x00, 0x00, 0x00, 0x00, 0x75, 0xFF, 0xFF, 0xDC, 0x1C, 0x00, 0x15,
    0xFF, 0xFF, 0xBA, 0xFF, 0xC9, 0x00, 0x81, 0xFF, 0x6F, 0x00, 0xD5, 0xFF, 0x00, 0xAC, 0xFF, 0x40,
    0x00, 0xAD, 0xFF, 0x1C, 0xAC, 0xFF, 0x40, 0x00, 0xAF, 0xFF, 0x21, 0x81, 0xFF, 0x70, 0x00, 0xD7,
    0xFF, 0x04, 0x13, 0xFF, 0xFF, 0xBA, 0xFF, 0xCF, 0x00, 0x00, 0x63, 0xFF, 0xFF, 0xFF, 0x28, 0x00,
    0x00, 0x00, 0x00, 0x30, 0xFF, 0xD4, 0x04, 0x00, 0x00, 0x00, 0x00, 0x51, 0xA0, 0x49, 0x6C, 0xFF,
    0xFF, 0xFF, 0xED, 0x39, 0x00, 0x6C, 0xFF, 0xA1, 0x97, 0xFF, 0xDE, 0x00, 0x6C, 0xFF, 0x72, 0x00,
    0xF3, 0xFF, 0x00, 0x6C, 0xFF, 0x7E, 0x37, 0xFF, 0xE2, 0x00, 0x6C, 0xFF, 0xFF, 0xFF, 0xFF, 0x25,
    0x00, 0x6C, 0xFF, 0xB4, 0xD4, 0xFF, 0x4F, 0x00, 0x6C, 0xFF, 0x72, 0x0F, 0xFF, 0xF6, 0x00, 0x6C,
    0xFF, 0x72, 0x00, 0x97, 0xFF, 0x82, 0x00, 0x9C, 0xFF, 0xFF, 0xFF, 0x76, 0x3A, 0xFF, 0xCD, 0x79,
    0xA2, 0xA8, 0x64, 0xFF, 0xB8, 0x00, 0x00, 0x00, 0x0A, 0xFC, 0xFF, 0xFF, 0xA3, 0x06, 0x00, 0x06,
    0x84, 0xF0, 0xFF, 0xC1, 0x04, 0x00, 0x00, 0x00, 0xF1, 0xFF, 0x6A, 0xE4, 0x93, 0x88, 0xFF, 0xFF,
    0x36, 0xE7, 0xFF, 0xFF, 0xF2, 0x46, 0xA5, 0xFF, 0xFF, 0xFF, 0xFF, 0xFF, 0x36, 0x43, 0x84, 0xD3,
    0xFF, 0x9F, 0x84, 0x12, 0x00, 0x00, 0xBA, 0xFF, 0x2A, 0x00, 0x00, 0x00, 0x00, 0xBA, 0xFF, 0x2A,
    0x00, 0x00, 0x00, 0x00, 0xBA, 0xFF, 0x2A, 0x00, 0x00, 0x00, 0x00, 0xBA, 0xFF, 0x2A, 0x00, 0x00,
    0x00, 0x00, 0xBA, 0xFF, 0x2A, 0x00, 0x00, 0x00, 0x00, 0xBA, 0xFF, 0x2A, 0x00, 0x00, 0xA8, 0xFF,
    0x3C, 0x00, 0xAA, 0xFF, 0x12, 0xA8, 0xFF, 0x3C, 0x00, 0xAA, 0xFF, 0x12, 0xA8, 0xFF, 0x3C, 0x00,
    0xAA, 0xFF, 0x12, 0xA8, 0xFF, 0x3C, 0x00, 0xAA, 0xFF, 0x12, 0xA6, 0xFF, 0x3C, 0x00, 0xAA, 0xFF,
    0x10, 0x8E, 0xFF, 0x48, 0x00, 0xB5, 0xFF, 0x01, 0x3F, 0xFF, 0xED, 0xB2, 0xFF, 0xF6, 0x00, 0x00,
    0xA2, 0xFF, 0xFF, 0xF6, 0x42, 0x00, 0xB6, 0xFF, 0x0A, 0x00, 0x94, 0xFF, 0x48, 0x7F, 0xFF, 0x54,
    0x00, 0xBF, 0xFF, 0x03, 0x24, 0xFF, 0xA5, 0x00, 0xFF, 0xE3, 0x00, 0x00, 0xFF, 0xCD, 0x0D, 0xFF,
    0xB5, 0x00, 0x00, 0xC5, 0xFF, 0x58, 0xFF, 0x5A, 0x00, 0x00, 0x91, 0xFF, 0xA1, 0xFF, 0x0A, 0x00,
    0x00, 0x36, 0xFF, 0xFF, 0xF2, 0x00, 0x00, 0x00, 0x00, 0xFF, 0xFF, 0xA7, 0x00, 0x00, 0xFF, 0xA6,
    0x00, 0x00, 0x00, 0xFF, 0xB4, 0xFF, 0xAA, 0x00, 0x00, 0x00, 0xFF, 0xAC, 0xDE, 0xC9, 0xA8, 0xFF,
    0x1C, 0xFF, 0x7F, 0xB6, 0xE7, 0xC5, 0xFF, 0x7E, 0xFF, 0x54, 0xAC, 0xFF, 0xFF, 0xDC, 0xC4, 0xFF,
    0x27, 0x7C, 0xFF, 0xFF, 0x7C, 0xFF, 0xFF, 0x03, 0x4E, 0xFF, 0xF1, 0x27, 0xFF, 0xFF, 0x00, 0x1E,
    0xFF, 0xB0, 0x00, 0xFF, 0xF2, 0x00, 0xA2, 0xFF, 0x39, 0x00, 0xA2, 0xFF, 0x36, 0x0F, 0xFF, 0xE2,
    0x2D, 0xFF, 0xAC, 0x00, 0x00, 0x82, 0xFF, 0xFF, 0xFF, 0x15, 0x00, 0x00, 0x00, 0xF1, 0xFF, 0x96,
    0x00, 0x00, 0x00, 0x03, 0xFF, 0xFF, 0xB1, 0x00, 0x00, 0x00, 0x9C, 0xFF, 0xF3, 0xFF, 0x22, 0x00,
    0x19, 0xFF, 0xCF, 0x21, 0xFF, 0xC5, 0x00, 0xB6, 0xFF, 0x2A, 0x00, 0xAB, 0xFF, 0x4C, 0xDF, 0xFF,
    0x15, 0x00, 0x8E, 0xFF, 0x7B, 0x49, 0xFF, 0xB7, 0x03, 0xFF, 0xFF, 0x01, 0x00, 0xD9, 0xFF, 0x91,
    0xFF, 0x73, 0x00, 0x00, 0x43, 0xFF, 0xFF, 0xFC, 0x00, 0x00, 0x00, 0x00, 0xD4, 0xFF, 0x6F, 0x00,
    0x00, 0x00, 0x00, 0xBA, 0xFF, 0x2A, 0x00, 0x00, 0x00, 0x00, 0xBA, 0xFF, 0x2A, 0x00, 0x00, 0x00,
    0x00, 0xBA, 0xFF, 0x2A, 0x00, 0x00, 0x90, 0xFF, 0xFF, 0xFF, 0xFF, 0xFF, 0x12, 0x33, 0x8A, 0x8A,
    0xA6, 0xFF, 0xFF, 0x04, 0x00, 0x00, 0x00, 0xD3, 0xFF, 0x52, 0x00, 0x00, 0x00, 0x7F, 0xFF, 0xA1,
    0x00, 0x00, 0x00, 0x21, 0xFF, 0xFD, 0x06, 0x00, 0x00, 0x00, 0xD8, 0xFF, 0x3C, 0x00, 0x00, 0x00,
    0x7C, 0xFF, 0xE3, 0x8A, 0x8A, 0x8A, 0x10, 0xA0, 0xFF, 0xFF, 0xFF, 0xFF, 0xFF, 0x30, 0xB4, 0xFF,
    0xFF, 0xFF, 0x72, 0xB4, 0xFF, 0x00, 0x00, 0x00, 0xB4, 0xFF, 0x00, 0x00, 0x00, 0xB4, 0xFF, 0x00,
    0x00, 0x00, 0xB4, 0xFF, 0x00, 0x00, 0x00, 0xB4, 0xFF, 0x00, 0x00, 0x00, 0xB4, 0xFF, 0x00, 0x00,
    0x00, 0xB4, 0xFF, 0x00, 0x00, 0x00, 0xB4, 0xFF, 0x00, 0x00, 0x00, 0xB1, 0xFF, 0xFF, 0xFF, 0x6D,
    0x3F, 0xFF, 0x1B, 0x00, 0x00, 0x00, 0x00, 0x00, 0xDD, 0xBE, 0x00, 0x00, 0x00, 0x00, 0x00, 0x54,
    0xFF, 0x0F, 0x00, 0x00, 0x00, 0x00, 0x00, 0xF1, 0xA6, 0x00, 0x00, 0x00, 0x00, 0x00, 0x6D, 0xFF,
    0x07, 0x00, 0x00, 0x00, 0x00, 0x00, 0xFF, 0x8E, 0x00, 0x00, 0x00, 0x00, 0x00, 0x85, 0xFF, 0x01,
    0x00, 0x00, 0x00, 0x00, 0x04, 0xFF, 0x76, 0x00, 0x00, 0x00, 0x00, 0x00, 0x9C, 0xF8, 0x00, 0xDC,
    0xFF, 0xFF, 0xFF, 0x24, 0x00, 0x00, 0x78, 0xFF, 0x24, 0x00, 0x00, 0x78, 0xFF, 0x24, 0x00, 0x00,
    0x78, 0xFF, 0x24, 0x00, 0x00, 0x78, 0xFF, 0x24, 0x00, 0x00, 0x78, 0xFF, 0x24, 0x00, 0x00, 0x78,
    0xFF, 0x24, 0x00, 0x00, 0x78, 0xFF, 0x24, 0x00, 0x00, 0x78, 0xFF, 0x24, 0xD4, 0xFF, 0xFF, 0xFF,
    0x22, 0x00, 0x03, 0xE7, 0xFF, 0x88, 0x00, 0x00, 0x00, 0xA6, 0xFF, 0xCE, 0xFF, 0x43, 0x00, 0x73,
    0xFF, 0x4E, 0x00, 0xA2, 0xFF, 0x16, 0xB4, 0xFF, 0xFF, 0xFF, 0xFF, 0xFF, 0x27, 0x15, 0x2A, 0x2A,
    0x2A, 0x2A, 0x2A, 0x04, 0xA9, 0xFF, 0x1C, 0x00, 0x00, 0xAC, 0xE4, 0x01, 0x00, 0xCA, 0xFF, 0xFF,
    0xFF, 0x58, 0x00, 0x00, 0xA9, 0x5B, 0x46, 0xFD, 0xFF, 0x00, 0x0A, 0xBA, 0xFF, 0xFF, 0xFF, 0xFF,
    0x00, 0x8E, 0xFF, 0xAC, 0x3C, 0xE2, 0xFF, 0x00, 0x97, 0xFF, 0xA8, 0x4E, 0xFF, 0xFF, 0x00, 0x0F,
    0xE1, 0xFF, 0xFD, 0xD0, 0xFF, 0x12, 0x48, 0xFF, 0x90, 0x00, 0x00, 0x00, 0x00, 0x48, 0xFF, 0x90,
    0x00, 0x00, 0x00, 0x00, 0x48, 0xFF, 0xC0, 0xFF, 0xFF, 0x63, 0x00, 0x48, 0xFF, 0xFF, 0x7F, 0xFF,
    0xFF, 0x00, 0x48, 0xFF, 0xA8, 0x00, 0xBE, 0xFF, 0x1F, 0x48, 0xFF, 0xA6, 0x00, 0xA1, 0xFF, 0x1E,
    0x48, 0xFF, 0xFF, 0x7F, 0xFF, 0xFF, 0x00, 0x48, 0xFF, 0xAD, 0xFF, 0xFF, 0x64, 0x00, 0x00, 0x3A,
    0xE9, 0xFF, 0xFF, 0x96, 0x01, 0xFF, 0xFF, 0x8A, 0x81, 0x93, 0x30, 0xFF, 0xB5, 0x00, 0x00, 0x00,
    0x31, 0xFF, 0xB4, 0x00, 0x00, 0x00, 0x03, 0xFF, 0xFF, 0x8B, 0x87, 0x97, 0x00, 0x3D, 0xEB, 0xFF,
    0xFF, 0x97, 0x00, 0x00, 0x00, 0x00, 0xF0, 0xFF, 0x00, 0x00, 0x00, 0x00, 0xF0, 0xFF, 0x00, 0xB2,
    0xFF, 0xDE, 0xFC, 0xFF, 0x5E, 0xFF, 0xC8, 0xA6, 0xFF, 0xFF, 0xAF, 0xFF, 0x2D, 0x00, 0xFF, 0xFF,
    0xB1, 0xFF, 0x30, 0x00, 0xFF, 0xFF, 0x5E, 0xFF, 0xCB, 0xA5, 0xFF, 0xFF, 0x00, 0xB2, 0xFF, 0xED,
    0xE3, 0xFF, 0x00, 0x97, 0xFF, 0xFF, 0xFC, 0x48, 0x00, 0x55, 0xFF, 0xB2, 0x54, 0xEC, 0xFF, 0x01,
    0xA2, 0xFF, 0xFF, 0xFF, 0xFF, 0xFF, 0x27, 0xBB, 0xFF, 0x60, 0x3C, 0x3C, 0x3C, 0x07, 0x54, 0xFF,
    0xD4, 0x63, 0x8B, 0xCD, 0x00, 0x00, 0x8D, 0xFF, 0xFF, 0xFF, 0xBE, 0x00, 0x00, 0x00, 0x72, 0xFF,
    0xFF, 0xE1, 0x00, 0x00, 0xDF, 0xFF, 0x4B, 0x2D, 0x42, 0xFF, 0xFF, 0xFF, 0xFF, 0xE1, 0x0A, 0x42,
    0xF5, 0xFF, 0x42, 0x2D, 0x00, 0x00, 0xE6, 0xFF, 0x00, 0x00, 0x00, 0x00, 0xE6, 0xFF, 0x00, 0x00,
    0x00, 0x00, 0xE6, 0xFF, 0x00, 0x00, 0x00, 0x00, 0xE6, 0xFF, 0x00, 0x00, 0x00, 0xB8, 0xFF, 0xF7,
    0xE1, 0xFF, 0x40, 0xFF, 0xD7, 0x96, 0xFF, 0xFF, 0x9C, 0xFF, 0x3F, 0x00, 0xF2, 0xFF, 0xA2, 0xFF,
    0x3C, 0x00, 0xF0, 0xFF, 0x4E, 0xFF, 0xCD, 0x84, 0xFF, 0xFF, 0x00, 0xA1, 0xFF, 0xFF, 0xFF, 0xFF,
    0x00, 0x8D, 0x64, 0x75, 0xFF, 0xDD, 0x00, 0xDA, 0xFF, 0xFF, 0xF1, 0x3A, 0x1E, 0xFF, 0xBA, 0x00,
    0x00, 0x00, 0x1E, 0xFF, 0xBA, 0x00, 0x00, 0x00, 0x1E, 0xFF, 0xCF, 0xFF, 0xFF, 0x54, 0x1E, 0xFF,
    0xFF, 0x7C, 0xFF, 0xD2, 0x1E, 0xFF, 0xA1, 0x00, 0xFF, 0xEE, 0x1E, 0xFF, 0xBA, 0x00, 0xFF, 0xF0,
    0x1E, 0xFF, 0xBA, 0x00, 0xFF, 0xF0, 0x1E, 0xFF, 0xBA, 0x00, 0xFF, 0xF0, 0x00, 0x00, 0xB2, 0xCA,
    0x00, 0x00, 0x00, 0x00, 0x00, 0xE6, 0xFF, 0x00, 0x00, 0x00, 0x00, 0x00, 0x00, 0x00, 0x00, 0x00,
    0x00, 0x06, 0xFF, 0xFF, 0xFF, 0x00, 0x00, 0x00, 0x00, 0x42, 0xF8, 0xFF, 0x00, 0x00, 0x00, 0x00,
    0x00, 0xEB, 0xFF, 0x00, 0x00, 0x00, 0x00, 0x00, 0xE6, 0xFF, 0x00, 0x00, 0x00, 0x00, 0x00, 0xC1,
    0xFF, 0x63, 0x42, 0x03, 0x00, 0x00, 0x40, 0xFF, 0xFF, 0xFF, 0x18, 0x00, 0x00, 0x00, 0xD2, 0xAB,
    0x00, 0x00, 0x00, 0xFF, 0xDC, 0x00, 0x00, 0x00, 0x00, 0x00, 0x00, 0xAE, 0xFF, 0xFF, 0xE1, 0x00,
    0x1C, 0x42, 0xFF, 0xE1, 0x00, 0x00, 0x00, 0xFF, 0xE1, 0x00, 0x00, 0x00, 0xFF, 0xE1, 0x00, 0x00,
    0x00, 0xFF, 0xE1, 0x00, 0x00, 0x00, 0xFF, 0xDD, 0x06, 0x42, 0x69, 0xFF, 0xBA, 0x24, 0xFF, 0xFF,
    0xFF, 0x3C, 0x18, 0xFF, 0xA5, 0x00, 0x00, 0x00, 0x00, 0x18, 0xFF, 0xA5, 0x00, 0x00, 0x00, 0x00,
    0x18, 0xFF, 0xA5, 0x37, 0xFF, 0xF1, 0x12, 0x18, 0xFF, 0xC5, 0xFF, 0xEC, 0x0F, 0x00, 0x18, 0xFF,
    0xFF, 0xFF, 0x5E, 0x00, 0x00, 0x18, 0xFF, 0xED, 0xF6, 0xFF, 0x06, 0x00, 0x18, 0xFF, 0xA5, 0x4B,
    0xFF, 0xB7, 0x00, 0x18, 0xFF, 0xA5, 0x00, 0xC1, 0xFF, 0x39, 0xB4, 0xFF, 0xFF, 0xE1, 0x00, 0x00,
    0x1E, 0x42, 0xFF, 0xE1, 0x00, 0x00, 0x00, 0x00, 0xFF, 0xE1, 0x00, 0x00, 0x00, 0x00, 0xFF, 0xE1,
    0x00, 0x00, 0x00, 0x00, 0xFF, 0xE1, 0x00, 0x00, 0x00, 0x00, 0xFF, 0xE3, 0x00, 0x00, 0x00, 0x00,
    0xF2, 0xFF, 0x5A, 0x43, 0x00, 0x00, 0x66, 0xFF, 0xFF, 0xFF, 0xB4, 0xFB, 0xFF, 0xDC, 0xFF, 0xF5,
    0x03, 0xB4, 0xFF, 0xA3, 0xFF, 0x5E, 0xFF, 0x34, 0xB4, 0xEB, 0x78, 0xFF, 0x1E, 0xFF, 0x4B, 0xB4,
    0xEB, 0x78, 0xFF, 0x1E, 0xFF, 0x4E, 0xB4, 0xEB, 0x78, 0xFF, 0x1E, 0xFF, 0x4E, 0xB4, 0xEB, 0x78,
    0xFF, 0x1E, 0xFF, 0x4E, 0x1E, 0xFF, 0xC8, 0xFF, 0xFF, 0x54, 0x1E, 0xFF, 0xF7, 0x42, 0xFF, 0xD2,
    0x1E, 0xFF, 0xBE, 0x00, 0xFF, 0xEE, 0x1E, 0xFF, 0xBA, 0x00, 0xFF, 0xF0, 0x1E, 0xFF, 0xBA, 0x00,
    0xFF, 0xF0, 0x1E, 0xFF, 0xBA, 0x00, 0xFF, 0xF0, 0x00, 0x85, 0xFF, 0xFF, 0xEE, 0x31, 0x00, 0x39,
    0xFF, 0xD8, 0x78, 0xFF, 0xF3, 0x00, 0x9F, 0xFF, 0x3D, 0x00, 0xB0, 0xFF, 0x10, 0xA0, 0xFF, 0x3D,
    0x00, 0xB1, 0xFF, 0x0F, 0x3C, 0xFF, 0xD9, 0x7E, 0xFF, 0xEE, 0x00, 0x00, 0x8A, 0xFF, 0xFF, 0xEB,
    0x2D, 0x00, 0x48, 0xFF, 0xB9, 0xFF, 0xFF, 0x63, 0x00, 0x48, 0xFF, 0xFB, 0x45, 0xFF, 0xFF, 0x00,
    0x48, 0xFF, 0xA0, 0x00, 0xB8, 0xFF, 0x1F, 0x48, 0xFF, 0xAC, 0x00, 0xA5, 0xFF, 0x1E, 0x48, 0xFF,
    0xFF, 0x87, 0xFF, 0xFF, 0x00, 0x48, 0xFF, 0xBF, 0xFF, 0xFF, 0x67, 0x00, 0x48, 0xFF, 0x90, 0x00,
    0x00, 0x00, 0x00, 0x48, 0xFF, 0x90, 0x00, 0x00, 0x00, 0x00, 0x00, 0xB2, 0xFF, 0xEE, 0xE4, 0xFF,
    0x5E, 0xFF, 0xC1, 0x9F, 0xFF, 0xFF, 0xAF, 0xFF, 0x2B, 0x00, 0xFF, 0xFF, 0xAF, 0xFF, 0x31, 0x00,
    0xFF, 0xFF, 0x5E, 0xFF, 0xCF, 0xAB, 0xFF, 0xFF, 0x00, 0xB2, 0xFF, 0xDD, 0xFB, 0xFF, 0x00, 0x00,
    0x00, 0x00, 0xF0, 0xFF, 0x00, 0x00, 0x00, 0x00, 0xF0, 0xFF, 0xE1, 0xFF, 0xC9, 0xFF, 0xFF, 0xE1,
    0xFF, 0xA1, 0x49, 0x84, 0xE1, 0xFF, 0x00, 0x00, 0x00, 0xE1, 0xFF, 0x00, 0x00, 0x00, 0xE1, 0xFF,
    0x00, 0x00, 0x00, 0xE1, 0xFF, 0x00, 0x00, 0x00, 0x00, 0x9D, 0xFF, 0xFF, 0xFF, 0x58, 0x0A, 0xFF,
    0xC5, 0x3A, 0x78, 0x48, 0x00, 0xFF, 0xFF, 0xDA, 0x96, 0x06, 0x00, 0x13, 0x93, 0xCF, 0xFF, 0xAD,
    0x00, 0xB8, 0x4F, 0x42, 0xFF, 0xD4, 0x00, 0xE9, 0xFF, 0xFF, 0xFF, 0x49, 0x00, 0x00, 0x00, 0x22,
    0x00, 0x00, 0x00, 0x00, 0xDE, 0xDF, 0x00, 0x00, 0x00, 0x00, 0xFF, 0xE1, 0x00, 0x00, 0x9C, 0xFF,
    0xFF, 0xFF, 0xFF, 0xF5, 0x19, 0x42, 0xFF, 0xF1, 0x42, 0x31, 0x00, 0x00, 0xFF, 0xE1, 0x00, 0x00,
    0x00, 0x00, 0xFF, 0xE1, 0x00, 0x00, 0x00, 0x00, 0xFF, 0xFF, 0x51, 0x31, 0x00, 0x00, 0x93, 0xFF,
    0xFF, 0xF5, 0x36, 0xFF, 0xA8, 0x00, 0xFF, 0xE1, 0x36, 0xFF, 0xA8, 0x00, 0xFF, 0xE1, 0x36, 0xFF,
    0xA8, 0x00, 0xFF, 0xE1, 0x34, 0xFF, 0xA9, 0x00, 0xFF, 0xE1, 0x15, 0xFF, 0xE9, 0x9F, 0xFF, 0xE1,
    0x00, 0xAC, 0xFF, 0xE2, 0xFF, 0xE1, 0x9C, 0xFF, 0x3F, 0x00, 0xAD, 0xFF, 0x13, 0x24, 0xFF, 0xA8,
    0x00, 0xFF, 0xE2, 0x00, 0x00, 0xF6, 0xE3, 0x22, 0xFF, 0x96, 0x00, 0x00, 0xAE, 0xFF, 0x96, 0xFF,
    0x1F, 0x00, 0x00, 0x33, 0xFF, 0xFF, 0xF1, 0x00, 0x00, 0x00, 0x00, 0xFF, 0xFF, 0xA8, 0x00, 0x00,
    0xFF, 0x94, 0x00, 0x00, 0x00, 0xF6, 0xAA, 0xE8, 0xAF, 0x3F, 0xA5, 0x01, 0xFF, 0x85, 0xAF, 0xE1,
    0xA8, 0xFF, 0x58, 0xFF, 0x3F, 0x8B, 0xFF, 0xEC, 0xE2, 0xBF, 0xFF, 0x06, 0x45, 0xFF, 0xFF, 0x78,
    0xFF, 0xFF, 0x00, 0x07, 0xFF, 0xDE, 0x1C, 0xFF, 0xC6, 0x00, 0x4B, 0xFF, 0xBB, 0x13, 0xFF, 0xFB,
    0x06, 0x00, 0xAF, 0xFF, 0xD3, 0xFF, 0x36, 0x00, 0x00, 0x01, 0xEE, 0xFF, 0x99, 0x00, 0x00, 0x00,
    0x16, 0xFF, 0xFF, 0xB4, 0x00, 0x00, 0x00, 0xCE, 0xFF, 0xB2, 0xFF, 0x69, 0x00, 0x85, 0xFF, 0xA0,
    0x03, 0xFF, 0xFF, 0x1C, 0xA3, 0xFF, 0x51, 0x00, 0xAF, 0xFF, 0x45, 0x16, 0xFF, 0xB9, 0x00, 0xFF,
    0xFC, 0x00, 0x00, 0xC4, 0xFF, 0x45, 0xFF, 0x9A, 0x00, 0x00, 0x4F, 0xFF, 0xFF, 0xFF, 0x15, 0x00,
    0x00, 0x00, 0xFF, 0xFF, 0xC8, 0x00, 0x00, 0x00, 0x00, 0xAC, 0xFF, 0x5A, 0x00, 0x00, 0x10, 0x4B,
    0xF8, 0xFF, 0x00, 0x00, 0x00, 0x66, 0xFF, 0xFF, 0x57, 0x00, 0x00, 0x00, 0x00, 0xFF, 0xFF, 0xFF,
    0xFF, 0xFF, 0x00, 0x36, 0x36, 0xA2, 0xFF, 0xA7, 0x00, 0x00, 0x45, 0xFF, 0xD5, 0x01, 0x00, 0x27,
    0xFF, 0xF8, 0x0D, 0x00, 0x0C, 0xFF, 0xFF, 0x55, 0x36, 0x2B, 0x30, 0xFF, 0xFF, 0xFF, 0xFF, 0xFF,
    0x00, 0x00, 0x69, 0xFF, 0xFF, 0x93, 0x00, 0x00, 0xC6, 0xFF, 0x0C, 0x00, 0x00, 0x00, 0xD3, 0xFF,
    0x00, 0x00, 0x00, 0x1C, 0xFF, 0xE8, 0x00, 0x00, 0xBA, 0xFF, 0xFF, 0x60, 0x00, 0x00, 0x00, 0x25,
    0xFF, 0xD8, 0x00, 0x00, 0x00, 0x00, 0xD7, 0xFC, 0x00, 0x00, 0x00, 0x00, 0xD0, 0xFF, 0x00, 0x00,
    0x00, 0x00, 0xBB, 0xFF, 0x13, 0x00, 0x00, 0x00, 0x4F, 0xFF, 0xFF, 0x96, 0x72, 0xFF, 0x72, 0xFF,
    0x72, 0xFF, 0x72, 0xFF, 0x72, 0xFF, 0x72, 0xFF, 0x72, 0xFF, 0x72, 0xFF, 0x72, 0xFF, 0x72, 0xFF,
    0x51, 0xD3, 0xF1, 0xFF, 0xF2, 0x0D, 0x00, 0x00, 0x00, 0x72, 0xFF, 0x57, 0x00, 0x00, 0x00, 0x42,
    0xFF, 0x66, 0x00, 0x00, 0x00, 0x2D, 0xFF, 0xA5, 0x00, 0x00, 0x00, 0x00, 0xBE, 0xFF, 0xFF, 0x25,
    0x00, 0x15, 0xFF, 0xC5, 0x2D, 0x03, 0x00, 0x3D, 0xFF, 0x6D, 0x00, 0x00, 0x00, 0x43, 0xFF, 0x64,
    0x00, 0x00, 0x00, 0x81, 0xFF, 0x4B, 0x00, 0x00, 0xF5, 0xFF, 0xDE, 0x04, 0x00, 0x00, 0x00, 0x00,
    0x01, 0x00, 0x00, 0x0C, 0x01, 0x15, 0xFB, 0xFF, 0x5A, 0x16, 0xFF, 0x51, 0x9D, 0xFF, 0xAC, 0xFF,
    0x78, 0xFF, 0x24, 0xBA, 0xE1, 0x04, 0xF3, 0xFF, 0xD7, 0x00, 0x34, 0x37, 0x00, 0x04, 0x39, 0x03,
    0x00, 0xA6, 0xFF, 0x2D, 0x9A, 0xFF, 0x22, 0x00, 0x00, 0x00, 0x33, 0xEE, 0x00, 0x66, 0xFF, 0x00,
    0x99, 0xFF, 0x04, 0xB4, 0xFF, 0x16, 0xB4, 0xFF, 0x18, 0x48, 0x9C, 0x09, 0x00, 0x00, 0x00, 0x19,
    0x0F, 0x00, 0x00, 0x00, 0x00, 0xBA, 0x6C, 0x00, 0x00, 0x3A, 0xF3, 0xFF, 0xFF, 0xA8, 0x01, 0xFF,
    0xFF, 0xD4, 0xAD, 0x8A, 0x2A, 0xFF, 0x85, 0xBA, 0x6C, 0x00, 0x39, 0xFF, 0x6D, 0xBA, 0x6C, 0x00,
    0x07, 0xFF, 0xC0, 0xBA, 0x6F, 0x37, 0x00, 0x81, 0xFF, 0xFF, 0xFF, 0xB4, 0x00, 0x00, 0x31, 0xD4,
    0xAB, 0x22, 0x00, 0x00, 0x00, 0xBA, 0x6C, 0x00, 0x00, 0x00, 0x5E, 0xFF, 0xFF, 0xF8, 0x00, 0x00,
    0x00, 0xFF, 0xFF, 0x81, 0xBD, 0x00, 0x00, 0x12, 0xFF, 0xBA, 0x00, 0x00, 0x00, 0x00, 0x24, 0xFF,
    0xA8, 0x00, 0x00, 0x00, 0x3A, 0xFF, 0xFF, 0xFF, 0xFF, 0x5E, 0x00, 0x09, 0x5E, 0xFF, 0xAA, 0x42,
    0x10, 0x00, 0x31, 0xA0, 0xFF, 0xCB, 0x8A, 0x8A, 0x03, 0x8A, 0xFF, 0xFF, 0xFF, 0xFF, 0xFF, 0x0C,
    0x76, 0x0F, 0x00, 0x0F, 0x79, 0xB6, 0xFF, 0xFF, 0xFF, 0xB5, 0x60, 0xEB, 0x06, 0xE7, 0x60, 0x5E,
    0xF0, 0x07, 0xEB, 0x60, 0xB7, 0xFF, 0xFF, 0xFF, 0xB9, 0x75, 0x0F, 0x00, 0x0F, 0x72, 0xE3, 0xFF,
    0x12, 0x00, 0x88, 0xFF, 0x7F, 0x55, 0xFF, 0xA8, 0x00, 0xFF, 0xFF, 0x03, 0x00, 0xEB, 0xFF, 0x70,
    0xFF, 0x88, 0x00, 0xD4, 0xFF, 0xFF, 0xFF, 0xFF, 0xFF, 0x73, 0x00, 0x00, 0xEB, 0xFF, 0x88, 0x00,
    0x00, 0xD4, 0xFF, 0xFF, 0xFF, 0xFF, 0xFF, 0x73, 0x00, 0x00, 0xBA, 0xFF, 0x2A, 0x00, 0x00, 0x00,
    0x00, 0xBA, 0xFF, 0x2A, 0x00, 0x00, 0x72, 0xFF, 0x72, 0xFF, 0x72, 0xFF, 0x6D, 0xFF, 0x00, 0x00,
    0x6D, 0xFF, 0x72, 0xFF, 0x72, 0xFF, 0x72, 0xFF, 0x00, 0x54, 0xFF, 0xFF, 0xFF, 0x00, 0x00, 0xD8,
    0xFF, 0x54, 0x84, 0x00, 0x00, 0xA5, 0xFF, 0x9C, 0x04, 0x00, 0x00, 0xC4, 0xFF, 0xFF, 0xFF, 0x37,
    0x12, 0xFF, 0x87, 0x13, 0xFF, 0xCD, 0x00, 0xA1, 0xFF, 0xC3, 0xFF, 0x9A, 0x00, 0x00, 0x5D, 0xFF,
    0xFF, 0x1B, 0x00, 0x30, 0x13, 0x48, 0xFF, 0x75, 0x00, 0xB7, 0xFF, 0xFF, 0xFF, 0x1F, 0x00, 0x00,
    0x28, 0x33, 0x04, 0x00, 0x03, 0x0C, 0x01, 0x0F, 0x93, 0xFF, 0x63, 0xFF, 0x1E, 0x4B, 0x12, 0x54,
    0x00, 0x64, 0xC5, 0xC9, 0xB0, 0x1F, 0x00, 0x64, 0xCE, 0x10, 0x00, 0x48, 0xEC, 0x13, 0xDF, 0x24,
    0xCF, 0xF2, 0xA5, 0x7B, 0x9F, 0xDF, 0xB7, 0xBB, 0x00, 0x10, 0x2D, 0xB7, 0xE6, 0xA3, 0xB9, 0x00,
    0x0D, 0x82, 0xA0, 0x79, 0xDF, 0xDE, 0xF1, 0xBF, 0xF2, 0x15, 0x00, 0x58, 0xCA, 0xD0, 0xB6, 0x22,
    0x00, 0x55, 0xFF, 0xFF, 0xD3, 0x06, 0x3C, 0xCE, 0xEE, 0xFF, 0x54, 0xB6, 0xDE, 0x1C, 0xFF, 0x66,
    0x67, 0xFF, 0xFB, 0xFF, 0x60, 0x00, 0x00, 0x00, 0x00, 0x00, 0x91, 0xFF, 0xFF, 0xFF, 0x5B, 0x00,
    0x00, 0x46, 0x00, 0x16, 0x2E, 0x00, 0xAC, 0xF7, 0x3A, 0xFF, 0x57, 0xA7, 0xF1, 0x57, 0xFF, 0x78,
    0x00, 0x7F, 0xFF, 0x81, 0xFB, 0xBC, 0x09, 0x00, 0x4E, 0xEB, 0x0A, 0xC9, 0x6A, 0x00, 0x00, 0x10,
    0x00, 0x00, 0x0F, 0x06, 0x0C, 0x0C, 0x0C, 0x0C, 0x0C, 0x01, 0xAA, 0xFF, 0xFF, 0xFF, 0xFF, 0xFF,
    0x3C, 0x28, 0x4E, 0x4E, 0x4E, 0x73, 0xFF, 0x3C, 0x00, 0x00, 0x00, 0x00, 0x21, 0xE1, 0x2A, 0x4C,
    0xA5, 0xA5, 0xA5, 0x96, 0xFF, 0xFF, 0xFF, 0x00, 0x54, 0xC5, 0xC9, 0xB0, 0x1F, 0x00, 0x64, 0xC3,
    0x0F, 0x00, 0x46, 0xEB, 0x13, 0xDA, 0x19, 0xEC, 0xC6, 0x87, 0x7E, 0x9F, 0xDC, 0x18, 0xFF, 0xFF,
    0x75, 0x31, 0xB7, 0xE1, 0x21, 0xFF, 0x73, 0xC4, 0x7B, 0xA0, 0x69, 0xCF, 0x45, 0x01, 0x81, 0xEE,
    0x15, 0x00, 0x5A, 0xD4, 0xDC, 0xB7, 0x22, 0x00, 0x93, 0xFF, 0xFF, 0xFF, 0x09, 0xD0, 0xFF, 0x8A,
    0x00, 0x8A, 0xB4, 0x12, 0xFF, 0x09, 0x94, 0xB7, 0x12, 0xFF, 0x07, 0x0C, 0xD7, 0xFF, 0x8A, 0x00,
    0x00, 0x00, 0x75, 0xFF, 0x00, 0x00, 0x00, 0x03, 0x06, 0x81, 0xFF, 0x06, 0x06, 0x00, 0xAA, 0xFF,
    0xFF, 0xFF, 0xFF, 0xFF, 0x3C, 0x28, 0x4E, 0xB1, 0xFF, 0x4E, 0x4E, 0x0C, 0x00, 0x00, 0x7E, 0xFF,
    0x00, 0x00, 0x00, 0x33, 0x60, 0x60, 0x60, 0x60, 0x60, 0x0F, 0xAA, 0xFF, 0xFF, 0xFF, 0xFF, 0xFF,
    0x3C, 0x79, 0xFA, 0xFF, 0xB0, 0x00, 0x0C, 0x00, 0x43, 0xFF, 0x01, 0x00, 0x0C, 0xF0, 0xA9, 0x00,
    0x0D, 0xE6, 0xBD, 0x00, 0x00, 0xA0, 0xFF, 0xFA, 0xFA, 0x0D, 0x61, 0xFF, 0xFF, 0xB6, 0x00, 0x03,
    0x00, 0x2E, 0xFF, 0x01, 0x00, 0x8B, 0xFF, 0xB4, 0x00, 0x00, 0x00, 0x12, 0xFF, 0x2A, 0x8B, 0xF7,
    0xFB, 0xD9, 0x06, 0x00, 0x81, 0xFF, 0x39, 0x39, 0xFF, 0x3D, 0x00, 0x42, 0xFF, 0x90, 0x00, 0xFF,
    0xD7, 0x00, 0x42, 0xFF, 0x90, 0x00, 0xFF, 0xD7, 0x00, 0x42, 0xFF, 0x90, 0x00, 0xFF, 0xD7, 0x00,
    0x42, 0xFF, 0x93, 0x00, 0xFF, 0xD7, 0x00, 0x42, 0xFF, 0xE6, 0x8E, 0xFF, 0xFF, 0x21, 0x42, 0xFF,
    0xFF, 0xFF, 0xB0, 0xFF, 0x58, 0x42, 0xFF, 0x90, 0x00, 0x00, 0x00, 0x00, 0x42, 0xFF, 0x90, 0x00,
    0x00, 0x00, 0x00, 0x0C, 0xC6, 0xFF, 0xFF, 0xFF, 0xE6, 0xB2, 0xFF, 0xFF, 0xD7, 0x78, 0xE6, 0xB4,
    0xFF, 0xFF, 0xD7, 0x78, 0xE6, 0x40, 0xFF, 0xFF, 0xD7, 0x78, 0xE6, 0x00, 0x19, 0xA7, 0xD7, 0x78,
    0xE6, 0x00, 0x00, 0x7E, 0xD7, 0x78, 0xE6, 0x00, 0x00, 0x7E, 0xD7, 0x78, 0xE6, 0x00, 0x00, 0x7E,
    0xD7, 0x78, 0xE6, 0x00, 0x00, 0x60, 0xA3, 0x5B, 0xAF, 0x58, 0xCD, 0x07, 0x8B, 0xFF, 0x15, 0x00,
    0x00, 0x24, 0x00, 0x00, 0x00, 0xC3, 0x54, 0x09, 0xFA, 0xFF, 0x48, 0x54, 0xFF, 0xFF, 0x00, 0x00,
    0x0D, 0x31, 0xFF, 0x00, 0x00, 0x00, 0x2A, 0xFF, 0x00, 0x00, 0x00, 0x2A, 0xFF, 0x00, 0x00, 0x5D,
    0xFF, 0xFF, 0xFA, 0x2E, 0x07, 0xCF, 0xFF, 0xAB, 0x00, 0x87, 0xFC, 0x1C, 0xFF, 0x46, 0xBE, 0xBF,
    0x00, 0xF1, 0x7C, 0x8A, 0xFC, 0x1B, 0xFF, 0x49, 0x09, 0xD4, 0xFF, 0xB1, 0x00, 0x94, 0xFF, 0xFF,
    0xFF, 0x5D, 0x45, 0x00, 0x24, 0x21, 0x00, 0x00, 0xBA, 0xC1, 0x45, 0xFF, 0x48, 0x00, 0x09, 0xC5,
    0xE3, 0x64, 0xFF, 0x48, 0x39, 0xFF, 0xA1, 0xA8, 0xFF, 0x27, 0xBF, 0x7F, 0x4C, 0xD9, 0x12, 0x00,
    0x0F, 0x00, 0x0D, 0x01, 0x00, 0x00, 0x01, 0x27, 0x1B, 0x00, 0x00, 0x00, 0x00, 0xB1, 0xFF, 0xB4,
    0x00, 0x00, 0x00, 0x00, 0x00, 0xBA, 0xB4, 0x00, 0x00, 0x00, 0x00, 0x00, 0xBA, 0xB4, 0x00, 0x00,
    0x00, 0x00, 0xA8, 0xFF, 0xFF, 0xBB, 0x18, 0x73, 0x03, 0x12, 0x6D, 0xAC, 0xDC, 0xC9, 0x93, 0x09,
    0x99, 0x9C, 0x39, 0x09, 0xC4, 0x6F, 0x00, 0x00, 0x00, 0x00, 0xB1, 0xFF, 0xA2, 0x00, 0x00, 0x00,
    0x75, 0xAB, 0xB9, 0xA2, 0x00, 0x00, 0x00, 0xBF, 0xF3, 0xFF, 0xFF, 0x00, 0x00, 0x00, 0x00, 0x00,
    0xA1, 0x8D, 0x00, 0x01, 0x27, 0x1B, 0x00, 0x00, 0x00, 0x00, 0xB1, 0xFF, 0xB4, 0x00, 0x00, 0x00,
    0x00, 0x00, 0xBA, 0xB4, 0x00, 0x00, 0x00, 0x00, 0x00, 0xBA, 0xB4, 0x00, 0x00, 0x00, 0x00, 0xA8,
    0xFF, 0xFF, 0xBB, 0x1C, 0x75, 0x03, 0x27, 0x85, 0xBA, 0xD5, 0xBC, 0x88, 0x09, 0x7C, 0x78, 0x6D,
    0xEB, 0xF5, 0xA1, 0x00, 0x00, 0x00, 0x16, 0x07, 0x27, 0xFF, 0x15, 0x00, 0x00, 0x00, 0x06, 0xD7,
    0xA7, 0x00, 0x00, 0x00, 0x0F, 0xDD, 0xA1, 0x00, 0x00, 0x00, 0x00, 0x93, 0xFF, 0xF0, 0xF0, 0x24,
    0x7F, 0xE3, 0xEB, 0xB2, 0x00, 0x00, 0x00, 0x00, 0xA5, 0xFF, 0xAF, 0x00, 0x00, 0x00, 0x0D, 0x00,
    0x58, 0xFF, 0x00, 0x00, 0x00, 0xB7, 0xE9, 0xEE, 0x99, 0x36, 0x97, 0x04, 0x28, 0x8D, 0xC5, 0xDD,
    0xB0, 0x70, 0x06, 0x82, 0x7C, 0x1B, 0x0D, 0xDC, 0x7B, 0x00, 0x00, 0x00, 0x00, 0xBA, 0xFF, 0xA2,
    0x00, 0x00, 0x00, 0x78, 0xA8, 0xB9, 0xA2, 0x00, 0x00, 0x00, 0xBF, 0xF3, 0xFF, 0xFF, 0x00, 0x00,
    0x00, 0x00, 0x00, 0xA1, 0x8D, 0x00, 0x00, 0x00, 0x19, 0xDC, 0x49, 0x00, 0x00, 0x00, 0x31, 0xFF,
    0x6D, 0x00, 0x00, 0x00, 0x00, 0x00, 0x00, 0x00, 0x00, 0x00, 0x36, 0xFF, 0x70, 0x00, 0x00, 0x00,
    0x85, 0xFF, 0x3C, 0x00, 0x00, 0x54, 0xFF, 0xB0, 0x00, 0x00, 0x00, 0xFF, 0xDD, 0x00, 0x00, 0x00,
    0x03, 0xFF, 0xF0, 0x73, 0xA3, 0x8A, 0x00, 0x87, 0xFF, 0xFF, 0xFB, 0x4F, 0x00, 0x1C, 0xCB, 0xB5,
    0x01, 0x00, 0x00, 0x00, 0x00, 0x00, 0x00, 0x00, 0x00, 0x00, 0x00, 0x00, 0xFD, 0xFF, 0x9F, 0x00,
    0x00, 0x00, 0x1B, 0xFF, 0xFF, 0xDA, 0x00, 0x00, 0x00, 0x81, 0xFF, 0xB7, 0xFF, 0x06, 0x00, 0x00,
    0xC3, 0xFF, 0x63, 0xFF, 0x57, 0x00, 0x00, 0xFF, 0xD8, 0x1E, 0xFF, 0xA0, 0x00, 0x3A, 0xFF, 0xFF,
    0xFF, 0xFF, 0xF6, 0x00, 0xA2, 0xFF, 0x7E, 0x54, 0xCA, 0xFF, 0x16, 0xDD, 0xFF, 0x00, 0x00, 0x6C,
    0xFF, 0x79, 0x00, 0x00, 0x28, 0xF8, 0x99, 0x01, 0x00, 0x00, 0x00, 0x00, 0x00, 0x00, 0x00, 0x00,
    0x00, 0x00, 0xFD, 0xFF, 0x9F, 0x00, 0x00, 0x00, 0x1B, 0xFF, 0xFF, 0xDA, 0x00, 0x00, 0x00, 0x81,
    0xFF, 0xB7, 0xFF, 0x06, 0x00, 0x00, 0xC3, 0xFF, 0x63, 0xFF, 0x57, 0x00, 0x00, 0xFF, 0xD8, 0x1E,
    0xFF, 0xA0, 0x00, 0x3A, 0xFF, 0xFF, 0xFF, 0xFF, 0xF6, 0x00, 0xA2, 0xFF, 0x7E, 0x54, 0xCA, 0xFF,
    0x16, 0xDD, 0xFF, 0x00, 0x00, 0x6C, 0xFF, 0x79, 0x00, 0x4F, 0xED, 0xB0, 0xCE, 0x10, 0x00, 0x00,
    0x00, 0x00, 0x00, 0x00, 0x00, 0x00, 0x00, 0x00, 0xFD, 0xFF, 0x9F, 0x00, 0x00, 0x00, 0x1B, 0xFF,
    0xFF, 0xDA, 0x00, 0x00, 0x00, 0x81, 0xFF, 0xB7, 0xFF, 0x06, 0x00, 0x00, 0xC3, 0xFF, 0x63, 0xFF,
    0x57, 0x00, 0x00, 0xFF, 0xD8, 0x1E, 0xFF, 0xA0, 0x00, 0x3A, 0xFF, 0xFF, 0xFF, 0xFF, 0xF6, 0x00,
    0xA2, 0xFF, 0x7E, 0x54, 0xCA, 0xFF, 0x16, 0xDD, 0xFF, 0x00, 0x00, 0x6C, 0xFF, 0x79, 0x00, 0x37,
    0xE2, 0x70, 0xA6, 0x2B, 0x00, 0x00, 0xA5, 0xBA, 0xF5, 0xFF, 0x06, 0x00, 0x00, 0x00, 0x00, 0x00,
    0x00, 0x00, 0x00, 0x00, 0x00, 0xFD, 0xFF, 0x9F, 0x00, 0x00, 0x00, 0x1B, 0xFF, 0xFF, 0xDA, 0x00,
    0x00, 0x00, 0x81, 0xFF, 0xB7, 0xFF, 0x06, 0x00, 0x00, 0xC3, 0xFF, 0x63, 0xFF, 0x57, 0x00, 0x00,
    0xFF, 0xD8, 0x1E, 0xFF, 0xA0, 0x00, 0x3A, 0xFF, 0xFF, 0xFF, 0xFF, 0xF6, 0x00, 0xA2, 0xFF, 0x7E,
    0x54, 0xCA, 0xFF, 0x16, 0xDD, 0xFF, 0x00, 0x00, 0x6C, 0xFF, 0x79, 0x00, 0x24, 0x5A, 0x16, 0x66,
    0x00, 0x00, 0x00, 0x90, 0xFF, 0x60, 0xFF, 0x00, 0x00, 0x00, 0x00, 0x00, 0x00, 0x00, 0x00, 0x00,
    0x00, 0x00, 0xFD, 0xFF, 0x9F, 0x00, 0x00, 0x00, 0x1B, 0xFF, 0xFF, 0xDA, 0x00, 0x00, 0x00, 0x81,
    0xFF, 0xB7, 0xFF, 0x06, 0x00, 0x00, 0xC3, 0xFF, 0x63, 0xFF, 0x57, 0x00, 0x00, 0xFF, 0xD8, 0x1E,
    0xFF, 0xA0, 0x00, 0x3A, 0xFF, 0xFF, 0xFF, 0xFF, 0xF6, 0x00, 0xA2, 0xFF, 0x7E, 0x54, 0xCA, 0xFF,
    0x16, 0xDD, 0xFF, 0x00, 0x00, 0x6C, 0xFF, 0x79, 0x00, 0x01, 0xC1, 0xFF, 0x79, 0x00, 0x00, 0x00,
    0x42, 0xEE, 0x40, 0xFD, 0x00, 0x00, 0x00, 0x09, 0xFF, 0xFF, 0xAA, 0x00, 0x00, 0x00, 0x0D, 0xFF,
    0xFF, 0xC9, 0x00, 0x00, 0x00, 0x6D, 0xFF, 0xB4, 0xFF, 0x01, 0x00, 0x00, 0xB5, 0xFF, 0x61, 0xFF,
    0x48, 0x00, 0x00, 0xFF, 0xD8, 0x1E, 0xFF, 0xB4, 0x00, 0x30, 0xFF, 0xFF, 0xFF, 0xFF, 0xF0, 0x00,
    0x9D, 0xFF, 0x7E, 0x54, 0xCA, 0xFF, 0x13, 0xDC, 0xFF, 0x00, 0x00, 0x6C, 0xFF, 0x78, 0x00, 0x4C,
    0xFF, 0xFF, 0xFF, 0xFF, 0x5A, 0x00, 0xA9, 0xFF, 0xFF, 0xFC, 0x8A, 0x1F, 0x00, 0xD9, 0xCB, 0xDC,
    0xDE, 0x1E, 0x01, 0x00, 0xFF, 0xA0, 0xDC, 0xFF, 0xFF, 0x18, 0x3D, 0xFF, 0x51, 0xDD, 0xF2, 0x66,
    0x06, 0x9A, 0xFF, 0xFF, 0xFF, 0xD7, 0x00, 0x00, 0xCD, 0xF1, 0x4E, 0xF0, 0xFC, 0x8A, 0x2E, 0xFF,
    0xAF, 0x00, 0xDC, 0xFF, 0xFF, 0x84, 0x00, 0x18, 0xCB, 0xFF, 0xFF, 0xB5, 0x00, 0xCB, 0xFF, 0xBA,
    0xAC, 0xC0, 0x16, 0xFF, 0xD5, 0x00, 0x00, 0x01, 0x48, 0xFF, 0xAE, 0x00, 0x00, 0x00, 0x48, 0xFF,
    0xAE, 0x00, 0x00, 0x00, 0x15, 0xFF, 0xD7, 0x00, 0x00, 0x01, 0x00, 0xC4, 0xFF, 0xBB, 0xB4, 0xBF,
    0x00, 0x0D, 0xB6, 0xFF, 0xFF, 0xB0, 0x00, 0x00, 0x00, 0x12, 0xFB, 0x00, 0x00, 0x00, 0x84, 0xFA,
    0xC8, 0x00, 0x00, 0x0C, 0xAA, 0xDD, 0x0D, 0x00, 0x00, 0x00, 0x00, 0x00, 0x00, 0x00, 0x24, 0xFF,
    0xFF, 0xFF, 0xFF, 0xFF, 0x24, 0xFF, 0xD5, 0x8A, 0x8A, 0x79, 0x24, 0xFF, 0xA7, 0x1E, 0x1E, 0x10,
    0x24, 0xFF, 0xFF, 0xFF, 0xFF, 0xB9, 0x24, 0xFF, 0xC6, 0x66, 0x66, 0x3A, 0x24, 0xFF, 0xBA, 0x00,
    0x00, 0x00, 0x24, 0xFF, 0xD5, 0x8A, 0x8A, 0x79, 0x24, 0xFF, 0xFF, 0xFF, 0xFF, 0xFF, 0x00, 0x00,
    0x10, 0xE4, 0xA3, 0x09, 0x00, 0x00, 0x00, 0x00, 0x00, 0x00, 0x24, 0xFF, 0xFF, 0xFF, 0xFF, 0xFF,
    0x24, 0xFF, 0xD5, 0x8A, 0x8A, 0x79, 0x24, 0xFF, 0xA7, 0x1E, 0x1E, 0x10, 0x24, 0xFF, 0xFF, 0xFF,
    0xFF, 0xB9, 0x24, 0xFF, 0xC6, 0x66, 0x66, 0x3A, 0x24, 0xFF, 0xBA, 0x00, 0x00, 0x00, 0x24, 0xFF,
    0xD5, 0x8A, 0x8A, 0x79, 0x24, 0xFF, 0xFF, 0xFF, 0xFF, 0xFF, 0x00, 0x2E, 0xE7, 0xAA, 0xE2, 0x27,
    0x00, 0x00, 0x00, 0x00, 0x00, 0x00, 0x24, 0xFF, 0xFF, 0xFF, 0xFF, 0xFF, 0x24, 0xFF, 0xD5, 0x8A,
    0x8A, 0x79, 0x24, 0xFF, 0xA7, 0x1E, 0x1E, 0x10, 0x24, 0xFF, 0xFF, 0xFF, 0xFF, 0xB9, 0x24, 0xFF,
    0xC6, 0x66, 0x66, 0x3A, 0x24, 0xFF, 0xBA, 0x00, 0x00, 0x00, 0x24, 0xFF, 0xD5, 0x8A, 0x8A, 0x79,
    0x24, 0xFF, 0xFF, 0xFF, 0xFF, 0xFF, 0x00, 0x12, 0x69, 0x07, 0x6A, 0x0D, 0x00, 0x4E, 0xFF, 0x2E,
    0xFF, 0x3C, 0x00, 0x00, 0x00, 0x00, 0x00, 0x00, 0x24, 0xFF, 0xFF, 0xFF, 0xFF, 0xFF, 0x24, 0xFF,
    0xD5, 0x8A, 0x8A, 0x79, 0x24, 0xFF, 0xA7, 0x1E, 0x1E, 0x10, 0x24, 0xFF, 0xFF, 0xFF, 0xFF, 0xB9,
    0x24, 0xFF, 0xC6, 0x66, 0x66, 0x3A, 0x24, 0xFF, 0xBA, 0x00, 0x00, 0x00, 0x24, 0xFF, 0xD5, 0x8A,
    0x8A, 0x79, 0x24, 0xFF, 0xFF, 0xFF, 0xFF, 0xFF, 0x00, 0x1C, 0xCB, 0xB5, 0x01, 0x00, 0x00, 0x00,
    0x00, 0x00, 0x00, 0x00, 0x1E, 0xFF, 0xFF, 0xFF, 0xFF, 0xE1, 0x0A, 0x8A, 0xD5, 0xFF, 0xA3, 0x60,
    0x00, 0x00, 0xBA, 0xFF, 0x2A, 0x00, 0x00, 0x00, 0xBA, 0xFF, 0x2A, 0x00, 0x00, 0x00, 0xBA, 0xFF,
    0x2A, 0x00, 0x00, 0x00, 0xBA, 0xFF, 0x2A, 0x00, 0x0A, 0x8A, 0xD5, 0xFF, 0xA3, 0x60, 0x1E, 0xFF,
    0xFF, 0xFF, 0xFF, 0xE1, 0x00, 0x00, 0x28, 0xF8, 0x99, 0x01, 0x00, 0x00, 0x00, 0x00, 0x00, 0x00,
    0x1E, 0xFF, 0xFF, 0xFF, 0xFF, 0xE1, 0x0A, 0x8A, 0xD5, 0xFF, 0xA3, 0x60, 0x00, 0x00, 0xBA, 0xFF,
    0x2A, 0x00, 0x00, 0x00, 0xBA, 0xFF, 0x2A, 0x00, 0x00, 0x00, 0xBA, 0xFF, 0x2A, 0x00, 0x00, 0x00,
    0xBA, 0xFF, 0x2A, 0x00, 0x0A, 0x8A, 0xD5, 0xFF, 0xA3, 0x60, 0x1E, 0xFF, 0xFF, 0xFF, 0xFF, 0xE1,
    0x00, 0x4F, 0xED, 0xB0, 0xCE, 0x10, 0x00, 0x00, 0x00, 0x00, 0x00, 0x00, 0x1E, 0xFF, 0xFF, 0xFF,
    0xFF, 0xE1, 0x0A, 0x8A, 0xD5, 0xFF, 0xA3, 0x60, 0x00, 0x00, 0xBA, 0xFF, 0x2A, 0x00, 0x00, 0x00,
    0xBA, 0xFF, 0x2A, 0x00, 0x00, 0x00, 0xBA, 0xFF, 0x2A, 0x00, 0x00, 0x00, 0xBA, 0xFF, 0x2A, 0x00,
    0x0A, 0x8A, 0xD5, 0xFF, 0xA3, 0x60, 0x1E, 0xFF, 0xFF, 0xFF, 0xFF, 0xE1, 0x00, 0x24, 0x5A, 0x16,
    0x66, 0x00, 0x00, 0x90, 0xFF, 0x60, 0xFF, 0x00, 0x00, 0x00, 0x00, 0x00, 0x00, 0x00, 0x1E, 0xFF,
    0xFF, 0xFF, 0xFF, 0xE1, 0x0A, 0x8A, 0xD5, 0xFF, 0xA3, 0x60, 0x00, 0x00, 0xBA, 0xFF, 0x2A, 0x00,
    0x00, 0x00, 0xBA, 0xFF, 0x2A, 0x00, 0x00, 0x00, 0xBA, 0xFF, 0x2A, 0x00, 0x00, 0x00, 0xBA, 0xFF,
    0x2A, 0x00, 0x0A, 0x8A, 0xD5, 0xFF, 0xA3, 0x60, 0x1E, 0xFF, 0xFF, 0xFF, 0xFF, 0xE1, 0x66, 0xFF,
    0xFF, 0xFF, 0xBB, 0x12, 0x00, 0x66, 0xFF, 0xBE, 0xBC, 0xFF, 0xC5, 0x00, 0x6D, 0xFF, 0x85, 0x04,
    0xE8, 0xFF, 0x04, 0xFF, 0xFF, 0xFF, 0xAE, 0xB1, 0xFF, 0x25, 0xA3, 0xFF, 0xB5, 0x25, 0xB2, 0xFF,
    0x24, 0x66, 0xFF, 0x7E, 0x00, 0xEB, 0xFF, 0x03, 0x66, 0xFF, 0xBE, 0xBE, 0xFF, 0xC3, 0x00, 0x66,
    0xFF, 0xFF, 0xFF, 0xBA, 0x12, 0x00, 0x00, 0x37, 0xE2, 0x6F, 0xA6, 0x2B, 0x00, 0xA5, 0xBB, 0xF5,
    0xFF, 0x06, 0x00, 0x00, 0x00, 0x00, 0x00, 0x00, 0x8A, 0xFF, 0xAA, 0x00, 0xA2, 0xFF, 0x8A, 0xFF,
    0xFF, 0x06, 0xA2, 0xFF, 0x8A, 0xFF, 0xFF, 0x73, 0xA2, 0xFF, 0x8A, 0xFF, 0xBD, 0xDC, 0xA2, 0xFF,
    0x8A, 0xFF, 0x2E, 0xFF, 0xA3, 0xFF, 0x8A, 0xFF, 0x0C, 0xDC, 0xFF, 0xFF, 0x8A, 0xFF, 0x0C, 0x73,
    0xFF, 0xFF, 0x8A, 0xFF, 0x0C, 0x04, 0xFF, 0xFF, 0x00, 0x2B, 0xBE, 0x2A, 0x00, 0x00, 0x00, 0x00,
    0x00, 0xAF, 0xED, 0x03, 0x00, 0x00, 0x00, 0x00, 0x00, 0x00, 0x00, 0x00, 0x00, 0x00, 0x75, 0xFF,
    0xFF, 0xDC, 0x1C, 0x00, 0x15, 0xFF, 0xFD, 0xB8, 0xFF, 0xC9, 0x00, 0x81, 0xFF, 0x6C, 0x00, 0xD5,
    0xFF, 0x00, 0xAC, 0xFF, 0x3D, 0x00, 0xAD, 0xFF, 0x1C, 0xAE, 0xFF, 0x40, 0x00, 0xAF, 0xFF, 0x1B,
    0x81, 0xFF, 0x72, 0x00, 0xD7, 0xFF, 0x00, 0x13, 0xFF, 0xFF, 0xBA, 0xFF, 0xC6, 0x00, 0x00, 0x66,
    0xFF, 0xFF, 0xDF, 0x19, 0x00, 0x00, 0x00, 0x00, 0x70, 0xA0, 0x01, 0x00, 0x00, 0x00, 0x3D, 0xFF,
    0x43, 0x00, 0x00, 0x00, 0x00, 0x00, 0x00, 0x00, 0x00, 0x00, 0x00, 0x75, 0xFF, 0xFF, 0xDC, 0x1C,
    0x00, 0x15, 0xFF, 0xFD, 0xB8, 0xFF, 0xC9, 0x00, 0x81, 0xFF, 0x6C, 0x00, 0xD5, 0xFF, 0x00, 0xAC,
    0xFF, 0x3D, 0x00, 0xAD, 0xFF, 0x1C, 0xAE, 0xFF, 0x40, 0x00, 0xAF, 0xFF, 0x1B, 0x81, 0xFF, 0x72,
    0x00, 0xD7, 0xFF, 0x00, 0x13, 0xFF, 0xFF, 0xBA, 0xFF, 0xC6, 0x00, 0x00, 0x66, 0xFF, 0xFF, 0xDF,
    0x19, 0x00, 0x00, 0x00, 0x8B, 0xA0, 0x40, 0x00, 0x00, 0x00, 0x78, 0xF0, 0x7C, 0xFF, 0x19, 0x00,
    0x00, 0x00, 0x00, 0x00, 0x00, 0x00, 0x00, 0x00, 0x75, 0xFF, 0xFF, 0xDC, 0x1C, 0x00, 0x15, 0xFF,
    0xFD, 0xB8, 0xFF, 0xC9, 0x00, 0x81, 0xFF, 0x6C, 0x00, 0xD5, 0xFF, 0x00, 0xAC, 0xFF, 0x3D, 0x00,
    0xAD, 0xFF, 0x1C, 0xAE, 0xFF, 0x40, 0x00, 0xAF, 0xFF, 0x1B, 0x81, 0xFF, 0x72, 0x00, 0xD7, 0xFF,
    0x00, 0x13, 0xFF, 0xFF, 0xBA, 0xFF, 0xC6, 0x00, 0x00, 0x66, 0xFF, 0xFF, 0xDF, 0x19, 0x00, 0x00,
    0x37, 0xE2, 0x72, 0xA6, 0x2B, 0x00, 0x00, 0xA5, 0xBA, 0xF5, 0xFF, 0x06, 0x00, 0x00, 0x00, 0x00,
    0x00, 0x00, 0x00, 0x00, 0x00, 0x75, 0xFF, 0xFF, 0xDC, 0x1C, 0x00, 0x15, 0xFF, 0xFD, 0xB8, 0xFF,
    0xC9, 0x00, 0x81, 0xFF, 0x6C, 0x00, 0xD5, 0xFF, 0x00, 0xAC, 0xFF, 0x3D, 0x00, 0xAD, 0xFF, 0x1C,
    0xAE, 0xFF, 0x40, 0x00, 0xAF, 0xFF, 0x1B, 0x81, 0xFF, 0x72, 0x00, 0xD7, 0xFF, 0x00, 0x13, 0xFF,
    0xFF, 0xBA, 0xFF, 0xC6, 0x00, 0x00, 0x66, 0xFF, 0xFF, 0xDF, 0x19, 0x00, 0x00, 0x24, 0x5A, 0x16,
    0x66, 0x00, 0x00, 0x00, 0x90, 0xFF, 0x60, 0xFF, 0x00, 0x00, 0x00, 0x00, 0x00, 0x00, 0x00, 0x00,
    0x00, 0x00, 0x75, 0xFF, 0xFF, 0xDC, 0x1C, 0x00, 0x15, 0xFF, 0xFD, 0xB8, 0xFF, 0xC9, 0x00, 0x81,
    0xFF, 0x6C, 0x00, 0xD5, 0xFF, 0x00, 0xAC, 0xFF, 0x3D, 0x00, 0xAD, 0xFF, 0x1C, 0xAE, 0xFF, 0x40,
    0x00, 0xAF, 0xFF, 0x1B, 0x81, 0xFF, 0x72, 0x00, 0xD7, 0xFF, 0x00, 0x13, 0xFF, 0xFF, 0xBA, 0xFF,
    0xC6, 0x00, 0x00, 0x66, 0xFF, 0xFF, 0xDF, 0x19, 0x00, 0x21, 0xE6, 0x34, 0x00, 0x9D, 0xAB, 0x0D,
    0xE8, 0xFF, 0xA8, 0xFF, 0x93, 0x00, 0x0A, 0xFF, 0xFF, 0xB7, 0x00, 0x00, 0xB7, 0xFF, 0xF8, 0xFF,
    0x42, 0x2E, 0xFF, 0x79, 0x07, 0xD4, 0xDD, 0x00, 0x15, 0x00, 0x00, 0x04, 0x10, 0x00, 0x00, 0x00,
    0x00, 0x00, 0x0F, 0x00, 0x00, 0x00, 0x87, 0xFF, 0xE6, 0xF5, 0x78, 0x00, 0x14, 0xFF, 0xDD, 0xF0,
    0xED, 0x03, 0x00, 0x78, 0xE0, 0x72, 0xE1, 0xED, 0x06, 0x00, 0xA0, 0xE0, 0xB6, 0xFD, 0xEF, 0x22,
    0x00, 0xAD, 0xFF, 0xD5, 0xAC, 0xEF, 0x1B, 0x00, 0x81, 0xFD, 0x7F, 0xAD, 0xED, 0x00, 0x00, 0x6D,
    0xFF, 0xDD, 0xF0, 0xB8, 0x00, 0x00, 0xE5, 0xC0, 0xFF, 0xEA, 0x20, 0x00, 0x00, 0x0B, 0x00, 0x00,
    0x00, 0x00, 0x00, 0x00, 0x2B, 0xBE, 0x2A, 0x00, 0x00, 0x00, 0x00, 0x00, 0xAF, 0xED, 0x03, 0x00,
    0x00, 0x00, 0x00, 0x00, 0x00, 0x00, 0x00, 0x00, 0xA8, 0xFF, 0x3C, 0x00, 0xAA, 0xFF, 0x12, 0xA8,
    0xFF, 0x3C, 0x00, 0xAA, 0xFF, 0x12, 0xA8, 0xFF, 0x3C, 0x00, 0xAA, 0xFF, 0x12, 0xA8, 0xFF, 0x3C,
    0x00, 0xAA, 0xFF, 0x12, 0xA6, 0xFF, 0x3C, 0x00, 0xAA, 0xFF, 0x10, 0x8E, 0xFF, 0x48, 0x00, 0xB5,
    0xFF, 0x01, 0x3F, 0xFF, 0xED, 0xB2, 0xFF, 0xF6, 0x00, 0x00, 0xA2, 0xFF, 0xFF, 0xF6, 0x42, 0x00,
    0x00, 0x00, 0x00, 0x70, 0xA0, 0x01, 0x00, 0x00, 0x00, 0x3D, 0xFF, 0x43, 0x00, 0x00, 0x00, 0x00,
    0x00, 0x00, 0x00, 0x00, 0x00, 0xA8, 0xFF, 0x3C, 0x00, 0xAA, 0xFF, 0x12, 0xA8, 0xFF, 0x3C, 0x00,
    0xAA, 0xFF, 0x12, 0xA8, 0xFF, 0x3C, 0x00, 0xAA, 0xFF, 0x12, 0xA8, 0xFF, 0x3C, 0x00, 0xAA, 0xFF,
    0x12, 0xA6, 0xFF, 0x3C, 0x00, 0xAA, 0xFF, 0x10, 0x8E, 0xFF, 0x48, 0x00, 0xB5, 0xFF, 0x01, 0x3F,
    0xFF, 0xED, 0xB2, 0xFF, 0xF6, 0x00, 0x00, 0xA2, 0xFF, 0xFF, 0xF6, 0x42, 0x00, 0x00, 0x00, 0x8B,
    0xA0, 0x40, 0x00, 0x00, 0x00, 0x78, 0xF0, 0x7C, 0xFF, 0x19, 0x00, 0x00, 0x00, 0x00, 0x00, 0x00,
    0x00, 0x00, 0xA8, 0xFF, 0x3C, 0x00, 0xAA, 0xFF, 0x12, 0xA8, 0xFF, 0x3C, 0x00, 0xAA, 0xFF, 0x12,
    0xA8, 0xFF, 0x3C, 0x00, 0xAA, 0xFF, 0x12, 0xA8, 0xFF, 0x3C, 0x00, 0xAA, 0xFF, 0x12, 0xA6, 0xFF,
    0x3C, 0x00, 0xAA, 0xFF, 0x10, 0x8E, 0xFF, 0x48, 0x00, 0xB5, 0xFF, 0x01, 0x3F, 0xFF, 0xED, 0xB2,
    0xFF, 0xF6, 0x00, 0x00, 0xA2, 0xFF, 0xFF, 0xF6, 0x42, 0x00, 0x00, 0x24, 0x5A, 0x16, 0x66, 0x00,
    0x00, 0x00, 0x90, 0xFF, 0x60, 0xFF, 0x00, 0x00, 0x00, 0x00, 0x00, 0x00, 0x00, 0x00, 0x00, 0xA8,
    0xFF, 0x3C, 0x00, 0xAA, 0xFF, 0x12, 0xA8, 0xFF, 0x3C, 0x00, 0xAA, 0xFF, 0x12, 0xA8, 0xFF, 0x3C,
    0x00, 0xAA, 0xFF, 0x12, 0xA8, 0xFF, 0x3C, 0x00, 0xAA, 0xFF, 0x12, 0xA6, 0xFF, 0x3C, 0x00, 0xAA,
    0xFF, 0x10, 0x8E, 0xFF, 0x48, 0x00, 0xB5, 0xFF, 0x01, 0x3F, 0xFF, 0xED, 0xB2, 0xFF, 0xF6, 0x00,
    0x00, 0xA2, 0xFF, 0xFF, 0xF6, 0x42, 0x00, 0x00, 0x00, 0x00, 0x2D, 0x54, 0x01, 0x00, 0x00, 0x00,
    0x33, 0xFF, 0x66, 0x00, 0x00, 0x00, 0x00, 0x00, 0x00, 0x00, 0x00, 0x00, 0xDF, 0xFF, 0x15, 0x00,
    0x8E, 0xFF, 0x7B, 0x49, 0xFF, 0xB7, 0x03, 0xFF, 0xFF, 0x01, 0x00, 0xD9, 0xFF, 0x91, 0xFF, 0x73,
    0x00, 0x00, 0x43, 0xFF, 0xFF, 0xFC, 0x00, 0x00, 0x00, 0x00, 0xD4, 0xFF, 0x6F, 0x00, 0x00, 0x00,
    0x00, 0xBA, 0xFF, 0x2A, 0x00, 0x00, 0x00, 0x00, 0xBA, 0xFF, 0x2A, 0x00, 0x00, 0x00, 0x00, 0xBA,
    0xFF, 0x2A, 0x00, 0x00, 0x30, 0xFF, 0xB4, 0x01, 0x00, 0x00, 0x00, 0x30, 0xFF, 0xFF, 0xFF, 0xFF,
    0x6D, 0x00, 0x30, 0xFF, 0xB6, 0x69, 0xFF, 0xFF, 0x04, 0x30, 0xFF, 0xAE, 0x00, 0xA5, 0xFF, 0x2B,
    0x30, 0xFF, 0xB7, 0x27, 0xEE, 0xFF, 0x0A, 0x30, 0xFF, 0xFF, 0xFF, 0xFF, 0xA2, 0x00, 0x30, 0xFF,
    0xB9, 0x46, 0x13, 0x00, 0x00, 0x30, 0xFF, 0xAE, 0x00, 0x00, 0x00, 0x00, 0x00, 0xBA, 0xFF, 0xFF,
    0xDA, 0x0D, 0x00, 0x43, 0xFF, 0xC1, 0x6C, 0xFF, 0x97, 0x00, 0x76, 0xFF, 0x63, 0xCB, 0xFF, 0x6F,
    0x00, 0x78, 0xFF, 0x94, 0xFF, 0x72, 0x00, 0x00, 0x78, 0xFF, 0x66, 0xFA, 0xFF, 0x78, 0x00, 0x78,
    0xFF, 0x60, 0x0D, 0xD5, 0xFF, 0x37, 0x78, 0xFF, 0x97, 0x76, 0xB0, 0xFF, 0x5B, 0x78, 0xFF, 0xBA,
    0xFF, 0xFF, 0xBB, 0x01, 0x00, 0xA9, 0xFF, 0x1C, 0x00, 0x00, 0x00, 0x00, 0x00, 0xAC, 0xE4, 0x01,
    0x00, 0x00, 0x00, 0x00, 0x00, 0x00, 0x00, 0x00, 0x00, 0x00, 0xD0, 0xFF, 0xFF, 0xFF, 0x57, 0x00,
    0x00, 0xAB, 0x5B, 0x42, 0xF7, 0xFF, 0x00, 0x09, 0xBA, 0xFF, 0xFF, 0xFF, 0xFF, 0x00, 0x93, 0xFF,
    0xA6, 0x3D, 0xDF, 0xFF, 0x00, 0x97, 0xFF, 0xAB, 0x48, 0xFF, 0xFF, 0x00, 0x10, 0xE2, 0xFF, 0xFF,
    0xD2, 0xFF, 0x0A, 0x00, 0x00, 0x00, 0x81, 0xFF, 0x39, 0x00, 0x00, 0x00, 0x39, 0xFF, 0x3D, 0x00,
    0x00, 0x00, 0x00, 0x00, 0x00, 0x00, 0x00, 0x00, 0x00, 0xD0, 0xFF, 0xFF, 0xFF, 0x57, 0x00, 0x00,
    0xAB, 0x5B, 0x42, 0xF7, 0xFF, 0x00, 0x09, 0xBA, 0xFF, 0xFF, 0xFF, 0xFF, 0x00, 0x93, 0xFF, 0xA6,
    0x3D, 0xDF, 0xFF, 0x00, 0x97, 0xFF, 0xAB, 0x48, 0xFF, 0xFF, 0x00, 0x10, 0xE2, 0xFF, 0xFF, 0xD2,
    0xFF, 0x0A, 0x00, 0x00, 0xD7, 0xFF, 0x70, 0x00, 0x00, 0x00, 0x8A, 0xD9, 0x3C, 0xFF, 0x1E, 0x00,
    0x00, 0x00, 0x00, 0x00, 0x00, 0x00, 0x00, 0x00, 0xD0, 0xFF, 0xFF, 0xFF, 0x57, 0x00, 0x00, 0xAB,
    0x5B, 0x42, 0xF7, 0xFF, 0x00, 0x09, 0xBA, 0xFF, 0xFF, 0xFF, 0xFF, 0x00, 0x93, 0xFF, 0xA6, 0x3D,
    0xDF, 0xFF, 0x00, 0x97, 0xFF, 0xAB, 0x48, 0xFF, 0xFF, 0x00, 0x10, 0xE2, 0xFF, 0xFF, 0xD2, 0xFF,
    0x0A, 0x00, 0x4F, 0xFF, 0x93, 0xC1, 0x30, 0x00, 0x00, 0xB2, 0x87, 0xD2, 0xE8, 0x01, 0x00, 0x00,
    0x00, 0x00, 0x00, 0x00, 0x00, 0x00, 0x00, 0xD0, 0xFF, 0xFF, 0xFF, 0x57, 0x00, 0x00, 0xAB, 0x5B,
    0x42, 0xF7, 0xFF, 0x00, 0x09, 0xBA, 0xFF, 0xFF, 0xFF, 0xFF, 0x00, 0x93, 0xFF, 0xA6, 0x3D, 0xDF,
    0xFF, 0x00, 0x97, 0xFF, 0xAB, 0x48, 0xFF, 0xFF, 0x00, 0x10, 0xE2, 0xFF, 0xFF, 0xD2, 0xFF, 0x0A,
    0x00, 0x24, 0x5A, 0x16, 0x66, 0x00, 0x00, 0x00, 0x90, 0xFF, 0x60, 0xFF, 0x00, 0x00, 0x00, 0x00,
    0x00, 0x00, 0x00, 0x00, 0x00, 0x00, 0xD0, 0xFF, 0xFF, 0xFF, 0x57, 0x00, 0x00, 0xAB, 0x5B, 0x42,
    0xF7, 0xFF, 0x00, 0x09, 0xBA, 0xFF, 0xFF, 0xFF, 0xFF, 0x00, 0x93, 0xFF, 0xA6, 0x3D, 0xDF, 0xFF,
    0x00, 0x97, 0xFF, 0xAB, 0x48, 0xFF, 0xFF, 0x00, 0x10, 0xE2, 0xFF, 0xFF, 0xD2, 0xFF, 0x0A, 0x00,
    0x04, 0xC6, 0xFF, 0x7F, 0x00, 0x00, 0x00, 0x3F, 0xEB, 0x2B, 0xFC, 0x00, 0x00, 0x00, 0x04, 0xCA,
    0xFF, 0x7F, 0x00, 0x00, 0x00, 0x00, 0x00, 0x00, 0x00, 0x00, 0x00, 0x00, 0xD0, 0xFF, 0xFF, 0xFF,
    0x57, 0x00, 0x00, 0xAB, 0x5B, 0x42, 0xF7, 0xFF, 0x00, 0x09, 0xBA, 0xFF, 0xFF, 0xFF, 0xFF, 0x00,
    0x93, 0xFF, 0xA6, 0x3D, 0xDF, 0xFF, 0x00, 0x97, 0xFF, 0xAB, 0x48, 0xFF, 0xFF, 0x00, 0x10, 0xE2,
    0xFF, 0xFF, 0xD2, 0xFF, 0x0A, 0xA0, 0xFF, 0xFF, 0xC0, 0xFF, 0xF2, 0x0A, 0x60, 0x48, 0xB1, 0xFF,
    0x57, 0xFF, 0x6C, 0x6C, 0xFF, 0xFF, 0xFF, 0xFF, 0xFF, 0x8D, 0xFF, 0xC1, 0xB8, 0xFF, 0x3D, 0x3C,
    0x16, 0xFF, 0xA8, 0xBB, 0xFF, 0x97, 0x64, 0x4B, 0x8B, 0xFF, 0xFF, 0xA5, 0xFF, 0xFF, 0x46, 0x00,
    0x2A, 0xDD, 0xFF, 0xFF, 0xB7, 0x00, 0xEB, 0xFF, 0x97, 0x7B, 0xA8, 0x0A, 0xFF, 0xBB, 0x00, 0x00,
    0x00, 0x0A, 0xFF, 0xB7, 0x00, 0x00, 0x00, 0x00, 0xE7, 0xFF, 0x88, 0x6D, 0x97, 0x00, 0x27, 0xD9,
    0xFF, 0xFF, 0xA1, 0x00, 0x00, 0x00, 0x52, 0xC4, 0x00, 0x00, 0x00, 0xBA, 0xFF, 0xB5, 0x00, 0x00,
    0x64, 0xFF, 0x4C, 0x00, 0x00, 0x00, 0x00, 0x00, 0x69, 0xFF, 0x18, 0x00, 0x00, 0x00, 0x00, 0x00,
    0x00, 0x00, 0x00, 0x00, 0x00, 0x7C, 0xFF, 0xFF, 0xFF, 0x55, 0x00, 0x3C, 0xFF, 0xAB, 0x5B, 0xE1,
    0xFF, 0x09, 0xA2, 0xFF, 0xFF, 0xFF, 0xFF, 0xFF, 0x3A, 0xA2, 0xFF, 0x6F, 0x3C, 0x3C, 0x3C, 0x09,
    0x3D, 0xFF, 0xE1, 0x64, 0x87, 0xCE, 0x00, 0x00, 0x7B, 0xFF, 0xFF, 0xFF, 0xCD, 0x00, 0x00, 0x00,
    0x00, 0x52, 0xFF, 0x5E, 0x00, 0x00, 0x00, 0x1B, 0xFF, 0x63, 0x00, 0x00, 0x00, 0x00, 0x00, 0x00,
    0x00, 0x00, 0x00, 0x00, 0x8D, 0xFF, 0xFF, 0xFA, 0x4B, 0x00, 0x4E, 0xFF, 0xBD, 0x5B, 0xEC, 0xFF,
    0x03, 0xBA, 0xFF, 0xFF, 0xFF, 0xFF, 0xFF, 0x28, 0xBA, 0xFF, 0x60, 0x3C, 0x3C, 0x3C, 0x07, 0x51,
    0xFF, 0xD4, 0x63, 0x8B, 0xC3, 0x00, 0x00, 0x8B, 0xFF, 0xFF, 0xFF, 0xBE, 0x00, 0x00, 0x00, 0xAB,
    0xFF, 0xAC, 0x00, 0x00, 0x00, 0x57, 0xFC, 0x2D, 0xFF, 0x40, 0x00, 0x00, 0x00, 0x00, 0x00, 0x00,
    0x00, 0x00, 0x00, 0x8D, 0xFF, 0xFF, 0xFA, 0x4B, 0x00, 0x4E, 0xFF, 0xBD, 0x5B, 0xEC, 0xFF, 0x03,
    0xBA, 0xFF, 0xFF, 0xFF, 0xFF, 0xFF, 0x28, 0xBA, 0xFF, 0x60, 0x3C, 0x3C, 0x3C, 0x07, 0x51, 0xFF,
    0xD4, 0x63, 0x8B, 0xC3, 0x00, 0x00, 0x8B, 0xFF, 0xFF, 0xFF, 0xBE, 0x00, 0x00, 0x13, 0x69, 0x09,
    0x6A, 0x0C, 0x00, 0x00, 0x54, 0xFF, 0x34, 0xFF, 0x36, 0x00, 0x00, 0x00, 0x00, 0x00, 0x00, 0x00,
    0x00, 0x00, 0x8D, 0xFF, 0xFF, 0xFA, 0x4B, 0x00, 0x4E, 0xFF, 0xBD, 0x5B, 0xEC, 0xFF, 0x03, 0xBA,
    0xFF, 0xFF, 0xFF, 0xFF, 0xFF, 0x28, 0xBA, 0xFF, 0x60, 0x3C, 0x3C, 0x3C, 0x07, 0x51, 0xFF, 0xD4,
    0x63, 0x8B, 0xC3, 0x00, 0x00, 0x8B, 0xFF, 0xFF, 0xFF, 0xBE, 0x00, 0x03, 0xCD, 0xEC, 0x03, 0x00,
    0x00, 0x00, 0x00, 0x04, 0xCF, 0xA2, 0x00, 0x00, 0x00, 0x00, 0x00, 0x00, 0x00, 0x00, 0x00, 0x00,
    0x06, 0xFF, 0xFF, 0xFF, 0x00, 0x00, 0x00, 0x00, 0x42, 0xEC, 0xFF, 0x00, 0x00, 0x00, 0x00, 0x00,
    0xDC, 0xFF, 0x00, 0x00, 0x00, 0x00, 0x00, 0xD7, 0xFF, 0x00, 0x00, 0x00, 0x00, 0x00, 0xB4, 0xFF,
    0x6F, 0x42, 0x06, 0x00, 0x00, 0x36, 0xFF, 0xFF, 0xFF, 0x2A, 0x00, 0x00, 0x00, 0xCF, 0xE6, 0x0A,
    0x00, 0x00, 0x9F, 0xE8, 0x0C, 0x00, 0x00, 0x00, 0x00, 0x00, 0x00, 0x00, 0x06, 0xFF, 0xFF, 0xFA,
    0x00, 0x00, 0x00, 0x42, 0xFF, 0xFA, 0x00, 0x00, 0x00, 0x00, 0xFF, 0xFA, 0x00, 0x00, 0x00, 0x00,
    0xFA, 0xFC, 0x00, 0x00, 0x00, 0x00, 0xD5, 0xFF, 0x5D, 0x42, 0x00, 0x00, 0x4C, 0xFF, 0xFF, 0xFF,
    0x00, 0x1E, 0xFF, 0xFF, 0x1F, 0x00, 0x00, 0x00, 0xD5, 0x94, 0x8D, 0xD9, 0x00, 0x00, 0x00, 0x00,
    0x00, 0x00, 0x00, 0x00, 0x00, 0x06, 0xFF, 0xFF, 0xFF, 0x00, 0x00, 0x00, 0x00, 0x42, 0xF8, 0xFF,
    0x00, 0x00, 0x00, 0x00, 0x00, 0xEB, 0xFF, 0x00, 0x00, 0x00, 0x00, 0x00, 0xE6, 0xFF, 0x00, 0x00,
    0x00, 0x00, 0x00, 0xC3, 0xFF, 0x64, 0x42, 0x03, 0x00, 0x00, 0x40, 0xFF, 0xFF, 0xFF, 0x18, 0x00,
    0x51, 0x34, 0x43, 0x42, 0x00, 0x00, 0x00, 0xF0, 0xA0, 0xC8, 0xC3, 0x00, 0x00, 0x00, 0x00, 0x00,
    0x00, 0x00, 0x00, 0x00, 0x06, 0xFF, 0xFF, 0xFF, 0x00, 0x00, 0x00, 0x00, 0x42, 0xF8, 0xFF, 0x00,
    0x00, 0x00, 0x00, 0x00, 0xEB, 0xFF, 0x00, 0x00, 0x00, 0x00, 0x00, 0xE6, 0xFF, 0x00, 0x00, 0x00,
    0x00, 0x00, 0xC3, 0xFF, 0x64, 0x42, 0x03, 0x00, 0x00, 0x40, 0xFF, 0xFF, 0xFF, 0x18, 0x00, 0x00,
    0x00, 0x00, 0x00, 0x01, 0x00, 0x00, 0x1C, 0xFF, 0xF3, 0xC1, 0x69, 0x00, 0x00, 0xB4, 0x7C, 0xF2,
    0xC3, 0x00, 0x00, 0x00, 0xA3, 0xFF, 0xFF, 0xFF, 0x78, 0x00, 0x46, 0xFF, 0xC8, 0x69, 0xFA, 0xFA,
    0x00, 0x9F, 0xFF, 0x34, 0x00, 0xAA, 0xFF, 0x03, 0x91, 0xFF, 0x43, 0x00, 0xC3, 0xFF, 0x01, 0x2B,
    0xFF, 0xDC, 0x82, 0xFF, 0xDC, 0x00, 0x00, 0x76, 0xFF, 0xFF, 0xE2, 0x27, 0x00, 0x00, 0x4B, 0xFF,
    0x8D, 0xC1, 0x30, 0x00, 0xB5, 0x8D, 0xCE, 0xE9, 0x01, 0x00, 0x00, 0x00, 0x00, 0x00, 0x00, 0x1E,
    0xFF, 0xC8, 0xFF, 0xFF, 0x57, 0x1E, 0xFF, 0xF6, 0x42, 0xFF, 0xD3, 0x1E, 0xFF, 0xBE, 0x00, 0xFF,
    0xEE, 0x1E, 0xFF, 0xBA, 0x00, 0xFF, 0xF0, 0x1E, 0xFF, 0xBA, 0x00, 0xFF, 0xF0, 0x1E, 0xFF, 0xBA,
    0x00, 0xFF, 0xF0, 0x00, 0x57, 0x60, 0x00, 0x00, 0x00, 0x00, 0x00, 0x19, 0xCA, 0xA7, 0x01, 0x00,
    0x00, 0x00, 0x00, 0x00, 0x00, 0x00, 0x00, 0x00, 0x00, 0x85, 0xFF, 0xFF, 0xE6, 0x2E, 0x00, 0x3C,
    0xFF, 0xD5, 0x78, 0xFF, 0xEE, 0x00, 0xA0, 0xFF, 0x3C, 0x00, 0xAD, 0xFF, 0x0A, 0x97, 0xFF, 0x3D,
    0x00, 0xB0, 0xFF, 0x0A, 0x34, 0xFF, 0xD8, 0x7C, 0xFF, 0xE9, 0x00, 0x00, 0x7E, 0xFF, 0xFF, 0xE6,
    0x2A, 0x00, 0x00, 0x00, 0x00, 0x12, 0x7C, 0x25, 0x00, 0x00, 0x00, 0x25, 0xEE, 0x91, 0x00, 0x00,
    0x00, 0x00, 0x00, 0x00, 0x00, 0x00, 0x00, 0x00, 0x85, 0xFF, 0xFF, 0xE6, 0x2E, 0x00, 0x3C, 0xFF,
    0xD5, 0x78, 0xFF, 0xEE, 0x00, 0xA0, 0xFF, 0x3C, 0x00, 0xAD, 0xFF, 0x0A, 0x97, 0xFF, 0x3D, 0x00,
    0xB0, 0xFF, 0x0A, 0x34, 0xFF, 0xD8, 0x7C, 0xFF, 0xE9, 0x00, 0x00, 0x7E, 0xFF, 0xFF, 0xE6, 0x2A,
    0x00, 0x00, 0x00, 0x3D, 0x7C, 0x0F, 0x00, 0x00, 0x00, 0x5A, 0xF6, 0xA6, 0xE3, 0x13, 0x00, 0x00,
    0x00, 0x00, 0x00, 0x00, 0x00, 0x00, 0x00, 0x85, 0xFF, 0xFF, 0xE6, 0x2E, 0x00, 0x3C, 0xFF, 0xD5,
    0x78, 0xFF, 0xEE, 0x00, 0xA0, 0xFF, 0x3C, 0x00, 0xAD, 0xFF, 0x0A, 0x97, 0xFF, 0x3D, 0x00, 0xB0,
    0xFF, 0x0A, 0x34, 0xFF, 0xD8, 0x7C, 0xFF, 0xE9, 0x00, 0x00, 0x7E, 0xFF, 0xFF, 0xE6, 0x2A, 0x00,
    0x00, 0x4F, 0xFF, 0x8B, 0xBE, 0x30, 0x00, 0x00, 0xB8, 0x90, 0xD5, 0xE9, 0x03, 0x00, 0x00, 0x00,
    0x00, 0x00, 0x00, 0x00, 0x00, 0x00, 0x85, 0xFF, 0xFF, 0xE6, 0x2E, 0x00, 0x3C, 0xFF, 0xD5, 0x78,
    0xFF, 0xEE, 0x00, 0xA0, 0xFF, 0x3C, 0x00, 0xAD, 0xFF, 0x0A, 0x97, 0xFF, 0x3D, 0x00, 0xB0, 0xFF,
    0x0A, 0x34, 0xFF, 0xD8, 0x7C, 0xFF, 0xE9, 0x00, 0x00, 0x7E, 0xFF, 0xFF, 0xE6, 0x2A, 0x00, 0x00,
    0x27, 0x60, 0x18, 0x6C, 0x00, 0x00, 0x00, 0x90, 0xFF, 0x60, 0xFF, 0x00, 0x00, 0x00, 0x00, 0x00,
    0x00, 0x00, 0x00, 0x00, 0x00, 0x85, 0xFF, 0xFF, 0xE6, 0x2E, 0x00, 0x3C, 0xFF, 0xD5, 0x78, 0xFF,
    0xEE, 0x00, 0xA0, 0xFF, 0x3C, 0x00, 0xAD, 0xFF, 0x0A, 0x97, 0xFF, 0x3D, 0x00, 0xB0, 0xFF, 0x0A,
    0x34, 0xFF, 0xD8, 0x7C, 0xFF, 0xE9, 0x00, 0x00, 0x7E, 0xFF, 0xFF, 0xE6, 0x2A, 0x00, 0x00, 0x00,
    0xA5, 0xFF, 0x30, 0x00, 0x00, 0x03, 0x06, 0x7C, 0xC6, 0x21, 0x06, 0x01, 0xCD, 0xFF, 0xFF, 0xFF,
    0xFF, 0xFF, 0x60, 0x31, 0x4E, 0x4E, 0x4E, 0x4E, 0x4E, 0x13, 0x00, 0x00, 0x76, 0xC1, 0x1B, 0x00,
    0x00, 0x00, 0x00, 0xA5, 0xFF, 0x30, 0x00, 0x00, 0x00, 0x00, 0x00, 0x00, 0x00, 0x49, 0x09, 0x00,
    0x7E, 0xFF, 0xFF, 0xEE, 0xFF, 0x43, 0x36, 0xFF, 0xD5, 0xAE, 0xFF, 0xFA, 0x00, 0x97, 0xFF, 0x58,
    0xFF, 0xFF, 0xFF, 0x0C, 0x9C, 0xFF, 0xFF, 0xB7, 0xB0, 0xFF, 0x0A, 0x36, 0xFF, 0xFF, 0x7B, 0xFF,
    0xEB, 0x00, 0xB0, 0xF8, 0xFF, 0xFF, 0xE7, 0x2B, 0x00, 0x40, 0x0F, 0x00, 0x00, 0x00, 0x00, 0x00,
    0x00, 0xA9, 0xFF, 0x1C, 0x00, 0x00, 0x00, 0x00, 0xAC, 0xE4, 0x01, 0x00, 0x00, 0x00, 0x00, 0x00,
    0x00, 0x00, 0x36, 0xFF, 0xA8, 0x00, 0xFF, 0xE1, 0x36, 0xFF, 0xA8, 0x00, 0xFF, 0xE1, 0x36, 0xFF,
    0xA8, 0x00, 0xFF, 0xE1, 0x34, 0xFF, 0xA9, 0x00, 0xFF, 0xE1, 0x15, 0xFF, 0xE7, 0x9A, 0xFF, 0xE1,
    0x00, 0xAC, 0xFF, 0xD7, 0xFF, 0xE1, 0x00, 0x00, 0x00, 0x81, 0xFF, 0x39, 0x00, 0x00, 0x39, 0xFF,
    0x3D, 0x00, 0x00, 0x00, 0x00, 0x00, 0x00, 0x00, 0x36, 0xFF, 0xA8, 0x00, 0xFF, 0xE1, 0x36, 0xFF,
    0xA8, 0x00, 0xFF, 0xE1, 0x36, 0xFF, 0xA8, 0x00, 0xFF, 0xE1, 0x34, 0xFF, 0xA9, 0x00, 0xFF, 0xE1,
    0x15, 0xFF, 0xE7, 0x9A, 0xFF, 0xE1, 0x00, 0xAC, 0xFF, 0xD7, 0xFF, 0xE1, 0x00, 0x00, 0xD7, 0xFF,
    0x70, 0x00, 0x00, 0x8A, 0xD9, 0x3C, 0xFF, 0x1E, 0x00, 0x00, 0x00, 0x00, 0x00, 0x00, 0x36, 0xFF,
    0xA8, 0x00, 0xFF, 0xE1, 0x36, 0xFF, 0xA8, 0x00, 0xFF, 0xE1, 0x36, 0xFF, 0xA8, 0x00, 0xFF, 0xE1,
    0x34, 0xFF, 0xA9, 0x00, 0xFF, 0xE1, 0x15, 0xFF, 0xE7, 0x9A, 0xFF, 0xE1, 0x00, 0xAC, 0xFF, 0xD7,
    0xFF, 0xE1, 0x00, 0x27, 0x60, 0x18, 0x6C, 0x00, 0x00, 0x90, 0xFF, 0x60, 0xFF, 0x00, 0x00, 0x00,
    0x00, 0x00, 0x00, 0x00, 0x36, 0xFF, 0xA8, 0x00, 0xFF, 0xE1, 0x36, 0xFF, 0xA8, 0x00, 0xFF, 0xE1,
    0x36, 0xFF, 0xA8, 0x00, 0xFF, 0xE1, 0x34, 0xFF, 0xA9, 0x00, 0xFF, 0xE1, 0x15, 0xFF, 0xE7, 0x9A,
    0xFF, 0xE1, 0x00, 0xAC, 0xFF, 0xD7, 0xFF, 0xE1, 0x00, 0x00, 0x00, 0x6F, 0xFF, 0x46, 0x00, 0x00,
    0x00, 0x2B, 0xFF, 0x49, 0x00, 0x00, 0x00, 0x00, 0x00, 0x00, 0x00, 0x00, 0x00, 0xA3, 0xFF, 0x51,
    0x00, 0xAF, 0xFF, 0x45, 0x16, 0xFF, 0xB7, 0x00, 0xFF, 0xFC, 0x00, 0x00, 0xC4, 0xFF, 0x42, 0xFF,
    0x9A, 0x00, 0x00, 0x51, 0xFF, 0xFC, 0xFF, 0x15, 0x00, 0x00, 0x00, 0xFF, 0xFF, 0xC9, 0x00, 0x00,
    0x00, 0x00, 0xAC, 0xFF, 0x5D, 0x00, 0x00, 0x0F, 0x43, 0xF5, 0xFF, 0x00, 0x00, 0x00, 0x66, 0xFF,
    0xFF, 0x58, 0x00, 0x00, 0x00, 0x48, 0xFF, 0x90, 0x00, 0x00, 0x00, 0x00, 0x48, 0xFF, 0x90, 0x00,
    0x00, 0x00, 0x00, 0x48, 0xFF, 0xBC, 0xFF, 0xFF, 0x67, 0x00, 0x48, 0xFF, 0xFF, 0x79, 0xFF, 0xFF,
    0x00, 0x48, 0xFF, 0xA6, 0x00, 0xBE, 0xFF, 0x1F, 0x48, 0xFF, 0xA8, 0x00, 0xA0, 0xFF, 0x1E, 0x48,
    0xFF, 0xFF, 0x84, 0xFF, 0xFF, 0x00, 0x48, 0xFF, 0xC9, 0xFF, 0xFF, 0x64, 0x00, 0x48, 0xFF, 0x90,
    0x00, 0x00, 0x00, 0x00, 0x48, 0xFF, 0x90, 0x00, 0x00, 0x00, 0x00, 0x00, 0x1F, 0x66, 0x12, 0x6F,
    0x03, 0x00, 0x00, 0x78, 0xFF, 0x48, 0xFF, 0x15, 0x00, 0x00, 0x00, 0x00, 0x00, 0x00, 0x00, 0x00,
    0xA3, 0xFF, 0x51, 0x00, 0xAF, 0xFF, 0x45, 0x16, 0xFF, 0xB7, 0x00, 0xFF, 0xFC, 0x00, 0x00, 0xC4,
    0xFF, 0x42, 0xFF, 0x9A, 0x00, 0x00, 0x51, 0xFF, 0xFC, 0xFF, 0x15, 0x00, 0x00, 0x00, 0xFF, 0xFF,
    0xC9, 0x00, 0x00, 0x00, 0x00, 0xAC, 0xFF, 0x5D, 0x00, 0x00, 0x0F, 0x43, 0xF5, 0xFF, 0x00, 0x00,
    0x00, 0x66, 0xFF, 0xFF, 0x58, 0x00, 0x00, 0x00, 0x07, 0x12, 0x12, 0x12, 0x00, 0xA8, 0xFF, 0xFF,
    0xFF, 0x12, 0x27, 0x5A, 0x5A, 0x5A, 0x03, 0x12, 0x12, 0x12, 0x12, 0x12, 0x12, 0x0A, 0xFF, 0xFF,
    0xFF, 0xFF, 0xFF, 0xFF, 0xC8, 0x5A, 0x5A, 0x5A, 0x5A, 0x5A, 0x5A, 0x37, 0x07, 0xFF, 0x97, 0x9D,
    0xFF, 0x31, 0xD7, 0xFF, 0x00, 0x67, 0x9C, 0x00, 0x3C, 0xFF, 0xAA, 0x4C, 0xFF, 0xA6, 0xA9, 0xFF,
    0x10, 0x60, 0x58, 0x00, 0x00, 0x97, 0xFF, 0x00, 0xC3, 0xD9, 0x0C, 0xFF, 0xC9, 0x37, 0xFF, 0xA2,
    0x48, 0xFF, 0xA0, 0x96, 0xFF, 0x72, 0x1C, 0x9C, 0x4E, 0x3C, 0x9C, 0x2D, 0x00, 0xD7, 0xFF, 0x06,
    0xFF, 0xFF, 0x00, 0xE4, 0xFF, 0x03, 0xFF, 0xE4, 0x04, 0xFF, 0xA6, 0x40, 0xFF, 0x58, 0x15, 0x9A,
    0x09, 0x36, 0x85, 0x00, 0xC6, 0xFF, 0xA5, 0xFF, 0x7B, 0xFF, 0x69, 0xD7, 0xFF, 0xB4, 0xFF, 0x85,
    0xFF, 0x72, 0x00, 0x00, 0xAE, 0xFF, 0xFF, 0xC0, 0x00, 0x84, 0xFF, 0xC1, 0x9C, 0xCF, 0x00, 0xE9,
    0xFF, 0x03, 0x00, 0x0D, 0xE6, 0xFF, 0xFF, 0xFF, 0xFF, 0x04, 0xE6, 0xFF, 0xFF, 0xFF, 0x24, 0x00,
    0x00, 0xE8, 0xFF, 0x03, 0x00, 0x0D, 0x00, 0x82, 0xFF, 0xC1, 0x9C, 0xCF, 0x00, 0x00, 0xAE, 0xFF,
    0xFF, 0xC0, 0x00, 0x0A, 0x00, 0x00, 0x00, 0x00, 0x00, 0x24, 0xFF, 0x36, 0x00, 0x00, 0x00, 0x00,
    0xF0, 0xFF, 0xFF, 0xFF, 0xFF, 0xFF, 0x18, 0xB5, 0xFF, 0xA0, 0x90, 0x90, 0x90, 0x0A, 0x00, 0x9F,
    0x24, 0x00, 0x00, 0x00, 0x00, 0x00, 0xB4, 0xFF, 0x45, 0x00, 0x85, 0xFF, 0xFF, 0xFF, 0x1B, 0x0D,
    0x7F, 0xFF, 0x21, 0x00, 0x00, 0x6C, 0xFF, 0x00, 0x00, 0x00, 0x6C, 0xFF, 0x00, 0x00, 0x00, 0x6C,
    0xFF, 0x00, 0x00, 0x00, 0x00, 0x00, 0x00, 0x0A, 0x00, 0x00, 0x00, 0x00, 0x00, 0x06, 0xFF, 0x58,
    0x00, 0xDA, 0xFF, 0xFF, 0xFF, 0xFF, 0xFF, 0x12, 0x76, 0x90, 0x90, 0x90, 0xFF, 0xE1, 0x04, 0x00,
    0x00, 0x00, 0x04, 0xB2, 0x0A, 0x00, 0x00, 0x61, 0xFF, 0x00, 0x00, 0x00, 0x6C, 0xFF, 0x00, 0x00,
    0x00, 0x6C, 0xFF, 0x00, 0x00, 0x04, 0x75, 0xFF, 0x0F, 0x00, 0x8D, 0xFF, 0xFF, 0xFF, 0x1B, 0x00,
    0xB2, 0xFF, 0x5E, 0x00, 0x00, 0x0A, 0x00, 0x00, 0x0A, 0x00, 0x00, 0x24, 0xFF, 0x36, 0x06, 0xFF,
    0x58, 0x00, 0xF0, 0xFF, 0xFF, 0xFF, 0xFF, 0xFF, 0x12, 0xB5, 0xFF, 0xA0, 0x90, 0xFF, 0xE1, 0x04,
    0x00, 0x9F, 0x24, 0x04, 0xB2, 0x0A, 0x00, 0x00, 0xB4, 0xFF, 0x45, 0x00, 0x85, 0xFF, 0xFF, 0xFF,
    0x1B, 0x0D, 0x7F, 0xFF, 0x21, 0x00, 0x04, 0x75, 0xFF, 0x0F, 0x00, 0x8D, 0xFF, 0xFF, 0xFF, 0x1B,
    0x00, 0xB2, 0xFF, 0x5E, 0x00, 0x00, 0x7C, 0xAE, 0x3A, 0x00, 0x00, 0xAA, 0x52, 0x84, 0x00, 0x00,
    0xAA, 0x4E, 0x84, 0x00, 0x00, 0xAA, 0x4E, 0x84, 0x00, 0x70, 0xCD, 0x4E, 0xBF, 0x39, 0x36, 0xCF,
    0x60, 0xBF, 0x06, 0x00, 0x2E, 0xA2, 0x03, 0x00, 0x00, 0x00, 0x00, 0x00, 0x4F, 0xC3, 0x00, 0x4F,
    0x72, 0x72, 0x78, 0xFF, 0xCD, 0x07, 0xD5, 0xFF, 0xFF, 0xFF, 0xFF, 0xFF, 0x1C, 0x00, 0x00, 0xA2,
    0xFF, 0x1B, 0x00, 0x00, 0xD5, 0xFF, 0xFF, 0xFF, 0xFF, 0xFF, 0x1C, 0x7B, 0xFF, 0xA1, 0x7E, 0x7E,
    0x7E, 0x09, 0x75, 0xAD, 0x00, 0x00, 0x00, 0x00, 0x00, 0x4F, 0x84, 0x84, 0x84, 0x84, 0x84, 0x09,
    0xB2, 0xFF, 0xFF, 0xFF, 0xFF, 0xFF, 0x1B, 0x12, 0x1E, 0x1E, 0x1E, 0x1E, 0x1E, 0x01, 0xC3, 0xFF,
    0xFF, 0xFF, 0xFF, 0xFF, 0x1E, 0x2B, 0x48, 0x48, 0x48, 0x48, 0x48, 0x04, 0x57, 0x90, 0x90, 0x90,
    0x90, 0x90, 0x0A, 0xAC, 0xFF, 0xFF, 0xFF, 0xFF, 0xFF, 0x19, 0x00, 0x00, 0x00, 0x00, 0x01, 0x54,
    0x0A, 0x00, 0x07, 0x69, 0xBC, 0xFF, 0xFF, 0x1B, 0xA3, 0xFF, 0xFF, 0xCB, 0x88, 0x1E, 0x00, 0xAF,
    0xFF, 0xFF, 0xB6, 0x6F, 0x0D, 0x00, 0x00, 0x10, 0x7C, 0xCD, 0xFF, 0xFF, 0x19, 0x40, 0x6C, 0x6C,
    0x6C, 0x73, 0xB0, 0x15, 0xC3, 0xFF, 0xFF, 0xFF, 0xFF, 0xFF, 0x1E, 0x48, 0x1B, 0x00, 0x00, 0x00,
    0x00, 0x00, 0xBE, 0xFF, 0xEB, 0xA2, 0x2A, 0x00, 0x00, 0x03, 0x55, 0xA1, 0xFC, 0xFF, 0xFC, 0x12,
    0x00, 0x3C, 0xA8, 0xE7, 0xFF, 0xFF, 0x13, 0xB4, 0xFF, 0xFB, 0xB5, 0x3C, 0x00, 0x00, 0x94, 0x94,
    0x6C, 0x6C, 0x6C, 0x6C, 0x07, 0xC3, 0xFF, 0xFF, 0xFF, 0xFF, 0xFF, 0x1E, 0x00, 0x8A, 0xEE, 0xE4,
    0x36, 0x12, 0xE8, 0x03, 0x2B, 0xD4, 0x19, 0xE1, 0x00, 0x1B, 0xDC, 0x45, 0xF6, 0xF0, 0xED, 0x49,
    0x9A, 0x0D, 0x00, 0x00, 0x00, 0x00, 0x00, 0x00, 0x00, 0xA1, 0xC3, 0x00, 0xAE, 0x00, 0x00, 0x90,
    0x90, 0x90, 0x7B, 0x90, 0x90, 0x67, 0x90, 0x93, 0x84, 0x90, 0x90, 0x90, 0xB7, 0x00, 0xBA, 0x00,
    0x00, 0x00, 0x00, 0x00, 0x0B, 0x0C, 0x0C, 0x0C, 0x0C, 0x09, 0x11, 0xEF, 0xFF, 0xFF, 0xFF, 0xFD,
    0xDD, 0x0E, 0xEE, 0xFF, 0xFF, 0xFF, 0xFB, 0xC3, 0x13, 0xEF, 0xFF, 0xFF, 0xFF, 0xFE, 0xF5, 0x00,
    0x11, 0x12, 0x12, 0x12, 0x12, 0x0D, 0x76, 0xFF, 0xFF, 0xFF, 0xFF, 0xFF, 0xFF, 0xFF, 0xFF, 0xFF,
    0xFF, 0xFF, 0xFF, 0xFF, 0x57, 0x8A, 0x0A, 0xCD, 0xFF, 0x1E, 0xCD, 0xFF, 0x1E, 0xCD, 0xFF, 0x1E,
    0xCD, 0xFF, 0x1E, 0xCD, 0xFF, 0x1E, 0xCD, 0xFF, 0x1E, 0xCD, 0xFF, 0x1E, 0xCD, 0xFF, 0x1E, 0xCD,
    0xFF, 0x1E, 0xCD, 0xFF, 0x1E, 0xCD, 0xFF, 0x1E, 0xCD, 0xFF, 0x1E, 0xC3, 0xFF, 0x1C, 0x07, 0x0A,
    0x04, 0x0C, 0x04, 0x0C, 0x03, 0xB9, 0xFF, 0x9D, 0xFF, 0x82, 0xFF, 0x5B, 0xA2, 0xEB, 0x8A, 0xFF,
    0x72, 0xFF, 0x51, 0xCD, 0xFF, 0xAE, 0xFF, 0x90, 0xFF, 0x66, 0x0A, 0x10, 0x07, 0x12, 0x06, 0x12,
    0x04, 0xFF, 0xFF, 0xFF, 0x7B, 0xAB, 0xFF, 0xFF, 0xE3, 0x37, 0xFF, 0xFF, 0xFF, 0x33, 0xC3, 0xFF,
    0x1C, 0xCD, 0xFF, 0x1E, 0xCD, 0xFF, 0x1E, 0x5B, 0x90, 0x0A, 0x99, 0xC8, 0x12, 0xCD, 0xFF, 0x1E,
    0xCD, 0xFF, 0x1E, 0xA8, 0xFF, 0x18, 0x2A, 0x42, 0x04, 0xCD, 0xFF, 0x1E, 0xCD, 0xFF, 0x1E, 0xCD,
    0xFF, 0x1E, 0x25, 0x3C, 0x04, 0x0A, 0x04, 0x06, 0x09, 0x01, 0x0A, 0x00, 0xFF, 0x91, 0xB0, 0xEB,
    0x46, 0xFF, 0x1B, 0xE2, 0x81, 0xBA, 0xCE, 0x3D, 0xEE, 0x16, 0xFF, 0xA2, 0xC3, 0xFF, 0x4E, 0xFF,
    0x1E, 0x0F, 0x07, 0x0A, 0x0D, 0x03, 0x10, 0x00, 0xFF, 0xFF, 0x61, 0x61, 0xFF, 0xFF, 0x28, 0xFF,
    0xFF, 0x1E, 0xFF, 0xFF, 0x33, 0xBF, 0xFF, 0x1B, 0xCD, 0xFF, 0x1E, 0x48, 0x72, 0x07, 0x48, 0x72,
    0x07, 0xCD, 0xFF, 0x1E, 0xC3, 0xFF, 0x1C, 0x1E, 0x30, 0x03, 0xCD, 0xFF, 0x1E, 0xC9, 0xFF, 0x1C,
    0x16, 0x24, 0x01, 0xCD, 0xFF, 0x1E, 0xCD, 0xFF, 0x1E, 0x25, 0x3C, 0x04, 0x0C, 0x0C, 0x0C, 0x09,
    0xFF, 0xFF, 0xFF, 0xF8, 0xFF, 0x00, 0x00, 0x00, 0xFF, 0x00, 0x00, 0x00, 0xFF, 0x00, 0x00, 0x00,
    0xFF, 0x00, 0x00, 0x00, 0xFF, 0x00, 0x00, 0x00, 0xFF, 0x00, 0x00, 0x00, 0x13, 0x00, 0x00, 0x00,
    0xFF, 0xFF, 0xFF, 0xDA, 0xFF, 0xFF, 0xFF, 0xFF, 0xFF, 0x12, 0x12, 0x0F, 0xFF, 0x00, 0x00, 0x00,
    0xFF, 0x00, 0x00, 0x00, 0xFF, 0x00, 0x00, 0x00, 0xFF, 0x00, 0x00, 0x00, 0xCE, 0x00, 0x00, 0x00,
    0x07, 0x0C, 0x0C, 0x0C, 0x07, 0xCD, 0xFF, 0xFF, 0xFF, 0xB9, 0xCD, 0xFF, 0x1E, 0x00, 0x00, 0xCD,
    0xFF, 0x1E, 0x00, 0x00, 0xCD, 0xFF, 0x1E, 0x00, 0x00, 0xCD, 0xFF, 0x1E, 0x00, 0x00, 0xCD, 0xFF,
    0x1E, 0x00, 0x00, 0xCD, 0xFF, 0x1E, 0x00, 0x00, 0x0F, 0x18, 0x01, 0x00, 0x00, 0xA2, 0xFF, 0xFF,
    0xFF, 0xA2, 0xCD, 0xFF, 0xFF, 0xFF, 0xCD, 0xCD, 0xFF, 0x2E, 0x12, 0x0A, 0xCD, 0xFF, 0x1E, 0x00,
    0x00, 0xCD, 0xFF, 0x1E, 0x00, 0x00, 0xCD, 0xFF, 0x1E, 0x00, 0x00, 0xCD, 0xFF, 0x1E, 0x00, 0x00,
    0xB8, 0xF0, 0x16, 0x00, 0x00, 0x0A, 0x0C, 0x0C, 0x09, 0xFF, 0xFF, 0xFF, 0xFF, 0x00, 0x00, 0x00,
    0xFF, 0x00, 0x00, 0x00, 0xFF, 0x00, 0x00, 0x00, 0xFF, 0x00, 0x00, 0x00, 0xFF, 0x00, 0x00, 0x00,
    0xFF, 0x00, 0x00, 0x00, 0xFF, 0x00, 0x00, 0x00, 0x13, 0xFA, 0xFF, 0xFF, 0xDA, 0xFF, 0xFF, 0xFF,
    0xFF, 0x10, 0x12, 0x12, 0xFF, 0x00, 0x00, 0x00, 0xFF, 0x00, 0x00, 0x00, 0xFF, 0x00, 0x00, 0x00,
    0xFF, 0x00, 0x00, 0x00, 0xFF, 0x00, 0x00, 0x00, 0xCE, 0x00, 0x01, 0x0C, 0x0C, 0x0C, 0x0C, 0x00,
    0x00, 0x46, 0xFF, 0xFF, 0xFF, 0xFF, 0x1E, 0x00, 0x00, 0x00, 0x00, 0xCD, 0xFF, 0x1E, 0x00, 0x00,
    0x00, 0x00, 0xCD, 0xFF, 0x1E, 0x00, 0x00, 0x00, 0x00, 0xCD, 0xFF, 0x1E, 0x00, 0x00, 0x00, 0x00,
    0xCD, 0xFF, 0x1E, 0x00, 0x00, 0x00, 0x00, 0xCD, 0xFF, 0x1E, 0x00, 0x00, 0x00, 0x00, 0xCD, 0xFF,
    0x1E, 0x00, 0x00, 0x00, 0x00, 0x0F, 0x18, 0x01, 0x00, 0x3D, 0xFF, 0xFF, 0xFF, 0xFF, 0x16, 0x00,
    0x4E, 0xFF, 0xFF, 0xFF, 0xFF, 0x1E, 0x00, 0x03, 0x12, 0x12, 0xD2, 0xFF, 0x1E, 0x00, 0x00, 0x00,
    0x00, 0xCD, 0xFF, 0x1E, 0x00, 0x00, 0x00, 0x00, 0xCD, 0xFF, 0x1E, 0x00, 0x00, 0x00, 0x00, 0xCD,
    0xFF, 0x1E, 0x00, 0x00, 0x00, 0x00, 0xCD, 0xFF, 0x1E, 0x00, 0x00, 0x00, 0x00, 0xB8, 0xF0, 0x16,
    0x52, 0x00, 0x00, 0x00, 0xFF, 0x00, 0x00, 0x00, 0xFF, 0x00, 0x00, 0x00, 0xFF, 0x00, 0x00, 0x00,
    0xFF, 0x00, 0x00, 0x00, 0xFF, 0x00, 0x00, 0x00, 0xFF, 0x0C, 0x0C, 0x09, 0xFF, 0xFF, 0xFF, 0xF8,
    0xB8, 0x00, 0x00, 0x00, 0xFF, 0x00, 0x00, 0x00, 0xFF, 0x00, 0x00, 0x00, 0xFF, 0x00, 0x00, 0x00,
    0xFF, 0x00, 0x00, 0x00, 0xFF, 0x00, 0x00, 0x00, 0xFF, 0xFF, 0xFF, 0xDA, 0xFF, 0xFF, 0xFF, 0xFF,
    0x12, 0x12, 0x12, 0x0F, 0x3D, 0x60, 0x07, 0x00, 0x00, 0xCD, 0xFF, 0x1E, 0x00, 0x00, 0xCD, 0xFF,
    0x1E, 0x00, 0x00, 0xCD, 0xFF, 0x1E, 0x00, 0x00, 0xCD, 0xFF, 0x1E, 0x00, 0x00, 0xCD, 0xFF, 0x1E,
    0x00, 0x00, 0xCD, 0xFF, 0x28, 0x0C, 0x07, 0xB9, 0xFF, 0xFF, 0xFF, 0xB9, 0x8A, 0xB4, 0x10, 0x00,
    0x00, 0xCD, 0xFF, 0x1E, 0x00, 0x00, 0xCD, 0xFF, 0x1E, 0x00, 0x00, 0xCD, 0xFF, 0x1E, 0x00, 0x00,
    0xCD, 0xFF, 0x1E, 0x00, 0x00, 0xCD, 0xFF, 0x1E, 0x00, 0x00, 0xCD, 0xFF, 0xFF, 0xFF, 0xA2, 0xCD,
    0xFF, 0xFF, 0xFF, 0xCD, 0x0A, 0x12, 0x12, 0x12, 0x0A, 0x00, 0x00, 0x00, 0x52, 0x00, 0x00, 0x00,
    0xFF, 0x00, 0x00, 0x00, 0xFF, 0x00, 0x00, 0x00, 0xFF, 0x00, 0x00, 0x00, 0xFF, 0x00, 0x00, 0x00,
    0xFF, 0x0A, 0x0C, 0x0C, 0xFF, 0xFF, 0xFF, 0xFF, 0xF8, 0x00, 0x00, 0x00, 0xB8, 0x00, 0x00, 0x00,
    0xFF, 0x00, 0x00, 0x00, 0xFF, 0x00, 0x00, 0x00, 0xFF, 0x00, 0x00, 0x00, 0xFF, 0x00, 0x00, 0x00,
    0xFF, 0xFA, 0xFF, 0xFF, 0xFF, 0xFF, 0xFF, 0xFF, 0xFF, 0x10, 0x12, 0x12, 0x0F, 0x00, 0x00, 0x00,
    0x00, 0x3D, 0x60, 0x07, 0x00, 0x00, 0x00, 0x00, 0xCD, 0xFF, 0x1E, 0x00, 0x00, 0x00, 0x00, 0xCD,
    0xFF, 0x1E, 0x00, 0x00, 0x00, 0x00, 0xCD, 0xFF, 0x1E, 0x00, 0x00, 0x00, 0x00, 0xCD, 0xFF, 0x1E,
    0x00, 0x00, 0x00, 0x00, 0xCD, 0xFF, 0x1E, 0x00, 0x01, 0x0C, 0x0C, 0xCF, 0xFF, 0x1E, 0x00, 0x46,
    0xFF, 0xFF, 0xFF, 0xFF, 0x1B, 0x00, 0x00, 0x00, 0x00, 0x8A, 0xB4, 0x10, 0x00, 0x00, 0x00, 0x00,
    0xCD, 0xFF, 0x1E, 0x00, 0x00, 0x00, 0x00, 0xCD, 0xFF, 0x1E, 0x00, 0x00, 0x00, 0x00, 0xCD, 0xFF,
    0x1E, 0x00, 0x00, 0x00, 0x00, 0xCD, 0xFF, 0x1E, 0x00, 0x00, 0x00, 0x00, 0xCD, 0xFF, 0x1E, 0x00,
    0x3D, 0xFF, 0xFF, 0xFF, 0xFF, 0x1E, 0x00, 0x4E, 0xFF, 0xFF, 0xFF, 0xFF, 0x1E, 0x00, 0x03, 0x12,
    0x12, 0x12, 0x12, 0x00, 0x76, 0x00, 0x00, 0x00, 0xFF, 0x00, 0x00, 0x00, 0xFF, 0x00, 0x00, 0x00,
    0xFF, 0x00, 0x00, 0x00, 0xFF, 0x00, 0x00, 0x00, 0xFF, 0x00, 0x00, 0x00, 0xFF, 0x30, 0x30, 0x28,
    0xFF, 0xFF, 0xFF, 0xDA, 0xFF, 0x00, 0x00, 0x00, 0xFF, 0x00, 0x00, 0x00, 0xFF, 0x00, 0x00, 0x00,
    0xFF, 0x00, 0x00, 0x00, 0xFF, 0x00, 0x00, 0x00, 0xFF, 0x00, 0x00, 0x00, 0x76, 0x00, 0x00, 0x00,
    0xFF, 0x00, 0x00, 0x00, 0xFF, 0x00, 0x00, 0x00, 0xFF, 0x00, 0x00, 0x00, 0xFF, 0x00, 0x00, 0x00,
    0xFF, 0x00, 0x00, 0x00, 0xFF, 0xBE, 0xBE, 0xA2, 0xFF, 0xFF, 0xFF, 0xFF, 0xFF, 0x60, 0x60, 0x52,
    0xFF, 0x00, 0x00, 0x00, 0xFF, 0x00, 0x00, 0x00, 0xFF, 0x00, 0x00, 0x00, 0xFF, 0x00, 0x00, 0x00,
    0xFF, 0x00, 0x00, 0x00, 0x3D, 0x60, 0x07, 0x00, 0x00, 0xCD, 0xFF, 0x1E, 0x00, 0x00, 0xCD, 0xFF,
    0x1E, 0x00, 0x00, 0xCD, 0xFF, 0x1E, 0x00, 0x00, 0xCD, 0xFF, 0x1E, 0x00, 0x00, 0xCD, 0xFF, 0x1E,
    0x00, 0x00, 0xCD, 0xFF, 0x22, 0x06, 0x03, 0xBF, 0xFF, 0xFF, 0xFF, 0xB9, 0x4E, 0xD2, 0x00, 0x00,
    0x00, 0x4E, 0xD2, 0x00, 0x00, 0x00, 0x4E, 0xD2, 0x00, 0x00, 0x00, 0x4E, 0xD2, 0x00, 0x00, 0x00,
    0x4E, 0xD2, 0x00, 0x00, 0x00, 0x4E, 0xD2, 0x00, 0x00, 0x00, 0x04, 0x0F, 0x00, 0x00, 0x00, 0x1B,
    0x5A, 0x00, 0x00, 0x00, 0x4E, 0xD2, 0x00, 0x00, 0x00, 0x4E, 0xD2, 0x00, 0x00, 0x00, 0x4E, 0xD2,
    0x00, 0x00, 0x00, 0x4E, 0xD2, 0x00, 0x00, 0x00, 0x4E, 0xD2, 0x00, 0x00, 0x00, 0x64, 0xE1, 0x36,
    0x36, 0x22, 0xCD, 0xFF, 0xFF, 0xFA, 0xA0, 0xCD, 0xFF, 0x1E, 0x00, 0x00, 0xCD, 0xFF, 0x1E, 0x00,
    0x00, 0xCD, 0xFF, 0x1E, 0x00, 0x00, 0xCD, 0xFF, 0x1E, 0x00, 0x00, 0xCD, 0xFF, 0x1E, 0x00, 0x00,
    0xC3, 0xFF, 0x1C, 0x00, 0x00, 0x57, 0x8A, 0x0A, 0x00, 0x00, 0xCD, 0xFF, 0x1E, 0x00, 0x00, 0xCD,
    0xFF, 0x1E, 0x00, 0x00, 0xCD, 0xFF, 0x1E, 0x00, 0x00, 0xCD, 0xFF, 0x1E, 0x00, 0x00, 0xCD, 0xFF,
    0x1E, 0x00, 0x00, 0xCD, 0xFF, 0x49, 0x30, 0x1E, 0xCD, 0xFF, 0xFF, 0xFF, 0xA2, 0xCD, 0xFF, 0x1E,
    0x00, 0x00, 0xCD, 0xFF, 0x1E, 0x00, 0x00, 0xCD, 0xFF, 0x1E, 0x00, 0x00, 0xCD, 0xFF, 0x1E, 0x00,
    0x00, 0xCD, 0xFF, 0x1E, 0x00, 0x00, 0xC3, 0xFF, 0x1C, 0x00, 0x00, 0x8A, 0xB4, 0x10, 0x00, 0x00,
    0xCD, 0xFF, 0x1E, 0x00, 0x00, 0xCD, 0xFF, 0x1E, 0x00, 0x00, 0xCD, 0xFF, 0x1E, 0x00, 0x00, 0xCD,
    0xFF, 0x1E, 0x00, 0x00, 0xCD, 0xFF, 0x1E, 0x00, 0x00, 0xCD, 0xFF, 0xFF, 0xFF, 0xA2, 0xCD, 0xFF,
    0xFF, 0xFF, 0xCD, 0x55, 0xD7, 0x12, 0x12, 0x0A, 0x4E, 0xD2, 0x00, 0x00, 0x00, 0x4E, 0xD2, 0x00,
    0x00, 0x00, 0x4E, 0xD2, 0x00, 0x00, 0x00, 0x4E, 0xD2, 0x00, 0x00, 0x00, 0x3A, 0xBD, 0x00, 0x00,
    0x00, 0x1B, 0x5A, 0x00, 0x00, 0x00, 0x4E, 0xD2, 0x00, 0x00, 0x00, 0x4E, 0xD2, 0x00, 0x00, 0x00,
    0x4E, 0xD2, 0x00, 0x00, 0x00, 0x4E, 0xD2, 0x00, 0x00, 0x00, 0x4E, 0xD2, 0x00, 0x00, 0x00, 0xB1,
    0xFF, 0xBE, 0xBE, 0x91, 0xCD, 0xFF, 0xFF, 0xFF, 0xCD, 0xCD, 0xFF, 0x76, 0x60, 0x3D, 0xCD, 0xFF,
    0x1E, 0x00, 0x00, 0xCD, 0xFF, 0x1E, 0x00, 0x00, 0xCD, 0xFF, 0x1E, 0x00, 0x00, 0xCD, 0xFF, 0x1E,
    0x00, 0x00, 0xC3, 0xFF, 0x1C, 0x00, 0x00, 0x57, 0x8A, 0x0A, 0x00, 0x00, 0xCD, 0xFF, 0x1E, 0x00,
    0x00, 0xCD, 0xFF, 0x1E, 0x00, 0x00, 0xCD, 0xFF, 0x1E, 0x00, 0x00, 0xCD, 0xFF, 0x1E, 0x00, 0x00,
    0xCD, 0xFF, 0x1E, 0x00, 0x00, 0xCD, 0xFF, 0xC8, 0xBE, 0x91, 0xCD, 0xFF, 0xFF, 0xFF, 0xCD, 0xCD,
    0xFF, 0x76, 0x60, 0x3D, 0xCD, 0xFF, 0x1E, 0x00, 0x00, 0xCD, 0xFF, 0x1E, 0x00, 0x00, 0xCD, 0xFF,
    0x1E, 0x00, 0x00, 0xCD, 0xFF, 0x1E, 0x00, 0x00, 0xC3, 0xFF, 0x1C, 0x00, 0x00, 0x00, 0x00, 0x00,
    0x76, 0x00, 0x00, 0x00, 0xFF, 0x00, 0x00, 0x00, 0xFF, 0x00, 0x00, 0x00, 0xFF, 0x00, 0x00, 0x00,
    0xFF, 0x00, 0x00, 0x00, 0xFF, 0x2E, 0x30, 0x30, 0xFF, 0xFA, 0xFF, 0xFF, 0xFF, 0x00, 0x00, 0x00,
    0xFF, 0x00, 0x00, 0x00, 0xFF, 0x00, 0x00, 0x00, 0xFF, 0x00, 0x00, 0x00, 0xFF, 0x00, 0x00, 0x00,
    0xFF, 0x00, 0x00, 0x00, 0xFF, 0x00, 0x00, 0x00, 0x76, 0x00, 0x00, 0x00, 0xFF, 0x00, 0x00, 0x00,
    0xFF, 0x00, 0x00, 0x00, 0xFF, 0x00, 0x00, 0x00, 0xFF, 0x00, 0x00, 0x00, 0xFF, 0xBA, 0xBE, 0xBE,
    0xFF, 0xFF, 0xFF, 0xFF, 0xFF, 0x5E, 0x60, 0x60, 0xFF, 0x00, 0x00, 0x00, 0xFF, 0x00, 0x00, 0x00,
    0xFF, 0x00, 0x00, 0x00, 0xFF, 0x00, 0x00, 0x00, 0xFF, 0x00, 0x00, 0x00, 0xFF, 0x00, 0x00, 0x00,
    0x00, 0x3D, 0x60, 0x07, 0x00, 0x00, 0x00, 0x00, 0xCD, 0xFF, 0x1E, 0x00, 0x00, 0x00, 0x00, 0xCD,
    0xFF, 0x1E, 0x00, 0x00, 0x00, 0x00, 0xCD, 0xFF, 0x1E, 0x00, 0x00, 0x00, 0x00, 0xCD, 0xFF, 0x1E,
    0x00, 0x00, 0x00, 0x00, 0xCD, 0xFF, 0x1E, 0x00, 0x01, 0x0C, 0x0C, 0xCF, 0xFF, 0x1E, 0x00, 0x46,
    0xFF, 0xFF, 0xFF, 0xFF, 0x1B, 0x00, 0x00, 0x00, 0x00, 0x4E, 0xD2, 0x00, 0x00, 0x00, 0x00, 0x00,
    0x4E, 0xD2, 0x00, 0x00, 0x00, 0x00, 0x00, 0x4E, 0xD2, 0x00, 0x00, 0x00, 0x00, 0x00, 0x4E, 0xD2,
    0x00, 0x00, 0x00, 0x00, 0x00, 0x4E, 0xD2, 0x00, 0x00, 0x00, 0x00, 0x00, 0x4E, 0xD2, 0x00, 0x00,
    0x00, 0x00, 0x00, 0x04, 0x0F, 0x00, 0x00, 0x00, 0x00, 0x00, 0x13, 0x3F, 0x00, 0x00, 0x00, 0x00,
    0x00, 0x4E, 0xD2, 0x00, 0x00, 0x00, 0x00, 0x00, 0x4E, 0xD2, 0x00, 0x00, 0x00, 0x00, 0x00, 0x4E,
    0xD2, 0x00, 0x00, 0x00, 0x00, 0x00, 0x4E, 0xD2, 0x00, 0x00, 0x00, 0x00, 0x00, 0x4E, 0xD2, 0x00,
    0x00, 0x01, 0x0C, 0x0C, 0x57, 0xD4, 0x00, 0x00, 0x46, 0xFF, 0xFF, 0xFF, 0xFF, 0x1E, 0x00, 0x00,
    0x00, 0x00, 0xCD, 0xFF, 0x1E, 0x00, 0x00, 0x00, 0x00, 0xCD, 0xFF, 0x1E, 0x00, 0x00, 0x00, 0x00,
    0xCD, 0xFF, 0x1E, 0x00, 0x00, 0x00, 0x00, 0xCD, 0xFF, 0x1E, 0x00, 0x00, 0x00, 0x00, 0xCD, 0xFF,
    0x1E, 0x00, 0x00, 0x00, 0x00, 0xCD, 0xFF, 0x1E, 0x00, 0x00, 0x00, 0x00, 0x0F, 0x18, 0x01, 0x00,
    0x00, 0x00, 0x00, 0x57, 0x8A, 0x0A, 0x00, 0x00, 0x00, 0x00, 0xCD, 0xFF, 0x1E, 0x00, 0x00, 0x00,
    0x00, 0xCD, 0xFF, 0x1E, 0x00, 0x00, 0x00, 0x00, 0xCD, 0xFF, 0x1E, 0x00, 0x00, 0x00, 0x00, 0xCD,
    0xFF, 0x1E, 0x00, 0x00, 0x00, 0x00, 0xCD, 0xFF, 0x1E, 0x00, 0x09, 0x30, 0x30, 0xDA, 0xFF, 0x1E,
    0x00, 0x3D, 0xFF, 0xFF, 0xFF, 0xFF, 0x1E, 0x00, 0x00, 0x00, 0x00, 0xCD, 0xFF, 0x1E, 0x00, 0x00,
    0x00, 0x00, 0xCD, 0xFF, 0x1E, 0x00, 0x00, 0x00, 0x00, 0xCD, 0xFF, 0x1E, 0x00, 0x00, 0x00, 0x00,
    0xCD, 0xFF, 0x1E, 0x00, 0x00, 0x00, 0x00, 0xCD, 0xFF, 0x1E, 0x00, 0x00, 0x00, 0x00, 0xC3, 0xFF,
    0x1C, 0x00, 0x00, 0x00, 0x00, 0x8A, 0xB4, 0x10, 0x00, 0x00, 0x00, 0x00, 0xCD, 0xFF, 0x1E, 0x00,
    0x00, 0x00, 0x00, 0xCD, 0xFF, 0x1E, 0x00, 0x00, 0x00, 0x00, 0xCD, 0xFF, 0x1E, 0x00, 0x00, 0x00,
    0x00, 0xCD, 0xFF, 0x1E, 0x00, 0x00, 0x00, 0x00, 0xCD, 0xFF, 0x1E, 0x00, 0x3D, 0xFF, 0xFF, 0xFF,
    0xFF, 0x1E, 0x00, 0x4E, 0xFF, 0xFF, 0xFF, 0xFF, 0x1E, 0x00, 0x03, 0x12, 0x12, 0x5B, 0xD7, 0x00,
    0x00, 0x00, 0x00, 0x00, 0x4E, 0xD2, 0x00, 0x00, 0x00, 0x00, 0x00, 0x4E, 0xD2, 0x00, 0x00, 0x00,
    0x00, 0x00, 0x4E, 0xD2, 0x00, 0x00, 0x00, 0x00, 0x00, 0x4E, 0xD2, 0x00, 0x00, 0x00, 0x00, 0x00,
    0x3A, 0xBD, 0x00, 0x00, 0x00, 0x00, 0x00, 0x2B, 0x8D, 0x00, 0x00, 0x00, 0x00, 0x00, 0x4E, 0xD2,
    0x00, 0x00, 0x00, 0x00, 0x00, 0x4E, 0xD2, 0x00, 0x00, 0x00, 0x00, 0x00, 0x4E, 0xD2, 0x00, 0x00,
    0x00, 0x00, 0x00, 0x4E, 0xD2, 0x00, 0x00, 0x00, 0x00, 0x00, 0x4E, 0xD2, 0x00, 0x00, 0x3D, 0xFF,
    0xFF, 0xFF, 0xFF, 0x16, 0x00, 0x4E, 0xFF, 0xFF, 0xFF, 0xFF, 0x1E, 0x00, 0x03, 0x12, 0x12, 0xD2,
    0xFF, 0x1E, 0x00, 0x00, 0x00, 0x00, 0xCD, 0xFF, 0x1E, 0x00, 0x00, 0x00, 0x00, 0xCD, 0xFF, 0x1E,
    0x00, 0x00, 0x00, 0x00, 0xCD, 0xFF, 0x1E, 0x00, 0x00, 0x00, 0x00, 0xCD, 0xFF, 0x1E, 0x00, 0x00,
    0x00, 0x00, 0xB8, 0xF0, 0x16, 0x00, 0x00, 0x00, 0x00, 0x57, 0x8A, 0x0A, 0x00, 0x00, 0x00, 0x00,
    0xCD, 0xFF, 0x1E, 0x00, 0x00, 0x00, 0x00, 0xCD, 0xFF, 0x1E, 0x00, 0x00, 0x00, 0x00, 0xCD, 0xFF,
    0x1E, 0x00, 0x00, 0x00, 0x00, 0xCD, 0xFF, 0x1E, 0x00, 0x00, 0x00, 0x00, 0xCD, 0xFF, 0x1E, 0x00,
    0x2D, 0xBE, 0xBE, 0xFF, 0xFF, 0x1E, 0x00, 0x4E, 0xFF, 0xFF, 0xFF, 0xFF, 0x1E, 0x00, 0x13, 0x60,
    0x60, 0xE9, 0xFF, 0x1E, 0x00, 0x00, 0x00, 0x00, 0xCD, 0xFF, 0x1E, 0x00, 0x00, 0x00, 0x00, 0xCD,
    0xFF, 0x1E, 0x00, 0x00, 0x00, 0x00, 0xCD, 0xFF, 0x1E, 0x00, 0x00, 0x00, 0x00, 0xCD, 0xFF, 0x1E,
    0x00, 0x00, 0x00, 0x00, 0xC3, 0xFF, 0x1C, 0x00, 0x0B, 0x0C, 0x0C, 0x0C, 0x0C, 0x09, 0x11, 0xEF,
    0xFF, 0xFF, 0xFF, 0xFD, 0xDD, 0x00, 0x00, 0x08, 0x8D, 0x35, 0x00, 0x00, 0x00, 0x00, 0x08, 0x8D,
    0x35, 0x00, 0x00, 0x00, 0x00, 0x08, 0x8D, 0x35, 0x00, 0x00, 0x00, 0x00, 0x08, 0x8D, 0x35, 0x00,
    0x00, 0x00, 0x00, 0x08, 0x8D, 0x35, 0x00, 0x00, 0x00, 0x00, 0x08, 0x8D, 0x35, 0x00, 0x00, 0x00,
    0x00, 0x00, 0x0A, 0x04, 0x00, 0x00, 0x0E, 0xEE, 0xFF, 0xEE, 0x97, 0x82, 0x64, 0x13, 0xEF, 0xFF,
    0xFF, 0xC8, 0xB8, 0xA9, 0x00, 0x11, 0x19, 0x94, 0x35, 0x00, 0x00, 0x00, 0x00, 0x08, 0x8D, 0x35,
    0x00, 0x00, 0x00, 0x00, 0x08, 0x8D, 0x35, 0x00, 0x00, 0x00, 0x00, 0x08, 0x8D, 0x35, 0x00, 0x00,
    0x00, 0x00, 0x08, 0x8D, 0x35, 0x00, 0x00, 0x00, 0x00, 0x06, 0x69, 0x27, 0x00, 0x00, 0x05, 0x7B,
    0x87, 0xC8, 0xFF, 0xFB, 0xC6, 0x08, 0xAD, 0xBB, 0xE1, 0xFF, 0xFF, 0xFA, 0x00, 0x00, 0x06, 0x8D,
    0x44, 0x12, 0x0D, 0x00, 0x00, 0x06, 0x8C, 0x36, 0x00, 0x00, 0x00, 0x00, 0x06, 0x8C, 0x36, 0x00,
    0x00, 0x00, 0x00, 0x06, 0x8C, 0x36, 0x00, 0x00, 0x00, 0x00, 0x06, 0x8C, 0x36, 0x00, 0x00, 0x00,
    0x00, 0x05, 0x69, 0x28, 0x00, 0x00, 0x0E, 0xEE, 0xFF, 0xFF, 0xFF, 0xFB, 0xC3, 0x13, 0xEF, 0xFF,
    0xFF, 0xFF, 0xFE, 0xF5, 0x00, 0x11, 0x19, 0x95, 0x43, 0x12, 0x0D, 0x00, 0x00, 0x08, 0x8D, 0x35,
    0x00, 0x00, 0x00, 0x00, 0x08, 0x8D, 0x35, 0x00, 0x00, 0x00, 0x00, 0x08, 0x8D, 0x35, 0x00, 0x00,
    0x00, 0x00, 0x08, 0x8D, 0x35, 0x00, 0x00, 0x00, 0x00, 0x06, 0x69, 0x27, 0x00, 0x00, 0x01, 0x0B,
    0x0C, 0x0C, 0x0C, 0x0C, 0x07, 0x2D, 0xF2, 0xFF, 0xFF, 0xFF, 0xFA, 0xB9, 0x00, 0x00, 0x2C, 0xE6,
    0x4E, 0x00, 0x00, 0x00, 0x00, 0x2C, 0xE6, 0x4E, 0x00, 0x00, 0x00, 0x00, 0x2C, 0xE6, 0x4E, 0x00,
    0x00, 0x00, 0x00, 0x2C, 0xE6, 0x4E, 0x00, 0x00, 0x00, 0x00, 0x2C, 0xE6, 0x4E, 0x00, 0x00, 0x00,
    0x00, 0x2C, 0xE6, 0x4E, 0x00, 0x00, 0x00, 0x00, 0x03, 0x14, 0x06, 0x00, 0x00, 0x27, 0xF1, 0xFF,
    0xFF, 0xA9, 0x81, 0x54, 0x32, 0xF2, 0xFF, 0xFF, 0xD0, 0xB6, 0x8D, 0x02, 0x11, 0x3B, 0xE9, 0x4E,
    0x00, 0x00, 0x00, 0x00, 0x2C, 0xE6, 0x4E, 0x00, 0x00, 0x00, 0x00, 0x2C, 0xE6, 0x4E, 0x00, 0x00,
    0x00, 0x00, 0x2C, 0xE6, 0x4E, 0x00, 0x00, 0x00, 0x00, 0x2C, 0xE6, 0x4E, 0x00, 0x00, 0x00, 0x00,
    0x27, 0xD4, 0x45, 0x00, 0x00, 0x10, 0x7C, 0x93, 0xE5, 0xFF, 0xF8, 0xA2, 0x1D, 0xAF, 0xC8, 0xFF,
    0xFF, 0xFB, 0xCD, 0x00, 0x00, 0x2C, 0xE6, 0x5B, 0x11, 0x0A, 0x00, 0x00, 0x2C, 0xE6, 0x4E, 0x00,
    0x00, 0x00, 0x00, 0x2C, 0xE6, 0x4E, 0x00, 0x00, 0x00, 0x00, 0x2C, 0xE6, 0x4E, 0x00, 0x00, 0x00,
    0x00, 0x2C, 0xE6, 0x4E, 0x00, 0x00, 0x00, 0x00, 0x27, 0xD4, 0x45, 0x00, 0x00, 0x27, 0xF1, 0xFF,
    0xFF, 0xFF, 0xF8, 0xA2, 0x32, 0xF2, 0xFF, 0xFF, 0xFF, 0xFB, 0xCD, 0x02, 0x11, 0x3B, 0xE9, 0x5B,
    0x11, 0x0A, 0x00, 0x00, 0x2C, 0xE6, 0x4E, 0x00, 0x00, 0x00, 0x00, 0x2C, 0xE6, 0x4E, 0x00, 0x00,
    0x00, 0x00, 0x2C, 0xE6, 0x4E, 0x00, 0x00, 0x00, 0x00, 0x2C, 0xE6, 0x4E, 0x00, 0x00, 0x00, 0x00,
    0x27, 0xD4, 0x45, 0x00, 0x00, 0x00, 0x00, 0x02, 0x29, 0x10, 0x00, 0x00, 0x00, 0x00, 0x08, 0x8D,
    0x35, 0x00, 0x00, 0x00, 0x00, 0x08, 0x8D, 0x35, 0x00, 0x00, 0x00, 0x00, 0x08, 0x8D, 0x35, 0x00,
    0x00, 0x00, 0x00, 0x08, 0x8D, 0x35, 0x00, 0x00, 0x00, 0x00, 0x08, 0x8D, 0x35, 0x00, 0x00, 0x00,
    0x0B, 0x13, 0x92, 0x3E, 0x0C, 0x09, 0x11, 0xEF, 0xFF, 0xFF, 0xFF, 0xFD, 0xDD, 0x00, 0x00, 0x00,
    0xB8, 0x00, 0x00, 0x00, 0x00, 0x00, 0x00, 0xFF, 0x00, 0x00, 0x00, 0x00, 0x00, 0x00, 0xFF, 0x00,
    0x00, 0x00, 0x00, 0x00, 0x00, 0xFF, 0x00, 0x00, 0x00, 0x00, 0x00, 0x00, 0xFF, 0x00, 0x00, 0x00,
    0x00, 0x00, 0x00, 0xFF, 0x00, 0x00, 0x00, 0xFA, 0xFF, 0xFF, 0xFF, 0x84, 0x84, 0x70, 0xFF, 0xFF,
    0xFF, 0xFF, 0xB9, 0xB9, 0xBE, 0x10, 0x12, 0x12, 0x0F, 0x00, 0x00, 0x00, 0x00, 0x00, 0x00, 0xB8,
    0x00, 0x00, 0x00, 0x00, 0x00, 0x00, 0xFF, 0x00, 0x00, 0x00, 0x00, 0x00, 0x00, 0xFF, 0x00, 0x00,
    0x00, 0x00, 0x00, 0x00, 0xFF, 0x00, 0x00, 0x00, 0x00, 0x00, 0x00, 0xFF, 0x00, 0x00, 0x00, 0x00,
    0x00, 0x00, 0xFF, 0x00, 0x00, 0x00, 0x81, 0x84, 0x84, 0xFF, 0xFF, 0xFF, 0xDA, 0xB5, 0xB9, 0xB9,
    0xFF, 0xFF, 0xFF, 0xFF, 0x00, 0x00, 0x00, 0x12, 0x12, 0x12, 0x0F, 0x00, 0x00, 0x04, 0x5C, 0x23,
    0x00, 0x00, 0x00, 0x00, 0x08, 0x8D, 0x35, 0x00, 0x00, 0x00, 0x00, 0x08, 0x8D, 0x35, 0x00, 0x00,
    0x00, 0x00, 0x08, 0x8D, 0x35, 0x00, 0x00, 0x00, 0x00, 0x08, 0x8D, 0x35, 0x00, 0x00, 0x00, 0x00,
    0x08, 0x8D, 0x35, 0x00, 0x00, 0x0E, 0xEE, 0xFF, 0xFF, 0xFF, 0xFB, 0xC3, 0x13, 0xEF, 0xFF, 0xFF,
    0xFF, 0xFE, 0xF5, 0x00, 0x11, 0x12, 0x12, 0x12, 0x12, 0x0D, 0x00, 0x00, 0x0D, 0x4F, 0x1A, 0x00,
    0x00, 0x00, 0x00, 0x2C, 0xE6, 0x4E, 0x00, 0x00, 0x00, 0x00, 0x2C, 0xE6, 0x4E, 0x00, 0x00, 0x00,
    0x00, 0x2C, 0xE6, 0x4E, 0x00, 0x00, 0x00, 0x00, 0x2C, 0xE6, 0x4E, 0x00, 0x00, 0x00, 0x00, 0x2C,
    0xE6, 0x4E, 0x00, 0x00, 0x01, 0x0B, 0x36, 0xE7, 0x56, 0x0C, 0x07, 0x2D, 0xF2, 0xFF, 0xFF, 0xFF,
    0xFA, 0xB9, 0x00, 0x00, 0x1E, 0x9F, 0x33, 0x00, 0x00, 0x00, 0x00, 0x2C, 0xE6, 0x4E, 0x00, 0x00,
    0x00, 0x00, 0x2C, 0xE6, 0x4E, 0x00, 0x00, 0x00, 0x00, 0x2C, 0xE6, 0x4E, 0x00, 0x00, 0x00, 0x00,
    0x2C, 0xE6, 0x4E, 0x00, 0x00, 0x00, 0x00, 0x2C, 0xE6, 0x4E, 0x00, 0x00, 0x27, 0xF1, 0xFF, 0xFF,
    0xAD, 0x81, 0x54, 0x32, 0xF2, 0xFF, 0xFF, 0xD0, 0xB6, 0x8D, 0x02, 0x11, 0x12, 0x12, 0x04, 0x00,
    0x00, 0x00, 0x00, 0x1E, 0x9F, 0x33, 0x00, 0x00, 0x00, 0x00, 0x2C, 0xE6, 0x4E, 0x00, 0x00, 0x00,
    0x00, 0x2C, 0xE6, 0x4E, 0x00, 0x00, 0x00, 0x00, 0x2C, 0xE6, 0x4E, 0x00, 0x00, 0x00, 0x00, 0x2C,
    0xE6, 0x4E, 0x00, 0x00, 0x00, 0x00, 0x2C, 0xE6, 0x4E, 0x00, 0x00, 0x10, 0x7C, 0x9C, 0xF9, 0xFF,
    0xF8, 0xA2, 0x1D, 0xAF, 0xC8, 0xFF, 0xFF, 0xFB, 0xCD, 0x00, 0x00, 0x02, 0x0E, 0x12, 0x11, 0x0A,
    0x00, 0x00, 0x1E, 0x9F, 0x33, 0x00, 0x00, 0x00, 0x00, 0x2C, 0xE6, 0x4E, 0x00, 0x00, 0x00, 0x00,
    0x2C, 0xE6, 0x4E, 0x00, 0x00, 0x00, 0x00, 0x2C, 0xE6, 0x4E, 0x00, 0x00, 0x00, 0x00, 0x2C, 0xE6,
    0x4E, 0x00, 0x00, 0x00, 0x00, 0x2C, 0xE6, 0x4E, 0x00, 0x00, 0x27, 0xF1, 0xFF, 0xFF, 0xFF, 0xF8,
    0xA2, 0x32, 0xF2, 0xFF, 0xFF, 0xFF, 0xFB, 0xCD, 0x02, 0x11, 0x12, 0x12, 0x12, 0x11, 0x0A, 0x00,
    0x00, 0x03, 0x3B, 0x17, 0x00, 0x00, 0x00, 0x00, 0x08, 0x8D, 0x35, 0x00, 0x00, 0x00, 0x00, 0x08,
    0x8D, 0x35, 0x00, 0x00, 0x00, 0x00, 0x08, 0x8D, 0x35, 0x00, 0x00, 0x00, 0x00, 0x08, 0x8D, 0x35,
    0x00, 0x00, 0x00, 0x00, 0x08, 0x8D, 0x35, 0x00, 0x00, 0x02, 0x2D, 0x37, 0xA6, 0x5C, 0x2F, 0x24,
    0x0E, 0xEE, 0xFF, 0xFF, 0xFF, 0xFB, 0xC3, 0x00, 0x00, 0x08, 0x8D, 0x35, 0x00, 0x00, 0x00, 0x00,
    0x08, 0x8D, 0x35, 0x00, 0x00, 0x00, 0x00, 0x08, 0x8D, 0x35, 0x00, 0x00, 0x00, 0x00, 0x08, 0x8D,
    0x35, 0x00, 0x00, 0x00, 0x00, 0x08, 0x8D, 0x35, 0x00, 0x00, 0x00, 0x00, 0x07, 0x85, 0x32, 0x00,
    0x00, 0x00, 0x00, 0x00, 0x76, 0x00, 0x00, 0x00, 0x00, 0x00, 0x00, 0xFF, 0x00, 0x00, 0x00, 0x00,
    0x00, 0x00, 0xFF, 0x00, 0x00, 0x00, 0x00, 0x00, 0x00, 0xFF, 0x00, 0x00, 0x00, 0x00, 0x00, 0x00,
    0xFF, 0x00, 0x00, 0x00, 0x00, 0x00, 0x00, 0xFF, 0x00, 0x00, 0x00, 0xBA, 0xBE, 0xBE, 0xFF, 0x30,
    0x30, 0x28, 0xFF, 0xFF, 0xFF, 0xFF, 0xFF, 0xFF, 0xDA, 0x5E, 0x60, 0x60, 0xFF, 0x00, 0x00, 0x00,
    0x00, 0x00, 0x00, 0xFF, 0x00, 0x00, 0x00, 0x00, 0x00, 0x00, 0xFF, 0x00, 0x00, 0x00, 0x00, 0x00,
    0x00, 0xFF, 0x00, 0x00, 0x00, 0x00, 0x00, 0x00, 0xFF, 0x00, 0x00, 0x00, 0x00, 0x00, 0x00, 0xFF,
    0x00, 0x00, 0x00, 0x00, 0x00, 0x00, 0x76, 0x00, 0x00, 0x00, 0x00, 0x00, 0x00, 0xFF, 0x00, 0x00,
    0x00, 0x00, 0x00, 0x00, 0xFF, 0x00, 0x00, 0x00, 0x00, 0x00, 0x00, 0xFF, 0x00, 0x00, 0x00, 0x00,
    0x00, 0x00, 0xFF, 0x00, 0x00, 0x00, 0x00, 0x00, 0x00, 0xFF, 0x00, 0x00, 0x00, 0x2E, 0x30, 0x30,
    0xFF, 0xBE, 0xBE, 0xA2, 0xFA, 0xFF, 0xFF, 0xFF, 0xFF, 0xFF, 0xFF, 0x00, 0x00, 0x00, 0xFF, 0x60,
    0x60, 0x52, 0x00, 0x00, 0x00, 0xFF, 0x00, 0x00, 0x00, 0x00, 0x00, 0x00, 0xFF, 0x00, 0x00, 0x00,
    0x00, 0x00, 0x00, 0xFF, 0x00, 0x00, 0x00, 0x00, 0x00, 0x00, 0xFF, 0x00, 0x00, 0x00, 0x00, 0x00,
    0x00, 0xFF, 0x00, 0x00, 0x00, 0x00, 0x00, 0x03, 0x3B, 0x17, 0x00, 0x00, 0x00, 0x00, 0x08, 0x8D,
    0x35, 0x00, 0x00, 0x00, 0x00, 0x08, 0x8D, 0x35, 0x00, 0x00, 0x00, 0x00, 0x08, 0x8D, 0x35, 0x00,
    0x00, 0x00, 0x00, 0x08, 0x8D, 0x35, 0x00, 0x00, 0x00, 0x00, 0x08, 0x8D, 0x35, 0x00, 0x00, 0x0A,
    0xB2, 0xC0, 0xE4, 0xCC, 0xBD, 0xAE, 0x13, 0xEF, 0xFF, 0xFF, 0xFF, 0xFE, 0xF5, 0x05, 0x5A, 0x66,
    0xBD, 0x82, 0x5E, 0x49, 0x00, 0x00, 0x08, 0x8D, 0x35, 0x00, 0x00, 0x00, 0x00, 0x08, 0x8D, 0x35,
    0x00, 0x00, 0x00, 0x00, 0x08, 0x8D, 0x35, 0x00, 0x00, 0x00, 0x00, 0x08, 0x8D, 0x35, 0x00, 0x00,
    0x00, 0x00, 0x07, 0x85, 0x32, 0x00, 0x00, 0x00, 0x00, 0x0D, 0x4F, 0x1A, 0x00, 0x00, 0x00, 0x00,
    0x2C, 0xE6, 0x4E, 0x00, 0x00, 0x00, 0x00, 0x2C, 0xE6, 0x4E, 0x00, 0x00, 0x00, 0x00, 0x2C, 0xE6,
    0x4E, 0x00, 0x00, 0x00, 0x00, 0x2C, 0xE6, 0x4E, 0x00, 0x00, 0x00, 0x00, 0x2C, 0xE6, 0x4E, 0x00,
    0x00, 0x01, 0x0B, 0x36, 0xE7, 0x56, 0x0C, 0x07, 0x2D, 0xF2, 0xFF, 0xFF, 0xFF, 0xFA, 0xB9, 0x00,
    0x00, 0x11, 0x90, 0x2D, 0x00, 0x00, 0x00, 0x00, 0x11, 0x90, 0x2D, 0x00, 0x00, 0x00, 0x00, 0x11,
    0x90, 0x2D, 0x00, 0x00, 0x00, 0x00, 0x11, 0x90, 0x2D, 0x00, 0x00, 0x00, 0x00, 0x11, 0x90, 0x2D,
    0x00, 0x00, 0x00, 0x00, 0x11, 0x90, 0x2D, 0x00, 0x00, 0x00, 0x00, 0x01, 0x0A, 0x03, 0x00, 0x00,
    0x00, 0x00, 0x04, 0x29, 0x0E, 0x00, 0x00, 0x00, 0x00, 0x11, 0x90, 0x2D, 0x00, 0x00, 0x00, 0x00,
    0x11, 0x90, 0x2D, 0x00, 0x00, 0x00, 0x00, 0x11, 0x90, 0x2D, 0x00, 0x00, 0x00, 0x00, 0x11, 0x90,
    0x2D, 0x00, 0x00, 0x00, 0x00, 0x11, 0x90, 0x2D, 0x00, 0x00, 0x01, 0x0B, 0x1C, 0x96, 0x37, 0x0C,
    0x07, 0x2D, 0xF2, 0xFF, 0xFF, 0xFF, 0xFA, 0xB9, 0x00, 0x00, 0x2C, 0xE6, 0x4E, 0x00, 0x00, 0x00,
    0x00, 0x2C, 0xE6, 0x4E, 0x00, 0x00, 0x00, 0x00, 0x2C, 0xE6, 0x4E, 0x00, 0x00, 0x00, 0x00, 0x2C,
    0xE6, 0x4E, 0x00, 0x00, 0x00, 0x00, 0x2C, 0xE6, 0x4E, 0x00, 0x00, 0x00, 0x00, 0x2C, 0xE6, 0x4E,
    0x00, 0x00, 0x00, 0x00, 0x03, 0x14, 0x06, 0x00, 0x00, 0x00, 0x00, 0x13, 0x71, 0x25, 0x00, 0x00,
    0x00, 0x00, 0x2C, 0xE6, 0x4E, 0x00, 0x00, 0x00, 0x00, 0x2C, 0xE6, 0x4E, 0x00, 0x00, 0x00, 0x00,
    0x2C, 0xE6, 0x4E, 0x00, 0x00, 0x00, 0x00, 0x2C, 0xE6, 0x4E, 0x00, 0x00, 0x00, 0x00, 0x2C, 0xE6,
    0x4E, 0x00, 0x00, 0x06, 0x2D, 0x54, 0xED, 0x70, 0x2F, 0x1E, 0x27, 0xF1, 0xFF, 0xFF, 0xFF, 0xF8,
    0xA2, 0x00, 0x00, 0x2C, 0xE6, 0x4E, 0x00, 0x00, 0x00, 0x00, 0x2C, 0xE6, 0x4E, 0x00, 0x00, 0x00,
    0x00, 0x2C, 0xE6, 0x4E, 0x00, 0x00, 0x00, 0x00, 0x2C, 0xE6, 0x4E, 0x00, 0x00, 0x00, 0x00, 0x2C,
    0xE6, 0x4E, 0x00, 0x00, 0x00, 0x00, 0x2A, 0xE1, 0x4D, 0x00, 0x00, 0x00, 0x00, 0x1E, 0x9F, 0x33,
    0x00, 0x00, 0x00, 0x00, 0x2C, 0xE6, 0x4E, 0x00, 0x00, 0x00, 0x00, 0x2C, 0xE6, 0x4E, 0x00, 0x00,
    0x00, 0x00, 0x2C, 0xE6, 0x4E, 0x00, 0x00, 0x00, 0x00, 0x2C, 0xE6, 0x4E, 0x00, 0x00, 0x00, 0x00,
    0x2C, 0xE6, 0x4E, 0x00, 0x00, 0x27, 0xF1, 0xFF, 0xFF, 0xAD, 0x81, 0x54, 0x32, 0xF2, 0xFF, 0xFF,
    0xD0, 0xB6, 0x8D, 0x02, 0x11, 0x22, 0x99, 0x2E, 0x00, 0x00, 0x00, 0x00, 0x11, 0x90, 0x2D, 0x00,
    0x00, 0x00, 0x00, 0x11, 0x90, 0x2D, 0x00, 0x00, 0x00, 0x00, 0x11, 0x90, 0x2D, 0x00, 0x00, 0x00,
    0x00, 0x11, 0x90, 0x2D, 0x00, 0x00, 0x00, 0x00, 0x0C, 0x7C, 0x29, 0x00, 0x00, 0x00, 0x00, 0x1E,
    0x9F, 0x33, 0x00, 0x00, 0x00, 0x00, 0x2C, 0xE6, 0x4E, 0x00, 0x00, 0x00, 0x00, 0x2C, 0xE6, 0x4E,
    0x00, 0x00, 0x00, 0x00, 0x2C, 0xE6, 0x4E, 0x00, 0x00, 0x00, 0x00, 0x2C, 0xE6, 0x4E, 0x00, 0x00,
    0x00, 0x00, 0x2C, 0xE6, 0x4E, 0x00, 0x00, 0x10, 0x7C, 0x9C, 0xF9, 0xFF, 0xF8, 0xA2, 0x1D, 0xAF,
    0xC8, 0xFF, 0xFF, 0xFB, 0xCD, 0x00, 0x00, 0x12, 0x96, 0x3C, 0x11, 0x0A, 0x00, 0x00, 0x11, 0x90,
    0x2D, 0x00, 0x00, 0x00, 0x00, 0x11, 0x90, 0x2D, 0x00, 0x00, 0x00, 0x00, 0x11, 0x90, 0x2D, 0x00,
    0x00, 0x00, 0x00, 0x11, 0x90, 0x2D, 0x00, 0x00, 0x00, 0x00, 0x0C, 0x7C, 0x29, 0x00, 0x00, 0x00,
    0x00, 0x09, 0x5C, 0x1E, 0x00, 0x00, 0x00, 0x00, 0x11, 0x90, 0x2D, 0x00, 0x00, 0x00, 0x00, 0x11,
    0x90, 0x2D, 0x00, 0x00, 0x00, 0x00, 0x11, 0x90, 0x2D, 0x00, 0x00, 0x00, 0x00, 0x11, 0x90, 0x2D,
    0x00, 0x00, 0x00, 0x00, 0x11, 0x90, 0x2D, 0x00, 0x00, 0x27, 0xF1, 0xFF, 0xFF, 0xA9, 0x81, 0x54,
    0x32, 0xF2, 0xFF, 0xFF, 0xD0, 0xB6, 0x8D, 0x02, 0x11, 0x3B, 0xE9, 0x4E, 0x00, 0x00, 0x00, 0x00,
    0x2C, 0xE6, 0x4E, 0x00, 0x00, 0x00, 0x00, 0x2C, 0xE6, 0x4E, 0x00, 0x00, 0x00, 0x00, 0x2C, 0xE6,
    0x4E, 0x00, 0x00, 0x00, 0x00, 0x2C, 0xE6, 0x4E, 0x00, 0x00, 0x00, 0x00, 0x27, 0xD4, 0x45, 0x00,
    0x00, 0x00, 0x00, 0x06, 0x3B, 0x13, 0x00, 0x00, 0x00, 0x00, 0x11, 0x90, 0x2D, 0x00, 0x00, 0x00,
    0x00, 0x11, 0x90, 0x2D, 0x00, 0x00, 0x00, 0x00, 0x11, 0x90, 0x2D, 0x00, 0x00, 0x00, 0x00, 0x11,
    0x90, 0x2D, 0x00, 0x00, 0x00, 0x00, 0x11, 0x90, 0x2D, 0x00, 0x00, 0x06, 0x2D, 0x48, 0xD1, 0xCC,
    0xBB, 0x91, 0x27, 0xF1, 0xFF, 0xFF, 0xFF, 0xFB, 0xCD, 0x00, 0x00, 0x2C, 0xE6, 0x93, 0x5E, 0x3D,
    0x00, 0x00, 0x2C, 0xE6, 0x4E, 0x00, 0x00, 0x00, 0x00, 0x2C, 0xE6, 0x4E, 0x00, 0x00, 0x00, 0x00,
    0x2C, 0xE6, 0x4E, 0x00, 0x00, 0x00, 0x00, 0x2C, 0xE6, 0x4E, 0x00, 0x00, 0x00, 0x00, 0x2A, 0xE1,
    0x4D, 0x00, 0x00, 0x00, 0x00, 0x1E, 0x9F, 0x33, 0x00, 0x00, 0x00, 0x00, 0x2C, 0xE6, 0x4E, 0x00,
    0x00, 0x00, 0x00, 0x2C, 0xE6, 0x4E, 0x00, 0x00, 0x00, 0x00, 0x2C, 0xE6, 0x4E, 0x00, 0x00, 0x00,
    0x00, 0x2C, 0xE6, 0x4E, 0x00, 0x00, 0x00, 0x00, 0x2C, 0xE6, 0x4E, 0x00, 0x00, 0x27, 0xF1, 0xFF,
    0xFF, 0xFF, 0xF8, 0xA2, 0x32, 0xF2, 0xFF, 0xFF, 0xFF, 0xFB, 0xCD, 0x02, 0x11, 0x22, 0x99, 0x3C,
    0x11, 0x0A, 0x00, 0x00, 0x11, 0x90, 0x2D, 0x00, 0x00, 0x00, 0x00, 0x11, 0x90, 0x2D, 0x00, 0x00,
    0x00, 0x00, 0x11, 0x90, 0x2D, 0x00, 0x00, 0x00, 0x00, 0x11, 0x90, 0x2D, 0x00, 0x00, 0x00, 0x00,
    0x0C, 0x7C, 0x29, 0x00, 0x00, 0x00, 0x00, 0x09, 0x5C, 0x1E, 0x00, 0x00, 0x00, 0x00, 0x11, 0x90,
    0x2D, 0x00, 0x00, 0x00, 0x00, 0x11, 0x90, 0x2D, 0x00, 0x00, 0x00, 0x00, 0x11, 0x90, 0x2D, 0x00,
    0x00, 0x00, 0x00, 0x11, 0x90, 0x2D, 0x00, 0x00, 0x00, 0x00, 0x11, 0x90, 0x2D, 0x00, 0x00, 0x27,
    0xF1, 0xFF, 0xFF, 0xFF, 0xF8, 0xA2, 0x32, 0xF2, 0xFF, 0xFF, 0xFF, 0xFB, 0xCD, 0x02, 0x11, 0x3B,
    0xE9, 0x5B, 0x11, 0x0A, 0x00, 0x00, 0x2C, 0xE6, 0x4E, 0x00, 0x00, 0x00, 0x00, 0x2C, 0xE6, 0x4E,
    0x00, 0x00, 0x00, 0x00, 0x2C, 0xE6, 0x4E, 0x00, 0x00, 0x00, 0x00, 0x2C, 0xE6, 0x4E, 0x00, 0x00,
    0x00, 0x00, 0x27, 0xD4, 0x45, 0x00, 0x00, 0x00, 0x00, 0x13, 0x71, 0x25, 0x00, 0x00, 0x00, 0x00,
    0x2C, 0xE6, 0x4E, 0x00, 0x00, 0x00, 0x00, 0x2C, 0xE6, 0x4E, 0x00, 0x00, 0x00, 0x00, 0x2C, 0xE6,
    0x4E, 0x00, 0x00, 0x00, 0x00, 0x2C, 0xE6, 0x4E, 0x00, 0x00, 0x00, 0x00, 0x2C, 0xE6, 0x4E, 0x00,
    0x00, 0x1D, 0xB4, 0xCC, 0xFF, 0x70, 0x2F, 0x1E, 0x32, 0xF2, 0xFF, 0xFF, 0xFF, 0xF8, 0xA2, 0x0C,
    0x5B, 0x7D, 0xF4, 0x4E, 0x00, 0x00, 0x00, 0x00, 0x2C, 0xE6, 0x4E, 0x00, 0x00, 0x00, 0x00, 0x2C,
    0xE6, 0x4E, 0x00, 0x00, 0x00, 0x00, 0x2C, 0xE6, 0x4E, 0x00, 0x00, 0x00, 0x00, 0x2C, 0xE6, 0x4E,
    0x00, 0x00, 0x00, 0x00, 0x2A, 0xE1, 0x4D, 0x00, 0x00, 0x00, 0x00, 0x13, 0x71, 0x25, 0x00, 0x00,
    0x00, 0x00, 0x2C, 0xE6, 0x4E, 0x00, 0x00, 0x00, 0x00, 0x2C, 0xE6, 0x4E, 0x00, 0x00, 0x00, 0x00,
    0x2C, 0xE6, 0x4E, 0x00, 0x00, 0x00, 0x00, 0x2C, 0xE6, 0x4E, 0x00, 0x00, 0x00, 0x00, 0x2C, 0xE6,
    0x4E, 0x00, 0x00, 0x06, 0x2D, 0x54, 0xED, 0xD4, 0xBB, 0x91, 0x27, 0xF1, 0xFF, 0xFF, 0xFF, 0xFB,
    0xCD, 0x00, 0x00, 0x2C, 0xE6, 0x93, 0x5E, 0x3D, 0x00, 0x00, 0x2C, 0xE6, 0x4E, 0x00, 0x00, 0x00,
    0x00, 0x2C, 0xE6, 0x4E, 0x00, 0x00, 0x00, 0x00, 0x2C, 0xE6, 0x4E, 0x00, 0x00, 0x00, 0x00, 0x2C,
    0xE6, 0x4E, 0x00, 0x00, 0x00, 0x00, 0x2A, 0xE1, 0x4D, 0x00, 0x00, 0x00, 0x00, 0x13, 0x71, 0x25,
    0x00, 0x00, 0x00, 0x00, 0x2C, 0xE6, 0x4E, 0x00, 0x00, 0x00, 0x00, 0x2C, 0xE6, 0x4E, 0x00, 0x00,
    0x00, 0x00, 0x2C, 0xE6, 0x4E, 0x00, 0x00, 0x00, 0x00, 0x2C, 0xE6, 0x4E, 0x00, 0x00, 0x00, 0x00,
    0x2C, 0xE6, 0x4E, 0x00, 0x00, 0x1D, 0xB4, 0xCC, 0xFF, 0xD4, 0xBB, 0x91, 0x32, 0xF2, 0xFF, 0xFF,
    0xFF, 0xFB, 0xCD, 0x0C, 0x5B, 0x7D, 0xF4, 0x93, 0x5E, 0x3D, 0x00, 0x00, 0x2C, 0xE6, 0x4E, 0x00,
    0x00, 0x00, 0x00, 0x2C, 0xE6, 0x4E, 0x00, 0x00, 0x00, 0x00, 0x2C, 0xE6, 0x4E, 0x00, 0x00, 0x00,
    0x00, 0x2C, 0xE6, 0x4E, 0x00, 0x00, 0x00, 0x00, 0x2A, 0xE1, 0x4D, 0x00, 0x00, 0x07, 0x0C, 0x0A,
    0x03, 0x0C, 0x0C, 0x03, 0xC1, 0xFF, 0xFF, 0x7C, 0xFF, 0xFF, 0x66, 0xAB, 0xFF, 0xFA, 0x6D, 0xFF,
    0xFF, 0x5A, 0xD7, 0xFF, 0xFF, 0x8A, 0xFF, 0xFF, 0x72, 0x0C, 0x12, 0x10, 0x06, 0x12, 0x12, 0x04,
    0x13, 0xFF, 0xFF, 0xFF, 0xFF, 0xA9, 0x00, 0xFF, 0xFF, 0xFF, 0xFF, 0xAB, 0x0F, 0x18, 0x01, 0xCD,
    0xFF, 0x1E, 0xCD, 0xFF, 0x1E, 0xCD, 0xFF, 0x1E, 0xCD, 0xFF, 0x1E, 0x7E, 0xA5, 0x0F, 0x00, 0x00,
    0x00, 0xC3, 0xFF, 0x1C, 0xCD, 0xFF, 0x1E, 0xCD, 0xFF, 0x1E, 0xCD, 0xFF, 0x1E, 0x99, 0xC8, 0x12,
    0x11, 0xEF, 0xFF, 0xFF, 0xFF, 0xFD, 0xE1, 0x01, 0x22, 0x24, 0x24, 0x24, 0x23, 0x1B, 0x0F, 0xEF,
    0xFF, 0xFF, 0xFF, 0xFB, 0xCA, 0x76, 0x24, 0x51, 0xFF, 0x66, 0xBE, 0xFF, 0x66, 0xBE, 0xFF, 0x66,
    0xBE, 0xFF, 0x66, 0xBE, 0xFF, 0x66, 0xBE, 0xFF, 0x66, 0xBE, 0xFF, 0x66, 0xBE, 0xFF, 0x66, 0xBE,
    0xFF, 0x66, 0xBE, 0xFF, 0x66, 0xBE, 0xFF, 0x66, 0xBE, 0xFF, 0x66, 0xBE, 0xFF, 0x60, 0xB4, 0xFF,
    0xFF, 0xFF, 0xFC, 0xFF, 0x24, 0x24, 0x1E, 0xFF, 0xFF, 0xFF, 0xE3, 0xFF, 0x00, 0x00, 0x00, 0xFF,
    0x00, 0x00, 0x00, 0xFF, 0x00, 0x00, 0x00, 0xFF, 0x00, 0x00, 0x00, 0xFF, 0x00, 0x00, 0x00, 0x04,
    0x00, 0x00, 0x00, 0x0A, 0x0C, 0x0C, 0x0C, 0x07, 0xFF, 0xFF, 0xFF, 0xFF, 0xD4, 0xFF, 0x66, 0xBE,
    0x00, 0x00, 0xFF, 0x66, 0xBE, 0x00, 0x00, 0xFF, 0x66, 0xBE, 0x00, 0x00, 0xFF, 0x66, 0xBE, 0x00,
    0x00, 0xFF, 0x66, 0xBE, 0x00, 0x00, 0xFF, 0x66, 0xBE, 0x00, 0x00, 0x13, 0x06, 0x0D, 0x00, 0x00,
    0xFF, 0xFF, 0xFF, 0xFF, 0xD8, 0xFF, 0x09, 0x24, 0x24, 0x19, 0xFF, 0x66, 0xFF, 0xFF, 0xC1, 0xFF,
    0x66, 0xBE, 0x00, 0x00, 0xFF, 0x66, 0xBE, 0x00, 0x00, 0xFF, 0x66, 0xBE, 0x00, 0x00, 0xFF, 0x66,
    0xBE, 0x00, 0x00, 0xFF, 0x66, 0xBE, 0x00, 0x00, 0x13, 0x06, 0x0D, 0x00, 0x00, 0xFF, 0xFF, 0xFF,
    0xFF, 0x22, 0x24, 0x24, 0xFF, 0xFF, 0xFF, 0xFF, 0xFF, 0x00, 0x00, 0x00, 0xFF, 0x00, 0x00, 0x00,
    0xFF, 0x00, 0x00, 0x00, 0xFF, 0x00, 0x00, 0x00, 0xFF, 0x00, 0x00, 0x00, 0xFF, 0x00, 0x00, 0x00,
    0x04, 0x00, 0x00, 0x0C, 0x0C, 0x0C, 0x0C, 0x06, 0x00, 0x25, 0xFF, 0xFF, 0xFF, 0xFF, 0xBE, 0x00,
    0x00, 0x00, 0x00, 0xFF, 0x66, 0xBE, 0x00, 0x00, 0x00, 0x00, 0xFF, 0x66, 0xBE, 0x00, 0x00, 0x00,
    0x00, 0xFF, 0x66, 0xBE, 0x00, 0x00, 0x00, 0x00, 0xFF, 0x66, 0xBE, 0x00, 0x00, 0x00, 0x00, 0xFF,
    0x66, 0xBE, 0x00, 0x00, 0x00, 0x00, 0xFF, 0x66, 0xBE, 0x00, 0x00, 0x00, 0x00, 0x13, 0x06, 0x0D,
    0x00, 0x25, 0xFF, 0xFF, 0xFF, 0xFF, 0xBE, 0x00, 0x03, 0x24, 0x24, 0x1F, 0x66, 0xBE, 0x00, 0x22,
    0xFF, 0xFF, 0xFF, 0x66, 0xBE, 0x00, 0x00, 0x00, 0x00, 0xFF, 0x66, 0xBE, 0x00, 0x00, 0x00, 0x00,
    0xFF, 0x66, 0xBE, 0x00, 0x00, 0x00, 0x00, 0xFF, 0x66, 0xBE, 0x00, 0x00, 0x00, 0x00, 0xFF, 0x66,
    0xBE, 0x00, 0x00, 0x00, 0x00, 0xFF, 0x66, 0xBE, 0x00, 0x00, 0x00, 0x00, 0x13, 0x06, 0x0D, 0x52,
    0x00, 0x00, 0x00, 0xFF, 0x00, 0x00, 0x00, 0xFF, 0x00, 0x00, 0x00, 0xFF, 0x00, 0x00, 0x00, 0xFF,
    0x00, 0x00, 0x00, 0xFF, 0x00, 0x00, 0x00, 0xFF, 0xFF, 0xFF, 0xFC, 0xFF, 0x24, 0x24, 0x1E, 0xFF,
    0xFF, 0xFF, 0xE3, 0x52, 0x19, 0x39, 0x00, 0x00, 0xFF, 0x66, 0xBE, 0x00, 0x00, 0xFF, 0x66, 0xBE,
    0x00, 0x00, 0xFF, 0x66, 0xBE, 0x00, 0x00, 0xFF, 0x66, 0xBE, 0x00, 0x00, 0xFF, 0x66, 0xBE, 0x00,
    0x00, 0xFF, 0x6D, 0xC1, 0x0C, 0x07, 0xFF, 0xFF, 0xFF, 0xFF, 0xD4, 0x61, 0x1E, 0x43, 0x00, 0x00,
    0xFF, 0x66, 0xBE, 0x00, 0x00, 0xFF, 0x66, 0xBE, 0x00, 0x00, 0xFF, 0x66, 0xBE, 0x00, 0x00, 0xFF,
    0x66, 0xBE, 0x00, 0x00, 0xFF, 0x66, 0xBE, 0x00, 0x00, 0xFF, 0x5D, 0xFF, 0xFF, 0xD8, 0xFF, 0x24,
    0x24, 0x24, 0x19, 0xFF, 0xFF, 0xFF, 0xFF, 0xC1, 0x00, 0x00, 0x00, 0x52, 0x00, 0x00, 0x00, 0xFF,
    0x00, 0x00, 0x00, 0xFF, 0x00, 0x00, 0x00, 0xFF, 0x00, 0x00, 0x00, 0xFF, 0x00, 0x00, 0x00, 0xFF,
    0xFF, 0xFF, 0xFF, 0xFF, 0x22, 0x24, 0x24, 0xFF, 0xFF, 0xFF, 0xFF, 0xE3, 0x00, 0x00, 0x00, 0x00,
    0x52, 0x19, 0x39, 0x00, 0x00, 0x00, 0x00, 0xFF, 0x66, 0xBE, 0x00, 0x00, 0x00, 0x00, 0xFF, 0x66,
    0xBE, 0x00, 0x00, 0x00, 0x00, 0xFF, 0x66, 0xBE, 0x00, 0x00, 0x00, 0x00, 0xFF, 0x66, 0xBE, 0x00,
    0x00, 0x00, 0x00, 0xFF, 0x66, 0xBE, 0x00, 0x00, 0x0C, 0x0C, 0xFF, 0x6D, 0xBE, 0x00, 0x25, 0xFF,
    0xFF, 0xFF, 0xFF, 0xAB, 0x00, 0x00, 0x00, 0x00, 0x61, 0x1E, 0x43, 0x00, 0x00, 0x00, 0x00, 0xFF,
    0x66, 0xBE, 0x00, 0x00, 0x00, 0x00, 0xFF, 0x66, 0xBE, 0x00, 0x00, 0x00, 0x00, 0xFF, 0x66, 0xBE,
    0x00, 0x00, 0x00, 0x00, 0xFF, 0x66, 0xBE, 0x00, 0x00, 0x00, 0x00, 0xFF, 0x66, 0xBE, 0x00, 0x25,
    0xFF, 0xFF, 0xFF, 0x66, 0xBE, 0x00, 0x03, 0x24, 0x24, 0x24, 0x7F, 0xBE, 0x00, 0x22, 0xFF, 0xFF,
    0xFF, 0xFF, 0xBB, 0x76, 0x00, 0x00, 0x00, 0xFF, 0x00, 0x00, 0x00, 0xFF, 0x00, 0x00, 0x00, 0xFF,
    0x00, 0x00, 0x00, 0xFF, 0x00, 0x00, 0x00, 0xFF, 0x18, 0x18, 0x13, 0xFF, 0xFF, 0xFF, 0xF0, 0xFF,
    0x4E, 0x4E, 0x42, 0xFF, 0xE6, 0xE6, 0xC5, 0xFF, 0x00, 0x00, 0x00, 0xFF, 0x00, 0x00, 0x00, 0xFF,
    0x00, 0x00, 0x00, 0xFF, 0x00, 0x00, 0x00, 0xFF, 0x00, 0x00, 0x00, 0x76, 0x24, 0x51, 0x00, 0x00,
    0xFF, 0x66, 0xBE, 0x00, 0x00, 0xFF, 0x66, 0xBE, 0x00, 0x00, 0xFF, 0x66, 0xBE, 0x00, 0x00, 0xFF,
    0x66, 0xBE, 0x00, 0x00, 0xFF, 0x66, 0xBE, 0x00, 0x00, 0xFF, 0x66, 0xCE, 0x30, 0x22, 0xFF, 0x66,
    0xFF, 0xFF, 0xBA, 0xFF, 0x66, 0xBE, 0x00, 0x00, 0xFF, 0x66, 0xBE, 0x00, 0x00, 0xFF, 0x66, 0xBE,
    0x00, 0x00, 0xFF, 0x66, 0xBE, 0x00, 0x00, 0xFF, 0x66, 0xBE, 0x00, 0x00, 0xFF, 0x60, 0xB4, 0x00,
    0x00, 0x76, 0x24, 0x51, 0x00, 0x00, 0xFF, 0x66, 0xBE, 0x00, 0x00, 0xFF, 0x66, 0xBE, 0x00, 0x00,
    0xFF, 0x66, 0xBE, 0x00, 0x00, 0xFF, 0x66, 0xBE, 0x00, 0x00, 0xFF, 0x66, 0xC5, 0x18, 0x10, 0xFF,
    0x58, 0xFF, 0xFF, 0xCD, 0xFF, 0x13, 0x4E, 0x4E, 0x39, 0xFF, 0x66, 0xFF, 0xE6, 0xA8, 0xFF, 0x66,
    0xBE, 0x00, 0x00, 0xFF, 0x66, 0xBE, 0x00, 0x00, 0xFF, 0x66, 0xBE, 0x00, 0x00, 0xFF, 0x66, 0xBE,
    0x00, 0x00, 0xFF, 0x60, 0xB4, 0x00, 0x00, 0x00, 0x00, 0x00, 0x76, 0x00, 0x00, 0x00, 0xFF, 0x00,
    0x00, 0x00, 0xFF, 0x00, 0x00, 0x00, 0xFF, 0x00, 0x00, 0x00, 0xFF, 0x16, 0x18, 0x18, 0xFF, 0xFF,
    0xFF, 0xFF, 0xFF, 0x4C, 0x4E, 0x4E, 0xFF, 0xE2, 0xE6, 0xE6, 0xFF, 0x00, 0x00, 0x00, 0xFF, 0x00,
    0x00, 0x00, 0xFF, 0x00, 0x00, 0x00, 0xFF, 0x00, 0x00, 0x00, 0xFF, 0x00, 0x00, 0x00, 0xFF, 0x00,
    0x00, 0x00, 0x00, 0x76, 0x24, 0x51, 0x00, 0x00, 0x00, 0x00, 0xFF, 0x66, 0xBE, 0x00, 0x00, 0x00,
    0x00, 0xFF, 0x66, 0xBE, 0x00, 0x00, 0x00, 0x00, 0xFF, 0x66, 0xBE, 0x00, 0x00, 0x00, 0x00, 0xFF,
    0x66, 0xBE, 0x00, 0x00, 0x00, 0x00, 0xFF, 0x66, 0xBE, 0x00, 0x04, 0x30, 0x30, 0xFF, 0x66, 0xBE,
    0x00, 0x21, 0xFF, 0xFF, 0xFF, 0x66, 0xBE, 0x00, 0x00, 0x00, 0x00, 0xFF, 0x66, 0xBE, 0x00, 0x00,
    0x00, 0x00, 0xFF, 0x66, 0xBE, 0x00, 0x00, 0x00, 0x00, 0xFF, 0x66, 0xBE, 0x00, 0x00, 0x00, 0x00,
    0xFF, 0x66, 0xBE, 0x00, 0x00, 0x00, 0x00, 0xFF, 0x66, 0xBE, 0x00, 0x00, 0x00, 0x00, 0xFF, 0x60,
    0xB4, 0x00, 0x00, 0x00, 0x00, 0x76, 0x24, 0x51, 0x00, 0x00, 0x00, 0x00, 0xFF, 0x66, 0xBE, 0x00,
    0x00, 0x00, 0x00, 0xFF, 0x66, 0xBE, 0x00, 0x00, 0x00, 0x00, 0xFF, 0x66, 0xBE, 0x00, 0x00, 0x00,
    0x00, 0xFF, 0x66, 0xBE, 0x00, 0x01, 0x18, 0x18, 0xFF, 0x66, 0xBE, 0x00, 0x24, 0xFF, 0xFF, 0xF5,
    0x66, 0xBE, 0x00, 0x07, 0x4E, 0x4E, 0x43, 0x66, 0xBE, 0x00, 0x1E, 0xE6, 0xE6, 0xFF, 0x66, 0xBE,
    0x00, 0x00, 0x00, 0x00, 0xFF, 0x66, 0xBE, 0x00, 0x00, 0x00, 0x00, 0xFF, 0x66, 0xBE, 0x00, 0x00,
    0x00, 0x00, 0xFF, 0x66, 0xBE, 0x00, 0x00, 0x00, 0x00, 0xFF, 0x66, 0xBE, 0x00, 0x00, 0x00, 0x00,
    0xFF, 0x60, 0xB4, 0x11, 0xEF, 0xFF, 0xFF, 0xFF, 0xFD, 0xE1, 0x01, 0x22, 0x24, 0x24, 0x24, 0x23,
    0x1B, 0x0F, 0xEF, 0xFF, 0xFF, 0xFF, 0xFB, 0xCA, 0x00, 0x00, 0x08, 0x8D, 0x35, 0x00, 0x00, 0x00,
    0x00, 0x08, 0x8D, 0x35, 0x00, 0x00, 0x00, 0x00, 0x08, 0x8D, 0x35, 0x00, 0x00, 0x00, 0x00, 0x08,
    0x8D, 0x35, 0x00, 0x00, 0x00, 0x00, 0x08, 0x8D, 0x35, 0x00, 0x00, 0x00, 0x00, 0x00, 0x0A, 0x04,
    0x00, 0x00, 0x00, 0x0B, 0x0C, 0x0C, 0x0C, 0x0C, 0x09, 0x11, 0xEF, 0xFF, 0xFF, 0xFF, 0xFD, 0xDD,
    0x00, 0x00, 0x37, 0xAD, 0xB0, 0x00, 0x00, 0x00, 0x00, 0x37, 0xAD, 0xB0, 0x00, 0x00, 0x00, 0x00,
    0x37, 0xAD, 0xB0, 0x00, 0x00, 0x00, 0x00, 0x37, 0xAD, 0xB0, 0x00, 0x00, 0x00, 0x00, 0x37, 0xAD,
    0xB0, 0x00, 0x00, 0x00, 0x00, 0x37, 0xAD, 0xB0, 0x00, 0x00, 0x00, 0x00, 0x04, 0x0C, 0x0D, 0x00,
    0x00, 0x11, 0xEF, 0xFF, 0xFF, 0xFF, 0xFD, 0xE1, 0x01, 0x22, 0x23, 0x13, 0x1E, 0x23, 0x1B, 0x0F,
    0xEF, 0xFF, 0xAD, 0xDC, 0xFB, 0xCA, 0x00, 0x00, 0x37, 0xAD, 0xB0, 0x00, 0x00, 0x00, 0x00, 0x37,
    0xAD, 0xB0, 0x00, 0x00, 0x00, 0x00, 0x37, 0xAD, 0xB0, 0x00, 0x00, 0x00, 0x00, 0x37, 0xAD, 0xB0,
    0x00, 0x00, 0x00, 0x00, 0x37, 0xAD, 0xB0, 0x00, 0x00, 0x00, 0x00, 0x04, 0x0C, 0x0D, 0x00, 0x00,
    0x00, 0x00, 0x02, 0x31, 0x13, 0x00, 0x00, 0x00, 0x00, 0x08, 0x8D, 0x35, 0x00, 0x00, 0x00, 0x00,
    0x08, 0x8D, 0x35, 0x00, 0x00, 0x00, 0x00, 0x08, 0x8D, 0x35, 0x00, 0x00, 0x00, 0x00, 0x08, 0x8D,
    0x35, 0x00, 0x00, 0x00, 0x00, 0x08, 0x8D, 0x35, 0x00, 0x00, 0x11, 0xEF, 0xFF, 0xFF, 0xFF, 0xFD,
    0xE1, 0x01, 0x22, 0x24, 0x24, 0x24, 0x23, 0x1B, 0x0F, 0xEF, 0xFF, 0xFF, 0xFF, 0xFB, 0xCA, 0x00,
    0x00, 0x12, 0x34, 0x34, 0x00, 0x00, 0x00, 0x00, 0x37, 0xAD, 0xB0, 0x00, 0x00, 0x00, 0x00, 0x37,
    0xAD, 0xB0, 0x00, 0x00, 0x00, 0x00, 0x37, 0xAD, 0xB0, 0x00, 0x00, 0x00, 0x00, 0x37, 0xAD, 0xB0,
    0x00, 0x00, 0x00, 0x00, 0x37, 0xAD, 0xB0, 0x00, 0x00, 0x00, 0x0B, 0x40, 0xB1, 0xB5, 0x0C, 0x09,
    0x11, 0xEF, 0xFF, 0xFF, 0xFF, 0xFD, 0xDD, 0x00, 0x00, 0x15, 0x3D, 0x3C, 0x00, 0x00, 0x00, 0x00,
    0x37, 0xAD, 0xB0, 0x00, 0x00, 0x00, 0x00, 0x37, 0xAD, 0xB0, 0x00, 0x00, 0x00, 0x00, 0x37, 0xAD,
    0xB0, 0x00, 0x00, 0x00, 0x00, 0x37, 0xAD, 0xB0, 0x00, 0x00, 0x00, 0x00, 0x37, 0xAD, 0xB0, 0x00,
    0x00, 0x11, 0xEF, 0xFF, 0xA9, 0xDA, 0xFD, 0xE1, 0x01, 0x22, 0x24, 0x24, 0x24, 0x23, 0x1B, 0x0F,
    0xEF, 0xFF, 0xFF, 0xFF, 0xFB, 0xCA, 0x00, 0x00, 0x03, 0x3B, 0x17, 0x00, 0x00, 0x00, 0x00, 0x08,
    0x8D, 0x35, 0x00, 0x00, 0x00, 0x00, 0x08, 0x8D, 0x35, 0x00, 0x00, 0x00, 0x00, 0x08, 0x8D, 0x35,
    0x00, 0x00, 0x00, 0x00, 0x08, 0x8D, 0x35, 0x00, 0x00, 0x01, 0x16, 0x1F, 0x99, 0x48, 0x18, 0x12,
    0x10, 0xEF, 0xFF, 0xFF, 0xFF, 0xFC, 0xD5, 0x04, 0x49, 0x54, 0xB5, 0x74, 0x4D, 0x3A, 0x0E, 0xD7,
    0xE8, 0xF6, 0xEB, 0xE2, 0xAF, 0x00, 0x00, 0x08, 0x8D, 0x35, 0x00, 0x00, 0x00, 0x00, 0x08, 0x8D,
    0x35, 0x00, 0x00, 0x00, 0x00, 0x08, 0x8D, 0x35, 0x00, 0x00, 0x00, 0x00, 0x08, 0x8D, 0x35, 0x00,
    0x00, 0x00, 0x00, 0x07, 0x85, 0x32, 0x00, 0x00, 0x00, 0x00, 0x19, 0x4B, 0x49, 0x00, 0x00, 0x00,
    0x00, 0x37, 0xAD, 0xB0, 0x00, 0x00, 0x00, 0x00, 0x37, 0xAD, 0xB0, 0x00, 0x00, 0x00, 0x00, 0x37,
    0xAD, 0xB0, 0x00, 0x00, 0x00, 0x00, 0x37, 0xAD, 0xB0, 0x00, 0x00, 0x00, 0x00, 0x37, 0xAD, 0xB0,
    0x00, 0x00, 0x02, 0x2D, 0x5C, 0xBF, 0xC4, 0x2F, 0x24, 0x0E, 0xEE, 0xFF, 0xFF, 0xFF, 0xFB, 0xC3,
    0x00, 0x00, 0x37, 0xAD, 0xB0, 0x00, 0x00, 0x00, 0x00, 0x37, 0xAD, 0xB0, 0x00, 0x00, 0x00, 0x00,
    0x37, 0xAD, 0xB0, 0x00, 0x00, 0x00, 0x00, 0x37, 0xAD, 0xB0, 0x00, 0x00, 0x00, 0x00, 0x37, 0xAD,
    0xB0, 0x00, 0x00, 0x00, 0x00, 0x37, 0xAA, 0xA7, 0x00, 0x00, 0x00, 0x00, 0x15, 0x40, 0x3B, 0x00,
    0x00, 0x00, 0x00, 0x37, 0xB3, 0xAB, 0x00, 0x00, 0x00, 0x00, 0x37, 0xB3, 0xAB, 0x00, 0x00, 0x00,
    0x00, 0x37, 0xB3, 0xAB, 0x00, 0x00, 0x00, 0x00, 0x37, 0xB3, 0xAB, 0x00, 0x00, 0x00, 0x00, 0x37,
    0xB3, 0xAB, 0x00, 0x00, 0x18, 0xEF, 0xFF, 0xAE, 0xDC, 0xFC, 0xD8, 0x02, 0x22, 0x23, 0x14, 0x1E,
    0x23, 0x19, 0x16, 0xEF, 0xFF, 0xB3, 0xDE, 0xFB, 0xC1, 0x00, 0x00, 0x37, 0xB3, 0xAB, 0x00, 0x00,
    0x00, 0x00, 0x37, 0xB3, 0xAB, 0x00, 0x00, 0x00, 0x00, 0x37, 0xB3, 0xAB, 0x00, 0x00, 0x00, 0x00,
    0x37, 0xB3, 0xAB, 0x00, 0x00, 0x00, 0x00, 0x37, 0xB3, 0xAB, 0x00, 0x00, 0x00, 0x00, 0x04, 0x0D,
    0x0B, 0x00, 0x00, 0x00, 0x03, 0x0C, 0x09, 0x7B, 0xFF, 0xFF, 0xF8, 0xFF, 0x1B, 0x00, 0x00, 0xFF,
    0x00, 0x00, 0x00, 0xFF, 0x00, 0x00, 0x00, 0xFF, 0x00, 0x00, 0x00, 0xFF, 0x00, 0x00, 0x00, 0xFF,
    0x00, 0x00, 0x00, 0x13, 0x00, 0x00, 0x00, 0x0A, 0x0C, 0x01, 0x00, 0xFF, 0xFF, 0xFF, 0x51, 0x00,
    0x00, 0x42, 0xE6, 0x00, 0x00, 0x00, 0xFF, 0x00, 0x00, 0x00, 0xFF, 0x00, 0x00, 0x00, 0xFF, 0x00,
    0x00, 0x00, 0xFF, 0x00, 0x00, 0x00, 0xFF, 0x00, 0x00, 0x00, 0x13, 0x00, 0x00, 0x00, 0x52, 0x00,
    0x00, 0x00, 0xFF, 0x00, 0x00, 0x00, 0xFF, 0x00, 0x00, 0x00, 0xFF, 0x00, 0x00, 0x00, 0xFF, 0x00,
    0x00, 0x03, 0xFF, 0x0A, 0x0C, 0x66, 0xD9, 0xFF, 0xFF, 0xFF, 0x3A, 0x52, 0x00, 0x00, 0x00, 0xFF,
    0x00, 0x00, 0x00, 0xFF, 0x00, 0x00, 0x00, 0xFF, 0x00, 0x00, 0x00, 0xFF, 0x00, 0x00, 0x00, 0xFF,
    0x00, 0x00, 0x00, 0xFF, 0x3C, 0x0C, 0x09, 0x5B, 0xFF, 0xFF, 0xF8, 0x00, 0x00, 0x00, 0x00, 0x00,
    0x7F, 0x03, 0x00, 0x00, 0x00, 0x00, 0x35, 0xBF, 0x00, 0x00, 0x00, 0x00, 0x00, 0x6E, 0x54, 0x00,
    0x00, 0x00, 0x00, 0x00, 0x9C, 0x1D, 0x00, 0x00, 0x00, 0x00, 0x01, 0xAA, 0x08, 0x00, 0x00, 0x00,
    0x00, 0x78, 0x74, 0x00, 0x00, 0x00, 0x00, 0x00, 0xFD, 0x21, 0x00, 0x00, 0x00, 0x00, 0x43, 0xCD,
    0x00, 0x00, 0x00, 0x00, 0x00, 0x90, 0x3C, 0x00, 0x00, 0x00, 0x00, 0x11, 0xA8, 0x00, 0x00, 0x00,
    0x00, 0x00, 0x24, 0x8F, 0x00, 0x00, 0x00, 0x00, 0x00, 0x80, 0x59, 0x00, 0x00, 0x00, 0x00, 0x00,
    0xE0, 0x1A, 0x00, 0x00, 0x00, 0x00, 0x3C, 0x9F, 0x00, 0x00, 0x00, 0x00, 0x00, 0x29, 0x51, 0x00,
    0x00, 0x00, 0x00, 0x00, 0x12, 0xDC, 0x06, 0x00, 0x00, 0x00, 0x00, 0x00, 0xA4, 0x48, 0x00, 0x00,
    0x00, 0x00, 0x00, 0x3A, 0x75, 0x00, 0x00, 0x00, 0x00, 0x00, 0x18, 0xA6, 0x00, 0x00, 0x00, 0x00,
    0x00, 0x04, 0x9D, 0x0C, 0x00, 0x00, 0x00, 0x00, 0x00, 0x5F, 0xA6, 0x00, 0x00, 0x00, 0x00, 0x00,
    0x0F, 0xFF, 0x07, 0x00, 0x00, 0x00, 0x00, 0x00, 0xA7, 0x5E, 0x00, 0x00, 0x00, 0x00, 0x00, 0x1C,
    0x96, 0x01, 0x00, 0x00, 0x00, 0x00, 0x00, 0xA6, 0x17, 0x00, 0x00, 0x00, 0x00, 0x00, 0x7D, 0x2D,
    0x00, 0x00, 0x00, 0x00, 0x00, 0x49, 0xA3, 0x00, 0x00, 0x00, 0x00, 0x00, 0x0D, 0xC8, 0x03, 0x21,
    0x39, 0x00, 0x00, 0x00, 0x5D, 0x03, 0x1A, 0xDB, 0x03, 0x00, 0x2B, 0xCB, 0x00, 0x00, 0xB0, 0x3E,
    0x00, 0x67, 0x63, 0x00, 0x00, 0x44, 0x71, 0x00, 0x97, 0x20, 0x00, 0x00, 0x1A, 0x9F, 0x00, 0xA9,
    0x0B, 0x00, 0x00, 0x06, 0xA2, 0x63, 0x7F, 0x00, 0x00, 0x00, 0x00, 0x68, 0xFF, 0x2D, 0x00, 0x00,
    0x00, 0x00, 0x41, 0xFF, 0x03, 0x00, 0x00, 0x00, 0x00, 0x87, 0xE7, 0x52, 0x00, 0x00, 0x00, 0x0D,
    0xA6, 0x25, 0x94, 0x01, 0x00, 0x00, 0x22, 0x90, 0x00, 0xA5, 0x14, 0x00, 0x00, 0x6F, 0x5F, 0x00,
    0x84, 0x28, 0x00, 0x00, 0xD6, 0x21, 0x00, 0x4F, 0x93, 0x00, 0x3C, 0xBB, 0x00, 0x00, 0x12, 0xDD,
    0x03, 0x00, 0x00, 0x0C, 0x0C, 0x0C, 0x03, 0x00, 0x25, 0xFF, 0xFF, 0xFF, 0x6C, 0xAF, 0xFF, 0xFF,
    0xFF, 0xFF, 0xFF, 0xFF, 0x0F, 0x06, 0x0C, 0x0C, 0x0A, 0xAE, 0xFF, 0xFF, 0xFF, 0xB7, 0xFF, 0xFF,
    0xFF, 0xFF, 0xFF, 0xFF, 0x00, 0x21, 0xFF, 0xFF, 0xFF, 0x5E, 0x00, 0x2A, 0xFF, 0xFF, 0xFF, 0x78,
    0x00, 0x01, 0x12, 0x12, 0x12, 0x04, 0x9D, 0xCD, 0x12, 0xCD, 0xFF, 0x1E, 0xCD, 0xFF, 0x1E, 0xCD,
    0xFF, 0x1E, 0xCD, 0xFF, 0x1E, 0xCD, 0xFF, 0x1E, 0xCD, 0xFF, 0x1E, 0x0A, 0x12, 0x00, 0x99, 0xFF,
    0xFF, 0xEB, 0xA0, 0xFF, 0xFF, 0xFF, 0x09, 0x12, 0x12, 0x10, 0xA5, 0xD7, 0x13, 0xCD, 0xFF, 0x1E,
    0xCD, 0xFF, 0x1E, 0xCD, 0xFF, 0x1E, 0xCD, 0xFF, 0x1E, 0xCD, 0xFF, 0x1E, 0xC3, 0xFF, 0x1C, 0x79,
    0x84, 0x84, 0xA6, 0xFF, 0xFF, 0xEB, 0xAA, 0xB9, 0xB9, 0xED, 0xFF, 0xFF, 0xFF, 0x00, 0x00, 0x00,
    0x06, 0x12, 0x12, 0x10, 0x1B, 0x5A, 0x00, 0x4E, 0xD2, 0x00, 0x4E, 0xD2, 0x00, 0x4E, 0xD2, 0x00,
    0x4E, 0xD2, 0x00, 0x4E, 0xD2, 0x00, 0x4E, 0xD2, 0x00, 0xBE, 0xFF, 0x13, 0xCD, 0xFF, 0x1E, 0xCD,
    0xFF, 0x1E, 0xCD, 0xFF, 0x1E, 0xCD, 0xFF, 0x1E, 0xCD, 0xFF, 0x1E, 0xC3, 0xFF, 0x1C, 0x0E, 0xEE,
    0xFF, 0xD7, 0x8D, 0x82, 0x64, 0x13, 0xEF, 0xFF, 0xFA, 0xC6, 0xB8, 0xA9, 0x00, 0x11, 0x12, 0x0D,
    0x02, 0x00, 0x00, 0x9D, 0xCD, 0x12, 0xCD, 0xFF, 0x1E, 0xCD, 0xFF, 0x1E, 0xCD, 0xFF, 0x1E, 0xCD,
    0xFF, 0x1E, 0xCD, 0xFF, 0x1E, 0xCD, 0xFF, 0x1E, 0x55, 0xD7, 0x00, 0x4E, 0xD2, 0x00, 0x4E, 0xD2,
    0x00, 0x4E, 0xD2, 0x00, 0x4E, 0xD2, 0x00, 0x4E, 0xD2, 0x00, 0x33, 0xA8, 0x00, 0x10, 0x12, 0x12,
    0x12, 0x12, 0x12, 0x0A, 0xFF, 0xFF, 0xFF, 0xFF, 0xFF, 0xFF, 0xBE, 0xFF, 0xFF, 0xFF, 0xFF, 0xFF,
    0xFF, 0xBE, 0xFF, 0xFF, 0xFF, 0xFF, 0xFF, 0xFF, 0xBE, 0xFF, 0xFF, 0xFF, 0xFF, 0xFF, 0xFF, 0xBE,
    0xFF, 0xFF, 0xFF, 0xFF, 0xFF, 0xFF, 0xBE, 0xFF, 0xFF, 0xFF, 0xFF, 0xFF, 0xFF, 0xBE, 0xBE, 0xA5,
    0xA5, 0xA5, 0xA5, 0xA5, 0x75, 0xFF, 0xC8, 0xC8, 0xC8, 0xC8, 0xC8, 0xC3, 0xC3, 0x00, 0x00, 0x00,
    0x00, 0x00, 0xC3, 0xC3, 0x00, 0x00, 0x00, 0x00, 0x00, 0xC3, 0xC3, 0x00, 0x00, 0x00, 0x00, 0x00,
    0xC3, 0xC3, 0x00, 0x00, 0x00, 0x00, 0x00, 0xC3, 0xC3, 0x00, 0x00, 0x00, 0x00, 0x00, 0xC3, 0xBC,
    0xC3, 0xC3, 0xC3, 0xC3, 0xC3, 0x8E, 0x00, 0x00, 0x00, 0x03, 0x00, 0x00, 0x00, 0x00, 0x00, 0x19,
    0xB6, 0x00, 0x00, 0x00, 0x00, 0x00, 0xA3, 0xFF, 0x36, 0x00, 0x00, 0x00, 0x19, 0xFF, 0xFF, 0xC9,
    0x00, 0x00, 0x00, 0xA3, 0xFF, 0xFF, 0xFF, 0x36, 0x00, 0x19, 0xFF, 0xFF, 0xFF, 0xFF, 0xC9, 0x00,
    0xA3, 0xFF, 0xFF, 0xFF, 0xFF, 0xFF, 0x36, 0x8B, 0xA2, 0xA2, 0xA2, 0xA2, 0xA2, 0x4E, 0x06, 0x00,
    0x00, 0x00, 0x00, 0x00, 0x00, 0xFF, 0x9A, 0x09, 0x00, 0x00, 0x00, 0x00, 0xFF, 0xFF, 0xFF, 0x9A,
    0x09, 0x00, 0x00, 0xFF, 0xFF, 0xFF, 0xFF, 0xFF, 0x9A, 0x09, 0xFF, 0xFF, 0xFF, 0xFF, 0xFF, 0xDD,
    0x3A, 0xFF, 0xFF, 0xFF, 0xDD, 0x49, 0x00, 0x00, 0xFF, 0xDD, 0x49, 0x00, 0x00, 0x00, 0x00, 0x43,
    0x00, 0x00, 0x00, 0x00, 0x00, 0x00, 0x31, 0x36, 0x36, 0x36, 0x36, 0x36, 0x1E, 0xD0, 0xFF, 0xFF,
    0xFF, 0xFF, 0xFF, 0x67, 0x3D, 0xFF, 0xFF, 0xFF, 0xFF, 0xF6, 0x00, 0x00, 0xD0, 0xFF, 0xFF, 0xFF,
    0x67, 0x00, 0x00, 0x3D, 0xFF, 0xFF, 0xF6, 0x00, 0x00, 0x00, 0x00, 0xD0, 0xFF, 0x67, 0x00, 0x00,
    0x00, 0x00, 0x3D, 0xF3, 0x00, 0x00, 0x00, 0x00, 0x00, 0x00, 0x21, 0x00, 0x00, 0x00, 0x00, 0x00,
    0x00, 0x00, 0x00, 0x00, 0x07, 0x00, 0x00, 0x00, 0x00, 0x2D, 0xBC, 0xB5, 0x00, 0x00, 0x2D, 0xBC,
    0xFF, 0xFF, 0xBE, 0x2D, 0xBC, 0xFF, 0xFF, 0xFF, 0xFF, 0xBE, 0x87, 0xFF, 0xFF, 0xFF, 0xFF, 0xFF,
    0xBE, 0x00, 0x06, 0x91, 0xFF, 0xFF, 0xFF, 0xBE, 0x00, 0x00, 0x00, 0x06, 0x91, 0xFF, 0xBE, 0x00,
    0x00, 0x00, 0x00, 0x00, 0x06, 0x3D, 0x00, 0x00, 0x00, 0x07, 0x00, 0x00, 0x00, 0x00, 0x00, 0x82,
    0xFF, 0x25, 0x00, 0x00, 0x00, 0x82, 0xFF, 0xFF, 0xFF, 0x25, 0x00, 0x82, 0xFF, 0xFF, 0xFF, 0xFF,
    0xFF, 0x25, 0xBC, 0xFF, 0xFF, 0xFF, 0xFF, 0xFF, 0x60, 0x01, 0xC1, 0xFF, 0xFF, 0xFF, 0x67, 0x00,
    0x00, 0x01, 0xC1, 0xFF, 0x67, 0x00, 0x00, 0x00, 0x00, 0x01, 0x40, 0x00, 0x00, 0x00, 0x00, 0x00,
    0x00, 0x07, 0x00, 0x00, 0x00, 0x00, 0x00, 0x82, 0xFF, 0x25, 0x00, 0x00, 0x00, 0x82, 0xFC, 0x85,
    0xFF, 0x25, 0x00, 0x82, 0xFC, 0x19, 0x00, 0x6C, 0xFF, 0x25, 0xBC, 0xC1, 0x01, 0x00, 0x2A, 0xFF,
    0x60, 0x01, 0xC1, 0xBA, 0x2B, 0xFF, 0x67, 0x00, 0x00, 0x01, 0xC1, 0xFF, 0x67, 0x00, 0x00, 0x00,
    0x00, 0x01, 0x40, 0x00, 0x00, 0x00, 0x00, 0x00, 0x09, 0x24, 0x00, 0x00, 0x00, 0x03, 0xBE, 0xFF,
    0xF7, 0xFF, 0x69, 0x00, 0xB4, 0xC9, 0x09, 0x00, 0x31, 0xFF, 0x3F, 0xFF, 0x12, 0x00, 0x00, 0x00,
    0x8B, 0xAA, 0xFF, 0x00, 0x00, 0x00, 0x00, 0x67, 0xC0, 0xEB, 0x58, 0x00, 0x00, 0x00, 0xB5, 0x99,
    0x49, 0xFF, 0x9C, 0x5D, 0xB6, 0xF0, 0x09, 0x00, 0x27, 0xA5, 0xCA, 0x99, 0x07, 0x00, 0x00, 0x00,
    0x09, 0x24, 0x00, 0x00, 0x00, 0x04, 0xA7, 0xFF, 0xFF, 0xFF, 0x66, 0x00, 0xBE, 0xFF, 0xFF, 0xFF,
    0xFF, 0xFF, 0x39, 0xFF, 0xFF, 0xFF, 0xFF, 0xFF, 0xFF, 0xA0, 0xFF, 0xFF, 0xFF, 0xFF, 0xFF, 0xFF,
    0xAF, 0xDA, 0xFF, 0xFF, 0xFF, 0xFF, 0xFF, 0x73, 0x2D, 0xFF, 0xFF, 0xFF, 0xFF, 0xB9, 0x00, 0x00,
    0x0A, 0x81, 0xAB, 0x4E, 0x00, 0x00, 0x4F, 0x9C, 0x9C, 0x9C, 0x9C, 0xAE, 0x96, 0x00, 0x00, 0x00,
    0x00, 0x9C, 0x96, 0x00, 0x00, 0x00, 0x00, 0x9C, 0x96, 0x00, 0x00, 0x00, 0x00, 0x9C, 0x96, 0x00,
    0x00, 0x00, 0x00, 0x9C, 0x90, 0x9C, 0x9C, 0x9C, 0x9C, 0xCA, 0x6C, 0xA2, 0xA2, 0xA2, 0xA2, 0xA1,
    0x03, 0xA2, 0x00, 0x00, 0x00, 0x30, 0x9D, 0x06, 0xA2, 0x00, 0x00, 0x2A, 0x70, 0x9C, 0x06, 0xA2,
    0x00, 0x00, 0xAC, 0x00, 0x9C, 0x06, 0xA2, 0x31, 0xD4, 0x82, 0x00, 0x9C, 0x06, 0xA8, 0x9C, 0xBD,
    0xA0, 0x9C, 0xCE, 0x04, 0x01, 0x06, 0x06, 0x06, 0x06, 0x04, 0x00, 0x00, 0x03, 0x00, 0xA2, 0x03,
    0x00, 0x00, 0x00, 0xA2, 0xF6, 0xFF, 0xFD, 0x90, 0x00, 0x76, 0xFD, 0x48, 0x00, 0x70, 0xF8, 0x58,
    0x55, 0xD4, 0x33, 0xFF, 0x0A, 0xFF, 0x28, 0xB7, 0xFF, 0x09, 0x69, 0x12, 0xFF, 0x85, 0x03, 0xB5,
    0xE6, 0xAE, 0xFC, 0xA5, 0x03, 0x00, 0x58, 0x5B, 0xFF, 0x64, 0x3F, 0x00, 0x00, 0x00, 0x00, 0x00,
    0x01, 0x28, 0x00, 0x00, 0x00, 0x00, 0xC5, 0x96, 0x00, 0x00, 0x00, 0x99, 0xC5, 0x00, 0x00, 0x1B,
    0x31, 0xF8, 0x0C, 0x00, 0x24, 0xFF, 0xEC, 0x48, 0x00, 0x00, 0x00, 0xFA, 0xAE, 0x00, 0x00, 0x00,
    0x00, 0x00, 0x30, 0x00, 0x18, 0x8B, 0x00, 0x00, 0xFF, 0x52, 0xF7, 0xA6, 0x00, 0x00, 0xA6, 0xFF,
    0xC6, 0x00, 0x00, 0x00, 0xA5, 0xFF, 0x5D, 0x00, 0x00, 0x42, 0xFF, 0xD3, 0xE8, 0x00, 0x0D, 0xFF,
    0xA8, 0x0A, 0xDC, 0x06, 0x54, 0xFB, 0x04, 0x00, 0x00, 0x00, 0x00, 0x06, 0x00, 0x00, 0x00, 0x00,
    0x00, 0x00, 0x00, 0x00, 0x00, 0x06, 0x00, 0x15, 0xA0, 0x1B, 0x00, 0x55, 0xFF, 0x3C, 0x25, 0xFF,
    0xCD, 0x52, 0xFF, 0xE9, 0x0D, 0x00, 0xD5, 0xFF, 0xFF, 0xFD, 0x0D, 0x00, 0x00, 0x60, 0xFF, 0xFF,
    0x5A, 0x00, 0x00, 0x12, 0xFF, 0xFF, 0xFF, 0xFF, 0x0F, 0x00, 0xB6, 0xFF, 0xAC, 0xFF, 0xFF, 0x82,
    0x00, 0x9A, 0xC5, 0x00, 0x36, 0x82, 0x00, 0x00, 0x00, 0x00, 0x00, 0x00, 0x00, 0x00, 0x00, 0x00,
    0x6C, 0xC8, 0x12, 0x00, 0xAE, 0xFF, 0x1E, 0x00, 0xAE, 0xFF, 0x1E, 0x00, 0xAE, 0xFF, 0x1E, 0x18,
    0xEE, 0xFF, 0xA6, 0x00, 0x78, 0xFF, 0x1F, 0x00, 0x00, 0x04, 0x00,
};
