// Auto-generated VLW font: hack_bolditalic_13
// Size: 35246 bytes (34.4 KB)
#pragma once
#include <pgmspace.h>

const uint8_t hack_bolditalic_13[] PROGMEM = {
    0x00, 0x00, 0x01, 0x65, 0x00, 0x00, 0x00, 0x06, 0x00, 0x00, 0x00, 0x0D, 0x00, 0x00, 0x00, 0x00,
    0x00, 0x00, 0x00, 0x0D, 0x00, 0x00, 0x00, 0x04, 0x00, 0x00, 0x00, 0x20, 0x00, 0x00, 0x00, 0x00,
    0x00, 0x00, 0x00, 0x00, 0x00, 0x00, 0x00, 0x08, 0x00, 0x00, 0x00, 0x00, 0x00, 0x00, 0x00, 0x00,
    0x00, 0x00, 0x00, 0x00, 0x00, 0x00, 0x00, 0x21, 0x00, 0x00, 0x00, 0x09, 0x00, 0x00, 0x00, 0x05,
    0x00, 0x00, 0x00, 0x08, 0x00, 0x00, 0x00, 0x09, 0x00, 0x00, 0x00, 0x02, 0x00, 0x00, 0x00, 0x00,
    0x00, 0x00, 0x00, 0x22, 0x00, 0x00, 0x00, 0x04, 0x00, 0x00, 0x00, 0x06, 0x00, 0x00, 0x00, 0x08,
    0x00, 0x00, 0x00, 0x09, 0x00, 0x00, 0x00, 0x01, 0x00, 0x00, 0x00, 0x00, 0x00, 0x00, 0x00, 0x23,
    0x00, 0x00, 0x00, 0x09, 0x00, 0x00, 0x00, 0x08, 0x00, 0x00, 0x00, 0x08, 0x00, 0x00, 0x00, 0x09,
    0x00, 0x00, 0x00, 0x00, 0x00, 0x00, 0x00, 0x00, 0x00, 0x00, 0x00, 0x24, 0x00, 0x00, 0x00, 0x0C,
    0x00, 0x00, 0x00, 0x07, 0x00, 0x00, 0x00, 0x08, 0x00, 0x00, 0x00, 0x09, 0x00, 0x00, 0x00, 0x00,
    0x00, 0x00, 0x00, 0x00, 0x00, 0x00, 0x00, 0x25, 0x00, 0x00, 0x00, 0x09, 0x00, 0x00, 0x00, 0x08,
    0x00, 0x00, 0x00, 0x08, 0x00, 0x00, 0x00, 0x09, 0x00, 0x00, 0x00, 0x00, 0x00, 0x00, 0x00, 0x00,
    0x00, 0x00, 0x00, 0x26, 0x00, 0x00, 0x00, 0x09, 0x00, 0x00, 0x00, 0x08, 0x00, 0x00, 0x00, 0x08,
    0x00, 0x00, 0x00, 0x09, 0x00, 0x00, 0x00, 0x00, 0x00, 0x00, 0x00, 0x00, 0x00, 0x00, 0x00, 0x27,
    0x00, 0x00, 0x00, 0x04, 0x00, 0x00, 0x00, 0x02, 0x00, 0x00, 0x00, 0x08, 0x00, 0x00, 0x00, 0x09,
    0x00, 0x00, 0x00, 0x03, 0x00, 0x00, 0x00, 0x00, 0x00, 0x00, 0x00, 0x28, 0x00, 0x00, 0x00, 0x0B,
    0x00, 0x00, 0x00, 0x06, 0x00, 0x00, 0x00, 0x08, 0x00, 0x00, 0x00, 0x09, 0x00, 0x00, 0x00, 0x01,
    0x00, 0x00, 0x00, 0x00, 0x00, 0x00, 0x00, 0x29, 0x00, 0x00, 0x00, 0x0B, 0x00, 0x00, 0x00, 0x06,
    0x00, 0x00, 0x00, 0x08, 0x00, 0x00, 0x00, 0x09, 0x00, 0x00, 0x00, 0x01, 0x00, 0x00, 0x00, 0x00,
    0x00, 0x00, 0x00, 0x2A, 0x00, 0x00, 0x00, 0x07, 0x00, 0x00, 0x00, 0x08, 0x00, 0x00, 0x00, 0x08,
    0x00, 0x00, 0x00, 0x09, 0x00, 0x00, 0x00, 0x00, 0x00, 0x00, 0x00, 0x00, 0x00, 0x00, 0x00, 0x2B,
    0x00, 0x00, 0x00, 0x07, 0x00, 0x00, 0x00, 0x08, 0x00, 0x00, 0x00, 0x08, 0x00, 0x00, 0x00, 0x08,
    0x00, 0x00, 0x00, 0x00, 0x00, 0x00, 0x00, 0x00, 0x00, 0x00, 0x00, 0x2C, 0x00, 0x00, 0x00, 0x06,
    0x00, 0x00, 0x00, 0x04, 0x00, 0x00, 0x00, 0x08, 0x00, 0x00, 0x00, 0x03, 0x00, 0x00, 0x00, 0x02,
    0x00, 0x00, 0x00, 0x00, 0x00, 0x00, 0x00, 0x2D, 0x00, 0x00, 0x00, 0x02, 0x00, 0x00, 0x00, 0x06,
    0x00, 0x00, 0x00, 0x08, 0x00, 0x00, 0x00, 0x05, 0x00, 0x00, 0x00, 0x01, 0x00, 0x00, 0x00, 0x00,
    0x00, 0x00, 0x00, 0x2E, 0x00, 0x00, 0x00, 0x03, 0x00, 0x00, 0x00, 0x04, 0x00, 0x00, 0x00, 0x08,
    0x00, 0x00, 0x00, 0x03, 0x00, 0x00, 0x00, 0x02, 0x00, 0x00, 0x00, 0x00, 0x00, 0x00, 0x00, 0x2F,
    0x00, 0x00, 0x00, 0x0A, 0x00, 0x00, 0x00, 0x08, 0x00, 0x00, 0x00, 0x08, 0x00, 0x00, 0x00, 0x09,
    0x00, 0x00, 0x00, 0x00, 0x00, 0x00, 0x00, 0x00, 0x00, 0x00, 0x00, 0x30, 0x00, 0x00, 0x00, 0x09,
    0x00, 0x00, 0x00, 0x08, 0x00, 0x00, 0x00, 0x08, 0x00, 0x00, 0x00, 0x09, 0x00, 0x00, 0x00, 0x00,
    0x00, 0x00, 0x00, 0x00, 0x00, 0x00, 0x00, 0x31, 0x00, 0x00, 0x00, 0x09, 0x00, 0x00, 0x00, 0x07,
    0x00, 0x00, 0x00, 0x08, 0x00, 0x00, 0x00, 0x09, 0x00, 0x00, 0x00, 0x00, 0x00, 0x00, 0x00, 0x00,
    0x00, 0x00, 0x00, 0x32, 0x00, 0x00, 0x00, 0x09, 0x00, 0x00, 0x00, 0x08, 0x00, 0x00, 0x00, 0x08,
    0x00, 0x00, 0x00, 0x09, 0x00, 0x00, 0x00, 0x00, 0x00, 0x00, 0x00, 0x00, 0x00, 0x00, 0x00, 0x33,
    0x00, 0x00, 0x00, 0x09, 0x00, 0x00, 0x00, 0x08, 0x00, 0x00, 0x00, 0x08, 0x00, 0x00, 0x00, 0x09,
    0x00, 0x00, 0x00, 0x00, 0x00, 0x00, 0x00, 0x00, 0x00, 0x00, 0x00, 0x34, 0x00, 0x00, 0x00, 0x09,
    0x00, 0x00, 0x00, 0x08, 0x00, 0x00, 0x00, 0x08, 0x00, 0x00, 0x00, 0x09, 0x00, 0x00, 0x00, 0x00,
    0x00, 0x00, 0x00, 0x00, 0x00, 0x00, 0x00, 0x35, 0x00, 0x00, 0x00, 0x09, 0x00, 0x00, 0x00, 0x08,
    0x00, 0x00, 0x00, 0x08, 0x00, 0x00, 0x00, 0x09, 0x00, 0x00, 0x00, 0x00, 0x00, 0x00, 0x00, 0x00,
    0x00, 0x00, 0x00, 0x36, 0x00, 0x00, 0x00, 0x09, 0x00, 0x00, 0x00, 0x08, 0x00, 0x00, 0x00, 0x08,
    0x00, 0x00, 0x00, 0x09, 0x00, 0x00, 0x00, 0x00, 0x00, 0x00, 0x00, 0x00, 0x00, 0x00, 0x00, 0x37,
    0x00, 0x00, 0x00, 0x09, 0x00, 0x00, 0x00, 0x08, 0x00, 0x00, 0x00, 0x08, 0x00, 0x00, 0x00, 0x09,
    0x00, 0x00, 0x00, 0x00, 0x00, 0x00, 0x00, 0x00, 0x00, 0x00, 0x00, 0x38, 0x00, 0x00, 0x00, 0x09,
    0x00, 0x00, 0x00, 0x08, 0x00, 0x00, 0x00, 0x08, 0x00, 0x00, 0x00, 0x09, 0x00, 0x00, 0x00, 0x00,
    0x00, 0x00, 0x00, 0x00, 0x00, 0x00, 0x00, 0x39, 0x00, 0x00, 0x00, 0x09, 0x00, 0x00, 0x00, 0x08,
    0x00, 0x00, 0x00, 0x08, 0x00, 0x00, 0x00, 0x09, 0x00, 0x00, 0x00, 0x00, 0x00, 0x00, 0x00, 0x00,
    0x00, 0x00, 0x00, 0x3A, 0x00, 0x00, 0x00, 0x07, 0x00, 0x00, 0x00, 0x04, 0x00, 0x00, 0x00, 0x08,
    0x00, 0x00, 0x00, 0x07, 0x00, 0x00, 0x00, 0x02, 0x00, 0x00, 0x00, 0x00, 0x00, 0x00, 0x00, 0x3B,
    0x00, 0x00, 0x00, 0x0A, 0x00, 0x00, 0x00, 0x04, 0x00, 0x00, 0x00, 0x08, 0x00, 0x00, 0x00, 0x07,
    0x00, 0x00, 0x00, 0x02, 0x00, 0x00, 0x00, 0x00, 0x00, 0x00, 0x00, 0x3C, 0x00, 0x00, 0x00, 0x08,
    0x00, 0x00, 0x00, 0x08, 0x00, 0x00, 0x00, 0x08, 0x00, 0x00, 0x00, 0x08, 0x00, 0x00, 0x00, 0x00,
    0x00, 0x00, 0x00, 0x00, 0x00, 0x00, 0x00, 0x3D, 0x00, 0x00, 0x00, 0x06, 0x00, 0x00, 0x00, 0x08,
    0x00, 0x00, 0x00, 0x08, 0x00, 0x00, 0x00, 0x07, 0x00, 0x00, 0x00, 0x00, 0x00, 0x00, 0x00, 0x00,
    0x00, 0x00, 0x00, 0x3E, 0x00, 0x00, 0x00, 0x08, 0x00, 0x00, 0x00, 0x08, 0x00, 0x00, 0x00, 0x08,
    0x00, 0x00, 0x00, 0x08, 0x00, 0x00, 0x00, 0x00, 0x00, 0x00, 0x00, 0x00, 0x00, 0x00, 0x00, 0x3F,
    0x00, 0x00, 0x00, 0x09, 0x00, 0x00, 0x00, 0x06, 0x00, 0x00, 0x00, 0x08, 0x00, 0x00, 0x00, 0x09,
    0x00, 0x00, 0x00, 0x02, 0x00, 0x00, 0x00, 0x00, 0x00, 0x00, 0x00, 0x40, 0x00, 0x00, 0x00, 0x0B,
    0x00, 0x00, 0x00, 0x08, 0x00, 0x00, 0x00, 0x08, 0x00, 0x00, 0x00, 0x08, 0x00, 0x00, 0x00, 0x00,
    0x00, 0x00, 0x00, 0x00, 0x00, 0x00, 0x00, 0x41, 0x00, 0x00, 0x00, 0x09, 0x00, 0x00, 0x00, 0x08,
    0x00, 0x00, 0x00, 0x08, 0x00, 0x00, 0x00, 0x09, 0x00, 0x00, 0x00, 0x00, 0x00, 0x00, 0x00, 0x00,
    0x00, 0x00, 0x00, 0x42, 0x00, 0x00, 0x00, 0x09, 0x00, 0x00, 0x00, 0x08, 0x00, 0x00, 0x00, 0x08,
    0x00, 0x00, 0x00, 0x09, 0x00, 0x00, 0x00, 0x00, 0x00, 0x00, 0x00, 0x00, 0x00, 0x00, 0x00, 0x43,
    0x00, 0x00, 0x00, 0x09, 0x00, 0x00, 0x00, 0x08, 0x00, 0x00, 0x00, 0x08, 0x00, 0x00, 0x00, 0x09,
    0x00, 0x00, 0x00, 0x00, 0x00, 0x00, 0x00, 0x00, 0x00, 0x00, 0x00, 0x44, 0x00, 0x00, 0x00, 0x09,
    0x00, 0x00, 0x00, 0x08, 0x00, 0x00, 0x00, 0x08, 0x00, 0x00, 0x00, 0x09, 0x00, 0x00, 0x00, 0x00,
    0x00, 0x00, 0x00, 0x00, 0x00, 0x00, 0x00, 0x45, 0x00, 0x00, 0x00, 0x09, 0x00, 0x00, 0x00, 0x08,
    0x00, 0x00, 0x00, 0x08, 0x00, 0x00, 0x00, 0x09, 0x00, 0x00, 0x00, 0x00, 0x00, 0x00, 0x00, 0x00,
    0x00, 0x00, 0x00, 0x46, 0x00, 0x00, 0x00, 0x09, 0x00, 0x00, 0x00, 0x08, 0x00, 0x00, 0x00, 0x08,
    0x00, 0x00, 0x00, 0x09, 0x00, 0x00, 0x00, 0x00, 0x00, 0x00, 0x00, 0x00, 0x00, 0x00, 0x00, 0x47,
    0x00, 0x00, 0x00, 0x09, 0x00, 0x00, 0x00, 0x08, 0x00, 0x00, 0x00, 0x08, 0x00, 0x00, 0x00, 0x09,
    0x00, 0x00, 0x00, 0x00, 0x00, 0x00, 0x00, 0x00, 0x00, 0x00, 0x00, 0x48, 0x00, 0x00, 0x00, 0x09,
    0x00, 0x00, 0x00, 0x08, 0x00, 0x00, 0x00, 0x08, 0x00, 0x00, 0x00, 0x09, 0x00, 0x00, 0x00, 0x00,
    0x00, 0x00, 0x00, 0x00, 0x00, 0x00, 0x00, 0x49, 0x00, 0x00, 0x00, 0x09, 0x00, 0x00, 0x00, 0x08,
    0x00, 0x00, 0x00, 0x08, 0x00, 0x00, 0x00, 0x09, 0x00, 0x00, 0x00, 0x00, 0x00, 0x00, 0x00, 0x00,
    0x00, 0x00, 0x00, 0x4A, 0x00, 0x00, 0x00, 0x09, 0x00, 0x00, 0x00, 0x08, 0x00, 0x00, 0x00, 0x08,
    0x00, 0x00, 0x00, 0x09, 0x00, 0x00, 0x00, 0x00, 0x00, 0x00, 0x00, 0x00, 0x00, 0x00, 0x00, 0x4B,
    0x00, 0x00, 0x00, 0x09, 0x00, 0x00, 0x00, 0x08, 0x00, 0x00, 0x00, 0x08, 0x00, 0x00, 0x00, 0x09,
    0x00, 0x00, 0x00, 0x00, 0x00, 0x00, 0x00, 0x00, 0x00, 0x00, 0x00, 0x4C, 0x00, 0x00, 0x00, 0x09,
    0x00, 0x00, 0x00, 0x07, 0x00, 0x00, 0x00, 0x08, 0x00, 0x00, 0x00, 0x09, 0x00, 0x00, 0x00, 0x00,
    0x00, 0x00, 0x00, 0x00, 0x00, 0x00, 0x00, 0x4D, 0x00, 0x00, 0x00, 0x09, 0x00, 0x00, 0x00, 0x08,
    0x00, 0x00, 0x00, 0x08, 0x00, 0x00, 0x00, 0x09, 0x00, 0x00, 0x00, 0x00, 0x00, 0x00, 0x00, 0x00,
    0x00, 0x00, 0x00, 0x4E, 0x00, 0x00, 0x00, 0x09, 0x00, 0x00, 0x00, 0x08, 0x00, 0x00, 0x00, 0x08,
    0x00, 0x00, 0x00, 0x09, 0x00, 0x00, 0x00, 0x00, 0x00, 0x00, 0x00, 0x00, 0x00, 0x00, 0x00, 0x4F,
    0x00, 0x00, 0x00, 0x09, 0x00, 0x00, 0x00, 0x08, 0x00, 0x00, 0x00, 0x08, 0x00, 0x00, 0x00, 0x09,
    0x00, 0x00, 0x00, 0x00, 0x00, 0x00, 0x00, 0x00, 0x00, 0x00, 0x00, 0x50, 0x00, 0x00, 0x00, 0x09,
    0x00, 0x00, 0x00, 0x08, 0x00, 0x00, 0x00, 0x08, 0x00, 0x00, 0x00, 0x09, 0x00, 0x00, 0x00, 0x00,
    0x00, 0x00, 0x00, 0x00, 0x00, 0x00, 0x00, 0x51, 0x00, 0x00, 0x00, 0x0B, 0x00, 0x00, 0x00, 0x08,
    0x00, 0x00, 0x00, 0x08, 0x00, 0x00, 0x00, 0x09, 0x00, 0x00, 0x00, 0x00, 0x00, 0x00, 0x00, 0x00,
    0x00, 0x00, 0x00, 0x52, 0x00, 0x00, 0x00, 0x09, 0x00, 0x00, 0x00, 0x08, 0x00, 0x00, 0x00, 0x08,
    0x00, 0x00, 0x00, 0x09, 0x00, 0x00, 0x00, 0x00, 0x00, 0x00, 0x00, 0x00, 0x00, 0x00, 0x00, 0x53,
    0x00, 0x00, 0x00, 0x09, 0x00, 0x00, 0x00, 0x08, 0x00, 0x00, 0x00, 0x08, 0x00, 0x00, 0x00, 0x09,
    0x00, 0x00, 0x00, 0x00, 0x00, 0x00, 0x00, 0x00, 0x00, 0x00, 0x00, 0x54, 0x00, 0x00, 0x00, 0x09,
    0x00, 0x00, 0x00, 0x07, 0x00, 0x00, 0x00, 0x08, 0x00, 0x00, 0x00, 0x09, 0x00, 0x00, 0x00, 0x01,
    0x00, 0x00, 0x00, 0x00, 0x00, 0x00, 0x00, 0x55, 0x00, 0x00, 0x00, 0x09, 0x00, 0x00, 0x00, 0x08,
    0x00, 0x00, 0x00, 0x08, 0x00, 0x00, 0x00, 0x09, 0x00, 0x00, 0x00, 0x00, 0x00, 0x00, 0x00, 0x00,
    0x00, 0x00, 0x00, 0x56, 0x00, 0x00, 0x00, 0x09, 0x00, 0x00, 0x00, 0x07, 0x00, 0x00, 0x00, 0x08,
    0x00, 0x00, 0x00, 0x09, 0x00, 0x00, 0x00, 0x01, 0x00, 0x00, 0x00, 0x00, 0x00, 0x00, 0x00, 0x57,
    0x00, 0x00, 0x00, 0x09, 0x00, 0x00, 0x00, 0x08, 0x00, 0x00, 0x00, 0x08, 0x00, 0x00, 0x00, 0x09,
    0x00, 0x00, 0x00, 0x00, 0x00, 0x00, 0x00, 0x00, 0x00, 0x00, 0x00, 0x58, 0x00, 0x00, 0x00, 0x09,
    0x00, 0x00, 0x00, 0x08, 0x00, 0x00, 0x00, 0x08, 0x00, 0x00, 0x00, 0x09, 0x00, 0x00, 0x00, 0x00,
    0x00, 0x00, 0x00, 0x00, 0x00, 0x00, 0x00, 0x59, 0x00, 0x00, 0x00, 0x09, 0x00, 0x00, 0x00, 0x08,
    0x00, 0x00, 0x00, 0x08, 0x00, 0x00, 0x00, 0x09, 0x00, 0x00, 0x00, 0x00, 0x00, 0x00, 0x00, 0x00,
    0x00, 0x00, 0x00, 0x5A, 0x00, 0x00, 0x00, 0x09, 0x00, 0x00, 0x00, 0x08, 0x00, 0x00, 0x00, 0x08,
    0x00, 0x00, 0x00, 0x09, 0x00, 0x00, 0x00, 0x00, 0x00, 0x00, 0x00, 0x00, 0x00, 0x00, 0x00, 0x5B,
    0x00, 0x00, 0x00, 0x0D, 0x00, 0x00, 0x00, 0x07, 0x00, 0x00, 0x00, 0x08, 0x00, 0x00, 0x00, 0x0A,
    0x00, 0x00, 0x00, 0x01, 0x00, 0x00, 0x00, 0x00, 0x00, 0x00, 0x00, 0x5C, 0x00, 0x00, 0x00, 0x0A,
    0x00, 0x00, 0x00, 0x08, 0x00, 0x00, 0x00, 0x08, 0x00, 0x00, 0x00, 0x09, 0x00, 0x00, 0x00, 0x00,
    0x00, 0x00, 0x00, 0x00, 0x00, 0x00, 0x00, 0x5D, 0x00, 0x00, 0x00, 0x0D, 0x00, 0x00, 0x00, 0x07,
    0x00, 0x00, 0x00, 0x08, 0x00, 0x00, 0x00, 0x0A, 0x00, 0x00, 0x00, 0x01, 0x00, 0x00, 0x00, 0x00,
    0x00, 0x00, 0x00, 0x5E, 0x00, 0x00, 0x00, 0x04, 0x00, 0x00, 0x00, 0x08, 0x00, 0x00, 0x00, 0x08,
    0x00, 0x00, 0x00, 0x0A, 0x00, 0x00, 0x00, 0x00, 0x00, 0x00, 0x00, 0x00, 0x00, 0x00, 0x00, 0x5F,
    0x00, 0x00, 0x00, 0x03, 0x00, 0x00, 0x00, 0x08, 0x00, 0x00, 0x00, 0x08, 0x00, 0x00, 0x00, 0x00,
    0x00, 0x00, 0x00, 0x00, 0x00, 0x00, 0x00, 0x00, 0x00, 0x00, 0x00, 0x60, 0x00, 0x00, 0x00, 0x03,
    0x00, 0x00, 0x00, 0x04, 0x00, 0x00, 0x00, 0x08, 0x00, 0x00, 0x00, 0x0B, 0x00, 0x00, 0x00, 0x02,
    0x00, 0x00, 0x00, 0x00, 0x00, 0x00, 0x00, 0x61, 0x00, 0x00, 0x00, 0x07, 0x00, 0x00, 0x00, 0x08,
    0x00, 0x00, 0x00, 0x08, 0x00, 0x00, 0x00, 0x07, 0x00, 0x00, 0x00, 0x00, 0x00, 0x00, 0x00, 0x00,
    0x00, 0x00, 0x00, 0x62, 0x00, 0x00, 0x00, 0x09, 0x00, 0x00, 0x00, 0x08, 0x00, 0x00, 0x00, 0x08,
    0x00, 0x00, 0x00, 0x09, 0x00, 0x00, 0x00, 0x00, 0x00, 0x00, 0x00, 0x00, 0x00, 0x00, 0x00, 0x63,
    0x00, 0x00, 0x00, 0x07, 0x00, 0x00, 0x00, 0x08, 0x00, 0x00, 0x00, 0x08, 0x00, 0x00, 0x00, 0x07,
    0x00, 0x00, 0x00, 0x00, 0x00, 0x00, 0x00, 0x00, 0x00, 0x00, 0x00, 0x64, 0x00, 0x00, 0x00, 0x09,
    0x00, 0x00, 0x00, 0x08, 0x00, 0x00, 0x00, 0x08, 0x00, 0x00, 0x00, 0x09, 0x00, 0x00, 0x00, 0x00,
    0x00, 0x00, 0x00, 0x00, 0x00, 0x00, 0x00, 0x65, 0x00, 0x00, 0x00, 0x07, 0x00, 0x00, 0x00, 0x08,
    0x00, 0x00, 0x00, 0x08, 0x00, 0x00, 0x00, 0x07, 0x00, 0x00, 0x00, 0x00, 0x00, 0x00, 0x00, 0x00,
    0x00, 0x00, 0x00, 0x66, 0x00, 0x00, 0x00, 0x09, 0x00, 0x00, 0x00, 0x07, 0x00, 0x00, 0x00, 0x08,
    0x00, 0x00, 0x00, 0x09, 0x00, 0x00, 0x00, 0x01, 0x00, 0x00, 0x00, 0x00, 0x00, 0x00, 0x00, 0x67,
    0x00, 0x00, 0x00, 0x0A, 0x00, 0x00, 0x00, 0x08, 0x00, 0x00, 0x00, 0x08, 0x00, 0x00, 0x00, 0x07,
    0x00, 0x00, 0x00, 0x00, 0x00, 0x00, 0x00, 0x00, 0x00, 0x00, 0x00, 0x68, 0x00, 0x00, 0x00, 0x09,
    0x00, 0x00, 0x00, 0x08, 0x00, 0x00, 0x00, 0x08, 0x00, 0x00, 0x00, 0x09, 0x00, 0x00, 0x00, 0x00,
    0x00, 0x00, 0x00, 0x00, 0x00, 0x00, 0x00, 0x69, 0x00, 0x00, 0x00, 0x0B, 0x00, 0x00, 0x00, 0x06,
    0x00, 0x00, 0x00, 0x08, 0x00, 0x00, 0x00, 0x0B, 0x00, 0x00, 0x00, 0x01, 0x00, 0x00, 0x00, 0x00,
    0x00, 0x00, 0x00, 0x6A, 0x00, 0x00, 0x00, 0x0E, 0x00, 0x00, 0x00, 0x08, 0x00, 0x00, 0x00, 0x08,
    0x00, 0x00, 0x00, 0x0B, 0x00, 0x00, 0x00, 0x00, 0x00, 0x00, 0x00, 0x00, 0x00, 0x00, 0x00, 0x6B,
    0x00, 0x00, 0x00, 0x09, 0x00, 0x00, 0x00, 0x08, 0x00, 0x00, 0x00, 0x08, 0x00, 0x00, 0x00, 0x09,
    0x00, 0x00, 0x00, 0x00, 0x00, 0x00, 0x00, 0x00, 0x00, 0x00, 0x00, 0x6C, 0x00, 0x00, 0x00, 0x09,
    0x00, 0x00, 0x00, 0x06, 0x00, 0x00, 0x00, 0x08, 0x00, 0x00, 0x00, 0x09, 0x00, 0x00, 0x00, 0x01,
    0x00, 0x00, 0x00, 0x00, 0x00, 0x00, 0x00, 0x6D, 0x00, 0x00, 0x00, 0x07, 0x00, 0x00, 0x00, 0x08,
    0x00, 0x00, 0x00, 0x08, 0x00, 0x00, 0x00, 0x07, 0x00, 0x00, 0x00, 0x00, 0x00, 0x00, 0x00, 0x00,
    0x00, 0x00, 0x00, 0x6E, 0x00, 0x00, 0x00, 0x07, 0x00, 0x00, 0x00, 0x08, 0x00, 0x00, 0x00, 0x08,
    0x00, 0x00, 0x00, 0x07, 0x00, 0x00, 0x00, 0x00, 0x00, 0x00, 0x00, 0x00, 0x00, 0x00, 0x00, 0x6F,
    0x00, 0x00, 0x00, 0x07, 0x00, 0x00, 0x00, 0x08, 0x00, 0x00, 0x00, 0x08, 0x00, 0x00, 0x00, 0x07,
    0x00, 0x00, 0x00, 0x00, 0x00, 0x00, 0x00, 0x00, 0x00, 0x00, 0x00, 0x70, 0x00, 0x00, 0x00, 0x0A,
    0x00, 0x00, 0x00, 0x08, 0x00, 0x00, 0x00, 0x08, 0x00, 0x00, 0x00, 0x07, 0x00, 0x00, 0x00, 0x00,
    0x00, 0x00, 0x00, 0x00, 0x00, 0x00, 0x00, 0x71, 0x00, 0x00, 0x00, 0x0A, 0x00, 0x00, 0x00, 0x08,
    0x00, 0x00, 0x00, 0x08, 0x00, 0x00, 0x00, 0x07, 0x00, 0x00, 0x00, 0x00, 0x00, 0x00, 0x00, 0x00,
    0x00, 0x00, 0x00, 0x72, 0x00, 0x00, 0x00, 0x07, 0x00, 0x00, 0x00, 0x08, 0x00, 0x00, 0x00, 0x08,
    0x00, 0x00, 0x00, 0x07, 0x00, 0x00, 0x00, 0x00, 0x00, 0x00, 0x00, 0x00, 0x00, 0x00, 0x00, 0x73,
    0x00, 0x00, 0x00, 0x07, 0x00, 0x00, 0x00, 0x07, 0x00, 0x00, 0x00, 0x08, 0x00, 0x00, 0x00, 0x07,
    0x00, 0x00, 0x00, 0x00, 0x00, 0x00, 0x00, 0x00, 0x00, 0x00, 0x00, 0x74, 0x00, 0x00, 0x00, 0x09,
    0x00, 0x00, 0x00, 0x07, 0x00, 0x00, 0x00, 0x08, 0x00, 0x00, 0x00, 0x09, 0x00, 0x00, 0x00, 0x01,
    0x00, 0x00, 0x00, 0x00, 0x00, 0x00, 0x00, 0x75, 0x00, 0x00, 0x00, 0x07, 0x00, 0x00, 0x00, 0x08,
    0x00, 0x00, 0x00, 0x08, 0x00, 0x00, 0x00, 0x07, 0x00, 0x00, 0x00, 0x00, 0x00, 0x00, 0x00, 0x00,
    0x00, 0x00, 0x00, 0x76, 0x00, 0x00, 0x00, 0x07, 0x00, 0x00, 0x00, 0x07, 0x00, 0x00, 0x00, 0x08,
    0x00, 0x00, 0x00, 0x07, 0x00, 0x00, 0x00, 0x01, 0x00, 0x00, 0x00, 0x00, 0x00, 0x00, 0x00, 0x77,
    0x00, 0x00, 0x00, 0x07, 0x00, 0x00, 0x00, 0x08, 0x00, 0x00, 0x00, 0x08, 0x00, 0x00, 0x00, 0x07,
    0x00, 0x00, 0x00, 0x00, 0x00, 0x00, 0x00, 0x00, 0x00, 0x00, 0x00, 0x78, 0x00, 0x00, 0x00, 0x07,
    0x00, 0x00, 0x00, 0x08, 0x00, 0x00, 0x00, 0x08, 0x00, 0x00, 0x00, 0x07, 0x00, 0x00, 0x00, 0x00,
    0x00, 0x00, 0x00, 0x00, 0x00, 0x00, 0x00, 0x79, 0x00, 0x00, 0x00, 0x0A, 0x00, 0x00, 0x00, 0x08,
    0x00, 0x00, 0x00, 0x08, 0x00, 0x00, 0x00, 0x07, 0x00, 0x00, 0x00, 0x00, 0x00, 0x00, 0x00, 0x00,
    0x00, 0x00, 0x00, 0x7A, 0x00, 0x00, 0x00, 0x07, 0x00, 0x00, 0x00, 0x08, 0x00, 0x00, 0x00, 0x08,
    0x00, 0x00, 0x00, 0x07, 0x00, 0x00, 0x00, 0x00, 0x00, 0x00, 0x00, 0x00, 0x00, 0x00, 0x00, 0x7B,
    0x00, 0x00, 0x00, 0x0C, 0x00, 0x00, 0x00, 0x08, 0x00, 0x00, 0x00, 0x08, 0x00, 0x00, 0x00, 0x09,
    0x00, 0x00, 0x00, 0x00, 0x00, 0x00, 0x00, 0x00, 0x00, 0x00, 0x00, 0x7C, 0x00, 0x00, 0x00, 0x0D,
    0x00, 0x00, 0x00, 0x02, 0x00, 0x00, 0x00, 0x08, 0x00, 0x00, 0x00, 0x09, 0x00, 0x00, 0x00, 0x03,
    0x00, 0x00, 0x00, 0x00, 0x00, 0x00, 0x00, 0x7D, 0x00, 0x00, 0x00, 0x0C, 0x00, 0x00, 0x00, 0x08,
    0x00, 0x00, 0x00, 0x08, 0x00, 0x00, 0x00, 0x09, 0x00, 0x00, 0x00, 0x00, 0x00, 0x00, 0x00, 0x00,
    0x00, 0x00, 0x00, 0x7E, 0x00, 0x00, 0x00, 0x05, 0x00, 0x00, 0x00, 0x08, 0x00, 0x00, 0x00, 0x08,
    0x00, 0x00, 0x00, 0x06, 0x00, 0x00, 0x00, 0x00, 0x00, 0x00, 0x00, 0x00, 0x00, 0x00, 0x00, 0xA0,
    0x00, 0x00, 0x00, 0x00, 0x00, 0x00, 0x00, 0x00, 0x00, 0x00, 0x00, 0x08, 0x00, 0x00, 0x00, 0x00,
    0x00, 0x00, 0x00, 0x00, 0x00, 0x00, 0x00, 0x00, 0x00, 0x00, 0x00, 0xA1, 0x00, 0x00, 0x00, 0x0A,
    0x00, 0x00, 0x00, 0x04, 0x00, 0x00, 0x00, 0x08, 0x00, 0x00, 0x00, 0x0A, 0x00, 0x00, 0x00, 0x02,
    0x00, 0x00, 0x00, 0x00, 0x00, 0x00, 0x00, 0xA2, 0x00, 0x00, 0x00, 0x0B, 0x00, 0x00, 0x00, 0x07,
    0x00, 0x00, 0x00, 0x08, 0x00, 0x00, 0x00, 0x09, 0x00, 0x00, 0x00, 0x00, 0x00, 0x00, 0x00, 0x00,
    0x00, 0x00, 0x00, 0xA3, 0x00, 0x00, 0x00, 0x09, 0x00, 0x00, 0x00, 0x08, 0x00, 0x00, 0x00, 0x08,
    0x00, 0x00, 0x00, 0x09, 0x00, 0x00, 0x00, 0x00, 0x00, 0x00, 0x00, 0x00, 0x00, 0x00, 0x00, 0xA4,
    0x00, 0x00, 0x00, 0x06, 0x00, 0x00, 0x00, 0x07, 0x00, 0x00, 0x00, 0x08, 0x00, 0x00, 0x00, 0x07,
    0x00, 0x00, 0x00, 0x01, 0x00, 0x00, 0x00, 0x00, 0x00, 0x00, 0x00, 0xA5, 0x00, 0x00, 0x00, 0x09,
    0x00, 0x00, 0x00, 0x08, 0x00, 0x00, 0x00, 0x08, 0x00, 0x00, 0x00, 0x09, 0x00, 0x00, 0x00, 0x00,
    0x00, 0x00, 0x00, 0x00, 0x00, 0x00, 0x00, 0xA6, 0x00, 0x00, 0x00, 0x0B, 0x00, 0x00, 0x00, 0x02,
    0x00, 0x00, 0x00, 0x08, 0x00, 0x00, 0x00, 0x09, 0x00, 0x00, 0x00, 0x03, 0x00, 0x00, 0x00, 0x00,
    0x00, 0x00, 0x00, 0xA7, 0x00, 0x00, 0x00, 0x0B, 0x00, 0x00, 0x00, 0x07, 0x00, 0x00, 0x00, 0x08,
    0x00, 0x00, 0x00, 0x09, 0x00, 0x00, 0x00, 0x00, 0x00, 0x00, 0x00, 0x00, 0x00, 0x00, 0x00, 0xA8,
    0x00, 0x00, 0x00, 0x02, 0x00, 0x00, 0x00, 0x05, 0x00, 0x00, 0x00, 0x08, 0x00, 0x00, 0x00, 0x0A,
    0x00, 0x00, 0x00, 0x02, 0x00, 0x00, 0x00, 0x00, 0x00, 0x00, 0x00, 0xA9, 0x00, 0x00, 0x00, 0x08,
    0x00, 0x00, 0x00, 0x08, 0x00, 0x00, 0x00, 0x08, 0x00, 0x00, 0x00, 0x09, 0x00, 0x00, 0x00, 0x00,
    0x00, 0x00, 0x00, 0x00, 0x00, 0x00, 0x00, 0xAA, 0x00, 0x00, 0x00, 0x08, 0x00, 0x00, 0x00, 0x06,
    0x00, 0x00, 0x00, 0x08, 0x00, 0x00, 0x00, 0x0A, 0x00, 0x00, 0x00, 0x01, 0x00, 0x00, 0x00, 0x00,
    0x00, 0x00, 0x00, 0xAB, 0x00, 0x00, 0x00, 0x07, 0x00, 0x00, 0x00, 0x07, 0x00, 0x00, 0x00, 0x08,
    0x00, 0x00, 0x00, 0x07, 0x00, 0x00, 0x00, 0x00, 0x00, 0x00, 0x00, 0x00, 0x00, 0x00, 0x00, 0xAC,
    0x00, 0x00, 0x00, 0x05, 0x00, 0x00, 0x00, 0x08, 0x00, 0x00, 0x00, 0x08, 0x00, 0x00, 0x00, 0x06,
    0x00, 0x00, 0x00, 0x00, 0x00, 0x00, 0x00, 0x00, 0x00, 0x00, 0x00, 0xAD, 0x00, 0x00, 0x00, 0x02,
    0x00, 0x00, 0x00, 0x05, 0x00, 0x00, 0x00, 0x08, 0x00, 0x00, 0x00, 0x05, 0x00, 0x00, 0x00, 0x01,
    0x00, 0x00, 0x00, 0x00, 0x00, 0x00, 0x00, 0xAE, 0x00, 0x00, 0x00, 0x08, 0x00, 0x00, 0x00, 0x08,
    0x00, 0x00, 0x00, 0x08, 0x00, 0x00, 0x00, 0x09, 0x00, 0x00, 0x00, 0x00, 0x00, 0x00, 0x00, 0x00,
    0x00, 0x00, 0x00, 0xAF, 0x00, 0x00, 0x00, 0x02, 0x00, 0x00, 0x00, 0x05, 0x00, 0x00, 0x00, 0x08,
    0x00, 0x00, 0x00, 0x09, 0x00, 0x00, 0x00, 0x02, 0x00, 0x00, 0x00, 0x00, 0x00, 0x00, 0x00, 0xB0,
    0x00, 0x00, 0x00, 0x04, 0x00, 0x00, 0x00, 0x06, 0x00, 0x00, 0x00, 0x08, 0x00, 0x00, 0x00, 0x09,
    0x00, 0x00, 0x00, 0x01, 0x00, 0x00, 0x00, 0x00, 0x00, 0x00, 0x00, 0xB1, 0x00, 0x00, 0x00, 0x08,
    0x00, 0x00, 0x00, 0x08, 0x00, 0x00, 0x00, 0x08, 0x00, 0x00, 0x00, 0x08, 0x00, 0x00, 0x00, 0x00,
    0x00, 0x00, 0x00, 0x00, 0x00, 0x00, 0x00, 0xB2, 0x00, 0x00, 0x00, 0x05, 0x00, 0x00, 0x00, 0x06,
    0x00, 0x00, 0x00, 0x08, 0x00, 0x00, 0x00, 0x0C, 0x00, 0x00, 0x00, 0x01, 0x00, 0x00, 0x00, 0x00,
    0x00, 0x00, 0x00, 0xB3, 0x00, 0x00, 0x00, 0x05, 0x00, 0x00, 0x00, 0x06, 0x00, 0x00, 0x00, 0x08,
    0x00, 0x00, 0x00, 0x0C, 0x00, 0x00, 0x00, 0x01, 0x00, 0x00, 0x00, 0x00, 0x00, 0x00, 0x00, 0xB4,
    0x00, 0x00, 0x00, 0x03, 0x00, 0x00, 0x00, 0x05, 0x00, 0x00, 0x00, 0x08, 0x00, 0x00, 0x00, 0x0B,
    0x00, 0x00, 0x00, 0x03, 0x00, 0x00, 0x00, 0x00, 0x00, 0x00, 0x00, 0xB5, 0x00, 0x00, 0x00, 0x0A,
    0x00, 0x00, 0x00, 0x08, 0x00, 0x00, 0x00, 0x08, 0x00, 0x00, 0x00, 0x07, 0x00, 0x00, 0x00, 0x00,
    0x00, 0x00, 0x00, 0x00, 0x00, 0x00, 0x00, 0xB6, 0x00, 0x00, 0x00, 0x0B, 0x00, 0x00, 0x00, 0x08,
    0x00, 0x00, 0x00, 0x08, 0x00, 0x00, 0x00, 0x09, 0x00, 0x00, 0x00, 0x00, 0x00, 0x00, 0x00, 0x00,
    0x00, 0x00, 0x00, 0xB7, 0x00, 0x00, 0x00, 0x03, 0x00, 0x00, 0x00, 0x03, 0x00, 0x00, 0x00, 0x08,
    0x00, 0x00, 0x00, 0x07, 0x00, 0x00, 0x00, 0x02, 0x00, 0x00, 0x00, 0x00, 0x00, 0x00, 0x00, 0xB8,
    0x00, 0x00, 0x00, 0x03, 0x00, 0x00, 0x00, 0x05, 0x00, 0x00, 0x00, 0x08, 0x00, 0x00, 0x00, 0x01,
    0x00, 0x00, 0x00, 0x00, 0x00, 0x00, 0x00, 0x00, 0x00, 0x00, 0x00, 0xB9, 0x00, 0x00, 0x00, 0x05,
    0x00, 0x00, 0x00, 0x06, 0x00, 0x00, 0x00, 0x08, 0x00, 0x00, 0x00, 0x0C, 0x00, 0x00, 0x00, 0x01,
    0x00, 0x00, 0x00, 0x00, 0x00, 0x00, 0x00, 0xBA, 0x00, 0x00, 0x00, 0x08, 0x00, 0x00, 0x00, 0x06,
    0x00, 0x00, 0x00, 0x08, 0x00, 0x00, 0x00, 0x0A, 0x00, 0x00, 0x00, 0x01, 0x00, 0x00, 0x00, 0x00,
    0x00, 0x00, 0x00, 0xBB, 0x00, 0x00, 0x00, 0x07, 0x00, 0x00, 0x00, 0x08, 0x00, 0x00, 0x00, 0x08,
    0x00, 0x00, 0x00, 0x07, 0x00, 0x00, 0x00, 0x00, 0x00, 0x00, 0x00, 0x00, 0x00, 0x00, 0x00, 0xBC,
    0x00, 0x00, 0x00, 0x0D, 0x00, 0x00, 0x00, 0x08, 0x00, 0x00, 0x00, 0x08, 0x00, 0x00, 0x00, 0x0A,
    0x00, 0x00, 0x00, 0x00, 0x00, 0x00, 0x00, 0x00, 0x00, 0x00, 0x00, 0xBD, 0x00, 0x00, 0x00, 0x0D,
    0x00, 0x00, 0x00, 0x08, 0x00, 0x00, 0x00, 0x08, 0x00, 0x00, 0x00, 0x0B, 0x00, 0x00, 0x00, 0x00,
    0x00, 0x00, 0x00, 0x00, 0x00, 0x00, 0x00, 0xBE, 0x00, 0x00, 0x00, 0x0D, 0x00, 0x00, 0x00, 0x08,
    0x00, 0x00, 0x00, 0x08, 0x00, 0x00, 0x00, 0x0A, 0x00, 0x00, 0x00, 0x00, 0x00, 0x00, 0x00, 0x00,
    0x00, 0x00, 0x00, 0xBF, 0x00, 0x00, 0x00, 0x0B, 0x00, 0x00, 0x00, 0x06, 0x00, 0x00, 0x00, 0x08,
    0x00, 0x00, 0x00, 0x0B, 0x00, 0x00, 0x00, 0x00, 0x00, 0x00, 0x00, 0x00, 0x00, 0x00, 0x00, 0xC0,
    0x00, 0x00, 0x00, 0x0C, 0x00, 0x00, 0x00, 0x08, 0x00, 0x00, 0x00, 0x08, 0x00, 0x00, 0x00, 0x0C,
    0x00, 0x00, 0x00, 0x00, 0x00, 0x00, 0x00, 0x00, 0x00, 0x00, 0x00, 0xC1, 0x00, 0x00, 0x00, 0x0C,
    0x00, 0x00, 0x00, 0x08, 0x00, 0x00, 0x00, 0x08, 0x00, 0x00, 0x00, 0x0C, 0x00, 0x00, 0x00, 0x00,
    0x00, 0x00, 0x00, 0x00, 0x00, 0x00, 0x00, 0xC2, 0x00, 0x00, 0x00, 0x0C, 0x00, 0x00, 0x00, 0x08,
    0x00, 0x00, 0x00, 0x08, 0x00, 0x00, 0x00, 0x0C, 0x00, 0x00, 0x00, 0x00, 0x00, 0x00, 0x00, 0x00,
    0x00, 0x00, 0x00, 0xC3, 0x00, 0x00, 0x00, 0x0C, 0x00, 0x00, 0x00, 0x08, 0x00, 0x00, 0x00, 0x08,
    0x00, 0x00, 0x00, 0x0C, 0x00, 0x00, 0x00, 0x00, 0x00, 0x00, 0x00, 0x00, 0x00, 0x00, 0x00, 0xC4,
    0x00, 0x00, 0x00, 0x0C, 0x00, 0x00, 0x00, 0x08, 0x00, 0x00, 0x00, 0x08, 0x00, 0x00, 0x00, 0x0C,
    0x00, 0x00, 0x00, 0x00, 0x00, 0x00, 0x00, 0x00, 0x00, 0x00, 0x00, 0xC5, 0x00, 0x00, 0x00, 0x0C,
    0x00, 0x00, 0x00, 0x08, 0x00, 0x00, 0x00, 0x08, 0x00, 0x00, 0x00, 0x0C, 0x00, 0x00, 0x00, 0x00,
    0x00, 0x00, 0x00, 0x00, 0x00, 0x00, 0x00, 0xC6, 0x00, 0x00, 0x00, 0x09, 0x00, 0x00, 0x00, 0x08,
    0x00, 0x00, 0x00, 0x08, 0x00, 0x00, 0x00, 0x09, 0x00, 0x00, 0x00, 0x00, 0x00, 0x00, 0x00, 0x00,
    0x00, 0x00, 0x00, 0xC7, 0x00, 0x00, 0x00, 0x0C, 0x00, 0x00, 0x00, 0x08, 0x00, 0x00, 0x00, 0x08,
    0x00, 0x00, 0x00, 0x09, 0x00, 0x00, 0x00, 0x00, 0x00, 0x00, 0x00, 0x00, 0x00, 0x00, 0x00, 0xC8,
    0x00, 0x00, 0x00, 0x0C, 0x00, 0x00, 0x00, 0x08, 0x00, 0x00, 0x00, 0x08, 0x00, 0x00, 0x00, 0x0C,
    0x00, 0x00, 0x00, 0x00, 0x00, 0x00, 0x00, 0x00, 0x00, 0x00, 0x00, 0xC9, 0x00, 0x00, 0x00, 0x0C,
    0x00, 0x00, 0x00, 0x08, 0x00, 0x00, 0x00, 0x08, 0x00, 0x00, 0x00, 0x0C, 0x00, 0x00, 0x00, 0x00,
    0x00, 0x00, 0x00, 0x00, 0x00, 0x00, 0x00, 0xCA, 0x00, 0x00, 0x00, 0x0C, 0x00, 0x00, 0x00, 0x08,
    0x00, 0x00, 0x00, 0x08, 0x00, 0x00, 0x00, 0x0C, 0x00, 0x00, 0x00, 0x00, 0x00, 0x00, 0x00, 0x00,
    0x00, 0x00, 0x00, 0xCB, 0x00, 0x00, 0x00, 0x0C, 0x00, 0x00, 0x00, 0x08, 0x00, 0x00, 0x00, 0x08,
    0x00, 0x00, 0x00, 0x0C, 0x00, 0x00, 0x00, 0x00, 0x00, 0x00, 0x00, 0x00, 0x00, 0x00, 0x00, 0xCC,
    0x00, 0x00, 0x00, 0x0C, 0x00, 0x00, 0x00, 0x08, 0x00, 0x00, 0x00, 0x08, 0x00, 0x00, 0x00, 0x0C,
    0x00, 0x00, 0x00, 0x00, 0x00, 0x00, 0x00, 0x00, 0x00, 0x00, 0x00, 0xCD, 0x00, 0x00, 0x00, 0x0C,
    0x00, 0x00, 0x00, 0x08, 0x00, 0x00, 0x00, 0x08, 0x00, 0x00, 0x00, 0x0C, 0x00, 0x00, 0x00, 0x00,
    0x00, 0x00, 0x00, 0x00, 0x00, 0x00, 0x00, 0xCE, 0x00, 0x00, 0x00, 0x0C, 0x00, 0x00, 0x00, 0x08,
    0x00, 0x00, 0x00, 0x08, 0x00, 0x00, 0x00, 0x0C, 0x00, 0x00, 0x00, 0x00, 0x00, 0x00, 0x00, 0x00,
    0x00, 0x00, 0x00, 0xCF, 0x00, 0x00, 0x00, 0x0C, 0x00, 0x00, 0x00, 0x08, 0x00, 0x00, 0x00, 0x08,
    0x00, 0x00, 0x00, 0x0C, 0x00, 0x00, 0x00, 0x00, 0x00, 0x00, 0x00, 0x00, 0x00, 0x00, 0x00, 0xD0,
    0x00, 0x00, 0x00, 0x09, 0x00, 0x00, 0x00, 0x08, 0x00, 0x00, 0x00, 0x08, 0x00, 0x00, 0x00, 0x09,
    0x00, 0x00, 0x00, 0x00, 0x00, 0x00, 0x00, 0x00, 0x00, 0x00, 0x00, 0xD1, 0x00, 0x00, 0x00, 0x0C,
    0x00, 0x00, 0x00, 0x08, 0x00, 0x00, 0x00, 0x08, 0x00, 0x00, 0x00, 0x0C, 0x00, 0x00, 0x00, 0x00,
    0x00, 0x00, 0x00, 0x00, 0x00, 0x00, 0x00, 0xD2, 0x00, 0x00, 0x00, 0x0C, 0x00, 0x00, 0x00, 0x08,
    0x00, 0x00, 0x00, 0x08, 0x00, 0x00, 0x00, 0x0C, 0x00, 0x00, 0x00, 0x00, 0x00, 0x00, 0x00, 0x00,
    0x00, 0x00, 0x00, 0xD3, 0x00, 0x00, 0x00, 0x0C, 0x00, 0x00, 0x00, 0x08, 0x00, 0x00, 0x00, 0x08,
    0x00, 0x00, 0x00, 0x0C, 0x00, 0x00, 0x00, 0x00, 0x00, 0x00, 0x00, 0x00, 0x00, 0x00, 0x00, 0xD4,
    0x00, 0x00, 0x00, 0x0C, 0x00, 0x00, 0x00, 0x08, 0x00, 0x00, 0x00, 0x08, 0x00, 0x00, 0x00, 0x0C,
    0x00, 0x00, 0x00, 0x00, 0x00, 0x00, 0x00, 0x00, 0x00, 0x00, 0x00, 0xD5, 0x00, 0x00, 0x00, 0x0C,
    0x00, 0x00, 0x00, 0x08, 0x00, 0x00, 0x00, 0x08, 0x00, 0x00, 0x00, 0x0C, 0x00, 0x00, 0x00, 0x00,
    0x00, 0x00, 0x00, 0x00, 0x00, 0x00, 0x00, 0xD6, 0x00, 0x00, 0x00, 0x0C, 0x00, 0x00, 0x00, 0x08,
    0x00, 0x00, 0x00, 0x08, 0x00, 0x00, 0x00, 0x0C, 0x00, 0x00, 0x00, 0x00, 0x00, 0x00, 0x00, 0x00,
    0x00, 0x00, 0x00, 0xD7, 0x00, 0x00, 0x00, 0x07, 0x00, 0x00, 0x00, 0x08, 0x00, 0x00, 0x00, 0x08,
    0x00, 0x00, 0x00, 0x07, 0x00, 0x00, 0x00, 0x00, 0x00, 0x00, 0x00, 0x00, 0x00, 0x00, 0x00, 0xD8,
    0x00, 0x00, 0x00, 0x0B, 0x00, 0x00, 0x00, 0x08, 0x00, 0x00, 0x00, 0x08, 0x00, 0x00, 0x00, 0x0A,
    0x00, 0x00, 0x00, 0x00, 0x00, 0x00, 0x00, 0x00, 0x00, 0x00, 0x00, 0xD9, 0x00, 0x00, 0x00, 0x0C,
    0x00, 0x00, 0x00, 0x08, 0x00, 0x00, 0x00, 0x08, 0x00, 0x00, 0x00, 0x0C, 0x00, 0x00, 0x00, 0x00,
    0x00, 0x00, 0x00, 0x00, 0x00, 0x00, 0x00, 0xDA, 0x00, 0x00, 0x00, 0x0C, 0x00, 0x00, 0x00, 0x08,
    0x00, 0x00, 0x00, 0x08, 0x00, 0x00, 0x00, 0x0C, 0x00, 0x00, 0x00, 0x00, 0x00, 0x00, 0x00, 0x00,
    0x00, 0x00, 0x00, 0xDB, 0x00, 0x00, 0x00, 0x0C, 0x00, 0x00, 0x00, 0x08, 0x00, 0x00, 0x00, 0x08,
    0x00, 0x00, 0x00, 0x0C, 0x00, 0x00, 0x00, 0x00, 0x00, 0x00, 0x00, 0x00, 0x00, 0x00, 0x00, 0xDC,
    0x00, 0x00, 0x00, 0x0C, 0x00, 0x00, 0x00, 0x08, 0x00, 0x00, 0x00, 0x08, 0x00, 0x00, 0x00, 0x0C,
    0x00, 0x00, 0x00, 0x00, 0x00, 0x00, 0x00, 0x00, 0x00, 0x00, 0x00, 0xDD, 0x00, 0x00, 0x00, 0x0C,
    0x00, 0x00, 0x00, 0x08, 0x00, 0x00, 0x00, 0x08, 0x00, 0x00, 0x00, 0x0C, 0x00, 0x00, 0x00, 0x00,
    0x00, 0x00, 0x00, 0x00, 0x00, 0x00, 0x00, 0xDE, 0x00, 0x00, 0x00, 0x09, 0x00, 0x00, 0x00, 0x08,
    0x00, 0x00, 0x00, 0x08, 0x00, 0x00, 0x00, 0x09, 0x00, 0x00, 0x00, 0x00, 0x00, 0x00, 0x00, 0x00,
    0x00, 0x00, 0x00, 0xDF, 0x00, 0x00, 0x00, 0x09, 0x00, 0x00, 0x00, 0x08, 0x00, 0x00, 0x00, 0x08,
    0x00, 0x00, 0x00, 0x09, 0x00, 0x00, 0x00, 0x00, 0x00, 0x00, 0x00, 0x00, 0x00, 0x00, 0x00, 0xE0,
    0x00, 0x00, 0x00, 0x0B, 0x00, 0x00, 0x00, 0x08, 0x00, 0x00, 0x00, 0x08, 0x00, 0x00, 0x00, 0x0B,
    0x00, 0x00, 0x00, 0x00, 0x00, 0x00, 0x00, 0x00, 0x00, 0x00, 0x00, 0xE1, 0x00, 0x00, 0x00, 0x0B,
    0x00, 0x00, 0x00, 0x08, 0x00, 0x00, 0x00, 0x08, 0x00, 0x00, 0x00, 0x0B, 0x00, 0x00, 0x00, 0x00,
    0x00, 0x00, 0x00, 0x00, 0x00, 0x00, 0x00, 0xE2, 0x00, 0x00, 0x00, 0x0B, 0x00, 0x00, 0x00, 0x08,
    0x00, 0x00, 0x00, 0x08, 0x00, 0x00, 0x00, 0x0B, 0x00, 0x00, 0x00, 0x00, 0x00, 0x00, 0x00, 0x00,
    0x00, 0x00, 0x00, 0xE3, 0x00, 0x00, 0x00, 0x0A, 0x00, 0x00, 0x00, 0x08, 0x00, 0x00, 0x00, 0x08,
    0x00, 0x00, 0x00, 0x0A, 0x00, 0x00, 0x00, 0x00, 0x00, 0x00, 0x00, 0x00, 0x00, 0x00, 0x00, 0xE4,
    0x00, 0x00, 0x00, 0x0A, 0x00, 0x00, 0x00, 0x08, 0x00, 0x00, 0x00, 0x08, 0x00, 0x00, 0x00, 0x0A,
    0x00, 0x00, 0x00, 0x00, 0x00, 0x00, 0x00, 0x00, 0x00, 0x00, 0x00, 0xE5, 0x00, 0x00, 0x00, 0x0B,
    0x00, 0x00, 0x00, 0x08, 0x00, 0x00, 0x00, 0x08, 0x00, 0x00, 0x00, 0x0B, 0x00, 0x00, 0x00, 0x00,
    0x00, 0x00, 0x00, 0x00, 0x00, 0x00, 0x00, 0xE6, 0x00, 0x00, 0x00, 0x07, 0x00, 0x00, 0x00, 0x08,
    0x00, 0x00, 0x00, 0x08, 0x00, 0x00, 0x00, 0x07, 0x00, 0x00, 0x00, 0x00, 0x00, 0x00, 0x00, 0x00,
    0x00, 0x00, 0x00, 0xE7, 0x00, 0x00, 0x00, 0x09, 0x00, 0x00, 0x00, 0x08, 0x00, 0x00, 0x00, 0x08,
    0x00, 0x00, 0x00, 0x07, 0x00, 0x00, 0x00, 0x00, 0x00, 0x00, 0x00, 0x00, 0x00, 0x00, 0x00, 0xE8,
    0x00, 0x00, 0x00, 0x0B, 0x00, 0x00, 0x00, 0x08, 0x00, 0x00, 0x00, 0x08, 0x00, 0x00, 0x00, 0x0B,
    0x00, 0x00, 0x00, 0x00, 0x00, 0x00, 0x00, 0x00, 0x00, 0x00, 0x00, 0xE9, 0x00, 0x00, 0x00, 0x0B,
    0x00, 0x00, 0x00, 0x08, 0x00, 0x00, 0x00, 0x08, 0x00, 0x00, 0x00, 0x0B, 0x00, 0x00, 0x00, 0x00,
    0x00, 0x00, 0x00, 0x00, 0x00, 0x00, 0x00, 0xEA, 0x00, 0x00, 0x00, 0x0B, 0x00, 0x00, 0x00, 0x08,
    0x00, 0x00, 0x00, 0x08, 0x00, 0x00, 0x00, 0x0B, 0x00, 0x00, 0x00, 0x00, 0x00, 0x00, 0x00, 0x00,
    0x00, 0x00, 0x00, 0xEB, 0x00, 0x00, 0x00, 0x0A, 0x00, 0x00, 0x00, 0x08, 0x00, 0x00, 0x00, 0x08,
    0x00, 0x00, 0x00, 0x0A, 0x00, 0x00, 0x00, 0x00, 0x00, 0x00, 0x00, 0x00, 0x00, 0x00, 0x00, 0xEC,
    0x00, 0x00, 0x00, 0x0A, 0x00, 0x00, 0x00, 0x06, 0x00, 0x00, 0x00, 0x08, 0x00, 0x00, 0x00, 0x0A,
    0x00, 0x00, 0x00, 0x01, 0x00, 0x00, 0x00, 0x00, 0x00, 0x00, 0x00, 0xED, 0x00, 0x00, 0x00, 0x0A,
    0x00, 0x00, 0x00, 0x07, 0x00, 0x00, 0x00, 0x08, 0x00, 0x00, 0x00, 0x0A, 0x00, 0x00, 0x00, 0x01,
    0x00, 0x00, 0x00, 0x00, 0x00, 0x00, 0x00, 0xEE, 0x00, 0x00, 0x00, 0x0A, 0x00, 0x00, 0x00, 0x06,
    0x00, 0x00, 0x00, 0x08, 0x00, 0x00, 0x00, 0x0A, 0x00, 0x00, 0x00, 0x01, 0x00, 0x00, 0x00, 0x00,
    0x00, 0x00, 0x00, 0xEF, 0x00, 0x00, 0x00, 0x0A, 0x00, 0x00, 0x00, 0x06, 0x00, 0x00, 0x00, 0x08,
    0x00, 0x00, 0x00, 0x0A, 0x00, 0x00, 0x00, 0x01, 0x00, 0x00, 0x00, 0x00, 0x00, 0x00, 0x00, 0xF0,
    0x00, 0x00, 0x00, 0x09, 0x00, 0x00, 0x00, 0x08, 0x00, 0x00, 0x00, 0x08, 0x00, 0x00, 0x00, 0x09,
    0x00, 0x00, 0x00, 0x00, 0x00, 0x00, 0x00, 0x00, 0x00, 0x00, 0x00, 0xF1, 0x00, 0x00, 0x00, 0x0A,
    0x00, 0x00, 0x00, 0x08, 0x00, 0x00, 0x00, 0x08, 0x00, 0x00, 0x00, 0x0A, 0x00, 0x00, 0x00, 0x00,
    0x00, 0x00, 0x00, 0x00, 0x00, 0x00, 0x00, 0xF2, 0x00, 0x00, 0x00, 0x0B, 0x00, 0x00, 0x00, 0x08,
    0x00, 0x00, 0x00, 0x08, 0x00, 0x00, 0x00, 0x0B, 0x00, 0x00, 0x00, 0x00, 0x00, 0x00, 0x00, 0x00,
    0x00, 0x00, 0x00, 0xF3, 0x00, 0x00, 0x00, 0x0B, 0x00, 0x00, 0x00, 0x08, 0x00, 0x00, 0x00, 0x08,
    0x00, 0x00, 0x00, 0x0B, 0x00, 0x00, 0x00, 0x00, 0x00, 0x00, 0x00, 0x00, 0x00, 0x00, 0x00, 0xF4,
    0x00, 0x00, 0x00, 0x0B, 0x00, 0x00, 0x00, 0x08, 0x00, 0x00, 0x00, 0x08, 0x00, 0x00, 0x00, 0x0B,
    0x00, 0x00, 0x00, 0x00, 0x00, 0x00, 0x00, 0x00, 0x00, 0x00, 0x00, 0xF5, 0x00, 0x00, 0x00, 0x0A,
    0x00, 0x00, 0x00, 0x08, 0x00, 0x00, 0x00, 0x08, 0x00, 0x00, 0x00, 0x0A, 0x00, 0x00, 0x00, 0x00,
    0x00, 0x00, 0x00, 0x00, 0x00, 0x00, 0x00, 0xF6, 0x00, 0x00, 0x00, 0x0A, 0x00, 0x00, 0x00, 0x08,
    0x00, 0x00, 0x00, 0x08, 0x00, 0x00, 0x00, 0x0A, 0x00, 0x00, 0x00, 0x00, 0x00, 0x00, 0x00, 0x00,
    0x00, 0x00, 0x00, 0xF7, 0x00, 0x00, 0x00, 0x07, 0x00, 0x00, 0x00, 0x08, 0x00, 0x00, 0x00, 0x08,
    0x00, 0x00, 0x00, 0x08, 0x00, 0x00, 0x00, 0x00, 0x00, 0x00, 0x00, 0x00, 0x00, 0x00, 0x00, 0xF8,
    0x00, 0x00, 0x00, 0x09, 0x00, 0x00, 0x00, 0x08, 0x00, 0x00, 0x00, 0x08, 0x00, 0x00, 0x00, 0x08,
    0x00, 0x00, 0x00, 0x00, 0x00, 0x00, 0x00, 0x00, 0x00, 0x00, 0x00, 0xF9, 0x00, 0x00, 0x00, 0x0A,
    0x00, 0x00, 0x00, 0x08, 0x00, 0x00, 0x00, 0x08, 0x00, 0x00, 0x00, 0x0A, 0x00, 0x00, 0x00, 0x00,
    0x00, 0x00, 0x00, 0x00, 0x00, 0x00, 0x00, 0xFA, 0x00, 0x00, 0x00, 0x0A, 0x00, 0x00, 0x00, 0x08,
    0x00, 0x00, 0x00, 0x08, 0x00, 0x00, 0x00, 0x0A, 0x00, 0x00, 0x00, 0x00, 0x00, 0x00, 0x00, 0x00,
    0x00, 0x00, 0x00, 0xFB, 0x00, 0x00, 0x00, 0x0A, 0x00, 0x00, 0x00, 0x08, 0x00, 0x00, 0x00, 0x08,
    0x00, 0x00, 0x00, 0x0A, 0x00, 0x00, 0x00, 0x00, 0x00, 0x00, 0x00, 0x00, 0x00, 0x00, 0x00, 0xFC,
    0x00, 0x00, 0x00, 0x0A, 0x00, 0x00, 0x00, 0x08, 0x00, 0x00, 0x00, 0x08, 0x00, 0x00, 0x00, 0x0A,
    0x00, 0x00, 0x00, 0x00, 0x00, 0x00, 0x00, 0x00, 0x00, 0x00, 0x00, 0xFD, 0x00, 0x00, 0x00, 0x0D,
    0x00, 0x00, 0x00, 0x08, 0x00, 0x00, 0x00, 0x08, 0x00, 0x00, 0x00, 0x0A, 0x00, 0x00, 0x00, 0x00,
    0x00, 0x00, 0x00, 0x00, 0x00, 0x00, 0x00, 0xFE, 0x00, 0x00, 0x00, 0x0C, 0x00, 0x00, 0x00, 0x08,
    0x00, 0x00, 0x00, 0x08, 0x00, 0x00, 0x00, 0x09, 0x00, 0x00, 0x00, 0x00, 0x00, 0x00, 0x00, 0x00,
    0x00, 0x00, 0x00, 0xFF, 0x00, 0x00, 0x00, 0x0D, 0x00, 0x00, 0x00, 0x08, 0x00, 0x00, 0x00, 0x08,
    0x00, 0x00, 0x00, 0x0A, 0x00, 0x00, 0x00, 0x00, 0x00, 0x00, 0x00, 0x00, 0x00, 0x00, 0x20, 0x13,
    0x00, 0x00, 0x00, 0x02, 0x00, 0x00, 0x00, 0x05, 0x00, 0x00, 0x00, 0x08, 0x00, 0x00, 0x00, 0x05,
    0x00, 0x00, 0x00, 0x01, 0x00, 0x00, 0x00, 0x00, 0x00, 0x00, 0x20, 0x14, 0x00, 0x00, 0x00, 0x02,
    0x00, 0x00, 0x00, 0x08, 0x00, 0x00, 0x00, 0x08, 0x00, 0x00, 0x00, 0x05, 0x00, 0x00, 0x00, 0x00,
    0x00, 0x00, 0x00, 0x00, 0x00, 0x00, 0x20, 0x18, 0x00, 0x00, 0x00, 0x04, 0x00, 0x00, 0x00, 0x05,
    0x00, 0x00, 0x00, 0x08, 0x00, 0x00, 0x00, 0x09, 0x00, 0x00, 0x00, 0x02, 0x00, 0x00, 0x00, 0x00,
    0x00, 0x00, 0x20, 0x19, 0x00, 0x00, 0x00, 0x04, 0x00, 0x00, 0x00, 0x05, 0x00, 0x00, 0x00, 0x08,
    0x00, 0x00, 0x00, 0x09, 0x00, 0x00, 0x00, 0x02, 0x00, 0x00, 0x00, 0x00, 0x00, 0x00, 0x20, 0x1C,
    0x00, 0x00, 0x00, 0x04, 0x00, 0x00, 0x00, 0x07, 0x00, 0x00, 0x00, 0x08, 0x00, 0x00, 0x00, 0x09,
    0x00, 0x00, 0x00, 0x01, 0x00, 0x00, 0x00, 0x00, 0x00, 0x00, 0x20, 0x1D, 0x00, 0x00, 0x00, 0x04,
    0x00, 0x00, 0x00, 0x08, 0x00, 0x00, 0x00, 0x08, 0x00, 0x00, 0x00, 0x09, 0x00, 0x00, 0x00, 0x00,
    0x00, 0x00, 0x00, 0x00, 0x00, 0x00, 0x20, 0x26, 0x00, 0x00, 0x00, 0x03, 0x00, 0x00, 0x00, 0x08,
    0x00, 0x00, 0x00, 0x08, 0x00, 0x00, 0x00, 0x03, 0x00, 0x00, 0x00, 0x00, 0x00, 0x00, 0x00, 0x00,
    0x00, 0x00, 0x20, 0xAC, 0x00, 0x00, 0x00, 0x09, 0x00, 0x00, 0x00, 0x08, 0x00, 0x00, 0x00, 0x08,
    0x00, 0x00, 0x00, 0x09, 0x00, 0x00, 0x00, 0x00, 0x00, 0x00, 0x00, 0x00, 0x00, 0x00, 0x21, 0x90,
    0x00, 0x00, 0x00, 0x05, 0x00, 0x00, 0x00, 0x08, 0x00, 0x00, 0x00, 0x08, 0x00, 0x00, 0x00, 0x06,
    0x00, 0x00, 0x00, 0x00, 0x00, 0x00, 0x00, 0x00, 0x00, 0x00, 0x21, 0x91, 0x00, 0x00, 0x00, 0x07,
    0x00, 0x00, 0x00, 0x06, 0x00, 0x00, 0x00, 0x08, 0x00, 0x00, 0x00, 0x07, 0x00, 0x00, 0x00, 0x01,
    0x00, 0x00, 0x00, 0x00, 0x00, 0x00, 0x21, 0x92, 0x00, 0x00, 0x00, 0x05, 0x00, 0x00, 0x00, 0x08,
    0x00, 0x00, 0x00, 0x08, 0x00, 0x00, 0x00, 0x06, 0x00, 0x00, 0x00, 0x00, 0x00, 0x00, 0x00, 0x00,
    0x00, 0x00, 0x21, 0x93, 0x00, 0x00, 0x00, 0x07, 0x00, 0x00, 0x00, 0x06, 0x00, 0x00, 0x00, 0x08,
    0x00, 0x00, 0x00, 0x07, 0x00, 0x00, 0x00, 0x01, 0x00, 0x00, 0x00, 0x00, 0x00, 0x00, 0x21, 0x94,
    0x00, 0x00, 0x00, 0x05, 0x00, 0x00, 0x00, 0x08, 0x00, 0x00, 0x00, 0x08, 0x00, 0x00, 0x00, 0x06,
    0x00, 0x00, 0x00, 0x00, 0x00, 0x00, 0x00, 0x00, 0x00, 0x00, 0x21, 0x95, 0x00, 0x00, 0x00, 0x07,
    0x00, 0x00, 0x00, 0x06, 0x00, 0x00, 0x00, 0x08, 0x00, 0x00, 0x00, 0x07, 0x00, 0x00, 0x00, 0x01,
    0x00, 0x00, 0x00, 0x00, 0x00, 0x00, 0x21, 0xE9, 0x00, 0x00, 0x00, 0x08, 0x00, 0x00, 0x00, 0x06,
    0x00, 0x00, 0x00, 0x08, 0x00, 0x00, 0x00, 0x08, 0x00, 0x00, 0x00, 0x01, 0x00, 0x00, 0x00, 0x00,
    0x00, 0x00, 0x22, 0x60, 0x00, 0x00, 0x00, 0x09, 0x00, 0x00, 0x00, 0x08, 0x00, 0x00, 0x00, 0x08,
    0x00, 0x00, 0x00, 0x09, 0x00, 0x00, 0x00, 0x00, 0x00, 0x00, 0x00, 0x00, 0x00, 0x00, 0x22, 0x61,
    0x00, 0x00, 0x00, 0x08, 0x00, 0x00, 0x00, 0x08, 0x00, 0x00, 0x00, 0x08, 0x00, 0x00, 0x00, 0x08,
    0x00, 0x00, 0x00, 0x00, 0x00, 0x00, 0x00, 0x00, 0x00, 0x00, 0x22, 0x64, 0x00, 0x00, 0x00, 0x08,
    0x00, 0x00, 0x00, 0x08, 0x00, 0x00, 0x00, 0x08, 0x00, 0x00, 0x00, 0x08, 0x00, 0x00, 0x00, 0x00,
    0x00, 0x00, 0x00, 0x00, 0x00, 0x00, 0x22, 0x65, 0x00, 0x00, 0x00, 0x08, 0x00, 0x00, 0x00, 0x08,
    0x00, 0x00, 0x00, 0x08, 0x00, 0x00, 0x00, 0x08, 0x00, 0x00, 0x00, 0x00, 0x00, 0x00, 0x00, 0x00,
    0x00, 0x00, 0x23, 0x15, 0x00, 0x00, 0x00, 0x06, 0x00, 0x00, 0x00, 0x06, 0x00, 0x00, 0x00, 0x08,
    0x00, 0x00, 0x00, 0x07, 0x00, 0x00, 0x00, 0x01, 0x00, 0x00, 0x00, 0x00, 0x00, 0x00, 0x23, 0xCE,
    0x00, 0x00, 0x00, 0x07, 0x00, 0x00, 0x00, 0x08, 0x00, 0x00, 0x00, 0x08, 0x00, 0x00, 0x00, 0x08,
    0x00, 0x00, 0x00, 0x00, 0x00, 0x00, 0x00, 0x00, 0x00, 0x00, 0x25, 0x00, 0x00, 0x00, 0x00, 0x03,
    0x00, 0x00, 0x00, 0x08, 0x00, 0x00, 0x00, 0x08, 0x00, 0x00, 0x00, 0x06, 0x00, 0x00, 0x00, 0x00,
    0x00, 0x00, 0x00, 0x00, 0x00, 0x00, 0x25, 0x01, 0x00, 0x00, 0x00, 0x03, 0x00, 0x00, 0x00, 0x08,
    0x00, 0x00, 0x00, 0x08, 0x00, 0x00, 0x00, 0x06, 0x00, 0x00, 0x00, 0x00, 0x00, 0x00, 0x00, 0x00,
    0x00, 0x00, 0x25, 0x02, 0x00, 0x00, 0x00, 0x11, 0x00, 0x00, 0x00, 0x02, 0x00, 0x00, 0x00, 0x08,
    0x00, 0x00, 0x00, 0x0D, 0x00, 0x00, 0x00, 0x03, 0x00, 0x00, 0x00, 0x00, 0x00, 0x00, 0x25, 0x03,
    0x00, 0x00, 0x00, 0x11, 0x00, 0x00, 0x00, 0x03, 0x00, 0x00, 0x00, 0x08, 0x00, 0x00, 0x00, 0x0D,
    0x00, 0x00, 0x00, 0x02, 0x00, 0x00, 0x00, 0x00, 0x00, 0x00, 0x25, 0x04, 0x00, 0x00, 0x00, 0x03,
    0x00, 0x00, 0x00, 0x08, 0x00, 0x00, 0x00, 0x08, 0x00, 0x00, 0x00, 0x06, 0x00, 0x00, 0x00, 0x00,
    0x00, 0x00, 0x00, 0x00, 0x00, 0x00, 0x25, 0x05, 0x00, 0x00, 0x00, 0x03, 0x00, 0x00, 0x00, 0x08,
    0x00, 0x00, 0x00, 0x08, 0x00, 0x00, 0x00, 0x06, 0x00, 0x00, 0x00, 0x00, 0x00, 0x00, 0x00, 0x00,
    0x00, 0x00, 0x25, 0x06, 0x00, 0x00, 0x00, 0x0F, 0x00, 0x00, 0x00, 0x02, 0x00, 0x00, 0x00, 0x08,
    0x00, 0x00, 0x00, 0x0C, 0x00, 0x00, 0x00, 0x03, 0x00, 0x00, 0x00, 0x00, 0x00, 0x00, 0x25, 0x07,
    0x00, 0x00, 0x00, 0x0F, 0x00, 0x00, 0x00, 0x03, 0x00, 0x00, 0x00, 0x08, 0x00, 0x00, 0x00, 0x0C,
    0x00, 0x00, 0x00, 0x02, 0x00, 0x00, 0x00, 0x00, 0x00, 0x00, 0x25, 0x08, 0x00, 0x00, 0x00, 0x03,
    0x00, 0x00, 0x00, 0x08, 0x00, 0x00, 0x00, 0x08, 0x00, 0x00, 0x00, 0x06, 0x00, 0x00, 0x00, 0x00,
    0x00, 0x00, 0x00, 0x00, 0x00, 0x00, 0x25, 0x09, 0x00, 0x00, 0x00, 0x03, 0x00, 0x00, 0x00, 0x08,
    0x00, 0x00, 0x00, 0x08, 0x00, 0x00, 0x00, 0x06, 0x00, 0x00, 0x00, 0x00, 0x00, 0x00, 0x00, 0x00,
    0x00, 0x00, 0x25, 0x0A, 0x00, 0x00, 0x00, 0x0F, 0x00, 0x00, 0x00, 0x02, 0x00, 0x00, 0x00, 0x08,
    0x00, 0x00, 0x00, 0x0C, 0x00, 0x00, 0x00, 0x03, 0x00, 0x00, 0x00, 0x00, 0x00, 0x00, 0x25, 0x0B,
    0x00, 0x00, 0x00, 0x0F, 0x00, 0x00, 0x00, 0x03, 0x00, 0x00, 0x00, 0x08, 0x00, 0x00, 0x00, 0x0C,
    0x00, 0x00, 0x00, 0x02, 0x00, 0x00, 0x00, 0x00, 0x00, 0x00, 0x25, 0x0C, 0x00, 0x00, 0x00, 0x0A,
    0x00, 0x00, 0x00, 0x05, 0x00, 0x00, 0x00, 0x08, 0x00, 0x00, 0x00, 0x06, 0x00, 0x00, 0x00, 0x03,
    0x00, 0x00, 0x00, 0x00, 0x00, 0x00, 0x25, 0x0D, 0x00, 0x00, 0x00, 0x0A, 0x00, 0x00, 0x00, 0x05,
    0x00, 0x00, 0x00, 0x08, 0x00, 0x00, 0x00, 0x06, 0x00, 0x00, 0x00, 0x03, 0x00, 0x00, 0x00, 0x00,
    0x00, 0x00, 0x25, 0x0E, 0x00, 0x00, 0x00, 0x0A, 0x00, 0x00, 0x00, 0x06, 0x00, 0x00, 0x00, 0x08,
    0x00, 0x00, 0x00, 0x06, 0x00, 0x00, 0x00, 0x02, 0x00, 0x00, 0x00, 0x00, 0x00, 0x00, 0x25, 0x0F,
    0x00, 0x00, 0x00, 0x0A, 0x00, 0x00, 0x00, 0x06, 0x00, 0x00, 0x00, 0x08, 0x00, 0x00, 0x00, 0x06,
    0x00, 0x00, 0x00, 0x02, 0x00, 0x00, 0x00, 0x00, 0x00, 0x00, 0x25, 0x10, 0x00, 0x00, 0x00, 0x0A,
    0x00, 0x00, 0x00, 0x07, 0x00, 0x00, 0x00, 0x08, 0x00, 0x00, 0x00, 0x06, 0x00, 0x00, 0x00, 0x00,
    0x00, 0x00, 0x00, 0x00, 0x00, 0x00, 0x25, 0x11, 0x00, 0x00, 0x00, 0x0A, 0x00, 0x00, 0x00, 0x07,
    0x00, 0x00, 0x00, 0x08, 0x00, 0x00, 0x00, 0x06, 0x00, 0x00, 0x00, 0x00, 0x00, 0x00, 0x00, 0x00,
    0x00, 0x00, 0x25, 0x12, 0x00, 0x00, 0x00, 0x0A, 0x00, 0x00, 0x00, 0x07, 0x00, 0x00, 0x00, 0x08,
    0x00, 0x00, 0x00, 0x06, 0x00, 0x00, 0x00, 0x00, 0x00, 0x00, 0x00, 0x00, 0x00, 0x00, 0x25, 0x13,
    0x00, 0x00, 0x00, 0x0A, 0x00, 0x00, 0x00, 0x07, 0x00, 0x00, 0x00, 0x08, 0x00, 0x00, 0x00, 0x06,
    0x00, 0x00, 0x00, 0x00, 0x00, 0x00, 0x00, 0x00, 0x00, 0x00, 0x25, 0x14, 0x00, 0x00, 0x00, 0x0A,
    0x00, 0x00, 0x00, 0x05, 0x00, 0x00, 0x00, 0x08, 0x00, 0x00, 0x00, 0x0D, 0x00, 0x00, 0x00, 0x03,
    0x00, 0x00, 0x00, 0x00, 0x00, 0x00, 0x25, 0x15, 0x00, 0x00, 0x00, 0x0A, 0x00, 0x00, 0x00, 0x05,
    0x00, 0x00, 0x00, 0x08, 0x00, 0x00, 0x00, 0x0D, 0x00, 0x00, 0x00, 0x03, 0x00, 0x00, 0x00, 0x00,
    0x00, 0x00, 0x25, 0x16, 0x00, 0x00, 0x00, 0x0A, 0x00, 0x00, 0x00, 0x06, 0x00, 0x00, 0x00, 0x08,
    0x00, 0x00, 0x00, 0x0D, 0x00, 0x00, 0x00, 0x02, 0x00, 0x00, 0x00, 0x00, 0x00, 0x00, 0x25, 0x17,
    0x00, 0x00, 0x00, 0x0A, 0x00, 0x00, 0x00, 0x06, 0x00, 0x00, 0x00, 0x08, 0x00, 0x00, 0x00, 0x0D,
    0x00, 0x00, 0x00, 0x02, 0x00, 0x00, 0x00, 0x00, 0x00, 0x00, 0x25, 0x18, 0x00, 0x00, 0x00, 0x0A,
    0x00, 0x00, 0x00, 0x07, 0x00, 0x00, 0x00, 0x08, 0x00, 0x00, 0x00, 0x0D, 0x00, 0x00, 0x00, 0x00,
    0x00, 0x00, 0x00, 0x00, 0x00, 0x00, 0x25, 0x19, 0x00, 0x00, 0x00, 0x0A, 0x00, 0x00, 0x00, 0x07,
    0x00, 0x00, 0x00, 0x08, 0x00, 0x00, 0x00, 0x0D, 0x00, 0x00, 0x00, 0x00, 0x00, 0x00, 0x00, 0x00,
    0x00, 0x00, 0x25, 0x1A, 0x00, 0x00, 0x00, 0x0A, 0x00, 0x00, 0x00, 0x07, 0x00, 0x00, 0x00, 0x08,
    0x00, 0x00, 0x00, 0x0D, 0x00, 0x00, 0x00, 0x00, 0x00, 0x00, 0x00, 0x00, 0x00, 0x00, 0x25, 0x1B,
    0x00, 0x00, 0x00, 0x0A, 0x00, 0x00, 0x00, 0x07, 0x00, 0x00, 0x00, 0x08, 0x00, 0x00, 0x00, 0x0D,
    0x00, 0x00, 0x00, 0x00, 0x00, 0x00, 0x00, 0x00, 0x00, 0x00, 0x25, 0x1C, 0x00, 0x00, 0x00, 0x11,
    0x00, 0x00, 0x00, 0x05, 0x00, 0x00, 0x00, 0x08, 0x00, 0x00, 0x00, 0x0D, 0x00, 0x00, 0x00, 0x03,
    0x00, 0x00, 0x00, 0x00, 0x00, 0x00, 0x25, 0x1D, 0x00, 0x00, 0x00, 0x11, 0x00, 0x00, 0x00, 0x05,
    0x00, 0x00, 0x00, 0x08, 0x00, 0x00, 0x00, 0x0D, 0x00, 0x00, 0x00, 0x03, 0x00, 0x00, 0x00, 0x00,
    0x00, 0x00, 0x25, 0x1E, 0x00, 0x00, 0x00, 0x11, 0x00, 0x00, 0x00, 0x06, 0x00, 0x00, 0x00, 0x08,
    0x00, 0x00, 0x00, 0x0D, 0x00, 0x00, 0x00, 0x02, 0x00, 0x00, 0x00, 0x00, 0x00, 0x00, 0x25, 0x1F,
    0x00, 0x00, 0x00, 0x11, 0x00, 0x00, 0x00, 0x06, 0x00, 0x00, 0x00, 0x08, 0x00, 0x00, 0x00, 0x0D,
    0x00, 0x00, 0x00, 0x02, 0x00, 0x00, 0x00, 0x00, 0x00, 0x00, 0x25, 0x20, 0x00, 0x00, 0x00, 0x11,
    0x00, 0x00, 0x00, 0x06, 0x00, 0x00, 0x00, 0x08, 0x00, 0x00, 0x00, 0x0D, 0x00, 0x00, 0x00, 0x02,
    0x00, 0x00, 0x00, 0x00, 0x00, 0x00, 0x25, 0x21, 0x00, 0x00, 0x00, 0x11, 0x00, 0x00, 0x00, 0x06,
    0x00, 0x00, 0x00, 0x08, 0x00, 0x00, 0x00, 0x0D, 0x00, 0x00, 0x00, 0x02, 0x00, 0x00, 0x00, 0x00,
    0x00, 0x00, 0x25, 0x22, 0x00, 0x00, 0x00, 0x11, 0x00, 0x00, 0x00, 0x06, 0x00, 0x00, 0x00, 0x08,
    0x00, 0x00, 0x00, 0x0D, 0x00, 0x00, 0x00, 0x02, 0x00, 0x00, 0x00, 0x00, 0x00, 0x00, 0x25, 0x23,
    0x00, 0x00, 0x00, 0x11, 0x00, 0x00, 0x00, 0x06, 0x00, 0x00, 0x00, 0x08, 0x00, 0x00, 0x00, 0x0D,
    0x00, 0x00, 0x00, 0x02, 0x00, 0x00, 0x00, 0x00, 0x00, 0x00, 0x25, 0x24, 0x00, 0x00, 0x00, 0x11,
    0x00, 0x00, 0x00, 0x07, 0x00, 0x00, 0x00, 0x08, 0x00, 0x00, 0x00, 0x0D, 0x00, 0x00, 0x00, 0x00,
    0x00, 0x00, 0x00, 0x00, 0x00, 0x00, 0x25, 0x25, 0x00, 0x00, 0x00, 0x11, 0x00, 0x00, 0x00, 0x07,
    0x00, 0x00, 0x00, 0x08, 0x00, 0x00, 0x00, 0x0D, 0x00, 0x00, 0x00, 0x00, 0x00, 0x00, 0x00, 0x00,
    0x00, 0x00, 0x25, 0x26, 0x00, 0x00, 0x00, 0x11, 0x00, 0x00, 0x00, 0x07, 0x00, 0x00, 0x00, 0x08,
    0x00, 0x00, 0x00, 0x0D, 0x00, 0x00, 0x00, 0x00, 0x00, 0x00, 0x00, 0x00, 0x00, 0x00, 0x25, 0x27,
    0x00, 0x00, 0x00, 0x11, 0x00, 0x00, 0x00, 0x07, 0x00, 0x00, 0x00, 0x08, 0x00, 0x00, 0x00, 0x0D,
    0x00, 0x00, 0x00, 0x00, 0x00, 0x00, 0x00, 0x00, 0x00, 0x00, 0x25, 0x28, 0x00, 0x00, 0x00, 0x11,
    0x00, 0x00, 0x00, 0x07, 0x00, 0x00, 0x00, 0x08, 0x00, 0x00, 0x00, 0x0D, 0x00, 0x00, 0x00, 0x00,
    0x00, 0x00, 0x00, 0x00, 0x00, 0x00, 0x25, 0x29, 0x00, 0x00, 0x00, 0x11, 0x00, 0x00, 0x00, 0x07,
    0x00, 0x00, 0x00, 0x08, 0x00, 0x00, 0x00, 0x0D, 0x00, 0x00, 0x00, 0x00, 0x00, 0x00, 0x00, 0x00,
    0x00, 0x00, 0x25, 0x2A, 0x00, 0x00, 0x00, 0x11, 0x00, 0x00, 0x00, 0x07, 0x00, 0x00, 0x00, 0x08,
    0x00, 0x00, 0x00, 0x0D, 0x00, 0x00, 0x00, 0x00, 0x00, 0x00, 0x00, 0x00, 0x00, 0x00, 0x25, 0x2B,
    0x00, 0x00, 0x00, 0x11, 0x00, 0x00, 0x00, 0x07, 0x00, 0x00, 0x00, 0x08, 0x00, 0x00, 0x00, 0x0D,
    0x00, 0x00, 0x00, 0x00, 0x00, 0x00, 0x00, 0x00, 0x00, 0x00, 0x25, 0x2C, 0x00, 0x00, 0x00, 0x0A,
    0x00, 0x00, 0x00, 0x08, 0x00, 0x00, 0x00, 0x08, 0x00, 0x00, 0x00, 0x06, 0x00, 0x00, 0x00, 0x00,
    0x00, 0x00, 0x00, 0x00, 0x00, 0x00, 0x25, 0x2D, 0x00, 0x00, 0x00, 0x0A, 0x00, 0x00, 0x00, 0x08,
    0x00, 0x00, 0x00, 0x08, 0x00, 0x00, 0x00, 0x06, 0x00, 0x00, 0x00, 0x00, 0x00, 0x00, 0x00, 0x00,
    0x00, 0x00, 0x25, 0x2E, 0x00, 0x00, 0x00, 0x0A, 0x00, 0x00, 0x00, 0x08, 0x00, 0x00, 0x00, 0x08,
    0x00, 0x00, 0x00, 0x06, 0x00, 0x00, 0x00, 0x00, 0x00, 0x00, 0x00, 0x00, 0x00, 0x00, 0x25, 0x2F,
    0x00, 0x00, 0x00, 0x0A, 0x00, 0x00, 0x00, 0x08, 0x00, 0x00, 0x00, 0x08, 0x00, 0x00, 0x00, 0x06,
    0x00, 0x00, 0x00, 0x00, 0x00, 0x00, 0x00, 0x00, 0x00, 0x00, 0x25, 0x30, 0x00, 0x00, 0x00, 0x0A,
    0x00, 0x00, 0x00, 0x08, 0x00, 0x00, 0x00, 0x08, 0x00, 0x00, 0x00, 0x06, 0x00, 0x00, 0x00, 0x00,
    0x00, 0x00, 0x00, 0x00, 0x00, 0x00, 0x25, 0x31, 0x00, 0x00, 0x00, 0x0A, 0x00, 0x00, 0x00, 0x08,
    0x00, 0x00, 0x00, 0x08, 0x00, 0x00, 0x00, 0x06, 0x00, 0x00, 0x00, 0x00, 0x00, 0x00, 0x00, 0x00,
    0x00, 0x00, 0x25, 0x32, 0x00, 0x00, 0x00, 0x0A, 0x00, 0x00, 0x00, 0x08, 0x00, 0x00, 0x00, 0x08,
    0x00, 0x00, 0x00, 0x06, 0x00, 0x00, 0x00, 0x00, 0x00, 0x00, 0x00, 0x00, 0x00, 0x00, 0x25, 0x33,
    0x00, 0x00, 0x00, 0x0A, 0x00, 0x00, 0x00, 0x08, 0x00, 0x00, 0x00, 0x08, 0x00, 0x00, 0x00, 0x06,
    0x00, 0x00, 0x00, 0x00, 0x00, 0x00, 0x00, 0x00, 0x00, 0x00, 0x25, 0x34, 0x00, 0x00, 0x00, 0x0A,
    0x00, 0x00, 0x00, 0x08, 0x00, 0x00, 0x00, 0x08, 0x00, 0x00, 0x00, 0x0D, 0x00, 0x00, 0x00, 0x00,
    0x00, 0x00, 0x00, 0x00, 0x00, 0x00, 0x25, 0x35, 0x00, 0x00, 0x00, 0x0A, 0x00, 0x00, 0x00, 0x08,
    0x00, 0x00, 0x00, 0x08, 0x00, 0x00, 0x00, 0x0D, 0x00, 0x00, 0x00, 0x00, 0x00, 0x00, 0x00, 0x00,
    0x00, 0x00, 0x25, 0x36, 0x00, 0x00, 0x00, 0x0A, 0x00, 0x00, 0x00, 0x08, 0x00, 0x00, 0x00, 0x08,
    0x00, 0x00, 0x00, 0x0D, 0x00, 0x00, 0x00, 0x00, 0x00, 0x00, 0x00, 0x00, 0x00, 0x00, 0x25, 0x37,
    0x00, 0x00, 0x00, 0x0A, 0x00, 0x00, 0x00, 0x08, 0x00, 0x00, 0x00, 0x08, 0x00, 0x00, 0x00, 0x0D,
    0x00, 0x00, 0x00, 0x00, 0x00, 0x00, 0x00, 0x00, 0x00, 0x00, 0x25, 0x38, 0x00, 0x00, 0x00, 0x0A,
    0x00, 0x00, 0x00, 0x08, 0x00, 0x00, 0x00, 0x08, 0x00, 0x00, 0x00, 0x0D, 0x00, 0x00, 0x00, 0x00,
    0x00, 0x00, 0x00, 0x00, 0x00, 0x00, 0x25, 0x39, 0x00, 0x00, 0x00, 0x0A, 0x00, 0x00, 0x00, 0x08,
    0x00, 0x00, 0x00, 0x08, 0x00, 0x00, 0x00, 0x0D, 0x00, 0x00, 0x00, 0x00, 0x00, 0x00, 0x00, 0x00,
    0x00, 0x00, 0x25, 0x3A, 0x00, 0x00, 0x00, 0x0A, 0x00, 0x00, 0x00, 0x08, 0x00, 0x00, 0x00, 0x08,
    0x00, 0x00, 0x00, 0x0D, 0x00, 0x00, 0x00, 0x00, 0x00, 0x00, 0x00, 0x00, 0x00, 0x00, 0x25, 0x3B,
    0x00, 0x00, 0x00, 0x0A, 0x00, 0x00, 0x00, 0x08, 0x00, 0x00, 0x00, 0x08, 0x00, 0x00, 0x00, 0x0D,
    0x00, 0x00, 0x00, 0x00, 0x00, 0x00, 0x00, 0x00, 0x00, 0x00, 0x25, 0x3C, 0x00, 0x00, 0x00, 0x11,
    0x00, 0x00, 0x00, 0x08, 0x00, 0x00, 0x00, 0x08, 0x00, 0x00, 0x00, 0x0D, 0x00, 0x00, 0x00, 0x00,
    0x00, 0x00, 0x00, 0x00, 0x00, 0x00, 0x25, 0x3D, 0x00, 0x00, 0x00, 0x11, 0x00, 0x00, 0x00, 0x08,
    0x00, 0x00, 0x00, 0x08, 0x00, 0x00, 0x00, 0x0D, 0x00, 0x00, 0x00, 0x00, 0x00, 0x00, 0x00, 0x00,
    0x00, 0x00, 0x25, 0x3E, 0x00, 0x00, 0x00, 0x11, 0x00, 0x00, 0x00, 0x08, 0x00, 0x00, 0x00, 0x08,
    0x00, 0x00, 0x00, 0x0D, 0x00, 0x00, 0x00, 0x00, 0x00, 0x00, 0x00, 0x00, 0x00, 0x00, 0x25, 0x3F,
    0x00, 0x00, 0x00, 0x11, 0x00, 0x00, 0x00, 0x08, 0x00, 0x00, 0x00, 0x08, 0x00, 0x00, 0x00, 0x0D,
    0x00, 0x00, 0x00, 0x00, 0x00, 0x00, 0x00, 0x00, 0x00, 0x00, 0x25, 0x40, 0x00, 0x00, 0x00, 0x11,
    0x00, 0x00, 0x00, 0x08, 0x00, 0x00, 0x00, 0x08, 0x00, 0x00, 0x00, 0x0D, 0x00, 0x00, 0x00, 0x00,
    0x00, 0x00, 0x00, 0x00, 0x00, 0x00, 0x25, 0x41, 0x00, 0x00, 0x00, 0x11, 0x00, 0x00, 0x00, 0x08,
    0x00, 0x00, 0x00, 0x08, 0x00, 0x00, 0x00, 0x0D, 0x00, 0x00, 0x00, 0x00, 0x00, 0x00, 0x00, 0x00,
    0x00, 0x00, 0x25, 0x42, 0x00, 0x00, 0x00, 0x11, 0x00, 0x00, 0x00, 0x08, 0x00, 0x00, 0x00, 0x08,
    0x00, 0x00, 0x00, 0x0D, 0x00, 0x00, 0x00, 0x00, 0x00, 0x00, 0x00, 0x00, 0x00, 0x00, 0x25, 0x43,
    0x00, 0x00, 0x00, 0x11, 0x00, 0x00, 0x00, 0x08, 0x00, 0x00, 0x00, 0x08, 0x00, 0x00, 0x00, 0x0D,
    0x00, 0x00, 0x00, 0x00, 0x00, 0x00, 0x00, 0x00, 0x00, 0x00, 0x25, 0x44, 0x00, 0x00, 0x00, 0x11,
    0x00, 0x00, 0x00, 0x08, 0x00, 0x00, 0x00, 0x08, 0x00, 0x00, 0x00, 0x0D, 0x00, 0x00, 0x00, 0x00,
    0x00, 0x00, 0x00, 0x00, 0x00, 0x00, 0x25, 0x45, 0x00, 0x00, 0x00, 0x11, 0x00, 0x00, 0x00, 0x08,
    0x00, 0x00, 0x00, 0x08, 0x00, 0x00, 0x00, 0x0D, 0x00, 0x00, 0x00, 0x00, 0x00, 0x00, 0x00, 0x00,
    0x00, 0x00, 0x25, 0x46, 0x00, 0x00, 0x00, 0x11, 0x00, 0x00, 0x00, 0x08, 0x00, 0x00, 0x00, 0x08,
    0x00, 0x00, 0x00, 0x0D, 0x00, 0x00, 0x00, 0x00, 0x00, 0x00, 0x00, 0x00, 0x00, 0x00, 0x25, 0x47,
    0x00, 0x00, 0x00, 0x11, 0x00, 0x00, 0x00, 0x08, 0x00, 0x00, 0x00, 0x08, 0x00, 0x00, 0x00, 0x0D,
    0x00, 0x00, 0x00, 0x00, 0x00, 0x00, 0x00, 0x00, 0x00, 0x00, 0x25, 0x48, 0x00, 0x00, 0x00, 0x11,
    0x00, 0x00, 0x00, 0x08, 0x00, 0x00, 0x00, 0x08, 0x00, 0x00, 0x00, 0x0D, 0x00, 0x00, 0x00, 0x00,
    0x00, 0x00, 0x00, 0x00, 0x00, 0x00, 0x25, 0x49, 0x00, 0x00, 0x00, 0x11, 0x00, 0x00, 0x00, 0x08,
    0x00, 0x00, 0x00, 0x08, 0x00, 0x00, 0x00, 0x0D, 0x00, 0x00, 0x00, 0x00, 0x00, 0x00, 0x00, 0x00,
    0x00, 0x00, 0x25, 0x4A, 0x00, 0x00, 0x00, 0x11, 0x00, 0x00, 0x00, 0x08, 0x00, 0x00, 0x00, 0x08,
    0x00, 0x00, 0x00, 0x0D, 0x00, 0x00, 0x00, 0x00, 0x00, 0x00, 0x00, 0x00, 0x00, 0x00, 0x25, 0x4B,
    0x00, 0x00, 0x00, 0x11, 0x00, 0x00, 0x00, 0x08, 0x00, 0x00, 0x00, 0x08, 0x00, 0x00, 0x00, 0x0D,
    0x00, 0x00, 0x00, 0x00, 0x00, 0x00, 0x00, 0x00, 0x00, 0x00, 0x25, 0x4C, 0x00, 0x00, 0x00, 0x03,
    0x00, 0x00, 0x00, 0x08, 0x00, 0x00, 0x00, 0x08, 0x00, 0x00, 0x00, 0x06, 0x00, 0x00, 0x00, 0x00,
    0x00, 0x00, 0x00, 0x00, 0x00, 0x00, 0x25, 0x4D, 0x00, 0x00, 0x00, 0x03, 0x00, 0x00, 0x00, 0x08,
    0x00, 0x00, 0x00, 0x08, 0x00, 0x00, 0x00, 0x06, 0x00, 0x00, 0x00, 0x00, 0x00, 0x00, 0x00, 0x00,
    0x00, 0x00, 0x25, 0x4E, 0x00, 0x00, 0x00, 0x0E, 0x00, 0x00, 0x00, 0x02, 0x00, 0x00, 0x00, 0x08,
    0x00, 0x00, 0x00, 0x0B, 0x00, 0x00, 0x00, 0x03, 0x00, 0x00, 0x00, 0x00, 0x00, 0x00, 0x25, 0x4F,
    0x00, 0x00, 0x00, 0x0E, 0x00, 0x00, 0x00, 0x03, 0x00, 0x00, 0x00, 0x08, 0x00, 0x00, 0x00, 0x0B,
    0x00, 0x00, 0x00, 0x02, 0x00, 0x00, 0x00, 0x00, 0x00, 0x00, 0x25, 0x50, 0x00, 0x00, 0x00, 0x05,
    0x00, 0x00, 0x00, 0x08, 0x00, 0x00, 0x00, 0x08, 0x00, 0x00, 0x00, 0x07, 0x00, 0x00, 0x00, 0x00,
    0x00, 0x00, 0x00, 0x00, 0x00, 0x00, 0x25, 0x51, 0x00, 0x00, 0x00, 0x11, 0x00, 0x00, 0x00, 0x04,
    0x00, 0x00, 0x00, 0x08, 0x00, 0x00, 0x00, 0x0D, 0x00, 0x00, 0x00, 0x02, 0x00, 0x00, 0x00, 0x00,
    0x00, 0x00, 0x25, 0x52, 0x00, 0x00, 0x00, 0x0B, 0x00, 0x00, 0x00, 0x05, 0x00, 0x00, 0x00, 0x08,
    0x00, 0x00, 0x00, 0x07, 0x00, 0x00, 0x00, 0x03, 0x00, 0x00, 0x00, 0x00, 0x00, 0x00, 0x25, 0x53,
    0x00, 0x00, 0x00, 0x0A, 0x00, 0x00, 0x00, 0x06, 0x00, 0x00, 0x00, 0x08, 0x00, 0x00, 0x00, 0x06,
    0x00, 0x00, 0x00, 0x02, 0x00, 0x00, 0x00, 0x00, 0x00, 0x00, 0x25, 0x54, 0x00, 0x00, 0x00, 0x0B,
    0x00, 0x00, 0x00, 0x06, 0x00, 0x00, 0x00, 0x08, 0x00, 0x00, 0x00, 0x07, 0x00, 0x00, 0x00, 0x02,
    0x00, 0x00, 0x00, 0x00, 0x00, 0x00, 0x25, 0x55, 0x00, 0x00, 0x00, 0x0B, 0x00, 0x00, 0x00, 0x07,
    0x00, 0x00, 0x00, 0x08, 0x00, 0x00, 0x00, 0x07, 0x00, 0x00, 0x00, 0x00, 0x00, 0x00, 0x00, 0x00,
    0x00, 0x00, 0x25, 0x56, 0x00, 0x00, 0x00, 0x0A, 0x00, 0x00, 0x00, 0x08, 0x00, 0x00, 0x00, 0x08,
    0x00, 0x00, 0x00, 0x06, 0x00, 0x00, 0x00, 0x00, 0x00, 0x00, 0x00, 0x00, 0x00, 0x00, 0x25, 0x57,
    0x00, 0x00, 0x00, 0x0B, 0x00, 0x00, 0x00, 0x08, 0x00, 0x00, 0x00, 0x08, 0x00, 0x00, 0x00, 0x07,
    0x00, 0x00, 0x00, 0x00, 0x00, 0x00, 0x00, 0x00, 0x00, 0x00, 0x25, 0x58, 0x00, 0x00, 0x00, 0x0B,
    0x00, 0x00, 0x00, 0x05, 0x00, 0x00, 0x00, 0x08, 0x00, 0x00, 0x00, 0x0D, 0x00, 0x00, 0x00, 0x03,
    0x00, 0x00, 0x00, 0x00, 0x00, 0x00, 0x25, 0x59, 0x00, 0x00, 0x00, 0x0A, 0x00, 0x00, 0x00, 0x06,
    0x00, 0x00, 0x00, 0x08, 0x00, 0x00, 0x00, 0x0D, 0x00, 0x00, 0x00, 0x02, 0x00, 0x00, 0x00, 0x00,
    0x00, 0x00, 0x25, 0x5A, 0x00, 0x00, 0x00, 0x0B, 0x00, 0x00, 0x00, 0x06, 0x00, 0x00, 0x00, 0x08,
    0x00, 0x00, 0x00, 0x0D, 0x00, 0x00, 0x00, 0x02, 0x00, 0x00, 0x00, 0x00, 0x00, 0x00, 0x25, 0x5B,
    0x00, 0x00, 0x00, 0x0B, 0x00, 0x00, 0x00, 0x07, 0x00, 0x00, 0x00, 0x08, 0x00, 0x00, 0x00, 0x0D,
    0x00, 0x00, 0x00, 0x00, 0x00, 0x00, 0x00, 0x00, 0x00, 0x00, 0x25, 0x5C, 0x00, 0x00, 0x00, 0x0A,
    0x00, 0x00, 0x00, 0x08, 0x00, 0x00, 0x00, 0x08, 0x00, 0x00, 0x00, 0x0D, 0x00, 0x00, 0x00, 0x00,
    0x00, 0x00, 0x00, 0x00, 0x00, 0x00, 0x25, 0x5D, 0x00, 0x00, 0x00, 0x0B, 0x00, 0x00, 0x00, 0x08,
    0x00, 0x00, 0x00, 0x08, 0x00, 0x00, 0x00, 0x0D, 0x00, 0x00, 0x00, 0x00, 0x00, 0x00, 0x00, 0x00,
    0x00, 0x00, 0x25, 0x5E, 0x00, 0x00, 0x00, 0x11, 0x00, 0x00, 0x00, 0x05, 0x00, 0x00, 0x00, 0x08,
    0x00, 0x00, 0x00, 0x0D, 0x00, 0x00, 0x00, 0x03, 0x00, 0x00, 0x00, 0x00, 0x00, 0x00, 0x25, 0x5F,
    0x00, 0x00, 0x00, 0x11, 0x00, 0x00, 0x00, 0x06, 0x00, 0x00, 0x00, 0x08, 0x00, 0x00, 0x00, 0x0D,
    0x00, 0x00, 0x00, 0x02, 0x00, 0x00, 0x00, 0x00, 0x00, 0x00, 0x25, 0x60, 0x00, 0x00, 0x00, 0x11,
    0x00, 0x00, 0x00, 0x06, 0x00, 0x00, 0x00, 0x08, 0x00, 0x00, 0x00, 0x0D, 0x00, 0x00, 0x00, 0x02,
    0x00, 0x00, 0x00, 0x00, 0x00, 0x00, 0x25, 0x61, 0x00, 0x00, 0x00, 0x11, 0x00, 0x00, 0x00, 0x07,
    0x00, 0x00, 0x00, 0x08, 0x00, 0x00, 0x00, 0x0D, 0x00, 0x00, 0x00, 0x00, 0x00, 0x00, 0x00, 0x00,
    0x00, 0x00, 0x25, 0x62, 0x00, 0x00, 0x00, 0x11, 0x00, 0x00, 0x00, 0x08, 0x00, 0x00, 0x00, 0x08,
    0x00, 0x00, 0x00, 0x0D, 0x00, 0x00, 0x00, 0x00, 0x00, 0x00, 0x00, 0x00, 0x00, 0x00, 0x25, 0x63,
    0x00, 0x00, 0x00, 0x11, 0x00, 0x00, 0x00, 0x08, 0x00, 0x00, 0x00, 0x08, 0x00, 0x00, 0x00, 0x0D,
    0x00, 0x00, 0x00, 0x00, 0x00, 0x00, 0x00, 0x00, 0x00, 0x00, 0x25, 0x64, 0x00, 0x00, 0x00, 0x0B,
    0x00, 0x00, 0x00, 0x08, 0x00, 0x00, 0x00, 0x08, 0x00, 0x00, 0x00, 0x07, 0x00, 0x00, 0x00, 0x00,
    0x00, 0x00, 0x00, 0x00, 0x00, 0x00, 0x25, 0x65, 0x00, 0x00, 0x00, 0x0A, 0x00, 0x00, 0x00, 0x08,
    0x00, 0x00, 0x00, 0x08, 0x00, 0x00, 0x00, 0x06, 0x00, 0x00, 0x00, 0x00, 0x00, 0x00, 0x00, 0x00,
    0x00, 0x00, 0x25, 0x66, 0x00, 0x00, 0x00, 0x0B, 0x00, 0x00, 0x00, 0x08, 0x00, 0x00, 0x00, 0x08,
    0x00, 0x00, 0x00, 0x07, 0x00, 0x00, 0x00, 0x00, 0x00, 0x00, 0x00, 0x00, 0x00, 0x00, 0x25, 0x67,
    0x00, 0x00, 0x00, 0x0B, 0x00, 0x00, 0x00, 0x08, 0x00, 0x00, 0x00, 0x08, 0x00, 0x00, 0x00, 0x0D,
    0x00, 0x00, 0x00, 0x00, 0x00, 0x00, 0x00, 0x00, 0x00, 0x00, 0x25, 0x68, 0x00, 0x00, 0x00, 0x0A,
    0x00, 0x00, 0x00, 0x08, 0x00, 0x00, 0x00, 0x08, 0x00, 0x00, 0x00, 0x0D, 0x00, 0x00, 0x00, 0x00,
    0x00, 0x00, 0x00, 0x00, 0x00, 0x00, 0x25, 0x69, 0x00, 0x00, 0x00, 0x0B, 0x00, 0x00, 0x00, 0x08,
    0x00, 0x00, 0x00, 0x08, 0x00, 0x00, 0x00, 0x0D, 0x00, 0x00, 0x00, 0x00, 0x00, 0x00, 0x00, 0x00,
    0x00, 0x00, 0x25, 0x6A, 0x00, 0x00, 0x00, 0x11, 0x00, 0x00, 0x00, 0x08, 0x00, 0x00, 0x00, 0x08,
    0x00, 0x00, 0x00, 0x0D, 0x00, 0x00, 0x00, 0x00, 0x00, 0x00, 0x00, 0x00, 0x00, 0x00, 0x25, 0x6B,
    0x00, 0x00, 0x00, 0x11, 0x00, 0x00, 0x00, 0x08, 0x00, 0x00, 0x00, 0x08, 0x00, 0x00, 0x00, 0x0D,
    0x00, 0x00, 0x00, 0x00, 0x00, 0x00, 0x00, 0x00, 0x00, 0x00, 0x25, 0x6C, 0x00, 0x00, 0x00, 0x11,
    0x00, 0x00, 0x00, 0x08, 0x00, 0x00, 0x00, 0x08, 0x00, 0x00, 0x00, 0x0D, 0x00, 0x00, 0x00, 0x00,
    0x00, 0x00, 0x00, 0x00, 0x00, 0x00, 0x25, 0x6D, 0x00, 0x00, 0x00, 0x0A, 0x00, 0x00, 0x00, 0x05,
    0x00, 0x00, 0x00, 0x08, 0x00, 0x00, 0x00, 0x06, 0x00, 0x00, 0x00, 0x03, 0x00, 0x00, 0x00, 0x00,
    0x00, 0x00, 0x25, 0x6E, 0x00, 0x00, 0x00, 0x0A, 0x00, 0x00, 0x00, 0x07, 0x00, 0x00, 0x00, 0x08,
    0x00, 0x00, 0x00, 0x06, 0x00, 0x00, 0x00, 0x00, 0x00, 0x00, 0x00, 0x00, 0x00, 0x00, 0x25, 0x6F,
    0x00, 0x00, 0x00, 0x0A, 0x00, 0x00, 0x00, 0x07, 0x00, 0x00, 0x00, 0x08, 0x00, 0x00, 0x00, 0x0D,
    0x00, 0x00, 0x00, 0x00, 0x00, 0x00, 0x00, 0x00, 0x00, 0x00, 0x25, 0x70, 0x00, 0x00, 0x00, 0x0A,
    0x00, 0x00, 0x00, 0x05, 0x00, 0x00, 0x00, 0x08, 0x00, 0x00, 0x00, 0x0D, 0x00, 0x00, 0x00, 0x03,
    0x00, 0x00, 0x00, 0x00, 0x00, 0x00, 0x25, 0x71, 0x00, 0x00, 0x00, 0x11, 0x00, 0x00, 0x00, 0x08,
    0x00, 0x00, 0x00, 0x08, 0x00, 0x00, 0x00, 0x0D, 0x00, 0x00, 0x00, 0x00, 0x00, 0x00, 0x00, 0x00,
    0x00, 0x00, 0x25, 0x72, 0x00, 0x00, 0x00, 0x11, 0x00, 0x00, 0x00, 0x08, 0x00, 0x00, 0x00, 0x08,
    0x00, 0x00, 0x00, 0x0D, 0x00, 0x00, 0x00, 0x00, 0x00, 0x00, 0x00, 0x00, 0x00, 0x00, 0x25, 0x73,
    0x00, 0x00, 0x00, 0x11, 0x00, 0x00, 0x00, 0x08, 0x00, 0x00, 0x00, 0x08, 0x00, 0x00, 0x00, 0x0D,
    0x00, 0x00, 0x00, 0x00, 0x00, 0x00, 0x00, 0x00, 0x00, 0x00, 0x25, 0x74, 0x00, 0x00, 0x00, 0x03,
    0x00, 0x00, 0x00, 0x06, 0x00, 0x00, 0x00, 0x08, 0x00, 0x00, 0x00, 0x06, 0x00, 0x00, 0x00, 0x00,
    0x00, 0x00, 0x00, 0x00, 0x00, 0x00, 0x25, 0x75, 0x00, 0x00, 0x00, 0x09, 0x00, 0x00, 0x00, 0x02,
    0x00, 0x00, 0x00, 0x08, 0x00, 0x00, 0x00, 0x0D, 0x00, 0x00, 0x00, 0x03, 0x00, 0x00, 0x00, 0x00,
    0x00, 0x00, 0x25, 0x76, 0x00, 0x00, 0x00, 0x03, 0x00, 0x00, 0x00, 0x05, 0x00, 0x00, 0x00, 0x08,
    0x00, 0x00, 0x00, 0x06, 0x00, 0x00, 0x00, 0x03, 0x00, 0x00, 0x00, 0x00, 0x00, 0x00, 0x25, 0x77,
    0x00, 0x00, 0x00, 0x09, 0x00, 0x00, 0x00, 0x02, 0x00, 0x00, 0x00, 0x08, 0x00, 0x00, 0x00, 0x05,
    0x00, 0x00, 0x00, 0x03, 0x00, 0x00, 0x00, 0x00, 0x00, 0x00, 0x25, 0x78, 0x00, 0x00, 0x00, 0x03,
    0x00, 0x00, 0x00, 0x06, 0x00, 0x00, 0x00, 0x08, 0x00, 0x00, 0x00, 0x06, 0x00, 0x00, 0x00, 0x00,
    0x00, 0x00, 0x00, 0x00, 0x00, 0x00, 0x25, 0x79, 0x00, 0x00, 0x00, 0x09, 0x00, 0x00, 0x00, 0x03,
    0x00, 0x00, 0x00, 0x08, 0x00, 0x00, 0x00, 0x0D, 0x00, 0x00, 0x00, 0x02, 0x00, 0x00, 0x00, 0x00,
    0x00, 0x00, 0x25, 0x7A, 0x00, 0x00, 0x00, 0x03, 0x00, 0x00, 0x00, 0x05, 0x00, 0x00, 0x00, 0x08,
    0x00, 0x00, 0x00, 0x06, 0x00, 0x00, 0x00, 0x03, 0x00, 0x00, 0x00, 0x00, 0x00, 0x00, 0x25, 0x7B,
    0x00, 0x00, 0x00, 0x09, 0x00, 0x00, 0x00, 0x03, 0x00, 0x00, 0x00, 0x08, 0x00, 0x00, 0x00, 0x05,
    0x00, 0x00, 0x00, 0x02, 0x00, 0x00, 0x00, 0x00, 0x00, 0x00, 0x25, 0x7C, 0x00, 0x00, 0x00, 0x03,
    0x00, 0x00, 0x00, 0x08, 0x00, 0x00, 0x00, 0x08, 0x00, 0x00, 0x00, 0x06, 0x00, 0x00, 0x00, 0x00,
    0x00, 0x00, 0x00, 0x00, 0x00, 0x00, 0x25, 0x7D, 0x00, 0x00, 0x00, 0x11, 0x00, 0x00, 0x00, 0x03,
    0x00, 0x00, 0x00, 0x08, 0x00, 0x00, 0x00, 0x0D, 0x00, 0x00, 0x00, 0x02, 0x00, 0x00, 0x00, 0x00,
    0x00, 0x00, 0x25, 0x7E, 0x00, 0x00, 0x00, 0x03, 0x00, 0x00, 0x00, 0x08, 0x00, 0x00, 0x00, 0x08,
    0x00, 0x00, 0x00, 0x06, 0x00, 0x00, 0x00, 0x00, 0x00, 0x00, 0x00, 0x00, 0x00, 0x00, 0x25, 0x7F,
    0x00, 0x00, 0x00, 0x11, 0x00, 0x00, 0x00, 0x03, 0x00, 0x00, 0x00, 0x08, 0x00, 0x00, 0x00, 0x0D,
    0x00, 0x00, 0x00, 0x02, 0x00, 0x00, 0x00, 0x00, 0x00, 0x00, 0x25, 0xA0, 0x00, 0x00, 0x00, 0x09,
    0x00, 0x00, 0x00, 0x08, 0x00, 0x00, 0x00, 0x08, 0x00, 0x00, 0x00, 0x08, 0x00, 0x00, 0x00, 0x00,
    0x00, 0x00, 0x00, 0x00, 0x00, 0x00, 0x25, 0xA1, 0x00, 0x00, 0x00, 0x09, 0x00, 0x00, 0x00, 0x08,
    0x00, 0x00, 0x00, 0x08, 0x00, 0x00, 0x00, 0x08, 0x00, 0x00, 0x00, 0x00, 0x00, 0x00, 0x00, 0x00,
    0x00, 0x00, 0x25, 0xB2, 0x00, 0x00, 0x00, 0x09, 0x00, 0x00, 0x00, 0x08, 0x00, 0x00, 0x00, 0x08,
    0x00, 0x00, 0x00, 0x08, 0x00, 0x00, 0x00, 0x00, 0x00, 0x00, 0x00, 0x00, 0x00, 0x00, 0x25, 0xB6,
    0x00, 0x00, 0x00, 0x09, 0x00, 0x00, 0x00, 0x08, 0x00, 0x00, 0x00, 0x08, 0x00, 0x00, 0x00, 0x08,
    0x00, 0x00, 0x00, 0x00, 0x00, 0x00, 0x00, 0x00, 0x00, 0x00, 0x25, 0xBC, 0x00, 0x00, 0x00, 0x09,
    0x00, 0x00, 0x00, 0x08, 0x00, 0x00, 0x00, 0x08, 0x00, 0x00, 0x00, 0x08, 0x00, 0x00, 0x00, 0x00,
    0x00, 0x00, 0x00, 0x00, 0x00, 0x00, 0x25, 0xC0, 0x00, 0x00, 0x00, 0x09, 0x00, 0x00, 0x00, 0x08,
    0x00, 0x00, 0x00, 0x08, 0x00, 0x00, 0x00, 0x08, 0x00, 0x00, 0x00, 0x00, 0x00, 0x00, 0x00, 0x00,
    0x00, 0x00, 0x25, 0xC6, 0x00, 0x00, 0x00, 0x09, 0x00, 0x00, 0x00, 0x08, 0x00, 0x00, 0x00, 0x08,
    0x00, 0x00, 0x00, 0x08, 0x00, 0x00, 0x00, 0x00, 0x00, 0x00, 0x00, 0x00, 0x00, 0x00, 0x25, 0xC7,
    0x00, 0x00, 0x00, 0x09, 0x00, 0x00, 0x00, 0x08, 0x00, 0x00, 0x00, 0x08, 0x00, 0x00, 0x00, 0x08,
    0x00, 0x00, 0x00, 0x00, 0x00, 0x00, 0x00, 0x00, 0x00, 0x00, 0x25, 0xCB, 0x00, 0x00, 0x00, 0x09,
    0x00, 0x00, 0x00, 0x08, 0x00, 0x00, 0x00, 0x08, 0x00, 0x00, 0x00, 0x08, 0x00, 0x00, 0x00, 0x00,
    0x00, 0x00, 0x00, 0x00, 0x00, 0x00, 0x25, 0xCF, 0x00, 0x00, 0x00, 0x09, 0x00, 0x00, 0x00, 0x08,
    0x00, 0x00, 0x00, 0x08, 0x00, 0x00, 0x00, 0x08, 0x00, 0x00, 0x00, 0x00, 0x00, 0x00, 0x00, 0x00,
    0x00, 0x00, 0x26, 0x10, 0x00, 0x00, 0x00, 0x07, 0x00, 0x00, 0x00, 0x07, 0x00, 0x00, 0x00, 0x08,
    0x00, 0x00, 0x00, 0x07, 0x00, 0x00, 0x00, 0x00, 0x00, 0x00, 0x00, 0x00, 0x00, 0x00, 0x26, 0x11,
    0x00, 0x00, 0x00, 0x08, 0x00, 0x00, 0x00, 0x08, 0x00, 0x00, 0x00, 0x08, 0x00, 0x00, 0x00, 0x07,
    0x00, 0x00, 0x00, 0x00, 0x00, 0x00, 0x00, 0x00, 0x00, 0x00, 0x26, 0x99, 0x00, 0x00, 0x00, 0x08,
    0x00, 0x00, 0x00, 0x08, 0x00, 0x00, 0x00, 0x08, 0x00, 0x00, 0x00, 0x08, 0x00, 0x00, 0x00, 0x00,
    0x00, 0x00, 0x00, 0x00, 0x00, 0x00, 0x27, 0x13, 0x00, 0x00, 0x00, 0x07, 0x00, 0x00, 0x00, 0x07,
    0x00, 0x00, 0x00, 0x08, 0x00, 0x00, 0x00, 0x08, 0x00, 0x00, 0x00, 0x00, 0x00, 0x00, 0x00, 0x00,
    0x00, 0x00, 0x27, 0x17, 0x00, 0x00, 0x00, 0x09, 0x00, 0x00, 0x00, 0x07, 0x00, 0x00, 0x00, 0x08,
    0x00, 0x00, 0x00, 0x08, 0x00, 0x00, 0x00, 0x00, 0x00, 0x00, 0x00, 0x00, 0x00, 0x00, 0x27, 0x18,
    0x00, 0x00, 0x00, 0x0A, 0x00, 0x00, 0x00, 0x08, 0x00, 0x00, 0x00, 0x08, 0x00, 0x00, 0x00, 0x09,
    0x00, 0x00, 0x00, 0x00, 0x00, 0x00, 0x00, 0x00, 0x00, 0x00, 0x2B, 0x07, 0x00, 0x00, 0x00, 0x07,
    0x00, 0x00, 0x00, 0x05, 0x00, 0x00, 0x00, 0x08, 0x00, 0x00, 0x00, 0x08, 0x00, 0x00, 0x00, 0x01,
    0x00, 0x00, 0x00, 0x00, 0x00, 0x00, 0xBA, 0xFF, 0x57, 0x00, 0x00, 0xEE, 0xFF, 0x19, 0x00, 0x00,
    0xFF, 0xFF, 0x00, 0x00, 0x00, 0xFF, 0xCF, 0x00, 0x00, 0x00, 0xFF, 0x8A, 0x00, 0x00, 0x06, 0xFF,
    0x1E, 0x00, 0x00, 0x0F, 0x84, 0x00, 0x00, 0x00, 0xFD, 0xFF, 0x28, 0x00, 0x03, 0xFF, 0xFB, 0x0A,
    0x00, 0xAA, 0xFF, 0x24, 0x6C, 0xFF, 0x84, 0xAA, 0xFF, 0x24, 0x6C, 0xFF, 0x84, 0xAA, 0xFF, 0x24,
    0x6C, 0xFF, 0x84, 0x4C, 0x90, 0x0D, 0x28, 0x90, 0x31, 0x00, 0x00, 0x06, 0x80, 0xA0, 0x9E, 0xE0,
    0x09, 0x00, 0x00, 0x15, 0xC7, 0x65, 0xCC, 0xBD, 0x00, 0x00, 0x55, 0xFF, 0xFF, 0xFF, 0xFF, 0xFF,
    0xFF, 0x00, 0x2B, 0x92, 0xE4, 0xAF, 0xF4, 0x85, 0x58, 0x00, 0x12, 0x86, 0xBD, 0x93, 0xF7, 0x16,
    0x04, 0x12, 0xE3, 0xFF, 0xFF, 0xFF, 0xFF, 0xE4, 0x27, 0x0E, 0x57, 0xFB, 0xBA, 0xD0, 0xBD, 0x4F,
    0x00, 0x00, 0x0B, 0xF2, 0x8A, 0xCC, 0x42, 0x00, 0x00, 0x00, 0x4F, 0xE7, 0x69, 0xDF, 0x20, 0x00,
    0x00, 0x00, 0x00, 0x00, 0x00, 0xFF, 0xA6, 0x00, 0x00, 0x00, 0x2D, 0xB2, 0xFF, 0xD9, 0x75, 0x00,
    0x49, 0xFF, 0xFF, 0xFF, 0xFF, 0xFA, 0x00, 0xCD, 0xFF, 0x58, 0xBE, 0x00, 0x24, 0x00, 0xC1, 0xFF,
    0xFF, 0xAB, 0x06, 0x00, 0x00, 0x1E, 0xCE, 0xFF, 0xFF, 0xFF, 0x27, 0x00, 0x00, 0x00, 0xF6, 0xAB,
    0xFF, 0xB5, 0x81, 0x79, 0x27, 0xF3, 0x99, 0xFF, 0x8A, 0xCB, 0xFF, 0xFF, 0xFF, 0xFF, 0xD0, 0x04,
    0x04, 0x57, 0xFF, 0xF6, 0x48, 0x00, 0x00, 0x00, 0x00, 0xFF, 0xB4, 0x00, 0x00, 0x00, 0x00, 0x03,
    0x4E, 0x1B, 0x00, 0x00, 0x00, 0x43, 0xEE, 0xFF, 0xBE, 0x00, 0x00, 0x00, 0x00, 0xFB, 0xAE, 0x40,
    0xFF, 0x6A, 0x00, 0x00, 0x00, 0xFF, 0x6A, 0x07, 0xFF, 0x85, 0x00, 0x01, 0x45, 0x70, 0xFF, 0xFF,
    0xDD, 0x39, 0xBE, 0xFF, 0xB1, 0x00, 0x13, 0x9D, 0xEC, 0xED, 0x91, 0x12, 0x00, 0xB0, 0xFF, 0xBB,
    0x36, 0xC9, 0xFF, 0xFF, 0x48, 0x42, 0x00, 0x00, 0x8B, 0xFF, 0x19, 0xA6, 0xF6, 0x00, 0x00, 0x00,
    0x96, 0xFC, 0x19, 0xA5, 0xF3, 0x00, 0x00, 0x00, 0x0A, 0xD0, 0xFF, 0xFF, 0x4B, 0x00, 0x00, 0x08,
    0x7E, 0xF5, 0xFF, 0xA0, 0x00, 0x00, 0x00, 0x20, 0xFF, 0xC7, 0xAE, 0x7A, 0x00, 0x00, 0x00, 0x36,
    0xFF, 0x60, 0x00, 0x00, 0x00, 0x00, 0x00, 0x3E, 0xFF, 0x99, 0x0B, 0x00, 0x00, 0x00, 0x40, 0xFA,
    0xE8, 0xF8, 0x1E, 0xBC, 0xAE, 0x03, 0xE0, 0xD3, 0x53, 0xF3, 0xA1, 0xF4, 0xA8, 0x24, 0xE6, 0xBE,
    0x1E, 0xBE, 0xFF, 0xE2, 0x13, 0x0E, 0xE2, 0xF6, 0xB3, 0xDF, 0xFF, 0x72, 0x00, 0x00, 0x67, 0xFF,
    0xFF, 0xDD, 0xF8, 0xC3, 0x00, 0xFF, 0xE6, 0xFF, 0xE6, 0xFF, 0xE6, 0x82, 0x67, 0x00, 0x00, 0x00,
    0x8B, 0xFF, 0x3C, 0x00, 0x00, 0x4E, 0xFF, 0xA6, 0x00, 0x00, 0x03, 0xFF, 0xFF, 0x04, 0x00, 0x00,
    0x91, 0xFF, 0x8A, 0x00, 0x00, 0x00, 0xF3, 0xFF, 0x0F, 0x00, 0x00, 0x15, 0xFF, 0xE3, 0x00, 0x00,
    0x00, 0x43, 0xFF, 0xB9, 0x00, 0x00, 0x00, 0x42, 0xFF, 0xA8, 0x00, 0x00, 0x00, 0x10, 0xFF, 0xC8,
    0x00, 0x00, 0x00, 0x00, 0xFF, 0xFA, 0x00, 0x00, 0x00, 0x00, 0xA5, 0xFF, 0x1B, 0x00, 0x00, 0x00,
    0x00, 0x19, 0xFF, 0xA6, 0x00, 0x00, 0x00, 0x00, 0xFA, 0xFF, 0x00, 0x00, 0x00, 0x00, 0xC5, 0xFF,
    0x16, 0x00, 0x00, 0x00, 0xA8, 0xFF, 0x46, 0x00, 0x00, 0x00, 0xBA, 0xFF, 0x48, 0x00, 0x00, 0x00,
    0xE4, 0xFF, 0x19, 0x00, 0x00, 0x0D, 0xFF, 0xF7, 0x00, 0x00, 0x00, 0x87, 0xFF, 0x96, 0x00, 0x00,
    0x03, 0xFF, 0xFF, 0x04, 0x00, 0x00, 0xA2, 0xFF, 0x54, 0x00, 0x00, 0x39, 0xFF, 0x91, 0x00, 0x00,
    0x00, 0x00, 0x00, 0x00, 0xB2, 0x85, 0x00, 0x00, 0x00, 0x03, 0x13, 0x00, 0xC1, 0x99, 0x00, 0x18,
    0x00, 0x34, 0xFF, 0xE4, 0xFF, 0xEC, 0xF8, 0xFF, 0x06, 0x00, 0x09, 0xA5, 0xFF, 0xFF, 0x6C, 0x01,
    0x00, 0x00, 0x00, 0xD2, 0xCA, 0xFF, 0xAB, 0x00, 0x00, 0x00, 0x73, 0xFF, 0x0C, 0x30, 0xFF, 0x2B,
    0x00, 0x00, 0x07, 0x21, 0x00, 0x00, 0x28, 0x00, 0x00, 0x00, 0x00, 0x00, 0xBC, 0xB4, 0x00, 0x00,
    0x00, 0x00, 0x00, 0x00, 0xFF, 0xD7, 0x00, 0x00, 0x00, 0x1B, 0x30, 0x30, 0xFF, 0xE3, 0x30, 0x30,
    0x12, 0xB9, 0xFF, 0xFF, 0xFF, 0xFF, 0xFF, 0xFF, 0x96, 0x45, 0x78, 0x78, 0xFF, 0xF7, 0x78, 0x78,
    0x2E, 0x00, 0x00, 0x00, 0xFF, 0xD7, 0x00, 0x00, 0x00, 0x00, 0x00, 0x00, 0xFF, 0xD7, 0x00, 0x00,
    0x00, 0x00, 0x01, 0x00, 0x00, 0x1E, 0xFF, 0xFF, 0x03, 0x1B, 0xFF, 0xFF, 0x2E, 0x00, 0x30, 0xFF,
    0x0D, 0x45, 0xFF, 0xB4, 0x00, 0x5A, 0x76, 0x00, 0x00, 0x82, 0xFA, 0xFA, 0xFA, 0xFA, 0xAC, 0xC1,
    0xFF, 0xFF, 0xFF, 0xFF, 0x97, 0x00, 0x30, 0x1E, 0x00, 0x31, 0xFF, 0xFF, 0x00, 0x1E, 0xFF, 0xEB,
    0x00, 0x00, 0x00, 0x00, 0x00, 0x00, 0x8D, 0xFF, 0x25, 0x00, 0x00, 0x00, 0x00, 0x0A, 0xFF, 0xA3,
    0x00, 0x00, 0x00, 0x00, 0x00, 0xAB, 0xFF, 0x15, 0x00, 0x00, 0x00, 0x00, 0x16, 0xFF, 0xA3, 0x00,
    0x00, 0x00, 0x00, 0x00, 0xA8, 0xFF, 0x07, 0x00, 0x00, 0x00, 0x00, 0x28, 0xFF, 0x84, 0x00, 0x00,
    0x00, 0x00, 0x00, 0xC3, 0xFF, 0x01, 0x00, 0x00, 0x00, 0x00, 0x3D, 0xFF, 0x63, 0x00, 0x00, 0x00,
    0x00, 0x00, 0xDD, 0xE4, 0x00, 0x00, 0x00, 0x00, 0x00, 0x58, 0xFF, 0x46, 0x00, 0x00, 0x00, 0x00,
    0x00, 0x00, 0x00, 0x39, 0xDF, 0xFF, 0xFF, 0xB6, 0x03, 0x00, 0x22, 0xFF, 0xF6, 0x5D, 0x93, 0xFF,
    0x7C, 0x00, 0xB5, 0xFF, 0x31, 0xEC, 0x00, 0xFF, 0xA8, 0x06, 0xFF, 0xBF, 0x8E, 0xFF, 0x00, 0xFF,
    0xA8, 0x49, 0xFF, 0x79, 0xBE, 0xC8, 0x30, 0xFF, 0x94, 0x85, 0xFF, 0x39, 0xD5, 0x63, 0x9A, 0xFF,
    0x37, 0x7B, 0xFF, 0x2E, 0x25, 0x04, 0xFF, 0xF6, 0x00, 0x34, 0xFF, 0xB1, 0x52, 0xCD, 0xFF, 0x55,
    0x00, 0x00, 0xA3, 0xFF, 0xFF, 0xF5, 0x5E, 0x00, 0x00, 0x00, 0x00, 0x01, 0xAE, 0xFF, 0xFF, 0x00,
    0x00, 0x1E, 0xE3, 0xFF, 0xFF, 0xE7, 0x00, 0x00, 0x22, 0xDE, 0xB1, 0xFF, 0xA6, 0x00, 0x00, 0x00,
    0x00, 0xAA, 0xFF, 0x78, 0x00, 0x00, 0x00, 0x00, 0xE9, 0xFF, 0x2A, 0x00, 0x00, 0x00, 0x00, 0xFF,
    0xFF, 0x00, 0x00, 0x00, 0x00, 0x31, 0xFF, 0xE1, 0x00, 0x00, 0x67, 0xB9, 0xDD, 0xFF, 0xFF, 0xB9,
    0x5A, 0xC9, 0xFF, 0xFF, 0xFF, 0xFF, 0xFF, 0x61, 0x00, 0x00, 0x51, 0xEC, 0xFF, 0xFF, 0x6F, 0x00,
    0x00, 0x00, 0xAD, 0xCF, 0xAF, 0xF4, 0xE3, 0x21, 0x00, 0x00, 0x03, 0x00, 0x00, 0xCC, 0xE3, 0x1F,
    0x00, 0x00, 0x00, 0x00, 0x4A, 0xEE, 0x9F, 0x00, 0x00, 0x00, 0x00, 0x2D, 0xCD, 0xE6, 0x06, 0x00,
    0x00, 0x00, 0x16, 0xCB, 0xD8, 0x1D, 0x00, 0x00, 0x00, 0x08, 0xCD, 0xD4, 0x34, 0x00, 0x00, 0x00,
    0x00, 0xCA, 0xFC, 0xD6, 0xB9, 0xB9, 0x12, 0x00, 0x13, 0xE3, 0xFF, 0xFF, 0xFF, 0xFF, 0x01, 0x00,
    0x00, 0x00, 0x57, 0xFC, 0xFF, 0xFF, 0x66, 0x00, 0x00, 0x00, 0x8E, 0xC6, 0xB6, 0xF6, 0xE1, 0x0D,
    0x00, 0x00, 0x00, 0x02, 0x2A, 0xE7, 0xE0, 0x09, 0x00, 0x00, 0x14, 0xC6, 0xFF, 0xCB, 0x26, 0x00,
    0x00, 0x00, 0x13, 0xAB, 0xEA, 0xFF, 0x2B, 0x00, 0x00, 0x00, 0x00, 0x00, 0x4E, 0xEF, 0xA0, 0x00,
    0x00, 0x06, 0x00, 0x00, 0x69, 0xF4, 0x91, 0x00, 0x04, 0xE0, 0xD4, 0xBD, 0xEC, 0xFF, 0x20, 0x00,
    0x15, 0xCA, 0xFF, 0xFF, 0xE4, 0x4C, 0x00, 0x00, 0x00, 0x00, 0x00, 0x00, 0x76, 0xFF, 0xFF, 0x0A,
    0x00, 0x00, 0x00, 0x54, 0xFF, 0xFF, 0xFF, 0x00, 0x00, 0x00, 0x37, 0xFF, 0xD4, 0xFF, 0xBC, 0x00,
    0x00, 0x1F, 0xFF, 0xB7, 0x99, 0xFF, 0x93, 0x00, 0x0F, 0xFB, 0xD5, 0x03, 0xC0, 0xFF, 0x43, 0x00,
    0xAB, 0xFF, 0xB7, 0xAF, 0xFF, 0xFF, 0xAB, 0x00, 0xFA, 0xFF, 0xFF, 0xFF, 0xFF, 0xFF, 0xFF, 0x00,
    0x00, 0x00, 0x00, 0x52, 0xFF, 0xB6, 0x00, 0x00, 0x00, 0x00, 0x00, 0x9F, 0xFF, 0x90, 0x00, 0x00,
    0x00, 0x03, 0xFF, 0xFF, 0xFF, 0xFF, 0xFF, 0x4E, 0x00, 0x3F, 0xFF, 0xE2, 0xB9, 0xB9, 0xB7, 0x09,
    0x00, 0x91, 0xFF, 0x57, 0x13, 0x00, 0x00, 0x00, 0x00, 0xBE, 0xFF, 0xFF, 0xFF, 0xDE, 0x0D, 0x00,
    0x00, 0xA2, 0x9F, 0x91, 0xFF, 0xFF, 0xB1, 0x00, 0x00, 0x00, 0x00, 0x00, 0x54, 0xFF, 0xCB, 0x00,
    0x00, 0x00, 0x00, 0x00, 0x9F, 0xFF, 0xA5, 0x00, 0xD5, 0xC6, 0xA6, 0xD7, 0xFF, 0xFF, 0x28, 0x00,
    0xD5, 0xFF, 0xFF, 0xFF, 0xC1, 0x2B, 0x00, 0x00, 0x00, 0x00, 0x15, 0xA7, 0xFF, 0xFF, 0xFF, 0x60,
    0x00, 0x0C, 0xFF, 0xFF, 0xC9, 0xBB, 0xD0, 0x3F, 0x00, 0xA1, 0xFF, 0x76, 0x1B, 0x03, 0x00, 0x00,
    0x06, 0xFF, 0xFF, 0xFF, 0xFF, 0xFF, 0x5D, 0x00, 0x4F, 0xFF, 0xFF, 0xA0, 0xBA, 0xFF, 0xFA, 0x00,
    0x85, 0xFF, 0xC6, 0x00, 0x00, 0xFF, 0xFF, 0x00, 0x7E, 0xFF, 0xB7, 0x00, 0x45, 0xFF, 0xEB, 0x00,
    0x31, 0xFF, 0xFF, 0xA2, 0xFF, 0xFF, 0x63, 0x00, 0x00, 0x81, 0xFF, 0xFF, 0xFF, 0x6D, 0x00, 0x00,
    0x00, 0xAB, 0xFF, 0xFF, 0xFF, 0xFF, 0xFF, 0xD7, 0x00, 0x84, 0xB9, 0xB9, 0xB9, 0xFF, 0xFF, 0x87,
    0x00, 0x00, 0x00, 0x00, 0x57, 0xFF, 0xEE, 0x00, 0x00, 0x00, 0x00, 0x07, 0xFF, 0xFF, 0x3A, 0x00,
    0x00, 0x00, 0x00, 0xB8, 0xFF, 0xA2, 0x00, 0x00, 0x00, 0x00, 0x36, 0xFF, 0xFF, 0x0C, 0x00, 0x00,
    0x00, 0x00, 0xEB, 0xFF, 0x67, 0x00, 0x00, 0x00, 0x00, 0x8D, 0xFF, 0xCE, 0x00, 0x00, 0x00, 0x00,
    0x1C, 0xFF, 0xFF, 0x22, 0x00, 0x00, 0x00, 0x00, 0x00, 0x00, 0x9C, 0xFF, 0xFF, 0xFF, 0xA9, 0x00,
    0x00, 0x88, 0xFF, 0xE8, 0xBD, 0xFF, 0xFF, 0x34, 0x00, 0xB8, 0xFF, 0x88, 0x42, 0xE3, 0xFF, 0x15,
    0x00, 0x18, 0xFB, 0xFF, 0xFF, 0xE7, 0x2A, 0x00, 0x0D, 0xFF, 0xFF, 0x8D, 0xD3, 0xFF, 0x66, 0x00,
    0x9A, 0xFF, 0x4E, 0x00, 0x28, 0xFF, 0xB4, 0x00, 0xB0, 0xFF, 0x31, 0x00, 0x60, 0xFF, 0xB5, 0x00,
    0x8D, 0xFF, 0xF5, 0xBB, 0xFF, 0xFF, 0x2D, 0x00, 0x01, 0xAB, 0xFF, 0xFF, 0xED, 0x4C, 0x00, 0x00,
    0x00, 0x0D, 0xA5, 0xFF, 0xFF, 0xF7, 0x4B, 0x00, 0x00, 0xC5, 0xFF, 0xE2, 0xAC, 0xFF, 0xFF, 0x00,
    0x0C, 0xFF, 0xFF, 0x01, 0x00, 0xE3, 0xFF, 0x22, 0x1E, 0xFF, 0xFF, 0x46, 0x8D, 0xFF, 0xFF, 0x25,
    0x00, 0xCF, 0xFF, 0xFF, 0xFF, 0xFF, 0xFF, 0x03, 0x00, 0x00, 0x4F, 0x5B, 0x6C, 0xFF, 0xDA, 0x00,
    0x04, 0x00, 0x00, 0x06, 0xF3, 0xFF, 0x63, 0x00, 0xA8, 0xD3, 0xA1, 0xFD, 0xFF, 0xC0, 0x00, 0x00,
    0xAE, 0xFF, 0xFF, 0xFF, 0xA6, 0x04, 0x00, 0x00, 0x00, 0x16, 0xFF, 0xF2, 0x00, 0x60, 0xFF, 0xFF,
    0x00, 0x03, 0x7C, 0x25, 0x00, 0x00, 0x00, 0x00, 0x00, 0x28, 0x72, 0x00, 0x00, 0xFF, 0xFF, 0x49,
    0x00, 0xFF, 0xFF, 0x10, 0x00, 0x31, 0xFF, 0xED, 0x00, 0x8D, 0xFF, 0xFF, 0x00, 0x06, 0x6F, 0x1E,
    0x00, 0x00, 0x00, 0x00, 0x00, 0x1B, 0x48, 0x00, 0x04, 0xFF, 0xFF, 0x5A, 0x03, 0xFF, 0xFF, 0x6D,
    0x00, 0x46, 0xFF, 0x12, 0x69, 0xFF, 0x84, 0x00, 0xB6, 0x54, 0x00, 0x00, 0x00, 0x00, 0x00, 0x00,
    0x00, 0x00, 0x01, 0x0A, 0x00, 0x00, 0x00, 0x00, 0x2D, 0xBA, 0xFF, 0x66, 0x00, 0x0D, 0x87, 0xE9,
    0xFF, 0xFF, 0xC8, 0x28, 0x76, 0xFF, 0xFF, 0xD2, 0x78, 0x0A, 0x00, 0x00, 0x96, 0xFF, 0xFF, 0xB2,
    0x31, 0x00, 0x00, 0x00, 0x00, 0x3F, 0xAD, 0xFF, 0xFF, 0xFB, 0xAB, 0x16, 0x00, 0x00, 0x00, 0x06,
    0x73, 0xD8, 0xFF, 0x66, 0x00, 0x00, 0x00, 0x00, 0x00, 0x00, 0x1E, 0x1E, 0x15, 0x30, 0x30, 0x30,
    0x30, 0x30, 0x30, 0x0C, 0xA8, 0xFF, 0xFF, 0xFF, 0xFF, 0xFF, 0xFF, 0x66, 0x34, 0x78, 0x78, 0x78,
    0x78, 0x78, 0x78, 0x1F, 0x15, 0x30, 0x30, 0x30, 0x30, 0x30, 0x30, 0x0C, 0xA8, 0xFF, 0xFF, 0xFF,
    0xFF, 0xFF, 0xFF, 0x66, 0x34, 0x78, 0x78, 0x78, 0x78, 0x78, 0x78, 0x1F, 0x0C, 0x00, 0x00, 0x00,
    0x00, 0x00, 0x00, 0x00, 0xA6, 0xFF, 0xA2, 0x1B, 0x00, 0x00, 0x00, 0x00, 0x48, 0xDA, 0xFF, 0xFF,
    0xD5, 0x6F, 0x04, 0x00, 0x00, 0x00, 0x15, 0x8E, 0xE4, 0xFF, 0xFF, 0x43, 0x00, 0x00, 0x00, 0x46,
    0xA7, 0xFF, 0xFF, 0x57, 0x2B, 0xA1, 0xFF, 0xFF, 0xFF, 0xB8, 0x2A, 0x00, 0xA8, 0xFF, 0xC4, 0x5A,
    0x00, 0x00, 0x00, 0x00, 0x2B, 0x0F, 0x00, 0x00, 0x00, 0x00, 0x00, 0x00, 0x3C, 0xD9, 0xFF, 0xFF,
    0xF6, 0x3D, 0xA3, 0xA2, 0x58, 0x72, 0xFF, 0xC4, 0x00, 0x00, 0x00, 0x28, 0xFF, 0x9F, 0x00, 0x00,
    0x60, 0xFF, 0xB2, 0x03, 0x00, 0x5A, 0xFF, 0x81, 0x00, 0x00, 0x00, 0xCE, 0xEC, 0x00, 0x00, 0x00,
    0x00, 0x04, 0x03, 0x00, 0x00, 0x00, 0x30, 0xFF, 0xBB, 0x00, 0x00, 0x00, 0x4E, 0xFF, 0xA8, 0x00,
    0x00, 0x00, 0x00, 0x00, 0x08, 0x78, 0xEF, 0xFF, 0xC0, 0x1F, 0x00, 0x00, 0x82, 0xEB, 0x88, 0x57,
    0xEC, 0xC8, 0x00, 0x20, 0xF4, 0x99, 0xCF, 0xFF, 0xFA, 0xF3, 0x00, 0x97, 0xDC, 0x86, 0xC5, 0x6E,
    0xF6, 0xB9, 0x00, 0xDF, 0x8D, 0xBE, 0x59, 0x00, 0xF1, 0x8B, 0x0D, 0xE2, 0x4F, 0xCC, 0x54, 0x52,
    0xE6, 0x39, 0x0D, 0xE2, 0x50, 0xA5, 0xFE, 0xFF, 0xDF, 0x01, 0x00, 0xDF, 0xA0, 0x15, 0x57, 0x45,
    0x52, 0x00, 0x00, 0x89, 0xF2, 0x64, 0x19, 0x87, 0x0B, 0x00, 0x00, 0x00, 0xB6, 0xFF, 0xFF, 0xFF,
    0x30, 0x00, 0x00, 0x00, 0x01, 0x16, 0x2A, 0x05, 0x00, 0x00, 0x00, 0x00, 0x00, 0x00, 0xB7, 0xFF,
    0xB2, 0x09, 0x00, 0x00, 0x00, 0x1F, 0xFF, 0xFF, 0xBC, 0x27, 0x00, 0x00, 0x00, 0xA1, 0xF9, 0xB3,
    0xC5, 0x45, 0x00, 0x00, 0x17, 0xF1, 0xAE, 0xA6, 0xCF, 0x64, 0x00, 0x00, 0x86, 0xF9, 0x5D, 0xB8,
    0xD8, 0x82, 0x00, 0x11, 0xD4, 0xFF, 0xFF, 0xFF, 0xE2, 0xA2, 0x00, 0x83, 0xF3, 0x98, 0x82, 0xC7,
    0xE1, 0xA0, 0x0B, 0xB5, 0xF4, 0x0F, 0x05, 0x70, 0xE9, 0xBA, 0x66, 0xE8, 0xA5, 0x09, 0x04, 0x65,
    0xF1, 0xD3, 0x00, 0x00, 0xA1, 0xFF, 0xFF, 0xFF, 0x9E, 0x03, 0x00, 0x00, 0xC4, 0xE0, 0xAC, 0xF5,
    0xF0, 0x84, 0x00, 0x00, 0xFD, 0xA7, 0x07, 0x90, 0xF3, 0xA2, 0x00, 0x08, 0xFF, 0xB1, 0x42, 0xE9,
    0xE5, 0x30, 0x00, 0x44, 0xFF, 0xFF, 0xFF, 0xFF, 0x3C, 0x00, 0x00, 0x89, 0xF7, 0xA6, 0x96, 0xF4,
    0xCC, 0x00, 0x00, 0xAC, 0xEA, 0x35, 0x02, 0xE0, 0xDF, 0x00, 0x00, 0xDF, 0xF5, 0xB0, 0xD4, 0xFC,
    0xBA, 0x00, 0x08, 0xE1, 0xFF, 0xFF, 0xFF, 0xCB, 0x15, 0x00, 0x00, 0x00, 0x0F, 0xA6, 0xFF, 0xFF,
    0xFF, 0x87, 0x00, 0x09, 0xF8, 0xFF, 0xFF, 0xC6, 0xFF, 0x87, 0x00, 0xBA, 0xFF, 0xD8, 0x04, 0x00,
    0x0F, 0x19, 0x01, 0xFF, 0xFF, 0x34, 0x00, 0x00, 0x00, 0x00, 0x43, 0xFF, 0xEB, 0x00, 0x00, 0x00,
    0x00, 0x00, 0x72, 0xFF, 0xBB, 0x00, 0x00, 0x00, 0x00, 0x00, 0x5A, 0xFF, 0xEB, 0x00, 0x00, 0x0D,
    0x16, 0x00, 0x10, 0xFF, 0xFF, 0xE9, 0xCF, 0xFF, 0x1B, 0x00, 0x00, 0x4E, 0xF2, 0xFF, 0xFF, 0xD0,
    0x00, 0x00, 0x00, 0x00, 0x87, 0xFF, 0xFF, 0xE9, 0x45, 0x00, 0x00, 0x00, 0xAF, 0xF8, 0xEF, 0xFD,
    0xE3, 0x1E, 0x00, 0x00, 0xE7, 0xB4, 0x15, 0xC2, 0xEE, 0x75, 0x00, 0x00, 0xFF, 0xA0, 0x00, 0x9E,
    0xF1, 0x8B, 0x00, 0x2A, 0xFC, 0x92, 0x00, 0xC2, 0xEA, 0x5A, 0x00, 0x6F, 0xF4, 0x68, 0x04, 0xE0,
    0xE1, 0x0D, 0x00, 0x96, 0xEE, 0x4C, 0x68, 0xF4, 0xB6, 0x00, 0x00, 0xCF, 0xFB, 0xE3, 0xF9, 0xFF,
    0x2D, 0x00, 0x01, 0xDF, 0xFF, 0xFF, 0xE0, 0x4A, 0x00, 0x00, 0x00, 0x21, 0xFF, 0xFF, 0xFF, 0xFF,
    0xFF, 0xFF, 0x00, 0x70, 0xFF, 0xFF, 0xB9, 0xB9, 0xB9, 0x93, 0x00, 0xBE, 0xFF, 0x8E, 0x00, 0x00,
    0x00, 0x00, 0x00, 0xDF, 0xFF, 0xD5, 0xB9, 0xB9, 0xA9, 0x00, 0x00, 0xFF, 0xFF, 0xFF, 0xFF, 0xFF,
    0xC4, 0x00, 0x27, 0xFF, 0xF1, 0x00, 0x00, 0x00, 0x00, 0x00, 0x76, 0xFF, 0xB1, 0x00, 0x00, 0x00,
    0x00, 0x00, 0xA3, 0xFF, 0xF0, 0xB9, 0xB9, 0xB9, 0x4C, 0x00, 0xE3, 0xFF, 0xFF, 0xFF, 0xFF, 0xFF,
    0x45, 0x00, 0x02, 0xB0, 0xFF, 0xFF, 0xFF, 0xFF, 0xB0, 0x01, 0x24, 0xC3, 0xFF, 0xBD, 0xB9, 0xB7,
    0x76, 0x00, 0x50, 0xDC, 0xC8, 0x0C, 0x00, 0x00, 0x00, 0x00, 0x68, 0xE9, 0xEB, 0xBC, 0xB8, 0x88,
    0x00, 0x00, 0x8D, 0xFD, 0xFF, 0xFF, 0xFE, 0xC1, 0x00, 0x00, 0x92, 0xFF, 0x30, 0x00, 0x00, 0x00,
    0x00, 0x00, 0xAF, 0xE4, 0x29, 0x00, 0x00, 0x00, 0x00, 0x00, 0xD2, 0xCC, 0x22, 0x00, 0x00, 0x00,
    0x00, 0x00, 0xE3, 0x97, 0x13, 0x00, 0x00, 0x00, 0x00, 0x00, 0x00, 0x00, 0x0F, 0xA3, 0xFF, 0xFF,
    0xFF, 0x82, 0x00, 0x09, 0xF5, 0xFF, 0xFF, 0xCA, 0xFF, 0x7B, 0x00, 0xBD, 0xFF, 0xCE, 0x03, 0x00,
    0x0C, 0x12, 0x04, 0xFF, 0xFF, 0x1F, 0x00, 0x00, 0x00, 0x00, 0x4F, 0xFF, 0xEE, 0x00, 0xFF, 0xFF,
    0xFF, 0x1B, 0x7E, 0xFF, 0xBE, 0x03, 0xA2, 0xFF, 0xFF, 0x00, 0x60, 0xFF, 0xE9, 0x00, 0x03, 0xFF,
    0xD2, 0x00, 0x0F, 0xFF, 0xFF, 0xE7, 0xD8, 0xFF, 0xAC, 0x00, 0x00, 0x45, 0xEB, 0xFF, 0xFF, 0xD3,
    0x28, 0x00, 0x00, 0x00, 0x87, 0xE3, 0x44, 0x20, 0xFE, 0xF6, 0x00, 0x00, 0xAF, 0xD3, 0x34, 0x65,
    0xF6, 0xB5, 0x00, 0x00, 0xE7, 0xB6, 0x17, 0x8D, 0xF0, 0x8A, 0x00, 0x00, 0xFF, 0xE5, 0xB9, 0xF6,
    0xE7, 0x3C, 0x00, 0x2A, 0xFF, 0xFF, 0xFF, 0xFF, 0xDF, 0x01, 0x00, 0x6F, 0xF5, 0x6B, 0x1D, 0xE5,
    0xD0, 0x00, 0x00, 0x96, 0xEF, 0x4F, 0x4F, 0xEF, 0x97, 0x00, 0x00, 0xCF, 0xE5, 0x1F, 0x6B, 0xF5,
    0x71, 0x00, 0x01, 0xDF, 0xDF, 0x00, 0x94, 0xFD, 0x2D, 0x00, 0x00, 0x22, 0xFF, 0xFF, 0xFF, 0xFF,
    0xFF, 0xAF, 0x00, 0x37, 0xB9, 0xF7, 0xFF, 0xF0, 0xB9, 0x55, 0x00, 0x00, 0x00, 0xC4, 0xFF, 0x64,
    0x00, 0x00, 0x00, 0x00, 0x00, 0xFF, 0xFF, 0x18, 0x00, 0x00, 0x00, 0x00, 0x0F, 0xFF, 0xFF, 0x00,
    0x00, 0x00, 0x00, 0x00, 0x58, 0xFF, 0xCD, 0x00, 0x00, 0x00, 0x00, 0x00, 0xA8, 0xFF, 0xA8, 0x00,
    0x00, 0x00, 0x7B, 0xB9, 0xFF, 0xFF, 0xDF, 0xB9, 0x10, 0x00, 0xE7, 0xFF, 0xFF, 0xFF, 0xFF, 0xFF,
    0x00, 0x00, 0x00, 0x00, 0x00, 0x60, 0xFF, 0xFF, 0xE9, 0x4E, 0x00, 0x00, 0x03, 0x54, 0xB9, 0xF6,
    0xE0, 0x09, 0x00, 0x00, 0x00, 0x00, 0x12, 0xE3, 0xDD, 0x00, 0x00, 0x00, 0x00, 0x00, 0x44, 0xED,
    0xA2, 0x00, 0x00, 0x00, 0x00, 0x00, 0x64, 0xF3, 0x7C, 0x00, 0x00, 0x00, 0x00, 0x00, 0x8E, 0xFC,
    0x37, 0x00, 0x00, 0x65, 0x01, 0x07, 0xA7, 0xFF, 0x01, 0x00, 0x02, 0xE0, 0xF7, 0xD8, 0xFF, 0xB7,
    0x00, 0x00, 0x08, 0xAB, 0xFF, 0xFF, 0xC9, 0x1B, 0x00, 0x00, 0x00, 0x09, 0xC3, 0xC8, 0x0C, 0xAB,
    0xFF, 0x55, 0x00, 0x0C, 0xD9, 0x88, 0x6E, 0xFF, 0x53, 0x00, 0x00, 0x10, 0xFE, 0x94, 0xFF, 0x91,
    0x04, 0x00, 0x00, 0x17, 0xFF, 0xFF, 0xD8, 0x15, 0x00, 0x00, 0x00, 0x57, 0xFF, 0xFF, 0xDC, 0x1F,
    0x00, 0x00, 0x00, 0xA0, 0xFF, 0xB1, 0xF2, 0x51, 0x00, 0x00, 0x00, 0xC5, 0xBA, 0x18, 0xFF, 0x78,
    0x01, 0x00, 0x00, 0xFF, 0x99, 0x04, 0xBC, 0xC2, 0x09, 0x00, 0x07, 0xFF, 0x8F, 0x00, 0x5C, 0xFC,
    0x10, 0x00, 0x00, 0x00, 0xEE, 0xFF, 0x31, 0x00, 0x00, 0x00, 0x01, 0xFF, 0xFF, 0x00, 0x00, 0x00,
    0x00, 0x3A, 0xFF, 0xE4, 0x00, 0x00, 0x00, 0x00, 0x8A, 0xFF, 0xA2, 0x00, 0x00, 0x00, 0x00, 0xB4,
    0xFF, 0x73, 0x00, 0x00, 0x00, 0x00, 0xF6, 0xFF, 0x25, 0x00, 0x00, 0x00, 0x04, 0xFF, 0xFF, 0x00,
    0x00, 0x00, 0x00, 0x45, 0xFF, 0xFF, 0xB9, 0xB9, 0xB9, 0x8E, 0x93, 0xFF, 0xFF, 0xFF, 0xFF, 0xFF,
    0xBB, 0x00, 0x0D, 0xE2, 0xF0, 0x18, 0xC7, 0xFF, 0x1F, 0x00, 0x10, 0xFF, 0xFF, 0x30, 0xFF, 0xFF,
    0x00, 0x00, 0x21, 0xFF, 0xFF, 0x88, 0xFF, 0xDA, 0x00, 0x00, 0x68, 0xD9, 0xEF, 0xE5, 0xDD, 0xBA,
    0x00, 0x00, 0xB1, 0xB8, 0xE1, 0xE9, 0xCC, 0x71, 0x00, 0x00, 0xD3, 0x94, 0xCD, 0xAA, 0xD9, 0x29,
    0x00, 0x00, 0xFE, 0x85, 0x00, 0x2C, 0xF5, 0x10, 0x00, 0x0F, 0xFA, 0x61, 0x00, 0x31, 0xE6, 0x0D,
    0x00, 0x44, 0xF7, 0x49, 0x00, 0x5D, 0xD2, 0x0B, 0x00, 0x00, 0x00, 0xAC, 0xF5, 0x55, 0x00, 0xFC,
    0xFF, 0x00, 0x00, 0xCD, 0xFF, 0x60, 0x06, 0xFA, 0xD3, 0x00, 0x00, 0xFF, 0xFF, 0x80, 0x48, 0xF5,
    0xAF, 0x00, 0x0D, 0xF8, 0xDD, 0xB2, 0x96, 0xEB, 0x61, 0x00, 0x4F, 0xF4, 0xBB, 0xC3, 0xBE, 0xE2,
    0x16, 0x00, 0x94, 0xEA, 0x7B, 0xDE, 0xFE, 0xDF, 0x00, 0x00, 0xB4, 0xE1, 0x2F, 0xC6, 0xFF, 0xB4,
    0x00, 0x00, 0xDF, 0xDF, 0x08, 0xA7, 0xFF, 0x94, 0x00, 0x0E, 0xE2, 0xAC, 0x00, 0x9F, 0xFF, 0x50,
    0x00, 0x00, 0x00, 0x73, 0xFF, 0xFF, 0xFF, 0x90, 0x00, 0x00, 0x6C, 0xFF, 0xFF, 0xC6, 0xFF, 0xFF,
    0x3C, 0x00, 0xFF, 0xFF, 0x51, 0x00, 0xB0, 0xFF, 0x91, 0x4C, 0xFF, 0xFD, 0x00, 0x00, 0xAC, 0xFF,
    0x97, 0xA8, 0xFF, 0xA7, 0x00, 0x00, 0xE2, 0xFF, 0x64, 0xB6, 0xFF, 0x8B, 0x00, 0x09, 0xFF, 0xFF,
    0x15, 0xB1, 0xFF, 0x93, 0x00, 0x97, 0xFF, 0xD4, 0x00, 0x7E, 0xFF, 0xFF, 0xD4, 0xFF, 0xFF, 0x37,
    0x00, 0x00, 0xA3, 0xFF, 0xFF, 0xEE, 0x4E, 0x00, 0x00, 0x00, 0x40, 0xFF, 0xFF, 0xFF, 0xFF, 0xC4,
    0x10, 0x00, 0x8E, 0xFF, 0xE9, 0xAB, 0xFF, 0xFF, 0xA5, 0x00, 0xB7, 0xFF, 0x6D, 0x00, 0x7C, 0xFF,
    0xC0, 0x00, 0xFA, 0xFF, 0x1C, 0x21, 0xDC, 0xFF, 0x93, 0x06, 0xFF, 0xFF, 0xFF, 0xFF, 0xFF, 0xF0,
    0x09, 0x49, 0xFF, 0xFF, 0xA3, 0xB2, 0x6A, 0x03, 0x00, 0x97, 0xFF, 0xB1, 0x00, 0x00, 0x00, 0x00,
    0x00, 0xC0, 0xFF, 0x64, 0x00, 0x00, 0x00, 0x00, 0x00, 0xFF, 0xFF, 0x19, 0x00, 0x00, 0x00, 0x00,
    0x00, 0x00, 0x00, 0x73, 0xFF, 0xFF, 0xFF, 0x8E, 0x00, 0x00, 0x6D, 0xFF, 0xFF, 0xC6, 0xFF, 0xFF,
    0x3F, 0x00, 0xFF, 0xFF, 0x51, 0x00, 0xB0, 0xFF, 0x93, 0x43, 0xFF, 0xFD, 0x00, 0x00, 0xAC, 0xFF,
    0x94, 0xA5, 0xFF, 0xAA, 0x00, 0x00, 0xE2, 0xFF, 0x60, 0xB1, 0xFF, 0x8B, 0x00, 0x09, 0xFF, 0xFF,
    0x12, 0xB0, 0xFF, 0x93, 0x00, 0x97, 0xFF, 0xD0, 0x00, 0x7C, 0xFF, 0xFF, 0xD4, 0xFF, 0xFF, 0x3A,
    0x00, 0x00, 0xA0, 0xFF, 0xFF, 0xFF, 0x55, 0x00, 0x00, 0x00, 0x00, 0x00, 0x82, 0xFF, 0xB9, 0x00,
    0x00, 0x00, 0x00, 0x00, 0x00, 0xFB, 0xFF, 0x76, 0x00, 0x00, 0x5E, 0xFF, 0xFF, 0xFF, 0xFF, 0xBA,
    0x00, 0x00, 0xAC, 0xFF, 0xE1, 0xB0, 0xFF, 0xFF, 0x52, 0x00, 0xD0, 0xFF, 0x5B, 0x00, 0xBB, 0xFF,
    0x73, 0x00, 0xFF, 0xFF, 0x13, 0x3C, 0xFF, 0xFF, 0x1E, 0x19, 0xFF, 0xFF, 0xFF, 0xFF, 0xE1, 0x4B,
    0x00, 0x67, 0xFF, 0xFC, 0xBC, 0xFF, 0xFF, 0x00, 0x00, 0xB5, 0xFF, 0x9F, 0x00, 0xDA, 0xFF, 0x43,
    0x00, 0xD9, 0xFF, 0x4E, 0x00, 0x88, 0xFF, 0xA1, 0x00, 0xFF, 0xFF, 0x09, 0x00, 0x1B, 0xFF, 0xFF,
    0x00, 0x00, 0x00, 0x79, 0xF5, 0xFF, 0xFF, 0xF3, 0x42, 0x00, 0x84, 0xFF, 0xFF, 0xA1, 0xB0, 0xFF,
    0x37, 0x00, 0xEE, 0xFF, 0x25, 0x00, 0x00, 0x0C, 0x00, 0x00, 0xD0, 0xFF, 0xF6, 0x6F, 0x03, 0x00,
    0x00, 0x00, 0x1C, 0xC1, 0xFF, 0xFF, 0xFF, 0x2E, 0x00, 0x00, 0x00, 0x00, 0x19, 0xCA, 0xFF, 0xC9,
    0x00, 0x42, 0x03, 0x00, 0x00, 0x5E, 0xFF, 0xD3, 0x00, 0xFC, 0xFF, 0xAD, 0xAD, 0xFF, 0xFF, 0x7E,
    0x00, 0xBA, 0xFF, 0xFF, 0xFF, 0xF3, 0x78, 0x00, 0x00, 0xEA, 0xFF, 0xFF, 0xFF, 0xFF, 0xBE, 0x1B,
    0xB6, 0xE5, 0xFE, 0xF0, 0xB7, 0x78, 0x00, 0x00, 0x8C, 0xF7, 0x63, 0x00, 0x00, 0x00, 0x00, 0xB6,
    0xFF, 0x16, 0x00, 0x00, 0x00, 0x07, 0xBA, 0xFF, 0x00, 0x00, 0x00, 0x00, 0x31, 0xCE, 0xD4, 0x00,
    0x00, 0x00, 0x00, 0x5E, 0xE5, 0xB3, 0x00, 0x00, 0x00, 0x00, 0x73, 0xF0, 0x6F, 0x00, 0x00, 0x00,
    0x00, 0x92, 0xFF, 0x31, 0x00, 0x00, 0x00, 0x00, 0x5C, 0xE2, 0xA0, 0x09, 0x10, 0xFF, 0xB1, 0x04,
    0x81, 0xF7, 0x5E, 0x04, 0x3A, 0xFD, 0xA7, 0x00, 0x8F, 0xFF, 0x31, 0x00, 0x86, 0xF0, 0x79, 0x00,
    0xA6, 0xEF, 0x2B, 0x00, 0xB1, 0xE8, 0x59, 0x00, 0xC9, 0xC0, 0x1F, 0x00, 0xF2, 0xD8, 0x22, 0x00,
    0xDC, 0x9F, 0x16, 0x03, 0xFF, 0xCF, 0x00, 0x00, 0xF0, 0x84, 0x0E, 0x62, 0xFC, 0xAB, 0x00, 0x00,
    0xDD, 0xFF, 0xD1, 0xFB, 0xF4, 0x3F, 0x00, 0x00, 0x7E, 0xF0, 0xFF, 0xF2, 0x5B, 0x00, 0x00, 0x00,
    0xF1, 0x70, 0x08, 0x00, 0xE8, 0xCA, 0x45, 0xEB, 0x76, 0x09, 0x37, 0xFC, 0xA5, 0x00, 0xE4, 0x7B,
    0x0A, 0xB5, 0xE9, 0x49, 0x00, 0xDE, 0x81, 0x1B, 0xFF, 0xDB, 0x00, 0x00, 0xD8, 0x86, 0x95, 0xFF,
    0x75, 0x00, 0x00, 0xDE, 0x8B, 0xE8, 0xFF, 0x05, 0x00, 0x00, 0xD6, 0xC3, 0xF3, 0xAB, 0x00, 0x00,
    0x00, 0xCF, 0xFF, 0xFF, 0x13, 0x00, 0x00, 0x00, 0xC6, 0xFF, 0xB8, 0x00, 0x00, 0x00, 0x00, 0xA6,
    0xC8, 0x21, 0x00, 0x03, 0x53, 0xE5, 0xAB, 0xB2, 0xAD, 0x19, 0x00, 0x0A, 0xAF, 0xC9, 0x51, 0xBD,
    0x90, 0xB6, 0xFC, 0x2B, 0xE5, 0xAF, 0x00, 0xC9, 0x84, 0xDD, 0xFF, 0x3E, 0xF1, 0x7A, 0x00, 0xD5,
    0xC5, 0xEF, 0xFF, 0x9E, 0xE0, 0x3D, 0x00, 0xE1, 0xFE, 0xA8, 0xF8, 0xE1, 0xCF, 0x01, 0x00, 0xDD,
    0xFF, 0x3C, 0xF0, 0xFB, 0x96, 0x00, 0x00, 0xE7, 0xCE, 0x22, 0xEF, 0xF5, 0x4F, 0x00, 0x00, 0xF1,
    0x7C, 0x0C, 0xEF, 0xEF, 0x03, 0x00, 0x00, 0x00, 0x0C, 0xDE, 0x75, 0x05, 0x9A, 0xFF, 0x40, 0x00,
    0x05, 0x99, 0xD8, 0x2F, 0xF5, 0x7E, 0x00, 0x00, 0x00, 0x6C, 0xFD, 0xD2, 0xD7, 0x0B, 0x00, 0x00,
    0x00, 0x3A, 0xE8, 0xF6, 0x5B, 0x00, 0x00, 0x00, 0x00, 0x29, 0xE1, 0xD3, 0x09, 0x00, 0x00, 0x00,
    0x03, 0x88, 0xFF, 0xE7, 0x38, 0x00, 0x00, 0x00, 0x1E, 0xFF, 0x92, 0xFC, 0x69, 0x00, 0x00, 0x01,
    0xD7, 0xCE, 0x1B, 0xDB, 0x94, 0x04, 0x00, 0x82, 0xFA, 0x63, 0x00, 0x7E, 0xD9, 0x0C, 0x00, 0x91,
    0xFF, 0x32, 0x00, 0x10, 0xF3, 0xCF, 0x64, 0x68, 0xE9, 0x79, 0x06, 0xA9, 0xEE, 0x71, 0x00, 0x34,
    0xCC, 0xBC, 0x3C, 0xFE, 0xC8, 0x03, 0x00, 0x02, 0xB0, 0xFF, 0xF1, 0xF2, 0x25, 0x00, 0x00, 0x00,
    0x7D, 0xF1, 0xFF, 0x71, 0x00, 0x00, 0x00, 0x00, 0x53, 0xE6, 0xD3, 0x00, 0x00, 0x00, 0x00, 0x00,
    0x7A, 0xF1, 0x9D, 0x00, 0x00, 0x00, 0x00, 0x00, 0x94, 0xF8, 0x52, 0x00, 0x00, 0x00, 0x00, 0x00,
    0xAF, 0xFF, 0x16, 0x00, 0x00, 0x00, 0x00, 0x00, 0x09, 0xC3, 0xFF, 0xFF, 0xFF, 0xFF, 0x0D, 0x00,
    0x08, 0x95, 0xB9, 0xC6, 0xFF, 0xE1, 0x00, 0x00, 0x00, 0x00, 0x00, 0xA5, 0xFE, 0x22, 0x00, 0x00,
    0x00, 0x00, 0x5D, 0xFF, 0x7F, 0x02, 0x00, 0x00, 0x00, 0x27, 0xE0, 0xD7, 0x12, 0x00, 0x00, 0x00,
    0x04, 0x95, 0xFF, 0x2C, 0x00, 0x00, 0x00, 0x00, 0x3D, 0xFF, 0x66, 0x00, 0x00, 0x00, 0x00, 0x02,
    0xFF, 0xFB, 0xC4, 0xB9, 0xA1, 0x09, 0x00, 0x2B, 0xFF, 0xFF, 0xFF, 0xFF, 0xD7, 0x0B, 0x00, 0x00,
    0x00, 0xAD, 0xFF, 0xFF, 0xFF, 0xA5, 0x00, 0x00, 0xEE, 0xF1, 0x2A, 0x2A, 0x13, 0x00, 0x00, 0xFF,
    0xB6, 0x00, 0x00, 0x00, 0x00, 0x1B, 0xFF, 0x9D, 0x00, 0x00, 0x00, 0x00, 0x5A, 0xFF, 0x60, 0x00,
    0x00, 0x00, 0x00, 0x99, 0xFF, 0x22, 0x00, 0x00, 0x00, 0x00, 0xB2, 0xFF, 0x00, 0x00, 0x00, 0x00,
    0x00, 0xE7, 0xF6, 0x00, 0x00, 0x00, 0x00, 0x00, 0xFF, 0xC3, 0x00, 0x00, 0x00, 0x00, 0x12, 0xFF,
    0xAC, 0x00, 0x00, 0x00, 0x00, 0x4F, 0xFF, 0x6F, 0x00, 0x00, 0x00, 0x00, 0x8E, 0xFF, 0xFF, 0xFF,
    0xEC, 0x00, 0x00, 0x12, 0x2A, 0x2A, 0x2A, 0x1C, 0x00, 0x00, 0x1E, 0xFF, 0x8E, 0x00, 0x00, 0x00,
    0x00, 0x00, 0x00, 0xAB, 0xFF, 0x04, 0x00, 0x00, 0x00, 0x00, 0x00, 0x1E, 0xFF, 0x8D, 0x00, 0x00,
    0x00, 0x00, 0x00, 0x00, 0xAC, 0xFF, 0x04, 0x00, 0x00, 0x00, 0x00, 0x00, 0x1F, 0xFF, 0x8B, 0x00,
    0x00, 0x00, 0x00, 0x00, 0x00, 0xAD, 0xFF, 0x04, 0x00, 0x00, 0x00, 0x00, 0x00, 0x1F, 0xFF, 0x8B,
    0x00, 0x00, 0x00, 0x00, 0x00, 0x00, 0xAD, 0xFF, 0x04, 0x00, 0x00, 0x00, 0x00, 0x00, 0x21, 0xFF,
    0x8A, 0x00, 0x00, 0x00, 0x00, 0x00, 0x00, 0xAF, 0xFF, 0x04, 0x00, 0x00, 0xAA, 0xFF, 0xFF, 0xFF,
    0xAA, 0x00, 0x00, 0x1B, 0x2A, 0x42, 0xFF, 0xA2, 0x00, 0x00, 0x00, 0x00, 0x55, 0xFF, 0x64, 0x00,
    0x00, 0x00, 0x00, 0x93, 0xFF, 0x27, 0x00, 0x00, 0x00, 0x00, 0xAD, 0xFF, 0x00, 0x00, 0x00, 0x00,
    0x00, 0xE1, 0xFA, 0x00, 0x00, 0x00, 0x00, 0x00, 0xFF, 0xC5, 0x00, 0x00, 0x00, 0x00, 0x0C, 0xFF,
    0xAF, 0x00, 0x00, 0x00, 0x00, 0x46, 0xFF, 0x72, 0x00, 0x00, 0x00, 0x00, 0x84, 0xFF, 0x34, 0x00,
    0x00, 0x00, 0x00, 0xA1, 0xFF, 0x03, 0x00, 0x7B, 0xFF, 0xFF, 0xFF, 0xFF, 0x00, 0x00, 0x12, 0x2A,
    0x2A, 0x2A, 0x1E, 0x00, 0x00, 0x00, 0x00, 0x0F, 0xBA, 0xA8, 0x01, 0x00, 0x00, 0x00, 0x00, 0xCF,
    0xFF, 0xFF, 0xB8, 0x00, 0x00, 0x00, 0xAC, 0xFF, 0xBE, 0xD2, 0xFF, 0x6C, 0x00, 0x61, 0xFF, 0xA3,
    0x00, 0x03, 0xC0, 0xFF, 0x34, 0x01, 0x06, 0x06, 0x06, 0x06, 0x06, 0x06, 0x00, 0x9C, 0xFF, 0xFF,
    0xFF, 0xFF, 0xFF, 0xFF, 0x54, 0x1F, 0x4E, 0x4E, 0x4E, 0x4E, 0x4E, 0x4E, 0x10, 0x57, 0xA0, 0x36,
    0x00, 0x12, 0xFF, 0xDA, 0x00, 0x00, 0x43, 0xFF, 0x54, 0x00, 0x2D, 0xEC, 0xFF, 0xFF, 0xFF, 0xAE,
    0x00, 0x00, 0x54, 0xA2, 0x8D, 0x8D, 0xFF, 0xFF, 0x3C, 0x00, 0x84, 0xFF, 0xFF, 0xFF, 0xFF, 0xFF,
    0x42, 0x75, 0xFF, 0xFF, 0x81, 0x5D, 0xFF, 0xFF, 0x09, 0xC8, 0xFF, 0x72, 0x00, 0x6A, 0xFF, 0xFD,
    0x00, 0xBB, 0xFF, 0xC6, 0x76, 0xFF, 0xFF, 0xBE, 0x00, 0x30, 0xFB, 0xFF, 0xF0, 0xB2, 0xFF, 0x97,
    0x00, 0x00, 0x00, 0xFF, 0xFF, 0x04, 0x00, 0x00, 0x00, 0x00, 0x27, 0xFF, 0xE7, 0x00, 0x00, 0x00,
    0x00, 0x00, 0x79, 0xFF, 0xCA, 0xFB, 0xFF, 0xBB, 0x00, 0x00, 0xAA, 0xFF, 0xFF, 0xA6, 0xFF, 0xFF,
    0x54, 0x00, 0xED, 0xFF, 0x54, 0x00, 0xAA, 0xFF, 0x8A, 0x03, 0xFF, 0xFF, 0x00, 0x00, 0xB6, 0xFF,
    0x67, 0x42, 0xFF, 0xFF, 0x00, 0x0A, 0xFF, 0xFF, 0x10, 0x93, 0xFF, 0xFF, 0xB0, 0xE6, 0xFF, 0xA6,
    0x00, 0xBF, 0xFF, 0x70, 0xFF, 0xFF, 0xB5, 0x06, 0x00, 0x00, 0x00, 0x4E, 0xDE, 0xFF, 0xFF, 0xF3,
    0x28, 0x00, 0x5E, 0xFF, 0xFF, 0xB6, 0xA5, 0xFF, 0x12, 0x00, 0xFF, 0xFF, 0x4F, 0x00, 0x00, 0x04,
    0x00, 0x1B, 0xFF, 0xFF, 0x00, 0x00, 0x00, 0x00, 0x00, 0x1B, 0xFF, 0xFF, 0x00, 0x00, 0x00, 0x00,
    0x00, 0x00, 0xFF, 0xFF, 0xC6, 0xBA, 0xE1, 0x4B, 0x00, 0x00, 0x36, 0xE2, 0xFF, 0xFF, 0xEE, 0x07,
    0x00, 0x00, 0x00, 0x00, 0x00, 0x10, 0xFF, 0xB1, 0x04, 0x00, 0x00, 0x00, 0x00, 0x3E, 0xFC, 0xA6,
    0x00, 0x0C, 0x9A, 0xF8, 0xF7, 0xA9, 0xEF, 0x76, 0x00, 0x7D, 0xF5, 0xD8, 0xD9, 0xFF, 0xE7, 0x57,
    0x00, 0xAF, 0xF2, 0x2C, 0x07, 0xFF, 0xD7, 0x1E, 0x00, 0xDD, 0xB7, 0x1C, 0x11, 0xFF, 0xCF, 0x00,
    0x00, 0xDC, 0xA9, 0x18, 0x8B, 0xFD, 0xB3, 0x00, 0x00, 0xD5, 0xFF, 0xB6, 0xF9, 0xFA, 0x93, 0x00,
    0x00, 0x88, 0xF7, 0xE3, 0xB7, 0xF5, 0x51, 0x00, 0x00, 0x00, 0x00, 0x9F, 0xFF, 0xFF, 0xFF, 0x60,
    0x00, 0x00, 0xB2, 0xFF, 0xDA, 0xA6, 0xFF, 0xFF, 0x1B, 0x42, 0xFF, 0xFF, 0x21, 0x1E, 0xB7, 0xFF,
    0x6F, 0xAC, 0xFF, 0xFF, 0xFF, 0xFF, 0xFF, 0xFF, 0x63, 0xAF, 0xFF, 0xA2, 0x66, 0x66, 0x66, 0x66,
    0x10, 0x51, 0xFF, 0xFF, 0xAF, 0xAF, 0xC6, 0xAC, 0x00, 0x00, 0x8B, 0xFF, 0xFF, 0xFF, 0xF2, 0x4C,
    0x00, 0x00, 0x00, 0x3C, 0xFB, 0xFF, 0xFF, 0xCE, 0x00, 0x00, 0xD7, 0xFF, 0xA8, 0x8A, 0x45, 0xD5,
    0xFF, 0xFF, 0xFF, 0xFF, 0xFF, 0x2B, 0x6F, 0xB4, 0xFF, 0xFF, 0x8A, 0x85, 0x00, 0x00, 0x7F, 0xFF,
    0xA8, 0x00, 0x00, 0x00, 0x00, 0xA8, 0xFF, 0x7F, 0x00, 0x00, 0x00, 0x00, 0xE6, 0xFF, 0x34, 0x00,
    0x00, 0x00, 0x00, 0xFF, 0xFF, 0x01, 0x00, 0x00, 0x00, 0x28, 0xFF, 0xF0, 0x00, 0x00, 0x00, 0x00,
    0x00, 0x0A, 0xBF, 0xFF, 0xFF, 0x97, 0xFF, 0xAC, 0x00, 0xC4, 0xFF, 0xDE, 0xCF, 0xFF, 0xFF, 0x63,
    0x34, 0xFF, 0xFA, 0x03, 0x03, 0xFF, 0xFF, 0x1B, 0xA5, 0xFF, 0xA6, 0x00, 0x07, 0xFF, 0xFF, 0x00,
    0xA8, 0xFF, 0x8D, 0x00, 0x7C, 0xFF, 0xDA, 0x00, 0x8E, 0xFF, 0xFF, 0xB2, 0xFF, 0xFF, 0xBD, 0x00,
    0x06, 0xD5, 0xFF, 0xFF, 0xE2, 0xFF, 0x72, 0x00, 0x04, 0x00, 0x00, 0x01, 0xFF, 0xFF, 0x18, 0x00,
    0xCB, 0xC4, 0xAF, 0xDD, 0xFF, 0xC3, 0x00, 0x00, 0xC5, 0xFF, 0xFF, 0xFF, 0xB9, 0x0F, 0x00, 0x00,
    0x00, 0x00, 0xFF, 0xFF, 0x0F, 0x00, 0x00, 0x00, 0x00, 0x0F, 0xFF, 0xFD, 0x00, 0x00, 0x00, 0x00,
    0x00, 0x5B, 0xFF, 0xD0, 0xF5, 0xFF, 0xC8, 0x00, 0x00, 0xAE, 0xFF, 0xFF, 0xAD, 0xFF, 0xFF, 0x1B,
    0x00, 0xD4, 0xFF, 0x58, 0x00, 0xFF, 0xFF, 0x09, 0x00, 0xFF, 0xFF, 0x00, 0x18, 0xFF, 0xFF, 0x00,
    0x22, 0xFF, 0xE8, 0x00, 0x64, 0xFF, 0xC0, 0x00, 0x75, 0xFF, 0xA8, 0x00, 0xB2, 0xFF, 0x99, 0x00,
    0xA6, 0xFF, 0x7F, 0x00, 0xD4, 0xFF, 0x4B, 0x00, 0x00, 0x00, 0x00, 0x16, 0x18, 0x00, 0x00, 0x00,
    0x09, 0xFF, 0xFF, 0x00, 0x00, 0x00, 0x48, 0xFF, 0xCF, 0x00, 0x00, 0x00, 0x00, 0x00, 0x00, 0x00,
    0x45, 0xFF, 0xFF, 0xFF, 0x3F, 0x00, 0x2A, 0x8A, 0xFF, 0xFF, 0x01, 0x00, 0x00, 0x2A, 0xFF, 0xE6,
    0x00, 0x00, 0x00, 0x85, 0xFF, 0xBE, 0x00, 0x00, 0x00, 0xB7, 0xFF, 0x6A, 0x00, 0x00, 0x00, 0xDD,
    0xFF, 0xBB, 0x90, 0x6F, 0x00, 0x73, 0xFF, 0xFF, 0xFF, 0xCA, 0x00, 0x00, 0x00, 0x00, 0x00, 0x05,
    0x17, 0x15, 0x00, 0x00, 0x00, 0x00, 0x02, 0x44, 0xFE, 0xFD, 0x00, 0x00, 0x00, 0x00, 0x06, 0x7E,
    0xEA, 0xBB, 0x00, 0x00, 0x00, 0x00, 0x00, 0x00, 0x00, 0x00, 0x00, 0x00, 0x00, 0xB9, 0xFF, 0xFF,
    0xC0, 0x34, 0x00, 0x00, 0x00, 0x60, 0x91, 0xFF, 0xB0, 0x01, 0x00, 0x00, 0x00, 0x00, 0x3A, 0xFC,
    0xA6, 0x00, 0x00, 0x00, 0x00, 0x00, 0x7E, 0xF1, 0x7C, 0x00, 0x00, 0x00, 0x00, 0x00, 0xBF, 0xEA,
    0x63, 0x00, 0x00, 0x00, 0x00, 0x00, 0xDA, 0xDC, 0x30, 0x00, 0x00, 0x00, 0x00, 0x00, 0xFF, 0xD1,
    0x05, 0x00, 0x00, 0x00, 0x00, 0x23, 0xFE, 0xC8, 0x00, 0x00, 0x00, 0x55, 0x8A, 0xE2, 0xFA, 0x89,
    0x00, 0x00, 0x0A, 0xB5, 0xFF, 0xFF, 0xB1, 0x0A, 0x00, 0x00, 0x00, 0xAF, 0xFF, 0x25, 0x00, 0x00,
    0x00, 0x00, 0x07, 0xB3, 0xFF, 0x10, 0x00, 0x00, 0x00, 0x00, 0x33, 0xCB, 0xC8, 0x26, 0xF2, 0xF3,
    0x83, 0x01, 0x60, 0xE5, 0xB3, 0xF9, 0xF7, 0x62, 0x00, 0x00, 0x76, 0xF1, 0xFF, 0xFF, 0x41, 0x00,
    0x00, 0x00, 0x8F, 0xFF, 0xFF, 0xFF, 0x6E, 0x00, 0x00, 0x00, 0x9D, 0xFC, 0x62, 0xF3, 0xE3, 0x00,
    0x00, 0x00, 0xC0, 0xC7, 0x20, 0xD9, 0xF4, 0x42, 0x00, 0x00, 0xD6, 0xAB, 0x19, 0x69, 0xFC, 0xAC,
    0x00, 0x00, 0x8D, 0xFF, 0xFF, 0xFF, 0x9D, 0x00, 0x43, 0x8A, 0xFB, 0xFF, 0x45, 0x00, 0x00, 0x00,
    0xFF, 0xFF, 0x03, 0x00, 0x00, 0x24, 0xFF, 0xE6, 0x00, 0x00, 0x00, 0x7E, 0xFF, 0xBB, 0x00, 0x00,
    0x00, 0xB4, 0xFF, 0x63, 0x00, 0x00, 0x00, 0xFD, 0xFF, 0x10, 0x00, 0x00, 0x00, 0xFF, 0xFF, 0xA6,
    0x90, 0x48, 0x00, 0xA8, 0xFF, 0xFF, 0xFF, 0x8D, 0x00, 0x00, 0xFC, 0xF0, 0xF0, 0xEC, 0xF0, 0x84,
    0x00, 0x2A, 0xF6, 0xC5, 0xF2, 0x87, 0xF8, 0xC8, 0x00, 0x6C, 0xE9, 0x81, 0xF1, 0x2E, 0xF3, 0xA0,
    0x00, 0x90, 0xE0, 0x65, 0xE0, 0x68, 0xEE, 0x75, 0x00, 0xC8, 0xE3, 0x71, 0xC9, 0xA6, 0xE4, 0x28,
    0x00, 0xDF, 0xB6, 0xA0, 0x9A, 0xBC, 0xDF, 0x00, 0x19, 0xE4, 0xA0, 0xCF, 0x6D, 0xE2, 0xC6, 0x00,
    0x00, 0x87, 0xFF, 0xB4, 0xFF, 0xFF, 0xC4, 0x00, 0x00, 0xAF, 0xFF, 0xFC, 0x91, 0xFF, 0xFF, 0x19,
    0x00, 0xED, 0xFF, 0x42, 0x00, 0xFF, 0xFF, 0x06, 0x00, 0xFF, 0xFF, 0x00, 0x1E, 0xFF, 0xFF, 0x00,
    0x34, 0xFF, 0xE4, 0x00, 0x6A, 0xFF, 0xC0, 0x00, 0x7F, 0xFF, 0xA7, 0x00, 0xB5, 0xFF, 0x99, 0x00,
    0xA8, 0xFF, 0x7E, 0x00, 0xD5, 0xFF, 0x4B, 0x00, 0x00, 0x04, 0xB8, 0xFF, 0xFF, 0xFF, 0x5B, 0x00,
    0x00, 0xBF, 0xFF, 0xF2, 0xA7, 0xFF, 0xFF, 0x0F, 0x34, 0xFF, 0xFF, 0x0F, 0x00, 0xD4, 0xFF, 0x4F,
    0x8E, 0xFF, 0xAF, 0x00, 0x00, 0xDF, 0xFF, 0x49, 0x91, 0xFF, 0xBE, 0x00, 0x1E, 0xFF, 0xFF, 0x09,
    0x3A, 0xFF, 0xFF, 0xB8, 0xFF, 0xFF, 0xA2, 0x00, 0x00, 0x8A, 0xFF, 0xFF, 0xFF, 0x90, 0x00, 0x00,
    0x00, 0x00, 0xAF, 0xDF, 0xDF, 0xFF, 0xA7, 0x00, 0x00, 0x00, 0xCB, 0xFF, 0xB2, 0xF0, 0xEB, 0x60,
    0x00, 0x00, 0xFF, 0xB5, 0x16, 0xA3, 0xF2, 0x96, 0x00, 0x06, 0xFF, 0x9F, 0x00, 0x9F, 0xED, 0x70,
    0x00, 0x3F, 0xFF, 0x9F, 0x08, 0xE1, 0xE2, 0x15, 0x00, 0x7F, 0xFF, 0xE2, 0xD1, 0xFC, 0x97, 0x00,
    0x00, 0x9E, 0xF3, 0xC2, 0xFF, 0xC0, 0x05, 0x00, 0x00, 0xD4, 0xE2, 0x10, 0x00, 0x00, 0x00, 0x00,
    0x01, 0xDF, 0xDF, 0x00, 0x00, 0x00, 0x00, 0x00, 0x22, 0xE6, 0xC7, 0x00, 0x00, 0x00, 0x00, 0x00,
    0x00, 0x13, 0xCD, 0xFF, 0xF8, 0x8B, 0xFF, 0xA6, 0x00, 0xD0, 0xFF, 0xD2, 0xD5, 0xFF, 0xFF, 0x5D,
    0x3F, 0xFF, 0xED, 0x00, 0x06, 0xFF, 0xFF, 0x15, 0x9F, 0xFF, 0x99, 0x00, 0x0C, 0xFF, 0xFF, 0x00,
    0xA8, 0xFF, 0x82, 0x00, 0x8E, 0xFF, 0xD5, 0x00, 0x99, 0xFF, 0xFF, 0xAD, 0xFF, 0xFF, 0xB8, 0x00,
    0x0F, 0xE2, 0xFF, 0xDF, 0xDC, 0xFF, 0x6F, 0x00, 0x00, 0x00, 0x00, 0x00, 0xFF, 0xFF, 0x25, 0x00,
    0x00, 0x00, 0x00, 0x03, 0xFF, 0xFF, 0x00, 0x00, 0x00, 0x00, 0x00, 0x39, 0xFF, 0xE6, 0x00, 0x00,
    0x00, 0x00, 0xFF, 0xFF, 0xAF, 0xFF, 0xFF, 0xA8, 0x00, 0x30, 0xFF, 0xFF, 0xD9, 0x96, 0xA0, 0x6D,
    0x00, 0x7C, 0xFF, 0xEC, 0x00, 0x00, 0x00, 0x00, 0x00, 0xA7, 0xFF, 0x8E, 0x00, 0x00, 0x00, 0x00,
    0x00, 0xE7, 0xFF, 0x37, 0x00, 0x00, 0x00, 0x00, 0x00, 0xFF, 0xFF, 0x01, 0x00, 0x00, 0x00, 0x00,
    0x2E, 0xFF, 0xF1, 0x00, 0x00, 0x00, 0x00, 0x00, 0x00, 0x00, 0xAF, 0xFF, 0xFF, 0xFF, 0xD0, 0x00,
    0x90, 0xFF, 0xBC, 0x70, 0xA5, 0xAF, 0x00, 0xA5, 0xFF, 0xB9, 0x36, 0x00, 0x00, 0x00, 0x28, 0xEE,
    0xFF, 0xFF, 0xF6, 0x1F, 0x00, 0x00, 0x00, 0x1F, 0xBB, 0xFF, 0xA0, 0x49, 0xDA, 0x93, 0x78, 0xE2,
    0xFF, 0x5D, 0x58, 0xFF, 0xFF, 0xFF, 0xFF, 0x8D, 0x00, 0x00, 0x00, 0xBA, 0xFF, 0x6D, 0x00, 0x00,
    0x00, 0x00, 0xF5, 0xFF, 0x1F, 0x00, 0x00, 0xFC, 0xFF, 0xFF, 0xFF, 0xFF, 0xFF, 0x79, 0x7E, 0xBB,
    0xFF, 0xF8, 0x8A, 0x8A, 0x18, 0x00, 0x8D, 0xFF, 0xBD, 0x00, 0x00, 0x00, 0x00, 0xB4, 0xFF, 0x70,
    0x00, 0x00, 0x00, 0x00, 0xF1, 0xFF, 0x25, 0x00, 0x00, 0x00, 0x00, 0xFF, 0xFF, 0xB8, 0x90, 0x27,
    0x00, 0x00, 0x99, 0xFF, 0xFF, 0xFF, 0x36, 0x00, 0x00, 0xA0, 0xFF, 0xA5, 0x00, 0xB1, 0xFF, 0x6F,
    0x00, 0xC6, 0xFF, 0x58, 0x00, 0xF0, 0xFF, 0x24, 0x00, 0xFF, 0xFF, 0x10, 0x01, 0xFF, 0xFF, 0x00,
    0x0F, 0xFF, 0xFF, 0x00, 0x39, 0xFF, 0xDF, 0x00, 0x52, 0xFF, 0xD9, 0x00, 0xAC, 0xFF, 0xA1, 0x00,
    0x6F, 0xFF, 0xFF, 0xAA, 0xFF, 0xFF, 0x76, 0x00, 0x13, 0xFB, 0xFF, 0xD4, 0xD8, 0xFF, 0x2B, 0x00,
    0xFF, 0xFF, 0x00, 0x00, 0x8D, 0xFF, 0xB2, 0xE7, 0xFF, 0x0A, 0x00, 0xFF, 0xFF, 0x24, 0xBF, 0xFF,
    0x2D, 0x66, 0xFF, 0xB2, 0x00, 0xB5, 0xFF, 0x4F, 0xE4, 0xFF, 0x24, 0x00, 0x85, 0xFF, 0xB4, 0xFF,
    0xB2, 0x00, 0x00, 0x55, 0xFF, 0xFF, 0xFF, 0x24, 0x00, 0x00, 0x24, 0xFF, 0xFF, 0xB2, 0x00, 0x00,
    0x00, 0xD4, 0x6F, 0x08, 0x00, 0x09, 0xA0, 0xC9, 0x51, 0xD4, 0x64, 0x0B, 0x09, 0x0E, 0xE5, 0xAF,
    0x00, 0xD4, 0x5B, 0xD2, 0xFF, 0x26, 0xF0, 0x78, 0x00, 0xD4, 0x9B, 0xE4, 0xFF, 0x9A, 0xD6, 0x19,
    0x00, 0xD4, 0xE9, 0xB0, 0xF9, 0xE6, 0xB4, 0x00, 0x00, 0xD4, 0xFF, 0x59, 0xF2, 0xF7, 0x62, 0x00,
    0x00, 0xD4, 0xCB, 0x3A, 0xF1, 0xF0, 0x06, 0x00, 0x00, 0x00, 0x00, 0xD0, 0xC7, 0x2C, 0xCB, 0xF0,
    0x85, 0x00, 0x00, 0x4F, 0xFA, 0xD2, 0xF7, 0x9E, 0x00, 0x00, 0x00, 0x19, 0xDE, 0xFF, 0xC7, 0x00,
    0x00, 0x00, 0x00, 0x17, 0xD1, 0xFF, 0x25, 0x00, 0x00, 0x00, 0x00, 0x85, 0xFF, 0xFF, 0x7F, 0x00,
    0x00, 0x00, 0x45, 0xFF, 0xBC, 0xBC, 0xFB, 0x00, 0x00, 0x20, 0xE6, 0xE6, 0x21, 0x7B, 0xF8, 0x5F,
    0x00, 0x00, 0x10, 0xFF, 0x3A, 0x08, 0xA3, 0xFF, 0x06, 0x00, 0x0D, 0xE6, 0x6E, 0x25, 0xE6, 0x7C,
    0x00, 0x00, 0x0B, 0xD3, 0xA6, 0x61, 0xF5, 0x0F, 0x00, 0x00, 0x06, 0xA8, 0xC0, 0xE0, 0x99, 0x05,
    0x00, 0x00, 0x02, 0x7E, 0xFF, 0xF5, 0x58, 0x00, 0x00, 0x00, 0x00, 0x70, 0xFF, 0xD7, 0x12, 0x00,
    0x00, 0x00, 0x00, 0x5D, 0xF7, 0x84, 0x00, 0x00, 0x00, 0x00, 0x00, 0x71, 0xFF, 0x0F, 0x00, 0x00,
    0x00, 0x0F, 0x92, 0xE6, 0xA2, 0x00, 0x00, 0x00, 0x00, 0x50, 0xFF, 0xD8, 0x1F, 0x00, 0x00, 0x00,
    0x00, 0x00, 0x5D, 0xFF, 0xFF, 0xFF, 0xFF, 0xFF, 0xA9, 0x00, 0x2E, 0x7E, 0x7E, 0xA5, 0xFF, 0xFF,
    0x3C, 0x00, 0x00, 0x00, 0x57, 0xFF, 0xFF, 0x4C, 0x00, 0x00, 0x00, 0x66, 0xFF, 0xFF, 0x3F, 0x00,
    0x00, 0x00, 0x76, 0xFF, 0xFF, 0x33, 0x00, 0x00, 0x00, 0x69, 0xFF, 0xFF, 0xA6, 0x7E, 0x7E, 0x30,
    0x00, 0xBC, 0xFF, 0xFF, 0xFF, 0xFF, 0xFF, 0x61, 0x00, 0x00, 0x00, 0x00, 0x12, 0xE1, 0xFF, 0xFF,
    0x64, 0x00, 0x00, 0x00, 0xBB, 0xFF, 0xAF, 0x3D, 0x09, 0x00, 0x00, 0x00, 0xF1, 0xFF, 0x04, 0x00,
    0x00, 0x00, 0x00, 0x09, 0xFF, 0xF2, 0x00, 0x00, 0x00, 0x00, 0x09, 0xB1, 0xFF, 0xAB, 0x00, 0x00,
    0x00, 0xA8, 0xFF, 0xFF, 0xBF, 0x06, 0x00, 0x00, 0x00, 0x2B, 0x67, 0xFF, 0xFF, 0x03, 0x00, 0x00,
    0x00, 0x00, 0x00, 0xFD, 0xFF, 0x00, 0x00, 0x00, 0x00, 0x00, 0x09, 0xFF, 0xDE, 0x00, 0x00, 0x00,
    0x00, 0x00, 0x45, 0xFF, 0xD3, 0x00, 0x00, 0x00, 0x00, 0x00, 0x10, 0xFF, 0xFF, 0xFF, 0x3C, 0x00,
    0x00, 0x00, 0x00, 0x06, 0x30, 0x3C, 0x01, 0x00, 0x00, 0xFF, 0xC8, 0xFF, 0xC8, 0xFF, 0xC8, 0xFF,
    0xC8, 0xFF, 0xC8, 0xA9, 0x82, 0x00, 0x00, 0xFF, 0xC8, 0xFF, 0xC8, 0xFF, 0xC8, 0xFF, 0xC8, 0xFF,
    0xC8, 0xA5, 0x7F, 0x00, 0x00, 0xCA, 0xFF, 0xFF, 0x91, 0x00, 0x00, 0x00, 0x00, 0x2D, 0x7F, 0xFF,
    0xDD, 0x00, 0x00, 0x00, 0x00, 0x00, 0x43, 0xFF, 0xA7, 0x00, 0x00, 0x00, 0x00, 0x00, 0x94, 0xFF,
    0x7C, 0x00, 0x00, 0x00, 0x00, 0x00, 0xA1, 0xFF, 0xAE, 0x04, 0x00, 0x00, 0x00, 0x00, 0x42, 0xFF,
    0xFF, 0xFF, 0x1B, 0x00, 0x00, 0x03, 0xFF, 0xFF, 0x7E, 0x40, 0x00, 0x00, 0x00, 0x51, 0xFF, 0xA6,
    0x00, 0x00, 0x00, 0x00, 0x00, 0xA8, 0xFF, 0x6A, 0x00, 0x00, 0x00, 0x00, 0x12, 0xFA, 0xFF, 0x10,
    0x00, 0x00, 0x00, 0xE9, 0xFF, 0xFF, 0xA9, 0x00, 0x00, 0x00, 0x00, 0x37, 0x34, 0x0D, 0x00, 0x00,
    0x00, 0x00, 0x00, 0x00, 0x01, 0x28, 0x03, 0x00, 0x07, 0x36, 0x13, 0x09, 0xF3, 0xFF, 0xFF, 0x1C,
    0x40, 0xFF, 0x82, 0x76, 0xFF, 0xA7, 0xFF, 0xEE, 0xAF, 0xFF, 0x4E, 0xBB, 0xFF, 0x07, 0x75, 0xFF,
    0xFF, 0xFC, 0x00, 0x45, 0x79, 0x00, 0x00, 0x2E, 0x6C, 0x0F, 0x00, 0x00, 0x00, 0x5E, 0x24, 0x00,
    0x88, 0xFF, 0xD2, 0x00, 0x67, 0xFD, 0x69, 0x00, 0x19, 0x33, 0x00, 0x00, 0xC5, 0xFF, 0x00, 0x06,
    0xFF, 0xEC, 0x00, 0x4F, 0xFF, 0xC0, 0x00, 0x9F, 0xFF, 0x99, 0x00, 0xC5, 0xFF, 0x4B, 0x00, 0xFF,
    0xFF, 0x07, 0x00, 0x00, 0x00, 0x00, 0x00, 0x21, 0xFF, 0x00, 0x00, 0x00, 0x00, 0x00, 0x63, 0xCA,
    0x00, 0x00, 0x00, 0x7C, 0xFF, 0xFF, 0xFF, 0xEB, 0x00, 0x8B, 0xFF, 0xE3, 0xFF, 0xC0, 0xC1, 0x0A,
    0xFF, 0xF3, 0x03, 0xFF, 0x12, 0x00, 0x60, 0xFF, 0x97, 0x1E, 0xFF, 0x00, 0x00, 0x73, 0xFF, 0x96,
    0x6D, 0xC5, 0x00, 0x00, 0x27, 0xFF, 0xFF, 0xE9, 0xEE, 0xD9, 0x01, 0x00, 0x70, 0xFF, 0xFF, 0xFF,
    0xB2, 0x00, 0x00, 0x00, 0x00, 0xFF, 0x0A, 0x00, 0x00, 0x00, 0x00, 0x12, 0xCD, 0x00, 0x00, 0x00,
    0x00, 0x00, 0x00, 0x17, 0xA5, 0xFC, 0xF9, 0xCE, 0x00, 0x00, 0x01, 0x64, 0xFF, 0xCF, 0xB5, 0xB1,
    0x00, 0x00, 0x0E, 0xA4, 0xD3, 0x17, 0x00, 0x00, 0x00, 0x00, 0x32, 0xD1, 0xB4, 0x30, 0x09, 0x00,
    0x00, 0x0B, 0xFF, 0xFF, 0xFF, 0xFF, 0x42, 0x00, 0x00, 0x0E, 0x81, 0xFF, 0xA3, 0x6C, 0x06, 0x00,
    0x00, 0x00, 0x53, 0xEF, 0x50, 0x00, 0x00, 0x00, 0x00, 0x8D, 0xE3, 0xFF, 0xD3, 0xB9, 0x5F, 0x00,
    0x0B, 0xE1, 0xFF, 0xFF, 0xFF, 0xFF, 0x6F, 0x00, 0x55, 0x5A, 0x00, 0x00, 0x1E, 0x91, 0x00, 0x9A,
    0xFF, 0xFA, 0xFF, 0xFF, 0xD4, 0x03, 0x01, 0xFF, 0x90, 0x49, 0xFF, 0x42, 0x00, 0x03, 0xFF, 0x58,
    0x13, 0xFF, 0x4F, 0x00, 0x66, 0xFF, 0xFF, 0xFF, 0xFF, 0xA1, 0x00, 0x8D, 0x90, 0x06, 0x12, 0x45,
    0xB1, 0x03, 0x00, 0x21, 0xFF, 0x37, 0x02, 0x95, 0xFF, 0x43, 0x00, 0x0D, 0xE5, 0x8A, 0x24, 0xE4,
    0x8F, 0x00, 0x00, 0x07, 0xB0, 0xCE, 0x9E, 0xD6, 0x0B, 0x00, 0x00, 0xC7, 0xFF, 0xFF, 0xFF, 0xFF,
    0xB0, 0x00, 0x00, 0x2E, 0x78, 0xF4, 0xDE, 0x44, 0x16, 0x00, 0x0E, 0xFF, 0xFF, 0xFF, 0xFF, 0xFF,
    0x22, 0x00, 0x06, 0x3C, 0x83, 0xF9, 0x74, 0x39, 0x03, 0x00, 0x00, 0x00, 0x70, 0xFF, 0x0F, 0x00,
    0x00, 0x00, 0x00, 0x01, 0x75, 0xFF, 0x00, 0x00, 0x00, 0x00, 0xFF, 0xC8, 0xFF, 0xC8, 0xFF, 0xC8,
    0xFF, 0xC8, 0xBD, 0x91, 0x00, 0x00, 0xBD, 0x91, 0xFF, 0xC8, 0xFF, 0xC8, 0xFF, 0xC8, 0xFF, 0xC8,
    0x00, 0x00, 0x4E, 0xF7, 0xFF, 0xFF, 0xBA, 0x00, 0x00, 0xFF, 0xFF, 0xA0, 0xAB, 0x84, 0x00, 0x00,
    0xFF, 0xFF, 0x10, 0x00, 0x00, 0x00, 0x19, 0xEC, 0xFF, 0xFF, 0x75, 0x00, 0x00, 0xDF, 0xFB, 0x19,
    0xC3, 0xFF, 0x76, 0x00, 0xF3, 0xFF, 0x3A, 0x0C, 0xFF, 0xB1, 0x00, 0x2B, 0xF0, 0xFF, 0xFF, 0xE3,
    0x12, 0x00, 0x00, 0x00, 0xB1, 0xFF, 0xB1, 0x00, 0x12, 0x6D, 0x2B, 0x55, 0xFF, 0xC3, 0x00, 0x5A,
    0xFF, 0xFF, 0xFF, 0xFF, 0x3F, 0x00, 0x00, 0x24, 0x57, 0x4B, 0x07, 0x00, 0x00, 0x10, 0xBD, 0x45,
    0x6C, 0xA5, 0x5D, 0xFF, 0x57, 0xEC, 0xE8, 0x00, 0x2D, 0xC3, 0xFB, 0xF8, 0xAB, 0x15, 0x00, 0x30,
    0xFF, 0x72, 0x00, 0x04, 0x9A, 0xFA, 0x10, 0xD5, 0x6D, 0xB1, 0xFF, 0xFF, 0x73, 0xAF, 0xBD, 0xFF,
    0x4C, 0xFF, 0x2E, 0x03, 0x19, 0x18, 0xF7, 0xFF, 0x4C, 0xFF, 0x2E, 0x01, 0x18, 0x27, 0xF7, 0xD8,
    0x6F, 0xAE, 0xFF, 0xFF, 0x72, 0xB2, 0xA1, 0x31, 0xFF, 0x6A, 0x01, 0x06, 0x94, 0xFA, 0x13, 0x00,
    0x2A, 0xBF, 0xFD, 0xFB, 0xA7, 0x13, 0x00, 0x00, 0x2B, 0xF7, 0xFF, 0xFF, 0x5D, 0x00, 0x39, 0x57,
    0x0C, 0xE9, 0xCB, 0x00, 0x72, 0xF7, 0xFF, 0xFF, 0xB5, 0x25, 0xFF, 0xA6, 0x0D, 0xFF, 0x9A, 0x54,
    0xFF, 0x61, 0x94, 0xFF, 0x5A, 0x07, 0xE2, 0xFF, 0xDF, 0xFF, 0x1B, 0xA0, 0xFF, 0xFF, 0xFF, 0xF6,
    0x00, 0x1E, 0x30, 0x30, 0x30, 0x21, 0x00, 0x00, 0x00, 0x00, 0x25, 0x0A, 0x00, 0x30, 0x00, 0x00,
    0x81, 0xFF, 0x01, 0xA0, 0xF3, 0x19, 0xCF, 0xFF, 0x7E, 0xE7, 0xFB, 0x3D, 0x9F, 0xFF, 0x3A, 0xAB,
    0xFF, 0x1F, 0x00, 0x09, 0xDA, 0xFF, 0x42, 0xF6, 0xFF, 0x12, 0x00, 0x06, 0xD3, 0x2B, 0x12, 0xE6,
    0x07, 0x00, 0x00, 0x04, 0x00, 0x00, 0x04, 0x00, 0x15, 0x30, 0x30, 0x30, 0x30, 0x30, 0x30, 0x0C,
    0xA8, 0xFF, 0xFF, 0xFF, 0xFF, 0xFF, 0xFF, 0x66, 0x34, 0x78, 0x78, 0x78, 0x78, 0xBA, 0xFF, 0x66,
    0x00, 0x00, 0x00, 0x00, 0x00, 0x60, 0xFF, 0x66, 0x00, 0x00, 0x00, 0x00, 0x00, 0x1E, 0x78, 0x1F,
    0x36, 0xF5, 0xF5, 0xF5, 0xC6, 0x88, 0xFF, 0xFF, 0xFF, 0xCA, 0x00, 0x2D, 0xC3, 0xFB, 0xF8, 0xAB,
    0x15, 0x00, 0x30, 0xFF, 0x69, 0x00, 0x04, 0x9C, 0xF8, 0x10, 0xD5, 0x5E, 0xBE, 0xE6, 0xE4, 0x3C,
    0xB1, 0xBD, 0xFF, 0x00, 0xE6, 0x7E, 0xCA, 0xA9, 0x28, 0xF7, 0xFF, 0x00, 0xE6, 0xFF, 0xFF, 0x25,
    0x25, 0xF7, 0xD3, 0x5E, 0xE6, 0x7E, 0xD0, 0xAE, 0xA5, 0xA1, 0x2E, 0xFF, 0xA2, 0x18, 0x1E, 0xAB,
    0xFA, 0x13, 0x00, 0x2A, 0xC1, 0xFF, 0xFF, 0xA7, 0x13, 0x00, 0x49, 0xFF, 0xFF, 0xFF, 0xFF, 0x12,
    0x3C, 0x3C, 0x3C, 0x2A, 0x00, 0x99, 0xFF, 0xFF, 0x66, 0x00, 0x28, 0xFF, 0x2B, 0x5D, 0xFF, 0x00,
    0x27, 0xFF, 0x2E, 0x66, 0xFF, 0x00, 0x00, 0xA8, 0xFF, 0xFF, 0x69, 0x00, 0x00, 0x00, 0x00, 0xC5,
    0xBD, 0x00, 0x00, 0x00, 0x15, 0x30, 0x30, 0xFF, 0xE3, 0x30, 0x30, 0x0C, 0xA8, 0xFF, 0xFF, 0xFF,
    0xFF, 0xFF, 0xFF, 0x66, 0x34, 0x78, 0x78, 0xFF, 0xF7, 0x78, 0x78, 0x1F, 0x00, 0x00, 0x00, 0xFF,
    0xD7, 0x00, 0x00, 0x00, 0x00, 0x00, 0x00, 0xFF, 0xD7, 0x00, 0x00, 0x00, 0x4B, 0xAE, 0xAE, 0xAE,
    0xAE, 0xAE, 0xAE, 0x2D, 0xA8, 0xFF, 0xFF, 0xFF, 0xFF, 0xFF, 0xFF, 0x66, 0x00, 0x5A, 0xFF, 0xFF,
    0xFF, 0x54, 0x00, 0x1F, 0x0A, 0x03, 0xFF, 0x8E, 0x00, 0x00, 0x13, 0xD4, 0xA6, 0x00, 0x00, 0x64,
    0xF1, 0x66, 0x00, 0x00, 0x54, 0xFF, 0xFF, 0xFF, 0xFF, 0x01, 0x00, 0x2D, 0xFF, 0xFF, 0xFF, 0x67,
    0x00, 0x0C, 0x09, 0x04, 0xF0, 0xA2, 0x00, 0x00, 0xA0, 0xFF, 0xF2, 0x0F, 0x03, 0x0D, 0x00, 0x25,
    0xFF, 0x52, 0x31, 0xFF, 0xFF, 0xFF, 0xB7, 0x06, 0x00, 0x00, 0x6F, 0xA0, 0x49, 0x00, 0x51, 0xFF,
    0xAD, 0x01, 0x24, 0xFF, 0xA5, 0x00, 0x00, 0x00, 0x00, 0xB6, 0xC8, 0x29, 0xB5, 0xE8, 0x43, 0x00,
    0x00, 0xEA, 0xAC, 0x0D, 0xDF, 0xE0, 0x04, 0x00, 0x00, 0xFF, 0x9F, 0x0E, 0xE2, 0xD8, 0x00, 0x00,
    0x23, 0xFB, 0x8A, 0x3E, 0xEC, 0xA0, 0x00, 0x00, 0x64, 0xF4, 0x69, 0x65, 0xF3, 0x7C, 0x00, 0x00,
    0xA4, 0xFF, 0xE0, 0xE0, 0xFF, 0xA0, 0x00, 0x00, 0xBD, 0xFF, 0xFF, 0xC6, 0xF4, 0xA9, 0x00, 0x00,
    0xDF, 0xDF, 0x00, 0x00, 0x00, 0x00, 0x00, 0x0F, 0xE2, 0xCF, 0x00, 0x00, 0x00, 0x00, 0x00, 0x3C,
    0xEB, 0x9E, 0x00, 0x00, 0x00, 0x00, 0x00, 0x00, 0x16, 0xB5, 0xFF, 0xFF, 0xFF, 0xFF, 0xA9, 0x06,
    0xFD, 0xFF, 0xFF, 0xFF, 0x01, 0xFF, 0x5D, 0x66, 0xFF, 0xFF, 0xFF, 0xCE, 0x3A, 0xFF, 0x13, 0x6F,
    0xFF, 0xFF, 0xFF, 0xA9, 0x87, 0xFF, 0x00, 0x07, 0xDE, 0xFF, 0xFF, 0x5D, 0xB1, 0xCE, 0x00, 0x00,
    0x00, 0x5B, 0xFF, 0x12, 0xF1, 0xA9, 0x00, 0x00, 0x00, 0x8A, 0xFF, 0x01, 0xFF, 0x5D, 0x00, 0x00,
    0x00, 0xB2, 0xCD, 0x3C, 0xFF, 0x13, 0x00, 0x00, 0x00, 0xF3, 0xA8, 0x88, 0xFF, 0x00, 0x00, 0x00,
    0x03, 0xFF, 0x5B, 0xB1, 0xCE, 0x00, 0x00, 0x00, 0x0F, 0x96, 0x0F, 0x67, 0x4B, 0x00, 0x00, 0x00,
    0x06, 0x01, 0x0F, 0xFF, 0xF2, 0x0C, 0xFF, 0xE1, 0x00, 0x00, 0x27, 0x9F, 0x00, 0x00, 0x12, 0x24,
    0xFF, 0x01, 0x01, 0xFF, 0xFF, 0xA6, 0x00, 0x00, 0x33, 0xFF, 0xFF, 0xA0, 0x00, 0x00, 0x09, 0x0A,
    0xFF, 0x70, 0x00, 0x00, 0x00, 0x42, 0xFF, 0x1F, 0x00, 0x00, 0x00, 0x91, 0xFF, 0x00, 0x00, 0x1E,
    0xFF, 0xFF, 0xFF, 0xFF, 0x21, 0x00, 0x13, 0xBE, 0xFF, 0xF1, 0x3C, 0x00, 0xC5, 0xFF, 0x4C, 0xF3,
    0xD2, 0x00, 0xFF, 0x96, 0x00, 0xC5, 0xDE, 0x03, 0xFF, 0x9F, 0x27, 0xFF, 0xA5, 0x00, 0xBA, 0xFF,
    0xFF, 0xC9, 0x09, 0x00, 0x00, 0x0D, 0x0D, 0x00, 0x00, 0xAF, 0xFF, 0xFF, 0xFF, 0xFF, 0x00, 0x1B,
    0x30, 0x30, 0x30, 0x24, 0x00, 0x00, 0x2D, 0x01, 0x00, 0x30, 0x00, 0x00, 0x00, 0x00, 0xAC, 0xC9,
    0x04, 0xD0, 0xA7, 0x00, 0x00, 0x00, 0x48, 0xFF, 0xD3, 0x69, 0xFF, 0xB5, 0x00, 0x00, 0x01, 0xAC,
    0xFF, 0x18, 0xCA, 0xFF, 0x00, 0x1E, 0xF2, 0xF1, 0x64, 0xFF, 0xD9, 0x1E, 0x00, 0x7C, 0xAF, 0x03,
    0xA0, 0x91, 0x00, 0x00, 0x00, 0x04, 0x00, 0x00, 0x04, 0x00, 0x00, 0x00, 0x00, 0x00, 0x75, 0xA6,
    0xA1, 0x00, 0x00, 0x00, 0x00, 0x00, 0x78, 0xD7, 0xE4, 0x00, 0x00, 0x00, 0x00, 0x00, 0x00, 0xF7,
    0xB7, 0x00, 0x00, 0x00, 0x00, 0x00, 0x0C, 0xFF, 0x5B, 0x00, 0x00, 0x00, 0x00, 0xC9, 0xFF, 0xFF,
    0xFF, 0x9A, 0x0C, 0x61, 0x0A, 0x00, 0x07, 0x5A, 0xBB, 0xEB, 0xF6, 0xAC, 0x1C, 0xB2, 0xFF, 0xBA,
    0x7B, 0x19, 0x36, 0x82, 0x01, 0x06, 0x00, 0x00, 0x00, 0x31, 0xFF, 0xFF, 0x00, 0x00, 0x00, 0x00,
    0x22, 0xF5, 0xC9, 0xDF, 0x00, 0x00, 0x00, 0x15, 0xF2, 0x4B, 0xD9, 0xA3, 0x00, 0x00, 0x00, 0x78,
    0xFF, 0xFF, 0xFF, 0xFF, 0x07, 0x00, 0x00, 0x00, 0x00, 0x19, 0xFF, 0x2D, 0x00, 0x00, 0x00, 0x00,
    0x00, 0x01, 0x0C, 0x00, 0x00, 0x00, 0x00, 0x0A, 0x16, 0x00, 0x00, 0x00, 0x00, 0x00, 0xDC, 0xFF,
    0xFF, 0x00, 0x00, 0x00, 0x00, 0x00, 0x06, 0xC3, 0xCD, 0x00, 0x00, 0x00, 0x00, 0x00, 0x00, 0xFF,
    0xA5, 0x00, 0x00, 0x00, 0x00, 0x00, 0x0F, 0xFF, 0x55, 0x00, 0x00, 0x00, 0x00, 0xC9, 0xFF, 0xFF,
    0xFF, 0x9A, 0x03, 0x58, 0x09, 0x00, 0x00, 0x10, 0x79, 0xC6, 0xFF, 0xE6, 0x25, 0x73, 0xE2, 0xFF,
    0xD2, 0x84, 0x15, 0x00, 0x00, 0x6A, 0x6A, 0x07, 0x57, 0xFF, 0xFF, 0xFC, 0x42, 0x00, 0x00, 0x00,
    0x27, 0x12, 0x04, 0xFF, 0x87, 0x00, 0x00, 0x00, 0x00, 0x16, 0xD8, 0xA6, 0x00, 0x00, 0x00, 0x00,
    0x70, 0xF0, 0x61, 0x00, 0x00, 0x00, 0x00, 0x5A, 0xFF, 0xFF, 0xFF, 0xFF, 0x00, 0x00, 0xAB, 0xFF,
    0xFF, 0xCA, 0x06, 0x00, 0x00, 0x00, 0x1E, 0x01, 0x57, 0xFF, 0x1F, 0x00, 0x00, 0x00, 0x07, 0xFF,
    0xFF, 0x90, 0x00, 0x00, 0x00, 0x00, 0x00, 0x01, 0xA0, 0xF2, 0x00, 0x00, 0x00, 0x3A, 0x0F, 0x01,
    0xC3, 0xDD, 0x00, 0x00, 0x00, 0xB5, 0xFF, 0xFF, 0xD7, 0x2E, 0x40, 0x94, 0x12, 0x1C, 0x70, 0xA3,
    0xDF, 0xE6, 0xB4, 0x85, 0x12, 0x82, 0xA0, 0x4E, 0x07, 0x00, 0xB4, 0xDF, 0x01, 0x00, 0x00, 0x00,
    0x01, 0xB0, 0xF8, 0xF3, 0x00, 0x00, 0x00, 0x06, 0xBE, 0x72, 0xD2, 0xAA, 0x00, 0x00, 0x00, 0x70,
    0xFF, 0xFF, 0xFF, 0xFF, 0x07, 0x00, 0x00, 0x00, 0x00, 0x19, 0xFF, 0x2D, 0x00, 0x00, 0x00, 0x00,
    0x00, 0x01, 0x0C, 0x00, 0x00, 0x00, 0x00, 0x00, 0x00, 0x00, 0x00, 0x00, 0x00, 0x00, 0x19, 0xFF,
    0xE2, 0x00, 0x00, 0x00, 0x2B, 0xFF, 0xAD, 0x00, 0x00, 0x00, 0x00, 0x00, 0x00, 0x00, 0x00, 0x00,
    0x7F, 0xFF, 0x8A, 0x00, 0x00, 0x00, 0xE2, 0xFF, 0x24, 0x00, 0x04, 0xB7, 0xFF, 0xB5, 0x00, 0x03,
    0xD9, 0xFF, 0x9D, 0x00, 0x00, 0x72, 0xFF, 0xAA, 0x00, 0x00, 0x28, 0x81, 0xFF, 0xFD, 0xBD, 0xDF,
    0xD9, 0x06, 0xC4, 0xFF, 0xFF, 0xE1, 0x55, 0x00, 0x00, 0x00, 0x00, 0x85, 0x9A, 0x07, 0x00, 0x00,
    0x00, 0x00, 0x00, 0x1F, 0xED, 0x7A, 0x00, 0x00, 0x00, 0x00, 0x00, 0x00, 0x00, 0x00, 0x00, 0x00,
    0x00, 0x00, 0x00, 0xB7, 0xFF, 0xB2, 0x09, 0x00, 0x00, 0x00, 0x1F, 0xFF, 0xFF, 0xBC, 0x27, 0x00,
    0x00, 0x00, 0xA1, 0xF9, 0xB3, 0xC5, 0x45, 0x00, 0x00, 0x17, 0xF1, 0xAE, 0xA6, 0xCF, 0x64, 0x00,
    0x00, 0x86, 0xF9, 0x5D, 0xB8, 0xD8, 0x82, 0x00, 0x11, 0xD4, 0xFF, 0xFF, 0xFF, 0xE2, 0xA2, 0x00,
    0x83, 0xF3, 0x98, 0x82, 0xC7, 0xE1, 0xA0, 0x0B, 0xB5, 0xF4, 0x0F, 0x05, 0x70, 0xE9, 0xBA, 0x66,
    0xE8, 0xA5, 0x09, 0x04, 0x65, 0xF1, 0xD3, 0x00, 0x00, 0x00, 0x00, 0x0F, 0xE2, 0xC8, 0x0A, 0x00,
    0x00, 0x00, 0x00, 0x8B, 0xDF, 0x08, 0x00, 0x00, 0x00, 0x00, 0x00, 0x00, 0x00, 0x00, 0x00, 0x00,
    0x00, 0x00, 0x43, 0xE2, 0xFF, 0x08, 0x00, 0x00, 0x00, 0x04, 0x74, 0xFF, 0xFF, 0x22, 0x00, 0x00,
    0x00, 0x16, 0xCB, 0xC5, 0xF3, 0x3C, 0x00, 0x00, 0x00, 0x38, 0xE1, 0x9D, 0xF1, 0x58, 0x00, 0x00,
    0x00, 0xB0, 0xC0, 0x8A, 0xF4, 0x72, 0x00, 0x00, 0x15, 0xFF, 0xFF, 0xFF, 0xFF, 0x8E, 0x00, 0x00,
    0xA6, 0xF1, 0x8A, 0xA4, 0xF6, 0x8C, 0x00, 0x0C, 0xE2, 0xD3, 0x00, 0x31, 0xE9, 0xA3, 0x00, 0x71,
    0xF6, 0x7E, 0x00, 0x29, 0xE7, 0xB9, 0x00, 0x00, 0x00, 0x00, 0x14, 0x8D, 0xC3, 0x5A, 0x00, 0x00,
    0x00, 0x06, 0x7E, 0xC7, 0x98, 0xE1, 0x0F, 0x00, 0x00, 0x00, 0x00, 0x00, 0x00, 0x00, 0x00, 0x00,
    0x00, 0x00, 0x43, 0xE2, 0xFF, 0x08, 0x00, 0x00, 0x00, 0x04, 0x74, 0xFF, 0xFF, 0x22, 0x00, 0x00,
    0x00, 0x16, 0xCB, 0xC5, 0xF3, 0x3C, 0x00, 0x00, 0x00, 0x38, 0xE1, 0x9D, 0xF1, 0x58, 0x00, 0x00,
    0x00, 0xB0, 0xC0, 0x8A, 0xF4, 0x72, 0x00, 0x00, 0x15, 0xFF, 0xFF, 0xFF, 0xFF, 0x8E, 0x00, 0x00,
    0xA6, 0xF1, 0x8A, 0xA4, 0xF6, 0x8C, 0x00, 0x0C, 0xE2, 0xD3, 0x00, 0x31, 0xE9, 0xA3, 0x00, 0x71,
    0xF6, 0x7E, 0x00, 0x29, 0xE7, 0xB9, 0x00, 0x00, 0x00, 0x00, 0x46, 0xE6, 0x86, 0xBE, 0x6D, 0x00,
    0x00, 0x08, 0x7F, 0x96, 0xEC, 0xC4, 0x04, 0x00, 0x00, 0x00, 0x00, 0x00, 0x00, 0x00, 0x00, 0x00,
    0x00, 0x00, 0x43, 0xE2, 0xFF, 0x08, 0x00, 0x00, 0x00, 0x04, 0x74, 0xFF, 0xFF, 0x22, 0x00, 0x00,
    0x00, 0x16, 0xCB, 0xC5, 0xF3, 0x3C, 0x00, 0x00, 0x00, 0x38, 0xE1, 0x9D, 0xF1, 0x58, 0x00, 0x00,
    0x00, 0xB0, 0xC0, 0x8A, 0xF4, 0x72, 0x00, 0x00, 0x15, 0xFF, 0xFF, 0xFF, 0xFF, 0x8E, 0x00, 0x00,
    0xA6, 0xF1, 0x8A, 0xA4, 0xF6, 0x8C, 0x00, 0x0C, 0xE2, 0xD3, 0x00, 0x31, 0xE9, 0xA3, 0x00, 0x71,
    0xF6, 0x7E, 0x00, 0x29, 0xE7, 0xB9, 0x00, 0x00, 0x00, 0x00, 0x37, 0x7B, 0x3E, 0x9F, 0x16, 0x00,
    0x00, 0x01, 0x64, 0xCE, 0xB7, 0xE0, 0x09, 0x00, 0x00, 0x00, 0x00, 0x00, 0x00, 0x00, 0x00, 0x00,
    0x00, 0x00, 0x43, 0xE2, 0xFF, 0x08, 0x00, 0x00, 0x00, 0x04, 0x74, 0xFF, 0xFF, 0x22, 0x00, 0x00,
    0x00, 0x16, 0xCB, 0xC5, 0xF3, 0x3C, 0x00, 0x00, 0x00, 0x38, 0xE1, 0x9D, 0xF1, 0x58, 0x00, 0x00,
    0x00, 0xB0, 0xC0, 0x8A, 0xF4, 0x72, 0x00, 0x00, 0x15, 0xFF, 0xFF, 0xFF, 0xFF, 0x8E, 0x00, 0x00,
    0xA6, 0xF1, 0x8A, 0xA4, 0xF6, 0x8C, 0x00, 0x0C, 0xE2, 0xD3, 0x00, 0x31, 0xE9, 0xA3, 0x00, 0x71,
    0xF6, 0x7E, 0x00, 0x29, 0xE7, 0xB9, 0x00, 0x00, 0x00, 0x00, 0x00, 0x91, 0xFD, 0xB2, 0x24, 0x00,
    0x00, 0x00, 0x00, 0xF3, 0x53, 0xB2, 0xA6, 0x00, 0x00, 0x00, 0x00, 0xF3, 0x55, 0xB1, 0x94, 0x00,
    0x00, 0x00, 0x00, 0xEE, 0xFF, 0xB5, 0x12, 0x00, 0x00, 0x00, 0x4C, 0xFF, 0xFF, 0xBE, 0x2E, 0x00,
    0x00, 0x00, 0xCB, 0xF9, 0xB7, 0xC7, 0x4C, 0x00, 0x00, 0x2F, 0xF3, 0xA3, 0xB4, 0xD0, 0x69, 0x00,
    0x00, 0xA0, 0xFB, 0x58, 0xC5, 0xDA, 0x87, 0x00, 0x1C, 0xD7, 0xFF, 0xFF, 0xFF, 0xE3, 0xA5, 0x00,
    0x79, 0xF0, 0x95, 0x81, 0xB8, 0xE2, 0xA2, 0x0E, 0xB7, 0xED, 0x0F, 0x06, 0x7E, 0xEA, 0xBB, 0x69,
    0xE9, 0x9C, 0x08, 0x05, 0x6E, 0xF2, 0xD4, 0x00, 0x00, 0x0D, 0xD5, 0xFF, 0xFF, 0xFF, 0x54, 0x00,
    0x00, 0x46, 0xED, 0xFD, 0xE0, 0xBA, 0x0C, 0x00, 0x01, 0x78, 0xC0, 0xDF, 0x71, 0x00, 0x00, 0x00,
    0x0A, 0xCB, 0x4B, 0xFF, 0xD8, 0x55, 0x00, 0x00, 0x14, 0xE3, 0x6E, 0xFF, 0xFF, 0x4B, 0x00, 0x00,
    0x8C, 0xFF, 0xFF, 0xE7, 0x37, 0x00, 0x00, 0x00, 0xFD, 0xAF, 0xD0, 0xD9, 0x16, 0x00, 0x00, 0x46,
    0xF5, 0x33, 0xBD, 0xF2, 0xBC, 0x0C, 0x00, 0x9F, 0xEF, 0x00, 0xCF, 0xFF, 0xEC, 0x0E, 0x00, 0x00,
    0x00, 0x09, 0xB8, 0xFF, 0xFF, 0xFF, 0x88, 0x00, 0x01, 0xE3, 0xFF, 0xFF, 0xC9, 0xFF, 0x8A, 0x00,
    0x99, 0xFF, 0xE9, 0x09, 0x00, 0x15, 0x21, 0x00, 0xFF, 0xFF, 0x3F, 0x00, 0x00, 0x00, 0x00, 0x28,
    0xFF, 0xFF, 0x00, 0x00, 0x00, 0x00, 0x00, 0x66, 0xFF, 0xC4, 0x00, 0x00, 0x00, 0x00, 0x00, 0x6F,
    0xFF, 0xC3, 0x00, 0x00, 0x00, 0x00, 0x00, 0x3A, 0xFF, 0xFF, 0x34, 0x13, 0x8D, 0x2B, 0x00, 0x00,
    0xDC, 0xFF, 0xFF, 0xFF, 0xFF, 0x06, 0x00, 0x00, 0x07, 0x9F, 0xFF, 0xE9, 0x73, 0x00, 0x00, 0x00,
    0x0A, 0x03, 0xB5, 0xB9, 0x00, 0x00, 0x00, 0x00, 0x76, 0xFF, 0xFF, 0x58, 0x00, 0x00, 0x00, 0x00,
    0x00, 0x00, 0x58, 0xC3, 0x2A, 0x00, 0x00, 0x00, 0x00, 0x00, 0x01, 0xCF, 0xCB, 0x00, 0x00, 0x00,
    0x00, 0x00, 0x00, 0x00, 0x00, 0x00, 0x00, 0x00, 0x21, 0xFF, 0xFF, 0xFF, 0xFF, 0xFF, 0xFF, 0x00,
    0x70, 0xFF, 0xFF, 0xB9, 0xB9, 0xB9, 0x93, 0x00, 0xBE, 0xFF, 0x8E, 0x00, 0x00, 0x00, 0x00, 0x00,
    0xDF, 0xFF, 0xD5, 0xB9, 0xB9, 0xA9, 0x00, 0x00, 0xFF, 0xFF, 0xFF, 0xFF, 0xFF, 0xC4, 0x00, 0x27,
    0xFF, 0xF1, 0x00, 0x00, 0x00, 0x00, 0x00, 0x76, 0xFF, 0xB1, 0x00, 0x00, 0x00, 0x00, 0x00, 0xA3,
    0xFF, 0xF0, 0xB9, 0xB9, 0xB9, 0x4C, 0x00, 0xE3, 0xFF, 0xFF, 0xFF, 0xFF, 0xFF, 0x45, 0x00, 0x00,
    0x00, 0x00, 0x00, 0x01, 0xDA, 0xFF, 0x2B, 0x00, 0x00, 0x00, 0x00, 0xB4, 0xFF, 0x28, 0x00, 0x00,
    0x00, 0x00, 0x00, 0x00, 0x00, 0x00, 0x00, 0x00, 0x21, 0xFF, 0xFF, 0xFF, 0xFF, 0xFF, 0xFF, 0x00,
    0x70, 0xFF, 0xFF, 0xB9, 0xB9, 0xB9, 0x93, 0x00, 0xBE, 0xFF, 0x8E, 0x00, 0x00, 0x00, 0x00, 0x00,
    0xDF, 0xFF, 0xD5, 0xB9, 0xB9, 0xA9, 0x00, 0x00, 0xFF, 0xFF, 0xFF, 0xFF, 0xFF, 0xC4, 0x00, 0x27,
    0xFF, 0xF1, 0x00, 0x00, 0x00, 0x00, 0x00, 0x76, 0xFF, 0xB1, 0x00, 0x00, 0x00, 0x00, 0x00, 0xA3,
    0xFF, 0xF0, 0xB9, 0xB9, 0xB9, 0x4C, 0x00, 0xE3, 0xFF, 0xFF, 0xFF, 0xFF, 0xFF, 0x45, 0x00, 0x00,
    0x00, 0x00, 0x18, 0xB9, 0xC3, 0x90, 0x00, 0x00, 0x00, 0x15, 0xF8, 0xAF, 0x6D, 0xFF, 0x30, 0x00,
    0x00, 0x00, 0x00, 0x00, 0x00, 0x00, 0x00, 0x00, 0x21, 0xFF, 0xFF, 0xFF, 0xFF, 0xFF, 0xFF, 0x00,
    0x70, 0xFF, 0xFF, 0xB9, 0xB9, 0xB9, 0x93, 0x00, 0xBE, 0xFF, 0x8E, 0x00, 0x00, 0x00, 0x00, 0x00,
    0xDF, 0xFF, 0xD5, 0xB9, 0xB9, 0xA9, 0x00, 0x00, 0xFF, 0xFF, 0xFF, 0xFF, 0xFF, 0xC4, 0x00, 0x27,
    0xFF, 0xF1, 0x00, 0x00, 0x00, 0x00, 0x00, 0x76, 0xFF, 0xB1, 0x00, 0x00, 0x00, 0x00, 0x00, 0xA3,
    0xFF, 0xF0, 0xB9, 0xB9, 0xB9, 0x4C, 0x00, 0xE3, 0xFF, 0xFF, 0xFF, 0xFF, 0xFF, 0x45, 0x00, 0x00,
    0x00, 0x00, 0x7C, 0x94, 0x1C, 0xBE, 0x39, 0x00, 0x00, 0x00, 0xFF, 0xC9, 0x76, 0xFF, 0x3D, 0x00,
    0x00, 0x00, 0x00, 0x00, 0x00, 0x00, 0x00, 0x00, 0x21, 0xFF, 0xFF, 0xFF, 0xFF, 0xFF, 0xFF, 0x00,
    0x70, 0xFF, 0xFF, 0xB9, 0xB9, 0xB9, 0x93, 0x00, 0xBE, 0xFF, 0x8E, 0x00, 0x00, 0x00, 0x00, 0x00,
    0xDF, 0xFF, 0xD5, 0xB9, 0xB9, 0xA9, 0x00, 0x00, 0xFF, 0xFF, 0xFF, 0xFF, 0xFF, 0xC4, 0x00, 0x27,
    0xFF, 0xF1, 0x00, 0x00, 0x00, 0x00, 0x00, 0x76, 0xFF, 0xB1, 0x00, 0x00, 0x00, 0x00, 0x00, 0xA3,
    0xFF, 0xF0, 0xB9, 0xB9, 0xB9, 0x4C, 0x00, 0xE3, 0xFF, 0xFF, 0xFF, 0xFF, 0xFF, 0x45, 0x00, 0x00,
    0x00, 0x00, 0x84, 0xBA, 0x09, 0x00, 0x00, 0x00, 0x00, 0x00, 0x12, 0xFD, 0xAC, 0x00, 0x00, 0x00,
    0x00, 0x00, 0x00, 0x00, 0x00, 0x00, 0x00, 0x00, 0x22, 0xFF, 0xFF, 0xFF, 0xFF, 0xFF, 0xAF, 0x00,
    0x37, 0xB9, 0xF7, 0xFF, 0xF0, 0xB9, 0x55, 0x00, 0x00, 0x00, 0xC4, 0xFF, 0x64, 0x00, 0x00, 0x00,
    0x00, 0x00, 0xFF, 0xFF, 0x18, 0x00, 0x00, 0x00, 0x00, 0x0F, 0xFF, 0xFF, 0x00, 0x00, 0x00, 0x00,
    0x00, 0x58, 0xFF, 0xCD, 0x00, 0x00, 0x00, 0x00, 0x00, 0xA8, 0xFF, 0xA8, 0x00, 0x00, 0x00, 0x7B,
    0xB9, 0xFF, 0xFF, 0xDF, 0xB9, 0x10, 0x00, 0xE7, 0xFF, 0xFF, 0xFF, 0xFF, 0xFF, 0x00, 0x00, 0x00,
    0x00, 0x00, 0x00, 0x19, 0xFF, 0xDF, 0x09, 0x00, 0x00, 0x00, 0x01, 0xE3, 0xDC, 0x09, 0x00, 0x00,
    0x00, 0x00, 0x00, 0x00, 0x00, 0x00, 0x00, 0x00, 0x22, 0xFF, 0xFF, 0xFF, 0xFF, 0xFF, 0xAF, 0x00,
    0x37, 0xB9, 0xF7, 0xFF, 0xF0, 0xB9, 0x55, 0x00, 0x00, 0x00, 0xC4, 0xFF, 0x64, 0x00, 0x00, 0x00,
    0x00, 0x00, 0xFF, 0xFF, 0x18, 0x00, 0x00, 0x00, 0x00, 0x0F, 0xFF, 0xFF, 0x00, 0x00, 0x00, 0x00,
    0x00, 0x58, 0xFF, 0xCD, 0x00, 0x00, 0x00, 0x00, 0x00, 0xA8, 0xFF, 0xA8, 0x00, 0x00, 0x00, 0x7B,
    0xB9, 0xFF, 0xFF, 0xDF, 0xB9, 0x10, 0x00, 0xE7, 0xFF, 0xFF, 0xFF, 0xFF, 0xFF, 0x00, 0x00, 0x00,
    0x00, 0x00, 0x30, 0xC0, 0xC3, 0x6F, 0x00, 0x00, 0x00, 0x28, 0xFF, 0xAC, 0x8D, 0xFF, 0x15, 0x00,
    0x00, 0x00, 0x00, 0x00, 0x00, 0x00, 0x00, 0x00, 0x22, 0xFF, 0xFF, 0xFF, 0xFF, 0xFF, 0xAF, 0x00,
    0x37, 0xB9, 0xF7, 0xFF, 0xF0, 0xB9, 0x55, 0x00, 0x00, 0x00, 0xC4, 0xFF, 0x64, 0x00, 0x00, 0x00,
    0x00, 0x00, 0xFF, 0xFF, 0x18, 0x00, 0x00, 0x00, 0x00, 0x0F, 0xFF, 0xFF, 0x00, 0x00, 0x00, 0x00,
    0x00, 0x58, 0xFF, 0xCD, 0x00, 0x00, 0x00, 0x00, 0x00, 0xA8, 0xFF, 0xA8, 0x00, 0x00, 0x00, 0x7B,
    0xB9, 0xFF, 0xFF, 0xDF, 0xB9, 0x10, 0x00, 0xE7, 0xFF, 0xFF, 0xFF, 0xFF, 0xFF, 0x00, 0x00, 0x00,
    0x00, 0x00, 0x96, 0x7B, 0x33, 0xA0, 0x21, 0x00, 0x00, 0x01, 0xFF, 0xA2, 0xA8, 0xFF, 0x12, 0x00,
    0x00, 0x00, 0x00, 0x00, 0x00, 0x00, 0x00, 0x00, 0x22, 0xFF, 0xFF, 0xFF, 0xFF, 0xFF, 0xAF, 0x00,
    0x37, 0xB9, 0xF7, 0xFF, 0xF0, 0xB9, 0x55, 0x00, 0x00, 0x00, 0xC4, 0xFF, 0x64, 0x00, 0x00, 0x00,
    0x00, 0x00, 0xFF, 0xFF, 0x18, 0x00, 0x00, 0x00, 0x00, 0x0F, 0xFF, 0xFF, 0x00, 0x00, 0x00, 0x00,
    0x00, 0x58, 0xFF, 0xCD, 0x00, 0x00, 0x00, 0x00, 0x00, 0xA8, 0xFF, 0xA8, 0x00, 0x00, 0x00, 0x7B,
    0xB9, 0xFF, 0xFF, 0xDF, 0xB9, 0x10, 0x00, 0xE7, 0xFF, 0xFF, 0xFF, 0xFF, 0xFF, 0x00, 0x00, 0x00,
    0x2B, 0xFF, 0xFF, 0xFF, 0xF8, 0x79, 0x00, 0x00, 0x73, 0xFF, 0xFF, 0xDF, 0xFF, 0xFF, 0x51, 0x00,
    0xBD, 0xFF, 0x88, 0x00, 0xA2, 0xFF, 0xBD, 0x1C, 0xE2, 0xFF, 0x6F, 0x15, 0x8E, 0xFF, 0xB0, 0xEC,
    0xFF, 0xFF, 0xFF, 0x7E, 0xBE, 0xFF, 0xA3, 0x88, 0xFF, 0xFF, 0x78, 0x18, 0xF3, 0xFF, 0x49, 0x76,
    0xFF, 0xAF, 0x00, 0x60, 0xFF, 0xFF, 0x00, 0xAA, 0xFF, 0xF6, 0xDF, 0xFF, 0xFF, 0x6D, 0x00, 0xF0,
    0xFF, 0xFF, 0xFF, 0xE3, 0x5D, 0x00, 0x00, 0x00, 0x00, 0x00, 0x3C, 0xDB, 0xAF, 0xB1, 0xB1, 0x00,
    0x00, 0x01, 0x66, 0x95, 0xE5, 0xE3, 0x21, 0x00, 0x00, 0x00, 0x00, 0x00, 0x00, 0x00, 0x00, 0x00,
    0x00, 0xAC, 0xF5, 0x55, 0x00, 0xFC, 0xFF, 0x00, 0x00, 0xCD, 0xFF, 0x60, 0x06, 0xFA, 0xD3, 0x00,
    0x00, 0xFF, 0xFF, 0x80, 0x48, 0xF5, 0xAF, 0x00, 0x0D, 0xF8, 0xDD, 0xB2, 0x96, 0xEB, 0x61, 0x00,
    0x4F, 0xF4, 0xBB, 0xC3, 0xBE, 0xE2, 0x16, 0x00, 0x94, 0xEA, 0x7B, 0xDE, 0xFE, 0xDF, 0x00, 0x00,
    0xB4, 0xE1, 0x2F, 0xC6, 0xFF, 0xB4, 0x00, 0x00, 0xDF, 0xDF, 0x08, 0xA7, 0xFF, 0x94, 0x00, 0x0E,
    0xE2, 0xAC, 0x00, 0x9F, 0xFF, 0x50, 0x00, 0x00, 0x00, 0x00, 0x72, 0xC0, 0x15, 0x00, 0x00, 0x00,
    0x00, 0x00, 0x09, 0xEC, 0xAC, 0x00, 0x00, 0x00, 0x00, 0x00, 0x00, 0x00, 0x00, 0x00, 0x00, 0x00,
    0x00, 0x73, 0xFF, 0xFF, 0xFF, 0x90, 0x00, 0x00, 0x6C, 0xFF, 0xFF, 0xC6, 0xFF, 0xFF, 0x3C, 0x00,
    0xFF, 0xFF, 0x51, 0x00, 0xB0, 0xFF, 0x91, 0x4C, 0xFF, 0xFD, 0x00, 0x00, 0xAC, 0xFF, 0x97, 0xA8,
    0xFF, 0xA8, 0x00, 0x00, 0xE3, 0xFF, 0x64, 0xB6, 0xFF, 0x8B, 0x00, 0x09, 0xFF, 0xFF, 0x15, 0xB1,
    0xFF, 0x93, 0x00, 0x97, 0xFF, 0xD4, 0x00, 0x7E, 0xFF, 0xFF, 0xD4, 0xFF, 0xFF, 0x37, 0x00, 0x00,
    0xA3, 0xFF, 0xFF, 0xEE, 0x4E, 0x00, 0x00, 0x00, 0x00, 0x00, 0x00, 0x00, 0x8B, 0xAC, 0x0D, 0x00,
    0x00, 0x00, 0x00, 0xA2, 0xFF, 0x39, 0x00, 0x00, 0x00, 0x00, 0x00, 0x00, 0x00, 0x00, 0x00, 0x00,
    0x00, 0x73, 0xFF, 0xFF, 0xFF, 0x90, 0x00, 0x00, 0x6C, 0xFF, 0xFF, 0xC6, 0xFF, 0xFF, 0x3C, 0x00,
    0xFF, 0xFF, 0x51, 0x00, 0xB0, 0xFF, 0x91, 0x4C, 0xFF, 0xFD, 0x00, 0x00, 0xAC, 0xFF, 0x97, 0xA8,
    0xFF, 0xA8, 0x00, 0x00, 0xE3, 0xFF, 0x64, 0xB6, 0xFF, 0x8B, 0x00, 0x09, 0xFF, 0xFF, 0x15, 0xB1,
    0xFF, 0x93, 0x00, 0x97, 0xFF, 0xD4, 0x00, 0x7E, 0xFF, 0xFF, 0xD4, 0xFF, 0xFF, 0x37, 0x00, 0x00,
    0xA3, 0xFF, 0xFF, 0xEE, 0x4E, 0x00, 0x00, 0x00, 0x00, 0x00, 0x45, 0xC3, 0xC3, 0x58, 0x00, 0x00,
    0x00, 0x3D, 0xFF, 0x94, 0xA9, 0xFF, 0x07, 0x00, 0x00, 0x00, 0x00, 0x00, 0x00, 0x00, 0x00, 0x00,
    0x00, 0x73, 0xFF, 0xFF, 0xFF, 0x90, 0x00, 0x00, 0x6C, 0xFF, 0xFF, 0xC6, 0xFF, 0xFF, 0x3C, 0x00,
    0xFF, 0xFF, 0x51, 0x00, 0xB0, 0xFF, 0x91, 0x4C, 0xFF, 0xFD, 0x00, 0x00, 0xAC, 0xFF, 0x97, 0xA8,
    0xFF, 0xA8, 0x00, 0x00, 0xE3, 0xFF, 0x64, 0xB6, 0xFF, 0x8B, 0x00, 0x09, 0xFF, 0xFF, 0x15, 0xB1,
    0xFF, 0x93, 0x00, 0x97, 0xFF, 0xD4, 0x00, 0x7E, 0xFF, 0xFF, 0xD4, 0xFF, 0xFF, 0x37, 0x00, 0x00,
    0xA3, 0xFF, 0xFF, 0xEE, 0x4E, 0x00, 0x00, 0x00, 0x00, 0x00, 0xBB, 0xFF, 0x75, 0xC9, 0x6D, 0x00,
    0x00, 0x43, 0xE2, 0x69, 0xFF, 0xDF, 0x04, 0x00, 0x00, 0x00, 0x00, 0x00, 0x00, 0x00, 0x00, 0x00,
    0x00, 0x73, 0xFF, 0xFF, 0xFF, 0x90, 0x00, 0x00, 0x6C, 0xFF, 0xFF, 0xC6, 0xFF, 0xFF, 0x3C, 0x00,
    0xFF, 0xFF, 0x51, 0x00, 0xB0, 0xFF, 0x91, 0x4C, 0xFF, 0xFD, 0x00, 0x00, 0xAC, 0xFF, 0x97, 0xA8,
    0xFF, 0xA8, 0x00, 0x00, 0xE3, 0xFF, 0x64, 0xB6, 0xFF, 0x8B, 0x00, 0x09, 0xFF, 0xFF, 0x15, 0xB1,
    0xFF, 0x93, 0x00, 0x97, 0xFF, 0xD4, 0x00, 0x7E, 0xFF, 0xFF, 0xD4, 0xFF, 0xFF, 0x37, 0x00, 0x00,
    0xA3, 0xFF, 0xFF, 0xEE, 0x4E, 0x00, 0x00, 0x00, 0x00, 0x00, 0x9C, 0x72, 0x3C, 0xBE, 0x18, 0x00,
    0x00, 0x07, 0xFF, 0xB1, 0xB8, 0xFF, 0x09, 0x00, 0x00, 0x00, 0x00, 0x00, 0x00, 0x00, 0x00, 0x00,
    0x00, 0x73, 0xFF, 0xFF, 0xFF, 0x90, 0x00, 0x00, 0x6C, 0xFF, 0xFF, 0xC6, 0xFF, 0xFF, 0x3C, 0x00,
    0xFF, 0xFF, 0x51, 0x00, 0xB0, 0xFF, 0x91, 0x4C, 0xFF, 0xFD, 0x00, 0x00, 0xAC, 0xFF, 0x97, 0xA8,
    0xFF, 0xA8, 0x00, 0x00, 0xE3, 0xFF, 0x64, 0xB6, 0xFF, 0x8B, 0x00, 0x09, 0xFF, 0xFF, 0x15, 0xB1,
    0xFF, 0x93, 0x00, 0x97, 0xFF, 0xD4, 0x00, 0x7E, 0xFF, 0xFF, 0xD4, 0xFF, 0xFF, 0x37, 0x00, 0x00,
    0xA3, 0xFF, 0xFF, 0xEE, 0x4E, 0x00, 0x00, 0x03, 0xBE, 0x75, 0x00, 0x00, 0xB1, 0xAC, 0x00, 0x12,
    0xF3, 0xFF, 0x7E, 0xA3, 0xFF, 0xC6, 0x00, 0x00, 0x0F, 0xE8, 0xFF, 0xFF, 0xB6, 0x01, 0x00, 0x00,
    0x01, 0xBE, 0xFF, 0xFF, 0x9D, 0x00, 0x00, 0x03, 0xC6, 0xFF, 0xA0, 0xD7, 0xFF, 0xAB, 0x00, 0x12,
    0xF2, 0xAF, 0x00, 0x04, 0xC9, 0xC8, 0x00, 0x00, 0x04, 0x00, 0x00, 0x00, 0x01, 0x01, 0x00, 0x00,
    0x00, 0x00, 0x00, 0x00, 0x00, 0x17, 0x00, 0x00, 0x00, 0x32, 0xE5, 0xFF, 0xCA, 0xF9, 0x7F, 0x00,
    0x07, 0xAC, 0xFF, 0xD5, 0xFF, 0xCA, 0x01, 0x00, 0x10, 0xFF, 0x75, 0x49, 0xFF, 0xA0, 0x00, 0x00,
    0x56, 0xFD, 0x4A, 0xFF, 0xFF, 0x9F, 0x00, 0x00, 0xAB, 0xE7, 0xF5, 0xCB, 0xF4, 0x6B, 0x00, 0x00,
    0xB9, 0xFF, 0xCC, 0x38, 0xFF, 0x21, 0x00, 0x00, 0xBF, 0xEC, 0x28, 0xAB, 0xE9, 0x0E, 0x00, 0x11,
    0xFF, 0xFF, 0xDC, 0xFF, 0x92, 0x04, 0x00, 0x86, 0xCD, 0xD3, 0xFF, 0xD3, 0x23, 0x00, 0x00, 0x08,
    0x07, 0x00, 0x00, 0x00, 0x00, 0x00, 0x00, 0x00, 0x00, 0x6B, 0xB7, 0x08, 0x00, 0x00, 0x00, 0x00,
    0x00, 0x0F, 0xEE, 0xA1, 0x00, 0x00, 0x00, 0x00, 0x00, 0x00, 0x00, 0x00, 0x00, 0x00, 0x00, 0x5C,
    0xE2, 0xA0, 0x09, 0x10, 0xFF, 0xB1, 0x04, 0x81, 0xF7, 0x5E, 0x04, 0x3A, 0xFD, 0xA7, 0x00, 0x8F,
    0xFF, 0x31, 0x00, 0x86, 0xF0, 0x79, 0x00, 0xA6, 0xEF, 0x2B, 0x00, 0xB1, 0xE8, 0x59, 0x00, 0xC9,
    0xC0, 0x1F, 0x00, 0xF2, 0xD8, 0x22, 0x00, 0xDC, 0x9F, 0x16, 0x03, 0xFF, 0xCF, 0x00, 0x00, 0xF0,
    0x84, 0x0E, 0x62, 0xFC, 0xAB, 0x00, 0x00, 0xDD, 0xFF, 0xD1, 0xFB, 0xF4, 0x3F, 0x00, 0x00, 0x7E,
    0xF0, 0xFF, 0xF2, 0x5B, 0x00, 0x00, 0x00, 0x00, 0x00, 0x00, 0x00, 0x90, 0x8D, 0x08, 0x00, 0x00,
    0x00, 0x00, 0x9D, 0xF2, 0x2C, 0x00, 0x00, 0x00, 0x00, 0x00, 0x00, 0x00, 0x00, 0x00, 0x00, 0x5C,
    0xE2, 0xA0, 0x09, 0x10, 0xFF, 0xB1, 0x04, 0x81, 0xF7, 0x5E, 0x04, 0x3A, 0xFD, 0xA7, 0x00, 0x8F,
    0xFF, 0x31, 0x00, 0x86, 0xF0, 0x79, 0x00, 0xA6, 0xEF, 0x2B, 0x00, 0xB1, 0xE8, 0x59, 0x00, 0xC9,
    0xC0, 0x1F, 0x00, 0xF2, 0xD8, 0x22, 0x00, 0xDC, 0x9F, 0x16, 0x03, 0xFF, 0xCF, 0x00, 0x00, 0xF0,
    0x84, 0x0E, 0x62, 0xFC, 0xAB, 0x00, 0x00, 0xDD, 0xFF, 0xD1, 0xFB, 0xF4, 0x3F, 0x00, 0x00, 0x7E,
    0xF0, 0xFF, 0xF2, 0x5B, 0x00, 0x00, 0x00, 0x00, 0x00, 0x27, 0xB7, 0xBE, 0x5A, 0x00, 0x00, 0x00,
    0x1C, 0xD7, 0xB1, 0x94, 0xD3, 0x0E, 0x00, 0x00, 0x00, 0x00, 0x00, 0x00, 0x00, 0x00, 0x00, 0x5C,
    0xE2, 0xA0, 0x09, 0x10, 0xFF, 0xB1, 0x04, 0x81, 0xF7, 0x5E, 0x04, 0x3A, 0xFD, 0xA7, 0x00, 0x8F,
    0xFF, 0x31, 0x00, 0x86, 0xF0, 0x79, 0x00, 0xA6, 0xEF, 0x2B, 0x00, 0xB1, 0xE8, 0x59, 0x00, 0xC9,
    0xC0, 0x1F, 0x00, 0xF2, 0xD8, 0x22, 0x00, 0xDC, 0x9F, 0x16, 0x03, 0xFF, 0xCF, 0x00, 0x00, 0xF0,
    0x84, 0x0E, 0x62, 0xFC, 0xAB, 0x00, 0x00, 0xDD, 0xFF, 0xD1, 0xFB, 0xF4, 0x3F, 0x00, 0x00, 0x7E,
    0xF0, 0xFF, 0xF2, 0x5B, 0x00, 0x00, 0x00, 0x00, 0x00, 0x7A, 0x7B, 0x3A, 0x88, 0x17, 0x00, 0x00,
    0x01, 0xCF, 0xA8, 0xAD, 0xD3, 0x0C, 0x00, 0x00, 0x00, 0x00, 0x00, 0x00, 0x00, 0x00, 0x00, 0x5C,
    0xE2, 0xA0, 0x09, 0x10, 0xFF, 0xB1, 0x04, 0x81, 0xF7, 0x5E, 0x04, 0x3A, 0xFD, 0xA7, 0x00, 0x8F,
    0xFF, 0x31, 0x00, 0x86, 0xF0, 0x79, 0x00, 0xA6, 0xEF, 0x2B, 0x00, 0xB1, 0xE8, 0x59, 0x00, 0xC9,
    0xC0, 0x1F, 0x00, 0xF2, 0xD8, 0x22, 0x00, 0xDC, 0x9F, 0x16, 0x03, 0xFF, 0xCF, 0x00, 0x00, 0xF0,
    0x84, 0x0E, 0x62, 0xFC, 0xAB, 0x00, 0x00, 0xDD, 0xFF, 0xD1, 0xFB, 0xF4, 0x3F, 0x00, 0x00, 0x7E,
    0xF0, 0xFF, 0xF2, 0x5B, 0x00, 0x00, 0x00, 0x00, 0x00, 0x00, 0x0F, 0xFE, 0xC3, 0x0A, 0x00, 0x00,
    0x00, 0x00, 0xC3, 0xDD, 0x0B, 0x00, 0x00, 0x00, 0x00, 0x00, 0x00, 0x00, 0x00, 0x00, 0x00, 0x91,
    0xFF, 0x32, 0x00, 0x10, 0xF3, 0xCF, 0x64, 0x68, 0xE9, 0x79, 0x06, 0xA9, 0xEE, 0x71, 0x00, 0x34,
    0xCC, 0xBC, 0x3C, 0xFE, 0xC8, 0x03, 0x00, 0x02, 0xB0, 0xFF, 0xF1, 0xF2, 0x25, 0x00, 0x00, 0x00,
    0x7D, 0xF1, 0xFF, 0x71, 0x00, 0x00, 0x00, 0x00, 0x53, 0xE6, 0xD3, 0x00, 0x00, 0x00, 0x00, 0x00,
    0x7A, 0xF1, 0x9D, 0x00, 0x00, 0x00, 0x00, 0x00, 0x94, 0xF8, 0x52, 0x00, 0x00, 0x00, 0x00, 0x00,
    0xAF, 0xFF, 0x16, 0x00, 0x00, 0x00, 0x00, 0x00, 0x3A, 0xFF, 0xE6, 0x00, 0x00, 0x00, 0x00, 0x00,
    0x88, 0xFF, 0xFA, 0xB5, 0x8A, 0x15, 0x00, 0x00, 0xB2, 0xFF, 0xFF, 0xFF, 0xFF, 0xFF, 0x21, 0x00,
    0xF5, 0xFF, 0x2E, 0x15, 0xE8, 0xFF, 0x81, 0x04, 0xFF, 0xFF, 0x00, 0x00, 0xD8, 0xFF, 0x5D, 0x43,
    0xFF, 0xFF, 0xA7, 0xD9, 0xFF, 0xFF, 0x07, 0x91, 0xFF, 0xFF, 0xFF, 0xFF, 0xD3, 0x2B, 0x00, 0xBB,
    0xFF, 0x67, 0x00, 0x00, 0x00, 0x00, 0x00, 0xFC, 0xFF, 0x1B, 0x00, 0x00, 0x00, 0x00, 0x00, 0x00,
    0x00, 0x4C, 0xEE, 0xFF, 0xFF, 0xB6, 0x01, 0x00, 0x1C, 0xFF, 0xFF, 0xA5, 0xCA, 0xFF, 0x61, 0x00,
    0x9A, 0xFF, 0xBA, 0x3C, 0xC1, 0xFF, 0x66, 0x00, 0xCB, 0xFF, 0x7B, 0xFF, 0xC4, 0x06, 0x00, 0x00,
    0xFF, 0xFF, 0x58, 0xFF, 0xE7, 0x09, 0x00, 0x19, 0xFF, 0xFF, 0x00, 0xB2, 0xFF, 0xDF, 0x03, 0x6A,
    0xFF, 0xBB, 0x00, 0x00, 0xE1, 0xFF, 0x4C, 0xBD, 0xFF, 0xA6, 0xB9, 0xA2, 0xFF, 0xFF, 0x1C, 0xE2,
    0xFF, 0xA2, 0xFF, 0xFF, 0xFD, 0x67, 0x00, 0x00, 0x00, 0x33, 0xA0, 0x5D, 0x00, 0x00, 0x00, 0x00,
    0x00, 0x01, 0xDF, 0xFF, 0x07, 0x00, 0x00, 0x00, 0x00, 0x00, 0x1B, 0xFF, 0xA0, 0x00, 0x00, 0x00,
    0x00, 0x00, 0x00, 0x00, 0x00, 0x00, 0x00, 0x00, 0x2D, 0xF1, 0xFF, 0xFF, 0xFF, 0xB4, 0x00, 0x00,
    0x54, 0xA1, 0x8D, 0x8B, 0xFF, 0xFF, 0x40, 0x00, 0x88, 0xFF, 0xFF, 0xFF, 0xFF, 0xFF, 0x42, 0x79,
    0xFF, 0xFF, 0x7E, 0x5E, 0xFF, 0xFF, 0x07, 0xC9, 0xFF, 0x72, 0x00, 0x76, 0xFF, 0xFD, 0x00, 0xBC,
    0xFF, 0xE1, 0xAC, 0xFF, 0xFF, 0xBE, 0x00, 0x2E, 0xFF, 0xFF, 0xF2, 0xAB, 0xFF, 0x97, 0x00, 0x00,
    0x00, 0x00, 0x00, 0x00, 0x48, 0xA0, 0x6F, 0x00, 0x00, 0x00, 0x00, 0x22, 0xFF, 0xDF, 0x0F, 0x00,
    0x00, 0x00, 0x07, 0xF3, 0xC1, 0x04, 0x00, 0x00, 0x00, 0x00, 0x00, 0x00, 0x00, 0x00, 0x00, 0x00,
    0x2D, 0xF1, 0xFF, 0xFF, 0xFF, 0xB4, 0x00, 0x00, 0x54, 0xA1, 0x8D, 0x8B, 0xFF, 0xFF, 0x40, 0x00,
    0x88, 0xFF, 0xFF, 0xFF, 0xFF, 0xFF, 0x42, 0x79, 0xFF, 0xFF, 0x7E, 0x5E, 0xFF, 0xFF, 0x07, 0xC9,
    0xFF, 0x72, 0x00, 0x76, 0xFF, 0xFD, 0x00, 0xBC, 0xFF, 0xE1, 0xAC, 0xFF, 0xFF, 0xBE, 0x00, 0x2E,
    0xFF, 0xFF, 0xF2, 0xAB, 0xFF, 0x97, 0x00, 0x00, 0x00, 0x00, 0x00, 0x94, 0xBE, 0x12, 0x00, 0x00,
    0x00, 0x00, 0x9C, 0xFF, 0xFF, 0xAB, 0x00, 0x00, 0x00, 0x66, 0xFF, 0x39, 0x70, 0xFF, 0x07, 0x00,
    0x00, 0x00, 0x00, 0x00, 0x00, 0x00, 0x00, 0x00, 0x2D, 0xF1, 0xFF, 0xFF, 0xFF, 0xB4, 0x00, 0x00,
    0x54, 0xA1, 0x8D, 0x8B, 0xFF, 0xFF, 0x40, 0x00, 0x88, 0xFF, 0xFF, 0xFF, 0xFF, 0xFF, 0x42, 0x79,
    0xFF, 0xFF, 0x7E, 0x5E, 0xFF, 0xFF, 0x07, 0xC9, 0xFF, 0x72, 0x00, 0x76, 0xFF, 0xFD, 0x00, 0xBC,
    0xFF, 0xE1, 0xAC, 0xFF, 0xFF, 0xBE, 0x00, 0x2E, 0xFF, 0xFF, 0xF2, 0xAB, 0xFF, 0x97, 0x00, 0x00,
    0x00, 0x03, 0xDA, 0xFF, 0x69, 0xDC, 0x55, 0x00, 0x00, 0x66, 0xD3, 0x76, 0xFF, 0xDC, 0x03, 0x00,
    0x00, 0x00, 0x00, 0x00, 0x00, 0x00, 0x00, 0x00, 0x2D, 0xF1, 0xFF, 0xFF, 0xFF, 0xB4, 0x00, 0x00,
    0x54, 0xA1, 0x8D, 0x8B, 0xFF, 0xFF, 0x42, 0x00, 0x88, 0xFF, 0xFF, 0xFF, 0xFF, 0xFF, 0x42, 0x79,
    0xFF, 0xFF, 0x7E, 0x5E, 0xFF, 0xFF, 0x07, 0xC9, 0xFF, 0x72, 0x00, 0x76, 0xFF, 0xFD, 0x00, 0xBC,
    0xFF, 0xE1, 0xAC, 0xFF, 0xFF, 0xBE, 0x00, 0x2E, 0xFF, 0xFF, 0xF2, 0xAB, 0xFF, 0x97, 0x00, 0x00,
    0x00, 0x00, 0xA8, 0x69, 0x48, 0xBE, 0x0C, 0x00, 0x00, 0x15, 0xFF, 0x9F, 0xAA, 0xFF, 0x01, 0x00,
    0x00, 0x00, 0x00, 0x00, 0x00, 0x00, 0x00, 0x00, 0x2D, 0xF1, 0xFF, 0xFF, 0xFF, 0xB4, 0x00, 0x00,
    0x54, 0xA1, 0x8D, 0x8B, 0xFF, 0xFF, 0x40, 0x00, 0x88, 0xFF, 0xFF, 0xFF, 0xFF, 0xFF, 0x42, 0x79,
    0xFF, 0xFF, 0x7E, 0x5E, 0xFF, 0xFF, 0x07, 0xC9, 0xFF, 0x72, 0x00, 0x76, 0xFF, 0xFD, 0x00, 0xBC,
    0xFF, 0xE1, 0xAC, 0xFF, 0xFF, 0xBE, 0x00, 0x2E, 0xFF, 0xFF, 0xF2, 0xAB, 0xFF, 0x97, 0x00, 0x00,
    0x00, 0x00, 0x81, 0xFF, 0xFF, 0x60, 0x00, 0x00, 0x00, 0x00, 0xFF, 0x79, 0xA0, 0xDA, 0x00, 0x00,
    0x00, 0x00, 0x7E, 0xFF, 0xFF, 0x63, 0x00, 0x00, 0x00, 0x00, 0x00, 0x00, 0x00, 0x00, 0x00, 0x00,
    0x2D, 0xF1, 0xFF, 0xFF, 0xFF, 0xB4, 0x00, 0x00, 0x54, 0xA1, 0x8D, 0x8B, 0xFF, 0xFF, 0x40, 0x00,
    0x88, 0xFF, 0xFF, 0xFF, 0xFF, 0xFF, 0x42, 0x79, 0xFF, 0xFF, 0x7E, 0x5E, 0xFF, 0xFF, 0x07, 0xC9,
    0xFF, 0x72, 0x00, 0x76, 0xFF, 0xFD, 0x00, 0xBC, 0xFF, 0xE1, 0xAC, 0xFF, 0xFF, 0xBE, 0x00, 0x2E,
    0xFF, 0xFF, 0xF2, 0xAB, 0xFF, 0x97, 0x00, 0x00, 0x00, 0xCD, 0xFF, 0xC3, 0xF3, 0xF0, 0x85, 0x00,
    0x16, 0xCA, 0xBA, 0xFF, 0xB5, 0xFE, 0xF6, 0x00, 0x00, 0x01, 0x51, 0xEA, 0x33, 0xD4, 0xEE, 0x00,
    0x58, 0xFF, 0xFF, 0xFF, 0xFF, 0xF7, 0xBE, 0x0A, 0xE1, 0xC4, 0xAE, 0xE1, 0x69, 0x54, 0x2B, 0x24,
    0xE6, 0xA6, 0xD5, 0xFF, 0x8C, 0x8F, 0x0F, 0x02, 0xB6, 0xFC, 0xB6, 0xC6, 0xFF, 0xB4, 0x00, 0x00,
    0x00, 0x58, 0xEB, 0xFF, 0xFF, 0xF1, 0x21, 0x00, 0x67, 0xFF, 0xFF, 0xB7, 0xA7, 0xFF, 0x0A, 0x00,
    0xFF, 0xFF, 0x54, 0x00, 0x00, 0x04, 0x00, 0x25, 0xFF, 0xFD, 0x00, 0x00, 0x00, 0x00, 0x00, 0x2D,
    0xFF, 0xFA, 0x00, 0x00, 0x00, 0x00, 0x00, 0x01, 0xFF, 0xFF, 0xBB, 0xAE, 0xD5, 0x3F, 0x00, 0x00,
    0x46, 0xF7, 0xFF, 0xFF, 0xF7, 0x04, 0x00, 0x00, 0x01, 0x04, 0x70, 0xE1, 0x00, 0x00, 0x00, 0x00,
    0x37, 0xFF, 0xFF, 0xA2, 0x00, 0x00, 0x00, 0x00, 0x00, 0x3F, 0xA0, 0x4E, 0x00, 0x00, 0x00, 0x00,
    0x00, 0x04, 0xF1, 0xFF, 0x01, 0x00, 0x00, 0x00, 0x00, 0x00, 0x27, 0xFF, 0x82, 0x00, 0x00, 0x00,
    0x00, 0x00, 0x00, 0x00, 0x00, 0x00, 0x00, 0x00, 0x04, 0xBD, 0xFF, 0xFF, 0xF8, 0x5A, 0x00, 0x00,
    0xB9, 0xFF, 0xDC, 0xA6, 0xFF, 0xFF, 0x19, 0x3A, 0xFF, 0xFF, 0x21, 0x1E, 0xB5, 0xFF, 0x69, 0xA8,
    0xFF, 0xFF, 0xFF, 0xFF, 0xFF, 0xFF, 0x66, 0xB1, 0xFF, 0xA2, 0x66, 0x66, 0x66, 0x66, 0x10, 0x54,
    0xFF, 0xFF, 0xAF, 0xB1, 0xC9, 0xAE, 0x00, 0x00, 0x8D, 0xFF, 0xFF, 0xFF, 0xF0, 0x4B, 0x00, 0x00,
    0x00, 0x00, 0x00, 0x00, 0x87, 0xBE, 0x33, 0x00, 0x00, 0x00, 0x00, 0x76, 0xFF, 0xA5, 0x00, 0x00,
    0x00, 0x00, 0x3F, 0xFF, 0x7C, 0x00, 0x00, 0x00, 0x00, 0x00, 0x00, 0x00, 0x00, 0x00, 0x00, 0x00,
    0x04, 0xBD, 0xFF, 0xFF, 0xF8, 0x5A, 0x00, 0x00, 0xB9, 0xFF, 0xDC, 0xA6, 0xFF, 0xFF, 0x19, 0x3A,
    0xFF, 0xFF, 0x21, 0x1E, 0xB5, 0xFF, 0x69, 0xA8, 0xFF, 0xFF, 0xFF, 0xFF, 0xFF, 0xFF, 0x66, 0xB1,
    0xFF, 0xA2, 0x66, 0x66, 0x66, 0x66, 0x10, 0x54, 0xFF, 0xFF, 0xAF, 0xB1, 0xC9, 0xAE, 0x00, 0x00,
    0x8D, 0xFF, 0xFF, 0xFF, 0xF0, 0x4B, 0x00, 0x00, 0x00, 0x00, 0x07, 0xB2, 0xAB, 0x00, 0x00, 0x00,
    0x00, 0x00, 0xC0, 0xFF, 0xFF, 0x5D, 0x00, 0x00, 0x00, 0xA9, 0xFB, 0x16, 0xBE, 0xE1, 0x00, 0x00,
    0x00, 0x00, 0x00, 0x00, 0x00, 0x00, 0x00, 0x00, 0x04, 0xBD, 0xFF, 0xFF, 0xF8, 0x5A, 0x00, 0x00,
    0xB9, 0xFF, 0xDC, 0xA6, 0xFF, 0xFF, 0x19, 0x3A, 0xFF, 0xFF, 0x21, 0x1E, 0xB5, 0xFF, 0x69, 0xA8,
    0xFF, 0xFF, 0xFF, 0xFF, 0xFF, 0xFF, 0x66, 0xB1, 0xFF, 0xA2, 0x66, 0x66, 0x66, 0x66, 0x10, 0x54,
    0xFF, 0xFF, 0xAF, 0xB1, 0xC9, 0xAE, 0x00, 0x00, 0x8D, 0xFF, 0xFF, 0xFF, 0xF0, 0x4B, 0x00, 0x00,
    0x00, 0x1B, 0xBE, 0x36, 0x7B, 0x99, 0x00, 0x00, 0x00, 0x75, 0xFF, 0x3A, 0xFF, 0xD4, 0x00, 0x00,
    0x00, 0x00, 0x00, 0x00, 0x00, 0x00, 0x00, 0x00, 0x04, 0xBD, 0xFF, 0xFF, 0xF8, 0x5A, 0x00, 0x00,
    0xB9, 0xFF, 0xDC, 0xA6, 0xFF, 0xFF, 0x19, 0x3A, 0xFF, 0xFF, 0x21, 0x1E, 0xB5, 0xFF, 0x69, 0xA8,
    0xFF, 0xFF, 0xFF, 0xFF, 0xFF, 0xFF, 0x66, 0xB1, 0xFF, 0xA2, 0x66, 0x66, 0x66, 0x66, 0x10, 0x54,
    0xFF, 0xFF, 0xAF, 0xB1, 0xC9, 0xAE, 0x00, 0x00, 0x8D, 0xFF, 0xFF, 0xFF, 0xF0, 0x4B, 0x00, 0x00,
    0xBE, 0xFF, 0x30, 0x00, 0x00, 0x00, 0x03, 0xCF, 0xEC, 0x01, 0x00, 0x00, 0x00, 0x00, 0x00, 0x00,
    0x00, 0x39, 0xFF, 0xFF, 0xFF, 0x4B, 0x00, 0x25, 0x8A, 0xFF, 0xFF, 0x06, 0x00, 0x00, 0x1F, 0xFF,
    0xF0, 0x00, 0x00, 0x00, 0x79, 0xFF, 0xA8, 0x00, 0x00, 0x00, 0xAF, 0xFF, 0x76, 0x00, 0x00, 0x00,
    0xD7, 0xFF, 0xB9, 0x90, 0x73, 0x00, 0x6A, 0xFF, 0xFF, 0xFF, 0xD4, 0x00, 0x00, 0x00, 0x36, 0xFF,
    0xE4, 0x24, 0x00, 0x00, 0x37, 0xFF, 0xA6, 0x01, 0x00, 0x00, 0x00, 0x00, 0x00, 0x00, 0x00, 0x00,
    0x9A, 0xFF, 0xFF, 0xFF, 0x01, 0x00, 0x00, 0x49, 0xAE, 0xFF, 0xE4, 0x00, 0x00, 0x00, 0x00, 0x82,
    0xFF, 0xBE, 0x00, 0x00, 0x00, 0x00, 0xB6, 0xFF, 0x6A, 0x00, 0x00, 0x00, 0x00, 0xFF, 0xFF, 0x18,
    0x00, 0x00, 0x00, 0x00, 0xFF, 0xFF, 0xA5, 0x90, 0x4F, 0x00, 0x00, 0xB7, 0xFF, 0xFF, 0xFF, 0x9F,
    0x00, 0x00, 0x0D, 0xE3, 0xFF, 0xC4, 0x00, 0x12, 0xED, 0xA2, 0x2E, 0xFF, 0x4C, 0x00, 0x00, 0x00,
    0x00, 0x00, 0x00, 0x93, 0xFF, 0xFF, 0xFF, 0x04, 0x00, 0x46, 0xA8, 0xFF, 0xEC, 0x00, 0x00, 0x00,
    0x79, 0xFF, 0xA5, 0x00, 0x00, 0x00, 0xB0, 0xFF, 0x70, 0x00, 0x00, 0x00, 0xFA, 0xFF, 0x1C, 0x00,
    0x00, 0x00, 0xFF, 0xFF, 0xA8, 0x90, 0x51, 0x00, 0xAF, 0xFF, 0xFF, 0xFF, 0xA5, 0x00, 0x51, 0xBE,
    0x06, 0xAE, 0x64, 0x00, 0xB9, 0xFF, 0x1F, 0xFF, 0x93, 0x00, 0x00, 0x00, 0x00, 0x00, 0x00, 0x69,
    0xFF, 0xFF, 0xFF, 0x1C, 0x00, 0x37, 0x90, 0xFF, 0xFF, 0x00, 0x00, 0x00, 0x4F, 0xFF, 0xC8, 0x00,
    0x00, 0x00, 0xA9, 0xFF, 0x9A, 0x00, 0x00, 0x00, 0xD7, 0xFF, 0x46, 0x00, 0x00, 0x00, 0xFD, 0xFF,
    0xA1, 0x90, 0x63, 0x00, 0x8D, 0xFF, 0xFF, 0xFF, 0xAD, 0x00, 0x00, 0x00, 0xB4, 0xFF, 0xB4, 0xD5,
    0x93, 0x00, 0x00, 0x81, 0xDD, 0xFF, 0xFF, 0x24, 0x00, 0x00, 0x00, 0x82, 0x31, 0x88, 0xFF, 0xBA,
    0x00, 0x00, 0x2E, 0xE7, 0xFF, 0xFF, 0xFF, 0xFF, 0x03, 0x0D, 0xFF, 0xFF, 0xA7, 0x7E, 0xFF, 0xFF,
    0x3F, 0x76, 0xFF, 0xB9, 0x00, 0x00, 0xD2, 0xFF, 0x54, 0xA9, 0xFF, 0xA0, 0x00, 0x0C, 0xFF, 0xFF,
    0x15, 0x63, 0xFF, 0xFF, 0xB8, 0xFA, 0xFF, 0xB7, 0x00, 0x00, 0xA6, 0xFF, 0xFF, 0xFF, 0x9A, 0x01,
    0x00, 0x00, 0x00, 0x1E, 0xFF, 0xF3, 0x52, 0xFF, 0x12, 0x00, 0x00, 0xAF, 0xBD, 0xA6, 0xFF, 0xA6,
    0x00, 0x00, 0x00, 0x00, 0x00, 0x00, 0x00, 0x00, 0x00, 0x00, 0x87, 0xFF, 0xBA, 0xFF, 0xFF, 0xC6,
    0x00, 0x00, 0xAF, 0xFF, 0xFF, 0x9A, 0xFF, 0xFF, 0x1B, 0x00, 0xED, 0xFF, 0x45, 0x00, 0xFF, 0xFF,
    0x09, 0x00, 0xFF, 0xFF, 0x00, 0x1C, 0xFF, 0xFF, 0x00, 0x34, 0xFF, 0xE6, 0x00, 0x69, 0xFF, 0xC0,
    0x00, 0x7F, 0xFF, 0xA7, 0x00, 0xB5, 0xFF, 0x99, 0x00, 0xA8, 0xFF, 0x7E, 0x00, 0xD5, 0xFF, 0x4B,
    0x00, 0x00, 0x00, 0x57, 0xA0, 0x36, 0x00, 0x00, 0x00, 0x00, 0x00, 0x12, 0xFF, 0xDA, 0x00, 0x00,
    0x00, 0x00, 0x00, 0x00, 0x43, 0xFF, 0x54, 0x00, 0x00, 0x00, 0x00, 0x00, 0x00, 0x00, 0x00, 0x00,
    0x00, 0x00, 0x04, 0xBE, 0xFF, 0xFF, 0xFD, 0x5A, 0x00, 0x00, 0xC0, 0xFF, 0xF0, 0xA8, 0xFF, 0xFF,
    0x10, 0x31, 0xFF, 0xFF, 0x07, 0x00, 0xD3, 0xFF, 0x4F, 0x7F, 0xFF, 0xA7, 0x00, 0x00, 0xDE, 0xFF,
    0x4C, 0x94, 0xFF, 0xBB, 0x00, 0x1B, 0xFF, 0xFF, 0x09, 0x40, 0xFF, 0xFF, 0xBD, 0xFF, 0xFF, 0x94,
    0x00, 0x00, 0x8B, 0xFF, 0xFF, 0xFF, 0x99, 0x00, 0x00, 0x00, 0x00, 0x00, 0x00, 0x00, 0x6F, 0xA0,
    0x49, 0x00, 0x00, 0x00, 0x00, 0x51, 0xFF, 0xAD, 0x01, 0x00, 0x00, 0x00, 0x24, 0xFF, 0xA5, 0x00,
    0x00, 0x00, 0x00, 0x00, 0x00, 0x00, 0x00, 0x00, 0x00, 0x00, 0x04, 0xBE, 0xFF, 0xFF, 0xFD, 0x5A,
    0x00, 0x00, 0xC0, 0xFF, 0xF0, 0xA8, 0xFF, 0xFF, 0x10, 0x31, 0xFF, 0xFF, 0x07, 0x00, 0xD3, 0xFF,
    0x4F, 0x7F, 0xFF, 0xA7, 0x00, 0x00, 0xDE, 0xFF, 0x4C, 0x94, 0xFF, 0xBB, 0x00, 0x1B, 0xFF, 0xFF,
    0x09, 0x40, 0xFF, 0xFF, 0xBD, 0xFF, 0xFF, 0x94, 0x00, 0x00, 0x8B, 0xFF, 0xFF, 0xFF, 0x99, 0x00,
    0x00, 0x00, 0x00, 0x00, 0x07, 0xB2, 0xAB, 0x00, 0x00, 0x00, 0x00, 0x00, 0xC0, 0xFF, 0xFF, 0x5D,
    0x00, 0x00, 0x00, 0xA9, 0xFB, 0x16, 0xBE, 0xE1, 0x00, 0x00, 0x00, 0x00, 0x00, 0x00, 0x00, 0x00,
    0x00, 0x00, 0x04, 0xBE, 0xFF, 0xFF, 0xFD, 0x5A, 0x00, 0x00, 0xC0, 0xFF, 0xF0, 0xA8, 0xFF, 0xFF,
    0x10, 0x31, 0xFF, 0xFF, 0x07, 0x00, 0xD3, 0xFF, 0x4F, 0x7F, 0xFF, 0xA7, 0x00, 0x00, 0xDE, 0xFF,
    0x4C, 0x94, 0xFF, 0xBB, 0x00, 0x1B, 0xFF, 0xFF, 0x09, 0x40, 0xFF, 0xFF, 0xBD, 0xFF, 0xFF, 0x94,
    0x00, 0x00, 0x8B, 0xFF, 0xFF, 0xFF, 0x99, 0x00, 0x00, 0x00, 0x00, 0x1E, 0xFF, 0xF3, 0x52, 0xFF,
    0x13, 0x00, 0x00, 0xB2, 0xA5, 0xAE, 0xFF, 0xAA, 0x00, 0x00, 0x00, 0x00, 0x00, 0x00, 0x00, 0x00,
    0x00, 0x00, 0x04, 0xBE, 0xFF, 0xFF, 0xFD, 0x5A, 0x00, 0x00, 0xC0, 0xFF, 0xF0, 0xA8, 0xFF, 0xFF,
    0x10, 0x31, 0xFF, 0xFF, 0x07, 0x00, 0xD3, 0xFF, 0x4F, 0x7F, 0xFF, 0xA7, 0x00, 0x00, 0xDE, 0xFF,
    0x4C, 0x94, 0xFF, 0xBB, 0x00, 0x1B, 0xFF, 0xFF, 0x09, 0x40, 0xFF, 0xFF, 0xBD, 0xFF, 0xFF, 0x94,
    0x00, 0x00, 0x8B, 0xFF, 0xFF, 0xFF, 0x99, 0x00, 0x00, 0x00, 0x00, 0x10, 0xBD, 0x45, 0x6C, 0xA5,
    0x00, 0x00, 0x00, 0x5D, 0xFF, 0x57, 0xEC, 0xE8, 0x00, 0x00, 0x00, 0x00, 0x00, 0x00, 0x00, 0x00,
    0x00, 0x00, 0x04, 0xBE, 0xFF, 0xFF, 0xFD, 0x5A, 0x00, 0x00, 0xC0, 0xFF, 0xF0, 0xA8, 0xFF, 0xFF,
    0x10, 0x31, 0xFF, 0xFF, 0x07, 0x00, 0xD3, 0xFF, 0x4F, 0x7F, 0xFF, 0xA7, 0x00, 0x00, 0xDE, 0xFF,
    0x4C, 0x94, 0xFF, 0xBB, 0x00, 0x1B, 0xFF, 0xFF, 0x09, 0x40, 0xFF, 0xFF, 0xBD, 0xFF, 0xFF, 0x94,
    0x00, 0x00, 0x8B, 0xFF, 0xFF, 0xFF, 0x99, 0x00, 0x00, 0x00, 0x00, 0x19, 0xFF, 0xFD, 0x00, 0x00,
    0x00, 0x00, 0x00, 0x1E, 0xFF, 0xFF, 0x00, 0x00, 0x00, 0x1B, 0x30, 0x30, 0x30, 0x30, 0x30, 0x30,
    0x12, 0xB9, 0xFF, 0xFF, 0xFF, 0xFF, 0xFF, 0xFF, 0x96, 0x45, 0x78, 0x78, 0x78, 0x78, 0x78, 0x78,
    0x2E, 0x00, 0x00, 0x19, 0xFF, 0xF8, 0x00, 0x00, 0x00, 0x00, 0x00, 0x1E, 0xFF, 0xFF, 0x00, 0x00,
    0x00, 0x00, 0x00, 0x00, 0x00, 0x00, 0x00, 0x62, 0x01, 0x00, 0x00, 0x49, 0xED, 0xFE, 0xDB, 0xFB,
    0x24, 0x00, 0x0B, 0xD5, 0xF1, 0xBC, 0xFF, 0x4C, 0x00, 0x00, 0x3E, 0xFF, 0x41, 0xE7, 0xFF, 0x67,
    0x00, 0x00, 0x95, 0xE7, 0xF1, 0xD5, 0xF7, 0x54, 0x00, 0x00, 0xA5, 0xFF, 0xBF, 0x48, 0xFF, 0x17,
    0x00, 0x00, 0x8C, 0xFF, 0xC9, 0xFF, 0xC4, 0x09, 0x00, 0x36, 0xFA, 0xD6, 0xFF, 0xE8, 0x3A, 0x00,
    0x00, 0x0E, 0x5D, 0x00, 0x00, 0x00, 0x00, 0x00, 0x00, 0x00, 0x00, 0x43, 0xFF, 0xAF, 0x00, 0x00,
    0x00, 0x00, 0x00, 0x00, 0x54, 0xFF, 0x55, 0x00, 0x00, 0x00, 0x00, 0x00, 0x00, 0x00, 0x00, 0x00,
    0x00, 0x00, 0xA0, 0xFF, 0xA5, 0x00, 0xB1, 0xFF, 0x6F, 0x00, 0xC6, 0xFF, 0x58, 0x00, 0xF0, 0xFF,
    0x24, 0x00, 0xFF, 0xFF, 0x10, 0x01, 0xFF, 0xFF, 0x00, 0x0F, 0xFF, 0xFF, 0x00, 0x39, 0xFF, 0xDF,
    0x00, 0x54, 0xFF, 0xD7, 0x00, 0xAC, 0xFF, 0xA1, 0x00, 0x6F, 0xFF, 0xFF, 0xA5, 0xFF, 0xFF, 0x76,
    0x00, 0x12, 0xF7, 0xFF, 0xD7, 0xD9, 0xFF, 0x2B, 0x00, 0x00, 0x00, 0x00, 0x00, 0x13, 0xF5, 0xFF,
    0x48, 0x00, 0x00, 0x00, 0x13, 0xF5, 0xBC, 0x0D, 0x00, 0x00, 0x00, 0x00, 0x00, 0x00, 0x00, 0x00,
    0x00, 0x00, 0xA0, 0xFF, 0xA5, 0x00, 0xB1, 0xFF, 0x6F, 0x00, 0xC6, 0xFF, 0x58, 0x00, 0xF0, 0xFF,
    0x24, 0x00, 0xFF, 0xFF, 0x10, 0x01, 0xFF, 0xFF, 0x00, 0x0F, 0xFF, 0xFF, 0x00, 0x39, 0xFF, 0xDF,
    0x00, 0x54, 0xFF, 0xD7, 0x00, 0xAC, 0xFF, 0xA1, 0x00, 0x6F, 0xFF, 0xFF, 0xA5, 0xFF, 0xFF, 0x76,
    0x00, 0x12, 0xF7, 0xFF, 0xD7, 0xD9, 0xFF, 0x2B, 0x00, 0x00, 0x00, 0x00, 0x66, 0xFF, 0xFF, 0x3A,
    0x00, 0x00, 0x00, 0x73, 0xFF, 0x43, 0xA3, 0xE6, 0x00, 0x00, 0x00, 0x00, 0x00, 0x00, 0x00, 0x00,
    0x00, 0x00, 0xA0, 0xFF, 0xA5, 0x00, 0xB1, 0xFF, 0x6F, 0x00, 0xC6, 0xFF, 0x58, 0x00, 0xF0, 0xFF,
    0x24, 0x00, 0xFF, 0xFF, 0x10, 0x01, 0xFF, 0xFF, 0x00, 0x0F, 0xFF, 0xFF, 0x00, 0x39, 0xFF, 0xDF,
    0x00, 0x54, 0xFF, 0xD7, 0x00, 0xAC, 0xFF, 0xA1, 0x00, 0x6F, 0xFF, 0xFF, 0xA5, 0xFF, 0xFF, 0x76,
    0x00, 0x12, 0xF7, 0xFF, 0xD7, 0xD9, 0xFF, 0x2B, 0x00, 0x00, 0x00, 0x07, 0xBA, 0x51, 0x60, 0xB1,
    0x00, 0x00, 0x00, 0x42, 0xFF, 0x6F, 0xD8, 0xFC, 0x00, 0x00, 0x00, 0x00, 0x00, 0x00, 0x00, 0x00,
    0x00, 0x00, 0xA0, 0xFF, 0xA5, 0x00, 0xB1, 0xFF, 0x6F, 0x00, 0xC6, 0xFF, 0x58, 0x00, 0xF0, 0xFF,
    0x24, 0x00, 0xFF, 0xFF, 0x10, 0x01, 0xFF, 0xFF, 0x00, 0x0F, 0xFF, 0xFF, 0x00, 0x39, 0xFF, 0xDF,
    0x00, 0x54, 0xFF, 0xD7, 0x00, 0xAC, 0xFF, 0xA1, 0x00, 0x6F, 0xFF, 0xFF, 0xA5, 0xFF, 0xFF, 0x76,
    0x00, 0x12, 0xF7, 0xFF, 0xD7, 0xD9, 0xFF, 0x2B, 0x00, 0x00, 0x00, 0x00, 0x00, 0x29, 0xE8, 0x75,
    0x00, 0x00, 0x00, 0x00, 0x03, 0xD2, 0x73, 0x02, 0x00, 0x00, 0x00, 0x00, 0x00, 0x00, 0x00, 0x00,
    0x00, 0x00, 0x10, 0xFF, 0x3A, 0x08, 0xA3, 0xFF, 0x06, 0x00, 0x0D, 0xE6, 0x6E, 0x25, 0xE6, 0x7C,
    0x00, 0x00, 0x0B, 0xD3, 0xA6, 0x61, 0xF5, 0x0F, 0x00, 0x00, 0x06, 0xA8, 0xC0, 0xE0, 0x99, 0x05,
    0x00, 0x00, 0x02, 0x7E, 0xFF, 0xF5, 0x58, 0x00, 0x00, 0x00, 0x00, 0x70, 0xFF, 0xD7, 0x12, 0x00,
    0x00, 0x00, 0x00, 0x5D, 0xF7, 0x84, 0x00, 0x00, 0x00, 0x00, 0x00, 0x71, 0xFF, 0x0F, 0x00, 0x00,
    0x00, 0x0F, 0x8F, 0xE1, 0xA0, 0x00, 0x00, 0x00, 0x00, 0x50, 0xFF, 0xDC, 0x21, 0x00, 0x00, 0x00,
    0x00, 0x00, 0x00, 0x20, 0xFF, 0x62, 0x00, 0x00, 0x00, 0x00, 0x00, 0x42, 0xF5, 0x56, 0x00, 0x00,
    0x00, 0x00, 0x00, 0x87, 0xEA, 0xE3, 0xFE, 0xAC, 0x00, 0x00, 0x00, 0xAF, 0xFF, 0xCA, 0xF4, 0xEC,
    0x63, 0x00, 0x00, 0xE7, 0xBE, 0x1E, 0xA6, 0xF2, 0x94, 0x00, 0x00, 0xFF, 0x9F, 0x00, 0x9A, 0xEC,
    0x6A, 0x00, 0x28, 0xFF, 0x9F, 0x04, 0xE0, 0xE2, 0x13, 0x00, 0x6D, 0xFF, 0xE2, 0xD7, 0xFD, 0x9B,
    0x00, 0x00, 0x93, 0xF3, 0xC2, 0xFF, 0xBF, 0x08, 0x00, 0x00, 0xCC, 0xE2, 0x10, 0x00, 0x00, 0x00,
    0x00, 0x00, 0xDF, 0xDF, 0x00, 0x00, 0x00, 0x00, 0x00, 0x20, 0xE6, 0xC7, 0x00, 0x00, 0x00, 0x00,
    0x00, 0x00, 0x00, 0x00, 0x86, 0x67, 0x88, 0x1D, 0x00, 0x00, 0x00, 0x06, 0xD2, 0xA9, 0xD9, 0x14,
    0x00, 0x00, 0x00, 0x00, 0x00, 0x00, 0x00, 0x00, 0x00, 0x00, 0x10, 0xFF, 0x3A, 0x08, 0xA3, 0xFF,
    0x06, 0x00, 0x0D, 0xE6, 0x6E, 0x25, 0xE6, 0x7C, 0x00, 0x00, 0x0B, 0xD3, 0xA6, 0x61, 0xF5, 0x0F,
    0x00, 0x00, 0x06, 0xA8, 0xC0, 0xE0, 0x99, 0x05, 0x00, 0x00, 0x02, 0x7E, 0xFF, 0xF5, 0x58, 0x00,
    0x00, 0x00, 0x00, 0x70, 0xFF, 0xD7, 0x12, 0x00, 0x00, 0x00, 0x00, 0x5D, 0xF7, 0x84, 0x00, 0x00,
    0x00, 0x00, 0x00, 0x71, 0xFF, 0x0F, 0x00, 0x00, 0x00, 0x0F, 0x8F, 0xE1, 0xA0, 0x00, 0x00, 0x00,
    0x00, 0x50, 0xFF, 0xDC, 0x21, 0x00, 0x00, 0x00, 0x00, 0x00, 0xA8, 0xA0, 0xA0, 0xB2, 0x12, 0xFF,
    0xFF, 0xFF, 0xF7, 0x00, 0x93, 0xA0, 0xA0, 0xA0, 0xA0, 0xA2, 0xB2, 0x0B, 0xE1, 0xFF, 0xFF, 0xFF,
    0xFF, 0xFE, 0xF7, 0x00, 0x00, 0xCF, 0xFF, 0x01, 0x00, 0x94, 0xFF, 0x8E, 0x00, 0x10, 0xFF, 0xFF,
    0x07, 0x00, 0x58, 0xFF, 0xF1, 0x00, 0x00, 0x00, 0x0A, 0xFF, 0xFF, 0x04, 0x00, 0x54, 0xFF, 0xEE,
    0x00, 0x00, 0xC9, 0xFF, 0x40, 0x00, 0x2B, 0xFF, 0x97, 0x00, 0x00, 0x00, 0x36, 0xFF, 0x9F, 0x04,
    0xF3, 0xE3, 0x09, 0xFF, 0xFF, 0x0C, 0xA7, 0xFF, 0x5B, 0xA6, 0xFF, 0xAB, 0x37, 0xFF, 0xFF, 0x00,
    0xCE, 0xFF, 0x75, 0x88, 0xFF, 0xC1, 0x00, 0x00, 0x00, 0xE9, 0xFF, 0x60, 0xA6, 0xFF, 0xAF, 0x00,
    0x07, 0xFF, 0xFF, 0x13, 0xD3, 0xFF, 0x75, 0x00, 0x90, 0xFF, 0x91, 0x27, 0xFF, 0xD9, 0x00, 0x01,
    0xFF, 0xCA, 0x00, 0xA6, 0xFF, 0x19, 0x00, 0x03, 0x3E, 0x4B, 0x2C, 0x56, 0x26, 0x54, 0x51, 0x38,
    0xCE, 0xF1, 0xD1, 0xF9, 0xAC, 0xFF, 0xFF, 0x5D, 0xE3, 0xB7, 0xF9, 0xF8, 0xAA, 0xEC, 0xC3, 0x00,
    0x00, 0x00, 0x29, 0xBF, 0xFD, 0xF5, 0xB2, 0x00, 0x00, 0x13, 0xBC, 0xFF, 0xB7, 0xDB, 0xC5, 0x00,
    0x00, 0x42, 0xFF, 0x6F, 0x03, 0x04, 0x21, 0x00, 0xA6, 0xFF, 0xFF, 0xFF, 0xFF, 0x05, 0x00, 0x00,
    0x2D, 0xFF, 0xC0, 0x4A, 0x2D, 0x00, 0x00, 0x04, 0xE0, 0xFF, 0xFF, 0xFF, 0x29, 0x00, 0x00, 0x06,
    0x3B, 0xFF, 0xBD, 0x38, 0x05, 0x13, 0x00, 0x00, 0x00, 0xCB, 0xFC, 0xC8, 0xE5, 0x7A, 0x00, 0x00,
    0x00, 0x2C, 0xDB, 0xFF, 0xFB, 0x28, 0x00, 0x00, 0x7C, 0x99, 0x00, 0x00, 0x00, 0x00, 0x00, 0x79,
    0xFF, 0xA7, 0x66, 0x66, 0x66, 0x66, 0x12, 0xFC, 0xFF, 0xFF, 0xFF, 0xFF, 0xFF, 0xFF, 0x48, 0x5B,
    0xFF, 0xA1, 0x3C, 0x3C, 0x3C, 0x3C, 0x0A, 0x00, 0x5B, 0x73, 0x00, 0x00, 0x00, 0x00, 0x00, 0x00,
    0x4F, 0xFF, 0xDF, 0x09, 0x00, 0x49, 0xFF, 0xFF, 0xFF, 0xDD, 0x01, 0x1B, 0x79, 0xFF, 0xAD, 0x82,
    0x00, 0x00, 0x00, 0xFF, 0xA0, 0x00, 0x00, 0x00, 0x00, 0xFF, 0xA0, 0x00, 0x00, 0x00, 0x00, 0xFF,
    0xA0, 0x00, 0x00, 0x00, 0x00, 0xFF, 0xA0, 0x00, 0x00, 0x00, 0x00, 0x00, 0x00, 0x2E, 0xB9, 0x06,
    0x00, 0x51, 0x66, 0x66, 0x66, 0x7B, 0xFF, 0xD7, 0x06, 0xFF, 0xFF, 0xFF, 0xFF, 0xFF, 0xFF, 0xFF,
    0x45, 0x2E, 0x3C, 0x3C, 0x3C, 0x61, 0xFF, 0xB7, 0x00, 0x00, 0x00, 0x00, 0x00, 0x1C, 0xB1, 0x00,
    0x00, 0x00, 0x00, 0xFF, 0xBD, 0x00, 0x00, 0x00, 0x00, 0xFF, 0xA0, 0x00, 0x00, 0x00, 0x00, 0xFF,
    0xA0, 0x00, 0x00, 0x00, 0x00, 0xFF, 0xA0, 0x00, 0x00, 0x18, 0x75, 0xFF, 0xAC, 0x7C, 0x00, 0x4C,
    0xFF, 0xFF, 0xFF, 0xE1, 0x01, 0x00, 0x54, 0xFF, 0xE4, 0x0A, 0x00, 0x00, 0x7C, 0x99, 0x00, 0x2E,
    0xB9, 0x06, 0x00, 0x79, 0xFF, 0xA7, 0x66, 0x7B, 0xFF, 0xD7, 0x06, 0xFC, 0xFF, 0xFF, 0xFF, 0xFF,
    0xFF, 0xFF, 0x45, 0x5B, 0xFF, 0xA1, 0x3C, 0x61, 0xFF, 0xB7, 0x00, 0x00, 0x5B, 0x73, 0x00, 0x1C,
    0xB1, 0x00, 0x00, 0x00, 0x4F, 0xFF, 0xDF, 0x09, 0x00, 0x49, 0xFF, 0xFF, 0xFF, 0xDD, 0x01, 0x1B,
    0x79, 0xFF, 0xAD, 0x82, 0x00, 0x00, 0x00, 0xFF, 0xA0, 0x00, 0x00, 0x18, 0x75, 0xFF, 0xAC, 0x7C,
    0x00, 0x4C, 0xFF, 0xFF, 0xFF, 0xE1, 0x01, 0x00, 0x54, 0xFF, 0xE4, 0x0A, 0x00, 0x00, 0x13, 0xB4,
    0xB4, 0x49, 0x00, 0x00, 0x24, 0xAF, 0x6C, 0x84, 0x00, 0x00, 0x24, 0xAF, 0x6C, 0x84, 0x00, 0x00,
    0x24, 0xAF, 0x6C, 0x84, 0x00, 0x00, 0x24, 0xAF, 0x6C, 0x84, 0x00, 0x36, 0xEE, 0xB8, 0x5E, 0xFF,
    0x7B, 0x00, 0x6A, 0xBC, 0xA0, 0xBE, 0x00, 0x00, 0x00, 0x60, 0xA9, 0x00, 0x00, 0x00, 0x00, 0x00,
    0x00, 0x00, 0x01, 0x0C, 0x00, 0x00, 0x00, 0x00, 0x00, 0x00, 0xA7, 0xEB, 0x00, 0x48, 0x66, 0x66,
    0x66, 0xA9, 0xFF, 0xAD, 0x0A, 0xE6, 0xFF, 0xFF, 0xFF, 0xFF, 0xFF, 0xFF, 0x2A, 0x3C, 0x54, 0x5E,
    0xFF, 0xFF, 0x55, 0x54, 0x09, 0x7C, 0xAE, 0xDF, 0xFF, 0xBA, 0xAE, 0xAE, 0x12, 0xE6, 0xFF, 0xFF,
    0xFF, 0xFF, 0xFF, 0xFF, 0x2A, 0x42, 0xFF, 0xB4, 0x12, 0x12, 0x12, 0x12, 0x01, 0x64, 0xD4, 0x04,
    0x00, 0x00, 0x00, 0x00, 0x00, 0xBE, 0xFF, 0xFF, 0xFF, 0xFF, 0xFF, 0xFF, 0x1C, 0x7F, 0xAA, 0xAA,
    0xAA, 0xAA, 0xAA, 0xAA, 0x0F, 0x00, 0x00, 0x00, 0x00, 0x00, 0x00, 0x00, 0x00, 0xBE, 0xFF, 0xFF,
    0xFF, 0xFF, 0xFF, 0xFF, 0x1C, 0x82, 0xAF, 0xAF, 0xAF, 0xAF, 0xAF, 0xAF, 0x0F, 0x00, 0x00, 0x00,
    0x00, 0x00, 0x00, 0x00, 0x00, 0xBE, 0xFF, 0xFF, 0xFF, 0xFF, 0xFF, 0xFF, 0x1C, 0x87, 0xB4, 0xB4,
    0xB4, 0xB4, 0xB4, 0xB4, 0x10, 0x00, 0x00, 0x00, 0x00, 0x00, 0x1E, 0x91, 0x0F, 0x00, 0x00, 0x2E,
    0xA6, 0xF0, 0xFF, 0xFF, 0x1C, 0x84, 0xFF, 0xFF, 0xFF, 0xE4, 0xA6, 0x39, 0x00, 0xC8, 0xFF, 0xFF,
    0x9A, 0x24, 0x00, 0x00, 0x00, 0x22, 0x9A, 0xE7, 0xFF, 0xFF, 0xFF, 0xA6, 0x0A, 0x00, 0x00, 0x00,
    0x16, 0x88, 0xD7, 0xFF, 0x1E, 0x7B, 0xA5, 0xA5, 0xA5, 0xA5, 0xA5, 0xAF, 0x13, 0xC8, 0xFF, 0xFF,
    0xFF, 0xFF, 0xFF, 0xFF, 0x1E, 0x6F, 0x4F, 0x01, 0x00, 0x00, 0x00, 0x00, 0x00, 0xC6, 0xFF, 0xFF,
    0xB7, 0x64, 0x06, 0x00, 0x00, 0x10, 0x75, 0xBB, 0xFF, 0xFF, 0xFF, 0xCA, 0x0D, 0x00, 0x00, 0x06,
    0x5D, 0xD9, 0xFF, 0xFF, 0x1E, 0x6A, 0xD8, 0xFF, 0xFF, 0xFF, 0xAF, 0x58, 0x01, 0xC6, 0xFF, 0xA0,
    0x45, 0x00, 0x00, 0x00, 0x00, 0x8D, 0xA5, 0xA5, 0xA5, 0xA5, 0xA5, 0xA5, 0x0F, 0xC8, 0xFF, 0xFF,
    0xFF, 0xFF, 0xFF, 0xFF, 0x1E, 0x00, 0x48, 0xFD, 0xFF, 0xBA, 0x04, 0x00, 0xFF, 0x45, 0x01, 0xBA,
    0x96, 0x09, 0xFF, 0x00, 0x00, 0x60, 0xB7, 0x00, 0xFF, 0x6D, 0x18, 0xD5, 0x7E, 0x6D, 0xE3, 0xDC,
    0xFB, 0xA6, 0x00, 0xA2, 0x0D, 0x00, 0x00, 0x00, 0x00, 0x00, 0x00, 0x00, 0x00, 0x00, 0x82, 0xA8,
    0x49, 0x00, 0x00, 0x00, 0x00, 0x00, 0xAE, 0x00, 0xA8, 0x00, 0x2A, 0x9C, 0x00, 0x00, 0xAE, 0x00,
    0xA8, 0x21, 0xB0, 0xC5, 0xAE, 0xAE, 0xAF, 0x00, 0xA8, 0xB1, 0x21, 0x00, 0x00, 0x00, 0x00, 0x00,
    0xA8, 0x10, 0xAB, 0xD5, 0xA8, 0xA8, 0xA8, 0xA8, 0x58, 0x00, 0x0F, 0x6F, 0x00, 0x00, 0x00, 0x00,
    0x00, 0x00, 0x05, 0x06, 0x06, 0x06, 0x06, 0x06, 0x04, 0x1E, 0xE5, 0xFF, 0xFF, 0xFF, 0xFF, 0xFF,
    0xFF, 0x02, 0x1B, 0x1E, 0x1E, 0x1E, 0x1E, 0x1E, 0x1C, 0x0A, 0x76, 0x84, 0x84, 0x84, 0x84, 0x83,
    0x7C, 0x1E, 0xE5, 0xFF, 0xFF, 0xFF, 0xFF, 0xFF, 0xFF, 0x19, 0xE4, 0xFF, 0xFF, 0xFF, 0xFF, 0xFF,
    0xFF, 0xB8, 0x2D, 0xFF, 0x4E, 0xFF, 0x4E, 0xFF, 0x4E, 0xFF, 0x4E, 0xFF, 0x4E, 0xFF, 0x4E, 0xFF,
    0x4E, 0xFF, 0x4E, 0xFF, 0x4E, 0xFF, 0x4E, 0xFF, 0x4E, 0xFF, 0x4E, 0xFF, 0x4E, 0xFF, 0x4E, 0xFF,
    0x4E, 0x2B, 0x0A, 0x18, 0xBE, 0xAF, 0x2A, 0xFF, 0xFF, 0x2A, 0xFF, 0xFF, 0x2A, 0xFF, 0xFF, 0x2A,
    0xFF, 0xFF, 0x2A, 0xFF, 0xFF, 0x2A, 0xFF, 0xFF, 0x2A, 0xFF, 0xFF, 0x2A, 0xFF, 0xFF, 0x2A, 0xFF,
    0xFF, 0x2A, 0xFF, 0xFF, 0x2A, 0xFF, 0xFF, 0x2A, 0xFF, 0xFF, 0x2A, 0xFF, 0xFF, 0x2A, 0xFF, 0xFF,
    0x2A, 0xFF, 0xFF, 0x04, 0x36, 0x31, 0x04, 0x06, 0x00, 0x06, 0x04, 0x01, 0x06, 0x03, 0xFA, 0xFF,
    0x42, 0xFF, 0xFF, 0x60, 0xFF, 0xC3, 0x16, 0x1E, 0x04, 0x1E, 0x1B, 0x07, 0x1E, 0x12, 0x66, 0x84,
    0x16, 0x84, 0x79, 0x21, 0x84, 0x4F, 0xFA, 0xFF, 0x42, 0xFF, 0xFF, 0x60, 0xFF, 0xC3, 0xD2, 0xFF,
    0x37, 0xFF, 0xF8, 0x51, 0xFF, 0xA3, 0xBA, 0x37, 0xFF, 0x4E, 0xFF, 0x4E, 0xFF, 0x4E, 0x3F, 0x0F,
    0x43, 0x10, 0xFF, 0x4E, 0xFF, 0x4E, 0xFF, 0x4E, 0xBA, 0x37, 0x30, 0x0C, 0xFF, 0x4E, 0xFF, 0x4E,
    0xFF, 0x4E, 0xC6, 0x3A, 0x1E, 0xE6, 0xD3, 0x2A, 0xFF, 0xFF, 0x2A, 0xFF, 0xFF, 0x2A, 0xFF, 0xFF,
    0x07, 0x4E, 0x46, 0x09, 0x54, 0x4C, 0x2A, 0xFF, 0xFF, 0x2A, 0xFF, 0xFF, 0x2A, 0xFF, 0xFF, 0x1E,
    0xE6, 0xD3, 0x06, 0x3C, 0x36, 0x2A, 0xFF, 0xFF, 0x2A, 0xFF, 0xFF, 0x2A, 0xFF, 0xFF, 0x1F, 0xF5,
    0xE1, 0x04, 0x01, 0x04, 0x01, 0x04, 0x01, 0x04, 0x00, 0xFF, 0x8A, 0xFF, 0x78, 0xFF, 0x66, 0xFF,
    0x5A, 0x18, 0x0A, 0x19, 0x09, 0x1B, 0x07, 0x1C, 0x06, 0x6F, 0x2E, 0x73, 0x28, 0x79, 0x22, 0x7F,
    0x1E, 0xFF, 0x8A, 0xFF, 0x78, 0xFF, 0x66, 0xFF, 0x5A, 0xE3, 0x73, 0xEC, 0x64, 0xF8, 0x55, 0xFF,
    0x4B, 0xB8, 0x2D, 0xFF, 0x4E, 0xFF, 0x4E, 0x0D, 0x03, 0xB2, 0x34, 0xFF, 0x4E, 0xF7, 0x49, 0x00,
    0x00, 0xF7, 0x49, 0xFF, 0x4E, 0xB2, 0x34, 0x0D, 0x03, 0xFF, 0x4E, 0xFF, 0x4E, 0xBD, 0x2E, 0x18,
    0xBE, 0xAF, 0x2A, 0xFF, 0xFF, 0x2A, 0xFF, 0xFF, 0x01, 0x12, 0x10, 0x1C, 0xDC, 0xCA, 0x2A, 0xFF,
    0xFF, 0x27, 0xFF, 0xFF, 0x00, 0x00, 0x00, 0x27, 0xFF, 0xFF, 0x2A, 0xFF, 0xFF, 0x1C, 0xDC, 0xCA,
    0x01, 0x12, 0x10, 0x2A, 0xFF, 0xFF, 0x2A, 0xFF, 0xFF, 0x19, 0xC3, 0xB2, 0x04, 0x06, 0x06, 0x06,
    0x03, 0xFF, 0xFF, 0xFF, 0xFF, 0xEB, 0xFF, 0x64, 0x1E, 0x1E, 0x15, 0xFF, 0x4E, 0x00, 0x00, 0x00,
    0xFF, 0x4E, 0x00, 0x00, 0x00, 0xFF, 0x4E, 0x00, 0x00, 0x00, 0xFF, 0x4E, 0x00, 0x00, 0x00, 0xFF,
    0x4E, 0x00, 0x00, 0x00, 0xFF, 0x4E, 0x00, 0x00, 0x00, 0x6F, 0x1B, 0x00, 0x00, 0x00, 0x6A, 0x84,
    0x84, 0x84, 0x60, 0xFF, 0xFF, 0xFF, 0xFF, 0xEB, 0xFF, 0xFF, 0xFF, 0xFF, 0xC5, 0xFF, 0x4E, 0x00,
    0x00, 0x00, 0xFF, 0x4E, 0x00, 0x00, 0x00, 0xFF, 0x4E, 0x00, 0x00, 0x00, 0xFF, 0x4E, 0x00, 0x00,
    0x00, 0xFF, 0x4E, 0x00, 0x00, 0x00, 0xFF, 0x4E, 0x00, 0x00, 0x00, 0xB4, 0x2D, 0x00, 0x00, 0x00,
    0x00, 0x06, 0x06, 0x06, 0x06, 0x04, 0x2A, 0xFF, 0xFF, 0xFF, 0xFF, 0xFF, 0x2A, 0xFF, 0xFF, 0x1E,
    0x1E, 0x1C, 0x2A, 0xFF, 0xFF, 0x00, 0x00, 0x00, 0x2A, 0xFF, 0xFF, 0x00, 0x00, 0x00, 0x2A, 0xFF,
    0xFF, 0x00, 0x00, 0x00, 0x2A, 0xFF, 0xFF, 0x00, 0x00, 0x00, 0x2A, 0xFF, 0xFF, 0x00, 0x00, 0x00,
    0x2A, 0xFF, 0xFF, 0x00, 0x00, 0x00, 0x0F, 0x8A, 0x7E, 0x00, 0x00, 0x00, 0x0D, 0x84, 0x84, 0x84,
    0x84, 0x7C, 0x2A, 0xFF, 0xFF, 0xFF, 0xFF, 0xFF, 0x2A, 0xFF, 0xFF, 0xFF, 0xFF, 0xFF, 0x2A, 0xFF,
    0xFF, 0x00, 0x00, 0x00, 0x2A, 0xFF, 0xFF, 0x00, 0x00, 0x00, 0x2A, 0xFF, 0xFF, 0x00, 0x00, 0x00,
    0x2A, 0xFF, 0xFF, 0x00, 0x00, 0x00, 0x2A, 0xFF, 0xFF, 0x00, 0x00, 0x00, 0x2A, 0xFF, 0xFF, 0x00,
    0x00, 0x00, 0x18, 0xB9, 0xAA, 0x00, 0x00, 0x00, 0x00, 0x01, 0x06, 0x06, 0x06, 0x06, 0x00, 0x00,
    0x84, 0xFF, 0xFF, 0xFF, 0xFF, 0x4E, 0x00, 0x09, 0x1E, 0x1E, 0x1E, 0xFF, 0x4E, 0x00, 0x00, 0x00,
    0x00, 0x00, 0xFF, 0x4E, 0x00, 0x00, 0x00, 0x00, 0x00, 0xFF, 0x4E, 0x00, 0x00, 0x00, 0x00, 0x00,
    0xFF, 0x4E, 0x00, 0x00, 0x00, 0x00, 0x00, 0xFF, 0x4E, 0x00, 0x00, 0x00, 0x00, 0x00, 0xFF, 0x4E,
    0x00, 0x00, 0x00, 0x00, 0x00, 0xFF, 0x4E, 0x00, 0x00, 0x00, 0x00, 0x00, 0x6F, 0x1B, 0x00, 0x2D,
    0x84, 0x84, 0x84, 0x84, 0x19, 0x00, 0x84, 0xFF, 0xFF, 0xFF, 0xFF, 0x4E, 0x00, 0x6F, 0xFF, 0xFF,
    0xFF, 0xFF, 0x4E, 0x00, 0x00, 0x00, 0x00, 0x00, 0xFF, 0x4E, 0x00, 0x00, 0x00, 0x00, 0x00, 0xFF,
    0x4E, 0x00, 0x00, 0x00, 0x00, 0x00, 0xFF, 0x4E, 0x00, 0x00, 0x00, 0x00, 0x00, 0xFF, 0x4E, 0x00,
    0x00, 0x00, 0x00, 0x00, 0xFF, 0x4E, 0x00, 0x00, 0x00, 0x00, 0x00, 0xFF, 0x4E, 0x00, 0x00, 0x00,
    0x00, 0x00, 0xB4, 0x2D, 0x00, 0x00, 0x06, 0x06, 0x06, 0x06, 0x04, 0x00, 0x30, 0xFF, 0xFF, 0xFF,
    0xFF, 0xFF, 0x00, 0x03, 0x1E, 0x1E, 0x43, 0xFF, 0xFF, 0x00, 0x00, 0x00, 0x00, 0x2A, 0xFF, 0xFF,
    0x00, 0x00, 0x00, 0x00, 0x2A, 0xFF, 0xFF, 0x00, 0x00, 0x00, 0x00, 0x2A, 0xFF, 0xFF, 0x00, 0x00,
    0x00, 0x00, 0x2A, 0xFF, 0xFF, 0x00, 0x00, 0x00, 0x00, 0x2A, 0xFF, 0xFF, 0x00, 0x00, 0x00, 0x00,
    0x2A, 0xFF, 0xFF, 0x00, 0x00, 0x00, 0x00, 0x0F, 0x8A, 0x7E, 0x00, 0x10, 0x84, 0x84, 0x84, 0x84,
    0x79, 0x00, 0x30, 0xFF, 0xFF, 0xFF, 0xFF, 0xFF, 0x00, 0x28, 0xFF, 0xFF, 0xFF, 0xFF, 0xFF, 0x00,
    0x00, 0x00, 0x00, 0x2A, 0xFF, 0xFF, 0x00, 0x00, 0x00, 0x00, 0x2A, 0xFF, 0xFF, 0x00, 0x00, 0x00,
    0x00, 0x2A, 0xFF, 0xFF, 0x00, 0x00, 0x00, 0x00, 0x2A, 0xFF, 0xFF, 0x00, 0x00, 0x00, 0x00, 0x2A,
    0xFF, 0xFF, 0x00, 0x00, 0x00, 0x00, 0x2A, 0xFF, 0xFF, 0x00, 0x00, 0x00, 0x00, 0x18, 0xB9, 0xAA,
    0x75, 0x1C, 0x00, 0x00, 0x00, 0xFF, 0x4E, 0x00, 0x00, 0x00, 0xFF, 0x4E, 0x00, 0x00, 0x00, 0xFF,
    0x4E, 0x00, 0x00, 0x00, 0xFF, 0x4E, 0x00, 0x00, 0x00, 0xFF, 0x4E, 0x00, 0x00, 0x00, 0xFF, 0x4E,
    0x00, 0x00, 0x00, 0xFF, 0x52, 0x06, 0x06, 0x03, 0xFF, 0xFF, 0xFF, 0xFF, 0xEB, 0x18, 0x1E, 0x1E,
    0x1E, 0x15, 0x30, 0x0C, 0x00, 0x00, 0x00, 0xFF, 0x4E, 0x00, 0x00, 0x00, 0xFF, 0x4E, 0x00, 0x00,
    0x00, 0xFF, 0x4E, 0x00, 0x00, 0x00, 0xFF, 0x4E, 0x00, 0x00, 0x00, 0xFF, 0x4E, 0x00, 0x00, 0x00,
    0xFF, 0x4E, 0x00, 0x00, 0x00, 0xFF, 0xB7, 0x84, 0x84, 0x60, 0xFF, 0xFF, 0xFF, 0xFF, 0xEB, 0xDA,
    0xFF, 0xFF, 0xFF, 0xC5, 0x0F, 0x90, 0x84, 0x00, 0x00, 0x00, 0x2A, 0xFF, 0xFF, 0x00, 0x00, 0x00,
    0x2A, 0xFF, 0xFF, 0x00, 0x00, 0x00, 0x2A, 0xFF, 0xFF, 0x00, 0x00, 0x00, 0x2A, 0xFF, 0xFF, 0x00,
    0x00, 0x00, 0x2A, 0xFF, 0xFF, 0x00, 0x00, 0x00, 0x2A, 0xFF, 0xFF, 0x00, 0x00, 0x00, 0x2A, 0xFF,
    0xFF, 0x06, 0x06, 0x04, 0x2A, 0xFF, 0xFF, 0xFF, 0xFF, 0xFF, 0x03, 0x1E, 0x1E, 0x1E, 0x1E, 0x1C,
    0x06, 0x3C, 0x36, 0x00, 0x00, 0x00, 0x2A, 0xFF, 0xFF, 0x00, 0x00, 0x00, 0x2A, 0xFF, 0xFF, 0x00,
    0x00, 0x00, 0x2A, 0xFF, 0xFF, 0x00, 0x00, 0x00, 0x2A, 0xFF, 0xFF, 0x00, 0x00, 0x00, 0x2A, 0xFF,
    0xFF, 0x00, 0x00, 0x00, 0x2A, 0xFF, 0xFF, 0x00, 0x00, 0x00, 0x2A, 0xFF, 0xFF, 0x84, 0x84, 0x7C,
    0x2A, 0xFF, 0xFF, 0xFF, 0xFF, 0xFF, 0x22, 0xFF, 0xFF, 0xFF, 0xFF, 0xFF, 0x00, 0x00, 0x00, 0x00,
    0x00, 0x75, 0x1C, 0x00, 0x00, 0x00, 0x00, 0x00, 0xFF, 0x4E, 0x00, 0x00, 0x00, 0x00, 0x00, 0xFF,
    0x4E, 0x00, 0x00, 0x00, 0x00, 0x00, 0xFF, 0x4E, 0x00, 0x00, 0x00, 0x00, 0x00, 0xFF, 0x4E, 0x00,
    0x00, 0x00, 0x00, 0x00, 0xFF, 0x4E, 0x00, 0x00, 0x00, 0x00, 0x00, 0xFF, 0x4E, 0x00, 0x01, 0x06,
    0x06, 0x06, 0xFF, 0x4E, 0x00, 0x84, 0xFF, 0xFF, 0xFF, 0xFF, 0x4E, 0x00, 0x09, 0x1E, 0x1E, 0x1E,
    0x1E, 0x06, 0x00, 0x00, 0x00, 0x00, 0x00, 0x30, 0x0C, 0x00, 0x00, 0x00, 0x00, 0x00, 0xFF, 0x4E,
    0x00, 0x00, 0x00, 0x00, 0x00, 0xFF, 0x4E, 0x00, 0x00, 0x00, 0x00, 0x00, 0xFF, 0x4E, 0x00, 0x00,
    0x00, 0x00, 0x00, 0xFF, 0x4E, 0x00, 0x00, 0x00, 0x00, 0x00, 0xFF, 0x4E, 0x00, 0x00, 0x00, 0x00,
    0x00, 0xFF, 0x4E, 0x00, 0x2D, 0x84, 0x84, 0x84, 0xFF, 0x4E, 0x00, 0x84, 0xFF, 0xFF, 0xFF, 0xFF,
    0x4E, 0x00, 0x6F, 0xFF, 0xFF, 0xFF, 0xFF, 0x40, 0x00, 0x00, 0x00, 0x00, 0x0F, 0x90, 0x84, 0x00,
    0x00, 0x00, 0x00, 0x2A, 0xFF, 0xFF, 0x00, 0x00, 0x00, 0x00, 0x2A, 0xFF, 0xFF, 0x00, 0x00, 0x00,
    0x00, 0x2A, 0xFF, 0xFF, 0x00, 0x00, 0x00, 0x00, 0x2A, 0xFF, 0xFF, 0x00, 0x00, 0x00, 0x00, 0x2A,
    0xFF, 0xFF, 0x00, 0x00, 0x00, 0x00, 0x2A, 0xFF, 0xFF, 0x00, 0x00, 0x06, 0x06, 0x2E, 0xFF, 0xFF,
    0x00, 0x30, 0xFF, 0xFF, 0xFF, 0xFF, 0xFF, 0x00, 0x03, 0x1E, 0x1E, 0x1E, 0x1E, 0x1B, 0x00, 0x00,
    0x00, 0x00, 0x06, 0x3C, 0x36, 0x00, 0x00, 0x00, 0x00, 0x2A, 0xFF, 0xFF, 0x00, 0x00, 0x00, 0x00,
    0x2A, 0xFF, 0xFF, 0x00, 0x00, 0x00, 0x00, 0x2A, 0xFF, 0xFF, 0x00, 0x00, 0x00, 0x00, 0x2A, 0xFF,
    0xFF, 0x00, 0x00, 0x00, 0x00, 0x2A, 0xFF, 0xFF, 0x00, 0x00, 0x00, 0x00, 0x2A, 0xFF, 0xFF, 0x00,
    0x10, 0x84, 0x84, 0x9F, 0xFF, 0xFF, 0x00, 0x30, 0xFF, 0xFF, 0xFF, 0xFF, 0xFF, 0x00, 0x28, 0xFF,
    0xFF, 0xFF, 0xFF, 0xF8, 0xB8, 0x2D, 0x00, 0x00, 0x00, 0xFF, 0x4E, 0x00, 0x00, 0x00, 0xFF, 0x4E,
    0x00, 0x00, 0x00, 0xFF, 0x4E, 0x00, 0x00, 0x00, 0xFF, 0x4E, 0x00, 0x00, 0x00, 0xFF, 0x4E, 0x00,
    0x00, 0x00, 0xFF, 0x4E, 0x00, 0x00, 0x00, 0xFF, 0x94, 0x5A, 0x5A, 0x42, 0xFF, 0xFF, 0xFF, 0xFF,
    0xC9, 0xFF, 0x4E, 0x00, 0x00, 0x00, 0xFF, 0x4E, 0x00, 0x00, 0x00, 0xFF, 0x4E, 0x00, 0x00, 0x00,
    0xFF, 0x4E, 0x00, 0x00, 0x00, 0xFF, 0x4E, 0x00, 0x00, 0x00, 0xFF, 0x4E, 0x00, 0x00, 0x00, 0xFF,
    0x4E, 0x00, 0x00, 0x00, 0x2B, 0x0A, 0x00, 0x00, 0x00, 0xB8, 0x2D, 0x00, 0x00, 0x00, 0xFF, 0x4E,
    0x00, 0x00, 0x00, 0xFF, 0x4E, 0x00, 0x00, 0x00, 0xFF, 0x4E, 0x00, 0x00, 0x00, 0xFF, 0x4E, 0x00,
    0x00, 0x00, 0xFF, 0x4E, 0x00, 0x00, 0x00, 0xFF, 0x4E, 0x00, 0x00, 0x00, 0xFF, 0xFF, 0xFA, 0xFA,
    0xB6, 0xFF, 0xFF, 0xFF, 0xFF, 0xEB, 0xFF, 0xA7, 0x9C, 0x9C, 0x72, 0xFF, 0x4E, 0x00, 0x00, 0x00,
    0xFF, 0x4E, 0x00, 0x00, 0x00, 0xFF, 0x4E, 0x00, 0x00, 0x00, 0xFF, 0x4E, 0x00, 0x00, 0x00, 0xFF,
    0x4E, 0x00, 0x00, 0x00, 0xFF, 0x4E, 0x00, 0x00, 0x00, 0x2B, 0x0A, 0x00, 0x00, 0x00, 0x0F, 0x90,
    0x84, 0x00, 0x00, 0x00, 0x2A, 0xFF, 0xFF, 0x00, 0x00, 0x00, 0x2A, 0xFF, 0xFF, 0x00, 0x00, 0x00,
    0x2A, 0xFF, 0xFF, 0x00, 0x00, 0x00, 0x2A, 0xFF, 0xFF, 0x00, 0x00, 0x00, 0x2A, 0xFF, 0xFF, 0x00,
    0x00, 0x00, 0x2A, 0xFF, 0xFF, 0x00, 0x00, 0x00, 0x2A, 0xFF, 0xFF, 0x06, 0x06, 0x04, 0x2A, 0xFF,
    0xFF, 0xFF, 0xFF, 0xFF, 0x03, 0xC8, 0xB2, 0x1E, 0x1E, 0x1C, 0x00, 0xBE, 0xA2, 0x00, 0x00, 0x00,
    0x00, 0xBE, 0xA2, 0x00, 0x00, 0x00, 0x00, 0xBE, 0xA2, 0x00, 0x00, 0x00, 0x00, 0xBE, 0xA2, 0x00,
    0x00, 0x00, 0x00, 0xBE, 0xA2, 0x00, 0x00, 0x00, 0x00, 0xBE, 0xA2, 0x00, 0x00, 0x00, 0x00, 0x51,
    0x39, 0x00, 0x00, 0x00, 0x00, 0x55, 0x3C, 0x00, 0x00, 0x00, 0x00, 0xBE, 0xA2, 0x00, 0x00, 0x00,
    0x00, 0xBE, 0xA2, 0x00, 0x00, 0x00, 0x00, 0xBE, 0xA2, 0x00, 0x00, 0x00, 0x00, 0xBE, 0xA2, 0x00,
    0x00, 0x00, 0x00, 0xBE, 0xA2, 0x00, 0x00, 0x00, 0x00, 0xBE, 0xA2, 0x00, 0x00, 0x00, 0x00, 0xBF,
    0xA5, 0x06, 0x06, 0x04, 0x2A, 0xFF, 0xFF, 0xFF, 0xFF, 0xFF, 0x2A, 0xFF, 0xFF, 0x1E, 0x1E, 0x1C,
    0x2A, 0xFF, 0xFF, 0x00, 0x00, 0x00, 0x2A, 0xFF, 0xFF, 0x00, 0x00, 0x00, 0x2A, 0xFF, 0xFF, 0x00,
    0x00, 0x00, 0x2A, 0xFF, 0xFF, 0x00, 0x00, 0x00, 0x2A, 0xFF, 0xFF, 0x00, 0x00, 0x00, 0x2A, 0xFF,
    0xFF, 0x00, 0x00, 0x00, 0x0F, 0x8A, 0x7E, 0x00, 0x00, 0x00, 0x18, 0xBE, 0xAF, 0x00, 0x00, 0x00,
    0x2A, 0xFF, 0xFF, 0x00, 0x00, 0x00, 0x2A, 0xFF, 0xFF, 0x00, 0x00, 0x00, 0x2A, 0xFF, 0xFF, 0x00,
    0x00, 0x00, 0x2A, 0xFF, 0xFF, 0x00, 0x00, 0x00, 0x2A, 0xFF, 0xFF, 0x00, 0x00, 0x00, 0x2A, 0xFF,
    0xFF, 0x00, 0x00, 0x00, 0x2A, 0xFF, 0xFF, 0x5A, 0x5A, 0x55, 0x2A, 0xFF, 0xFF, 0xFF, 0xFF, 0xFF,
    0x2A, 0xFF, 0xFF, 0x00, 0x00, 0x00, 0x2A, 0xFF, 0xFF, 0x00, 0x00, 0x00, 0x2A, 0xFF, 0xFF, 0x00,
    0x00, 0x00, 0x2A, 0xFF, 0xFF, 0x00, 0x00, 0x00, 0x2A, 0xFF, 0xFF, 0x00, 0x00, 0x00, 0x2A, 0xFF,
    0xFF, 0x00, 0x00, 0x00, 0x2A, 0xFF, 0xFF, 0x00, 0x00, 0x00, 0x04, 0x36, 0x31, 0x00, 0x00, 0x00,
    0x06, 0x3C, 0x36, 0x00, 0x00, 0x00, 0x2A, 0xFF, 0xFF, 0x00, 0x00, 0x00, 0x2A, 0xFF, 0xFF, 0x00,
    0x00, 0x00, 0x2A, 0xFF, 0xFF, 0x00, 0x00, 0x00, 0x2A, 0xFF, 0xFF, 0x00, 0x00, 0x00, 0x2A, 0xFF,
    0xFF, 0x00, 0x00, 0x00, 0x2A, 0xFF, 0xFF, 0x00, 0x00, 0x00, 0x2A, 0xFF, 0xFF, 0x84, 0x84, 0x7C,
    0x2A, 0xFF, 0xFF, 0xFF, 0xFF, 0xFF, 0x22, 0xFF, 0xFF, 0xFF, 0xFF, 0xFF, 0x00, 0xBE, 0xA2, 0x00,
    0x00, 0x00, 0x00, 0xBE, 0xA2, 0x00, 0x00, 0x00, 0x00, 0xBE, 0xA2, 0x00, 0x00, 0x00, 0x00, 0xBE,
    0xA2, 0x00, 0x00, 0x00, 0x00, 0xBE, 0xA2, 0x00, 0x00, 0x00, 0x00, 0xBE, 0xA2, 0x00, 0x00, 0x00,
    0x00, 0x82, 0x5D, 0x00, 0x00, 0x00, 0x00, 0x87, 0x60, 0x00, 0x00, 0x00, 0x00, 0xBE, 0xA2, 0x00,
    0x00, 0x00, 0x00, 0xBE, 0xA2, 0x00, 0x00, 0x00, 0x00, 0xBE, 0xA2, 0x00, 0x00, 0x00, 0x00, 0xBE,
    0xA2, 0x00, 0x00, 0x00, 0x00, 0xBE, 0xA2, 0x00, 0x00, 0x00, 0x00, 0xBE, 0xA2, 0x00, 0x00, 0x00,
    0x1F, 0xFF, 0xFF, 0xFA, 0xFA, 0xED, 0x2A, 0xFF, 0xFF, 0xFF, 0xFF, 0xFF, 0x2A, 0xFF, 0xFF, 0x9C,
    0x9C, 0x94, 0x2A, 0xFF, 0xFF, 0x00, 0x00, 0x00, 0x2A, 0xFF, 0xFF, 0x00, 0x00, 0x00, 0x2A, 0xFF,
    0xFF, 0x00, 0x00, 0x00, 0x2A, 0xFF, 0xFF, 0x00, 0x00, 0x00, 0x2A, 0xFF, 0xFF, 0x00, 0x00, 0x00,
    0x2A, 0xFF, 0xFF, 0x00, 0x00, 0x00, 0x04, 0x36, 0x31, 0x00, 0x00, 0x00, 0x18, 0xBE, 0xAF, 0x00,
    0x00, 0x00, 0x2A, 0xFF, 0xFF, 0x00, 0x00, 0x00, 0x2A, 0xFF, 0xFF, 0x00, 0x00, 0x00, 0x2A, 0xFF,
    0xFF, 0x00, 0x00, 0x00, 0x2A, 0xFF, 0xFF, 0x00, 0x00, 0x00, 0x2A, 0xFF, 0xFF, 0x00, 0x00, 0x00,
    0x2A, 0xFF, 0xFF, 0x00, 0x00, 0x00, 0x2A, 0xFF, 0xFF, 0xFA, 0xFA, 0xED, 0x2A, 0xFF, 0xFF, 0xFF,
    0xFF, 0xFF, 0x2A, 0xFF, 0xFF, 0x9C, 0x9C, 0x94, 0x2A, 0xFF, 0xFF, 0x00, 0x00, 0x00, 0x2A, 0xFF,
    0xFF, 0x00, 0x00, 0x00, 0x2A, 0xFF, 0xFF, 0x00, 0x00, 0x00, 0x2A, 0xFF, 0xFF, 0x00, 0x00, 0x00,
    0x2A, 0xFF, 0xFF, 0x00, 0x00, 0x00, 0x2A, 0xFF, 0xFF, 0x00, 0x00, 0x00, 0x04, 0x36, 0x31, 0x00,
    0x00, 0x00, 0x00, 0x00, 0x00, 0x00, 0x00, 0xB8, 0x2D, 0x00, 0x00, 0x00, 0x00, 0x00, 0xFF, 0x4E,
    0x00, 0x00, 0x00, 0x00, 0x00, 0xFF, 0x4E, 0x00, 0x00, 0x00, 0x00, 0x00, 0xFF, 0x4E, 0x00, 0x00,
    0x00, 0x00, 0x00, 0xFF, 0x4E, 0x00, 0x00, 0x00, 0x00, 0x00, 0xFF, 0x4E, 0x00, 0x00, 0x00, 0x00,
    0x00, 0xFF, 0x4E, 0x00, 0x1E, 0x5A, 0x5A, 0x5A, 0xFF, 0x4E, 0x00, 0x70, 0xFF, 0xFF, 0xFF, 0xFF,
    0x4E, 0x00, 0x00, 0x00, 0x00, 0x00, 0xFF, 0x4E, 0x00, 0x00, 0x00, 0x00, 0x00, 0xFF, 0x4E, 0x00,
    0x00, 0x00, 0x00, 0x00, 0xFF, 0x4E, 0x00, 0x00, 0x00, 0x00, 0x00, 0xFF, 0x4E, 0x00, 0x00, 0x00,
    0x00, 0x00, 0xFF, 0x4E, 0x00, 0x00, 0x00, 0x00, 0x00, 0xFF, 0x4E, 0x00, 0x00, 0x00, 0x00, 0x00,
    0xFF, 0x4E, 0x00, 0x00, 0x00, 0x00, 0x00, 0x2B, 0x0A, 0x00, 0x00, 0x00, 0x00, 0x00, 0xB8, 0x2D,
    0x00, 0x00, 0x00, 0x00, 0x00, 0xFF, 0x4E, 0x00, 0x00, 0x00, 0x00, 0x00, 0xFF, 0x4E, 0x00, 0x00,
    0x00, 0x00, 0x00, 0xFF, 0x4E, 0x00, 0x00, 0x00, 0x00, 0x00, 0xFF, 0x4E, 0x00, 0x00, 0x00, 0x00,
    0x00, 0xFF, 0x4E, 0x00, 0x00, 0x00, 0x00, 0x00, 0xFF, 0x4E, 0x00, 0x66, 0xFA, 0xFA, 0xFA, 0xFF,
    0x4E, 0x00, 0x84, 0xFF, 0xFF, 0xFF, 0xFF, 0x4E, 0x00, 0x34, 0x9C, 0x9C, 0x9C, 0xFF, 0x4E, 0x00,
    0x00, 0x00, 0x00, 0x00, 0xFF, 0x4E, 0x00, 0x00, 0x00, 0x00, 0x00, 0xFF, 0x4E, 0x00, 0x00, 0x00,
    0x00, 0x00, 0xFF, 0x4E, 0x00, 0x00, 0x00, 0x00, 0x00, 0xFF, 0x4E, 0x00, 0x00, 0x00, 0x00, 0x00,
    0xFF, 0x4E, 0x00, 0x00, 0x00, 0x00, 0x00, 0xFF, 0x4E, 0x00, 0x00, 0x00, 0x00, 0x00, 0x2B, 0x0A,
    0x00, 0x00, 0x00, 0x00, 0x0F, 0x90, 0x84, 0x00, 0x00, 0x00, 0x00, 0x2A, 0xFF, 0xFF, 0x00, 0x00,
    0x00, 0x00, 0x2A, 0xFF, 0xFF, 0x00, 0x00, 0x00, 0x00, 0x2A, 0xFF, 0xFF, 0x00, 0x00, 0x00, 0x00,
    0x2A, 0xFF, 0xFF, 0x00, 0x00, 0x00, 0x00, 0x2A, 0xFF, 0xFF, 0x00, 0x00, 0x00, 0x00, 0x2A, 0xFF,
    0xFF, 0x00, 0x00, 0x06, 0x06, 0x2E, 0xFF, 0xFF, 0x00, 0x30, 0xFF, 0xFF, 0xFF, 0xFF, 0xFF, 0x00,
    0x03, 0x1E, 0x1E, 0x1E, 0xC8, 0xB1, 0x00, 0x00, 0x00, 0x00, 0x00, 0xBE, 0xA2, 0x00, 0x00, 0x00,
    0x00, 0x00, 0xBE, 0xA2, 0x00, 0x00, 0x00, 0x00, 0x00, 0xBE, 0xA2, 0x00, 0x00, 0x00, 0x00, 0x00,
    0xBE, 0xA2, 0x00, 0x00, 0x00, 0x00, 0x00, 0xBE, 0xA2, 0x00, 0x00, 0x00, 0x00, 0x00, 0xBE, 0xA2,
    0x00, 0x00, 0x00, 0x00, 0x00, 0x51, 0x39, 0x00, 0x00, 0x00, 0x00, 0x00, 0x55, 0x3C, 0x00, 0x00,
    0x00, 0x00, 0x00, 0xBE, 0xA2, 0x00, 0x00, 0x00, 0x00, 0x00, 0xBE, 0xA2, 0x00, 0x00, 0x00, 0x00,
    0x00, 0xBE, 0xA2, 0x00, 0x00, 0x00, 0x00, 0x00, 0xBE, 0xA2, 0x00, 0x00, 0x00, 0x00, 0x00, 0xBE,
    0xA2, 0x00, 0x00, 0x00, 0x00, 0x00, 0xBE, 0xA2, 0x00, 0x00, 0x06, 0x06, 0x06, 0xBF, 0xA5, 0x00,
    0x30, 0xFF, 0xFF, 0xFF, 0xFF, 0xFF, 0x00, 0x03, 0x1E, 0x1E, 0x43, 0xFF, 0xFF, 0x00, 0x00, 0x00,
    0x00, 0x2A, 0xFF, 0xFF, 0x00, 0x00, 0x00, 0x00, 0x2A, 0xFF, 0xFF, 0x00, 0x00, 0x00, 0x00, 0x2A,
    0xFF, 0xFF, 0x00, 0x00, 0x00, 0x00, 0x2A, 0xFF, 0xFF, 0x00, 0x00, 0x00, 0x00, 0x2A, 0xFF, 0xFF,
    0x00, 0x00, 0x00, 0x00, 0x2A, 0xFF, 0xFF, 0x00, 0x00, 0x00, 0x00, 0x0F, 0x8A, 0x7E, 0x00, 0x00,
    0x00, 0x00, 0x18, 0xBE, 0xAF, 0x00, 0x00, 0x00, 0x00, 0x2A, 0xFF, 0xFF, 0x00, 0x00, 0x00, 0x00,
    0x2A, 0xFF, 0xFF, 0x00, 0x00, 0x00, 0x00, 0x2A, 0xFF, 0xFF, 0x00, 0x00, 0x00, 0x00, 0x2A, 0xFF,
    0xFF, 0x00, 0x00, 0x00, 0x00, 0x2A, 0xFF, 0xFF, 0x00, 0x00, 0x00, 0x00, 0x2A, 0xFF, 0xFF, 0x00,
    0x0A, 0x5A, 0x5A, 0x79, 0xFF, 0xFF, 0x00, 0x28, 0xFF, 0xFF, 0xFF, 0xFF, 0xFF, 0x00, 0x00, 0x00,
    0x00, 0x2A, 0xFF, 0xFF, 0x00, 0x00, 0x00, 0x00, 0x2A, 0xFF, 0xFF, 0x00, 0x00, 0x00, 0x00, 0x2A,
    0xFF, 0xFF, 0x00, 0x00, 0x00, 0x00, 0x2A, 0xFF, 0xFF, 0x00, 0x00, 0x00, 0x00, 0x2A, 0xFF, 0xFF,
    0x00, 0x00, 0x00, 0x00, 0x2A, 0xFF, 0xFF, 0x00, 0x00, 0x00, 0x00, 0x2A, 0xFF, 0xFF, 0x00, 0x00,
    0x00, 0x00, 0x04, 0x36, 0x31, 0x00, 0x00, 0x00, 0x00, 0x06, 0x3C, 0x36, 0x00, 0x00, 0x00, 0x00,
    0x2A, 0xFF, 0xFF, 0x00, 0x00, 0x00, 0x00, 0x2A, 0xFF, 0xFF, 0x00, 0x00, 0x00, 0x00, 0x2A, 0xFF,
    0xFF, 0x00, 0x00, 0x00, 0x00, 0x2A, 0xFF, 0xFF, 0x00, 0x00, 0x00, 0x00, 0x2A, 0xFF, 0xFF, 0x00,
    0x00, 0x00, 0x00, 0x2A, 0xFF, 0xFF, 0x00, 0x10, 0x84, 0x84, 0x9F, 0xFF, 0xFF, 0x00, 0x30, 0xFF,
    0xFF, 0xFF, 0xFF, 0xFF, 0x00, 0x28, 0xFF, 0xFF, 0xFF, 0xFF, 0xFF, 0x00, 0x00, 0x00, 0x00, 0x00,
    0xBE, 0xA2, 0x00, 0x00, 0x00, 0x00, 0x00, 0xBE, 0xA2, 0x00, 0x00, 0x00, 0x00, 0x00, 0xBE, 0xA2,
    0x00, 0x00, 0x00, 0x00, 0x00, 0xBE, 0xA2, 0x00, 0x00, 0x00, 0x00, 0x00, 0xBE, 0xA2, 0x00, 0x00,
    0x00, 0x00, 0x00, 0xBE, 0xA2, 0x00, 0x00, 0x00, 0x00, 0x00, 0x82, 0x5D, 0x00, 0x00, 0x00, 0x00,
    0x00, 0x22, 0x18, 0x00, 0x00, 0x00, 0x00, 0x00, 0xBE, 0xA2, 0x00, 0x00, 0x00, 0x00, 0x00, 0xBE,
    0xA2, 0x00, 0x00, 0x00, 0x00, 0x00, 0xBE, 0xA2, 0x00, 0x00, 0x00, 0x00, 0x00, 0xBE, 0xA2, 0x00,
    0x00, 0x00, 0x00, 0x00, 0xBE, 0xA2, 0x00, 0x00, 0x00, 0x00, 0x00, 0xBE, 0xA2, 0x00, 0x10, 0x84,
    0x84, 0x84, 0xE9, 0xBE, 0x00, 0x30, 0xFF, 0xFF, 0xFF, 0xFF, 0xFF, 0x00, 0x28, 0xFF, 0xFF, 0xFF,
    0xFF, 0xFF, 0x00, 0x00, 0x00, 0x00, 0x2A, 0xFF, 0xFF, 0x00, 0x00, 0x00, 0x00, 0x2A, 0xFF, 0xFF,
    0x00, 0x00, 0x00, 0x00, 0x2A, 0xFF, 0xFF, 0x00, 0x00, 0x00, 0x00, 0x2A, 0xFF, 0xFF, 0x00, 0x00,
    0x00, 0x00, 0x2A, 0xFF, 0xFF, 0x00, 0x00, 0x00, 0x00, 0x2A, 0xFF, 0xFF, 0x00, 0x00, 0x00, 0x00,
    0x18, 0xB9, 0xAA, 0x00, 0x00, 0x00, 0x00, 0x18, 0xBE, 0xAF, 0x00, 0x00, 0x00, 0x00, 0x2A, 0xFF,
    0xFF, 0x00, 0x00, 0x00, 0x00, 0x2A, 0xFF, 0xFF, 0x00, 0x00, 0x00, 0x00, 0x2A, 0xFF, 0xFF, 0x00,
    0x00, 0x00, 0x00, 0x2A, 0xFF, 0xFF, 0x00, 0x00, 0x00, 0x00, 0x2A, 0xFF, 0xFF, 0x00, 0x00, 0x00,
    0x00, 0x2A, 0xFF, 0xFF, 0x00, 0x25, 0xFA, 0xFA, 0xFF, 0xFF, 0xFF, 0x00, 0x30, 0xFF, 0xFF, 0xFF,
    0xFF, 0xFF, 0x00, 0x13, 0x9C, 0x9C, 0xB4, 0xFF, 0xFF, 0x00, 0x00, 0x00, 0x00, 0x2A, 0xFF, 0xFF,
    0x00, 0x00, 0x00, 0x00, 0x2A, 0xFF, 0xFF, 0x00, 0x00, 0x00, 0x00, 0x2A, 0xFF, 0xFF, 0x00, 0x00,
    0x00, 0x00, 0x2A, 0xFF, 0xFF, 0x00, 0x00, 0x00, 0x00, 0x2A, 0xFF, 0xFF, 0x00, 0x00, 0x00, 0x00,
    0x2A, 0xFF, 0xFF, 0x00, 0x00, 0x00, 0x00, 0x04, 0x36, 0x31, 0x00, 0x05, 0x06, 0x06, 0x06, 0x06,
    0x06, 0x04, 0x1E, 0xE5, 0xFF, 0xFF, 0xFF, 0xFF, 0xFF, 0xFF, 0x02, 0x1B, 0x1E, 0x5E, 0xBA, 0x31,
    0x1E, 0x1C, 0x00, 0x00, 0x00, 0x47, 0xAD, 0x14, 0x00, 0x00, 0x00, 0x00, 0x00, 0x47, 0xAD, 0x14,
    0x00, 0x00, 0x00, 0x00, 0x00, 0x47, 0xAD, 0x14, 0x00, 0x00, 0x00, 0x00, 0x00, 0x47, 0xAD, 0x14,
    0x00, 0x00, 0x00, 0x00, 0x00, 0x47, 0xAD, 0x14, 0x00, 0x00, 0x00, 0x00, 0x00, 0x47, 0xAD, 0x14,
    0x00, 0x00, 0x00, 0x00, 0x00, 0x1E, 0x42, 0x07, 0x00, 0x00, 0x06, 0x75, 0x84, 0x84, 0x58, 0x08,
    0x00, 0x00, 0x13, 0xE3, 0xFF, 0xFF, 0xFF, 0xFF, 0xFF, 0xFF, 0x0F, 0xE2, 0xFF, 0xFF, 0xDD, 0x7D,
    0x72, 0x72, 0x00, 0x00, 0x00, 0x42, 0xB2, 0x17, 0x00, 0x00, 0x00, 0x00, 0x00, 0x42, 0xB2, 0x17,
    0x00, 0x00, 0x00, 0x00, 0x00, 0x42, 0xB2, 0x17, 0x00, 0x00, 0x00, 0x00, 0x00, 0x42, 0xB2, 0x17,
    0x00, 0x00, 0x00, 0x00, 0x00, 0x42, 0xB2, 0x17, 0x00, 0x00, 0x00, 0x00, 0x00, 0x42, 0xB2, 0x17,
    0x00, 0x00, 0x00, 0x00, 0x00, 0x2D, 0x6D, 0x0D, 0x00, 0x00, 0x00, 0x00, 0x00, 0x1D, 0x70, 0x84,
    0x83, 0x7C, 0x17, 0xE4, 0xFF, 0xFF, 0xFF, 0xFF, 0xFF, 0xFF, 0x08, 0x65, 0x72, 0x9C, 0xF5, 0xFF,
    0xFF, 0xFF, 0x00, 0x00, 0x00, 0x47, 0xAD, 0x14, 0x00, 0x00, 0x00, 0x00, 0x00, 0x47, 0xAD, 0x14,
    0x00, 0x00, 0x00, 0x00, 0x00, 0x47, 0xAD, 0x14, 0x00, 0x00, 0x00, 0x00, 0x00, 0x47, 0xAD, 0x14,
    0x00, 0x00, 0x00, 0x00, 0x00, 0x47, 0xAD, 0x14, 0x00, 0x00, 0x00, 0x00, 0x00, 0x47, 0xAD, 0x14,
    0x00, 0x00, 0x00, 0x00, 0x00, 0x31, 0x6B, 0x0C, 0x00, 0x00, 0x0A, 0x76, 0x84, 0x84, 0x84, 0x84,
    0x83, 0x7C, 0x1E, 0xE5, 0xFF, 0xFF, 0xFF, 0xFF, 0xFF, 0xFF, 0x19, 0xE4, 0xFF, 0xFF, 0xFF, 0xFF,
    0xFF, 0xFF, 0x00, 0x00, 0x00, 0x47, 0xAD, 0x14, 0x00, 0x00, 0x00, 0x00, 0x00, 0x47, 0xAD, 0x14,
    0x00, 0x00, 0x00, 0x00, 0x00, 0x47, 0xAD, 0x14, 0x00, 0x00, 0x00, 0x00, 0x00, 0x47, 0xAD, 0x14,
    0x00, 0x00, 0x00, 0x00, 0x00, 0x47, 0xAD, 0x14, 0x00, 0x00, 0x00, 0x00, 0x00, 0x47, 0xAD, 0x14,
    0x00, 0x00, 0x00, 0x00, 0x00, 0x31, 0x6B, 0x0C, 0x00, 0x00, 0x00, 0x05, 0x06, 0x06, 0x06, 0x06,
    0x06, 0x04, 0x1E, 0xE5, 0xFF, 0xFF, 0xFF, 0xFF, 0xFF, 0xFF, 0x02, 0x1B, 0x23, 0x8A, 0xFF, 0x3A,
    0x1E, 0x1C, 0x00, 0x00, 0x05, 0x7A, 0xFF, 0x20, 0x00, 0x00, 0x00, 0x00, 0x05, 0x7A, 0xFF, 0x20,
    0x00, 0x00, 0x00, 0x00, 0x05, 0x7A, 0xFF, 0x20, 0x00, 0x00, 0x00, 0x00, 0x05, 0x7A, 0xFF, 0x20,
    0x00, 0x00, 0x00, 0x00, 0x05, 0x7A, 0xFF, 0x20, 0x00, 0x00, 0x00, 0x00, 0x05, 0x7A, 0xFF, 0x20,
    0x00, 0x00, 0x00, 0x00, 0x02, 0x3D, 0x83, 0x10, 0x00, 0x00, 0x0A, 0x76, 0x84, 0x84, 0x7D, 0x0F,
    0x00, 0x00, 0x1E, 0xE5, 0xFF, 0xFF, 0xFF, 0xFF, 0xFD, 0xF2, 0x19, 0xE4, 0xFF, 0xFF, 0xFF, 0x84,
    0x71, 0x6C, 0x00, 0x00, 0x05, 0x7A, 0xFF, 0x20, 0x00, 0x00, 0x00, 0x00, 0x05, 0x7A, 0xFF, 0x20,
    0x00, 0x00, 0x00, 0x00, 0x05, 0x7A, 0xFF, 0x20, 0x00, 0x00, 0x00, 0x00, 0x05, 0x7A, 0xFF, 0x20,
    0x00, 0x00, 0x00, 0x00, 0x05, 0x7A, 0xFF, 0x20, 0x00, 0x00, 0x00, 0x00, 0x05, 0x7A, 0xFF, 0x20,
    0x00, 0x00, 0x00, 0x00, 0x03, 0x54, 0xB0, 0x15, 0x00, 0x00, 0x00, 0x00, 0x02, 0x3A, 0x84, 0x84,
    0x83, 0x7C, 0x17, 0xE4, 0xFF, 0xFF, 0xFF, 0xFF, 0xFF, 0xFF, 0x08, 0x65, 0x76, 0xB8, 0xFF, 0xFF,
    0xFF, 0xFF, 0x00, 0x00, 0x05, 0x7A, 0xFF, 0x20, 0x00, 0x00, 0x00, 0x00, 0x05, 0x7A, 0xFF, 0x20,
    0x00, 0x00, 0x00, 0x00, 0x05, 0x7A, 0xFF, 0x20, 0x00, 0x00, 0x00, 0x00, 0x05, 0x7A, 0xFF, 0x20,
    0x00, 0x00, 0x00, 0x00, 0x05, 0x7A, 0xFF, 0x20, 0x00, 0x00, 0x00, 0x00, 0x05, 0x7A, 0xFF, 0x20,
    0x00, 0x00, 0x00, 0x00, 0x03, 0x54, 0xB0, 0x15, 0x00, 0x00, 0x0A, 0x76, 0x84, 0x84, 0x84, 0x84,
    0x83, 0x7C, 0x1E, 0xE5, 0xFF, 0xFF, 0xFF, 0xFF, 0xFF, 0xFF, 0x19, 0xE4, 0xFF, 0xFF, 0xFF, 0xFF,
    0xFF, 0xFF, 0x00, 0x00, 0x05, 0x7A, 0xFF, 0x20, 0x00, 0x00, 0x00, 0x00, 0x05, 0x7A, 0xFF, 0x20,
    0x00, 0x00, 0x00, 0x00, 0x05, 0x7A, 0xFF, 0x20, 0x00, 0x00, 0x00, 0x00, 0x05, 0x7A, 0xFF, 0x20,
    0x00, 0x00, 0x00, 0x00, 0x05, 0x7A, 0xFF, 0x20, 0x00, 0x00, 0x00, 0x00, 0x05, 0x7A, 0xFF, 0x20,
    0x00, 0x00, 0x00, 0x00, 0x03, 0x54, 0xB0, 0x15, 0x00, 0x00, 0x00, 0x00, 0x00, 0x20, 0x45, 0x08,
    0x00, 0x00, 0x00, 0x00, 0x00, 0x47, 0xAD, 0x14, 0x00, 0x00, 0x00, 0x00, 0x00, 0x47, 0xAD, 0x14,
    0x00, 0x00, 0x00, 0x00, 0x00, 0x47, 0xAD, 0x14, 0x00, 0x00, 0x00, 0x00, 0x00, 0x47, 0xAD, 0x14,
    0x00, 0x00, 0x00, 0x00, 0x00, 0x47, 0xAD, 0x14, 0x00, 0x00, 0x00, 0x00, 0x00, 0x47, 0xAD, 0x14,
    0x00, 0x00, 0x00, 0x05, 0x06, 0x4B, 0xAF, 0x1A, 0x06, 0x04, 0x1E, 0xE5, 0xFF, 0xFF, 0xFF, 0xFF,
    0xFF, 0xFF, 0x02, 0x1B, 0x1E, 0x1E, 0x1E, 0x1E, 0x1E, 0x1C, 0x00, 0x00, 0x00, 0x12, 0x1A, 0x02,
    0x00, 0x00, 0x00, 0x00, 0x00, 0x60, 0x90, 0x0A, 0x00, 0x00, 0x00, 0x00, 0x00, 0x60, 0x90, 0x0A,
    0x00, 0x00, 0x00, 0x00, 0x00, 0x60, 0x90, 0x0A, 0x00, 0x00, 0x00, 0x00, 0x00, 0x60, 0x90, 0x0A,
    0x00, 0x00, 0x00, 0x00, 0x00, 0x60, 0x90, 0x0A, 0x00, 0x00, 0x00, 0x00, 0x00, 0x60, 0x90, 0x0A,
    0x00, 0x00, 0x1C, 0x79, 0x84, 0xB2, 0x90, 0x0A, 0x00, 0x00, 0x53, 0xF0, 0xFF, 0xFF, 0xFF, 0xFF,
    0xF6, 0xBA, 0x45, 0xED, 0xFF, 0xFF, 0xC1, 0x77, 0x6E, 0x52, 0x00, 0x00, 0x00, 0x12, 0x1A, 0x02,
    0x00, 0x00, 0x00, 0x00, 0x00, 0x60, 0x90, 0x0A, 0x00, 0x00, 0x00, 0x00, 0x00, 0x60, 0x90, 0x0A,
    0x00, 0x00, 0x00, 0x00, 0x00, 0x60, 0x90, 0x0A, 0x00, 0x00, 0x00, 0x00, 0x00, 0x60, 0x90, 0x0A,
    0x00, 0x00, 0x00, 0x00, 0x00, 0x60, 0x90, 0x0A, 0x00, 0x00, 0x00, 0x00, 0x00, 0x60, 0x90, 0x0A,
    0x00, 0x00, 0x00, 0x00, 0x00, 0x60, 0xD2, 0x8A, 0x80, 0x60, 0x42, 0xEC, 0xFF, 0xFF, 0xFF, 0xFF,
    0xFD, 0xEB, 0x18, 0x69, 0x72, 0xA0, 0xF8, 0xFF, 0xF8, 0xC5, 0x00, 0x00, 0x00, 0x0D, 0x1C, 0x03,
    0x00, 0x00, 0x00, 0x00, 0x00, 0x47, 0xAD, 0x14, 0x00, 0x00, 0x00, 0x00, 0x00, 0x47, 0xAD, 0x14,
    0x00, 0x00, 0x00, 0x00, 0x00, 0x47, 0xAD, 0x14, 0x00, 0x00, 0x00, 0x00, 0x00, 0x47, 0xAD, 0x14,
    0x00, 0x00, 0x00, 0x00, 0x00, 0x47, 0xAD, 0x14, 0x00, 0x00, 0x00, 0x00, 0x00, 0x47, 0xAD, 0x14,
    0x00, 0x00, 0x0A, 0x76, 0x84, 0xAA, 0xD3, 0x8C, 0x83, 0x7C, 0x1E, 0xE5, 0xFF, 0xFF, 0xFF, 0xFF,
    0xFF, 0xFF, 0x19, 0xE4, 0xFF, 0xFF, 0xFF, 0xFF, 0xFF, 0xFF, 0x00, 0x00, 0x02, 0x3F, 0x89, 0x11,
    0x00, 0x00, 0x00, 0x00, 0x05, 0x7A, 0xFF, 0x20, 0x00, 0x00, 0x00, 0x00, 0x05, 0x7A, 0xFF, 0x20,
    0x00, 0x00, 0x00, 0x00, 0x05, 0x7A, 0xFF, 0x20, 0x00, 0x00, 0x00, 0x00, 0x05, 0x7A, 0xFF, 0x20,
    0x00, 0x00, 0x00, 0x00, 0x05, 0x7A, 0xFF, 0x20, 0x00, 0x00, 0x00, 0x00, 0x05, 0x7A, 0xFF, 0x20,
    0x00, 0x00, 0x00, 0x05, 0x0B, 0x7C, 0xFF, 0x25, 0x06, 0x04, 0x1E, 0xE5, 0xFF, 0xFF, 0xFF, 0xFF,
    0xFF, 0xFF, 0x02, 0x1B, 0x1E, 0x1E, 0x1E, 0x1E, 0x1E, 0x1C, 0x00, 0x00, 0x01, 0x1A, 0x38, 0x07,
    0x00, 0x00, 0x00, 0x00, 0x05, 0x7A, 0xFF, 0x20, 0x00, 0x00, 0x00, 0x00, 0x05, 0x7A, 0xFF, 0x20,
    0x00, 0x00, 0x00, 0x00, 0x05, 0x7A, 0xFF, 0x20, 0x00, 0x00, 0x00, 0x00, 0x05, 0x7A, 0xFF, 0x20,
    0x00, 0x00, 0x00, 0x00, 0x05, 0x7A, 0xFF, 0x20, 0x00, 0x00, 0x00, 0x00, 0x05, 0x7A, 0xFF, 0x20,
    0x00, 0x00, 0x0A, 0x76, 0x87, 0xC3, 0xFF, 0x20, 0x00, 0x00, 0x1E, 0xE5, 0xFF, 0xFF, 0xFF, 0xFF,
    0xFD, 0xF2, 0x19, 0xE4, 0xFF, 0xFF, 0xFF, 0x84, 0x71, 0x6C, 0x00, 0x00, 0x01, 0x1A, 0x38, 0x07,
    0x00, 0x00, 0x00, 0x00, 0x05, 0x7A, 0xFF, 0x20, 0x00, 0x00, 0x00, 0x00, 0x05, 0x7A, 0xFF, 0x20,
    0x00, 0x00, 0x00, 0x00, 0x05, 0x7A, 0xFF, 0x20, 0x00, 0x00, 0x00, 0x00, 0x05, 0x7A, 0xFF, 0x20,
    0x00, 0x00, 0x00, 0x00, 0x05, 0x7A, 0xFF, 0x20, 0x00, 0x00, 0x00, 0x00, 0x05, 0x7A, 0xFF, 0x20,
    0x00, 0x00, 0x00, 0x00, 0x05, 0x7A, 0xFF, 0x93, 0x83, 0x7C, 0x17, 0xE4, 0xFF, 0xFF, 0xFF, 0xFF,
    0xFF, 0xFF, 0x08, 0x65, 0x75, 0xB5, 0xFF, 0xFF, 0xFF, 0xFF, 0x00, 0x00, 0x01, 0x1A, 0x38, 0x07,
    0x00, 0x00, 0x00, 0x00, 0x05, 0x7A, 0xFF, 0x20, 0x00, 0x00, 0x00, 0x00, 0x05, 0x7A, 0xFF, 0x20,
    0x00, 0x00, 0x00, 0x00, 0x05, 0x7A, 0xFF, 0x20, 0x00, 0x00, 0x00, 0x00, 0x05, 0x7A, 0xFF, 0x20,
    0x00, 0x00, 0x00, 0x00, 0x05, 0x7A, 0xFF, 0x20, 0x00, 0x00, 0x00, 0x00, 0x05, 0x7A, 0xFF, 0x20,
    0x00, 0x00, 0x0A, 0x76, 0x87, 0xC3, 0xFF, 0x93, 0x83, 0x7C, 0x1E, 0xE5, 0xFF, 0xFF, 0xFF, 0xFF,
    0xFF, 0xFF, 0x19, 0xE4, 0xFF, 0xFF, 0xFF, 0xFF, 0xFF, 0xFF, 0x00, 0x00, 0x00, 0x33, 0x6F, 0x0C,
    0x00, 0x00, 0x00, 0x00, 0x00, 0x47, 0xAD, 0x14, 0x00, 0x00, 0x00, 0x00, 0x00, 0x47, 0xAD, 0x14,
    0x00, 0x00, 0x00, 0x00, 0x00, 0x47, 0xAD, 0x14, 0x00, 0x00, 0x00, 0x00, 0x00, 0x47, 0xAD, 0x14,
    0x00, 0x00, 0x00, 0x00, 0x00, 0x47, 0xAD, 0x14, 0x00, 0x00, 0x00, 0x00, 0x00, 0x47, 0xAD, 0x14,
    0x00, 0x00, 0x06, 0x50, 0x5A, 0x8B, 0xC1, 0x65, 0x59, 0x55, 0x19, 0xE4, 0xFF, 0xFF, 0xFF, 0xFF,
    0xFF, 0xFF, 0x00, 0x00, 0x00, 0x47, 0xAD, 0x14, 0x00, 0x00, 0x00, 0x00, 0x00, 0x47, 0xAD, 0x14,
    0x00, 0x00, 0x00, 0x00, 0x00, 0x47, 0xAD, 0x14, 0x00, 0x00, 0x00, 0x00, 0x00, 0x47, 0xAD, 0x14,
    0x00, 0x00, 0x00, 0x00, 0x00, 0x47, 0xAD, 0x14, 0x00, 0x00, 0x00, 0x00, 0x00, 0x47, 0xAD, 0x14,
    0x00, 0x00, 0x00, 0x00, 0x00, 0x47, 0xAD, 0x14, 0x00, 0x00, 0x00, 0x00, 0x00, 0x0C, 0x19, 0x03,
    0x00, 0x00, 0x00, 0x00, 0x00, 0x45, 0x61, 0x06, 0x00, 0x00, 0x00, 0x00, 0x00, 0x60, 0x90, 0x0A,
    0x00, 0x00, 0x00, 0x00, 0x00, 0x60, 0x90, 0x0A, 0x00, 0x00, 0x00, 0x00, 0x00, 0x60, 0x90, 0x0A,
    0x00, 0x00, 0x00, 0x00, 0x00, 0x60, 0x90, 0x0A, 0x00, 0x00, 0x00, 0x00, 0x00, 0x60, 0x90, 0x0A,
    0x00, 0x00, 0x00, 0x00, 0x00, 0x60, 0x90, 0x0A, 0x00, 0x00, 0x40, 0xE8, 0xFA, 0xFC, 0xBC, 0x61,
    0x57, 0x42, 0x53, 0xF0, 0xFF, 0xFF, 0xFF, 0xFF, 0xF8, 0xC9, 0x21, 0x8F, 0x9C, 0xC1, 0x90, 0x0A,
    0x00, 0x00, 0x00, 0x00, 0x00, 0x60, 0x90, 0x0A, 0x00, 0x00, 0x00, 0x00, 0x00, 0x60, 0x90, 0x0A,
    0x00, 0x00, 0x00, 0x00, 0x00, 0x60, 0x90, 0x0A, 0x00, 0x00, 0x00, 0x00, 0x00, 0x60, 0x90, 0x0A,
    0x00, 0x00, 0x00, 0x00, 0x00, 0x60, 0x90, 0x0A, 0x00, 0x00, 0x00, 0x00, 0x00, 0x60, 0x90, 0x0A,
    0x00, 0x00, 0x00, 0x00, 0x00, 0x10, 0x16, 0x01, 0x00, 0x00, 0x00, 0x00, 0x00, 0x45, 0x61, 0x06,
    0x00, 0x00, 0x00, 0x00, 0x00, 0x60, 0x90, 0x0A, 0x00, 0x00, 0x00, 0x00, 0x00, 0x60, 0x90, 0x0A,
    0x00, 0x00, 0x00, 0x00, 0x00, 0x60, 0x90, 0x0A, 0x00, 0x00, 0x00, 0x00, 0x00, 0x60, 0x90, 0x0A,
    0x00, 0x00, 0x00, 0x00, 0x00, 0x60, 0x90, 0x0A, 0x00, 0x00, 0x00, 0x00, 0x00, 0x60, 0x90, 0x0A,
    0x00, 0x00, 0x13, 0x53, 0x5A, 0x98, 0xFF, 0xFB, 0xF2, 0xB6, 0x46, 0xED, 0xFF, 0xFF, 0xFF, 0xFF,
    0xFD, 0xEB, 0x00, 0x00, 0x00, 0x60, 0xC8, 0x9D, 0x97, 0x72, 0x00, 0x00, 0x00, 0x60, 0x90, 0x0A,
    0x00, 0x00, 0x00, 0x00, 0x00, 0x60, 0x90, 0x0A, 0x00, 0x00, 0x00, 0x00, 0x00, 0x60, 0x90, 0x0A,
    0x00, 0x00, 0x00, 0x00, 0x00, 0x60, 0x90, 0x0A, 0x00, 0x00, 0x00, 0x00, 0x00, 0x60, 0x90, 0x0A,
    0x00, 0x00, 0x00, 0x00, 0x00, 0x60, 0x90, 0x0A, 0x00, 0x00, 0x00, 0x00, 0x00, 0x10, 0x16, 0x01,
    0x00, 0x00, 0x00, 0x00, 0x00, 0x33, 0x6F, 0x0C, 0x00, 0x00, 0x00, 0x00, 0x00, 0x47, 0xAD, 0x14,
    0x00, 0x00, 0x00, 0x00, 0x00, 0x47, 0xAD, 0x14, 0x00, 0x00, 0x00, 0x00, 0x00, 0x47, 0xAD, 0x14,
    0x00, 0x00, 0x00, 0x00, 0x00, 0x47, 0xAD, 0x14, 0x00, 0x00, 0x00, 0x00, 0x00, 0x47, 0xAD, 0x14,
    0x00, 0x00, 0x00, 0x00, 0x00, 0x47, 0xAD, 0x14, 0x00, 0x00, 0x17, 0xDF, 0xFA, 0xFC, 0xFF, 0xFB,
    0xF8, 0xED, 0x1E, 0xE5, 0xFF, 0xFF, 0xFF, 0xFF, 0xFF, 0xFF, 0x0C, 0x8B, 0x9C, 0xBC, 0xDE, 0xA3,
    0x9B, 0x94, 0x00, 0x00, 0x00, 0x47, 0xAD, 0x14, 0x00, 0x00, 0x00, 0x00, 0x00, 0x47, 0xAD, 0x14,
    0x00, 0x00, 0x00, 0x00, 0x00, 0x47, 0xAD, 0x14, 0x00, 0x00, 0x00, 0x00, 0x00, 0x47, 0xAD, 0x14,
    0x00, 0x00, 0x00, 0x00, 0x00, 0x47, 0xAD, 0x14, 0x00, 0x00, 0x00, 0x00, 0x00, 0x47, 0xAD, 0x14,
    0x00, 0x00, 0x00, 0x00, 0x00, 0x0C, 0x19, 0x03, 0x00, 0x00, 0x00, 0x00, 0x02, 0x3F, 0x89, 0x11,
    0x00, 0x00, 0x00, 0x00, 0x05, 0x7A, 0xFF, 0x20, 0x00, 0x00, 0x00, 0x00, 0x05, 0x7A, 0xFF, 0x20,
    0x00, 0x00, 0x00, 0x00, 0x05, 0x7A, 0xFF, 0x20, 0x00, 0x00, 0x00, 0x00, 0x05, 0x7A, 0xFF, 0x20,
    0x00, 0x00, 0x00, 0x00, 0x05, 0x7A, 0xFF, 0x20, 0x00, 0x00, 0x00, 0x00, 0x05, 0x7A, 0xFF, 0x20,
    0x00, 0x00, 0x00, 0x05, 0x0B, 0x7C, 0xFF, 0x25, 0x06, 0x04, 0x1E, 0xE5, 0xFF, 0xFF, 0xFF, 0xFF,
    0xFF, 0xFF, 0x02, 0x1B, 0x1E, 0x5E, 0xBA, 0x31, 0x1E, 0x1C, 0x00, 0x00, 0x00, 0x47, 0xAD, 0x14,
    0x00, 0x00, 0x00, 0x00, 0x00, 0x47, 0xAD, 0x14, 0x00, 0x00, 0x00, 0x00, 0x00, 0x47, 0xAD, 0x14,
    0x00, 0x00, 0x00, 0x00, 0x00, 0x47, 0xAD, 0x14, 0x00, 0x00, 0x00, 0x00, 0x00, 0x47, 0xAD, 0x14,
    0x00, 0x00, 0x00, 0x00, 0x00, 0x47, 0xAD, 0x14, 0x00, 0x00, 0x00, 0x00, 0x00, 0x1E, 0x42, 0x07,
    0x00, 0x00, 0x00, 0x00, 0x00, 0x20, 0x45, 0x08, 0x00, 0x00, 0x00, 0x00, 0x00, 0x47, 0xAD, 0x14,
    0x00, 0x00, 0x00, 0x00, 0x00, 0x47, 0xAD, 0x14, 0x00, 0x00, 0x00, 0x00, 0x00, 0x47, 0xAD, 0x14,
    0x00, 0x00, 0x00, 0x00, 0x00, 0x47, 0xAD, 0x14, 0x00, 0x00, 0x00, 0x00, 0x00, 0x47, 0xAD, 0x14,
    0x00, 0x00, 0x00, 0x00, 0x00, 0x47, 0xAD, 0x14, 0x00, 0x00, 0x00, 0x05, 0x06, 0x4B, 0xAF, 0x1A,
    0x06, 0x04, 0x1E, 0xE5, 0xFF, 0xFF, 0xFF, 0xFF, 0xFF, 0xFF, 0x02, 0x1B, 0x23, 0x8A, 0xFF, 0x3A,
    0x1E, 0x1C, 0x00, 0x00, 0x05, 0x7A, 0xFF, 0x20, 0x00, 0x00, 0x00, 0x00, 0x05, 0x7A, 0xFF, 0x20,
    0x00, 0x00, 0x00, 0x00, 0x05, 0x7A, 0xFF, 0x20, 0x00, 0x00, 0x00, 0x00, 0x05, 0x7A, 0xFF, 0x20,
    0x00, 0x00, 0x00, 0x00, 0x05, 0x7A, 0xFF, 0x20, 0x00, 0x00, 0x00, 0x00, 0x05, 0x7A, 0xFF, 0x20,
    0x00, 0x00, 0x00, 0x00, 0x02, 0x3D, 0x83, 0x10, 0x00, 0x00, 0x00, 0x00, 0x03, 0x56, 0xB5, 0x16,
    0x00, 0x00, 0x00, 0x00, 0x05, 0x7A, 0xFF, 0x20, 0x00, 0x00, 0x00, 0x00, 0x05, 0x7A, 0xFF, 0x20,
    0x00, 0x00, 0x00, 0x00, 0x05, 0x7A, 0xFF, 0x20, 0x00, 0x00, 0x00, 0x00, 0x05, 0x7A, 0xFF, 0x20,
    0x00, 0x00, 0x00, 0x00, 0x05, 0x7A, 0xFF, 0x20, 0x00, 0x00, 0x00, 0x00, 0x05, 0x7A, 0xFF, 0x20,
    0x00, 0x00, 0x06, 0x50, 0x5E, 0xAB, 0xFF, 0x6F, 0x59, 0x55, 0x19, 0xE4, 0xFF, 0xFF, 0xFF, 0xFF,
    0xFF, 0xFF, 0x00, 0x00, 0x05, 0x7A, 0xFF, 0x20, 0x00, 0x00, 0x00, 0x00, 0x05, 0x7A, 0xFF, 0x20,
    0x00, 0x00, 0x00, 0x00, 0x05, 0x7A, 0xFF, 0x20, 0x00, 0x00, 0x00, 0x00, 0x05, 0x7A, 0xFF, 0x20,
    0x00, 0x00, 0x00, 0x00, 0x05, 0x7A, 0xFF, 0x20, 0x00, 0x00, 0x00, 0x00, 0x05, 0x7A, 0xFF, 0x20,
    0x00, 0x00, 0x00, 0x00, 0x05, 0x7A, 0xFF, 0x20, 0x00, 0x00, 0x00, 0x00, 0x01, 0x17, 0x33, 0x06,
    0x00, 0x00, 0x00, 0x00, 0x01, 0x1A, 0x38, 0x07, 0x00, 0x00, 0x00, 0x00, 0x05, 0x7A, 0xFF, 0x20,
    0x00, 0x00, 0x00, 0x00, 0x05, 0x7A, 0xFF, 0x20, 0x00, 0x00, 0x00, 0x00, 0x05, 0x7A, 0xFF, 0x20,
    0x00, 0x00, 0x00, 0x00, 0x05, 0x7A, 0xFF, 0x20, 0x00, 0x00, 0x00, 0x00, 0x05, 0x7A, 0xFF, 0x20,
    0x00, 0x00, 0x00, 0x00, 0x05, 0x7A, 0xFF, 0x20, 0x00, 0x00, 0x0A, 0x76, 0x87, 0xC3, 0xFF, 0x20,
    0x00, 0x00, 0x1E, 0xE5, 0xFF, 0xFF, 0xFF, 0xFF, 0xFD, 0xF2, 0x19, 0xE4, 0xFF, 0xFF, 0xFF, 0x84,
    0x71, 0x6C, 0x00, 0x00, 0x00, 0x47, 0xAD, 0x14, 0x00, 0x00, 0x00, 0x00, 0x00, 0x47, 0xAD, 0x14,
    0x00, 0x00, 0x00, 0x00, 0x00, 0x47, 0xAD, 0x14, 0x00, 0x00, 0x00, 0x00, 0x00, 0x47, 0xAD, 0x14,
    0x00, 0x00, 0x00, 0x00, 0x00, 0x47, 0xAD, 0x14, 0x00, 0x00, 0x00, 0x00, 0x00, 0x47, 0xAD, 0x14,
    0x00, 0x00, 0x00, 0x00, 0x00, 0x31, 0x6B, 0x0C, 0x00, 0x00, 0x00, 0x00, 0x01, 0x1A, 0x38, 0x07,
    0x00, 0x00, 0x00, 0x00, 0x05, 0x7A, 0xFF, 0x20, 0x00, 0x00, 0x00, 0x00, 0x05, 0x7A, 0xFF, 0x20,
    0x00, 0x00, 0x00, 0x00, 0x05, 0x7A, 0xFF, 0x20, 0x00, 0x00, 0x00, 0x00, 0x05, 0x7A, 0xFF, 0x20,
    0x00, 0x00, 0x00, 0x00, 0x05, 0x7A, 0xFF, 0x20, 0x00, 0x00, 0x00, 0x00, 0x05, 0x7A, 0xFF, 0x20,
    0x00, 0x00, 0x00, 0x00, 0x05, 0x7A, 0xFF, 0x93, 0x83, 0x7C, 0x17, 0xE4, 0xFF, 0xFF, 0xFF, 0xFF,
    0xFF, 0xFF, 0x08, 0x65, 0x75, 0xB5, 0xFF, 0xFF, 0xFF, 0xFF, 0x00, 0x00, 0x00, 0x47, 0xAD, 0x14,
    0x00, 0x00, 0x00, 0x00, 0x00, 0x47, 0xAD, 0x14, 0x00, 0x00, 0x00, 0x00, 0x00, 0x47, 0xAD, 0x14,
    0x00, 0x00, 0x00, 0x00, 0x00, 0x47, 0xAD, 0x14, 0x00, 0x00, 0x00, 0x00, 0x00, 0x47, 0xAD, 0x14,
    0x00, 0x00, 0x00, 0x00, 0x00, 0x47, 0xAD, 0x14, 0x00, 0x00, 0x00, 0x00, 0x00, 0x31, 0x6B, 0x0C,
    0x00, 0x00, 0x00, 0x00, 0x00, 0x0D, 0x1C, 0x03, 0x00, 0x00, 0x00, 0x00, 0x00, 0x47, 0xAD, 0x14,
    0x00, 0x00, 0x00, 0x00, 0x00, 0x47, 0xAD, 0x14, 0x00, 0x00, 0x00, 0x00, 0x00, 0x47, 0xAD, 0x14,
    0x00, 0x00, 0x00, 0x00, 0x00, 0x47, 0xAD, 0x14, 0x00, 0x00, 0x00, 0x00, 0x00, 0x47, 0xAD, 0x14,
    0x00, 0x00, 0x00, 0x00, 0x00, 0x47, 0xAD, 0x14, 0x00, 0x00, 0x0A, 0x76, 0x84, 0xAA, 0xCE, 0x18,
    0x00, 0x00, 0x1E, 0xE5, 0xFF, 0xFF, 0xFF, 0xFF, 0xFD, 0xF2, 0x19, 0xE4, 0xFF, 0xFF, 0xFF, 0x84,
    0x71, 0x6C, 0x00, 0x00, 0x05, 0x7A, 0xFF, 0x20, 0x00, 0x00, 0x00, 0x00, 0x05, 0x7A, 0xFF, 0x20,
    0x00, 0x00, 0x00, 0x00, 0x05, 0x7A, 0xFF, 0x20, 0x00, 0x00, 0x00, 0x00, 0x05, 0x7A, 0xFF, 0x20,
    0x00, 0x00, 0x00, 0x00, 0x05, 0x7A, 0xFF, 0x20, 0x00, 0x00, 0x00, 0x00, 0x05, 0x7A, 0xFF, 0x20,
    0x00, 0x00, 0x00, 0x00, 0x03, 0x54, 0xB0, 0x15, 0x00, 0x00, 0x00, 0x00, 0x00, 0x33, 0x6F, 0x0C,
    0x00, 0x00, 0x00, 0x00, 0x00, 0x47, 0xAD, 0x14, 0x00, 0x00, 0x00, 0x00, 0x00, 0x47, 0xAD, 0x14,
    0x00, 0x00, 0x00, 0x00, 0x00, 0x47, 0xAD, 0x14, 0x00, 0x00, 0x00, 0x00, 0x00, 0x47, 0xAD, 0x14,
    0x00, 0x00, 0x00, 0x00, 0x00, 0x47, 0xAD, 0x14, 0x00, 0x00, 0x00, 0x00, 0x00, 0x47, 0xAD, 0x14,
    0x00, 0x00, 0x06, 0x50, 0x5D, 0xA6, 0xFF, 0xFB, 0xF8, 0xED, 0x19, 0xE4, 0xFF, 0xFF, 0xFF, 0xFF,
    0xFF, 0xFF, 0x00, 0x00, 0x05, 0x7A, 0xFF, 0xA8, 0x9B, 0x94, 0x00, 0x00, 0x05, 0x7A, 0xFF, 0x20,
    0x00, 0x00, 0x00, 0x00, 0x05, 0x7A, 0xFF, 0x20, 0x00, 0x00, 0x00, 0x00, 0x05, 0x7A, 0xFF, 0x20,
    0x00, 0x00, 0x00, 0x00, 0x05, 0x7A, 0xFF, 0x20, 0x00, 0x00, 0x00, 0x00, 0x05, 0x7A, 0xFF, 0x20,
    0x00, 0x00, 0x00, 0x00, 0x05, 0x7A, 0xFF, 0x20, 0x00, 0x00, 0x00, 0x00, 0x01, 0x17, 0x33, 0x06,
    0x00, 0x00, 0x00, 0x00, 0x01, 0x1A, 0x38, 0x07, 0x00, 0x00, 0x00, 0x00, 0x05, 0x7A, 0xFF, 0x20,
    0x00, 0x00, 0x00, 0x00, 0x05, 0x7A, 0xFF, 0x20, 0x00, 0x00, 0x00, 0x00, 0x05, 0x7A, 0xFF, 0x20,
    0x00, 0x00, 0x00, 0x00, 0x05, 0x7A, 0xFF, 0x20, 0x00, 0x00, 0x00, 0x00, 0x05, 0x7A, 0xFF, 0x20,
    0x00, 0x00, 0x00, 0x00, 0x05, 0x7A, 0xFF, 0x20, 0x00, 0x00, 0x0A, 0x76, 0x87, 0xC3, 0xFF, 0x93,
    0x83, 0x7C, 0x1E, 0xE5, 0xFF, 0xFF, 0xFF, 0xFF, 0xFF, 0xFF, 0x19, 0xE4, 0xFF, 0xFF, 0xFF, 0xFF,
    0xFF, 0xFF, 0x00, 0x00, 0x00, 0x47, 0xAD, 0x14, 0x00, 0x00, 0x00, 0x00, 0x00, 0x47, 0xAD, 0x14,
    0x00, 0x00, 0x00, 0x00, 0x00, 0x47, 0xAD, 0x14, 0x00, 0x00, 0x00, 0x00, 0x00, 0x47, 0xAD, 0x14,
    0x00, 0x00, 0x00, 0x00, 0x00, 0x47, 0xAD, 0x14, 0x00, 0x00, 0x00, 0x00, 0x00, 0x47, 0xAD, 0x14,
    0x00, 0x00, 0x00, 0x00, 0x00, 0x31, 0x6B, 0x0C, 0x00, 0x00, 0x00, 0x00, 0x00, 0x0D, 0x1C, 0x03,
    0x00, 0x00, 0x00, 0x00, 0x00, 0x47, 0xAD, 0x14, 0x00, 0x00, 0x00, 0x00, 0x00, 0x47, 0xAD, 0x14,
    0x00, 0x00, 0x00, 0x00, 0x00, 0x47, 0xAD, 0x14, 0x00, 0x00, 0x00, 0x00, 0x00, 0x47, 0xAD, 0x14,
    0x00, 0x00, 0x00, 0x00, 0x00, 0x47, 0xAD, 0x14, 0x00, 0x00, 0x00, 0x00, 0x00, 0x47, 0xAD, 0x14,
    0x00, 0x00, 0x0A, 0x76, 0x84, 0xAA, 0xD3, 0x8C, 0x83, 0x7C, 0x1E, 0xE5, 0xFF, 0xFF, 0xFF, 0xFF,
    0xFF, 0xFF, 0x19, 0xE4, 0xFF, 0xFF, 0xFF, 0xFF, 0xFF, 0xFF, 0x00, 0x00, 0x05, 0x7A, 0xFF, 0x20,
    0x00, 0x00, 0x00, 0x00, 0x05, 0x7A, 0xFF, 0x20, 0x00, 0x00, 0x00, 0x00, 0x05, 0x7A, 0xFF, 0x20,
    0x00, 0x00, 0x00, 0x00, 0x05, 0x7A, 0xFF, 0x20, 0x00, 0x00, 0x00, 0x00, 0x05, 0x7A, 0xFF, 0x20,
    0x00, 0x00, 0x00, 0x00, 0x05, 0x7A, 0xFF, 0x20, 0x00, 0x00, 0x00, 0x00, 0x03, 0x54, 0xB0, 0x15,
    0x00, 0x00, 0x00, 0x00, 0x03, 0x56, 0xB5, 0x16, 0x00, 0x00, 0x00, 0x00, 0x05, 0x7A, 0xFF, 0x20,
    0x00, 0x00, 0x00, 0x00, 0x05, 0x7A, 0xFF, 0x20, 0x00, 0x00, 0x00, 0x00, 0x05, 0x7A, 0xFF, 0x20,
    0x00, 0x00, 0x00, 0x00, 0x05, 0x7A, 0xFF, 0x20, 0x00, 0x00, 0x00, 0x00, 0x05, 0x7A, 0xFF, 0x20,
    0x00, 0x00, 0x00, 0x00, 0x05, 0x7A, 0xFF, 0x20, 0x00, 0x00, 0x17, 0xDF, 0xFB, 0xFF, 0xFF, 0x6F,
    0x59, 0x55, 0x1E, 0xE5, 0xFF, 0xFF, 0xFF, 0xFF, 0xFF, 0xFF, 0x0C, 0x8B, 0x9F, 0xD0, 0xFF, 0x20,
    0x00, 0x00, 0x00, 0x00, 0x05, 0x7A, 0xFF, 0x20, 0x00, 0x00, 0x00, 0x00, 0x05, 0x7A, 0xFF, 0x20,
    0x00, 0x00, 0x00, 0x00, 0x05, 0x7A, 0xFF, 0x20, 0x00, 0x00, 0x00, 0x00, 0x05, 0x7A, 0xFF, 0x20,
    0x00, 0x00, 0x00, 0x00, 0x05, 0x7A, 0xFF, 0x20, 0x00, 0x00, 0x00, 0x00, 0x05, 0x7A, 0xFF, 0x20,
    0x00, 0x00, 0x00, 0x00, 0x01, 0x17, 0x33, 0x06, 0x00, 0x00, 0x00, 0x00, 0x03, 0x56, 0xB5, 0x16,
    0x00, 0x00, 0x00, 0x00, 0x05, 0x7A, 0xFF, 0x20, 0x00, 0x00, 0x00, 0x00, 0x05, 0x7A, 0xFF, 0x20,
    0x00, 0x00, 0x00, 0x00, 0x05, 0x7A, 0xFF, 0x20, 0x00, 0x00, 0x00, 0x00, 0x05, 0x7A, 0xFF, 0x20,
    0x00, 0x00, 0x00, 0x00, 0x05, 0x7A, 0xFF, 0x20, 0x00, 0x00, 0x00, 0x00, 0x05, 0x7A, 0xFF, 0x20,
    0x00, 0x00, 0x06, 0x50, 0x5E, 0xAB, 0xFF, 0xFB, 0xF8, 0xED, 0x19, 0xE4, 0xFF, 0xFF, 0xFF, 0xFF,
    0xFF, 0xFF, 0x00, 0x00, 0x05, 0x7A, 0xFF, 0xA8, 0x9B, 0x94, 0x00, 0x00, 0x05, 0x7A, 0xFF, 0x20,
    0x00, 0x00, 0x00, 0x00, 0x05, 0x7A, 0xFF, 0x20, 0x00, 0x00, 0x00, 0x00, 0x05, 0x7A, 0xFF, 0x20,
    0x00, 0x00, 0x00, 0x00, 0x05, 0x7A, 0xFF, 0x20, 0x00, 0x00, 0x00, 0x00, 0x05, 0x7A, 0xFF, 0x20,
    0x00, 0x00, 0x00, 0x00, 0x05, 0x7A, 0xFF, 0x20, 0x00, 0x00, 0x00, 0x00, 0x01, 0x17, 0x33, 0x06,
    0x00, 0x00, 0x00, 0x00, 0x03, 0x56, 0xB5, 0x16, 0x00, 0x00, 0x00, 0x00, 0x05, 0x7A, 0xFF, 0x20,
    0x00, 0x00, 0x00, 0x00, 0x05, 0x7A, 0xFF, 0x20, 0x00, 0x00, 0x00, 0x00, 0x05, 0x7A, 0xFF, 0x20,
    0x00, 0x00, 0x00, 0x00, 0x05, 0x7A, 0xFF, 0x20, 0x00, 0x00, 0x00, 0x00, 0x05, 0x7A, 0xFF, 0x20,
    0x00, 0x00, 0x00, 0x00, 0x05, 0x7A, 0xFF, 0x20, 0x00, 0x00, 0x17, 0xDF, 0xFB, 0xFF, 0xFF, 0xFB,
    0xF8, 0xED, 0x1E, 0xE5, 0xFF, 0xFF, 0xFF, 0xFF, 0xFF, 0xFF, 0x0C, 0x8B, 0x9F, 0xD0, 0xFF, 0xA8,
    0x9B, 0x94, 0x00, 0x00, 0x05, 0x7A, 0xFF, 0x20, 0x00, 0x00, 0x00, 0x00, 0x05, 0x7A, 0xFF, 0x20,
    0x00, 0x00, 0x00, 0x00, 0x05, 0x7A, 0xFF, 0x20, 0x00, 0x00, 0x00, 0x00, 0x05, 0x7A, 0xFF, 0x20,
    0x00, 0x00, 0x00, 0x00, 0x05, 0x7A, 0xFF, 0x20, 0x00, 0x00, 0x00, 0x00, 0x05, 0x7A, 0xFF, 0x20,
    0x00, 0x00, 0x00, 0x00, 0x01, 0x17, 0x33, 0x06, 0x00, 0x00, 0x04, 0x06, 0x06, 0x01, 0x04, 0x06,
    0x06, 0x00, 0xFF, 0xFF, 0xFF, 0x78, 0xFF, 0xFF, 0xFF, 0x5A, 0x18, 0x1E, 0x1E, 0x09, 0x1B, 0x1E,
    0x1E, 0x06, 0x6F, 0x84, 0x84, 0x28, 0x79, 0x84, 0x84, 0x1E, 0xFF, 0xFF, 0xFF, 0x78, 0xFF, 0xFF,
    0xFF, 0x5A, 0xE3, 0xFF, 0xFF, 0x64, 0xF8, 0xFF, 0xFF, 0x4B, 0xFB, 0x4B, 0xFF, 0x4E, 0xFF, 0x4E,
    0xFF, 0x4E, 0xFF, 0x4E, 0x88, 0x21, 0x00, 0x00, 0x75, 0x1C, 0xFF, 0x4E, 0xFF, 0x4E, 0xFF, 0x4E,
    0xFF, 0x4E, 0xFF, 0x4E, 0x09, 0x01, 0x28, 0xFF, 0xFF, 0x2A, 0xFF, 0xFF, 0x2A, 0xFF, 0xFF, 0x2A,
    0xFF, 0xFF, 0x2A, 0xFF, 0xFF, 0x12, 0xA8, 0x9A, 0x00, 0x00, 0x00, 0x0F, 0x90, 0x84, 0x2A, 0xFF,
    0xFF, 0x2A, 0xFF, 0xFF, 0x2A, 0xFF, 0xFF, 0x2A, 0xFF, 0xFF, 0x2A, 0xFF, 0xFF, 0x00, 0x0C, 0x0A,
    0x03, 0x25, 0x2A, 0x2A, 0x2A, 0x2A, 0x2A, 0x27, 0x1D, 0xE5, 0xFF, 0xFF, 0xFF, 0xFF, 0xFF, 0xFF,
    0x00, 0x00, 0x00, 0x00, 0x00, 0x00, 0x00, 0x00, 0x1C, 0xE5, 0xFF, 0xFF, 0xFF, 0xFF, 0xFF, 0xFF,
    0x04, 0x30, 0x36, 0x36, 0x36, 0x36, 0x36, 0x33, 0xBB, 0x2A, 0xAF, 0x15, 0xFF, 0x48, 0xFF, 0x24,
    0xFF, 0x48, 0xFF, 0x24, 0xFF, 0x48, 0xFF, 0x24, 0xFF, 0x48, 0xFF, 0x24, 0xFF, 0x48, 0xFF, 0x24,
    0xFF, 0x48, 0xFF, 0x24, 0xFF, 0x48, 0xFF, 0x24, 0xFF, 0x48, 0xFF, 0x24, 0xFF, 0x48, 0xFF, 0x24,
    0xFF, 0x48, 0xFF, 0x24, 0xFF, 0x48, 0xFF, 0x24, 0xFF, 0x48, 0xFF, 0x24, 0xFF, 0x48, 0xFF, 0x24,
    0xFF, 0x48, 0xFF, 0x24, 0xFF, 0x48, 0xFF, 0x24, 0x2B, 0x09, 0x31, 0x04, 0x21, 0x2A, 0x2A, 0x2A,
    0x1E, 0xFF, 0xFF, 0xFF, 0xFF, 0xE7, 0xFF, 0x4E, 0x00, 0x00, 0x00, 0xFF, 0xFF, 0xFF, 0xFF, 0xDF,
    0xFF, 0x78, 0x36, 0x36, 0x27, 0xFF, 0x4E, 0x00, 0x00, 0x00, 0xFF, 0x4E, 0x00, 0x00, 0x00, 0xFF,
    0x4E, 0x00, 0x00, 0x00, 0xFF, 0x4E, 0x00, 0x00, 0x00, 0xFF, 0x4E, 0x00, 0x00, 0x00, 0x6F, 0x1B,
    0x00, 0x00, 0x00, 0x04, 0x06, 0x06, 0x06, 0x06, 0x03, 0xFF, 0xFF, 0xFF, 0xFF, 0xFF, 0xEB, 0xFF,
    0x60, 0xFF, 0x3F, 0x1E, 0x15, 0xFF, 0x48, 0xFF, 0x24, 0x00, 0x00, 0xFF, 0x48, 0xFF, 0x24, 0x00,
    0x00, 0xFF, 0x48, 0xFF, 0x24, 0x00, 0x00, 0xFF, 0x48, 0xFF, 0x24, 0x00, 0x00, 0xFF, 0x48, 0xFF,
    0x24, 0x00, 0x00, 0xFF, 0x48, 0xFF, 0x24, 0x00, 0x00, 0x72, 0x19, 0x7E, 0x0C, 0x00, 0x00, 0x22,
    0x2A, 0x2A, 0x2A, 0x2A, 0x19, 0xFF, 0xFF, 0xFF, 0xFF, 0xFF, 0xBF, 0xFF, 0x48, 0x00, 0x00, 0x00,
    0x00, 0xFF, 0x48, 0xFF, 0xFF, 0xFF, 0xB9, 0xFF, 0x48, 0xFF, 0x54, 0x36, 0x1F, 0xFF, 0x48, 0xFF,
    0x24, 0x00, 0x00, 0xFF, 0x48, 0xFF, 0x24, 0x00, 0x00, 0xFF, 0x48, 0xFF, 0x24, 0x00, 0x00, 0xFF,
    0x48, 0xFF, 0x24, 0x00, 0x00, 0xFF, 0x48, 0xFF, 0x24, 0x00, 0x00, 0x67, 0x16, 0x73, 0x0A, 0x00,
    0x00, 0x00, 0x0D, 0x2A, 0x2A, 0x2A, 0x2A, 0x07, 0x00, 0x81, 0xFF, 0xFF, 0xFF, 0xFF, 0x4E, 0x00,
    0x00, 0x00, 0x00, 0x00, 0xFF, 0x4E, 0x00, 0x7C, 0xFF, 0xFF, 0xFF, 0xFF, 0x4E, 0x00, 0x12, 0x36,
    0x36, 0x36, 0xFF, 0x4E, 0x00, 0x00, 0x00, 0x00, 0x00, 0xFF, 0x4E, 0x00, 0x00, 0x00, 0x00, 0x00,
    0xFF, 0x4E, 0x00, 0x00, 0x00, 0x00, 0x00, 0xFF, 0x4E, 0x00, 0x00, 0x00, 0x00, 0x00, 0xFF, 0x4E,
    0x00, 0x00, 0x00, 0x00, 0x00, 0xFF, 0x4E, 0x00, 0x00, 0x00, 0x00, 0x00, 0x6F, 0x1B, 0x00, 0x01,
    0x06, 0x06, 0x06, 0x06, 0x06, 0x00, 0x00, 0xB4, 0xFF, 0xFF, 0xFF, 0xFF, 0xFF, 0x24, 0x00, 0x0D,
    0x1E, 0x1E, 0xFF, 0x60, 0xFF, 0x24, 0x00, 0x00, 0x00, 0x00, 0xFF, 0x48, 0xFF, 0x24, 0x00, 0x00,
    0x00, 0x00, 0xFF, 0x48, 0xFF, 0x24, 0x00, 0x00, 0x00, 0x00, 0xFF, 0x48, 0xFF, 0x24, 0x00, 0x00,
    0x00, 0x00, 0xFF, 0x48, 0xFF, 0x24, 0x00, 0x00, 0x00, 0x00, 0xFF, 0x48, 0xFF, 0x24, 0x00, 0x00,
    0x00, 0x00, 0xFF, 0x48, 0xFF, 0x24, 0x00, 0x00, 0x00, 0x00, 0x72, 0x19, 0x7E, 0x0C, 0x00, 0x0D,
    0x2A, 0x2A, 0x2A, 0x2A, 0x2A, 0x03, 0x00, 0x81, 0xFF, 0xFF, 0xFF, 0xFF, 0xFF, 0x24, 0x00, 0x00,
    0x00, 0x00, 0x00, 0x00, 0xFF, 0x24, 0x00, 0x7C, 0xFF, 0xFF, 0xFF, 0x43, 0xFF, 0x24, 0x00, 0x12,
    0x36, 0x36, 0xFF, 0x48, 0xFF, 0x24, 0x00, 0x00, 0x00, 0x00, 0xFF, 0x48, 0xFF, 0x24, 0x00, 0x00,
    0x00, 0x00, 0xFF, 0x48, 0xFF, 0x24, 0x00, 0x00, 0x00, 0x00, 0xFF, 0x48, 0xFF, 0x24, 0x00, 0x00,
    0x00, 0x00, 0xFF, 0x48, 0xFF, 0x24, 0x00, 0x00, 0x00, 0x00, 0xFF, 0x48, 0xFF, 0x24, 0x00, 0x00,
    0x00, 0x00, 0x67, 0x16, 0x73, 0x0A, 0x7E, 0x1F, 0x00, 0x00, 0x00, 0xFF, 0x4E, 0x00, 0x00, 0x00,
    0xFF, 0x4E, 0x00, 0x00, 0x00, 0xFF, 0x4E, 0x00, 0x00, 0x00, 0xFF, 0x4E, 0x00, 0x00, 0x00, 0xFF,
    0x4E, 0x00, 0x00, 0x00, 0xFF, 0x6F, 0x2A, 0x2A, 0x1E, 0xFF, 0xFF, 0xFF, 0xFF, 0xE7, 0xFF, 0x4E,
    0x00, 0x00, 0x00, 0xFF, 0xFF, 0xFF, 0xFF, 0xDF, 0x2B, 0x36, 0x36, 0x36, 0x27, 0x76, 0x1B, 0x84,
    0x0D, 0x00, 0x00, 0xFF, 0x48, 0xFF, 0x24, 0x00, 0x00, 0xFF, 0x48, 0xFF, 0x24, 0x00, 0x00, 0xFF,
    0x48, 0xFF, 0x24, 0x00, 0x00, 0xFF, 0x48, 0xFF, 0x24, 0x00, 0x00, 0xFF, 0x48, 0xFF, 0x24, 0x00,
    0x00, 0xFF, 0x48, 0xFF, 0x24, 0x00, 0x00, 0xFF, 0x4C, 0xFF, 0x28, 0x06, 0x03, 0xFF, 0xFF, 0xFF,
    0xFF, 0xFF, 0xEB, 0x18, 0x1E, 0x1E, 0x1E, 0x1E, 0x15, 0x76, 0x1B, 0x84, 0x0D, 0x00, 0x00, 0xFF,
    0x48, 0xFF, 0x24, 0x00, 0x00, 0xFF, 0x48, 0xFF, 0x24, 0x00, 0x00, 0xFF, 0x48, 0xFF, 0x24, 0x00,
    0x00, 0xFF, 0x48, 0xFF, 0x24, 0x00, 0x00, 0xFF, 0x48, 0xFF, 0x24, 0x00, 0x00, 0xFF, 0x48, 0xFF,
    0x49, 0x2A, 0x19, 0xFF, 0x48, 0xFF, 0xFF, 0xFF, 0xBF, 0xFF, 0x48, 0x00, 0x00, 0x00, 0x00, 0xFF,
    0xFF, 0xFF, 0xFF, 0xFF, 0xB9, 0x2B, 0x36, 0x36, 0x36, 0x36, 0x1F, 0x00, 0x00, 0x00, 0x00, 0x00,
    0x7E, 0x1F, 0x00, 0x00, 0x00, 0x00, 0x00, 0xFF, 0x4E, 0x00, 0x00, 0x00, 0x00, 0x00, 0xFF, 0x4E,
    0x00, 0x00, 0x00, 0x00, 0x00, 0xFF, 0x4E, 0x00, 0x00, 0x00, 0x00, 0x00, 0xFF, 0x4E, 0x00, 0x00,
    0x00, 0x00, 0x00, 0xFF, 0x4E, 0x00, 0x0D, 0x2A, 0x2A, 0x2A, 0xFF, 0x4E, 0x00, 0x81, 0xFF, 0xFF,
    0xFF, 0xFF, 0x4E, 0x00, 0x00, 0x00, 0x00, 0x00, 0xFF, 0x4E, 0x00, 0x7C, 0xFF, 0xFF, 0xFF, 0xFF,
    0x4E, 0x00, 0x12, 0x36, 0x36, 0x36, 0x36, 0x0A, 0x00, 0x00, 0x00, 0x00, 0x76, 0x1B, 0x84, 0x0D,
    0x00, 0x00, 0x00, 0x00, 0xFF, 0x48, 0xFF, 0x24, 0x00, 0x00, 0x00, 0x00, 0xFF, 0x48, 0xFF, 0x24,
    0x00, 0x00, 0x00, 0x00, 0xFF, 0x48, 0xFF, 0x24, 0x00, 0x00, 0x00, 0x00, 0xFF, 0x48, 0xFF, 0x24,
    0x00, 0x00, 0x00, 0x00, 0xFF, 0x48, 0xFF, 0x24, 0x00, 0x00, 0x00, 0x00, 0xFF, 0x48, 0xFF, 0x24,
    0x00, 0x01, 0x06, 0x06, 0xFF, 0x4C, 0xFF, 0x24, 0x00, 0xB4, 0xFF, 0xFF, 0xFF, 0xFF, 0xFF, 0x24,
    0x00, 0x0D, 0x1E, 0x1E, 0x1E, 0x1E, 0x1E, 0x01, 0x00, 0x00, 0x00, 0x00, 0x76, 0x1B, 0x84, 0x0D,
    0x00, 0x00, 0x00, 0x00, 0xFF, 0x48, 0xFF, 0x24, 0x00, 0x00, 0x00, 0x00, 0xFF, 0x48, 0xFF, 0x24,
    0x00, 0x00, 0x00, 0x00, 0xFF, 0x48, 0xFF, 0x24, 0x00, 0x00, 0x00, 0x00, 0xFF, 0x48, 0xFF, 0x24,
    0x00, 0x00, 0x00, 0x00, 0xFF, 0x48, 0xFF, 0x24, 0x00, 0x0D, 0x2A, 0x2A, 0xFF, 0x48, 0xFF, 0x24,
    0x00, 0x81, 0xFF, 0xFF, 0xFF, 0x46, 0xFF, 0x24, 0x00, 0x00, 0x00, 0x00, 0x00, 0x00, 0xFF, 0x24,
    0x00, 0x7C, 0xFF, 0xFF, 0xFF, 0xFF, 0xFF, 0x24, 0x00, 0x12, 0x36, 0x36, 0x36, 0x36, 0x36, 0x04,
    0xB8, 0x2D, 0x00, 0x00, 0x00, 0xFF, 0x4E, 0x00, 0x00, 0x00, 0xFF, 0x4E, 0x00, 0x00, 0x00, 0xFF,
    0x4E, 0x00, 0x00, 0x00, 0xFF, 0x4E, 0x00, 0x00, 0x00, 0xFF, 0x4E, 0x00, 0x00, 0x00, 0xFF, 0xB1,
    0x7E, 0x7E, 0x5B, 0xFF, 0xFF, 0xF5, 0xF5, 0xB2, 0xFF, 0x78, 0x36, 0x36, 0x27, 0xFF, 0xFF, 0xFF,
    0xFF, 0xDF, 0xFF, 0x4E, 0x00, 0x00, 0x00, 0xFF, 0x4E, 0x00, 0x00, 0x00, 0xFF, 0x4E, 0x00, 0x00,
    0x00, 0xFF, 0x4E, 0x00, 0x00, 0x00, 0xFF, 0x4E, 0x00, 0x00, 0x00, 0xFF, 0x4E, 0x00, 0x00, 0x00,
    0x2B, 0x0A, 0x00, 0x00, 0x00, 0xBB, 0x2A, 0xAF, 0x15, 0x00, 0x00, 0xFF, 0x48, 0xFF, 0x24, 0x00,
    0x00, 0xFF, 0x48, 0xFF, 0x24, 0x00, 0x00, 0xFF, 0x48, 0xFF, 0x24, 0x00, 0x00, 0xFF, 0x48, 0xFF,
    0x24, 0x00, 0x00, 0xFF, 0x48, 0xFF, 0x24, 0x00, 0x00, 0xFF, 0x48, 0xFF, 0x24, 0x00, 0x00, 0xFF,
    0x48, 0xFF, 0x75, 0x5A, 0x36, 0xFF, 0x48, 0xFF, 0xFF, 0xFF, 0xA7, 0xFF, 0x48, 0xFF, 0x24, 0x00,
    0x00, 0xFF, 0x48, 0xFF, 0x24, 0x00, 0x00, 0xFF, 0x48, 0xFF, 0x24, 0x00, 0x00, 0xFF, 0x48, 0xFF,
    0x24, 0x00, 0x00, 0xFF, 0x48, 0xFF, 0x24, 0x00, 0x00, 0xFF, 0x48, 0xFF, 0x24, 0x00, 0x00, 0xFF,
    0x48, 0xFF, 0x24, 0x00, 0x00, 0x2B, 0x09, 0x31, 0x04, 0x00, 0x00, 0xBB, 0x2A, 0xAF, 0x15, 0x00,
    0x00, 0xFF, 0x48, 0xFF, 0x24, 0x00, 0x00, 0xFF, 0x48, 0xFF, 0x24, 0x00, 0x00, 0xFF, 0x48, 0xFF,
    0x24, 0x00, 0x00, 0xFF, 0x48, 0xFF, 0x24, 0x00, 0x00, 0xFF, 0x48, 0xFF, 0x24, 0x00, 0x00, 0xFF,
    0x48, 0xFF, 0x96, 0x7E, 0x4C, 0xFF, 0x48, 0xE1, 0xF5, 0xF5, 0xB2, 0xFF, 0x48, 0x31, 0x36, 0x36,
    0x1F, 0xFF, 0x48, 0xFF, 0xFF, 0xFF, 0xB9, 0xFF, 0x48, 0xFF, 0x24, 0x00, 0x00, 0xFF, 0x48, 0xFF,
    0x24, 0x00, 0x00, 0xFF, 0x48, 0xFF, 0x24, 0x00, 0x00, 0xFF, 0x48, 0xFF, 0x24, 0x00, 0x00, 0xFF,
    0x48, 0xFF, 0x24, 0x00, 0x00, 0xFF, 0x48, 0xFF, 0x24, 0x00, 0x00, 0x2B, 0x09, 0x31, 0x04, 0x00,
    0x00, 0x00, 0x00, 0x00, 0x00, 0x00, 0xB8, 0x2D, 0x00, 0x00, 0x00, 0x00, 0x00, 0xFF, 0x4E, 0x00,
    0x00, 0x00, 0x00, 0x00, 0xFF, 0x4E, 0x00, 0x00, 0x00, 0x00, 0x00, 0xFF, 0x4E, 0x00, 0x00, 0x00,
    0x00, 0x00, 0xFF, 0x4E, 0x00, 0x00, 0x00, 0x00, 0x00, 0xFF, 0x4E, 0x00, 0x2A, 0x7E, 0x7E, 0x7E,
    0xFF, 0x4E, 0x00, 0x64, 0xF5, 0xF5, 0xF5, 0xFF, 0x4E, 0x00, 0x12, 0x36, 0x36, 0x36, 0xFF, 0x4E,
    0x00, 0x7C, 0xFF, 0xFF, 0xFF, 0xFF, 0x4E, 0x00, 0x00, 0x00, 0x00, 0x00, 0xFF, 0x4E, 0x00, 0x00,
    0x00, 0x00, 0x00, 0xFF, 0x4E, 0x00, 0x00, 0x00, 0x00, 0x00, 0xFF, 0x4E, 0x00, 0x00, 0x00, 0x00,
    0x00, 0xFF, 0x4E, 0x00, 0x00, 0x00, 0x00, 0x00, 0xFF, 0x4E, 0x00, 0x00, 0x00, 0x00, 0x00, 0xFF,
    0x4E, 0x00, 0x00, 0x00, 0x00, 0x00, 0x2B, 0x0A, 0x00, 0x00, 0x00, 0x00, 0xBB, 0x2A, 0xAF, 0x15,
    0x00, 0x00, 0x00, 0x00, 0xFF, 0x48, 0xFF, 0x24, 0x00, 0x00, 0x00, 0x00, 0xFF, 0x48, 0xFF, 0x24,
    0x00, 0x00, 0x00, 0x00, 0xFF, 0x48, 0xFF, 0x24, 0x00, 0x00, 0x00, 0x00, 0xFF, 0x48, 0xFF, 0x24,
    0x00, 0x00, 0x00, 0x00, 0xFF, 0x48, 0xFF, 0x24, 0x00, 0x00, 0x00, 0x00, 0xFF, 0x48, 0xFF, 0x24,
    0x00, 0x1E, 0x5A, 0x5A, 0xFF, 0x48, 0xFF, 0x24, 0x00, 0x70, 0xFF, 0xFF, 0xFF, 0x48, 0xFF, 0x24,
    0x00, 0x00, 0x00, 0x00, 0xFF, 0x48, 0xFF, 0x24, 0x00, 0x00, 0x00, 0x00, 0xFF, 0x48, 0xFF, 0x24,
    0x00, 0x00, 0x00, 0x00, 0xFF, 0x48, 0xFF, 0x24, 0x00, 0x00, 0x00, 0x00, 0xFF, 0x48, 0xFF, 0x24,
    0x00, 0x00, 0x00, 0x00, 0xFF, 0x48, 0xFF, 0x24, 0x00, 0x00, 0x00, 0x00, 0xFF, 0x48, 0xFF, 0x24,
    0x00, 0x00, 0x00, 0x00, 0xFF, 0x48, 0xFF, 0x24, 0x00, 0x00, 0x00, 0x00, 0x2B, 0x09, 0x31, 0x04,
    0x00, 0x00, 0x00, 0x00, 0xBB, 0x2A, 0xAF, 0x15, 0x00, 0x00, 0x00, 0x00, 0xFF, 0x48, 0xFF, 0x24,
    0x00, 0x00, 0x00, 0x00, 0xFF, 0x48, 0xFF, 0x24, 0x00, 0x00, 0x00, 0x00, 0xFF, 0x48, 0xFF, 0x24,
    0x00, 0x00, 0x00, 0x00, 0xFF, 0x48, 0xFF, 0x24, 0x00, 0x00, 0x00, 0x00, 0xFF, 0x48, 0xFF, 0x24,
    0x00, 0x2A, 0x7E, 0x7E, 0xFF, 0x48, 0xFF, 0x24, 0x00, 0x64, 0xF5, 0xF5, 0xF5, 0x36, 0xFF, 0x24,
    0x00, 0x12, 0x36, 0x36, 0x36, 0x09, 0xFF, 0x24, 0x00, 0x7C, 0xFF, 0xFF, 0xFF, 0x48, 0xFF, 0x24,
    0x00, 0x00, 0x00, 0x00, 0xFF, 0x48, 0xFF, 0x24, 0x00, 0x00, 0x00, 0x00, 0xFF, 0x48, 0xFF, 0x24,
    0x00, 0x00, 0x00, 0x00, 0xFF, 0x48, 0xFF, 0x24, 0x00, 0x00, 0x00, 0x00, 0xFF, 0x48, 0xFF, 0x24,
    0x00, 0x00, 0x00, 0x00, 0xFF, 0x48, 0xFF, 0x24, 0x00, 0x00, 0x00, 0x00, 0xFF, 0x48, 0xFF, 0x24,
    0x00, 0x00, 0x00, 0x00, 0x2B, 0x09, 0x31, 0x04, 0x03, 0x25, 0x2A, 0x2A, 0x2A, 0x2A, 0x2A, 0x27,
    0x1D, 0xE5, 0xFF, 0xFF, 0xFF, 0xFF, 0xFF, 0xFF, 0x00, 0x00, 0x00, 0x00, 0x00, 0x00, 0x00, 0x00,
    0x1C, 0xE5, 0xFF, 0xFF, 0xFF, 0xFF, 0xFF, 0xFF, 0x04, 0x30, 0x36, 0x6F, 0xB2, 0x43, 0x36, 0x33,
    0x00, 0x00, 0x00, 0x47, 0xAD, 0x14, 0x00, 0x00, 0x00, 0x00, 0x00, 0x47, 0xAD, 0x14, 0x00, 0x00,
    0x00, 0x00, 0x00, 0x47, 0xAD, 0x14, 0x00, 0x00, 0x00, 0x00, 0x00, 0x47, 0xAD, 0x14, 0x00, 0x00,
    0x00, 0x00, 0x00, 0x47, 0xAD, 0x14, 0x00, 0x00, 0x00, 0x00, 0x00, 0x1B, 0x3C, 0x07, 0x00, 0x00,
    0x00, 0x05, 0x06, 0x06, 0x06, 0x06, 0x06, 0x04, 0x1E, 0xE5, 0xFF, 0xFF, 0xFF, 0xFF, 0xFF, 0xFF,
    0x02, 0x1B, 0x34, 0xBF, 0xBA, 0xB9, 0x1E, 0x1C, 0x00, 0x00, 0x18, 0xB4, 0xAE, 0xAA, 0x00, 0x00,
    0x00, 0x00, 0x18, 0xB4, 0xAE, 0xAA, 0x00, 0x00, 0x00, 0x00, 0x18, 0xB4, 0xAE, 0xAA, 0x00, 0x00,
    0x00, 0x00, 0x18, 0xB4, 0xAE, 0xAA, 0x00, 0x00, 0x00, 0x00, 0x18, 0xB4, 0xAE, 0xAA, 0x00, 0x00,
    0x00, 0x00, 0x18, 0xB4, 0xAE, 0xAA, 0x00, 0x00, 0x00, 0x00, 0x0B, 0x49, 0x46, 0x3E, 0x00, 0x00,
    0x03, 0x25, 0x2A, 0x2A, 0x2A, 0x2A, 0x2A, 0x27, 0x1D, 0xE5, 0xFF, 0xFF, 0xFF, 0xFF, 0xFF, 0xFF,
    0x00, 0x00, 0x00, 0x00, 0x00, 0x00, 0x00, 0x00, 0x1C, 0xE5, 0xFF, 0xD7, 0xA6, 0xF5, 0xFF, 0xFF,
    0x04, 0x30, 0x4A, 0xBF, 0xAE, 0xA8, 0x36, 0x33, 0x00, 0x00, 0x18, 0xB4, 0xAE, 0xAA, 0x00, 0x00,
    0x00, 0x00, 0x18, 0xB4, 0xAE, 0xAA, 0x00, 0x00, 0x00, 0x00, 0x18, 0xB4, 0xAE, 0xAA, 0x00, 0x00,
    0x00, 0x00, 0x18, 0xB4, 0xAE, 0xAA, 0x00, 0x00, 0x00, 0x00, 0x18, 0xB4, 0xAE, 0xAA, 0x00, 0x00,
    0x00, 0x00, 0x0A, 0x43, 0x40, 0x38, 0x00, 0x00, 0x00, 0x00, 0x00, 0x20, 0x45, 0x08, 0x00, 0x00,
    0x00, 0x00, 0x00, 0x47, 0xAD, 0x14, 0x00, 0x00, 0x00, 0x00, 0x00, 0x47, 0xAD, 0x14, 0x00, 0x00,
    0x00, 0x00, 0x00, 0x47, 0xAD, 0x14, 0x00, 0x00, 0x00, 0x00, 0x00, 0x47, 0xAD, 0x14, 0x00, 0x00,
    0x00, 0x00, 0x00, 0x47, 0xAD, 0x14, 0x00, 0x00, 0x03, 0x25, 0x2A, 0x66, 0xC0, 0x3C, 0x2A, 0x27,
    0x1D, 0xE5, 0xFF, 0xFF, 0xFF, 0xFF, 0xFF, 0xFF, 0x00, 0x00, 0x00, 0x00, 0x00, 0x00, 0x00, 0x00,
    0x1C, 0xE5, 0xFF, 0xFF, 0xFF, 0xFF, 0xFF, 0xFF, 0x04, 0x30, 0x36, 0x36, 0x36, 0x36, 0x36, 0x33,
    0x00, 0x00, 0x0B, 0x4C, 0x49, 0x41, 0x00, 0x00, 0x00, 0x00, 0x18, 0xB4, 0xAE, 0xAA, 0x00, 0x00,
    0x00, 0x00, 0x18, 0xB4, 0xAE, 0xAA, 0x00, 0x00, 0x00, 0x00, 0x18, 0xB4, 0xAE, 0xAA, 0x00, 0x00,
    0x00, 0x00, 0x18, 0xB4, 0xAE, 0xAA, 0x00, 0x00, 0x00, 0x00, 0x18, 0xB4, 0xAE, 0xAA, 0x00, 0x00,
    0x00, 0x00, 0x18, 0xB4, 0xAE, 0xAA, 0x00, 0x00, 0x00, 0x05, 0x1E, 0xB6, 0xB0, 0xAD, 0x06, 0x04,
    0x1E, 0xE5, 0xFF, 0xFF, 0xFF, 0xFF, 0xFF, 0xFF, 0x02, 0x1B, 0x1E, 0x1E, 0x1E, 0x1E, 0x1E, 0x1C,
    0x00, 0x00, 0x0B, 0x4C, 0x49, 0x41, 0x00, 0x00, 0x00, 0x00, 0x18, 0xB4, 0xAE, 0xAA, 0x00, 0x00,
    0x00, 0x00, 0x18, 0xB4, 0xAE, 0xAA, 0x00, 0x00, 0x00, 0x00, 0x18, 0xB4, 0xAE, 0xAA, 0x00, 0x00,
    0x00, 0x00, 0x18, 0xB4, 0xAE, 0xAA, 0x00, 0x00, 0x00, 0x00, 0x18, 0xB4, 0xAE, 0xAA, 0x00, 0x00,
    0x03, 0x25, 0x3F, 0xBC, 0xAE, 0xBD, 0x2A, 0x27, 0x1D, 0xE5, 0xFF, 0xD9, 0xAB, 0xF6, 0xFF, 0xFF,
    0x00, 0x00, 0x00, 0x00, 0x00, 0x00, 0x00, 0x00, 0x1C, 0xE5, 0xFF, 0xFF, 0xFF, 0xFF, 0xFF, 0xFF,
    0x04, 0x30, 0x36, 0x36, 0x36, 0x36, 0x36, 0x33, 0x00, 0x00, 0x00, 0x33, 0x6F, 0x0C, 0x00, 0x00,
    0x00, 0x00, 0x00, 0x47, 0xAD, 0x14, 0x00, 0x00, 0x00, 0x00, 0x00, 0x47, 0xAD, 0x14, 0x00, 0x00,
    0x00, 0x00, 0x00, 0x47, 0xAD, 0x14, 0x00, 0x00, 0x00, 0x00, 0x00, 0x47, 0xAD, 0x14, 0x00, 0x00,
    0x00, 0x00, 0x00, 0x47, 0xAD, 0x14, 0x00, 0x00, 0x09, 0x70, 0x7E, 0xA6, 0xD1, 0x87, 0x7D, 0x78,
    0x17, 0xDB, 0xF5, 0xF9, 0xFF, 0xF6, 0xF3, 0xE8, 0x04, 0x30, 0x36, 0x6F, 0xB2, 0x43, 0x36, 0x33,
    0x1C, 0xE5, 0xFF, 0xFF, 0xFF, 0xFF, 0xFF, 0xFF, 0x00, 0x00, 0x00, 0x47, 0xAD, 0x14, 0x00, 0x00,
    0x00, 0x00, 0x00, 0x47, 0xAD, 0x14, 0x00, 0x00, 0x00, 0x00, 0x00, 0x47, 0xAD, 0x14, 0x00, 0x00,
    0x00, 0x00, 0x00, 0x47, 0xAD, 0x14, 0x00, 0x00, 0x00, 0x00, 0x00, 0x47, 0xAD, 0x14, 0x00, 0x00,
    0x00, 0x00, 0x00, 0x47, 0xAD, 0x14, 0x00, 0x00, 0x00, 0x00, 0x00, 0x0C, 0x19, 0x03, 0x00, 0x00,
    0x00, 0x00, 0x11, 0x78, 0x73, 0x67, 0x00, 0x00, 0x00, 0x00, 0x18, 0xB4, 0xAE, 0xAA, 0x00, 0x00,
    0x00, 0x00, 0x18, 0xB4, 0xAE, 0xAA, 0x00, 0x00, 0x00, 0x00, 0x18, 0xB4, 0xAE, 0xAA, 0x00, 0x00,
    0x00, 0x00, 0x18, 0xB4, 0xAE, 0xAA, 0x00, 0x00, 0x00, 0x00, 0x18, 0xB4, 0xAE, 0xAA, 0x00, 0x00,
    0x00, 0x00, 0x18, 0xB4, 0xAE, 0xAA, 0x00, 0x00, 0x06, 0x50, 0x6B, 0xCC, 0xC8, 0xB9, 0x59, 0x55,
    0x19, 0xE4, 0xFF, 0xFF, 0xFF, 0xFF, 0xFF, 0xFF, 0x00, 0x00, 0x18, 0xB4, 0xAE, 0xAA, 0x00, 0x00,
    0x00, 0x00, 0x18, 0xB4, 0xAE, 0xAA, 0x00, 0x00, 0x00, 0x00, 0x18, 0xB4, 0xAE, 0xAA, 0x00, 0x00,
    0x00, 0x00, 0x18, 0xB4, 0xAE, 0xAA, 0x00, 0x00, 0x00, 0x00, 0x18, 0xB4, 0xAE, 0xAA, 0x00, 0x00,
    0x00, 0x00, 0x18, 0xB4, 0xAE, 0xAA, 0x00, 0x00, 0x00, 0x00, 0x18, 0xB4, 0xAE, 0xAA, 0x00, 0x00,
    0x00, 0x00, 0x04, 0x1B, 0x1B, 0x17, 0x00, 0x00, 0x00, 0x00, 0x0F, 0x54, 0x5D, 0x1C, 0x00, 0x00,
    0x00, 0x00, 0x20, 0xBA, 0xBA, 0x3F, 0x00, 0x00, 0x00, 0x00, 0x20, 0xBA, 0xBA, 0x3F, 0x00, 0x00,
    0x00, 0x00, 0x20, 0xBA, 0xBA, 0x3F, 0x00, 0x00, 0x00, 0x00, 0x20, 0xBA, 0xBA, 0x3F, 0x00, 0x00,
    0x00, 0x00, 0x20, 0xBA, 0xBA, 0x3F, 0x00, 0x00, 0x08, 0x26, 0x45, 0xBA, 0xBA, 0x60, 0x28, 0x19,
    0x51, 0xEF, 0xFF, 0xBA, 0xBA, 0xFF, 0xF7, 0xBF, 0x00, 0x00, 0x00, 0x00, 0x00, 0x00, 0x00, 0x00,
    0x4E, 0xEF, 0xFF, 0xB9, 0xB9, 0xFF, 0xF6, 0xB9, 0x0B, 0x32, 0x4F, 0xBA, 0xBA, 0x69, 0x33, 0x1F,
    0x00, 0x00, 0x20, 0xBA, 0xBA, 0x3F, 0x00, 0x00, 0x00, 0x00, 0x20, 0xBA, 0xBA, 0x3F, 0x00, 0x00,
    0x00, 0x00, 0x20, 0xBA, 0xBA, 0x3F, 0x00, 0x00, 0x00, 0x00, 0x20, 0xBA, 0xBA, 0x3F, 0x00, 0x00,
    0x00, 0x00, 0x20, 0xBA, 0xBA, 0x3F, 0x00, 0x00, 0x00, 0x00, 0x0D, 0x49, 0x50, 0x17, 0x00, 0x00,
    0x00, 0x00, 0x03, 0x06, 0x03, 0x1B, 0xFF, 0xFF, 0xFF, 0xEB, 0xB5, 0xB5, 0x22, 0x1E, 0x15, 0xF7,
    0x55, 0x00, 0x00, 0x00, 0xFF, 0x4E, 0x00, 0x00, 0x00, 0xFF, 0x4E, 0x00, 0x00, 0x00, 0xFF, 0x4E,
    0x00, 0x00, 0x00, 0xFF, 0x4E, 0x00, 0x00, 0x00, 0xFF, 0x4E, 0x00, 0x00, 0x00, 0x6F, 0x1B, 0x00,
    0x00, 0x00, 0x00, 0x01, 0x06, 0x06, 0x00, 0x00, 0x00, 0x00, 0x84, 0xFF, 0xFF, 0xFF, 0x75, 0x00,
    0x00, 0x09, 0x1E, 0x1E, 0x5D, 0xFF, 0x04, 0x00, 0x00, 0x00, 0x00, 0x00, 0xFF, 0x3D, 0x00, 0x00,
    0x00, 0x00, 0x00, 0xFF, 0x4E, 0x00, 0x00, 0x00, 0x00, 0x00, 0xFF, 0x4E, 0x00, 0x00, 0x00, 0x00,
    0x00, 0xFF, 0x4E, 0x00, 0x00, 0x00, 0x00, 0x00, 0xFF, 0x4E, 0x00, 0x00, 0x00, 0x00, 0x00, 0xFF,
    0x4E, 0x00, 0x00, 0x00, 0x00, 0x00, 0x6F, 0x1B, 0x00, 0x00, 0x00, 0x00, 0x00, 0x75, 0x1C, 0x00,
    0x00, 0x00, 0x00, 0x00, 0xFF, 0x4E, 0x00, 0x00, 0x00, 0x00, 0x00, 0xFF, 0x4E, 0x00, 0x00, 0x00,
    0x00, 0x00, 0xFF, 0x4E, 0x00, 0x00, 0x00, 0x00, 0x00, 0xFF, 0x4E, 0x00, 0x00, 0x00, 0x00, 0x00,
    0xFF, 0x4E, 0x00, 0x00, 0x00, 0x00, 0x00, 0xFF, 0x3F, 0x00, 0x01, 0x06, 0x06, 0x43, 0xFF, 0x07,
    0x00, 0x84, 0xFF, 0xFF, 0xFF, 0x85, 0x00, 0x00, 0x09, 0x1E, 0x1E, 0x09, 0x00, 0x00, 0x75, 0x1C,
    0x00, 0x00, 0x00, 0xFF, 0x4E, 0x00, 0x00, 0x00, 0xFF, 0x4E, 0x00, 0x00, 0x00, 0xFF, 0x4E, 0x00,
    0x00, 0x00, 0xFF, 0x4E, 0x00, 0x00, 0x00, 0xFF, 0x4E, 0x00, 0x00, 0x00, 0xF8, 0x54, 0x00, 0x00,
    0x00, 0xBE, 0xA7, 0x09, 0x06, 0x03, 0x24, 0xFF, 0xFF, 0xFF, 0xEB, 0x00, 0x00, 0x19, 0x1E, 0x15,
    0x00, 0x00, 0x00, 0x00, 0x00, 0x00, 0x5D, 0x22, 0x00, 0x00, 0x00, 0x00, 0x00, 0x23, 0xF3, 0x12,
    0x00, 0x00, 0x00, 0x00, 0x00, 0x75, 0xB6, 0x00, 0x00, 0x00, 0x00, 0x00, 0x0B, 0xAA, 0x21, 0x00,
    0x00, 0x00, 0x00, 0x00, 0x27, 0xC2, 0x0B, 0x00, 0x00, 0x00, 0x00, 0x00, 0x5F, 0x7A, 0x01, 0x00,
    0x00, 0x00, 0x00, 0x00, 0xC9, 0x51, 0x00, 0x00, 0x00, 0x00, 0x00, 0x2E, 0xD3, 0x09, 0x00, 0x00,
    0x00, 0x00, 0x00, 0xA5, 0x97, 0x00, 0x00, 0x00, 0x00, 0x00, 0x19, 0xDA, 0x11, 0x00, 0x00, 0x00,
    0x00, 0x00, 0x58, 0xBE, 0x00, 0x00, 0x00, 0x00, 0x00, 0x03, 0x8E, 0x42, 0x00, 0x00, 0x00, 0x00,
    0x00, 0x0D, 0xC4, 0x24, 0x00, 0x00, 0x00, 0x00, 0x00, 0x41, 0x99, 0x04, 0x00, 0x00, 0x00, 0x00,
    0x00, 0xC4, 0x5A, 0x00, 0x00, 0x00, 0x00, 0x00, 0x24, 0xF1, 0x0E, 0x00, 0x00, 0x00, 0x00, 0x00,
    0x2B, 0x55, 0x00, 0x00, 0x00, 0x00, 0x00, 0x00, 0x26, 0x49, 0x00, 0x00, 0x00, 0x00, 0x00, 0x00,
    0x28, 0xF0, 0x0B, 0x00, 0x00, 0x00, 0x00, 0x00, 0x00, 0xCD, 0x67, 0x00, 0x00, 0x00, 0x00, 0x00,
    0x00, 0x48, 0x97, 0x03, 0x00, 0x00, 0x00, 0x00, 0x00, 0x0D, 0xC4, 0x22, 0x00, 0x00, 0x00, 0x00,
    0x00, 0x04, 0x92, 0x3E, 0x00, 0x00, 0x00, 0x00, 0x00, 0x00, 0x5C, 0xB8, 0x00, 0x00, 0x00, 0x00,
    0x00, 0x00, 0x1C, 0xDB, 0x0D, 0x00, 0x00, 0x00, 0x00, 0x00, 0x00, 0xAB, 0x90, 0x00, 0x00, 0x00,
    0x00, 0x00, 0x00, 0x34, 0xD2, 0x07, 0x00, 0x00, 0x00, 0x00, 0x00, 0x00, 0xCD, 0x4D, 0x00, 0x00,
    0x00, 0x00, 0x00, 0x00, 0x65, 0x78, 0x01, 0x00, 0x00, 0x00, 0x00, 0x00, 0x28, 0xC0, 0x0B, 0x00,
    0x00, 0x00, 0x00, 0x00, 0x0D, 0xAD, 0x1E, 0x00, 0x00, 0x00, 0x00, 0x00, 0x00, 0x7A, 0xAE, 0x00,
    0x00, 0x00, 0x00, 0x00, 0x00, 0x27, 0xF3, 0x0D, 0x00, 0x00, 0x00, 0x00, 0x00, 0x00, 0x6C, 0x27,
    0x0C, 0x14, 0x00, 0x00, 0x00, 0x00, 0x19, 0x0C, 0x43, 0xEF, 0x02, 0x00, 0x00, 0x11, 0xF1, 0x28,
    0x00, 0xEB, 0x4E, 0x00, 0x00, 0x61, 0xB9, 0x00, 0x00, 0x6D, 0x91, 0x01, 0x06, 0x9D, 0x38, 0x00,
    0x00, 0x0F, 0xC2, 0x19, 0x20, 0xB4, 0x0C, 0x00, 0x00, 0x06, 0xA8, 0x31, 0x47, 0x89, 0x03, 0x00,
    0x00, 0x00, 0x6A, 0x95, 0xAB, 0x54, 0x00, 0x00, 0x00, 0x00, 0x2D, 0xE2, 0xD8, 0x14, 0x00, 0x00,
    0x00, 0x00, 0x00, 0xCE, 0xA5, 0x00, 0x00, 0x00, 0x00, 0x00, 0x0B, 0xD4, 0xD0, 0x01, 0x00, 0x00,
    0x00, 0x00, 0x48, 0xB5, 0xE1, 0x3B, 0x00, 0x00, 0x00, 0x02, 0x7E, 0x52, 0x85, 0x71, 0x00, 0x00,
    0x00, 0x0A, 0xAE, 0x23, 0x2E, 0xB6, 0x08, 0x00, 0x00, 0x27, 0xA3, 0x08, 0x14, 0xBE, 0x13, 0x00,
    0x00, 0xA5, 0x6C, 0x00, 0x00, 0x8D, 0x8A, 0x00, 0x11, 0xF2, 0x1C, 0x00, 0x00, 0x3D, 0xF6, 0x01,
    0x3D, 0x95, 0x00, 0x00, 0x00, 0x00, 0x9B, 0x33, 0x00, 0x00, 0x06, 0x06, 0x06, 0x04, 0x00, 0x2A,
    0xFF, 0xFF, 0xFF, 0xFF, 0x00, 0x03, 0x1E, 0x1E, 0x1E, 0x1B, 0x30, 0x0C, 0xFF, 0x4E, 0xFF, 0x4E,
    0xFF, 0x4E, 0xFF, 0x4E, 0xFF, 0x4E, 0xFF, 0x4E, 0xFF, 0x4E, 0xC3, 0x3A, 0x00, 0x06, 0x06, 0x06,
    0x04, 0x24, 0xFF, 0xFF, 0xFF, 0xFF, 0x01, 0x1E, 0x1E, 0x1E, 0x1C, 0xB2, 0x34, 0xFF, 0x4E, 0xFF,
    0x4E, 0xFF, 0x4E, 0xFF, 0x4E, 0xFF, 0x4E, 0xFF, 0x4E, 0xFF, 0x4E, 0x2B, 0x0A, 0x00, 0x0D, 0x7E,
    0x7E, 0x7E, 0x73, 0x00, 0x2A, 0xFF, 0xFF, 0xFF, 0xFF, 0x00, 0x22, 0xFF, 0xFF, 0xFF, 0xF8, 0x06,
    0x3C, 0x36, 0x2A, 0xFF, 0xFF, 0x2A, 0xFF, 0xFF, 0x2A, 0xFF, 0xFF, 0x2A, 0xFF, 0xFF, 0x2A, 0xFF,
    0xFF, 0x2A, 0xFF, 0xFF, 0x2A, 0xFF, 0xFF, 0x1F, 0xF0, 0xDD, 0x0C, 0x84, 0x84, 0x84, 0x7C, 0x24,
    0xFF, 0xFF, 0xFF, 0xFF, 0x1E, 0xFF, 0xFF, 0xFF, 0xFF, 0x1C, 0xDC, 0xCA, 0x2A, 0xFF, 0xFF, 0x2A,
    0xFF, 0xFF, 0x2A, 0xFF, 0xFF, 0x2A, 0xFF, 0xFF, 0x2A, 0xFF, 0xFF, 0x2A, 0xFF, 0xFF, 0x2A, 0xFF,
    0xFF, 0x04, 0x36, 0x31, 0x00, 0x00, 0x00, 0x00, 0x4F, 0x83, 0x83, 0x7C, 0x17, 0xE4, 0xFF, 0xFF,
    0xFF, 0xFF, 0xFF, 0xFF, 0x08, 0x65, 0x72, 0x72, 0xCA, 0xFF, 0xFF, 0xFF, 0x00, 0x87, 0x60, 0x00,
    0xBE, 0xA2, 0x00, 0xBE, 0xA2, 0x00, 0xBE, 0xA2, 0x00, 0xBE, 0xA2, 0x00, 0xBE, 0xA2, 0x00, 0xBE,
    0xA2, 0x00, 0xBE, 0xA2, 0x1C, 0xFF, 0xF5, 0x2A, 0xFF, 0xFF, 0x2A, 0xFF, 0xFF, 0x2A, 0xFF, 0xFF,
    0x2A, 0xFF, 0xFF, 0x2A, 0xFF, 0xFF, 0x2A, 0xFF, 0xFF, 0x2A, 0xFF, 0xFF, 0x04, 0x36, 0x31, 0x0A,
    0x76, 0x84, 0x84, 0x33, 0x00, 0x00, 0x00, 0x1E, 0xE5, 0xFF, 0xFF, 0xFF, 0xFF, 0xFD, 0xF2, 0x19,
    0xE4, 0xFF, 0xFF, 0xAB, 0x73, 0x71, 0x6C, 0x06, 0x3C, 0x36, 0x2A, 0xFF, 0xFF, 0x2A, 0xFF, 0xFF,
    0x2A, 0xFF, 0xFF, 0x2A, 0xFF, 0xFF, 0x2A, 0xFF, 0xFF, 0x2A, 0xFF, 0xFF, 0x2A, 0xFF, 0xFF, 0x1F,
    0xFF, 0xFF, 0x00, 0xBE, 0xA2, 0x00, 0xBE, 0xA2, 0x00, 0xBE, 0xA2, 0x00, 0xBE, 0xA2, 0x00, 0xBE,
    0xA2, 0x00, 0xBE, 0xA2, 0x00, 0xBE, 0xA2, 0x00, 0x82, 0x5D, 0x10, 0x12, 0x12, 0x12, 0x12, 0x12,
    0x12, 0x0D, 0xFF, 0xFF, 0xFF, 0xFF, 0xFF, 0xFF, 0xFF, 0xFA, 0xFF, 0xFF, 0xFF, 0xFF, 0xFF, 0xFF,
    0xFF, 0xFA, 0xFF, 0xFF, 0xFF, 0xFF, 0xFF, 0xFF, 0xFF, 0xFA, 0xFF, 0xFF, 0xFF, 0xFF, 0xFF, 0xFF,
    0xFF, 0xFA, 0xFF, 0xFF, 0xFF, 0xFF, 0xFF, 0xFF, 0xFF, 0xFA, 0xFF, 0xFF, 0xFF, 0xFF, 0xFF, 0xFF,
    0xFF, 0xFA, 0xFF, 0xFF, 0xFF, 0xFF, 0xFF, 0xFF, 0xFF, 0xFA, 0xD9, 0xE1, 0xE1, 0xE1, 0xE1, 0xE1,
    0xE1, 0xAF, 0x0A, 0x0C, 0x0C, 0x0C, 0x0C, 0x0C, 0x0C, 0x09, 0xFF, 0xDC, 0xDC, 0xDC, 0xDC, 0xDC,
    0xDC, 0xF3, 0xEB, 0x00, 0x00, 0x00, 0x00, 0x00, 0x00, 0xE6, 0xEB, 0x00, 0x00, 0x00, 0x00, 0x00,
    0x00, 0xE6, 0xEB, 0x00, 0x00, 0x00, 0x00, 0x00, 0x00, 0xE6, 0xEB, 0x00, 0x00, 0x00, 0x00, 0x00,
    0x00, 0xE6, 0xEB, 0x00, 0x00, 0x00, 0x00, 0x00, 0x00, 0xE6, 0xEC, 0x0C, 0x0C, 0x0C, 0x0C, 0x0C,
    0x0C, 0xE6, 0xD9, 0xE1, 0xE1, 0xE1, 0xE1, 0xE1, 0xE1, 0xAF, 0x00, 0x00, 0x00, 0x0A, 0x00, 0x00,
    0x00, 0x00, 0x00, 0x00, 0x00, 0xB5, 0x6A, 0x00, 0x00, 0x00, 0x00, 0x00, 0x12, 0xFF, 0xF8, 0x00,
    0x00, 0x00, 0x00, 0x00, 0xB5, 0xFF, 0xFF, 0x6A, 0x00, 0x00, 0x00, 0x12, 0xFF, 0xFF, 0xFF, 0xF8,
    0x00, 0x00, 0x00, 0xB5, 0xFF, 0xFF, 0xFF, 0xFF, 0x6A, 0x00, 0x12, 0xFF, 0xFF, 0xFF, 0xFF, 0xFF,
    0xF8, 0x00, 0xB5, 0xFF, 0xFF, 0xFF, 0xFF, 0xFF, 0xFF, 0x6A, 0xA2, 0xA0, 0xA0, 0xA0, 0xA0, 0xA0,
    0xA0, 0x7C, 0x16, 0x00, 0x00, 0x00, 0x00, 0x00, 0x00, 0x00, 0xFF, 0xA3, 0x19, 0x00, 0x00, 0x00,
    0x00, 0x00, 0xFF, 0xFF, 0xFF, 0xA3, 0x19, 0x00, 0x00, 0x00, 0xFF, 0xFF, 0xFF, 0xFF, 0xFF, 0xA3,
    0x19, 0x00, 0xFF, 0xFF, 0xFF, 0xFF, 0xFF, 0xFF, 0xFF, 0x73, 0xFF, 0xFF, 0xFF, 0xFF, 0xFF, 0xF5,
    0x67, 0x00, 0xFF, 0xFF, 0xFF, 0xF5, 0x67, 0x00, 0x00, 0x00, 0xFF, 0xF5, 0x67, 0x00, 0x00, 0x00,
    0x00, 0x00, 0x60, 0x00, 0x00, 0x00, 0x00, 0x00, 0x00, 0x00, 0x57, 0x60, 0x60, 0x60, 0x60, 0x60,
    0x60, 0x43, 0xBF, 0xFF, 0xFF, 0xFF, 0xFF, 0xFF, 0xFF, 0x9A, 0x2D, 0xFF, 0xFF, 0xFF, 0xFF, 0xFF,
    0xFF, 0x09, 0x00, 0xBF, 0xFF, 0xFF, 0xFF, 0xFF, 0x9A, 0x00, 0x00, 0x2D, 0xFF, 0xFF, 0xFF, 0xFF,
    0x09, 0x00, 0x00, 0x00, 0xBF, 0xFF, 0xFF, 0x9A, 0x00, 0x00, 0x00, 0x00, 0x2D, 0xFF, 0xFF, 0x09,
    0x00, 0x00, 0x00, 0x00, 0x00, 0xBF, 0x9A, 0x00, 0x00, 0x00, 0x00, 0x00, 0x00, 0x27, 0x09, 0x00,
    0x00, 0x00, 0x00, 0x00, 0x00, 0x00, 0x00, 0x00, 0x00, 0x18, 0x00, 0x00, 0x00, 0x00, 0x00, 0x30,
    0xC1, 0xF2, 0x00, 0x00, 0x00, 0x30, 0xC1, 0xFF, 0xFF, 0xFA, 0x00, 0x30, 0xC1, 0xFF, 0xFF, 0xFF,
    0xFF, 0xFA, 0xAE, 0xFF, 0xFF, 0xFF, 0xFF, 0xFF, 0xFF, 0xFA, 0x04, 0x8B, 0xFF, 0xFF, 0xFF, 0xFF,
    0xFF, 0xFA, 0x00, 0x00, 0x04, 0x8B, 0xFF, 0xFF, 0xFF, 0xFA, 0x00, 0x00, 0x00, 0x00, 0x04, 0x8B,
    0xFF, 0xFA, 0x00, 0x00, 0x00, 0x00, 0x00, 0x00, 0x04, 0x5B, 0x00, 0x00, 0x00, 0x12, 0x03, 0x00,
    0x00, 0x00, 0x00, 0x00, 0x16, 0xFA, 0xCD, 0x03, 0x00, 0x00, 0x00, 0x16, 0xFA, 0xFF, 0xFF, 0xCD,
    0x03, 0x00, 0x16, 0xFA, 0xFF, 0xFF, 0xFF, 0xFF, 0xCD, 0x03, 0xE1, 0xFF, 0xFF, 0xFF, 0xFF, 0xFF,
    0xFF, 0xA3, 0x43, 0xFF, 0xFF, 0xFF, 0xFF, 0xFF, 0xFF, 0x1F, 0x00, 0x43, 0xFF, 0xFF, 0xFF, 0xFF,
    0x1F, 0x00, 0x00, 0x00, 0x43, 0xFF, 0xFF, 0x1F, 0x00, 0x00, 0x00, 0x00, 0x00, 0x40, 0x1F, 0x00,
    0x00, 0x00, 0x00, 0x00, 0x00, 0x12, 0x03, 0x00, 0x00, 0x00, 0x00, 0x00, 0x16, 0xFA, 0xCD, 0x03,
    0x00, 0x00, 0x00, 0x16, 0xFA, 0xB6, 0xE6, 0xCD, 0x03, 0x00, 0x16, 0xFA, 0xB5, 0x00, 0x0C, 0xE6,
    0xCD, 0x03, 0xE1, 0xE4, 0x00, 0x00, 0x00, 0x0C, 0xFF, 0xA3, 0x43, 0xFF, 0x81, 0x00, 0x00, 0xA1,
    0xFF, 0x1F, 0x00, 0x43, 0xFF, 0x81, 0xA2, 0xFF, 0x1F, 0x00, 0x00, 0x00, 0x43, 0xFF, 0xFF, 0x1F,
    0x00, 0x00, 0x00, 0x00, 0x00, 0x40, 0x1F, 0x00, 0x00, 0x00, 0x00, 0x00, 0x00, 0x28, 0x1E, 0x00,
    0x00, 0x00, 0x00, 0x6A, 0xFF, 0xFF, 0xFF, 0xF5, 0x43, 0x00, 0x5D, 0xFF, 0x72, 0x00, 0x06, 0x9A,
    0xFF, 0x30, 0xEC, 0x8A, 0x00, 0x00, 0x00, 0x00, 0xAB, 0xB4, 0xFF, 0x24, 0x00, 0x00, 0x00, 0x00,
    0x67, 0xEC, 0xFF, 0x40, 0x00, 0x00, 0x00, 0x00, 0x82, 0xDE, 0xB7, 0xC8, 0x00, 0x00, 0x00, 0x07,
    0xF5, 0x99, 0x18, 0xFF, 0xE4, 0x84, 0x93, 0xFF, 0xD9, 0x03, 0x00, 0x0C, 0xA5, 0xDE, 0xD5, 0x87,
    0x01, 0x00, 0x00, 0x00, 0x00, 0x1C, 0x13, 0x00, 0x00, 0x00, 0x00, 0x61, 0xFF, 0xFF, 0xFF, 0xEB,
    0x3D, 0x00, 0x5D, 0xFF, 0xFF, 0xFF, 0xFF, 0xFF, 0xFF, 0x2D, 0xED, 0xFF, 0xFF, 0xFF, 0xFF, 0xFF,
    0xFF, 0xB2, 0xFF, 0xFF, 0xFF, 0xFF, 0xFF, 0xFF, 0xFF, 0xED, 0xFF, 0xFF, 0xFF, 0xFF, 0xFF, 0xFF,
    0xFF, 0xDC, 0xB1, 0xFF, 0xFF, 0xFF, 0xFF, 0xFF, 0xFF, 0x8D, 0x12, 0xF3, 0xFF, 0xFF, 0xFF, 0xFF,
    0xC5, 0x01, 0x00, 0x04, 0x87, 0xC5, 0xBC, 0x69, 0x00, 0x00, 0x61, 0xBA, 0xBA, 0xBA, 0xBA, 0xBA,
    0xB5, 0xB4, 0x00, 0x00, 0x00, 0x00, 0x00, 0xB4, 0xB4, 0x00, 0x00, 0x00, 0x00, 0x00, 0xB4, 0xB4,
    0x00, 0x00, 0x00, 0x00, 0x00, 0xB4, 0xB4, 0x00, 0x00, 0x00, 0x00, 0x00, 0xB4, 0xB4, 0x00, 0x00,
    0x00, 0x00, 0x00, 0xB4, 0xAE, 0xBA, 0xBA, 0xBA, 0xBA, 0xBA, 0xD7, 0x7C, 0xA0, 0xA0, 0xA0, 0xA0,
    0xA0, 0xB6, 0x07, 0xA0, 0x00, 0x00, 0x00, 0x00, 0x33, 0xB4, 0x0C, 0xA0, 0x00, 0x00, 0x00, 0x63,
    0x48, 0xB4, 0x0C, 0xA0, 0x00, 0x00, 0x18, 0xA3, 0x00, 0xB4, 0x0C, 0xA0, 0x19, 0x97, 0xA9, 0x1B,
    0x00, 0xB4, 0x0C, 0xA0, 0x00, 0x75, 0xCF, 0x00, 0x00, 0xB4, 0x0C, 0xBE, 0xBA, 0xBA, 0xBA, 0xBA,
    0xBA, 0xE7, 0x0A, 0x01, 0x06, 0x06, 0x06, 0x06, 0x06, 0x06, 0x00, 0x00, 0x18, 0x18, 0xA6, 0x90,
    0x28, 0x07, 0x00, 0x00, 0xAB, 0xFF, 0xFF, 0xFF, 0xFF, 0x8D, 0x00, 0x7B, 0xFF, 0x90, 0x00, 0x03,
    0xB0, 0xE4, 0x5A, 0xA2, 0xF6, 0x00, 0xA0, 0x8B, 0x04, 0xFF, 0x81, 0xA6, 0xEB, 0x00, 0xCE, 0xB8,
    0x00, 0xFF, 0x63, 0xA6, 0xFF, 0x5D, 0x00, 0x00, 0x9D, 0xFF, 0x7B, 0x00, 0xAC, 0xFF, 0xEB, 0xF8,
    0xFF, 0x8D, 0x00, 0x00, 0x33, 0x33, 0xD0, 0xBA, 0x4B, 0x19, 0x00, 0x00, 0x00, 0x00, 0x00, 0x00,
    0x06, 0x34, 0x00, 0x00, 0x00, 0x00, 0x06, 0xED, 0xA6, 0x00, 0x00, 0x00, 0x00, 0xB1, 0xD3, 0x00,
    0x00, 0x00, 0x00, 0x69, 0xFF, 0x12, 0x00, 0x00, 0xAC, 0x2E, 0xFF, 0x49, 0x00, 0x00, 0x00, 0xFF,
    0xFF, 0xBB, 0x00, 0x00, 0x00, 0x00, 0xB1, 0xDF, 0x06, 0x00, 0x00, 0x00, 0x00, 0x00, 0x2E, 0x3A,
    0x00, 0x46, 0xAD, 0x00, 0x00, 0xB7, 0xF3, 0x34, 0xFF, 0x9C, 0x00, 0x00, 0x37, 0xFF, 0xFF, 0xC0,
    0x00, 0x00, 0x00, 0x00, 0xFF, 0xFF, 0x0A, 0x00, 0x00, 0x00, 0xAE, 0xFF, 0xFF, 0x6D, 0x00, 0x00,
    0x51, 0xFF, 0x8D, 0xC9, 0xFF, 0x00, 0x09, 0xFF, 0xDE, 0x00, 0x15, 0xBB, 0x00, 0x2B, 0xFF, 0x2D,
    0x00, 0x00, 0x00, 0x00, 0x00, 0x0F, 0x00, 0x00, 0x00, 0x00, 0x00, 0x00, 0x00, 0x00, 0x00, 0x00,
    0x00, 0x51, 0x00, 0x04, 0xC1, 0x9F, 0x00, 0x00, 0xB4, 0xFF, 0x79, 0x03, 0xFF, 0xFF, 0x3A, 0xB4,
    0xFF, 0xF5, 0x12, 0x00, 0xA3, 0xFF, 0xFF, 0xFF, 0xFF, 0x13, 0x00, 0x00, 0x1B, 0xFF, 0xFF, 0xFF,
    0x2E, 0x00, 0x00, 0x00, 0x55, 0xFF, 0xFF, 0xFF, 0x76, 0x00, 0x00, 0x2D, 0xFF, 0xFF, 0xFF, 0xFF,
    0xFF, 0x3A, 0x00, 0xB5, 0xFF, 0xCB, 0x34, 0xFF, 0xFF, 0x5D, 0x00, 0x76, 0xEC, 0x0C, 0x00, 0x49,
    0x3D, 0x00, 0x00, 0x00, 0x00, 0x00, 0x00, 0x00, 0x00, 0x00, 0x00, 0x00, 0x00, 0xFF, 0xD7, 0x00,
    0x00, 0x00, 0xFF, 0xFF, 0x00, 0x00, 0x00, 0xFF, 0xFF, 0x00, 0x00, 0x00, 0xFF, 0xFF, 0x00, 0x00,
    0x12, 0xFF, 0xFF, 0x0F, 0x00, 0xA5, 0xFF, 0xFF, 0x88, 0x00, 0x00, 0xA2, 0x8B, 0x00,
};
