// Auto-generated VLW font: hack_italic_12
// Size: 31086 bytes (30.4 KB)
#pragma once
#include <pgmspace.h>

const uint8_t hack_italic_12[] PROGMEM = {
    0x00, 0x00, 0x01, 0x65, 0x00, 0x00, 0x00, 0x06, 0x00, 0x00, 0x00, 0x0C, 0x00, 0x00, 0x00, 0x00,
    0x00, 0x00, 0x00, 0x0C, 0x00, 0x00, 0x00, 0x03, 0x00, 0x00, 0x00, 0x20, 0x00, 0x00, 0x00, 0x00,
    0x00, 0x00, 0x00, 0x00, 0x00, 0x00, 0x00, 0x07, 0x00, 0x00, 0x00, 0x00, 0x00, 0x00, 0x00, 0x00,
    0x00, 0x00, 0x00, 0x00, 0x00, 0x00, 0x00, 0x21, 0x00, 0x00, 0x00, 0x09, 0x00, 0x00, 0x00, 0x04,
    0x00, 0x00, 0x00, 0x07, 0x00, 0x00, 0x00, 0x09, 0x00, 0x00, 0x00, 0x02, 0x00, 0x00, 0x00, 0x00,
    0x00, 0x00, 0x00, 0x22, 0x00, 0x00, 0x00, 0x04, 0x00, 0x00, 0x00, 0x05, 0x00, 0x00, 0x00, 0x07,
    0x00, 0x00, 0x00, 0x09, 0x00, 0x00, 0x00, 0x01, 0x00, 0x00, 0x00, 0x00, 0x00, 0x00, 0x00, 0x23,
    0x00, 0x00, 0x00, 0x09, 0x00, 0x00, 0x00, 0x07, 0x00, 0x00, 0x00, 0x07, 0x00, 0x00, 0x00, 0x09,
    0x00, 0x00, 0x00, 0x00, 0x00, 0x00, 0x00, 0x00, 0x00, 0x00, 0x00, 0x24, 0x00, 0x00, 0x00, 0x0C,
    0x00, 0x00, 0x00, 0x07, 0x00, 0x00, 0x00, 0x07, 0x00, 0x00, 0x00, 0x0A, 0x00, 0x00, 0x00, 0x00,
    0x00, 0x00, 0x00, 0x00, 0x00, 0x00, 0x00, 0x25, 0x00, 0x00, 0x00, 0x09, 0x00, 0x00, 0x00, 0x07,
    0x00, 0x00, 0x00, 0x07, 0x00, 0x00, 0x00, 0x09, 0x00, 0x00, 0x00, 0x00, 0x00, 0x00, 0x00, 0x00,
    0x00, 0x00, 0x00, 0x26, 0x00, 0x00, 0x00, 0x09, 0x00, 0x00, 0x00, 0x07, 0x00, 0x00, 0x00, 0x07,
    0x00, 0x00, 0x00, 0x09, 0x00, 0x00, 0x00, 0x00, 0x00, 0x00, 0x00, 0x00, 0x00, 0x00, 0x00, 0x27,
    0x00, 0x00, 0x00, 0x04, 0x00, 0x00, 0x00, 0x02, 0x00, 0x00, 0x00, 0x07, 0x00, 0x00, 0x00, 0x09,
    0x00, 0x00, 0x00, 0x03, 0x00, 0x00, 0x00, 0x00, 0x00, 0x00, 0x00, 0x28, 0x00, 0x00, 0x00, 0x0B,
    0x00, 0x00, 0x00, 0x05, 0x00, 0x00, 0x00, 0x07, 0x00, 0x00, 0x00, 0x0A, 0x00, 0x00, 0x00, 0x01,
    0x00, 0x00, 0x00, 0x00, 0x00, 0x00, 0x00, 0x29, 0x00, 0x00, 0x00, 0x0B, 0x00, 0x00, 0x00, 0x05,
    0x00, 0x00, 0x00, 0x07, 0x00, 0x00, 0x00, 0x0A, 0x00, 0x00, 0x00, 0x01, 0x00, 0x00, 0x00, 0x00,
    0x00, 0x00, 0x00, 0x2A, 0x00, 0x00, 0x00, 0x07, 0x00, 0x00, 0x00, 0x07, 0x00, 0x00, 0x00, 0x07,
    0x00, 0x00, 0x00, 0x09, 0x00, 0x00, 0x00, 0x00, 0x00, 0x00, 0x00, 0x00, 0x00, 0x00, 0x00, 0x2B,
    0x00, 0x00, 0x00, 0x07, 0x00, 0x00, 0x00, 0x07, 0x00, 0x00, 0x00, 0x07, 0x00, 0x00, 0x00, 0x08,
    0x00, 0x00, 0x00, 0x00, 0x00, 0x00, 0x00, 0x00, 0x00, 0x00, 0x00, 0x2C, 0x00, 0x00, 0x00, 0x05,
    0x00, 0x00, 0x00, 0x03, 0x00, 0x00, 0x00, 0x07, 0x00, 0x00, 0x00, 0x02, 0x00, 0x00, 0x00, 0x02,
    0x00, 0x00, 0x00, 0x00, 0x00, 0x00, 0x00, 0x2D, 0x00, 0x00, 0x00, 0x01, 0x00, 0x00, 0x00, 0x06,
    0x00, 0x00, 0x00, 0x07, 0x00, 0x00, 0x00, 0x04, 0x00, 0x00, 0x00, 0x01, 0x00, 0x00, 0x00, 0x00,
    0x00, 0x00, 0x00, 0x2E, 0x00, 0x00, 0x00, 0x03, 0x00, 0x00, 0x00, 0x03, 0x00, 0x00, 0x00, 0x07,
    0x00, 0x00, 0x00, 0x03, 0x00, 0x00, 0x00, 0x02, 0x00, 0x00, 0x00, 0x00, 0x00, 0x00, 0x00, 0x2F,
    0x00, 0x00, 0x00, 0x0B, 0x00, 0x00, 0x00, 0x07, 0x00, 0x00, 0x00, 0x07, 0x00, 0x00, 0x00, 0x09,
    0x00, 0x00, 0x00, 0x00, 0x00, 0x00, 0x00, 0x00, 0x00, 0x00, 0x00, 0x30, 0x00, 0x00, 0x00, 0x09,
    0x00, 0x00, 0x00, 0x07, 0x00, 0x00, 0x00, 0x07, 0x00, 0x00, 0x00, 0x09, 0x00, 0x00, 0x00, 0x00,
    0x00, 0x00, 0x00, 0x00, 0x00, 0x00, 0x00, 0x31, 0x00, 0x00, 0x00, 0x09, 0x00, 0x00, 0x00, 0x06,
    0x00, 0x00, 0x00, 0x07, 0x00, 0x00, 0x00, 0x09, 0x00, 0x00, 0x00, 0x00, 0x00, 0x00, 0x00, 0x00,
    0x00, 0x00, 0x00, 0x32, 0x00, 0x00, 0x00, 0x09, 0x00, 0x00, 0x00, 0x07, 0x00, 0x00, 0x00, 0x07,
    0x00, 0x00, 0x00, 0x09, 0x00, 0x00, 0x00, 0x00, 0x00, 0x00, 0x00, 0x00, 0x00, 0x00, 0x00, 0x33,
    0x00, 0x00, 0x00, 0x09, 0x00, 0x00, 0x00, 0x07, 0x00, 0x00, 0x00, 0x07, 0x00, 0x00, 0x00, 0x09,
    0x00, 0x00, 0x00, 0x00, 0x00, 0x00, 0x00, 0x00, 0x00, 0x00, 0x00, 0x34, 0x00, 0x00, 0x00, 0x09,
    0x00, 0x00, 0x00, 0x07, 0x00, 0x00, 0x00, 0x07, 0x00, 0x00, 0x00, 0x09, 0x00, 0x00, 0x00, 0x00,
    0x00, 0x00, 0x00, 0x00, 0x00, 0x00, 0x00, 0x35, 0x00, 0x00, 0x00, 0x09, 0x00, 0x00, 0x00, 0x07,
    0x00, 0x00, 0x00, 0x07, 0x00, 0x00, 0x00, 0x09, 0x00, 0x00, 0x00, 0x00, 0x00, 0x00, 0x00, 0x00,
    0x00, 0x00, 0x00, 0x36, 0x00, 0x00, 0x00, 0x09, 0x00, 0x00, 0x00, 0x07, 0x00, 0x00, 0x00, 0x07,
    0x00, 0x00, 0x00, 0x09, 0x00, 0x00, 0x00, 0x00, 0x00, 0x00, 0x00, 0x00, 0x00, 0x00, 0x00, 0x37,
    0x00, 0x00, 0x00, 0x09, 0x00, 0x00, 0x00, 0x06, 0x00, 0x00, 0x00, 0x07, 0x00, 0x00, 0x00, 0x09,
    0x00, 0x00, 0x00, 0x01, 0x00, 0x00, 0x00, 0x00, 0x00, 0x00, 0x00, 0x38, 0x00, 0x00, 0x00, 0x09,
    0x00, 0x00, 0x00, 0x07, 0x00, 0x00, 0x00, 0x07, 0x00, 0x00, 0x00, 0x09, 0x00, 0x00, 0x00, 0x00,
    0x00, 0x00, 0x00, 0x00, 0x00, 0x00, 0x00, 0x39, 0x00, 0x00, 0x00, 0x09, 0x00, 0x00, 0x00, 0x07,
    0x00, 0x00, 0x00, 0x07, 0x00, 0x00, 0x00, 0x09, 0x00, 0x00, 0x00, 0x00, 0x00, 0x00, 0x00, 0x00,
    0x00, 0x00, 0x00, 0x3A, 0x00, 0x00, 0x00, 0x07, 0x00, 0x00, 0x00, 0x04, 0x00, 0x00, 0x00, 0x07,
    0x00, 0x00, 0x00, 0x07, 0x00, 0x00, 0x00, 0x02, 0x00, 0x00, 0x00, 0x00, 0x00, 0x00, 0x00, 0x3B,
    0x00, 0x00, 0x00, 0x0A, 0x00, 0x00, 0x00, 0x05, 0x00, 0x00, 0x00, 0x07, 0x00, 0x00, 0x00, 0x07,
    0x00, 0x00, 0x00, 0x01, 0x00, 0x00, 0x00, 0x00, 0x00, 0x00, 0x00, 0x3C, 0x00, 0x00, 0x00, 0x07,
    0x00, 0x00, 0x00, 0x07, 0x00, 0x00, 0x00, 0x07, 0x00, 0x00, 0x00, 0x07, 0x00, 0x00, 0x00, 0x00,
    0x00, 0x00, 0x00, 0x00, 0x00, 0x00, 0x00, 0x3D, 0x00, 0x00, 0x00, 0x04, 0x00, 0x00, 0x00, 0x07,
    0x00, 0x00, 0x00, 0x07, 0x00, 0x00, 0x00, 0x05, 0x00, 0x00, 0x00, 0x00, 0x00, 0x00, 0x00, 0x00,
    0x00, 0x00, 0x00, 0x3E, 0x00, 0x00, 0x00, 0x07, 0x00, 0x00, 0x00, 0x07, 0x00, 0x00, 0x00, 0x07,
    0x00, 0x00, 0x00, 0x07, 0x00, 0x00, 0x00, 0x00, 0x00, 0x00, 0x00, 0x00, 0x00, 0x00, 0x00, 0x3F,
    0x00, 0x00, 0x00, 0x09, 0x00, 0x00, 0x00, 0x05, 0x00, 0x00, 0x00, 0x07, 0x00, 0x00, 0x00, 0x09,
    0x00, 0x00, 0x00, 0x02, 0x00, 0x00, 0x00, 0x00, 0x00, 0x00, 0x00, 0x40, 0x00, 0x00, 0x00, 0x0B,
    0x00, 0x00, 0x00, 0x07, 0x00, 0x00, 0x00, 0x07, 0x00, 0x00, 0x00, 0x09, 0x00, 0x00, 0x00, 0x00,
    0x00, 0x00, 0x00, 0x00, 0x00, 0x00, 0x00, 0x41, 0x00, 0x00, 0x00, 0x09, 0x00, 0x00, 0x00, 0x07,
    0x00, 0x00, 0x00, 0x07, 0x00, 0x00, 0x00, 0x09, 0x00, 0x00, 0x00, 0x00, 0x00, 0x00, 0x00, 0x00,
    0x00, 0x00, 0x00, 0x42, 0x00, 0x00, 0x00, 0x09, 0x00, 0x00, 0x00, 0x07, 0x00, 0x00, 0x00, 0x07,
    0x00, 0x00, 0x00, 0x09, 0x00, 0x00, 0x00, 0x00, 0x00, 0x00, 0x00, 0x00, 0x00, 0x00, 0x00, 0x43,
    0x00, 0x00, 0x00, 0x09, 0x00, 0x00, 0x00, 0x07, 0x00, 0x00, 0x00, 0x07, 0x00, 0x00, 0x00, 0x09,
    0x00, 0x00, 0x00, 0x00, 0x00, 0x00, 0x00, 0x00, 0x00, 0x00, 0x00, 0x44, 0x00, 0x00, 0x00, 0x09,
    0x00, 0x00, 0x00, 0x07, 0x00, 0x00, 0x00, 0x07, 0x00, 0x00, 0x00, 0x09, 0x00, 0x00, 0x00, 0x00,
    0x00, 0x00, 0x00, 0x00, 0x00, 0x00, 0x00, 0x45, 0x00, 0x00, 0x00, 0x09, 0x00, 0x00, 0x00, 0x07,
    0x00, 0x00, 0x00, 0x07, 0x00, 0x00, 0x00, 0x09, 0x00, 0x00, 0x00, 0x00, 0x00, 0x00, 0x00, 0x00,
    0x00, 0x00, 0x00, 0x46, 0x00, 0x00, 0x00, 0x09, 0x00, 0x00, 0x00, 0x07, 0x00, 0x00, 0x00, 0x07,
    0x00, 0x00, 0x00, 0x09, 0x00, 0x00, 0x00, 0x00, 0x00, 0x00, 0x00, 0x00, 0x00, 0x00, 0x00, 0x47,
    0x00, 0x00, 0x00, 0x09, 0x00, 0x00, 0x00, 0x07, 0x00, 0x00, 0x00, 0x07, 0x00, 0x00, 0x00, 0x09,
    0x00, 0x00, 0x00, 0x00, 0x00, 0x00, 0x00, 0x00, 0x00, 0x00, 0x00, 0x48, 0x00, 0x00, 0x00, 0x09,
    0x00, 0x00, 0x00, 0x07, 0x00, 0x00, 0x00, 0x07, 0x00, 0x00, 0x00, 0x09, 0x00, 0x00, 0x00, 0x00,
    0x00, 0x00, 0x00, 0x00, 0x00, 0x00, 0x00, 0x49, 0x00, 0x00, 0x00, 0x09, 0x00, 0x00, 0x00, 0x07,
    0x00, 0x00, 0x00, 0x07, 0x00, 0x00, 0x00, 0x09, 0x00, 0x00, 0x00, 0x00, 0x00, 0x00, 0x00, 0x00,
    0x00, 0x00, 0x00, 0x4A, 0x00, 0x00, 0x00, 0x09, 0x00, 0x00, 0x00, 0x07, 0x00, 0x00, 0x00, 0x07,
    0x00, 0x00, 0x00, 0x09, 0x00, 0x00, 0x00, 0x00, 0x00, 0x00, 0x00, 0x00, 0x00, 0x00, 0x00, 0x4B,
    0x00, 0x00, 0x00, 0x09, 0x00, 0x00, 0x00, 0x07, 0x00, 0x00, 0x00, 0x07, 0x00, 0x00, 0x00, 0x09,
    0x00, 0x00, 0x00, 0x00, 0x00, 0x00, 0x00, 0x00, 0x00, 0x00, 0x00, 0x4C, 0x00, 0x00, 0x00, 0x09,
    0x00, 0x00, 0x00, 0x07, 0x00, 0x00, 0x00, 0x07, 0x00, 0x00, 0x00, 0x09, 0x00, 0x00, 0x00, 0x00,
    0x00, 0x00, 0x00, 0x00, 0x00, 0x00, 0x00, 0x4D, 0x00, 0x00, 0x00, 0x09, 0x00, 0x00, 0x00, 0x07,
    0x00, 0x00, 0x00, 0x07, 0x00, 0x00, 0x00, 0x09, 0x00, 0x00, 0x00, 0x00, 0x00, 0x00, 0x00, 0x00,
    0x00, 0x00, 0x00, 0x4E, 0x00, 0x00, 0x00, 0x09, 0x00, 0x00, 0x00, 0x07, 0x00, 0x00, 0x00, 0x07,
    0x00, 0x00, 0x00, 0x09, 0x00, 0x00, 0x00, 0x00, 0x00, 0x00, 0x00, 0x00, 0x00, 0x00, 0x00, 0x4F,
    0x00, 0x00, 0x00, 0x09, 0x00, 0x00, 0x00, 0x07, 0x00, 0x00, 0x00, 0x07, 0x00, 0x00, 0x00, 0x09,
    0x00, 0x00, 0x00, 0x00, 0x00, 0x00, 0x00, 0x00, 0x00, 0x00, 0x00, 0x50, 0x00, 0x00, 0x00, 0x09,
    0x00, 0x00, 0x00, 0x07, 0x00, 0x00, 0x00, 0x07, 0x00, 0x00, 0x00, 0x09, 0x00, 0x00, 0x00, 0x00,
    0x00, 0x00, 0x00, 0x00, 0x00, 0x00, 0x00, 0x51, 0x00, 0x00, 0x00, 0x0B, 0x00, 0x00, 0x00, 0x07,
    0x00, 0x00, 0x00, 0x07, 0x00, 0x00, 0x00, 0x09, 0x00, 0x00, 0x00, 0x00, 0x00, 0x00, 0x00, 0x00,
    0x00, 0x00, 0x00, 0x52, 0x00, 0x00, 0x00, 0x09, 0x00, 0x00, 0x00, 0x07, 0x00, 0x00, 0x00, 0x07,
    0x00, 0x00, 0x00, 0x09, 0x00, 0x00, 0x00, 0x00, 0x00, 0x00, 0x00, 0x00, 0x00, 0x00, 0x00, 0x53,
    0x00, 0x00, 0x00, 0x09, 0x00, 0x00, 0x00, 0x07, 0x00, 0x00, 0x00, 0x07, 0x00, 0x00, 0x00, 0x09,
    0x00, 0x00, 0x00, 0x00, 0x00, 0x00, 0x00, 0x00, 0x00, 0x00, 0x00, 0x54, 0x00, 0x00, 0x00, 0x09,
    0x00, 0x00, 0x00, 0x07, 0x00, 0x00, 0x00, 0x07, 0x00, 0x00, 0x00, 0x09, 0x00, 0x00, 0x00, 0x00,
    0x00, 0x00, 0x00, 0x00, 0x00, 0x00, 0x00, 0x55, 0x00, 0x00, 0x00, 0x09, 0x00, 0x00, 0x00, 0x07,
    0x00, 0x00, 0x00, 0x07, 0x00, 0x00, 0x00, 0x09, 0x00, 0x00, 0x00, 0x00, 0x00, 0x00, 0x00, 0x00,
    0x00, 0x00, 0x00, 0x56, 0x00, 0x00, 0x00, 0x09, 0x00, 0x00, 0x00, 0x06, 0x00, 0x00, 0x00, 0x07,
    0x00, 0x00, 0x00, 0x09, 0x00, 0x00, 0x00, 0x01, 0x00, 0x00, 0x00, 0x00, 0x00, 0x00, 0x00, 0x57,
    0x00, 0x00, 0x00, 0x09, 0x00, 0x00, 0x00, 0x07, 0x00, 0x00, 0x00, 0x07, 0x00, 0x00, 0x00, 0x09,
    0x00, 0x00, 0x00, 0x00, 0x00, 0x00, 0x00, 0x00, 0x00, 0x00, 0x00, 0x58, 0x00, 0x00, 0x00, 0x09,
    0x00, 0x00, 0x00, 0x07, 0x00, 0x00, 0x00, 0x07, 0x00, 0x00, 0x00, 0x09, 0x00, 0x00, 0x00, 0x00,
    0x00, 0x00, 0x00, 0x00, 0x00, 0x00, 0x00, 0x59, 0x00, 0x00, 0x00, 0x09, 0x00, 0x00, 0x00, 0x06,
    0x00, 0x00, 0x00, 0x07, 0x00, 0x00, 0x00, 0x09, 0x00, 0x00, 0x00, 0x01, 0x00, 0x00, 0x00, 0x00,
    0x00, 0x00, 0x00, 0x5A, 0x00, 0x00, 0x00, 0x09, 0x00, 0x00, 0x00, 0x07, 0x00, 0x00, 0x00, 0x07,
    0x00, 0x00, 0x00, 0x09, 0x00, 0x00, 0x00, 0x00, 0x00, 0x00, 0x00, 0x00, 0x00, 0x00, 0x00, 0x5B,
    0x00, 0x00, 0x00, 0x0C, 0x00, 0x00, 0x00, 0x06, 0x00, 0x00, 0x00, 0x07, 0x00, 0x00, 0x00, 0x0A,
    0x00, 0x00, 0x00, 0x01, 0x00, 0x00, 0x00, 0x00, 0x00, 0x00, 0x00, 0x5C, 0x00, 0x00, 0x00, 0x0B,
    0x00, 0x00, 0x00, 0x07, 0x00, 0x00, 0x00, 0x07, 0x00, 0x00, 0x00, 0x09, 0x00, 0x00, 0x00, 0x00,
    0x00, 0x00, 0x00, 0x00, 0x00, 0x00, 0x00, 0x5D, 0x00, 0x00, 0x00, 0x0C, 0x00, 0x00, 0x00, 0x06,
    0x00, 0x00, 0x00, 0x07, 0x00, 0x00, 0x00, 0x0A, 0x00, 0x00, 0x00, 0x01, 0x00, 0x00, 0x00, 0x00,
    0x00, 0x00, 0x00, 0x5E, 0x00, 0x00, 0x00, 0x04, 0x00, 0x00, 0x00, 0x07, 0x00, 0x00, 0x00, 0x07,
    0x00, 0x00, 0x00, 0x0A, 0x00, 0x00, 0x00, 0x00, 0x00, 0x00, 0x00, 0x00, 0x00, 0x00, 0x00, 0x5F,
    0x00, 0x00, 0x00, 0x01, 0x00, 0x00, 0x00, 0x07, 0x00, 0x00, 0x00, 0x07, 0xFF, 0xFF, 0xFF, 0xFF,
    0x00, 0x00, 0x00, 0x00, 0x00, 0x00, 0x00, 0x00, 0x00, 0x00, 0x00, 0x60, 0x00, 0x00, 0x00, 0x03,
    0x00, 0x00, 0x00, 0x03, 0x00, 0x00, 0x00, 0x07, 0x00, 0x00, 0x00, 0x0B, 0x00, 0x00, 0x00, 0x02,
    0x00, 0x00, 0x00, 0x00, 0x00, 0x00, 0x00, 0x61, 0x00, 0x00, 0x00, 0x07, 0x00, 0x00, 0x00, 0x07,
    0x00, 0x00, 0x00, 0x07, 0x00, 0x00, 0x00, 0x07, 0x00, 0x00, 0x00, 0x00, 0x00, 0x00, 0x00, 0x00,
    0x00, 0x00, 0x00, 0x62, 0x00, 0x00, 0x00, 0x0A, 0x00, 0x00, 0x00, 0x07, 0x00, 0x00, 0x00, 0x07,
    0x00, 0x00, 0x00, 0x0A, 0x00, 0x00, 0x00, 0x00, 0x00, 0x00, 0x00, 0x00, 0x00, 0x00, 0x00, 0x63,
    0x00, 0x00, 0x00, 0x07, 0x00, 0x00, 0x00, 0x07, 0x00, 0x00, 0x00, 0x07, 0x00, 0x00, 0x00, 0x07,
    0x00, 0x00, 0x00, 0x00, 0x00, 0x00, 0x00, 0x00, 0x00, 0x00, 0x00, 0x64, 0x00, 0x00, 0x00, 0x0A,
    0x00, 0x00, 0x00, 0x07, 0x00, 0x00, 0x00, 0x07, 0x00, 0x00, 0x00, 0x0A, 0x00, 0x00, 0x00, 0x00,
    0x00, 0x00, 0x00, 0x00, 0x00, 0x00, 0x00, 0x65, 0x00, 0x00, 0x00, 0x07, 0x00, 0x00, 0x00, 0x07,
    0x00, 0x00, 0x00, 0x07, 0x00, 0x00, 0x00, 0x07, 0x00, 0x00, 0x00, 0x00, 0x00, 0x00, 0x00, 0x00,
    0x00, 0x00, 0x00, 0x66, 0x00, 0x00, 0x00, 0x0A, 0x00, 0x00, 0x00, 0x06, 0x00, 0x00, 0x00, 0x07,
    0x00, 0x00, 0x00, 0x0A, 0x00, 0x00, 0x00, 0x01, 0x00, 0x00, 0x00, 0x00, 0x00, 0x00, 0x00, 0x67,
    0x00, 0x00, 0x00, 0x0A, 0x00, 0x00, 0x00, 0x07, 0x00, 0x00, 0x00, 0x07, 0x00, 0x00, 0x00, 0x07,
    0x00, 0x00, 0x00, 0x00, 0x00, 0x00, 0x00, 0x00, 0x00, 0x00, 0x00, 0x68, 0x00, 0x00, 0x00, 0x0A,
    0x00, 0x00, 0x00, 0x07, 0x00, 0x00, 0x00, 0x07, 0x00, 0x00, 0x00, 0x0A, 0x00, 0x00, 0x00, 0x00,
    0x00, 0x00, 0x00, 0x00, 0x00, 0x00, 0x00, 0x69, 0x00, 0x00, 0x00, 0x0A, 0x00, 0x00, 0x00, 0x05,
    0x00, 0x00, 0x00, 0x07, 0x00, 0x00, 0x00, 0x0A, 0x00, 0x00, 0x00, 0x01, 0x00, 0x00, 0x00, 0x00,
    0x00, 0x00, 0x00, 0x6A, 0x00, 0x00, 0x00, 0x0D, 0x00, 0x00, 0x00, 0x06, 0x00, 0x00, 0x00, 0x07,
    0x00, 0x00, 0x00, 0x0A, 0x00, 0x00, 0x00, 0x00, 0x00, 0x00, 0x00, 0x00, 0x00, 0x00, 0x00, 0x6B,
    0x00, 0x00, 0x00, 0x0A, 0x00, 0x00, 0x00, 0x07, 0x00, 0x00, 0x00, 0x07, 0x00, 0x00, 0x00, 0x0A,
    0x00, 0x00, 0x00, 0x00, 0x00, 0x00, 0x00, 0x00, 0x00, 0x00, 0x00, 0x6C, 0x00, 0x00, 0x00, 0x0A,
    0x00, 0x00, 0x00, 0x05, 0x00, 0x00, 0x00, 0x07, 0x00, 0x00, 0x00, 0x0A, 0x00, 0x00, 0x00, 0x01,
    0x00, 0x00, 0x00, 0x00, 0x00, 0x00, 0x00, 0x6D, 0x00, 0x00, 0x00, 0x07, 0x00, 0x00, 0x00, 0x07,
    0x00, 0x00, 0x00, 0x07, 0x00, 0x00, 0x00, 0x07, 0x00, 0x00, 0x00, 0x00, 0x00, 0x00, 0x00, 0x00,
    0x00, 0x00, 0x00, 0x6E, 0x00, 0x00, 0x00, 0x07, 0x00, 0x00, 0x00, 0x07, 0x00, 0x00, 0x00, 0x07,
    0x00, 0x00, 0x00, 0x07, 0x00, 0x00, 0x00, 0x00, 0x00, 0x00, 0x00, 0x00, 0x00, 0x00, 0x00, 0x6F,
    0x00, 0x00, 0x00, 0x07, 0x00, 0x00, 0x00, 0x07, 0x00, 0x00, 0x00, 0x07, 0x00, 0x00, 0x00, 0x07,
    0x00, 0x00, 0x00, 0x00, 0x00, 0x00, 0x00, 0x00, 0x00, 0x00, 0x00, 0x70, 0x00, 0x00, 0x00, 0x0A,
    0x00, 0x00, 0x00, 0x07, 0x00, 0x00, 0x00, 0x07, 0x00, 0x00, 0x00, 0x07, 0x00, 0x00, 0x00, 0x00,
    0x00, 0x00, 0x00, 0x00, 0x00, 0x00, 0x00, 0x71, 0x00, 0x00, 0x00, 0x0A, 0x00, 0x00, 0x00, 0x07,
    0x00, 0x00, 0x00, 0x07, 0x00, 0x00, 0x00, 0x07, 0x00, 0x00, 0x00, 0x00, 0x00, 0x00, 0x00, 0x00,
    0x00, 0x00, 0x00, 0x72, 0x00, 0x00, 0x00, 0x07, 0x00, 0x00, 0x00, 0x06, 0x00, 0x00, 0x00, 0x07,
    0x00, 0x00, 0x00, 0x07, 0x00, 0x00, 0x00, 0x01, 0x00, 0x00, 0x00, 0x00, 0x00, 0x00, 0x00, 0x73,
    0x00, 0x00, 0x00, 0x07, 0x00, 0x00, 0x00, 0x07, 0x00, 0x00, 0x00, 0x07, 0x00, 0x00, 0x00, 0x07,
    0x00, 0x00, 0x00, 0x00, 0x00, 0x00, 0x00, 0x00, 0x00, 0x00, 0x00, 0x74, 0x00, 0x00, 0x00, 0x09,
    0x00, 0x00, 0x00, 0x06, 0x00, 0x00, 0x00, 0x07, 0x00, 0x00, 0x00, 0x09, 0x00, 0x00, 0x00, 0x01,
    0x00, 0x00, 0x00, 0x00, 0x00, 0x00, 0x00, 0x75, 0x00, 0x00, 0x00, 0x07, 0x00, 0x00, 0x00, 0x07,
    0x00, 0x00, 0x00, 0x07, 0x00, 0x00, 0x00, 0x07, 0x00, 0x00, 0x00, 0x00, 0x00, 0x00, 0x00, 0x00,
    0x00, 0x00, 0x00, 0x76, 0x00, 0x00, 0x00, 0x07, 0x00, 0x00, 0x00, 0x06, 0x00, 0x00, 0x00, 0x07,
    0x00, 0x00, 0x00, 0x07, 0x00, 0x00, 0x00, 0x01, 0x00, 0x00, 0x00, 0x00, 0x00, 0x00, 0x00, 0x77,
    0x00, 0x00, 0x00, 0x07, 0x00, 0x00, 0x00, 0x07, 0x00, 0x00, 0x00, 0x07, 0x00, 0x00, 0x00, 0x07,
    0x00, 0x00, 0x00, 0x00, 0x00, 0x00, 0x00, 0x00, 0x00, 0x00, 0x00, 0x78, 0x00, 0x00, 0x00, 0x07,
    0x00, 0x00, 0x00, 0x07, 0x00, 0x00, 0x00, 0x07, 0x00, 0x00, 0x00, 0x07, 0x00, 0x00, 0x00, 0x00,
    0x00, 0x00, 0x00, 0x00, 0x00, 0x00, 0x00, 0x79, 0x00, 0x00, 0x00, 0x0A, 0x00, 0x00, 0x00, 0x07,
    0x00, 0x00, 0x00, 0x07, 0x00, 0x00, 0x00, 0x07, 0x00, 0x00, 0x00, 0x00, 0x00, 0x00, 0x00, 0x00,
    0x00, 0x00, 0x00, 0x7A, 0x00, 0x00, 0x00, 0x07, 0x00, 0x00, 0x00, 0x07, 0x00, 0x00, 0x00, 0x07,
    0x00, 0x00, 0x00, 0x07, 0x00, 0x00, 0x00, 0x00, 0x00, 0x00, 0x00, 0x00, 0x00, 0x00, 0x00, 0x7B,
    0x00, 0x00, 0x00, 0x0C, 0x00, 0x00, 0x00, 0x07, 0x00, 0x00, 0x00, 0x07, 0x00, 0x00, 0x00, 0x0A,
    0x00, 0x00, 0x00, 0x00, 0x00, 0x00, 0x00, 0x00, 0x00, 0x00, 0x00, 0x7C, 0x00, 0x00, 0x00, 0x0D,
    0x00, 0x00, 0x00, 0x02, 0x00, 0x00, 0x00, 0x07, 0x00, 0x00, 0x00, 0x0A, 0x00, 0x00, 0x00, 0x03,
    0x00, 0x00, 0x00, 0x00, 0x00, 0x00, 0x00, 0x7D, 0x00, 0x00, 0x00, 0x0C, 0x00, 0x00, 0x00, 0x07,
    0x00, 0x00, 0x00, 0x07, 0x00, 0x00, 0x00, 0x0A, 0x00, 0x00, 0x00, 0x00, 0x00, 0x00, 0x00, 0x00,
    0x00, 0x00, 0x00, 0x7E, 0x00, 0x00, 0x00, 0x03, 0x00, 0x00, 0x00, 0x07, 0x00, 0x00, 0x00, 0x07,
    0x00, 0x00, 0x00, 0x05, 0x00, 0x00, 0x00, 0x00, 0x00, 0x00, 0x00, 0x00, 0x00, 0x00, 0x00, 0xA0,
    0x00, 0x00, 0x00, 0x00, 0x00, 0x00, 0x00, 0x00, 0x00, 0x00, 0x00, 0x07, 0x00, 0x00, 0x00, 0x00,
    0x00, 0x00, 0x00, 0x00, 0x00, 0x00, 0x00, 0x00, 0x00, 0x00, 0x00, 0xA1, 0x00, 0x00, 0x00, 0x0A,
    0x00, 0x00, 0x00, 0x04, 0x00, 0x00, 0x00, 0x07, 0x00, 0x00, 0x00, 0x0A, 0x00, 0x00, 0x00, 0x02,
    0x00, 0x00, 0x00, 0x00, 0x00, 0x00, 0x00, 0xA2, 0x00, 0x00, 0x00, 0x0B, 0x00, 0x00, 0x00, 0x07,
    0x00, 0x00, 0x00, 0x07, 0x00, 0x00, 0x00, 0x09, 0x00, 0x00, 0x00, 0x00, 0x00, 0x00, 0x00, 0x00,
    0x00, 0x00, 0x00, 0xA3, 0x00, 0x00, 0x00, 0x09, 0x00, 0x00, 0x00, 0x07, 0x00, 0x00, 0x00, 0x07,
    0x00, 0x00, 0x00, 0x09, 0x00, 0x00, 0x00, 0x00, 0x00, 0x00, 0x00, 0x00, 0x00, 0x00, 0x00, 0xA4,
    0x00, 0x00, 0x00, 0x06, 0x00, 0x00, 0x00, 0x06, 0x00, 0x00, 0x00, 0x07, 0x00, 0x00, 0x00, 0x07,
    0x00, 0x00, 0x00, 0x01, 0x00, 0x00, 0x00, 0x00, 0x00, 0x00, 0x00, 0xA5, 0x00, 0x00, 0x00, 0x09,
    0x00, 0x00, 0x00, 0x07, 0x00, 0x00, 0x00, 0x07, 0x00, 0x00, 0x00, 0x09, 0x00, 0x00, 0x00, 0x00,
    0x00, 0x00, 0x00, 0x00, 0x00, 0x00, 0x00, 0xA6, 0x00, 0x00, 0x00, 0x0B, 0x00, 0x00, 0x00, 0x02,
    0x00, 0x00, 0x00, 0x07, 0x00, 0x00, 0x00, 0x09, 0x00, 0x00, 0x00, 0x03, 0x00, 0x00, 0x00, 0x00,
    0x00, 0x00, 0x00, 0xA7, 0x00, 0x00, 0x00, 0x0B, 0x00, 0x00, 0x00, 0x07, 0x00, 0x00, 0x00, 0x07,
    0x00, 0x00, 0x00, 0x09, 0x00, 0x00, 0x00, 0x00, 0x00, 0x00, 0x00, 0x00, 0x00, 0x00, 0x00, 0xA8,
    0x00, 0x00, 0x00, 0x03, 0x00, 0x00, 0x00, 0x05, 0x00, 0x00, 0x00, 0x07, 0x00, 0x00, 0x00, 0x0A,
    0x00, 0x00, 0x00, 0x02, 0x00, 0x00, 0x00, 0x00, 0x00, 0x00, 0x00, 0xA9, 0x00, 0x00, 0x00, 0x08,
    0x00, 0x00, 0x00, 0x07, 0x00, 0x00, 0x00, 0x07, 0x00, 0x00, 0x00, 0x09, 0x00, 0x00, 0x00, 0x00,
    0x00, 0x00, 0x00, 0x00, 0x00, 0x00, 0x00, 0xAA, 0x00, 0x00, 0x00, 0x07, 0x00, 0x00, 0x00, 0x06,
    0x00, 0x00, 0x00, 0x07, 0x00, 0x00, 0x00, 0x0A, 0x00, 0x00, 0x00, 0x01, 0x00, 0x00, 0x00, 0x00,
    0x00, 0x00, 0x00, 0xAB, 0x00, 0x00, 0x00, 0x07, 0x00, 0x00, 0x00, 0x07, 0x00, 0x00, 0x00, 0x07,
    0x00, 0x00, 0x00, 0x07, 0x00, 0x00, 0x00, 0x00, 0x00, 0x00, 0x00, 0x00, 0x00, 0x00, 0x00, 0xAC,
    0x00, 0x00, 0x00, 0x04, 0x00, 0x00, 0x00, 0x07, 0x00, 0x00, 0x00, 0x07, 0x00, 0x00, 0x00, 0x05,
    0x00, 0x00, 0x00, 0x00, 0x00, 0x00, 0x00, 0x00, 0x00, 0x00, 0x00, 0xAD, 0x00, 0x00, 0x00, 0x01,
    0x00, 0x00, 0x00, 0x05, 0x00, 0x00, 0x00, 0x07, 0x00, 0x00, 0x00, 0x04, 0x00, 0x00, 0x00, 0x01,
    0x00, 0x00, 0x00, 0x00, 0x00, 0x00, 0x00, 0xAE, 0x00, 0x00, 0x00, 0x08, 0x00, 0x00, 0x00, 0x07,
    0x00, 0x00, 0x00, 0x07, 0x00, 0x00, 0x00, 0x09, 0x00, 0x00, 0x00, 0x00, 0x00, 0x00, 0x00, 0x00,
    0x00, 0x00, 0x00, 0xAF, 0x00, 0x00, 0x00, 0x01, 0x00, 0x00, 0x00, 0x05, 0x00, 0x00, 0x00, 0x07,
    0x00, 0x00, 0x00, 0x09, 0x00, 0x00, 0x00, 0x02, 0x00, 0x00, 0x00, 0x00, 0x00, 0x00, 0x00, 0xB0,
    0x00, 0x00, 0x00, 0x04, 0x00, 0x00, 0x00, 0x05, 0x00, 0x00, 0x00, 0x07, 0x00, 0x00, 0x00, 0x09,
    0x00, 0x00, 0x00, 0x01, 0x00, 0x00, 0x00, 0x00, 0x00, 0x00, 0x00, 0xB1, 0x00, 0x00, 0x00, 0x08,
    0x00, 0x00, 0x00, 0x07, 0x00, 0x00, 0x00, 0x07, 0x00, 0x00, 0x00, 0x08, 0x00, 0x00, 0x00, 0x00,
    0x00, 0x00, 0x00, 0x00, 0x00, 0x00, 0x00, 0xB2, 0x00, 0x00, 0x00, 0x05, 0x00, 0x00, 0x00, 0x05,
    0x00, 0x00, 0x00, 0x07, 0x00, 0x00, 0x00, 0x0C, 0x00, 0x00, 0x00, 0x01, 0x00, 0x00, 0x00, 0x00,
    0x00, 0x00, 0x00, 0xB3, 0x00, 0x00, 0x00, 0x05, 0x00, 0x00, 0x00, 0x05, 0x00, 0x00, 0x00, 0x07,
    0x00, 0x00, 0x00, 0x0C, 0x00, 0x00, 0x00, 0x01, 0x00, 0x00, 0x00, 0x00, 0x00, 0x00, 0x00, 0xB4,
    0x00, 0x00, 0x00, 0x03, 0x00, 0x00, 0x00, 0x04, 0x00, 0x00, 0x00, 0x07, 0x00, 0x00, 0x00, 0x0B,
    0x00, 0x00, 0x00, 0x03, 0x00, 0x00, 0x00, 0x00, 0x00, 0x00, 0x00, 0xB5, 0x00, 0x00, 0x00, 0x0A,
    0x00, 0x00, 0x00, 0x07, 0x00, 0x00, 0x00, 0x07, 0x00, 0x00, 0x00, 0x07, 0x00, 0x00, 0x00, 0x00,
    0x00, 0x00, 0x00, 0x00, 0x00, 0x00, 0x00, 0xB6, 0x00, 0x00, 0x00, 0x0B, 0x00, 0x00, 0x00, 0x07,
    0x00, 0x00, 0x00, 0x07, 0x00, 0x00, 0x00, 0x09, 0x00, 0x00, 0x00, 0x00, 0x00, 0x00, 0x00, 0x00,
    0x00, 0x00, 0x00, 0xB7, 0x00, 0x00, 0x00, 0x03, 0x00, 0x00, 0x00, 0x03, 0x00, 0x00, 0x00, 0x07,
    0x00, 0x00, 0x00, 0x07, 0x00, 0x00, 0x00, 0x02, 0x00, 0x00, 0x00, 0x00, 0x00, 0x00, 0x00, 0xB8,
    0x00, 0x00, 0x00, 0x03, 0x00, 0x00, 0x00, 0x03, 0x00, 0x00, 0x00, 0x07, 0x00, 0x00, 0x00, 0x00,
    0x00, 0x00, 0x00, 0x01, 0x00, 0x00, 0x00, 0x00, 0x00, 0x00, 0x00, 0xB9, 0x00, 0x00, 0x00, 0x05,
    0x00, 0x00, 0x00, 0x04, 0x00, 0x00, 0x00, 0x07, 0x00, 0x00, 0x00, 0x0C, 0x00, 0x00, 0x00, 0x02,
    0x00, 0x00, 0x00, 0x00, 0x00, 0x00, 0x00, 0xBA, 0x00, 0x00, 0x00, 0x06, 0x00, 0x00, 0x00, 0x06,
    0x00, 0x00, 0x00, 0x07, 0x00, 0x00, 0x00, 0x09, 0x00, 0x00, 0x00, 0x01, 0x00, 0x00, 0x00, 0x00,
    0x00, 0x00, 0x00, 0xBB, 0x00, 0x00, 0x00, 0x07, 0x00, 0x00, 0x00, 0x07, 0x00, 0x00, 0x00, 0x07,
    0x00, 0x00, 0x00, 0x07, 0x00, 0x00, 0x00, 0x00, 0x00, 0x00, 0x00, 0x00, 0x00, 0x00, 0x00, 0xBC,
    0x00, 0x00, 0x00, 0x0C, 0x00, 0x00, 0x00, 0x07, 0x00, 0x00, 0x00, 0x07, 0x00, 0x00, 0x00, 0x0A,
    0x00, 0x00, 0x00, 0x00, 0x00, 0x00, 0x00, 0x00, 0x00, 0x00, 0x00, 0xBD, 0x00, 0x00, 0x00, 0x0D,
    0x00, 0x00, 0x00, 0x07, 0x00, 0x00, 0x00, 0x07, 0x00, 0x00, 0x00, 0x0B, 0x00, 0x00, 0x00, 0x00,
    0x00, 0x00, 0x00, 0x00, 0x00, 0x00, 0x00, 0xBE, 0x00, 0x00, 0x00, 0x0C, 0x00, 0x00, 0x00, 0x07,
    0x00, 0x00, 0x00, 0x07, 0x00, 0x00, 0x00, 0x0A, 0x00, 0x00, 0x00, 0x00, 0x00, 0x00, 0x00, 0x00,
    0x00, 0x00, 0x00, 0xBF, 0x00, 0x00, 0x00, 0x0A, 0x00, 0x00, 0x00, 0x06, 0x00, 0x00, 0x00, 0x07,
    0x00, 0x00, 0x00, 0x0A, 0x00, 0x00, 0x00, 0x00, 0x00, 0x00, 0x00, 0x00, 0x00, 0x00, 0x00, 0xC0,
    0x00, 0x00, 0x00, 0x0C, 0x00, 0x00, 0x00, 0x07, 0x00, 0x00, 0x00, 0x07, 0x00, 0x00, 0x00, 0x0C,
    0x00, 0x00, 0x00, 0x00, 0x00, 0x00, 0x00, 0x00, 0x00, 0x00, 0x00, 0xC1, 0x00, 0x00, 0x00, 0x0C,
    0x00, 0x00, 0x00, 0x07, 0x00, 0x00, 0x00, 0x07, 0x00, 0x00, 0x00, 0x0C, 0x00, 0x00, 0x00, 0x00,
    0x00, 0x00, 0x00, 0x00, 0x00, 0x00, 0x00, 0xC2, 0x00, 0x00, 0x00, 0x0C, 0x00, 0x00, 0x00, 0x07,
    0x00, 0x00, 0x00, 0x07, 0x00, 0x00, 0x00, 0x0C, 0x00, 0x00, 0x00, 0x00, 0x00, 0x00, 0x00, 0x00,
    0x00, 0x00, 0x00, 0xC3, 0x00, 0x00, 0x00, 0x0C, 0x00, 0x00, 0x00, 0x07, 0x00, 0x00, 0x00, 0x07,
    0x00, 0x00, 0x00, 0x0C, 0x00, 0x00, 0x00, 0x00, 0x00, 0x00, 0x00, 0x00, 0x00, 0x00, 0x00, 0xC4,
    0x00, 0x00, 0x00, 0x0C, 0x00, 0x00, 0x00, 0x07, 0x00, 0x00, 0x00, 0x07, 0x00, 0x00, 0x00, 0x0C,
    0x00, 0x00, 0x00, 0x00, 0x00, 0x00, 0x00, 0x00, 0x00, 0x00, 0x00, 0xC5, 0x00, 0x00, 0x00, 0x0C,
    0x00, 0x00, 0x00, 0x07, 0x00, 0x00, 0x00, 0x07, 0x00, 0x00, 0x00, 0x0C, 0x00, 0x00, 0x00, 0x00,
    0x00, 0x00, 0x00, 0x00, 0x00, 0x00, 0x00, 0xC6, 0x00, 0x00, 0x00, 0x09, 0x00, 0x00, 0x00, 0x07,
    0x00, 0x00, 0x00, 0x07, 0x00, 0x00, 0x00, 0x09, 0x00, 0x00, 0x00, 0x00, 0x00, 0x00, 0x00, 0x00,
    0x00, 0x00, 0x00, 0xC7, 0x00, 0x00, 0x00, 0x0B, 0x00, 0x00, 0x00, 0x07, 0x00, 0x00, 0x00, 0x07,
    0x00, 0x00, 0x00, 0x09, 0x00, 0x00, 0x00, 0x00, 0x00, 0x00, 0x00, 0x00, 0x00, 0x00, 0x00, 0xC8,
    0x00, 0x00, 0x00, 0x0C, 0x00, 0x00, 0x00, 0x07, 0x00, 0x00, 0x00, 0x07, 0x00, 0x00, 0x00, 0x0C,
    0x00, 0x00, 0x00, 0x00, 0x00, 0x00, 0x00, 0x00, 0x00, 0x00, 0x00, 0xC9, 0x00, 0x00, 0x00, 0x0C,
    0x00, 0x00, 0x00, 0x07, 0x00, 0x00, 0x00, 0x07, 0x00, 0x00, 0x00, 0x0C, 0x00, 0x00, 0x00, 0x00,
    0x00, 0x00, 0x00, 0x00, 0x00, 0x00, 0x00, 0xCA, 0x00, 0x00, 0x00, 0x0C, 0x00, 0x00, 0x00, 0x07,
    0x00, 0x00, 0x00, 0x07, 0x00, 0x00, 0x00, 0x0C, 0x00, 0x00, 0x00, 0x00, 0x00, 0x00, 0x00, 0x00,
    0x00, 0x00, 0x00, 0xCB, 0x00, 0x00, 0x00, 0x0C, 0x00, 0x00, 0x00, 0x07, 0x00, 0x00, 0x00, 0x07,
    0x00, 0x00, 0x00, 0x0C, 0x00, 0x00, 0x00, 0x00, 0x00, 0x00, 0x00, 0x00, 0x00, 0x00, 0x00, 0xCC,
    0x00, 0x00, 0x00, 0x0C, 0x00, 0x00, 0x00, 0x07, 0x00, 0x00, 0x00, 0x07, 0x00, 0x00, 0x00, 0x0C,
    0x00, 0x00, 0x00, 0x00, 0x00, 0x00, 0x00, 0x00, 0x00, 0x00, 0x00, 0xCD, 0x00, 0x00, 0x00, 0x0C,
    0x00, 0x00, 0x00, 0x07, 0x00, 0x00, 0x00, 0x07, 0x00, 0x00, 0x00, 0x0C, 0x00, 0x00, 0x00, 0x00,
    0x00, 0x00, 0x00, 0x00, 0x00, 0x00, 0x00, 0xCE, 0x00, 0x00, 0x00, 0x0C, 0x00, 0x00, 0x00, 0x07,
    0x00, 0x00, 0x00, 0x07, 0x00, 0x00, 0x00, 0x0C, 0x00, 0x00, 0x00, 0x00, 0x00, 0x00, 0x00, 0x00,
    0x00, 0x00, 0x00, 0xCF, 0x00, 0x00, 0x00, 0x0C, 0x00, 0x00, 0x00, 0x07, 0x00, 0x00, 0x00, 0x07,
    0x00, 0x00, 0x00, 0x0C, 0x00, 0x00, 0x00, 0x00, 0x00, 0x00, 0x00, 0x00, 0x00, 0x00, 0x00, 0xD0,
    0x00, 0x00, 0x00, 0x09, 0x00, 0x00, 0x00, 0x07, 0x00, 0x00, 0x00, 0x07, 0x00, 0x00, 0x00, 0x09,
    0x00, 0x00, 0x00, 0x00, 0x00, 0x00, 0x00, 0x00, 0x00, 0x00, 0x00, 0xD1, 0x00, 0x00, 0x00, 0x0C,
    0x00, 0x00, 0x00, 0x07, 0x00, 0x00, 0x00, 0x07, 0x00, 0x00, 0x00, 0x0C, 0x00, 0x00, 0x00, 0x00,
    0x00, 0x00, 0x00, 0x00, 0x00, 0x00, 0x00, 0xD2, 0x00, 0x00, 0x00, 0x0C, 0x00, 0x00, 0x00, 0x07,
    0x00, 0x00, 0x00, 0x07, 0x00, 0x00, 0x00, 0x0C, 0x00, 0x00, 0x00, 0x00, 0x00, 0x00, 0x00, 0x00,
    0x00, 0x00, 0x00, 0xD3, 0x00, 0x00, 0x00, 0x0C, 0x00, 0x00, 0x00, 0x07, 0x00, 0x00, 0x00, 0x07,
    0x00, 0x00, 0x00, 0x0C, 0x00, 0x00, 0x00, 0x00, 0x00, 0x00, 0x00, 0x00, 0x00, 0x00, 0x00, 0xD4,
    0x00, 0x00, 0x00, 0x0C, 0x00, 0x00, 0x00, 0x07, 0x00, 0x00, 0x00, 0x07, 0x00, 0x00, 0x00, 0x0C,
    0x00, 0x00, 0x00, 0x00, 0x00, 0x00, 0x00, 0x00, 0x00, 0x00, 0x00, 0xD5, 0x00, 0x00, 0x00, 0x0C,
    0x00, 0x00, 0x00, 0x07, 0x00, 0x00, 0x00, 0x07, 0x00, 0x00, 0x00, 0x0C, 0x00, 0x00, 0x00, 0x00,
    0x00, 0x00, 0x00, 0x00, 0x00, 0x00, 0x00, 0xD6, 0x00, 0x00, 0x00, 0x0C, 0x00, 0x00, 0x00, 0x07,
    0x00, 0x00, 0x00, 0x07, 0x00, 0x00, 0x00, 0x0C, 0x00, 0x00, 0x00, 0x00, 0x00, 0x00, 0x00, 0x00,
    0x00, 0x00, 0x00, 0xD7, 0x00, 0x00, 0x00, 0x06, 0x00, 0x00, 0x00, 0x07, 0x00, 0x00, 0x00, 0x07,
    0x00, 0x00, 0x00, 0x07, 0x00, 0x00, 0x00, 0x00, 0x00, 0x00, 0x00, 0x00, 0x00, 0x00, 0x00, 0xD8,
    0x00, 0x00, 0x00, 0x0B, 0x00, 0x00, 0x00, 0x07, 0x00, 0x00, 0x00, 0x07, 0x00, 0x00, 0x00, 0x0A,
    0x00, 0x00, 0x00, 0x00, 0x00, 0x00, 0x00, 0x00, 0x00, 0x00, 0x00, 0xD9, 0x00, 0x00, 0x00, 0x0C,
    0x00, 0x00, 0x00, 0x07, 0x00, 0x00, 0x00, 0x07, 0x00, 0x00, 0x00, 0x0C, 0x00, 0x00, 0x00, 0x00,
    0x00, 0x00, 0x00, 0x00, 0x00, 0x00, 0x00, 0xDA, 0x00, 0x00, 0x00, 0x0C, 0x00, 0x00, 0x00, 0x07,
    0x00, 0x00, 0x00, 0x07, 0x00, 0x00, 0x00, 0x0C, 0x00, 0x00, 0x00, 0x00, 0x00, 0x00, 0x00, 0x00,
    0x00, 0x00, 0x00, 0xDB, 0x00, 0x00, 0x00, 0x0C, 0x00, 0x00, 0x00, 0x07, 0x00, 0x00, 0x00, 0x07,
    0x00, 0x00, 0x00, 0x0C, 0x00, 0x00, 0x00, 0x00, 0x00, 0x00, 0x00, 0x00, 0x00, 0x00, 0x00, 0xDC,
    0x00, 0x00, 0x00, 0x0C, 0x00, 0x00, 0x00, 0x07, 0x00, 0x00, 0x00, 0x07, 0x00, 0x00, 0x00, 0x0C,
    0x00, 0x00, 0x00, 0x00, 0x00, 0x00, 0x00, 0x00, 0x00, 0x00, 0x00, 0xDD, 0x00, 0x00, 0x00, 0x0C,
    0x00, 0x00, 0x00, 0x06, 0x00, 0x00, 0x00, 0x07, 0x00, 0x00, 0x00, 0x0C, 0x00, 0x00, 0x00, 0x01,
    0x00, 0x00, 0x00, 0x00, 0x00, 0x00, 0x00, 0xDE, 0x00, 0x00, 0x00, 0x09, 0x00, 0x00, 0x00, 0x07,
    0x00, 0x00, 0x00, 0x07, 0x00, 0x00, 0x00, 0x09, 0x00, 0x00, 0x00, 0x00, 0x00, 0x00, 0x00, 0x00,
    0x00, 0x00, 0x00, 0xDF, 0x00, 0x00, 0x00, 0x0A, 0x00, 0x00, 0x00, 0x07, 0x00, 0x00, 0x00, 0x07,
    0x00, 0x00, 0x00, 0x0A, 0x00, 0x00, 0x00, 0x00, 0x00, 0x00, 0x00, 0x00, 0x00, 0x00, 0x00, 0xE0,
    0x00, 0x00, 0x00, 0x0B, 0x00, 0x00, 0x00, 0x07, 0x00, 0x00, 0x00, 0x07, 0x00, 0x00, 0x00, 0x0B,
    0x00, 0x00, 0x00, 0x00, 0x00, 0x00, 0x00, 0x00, 0x00, 0x00, 0x00, 0xE1, 0x00, 0x00, 0x00, 0x0B,
    0x00, 0x00, 0x00, 0x07, 0x00, 0x00, 0x00, 0x07, 0x00, 0x00, 0x00, 0x0B, 0x00, 0x00, 0x00, 0x00,
    0x00, 0x00, 0x00, 0x00, 0x00, 0x00, 0x00, 0xE2, 0x00, 0x00, 0x00, 0x0B, 0x00, 0x00, 0x00, 0x07,
    0x00, 0x00, 0x00, 0x07, 0x00, 0x00, 0x00, 0x0B, 0x00, 0x00, 0x00, 0x00, 0x00, 0x00, 0x00, 0x00,
    0x00, 0x00, 0x00, 0xE3, 0x00, 0x00, 0x00, 0x0A, 0x00, 0x00, 0x00, 0x07, 0x00, 0x00, 0x00, 0x07,
    0x00, 0x00, 0x00, 0x0A, 0x00, 0x00, 0x00, 0x00, 0x00, 0x00, 0x00, 0x00, 0x00, 0x00, 0x00, 0xE4,
    0x00, 0x00, 0x00, 0x0A, 0x00, 0x00, 0x00, 0x07, 0x00, 0x00, 0x00, 0x07, 0x00, 0x00, 0x00, 0x0A,
    0x00, 0x00, 0x00, 0x00, 0x00, 0x00, 0x00, 0x00, 0x00, 0x00, 0x00, 0xE5, 0x00, 0x00, 0x00, 0x0C,
    0x00, 0x00, 0x00, 0x07, 0x00, 0x00, 0x00, 0x07, 0x00, 0x00, 0x00, 0x0C, 0x00, 0x00, 0x00, 0x00,
    0x00, 0x00, 0x00, 0x00, 0x00, 0x00, 0x00, 0xE6, 0x00, 0x00, 0x00, 0x07, 0x00, 0x00, 0x00, 0x07,
    0x00, 0x00, 0x00, 0x07, 0x00, 0x00, 0x00, 0x07, 0x00, 0x00, 0x00, 0x00, 0x00, 0x00, 0x00, 0x00,
    0x00, 0x00, 0x00, 0xE7, 0x00, 0x00, 0x00, 0x09, 0x00, 0x00, 0x00, 0x07, 0x00, 0x00, 0x00, 0x07,
    0x00, 0x00, 0x00, 0x07, 0x00, 0x00, 0x00, 0x00, 0x00, 0x00, 0x00, 0x00, 0x00, 0x00, 0x00, 0xE8,
    0x00, 0x00, 0x00, 0x0B, 0x00, 0x00, 0x00, 0x07, 0x00, 0x00, 0x00, 0x07, 0x00, 0x00, 0x00, 0x0B,
    0x00, 0x00, 0x00, 0x00, 0x00, 0x00, 0x00, 0x00, 0x00, 0x00, 0x00, 0xE9, 0x00, 0x00, 0x00, 0x0B,
    0x00, 0x00, 0x00, 0x07, 0x00, 0x00, 0x00, 0x07, 0x00, 0x00, 0x00, 0x0B, 0x00, 0x00, 0x00, 0x00,
    0x00, 0x00, 0x00, 0x00, 0x00, 0x00, 0x00, 0xEA, 0x00, 0x00, 0x00, 0x0B, 0x00, 0x00, 0x00, 0x07,
    0x00, 0x00, 0x00, 0x07, 0x00, 0x00, 0x00, 0x0B, 0x00, 0x00, 0x00, 0x00, 0x00, 0x00, 0x00, 0x00,
    0x00, 0x00, 0x00, 0xEB, 0x00, 0x00, 0x00, 0x0A, 0x00, 0x00, 0x00, 0x07, 0x00, 0x00, 0x00, 0x07,
    0x00, 0x00, 0x00, 0x0A, 0x00, 0x00, 0x00, 0x00, 0x00, 0x00, 0x00, 0x00, 0x00, 0x00, 0x00, 0xEC,
    0x00, 0x00, 0x00, 0x0A, 0x00, 0x00, 0x00, 0x05, 0x00, 0x00, 0x00, 0x07, 0x00, 0x00, 0x00, 0x0A,
    0x00, 0x00, 0x00, 0x01, 0x00, 0x00, 0x00, 0x00, 0x00, 0x00, 0x00, 0xED, 0x00, 0x00, 0x00, 0x0B,
    0x00, 0x00, 0x00, 0x06, 0x00, 0x00, 0x00, 0x07, 0x00, 0x00, 0x00, 0x0B, 0x00, 0x00, 0x00, 0x01,
    0x00, 0x00, 0x00, 0x00, 0x00, 0x00, 0x00, 0xEE, 0x00, 0x00, 0x00, 0x0B, 0x00, 0x00, 0x00, 0x05,
    0x00, 0x00, 0x00, 0x07, 0x00, 0x00, 0x00, 0x0B, 0x00, 0x00, 0x00, 0x01, 0x00, 0x00, 0x00, 0x00,
    0x00, 0x00, 0x00, 0xEF, 0x00, 0x00, 0x00, 0x0A, 0x00, 0x00, 0x00, 0x05, 0x00, 0x00, 0x00, 0x07,
    0x00, 0x00, 0x00, 0x0A, 0x00, 0x00, 0x00, 0x01, 0x00, 0x00, 0x00, 0x00, 0x00, 0x00, 0x00, 0xF0,
    0x00, 0x00, 0x00, 0x0A, 0x00, 0x00, 0x00, 0x07, 0x00, 0x00, 0x00, 0x07, 0x00, 0x00, 0x00, 0x0A,
    0x00, 0x00, 0x00, 0x00, 0x00, 0x00, 0x00, 0x00, 0x00, 0x00, 0x00, 0xF1, 0x00, 0x00, 0x00, 0x0A,
    0x00, 0x00, 0x00, 0x07, 0x00, 0x00, 0x00, 0x07, 0x00, 0x00, 0x00, 0x0A, 0x00, 0x00, 0x00, 0x00,
    0x00, 0x00, 0x00, 0x00, 0x00, 0x00, 0x00, 0xF2, 0x00, 0x00, 0x00, 0x0B, 0x00, 0x00, 0x00, 0x07,
    0x00, 0x00, 0x00, 0x07, 0x00, 0x00, 0x00, 0x0B, 0x00, 0x00, 0x00, 0x00, 0x00, 0x00, 0x00, 0x00,
    0x00, 0x00, 0x00, 0xF3, 0x00, 0x00, 0x00, 0x0B, 0x00, 0x00, 0x00, 0x07, 0x00, 0x00, 0x00, 0x07,
    0x00, 0x00, 0x00, 0x0B, 0x00, 0x00, 0x00, 0x00, 0x00, 0x00, 0x00, 0x00, 0x00, 0x00, 0x00, 0xF4,
    0x00, 0x00, 0x00, 0x0B, 0x00, 0x00, 0x00, 0x07, 0x00, 0x00, 0x00, 0x07, 0x00, 0x00, 0x00, 0x0B,
    0x00, 0x00, 0x00, 0x00, 0x00, 0x00, 0x00, 0x00, 0x00, 0x00, 0x00, 0xF5, 0x00, 0x00, 0x00, 0x0A,
    0x00, 0x00, 0x00, 0x07, 0x00, 0x00, 0x00, 0x07, 0x00, 0x00, 0x00, 0x0A, 0x00, 0x00, 0x00, 0x00,
    0x00, 0x00, 0x00, 0x00, 0x00, 0x00, 0x00, 0xF6, 0x00, 0x00, 0x00, 0x0A, 0x00, 0x00, 0x00, 0x07,
    0x00, 0x00, 0x00, 0x07, 0x00, 0x00, 0x00, 0x0A, 0x00, 0x00, 0x00, 0x00, 0x00, 0x00, 0x00, 0x00,
    0x00, 0x00, 0x00, 0xF7, 0x00, 0x00, 0x00, 0x07, 0x00, 0x00, 0x00, 0x07, 0x00, 0x00, 0x00, 0x07,
    0x00, 0x00, 0x00, 0x07, 0x00, 0x00, 0x00, 0x00, 0x00, 0x00, 0x00, 0x00, 0x00, 0x00, 0x00, 0xF8,
    0x00, 0x00, 0x00, 0x09, 0x00, 0x00, 0x00, 0x07, 0x00, 0x00, 0x00, 0x07, 0x00, 0x00, 0x00, 0x08,
    0x00, 0x00, 0x00, 0x00, 0x00, 0x00, 0x00, 0x00, 0x00, 0x00, 0x00, 0xF9, 0x00, 0x00, 0x00, 0x0A,
    0x00, 0x00, 0x00, 0x07, 0x00, 0x00, 0x00, 0x07, 0x00, 0x00, 0x00, 0x0A, 0x00, 0x00, 0x00, 0x00,
    0x00, 0x00, 0x00, 0x00, 0x00, 0x00, 0x00, 0xFA, 0x00, 0x00, 0x00, 0x0A, 0x00, 0x00, 0x00, 0x07,
    0x00, 0x00, 0x00, 0x07, 0x00, 0x00, 0x00, 0x0A, 0x00, 0x00, 0x00, 0x00, 0x00, 0x00, 0x00, 0x00,
    0x00, 0x00, 0x00, 0xFB, 0x00, 0x00, 0x00, 0x0A, 0x00, 0x00, 0x00, 0x07, 0x00, 0x00, 0x00, 0x07,
    0x00, 0x00, 0x00, 0x0A, 0x00, 0x00, 0x00, 0x00, 0x00, 0x00, 0x00, 0x00, 0x00, 0x00, 0x00, 0xFC,
    0x00, 0x00, 0x00, 0x0A, 0x00, 0x00, 0x00, 0x07, 0x00, 0x00, 0x00, 0x07, 0x00, 0x00, 0x00, 0x0A,
    0x00, 0x00, 0x00, 0x00, 0x00, 0x00, 0x00, 0x00, 0x00, 0x00, 0x00, 0xFD, 0x00, 0x00, 0x00, 0x0D,
    0x00, 0x00, 0x00, 0x07, 0x00, 0x00, 0x00, 0x07, 0x00, 0x00, 0x00, 0x0A, 0x00, 0x00, 0x00, 0x00,
    0x00, 0x00, 0x00, 0x00, 0x00, 0x00, 0x00, 0xFE, 0x00, 0x00, 0x00, 0x0D, 0x00, 0x00, 0x00, 0x07,
    0x00, 0x00, 0x00, 0x07, 0x00, 0x00, 0x00, 0x0A, 0x00, 0x00, 0x00, 0x00, 0x00, 0x00, 0x00, 0x00,
    0x00, 0x00, 0x00, 0xFF, 0x00, 0x00, 0x00, 0x0D, 0x00, 0x00, 0x00, 0x07, 0x00, 0x00, 0x00, 0x07,
    0x00, 0x00, 0x00, 0x0A, 0x00, 0x00, 0x00, 0x00, 0x00, 0x00, 0x00, 0x00, 0x00, 0x00, 0x20, 0x13,
    0x00, 0x00, 0x00, 0x01, 0x00, 0x00, 0x00, 0x05, 0x00, 0x00, 0x00, 0x07, 0x00, 0x00, 0x00, 0x04,
    0x00, 0x00, 0x00, 0x01, 0x00, 0x00, 0x00, 0x00, 0x00, 0x00, 0x20, 0x14, 0x00, 0x00, 0x00, 0x01,
    0x00, 0x00, 0x00, 0x07, 0x00, 0x00, 0x00, 0x07, 0x00, 0x00, 0x00, 0x04, 0x00, 0x00, 0x00, 0x00,
    0x00, 0x00, 0x00, 0x00, 0x00, 0x00, 0x20, 0x18, 0x00, 0x00, 0x00, 0x04, 0x00, 0x00, 0x00, 0x04,
    0x00, 0x00, 0x00, 0x07, 0x00, 0x00, 0x00, 0x0A, 0x00, 0x00, 0x00, 0x02, 0x00, 0x00, 0x00, 0x00,
    0x00, 0x00, 0x20, 0x19, 0x00, 0x00, 0x00, 0x04, 0x00, 0x00, 0x00, 0x04, 0x00, 0x00, 0x00, 0x07,
    0x00, 0x00, 0x00, 0x0A, 0x00, 0x00, 0x00, 0x02, 0x00, 0x00, 0x00, 0x00, 0x00, 0x00, 0x20, 0x1C,
    0x00, 0x00, 0x00, 0x04, 0x00, 0x00, 0x00, 0x06, 0x00, 0x00, 0x00, 0x07, 0x00, 0x00, 0x00, 0x0A,
    0x00, 0x00, 0x00, 0x01, 0x00, 0x00, 0x00, 0x00, 0x00, 0x00, 0x20, 0x1D, 0x00, 0x00, 0x00, 0x04,
    0x00, 0x00, 0x00, 0x06, 0x00, 0x00, 0x00, 0x07, 0x00, 0x00, 0x00, 0x0A, 0x00, 0x00, 0x00, 0x01,
    0x00, 0x00, 0x00, 0x00, 0x00, 0x00, 0x20, 0x26, 0x00, 0x00, 0x00, 0x02, 0x00, 0x00, 0x00, 0x07,
    0x00, 0x00, 0x00, 0x07, 0x00, 0x00, 0x00, 0x02, 0x00, 0x00, 0x00, 0x00, 0x00, 0x00, 0x00, 0x00,
    0x00, 0x00, 0x20, 0xAC, 0x00, 0x00, 0x00, 0x09, 0x00, 0x00, 0x00, 0x07, 0x00, 0x00, 0x00, 0x07,
    0x00, 0x00, 0x00, 0x09, 0x00, 0x00, 0x00, 0x00, 0x00, 0x00, 0x00, 0x00, 0x00, 0x00, 0x21, 0x90,
    0x00, 0x00, 0x00, 0x05, 0x00, 0x00, 0x00, 0x07, 0x00, 0x00, 0x00, 0x07, 0x00, 0x00, 0x00, 0x06,
    0x00, 0x00, 0x00, 0x00, 0x00, 0x00, 0x00, 0x00, 0x00, 0x00, 0x21, 0x91, 0x00, 0x00, 0x00, 0x07,
    0x00, 0x00, 0x00, 0x05, 0x00, 0x00, 0x00, 0x07, 0x00, 0x00, 0x00, 0x07, 0x00, 0x00, 0x00, 0x01,
    0x00, 0x00, 0x00, 0x00, 0x00, 0x00, 0x21, 0x92, 0x00, 0x00, 0x00, 0x05, 0x00, 0x00, 0x00, 0x07,
    0x00, 0x00, 0x00, 0x07, 0x00, 0x00, 0x00, 0x06, 0x00, 0x00, 0x00, 0x00, 0x00, 0x00, 0x00, 0x00,
    0x00, 0x00, 0x21, 0x93, 0x00, 0x00, 0x00, 0x07, 0x00, 0x00, 0x00, 0x05, 0x00, 0x00, 0x00, 0x07,
    0x00, 0x00, 0x00, 0x07, 0x00, 0x00, 0x00, 0x01, 0x00, 0x00, 0x00, 0x00, 0x00, 0x00, 0x21, 0x94,
    0x00, 0x00, 0x00, 0x05, 0x00, 0x00, 0x00, 0x07, 0x00, 0x00, 0x00, 0x07, 0x00, 0x00, 0x00, 0x06,
    0x00, 0x00, 0x00, 0x00, 0x00, 0x00, 0x00, 0x00, 0x00, 0x00, 0x21, 0x95, 0x00, 0x00, 0x00, 0x07,
    0x00, 0x00, 0x00, 0x05, 0x00, 0x00, 0x00, 0x07, 0x00, 0x00, 0x00, 0x07, 0x00, 0x00, 0x00, 0x01,
    0x00, 0x00, 0x00, 0x00, 0x00, 0x00, 0x21, 0xE9, 0x00, 0x00, 0x00, 0x08, 0x00, 0x00, 0x00, 0x05,
    0x00, 0x00, 0x00, 0x07, 0x00, 0x00, 0x00, 0x07, 0x00, 0x00, 0x00, 0x01, 0x00, 0x00, 0x00, 0x00,
    0x00, 0x00, 0x22, 0x60, 0x00, 0x00, 0x00, 0x08, 0x00, 0x00, 0x00, 0x07, 0x00, 0x00, 0x00, 0x07,
    0x00, 0x00, 0x00, 0x08, 0x00, 0x00, 0x00, 0x00, 0x00, 0x00, 0x00, 0x00, 0x00, 0x00, 0x22, 0x61,
    0x00, 0x00, 0x00, 0x06, 0x00, 0x00, 0x00, 0x07, 0x00, 0x00, 0x00, 0x07, 0x00, 0x00, 0x00, 0x07,
    0x00, 0x00, 0x00, 0x00, 0x00, 0x00, 0x00, 0x00, 0x00, 0x00, 0x22, 0x64, 0x00, 0x00, 0x00, 0x07,
    0x00, 0x00, 0x00, 0x07, 0x00, 0x00, 0x00, 0x07, 0x00, 0x00, 0x00, 0x07, 0x00, 0x00, 0x00, 0x00,
    0x00, 0x00, 0x00, 0x00, 0x00, 0x00, 0x22, 0x65, 0x00, 0x00, 0x00, 0x07, 0x00, 0x00, 0x00, 0x07,
    0x00, 0x00, 0x00, 0x07, 0x00, 0x00, 0x00, 0x07, 0x00, 0x00, 0x00, 0x00, 0x00, 0x00, 0x00, 0x00,
    0x00, 0x00, 0x23, 0x15, 0x00, 0x00, 0x00, 0x06, 0x00, 0x00, 0x00, 0x07, 0x00, 0x00, 0x00, 0x07,
    0x00, 0x00, 0x00, 0x07, 0x00, 0x00, 0x00, 0x00, 0x00, 0x00, 0x00, 0x00, 0x00, 0x00, 0x23, 0xCE,
    0x00, 0x00, 0x00, 0x06, 0x00, 0x00, 0x00, 0x07, 0x00, 0x00, 0x00, 0x07, 0x00, 0x00, 0x00, 0x07,
    0x00, 0x00, 0x00, 0x00, 0x00, 0x00, 0x00, 0x00, 0x00, 0x00, 0x25, 0x00, 0x00, 0x00, 0x00, 0x02,
    0x00, 0x00, 0x00, 0x07, 0x00, 0x00, 0x00, 0x07, 0x00, 0x00, 0x00, 0x05, 0x00, 0x00, 0x00, 0x00,
    0x00, 0x00, 0x00, 0x00, 0x00, 0x00, 0x25, 0x01, 0x00, 0x00, 0x00, 0x03, 0x00, 0x00, 0x00, 0x07,
    0x00, 0x00, 0x00, 0x07, 0x00, 0x00, 0x00, 0x06, 0x00, 0x00, 0x00, 0x00, 0x00, 0x00, 0x00, 0x00,
    0x00, 0x00, 0x25, 0x02, 0x00, 0x00, 0x00, 0x10, 0x00, 0x00, 0x00, 0x02, 0x00, 0x00, 0x00, 0x07,
    0x00, 0x00, 0x00, 0x0C, 0x00, 0x00, 0x00, 0x03, 0x00, 0x00, 0x00, 0x00, 0x00, 0x00, 0x25, 0x03,
    0x00, 0x00, 0x00, 0x10, 0x00, 0x00, 0x00, 0x03, 0x00, 0x00, 0x00, 0x07, 0x00, 0x00, 0x00, 0x0C,
    0x00, 0x00, 0x00, 0x02, 0x00, 0x00, 0x00, 0x00, 0x00, 0x00, 0x25, 0x04, 0x00, 0x00, 0x00, 0x02,
    0x00, 0x00, 0x00, 0x07, 0x00, 0x00, 0x00, 0x07, 0x00, 0x00, 0x00, 0x05, 0x00, 0x00, 0x00, 0x00,
    0x00, 0x00, 0x00, 0x00, 0x00, 0x00, 0x25, 0x05, 0x00, 0x00, 0x00, 0x03, 0x00, 0x00, 0x00, 0x07,
    0x00, 0x00, 0x00, 0x07, 0x00, 0x00, 0x00, 0x06, 0x00, 0x00, 0x00, 0x00, 0x00, 0x00, 0x00, 0x00,
    0x00, 0x00, 0x25, 0x06, 0x00, 0x00, 0x00, 0x0E, 0x00, 0x00, 0x00, 0x02, 0x00, 0x00, 0x00, 0x07,
    0x00, 0x00, 0x00, 0x0B, 0x00, 0x00, 0x00, 0x03, 0x00, 0x00, 0x00, 0x00, 0x00, 0x00, 0x25, 0x07,
    0x00, 0x00, 0x00, 0x0E, 0x00, 0x00, 0x00, 0x03, 0x00, 0x00, 0x00, 0x07, 0x00, 0x00, 0x00, 0x0B,
    0x00, 0x00, 0x00, 0x02, 0x00, 0x00, 0x00, 0x00, 0x00, 0x00, 0x25, 0x08, 0x00, 0x00, 0x00, 0x02,
    0x00, 0x00, 0x00, 0x07, 0x00, 0x00, 0x00, 0x07, 0x00, 0x00, 0x00, 0x05, 0x00, 0x00, 0x00, 0x00,
    0x00, 0x00, 0x00, 0x00, 0x00, 0x00, 0x25, 0x09, 0x00, 0x00, 0x00, 0x03, 0x00, 0x00, 0x00, 0x07,
    0x00, 0x00, 0x00, 0x07, 0x00, 0x00, 0x00, 0x06, 0x00, 0x00, 0x00, 0x00, 0x00, 0x00, 0x00, 0x00,
    0x00, 0x00, 0x25, 0x0A, 0x00, 0x00, 0x00, 0x0E, 0x00, 0x00, 0x00, 0x02, 0x00, 0x00, 0x00, 0x07,
    0x00, 0x00, 0x00, 0x0B, 0x00, 0x00, 0x00, 0x03, 0x00, 0x00, 0x00, 0x00, 0x00, 0x00, 0x25, 0x0B,
    0x00, 0x00, 0x00, 0x0E, 0x00, 0x00, 0x00, 0x03, 0x00, 0x00, 0x00, 0x07, 0x00, 0x00, 0x00, 0x0B,
    0x00, 0x00, 0x00, 0x02, 0x00, 0x00, 0x00, 0x00, 0x00, 0x00, 0x25, 0x0C, 0x00, 0x00, 0x00, 0x08,
    0x00, 0x00, 0x00, 0x04, 0x00, 0x00, 0x00, 0x07, 0x00, 0x00, 0x00, 0x05, 0x00, 0x00, 0x00, 0x03,
    0x00, 0x00, 0x00, 0x00, 0x00, 0x00, 0x25, 0x0D, 0x00, 0x00, 0x00, 0x0A, 0x00, 0x00, 0x00, 0x04,
    0x00, 0x00, 0x00, 0x07, 0x00, 0x00, 0x00, 0x06, 0x00, 0x00, 0x00, 0x03, 0x00, 0x00, 0x00, 0x00,
    0x00, 0x00, 0x25, 0x0E, 0x00, 0x00, 0x00, 0x08, 0x00, 0x00, 0x00, 0x05, 0x00, 0x00, 0x00, 0x07,
    0x00, 0x00, 0x00, 0x05, 0x00, 0x00, 0x00, 0x02, 0x00, 0x00, 0x00, 0x00, 0x00, 0x00, 0x25, 0x0F,
    0x00, 0x00, 0x00, 0x0A, 0x00, 0x00, 0x00, 0x05, 0x00, 0x00, 0x00, 0x07, 0x00, 0x00, 0x00, 0x06,
    0x00, 0x00, 0x00, 0x02, 0x00, 0x00, 0x00, 0x00, 0x00, 0x00, 0x25, 0x10, 0x00, 0x00, 0x00, 0x08,
    0x00, 0x00, 0x00, 0x07, 0x00, 0x00, 0x00, 0x07, 0x00, 0x00, 0x00, 0x05, 0x00, 0x00, 0x00, 0x00,
    0x00, 0x00, 0x00, 0x00, 0x00, 0x00, 0x25, 0x11, 0x00, 0x00, 0x00, 0x0A, 0x00, 0x00, 0x00, 0x07,
    0x00, 0x00, 0x00, 0x07, 0x00, 0x00, 0x00, 0x06, 0x00, 0x00, 0x00, 0x00, 0x00, 0x00, 0x00, 0x00,
    0x00, 0x00, 0x25, 0x12, 0x00, 0x00, 0x00, 0x08, 0x00, 0x00, 0x00, 0x05, 0x00, 0x00, 0x00, 0x07,
    0x00, 0x00, 0x00, 0x05, 0x00, 0x00, 0x00, 0x00, 0x00, 0x00, 0x00, 0x00, 0x00, 0x00, 0x25, 0x13,
    0x00, 0x00, 0x00, 0x0A, 0x00, 0x00, 0x00, 0x05, 0x00, 0x00, 0x00, 0x07, 0x00, 0x00, 0x00, 0x06,
    0x00, 0x00, 0x00, 0x00, 0x00, 0x00, 0x00, 0x00, 0x00, 0x00, 0x25, 0x14, 0x00, 0x00, 0x00, 0x09,
    0x00, 0x00, 0x00, 0x04, 0x00, 0x00, 0x00, 0x07, 0x00, 0x00, 0x00, 0x0C, 0x00, 0x00, 0x00, 0x03,
    0x00, 0x00, 0x00, 0x00, 0x00, 0x00, 0x25, 0x15, 0x00, 0x00, 0x00, 0x09, 0x00, 0x00, 0x00, 0x04,
    0x00, 0x00, 0x00, 0x07, 0x00, 0x00, 0x00, 0x0C, 0x00, 0x00, 0x00, 0x03, 0x00, 0x00, 0x00, 0x00,
    0x00, 0x00, 0x25, 0x16, 0x00, 0x00, 0x00, 0x09, 0x00, 0x00, 0x00, 0x05, 0x00, 0x00, 0x00, 0x07,
    0x00, 0x00, 0x00, 0x0C, 0x00, 0x00, 0x00, 0x02, 0x00, 0x00, 0x00, 0x00, 0x00, 0x00, 0x25, 0x17,
    0x00, 0x00, 0x00, 0x09, 0x00, 0x00, 0x00, 0x05, 0x00, 0x00, 0x00, 0x07, 0x00, 0x00, 0x00, 0x0C,
    0x00, 0x00, 0x00, 0x02, 0x00, 0x00, 0x00, 0x00, 0x00, 0x00, 0x25, 0x18, 0x00, 0x00, 0x00, 0x09,
    0x00, 0x00, 0x00, 0x07, 0x00, 0x00, 0x00, 0x07, 0x00, 0x00, 0x00, 0x0C, 0x00, 0x00, 0x00, 0x00,
    0x00, 0x00, 0x00, 0x00, 0x00, 0x00, 0x25, 0x19, 0x00, 0x00, 0x00, 0x09, 0x00, 0x00, 0x00, 0x07,
    0x00, 0x00, 0x00, 0x07, 0x00, 0x00, 0x00, 0x0C, 0x00, 0x00, 0x00, 0x00, 0x00, 0x00, 0x00, 0x00,
    0x00, 0x00, 0x25, 0x1A, 0x00, 0x00, 0x00, 0x09, 0x00, 0x00, 0x00, 0x05, 0x00, 0x00, 0x00, 0x07,
    0x00, 0x00, 0x00, 0x0C, 0x00, 0x00, 0x00, 0x00, 0x00, 0x00, 0x00, 0x00, 0x00, 0x00, 0x25, 0x1B,
    0x00, 0x00, 0x00, 0x09, 0x00, 0x00, 0x00, 0x05, 0x00, 0x00, 0x00, 0x07, 0x00, 0x00, 0x00, 0x0C,
    0x00, 0x00, 0x00, 0x00, 0x00, 0x00, 0x00, 0x00, 0x00, 0x00, 0x25, 0x1C, 0x00, 0x00, 0x00, 0x10,
    0x00, 0x00, 0x00, 0x04, 0x00, 0x00, 0x00, 0x07, 0x00, 0x00, 0x00, 0x0C, 0x00, 0x00, 0x00, 0x03,
    0x00, 0x00, 0x00, 0x00, 0x00, 0x00, 0x25, 0x1D, 0x00, 0x00, 0x00, 0x10, 0x00, 0x00, 0x00, 0x04,
    0x00, 0x00, 0x00, 0x07, 0x00, 0x00, 0x00, 0x0C, 0x00, 0x00, 0x00, 0x03, 0x00, 0x00, 0x00, 0x00,
    0x00, 0x00, 0x25, 0x1E, 0x00, 0x00, 0x00, 0x0F, 0x00, 0x00, 0x00, 0x05, 0x00, 0x00, 0x00, 0x07,
    0x00, 0x00, 0x00, 0x0C, 0x00, 0x00, 0x00, 0x02, 0x00, 0x00, 0x00, 0x00, 0x00, 0x00, 0x25, 0x1F,
    0x00, 0x00, 0x00, 0x10, 0x00, 0x00, 0x00, 0x05, 0x00, 0x00, 0x00, 0x07, 0x00, 0x00, 0x00, 0x0C,
    0x00, 0x00, 0x00, 0x02, 0x00, 0x00, 0x00, 0x00, 0x00, 0x00, 0x25, 0x20, 0x00, 0x00, 0x00, 0x10,
    0x00, 0x00, 0x00, 0x05, 0x00, 0x00, 0x00, 0x07, 0x00, 0x00, 0x00, 0x0C, 0x00, 0x00, 0x00, 0x02,
    0x00, 0x00, 0x00, 0x00, 0x00, 0x00, 0x25, 0x21, 0x00, 0x00, 0x00, 0x10, 0x00, 0x00, 0x00, 0x05,
    0x00, 0x00, 0x00, 0x07, 0x00, 0x00, 0x00, 0x0C, 0x00, 0x00, 0x00, 0x02, 0x00, 0x00, 0x00, 0x00,
    0x00, 0x00, 0x25, 0x22, 0x00, 0x00, 0x00, 0x10, 0x00, 0x00, 0x00, 0x05, 0x00, 0x00, 0x00, 0x07,
    0x00, 0x00, 0x00, 0x0C, 0x00, 0x00, 0x00, 0x02, 0x00, 0x00, 0x00, 0x00, 0x00, 0x00, 0x25, 0x23,
    0x00, 0x00, 0x00, 0x10, 0x00, 0x00, 0x00, 0x05, 0x00, 0x00, 0x00, 0x07, 0x00, 0x00, 0x00, 0x0C,
    0x00, 0x00, 0x00, 0x02, 0x00, 0x00, 0x00, 0x00, 0x00, 0x00, 0x25, 0x24, 0x00, 0x00, 0x00, 0x10,
    0x00, 0x00, 0x00, 0x07, 0x00, 0x00, 0x00, 0x07, 0x00, 0x00, 0x00, 0x0C, 0x00, 0x00, 0x00, 0x00,
    0x00, 0x00, 0x00, 0x00, 0x00, 0x00, 0x25, 0x25, 0x00, 0x00, 0x00, 0x10, 0x00, 0x00, 0x00, 0x07,
    0x00, 0x00, 0x00, 0x07, 0x00, 0x00, 0x00, 0x0C, 0x00, 0x00, 0x00, 0x00, 0x00, 0x00, 0x00, 0x00,
    0x00, 0x00, 0x25, 0x26, 0x00, 0x00, 0x00, 0x0F, 0x00, 0x00, 0x00, 0x05, 0x00, 0x00, 0x00, 0x07,
    0x00, 0x00, 0x00, 0x0C, 0x00, 0x00, 0x00, 0x00, 0x00, 0x00, 0x00, 0x00, 0x00, 0x00, 0x25, 0x27,
    0x00, 0x00, 0x00, 0x0F, 0x00, 0x00, 0x00, 0x05, 0x00, 0x00, 0x00, 0x07, 0x00, 0x00, 0x00, 0x0C,
    0x00, 0x00, 0x00, 0x00, 0x00, 0x00, 0x00, 0x00, 0x00, 0x00, 0x25, 0x28, 0x00, 0x00, 0x00, 0x10,
    0x00, 0x00, 0x00, 0x05, 0x00, 0x00, 0x00, 0x07, 0x00, 0x00, 0x00, 0x0C, 0x00, 0x00, 0x00, 0x00,
    0x00, 0x00, 0x00, 0x00, 0x00, 0x00, 0x25, 0x29, 0x00, 0x00, 0x00, 0x10, 0x00, 0x00, 0x00, 0x05,
    0x00, 0x00, 0x00, 0x07, 0x00, 0x00, 0x00, 0x0C, 0x00, 0x00, 0x00, 0x00, 0x00, 0x00, 0x00, 0x00,
    0x00, 0x00, 0x25, 0x2A, 0x00, 0x00, 0x00, 0x10, 0x00, 0x00, 0x00, 0x05, 0x00, 0x00, 0x00, 0x07,
    0x00, 0x00, 0x00, 0x0C, 0x00, 0x00, 0x00, 0x00, 0x00, 0x00, 0x00, 0x00, 0x00, 0x00, 0x25, 0x2B,
    0x00, 0x00, 0x00, 0x10, 0x00, 0x00, 0x00, 0x05, 0x00, 0x00, 0x00, 0x07, 0x00, 0x00, 0x00, 0x0C,
    0x00, 0x00, 0x00, 0x00, 0x00, 0x00, 0x00, 0x00, 0x00, 0x00, 0x25, 0x2C, 0x00, 0x00, 0x00, 0x08,
    0x00, 0x00, 0x00, 0x07, 0x00, 0x00, 0x00, 0x07, 0x00, 0x00, 0x00, 0x05, 0x00, 0x00, 0x00, 0x00,
    0x00, 0x00, 0x00, 0x00, 0x00, 0x00, 0x25, 0x2D, 0x00, 0x00, 0x00, 0x0A, 0x00, 0x00, 0x00, 0x07,
    0x00, 0x00, 0x00, 0x07, 0x00, 0x00, 0x00, 0x06, 0x00, 0x00, 0x00, 0x00, 0x00, 0x00, 0x00, 0x00,
    0x00, 0x00, 0x25, 0x2E, 0x00, 0x00, 0x00, 0x0A, 0x00, 0x00, 0x00, 0x07, 0x00, 0x00, 0x00, 0x07,
    0x00, 0x00, 0x00, 0x06, 0x00, 0x00, 0x00, 0x00, 0x00, 0x00, 0x00, 0x00, 0x00, 0x00, 0x25, 0x2F,
    0x00, 0x00, 0x00, 0x0A, 0x00, 0x00, 0x00, 0x07, 0x00, 0x00, 0x00, 0x07, 0x00, 0x00, 0x00, 0x06,
    0x00, 0x00, 0x00, 0x00, 0x00, 0x00, 0x00, 0x00, 0x00, 0x00, 0x25, 0x30, 0x00, 0x00, 0x00, 0x08,
    0x00, 0x00, 0x00, 0x07, 0x00, 0x00, 0x00, 0x07, 0x00, 0x00, 0x00, 0x05, 0x00, 0x00, 0x00, 0x00,
    0x00, 0x00, 0x00, 0x00, 0x00, 0x00, 0x25, 0x31, 0x00, 0x00, 0x00, 0x0A, 0x00, 0x00, 0x00, 0x07,
    0x00, 0x00, 0x00, 0x07, 0x00, 0x00, 0x00, 0x06, 0x00, 0x00, 0x00, 0x00, 0x00, 0x00, 0x00, 0x00,
    0x00, 0x00, 0x25, 0x32, 0x00, 0x00, 0x00, 0x0A, 0x00, 0x00, 0x00, 0x07, 0x00, 0x00, 0x00, 0x07,
    0x00, 0x00, 0x00, 0x06, 0x00, 0x00, 0x00, 0x00, 0x00, 0x00, 0x00, 0x00, 0x00, 0x00, 0x25, 0x33,
    0x00, 0x00, 0x00, 0x0A, 0x00, 0x00, 0x00, 0x07, 0x00, 0x00, 0x00, 0x07, 0x00, 0x00, 0x00, 0x06,
    0x00, 0x00, 0x00, 0x00, 0x00, 0x00, 0x00, 0x00, 0x00, 0x00, 0x25, 0x34, 0x00, 0x00, 0x00, 0x09,
    0x00, 0x00, 0x00, 0x07, 0x00, 0x00, 0x00, 0x07, 0x00, 0x00, 0x00, 0x0C, 0x00, 0x00, 0x00, 0x00,
    0x00, 0x00, 0x00, 0x00, 0x00, 0x00, 0x25, 0x35, 0x00, 0x00, 0x00, 0x09, 0x00, 0x00, 0x00, 0x07,
    0x00, 0x00, 0x00, 0x07, 0x00, 0x00, 0x00, 0x0C, 0x00, 0x00, 0x00, 0x00, 0x00, 0x00, 0x00, 0x00,
    0x00, 0x00, 0x25, 0x36, 0x00, 0x00, 0x00, 0x09, 0x00, 0x00, 0x00, 0x07, 0x00, 0x00, 0x00, 0x07,
    0x00, 0x00, 0x00, 0x0C, 0x00, 0x00, 0x00, 0x00, 0x00, 0x00, 0x00, 0x00, 0x00, 0x00, 0x25, 0x37,
    0x00, 0x00, 0x00, 0x09, 0x00, 0x00, 0x00, 0x07, 0x00, 0x00, 0x00, 0x07, 0x00, 0x00, 0x00, 0x0C,
    0x00, 0x00, 0x00, 0x00, 0x00, 0x00, 0x00, 0x00, 0x00, 0x00, 0x25, 0x38, 0x00, 0x00, 0x00, 0x09,
    0x00, 0x00, 0x00, 0x07, 0x00, 0x00, 0x00, 0x07, 0x00, 0x00, 0x00, 0x0C, 0x00, 0x00, 0x00, 0x00,
    0x00, 0x00, 0x00, 0x00, 0x00, 0x00, 0x25, 0x39, 0x00, 0x00, 0x00, 0x09, 0x00, 0x00, 0x00, 0x07,
    0x00, 0x00, 0x00, 0x07, 0x00, 0x00, 0x00, 0x0C, 0x00, 0x00, 0x00, 0x00, 0x00, 0x00, 0x00, 0x00,
    0x00, 0x00, 0x25, 0x3A, 0x00, 0x00, 0x00, 0x09, 0x00, 0x00, 0x00, 0x07, 0x00, 0x00, 0x00, 0x07,
    0x00, 0x00, 0x00, 0x0C, 0x00, 0x00, 0x00, 0x00, 0x00, 0x00, 0x00, 0x00, 0x00, 0x00, 0x25, 0x3B,
    0x00, 0x00, 0x00, 0x09, 0x00, 0x00, 0x00, 0x07, 0x00, 0x00, 0x00, 0x07, 0x00, 0x00, 0x00, 0x0C,
    0x00, 0x00, 0x00, 0x00, 0x00, 0x00, 0x00, 0x00, 0x00, 0x00, 0x25, 0x3C, 0x00, 0x00, 0x00, 0x10,
    0x00, 0x00, 0x00, 0x07, 0x00, 0x00, 0x00, 0x07, 0x00, 0x00, 0x00, 0x0C, 0x00, 0x00, 0x00, 0x00,
    0x00, 0x00, 0x00, 0x00, 0x00, 0x00, 0x25, 0x3D, 0x00, 0x00, 0x00, 0x10, 0x00, 0x00, 0x00, 0x07,
    0x00, 0x00, 0x00, 0x07, 0x00, 0x00, 0x00, 0x0C, 0x00, 0x00, 0x00, 0x00, 0x00, 0x00, 0x00, 0x00,
    0x00, 0x00, 0x25, 0x3E, 0x00, 0x00, 0x00, 0x10, 0x00, 0x00, 0x00, 0x07, 0x00, 0x00, 0x00, 0x07,
    0x00, 0x00, 0x00, 0x0C, 0x00, 0x00, 0x00, 0x00, 0x00, 0x00, 0x00, 0x00, 0x00, 0x00, 0x25, 0x3F,
    0x00, 0x00, 0x00, 0x10, 0x00, 0x00, 0x00, 0x07, 0x00, 0x00, 0x00, 0x07, 0x00, 0x00, 0x00, 0x0C,
    0x00, 0x00, 0x00, 0x00, 0x00, 0x00, 0x00, 0x00, 0x00, 0x00, 0x25, 0x40, 0x00, 0x00, 0x00, 0x0F,
    0x00, 0x00, 0x00, 0x07, 0x00, 0x00, 0x00, 0x07, 0x00, 0x00, 0x00, 0x0C, 0x00, 0x00, 0x00, 0x00,
    0x00, 0x00, 0x00, 0x00, 0x00, 0x00, 0x25, 0x41, 0x00, 0x00, 0x00, 0x0F, 0x00, 0x00, 0x00, 0x07,
    0x00, 0x00, 0x00, 0x07, 0x00, 0x00, 0x00, 0x0C, 0x00, 0x00, 0x00, 0x00, 0x00, 0x00, 0x00, 0x00,
    0x00, 0x00, 0x25, 0x42, 0x00, 0x00, 0x00, 0x10, 0x00, 0x00, 0x00, 0x07, 0x00, 0x00, 0x00, 0x07,
    0x00, 0x00, 0x00, 0x0C, 0x00, 0x00, 0x00, 0x00, 0x00, 0x00, 0x00, 0x00, 0x00, 0x00, 0x25, 0x43,
    0x00, 0x00, 0x00, 0x10, 0x00, 0x00, 0x00, 0x07, 0x00, 0x00, 0x00, 0x07, 0x00, 0x00, 0x00, 0x0C,
    0x00, 0x00, 0x00, 0x00, 0x00, 0x00, 0x00, 0x00, 0x00, 0x00, 0x25, 0x44, 0x00, 0x00, 0x00, 0x10,
    0x00, 0x00, 0x00, 0x07, 0x00, 0x00, 0x00, 0x07, 0x00, 0x00, 0x00, 0x0C, 0x00, 0x00, 0x00, 0x00,
    0x00, 0x00, 0x00, 0x00, 0x00, 0x00, 0x25, 0x45, 0x00, 0x00, 0x00, 0x10, 0x00, 0x00, 0x00, 0x07,
    0x00, 0x00, 0x00, 0x07, 0x00, 0x00, 0x00, 0x0C, 0x00, 0x00, 0x00, 0x00, 0x00, 0x00, 0x00, 0x00,
    0x00, 0x00, 0x25, 0x46, 0x00, 0x00, 0x00, 0x10, 0x00, 0x00, 0x00, 0x07, 0x00, 0x00, 0x00, 0x07,
    0x00, 0x00, 0x00, 0x0C, 0x00, 0x00, 0x00, 0x00, 0x00, 0x00, 0x00, 0x00, 0x00, 0x00, 0x25, 0x47,
    0x00, 0x00, 0x00, 0x10, 0x00, 0x00, 0x00, 0x07, 0x00, 0x00, 0x00, 0x07, 0x00, 0x00, 0x00, 0x0C,
    0x00, 0x00, 0x00, 0x00, 0x00, 0x00, 0x00, 0x00, 0x00, 0x00, 0x25, 0x48, 0x00, 0x00, 0x00, 0x10,
    0x00, 0x00, 0x00, 0x07, 0x00, 0x00, 0x00, 0x07, 0x00, 0x00, 0x00, 0x0C, 0x00, 0x00, 0x00, 0x00,
    0x00, 0x00, 0x00, 0x00, 0x00, 0x00, 0x25, 0x49, 0x00, 0x00, 0x00, 0x10, 0x00, 0x00, 0x00, 0x07,
    0x00, 0x00, 0x00, 0x07, 0x00, 0x00, 0x00, 0x0C, 0x00, 0x00, 0x00, 0x00, 0x00, 0x00, 0x00, 0x00,
    0x00, 0x00, 0x25, 0x4A, 0x00, 0x00, 0x00, 0x10, 0x00, 0x00, 0x00, 0x07, 0x00, 0x00, 0x00, 0x07,
    0x00, 0x00, 0x00, 0x0C, 0x00, 0x00, 0x00, 0x00, 0x00, 0x00, 0x00, 0x00, 0x00, 0x00, 0x25, 0x4B,
    0x00, 0x00, 0x00, 0x10, 0x00, 0x00, 0x00, 0x07, 0x00, 0x00, 0x00, 0x07, 0x00, 0x00, 0x00, 0x0C,
    0x00, 0x00, 0x00, 0x00, 0x00, 0x00, 0x00, 0x00, 0x00, 0x00, 0x25, 0x4C, 0x00, 0x00, 0x00, 0x02,
    0x00, 0x00, 0x00, 0x07, 0x00, 0x00, 0x00, 0x07, 0x00, 0x00, 0x00, 0x05, 0x00, 0x00, 0x00, 0x00,
    0x00, 0x00, 0x00, 0x00, 0x00, 0x00, 0x25, 0x4D, 0x00, 0x00, 0x00, 0x03, 0x00, 0x00, 0x00, 0x07,
    0x00, 0x00, 0x00, 0x07, 0x00, 0x00, 0x00, 0x06, 0x00, 0x00, 0x00, 0x00, 0x00, 0x00, 0x00, 0x00,
    0x00, 0x00, 0x25, 0x4E, 0x00, 0x00, 0x00, 0x0D, 0x00, 0x00, 0x00, 0x02, 0x00, 0x00, 0x00, 0x07,
    0x00, 0x00, 0x00, 0x0B, 0x00, 0x00, 0x00, 0x03, 0x00, 0x00, 0x00, 0x00, 0x00, 0x00, 0x25, 0x4F,
    0x00, 0x00, 0x00, 0x0D, 0x00, 0x00, 0x00, 0x03, 0x00, 0x00, 0x00, 0x07, 0x00, 0x00, 0x00, 0x0B,
    0x00, 0x00, 0x00, 0x02, 0x00, 0x00, 0x00, 0x00, 0x00, 0x00, 0x25, 0x50, 0x00, 0x00, 0x00, 0x04,
    0x00, 0x00, 0x00, 0x07, 0x00, 0x00, 0x00, 0x07, 0x00, 0x00, 0x00, 0x06, 0x00, 0x00, 0x00, 0x00,
    0x00, 0x00, 0x00, 0x00, 0x00, 0x00, 0x25, 0x51, 0x00, 0x00, 0x00, 0x10, 0x00, 0x00, 0x00, 0x03,
    0x00, 0x00, 0x00, 0x07, 0x00, 0x00, 0x00, 0x0C, 0x00, 0x00, 0x00, 0x02, 0x00, 0x00, 0x00, 0x00,
    0x00, 0x00, 0x25, 0x52, 0x00, 0x00, 0x00, 0x0A, 0x00, 0x00, 0x00, 0x04, 0x00, 0x00, 0x00, 0x07,
    0x00, 0x00, 0x00, 0x06, 0x00, 0x00, 0x00, 0x03, 0x00, 0x00, 0x00, 0x00, 0x00, 0x00, 0x25, 0x53,
    0x00, 0x00, 0x00, 0x08, 0x00, 0x00, 0x00, 0x05, 0x00, 0x00, 0x00, 0x07, 0x00, 0x00, 0x00, 0x05,
    0x00, 0x00, 0x00, 0x02, 0x00, 0x00, 0x00, 0x00, 0x00, 0x00, 0x25, 0x54, 0x00, 0x00, 0x00, 0x09,
    0x00, 0x00, 0x00, 0x05, 0x00, 0x00, 0x00, 0x07, 0x00, 0x00, 0x00, 0x06, 0x00, 0x00, 0x00, 0x02,
    0x00, 0x00, 0x00, 0x00, 0x00, 0x00, 0x25, 0x55, 0x00, 0x00, 0x00, 0x0A, 0x00, 0x00, 0x00, 0x07,
    0x00, 0x00, 0x00, 0x07, 0x00, 0x00, 0x00, 0x06, 0x00, 0x00, 0x00, 0x00, 0x00, 0x00, 0x00, 0x00,
    0x00, 0x00, 0x25, 0x56, 0x00, 0x00, 0x00, 0x08, 0x00, 0x00, 0x00, 0x07, 0x00, 0x00, 0x00, 0x07,
    0x00, 0x00, 0x00, 0x05, 0x00, 0x00, 0x00, 0x00, 0x00, 0x00, 0x00, 0x00, 0x00, 0x00, 0x25, 0x57,
    0x00, 0x00, 0x00, 0x09, 0x00, 0x00, 0x00, 0x07, 0x00, 0x00, 0x00, 0x07, 0x00, 0x00, 0x00, 0x06,
    0x00, 0x00, 0x00, 0x00, 0x00, 0x00, 0x00, 0x00, 0x00, 0x00, 0x25, 0x58, 0x00, 0x00, 0x00, 0x0A,
    0x00, 0x00, 0x00, 0x04, 0x00, 0x00, 0x00, 0x07, 0x00, 0x00, 0x00, 0x0C, 0x00, 0x00, 0x00, 0x03,
    0x00, 0x00, 0x00, 0x00, 0x00, 0x00, 0x25, 0x59, 0x00, 0x00, 0x00, 0x09, 0x00, 0x00, 0x00, 0x05,
    0x00, 0x00, 0x00, 0x07, 0x00, 0x00, 0x00, 0x0C, 0x00, 0x00, 0x00, 0x02, 0x00, 0x00, 0x00, 0x00,
    0x00, 0x00, 0x25, 0x5A, 0x00, 0x00, 0x00, 0x0A, 0x00, 0x00, 0x00, 0x05, 0x00, 0x00, 0x00, 0x07,
    0x00, 0x00, 0x00, 0x0C, 0x00, 0x00, 0x00, 0x02, 0x00, 0x00, 0x00, 0x00, 0x00, 0x00, 0x25, 0x5B,
    0x00, 0x00, 0x00, 0x0A, 0x00, 0x00, 0x00, 0x07, 0x00, 0x00, 0x00, 0x07, 0x00, 0x00, 0x00, 0x0C,
    0x00, 0x00, 0x00, 0x00, 0x00, 0x00, 0x00, 0x00, 0x00, 0x00, 0x25, 0x5C, 0x00, 0x00, 0x00, 0x09,
    0x00, 0x00, 0x00, 0x07, 0x00, 0x00, 0x00, 0x07, 0x00, 0x00, 0x00, 0x0C, 0x00, 0x00, 0x00, 0x00,
    0x00, 0x00, 0x00, 0x00, 0x00, 0x00, 0x25, 0x5D, 0x00, 0x00, 0x00, 0x0A, 0x00, 0x00, 0x00, 0x07,
    0x00, 0x00, 0x00, 0x07, 0x00, 0x00, 0x00, 0x0C, 0x00, 0x00, 0x00, 0x00, 0x00, 0x00, 0x00, 0x00,
    0x00, 0x00, 0x25, 0x5E, 0x00, 0x00, 0x00, 0x10, 0x00, 0x00, 0x00, 0x04, 0x00, 0x00, 0x00, 0x07,
    0x00, 0x00, 0x00, 0x0C, 0x00, 0x00, 0x00, 0x03, 0x00, 0x00, 0x00, 0x00, 0x00, 0x00, 0x25, 0x5F,
    0x00, 0x00, 0x00, 0x10, 0x00, 0x00, 0x00, 0x05, 0x00, 0x00, 0x00, 0x07, 0x00, 0x00, 0x00, 0x0C,
    0x00, 0x00, 0x00, 0x02, 0x00, 0x00, 0x00, 0x00, 0x00, 0x00, 0x25, 0x60, 0x00, 0x00, 0x00, 0x10,
    0x00, 0x00, 0x00, 0x05, 0x00, 0x00, 0x00, 0x07, 0x00, 0x00, 0x00, 0x0C, 0x00, 0x00, 0x00, 0x02,
    0x00, 0x00, 0x00, 0x00, 0x00, 0x00, 0x25, 0x61, 0x00, 0x00, 0x00, 0x10, 0x00, 0x00, 0x00, 0x07,
    0x00, 0x00, 0x00, 0x07, 0x00, 0x00, 0x00, 0x0C, 0x00, 0x00, 0x00, 0x00, 0x00, 0x00, 0x00, 0x00,
    0x00, 0x00, 0x25, 0x62, 0x00, 0x00, 0x00, 0x10, 0x00, 0x00, 0x00, 0x07, 0x00, 0x00, 0x00, 0x07,
    0x00, 0x00, 0x00, 0x0C, 0x00, 0x00, 0x00, 0x00, 0x00, 0x00, 0x00, 0x00, 0x00, 0x00, 0x25, 0x63,
    0x00, 0x00, 0x00, 0x10, 0x00, 0x00, 0x00, 0x07, 0x00, 0x00, 0x00, 0x07, 0x00, 0x00, 0x00, 0x0C,
    0x00, 0x00, 0x00, 0x00, 0x00, 0x00, 0x00, 0x00, 0x00, 0x00, 0x25, 0x64, 0x00, 0x00, 0x00, 0x09,
    0x00, 0x00, 0x00, 0x07, 0x00, 0x00, 0x00, 0x07, 0x00, 0x00, 0x00, 0x06, 0x00, 0x00, 0x00, 0x00,
    0x00, 0x00, 0x00, 0x00, 0x00, 0x00, 0x25, 0x65, 0x00, 0x00, 0x00, 0x08, 0x00, 0x00, 0x00, 0x07,
    0x00, 0x00, 0x00, 0x07, 0x00, 0x00, 0x00, 0x05, 0x00, 0x00, 0x00, 0x00, 0x00, 0x00, 0x00, 0x00,
    0x00, 0x00, 0x25, 0x66, 0x00, 0x00, 0x00, 0x09, 0x00, 0x00, 0x00, 0x07, 0x00, 0x00, 0x00, 0x07,
    0x00, 0x00, 0x00, 0x06, 0x00, 0x00, 0x00, 0x00, 0x00, 0x00, 0x00, 0x00, 0x00, 0x00, 0x25, 0x67,
    0x00, 0x00, 0x00, 0x0A, 0x00, 0x00, 0x00, 0x07, 0x00, 0x00, 0x00, 0x07, 0x00, 0x00, 0x00, 0x0C,
    0x00, 0x00, 0x00, 0x00, 0x00, 0x00, 0x00, 0x00, 0x00, 0x00, 0x25, 0x68, 0x00, 0x00, 0x00, 0x09,
    0x00, 0x00, 0x00, 0x07, 0x00, 0x00, 0x00, 0x07, 0x00, 0x00, 0x00, 0x0C, 0x00, 0x00, 0x00, 0x00,
    0x00, 0x00, 0x00, 0x00, 0x00, 0x00, 0x25, 0x69, 0x00, 0x00, 0x00, 0x0A, 0x00, 0x00, 0x00, 0x07,
    0x00, 0x00, 0x00, 0x07, 0x00, 0x00, 0x00, 0x0C, 0x00, 0x00, 0x00, 0x00, 0x00, 0x00, 0x00, 0x00,
    0x00, 0x00, 0x25, 0x6A, 0x00, 0x00, 0x00, 0x10, 0x00, 0x00, 0x00, 0x07, 0x00, 0x00, 0x00, 0x07,
    0x00, 0x00, 0x00, 0x0C, 0x00, 0x00, 0x00, 0x00, 0x00, 0x00, 0x00, 0x00, 0x00, 0x00, 0x25, 0x6B,
    0x00, 0x00, 0x00, 0x10, 0x00, 0x00, 0x00, 0x07, 0x00, 0x00, 0x00, 0x07, 0x00, 0x00, 0x00, 0x0C,
    0x00, 0x00, 0x00, 0x00, 0x00, 0x00, 0x00, 0x00, 0x00, 0x00, 0x25, 0x6C, 0x00, 0x00, 0x00, 0x0F,
    0x00, 0x00, 0x00, 0x07, 0x00, 0x00, 0x00, 0x07, 0x00, 0x00, 0x00, 0x0C, 0x00, 0x00, 0x00, 0x00,
    0x00, 0x00, 0x00, 0x00, 0x00, 0x00, 0x25, 0x6D, 0x00, 0x00, 0x00, 0x08, 0x00, 0x00, 0x00, 0x04,
    0x00, 0x00, 0x00, 0x07, 0x00, 0x00, 0x00, 0x05, 0x00, 0x00, 0x00, 0x03, 0x00, 0x00, 0x00, 0x00,
    0x00, 0x00, 0x25, 0x6E, 0x00, 0x00, 0x00, 0x08, 0x00, 0x00, 0x00, 0x07, 0x00, 0x00, 0x00, 0x07,
    0x00, 0x00, 0x00, 0x05, 0x00, 0x00, 0x00, 0x00, 0x00, 0x00, 0x00, 0x00, 0x00, 0x00, 0x25, 0x6F,
    0x00, 0x00, 0x00, 0x09, 0x00, 0x00, 0x00, 0x07, 0x00, 0x00, 0x00, 0x07, 0x00, 0x00, 0x00, 0x0C,
    0x00, 0x00, 0x00, 0x00, 0x00, 0x00, 0x00, 0x00, 0x00, 0x00, 0x25, 0x70, 0x00, 0x00, 0x00, 0x09,
    0x00, 0x00, 0x00, 0x04, 0x00, 0x00, 0x00, 0x07, 0x00, 0x00, 0x00, 0x0C, 0x00, 0x00, 0x00, 0x03,
    0x00, 0x00, 0x00, 0x00, 0x00, 0x00, 0x25, 0x71, 0x00, 0x00, 0x00, 0x10, 0x00, 0x00, 0x00, 0x07,
    0x00, 0x00, 0x00, 0x07, 0x00, 0x00, 0x00, 0x0C, 0x00, 0x00, 0x00, 0x00, 0x00, 0x00, 0x00, 0x00,
    0x00, 0x00, 0x25, 0x72, 0x00, 0x00, 0x00, 0x10, 0x00, 0x00, 0x00, 0x07, 0x00, 0x00, 0x00, 0x07,
    0x00, 0x00, 0x00, 0x0C, 0x00, 0x00, 0x00, 0x00, 0x00, 0x00, 0x00, 0x00, 0x00, 0x00, 0x25, 0x73,
    0x00, 0x00, 0x00, 0x10, 0x00, 0x00, 0x00, 0x07, 0x00, 0x00, 0x00, 0x07, 0x00, 0x00, 0x00, 0x0C,
    0x00, 0x00, 0x00, 0x00, 0x00, 0x00, 0x00, 0x00, 0x00, 0x00, 0x25, 0x74, 0x00, 0x00, 0x00, 0x02,
    0x00, 0x00, 0x00, 0x06, 0x00, 0x00, 0x00, 0x07, 0x00, 0x00, 0x00, 0x05, 0x00, 0x00, 0x00, 0x00,
    0x00, 0x00, 0x00, 0x00, 0x00, 0x00, 0x25, 0x75, 0x00, 0x00, 0x00, 0x08, 0x00, 0x00, 0x00, 0x02,
    0x00, 0x00, 0x00, 0x07, 0x00, 0x00, 0x00, 0x0C, 0x00, 0x00, 0x00, 0x03, 0x00, 0x00, 0x00, 0x00,
    0x00, 0x00, 0x25, 0x76, 0x00, 0x00, 0x00, 0x02, 0x00, 0x00, 0x00, 0x04, 0x00, 0x00, 0x00, 0x07,
    0x00, 0x00, 0x00, 0x05, 0x00, 0x00, 0x00, 0x03, 0x00, 0x00, 0x00, 0x00, 0x00, 0x00, 0x25, 0x77,
    0x00, 0x00, 0x00, 0x09, 0x00, 0x00, 0x00, 0x02, 0x00, 0x00, 0x00, 0x07, 0x00, 0x00, 0x00, 0x05,
    0x00, 0x00, 0x00, 0x03, 0x00, 0x00, 0x00, 0x00, 0x00, 0x00, 0x25, 0x78, 0x00, 0x00, 0x00, 0x03,
    0x00, 0x00, 0x00, 0x06, 0x00, 0x00, 0x00, 0x07, 0x00, 0x00, 0x00, 0x06, 0x00, 0x00, 0x00, 0x00,
    0x00, 0x00, 0x00, 0x00, 0x00, 0x00, 0x25, 0x79, 0x00, 0x00, 0x00, 0x08, 0x00, 0x00, 0x00, 0x03,
    0x00, 0x00, 0x00, 0x07, 0x00, 0x00, 0x00, 0x0C, 0x00, 0x00, 0x00, 0x02, 0x00, 0x00, 0x00, 0x00,
    0x00, 0x00, 0x25, 0x7A, 0x00, 0x00, 0x00, 0x03, 0x00, 0x00, 0x00, 0x04, 0x00, 0x00, 0x00, 0x07,
    0x00, 0x00, 0x00, 0x06, 0x00, 0x00, 0x00, 0x03, 0x00, 0x00, 0x00, 0x00, 0x00, 0x00, 0x25, 0x7B,
    0x00, 0x00, 0x00, 0x09, 0x00, 0x00, 0x00, 0x03, 0x00, 0x00, 0x00, 0x07, 0x00, 0x00, 0x00, 0x05,
    0x00, 0x00, 0x00, 0x02, 0x00, 0x00, 0x00, 0x00, 0x00, 0x00, 0x25, 0x7C, 0x00, 0x00, 0x00, 0x03,
    0x00, 0x00, 0x00, 0x07, 0x00, 0x00, 0x00, 0x07, 0x00, 0x00, 0x00, 0x06, 0x00, 0x00, 0x00, 0x00,
    0x00, 0x00, 0x00, 0x00, 0x00, 0x00, 0x25, 0x7D, 0x00, 0x00, 0x00, 0x10, 0x00, 0x00, 0x00, 0x03,
    0x00, 0x00, 0x00, 0x07, 0x00, 0x00, 0x00, 0x0C, 0x00, 0x00, 0x00, 0x02, 0x00, 0x00, 0x00, 0x00,
    0x00, 0x00, 0x25, 0x7E, 0x00, 0x00, 0x00, 0x03, 0x00, 0x00, 0x00, 0x07, 0x00, 0x00, 0x00, 0x07,
    0x00, 0x00, 0x00, 0x06, 0x00, 0x00, 0x00, 0x00, 0x00, 0x00, 0x00, 0x00, 0x00, 0x00, 0x25, 0x7F,
    0x00, 0x00, 0x00, 0x10, 0x00, 0x00, 0x00, 0x03, 0x00, 0x00, 0x00, 0x07, 0x00, 0x00, 0x00, 0x0C,
    0x00, 0x00, 0x00, 0x02, 0x00, 0x00, 0x00, 0x00, 0x00, 0x00, 0x25, 0xA0, 0x00, 0x00, 0x00, 0x08,
    0x00, 0x00, 0x00, 0x07, 0x00, 0x00, 0x00, 0x07, 0x00, 0x00, 0x00, 0x07, 0x00, 0x00, 0x00, 0x00,
    0x00, 0x00, 0x00, 0x00, 0x00, 0x00, 0x25, 0xA1, 0x00, 0x00, 0x00, 0x08, 0x00, 0x00, 0x00, 0x07,
    0x00, 0x00, 0x00, 0x07, 0x00, 0x00, 0x00, 0x07, 0x00, 0x00, 0x00, 0x00, 0x00, 0x00, 0x00, 0x00,
    0x00, 0x00, 0x25, 0xB2, 0x00, 0x00, 0x00, 0x08, 0x00, 0x00, 0x00, 0x07, 0x00, 0x00, 0x00, 0x07,
    0x00, 0x00, 0x00, 0x07, 0x00, 0x00, 0x00, 0x00, 0x00, 0x00, 0x00, 0x00, 0x00, 0x00, 0x25, 0xB6,
    0x00, 0x00, 0x00, 0x08, 0x00, 0x00, 0x00, 0x07, 0x00, 0x00, 0x00, 0x07, 0x00, 0x00, 0x00, 0x07,
    0x00, 0x00, 0x00, 0x00, 0x00, 0x00, 0x00, 0x00, 0x00, 0x00, 0x25, 0xBC, 0x00, 0x00, 0x00, 0x08,
    0x00, 0x00, 0x00, 0x07, 0x00, 0x00, 0x00, 0x07, 0x00, 0x00, 0x00, 0x07, 0x00, 0x00, 0x00, 0x00,
    0x00, 0x00, 0x00, 0x00, 0x00, 0x00, 0x25, 0xC0, 0x00, 0x00, 0x00, 0x08, 0x00, 0x00, 0x00, 0x07,
    0x00, 0x00, 0x00, 0x07, 0x00, 0x00, 0x00, 0x07, 0x00, 0x00, 0x00, 0x00, 0x00, 0x00, 0x00, 0x00,
    0x00, 0x00, 0x25, 0xC6, 0x00, 0x00, 0x00, 0x08, 0x00, 0x00, 0x00, 0x07, 0x00, 0x00, 0x00, 0x07,
    0x00, 0x00, 0x00, 0x07, 0x00, 0x00, 0x00, 0x00, 0x00, 0x00, 0x00, 0x00, 0x00, 0x00, 0x25, 0xC7,
    0x00, 0x00, 0x00, 0x08, 0x00, 0x00, 0x00, 0x07, 0x00, 0x00, 0x00, 0x07, 0x00, 0x00, 0x00, 0x07,
    0x00, 0x00, 0x00, 0x00, 0x00, 0x00, 0x00, 0x00, 0x00, 0x00, 0x25, 0xCB, 0x00, 0x00, 0x00, 0x08,
    0x00, 0x00, 0x00, 0x07, 0x00, 0x00, 0x00, 0x07, 0x00, 0x00, 0x00, 0x07, 0x00, 0x00, 0x00, 0x00,
    0x00, 0x00, 0x00, 0x00, 0x00, 0x00, 0x25, 0xCF, 0x00, 0x00, 0x00, 0x08, 0x00, 0x00, 0x00, 0x07,
    0x00, 0x00, 0x00, 0x07, 0x00, 0x00, 0x00, 0x07, 0x00, 0x00, 0x00, 0x00, 0x00, 0x00, 0x00, 0x00,
    0x00, 0x00, 0x26, 0x10, 0x00, 0x00, 0x00, 0x07, 0x00, 0x00, 0x00, 0x07, 0x00, 0x00, 0x00, 0x07,
    0x00, 0x00, 0x00, 0x07, 0x00, 0x00, 0x00, 0x00, 0x00, 0x00, 0x00, 0x00, 0x00, 0x00, 0x26, 0x11,
    0x00, 0x00, 0x00, 0x08, 0x00, 0x00, 0x00, 0x07, 0x00, 0x00, 0x00, 0x07, 0x00, 0x00, 0x00, 0x07,
    0x00, 0x00, 0x00, 0x00, 0x00, 0x00, 0x00, 0x00, 0x00, 0x00, 0x26, 0x99, 0x00, 0x00, 0x00, 0x08,
    0x00, 0x00, 0x00, 0x07, 0x00, 0x00, 0x00, 0x07, 0x00, 0x00, 0x00, 0x08, 0x00, 0x00, 0x00, 0x00,
    0x00, 0x00, 0x00, 0x00, 0x00, 0x00, 0x27, 0x13, 0x00, 0x00, 0x00, 0x06, 0x00, 0x00, 0x00, 0x07,
    0x00, 0x00, 0x00, 0x07, 0x00, 0x00, 0x00, 0x07, 0x00, 0x00, 0x00, 0x00, 0x00, 0x00, 0x00, 0x00,
    0x00, 0x00, 0x27, 0x17, 0x00, 0x00, 0x00, 0x09, 0x00, 0x00, 0x00, 0x07, 0x00, 0x00, 0x00, 0x07,
    0x00, 0x00, 0x00, 0x08, 0x00, 0x00, 0x00, 0x00, 0x00, 0x00, 0x00, 0x00, 0x00, 0x00, 0x27, 0x18,
    0x00, 0x00, 0x00, 0x09, 0x00, 0x00, 0x00, 0x07, 0x00, 0x00, 0x00, 0x07, 0x00, 0x00, 0x00, 0x08,
    0x00, 0x00, 0x00, 0x00, 0x00, 0x00, 0x00, 0x00, 0x00, 0x00, 0x2B, 0x07, 0x00, 0x00, 0x00, 0x08,
    0x00, 0x00, 0x00, 0x05, 0x00, 0x00, 0x00, 0x07, 0x00, 0x00, 0x00, 0x08, 0x00, 0x00, 0x00, 0x01,
    0x00, 0x00, 0x00, 0x00, 0x00, 0x00, 0xFF, 0xD7, 0x00, 0x0A, 0xFF, 0xA7, 0x00, 0x3F, 0xFF, 0x8D,
    0x00, 0x55, 0xFF, 0x33, 0x00, 0x5E, 0xFF, 0x00, 0x00, 0x67, 0xBF, 0x00, 0x00, 0x1C, 0x1E, 0x00,
    0x21, 0xFF, 0xBB, 0x00, 0x34, 0xFF, 0x94, 0x00, 0x06, 0xFF, 0x00, 0xFA, 0x60, 0x06, 0xFF, 0x00,
    0xFA, 0x60, 0x06, 0xFF, 0x00, 0xFA, 0x60, 0x01, 0x96, 0x00, 0x75, 0x25, 0x00, 0x00, 0x0F, 0xFF,
    0x60, 0x69, 0x00, 0x00, 0x00, 0x3B, 0xD2, 0x6D, 0x31, 0x00, 0x00, 0x00, 0x67, 0xAC, 0x85, 0x24,
    0x00, 0x00, 0x65, 0xFF, 0xFF, 0xFF, 0xFF, 0x27, 0x00, 0x05, 0xA1, 0x04, 0xA6, 0x0D, 0x00, 0x00,
    0xFF, 0xFF, 0xFF, 0xFF, 0x9E, 0x00, 0x00, 0x1D, 0x98, 0x66, 0x7B, 0x00, 0x00, 0x00, 0x24, 0x81,
    0xB2, 0x67, 0x00, 0x00, 0x00, 0x37, 0x6D, 0xD4, 0x3B, 0x00, 0x00, 0x00, 0x00, 0x00, 0x27, 0xFF,
    0x00, 0x00, 0x00, 0x00, 0x00, 0x5A, 0xFF, 0x00, 0x00, 0x00, 0x0D, 0xAC, 0xFF, 0xFF, 0xFC, 0x45,
    0x00, 0xB4, 0xB4, 0xA0, 0x72, 0x4C, 0x22, 0x00, 0xFF, 0x6D, 0xC0, 0x2A, 0x00, 0x00, 0x00, 0xBD,
    0xFF, 0xFF, 0x88, 0x04, 0x00, 0x00, 0x00, 0x4C, 0xFF, 0xFF, 0xC8, 0x00, 0x00, 0x00, 0x42, 0xAF,
    0x42, 0xFF, 0x00, 0x7C, 0x24, 0x8B, 0x88, 0xA2, 0xD0, 0x00, 0xB7, 0xFF, 0xFF, 0xFF, 0xCD, 0x19,
    0x00, 0x00, 0x00, 0xFF, 0x3D, 0x00, 0x00, 0x00, 0x00, 0x1B, 0xFF, 0x06, 0x00, 0x00, 0x00, 0x39,
    0xEB, 0xF8, 0x58, 0x00, 0x00, 0x00, 0xDA, 0x42, 0x24, 0xFA, 0x00, 0x00, 0x00, 0xE2, 0x40, 0x24,
    0xFB, 0x00, 0x00, 0x2B, 0x40, 0xF2, 0xFB, 0x5E, 0x60, 0xC5, 0xAD, 0x00, 0x0F, 0x97, 0xD2, 0x9F,
    0x12, 0x00, 0xA6, 0xC5, 0x66, 0x24, 0xE9, 0xFB, 0x67, 0x15, 0x00, 0x00, 0xB9, 0x6A, 0x19, 0xFF,
    0x00, 0x00, 0x00, 0xC9, 0x55, 0x0C, 0xFF, 0x00, 0x00, 0x00, 0x3A, 0xFD, 0xFF, 0x87, 0x00, 0x00,
    0x1B, 0xBE, 0xFF, 0xD4, 0x00, 0x00, 0x00, 0x4A, 0x9F, 0x0E, 0x2F, 0x00, 0x00, 0x00, 0x5D, 0x80,
    0x00, 0x00, 0x00, 0x00, 0x00, 0x7C, 0xBB, 0x19, 0x00, 0x00, 0x00, 0x62, 0xD9, 0xB9, 0x3C, 0x2B,
    0xE9, 0x00, 0xED, 0x26, 0x6A, 0xB2, 0x77, 0xDD, 0x14, 0xEF, 0x01, 0x1C, 0xD4, 0xF2, 0x61, 0x03,
    0xED, 0x8D, 0x23, 0xD6, 0xCC, 0x00, 0x00, 0x5F, 0xFF, 0xFB, 0xAE, 0xEF, 0x18, 0xFF, 0x2A, 0xFF,
    0x2A, 0xFF, 0x2A, 0x87, 0x0F, 0x00, 0x00, 0x06, 0xF1, 0x4B, 0x00, 0x00, 0xAD, 0xA6, 0x00, 0x00,
    0x37, 0xFF, 0x13, 0x00, 0x00, 0xC8, 0xA6, 0x00, 0x00, 0x09, 0xFF, 0x49, 0x00, 0x00, 0x58, 0xFF,
    0x01, 0x00, 0x00, 0x84, 0xFF, 0x00, 0x00, 0x00, 0x88, 0xF0, 0x00, 0x00, 0x00, 0x5B, 0xFF, 0x00,
    0x00, 0x00, 0x0F, 0xFF, 0x09, 0x00, 0x00, 0x00, 0xD4, 0x67, 0x00, 0x00, 0x00, 0x00, 0x00, 0xFF,
    0x24, 0x00, 0x00, 0x00, 0xC6, 0x9C, 0x00, 0x00, 0x00, 0xB1, 0xC8, 0x00, 0x00, 0x00, 0x8E, 0xED,
    0x00, 0x00, 0x00, 0xA2, 0xEB, 0x00, 0x00, 0x00, 0xAB, 0xC6, 0x00, 0x00, 0x00, 0xFD, 0x8B, 0x00,
    0x00, 0x2E, 0xFF, 0x1B, 0x00, 0x00, 0xBA, 0xA7, 0x00, 0x00, 0x3A, 0xFF, 0x16, 0x00, 0x03, 0xF1,
    0x52, 0x00, 0x00, 0x00, 0x00, 0x00, 0xD9, 0x00, 0x00, 0x00, 0x03, 0x0A, 0x00, 0xF5, 0x00, 0x03,
    0x0A, 0x24, 0xF0, 0xCA, 0xFF, 0xB7, 0xF8, 0x54, 0x00, 0x00, 0xA0, 0xFF, 0xC1, 0x06, 0x00, 0x00,
    0x01, 0xEE, 0x70, 0xFF, 0x19, 0x00, 0x00, 0x79, 0xAF, 0x00, 0x66, 0xA3, 0x00, 0x00, 0x01, 0x01,
    0x00, 0x00, 0x04, 0x00, 0x00, 0x00, 0x00, 0x9D, 0x13, 0x00, 0x00, 0x00, 0x00, 0x00, 0xFF, 0x2A,
    0x00, 0x00, 0x00, 0x00, 0x00, 0xFF, 0x2A, 0x00, 0x00, 0xAB, 0xFF, 0xFF, 0xFF, 0xFF, 0xFF, 0xCE,
    0x13, 0x2A, 0x2A, 0xFF, 0x4E, 0x2A, 0x1C, 0x00, 0x00, 0x00, 0xFF, 0x2A, 0x00, 0x00, 0x00, 0x00,
    0x00, 0xFF, 0x2A, 0x00, 0x00, 0x30, 0xF7, 0x6F, 0x39, 0xFF, 0xCB, 0x00, 0x6F, 0xAF, 0x2D, 0xF3,
    0x37, 0x70, 0x3D, 0x00, 0xF7, 0xFF, 0xFF, 0xFF, 0xFF, 0x13, 0x00, 0x0A, 0x00, 0x52, 0xFF, 0x91,
    0x49, 0xFF, 0x82, 0x00, 0x00, 0x00, 0x00, 0x00, 0xDD, 0xA5, 0x00, 0x00, 0x00, 0x00, 0x42, 0xFF,
    0x0F, 0x00, 0x00, 0x00, 0x00, 0xCD, 0xB8, 0x00, 0x00, 0x00, 0x00, 0x31, 0xFF, 0x16, 0x00, 0x00,
    0x00, 0x00, 0xBC, 0xA8, 0x00, 0x00, 0x00, 0x00, 0x24, 0xFF, 0x21, 0x00, 0x00, 0x00, 0x00, 0xAC,
    0xB7, 0x00, 0x00, 0x00, 0x00, 0x19, 0xFF, 0x2D, 0x00, 0x00, 0x00, 0x00, 0xBB, 0xC6, 0x00, 0x00,
    0x00, 0x00, 0x0F, 0xFF, 0x3A, 0x00, 0x00, 0x00, 0x00, 0x3D, 0x97, 0x00, 0x00, 0x00, 0x00, 0x00,
    0x00, 0x00, 0x72, 0xFF, 0xFF, 0xDA, 0x10, 0x00, 0x46, 0xFF, 0x69, 0x18, 0xFF, 0xA3, 0x00, 0xD7,
    0xAF, 0xA3, 0x6D, 0xB2, 0xC1, 0x0D, 0xFF, 0x49, 0xFF, 0x6F, 0xBE, 0xC1, 0x5D, 0xFF, 0x0A, 0xFF,
    0x2A, 0xEE, 0xB8, 0x8A, 0xFF, 0x1E, 0xFB, 0x0C, 0xFF, 0x60, 0x91, 0xF7, 0x01, 0x2E, 0x81, 0xFF,
    0x04, 0x4F, 0xFF, 0x33, 0x3A, 0xFF, 0x93, 0x00, 0x00, 0xAD, 0xFF, 0xFF, 0xAF, 0x00, 0x00, 0x00,
    0x00, 0x00, 0x9C, 0xFF, 0x82, 0x00, 0x09, 0xC5, 0xFF, 0xFF, 0x39, 0x00, 0x06, 0xAB, 0x66, 0xFF,
    0x03, 0x00, 0x00, 0x00, 0x9D, 0xF6, 0x00, 0x00, 0x00, 0x00, 0xC0, 0xB9, 0x00, 0x00, 0x00, 0x00,
    0xFC, 0x94, 0x00, 0x00, 0x00, 0x04, 0xFF, 0x4C, 0x00, 0x00, 0x0C, 0x46, 0xFF, 0x16, 0x07, 0x46,
    0xFF, 0xFF, 0xFF, 0xFF, 0xCB, 0x00, 0x34, 0xD9, 0xFF, 0xFF, 0xD5, 0x10, 0x00, 0x73, 0x94, 0x25,
    0x30, 0xFF, 0xB1, 0x00, 0x00, 0x00, 0x00, 0x00, 0xD8, 0xAC, 0x00, 0x00, 0x00, 0x00, 0x49, 0xFF,
    0x45, 0x00, 0x00, 0x00, 0x2D, 0xFF, 0xAC, 0x00, 0x00, 0x00, 0x33, 0xFF, 0xA2, 0x00, 0x00, 0x00,
    0x45, 0xFF, 0x79, 0x00, 0x00, 0x00, 0x63, 0xFF, 0x55, 0x0C, 0x0C, 0x06, 0x00, 0xFF, 0xFF, 0xFF,
    0xFF, 0xFF, 0xB8, 0x00, 0x00, 0x00, 0x79, 0xFF, 0xFF, 0xCF, 0x15, 0x00, 0x00, 0x39, 0x2E, 0x2E,
    0xF7, 0x93, 0x00, 0x00, 0x00, 0x00, 0x31, 0xF2, 0x4B, 0x00, 0x00, 0x2D, 0xE9, 0xFF, 0x51, 0x00,
    0x00, 0x00, 0x06, 0x2D, 0xC6, 0xB1, 0x00, 0x00, 0x00, 0x00, 0x00, 0x61, 0xED, 0x00, 0x00, 0x00,
    0x00, 0x00, 0x86, 0xDA, 0x00, 0x00, 0x95, 0x37, 0x4E, 0xE5, 0x6D, 0x00, 0x08, 0xDE, 0xFF, 0xFE,
    0x97, 0x00, 0x00, 0x00, 0x00, 0x00, 0x00, 0xAB, 0xFF, 0x58, 0x00, 0x00, 0x00, 0x5E, 0xFF, 0xFF,
    0x13, 0x00, 0x00, 0x2A, 0xFF, 0x94, 0xFF, 0x00, 0x00, 0x0A, 0xF5, 0x5A, 0xB8, 0xD5, 0x00, 0x00,
    0xC1, 0xA6, 0x00, 0xD7, 0xB8, 0x00, 0x91, 0xD0, 0x00, 0x00, 0xFF, 0x70, 0x00, 0xF5, 0xFF, 0xFF,
    0xFF, 0xFF, 0xFF, 0x6A, 0x00, 0x00, 0x00, 0x5E, 0xFF, 0x00, 0x00, 0x00, 0x00, 0x00, 0xAB, 0xE7,
    0x00, 0x00, 0x00, 0x10, 0xFF, 0xFF, 0xFF, 0xFF, 0x99, 0x00, 0x55, 0xFF, 0x0C, 0x0C, 0x0C, 0x03,
    0x00, 0x9F, 0xD3, 0x00, 0x00, 0x00, 0x00, 0x00, 0xC0, 0xFF, 0xFF, 0xFF, 0x49, 0x00, 0x00, 0x55,
    0x1E, 0x19, 0xC4, 0xFF, 0x00, 0x00, 0x00, 0x00, 0x00, 0x48, 0xFF, 0x01, 0x00, 0x00, 0x00, 0x00,
    0x90, 0xFF, 0x00, 0x82, 0x31, 0x16, 0x78, 0xFF, 0x6A, 0x00, 0xDF, 0xFF, 0xFF, 0xF8, 0x79, 0x00,
    0x00, 0x00, 0x00, 0x31, 0xD8, 0xFF, 0xFF, 0x9C, 0x00, 0x1C, 0xFF, 0xB2, 0x2B, 0x36, 0x40, 0x00,
    0xB7, 0xAF, 0x00, 0x00, 0x00, 0x00, 0x06, 0xFF, 0xA3, 0xFF, 0xFF, 0xAE, 0x00, 0x5B, 0xFF, 0xB2,
    0x18, 0x6D, 0xFF, 0x27, 0x99, 0xFF, 0x06, 0x00, 0x01, 0xFF, 0x4E, 0xA0, 0xF0, 0x00, 0x00, 0x45,
    0xFF, 0x13, 0x5D, 0xFF, 0x2E, 0x1F, 0xF0, 0xBE, 0x00, 0x00, 0xA2, 0xFF, 0xFF, 0xC0, 0x0A, 0x00,
    0xE0, 0xFF, 0xFF, 0xFF, 0xC2, 0x0C, 0x0A, 0x0C, 0x0C, 0xDF, 0x8C, 0x00, 0x00, 0x00, 0x5C, 0xEB,
    0x0B, 0x00, 0x00, 0x03, 0xEA, 0x82, 0x00, 0x00, 0x00, 0x76, 0xF7, 0x01, 0x00, 0x00, 0x0E, 0xC5,
    0x6E, 0x00, 0x00, 0x00, 0x67, 0xD2, 0x12, 0x00, 0x00, 0x00, 0xAD, 0x6B, 0x05, 0x00, 0x00, 0x00,
    0xC8, 0x2E, 0x00, 0x00, 0x00, 0x00, 0x00, 0x00, 0xA5, 0xFF, 0xFF, 0xDD, 0x13, 0x00, 0x90, 0xFF,
    0x2D, 0x12, 0xFF, 0xB5, 0x00, 0xD9, 0xBA, 0x00, 0x00, 0xCB, 0xA3, 0x00, 0xAC, 0xE3, 0x0C, 0x55,
    0xFF, 0x2A, 0x00, 0x42, 0xFF, 0xFF, 0xFF, 0x40, 0x00, 0x63, 0xFF, 0x4B, 0x06, 0xA6, 0xFC, 0x00,
    0xDD, 0xA0, 0x00, 0x00, 0x5D, 0xFF, 0x00, 0xC8, 0xE1, 0x0D, 0x1C, 0xE1, 0xD3, 0x00, 0x28, 0xE4,
    0xFF, 0xFF, 0xBF, 0x16, 0x00, 0x00, 0x0A, 0xBC, 0xFF, 0xFF, 0xBA, 0x00, 0x00, 0xB7, 0xEC, 0x21,
    0x36, 0xFF, 0x55, 0x19, 0xFF, 0x39, 0x00, 0x00, 0xF8, 0x9F, 0x55, 0xFF, 0x00, 0x00, 0x07, 0xFF,
    0x94, 0x2D, 0xFF, 0x60, 0x0F, 0xBF, 0xFF, 0x55, 0x00, 0xB2, 0xFF, 0xFF, 0xA2, 0xFF, 0x04, 0x00,
    0x00, 0x00, 0x00, 0xB7, 0xB2, 0x00, 0x42, 0x31, 0x27, 0xB5, 0xFF, 0x19, 0x00, 0xA9, 0xFF, 0xFF,
    0xD7, 0x2E, 0x00, 0x00, 0x00, 0x60, 0xFF, 0x66, 0x00, 0x94, 0xFF, 0x4B, 0x00, 0x00, 0x04, 0x00,
    0x00, 0x00, 0x00, 0x00, 0x0F, 0xFF, 0xC3, 0x00, 0x22, 0xFF, 0xBD, 0x00, 0x00, 0x06, 0x00, 0x00,
    0x00, 0x00, 0x00, 0x27, 0x00, 0x00, 0x00, 0x85, 0xFF, 0x7C, 0x00, 0x00, 0xA8, 0xFF, 0x2E, 0x00,
    0x00, 0x00, 0x00, 0x00, 0x00, 0x00, 0x00, 0x00, 0x00, 0x00, 0x09, 0xF5, 0xBB, 0x00, 0x00, 0x27,
    0xFF, 0xFF, 0x00, 0x00, 0x00, 0x7F, 0xB4, 0x00, 0x00, 0x49, 0xF7, 0x21, 0x00, 0x00, 0xAD, 0x24,
    0x00, 0x00, 0x00, 0x00, 0x00, 0x00, 0x22, 0xBA, 0xBB, 0x00, 0x00, 0x5D, 0xD2, 0xFF, 0xC4, 0x4B,
    0x60, 0xFF, 0xFD, 0x9A, 0x13, 0x00, 0x00, 0x81, 0xFF, 0xC1, 0x54, 0x00, 0x00, 0x00, 0x00, 0x13,
    0x9D, 0xFF, 0xFF, 0xAB, 0x1F, 0x00, 0x00, 0x00, 0x00, 0x5A, 0xCE, 0xD8, 0x00, 0x00, 0x00, 0x00,
    0x00, 0x00, 0x09, 0xAB, 0xFF, 0xFF, 0xFF, 0xFF, 0xFF, 0xCE, 0x13, 0x2A, 0x2A, 0x2A, 0x2A, 0x2A,
    0x1C, 0xAE, 0xFF, 0xFF, 0xFF, 0xFF, 0xFF, 0xD2, 0x13, 0x2A, 0x2A, 0x2A, 0x2A, 0x2A, 0x1C, 0xA3,
    0xB7, 0x3D, 0x00, 0x00, 0x00, 0x00, 0x2B, 0xA8, 0xFF, 0xEE, 0x7F, 0x06, 0x00, 0x00, 0x00, 0x06,
    0x78, 0xE1, 0xFF, 0x97, 0x00, 0x00, 0x00, 0x34, 0xA5, 0xFF, 0xA6, 0x0D, 0x8A, 0xEE, 0xFF, 0xA0,
    0x28, 0x00, 0xB7, 0xEB, 0x7C, 0x06, 0x00, 0x00, 0x00, 0x09, 0x00, 0x00, 0x00, 0x00, 0x00, 0x00,
    0x55, 0xEC, 0xFF, 0xFF, 0x9A, 0x82, 0x55, 0x0F, 0xAB, 0xFF, 0x00, 0x00, 0x00, 0xA9, 0xEB, 0x00,
    0x00, 0xA5, 0xFF, 0x27, 0x00, 0x99, 0xF3, 0x12, 0x00, 0x00, 0xFD, 0x70, 0x00, 0x00, 0x00, 0x00,
    0x00, 0x00, 0x00, 0x5A, 0xFD, 0x1E, 0x00, 0x00, 0x97, 0xFF, 0x18, 0x00, 0x00, 0x00, 0x00, 0x30,
    0xE2, 0xFD, 0x6E, 0x00, 0x00, 0x12, 0xC9, 0x57, 0x24, 0xE6, 0x01, 0x00, 0x48, 0x81, 0x00, 0x00,
    0xD0, 0x1E, 0x00, 0xB0, 0x4C, 0xA5, 0xF2, 0xF9, 0x06, 0x00, 0xDE, 0x69, 0xDE, 0x3B, 0xEB, 0x00,
    0x18, 0xDB, 0x8D, 0x45, 0x1B, 0xB6, 0x00, 0x27, 0xCF, 0x8D, 0x58, 0x58, 0xB0, 0x00, 0x0B, 0xDB,
    0x32, 0xF7, 0xD9, 0x6F, 0x00, 0x00, 0xE4, 0x1D, 0x00, 0x00, 0x00, 0x00, 0x00, 0x87, 0x96, 0x01,
    0x1B, 0x01, 0x00, 0x00, 0x10, 0xBD, 0xFF, 0xA1, 0x06, 0x00, 0x00, 0x00, 0x00, 0x5F, 0xF1, 0x55,
    0x00, 0x00, 0x00, 0x04, 0x89, 0xFD, 0x7C, 0x00, 0x00, 0x00, 0x26, 0xC8, 0xC2, 0xA2, 0x00, 0x00,
    0x00, 0x41, 0xB1, 0x94, 0xA7, 0x00, 0x00, 0x00, 0xBB, 0x80, 0x82, 0xC6, 0x00, 0x00, 0x09, 0xE9,
    0x4B, 0x6A, 0xE6, 0x00, 0x00, 0x92, 0xFF, 0xFF, 0xFF, 0xED, 0x00, 0x05, 0xED, 0x89, 0x00, 0x32,
    0xED, 0x03, 0x5F, 0xF7, 0x09, 0x00, 0x14, 0xF0, 0x27, 0x00, 0x67, 0xFF, 0xFF, 0xFF, 0xFF, 0x51,
    0x00, 0xAF, 0xEE, 0x06, 0x10, 0xC0, 0xED, 0x00, 0xCE, 0xB6, 0x00, 0x00, 0x9F, 0xF6, 0x00, 0xFF,
    0x99, 0x01, 0x3D, 0xFF, 0x87, 0x0C, 0xFF, 0xFF, 0xFF, 0xFF, 0xBE, 0x00, 0x4F, 0xFF, 0x10, 0x03,
    0x4B, 0xFF, 0x48, 0x97, 0xFF, 0x00, 0x00, 0x00, 0xFF, 0x70, 0xBA, 0xC6, 0x06, 0x1E, 0xB8, 0xFF,
    0x1B, 0xF5, 0xFF, 0xFF, 0xFF, 0xE1, 0x46, 0x00, 0x00, 0x10, 0xA2, 0xFF, 0xFC, 0xAC, 0x0A, 0x05,
    0xB7, 0xEE, 0x3F, 0x2C, 0x70, 0x00, 0x65, 0xE9, 0x30, 0x00, 0x00, 0x00, 0x00, 0x92, 0xB4, 0x15,
    0x00, 0x00, 0x00, 0x00, 0xAC, 0x63, 0x05, 0x00, 0x00, 0x00, 0x00, 0xC1, 0x49, 0x00, 0x00, 0x00,
    0x00, 0x00, 0xBC, 0x4C, 0x01, 0x00, 0x00, 0x00, 0x00, 0x9C, 0xD0, 0x2A, 0x39, 0x71, 0x00, 0x00,
    0x3A, 0xD3, 0xFF, 0xFF, 0x74, 0x00, 0x00, 0x00, 0x00, 0xBB, 0xFF, 0xFF, 0x99, 0x00, 0x00, 0x00,
    0xC5, 0x63, 0x51, 0xF5, 0x6C, 0x00, 0x00, 0xE7, 0x47, 0x00, 0xCC, 0xAC, 0x00, 0x08, 0xD7, 0x23,
    0x00, 0xC3, 0xB5, 0x00, 0x46, 0xCA, 0x04, 0x00, 0xE9, 0xA9, 0x00, 0x89, 0xC8, 0x00, 0x0A, 0xF3,
    0x5A, 0x00, 0xAA, 0x99, 0x00, 0x78, 0xED, 0x03, 0x00, 0xE4, 0x87, 0x53, 0xE6, 0x62, 0x00, 0x01,
    0xED, 0xFF, 0xF6, 0x83, 0x00, 0x00, 0x11, 0xBF, 0xFF, 0xFF, 0xFF, 0xC2, 0x2A, 0x3B, 0xD4, 0x2F,
    0x0C, 0x0C, 0x09, 0x00, 0x64, 0xDF, 0x23, 0x00, 0x00, 0x00, 0x00, 0x76, 0xC3, 0x1B, 0x00, 0x00,
    0x00, 0x00, 0x92, 0xFF, 0xFF, 0xFF, 0xE7, 0x3D, 0x00, 0x97, 0x97, 0x34, 0x2A, 0x25, 0x04, 0x00,
    0xB5, 0x4F, 0x01, 0x00, 0x00, 0x00, 0x00, 0xD3, 0x51, 0x0C, 0x0C, 0x08, 0x00, 0x00, 0xE3, 0xFF,
    0xFF, 0xFF, 0xC2, 0x00, 0x00, 0x00, 0xB6, 0xFF, 0xFF, 0xFF, 0xD7, 0x72, 0x09, 0xBB, 0x60, 0x0C,
    0x0C, 0x09, 0x01, 0x31, 0xCE, 0x2A, 0x00, 0x00, 0x00, 0x00, 0x5B, 0xE4, 0x24, 0x00, 0x00, 0x00,
    0x00, 0x6E, 0xED, 0xFF, 0xFF, 0xE7, 0x3D, 0x00, 0x91, 0xBD, 0x3B, 0x2A, 0x25, 0x04, 0x00, 0x93,
    0x8E, 0x0E, 0x00, 0x00, 0x00, 0x00, 0xAE, 0x56, 0x03, 0x00, 0x00, 0x00, 0x00, 0xCD, 0x49, 0x00,
    0x00, 0x00, 0x00, 0x00, 0x00, 0x00, 0x39, 0xDC, 0xFF, 0xFF, 0xBA, 0x00, 0x37, 0xFF, 0xAB, 0x25,
    0x25, 0x7C, 0x00, 0xE1, 0xC5, 0x00, 0x00, 0x00, 0x00, 0x28, 0xFF, 0x3C, 0x00, 0x00, 0x00, 0x00,
    0x8B, 0xFF, 0x00, 0x0A, 0xFF, 0xFF, 0x7F, 0xA2, 0xE3, 0x00, 0x03, 0x24, 0xFF, 0x46, 0xB7, 0xF3,
    0x00, 0x00, 0x28, 0xFF, 0x07, 0x52, 0xFF, 0x76, 0x0C, 0xA0, 0xFF, 0x00, 0x00, 0x9D, 0xFF, 0xFF,
    0xFF, 0x67, 0x00, 0x00, 0x18, 0xD2, 0x00, 0x04, 0xDC, 0x40, 0x00, 0x1D, 0xC1, 0x00, 0x1D, 0xE4,
    0x04, 0x00, 0x24, 0xC9, 0x00, 0x39, 0xEB, 0x00, 0x00, 0x2C, 0xA4, 0x00, 0x46, 0xBC, 0x00, 0x00,
    0x65, 0xFF, 0xFF, 0xFF, 0xAB, 0x00, 0x00, 0xA3, 0x85, 0x2A, 0x85, 0x6D, 0x00, 0x00, 0xBB, 0x5A,
    0x00, 0x80, 0x32, 0x00, 0x00, 0xEB, 0x4A, 0x00, 0xAE, 0x24, 0x00, 0x01, 0xE8, 0x28, 0x00, 0xB6,
    0x1E, 0x00, 0x00, 0x1B, 0xFF, 0xFF, 0xFF, 0xFF, 0xFF, 0x00, 0x01, 0x0C, 0xA8, 0xF7, 0x0C, 0x07,
    0x00, 0x00, 0x00, 0xC1, 0xB9, 0x00, 0x00, 0x00, 0x00, 0x00, 0xFF, 0x96, 0x00, 0x00, 0x00, 0x00,
    0x06, 0xFF, 0x4C, 0x00, 0x00, 0x00, 0x00, 0x43, 0xFF, 0x0A, 0x00, 0x00, 0x00, 0x00, 0x8B, 0xFF,
    0x00, 0x00, 0x00, 0x04, 0x0C, 0xB4, 0xCE, 0x0C, 0x04, 0x00, 0xB7, 0xFF, 0xFF, 0xFF, 0xFF, 0x70,
    0x00, 0x00, 0x00, 0x05, 0x8C, 0xFF, 0xF6, 0x87, 0x00, 0x00, 0x00, 0x07, 0x15, 0xF1, 0x3D, 0x00,
    0x00, 0x00, 0x00, 0x40, 0xED, 0x03, 0x00, 0x00, 0x00, 0x00, 0x7B, 0xE4, 0x00, 0x00, 0x00, 0x00,
    0x00, 0x99, 0xAC, 0x00, 0x00, 0x00, 0x00, 0x00, 0xC8, 0x89, 0x00, 0x00, 0x00, 0x00, 0x0A, 0xCC,
    0x3B, 0x00, 0x02, 0xAD, 0x25, 0x61, 0xEB, 0x00, 0x00, 0x0C, 0xD3, 0xFF, 0xF4, 0x5A, 0x00, 0x00,
    0x00, 0x18, 0xD0, 0x00, 0x20, 0xE5, 0x97, 0x00, 0x1D, 0xBB, 0x00, 0xA8, 0x8B, 0x00, 0x00, 0x24,
    0xBC, 0x8A, 0xB9, 0x0D, 0x00, 0x00, 0x2C, 0xDE, 0xFF, 0x26, 0x00, 0x00, 0x00, 0x65, 0xFF, 0xFF,
    0x27, 0x00, 0x00, 0x00, 0xA3, 0x7D, 0xC1, 0x77, 0x00, 0x00, 0x00, 0xB9, 0x54, 0x37, 0xA9, 0x08,
    0x00, 0x00, 0xE9, 0x45, 0x00, 0xCC, 0x1C, 0x00, 0x01, 0xE7, 0x27, 0x00, 0x97, 0x48, 0x00, 0x00,
    0x00, 0xFF, 0x5E, 0x00, 0x00, 0x00, 0x00, 0x31, 0xFF, 0x16, 0x00, 0x00, 0x00, 0x00, 0x79, 0xFF,
    0x00, 0x00, 0x00, 0x00, 0x00, 0xA2, 0xD8, 0x00, 0x00, 0x00, 0x00, 0x00, 0xDE, 0xBA, 0x00, 0x00,
    0x00, 0x00, 0x00, 0xFF, 0x70, 0x00, 0x00, 0x00, 0x00, 0x1C, 0xFF, 0x28, 0x00, 0x00, 0x00, 0x00,
    0x66, 0xFF, 0x0C, 0x0C, 0x0C, 0x0C, 0x00, 0xAE, 0xFF, 0xFF, 0xFF, 0xFF, 0xFF, 0x03, 0x00, 0x22,
    0xF9, 0x04, 0x2F, 0xEA, 0xB8, 0x00, 0x24, 0xFF, 0x33, 0x67, 0xFD, 0x6F, 0x00, 0x4E, 0xD2, 0x69,
    0x91, 0xF2, 0x25, 0x00, 0x8B, 0xC2, 0xA6, 0xB3, 0xE7, 0x00, 0x00, 0xA5, 0x8A, 0xFF, 0x9B, 0xD8,
    0x00, 0x00, 0xD3, 0x58, 0xE7, 0x53, 0xA9, 0x00, 0x00, 0xE6, 0x23, 0x00, 0x67, 0x8F, 0x00, 0x12,
    0xDD, 0x06, 0x00, 0x6D, 0x53, 0x00, 0x45, 0xDB, 0x00, 0x00, 0x89, 0x25, 0x00, 0x00, 0x17, 0xD8,
    0x69, 0x01, 0xDB, 0x40, 0x00, 0x1C, 0xE6, 0xB8, 0x1A, 0xE3, 0x04, 0x00, 0x24, 0xE1, 0xDD, 0x3A,
    0xEB, 0x00, 0x00, 0x2A, 0xA1, 0xFF, 0x4A, 0xBD, 0x00, 0x00, 0x60, 0x6F, 0xFF, 0x7C, 0xA8, 0x00,
    0x00, 0x9D, 0x69, 0xD5, 0xB2, 0x6D, 0x00, 0x00, 0xB3, 0x50, 0xB1, 0xE1, 0x32, 0x00, 0x00, 0xE3,
    0x40, 0x60, 0xFF, 0x24, 0x00, 0x00, 0xE6, 0x21, 0x13, 0xEC, 0x1E, 0x00, 0x00, 0x00, 0x78, 0xFF,
    0xFF, 0xE7, 0x1E, 0x00, 0x5E, 0xFF, 0x6A, 0x15, 0xF0, 0xA7, 0x00, 0xF5, 0xA2, 0x00, 0x00, 0xBD,
    0xE1, 0x2A, 0xFF, 0x34, 0x00, 0x00, 0xAB, 0xDC, 0x84, 0xFF, 0x00, 0x00, 0x00, 0xD8, 0xB0, 0xB8,
    0xEC, 0x00, 0x00, 0x03, 0xFF, 0x76, 0xB4, 0xE3, 0x00, 0x00, 0x6C, 0xFF, 0x0F, 0x70, 0xFF, 0x2A,
    0x37, 0xFF, 0xAB, 0x00, 0x03, 0xC0, 0xFF, 0xFF, 0xB2, 0x00, 0x00, 0x00, 0x55, 0xFF, 0xFF, 0xFF,
    0xFF, 0x60, 0x00, 0x9D, 0xF7, 0x06, 0x10, 0xB0, 0xFF, 0x00, 0xBF, 0xB4, 0x00, 0x00, 0x7E, 0xFF,
    0x00, 0xFC, 0x88, 0x00, 0x27, 0xFC, 0xB4, 0x04, 0xFF, 0xFF, 0xFF, 0xFF, 0xB7, 0x0A, 0x40, 0xFF,
    0x25, 0x1E, 0x03, 0x00, 0x00, 0x88, 0xFF, 0x00, 0x00, 0x00, 0x00, 0x00, 0xAF, 0xC6, 0x00, 0x00,
    0x00, 0x00, 0x00, 0xEB, 0xAB, 0x00, 0x00, 0x00, 0x00, 0x00, 0x00, 0x00, 0x78, 0xFF, 0xFF, 0xE7,
    0x1E, 0x00, 0x5E, 0xFF, 0x6A, 0x15, 0xF0, 0xA7, 0x00, 0xF5, 0xA2, 0x00, 0x00, 0xBD, 0xE1, 0x2A,
    0xFF, 0x34, 0x00, 0x00, 0xAB, 0xDD, 0x85, 0xFF, 0x00, 0x00, 0x00, 0xD8, 0xAD, 0xB8, 0xEC, 0x00,
    0x00, 0x03, 0xFF, 0x78, 0xB5, 0xE3, 0x00, 0x00, 0x6C, 0xFF, 0x0D, 0x73, 0xFF, 0x2A, 0x37, 0xFF,
    0xAC, 0x00, 0x03, 0xC3, 0xFF, 0xFF, 0xA3, 0x00, 0x00, 0x00, 0x00, 0x00, 0xD9, 0xC5, 0x00, 0x00,
    0x00, 0x00, 0x00, 0x19, 0xFF, 0x9A, 0x00, 0x00, 0x00, 0xC0, 0xFF, 0xFF, 0xD4, 0x1E, 0x00, 0x00,
    0xC8, 0x5D, 0x20, 0xF9, 0xA8, 0x00, 0x00, 0xE6, 0x44, 0x00, 0xC6, 0xAC, 0x00, 0x0B, 0xD5, 0x24,
    0x5A, 0xF1, 0x3F, 0x00, 0x49, 0xFF, 0xFF, 0xFF, 0x35, 0x00, 0x00, 0x8C, 0xC0, 0x17, 0xD2, 0x68,
    0x00, 0x00, 0xAD, 0x93, 0x00, 0x82, 0xBD, 0x00, 0x00, 0xE4, 0x7B, 0x00, 0x47, 0xED, 0x01, 0x01,
    0xED, 0x44, 0x00, 0x05, 0xF2, 0x49, 0x00, 0x00, 0x97, 0xFF, 0xFF, 0xFF, 0xA6, 0x00, 0x9D, 0xFF,
    0x46, 0x0D, 0x51, 0x79, 0x00, 0xF8, 0x7C, 0x00, 0x00, 0x00, 0x00, 0x00, 0xDF, 0xEC, 0x51, 0x00,
    0x00, 0x00, 0x00, 0x19, 0xB0, 0xFF, 0xFF, 0x7B, 0x00, 0x00, 0x00, 0x00, 0x03, 0x9D, 0xFF, 0x13,
    0x00, 0x00, 0x00, 0x00, 0x28, 0xFF, 0x21, 0xAB, 0x60, 0x10, 0x33, 0xDE, 0xE6, 0x00, 0xA2, 0xFF,
    0xFF, 0xFF, 0xB2, 0x15, 0x00, 0x93, 0xFF, 0xFF, 0xFF, 0xFF, 0xF8, 0xE6, 0x07, 0x0C, 0x8D, 0xFC,
    0x0C, 0x0B, 0x07, 0x00, 0x00, 0xA3, 0xBF, 0x00, 0x00, 0x00, 0x00, 0x00, 0xD6, 0x9C, 0x00, 0x00,
    0x00, 0x00, 0x03, 0xDB, 0x54, 0x00, 0x00, 0x00, 0x00, 0x2D, 0xE4, 0x0F, 0x00, 0x00, 0x00, 0x00,
    0x60, 0xEE, 0x00, 0x00, 0x00, 0x00, 0x00, 0x7C, 0xCD, 0x00, 0x00, 0x00, 0x00, 0x00, 0xA8, 0xBC,
    0x00, 0x00, 0x00, 0x00, 0x53, 0xE0, 0x24, 0x00, 0x3A, 0xC3, 0x2D, 0x68, 0xC0, 0x1C, 0x00, 0x79,
    0xB6, 0x00, 0x8B, 0xB9, 0x17, 0x00, 0xB7, 0xA8, 0x00, 0x92, 0x87, 0x0C, 0x00, 0xC9, 0x7C, 0x00,
    0xAA, 0x54, 0x02, 0x00, 0xEE, 0x5F, 0x00, 0xC9, 0x49, 0x00, 0x12, 0xE3, 0x2B, 0x00, 0xCC, 0x3E,
    0x00, 0x67, 0xDB, 0x01, 0x00, 0xD8, 0x5D, 0x2B, 0xF1, 0x93, 0x00, 0x00, 0x85, 0xF5, 0xFF, 0xB4,
    0x08, 0x00, 0x00, 0xBA, 0x23, 0x00, 0x13, 0xD7, 0xA3, 0xC0, 0x2B, 0x00, 0x52, 0xC7, 0x1F, 0xB2,
    0x2B, 0x00, 0xC5, 0x8B, 0x00, 0xC2, 0x31, 0x21, 0xEE, 0x25, 0x00, 0xC2, 0x38, 0x97, 0xBD, 0x00,
    0x00, 0xC3, 0x49, 0xEB, 0x40, 0x00, 0x00, 0xB6, 0xB6, 0xDD, 0x00, 0x00, 0x00, 0xA7, 0xFF, 0x6B,
    0x00, 0x00, 0x00, 0x98, 0xFA, 0x15, 0x00, 0x00, 0x00, 0xBD, 0x12, 0x00, 0x00, 0x4B, 0xED, 0x01,
    0xC2, 0x12, 0x00, 0x00, 0x8C, 0xA7, 0x00, 0xC4, 0x12, 0xF2, 0x62, 0xC8, 0x52, 0x00, 0xBA, 0x51,
    0xF3, 0x86, 0xD7, 0x01, 0x00, 0xB0, 0xB6, 0xB0, 0xC4, 0xB6, 0x00, 0x00, 0xAB, 0xFA, 0x69, 0xE8,
    0x7D, 0x00, 0x00, 0xDD, 0xB2, 0x62, 0xFD, 0x39, 0x00, 0x00, 0xE2, 0x4A, 0x58, 0xDB, 0x27, 0x00,
    0x00, 0xE2, 0x12, 0x4E, 0xAE, 0x14, 0x00, 0x00, 0x00, 0x10, 0xC0, 0x03, 0x05, 0xDB, 0xA5, 0x00,
    0x00, 0x93, 0x72, 0x56, 0xDE, 0x03, 0x00, 0x00, 0x69, 0xE2, 0xCD, 0x37, 0x00, 0x00, 0x00, 0x15,
    0xFF, 0xAB, 0x09, 0x00, 0x00, 0x00, 0x1A, 0xFF, 0x68, 0x00, 0x00, 0x00, 0x02, 0x97, 0xE4, 0x94,
    0x01, 0x00, 0x00, 0x1D, 0xD9, 0x04, 0xC5, 0x11, 0x00, 0x00, 0xBA, 0x7A, 0x00, 0xC5, 0x21, 0x00,
    0x49, 0xE3, 0x1A, 0x00, 0x7D, 0x4E, 0x00, 0xB7, 0x28, 0x00, 0x16, 0xDB, 0xA7, 0xC5, 0x40, 0x00,
    0xC1, 0xB7, 0x04, 0x97, 0x7A, 0x5F, 0xED, 0x1D, 0x00, 0x68, 0xC4, 0xFB, 0x60, 0x00, 0x00, 0x29,
    0xD1, 0xAB, 0x00, 0x00, 0x00, 0x1B, 0xCB, 0x2E, 0x00, 0x00, 0x00, 0x47, 0xDE, 0x15, 0x00, 0x00,
    0x00, 0x5F, 0xCF, 0x13, 0x00, 0x00, 0x00, 0x82, 0xB2, 0x0E, 0x00, 0x00, 0x00, 0x39, 0xD2, 0xFF,
    0xFF, 0xFF, 0xE4, 0xA0, 0x02, 0x09, 0x0C, 0x0C, 0xAE, 0xBB, 0x12, 0x00, 0x00, 0x00, 0x70, 0xE2,
    0x24, 0x00, 0x00, 0x00, 0x32, 0xFF, 0x56, 0x00, 0x00, 0x00, 0x10, 0xDE, 0xA5, 0x00, 0x00, 0x00,
    0x02, 0xA2, 0xC9, 0x00, 0x00, 0x00, 0x00, 0x62, 0xE1, 0x2C, 0x00, 0x00, 0x00, 0x00, 0xCA, 0x6B,
    0x11, 0x0C, 0x0A, 0x01, 0x00, 0xFF, 0xFF, 0xFF, 0xFF, 0xDD, 0x0D, 0x00, 0x00, 0x95, 0xFA, 0xFF,
    0xC0, 0x04, 0x00, 0xBF, 0x76, 0x00, 0x00, 0x00, 0x00, 0xBF, 0x41, 0x00, 0x00, 0x00, 0x17, 0xC9,
    0x18, 0x00, 0x00, 0x00, 0x3A, 0xD8, 0x15, 0x00, 0x00, 0x00, 0x5B, 0xCA, 0x12, 0x00, 0x00, 0x00,
    0x67, 0xAC, 0x0E, 0x00, 0x00, 0x00, 0x83, 0xA7, 0x0C, 0x00, 0x00, 0x00, 0x95, 0x84, 0x08, 0x00,
    0x00, 0x00, 0x97, 0x59, 0x03, 0x00, 0x00, 0x00, 0xAD, 0x40, 0x00, 0x00, 0x00, 0x00, 0xBF, 0xFF,
    0xFF, 0x6E, 0x00, 0x00, 0x48, 0xFF, 0x0A, 0x00, 0x00, 0x00, 0x00, 0x00, 0xF0, 0x90, 0x00, 0x00,
    0x00, 0x00, 0x00, 0x76, 0xFF, 0x00, 0x00, 0x00, 0x00, 0x00, 0x03, 0xFF, 0x61, 0x00, 0x00, 0x00,
    0x00, 0x00, 0xA6, 0xDD, 0x00, 0x00, 0x00, 0x00, 0x00, 0x13, 0xFF, 0x36, 0x00, 0x00, 0x00, 0x00,
    0x00, 0xB1, 0xB6, 0x00, 0x00, 0x00, 0x00, 0x00, 0x30, 0xFF, 0x16, 0x00, 0x00, 0x00, 0x00, 0x00,
    0xD8, 0xAC, 0x00, 0x00, 0x00, 0x00, 0x00, 0x5B, 0xFF, 0x04, 0x00, 0x00, 0x00, 0x00, 0x00, 0xAE,
    0x28, 0x00, 0x00, 0xF5, 0xFF, 0xFF, 0xE7, 0x00, 0x00, 0x00, 0x00, 0xAB, 0xC9, 0x00, 0x00, 0x00,
    0x00, 0xBE, 0xB8, 0x00, 0x00, 0x00, 0x00, 0xED, 0x7E, 0x00, 0x00, 0x00, 0x00, 0xFF, 0x45, 0x00,
    0x00, 0x00, 0x0F, 0xFF, 0x0D, 0x00, 0x00, 0x00, 0x46, 0xFF, 0x00, 0x00, 0x00, 0x00, 0x7F, 0xEB,
    0x00, 0x00, 0x00, 0x00, 0xB8, 0xBB, 0x00, 0x00, 0x00, 0x00, 0xC9, 0xA8, 0x00, 0x00, 0x00, 0x00,
    0xF8, 0x6F, 0x00, 0xA6, 0xFF, 0xFF, 0xFF, 0x33, 0x00, 0x00, 0x00, 0x13, 0xBD, 0x3C, 0x00, 0x00,
    0x00, 0x00, 0xD5, 0xFF, 0xFF, 0x12, 0x00, 0x00, 0xA6, 0xEC, 0x07, 0xAC, 0xCF, 0x00, 0x52, 0xFF,
    0x18, 0x00, 0x01, 0xD3, 0x9F, 0x7F, 0xEB, 0xEB, 0xEB, 0xEB, 0xEB, 0xBD, 0x25, 0xB1, 0x00, 0x00,
    0xF1, 0x69, 0x00, 0x45, 0xE7, 0x00, 0x42, 0xF8, 0xFF, 0xFF, 0xC0, 0x03, 0x00, 0x2A, 0x2E, 0x01,
    0x13, 0xFF, 0x6F, 0x00, 0x5E, 0xEB, 0xFF, 0xFF, 0xFF, 0x79, 0x46, 0xFF, 0x54, 0x00, 0x19, 0xFF,
    0x3C, 0xA6, 0xC6, 0x00, 0x00, 0x93, 0xFF, 0x03, 0xB7, 0xF3, 0x09, 0x4E, 0xFF, 0xFA, 0x00, 0x1F,
    0xF6, 0xFF, 0xE2, 0xA8, 0xBE, 0x00, 0x00, 0x03, 0xFF, 0x2D, 0x00, 0x00, 0x00, 0x00, 0x37, 0xFF,
    0x01, 0x00, 0x00, 0x00, 0x00, 0x7B, 0xFD, 0x00, 0x00, 0x00, 0x00, 0x00, 0xA0, 0xE9, 0xEE, 0xFF,
    0xD9, 0x07, 0x00, 0xD9, 0xFF, 0x43, 0x15, 0xFF, 0x81, 0x00, 0xFF, 0x90, 0x00, 0x00, 0xDA, 0xB5,
    0x0F, 0xFF, 0x19, 0x00, 0x00, 0xF7, 0x97, 0x51, 0xFF, 0x00, 0x00, 0x28, 0xFF, 0x2D, 0x96, 0xFF,
    0x5E, 0x15, 0xE9, 0xB1, 0x00, 0xB5, 0xB6, 0xFF, 0xFF, 0xAB, 0x03, 0x00, 0x00, 0x00, 0x5D, 0xF7,
    0xFF, 0xFF, 0x82, 0x00, 0x4E, 0xFF, 0x7C, 0x01, 0x33, 0x57, 0x00, 0xF3, 0xA9, 0x00, 0x00, 0x00,
    0x00, 0x16, 0xFF, 0x27, 0x00, 0x00, 0x00, 0x00, 0x27, 0xFF, 0x0D, 0x00, 0x00, 0x00, 0x00, 0x01,
    0xFF, 0xA0, 0x03, 0x30, 0x6F, 0x00, 0x00, 0x60, 0xFF, 0xFF, 0xFF, 0x72, 0x00, 0x00, 0x00, 0x00,
    0x00, 0x24, 0xD2, 0x60, 0x00, 0x00, 0x00, 0x00, 0x28, 0xBE, 0x1C, 0x00, 0x00, 0x00, 0x00, 0x56,
    0xB6, 0x00, 0x00, 0x87, 0xF6, 0xFF, 0xB5, 0xA4, 0x00, 0x5D, 0xE4, 0x49, 0x30, 0xF3, 0x7B, 0x00,
    0x95, 0x86, 0x0C, 0x00, 0xED, 0x63, 0x00, 0xAD, 0x4A, 0x00, 0x00, 0xE5, 0x32, 0x00, 0xBD, 0x49,
    0x00, 0x3C, 0xDC, 0x06, 0x00, 0xA7, 0x6E, 0x27, 0xF8, 0xDB, 0x00, 0x00, 0x5D, 0xE5, 0xFF, 0xB6,
    0xB1, 0x00, 0x00, 0x00, 0x00, 0x99, 0xFF, 0xFF, 0xBE, 0x03, 0x00, 0x9A, 0xFF, 0x39, 0x16, 0xF8,
    0x8A, 0x18, 0xFF, 0x45, 0x00, 0x00, 0xB4, 0xB1, 0x7B, 0xFF, 0xFF, 0xFF, 0xFF, 0xFF, 0xBA, 0x94,
    0xE1, 0x00, 0x00, 0x00, 0x00, 0x00, 0x4E, 0xFF, 0x40, 0x01, 0x2E, 0x7B, 0x00, 0x00, 0xB1, 0xFF,
    0xFF, 0xFF, 0x97, 0x00, 0x00, 0x05, 0xC1, 0xFF, 0xC0, 0x03, 0x00, 0x74, 0xDB, 0x04, 0x00, 0x00,
    0x00, 0xA3, 0x9A, 0x00, 0x00, 0x00, 0xDB, 0xFF, 0xFF, 0xF7, 0x7A, 0x00, 0x0C, 0xC5, 0x26, 0x00,
    0x00, 0x00, 0x35, 0xD6, 0x15, 0x00, 0x00, 0x00, 0x5D, 0xC9, 0x12, 0x00, 0x00, 0x00, 0x6F, 0xBC,
    0x10, 0x00, 0x00, 0x00, 0x91, 0x96, 0x0A, 0x00, 0x00, 0x00, 0x95, 0x62, 0x04, 0x00, 0x00, 0x00,
    0x00, 0x04, 0xAD, 0xFF, 0xFF, 0xA2, 0xC3, 0x00, 0xA2, 0xF0, 0x1E, 0x52, 0xFF, 0xA6, 0x10, 0xFF,
    0x33, 0x00, 0x00, 0xFF, 0x63, 0x6F, 0xFF, 0x00, 0x00, 0x03, 0xFF, 0x1E, 0x90, 0xF5, 0x00, 0x00,
    0x6C, 0xFF, 0x00, 0x5D, 0xFF, 0x30, 0x28, 0xFF, 0xE8, 0x00, 0x00, 0xC3, 0xFF, 0xFB, 0xD8, 0xAD,
    0x00, 0x00, 0x00, 0x00, 0x00, 0xF8, 0x6F, 0x00, 0x54, 0x28, 0x00, 0x7E, 0xFF, 0x0C, 0x00, 0xAE,
    0xFF, 0xFF, 0xED, 0x40, 0x00, 0x00, 0x00, 0x00, 0xFF, 0x63, 0x00, 0x00, 0x00, 0x00, 0x07, 0xFF,
    0x25, 0x00, 0x00, 0x00, 0x00, 0x43, 0xFF, 0x00, 0x00, 0x00, 0x00, 0x00, 0x87, 0xFD, 0xB9, 0xFF,
    0xFF, 0x1B, 0x00, 0xAA, 0xFF, 0x58, 0x0C, 0xFF, 0x90, 0x00, 0xE2, 0xBE, 0x00, 0x00, 0xEC, 0x82,
    0x00, 0xFF, 0x58, 0x00, 0x00, 0xFF, 0x40, 0x16, 0xFF, 0x12, 0x00, 0x27, 0xFF, 0x04, 0x5A, 0xFF,
    0x00, 0x00, 0x6D, 0xFD, 0x00, 0x9D, 0xD5, 0x00, 0x00, 0xB4, 0xC1, 0x00, 0x00, 0x00, 0x7F, 0xE3,
    0x00, 0x00, 0x00, 0x48, 0x5B, 0x00, 0x00, 0x00, 0x00, 0x00, 0x00, 0x1C, 0xFF, 0xFF, 0xA2, 0x00,
    0x00, 0x00, 0xFF, 0x4F, 0x00, 0x00, 0x1C, 0xFF, 0x09, 0x00, 0x00, 0x70, 0xFA, 0x00, 0x00, 0x00,
    0xBE, 0xBA, 0x00, 0x00, 0x00, 0xB5, 0xCA, 0x00, 0x00, 0x00, 0x49, 0xFF, 0xFF, 0xD3, 0x00, 0x00,
    0x00, 0x00, 0x61, 0xFC, 0x00, 0x00, 0x00, 0x00, 0x3A, 0x69, 0x00, 0x00, 0x00, 0x00, 0x00, 0x00,
    0x00, 0x00, 0xAC, 0xFF, 0xFF, 0x79, 0x00, 0x00, 0x00, 0x01, 0xFF, 0x36, 0x00, 0x00, 0x00, 0x30,
    0xFF, 0x03, 0x00, 0x00, 0x00, 0x72, 0xFC, 0x00, 0x00, 0x00, 0x00, 0xB4, 0xC4, 0x00, 0x00, 0x00,
    0x00, 0xCD, 0xA8, 0x00, 0x00, 0x00, 0x00, 0xFF, 0x64, 0x00, 0x00, 0x00, 0x09, 0xFF, 0x1C, 0x00,
    0x00, 0x00, 0x99, 0xF7, 0x00, 0x00, 0xE8, 0xFF, 0xFF, 0x45, 0x00, 0x00, 0x00, 0x00, 0xFD, 0x7F,
    0x00, 0x00, 0x00, 0x00, 0x03, 0xFF, 0x3C, 0x00, 0x00, 0x00, 0x00, 0x37, 0xFF, 0x04, 0x00, 0x00,
    0x00, 0x00, 0x7B, 0xFF, 0x00, 0x2E, 0xFF, 0xBB, 0x00, 0xA0, 0xCA, 0x52, 0xFF, 0x88, 0x00, 0x00,
    0xD8, 0xF3, 0xFF, 0x6C, 0x00, 0x00, 0x00, 0xFF, 0xFF, 0xFF, 0xA9, 0x00, 0x00, 0x0D, 0xFF, 0x2B,
    0x70, 0xFF, 0x0D, 0x00, 0x4E, 0xFF, 0x00, 0x00, 0xFC, 0xA8, 0x00, 0x91, 0xE9, 0x00, 0x00, 0x72,
    0xFF, 0x0D, 0x1C, 0xFF, 0xFF, 0xFF, 0x00, 0x00, 0x00, 0xAC, 0xCB, 0x00, 0x00, 0x00, 0xCB, 0xAB,
    0x00, 0x00, 0x00, 0xFF, 0x63, 0x00, 0x00, 0x0C, 0xFF, 0x1B, 0x00, 0x00, 0x51, 0xFF, 0x00, 0x00,
    0x00, 0x99, 0xDD, 0x00, 0x00, 0x00, 0xBA, 0xA3, 0x00, 0x00, 0x00, 0xC9, 0xBA, 0x00, 0x00, 0x00,
    0x55, 0xFF, 0xFF, 0xC0, 0x00, 0x00, 0xF4, 0xE5, 0xC3, 0xFB, 0xC9, 0x00, 0x1D, 0xCD, 0x77, 0xB2,
    0x48, 0xFF, 0x00, 0x5F, 0xB9, 0x79, 0x7B, 0x66, 0xF6, 0x00, 0x9F, 0x88, 0x80, 0x46, 0xA4, 0xBB,
    0x00, 0xBB, 0x76, 0x97, 0x37, 0xBD, 0x9A, 0x00, 0xED, 0x4E, 0xA7, 0x2E, 0xEE, 0x52, 0x04, 0xED,
    0x2E, 0xBD, 0x2A, 0xEE, 0x0F, 0x00, 0x78, 0xED, 0xBF, 0xFF, 0xFF, 0x1C, 0x00, 0xBD, 0xFF, 0x2B,
    0x00, 0xF5, 0x90, 0x00, 0xD8, 0xAF, 0x00, 0x00, 0xF2, 0x82, 0x00, 0xFF, 0x51, 0x00, 0x00, 0xFF,
    0x40, 0x12, 0xFF, 0x0F, 0x00, 0x2D, 0xFF, 0x04, 0x57, 0xFF, 0x00, 0x00, 0x72, 0xFD, 0x00, 0x9D,
    0xD5, 0x00, 0x00, 0xB5, 0xC1, 0x00, 0x00, 0x00, 0xB4, 0xFF, 0xFF, 0xCA, 0x06, 0x00, 0x94, 0xFF,
    0x33, 0x16, 0xFF, 0x85, 0x06, 0xFF, 0x51, 0x00, 0x00, 0xCB, 0xBD, 0x4F, 0xFF, 0x00, 0x00, 0x00,
    0xDF, 0x90, 0x6D, 0xFF, 0x00, 0x00, 0x15, 0xFF, 0x30, 0x34, 0xFF, 0x3C, 0x16, 0xD8, 0xC5, 0x00,
    0x00, 0xB2, 0xFF, 0xFF, 0xBF, 0x0F, 0x00, 0x00, 0x00, 0x9B, 0xE4, 0xF5, 0xE2, 0x19, 0x00, 0x00,
    0xB8, 0x9C, 0x0C, 0xE2, 0xAC, 0x00, 0x00, 0xD2, 0x55, 0x00, 0xB1, 0xB7, 0x00, 0x00, 0xD7, 0x22,
    0x00, 0xCB, 0xB4, 0x00, 0x12, 0xD1, 0x14, 0x08, 0xF3, 0x58, 0x00, 0x4F, 0xE9, 0x53, 0x9A, 0xD6,
    0x00, 0x00, 0x8E, 0xDF, 0xF9, 0xE0, 0x11, 0x00, 0x00, 0xAA, 0x8D, 0x00, 0x00, 0x00, 0x00, 0x00,
    0xDF, 0x5C, 0x00, 0x00, 0x00, 0x00, 0x00, 0xED, 0x2A, 0x00, 0x00, 0x00, 0x00, 0x00, 0x07, 0xB9,
    0xFF, 0xFF, 0xAD, 0xC9, 0x00, 0xA5, 0xF1, 0x16, 0x49, 0xFF, 0xAE, 0x16, 0xFF, 0x37, 0x00, 0x00,
    0xFF, 0x6A, 0x67, 0xFF, 0x00, 0x00, 0x04, 0xFF, 0x27, 0x94, 0xF2, 0x00, 0x00, 0x72, 0xFF, 0x00,
    0x6A, 0xFF, 0x1C, 0x37, 0xFF, 0xF1, 0x00, 0x03, 0xCE, 0xFF, 0xFD, 0xDE, 0xB9, 0x00, 0x00, 0x00,
    0x00, 0x00, 0xE3, 0x9A, 0x00, 0x00, 0x00, 0x00, 0x00, 0xFF, 0x57, 0x00, 0x00, 0x00, 0x00, 0x0D,
    0xFF, 0x15, 0x00, 0x00, 0xE6, 0xA2, 0xEC, 0xFF, 0xFF, 0x00, 0xFF, 0xF2, 0x2B, 0x00, 0x39, 0x1F,
    0xFF, 0x3D, 0x00, 0x00, 0x00, 0x66, 0xFF, 0x00, 0x00, 0x00, 0x00, 0xAC, 0xC8, 0x00, 0x00, 0x00,
    0x00, 0xCA, 0xA9, 0x00, 0x00, 0x00, 0x00, 0xFF, 0x64, 0x00, 0x00, 0x00, 0x00, 0x00, 0x00, 0xA8,
    0xFF, 0xFF, 0xFF, 0x40, 0x00, 0x66, 0xFF, 0x24, 0x01, 0x4E, 0x1B, 0x00, 0x8D, 0xFF, 0x37, 0x00,
    0x00, 0x00, 0x00, 0x0A, 0xAF, 0xFF, 0xFF, 0x67, 0x00, 0x00, 0x00, 0x00, 0x01, 0xBD, 0xFD, 0x00,
    0x21, 0x70, 0x07, 0x12, 0xC1, 0xCD, 0x00, 0x42, 0xFF, 0xFF, 0xFF, 0xBC, 0x10, 0x00, 0x00, 0x00,
    0xD7, 0x9C, 0x00, 0x00, 0x00, 0x00, 0xFF, 0x57, 0x00, 0x00, 0xD8, 0xFF, 0xFF, 0xFF, 0xFF, 0xA9,
    0x00, 0x55, 0xFF, 0x00, 0x00, 0x00, 0x00, 0x9A, 0xD8, 0x00, 0x00, 0x00, 0x00, 0xBB, 0xBE, 0x00,
    0x00, 0x00, 0x00, 0xF3, 0x78, 0x00, 0x00, 0x00, 0x00, 0xFF, 0x70, 0x00, 0x00, 0x00, 0x00, 0xAF,
    0xFF, 0xFF, 0x84, 0x00, 0x00, 0xB4, 0xC1, 0x00, 0x00, 0xAB, 0xAF, 0x00, 0xD0, 0xA0, 0x00, 0x00,
    0xE7, 0x8B, 0x00, 0xFF, 0x58, 0x00, 0x00, 0xFF, 0x45, 0x0C, 0xFF, 0x12, 0x00, 0x28, 0xFF, 0x07,
    0x46, 0xFF, 0x00, 0x00, 0x8E, 0xFF, 0x00, 0x54, 0xFF, 0x21, 0x3F, 0xFF, 0xC9, 0x00, 0x06, 0xE6,
    0xFF, 0xD5, 0xC4, 0xAC, 0x00, 0x93, 0x11, 0x00, 0x7C, 0xC0, 0x03, 0xA9, 0x20, 0x00, 0xF0, 0x61,
    0x00, 0xB7, 0x2F, 0x61, 0xEA, 0x01, 0x00, 0xB7, 0x33, 0xE1, 0x6C, 0x00, 0x00, 0xBB, 0x8A, 0xF0,
    0x00, 0x00, 0x00, 0xA5, 0xF5, 0x77, 0x00, 0x00, 0x00, 0x95, 0xF8, 0x15, 0x00, 0x00, 0x00, 0xB9,
    0x39, 0x00, 0x00, 0x1B, 0xBE, 0xBE, 0xB3, 0x39, 0x00, 0x00, 0x2F, 0xC2, 0x28, 0xAD, 0x40, 0xD8,
    0x42, 0x8F, 0x9C, 0x00, 0xA6, 0xA1, 0xEF, 0x6C, 0xD3, 0x4C, 0x00, 0xA0, 0xE3, 0x9B, 0xB2, 0xDB,
    0x01, 0x00, 0xB8, 0xCE, 0x6B, 0xFF, 0x99, 0x00, 0x00, 0xB1, 0x5C, 0x37, 0xFF, 0x1B, 0x00, 0x00,
    0x00, 0x15, 0xC8, 0x00, 0x45, 0xEB, 0x0D, 0x00, 0x01, 0x93, 0x69, 0xC0, 0x3E, 0x00, 0x00, 0x00,
    0x49, 0xFF, 0xA9, 0x08, 0x00, 0x00, 0x00, 0x27, 0xFF, 0x5B, 0x00, 0x00, 0x00, 0x06, 0xA4, 0xBB,
    0x92, 0x00, 0x00, 0x00, 0x39, 0xC6, 0x01, 0xC9, 0x12, 0x00, 0x07, 0xE7, 0x49, 0x00, 0xAD, 0x28,
    0x00, 0x00, 0x1E, 0xB2, 0x00, 0x13, 0xE1, 0x2E, 0x00, 0x1B, 0xBA, 0x00, 0x52, 0xB7, 0x00, 0x00,
    0x11, 0xBD, 0x00, 0x89, 0x42, 0x00, 0x00, 0x07, 0xA8, 0x00, 0xB7, 0x18, 0x00, 0x00, 0x00, 0x92,
    0x61, 0x9C, 0x04, 0x00, 0x00, 0x00, 0x8F, 0xFF, 0x69, 0x00, 0x00, 0x00, 0x00, 0x6E, 0xFF, 0x09,
    0x00, 0x00, 0x00, 0x00, 0x77, 0xAC, 0x00, 0x00, 0x00, 0x00, 0x10, 0xC3, 0x0D, 0x00, 0x00, 0x00,
    0x01, 0xFF, 0x9A, 0x00, 0x00, 0x00, 0x00, 0x00, 0x49, 0xFF, 0xFF, 0xFF, 0xFF, 0xAF, 0x00, 0x00,
    0x00, 0x00, 0x75, 0xFF, 0x36, 0x00, 0x00, 0x00, 0x5B, 0xFF, 0x49, 0x00, 0x00, 0x00, 0x45, 0xFF,
    0x61, 0x00, 0x00, 0x00, 0x31, 0xFF, 0x7C, 0x00, 0x00, 0x00, 0x21, 0xFF, 0x9A, 0x00, 0x00, 0x00,
    0x00, 0xAE, 0xFF, 0xFF, 0xFF, 0xFF, 0x97, 0x00, 0x00, 0x00, 0x00, 0x0F, 0xE4, 0xFF, 0xA9, 0x00,
    0x00, 0x00, 0xAB, 0xDE, 0x00, 0x00, 0x00, 0x00, 0x00, 0xDF, 0x94, 0x00, 0x00, 0x00, 0x00, 0x01,
    0xFF, 0x45, 0x00, 0x00, 0x00, 0x00, 0x8B, 0xFF, 0x01, 0x00, 0x00, 0x66, 0xFF, 0xFF, 0x3D, 0x00,
    0x00, 0x00, 0x00, 0x07, 0xF6, 0x96, 0x00, 0x00, 0x00, 0x00, 0x00, 0xD0, 0xAC, 0x00, 0x00, 0x00,
    0x00, 0x00, 0xFF, 0x73, 0x00, 0x00, 0x00, 0x00, 0x00, 0xFF, 0x36, 0x00, 0x00, 0x00, 0x00, 0x04,
    0xFF, 0x4F, 0x00, 0x00, 0x00, 0x00, 0x00, 0xBE, 0xFF, 0xAF, 0x00, 0x00, 0xFF, 0x2A, 0xFF, 0x2A,
    0xFF, 0x2A, 0xFF, 0x2A, 0xFF, 0x2A, 0xCB, 0x1E, 0x00, 0x00, 0xFF, 0x2A, 0xFF, 0x2A, 0xFF, 0x2A,
    0xFF, 0x2A, 0xFF, 0x2A, 0xD0, 0x1E, 0x00, 0x00, 0xC6, 0xFF, 0xAC, 0x00, 0x00, 0x00, 0x00, 0x00,
    0x85, 0xFF, 0x00, 0x00, 0x00, 0x00, 0x00, 0x99, 0xDD, 0x00, 0x00, 0x00, 0x00, 0x00, 0xBB, 0xA1,
    0x00, 0x00, 0x00, 0x00, 0x00, 0xCE, 0xB2, 0x00, 0x00, 0x00, 0x00, 0x00, 0x69, 0xFF, 0xFF, 0x24,
    0x00, 0x00, 0x10, 0xFF, 0x5E, 0x00, 0x00, 0x00, 0x00, 0x6D, 0xF8, 0x00, 0x00, 0x00, 0x00, 0x00,
    0xB5, 0xBB, 0x00, 0x00, 0x00, 0x00, 0x00, 0xD0, 0x9F, 0x00, 0x00, 0x00, 0x00, 0x19, 0xFF, 0x3F,
    0x00, 0x00, 0x00, 0xC4, 0xFF, 0xAF, 0x00, 0x00, 0x00, 0x00, 0x06, 0xD3, 0xFF, 0x7F, 0x00, 0x4C,
    0xD9, 0x6F, 0xD8, 0x27, 0xFF, 0x63, 0xAC, 0xAB, 0xA9, 0xA8, 0x00, 0x46, 0xFF, 0xFF, 0x27, 0x00,
    0x00, 0x04, 0x00, 0x00, 0x8B, 0xFF, 0x52, 0x00, 0xB8, 0xFF, 0x28, 0x00, 0x00, 0x03, 0x00, 0x00,
    0xB5, 0xA2, 0x00, 0x00, 0xFF, 0x81, 0x00, 0x39, 0xFF, 0x4B, 0x00, 0x85, 0xFF, 0x0A, 0x00, 0xAF,
    0xFF, 0x00, 0x00, 0xEE, 0xC8, 0x00, 0x00, 0x00, 0x00, 0x00, 0x00, 0xAB, 0x3F, 0x00, 0x00, 0x00,
    0x00, 0x00, 0xBB, 0x07, 0x00, 0x00, 0x00, 0x8E, 0xFF, 0xFF, 0xFF, 0x54, 0x00, 0x93, 0xFF, 0x28,
    0xBC, 0x25, 0x1F, 0x07, 0xFF, 0x5B, 0x3D, 0xA8, 0x00, 0x00, 0x51, 0xFF, 0x00, 0x85, 0x5E, 0x00,
    0x00, 0x57, 0xFF, 0x00, 0xA8, 0x16, 0x00, 0x00, 0x10, 0xFF, 0x5D, 0xBA, 0x1C, 0x2B, 0x00, 0x00,
    0x49, 0xE2, 0xFF, 0xFF, 0x3D, 0x00, 0x00, 0x00, 0x36, 0xB8, 0x00, 0x00, 0x00, 0x00, 0x00, 0x36,
    0x3C, 0x00, 0x00, 0x00, 0x00, 0x00, 0x00, 0x5B, 0xFE, 0xFF, 0x22, 0x00, 0x00, 0x11, 0xFF, 0x4F,
    0x3A, 0x03, 0x00, 0x00, 0x59, 0xF7, 0x00, 0x00, 0x00, 0x00, 0x00, 0x79, 0xA7, 0x00, 0x00, 0x00,
    0x00, 0x2C, 0xFF, 0xFF, 0xD7, 0x17, 0x00, 0x00, 0x02, 0x99, 0x33, 0x00, 0x00, 0x00, 0x00, 0x0C,
    0xB4, 0x01, 0x00, 0x00, 0x00, 0x00, 0x1E, 0xD3, 0x0C, 0x0B, 0x01, 0x00, 0x01, 0xFF, 0xFF, 0xFF,
    0xF8, 0x22, 0x00, 0x5D, 0x0D, 0x00, 0x00, 0x45, 0x25, 0x85, 0xF2, 0xF5, 0xDF, 0xF8, 0x2A, 0x18,
    0xE4, 0x09, 0x34, 0xD3, 0x00, 0x1B, 0xE8, 0x07, 0x36, 0xD4, 0x00, 0x7C, 0xF2, 0xEE, 0xDC, 0xFD,
    0x2E, 0x5E, 0x0C, 0x00, 0x00, 0x46, 0x1F, 0x92, 0xB3, 0x15, 0x00, 0x5B, 0xC5, 0x34, 0x5D, 0xD6,
    0x22, 0x0A, 0xED, 0x5C, 0x00, 0x10, 0xBE, 0x43, 0xB2, 0xA1, 0x00, 0x00, 0x97, 0xF2, 0xDE, 0xFF,
    0xCC, 0x5A, 0x00, 0x00, 0x61, 0xEE, 0x54, 0x00, 0x00, 0x00, 0xBF, 0xEC, 0xFE, 0xD2, 0xB9, 0x18,
    0x00, 0x00, 0x76, 0xC7, 0x00, 0x00, 0x00, 0x00, 0x00, 0x9F, 0xB6, 0x00, 0x00, 0x00, 0x00, 0x00,
    0xB6, 0x7F, 0x00, 0x00, 0x00, 0x00, 0xFF, 0x2A, 0xFF, 0x2A, 0xFF, 0x2A, 0xFF, 0x2A, 0xB1, 0x19,
    0x00, 0x00, 0xB1, 0x19, 0xFF, 0x2A, 0xFF, 0x2A, 0xFF, 0x2A, 0xFF, 0x2A, 0x00, 0x00, 0x42, 0xF5,
    0xFF, 0xFF, 0x37, 0x00, 0x00, 0xFC, 0x88, 0x00, 0x33, 0x0F, 0x00, 0x00, 0xFF, 0xA2, 0x00, 0x00,
    0x00, 0x00, 0x19, 0xF2, 0xFF, 0xA1, 0x01, 0x00, 0x00, 0xD7, 0x76, 0x28, 0xF7, 0xB6, 0x00, 0x00,
    0xFF, 0x64, 0x00, 0x25, 0xFF, 0x00, 0x00, 0xA6, 0xFF, 0x93, 0xA3, 0xBA, 0x00, 0x00, 0x00, 0x78,
    0xFF, 0xF1, 0x0A, 0x00, 0x00, 0x00, 0x00, 0x88, 0xFF, 0x00, 0x00, 0x25, 0x33, 0x00, 0x9C, 0xF5,
    0x00, 0x00, 0x58, 0xFF, 0xFF, 0xDF, 0x34, 0x00, 0x00, 0x00, 0x09, 0x00, 0x09, 0x00, 0x76, 0xFF,
    0x0F, 0xFF, 0x3A, 0x19, 0x36, 0x03, 0x49, 0x00, 0x1C, 0x96, 0xCD, 0xCD, 0x4B, 0x00, 0x00, 0x8C,
    0x57, 0x05, 0x0A, 0xAB, 0x51, 0x00, 0x63, 0x81, 0xBD, 0xC1, 0x2B, 0x99, 0x04, 0x99, 0x9F, 0x19,
    0x06, 0x1C, 0x91, 0x40, 0xC3, 0x83, 0x0F, 0x00, 0x1A, 0x8F, 0x31, 0xA3, 0xA3, 0x19, 0x03, 0x20,
    0x95, 0x01, 0x90, 0xBB, 0xC0, 0xC9, 0xB9, 0x54, 0x00, 0x13, 0x91, 0xCD, 0xCE, 0x4B, 0x00, 0x00,
    0x00, 0x46, 0xCB, 0xDA, 0xA3, 0x00, 0x00, 0x28, 0x06, 0x01, 0xFF, 0x0A, 0x00, 0x4C, 0xB9, 0xD5,
    0xFF, 0x0A, 0x1F, 0xFB, 0x2D, 0x12, 0xFF, 0x00, 0x55, 0xDF, 0x00, 0xBD, 0xE3, 0x00, 0x07, 0xD3,
    0xDF, 0xBB, 0xA0, 0x00, 0xAC, 0xE6, 0xE6, 0xE6, 0x5B, 0x00, 0x00, 0x00, 0x00, 0x2B, 0x00, 0x01,
    0x2A, 0x00, 0x00, 0xB5, 0xAB, 0x13, 0xD9, 0x6A, 0x12, 0xD7, 0xC3, 0x45, 0xFF, 0x9A, 0x00, 0xAC,
    0xDF, 0x00, 0xE4, 0xA6, 0x00, 0x00, 0x07, 0xE9, 0x97, 0x2E, 0xFF, 0x48, 0x00, 0x00, 0x15, 0xCA,
    0x00, 0x48, 0xA0, 0x00, 0x00, 0x00, 0x03, 0x00, 0x00, 0x03, 0x00, 0xAE, 0xFF, 0xFF, 0xFF, 0xFF,
    0xFF, 0xD2, 0x13, 0x2A, 0x2A, 0x2A, 0x2A, 0x8A, 0xE1, 0x00, 0x00, 0x00, 0x00, 0x00, 0x6C, 0xE1,
    0x00, 0x00, 0x00, 0x00, 0x00, 0x0A, 0x1C, 0x30, 0xFF, 0xFF, 0xFF, 0x00, 0x1C, 0x96, 0xCD, 0xCD,
    0x4B, 0x00, 0x00, 0x8C, 0x57, 0x05, 0x0A, 0xAB, 0x51, 0x00, 0x62, 0x98, 0xA6, 0xA3, 0x24, 0x99,
    0x04, 0x57, 0xAF, 0x23, 0xC4, 0x4A, 0x91, 0x40, 0x57, 0xB6, 0xCC, 0xC6, 0x1A, 0x8F, 0x31, 0x5D,
    0xB5, 0x29, 0xE3, 0x42, 0x95, 0x01, 0x8D, 0x91, 0x11, 0x31, 0xD3, 0x54, 0x00, 0x1C, 0x96, 0xCE,
    0xCE, 0x4B, 0x00, 0x00, 0x73, 0xFF, 0xFF, 0xFF, 0x39, 0x00, 0xAF, 0xFC, 0xC4, 0x07, 0x36, 0xD9,
    0x01, 0xAF, 0x8B, 0x37, 0xD7, 0x01, 0xB2, 0x8A, 0x00, 0xAF, 0xF6, 0xBF, 0x07, 0x00, 0x00, 0x00,
    0x19, 0x03, 0x00, 0x00, 0x00, 0x00, 0x00, 0xFF, 0x2A, 0x00, 0x00, 0x00, 0x00, 0x00, 0xFF, 0x2A,
    0x00, 0x00, 0xAB, 0xFF, 0xFF, 0xFF, 0xFF, 0xFF, 0xCE, 0x13, 0x2A, 0x2A, 0xFF, 0x4E, 0x2A, 0x1C,
    0x00, 0x00, 0x00, 0xFF, 0x2A, 0x00, 0x00, 0x04, 0x0C, 0x0C, 0x0C, 0x0C, 0x0C, 0x07, 0xBA, 0xFF,
    0xFF, 0xFF, 0xFF, 0xFF, 0xE1, 0x00, 0x49, 0xC8, 0xE3, 0xB5, 0x00, 0x01, 0x00, 0x40, 0xDF, 0x00,
    0x00, 0x21, 0xE8, 0x39, 0x00, 0x42, 0xD7, 0x2E, 0x00, 0x22, 0xFF, 0xE2, 0xD7, 0x21, 0x00, 0x3A,
    0xC3, 0xF3, 0xAE, 0x00, 0x00, 0x00, 0x52, 0xD4, 0x00, 0x00, 0xA8, 0xFF, 0x2A, 0x00, 0x00, 0x00,
    0xAF, 0x7F, 0x3F, 0xC6, 0xC9, 0xCF, 0x13, 0x00, 0x00, 0xA6, 0x45, 0x00, 0xB2, 0xD2, 0x03, 0x60,
    0xE2, 0x07, 0x00, 0x00, 0x00, 0xBF, 0x5C, 0x00, 0xB0, 0xCB, 0x00, 0x00, 0xDC, 0x38, 0x00, 0xC9,
    0xAE, 0x00, 0x01, 0xD1, 0x14, 0x00, 0xF4, 0x67, 0x00, 0x2F, 0xC8, 0x00, 0x07, 0xEF, 0x1F, 0x00,
    0x6F, 0xBB, 0x00, 0x4C, 0xED, 0x00, 0x00, 0xAE, 0xCE, 0x20, 0xCC, 0xE1, 0x07, 0x00, 0xC5, 0xC3,
    0xFF, 0xB5, 0xF4, 0x5E, 0x00, 0xED, 0x2B, 0x00, 0x00, 0x00, 0x00, 0x06, 0xEE, 0x03, 0x00, 0x00,
    0x00, 0x00, 0x2F, 0xF2, 0x00, 0x00, 0x00, 0x00, 0x00, 0x00, 0x19, 0xB5, 0xFF, 0xFF, 0xFF, 0xBC,
    0x03, 0xFC, 0xFF, 0xFF, 0xB2, 0xA2, 0x9A, 0x4C, 0xFF, 0xFF, 0xFF, 0x6A, 0xC3, 0x52, 0x43, 0xFF,
    0xFF, 0xFF, 0x22, 0xFA, 0x0F, 0x00, 0xBF, 0xFF, 0xFF, 0x04, 0xFF, 0x00, 0x00, 0x00, 0x37, 0xE4,
    0x3F, 0xD0, 0x00, 0x00, 0x00, 0x70, 0xA8, 0x87, 0xB2, 0x00, 0x00, 0x00, 0xBA, 0x82, 0xAB, 0x6A,
    0x00, 0x00, 0x00, 0xD7, 0x3A, 0xE7, 0x22, 0x00, 0x00, 0x00, 0xFF, 0x03, 0xFF, 0x00, 0x00, 0x00,
    0x00, 0x4E, 0x01, 0x4B, 0x00, 0x00, 0x00, 0x06, 0x00, 0x49, 0xFF, 0x94, 0x42, 0xFF, 0x88, 0x00,
    0x4B, 0x61, 0x06, 0x4E, 0xC6, 0xD5, 0xF6, 0x60, 0x3D, 0xD8, 0xFF, 0x00, 0x00, 0x21, 0xED, 0x00,
    0x00, 0x6A, 0xB1, 0x00, 0x00, 0xB2, 0x8B, 0x00, 0xB7, 0xFF, 0xE7, 0x54, 0x00, 0x24, 0xBB, 0xDA,
    0xA5, 0x00, 0x00, 0xF7, 0x4E, 0x04, 0xFF, 0x30, 0x2E, 0xF7, 0x00, 0x00, 0xE6, 0x43, 0x27, 0xFF,
    0x06, 0x3F, 0xF8, 0x03, 0x00, 0x9A, 0xDC, 0xC1, 0x25, 0x00, 0xAC, 0xE6, 0xE6, 0xE6, 0x5B, 0x00,
    0x00, 0x2B, 0x00, 0x00, 0x2D, 0x00, 0x00, 0x00, 0xAF, 0xBE, 0x00, 0xDF, 0x61, 0x00, 0x00, 0x09,
    0xEC, 0x91, 0x30, 0xFF, 0x42, 0x00, 0x00, 0xB8, 0xED, 0x0F, 0xE2, 0xB7, 0x0D, 0xD3, 0xCB, 0x3F,
    0xFF, 0xA5, 0x00, 0x64, 0xA5, 0x00, 0xAB, 0x5A, 0x00, 0x00, 0x03, 0x00, 0x00, 0x03, 0x00, 0x00,
    0x00, 0x00, 0x8B, 0xC3, 0x6F, 0x00, 0x00, 0x00, 0x00, 0x1C, 0xB7, 0x64, 0x00, 0x00, 0x00, 0x00,
    0x00, 0xF7, 0x15, 0x00, 0x00, 0x00, 0x00, 0x09, 0xFF, 0x00, 0x00, 0x00, 0x00, 0x66, 0xD8, 0xF8,
    0xAD, 0x00, 0x45, 0x4F, 0x00, 0x21, 0x88, 0xC9, 0xE8, 0xB0, 0x4C, 0xB8, 0xCF, 0x90, 0x27, 0x00,
    0x99, 0x21, 0x00, 0x00, 0x00, 0x00, 0xAF, 0xFF, 0x19, 0x00, 0x00, 0x00, 0x61, 0xA0, 0xFF, 0x00,
    0x00, 0x00, 0x28, 0xD0, 0x22, 0xE6, 0x00, 0x00, 0x00, 0xA3, 0xEB, 0xF5, 0xFF, 0x3F, 0x00, 0x00,
    0x00, 0x00, 0x9C, 0x88, 0x00, 0x00, 0x01, 0x2A, 0x1E, 0x00, 0x00, 0x00, 0x00, 0xBD, 0xFC, 0x94,
    0x00, 0x00, 0x00, 0x00, 0x00, 0xCB, 0x4B, 0x00, 0x00, 0x00, 0x00, 0x00, 0xFF, 0x0A, 0x00, 0x00,
    0x00, 0x00, 0x0A, 0xFF, 0x00, 0x00, 0x00, 0x00, 0x66, 0xD8, 0xF7, 0xAD, 0x07, 0x52, 0x52, 0x0F,
    0x63, 0xBE, 0xD0, 0xCD, 0xAB, 0x3A, 0x94, 0x97, 0x3C, 0x46, 0xC5, 0xDE, 0x5A, 0x00, 0x00, 0x00,
    0x22, 0x04, 0x5D, 0xCF, 0x00, 0x00, 0x00, 0x00, 0x00, 0xC6, 0x7E, 0x00, 0x00, 0x00, 0x00, 0xA3,
    0xAF, 0x00, 0x00, 0x00, 0x00, 0xA8, 0xBE, 0x00, 0x00, 0x00, 0x00, 0x45, 0xFF, 0xDC, 0xDA, 0x09,
    0x00, 0x84, 0xCE, 0xE2, 0x33, 0x00, 0x00, 0x00, 0x01, 0x00, 0xB6, 0x85, 0x00, 0x00, 0x00, 0x2A,
    0xF7, 0xD7, 0x03, 0x00, 0x00, 0x00, 0x00, 0x03, 0xFF, 0x09, 0x00, 0x00, 0x19, 0x00, 0x1F, 0xFF,
    0x00, 0x00, 0x00, 0x90, 0xD0, 0xD3, 0x4E, 0x1F, 0x78, 0x67, 0x30, 0x91, 0xBF, 0xD3, 0xB9, 0x88,
    0x28, 0x70, 0x66, 0x12, 0x00, 0x2E, 0xFA, 0x2E, 0x00, 0x00, 0x00, 0x1E, 0xBF, 0xFF, 0x03, 0x00,
    0x00, 0x12, 0xBE, 0x2B, 0xEC, 0x00, 0x00, 0x00, 0x9C, 0xEB, 0xF5, 0xFF, 0x3F, 0x00, 0x00, 0x00,
    0x00, 0x9C, 0x88, 0x00, 0x00, 0x00, 0x00, 0x30, 0xFF, 0x72, 0x00, 0x00, 0x00, 0x3A, 0xF8, 0x40,
    0x00, 0x00, 0x00, 0x00, 0x00, 0x00, 0x00, 0x00, 0x00, 0x5B, 0xFF, 0x00, 0x00, 0x00, 0x00, 0xA7,
    0xC8, 0x00, 0x00, 0x00, 0x90, 0xFF, 0x2A, 0x00, 0x00, 0x96, 0xFF, 0x2B, 0x00, 0x00, 0x13, 0xFF,
    0x4C, 0x00, 0x00, 0x00, 0x21, 0xFF, 0x76, 0x1F, 0x8D, 0x72, 0x00, 0xB7, 0xFF, 0xFF, 0xD2, 0x28,
    0x00, 0x00, 0x00, 0x5F, 0xA8, 0x00, 0x00, 0x00, 0x00, 0x00, 0x08, 0xCC, 0x09, 0x00, 0x00, 0x00,
    0x00, 0x00, 0x00, 0x00, 0x00, 0x00, 0x00, 0x00, 0x5F, 0xF1, 0x55, 0x00, 0x00, 0x00, 0x04, 0x89,
    0xFD, 0x7C, 0x00, 0x00, 0x00, 0x26, 0xC8, 0xC2, 0xA2, 0x00, 0x00, 0x00, 0x41, 0xB1, 0x94, 0xA7,
    0x00, 0x00, 0x00, 0xBB, 0x80, 0x82, 0xC6, 0x00, 0x00, 0x09, 0xE9, 0x4B, 0x6A, 0xE6, 0x00, 0x00,
    0x92, 0xFF, 0xFF, 0xFF, 0xED, 0x00, 0x05, 0xED, 0x89, 0x00, 0x32, 0xED, 0x03, 0x5F, 0xF7, 0x09,
    0x00, 0x14, 0xF0, 0x27, 0x00, 0x00, 0x00, 0x00, 0x40, 0xEF, 0x22, 0x00, 0x00, 0x00, 0x0E, 0xCD,
    0x32, 0x00, 0x00, 0x00, 0x00, 0x00, 0x00, 0x00, 0x00, 0x00, 0x00, 0x00, 0x5F, 0xF1, 0x55, 0x00,
    0x00, 0x00, 0x04, 0x89, 0xFD, 0x7C, 0x00, 0x00, 0x00, 0x26, 0xC8, 0xC2, 0xA2, 0x00, 0x00, 0x00,
    0x41, 0xB1, 0x94, 0xA7, 0x00, 0x00, 0x00, 0xBB, 0x80, 0x82, 0xC6, 0x00, 0x00, 0x09, 0xE9, 0x4B,
    0x6A, 0xE6, 0x00, 0x00, 0x92, 0xFF, 0xFF, 0xFF, 0xED, 0x00, 0x05, 0xED, 0x89, 0x00, 0x32, 0xED,
    0x03, 0x5F, 0xF7, 0x09, 0x00, 0x14, 0xF0, 0x27, 0x00, 0x00, 0x00, 0x33, 0xDE, 0xB2, 0x00, 0x00,
    0x00, 0x09, 0x8F, 0x4F, 0xE1, 0x24, 0x00, 0x00, 0x00, 0x00, 0x00, 0x00, 0x00, 0x00, 0x00, 0x00,
    0x5F, 0xF1, 0x55, 0x00, 0x00, 0x00, 0x04, 0x89, 0xFD, 0x7C, 0x00, 0x00, 0x00, 0x26, 0xC8, 0xC2,
    0xA2, 0x00, 0x00, 0x00, 0x41, 0xB1, 0x94, 0xA7, 0x00, 0x00, 0x00, 0xBB, 0x80, 0x82, 0xC6, 0x00,
    0x00, 0x09, 0xE9, 0x4B, 0x6A, 0xE6, 0x00, 0x00, 0x92, 0xFF, 0xFF, 0xFF, 0xED, 0x00, 0x05, 0xED,
    0x89, 0x00, 0x32, 0xED, 0x03, 0x5F, 0xF7, 0x09, 0x00, 0x14, 0xF0, 0x27, 0x00, 0x00, 0x00, 0x66,
    0xCE, 0x58, 0xB0, 0x00, 0x00, 0x13, 0x7C, 0xA5, 0xF0, 0x42, 0x00, 0x00, 0x00, 0x00, 0x00, 0x00,
    0x00, 0x00, 0x00, 0x00, 0x5F, 0xF1, 0x55, 0x00, 0x00, 0x00, 0x04, 0x89, 0xFD, 0x7C, 0x00, 0x00,
    0x00, 0x26, 0xC8, 0xC2, 0xA2, 0x00, 0x00, 0x00, 0x41, 0xB1, 0x94, 0xA7, 0x00, 0x00, 0x00, 0xBB,
    0x80, 0x82, 0xC6, 0x00, 0x00, 0x09, 0xE9, 0x4B, 0x6A, 0xE6, 0x00, 0x00, 0x92, 0xFF, 0xFF, 0xFF,
    0xED, 0x00, 0x05, 0xED, 0x89, 0x00, 0x32, 0xED, 0x03, 0x5F, 0xF7, 0x09, 0x00, 0x14, 0xF0, 0x27,
    0x00, 0x00, 0x00, 0x29, 0x16, 0x38, 0x1B, 0x00, 0x00, 0x0C, 0x9D, 0x41, 0xF5, 0x72, 0x00, 0x00,
    0x00, 0x00, 0x00, 0x00, 0x00, 0x00, 0x00, 0x00, 0x5F, 0xF1, 0x55, 0x00, 0x00, 0x00, 0x04, 0x89,
    0xFD, 0x7C, 0x00, 0x00, 0x00, 0x26, 0xC8, 0xC2, 0xA2, 0x00, 0x00, 0x00, 0x41, 0xB1, 0x94, 0xA7,
    0x00, 0x00, 0x00, 0xBB, 0x80, 0x82, 0xC6, 0x00, 0x00, 0x09, 0xE9, 0x4B, 0x6A, 0xE6, 0x00, 0x00,
    0x92, 0xFF, 0xFF, 0xFF, 0xED, 0x00, 0x05, 0xED, 0x89, 0x00, 0x32, 0xED, 0x03, 0x5F, 0xF7, 0x09,
    0x00, 0x14, 0xF0, 0x27, 0x00, 0x00, 0x00, 0x4E, 0xE0, 0x96, 0x00, 0x00, 0x00, 0x02, 0x80, 0x37,
    0xD3, 0x16, 0x00, 0x00, 0x00, 0x77, 0x46, 0xDF, 0x16, 0x00, 0x00, 0x00, 0x6A, 0xF6, 0x97, 0x00,
    0x00, 0x00, 0x0B, 0x98, 0xF4, 0x7C, 0x00, 0x00, 0x00, 0x28, 0xC7, 0xBD, 0xA2, 0x00, 0x00, 0x00,
    0x51, 0xAD, 0x91, 0xA7, 0x00, 0x00, 0x00, 0xB9, 0x80, 0x80, 0xC6, 0x00, 0x00, 0x12, 0xE8, 0x4A,
    0x6A, 0xE6, 0x00, 0x00, 0xA3, 0xFF, 0xFF, 0xFF, 0xED, 0x00, 0x06, 0xED, 0x89, 0x00, 0x32, 0xED,
    0x03, 0x60, 0xF8, 0x09, 0x00, 0x14, 0xF0, 0x27, 0x00, 0x00, 0x09, 0xFF, 0xFF, 0xFF, 0xB4, 0x00,
    0x00, 0x5F, 0xC1, 0xC5, 0x21, 0x04, 0x00, 0x01, 0x93, 0x48, 0xBA, 0x0D, 0x00, 0x00, 0x13, 0xC6,
    0x10, 0x9F, 0x04, 0x00, 0x00, 0x24, 0xBB, 0x51, 0xFF, 0xD4, 0x00, 0x00, 0x78, 0x73, 0x93, 0x95,
    0x1B, 0x00, 0x00, 0xE6, 0xFF, 0xFF, 0x69, 0x00, 0x00, 0x2D, 0xE3, 0x2E, 0xFF, 0x45, 0x03, 0x00,
    0x8D, 0x8A, 0x05, 0xFF, 0xFF, 0x56, 0x00, 0x00, 0x10, 0xA2, 0xFF, 0xFC, 0xAC, 0x0A, 0x05, 0xB6,
    0xF0, 0x40, 0x2C, 0x70, 0x00, 0x64, 0xE8, 0x31, 0x00, 0x00, 0x00, 0x00, 0x92, 0xB6, 0x16, 0x00,
    0x00, 0x00, 0x00, 0xAB, 0x63, 0x05, 0x00, 0x00, 0x00, 0x00, 0xC1, 0x49, 0x00, 0x00, 0x00, 0x00,
    0x00, 0xBC, 0x4B, 0x00, 0x00, 0x00, 0x00, 0x00, 0x9D, 0xC1, 0x1B, 0x21, 0x64, 0x00, 0x00, 0x43,
    0xD8, 0xFF, 0xFF, 0x7A, 0x00, 0x00, 0x00, 0x00, 0xA4, 0x40, 0x00, 0x00, 0x00, 0x29, 0xBE, 0xE4,
    0x1C, 0x00, 0x00, 0x00, 0x00, 0x00, 0x4B, 0xF6, 0x00, 0x00, 0x00, 0x00, 0x00, 0x00, 0xD5, 0x43,
    0x00, 0x00, 0x00, 0x00, 0x00, 0x00, 0x00, 0x00, 0x00, 0x11, 0xBF, 0xFF, 0xFF, 0xFF, 0xC2, 0x2A,
    0x3B, 0xD4, 0x2F, 0x0C, 0x0C, 0x09, 0x00, 0x64, 0xDF, 0x23, 0x00, 0x00, 0x00, 0x00, 0x76, 0xC3,
    0x1B, 0x00, 0x00, 0x00, 0x00, 0x92, 0xFF, 0xFF, 0xFF, 0xE7, 0x3D, 0x00, 0x97, 0x97, 0x34, 0x2A,
    0x25, 0x04, 0x00, 0xB5, 0x4F, 0x01, 0x00, 0x00, 0x00, 0x00, 0xD3, 0x51, 0x0C, 0x0C, 0x08, 0x00,
    0x00, 0xE3, 0xFF, 0xFF, 0xFF, 0xC2, 0x00, 0x00, 0x00, 0x00, 0x00, 0x16, 0xE8, 0x45, 0x00, 0x00,
    0x00, 0x00, 0xD7, 0x6D, 0x00, 0x00, 0x00, 0x00, 0x00, 0x00, 0x00, 0x00, 0x00, 0x11, 0xBF, 0xFF,
    0xFF, 0xFF, 0xC2, 0x2A, 0x3B, 0xD4, 0x2F, 0x0C, 0x0C, 0x09, 0x00, 0x64, 0xDF, 0x23, 0x00, 0x00,
    0x00, 0x00, 0x76, 0xC3, 0x1B, 0x00, 0x00, 0x00, 0x00, 0x92, 0xFF, 0xFF, 0xFF, 0xE7, 0x3D, 0x00,
    0x97, 0x97, 0x34, 0x2A, 0x25, 0x04, 0x00, 0xB5, 0x4F, 0x01, 0x00, 0x00, 0x00, 0x00, 0xD3, 0x51,
    0x0C, 0x0C, 0x08, 0x00, 0x00, 0xE3, 0xFF, 0xFF, 0xFF, 0xC2, 0x00, 0x00, 0x00, 0x00, 0x1D, 0xFF,
    0xDB, 0x02, 0x00, 0x00, 0x03, 0xC3, 0x5B, 0xA0, 0x5A, 0x00, 0x00, 0x00, 0x00, 0x00, 0x00, 0x00,
    0x00, 0x11, 0xBF, 0xFF, 0xFF, 0xFF, 0xC2, 0x2A, 0x3B, 0xD4, 0x2F, 0x0C, 0x0C, 0x09, 0x00, 0x64,
    0xDF, 0x23, 0x00, 0x00, 0x00, 0x00, 0x76, 0xC3, 0x1B, 0x00, 0x00, 0x00, 0x00, 0x92, 0xFF, 0xFF,
    0xFF, 0xE7, 0x3D, 0x00, 0x97, 0x97, 0x34, 0x2A, 0x25, 0x04, 0x00, 0xB5, 0x4F, 0x01, 0x00, 0x00,
    0x00, 0x00, 0xD3, 0x51, 0x0C, 0x0C, 0x08, 0x00, 0x00, 0xE3, 0xFF, 0xFF, 0xFF, 0xC2, 0x00, 0x00,
    0x00, 0x00, 0x33, 0x1C, 0x26, 0x23, 0x00, 0x00, 0x00, 0xDB, 0x69, 0xBD, 0x81, 0x00, 0x00, 0x00,
    0x00, 0x00, 0x00, 0x00, 0x00, 0x11, 0xBF, 0xFF, 0xFF, 0xFF, 0xC2, 0x2A, 0x3B, 0xD4, 0x2F, 0x0C,
    0x0C, 0x09, 0x00, 0x64, 0xDF, 0x23, 0x00, 0x00, 0x00, 0x00, 0x76, 0xC3, 0x1B, 0x00, 0x00, 0x00,
    0x00, 0x92, 0xFF, 0xFF, 0xFF, 0xE7, 0x3D, 0x00, 0x97, 0x97, 0x34, 0x2A, 0x25, 0x04, 0x00, 0xB5,
    0x4F, 0x01, 0x00, 0x00, 0x00, 0x00, 0xD3, 0x51, 0x0C, 0x0C, 0x08, 0x00, 0x00, 0xE3, 0xFF, 0xFF,
    0xFF, 0xC2, 0x00, 0x00, 0x00, 0x00, 0x00, 0xB1, 0xAC, 0x00, 0x00, 0x00, 0x00, 0x00, 0x0A, 0xFF,
    0x0F, 0x00, 0x00, 0x00, 0x00, 0x00, 0x00, 0x00, 0x00, 0x00, 0x1B, 0xFF, 0xFF, 0xFF, 0xFF, 0xFF,
    0x00, 0x01, 0x0C, 0xA8, 0xF7, 0x0C, 0x07, 0x00, 0x00, 0x00, 0xC1, 0xB9, 0x00, 0x00, 0x00, 0x00,
    0x00, 0xFF, 0x96, 0x00, 0x00, 0x00, 0x00, 0x06, 0xFF, 0x4C, 0x00, 0x00, 0x00, 0x00, 0x43, 0xFF,
    0x0A, 0x00, 0x00, 0x00, 0x00, 0x8B, 0xFF, 0x00, 0x00, 0x00, 0x04, 0x0C, 0xB4, 0xCE, 0x0C, 0x04,
    0x00, 0xB7, 0xFF, 0xFF, 0xFF, 0xFF, 0x70, 0x00, 0x00, 0x00, 0x00, 0x00, 0x49, 0xFF, 0x28, 0x00,
    0x00, 0x00, 0x15, 0xFC, 0x3D, 0x00, 0x00, 0x00, 0x00, 0x00, 0x00, 0x00, 0x00, 0x00, 0x1B, 0xFF,
    0xFF, 0xFF, 0xFF, 0xFF, 0x00, 0x01, 0x0C, 0xA8, 0xF7, 0x0C, 0x07, 0x00, 0x00, 0x00, 0xC1, 0xB9,
    0x00, 0x00, 0x00, 0x00, 0x00, 0xFF, 0x96, 0x00, 0x00, 0x00, 0x00, 0x06, 0xFF, 0x4C, 0x00, 0x00,
    0x00, 0x00, 0x43, 0xFF, 0x0A, 0x00, 0x00, 0x00, 0x00, 0x8B, 0xFF, 0x00, 0x00, 0x00, 0x04, 0x0C,
    0xB4, 0xCE, 0x0C, 0x04, 0x00, 0xB7, 0xFF, 0xFF, 0xFF, 0xFF, 0x70, 0x00, 0x00, 0x00, 0x00, 0x5D,
    0xFF, 0xCA, 0x00, 0x00, 0x00, 0x22, 0xF6, 0x25, 0xE7, 0x2B, 0x00, 0x00, 0x00, 0x00, 0x00, 0x00,
    0x00, 0x00, 0x1B, 0xFF, 0xFF, 0xFF, 0xFF, 0xFF, 0x00, 0x01, 0x0C, 0xA8, 0xF7, 0x0C, 0x07, 0x00,
    0x00, 0x00, 0xC1, 0xB9, 0x00, 0x00, 0x00, 0x00, 0x00, 0xFF, 0x96, 0x00, 0x00, 0x00, 0x00, 0x06,
    0xFF, 0x4C, 0x00, 0x00, 0x00, 0x00, 0x43, 0xFF, 0x0A, 0x00, 0x00, 0x00, 0x00, 0x8B, 0xFF, 0x00,
    0x00, 0x00, 0x04, 0x0C, 0xB4, 0xCE, 0x0C, 0x04, 0x00, 0xB7, 0xFF, 0xFF, 0xFF, 0xFF, 0x70, 0x00,
    0x00, 0x00, 0x00, 0x4F, 0x07, 0x37, 0x1E, 0x00, 0x00, 0x2B, 0xFF, 0x16, 0xFF, 0x81, 0x00, 0x00,
    0x00, 0x00, 0x00, 0x00, 0x00, 0x00, 0x1B, 0xFF, 0xFF, 0xFF, 0xFF, 0xFF, 0x00, 0x01, 0x0C, 0xA8,
    0xF7, 0x0C, 0x07, 0x00, 0x00, 0x00, 0xC1, 0xB9, 0x00, 0x00, 0x00, 0x00, 0x00, 0xFF, 0x96, 0x00,
    0x00, 0x00, 0x00, 0x06, 0xFF, 0x4C, 0x00, 0x00, 0x00, 0x00, 0x43, 0xFF, 0x0A, 0x00, 0x00, 0x00,
    0x00, 0x8B, 0xFF, 0x00, 0x00, 0x00, 0x04, 0x0C, 0xB4, 0xCE, 0x0C, 0x04, 0x00, 0xB7, 0xFF, 0xFF,
    0xFF, 0xFF, 0x70, 0x00, 0x00, 0x00, 0xB9, 0xFF, 0xFF, 0x99, 0x00, 0x00, 0x00, 0xC0, 0x64, 0x51,
    0xF5, 0x6C, 0x00, 0x00, 0xE6, 0x4B, 0x00, 0xCC, 0xAC, 0x00, 0x03, 0xDA, 0x2A, 0x00, 0xC3, 0xB5,
    0x00, 0xED, 0xFF, 0xD6, 0x25, 0xE9, 0xA9, 0x00, 0x80, 0xC8, 0x00, 0x09, 0xF3, 0x5A, 0x00, 0xA4,
    0x9E, 0x00, 0x77, 0xED, 0x03, 0x00, 0xE0, 0x88, 0x53, 0xE6, 0x62, 0x00, 0x01, 0xED, 0xFF, 0xF6,
    0x83, 0x00, 0x00, 0x00, 0x00, 0x02, 0xCF, 0x97, 0x9C, 0x00, 0x00, 0x00, 0x37, 0xB7, 0xCE, 0x58,
    0x00, 0x00, 0x00, 0x00, 0x00, 0x00, 0x00, 0x00, 0x00, 0x17, 0xD8, 0x69, 0x01, 0xDB, 0x40, 0x00,
    0x1C, 0xE6, 0xB8, 0x1A, 0xE3, 0x04, 0x00, 0x24, 0xE1, 0xDD, 0x3A, 0xEB, 0x00, 0x00, 0x2A, 0xA1,
    0xFF, 0x4A, 0xBD, 0x00, 0x00, 0x60, 0x6F, 0xFF, 0x7C, 0xA8, 0x00, 0x00, 0x9D, 0x69, 0xD5, 0xB2,
    0x6D, 0x00, 0x00, 0xB3, 0x50, 0xB1, 0xE1, 0x32, 0x00, 0x00, 0xE3, 0x40, 0x60, 0xFF, 0x24, 0x00,
    0x00, 0xE6, 0x21, 0x13, 0xEC, 0x1E, 0x00, 0x00, 0x00, 0x00, 0x78, 0x4B, 0x00, 0x00, 0x00, 0x00,
    0x00, 0x33, 0xF0, 0x03, 0x00, 0x00, 0x00, 0x00, 0x00, 0x00, 0x00, 0x00, 0x00, 0x00, 0x78, 0xFF,
    0xFF, 0xE7, 0x1E, 0x00, 0x5E, 0xFF, 0x6A, 0x15, 0xF0, 0xA7, 0x00, 0xF5, 0xA2, 0x00, 0x00, 0xBD,
    0xE1, 0x2A, 0xFF, 0x34, 0x00, 0x00, 0xAB, 0xDC, 0x84, 0xFF, 0x00, 0x00, 0x00, 0xD8, 0xB0, 0xB8,
    0xEC, 0x00, 0x00, 0x03, 0xFF, 0x76, 0xB4, 0xE3, 0x00, 0x00, 0x6C, 0xFF, 0x0F, 0x70, 0xFF, 0x2A,
    0x37, 0xFF, 0xAB, 0x00, 0x03, 0xC0, 0xFF, 0xFF, 0xB2, 0x00, 0x00, 0x00, 0x00, 0x00, 0x00, 0x0C,
    0xB1, 0x22, 0x00, 0x00, 0x00, 0x0C, 0xD9, 0x78, 0x00, 0x00, 0x00, 0x00, 0x00, 0x00, 0x00, 0x00,
    0x00, 0x00, 0x78, 0xFF, 0xFF, 0xE7, 0x1E, 0x00, 0x5E, 0xFF, 0x6A, 0x15, 0xF0, 0xA7, 0x00, 0xF5,
    0xA2, 0x00, 0x00, 0xBD, 0xE1, 0x2A, 0xFF, 0x34, 0x00, 0x00, 0xAB, 0xDC, 0x84, 0xFF, 0x00, 0x00,
    0x00, 0xD8, 0xB0, 0xB8, 0xEC, 0x00, 0x00, 0x03, 0xFF, 0x76, 0xB4, 0xE3, 0x00, 0x00, 0x6C, 0xFF,
    0x0F, 0x70, 0xFF, 0x2A, 0x37, 0xFF, 0xAB, 0x00, 0x03, 0xC0, 0xFF, 0xFF, 0xB2, 0x00, 0x00, 0x00,
    0x00, 0x00, 0x22, 0xBE, 0x5B, 0x00, 0x00, 0x00, 0x25, 0xE3, 0x5E, 0xF1, 0x13, 0x00, 0x00, 0x00,
    0x00, 0x00, 0x00, 0x00, 0x00, 0x00, 0x78, 0xFF, 0xFF, 0xE7, 0x1E, 0x00, 0x5E, 0xFF, 0x6A, 0x15,
    0xF0, 0xA7, 0x00, 0xF5, 0xA2, 0x00, 0x00, 0xBD, 0xE1, 0x2A, 0xFF, 0x34, 0x00, 0x00, 0xAB, 0xDC,
    0x84, 0xFF, 0x00, 0x00, 0x00, 0xD8, 0xB0, 0xB8, 0xEC, 0x00, 0x00, 0x03, 0xFF, 0x76, 0xB4, 0xE3,
    0x00, 0x00, 0x6C, 0xFF, 0x0F, 0x70, 0xFF, 0x2A, 0x37, 0xFF, 0xAB, 0x00, 0x03, 0xC0, 0xFF, 0xFF,
    0xB2, 0x00, 0x00, 0x00, 0x00, 0x06, 0xD4, 0xC6, 0x5A, 0xA5, 0x00, 0x00, 0x66, 0xB2, 0xB2, 0xFB,
    0x37, 0x00, 0x00, 0x00, 0x00, 0x00, 0x00, 0x00, 0x00, 0x00, 0x78, 0xFF, 0xFF, 0xE7, 0x1E, 0x00,
    0x5E, 0xFF, 0x6A, 0x15, 0xF0, 0xA7, 0x00, 0xF5, 0xA2, 0x00, 0x00, 0xBD, 0xE1, 0x2A, 0xFF, 0x34,
    0x00, 0x00, 0xAB, 0xDC, 0x84, 0xFF, 0x00, 0x00, 0x00, 0xD8, 0xB0, 0xB8, 0xEC, 0x00, 0x00, 0x03,
    0xFF, 0x76, 0xB4, 0xE3, 0x00, 0x00, 0x6C, 0xFF, 0x0F, 0x70, 0xFF, 0x2A, 0x37, 0xFF, 0xAB, 0x00,
    0x03, 0xC0, 0xFF, 0xFF, 0xB2, 0x00, 0x00, 0x00, 0x00, 0x03, 0x51, 0x03, 0x3D, 0x18, 0x00, 0x00,
    0x4C, 0xFF, 0x04, 0xFF, 0x60, 0x00, 0x00, 0x00, 0x00, 0x00, 0x00, 0x00, 0x00, 0x00, 0x78, 0xFF,
    0xFF, 0xE7, 0x1E, 0x00, 0x5E, 0xFF, 0x6A, 0x15, 0xF0, 0xA7, 0x00, 0xF5, 0xA2, 0x00, 0x00, 0xBD,
    0xE1, 0x2A, 0xFF, 0x34, 0x00, 0x00, 0xAB, 0xDC, 0x84, 0xFF, 0x00, 0x00, 0x00, 0xD8, 0xB0, 0xB8,
    0xEC, 0x00, 0x00, 0x03, 0xFF, 0x76, 0xB4, 0xE3, 0x00, 0x00, 0x6C, 0xFF, 0x0F, 0x70, 0xFF, 0x2A,
    0x37, 0xFF, 0xAB, 0x00, 0x03, 0xC0, 0xFF, 0xFF, 0xB2, 0x00, 0x00, 0x04, 0xBE, 0x10, 0x00, 0x00,
    0xB5, 0x1E, 0x00, 0xBE, 0xEC, 0x0C, 0xAD, 0xF7, 0x12, 0x00, 0x01, 0xC9, 0xFF, 0xFF, 0x16, 0x00,
    0x00, 0x00, 0xB2, 0xFF, 0xD8, 0x04, 0x00, 0x00, 0xA3, 0xFF, 0x2A, 0xDF, 0xC9, 0x01, 0x06, 0xD5,
    0x2B, 0x00, 0x0A, 0xCF, 0x28, 0x00, 0x00, 0x00, 0x00, 0x00, 0x00, 0x16, 0x00, 0x00, 0x7C, 0xFF,
    0xFF, 0xE9, 0xE2, 0x00, 0x5E, 0xFF, 0x63, 0x1B, 0xFF, 0xAC, 0x00, 0xF7, 0xA2, 0x00, 0xA5, 0xFF,
    0xE7, 0x2E, 0xFF, 0x37, 0x40, 0xD4, 0xB4, 0xDF, 0x88, 0xFF, 0x09, 0xE7, 0x1F, 0xDC, 0xB5, 0xBA,
    0xF2, 0xAD, 0x6D, 0x03, 0xFF, 0x7E, 0xA0, 0xFF, 0xB5, 0x00, 0x72, 0xFF, 0x12, 0x84, 0xFF, 0x3D,
    0x3A, 0xFF, 0xA8, 0x00, 0xCA, 0xD5, 0xFF, 0xFF, 0xAF, 0x00, 0x00, 0x19, 0x00, 0x00, 0x00, 0x00,
    0x00, 0x00, 0x00, 0x00, 0x5D, 0x57, 0x00, 0x00, 0x00, 0x00, 0x00, 0x20, 0xF8, 0x09, 0x00, 0x00,
    0x00, 0x00, 0x00, 0x00, 0x00, 0x00, 0x00, 0x53, 0xE0, 0x24, 0x00, 0x3A, 0xC3, 0x2D, 0x68, 0xC0,
    0x1C, 0x00, 0x79, 0xB6, 0x00, 0x8B, 0xB9, 0x17, 0x00, 0xB7, 0xA8, 0x00, 0x92, 0x87, 0x0C, 0x00,
    0xC9, 0x7C, 0x00, 0xAA, 0x54, 0x02, 0x00, 0xEE, 0x5F, 0x00, 0xC9, 0x49, 0x00, 0x12, 0xE3, 0x2B,
    0x00, 0xCC, 0x3E, 0x00, 0x67, 0xDB, 0x01, 0x00, 0xD8, 0x5D, 0x2B, 0xF1, 0x93, 0x00, 0x00, 0x85,
    0xF5, 0xFF, 0xB4, 0x08, 0x00, 0x00, 0x00, 0x00, 0x00, 0x10, 0x9D, 0x14, 0x00, 0x00, 0x00, 0x0F,
    0xDF, 0x5D, 0x00, 0x00, 0x00, 0x00, 0x00, 0x00, 0x00, 0x00, 0x00, 0x53, 0xE0, 0x24, 0x00, 0x3A,
    0xC3, 0x2D, 0x68, 0xC0, 0x1C, 0x00, 0x79, 0xB6, 0x00, 0x8B, 0xB9, 0x17, 0x00, 0xB7, 0xA8, 0x00,
    0x92, 0x87, 0x0C, 0x00, 0xC9, 0x7C, 0x00, 0xAA, 0x54, 0x02, 0x00, 0xEE, 0x5F, 0x00, 0xC9, 0x49,
    0x00, 0x12, 0xE3, 0x2B, 0x00, 0xCC, 0x3E, 0x00, 0x67, 0xDB, 0x01, 0x00, 0xD8, 0x5D, 0x2B, 0xF1,
    0x93, 0x00, 0x00, 0x85, 0xF5, 0xFF, 0xB4, 0x08, 0x00, 0x00, 0x00, 0x00, 0x15, 0xBA, 0x58, 0x00,
    0x00, 0x00, 0x13, 0xC3, 0x64, 0xD0, 0x16, 0x00, 0x00, 0x00, 0x00, 0x00, 0x00, 0x00, 0x00, 0x53,
    0xE0, 0x24, 0x00, 0x3A, 0xC3, 0x2D, 0x68, 0xC0, 0x1C, 0x00, 0x79, 0xB6, 0x00, 0x8B, 0xB9, 0x17,
    0x00, 0xB7, 0xA8, 0x00, 0x92, 0x87, 0x0C, 0x00, 0xC9, 0x7C, 0x00, 0xAA, 0x54, 0x02, 0x00, 0xEE,
    0x5F, 0x00, 0xC9, 0x49, 0x00, 0x12, 0xE3, 0x2B, 0x00, 0xCC, 0x3E, 0x00, 0x67, 0xDB, 0x01, 0x00,
    0xD8, 0x5D, 0x2B, 0xF1, 0x93, 0x00, 0x00, 0x85, 0xF5, 0xFF, 0xB4, 0x08, 0x00, 0x00, 0x00, 0x00,
    0x44, 0x07, 0x33, 0x15, 0x00, 0x00, 0x23, 0xE2, 0x12, 0xEC, 0x58, 0x00, 0x00, 0x00, 0x00, 0x00,
    0x00, 0x00, 0x00, 0x53, 0xE0, 0x24, 0x00, 0x3A, 0xC3, 0x2D, 0x68, 0xC0, 0x1C, 0x00, 0x79, 0xB6,
    0x00, 0x8B, 0xB9, 0x17, 0x00, 0xB7, 0xA8, 0x00, 0x92, 0x87, 0x0C, 0x00, 0xC9, 0x7C, 0x00, 0xAA,
    0x54, 0x02, 0x00, 0xEE, 0x5F, 0x00, 0xC9, 0x49, 0x00, 0x12, 0xE3, 0x2B, 0x00, 0xCC, 0x3E, 0x00,
    0x67, 0xDB, 0x01, 0x00, 0xD8, 0x5D, 0x2B, 0xF1, 0x93, 0x00, 0x00, 0x85, 0xF5, 0xFF, 0xB4, 0x08,
    0x00, 0x00, 0x00, 0x00, 0x1F, 0xF0, 0x3B, 0x00, 0x00, 0x02, 0xD1, 0x61, 0x00, 0x00, 0x00, 0x00,
    0x00, 0x00, 0x00, 0x00, 0xB7, 0x28, 0x00, 0x16, 0xDB, 0xA7, 0xC5, 0x40, 0x00, 0xC1, 0xB7, 0x04,
    0x97, 0x7A, 0x5F, 0xED, 0x1D, 0x00, 0x68, 0xC4, 0xFB, 0x60, 0x00, 0x00, 0x29, 0xD1, 0xAB, 0x00,
    0x00, 0x00, 0x1B, 0xCB, 0x2E, 0x00, 0x00, 0x00, 0x47, 0xDE, 0x15, 0x00, 0x00, 0x00, 0x5F, 0xCF,
    0x13, 0x00, 0x00, 0x00, 0x82, 0xB2, 0x0E, 0x00, 0x00, 0x00, 0x00, 0x24, 0xFF, 0x2A, 0x00, 0x00,
    0x00, 0x00, 0x6D, 0xFF, 0x01, 0x00, 0x00, 0x00, 0x00, 0xB5, 0xFF, 0xFF, 0xFF, 0xF2, 0x3C, 0x00,
    0xD4, 0xBE, 0x00, 0x0A, 0xD2, 0xD9, 0x00, 0xFF, 0x97, 0x00, 0x00, 0xBD, 0xE1, 0x12, 0xFF, 0x4B,
    0x03, 0x57, 0xFF, 0x85, 0x58, 0xFF, 0xFF, 0xFF, 0xFC, 0x88, 0x00, 0xA2, 0xFD, 0x00, 0x00, 0x00,
    0x00, 0x00, 0xC3, 0xBB, 0x00, 0x00, 0x00, 0x00, 0x00, 0x00, 0x00, 0x5E, 0xFF, 0xFF, 0xF6, 0x28,
    0x00, 0x12, 0xFF, 0x5E, 0x00, 0xC9, 0xA3, 0x00, 0x76, 0xF1, 0x00, 0x57, 0xEE, 0xB8, 0x00, 0xA6,
    0xB1, 0x78, 0xED, 0x27, 0x00, 0x00, 0xDE, 0x91, 0xD4, 0x8E, 0x00, 0x00, 0x00, 0xFF, 0x4F, 0x99,
    0xFF, 0x49, 0x00, 0x13, 0xFF, 0x0F, 0x00, 0x94, 0xFF, 0x1C, 0x58, 0xFF, 0x00, 0x00, 0x00, 0xF5,
    0x69, 0x9C, 0xD9, 0x2B, 0x00, 0x31, 0xFF, 0x2A, 0xBA, 0xA6, 0xFF, 0xFF, 0xFF, 0x7B, 0x00, 0x00,
    0x00, 0x22, 0xB5, 0x01, 0x00, 0x00, 0x00, 0x00, 0x00, 0xEB, 0x75, 0x00, 0x00, 0x00, 0x00, 0x00,
    0x3D, 0xEE, 0x00, 0x00, 0x00, 0x00, 0x00, 0x00, 0x00, 0x00, 0x00, 0x00, 0x42, 0xF6, 0xFF, 0xFF,
    0xC4, 0x04, 0x00, 0x2A, 0x30, 0x01, 0x0C, 0xFF, 0x72, 0x00, 0x64, 0xF0, 0xFF, 0xFF, 0xFF, 0x76,
    0x48, 0xFF, 0x39, 0x00, 0x18, 0xFF, 0x3C, 0xA6, 0xC5, 0x00, 0x00, 0x93, 0xFF, 0x03, 0xB8, 0xF6,
    0x09, 0x4F, 0xFF, 0xFA, 0x00, 0x1E, 0xF5, 0xFF, 0xDD, 0xA7, 0xBE, 0x00, 0x00, 0x00, 0x00, 0x00,
    0x00, 0xA2, 0x4B, 0x00, 0x00, 0x00, 0x00, 0xA9, 0xDA, 0x04, 0x00, 0x00, 0x00, 0x5A, 0xE7, 0x0A,
    0x00, 0x00, 0x00, 0x00, 0x00, 0x00, 0x00, 0x00, 0x00, 0x42, 0xF6, 0xFF, 0xFF, 0xC4, 0x04, 0x00,
    0x2A, 0x30, 0x01, 0x0C, 0xFF, 0x72, 0x00, 0x64, 0xF0, 0xFF, 0xFF, 0xFF, 0x76, 0x48, 0xFF, 0x39,
    0x00, 0x18, 0xFF, 0x3C, 0xA6, 0xC5, 0x00, 0x00, 0x93, 0xFF, 0x03, 0xB8, 0xF6, 0x09, 0x4F, 0xFF,
    0xFA, 0x00, 0x1E, 0xF5, 0xFF, 0xDD, 0xA7, 0xBE, 0x00, 0x00, 0x00, 0x00, 0x06, 0xB2, 0x24, 0x00,
    0x00, 0x00, 0x00, 0xAB, 0xF5, 0xB5, 0x00, 0x00, 0x00, 0x6D, 0xD4, 0x0C, 0xF6, 0x00, 0x00, 0x00,
    0x00, 0x00, 0x00, 0x00, 0x00, 0x00, 0x42, 0xF6, 0xFF, 0xFF, 0xC4, 0x04, 0x00, 0x2A, 0x30, 0x01,
    0x0C, 0xFF, 0x72, 0x00, 0x64, 0xF0, 0xFF, 0xFF, 0xFF, 0x76, 0x48, 0xFF, 0x39, 0x00, 0x18, 0xFF,
    0x3C, 0xA6, 0xC5, 0x00, 0x00, 0x93, 0xFF, 0x03, 0xB8, 0xF6, 0x09, 0x4F, 0xFF, 0xFA, 0x00, 0x1E,
    0xF5, 0xFF, 0xDD, 0xA7, 0xBE, 0x00, 0x00, 0x00, 0x36, 0xFC, 0xA9, 0x70, 0x91, 0x00, 0x00, 0xB1,
    0x49, 0xAD, 0xF5, 0x1F, 0x00, 0x00, 0x00, 0x00, 0x00, 0x00, 0x00, 0x00, 0x42, 0xF6, 0xFF, 0xFF,
    0xC4, 0x04, 0x00, 0x2A, 0x30, 0x01, 0x0C, 0xFF, 0x72, 0x00, 0x64, 0xF0, 0xFF, 0xFF, 0xFF, 0x76,
    0x48, 0xFF, 0x39, 0x00, 0x18, 0xFF, 0x3C, 0xA6, 0xC5, 0x00, 0x00, 0x93, 0xFF, 0x03, 0xB8, 0xF6,
    0x09, 0x4F, 0xFF, 0xFA, 0x00, 0x1E, 0xF5, 0xFF, 0xDD, 0xA7, 0xBE, 0x00, 0x00, 0x00, 0x69, 0xFF,
    0x07, 0xFF, 0x42, 0x00, 0x00, 0x1C, 0x40, 0x03, 0x57, 0x03, 0x00, 0x00, 0x00, 0x00, 0x00, 0x00,
    0x00, 0x00, 0x42, 0xF6, 0xFF, 0xFF, 0xC4, 0x04, 0x00, 0x2A, 0x30, 0x01, 0x0C, 0xFF, 0x72, 0x00,
    0x64, 0xF0, 0xFF, 0xFF, 0xFF, 0x76, 0x48, 0xFF, 0x39, 0x00, 0x18, 0xFF, 0x3C, 0xA6, 0xC5, 0x00,
    0x00, 0x93, 0xFF, 0x03, 0xB8, 0xF6, 0x09, 0x4F, 0xFF, 0xFA, 0x00, 0x1E, 0xF5, 0xFF, 0xDD, 0xA7,
    0xBE, 0x00, 0x00, 0x00, 0x00, 0x85, 0xF2, 0xB7, 0x00, 0x00, 0x00, 0x00, 0xF8, 0x03, 0xD5, 0x27,
    0x00, 0x00, 0x00, 0xFA, 0x1C, 0xE3, 0x1F, 0x00, 0x00, 0x00, 0x61, 0xDE, 0x8B, 0x00, 0x00, 0x00,
    0x00, 0x00, 0x00, 0x00, 0x00, 0x00, 0x42, 0xF6, 0xFF, 0xFF, 0xC4, 0x04, 0x00, 0x2A, 0x30, 0x01,
    0x0C, 0xFF, 0x72, 0x00, 0x64, 0xF0, 0xFF, 0xFF, 0xFF, 0x76, 0x48, 0xFF, 0x39, 0x00, 0x18, 0xFF,
    0x3C, 0xA6, 0xC5, 0x00, 0x00, 0x93, 0xFF, 0x03, 0xB8, 0xF6, 0x09, 0x4F, 0xFF, 0xFA, 0x00, 0x1E,
    0xF5, 0xFF, 0xDD, 0xA7, 0xBE, 0x00, 0x00, 0x27, 0xF8, 0xD2, 0xDE, 0xC9, 0x00, 0x00, 0x18, 0x1B,
    0xFF, 0x6F, 0xDD, 0x19, 0x00, 0x00, 0x00, 0xF5, 0x28, 0xDB, 0x10, 0x00, 0x86, 0xFD, 0xFF, 0xFF,
    0xFF, 0x00, 0x1A, 0xE2, 0x40, 0xFF, 0x00, 0x00, 0x00, 0x42, 0xDB, 0x68, 0xFF, 0x13, 0x26, 0x00,
    0x09, 0xF3, 0xD0, 0xC5, 0xFF, 0x47, 0x00, 0x00, 0x00, 0x54, 0xF5, 0xFF, 0xFF, 0x90, 0x00, 0x34,
    0xFF, 0x79, 0x0A, 0x2B, 0x5E, 0x00, 0xD7, 0xBA, 0x00, 0x00, 0x00, 0x00, 0x04, 0xFF, 0x42, 0x00,
    0x00, 0x00, 0x00, 0x10, 0xFF, 0x1E, 0x00, 0x00, 0x00, 0x00, 0x00, 0xFF, 0xA8, 0x01, 0x24, 0x73,
    0x00, 0x00, 0x5B, 0xFF, 0xFF, 0xFF, 0x8A, 0x00, 0x00, 0x00, 0x00, 0xA3, 0x60, 0x00, 0x00, 0x00,
    0x30, 0xED, 0xEB, 0x2E, 0x00, 0x00, 0x00, 0x00, 0x25, 0xB1, 0x00, 0x00, 0x00, 0x00, 0x00, 0x00,
    0xF1, 0x69, 0x00, 0x00, 0x00, 0x00, 0x00, 0x45, 0xE7, 0x00, 0x00, 0x00, 0x00, 0x00, 0x00, 0x00,
    0x00, 0x00, 0x00, 0x00, 0xA3, 0xFF, 0xFF, 0xBC, 0x03, 0x00, 0xA9, 0xFF, 0x36, 0x16, 0xF8, 0x8A,
    0x16, 0xFF, 0x45, 0x00, 0x00, 0xB4, 0xB2, 0x78, 0xFF, 0xFF, 0xFF, 0xFF, 0xFF, 0xB8, 0x94, 0xDF,
    0x00, 0x00, 0x00, 0x00, 0x00, 0x4E, 0xFF, 0x40, 0x00, 0x2A, 0x7B, 0x00, 0x00, 0xB2, 0xFF, 0xFF,
    0xFF, 0x9C, 0x00, 0x00, 0x00, 0x00, 0x00, 0x00, 0xA6, 0x45, 0x00, 0x00, 0x00, 0x00, 0xB2, 0xD2,
    0x03, 0x00, 0x00, 0x00, 0x60, 0xE2, 0x07, 0x00, 0x00, 0x00, 0x00, 0x00, 0x00, 0x00, 0x00, 0x00,
    0x00, 0xA3, 0xFF, 0xFF, 0xBC, 0x03, 0x00, 0xA9, 0xFF, 0x36, 0x16, 0xF8, 0x8A, 0x16, 0xFF, 0x45,
    0x00, 0x00, 0xB4, 0xB2, 0x78, 0xFF, 0xFF, 0xFF, 0xFF, 0xFF, 0xB8, 0x94, 0xDF, 0x00, 0x00, 0x00,
    0x00, 0x00, 0x4E, 0xFF, 0x40, 0x00, 0x2A, 0x7B, 0x00, 0x00, 0xB2, 0xFF, 0xFF, 0xFF, 0x9C, 0x00,
    0x00, 0x00, 0x00, 0x07, 0xB4, 0x1E, 0x00, 0x00, 0x00, 0x00, 0xB0, 0xF5, 0xAB, 0x00, 0x00, 0x00,
    0x72, 0xCD, 0x0F, 0xF2, 0x00, 0x00, 0x00, 0x00, 0x00, 0x00, 0x00, 0x00, 0x00, 0x00, 0xA3, 0xFF,
    0xFF, 0xBC, 0x03, 0x00, 0xA9, 0xFF, 0x36, 0x16, 0xF8, 0x8A, 0x16, 0xFF, 0x45, 0x00, 0x00, 0xB4,
    0xB2, 0x78, 0xFF, 0xFF, 0xFF, 0xFF, 0xFF, 0xB8, 0x94, 0xDF, 0x00, 0x00, 0x00, 0x00, 0x00, 0x4E,
    0xFF, 0x40, 0x00, 0x2A, 0x7B, 0x00, 0x00, 0xB2, 0xFF, 0xFF, 0xFF, 0x9C, 0x00, 0x00, 0x00, 0x72,
    0xFF, 0x0D, 0xFF, 0x3A, 0x00, 0x00, 0x1E, 0x3F, 0x04, 0x55, 0x01, 0x00, 0x00, 0x00, 0x00, 0x00,
    0x00, 0x00, 0x00, 0x00, 0xA3, 0xFF, 0xFF, 0xBC, 0x03, 0x00, 0xA9, 0xFF, 0x36, 0x16, 0xF8, 0x8A,
    0x16, 0xFF, 0x45, 0x00, 0x00, 0xB4, 0xB2, 0x78, 0xFF, 0xFF, 0xFF, 0xFF, 0xFF, 0xB8, 0x94, 0xDF,
    0x00, 0x00, 0x00, 0x00, 0x00, 0x4E, 0xFF, 0x40, 0x00, 0x2A, 0x7B, 0x00, 0x00, 0xB2, 0xFF, 0xFF,
    0xFF, 0x9C, 0x00, 0x00, 0x94, 0xDD, 0x00, 0x00, 0x00, 0x00, 0xCF, 0x69, 0x00, 0x00, 0x00, 0x00,
    0x00, 0x00, 0x1C, 0xFF, 0xFF, 0xA2, 0x00, 0x00, 0x00, 0xFF, 0x4F, 0x00, 0x00, 0x1C, 0xFF, 0x09,
    0x00, 0x00, 0x70, 0xFA, 0x00, 0x00, 0x00, 0xA2, 0xB7, 0x00, 0x00, 0x00, 0xB7, 0xD2, 0x00, 0x00,
    0x00, 0x4C, 0xFF, 0xFF, 0xD3, 0x00, 0x00, 0x00, 0x40, 0xA9, 0x03, 0x00, 0x00, 0x18, 0xFF, 0x5E,
    0x00, 0x00, 0x01, 0xD9, 0x75, 0x00, 0x00, 0x00, 0x00, 0x00, 0x00, 0x00, 0x00, 0x1C, 0xFF, 0xFF,
    0xA2, 0x00, 0x00, 0x00, 0x00, 0xFF, 0x4F, 0x00, 0x00, 0x00, 0x1C, 0xFF, 0x09, 0x00, 0x00, 0x00,
    0x70, 0xFA, 0x00, 0x00, 0x00, 0x00, 0xA2, 0xB7, 0x00, 0x00, 0x00, 0x00, 0xB7, 0xD2, 0x00, 0x00,
    0x00, 0x00, 0x4C, 0xFF, 0xFF, 0xD3, 0x00, 0x00, 0x00, 0x1E, 0xB8, 0x03, 0x00, 0x01, 0xE1, 0xF7,
    0x69, 0x00, 0xB4, 0xBA, 0x36, 0xD2, 0x00, 0x00, 0x00, 0x00, 0x00, 0x1C, 0xFF, 0xFF, 0xA2, 0x00,
    0x00, 0x00, 0xFF, 0x4F, 0x00, 0x00, 0x1C, 0xFF, 0x09, 0x00, 0x00, 0x70, 0xFA, 0x00, 0x00, 0x00,
    0xA2, 0xB7, 0x00, 0x00, 0x00, 0xB7, 0xD2, 0x00, 0x00, 0x00, 0x4C, 0xFF, 0xFF, 0xD3, 0x00, 0xFF,
    0x82, 0xA7, 0xC8, 0x00, 0x4C, 0x0F, 0x33, 0x2A, 0x00, 0x00, 0x00, 0x00, 0x00, 0x1C, 0xFF, 0xFF,
    0xA2, 0x00, 0x00, 0x00, 0xFF, 0x4F, 0x00, 0x00, 0x1C, 0xFF, 0x09, 0x00, 0x00, 0x70, 0xFA, 0x00,
    0x00, 0x00, 0xA2, 0xB7, 0x00, 0x00, 0x00, 0xB7, 0xD2, 0x00, 0x00, 0x00, 0x4C, 0xFF, 0xFF, 0xD3,
    0x00, 0x00, 0x01, 0xF1, 0xA1, 0x70, 0x73, 0x00, 0x00, 0x5D, 0xDA, 0xFF, 0xB8, 0x12, 0x00, 0x00,
    0x67, 0x1C, 0xB5, 0xD9, 0x00, 0x00, 0x00, 0xB2, 0xFF, 0xFF, 0xFF, 0x33, 0x00, 0xA8, 0xFF, 0x25,
    0x06, 0xFD, 0x94, 0x07, 0xFF, 0x55, 0x00, 0x00, 0xD8, 0xAE, 0x42, 0xFF, 0x00, 0x00, 0x00, 0xF7,
    0x82, 0x64, 0xFF, 0x00, 0x00, 0x21, 0xFF, 0x24, 0x2D, 0xFF, 0x45, 0x1B, 0xD5, 0xBC, 0x00, 0x00,
    0xA5, 0xFF, 0xFF, 0xBB, 0x0C, 0x00, 0x00, 0x00, 0x3C, 0xFF, 0xA2, 0x7C, 0x8A, 0x00, 0x00, 0xBA,
    0x40, 0xB4, 0xF2, 0x1C, 0x00, 0x00, 0x00, 0x00, 0x00, 0x00, 0x00, 0x00, 0x78, 0xEB, 0xB7, 0xFF,
    0xFF, 0x1F, 0x00, 0xBD, 0xFF, 0x28, 0x00, 0xF6, 0x91, 0x00, 0xD8, 0xAE, 0x00, 0x00, 0xF2, 0x7F,
    0x00, 0xFF, 0x51, 0x00, 0x00, 0xFF, 0x3C, 0x12, 0xFF, 0x0F, 0x00, 0x2D, 0xFF, 0x04, 0x57, 0xFF,
    0x00, 0x00, 0x72, 0xFC, 0x00, 0x9D, 0xD5, 0x00, 0x00, 0xB5, 0xC1, 0x00, 0x00, 0x00, 0x25, 0xB1,
    0x00, 0x00, 0x00, 0x00, 0x00, 0x00, 0xF1, 0x69, 0x00, 0x00, 0x00, 0x00, 0x00, 0x45, 0xE7, 0x00,
    0x00, 0x00, 0x00, 0x00, 0x00, 0x00, 0x00, 0x00, 0x00, 0x00, 0xB5, 0xFF, 0xFF, 0xC8, 0x06, 0x00,
    0xA2, 0xFF, 0x28, 0x19, 0xFF, 0x87, 0x06, 0xFF, 0x5D, 0x00, 0x00, 0xCB, 0xBD, 0x42, 0xFF, 0x00,
    0x00, 0x00, 0xE7, 0x90, 0x6A, 0xFF, 0x00, 0x00, 0x15, 0xFF, 0x36, 0x34, 0xFF, 0x3C, 0x0F, 0xD4,
    0xCB, 0x00, 0x00, 0xB2, 0xFF, 0xFF, 0xBE, 0x0F, 0x00, 0x00, 0x00, 0x00, 0x00, 0x00, 0xA6, 0x45,
    0x00, 0x00, 0x00, 0x00, 0xB2, 0xD2, 0x03, 0x00, 0x00, 0x00, 0x60, 0xE2, 0x07, 0x00, 0x00, 0x00,
    0x00, 0x00, 0x00, 0x00, 0x00, 0x00, 0x00, 0xB5, 0xFF, 0xFF, 0xC8, 0x06, 0x00, 0xA2, 0xFF, 0x28,
    0x19, 0xFF, 0x87, 0x06, 0xFF, 0x5D, 0x00, 0x00, 0xCB, 0xBD, 0x42, 0xFF, 0x00, 0x00, 0x00, 0xE7,
    0x90, 0x6A, 0xFF, 0x00, 0x00, 0x15, 0xFF, 0x36, 0x34, 0xFF, 0x3C, 0x0F, 0xD4, 0xCB, 0x00, 0x00,
    0xB2, 0xFF, 0xFF, 0xBE, 0x0F, 0x00, 0x00, 0x00, 0x00, 0x07, 0xB4, 0x1E, 0x00, 0x00, 0x00, 0x00,
    0xB0, 0xF5, 0xAB, 0x00, 0x00, 0x00, 0x72, 0xCD, 0x0F, 0xF2, 0x00, 0x00, 0x00, 0x00, 0x00, 0x00,
    0x00, 0x00, 0x00, 0x00, 0xB5, 0xFF, 0xFF, 0xC8, 0x06, 0x00, 0xA2, 0xFF, 0x28, 0x19, 0xFF, 0x87,
    0x06, 0xFF, 0x5D, 0x00, 0x00, 0xCB, 0xBD, 0x42, 0xFF, 0x00, 0x00, 0x00, 0xE7, 0x90, 0x6A, 0xFF,
    0x00, 0x00, 0x15, 0xFF, 0x36, 0x34, 0xFF, 0x3C, 0x0F, 0xD4, 0xCB, 0x00, 0x00, 0xB2, 0xFF, 0xFF,
    0xBE, 0x0F, 0x00, 0x00, 0x00, 0x3C, 0xFF, 0xA2, 0x7C, 0x8A, 0x00, 0x00, 0xBA, 0x40, 0xB4, 0xF2,
    0x1C, 0x00, 0x00, 0x00, 0x00, 0x00, 0x00, 0x00, 0x00, 0x00, 0xB5, 0xFF, 0xFF, 0xC8, 0x06, 0x00,
    0xA2, 0xFF, 0x28, 0x19, 0xFF, 0x87, 0x06, 0xFF, 0x5D, 0x00, 0x00, 0xCB, 0xBD, 0x42, 0xFF, 0x00,
    0x00, 0x00, 0xE7, 0x90, 0x6A, 0xFF, 0x00, 0x00, 0x15, 0xFF, 0x36, 0x34, 0xFF, 0x3C, 0x0F, 0xD4,
    0xCB, 0x00, 0x00, 0xB2, 0xFF, 0xFF, 0xBE, 0x0F, 0x00, 0x00, 0x00, 0x72, 0xFF, 0x0D, 0xFF, 0x3A,
    0x00, 0x00, 0x1E, 0x3F, 0x04, 0x55, 0x01, 0x00, 0x00, 0x00, 0x00, 0x00, 0x00, 0x00, 0x00, 0x00,
    0xB5, 0xFF, 0xFF, 0xC8, 0x06, 0x00, 0xA2, 0xFF, 0x28, 0x19, 0xFF, 0x87, 0x06, 0xFF, 0x5D, 0x00,
    0x00, 0xCB, 0xBD, 0x42, 0xFF, 0x00, 0x00, 0x00, 0xE7, 0x90, 0x6A, 0xFF, 0x00, 0x00, 0x15, 0xFF,
    0x36, 0x34, 0xFF, 0x3C, 0x0F, 0xD4, 0xCB, 0x00, 0x00, 0xB2, 0xFF, 0xFF, 0xBE, 0x0F, 0x00, 0x00,
    0x00, 0x24, 0xFF, 0x78, 0x00, 0x00, 0x00, 0x00, 0x0F, 0xBE, 0x37, 0x00, 0x00, 0xAB, 0xFF, 0xFF,
    0xFF, 0xFF, 0xFF, 0xCE, 0x13, 0x2A, 0x2A, 0x2A, 0x2A, 0x2A, 0x1C, 0x00, 0x00, 0x00, 0x34, 0x0C,
    0x00, 0x00, 0x00, 0x00, 0x28, 0xFF, 0x7C, 0x00, 0x00, 0x00, 0x00, 0x07, 0x7C, 0x22, 0x00, 0x00,
    0x00, 0x00, 0x00, 0x00, 0x00, 0x00, 0x3C, 0x00, 0x00, 0xB4, 0xFF, 0xFF, 0xF0, 0xA8, 0x00, 0x9A,
    0xFF, 0x2D, 0x6C, 0xFF, 0x8E, 0x04, 0xFF, 0x55, 0x2D, 0xE9, 0xD9, 0xA0, 0x3C, 0xFF, 0x12, 0xE9,
    0x30, 0xE8, 0x90, 0x67, 0xFF, 0xD3, 0x58, 0x18, 0xFF, 0x30, 0x37, 0xFF, 0xB7, 0x0F, 0xCE, 0xC9,
    0x00, 0x87, 0xF6, 0xFF, 0xFF, 0xC1, 0x10, 0x00, 0x3C, 0x04, 0x00, 0x00, 0x00, 0x00, 0x00, 0x00,
    0x00, 0x24, 0xFF, 0x2D, 0x00, 0x00, 0x00, 0x00, 0x00, 0x67, 0xD0, 0x00, 0x00, 0x00, 0x00, 0x00,
    0x00, 0x00, 0x00, 0x00, 0x00, 0xB4, 0xC1, 0x00, 0x00, 0xAB, 0xAF, 0x00, 0xD0, 0xA0, 0x00, 0x00,
    0xE7, 0x8B, 0x00, 0xFF, 0x58, 0x00, 0x00, 0xFF, 0x45, 0x0C, 0xFF, 0x12, 0x00, 0x28, 0xFF, 0x07,
    0x49, 0xFF, 0x00, 0x00, 0x8E, 0xFF, 0x00, 0x57, 0xFF, 0x2A, 0x42, 0xFF, 0xC9, 0x00, 0x07, 0xE6,
    0xFF, 0xD5, 0xC4, 0xAC, 0x00, 0x00, 0x00, 0x00, 0x00, 0x5A, 0xFF, 0x37, 0x00, 0x00, 0x00, 0x54,
    0xE4, 0x1C, 0x00, 0x00, 0x00, 0x00, 0x00, 0x00, 0x00, 0x00, 0x00, 0xB4, 0xC1, 0x00, 0x00, 0xAB,
    0xAF, 0x00, 0xD0, 0xA0, 0x00, 0x00, 0xE7, 0x8B, 0x00, 0xFF, 0x58, 0x00, 0x00, 0xFF, 0x45, 0x0C,
    0xFF, 0x12, 0x00, 0x28, 0xFF, 0x07, 0x49, 0xFF, 0x00, 0x00, 0x8E, 0xFF, 0x00, 0x57, 0xFF, 0x2A,
    0x42, 0xFF, 0xC9, 0x00, 0x07, 0xE6, 0xFF, 0xD5, 0xC4, 0xAC, 0x00, 0x00, 0x00, 0x00, 0x78, 0xFF,
    0x6C, 0x00, 0x00, 0x00, 0x64, 0xD7, 0x2E, 0xE4, 0x00, 0x00, 0x00, 0x00, 0x00, 0x00, 0x00, 0x00,
    0x00, 0xB4, 0xC1, 0x00, 0x00, 0xAB, 0xAF, 0x00, 0xD0, 0xA0, 0x00, 0x00, 0xE7, 0x8B, 0x00, 0xFF,
    0x58, 0x00, 0x00, 0xFF, 0x45, 0x0C, 0xFF, 0x12, 0x00, 0x28, 0xFF, 0x07, 0x49, 0xFF, 0x00, 0x00,
    0x8E, 0xFF, 0x00, 0x57, 0xFF, 0x2A, 0x42, 0xFF, 0xC9, 0x00, 0x07, 0xE6, 0xFF, 0xD5, 0xC4, 0xAC,
    0x00, 0x00, 0x00, 0x7B, 0xFF, 0x13, 0xFF, 0x30, 0x00, 0x00, 0x21, 0x3C, 0x06, 0x55, 0x01, 0x00,
    0x00, 0x00, 0x00, 0x00, 0x00, 0x00, 0x00, 0xB4, 0xC1, 0x00, 0x00, 0xAB, 0xAF, 0x00, 0xD0, 0xA0,
    0x00, 0x00, 0xE7, 0x8B, 0x00, 0xFF, 0x58, 0x00, 0x00, 0xFF, 0x45, 0x0C, 0xFF, 0x12, 0x00, 0x28,
    0xFF, 0x07, 0x49, 0xFF, 0x00, 0x00, 0x8E, 0xFF, 0x00, 0x57, 0xFF, 0x2A, 0x42, 0xFF, 0xC9, 0x00,
    0x07, 0xE6, 0xFF, 0xD5, 0xC4, 0xAC, 0x00, 0x00, 0x00, 0x00, 0x00, 0x81, 0x84, 0x00, 0x00, 0x00,
    0x00, 0x1E, 0xA4, 0x0A, 0x00, 0x00, 0x00, 0x00, 0x00, 0x00, 0x00, 0x00, 0x00, 0x1E, 0xB2, 0x00,
    0x13, 0xE1, 0x2E, 0x00, 0x1B, 0xBA, 0x00, 0x52, 0xB7, 0x00, 0x00, 0x11, 0xBD, 0x00, 0x89, 0x42,
    0x00, 0x00, 0x07, 0xA8, 0x00, 0xB7, 0x18, 0x00, 0x00, 0x00, 0x92, 0x61, 0x9C, 0x04, 0x00, 0x00,
    0x00, 0x8F, 0xFF, 0x69, 0x00, 0x00, 0x00, 0x00, 0x6E, 0xFF, 0x09, 0x00, 0x00, 0x00, 0x00, 0x76,
    0xA9, 0x00, 0x00, 0x00, 0x00, 0x0E, 0xBB, 0x0A, 0x00, 0x00, 0x00, 0x01, 0xFF, 0x9C, 0x00, 0x00,
    0x00, 0x00, 0x00, 0x00, 0x37, 0xAE, 0x14, 0x00, 0x00, 0x00, 0x00, 0x3F, 0x8F, 0x07, 0x00, 0x00,
    0x00, 0x00, 0x6F, 0x80, 0x00, 0x00, 0x00, 0x00, 0x00, 0xA3, 0xED, 0xF7, 0xE1, 0x1E, 0x00, 0x00,
    0xBD, 0xAC, 0x1C, 0xF1, 0xB4, 0x00, 0x00, 0xD9, 0x5A, 0x00, 0xB1, 0xBA, 0x00, 0x00, 0xD7, 0x23,
    0x00, 0xCC, 0xB8, 0x00, 0x14, 0xD0, 0x13, 0x07, 0xF3, 0x57, 0x00, 0x52, 0xE7, 0x4A, 0x8D, 0xDF,
    0x00, 0x00, 0x91, 0xD8, 0xF1, 0xE8, 0x1F, 0x00, 0x00, 0xAD, 0x8D, 0x00, 0x00, 0x00, 0x00, 0x00,
    0xE0, 0x5C, 0x00, 0x00, 0x00, 0x00, 0x00, 0xED, 0x2A, 0x00, 0x00, 0x00, 0x00, 0x00, 0x00, 0x00,
    0x54, 0x1E, 0x27, 0x00, 0x00, 0x00, 0x15, 0xFF, 0x7D, 0x96, 0x00, 0x00, 0x00, 0x00, 0x00, 0x00,
    0x00, 0x00, 0x00, 0x1E, 0xB2, 0x00, 0x13, 0xE1, 0x2E, 0x00, 0x1B, 0xBA, 0x00, 0x52, 0xB7, 0x00,
    0x00, 0x11, 0xBD, 0x00, 0x89, 0x42, 0x00, 0x00, 0x07, 0xA8, 0x00, 0xB7, 0x18, 0x00, 0x00, 0x00,
    0x92, 0x61, 0x9C, 0x04, 0x00, 0x00, 0x00, 0x8F, 0xFF, 0x69, 0x00, 0x00, 0x00, 0x00, 0x6E, 0xFF,
    0x09, 0x00, 0x00, 0x00, 0x00, 0x76, 0xA9, 0x00, 0x00, 0x00, 0x00, 0x0E, 0xBB, 0x0A, 0x00, 0x00,
    0x00, 0x01, 0xFF, 0x9C, 0x00, 0x00, 0x00, 0x00, 0x42, 0xFF, 0xFF, 0xFF, 0x90, 0x03, 0xFF, 0xFF,
    0xFF, 0xFF, 0xFF, 0x48, 0x00, 0x07, 0xFF, 0x52, 0x00, 0xA5, 0xF7, 0x00, 0x21, 0xFF, 0x97, 0x00,
    0x2D, 0xA0, 0x2D, 0x00, 0x00, 0x33, 0xFF, 0x82, 0x00, 0x9A, 0xFF, 0x1E, 0x01, 0xFF, 0x78, 0x00,
    0x21, 0x96, 0x00, 0x00, 0x00, 0x34, 0xFF, 0x0C, 0x9A, 0xC6, 0x04, 0xF7, 0xBA, 0x37, 0xFF, 0x46,
    0x87, 0xFF, 0x28, 0xD4, 0xFF, 0x00, 0x63, 0xB8, 0x00, 0x9F, 0x7E, 0x00, 0x00, 0xB1, 0xFF, 0x00,
    0xFF, 0xC1, 0x00, 0xFF, 0xB9, 0x31, 0xFF, 0x67, 0x64, 0xFF, 0x10, 0xB5, 0xBB, 0x00, 0x72, 0x48,
    0x00, 0xA9, 0x0F, 0x00, 0x16, 0xEF, 0x80, 0xC3, 0x77, 0xF0, 0x2E, 0x45, 0xF5, 0x6B, 0xDA, 0xB5,
    0xED, 0x06, 0x00, 0x00, 0x03, 0x5D, 0xED, 0xFC, 0xD8, 0x00, 0x00, 0x30, 0xE8, 0x61, 0x26, 0x8D,
    0x00, 0x00, 0x8F, 0x8C, 0x05, 0x00, 0x00, 0x00, 0x84, 0xFF, 0xE9, 0xD2, 0x3B, 0x00, 0x00, 0x00,
    0xE1, 0x3A, 0x00, 0x00, 0x00, 0x01, 0xB2, 0xF9, 0xDB, 0x8C, 0x00, 0x00, 0x00, 0x04, 0xD8, 0x25,
    0x00, 0x00, 0x00, 0x00, 0x00, 0xED, 0x70, 0x2F, 0x6E, 0x00, 0x00, 0x00, 0x66, 0xFB, 0xFF, 0x78,
    0x00, 0x00, 0x0A, 0x37, 0x00, 0x00, 0x00, 0x00, 0x0A, 0xDF, 0x79, 0x00, 0x00, 0x00, 0x00, 0xB2,
    0xFF, 0xFF, 0xFF, 0xFF, 0xFF, 0xFF, 0x10, 0xE8, 0x6D, 0x00, 0x00, 0x00, 0x00, 0x00, 0x10, 0x42,
    0x00, 0x00, 0x00, 0x00, 0x00, 0x01, 0x90, 0x0F, 0x00, 0x01, 0xBB, 0xFF, 0xEB, 0x0F, 0x2B, 0xA2,
    0xFF, 0x8E, 0x61, 0x00, 0x00, 0xFF, 0x1E, 0x00, 0x00, 0x00, 0xFF, 0x1E, 0x00, 0x00, 0x00, 0xFF,
    0x1E, 0x00, 0x00, 0x00, 0xFF, 0x1E, 0x00, 0x00, 0x00, 0x00, 0x00, 0x07, 0x3A, 0x00, 0x00, 0x00,
    0x00, 0x00, 0x1C, 0xF5, 0x4C, 0xA1, 0xFF, 0xFF, 0xFF, 0xFF, 0xFF, 0xFF, 0x00, 0x00, 0x00, 0x00,
    0x18, 0xF1, 0x5A, 0x00, 0x00, 0x00, 0x00, 0x0C, 0x48, 0x00, 0x00, 0x00, 0x9A, 0x0D, 0x00, 0x00,
    0x00, 0xFF, 0x1E, 0x00, 0x00, 0x00, 0xFF, 0x1E, 0x00, 0x00, 0x00, 0xFF, 0x1E, 0x00, 0x00, 0x13,
    0xFF, 0x27, 0x0A, 0x2D, 0xF2, 0xFF, 0xEC, 0x66, 0x00, 0x4F, 0xFF, 0x88, 0x00, 0x00, 0x0A, 0x37,
    0x00, 0x07, 0x3A, 0x00, 0x0A, 0xDF, 0x79, 0x00, 0x1C, 0xF5, 0x4C, 0xB2, 0xFF, 0xFF, 0xFF, 0xFF,
    0xFF, 0xFF, 0x10, 0xE8, 0x6D, 0x00, 0x18, 0xF1, 0x5A, 0x00, 0x10, 0x42, 0x00, 0x0C, 0x48, 0x00,
    0x00, 0x01, 0x90, 0x0F, 0x00, 0x01, 0xBB, 0xFF, 0xEB, 0x0F, 0x2B, 0xA2, 0xFF, 0x8E, 0x61, 0x00,
    0x00, 0xFF, 0x1E, 0x00, 0x00, 0x13, 0xFF, 0x27, 0x0A, 0x2D, 0xF2, 0xFF, 0xEC, 0x66, 0x00, 0x4F,
    0xFF, 0x88, 0x00, 0x00, 0x6A, 0x9C, 0x8B, 0x00, 0x00, 0x9C, 0x00, 0xA2, 0x00, 0x00, 0x9C, 0x00,
    0xA2, 0x00, 0x00, 0x9C, 0x00, 0xA2, 0x00, 0x00, 0x9C, 0x00, 0xA2, 0x00, 0x40, 0xF5, 0x00, 0xCA,
    0x75, 0x00, 0x42, 0xB0, 0x6C, 0x00, 0x00, 0x00, 0x0C, 0x00, 0x00, 0x00, 0x00, 0x00, 0x00, 0x00,
    0x01, 0x00, 0x00, 0x00, 0x00, 0x00, 0x00, 0xBB, 0xA6, 0x16, 0x5A, 0x5A, 0x5A, 0x93, 0xFF, 0x6C,
    0x4E, 0xF5, 0xF5, 0xFF, 0xFF, 0xF5, 0xE1, 0x06, 0x18, 0x2D, 0xFF, 0x8D, 0x18, 0x15, 0x60, 0xFF,
    0xFF, 0xFF, 0xFF, 0xFF, 0xFF, 0x00, 0xA5, 0xDF, 0x01, 0x00, 0x00, 0x00, 0x00, 0xAA, 0x18, 0x00,
    0x00, 0x00, 0x00, 0x10, 0x42, 0x42, 0x42, 0x42, 0x42, 0x3C, 0x54, 0xFF, 0xFF, 0xFF, 0xFF, 0xFF,
    0xF3, 0x04, 0x12, 0x12, 0x12, 0x12, 0x12, 0x10, 0x60, 0xFF, 0xFF, 0xFF, 0xFF, 0xFF, 0xFF, 0x06,
    0x18, 0x18, 0x18, 0x18, 0x18, 0x15, 0x60, 0xFF, 0xFF, 0xFF, 0xFF, 0xFF, 0xFF, 0x00, 0x00, 0x00,
    0x00, 0x00, 0x04, 0x51, 0x00, 0x00, 0x0D, 0x75, 0xC5, 0xFF, 0xF6, 0x33, 0xD9, 0xFF, 0xDE, 0x9C,
    0x2B, 0x00, 0x3F, 0xFD, 0xFF, 0xB2, 0x66, 0x09, 0x00, 0x00, 0x00, 0x2A, 0xA2, 0xEC, 0xFF, 0xCD,
    0x00, 0x00, 0x00, 0x00, 0x00, 0x1B, 0x7C, 0x6C, 0xFF, 0xFF, 0xFF, 0xFF, 0xFF, 0xFF, 0x21, 0x33,
    0x00, 0x00, 0x00, 0x00, 0x00, 0x4B, 0xFF, 0xFF, 0xA2, 0x4B, 0x00, 0x00, 0x00, 0x03, 0x52, 0xA1,
    0xFD, 0xFF, 0xAA, 0x00, 0x00, 0x1F, 0x8D, 0xD3, 0xFF, 0xCB, 0x3C, 0xFA, 0xFF, 0xC9, 0x78, 0x0D,
    0x00, 0x2E, 0x63, 0x06, 0x00, 0x00, 0x00, 0x00, 0x66, 0xFF, 0xFF, 0xFF, 0xFF, 0xFF, 0xFF, 0x00,
    0x00, 0x33, 0xBC, 0xB4, 0x21, 0x00, 0x00, 0x09, 0xFD, 0x5E, 0x6F, 0xEE, 0x00, 0x00, 0x43, 0xC1,
    0x00, 0x00, 0xDF, 0x1B, 0x00, 0x18, 0xFF, 0x19, 0x2A, 0xFD, 0x01, 0x00, 0x8D, 0xD8, 0xF3, 0xE8,
    0x49, 0x00, 0x00, 0x96, 0x01, 0x00, 0x00, 0x00, 0x00, 0x00, 0x00, 0x00, 0x00, 0x00, 0xA6, 0xA3,
    0x00, 0x00, 0x31, 0x00, 0x00, 0x9C, 0xA2, 0x00, 0xA5, 0xD7, 0x9C, 0x9C, 0x9C, 0xA2, 0xA8, 0x36,
    0x00, 0x00, 0x00, 0x00, 0xA2, 0x1E, 0xB7, 0xAA, 0x9C, 0x9C, 0x9C, 0xA7, 0x00, 0x22, 0x72, 0x00,
    0x00, 0x00, 0x00, 0x1D, 0xFF, 0xFF, 0xFF, 0xFF, 0xFF, 0x6F, 0x05, 0x3C, 0x3C, 0x3C, 0x3C, 0x3C,
    0x13, 0x02, 0x18, 0x18, 0x18, 0x18, 0x18, 0x07, 0x22, 0xFF, 0xFF, 0xFF, 0xFF, 0xFF, 0x84, 0x20,
    0xFF, 0xFF, 0xFF, 0xFF, 0xFF, 0x7C, 0x9F, 0x0D, 0xFF, 0x1E, 0xFF, 0x1E, 0xFF, 0x1E, 0xFF, 0x1E,
    0xFF, 0x1E, 0xFF, 0x1E, 0xFF, 0x1E, 0xFF, 0x1E, 0xFF, 0x1E, 0xFF, 0x1E, 0xFF, 0x1E, 0xFF, 0x1E,
    0xFF, 0x1E, 0xFF, 0x1E, 0x0F, 0x00, 0x13, 0xBA, 0x8D, 0x2A, 0xFF, 0xF5, 0x2A, 0xFF, 0xF5, 0x2A,
    0xFF, 0xF5, 0x2A, 0xFF, 0xF5, 0x2A, 0xFF, 0xF5, 0x2A, 0xFF, 0xF5, 0x2A, 0xFF, 0xF5, 0x2A, 0xFF,
    0xF5, 0x2A, 0xFF, 0xF5, 0x2A, 0xFF, 0xF5, 0x2A, 0xFF, 0xF5, 0x2A, 0xFF, 0xF5, 0x2A, 0xFF, 0xF5,
    0x2A, 0xFF, 0xF5, 0x01, 0x12, 0x0D, 0xAC, 0xFF, 0x60, 0xFF, 0x97, 0xDE, 0xEC, 0x25, 0x3C, 0x10,
    0x3C, 0x1B, 0x31, 0x34, 0x0F, 0x18, 0x06, 0x18, 0x0A, 0x13, 0x15, 0xCD, 0xFF, 0x72, 0xFF, 0xB4,
    0xFF, 0xFF, 0xC3, 0xFF, 0x6C, 0xFF, 0xAB, 0xFC, 0xFF, 0xA7, 0x12, 0xFF, 0x1E, 0xFF, 0x1E, 0xFF,
    0x1E, 0x04, 0x00, 0xFF, 0x1C, 0xFF, 0x1E, 0xFF, 0x1E, 0xB7, 0x13, 0x0F, 0x00, 0xFF, 0x1E, 0xFF,
    0x1E, 0xFF, 0x1E, 0xBE, 0x10, 0x19, 0xC3, 0xB2, 0x2A, 0xFF, 0xF5, 0x2A, 0xFF, 0xF5, 0x2A, 0xFF,
    0xF5, 0x00, 0x06, 0x04, 0x27, 0xFF, 0xE8, 0x2A, 0xFF, 0xF5, 0x2A, 0xFF, 0xF5, 0x1B, 0xD7, 0xA3,
    0x01, 0x12, 0x0D, 0x2A, 0xFF, 0xF5, 0x2A, 0xFF, 0xF5, 0x2A, 0xFF, 0xF5, 0x18, 0xB9, 0xA9, 0xE7,
    0x55, 0xFF, 0x55, 0xF8, 0x79, 0xC5, 0x33, 0x0F, 0x3C, 0x0F, 0x36, 0x16, 0x2B, 0x13, 0x06, 0x18,
    0x06, 0x15, 0x09, 0x10, 0xFF, 0x66, 0xFF, 0x66, 0xFF, 0x90, 0xEB, 0xFF, 0x60, 0xFF, 0x60, 0xFF,
    0x88, 0xDF, 0xA5, 0x0F, 0xFF, 0x1E, 0xFF, 0x1C, 0x24, 0x03, 0xFF, 0x1E, 0xFF, 0x1E, 0x70, 0x09,
    0x9F, 0x0D, 0xFF, 0x1E, 0xFF, 0x1C, 0x24, 0x03, 0xFF, 0x1E, 0xFF, 0x1E, 0x70, 0x09, 0x15, 0xA0,
    0x93, 0x2A, 0xFF, 0xF5, 0x27, 0xFF, 0xE8, 0x04, 0x2A, 0x1F, 0x2A, 0xFF, 0xF5, 0x2A, 0xFF, 0xF5,
    0x0D, 0x84, 0x64, 0x13, 0xBA, 0x8D, 0x2A, 0xFF, 0xF5, 0x27, 0xFF, 0xE8, 0x04, 0x2A, 0x1F, 0x2A,
    0xFF, 0xF5, 0x2A, 0xFF, 0xF5, 0x0D, 0x84, 0x64, 0xF6, 0xFF, 0xED, 0x6F, 0x94, 0x3F, 0x37, 0x13,
    0x72, 0x04, 0x00, 0x00, 0x72, 0x04, 0x00, 0x00, 0x72, 0x04, 0x00, 0x00, 0x72, 0x04, 0x00, 0x00,
    0x72, 0x04, 0x00, 0x00, 0x6B, 0x03, 0x00, 0x00, 0x16, 0x18, 0x16, 0x07, 0xFF, 0xFF, 0xF0, 0x84,
    0xFF, 0xFF, 0xEF, 0x7C, 0x72, 0x04, 0x00, 0x00, 0x72, 0x04, 0x00, 0x00, 0x72, 0x04, 0x00, 0x00,
    0x72, 0x04, 0x00, 0x00, 0x72, 0x04, 0x00, 0x00, 0x72, 0x04, 0x00, 0x00, 0x19, 0x01, 0x00, 0x00,
    0xA7, 0xFF, 0xFF, 0xF0, 0xB5, 0xAA, 0xFF, 0x3C, 0x37, 0x21, 0xAA, 0xF7, 0x00, 0x00, 0x00, 0xAA,
    0xF7, 0x00, 0x00, 0x00, 0xAA, 0xF7, 0x00, 0x00, 0x00, 0xAA, 0xF7, 0x00, 0x00, 0x00, 0xAA, 0xF7,
    0x00, 0x00, 0x00, 0xA7, 0xE1, 0x00, 0x00, 0x00, 0x0F, 0x18, 0x18, 0x16, 0x0D, 0xAA, 0xFF, 0xFF,
    0xF0, 0xB4, 0xAA, 0xFF, 0xFF, 0xEE, 0xAB, 0xAA, 0xF7, 0x00, 0x00, 0x00, 0xAA, 0xF7, 0x00, 0x00,
    0x00, 0xAA, 0xF7, 0x00, 0x00, 0x00, 0xAA, 0xF7, 0x00, 0x00, 0x00, 0xAA, 0xF7, 0x00, 0x00, 0x00,
    0xAA, 0xF7, 0x00, 0x00, 0x00, 0x2E, 0x3A, 0x00, 0x00, 0x00, 0x00, 0x28, 0xFF, 0xFF, 0xFF, 0xFF,
    0x18, 0x00, 0x07, 0x3C, 0x3C, 0x3C, 0xFF, 0x1E, 0x00, 0x00, 0x00, 0x00, 0x00, 0xFF, 0x1E, 0x00,
    0x00, 0x00, 0x00, 0x00, 0xFF, 0x1E, 0x00, 0x00, 0x00, 0x00, 0x00, 0xFF, 0x1E, 0x00, 0x00, 0x00,
    0x00, 0x00, 0xFF, 0x1E, 0x00, 0x00, 0x00, 0x00, 0x00, 0xFF, 0x1E, 0x00, 0x00, 0x00, 0x00, 0x00,
    0xF3, 0x19, 0x00, 0x03, 0x18, 0x18, 0x18, 0x18, 0x01, 0x00, 0x30, 0xFF, 0xFF, 0xFF, 0xFF, 0x1E,
    0x00, 0x2D, 0xFF, 0xFF, 0xFF, 0xFF, 0x1E, 0x00, 0x00, 0x00, 0x00, 0x00, 0xFF, 0x1E, 0x00, 0x00,
    0x00, 0x00, 0x00, 0xFF, 0x1E, 0x00, 0x00, 0x00, 0x00, 0x00, 0xFF, 0x1E, 0x00, 0x00, 0x00, 0x00,
    0x00, 0xFF, 0x1E, 0x00, 0x00, 0x00, 0x00, 0x00, 0xFF, 0x1E, 0x00, 0x00, 0x00, 0x00, 0x00, 0xFF,
    0x1E, 0x00, 0x00, 0x00, 0x00, 0x00, 0x3D, 0x04, 0xF3, 0xFF, 0xFF, 0xFF, 0xCE, 0x36, 0x3C, 0x5E,
    0xFF, 0xF5, 0x00, 0x00, 0x2A, 0xFF, 0xF5, 0x00, 0x00, 0x2A, 0xFF, 0xF5, 0x00, 0x00, 0x2A, 0xFF,
    0xF5, 0x00, 0x00, 0x2A, 0xFF, 0xF5, 0x00, 0x00, 0x2A, 0xFF, 0xF5, 0x00, 0x00, 0x24, 0xFF, 0xD9,
    0x15, 0x18, 0x18, 0x18, 0x12, 0xFF, 0xFF, 0xFF, 0xFF, 0xF5, 0xFF, 0xFF, 0xFF, 0xFF, 0xF5, 0x00,
    0x00, 0x2A, 0xFF, 0xF5, 0x00, 0x00, 0x2A, 0xFF, 0xF5, 0x00, 0x00, 0x2A, 0xFF, 0xF5, 0x00, 0x00,
    0x2A, 0xFF, 0xF5, 0x00, 0x00, 0x2A, 0xFF, 0xF5, 0x00, 0x00, 0x2A, 0xFF, 0xF5, 0x00, 0x00, 0x07,
    0x48, 0x36, 0x4D, 0x02, 0x00, 0x00, 0x72, 0x04, 0x00, 0x00, 0x72, 0x04, 0x00, 0x00, 0x72, 0x04,
    0x00, 0x00, 0x72, 0x04, 0x00, 0x00, 0x72, 0x04, 0x00, 0x00, 0x72, 0x04, 0x00, 0x00, 0xFF, 0xFF,
    0xED, 0x6F, 0x39, 0x3C, 0x37, 0x13, 0x30, 0x01, 0x00, 0x00, 0x72, 0x04, 0x00, 0x00, 0x72, 0x04,
    0x00, 0x00, 0x72, 0x04, 0x00, 0x00, 0x72, 0x04, 0x00, 0x00, 0x72, 0x04, 0x00, 0x00, 0x80, 0x1B,
    0x16, 0x07, 0xFF, 0xFF, 0xF0, 0x84, 0xFF, 0xFF, 0xEF, 0x7C, 0x85, 0xBF, 0x00, 0x00, 0x00, 0xAA,
    0xF7, 0x00, 0x00, 0x00, 0xAA, 0xF7, 0x00, 0x00, 0x00, 0xAA, 0xF7, 0x00, 0x00, 0x00, 0xAA, 0xF7,
    0x00, 0x00, 0x00, 0xAA, 0xF7, 0x00, 0x00, 0x00, 0xAA, 0xF7, 0x00, 0x00, 0x00, 0xAA, 0xFF, 0xFF,
    0xF0, 0xB5, 0x26, 0x3C, 0x3C, 0x37, 0x21, 0x54, 0x6A, 0x00, 0x00, 0x00, 0xAA, 0xF7, 0x00, 0x00,
    0x00, 0xAA, 0xF7, 0x00, 0x00, 0x00, 0xAA, 0xF7, 0x00, 0x00, 0x00, 0xAA, 0xF7, 0x00, 0x00, 0x00,
    0xAA, 0xF7, 0x00, 0x00, 0x00, 0xAA, 0xF9, 0x18, 0x16, 0x0D, 0xAA, 0xFF, 0xFF, 0xF0, 0xB4, 0xA9,
    0xFF, 0xFF, 0xEE, 0xAB, 0x00, 0x00, 0x00, 0x00, 0x00, 0xAF, 0x12, 0x00, 0x00, 0x00, 0x00, 0x00,
    0xFF, 0x1E, 0x00, 0x00, 0x00, 0x00, 0x00, 0xFF, 0x1E, 0x00, 0x00, 0x00, 0x00, 0x00, 0xFF, 0x1E,
    0x00, 0x00, 0x00, 0x00, 0x00, 0xFF, 0x1E, 0x00, 0x00, 0x00, 0x00, 0x00, 0xFF, 0x1E, 0x00, 0x00,
    0x00, 0x00, 0x00, 0xFF, 0x1E, 0x00, 0x28, 0xFF, 0xFF, 0xFF, 0xFF, 0x1E, 0x00, 0x07, 0x3C, 0x3C,
    0x3C, 0x3C, 0x04, 0x00, 0x00, 0x00, 0x00, 0x00, 0x70, 0x09, 0x00, 0x00, 0x00, 0x00, 0x00, 0xFF,
    0x1E, 0x00, 0x00, 0x00, 0x00, 0x00, 0xFF, 0x1E, 0x00, 0x00, 0x00, 0x00, 0x00, 0xFF, 0x1E, 0x00,
    0x00, 0x00, 0x00, 0x00, 0xFF, 0x1E, 0x00, 0x00, 0x00, 0x00, 0x00, 0xFF, 0x1E, 0x00, 0x03, 0x18,
    0x18, 0x18, 0xFF, 0x1E, 0x00, 0x30, 0xFF, 0xFF, 0xFF, 0xFF, 0x1E, 0x00, 0x2D, 0xFF, 0xFF, 0xFF,
    0xFF, 0x1C, 0x00, 0x00, 0x19, 0xCD, 0xBB, 0x00, 0x00, 0x2A, 0xFF, 0xF5, 0x00, 0x00, 0x2A, 0xFF,
    0xF5, 0x00, 0x00, 0x2A, 0xFF, 0xF5, 0x00, 0x00, 0x2A, 0xFF, 0xF5, 0x00, 0x00, 0x2A, 0xFF, 0xF5,
    0x00, 0x00, 0x2A, 0xFF, 0xF5, 0xF3, 0xFF, 0xFF, 0xFF, 0xF5, 0x36, 0x3C, 0x3C, 0x3C, 0x2D, 0x00,
    0x00, 0x0D, 0x84, 0x64, 0x00, 0x00, 0x2A, 0xFF, 0xF5, 0x00, 0x00, 0x2A, 0xFF, 0xF5, 0x00, 0x00,
    0x2A, 0xFF, 0xF5, 0x00, 0x00, 0x2A, 0xFF, 0xF5, 0x00, 0x00, 0x2A, 0xFF, 0xF5, 0x15, 0x18, 0x3F,
    0xFF, 0xF5, 0xFF, 0xFF, 0xFF, 0xFF, 0xF5, 0xFF, 0xFF, 0xFF, 0xFF, 0xE8, 0x44, 0x02, 0x00, 0x00,
    0x72, 0x04, 0x00, 0x00, 0x72, 0x04, 0x00, 0x00, 0x72, 0x04, 0x00, 0x00, 0x72, 0x04, 0x00, 0x00,
    0x72, 0x04, 0x00, 0x00, 0x72, 0x04, 0x00, 0x00, 0xEE, 0xDD, 0xCC, 0x5A, 0xB7, 0x7A, 0x6E, 0x28,
    0x72, 0x04, 0x00, 0x00, 0x72, 0x04, 0x00, 0x00, 0x72, 0x04, 0x00, 0x00, 0x72, 0x04, 0x00, 0x00,
    0x72, 0x04, 0x00, 0x00, 0x72, 0x04, 0x00, 0x00, 0x06, 0x00, 0x00, 0x00, 0x44, 0x02, 0x00, 0x00,
    0x72, 0x04, 0x00, 0x00, 0x72, 0x04, 0x00, 0x00, 0x72, 0x04, 0x00, 0x00, 0x72, 0x04, 0x00, 0x00,
    0x72, 0x04, 0x00, 0x00, 0x9C, 0x4B, 0x42, 0x18, 0xFF, 0xFF, 0xF0, 0x84, 0xFF, 0xFF, 0xED, 0x6C,
    0x72, 0x04, 0x00, 0x00, 0x72, 0x04, 0x00, 0x00, 0x72, 0x04, 0x00, 0x00, 0x72, 0x04, 0x00, 0x00,
    0x72, 0x04, 0x00, 0x00, 0x72, 0x04, 0x00, 0x00, 0x06, 0x00, 0x00, 0x00, 0x85, 0xBF, 0x00, 0x00,
    0x00, 0xAA, 0xF7, 0x00, 0x00, 0x00, 0xAA, 0xF7, 0x00, 0x00, 0x00, 0xAA, 0xF7, 0x00, 0x00, 0x00,
    0xAA, 0xF7, 0x00, 0x00, 0x00, 0xAA, 0xF7, 0x00, 0x00, 0x00, 0xAA, 0xF7, 0x00, 0x00, 0x00, 0xAA,
    0xFF, 0xFF, 0xF0, 0xB5, 0x88, 0xA9, 0x3C, 0x37, 0x21, 0x7B, 0x84, 0x00, 0x00, 0x00, 0x7B, 0x84,
    0x00, 0x00, 0x00, 0x7B, 0x84, 0x00, 0x00, 0x00, 0x7B, 0x84, 0x00, 0x00, 0x00, 0x7B, 0x84, 0x00,
    0x00, 0x00, 0x6D, 0x74, 0x00, 0x00, 0x00, 0x47, 0x43, 0x00, 0x00, 0x00, 0x7B, 0x84, 0x00, 0x00,
    0x00, 0x7B, 0x84, 0x00, 0x00, 0x00, 0x7B, 0x84, 0x00, 0x00, 0x00, 0x7B, 0x84, 0x00, 0x00, 0x00,
    0x7B, 0x84, 0x00, 0x00, 0x00, 0x7B, 0x84, 0x00, 0x00, 0x00, 0xA4, 0xF9, 0xDC, 0xCE, 0x94, 0xAA,
    0xFF, 0x78, 0x6D, 0x43, 0xAA, 0xF7, 0x00, 0x00, 0x00, 0xAA, 0xF7, 0x00, 0x00, 0x00, 0xAA, 0xF7,
    0x00, 0x00, 0x00, 0xAA, 0xF7, 0x00, 0x00, 0x00, 0xAA, 0xF7, 0x00, 0x00, 0x00, 0xAA, 0xF7, 0x00,
    0x00, 0x00, 0x0B, 0x0E, 0x00, 0x00, 0x00, 0x77, 0x96, 0x00, 0x00, 0x00, 0xAA, 0xF7, 0x00, 0x00,
    0x00, 0xAA, 0xF7, 0x00, 0x00, 0x00, 0xAA, 0xF7, 0x00, 0x00, 0x00, 0xAA, 0xF7, 0x00, 0x00, 0x00,
    0xAA, 0xF7, 0x00, 0x00, 0x00, 0xAA, 0xF7, 0x00, 0x00, 0x00, 0xAA, 0xFF, 0xDC, 0xCE, 0x94, 0xAA,
    0xFF, 0x78, 0x6D, 0x43, 0xAA, 0xF7, 0x00, 0x00, 0x00, 0xAA, 0xF7, 0x00, 0x00, 0x00, 0xAA, 0xF7,
    0x00, 0x00, 0x00, 0xAA, 0xF7, 0x00, 0x00, 0x00, 0xAA, 0xF7, 0x00, 0x00, 0x00, 0xAA, 0xF7, 0x00,
    0x00, 0x00, 0x0B, 0x0E, 0x00, 0x00, 0x00, 0x54, 0x6A, 0x00, 0x00, 0x00, 0xAA, 0xF7, 0x00, 0x00,
    0x00, 0xAA, 0xF7, 0x00, 0x00, 0x00, 0xAA, 0xF7, 0x00, 0x00, 0x00, 0xAA, 0xF7, 0x00, 0x00, 0x00,
    0xAA, 0xF7, 0x00, 0x00, 0x00, 0xAA, 0xF9, 0x18, 0x16, 0x0D, 0xAA, 0xFF, 0xFF, 0xF0, 0xB4, 0xA9,
    0xFF, 0xFF, 0xEE, 0xAB, 0x7B, 0x84, 0x00, 0x00, 0x00, 0x7B, 0x84, 0x00, 0x00, 0x00, 0x7B, 0x84,
    0x00, 0x00, 0x00, 0x7B, 0x84, 0x00, 0x00, 0x00, 0x7B, 0x84, 0x00, 0x00, 0x00, 0x7B, 0x84, 0x00,
    0x00, 0x00, 0x1B, 0x1A, 0x00, 0x00, 0x00, 0x3E, 0x3B, 0x00, 0x00, 0x00, 0x7B, 0x84, 0x00, 0x00,
    0x00, 0x7B, 0x84, 0x00, 0x00, 0x00, 0x7B, 0x84, 0x00, 0x00, 0x00, 0x7B, 0x84, 0x00, 0x00, 0x00,
    0x7B, 0x84, 0x00, 0x00, 0x00, 0x86, 0xA5, 0x36, 0x31, 0x1E, 0xAA, 0xFF, 0xFF, 0xF0, 0xB4, 0xAA,
    0xFF, 0xFF, 0xF2, 0xBD, 0xAA, 0xF7, 0x00, 0x00, 0x00, 0xAA, 0xF7, 0x00, 0x00, 0x00, 0xAA, 0xF7,
    0x00, 0x00, 0x00, 0xAA, 0xF7, 0x00, 0x00, 0x00, 0xAA, 0xF7, 0x00, 0x00, 0x00, 0xAA, 0xF7, 0x00,
    0x00, 0x00, 0x1B, 0x21, 0x00, 0x00, 0x00, 0x77, 0x96, 0x00, 0x00, 0x00, 0xAA, 0xF7, 0x00, 0x00,
    0x00, 0xAA, 0xF7, 0x00, 0x00, 0x00, 0xAA, 0xF7, 0x00, 0x00, 0x00, 0xAA, 0xF7, 0x00, 0x00, 0x00,
    0xAA, 0xF7, 0x00, 0x00, 0x00, 0xAA, 0xFF, 0x48, 0x42, 0x28, 0xAA, 0xFF, 0xFF, 0xF0, 0xB4, 0xAA,
    0xFF, 0xFF, 0xF0, 0xB2, 0xAA, 0xF7, 0x00, 0x00, 0x00, 0xAA, 0xF7, 0x00, 0x00, 0x00, 0xAA, 0xF7,
    0x00, 0x00, 0x00, 0xAA, 0xF7, 0x00, 0x00, 0x00, 0xAA, 0xF7, 0x00, 0x00, 0x00, 0xAA, 0xF7, 0x00,
    0x00, 0x00, 0x0B, 0x0E, 0x00, 0x00, 0x00, 0x00, 0x00, 0x00, 0x00, 0x00, 0x9F, 0x0D, 0x00, 0x00,
    0x00, 0x00, 0x00, 0xFF, 0x1E, 0x00, 0x00, 0x00, 0x00, 0x00, 0xFF, 0x1E, 0x00, 0x00, 0x00, 0x00,
    0x00, 0xFF, 0x1E, 0x00, 0x00, 0x00, 0x00, 0x00, 0xFF, 0x1E, 0x00, 0x00, 0x00, 0x00, 0x00, 0xFF,
    0x1E, 0x00, 0x00, 0x00, 0x00, 0x00, 0xFF, 0x1E, 0x00, 0x21, 0xDC, 0xDC, 0xDC, 0xFF, 0x1E, 0x00,
    0x0F, 0x78, 0x78, 0x78, 0xFF, 0x1E, 0x00, 0x00, 0x00, 0x00, 0x00, 0xFF, 0x1E, 0x00, 0x00, 0x00,
    0x00, 0x00, 0xFF, 0x1E, 0x00, 0x00, 0x00, 0x00, 0x00, 0xFF, 0x1E, 0x00, 0x00, 0x00, 0x00, 0x00,
    0xFF, 0x1E, 0x00, 0x00, 0x00, 0x00, 0x00, 0xFF, 0x1E, 0x00, 0x00, 0x00, 0x00, 0x00, 0xFF, 0x1E,
    0x00, 0x00, 0x00, 0x00, 0x00, 0x0F, 0x00, 0x00, 0x00, 0x00, 0x00, 0x00, 0x9F, 0x0D, 0x00, 0x00,
    0x00, 0x00, 0x00, 0xFF, 0x1E, 0x00, 0x00, 0x00, 0x00, 0x00, 0xFF, 0x1E, 0x00, 0x00, 0x00, 0x00,
    0x00, 0xFF, 0x1E, 0x00, 0x00, 0x00, 0x00, 0x00, 0xFF, 0x1E, 0x00, 0x00, 0x00, 0x00, 0x00, 0xFF,
    0x1E, 0x00, 0x09, 0x48, 0x48, 0x48, 0xFF, 0x1E, 0x00, 0x30, 0xFF, 0xFF, 0xFF, 0xFF, 0x1E, 0x00,
    0x27, 0xFF, 0xFF, 0xFF, 0xFF, 0x1E, 0x00, 0x00, 0x00, 0x00, 0x00, 0xFF, 0x1E, 0x00, 0x00, 0x00,
    0x00, 0x00, 0xFF, 0x1E, 0x00, 0x00, 0x00, 0x00, 0x00, 0xFF, 0x1E, 0x00, 0x00, 0x00, 0x00, 0x00,
    0xFF, 0x1E, 0x00, 0x00, 0x00, 0x00, 0x00, 0xFF, 0x1E, 0x00, 0x00, 0x00, 0x00, 0x00, 0xFF, 0x1E,
    0x00, 0x00, 0x00, 0x00, 0x00, 0x0F, 0x00, 0x00, 0x00, 0x19, 0xCD, 0xBB, 0x00, 0x00, 0x2A, 0xFF,
    0xF5, 0x00, 0x00, 0x2A, 0xFF, 0xF5, 0x00, 0x00, 0x2A, 0xFF, 0xF5, 0x00, 0x00, 0x2A, 0xFF, 0xF5,
    0x00, 0x00, 0x2A, 0xFF, 0xF5, 0x00, 0x00, 0x2A, 0xFF, 0xF5, 0xF3, 0xFF, 0xFF, 0xFF, 0xF5, 0x36,
    0x3C, 0x3C, 0xDE, 0x8D, 0x00, 0x00, 0x00, 0xCD, 0x72, 0x00, 0x00, 0x00, 0xCD, 0x72, 0x00, 0x00,
    0x00, 0xCD, 0x72, 0x00, 0x00, 0x00, 0xCD, 0x72, 0x00, 0x00, 0x00, 0xCD, 0x72, 0x00, 0x00, 0x00,
    0xB6, 0x64, 0x00, 0x00, 0x00, 0x9D, 0x48, 0x00, 0x00, 0x00, 0xCD, 0x72, 0x00, 0x00, 0x00, 0xCD,
    0x72, 0x00, 0x00, 0x00, 0xCD, 0x72, 0x00, 0x00, 0x00, 0xCD, 0x72, 0x00, 0x00, 0x00, 0xCD, 0x72,
    0x00, 0x00, 0x00, 0xCD, 0x72, 0xF3, 0xFF, 0xFF, 0xFF, 0xDD, 0x36, 0x3C, 0x5E, 0xFF, 0xF5, 0x00,
    0x00, 0x2A, 0xFF, 0xF5, 0x00, 0x00, 0x2A, 0xFF, 0xF5, 0x00, 0x00, 0x2A, 0xFF, 0xF5, 0x00, 0x00,
    0x2A, 0xFF, 0xF5, 0x00, 0x00, 0x2A, 0xFF, 0xF5, 0x00, 0x00, 0x24, 0xFF, 0xD9, 0x00, 0x00, 0x13,
    0xBA, 0x8D, 0x00, 0x00, 0x2A, 0xFF, 0xF5, 0x00, 0x00, 0x2A, 0xFF, 0xF5, 0x00, 0x00, 0x2A, 0xFF,
    0xF5, 0x00, 0x00, 0x2A, 0xFF, 0xF5, 0x00, 0x00, 0x2A, 0xFF, 0xF5, 0x00, 0x00, 0x2A, 0xFF, 0xF5,
    0xC6, 0xDC, 0xE6, 0xFF, 0xF5, 0x6C, 0x78, 0x94, 0xFF, 0xF5, 0x00, 0x00, 0x2A, 0xFF, 0xF5, 0x00,
    0x00, 0x2A, 0xFF, 0xF5, 0x00, 0x00, 0x2A, 0xFF, 0xF5, 0x00, 0x00, 0x2A, 0xFF, 0xF5, 0x00, 0x00,
    0x2A, 0xFF, 0xF5, 0x00, 0x00, 0x2A, 0xFF, 0xF5, 0x00, 0x00, 0x01, 0x12, 0x0D, 0x00, 0x00, 0x0D,
    0x84, 0x64, 0x00, 0x00, 0x2A, 0xFF, 0xF5, 0x00, 0x00, 0x2A, 0xFF, 0xF5, 0x00, 0x00, 0x2A, 0xFF,
    0xF5, 0x00, 0x00, 0x2A, 0xFF, 0xF5, 0x00, 0x00, 0x2A, 0xFF, 0xF5, 0x15, 0x18, 0x3F, 0xFF, 0xF5,
    0xFF, 0xFF, 0xFF, 0xFF, 0xF5, 0xFF, 0xFF, 0xFF, 0xFF, 0xED, 0x00, 0x00, 0x00, 0xCD, 0x72, 0x00,
    0x00, 0x00, 0xCD, 0x72, 0x00, 0x00, 0x00, 0xCD, 0x72, 0x00, 0x00, 0x00, 0xCD, 0x72, 0x00, 0x00,
    0x00, 0xCD, 0x72, 0x00, 0x00, 0x00, 0xCD, 0x72, 0x00, 0x00, 0x00, 0x2D, 0x15, 0x00, 0x00, 0x00,
    0x54, 0x27, 0x00, 0x00, 0x00, 0xCD, 0x72, 0x00, 0x00, 0x00, 0xCD, 0x72, 0x00, 0x00, 0x00, 0xCD,
    0x72, 0x00, 0x00, 0x00, 0xCD, 0x72, 0x00, 0x00, 0x00, 0xCD, 0x72, 0x15, 0x18, 0x18, 0xD3, 0x7C,
    0xFF, 0xFF, 0xFF, 0xFF, 0xF5, 0xFF, 0xFF, 0xFF, 0xFF, 0xF5, 0x00, 0x00, 0x2A, 0xFF, 0xF5, 0x00,
    0x00, 0x2A, 0xFF, 0xF5, 0x00, 0x00, 0x2A, 0xFF, 0xF5, 0x00, 0x00, 0x2A, 0xFF, 0xF5, 0x00, 0x00,
    0x2A, 0xFF, 0xF5, 0x00, 0x00, 0x2A, 0xFF, 0xF5, 0x00, 0x00, 0x07, 0x48, 0x36, 0x00, 0x00, 0x13,
    0xBA, 0x8D, 0x00, 0x00, 0x2A, 0xFF, 0xF5, 0x00, 0x00, 0x2A, 0xFF, 0xF5, 0x00, 0x00, 0x2A, 0xFF,
    0xF5, 0x00, 0x00, 0x2A, 0xFF, 0xF5, 0x00, 0x00, 0x2A, 0xFF, 0xF5, 0x40, 0x48, 0x69, 0xFF, 0xF5,
    0xFF, 0xFF, 0xFF, 0xFF, 0xF5, 0xF0, 0xFF, 0xFF, 0xFF, 0xF5, 0x00, 0x00, 0x2A, 0xFF, 0xF5, 0x00,
    0x00, 0x2A, 0xFF, 0xF5, 0x00, 0x00, 0x2A, 0xFF, 0xF5, 0x00, 0x00, 0x2A, 0xFF, 0xF5, 0x00, 0x00,
    0x2A, 0xFF, 0xF5, 0x00, 0x00, 0x2A, 0xFF, 0xF5, 0x00, 0x00, 0x01, 0x12, 0x0D, 0x1D, 0xFF, 0xFF,
    0xFF, 0xFF, 0xFF, 0x6F, 0x05, 0x3C, 0x3C, 0xFF, 0x4A, 0x3C, 0x13, 0x00, 0x00, 0x00, 0xFF, 0x11,
    0x00, 0x00, 0x00, 0x00, 0x00, 0xFF, 0x11, 0x00, 0x00, 0x00, 0x00, 0x00, 0xFF, 0x11, 0x00, 0x00,
    0x00, 0x00, 0x00, 0xFF, 0x11, 0x00, 0x00, 0x00, 0x00, 0x00, 0xFF, 0x11, 0x00, 0x00, 0x00, 0x00,
    0x00, 0xF3, 0x0E, 0x00, 0x00, 0x02, 0x18, 0x18, 0x18, 0x01, 0x00, 0x00, 0x22, 0xFF, 0xFF, 0xFF,
    0xBA, 0xB4, 0x49, 0x20, 0xFF, 0xFF, 0xFF, 0xB7, 0xAE, 0x3A, 0x00, 0x00, 0x00, 0xFF, 0x11, 0x00,
    0x00, 0x00, 0x00, 0x00, 0xFF, 0x11, 0x00, 0x00, 0x00, 0x00, 0x00, 0xFF, 0x11, 0x00, 0x00, 0x00,
    0x00, 0x00, 0xFF, 0x11, 0x00, 0x00, 0x00, 0x00, 0x00, 0xFF, 0x11, 0x00, 0x00, 0x00, 0x00, 0x00,
    0xFF, 0x11, 0x00, 0x00, 0x00, 0x00, 0x00, 0x3D, 0x02, 0x00, 0x00, 0x00, 0x00, 0x00, 0x15, 0x18,
    0x18, 0x06, 0x1D, 0xB4, 0xB4, 0xFF, 0xFF, 0xFF, 0x6C, 0x16, 0xAE, 0xAE, 0xFF, 0xFF, 0xFF, 0x66,
    0x00, 0x00, 0x00, 0xFF, 0x03, 0x00, 0x00, 0x00, 0x00, 0x00, 0xFF, 0x03, 0x00, 0x00, 0x00, 0x00,
    0x00, 0xFF, 0x03, 0x00, 0x00, 0x00, 0x00, 0x00, 0xFF, 0x03, 0x00, 0x00, 0x00, 0x00, 0x00, 0xFF,
    0x03, 0x00, 0x00, 0x00, 0x00, 0x00, 0xFF, 0x03, 0x00, 0x00, 0x00, 0x00, 0x00, 0x42, 0x00, 0x00,
    0x00, 0x02, 0x18, 0x18, 0x18, 0x18, 0x18, 0x07, 0x22, 0xFF, 0xFF, 0xFF, 0xFF, 0xFF, 0x84, 0x20,
    0xFF, 0xFF, 0xFF, 0xFF, 0xFF, 0x7C, 0x00, 0x00, 0x00, 0xFF, 0x11, 0x00, 0x00, 0x00, 0x00, 0x00,
    0xFF, 0x11, 0x00, 0x00, 0x00, 0x00, 0x00, 0xFF, 0x11, 0x00, 0x00, 0x00, 0x00, 0x00, 0xFF, 0x11,
    0x00, 0x00, 0x00, 0x00, 0x00, 0xFF, 0x11, 0x00, 0x00, 0x00, 0x00, 0x00, 0xFF, 0x11, 0x00, 0x00,
    0x00, 0x00, 0x00, 0x3D, 0x02, 0x00, 0x00, 0xFA, 0xFF, 0xFF, 0xFF, 0xFF, 0xEA, 0xB5, 0x39, 0x54,
    0xE8, 0xFF, 0x3C, 0x34, 0x21, 0x00, 0x1E, 0xE1, 0xF5, 0x00, 0x00, 0x00, 0x00, 0x1E, 0xE1, 0xF5,
    0x00, 0x00, 0x00, 0x00, 0x1E, 0xE1, 0xF5, 0x00, 0x00, 0x00, 0x00, 0x1E, 0xE1, 0xF5, 0x00, 0x00,
    0x00, 0x00, 0x1E, 0xE1, 0xF5, 0x00, 0x00, 0x00, 0x00, 0x1A, 0xE0, 0xD9, 0x00, 0x00, 0x00, 0x17,
    0x18, 0x18, 0x12, 0x00, 0x00, 0x00, 0xFF, 0xFF, 0xFF, 0xFF, 0xB4, 0xA3, 0x79, 0xFF, 0xFF, 0xFF,
    0xFF, 0xAE, 0x98, 0x61, 0x00, 0x1E, 0xE1, 0xF5, 0x00, 0x00, 0x00, 0x00, 0x1E, 0xE1, 0xF5, 0x00,
    0x00, 0x00, 0x00, 0x1E, 0xE1, 0xF5, 0x00, 0x00, 0x00, 0x00, 0x1E, 0xE1, 0xF5, 0x00, 0x00, 0x00,
    0x00, 0x1E, 0xE1, 0xF5, 0x00, 0x00, 0x00, 0x00, 0x1E, 0xE1, 0xF5, 0x00, 0x00, 0x00, 0x00, 0x05,
    0x3F, 0x36, 0x00, 0x00, 0x00, 0x00, 0x01, 0x15, 0x18, 0x18, 0x15, 0x0D, 0xAC, 0xBF, 0xF6, 0xFF,
    0xFF, 0xEA, 0xB4, 0xA7, 0xA6, 0xF2, 0xFF, 0xFF, 0xE7, 0xAB, 0x00, 0x1E, 0xE1, 0xF5, 0x00, 0x00,
    0x00, 0x00, 0x1E, 0xE1, 0xF5, 0x00, 0x00, 0x00, 0x00, 0x1E, 0xE1, 0xF5, 0x00, 0x00, 0x00, 0x00,
    0x1E, 0xE1, 0xF5, 0x00, 0x00, 0x00, 0x00, 0x1E, 0xE1, 0xF5, 0x00, 0x00, 0x00, 0x00, 0x1E, 0xE1,
    0xF5, 0x00, 0x00, 0x00, 0x00, 0x05, 0x3F, 0x36, 0x00, 0x00, 0x00, 0x17, 0x18, 0x18, 0x18, 0x18,
    0x15, 0x0D, 0xFF, 0xFF, 0xFF, 0xFF, 0xFF, 0xEA, 0xB4, 0xFF, 0xFF, 0xFF, 0xFF, 0xFF, 0xE7, 0xAB,
    0x00, 0x1E, 0xE1, 0xF5, 0x00, 0x00, 0x00, 0x00, 0x1E, 0xE1, 0xF5, 0x00, 0x00, 0x00, 0x00, 0x1E,
    0xE1, 0xF5, 0x00, 0x00, 0x00, 0x00, 0x1E, 0xE1, 0xF5, 0x00, 0x00, 0x00, 0x00, 0x1E, 0xE1, 0xF5,
    0x00, 0x00, 0x00, 0x00, 0x1E, 0xE1, 0xF5, 0x00, 0x00, 0x00, 0x00, 0x05, 0x3F, 0x36, 0x00, 0x00,
    0x00, 0x00, 0x00, 0x00, 0xAF, 0x0A, 0x00, 0x00, 0x00, 0x00, 0x00, 0xFF, 0x11, 0x00, 0x00, 0x00,
    0x00, 0x00, 0xFF, 0x11, 0x00, 0x00, 0x00, 0x00, 0x00, 0xFF, 0x11, 0x00, 0x00, 0x00, 0x00, 0x00,
    0xFF, 0x11, 0x00, 0x00, 0x00, 0x00, 0x00, 0xFF, 0x11, 0x00, 0x00, 0x00, 0x00, 0x00, 0xFF, 0x11,
    0x00, 0x00, 0x1D, 0xFF, 0xFF, 0xFF, 0xFF, 0xFF, 0x6F, 0x05, 0x3C, 0x3C, 0x3C, 0x3C, 0x3C, 0x13,
    0x00, 0x00, 0x00, 0x70, 0x05, 0x00, 0x00, 0x00, 0x00, 0x00, 0xFF, 0x11, 0x00, 0x00, 0x00, 0x00,
    0x00, 0xFF, 0x11, 0x00, 0x00, 0x00, 0x00, 0x00, 0xFF, 0x11, 0x00, 0x00, 0x00, 0x00, 0x00, 0xFF,
    0x11, 0x00, 0x00, 0x00, 0x00, 0x00, 0xFF, 0x11, 0x00, 0x00, 0x02, 0x18, 0x18, 0xFF, 0x11, 0x00,
    0x00, 0x22, 0xFF, 0xFF, 0xFF, 0xBA, 0xB4, 0x49, 0x20, 0xFF, 0xFF, 0xFF, 0xB7, 0xAE, 0x3A, 0x00,
    0x00, 0x00, 0x70, 0x05, 0x00, 0x00, 0x00, 0x00, 0x00, 0xFF, 0x11, 0x00, 0x00, 0x00, 0x00, 0x00,
    0xFF, 0x11, 0x00, 0x00, 0x00, 0x00, 0x00, 0xFF, 0x11, 0x00, 0x00, 0x00, 0x00, 0x00, 0xFF, 0x11,
    0x00, 0x00, 0x00, 0x00, 0x00, 0xFF, 0x11, 0x00, 0x00, 0x00, 0x00, 0x00, 0xFF, 0x27, 0x18, 0x07,
    0x13, 0xB4, 0xB4, 0xFF, 0xFF, 0xFF, 0x84, 0x0F, 0xAE, 0xAE, 0xFF, 0xFF, 0xFF, 0x7C, 0x00, 0x00,
    0x00, 0x70, 0x05, 0x00, 0x00, 0x00, 0x00, 0x00, 0xFF, 0x11, 0x00, 0x00, 0x00, 0x00, 0x00, 0xFF,
    0x11, 0x00, 0x00, 0x00, 0x00, 0x00, 0xFF, 0x11, 0x00, 0x00, 0x00, 0x00, 0x00, 0xFF, 0x11, 0x00,
    0x00, 0x00, 0x00, 0x00, 0xFF, 0x11, 0x00, 0x00, 0x02, 0x18, 0x18, 0xFF, 0x27, 0x18, 0x07, 0x22,
    0xFF, 0xFF, 0xFF, 0xFF, 0xFF, 0x84, 0x20, 0xFF, 0xFF, 0xFF, 0xFF, 0xFF, 0x7C, 0x00, 0x12, 0xB3,
    0xBB, 0x00, 0x00, 0x00, 0x00, 0x1E, 0xE1, 0xF5, 0x00, 0x00, 0x00, 0x00, 0x1E, 0xE1, 0xF5, 0x00,
    0x00, 0x00, 0x00, 0x1E, 0xE1, 0xF5, 0x00, 0x00, 0x00, 0x00, 0x1E, 0xE1, 0xF5, 0x00, 0x00, 0x00,
    0x00, 0x1E, 0xE1, 0xF5, 0x00, 0x00, 0x00, 0x00, 0x1E, 0xE1, 0xF5, 0x00, 0x00, 0x00, 0xFA, 0xFF,
    0xFF, 0xFF, 0xFF, 0xEA, 0xB5, 0x39, 0x3C, 0x3C, 0x3C, 0x3C, 0x34, 0x21, 0x00, 0x09, 0x73, 0x64,
    0x00, 0x00, 0x00, 0x00, 0x1E, 0xE1, 0xF5, 0x00, 0x00, 0x00, 0x00, 0x1E, 0xE1, 0xF5, 0x00, 0x00,
    0x00, 0x00, 0x1E, 0xE1, 0xF5, 0x00, 0x00, 0x00, 0x00, 0x1E, 0xE1, 0xF5, 0x00, 0x00, 0x00, 0x00,
    0x1E, 0xE1, 0xF5, 0x00, 0x00, 0x00, 0x17, 0x34, 0xE4, 0xF5, 0x00, 0x00, 0x00, 0xFF, 0xFF, 0xFF,
    0xFF, 0xB4, 0xA3, 0x79, 0xFF, 0xFF, 0xFF, 0xFF, 0xAE, 0x98, 0x61, 0x00, 0x09, 0x73, 0x64, 0x00,
    0x00, 0x00, 0x00, 0x1E, 0xE1, 0xF5, 0x00, 0x00, 0x00, 0x00, 0x1E, 0xE1, 0xF5, 0x00, 0x00, 0x00,
    0x00, 0x1E, 0xE1, 0xF5, 0x00, 0x00, 0x00, 0x00, 0x1E, 0xE1, 0xF5, 0x00, 0x00, 0x00, 0x00, 0x1E,
    0xE1, 0xF5, 0x00, 0x00, 0x00, 0x00, 0x1E, 0xE1, 0xF8, 0x18, 0x15, 0x0D, 0xAC, 0xBF, 0xF6, 0xFF,
    0xFF, 0xEA, 0xB4, 0xA7, 0xA5, 0xF2, 0xFF, 0xFF, 0xE7, 0xAB, 0x00, 0x09, 0x73, 0x64, 0x00, 0x00,
    0x00, 0x00, 0x1E, 0xE1, 0xF5, 0x00, 0x00, 0x00, 0x00, 0x1E, 0xE1, 0xF5, 0x00, 0x00, 0x00, 0x00,
    0x1E, 0xE1, 0xF5, 0x00, 0x00, 0x00, 0x00, 0x1E, 0xE1, 0xF5, 0x00, 0x00, 0x00, 0x00, 0x1E, 0xE1,
    0xF5, 0x00, 0x00, 0x00, 0x17, 0x34, 0xE4, 0xF8, 0x18, 0x15, 0x0D, 0xFF, 0xFF, 0xFF, 0xFF, 0xFF,
    0xEA, 0xB4, 0xFF, 0xFF, 0xFF, 0xFF, 0xFF, 0xE7, 0xAB, 0x00, 0x00, 0x00, 0x9F, 0x07, 0x00, 0x00,
    0x00, 0x00, 0x00, 0xFF, 0x11, 0x00, 0x00, 0x00, 0x00, 0x00, 0xFF, 0x11, 0x00, 0x00, 0x00, 0x00,
    0x00, 0xFF, 0x11, 0x00, 0x00, 0x00, 0x00, 0x00, 0xFF, 0x11, 0x00, 0x00, 0x00, 0x00, 0x00, 0xFF,
    0x11, 0x00, 0x00, 0x00, 0x00, 0x00, 0xFF, 0x11, 0x00, 0x00, 0x18, 0xDC, 0xDC, 0xFF, 0xE0, 0xDC,
    0x5A, 0x0B, 0x78, 0x78, 0xFF, 0x83, 0x78, 0x28, 0x00, 0x00, 0x00, 0xFF, 0x11, 0x00, 0x00, 0x00,
    0x00, 0x00, 0xFF, 0x11, 0x00, 0x00, 0x00, 0x00, 0x00, 0xFF, 0x11, 0x00, 0x00, 0x00, 0x00, 0x00,
    0xFF, 0x11, 0x00, 0x00, 0x00, 0x00, 0x00, 0xFF, 0x11, 0x00, 0x00, 0x00, 0x00, 0x00, 0xFF, 0x11,
    0x00, 0x00, 0x00, 0x00, 0x00, 0x0F, 0x00, 0x00, 0x00, 0x00, 0x00, 0x00, 0x9F, 0x07, 0x00, 0x00,
    0x00, 0x00, 0x00, 0xFF, 0x11, 0x00, 0x00, 0x00, 0x00, 0x00, 0xFF, 0x11, 0x00, 0x00, 0x00, 0x00,
    0x00, 0xFF, 0x11, 0x00, 0x00, 0x00, 0x00, 0x00, 0xFF, 0x11, 0x00, 0x00, 0x00, 0x00, 0x00, 0xFF,
    0x11, 0x00, 0x00, 0x06, 0x48, 0x48, 0xFF, 0x11, 0x00, 0x00, 0x22, 0xFF, 0xFF, 0xFF, 0xE0, 0xDC,
    0x5A, 0x1C, 0xFF, 0xFF, 0xFF, 0x83, 0x78, 0x28, 0x00, 0x00, 0x00, 0xFF, 0x11, 0x00, 0x00, 0x00,
    0x00, 0x00, 0xFF, 0x11, 0x00, 0x00, 0x00, 0x00, 0x00, 0xFF, 0x11, 0x00, 0x00, 0x00, 0x00, 0x00,
    0xFF, 0x11, 0x00, 0x00, 0x00, 0x00, 0x00, 0xFF, 0x11, 0x00, 0x00, 0x00, 0x00, 0x00, 0xFF, 0x11,
    0x00, 0x00, 0x00, 0x00, 0x00, 0x0F, 0x00, 0x00, 0x00, 0x00, 0x00, 0x00, 0x9F, 0x07, 0x00, 0x00,
    0x00, 0x00, 0x00, 0xFF, 0x11, 0x00, 0x00, 0x00, 0x00, 0x00, 0xFF, 0x11, 0x00, 0x00, 0x00, 0x00,
    0x00, 0xFF, 0x11, 0x00, 0x00, 0x00, 0x00, 0x00, 0xFF, 0x11, 0x00, 0x00, 0x00, 0x00, 0x00, 0xFF,
    0x11, 0x00, 0x00, 0x00, 0x00, 0x00, 0xFF, 0x56, 0x48, 0x18, 0x18, 0xDC, 0xDC, 0xFF, 0xFF, 0xFF,
    0x84, 0x0B, 0x78, 0x78, 0xFF, 0xFF, 0xFF, 0x6C, 0x00, 0x00, 0x00, 0xFF, 0x11, 0x00, 0x00, 0x00,
    0x00, 0x00, 0xFF, 0x11, 0x00, 0x00, 0x00, 0x00, 0x00, 0xFF, 0x11, 0x00, 0x00, 0x00, 0x00, 0x00,
    0xFF, 0x11, 0x00, 0x00, 0x00, 0x00, 0x00, 0xFF, 0x11, 0x00, 0x00, 0x00, 0x00, 0x00, 0xFF, 0x11,
    0x00, 0x00, 0x00, 0x00, 0x00, 0x0F, 0x00, 0x00, 0x00, 0x00, 0x00, 0x00, 0x9F, 0x07, 0x00, 0x00,
    0x00, 0x00, 0x00, 0xFF, 0x11, 0x00, 0x00, 0x00, 0x00, 0x00, 0xFF, 0x11, 0x00, 0x00, 0x00, 0x00,
    0x00, 0xFF, 0x11, 0x00, 0x00, 0x00, 0x00, 0x00, 0xFF, 0x11, 0x00, 0x00, 0x00, 0x00, 0x00, 0xFF,
    0x11, 0x00, 0x00, 0x06, 0x48, 0x48, 0xFF, 0x56, 0x48, 0x18, 0x22, 0xFF, 0xFF, 0xFF, 0xFF, 0xFF,
    0x84, 0x1C, 0xFF, 0xFF, 0xFF, 0xFF, 0xFF, 0x6C, 0x00, 0x00, 0x00, 0xFF, 0x11, 0x00, 0x00, 0x00,
    0x00, 0x00, 0xFF, 0x11, 0x00, 0x00, 0x00, 0x00, 0x00, 0xFF, 0x11, 0x00, 0x00, 0x00, 0x00, 0x00,
    0xFF, 0x11, 0x00, 0x00, 0x00, 0x00, 0x00, 0xFF, 0x11, 0x00, 0x00, 0x00, 0x00, 0x00, 0xFF, 0x11,
    0x00, 0x00, 0x00, 0x00, 0x00, 0x0F, 0x00, 0x00, 0x00, 0x00, 0x12, 0xB3, 0xBB, 0x00, 0x00, 0x00,
    0x00, 0x1E, 0xE1, 0xF5, 0x00, 0x00, 0x00, 0x00, 0x1E, 0xE1, 0xF5, 0x00, 0x00, 0x00, 0x00, 0x1E,
    0xE1, 0xF5, 0x00, 0x00, 0x00, 0x00, 0x1E, 0xE1, 0xF5, 0x00, 0x00, 0x00, 0x00, 0x1E, 0xE1, 0xF5,
    0x00, 0x00, 0x00, 0x00, 0x1E, 0xE1, 0xF5, 0x00, 0x00, 0x00, 0xFA, 0xFF, 0xFF, 0xFF, 0xFF, 0xEA,
    0xB5, 0x39, 0x3C, 0xC7, 0x9C, 0x3C, 0x34, 0x21, 0x00, 0x00, 0xB0, 0x72, 0x00, 0x00, 0x00, 0x00,
    0x00, 0xB0, 0x72, 0x00, 0x00, 0x00, 0x00, 0x00, 0xB0, 0x72, 0x00, 0x00, 0x00, 0x00, 0x00, 0xB0,
    0x72, 0x00, 0x00, 0x00, 0x00, 0x00, 0xB0, 0x72, 0x00, 0x00, 0x00, 0x00, 0x00, 0x9C, 0x64, 0x00,
    0x00, 0x00, 0x00, 0x00, 0x87, 0x48, 0x00, 0x00, 0x00, 0x00, 0x00, 0xB0, 0x72, 0x00, 0x00, 0x00,
    0x00, 0x00, 0xB0, 0x72, 0x00, 0x00, 0x00, 0x00, 0x00, 0xB0, 0x72, 0x00, 0x00, 0x00, 0x00, 0x00,
    0xB0, 0x72, 0x00, 0x00, 0x00, 0x00, 0x00, 0xB0, 0x72, 0x00, 0x00, 0x00, 0x00, 0x00, 0xB0, 0x72,
    0x00, 0x00, 0x00, 0xFA, 0xFF, 0xFF, 0xFF, 0xFF, 0xEA, 0xB5, 0x39, 0x54, 0xE8, 0xFF, 0x3C, 0x34,
    0x21, 0x00, 0x1E, 0xE1, 0xF5, 0x00, 0x00, 0x00, 0x00, 0x1E, 0xE1, 0xF5, 0x00, 0x00, 0x00, 0x00,
    0x1E, 0xE1, 0xF5, 0x00, 0x00, 0x00, 0x00, 0x1E, 0xE1, 0xF5, 0x00, 0x00, 0x00, 0x00, 0x1E, 0xE1,
    0xF5, 0x00, 0x00, 0x00, 0x00, 0x1A, 0xE0, 0xD9, 0x00, 0x00, 0x00, 0x00, 0x0E, 0xA2, 0x8D, 0x00,
    0x00, 0x00, 0x00, 0x1E, 0xE1, 0xF5, 0x00, 0x00, 0x00, 0x00, 0x1E, 0xE1, 0xF5, 0x00, 0x00, 0x00,
    0x00, 0x1E, 0xE1, 0xF5, 0x00, 0x00, 0x00, 0x00, 0x1E, 0xE1, 0xF5, 0x00, 0x00, 0x00, 0x00, 0x1E,
    0xE1, 0xF5, 0x00, 0x00, 0x00, 0x00, 0x1E, 0xE1, 0xF5, 0x00, 0x00, 0x00, 0xD3, 0xE3, 0xFB, 0xFF,
    0xDC, 0xC7, 0x94, 0x73, 0x8C, 0xF0, 0xFF, 0x78, 0x69, 0x43, 0x00, 0x1E, 0xE1, 0xF5, 0x00, 0x00,
    0x00, 0x00, 0x1E, 0xE1, 0xF5, 0x00, 0x00, 0x00, 0x00, 0x1E, 0xE1, 0xF5, 0x00, 0x00, 0x00, 0x00,
    0x1E, 0xE1, 0xF5, 0x00, 0x00, 0x00, 0x00, 0x1E, 0xE1, 0xF5, 0x00, 0x00, 0x00, 0x00, 0x1E, 0xE1,
    0xF5, 0x00, 0x00, 0x00, 0x00, 0x01, 0x10, 0x0D, 0x00, 0x00, 0x00, 0x00, 0x09, 0x73, 0x64, 0x00,
    0x00, 0x00, 0x00, 0x1E, 0xE1, 0xF5, 0x00, 0x00, 0x00, 0x00, 0x1E, 0xE1, 0xF5, 0x00, 0x00, 0x00,
    0x00, 0x1E, 0xE1, 0xF5, 0x00, 0x00, 0x00, 0x00, 0x1E, 0xE1, 0xF5, 0x00, 0x00, 0x00, 0x00, 0x1E,
    0xE1, 0xF5, 0x00, 0x00, 0x00, 0x17, 0x34, 0xE4, 0xF5, 0x00, 0x00, 0x00, 0xFF, 0xFF, 0xFF, 0xFF,
    0xB4, 0xA3, 0x79, 0xFF, 0xFF, 0xFF, 0xFF, 0xAE, 0x98, 0x61, 0x00, 0x00, 0xB0, 0x72, 0x00, 0x00,
    0x00, 0x00, 0x00, 0xB0, 0x72, 0x00, 0x00, 0x00, 0x00, 0x00, 0xB0, 0x72, 0x00, 0x00, 0x00, 0x00,
    0x00, 0xB0, 0x72, 0x00, 0x00, 0x00, 0x00, 0x00, 0xB0, 0x72, 0x00, 0x00, 0x00, 0x00, 0x00, 0xB0,
    0x72, 0x00, 0x00, 0x00, 0x00, 0x00, 0x27, 0x15, 0x00, 0x00, 0x00, 0x00, 0x09, 0x73, 0x64, 0x00,
    0x00, 0x00, 0x00, 0x1E, 0xE1, 0xF5, 0x00, 0x00, 0x00, 0x00, 0x1E, 0xE1, 0xF5, 0x00, 0x00, 0x00,
    0x00, 0x1E, 0xE1, 0xF5, 0x00, 0x00, 0x00, 0x00, 0x1E, 0xE1, 0xF5, 0x00, 0x00, 0x00, 0x00, 0x1E,
    0xE1, 0xF5, 0x00, 0x00, 0x00, 0x00, 0x1E, 0xE1, 0xF8, 0x18, 0x15, 0x0D, 0xAC, 0xBF, 0xF6, 0xFF,
    0xFF, 0xEA, 0xB4, 0xA7, 0xA5, 0xF2, 0xFF, 0xFF, 0xE7, 0xAB, 0x00, 0x00, 0xB0, 0x72, 0x00, 0x00,
    0x00, 0x00, 0x00, 0xB0, 0x72, 0x00, 0x00, 0x00, 0x00, 0x00, 0xB0, 0x72, 0x00, 0x00, 0x00, 0x00,
    0x00, 0xB0, 0x72, 0x00, 0x00, 0x00, 0x00, 0x00, 0xB0, 0x72, 0x00, 0x00, 0x00, 0x00, 0x00, 0xB0,
    0x72, 0x00, 0x00, 0x00, 0x00, 0x00, 0x27, 0x15, 0x00, 0x00, 0x00, 0x00, 0x00, 0x48, 0x27, 0x00,
    0x00, 0x00, 0x00, 0x00, 0xB0, 0x72, 0x00, 0x00, 0x00, 0x00, 0x00, 0xB0, 0x72, 0x00, 0x00, 0x00,
    0x00, 0x00, 0xB0, 0x72, 0x00, 0x00, 0x00, 0x00, 0x00, 0xB0, 0x72, 0x00, 0x00, 0x00, 0x00, 0x00,
    0xB0, 0x72, 0x00, 0x00, 0x00, 0x17, 0x18, 0xB8, 0x7C, 0x00, 0x00, 0x00, 0xFF, 0xFF, 0xFF, 0xFF,
    0xB4, 0xA3, 0x79, 0xFF, 0xFF, 0xFF, 0xFF, 0xAE, 0x98, 0x61, 0x00, 0x1E, 0xE1, 0xF5, 0x00, 0x00,
    0x00, 0x00, 0x1E, 0xE1, 0xF5, 0x00, 0x00, 0x00, 0x00, 0x1E, 0xE1, 0xF5, 0x00, 0x00, 0x00, 0x00,
    0x1E, 0xE1, 0xF5, 0x00, 0x00, 0x00, 0x00, 0x1E, 0xE1, 0xF5, 0x00, 0x00, 0x00, 0x00, 0x1E, 0xE1,
    0xF5, 0x00, 0x00, 0x00, 0x00, 0x05, 0x3F, 0x36, 0x00, 0x00, 0x00, 0x00, 0x00, 0x58, 0x30, 0x00,
    0x00, 0x00, 0x00, 0x00, 0xB0, 0x72, 0x00, 0x00, 0x00, 0x00, 0x00, 0xB0, 0x72, 0x00, 0x00, 0x00,
    0x00, 0x00, 0xB0, 0x72, 0x00, 0x00, 0x00, 0x00, 0x00, 0xB0, 0x72, 0x00, 0x00, 0x00, 0x00, 0x00,
    0xB0, 0x72, 0x00, 0x00, 0x00, 0x00, 0x03, 0xBD, 0x97, 0x36, 0x2F, 0x1E, 0xC4, 0xD6, 0xFA, 0xFF,
    0xFF, 0xEA, 0xB4, 0x8A, 0xA2, 0xF3, 0xFF, 0xFF, 0xEC, 0xBD, 0x00, 0x1E, 0xE1, 0xF5, 0x00, 0x00,
    0x00, 0x00, 0x1E, 0xE1, 0xF5, 0x00, 0x00, 0x00, 0x00, 0x1E, 0xE1, 0xF5, 0x00, 0x00, 0x00, 0x00,
    0x1E, 0xE1, 0xF5, 0x00, 0x00, 0x00, 0x00, 0x1E, 0xE1, 0xF5, 0x00, 0x00, 0x00, 0x00, 0x1E, 0xE1,
    0xF5, 0x00, 0x00, 0x00, 0x00, 0x03, 0x25, 0x1F, 0x00, 0x00, 0x00, 0x00, 0x09, 0x73, 0x64, 0x00,
    0x00, 0x00, 0x00, 0x1E, 0xE1, 0xF5, 0x00, 0x00, 0x00, 0x00, 0x1E, 0xE1, 0xF5, 0x00, 0x00, 0x00,
    0x00, 0x1E, 0xE1, 0xF5, 0x00, 0x00, 0x00, 0x00, 0x1E, 0xE1, 0xF5, 0x00, 0x00, 0x00, 0x00, 0x1E,
    0xE1, 0xF5, 0x00, 0x00, 0x00, 0x17, 0x34, 0xE4, 0xF8, 0x18, 0x15, 0x0D, 0xFF, 0xFF, 0xFF, 0xFF,
    0xFF, 0xEA, 0xB4, 0xFF, 0xFF, 0xFF, 0xFF, 0xFF, 0xE7, 0xAB, 0x00, 0x00, 0xB0, 0x72, 0x00, 0x00,
    0x00, 0x00, 0x00, 0xB0, 0x72, 0x00, 0x00, 0x00, 0x00, 0x00, 0xB0, 0x72, 0x00, 0x00, 0x00, 0x00,
    0x00, 0xB0, 0x72, 0x00, 0x00, 0x00, 0x00, 0x00, 0xB0, 0x72, 0x00, 0x00, 0x00, 0x00, 0x00, 0xB0,
    0x72, 0x00, 0x00, 0x00, 0x00, 0x00, 0x27, 0x15, 0x00, 0x00, 0x00, 0x00, 0x00, 0x48, 0x27, 0x00,
    0x00, 0x00, 0x00, 0x00, 0xB0, 0x72, 0x00, 0x00, 0x00, 0x00, 0x00, 0xB0, 0x72, 0x00, 0x00, 0x00,
    0x00, 0x00, 0xB0, 0x72, 0x00, 0x00, 0x00, 0x00, 0x00, 0xB0, 0x72, 0x00, 0x00, 0x00, 0x00, 0x00,
    0xB0, 0x72, 0x00, 0x00, 0x00, 0x17, 0x18, 0xB8, 0x82, 0x18, 0x15, 0x0D, 0xFF, 0xFF, 0xFF, 0xFF,
    0xFF, 0xEA, 0xB4, 0xFF, 0xFF, 0xFF, 0xFF, 0xFF, 0xE7, 0xAB, 0x00, 0x1E, 0xE1, 0xF5, 0x00, 0x00,
    0x00, 0x00, 0x1E, 0xE1, 0xF5, 0x00, 0x00, 0x00, 0x00, 0x1E, 0xE1, 0xF5, 0x00, 0x00, 0x00, 0x00,
    0x1E, 0xE1, 0xF5, 0x00, 0x00, 0x00, 0x00, 0x1E, 0xE1, 0xF5, 0x00, 0x00, 0x00, 0x00, 0x1E, 0xE1,
    0xF5, 0x00, 0x00, 0x00, 0x00, 0x05, 0x3F, 0x36, 0x00, 0x00, 0x00, 0x00, 0x0E, 0xA2, 0x8D, 0x00,
    0x00, 0x00, 0x00, 0x1E, 0xE1, 0xF5, 0x00, 0x00, 0x00, 0x00, 0x1E, 0xE1, 0xF5, 0x00, 0x00, 0x00,
    0x00, 0x1E, 0xE1, 0xF5, 0x00, 0x00, 0x00, 0x00, 0x1E, 0xE1, 0xF5, 0x00, 0x00, 0x00, 0x00, 0x1E,
    0xE1, 0xF5, 0x00, 0x00, 0x00, 0x45, 0x60, 0xEA, 0xF5, 0x00, 0x00, 0x00, 0xFF, 0xFF, 0xFF, 0xFF,
    0xDC, 0xC7, 0x94, 0xF9, 0xFF, 0xFF, 0xFF, 0x78, 0x69, 0x43, 0x00, 0x1E, 0xE1, 0xF5, 0x00, 0x00,
    0x00, 0x00, 0x1E, 0xE1, 0xF5, 0x00, 0x00, 0x00, 0x00, 0x1E, 0xE1, 0xF5, 0x00, 0x00, 0x00, 0x00,
    0x1E, 0xE1, 0xF5, 0x00, 0x00, 0x00, 0x00, 0x1E, 0xE1, 0xF5, 0x00, 0x00, 0x00, 0x00, 0x1E, 0xE1,
    0xF5, 0x00, 0x00, 0x00, 0x00, 0x01, 0x10, 0x0D, 0x00, 0x00, 0x00, 0x00, 0x0E, 0xA2, 0x8D, 0x00,
    0x00, 0x00, 0x00, 0x1E, 0xE1, 0xF5, 0x00, 0x00, 0x00, 0x00, 0x1E, 0xE1, 0xF5, 0x00, 0x00, 0x00,
    0x00, 0x1E, 0xE1, 0xF5, 0x00, 0x00, 0x00, 0x00, 0x1E, 0xE1, 0xF5, 0x00, 0x00, 0x00, 0x00, 0x1E,
    0xE1, 0xF5, 0x00, 0x00, 0x00, 0x00, 0x1E, 0xE1, 0xFF, 0x48, 0x3F, 0x28, 0xD3, 0xE3, 0xFB, 0xFF,
    0xFF, 0xEA, 0xB4, 0x73, 0x8C, 0xF0, 0xFF, 0xFF, 0xE9, 0xB2, 0x00, 0x1E, 0xE1, 0xF5, 0x00, 0x00,
    0x00, 0x00, 0x1E, 0xE1, 0xF5, 0x00, 0x00, 0x00, 0x00, 0x1E, 0xE1, 0xF5, 0x00, 0x00, 0x00, 0x00,
    0x1E, 0xE1, 0xF5, 0x00, 0x00, 0x00, 0x00, 0x1E, 0xE1, 0xF5, 0x00, 0x00, 0x00, 0x00, 0x1E, 0xE1,
    0xF5, 0x00, 0x00, 0x00, 0x00, 0x01, 0x10, 0x0D, 0x00, 0x00, 0x00, 0x00, 0x0E, 0xA2, 0x8D, 0x00,
    0x00, 0x00, 0x00, 0x1E, 0xE1, 0xF5, 0x00, 0x00, 0x00, 0x00, 0x1E, 0xE1, 0xF5, 0x00, 0x00, 0x00,
    0x00, 0x1E, 0xE1, 0xF5, 0x00, 0x00, 0x00, 0x00, 0x1E, 0xE1, 0xF5, 0x00, 0x00, 0x00, 0x00, 0x1E,
    0xE1, 0xF5, 0x00, 0x00, 0x00, 0x45, 0x60, 0xEA, 0xFF, 0x48, 0x3F, 0x28, 0xFF, 0xFF, 0xFF, 0xFF,
    0xFF, 0xEA, 0xB4, 0xF9, 0xFF, 0xFF, 0xFF, 0xFF, 0xE9, 0xB2, 0x00, 0x1E, 0xE1, 0xF5, 0x00, 0x00,
    0x00, 0x00, 0x1E, 0xE1, 0xF5, 0x00, 0x00, 0x00, 0x00, 0x1E, 0xE1, 0xF5, 0x00, 0x00, 0x00, 0x00,
    0x1E, 0xE1, 0xF5, 0x00, 0x00, 0x00, 0x00, 0x1E, 0xE1, 0xF5, 0x00, 0x00, 0x00, 0x00, 0x1E, 0xE1,
    0xF5, 0x00, 0x00, 0x00, 0x00, 0x01, 0x10, 0x0D, 0x00, 0x00, 0x00, 0xDE, 0xFF, 0xFF, 0x60, 0xFF,
    0xFF, 0xB9, 0x31, 0x3C, 0x3C, 0x10, 0x3C, 0x3C, 0x28, 0x13, 0x18, 0x18, 0x06, 0x18, 0x18, 0x10,
    0xFF, 0xFF, 0xFF, 0x72, 0xFF, 0xFF, 0xDC, 0xFC, 0xFF, 0xFF, 0x6C, 0xFF, 0xFF, 0xD0, 0x0F, 0x00,
    0xFF, 0x1E, 0xFF, 0x1E, 0xFF, 0x1E, 0xFF, 0x1E, 0xFF, 0x1B, 0x00, 0x00, 0x0F, 0x00, 0xFF, 0x1E,
    0xFF, 0x1E, 0xFF, 0x1E, 0xFF, 0x1E, 0xFF, 0x1C, 0x01, 0x12, 0x0D, 0x2A, 0xFF, 0xF5, 0x2A, 0xFF,
    0xF5, 0x2A, 0xFF, 0xF5, 0x2A, 0xFF, 0xF5, 0x27, 0xFF, 0xE4, 0x00, 0x00, 0x00, 0x01, 0x12, 0x0D,
    0x2A, 0xFF, 0xF5, 0x2A, 0xFF, 0xF5, 0x2A, 0xFF, 0xF5, 0x2A, 0xFF, 0xF5, 0x27, 0xFF, 0xE8, 0x1D,
    0xFF, 0xFF, 0xFF, 0xFF, 0xFF, 0x70, 0x05, 0x3C, 0x3C, 0x3C, 0x3C, 0x3C, 0x13, 0x1D, 0xFF, 0xFF,
    0xFF, 0xFF, 0xFF, 0x6F, 0x05, 0x42, 0x42, 0x42, 0x42, 0x42, 0x16, 0x9F, 0x0D, 0xAE, 0xFF, 0x1E,
    0xFF, 0xFF, 0x1E, 0xFF, 0xFF, 0x1E, 0xFF, 0xFF, 0x1E, 0xFF, 0xFF, 0x1E, 0xFF, 0xFF, 0x1E, 0xFF,
    0xFF, 0x1E, 0xFF, 0xFF, 0x1E, 0xFF, 0xFF, 0x1E, 0xFF, 0xFF, 0x1E, 0xFF, 0xFF, 0x1E, 0xFF, 0xFF,
    0x1E, 0xFF, 0xFF, 0x1E, 0xFF, 0xFF, 0x1E, 0xFF, 0x0F, 0x00, 0x10, 0xF8, 0xFF, 0xED, 0x70, 0x94,
    0x3F, 0x37, 0x13, 0xFF, 0xFF, 0xED, 0x6F, 0x98, 0x45, 0x3D, 0x16, 0x72, 0x04, 0x00, 0x00, 0x72,
    0x04, 0x00, 0x00, 0x72, 0x04, 0x00, 0x00, 0x72, 0x04, 0x00, 0x00, 0x72, 0x04, 0x00, 0x00, 0x0F,
    0x00, 0x00, 0x00, 0xF5, 0xFF, 0xFF, 0xDE, 0x5A, 0x98, 0xDD, 0x3C, 0x33, 0x10, 0x78, 0xD2, 0x00,
    0x00, 0x00, 0x78, 0xD2, 0x00, 0x00, 0x00, 0x78, 0xD2, 0x00, 0x00, 0x00, 0x78, 0xD2, 0x00, 0x00,
    0x00, 0x78, 0xD2, 0x00, 0x00, 0x00, 0x70, 0xD1, 0x00, 0x00, 0x00, 0xF7, 0xFF, 0xFF, 0xDE, 0x5B,
    0x98, 0x41, 0x3C, 0x33, 0x10, 0x78, 0xD2, 0xFF, 0xDE, 0x5A, 0x78, 0xD2, 0x42, 0x38, 0x12, 0x78,
    0xD2, 0x00, 0x00, 0x00, 0x78, 0xD2, 0x00, 0x00, 0x00, 0x78, 0xD2, 0x00, 0x00, 0x00, 0x78, 0xD2,
    0x00, 0x00, 0x00, 0x70, 0xD1, 0x00, 0x00, 0x00, 0x00, 0x28, 0xFF, 0xFF, 0xFF, 0xFF, 0x19, 0x00,
    0x07, 0x3C, 0x3C, 0x3C, 0xFF, 0x1E, 0x00, 0x28, 0xFF, 0xFF, 0xFF, 0xFF, 0x1E, 0x00, 0x07, 0x42,
    0x42, 0x42, 0xFF, 0x1E, 0x00, 0x00, 0x00, 0x00, 0x00, 0xFF, 0x1E, 0x00, 0x00, 0x00, 0x00, 0x00,
    0xFF, 0x1E, 0x00, 0x00, 0x00, 0x00, 0x00, 0xFF, 0x1E, 0x00, 0x00, 0x00, 0x00, 0x00, 0xFF, 0x1E,
    0x00, 0x00, 0x00, 0x00, 0x00, 0xFF, 0x1E, 0x00, 0x00, 0x00, 0x00, 0x00, 0x24, 0x03, 0x00, 0x3C,
    0xFF, 0xFF, 0xFF, 0xFF, 0xFF, 0x00, 0x0A, 0x3C, 0x3C, 0xFF, 0x54, 0xFF, 0x00, 0x00, 0x00, 0x00,
    0xFF, 0x1E, 0xFF, 0x00, 0x00, 0x00, 0x00, 0xFF, 0x1E, 0xFF, 0x00, 0x00, 0x00, 0x00, 0xFF, 0x1E,
    0xFF, 0x00, 0x00, 0x00, 0x00, 0xFF, 0x1E, 0xFF, 0x00, 0x00, 0x00, 0x00, 0xFF, 0x1E, 0xFF, 0x00,
    0x00, 0x00, 0x00, 0xF3, 0x19, 0xFF, 0x00, 0x3D, 0xFF, 0xFF, 0xFF, 0xFF, 0xFF, 0x00, 0x0A, 0x3C,
    0x3C, 0x3C, 0x3C, 0xFF, 0x00, 0x3C, 0xFF, 0xFF, 0xFF, 0x18, 0xFF, 0x00, 0x0C, 0x42, 0x42, 0xFF,
    0x1E, 0xFF, 0x00, 0x00, 0x00, 0x00, 0xFF, 0x1E, 0xFF, 0x00, 0x00, 0x00, 0x00, 0xFF, 0x1E, 0xFF,
    0x00, 0x00, 0x00, 0x00, 0xFF, 0x1E, 0xFF, 0x00, 0x00, 0x00, 0x00, 0xFF, 0x1E, 0xFF, 0x00, 0x00,
    0x00, 0x00, 0xF3, 0x19, 0xFF, 0x4D, 0x02, 0x00, 0x00, 0x72, 0x04, 0x00, 0x00, 0x72, 0x04, 0x00,
    0x00, 0x72, 0x04, 0x00, 0x00, 0x72, 0x04, 0x00, 0x00, 0x72, 0x04, 0x00, 0x00, 0xFF, 0xFF, 0xED,
    0x70, 0x94, 0x3F, 0x37, 0x13, 0xFF, 0xFF, 0xED, 0x6F, 0x3E, 0x42, 0x3D, 0x16, 0x51, 0x9C, 0x00,
    0x00, 0x00, 0x78, 0xD2, 0x00, 0x00, 0x00, 0x78, 0xD2, 0x00, 0x00, 0x00, 0x78, 0xD2, 0x00, 0x00,
    0x00, 0x78, 0xD2, 0x00, 0x00, 0x00, 0x78, 0xD2, 0x00, 0x00, 0x00, 0x78, 0xD2, 0x00, 0x00, 0x00,
    0xFF, 0xFF, 0xFF, 0xDE, 0x5A, 0x38, 0x3C, 0x3C, 0x33, 0x10, 0x3E, 0x7B, 0x00, 0x00, 0x00, 0x78,
    0xD2, 0x00, 0x00, 0x00, 0x78, 0xD2, 0x00, 0x00, 0x00, 0x78, 0xD2, 0x00, 0x00, 0x00, 0x78, 0xD2,
    0x00, 0x00, 0x00, 0x78, 0xD2, 0x00, 0x00, 0x00, 0x78, 0xD2, 0xFF, 0xDD, 0x55, 0x78, 0x39, 0x42,
    0x38, 0x12, 0xFF, 0xFF, 0xFF, 0xDE, 0x5A, 0x3E, 0x42, 0x42, 0x38, 0x12, 0x00, 0x00, 0x00, 0x00,
    0x00, 0xAF, 0x12, 0x00, 0x00, 0x00, 0x00, 0x00, 0xFF, 0x1E, 0x00, 0x00, 0x00, 0x00, 0x00, 0xFF,
    0x1E, 0x00, 0x00, 0x00, 0x00, 0x00, 0xFF, 0x1E, 0x00, 0x00, 0x00, 0x00, 0x00, 0xFF, 0x1E, 0x00,
    0x00, 0x00, 0x00, 0x00, 0xFF, 0x1E, 0x00, 0x28, 0xFF, 0xFF, 0xFF, 0xFF, 0x1E, 0x00, 0x07, 0x3C,
    0x3C, 0x3C, 0xFF, 0x1E, 0x00, 0x28, 0xFF, 0xFF, 0xFF, 0xFF, 0x1E, 0x00, 0x07, 0x42, 0x42, 0x42,
    0x42, 0x04, 0x00, 0x00, 0x00, 0x00, 0xAF, 0x12, 0xBF, 0x00, 0x00, 0x00, 0x00, 0xFF, 0x1E, 0xFF,
    0x00, 0x00, 0x00, 0x00, 0xFF, 0x1E, 0xFF, 0x00, 0x00, 0x00, 0x00, 0xFF, 0x1E, 0xFF, 0x00, 0x00,
    0x00, 0x00, 0xFF, 0x1E, 0xFF, 0x00, 0x00, 0x00, 0x00, 0xFF, 0x1E, 0xFF, 0x00, 0x00, 0x00, 0x00,
    0xFF, 0x1E, 0xFF, 0x00, 0x3C, 0xFF, 0xFF, 0xFF, 0xFF, 0xFF, 0x00, 0x0A, 0x3C, 0x3C, 0x3C, 0x3C,
    0x39, 0x00, 0x00, 0x00, 0x00, 0x8A, 0x0C, 0x97, 0x00, 0x00, 0x00, 0x00, 0xFF, 0x1E, 0xFF, 0x00,
    0x00, 0x00, 0x00, 0xFF, 0x1E, 0xFF, 0x00, 0x00, 0x00, 0x00, 0xFF, 0x1E, 0xFF, 0x00, 0x00, 0x00,
    0x00, 0xFF, 0x1E, 0xFF, 0x00, 0x00, 0x00, 0x00, 0xFF, 0x1E, 0xFF, 0x00, 0x39, 0xFF, 0xFF, 0xFF,
    0x1E, 0xFF, 0x00, 0x0C, 0x42, 0x42, 0x42, 0x04, 0xFF, 0x00, 0x3C, 0xFF, 0xFF, 0xFF, 0xFF, 0xFF,
    0x00, 0x0C, 0x42, 0x42, 0x42, 0x42, 0x3D, 0x44, 0x02, 0x00, 0x00, 0x72, 0x04, 0x00, 0x00, 0x72,
    0x04, 0x00, 0x00, 0x72, 0x04, 0x00, 0x00, 0x72, 0x04, 0x00, 0x00, 0x72, 0x04, 0x00, 0x00, 0xF0,
    0xE2, 0xD0, 0x5B, 0xB7, 0x7A, 0x6E, 0x28, 0xEE, 0xDD, 0xCC, 0x5A, 0xBA, 0x80, 0x74, 0x2A, 0x72,
    0x04, 0x00, 0x00, 0x72, 0x04, 0x00, 0x00, 0x72, 0x04, 0x00, 0x00, 0x72, 0x04, 0x00, 0x00, 0x72,
    0x04, 0x00, 0x00, 0x06, 0x00, 0x00, 0x00, 0x47, 0x8E, 0x00, 0x00, 0x00, 0x78, 0xD2, 0x00, 0x00,
    0x00, 0x78, 0xD2, 0x00, 0x00, 0x00, 0x78, 0xD2, 0x00, 0x00, 0x00, 0x78, 0xD2, 0x00, 0x00, 0x00,
    0x78, 0xD2, 0x00, 0x00, 0x00, 0x78, 0xD2, 0x00, 0x00, 0x00, 0x78, 0xD2, 0xDC, 0xBF, 0x49, 0x78,
    0xD2, 0x78, 0x67, 0x21, 0x78, 0xD2, 0x00, 0x00, 0x00, 0x78, 0xD2, 0x00, 0x00, 0x00, 0x78, 0xD2,
    0x00, 0x00, 0x00, 0x78, 0xD2, 0x00, 0x00, 0x00, 0x78, 0xD2, 0x00, 0x00, 0x00, 0x78, 0xD2, 0x00,
    0x00, 0x00, 0x06, 0x0D, 0x00, 0x00, 0x00, 0x47, 0x8E, 0x00, 0x00, 0x00, 0x78, 0xD2, 0x00, 0x00,
    0x00, 0x78, 0xD2, 0x00, 0x00, 0x00, 0x78, 0xD2, 0x00, 0x00, 0x00, 0x78, 0xD2, 0x00, 0x00, 0x00,
    0x78, 0xD2, 0x00, 0x00, 0x00, 0x78, 0xD2, 0xE1, 0xC3, 0x4B, 0x78, 0x64, 0x78, 0x67, 0x21, 0x78,
    0xB3, 0xDC, 0xBF, 0x49, 0x78, 0xD2, 0x7E, 0x6C, 0x22, 0x78, 0xD2, 0x00, 0x00, 0x00, 0x78, 0xD2,
    0x00, 0x00, 0x00, 0x78, 0xD2, 0x00, 0x00, 0x00, 0x78, 0xD2, 0x00, 0x00, 0x00, 0x78, 0xD2, 0x00,
    0x00, 0x00, 0x06, 0x0D, 0x00, 0x00, 0x00, 0x00, 0x00, 0x00, 0x00, 0x00, 0x9F, 0x0D, 0x00, 0x00,
    0x00, 0x00, 0x00, 0xFF, 0x1E, 0x00, 0x00, 0x00, 0x00, 0x00, 0xFF, 0x1E, 0x00, 0x00, 0x00, 0x00,
    0x00, 0xFF, 0x1E, 0x00, 0x00, 0x00, 0x00, 0x00, 0xFF, 0x1E, 0x00, 0x00, 0x00, 0x00, 0x00, 0xFF,
    0x1E, 0x00, 0x21, 0xE1, 0xE1, 0xE1, 0xFF, 0x1E, 0x00, 0x0F, 0x78, 0x78, 0x78, 0xFF, 0x1E, 0x00,
    0x21, 0xDC, 0xDC, 0xDC, 0xFF, 0x1E, 0x00, 0x0F, 0x7E, 0x7E, 0x7E, 0xFF, 0x1E, 0x00, 0x00, 0x00,
    0x00, 0x00, 0xFF, 0x1E, 0x00, 0x00, 0x00, 0x00, 0x00, 0xFF, 0x1E, 0x00, 0x00, 0x00, 0x00, 0x00,
    0xFF, 0x1E, 0x00, 0x00, 0x00, 0x00, 0x00, 0xFF, 0x1E, 0x00, 0x00, 0x00, 0x00, 0x00, 0xFF, 0x1E,
    0x00, 0x00, 0x00, 0x00, 0x00, 0x0F, 0x00, 0x00, 0x00, 0x00, 0x00, 0x9F, 0x0D, 0xAE, 0x00, 0x00,
    0x00, 0x00, 0xFF, 0x1E, 0xFF, 0x00, 0x00, 0x00, 0x00, 0xFF, 0x1E, 0xFF, 0x00, 0x00, 0x00, 0x00,
    0xFF, 0x1E, 0xFF, 0x00, 0x00, 0x00, 0x00, 0xFF, 0x1E, 0xFF, 0x00, 0x00, 0x00, 0x00, 0xFF, 0x1E,
    0xFF, 0x00, 0x00, 0x00, 0x00, 0xFF, 0x1E, 0xFF, 0x00, 0x31, 0xDC, 0xDC, 0xFF, 0x1E, 0xFF, 0x00,
    0x16, 0x78, 0x78, 0xFF, 0x1E, 0xFF, 0x00, 0x00, 0x00, 0x00, 0xFF, 0x1E, 0xFF, 0x00, 0x00, 0x00,
    0x00, 0xFF, 0x1E, 0xFF, 0x00, 0x00, 0x00, 0x00, 0xFF, 0x1E, 0xFF, 0x00, 0x00, 0x00, 0x00, 0xFF,
    0x1E, 0xFF, 0x00, 0x00, 0x00, 0x00, 0xFF, 0x1E, 0xFF, 0x00, 0x00, 0x00, 0x00, 0xFF, 0x1E, 0xFF,
    0x00, 0x00, 0x00, 0x00, 0x0F, 0x00, 0x10, 0x00, 0x00, 0x00, 0x00, 0x9F, 0x0D, 0xAE, 0x00, 0x00,
    0x00, 0x00, 0xFF, 0x1E, 0xFF, 0x00, 0x00, 0x00, 0x00, 0xFF, 0x1E, 0xFF, 0x00, 0x00, 0x00, 0x00,
    0xFF, 0x1E, 0xFF, 0x00, 0x00, 0x00, 0x00, 0xFF, 0x1E, 0xFF, 0x00, 0x00, 0x00, 0x00, 0xFF, 0x1E,
    0xFF, 0x00, 0x31, 0xE1, 0xE1, 0xFF, 0x1E, 0xFF, 0x00, 0x16, 0x78, 0x78, 0x78, 0x09, 0xFF, 0x00,
    0x31, 0xDC, 0xDC, 0xDC, 0x13, 0xFF, 0x00, 0x16, 0x7E, 0x7E, 0xFF, 0x1E, 0xFF, 0x00, 0x00, 0x00,
    0x00, 0xFF, 0x1E, 0xFF, 0x00, 0x00, 0x00, 0x00, 0xFF, 0x1E, 0xFF, 0x00, 0x00, 0x00, 0x00, 0xFF,
    0x1E, 0xFF, 0x00, 0x00, 0x00, 0x00, 0xFF, 0x1E, 0xFF, 0x00, 0x00, 0x00, 0x00, 0xFF, 0x1E, 0xFF,
    0x00, 0x00, 0x00, 0x00, 0x0F, 0x00, 0x10, 0x1D, 0xFF, 0xFF, 0xFF, 0xFF, 0xFF, 0x70, 0x05, 0x3C,
    0x3C, 0x3C, 0x3C, 0x3C, 0x13, 0x1D, 0xFF, 0xFF, 0xFF, 0xFF, 0xFF, 0x6F, 0x05, 0x42, 0x42, 0xFF,
    0x50, 0x42, 0x16, 0x00, 0x00, 0x00, 0xFF, 0x11, 0x00, 0x00, 0x00, 0x00, 0x00, 0xFF, 0x11, 0x00,
    0x00, 0x00, 0x00, 0x00, 0xFF, 0x11, 0x00, 0x00, 0x00, 0x00, 0x00, 0xFF, 0x11, 0x00, 0x00, 0x00,
    0x00, 0x00, 0xF3, 0x0E, 0x00, 0x00, 0x1D, 0xFF, 0xFF, 0xFF, 0xFF, 0xFF, 0x6F, 0x05, 0x3C, 0xAB,
    0x69, 0xAD, 0x3D, 0x13, 0x00, 0x00, 0x92, 0x36, 0x94, 0x01, 0x00, 0x00, 0x00, 0x92, 0x36, 0x94,
    0x01, 0x00, 0x00, 0x00, 0x92, 0x36, 0x94, 0x01, 0x00, 0x00, 0x00, 0x92, 0x36, 0x94, 0x01, 0x00,
    0x00, 0x00, 0x92, 0x36, 0x94, 0x01, 0x00, 0x00, 0x00, 0x81, 0x30, 0x93, 0x01, 0x00, 0x1D, 0xFF,
    0xFF, 0xFF, 0xFF, 0xFF, 0x70, 0x05, 0x3C, 0x3C, 0x3C, 0x3C, 0x3C, 0x13, 0x1D, 0xFF, 0xFF, 0x2D,
    0xFB, 0xFF, 0x6F, 0x05, 0x42, 0xAE, 0x36, 0xB0, 0x43, 0x16, 0x00, 0x00, 0x92, 0x36, 0x94, 0x01,
    0x00, 0x00, 0x00, 0x92, 0x36, 0x94, 0x01, 0x00, 0x00, 0x00, 0x92, 0x36, 0x94, 0x01, 0x00, 0x00,
    0x00, 0x92, 0x36, 0x94, 0x01, 0x00, 0x00, 0x00, 0x81, 0x30, 0x93, 0x01, 0x00, 0x00, 0x00, 0x00,
    0x8A, 0x07, 0x00, 0x00, 0x00, 0x00, 0x00, 0xFF, 0x11, 0x00, 0x00, 0x00, 0x00, 0x00, 0xFF, 0x11,
    0x00, 0x00, 0x00, 0x00, 0x00, 0xFF, 0x11, 0x00, 0x00, 0x00, 0x00, 0x00, 0xFF, 0x11, 0x00, 0x00,
    0x00, 0x00, 0x00, 0xFF, 0x11, 0x00, 0x00, 0x1A, 0xFF, 0xFF, 0xFF, 0xFF, 0xFF, 0x69, 0x05, 0x42,
    0x42, 0x42, 0x42, 0x42, 0x16, 0x1D, 0xFF, 0xFF, 0xFF, 0xFF, 0xFF, 0x6F, 0x05, 0x42, 0x42, 0x42,
    0x42, 0x42, 0x16, 0x00, 0x00, 0x5D, 0x22, 0x6D, 0x00, 0x00, 0x00, 0x00, 0x92, 0x36, 0x94, 0x01,
    0x00, 0x00, 0x00, 0x92, 0x36, 0x94, 0x01, 0x00, 0x00, 0x00, 0x92, 0x36, 0x94, 0x01, 0x00, 0x00,
    0x00, 0x92, 0x36, 0x94, 0x01, 0x00, 0x00, 0x00, 0x92, 0x36, 0x94, 0x01, 0x00, 0x00, 0x00, 0x92,
    0x36, 0x94, 0x01, 0x00, 0x1D, 0xFF, 0xFF, 0xFF, 0xFF, 0xFF, 0x6F, 0x05, 0x3C, 0x3C, 0x3C, 0x3C,
    0x3C, 0x13, 0x00, 0x00, 0x4A, 0x16, 0x55, 0x00, 0x00, 0x00, 0x00, 0x92, 0x36, 0x94, 0x01, 0x00,
    0x00, 0x00, 0x92, 0x36, 0x94, 0x01, 0x00, 0x00, 0x00, 0x92, 0x36, 0x94, 0x01, 0x00, 0x00, 0x00,
    0x92, 0x36, 0x94, 0x01, 0x00, 0x00, 0x00, 0x92, 0x36, 0x94, 0x01, 0x00, 0x1A, 0xFF, 0xFF, 0x36,
    0xFF, 0xFF, 0x69, 0x05, 0x42, 0x42, 0x09, 0x3F, 0x42, 0x16, 0x1D, 0xFF, 0xFF, 0xFF, 0xFF, 0xFF,
    0x6F, 0x05, 0x42, 0x42, 0x42, 0x42, 0x42, 0x16, 0x00, 0x00, 0x00, 0x9F, 0x07, 0x00, 0x00, 0x00,
    0x00, 0x00, 0xFF, 0x11, 0x00, 0x00, 0x00, 0x00, 0x00, 0xFF, 0x11, 0x00, 0x00, 0x00, 0x00, 0x00,
    0xFF, 0x11, 0x00, 0x00, 0x00, 0x00, 0x00, 0xFF, 0x11, 0x00, 0x00, 0x00, 0x00, 0x00, 0xFF, 0x11,
    0x00, 0x00, 0x18, 0xE1, 0xE1, 0xFF, 0xE4, 0xE1, 0x5B, 0x0B, 0x78, 0x78, 0xFF, 0x83, 0x78, 0x28,
    0x18, 0xDC, 0xDC, 0xFF, 0xE0, 0xDC, 0x5A, 0x0B, 0x7E, 0x7E, 0xFF, 0x89, 0x7E, 0x2A, 0x00, 0x00,
    0x00, 0xFF, 0x11, 0x00, 0x00, 0x00, 0x00, 0x00, 0xFF, 0x11, 0x00, 0x00, 0x00, 0x00, 0x00, 0xFF,
    0x11, 0x00, 0x00, 0x00, 0x00, 0x00, 0xFF, 0x11, 0x00, 0x00, 0x00, 0x00, 0x00, 0xFF, 0x11, 0x00,
    0x00, 0x00, 0x00, 0x00, 0x0F, 0x00, 0x00, 0x00, 0x00, 0x00, 0x54, 0x19, 0x62, 0x00, 0x00, 0x00,
    0x00, 0x92, 0x36, 0x94, 0x01, 0x00, 0x00, 0x00, 0x92, 0x36, 0x94, 0x01, 0x00, 0x00, 0x00, 0x92,
    0x36, 0x94, 0x01, 0x00, 0x00, 0x00, 0x92, 0x36, 0x94, 0x01, 0x00, 0x00, 0x00, 0x92, 0x36, 0x94,
    0x01, 0x00, 0x00, 0x00, 0x92, 0x36, 0x94, 0x01, 0x00, 0x18, 0xDC, 0xF0, 0xE9, 0xF0, 0xDC, 0x5A,
    0x0B, 0x78, 0xC5, 0x9C, 0xC6, 0x78, 0x28, 0x00, 0x00, 0x92, 0x36, 0x94, 0x01, 0x00, 0x00, 0x00,
    0x92, 0x36, 0x94, 0x01, 0x00, 0x00, 0x00, 0x92, 0x36, 0x94, 0x01, 0x00, 0x00, 0x00, 0x92, 0x36,
    0x94, 0x01, 0x00, 0x00, 0x00, 0x92, 0x36, 0x94, 0x01, 0x00, 0x00, 0x00, 0x92, 0x36, 0x94, 0x01,
    0x00, 0x00, 0x00, 0x07, 0x01, 0x09, 0x00, 0x00, 0x00, 0x00, 0x4F, 0x0C, 0x56, 0x00, 0x00, 0x00,
    0x00, 0x92, 0x1E, 0x92, 0x00, 0x00, 0x00, 0x00, 0x92, 0x1E, 0x92, 0x00, 0x00, 0x00, 0x00, 0x92,
    0x1E, 0x92, 0x00, 0x00, 0x00, 0x00, 0x92, 0x1E, 0x92, 0x00, 0x00, 0x00, 0x00, 0x92, 0x1E, 0x92,
    0x00, 0x00, 0x29, 0xFF, 0xFF, 0x1E, 0xFF, 0xFF, 0x55, 0x09, 0x42, 0x42, 0x04, 0x41, 0x42, 0x12,
    0x2B, 0xFF, 0xFF, 0x18, 0xFF, 0xFF, 0x5A, 0x09, 0x42, 0xAE, 0x1E, 0xAE, 0x42, 0x12, 0x00, 0x00,
    0x92, 0x1E, 0x92, 0x00, 0x00, 0x00, 0x00, 0x92, 0x1E, 0x92, 0x00, 0x00, 0x00, 0x00, 0x92, 0x1E,
    0x92, 0x00, 0x00, 0x00, 0x00, 0x92, 0x1E, 0x92, 0x00, 0x00, 0x00, 0x00, 0x8B, 0x19, 0x92, 0x00,
    0x00, 0x97, 0xFB, 0xED, 0x6F, 0xBF, 0x4C, 0x37, 0x13, 0x77, 0x05, 0x00, 0x00, 0x72, 0x04, 0x00,
    0x00, 0x72, 0x04, 0x00, 0x00, 0x72, 0x04, 0x00, 0x00, 0x72, 0x04, 0x00, 0x00, 0x6B, 0x03, 0x00,
    0x00, 0x00, 0x28, 0xFF, 0xFF, 0xF5, 0x49, 0x00, 0x00, 0x07, 0x3C, 0x3C, 0x78, 0xFF, 0x00, 0x00,
    0x00, 0x00, 0x00, 0x00, 0xFF, 0x10, 0x00, 0x00, 0x00, 0x00, 0x00, 0xFF, 0x1E, 0x00, 0x00, 0x00,
    0x00, 0x00, 0xFF, 0x1E, 0x00, 0x00, 0x00, 0x00, 0x00, 0xFF, 0x1E, 0x00, 0x00, 0x00, 0x00, 0x00,
    0xFF, 0x1E, 0x00, 0x00, 0x00, 0x00, 0x00, 0xF3, 0x19, 0x00, 0x00, 0x00, 0x00, 0x00, 0xAF, 0x12,
    0x00, 0x00, 0x00, 0x00, 0x00, 0xFF, 0x1E, 0x00, 0x00, 0x00, 0x00, 0x00, 0xFF, 0x1E, 0x00, 0x00,
    0x00, 0x00, 0x00, 0xFF, 0x1E, 0x00, 0x00, 0x00, 0x00, 0x00, 0xFF, 0x1E, 0x00, 0x00, 0x00, 0x00,
    0x00, 0xFF, 0x19, 0x00, 0x00, 0x00, 0x00, 0x19, 0xFF, 0x00, 0x00, 0x28, 0xFF, 0xFF, 0xFF, 0x99,
    0x00, 0x00, 0x07, 0x3C, 0x3C, 0x21, 0x00, 0x00, 0x4D, 0x02, 0x00, 0x00, 0x72, 0x04, 0x00, 0x00,
    0x72, 0x04, 0x00, 0x00, 0x72, 0x04, 0x00, 0x00, 0x72, 0x04, 0x00, 0x00, 0x73, 0x04, 0x00, 0x00,
    0x91, 0x0C, 0x00, 0x00, 0xBF, 0xFF, 0xED, 0x6F, 0x0C, 0x35, 0x37, 0x13, 0x00, 0x00, 0x00, 0x00,
    0x00, 0x32, 0x5B, 0x00, 0x00, 0x00, 0x00, 0x00, 0xCE, 0x72, 0x00, 0x00, 0x00, 0x00, 0x28, 0xE8,
    0x00, 0x00, 0x00, 0x00, 0x00, 0x66, 0x84, 0x00, 0x00, 0x00, 0x00, 0x00, 0xA1, 0x24, 0x00, 0x00,
    0x00, 0x00, 0x00, 0xB9, 0x11, 0x00, 0x00, 0x00, 0x00, 0x5A, 0x92, 0x00, 0x00, 0x00, 0x00, 0x00,
    0xE9, 0x45, 0x00, 0x00, 0x00, 0x00, 0x32, 0xFF, 0x01, 0x00, 0x00, 0x00, 0x00, 0x85, 0x79, 0x00,
    0x00, 0x00, 0x00, 0x0C, 0xB6, 0x01, 0x00, 0x00, 0x00, 0x00, 0x21, 0xAA, 0x00, 0x00, 0x00, 0x00,
    0x00, 0x6C, 0x6E, 0x00, 0x00, 0x00, 0x00, 0x00, 0xD5, 0x36, 0x00, 0x00, 0x00, 0x00, 0x3B, 0xDB,
    0x00, 0x00, 0x00, 0x00, 0x00, 0x0E, 0x13, 0x00, 0x00, 0x00, 0x00, 0x00, 0x2B, 0x4B, 0x00, 0x00,
    0x00, 0x00, 0x00, 0x1E, 0xDD, 0x07, 0x00, 0x00, 0x00, 0x00, 0x00, 0xB9, 0x4C, 0x00, 0x00, 0x00,
    0x00, 0x00, 0x49, 0x76, 0x00, 0x00, 0x00, 0x00, 0x00, 0x1B, 0xB4, 0x00, 0x00, 0x00, 0x00, 0x00,
    0x06, 0xA5, 0x0F, 0x00, 0x00, 0x00, 0x00, 0x00, 0x6D, 0xAC, 0x00, 0x00, 0x00, 0x00, 0x00, 0x1A,
    0xFF, 0x07, 0x00, 0x00, 0x00, 0x00, 0x00, 0xC0, 0x62, 0x00, 0x00, 0x00, 0x00, 0x00, 0x2E, 0x97,
    0x02, 0x00, 0x00, 0x00, 0x00, 0x00, 0xB6, 0x18, 0x00, 0x00, 0x00, 0x00, 0x00, 0x89, 0x30, 0x00,
    0x00, 0x00, 0x00, 0x00, 0x54, 0xAA, 0x00, 0x00, 0x00, 0x00, 0x00, 0x15, 0xE2, 0x0C, 0x00, 0x00,
    0x00, 0x00, 0x00, 0xA9, 0xA5, 0x00, 0x00, 0x00, 0x00, 0x00, 0x0B, 0x1C, 0x2B, 0x4B, 0x00, 0x00,
    0x00, 0x32, 0x5B, 0x1E, 0xDD, 0x07, 0x00, 0x00, 0xCC, 0x72, 0x00, 0xB8, 0x4B, 0x00, 0x27, 0xE8,
    0x00, 0x00, 0x48, 0x75, 0x00, 0x65, 0x86, 0x00, 0x00, 0x1B, 0xB1, 0x00, 0x9E, 0x24, 0x00, 0x00,
    0x06, 0xA4, 0x0C, 0xB7, 0x11, 0x00, 0x00, 0x00, 0x6B, 0xCA, 0x92, 0x00, 0x00, 0x00, 0x00, 0x1A,
    0xFF, 0x49, 0x00, 0x00, 0x00, 0x00, 0x30, 0xFF, 0x62, 0x00, 0x00, 0x00, 0x00, 0x83, 0x9C, 0x97,
    0x02, 0x00, 0x00, 0x0C, 0xB5, 0x00, 0xB4, 0x18, 0x00, 0x00, 0x21, 0xA6, 0x00, 0x87, 0x30, 0x00,
    0x00, 0x6B, 0x6E, 0x00, 0x52, 0xAA, 0x00, 0x00, 0xD5, 0x35, 0x00, 0x15, 0xE1, 0x0C, 0x3A, 0xDB,
    0x00, 0x00, 0x00, 0xA8, 0xA5, 0x0E, 0x13, 0x00, 0x00, 0x00, 0x0B, 0x1C, 0x00, 0x18, 0xFF, 0xFF,
    0xFF, 0xB0, 0x00, 0x04, 0x3C, 0x3C, 0x3C, 0x27, 0x70, 0x09, 0xFF, 0x1E, 0xFF, 0x1E, 0xFF, 0x1E,
    0xFF, 0x1E, 0xFF, 0x1E, 0xFF, 0x1E, 0xFF, 0x1C, 0xDD, 0xFF, 0xE4, 0x28, 0x33, 0x3C, 0x35, 0x07,
    0x28, 0x03, 0xFF, 0x1E, 0xFF, 0x1E, 0xFF, 0x1E, 0xFF, 0x1E, 0xFF, 0x1E, 0xFF, 0x1E, 0xFF, 0x1E,
    0x24, 0x03, 0x00, 0x01, 0x18, 0x18, 0x18, 0x0F, 0x00, 0x1E, 0xFF, 0xFF, 0xFF, 0xD2, 0x00, 0x1B,
    0xFF, 0xFF, 0xFF, 0xC8, 0x0D, 0x84, 0x64, 0x2A, 0xFF, 0xF5, 0x2A, 0xFF, 0xF5, 0x2A, 0xFF, 0xF5,
    0x2A, 0xFF, 0xF5, 0x2A, 0xFF, 0xF5, 0x2A, 0xFF, 0xF5, 0x27, 0xFF, 0xE8, 0x14, 0x18, 0x15, 0x03,
    0xE9, 0xFF, 0xE5, 0x30, 0xE5, 0xFF, 0xE5, 0x2D, 0x04, 0x30, 0x24, 0x2A, 0xFF, 0xF5, 0x2A, 0xFF,
    0xF5, 0x2A, 0xFF, 0xF5, 0x2A, 0xFF, 0xF5, 0x2A, 0xFF, 0xF5, 0x2A, 0xFF, 0xF5, 0x2A, 0xFF, 0xF5,
    0x04, 0x2A, 0x1F, 0x00, 0x00, 0x01, 0x18, 0x18, 0x15, 0x0C, 0xAF, 0xB4, 0xBD, 0xFF, 0xFF, 0xE7,
    0xAA, 0xA9, 0xAE, 0xBB, 0xFF, 0xFF, 0xE4, 0xA1, 0x00, 0x67, 0x30, 0x00, 0xCD, 0x72, 0x00, 0xCD,
    0x72, 0x00, 0xCD, 0x72, 0x00, 0xCD, 0x72, 0x00, 0xCD, 0x72, 0x00, 0xCD, 0x72, 0x04, 0xDA, 0x88,
    0x2A, 0xFF, 0xF5, 0x2A, 0xFF, 0xF5, 0x2A, 0xFF, 0xF5, 0x2A, 0xFF, 0xF5, 0x2A, 0xFF, 0xF5, 0x2A,
    0xFF, 0xF5, 0x2A, 0xFF, 0xF5, 0x04, 0x2A, 0x1F, 0x01, 0x18, 0x18, 0x12, 0x00, 0x00, 0x00, 0x15,
    0xFF, 0xFF, 0xFF, 0xB4, 0xB4, 0x54, 0x14, 0xFF, 0xFF, 0xFF, 0xAE, 0xAE, 0x43, 0x0D, 0x84, 0x64,
    0x2A, 0xFF, 0xF5, 0x2A, 0xFF, 0xF5, 0x2A, 0xFF, 0xF5, 0x2A, 0xFF, 0xF5, 0x2A, 0xFF, 0xF5, 0x2A,
    0xFF, 0xF5, 0x27, 0xFF, 0xED, 0x00, 0xCD, 0x72, 0x00, 0xCD, 0x72, 0x00, 0xCD, 0x72, 0x00, 0xCD,
    0x72, 0x00, 0xCD, 0x72, 0x00, 0xCD, 0x72, 0x00, 0xCD, 0x72, 0x00, 0x2D, 0x15, 0xFF, 0xFF, 0xFF,
    0xFF, 0xFF, 0xC8, 0x40, 0xFF, 0xFF, 0xFF, 0xFF, 0xFF, 0xCB, 0x48, 0xFF, 0xFF, 0xFF, 0xFF, 0xFF,
    0xCB, 0x48, 0xFF, 0xFF, 0xFF, 0xFF, 0xFF, 0xCB, 0x48, 0xFF, 0xFF, 0xFF, 0xFF, 0xFF, 0xCB, 0x48,
    0xFF, 0xFF, 0xFF, 0xFF, 0xFF, 0xCB, 0x48, 0xFF, 0xFF, 0xFF, 0xFF, 0xFF, 0xCB, 0x48, 0x59, 0x5A,
    0x5A, 0x5A, 0x5A, 0x45, 0x10, 0xD2, 0xD2, 0xD2, 0xD2, 0xD2, 0xD2, 0xD8, 0xD7, 0x00, 0x00, 0x00,
    0x00, 0x00, 0xD7, 0xD7, 0x00, 0x00, 0x00, 0x00, 0x00, 0xD7, 0xD7, 0x00, 0x00, 0x00, 0x00, 0x00,
    0xD7, 0xD7, 0x00, 0x00, 0x00, 0x00, 0x00, 0xD7, 0xD7, 0x00, 0x00, 0x00, 0x00, 0x00, 0xD7, 0xD8,
    0x06, 0x06, 0x06, 0x06, 0x06, 0xD8, 0xCA, 0xD2, 0xD2, 0xD2, 0xD2, 0xD2, 0xD2, 0x00, 0x00, 0x4D,
    0x00, 0x00, 0x00, 0x00, 0x00, 0x0F, 0xDE, 0x4E, 0x00, 0x00, 0x00, 0x00, 0x86, 0xF5, 0xE1, 0x00,
    0x00, 0x00, 0x0C, 0xBC, 0xFF, 0xFF, 0x44, 0x00, 0x00, 0x6C, 0xEC, 0xFF, 0xFF, 0xC2, 0x00, 0x00,
    0x9B, 0xFF, 0xFF, 0xFF, 0xE6, 0x38, 0x00, 0xE3, 0xFF, 0xFF, 0xFF, 0xFB, 0xA1, 0x00, 0xA3, 0xAE,
    0xAE, 0xAE, 0xAE, 0x7E, 0x0C, 0x4F, 0x04, 0x00, 0x00, 0x00, 0x00, 0x00, 0xFF, 0xC6, 0x27, 0x00,
    0x00, 0x00, 0x00, 0xFF, 0xFF, 0xFF, 0xB1, 0x0E, 0x00, 0x00, 0xFF, 0xFF, 0xFF, 0xFF, 0xF4, 0x80,
    0x06, 0xFF, 0xFF, 0xFF, 0xFF, 0xD2, 0x3C, 0x00, 0xFF, 0xFF, 0xEA, 0x54, 0x00, 0x00, 0x00, 0xF1,
    0x7E, 0x0C, 0x00, 0x00, 0x00, 0x00, 0x21, 0x00, 0x00, 0x00, 0x00, 0x00, 0x00, 0xC9, 0xDC, 0xDC,
    0xDC, 0xDB, 0x9A, 0x0D, 0xCF, 0xFF, 0xFF, 0xFF, 0xF5, 0x86, 0x00, 0x93, 0xFF, 0xFF, 0xFF, 0xE1,
    0x1F, 0x00, 0x51, 0xDF, 0xFF, 0xFF, 0xA0, 0x00, 0x00, 0x02, 0xB7, 0xFF, 0xFF, 0x25, 0x00, 0x00,
    0x00, 0x65, 0xEF, 0xBB, 0x00, 0x00, 0x00, 0x00, 0x03, 0xDB, 0x2B, 0x00, 0x00, 0x00, 0x00, 0x00,
    0x21, 0x00, 0x00, 0x00, 0x00, 0x00, 0x00, 0x00, 0x00, 0x15, 0x6B, 0x2D, 0x00, 0x00, 0x03, 0x85,
    0xFF, 0xCB, 0x48, 0x02, 0x61, 0xEE, 0xFF, 0xFF, 0xCB, 0x48, 0xC9, 0xFF, 0xFF, 0xFF, 0xFF, 0xCB,
    0x48, 0x85, 0xEE, 0xFF, 0xFF, 0xFF, 0xCB, 0x48, 0x00, 0x23, 0xAF, 0xFF, 0xFF, 0xCB, 0x48, 0x00,
    0x00, 0x00, 0x31, 0xCC, 0xCB, 0x48, 0x00, 0x00, 0x00, 0x00, 0x07, 0x2B, 0x1C, 0x00, 0x00, 0x8B,
    0x10, 0x00, 0x00, 0x00, 0x00, 0x84, 0xF5, 0xF1, 0x0E, 0x00, 0x00, 0x6B, 0xEB, 0xFF, 0xFF, 0xD1,
    0x0D, 0x00, 0xE1, 0xFF, 0xFF, 0xFF, 0xFD, 0xB0, 0x0C, 0xCC, 0xFF, 0xFF, 0xFF, 0xF4, 0x7F, 0x00,
    0x4E, 0xDD, 0xFF, 0xFF, 0x99, 0x00, 0x00, 0x00, 0x61, 0xEE, 0xB2, 0x00, 0x00, 0x00, 0x00, 0x00,
    0x43, 0x00, 0x00, 0x00, 0x00, 0x00, 0x00, 0x8B, 0x10, 0x00, 0x00, 0x00, 0x00, 0x84, 0xD0, 0xE9,
    0x0E, 0x00, 0x00, 0x6B, 0xAA, 0x17, 0x7B, 0xCC, 0x0D, 0x00, 0xB0, 0x31, 0x00, 0x00, 0x8C, 0xB0,
    0x0C, 0xBC, 0x49, 0x02, 0x00, 0xAD, 0x7F, 0x00, 0x4E, 0xC8, 0x2B, 0xAB, 0x99, 0x00, 0x00, 0x00,
    0x61, 0xEE, 0xB2, 0x00, 0x00, 0x00, 0x00, 0x00, 0x43, 0x00, 0x00, 0x00, 0x00, 0x00, 0x21, 0xA2,
    0xDD, 0xA5, 0x24, 0x00, 0x31, 0xF3, 0x64, 0x0F, 0x60, 0xF0, 0x37, 0xD0, 0x3A, 0x00, 0x00, 0x00,
    0x30, 0xD8, 0xE7, 0x00, 0x00, 0x00, 0x00, 0x00, 0xE6, 0xE6, 0x00, 0x00, 0x00, 0x00, 0x00, 0xE7,
    0xCD, 0x3D, 0x00, 0x00, 0x00, 0x33, 0xD5, 0x2B, 0xF2, 0x6C, 0x18, 0x69, 0xF1, 0x34, 0x00, 0x1B,
    0xBB, 0xD4, 0xA0, 0x1E, 0x00, 0x21, 0x9C, 0xF7, 0xD9, 0x52, 0x00, 0x00, 0xB1, 0xFF, 0xFF, 0xFF,
    0xEF, 0x68, 0x00, 0xF5, 0xFF, 0xFF, 0xFF, 0xFF, 0xB9, 0x09, 0xFF, 0xFF, 0xFF, 0xFF, 0xFF, 0xC6,
    0x39, 0xFF, 0xFF, 0xFF, 0xFF, 0xFF, 0xC0, 0x22, 0xD6, 0xFF, 0xFF, 0xFF, 0xFC, 0xA5, 0x00, 0x74,
    0xEF, 0xFF, 0xFF, 0xD5, 0x1A, 0x00, 0x00, 0x27, 0x76, 0x51, 0x00, 0x00, 0x00, 0x01, 0x06, 0x06,
    0x06, 0x06, 0x06, 0x01, 0xA6, 0xA8, 0xA8, 0xA8, 0xA8, 0xA8, 0xAC, 0xA8, 0x00, 0x00, 0x00, 0x00,
    0x00, 0xA8, 0xA8, 0x00, 0x00, 0x00, 0x00, 0x00, 0xA8, 0xA8, 0x00, 0x00, 0x00, 0x00, 0x00, 0xA8,
    0xA8, 0x00, 0x00, 0x00, 0x00, 0x00, 0xA8, 0xA2, 0xA8, 0xA8, 0xA8, 0xA8, 0xA8, 0xA6, 0x01, 0x06,
    0x06, 0x06, 0x06, 0x06, 0x03, 0xAE, 0xA8, 0xA8, 0xA8, 0xA8, 0xA8, 0xA6, 0xAE, 0x00, 0x00, 0x00,
    0x5A, 0x30, 0xAE, 0xAE, 0x00, 0x00, 0x22, 0x85, 0x00, 0xAE, 0xAE, 0x18, 0x51, 0xAE, 0x06, 0x00,
    0xAE, 0xAE, 0x04, 0xBD, 0xBB, 0x00, 0x00, 0xAE, 0xAC, 0xAE, 0xAF, 0xAE, 0xAE, 0xAE, 0xA7, 0x01,
    0x06, 0x06, 0x06, 0x06, 0x06, 0x03, 0x00, 0x00, 0x1F, 0x04, 0x00, 0x00, 0x00, 0x43, 0x77, 0xEC,
    0x96, 0x91, 0x03, 0x00, 0x74, 0xE8, 0xAF, 0xBE, 0xDD, 0x0E, 0x00, 0xE4, 0x4F, 0x5B, 0x13, 0xB3,
    0xB8, 0x07, 0xA5, 0x40, 0xDC, 0x7F, 0x7A, 0x92, 0x00, 0xDD, 0x5B, 0x13, 0x00, 0xC8, 0xB8, 0x07,
    0x6D, 0xEC, 0xC4, 0xEE, 0xDB, 0x03, 0x00, 0x2D, 0x42, 0xE3, 0x63, 0x63, 0x00, 0x00, 0x00, 0x00,
    0x00, 0x00, 0x0C, 0xBA, 0x2A, 0x00, 0x00, 0x00, 0x00, 0xC6, 0xBE, 0x00, 0x00, 0x00, 0x00, 0x90,
    0xE2, 0x01, 0x00, 0x01, 0x81, 0x28, 0xFF, 0x1B, 0x00, 0x00, 0x0D, 0xFF, 0xFF, 0x70, 0x00, 0x00,
    0x00, 0x00, 0xBA, 0xAC, 0x00, 0x00, 0x00, 0x00, 0x00, 0x00, 0x00, 0x00, 0x00, 0x06, 0x01, 0x00,
    0x00, 0xA5, 0x57, 0x24, 0xFF, 0x63, 0x00, 0x00, 0xA3, 0xE7, 0xFF, 0xA6, 0x00, 0x00, 0x00, 0x34,
    0xFF, 0xE7, 0x03, 0x00, 0x00, 0x00, 0x99, 0xFF, 0xEB, 0x00, 0x00, 0x00, 0x42, 0xFF, 0x93, 0xFF,
    0x66, 0x00, 0x0C, 0xFF, 0xB4, 0x00, 0x8E, 0x6C, 0x00, 0x37, 0xFF, 0x13, 0x00, 0x00, 0x00, 0x00,
    0x00, 0x0D, 0x00, 0x00, 0x00, 0x00, 0x00, 0x00, 0x25, 0x09, 0x00, 0x00, 0x81, 0x6F, 0x1E, 0xFF,
    0xAA, 0x00, 0x81, 0xFF, 0xE1, 0x00, 0xFF, 0xFF, 0xA5, 0xFF, 0xF0, 0x0F, 0x00, 0x84, 0xFF, 0xFF,
    0xFF, 0x1B, 0x00, 0x00, 0x3D, 0xFF, 0xFF, 0xDA, 0x00, 0x00, 0x1E, 0xFF, 0xFF, 0xFF, 0xFF, 0xBA,
    0x00, 0xB7, 0xFF, 0xA8, 0xB8, 0xFF, 0xFF, 0x00, 0x87, 0xDA, 0x01, 0x01, 0x76, 0x28, 0x00, 0x00,
    0x00, 0x00, 0x00, 0x00, 0x00, 0x00, 0x00, 0x06, 0x54, 0x31, 0x00, 0x00, 0x1E, 0xFF, 0xBE, 0x00,
    0x00, 0x1E, 0xFF, 0xBE, 0x00, 0x00, 0x1E, 0xFF, 0xBE, 0x00, 0x00, 0x1E, 0xFF, 0xBE, 0x00, 0x00,
    0xB1, 0xFF, 0xFF, 0x40, 0x00, 0x0C, 0xDE, 0x72, 0x00, 0x00, 0x00, 0x00, 0x00, 0x00,
};
