// Auto-generated VLW font: hack_7
// Size: 17112 bytes (16.7 KB)
#pragma once
#include <pgmspace.h>

const uint8_t hack_7[] PROGMEM = {
    0x00, 0x00, 0x01, 0x65, 0x00, 0x00, 0x00, 0x06, 0x00, 0x00, 0x00, 0x07, 0x00, 0x00, 0x00, 0x00,
    0x00, 0x00, 0x00, 0x07, 0x00, 0x00, 0x00, 0x02, 0x00, 0x00, 0x00, 0x20, 0x00, 0x00, 0x00, 0x00,
    0x00, 0x00, 0x00, 0x00, 0x00, 0x00, 0x00, 0x04, 0x00, 0x00, 0x00, 0x00, 0x00, 0x00, 0x00, 0x00,
    0x00, 0x00, 0x00, 0x00, 0x00, 0x00, 0x00, 0x21, 0x00, 0x00, 0x00, 0x05, 0x00, 0x00, 0x00, 0x02,
    0x00, 0x00, 0x00, 0x04, 0x00, 0x00, 0x00, 0x05, 0x00, 0x00, 0x00, 0x01, 0x00, 0x00, 0x00, 0x00,
    0x00, 0x00, 0x00, 0x22, 0x00, 0x00, 0x00, 0x02, 0x00, 0x00, 0x00, 0x03, 0x00, 0x00, 0x00, 0x04,
    0x00, 0x00, 0x00, 0x05, 0x00, 0x00, 0x00, 0x01, 0x00, 0x00, 0x00, 0x00, 0x00, 0x00, 0x00, 0x23,
    0x00, 0x00, 0x00, 0x05, 0x00, 0x00, 0x00, 0x04, 0x00, 0x00, 0x00, 0x04, 0x00, 0x00, 0x00, 0x05,
    0x00, 0x00, 0x00, 0x00, 0x00, 0x00, 0x00, 0x00, 0x00, 0x00, 0x00, 0x24, 0x00, 0x00, 0x00, 0x07,
    0x00, 0x00, 0x00, 0x04, 0x00, 0x00, 0x00, 0x04, 0x00, 0x00, 0x00, 0x05, 0x00, 0x00, 0x00, 0x00,
    0x00, 0x00, 0x00, 0x00, 0x00, 0x00, 0x00, 0x25, 0x00, 0x00, 0x00, 0x05, 0x00, 0x00, 0x00, 0x04,
    0x00, 0x00, 0x00, 0x04, 0x00, 0x00, 0x00, 0x05, 0x00, 0x00, 0x00, 0x00, 0x00, 0x00, 0x00, 0x00,
    0x00, 0x00, 0x00, 0x26, 0x00, 0x00, 0x00, 0x05, 0x00, 0x00, 0x00, 0x04, 0x00, 0x00, 0x00, 0x04,
    0x00, 0x00, 0x00, 0x05, 0x00, 0x00, 0x00, 0x00, 0x00, 0x00, 0x00, 0x00, 0x00, 0x00, 0x00, 0x27,
    0x00, 0x00, 0x00, 0x02, 0x00, 0x00, 0x00, 0x02, 0x00, 0x00, 0x00, 0x04, 0x00, 0x00, 0x00, 0x05,
    0x00, 0x00, 0x00, 0x01, 0x00, 0x00, 0x00, 0x00, 0x00, 0x00, 0x00, 0x28, 0x00, 0x00, 0x00, 0x07,
    0x00, 0x00, 0x00, 0x02, 0x00, 0x00, 0x00, 0x04, 0x00, 0x00, 0x00, 0x05, 0x00, 0x00, 0x00, 0x01,
    0x00, 0x00, 0x00, 0x00, 0x00, 0x00, 0x00, 0x29, 0x00, 0x00, 0x00, 0x07, 0x00, 0x00, 0x00, 0x03,
    0x00, 0x00, 0x00, 0x04, 0x00, 0x00, 0x00, 0x05, 0x00, 0x00, 0x00, 0x01, 0x00, 0x00, 0x00, 0x00,
    0x00, 0x00, 0x00, 0x2A, 0x00, 0x00, 0x00, 0x04, 0x00, 0x00, 0x00, 0x04, 0x00, 0x00, 0x00, 0x04,
    0x00, 0x00, 0x00, 0x05, 0x00, 0x00, 0x00, 0x00, 0x00, 0x00, 0x00, 0x00, 0x00, 0x00, 0x00, 0x2B,
    0x00, 0x00, 0x00, 0x04, 0x00, 0x00, 0x00, 0x04, 0x00, 0x00, 0x00, 0x04, 0x00, 0x00, 0x00, 0x04,
    0x00, 0x00, 0x00, 0x00, 0x00, 0x00, 0x00, 0x00, 0x00, 0x00, 0x00, 0x2C, 0x00, 0x00, 0x00, 0x04,
    0x00, 0x00, 0x00, 0x02, 0x00, 0x00, 0x00, 0x04, 0x00, 0x00, 0x00, 0x02, 0x00, 0x00, 0x00, 0x01,
    0x00, 0x00, 0x00, 0x00, 0x00, 0x00, 0x00, 0x2D, 0x00, 0x00, 0x00, 0x01, 0x00, 0x00, 0x00, 0x04,
    0x00, 0x00, 0x00, 0x04, 0x00, 0x00, 0x00, 0x03, 0x00, 0x00, 0x00, 0x00, 0x00, 0x00, 0x00, 0x00,
    0x00, 0x00, 0x00, 0x2E, 0x00, 0x00, 0x00, 0x02, 0x00, 0x00, 0x00, 0x02, 0x00, 0x00, 0x00, 0x04,
    0x00, 0x00, 0x00, 0x02, 0x00, 0x00, 0x00, 0x01, 0x00, 0x00, 0x00, 0x00, 0x00, 0x00, 0x00, 0x2F,
    0x00, 0x00, 0x00, 0x06, 0x00, 0x00, 0x00, 0x04, 0x00, 0x00, 0x00, 0x04, 0x00, 0x00, 0x00, 0x05,
    0x00, 0x00, 0x00, 0x00, 0x00, 0x00, 0x00, 0x00, 0x00, 0x00, 0x00, 0x30, 0x00, 0x00, 0x00, 0x05,
    0x00, 0x00, 0x00, 0x04, 0x00, 0x00, 0x00, 0x04, 0x00, 0x00, 0x00, 0x05, 0x00, 0x00, 0x00, 0x00,
    0x00, 0x00, 0x00, 0x00, 0x00, 0x00, 0x00, 0x31, 0x00, 0x00, 0x00, 0x05, 0x00, 0x00, 0x00, 0x04,
    0x00, 0x00, 0x00, 0x04, 0x00, 0x00, 0x00, 0x05, 0x00, 0x00, 0x00, 0x00, 0x00, 0x00, 0x00, 0x00,
    0x00, 0x00, 0x00, 0x32, 0x00, 0x00, 0x00, 0x05, 0x00, 0x00, 0x00, 0x04, 0x00, 0x00, 0x00, 0x04,
    0x00, 0x00, 0x00, 0x05, 0x00, 0x00, 0x00, 0x00, 0x00, 0x00, 0x00, 0x00, 0x00, 0x00, 0x00, 0x33,
    0x00, 0x00, 0x00, 0x05, 0x00, 0x00, 0x00, 0x04, 0x00, 0x00, 0x00, 0x04, 0x00, 0x00, 0x00, 0x05,
    0x00, 0x00, 0x00, 0x00, 0x00, 0x00, 0x00, 0x00, 0x00, 0x00, 0x00, 0x34, 0x00, 0x00, 0x00, 0x05,
    0x00, 0x00, 0x00, 0x04, 0x00, 0x00, 0x00, 0x04, 0x00, 0x00, 0x00, 0x05, 0x00, 0x00, 0x00, 0x00,
    0x00, 0x00, 0x00, 0x00, 0x00, 0x00, 0x00, 0x35, 0x00, 0x00, 0x00, 0x05, 0x00, 0x00, 0x00, 0x04,
    0x00, 0x00, 0x00, 0x04, 0x00, 0x00, 0x00, 0x05, 0x00, 0x00, 0x00, 0x00, 0x00, 0x00, 0x00, 0x00,
    0x00, 0x00, 0x00, 0x36, 0x00, 0x00, 0x00, 0x05, 0x00, 0x00, 0x00, 0x04, 0x00, 0x00, 0x00, 0x04,
    0x00, 0x00, 0x00, 0x05, 0x00, 0x00, 0x00, 0x00, 0x00, 0x00, 0x00, 0x00, 0x00, 0x00, 0x00, 0x37,
    0x00, 0x00, 0x00, 0x05, 0x00, 0x00, 0x00, 0x04, 0x00, 0x00, 0x00, 0x04, 0x00, 0x00, 0x00, 0x05,
    0x00, 0x00, 0x00, 0x00, 0x00, 0x00, 0x00, 0x00, 0x00, 0x00, 0x00, 0x38, 0x00, 0x00, 0x00, 0x05,
    0x00, 0x00, 0x00, 0x04, 0x00, 0x00, 0x00, 0x04, 0x00, 0x00, 0x00, 0x05, 0x00, 0x00, 0x00, 0x00,
    0x00, 0x00, 0x00, 0x00, 0x00, 0x00, 0x00, 0x39, 0x00, 0x00, 0x00, 0x05, 0x00, 0x00, 0x00, 0x04,
    0x00, 0x00, 0x00, 0x04, 0x00, 0x00, 0x00, 0x05, 0x00, 0x00, 0x00, 0x00, 0x00, 0x00, 0x00, 0x00,
    0x00, 0x00, 0x00, 0x3A, 0x00, 0x00, 0x00, 0x04, 0x00, 0x00, 0x00, 0x02, 0x00, 0x00, 0x00, 0x04,
    0x00, 0x00, 0x00, 0x04, 0x00, 0x00, 0x00, 0x01, 0x00, 0x00, 0x00, 0x00, 0x00, 0x00, 0x00, 0x3B,
    0x00, 0x00, 0x00, 0x07, 0x00, 0x00, 0x00, 0x02, 0x00, 0x00, 0x00, 0x04, 0x00, 0x00, 0x00, 0x05,
    0x00, 0x00, 0x00, 0x01, 0x00, 0x00, 0x00, 0x00, 0x00, 0x00, 0x00, 0x3C, 0x00, 0x00, 0x00, 0x04,
    0x00, 0x00, 0x00, 0x04, 0x00, 0x00, 0x00, 0x04, 0x00, 0x00, 0x00, 0x04, 0x00, 0x00, 0x00, 0x00,
    0x00, 0x00, 0x00, 0x00, 0x00, 0x00, 0x00, 0x3D, 0x00, 0x00, 0x00, 0x02, 0x00, 0x00, 0x00, 0x04,
    0x00, 0x00, 0x00, 0x04, 0x00, 0x00, 0x00, 0x03, 0x00, 0x00, 0x00, 0x00, 0x00, 0x00, 0x00, 0x00,
    0x00, 0x00, 0x00, 0x3E, 0x00, 0x00, 0x00, 0x04, 0x00, 0x00, 0x00, 0x04, 0x00, 0x00, 0x00, 0x04,
    0x00, 0x00, 0x00, 0x04, 0x00, 0x00, 0x00, 0x00, 0x00, 0x00, 0x00, 0x00, 0x00, 0x00, 0x00, 0x3F,
    0x00, 0x00, 0x00, 0x05, 0x00, 0x00, 0x00, 0x04, 0x00, 0x00, 0x00, 0x04, 0x00, 0x00, 0x00, 0x05,
    0x00, 0x00, 0x00, 0x00, 0x00, 0x00, 0x00, 0x00, 0x00, 0x00, 0x00, 0x40, 0x00, 0x00, 0x00, 0x06,
    0x00, 0x00, 0x00, 0x04, 0x00, 0x00, 0x00, 0x04, 0x00, 0x00, 0x00, 0x05, 0x00, 0x00, 0x00, 0x00,
    0x00, 0x00, 0x00, 0x00, 0x00, 0x00, 0x00, 0x41, 0x00, 0x00, 0x00, 0x05, 0x00, 0x00, 0x00, 0x04,
    0x00, 0x00, 0x00, 0x04, 0x00, 0x00, 0x00, 0x05, 0x00, 0x00, 0x00, 0x00, 0x00, 0x00, 0x00, 0x00,
    0x00, 0x00, 0x00, 0x42, 0x00, 0x00, 0x00, 0x05, 0x00, 0x00, 0x00, 0x04, 0x00, 0x00, 0x00, 0x04,
    0x00, 0x00, 0x00, 0x05, 0x00, 0x00, 0x00, 0x00, 0x00, 0x00, 0x00, 0x00, 0x00, 0x00, 0x00, 0x43,
    0x00, 0x00, 0x00, 0x05, 0x00, 0x00, 0x00, 0x04, 0x00, 0x00, 0x00, 0x04, 0x00, 0x00, 0x00, 0x05,
    0x00, 0x00, 0x00, 0x00, 0x00, 0x00, 0x00, 0x00, 0x00, 0x00, 0x00, 0x44, 0x00, 0x00, 0x00, 0x05,
    0x00, 0x00, 0x00, 0x04, 0x00, 0x00, 0x00, 0x04, 0x00, 0x00, 0x00, 0x05, 0x00, 0x00, 0x00, 0x00,
    0x00, 0x00, 0x00, 0x00, 0x00, 0x00, 0x00, 0x45, 0x00, 0x00, 0x00, 0x05, 0x00, 0x00, 0x00, 0x04,
    0x00, 0x00, 0x00, 0x04, 0x00, 0x00, 0x00, 0x05, 0x00, 0x00, 0x00, 0x00, 0x00, 0x00, 0x00, 0x00,
    0x00, 0x00, 0x00, 0x46, 0x00, 0x00, 0x00, 0x05, 0x00, 0x00, 0x00, 0x04, 0x00, 0x00, 0x00, 0x04,
    0x00, 0x00, 0x00, 0x05, 0x00, 0x00, 0x00, 0x00, 0x00, 0x00, 0x00, 0x00, 0x00, 0x00, 0x00, 0x47,
    0x00, 0x00, 0x00, 0x05, 0x00, 0x00, 0x00, 0x04, 0x00, 0x00, 0x00, 0x04, 0x00, 0x00, 0x00, 0x05,
    0x00, 0x00, 0x00, 0x00, 0x00, 0x00, 0x00, 0x00, 0x00, 0x00, 0x00, 0x48, 0x00, 0x00, 0x00, 0x05,
    0x00, 0x00, 0x00, 0x04, 0x00, 0x00, 0x00, 0x04, 0x00, 0x00, 0x00, 0x05, 0x00, 0x00, 0x00, 0x00,
    0x00, 0x00, 0x00, 0x00, 0x00, 0x00, 0x00, 0x49, 0x00, 0x00, 0x00, 0x05, 0x00, 0x00, 0x00, 0x04,
    0x00, 0x00, 0x00, 0x04, 0x00, 0x00, 0x00, 0x05, 0x00, 0x00, 0x00, 0x00, 0x00, 0x00, 0x00, 0x00,
    0x00, 0x00, 0x00, 0x4A, 0x00, 0x00, 0x00, 0x05, 0x00, 0x00, 0x00, 0x04, 0x00, 0x00, 0x00, 0x04,
    0x00, 0x00, 0x00, 0x05, 0x00, 0x00, 0x00, 0x00, 0x00, 0x00, 0x00, 0x00, 0x00, 0x00, 0x00, 0x4B,
    0x00, 0x00, 0x00, 0x05, 0x00, 0x00, 0x00, 0x04, 0x00, 0x00, 0x00, 0x04, 0x00, 0x00, 0x00, 0x05,
    0x00, 0x00, 0x00, 0x00, 0x00, 0x00, 0x00, 0x00, 0x00, 0x00, 0x00, 0x4C, 0x00, 0x00, 0x00, 0x05,
    0x00, 0x00, 0x00, 0x04, 0x00, 0x00, 0x00, 0x04, 0x00, 0x00, 0x00, 0x05, 0x00, 0x00, 0x00, 0x00,
    0x00, 0x00, 0x00, 0x00, 0x00, 0x00, 0x00, 0x4D, 0x00, 0x00, 0x00, 0x05, 0x00, 0x00, 0x00, 0x04,
    0x00, 0x00, 0x00, 0x04, 0x00, 0x00, 0x00, 0x05, 0x00, 0x00, 0x00, 0x00, 0x00, 0x00, 0x00, 0x00,
    0x00, 0x00, 0x00, 0x4E, 0x00, 0x00, 0x00, 0x05, 0x00, 0x00, 0x00, 0x04, 0x00, 0x00, 0x00, 0x04,
    0x00, 0x00, 0x00, 0x05, 0x00, 0x00, 0x00, 0x00, 0x00, 0x00, 0x00, 0x00, 0x00, 0x00, 0x00, 0x4F,
    0x00, 0x00, 0x00, 0x05, 0x00, 0x00, 0x00, 0x04, 0x00, 0x00, 0x00, 0x04, 0x00, 0x00, 0x00, 0x05,
    0x00, 0x00, 0x00, 0x00, 0x00, 0x00, 0x00, 0x00, 0x00, 0x00, 0x00, 0x50, 0x00, 0x00, 0x00, 0x05,
    0x00, 0x00, 0x00, 0x04, 0x00, 0x00, 0x00, 0x04, 0x00, 0x00, 0x00, 0x05, 0x00, 0x00, 0x00, 0x00,
    0x00, 0x00, 0x00, 0x00, 0x00, 0x00, 0x00, 0x51, 0x00, 0x00, 0x00, 0x06, 0x00, 0x00, 0x00, 0x04,
    0x00, 0x00, 0x00, 0x04, 0x00, 0x00, 0x00, 0x05, 0x00, 0x00, 0x00, 0x00, 0x00, 0x00, 0x00, 0x00,
    0x00, 0x00, 0x00, 0x52, 0x00, 0x00, 0x00, 0x05, 0x00, 0x00, 0x00, 0x04, 0x00, 0x00, 0x00, 0x04,
    0x00, 0x00, 0x00, 0x05, 0x00, 0x00, 0x00, 0x00, 0x00, 0x00, 0x00, 0x00, 0x00, 0x00, 0x00, 0x53,
    0x00, 0x00, 0x00, 0x05, 0x00, 0x00, 0x00, 0x04, 0x00, 0x00, 0x00, 0x04, 0x00, 0x00, 0x00, 0x05,
    0x00, 0x00, 0x00, 0x00, 0x00, 0x00, 0x00, 0x00, 0x00, 0x00, 0x00, 0x54, 0x00, 0x00, 0x00, 0x05,
    0x00, 0x00, 0x00, 0x04, 0x00, 0x00, 0x00, 0x04, 0x00, 0x00, 0x00, 0x05, 0x00, 0x00, 0x00, 0x00,
    0x00, 0x00, 0x00, 0x00, 0x00, 0x00, 0x00, 0x55, 0x00, 0x00, 0x00, 0x05, 0x00, 0x00, 0x00, 0x04,
    0x00, 0x00, 0x00, 0x04, 0x00, 0x00, 0x00, 0x05, 0x00, 0x00, 0x00, 0x00, 0x00, 0x00, 0x00, 0x00,
    0x00, 0x00, 0x00, 0x56, 0x00, 0x00, 0x00, 0x05, 0x00, 0x00, 0x00, 0x04, 0x00, 0x00, 0x00, 0x04,
    0x00, 0x00, 0x00, 0x05, 0x00, 0x00, 0x00, 0x00, 0x00, 0x00, 0x00, 0x00, 0x00, 0x00, 0x00, 0x57,
    0x00, 0x00, 0x00, 0x05, 0x00, 0x00, 0x00, 0x04, 0x00, 0x00, 0x00, 0x04, 0x00, 0x00, 0x00, 0x05,
    0x00, 0x00, 0x00, 0x00, 0x00, 0x00, 0x00, 0x00, 0x00, 0x00, 0x00, 0x58, 0x00, 0x00, 0x00, 0x05,
    0x00, 0x00, 0x00, 0x04, 0x00, 0x00, 0x00, 0x04, 0x00, 0x00, 0x00, 0x05, 0x00, 0x00, 0x00, 0x00,
    0x00, 0x00, 0x00, 0x00, 0x00, 0x00, 0x00, 0x59, 0x00, 0x00, 0x00, 0x05, 0x00, 0x00, 0x00, 0x04,
    0x00, 0x00, 0x00, 0x04, 0x00, 0x00, 0x00, 0x05, 0x00, 0x00, 0x00, 0x00, 0x00, 0x00, 0x00, 0x00,
    0x00, 0x00, 0x00, 0x5A, 0x00, 0x00, 0x00, 0x05, 0x00, 0x00, 0x00, 0x04, 0x00, 0x00, 0x00, 0x04,
    0x00, 0x00, 0x00, 0x05, 0x00, 0x00, 0x00, 0x00, 0x00, 0x00, 0x00, 0x00, 0x00, 0x00, 0x00, 0x5B,
    0x00, 0x00, 0x00, 0x07, 0x00, 0x00, 0x00, 0x03, 0x00, 0x00, 0x00, 0x04, 0x00, 0x00, 0x00, 0x06,
    0x00, 0x00, 0x00, 0x01, 0x00, 0x00, 0x00, 0x00, 0x00, 0x00, 0x00, 0x5C, 0x00, 0x00, 0x00, 0x06,
    0x00, 0x00, 0x00, 0x04, 0x00, 0x00, 0x00, 0x04, 0x00, 0x00, 0x00, 0x05, 0x00, 0x00, 0x00, 0x00,
    0x00, 0x00, 0x00, 0x00, 0x00, 0x00, 0x00, 0x5D, 0x00, 0x00, 0x00, 0x07, 0x00, 0x00, 0x00, 0x04,
    0x00, 0x00, 0x00, 0x04, 0x00, 0x00, 0x00, 0x06, 0x00, 0x00, 0x00, 0x00, 0x00, 0x00, 0x00, 0x00,
    0x00, 0x00, 0x00, 0x5E, 0x00, 0x00, 0x00, 0x02, 0x00, 0x00, 0x00, 0x04, 0x00, 0x00, 0x00, 0x04,
    0x00, 0x00, 0x00, 0x05, 0x00, 0x00, 0x00, 0x00, 0x00, 0x00, 0x00, 0x00, 0x00, 0x00, 0x00, 0x5F,
    0x00, 0x00, 0x00, 0x01, 0x00, 0x00, 0x00, 0x04, 0x00, 0x00, 0x00, 0x04, 0x00, 0x00, 0x00, 0x00,
    0x00, 0x00, 0x00, 0x00, 0x00, 0x00, 0x00, 0x00, 0x00, 0x00, 0x00, 0x60, 0x00, 0x00, 0x00, 0x02,
    0x00, 0x00, 0x00, 0x03, 0x00, 0x00, 0x00, 0x04, 0x00, 0x00, 0x00, 0x06, 0x00, 0x00, 0x00, 0x00,
    0x00, 0x00, 0x00, 0x00, 0x00, 0x00, 0x00, 0x61, 0x00, 0x00, 0x00, 0x04, 0x00, 0x00, 0x00, 0x04,
    0x00, 0x00, 0x00, 0x04, 0x00, 0x00, 0x00, 0x04, 0x00, 0x00, 0x00, 0x00, 0x00, 0x00, 0x00, 0x00,
    0x00, 0x00, 0x00, 0x62, 0x00, 0x00, 0x00, 0x05, 0x00, 0x00, 0x00, 0x04, 0x00, 0x00, 0x00, 0x04,
    0x00, 0x00, 0x00, 0x05, 0x00, 0x00, 0x00, 0x00, 0x00, 0x00, 0x00, 0x00, 0x00, 0x00, 0x00, 0x63,
    0x00, 0x00, 0x00, 0x04, 0x00, 0x00, 0x00, 0x04, 0x00, 0x00, 0x00, 0x04, 0x00, 0x00, 0x00, 0x04,
    0x00, 0x00, 0x00, 0x00, 0x00, 0x00, 0x00, 0x00, 0x00, 0x00, 0x00, 0x64, 0x00, 0x00, 0x00, 0x05,
    0x00, 0x00, 0x00, 0x04, 0x00, 0x00, 0x00, 0x04, 0x00, 0x00, 0x00, 0x05, 0x00, 0x00, 0x00, 0x00,
    0x00, 0x00, 0x00, 0x00, 0x00, 0x00, 0x00, 0x65, 0x00, 0x00, 0x00, 0x04, 0x00, 0x00, 0x00, 0x04,
    0x00, 0x00, 0x00, 0x04, 0x00, 0x00, 0x00, 0x04, 0x00, 0x00, 0x00, 0x00, 0x00, 0x00, 0x00, 0x00,
    0x00, 0x00, 0x00, 0x66, 0x00, 0x00, 0x00, 0x05, 0x00, 0x00, 0x00, 0x04, 0x00, 0x00, 0x00, 0x04,
    0x00, 0x00, 0x00, 0x05, 0x00, 0x00, 0x00, 0x00, 0x00, 0x00, 0x00, 0x00, 0x00, 0x00, 0x00, 0x67,
    0x00, 0x00, 0x00, 0x05, 0x00, 0x00, 0x00, 0x04, 0x00, 0x00, 0x00, 0x04, 0x00, 0x00, 0x00, 0x04,
    0x00, 0x00, 0x00, 0x00, 0x00, 0x00, 0x00, 0x00, 0x00, 0x00, 0x00, 0x68, 0x00, 0x00, 0x00, 0x05,
    0x00, 0x00, 0x00, 0x04, 0x00, 0x00, 0x00, 0x04, 0x00, 0x00, 0x00, 0x05, 0x00, 0x00, 0x00, 0x00,
    0x00, 0x00, 0x00, 0x00, 0x00, 0x00, 0x00, 0x69, 0x00, 0x00, 0x00, 0x06, 0x00, 0x00, 0x00, 0x04,
    0x00, 0x00, 0x00, 0x04, 0x00, 0x00, 0x00, 0x06, 0x00, 0x00, 0x00, 0x00, 0x00, 0x00, 0x00, 0x00,
    0x00, 0x00, 0x00, 0x6A, 0x00, 0x00, 0x00, 0x07, 0x00, 0x00, 0x00, 0x03, 0x00, 0x00, 0x00, 0x04,
    0x00, 0x00, 0x00, 0x06, 0x00, 0x00, 0x00, 0x00, 0x00, 0x00, 0x00, 0x00, 0x00, 0x00, 0x00, 0x6B,
    0x00, 0x00, 0x00, 0x05, 0x00, 0x00, 0x00, 0x04, 0x00, 0x00, 0x00, 0x04, 0x00, 0x00, 0x00, 0x05,
    0x00, 0x00, 0x00, 0x00, 0x00, 0x00, 0x00, 0x00, 0x00, 0x00, 0x00, 0x6C, 0x00, 0x00, 0x00, 0x05,
    0x00, 0x00, 0x00, 0x04, 0x00, 0x00, 0x00, 0x04, 0x00, 0x00, 0x00, 0x05, 0x00, 0x00, 0x00, 0x00,
    0x00, 0x00, 0x00, 0x00, 0x00, 0x00, 0x00, 0x6D, 0x00, 0x00, 0x00, 0x04, 0x00, 0x00, 0x00, 0x04,
    0x00, 0x00, 0x00, 0x04, 0x00, 0x00, 0x00, 0x04, 0x00, 0x00, 0x00, 0x00, 0x00, 0x00, 0x00, 0x00,
    0x00, 0x00, 0x00, 0x6E, 0x00, 0x00, 0x00, 0x04, 0x00, 0x00, 0x00, 0x04, 0x00, 0x00, 0x00, 0x04,
    0x00, 0x00, 0x00, 0x04, 0x00, 0x00, 0x00, 0x00, 0x00, 0x00, 0x00, 0x00, 0x00, 0x00, 0x00, 0x6F,
    0x00, 0x00, 0x00, 0x04, 0x00, 0x00, 0x00, 0x04, 0x00, 0x00, 0x00, 0x04, 0x00, 0x00, 0x00, 0x04,
    0x00, 0x00, 0x00, 0x00, 0x00, 0x00, 0x00, 0x00, 0x00, 0x00, 0x00, 0x70, 0x00, 0x00, 0x00, 0x05,
    0x00, 0x00, 0x00, 0x04, 0x00, 0x00, 0x00, 0x04, 0x00, 0x00, 0x00, 0x04, 0x00, 0x00, 0x00, 0x00,
    0x00, 0x00, 0x00, 0x00, 0x00, 0x00, 0x00, 0x71, 0x00, 0x00, 0x00, 0x05, 0x00, 0x00, 0x00, 0x04,
    0x00, 0x00, 0x00, 0x04, 0x00, 0x00, 0x00, 0x04, 0x00, 0x00, 0x00, 0x00, 0x00, 0x00, 0x00, 0x00,
    0x00, 0x00, 0x00, 0x72, 0x00, 0x00, 0x00, 0x04, 0x00, 0x00, 0x00, 0x03, 0x00, 0x00, 0x00, 0x04,
    0x00, 0x00, 0x00, 0x04, 0x00, 0x00, 0x00, 0x01, 0x00, 0x00, 0x00, 0x00, 0x00, 0x00, 0x00, 0x73,
    0x00, 0x00, 0x00, 0x04, 0x00, 0x00, 0x00, 0x04, 0x00, 0x00, 0x00, 0x04, 0x00, 0x00, 0x00, 0x04,
    0x00, 0x00, 0x00, 0x00, 0x00, 0x00, 0x00, 0x00, 0x00, 0x00, 0x00, 0x74, 0x00, 0x00, 0x00, 0x06,
    0x00, 0x00, 0x00, 0x04, 0x00, 0x00, 0x00, 0x04, 0x00, 0x00, 0x00, 0x06, 0x00, 0x00, 0x00, 0x00,
    0x00, 0x00, 0x00, 0x00, 0x00, 0x00, 0x00, 0x75, 0x00, 0x00, 0x00, 0x04, 0x00, 0x00, 0x00, 0x04,
    0x00, 0x00, 0x00, 0x04, 0x00, 0x00, 0x00, 0x04, 0x00, 0x00, 0x00, 0x00, 0x00, 0x00, 0x00, 0x00,
    0x00, 0x00, 0x00, 0x76, 0x00, 0x00, 0x00, 0x04, 0x00, 0x00, 0x00, 0x04, 0x00, 0x00, 0x00, 0x04,
    0x00, 0x00, 0x00, 0x04, 0x00, 0x00, 0x00, 0x00, 0x00, 0x00, 0x00, 0x00, 0x00, 0x00, 0x00, 0x77,
    0x00, 0x00, 0x00, 0x04, 0x00, 0x00, 0x00, 0x04, 0x00, 0x00, 0x00, 0x04, 0x00, 0x00, 0x00, 0x04,
    0x00, 0x00, 0x00, 0x00, 0x00, 0x00, 0x00, 0x00, 0x00, 0x00, 0x00, 0x78, 0x00, 0x00, 0x00, 0x04,
    0x00, 0x00, 0x00, 0x04, 0x00, 0x00, 0x00, 0x04, 0x00, 0x00, 0x00, 0x04, 0x00, 0x00, 0x00, 0x00,
    0x00, 0x00, 0x00, 0x00, 0x00, 0x00, 0x00, 0x79, 0x00, 0x00, 0x00, 0x05, 0x00, 0x00, 0x00, 0x04,
    0x00, 0x00, 0x00, 0x04, 0x00, 0x00, 0x00, 0x04, 0x00, 0x00, 0x00, 0x00, 0x00, 0x00, 0x00, 0x00,
    0x00, 0x00, 0x00, 0x7A, 0x00, 0x00, 0x00, 0x04, 0x00, 0x00, 0x00, 0x04, 0x00, 0x00, 0x00, 0x04,
    0x00, 0x00, 0x00, 0x04, 0x00, 0x00, 0x00, 0x00, 0x00, 0x00, 0x00, 0x00, 0x00, 0x00, 0x00, 0x7B,
    0x00, 0x00, 0x00, 0x07, 0x00, 0x00, 0x00, 0x04, 0x00, 0x00, 0x00, 0x04, 0x00, 0x00, 0x00, 0x06,
    0x00, 0x00, 0x00, 0x00, 0x00, 0x00, 0x00, 0x00, 0x00, 0x00, 0x00, 0x7C, 0x00, 0x00, 0x00, 0x07,
    0x00, 0x00, 0x00, 0x02, 0x00, 0x00, 0x00, 0x04, 0x00, 0x00, 0x00, 0x05, 0x00, 0x00, 0x00, 0x01,
    0x00, 0x00, 0x00, 0x00, 0x00, 0x00, 0x00, 0x7D, 0x00, 0x00, 0x00, 0x07, 0x00, 0x00, 0x00, 0x04,
    0x00, 0x00, 0x00, 0x04, 0x00, 0x00, 0x00, 0x06, 0x00, 0x00, 0x00, 0x00, 0x00, 0x00, 0x00, 0x00,
    0x00, 0x00, 0x00, 0x7E, 0x00, 0x00, 0x00, 0x02, 0x00, 0x00, 0x00, 0x04, 0x00, 0x00, 0x00, 0x04,
    0x00, 0x00, 0x00, 0x03, 0x00, 0x00, 0x00, 0x00, 0x00, 0x00, 0x00, 0x00, 0x00, 0x00, 0x00, 0xA0,
    0x00, 0x00, 0x00, 0x00, 0x00, 0x00, 0x00, 0x00, 0x00, 0x00, 0x00, 0x04, 0x00, 0x00, 0x00, 0x00,
    0x00, 0x00, 0x00, 0x00, 0x00, 0x00, 0x00, 0x00, 0x00, 0x00, 0x00, 0xA1, 0x00, 0x00, 0x00, 0x07,
    0x00, 0x00, 0x00, 0x02, 0x00, 0x00, 0x00, 0x04, 0x00, 0x00, 0x00, 0x06, 0x00, 0x00, 0x00, 0x01,
    0x00, 0x00, 0x00, 0x00, 0x00, 0x00, 0x00, 0xA2, 0x00, 0x00, 0x00, 0x06, 0x00, 0x00, 0x00, 0x04,
    0x00, 0x00, 0x00, 0x04, 0x00, 0x00, 0x00, 0x05, 0x00, 0x00, 0x00, 0x00, 0x00, 0x00, 0x00, 0x00,
    0x00, 0x00, 0x00, 0xA3, 0x00, 0x00, 0x00, 0x05, 0x00, 0x00, 0x00, 0x04, 0x00, 0x00, 0x00, 0x04,
    0x00, 0x00, 0x00, 0x05, 0x00, 0x00, 0x00, 0x00, 0x00, 0x00, 0x00, 0x00, 0x00, 0x00, 0x00, 0xA4,
    0x00, 0x00, 0x00, 0x05, 0x00, 0x00, 0x00, 0x04, 0x00, 0x00, 0x00, 0x04, 0x00, 0x00, 0x00, 0x05,
    0x00, 0x00, 0x00, 0x00, 0x00, 0x00, 0x00, 0x00, 0x00, 0x00, 0x00, 0xA5, 0x00, 0x00, 0x00, 0x05,
    0x00, 0x00, 0x00, 0x04, 0x00, 0x00, 0x00, 0x04, 0x00, 0x00, 0x00, 0x05, 0x00, 0x00, 0x00, 0x00,
    0x00, 0x00, 0x00, 0x00, 0x00, 0x00, 0x00, 0xA6, 0x00, 0x00, 0x00, 0x06, 0x00, 0x00, 0x00, 0x02,
    0x00, 0x00, 0x00, 0x04, 0x00, 0x00, 0x00, 0x05, 0x00, 0x00, 0x00, 0x01, 0x00, 0x00, 0x00, 0x00,
    0x00, 0x00, 0x00, 0xA7, 0x00, 0x00, 0x00, 0x06, 0x00, 0x00, 0x00, 0x04, 0x00, 0x00, 0x00, 0x04,
    0x00, 0x00, 0x00, 0x05, 0x00, 0x00, 0x00, 0x00, 0x00, 0x00, 0x00, 0x00, 0x00, 0x00, 0x00, 0xA8,
    0x00, 0x00, 0x00, 0x01, 0x00, 0x00, 0x00, 0x03, 0x00, 0x00, 0x00, 0x04, 0x00, 0x00, 0x00, 0x06,
    0x00, 0x00, 0x00, 0x01, 0x00, 0x00, 0x00, 0x00, 0x00, 0x00, 0x00, 0xA9, 0x00, 0x00, 0x00, 0x05,
    0x00, 0x00, 0x00, 0x04, 0x00, 0x00, 0x00, 0x04, 0x00, 0x00, 0x00, 0x05, 0x00, 0x00, 0x00, 0x00,
    0x00, 0x00, 0x00, 0x00, 0x00, 0x00, 0x00, 0xAA, 0x00, 0x00, 0x00, 0x04, 0x00, 0x00, 0x00, 0x04,
    0x00, 0x00, 0x00, 0x04, 0x00, 0x00, 0x00, 0x06, 0x00, 0x00, 0x00, 0x00, 0x00, 0x00, 0x00, 0x00,
    0x00, 0x00, 0x00, 0xAB, 0x00, 0x00, 0x00, 0x04, 0x00, 0x00, 0x00, 0x04, 0x00, 0x00, 0x00, 0x04,
    0x00, 0x00, 0x00, 0x04, 0x00, 0x00, 0x00, 0x00, 0x00, 0x00, 0x00, 0x00, 0x00, 0x00, 0x00, 0xAC,
    0x00, 0x00, 0x00, 0x02, 0x00, 0x00, 0x00, 0x04, 0x00, 0x00, 0x00, 0x04, 0x00, 0x00, 0x00, 0x03,
    0x00, 0x00, 0x00, 0x00, 0x00, 0x00, 0x00, 0x00, 0x00, 0x00, 0x00, 0xAD, 0x00, 0x00, 0x00, 0x01,
    0x00, 0x00, 0x00, 0x02, 0x00, 0x00, 0x00, 0x04, 0x00, 0x00, 0x00, 0x02, 0x00, 0x00, 0x00, 0x01,
    0x00, 0x00, 0x00, 0x00, 0x00, 0x00, 0x00, 0xAE, 0x00, 0x00, 0x00, 0x05, 0x00, 0x00, 0x00, 0x04,
    0x00, 0x00, 0x00, 0x04, 0x00, 0x00, 0x00, 0x05, 0x00, 0x00, 0x00, 0x00, 0x00, 0x00, 0x00, 0x00,
    0x00, 0x00, 0x00, 0xAF, 0x00, 0x00, 0x00, 0x01, 0x00, 0x00, 0x00, 0x03, 0x00, 0x00, 0x00, 0x04,
    0x00, 0x00, 0x00, 0x06, 0x00, 0x00, 0x00, 0x01, 0x00, 0x00, 0x00, 0x00, 0x00, 0x00, 0x00, 0xB0,
    0x00, 0x00, 0x00, 0x03, 0x00, 0x00, 0x00, 0x03, 0x00, 0x00, 0x00, 0x04, 0x00, 0x00, 0x00, 0x06,
    0x00, 0x00, 0x00, 0x01, 0x00, 0x00, 0x00, 0x00, 0x00, 0x00, 0x00, 0xB1, 0x00, 0x00, 0x00, 0x04,
    0x00, 0x00, 0x00, 0x04, 0x00, 0x00, 0x00, 0x04, 0x00, 0x00, 0x00, 0x04, 0x00, 0x00, 0x00, 0x00,
    0x00, 0x00, 0x00, 0x00, 0x00, 0x00, 0x00, 0xB2, 0x00, 0x00, 0x00, 0x03, 0x00, 0x00, 0x00, 0x03,
    0x00, 0x00, 0x00, 0x04, 0x00, 0x00, 0x00, 0x07, 0x00, 0x00, 0x00, 0x01, 0x00, 0x00, 0x00, 0x00,
    0x00, 0x00, 0x00, 0xB3, 0x00, 0x00, 0x00, 0x03, 0x00, 0x00, 0x00, 0x03, 0x00, 0x00, 0x00, 0x04,
    0x00, 0x00, 0x00, 0x07, 0x00, 0x00, 0x00, 0x01, 0x00, 0x00, 0x00, 0x00, 0x00, 0x00, 0x00, 0xB4,
    0x00, 0x00, 0x00, 0x02, 0x00, 0x00, 0x00, 0x03, 0x00, 0x00, 0x00, 0x04, 0x00, 0x00, 0x00, 0x06,
    0x00, 0x00, 0x00, 0x01, 0x00, 0x00, 0x00, 0x00, 0x00, 0x00, 0x00, 0xB5, 0x00, 0x00, 0x00, 0x05,
    0x00, 0x00, 0x00, 0x04, 0x00, 0x00, 0x00, 0x04, 0x00, 0x00, 0x00, 0x04, 0x00, 0x00, 0x00, 0x00,
    0x00, 0x00, 0x00, 0x00, 0x00, 0x00, 0x00, 0xB6, 0x00, 0x00, 0x00, 0x06, 0x00, 0x00, 0x00, 0x04,
    0x00, 0x00, 0x00, 0x04, 0x00, 0x00, 0x00, 0x05, 0x00, 0x00, 0x00, 0x00, 0x00, 0x00, 0x00, 0x00,
    0x00, 0x00, 0x00, 0xB7, 0x00, 0x00, 0x00, 0x02, 0x00, 0x00, 0x00, 0x02, 0x00, 0x00, 0x00, 0x04,
    0x00, 0x00, 0x00, 0x03, 0x00, 0x00, 0x00, 0x01, 0x00, 0x00, 0x00, 0x00, 0x00, 0x00, 0x00, 0xB8,
    0x00, 0x00, 0x00, 0x02, 0x00, 0x00, 0x00, 0x02, 0x00, 0x00, 0x00, 0x04, 0x00, 0x00, 0x00, 0x00,
    0x00, 0x00, 0x00, 0x01, 0x00, 0x00, 0x00, 0x00, 0x00, 0x00, 0x00, 0xB9, 0x00, 0x00, 0x00, 0x03,
    0x00, 0x00, 0x00, 0x03, 0x00, 0x00, 0x00, 0x04, 0x00, 0x00, 0x00, 0x07, 0x00, 0x00, 0x00, 0x01,
    0x00, 0x00, 0x00, 0x00, 0x00, 0x00, 0x00, 0xBA, 0x00, 0x00, 0x00, 0x04, 0x00, 0x00, 0x00, 0x04,
    0x00, 0x00, 0x00, 0x04, 0x00, 0x00, 0x00, 0x05, 0x00, 0x00, 0x00, 0x00, 0x00, 0x00, 0x00, 0x00,
    0x00, 0x00, 0x00, 0xBB, 0x00, 0x00, 0x00, 0x04, 0x00, 0x00, 0x00, 0x04, 0x00, 0x00, 0x00, 0x04,
    0x00, 0x00, 0x00, 0x04, 0x00, 0x00, 0x00, 0x00, 0x00, 0x00, 0x00, 0x00, 0x00, 0x00, 0x00, 0xBC,
    0x00, 0x00, 0x00, 0x08, 0x00, 0x00, 0x00, 0x04, 0x00, 0x00, 0x00, 0x04, 0x00, 0x00, 0x00, 0x06,
    0x00, 0x00, 0x00, 0x00, 0x00, 0x00, 0x00, 0x00, 0x00, 0x00, 0x00, 0xBD, 0x00, 0x00, 0x00, 0x07,
    0x00, 0x00, 0x00, 0x04, 0x00, 0x00, 0x00, 0x04, 0x00, 0x00, 0x00, 0x06, 0x00, 0x00, 0x00, 0x00,
    0x00, 0x00, 0x00, 0x00, 0x00, 0x00, 0x00, 0xBE, 0x00, 0x00, 0x00, 0x08, 0x00, 0x00, 0x00, 0x04,
    0x00, 0x00, 0x00, 0x04, 0x00, 0x00, 0x00, 0x06, 0x00, 0x00, 0x00, 0x00, 0x00, 0x00, 0x00, 0x00,
    0x00, 0x00, 0x00, 0xBF, 0x00, 0x00, 0x00, 0x05, 0x00, 0x00, 0x00, 0x04, 0x00, 0x00, 0x00, 0x04,
    0x00, 0x00, 0x00, 0x05, 0x00, 0x00, 0x00, 0x00, 0x00, 0x00, 0x00, 0x00, 0x00, 0x00, 0x00, 0xC0,
    0x00, 0x00, 0x00, 0x07, 0x00, 0x00, 0x00, 0x04, 0x00, 0x00, 0x00, 0x04, 0x00, 0x00, 0x00, 0x07,
    0x00, 0x00, 0x00, 0x00, 0x00, 0x00, 0x00, 0x00, 0x00, 0x00, 0x00, 0xC1, 0x00, 0x00, 0x00, 0x07,
    0x00, 0x00, 0x00, 0x04, 0x00, 0x00, 0x00, 0x04, 0x00, 0x00, 0x00, 0x07, 0x00, 0x00, 0x00, 0x00,
    0x00, 0x00, 0x00, 0x00, 0x00, 0x00, 0x00, 0xC2, 0x00, 0x00, 0x00, 0x07, 0x00, 0x00, 0x00, 0x04,
    0x00, 0x00, 0x00, 0x04, 0x00, 0x00, 0x00, 0x07, 0x00, 0x00, 0x00, 0x00, 0x00, 0x00, 0x00, 0x00,
    0x00, 0x00, 0x00, 0xC3, 0x00, 0x00, 0x00, 0x08, 0x00, 0x00, 0x00, 0x04, 0x00, 0x00, 0x00, 0x04,
    0x00, 0x00, 0x00, 0x08, 0x00, 0x00, 0x00, 0x00, 0x00, 0x00, 0x00, 0x00, 0x00, 0x00, 0x00, 0xC4,
    0x00, 0x00, 0x00, 0x07, 0x00, 0x00, 0x00, 0x04, 0x00, 0x00, 0x00, 0x04, 0x00, 0x00, 0x00, 0x07,
    0x00, 0x00, 0x00, 0x00, 0x00, 0x00, 0x00, 0x00, 0x00, 0x00, 0x00, 0xC5, 0x00, 0x00, 0x00, 0x07,
    0x00, 0x00, 0x00, 0x04, 0x00, 0x00, 0x00, 0x04, 0x00, 0x00, 0x00, 0x07, 0x00, 0x00, 0x00, 0x00,
    0x00, 0x00, 0x00, 0x00, 0x00, 0x00, 0x00, 0xC6, 0x00, 0x00, 0x00, 0x05, 0x00, 0x00, 0x00, 0x04,
    0x00, 0x00, 0x00, 0x04, 0x00, 0x00, 0x00, 0x05, 0x00, 0x00, 0x00, 0x00, 0x00, 0x00, 0x00, 0x00,
    0x00, 0x00, 0x00, 0xC7, 0x00, 0x00, 0x00, 0x07, 0x00, 0x00, 0x00, 0x04, 0x00, 0x00, 0x00, 0x04,
    0x00, 0x00, 0x00, 0x05, 0x00, 0x00, 0x00, 0x00, 0x00, 0x00, 0x00, 0x00, 0x00, 0x00, 0x00, 0xC8,
    0x00, 0x00, 0x00, 0x07, 0x00, 0x00, 0x00, 0x04, 0x00, 0x00, 0x00, 0x04, 0x00, 0x00, 0x00, 0x07,
    0x00, 0x00, 0x00, 0x00, 0x00, 0x00, 0x00, 0x00, 0x00, 0x00, 0x00, 0xC9, 0x00, 0x00, 0x00, 0x07,
    0x00, 0x00, 0x00, 0x04, 0x00, 0x00, 0x00, 0x04, 0x00, 0x00, 0x00, 0x07, 0x00, 0x00, 0x00, 0x00,
    0x00, 0x00, 0x00, 0x00, 0x00, 0x00, 0x00, 0xCA, 0x00, 0x00, 0x00, 0x07, 0x00, 0x00, 0x00, 0x04,
    0x00, 0x00, 0x00, 0x04, 0x00, 0x00, 0x00, 0x07, 0x00, 0x00, 0x00, 0x00, 0x00, 0x00, 0x00, 0x00,
    0x00, 0x00, 0x00, 0xCB, 0x00, 0x00, 0x00, 0x07, 0x00, 0x00, 0x00, 0x04, 0x00, 0x00, 0x00, 0x04,
    0x00, 0x00, 0x00, 0x07, 0x00, 0x00, 0x00, 0x00, 0x00, 0x00, 0x00, 0x00, 0x00, 0x00, 0x00, 0xCC,
    0x00, 0x00, 0x00, 0x07, 0x00, 0x00, 0x00, 0x04, 0x00, 0x00, 0x00, 0x04, 0x00, 0x00, 0x00, 0x07,
    0x00, 0x00, 0x00, 0x00, 0x00, 0x00, 0x00, 0x00, 0x00, 0x00, 0x00, 0xCD, 0x00, 0x00, 0x00, 0x07,
    0x00, 0x00, 0x00, 0x04, 0x00, 0x00, 0x00, 0x04, 0x00, 0x00, 0x00, 0x07, 0x00, 0x00, 0x00, 0x00,
    0x00, 0x00, 0x00, 0x00, 0x00, 0x00, 0x00, 0xCE, 0x00, 0x00, 0x00, 0x07, 0x00, 0x00, 0x00, 0x04,
    0x00, 0x00, 0x00, 0x04, 0x00, 0x00, 0x00, 0x07, 0x00, 0x00, 0x00, 0x00, 0x00, 0x00, 0x00, 0x00,
    0x00, 0x00, 0x00, 0xCF, 0x00, 0x00, 0x00, 0x07, 0x00, 0x00, 0x00, 0x04, 0x00, 0x00, 0x00, 0x04,
    0x00, 0x00, 0x00, 0x07, 0x00, 0x00, 0x00, 0x00, 0x00, 0x00, 0x00, 0x00, 0x00, 0x00, 0x00, 0xD0,
    0x00, 0x00, 0x00, 0x05, 0x00, 0x00, 0x00, 0x04, 0x00, 0x00, 0x00, 0x04, 0x00, 0x00, 0x00, 0x05,
    0x00, 0x00, 0x00, 0x00, 0x00, 0x00, 0x00, 0x00, 0x00, 0x00, 0x00, 0xD1, 0x00, 0x00, 0x00, 0x08,
    0x00, 0x00, 0x00, 0x04, 0x00, 0x00, 0x00, 0x04, 0x00, 0x00, 0x00, 0x08, 0x00, 0x00, 0x00, 0x00,
    0x00, 0x00, 0x00, 0x00, 0x00, 0x00, 0x00, 0xD2, 0x00, 0x00, 0x00, 0x07, 0x00, 0x00, 0x00, 0x04,
    0x00, 0x00, 0x00, 0x04, 0x00, 0x00, 0x00, 0x07, 0x00, 0x00, 0x00, 0x00, 0x00, 0x00, 0x00, 0x00,
    0x00, 0x00, 0x00, 0xD3, 0x00, 0x00, 0x00, 0x07, 0x00, 0x00, 0x00, 0x04, 0x00, 0x00, 0x00, 0x04,
    0x00, 0x00, 0x00, 0x07, 0x00, 0x00, 0x00, 0x00, 0x00, 0x00, 0x00, 0x00, 0x00, 0x00, 0x00, 0xD4,
    0x00, 0x00, 0x00, 0x07, 0x00, 0x00, 0x00, 0x04, 0x00, 0x00, 0x00, 0x04, 0x00, 0x00, 0x00, 0x07,
    0x00, 0x00, 0x00, 0x00, 0x00, 0x00, 0x00, 0x00, 0x00, 0x00, 0x00, 0xD5, 0x00, 0x00, 0x00, 0x08,
    0x00, 0x00, 0x00, 0x04, 0x00, 0x00, 0x00, 0x04, 0x00, 0x00, 0x00, 0x08, 0x00, 0x00, 0x00, 0x00,
    0x00, 0x00, 0x00, 0x00, 0x00, 0x00, 0x00, 0xD6, 0x00, 0x00, 0x00, 0x07, 0x00, 0x00, 0x00, 0x04,
    0x00, 0x00, 0x00, 0x04, 0x00, 0x00, 0x00, 0x07, 0x00, 0x00, 0x00, 0x00, 0x00, 0x00, 0x00, 0x00,
    0x00, 0x00, 0x00, 0xD7, 0x00, 0x00, 0x00, 0x04, 0x00, 0x00, 0x00, 0x04, 0x00, 0x00, 0x00, 0x04,
    0x00, 0x00, 0x00, 0x04, 0x00, 0x00, 0x00, 0x00, 0x00, 0x00, 0x00, 0x00, 0x00, 0x00, 0x00, 0xD8,
    0x00, 0x00, 0x00, 0x07, 0x00, 0x00, 0x00, 0x04, 0x00, 0x00, 0x00, 0x04, 0x00, 0x00, 0x00, 0x06,
    0x00, 0x00, 0x00, 0x00, 0x00, 0x00, 0x00, 0x00, 0x00, 0x00, 0x00, 0xD9, 0x00, 0x00, 0x00, 0x07,
    0x00, 0x00, 0x00, 0x04, 0x00, 0x00, 0x00, 0x04, 0x00, 0x00, 0x00, 0x07, 0x00, 0x00, 0x00, 0x00,
    0x00, 0x00, 0x00, 0x00, 0x00, 0x00, 0x00, 0xDA, 0x00, 0x00, 0x00, 0x07, 0x00, 0x00, 0x00, 0x04,
    0x00, 0x00, 0x00, 0x04, 0x00, 0x00, 0x00, 0x07, 0x00, 0x00, 0x00, 0x00, 0x00, 0x00, 0x00, 0x00,
    0x00, 0x00, 0x00, 0xDB, 0x00, 0x00, 0x00, 0x07, 0x00, 0x00, 0x00, 0x04, 0x00, 0x00, 0x00, 0x04,
    0x00, 0x00, 0x00, 0x07, 0x00, 0x00, 0x00, 0x00, 0x00, 0x00, 0x00, 0x00, 0x00, 0x00, 0x00, 0xDC,
    0x00, 0x00, 0x00, 0x07, 0x00, 0x00, 0x00, 0x04, 0x00, 0x00, 0x00, 0x04, 0x00, 0x00, 0x00, 0x07,
    0x00, 0x00, 0x00, 0x00, 0x00, 0x00, 0x00, 0x00, 0x00, 0x00, 0x00, 0xDD, 0x00, 0x00, 0x00, 0x07,
    0x00, 0x00, 0x00, 0x04, 0x00, 0x00, 0x00, 0x04, 0x00, 0x00, 0x00, 0x07, 0x00, 0x00, 0x00, 0x00,
    0x00, 0x00, 0x00, 0x00, 0x00, 0x00, 0x00, 0xDE, 0x00, 0x00, 0x00, 0x05, 0x00, 0x00, 0x00, 0x04,
    0x00, 0x00, 0x00, 0x04, 0x00, 0x00, 0x00, 0x05, 0x00, 0x00, 0x00, 0x00, 0x00, 0x00, 0x00, 0x00,
    0x00, 0x00, 0x00, 0xDF, 0x00, 0x00, 0x00, 0x05, 0x00, 0x00, 0x00, 0x04, 0x00, 0x00, 0x00, 0x04,
    0x00, 0x00, 0x00, 0x05, 0x00, 0x00, 0x00, 0x00, 0x00, 0x00, 0x00, 0x00, 0x00, 0x00, 0x00, 0xE0,
    0x00, 0x00, 0x00, 0x07, 0x00, 0x00, 0x00, 0x04, 0x00, 0x00, 0x00, 0x04, 0x00, 0x00, 0x00, 0x07,
    0x00, 0x00, 0x00, 0x00, 0x00, 0x00, 0x00, 0x00, 0x00, 0x00, 0x00, 0xE1, 0x00, 0x00, 0x00, 0x07,
    0x00, 0x00, 0x00, 0x04, 0x00, 0x00, 0x00, 0x04, 0x00, 0x00, 0x00, 0x07, 0x00, 0x00, 0x00, 0x00,
    0x00, 0x00, 0x00, 0x00, 0x00, 0x00, 0x00, 0xE2, 0x00, 0x00, 0x00, 0x07, 0x00, 0x00, 0x00, 0x04,
    0x00, 0x00, 0x00, 0x04, 0x00, 0x00, 0x00, 0x07, 0x00, 0x00, 0x00, 0x00, 0x00, 0x00, 0x00, 0x00,
    0x00, 0x00, 0x00, 0xE3, 0x00, 0x00, 0x00, 0x07, 0x00, 0x00, 0x00, 0x04, 0x00, 0x00, 0x00, 0x04,
    0x00, 0x00, 0x00, 0x07, 0x00, 0x00, 0x00, 0x00, 0x00, 0x00, 0x00, 0x00, 0x00, 0x00, 0x00, 0xE4,
    0x00, 0x00, 0x00, 0x06, 0x00, 0x00, 0x00, 0x04, 0x00, 0x00, 0x00, 0x04, 0x00, 0x00, 0x00, 0x06,
    0x00, 0x00, 0x00, 0x00, 0x00, 0x00, 0x00, 0x00, 0x00, 0x00, 0x00, 0xE5, 0x00, 0x00, 0x00, 0x08,
    0x00, 0x00, 0x00, 0x04, 0x00, 0x00, 0x00, 0x04, 0x00, 0x00, 0x00, 0x08, 0x00, 0x00, 0x00, 0x00,
    0x00, 0x00, 0x00, 0x00, 0x00, 0x00, 0x00, 0xE6, 0x00, 0x00, 0x00, 0x04, 0x00, 0x00, 0x00, 0x04,
    0x00, 0x00, 0x00, 0x04, 0x00, 0x00, 0x00, 0x04, 0x00, 0x00, 0x00, 0x00, 0x00, 0x00, 0x00, 0x00,
    0x00, 0x00, 0x00, 0xE7, 0x00, 0x00, 0x00, 0x06, 0x00, 0x00, 0x00, 0x04, 0x00, 0x00, 0x00, 0x04,
    0x00, 0x00, 0x00, 0x04, 0x00, 0x00, 0x00, 0x00, 0x00, 0x00, 0x00, 0x00, 0x00, 0x00, 0x00, 0xE8,
    0x00, 0x00, 0x00, 0x07, 0x00, 0x00, 0x00, 0x04, 0x00, 0x00, 0x00, 0x04, 0x00, 0x00, 0x00, 0x07,
    0x00, 0x00, 0x00, 0x00, 0x00, 0x00, 0x00, 0x00, 0x00, 0x00, 0x00, 0xE9, 0x00, 0x00, 0x00, 0x07,
    0x00, 0x00, 0x00, 0x04, 0x00, 0x00, 0x00, 0x04, 0x00, 0x00, 0x00, 0x07, 0x00, 0x00, 0x00, 0x00,
    0x00, 0x00, 0x00, 0x00, 0x00, 0x00, 0x00, 0xEA, 0x00, 0x00, 0x00, 0x07, 0x00, 0x00, 0x00, 0x04,
    0x00, 0x00, 0x00, 0x04, 0x00, 0x00, 0x00, 0x07, 0x00, 0x00, 0x00, 0x00, 0x00, 0x00, 0x00, 0x00,
    0x00, 0x00, 0x00, 0xEB, 0x00, 0x00, 0x00, 0x06, 0x00, 0x00, 0x00, 0x04, 0x00, 0x00, 0x00, 0x04,
    0x00, 0x00, 0x00, 0x06, 0x00, 0x00, 0x00, 0x00, 0x00, 0x00, 0x00, 0x00, 0x00, 0x00, 0x00, 0xEC,
    0x00, 0x00, 0x00, 0x07, 0x00, 0x00, 0x00, 0x04, 0x00, 0x00, 0x00, 0x04, 0x00, 0x00, 0x00, 0x07,
    0x00, 0x00, 0x00, 0x00, 0x00, 0x00, 0x00, 0x00, 0x00, 0x00, 0x00, 0xED, 0x00, 0x00, 0x00, 0x07,
    0x00, 0x00, 0x00, 0x04, 0x00, 0x00, 0x00, 0x04, 0x00, 0x00, 0x00, 0x07, 0x00, 0x00, 0x00, 0x00,
    0x00, 0x00, 0x00, 0x00, 0x00, 0x00, 0x00, 0xEE, 0x00, 0x00, 0x00, 0x07, 0x00, 0x00, 0x00, 0x04,
    0x00, 0x00, 0x00, 0x04, 0x00, 0x00, 0x00, 0x07, 0x00, 0x00, 0x00, 0x00, 0x00, 0x00, 0x00, 0x00,
    0x00, 0x00, 0x00, 0xEF, 0x00, 0x00, 0x00, 0x06, 0x00, 0x00, 0x00, 0x04, 0x00, 0x00, 0x00, 0x04,
    0x00, 0x00, 0x00, 0x06, 0x00, 0x00, 0x00, 0x00, 0x00, 0x00, 0x00, 0x00, 0x00, 0x00, 0x00, 0xF0,
    0x00, 0x00, 0x00, 0x05, 0x00, 0x00, 0x00, 0x04, 0x00, 0x00, 0x00, 0x04, 0x00, 0x00, 0x00, 0x05,
    0x00, 0x00, 0x00, 0x00, 0x00, 0x00, 0x00, 0x00, 0x00, 0x00, 0x00, 0xF1, 0x00, 0x00, 0x00, 0x07,
    0x00, 0x00, 0x00, 0x04, 0x00, 0x00, 0x00, 0x04, 0x00, 0x00, 0x00, 0x07, 0x00, 0x00, 0x00, 0x00,
    0x00, 0x00, 0x00, 0x00, 0x00, 0x00, 0x00, 0xF2, 0x00, 0x00, 0x00, 0x07, 0x00, 0x00, 0x00, 0x04,
    0x00, 0x00, 0x00, 0x04, 0x00, 0x00, 0x00, 0x07, 0x00, 0x00, 0x00, 0x00, 0x00, 0x00, 0x00, 0x00,
    0x00, 0x00, 0x00, 0xF3, 0x00, 0x00, 0x00, 0x07, 0x00, 0x00, 0x00, 0x04, 0x00, 0x00, 0x00, 0x04,
    0x00, 0x00, 0x00, 0x07, 0x00, 0x00, 0x00, 0x00, 0x00, 0x00, 0x00, 0x00, 0x00, 0x00, 0x00, 0xF4,
    0x00, 0x00, 0x00, 0x07, 0x00, 0x00, 0x00, 0x04, 0x00, 0x00, 0x00, 0x04, 0x00, 0x00, 0x00, 0x07,
    0x00, 0x00, 0x00, 0x00, 0x00, 0x00, 0x00, 0x00, 0x00, 0x00, 0x00, 0xF5, 0x00, 0x00, 0x00, 0x07,
    0x00, 0x00, 0x00, 0x04, 0x00, 0x00, 0x00, 0x04, 0x00, 0x00, 0x00, 0x07, 0x00, 0x00, 0x00, 0x00,
    0x00, 0x00, 0x00, 0x00, 0x00, 0x00, 0x00, 0xF6, 0x00, 0x00, 0x00, 0x06, 0x00, 0x00, 0x00, 0x04,
    0x00, 0x00, 0x00, 0x04, 0x00, 0x00, 0x00, 0x06, 0x00, 0x00, 0x00, 0x00, 0x00, 0x00, 0x00, 0x00,
    0x00, 0x00, 0x00, 0xF7, 0x00, 0x00, 0x00, 0x04, 0x00, 0x00, 0x00, 0x04, 0x00, 0x00, 0x00, 0x04,
    0x00, 0x00, 0x00, 0x04, 0x00, 0x00, 0x00, 0x00, 0x00, 0x00, 0x00, 0x00, 0x00, 0x00, 0x00, 0xF8,
    0x00, 0x00, 0x00, 0x06, 0x00, 0x00, 0x00, 0x04, 0x00, 0x00, 0x00, 0x04, 0x00, 0x00, 0x00, 0x05,
    0x00, 0x00, 0x00, 0x00, 0x00, 0x00, 0x00, 0x00, 0x00, 0x00, 0x00, 0xF9, 0x00, 0x00, 0x00, 0x07,
    0x00, 0x00, 0x00, 0x04, 0x00, 0x00, 0x00, 0x04, 0x00, 0x00, 0x00, 0x07, 0x00, 0x00, 0x00, 0x00,
    0x00, 0x00, 0x00, 0x00, 0x00, 0x00, 0x00, 0xFA, 0x00, 0x00, 0x00, 0x07, 0x00, 0x00, 0x00, 0x04,
    0x00, 0x00, 0x00, 0x04, 0x00, 0x00, 0x00, 0x07, 0x00, 0x00, 0x00, 0x00, 0x00, 0x00, 0x00, 0x00,
    0x00, 0x00, 0x00, 0xFB, 0x00, 0x00, 0x00, 0x07, 0x00, 0x00, 0x00, 0x04, 0x00, 0x00, 0x00, 0x04,
    0x00, 0x00, 0x00, 0x07, 0x00, 0x00, 0x00, 0x00, 0x00, 0x00, 0x00, 0x00, 0x00, 0x00, 0x00, 0xFC,
    0x00, 0x00, 0x00, 0x06, 0x00, 0x00, 0x00, 0x04, 0x00, 0x00, 0x00, 0x04, 0x00, 0x00, 0x00, 0x06,
    0x00, 0x00, 0x00, 0x00, 0x00, 0x00, 0x00, 0x00, 0x00, 0x00, 0x00, 0xFD, 0x00, 0x00, 0x00, 0x07,
    0x00, 0x00, 0x00, 0x04, 0x00, 0x00, 0x00, 0x04, 0x00, 0x00, 0x00, 0x06, 0x00, 0x00, 0x00, 0x00,
    0x00, 0x00, 0x00, 0x00, 0x00, 0x00, 0x00, 0xFE, 0x00, 0x00, 0x00, 0x06, 0x00, 0x00, 0x00, 0x04,
    0x00, 0x00, 0x00, 0x04, 0x00, 0x00, 0x00, 0x05, 0x00, 0x00, 0x00, 0x00, 0x00, 0x00, 0x00, 0x00,
    0x00, 0x00, 0x00, 0xFF, 0x00, 0x00, 0x00, 0x07, 0x00, 0x00, 0x00, 0x04, 0x00, 0x00, 0x00, 0x04,
    0x00, 0x00, 0x00, 0x06, 0x00, 0x00, 0x00, 0x00, 0x00, 0x00, 0x00, 0x00, 0x00, 0x00, 0x20, 0x13,
    0x00, 0x00, 0x00, 0x01, 0x00, 0x00, 0x00, 0x03, 0x00, 0x00, 0x00, 0x04, 0x00, 0x00, 0x00, 0x02,
    0x00, 0x00, 0x00, 0x01, 0x00, 0x00, 0x00, 0x00, 0x00, 0x00, 0x20, 0x14, 0x00, 0x00, 0x00, 0x01,
    0x00, 0x00, 0x00, 0x04, 0x00, 0x00, 0x00, 0x04, 0x00, 0x00, 0x00, 0x02, 0x00, 0x00, 0x00, 0x00,
    0x00, 0x00, 0x00, 0x00, 0x00, 0x00, 0x20, 0x18, 0x00, 0x00, 0x00, 0x03, 0x00, 0x00, 0x00, 0x02,
    0x00, 0x00, 0x00, 0x04, 0x00, 0x00, 0x00, 0x05, 0x00, 0x00, 0x00, 0x01, 0x00, 0x00, 0x00, 0x00,
    0x00, 0x00, 0x20, 0x19, 0x00, 0x00, 0x00, 0x03, 0x00, 0x00, 0x00, 0x02, 0x00, 0x00, 0x00, 0x04,
    0x00, 0x00, 0x00, 0x05, 0x00, 0x00, 0x00, 0x01, 0x00, 0x00, 0x00, 0x00, 0x00, 0x00, 0x20, 0x1C,
    0x00, 0x00, 0x00, 0x03, 0x00, 0x00, 0x00, 0x04, 0x00, 0x00, 0x00, 0x04, 0x00, 0x00, 0x00, 0x05,
    0x00, 0x00, 0x00, 0x00, 0x00, 0x00, 0x00, 0x00, 0x00, 0x00, 0x20, 0x1D, 0x00, 0x00, 0x00, 0x03,
    0x00, 0x00, 0x00, 0x04, 0x00, 0x00, 0x00, 0x04, 0x00, 0x00, 0x00, 0x05, 0x00, 0x00, 0x00, 0x00,
    0x00, 0x00, 0x00, 0x00, 0x00, 0x00, 0x20, 0x26, 0x00, 0x00, 0x00, 0x02, 0x00, 0x00, 0x00, 0x04,
    0x00, 0x00, 0x00, 0x04, 0x00, 0x00, 0x00, 0x02, 0x00, 0x00, 0x00, 0x00, 0x00, 0x00, 0x00, 0x00,
    0x00, 0x00, 0x20, 0xAC, 0x00, 0x00, 0x00, 0x05, 0x00, 0x00, 0x00, 0x04, 0x00, 0x00, 0x00, 0x04,
    0x00, 0x00, 0x00, 0x05, 0x00, 0x00, 0x00, 0x00, 0x00, 0x00, 0x00, 0x00, 0x00, 0x00, 0x21, 0x90,
    0x00, 0x00, 0x00, 0x03, 0x00, 0x00, 0x00, 0x04, 0x00, 0x00, 0x00, 0x04, 0x00, 0x00, 0x00, 0x04,
    0x00, 0x00, 0x00, 0x00, 0x00, 0x00, 0x00, 0x00, 0x00, 0x00, 0x21, 0x91, 0x00, 0x00, 0x00, 0x04,
    0x00, 0x00, 0x00, 0x03, 0x00, 0x00, 0x00, 0x04, 0x00, 0x00, 0x00, 0x04, 0x00, 0x00, 0x00, 0x01,
    0x00, 0x00, 0x00, 0x00, 0x00, 0x00, 0x21, 0x92, 0x00, 0x00, 0x00, 0x03, 0x00, 0x00, 0x00, 0x04,
    0x00, 0x00, 0x00, 0x04, 0x00, 0x00, 0x00, 0x04, 0x00, 0x00, 0x00, 0x00, 0x00, 0x00, 0x00, 0x00,
    0x00, 0x00, 0x21, 0x93, 0x00, 0x00, 0x00, 0x04, 0x00, 0x00, 0x00, 0x03, 0x00, 0x00, 0x00, 0x04,
    0x00, 0x00, 0x00, 0x04, 0x00, 0x00, 0x00, 0x01, 0x00, 0x00, 0x00, 0x00, 0x00, 0x00, 0x21, 0x94,
    0x00, 0x00, 0x00, 0x03, 0x00, 0x00, 0x00, 0x04, 0x00, 0x00, 0x00, 0x04, 0x00, 0x00, 0x00, 0x03,
    0x00, 0x00, 0x00, 0x00, 0x00, 0x00, 0x00, 0x00, 0x00, 0x00, 0x21, 0x95, 0x00, 0x00, 0x00, 0x04,
    0x00, 0x00, 0x00, 0x03, 0x00, 0x00, 0x00, 0x04, 0x00, 0x00, 0x00, 0x04, 0x00, 0x00, 0x00, 0x01,
    0x00, 0x00, 0x00, 0x00, 0x00, 0x00, 0x21, 0xE9, 0x00, 0x00, 0x00, 0x04, 0x00, 0x00, 0x00, 0x04,
    0x00, 0x00, 0x00, 0x04, 0x00, 0x00, 0x00, 0x04, 0x00, 0x00, 0x00, 0x00, 0x00, 0x00, 0x00, 0x00,
    0x00, 0x00, 0x22, 0x60, 0x00, 0x00, 0x00, 0x05, 0x00, 0x00, 0x00, 0x04, 0x00, 0x00, 0x00, 0x04,
    0x00, 0x00, 0x00, 0x05, 0x00, 0x00, 0x00, 0x00, 0x00, 0x00, 0x00, 0x00, 0x00, 0x00, 0x22, 0x61,
    0x00, 0x00, 0x00, 0x04, 0x00, 0x00, 0x00, 0x04, 0x00, 0x00, 0x00, 0x04, 0x00, 0x00, 0x00, 0x04,
    0x00, 0x00, 0x00, 0x00, 0x00, 0x00, 0x00, 0x00, 0x00, 0x00, 0x22, 0x64, 0x00, 0x00, 0x00, 0x04,
    0x00, 0x00, 0x00, 0x04, 0x00, 0x00, 0x00, 0x04, 0x00, 0x00, 0x00, 0x04, 0x00, 0x00, 0x00, 0x00,
    0x00, 0x00, 0x00, 0x00, 0x00, 0x00, 0x22, 0x65, 0x00, 0x00, 0x00, 0x04, 0x00, 0x00, 0x00, 0x04,
    0x00, 0x00, 0x00, 0x04, 0x00, 0x00, 0x00, 0x04, 0x00, 0x00, 0x00, 0x00, 0x00, 0x00, 0x00, 0x00,
    0x00, 0x00, 0x23, 0x15, 0x00, 0x00, 0x00, 0x04, 0x00, 0x00, 0x00, 0x04, 0x00, 0x00, 0x00, 0x04,
    0x00, 0x00, 0x00, 0x04, 0x00, 0x00, 0x00, 0x00, 0x00, 0x00, 0x00, 0x00, 0x00, 0x00, 0x23, 0xCE,
    0x00, 0x00, 0x00, 0x04, 0x00, 0x00, 0x00, 0x04, 0x00, 0x00, 0x00, 0x04, 0x00, 0x00, 0x00, 0x04,
    0x00, 0x00, 0x00, 0x00, 0x00, 0x00, 0x00, 0x00, 0x00, 0x00, 0x25, 0x00, 0x00, 0x00, 0x00, 0x01,
    0x00, 0x00, 0x00, 0x04, 0x00, 0x00, 0x00, 0x04, 0x00, 0x00, 0x00, 0x03, 0x00, 0x00, 0x00, 0x00,
    0x00, 0x00, 0x00, 0x00, 0x00, 0x00, 0x25, 0x01, 0x00, 0x00, 0x00, 0x02, 0x00, 0x00, 0x00, 0x04,
    0x00, 0x00, 0x00, 0x04, 0x00, 0x00, 0x00, 0x03, 0x00, 0x00, 0x00, 0x00, 0x00, 0x00, 0x00, 0x00,
    0x00, 0x00, 0x25, 0x02, 0x00, 0x00, 0x00, 0x09, 0x00, 0x00, 0x00, 0x01, 0x00, 0x00, 0x00, 0x04,
    0x00, 0x00, 0x00, 0x07, 0x00, 0x00, 0x00, 0x02, 0x00, 0x00, 0x00, 0x00, 0x00, 0x00, 0x25, 0x03,
    0x00, 0x00, 0x00, 0x09, 0x00, 0x00, 0x00, 0x02, 0x00, 0x00, 0x00, 0x04, 0x00, 0x00, 0x00, 0x07,
    0x00, 0x00, 0x00, 0x01, 0x00, 0x00, 0x00, 0x00, 0x00, 0x00, 0x25, 0x04, 0x00, 0x00, 0x00, 0x01,
    0x00, 0x00, 0x00, 0x04, 0x00, 0x00, 0x00, 0x04, 0x00, 0x00, 0x00, 0x03, 0x00, 0x00, 0x00, 0x00,
    0x00, 0x00, 0x00, 0x00, 0x00, 0x00, 0x25, 0x05, 0x00, 0x00, 0x00, 0x02, 0x00, 0x00, 0x00, 0x04,
    0x00, 0x00, 0x00, 0x04, 0x00, 0x00, 0x00, 0x03, 0x00, 0x00, 0x00, 0x00, 0x00, 0x00, 0x00, 0x00,
    0x00, 0x00, 0x25, 0x06, 0x00, 0x00, 0x00, 0x09, 0x00, 0x00, 0x00, 0x01, 0x00, 0x00, 0x00, 0x04,
    0x00, 0x00, 0x00, 0x07, 0x00, 0x00, 0x00, 0x02, 0x00, 0x00, 0x00, 0x00, 0x00, 0x00, 0x25, 0x07,
    0x00, 0x00, 0x00, 0x09, 0x00, 0x00, 0x00, 0x02, 0x00, 0x00, 0x00, 0x04, 0x00, 0x00, 0x00, 0x07,
    0x00, 0x00, 0x00, 0x01, 0x00, 0x00, 0x00, 0x00, 0x00, 0x00, 0x25, 0x08, 0x00, 0x00, 0x00, 0x01,
    0x00, 0x00, 0x00, 0x04, 0x00, 0x00, 0x00, 0x04, 0x00, 0x00, 0x00, 0x03, 0x00, 0x00, 0x00, 0x00,
    0x00, 0x00, 0x00, 0x00, 0x00, 0x00, 0x25, 0x09, 0x00, 0x00, 0x00, 0x02, 0x00, 0x00, 0x00, 0x04,
    0x00, 0x00, 0x00, 0x04, 0x00, 0x00, 0x00, 0x03, 0x00, 0x00, 0x00, 0x00, 0x00, 0x00, 0x00, 0x00,
    0x00, 0x00, 0x25, 0x0A, 0x00, 0x00, 0x00, 0x09, 0x00, 0x00, 0x00, 0x01, 0x00, 0x00, 0x00, 0x04,
    0x00, 0x00, 0x00, 0x07, 0x00, 0x00, 0x00, 0x02, 0x00, 0x00, 0x00, 0x00, 0x00, 0x00, 0x25, 0x0B,
    0x00, 0x00, 0x00, 0x09, 0x00, 0x00, 0x00, 0x02, 0x00, 0x00, 0x00, 0x04, 0x00, 0x00, 0x00, 0x07,
    0x00, 0x00, 0x00, 0x01, 0x00, 0x00, 0x00, 0x00, 0x00, 0x00, 0x25, 0x0C, 0x00, 0x00, 0x00, 0x05,
    0x00, 0x00, 0x00, 0x02, 0x00, 0x00, 0x00, 0x04, 0x00, 0x00, 0x00, 0x03, 0x00, 0x00, 0x00, 0x02,
    0x00, 0x00, 0x00, 0x00, 0x00, 0x00, 0x25, 0x0D, 0x00, 0x00, 0x00, 0x05, 0x00, 0x00, 0x00, 0x02,
    0x00, 0x00, 0x00, 0x04, 0x00, 0x00, 0x00, 0x03, 0x00, 0x00, 0x00, 0x02, 0x00, 0x00, 0x00, 0x00,
    0x00, 0x00, 0x25, 0x0E, 0x00, 0x00, 0x00, 0x05, 0x00, 0x00, 0x00, 0x03, 0x00, 0x00, 0x00, 0x04,
    0x00, 0x00, 0x00, 0x03, 0x00, 0x00, 0x00, 0x01, 0x00, 0x00, 0x00, 0x00, 0x00, 0x00, 0x25, 0x0F,
    0x00, 0x00, 0x00, 0x05, 0x00, 0x00, 0x00, 0x03, 0x00, 0x00, 0x00, 0x04, 0x00, 0x00, 0x00, 0x03,
    0x00, 0x00, 0x00, 0x01, 0x00, 0x00, 0x00, 0x00, 0x00, 0x00, 0x25, 0x10, 0x00, 0x00, 0x00, 0x05,
    0x00, 0x00, 0x00, 0x03, 0x00, 0x00, 0x00, 0x04, 0x00, 0x00, 0x00, 0x03, 0x00, 0x00, 0x00, 0x00,
    0x00, 0x00, 0x00, 0x00, 0x00, 0x00, 0x25, 0x11, 0x00, 0x00, 0x00, 0x05, 0x00, 0x00, 0x00, 0x03,
    0x00, 0x00, 0x00, 0x04, 0x00, 0x00, 0x00, 0x03, 0x00, 0x00, 0x00, 0x00, 0x00, 0x00, 0x00, 0x00,
    0x00, 0x00, 0x25, 0x12, 0x00, 0x00, 0x00, 0x05, 0x00, 0x00, 0x00, 0x03, 0x00, 0x00, 0x00, 0x04,
    0x00, 0x00, 0x00, 0x03, 0x00, 0x00, 0x00, 0x00, 0x00, 0x00, 0x00, 0x00, 0x00, 0x00, 0x25, 0x13,
    0x00, 0x00, 0x00, 0x05, 0x00, 0x00, 0x00, 0x03, 0x00, 0x00, 0x00, 0x04, 0x00, 0x00, 0x00, 0x03,
    0x00, 0x00, 0x00, 0x00, 0x00, 0x00, 0x00, 0x00, 0x00, 0x00, 0x25, 0x14, 0x00, 0x00, 0x00, 0x05,
    0x00, 0x00, 0x00, 0x02, 0x00, 0x00, 0x00, 0x04, 0x00, 0x00, 0x00, 0x07, 0x00, 0x00, 0x00, 0x02,
    0x00, 0x00, 0x00, 0x00, 0x00, 0x00, 0x25, 0x15, 0x00, 0x00, 0x00, 0x06, 0x00, 0x00, 0x00, 0x02,
    0x00, 0x00, 0x00, 0x04, 0x00, 0x00, 0x00, 0x07, 0x00, 0x00, 0x00, 0x02, 0x00, 0x00, 0x00, 0x00,
    0x00, 0x00, 0x25, 0x16, 0x00, 0x00, 0x00, 0x05, 0x00, 0x00, 0x00, 0x03, 0x00, 0x00, 0x00, 0x04,
    0x00, 0x00, 0x00, 0x07, 0x00, 0x00, 0x00, 0x01, 0x00, 0x00, 0x00, 0x00, 0x00, 0x00, 0x25, 0x17,
    0x00, 0x00, 0x00, 0x06, 0x00, 0x00, 0x00, 0x03, 0x00, 0x00, 0x00, 0x04, 0x00, 0x00, 0x00, 0x07,
    0x00, 0x00, 0x00, 0x01, 0x00, 0x00, 0x00, 0x00, 0x00, 0x00, 0x25, 0x18, 0x00, 0x00, 0x00, 0x05,
    0x00, 0x00, 0x00, 0x03, 0x00, 0x00, 0x00, 0x04, 0x00, 0x00, 0x00, 0x07, 0x00, 0x00, 0x00, 0x00,
    0x00, 0x00, 0x00, 0x00, 0x00, 0x00, 0x25, 0x19, 0x00, 0x00, 0x00, 0x06, 0x00, 0x00, 0x00, 0x03,
    0x00, 0x00, 0x00, 0x04, 0x00, 0x00, 0x00, 0x07, 0x00, 0x00, 0x00, 0x00, 0x00, 0x00, 0x00, 0x00,
    0x00, 0x00, 0x25, 0x1A, 0x00, 0x00, 0x00, 0x05, 0x00, 0x00, 0x00, 0x03, 0x00, 0x00, 0x00, 0x04,
    0x00, 0x00, 0x00, 0x07, 0x00, 0x00, 0x00, 0x00, 0x00, 0x00, 0x00, 0x00, 0x00, 0x00, 0x25, 0x1B,
    0x00, 0x00, 0x00, 0x06, 0x00, 0x00, 0x00, 0x03, 0x00, 0x00, 0x00, 0x04, 0x00, 0x00, 0x00, 0x07,
    0x00, 0x00, 0x00, 0x00, 0x00, 0x00, 0x00, 0x00, 0x00, 0x00, 0x25, 0x1C, 0x00, 0x00, 0x00, 0x09,
    0x00, 0x00, 0x00, 0x02, 0x00, 0x00, 0x00, 0x04, 0x00, 0x00, 0x00, 0x07, 0x00, 0x00, 0x00, 0x02,
    0x00, 0x00, 0x00, 0x00, 0x00, 0x00, 0x25, 0x1D, 0x00, 0x00, 0x00, 0x09, 0x00, 0x00, 0x00, 0x02,
    0x00, 0x00, 0x00, 0x04, 0x00, 0x00, 0x00, 0x07, 0x00, 0x00, 0x00, 0x02, 0x00, 0x00, 0x00, 0x00,
    0x00, 0x00, 0x25, 0x1E, 0x00, 0x00, 0x00, 0x09, 0x00, 0x00, 0x00, 0x03, 0x00, 0x00, 0x00, 0x04,
    0x00, 0x00, 0x00, 0x07, 0x00, 0x00, 0x00, 0x01, 0x00, 0x00, 0x00, 0x00, 0x00, 0x00, 0x25, 0x1F,
    0x00, 0x00, 0x00, 0x09, 0x00, 0x00, 0x00, 0x03, 0x00, 0x00, 0x00, 0x04, 0x00, 0x00, 0x00, 0x07,
    0x00, 0x00, 0x00, 0x01, 0x00, 0x00, 0x00, 0x00, 0x00, 0x00, 0x25, 0x20, 0x00, 0x00, 0x00, 0x09,
    0x00, 0x00, 0x00, 0x03, 0x00, 0x00, 0x00, 0x04, 0x00, 0x00, 0x00, 0x07, 0x00, 0x00, 0x00, 0x01,
    0x00, 0x00, 0x00, 0x00, 0x00, 0x00, 0x25, 0x21, 0x00, 0x00, 0x00, 0x09, 0x00, 0x00, 0x00, 0x03,
    0x00, 0x00, 0x00, 0x04, 0x00, 0x00, 0x00, 0x07, 0x00, 0x00, 0x00, 0x01, 0x00, 0x00, 0x00, 0x00,
    0x00, 0x00, 0x25, 0x22, 0x00, 0x00, 0x00, 0x09, 0x00, 0x00, 0x00, 0x03, 0x00, 0x00, 0x00, 0x04,
    0x00, 0x00, 0x00, 0x07, 0x00, 0x00, 0x00, 0x01, 0x00, 0x00, 0x00, 0x00, 0x00, 0x00, 0x25, 0x23,
    0x00, 0x00, 0x00, 0x09, 0x00, 0x00, 0x00, 0x03, 0x00, 0x00, 0x00, 0x04, 0x00, 0x00, 0x00, 0x07,
    0x00, 0x00, 0x00, 0x01, 0x00, 0x00, 0x00, 0x00, 0x00, 0x00, 0x25, 0x24, 0x00, 0x00, 0x00, 0x09,
    0x00, 0x00, 0x00, 0x03, 0x00, 0x00, 0x00, 0x04, 0x00, 0x00, 0x00, 0x07, 0x00, 0x00, 0x00, 0x00,
    0x00, 0x00, 0x00, 0x00, 0x00, 0x00, 0x25, 0x25, 0x00, 0x00, 0x00, 0x09, 0x00, 0x00, 0x00, 0x03,
    0x00, 0x00, 0x00, 0x04, 0x00, 0x00, 0x00, 0x07, 0x00, 0x00, 0x00, 0x00, 0x00, 0x00, 0x00, 0x00,
    0x00, 0x00, 0x25, 0x26, 0x00, 0x00, 0x00, 0x09, 0x00, 0x00, 0x00, 0x03, 0x00, 0x00, 0x00, 0x04,
    0x00, 0x00, 0x00, 0x07, 0x00, 0x00, 0x00, 0x00, 0x00, 0x00, 0x00, 0x00, 0x00, 0x00, 0x25, 0x27,
    0x00, 0x00, 0x00, 0x09, 0x00, 0x00, 0x00, 0x03, 0x00, 0x00, 0x00, 0x04, 0x00, 0x00, 0x00, 0x07,
    0x00, 0x00, 0x00, 0x00, 0x00, 0x00, 0x00, 0x00, 0x00, 0x00, 0x25, 0x28, 0x00, 0x00, 0x00, 0x09,
    0x00, 0x00, 0x00, 0x03, 0x00, 0x00, 0x00, 0x04, 0x00, 0x00, 0x00, 0x07, 0x00, 0x00, 0x00, 0x00,
    0x00, 0x00, 0x00, 0x00, 0x00, 0x00, 0x25, 0x29, 0x00, 0x00, 0x00, 0x09, 0x00, 0x00, 0x00, 0x03,
    0x00, 0x00, 0x00, 0x04, 0x00, 0x00, 0x00, 0x07, 0x00, 0x00, 0x00, 0x00, 0x00, 0x00, 0x00, 0x00,
    0x00, 0x00, 0x25, 0x2A, 0x00, 0x00, 0x00, 0x09, 0x00, 0x00, 0x00, 0x03, 0x00, 0x00, 0x00, 0x04,
    0x00, 0x00, 0x00, 0x07, 0x00, 0x00, 0x00, 0x00, 0x00, 0x00, 0x00, 0x00, 0x00, 0x00, 0x25, 0x2B,
    0x00, 0x00, 0x00, 0x09, 0x00, 0x00, 0x00, 0x03, 0x00, 0x00, 0x00, 0x04, 0x00, 0x00, 0x00, 0x07,
    0x00, 0x00, 0x00, 0x00, 0x00, 0x00, 0x00, 0x00, 0x00, 0x00, 0x25, 0x2C, 0x00, 0x00, 0x00, 0x05,
    0x00, 0x00, 0x00, 0x04, 0x00, 0x00, 0x00, 0x04, 0x00, 0x00, 0x00, 0x03, 0x00, 0x00, 0x00, 0x00,
    0x00, 0x00, 0x00, 0x00, 0x00, 0x00, 0x25, 0x2D, 0x00, 0x00, 0x00, 0x05, 0x00, 0x00, 0x00, 0x04,
    0x00, 0x00, 0x00, 0x04, 0x00, 0x00, 0x00, 0x03, 0x00, 0x00, 0x00, 0x00, 0x00, 0x00, 0x00, 0x00,
    0x00, 0x00, 0x25, 0x2E, 0x00, 0x00, 0x00, 0x05, 0x00, 0x00, 0x00, 0x04, 0x00, 0x00, 0x00, 0x04,
    0x00, 0x00, 0x00, 0x03, 0x00, 0x00, 0x00, 0x00, 0x00, 0x00, 0x00, 0x00, 0x00, 0x00, 0x25, 0x2F,
    0x00, 0x00, 0x00, 0x05, 0x00, 0x00, 0x00, 0x04, 0x00, 0x00, 0x00, 0x04, 0x00, 0x00, 0x00, 0x03,
    0x00, 0x00, 0x00, 0x00, 0x00, 0x00, 0x00, 0x00, 0x00, 0x00, 0x25, 0x30, 0x00, 0x00, 0x00, 0x05,
    0x00, 0x00, 0x00, 0x04, 0x00, 0x00, 0x00, 0x04, 0x00, 0x00, 0x00, 0x03, 0x00, 0x00, 0x00, 0x00,
    0x00, 0x00, 0x00, 0x00, 0x00, 0x00, 0x25, 0x31, 0x00, 0x00, 0x00, 0x05, 0x00, 0x00, 0x00, 0x04,
    0x00, 0x00, 0x00, 0x04, 0x00, 0x00, 0x00, 0x03, 0x00, 0x00, 0x00, 0x00, 0x00, 0x00, 0x00, 0x00,
    0x00, 0x00, 0x25, 0x32, 0x00, 0x00, 0x00, 0x05, 0x00, 0x00, 0x00, 0x04, 0x00, 0x00, 0x00, 0x04,
    0x00, 0x00, 0x00, 0x03, 0x00, 0x00, 0x00, 0x00, 0x00, 0x00, 0x00, 0x00, 0x00, 0x00, 0x25, 0x33,
    0x00, 0x00, 0x00, 0x05, 0x00, 0x00, 0x00, 0x04, 0x00, 0x00, 0x00, 0x04, 0x00, 0x00, 0x00, 0x03,
    0x00, 0x00, 0x00, 0x00, 0x00, 0x00, 0x00, 0x00, 0x00, 0x00, 0x25, 0x34, 0x00, 0x00, 0x00, 0x05,
    0x00, 0x00, 0x00, 0x04, 0x00, 0x00, 0x00, 0x04, 0x00, 0x00, 0x00, 0x07, 0x00, 0x00, 0x00, 0x00,
    0x00, 0x00, 0x00, 0x00, 0x00, 0x00, 0x25, 0x35, 0x00, 0x00, 0x00, 0x06, 0x00, 0x00, 0x00, 0x04,
    0x00, 0x00, 0x00, 0x04, 0x00, 0x00, 0x00, 0x07, 0x00, 0x00, 0x00, 0x00, 0x00, 0x00, 0x00, 0x00,
    0x00, 0x00, 0x25, 0x36, 0x00, 0x00, 0x00, 0x06, 0x00, 0x00, 0x00, 0x04, 0x00, 0x00, 0x00, 0x04,
    0x00, 0x00, 0x00, 0x07, 0x00, 0x00, 0x00, 0x00, 0x00, 0x00, 0x00, 0x00, 0x00, 0x00, 0x25, 0x37,
    0x00, 0x00, 0x00, 0x06, 0x00, 0x00, 0x00, 0x04, 0x00, 0x00, 0x00, 0x04, 0x00, 0x00, 0x00, 0x07,
    0x00, 0x00, 0x00, 0x00, 0x00, 0x00, 0x00, 0x00, 0x00, 0x00, 0x25, 0x38, 0x00, 0x00, 0x00, 0x05,
    0x00, 0x00, 0x00, 0x04, 0x00, 0x00, 0x00, 0x04, 0x00, 0x00, 0x00, 0x07, 0x00, 0x00, 0x00, 0x00,
    0x00, 0x00, 0x00, 0x00, 0x00, 0x00, 0x25, 0x39, 0x00, 0x00, 0x00, 0x06, 0x00, 0x00, 0x00, 0x04,
    0x00, 0x00, 0x00, 0x04, 0x00, 0x00, 0x00, 0x07, 0x00, 0x00, 0x00, 0x00, 0x00, 0x00, 0x00, 0x00,
    0x00, 0x00, 0x25, 0x3A, 0x00, 0x00, 0x00, 0x06, 0x00, 0x00, 0x00, 0x04, 0x00, 0x00, 0x00, 0x04,
    0x00, 0x00, 0x00, 0x07, 0x00, 0x00, 0x00, 0x00, 0x00, 0x00, 0x00, 0x00, 0x00, 0x00, 0x25, 0x3B,
    0x00, 0x00, 0x00, 0x06, 0x00, 0x00, 0x00, 0x04, 0x00, 0x00, 0x00, 0x04, 0x00, 0x00, 0x00, 0x07,
    0x00, 0x00, 0x00, 0x00, 0x00, 0x00, 0x00, 0x00, 0x00, 0x00, 0x25, 0x3C, 0x00, 0x00, 0x00, 0x09,
    0x00, 0x00, 0x00, 0x04, 0x00, 0x00, 0x00, 0x04, 0x00, 0x00, 0x00, 0x07, 0x00, 0x00, 0x00, 0x00,
    0x00, 0x00, 0x00, 0x00, 0x00, 0x00, 0x25, 0x3D, 0x00, 0x00, 0x00, 0x09, 0x00, 0x00, 0x00, 0x04,
    0x00, 0x00, 0x00, 0x04, 0x00, 0x00, 0x00, 0x07, 0x00, 0x00, 0x00, 0x00, 0x00, 0x00, 0x00, 0x00,
    0x00, 0x00, 0x25, 0x3E, 0x00, 0x00, 0x00, 0x09, 0x00, 0x00, 0x00, 0x04, 0x00, 0x00, 0x00, 0x04,
    0x00, 0x00, 0x00, 0x07, 0x00, 0x00, 0x00, 0x00, 0x00, 0x00, 0x00, 0x00, 0x00, 0x00, 0x25, 0x3F,
    0x00, 0x00, 0x00, 0x09, 0x00, 0x00, 0x00, 0x04, 0x00, 0x00, 0x00, 0x04, 0x00, 0x00, 0x00, 0x07,
    0x00, 0x00, 0x00, 0x00, 0x00, 0x00, 0x00, 0x00, 0x00, 0x00, 0x25, 0x40, 0x00, 0x00, 0x00, 0x09,
    0x00, 0x00, 0x00, 0x04, 0x00, 0x00, 0x00, 0x04, 0x00, 0x00, 0x00, 0x07, 0x00, 0x00, 0x00, 0x00,
    0x00, 0x00, 0x00, 0x00, 0x00, 0x00, 0x25, 0x41, 0x00, 0x00, 0x00, 0x09, 0x00, 0x00, 0x00, 0x04,
    0x00, 0x00, 0x00, 0x04, 0x00, 0x00, 0x00, 0x07, 0x00, 0x00, 0x00, 0x00, 0x00, 0x00, 0x00, 0x00,
    0x00, 0x00, 0x25, 0x42, 0x00, 0x00, 0x00, 0x09, 0x00, 0x00, 0x00, 0x04, 0x00, 0x00, 0x00, 0x04,
    0x00, 0x00, 0x00, 0x07, 0x00, 0x00, 0x00, 0x00, 0x00, 0x00, 0x00, 0x00, 0x00, 0x00, 0x25, 0x43,
    0x00, 0x00, 0x00, 0x09, 0x00, 0x00, 0x00, 0x04, 0x00, 0x00, 0x00, 0x04, 0x00, 0x00, 0x00, 0x07,
    0x00, 0x00, 0x00, 0x00, 0x00, 0x00, 0x00, 0x00, 0x00, 0x00, 0x25, 0x44, 0x00, 0x00, 0x00, 0x09,
    0x00, 0x00, 0x00, 0x04, 0x00, 0x00, 0x00, 0x04, 0x00, 0x00, 0x00, 0x07, 0x00, 0x00, 0x00, 0x00,
    0x00, 0x00, 0x00, 0x00, 0x00, 0x00, 0x25, 0x45, 0x00, 0x00, 0x00, 0x09, 0x00, 0x00, 0x00, 0x04,
    0x00, 0x00, 0x00, 0x04, 0x00, 0x00, 0x00, 0x07, 0x00, 0x00, 0x00, 0x00, 0x00, 0x00, 0x00, 0x00,
    0x00, 0x00, 0x25, 0x46, 0x00, 0x00, 0x00, 0x09, 0x00, 0x00, 0x00, 0x04, 0x00, 0x00, 0x00, 0x04,
    0x00, 0x00, 0x00, 0x07, 0x00, 0x00, 0x00, 0x00, 0x00, 0x00, 0x00, 0x00, 0x00, 0x00, 0x25, 0x47,
    0x00, 0x00, 0x00, 0x09, 0x00, 0x00, 0x00, 0x04, 0x00, 0x00, 0x00, 0x04, 0x00, 0x00, 0x00, 0x07,
    0x00, 0x00, 0x00, 0x00, 0x00, 0x00, 0x00, 0x00, 0x00, 0x00, 0x25, 0x48, 0x00, 0x00, 0x00, 0x09,
    0x00, 0x00, 0x00, 0x04, 0x00, 0x00, 0x00, 0x04, 0x00, 0x00, 0x00, 0x07, 0x00, 0x00, 0x00, 0x00,
    0x00, 0x00, 0x00, 0x00, 0x00, 0x00, 0x25, 0x49, 0x00, 0x00, 0x00, 0x09, 0x00, 0x00, 0x00, 0x04,
    0x00, 0x00, 0x00, 0x04, 0x00, 0x00, 0x00, 0x07, 0x00, 0x00, 0x00, 0x00, 0x00, 0x00, 0x00, 0x00,
    0x00, 0x00, 0x25, 0x4A, 0x00, 0x00, 0x00, 0x09, 0x00, 0x00, 0x00, 0x04, 0x00, 0x00, 0x00, 0x04,
    0x00, 0x00, 0x00, 0x07, 0x00, 0x00, 0x00, 0x00, 0x00, 0x00, 0x00, 0x00, 0x00, 0x00, 0x25, 0x4B,
    0x00, 0x00, 0x00, 0x09, 0x00, 0x00, 0x00, 0x04, 0x00, 0x00, 0x00, 0x04, 0x00, 0x00, 0x00, 0x07,
    0x00, 0x00, 0x00, 0x00, 0x00, 0x00, 0x00, 0x00, 0x00, 0x00, 0x25, 0x4C, 0x00, 0x00, 0x00, 0x01,
    0x00, 0x00, 0x00, 0x04, 0x00, 0x00, 0x00, 0x04, 0x00, 0x00, 0x00, 0x03, 0x00, 0x00, 0x00, 0x00,
    0x00, 0x00, 0x00, 0x00, 0x00, 0x00, 0x25, 0x4D, 0x00, 0x00, 0x00, 0x02, 0x00, 0x00, 0x00, 0x04,
    0x00, 0x00, 0x00, 0x04, 0x00, 0x00, 0x00, 0x03, 0x00, 0x00, 0x00, 0x00, 0x00, 0x00, 0x00, 0x00,
    0x00, 0x00, 0x25, 0x4E, 0x00, 0x00, 0x00, 0x08, 0x00, 0x00, 0x00, 0x01, 0x00, 0x00, 0x00, 0x04,
    0x00, 0x00, 0x00, 0x06, 0x00, 0x00, 0x00, 0x02, 0x00, 0x00, 0x00, 0x00, 0x00, 0x00, 0x25, 0x4F,
    0x00, 0x00, 0x00, 0x08, 0x00, 0x00, 0x00, 0x02, 0x00, 0x00, 0x00, 0x04, 0x00, 0x00, 0x00, 0x06,
    0x00, 0x00, 0x00, 0x01, 0x00, 0x00, 0x00, 0x00, 0x00, 0x00, 0x25, 0x50, 0x00, 0x00, 0x00, 0x03,
    0x00, 0x00, 0x00, 0x04, 0x00, 0x00, 0x00, 0x04, 0x00, 0x00, 0x00, 0x04, 0x00, 0x00, 0x00, 0x00,
    0x00, 0x00, 0x00, 0x00, 0x00, 0x00, 0x25, 0x51, 0x00, 0x00, 0x00, 0x09, 0x00, 0x00, 0x00, 0x02,
    0x00, 0x00, 0x00, 0x04, 0x00, 0x00, 0x00, 0x07, 0x00, 0x00, 0x00, 0x01, 0x00, 0x00, 0x00, 0x00,
    0x00, 0x00, 0x25, 0x52, 0x00, 0x00, 0x00, 0x06, 0x00, 0x00, 0x00, 0x02, 0x00, 0x00, 0x00, 0x04,
    0x00, 0x00, 0x00, 0x04, 0x00, 0x00, 0x00, 0x02, 0x00, 0x00, 0x00, 0x00, 0x00, 0x00, 0x25, 0x53,
    0x00, 0x00, 0x00, 0x05, 0x00, 0x00, 0x00, 0x03, 0x00, 0x00, 0x00, 0x04, 0x00, 0x00, 0x00, 0x03,
    0x00, 0x00, 0x00, 0x01, 0x00, 0x00, 0x00, 0x00, 0x00, 0x00, 0x25, 0x54, 0x00, 0x00, 0x00, 0x06,
    0x00, 0x00, 0x00, 0x03, 0x00, 0x00, 0x00, 0x04, 0x00, 0x00, 0x00, 0x04, 0x00, 0x00, 0x00, 0x01,
    0x00, 0x00, 0x00, 0x00, 0x00, 0x00, 0x25, 0x55, 0x00, 0x00, 0x00, 0x06, 0x00, 0x00, 0x00, 0x03,
    0x00, 0x00, 0x00, 0x04, 0x00, 0x00, 0x00, 0x04, 0x00, 0x00, 0x00, 0x00, 0x00, 0x00, 0x00, 0x00,
    0x00, 0x00, 0x25, 0x56, 0x00, 0x00, 0x00, 0x05, 0x00, 0x00, 0x00, 0x04, 0x00, 0x00, 0x00, 0x04,
    0x00, 0x00, 0x00, 0x03, 0x00, 0x00, 0x00, 0x00, 0x00, 0x00, 0x00, 0x00, 0x00, 0x00, 0x25, 0x57,
    0x00, 0x00, 0x00, 0x06, 0x00, 0x00, 0x00, 0x04, 0x00, 0x00, 0x00, 0x04, 0x00, 0x00, 0x00, 0x04,
    0x00, 0x00, 0x00, 0x00, 0x00, 0x00, 0x00, 0x00, 0x00, 0x00, 0x25, 0x58, 0x00, 0x00, 0x00, 0x06,
    0x00, 0x00, 0x00, 0x02, 0x00, 0x00, 0x00, 0x04, 0x00, 0x00, 0x00, 0x07, 0x00, 0x00, 0x00, 0x02,
    0x00, 0x00, 0x00, 0x00, 0x00, 0x00, 0x25, 0x59, 0x00, 0x00, 0x00, 0x05, 0x00, 0x00, 0x00, 0x03,
    0x00, 0x00, 0x00, 0x04, 0x00, 0x00, 0x00, 0x07, 0x00, 0x00, 0x00, 0x01, 0x00, 0x00, 0x00, 0x00,
    0x00, 0x00, 0x25, 0x5A, 0x00, 0x00, 0x00, 0x06, 0x00, 0x00, 0x00, 0x03, 0x00, 0x00, 0x00, 0x04,
    0x00, 0x00, 0x00, 0x07, 0x00, 0x00, 0x00, 0x01, 0x00, 0x00, 0x00, 0x00, 0x00, 0x00, 0x25, 0x5B,
    0x00, 0x00, 0x00, 0x06, 0x00, 0x00, 0x00, 0x03, 0x00, 0x00, 0x00, 0x04, 0x00, 0x00, 0x00, 0x07,
    0x00, 0x00, 0x00, 0x00, 0x00, 0x00, 0x00, 0x00, 0x00, 0x00, 0x25, 0x5C, 0x00, 0x00, 0x00, 0x05,
    0x00, 0x00, 0x00, 0x04, 0x00, 0x00, 0x00, 0x04, 0x00, 0x00, 0x00, 0x07, 0x00, 0x00, 0x00, 0x00,
    0x00, 0x00, 0x00, 0x00, 0x00, 0x00, 0x25, 0x5D, 0x00, 0x00, 0x00, 0x06, 0x00, 0x00, 0x00, 0x04,
    0x00, 0x00, 0x00, 0x04, 0x00, 0x00, 0x00, 0x07, 0x00, 0x00, 0x00, 0x00, 0x00, 0x00, 0x00, 0x00,
    0x00, 0x00, 0x25, 0x5E, 0x00, 0x00, 0x00, 0x09, 0x00, 0x00, 0x00, 0x02, 0x00, 0x00, 0x00, 0x04,
    0x00, 0x00, 0x00, 0x07, 0x00, 0x00, 0x00, 0x02, 0x00, 0x00, 0x00, 0x00, 0x00, 0x00, 0x25, 0x5F,
    0x00, 0x00, 0x00, 0x09, 0x00, 0x00, 0x00, 0x03, 0x00, 0x00, 0x00, 0x04, 0x00, 0x00, 0x00, 0x07,
    0x00, 0x00, 0x00, 0x01, 0x00, 0x00, 0x00, 0x00, 0x00, 0x00, 0x25, 0x60, 0x00, 0x00, 0x00, 0x09,
    0x00, 0x00, 0x00, 0x03, 0x00, 0x00, 0x00, 0x04, 0x00, 0x00, 0x00, 0x07, 0x00, 0x00, 0x00, 0x01,
    0x00, 0x00, 0x00, 0x00, 0x00, 0x00, 0x25, 0x61, 0x00, 0x00, 0x00, 0x09, 0x00, 0x00, 0x00, 0x03,
    0x00, 0x00, 0x00, 0x04, 0x00, 0x00, 0x00, 0x07, 0x00, 0x00, 0x00, 0x00, 0x00, 0x00, 0x00, 0x00,
    0x00, 0x00, 0x25, 0x62, 0x00, 0x00, 0x00, 0x09, 0x00, 0x00, 0x00, 0x04, 0x00, 0x00, 0x00, 0x04,
    0x00, 0x00, 0x00, 0x07, 0x00, 0x00, 0x00, 0x00, 0x00, 0x00, 0x00, 0x00, 0x00, 0x00, 0x25, 0x63,
    0x00, 0x00, 0x00, 0x09, 0x00, 0x00, 0x00, 0x04, 0x00, 0x00, 0x00, 0x04, 0x00, 0x00, 0x00, 0x07,
    0x00, 0x00, 0x00, 0x00, 0x00, 0x00, 0x00, 0x00, 0x00, 0x00, 0x25, 0x64, 0x00, 0x00, 0x00, 0x06,
    0x00, 0x00, 0x00, 0x04, 0x00, 0x00, 0x00, 0x04, 0x00, 0x00, 0x00, 0x04, 0x00, 0x00, 0x00, 0x00,
    0x00, 0x00, 0x00, 0x00, 0x00, 0x00, 0x25, 0x65, 0x00, 0x00, 0x00, 0x05, 0x00, 0x00, 0x00, 0x04,
    0x00, 0x00, 0x00, 0x04, 0x00, 0x00, 0x00, 0x03, 0x00, 0x00, 0x00, 0x00, 0x00, 0x00, 0x00, 0x00,
    0x00, 0x00, 0x25, 0x66, 0x00, 0x00, 0x00, 0x06, 0x00, 0x00, 0x00, 0x04, 0x00, 0x00, 0x00, 0x04,
    0x00, 0x00, 0x00, 0x04, 0x00, 0x00, 0x00, 0x00, 0x00, 0x00, 0x00, 0x00, 0x00, 0x00, 0x25, 0x67,
    0x00, 0x00, 0x00, 0x06, 0x00, 0x00, 0x00, 0x04, 0x00, 0x00, 0x00, 0x04, 0x00, 0x00, 0x00, 0x07,
    0x00, 0x00, 0x00, 0x00, 0x00, 0x00, 0x00, 0x00, 0x00, 0x00, 0x25, 0x68, 0x00, 0x00, 0x00, 0x05,
    0x00, 0x00, 0x00, 0x04, 0x00, 0x00, 0x00, 0x04, 0x00, 0x00, 0x00, 0x07, 0x00, 0x00, 0x00, 0x00,
    0x00, 0x00, 0x00, 0x00, 0x00, 0x00, 0x25, 0x69, 0x00, 0x00, 0x00, 0x06, 0x00, 0x00, 0x00, 0x04,
    0x00, 0x00, 0x00, 0x04, 0x00, 0x00, 0x00, 0x07, 0x00, 0x00, 0x00, 0x00, 0x00, 0x00, 0x00, 0x00,
    0x00, 0x00, 0x25, 0x6A, 0x00, 0x00, 0x00, 0x09, 0x00, 0x00, 0x00, 0x04, 0x00, 0x00, 0x00, 0x04,
    0x00, 0x00, 0x00, 0x07, 0x00, 0x00, 0x00, 0x00, 0x00, 0x00, 0x00, 0x00, 0x00, 0x00, 0x25, 0x6B,
    0x00, 0x00, 0x00, 0x09, 0x00, 0x00, 0x00, 0x04, 0x00, 0x00, 0x00, 0x04, 0x00, 0x00, 0x00, 0x07,
    0x00, 0x00, 0x00, 0x00, 0x00, 0x00, 0x00, 0x00, 0x00, 0x00, 0x25, 0x6C, 0x00, 0x00, 0x00, 0x09,
    0x00, 0x00, 0x00, 0x04, 0x00, 0x00, 0x00, 0x04, 0x00, 0x00, 0x00, 0x07, 0x00, 0x00, 0x00, 0x00,
    0x00, 0x00, 0x00, 0x00, 0x00, 0x00, 0x25, 0x6D, 0x00, 0x00, 0x00, 0x05, 0x00, 0x00, 0x00, 0x02,
    0x00, 0x00, 0x00, 0x04, 0x00, 0x00, 0x00, 0x03, 0x00, 0x00, 0x00, 0x02, 0x00, 0x00, 0x00, 0x00,
    0x00, 0x00, 0x25, 0x6E, 0x00, 0x00, 0x00, 0x05, 0x00, 0x00, 0x00, 0x03, 0x00, 0x00, 0x00, 0x04,
    0x00, 0x00, 0x00, 0x03, 0x00, 0x00, 0x00, 0x00, 0x00, 0x00, 0x00, 0x00, 0x00, 0x00, 0x25, 0x6F,
    0x00, 0x00, 0x00, 0x05, 0x00, 0x00, 0x00, 0x03, 0x00, 0x00, 0x00, 0x04, 0x00, 0x00, 0x00, 0x07,
    0x00, 0x00, 0x00, 0x00, 0x00, 0x00, 0x00, 0x00, 0x00, 0x00, 0x25, 0x70, 0x00, 0x00, 0x00, 0x05,
    0x00, 0x00, 0x00, 0x02, 0x00, 0x00, 0x00, 0x04, 0x00, 0x00, 0x00, 0x07, 0x00, 0x00, 0x00, 0x02,
    0x00, 0x00, 0x00, 0x00, 0x00, 0x00, 0x25, 0x71, 0x00, 0x00, 0x00, 0x09, 0x00, 0x00, 0x00, 0x04,
    0x00, 0x00, 0x00, 0x04, 0x00, 0x00, 0x00, 0x07, 0x00, 0x00, 0x00, 0x00, 0x00, 0x00, 0x00, 0x00,
    0x00, 0x00, 0x25, 0x72, 0x00, 0x00, 0x00, 0x09, 0x00, 0x00, 0x00, 0x04, 0x00, 0x00, 0x00, 0x04,
    0x00, 0x00, 0x00, 0x07, 0x00, 0x00, 0x00, 0x00, 0x00, 0x00, 0x00, 0x00, 0x00, 0x00, 0x25, 0x73,
    0x00, 0x00, 0x00, 0x09, 0x00, 0x00, 0x00, 0x04, 0x00, 0x00, 0x00, 0x04, 0x00, 0x00, 0x00, 0x07,
    0x00, 0x00, 0x00, 0x00, 0x00, 0x00, 0x00, 0x00, 0x00, 0x00, 0x25, 0x74, 0x00, 0x00, 0x00, 0x01,
    0x00, 0x00, 0x00, 0x04, 0x00, 0x00, 0x00, 0x04, 0x00, 0x00, 0x00, 0x03, 0x00, 0x00, 0x00, 0x00,
    0x00, 0x00, 0x00, 0x00, 0x00, 0x00, 0x25, 0x75, 0x00, 0x00, 0x00, 0x05, 0x00, 0x00, 0x00, 0x01,
    0x00, 0x00, 0x00, 0x04, 0x00, 0x00, 0x00, 0x07, 0x00, 0x00, 0x00, 0x02, 0x00, 0x00, 0x00, 0x00,
    0x00, 0x00, 0x25, 0x76, 0x00, 0x00, 0x00, 0x01, 0x00, 0x00, 0x00, 0x02, 0x00, 0x00, 0x00, 0x04,
    0x00, 0x00, 0x00, 0x03, 0x00, 0x00, 0x00, 0x02, 0x00, 0x00, 0x00, 0x00, 0x00, 0x00, 0x25, 0x77,
    0x00, 0x00, 0x00, 0x05, 0x00, 0x00, 0x00, 0x01, 0x00, 0x00, 0x00, 0x04, 0x00, 0x00, 0x00, 0x03,
    0x00, 0x00, 0x00, 0x02, 0x00, 0x00, 0x00, 0x00, 0x00, 0x00, 0x25, 0x78, 0x00, 0x00, 0x00, 0x02,
    0x00, 0x00, 0x00, 0x04, 0x00, 0x00, 0x00, 0x04, 0x00, 0x00, 0x00, 0x03, 0x00, 0x00, 0x00, 0x00,
    0x00, 0x00, 0x00, 0x00, 0x00, 0x00, 0x25, 0x79, 0x00, 0x00, 0x00, 0x05, 0x00, 0x00, 0x00, 0x02,
    0x00, 0x00, 0x00, 0x04, 0x00, 0x00, 0x00, 0x07, 0x00, 0x00, 0x00, 0x01, 0x00, 0x00, 0x00, 0x00,
    0x00, 0x00, 0x25, 0x7A, 0x00, 0x00, 0x00, 0x02, 0x00, 0x00, 0x00, 0x02, 0x00, 0x00, 0x00, 0x04,
    0x00, 0x00, 0x00, 0x03, 0x00, 0x00, 0x00, 0x02, 0x00, 0x00, 0x00, 0x00, 0x00, 0x00, 0x25, 0x7B,
    0x00, 0x00, 0x00, 0x05, 0x00, 0x00, 0x00, 0x02, 0x00, 0x00, 0x00, 0x04, 0x00, 0x00, 0x00, 0x03,
    0x00, 0x00, 0x00, 0x01, 0x00, 0x00, 0x00, 0x00, 0x00, 0x00, 0x25, 0x7C, 0x00, 0x00, 0x00, 0x02,
    0x00, 0x00, 0x00, 0x04, 0x00, 0x00, 0x00, 0x04, 0x00, 0x00, 0x00, 0x03, 0x00, 0x00, 0x00, 0x00,
    0x00, 0x00, 0x00, 0x00, 0x00, 0x00, 0x25, 0x7D, 0x00, 0x00, 0x00, 0x09, 0x00, 0x00, 0x00, 0x02,
    0x00, 0x00, 0x00, 0x04, 0x00, 0x00, 0x00, 0x07, 0x00, 0x00, 0x00, 0x01, 0x00, 0x00, 0x00, 0x00,
    0x00, 0x00, 0x25, 0x7E, 0x00, 0x00, 0x00, 0x02, 0x00, 0x00, 0x00, 0x04, 0x00, 0x00, 0x00, 0x04,
    0x00, 0x00, 0x00, 0x03, 0x00, 0x00, 0x00, 0x00, 0x00, 0x00, 0x00, 0x00, 0x00, 0x00, 0x25, 0x7F,
    0x00, 0x00, 0x00, 0x09, 0x00, 0x00, 0x00, 0x02, 0x00, 0x00, 0x00, 0x04, 0x00, 0x00, 0x00, 0x07,
    0x00, 0x00, 0x00, 0x01, 0x00, 0x00, 0x00, 0x00, 0x00, 0x00, 0x25, 0xA0, 0x00, 0x00, 0x00, 0x05,
    0x00, 0x00, 0x00, 0x04, 0x00, 0x00, 0x00, 0x04, 0x00, 0x00, 0x00, 0x04, 0x00, 0x00, 0x00, 0x00,
    0x00, 0x00, 0x00, 0x00, 0x00, 0x00, 0x25, 0xA1, 0x00, 0x00, 0x00, 0x05, 0x00, 0x00, 0x00, 0x04,
    0x00, 0x00, 0x00, 0x04, 0x00, 0x00, 0x00, 0x04, 0x00, 0x00, 0x00, 0x00, 0x00, 0x00, 0x00, 0x00,
    0x00, 0x00, 0x25, 0xB2, 0x00, 0x00, 0x00, 0x05, 0x00, 0x00, 0x00, 0x04, 0x00, 0x00, 0x00, 0x04,
    0x00, 0x00, 0x00, 0x04, 0x00, 0x00, 0x00, 0x00, 0x00, 0x00, 0x00, 0x00, 0x00, 0x00, 0x25, 0xB6,
    0x00, 0x00, 0x00, 0x05, 0x00, 0x00, 0x00, 0x04, 0x00, 0x00, 0x00, 0x04, 0x00, 0x00, 0x00, 0x04,
    0x00, 0x00, 0x00, 0x00, 0x00, 0x00, 0x00, 0x00, 0x00, 0x00, 0x25, 0xBC, 0x00, 0x00, 0x00, 0x05,
    0x00, 0x00, 0x00, 0x04, 0x00, 0x00, 0x00, 0x04, 0x00, 0x00, 0x00, 0x04, 0x00, 0x00, 0x00, 0x00,
    0x00, 0x00, 0x00, 0x00, 0x00, 0x00, 0x25, 0xC0, 0x00, 0x00, 0x00, 0x05, 0x00, 0x00, 0x00, 0x04,
    0x00, 0x00, 0x00, 0x04, 0x00, 0x00, 0x00, 0x04, 0x00, 0x00, 0x00, 0x00, 0x00, 0x00, 0x00, 0x00,
    0x00, 0x00, 0x25, 0xC6, 0x00, 0x00, 0x00, 0x05, 0x00, 0x00, 0x00, 0x04, 0x00, 0x00, 0x00, 0x04,
    0x00, 0x00, 0x00, 0x04, 0x00, 0x00, 0x00, 0x00, 0x00, 0x00, 0x00, 0x00, 0x00, 0x00, 0x25, 0xC7,
    0x00, 0x00, 0x00, 0x05, 0x00, 0x00, 0x00, 0x04, 0x00, 0x00, 0x00, 0x04, 0x00, 0x00, 0x00, 0x04,
    0x00, 0x00, 0x00, 0x00, 0x00, 0x00, 0x00, 0x00, 0x00, 0x00, 0x25, 0xCB, 0x00, 0x00, 0x00, 0x05,
    0x00, 0x00, 0x00, 0x04, 0x00, 0x00, 0x00, 0x04, 0x00, 0x00, 0x00, 0x04, 0x00, 0x00, 0x00, 0x00,
    0x00, 0x00, 0x00, 0x00, 0x00, 0x00, 0x25, 0xCF, 0x00, 0x00, 0x00, 0x05, 0x00, 0x00, 0x00, 0x04,
    0x00, 0x00, 0x00, 0x04, 0x00, 0x00, 0x00, 0x04, 0x00, 0x00, 0x00, 0x00, 0x00, 0x00, 0x00, 0x00,
    0x00, 0x00, 0x26, 0x10, 0x00, 0x00, 0x00, 0x04, 0x00, 0x00, 0x00, 0x04, 0x00, 0x00, 0x00, 0x04,
    0x00, 0x00, 0x00, 0x04, 0x00, 0x00, 0x00, 0x00, 0x00, 0x00, 0x00, 0x00, 0x00, 0x00, 0x26, 0x11,
    0x00, 0x00, 0x00, 0x04, 0x00, 0x00, 0x00, 0x04, 0x00, 0x00, 0x00, 0x04, 0x00, 0x00, 0x00, 0x04,
    0x00, 0x00, 0x00, 0x00, 0x00, 0x00, 0x00, 0x00, 0x00, 0x00, 0x26, 0x99, 0x00, 0x00, 0x00, 0x05,
    0x00, 0x00, 0x00, 0x04, 0x00, 0x00, 0x00, 0x04, 0x00, 0x00, 0x00, 0x05, 0x00, 0x00, 0x00, 0x00,
    0x00, 0x00, 0x00, 0x00, 0x00, 0x00, 0x27, 0x13, 0x00, 0x00, 0x00, 0x05, 0x00, 0x00, 0x00, 0x04,
    0x00, 0x00, 0x00, 0x04, 0x00, 0x00, 0x00, 0x05, 0x00, 0x00, 0x00, 0x00, 0x00, 0x00, 0x00, 0x00,
    0x00, 0x00, 0x27, 0x17, 0x00, 0x00, 0x00, 0x06, 0x00, 0x00, 0x00, 0x04, 0x00, 0x00, 0x00, 0x04,
    0x00, 0x00, 0x00, 0x05, 0x00, 0x00, 0x00, 0x00, 0x00, 0x00, 0x00, 0x00, 0x00, 0x00, 0x27, 0x18,
    0x00, 0x00, 0x00, 0x06, 0x00, 0x00, 0x00, 0x04, 0x00, 0x00, 0x00, 0x04, 0x00, 0x00, 0x00, 0x05,
    0x00, 0x00, 0x00, 0x00, 0x00, 0x00, 0x00, 0x00, 0x00, 0x00, 0x2B, 0x07, 0x00, 0x00, 0x00, 0x05,
    0x00, 0x00, 0x00, 0x03, 0x00, 0x00, 0x00, 0x04, 0x00, 0x00, 0x00, 0x05, 0x00, 0x00, 0x00, 0x01,
    0x00, 0x00, 0x00, 0x00, 0x8A, 0xAF, 0x84, 0xAB, 0x5A, 0xA8, 0x24, 0x5E, 0x81, 0xAA, 0xBE, 0xAA,
    0x18, 0xB1, 0xBE, 0x16, 0x54, 0x5A, 0x91, 0x00, 0xC9, 0xD4, 0xC1, 0x28, 0x6D, 0xAE, 0x1E, 0x00,
    0xDA, 0xF9, 0x90, 0x00, 0x66, 0x9E, 0x00, 0x00, 0x00, 0x37, 0xB2, 0x06, 0x46, 0xBC, 0xC5, 0x5B,
    0x3D, 0xCF, 0xB7, 0x0D, 0x00, 0x0F, 0xB6, 0xC9, 0x48, 0xA3, 0xEB, 0xB2, 0x00, 0x2A, 0xA0, 0x00,
    0x00, 0x01, 0x0C, 0x00, 0x9D, 0x34, 0x00, 0x00, 0xB1, 0x40, 0x53, 0x07, 0x30, 0x5B, 0x01, 0x00,
    0x37, 0x9C, 0x99, 0x03, 0x04, 0x9C, 0x9D, 0x0D, 0x94, 0xB0, 0x00, 0x00, 0x7A, 0x17, 0x00, 0x00,
    0xAE, 0x82, 0x74, 0x13, 0x4C, 0x91, 0xB1, 0x00, 0xAA, 0xB9, 0xC2, 0x07, 0x48, 0x9C, 0x43, 0x91,
    0x5A, 0x81, 0xC1, 0x07, 0xCF, 0x00, 0xCF, 0x00, 0xCA, 0x00, 0xB4, 0x3D, 0x13, 0x5A, 0x36, 0xA9,
    0x00, 0x00, 0xC9, 0x00, 0x00, 0xB7, 0x1F, 0x00, 0xBD, 0x3A, 0x00, 0xBF, 0x09, 0x0A, 0xC4, 0x00,
    0x31, 0x3D, 0x00, 0x00, 0x28, 0x75, 0x00, 0x52, 0xB9, 0xD9, 0x76, 0x00, 0xA2, 0xB2, 0x07, 0x07,
    0x3F, 0x1F, 0x2A, 0x00, 0x31, 0x66, 0x00, 0x00, 0x48, 0x96, 0x00, 0x9F, 0xD5, 0xF0, 0xAB, 0x00,
    0x48, 0x96, 0x00, 0x00, 0x03, 0x7B, 0xC6, 0x1B, 0xB7, 0x49, 0x06, 0x3F, 0xB4, 0xB4, 0x6F, 0x06,
    0x12, 0x7F, 0xA7, 0x00, 0x00, 0x49, 0xAF, 0x00, 0x00, 0xBC, 0x18, 0x00, 0x2A, 0xAD, 0x00, 0x00,
    0xA7, 0x31, 0x00, 0x12, 0xC1, 0x00, 0x00, 0xA6, 0x55, 0x00, 0x00, 0x1E, 0xD0, 0xD0, 0x4E, 0xA2,
    0x9A, 0x96, 0xCA, 0xA7, 0x91, 0xA3, 0xDE, 0xA2, 0x72, 0x45, 0xCB, 0x1F, 0xD0, 0xCD, 0x51, 0x00,
    0xAF, 0xDC, 0x00, 0x0F, 0x88, 0xDC, 0x00, 0x00, 0x00, 0xDC, 0x00, 0x00, 0x00, 0xDC, 0x00, 0x10,
    0xBE, 0xFF, 0xA6, 0x6F, 0xC5, 0xE2, 0x55, 0x00, 0x00, 0x4B, 0xA5, 0x00, 0x00, 0xB4, 0x36, 0x00,
    0xBB, 0x54, 0x00, 0x90, 0xF6, 0xBE, 0x8E, 0x54, 0xC0, 0xDC, 0x60, 0x00, 0x00, 0x3D, 0xB1, 0x00,
    0x84, 0xFF, 0x43, 0x00, 0x00, 0x10, 0xD3, 0x72, 0xB9, 0xD3, 0x84, 0x00, 0x12, 0xFF, 0x4E, 0x00,
    0xBB, 0xAD, 0x4E, 0x5E, 0x82, 0xBA, 0x4E, 0xA0, 0xB4, 0xF7, 0xB9, 0x00, 0x00, 0xBA, 0x4E, 0x72,
    0xE9, 0xBE, 0x43, 0x70, 0xDA, 0xC3, 0x22, 0x01, 0x00, 0x4C, 0xAD, 0x00, 0x00, 0x2E, 0xBC, 0x8E,
    0xC5, 0xD5, 0x40, 0x12, 0xBF, 0xBB, 0x52, 0x97, 0xB4, 0xB6, 0x3A, 0xA6, 0x7E, 0x13, 0xCD, 0xA9,
    0x64, 0x04, 0xD7, 0x22, 0xD3, 0xC6, 0x6F, 0x78, 0xBE, 0xD2, 0xBC, 0x00, 0x00, 0xAB, 0x54, 0x00,
    0x00, 0xD8, 0x00, 0x00, 0x61, 0xA9, 0x00, 0x00, 0xCA, 0x1E, 0x00, 0x3A, 0xDA, 0xCF, 0x73, 0x90,
    0x82, 0x34, 0xB0, 0x1F, 0xF6, 0xF6, 0x54, 0xBB, 0x5D, 0x0C, 0xDA, 0x57, 0xD9, 0xCA, 0x94, 0x5B,
    0xCD, 0xC0, 0x4E, 0xA5, 0x4E, 0x2E, 0xC6, 0x31, 0xC5, 0xA0, 0xD3, 0x00, 0x00, 0x33, 0xB9, 0x31,
    0xC4, 0xDA, 0x36, 0x79, 0xAD, 0x09, 0x18, 0x79, 0xAD, 0x09, 0x18, 0x00, 0x00, 0x8E, 0xAD, 0x0C,
    0x18, 0x03, 0x07, 0x79, 0xD7, 0x13, 0xAA, 0x64, 0x18, 0x00, 0x15, 0x9F, 0xB6, 0xB4, 0xC3, 0x4C,
    0x00, 0x33, 0xA3, 0xB9, 0x67, 0x00, 0x00, 0x09, 0x73, 0x97, 0xB4, 0xB4, 0xA2, 0x9F, 0xBE, 0xBE,
    0xAB, 0xA9, 0xBB, 0x2A, 0x00, 0x00, 0x2E, 0xA5, 0xC9, 0x45, 0xAD, 0xB1, 0x4F, 0x64, 0x18, 0x00,
    0x00, 0x27, 0xB7, 0xDD, 0x70, 0x00, 0x00, 0x7E, 0x94, 0x00, 0x39, 0xB1, 0x00, 0x00, 0x27, 0x2B,
    0x00, 0x00, 0x87, 0x96, 0x00, 0x69, 0xBA, 0x77, 0x00, 0x87, 0xA5, 0xD0, 0x04, 0xA8, 0x23, 0x9C,
    0x0C, 0x63, 0xAE, 0xA1, 0x07, 0x69, 0x08, 0x00, 0x00, 0x64, 0xA2, 0x62, 0x00, 0x71, 0xCA, 0x00,
    0x00, 0x80, 0xC3, 0x0B, 0x00, 0x7F, 0x93, 0x67, 0x00, 0xC4, 0xC4, 0xAC, 0x00, 0x59, 0x02, 0xC4,
    0x04, 0xA8, 0xDC, 0xC9, 0x82, 0xA8, 0x66, 0x1C, 0xD0, 0xA8, 0xD8, 0xE3, 0x7B, 0xA8, 0x66, 0x00,
    0xE6, 0xA8, 0xDC, 0xBF, 0xA0, 0x0A, 0xC5, 0xBA, 0xA3, 0x82, 0x8B, 0x00, 0x00, 0xBD, 0x57, 0x00,
    0x00, 0x8B, 0x8D, 0x00, 0x00, 0x09, 0xC3, 0xB6, 0xA0, 0xAA, 0xCD, 0xCD, 0x36, 0xAA, 0x3C, 0x27,
    0xC6, 0xAA, 0x3C, 0x00, 0xE7, 0xAA, 0x3C, 0x27, 0xC8, 0xAA, 0xCD, 0xCD, 0x39, 0x7E, 0xEC, 0xBE,
    0x9F, 0x7E, 0x8A, 0x00, 0x00, 0x7E, 0xEC, 0xBE, 0x87, 0x7E, 0x8A, 0x00, 0x00, 0x7E, 0xEC, 0xBE,
    0xAE, 0x4E, 0xFC, 0xBE, 0xB5, 0x4E, 0xBA, 0x00, 0x00, 0x4E, 0xFC, 0xBE, 0x82, 0x4E, 0xBA, 0x00,
    0x00, 0x4E, 0xBA, 0x00, 0x00, 0x1B, 0xC8, 0xB2, 0x84, 0xBB, 0x58, 0x00, 0x00, 0xC8, 0x1F, 0x87,
    0xBB, 0xBB, 0x54, 0x00, 0xD7, 0x1B, 0xC9, 0xB5, 0xAB, 0xAA, 0x3C, 0x00, 0xE1, 0xAA, 0x3C, 0x00,
    0xE1, 0xAA, 0xD2, 0xBE, 0xE9, 0xAA, 0x3C, 0x00, 0xE1, 0xAA, 0x3C, 0x00, 0xE1, 0x46, 0xDE, 0xF8,
    0x75, 0x00, 0x60, 0xAE, 0x00, 0x00, 0x60, 0xAE, 0x00, 0x00, 0x60, 0xAE, 0x00, 0x46, 0xDE, 0xF8,
    0x75, 0x00, 0xA3, 0xF3, 0x66, 0x00, 0x00, 0xA2, 0x66, 0x00, 0x00, 0xA2, 0x66, 0x01, 0x00, 0xAB,
    0x55, 0xA5, 0xB9, 0xD3, 0x10, 0x65, 0x52, 0xA3, 0x03, 0x96, 0xB8, 0x04, 0x00, 0xDA, 0xB7, 0x00,
    0x00, 0x65, 0xB4, 0x3A, 0x00, 0x65, 0x1F, 0xC9, 0x09, 0x66, 0xA2, 0x00, 0x00, 0x66, 0xA2, 0x00,
    0x00, 0x66, 0xA2, 0x00, 0x00, 0x66, 0xA2, 0x00, 0x00, 0x66, 0xF3, 0xBE, 0xA8, 0xD9, 0x90, 0x49,
    0xFF, 0xCD, 0xB7, 0xB5, 0xCF, 0xCD, 0x96, 0xA5, 0xC8, 0xCD, 0x0F, 0x21, 0xC8, 0xCD, 0x00, 0x00,
    0xC8, 0xAA, 0xAF, 0x00, 0xD2, 0xAA, 0xD9, 0x0F, 0xD2, 0xAA, 0x7E, 0x97, 0xD2, 0xAA, 0x36, 0xBC,
    0xD2, 0xAA, 0x36, 0x87, 0xE9, 0x28, 0xD2, 0xCD, 0x5B, 0xB5, 0x58, 0x0D, 0xD5, 0xB6, 0x36, 0x00,
    0xE3, 0xB5, 0x58, 0x0C, 0xD5, 0x2A, 0xD4, 0xCF, 0x5E, 0x9C, 0xDE, 0xD0, 0xA2, 0x9C, 0x6C, 0x06,
    0xE6, 0x9C, 0xDA, 0xC0, 0x66, 0x9C, 0x6C, 0x00, 0x00, 0x9C, 0x6C, 0x00, 0x00, 0x92, 0xCF, 0x51,
    0x00, 0x7B, 0x16, 0xBA, 0x00, 0x66, 0x07, 0xC8, 0x00, 0x7C, 0x17, 0xBE, 0x00, 0x93, 0xE8, 0x54,
    0x00, 0x00, 0x5D, 0x95, 0x01, 0xC1, 0xD4, 0x5F, 0x00, 0x6B, 0x40, 0xA5, 0x00, 0xBF, 0xED, 0x2A,
    0x00, 0x6B, 0x5A, 0x9E, 0x00, 0x6B, 0x09, 0xC1, 0x12, 0x45, 0xD4, 0xB7, 0x6D, 0xB7, 0x5A, 0x00,
    0x00, 0x1C, 0xB1, 0xC5, 0x55, 0x00, 0x00, 0x09, 0xD5, 0x73, 0xBB, 0xCF, 0x8B, 0xC6, 0xF5, 0xA8,
    0x0A, 0x38, 0xA4, 0x00, 0x00, 0x38, 0xA4, 0x00, 0x00, 0x38, 0xA4, 0x00, 0x00, 0x38, 0xA4, 0x00,
    0x00, 0xA0, 0x4E, 0x00, 0xDC, 0xA0, 0x4E, 0x00, 0xDC, 0xA0, 0x4E, 0x00, 0xDC, 0xB7, 0x51, 0x01,
    0xD4, 0x42, 0xD7, 0xCF, 0x78, 0xCF, 0x15, 0x00, 0xDC, 0x8B, 0x76, 0x24, 0xB4, 0x1C, 0xB5, 0x8D,
    0x67, 0x00, 0xC5, 0xBB, 0x09, 0x00, 0xB1, 0xC8, 0x00, 0x4E, 0x00, 0x98, 0x34, 0x9F, 0xA8, 0xAD,
    0x04, 0xBD, 0xBB, 0xA8, 0x00, 0xB7, 0xB3, 0xA3, 0x00, 0x95, 0x7C, 0x93, 0x00, 0x86, 0x2A, 0xB4,
    0x00, 0x81, 0xBE, 0x27, 0x00, 0x62, 0xCE, 0x00, 0x00, 0x8A, 0xB5, 0x4D, 0x00, 0x6A, 0x0F, 0xC0,
    0x07, 0x69, 0x15, 0xBE, 0x01, 0x87, 0xBD, 0x45, 0x00, 0x63, 0xBA, 0x00, 0x00, 0x3C, 0xA4, 0x00,
    0x00, 0x3C, 0xA4, 0x00, 0x00, 0x7C, 0xBE, 0xD3, 0xDC, 0x00, 0x00, 0xBE, 0x36, 0x00, 0x75, 0x9A,
    0x00, 0x1B, 0xC5, 0x00, 0x00, 0xB0, 0xDC, 0xBE, 0xA0, 0xC0, 0xA0, 0x2D, 0xC8, 0x00, 0x00, 0xC8,
    0x00, 0x00, 0xC8, 0x00, 0x00, 0xC8, 0x00, 0x00, 0xC8, 0x00, 0x00, 0xC0, 0xA0, 0x2D, 0x82, 0x78,
    0x00, 0x00, 0x04, 0xCB, 0x00, 0x00, 0x00, 0xA9, 0x51, 0x00, 0x00, 0x15, 0xBF, 0x00, 0x00, 0x00,
    0xAA, 0x2E, 0x00, 0x00, 0x2B, 0xAC, 0x03, 0xA0, 0xC9, 0x1F, 0x00, 0x00, 0xA5, 0x2A, 0x00, 0x00,
    0xA5, 0x2A, 0x00, 0x00, 0xA5, 0x2A, 0x00, 0x00, 0xA5, 0x2A, 0x00, 0x00, 0xA5, 0x2A, 0x03, 0xA0,
    0xC9, 0x1F, 0x00, 0xAD, 0xD0, 0x07, 0x85, 0x76, 0x3A, 0xA0, 0x6C, 0xA2, 0xA2, 0x90, 0x00, 0x7B,
    0x00, 0x00, 0x76, 0x67, 0x34, 0xAD, 0xBF, 0x67, 0x22, 0xAA, 0xA2, 0xC3, 0xB1, 0x45, 0x2D, 0xC8,
    0x5E, 0xD2, 0xAD, 0xCA, 0x84, 0x6C, 0x00, 0x00, 0x84, 0xD5, 0xC5, 0x79, 0x84, 0x84, 0x01, 0xD2,
    0x84, 0x82, 0x00, 0xD0, 0x84, 0xD2, 0xC3, 0x79, 0x0F, 0xC1, 0xB2, 0x78, 0x82, 0x7C, 0x00, 0x00,
    0x84, 0x79, 0x00, 0x00, 0x0F, 0xBF, 0xAC, 0x73, 0x00, 0x00, 0x18, 0xB4, 0x3A, 0xD3, 0xB6, 0xB4,
    0xA5, 0x36, 0x33, 0xB4, 0xA2, 0x34, 0x33, 0xB4, 0x3A, 0xD0, 0xAF, 0xB4, 0x1E, 0xBA, 0xB4, 0x8B,
    0xB5, 0xB4, 0xA0, 0xAC, 0xA0, 0x4E, 0x00, 0x00, 0x2A, 0xCE, 0xB0, 0xA5, 0x00, 0x66, 0xCB, 0x6C,
    0x51, 0xE1, 0xC3, 0x66, 0x00, 0x9C, 0x54, 0x00, 0x00, 0x9C, 0x54, 0x00, 0x00, 0x9C, 0x54, 0x00,
    0x21, 0xCF, 0xAC, 0xC5, 0x9F, 0x5A, 0x10, 0xCF, 0xA0, 0x5D, 0x0F, 0xCF, 0x22, 0xD0, 0xA5, 0xC4,
    0x0A, 0xA2, 0xB1, 0x63, 0x7E, 0x72, 0x00, 0x00, 0x7E, 0xCE, 0xD2, 0x6D, 0x7E, 0x85, 0x19, 0xB6,
    0x7E, 0x72, 0x12, 0xBE, 0x7E, 0x72, 0x12, 0xBE, 0x00, 0x5D, 0x70, 0x00, 0x00, 0x00, 0x00, 0x00,
    0x0F, 0xC8, 0x90, 0x00, 0x00, 0x60, 0x90, 0x00, 0x00, 0x5A, 0x97, 0x00, 0x00, 0x16, 0xDE, 0x99,
    0x00, 0x00, 0xAF, 0x00, 0x00, 0x00, 0x00, 0xA5, 0xED, 0x00, 0x00, 0xC8, 0x00, 0x00, 0xC8, 0x00,
    0x00, 0xCA, 0x27, 0xB6, 0xAB, 0x87, 0x14, 0x00, 0x00, 0x87, 0x9E, 0x74, 0x00, 0xBE, 0xB5, 0x00,
    0x00, 0x86, 0xC8, 0x20, 0x00, 0x87, 0x36, 0xB5, 0x01, 0x4B, 0xDC, 0x60, 0x00, 0x00, 0x90, 0x60,
    0x00, 0x00, 0x90, 0x60, 0x00, 0x00, 0x8D, 0x64, 0x00, 0x00, 0x3A, 0xDC, 0x7F, 0xBE, 0xBB, 0xBC,
    0xB4, 0xB5, 0x45, 0x9D, 0xB1, 0xB4, 0x42, 0x9C, 0xB4, 0xB4, 0x42, 0x9C, 0xB4, 0x7E, 0xBE, 0xBE,
    0x70, 0x7E, 0x7F, 0x16, 0xB7, 0x7E, 0x72, 0x12, 0xBE, 0x7E, 0x72, 0x12, 0xBE, 0x2B, 0xCF, 0xC9,
    0x61, 0xB2, 0x51, 0x09, 0xD0, 0xB2, 0x4F, 0x07, 0xD2, 0x2E, 0xCF, 0xC6, 0x66, 0x84, 0xCD, 0xA8,
    0x72, 0x84, 0x81, 0x00, 0xCD, 0x84, 0x87, 0x01, 0xCF, 0x84, 0xD8, 0xBF, 0x6D, 0x84, 0x6C, 0x00,
    0x00, 0x2D, 0xD3, 0xAC, 0xC0, 0xB2, 0x4F, 0x25, 0xC3, 0xB2, 0x4E, 0x25, 0xC3, 0x30, 0xD2, 0xAF,
    0xC3, 0x00, 0x00, 0x0C, 0xC3, 0xEE, 0xBB, 0x9C, 0xE6, 0x00, 0x00, 0xCD, 0x00, 0x00, 0xCD, 0x00,
    0x00, 0x22, 0xD5, 0xA5, 0x48, 0x31, 0xD3, 0x55, 0x00, 0x00, 0x22, 0xBA, 0x94, 0x3F, 0xAA, 0xCB,
    0x5A, 0x00, 0x1B, 0x09, 0x00, 0x00, 0xAA, 0x24, 0x00, 0x69, 0xF5, 0xAF, 0x66, 0x00, 0xAA, 0x24,
    0x00, 0x00, 0xA7, 0x27, 0x00, 0x00, 0x73, 0xC9, 0x69, 0x7E, 0x72, 0x12, 0xBE, 0x7E, 0x72, 0x12,
    0xBE, 0x76, 0x79, 0x30, 0xBE, 0x27, 0xE1, 0xBA, 0xBC, 0xBB, 0x3F, 0x06, 0xC9, 0x39, 0xBD, 0x6A,
    0x8A, 0x00, 0xCA, 0xB7, 0x15, 0x00, 0xB2, 0xCD, 0x00, 0x4A, 0x00, 0x94, 0x27, 0x80, 0x8F, 0xA6,
    0x00, 0xB1, 0xA8, 0x9F, 0x00, 0x9D, 0xA2, 0x8E, 0x00, 0x64, 0xA5, 0x5D, 0xAF, 0x00, 0xA2, 0xCB,
    0x03, 0x00, 0xB9, 0xCE, 0x0D, 0x8E, 0x7F, 0x3A, 0xB0, 0xA6, 0x52, 0x06, 0xCA, 0x16, 0xB9, 0x7B,
    0x7E, 0x00, 0xB4, 0xD5, 0x07, 0x00, 0x6A, 0xA2, 0x00, 0x4C, 0xD9, 0x25, 0x00, 0x2A, 0xA0, 0xCF,
    0xBD, 0x00, 0x0F, 0xD0, 0x0D, 0x00, 0xB7, 0x3A, 0x00, 0x60, 0xF8, 0xA5, 0x6F, 0x00, 0x1F, 0xB2,
    0x3D, 0x00, 0x78, 0x7E, 0x00, 0x00, 0x88, 0x70, 0x00, 0x6C, 0xEC, 0x1C, 0x00, 0x00, 0x8A, 0x6F,
    0x00, 0x00, 0x78, 0x7E, 0x00, 0x00, 0x21, 0xB2, 0x3D, 0x48, 0x9C, 0x48, 0x9C, 0x48, 0x9C, 0x48,
    0x9C, 0x48, 0x9C, 0x48, 0x9C, 0x48, 0x9C, 0x15, 0xAD, 0x4E, 0x00, 0x00, 0x2A, 0xA5, 0x00, 0x00,
    0x1E, 0xB7, 0x00, 0x00, 0x00, 0xEC, 0xB1, 0x00, 0x1C, 0xB9, 0x00, 0x00, 0x2A, 0xA5, 0x00, 0x15,
    0xAD, 0x4E, 0x00, 0x67, 0xBA, 0x2D, 0xA3, 0x96, 0x0D, 0xAC, 0xA0, 0x09, 0x1B, 0x6F, 0xB2, 0x00,
    0x00, 0x33, 0x9D, 0x66, 0xA7, 0x7E, 0xB9, 0x40, 0x72, 0x00, 0x00, 0x84, 0x00, 0x00, 0xB0, 0xD9,
    0x82, 0x4B, 0xB4, 0x84, 0x00, 0x4C, 0xBA, 0x84, 0x00, 0x00, 0xB1, 0xDF, 0x88, 0x00, 0x00, 0x84,
    0x00, 0x00, 0x8A, 0xC5, 0x99, 0x00, 0xDA, 0x03, 0x00, 0x4B, 0xFF, 0xA0, 0x2D, 0x00, 0xDC, 0x00,
    0x00, 0x78, 0xFF, 0xBE, 0xB5, 0x00, 0x01, 0x00, 0x03, 0x21, 0xC1, 0xBB, 0x9A, 0x00, 0xBA, 0x31,
    0x85, 0x21, 0xBC, 0xBE, 0x9A, 0x00, 0x01, 0x00, 0x01, 0x7C, 0x31, 0xA0, 0x01, 0xAD, 0xD8, 0x71,
    0x00, 0x8C, 0xD0, 0x67, 0x00, 0x3C, 0xA4, 0x00, 0x00, 0x3C, 0xA4, 0x00, 0x00, 0x48, 0x9C, 0x48,
    0x9C, 0x2D, 0x63, 0x2D, 0x63, 0x48, 0x9C, 0x48, 0x9C, 0x07, 0xD2, 0xA5, 0x2A, 0x06, 0xEE, 0x42,
    0x00, 0x54, 0x91, 0xA1, 0x6F, 0x0F, 0xAF, 0x97, 0x7B, 0x00, 0x00, 0xA8, 0x54, 0x09, 0xA6, 0xB2,
    0x19, 0xB1, 0x93, 0x1C, 0x5E, 0x85, 0x37, 0x00, 0x94, 0x83, 0x82, 0x0C, 0xA1, 0x14, 0x45, 0x40,
    0x9A, 0x82, 0x83, 0x0C, 0x62, 0x8B, 0x37, 0x00, 0x00, 0x90, 0xAF, 0x06, 0x00, 0x51, 0xBB, 0x57,
    0x09, 0xAA, 0x81, 0x66, 0x00, 0xFF, 0xFF, 0x6C, 0x00, 0x63, 0x12, 0x4F, 0x96, 0x8D, 0xB7, 0x19,
    0x6A, 0xB1, 0xAC, 0x37, 0x00, 0x37, 0x03, 0x33, 0x9F, 0xBE, 0xBE, 0xD0, 0x00, 0x00, 0x00, 0xA2,
    0xA8, 0xB4, 0x5E, 0x85, 0x37, 0x00, 0x95, 0x8A, 0x83, 0x0C, 0x9E, 0xAD, 0x47, 0x40, 0x86, 0x6C,
    0x95, 0x0C, 0x62, 0x8B, 0x37, 0x00, 0xB5, 0xA5, 0x18, 0x8E, 0xAE, 0x01, 0xB7, 0x76, 0x37, 0x93,
    0xA9, 0x01, 0x00, 0x48, 0x96, 0x00, 0x9F, 0xD5, 0xF0, 0xAB, 0x00, 0x3F, 0x85, 0x00, 0x9F, 0xBE,
    0xBE, 0xAB, 0x7E, 0xB1, 0x01, 0x10, 0xBA, 0x00, 0xD0, 0xA2, 0x06, 0x75, 0xB5, 0x0A, 0x2B, 0xC6,
    0x03, 0x82, 0xB5, 0x18, 0x00, 0x6C, 0x12, 0x2A, 0xB4, 0x00, 0xA8, 0x48, 0x36, 0xBA, 0xA8, 0x48,
    0x36, 0xBA, 0xA8, 0x4E, 0x43, 0xBA, 0xA8, 0xC3, 0xB9, 0xDA, 0xA8, 0x36, 0x00, 0x00, 0x5D, 0xFF,
    0xCE, 0xBE, 0xBE, 0xFF, 0x96, 0xBA, 0x55, 0xFF, 0x96, 0xBA, 0x00, 0x24, 0x96, 0xBA, 0x00, 0x24,
    0x96, 0xBA, 0x00, 0x21, 0x8A, 0xAB, 0x7E, 0xA8, 0x07, 0x13, 0x00, 0x6D, 0x6F, 0x91, 0x90, 0xA8,
    0x00, 0x18, 0xA8, 0x00, 0x7C, 0xCF, 0x12, 0x01, 0xA9, 0xAE, 0x16, 0x30, 0xAB, 0x52, 0x7E, 0x01,
    0xA6, 0xAE, 0x15, 0x09, 0xA2, 0xA2, 0x28, 0x2D, 0x34, 0x60, 0x01, 0x04, 0xAA, 0x81, 0xA6, 0x12,
    0xB7, 0x91, 0x9F, 0x21, 0x16, 0x36, 0x00, 0x3F, 0x40, 0x00, 0x00, 0x30, 0xBB, 0x00, 0x00, 0x00,
    0xBA, 0x00, 0x00, 0x5B, 0xAB, 0x6D, 0x6C, 0x7C, 0x8B, 0x8D, 0x40, 0x00, 0x12, 0xB2, 0x84, 0x00,
    0x6C, 0xB8, 0xBE, 0x00, 0x00, 0x09, 0x18, 0x5A, 0x9D, 0x00, 0x00, 0x00, 0xBA, 0x00, 0x00, 0x5B,
    0xB4, 0x7B, 0x64, 0x6D, 0x93, 0xA3, 0x6A, 0x00, 0x00, 0x03, 0xA8, 0x00, 0x00, 0xA8, 0x2A, 0x00,
    0x2A, 0xA8, 0x6D, 0x4F, 0xA2, 0x2B, 0x00, 0x0F, 0xC1, 0x30, 0x00, 0x00, 0x4E, 0x7C, 0x00, 0x6F,
    0xBB, 0x75, 0x6F, 0x82, 0x88, 0x81, 0x42, 0x00, 0x13, 0xB4, 0x84, 0x00, 0x6C, 0xB8, 0xBE, 0x00,
    0x00, 0x09, 0x18, 0x00, 0x39, 0xC0, 0x00, 0x00, 0x34, 0xA6, 0x00, 0x00, 0xB9, 0x48, 0x00, 0x67,
    0xAB, 0x00, 0x00, 0x2A, 0xE3, 0xBE, 0x5D, 0x5A, 0x57, 0x00, 0x00, 0x00, 0x00, 0x00, 0x00, 0x71,
    0xCA, 0x00, 0x00, 0x80, 0xC3, 0x0B, 0x00, 0x7F, 0x93, 0x67, 0x00, 0xC4, 0xC4, 0xAC, 0x00, 0x59,
    0x02, 0xC4, 0x04, 0x11, 0x92, 0x00, 0x00, 0x00, 0x00, 0x00, 0x00, 0x71, 0xCA, 0x00, 0x00, 0x80,
    0xC3, 0x0B, 0x00, 0x7F, 0x93, 0x67, 0x00, 0xC4, 0xC4, 0xAC, 0x00, 0x59, 0x02, 0xC4, 0x04, 0x6D,
    0xA7, 0x05, 0x00, 0x00, 0x00, 0x00, 0x00, 0x71, 0xCA, 0x00, 0x00, 0x80, 0xC3, 0x0B, 0x00, 0x7F,
    0x93, 0x67, 0x00, 0xC4, 0xC4, 0xAC, 0x00, 0x59, 0x02, 0xC4, 0x04, 0x17, 0x12, 0x0E, 0x00, 0x93,
    0xF8, 0x22, 0x00, 0x13, 0x24, 0x00, 0x00, 0x71, 0xCA, 0x00, 0x00, 0x80, 0xC3, 0x0B, 0x00, 0x7F,
    0x93, 0x67, 0x00, 0xC4, 0xC4, 0xAC, 0x00, 0x59, 0x02, 0xC4, 0x04, 0x71, 0x9A, 0x19, 0x00, 0x00,
    0x00, 0x00, 0x00, 0x71, 0xCA, 0x00, 0x00, 0x80, 0xC3, 0x0B, 0x00, 0x7F, 0x93, 0x67, 0x00, 0xC4,
    0xC4, 0xAC, 0x00, 0x59, 0x02, 0xC4, 0x04, 0x4D, 0x9B, 0x00, 0x00, 0x68, 0xA8, 0x03, 0x00, 0x6C,
    0xDB, 0x00, 0x00, 0x88, 0xC9, 0x16, 0x00, 0x84, 0x92, 0x74, 0x00, 0xC7, 0xC4, 0xB2, 0x00, 0x59,
    0x02, 0xC6, 0x04, 0x7F, 0xF9, 0xA0, 0x00, 0x72, 0xC9, 0x00, 0x00, 0x75, 0xE1, 0x8E, 0x00, 0xC0,
    0xE8, 0x00, 0x00, 0x4B, 0xD2, 0xA7, 0x06, 0x09, 0xC0, 0xB7, 0xA5, 0x87, 0x8B, 0x00, 0x00, 0xBE,
    0x55, 0x00, 0x00, 0x90, 0x88, 0x00, 0x00, 0x0D, 0xCB, 0xB5, 0xA5, 0x00, 0x00, 0x9F, 0x0F, 0x00,
    0x39, 0xBD, 0x03, 0x00, 0x66, 0x72, 0x00, 0x00, 0x00, 0x00, 0x00, 0x7E, 0xEC, 0xBE, 0x9F, 0x7E,
    0x8A, 0x00, 0x00, 0x7E, 0xEC, 0xBE, 0x87, 0x7E, 0x8A, 0x00, 0x00, 0x7E, 0xEC, 0xBE, 0xAE, 0x00,
    0x19, 0xBE, 0x00, 0x00, 0x00, 0x00, 0x00, 0x7E, 0xEC, 0xBE, 0x9F, 0x7E, 0x8A, 0x00, 0x00, 0x7E,
    0xEC, 0xBE, 0x87, 0x7E, 0x8A, 0x00, 0x00, 0x7E, 0xEC, 0xBE, 0xAE, 0x00, 0x9A, 0xA1, 0x0A, 0x00,
    0x00, 0x00, 0x00, 0x7E, 0xEC, 0xBE, 0x9F, 0x7E, 0x8A, 0x00, 0x00, 0x7E, 0xEC, 0xBE, 0x87, 0x7E,
    0x8A, 0x00, 0x00, 0x7E, 0xEC, 0xBE, 0xAE, 0x00, 0xB5, 0x88, 0x2E, 0x00, 0x00, 0x00, 0x00, 0x7E,
    0xEC, 0xBE, 0x9F, 0x7E, 0x8A, 0x00, 0x00, 0x7E, 0xEC, 0xBE, 0x87, 0x7E, 0x8A, 0x00, 0x00, 0x7E,
    0xEC, 0xBE, 0xAE, 0x00, 0x7E, 0x5B, 0x00, 0x00, 0x00, 0x00, 0x00, 0x46, 0xDE, 0xF8, 0x75, 0x00,
    0x60, 0xAE, 0x00, 0x00, 0x60, 0xAE, 0x00, 0x00, 0x60, 0xAE, 0x00, 0x46, 0xDE, 0xF8, 0x75, 0x00,
    0x19, 0xBE, 0x00, 0x00, 0x00, 0x00, 0x00, 0x46, 0xDE, 0xF8, 0x75, 0x00, 0x60, 0xAE, 0x00, 0x00,
    0x60, 0xAE, 0x00, 0x00, 0x60, 0xAE, 0x00, 0x46, 0xDE, 0xF8, 0x75, 0x00, 0xAC, 0xA2, 0x04, 0x00,
    0x00, 0x00, 0x00, 0x46, 0xDE, 0xF8, 0x75, 0x00, 0x60, 0xAE, 0x00, 0x00, 0x60, 0xAE, 0x00, 0x00,
    0x60, 0xAE, 0x00, 0x46, 0xDE, 0xF8, 0x75, 0x00, 0xB5, 0x96, 0x1C, 0x00, 0x00, 0x00, 0x00, 0x46,
    0xDE, 0xF8, 0x75, 0x00, 0x60, 0xAE, 0x00, 0x00, 0x60, 0xAE, 0x00, 0x00, 0x60, 0xAE, 0x00, 0x46,
    0xDE, 0xF8, 0x75, 0xAF, 0xCD, 0xC8, 0x33, 0xAF, 0x3C, 0x28, 0xC1, 0xF2, 0xB9, 0x0C, 0xE3, 0xAF,
    0x3C, 0x2A, 0xC3, 0xAF, 0xCD, 0xCB, 0x34, 0x00, 0x25, 0x0F, 0x10, 0x00, 0xEB, 0xFC, 0x30, 0x00,
    0x1F, 0x25, 0x00, 0xAA, 0xAF, 0x00, 0xD2, 0xAA, 0xD9, 0x0F, 0xD2, 0xAA, 0x7E, 0x97, 0xD2, 0xAA,
    0x36, 0xBC, 0xD2, 0xAA, 0x36, 0x87, 0xE9, 0x00, 0x70, 0x64, 0x00, 0x00, 0x00, 0x00, 0x00, 0x28,
    0xD2, 0xCD, 0x5B, 0xB5, 0x58, 0x0D, 0xD5, 0xB6, 0x36, 0x00, 0xE3, 0xB5, 0x58, 0x0C, 0xD5, 0x2A,
    0xD4, 0xCF, 0x5E, 0x00, 0x15, 0xA2, 0x00, 0x00, 0x00, 0x00, 0x00, 0x28, 0xD2, 0xCD, 0x5B, 0xB5,
    0x58, 0x0D, 0xD5, 0xB6, 0x36, 0x00, 0xE3, 0xB5, 0x58, 0x0C, 0xD5, 0x2A, 0xD4, 0xCF, 0x5E, 0x00,
    0x9A, 0xA1, 0x0A, 0x00, 0x00, 0x00, 0x00, 0x28, 0xD2, 0xCD, 0x5B, 0xB5, 0x58, 0x0D, 0xD5, 0xB6,
    0x36, 0x00, 0xE3, 0xB5, 0x58, 0x0C, 0xD5, 0x2A, 0xD4, 0xCF, 0x5E, 0x00, 0x25, 0x0F, 0x10, 0x00,
    0xEB, 0xFC, 0x30, 0x00, 0x1F, 0x25, 0x00, 0x28, 0xD2, 0xCD, 0x5B, 0xB5, 0x58, 0x0D, 0xD5, 0xB6,
    0x36, 0x00, 0xE3, 0xB5, 0x58, 0x0C, 0xD5, 0x2A, 0xD4, 0xCF, 0x5E, 0x00, 0xB5, 0x96, 0x1C, 0x00,
    0x00, 0x00, 0x00, 0x28, 0xD2, 0xCD, 0x5B, 0xB5, 0x58, 0x0D, 0xD5, 0xB6, 0x36, 0x00, 0xE3, 0xB5,
    0x58, 0x0C, 0xD5, 0x2A, 0xD4, 0xCF, 0x5E, 0x58, 0x6D, 0x37, 0x8E, 0x00, 0xB9, 0xDA, 0x0C, 0x30,
    0xCA, 0xAD, 0x60, 0x27, 0x12, 0x00, 0x37, 0x00, 0x00, 0x05, 0x00, 0x91, 0xCF, 0xA1, 0x04, 0x7C,
    0x8A, 0xBF, 0x00, 0x97, 0x78, 0xC8, 0x00, 0xAE, 0x1F, 0xBC, 0x00, 0xCC, 0xD0, 0x54, 0x00, 0x03,
    0x00, 0x00, 0x00, 0x00, 0x7E, 0x63, 0x00, 0x00, 0x00, 0x00, 0x00, 0xA0, 0x4E, 0x00, 0xDC, 0xA0,
    0x4E, 0x00, 0xDC, 0xA0, 0x4E, 0x00, 0xDC, 0xB7, 0x51, 0x01, 0xD4, 0x42, 0xD7, 0xCF, 0x78, 0x00,
    0x27, 0xB7, 0x00, 0x00, 0x00, 0x00, 0x00, 0xA0, 0x4E, 0x00, 0xDC, 0xA0, 0x4E, 0x00, 0xDC, 0xA0,
    0x4E, 0x00, 0xDC, 0xB7, 0x51, 0x01, 0xD4, 0x42, 0xD7, 0xCF, 0x78, 0x00, 0xAF, 0xA6, 0x06, 0x00,
    0x00, 0x00, 0x00, 0xA0, 0x4E, 0x00, 0xDC, 0xA0, 0x4E, 0x00, 0xDC, 0xA0, 0x4E, 0x00, 0xDC, 0xB7,
    0x51, 0x01, 0xD4, 0x42, 0xD7, 0xCF, 0x78, 0x00, 0xB5, 0x96, 0x1C, 0x00, 0x00, 0x00, 0x00, 0xA0,
    0x4E, 0x00, 0xDC, 0xA0, 0x4E, 0x00, 0xDC, 0xA0, 0x4E, 0x00, 0xDC, 0xB7, 0x51, 0x01, 0xD4, 0x42,
    0xD7, 0xCF, 0x78, 0x18, 0xA5, 0x00, 0x00, 0x00, 0x00, 0x00, 0x00, 0x69, 0x15, 0xBE, 0x01, 0x87,
    0xBD, 0x45, 0x00, 0x63, 0xBA, 0x00, 0x00, 0x3C, 0xA4, 0x00, 0x00, 0x3C, 0xA4, 0x00, 0x00, 0x78,
    0x90, 0x00, 0x00, 0x78, 0xE8, 0xBA, 0x9C, 0x78, 0x90, 0x00, 0xF3, 0x78, 0xE8, 0xBA, 0x9F, 0x78,
    0x90, 0x00, 0x00, 0x31, 0xDC, 0xCD, 0x57, 0x85, 0x7E, 0xAE, 0x5A, 0x8A, 0x93, 0xCB, 0x0D, 0x8A,
    0x6C, 0x33, 0xC5, 0x8A, 0xA5, 0xAC, 0xB6, 0x00, 0x7B, 0x00, 0x00, 0x00, 0x70, 0x67, 0x00, 0x00,
    0x00, 0x00, 0x00, 0x33, 0xAC, 0xB7, 0x6D, 0x24, 0xAB, 0xA2, 0xC3, 0xB8, 0x40, 0x25, 0xC8, 0x5E,
    0xCD, 0xC9, 0xCB, 0x00, 0x00, 0x69, 0x12, 0x00, 0x25, 0xB2, 0x00, 0x00, 0x00, 0x00, 0x00, 0x33,
    0xAC, 0xB7, 0x6D, 0x24, 0xAB, 0xA2, 0xC3, 0xB8, 0x40, 0x25, 0xC8, 0x5E, 0xCD, 0xC9, 0xCB, 0x00,
    0x34, 0x61, 0x00, 0x00, 0xBD, 0xB8, 0x0D, 0x00, 0x00, 0x00, 0x00, 0x33, 0xAC, 0xB7, 0x6D, 0x24,
    0xAB, 0xA2, 0xC3, 0xB8, 0x40, 0x25, 0xC8, 0x5E, 0xCD, 0xC9, 0xCB, 0x00, 0x27, 0x10, 0x13, 0x00,
    0xD7, 0xE2, 0x37, 0x00, 0x24, 0x2A, 0x00, 0x33, 0xAC, 0xB7, 0x6D, 0x24, 0xAB, 0xA2, 0xC3, 0xB8,
    0x40, 0x25, 0xC8, 0x5E, 0xCD, 0xC9, 0xCB, 0x00, 0xB4, 0x93, 0x1E, 0x00, 0x00, 0x00, 0x00, 0x33,
    0xAC, 0xB7, 0x6D, 0x24, 0xAB, 0xA2, 0xC3, 0xB8, 0x40, 0x25, 0xC8, 0x5E, 0xCD, 0xC9, 0xCB, 0x00,
    0x39, 0x5B, 0x00, 0x00, 0xB7, 0xB1, 0x07, 0x00, 0xA8, 0xAB, 0x00, 0x00, 0x00, 0x00, 0x00, 0x33,
    0xAC, 0xB7, 0x6D, 0x24, 0xAB, 0xA2, 0xC3, 0xB8, 0x40, 0x25, 0xC8, 0x5E, 0xCD, 0xC9, 0xCB, 0xA7,
    0xC9, 0xB5, 0x04, 0xA2, 0xDE, 0xAF, 0x1B, 0x71, 0xA1, 0x00, 0x00, 0xBE, 0xC5, 0xA0, 0x07, 0x0F,
    0xC5, 0xB0, 0x78, 0x88, 0x78, 0x00, 0x00, 0x8A, 0x76, 0x00, 0x00, 0x10, 0xCD, 0xAD, 0x78, 0x00,
    0x00, 0xAC, 0x00, 0x00, 0x48, 0xAF, 0x00, 0x00, 0x7E, 0x00, 0x00, 0x00, 0x67, 0x78, 0x00, 0x00,
    0x00, 0x00, 0x00, 0x27, 0xBE, 0xBA, 0x8D, 0xBE, 0xB5, 0xA0, 0xAC, 0xA0, 0x4F, 0x00, 0x00, 0x2A,
    0xCF, 0xB5, 0xA5, 0x00, 0x00, 0x63, 0x19, 0x00, 0x1F, 0xBD, 0x00, 0x00, 0x00, 0x00, 0x00, 0x27,
    0xBE, 0xBA, 0x8D, 0xBE, 0xB5, 0xA0, 0xAC, 0xA0, 0x4F, 0x00, 0x00, 0x2A, 0xCF, 0xB5, 0xA5, 0x00,
    0x2D, 0x67, 0x00, 0x00, 0xBD, 0xB4, 0x15, 0x00, 0x00, 0x00, 0x00, 0x27, 0xBE, 0xBA, 0x8D, 0xBE,
    0xB5, 0xA0, 0xAC, 0xA0, 0x4F, 0x00, 0x00, 0x2A, 0xCF, 0xB5, 0xA5, 0x00, 0xB1, 0x87, 0x2A, 0x00,
    0x00, 0x00, 0x00, 0x27, 0xBE, 0xBA, 0x8D, 0xBE, 0xB5, 0xA0, 0xAC, 0xA0, 0x4F, 0x00, 0x00, 0x2A,
    0xCF, 0xB5, 0xA5, 0x0F, 0x6A, 0x00, 0x00, 0x00, 0xAF, 0x2A, 0x00, 0x00, 0x00, 0x00, 0x00, 0x0F,
    0xC8, 0x90, 0x00, 0x00, 0x60, 0x90, 0x00, 0x00, 0x5A, 0x99, 0x00, 0x00, 0x16, 0xE1, 0x99, 0x00,
    0x00, 0x54, 0x27, 0x00, 0x12, 0xA8, 0x00, 0x00, 0x00, 0x00, 0x00, 0x0F, 0xC8, 0x90, 0x00, 0x00,
    0x60, 0x90, 0x00, 0x00, 0x5A, 0x99, 0x00, 0x00, 0x16, 0xE1, 0x99, 0x00, 0x49, 0x4C, 0x00, 0x01,
    0xBE, 0xA0, 0x03, 0x00, 0x00, 0x00, 0x00, 0x0F, 0xC8, 0x90, 0x00, 0x00, 0x60, 0x90, 0x00, 0x00,
    0x5A, 0x99, 0x00, 0x00, 0x16, 0xE1, 0x99, 0x00, 0xB4, 0xA6, 0x09, 0x00, 0x00, 0x00, 0x00, 0x0F,
    0xC8, 0x90, 0x00, 0x00, 0x60, 0x90, 0x00, 0x00, 0x5A, 0x99, 0x00, 0x00, 0x16, 0xE1, 0x99, 0x09,
    0xA0, 0xA3, 0x16, 0x2A, 0xCB, 0xCB, 0x57, 0xB1, 0x51, 0x07, 0xC6, 0xB2, 0x51, 0x09, 0xD4, 0x2A,
    0xCD, 0xC8, 0x66, 0x00, 0x6A, 0x2D, 0x24, 0x00, 0xBE, 0xED, 0x24, 0x00, 0x00, 0x00, 0x00, 0x7E,
    0xBC, 0xBE, 0x75, 0x7E, 0x7E, 0x16, 0xB7, 0x7E, 0x72, 0x12, 0xBE, 0x7E, 0x72, 0x12, 0xBE, 0x00,
    0x7B, 0x00, 0x00, 0x00, 0x76, 0x67, 0x00, 0x00, 0x00, 0x00, 0x00, 0x2B, 0xCD, 0xC8, 0x61, 0xB2,
    0x4E, 0x07, 0xD0, 0xB5, 0x4E, 0x07, 0xD0, 0x2E, 0xCD, 0xC5, 0x66, 0x00, 0x00, 0x6C, 0x12, 0x00,
    0x2A, 0xB4, 0x00, 0x00, 0x00, 0x00, 0x00, 0x2B, 0xCD, 0xC8, 0x61, 0xB2, 0x4E, 0x07, 0xD0, 0xB5,
    0x4E, 0x07, 0xD0, 0x2E, 0xCD, 0xC5, 0x66, 0x00, 0x36, 0x5E, 0x00, 0x00, 0xBE, 0xBA, 0x0D, 0x00,
    0x00, 0x00, 0x00, 0x2B, 0xCD, 0xC8, 0x61, 0xB2, 0x4E, 0x07, 0xD0, 0xB5, 0x4E, 0x07, 0xD0, 0x2E,
    0xCD, 0xC5, 0x66, 0x00, 0x6A, 0x2D, 0x24, 0x00, 0xBE, 0xED, 0x24, 0x00, 0x00, 0x00, 0x00, 0x2B,
    0xCD, 0xC8, 0x61, 0xB2, 0x4E, 0x07, 0xD0, 0xB5, 0x4E, 0x07, 0xD0, 0x2E, 0xCD, 0xC5, 0x66, 0x00,
    0xB1, 0x93, 0x1C, 0x00, 0x00, 0x00, 0x00, 0x2B, 0xCD, 0xC8, 0x61, 0xB2, 0x4E, 0x07, 0xD0, 0xB5,
    0x4E, 0x07, 0xD0, 0x2E, 0xCD, 0xC5, 0x66, 0x00, 0x61, 0xA9, 0x00, 0x9F, 0xBE, 0xBE, 0xAB, 0x00,
    0x00, 0x00, 0x00, 0x00, 0x60, 0xA6, 0x00, 0x00, 0x00, 0x00, 0x12, 0x2B, 0xCD, 0xCF, 0xB2, 0xB2,
    0x4E, 0xA0, 0xCF, 0xB5, 0xBF, 0x2A, 0xD2, 0xA5, 0xD3, 0xC5, 0x66, 0x15, 0x00, 0x00, 0x00, 0x00,
    0x7B, 0x00, 0x00, 0x00, 0x76, 0x67, 0x00, 0x00, 0x00, 0x00, 0x00, 0x7E, 0x72, 0x12, 0xBE, 0x7E,
    0x72, 0x12, 0xBE, 0x76, 0x78, 0x22, 0xBE, 0x28, 0xDF, 0xB8, 0xBC, 0x00, 0x00, 0x6C, 0x12, 0x00,
    0x2A, 0xB4, 0x00, 0x00, 0x00, 0x00, 0x00, 0x7E, 0x72, 0x12, 0xBE, 0x7E, 0x72, 0x12, 0xBE, 0x76,
    0x78, 0x22, 0xBE, 0x28, 0xDF, 0xB8, 0xBC, 0x00, 0x36, 0x5E, 0x00, 0x00, 0xBE, 0xBA, 0x0D, 0x00,
    0x00, 0x00, 0x00, 0x7E, 0x72, 0x12, 0xBE, 0x7E, 0x72, 0x12, 0xBE, 0x76, 0x78, 0x22, 0xBE, 0x28,
    0xDF, 0xB8, 0xBC, 0x00, 0xB1, 0x93, 0x1C, 0x00, 0x00, 0x00, 0x00, 0x7E, 0x72, 0x12, 0xBE, 0x7E,
    0x72, 0x12, 0xBE, 0x76, 0x78, 0x22, 0xBE, 0x28, 0xDF, 0xB8, 0xBC, 0x00, 0x1B, 0xA1, 0x0C, 0x00,
    0x00, 0x00, 0x00, 0xA6, 0x52, 0x06, 0xCA, 0x16, 0xB9, 0x7B, 0x7E, 0x00, 0xB4, 0xD7, 0x07, 0x00,
    0x69, 0xA2, 0x00, 0x4C, 0xDC, 0x27, 0x00, 0x84, 0x6C, 0x00, 0x00, 0x84, 0xD4, 0xC4, 0x72, 0x84,
    0x84, 0x01, 0xCF, 0x84, 0x84, 0x01, 0xD0, 0x84, 0xD8, 0xC1, 0x75, 0x84, 0x6C, 0x00, 0x00, 0x00,
    0xB1, 0x93, 0x1C, 0x00, 0x00, 0x00, 0x00, 0xA6, 0x52, 0x06, 0xCA, 0x16, 0xB9, 0x7B, 0x7E, 0x00,
    0xB4, 0xD5, 0x07, 0x00, 0x69, 0xA2, 0x00, 0x4C, 0xD7, 0x25, 0x00, 0xAE, 0xBA, 0x1C, 0xBA, 0xBA,
    0xA8, 0x28, 0x18, 0xBB, 0x97, 0xAC, 0x07, 0x07, 0x21, 0xF2, 0x6C, 0x93, 0x06, 0x01, 0x04, 0xCB,
    0x6D, 0x8D, 0x60, 0xC1, 0xD8, 0x40, 0x04, 0x0A, 0x0C, 0x01, 0x00, 0xFF, 0x93, 0xB1, 0x36, 0xA7,
    0xAD, 0x2B, 0x04, 0x04, 0x09, 0x00, 0x0F, 0x07, 0x0A, 0x10, 0xE3, 0xAE, 0xA7, 0xFF, 0x09, 0xC5,
    0xBA, 0x81, 0xB1, 0xD2, 0x8A, 0x01, 0xB4, 0xC9, 0x4B, 0x00, 0x22, 0xBE, 0x00, 0x01, 0x00, 0xBD,
    0xB9, 0xA2, 0x31, 0x06, 0x00, 0x00, 0xD3, 0xBE, 0xA8, 0x10, 0x3E, 0x07, 0x00, 0x00, 0x49, 0xBA,
    0x04, 0x58, 0xD0, 0x34, 0x00, 0xB4, 0x00, 0x00, 0xB4, 0x00, 0x00, 0x00, 0x25, 0x37, 0xBE, 0xBE,
    0xBE, 0xFF, 0x00, 0x00, 0x27, 0x5B, 0x00, 0xA5, 0x00, 0x00, 0xB4, 0x00, 0x22, 0xB9, 0x1B, 0x82,
    0xFC, 0x1F, 0x4C, 0x54, 0x25, 0x7B, 0xC0, 0xCD, 0xBA, 0xF8, 0x07, 0x36, 0x1E, 0x1F, 0x49, 0xBA,
    0x04, 0x58, 0xD0, 0x34, 0x22, 0xB9, 0x1B, 0x82, 0xFC, 0x1F, 0x00, 0x67, 0x79, 0x00, 0x00, 0x5A,
    0x5A, 0x00, 0x04, 0x8E, 0x7B, 0x19, 0x00, 0x5D, 0x76, 0x01, 0x00, 0x00, 0x00, 0x18, 0x2D, 0x42,
    0x7B, 0xBA, 0x6A, 0xA2, 0xE8, 0x8E, 0xA2, 0xFF, 0xCD, 0xAF, 0x75, 0x49, 0x00, 0x00, 0x97, 0xB9,
    0xB9, 0xAA, 0x6A, 0x9C, 0x9C, 0x8E, 0x45, 0x66, 0x66, 0x5D, 0x94, 0xB4, 0xB4, 0xA5, 0x00, 0x06,
    0x66, 0xA3, 0xB4, 0xEC, 0x7E, 0x13, 0x18, 0x8A, 0xBA, 0xAC, 0x97, 0xB9, 0xB9, 0xB1, 0x9A, 0x82,
    0x13, 0x00, 0x07, 0x61, 0xD0, 0xD4, 0x99, 0xBE, 0xA6, 0x2D, 0xA2, 0xB9, 0xB9, 0xAA, 0x00, 0x8D,
    0xA7, 0x36, 0x00, 0xBB, 0x07, 0xB7, 0x2D, 0xB5, 0xA0, 0x34, 0x10, 0x00, 0x00, 0x00, 0x00, 0x06,
    0x51, 0x90, 0x55, 0x8E, 0x87, 0x5A, 0x6F, 0x7C, 0x5A, 0x7B, 0x00, 0x18, 0x00, 0x00, 0x0B, 0xBE,
    0xBE, 0x3F, 0x15, 0xFF, 0xFF, 0x6C, 0x04, 0x48, 0x48, 0x13, 0x6F, 0xAF, 0xAF, 0xAF, 0xAF, 0xAF,
    0xAF, 0xAF, 0xA6, 0x2B, 0xB2, 0x54, 0xFF, 0x54, 0xFF, 0x54, 0xFF, 0x54, 0xFF, 0x54, 0xFF, 0x54,
    0xFF, 0x54, 0xFF, 0x4F, 0xFF, 0x8D, 0x95, 0x92, 0x1F, 0xCA, 0xD1, 0xE6, 0x36, 0x30, 0x2F, 0x37,
    0x09, 0x1F, 0xAF, 0xA6, 0x64, 0xAF, 0x64, 0xA6, 0xAF, 0x1F, 0x0C, 0x34, 0x54, 0xFF, 0x4F, 0xFF,
    0x28, 0xA2, 0x54, 0xFF, 0x28, 0xA2, 0x4F, 0xFF, 0x54, 0xFF, 0x0C, 0x34, 0x93, 0x91, 0x7F, 0x03,
    0xD0, 0xCE, 0xB4, 0x06, 0x2E, 0x2D, 0x27, 0x00, 0x27, 0xAF, 0x4E, 0xAF, 0x51, 0xAF, 0x51, 0xAF,
    0x4E, 0x0F, 0x3F, 0x54, 0xFF, 0x1F, 0x7E, 0x54, 0xFF, 0x1F, 0x82, 0x54, 0xFF, 0x1F, 0x82, 0x54,
    0xFF, 0x1F, 0x7E, 0xC3, 0x66, 0x2C, 0x00, 0x2C, 0x00, 0x2C, 0x00, 0x2A, 0x00, 0xFF, 0xAE, 0x68,
    0x1F, 0x2C, 0x00, 0x2C, 0x00, 0x2A, 0x00, 0xA6, 0xBE, 0x72, 0xC6, 0x00, 0x00, 0xC6, 0x00, 0x00,
    0xC6, 0x00, 0x00, 0xAE, 0x00, 0x00, 0xC6, 0xFF, 0xA0, 0xC6, 0x48, 0x24, 0xC6, 0x00, 0x00, 0xC6,
    0x00, 0x00, 0xAE, 0x00, 0x00, 0xA8, 0xBE, 0x93, 0x00, 0x00, 0xAF, 0x00, 0x00, 0xAF, 0x00, 0x00,
    0xAF, 0x00, 0x00, 0xA9, 0xFF, 0xFF, 0xAF, 0x3F, 0x48, 0xAF, 0x00, 0x00, 0xAF, 0x00, 0x00, 0xAF,
    0x00, 0x00, 0xA9, 0xA0, 0xC5, 0xC4, 0x00, 0x54, 0xFF, 0x00, 0x54, 0xFF, 0x00, 0x54, 0xFF, 0x00,
    0x43, 0xE3, 0xFF, 0xFF, 0xFF, 0x3C, 0x8B, 0xFF, 0x00, 0x54, 0xFF, 0x00, 0x54, 0xFF, 0x00, 0x43,
    0xE3, 0x23, 0x00, 0x2C, 0x00, 0x2C, 0x00, 0x2C, 0x00, 0xCB, 0x66, 0x23, 0x00, 0x2C, 0x00, 0x2C,
    0x00, 0x2C, 0x00, 0xFF, 0xAE, 0x48, 0x1F, 0x8F, 0x00, 0x00, 0xC6, 0x00, 0x00, 0xC6, 0x00, 0x00,
    0xC6, 0x00, 0x00, 0xC2, 0xBE, 0x72, 0x8F, 0x00, 0x00, 0xC6, 0x00, 0x00, 0xC6, 0x00, 0x00, 0xC6,
    0x00, 0x00, 0xC6, 0xFF, 0xA0, 0x35, 0x48, 0x24, 0x00, 0x00, 0x8D, 0x00, 0x00, 0xAF, 0x00, 0x00,
    0xAF, 0x00, 0x00, 0xAF, 0xA8, 0xBE, 0xBA, 0x00, 0x00, 0x8D, 0x00, 0x00, 0xAF, 0x00, 0x00, 0xAF,
    0x00, 0x00, 0xAF, 0xFF, 0xFF, 0xAF, 0x3F, 0x48, 0x27, 0x00, 0x37, 0xBB, 0x00, 0x54, 0xFF, 0x00,
    0x54, 0xFF, 0x00, 0x54, 0xFF, 0xA0, 0xD2, 0xF8, 0x00, 0x37, 0xBB, 0x00, 0x54, 0xFF, 0x00, 0x54,
    0xFF, 0x00, 0x54, 0xFF, 0xFF, 0xFF, 0xFF, 0x3C, 0x48, 0x3F, 0x1C, 0x00, 0x2C, 0x00, 0x2C, 0x00,
    0x2C, 0x00, 0xC7, 0x61, 0x36, 0x04, 0x2C, 0x00, 0x2C, 0x00, 0x2A, 0x00, 0x1C, 0x00, 0x2C, 0x00,
    0x2C, 0x00, 0x2C, 0x00, 0xFF, 0x94, 0x91, 0x36, 0x2C, 0x00, 0x2C, 0x00, 0x2A, 0x00, 0x82, 0x00,
    0x00, 0xC6, 0x00, 0x00, 0xC6, 0x00, 0x00, 0xC6, 0x00, 0x00, 0xC4, 0xBE, 0x72, 0x75, 0x00, 0x00,
    0x75, 0x00, 0x00, 0x75, 0x00, 0x00, 0x7A, 0x00, 0x00, 0x4A, 0x00, 0x00, 0x75, 0x00, 0x00, 0x75,
    0x00, 0x00, 0x75, 0x00, 0x00, 0xB9, 0xB4, 0x6C, 0xC6, 0x0C, 0x06, 0xC6, 0x00, 0x00, 0xC6, 0x00,
    0x00, 0xC4, 0x00, 0x00, 0x85, 0x00, 0x00, 0xC6, 0x00, 0x00, 0xC6, 0x00, 0x00, 0xC6, 0x00, 0x00,
    0xC6, 0xB4, 0x6C, 0xC6, 0x0C, 0x06, 0xC6, 0x00, 0x00, 0xC6, 0x00, 0x00, 0xC4, 0x00, 0x00, 0xAE,
    0x00, 0x00, 0xC6, 0x00, 0x00, 0xC6, 0x00, 0x00, 0xC6, 0x30, 0x18, 0xC6, 0xFF, 0xA0, 0x7A, 0x12,
    0x09, 0x75, 0x00, 0x00, 0x75, 0x00, 0x00, 0x5E, 0x00, 0x00, 0x5E, 0x00, 0x00, 0x75, 0x00, 0x00,
    0x75, 0x00, 0x00, 0x75, 0x00, 0x00, 0xC6, 0xFF, 0xA0, 0xC6, 0x42, 0x21, 0xC6, 0x00, 0x00, 0xC6,
    0x00, 0x00, 0xAE, 0x00, 0x00, 0x85, 0x00, 0x00, 0xC6, 0x00, 0x00, 0xC6, 0x00, 0x00, 0xC6, 0x00,
    0x00, 0xC6, 0xFF, 0xA5, 0xC6, 0x78, 0x3C, 0xC6, 0x00, 0x00, 0xC6, 0x00, 0x00, 0xC4, 0x00, 0x00,
    0x00, 0x00, 0x6F, 0x00, 0x00, 0xAF, 0x00, 0x00, 0xAF, 0x00, 0x00, 0xAF, 0xA0, 0xB4, 0xAF, 0x0A,
    0x0C, 0xAF, 0x00, 0x00, 0xAF, 0x00, 0x00, 0xAF, 0x00, 0x00, 0xA6, 0x00, 0x00, 0x6F, 0x00, 0x00,
    0xAF, 0x00, 0x00, 0xAF, 0x00, 0x00, 0xAF, 0xF3, 0xFF, 0xAF, 0x6A, 0x78, 0xAF, 0x00, 0x00, 0xAF,
    0x00, 0x00, 0xAF, 0x00, 0x00, 0xA6, 0x00, 0x37, 0xBB, 0x00, 0x54, 0xFF, 0x00, 0x54, 0xFF, 0x00,
    0x54, 0xFF, 0xA0, 0xD2, 0xFF, 0x00, 0x00, 0xAF, 0x00, 0x00, 0xAF, 0x00, 0x00, 0xAF, 0x00, 0x00,
    0xA9, 0x00, 0x00, 0x8D, 0x00, 0x00, 0xAF, 0x00, 0x00, 0xAF, 0x00, 0x00, 0xAF, 0xA0, 0xC5, 0xF8,
    0x00, 0x54, 0xFF, 0x00, 0x54, 0xFF, 0x00, 0x54, 0xFF, 0x00, 0x43, 0xE3, 0x00, 0x2B, 0xB2, 0x00,
    0x54, 0xFF, 0x00, 0x54, 0xFF, 0x00, 0x54, 0xFF, 0xB5, 0xD2, 0xFF, 0x09, 0x5D, 0xFF, 0x00, 0x54,
    0xFF, 0x00, 0x54, 0xFF, 0x00, 0x4F, 0xFF, 0x00, 0x37, 0xBB, 0x00, 0x54, 0xFF, 0x00, 0x54, 0xFF,
    0x00, 0x54, 0xFF, 0xFF, 0xFF, 0xFF, 0x3C, 0x48, 0xC1, 0x00, 0x00, 0xAF, 0x00, 0x00, 0xAF, 0x00,
    0x00, 0xA9, 0x00, 0x00, 0x8D, 0x00, 0x00, 0xAF, 0x00, 0x00, 0xAF, 0x00, 0x00, 0xAF, 0xFF, 0xFF,
    0xFF, 0x3C, 0x8B, 0xFF, 0x00, 0x54, 0xFF, 0x00, 0x54, 0xFF, 0x00, 0x43, 0xE3, 0x00, 0x2B, 0xB2,
    0x00, 0x54, 0xFF, 0x00, 0x54, 0xFF, 0x00, 0x54, 0xFF, 0xE7, 0xFF, 0xFF, 0x64, 0xB1, 0xFF, 0x00,
    0x54, 0xFF, 0x00, 0x54, 0xFF, 0x00, 0x4F, 0xFF, 0x0B, 0xC1, 0xC6, 0x3F, 0x00, 0x29, 0x5A, 0x00,
    0x00, 0x29, 0x5A, 0x00, 0x00, 0x29, 0x5A, 0x00, 0x00, 0x21, 0x49, 0x00, 0x15, 0xFF, 0xDC, 0x3F,
    0x04, 0x69, 0x5A, 0x00, 0x00, 0x29, 0x5A, 0x00, 0x00, 0x29, 0x5A, 0x00, 0x00, 0x21, 0x49, 0x00,
    0x0B, 0xCB, 0xFF, 0x6C, 0x00, 0x29, 0x91, 0x13, 0x00, 0x29, 0x5A, 0x00, 0x00, 0x29, 0x5A, 0x00,
    0x00, 0x21, 0x49, 0x00, 0x15, 0xFF, 0xFF, 0x6C, 0x04, 0x69, 0x91, 0x13, 0x00, 0x29, 0x5A, 0x00,
    0x00, 0x29, 0x5A, 0x00, 0x00, 0x21, 0x49, 0x00, 0xB7, 0xD9, 0xB5, 0x72, 0x35, 0xEA, 0x00, 0x00,
    0x35, 0xEA, 0x00, 0x00, 0x35, 0xEA, 0x00, 0x00, 0x2A, 0xCF, 0x00, 0x00, 0xFF, 0xFF, 0xB5, 0x72,
    0x6D, 0xF1, 0x00, 0x00, 0x35, 0xEA, 0x00, 0x00, 0x35, 0xEA, 0x00, 0x00, 0x2A, 0xCF, 0x00, 0x00,
    0xC4, 0xFA, 0xF3, 0xA0, 0x35, 0xEA, 0x44, 0x24, 0x35, 0xEA, 0x00, 0x00, 0x35, 0xEA, 0x00, 0x00,
    0x2A, 0xCF, 0x00, 0x00, 0xFF, 0xFF, 0xF3, 0xA0, 0x6D, 0xF1, 0x44, 0x24, 0x35, 0xEA, 0x00, 0x00,
    0x35, 0xEA, 0x00, 0x00, 0x2A, 0xCF, 0x00, 0x00, 0x00, 0x1B, 0x3C, 0x00, 0x00, 0x29, 0x5A, 0x00,
    0x00, 0x29, 0x5A, 0x00, 0x00, 0x29, 0x5A, 0x00, 0x0B, 0xC8, 0xD4, 0x3F, 0x00, 0x7B, 0x00, 0x00,
    0x00, 0x99, 0x00, 0x00, 0x00, 0x99, 0x00, 0x00, 0x00, 0x99, 0x00, 0x00, 0xFF, 0xFF, 0xB3, 0x66,
    0x45, 0x2B, 0x00, 0x00, 0x00, 0x7B, 0x00, 0x00, 0x00, 0x99, 0x00, 0x00, 0x00, 0x99, 0x00, 0x00,
    0x00, 0x99, 0x00, 0x00, 0xB6, 0xF7, 0xF5, 0xAE, 0x00, 0x3F, 0x43, 0x1F, 0x00, 0x1B, 0x3C, 0x00,
    0x00, 0x29, 0x5A, 0x00, 0x00, 0x29, 0x5A, 0x00, 0x00, 0x29, 0x5A, 0x00, 0x15, 0xFF, 0xFF, 0x6C,
    0x04, 0x48, 0x48, 0x13, 0x22, 0xAB, 0x00, 0x00, 0x35, 0xEA, 0x00, 0x00, 0x35, 0xEA, 0x00, 0x00,
    0x35, 0xEA, 0x00, 0x00, 0xBF, 0xF9, 0xB5, 0x72, 0x22, 0xAB, 0x00, 0x00, 0x35, 0xEA, 0x00, 0x00,
    0x35, 0xEA, 0x00, 0x00, 0x35, 0xEA, 0x00, 0x00, 0xFF, 0xFF, 0xB5, 0x72, 0x44, 0x40, 0x00, 0x00,
    0x22, 0xAB, 0x00, 0x00, 0x35, 0xEA, 0x00, 0x00, 0x35, 0xEA, 0x00, 0x00, 0x35, 0xEA, 0x00, 0x00,
    0xC4, 0xFA, 0xF3, 0xA0, 0x09, 0x41, 0x44, 0x24, 0x22, 0xAB, 0x00, 0x00, 0x35, 0xEA, 0x00, 0x00,
    0x35, 0xEA, 0x00, 0x00, 0x35, 0xEA, 0x00, 0x00, 0xFF, 0xFF, 0xF3, 0xA0, 0x44, 0x48, 0x44, 0x24,
    0x00, 0x15, 0x30, 0x00, 0x00, 0x29, 0x5A, 0x00, 0x00, 0x29, 0x5A, 0x00, 0x00, 0x29, 0x5A, 0x00,
    0x0B, 0xC2, 0xD5, 0x3C, 0x00, 0x33, 0x63, 0x03, 0x00, 0x29, 0x5A, 0x00, 0x00, 0x29, 0x5A, 0x00,
    0x00, 0x26, 0x55, 0x00, 0x00, 0x61, 0x00, 0x00, 0x00, 0x99, 0x00, 0x00, 0x00, 0x99, 0x00, 0x00,
    0x00, 0x99, 0x00, 0x00, 0xFB, 0xFF, 0xAA, 0x61, 0x73, 0xAB, 0x0B, 0x04, 0x00, 0x99, 0x00, 0x00,
    0x00, 0x99, 0x00, 0x00, 0x00, 0x91, 0x00, 0x00, 0x00, 0x61, 0x00, 0x00, 0x00, 0x99, 0x00, 0x00,
    0x00, 0x99, 0x00, 0x00, 0x00, 0x99, 0x00, 0x00, 0xAD, 0xF6, 0xF2, 0x94, 0x0B, 0xC2, 0x70, 0x36,
    0x00, 0x99, 0x00, 0x00, 0x00, 0x99, 0x00, 0x00, 0x00, 0x91, 0x00, 0x00, 0x00, 0x15, 0x30, 0x00,
    0x00, 0x29, 0x5A, 0x00, 0x00, 0x29, 0x5A, 0x00, 0x00, 0x29, 0x5A, 0x00, 0x11, 0xFF, 0xFF, 0x5B,
    0x06, 0x94, 0x9F, 0x21, 0x00, 0x29, 0x5A, 0x00, 0x00, 0x29, 0x5A, 0x00, 0x00, 0x26, 0x55, 0x00,
    0x22, 0xAB, 0x00, 0x00, 0x35, 0xEA, 0x00, 0x00, 0x35, 0xEA, 0x00, 0x00, 0x35, 0xEA, 0x00, 0x00,
    0xBF, 0xF9, 0xB5, 0x72, 0x00, 0x99, 0x00, 0x00, 0x00, 0x99, 0x00, 0x00, 0x00, 0x99, 0x00, 0x00,
    0x00, 0x94, 0x00, 0x00, 0x00, 0x7B, 0x00, 0x00, 0x00, 0x99, 0x00, 0x00, 0x00, 0x99, 0x00, 0x00,
    0x00, 0x99, 0x00, 0x00, 0xB7, 0xF8, 0xB5, 0x72, 0x35, 0xEA, 0x00, 0x00, 0x35, 0xEA, 0x00, 0x00,
    0x35, 0xEA, 0x00, 0x00, 0x2A, 0xCF, 0x00, 0x00, 0x1B, 0xA1, 0x00, 0x00, 0x35, 0xEA, 0x00, 0x00,
    0x35, 0xEA, 0x00, 0x00, 0x35, 0xEA, 0x00, 0x00, 0xC7, 0xF9, 0xAB, 0x6C, 0x3E, 0xEB, 0x0B, 0x06,
    0x35, 0xEA, 0x00, 0x00, 0x35, 0xEA, 0x00, 0x00, 0x31, 0xE9, 0x00, 0x00, 0x22, 0xAB, 0x00, 0x00,
    0x35, 0xEA, 0x00, 0x00, 0x35, 0xEA, 0x00, 0x00, 0x35, 0xEA, 0x00, 0x00, 0xFF, 0xFF, 0xB5, 0x72,
    0x44, 0xB2, 0x00, 0x00, 0x00, 0x99, 0x00, 0x00, 0x00, 0x99, 0x00, 0x00, 0x00, 0x94, 0x00, 0x00,
    0x2A, 0xCF, 0x00, 0x00, 0x35, 0xEA, 0x00, 0x00, 0x35, 0xEA, 0x00, 0x00, 0x35, 0xEA, 0x2D, 0x18,
    0xC4, 0xFA, 0xF3, 0xA0, 0x02, 0x9F, 0x11, 0x09, 0x00, 0x99, 0x00, 0x00, 0x00, 0x99, 0x00, 0x00,
    0x00, 0x7B, 0x00, 0x00, 0x00, 0x7B, 0x00, 0x00, 0x00, 0x99, 0x00, 0x00, 0x00, 0x99, 0x00, 0x00,
    0x00, 0x99, 0x00, 0x00, 0xFF, 0xFF, 0xB5, 0x72, 0x6D, 0xF1, 0x00, 0x00, 0x35, 0xEA, 0x00, 0x00,
    0x35, 0xEA, 0x00, 0x00, 0x2A, 0xCF, 0x00, 0x00, 0x00, 0x7B, 0x00, 0x00, 0x00, 0x99, 0x00, 0x00,
    0x00, 0x99, 0x00, 0x00, 0x00, 0x99, 0x00, 0x00, 0xC4, 0xFA, 0xF3, 0xA0, 0x35, 0xEA, 0x3E, 0x21,
    0x35, 0xEA, 0x00, 0x00, 0x35, 0xEA, 0x00, 0x00, 0x2A, 0xCF, 0x00, 0x00, 0x22, 0xAB, 0x00, 0x00,
    0x35, 0xEA, 0x00, 0x00, 0x35, 0xEA, 0x00, 0x00, 0x35, 0xEA, 0x00, 0x00, 0xFF, 0xFF, 0xF3, 0xA0,
    0x44, 0xB9, 0x44, 0x24, 0x00, 0x99, 0x00, 0x00, 0x00, 0x99, 0x00, 0x00, 0x00, 0x94, 0x00, 0x00,
    0x00, 0x7B, 0x00, 0x00, 0x00, 0x99, 0x00, 0x00, 0x00, 0x99, 0x00, 0x00, 0x00, 0x99, 0x00, 0x00,
    0xFF, 0xFF, 0xF3, 0xA0, 0x6D, 0xF1, 0x44, 0x24, 0x35, 0xEA, 0x00, 0x00, 0x35, 0xEA, 0x00, 0x00,
    0x2A, 0xCF, 0x00, 0x00, 0x1B, 0xA1, 0x00, 0x00, 0x35, 0xEA, 0x00, 0x00, 0x35, 0xEA, 0x00, 0x00,
    0x35, 0xEA, 0x00, 0x00, 0xF6, 0xFF, 0xAB, 0x6C, 0x94, 0xF5, 0x0B, 0x06, 0x35, 0xEA, 0x00, 0x00,
    0x35, 0xEA, 0x00, 0x00, 0x31, 0xE9, 0x00, 0x00, 0x1B, 0xA1, 0x00, 0x00, 0x35, 0xEA, 0x00, 0x00,
    0x35, 0xEA, 0x00, 0x00, 0x35, 0xEA, 0x00, 0x00, 0xC7, 0xF9, 0xF4, 0xA5, 0x3E, 0xEB, 0x71, 0x3C,
    0x35, 0xEA, 0x00, 0x00, 0x35, 0xEA, 0x00, 0x00, 0x31, 0xE9, 0x00, 0x00, 0x1B, 0xA1, 0x00, 0x00,
    0x35, 0xEA, 0x00, 0x00, 0x35, 0xEA, 0x00, 0x00, 0x35, 0xEA, 0x00, 0x00, 0xF6, 0xFF, 0xF4, 0xA5,
    0x94, 0xF5, 0x71, 0x3C, 0x35, 0xEA, 0x00, 0x00, 0x35, 0xEA, 0x00, 0x00, 0x31, 0xE9, 0x00, 0x00,
    0xB0, 0x9C, 0xA7, 0x06, 0xFD, 0xDC, 0xE1, 0x0C, 0x3E, 0x32, 0x3F, 0x01, 0xBD, 0xAF, 0xAF, 0x00,
    0xB4, 0xAF, 0xAF, 0x09, 0x4B, 0xFD, 0x54, 0xFF, 0x54, 0xFF, 0x00, 0x00, 0x48, 0xF0, 0x54, 0xFF,
    0x54, 0xFF, 0x03, 0x0F, 0x03, 0x42, 0x42, 0x12, 0x08, 0x9C, 0x9C, 0x2B, 0x0B, 0xB9, 0xB9, 0x3D,
    0x6F, 0x6F, 0xAF, 0xAF, 0xAF, 0xAF, 0xAF, 0xAF, 0xAF, 0xAF, 0xAF, 0xAF, 0xAF, 0xAF, 0xAF, 0xAF,
    0xA6, 0xA6, 0x42, 0x1C, 0xAF, 0x46, 0xCB, 0x64, 0x2C, 0x00, 0x2C, 0x00, 0x2A, 0x00, 0xC9, 0xBE,
    0x3F, 0xAF, 0x00, 0x00, 0xAF, 0x00, 0x00, 0xAF, 0x00, 0x00, 0xA9, 0x00, 0x00, 0x3B, 0x42, 0x12,
    0xA9, 0x9C, 0x2B, 0xB8, 0xB9, 0x3D, 0xAF, 0x00, 0x00, 0xAF, 0x00, 0x00, 0xA1, 0x00, 0x00, 0x3A,
    0x42, 0x24, 0x8A, 0x9C, 0xAF, 0xA3, 0xB9, 0xAF, 0x00, 0x00, 0xAF, 0x00, 0x00, 0xAF, 0x00, 0x00,
    0xA9, 0x08, 0xA8, 0xCE, 0xC1, 0x00, 0x00, 0xAF, 0xAF, 0x00, 0x00, 0xAF, 0xAF, 0x00, 0x00, 0xAF,
    0xAF, 0x00, 0x00, 0xA9, 0xA9, 0x02, 0x3A, 0x41, 0x3C, 0x06, 0x8A, 0xA4, 0xDF, 0x08, 0xA4, 0xDC,
    0xAF, 0x00, 0x00, 0xAF, 0xAF, 0x00, 0x00, 0xAF, 0xAF, 0x00, 0x00, 0xA1, 0xA1, 0x1D, 0x00, 0x2C,
    0x00, 0x2C, 0x00, 0x63, 0x1C, 0xAF, 0x46, 0xB9, 0x64, 0x8D, 0x00, 0x00, 0xAF, 0x00, 0x00, 0xAF,
    0x00, 0x00, 0xAF, 0x00, 0x00, 0xDF, 0xBE, 0x3F, 0x8D, 0x00, 0x00, 0xAF, 0x00, 0x00, 0xAF, 0x00,
    0x00, 0xB2, 0x4E, 0x15, 0x78, 0x96, 0x2A, 0xB0, 0xB9, 0x3D, 0x00, 0x00, 0x75, 0x00, 0x00, 0xAF,
    0x00, 0x00, 0xAF, 0x3A, 0x42, 0xAF, 0x8A, 0x9C, 0xAF, 0xA3, 0xB9, 0x78, 0x00, 0x00, 0x8D, 0x8D,
    0x00, 0x00, 0xAF, 0xAF, 0x00, 0x00, 0xAF, 0xAF, 0x00, 0x00, 0xAF, 0xAF, 0x08, 0xA8, 0xEF, 0xE2,
    0x00, 0x00, 0x8D, 0x8D, 0x00, 0x00, 0xAF, 0xAF, 0x00, 0x00, 0xAF, 0xAF, 0x03, 0x45, 0xBE, 0xAF,
    0x06, 0x84, 0x82, 0xAF, 0x08, 0xA4, 0xB7, 0xAA, 0x1C, 0x00, 0x2C, 0x00, 0x2C, 0x00, 0x5E, 0x1B,
    0xB9, 0x4B, 0xCB, 0x64, 0x2C, 0x00, 0x2C, 0x00, 0x2A, 0x00, 0x6F, 0x00, 0x00, 0xAF, 0x00, 0x00,
    0xAF, 0x00, 0x00, 0xAF, 0x00, 0x00, 0xB8, 0xB4, 0x3C, 0xAF, 0x0C, 0x03, 0xAF, 0x00, 0x00, 0xAF,
    0x00, 0x00, 0xA6, 0x00, 0x00, 0x6F, 0x00, 0x00, 0xAF, 0x00, 0x00, 0xAF, 0x00, 0x00, 0xB1, 0x3C,
    0x10, 0x80, 0xA8, 0x2E, 0xB4, 0xB9, 0x3D, 0xAF, 0x00, 0x00, 0xAF, 0x00, 0x00, 0xA6, 0x00, 0x00,
    0x00, 0x00, 0x6F, 0x00, 0x00, 0xAF, 0x00, 0x00, 0xAF, 0x34, 0x3C, 0xAF, 0x94, 0xA8, 0xAF, 0xA3,
    0xB9, 0xAF, 0x00, 0x00, 0xAF, 0x00, 0x00, 0xAF, 0x00, 0x00, 0xA6, 0x00, 0x00, 0x6F, 0x6F, 0x00,
    0x00, 0xAF, 0xAF, 0x00, 0x00, 0xAF, 0xAF, 0x00, 0x00, 0xAF, 0xAF, 0x08, 0x9F, 0xDB, 0xAF, 0x00,
    0x0B, 0xB1, 0xAF, 0x00, 0x00, 0xAF, 0xAF, 0x00, 0x00, 0xAF, 0xAF, 0x00, 0x00, 0xA6, 0xA6, 0x00,
    0x00, 0x6F, 0x6F, 0x00, 0x00, 0xAF, 0xAF, 0x00, 0x00, 0xAF, 0xAF, 0x02, 0x35, 0xBA, 0xAF, 0x06,
    0x94, 0x8F, 0xAF, 0x08, 0xA4, 0xD7, 0xAF, 0x00, 0x00, 0xAF, 0xAF, 0x00, 0x00, 0xAF, 0xAF, 0x00,
    0x00, 0xA6, 0xA6, 0x03, 0x42, 0x42, 0x12, 0x08, 0x9C, 0x9C, 0x2B, 0x0B, 0xC7, 0xD8, 0x3D, 0x00,
    0x29, 0x5A, 0x00, 0x00, 0x29, 0x5A, 0x00, 0x00, 0x26, 0x53, 0x00, 0x0B, 0xC9, 0xC9, 0x3F, 0x00,
    0x6D, 0x6D, 0x00, 0x00, 0x6D, 0x6D, 0x00, 0x00, 0x6D, 0x6D, 0x00, 0x00, 0x6A, 0x6A, 0x00, 0x03,
    0x42, 0x42, 0x12, 0x08, 0x9C, 0x9C, 0x2B, 0x0B, 0xD3, 0xBB, 0x3D, 0x00, 0x6D, 0x6D, 0x00, 0x00,
    0x6D, 0x6D, 0x00, 0x00, 0x65, 0x65, 0x00, 0x00, 0x1B, 0x3C, 0x00, 0x00, 0x29, 0x5A, 0x00, 0x00,
    0x29, 0x5A, 0x00, 0x04, 0x6F, 0x81, 0x15, 0x08, 0x96, 0x96, 0x2A, 0x0B, 0xB9, 0xB9, 0x3D, 0x00,
    0x58, 0x58, 0x00, 0x00, 0x6D, 0x6D, 0x00, 0x00, 0x6D, 0x6D, 0x00, 0x00, 0x6D, 0x6D, 0x00, 0x0B,
    0xDE, 0xDE, 0x3F, 0x00, 0x58, 0x58, 0x00, 0x00, 0x6D, 0x6D, 0x00, 0x00, 0x6D, 0x6D, 0x00, 0x04,
    0x95, 0x8E, 0x15, 0x08, 0x85, 0x72, 0x2A, 0x0B, 0xB9, 0xB9, 0x3D, 0x00, 0x15, 0x30, 0x00, 0x00,
    0x29, 0x5A, 0x00, 0x00, 0x29, 0x5A, 0x00, 0x03, 0x5E, 0x88, 0x10, 0x09, 0xA9, 0xC0, 0x2E, 0x0B,
    0xC7, 0xD8, 0x3D, 0x00, 0x29, 0x5A, 0x00, 0x00, 0x29, 0x5A, 0x00, 0x00, 0x26, 0x55, 0x00, 0x00,
    0x45, 0x45, 0x00, 0x00, 0x6D, 0x6D, 0x00, 0x00, 0x6D, 0x6D, 0x00, 0x00, 0x6D, 0x6D, 0x00, 0x0B,
    0xE3, 0xE3, 0x3C, 0x00, 0x74, 0x74, 0x03, 0x00, 0x6D, 0x6D, 0x00, 0x00, 0x6D, 0x6D, 0x00, 0x00,
    0x68, 0x68, 0x00, 0x00, 0x58, 0x58, 0x00, 0x00, 0x6D, 0x6D, 0x00, 0x00, 0x6D, 0x6D, 0x00, 0x04,
    0x95, 0x8E, 0x15, 0x08, 0x85, 0x72, 0x2A, 0x0B, 0xD3, 0xBB, 0x3D, 0x00, 0x6D, 0x6D, 0x00, 0x00,
    0x6D, 0x6D, 0x00, 0x00, 0x65, 0x65, 0x00, 0xB2, 0x66, 0x2E, 0x00, 0x2C, 0x00, 0x2C, 0x00, 0x2A,
    0x00, 0xA8, 0xBB, 0x25, 0x00, 0x1C, 0xBD, 0x00, 0x00, 0xAF, 0x00, 0x00, 0xAF, 0x00, 0x00, 0xA9,
    0x00, 0x00, 0x8D, 0x00, 0x00, 0xAF, 0x00, 0x00, 0xAF, 0x00, 0x0D, 0xA3, 0xA8, 0xC8, 0x43, 0x23,
    0x00, 0x2C, 0x00, 0x2C, 0x00, 0x2C, 0x00, 0xBD, 0x66, 0x00, 0x00, 0x17, 0x55, 0x00, 0x00, 0x44,
    0x0F, 0x00, 0x00, 0x66, 0x00, 0x00, 0x00, 0x77, 0x00, 0x00, 0x26, 0x6B, 0x00, 0x00, 0x71, 0x0A,
    0x00, 0x00, 0x81, 0x00, 0x00, 0x00, 0x4E, 0x00, 0x00, 0x1D, 0x3A, 0x00, 0x00, 0x1D, 0x2A, 0x00,
    0x00, 0x00, 0x4A, 0x00, 0x00, 0x00, 0x7A, 0x00, 0x00, 0x00, 0x77, 0x03, 0x00, 0x00, 0x3A, 0x57,
    0x00, 0x00, 0x00, 0x78, 0x00, 0x00, 0x00, 0x6F, 0x00, 0x00, 0x00, 0x47, 0x04, 0x00, 0x00, 0x22,
    0x61, 0x1D, 0x1E, 0x0F, 0x48, 0x00, 0x48, 0x40, 0x1C, 0x00, 0x72, 0x5F, 0x00, 0x00, 0x76, 0x73,
    0x00, 0x00, 0x51, 0x6D, 0x00, 0x00, 0x68, 0x7A, 0x00, 0x00, 0x85, 0x73, 0x00, 0x00, 0x51, 0x48,
    0x00, 0x1D, 0x46, 0x2D, 0x64, 0x08, 0xA8, 0xA9, 0x18, 0xBA, 0xAF, 0xAF, 0xAF, 0x4E, 0xBA, 0x39,
    0x37, 0xAF, 0xAF, 0xAF, 0xA6, 0x0E, 0xE2, 0xE4, 0x28, 0x03, 0x40, 0x40, 0x07, 0x49, 0xF8, 0x54,
    0xFF, 0x54, 0xFF, 0x54, 0xFF, 0x1F, 0x7E, 0xFF, 0x60, 0x47, 0x12, 0x15, 0x58, 0x54, 0xFF, 0x54,
    0xFF, 0x54, 0xFF, 0x4F, 0xFF, 0x1E, 0xBE, 0xFF, 0x48, 0x00, 0x00, 0x44, 0x0D, 0x00, 0x6F, 0x00,
    0xAF, 0x00, 0xAF, 0x00, 0xAF, 0x15, 0xCA, 0x54, 0xFF, 0x54, 0xFF, 0x54, 0xFF, 0x4F, 0xFF, 0x15,
    0xFF, 0xCB, 0x3F, 0x04, 0x48, 0x08, 0x00, 0x49, 0xF8, 0x54, 0xFF, 0x54, 0xFF, 0x54, 0xFF, 0x1F,
    0xD5, 0x00, 0xAF, 0x00, 0xAF, 0x00, 0xAF, 0x00, 0x7C, 0xFF, 0xFF, 0xE8, 0x43, 0xFF, 0xFF, 0xE8,
    0x48, 0xFF, 0xFF, 0xE8, 0x48, 0xFF, 0xFF, 0xE8, 0x48, 0x53, 0x54, 0x4B, 0x0F, 0xBB, 0x96, 0x96,
    0xBC, 0x96, 0x00, 0x00, 0x96, 0x96, 0x00, 0x00, 0x96, 0x96, 0x00, 0x00, 0x96, 0x93, 0x96, 0x96,
    0x96, 0x1C, 0x67, 0x00, 0x00, 0x77, 0xF7, 0x00, 0x00, 0xB1, 0xFF, 0x66, 0x00, 0xE7, 0xFF, 0xDF,
    0x00, 0x63, 0x66, 0x5B, 0x0C, 0x75, 0x08, 0x00, 0x00, 0xFF, 0xD8, 0x37, 0x00, 0xFF, 0xFF, 0x92,
    0x06, 0xC9, 0x2E, 0x00, 0x00, 0x0A, 0x00, 0x00, 0x00, 0xF1, 0xFF, 0xE1, 0x0D, 0xC8, 0xFF, 0xA3,
    0x00, 0x9B, 0xFE, 0x12, 0x00, 0x42, 0xB1, 0x00, 0x00, 0x00, 0x0B, 0x00, 0x00, 0x00, 0x20, 0xA3,
    0x3D, 0x7B, 0xF5, 0xE8, 0x48, 0xD8, 0xFF, 0xE8, 0x48, 0x08, 0x90, 0xE8, 0x48, 0x00, 0x00, 0x0B,
    0x0F, 0x4C, 0xB5, 0x00, 0x00, 0xCD, 0xFF, 0x8D, 0x00, 0xEB, 0xFF, 0xE1, 0x0D, 0x83, 0xF9, 0x16,
    0x00, 0x03, 0x13, 0x00, 0x00, 0x49, 0xA3, 0x00, 0x00, 0x7D, 0x53, 0x93, 0x00, 0x5B, 0x11, 0xA0,
    0x0D, 0x69, 0xAE, 0x16, 0x00, 0x03, 0x13, 0x00, 0x00, 0x40, 0xAE, 0xAE, 0x48, 0xAF, 0x00, 0x00,
    0xAE, 0xA2, 0x00, 0x00, 0x9C, 0xA2, 0x37, 0x36, 0xA3, 0x01, 0x76, 0x78, 0x01, 0xB4, 0xFE, 0x66,
    0x00, 0xFF, 0xFF, 0xE3, 0x1C, 0xFF, 0xFF, 0xE6, 0x34, 0xDE, 0xFF, 0xB2, 0x00, 0x26, 0x4D, 0x00,
    0x00, 0x57, 0x66, 0x66, 0x6D, 0x60, 0x00, 0x00, 0x60, 0x60, 0x00, 0x00, 0x60, 0x82, 0x66, 0x66,
    0x99, 0x61, 0x66, 0x66, 0x78, 0x66, 0x00, 0x42, 0x6D, 0x66, 0x4F, 0x63, 0x66, 0x8D, 0xAF, 0x72,
    0xA3, 0x04, 0x11, 0x00, 0x00, 0x97, 0xCD, 0x6E, 0x00, 0x7D, 0x56, 0xC1, 0x07, 0x7E, 0x4D, 0xC0,
    0x07, 0x88, 0xCC, 0x59, 0x00, 0x00, 0x00, 0x00, 0x10, 0x00, 0x00, 0x93, 0x6D, 0x19, 0x3F, 0xA6,
    0x00, 0x8A, 0xE9, 0x09, 0x00, 0x04, 0x0F, 0x00, 0x00, 0x00, 0x00, 0x00, 0x12, 0x00, 0xAB, 0x99,
    0xA6, 0x00, 0x8B, 0xF5, 0x00, 0x12, 0xE3, 0xE2, 0x1F, 0xAE, 0x63, 0x22, 0x06, 0x01, 0x00, 0x00,
    0x00, 0x0A, 0x16, 0x00, 0x72, 0x93, 0xD7, 0xB0, 0xDC, 0x0D, 0xFF, 0xFF, 0x0D, 0x7F, 0xFF, 0xFF,
    0x49, 0xD0, 0x4E, 0xBB, 0x3F, 0x00, 0x00, 0x00, 0x00, 0x0C, 0x43, 0x00, 0x3C, 0xFF, 0x00, 0x3C,
    0xFF, 0x00, 0x7B, 0xFF, 0x1C, 0x01, 0x42, 0x00,
};
