// Auto-generated VLW font: hack_bolditalic_9
// Size: 21887 bytes (21.4 KB)
#pragma once
#include <pgmspace.h>

const uint8_t hack_bolditalic_9[] PROGMEM = {
    0x00, 0x00, 0x01, 0x65, 0x00, 0x00, 0x00, 0x06, 0x00, 0x00, 0x00, 0x09, 0x00, 0x00, 0x00, 0x00,
    0x00, 0x00, 0x00, 0x09, 0x00, 0x00, 0x00, 0x03, 0x00, 0x00, 0x00, 0x20, 0x00, 0x00, 0x00, 0x00,
    0x00, 0x00, 0x00, 0x00, 0x00, 0x00, 0x00, 0x05, 0x00, 0x00, 0x00, 0x00, 0x00, 0x00, 0x00, 0x00,
    0x00, 0x00, 0x00, 0x00, 0x00, 0x00, 0x00, 0x21, 0x00, 0x00, 0x00, 0x07, 0x00, 0x00, 0x00, 0x03,
    0x00, 0x00, 0x00, 0x05, 0x00, 0x00, 0x00, 0x07, 0x00, 0x00, 0x00, 0x02, 0x00, 0x00, 0x00, 0x00,
    0x00, 0x00, 0x00, 0x22, 0x00, 0x00, 0x00, 0x03, 0x00, 0x00, 0x00, 0x04, 0x00, 0x00, 0x00, 0x05,
    0x00, 0x00, 0x00, 0x07, 0x00, 0x00, 0x00, 0x01, 0x00, 0x00, 0x00, 0x00, 0x00, 0x00, 0x00, 0x23,
    0x00, 0x00, 0x00, 0x07, 0x00, 0x00, 0x00, 0x05, 0x00, 0x00, 0x00, 0x05, 0x00, 0x00, 0x00, 0x07,
    0x00, 0x00, 0x00, 0x00, 0x00, 0x00, 0x00, 0x00, 0x00, 0x00, 0x00, 0x24, 0x00, 0x00, 0x00, 0x08,
    0x00, 0x00, 0x00, 0x05, 0x00, 0x00, 0x00, 0x05, 0x00, 0x00, 0x00, 0x07, 0x00, 0x00, 0x00, 0x00,
    0x00, 0x00, 0x00, 0x00, 0x00, 0x00, 0x00, 0x25, 0x00, 0x00, 0x00, 0x06, 0x00, 0x00, 0x00, 0x05,
    0x00, 0x00, 0x00, 0x05, 0x00, 0x00, 0x00, 0x06, 0x00, 0x00, 0x00, 0x00, 0x00, 0x00, 0x00, 0x00,
    0x00, 0x00, 0x00, 0x26, 0x00, 0x00, 0x00, 0x07, 0x00, 0x00, 0x00, 0x05, 0x00, 0x00, 0x00, 0x05,
    0x00, 0x00, 0x00, 0x07, 0x00, 0x00, 0x00, 0x00, 0x00, 0x00, 0x00, 0x00, 0x00, 0x00, 0x00, 0x27,
    0x00, 0x00, 0x00, 0x03, 0x00, 0x00, 0x00, 0x02, 0x00, 0x00, 0x00, 0x05, 0x00, 0x00, 0x00, 0x07,
    0x00, 0x00, 0x00, 0x02, 0x00, 0x00, 0x00, 0x00, 0x00, 0x00, 0x00, 0x28, 0x00, 0x00, 0x00, 0x08,
    0x00, 0x00, 0x00, 0x04, 0x00, 0x00, 0x00, 0x05, 0x00, 0x00, 0x00, 0x07, 0x00, 0x00, 0x00, 0x01,
    0x00, 0x00, 0x00, 0x00, 0x00, 0x00, 0x00, 0x29, 0x00, 0x00, 0x00, 0x08, 0x00, 0x00, 0x00, 0x04,
    0x00, 0x00, 0x00, 0x05, 0x00, 0x00, 0x00, 0x07, 0x00, 0x00, 0x00, 0x01, 0x00, 0x00, 0x00, 0x00,
    0x00, 0x00, 0x00, 0x2A, 0x00, 0x00, 0x00, 0x05, 0x00, 0x00, 0x00, 0x05, 0x00, 0x00, 0x00, 0x05,
    0x00, 0x00, 0x00, 0x06, 0x00, 0x00, 0x00, 0x00, 0x00, 0x00, 0x00, 0x00, 0x00, 0x00, 0x00, 0x2B,
    0x00, 0x00, 0x00, 0x05, 0x00, 0x00, 0x00, 0x05, 0x00, 0x00, 0x00, 0x05, 0x00, 0x00, 0x00, 0x05,
    0x00, 0x00, 0x00, 0x00, 0x00, 0x00, 0x00, 0x00, 0x00, 0x00, 0x00, 0x2C, 0x00, 0x00, 0x00, 0x04,
    0x00, 0x00, 0x00, 0x03, 0x00, 0x00, 0x00, 0x05, 0x00, 0x00, 0x00, 0x02, 0x00, 0x00, 0x00, 0x01,
    0x00, 0x00, 0x00, 0x00, 0x00, 0x00, 0x00, 0x2D, 0x00, 0x00, 0x00, 0x03, 0x00, 0x00, 0x00, 0x05,
    0x00, 0x00, 0x00, 0x05, 0x00, 0x00, 0x00, 0x04, 0x00, 0x00, 0x00, 0x00, 0x00, 0x00, 0x00, 0x00,
    0x00, 0x00, 0x00, 0x2E, 0x00, 0x00, 0x00, 0x02, 0x00, 0x00, 0x00, 0x03, 0x00, 0x00, 0x00, 0x05,
    0x00, 0x00, 0x00, 0x02, 0x00, 0x00, 0x00, 0x01, 0x00, 0x00, 0x00, 0x00, 0x00, 0x00, 0x00, 0x2F,
    0x00, 0x00, 0x00, 0x08, 0x00, 0x00, 0x00, 0x05, 0x00, 0x00, 0x00, 0x05, 0x00, 0x00, 0x00, 0x07,
    0x00, 0x00, 0x00, 0x00, 0x00, 0x00, 0x00, 0x00, 0x00, 0x00, 0x00, 0x30, 0x00, 0x00, 0x00, 0x07,
    0x00, 0x00, 0x00, 0x05, 0x00, 0x00, 0x00, 0x05, 0x00, 0x00, 0x00, 0x07, 0x00, 0x00, 0x00, 0x00,
    0x00, 0x00, 0x00, 0x00, 0x00, 0x00, 0x00, 0x31, 0x00, 0x00, 0x00, 0x07, 0x00, 0x00, 0x00, 0x05,
    0x00, 0x00, 0x00, 0x05, 0x00, 0x00, 0x00, 0x07, 0x00, 0x00, 0x00, 0x00, 0x00, 0x00, 0x00, 0x00,
    0x00, 0x00, 0x00, 0x32, 0x00, 0x00, 0x00, 0x07, 0x00, 0x00, 0x00, 0x05, 0x00, 0x00, 0x00, 0x05,
    0x00, 0x00, 0x00, 0x07, 0x00, 0x00, 0x00, 0x00, 0x00, 0x00, 0x00, 0x00, 0x00, 0x00, 0x00, 0x33,
    0x00, 0x00, 0x00, 0x07, 0x00, 0x00, 0x00, 0x05, 0x00, 0x00, 0x00, 0x05, 0x00, 0x00, 0x00, 0x07,
    0x00, 0x00, 0x00, 0x00, 0x00, 0x00, 0x00, 0x00, 0x00, 0x00, 0x00, 0x34, 0x00, 0x00, 0x00, 0x07,
    0x00, 0x00, 0x00, 0x05, 0x00, 0x00, 0x00, 0x05, 0x00, 0x00, 0x00, 0x07, 0x00, 0x00, 0x00, 0x00,
    0x00, 0x00, 0x00, 0x00, 0x00, 0x00, 0x00, 0x35, 0x00, 0x00, 0x00, 0x07, 0x00, 0x00, 0x00, 0x05,
    0x00, 0x00, 0x00, 0x05, 0x00, 0x00, 0x00, 0x07, 0x00, 0x00, 0x00, 0x00, 0x00, 0x00, 0x00, 0x00,
    0x00, 0x00, 0x00, 0x36, 0x00, 0x00, 0x00, 0x07, 0x00, 0x00, 0x00, 0x05, 0x00, 0x00, 0x00, 0x05,
    0x00, 0x00, 0x00, 0x07, 0x00, 0x00, 0x00, 0x00, 0x00, 0x00, 0x00, 0x00, 0x00, 0x00, 0x00, 0x37,
    0x00, 0x00, 0x00, 0x07, 0x00, 0x00, 0x00, 0x05, 0x00, 0x00, 0x00, 0x05, 0x00, 0x00, 0x00, 0x07,
    0x00, 0x00, 0x00, 0x00, 0x00, 0x00, 0x00, 0x00, 0x00, 0x00, 0x00, 0x38, 0x00, 0x00, 0x00, 0x07,
    0x00, 0x00, 0x00, 0x05, 0x00, 0x00, 0x00, 0x05, 0x00, 0x00, 0x00, 0x07, 0x00, 0x00, 0x00, 0x00,
    0x00, 0x00, 0x00, 0x00, 0x00, 0x00, 0x00, 0x39, 0x00, 0x00, 0x00, 0x07, 0x00, 0x00, 0x00, 0x05,
    0x00, 0x00, 0x00, 0x05, 0x00, 0x00, 0x00, 0x07, 0x00, 0x00, 0x00, 0x00, 0x00, 0x00, 0x00, 0x00,
    0x00, 0x00, 0x00, 0x3A, 0x00, 0x00, 0x00, 0x05, 0x00, 0x00, 0x00, 0x03, 0x00, 0x00, 0x00, 0x05,
    0x00, 0x00, 0x00, 0x05, 0x00, 0x00, 0x00, 0x02, 0x00, 0x00, 0x00, 0x00, 0x00, 0x00, 0x00, 0x3B,
    0x00, 0x00, 0x00, 0x07, 0x00, 0x00, 0x00, 0x04, 0x00, 0x00, 0x00, 0x05, 0x00, 0x00, 0x00, 0x05,
    0x00, 0x00, 0x00, 0x01, 0x00, 0x00, 0x00, 0x00, 0x00, 0x00, 0x00, 0x3C, 0x00, 0x00, 0x00, 0x06,
    0x00, 0x00, 0x00, 0x05, 0x00, 0x00, 0x00, 0x05, 0x00, 0x00, 0x00, 0x06, 0x00, 0x00, 0x00, 0x00,
    0x00, 0x00, 0x00, 0x00, 0x00, 0x00, 0x00, 0x3D, 0x00, 0x00, 0x00, 0x04, 0x00, 0x00, 0x00, 0x05,
    0x00, 0x00, 0x00, 0x05, 0x00, 0x00, 0x00, 0x04, 0x00, 0x00, 0x00, 0x00, 0x00, 0x00, 0x00, 0x00,
    0x00, 0x00, 0x00, 0x3E, 0x00, 0x00, 0x00, 0x06, 0x00, 0x00, 0x00, 0x05, 0x00, 0x00, 0x00, 0x05,
    0x00, 0x00, 0x00, 0x06, 0x00, 0x00, 0x00, 0x00, 0x00, 0x00, 0x00, 0x00, 0x00, 0x00, 0x00, 0x3F,
    0x00, 0x00, 0x00, 0x07, 0x00, 0x00, 0x00, 0x04, 0x00, 0x00, 0x00, 0x05, 0x00, 0x00, 0x00, 0x07,
    0x00, 0x00, 0x00, 0x01, 0x00, 0x00, 0x00, 0x00, 0x00, 0x00, 0x00, 0x40, 0x00, 0x00, 0x00, 0x08,
    0x00, 0x00, 0x00, 0x05, 0x00, 0x00, 0x00, 0x05, 0x00, 0x00, 0x00, 0x07, 0x00, 0x00, 0x00, 0x00,
    0x00, 0x00, 0x00, 0x00, 0x00, 0x00, 0x00, 0x41, 0x00, 0x00, 0x00, 0x07, 0x00, 0x00, 0x00, 0x05,
    0x00, 0x00, 0x00, 0x05, 0x00, 0x00, 0x00, 0x07, 0x00, 0x00, 0x00, 0x00, 0x00, 0x00, 0x00, 0x00,
    0x00, 0x00, 0x00, 0x42, 0x00, 0x00, 0x00, 0x07, 0x00, 0x00, 0x00, 0x05, 0x00, 0x00, 0x00, 0x05,
    0x00, 0x00, 0x00, 0x07, 0x00, 0x00, 0x00, 0x00, 0x00, 0x00, 0x00, 0x00, 0x00, 0x00, 0x00, 0x43,
    0x00, 0x00, 0x00, 0x07, 0x00, 0x00, 0x00, 0x05, 0x00, 0x00, 0x00, 0x05, 0x00, 0x00, 0x00, 0x07,
    0x00, 0x00, 0x00, 0x00, 0x00, 0x00, 0x00, 0x00, 0x00, 0x00, 0x00, 0x44, 0x00, 0x00, 0x00, 0x07,
    0x00, 0x00, 0x00, 0x05, 0x00, 0x00, 0x00, 0x05, 0x00, 0x00, 0x00, 0x07, 0x00, 0x00, 0x00, 0x00,
    0x00, 0x00, 0x00, 0x00, 0x00, 0x00, 0x00, 0x45, 0x00, 0x00, 0x00, 0x07, 0x00, 0x00, 0x00, 0x05,
    0x00, 0x00, 0x00, 0x05, 0x00, 0x00, 0x00, 0x07, 0x00, 0x00, 0x00, 0x00, 0x00, 0x00, 0x00, 0x00,
    0x00, 0x00, 0x00, 0x46, 0x00, 0x00, 0x00, 0x07, 0x00, 0x00, 0x00, 0x05, 0x00, 0x00, 0x00, 0x05,
    0x00, 0x00, 0x00, 0x07, 0x00, 0x00, 0x00, 0x00, 0x00, 0x00, 0x00, 0x00, 0x00, 0x00, 0x00, 0x47,
    0x00, 0x00, 0x00, 0x07, 0x00, 0x00, 0x00, 0x05, 0x00, 0x00, 0x00, 0x05, 0x00, 0x00, 0x00, 0x07,
    0x00, 0x00, 0x00, 0x00, 0x00, 0x00, 0x00, 0x00, 0x00, 0x00, 0x00, 0x48, 0x00, 0x00, 0x00, 0x07,
    0x00, 0x00, 0x00, 0x05, 0x00, 0x00, 0x00, 0x05, 0x00, 0x00, 0x00, 0x07, 0x00, 0x00, 0x00, 0x00,
    0x00, 0x00, 0x00, 0x00, 0x00, 0x00, 0x00, 0x49, 0x00, 0x00, 0x00, 0x07, 0x00, 0x00, 0x00, 0x05,
    0x00, 0x00, 0x00, 0x05, 0x00, 0x00, 0x00, 0x07, 0x00, 0x00, 0x00, 0x00, 0x00, 0x00, 0x00, 0x00,
    0x00, 0x00, 0x00, 0x4A, 0x00, 0x00, 0x00, 0x07, 0x00, 0x00, 0x00, 0x05, 0x00, 0x00, 0x00, 0x05,
    0x00, 0x00, 0x00, 0x07, 0x00, 0x00, 0x00, 0x00, 0x00, 0x00, 0x00, 0x00, 0x00, 0x00, 0x00, 0x4B,
    0x00, 0x00, 0x00, 0x07, 0x00, 0x00, 0x00, 0x05, 0x00, 0x00, 0x00, 0x05, 0x00, 0x00, 0x00, 0x07,
    0x00, 0x00, 0x00, 0x00, 0x00, 0x00, 0x00, 0x00, 0x00, 0x00, 0x00, 0x4C, 0x00, 0x00, 0x00, 0x07,
    0x00, 0x00, 0x00, 0x05, 0x00, 0x00, 0x00, 0x05, 0x00, 0x00, 0x00, 0x07, 0x00, 0x00, 0x00, 0x00,
    0x00, 0x00, 0x00, 0x00, 0x00, 0x00, 0x00, 0x4D, 0x00, 0x00, 0x00, 0x07, 0x00, 0x00, 0x00, 0x05,
    0x00, 0x00, 0x00, 0x05, 0x00, 0x00, 0x00, 0x07, 0x00, 0x00, 0x00, 0x00, 0x00, 0x00, 0x00, 0x00,
    0x00, 0x00, 0x00, 0x4E, 0x00, 0x00, 0x00, 0x07, 0x00, 0x00, 0x00, 0x05, 0x00, 0x00, 0x00, 0x05,
    0x00, 0x00, 0x00, 0x07, 0x00, 0x00, 0x00, 0x00, 0x00, 0x00, 0x00, 0x00, 0x00, 0x00, 0x00, 0x4F,
    0x00, 0x00, 0x00, 0x07, 0x00, 0x00, 0x00, 0x05, 0x00, 0x00, 0x00, 0x05, 0x00, 0x00, 0x00, 0x07,
    0x00, 0x00, 0x00, 0x00, 0x00, 0x00, 0x00, 0x00, 0x00, 0x00, 0x00, 0x50, 0x00, 0x00, 0x00, 0x07,
    0x00, 0x00, 0x00, 0x05, 0x00, 0x00, 0x00, 0x05, 0x00, 0x00, 0x00, 0x07, 0x00, 0x00, 0x00, 0x00,
    0x00, 0x00, 0x00, 0x00, 0x00, 0x00, 0x00, 0x51, 0x00, 0x00, 0x00, 0x09, 0x00, 0x00, 0x00, 0x05,
    0x00, 0x00, 0x00, 0x05, 0x00, 0x00, 0x00, 0x07, 0x00, 0x00, 0x00, 0x00, 0x00, 0x00, 0x00, 0x00,
    0x00, 0x00, 0x00, 0x52, 0x00, 0x00, 0x00, 0x07, 0x00, 0x00, 0x00, 0x05, 0x00, 0x00, 0x00, 0x05,
    0x00, 0x00, 0x00, 0x07, 0x00, 0x00, 0x00, 0x00, 0x00, 0x00, 0x00, 0x00, 0x00, 0x00, 0x00, 0x53,
    0x00, 0x00, 0x00, 0x07, 0x00, 0x00, 0x00, 0x05, 0x00, 0x00, 0x00, 0x05, 0x00, 0x00, 0x00, 0x07,
    0x00, 0x00, 0x00, 0x00, 0x00, 0x00, 0x00, 0x00, 0x00, 0x00, 0x00, 0x54, 0x00, 0x00, 0x00, 0x07,
    0x00, 0x00, 0x00, 0x05, 0x00, 0x00, 0x00, 0x05, 0x00, 0x00, 0x00, 0x07, 0x00, 0x00, 0x00, 0x00,
    0x00, 0x00, 0x00, 0x00, 0x00, 0x00, 0x00, 0x55, 0x00, 0x00, 0x00, 0x07, 0x00, 0x00, 0x00, 0x05,
    0x00, 0x00, 0x00, 0x05, 0x00, 0x00, 0x00, 0x07, 0x00, 0x00, 0x00, 0x00, 0x00, 0x00, 0x00, 0x00,
    0x00, 0x00, 0x00, 0x56, 0x00, 0x00, 0x00, 0x07, 0x00, 0x00, 0x00, 0x05, 0x00, 0x00, 0x00, 0x05,
    0x00, 0x00, 0x00, 0x07, 0x00, 0x00, 0x00, 0x00, 0x00, 0x00, 0x00, 0x00, 0x00, 0x00, 0x00, 0x57,
    0x00, 0x00, 0x00, 0x07, 0x00, 0x00, 0x00, 0x05, 0x00, 0x00, 0x00, 0x05, 0x00, 0x00, 0x00, 0x07,
    0x00, 0x00, 0x00, 0x00, 0x00, 0x00, 0x00, 0x00, 0x00, 0x00, 0x00, 0x58, 0x00, 0x00, 0x00, 0x07,
    0x00, 0x00, 0x00, 0x05, 0x00, 0x00, 0x00, 0x05, 0x00, 0x00, 0x00, 0x07, 0x00, 0x00, 0x00, 0x00,
    0x00, 0x00, 0x00, 0x00, 0x00, 0x00, 0x00, 0x59, 0x00, 0x00, 0x00, 0x07, 0x00, 0x00, 0x00, 0x05,
    0x00, 0x00, 0x00, 0x05, 0x00, 0x00, 0x00, 0x07, 0x00, 0x00, 0x00, 0x00, 0x00, 0x00, 0x00, 0x00,
    0x00, 0x00, 0x00, 0x5A, 0x00, 0x00, 0x00, 0x07, 0x00, 0x00, 0x00, 0x05, 0x00, 0x00, 0x00, 0x05,
    0x00, 0x00, 0x00, 0x07, 0x00, 0x00, 0x00, 0x00, 0x00, 0x00, 0x00, 0x00, 0x00, 0x00, 0x00, 0x5B,
    0x00, 0x00, 0x00, 0x09, 0x00, 0x00, 0x00, 0x04, 0x00, 0x00, 0x00, 0x05, 0x00, 0x00, 0x00, 0x08,
    0x00, 0x00, 0x00, 0x01, 0x00, 0x00, 0x00, 0x00, 0x00, 0x00, 0x00, 0x5C, 0x00, 0x00, 0x00, 0x08,
    0x00, 0x00, 0x00, 0x05, 0x00, 0x00, 0x00, 0x05, 0x00, 0x00, 0x00, 0x07, 0x00, 0x00, 0x00, 0x00,
    0x00, 0x00, 0x00, 0x00, 0x00, 0x00, 0x00, 0x5D, 0x00, 0x00, 0x00, 0x09, 0x00, 0x00, 0x00, 0x04,
    0x00, 0x00, 0x00, 0x05, 0x00, 0x00, 0x00, 0x08, 0x00, 0x00, 0x00, 0x01, 0x00, 0x00, 0x00, 0x00,
    0x00, 0x00, 0x00, 0x5E, 0x00, 0x00, 0x00, 0x03, 0x00, 0x00, 0x00, 0x05, 0x00, 0x00, 0x00, 0x05,
    0x00, 0x00, 0x00, 0x07, 0x00, 0x00, 0x00, 0x00, 0x00, 0x00, 0x00, 0x00, 0x00, 0x00, 0x00, 0x5F,
    0x00, 0x00, 0x00, 0x01, 0x00, 0x00, 0x00, 0x05, 0x00, 0x00, 0x00, 0x05, 0xFF, 0xFF, 0xFF, 0xFF,
    0x00, 0x00, 0x00, 0x00, 0x00, 0x00, 0x00, 0x00, 0x00, 0x00, 0x00, 0x60, 0x00, 0x00, 0x00, 0x02,
    0x00, 0x00, 0x00, 0x03, 0x00, 0x00, 0x00, 0x05, 0x00, 0x00, 0x00, 0x08, 0x00, 0x00, 0x00, 0x01,
    0x00, 0x00, 0x00, 0x00, 0x00, 0x00, 0x00, 0x61, 0x00, 0x00, 0x00, 0x05, 0x00, 0x00, 0x00, 0x05,
    0x00, 0x00, 0x00, 0x05, 0x00, 0x00, 0x00, 0x05, 0x00, 0x00, 0x00, 0x00, 0x00, 0x00, 0x00, 0x00,
    0x00, 0x00, 0x00, 0x62, 0x00, 0x00, 0x00, 0x07, 0x00, 0x00, 0x00, 0x05, 0x00, 0x00, 0x00, 0x05,
    0x00, 0x00, 0x00, 0x07, 0x00, 0x00, 0x00, 0x00, 0x00, 0x00, 0x00, 0x00, 0x00, 0x00, 0x00, 0x63,
    0x00, 0x00, 0x00, 0x05, 0x00, 0x00, 0x00, 0x05, 0x00, 0x00, 0x00, 0x05, 0x00, 0x00, 0x00, 0x05,
    0x00, 0x00, 0x00, 0x00, 0x00, 0x00, 0x00, 0x00, 0x00, 0x00, 0x00, 0x64, 0x00, 0x00, 0x00, 0x07,
    0x00, 0x00, 0x00, 0x05, 0x00, 0x00, 0x00, 0x05, 0x00, 0x00, 0x00, 0x07, 0x00, 0x00, 0x00, 0x00,
    0x00, 0x00, 0x00, 0x00, 0x00, 0x00, 0x00, 0x65, 0x00, 0x00, 0x00, 0x05, 0x00, 0x00, 0x00, 0x05,
    0x00, 0x00, 0x00, 0x05, 0x00, 0x00, 0x00, 0x05, 0x00, 0x00, 0x00, 0x00, 0x00, 0x00, 0x00, 0x00,
    0x00, 0x00, 0x00, 0x66, 0x00, 0x00, 0x00, 0x07, 0x00, 0x00, 0x00, 0x05, 0x00, 0x00, 0x00, 0x05,
    0x00, 0x00, 0x00, 0x07, 0x00, 0x00, 0x00, 0x00, 0x00, 0x00, 0x00, 0x00, 0x00, 0x00, 0x00, 0x67,
    0x00, 0x00, 0x00, 0x07, 0x00, 0x00, 0x00, 0x05, 0x00, 0x00, 0x00, 0x05, 0x00, 0x00, 0x00, 0x05,
    0x00, 0x00, 0x00, 0x00, 0x00, 0x00, 0x00, 0x00, 0x00, 0x00, 0x00, 0x68, 0x00, 0x00, 0x00, 0x07,
    0x00, 0x00, 0x00, 0x05, 0x00, 0x00, 0x00, 0x05, 0x00, 0x00, 0x00, 0x07, 0x00, 0x00, 0x00, 0x00,
    0x00, 0x00, 0x00, 0x00, 0x00, 0x00, 0x00, 0x69, 0x00, 0x00, 0x00, 0x08, 0x00, 0x00, 0x00, 0x04,
    0x00, 0x00, 0x00, 0x05, 0x00, 0x00, 0x00, 0x08, 0x00, 0x00, 0x00, 0x01, 0x00, 0x00, 0x00, 0x00,
    0x00, 0x00, 0x00, 0x6A, 0x00, 0x00, 0x00, 0x0A, 0x00, 0x00, 0x00, 0x05, 0x00, 0x00, 0x00, 0x05,
    0x00, 0x00, 0x00, 0x08, 0x00, 0x00, 0x00, 0x00, 0x00, 0x00, 0x00, 0x00, 0x00, 0x00, 0x00, 0x6B,
    0x00, 0x00, 0x00, 0x07, 0x00, 0x00, 0x00, 0x05, 0x00, 0x00, 0x00, 0x05, 0x00, 0x00, 0x00, 0x07,
    0x00, 0x00, 0x00, 0x00, 0x00, 0x00, 0x00, 0x00, 0x00, 0x00, 0x00, 0x6C, 0x00, 0x00, 0x00, 0x07,
    0x00, 0x00, 0x00, 0x04, 0x00, 0x00, 0x00, 0x05, 0x00, 0x00, 0x00, 0x07, 0x00, 0x00, 0x00, 0x01,
    0x00, 0x00, 0x00, 0x00, 0x00, 0x00, 0x00, 0x6D, 0x00, 0x00, 0x00, 0x05, 0x00, 0x00, 0x00, 0x05,
    0x00, 0x00, 0x00, 0x05, 0x00, 0x00, 0x00, 0x05, 0x00, 0x00, 0x00, 0x00, 0x00, 0x00, 0x00, 0x00,
    0x00, 0x00, 0x00, 0x6E, 0x00, 0x00, 0x00, 0x05, 0x00, 0x00, 0x00, 0x05, 0x00, 0x00, 0x00, 0x05,
    0x00, 0x00, 0x00, 0x05, 0x00, 0x00, 0x00, 0x00, 0x00, 0x00, 0x00, 0x00, 0x00, 0x00, 0x00, 0x6F,
    0x00, 0x00, 0x00, 0x05, 0x00, 0x00, 0x00, 0x05, 0x00, 0x00, 0x00, 0x05, 0x00, 0x00, 0x00, 0x05,
    0x00, 0x00, 0x00, 0x00, 0x00, 0x00, 0x00, 0x00, 0x00, 0x00, 0x00, 0x70, 0x00, 0x00, 0x00, 0x07,
    0x00, 0x00, 0x00, 0x05, 0x00, 0x00, 0x00, 0x05, 0x00, 0x00, 0x00, 0x05, 0x00, 0x00, 0x00, 0x00,
    0x00, 0x00, 0x00, 0x00, 0x00, 0x00, 0x00, 0x71, 0x00, 0x00, 0x00, 0x07, 0x00, 0x00, 0x00, 0x05,
    0x00, 0x00, 0x00, 0x05, 0x00, 0x00, 0x00, 0x05, 0x00, 0x00, 0x00, 0x00, 0x00, 0x00, 0x00, 0x00,
    0x00, 0x00, 0x00, 0x72, 0x00, 0x00, 0x00, 0x05, 0x00, 0x00, 0x00, 0x05, 0x00, 0x00, 0x00, 0x05,
    0x00, 0x00, 0x00, 0x05, 0x00, 0x00, 0x00, 0x00, 0x00, 0x00, 0x00, 0x00, 0x00, 0x00, 0x00, 0x73,
    0x00, 0x00, 0x00, 0x05, 0x00, 0x00, 0x00, 0x05, 0x00, 0x00, 0x00, 0x05, 0x00, 0x00, 0x00, 0x05,
    0x00, 0x00, 0x00, 0x00, 0x00, 0x00, 0x00, 0x00, 0x00, 0x00, 0x00, 0x74, 0x00, 0x00, 0x00, 0x07,
    0x00, 0x00, 0x00, 0x05, 0x00, 0x00, 0x00, 0x05, 0x00, 0x00, 0x00, 0x07, 0x00, 0x00, 0x00, 0x00,
    0x00, 0x00, 0x00, 0x00, 0x00, 0x00, 0x00, 0x75, 0x00, 0x00, 0x00, 0x05, 0x00, 0x00, 0x00, 0x05,
    0x00, 0x00, 0x00, 0x05, 0x00, 0x00, 0x00, 0x05, 0x00, 0x00, 0x00, 0x00, 0x00, 0x00, 0x00, 0x00,
    0x00, 0x00, 0x00, 0x76, 0x00, 0x00, 0x00, 0x05, 0x00, 0x00, 0x00, 0x05, 0x00, 0x00, 0x00, 0x05,
    0x00, 0x00, 0x00, 0x05, 0x00, 0x00, 0x00, 0x00, 0x00, 0x00, 0x00, 0x00, 0x00, 0x00, 0x00, 0x77,
    0x00, 0x00, 0x00, 0x05, 0x00, 0x00, 0x00, 0x05, 0x00, 0x00, 0x00, 0x05, 0x00, 0x00, 0x00, 0x05,
    0x00, 0x00, 0x00, 0x00, 0x00, 0x00, 0x00, 0x00, 0x00, 0x00, 0x00, 0x78, 0x00, 0x00, 0x00, 0x05,
    0x00, 0x00, 0x00, 0x05, 0x00, 0x00, 0x00, 0x05, 0x00, 0x00, 0x00, 0x05, 0x00, 0x00, 0x00, 0x00,
    0x00, 0x00, 0x00, 0x00, 0x00, 0x00, 0x00, 0x79, 0x00, 0x00, 0x00, 0x07, 0x00, 0x00, 0x00, 0x05,
    0x00, 0x00, 0x00, 0x05, 0x00, 0x00, 0x00, 0x05, 0x00, 0x00, 0x00, 0x00, 0x00, 0x00, 0x00, 0x00,
    0x00, 0x00, 0x00, 0x7A, 0x00, 0x00, 0x00, 0x05, 0x00, 0x00, 0x00, 0x05, 0x00, 0x00, 0x00, 0x05,
    0x00, 0x00, 0x00, 0x05, 0x00, 0x00, 0x00, 0x00, 0x00, 0x00, 0x00, 0x00, 0x00, 0x00, 0x00, 0x7B,
    0x00, 0x00, 0x00, 0x08, 0x00, 0x00, 0x00, 0x05, 0x00, 0x00, 0x00, 0x05, 0x00, 0x00, 0x00, 0x07,
    0x00, 0x00, 0x00, 0x00, 0x00, 0x00, 0x00, 0x00, 0x00, 0x00, 0x00, 0x7C, 0x00, 0x00, 0x00, 0x09,
    0x00, 0x00, 0x00, 0x02, 0x00, 0x00, 0x00, 0x05, 0x00, 0x00, 0x00, 0x07, 0x00, 0x00, 0x00, 0x02,
    0x00, 0x00, 0x00, 0x00, 0x00, 0x00, 0x00, 0x7D, 0x00, 0x00, 0x00, 0x08, 0x00, 0x00, 0x00, 0x05,
    0x00, 0x00, 0x00, 0x05, 0x00, 0x00, 0x00, 0x07, 0x00, 0x00, 0x00, 0x00, 0x00, 0x00, 0x00, 0x00,
    0x00, 0x00, 0x00, 0x7E, 0x00, 0x00, 0x00, 0x03, 0x00, 0x00, 0x00, 0x05, 0x00, 0x00, 0x00, 0x05,
    0x00, 0x00, 0x00, 0x04, 0x00, 0x00, 0x00, 0x00, 0x00, 0x00, 0x00, 0x00, 0x00, 0x00, 0x00, 0xA0,
    0x00, 0x00, 0x00, 0x00, 0x00, 0x00, 0x00, 0x00, 0x00, 0x00, 0x00, 0x05, 0x00, 0x00, 0x00, 0x00,
    0x00, 0x00, 0x00, 0x00, 0x00, 0x00, 0x00, 0x00, 0x00, 0x00, 0x00, 0xA1, 0x00, 0x00, 0x00, 0x07,
    0x00, 0x00, 0x00, 0x03, 0x00, 0x00, 0x00, 0x05, 0x00, 0x00, 0x00, 0x07, 0x00, 0x00, 0x00, 0x01,
    0x00, 0x00, 0x00, 0x00, 0x00, 0x00, 0x00, 0xA2, 0x00, 0x00, 0x00, 0x09, 0x00, 0x00, 0x00, 0x05,
    0x00, 0x00, 0x00, 0x05, 0x00, 0x00, 0x00, 0x07, 0x00, 0x00, 0x00, 0x00, 0x00, 0x00, 0x00, 0x00,
    0x00, 0x00, 0x00, 0xA3, 0x00, 0x00, 0x00, 0x07, 0x00, 0x00, 0x00, 0x05, 0x00, 0x00, 0x00, 0x05,
    0x00, 0x00, 0x00, 0x07, 0x00, 0x00, 0x00, 0x00, 0x00, 0x00, 0x00, 0x00, 0x00, 0x00, 0x00, 0xA4,
    0x00, 0x00, 0x00, 0x05, 0x00, 0x00, 0x00, 0x05, 0x00, 0x00, 0x00, 0x05, 0x00, 0x00, 0x00, 0x05,
    0x00, 0x00, 0x00, 0x00, 0x00, 0x00, 0x00, 0x00, 0x00, 0x00, 0x00, 0xA5, 0x00, 0x00, 0x00, 0x07,
    0x00, 0x00, 0x00, 0x05, 0x00, 0x00, 0x00, 0x05, 0x00, 0x00, 0x00, 0x07, 0x00, 0x00, 0x00, 0x00,
    0x00, 0x00, 0x00, 0x00, 0x00, 0x00, 0x00, 0xA6, 0x00, 0x00, 0x00, 0x08, 0x00, 0x00, 0x00, 0x02,
    0x00, 0x00, 0x00, 0x05, 0x00, 0x00, 0x00, 0x06, 0x00, 0x00, 0x00, 0x02, 0x00, 0x00, 0x00, 0x00,
    0x00, 0x00, 0x00, 0xA7, 0x00, 0x00, 0x00, 0x07, 0x00, 0x00, 0x00, 0x05, 0x00, 0x00, 0x00, 0x05,
    0x00, 0x00, 0x00, 0x07, 0x00, 0x00, 0x00, 0x00, 0x00, 0x00, 0x00, 0x00, 0x00, 0x00, 0x00, 0xA8,
    0x00, 0x00, 0x00, 0x02, 0x00, 0x00, 0x00, 0x04, 0x00, 0x00, 0x00, 0x05, 0x00, 0x00, 0x00, 0x07,
    0x00, 0x00, 0x00, 0x01, 0x00, 0x00, 0x00, 0x00, 0x00, 0x00, 0x00, 0xA9, 0x00, 0x00, 0x00, 0x06,
    0x00, 0x00, 0x00, 0x05, 0x00, 0x00, 0x00, 0x05, 0x00, 0x00, 0x00, 0x06, 0x00, 0x00, 0x00, 0x00,
    0x00, 0x00, 0x00, 0x00, 0x00, 0x00, 0x00, 0xAA, 0x00, 0x00, 0x00, 0x05, 0x00, 0x00, 0x00, 0x05,
    0x00, 0x00, 0x00, 0x05, 0x00, 0x00, 0x00, 0x07, 0x00, 0x00, 0x00, 0x00, 0x00, 0x00, 0x00, 0x00,
    0x00, 0x00, 0x00, 0xAB, 0x00, 0x00, 0x00, 0x05, 0x00, 0x00, 0x00, 0x05, 0x00, 0x00, 0x00, 0x05,
    0x00, 0x00, 0x00, 0x05, 0x00, 0x00, 0x00, 0x00, 0x00, 0x00, 0x00, 0x00, 0x00, 0x00, 0x00, 0xAC,
    0x00, 0x00, 0x00, 0x03, 0x00, 0x00, 0x00, 0x05, 0x00, 0x00, 0x00, 0x05, 0x00, 0x00, 0x00, 0x04,
    0x00, 0x00, 0x00, 0x00, 0x00, 0x00, 0x00, 0x00, 0x00, 0x00, 0x00, 0xAD, 0x00, 0x00, 0x00, 0x03,
    0x00, 0x00, 0x00, 0x04, 0x00, 0x00, 0x00, 0x05, 0x00, 0x00, 0x00, 0x04, 0x00, 0x00, 0x00, 0x01,
    0x00, 0x00, 0x00, 0x00, 0x00, 0x00, 0x00, 0xAE, 0x00, 0x00, 0x00, 0x06, 0x00, 0x00, 0x00, 0x05,
    0x00, 0x00, 0x00, 0x05, 0x00, 0x00, 0x00, 0x06, 0x00, 0x00, 0x00, 0x00, 0x00, 0x00, 0x00, 0x00,
    0x00, 0x00, 0x00, 0xAF, 0x00, 0x00, 0x00, 0x01, 0x00, 0x00, 0x00, 0x04, 0x00, 0x00, 0x00, 0x05,
    0x00, 0x00, 0x00, 0x07, 0x00, 0x00, 0x00, 0x01, 0x00, 0x00, 0x00, 0x00, 0x00, 0x00, 0x00, 0xB0,
    0x00, 0x00, 0x00, 0x03, 0x00, 0x00, 0x00, 0x04, 0x00, 0x00, 0x00, 0x05, 0x00, 0x00, 0x00, 0x07,
    0x00, 0x00, 0x00, 0x01, 0x00, 0x00, 0x00, 0x00, 0x00, 0x00, 0x00, 0xB1, 0x00, 0x00, 0x00, 0x06,
    0x00, 0x00, 0x00, 0x05, 0x00, 0x00, 0x00, 0x05, 0x00, 0x00, 0x00, 0x06, 0x00, 0x00, 0x00, 0x00,
    0x00, 0x00, 0x00, 0x00, 0x00, 0x00, 0x00, 0xB2, 0x00, 0x00, 0x00, 0x04, 0x00, 0x00, 0x00, 0x04,
    0x00, 0x00, 0x00, 0x05, 0x00, 0x00, 0x00, 0x09, 0x00, 0x00, 0x00, 0x01, 0x00, 0x00, 0x00, 0x00,
    0x00, 0x00, 0x00, 0xB3, 0x00, 0x00, 0x00, 0x04, 0x00, 0x00, 0x00, 0x04, 0x00, 0x00, 0x00, 0x05,
    0x00, 0x00, 0x00, 0x09, 0x00, 0x00, 0x00, 0x01, 0x00, 0x00, 0x00, 0x00, 0x00, 0x00, 0x00, 0xB4,
    0x00, 0x00, 0x00, 0x02, 0x00, 0x00, 0x00, 0x03, 0x00, 0x00, 0x00, 0x05, 0x00, 0x00, 0x00, 0x08,
    0x00, 0x00, 0x00, 0x02, 0x00, 0x00, 0x00, 0x00, 0x00, 0x00, 0x00, 0xB5, 0x00, 0x00, 0x00, 0x07,
    0x00, 0x00, 0x00, 0x05, 0x00, 0x00, 0x00, 0x05, 0x00, 0x00, 0x00, 0x05, 0x00, 0x00, 0x00, 0x00,
    0x00, 0x00, 0x00, 0x00, 0x00, 0x00, 0x00, 0xB6, 0x00, 0x00, 0x00, 0x08, 0x00, 0x00, 0x00, 0x05,
    0x00, 0x00, 0x00, 0x05, 0x00, 0x00, 0x00, 0x07, 0x00, 0x00, 0x00, 0x00, 0x00, 0x00, 0x00, 0x00,
    0x00, 0x00, 0x00, 0xB7, 0x00, 0x00, 0x00, 0x03, 0x00, 0x00, 0x00, 0x02, 0x00, 0x00, 0x00, 0x05,
    0x00, 0x00, 0x00, 0x05, 0x00, 0x00, 0x00, 0x02, 0x00, 0x00, 0x00, 0x00, 0x00, 0x00, 0x00, 0xB8,
    0x00, 0x00, 0x00, 0x02, 0x00, 0x00, 0x00, 0x03, 0x00, 0x00, 0x00, 0x05, 0x00, 0x00, 0x00, 0x00,
    0x00, 0x00, 0x00, 0x00, 0x00, 0x00, 0x00, 0x00, 0x00, 0x00, 0x00, 0xB9, 0x00, 0x00, 0x00, 0x04,
    0x00, 0x00, 0x00, 0x04, 0x00, 0x00, 0x00, 0x05, 0x00, 0x00, 0x00, 0x09, 0x00, 0x00, 0x00, 0x01,
    0x00, 0x00, 0x00, 0x00, 0x00, 0x00, 0x00, 0xBA, 0x00, 0x00, 0x00, 0x05, 0x00, 0x00, 0x00, 0x05,
    0x00, 0x00, 0x00, 0x05, 0x00, 0x00, 0x00, 0x07, 0x00, 0x00, 0x00, 0x00, 0x00, 0x00, 0x00, 0x00,
    0x00, 0x00, 0x00, 0xBB, 0x00, 0x00, 0x00, 0x05, 0x00, 0x00, 0x00, 0x05, 0x00, 0x00, 0x00, 0x05,
    0x00, 0x00, 0x00, 0x05, 0x00, 0x00, 0x00, 0x00, 0x00, 0x00, 0x00, 0x00, 0x00, 0x00, 0x00, 0xBC,
    0x00, 0x00, 0x00, 0x09, 0x00, 0x00, 0x00, 0x05, 0x00, 0x00, 0x00, 0x05, 0x00, 0x00, 0x00, 0x07,
    0x00, 0x00, 0x00, 0x00, 0x00, 0x00, 0x00, 0x00, 0x00, 0x00, 0x00, 0xBD, 0x00, 0x00, 0x00, 0x09,
    0x00, 0x00, 0x00, 0x05, 0x00, 0x00, 0x00, 0x05, 0x00, 0x00, 0x00, 0x08, 0x00, 0x00, 0x00, 0x00,
    0x00, 0x00, 0x00, 0x00, 0x00, 0x00, 0x00, 0xBE, 0x00, 0x00, 0x00, 0x09, 0x00, 0x00, 0x00, 0x05,
    0x00, 0x00, 0x00, 0x05, 0x00, 0x00, 0x00, 0x07, 0x00, 0x00, 0x00, 0x00, 0x00, 0x00, 0x00, 0x00,
    0x00, 0x00, 0x00, 0xBF, 0x00, 0x00, 0x00, 0x08, 0x00, 0x00, 0x00, 0x05, 0x00, 0x00, 0x00, 0x05,
    0x00, 0x00, 0x00, 0x08, 0x00, 0x00, 0x00, 0x00, 0x00, 0x00, 0x00, 0x00, 0x00, 0x00, 0x00, 0xC0,
    0x00, 0x00, 0x00, 0x09, 0x00, 0x00, 0x00, 0x05, 0x00, 0x00, 0x00, 0x05, 0x00, 0x00, 0x00, 0x09,
    0x00, 0x00, 0x00, 0x00, 0x00, 0x00, 0x00, 0x00, 0x00, 0x00, 0x00, 0xC1, 0x00, 0x00, 0x00, 0x09,
    0x00, 0x00, 0x00, 0x05, 0x00, 0x00, 0x00, 0x05, 0x00, 0x00, 0x00, 0x09, 0x00, 0x00, 0x00, 0x00,
    0x00, 0x00, 0x00, 0x00, 0x00, 0x00, 0x00, 0xC2, 0x00, 0x00, 0x00, 0x09, 0x00, 0x00, 0x00, 0x05,
    0x00, 0x00, 0x00, 0x05, 0x00, 0x00, 0x00, 0x09, 0x00, 0x00, 0x00, 0x00, 0x00, 0x00, 0x00, 0x00,
    0x00, 0x00, 0x00, 0xC3, 0x00, 0x00, 0x00, 0x0A, 0x00, 0x00, 0x00, 0x05, 0x00, 0x00, 0x00, 0x05,
    0x00, 0x00, 0x00, 0x0A, 0x00, 0x00, 0x00, 0x00, 0x00, 0x00, 0x00, 0x00, 0x00, 0x00, 0x00, 0xC4,
    0x00, 0x00, 0x00, 0x09, 0x00, 0x00, 0x00, 0x05, 0x00, 0x00, 0x00, 0x05, 0x00, 0x00, 0x00, 0x09,
    0x00, 0x00, 0x00, 0x00, 0x00, 0x00, 0x00, 0x00, 0x00, 0x00, 0x00, 0xC5, 0x00, 0x00, 0x00, 0x08,
    0x00, 0x00, 0x00, 0x05, 0x00, 0x00, 0x00, 0x05, 0x00, 0x00, 0x00, 0x08, 0x00, 0x00, 0x00, 0x00,
    0x00, 0x00, 0x00, 0x00, 0x00, 0x00, 0x00, 0xC6, 0x00, 0x00, 0x00, 0x07, 0x00, 0x00, 0x00, 0x05,
    0x00, 0x00, 0x00, 0x05, 0x00, 0x00, 0x00, 0x07, 0x00, 0x00, 0x00, 0x00, 0x00, 0x00, 0x00, 0x00,
    0x00, 0x00, 0x00, 0xC7, 0x00, 0x00, 0x00, 0x09, 0x00, 0x00, 0x00, 0x05, 0x00, 0x00, 0x00, 0x05,
    0x00, 0x00, 0x00, 0x07, 0x00, 0x00, 0x00, 0x00, 0x00, 0x00, 0x00, 0x00, 0x00, 0x00, 0x00, 0xC8,
    0x00, 0x00, 0x00, 0x09, 0x00, 0x00, 0x00, 0x05, 0x00, 0x00, 0x00, 0x05, 0x00, 0x00, 0x00, 0x09,
    0x00, 0x00, 0x00, 0x00, 0x00, 0x00, 0x00, 0x00, 0x00, 0x00, 0x00, 0xC9, 0x00, 0x00, 0x00, 0x09,
    0x00, 0x00, 0x00, 0x05, 0x00, 0x00, 0x00, 0x05, 0x00, 0x00, 0x00, 0x09, 0x00, 0x00, 0x00, 0x00,
    0x00, 0x00, 0x00, 0x00, 0x00, 0x00, 0x00, 0xCA, 0x00, 0x00, 0x00, 0x09, 0x00, 0x00, 0x00, 0x05,
    0x00, 0x00, 0x00, 0x05, 0x00, 0x00, 0x00, 0x09, 0x00, 0x00, 0x00, 0x00, 0x00, 0x00, 0x00, 0x00,
    0x00, 0x00, 0x00, 0xCB, 0x00, 0x00, 0x00, 0x09, 0x00, 0x00, 0x00, 0x05, 0x00, 0x00, 0x00, 0x05,
    0x00, 0x00, 0x00, 0x09, 0x00, 0x00, 0x00, 0x00, 0x00, 0x00, 0x00, 0x00, 0x00, 0x00, 0x00, 0xCC,
    0x00, 0x00, 0x00, 0x09, 0x00, 0x00, 0x00, 0x05, 0x00, 0x00, 0x00, 0x05, 0x00, 0x00, 0x00, 0x09,
    0x00, 0x00, 0x00, 0x00, 0x00, 0x00, 0x00, 0x00, 0x00, 0x00, 0x00, 0xCD, 0x00, 0x00, 0x00, 0x09,
    0x00, 0x00, 0x00, 0x05, 0x00, 0x00, 0x00, 0x05, 0x00, 0x00, 0x00, 0x09, 0x00, 0x00, 0x00, 0x00,
    0x00, 0x00, 0x00, 0x00, 0x00, 0x00, 0x00, 0xCE, 0x00, 0x00, 0x00, 0x09, 0x00, 0x00, 0x00, 0x05,
    0x00, 0x00, 0x00, 0x05, 0x00, 0x00, 0x00, 0x09, 0x00, 0x00, 0x00, 0x00, 0x00, 0x00, 0x00, 0x00,
    0x00, 0x00, 0x00, 0xCF, 0x00, 0x00, 0x00, 0x09, 0x00, 0x00, 0x00, 0x05, 0x00, 0x00, 0x00, 0x05,
    0x00, 0x00, 0x00, 0x09, 0x00, 0x00, 0x00, 0x00, 0x00, 0x00, 0x00, 0x00, 0x00, 0x00, 0x00, 0xD0,
    0x00, 0x00, 0x00, 0x07, 0x00, 0x00, 0x00, 0x05, 0x00, 0x00, 0x00, 0x05, 0x00, 0x00, 0x00, 0x07,
    0x00, 0x00, 0x00, 0x00, 0x00, 0x00, 0x00, 0x00, 0x00, 0x00, 0x00, 0xD1, 0x00, 0x00, 0x00, 0x0A,
    0x00, 0x00, 0x00, 0x05, 0x00, 0x00, 0x00, 0x05, 0x00, 0x00, 0x00, 0x0A, 0x00, 0x00, 0x00, 0x00,
    0x00, 0x00, 0x00, 0x00, 0x00, 0x00, 0x00, 0xD2, 0x00, 0x00, 0x00, 0x09, 0x00, 0x00, 0x00, 0x05,
    0x00, 0x00, 0x00, 0x05, 0x00, 0x00, 0x00, 0x09, 0x00, 0x00, 0x00, 0x00, 0x00, 0x00, 0x00, 0x00,
    0x00, 0x00, 0x00, 0xD3, 0x00, 0x00, 0x00, 0x09, 0x00, 0x00, 0x00, 0x05, 0x00, 0x00, 0x00, 0x05,
    0x00, 0x00, 0x00, 0x09, 0x00, 0x00, 0x00, 0x00, 0x00, 0x00, 0x00, 0x00, 0x00, 0x00, 0x00, 0xD4,
    0x00, 0x00, 0x00, 0x09, 0x00, 0x00, 0x00, 0x05, 0x00, 0x00, 0x00, 0x05, 0x00, 0x00, 0x00, 0x09,
    0x00, 0x00, 0x00, 0x00, 0x00, 0x00, 0x00, 0x00, 0x00, 0x00, 0x00, 0xD5, 0x00, 0x00, 0x00, 0x0A,
    0x00, 0x00, 0x00, 0x05, 0x00, 0x00, 0x00, 0x05, 0x00, 0x00, 0x00, 0x0A, 0x00, 0x00, 0x00, 0x00,
    0x00, 0x00, 0x00, 0x00, 0x00, 0x00, 0x00, 0xD6, 0x00, 0x00, 0x00, 0x09, 0x00, 0x00, 0x00, 0x05,
    0x00, 0x00, 0x00, 0x05, 0x00, 0x00, 0x00, 0x09, 0x00, 0x00, 0x00, 0x00, 0x00, 0x00, 0x00, 0x00,
    0x00, 0x00, 0x00, 0xD7, 0x00, 0x00, 0x00, 0x05, 0x00, 0x00, 0x00, 0x05, 0x00, 0x00, 0x00, 0x05,
    0x00, 0x00, 0x00, 0x05, 0x00, 0x00, 0x00, 0x00, 0x00, 0x00, 0x00, 0x00, 0x00, 0x00, 0x00, 0xD8,
    0x00, 0x00, 0x00, 0x09, 0x00, 0x00, 0x00, 0x05, 0x00, 0x00, 0x00, 0x05, 0x00, 0x00, 0x00, 0x08,
    0x00, 0x00, 0x00, 0x00, 0x00, 0x00, 0x00, 0x00, 0x00, 0x00, 0x00, 0xD9, 0x00, 0x00, 0x00, 0x09,
    0x00, 0x00, 0x00, 0x05, 0x00, 0x00, 0x00, 0x05, 0x00, 0x00, 0x00, 0x09, 0x00, 0x00, 0x00, 0x00,
    0x00, 0x00, 0x00, 0x00, 0x00, 0x00, 0x00, 0xDA, 0x00, 0x00, 0x00, 0x09, 0x00, 0x00, 0x00, 0x05,
    0x00, 0x00, 0x00, 0x05, 0x00, 0x00, 0x00, 0x09, 0x00, 0x00, 0x00, 0x00, 0x00, 0x00, 0x00, 0x00,
    0x00, 0x00, 0x00, 0xDB, 0x00, 0x00, 0x00, 0x09, 0x00, 0x00, 0x00, 0x05, 0x00, 0x00, 0x00, 0x05,
    0x00, 0x00, 0x00, 0x09, 0x00, 0x00, 0x00, 0x00, 0x00, 0x00, 0x00, 0x00, 0x00, 0x00, 0x00, 0xDC,
    0x00, 0x00, 0x00, 0x09, 0x00, 0x00, 0x00, 0x05, 0x00, 0x00, 0x00, 0x05, 0x00, 0x00, 0x00, 0x09,
    0x00, 0x00, 0x00, 0x00, 0x00, 0x00, 0x00, 0x00, 0x00, 0x00, 0x00, 0xDD, 0x00, 0x00, 0x00, 0x09,
    0x00, 0x00, 0x00, 0x05, 0x00, 0x00, 0x00, 0x05, 0x00, 0x00, 0x00, 0x09, 0x00, 0x00, 0x00, 0x00,
    0x00, 0x00, 0x00, 0x00, 0x00, 0x00, 0x00, 0xDE, 0x00, 0x00, 0x00, 0x07, 0x00, 0x00, 0x00, 0x05,
    0x00, 0x00, 0x00, 0x05, 0x00, 0x00, 0x00, 0x07, 0x00, 0x00, 0x00, 0x00, 0x00, 0x00, 0x00, 0x00,
    0x00, 0x00, 0x00, 0xDF, 0x00, 0x00, 0x00, 0x07, 0x00, 0x00, 0x00, 0x05, 0x00, 0x00, 0x00, 0x05,
    0x00, 0x00, 0x00, 0x07, 0x00, 0x00, 0x00, 0x00, 0x00, 0x00, 0x00, 0x00, 0x00, 0x00, 0x00, 0xE0,
    0x00, 0x00, 0x00, 0x08, 0x00, 0x00, 0x00, 0x05, 0x00, 0x00, 0x00, 0x05, 0x00, 0x00, 0x00, 0x08,
    0x00, 0x00, 0x00, 0x00, 0x00, 0x00, 0x00, 0x00, 0x00, 0x00, 0x00, 0xE1, 0x00, 0x00, 0x00, 0x08,
    0x00, 0x00, 0x00, 0x05, 0x00, 0x00, 0x00, 0x05, 0x00, 0x00, 0x00, 0x08, 0x00, 0x00, 0x00, 0x00,
    0x00, 0x00, 0x00, 0x00, 0x00, 0x00, 0x00, 0xE2, 0x00, 0x00, 0x00, 0x08, 0x00, 0x00, 0x00, 0x05,
    0x00, 0x00, 0x00, 0x05, 0x00, 0x00, 0x00, 0x08, 0x00, 0x00, 0x00, 0x00, 0x00, 0x00, 0x00, 0x00,
    0x00, 0x00, 0x00, 0xE3, 0x00, 0x00, 0x00, 0x08, 0x00, 0x00, 0x00, 0x05, 0x00, 0x00, 0x00, 0x05,
    0x00, 0x00, 0x00, 0x08, 0x00, 0x00, 0x00, 0x00, 0x00, 0x00, 0x00, 0x00, 0x00, 0x00, 0x00, 0xE4,
    0x00, 0x00, 0x00, 0x08, 0x00, 0x00, 0x00, 0x05, 0x00, 0x00, 0x00, 0x05, 0x00, 0x00, 0x00, 0x08,
    0x00, 0x00, 0x00, 0x00, 0x00, 0x00, 0x00, 0x00, 0x00, 0x00, 0x00, 0xE5, 0x00, 0x00, 0x00, 0x09,
    0x00, 0x00, 0x00, 0x05, 0x00, 0x00, 0x00, 0x05, 0x00, 0x00, 0x00, 0x09, 0x00, 0x00, 0x00, 0x00,
    0x00, 0x00, 0x00, 0x00, 0x00, 0x00, 0x00, 0xE6, 0x00, 0x00, 0x00, 0x05, 0x00, 0x00, 0x00, 0x05,
    0x00, 0x00, 0x00, 0x05, 0x00, 0x00, 0x00, 0x05, 0x00, 0x00, 0x00, 0x00, 0x00, 0x00, 0x00, 0x00,
    0x00, 0x00, 0x00, 0xE7, 0x00, 0x00, 0x00, 0x07, 0x00, 0x00, 0x00, 0x05, 0x00, 0x00, 0x00, 0x05,
    0x00, 0x00, 0x00, 0x05, 0x00, 0x00, 0x00, 0x00, 0x00, 0x00, 0x00, 0x00, 0x00, 0x00, 0x00, 0xE8,
    0x00, 0x00, 0x00, 0x08, 0x00, 0x00, 0x00, 0x05, 0x00, 0x00, 0x00, 0x05, 0x00, 0x00, 0x00, 0x08,
    0x00, 0x00, 0x00, 0x00, 0x00, 0x00, 0x00, 0x00, 0x00, 0x00, 0x00, 0xE9, 0x00, 0x00, 0x00, 0x08,
    0x00, 0x00, 0x00, 0x05, 0x00, 0x00, 0x00, 0x05, 0x00, 0x00, 0x00, 0x08, 0x00, 0x00, 0x00, 0x00,
    0x00, 0x00, 0x00, 0x00, 0x00, 0x00, 0x00, 0xEA, 0x00, 0x00, 0x00, 0x08, 0x00, 0x00, 0x00, 0x05,
    0x00, 0x00, 0x00, 0x05, 0x00, 0x00, 0x00, 0x08, 0x00, 0x00, 0x00, 0x00, 0x00, 0x00, 0x00, 0x00,
    0x00, 0x00, 0x00, 0xEB, 0x00, 0x00, 0x00, 0x08, 0x00, 0x00, 0x00, 0x05, 0x00, 0x00, 0x00, 0x05,
    0x00, 0x00, 0x00, 0x08, 0x00, 0x00, 0x00, 0x00, 0x00, 0x00, 0x00, 0x00, 0x00, 0x00, 0x00, 0xEC,
    0x00, 0x00, 0x00, 0x08, 0x00, 0x00, 0x00, 0x04, 0x00, 0x00, 0x00, 0x05, 0x00, 0x00, 0x00, 0x08,
    0x00, 0x00, 0x00, 0x01, 0x00, 0x00, 0x00, 0x00, 0x00, 0x00, 0x00, 0xED, 0x00, 0x00, 0x00, 0x08,
    0x00, 0x00, 0x00, 0x05, 0x00, 0x00, 0x00, 0x05, 0x00, 0x00, 0x00, 0x08, 0x00, 0x00, 0x00, 0x00,
    0x00, 0x00, 0x00, 0x00, 0x00, 0x00, 0x00, 0xEE, 0x00, 0x00, 0x00, 0x08, 0x00, 0x00, 0x00, 0x04,
    0x00, 0x00, 0x00, 0x05, 0x00, 0x00, 0x00, 0x08, 0x00, 0x00, 0x00, 0x01, 0x00, 0x00, 0x00, 0x00,
    0x00, 0x00, 0x00, 0xEF, 0x00, 0x00, 0x00, 0x08, 0x00, 0x00, 0x00, 0x04, 0x00, 0x00, 0x00, 0x05,
    0x00, 0x00, 0x00, 0x08, 0x00, 0x00, 0x00, 0x01, 0x00, 0x00, 0x00, 0x00, 0x00, 0x00, 0x00, 0xF0,
    0x00, 0x00, 0x00, 0x07, 0x00, 0x00, 0x00, 0x05, 0x00, 0x00, 0x00, 0x05, 0x00, 0x00, 0x00, 0x07,
    0x00, 0x00, 0x00, 0x00, 0x00, 0x00, 0x00, 0x00, 0x00, 0x00, 0x00, 0xF1, 0x00, 0x00, 0x00, 0x08,
    0x00, 0x00, 0x00, 0x05, 0x00, 0x00, 0x00, 0x05, 0x00, 0x00, 0x00, 0x08, 0x00, 0x00, 0x00, 0x00,
    0x00, 0x00, 0x00, 0x00, 0x00, 0x00, 0x00, 0xF2, 0x00, 0x00, 0x00, 0x08, 0x00, 0x00, 0x00, 0x05,
    0x00, 0x00, 0x00, 0x05, 0x00, 0x00, 0x00, 0x08, 0x00, 0x00, 0x00, 0x00, 0x00, 0x00, 0x00, 0x00,
    0x00, 0x00, 0x00, 0xF3, 0x00, 0x00, 0x00, 0x08, 0x00, 0x00, 0x00, 0x05, 0x00, 0x00, 0x00, 0x05,
    0x00, 0x00, 0x00, 0x08, 0x00, 0x00, 0x00, 0x00, 0x00, 0x00, 0x00, 0x00, 0x00, 0x00, 0x00, 0xF4,
    0x00, 0x00, 0x00, 0x08, 0x00, 0x00, 0x00, 0x05, 0x00, 0x00, 0x00, 0x05, 0x00, 0x00, 0x00, 0x08,
    0x00, 0x00, 0x00, 0x00, 0x00, 0x00, 0x00, 0x00, 0x00, 0x00, 0x00, 0xF5, 0x00, 0x00, 0x00, 0x08,
    0x00, 0x00, 0x00, 0x05, 0x00, 0x00, 0x00, 0x05, 0x00, 0x00, 0x00, 0x08, 0x00, 0x00, 0x00, 0x00,
    0x00, 0x00, 0x00, 0x00, 0x00, 0x00, 0x00, 0xF6, 0x00, 0x00, 0x00, 0x08, 0x00, 0x00, 0x00, 0x05,
    0x00, 0x00, 0x00, 0x05, 0x00, 0x00, 0x00, 0x08, 0x00, 0x00, 0x00, 0x00, 0x00, 0x00, 0x00, 0x00,
    0x00, 0x00, 0x00, 0xF7, 0x00, 0x00, 0x00, 0x07, 0x00, 0x00, 0x00, 0x05, 0x00, 0x00, 0x00, 0x05,
    0x00, 0x00, 0x00, 0x07, 0x00, 0x00, 0x00, 0x00, 0x00, 0x00, 0x00, 0x00, 0x00, 0x00, 0x00, 0xF8,
    0x00, 0x00, 0x00, 0x07, 0x00, 0x00, 0x00, 0x05, 0x00, 0x00, 0x00, 0x05, 0x00, 0x00, 0x00, 0x06,
    0x00, 0x00, 0x00, 0x00, 0x00, 0x00, 0x00, 0x00, 0x00, 0x00, 0x00, 0xF9, 0x00, 0x00, 0x00, 0x08,
    0x00, 0x00, 0x00, 0x05, 0x00, 0x00, 0x00, 0x05, 0x00, 0x00, 0x00, 0x08, 0x00, 0x00, 0x00, 0x00,
    0x00, 0x00, 0x00, 0x00, 0x00, 0x00, 0x00, 0xFA, 0x00, 0x00, 0x00, 0x08, 0x00, 0x00, 0x00, 0x05,
    0x00, 0x00, 0x00, 0x05, 0x00, 0x00, 0x00, 0x08, 0x00, 0x00, 0x00, 0x00, 0x00, 0x00, 0x00, 0x00,
    0x00, 0x00, 0x00, 0xFB, 0x00, 0x00, 0x00, 0x08, 0x00, 0x00, 0x00, 0x05, 0x00, 0x00, 0x00, 0x05,
    0x00, 0x00, 0x00, 0x08, 0x00, 0x00, 0x00, 0x00, 0x00, 0x00, 0x00, 0x00, 0x00, 0x00, 0x00, 0xFC,
    0x00, 0x00, 0x00, 0x08, 0x00, 0x00, 0x00, 0x05, 0x00, 0x00, 0x00, 0x05, 0x00, 0x00, 0x00, 0x08,
    0x00, 0x00, 0x00, 0x00, 0x00, 0x00, 0x00, 0x00, 0x00, 0x00, 0x00, 0xFD, 0x00, 0x00, 0x00, 0x0A,
    0x00, 0x00, 0x00, 0x05, 0x00, 0x00, 0x00, 0x05, 0x00, 0x00, 0x00, 0x08, 0x00, 0x00, 0x00, 0x00,
    0x00, 0x00, 0x00, 0x00, 0x00, 0x00, 0x00, 0xFE, 0x00, 0x00, 0x00, 0x09, 0x00, 0x00, 0x00, 0x05,
    0x00, 0x00, 0x00, 0x05, 0x00, 0x00, 0x00, 0x07, 0x00, 0x00, 0x00, 0x00, 0x00, 0x00, 0x00, 0x00,
    0x00, 0x00, 0x00, 0xFF, 0x00, 0x00, 0x00, 0x0A, 0x00, 0x00, 0x00, 0x05, 0x00, 0x00, 0x00, 0x05,
    0x00, 0x00, 0x00, 0x08, 0x00, 0x00, 0x00, 0x00, 0x00, 0x00, 0x00, 0x00, 0x00, 0x00, 0x20, 0x13,
    0x00, 0x00, 0x00, 0x02, 0x00, 0x00, 0x00, 0x04, 0x00, 0x00, 0x00, 0x05, 0x00, 0x00, 0x00, 0x03,
    0x00, 0x00, 0x00, 0x01, 0x00, 0x00, 0x00, 0x00, 0x00, 0x00, 0x20, 0x14, 0x00, 0x00, 0x00, 0x02,
    0x00, 0x00, 0x00, 0x05, 0x00, 0x00, 0x00, 0x05, 0x00, 0x00, 0x00, 0x03, 0x00, 0x00, 0x00, 0x00,
    0x00, 0x00, 0x00, 0x00, 0x00, 0x00, 0x20, 0x18, 0x00, 0x00, 0x00, 0x03, 0x00, 0x00, 0x00, 0x04,
    0x00, 0x00, 0x00, 0x05, 0x00, 0x00, 0x00, 0x07, 0x00, 0x00, 0x00, 0x01, 0x00, 0x00, 0x00, 0x00,
    0x00, 0x00, 0x20, 0x19, 0x00, 0x00, 0x00, 0x03, 0x00, 0x00, 0x00, 0x04, 0x00, 0x00, 0x00, 0x05,
    0x00, 0x00, 0x00, 0x07, 0x00, 0x00, 0x00, 0x01, 0x00, 0x00, 0x00, 0x00, 0x00, 0x00, 0x20, 0x1C,
    0x00, 0x00, 0x00, 0x03, 0x00, 0x00, 0x00, 0x05, 0x00, 0x00, 0x00, 0x05, 0x00, 0x00, 0x00, 0x07,
    0x00, 0x00, 0x00, 0x00, 0x00, 0x00, 0x00, 0x00, 0x00, 0x00, 0x20, 0x1D, 0x00, 0x00, 0x00, 0x03,
    0x00, 0x00, 0x00, 0x05, 0x00, 0x00, 0x00, 0x05, 0x00, 0x00, 0x00, 0x07, 0x00, 0x00, 0x00, 0x00,
    0x00, 0x00, 0x00, 0x00, 0x00, 0x00, 0x20, 0x26, 0x00, 0x00, 0x00, 0x02, 0x00, 0x00, 0x00, 0x05,
    0x00, 0x00, 0x00, 0x05, 0x00, 0x00, 0x00, 0x02, 0x00, 0x00, 0x00, 0x00, 0x00, 0x00, 0x00, 0x00,
    0x00, 0x00, 0x20, 0xAC, 0x00, 0x00, 0x00, 0x07, 0x00, 0x00, 0x00, 0x05, 0x00, 0x00, 0x00, 0x05,
    0x00, 0x00, 0x00, 0x07, 0x00, 0x00, 0x00, 0x00, 0x00, 0x00, 0x00, 0x00, 0x00, 0x00, 0x21, 0x90,
    0x00, 0x00, 0x00, 0x05, 0x00, 0x00, 0x00, 0x05, 0x00, 0x00, 0x00, 0x05, 0x00, 0x00, 0x00, 0x05,
    0x00, 0x00, 0x00, 0x00, 0x00, 0x00, 0x00, 0x00, 0x00, 0x00, 0x21, 0x91, 0x00, 0x00, 0x00, 0x05,
    0x00, 0x00, 0x00, 0x05, 0x00, 0x00, 0x00, 0x05, 0x00, 0x00, 0x00, 0x05, 0x00, 0x00, 0x00, 0x00,
    0x00, 0x00, 0x00, 0x00, 0x00, 0x00, 0x21, 0x92, 0x00, 0x00, 0x00, 0x05, 0x00, 0x00, 0x00, 0x05,
    0x00, 0x00, 0x00, 0x05, 0x00, 0x00, 0x00, 0x05, 0x00, 0x00, 0x00, 0x00, 0x00, 0x00, 0x00, 0x00,
    0x00, 0x00, 0x21, 0x93, 0x00, 0x00, 0x00, 0x05, 0x00, 0x00, 0x00, 0x05, 0x00, 0x00, 0x00, 0x05,
    0x00, 0x00, 0x00, 0x05, 0x00, 0x00, 0x00, 0x00, 0x00, 0x00, 0x00, 0x00, 0x00, 0x00, 0x21, 0x94,
    0x00, 0x00, 0x00, 0x05, 0x00, 0x00, 0x00, 0x05, 0x00, 0x00, 0x00, 0x05, 0x00, 0x00, 0x00, 0x05,
    0x00, 0x00, 0x00, 0x00, 0x00, 0x00, 0x00, 0x00, 0x00, 0x00, 0x21, 0x95, 0x00, 0x00, 0x00, 0x05,
    0x00, 0x00, 0x00, 0x05, 0x00, 0x00, 0x00, 0x05, 0x00, 0x00, 0x00, 0x05, 0x00, 0x00, 0x00, 0x00,
    0x00, 0x00, 0x00, 0x00, 0x00, 0x00, 0x21, 0xE9, 0x00, 0x00, 0x00, 0x06, 0x00, 0x00, 0x00, 0x04,
    0x00, 0x00, 0x00, 0x05, 0x00, 0x00, 0x00, 0x05, 0x00, 0x00, 0x00, 0x01, 0x00, 0x00, 0x00, 0x00,
    0x00, 0x00, 0x22, 0x60, 0x00, 0x00, 0x00, 0x07, 0x00, 0x00, 0x00, 0x05, 0x00, 0x00, 0x00, 0x05,
    0x00, 0x00, 0x00, 0x06, 0x00, 0x00, 0x00, 0x00, 0x00, 0x00, 0x00, 0x00, 0x00, 0x00, 0x22, 0x61,
    0x00, 0x00, 0x00, 0x06, 0x00, 0x00, 0x00, 0x05, 0x00, 0x00, 0x00, 0x05, 0x00, 0x00, 0x00, 0x06,
    0x00, 0x00, 0x00, 0x00, 0x00, 0x00, 0x00, 0x00, 0x00, 0x00, 0x22, 0x64, 0x00, 0x00, 0x00, 0x06,
    0x00, 0x00, 0x00, 0x05, 0x00, 0x00, 0x00, 0x05, 0x00, 0x00, 0x00, 0x06, 0x00, 0x00, 0x00, 0x00,
    0x00, 0x00, 0x00, 0x00, 0x00, 0x00, 0x22, 0x65, 0x00, 0x00, 0x00, 0x06, 0x00, 0x00, 0x00, 0x05,
    0x00, 0x00, 0x00, 0x05, 0x00, 0x00, 0x00, 0x06, 0x00, 0x00, 0x00, 0x00, 0x00, 0x00, 0x00, 0x00,
    0x00, 0x00, 0x23, 0x15, 0x00, 0x00, 0x00, 0x05, 0x00, 0x00, 0x00, 0x05, 0x00, 0x00, 0x00, 0x07,
    0x00, 0x00, 0x00, 0x06, 0x00, 0x00, 0x00, 0x01, 0x00, 0x00, 0x00, 0x00, 0x00, 0x00, 0x23, 0xCE,
    0x00, 0x00, 0x00, 0x05, 0x00, 0x00, 0x00, 0x06, 0x00, 0x00, 0x00, 0x07, 0x00, 0x00, 0x00, 0x06,
    0x00, 0x00, 0x00, 0x00, 0x00, 0x00, 0x00, 0x00, 0x00, 0x00, 0x25, 0x00, 0x00, 0x00, 0x00, 0x02,
    0x00, 0x00, 0x00, 0x05, 0x00, 0x00, 0x00, 0x05, 0x00, 0x00, 0x00, 0x04, 0x00, 0x00, 0x00, 0x00,
    0x00, 0x00, 0x00, 0x00, 0x00, 0x00, 0x25, 0x01, 0x00, 0x00, 0x00, 0x02, 0x00, 0x00, 0x00, 0x05,
    0x00, 0x00, 0x00, 0x05, 0x00, 0x00, 0x00, 0x04, 0x00, 0x00, 0x00, 0x00, 0x00, 0x00, 0x00, 0x00,
    0x00, 0x00, 0x25, 0x02, 0x00, 0x00, 0x00, 0x0C, 0x00, 0x00, 0x00, 0x01, 0x00, 0x00, 0x00, 0x05,
    0x00, 0x00, 0x00, 0x09, 0x00, 0x00, 0x00, 0x02, 0x00, 0x00, 0x00, 0x00, 0x00, 0x00, 0x25, 0x03,
    0x00, 0x00, 0x00, 0x0C, 0x00, 0x00, 0x00, 0x02, 0x00, 0x00, 0x00, 0x05, 0x00, 0x00, 0x00, 0x09,
    0x00, 0x00, 0x00, 0x02, 0x00, 0x00, 0x00, 0x00, 0x00, 0x00, 0x25, 0x04, 0x00, 0x00, 0x00, 0x02,
    0x00, 0x00, 0x00, 0x05, 0x00, 0x00, 0x00, 0x05, 0x00, 0x00, 0x00, 0x04, 0x00, 0x00, 0x00, 0x00,
    0x00, 0x00, 0x00, 0x00, 0x00, 0x00, 0x25, 0x05, 0x00, 0x00, 0x00, 0x02, 0x00, 0x00, 0x00, 0x05,
    0x00, 0x00, 0x00, 0x05, 0x00, 0x00, 0x00, 0x04, 0x00, 0x00, 0x00, 0x00, 0x00, 0x00, 0x00, 0x00,
    0x00, 0x00, 0x25, 0x06, 0x00, 0x00, 0x00, 0x0A, 0x00, 0x00, 0x00, 0x01, 0x00, 0x00, 0x00, 0x05,
    0x00, 0x00, 0x00, 0x08, 0x00, 0x00, 0x00, 0x02, 0x00, 0x00, 0x00, 0x00, 0x00, 0x00, 0x25, 0x07,
    0x00, 0x00, 0x00, 0x0A, 0x00, 0x00, 0x00, 0x02, 0x00, 0x00, 0x00, 0x05, 0x00, 0x00, 0x00, 0x08,
    0x00, 0x00, 0x00, 0x02, 0x00, 0x00, 0x00, 0x00, 0x00, 0x00, 0x25, 0x08, 0x00, 0x00, 0x00, 0x02,
    0x00, 0x00, 0x00, 0x05, 0x00, 0x00, 0x00, 0x05, 0x00, 0x00, 0x00, 0x04, 0x00, 0x00, 0x00, 0x00,
    0x00, 0x00, 0x00, 0x00, 0x00, 0x00, 0x25, 0x09, 0x00, 0x00, 0x00, 0x02, 0x00, 0x00, 0x00, 0x05,
    0x00, 0x00, 0x00, 0x05, 0x00, 0x00, 0x00, 0x04, 0x00, 0x00, 0x00, 0x00, 0x00, 0x00, 0x00, 0x00,
    0x00, 0x00, 0x25, 0x0A, 0x00, 0x00, 0x00, 0x0A, 0x00, 0x00, 0x00, 0x01, 0x00, 0x00, 0x00, 0x05,
    0x00, 0x00, 0x00, 0x08, 0x00, 0x00, 0x00, 0x02, 0x00, 0x00, 0x00, 0x00, 0x00, 0x00, 0x25, 0x0B,
    0x00, 0x00, 0x00, 0x0A, 0x00, 0x00, 0x00, 0x02, 0x00, 0x00, 0x00, 0x05, 0x00, 0x00, 0x00, 0x08,
    0x00, 0x00, 0x00, 0x02, 0x00, 0x00, 0x00, 0x00, 0x00, 0x00, 0x25, 0x0C, 0x00, 0x00, 0x00, 0x07,
    0x00, 0x00, 0x00, 0x03, 0x00, 0x00, 0x00, 0x05, 0x00, 0x00, 0x00, 0x04, 0x00, 0x00, 0x00, 0x02,
    0x00, 0x00, 0x00, 0x00, 0x00, 0x00, 0x25, 0x0D, 0x00, 0x00, 0x00, 0x07, 0x00, 0x00, 0x00, 0x03,
    0x00, 0x00, 0x00, 0x05, 0x00, 0x00, 0x00, 0x04, 0x00, 0x00, 0x00, 0x02, 0x00, 0x00, 0x00, 0x00,
    0x00, 0x00, 0x25, 0x0E, 0x00, 0x00, 0x00, 0x07, 0x00, 0x00, 0x00, 0x03, 0x00, 0x00, 0x00, 0x05,
    0x00, 0x00, 0x00, 0x04, 0x00, 0x00, 0x00, 0x02, 0x00, 0x00, 0x00, 0x00, 0x00, 0x00, 0x25, 0x0F,
    0x00, 0x00, 0x00, 0x07, 0x00, 0x00, 0x00, 0x03, 0x00, 0x00, 0x00, 0x05, 0x00, 0x00, 0x00, 0x04,
    0x00, 0x00, 0x00, 0x02, 0x00, 0x00, 0x00, 0x00, 0x00, 0x00, 0x25, 0x10, 0x00, 0x00, 0x00, 0x07,
    0x00, 0x00, 0x00, 0x05, 0x00, 0x00, 0x00, 0x05, 0x00, 0x00, 0x00, 0x04, 0x00, 0x00, 0x00, 0x00,
    0x00, 0x00, 0x00, 0x00, 0x00, 0x00, 0x25, 0x11, 0x00, 0x00, 0x00, 0x07, 0x00, 0x00, 0x00, 0x05,
    0x00, 0x00, 0x00, 0x05, 0x00, 0x00, 0x00, 0x04, 0x00, 0x00, 0x00, 0x00, 0x00, 0x00, 0x00, 0x00,
    0x00, 0x00, 0x25, 0x12, 0x00, 0x00, 0x00, 0x07, 0x00, 0x00, 0x00, 0x05, 0x00, 0x00, 0x00, 0x05,
    0x00, 0x00, 0x00, 0x04, 0x00, 0x00, 0x00, 0x00, 0x00, 0x00, 0x00, 0x00, 0x00, 0x00, 0x25, 0x13,
    0x00, 0x00, 0x00, 0x07, 0x00, 0x00, 0x00, 0x05, 0x00, 0x00, 0x00, 0x05, 0x00, 0x00, 0x00, 0x04,
    0x00, 0x00, 0x00, 0x00, 0x00, 0x00, 0x00, 0x00, 0x00, 0x00, 0x25, 0x14, 0x00, 0x00, 0x00, 0x07,
    0x00, 0x00, 0x00, 0x03, 0x00, 0x00, 0x00, 0x05, 0x00, 0x00, 0x00, 0x09, 0x00, 0x00, 0x00, 0x02,
    0x00, 0x00, 0x00, 0x00, 0x00, 0x00, 0x25, 0x15, 0x00, 0x00, 0x00, 0x07, 0x00, 0x00, 0x00, 0x03,
    0x00, 0x00, 0x00, 0x05, 0x00, 0x00, 0x00, 0x09, 0x00, 0x00, 0x00, 0x02, 0x00, 0x00, 0x00, 0x00,
    0x00, 0x00, 0x25, 0x16, 0x00, 0x00, 0x00, 0x07, 0x00, 0x00, 0x00, 0x03, 0x00, 0x00, 0x00, 0x05,
    0x00, 0x00, 0x00, 0x09, 0x00, 0x00, 0x00, 0x02, 0x00, 0x00, 0x00, 0x00, 0x00, 0x00, 0x25, 0x17,
    0x00, 0x00, 0x00, 0x07, 0x00, 0x00, 0x00, 0x03, 0x00, 0x00, 0x00, 0x05, 0x00, 0x00, 0x00, 0x09,
    0x00, 0x00, 0x00, 0x02, 0x00, 0x00, 0x00, 0x00, 0x00, 0x00, 0x25, 0x18, 0x00, 0x00, 0x00, 0x07,
    0x00, 0x00, 0x00, 0x05, 0x00, 0x00, 0x00, 0x05, 0x00, 0x00, 0x00, 0x09, 0x00, 0x00, 0x00, 0x00,
    0x00, 0x00, 0x00, 0x00, 0x00, 0x00, 0x25, 0x19, 0x00, 0x00, 0x00, 0x07, 0x00, 0x00, 0x00, 0x05,
    0x00, 0x00, 0x00, 0x05, 0x00, 0x00, 0x00, 0x09, 0x00, 0x00, 0x00, 0x00, 0x00, 0x00, 0x00, 0x00,
    0x00, 0x00, 0x25, 0x1A, 0x00, 0x00, 0x00, 0x07, 0x00, 0x00, 0x00, 0x05, 0x00, 0x00, 0x00, 0x05,
    0x00, 0x00, 0x00, 0x09, 0x00, 0x00, 0x00, 0x00, 0x00, 0x00, 0x00, 0x00, 0x00, 0x00, 0x25, 0x1B,
    0x00, 0x00, 0x00, 0x07, 0x00, 0x00, 0x00, 0x05, 0x00, 0x00, 0x00, 0x05, 0x00, 0x00, 0x00, 0x09,
    0x00, 0x00, 0x00, 0x00, 0x00, 0x00, 0x00, 0x00, 0x00, 0x00, 0x25, 0x1C, 0x00, 0x00, 0x00, 0x0C,
    0x00, 0x00, 0x00, 0x03, 0x00, 0x00, 0x00, 0x05, 0x00, 0x00, 0x00, 0x09, 0x00, 0x00, 0x00, 0x02,
    0x00, 0x00, 0x00, 0x00, 0x00, 0x00, 0x25, 0x1D, 0x00, 0x00, 0x00, 0x0C, 0x00, 0x00, 0x00, 0x03,
    0x00, 0x00, 0x00, 0x05, 0x00, 0x00, 0x00, 0x09, 0x00, 0x00, 0x00, 0x02, 0x00, 0x00, 0x00, 0x00,
    0x00, 0x00, 0x25, 0x1E, 0x00, 0x00, 0x00, 0x0C, 0x00, 0x00, 0x00, 0x03, 0x00, 0x00, 0x00, 0x05,
    0x00, 0x00, 0x00, 0x09, 0x00, 0x00, 0x00, 0x02, 0x00, 0x00, 0x00, 0x00, 0x00, 0x00, 0x25, 0x1F,
    0x00, 0x00, 0x00, 0x0C, 0x00, 0x00, 0x00, 0x03, 0x00, 0x00, 0x00, 0x05, 0x00, 0x00, 0x00, 0x09,
    0x00, 0x00, 0x00, 0x02, 0x00, 0x00, 0x00, 0x00, 0x00, 0x00, 0x25, 0x20, 0x00, 0x00, 0x00, 0x0C,
    0x00, 0x00, 0x00, 0x03, 0x00, 0x00, 0x00, 0x05, 0x00, 0x00, 0x00, 0x09, 0x00, 0x00, 0x00, 0x02,
    0x00, 0x00, 0x00, 0x00, 0x00, 0x00, 0x25, 0x21, 0x00, 0x00, 0x00, 0x0C, 0x00, 0x00, 0x00, 0x03,
    0x00, 0x00, 0x00, 0x05, 0x00, 0x00, 0x00, 0x09, 0x00, 0x00, 0x00, 0x02, 0x00, 0x00, 0x00, 0x00,
    0x00, 0x00, 0x25, 0x22, 0x00, 0x00, 0x00, 0x0C, 0x00, 0x00, 0x00, 0x03, 0x00, 0x00, 0x00, 0x05,
    0x00, 0x00, 0x00, 0x09, 0x00, 0x00, 0x00, 0x02, 0x00, 0x00, 0x00, 0x00, 0x00, 0x00, 0x25, 0x23,
    0x00, 0x00, 0x00, 0x0C, 0x00, 0x00, 0x00, 0x03, 0x00, 0x00, 0x00, 0x05, 0x00, 0x00, 0x00, 0x09,
    0x00, 0x00, 0x00, 0x02, 0x00, 0x00, 0x00, 0x00, 0x00, 0x00, 0x25, 0x24, 0x00, 0x00, 0x00, 0x0C,
    0x00, 0x00, 0x00, 0x05, 0x00, 0x00, 0x00, 0x05, 0x00, 0x00, 0x00, 0x09, 0x00, 0x00, 0x00, 0x00,
    0x00, 0x00, 0x00, 0x00, 0x00, 0x00, 0x25, 0x25, 0x00, 0x00, 0x00, 0x0C, 0x00, 0x00, 0x00, 0x05,
    0x00, 0x00, 0x00, 0x05, 0x00, 0x00, 0x00, 0x09, 0x00, 0x00, 0x00, 0x00, 0x00, 0x00, 0x00, 0x00,
    0x00, 0x00, 0x25, 0x26, 0x00, 0x00, 0x00, 0x0C, 0x00, 0x00, 0x00, 0x05, 0x00, 0x00, 0x00, 0x05,
    0x00, 0x00, 0x00, 0x09, 0x00, 0x00, 0x00, 0x00, 0x00, 0x00, 0x00, 0x00, 0x00, 0x00, 0x25, 0x27,
    0x00, 0x00, 0x00, 0x0C, 0x00, 0x00, 0x00, 0x05, 0x00, 0x00, 0x00, 0x05, 0x00, 0x00, 0x00, 0x09,
    0x00, 0x00, 0x00, 0x00, 0x00, 0x00, 0x00, 0x00, 0x00, 0x00, 0x25, 0x28, 0x00, 0x00, 0x00, 0x0C,
    0x00, 0x00, 0x00, 0x05, 0x00, 0x00, 0x00, 0x05, 0x00, 0x00, 0x00, 0x09, 0x00, 0x00, 0x00, 0x00,
    0x00, 0x00, 0x00, 0x00, 0x00, 0x00, 0x25, 0x29, 0x00, 0x00, 0x00, 0x0C, 0x00, 0x00, 0x00, 0x05,
    0x00, 0x00, 0x00, 0x05, 0x00, 0x00, 0x00, 0x09, 0x00, 0x00, 0x00, 0x00, 0x00, 0x00, 0x00, 0x00,
    0x00, 0x00, 0x25, 0x2A, 0x00, 0x00, 0x00, 0x0C, 0x00, 0x00, 0x00, 0x05, 0x00, 0x00, 0x00, 0x05,
    0x00, 0x00, 0x00, 0x09, 0x00, 0x00, 0x00, 0x00, 0x00, 0x00, 0x00, 0x00, 0x00, 0x00, 0x25, 0x2B,
    0x00, 0x00, 0x00, 0x0C, 0x00, 0x00, 0x00, 0x05, 0x00, 0x00, 0x00, 0x05, 0x00, 0x00, 0x00, 0x09,
    0x00, 0x00, 0x00, 0x00, 0x00, 0x00, 0x00, 0x00, 0x00, 0x00, 0x25, 0x2C, 0x00, 0x00, 0x00, 0x07,
    0x00, 0x00, 0x00, 0x05, 0x00, 0x00, 0x00, 0x05, 0x00, 0x00, 0x00, 0x04, 0x00, 0x00, 0x00, 0x00,
    0x00, 0x00, 0x00, 0x00, 0x00, 0x00, 0x25, 0x2D, 0x00, 0x00, 0x00, 0x07, 0x00, 0x00, 0x00, 0x05,
    0x00, 0x00, 0x00, 0x05, 0x00, 0x00, 0x00, 0x04, 0x00, 0x00, 0x00, 0x00, 0x00, 0x00, 0x00, 0x00,
    0x00, 0x00, 0x25, 0x2E, 0x00, 0x00, 0x00, 0x07, 0x00, 0x00, 0x00, 0x05, 0x00, 0x00, 0x00, 0x05,
    0x00, 0x00, 0x00, 0x04, 0x00, 0x00, 0x00, 0x00, 0x00, 0x00, 0x00, 0x00, 0x00, 0x00, 0x25, 0x2F,
    0x00, 0x00, 0x00, 0x07, 0x00, 0x00, 0x00, 0x05, 0x00, 0x00, 0x00, 0x05, 0x00, 0x00, 0x00, 0x04,
    0x00, 0x00, 0x00, 0x00, 0x00, 0x00, 0x00, 0x00, 0x00, 0x00, 0x25, 0x30, 0x00, 0x00, 0x00, 0x07,
    0x00, 0x00, 0x00, 0x05, 0x00, 0x00, 0x00, 0x05, 0x00, 0x00, 0x00, 0x04, 0x00, 0x00, 0x00, 0x00,
    0x00, 0x00, 0x00, 0x00, 0x00, 0x00, 0x25, 0x31, 0x00, 0x00, 0x00, 0x07, 0x00, 0x00, 0x00, 0x05,
    0x00, 0x00, 0x00, 0x05, 0x00, 0x00, 0x00, 0x04, 0x00, 0x00, 0x00, 0x00, 0x00, 0x00, 0x00, 0x00,
    0x00, 0x00, 0x25, 0x32, 0x00, 0x00, 0x00, 0x07, 0x00, 0x00, 0x00, 0x05, 0x00, 0x00, 0x00, 0x05,
    0x00, 0x00, 0x00, 0x04, 0x00, 0x00, 0x00, 0x00, 0x00, 0x00, 0x00, 0x00, 0x00, 0x00, 0x25, 0x33,
    0x00, 0x00, 0x00, 0x07, 0x00, 0x00, 0x00, 0x05, 0x00, 0x00, 0x00, 0x05, 0x00, 0x00, 0x00, 0x04,
    0x00, 0x00, 0x00, 0x00, 0x00, 0x00, 0x00, 0x00, 0x00, 0x00, 0x25, 0x34, 0x00, 0x00, 0x00, 0x07,
    0x00, 0x00, 0x00, 0x05, 0x00, 0x00, 0x00, 0x05, 0x00, 0x00, 0x00, 0x09, 0x00, 0x00, 0x00, 0x00,
    0x00, 0x00, 0x00, 0x00, 0x00, 0x00, 0x25, 0x35, 0x00, 0x00, 0x00, 0x07, 0x00, 0x00, 0x00, 0x05,
    0x00, 0x00, 0x00, 0x05, 0x00, 0x00, 0x00, 0x09, 0x00, 0x00, 0x00, 0x00, 0x00, 0x00, 0x00, 0x00,
    0x00, 0x00, 0x25, 0x36, 0x00, 0x00, 0x00, 0x07, 0x00, 0x00, 0x00, 0x05, 0x00, 0x00, 0x00, 0x05,
    0x00, 0x00, 0x00, 0x09, 0x00, 0x00, 0x00, 0x00, 0x00, 0x00, 0x00, 0x00, 0x00, 0x00, 0x25, 0x37,
    0x00, 0x00, 0x00, 0x07, 0x00, 0x00, 0x00, 0x05, 0x00, 0x00, 0x00, 0x05, 0x00, 0x00, 0x00, 0x09,
    0x00, 0x00, 0x00, 0x00, 0x00, 0x00, 0x00, 0x00, 0x00, 0x00, 0x25, 0x38, 0x00, 0x00, 0x00, 0x07,
    0x00, 0x00, 0x00, 0x05, 0x00, 0x00, 0x00, 0x05, 0x00, 0x00, 0x00, 0x09, 0x00, 0x00, 0x00, 0x00,
    0x00, 0x00, 0x00, 0x00, 0x00, 0x00, 0x25, 0x39, 0x00, 0x00, 0x00, 0x07, 0x00, 0x00, 0x00, 0x05,
    0x00, 0x00, 0x00, 0x05, 0x00, 0x00, 0x00, 0x09, 0x00, 0x00, 0x00, 0x00, 0x00, 0x00, 0x00, 0x00,
    0x00, 0x00, 0x25, 0x3A, 0x00, 0x00, 0x00, 0x07, 0x00, 0x00, 0x00, 0x05, 0x00, 0x00, 0x00, 0x05,
    0x00, 0x00, 0x00, 0x09, 0x00, 0x00, 0x00, 0x00, 0x00, 0x00, 0x00, 0x00, 0x00, 0x00, 0x25, 0x3B,
    0x00, 0x00, 0x00, 0x07, 0x00, 0x00, 0x00, 0x05, 0x00, 0x00, 0x00, 0x05, 0x00, 0x00, 0x00, 0x09,
    0x00, 0x00, 0x00, 0x00, 0x00, 0x00, 0x00, 0x00, 0x00, 0x00, 0x25, 0x3C, 0x00, 0x00, 0x00, 0x0C,
    0x00, 0x00, 0x00, 0x05, 0x00, 0x00, 0x00, 0x05, 0x00, 0x00, 0x00, 0x09, 0x00, 0x00, 0x00, 0x00,
    0x00, 0x00, 0x00, 0x00, 0x00, 0x00, 0x25, 0x3D, 0x00, 0x00, 0x00, 0x0C, 0x00, 0x00, 0x00, 0x05,
    0x00, 0x00, 0x00, 0x05, 0x00, 0x00, 0x00, 0x09, 0x00, 0x00, 0x00, 0x00, 0x00, 0x00, 0x00, 0x00,
    0x00, 0x00, 0x25, 0x3E, 0x00, 0x00, 0x00, 0x0C, 0x00, 0x00, 0x00, 0x05, 0x00, 0x00, 0x00, 0x05,
    0x00, 0x00, 0x00, 0x09, 0x00, 0x00, 0x00, 0x00, 0x00, 0x00, 0x00, 0x00, 0x00, 0x00, 0x25, 0x3F,
    0x00, 0x00, 0x00, 0x0C, 0x00, 0x00, 0x00, 0x05, 0x00, 0x00, 0x00, 0x05, 0x00, 0x00, 0x00, 0x09,
    0x00, 0x00, 0x00, 0x00, 0x00, 0x00, 0x00, 0x00, 0x00, 0x00, 0x25, 0x40, 0x00, 0x00, 0x00, 0x0C,
    0x00, 0x00, 0x00, 0x05, 0x00, 0x00, 0x00, 0x05, 0x00, 0x00, 0x00, 0x09, 0x00, 0x00, 0x00, 0x00,
    0x00, 0x00, 0x00, 0x00, 0x00, 0x00, 0x25, 0x41, 0x00, 0x00, 0x00, 0x0C, 0x00, 0x00, 0x00, 0x05,
    0x00, 0x00, 0x00, 0x05, 0x00, 0x00, 0x00, 0x09, 0x00, 0x00, 0x00, 0x00, 0x00, 0x00, 0x00, 0x00,
    0x00, 0x00, 0x25, 0x42, 0x00, 0x00, 0x00, 0x0C, 0x00, 0x00, 0x00, 0x05, 0x00, 0x00, 0x00, 0x05,
    0x00, 0x00, 0x00, 0x09, 0x00, 0x00, 0x00, 0x00, 0x00, 0x00, 0x00, 0x00, 0x00, 0x00, 0x25, 0x43,
    0x00, 0x00, 0x00, 0x0C, 0x00, 0x00, 0x00, 0x05, 0x00, 0x00, 0x00, 0x05, 0x00, 0x00, 0x00, 0x09,
    0x00, 0x00, 0x00, 0x00, 0x00, 0x00, 0x00, 0x00, 0x00, 0x00, 0x25, 0x44, 0x00, 0x00, 0x00, 0x0C,
    0x00, 0x00, 0x00, 0x05, 0x00, 0x00, 0x00, 0x05, 0x00, 0x00, 0x00, 0x09, 0x00, 0x00, 0x00, 0x00,
    0x00, 0x00, 0x00, 0x00, 0x00, 0x00, 0x25, 0x45, 0x00, 0x00, 0x00, 0x0C, 0x00, 0x00, 0x00, 0x05,
    0x00, 0x00, 0x00, 0x05, 0x00, 0x00, 0x00, 0x09, 0x00, 0x00, 0x00, 0x00, 0x00, 0x00, 0x00, 0x00,
    0x00, 0x00, 0x25, 0x46, 0x00, 0x00, 0x00, 0x0C, 0x00, 0x00, 0x00, 0x05, 0x00, 0x00, 0x00, 0x05,
    0x00, 0x00, 0x00, 0x09, 0x00, 0x00, 0x00, 0x00, 0x00, 0x00, 0x00, 0x00, 0x00, 0x00, 0x25, 0x47,
    0x00, 0x00, 0x00, 0x0C, 0x00, 0x00, 0x00, 0x05, 0x00, 0x00, 0x00, 0x05, 0x00, 0x00, 0x00, 0x09,
    0x00, 0x00, 0x00, 0x00, 0x00, 0x00, 0x00, 0x00, 0x00, 0x00, 0x25, 0x48, 0x00, 0x00, 0x00, 0x0C,
    0x00, 0x00, 0x00, 0x05, 0x00, 0x00, 0x00, 0x05, 0x00, 0x00, 0x00, 0x09, 0x00, 0x00, 0x00, 0x00,
    0x00, 0x00, 0x00, 0x00, 0x00, 0x00, 0x25, 0x49, 0x00, 0x00, 0x00, 0x0C, 0x00, 0x00, 0x00, 0x05,
    0x00, 0x00, 0x00, 0x05, 0x00, 0x00, 0x00, 0x09, 0x00, 0x00, 0x00, 0x00, 0x00, 0x00, 0x00, 0x00,
    0x00, 0x00, 0x25, 0x4A, 0x00, 0x00, 0x00, 0x0C, 0x00, 0x00, 0x00, 0x05, 0x00, 0x00, 0x00, 0x05,
    0x00, 0x00, 0x00, 0x09, 0x00, 0x00, 0x00, 0x00, 0x00, 0x00, 0x00, 0x00, 0x00, 0x00, 0x25, 0x4B,
    0x00, 0x00, 0x00, 0x0C, 0x00, 0x00, 0x00, 0x05, 0x00, 0x00, 0x00, 0x05, 0x00, 0x00, 0x00, 0x09,
    0x00, 0x00, 0x00, 0x00, 0x00, 0x00, 0x00, 0x00, 0x00, 0x00, 0x25, 0x4C, 0x00, 0x00, 0x00, 0x02,
    0x00, 0x00, 0x00, 0x05, 0x00, 0x00, 0x00, 0x05, 0x00, 0x00, 0x00, 0x04, 0x00, 0x00, 0x00, 0x00,
    0x00, 0x00, 0x00, 0x00, 0x00, 0x00, 0x25, 0x4D, 0x00, 0x00, 0x00, 0x02, 0x00, 0x00, 0x00, 0x05,
    0x00, 0x00, 0x00, 0x05, 0x00, 0x00, 0x00, 0x04, 0x00, 0x00, 0x00, 0x00, 0x00, 0x00, 0x00, 0x00,
    0x00, 0x00, 0x25, 0x4E, 0x00, 0x00, 0x00, 0x0A, 0x00, 0x00, 0x00, 0x01, 0x00, 0x00, 0x00, 0x05,
    0x00, 0x00, 0x00, 0x08, 0x00, 0x00, 0x00, 0x02, 0x00, 0x00, 0x00, 0x00, 0x00, 0x00, 0x25, 0x4F,
    0x00, 0x00, 0x00, 0x0A, 0x00, 0x00, 0x00, 0x02, 0x00, 0x00, 0x00, 0x05, 0x00, 0x00, 0x00, 0x08,
    0x00, 0x00, 0x00, 0x02, 0x00, 0x00, 0x00, 0x00, 0x00, 0x00, 0x25, 0x50, 0x00, 0x00, 0x00, 0x03,
    0x00, 0x00, 0x00, 0x05, 0x00, 0x00, 0x00, 0x05, 0x00, 0x00, 0x00, 0x05, 0x00, 0x00, 0x00, 0x00,
    0x00, 0x00, 0x00, 0x00, 0x00, 0x00, 0x25, 0x51, 0x00, 0x00, 0x00, 0x0C, 0x00, 0x00, 0x00, 0x03,
    0x00, 0x00, 0x00, 0x05, 0x00, 0x00, 0x00, 0x09, 0x00, 0x00, 0x00, 0x01, 0x00, 0x00, 0x00, 0x00,
    0x00, 0x00, 0x25, 0x52, 0x00, 0x00, 0x00, 0x08, 0x00, 0x00, 0x00, 0x03, 0x00, 0x00, 0x00, 0x05,
    0x00, 0x00, 0x00, 0x05, 0x00, 0x00, 0x00, 0x02, 0x00, 0x00, 0x00, 0x00, 0x00, 0x00, 0x25, 0x53,
    0x00, 0x00, 0x00, 0x07, 0x00, 0x00, 0x00, 0x04, 0x00, 0x00, 0x00, 0x05, 0x00, 0x00, 0x00, 0x04,
    0x00, 0x00, 0x00, 0x01, 0x00, 0x00, 0x00, 0x00, 0x00, 0x00, 0x25, 0x54, 0x00, 0x00, 0x00, 0x08,
    0x00, 0x00, 0x00, 0x04, 0x00, 0x00, 0x00, 0x05, 0x00, 0x00, 0x00, 0x05, 0x00, 0x00, 0x00, 0x01,
    0x00, 0x00, 0x00, 0x00, 0x00, 0x00, 0x25, 0x55, 0x00, 0x00, 0x00, 0x08, 0x00, 0x00, 0x00, 0x05,
    0x00, 0x00, 0x00, 0x05, 0x00, 0x00, 0x00, 0x05, 0x00, 0x00, 0x00, 0x00, 0x00, 0x00, 0x00, 0x00,
    0x00, 0x00, 0x25, 0x56, 0x00, 0x00, 0x00, 0x07, 0x00, 0x00, 0x00, 0x05, 0x00, 0x00, 0x00, 0x05,
    0x00, 0x00, 0x00, 0x04, 0x00, 0x00, 0x00, 0x00, 0x00, 0x00, 0x00, 0x00, 0x00, 0x00, 0x25, 0x57,
    0x00, 0x00, 0x00, 0x08, 0x00, 0x00, 0x00, 0x04, 0x00, 0x00, 0x00, 0x05, 0x00, 0x00, 0x00, 0x05,
    0x00, 0x00, 0x00, 0x00, 0x00, 0x00, 0x00, 0x00, 0x00, 0x00, 0x25, 0x58, 0x00, 0x00, 0x00, 0x07,
    0x00, 0x00, 0x00, 0x03, 0x00, 0x00, 0x00, 0x05, 0x00, 0x00, 0x00, 0x09, 0x00, 0x00, 0x00, 0x02,
    0x00, 0x00, 0x00, 0x00, 0x00, 0x00, 0x25, 0x59, 0x00, 0x00, 0x00, 0x07, 0x00, 0x00, 0x00, 0x04,
    0x00, 0x00, 0x00, 0x05, 0x00, 0x00, 0x00, 0x09, 0x00, 0x00, 0x00, 0x01, 0x00, 0x00, 0x00, 0x00,
    0x00, 0x00, 0x25, 0x5A, 0x00, 0x00, 0x00, 0x07, 0x00, 0x00, 0x00, 0x04, 0x00, 0x00, 0x00, 0x05,
    0x00, 0x00, 0x00, 0x09, 0x00, 0x00, 0x00, 0x01, 0x00, 0x00, 0x00, 0x00, 0x00, 0x00, 0x25, 0x5B,
    0x00, 0x00, 0x00, 0x07, 0x00, 0x00, 0x00, 0x05, 0x00, 0x00, 0x00, 0x05, 0x00, 0x00, 0x00, 0x09,
    0x00, 0x00, 0x00, 0x00, 0x00, 0x00, 0x00, 0x00, 0x00, 0x00, 0x25, 0x5C, 0x00, 0x00, 0x00, 0x07,
    0x00, 0x00, 0x00, 0x05, 0x00, 0x00, 0x00, 0x05, 0x00, 0x00, 0x00, 0x09, 0x00, 0x00, 0x00, 0x00,
    0x00, 0x00, 0x00, 0x00, 0x00, 0x00, 0x25, 0x5D, 0x00, 0x00, 0x00, 0x07, 0x00, 0x00, 0x00, 0x04,
    0x00, 0x00, 0x00, 0x05, 0x00, 0x00, 0x00, 0x09, 0x00, 0x00, 0x00, 0x00, 0x00, 0x00, 0x00, 0x00,
    0x00, 0x00, 0x25, 0x5E, 0x00, 0x00, 0x00, 0x0C, 0x00, 0x00, 0x00, 0x03, 0x00, 0x00, 0x00, 0x05,
    0x00, 0x00, 0x00, 0x09, 0x00, 0x00, 0x00, 0x02, 0x00, 0x00, 0x00, 0x00, 0x00, 0x00, 0x25, 0x5F,
    0x00, 0x00, 0x00, 0x0C, 0x00, 0x00, 0x00, 0x04, 0x00, 0x00, 0x00, 0x05, 0x00, 0x00, 0x00, 0x09,
    0x00, 0x00, 0x00, 0x01, 0x00, 0x00, 0x00, 0x00, 0x00, 0x00, 0x25, 0x60, 0x00, 0x00, 0x00, 0x0C,
    0x00, 0x00, 0x00, 0x04, 0x00, 0x00, 0x00, 0x05, 0x00, 0x00, 0x00, 0x09, 0x00, 0x00, 0x00, 0x01,
    0x00, 0x00, 0x00, 0x00, 0x00, 0x00, 0x25, 0x61, 0x00, 0x00, 0x00, 0x0C, 0x00, 0x00, 0x00, 0x05,
    0x00, 0x00, 0x00, 0x05, 0x00, 0x00, 0x00, 0x09, 0x00, 0x00, 0x00, 0x00, 0x00, 0x00, 0x00, 0x00,
    0x00, 0x00, 0x25, 0x62, 0x00, 0x00, 0x00, 0x0C, 0x00, 0x00, 0x00, 0x04, 0x00, 0x00, 0x00, 0x05,
    0x00, 0x00, 0x00, 0x09, 0x00, 0x00, 0x00, 0x00, 0x00, 0x00, 0x00, 0x00, 0x00, 0x00, 0x25, 0x63,
    0x00, 0x00, 0x00, 0x0C, 0x00, 0x00, 0x00, 0x04, 0x00, 0x00, 0x00, 0x05, 0x00, 0x00, 0x00, 0x09,
    0x00, 0x00, 0x00, 0x00, 0x00, 0x00, 0x00, 0x00, 0x00, 0x00, 0x25, 0x64, 0x00, 0x00, 0x00, 0x08,
    0x00, 0x00, 0x00, 0x05, 0x00, 0x00, 0x00, 0x05, 0x00, 0x00, 0x00, 0x05, 0x00, 0x00, 0x00, 0x00,
    0x00, 0x00, 0x00, 0x00, 0x00, 0x00, 0x25, 0x65, 0x00, 0x00, 0x00, 0x07, 0x00, 0x00, 0x00, 0x05,
    0x00, 0x00, 0x00, 0x05, 0x00, 0x00, 0x00, 0x04, 0x00, 0x00, 0x00, 0x00, 0x00, 0x00, 0x00, 0x00,
    0x00, 0x00, 0x25, 0x66, 0x00, 0x00, 0x00, 0x08, 0x00, 0x00, 0x00, 0x05, 0x00, 0x00, 0x00, 0x05,
    0x00, 0x00, 0x00, 0x05, 0x00, 0x00, 0x00, 0x00, 0x00, 0x00, 0x00, 0x00, 0x00, 0x00, 0x25, 0x67,
    0x00, 0x00, 0x00, 0x07, 0x00, 0x00, 0x00, 0x05, 0x00, 0x00, 0x00, 0x05, 0x00, 0x00, 0x00, 0x09,
    0x00, 0x00, 0x00, 0x00, 0x00, 0x00, 0x00, 0x00, 0x00, 0x00, 0x25, 0x68, 0x00, 0x00, 0x00, 0x07,
    0x00, 0x00, 0x00, 0x05, 0x00, 0x00, 0x00, 0x05, 0x00, 0x00, 0x00, 0x09, 0x00, 0x00, 0x00, 0x00,
    0x00, 0x00, 0x00, 0x00, 0x00, 0x00, 0x25, 0x69, 0x00, 0x00, 0x00, 0x07, 0x00, 0x00, 0x00, 0x05,
    0x00, 0x00, 0x00, 0x05, 0x00, 0x00, 0x00, 0x09, 0x00, 0x00, 0x00, 0x00, 0x00, 0x00, 0x00, 0x00,
    0x00, 0x00, 0x25, 0x6A, 0x00, 0x00, 0x00, 0x0C, 0x00, 0x00, 0x00, 0x05, 0x00, 0x00, 0x00, 0x05,
    0x00, 0x00, 0x00, 0x09, 0x00, 0x00, 0x00, 0x00, 0x00, 0x00, 0x00, 0x00, 0x00, 0x00, 0x25, 0x6B,
    0x00, 0x00, 0x00, 0x0C, 0x00, 0x00, 0x00, 0x05, 0x00, 0x00, 0x00, 0x05, 0x00, 0x00, 0x00, 0x09,
    0x00, 0x00, 0x00, 0x00, 0x00, 0x00, 0x00, 0x00, 0x00, 0x00, 0x25, 0x6C, 0x00, 0x00, 0x00, 0x0C,
    0x00, 0x00, 0x00, 0x05, 0x00, 0x00, 0x00, 0x05, 0x00, 0x00, 0x00, 0x09, 0x00, 0x00, 0x00, 0x00,
    0x00, 0x00, 0x00, 0x00, 0x00, 0x00, 0x25, 0x6D, 0x00, 0x00, 0x00, 0x07, 0x00, 0x00, 0x00, 0x03,
    0x00, 0x00, 0x00, 0x05, 0x00, 0x00, 0x00, 0x04, 0x00, 0x00, 0x00, 0x02, 0x00, 0x00, 0x00, 0x00,
    0x00, 0x00, 0x25, 0x6E, 0x00, 0x00, 0x00, 0x07, 0x00, 0x00, 0x00, 0x05, 0x00, 0x00, 0x00, 0x05,
    0x00, 0x00, 0x00, 0x04, 0x00, 0x00, 0x00, 0x00, 0x00, 0x00, 0x00, 0x00, 0x00, 0x00, 0x25, 0x6F,
    0x00, 0x00, 0x00, 0x07, 0x00, 0x00, 0x00, 0x05, 0x00, 0x00, 0x00, 0x05, 0x00, 0x00, 0x00, 0x09,
    0x00, 0x00, 0x00, 0x00, 0x00, 0x00, 0x00, 0x00, 0x00, 0x00, 0x25, 0x70, 0x00, 0x00, 0x00, 0x07,
    0x00, 0x00, 0x00, 0x03, 0x00, 0x00, 0x00, 0x05, 0x00, 0x00, 0x00, 0x09, 0x00, 0x00, 0x00, 0x02,
    0x00, 0x00, 0x00, 0x00, 0x00, 0x00, 0x25, 0x71, 0x00, 0x00, 0x00, 0x0C, 0x00, 0x00, 0x00, 0x05,
    0x00, 0x00, 0x00, 0x05, 0x00, 0x00, 0x00, 0x09, 0x00, 0x00, 0x00, 0x00, 0x00, 0x00, 0x00, 0x00,
    0x00, 0x00, 0x25, 0x72, 0x00, 0x00, 0x00, 0x0C, 0x00, 0x00, 0x00, 0x05, 0x00, 0x00, 0x00, 0x05,
    0x00, 0x00, 0x00, 0x09, 0x00, 0x00, 0x00, 0x00, 0x00, 0x00, 0x00, 0x00, 0x00, 0x00, 0x25, 0x73,
    0x00, 0x00, 0x00, 0x0C, 0x00, 0x00, 0x00, 0x05, 0x00, 0x00, 0x00, 0x05, 0x00, 0x00, 0x00, 0x09,
    0x00, 0x00, 0x00, 0x00, 0x00, 0x00, 0x00, 0x00, 0x00, 0x00, 0x25, 0x74, 0x00, 0x00, 0x00, 0x02,
    0x00, 0x00, 0x00, 0x05, 0x00, 0x00, 0x00, 0x05, 0x00, 0x00, 0x00, 0x04, 0x00, 0x00, 0x00, 0x00,
    0x00, 0x00, 0x00, 0x00, 0x00, 0x00, 0x25, 0x75, 0x00, 0x00, 0x00, 0x06, 0x00, 0x00, 0x00, 0x01,
    0x00, 0x00, 0x00, 0x05, 0x00, 0x00, 0x00, 0x09, 0x00, 0x00, 0x00, 0x02, 0x00, 0x00, 0x00, 0x00,
    0x00, 0x00, 0x25, 0x76, 0x00, 0x00, 0x00, 0x02, 0x00, 0x00, 0x00, 0x03, 0x00, 0x00, 0x00, 0x05,
    0x00, 0x00, 0x00, 0x04, 0x00, 0x00, 0x00, 0x02, 0x00, 0x00, 0x00, 0x00, 0x00, 0x00, 0x25, 0x77,
    0x00, 0x00, 0x00, 0x07, 0x00, 0x00, 0x00, 0x01, 0x00, 0x00, 0x00, 0x05, 0x00, 0x00, 0x00, 0x04,
    0x00, 0x00, 0x00, 0x02, 0x00, 0x00, 0x00, 0x00, 0x00, 0x00, 0x25, 0x78, 0x00, 0x00, 0x00, 0x02,
    0x00, 0x00, 0x00, 0x05, 0x00, 0x00, 0x00, 0x05, 0x00, 0x00, 0x00, 0x04, 0x00, 0x00, 0x00, 0x00,
    0x00, 0x00, 0x00, 0x00, 0x00, 0x00, 0x25, 0x79, 0x00, 0x00, 0x00, 0x06, 0x00, 0x00, 0x00, 0x02,
    0x00, 0x00, 0x00, 0x05, 0x00, 0x00, 0x00, 0x09, 0x00, 0x00, 0x00, 0x02, 0x00, 0x00, 0x00, 0x00,
    0x00, 0x00, 0x25, 0x7A, 0x00, 0x00, 0x00, 0x02, 0x00, 0x00, 0x00, 0x03, 0x00, 0x00, 0x00, 0x05,
    0x00, 0x00, 0x00, 0x04, 0x00, 0x00, 0x00, 0x02, 0x00, 0x00, 0x00, 0x00, 0x00, 0x00, 0x25, 0x7B,
    0x00, 0x00, 0x00, 0x07, 0x00, 0x00, 0x00, 0x02, 0x00, 0x00, 0x00, 0x05, 0x00, 0x00, 0x00, 0x04,
    0x00, 0x00, 0x00, 0x02, 0x00, 0x00, 0x00, 0x00, 0x00, 0x00, 0x25, 0x7C, 0x00, 0x00, 0x00, 0x02,
    0x00, 0x00, 0x00, 0x05, 0x00, 0x00, 0x00, 0x05, 0x00, 0x00, 0x00, 0x04, 0x00, 0x00, 0x00, 0x00,
    0x00, 0x00, 0x00, 0x00, 0x00, 0x00, 0x25, 0x7D, 0x00, 0x00, 0x00, 0x0C, 0x00, 0x00, 0x00, 0x02,
    0x00, 0x00, 0x00, 0x05, 0x00, 0x00, 0x00, 0x09, 0x00, 0x00, 0x00, 0x02, 0x00, 0x00, 0x00, 0x00,
    0x00, 0x00, 0x25, 0x7E, 0x00, 0x00, 0x00, 0x02, 0x00, 0x00, 0x00, 0x05, 0x00, 0x00, 0x00, 0x05,
    0x00, 0x00, 0x00, 0x04, 0x00, 0x00, 0x00, 0x00, 0x00, 0x00, 0x00, 0x00, 0x00, 0x00, 0x25, 0x7F,
    0x00, 0x00, 0x00, 0x0C, 0x00, 0x00, 0x00, 0x02, 0x00, 0x00, 0x00, 0x05, 0x00, 0x00, 0x00, 0x09,
    0x00, 0x00, 0x00, 0x02, 0x00, 0x00, 0x00, 0x00, 0x00, 0x00, 0x25, 0xA0, 0x00, 0x00, 0x00, 0x07,
    0x00, 0x00, 0x00, 0x05, 0x00, 0x00, 0x00, 0x05, 0x00, 0x00, 0x00, 0x06, 0x00, 0x00, 0x00, 0x00,
    0x00, 0x00, 0x00, 0x00, 0x00, 0x00, 0x25, 0xA1, 0x00, 0x00, 0x00, 0x06, 0x00, 0x00, 0x00, 0x05,
    0x00, 0x00, 0x00, 0x05, 0x00, 0x00, 0x00, 0x05, 0x00, 0x00, 0x00, 0x00, 0x00, 0x00, 0x00, 0x00,
    0x00, 0x00, 0x25, 0xB2, 0x00, 0x00, 0x00, 0x07, 0x00, 0x00, 0x00, 0x05, 0x00, 0x00, 0x00, 0x05,
    0x00, 0x00, 0x00, 0x06, 0x00, 0x00, 0x00, 0x00, 0x00, 0x00, 0x00, 0x00, 0x00, 0x00, 0x25, 0xB6,
    0x00, 0x00, 0x00, 0x07, 0x00, 0x00, 0x00, 0x05, 0x00, 0x00, 0x00, 0x05, 0x00, 0x00, 0x00, 0x06,
    0x00, 0x00, 0x00, 0x00, 0x00, 0x00, 0x00, 0x00, 0x00, 0x00, 0x25, 0xBC, 0x00, 0x00, 0x00, 0x07,
    0x00, 0x00, 0x00, 0x05, 0x00, 0x00, 0x00, 0x05, 0x00, 0x00, 0x00, 0x06, 0x00, 0x00, 0x00, 0x00,
    0x00, 0x00, 0x00, 0x00, 0x00, 0x00, 0x25, 0xC0, 0x00, 0x00, 0x00, 0x07, 0x00, 0x00, 0x00, 0x05,
    0x00, 0x00, 0x00, 0x05, 0x00, 0x00, 0x00, 0x06, 0x00, 0x00, 0x00, 0x00, 0x00, 0x00, 0x00, 0x00,
    0x00, 0x00, 0x25, 0xC6, 0x00, 0x00, 0x00, 0x07, 0x00, 0x00, 0x00, 0x05, 0x00, 0x00, 0x00, 0x05,
    0x00, 0x00, 0x00, 0x06, 0x00, 0x00, 0x00, 0x00, 0x00, 0x00, 0x00, 0x00, 0x00, 0x00, 0x25, 0xC7,
    0x00, 0x00, 0x00, 0x07, 0x00, 0x00, 0x00, 0x05, 0x00, 0x00, 0x00, 0x05, 0x00, 0x00, 0x00, 0x06,
    0x00, 0x00, 0x00, 0x00, 0x00, 0x00, 0x00, 0x00, 0x00, 0x00, 0x25, 0xCB, 0x00, 0x00, 0x00, 0x06,
    0x00, 0x00, 0x00, 0x05, 0x00, 0x00, 0x00, 0x05, 0x00, 0x00, 0x00, 0x05, 0x00, 0x00, 0x00, 0x00,
    0x00, 0x00, 0x00, 0x00, 0x00, 0x00, 0x25, 0xCF, 0x00, 0x00, 0x00, 0x07, 0x00, 0x00, 0x00, 0x05,
    0x00, 0x00, 0x00, 0x05, 0x00, 0x00, 0x00, 0x06, 0x00, 0x00, 0x00, 0x00, 0x00, 0x00, 0x00, 0x00,
    0x00, 0x00, 0x26, 0x10, 0x00, 0x00, 0x00, 0x06, 0x00, 0x00, 0x00, 0x06, 0x00, 0x00, 0x00, 0x07,
    0x00, 0x00, 0x00, 0x06, 0x00, 0x00, 0x00, 0x00, 0x00, 0x00, 0x00, 0x00, 0x00, 0x00, 0x26, 0x11,
    0x00, 0x00, 0x00, 0x07, 0x00, 0x00, 0x00, 0x07, 0x00, 0x00, 0x00, 0x07, 0x00, 0x00, 0x00, 0x06,
    0x00, 0x00, 0x00, 0x00, 0x00, 0x00, 0x00, 0x00, 0x00, 0x00, 0x26, 0x99, 0x00, 0x00, 0x00, 0x07,
    0x00, 0x00, 0x00, 0x07, 0x00, 0x00, 0x00, 0x07, 0x00, 0x00, 0x00, 0x07, 0x00, 0x00, 0x00, 0x00,
    0x00, 0x00, 0x00, 0x00, 0x00, 0x00, 0x27, 0x13, 0x00, 0x00, 0x00, 0x06, 0x00, 0x00, 0x00, 0x06,
    0x00, 0x00, 0x00, 0x07, 0x00, 0x00, 0x00, 0x07, 0x00, 0x00, 0x00, 0x00, 0x00, 0x00, 0x00, 0x00,
    0x00, 0x00, 0x27, 0x17, 0x00, 0x00, 0x00, 0x08, 0x00, 0x00, 0x00, 0x06, 0x00, 0x00, 0x00, 0x07,
    0x00, 0x00, 0x00, 0x07, 0x00, 0x00, 0x00, 0x00, 0x00, 0x00, 0x00, 0x00, 0x00, 0x00, 0x27, 0x18,
    0x00, 0x00, 0x00, 0x09, 0x00, 0x00, 0x00, 0x07, 0x00, 0x00, 0x00, 0x07, 0x00, 0x00, 0x00, 0x08,
    0x00, 0x00, 0x00, 0x00, 0x00, 0x00, 0x00, 0x00, 0x00, 0x00, 0x2B, 0x07, 0x00, 0x00, 0x00, 0x06,
    0x00, 0x00, 0x00, 0x04, 0x00, 0x00, 0x00, 0x05, 0x00, 0x00, 0x00, 0x06, 0x00, 0x00, 0x00, 0x01,
    0x00, 0x00, 0x00, 0x00, 0x03, 0xFF, 0x6F, 0x31, 0xFF, 0x30, 0x52, 0xFF, 0x00, 0x58, 0xC9, 0x00,
    0x2D, 0x4E, 0x00, 0x84, 0x5A, 0x00, 0xFF, 0x93, 0x00, 0xFF, 0x36, 0xEB, 0x96, 0xFF, 0x36, 0xEB,
    0x96, 0x9F, 0x16, 0x76, 0x3F, 0x00, 0x05, 0xFF, 0xB1, 0x00, 0x00, 0x22, 0xED, 0xAC, 0x00, 0x00,
    0xD4, 0xFF, 0xFF, 0xA2, 0x00, 0x5D, 0x5D, 0x80, 0x00, 0x14, 0xFF, 0xFF, 0xFF, 0x00, 0x00, 0x94,
    0x8A, 0x4E, 0x00, 0x00, 0xAA, 0xB5, 0x3F, 0x00, 0x00, 0x00, 0x43, 0xFC, 0x00, 0x00, 0x97, 0xFF,
    0xFF, 0xBC, 0x15, 0xFF, 0xA7, 0x55, 0x37, 0x09, 0xFF, 0xFF, 0xB7, 0x09, 0x00, 0x0D, 0xD8, 0xFF,
    0xA3, 0xBA, 0x93, 0xE3, 0xFF, 0x7B, 0x8A, 0xFD, 0xFF, 0x8E, 0x00, 0x00, 0xB4, 0x9C, 0x00, 0x00,
    0xCF, 0xC6, 0x00, 0x00, 0x00, 0x65, 0xC8, 0x09, 0x03, 0x0D, 0xD1, 0xEE, 0xAC, 0xAD, 0x54, 0xB6,
    0xBE, 0xFB, 0xB2, 0x1E, 0x02, 0x85, 0x6D, 0x97, 0x9C, 0x00, 0x41, 0xF5, 0xCF, 0x31, 0x00, 0x16,
    0xFC, 0xCE, 0x00, 0x00, 0x4F, 0xDE, 0x1E, 0x00, 0x00, 0x4D, 0xFF, 0x00, 0x00, 0x00, 0xBC, 0xFF,
    0x66, 0x27, 0x0A, 0xBD, 0xDF, 0xF3, 0x28, 0x1B, 0xCF, 0x85, 0xCD, 0x00, 0x00, 0xD0, 0xFF, 0xD6,
    0x00, 0xFF, 0x66, 0xFF, 0x66, 0x8A, 0x2A, 0x00, 0x15, 0xFF, 0x42, 0x00, 0xC8, 0xA7, 0x00, 0x42,
    0xFF, 0x1C, 0x00, 0xA8, 0xDE, 0x00, 0x00, 0xE6, 0xA0, 0x00, 0x00, 0xE9, 0xAB, 0x00, 0x00, 0xBC,
    0xAF, 0x00, 0x00, 0x69, 0xF5, 0x00, 0x00, 0x00, 0x57, 0xFF, 0x00, 0x00, 0x06, 0xFF, 0x33, 0x00,
    0x00, 0xFF, 0x6A, 0x00, 0x00, 0xFF, 0x63, 0x00, 0x3C, 0xFF, 0x1F, 0x00, 0xBD, 0xE2, 0x00, 0x15,
    0xFF, 0x46, 0x00, 0xC1, 0xAC, 0x00, 0x00, 0x00, 0x00, 0xC6, 0x07, 0x00, 0x66, 0xA6, 0xEC, 0x88,
    0xBA, 0x03, 0x87, 0xFF, 0xD5, 0x1F, 0x00, 0xB1, 0x8B, 0xED, 0x16, 0x00, 0x66, 0x00, 0x3D, 0x28,
    0x00, 0xA2, 0x45, 0x00, 0x00, 0x00, 0xCC, 0x5A, 0x00, 0x00, 0xEB, 0xFF, 0xFF, 0xD5, 0x2B, 0x24,
    0xD4, 0x79, 0x22, 0x04, 0x00, 0xCC, 0x5A, 0x00, 0x00, 0x00, 0x84, 0x27, 0x06, 0xFF, 0xA0, 0x00,
    0x9C, 0x9C, 0x37, 0xBA, 0x07, 0x00, 0x0F, 0x12, 0x12, 0x0A, 0x03, 0xFF, 0xFF, 0xFF, 0xA0, 0x06,
    0x54, 0x54, 0x54, 0x1F, 0x00, 0xB4, 0x33, 0x06, 0xFF, 0x73, 0x00, 0x00, 0x3F, 0xCC, 0x01, 0x00,
    0x00, 0xD3, 0x62, 0x00, 0x00, 0x32, 0xFF, 0x01, 0x00, 0x00, 0xA9, 0x79, 0x00, 0x00, 0x26, 0xD9,
    0x01, 0x00, 0x00, 0x7F, 0x8A, 0x00, 0x00, 0x00, 0xB2, 0x34, 0x00, 0x00, 0x00, 0x5B, 0x11, 0x00,
    0x00, 0x00, 0x21, 0xD3, 0xFF, 0x9E, 0x00, 0x97, 0x9F, 0x03, 0xD7, 0x39, 0xB7, 0x82, 0x88, 0xDB,
    0x55, 0xB7, 0xBD, 0x69, 0xD5, 0x2D, 0xB4, 0xBB, 0x52, 0xCC, 0x00, 0xB3, 0x26, 0xDA, 0x92, 0x00,
    0xAA, 0xFF, 0xC3, 0x07, 0x00, 0x00, 0x09, 0xC8, 0xFF, 0x1E, 0x00, 0xCE, 0xFF, 0xFF, 0x00, 0x00,
    0x24, 0xB2, 0xE7, 0x00, 0x00, 0x00, 0xE9, 0xAF, 0x00, 0x00, 0x00, 0xFF, 0x8D, 0x00, 0x1C, 0x45,
    0xFF, 0x73, 0x16, 0xE4, 0xFF, 0xFF, 0xFF, 0x8A, 0x00, 0x14, 0xE4, 0xFF, 0xA2, 0x00, 0x0C, 0x49,
    0xAB, 0xFF, 0x00, 0x00, 0x00, 0xB7, 0xDE, 0x00, 0x00, 0x5C, 0xF8, 0x2A, 0x00, 0x13, 0xDF, 0x4F,
    0x00, 0x00, 0xB4, 0xA8, 0x33, 0x0C, 0x0B, 0xFF, 0xFF, 0xFF, 0x36, 0x00, 0x15, 0xE6, 0xFF, 0x7F,
    0x00, 0x0D, 0x5A, 0xA1, 0xFF, 0x00, 0x00, 0x02, 0x9C, 0xDE, 0x00, 0x0B, 0xB8, 0xFF, 0x1E, 0x00,
    0x02, 0x37, 0xEE, 0xA2, 0x00, 0x69, 0x3E, 0xED, 0x9D, 0x0D, 0xFF, 0xFF, 0xC4, 0x0A, 0x00, 0x00,
    0x10, 0xFF, 0xFF, 0x00, 0x01, 0xD8, 0xFF, 0xC9, 0x00, 0xA5, 0xB1, 0xFF, 0xA8, 0x84, 0xE2, 0x0A,
    0xFF, 0x5D, 0xFD, 0xFF, 0xFF, 0xFF, 0xEB, 0x30, 0x36, 0xB2, 0xFF, 0x22, 0x00, 0x00, 0xA6, 0xE8,
    0x00, 0x70, 0xF1, 0xFF, 0xCD, 0x03, 0x8F, 0xA0, 0x30, 0x1F, 0x00, 0x99, 0x66, 0x00, 0x00, 0x00,
    0xA4, 0xFF, 0xF5, 0x2B, 0x00, 0x3B, 0x4F, 0xFF, 0x90, 0x00, 0x35, 0x48, 0xFF, 0x84, 0x00, 0xFB,
    0xFF, 0xB0, 0x05, 0x00, 0x12, 0xB0, 0xFF, 0xD0, 0x12, 0x88, 0xBF, 0x1E, 0x33, 0x00, 0xB6, 0xF1,
    0xFF, 0x4A, 0x00, 0xDE, 0x82, 0xDF, 0xB5, 0x00, 0xD5, 0x2F, 0xAA, 0xBC, 0x00, 0xE0, 0x5D, 0xFF,
    0x91, 0x00, 0xA1, 0xFD, 0xCD, 0x0A, 0x00, 0x99, 0xFF, 0xFF, 0xE2, 0x6F, 0x1E, 0x30, 0xBE, 0xCE,
    0x0A, 0x00, 0x1D, 0xFF, 0x6D, 0x00, 0x00, 0x99, 0xFF, 0x01, 0x00, 0x25, 0xD8, 0x61, 0x00, 0x00,
    0x85, 0xDF, 0x00, 0x00, 0x00, 0xBD, 0x65, 0x00, 0x00, 0x00, 0x00, 0x58, 0xFF, 0xFF, 0xA2, 0x00,
    0xFF, 0x99, 0x85, 0xFF, 0x00, 0xFF, 0x63, 0x7C, 0xFF, 0x00, 0xBA, 0xFF, 0xFF, 0x3A, 0xA6, 0xE9,
    0x3C, 0xEE, 0xB2, 0xD7, 0xC6, 0x25, 0xFF, 0xAB, 0x64, 0xFF, 0xFF, 0xD5, 0x0D, 0x00, 0x82, 0xFF,
    0xFF, 0x76, 0x24, 0xFF, 0x85, 0xA7, 0xFF, 0x7F, 0xFF, 0x00, 0x82, 0xFF, 0x85, 0xFF, 0x10, 0xD5,
    0xFF, 0x18, 0xFF, 0xFF, 0xFF, 0xAF, 0x2B, 0x21, 0x78, 0xFF, 0x2E, 0xBC, 0xFF, 0xFF, 0x67, 0x00,
    0x5D, 0xFF, 0x1B, 0x57, 0xB4, 0x03, 0x00, 0x00, 0x00, 0xAC, 0x78, 0x00, 0xFF, 0x9D, 0x00, 0x00,
    0x7E, 0xFF, 0x18, 0x00, 0x5B, 0xB1, 0x01, 0x00, 0x00, 0x00, 0x00, 0x00, 0x97, 0x70, 0x00, 0x00,
    0xFF, 0xD4, 0x00, 0x00, 0xBD, 0x8B, 0x00, 0x90, 0xA3, 0x00, 0x00, 0x00, 0x00, 0x00, 0x05, 0x00,
    0x00, 0x2A, 0xA7, 0xCE, 0x0A, 0xB6, 0xFB, 0xA3, 0x30, 0x00, 0xDA, 0xBE, 0x2A, 0x00, 0x00, 0x23,
    0x96, 0xFF, 0xC0, 0x06, 0x00, 0x00, 0x07, 0x64, 0x06, 0xDF, 0xFF, 0xFF, 0xCE, 0x0A, 0x1E, 0x24,
    0x24, 0x1D, 0x00, 0xE0, 0xFF, 0xFF, 0xCE, 0x0A, 0x23, 0x2A, 0x2A, 0x22, 0x00, 0x03, 0x00, 0x00,
    0x00, 0x00, 0xD0, 0x88, 0x04, 0x00, 0x00, 0x5B, 0xD2, 0xFF, 0x85, 0x03, 0x05, 0x5F, 0xED, 0xCD,
    0x07, 0xD7, 0xE9, 0x7B, 0x05, 0x00, 0x40, 0x08, 0x00, 0x00, 0x00, 0xA9, 0xFE, 0xE0, 0x1C, 0x2B,
    0x05, 0xEB, 0x60, 0x00, 0x84, 0xDA, 0x06, 0x4E, 0xDA, 0x0E, 0x00, 0x6B, 0x5F, 0x00, 0x00, 0x51,
    0x23, 0x00, 0x00, 0xAD, 0x55, 0x00, 0x00, 0x00, 0x16, 0xD9, 0xE1, 0x09, 0x00, 0x7E, 0x61, 0x74,
    0x82, 0x00, 0xA1, 0xB1, 0xFF, 0x76, 0x00, 0xB6, 0xF1, 0x9C, 0x2E, 0x08, 0xCD, 0xB9, 0xA3, 0x00,
    0x00, 0xA5, 0xE8, 0xD8, 0x00, 0x00, 0xBB, 0x01, 0x1C, 0x00, 0x00, 0x5B, 0xFF, 0x88, 0x00, 0x00,
    0x00, 0x6A, 0xFB, 0x42, 0x00, 0x04, 0x95, 0xFF, 0x5E, 0x00, 0x11, 0xBB, 0xFA, 0x79, 0x00, 0x27,
    0xA9, 0xE9, 0x94, 0x00, 0xA7, 0xFF, 0xFF, 0xB1, 0x01, 0xF6, 0x6D, 0xD9, 0xAA, 0x4C, 0xE7, 0x09,
    0xC2, 0xC0, 0x00, 0x66, 0xFF, 0xDF, 0x01, 0x00, 0x7A, 0x48, 0xC3, 0x30, 0x00, 0xA4, 0x0A, 0xC8,
    0x12, 0x00, 0xCE, 0xFF, 0xAD, 0x00, 0x00, 0xD1, 0x2B, 0xDE, 0x00, 0x00, 0xE1, 0x1B, 0xE3, 0x00,
    0x07, 0xFF, 0xFF, 0x90, 0x00, 0x0E, 0xAA, 0xFF, 0xD6, 0x34, 0x87, 0xF9, 0x54, 0x82, 0x0D, 0xB3,
    0x7D, 0x00, 0x00, 0x00, 0xDB, 0x33, 0x00, 0x00, 0x00, 0xDA, 0x33, 0x00, 0x00, 0x00, 0xD4, 0x7D,
    0x76, 0x30, 0x00, 0x89, 0xF8, 0xFF, 0x18, 0x00, 0x00, 0x66, 0xFF, 0xB3, 0x00, 0x00, 0x6E, 0x87,
    0xE4, 0x06, 0x00, 0x95, 0x18, 0xBD, 0x27, 0x00, 0xC0, 0x00, 0xCA, 0x09, 0x00, 0xC9, 0x00, 0xDF,
    0x00, 0x00, 0xE1, 0x7B, 0xC1, 0x00, 0x00, 0xFF, 0xFF, 0x48, 0x00, 0x87, 0xF9, 0xFF, 0xE9, 0x93,
    0x99, 0xC6, 0x30, 0x29, 0x0C, 0xA3, 0x87, 0x00, 0x00, 0x00, 0xBE, 0xFF, 0xFF, 0x9C, 0x00, 0xDA,
    0x63, 0x3C, 0x19, 0x00, 0xDE, 0x57, 0x30, 0x0F, 0x00, 0xFD, 0xFF, 0xFF, 0x5E, 0x00, 0x75, 0xF3,
    0xFF, 0xF0, 0xB4, 0x97, 0xC1, 0x30, 0x2A, 0x10, 0x9A, 0xA0, 0x00, 0x00, 0x00, 0xB1, 0xFF, 0xFF,
    0xB4, 0x00, 0xCD, 0x65, 0x3C, 0x1D, 0x00, 0xDB, 0x33, 0x00, 0x00, 0x00, 0xCD, 0x26, 0x00, 0x00,
    0x00, 0x0D, 0xA8, 0xFF, 0xD5, 0x2E, 0x87, 0xF9, 0x54, 0x82, 0x09, 0xB5, 0x70, 0x00, 0x00, 0x00,
    0xDC, 0x5E, 0xFF, 0xCC, 0x00, 0xDA, 0x3C, 0xA0, 0xB5, 0x00, 0xD4, 0x7C, 0xD0, 0x86, 0x00, 0x82,
    0xF6, 0xFF, 0x3E, 0x00, 0x00, 0x66, 0xB1, 0x99, 0x8A, 0x00, 0x6E, 0x72, 0xA5, 0x43, 0x00, 0x95,
    0x33, 0xBE, 0x07, 0x00, 0xC0, 0xFF, 0xFF, 0x00, 0x00, 0xD2, 0x3C, 0xD0, 0x00, 0x00, 0xD8, 0x00,
    0xCB, 0x00, 0x00, 0xD1, 0x0D, 0xA2, 0x00, 0x88, 0xF9, 0xFF, 0xDB, 0x4B, 0x17, 0xB0, 0xE8, 0x27,
    0x03, 0x00, 0xC6, 0xA7, 0x00, 0x00, 0x00, 0xCC, 0x85, 0x00, 0x00, 0x1C, 0xD5, 0x43, 0x00, 0x00,
    0x62, 0xE8, 0x37, 0x08, 0x00, 0xFC, 0xFF, 0xFF, 0x24, 0x00, 0x00, 0x00, 0xFF, 0xFF, 0x03, 0x00,
    0x00, 0x30, 0xE1, 0x00, 0x00, 0x00, 0x00, 0xCC, 0x00, 0x00, 0x00, 0x00, 0xC4, 0x00, 0x00, 0x00,
    0x1C, 0x97, 0x00, 0x00, 0x9A, 0xA5, 0x6C, 0x00, 0x07, 0xFA, 0xFF, 0x30, 0x00, 0x00, 0x66, 0x96,
    0xAA, 0xAD, 0x00, 0x79, 0x73, 0xD8, 0x00, 0x00, 0xA3, 0xFF, 0x57, 0x00, 0x00, 0xCD, 0xFF, 0x4A,
    0x00, 0x00, 0xDE, 0xA0, 0x6A, 0x00, 0x00, 0xE2, 0x16, 0xA9, 0x00, 0x05, 0xC8, 0x00, 0xD3, 0x00,
    0x00, 0xB4, 0xFF, 0x00, 0x00, 0x00, 0xCF, 0xD0, 0x00, 0x00, 0x00, 0xFF, 0xB5, 0x00, 0x00, 0x0A,
    0xFF, 0x72, 0x00, 0x00, 0x49, 0xFF, 0x2D, 0x00, 0x00, 0x8E, 0xFF, 0x30, 0x30, 0x1E, 0xB0, 0xFF,
    0xFF, 0xFF, 0xA5, 0x00, 0x77, 0xBF, 0xAF, 0xB9, 0x00, 0xA1, 0xD8, 0xE5, 0x99, 0x00, 0xBE, 0xFF,
    0xF8, 0x54, 0x00, 0xBF, 0xFF, 0xD8, 0x10, 0x00, 0xC7, 0x31, 0xC3, 0x00, 0x03, 0xAB, 0x00, 0xC6,
    0x00, 0x31, 0x99, 0x00, 0xC2, 0x00, 0x00, 0x66, 0xBC, 0x8A, 0xA2, 0x00, 0x7D, 0xF8, 0x99, 0x5D,
    0x00, 0xA7, 0xFF, 0xA6, 0x18, 0x00, 0xC2, 0xE6, 0xD8, 0x00, 0x00, 0xC9, 0xA7, 0xEA, 0x00, 0x00,
    0xC9, 0x7E, 0xCA, 0x00, 0x0A, 0xAE, 0x31, 0xB4, 0x00, 0x3D, 0xE0, 0xFF, 0x91, 0x00, 0xA1, 0xB9,
    0xA9, 0xD0, 0x12, 0xD3, 0x3D, 0x51, 0xD5, 0x2D, 0xDF, 0x30, 0x7F, 0xCF, 0x0D, 0xD4, 0x28, 0xB7,
    0xCC, 0x00, 0xE8, 0x7F, 0xFF, 0x7D, 0x00, 0xB3, 0xFF, 0xB7, 0x02, 0x00, 0x90, 0xFC, 0xFF, 0xB5,
    0x0D, 0x99, 0xA9, 0x5E, 0xE0, 0x64, 0xAA, 0x61, 0x66, 0xD7, 0x37, 0xC7, 0xFF, 0xFF, 0x97, 0x00,
    0xE3, 0x57, 0x0F, 0x00, 0x00, 0xCA, 0x27, 0x00, 0x00, 0x00, 0xCB, 0x22, 0x00, 0x00, 0x00, 0x3C,
    0xE0, 0xFF, 0x90, 0x00, 0xA0, 0xB9, 0xA9, 0xD0, 0x13, 0xD2, 0x3D, 0x51, 0xD5, 0x2D, 0xDE, 0x30,
    0x7F, 0xCE, 0x0C, 0xD4, 0x28, 0xB6, 0xCC, 0x00, 0xE6, 0x7F, 0xFF, 0x80, 0x00, 0xB3, 0xFF, 0xE2,
    0x03, 0x00, 0x00, 0x7B, 0xFF, 0x11, 0x00, 0x00, 0x06, 0xBB, 0x43, 0x00, 0x99, 0xFF, 0xFF, 0x95,
    0x00, 0x9B, 0x9D, 0xA6, 0xD0, 0x12, 0xB1, 0x59, 0xA9, 0xCC, 0x01, 0xCE, 0xFF, 0xFF, 0x38, 0x00,
    0xD7, 0x92, 0xFF, 0x29, 0x00, 0xC8, 0x24, 0xFF, 0x82, 0x00, 0xC2, 0x1F, 0xBF, 0xB4, 0x00, 0x3E,
    0xE1, 0xFF, 0xCE, 0x09, 0x9E, 0xA5, 0x24, 0x71, 0x00, 0xAB, 0xC4, 0x13, 0x00, 0x00, 0x70, 0xF1,
    0xFF, 0x3F, 0x00, 0x00, 0x16, 0xFF, 0xA0, 0x00, 0x74, 0x37, 0xFF, 0x95, 0x00, 0xEE, 0xFF, 0xCA,
    0x0A, 0x00, 0xA7, 0xFF, 0xFF, 0xEF, 0xB1, 0x20, 0xB2, 0xE8, 0x2B, 0x15, 0x00, 0xC6, 0xA6, 0x00,
    0x00, 0x01, 0xCC, 0x82, 0x00, 0x00, 0x1F, 0xD6, 0x3D, 0x00, 0x00, 0x48, 0xE4, 0x06, 0x00, 0x00,
    0x70, 0xF1, 0x00, 0x00, 0x00, 0x9B, 0x91, 0x00, 0xF2, 0xBE, 0xB4, 0x59, 0x04, 0xE4, 0x76, 0xD1,
    0x33, 0x40, 0xD5, 0x2E, 0xD7, 0x30, 0x87, 0xCC, 0x00, 0xCB, 0x25, 0xAC, 0xBD, 0x00, 0xE8, 0x6A,
    0xFF, 0x89, 0x00, 0xC3, 0xFF, 0xC3, 0x07, 0x00, 0xA7, 0x69, 0x00, 0xD8, 0xC6, 0xA1, 0x6F, 0x21,
    0xDC, 0x52, 0x9A, 0x75, 0xAB, 0xCC, 0x00, 0x99, 0x7B, 0xFF, 0x7B, 0x00, 0x99, 0xBF, 0xFF, 0x0E,
    0x00, 0x99, 0xFF, 0xBC, 0x00, 0x00, 0x99, 0xFF, 0x46, 0x00, 0x00, 0xC5, 0x2D, 0x00, 0x81, 0xFF,
    0xBD, 0x27, 0x00, 0xA6, 0xBA, 0xA7, 0xDA, 0xA6, 0xD8, 0x70, 0xB1, 0xEE, 0xB6, 0xCF, 0x0F, 0xED,
    0xC5, 0xFF, 0xB8, 0x00, 0xF5, 0x7D, 0xFF, 0x84, 0x00, 0xCE, 0x5F, 0xFF, 0x2B, 0x00, 0x00, 0x71,
    0x6A, 0x9F, 0xAC, 0x00, 0x50, 0xD0, 0xE5, 0x07, 0x00, 0x26, 0xFF, 0x85, 0x00, 0x00, 0x14, 0xFF,
    0x42, 0x00, 0x00, 0x66, 0xFF, 0x63, 0x00, 0x00, 0xCB, 0x42, 0x88, 0x00, 0x52, 0xB6, 0x00, 0xC4,
    0x00, 0xB9, 0x47, 0x00, 0xE7, 0xCB, 0x99, 0x98, 0x81, 0xD1, 0x1B, 0x76, 0xCB, 0xFF, 0x63, 0x00,
    0x48, 0xE4, 0xD5, 0x00, 0x00, 0x24, 0xD8, 0x39, 0x00, 0x00, 0x4C, 0xE5, 0x01, 0x00, 0x00, 0x63,
    0xE7, 0x00, 0x00, 0x00, 0x00, 0x66, 0xFF, 0xFF, 0xA8, 0x00, 0x13, 0x30, 0xE8, 0x3F, 0x00, 0x00,
    0x7B, 0xAF, 0x00, 0x00, 0x19, 0xFF, 0x4C, 0x00, 0x00, 0x73, 0xD8, 0x00, 0x00, 0x00, 0xEC, 0x40,
    0x25, 0x00, 0x1F, 0xFF, 0xFF, 0xC7, 0x00, 0x74, 0xF4, 0xDA, 0x43, 0x9F, 0x6D, 0x00, 0x00, 0xA0,
    0x38, 0x00, 0x00, 0xB0, 0x20, 0x00, 0x00, 0xC0, 0x1F, 0x00, 0x00, 0xB7, 0x19, 0x00, 0x00, 0xB4,
    0x16, 0x00, 0x00, 0xA2, 0x0F, 0x00, 0x00, 0xF6, 0xEE, 0x04, 0x00, 0x69, 0xDE, 0x00, 0x00, 0x00,
    0x00, 0xFF, 0x3D, 0x00, 0x00, 0x00, 0x87, 0xC5, 0x00, 0x00, 0x00, 0x06, 0xFF, 0x27, 0x00, 0x00,
    0x00, 0xA5, 0xAC, 0x00, 0x00, 0x00, 0x10, 0xFF, 0x15, 0x00, 0x00, 0x00, 0xA2, 0xB1, 0x00, 0x00,
    0x00, 0x1E, 0x9A, 0x73, 0xE9, 0xE9, 0x4C, 0x00, 0x00, 0xE3, 0x1F, 0x00, 0x20, 0xDF, 0x00, 0x00,
    0x52, 0xD8, 0x00, 0x00, 0x86, 0xAD, 0x00, 0x00, 0x9A, 0x9E, 0x00, 0x00, 0xC5, 0x6A, 0x00, 0x00,
    0xDF, 0x35, 0x00, 0xE3, 0xFD, 0x08, 0x00, 0x06, 0x95, 0x54, 0x00, 0x00, 0x73, 0xF2, 0xFF, 0x1F,
    0x00, 0xCB, 0x42, 0xA0, 0xC4, 0x06, 0xA6, 0xFF, 0xFF, 0xFF, 0xFF, 0x1F, 0xBA, 0x09, 0x00, 0xA3,
    0xBB, 0x00, 0xAD, 0xFF, 0xFF, 0xB5, 0x00, 0x73, 0x0C, 0x87, 0xFF, 0x45, 0xE7, 0xFF, 0xFF, 0xFF,
    0xE7, 0xDC, 0x0C, 0xF6, 0xCD, 0xB1, 0xFF, 0xE1, 0xFF, 0xAE, 0x6D, 0xDF, 0x00, 0x00, 0x00, 0x91,
    0xBC, 0x00, 0x00, 0x00, 0x99, 0xE9, 0xFF, 0xA9, 0x00, 0xAD, 0xC1, 0x8E, 0xD2, 0x1F, 0xCB, 0x38,
    0x5E, 0xCF, 0x10, 0xDA, 0x5F, 0xD3, 0xBD, 0x00, 0xCF, 0xF3, 0xFF, 0x2E, 0x00, 0x00, 0x5A, 0xFF,
    0xFF, 0xFC, 0x21, 0xFF, 0xAB, 0x2A, 0x5E, 0x87, 0xFF, 0x06, 0x00, 0x00, 0x76, 0xFF, 0x3C, 0x34,
    0x2E, 0x06, 0xD3, 0xFF, 0xFF, 0x3A, 0x00, 0x00, 0x00, 0xF2, 0xBE, 0x00, 0x00, 0x03, 0xE3, 0x75,
    0x6F, 0xF1, 0xC6, 0xD5, 0x2D, 0xCA, 0x71, 0xD4, 0xCC, 0x00, 0xCE, 0x2A, 0xB5, 0xBD, 0x00, 0xE6,
    0x61, 0xFF, 0x8C, 0x00, 0xC5, 0xDD, 0xFF, 0x6E, 0x00, 0x63, 0xED, 0xFF, 0x7A, 0x00, 0xC3, 0x6D,
    0x76, 0xCD, 0x06, 0xE4, 0xFF, 0xFF, 0xCE, 0x09, 0xD7, 0x40, 0x2B, 0x3A, 0x00, 0xAC, 0xFE, 0xFF,
    0x5B, 0x00, 0x00, 0x46, 0xFF, 0xE0, 0x63, 0x00, 0xB2, 0xCA, 0x00, 0x00, 0xA8, 0xFF, 0xFF, 0xCC,
    0x00, 0x16, 0xD3, 0x4B, 0x00, 0x00, 0x43, 0xE2, 0x0A, 0x00, 0x00, 0x6E, 0xF1, 0x00, 0x00, 0x00,
    0x81, 0xCB, 0x00, 0x00, 0x00, 0x62, 0xED, 0xB5, 0xD6, 0x34, 0xC2, 0x7B, 0xD5, 0xCC, 0x01, 0xD1,
    0x2C, 0xAC, 0xC2, 0x00, 0xE5, 0x58, 0xFF, 0x92, 0x00, 0xC1, 0xF5, 0xFF, 0x73, 0x00, 0x2D, 0x63,
    0xFF, 0x22, 0x00, 0xF2, 0xFF, 0x9F, 0x00, 0x00, 0x00, 0xA1, 0xFA, 0x00, 0x00, 0x00, 0xDD, 0xC0,
    0x00, 0x00, 0x00, 0xFF, 0xED, 0xFF, 0xD2, 0x1B, 0xFF, 0xA9, 0xAB, 0xFF, 0x64, 0xFF, 0x10, 0xB7,
    0xE2, 0xAC, 0xFF, 0x00, 0xF7, 0xA3, 0xCD, 0xCD, 0x03, 0xFF, 0x79, 0x00, 0x1F, 0xB4, 0x0D, 0x00,
    0x7F, 0xFF, 0x01, 0x00, 0x00, 0x00, 0x00, 0xF1, 0xFF, 0xAD, 0x00, 0x01, 0xFF, 0x7E, 0x00, 0x3D,
    0xFF, 0x2B, 0x00, 0x8D, 0xFF, 0x04, 0x00, 0x55, 0xFF, 0xFF, 0xBF, 0x00, 0x00, 0x00, 0x56, 0x82,
    0x00, 0x00, 0x00, 0xC6, 0xBB, 0x00, 0x00, 0x00, 0x00, 0x00, 0x00, 0x0E, 0xC6, 0xFF, 0x52, 0x00,
    0x00, 0x31, 0xEF, 0x0F, 0x00, 0x00, 0x55, 0xF6, 0x00, 0x00, 0x00, 0x65, 0xCE, 0x00, 0x00, 0x00,
    0x80, 0xB9, 0x00, 0x00, 0x06, 0xA0, 0x6A, 0x00, 0x05, 0xFF, 0xE5, 0x14, 0x00, 0x61, 0xEB, 0x00,
    0x00, 0x00, 0x85, 0xC7, 0x00, 0x00, 0x00, 0x99, 0xB5, 0xB7, 0xD8, 0x3A, 0xA4, 0xFF, 0xF3, 0x16,
    0x00, 0xC1, 0xFF, 0xD5, 0x00, 0x00, 0xDE, 0x75, 0xFF, 0x24, 0x00, 0xD0, 0x2A, 0xFF, 0x8A, 0x00,
    0xFF, 0xFF, 0xE7, 0x00, 0x00, 0xEE, 0xA7, 0x00, 0x03, 0xFF, 0x7B, 0x00, 0x3D, 0xFF, 0x2D, 0x00,
    0x8D, 0xFF, 0x00, 0x00, 0xB0, 0xF7, 0x01, 0x00, 0x8A, 0xFF, 0xFF, 0xA5, 0x00, 0xA7, 0xFF, 0xF4,
    0x34, 0x00, 0xB8, 0xD5, 0xDA, 0x5B, 0x00, 0xB9, 0xFF, 0xBD, 0x19, 0x00, 0xBC, 0xFF, 0xBD, 0x00,
    0x0F, 0xBE, 0xFF, 0xBD, 0x00, 0x00, 0xFF, 0xE2, 0xFF, 0xD2, 0x19, 0xFF, 0x84, 0xBB, 0xFF, 0x63,
    0xFF, 0x0C, 0xBE, 0xE2, 0xAC, 0xFF, 0x00, 0xFA, 0xA3, 0xCD, 0xCD, 0x03, 0xFF, 0x79, 0x67, 0xEE,
    0xFF, 0x78, 0x00, 0xC2, 0x83, 0xA6, 0xCC, 0x00, 0xD9, 0x31, 0x81, 0xCC, 0x01, 0xDC, 0x52, 0xEC,
    0xAD, 0x00, 0xAB, 0xFF, 0xE3, 0x1A, 0x00, 0x00, 0x66, 0xDC, 0xE6, 0x00, 0x00, 0x83, 0x8D, 0xC3,
    0x25, 0x00, 0xAF, 0x04, 0xBF, 0x13, 0x00, 0xC7, 0x3C, 0xE2, 0x00, 0x00, 0xDB, 0xFF, 0x8A, 0x00,
    0x00, 0xD5, 0x00, 0x00, 0x00, 0x13, 0xBA, 0x00, 0x00, 0x00, 0x64, 0xED, 0xAB, 0xD5, 0x2E, 0xC5,
    0x71, 0xD7, 0xCC, 0x00, 0xCD, 0x2B, 0xB2, 0xBE, 0x00, 0xE6, 0x66, 0xFF, 0x8D, 0x00, 0xC5, 0xE1,
    0xFF, 0x6F, 0x00, 0x00, 0x26, 0xFF, 0x35, 0x00, 0x00, 0x5C, 0xFF, 0x05, 0x00, 0x73, 0xEF, 0xFC,
    0xD8, 0x3D, 0x97, 0xF7, 0x1B, 0x1F, 0x07, 0x9B, 0x9A, 0x00, 0x00, 0x00, 0xB3, 0x59, 0x00, 0x00,
    0x00, 0xD0, 0x33, 0x00, 0x00, 0x00, 0x00, 0x9F, 0xFF, 0xFF, 0xC6, 0x00, 0xFF, 0x94, 0x03, 0x39,
    0x00, 0xA0, 0xFF, 0xFF, 0x3D, 0x34, 0x18, 0x0C, 0xFF, 0xA3, 0xA0, 0xFF, 0xFF, 0xE3, 0x1B, 0x00,
    0x5C, 0x82, 0x00, 0x00, 0x00, 0xBD, 0xAD, 0x00, 0x00, 0xB5, 0xFF, 0xFF, 0xD0, 0x12, 0x1B, 0xD5,
    0x3F, 0x00, 0x00, 0x48, 0xE4, 0x04, 0x00, 0x00, 0x70, 0xF1, 0x00, 0x00, 0x00, 0x46, 0xE3, 0xFF,
    0x52, 0x00, 0x99, 0x9F, 0x61, 0xCF, 0x0F, 0xAC, 0x64, 0xAB, 0xCC, 0x00, 0xCA, 0x35, 0xCD, 0xA5,
    0x00, 0xE3, 0x64, 0xFF, 0x8B, 0x00, 0xC8, 0xD7, 0xFF, 0x52, 0x00, 0xB6, 0x40, 0x3D, 0xD9, 0x40,
    0xA3, 0x5A, 0xBF, 0xAD, 0x00, 0x99, 0x8C, 0xFF, 0x3C, 0x00, 0x99, 0xF9, 0xE2, 0x00, 0x00, 0x87,
    0xF9, 0x55, 0x00, 0x00, 0xB6, 0x23, 0x00, 0xB3, 0xCD, 0xAD, 0xB0, 0x4F, 0xDB, 0x69, 0xAD, 0xEC,
    0xBE, 0xCD, 0x03, 0xE5, 0xBD, 0xFF, 0x89, 0x00, 0xE5, 0x89, 0xFF, 0x33, 0x00, 0x00, 0x71, 0x7F,
    0xE3, 0x21, 0x00, 0x4B, 0xFF, 0x8E, 0x00, 0x00, 0x2C, 0xFF, 0x46, 0x00, 0x00, 0x85, 0xF6, 0x65,
    0x00, 0x13, 0xDE, 0x1C, 0xA5, 0x00, 0x00, 0x8E, 0x2B, 0xA1, 0x8A, 0x00, 0x68, 0x6F, 0xDA, 0x01,
    0x00, 0x64, 0xB0, 0xA0, 0x00, 0x00, 0x4B, 0xFF, 0x5A, 0x00, 0x00, 0x3C, 0xFF, 0x19, 0x00, 0x00,
    0x57, 0xBC, 0x00, 0x00, 0x37, 0xFD, 0x18, 0x00, 0x00, 0x94, 0xFD, 0xFF, 0xD5, 0x2D, 0x00, 0x2E,
    0xFF, 0x88, 0x00, 0x26, 0xD9, 0xA2, 0x00, 0x00, 0xB6, 0xC6, 0x00, 0x00, 0x00, 0xF1, 0xFF, 0xFF,
    0x68, 0x00, 0x00, 0x42, 0xFF, 0xCD, 0x07, 0x00, 0xA1, 0xB2, 0x00, 0x00, 0x00, 0xCC, 0x82, 0x00,
    0x00, 0x22, 0xD7, 0x2D, 0x00, 0x00, 0xE2, 0xC3, 0x00, 0x00, 0x00, 0x71, 0xDE, 0x00, 0x00, 0x00,
    0x7E, 0xB0, 0x00, 0x00, 0x00, 0x71, 0xF2, 0xAF, 0x00, 0x00, 0xFF, 0x4E, 0xFF, 0x4E, 0xFF, 0x4E,
    0xF6, 0x4B, 0x00, 0x00, 0xFF, 0x4E, 0xFF, 0x4E, 0xFF, 0x4E, 0xF6, 0x4B, 0x00, 0x76, 0xFF, 0xE3,
    0x00, 0x00, 0x00, 0x7C, 0xFF, 0x00, 0x00, 0x00, 0xAB, 0xED, 0x00, 0x00, 0x00, 0xB2, 0xE1, 0x01,
    0x00, 0x00, 0x93, 0xFF, 0xF5, 0x00, 0x16, 0xFF, 0x60, 0x00, 0x00, 0x82, 0xFF, 0x00, 0x00, 0xD9,
    0xFF, 0x8A, 0x00, 0x00, 0xBA, 0xE5, 0x2E, 0xD1, 0x19, 0xC1, 0xBB, 0xFF, 0xBC, 0x00, 0x13, 0x03,
    0x15, 0x00, 0x00, 0x00, 0x96, 0xFF, 0x00, 0x5E, 0x81, 0x00, 0x5A, 0x34, 0x00, 0xFF, 0x70, 0x1B,
    0xFF, 0x43, 0x67, 0xFF, 0x06, 0xB2, 0xFF, 0x00, 0x00, 0x00, 0x00, 0x6D, 0x09, 0x00, 0x00, 0x00,
    0xC8, 0x00, 0x00, 0x7E, 0xFF, 0xFF, 0xD7, 0x34, 0xFF, 0x6F, 0xB4, 0x3D, 0xB7, 0xD7, 0x6D, 0x82,
    0x00, 0xB5, 0xF8, 0xA8, 0x6C, 0x13, 0x21, 0xF7, 0xFF, 0xFF, 0x09, 0x00, 0x00, 0xC5, 0x00, 0x00,
    0x00, 0x00, 0x3A, 0x00, 0x00, 0x00, 0x00, 0x81, 0xFF, 0x79, 0x00, 0x05, 0xFF, 0x69, 0x28, 0x00,
    0x28, 0xFF, 0x04, 0x00, 0x00, 0xB0, 0xFF, 0xA4, 0x00, 0x00, 0x52, 0xC8, 0x00, 0x00, 0x00, 0x7F,
    0xAF, 0x22, 0x00, 0x06, 0xFF, 0xFF, 0xC4, 0x00, 0x00, 0x3D, 0x00, 0x00, 0x3D, 0x0C, 0xF3, 0xEC,
    0xFD, 0xAC, 0x00, 0xBC, 0x58, 0xBA, 0x78, 0x0C, 0xF3, 0xE8, 0xFF, 0xAD, 0x00, 0x3F, 0x00, 0x00,
    0x3D, 0x00, 0xAF, 0x19, 0x8F, 0xCB, 0x00, 0x78, 0x6F, 0xC3, 0x33, 0x00, 0x66, 0xA5, 0xD5, 0x00,
    0x00, 0xDC, 0xFF, 0xFF, 0x30, 0x0C, 0xFF, 0xFF, 0xEE, 0x00, 0x00, 0x41, 0xFF, 0x00, 0x00, 0x00,
    0x4C, 0xDE, 0x00, 0x00, 0xFF, 0x4E, 0xFF, 0x4E, 0xFF, 0x4E, 0x5A, 0x16, 0x5E, 0x18, 0xFF, 0x4E,
    0xFF, 0x4E, 0xFF, 0x4E, 0x00, 0x4E, 0xFF, 0xFF, 0xB7, 0x00, 0xB0, 0xD7, 0x04, 0x1C, 0x01, 0xBB,
    0xFF, 0xCB, 0x12, 0x3D, 0xFF, 0x18, 0xCD, 0xAC, 0x00, 0xA0, 0xFF, 0xF2, 0x1F, 0x1B, 0x0F, 0x8E,
    0xFF, 0x00, 0x90, 0xFF, 0xFF, 0xA5, 0x00, 0x13, 0xFF, 0x73, 0xD8, 0x03, 0x27, 0x10, 0x19, 0x6B,
    0xAD, 0xAF, 0x2A, 0x00, 0xB3, 0xCC, 0xAF, 0xAB, 0x15, 0xD8, 0x4E, 0x07, 0x62, 0x7C, 0xD8, 0x56,
    0x07, 0x66, 0x7B, 0xAE, 0xCD, 0xAA, 0xAB, 0x15, 0x62, 0xAA, 0xAD, 0x27, 0x00, 0x00, 0x10, 0xCD,
    0xE2, 0x72, 0x00, 0x37, 0xB5, 0xEE, 0xB5, 0x00, 0xE6, 0x76, 0xC1, 0x97, 0x00, 0xA5, 0xD0, 0xE7,
    0x46, 0x04, 0xEB, 0xF0, 0xED, 0x0A, 0x00, 0x00, 0x54, 0x00, 0x55, 0x16, 0xCA, 0xBD, 0xCB, 0xA3,
    0xB1, 0xB1, 0xB1, 0xAD, 0x00, 0x15, 0xF6, 0x54, 0xF6, 0x3F, 0x00, 0x15, 0x0D, 0x15, 0x0D, 0xE0,
    0xFF, 0xFF, 0xCE, 0x0A, 0x23, 0x2A, 0x2E, 0xCE, 0x0C, 0x00, 0x00, 0x03, 0x9D, 0x06, 0x0C, 0x12,
    0x12, 0x00, 0xFC, 0xFF, 0xFF, 0x03, 0x4B, 0x54, 0x46, 0x00, 0x64, 0xAB, 0xAF, 0x2A, 0x00, 0xB0,
    0xB8, 0xA2, 0xAA, 0x15, 0xA8, 0x7C, 0xE8, 0x69, 0x7C, 0xAB, 0xDB, 0xA0, 0x66, 0x7B, 0xBA, 0x5D,
    0xA0, 0xA8, 0x15, 0x60, 0xAE, 0xB1, 0x27, 0x00, 0x13, 0xFF, 0xFF, 0xBB, 0x63, 0xE9, 0xB2, 0x00,
    0xDC, 0x1C, 0xD7, 0x2D, 0x69, 0xEB, 0xB1, 0x00, 0x00, 0xCC, 0x5A, 0x00, 0x00, 0x00, 0xCC, 0x5A,
    0x00, 0x00, 0xE0, 0xFF, 0xFF, 0xCE, 0x0A, 0x23, 0xD4, 0x79, 0x22, 0x00, 0x0A, 0x26, 0x15, 0x0A,
    0x00, 0xE7, 0xFF, 0xFF, 0xCE, 0x0C, 0x2A, 0xC5, 0xF2, 0x73, 0x00, 0x00, 0xC6, 0x69, 0x0C, 0xC1,
    0x8E, 0x00, 0xE2, 0xFF, 0xCD, 0x1E, 0x07, 0xBE, 0xEC, 0x9A, 0x00, 0x94, 0xFF, 0x37, 0x00, 0x00,
    0xB1, 0x6A, 0xAC, 0xCD, 0xDE, 0x16, 0x2B, 0xAE, 0x0D, 0xAF, 0x40, 0x00, 0x00, 0x6D, 0x5D, 0xCD,
    0x01, 0x00, 0x95, 0x15, 0xD3, 0x00, 0x00, 0xC1, 0x00, 0xC5, 0x00, 0x00, 0xD6, 0x43, 0xC7, 0x00,
    0x00, 0xFA, 0xFF, 0xD8, 0x00, 0x01, 0xC5, 0x00, 0x00, 0x00, 0x2B, 0xAB, 0x00, 0x00, 0x00, 0x6B,
    0xEF, 0xFA, 0xD6, 0x31, 0xD3, 0xFF, 0x64, 0xCC, 0x00, 0xDF, 0xFF, 0x3F, 0xB9, 0x00, 0x69, 0xEE,
    0x75, 0x85, 0x00, 0x28, 0xB5, 0xA2, 0x61, 0x00, 0x58, 0xA9, 0xE4, 0x22, 0x00, 0x71, 0x72, 0xFF,
    0x00, 0x00, 0x16, 0x0F, 0x2A, 0x00, 0x00, 0x15, 0x00, 0xFF, 0x76, 0x4B, 0x0D, 0x00, 0x07, 0xBF,
    0x4B, 0xD3, 0x9F, 0x0D, 0xE9, 0xFA, 0x00, 0x00, 0x60, 0xC1, 0x00, 0x00, 0xA3, 0xA5, 0x00, 0xA5,
    0xFF, 0xF0, 0x34, 0x00, 0x10, 0xC8, 0xF2, 0x5D, 0x00, 0xB5, 0xBB, 0x6C, 0xCE, 0x00, 0xC5, 0x7F,
    0xAE, 0xA2, 0x00, 0x52, 0xF2, 0xD0, 0x16, 0x00, 0xE4, 0xF0, 0xF0, 0x13, 0x00, 0x55, 0x00, 0x55,
    0x00, 0x04, 0xFF, 0x75, 0xFF, 0x70, 0x00, 0x94, 0xE4, 0x94, 0xE4, 0x94, 0xB6, 0xA0, 0xB6, 0x0C,
    0x22, 0x00, 0x22, 0x00, 0x00, 0x22, 0xC0, 0xB2, 0x00, 0x00, 0x07, 0x93, 0xA0, 0x00, 0x00, 0x00,
    0xB9, 0x70, 0x00, 0x00, 0xA0, 0xF1, 0xD2, 0x39, 0x72, 0x6D, 0xAB, 0xAF, 0xAE, 0x5E, 0x28, 0x04,
    0x00, 0xA3, 0xF5, 0x00, 0x00, 0xAC, 0xB7, 0xB6, 0x00, 0x28, 0xEB, 0xFC, 0xD7, 0x00, 0x00, 0x00,
    0x87, 0x33, 0x81, 0xB5, 0x00, 0x00, 0x00, 0x5B, 0x9D, 0x00, 0x00, 0x00, 0x6F, 0x7F, 0x00, 0x00,
    0x00, 0xD1, 0xD8, 0x28, 0x54, 0x00, 0x7A, 0xC7, 0xC0, 0x63, 0x00, 0x68, 0x6D, 0xC0, 0xA9, 0x12,
    0x00, 0x03, 0x15, 0xC1, 0x15, 0x00, 0x37, 0xC5, 0x25, 0x00, 0x10, 0xCE, 0xCB, 0x98, 0x00, 0x06,
    0xB2, 0xD0, 0x78, 0x00, 0x00, 0x93, 0xFF, 0x45, 0x00, 0x06, 0x00, 0xB7, 0x6A, 0x00, 0xBB, 0xC1,
    0xB4, 0x46, 0x90, 0x7F, 0xB4, 0xB1, 0x97, 0x57, 0x1C, 0x00, 0x00, 0xB0, 0xF1, 0x00, 0x00, 0xB4,
    0xB2, 0xB5, 0x00, 0x2A, 0xEB, 0xFC, 0xD7, 0x00, 0x00, 0x00, 0x87, 0x33, 0x00, 0x00, 0x12, 0x8D,
    0x00, 0x00, 0x00, 0x6F, 0xFF, 0x06, 0x00, 0x00, 0x00, 0x00, 0x00, 0x00, 0x00, 0xA0, 0xD9, 0x00,
    0x00, 0x39, 0xFF, 0x70, 0x00, 0x3A, 0xFF, 0x8D, 0x00, 0x00, 0xAB, 0xF1, 0x22, 0x91, 0x03, 0x60,
    0xFF, 0xFF, 0xB9, 0x00, 0x00, 0x00, 0x3C, 0xC5, 0x00, 0x00, 0x00, 0x00, 0x00, 0x00, 0x00, 0x00,
    0x6A, 0xFB, 0x42, 0x00, 0x04, 0x95, 0xFF, 0x5E, 0x00, 0x11, 0xBB, 0xFA, 0x79, 0x00, 0x27, 0xA9,
    0xE9, 0x94, 0x00, 0xA7, 0xFF, 0xFF, 0xB1, 0x01, 0xF6, 0x6D, 0xD9, 0xAA, 0x4C, 0xE7, 0x09, 0xC2,
    0xC0, 0x00, 0x00, 0x08, 0xBF, 0x8D, 0x00, 0x00, 0x00, 0x00, 0x00, 0x00, 0x00, 0x6A, 0xFB, 0x42,
    0x00, 0x04, 0x95, 0xFF, 0x5E, 0x00, 0x11, 0xBB, 0xFA, 0x79, 0x00, 0x27, 0xA9, 0xE9, 0x94, 0x00,
    0xA7, 0xFF, 0xFF, 0xB1, 0x01, 0xF6, 0x6D, 0xD9, 0xAA, 0x4C, 0xE7, 0x09, 0xC2, 0xC0, 0x00, 0x01,
    0x69, 0xB6, 0xCA, 0x00, 0x00, 0x00, 0x00, 0x00, 0x00, 0x00, 0x6A, 0xFB, 0x42, 0x00, 0x04, 0x95,
    0xFF, 0x5E, 0x00, 0x11, 0xBB, 0xFA, 0x79, 0x00, 0x27, 0xA9, 0xE9, 0x94, 0x00, 0xA7, 0xFF, 0xFF,
    0xB1, 0x01, 0xF6, 0x6D, 0xD9, 0xAA, 0x4C, 0xE7, 0x09, 0xC2, 0xC0, 0x00, 0x00, 0x93, 0x85, 0x10,
    0x00, 0x06, 0xD5, 0xE3, 0x00, 0x00, 0x00, 0x00, 0x00, 0x00, 0x00, 0x00, 0xD3, 0x8E, 0x00, 0x00,
    0x11, 0xFF, 0x9E, 0x00, 0x00, 0x44, 0xCB, 0xAF, 0x00, 0x00, 0x6F, 0x52, 0xBD, 0x00, 0x00, 0xC4,
    0xFF, 0xD0, 0x00, 0x01, 0xDD, 0x30, 0xC4, 0x00, 0x56, 0xA0, 0x00, 0xC9, 0x00, 0x00, 0x00, 0x80,
    0x71, 0xFF, 0x00, 0x00, 0x00, 0x00, 0x00, 0x00, 0x00, 0x6A, 0xFB, 0x42, 0x00, 0x04, 0x95, 0xFF,
    0x5E, 0x00, 0x11, 0xBB, 0xFA, 0x79, 0x00, 0x27, 0xA9, 0xE9, 0x94, 0x00, 0xA7, 0xFF, 0xFF, 0xB1,
    0x01, 0xF6, 0x6D, 0xD9, 0xAA, 0x4C, 0xE7, 0x09, 0xC2, 0xC0, 0x00, 0x00, 0x52, 0xCB, 0x45, 0x00,
    0x00, 0x80, 0xFF, 0xBB, 0x00, 0x00, 0x74, 0xFD, 0x51, 0x00, 0x0A, 0x92, 0xF9, 0x69, 0x00, 0x18,
    0xA0, 0xED, 0x88, 0x00, 0x73, 0xFF, 0xFF, 0xA6, 0x00, 0xE9, 0x6A, 0xE0, 0xA5, 0x43, 0xE7, 0x08,
    0xC3, 0xBF, 0x00, 0x08, 0xFF, 0xFF, 0xD2, 0x00, 0x3F, 0xD4, 0xAB, 0x19, 0x00, 0x66, 0x82, 0x76,
    0x00, 0x00, 0x9A, 0x6D, 0xFF, 0x10, 0x00, 0xE0, 0xFF, 0x69, 0x00, 0x16, 0xAF, 0xE1, 0x5E, 0x00,
    0x8B, 0x7F, 0xFF, 0xE5, 0x00, 0x0D, 0xA9, 0xFF, 0xD6, 0x34, 0x83, 0xF8, 0x54, 0x85, 0x0D, 0xB0,
    0x81, 0x00, 0x00, 0x00, 0xD9, 0x33, 0x00, 0x00, 0x00, 0xDA, 0x33, 0x00, 0x00, 0x00, 0xD9, 0x6B,
    0x5E, 0x2E, 0x00, 0xA3, 0xFF, 0xFF, 0x1E, 0x00, 0x01, 0x99, 0x39, 0x00, 0x00, 0x6D, 0xC9, 0x10,
    0x00, 0x00, 0x00, 0x44, 0xE1, 0x02, 0x00, 0x00, 0x00, 0x00, 0x00, 0x00, 0x87, 0xF9, 0xFF, 0xE9,
    0x93, 0x99, 0xC6, 0x30, 0x29, 0x0C, 0xA3, 0x87, 0x00, 0x00, 0x00, 0xBE, 0xFF, 0xFF, 0x9C, 0x00,
    0xDA, 0x63, 0x3C, 0x19, 0x00, 0xDE, 0x57, 0x30, 0x0F, 0x00, 0xFD, 0xFF, 0xFF, 0x5E, 0x00, 0x00,
    0x01, 0xB2, 0x98, 0x04, 0x00, 0x00, 0x00, 0x00, 0x00, 0x87, 0xF9, 0xFF, 0xE9, 0x93, 0x99, 0xC6,
    0x30, 0x29, 0x0C, 0xA3, 0x87, 0x00, 0x00, 0x00, 0xBE, 0xFF, 0xFF, 0x9C, 0x00, 0xDA, 0x63, 0x3C,
    0x19, 0x00, 0xDE, 0x57, 0x30, 0x0F, 0x00, 0xFD, 0xFF, 0xFF, 0x5E, 0x00, 0x02, 0x8A, 0xB0, 0xB1,
    0x03, 0x00, 0x00, 0x00, 0x00, 0x00, 0x87, 0xF9, 0xFF, 0xE9, 0x93, 0x99, 0xC6, 0x30, 0x29, 0x0C,
    0xA3, 0x87, 0x00, 0x00, 0x00, 0xBE, 0xFF, 0xFF, 0x9C, 0x00, 0xDA, 0x63, 0x3C, 0x19, 0x00, 0xDE,
    0x57, 0x30, 0x0F, 0x00, 0xFD, 0xFF, 0xFF, 0x5E, 0x00, 0x00, 0xB6, 0x64, 0xCD, 0x06, 0x00, 0x00,
    0x00, 0x00, 0x00, 0x87, 0xF9, 0xFF, 0xE9, 0x93, 0x99, 0xC6, 0x30, 0x29, 0x0C, 0xA3, 0x87, 0x00,
    0x00, 0x00, 0xBE, 0xFF, 0xFF, 0x9C, 0x00, 0xDA, 0x63, 0x3C, 0x19, 0x00, 0xDE, 0x57, 0x30, 0x0F,
    0x00, 0xFD, 0xFF, 0xFF, 0x5E, 0x00, 0x00, 0x62, 0xC5, 0x00, 0x00, 0x00, 0x00, 0x00, 0x00, 0x00,
    0x88, 0xF9, 0xFF, 0xDB, 0x4B, 0x17, 0xB0, 0xE8, 0x27, 0x03, 0x00, 0xC6, 0xA7, 0x00, 0x00, 0x00,
    0xCC, 0x85, 0x00, 0x00, 0x1C, 0xD5, 0x43, 0x00, 0x00, 0x62, 0xE8, 0x37, 0x08, 0x00, 0xFC, 0xFF,
    0xFF, 0x24, 0x00, 0x00, 0x0D, 0xD5, 0x6D, 0x00, 0x00, 0x00, 0x00, 0x00, 0x00, 0x88, 0xF9, 0xFF,
    0xDB, 0x4B, 0x17, 0xB0, 0xE8, 0x27, 0x03, 0x00, 0xC6, 0xA7, 0x00, 0x00, 0x00, 0xCC, 0x85, 0x00,
    0x00, 0x1C, 0xD5, 0x43, 0x00, 0x00, 0x62, 0xE8, 0x37, 0x08, 0x00, 0xFC, 0xFF, 0xFF, 0x24, 0x00,
    0x05, 0x9A, 0xAF, 0xA2, 0x00, 0x00, 0x00, 0x00, 0x00, 0x00, 0x88, 0xF9, 0xFF, 0xDB, 0x4B, 0x17,
    0xB0, 0xE8, 0x27, 0x03, 0x00, 0xC6, 0xA7, 0x00, 0x00, 0x00, 0xCC, 0x85, 0x00, 0x00, 0x1C, 0xD5,
    0x43, 0x00, 0x00, 0x62, 0xE8, 0x37, 0x08, 0x00, 0xFC, 0xFF, 0xFF, 0x24, 0x00, 0x00, 0xCC, 0x61,
    0xCC, 0x00, 0x00, 0x00, 0x00, 0x00, 0x00, 0x88, 0xF9, 0xFF, 0xDB, 0x4B, 0x17, 0xB0, 0xE8, 0x27,
    0x03, 0x00, 0xC6, 0xA7, 0x00, 0x00, 0x00, 0xCC, 0x85, 0x00, 0x00, 0x1C, 0xD5, 0x43, 0x00, 0x00,
    0x62, 0xE8, 0x37, 0x08, 0x00, 0xFC, 0xFF, 0xFF, 0x24, 0x00, 0x88, 0xF9, 0xFF, 0x86, 0x00, 0x99,
    0xC4, 0xB5, 0xD4, 0x2A, 0xA0, 0x7C, 0x2B, 0xDD, 0x57, 0xFB, 0xFF, 0x52, 0xD6, 0x31, 0xE3, 0x51,
    0xA9, 0xCC, 0x01, 0xDE, 0x82, 0xFF, 0x89, 0x00, 0xFF, 0xFF, 0xBB, 0x0A, 0x00, 0x00, 0x00, 0x70,
    0x7F, 0x31, 0x00, 0x00, 0xD7, 0xE5, 0x07, 0x00, 0x00, 0x00, 0x00, 0x00, 0x00, 0x66, 0xBC, 0x8A,
    0xA2, 0x00, 0x7D, 0xF8, 0x99, 0x5D, 0x00, 0xA7, 0xFF, 0xA6, 0x18, 0x00, 0xC2, 0xE6, 0xD8, 0x00,
    0x00, 0xC9, 0xA7, 0xEA, 0x00, 0x00, 0xC9, 0x7E, 0xCA, 0x00, 0x0A, 0xAE, 0x31, 0xB4, 0x00, 0x00,
    0x56, 0xD8, 0x00, 0x00, 0x00, 0x00, 0x00, 0x00, 0x00, 0x3D, 0xE0, 0xFF, 0x91, 0x00, 0xA1, 0xB9,
    0xA9, 0xD0, 0x12, 0xD3, 0x3D, 0x51, 0xD5, 0x2D, 0xDF, 0x30, 0x81, 0xCF, 0x0D, 0xD4, 0x28, 0xB6,
    0xCC, 0x00, 0xE8, 0x7F, 0xFF, 0x7D, 0x00, 0xB3, 0xFF, 0xB7, 0x02, 0x00, 0x00, 0x08, 0xCD, 0x7B,
    0x00, 0x00, 0x00, 0x00, 0x00, 0x00, 0x3D, 0xE0, 0xFF, 0x91, 0x00, 0xA1, 0xB9, 0xA9, 0xD0, 0x12,
    0xD3, 0x3D, 0x51, 0xD5, 0x2D, 0xDF, 0x30, 0x81, 0xCF, 0x0D, 0xD4, 0x28, 0xB6, 0xCC, 0x00, 0xE8,
    0x7F, 0xFF, 0x7D, 0x00, 0xB3, 0xFF, 0xB7, 0x02, 0x00, 0x0A, 0xA6, 0xB5, 0x98, 0x00, 0x00, 0x00,
    0x00, 0x00, 0x00, 0x3D, 0xE0, 0xFF, 0x91, 0x00, 0xA1, 0xB9, 0xA9, 0xD0, 0x12, 0xD3, 0x3D, 0x51,
    0xD5, 0x2D, 0xDF, 0x30, 0x81, 0xCF, 0x0D, 0xD4, 0x28, 0xB6, 0xCC, 0x00, 0xE8, 0x7F, 0xFF, 0x7D,
    0x00, 0xB3, 0xFF, 0xB7, 0x02, 0x00, 0x00, 0x76, 0x81, 0x70, 0x10, 0x0A, 0xAE, 0xE2, 0xB6, 0x00,
    0x00, 0x00, 0x00, 0x00, 0x00, 0x3D, 0xE0, 0xFF, 0x91, 0x00, 0xA1, 0xB9, 0xA9, 0xD0, 0x12, 0xD3,
    0x3D, 0x51, 0xD5, 0x2D, 0xDF, 0x30, 0x81, 0xCF, 0x0D, 0xD4, 0x28, 0xB6, 0xCC, 0x00, 0xE8, 0x7F,
    0xFF, 0x7D, 0x00, 0xB3, 0xFF, 0xB7, 0x02, 0x00, 0x00, 0xCC, 0x61, 0xCC, 0x00, 0x00, 0x00, 0x00,
    0x00, 0x00, 0x3D, 0xE0, 0xFF, 0x91, 0x00, 0xA1, 0xB9, 0xA9, 0xD0, 0x12, 0xD3, 0x3D, 0x51, 0xD5,
    0x2D, 0xDF, 0x30, 0x81, 0xCF, 0x0D, 0xD4, 0x28, 0xB6, 0xCC, 0x00, 0xE8, 0x7F, 0xFF, 0x7D, 0x00,
    0xB3, 0xFF, 0xB7, 0x02, 0x00, 0x4B, 0xCF, 0x09, 0x7C, 0xAD, 0x0A, 0xE3, 0xFC, 0xFF, 0x51, 0x00,
    0x8E, 0xFF, 0xEE, 0x0A, 0x55, 0xFF, 0x57, 0xDE, 0xC4, 0x01, 0x30, 0x00, 0x07, 0x2A, 0x00, 0x00,
    0x00, 0x00, 0x09, 0x00, 0x26, 0xFF, 0xDE, 0xD4, 0x00, 0x73, 0xAC, 0xD9, 0x36, 0x00, 0xBD, 0x36,
    0xFF, 0x30, 0x00, 0xDB, 0xF7, 0xE3, 0x0A, 0x00, 0xEF, 0x81, 0xE2, 0x00, 0x00, 0xFA, 0x60, 0xC2,
    0x00, 0x71, 0xE5, 0xFF, 0x49, 0x00, 0x03, 0x02, 0x00, 0x00, 0x00, 0x00, 0x63, 0xC8, 0x00, 0x00,
    0x00, 0x00, 0x00, 0x00, 0x00, 0x9B, 0x91, 0x00, 0xF2, 0xBE, 0xB4, 0x59, 0x04, 0xE4, 0x76, 0xD1,
    0x33, 0x40, 0xD5, 0x2E, 0xD7, 0x30, 0x87, 0xCC, 0x00, 0xCB, 0x25, 0xAC, 0xBD, 0x00, 0xE8, 0x6A,
    0xFF, 0x89, 0x00, 0xC3, 0xFF, 0xC3, 0x07, 0x00, 0x00, 0x0A, 0xCF, 0x78, 0x00, 0x00, 0x00, 0x00,
    0x00, 0x00, 0x9B, 0x91, 0x00, 0xF2, 0xBE, 0xB4, 0x59, 0x04, 0xE4, 0x76, 0xD1, 0x33, 0x40, 0xD5,
    0x2E, 0xD7, 0x30, 0x87, 0xCC, 0x00, 0xCB, 0x25, 0xAC, 0xBD, 0x00, 0xE8, 0x6A, 0xFF, 0x89, 0x00,
    0xC3, 0xFF, 0xC3, 0x07, 0x00, 0x05, 0x9C, 0xB4, 0xA6, 0x00, 0x00, 0x00, 0x00, 0x00, 0x00, 0x9B,
    0x91, 0x00, 0xF2, 0xBE, 0xB4, 0x59, 0x04, 0xE4, 0x76, 0xD1, 0x33, 0x40, 0xD5, 0x2E, 0xD7, 0x30,
    0x87, 0xCC, 0x00, 0xCB, 0x25, 0xAC, 0xBD, 0x00, 0xE8, 0x6A, 0xFF, 0x89, 0x00, 0xC3, 0xFF, 0xC3,
    0x07, 0x00, 0x00, 0xCC, 0x60, 0xCC, 0x00, 0x00, 0x00, 0x00, 0x00, 0x00, 0x9B, 0x91, 0x00, 0xF2,
    0xBE, 0xB4, 0x59, 0x04, 0xE4, 0x76, 0xD1, 0x33, 0x40, 0xD5, 0x2E, 0xD7, 0x30, 0x87, 0xCC, 0x00,
    0xCB, 0x25, 0xAC, 0xBD, 0x00, 0xE8, 0x6A, 0xFF, 0x89, 0x00, 0xC3, 0xFF, 0xC3, 0x07, 0x00, 0x00,
    0x0A, 0xCF, 0x78, 0x00, 0x00, 0x00, 0x00, 0x00, 0x00, 0xB9, 0x47, 0x00, 0xE7, 0xCB, 0x99, 0x98,
    0x81, 0xD1, 0x1B, 0x76, 0xCB, 0xFF, 0x63, 0x00, 0x48, 0xE4, 0xD5, 0x00, 0x00, 0x24, 0xD8, 0x39,
    0x00, 0x00, 0x4C, 0xE5, 0x01, 0x00, 0x00, 0x63, 0xE7, 0x00, 0x00, 0x00, 0x90, 0xBA, 0x00, 0x00,
    0x00, 0x99, 0xFF, 0xFF, 0x98, 0x00, 0xAA, 0x81, 0xAE, 0xD1, 0x1B, 0xC5, 0x35, 0xA8, 0xCD, 0x04,
    0xE1, 0xFF, 0xFF, 0x74, 0x00, 0xCB, 0x4C, 0x0A, 0x00, 0x00, 0xCA, 0x21, 0x00, 0x00, 0x00, 0x2B,
    0xDA, 0xFF, 0xA2, 0x00, 0x91, 0xD1, 0x4B, 0xD0, 0x12, 0x9E, 0xB9, 0xFF, 0x5F, 0x01, 0xB9, 0xB7,
    0xFF, 0x1D, 0x00, 0xD6, 0x39, 0xE8, 0xC6, 0x00, 0xD3, 0x55, 0x9C, 0xCC, 0x00, 0xDD, 0xF4, 0xFF,
    0x76, 0x00, 0x00, 0x0C, 0xB7, 0x1F, 0x00, 0x00, 0x00, 0x8E, 0xC8, 0x00, 0x00, 0x00, 0x00, 0x00,
    0x00, 0x00, 0xAF, 0xFF, 0xFF, 0xB5, 0x00, 0x72, 0x0A, 0x87, 0xFF, 0x46, 0xEB, 0xFF, 0xFF, 0xFF,
    0xE7, 0xDD, 0x07, 0xDF, 0xCD, 0xAF, 0xFF, 0xCE, 0xFF, 0xAE, 0x00, 0x00, 0x25, 0x99, 0x1C, 0x00,
    0x14, 0xE8, 0x49, 0x00, 0x00, 0x00, 0x00, 0x00, 0x00, 0x69, 0xEF, 0xFF, 0x91, 0x00, 0x44, 0x1F,
    0x87, 0xCC, 0x00, 0xA9, 0xFB, 0xFF, 0xCC, 0x00, 0xE1, 0x32, 0xDF, 0xA4, 0x00, 0xDF, 0xD8, 0xFF,
    0x8B, 0x00, 0x00, 0x00, 0x21, 0xBE, 0x33, 0x00, 0x1C, 0xDE, 0x91, 0xCF, 0x00, 0x00, 0x00, 0x00,
    0x00, 0x00, 0xAF, 0xFF, 0xFF, 0xB5, 0x00, 0x72, 0x0A, 0x87, 0xFF, 0x46, 0xEB, 0xFF, 0xFF, 0xFF,
    0xE7, 0xDD, 0x07, 0xDF, 0xCD, 0xAF, 0xFF, 0xCE, 0xFF, 0xAE, 0x00, 0x99, 0xB1, 0x8C, 0x07, 0x16,
    0x9D, 0xB5, 0x8C, 0x00, 0x00, 0x00, 0x00, 0x00, 0x00, 0x69, 0xEF, 0xFF, 0x91, 0x00, 0x44, 0x1F,
    0x87, 0xCC, 0x00, 0xA9, 0xFB, 0xFF, 0xCC, 0x00, 0xE1, 0x32, 0xDF, 0xA4, 0x00, 0xDF, 0xD8, 0xFF,
    0x8B, 0x00, 0x00, 0x00, 0x15, 0x03, 0x18, 0x00, 0x00, 0xFF, 0x6A, 0xFF, 0x00, 0x00, 0x00, 0x00,
    0x00, 0x00, 0xAF, 0xFF, 0xFF, 0xB5, 0x00, 0x72, 0x0A, 0x87, 0xFF, 0x46, 0xEB, 0xFF, 0xFF, 0xFF,
    0xE7, 0xDD, 0x07, 0xDF, 0xCD, 0xAF, 0xFF, 0xCE, 0xFF, 0xAE, 0x00, 0x00, 0x55, 0xBF, 0x36, 0x00,
    0x00, 0xE2, 0x40, 0xC3, 0x00, 0x00, 0xB4, 0xEC, 0x7F, 0x00, 0x00, 0x00, 0x00, 0x00, 0x00, 0xAF,
    0xFF, 0xFF, 0xB5, 0x00, 0x72, 0x0A, 0x87, 0xFF, 0x46, 0xEB, 0xFF, 0xFF, 0xFF, 0xE7, 0xDD, 0x07,
    0xDF, 0xCD, 0xAF, 0xFF, 0xCE, 0xFF, 0xAE, 0x00, 0x91, 0xFF, 0xF6, 0x4B, 0x00, 0x1F, 0xDD, 0xB7,
    0x91, 0x00, 0xD2, 0xFF, 0xFF, 0x5B, 0x16, 0xB1, 0xFF, 0x31, 0x00, 0x07, 0xFF, 0xB5, 0xE2, 0x00,
    0x00, 0x5A, 0xFF, 0xFF, 0xF6, 0x1E, 0xFF, 0xA1, 0x24, 0x61, 0x81, 0xFF, 0x01, 0x00, 0x00, 0x82,
    0xFF, 0x34, 0x2E, 0x28, 0x0A, 0xE2, 0xFF, 0xFF, 0x34, 0x00, 0x00, 0xA0, 0x66, 0x00, 0x00, 0xA0,
    0xD4, 0x25, 0x00, 0x0A, 0x98, 0x16, 0x00, 0x00, 0x00, 0x80, 0xB9, 0x00, 0x00, 0x00, 0x00, 0x00,
    0x00, 0x00, 0x5F, 0xEC, 0xFF, 0x7E, 0x00, 0xC1, 0x6D, 0x72, 0xCD, 0x07, 0xE3, 0xFF, 0xFF, 0xCE,
    0x0A, 0xD8, 0x40, 0x2A, 0x3A, 0x00, 0xAC, 0xFE, 0xFF, 0x5B, 0x00, 0x00, 0x00, 0x51, 0x84, 0x06,
    0x00, 0x3A, 0xEB, 0x26, 0x00, 0x00, 0x00, 0x00, 0x00, 0x00, 0x5F, 0xEC, 0xFF, 0x7E, 0x00, 0xC1,
    0x6D, 0x72, 0xCD, 0x07, 0xE3, 0xFF, 0xFF, 0xCE, 0x0A, 0xD8, 0x40, 0x2A, 0x3A, 0x00, 0xAC, 0xFE,
    0xFF, 0x5B, 0x00, 0x00, 0x2E, 0xA0, 0x14, 0x00, 0x1F, 0xBB, 0xA8, 0x8A, 0x00, 0x00, 0x00, 0x00,
    0x00, 0x00, 0x5F, 0xEC, 0xFF, 0x7E, 0x00, 0xC1, 0x6D, 0x72, 0xCD, 0x07, 0xE3, 0xFF, 0xFF, 0xCE,
    0x0A, 0xD8, 0x40, 0x2A, 0x3A, 0x00, 0xAC, 0xFE, 0xFF, 0x5B, 0x00, 0x00, 0x14, 0x06, 0x0F, 0x00,
    0x18, 0xD4, 0x8E, 0xA4, 0x00, 0x00, 0x00, 0x00, 0x00, 0x00, 0x5F, 0xEC, 0xFF, 0x7E, 0x00, 0xC1,
    0x6D, 0x72, 0xCD, 0x07, 0xE3, 0xFF, 0xFF, 0xCE, 0x0A, 0xD8, 0x40, 0x2A, 0x3A, 0x00, 0xAC, 0xFE,
    0xFF, 0x5B, 0x00, 0x54, 0x8E, 0x00, 0x00, 0x0A, 0xF1, 0x52, 0x00, 0x00, 0x00, 0x00, 0x00, 0xE7,
    0xFF, 0xB2, 0x00, 0x00, 0xFF, 0x84, 0x00, 0x37, 0xFF, 0x31, 0x00, 0x87, 0xFF, 0x06, 0x00, 0x4F,
    0xFF, 0xFF, 0xC5, 0x00, 0x00, 0x55, 0x83, 0x06, 0x00, 0x3D, 0xE8, 0x24, 0x00, 0x00, 0x00, 0x00,
    0x00, 0x00, 0x99, 0xFF, 0x94, 0x00, 0x00, 0x14, 0xD3, 0x42, 0x00, 0x00, 0x49, 0xE4, 0x03, 0x00,
    0x00, 0x64, 0xED, 0x00, 0x00, 0x00, 0x50, 0xE7, 0xFF, 0x8B, 0x00, 0x03, 0xE7, 0xFF, 0x03, 0xB7,
    0xA6, 0xB2, 0x6C, 0x00, 0x00, 0x00, 0x00, 0xFF, 0xFF, 0x9A, 0x00, 0x1C, 0xFF, 0x48, 0x00, 0x73,
    0xFF, 0x06, 0x00, 0xA3, 0xFF, 0x00, 0x00, 0x84, 0xFF, 0xFF, 0xB1, 0x03, 0x16, 0x0A, 0x0F, 0x70,
    0xE3, 0xB2, 0xAE, 0x00, 0x00, 0x00, 0x00, 0xFF, 0xFF, 0xB8, 0x00, 0x09, 0xFF, 0x66, 0x00, 0x55,
    0xFF, 0x16, 0x00, 0xA6, 0xFF, 0x01, 0x00, 0x6C, 0xFF, 0xFF, 0xAB, 0x00, 0x8E, 0xFA, 0x8D, 0x28,
    0x45, 0xA1, 0xFF, 0x59, 0x00, 0x61, 0xEC, 0xFF, 0xBA, 0x00, 0xC2, 0x85, 0x9A, 0xCC, 0x00, 0xD0,
    0x2D, 0x85, 0xCC, 0x00, 0xE0, 0x51, 0xF1, 0xA6, 0x00, 0xAD, 0xFF, 0xDF, 0x1B, 0x00, 0x00, 0x06,
    0xD9, 0x8B, 0xB1, 0x00, 0x51, 0x99, 0xD0, 0xA6, 0x00, 0x00, 0x00, 0x00, 0x00, 0x00, 0xFF, 0xEC,
    0xFF, 0xD2, 0x19, 0xFF, 0x94, 0xBD, 0xFF, 0x63, 0xFF, 0x0F, 0xBC, 0xE2, 0xAC, 0xFF, 0x00, 0xF8,
    0xA3, 0xCD, 0xCD, 0x03, 0xFF, 0x79, 0x00, 0x1F, 0xBA, 0x09, 0x00, 0x00, 0x00, 0xA3, 0xBB, 0x00,
    0x00, 0x00, 0x00, 0x00, 0x00, 0x00, 0xA5, 0xFF, 0xFF, 0x99, 0x5B, 0xFF, 0x5B, 0xA9, 0xFF, 0xAB,
    0xF0, 0x00, 0x81, 0xFF, 0xAA, 0xFF, 0x24, 0xED, 0xD3, 0x2D, 0xFF, 0xFF, 0xDE, 0x21, 0x00, 0x00,
    0x40, 0x8E, 0x0D, 0x00, 0x29, 0xED, 0x33, 0x00, 0x00, 0x00, 0x00, 0x00, 0x00, 0x63, 0xED, 0xFF,
    0x7A, 0x00, 0xBD, 0x7C, 0xA9, 0xCC, 0x00, 0xD4, 0x30, 0x81, 0xCC, 0x00, 0xDD, 0x50, 0xED, 0xA9,
    0x00, 0xAB, 0xFF, 0xDE, 0x1A, 0x00, 0x00, 0x00, 0x3A, 0xA0, 0x19, 0x00, 0x34, 0xDD, 0xA8, 0xAC,
    0x00, 0x00, 0x00, 0x00, 0x00, 0x00, 0xA5, 0xFF, 0xFF, 0x99, 0x5B, 0xFF, 0x5B, 0xA9, 0xFF, 0xAB,
    0xF0, 0x00, 0x81, 0xFF, 0xAA, 0xFF, 0x24, 0xED, 0xD3, 0x2D, 0xFF, 0xFF, 0xDE, 0x21, 0x00, 0x06,
    0xD8, 0x8A, 0xAB, 0x00, 0x51, 0x9C, 0xD2, 0xA8, 0x00, 0x00, 0x00, 0x00, 0x00, 0x00, 0xA5, 0xFF,
    0xFF, 0x99, 0x5B, 0xFF, 0x5B, 0xA9, 0xFF, 0xAB, 0xF0, 0x00, 0x81, 0xFF, 0xAA, 0xFF, 0x24, 0xED,
    0xD3, 0x2D, 0xFF, 0xFF, 0xDE, 0x21, 0x00, 0x00, 0x19, 0x04, 0x15, 0x00, 0x18, 0xFF, 0x7F, 0xDC,
    0x00, 0x00, 0x00, 0x00, 0x00, 0x00, 0xA5, 0xFF, 0xFF, 0x99, 0x5B, 0xFF, 0x5B, 0xA9, 0xFF, 0xAB,
    0xF0, 0x00, 0x81, 0xFF, 0xAA, 0xFF, 0x24, 0xED, 0xD3, 0x2D, 0xFF, 0xFF, 0xDE, 0x21, 0x00, 0x16,
    0x0A, 0x00, 0x00, 0x00, 0xCC, 0x96, 0x00, 0x00, 0x00, 0x4E, 0x27, 0x00, 0x00, 0xEB, 0xFF, 0xFF,
    0xD5, 0x2B, 0x24, 0x40, 0x34, 0x22, 0x04, 0x00, 0xCC, 0x96, 0x00, 0x00, 0x00, 0x4E, 0x27, 0x00,
    0x00, 0x00, 0x00, 0x00, 0x02, 0x31, 0x00, 0x45, 0xFF, 0xF7, 0x93, 0x00, 0xA0, 0x69, 0xFF, 0x03,
    0x00, 0xCD, 0xE7, 0xE7, 0x00, 0x00, 0xD0, 0x76, 0xDC, 0x00, 0x1F, 0xFB, 0xFF, 0x6E, 0x00, 0x07,
    0x1D, 0x00, 0x00, 0x00, 0x13, 0xD2, 0x3C, 0x00, 0x00, 0x00, 0x6D, 0xC3, 0x00, 0x00, 0x00, 0x00,
    0x00, 0x00, 0x00, 0x99, 0x9F, 0x61, 0xCF, 0x0F, 0xAC, 0x64, 0xAB, 0xCC, 0x00, 0xCA, 0x35, 0xCD,
    0xA5, 0x00, 0xE5, 0x5F, 0xFF, 0x8B, 0x00, 0xC7, 0xE1, 0xFF, 0x52, 0x00, 0x00, 0x00, 0x9F, 0xD1,
    0x18, 0x00, 0x2C, 0xF8, 0x16, 0x00, 0x00, 0x00, 0x00, 0x00, 0x00, 0x99, 0x9F, 0x61, 0xCF, 0x0F,
    0xAC, 0x64, 0xAB, 0xCC, 0x00, 0xCA, 0x35, 0xCD, 0xA5, 0x00, 0xE5, 0x5F, 0xFF, 0x8B, 0x00, 0xC7,
    0xE1, 0xFF, 0x52, 0x00, 0x00, 0x76, 0xFF, 0x4B, 0x00, 0x24, 0xC4, 0x5A, 0xA6, 0x00, 0x00, 0x00,
    0x00, 0x00, 0x00, 0x99, 0x9F, 0x61, 0xCF, 0x0F, 0xAC, 0x64, 0xAB, 0xCC, 0x00, 0xCA, 0x35, 0xCD,
    0xA5, 0x00, 0xE5, 0x5F, 0xFF, 0x8B, 0x00, 0xC7, 0xE1, 0xFF, 0x52, 0x00, 0x00, 0x13, 0x03, 0x12,
    0x00, 0x06, 0xCE, 0x75, 0xBC, 0x00, 0x00, 0x00, 0x00, 0x00, 0x00, 0x99, 0x9F, 0x61, 0xCF, 0x0F,
    0xAC, 0x64, 0xAB, 0xCC, 0x00, 0xCA, 0x35, 0xCD, 0xA5, 0x00, 0xE5, 0x5F, 0xFF, 0x8B, 0x00, 0xC7,
    0xE1, 0xFF, 0x52, 0x00, 0x00, 0x00, 0x00, 0x7E, 0x1F, 0x00, 0x00, 0x18, 0x97, 0x00, 0x00, 0x00,
    0x00, 0x00, 0x00, 0x00, 0x8E, 0x2B, 0xA1, 0x8A, 0x00, 0x68, 0x6F, 0xDA, 0x01, 0x00, 0x64, 0xB0,
    0xA0, 0x00, 0x00, 0x4B, 0xFF, 0x5A, 0x00, 0x00, 0x3C, 0xFF, 0x19, 0x00, 0x00, 0x58, 0xBE, 0x00,
    0x00, 0x37, 0xFC, 0x19, 0x00, 0x00, 0x00, 0x48, 0xE6, 0x00, 0x00, 0x00, 0x60, 0xAC, 0x00, 0x00,
    0x00, 0x66, 0xDF, 0xE8, 0x00, 0x00, 0x83, 0xAF, 0xD1, 0x25, 0x00, 0xAF, 0x06, 0xBC, 0x10, 0x00,
    0xC7, 0x3C, 0xE2, 0x00, 0x00, 0xDB, 0xFF, 0x83, 0x00, 0x00, 0xD5, 0x00, 0x00, 0x00, 0x13, 0xBA,
    0x00, 0x00, 0x00, 0x00, 0x00, 0x10, 0x0C, 0x00, 0x00, 0x00, 0xFF, 0xC4, 0x00, 0x00, 0x00, 0x00,
    0x00, 0x00, 0x00, 0x8E, 0x2B, 0xA1, 0x8A, 0x00, 0x68, 0x6F, 0xDA, 0x01, 0x00, 0x64, 0xB0, 0xA0,
    0x00, 0x00, 0x4B, 0xFF, 0x5A, 0x00, 0x00, 0x3C, 0xFF, 0x19, 0x00, 0x00, 0x58, 0xBE, 0x00, 0x00,
    0x37, 0xFC, 0x19, 0x00, 0x00, 0xB2, 0xFF, 0xFF, 0x12, 0x21, 0x30, 0x2B, 0x00, 0x03, 0xFF, 0xFF,
    0xFF, 0x9C, 0x02, 0x30, 0x30, 0x30, 0x0F, 0x00, 0x2E, 0xFF, 0x12, 0x00, 0xE9, 0xB6, 0x00, 0x18,
    0xFF, 0x78, 0x00, 0x00, 0x64, 0xFF, 0x2B, 0x00, 0xA2, 0xFD, 0x00, 0x0A, 0xFF, 0x3F, 0x00, 0x1D,
    0xD6, 0x19, 0xDB, 0x69, 0x91, 0xBF, 0xB5, 0xCC, 0x00, 0xA0, 0x85, 0xD0, 0x81, 0x00, 0x6A, 0xEF,
    0x45, 0xDB, 0x4B, 0x8E, 0xBA, 0xAF, 0xCD, 0x06, 0xA0, 0x38, 0xE6, 0x30, 0x00, 0x13, 0xB6, 0x98,
    0x8A, 0xAC, 0x4A, 0xF7, 0xD8, 0xF0, 0xC4, 0x00, 0x02, 0xAA, 0xFF, 0x67, 0x00, 0x42, 0xFF, 0x59,
    0x31, 0x00, 0xD3, 0xFF, 0x72, 0x00, 0x00, 0x8C, 0x2D, 0x00, 0x00, 0x06, 0xFF, 0xFF, 0x31, 0x00,
    0x00, 0x8B, 0x7F, 0x50, 0x00, 0x00, 0x44, 0xFF, 0x9C, 0x00, 0x00, 0x00, 0x00, 0x00, 0x00, 0x98,
    0x2C, 0x00, 0x00, 0x00, 0xF4, 0xFF, 0xFF, 0xD2, 0x1C, 0xA5, 0x38, 0x0C, 0x0A, 0x00, 0x04, 0x01,
    0x00, 0x00, 0x00, 0x00, 0x3D, 0xFF, 0x69, 0x00, 0x00, 0xC9, 0xFF, 0xE2, 0x0A, 0x00, 0x00, 0xFF,
    0x1E, 0x00, 0x00, 0x00, 0xFF, 0x1E, 0x00, 0x00, 0x00, 0xFF, 0x1E, 0x00, 0x00, 0x00, 0x00, 0x00,
    0x00, 0x00, 0x00, 0xB2, 0x6E, 0x00, 0xF4, 0xFF, 0xFF, 0xD0, 0x13, 0x0B, 0x0C, 0xBA, 0x82, 0x00,
    0x00, 0x00, 0x04, 0x00, 0x00, 0x00, 0x00, 0xF3, 0x18, 0x00, 0x00, 0x00, 0xFF, 0x1E, 0x00, 0x00,
    0x00, 0xFF, 0x1E, 0x00, 0x00, 0xA7, 0xFF, 0xBC, 0x0A, 0x00, 0x64, 0xFF, 0x9A, 0x00, 0x00, 0x00,
    0x00, 0x00, 0x00, 0x98, 0x2C, 0xB2, 0x6E, 0x00, 0xF4, 0xFF, 0xFF, 0xD0, 0x13, 0xA5, 0x38, 0xBA,
    0x82, 0x00, 0x04, 0x01, 0x04, 0x00, 0x00, 0x00, 0x3D, 0xFF, 0x69, 0x00, 0x00, 0xC9, 0xFF, 0xE2,
    0x0A, 0x00, 0x00, 0xFF, 0x1E, 0x00, 0x00, 0xA7, 0xFF, 0xBC, 0x0A, 0x00, 0x64, 0xFF, 0x9A, 0x00,
    0x00, 0xD2, 0xAB, 0x00, 0x00, 0xA8, 0xA8, 0x00, 0x00, 0xA8, 0xA8, 0x00, 0xA8, 0x8E, 0xBA, 0x5D,
    0x10, 0xAB, 0x9F, 0x00, 0x00, 0x04, 0x00, 0x00, 0x00, 0x00, 0x00, 0x3F, 0x00, 0x29, 0x30, 0xB5,
    0xC1, 0x03, 0xE5, 0xFF, 0xFF, 0xD1, 0x1B, 0x31, 0xD8, 0x8B, 0x27, 0x03, 0xE6, 0xFF, 0xFF, 0xD1,
    0x1B, 0xB9, 0x2F, 0x00, 0x00, 0x00, 0x0E, 0x04, 0x00, 0x00, 0x00, 0x32, 0x3C, 0x3C, 0x30, 0x01,
    0xDD, 0xFF, 0xFF, 0xCE, 0x0A, 0x28, 0x30, 0x30, 0x27, 0x01, 0xE0, 0xFF, 0xFF, 0xCE, 0x0A, 0x1E,
    0x24, 0x24, 0x1D, 0x00, 0xE3, 0xFF, 0xFF, 0xCE, 0x0A, 0x00, 0x00, 0x00, 0x18, 0x01, 0x1B, 0x8D,
    0xEE, 0xCE, 0x09, 0xDC, 0xCF, 0x64, 0x07, 0x00, 0x98, 0xF3, 0xF2, 0x93, 0x03, 0x0F, 0x15, 0x72,
    0x9F, 0x09, 0xE7, 0xFF, 0xFF, 0xCE, 0x0C, 0x0C, 0x00, 0x00, 0x00, 0x00, 0xE0, 0xC3, 0x5E, 0x03,
    0x00, 0x21, 0x90, 0xFF, 0xCE, 0x09, 0xA1, 0xF5, 0xF0, 0x85, 0x03, 0xA3, 0x47, 0x12, 0x0E, 0x00,
    0xE7, 0xFF, 0xFF, 0xCE, 0x0C, 0x00, 0x8A, 0xEE, 0xE4, 0x36, 0x12, 0xE8, 0x03, 0x2B, 0xD4, 0x19,
    0xE1, 0x00, 0x1B, 0xDC, 0x45, 0xF6, 0xF0, 0xED, 0x49, 0x9A, 0x0D, 0x00, 0x00, 0x00, 0x00, 0x00,
    0x00, 0x00, 0xA1, 0xC3, 0x00, 0xAE, 0x00, 0x00, 0x90, 0x90, 0x90, 0x7B, 0x90, 0x90, 0x67, 0x90,
    0x93, 0x84, 0x90, 0x90, 0x90, 0xB7, 0x00, 0xBA, 0x00, 0x00, 0x00, 0x00, 0x0F, 0xDC, 0xDC, 0xDC,
    0x87, 0x01, 0x18, 0x18, 0x18, 0x0C, 0x16, 0xFF, 0xFF, 0xFF, 0xBB, 0x0C, 0xAF, 0xAF, 0xAF, 0x6C,
    0xAF, 0xE1, 0xE1, 0xE1, 0xE1, 0xE1, 0xE1, 0xE1, 0xE1, 0xE1, 0xE1, 0x1C, 0xFA, 0x79, 0xFF, 0x9C,
    0xFF, 0x9C, 0xFF, 0x9C, 0xFF, 0x9C, 0xFF, 0x9C, 0xFF, 0x9C, 0xFF, 0x9C, 0xFF, 0x9C, 0xFF, 0x9C,
    0xFF, 0x9C, 0x2A, 0x10, 0x8E, 0xC4, 0x73, 0xB7, 0x55, 0x0E, 0x15, 0x0A, 0x13, 0x07, 0xBB, 0xE8,
    0x9F, 0xE4, 0x78, 0x71, 0x9C, 0x5B, 0x92, 0x43, 0xD5, 0xE1, 0xA8, 0x79, 0xE1, 0xE1, 0x43, 0xD5,
    0xE1, 0xA8, 0xFF, 0x94, 0xFF, 0x9C, 0xF0, 0x75, 0xAE, 0x46, 0xFF, 0x9C, 0xFF, 0x9C, 0x60, 0x27,
    0xFF, 0x94, 0xFF, 0x9C, 0xF0, 0x75, 0x8D, 0x73, 0xB5, 0x90, 0x31, 0x0E, 0x0A, 0x13, 0x0D, 0x04,
    0xC4, 0x9F, 0xFC, 0xA9, 0x43, 0x7B, 0x5B, 0xAC, 0x72, 0x27, 0xD5, 0xC4, 0x1C, 0xE1, 0xA5, 0x8A,
    0xE1, 0x43, 0xE1, 0xB2, 0xFF, 0x94, 0xFF, 0x88, 0x2A, 0x10, 0xFF, 0x9C, 0xEB, 0x72, 0xA5, 0x4F,
    0xFF, 0x9C, 0x60, 0x27, 0xFF, 0x9C, 0xFF, 0x7B, 0xD0, 0xDC, 0x73, 0x5B, 0x18, 0x0A, 0x4B, 0x00,
    0x00, 0x4B, 0x00, 0x00, 0x4B, 0x00, 0x00, 0x4B, 0x00, 0x00, 0x09, 0x00, 0x00, 0xF1, 0xFF, 0x9F,
    0xC0, 0xAF, 0x5B, 0x4B, 0x00, 0x00, 0x4B, 0x00, 0x00, 0x4B, 0x00, 0x00, 0x4B, 0x00, 0x00, 0x13,
    0x00, 0x00, 0xDC, 0xDC, 0x84, 0xC6, 0x18, 0x0C, 0xBD, 0x00, 0x00, 0xBD, 0x00, 0x00, 0xBD, 0x00,
    0x00, 0xBD, 0x00, 0x00, 0x19, 0x00, 0x00, 0xFF, 0xFF, 0xB7, 0xF0, 0xAF, 0x69, 0xBD, 0x00, 0x00,
    0xBD, 0x00, 0x00, 0xBD, 0x00, 0x00, 0xBD, 0x00, 0x00, 0x32, 0x00, 0x00, 0x00, 0x28, 0xDC, 0xDC,
    0xDC, 0x00, 0x03, 0x18, 0x18, 0xE6, 0x00, 0x00, 0x00, 0x00, 0xE1, 0x00, 0x00, 0x00, 0x00, 0xE1,
    0x00, 0x00, 0x00, 0x00, 0xE1, 0x00, 0x00, 0x00, 0x00, 0xE1, 0x00, 0x00, 0x00, 0x00, 0x1C, 0x00,
    0x39, 0xFF, 0xFF, 0xFF, 0x00, 0x1F, 0xAF, 0xAF, 0xFF, 0x00, 0x00, 0x00, 0x00, 0xE1, 0x00, 0x00,
    0x00, 0x00, 0xE1, 0x00, 0x00, 0x00, 0x00, 0xE1, 0x00, 0x00, 0x00, 0x00, 0xE1, 0x00, 0x00, 0x00,
    0x00, 0x3A, 0x0E, 0xB5, 0xDC, 0xC5, 0x6A, 0x01, 0x13, 0x18, 0xEB, 0x9C, 0x00, 0x00, 0x00, 0xEB,
    0x9C, 0x00, 0x00, 0x00, 0xEB, 0x9C, 0x00, 0x00, 0x00, 0xEB, 0x9C, 0x00, 0x00, 0x00, 0xEB, 0x9C,
    0x00, 0x00, 0x00, 0x25, 0x10, 0x14, 0xD3, 0xFF, 0xEA, 0x94, 0x0B, 0x90, 0xAF, 0xEB, 0x9C, 0x00,
    0x00, 0x00, 0xEB, 0x9C, 0x00, 0x00, 0x00, 0xEB, 0x9C, 0x00, 0x00, 0x00, 0xEB, 0x9C, 0x00, 0x00,
    0x00, 0xEB, 0x9C, 0x00, 0x00, 0x00, 0x4A, 0x21, 0x3A, 0x00, 0x00, 0x4B, 0x00, 0x00, 0x4B, 0x00,
    0x00, 0x4B, 0x00, 0x00, 0x4B, 0x00, 0x00, 0xDE, 0xDC, 0x73, 0x15, 0x18, 0x0A, 0x3C, 0x00, 0x00,
    0x4B, 0x00, 0x00, 0x4B, 0x00, 0x00, 0x4B, 0x00, 0x00, 0x4B, 0x00, 0x00, 0xF5, 0xFF, 0x9F, 0xA6,
    0xAF, 0x5B, 0xA4, 0x00, 0x00, 0xBD, 0x00, 0x00, 0xBD, 0x00, 0x00, 0xBD, 0x00, 0x00, 0xBD, 0x00,
    0x00, 0xFF, 0xDC, 0x84, 0x18, 0x18, 0x0C, 0x8C, 0x00, 0x00, 0xBD, 0x00, 0x00, 0xBD, 0x00, 0x00,
    0xBD, 0x00, 0x00, 0xBD, 0x00, 0x00, 0xFF, 0xFF, 0xB7, 0xAF, 0xAF, 0x69, 0x00, 0x00, 0x00, 0x00,
    0xAF, 0x00, 0x00, 0x00, 0x00, 0xE1, 0x00, 0x00, 0x00, 0x00, 0xE1, 0x00, 0x00, 0x00, 0x00, 0xE1,
    0x00, 0x00, 0x00, 0x00, 0xE1, 0x00, 0x28, 0xDC, 0xDC, 0xFF, 0x00, 0x03, 0x18, 0x18, 0x18, 0x00,
    0x00, 0x00, 0x00, 0xB4, 0x00, 0x00, 0x00, 0x00, 0xE1, 0x00, 0x00, 0x00, 0x00, 0xE1, 0x00, 0x00,
    0x00, 0x00, 0xE1, 0x00, 0x00, 0x00, 0x00, 0xE1, 0x00, 0x39, 0xFF, 0xFF, 0xFF, 0x00, 0x1F, 0xAF,
    0xAF, 0xAF, 0x00, 0x00, 0x00, 0xE0, 0x79, 0x00, 0x00, 0x00, 0xEB, 0x9C, 0x00, 0x00, 0x00, 0xEB,
    0x9C, 0x00, 0x00, 0x00, 0xEB, 0x9C, 0x00, 0x00, 0x00, 0xEB, 0x9C, 0x0E, 0xB5, 0xDC, 0xEB, 0x9C,
    0x01, 0x13, 0x18, 0x15, 0x09, 0x00, 0x00, 0x00, 0xC1, 0x67, 0x00, 0x00, 0x00, 0xEB, 0x9C, 0x00,
    0x00, 0x00, 0xEB, 0x9C, 0x00, 0x00, 0x00, 0xEB, 0x9C, 0x00, 0x00, 0x00, 0xEB, 0x9C, 0x14, 0xD3,
    0xFF, 0xEB, 0x9C, 0x0B, 0x90, 0xAF, 0x9D, 0x54, 0x3A, 0x00, 0x00, 0x4B, 0x00, 0x00, 0x4B, 0x00,
    0x00, 0x4B, 0x00, 0x00, 0x4B, 0x00, 0x00, 0xDE, 0xDC, 0x73, 0x5B, 0x18, 0x0A, 0x4B, 0x00, 0x00,
    0x4B, 0x00, 0x00, 0x4B, 0x00, 0x00, 0x4B, 0x00, 0x00, 0x09, 0x00, 0x00, 0x3A, 0x00, 0x00, 0x4B,
    0x00, 0x00, 0x4B, 0x00, 0x00, 0x4B, 0x00, 0x00, 0x5B, 0x18, 0x0A, 0xF5, 0xFF, 0xA8, 0xBF, 0xAE,
    0x4B, 0x4B, 0x00, 0x00, 0x4B, 0x00, 0x00, 0x4B, 0x00, 0x00, 0x4B, 0x00, 0x00, 0x09, 0x00, 0x00,
    0xA4, 0x00, 0x00, 0xBD, 0x00, 0x00, 0xBD, 0x00, 0x00, 0xBD, 0x00, 0x00, 0xBD, 0x00, 0x00, 0xFF,
    0xDC, 0x84, 0x65, 0x18, 0x0C, 0x54, 0x00, 0x00, 0x54, 0x00, 0x00, 0x54, 0x00, 0x00, 0x54, 0x00,
    0x00, 0x09, 0x00, 0x00, 0x41, 0x00, 0x00, 0x54, 0x00, 0x00, 0x54, 0x00, 0x00, 0x54, 0x00, 0x00,
    0x54, 0x00, 0x00, 0xEC, 0xDC, 0x84, 0xC6, 0x18, 0x0C, 0xBD, 0x00, 0x00, 0xBD, 0x00, 0x00, 0xBD,
    0x00, 0x00, 0xBD, 0x00, 0x00, 0x19, 0x00, 0x00, 0xA4, 0x00, 0x00, 0xBD, 0x00, 0x00, 0xBD, 0x00,
    0x00, 0xBD, 0x00, 0x00, 0xBD, 0x00, 0x00, 0xFF, 0xDC, 0x84, 0xC6, 0x18, 0x0C, 0xBD, 0x00, 0x00,
    0xBD, 0x00, 0x00, 0xBD, 0x00, 0x00, 0xBD, 0x00, 0x00, 0x19, 0x00, 0x00, 0x4F, 0x00, 0x00, 0xBD,
    0x00, 0x00, 0xBD, 0x00, 0x00, 0xBD, 0x00, 0x00, 0xBD, 0x00, 0x00, 0xFC, 0xCD, 0x7B, 0xFF, 0xFF,
    0xA8, 0x54, 0x00, 0x00, 0x54, 0x00, 0x00, 0x54, 0x00, 0x00, 0x54, 0x00, 0x00, 0x34, 0x00, 0x00,
    0x41, 0x00, 0x00, 0x54, 0x00, 0x00, 0x54, 0x00, 0x00, 0x54, 0x00, 0x00, 0x54, 0x00, 0x00, 0xFF,
    0xFF, 0xB7, 0xF2, 0xB4, 0x6C, 0xBD, 0x00, 0x00, 0xBD, 0x00, 0x00, 0xBD, 0x00, 0x00, 0xBD, 0x00,
    0x00, 0x32, 0x00, 0x00, 0xA4, 0x00, 0x00, 0xBD, 0x00, 0x00, 0xBD, 0x00, 0x00, 0xBD, 0x00, 0x00,
    0xC6, 0x18, 0x0C, 0xFF, 0xFF, 0xA0, 0xE4, 0xAE, 0x57, 0xBD, 0x00, 0x00, 0xBD, 0x00, 0x00, 0xBD,
    0x00, 0x00, 0xBD, 0x00, 0x00, 0x19, 0x00, 0x00, 0x00, 0x00, 0x00, 0x00, 0xAF, 0x00, 0x00, 0x00,
    0x00, 0xE1, 0x00, 0x00, 0x00, 0x00, 0xE1, 0x00, 0x00, 0x00, 0x00, 0xE1, 0x00, 0x00, 0x00, 0x00,
    0xE1, 0x00, 0x28, 0xDC, 0xDC, 0xFF, 0x00, 0x03, 0x18, 0x18, 0xE6, 0x00, 0x00, 0x00, 0x00, 0xE1,
    0x00, 0x00, 0x00, 0x00, 0xE1, 0x00, 0x00, 0x00, 0x00, 0xE1, 0x00, 0x00, 0x00, 0x00, 0xE1, 0x00,
    0x00, 0x00, 0x00, 0x1C, 0x00, 0x00, 0x00, 0x00, 0xAF, 0x00, 0x00, 0x00, 0x00, 0xE1, 0x00, 0x00,
    0x00, 0x00, 0xE1, 0x00, 0x00, 0x00, 0x00, 0xE1, 0x00, 0x03, 0x18, 0x18, 0xE6, 0x00, 0x3C, 0xFF,
    0xFF, 0xFF, 0x00, 0x1B, 0xAE, 0xAE, 0xFF, 0x00, 0x00, 0x00, 0x00, 0xE1, 0x00, 0x00, 0x00, 0x00,
    0xE1, 0x00, 0x00, 0x00, 0x00, 0xE1, 0x00, 0x00, 0x00, 0x00, 0xE1, 0x00, 0x00, 0x00, 0x00, 0x1C,
    0x00, 0x00, 0x00, 0xE0, 0x79, 0x00, 0x00, 0x00, 0xEB, 0x9C, 0x00, 0x00, 0x00, 0xEB, 0x9C, 0x00,
    0x00, 0x00, 0xEB, 0x9C, 0x00, 0x00, 0x00, 0xEB, 0x9C, 0x0E, 0xB5, 0xDC, 0xEB, 0x9C, 0x01, 0x13,
    0x18, 0xAF, 0x1F, 0x00, 0x00, 0x00, 0xA9, 0x18, 0x00, 0x00, 0x00, 0xA9, 0x18, 0x00, 0x00, 0x00,
    0xA9, 0x18, 0x00, 0x00, 0x00, 0xA9, 0x18, 0x00, 0x00, 0x00, 0x14, 0x01, 0x00, 0x00, 0x00, 0x84,
    0x12, 0x00, 0x00, 0x00, 0xA9, 0x18, 0x00, 0x00, 0x00, 0xA9, 0x18, 0x00, 0x00, 0x00, 0xA9, 0x18,
    0x00, 0x00, 0x00, 0xA9, 0x18, 0x0E, 0xB5, 0xDC, 0xE3, 0x72, 0x01, 0x13, 0x18, 0xEB, 0x9C, 0x00,
    0x00, 0x00, 0xEB, 0x9C, 0x00, 0x00, 0x00, 0xEB, 0x9C, 0x00, 0x00, 0x00, 0xEB, 0x9C, 0x00, 0x00,
    0x00, 0xEB, 0x9C, 0x00, 0x00, 0x00, 0x25, 0x10, 0x00, 0x00, 0x00, 0xE0, 0x79, 0x00, 0x00, 0x00,
    0xEB, 0x9C, 0x00, 0x00, 0x00, 0xEB, 0x9C, 0x00, 0x00, 0x00, 0xEB, 0x9C, 0x00, 0x00, 0x00, 0xEB,
    0x9C, 0x0E, 0xB5, 0xDC, 0xEB, 0x9C, 0x01, 0x13, 0x18, 0xEB, 0x9C, 0x00, 0x00, 0x00, 0xEB, 0x9C,
    0x00, 0x00, 0x00, 0xEB, 0x9C, 0x00, 0x00, 0x00, 0xEB, 0x9C, 0x00, 0x00, 0x00, 0xEB, 0x9C, 0x00,
    0x00, 0x00, 0x25, 0x10, 0x00, 0x00, 0x00, 0xC1, 0x67, 0x00, 0x00, 0x00, 0xEB, 0x9C, 0x00, 0x00,
    0x00, 0xEB, 0x9C, 0x00, 0x00, 0x00, 0xEB, 0x9C, 0x00, 0x00, 0x00, 0xEB, 0x9C, 0x14, 0xD3, 0xFF,
    0xEB, 0x9C, 0x0B, 0x90, 0xAF, 0xDF, 0x60, 0x00, 0x00, 0x00, 0xA9, 0x18, 0x00, 0x00, 0x00, 0xA9,
    0x18, 0x00, 0x00, 0x00, 0xA9, 0x18, 0x00, 0x00, 0x00, 0xA9, 0x18, 0x00, 0x00, 0x00, 0x2A, 0x04,
    0x00, 0x00, 0x00, 0x87, 0x0F, 0x00, 0x00, 0x00, 0xA9, 0x18, 0x00, 0x00, 0x00, 0xA9, 0x18, 0x00,
    0x00, 0x00, 0xA9, 0x18, 0x00, 0x00, 0x00, 0xA9, 0x18, 0x14, 0xD3, 0xFF, 0xEA, 0x94, 0x0B, 0x90,
    0xAF, 0xEB, 0x9C, 0x00, 0x00, 0x00, 0xEB, 0x9C, 0x00, 0x00, 0x00, 0xEB, 0x9C, 0x00, 0x00, 0x00,
    0xEB, 0x9C, 0x00, 0x00, 0x00, 0xEB, 0x9C, 0x00, 0x00, 0x00, 0x4A, 0x21, 0x00, 0x00, 0x00, 0xE0,
    0x79, 0x00, 0x00, 0x00, 0xEB, 0x9C, 0x00, 0x00, 0x00, 0xEB, 0x9C, 0x00, 0x00, 0x00, 0xEB, 0x9C,
    0x01, 0x13, 0x18, 0xEB, 0x9C, 0x16, 0xD3, 0xFF, 0xEB, 0x9C, 0x09, 0x8E, 0xAE, 0xEB, 0x9C, 0x00,
    0x00, 0x00, 0xEB, 0x9C, 0x00, 0x00, 0x00, 0xEB, 0x9C, 0x00, 0x00, 0x00, 0xEB, 0x9C, 0x00, 0x00,
    0x00, 0xEB, 0x9C, 0x00, 0x00, 0x00, 0x25, 0x10, 0x0F, 0xDC, 0xDC, 0xDC, 0x87, 0x01, 0x18, 0xD3,
    0x21, 0x0C, 0x00, 0x00, 0xCD, 0x0A, 0x00, 0x00, 0x00, 0xCD, 0x0A, 0x00, 0x00, 0x00, 0xCD, 0x0A,
    0x00, 0x00, 0x00, 0xCD, 0x0A, 0x00, 0x00, 0x00, 0x19, 0x00, 0x00, 0x1A, 0xFF, 0xFF, 0xBC, 0x6F,
    0x0F, 0xAF, 0xFF, 0x4A, 0x21, 0x00, 0x00, 0xCD, 0x0A, 0x00, 0x00, 0x00, 0xCD, 0x0A, 0x00, 0x00,
    0x00, 0xCD, 0x0A, 0x00, 0x00, 0x00, 0xCD, 0x0A, 0x00, 0x00, 0x00, 0x34, 0x02, 0x00, 0x37, 0xB9,
    0xFF, 0xFF, 0x66, 0x0F, 0x42, 0xFF, 0xAF, 0x3A, 0x00, 0x00, 0xE1, 0x00, 0x00, 0x00, 0x00, 0xE1,
    0x00, 0x00, 0x00, 0x00, 0xE1, 0x00, 0x00, 0x00, 0x00, 0xE1, 0x00, 0x00, 0x00, 0x00, 0x3A, 0x00,
    0x00, 0x16, 0xFF, 0xFF, 0xFF, 0xBB, 0x0C, 0xAF, 0xFF, 0xB2, 0x6C, 0x00, 0x00, 0xCD, 0x0A, 0x00,
    0x00, 0x00, 0xCD, 0x0A, 0x00, 0x00, 0x00, 0xCD, 0x0A, 0x00, 0x00, 0x00, 0xCD, 0x0A, 0x00, 0x00,
    0x00, 0x34, 0x02, 0x00, 0x13, 0xDC, 0xDC, 0xDC, 0x84, 0x01, 0x18, 0xFF, 0x52, 0x0C, 0x00, 0x00,
    0xFF, 0x3E, 0x00, 0x00, 0x00, 0xFF, 0x3E, 0x00, 0x00, 0x00, 0xFF, 0x3E, 0x00, 0x00, 0x00, 0xFF,
    0x3E, 0x00, 0x00, 0x00, 0x2A, 0x06, 0x00, 0x1A, 0xFF, 0xFF, 0xCC, 0x6F, 0x0F, 0xAF, 0xFF, 0x68,
    0x21, 0x00, 0x00, 0xFF, 0x3E, 0x00, 0x00, 0x00, 0xFF, 0x3E, 0x00, 0x00, 0x00, 0xFF, 0x3E, 0x00,
    0x00, 0x00, 0xFF, 0x3E, 0x00, 0x00, 0x00, 0x54, 0x0D, 0x00, 0x0F, 0xB9, 0xFF, 0xFF, 0xB7, 0x05,
    0x42, 0xFF, 0xC6, 0x69, 0x00, 0x00, 0xFF, 0x3E, 0x00, 0x00, 0x00, 0xFF, 0x3E, 0x00, 0x00, 0x00,
    0xFF, 0x3E, 0x00, 0x00, 0x00, 0xFF, 0x3E, 0x00, 0x00, 0x00, 0x54, 0x0D, 0x00, 0x1A, 0xFF, 0xFF,
    0xFF, 0xB7, 0x0F, 0xAF, 0xFF, 0xC6, 0x69, 0x00, 0x00, 0xFF, 0x3E, 0x00, 0x00, 0x00, 0xFF, 0x3E,
    0x00, 0x00, 0x00, 0xFF, 0x3E, 0x00, 0x00, 0x00, 0xFF, 0x3E, 0x00, 0x00, 0x00, 0x54, 0x0D, 0x00,
    0x00, 0x00, 0xA0, 0x07, 0x00, 0x00, 0x00, 0xCD, 0x0A, 0x00, 0x00, 0x00, 0xCD, 0x0A, 0x00, 0x00,
    0x00, 0xCD, 0x0A, 0x00, 0x00, 0x00, 0xCD, 0x0A, 0x00, 0x0F, 0xDC, 0xFF, 0xDE, 0x87, 0x01, 0x18,
    0x18, 0x18, 0x0C, 0x00, 0x00, 0xB4, 0x00, 0x00, 0x00, 0x00, 0xE1, 0x00, 0x00, 0x00, 0x00, 0xE1,
    0x00, 0x00, 0x00, 0x00, 0xE1, 0x00, 0x00, 0x00, 0x00, 0xE1, 0x00, 0x00, 0x2E, 0xFF, 0xFF, 0xB9,
    0x60, 0x19, 0xAF, 0xAF, 0x42, 0x1C, 0x00, 0x00, 0xB4, 0x00, 0x00, 0x00, 0x00, 0xE1, 0x00, 0x00,
    0x00, 0x00, 0xE1, 0x00, 0x00, 0x00, 0x00, 0xE1, 0x00, 0x00, 0x00, 0x00, 0xE1, 0x00, 0x00, 0x1B,
    0xB9, 0xFF, 0xFF, 0x9F, 0x07, 0x42, 0xA6, 0xAF, 0x5B, 0x00, 0x00, 0xA5, 0x06, 0x00, 0x00, 0x00,
    0xCD, 0x0A, 0x00, 0x00, 0x00, 0xCD, 0x0A, 0x00, 0x00, 0x00, 0xCD, 0x0A, 0x00, 0x00, 0x00, 0xCD,
    0x0A, 0x00, 0x16, 0xFF, 0xFF, 0xFF, 0xBB, 0x0C, 0xAF, 0xAF, 0xAF, 0x6C, 0x00, 0x00, 0xFA, 0x30,
    0x00, 0x00, 0x00, 0xFF, 0x3E, 0x00, 0x00, 0x00, 0xFF, 0x3E, 0x00, 0x00, 0x00, 0xFF, 0x3E, 0x00,
    0x00, 0x00, 0xFF, 0x3E, 0x00, 0x13, 0xDC, 0xFF, 0xEA, 0x84, 0x01, 0x18, 0x18, 0x18, 0x0C, 0x00,
    0x00, 0xD7, 0x29, 0x00, 0x00, 0x00, 0xFF, 0x3E, 0x00, 0x00, 0x00, 0xFF, 0x3E, 0x00, 0x00, 0x00,
    0xFF, 0x3E, 0x00, 0x00, 0x00, 0xFF, 0x3E, 0x00, 0x1A, 0xFF, 0xFF, 0xCE, 0x6F, 0x0F, 0xAF, 0xAF,
    0x59, 0x21, 0x00, 0x00, 0xD7, 0x29, 0x00, 0x00, 0x00, 0xFF, 0x3E, 0x00, 0x00, 0x00, 0xFF, 0x3E,
    0x00, 0x00, 0x00, 0xFF, 0x3E, 0x00, 0x00, 0x00, 0xFF, 0x3E, 0x00, 0x0F, 0xB9, 0xFF, 0xFF, 0xB7,
    0x05, 0x42, 0xAF, 0xAF, 0x69, 0x00, 0x00, 0xD7, 0x29, 0x00, 0x00, 0x00, 0xFF, 0x3E, 0x00, 0x00,
    0x00, 0xFF, 0x3E, 0x00, 0x00, 0x00, 0xFF, 0x3E, 0x00, 0x00, 0x00, 0xFF, 0x3E, 0x00, 0x1A, 0xFF,
    0xFF, 0xFF, 0xB7, 0x0F, 0xAF, 0xAF, 0xAF, 0x69, 0x00, 0x00, 0xA0, 0x07, 0x00, 0x00, 0x00, 0xCD,
    0x0A, 0x00, 0x00, 0x00, 0xCD, 0x0A, 0x00, 0x00, 0x00, 0xCD, 0x0A, 0x00, 0x00, 0x00, 0xCD, 0x0A,
    0x00, 0x0F, 0xDC, 0xFF, 0xDE, 0x87, 0x01, 0x18, 0xD3, 0x21, 0x0C, 0x00, 0x00, 0xCD, 0x0A, 0x00,
    0x00, 0x00, 0xCD, 0x0A, 0x00, 0x00, 0x00, 0xCD, 0x0A, 0x00, 0x00, 0x00, 0xCD, 0x0A, 0x00, 0x00,
    0x00, 0x19, 0x00, 0x00, 0x00, 0x00, 0xAF, 0x00, 0x00, 0x00, 0x00, 0xE1, 0x00, 0x00, 0x00, 0x00,
    0xE1, 0x00, 0x00, 0x00, 0x00, 0xE1, 0x00, 0x00, 0x02, 0x18, 0xE6, 0x00, 0x00, 0x30, 0xFF, 0xFF,
    0xDC, 0x73, 0x16, 0xAE, 0xFF, 0x18, 0x0A, 0x00, 0x00, 0xE1, 0x00, 0x00, 0x00, 0x00, 0xE1, 0x00,
    0x00, 0x00, 0x00, 0xE1, 0x00, 0x00, 0x00, 0x00, 0xE1, 0x00, 0x00, 0x00, 0x00, 0x1C, 0x00, 0x00,
    0x00, 0x00, 0xAF, 0x00, 0x00, 0x00, 0x00, 0xE1, 0x00, 0x00, 0x00, 0x00, 0xE1, 0x00, 0x00, 0x00,
    0x00, 0xE1, 0x00, 0x00, 0x00, 0x00, 0xE1, 0x18, 0x0A, 0x20, 0xDC, 0xFF, 0xFF, 0xA8, 0x02, 0x18,
    0xE6, 0xAE, 0x4B, 0x00, 0x00, 0xE1, 0x00, 0x00, 0x00, 0x00, 0xE1, 0x00, 0x00, 0x00, 0x00, 0xE1,
    0x00, 0x00, 0x00, 0x00, 0xE1, 0x00, 0x00, 0x00, 0x00, 0x1C, 0x00, 0x00, 0x00, 0x00, 0xA0, 0x07,
    0x00, 0x00, 0x00, 0xCD, 0x0A, 0x00, 0x00, 0x00, 0xCD, 0x0A, 0x00, 0x00, 0x00, 0xCD, 0x0A, 0x00,
    0x01, 0x18, 0xD3, 0x21, 0x0C, 0x18, 0xFF, 0xFF, 0xFF, 0xA5, 0x0A, 0xAE, 0xFF, 0xB3, 0x58, 0x00,
    0x00, 0xCD, 0x0A, 0x00, 0x00, 0x00, 0xCD, 0x0A, 0x00, 0x00, 0x00, 0xCD, 0x0A, 0x00, 0x00, 0x00,
    0xCD, 0x0A, 0x00, 0x00, 0x00, 0x19, 0x00, 0x00, 0x00, 0x00, 0xFA, 0x30, 0x00, 0x00, 0x00, 0xFF,
    0x3E, 0x00, 0x00, 0x00, 0xFF, 0x3E, 0x00, 0x00, 0x00, 0xFF, 0x3E, 0x00, 0x00, 0x00, 0xFF, 0x3E,
    0x00, 0x13, 0xDC, 0xFF, 0xEA, 0x84, 0x01, 0x18, 0xD3, 0x21, 0x0C, 0x00, 0x00, 0xCD, 0x0A, 0x00,
    0x00, 0x00, 0xCD, 0x0A, 0x00, 0x00, 0x00, 0xCD, 0x0A, 0x00, 0x00, 0x00, 0xCD, 0x0A, 0x00, 0x00,
    0x00, 0x19, 0x00, 0x00, 0x00, 0x00, 0xA0, 0x07, 0x00, 0x00, 0x00, 0xCD, 0x0A, 0x00, 0x00, 0x00,
    0xCD, 0x0A, 0x00, 0x00, 0x00, 0xCD, 0x0A, 0x00, 0x00, 0x00, 0xCD, 0x0A, 0x00, 0x13, 0xDC, 0xFF,
    0xDE, 0x84, 0x01, 0x18, 0xFF, 0x52, 0x0C, 0x00, 0x00, 0xFF, 0x3E, 0x00, 0x00, 0x00, 0xFF, 0x3E,
    0x00, 0x00, 0x00, 0xFF, 0x3E, 0x00, 0x00, 0x00, 0xFF, 0x3E, 0x00, 0x00, 0x00, 0x2A, 0x06, 0x00,
    0x00, 0x00, 0xFA, 0x30, 0x00, 0x00, 0x00, 0xFF, 0x3E, 0x00, 0x00, 0x00, 0xFF, 0x3E, 0x00, 0x00,
    0x00, 0xFF, 0x3E, 0x00, 0x00, 0x00, 0xFF, 0x3E, 0x00, 0x13, 0xDC, 0xFF, 0xEA, 0x84, 0x01, 0x18,
    0xFF, 0x52, 0x0C, 0x00, 0x00, 0xFF, 0x3E, 0x00, 0x00, 0x00, 0xFF, 0x3E, 0x00, 0x00, 0x00, 0xFF,
    0x3E, 0x00, 0x00, 0x00, 0xFF, 0x3E, 0x00, 0x00, 0x00, 0x2A, 0x06, 0x00, 0x00, 0x00, 0xD7, 0x29,
    0x00, 0x00, 0x00, 0xFF, 0x3E, 0x00, 0x00, 0x00, 0xFF, 0x3E, 0x00, 0x00, 0x00, 0xFF, 0x3E, 0x00,
    0x00, 0x00, 0xFF, 0x3E, 0x00, 0x1A, 0xFF, 0xFF, 0xCE, 0x6F, 0x0F, 0xAF, 0xFF, 0x5E, 0x21, 0x00,
    0x00, 0xCD, 0x0A, 0x00, 0x00, 0x00, 0xCD, 0x0A, 0x00, 0x00, 0x00, 0xCD, 0x0A, 0x00, 0x00, 0x00,
    0xCD, 0x0A, 0x00, 0x00, 0x00, 0x34, 0x02, 0x00, 0x00, 0x00, 0x84, 0x15, 0x00, 0x00, 0x00, 0xFF,
    0x3E, 0x00, 0x00, 0x00, 0xFF, 0x3E, 0x00, 0x00, 0x00, 0xFF, 0x3E, 0x00, 0x00, 0x00, 0xFF, 0x3E,
    0x00, 0x07, 0x60, 0xFF, 0xDF, 0x7B, 0x0E, 0xA0, 0xFF, 0xFF, 0xA8, 0x00, 0x00, 0xCD, 0x0A, 0x00,
    0x00, 0x00, 0xCD, 0x0A, 0x00, 0x00, 0x00, 0xCD, 0x0A, 0x00, 0x00, 0x00, 0xCD, 0x0A, 0x00, 0x00,
    0x00, 0x85, 0x05, 0x00, 0x00, 0x00, 0xA5, 0x06, 0x00, 0x00, 0x00, 0xCD, 0x0A, 0x00, 0x00, 0x00,
    0xCD, 0x0A, 0x00, 0x00, 0x00, 0xCD, 0x0A, 0x00, 0x00, 0x00, 0xCD, 0x0A, 0x00, 0x1A, 0xFF, 0xFF,
    0xCC, 0x6F, 0x0F, 0xAF, 0xFF, 0x68, 0x21, 0x00, 0x00, 0xFF, 0x3E, 0x00, 0x00, 0x00, 0xFF, 0x3E,
    0x00, 0x00, 0x00, 0xFF, 0x3E, 0x00, 0x00, 0x00, 0xFF, 0x3E, 0x00, 0x00, 0x00, 0x54, 0x0D, 0x00,
    0x00, 0x00, 0xA5, 0x06, 0x00, 0x00, 0x00, 0xCD, 0x0A, 0x00, 0x00, 0x00, 0xCD, 0x0A, 0x00, 0x00,
    0x00, 0xCD, 0x0A, 0x00, 0x00, 0x00, 0xCD, 0x0A, 0x00, 0x0F, 0xB9, 0xFF, 0xFF, 0xB7, 0x05, 0x42,
    0xFF, 0xCA, 0x6C, 0x00, 0x00, 0xFF, 0x3E, 0x00, 0x00, 0x00, 0xFF, 0x3E, 0x00, 0x00, 0x00, 0xFF,
    0x3E, 0x00, 0x00, 0x00, 0xFF, 0x3E, 0x00, 0x00, 0x00, 0x54, 0x0D, 0x00, 0x00, 0x00, 0xD7, 0x29,
    0x00, 0x00, 0x00, 0xFF, 0x3E, 0x00, 0x00, 0x00, 0xFF, 0x3E, 0x00, 0x00, 0x00, 0xFF, 0x3E, 0x00,
    0x00, 0x00, 0xFF, 0x3E, 0x00, 0x1A, 0xFF, 0xFF, 0xFF, 0xB7, 0x0F, 0xAF, 0xFF, 0xB2, 0x69, 0x00,
    0x00, 0xCD, 0x0A, 0x00, 0x00, 0x00, 0xCD, 0x0A, 0x00, 0x00, 0x00, 0xCD, 0x0A, 0x00, 0x00, 0x00,
    0xCD, 0x0A, 0x00, 0x00, 0x00, 0x34, 0x02, 0x00, 0x00, 0x00, 0xA5, 0x06, 0x00, 0x00, 0x00, 0xCD,
    0x0A, 0x00, 0x00, 0x00, 0xCD, 0x0A, 0x00, 0x00, 0x00, 0xCD, 0x0A, 0x00, 0x00, 0x00, 0xCD, 0x0A,
    0x00, 0x1A, 0xFF, 0xFF, 0xFF, 0xB7, 0x0F, 0xAF, 0xFF, 0xC6, 0x69, 0x00, 0x00, 0xFF, 0x3E, 0x00,
    0x00, 0x00, 0xFF, 0x3E, 0x00, 0x00, 0x00, 0xFF, 0x3E, 0x00, 0x00, 0x00, 0xFF, 0x3E, 0x00, 0x00,
    0x00, 0x54, 0x0D, 0x00, 0x00, 0x00, 0xFA, 0x30, 0x00, 0x00, 0x00, 0xFF, 0x3E, 0x00, 0x00, 0x00,
    0xFF, 0x3E, 0x00, 0x00, 0x00, 0xFF, 0x3E, 0x00, 0x01, 0x18, 0xFF, 0x3E, 0x00, 0x1D, 0xFF, 0xFF,
    0xEA, 0x84, 0x0C, 0xAE, 0xFF, 0x52, 0x0C, 0x00, 0x00, 0xFF, 0x3E, 0x00, 0x00, 0x00, 0xFF, 0x3E,
    0x00, 0x00, 0x00, 0xFF, 0x3E, 0x00, 0x00, 0x00, 0xFF, 0x3E, 0x00, 0x00, 0x00, 0x2A, 0x06, 0x00,
    0x00, 0x00, 0xFA, 0x30, 0x00, 0x00, 0x00, 0xFF, 0x3E, 0x00, 0x00, 0x00, 0xFF, 0x3E, 0x00, 0x00,
    0x00, 0xFF, 0x3E, 0x00, 0x00, 0x00, 0xFF, 0x52, 0x0C, 0x13, 0xDC, 0xFF, 0xFF, 0xA0, 0x01, 0x18,
    0xFF, 0xBE, 0x57, 0x00, 0x00, 0xFF, 0x3E, 0x00, 0x00, 0x00, 0xFF, 0x3E, 0x00, 0x00, 0x00, 0xFF,
    0x3E, 0x00, 0x00, 0x00, 0xFF, 0x3E, 0x00, 0x00, 0x00, 0x2A, 0x06, 0x00, 0x00, 0x00, 0xFA, 0x30,
    0x00, 0x00, 0x00, 0xFF, 0x3E, 0x00, 0x00, 0x00, 0xFF, 0x3E, 0x00, 0x00, 0x00, 0xFF, 0x3E, 0x00,
    0x01, 0x18, 0xFF, 0x52, 0x0C, 0x1D, 0xFF, 0xFF, 0xFF, 0xA0, 0x0C, 0xAE, 0xFF, 0xBE, 0x57, 0x00,
    0x00, 0xFF, 0x3E, 0x00, 0x00, 0x00, 0xFF, 0x3E, 0x00, 0x00, 0x00, 0xFF, 0x3E, 0x00, 0x00, 0x00,
    0xFF, 0x3E, 0x00, 0x00, 0x00, 0x2A, 0x06, 0x00, 0xCA, 0xDC, 0x7B, 0xDC, 0xD4, 0x15, 0x18, 0x0A,
    0x18, 0x16, 0xFF, 0xFF, 0xAB, 0xFF, 0xFF, 0xA1, 0xAF, 0x61, 0xAF, 0xA8, 0xBD, 0xE1, 0xE1, 0xE1,
    0x0C, 0x21, 0xE1, 0xE1, 0xE1, 0xA8, 0xE1, 0x6D, 0xFF, 0x9C, 0xFF, 0x9C, 0xFF, 0x9C, 0x12, 0x06,
    0x30, 0x13, 0xFF, 0x9C, 0xFF, 0x9C, 0xFF, 0x9C, 0xC8, 0x61, 0x06, 0x6C, 0x6C, 0x6C, 0x37, 0x0A,
    0xBA, 0xBA, 0xBA, 0x5E, 0x12, 0xF5, 0xF5, 0xF5, 0x97, 0x25, 0xAC, 0xAF, 0x30, 0xB9, 0xE1, 0x30,
    0xB9, 0xE1, 0x30, 0xB9, 0xE1, 0x30, 0xB9, 0xE1, 0x30, 0xB9, 0xE1, 0x30, 0xB9, 0xE1, 0x30, 0xB9,
    0xE1, 0x30, 0xB9, 0xE1, 0x30, 0xB9, 0xE1, 0x30, 0xB9, 0xE1, 0x04, 0x18, 0x1C, 0x61, 0x6C, 0x2E,
    0xC7, 0xBA, 0x51, 0xEE, 0xF5, 0x7F, 0x4B, 0x00, 0x00, 0x4B, 0x00, 0x00, 0x4B, 0x00, 0x00, 0x4B,
    0x00, 0x00, 0x1D, 0x00, 0x00, 0x96, 0xDC, 0xD8, 0xBD, 0x8A, 0xE1, 0x17, 0x10, 0x86, 0xDC, 0x00,
    0x00, 0x86, 0xDC, 0x00, 0x00, 0x86, 0xDC, 0x00, 0x00, 0x86, 0xDC, 0x00, 0x00, 0x11, 0x1C, 0x00,
    0x00, 0x48, 0x6C, 0x65, 0x36, 0xAE, 0xC2, 0xAE, 0x5D, 0x86, 0xBB, 0xE9, 0x93, 0x86, 0xCB, 0x00,
    0x00, 0x86, 0xCB, 0x00, 0x00, 0x86, 0xCB, 0x00, 0x00, 0x86, 0xCB, 0x00, 0x00, 0x2B, 0x44, 0x00,
    0x00, 0x00, 0x10, 0x6C, 0x6C, 0x6C, 0x00, 0x1C, 0xBA, 0xBA, 0xFF, 0x00, 0x2D, 0xF5, 0xF5, 0xFF,
    0x00, 0x00, 0x00, 0x00, 0xE1, 0x00, 0x00, 0x00, 0x00, 0xE1, 0x00, 0x00, 0x00, 0x00, 0xE1, 0x00,
    0x00, 0x00, 0x00, 0xE1, 0x00, 0x00, 0x00, 0x00, 0x58, 0x0E, 0xB5, 0xDC, 0xDB, 0xD8, 0x01, 0x13,
    0x45, 0xC8, 0xE6, 0x00, 0x00, 0x30, 0xC1, 0xE1, 0x00, 0x00, 0x30, 0xC1, 0xE1, 0x00, 0x00, 0x30,
    0xC1, 0xE1, 0x00, 0x00, 0x30, 0xC1, 0xE1, 0x00, 0x00, 0x04, 0x19, 0x1C, 0x5E, 0x6C, 0x6C, 0x69,
    0xA2, 0xBA, 0xBA, 0xFF, 0xD5, 0xF5, 0xA9, 0xE1, 0x00, 0x30, 0xB9, 0xE1, 0x00, 0x30, 0xB9, 0xE1,
    0x00, 0x30, 0xB9, 0xE1, 0x00, 0x30, 0xB9, 0xE1, 0x00, 0x0D, 0x3D, 0x4B, 0x36, 0x00, 0x00, 0x4B,
    0x00, 0x00, 0x4B, 0x00, 0x00, 0x4B, 0x00, 0x00, 0x93, 0x6C, 0x2E, 0xC7, 0xBA, 0x51, 0xEE, 0xF5,
    0x7F, 0x79, 0xAF, 0x00, 0x00, 0x86, 0xDC, 0x00, 0x00, 0x86, 0xDC, 0x00, 0x00, 0x86, 0xDC, 0x00,
    0x00, 0x86, 0xDC, 0x00, 0x00, 0xB1, 0xFF, 0xD8, 0xBD, 0x10, 0x18, 0x17, 0x10, 0x58, 0x88, 0x00,
    0x00, 0x86, 0xCB, 0x00, 0x00, 0x86, 0xCB, 0x00, 0x00, 0x86, 0xCB, 0x00, 0x00, 0x86, 0xD3, 0x60,
    0x33, 0x86, 0x93, 0xAE, 0x5D, 0xB1, 0xF6, 0xE9, 0x93, 0x00, 0x00, 0x00, 0x00, 0xA3, 0x00, 0x00,
    0x00, 0x00, 0xE1, 0x00, 0x00, 0x00, 0x00, 0xE1, 0x00, 0x00, 0x00, 0x00, 0xE1, 0x00, 0x10, 0x6C,
    0x6C, 0xFB, 0x00, 0x1C, 0xBA, 0xBA, 0xFF, 0x00, 0x2D, 0xF5, 0xF5, 0xFF, 0x00, 0x00, 0x25, 0xAD,
    0xAF, 0x00, 0x00, 0x30, 0xC1, 0xE1, 0x00, 0x00, 0x30, 0xC1, 0xE1, 0x00, 0x00, 0x30, 0xC1, 0xE1,
    0x00, 0x00, 0x30, 0xC1, 0xE1, 0x0E, 0xB5, 0xE8, 0xFF, 0xFF, 0x01, 0x13, 0x18, 0x18, 0x16, 0x00,
    0x1B, 0x7C, 0x97, 0x00, 0x30, 0xB9, 0xE1, 0x00, 0x30, 0xB9, 0xE1, 0x00, 0x30, 0xB9, 0xE1, 0x58,
    0x88, 0xB9, 0xE1, 0xA2, 0xBA, 0x6A, 0xE1, 0xD5, 0xF5, 0xF5, 0xFF, 0x3A, 0x00, 0x00, 0x4B, 0x00,
    0x00, 0x4B, 0x00, 0x00, 0x4B, 0x00, 0x00, 0xBB, 0xA8, 0x49, 0x9B, 0x78, 0x34, 0xEE, 0xF5, 0x7F,
    0x4B, 0x00, 0x00, 0x4B, 0x00, 0x00, 0x4B, 0x00, 0x00, 0x4B, 0x00, 0x00, 0x09, 0x00, 0x00, 0x79,
    0xA2, 0x00, 0x00, 0x86, 0xCB, 0x00, 0x00, 0x86, 0xCB, 0x00, 0x00, 0x86, 0xCB, 0x00, 0x00, 0x86,
    0xCB, 0x00, 0x00, 0x86, 0xE2, 0xD1, 0x84, 0x86, 0xCC, 0x17, 0x0C, 0x86, 0xCB, 0x00, 0x00, 0x86,
    0xCB, 0x00, 0x00, 0x86, 0xCB, 0x00, 0x00, 0x86, 0xCB, 0x00, 0x00, 0x11, 0x19, 0x00, 0x00, 0x79,
    0xA2, 0x00, 0x00, 0x86, 0xCB, 0x00, 0x00, 0x86, 0xCB, 0x00, 0x00, 0x86, 0xCB, 0x00, 0x00, 0x86,
    0xD9, 0x9E, 0x54, 0x86, 0x67, 0x71, 0x3C, 0x86, 0xD9, 0xE9, 0x93, 0x86, 0xCB, 0x00, 0x00, 0x86,
    0xCB, 0x00, 0x00, 0x86, 0xCB, 0x00, 0x00, 0x86, 0xCB, 0x00, 0x00, 0x11, 0x19, 0x00, 0x00, 0x00,
    0x00, 0x00, 0x00, 0xAF, 0x00, 0x00, 0x00, 0x00, 0xE1, 0x00, 0x00, 0x00, 0x00, 0xE1, 0x00, 0x00,
    0x00, 0x00, 0xE1, 0x00, 0x19, 0xA8, 0xA8, 0xFF, 0x00, 0x12, 0x78, 0x78, 0xFD, 0x00, 0x2D, 0xF5,
    0xF5, 0xFF, 0x00, 0x00, 0x00, 0x00, 0xE1, 0x00, 0x00, 0x00, 0x00, 0xE1, 0x00, 0x00, 0x00, 0x00,
    0xE1, 0x00, 0x00, 0x00, 0x00, 0xE1, 0x00, 0x00, 0x00, 0x00, 0x1C, 0x00, 0x25, 0xAC, 0xAF, 0x00,
    0x30, 0xB9, 0xE1, 0x00, 0x30, 0xB9, 0xE1, 0x00, 0x30, 0xB9, 0xE1, 0x00, 0x30, 0xB9, 0xE1, 0xC0,
    0xE8, 0xB9, 0xE1, 0x15, 0x45, 0xB9, 0xE1, 0x00, 0x30, 0xB9, 0xE1, 0x00, 0x30, 0xB9, 0xE1, 0x00,
    0x30, 0xB9, 0xE1, 0x00, 0x30, 0xB9, 0xE1, 0x00, 0x04, 0x18, 0x1C, 0x00, 0x25, 0xAC, 0xAF, 0x00,
    0x30, 0xB9, 0xE1, 0x00, 0x30, 0xB9, 0xE1, 0x00, 0x30, 0xB9, 0xE1, 0x93, 0xA2, 0xB9, 0xE1, 0x69,
    0x78, 0x45, 0xE1, 0xD5, 0xFB, 0xAC, 0xE1, 0x00, 0x30, 0xB9, 0xE1, 0x00, 0x30, 0xB9, 0xE1, 0x00,
    0x30, 0xB9, 0xE1, 0x00, 0x30, 0xB9, 0xE1, 0x00, 0x04, 0x18, 0x1C, 0x06, 0x6C, 0x6C, 0x6C, 0x37,
    0x0A, 0xBA, 0xBA, 0xBA, 0x5E, 0x12, 0xF5, 0xF5, 0xF5, 0x97, 0x00, 0x00, 0xCD, 0x0A, 0x00, 0x00,
    0x00, 0xCD, 0x0A, 0x00, 0x00, 0x00, 0xCD, 0x0A, 0x00, 0x00, 0x00, 0xCD, 0x0A, 0x00, 0x00, 0x00,
    0x45, 0x02, 0x00, 0x0F, 0xDC, 0xDC, 0xDC, 0x87, 0x01, 0x49, 0x99, 0x6A, 0x0C, 0x00, 0x35, 0x8A,
    0x5A, 0x00, 0x00, 0x35, 0x8A, 0x5A, 0x00, 0x00, 0x35, 0x8A, 0x5A, 0x00, 0x00, 0x35, 0x8A, 0x5A,
    0x00, 0x00, 0x05, 0x0F, 0x0B, 0x00, 0x06, 0x6C, 0x6C, 0x6C, 0x37, 0x0A, 0xBA, 0xBA, 0xBA, 0x5E,
    0x12, 0xF5, 0x69, 0xEE, 0x97, 0x00, 0x35, 0x8A, 0x5A, 0x00, 0x00, 0x35, 0x8A, 0x5A, 0x00, 0x00,
    0x35, 0x8A, 0x5A, 0x00, 0x00, 0x35, 0x8A, 0x5A, 0x00, 0x00, 0x0E, 0x25, 0x1E, 0x00, 0x00, 0x00,
    0x8A, 0x05, 0x00, 0x00, 0x00, 0xCD, 0x0A, 0x00, 0x00, 0x00, 0xCD, 0x0A, 0x00, 0x00, 0x00, 0xCD,
    0x0A, 0x00, 0x06, 0x66, 0xEB, 0x6C, 0x34, 0x0A, 0xBA, 0xBA, 0xBA, 0x5E, 0x12, 0xF5, 0xF5, 0xF5,
    0x97, 0x00, 0x29, 0x6A, 0x46, 0x00, 0x00, 0x35, 0x8A, 0x5A, 0x00, 0x00, 0x35, 0x8A, 0x5A, 0x00,
    0x00, 0x35, 0x8A, 0x5A, 0x00, 0x00, 0x35, 0x8A, 0x5A, 0x00, 0x0F, 0xE9, 0xFF, 0xEA, 0x87, 0x01,
    0x18, 0x18, 0x18, 0x0C, 0x00, 0x1D, 0x4C, 0x3C, 0x00, 0x00, 0x35, 0x8A, 0x5A, 0x00, 0x00, 0x35,
    0x8A, 0x5A, 0x00, 0x00, 0x35, 0x8A, 0x5A, 0x00, 0x06, 0x7F, 0x8A, 0x9E, 0x34, 0x0A, 0xBA, 0x42,
    0xB5, 0x5E, 0x12, 0xF5, 0xF5, 0xF5, 0x97, 0x00, 0x00, 0xA0, 0x07, 0x00, 0x00, 0x00, 0xCD, 0x0A,
    0x00, 0x00, 0x00, 0xCD, 0x0A, 0x00, 0x00, 0x00, 0xCD, 0x0A, 0x00, 0x0A, 0xA8, 0xFF, 0xAD, 0x55,
    0x07, 0x78, 0xF0, 0x7E, 0x3D, 0x12, 0xF5, 0xFF, 0xF6, 0x97, 0x00, 0x00, 0xCD, 0x0A, 0x00, 0x00,
    0x00, 0xCD, 0x0A, 0x00, 0x00, 0x00, 0xCD, 0x0A, 0x00, 0x00, 0x00, 0xCD, 0x0A, 0x00, 0x00, 0x00,
    0x19, 0x00, 0x00, 0x00, 0x29, 0x6A, 0x46, 0x00, 0x00, 0x35, 0x8A, 0x5A, 0x00, 0x00, 0x35, 0x8A,
    0x5A, 0x00, 0x00, 0x35, 0x8A, 0x5A, 0x00, 0x00, 0x35, 0x8A, 0x5A, 0x00, 0x0F, 0xE9, 0xFF, 0xEA,
    0x87, 0x01, 0x49, 0x99, 0x6A, 0x0C, 0x00, 0x35, 0x8A, 0x5A, 0x00, 0x00, 0x35, 0x8A, 0x5A, 0x00,
    0x00, 0x35, 0x8A, 0x5A, 0x00, 0x00, 0x35, 0x8A, 0x5A, 0x00, 0x00, 0x05, 0x0F, 0x0B, 0x00, 0x10,
    0x69, 0x8A, 0x00, 0x00, 0x1D, 0x9E, 0xCD, 0x00, 0x00, 0x1D, 0x9E, 0xCD, 0x00, 0x00, 0x1D, 0x9E,
    0xCD, 0x00, 0x00, 0x75, 0xAF, 0xD7, 0x5C, 0x33, 0xB0, 0x7A, 0x8D, 0xA7, 0x5D, 0xE8, 0xB8, 0xBB,
    0xE1, 0x93, 0x1D, 0x9E, 0xCD, 0x00, 0x00, 0x1D, 0x9E, 0xCD, 0x00, 0x00, 0x1D, 0x9E, 0xCD, 0x00,
    0x00, 0x1D, 0x9E, 0xCD, 0x00, 0x00, 0x08, 0x33, 0x45, 0x00, 0x00, 0x8E, 0xDC, 0x73, 0x74, 0x18,
    0x0A, 0x4A, 0x00, 0x00, 0x4B, 0x00, 0x00, 0x4B, 0x00, 0x00, 0x4B, 0x00, 0x00, 0x09, 0x00, 0x00,
    0x00, 0x28, 0xDC, 0xD5, 0x58, 0x00, 0x03, 0x18, 0x24, 0xE2, 0x00, 0x00, 0x00, 0x00, 0xDF, 0x00,
    0x00, 0x00, 0x00, 0xE1, 0x00, 0x00, 0x00, 0x00, 0xE1, 0x00, 0x00, 0x00, 0x00, 0xE1, 0x00, 0x00,
    0x00, 0x00, 0x1C, 0x00, 0x00, 0x00, 0x00, 0xAF, 0x00, 0x00, 0x00, 0x00, 0xE1, 0x00, 0x00, 0x00,
    0x00, 0xE1, 0x00, 0x00, 0x00, 0x00, 0xE1, 0x00, 0x00, 0x00, 0x00, 0xDD, 0x00, 0x28, 0xDC, 0xE1,
    0xA2, 0x00, 0x03, 0x18, 0x0D, 0x00, 0x3A, 0x00, 0x00, 0x4B, 0x00, 0x00, 0x4B, 0x00, 0x00, 0x4B,
    0x00, 0x00, 0x50, 0x00, 0x00, 0xC3, 0xDC, 0x73, 0x05, 0x18, 0x0A, 0x00, 0x00, 0x00, 0x0D, 0x87,
    0x00, 0x00, 0x00, 0x72, 0x6C, 0x00, 0x00, 0x00, 0x93, 0x00, 0x00, 0x00, 0x00, 0x8D, 0x00, 0x00,
    0x00, 0x15, 0x5C, 0x00, 0x00, 0x00, 0xB8, 0x2E, 0x00, 0x00, 0x08, 0xE8, 0x00, 0x00, 0x00, 0x49,
    0x75, 0x00, 0x00, 0x00, 0x68, 0x00, 0x00, 0x00, 0x00, 0x9B, 0x00, 0x00, 0x00, 0x0D, 0x8C, 0x00,
    0x00, 0x00, 0x1D, 0x24, 0x00, 0x00, 0x00, 0x27, 0x41, 0x00, 0x00, 0x00, 0x03, 0x91, 0x00, 0x00,
    0x00, 0x00, 0x93, 0x00, 0x00, 0x00, 0x00, 0x61, 0x09, 0x00, 0x00, 0x00, 0x3A, 0x9A, 0x00, 0x00,
    0x00, 0x02, 0xEC, 0x03, 0x00, 0x00, 0x00, 0x93, 0x3C, 0x00, 0x00, 0x00, 0x06, 0x63, 0x00, 0x00,
    0x00, 0x00, 0x95, 0x00, 0x00, 0x00, 0x00, 0x91, 0x06, 0x00, 0x00, 0x00, 0x5B, 0x93, 0x00, 0x00,
    0x00, 0x04, 0x58, 0x2B, 0x65, 0x00, 0x1D, 0xAF, 0x00, 0x92, 0x00, 0x73, 0x46, 0x00, 0x7D, 0x00,
    0x91, 0x00, 0x00, 0x59, 0x16, 0x77, 0x00, 0x00, 0x28, 0xC0, 0x55, 0x00, 0x00, 0x00, 0xFF, 0x26,
    0x00, 0x00, 0x10, 0xFF, 0x41, 0x00, 0x00, 0x49, 0x46, 0x69, 0x00, 0x00, 0x6B, 0x00, 0x8A, 0x00,
    0x00, 0x8B, 0x00, 0x89, 0x16, 0x1F, 0x80, 0x00, 0x41, 0xBD, 0x0A, 0x0B, 0x00, 0x00, 0x1F, 0x00,
    0x13, 0xDC, 0xDC, 0xBD, 0x00, 0x01, 0x18, 0x18, 0x10, 0x8A, 0xE1, 0xE1, 0xE1, 0xE1, 0xD5, 0x99,
    0xDC, 0xBD, 0x10, 0x18, 0x10, 0x18, 0xE1, 0xE1, 0xE1, 0xE1, 0xE1, 0x58, 0x00, 0x1C, 0xFF, 0xFF,
    0xDA, 0x00, 0x0F, 0xB0, 0xB1, 0x9A, 0xA5, 0x4F, 0xFF, 0x9C, 0xFF, 0x9C, 0xFF, 0x9C, 0xFF, 0x9C,
    0xFF, 0x94, 0xB3, 0xFF, 0xDA, 0x7A, 0xAF, 0x96, 0x24, 0x0D, 0xFF, 0x9C, 0xFF, 0x9C, 0xFF, 0x9C,
    0xFF, 0x9C, 0xFF, 0x9C, 0x7E, 0x33, 0xB6, 0xBF, 0xFF, 0xF2, 0xBE, 0x41, 0x4A, 0xAF, 0xA6, 0x82,
    0x8A, 0x0D, 0xCD, 0x18, 0xCD, 0x18, 0xCD, 0x18, 0xCD, 0x18, 0xD7, 0x24, 0xFF, 0x9C, 0xFF, 0x9C,
    0xFF, 0x9C, 0xFF, 0x9C, 0xFF, 0x9C, 0x7E, 0x33, 0x16, 0xFF, 0xFF, 0xB9, 0x72, 0x0C, 0xAF, 0xB7,
    0x42, 0x21, 0xA5, 0x4F, 0xFF, 0x9C, 0xFF, 0x9C, 0xFF, 0x9C, 0xFF, 0x9C, 0xFF, 0x94, 0xCD, 0x18,
    0xCD, 0x18, 0xCD, 0x18, 0xCD, 0x18, 0xCD, 0x18, 0x5B, 0x09, 0x05, 0x06, 0x06, 0x05, 0x01, 0xFF,
    0xFF, 0xFF, 0xEA, 0x96, 0xFF, 0xFF, 0xFF, 0xEA, 0x96, 0xFF, 0xFF, 0xFF, 0xEA, 0x96, 0xFF, 0xFF,
    0xFF, 0xEA, 0x96, 0xFF, 0xFF, 0xFF, 0xEA, 0x96, 0x82, 0x84, 0x84, 0x74, 0x33, 0xBE, 0xA0, 0xA0,
    0xA0, 0xA0, 0x40, 0x00, 0x00, 0x20, 0xA0, 0x40, 0x00, 0x00, 0x20, 0xA0, 0x40, 0x00, 0x00, 0x20,
    0xA0, 0x40, 0x00, 0x00, 0x20, 0xA0, 0xAA, 0xA0, 0xA0, 0x93, 0x60, 0x00, 0x00, 0x00, 0x00, 0x00,
    0x00, 0x90, 0x10, 0x00, 0x00, 0x14, 0xD3, 0xB1, 0x00, 0x00, 0x6A, 0xEF, 0xFF, 0x0D, 0x00, 0xA7,
    0xFF, 0xFF, 0x8E, 0x00, 0xDF, 0xFF, 0xFF, 0xCF, 0x10, 0x7D, 0x84, 0x84, 0x71, 0x27, 0x00, 0x00,
    0x00, 0x00, 0x00, 0xA0, 0x16, 0x00, 0x00, 0x00, 0xFF, 0xFB, 0x6D, 0x00, 0x00, 0xFF, 0xFF, 0xFF,
    0xC8, 0x1C, 0xFF, 0xFF, 0xC1, 0x25, 0x00, 0xDB, 0x4D, 0x00, 0x00, 0x00, 0x12, 0x00, 0x00, 0x00,
    0x00, 0x05, 0x06, 0x06, 0x05, 0x01, 0xF4, 0xFF, 0xFF, 0xD7, 0x37, 0xBA, 0xFF, 0xFF, 0xA1, 0x00,
    0x89, 0xFA, 0xFF, 0x2B, 0x00, 0x32, 0xDD, 0xC8, 0x00, 0x00, 0x00, 0xB4, 0x36, 0x00, 0x00, 0x00,
    0x12, 0x00, 0x00, 0x00, 0x00, 0x00, 0x00, 0x00, 0x00, 0x00, 0x00, 0x27, 0xAD, 0x88, 0x18, 0x9A,
    0xFF, 0xEA, 0x96, 0xDD, 0xFF, 0xFF, 0xEA, 0x96, 0x5D, 0xEA, 0xFF, 0xEA, 0x96, 0x00, 0x06, 0x99,
    0xEA, 0x96, 0x00, 0x00, 0x00, 0x0D, 0x24, 0x00, 0x00, 0x00, 0x00, 0x00, 0x0B, 0xBC, 0x63, 0x00,
    0x00, 0x99, 0xFD, 0xFF, 0x50, 0x00, 0xF2, 0xFF, 0xFF, 0xD7, 0x39, 0xB7, 0xFF, 0xFF, 0x8A, 0x00,
    0x2E, 0xDB, 0xAD, 0x00, 0x00, 0x00, 0x24, 0x00, 0x00, 0x00, 0x00, 0x00, 0x00, 0x00, 0x00, 0x0B,
    0xBC, 0x63, 0x00, 0x00, 0x8E, 0x78, 0xD9, 0x50, 0x00, 0x97, 0x15, 0x0C, 0xD7, 0x39, 0xA7, 0x3E,
    0xA8, 0x8A, 0x00, 0x2E, 0xDB, 0xAD, 0x00, 0x00, 0x00, 0x24, 0x00, 0x00, 0x00, 0x7D, 0xE1, 0xEB,
    0x6F, 0x00, 0x88, 0x13, 0x03, 0xB4, 0x63, 0x5A, 0x00, 0x00, 0x4F, 0xB5, 0x5F, 0x01, 0x00, 0x6E,
    0xBB, 0xB3, 0x61, 0x6C, 0xC4, 0x24, 0x31, 0x9B, 0xB1, 0x16, 0x00, 0x00, 0x03, 0x00, 0x00, 0x00,
    0x94, 0xF9, 0xFF, 0x5E, 0x00, 0xF1, 0xFF, 0xFF, 0xD6, 0x30, 0xFF, 0xFF, 0xFF, 0xE7, 0x88, 0xFF,
    0xFF, 0xFF, 0xDE, 0x5A, 0xC1, 0xFF, 0xFF, 0x9D, 0x00, 0x12, 0x6C, 0x4E, 0x00, 0x00, 0x4F, 0x9C,
    0x9C, 0x9C, 0x9C, 0xAE, 0x96, 0x00, 0x00, 0x00, 0x00, 0x9C, 0x96, 0x00, 0x00, 0x00, 0x00, 0x9C,
    0x96, 0x00, 0x00, 0x00, 0x00, 0x9C, 0x96, 0x00, 0x00, 0x00, 0x00, 0x9C, 0x90, 0x9C, 0x9C, 0x9C,
    0x9C, 0xCA, 0x6C, 0xA2, 0xA2, 0xA2, 0xA2, 0xA1, 0x03, 0xA2, 0x00, 0x00, 0x00, 0x30, 0x9D, 0x06,
    0xA2, 0x00, 0x00, 0x2A, 0x70, 0x9C, 0x06, 0xA2, 0x00, 0x00, 0xAC, 0x00, 0x9C, 0x06, 0xA2, 0x31,
    0xD4, 0x82, 0x00, 0x9C, 0x06, 0xA8, 0x9C, 0xBD, 0xA0, 0x9C, 0xCE, 0x04, 0x01, 0x06, 0x06, 0x06,
    0x06, 0x04, 0x00, 0x00, 0x03, 0x00, 0xA2, 0x03, 0x00, 0x00, 0x00, 0xA2, 0xF6, 0xFF, 0xFD, 0x90,
    0x00, 0x76, 0xFD, 0x48, 0x00, 0x70, 0xF8, 0x58, 0x55, 0xD4, 0x33, 0xFF, 0x0A, 0xFF, 0x28, 0xB7,
    0xFF, 0x09, 0x69, 0x12, 0xFF, 0x85, 0x03, 0xB5, 0xE6, 0xAE, 0xFC, 0xA5, 0x03, 0x00, 0x58, 0x5B,
    0xFF, 0x64, 0x3F, 0x00, 0x00, 0x00, 0x00, 0x00, 0x01, 0x28, 0x00, 0x00, 0x00, 0x00, 0xC5, 0x96,
    0x00, 0x00, 0x00, 0x99, 0xC5, 0x00, 0x00, 0x1B, 0x31, 0xF8, 0x0C, 0x00, 0x24, 0xFF, 0xEC, 0x48,
    0x00, 0x00, 0x00, 0xFA, 0xAE, 0x00, 0x00, 0x00, 0x00, 0x00, 0x30, 0x00, 0x18, 0x8B, 0x00, 0x00,
    0xFF, 0x52, 0xF7, 0xA6, 0x00, 0x00, 0xA6, 0xFF, 0xC6, 0x00, 0x00, 0x00, 0xA5, 0xFF, 0x5D, 0x00,
    0x00, 0x42, 0xFF, 0xD3, 0xE8, 0x00, 0x0D, 0xFF, 0xA8, 0x0A, 0xDC, 0x06, 0x54, 0xFB, 0x04, 0x00,
    0x00, 0x00, 0x00, 0x06, 0x00, 0x00, 0x00, 0x00, 0x00, 0x00, 0x00, 0x00, 0x00, 0x06, 0x00, 0x15,
    0xA0, 0x1B, 0x00, 0x55, 0xFF, 0x3C, 0x25, 0xFF, 0xCD, 0x52, 0xFF, 0xE9, 0x0D, 0x00, 0xD5, 0xFF,
    0xFF, 0xFD, 0x0D, 0x00, 0x00, 0x60, 0xFF, 0xFF, 0x5A, 0x00, 0x00, 0x12, 0xFF, 0xFF, 0xFF, 0xFF,
    0x0F, 0x00, 0xB6, 0xFF, 0xAC, 0xFF, 0xFF, 0x82, 0x00, 0x9A, 0xC5, 0x00, 0x36, 0x82, 0x00, 0x00,
    0x00, 0x00, 0x00, 0x00, 0x00, 0x00, 0x00, 0x00, 0x94, 0x34, 0x00, 0x00, 0xFF, 0x7E, 0x00, 0x00,
    0xFF, 0x7E, 0x00, 0x18, 0xFF, 0x99, 0x00, 0x3A, 0xFF, 0xB4, 0x00, 0x00, 0x19, 0x00, 0x00,
};
