// Auto-generated VLW font: hack_bolditalic_14
// Size: 37227 bytes (36.4 KB)
#pragma once
#include <pgmspace.h>

const uint8_t hack_bolditalic_14[] PROGMEM = {
    0x00, 0x00, 0x01, 0x65, 0x00, 0x00, 0x00, 0x06, 0x00, 0x00, 0x00, 0x0E, 0x00, 0x00, 0x00, 0x00,
    0x00, 0x00, 0x00, 0x0D, 0x00, 0x00, 0x00, 0x04, 0x00, 0x00, 0x00, 0x20, 0x00, 0x00, 0x00, 0x00,
    0x00, 0x00, 0x00, 0x00, 0x00, 0x00, 0x00, 0x08, 0x00, 0x00, 0x00, 0x00, 0x00, 0x00, 0x00, 0x00,
    0x00, 0x00, 0x00, 0x00, 0x00, 0x00, 0x00, 0x21, 0x00, 0x00, 0x00, 0x0A, 0x00, 0x00, 0x00, 0x04,
    0x00, 0x00, 0x00, 0x08, 0x00, 0x00, 0x00, 0x0A, 0x00, 0x00, 0x00, 0x03, 0x00, 0x00, 0x00, 0x00,
    0x00, 0x00, 0x00, 0x22, 0x00, 0x00, 0x00, 0x04, 0x00, 0x00, 0x00, 0x06, 0x00, 0x00, 0x00, 0x08,
    0x00, 0x00, 0x00, 0x0A, 0x00, 0x00, 0x00, 0x01, 0x00, 0x00, 0x00, 0x00, 0x00, 0x00, 0x00, 0x23,
    0x00, 0x00, 0x00, 0x0A, 0x00, 0x00, 0x00, 0x08, 0x00, 0x00, 0x00, 0x08, 0x00, 0x00, 0x00, 0x0A,
    0x00, 0x00, 0x00, 0x00, 0x00, 0x00, 0x00, 0x00, 0x00, 0x00, 0x00, 0x24, 0x00, 0x00, 0x00, 0x0D,
    0x00, 0x00, 0x00, 0x08, 0x00, 0x00, 0x00, 0x08, 0x00, 0x00, 0x00, 0x0B, 0x00, 0x00, 0x00, 0x00,
    0x00, 0x00, 0x00, 0x00, 0x00, 0x00, 0x00, 0x25, 0x00, 0x00, 0x00, 0x0A, 0x00, 0x00, 0x00, 0x08,
    0x00, 0x00, 0x00, 0x08, 0x00, 0x00, 0x00, 0x0A, 0x00, 0x00, 0x00, 0x00, 0x00, 0x00, 0x00, 0x00,
    0x00, 0x00, 0x00, 0x26, 0x00, 0x00, 0x00, 0x0A, 0x00, 0x00, 0x00, 0x08, 0x00, 0x00, 0x00, 0x08,
    0x00, 0x00, 0x00, 0x0A, 0x00, 0x00, 0x00, 0x00, 0x00, 0x00, 0x00, 0x00, 0x00, 0x00, 0x00, 0x27,
    0x00, 0x00, 0x00, 0x04, 0x00, 0x00, 0x00, 0x03, 0x00, 0x00, 0x00, 0x08, 0x00, 0x00, 0x00, 0x0A,
    0x00, 0x00, 0x00, 0x03, 0x00, 0x00, 0x00, 0x00, 0x00, 0x00, 0x00, 0x28, 0x00, 0x00, 0x00, 0x0D,
    0x00, 0x00, 0x00, 0x06, 0x00, 0x00, 0x00, 0x08, 0x00, 0x00, 0x00, 0x0B, 0x00, 0x00, 0x00, 0x01,
    0x00, 0x00, 0x00, 0x00, 0x00, 0x00, 0x00, 0x29, 0x00, 0x00, 0x00, 0x0D, 0x00, 0x00, 0x00, 0x06,
    0x00, 0x00, 0x00, 0x08, 0x00, 0x00, 0x00, 0x0B, 0x00, 0x00, 0x00, 0x01, 0x00, 0x00, 0x00, 0x00,
    0x00, 0x00, 0x00, 0x2A, 0x00, 0x00, 0x00, 0x08, 0x00, 0x00, 0x00, 0x08, 0x00, 0x00, 0x00, 0x08,
    0x00, 0x00, 0x00, 0x0A, 0x00, 0x00, 0x00, 0x00, 0x00, 0x00, 0x00, 0x00, 0x00, 0x00, 0x00, 0x2B,
    0x00, 0x00, 0x00, 0x08, 0x00, 0x00, 0x00, 0x08, 0x00, 0x00, 0x00, 0x08, 0x00, 0x00, 0x00, 0x09,
    0x00, 0x00, 0x00, 0x00, 0x00, 0x00, 0x00, 0x00, 0x00, 0x00, 0x00, 0x2C, 0x00, 0x00, 0x00, 0x07,
    0x00, 0x00, 0x00, 0x04, 0x00, 0x00, 0x00, 0x08, 0x00, 0x00, 0x00, 0x03, 0x00, 0x00, 0x00, 0x02,
    0x00, 0x00, 0x00, 0x00, 0x00, 0x00, 0x00, 0x2D, 0x00, 0x00, 0x00, 0x03, 0x00, 0x00, 0x00, 0x07,
    0x00, 0x00, 0x00, 0x08, 0x00, 0x00, 0x00, 0x06, 0x00, 0x00, 0x00, 0x01, 0x00, 0x00, 0x00, 0x00,
    0x00, 0x00, 0x00, 0x2E, 0x00, 0x00, 0x00, 0x03, 0x00, 0x00, 0x00, 0x04, 0x00, 0x00, 0x00, 0x08,
    0x00, 0x00, 0x00, 0x03, 0x00, 0x00, 0x00, 0x02, 0x00, 0x00, 0x00, 0x00, 0x00, 0x00, 0x00, 0x2F,
    0x00, 0x00, 0x00, 0x0C, 0x00, 0x00, 0x00, 0x08, 0x00, 0x00, 0x00, 0x08, 0x00, 0x00, 0x00, 0x0A,
    0x00, 0x00, 0x00, 0x00, 0x00, 0x00, 0x00, 0x00, 0x00, 0x00, 0x00, 0x30, 0x00, 0x00, 0x00, 0x0A,
    0x00, 0x00, 0x00, 0x08, 0x00, 0x00, 0x00, 0x08, 0x00, 0x00, 0x00, 0x0A, 0x00, 0x00, 0x00, 0x00,
    0x00, 0x00, 0x00, 0x00, 0x00, 0x00, 0x00, 0x31, 0x00, 0x00, 0x00, 0x0A, 0x00, 0x00, 0x00, 0x07,
    0x00, 0x00, 0x00, 0x08, 0x00, 0x00, 0x00, 0x0A, 0x00, 0x00, 0x00, 0x00, 0x00, 0x00, 0x00, 0x00,
    0x00, 0x00, 0x00, 0x32, 0x00, 0x00, 0x00, 0x0A, 0x00, 0x00, 0x00, 0x08, 0x00, 0x00, 0x00, 0x08,
    0x00, 0x00, 0x00, 0x0A, 0x00, 0x00, 0x00, 0x00, 0x00, 0x00, 0x00, 0x00, 0x00, 0x00, 0x00, 0x33,
    0x00, 0x00, 0x00, 0x0A, 0x00, 0x00, 0x00, 0x08, 0x00, 0x00, 0x00, 0x08, 0x00, 0x00, 0x00, 0x0A,
    0x00, 0x00, 0x00, 0x00, 0x00, 0x00, 0x00, 0x00, 0x00, 0x00, 0x00, 0x34, 0x00, 0x00, 0x00, 0x0A,
    0x00, 0x00, 0x00, 0x08, 0x00, 0x00, 0x00, 0x08, 0x00, 0x00, 0x00, 0x0A, 0x00, 0x00, 0x00, 0x00,
    0x00, 0x00, 0x00, 0x00, 0x00, 0x00, 0x00, 0x35, 0x00, 0x00, 0x00, 0x0A, 0x00, 0x00, 0x00, 0x08,
    0x00, 0x00, 0x00, 0x08, 0x00, 0x00, 0x00, 0x0A, 0x00, 0x00, 0x00, 0x00, 0x00, 0x00, 0x00, 0x00,
    0x00, 0x00, 0x00, 0x36, 0x00, 0x00, 0x00, 0x0A, 0x00, 0x00, 0x00, 0x08, 0x00, 0x00, 0x00, 0x08,
    0x00, 0x00, 0x00, 0x0A, 0x00, 0x00, 0x00, 0x00, 0x00, 0x00, 0x00, 0x00, 0x00, 0x00, 0x00, 0x37,
    0x00, 0x00, 0x00, 0x0A, 0x00, 0x00, 0x00, 0x08, 0x00, 0x00, 0x00, 0x08, 0x00, 0x00, 0x00, 0x0A,
    0x00, 0x00, 0x00, 0x00, 0x00, 0x00, 0x00, 0x00, 0x00, 0x00, 0x00, 0x38, 0x00, 0x00, 0x00, 0x0A,
    0x00, 0x00, 0x00, 0x08, 0x00, 0x00, 0x00, 0x08, 0x00, 0x00, 0x00, 0x0A, 0x00, 0x00, 0x00, 0x00,
    0x00, 0x00, 0x00, 0x00, 0x00, 0x00, 0x00, 0x39, 0x00, 0x00, 0x00, 0x0A, 0x00, 0x00, 0x00, 0x08,
    0x00, 0x00, 0x00, 0x08, 0x00, 0x00, 0x00, 0x0A, 0x00, 0x00, 0x00, 0x00, 0x00, 0x00, 0x00, 0x00,
    0x00, 0x00, 0x00, 0x3A, 0x00, 0x00, 0x00, 0x08, 0x00, 0x00, 0x00, 0x04, 0x00, 0x00, 0x00, 0x08,
    0x00, 0x00, 0x00, 0x08, 0x00, 0x00, 0x00, 0x03, 0x00, 0x00, 0x00, 0x00, 0x00, 0x00, 0x00, 0x3B,
    0x00, 0x00, 0x00, 0x0C, 0x00, 0x00, 0x00, 0x05, 0x00, 0x00, 0x00, 0x08, 0x00, 0x00, 0x00, 0x08,
    0x00, 0x00, 0x00, 0x02, 0x00, 0x00, 0x00, 0x00, 0x00, 0x00, 0x00, 0x3C, 0x00, 0x00, 0x00, 0x09,
    0x00, 0x00, 0x00, 0x08, 0x00, 0x00, 0x00, 0x08, 0x00, 0x00, 0x00, 0x09, 0x00, 0x00, 0x00, 0x00,
    0x00, 0x00, 0x00, 0x00, 0x00, 0x00, 0x00, 0x3D, 0x00, 0x00, 0x00, 0x05, 0x00, 0x00, 0x00, 0x08,
    0x00, 0x00, 0x00, 0x08, 0x00, 0x00, 0x00, 0x07, 0x00, 0x00, 0x00, 0x00, 0x00, 0x00, 0x00, 0x00,
    0x00, 0x00, 0x00, 0x3E, 0x00, 0x00, 0x00, 0x09, 0x00, 0x00, 0x00, 0x08, 0x00, 0x00, 0x00, 0x08,
    0x00, 0x00, 0x00, 0x09, 0x00, 0x00, 0x00, 0x00, 0x00, 0x00, 0x00, 0x00, 0x00, 0x00, 0x00, 0x3F,
    0x00, 0x00, 0x00, 0x0B, 0x00, 0x00, 0x00, 0x06, 0x00, 0x00, 0x00, 0x08, 0x00, 0x00, 0x00, 0x0B,
    0x00, 0x00, 0x00, 0x02, 0x00, 0x00, 0x00, 0x00, 0x00, 0x00, 0x00, 0x40, 0x00, 0x00, 0x00, 0x0E,
    0x00, 0x00, 0x00, 0x08, 0x00, 0x00, 0x00, 0x08, 0x00, 0x00, 0x00, 0x0B, 0x00, 0x00, 0x00, 0x00,
    0x00, 0x00, 0x00, 0x00, 0x00, 0x00, 0x00, 0x41, 0x00, 0x00, 0x00, 0x0A, 0x00, 0x00, 0x00, 0x08,
    0x00, 0x00, 0x00, 0x08, 0x00, 0x00, 0x00, 0x0A, 0x00, 0x00, 0x00, 0x00, 0x00, 0x00, 0x00, 0x00,
    0x00, 0x00, 0x00, 0x42, 0x00, 0x00, 0x00, 0x0A, 0x00, 0x00, 0x00, 0x08, 0x00, 0x00, 0x00, 0x08,
    0x00, 0x00, 0x00, 0x0A, 0x00, 0x00, 0x00, 0x00, 0x00, 0x00, 0x00, 0x00, 0x00, 0x00, 0x00, 0x43,
    0x00, 0x00, 0x00, 0x0A, 0x00, 0x00, 0x00, 0x08, 0x00, 0x00, 0x00, 0x08, 0x00, 0x00, 0x00, 0x0A,
    0x00, 0x00, 0x00, 0x00, 0x00, 0x00, 0x00, 0x00, 0x00, 0x00, 0x00, 0x44, 0x00, 0x00, 0x00, 0x0A,
    0x00, 0x00, 0x00, 0x08, 0x00, 0x00, 0x00, 0x08, 0x00, 0x00, 0x00, 0x0A, 0x00, 0x00, 0x00, 0x00,
    0x00, 0x00, 0x00, 0x00, 0x00, 0x00, 0x00, 0x45, 0x00, 0x00, 0x00, 0x0A, 0x00, 0x00, 0x00, 0x08,
    0x00, 0x00, 0x00, 0x08, 0x00, 0x00, 0x00, 0x0A, 0x00, 0x00, 0x00, 0x00, 0x00, 0x00, 0x00, 0x00,
    0x00, 0x00, 0x00, 0x46, 0x00, 0x00, 0x00, 0x0A, 0x00, 0x00, 0x00, 0x08, 0x00, 0x00, 0x00, 0x08,
    0x00, 0x00, 0x00, 0x0A, 0x00, 0x00, 0x00, 0x00, 0x00, 0x00, 0x00, 0x00, 0x00, 0x00, 0x00, 0x47,
    0x00, 0x00, 0x00, 0x0A, 0x00, 0x00, 0x00, 0x08, 0x00, 0x00, 0x00, 0x08, 0x00, 0x00, 0x00, 0x0A,
    0x00, 0x00, 0x00, 0x00, 0x00, 0x00, 0x00, 0x00, 0x00, 0x00, 0x00, 0x48, 0x00, 0x00, 0x00, 0x0A,
    0x00, 0x00, 0x00, 0x08, 0x00, 0x00, 0x00, 0x08, 0x00, 0x00, 0x00, 0x0A, 0x00, 0x00, 0x00, 0x00,
    0x00, 0x00, 0x00, 0x00, 0x00, 0x00, 0x00, 0x49, 0x00, 0x00, 0x00, 0x0A, 0x00, 0x00, 0x00, 0x08,
    0x00, 0x00, 0x00, 0x08, 0x00, 0x00, 0x00, 0x0A, 0x00, 0x00, 0x00, 0x00, 0x00, 0x00, 0x00, 0x00,
    0x00, 0x00, 0x00, 0x4A, 0x00, 0x00, 0x00, 0x0A, 0x00, 0x00, 0x00, 0x08, 0x00, 0x00, 0x00, 0x08,
    0x00, 0x00, 0x00, 0x0A, 0x00, 0x00, 0x00, 0x00, 0x00, 0x00, 0x00, 0x00, 0x00, 0x00, 0x00, 0x4B,
    0x00, 0x00, 0x00, 0x0A, 0x00, 0x00, 0x00, 0x08, 0x00, 0x00, 0x00, 0x08, 0x00, 0x00, 0x00, 0x0A,
    0x00, 0x00, 0x00, 0x00, 0x00, 0x00, 0x00, 0x00, 0x00, 0x00, 0x00, 0x4C, 0x00, 0x00, 0x00, 0x0A,
    0x00, 0x00, 0x00, 0x08, 0x00, 0x00, 0x00, 0x08, 0x00, 0x00, 0x00, 0x0A, 0x00, 0x00, 0x00, 0x00,
    0x00, 0x00, 0x00, 0x00, 0x00, 0x00, 0x00, 0x4D, 0x00, 0x00, 0x00, 0x0A, 0x00, 0x00, 0x00, 0x08,
    0x00, 0x00, 0x00, 0x08, 0x00, 0x00, 0x00, 0x0A, 0x00, 0x00, 0x00, 0x00, 0x00, 0x00, 0x00, 0x00,
    0x00, 0x00, 0x00, 0x4E, 0x00, 0x00, 0x00, 0x0A, 0x00, 0x00, 0x00, 0x08, 0x00, 0x00, 0x00, 0x08,
    0x00, 0x00, 0x00, 0x0A, 0x00, 0x00, 0x00, 0x00, 0x00, 0x00, 0x00, 0x00, 0x00, 0x00, 0x00, 0x4F,
    0x00, 0x00, 0x00, 0x0A, 0x00, 0x00, 0x00, 0x08, 0x00, 0x00, 0x00, 0x08, 0x00, 0x00, 0x00, 0x0A,
    0x00, 0x00, 0x00, 0x00, 0x00, 0x00, 0x00, 0x00, 0x00, 0x00, 0x00, 0x50, 0x00, 0x00, 0x00, 0x0A,
    0x00, 0x00, 0x00, 0x08, 0x00, 0x00, 0x00, 0x08, 0x00, 0x00, 0x00, 0x0A, 0x00, 0x00, 0x00, 0x00,
    0x00, 0x00, 0x00, 0x00, 0x00, 0x00, 0x00, 0x51, 0x00, 0x00, 0x00, 0x0C, 0x00, 0x00, 0x00, 0x08,
    0x00, 0x00, 0x00, 0x08, 0x00, 0x00, 0x00, 0x0A, 0x00, 0x00, 0x00, 0x00, 0x00, 0x00, 0x00, 0x00,
    0x00, 0x00, 0x00, 0x52, 0x00, 0x00, 0x00, 0x0A, 0x00, 0x00, 0x00, 0x08, 0x00, 0x00, 0x00, 0x08,
    0x00, 0x00, 0x00, 0x0A, 0x00, 0x00, 0x00, 0x00, 0x00, 0x00, 0x00, 0x00, 0x00, 0x00, 0x00, 0x53,
    0x00, 0x00, 0x00, 0x0A, 0x00, 0x00, 0x00, 0x08, 0x00, 0x00, 0x00, 0x08, 0x00, 0x00, 0x00, 0x0A,
    0x00, 0x00, 0x00, 0x00, 0x00, 0x00, 0x00, 0x00, 0x00, 0x00, 0x00, 0x54, 0x00, 0x00, 0x00, 0x0A,
    0x00, 0x00, 0x00, 0x07, 0x00, 0x00, 0x00, 0x08, 0x00, 0x00, 0x00, 0x0A, 0x00, 0x00, 0x00, 0x01,
    0x00, 0x00, 0x00, 0x00, 0x00, 0x00, 0x00, 0x55, 0x00, 0x00, 0x00, 0x0A, 0x00, 0x00, 0x00, 0x08,
    0x00, 0x00, 0x00, 0x08, 0x00, 0x00, 0x00, 0x0A, 0x00, 0x00, 0x00, 0x00, 0x00, 0x00, 0x00, 0x00,
    0x00, 0x00, 0x00, 0x56, 0x00, 0x00, 0x00, 0x0A, 0x00, 0x00, 0x00, 0x07, 0x00, 0x00, 0x00, 0x08,
    0x00, 0x00, 0x00, 0x0A, 0x00, 0x00, 0x00, 0x01, 0x00, 0x00, 0x00, 0x00, 0x00, 0x00, 0x00, 0x57,
    0x00, 0x00, 0x00, 0x0A, 0x00, 0x00, 0x00, 0x08, 0x00, 0x00, 0x00, 0x08, 0x00, 0x00, 0x00, 0x0A,
    0x00, 0x00, 0x00, 0x00, 0x00, 0x00, 0x00, 0x00, 0x00, 0x00, 0x00, 0x58, 0x00, 0x00, 0x00, 0x0A,
    0x00, 0x00, 0x00, 0x08, 0x00, 0x00, 0x00, 0x08, 0x00, 0x00, 0x00, 0x0A, 0x00, 0x00, 0x00, 0x00,
    0x00, 0x00, 0x00, 0x00, 0x00, 0x00, 0x00, 0x59, 0x00, 0x00, 0x00, 0x0A, 0x00, 0x00, 0x00, 0x08,
    0x00, 0x00, 0x00, 0x08, 0x00, 0x00, 0x00, 0x0A, 0x00, 0x00, 0x00, 0x00, 0x00, 0x00, 0x00, 0x00,
    0x00, 0x00, 0x00, 0x5A, 0x00, 0x00, 0x00, 0x0A, 0x00, 0x00, 0x00, 0x08, 0x00, 0x00, 0x00, 0x08,
    0x00, 0x00, 0x00, 0x0A, 0x00, 0x00, 0x00, 0x00, 0x00, 0x00, 0x00, 0x00, 0x00, 0x00, 0x00, 0x5B,
    0x00, 0x00, 0x00, 0x0E, 0x00, 0x00, 0x00, 0x07, 0x00, 0x00, 0x00, 0x08, 0x00, 0x00, 0x00, 0x0B,
    0x00, 0x00, 0x00, 0x01, 0x00, 0x00, 0x00, 0x00, 0x00, 0x00, 0x00, 0x5C, 0x00, 0x00, 0x00, 0x0C,
    0x00, 0x00, 0x00, 0x08, 0x00, 0x00, 0x00, 0x08, 0x00, 0x00, 0x00, 0x0A, 0x00, 0x00, 0x00, 0x00,
    0x00, 0x00, 0x00, 0x00, 0x00, 0x00, 0x00, 0x5D, 0x00, 0x00, 0x00, 0x0E, 0x00, 0x00, 0x00, 0x07,
    0x00, 0x00, 0x00, 0x08, 0x00, 0x00, 0x00, 0x0B, 0x00, 0x00, 0x00, 0x01, 0x00, 0x00, 0x00, 0x00,
    0x00, 0x00, 0x00, 0x5E, 0x00, 0x00, 0x00, 0x04, 0x00, 0x00, 0x00, 0x08, 0x00, 0x00, 0x00, 0x08,
    0x00, 0x00, 0x00, 0x0B, 0x00, 0x00, 0x00, 0x00, 0x00, 0x00, 0x00, 0x00, 0x00, 0x00, 0x00, 0x5F,
    0x00, 0x00, 0x00, 0x03, 0x00, 0x00, 0x00, 0x08, 0x00, 0x00, 0x00, 0x08, 0x00, 0x00, 0x00, 0x00,
    0x00, 0x00, 0x00, 0x00, 0x00, 0x00, 0x00, 0x00, 0x00, 0x00, 0x00, 0x60, 0x00, 0x00, 0x00, 0x03,
    0x00, 0x00, 0x00, 0x04, 0x00, 0x00, 0x00, 0x08, 0x00, 0x00, 0x00, 0x0C, 0x00, 0x00, 0x00, 0x02,
    0x00, 0x00, 0x00, 0x00, 0x00, 0x00, 0x00, 0x61, 0x00, 0x00, 0x00, 0x08, 0x00, 0x00, 0x00, 0x08,
    0x00, 0x00, 0x00, 0x08, 0x00, 0x00, 0x00, 0x08, 0x00, 0x00, 0x00, 0x00, 0x00, 0x00, 0x00, 0x00,
    0x00, 0x00, 0x00, 0x62, 0x00, 0x00, 0x00, 0x0B, 0x00, 0x00, 0x00, 0x08, 0x00, 0x00, 0x00, 0x08,
    0x00, 0x00, 0x00, 0x0B, 0x00, 0x00, 0x00, 0x00, 0x00, 0x00, 0x00, 0x00, 0x00, 0x00, 0x00, 0x63,
    0x00, 0x00, 0x00, 0x08, 0x00, 0x00, 0x00, 0x08, 0x00, 0x00, 0x00, 0x08, 0x00, 0x00, 0x00, 0x08,
    0x00, 0x00, 0x00, 0x00, 0x00, 0x00, 0x00, 0x00, 0x00, 0x00, 0x00, 0x64, 0x00, 0x00, 0x00, 0x0B,
    0x00, 0x00, 0x00, 0x08, 0x00, 0x00, 0x00, 0x08, 0x00, 0x00, 0x00, 0x0B, 0x00, 0x00, 0x00, 0x00,
    0x00, 0x00, 0x00, 0x00, 0x00, 0x00, 0x00, 0x65, 0x00, 0x00, 0x00, 0x08, 0x00, 0x00, 0x00, 0x08,
    0x00, 0x00, 0x00, 0x08, 0x00, 0x00, 0x00, 0x08, 0x00, 0x00, 0x00, 0x00, 0x00, 0x00, 0x00, 0x00,
    0x00, 0x00, 0x00, 0x66, 0x00, 0x00, 0x00, 0x0B, 0x00, 0x00, 0x00, 0x07, 0x00, 0x00, 0x00, 0x08,
    0x00, 0x00, 0x00, 0x0B, 0x00, 0x00, 0x00, 0x01, 0x00, 0x00, 0x00, 0x00, 0x00, 0x00, 0x00, 0x67,
    0x00, 0x00, 0x00, 0x0B, 0x00, 0x00, 0x00, 0x08, 0x00, 0x00, 0x00, 0x08, 0x00, 0x00, 0x00, 0x08,
    0x00, 0x00, 0x00, 0x00, 0x00, 0x00, 0x00, 0x00, 0x00, 0x00, 0x00, 0x68, 0x00, 0x00, 0x00, 0x0B,
    0x00, 0x00, 0x00, 0x08, 0x00, 0x00, 0x00, 0x08, 0x00, 0x00, 0x00, 0x0B, 0x00, 0x00, 0x00, 0x00,
    0x00, 0x00, 0x00, 0x00, 0x00, 0x00, 0x00, 0x69, 0x00, 0x00, 0x00, 0x0C, 0x00, 0x00, 0x00, 0x07,
    0x00, 0x00, 0x00, 0x08, 0x00, 0x00, 0x00, 0x0C, 0x00, 0x00, 0x00, 0x01, 0x00, 0x00, 0x00, 0x00,
    0x00, 0x00, 0x00, 0x6A, 0x00, 0x00, 0x00, 0x0F, 0x00, 0x00, 0x00, 0x08, 0x00, 0x00, 0x00, 0x08,
    0x00, 0x00, 0x00, 0x0C, 0x00, 0x00, 0x00, 0x00, 0x00, 0x00, 0x00, 0x00, 0x00, 0x00, 0x00, 0x6B,
    0x00, 0x00, 0x00, 0x0B, 0x00, 0x00, 0x00, 0x08, 0x00, 0x00, 0x00, 0x08, 0x00, 0x00, 0x00, 0x0B,
    0x00, 0x00, 0x00, 0x00, 0x00, 0x00, 0x00, 0x00, 0x00, 0x00, 0x00, 0x6C, 0x00, 0x00, 0x00, 0x0B,
    0x00, 0x00, 0x00, 0x07, 0x00, 0x00, 0x00, 0x08, 0x00, 0x00, 0x00, 0x0B, 0x00, 0x00, 0x00, 0x01,
    0x00, 0x00, 0x00, 0x00, 0x00, 0x00, 0x00, 0x6D, 0x00, 0x00, 0x00, 0x08, 0x00, 0x00, 0x00, 0x08,
    0x00, 0x00, 0x00, 0x08, 0x00, 0x00, 0x00, 0x08, 0x00, 0x00, 0x00, 0x00, 0x00, 0x00, 0x00, 0x00,
    0x00, 0x00, 0x00, 0x6E, 0x00, 0x00, 0x00, 0x08, 0x00, 0x00, 0x00, 0x08, 0x00, 0x00, 0x00, 0x08,
    0x00, 0x00, 0x00, 0x08, 0x00, 0x00, 0x00, 0x00, 0x00, 0x00, 0x00, 0x00, 0x00, 0x00, 0x00, 0x6F,
    0x00, 0x00, 0x00, 0x08, 0x00, 0x00, 0x00, 0x08, 0x00, 0x00, 0x00, 0x08, 0x00, 0x00, 0x00, 0x08,
    0x00, 0x00, 0x00, 0x00, 0x00, 0x00, 0x00, 0x00, 0x00, 0x00, 0x00, 0x70, 0x00, 0x00, 0x00, 0x0B,
    0x00, 0x00, 0x00, 0x08, 0x00, 0x00, 0x00, 0x08, 0x00, 0x00, 0x00, 0x08, 0x00, 0x00, 0x00, 0x00,
    0x00, 0x00, 0x00, 0x00, 0x00, 0x00, 0x00, 0x71, 0x00, 0x00, 0x00, 0x0B, 0x00, 0x00, 0x00, 0x08,
    0x00, 0x00, 0x00, 0x08, 0x00, 0x00, 0x00, 0x08, 0x00, 0x00, 0x00, 0x00, 0x00, 0x00, 0x00, 0x00,
    0x00, 0x00, 0x00, 0x72, 0x00, 0x00, 0x00, 0x08, 0x00, 0x00, 0x00, 0x08, 0x00, 0x00, 0x00, 0x08,
    0x00, 0x00, 0x00, 0x08, 0x00, 0x00, 0x00, 0x00, 0x00, 0x00, 0x00, 0x00, 0x00, 0x00, 0x00, 0x73,
    0x00, 0x00, 0x00, 0x08, 0x00, 0x00, 0x00, 0x08, 0x00, 0x00, 0x00, 0x08, 0x00, 0x00, 0x00, 0x08,
    0x00, 0x00, 0x00, 0x00, 0x00, 0x00, 0x00, 0x00, 0x00, 0x00, 0x00, 0x74, 0x00, 0x00, 0x00, 0x0A,
    0x00, 0x00, 0x00, 0x07, 0x00, 0x00, 0x00, 0x08, 0x00, 0x00, 0x00, 0x0A, 0x00, 0x00, 0x00, 0x01,
    0x00, 0x00, 0x00, 0x00, 0x00, 0x00, 0x00, 0x75, 0x00, 0x00, 0x00, 0x08, 0x00, 0x00, 0x00, 0x08,
    0x00, 0x00, 0x00, 0x08, 0x00, 0x00, 0x00, 0x08, 0x00, 0x00, 0x00, 0x00, 0x00, 0x00, 0x00, 0x00,
    0x00, 0x00, 0x00, 0x76, 0x00, 0x00, 0x00, 0x08, 0x00, 0x00, 0x00, 0x07, 0x00, 0x00, 0x00, 0x08,
    0x00, 0x00, 0x00, 0x08, 0x00, 0x00, 0x00, 0x01, 0x00, 0x00, 0x00, 0x00, 0x00, 0x00, 0x00, 0x77,
    0x00, 0x00, 0x00, 0x08, 0x00, 0x00, 0x00, 0x08, 0x00, 0x00, 0x00, 0x08, 0x00, 0x00, 0x00, 0x08,
    0x00, 0x00, 0x00, 0x00, 0x00, 0x00, 0x00, 0x00, 0x00, 0x00, 0x00, 0x78, 0x00, 0x00, 0x00, 0x08,
    0x00, 0x00, 0x00, 0x08, 0x00, 0x00, 0x00, 0x08, 0x00, 0x00, 0x00, 0x08, 0x00, 0x00, 0x00, 0x00,
    0x00, 0x00, 0x00, 0x00, 0x00, 0x00, 0x00, 0x79, 0x00, 0x00, 0x00, 0x0B, 0x00, 0x00, 0x00, 0x08,
    0x00, 0x00, 0x00, 0x08, 0x00, 0x00, 0x00, 0x08, 0x00, 0x00, 0x00, 0x00, 0x00, 0x00, 0x00, 0x00,
    0x00, 0x00, 0x00, 0x7A, 0x00, 0x00, 0x00, 0x08, 0x00, 0x00, 0x00, 0x08, 0x00, 0x00, 0x00, 0x08,
    0x00, 0x00, 0x00, 0x08, 0x00, 0x00, 0x00, 0x00, 0x00, 0x00, 0x00, 0x00, 0x00, 0x00, 0x00, 0x7B,
    0x00, 0x00, 0x00, 0x0E, 0x00, 0x00, 0x00, 0x08, 0x00, 0x00, 0x00, 0x08, 0x00, 0x00, 0x00, 0x0B,
    0x00, 0x00, 0x00, 0x00, 0x00, 0x00, 0x00, 0x00, 0x00, 0x00, 0x00, 0x7C, 0x00, 0x00, 0x00, 0x0F,
    0x00, 0x00, 0x00, 0x02, 0x00, 0x00, 0x00, 0x08, 0x00, 0x00, 0x00, 0x0B, 0x00, 0x00, 0x00, 0x03,
    0x00, 0x00, 0x00, 0x00, 0x00, 0x00, 0x00, 0x7D, 0x00, 0x00, 0x00, 0x0E, 0x00, 0x00, 0x00, 0x08,
    0x00, 0x00, 0x00, 0x08, 0x00, 0x00, 0x00, 0x0B, 0x00, 0x00, 0x00, 0x00, 0x00, 0x00, 0x00, 0x00,
    0x00, 0x00, 0x00, 0x7E, 0x00, 0x00, 0x00, 0x04, 0x00, 0x00, 0x00, 0x08, 0x00, 0x00, 0x00, 0x08,
    0x00, 0x00, 0x00, 0x06, 0x00, 0x00, 0x00, 0x00, 0x00, 0x00, 0x00, 0x00, 0x00, 0x00, 0x00, 0xA0,
    0x00, 0x00, 0x00, 0x00, 0x00, 0x00, 0x00, 0x00, 0x00, 0x00, 0x00, 0x08, 0x00, 0x00, 0x00, 0x00,
    0x00, 0x00, 0x00, 0x00, 0x00, 0x00, 0x00, 0x00, 0x00, 0x00, 0x00, 0xA1, 0x00, 0x00, 0x00, 0x0B,
    0x00, 0x00, 0x00, 0x05, 0x00, 0x00, 0x00, 0x08, 0x00, 0x00, 0x00, 0x0B, 0x00, 0x00, 0x00, 0x02,
    0x00, 0x00, 0x00, 0x00, 0x00, 0x00, 0x00, 0xA2, 0x00, 0x00, 0x00, 0x0C, 0x00, 0x00, 0x00, 0x08,
    0x00, 0x00, 0x00, 0x08, 0x00, 0x00, 0x00, 0x0A, 0x00, 0x00, 0x00, 0x00, 0x00, 0x00, 0x00, 0x00,
    0x00, 0x00, 0x00, 0xA3, 0x00, 0x00, 0x00, 0x0A, 0x00, 0x00, 0x00, 0x08, 0x00, 0x00, 0x00, 0x08,
    0x00, 0x00, 0x00, 0x0A, 0x00, 0x00, 0x00, 0x00, 0x00, 0x00, 0x00, 0x00, 0x00, 0x00, 0x00, 0xA4,
    0x00, 0x00, 0x00, 0x08, 0x00, 0x00, 0x00, 0x07, 0x00, 0x00, 0x00, 0x08, 0x00, 0x00, 0x00, 0x08,
    0x00, 0x00, 0x00, 0x01, 0x00, 0x00, 0x00, 0x00, 0x00, 0x00, 0x00, 0xA5, 0x00, 0x00, 0x00, 0x0A,
    0x00, 0x00, 0x00, 0x08, 0x00, 0x00, 0x00, 0x08, 0x00, 0x00, 0x00, 0x0A, 0x00, 0x00, 0x00, 0x00,
    0x00, 0x00, 0x00, 0x00, 0x00, 0x00, 0x00, 0xA6, 0x00, 0x00, 0x00, 0x0D, 0x00, 0x00, 0x00, 0x02,
    0x00, 0x00, 0x00, 0x08, 0x00, 0x00, 0x00, 0x0B, 0x00, 0x00, 0x00, 0x03, 0x00, 0x00, 0x00, 0x00,
    0x00, 0x00, 0x00, 0xA7, 0x00, 0x00, 0x00, 0x0C, 0x00, 0x00, 0x00, 0x08, 0x00, 0x00, 0x00, 0x08,
    0x00, 0x00, 0x00, 0x0A, 0x00, 0x00, 0x00, 0x00, 0x00, 0x00, 0x00, 0x00, 0x00, 0x00, 0x00, 0xA8,
    0x00, 0x00, 0x00, 0x02, 0x00, 0x00, 0x00, 0x06, 0x00, 0x00, 0x00, 0x08, 0x00, 0x00, 0x00, 0x0B,
    0x00, 0x00, 0x00, 0x02, 0x00, 0x00, 0x00, 0x00, 0x00, 0x00, 0x00, 0xA9, 0x00, 0x00, 0x00, 0x09,
    0x00, 0x00, 0x00, 0x08, 0x00, 0x00, 0x00, 0x08, 0x00, 0x00, 0x00, 0x0A, 0x00, 0x00, 0x00, 0x00,
    0x00, 0x00, 0x00, 0x00, 0x00, 0x00, 0x00, 0xAA, 0x00, 0x00, 0x00, 0x08, 0x00, 0x00, 0x00, 0x07,
    0x00, 0x00, 0x00, 0x08, 0x00, 0x00, 0x00, 0x0B, 0x00, 0x00, 0x00, 0x01, 0x00, 0x00, 0x00, 0x00,
    0x00, 0x00, 0x00, 0xAB, 0x00, 0x00, 0x00, 0x08, 0x00, 0x00, 0x00, 0x08, 0x00, 0x00, 0x00, 0x08,
    0x00, 0x00, 0x00, 0x08, 0x00, 0x00, 0x00, 0x00, 0x00, 0x00, 0x00, 0x00, 0x00, 0x00, 0x00, 0xAC,
    0x00, 0x00, 0x00, 0x04, 0x00, 0x00, 0x00, 0x08, 0x00, 0x00, 0x00, 0x08, 0x00, 0x00, 0x00, 0x07,
    0x00, 0x00, 0x00, 0x00, 0x00, 0x00, 0x00, 0x00, 0x00, 0x00, 0x00, 0xAD, 0x00, 0x00, 0x00, 0x03,
    0x00, 0x00, 0x00, 0x06, 0x00, 0x00, 0x00, 0x08, 0x00, 0x00, 0x00, 0x06, 0x00, 0x00, 0x00, 0x01,
    0x00, 0x00, 0x00, 0x00, 0x00, 0x00, 0x00, 0xAE, 0x00, 0x00, 0x00, 0x09, 0x00, 0x00, 0x00, 0x08,
    0x00, 0x00, 0x00, 0x08, 0x00, 0x00, 0x00, 0x0A, 0x00, 0x00, 0x00, 0x00, 0x00, 0x00, 0x00, 0x00,
    0x00, 0x00, 0x00, 0xAF, 0x00, 0x00, 0x00, 0x03, 0x00, 0x00, 0x00, 0x06, 0x00, 0x00, 0x00, 0x08,
    0x00, 0x00, 0x00, 0x0C, 0x00, 0x00, 0x00, 0x02, 0x00, 0x00, 0x00, 0x00, 0x00, 0x00, 0x00, 0xB0,
    0x00, 0x00, 0x00, 0x06, 0x00, 0x00, 0x00, 0x06, 0x00, 0x00, 0x00, 0x08, 0x00, 0x00, 0x00, 0x0B,
    0x00, 0x00, 0x00, 0x01, 0x00, 0x00, 0x00, 0x00, 0x00, 0x00, 0x00, 0xB1, 0x00, 0x00, 0x00, 0x09,
    0x00, 0x00, 0x00, 0x08, 0x00, 0x00, 0x00, 0x08, 0x00, 0x00, 0x00, 0x09, 0x00, 0x00, 0x00, 0x00,
    0x00, 0x00, 0x00, 0x00, 0x00, 0x00, 0x00, 0xB2, 0x00, 0x00, 0x00, 0x05, 0x00, 0x00, 0x00, 0x07,
    0x00, 0x00, 0x00, 0x08, 0x00, 0x00, 0x00, 0x0D, 0x00, 0x00, 0x00, 0x01, 0x00, 0x00, 0x00, 0x00,
    0x00, 0x00, 0x00, 0xB3, 0x00, 0x00, 0x00, 0x05, 0x00, 0x00, 0x00, 0x07, 0x00, 0x00, 0x00, 0x08,
    0x00, 0x00, 0x00, 0x0D, 0x00, 0x00, 0x00, 0x01, 0x00, 0x00, 0x00, 0x00, 0x00, 0x00, 0x00, 0xB4,
    0x00, 0x00, 0x00, 0x03, 0x00, 0x00, 0x00, 0x05, 0x00, 0x00, 0x00, 0x08, 0x00, 0x00, 0x00, 0x0C,
    0x00, 0x00, 0x00, 0x03, 0x00, 0x00, 0x00, 0x00, 0x00, 0x00, 0x00, 0xB5, 0x00, 0x00, 0x00, 0x0B,
    0x00, 0x00, 0x00, 0x08, 0x00, 0x00, 0x00, 0x08, 0x00, 0x00, 0x00, 0x08, 0x00, 0x00, 0x00, 0x00,
    0x00, 0x00, 0x00, 0x00, 0x00, 0x00, 0x00, 0xB6, 0x00, 0x00, 0x00, 0x0C, 0x00, 0x00, 0x00, 0x08,
    0x00, 0x00, 0x00, 0x08, 0x00, 0x00, 0x00, 0x0A, 0x00, 0x00, 0x00, 0x00, 0x00, 0x00, 0x00, 0x00,
    0x00, 0x00, 0x00, 0xB7, 0x00, 0x00, 0x00, 0x03, 0x00, 0x00, 0x00, 0x03, 0x00, 0x00, 0x00, 0x08,
    0x00, 0x00, 0x00, 0x07, 0x00, 0x00, 0x00, 0x03, 0x00, 0x00, 0x00, 0x00, 0x00, 0x00, 0x00, 0xB8,
    0x00, 0x00, 0x00, 0x04, 0x00, 0x00, 0x00, 0x04, 0x00, 0x00, 0x00, 0x08, 0x00, 0x00, 0x00, 0x00,
    0x00, 0x00, 0x00, 0x01, 0x00, 0x00, 0x00, 0x00, 0x00, 0x00, 0x00, 0xB9, 0x00, 0x00, 0x00, 0x05,
    0x00, 0x00, 0x00, 0x06, 0x00, 0x00, 0x00, 0x08, 0x00, 0x00, 0x00, 0x0D, 0x00, 0x00, 0x00, 0x01,
    0x00, 0x00, 0x00, 0x00, 0x00, 0x00, 0x00, 0xBA, 0x00, 0x00, 0x00, 0x08, 0x00, 0x00, 0x00, 0x07,
    0x00, 0x00, 0x00, 0x08, 0x00, 0x00, 0x00, 0x0A, 0x00, 0x00, 0x00, 0x01, 0x00, 0x00, 0x00, 0x00,
    0x00, 0x00, 0x00, 0xBB, 0x00, 0x00, 0x00, 0x08, 0x00, 0x00, 0x00, 0x08, 0x00, 0x00, 0x00, 0x08,
    0x00, 0x00, 0x00, 0x08, 0x00, 0x00, 0x00, 0x00, 0x00, 0x00, 0x00, 0x00, 0x00, 0x00, 0x00, 0xBC,
    0x00, 0x00, 0x00, 0x0D, 0x00, 0x00, 0x00, 0x08, 0x00, 0x00, 0x00, 0x08, 0x00, 0x00, 0x00, 0x0B,
    0x00, 0x00, 0x00, 0x00, 0x00, 0x00, 0x00, 0x00, 0x00, 0x00, 0x00, 0xBD, 0x00, 0x00, 0x00, 0x0E,
    0x00, 0x00, 0x00, 0x08, 0x00, 0x00, 0x00, 0x08, 0x00, 0x00, 0x00, 0x0C, 0x00, 0x00, 0x00, 0x00,
    0x00, 0x00, 0x00, 0x00, 0x00, 0x00, 0x00, 0xBE, 0x00, 0x00, 0x00, 0x0D, 0x00, 0x00, 0x00, 0x08,
    0x00, 0x00, 0x00, 0x08, 0x00, 0x00, 0x00, 0x0B, 0x00, 0x00, 0x00, 0x00, 0x00, 0x00, 0x00, 0x00,
    0x00, 0x00, 0x00, 0xBF, 0x00, 0x00, 0x00, 0x0C, 0x00, 0x00, 0x00, 0x07, 0x00, 0x00, 0x00, 0x08,
    0x00, 0x00, 0x00, 0x0C, 0x00, 0x00, 0x00, 0x00, 0x00, 0x00, 0x00, 0x00, 0x00, 0x00, 0x00, 0xC0,
    0x00, 0x00, 0x00, 0x0D, 0x00, 0x00, 0x00, 0x08, 0x00, 0x00, 0x00, 0x08, 0x00, 0x00, 0x00, 0x0D,
    0x00, 0x00, 0x00, 0x00, 0x00, 0x00, 0x00, 0x00, 0x00, 0x00, 0x00, 0xC1, 0x00, 0x00, 0x00, 0x0D,
    0x00, 0x00, 0x00, 0x08, 0x00, 0x00, 0x00, 0x08, 0x00, 0x00, 0x00, 0x0D, 0x00, 0x00, 0x00, 0x00,
    0x00, 0x00, 0x00, 0x00, 0x00, 0x00, 0x00, 0xC2, 0x00, 0x00, 0x00, 0x0D, 0x00, 0x00, 0x00, 0x08,
    0x00, 0x00, 0x00, 0x08, 0x00, 0x00, 0x00, 0x0D, 0x00, 0x00, 0x00, 0x00, 0x00, 0x00, 0x00, 0x00,
    0x00, 0x00, 0x00, 0xC3, 0x00, 0x00, 0x00, 0x0E, 0x00, 0x00, 0x00, 0x08, 0x00, 0x00, 0x00, 0x08,
    0x00, 0x00, 0x00, 0x0E, 0x00, 0x00, 0x00, 0x00, 0x00, 0x00, 0x00, 0x00, 0x00, 0x00, 0x00, 0xC4,
    0x00, 0x00, 0x00, 0x0D, 0x00, 0x00, 0x00, 0x08, 0x00, 0x00, 0x00, 0x08, 0x00, 0x00, 0x00, 0x0D,
    0x00, 0x00, 0x00, 0x00, 0x00, 0x00, 0x00, 0x00, 0x00, 0x00, 0x00, 0xC5, 0x00, 0x00, 0x00, 0x0D,
    0x00, 0x00, 0x00, 0x08, 0x00, 0x00, 0x00, 0x08, 0x00, 0x00, 0x00, 0x0D, 0x00, 0x00, 0x00, 0x00,
    0x00, 0x00, 0x00, 0x00, 0x00, 0x00, 0x00, 0xC6, 0x00, 0x00, 0x00, 0x0A, 0x00, 0x00, 0x00, 0x08,
    0x00, 0x00, 0x00, 0x08, 0x00, 0x00, 0x00, 0x0A, 0x00, 0x00, 0x00, 0x00, 0x00, 0x00, 0x00, 0x00,
    0x00, 0x00, 0x00, 0xC7, 0x00, 0x00, 0x00, 0x0E, 0x00, 0x00, 0x00, 0x08, 0x00, 0x00, 0x00, 0x08,
    0x00, 0x00, 0x00, 0x0A, 0x00, 0x00, 0x00, 0x00, 0x00, 0x00, 0x00, 0x00, 0x00, 0x00, 0x00, 0xC8,
    0x00, 0x00, 0x00, 0x0D, 0x00, 0x00, 0x00, 0x08, 0x00, 0x00, 0x00, 0x08, 0x00, 0x00, 0x00, 0x0D,
    0x00, 0x00, 0x00, 0x00, 0x00, 0x00, 0x00, 0x00, 0x00, 0x00, 0x00, 0xC9, 0x00, 0x00, 0x00, 0x0D,
    0x00, 0x00, 0x00, 0x08, 0x00, 0x00, 0x00, 0x08, 0x00, 0x00, 0x00, 0x0D, 0x00, 0x00, 0x00, 0x00,
    0x00, 0x00, 0x00, 0x00, 0x00, 0x00, 0x00, 0xCA, 0x00, 0x00, 0x00, 0x0D, 0x00, 0x00, 0x00, 0x08,
    0x00, 0x00, 0x00, 0x08, 0x00, 0x00, 0x00, 0x0D, 0x00, 0x00, 0x00, 0x00, 0x00, 0x00, 0x00, 0x00,
    0x00, 0x00, 0x00, 0xCB, 0x00, 0x00, 0x00, 0x0D, 0x00, 0x00, 0x00, 0x08, 0x00, 0x00, 0x00, 0x08,
    0x00, 0x00, 0x00, 0x0D, 0x00, 0x00, 0x00, 0x00, 0x00, 0x00, 0x00, 0x00, 0x00, 0x00, 0x00, 0xCC,
    0x00, 0x00, 0x00, 0x0D, 0x00, 0x00, 0x00, 0x08, 0x00, 0x00, 0x00, 0x08, 0x00, 0x00, 0x00, 0x0D,
    0x00, 0x00, 0x00, 0x00, 0x00, 0x00, 0x00, 0x00, 0x00, 0x00, 0x00, 0xCD, 0x00, 0x00, 0x00, 0x0D,
    0x00, 0x00, 0x00, 0x08, 0x00, 0x00, 0x00, 0x08, 0x00, 0x00, 0x00, 0x0D, 0x00, 0x00, 0x00, 0x00,
    0x00, 0x00, 0x00, 0x00, 0x00, 0x00, 0x00, 0xCE, 0x00, 0x00, 0x00, 0x0D, 0x00, 0x00, 0x00, 0x08,
    0x00, 0x00, 0x00, 0x08, 0x00, 0x00, 0x00, 0x0D, 0x00, 0x00, 0x00, 0x00, 0x00, 0x00, 0x00, 0x00,
    0x00, 0x00, 0x00, 0xCF, 0x00, 0x00, 0x00, 0x0D, 0x00, 0x00, 0x00, 0x08, 0x00, 0x00, 0x00, 0x08,
    0x00, 0x00, 0x00, 0x0D, 0x00, 0x00, 0x00, 0x00, 0x00, 0x00, 0x00, 0x00, 0x00, 0x00, 0x00, 0xD0,
    0x00, 0x00, 0x00, 0x0A, 0x00, 0x00, 0x00, 0x08, 0x00, 0x00, 0x00, 0x08, 0x00, 0x00, 0x00, 0x0A,
    0x00, 0x00, 0x00, 0x00, 0x00, 0x00, 0x00, 0x00, 0x00, 0x00, 0x00, 0xD1, 0x00, 0x00, 0x00, 0x0E,
    0x00, 0x00, 0x00, 0x08, 0x00, 0x00, 0x00, 0x08, 0x00, 0x00, 0x00, 0x0E, 0x00, 0x00, 0x00, 0x00,
    0x00, 0x00, 0x00, 0x00, 0x00, 0x00, 0x00, 0xD2, 0x00, 0x00, 0x00, 0x0D, 0x00, 0x00, 0x00, 0x08,
    0x00, 0x00, 0x00, 0x08, 0x00, 0x00, 0x00, 0x0D, 0x00, 0x00, 0x00, 0x00, 0x00, 0x00, 0x00, 0x00,
    0x00, 0x00, 0x00, 0xD3, 0x00, 0x00, 0x00, 0x0D, 0x00, 0x00, 0x00, 0x08, 0x00, 0x00, 0x00, 0x08,
    0x00, 0x00, 0x00, 0x0D, 0x00, 0x00, 0x00, 0x00, 0x00, 0x00, 0x00, 0x00, 0x00, 0x00, 0x00, 0xD4,
    0x00, 0x00, 0x00, 0x0D, 0x00, 0x00, 0x00, 0x08, 0x00, 0x00, 0x00, 0x08, 0x00, 0x00, 0x00, 0x0D,
    0x00, 0x00, 0x00, 0x00, 0x00, 0x00, 0x00, 0x00, 0x00, 0x00, 0x00, 0xD5, 0x00, 0x00, 0x00, 0x0E,
    0x00, 0x00, 0x00, 0x08, 0x00, 0x00, 0x00, 0x08, 0x00, 0x00, 0x00, 0x0E, 0x00, 0x00, 0x00, 0x00,
    0x00, 0x00, 0x00, 0x00, 0x00, 0x00, 0x00, 0xD6, 0x00, 0x00, 0x00, 0x0D, 0x00, 0x00, 0x00, 0x08,
    0x00, 0x00, 0x00, 0x08, 0x00, 0x00, 0x00, 0x0D, 0x00, 0x00, 0x00, 0x00, 0x00, 0x00, 0x00, 0x00,
    0x00, 0x00, 0x00, 0xD7, 0x00, 0x00, 0x00, 0x07, 0x00, 0x00, 0x00, 0x08, 0x00, 0x00, 0x00, 0x08,
    0x00, 0x00, 0x00, 0x08, 0x00, 0x00, 0x00, 0x00, 0x00, 0x00, 0x00, 0x00, 0x00, 0x00, 0x00, 0xD8,
    0x00, 0x00, 0x00, 0x0C, 0x00, 0x00, 0x00, 0x08, 0x00, 0x00, 0x00, 0x08, 0x00, 0x00, 0x00, 0x0B,
    0x00, 0x00, 0x00, 0x00, 0x00, 0x00, 0x00, 0x00, 0x00, 0x00, 0x00, 0xD9, 0x00, 0x00, 0x00, 0x0D,
    0x00, 0x00, 0x00, 0x08, 0x00, 0x00, 0x00, 0x08, 0x00, 0x00, 0x00, 0x0D, 0x00, 0x00, 0x00, 0x00,
    0x00, 0x00, 0x00, 0x00, 0x00, 0x00, 0x00, 0xDA, 0x00, 0x00, 0x00, 0x0D, 0x00, 0x00, 0x00, 0x08,
    0x00, 0x00, 0x00, 0x08, 0x00, 0x00, 0x00, 0x0D, 0x00, 0x00, 0x00, 0x00, 0x00, 0x00, 0x00, 0x00,
    0x00, 0x00, 0x00, 0xDB, 0x00, 0x00, 0x00, 0x0D, 0x00, 0x00, 0x00, 0x08, 0x00, 0x00, 0x00, 0x08,
    0x00, 0x00, 0x00, 0x0D, 0x00, 0x00, 0x00, 0x00, 0x00, 0x00, 0x00, 0x00, 0x00, 0x00, 0x00, 0xDC,
    0x00, 0x00, 0x00, 0x0D, 0x00, 0x00, 0x00, 0x08, 0x00, 0x00, 0x00, 0x08, 0x00, 0x00, 0x00, 0x0D,
    0x00, 0x00, 0x00, 0x00, 0x00, 0x00, 0x00, 0x00, 0x00, 0x00, 0x00, 0xDD, 0x00, 0x00, 0x00, 0x0D,
    0x00, 0x00, 0x00, 0x08, 0x00, 0x00, 0x00, 0x08, 0x00, 0x00, 0x00, 0x0D, 0x00, 0x00, 0x00, 0x00,
    0x00, 0x00, 0x00, 0x00, 0x00, 0x00, 0x00, 0xDE, 0x00, 0x00, 0x00, 0x0A, 0x00, 0x00, 0x00, 0x08,
    0x00, 0x00, 0x00, 0x08, 0x00, 0x00, 0x00, 0x0A, 0x00, 0x00, 0x00, 0x00, 0x00, 0x00, 0x00, 0x00,
    0x00, 0x00, 0x00, 0xDF, 0x00, 0x00, 0x00, 0x0B, 0x00, 0x00, 0x00, 0x08, 0x00, 0x00, 0x00, 0x08,
    0x00, 0x00, 0x00, 0x0B, 0x00, 0x00, 0x00, 0x00, 0x00, 0x00, 0x00, 0x00, 0x00, 0x00, 0x00, 0xE0,
    0x00, 0x00, 0x00, 0x0C, 0x00, 0x00, 0x00, 0x08, 0x00, 0x00, 0x00, 0x08, 0x00, 0x00, 0x00, 0x0C,
    0x00, 0x00, 0x00, 0x00, 0x00, 0x00, 0x00, 0x00, 0x00, 0x00, 0x00, 0xE1, 0x00, 0x00, 0x00, 0x0C,
    0x00, 0x00, 0x00, 0x08, 0x00, 0x00, 0x00, 0x08, 0x00, 0x00, 0x00, 0x0C, 0x00, 0x00, 0x00, 0x00,
    0x00, 0x00, 0x00, 0x00, 0x00, 0x00, 0x00, 0xE2, 0x00, 0x00, 0x00, 0x0C, 0x00, 0x00, 0x00, 0x08,
    0x00, 0x00, 0x00, 0x08, 0x00, 0x00, 0x00, 0x0C, 0x00, 0x00, 0x00, 0x00, 0x00, 0x00, 0x00, 0x00,
    0x00, 0x00, 0x00, 0xE3, 0x00, 0x00, 0x00, 0x0C, 0x00, 0x00, 0x00, 0x08, 0x00, 0x00, 0x00, 0x08,
    0x00, 0x00, 0x00, 0x0C, 0x00, 0x00, 0x00, 0x00, 0x00, 0x00, 0x00, 0x00, 0x00, 0x00, 0x00, 0xE4,
    0x00, 0x00, 0x00, 0x0B, 0x00, 0x00, 0x00, 0x08, 0x00, 0x00, 0x00, 0x08, 0x00, 0x00, 0x00, 0x0B,
    0x00, 0x00, 0x00, 0x00, 0x00, 0x00, 0x00, 0x00, 0x00, 0x00, 0x00, 0xE5, 0x00, 0x00, 0x00, 0x0E,
    0x00, 0x00, 0x00, 0x08, 0x00, 0x00, 0x00, 0x08, 0x00, 0x00, 0x00, 0x0E, 0x00, 0x00, 0x00, 0x00,
    0x00, 0x00, 0x00, 0x00, 0x00, 0x00, 0x00, 0xE6, 0x00, 0x00, 0x00, 0x08, 0x00, 0x00, 0x00, 0x08,
    0x00, 0x00, 0x00, 0x08, 0x00, 0x00, 0x00, 0x08, 0x00, 0x00, 0x00, 0x00, 0x00, 0x00, 0x00, 0x00,
    0x00, 0x00, 0x00, 0xE7, 0x00, 0x00, 0x00, 0x0C, 0x00, 0x00, 0x00, 0x08, 0x00, 0x00, 0x00, 0x08,
    0x00, 0x00, 0x00, 0x08, 0x00, 0x00, 0x00, 0x00, 0x00, 0x00, 0x00, 0x00, 0x00, 0x00, 0x00, 0xE8,
    0x00, 0x00, 0x00, 0x0C, 0x00, 0x00, 0x00, 0x08, 0x00, 0x00, 0x00, 0x08, 0x00, 0x00, 0x00, 0x0C,
    0x00, 0x00, 0x00, 0x00, 0x00, 0x00, 0x00, 0x00, 0x00, 0x00, 0x00, 0xE9, 0x00, 0x00, 0x00, 0x0C,
    0x00, 0x00, 0x00, 0x08, 0x00, 0x00, 0x00, 0x08, 0x00, 0x00, 0x00, 0x0C, 0x00, 0x00, 0x00, 0x00,
    0x00, 0x00, 0x00, 0x00, 0x00, 0x00, 0x00, 0xEA, 0x00, 0x00, 0x00, 0x0C, 0x00, 0x00, 0x00, 0x08,
    0x00, 0x00, 0x00, 0x08, 0x00, 0x00, 0x00, 0x0C, 0x00, 0x00, 0x00, 0x00, 0x00, 0x00, 0x00, 0x00,
    0x00, 0x00, 0x00, 0xEB, 0x00, 0x00, 0x00, 0x0B, 0x00, 0x00, 0x00, 0x08, 0x00, 0x00, 0x00, 0x08,
    0x00, 0x00, 0x00, 0x0B, 0x00, 0x00, 0x00, 0x00, 0x00, 0x00, 0x00, 0x00, 0x00, 0x00, 0x00, 0xEC,
    0x00, 0x00, 0x00, 0x0C, 0x00, 0x00, 0x00, 0x07, 0x00, 0x00, 0x00, 0x08, 0x00, 0x00, 0x00, 0x0C,
    0x00, 0x00, 0x00, 0x01, 0x00, 0x00, 0x00, 0x00, 0x00, 0x00, 0x00, 0xED, 0x00, 0x00, 0x00, 0x0C,
    0x00, 0x00, 0x00, 0x07, 0x00, 0x00, 0x00, 0x08, 0x00, 0x00, 0x00, 0x0C, 0x00, 0x00, 0x00, 0x01,
    0x00, 0x00, 0x00, 0x00, 0x00, 0x00, 0x00, 0xEE, 0x00, 0x00, 0x00, 0x0C, 0x00, 0x00, 0x00, 0x07,
    0x00, 0x00, 0x00, 0x08, 0x00, 0x00, 0x00, 0x0C, 0x00, 0x00, 0x00, 0x01, 0x00, 0x00, 0x00, 0x00,
    0x00, 0x00, 0x00, 0xEF, 0x00, 0x00, 0x00, 0x0B, 0x00, 0x00, 0x00, 0x07, 0x00, 0x00, 0x00, 0x08,
    0x00, 0x00, 0x00, 0x0B, 0x00, 0x00, 0x00, 0x01, 0x00, 0x00, 0x00, 0x00, 0x00, 0x00, 0x00, 0xF0,
    0x00, 0x00, 0x00, 0x0B, 0x00, 0x00, 0x00, 0x08, 0x00, 0x00, 0x00, 0x08, 0x00, 0x00, 0x00, 0x0B,
    0x00, 0x00, 0x00, 0x00, 0x00, 0x00, 0x00, 0x00, 0x00, 0x00, 0x00, 0xF1, 0x00, 0x00, 0x00, 0x0C,
    0x00, 0x00, 0x00, 0x08, 0x00, 0x00, 0x00, 0x08, 0x00, 0x00, 0x00, 0x0C, 0x00, 0x00, 0x00, 0x00,
    0x00, 0x00, 0x00, 0x00, 0x00, 0x00, 0x00, 0xF2, 0x00, 0x00, 0x00, 0x0C, 0x00, 0x00, 0x00, 0x08,
    0x00, 0x00, 0x00, 0x08, 0x00, 0x00, 0x00, 0x0C, 0x00, 0x00, 0x00, 0x00, 0x00, 0x00, 0x00, 0x00,
    0x00, 0x00, 0x00, 0xF3, 0x00, 0x00, 0x00, 0x0C, 0x00, 0x00, 0x00, 0x08, 0x00, 0x00, 0x00, 0x08,
    0x00, 0x00, 0x00, 0x0C, 0x00, 0x00, 0x00, 0x00, 0x00, 0x00, 0x00, 0x00, 0x00, 0x00, 0x00, 0xF4,
    0x00, 0x00, 0x00, 0x0C, 0x00, 0x00, 0x00, 0x08, 0x00, 0x00, 0x00, 0x08, 0x00, 0x00, 0x00, 0x0C,
    0x00, 0x00, 0x00, 0x00, 0x00, 0x00, 0x00, 0x00, 0x00, 0x00, 0x00, 0xF5, 0x00, 0x00, 0x00, 0x0C,
    0x00, 0x00, 0x00, 0x08, 0x00, 0x00, 0x00, 0x08, 0x00, 0x00, 0x00, 0x0C, 0x00, 0x00, 0x00, 0x00,
    0x00, 0x00, 0x00, 0x00, 0x00, 0x00, 0x00, 0xF6, 0x00, 0x00, 0x00, 0x0B, 0x00, 0x00, 0x00, 0x08,
    0x00, 0x00, 0x00, 0x08, 0x00, 0x00, 0x00, 0x0B, 0x00, 0x00, 0x00, 0x00, 0x00, 0x00, 0x00, 0x00,
    0x00, 0x00, 0x00, 0xF7, 0x00, 0x00, 0x00, 0x08, 0x00, 0x00, 0x00, 0x08, 0x00, 0x00, 0x00, 0x08,
    0x00, 0x00, 0x00, 0x09, 0x00, 0x00, 0x00, 0x00, 0x00, 0x00, 0x00, 0x00, 0x00, 0x00, 0x00, 0xF8,
    0x00, 0x00, 0x00, 0x0A, 0x00, 0x00, 0x00, 0x08, 0x00, 0x00, 0x00, 0x08, 0x00, 0x00, 0x00, 0x09,
    0x00, 0x00, 0x00, 0x00, 0x00, 0x00, 0x00, 0x00, 0x00, 0x00, 0x00, 0xF9, 0x00, 0x00, 0x00, 0x0C,
    0x00, 0x00, 0x00, 0x08, 0x00, 0x00, 0x00, 0x08, 0x00, 0x00, 0x00, 0x0C, 0x00, 0x00, 0x00, 0x00,
    0x00, 0x00, 0x00, 0x00, 0x00, 0x00, 0x00, 0xFA, 0x00, 0x00, 0x00, 0x0C, 0x00, 0x00, 0x00, 0x08,
    0x00, 0x00, 0x00, 0x08, 0x00, 0x00, 0x00, 0x0C, 0x00, 0x00, 0x00, 0x00, 0x00, 0x00, 0x00, 0x00,
    0x00, 0x00, 0x00, 0xFB, 0x00, 0x00, 0x00, 0x0C, 0x00, 0x00, 0x00, 0x08, 0x00, 0x00, 0x00, 0x08,
    0x00, 0x00, 0x00, 0x0C, 0x00, 0x00, 0x00, 0x00, 0x00, 0x00, 0x00, 0x00, 0x00, 0x00, 0x00, 0xFC,
    0x00, 0x00, 0x00, 0x0B, 0x00, 0x00, 0x00, 0x08, 0x00, 0x00, 0x00, 0x08, 0x00, 0x00, 0x00, 0x0B,
    0x00, 0x00, 0x00, 0x00, 0x00, 0x00, 0x00, 0x00, 0x00, 0x00, 0x00, 0xFD, 0x00, 0x00, 0x00, 0x0F,
    0x00, 0x00, 0x00, 0x08, 0x00, 0x00, 0x00, 0x08, 0x00, 0x00, 0x00, 0x0C, 0x00, 0x00, 0x00, 0x00,
    0x00, 0x00, 0x00, 0x00, 0x00, 0x00, 0x00, 0xFE, 0x00, 0x00, 0x00, 0x0E, 0x00, 0x00, 0x00, 0x08,
    0x00, 0x00, 0x00, 0x08, 0x00, 0x00, 0x00, 0x0B, 0x00, 0x00, 0x00, 0x00, 0x00, 0x00, 0x00, 0x00,
    0x00, 0x00, 0x00, 0xFF, 0x00, 0x00, 0x00, 0x0E, 0x00, 0x00, 0x00, 0x08, 0x00, 0x00, 0x00, 0x08,
    0x00, 0x00, 0x00, 0x0B, 0x00, 0x00, 0x00, 0x00, 0x00, 0x00, 0x00, 0x00, 0x00, 0x00, 0x20, 0x13,
    0x00, 0x00, 0x00, 0x02, 0x00, 0x00, 0x00, 0x05, 0x00, 0x00, 0x00, 0x08, 0x00, 0x00, 0x00, 0x05,
    0x00, 0x00, 0x00, 0x02, 0x00, 0x00, 0x00, 0x00, 0x00, 0x00, 0x20, 0x14, 0x00, 0x00, 0x00, 0x02,
    0x00, 0x00, 0x00, 0x08, 0x00, 0x00, 0x00, 0x08, 0x00, 0x00, 0x00, 0x05, 0x00, 0x00, 0x00, 0x00,
    0x00, 0x00, 0x00, 0x00, 0x00, 0x00, 0x20, 0x18, 0x00, 0x00, 0x00, 0x05, 0x00, 0x00, 0x00, 0x05,
    0x00, 0x00, 0x00, 0x08, 0x00, 0x00, 0x00, 0x0B, 0x00, 0x00, 0x00, 0x02, 0x00, 0x00, 0x00, 0x00,
    0x00, 0x00, 0x20, 0x19, 0x00, 0x00, 0x00, 0x05, 0x00, 0x00, 0x00, 0x05, 0x00, 0x00, 0x00, 0x08,
    0x00, 0x00, 0x00, 0x0B, 0x00, 0x00, 0x00, 0x02, 0x00, 0x00, 0x00, 0x00, 0x00, 0x00, 0x20, 0x1C,
    0x00, 0x00, 0x00, 0x05, 0x00, 0x00, 0x00, 0x07, 0x00, 0x00, 0x00, 0x08, 0x00, 0x00, 0x00, 0x0B,
    0x00, 0x00, 0x00, 0x01, 0x00, 0x00, 0x00, 0x00, 0x00, 0x00, 0x20, 0x1D, 0x00, 0x00, 0x00, 0x05,
    0x00, 0x00, 0x00, 0x07, 0x00, 0x00, 0x00, 0x08, 0x00, 0x00, 0x00, 0x0B, 0x00, 0x00, 0x00, 0x01,
    0x00, 0x00, 0x00, 0x00, 0x00, 0x00, 0x20, 0x26, 0x00, 0x00, 0x00, 0x03, 0x00, 0x00, 0x00, 0x08,
    0x00, 0x00, 0x00, 0x08, 0x00, 0x00, 0x00, 0x03, 0x00, 0x00, 0x00, 0x00, 0x00, 0x00, 0x00, 0x00,
    0x00, 0x00, 0x20, 0xAC, 0x00, 0x00, 0x00, 0x0A, 0x00, 0x00, 0x00, 0x08, 0x00, 0x00, 0x00, 0x08,
    0x00, 0x00, 0x00, 0x0A, 0x00, 0x00, 0x00, 0x00, 0x00, 0x00, 0x00, 0x00, 0x00, 0x00, 0x21, 0x90,
    0x00, 0x00, 0x00, 0x06, 0x00, 0x00, 0x00, 0x08, 0x00, 0x00, 0x00, 0x08, 0x00, 0x00, 0x00, 0x07,
    0x00, 0x00, 0x00, 0x00, 0x00, 0x00, 0x00, 0x00, 0x00, 0x00, 0x21, 0x91, 0x00, 0x00, 0x00, 0x08,
    0x00, 0x00, 0x00, 0x06, 0x00, 0x00, 0x00, 0x08, 0x00, 0x00, 0x00, 0x08, 0x00, 0x00, 0x00, 0x01,
    0x00, 0x00, 0x00, 0x00, 0x00, 0x00, 0x21, 0x92, 0x00, 0x00, 0x00, 0x06, 0x00, 0x00, 0x00, 0x08,
    0x00, 0x00, 0x00, 0x08, 0x00, 0x00, 0x00, 0x07, 0x00, 0x00, 0x00, 0x00, 0x00, 0x00, 0x00, 0x00,
    0x00, 0x00, 0x21, 0x93, 0x00, 0x00, 0x00, 0x08, 0x00, 0x00, 0x00, 0x06, 0x00, 0x00, 0x00, 0x08,
    0x00, 0x00, 0x00, 0x08, 0x00, 0x00, 0x00, 0x01, 0x00, 0x00, 0x00, 0x00, 0x00, 0x00, 0x21, 0x94,
    0x00, 0x00, 0x00, 0x06, 0x00, 0x00, 0x00, 0x08, 0x00, 0x00, 0x00, 0x08, 0x00, 0x00, 0x00, 0x07,
    0x00, 0x00, 0x00, 0x00, 0x00, 0x00, 0x00, 0x00, 0x00, 0x00, 0x21, 0x95, 0x00, 0x00, 0x00, 0x08,
    0x00, 0x00, 0x00, 0x06, 0x00, 0x00, 0x00, 0x08, 0x00, 0x00, 0x00, 0x08, 0x00, 0x00, 0x00, 0x01,
    0x00, 0x00, 0x00, 0x00, 0x00, 0x00, 0x21, 0xE9, 0x00, 0x00, 0x00, 0x08, 0x00, 0x00, 0x00, 0x07,
    0x00, 0x00, 0x00, 0x08, 0x00, 0x00, 0x00, 0x08, 0x00, 0x00, 0x00, 0x01, 0x00, 0x00, 0x00, 0x00,
    0x00, 0x00, 0x22, 0x60, 0x00, 0x00, 0x00, 0x0A, 0x00, 0x00, 0x00, 0x08, 0x00, 0x00, 0x00, 0x08,
    0x00, 0x00, 0x00, 0x09, 0x00, 0x00, 0x00, 0x00, 0x00, 0x00, 0x00, 0x00, 0x00, 0x00, 0x22, 0x61,
    0x00, 0x00, 0x00, 0x09, 0x00, 0x00, 0x00, 0x08, 0x00, 0x00, 0x00, 0x08, 0x00, 0x00, 0x00, 0x09,
    0x00, 0x00, 0x00, 0x00, 0x00, 0x00, 0x00, 0x00, 0x00, 0x00, 0x22, 0x64, 0x00, 0x00, 0x00, 0x09,
    0x00, 0x00, 0x00, 0x08, 0x00, 0x00, 0x00, 0x08, 0x00, 0x00, 0x00, 0x09, 0x00, 0x00, 0x00, 0x00,
    0x00, 0x00, 0x00, 0x00, 0x00, 0x00, 0x22, 0x65, 0x00, 0x00, 0x00, 0x09, 0x00, 0x00, 0x00, 0x08,
    0x00, 0x00, 0x00, 0x08, 0x00, 0x00, 0x00, 0x09, 0x00, 0x00, 0x00, 0x00, 0x00, 0x00, 0x00, 0x00,
    0x00, 0x00, 0x23, 0x15, 0x00, 0x00, 0x00, 0x07, 0x00, 0x00, 0x00, 0x07, 0x00, 0x00, 0x00, 0x08,
    0x00, 0x00, 0x00, 0x08, 0x00, 0x00, 0x00, 0x01, 0x00, 0x00, 0x00, 0x00, 0x00, 0x00, 0x23, 0xCE,
    0x00, 0x00, 0x00, 0x07, 0x00, 0x00, 0x00, 0x08, 0x00, 0x00, 0x00, 0x08, 0x00, 0x00, 0x00, 0x08,
    0x00, 0x00, 0x00, 0x00, 0x00, 0x00, 0x00, 0x00, 0x00, 0x00, 0x25, 0x00, 0x00, 0x00, 0x00, 0x02,
    0x00, 0x00, 0x00, 0x08, 0x00, 0x00, 0x00, 0x08, 0x00, 0x00, 0x00, 0x06, 0x00, 0x00, 0x00, 0x00,
    0x00, 0x00, 0x00, 0x00, 0x00, 0x00, 0x25, 0x01, 0x00, 0x00, 0x00, 0x03, 0x00, 0x00, 0x00, 0x08,
    0x00, 0x00, 0x00, 0x08, 0x00, 0x00, 0x00, 0x06, 0x00, 0x00, 0x00, 0x00, 0x00, 0x00, 0x00, 0x00,
    0x00, 0x00, 0x25, 0x02, 0x00, 0x00, 0x00, 0x12, 0x00, 0x00, 0x00, 0x02, 0x00, 0x00, 0x00, 0x08,
    0x00, 0x00, 0x00, 0x0E, 0x00, 0x00, 0x00, 0x03, 0x00, 0x00, 0x00, 0x00, 0x00, 0x00, 0x25, 0x03,
    0x00, 0x00, 0x00, 0x12, 0x00, 0x00, 0x00, 0x03, 0x00, 0x00, 0x00, 0x08, 0x00, 0x00, 0x00, 0x0E,
    0x00, 0x00, 0x00, 0x03, 0x00, 0x00, 0x00, 0x00, 0x00, 0x00, 0x25, 0x04, 0x00, 0x00, 0x00, 0x02,
    0x00, 0x00, 0x00, 0x08, 0x00, 0x00, 0x00, 0x08, 0x00, 0x00, 0x00, 0x06, 0x00, 0x00, 0x00, 0x00,
    0x00, 0x00, 0x00, 0x00, 0x00, 0x00, 0x25, 0x05, 0x00, 0x00, 0x00, 0x03, 0x00, 0x00, 0x00, 0x08,
    0x00, 0x00, 0x00, 0x08, 0x00, 0x00, 0x00, 0x06, 0x00, 0x00, 0x00, 0x00, 0x00, 0x00, 0x00, 0x00,
    0x00, 0x00, 0x25, 0x06, 0x00, 0x00, 0x00, 0x10, 0x00, 0x00, 0x00, 0x02, 0x00, 0x00, 0x00, 0x08,
    0x00, 0x00, 0x00, 0x0D, 0x00, 0x00, 0x00, 0x03, 0x00, 0x00, 0x00, 0x00, 0x00, 0x00, 0x25, 0x07,
    0x00, 0x00, 0x00, 0x10, 0x00, 0x00, 0x00, 0x03, 0x00, 0x00, 0x00, 0x08, 0x00, 0x00, 0x00, 0x0D,
    0x00, 0x00, 0x00, 0x03, 0x00, 0x00, 0x00, 0x00, 0x00, 0x00, 0x25, 0x08, 0x00, 0x00, 0x00, 0x02,
    0x00, 0x00, 0x00, 0x08, 0x00, 0x00, 0x00, 0x08, 0x00, 0x00, 0x00, 0x06, 0x00, 0x00, 0x00, 0x00,
    0x00, 0x00, 0x00, 0x00, 0x00, 0x00, 0x25, 0x09, 0x00, 0x00, 0x00, 0x03, 0x00, 0x00, 0x00, 0x08,
    0x00, 0x00, 0x00, 0x08, 0x00, 0x00, 0x00, 0x06, 0x00, 0x00, 0x00, 0x00, 0x00, 0x00, 0x00, 0x00,
    0x00, 0x00, 0x25, 0x0A, 0x00, 0x00, 0x00, 0x10, 0x00, 0x00, 0x00, 0x02, 0x00, 0x00, 0x00, 0x08,
    0x00, 0x00, 0x00, 0x0D, 0x00, 0x00, 0x00, 0x03, 0x00, 0x00, 0x00, 0x00, 0x00, 0x00, 0x25, 0x0B,
    0x00, 0x00, 0x00, 0x10, 0x00, 0x00, 0x00, 0x03, 0x00, 0x00, 0x00, 0x08, 0x00, 0x00, 0x00, 0x0D,
    0x00, 0x00, 0x00, 0x03, 0x00, 0x00, 0x00, 0x00, 0x00, 0x00, 0x25, 0x0C, 0x00, 0x00, 0x00, 0x0A,
    0x00, 0x00, 0x00, 0x05, 0x00, 0x00, 0x00, 0x08, 0x00, 0x00, 0x00, 0x06, 0x00, 0x00, 0x00, 0x03,
    0x00, 0x00, 0x00, 0x00, 0x00, 0x00, 0x25, 0x0D, 0x00, 0x00, 0x00, 0x0A, 0x00, 0x00, 0x00, 0x05,
    0x00, 0x00, 0x00, 0x08, 0x00, 0x00, 0x00, 0x06, 0x00, 0x00, 0x00, 0x03, 0x00, 0x00, 0x00, 0x00,
    0x00, 0x00, 0x25, 0x0E, 0x00, 0x00, 0x00, 0x0A, 0x00, 0x00, 0x00, 0x05, 0x00, 0x00, 0x00, 0x08,
    0x00, 0x00, 0x00, 0x06, 0x00, 0x00, 0x00, 0x03, 0x00, 0x00, 0x00, 0x00, 0x00, 0x00, 0x25, 0x0F,
    0x00, 0x00, 0x00, 0x0A, 0x00, 0x00, 0x00, 0x05, 0x00, 0x00, 0x00, 0x08, 0x00, 0x00, 0x00, 0x06,
    0x00, 0x00, 0x00, 0x03, 0x00, 0x00, 0x00, 0x00, 0x00, 0x00, 0x25, 0x10, 0x00, 0x00, 0x00, 0x0A,
    0x00, 0x00, 0x00, 0x05, 0x00, 0x00, 0x00, 0x08, 0x00, 0x00, 0x00, 0x06, 0x00, 0x00, 0x00, 0x00,
    0x00, 0x00, 0x00, 0x00, 0x00, 0x00, 0x25, 0x11, 0x00, 0x00, 0x00, 0x0A, 0x00, 0x00, 0x00, 0x05,
    0x00, 0x00, 0x00, 0x08, 0x00, 0x00, 0x00, 0x06, 0x00, 0x00, 0x00, 0x00, 0x00, 0x00, 0x00, 0x00,
    0x00, 0x00, 0x25, 0x12, 0x00, 0x00, 0x00, 0x0A, 0x00, 0x00, 0x00, 0x08, 0x00, 0x00, 0x00, 0x08,
    0x00, 0x00, 0x00, 0x06, 0x00, 0x00, 0x00, 0x00, 0x00, 0x00, 0x00, 0x00, 0x00, 0x00, 0x25, 0x13,
    0x00, 0x00, 0x00, 0x0A, 0x00, 0x00, 0x00, 0x08, 0x00, 0x00, 0x00, 0x08, 0x00, 0x00, 0x00, 0x06,
    0x00, 0x00, 0x00, 0x00, 0x00, 0x00, 0x00, 0x00, 0x00, 0x00, 0x25, 0x14, 0x00, 0x00, 0x00, 0x0A,
    0x00, 0x00, 0x00, 0x05, 0x00, 0x00, 0x00, 0x08, 0x00, 0x00, 0x00, 0x0E, 0x00, 0x00, 0x00, 0x03,
    0x00, 0x00, 0x00, 0x00, 0x00, 0x00, 0x25, 0x15, 0x00, 0x00, 0x00, 0x0B, 0x00, 0x00, 0x00, 0x05,
    0x00, 0x00, 0x00, 0x08, 0x00, 0x00, 0x00, 0x0E, 0x00, 0x00, 0x00, 0x03, 0x00, 0x00, 0x00, 0x00,
    0x00, 0x00, 0x25, 0x16, 0x00, 0x00, 0x00, 0x0A, 0x00, 0x00, 0x00, 0x05, 0x00, 0x00, 0x00, 0x08,
    0x00, 0x00, 0x00, 0x0E, 0x00, 0x00, 0x00, 0x03, 0x00, 0x00, 0x00, 0x00, 0x00, 0x00, 0x25, 0x17,
    0x00, 0x00, 0x00, 0x0B, 0x00, 0x00, 0x00, 0x05, 0x00, 0x00, 0x00, 0x08, 0x00, 0x00, 0x00, 0x0E,
    0x00, 0x00, 0x00, 0x03, 0x00, 0x00, 0x00, 0x00, 0x00, 0x00, 0x25, 0x18, 0x00, 0x00, 0x00, 0x0A,
    0x00, 0x00, 0x00, 0x05, 0x00, 0x00, 0x00, 0x08, 0x00, 0x00, 0x00, 0x0E, 0x00, 0x00, 0x00, 0x00,
    0x00, 0x00, 0x00, 0x00, 0x00, 0x00, 0x25, 0x19, 0x00, 0x00, 0x00, 0x0B, 0x00, 0x00, 0x00, 0x05,
    0x00, 0x00, 0x00, 0x08, 0x00, 0x00, 0x00, 0x0E, 0x00, 0x00, 0x00, 0x00, 0x00, 0x00, 0x00, 0x00,
    0x00, 0x00, 0x25, 0x1A, 0x00, 0x00, 0x00, 0x0A, 0x00, 0x00, 0x00, 0x08, 0x00, 0x00, 0x00, 0x08,
    0x00, 0x00, 0x00, 0x0E, 0x00, 0x00, 0x00, 0x00, 0x00, 0x00, 0x00, 0x00, 0x00, 0x00, 0x25, 0x1B,
    0x00, 0x00, 0x00, 0x0B, 0x00, 0x00, 0x00, 0x08, 0x00, 0x00, 0x00, 0x08, 0x00, 0x00, 0x00, 0x0E,
    0x00, 0x00, 0x00, 0x00, 0x00, 0x00, 0x00, 0x00, 0x00, 0x00, 0x25, 0x1C, 0x00, 0x00, 0x00, 0x12,
    0x00, 0x00, 0x00, 0x05, 0x00, 0x00, 0x00, 0x08, 0x00, 0x00, 0x00, 0x0E, 0x00, 0x00, 0x00, 0x03,
    0x00, 0x00, 0x00, 0x00, 0x00, 0x00, 0x25, 0x1D, 0x00, 0x00, 0x00, 0x12, 0x00, 0x00, 0x00, 0x05,
    0x00, 0x00, 0x00, 0x08, 0x00, 0x00, 0x00, 0x0E, 0x00, 0x00, 0x00, 0x03, 0x00, 0x00, 0x00, 0x00,
    0x00, 0x00, 0x25, 0x1E, 0x00, 0x00, 0x00, 0x12, 0x00, 0x00, 0x00, 0x05, 0x00, 0x00, 0x00, 0x08,
    0x00, 0x00, 0x00, 0x0E, 0x00, 0x00, 0x00, 0x03, 0x00, 0x00, 0x00, 0x00, 0x00, 0x00, 0x25, 0x1F,
    0x00, 0x00, 0x00, 0x12, 0x00, 0x00, 0x00, 0x05, 0x00, 0x00, 0x00, 0x08, 0x00, 0x00, 0x00, 0x0E,
    0x00, 0x00, 0x00, 0x03, 0x00, 0x00, 0x00, 0x00, 0x00, 0x00, 0x25, 0x20, 0x00, 0x00, 0x00, 0x12,
    0x00, 0x00, 0x00, 0x05, 0x00, 0x00, 0x00, 0x08, 0x00, 0x00, 0x00, 0x0E, 0x00, 0x00, 0x00, 0x03,
    0x00, 0x00, 0x00, 0x00, 0x00, 0x00, 0x25, 0x21, 0x00, 0x00, 0x00, 0x12, 0x00, 0x00, 0x00, 0x05,
    0x00, 0x00, 0x00, 0x08, 0x00, 0x00, 0x00, 0x0E, 0x00, 0x00, 0x00, 0x03, 0x00, 0x00, 0x00, 0x00,
    0x00, 0x00, 0x25, 0x22, 0x00, 0x00, 0x00, 0x12, 0x00, 0x00, 0x00, 0x05, 0x00, 0x00, 0x00, 0x08,
    0x00, 0x00, 0x00, 0x0E, 0x00, 0x00, 0x00, 0x03, 0x00, 0x00, 0x00, 0x00, 0x00, 0x00, 0x25, 0x23,
    0x00, 0x00, 0x00, 0x12, 0x00, 0x00, 0x00, 0x05, 0x00, 0x00, 0x00, 0x08, 0x00, 0x00, 0x00, 0x0E,
    0x00, 0x00, 0x00, 0x03, 0x00, 0x00, 0x00, 0x00, 0x00, 0x00, 0x25, 0x24, 0x00, 0x00, 0x00, 0x12,
    0x00, 0x00, 0x00, 0x05, 0x00, 0x00, 0x00, 0x08, 0x00, 0x00, 0x00, 0x0E, 0x00, 0x00, 0x00, 0x00,
    0x00, 0x00, 0x00, 0x00, 0x00, 0x00, 0x25, 0x25, 0x00, 0x00, 0x00, 0x12, 0x00, 0x00, 0x00, 0x05,
    0x00, 0x00, 0x00, 0x08, 0x00, 0x00, 0x00, 0x0E, 0x00, 0x00, 0x00, 0x00, 0x00, 0x00, 0x00, 0x00,
    0x00, 0x00, 0x25, 0x26, 0x00, 0x00, 0x00, 0x12, 0x00, 0x00, 0x00, 0x08, 0x00, 0x00, 0x00, 0x08,
    0x00, 0x00, 0x00, 0x0E, 0x00, 0x00, 0x00, 0x00, 0x00, 0x00, 0x00, 0x00, 0x00, 0x00, 0x25, 0x27,
    0x00, 0x00, 0x00, 0x12, 0x00, 0x00, 0x00, 0x08, 0x00, 0x00, 0x00, 0x08, 0x00, 0x00, 0x00, 0x0E,
    0x00, 0x00, 0x00, 0x00, 0x00, 0x00, 0x00, 0x00, 0x00, 0x00, 0x25, 0x28, 0x00, 0x00, 0x00, 0x12,
    0x00, 0x00, 0x00, 0x08, 0x00, 0x00, 0x00, 0x08, 0x00, 0x00, 0x00, 0x0E, 0x00, 0x00, 0x00, 0x00,
    0x00, 0x00, 0x00, 0x00, 0x00, 0x00, 0x25, 0x29, 0x00, 0x00, 0x00, 0x12, 0x00, 0x00, 0x00, 0x08,
    0x00, 0x00, 0x00, 0x08, 0x00, 0x00, 0x00, 0x0E, 0x00, 0x00, 0x00, 0x00, 0x00, 0x00, 0x00, 0x00,
    0x00, 0x00, 0x25, 0x2A, 0x00, 0x00, 0x00, 0x12, 0x00, 0x00, 0x00, 0x08, 0x00, 0x00, 0x00, 0x08,
    0x00, 0x00, 0x00, 0x0E, 0x00, 0x00, 0x00, 0x00, 0x00, 0x00, 0x00, 0x00, 0x00, 0x00, 0x25, 0x2B,
    0x00, 0x00, 0x00, 0x12, 0x00, 0x00, 0x00, 0x08, 0x00, 0x00, 0x00, 0x08, 0x00, 0x00, 0x00, 0x0E,
    0x00, 0x00, 0x00, 0x00, 0x00, 0x00, 0x00, 0x00, 0x00, 0x00, 0x25, 0x2C, 0x00, 0x00, 0x00, 0x0A,
    0x00, 0x00, 0x00, 0x08, 0x00, 0x00, 0x00, 0x08, 0x00, 0x00, 0x00, 0x06, 0x00, 0x00, 0x00, 0x00,
    0x00, 0x00, 0x00, 0x00, 0x00, 0x00, 0x25, 0x2D, 0x00, 0x00, 0x00, 0x0A, 0x00, 0x00, 0x00, 0x08,
    0x00, 0x00, 0x00, 0x08, 0x00, 0x00, 0x00, 0x06, 0x00, 0x00, 0x00, 0x00, 0x00, 0x00, 0x00, 0x00,
    0x00, 0x00, 0x25, 0x2E, 0x00, 0x00, 0x00, 0x0A, 0x00, 0x00, 0x00, 0x08, 0x00, 0x00, 0x00, 0x08,
    0x00, 0x00, 0x00, 0x06, 0x00, 0x00, 0x00, 0x00, 0x00, 0x00, 0x00, 0x00, 0x00, 0x00, 0x25, 0x2F,
    0x00, 0x00, 0x00, 0x0A, 0x00, 0x00, 0x00, 0x08, 0x00, 0x00, 0x00, 0x08, 0x00, 0x00, 0x00, 0x06,
    0x00, 0x00, 0x00, 0x00, 0x00, 0x00, 0x00, 0x00, 0x00, 0x00, 0x25, 0x30, 0x00, 0x00, 0x00, 0x0A,
    0x00, 0x00, 0x00, 0x08, 0x00, 0x00, 0x00, 0x08, 0x00, 0x00, 0x00, 0x06, 0x00, 0x00, 0x00, 0x00,
    0x00, 0x00, 0x00, 0x00, 0x00, 0x00, 0x25, 0x31, 0x00, 0x00, 0x00, 0x0A, 0x00, 0x00, 0x00, 0x08,
    0x00, 0x00, 0x00, 0x08, 0x00, 0x00, 0x00, 0x06, 0x00, 0x00, 0x00, 0x00, 0x00, 0x00, 0x00, 0x00,
    0x00, 0x00, 0x25, 0x32, 0x00, 0x00, 0x00, 0x0A, 0x00, 0x00, 0x00, 0x08, 0x00, 0x00, 0x00, 0x08,
    0x00, 0x00, 0x00, 0x06, 0x00, 0x00, 0x00, 0x00, 0x00, 0x00, 0x00, 0x00, 0x00, 0x00, 0x25, 0x33,
    0x00, 0x00, 0x00, 0x0A, 0x00, 0x00, 0x00, 0x08, 0x00, 0x00, 0x00, 0x08, 0x00, 0x00, 0x00, 0x06,
    0x00, 0x00, 0x00, 0x00, 0x00, 0x00, 0x00, 0x00, 0x00, 0x00, 0x25, 0x34, 0x00, 0x00, 0x00, 0x0A,
    0x00, 0x00, 0x00, 0x08, 0x00, 0x00, 0x00, 0x08, 0x00, 0x00, 0x00, 0x0E, 0x00, 0x00, 0x00, 0x00,
    0x00, 0x00, 0x00, 0x00, 0x00, 0x00, 0x25, 0x35, 0x00, 0x00, 0x00, 0x0B, 0x00, 0x00, 0x00, 0x08,
    0x00, 0x00, 0x00, 0x08, 0x00, 0x00, 0x00, 0x0E, 0x00, 0x00, 0x00, 0x00, 0x00, 0x00, 0x00, 0x00,
    0x00, 0x00, 0x25, 0x36, 0x00, 0x00, 0x00, 0x0B, 0x00, 0x00, 0x00, 0x08, 0x00, 0x00, 0x00, 0x08,
    0x00, 0x00, 0x00, 0x0E, 0x00, 0x00, 0x00, 0x00, 0x00, 0x00, 0x00, 0x00, 0x00, 0x00, 0x25, 0x37,
    0x00, 0x00, 0x00, 0x0B, 0x00, 0x00, 0x00, 0x08, 0x00, 0x00, 0x00, 0x08, 0x00, 0x00, 0x00, 0x0E,
    0x00, 0x00, 0x00, 0x00, 0x00, 0x00, 0x00, 0x00, 0x00, 0x00, 0x25, 0x38, 0x00, 0x00, 0x00, 0x0A,
    0x00, 0x00, 0x00, 0x08, 0x00, 0x00, 0x00, 0x08, 0x00, 0x00, 0x00, 0x0E, 0x00, 0x00, 0x00, 0x00,
    0x00, 0x00, 0x00, 0x00, 0x00, 0x00, 0x25, 0x39, 0x00, 0x00, 0x00, 0x0B, 0x00, 0x00, 0x00, 0x08,
    0x00, 0x00, 0x00, 0x08, 0x00, 0x00, 0x00, 0x0E, 0x00, 0x00, 0x00, 0x00, 0x00, 0x00, 0x00, 0x00,
    0x00, 0x00, 0x25, 0x3A, 0x00, 0x00, 0x00, 0x0B, 0x00, 0x00, 0x00, 0x08, 0x00, 0x00, 0x00, 0x08,
    0x00, 0x00, 0x00, 0x0E, 0x00, 0x00, 0x00, 0x00, 0x00, 0x00, 0x00, 0x00, 0x00, 0x00, 0x25, 0x3B,
    0x00, 0x00, 0x00, 0x0B, 0x00, 0x00, 0x00, 0x08, 0x00, 0x00, 0x00, 0x08, 0x00, 0x00, 0x00, 0x0E,
    0x00, 0x00, 0x00, 0x00, 0x00, 0x00, 0x00, 0x00, 0x00, 0x00, 0x25, 0x3C, 0x00, 0x00, 0x00, 0x12,
    0x00, 0x00, 0x00, 0x08, 0x00, 0x00, 0x00, 0x08, 0x00, 0x00, 0x00, 0x0E, 0x00, 0x00, 0x00, 0x00,
    0x00, 0x00, 0x00, 0x00, 0x00, 0x00, 0x25, 0x3D, 0x00, 0x00, 0x00, 0x12, 0x00, 0x00, 0x00, 0x08,
    0x00, 0x00, 0x00, 0x08, 0x00, 0x00, 0x00, 0x0E, 0x00, 0x00, 0x00, 0x00, 0x00, 0x00, 0x00, 0x00,
    0x00, 0x00, 0x25, 0x3E, 0x00, 0x00, 0x00, 0x12, 0x00, 0x00, 0x00, 0x08, 0x00, 0x00, 0x00, 0x08,
    0x00, 0x00, 0x00, 0x0E, 0x00, 0x00, 0x00, 0x00, 0x00, 0x00, 0x00, 0x00, 0x00, 0x00, 0x25, 0x3F,
    0x00, 0x00, 0x00, 0x12, 0x00, 0x00, 0x00, 0x08, 0x00, 0x00, 0x00, 0x08, 0x00, 0x00, 0x00, 0x0E,
    0x00, 0x00, 0x00, 0x00, 0x00, 0x00, 0x00, 0x00, 0x00, 0x00, 0x25, 0x40, 0x00, 0x00, 0x00, 0x12,
    0x00, 0x00, 0x00, 0x08, 0x00, 0x00, 0x00, 0x08, 0x00, 0x00, 0x00, 0x0E, 0x00, 0x00, 0x00, 0x00,
    0x00, 0x00, 0x00, 0x00, 0x00, 0x00, 0x25, 0x41, 0x00, 0x00, 0x00, 0x12, 0x00, 0x00, 0x00, 0x08,
    0x00, 0x00, 0x00, 0x08, 0x00, 0x00, 0x00, 0x0E, 0x00, 0x00, 0x00, 0x00, 0x00, 0x00, 0x00, 0x00,
    0x00, 0x00, 0x25, 0x42, 0x00, 0x00, 0x00, 0x12, 0x00, 0x00, 0x00, 0x08, 0x00, 0x00, 0x00, 0x08,
    0x00, 0x00, 0x00, 0x0E, 0x00, 0x00, 0x00, 0x00, 0x00, 0x00, 0x00, 0x00, 0x00, 0x00, 0x25, 0x43,
    0x00, 0x00, 0x00, 0x12, 0x00, 0x00, 0x00, 0x08, 0x00, 0x00, 0x00, 0x08, 0x00, 0x00, 0x00, 0x0E,
    0x00, 0x00, 0x00, 0x00, 0x00, 0x00, 0x00, 0x00, 0x00, 0x00, 0x25, 0x44, 0x00, 0x00, 0x00, 0x12,
    0x00, 0x00, 0x00, 0x08, 0x00, 0x00, 0x00, 0x08, 0x00, 0x00, 0x00, 0x0E, 0x00, 0x00, 0x00, 0x00,
    0x00, 0x00, 0x00, 0x00, 0x00, 0x00, 0x25, 0x45, 0x00, 0x00, 0x00, 0x12, 0x00, 0x00, 0x00, 0x08,
    0x00, 0x00, 0x00, 0x08, 0x00, 0x00, 0x00, 0x0E, 0x00, 0x00, 0x00, 0x00, 0x00, 0x00, 0x00, 0x00,
    0x00, 0x00, 0x25, 0x46, 0x00, 0x00, 0x00, 0x12, 0x00, 0x00, 0x00, 0x08, 0x00, 0x00, 0x00, 0x08,
    0x00, 0x00, 0x00, 0x0E, 0x00, 0x00, 0x00, 0x00, 0x00, 0x00, 0x00, 0x00, 0x00, 0x00, 0x25, 0x47,
    0x00, 0x00, 0x00, 0x12, 0x00, 0x00, 0x00, 0x08, 0x00, 0x00, 0x00, 0x08, 0x00, 0x00, 0x00, 0x0E,
    0x00, 0x00, 0x00, 0x00, 0x00, 0x00, 0x00, 0x00, 0x00, 0x00, 0x25, 0x48, 0x00, 0x00, 0x00, 0x12,
    0x00, 0x00, 0x00, 0x08, 0x00, 0x00, 0x00, 0x08, 0x00, 0x00, 0x00, 0x0E, 0x00, 0x00, 0x00, 0x00,
    0x00, 0x00, 0x00, 0x00, 0x00, 0x00, 0x25, 0x49, 0x00, 0x00, 0x00, 0x12, 0x00, 0x00, 0x00, 0x08,
    0x00, 0x00, 0x00, 0x08, 0x00, 0x00, 0x00, 0x0E, 0x00, 0x00, 0x00, 0x00, 0x00, 0x00, 0x00, 0x00,
    0x00, 0x00, 0x25, 0x4A, 0x00, 0x00, 0x00, 0x12, 0x00, 0x00, 0x00, 0x08, 0x00, 0x00, 0x00, 0x08,
    0x00, 0x00, 0x00, 0x0E, 0x00, 0x00, 0x00, 0x00, 0x00, 0x00, 0x00, 0x00, 0x00, 0x00, 0x25, 0x4B,
    0x00, 0x00, 0x00, 0x12, 0x00, 0x00, 0x00, 0x08, 0x00, 0x00, 0x00, 0x08, 0x00, 0x00, 0x00, 0x0E,
    0x00, 0x00, 0x00, 0x00, 0x00, 0x00, 0x00, 0x00, 0x00, 0x00, 0x25, 0x4C, 0x00, 0x00, 0x00, 0x02,
    0x00, 0x00, 0x00, 0x08, 0x00, 0x00, 0x00, 0x08, 0x00, 0x00, 0x00, 0x06, 0x00, 0x00, 0x00, 0x00,
    0x00, 0x00, 0x00, 0x00, 0x00, 0x00, 0x25, 0x4D, 0x00, 0x00, 0x00, 0x03, 0x00, 0x00, 0x00, 0x08,
    0x00, 0x00, 0x00, 0x08, 0x00, 0x00, 0x00, 0x06, 0x00, 0x00, 0x00, 0x00, 0x00, 0x00, 0x00, 0x00,
    0x00, 0x00, 0x25, 0x4E, 0x00, 0x00, 0x00, 0x0F, 0x00, 0x00, 0x00, 0x02, 0x00, 0x00, 0x00, 0x08,
    0x00, 0x00, 0x00, 0x0C, 0x00, 0x00, 0x00, 0x03, 0x00, 0x00, 0x00, 0x00, 0x00, 0x00, 0x25, 0x4F,
    0x00, 0x00, 0x00, 0x0F, 0x00, 0x00, 0x00, 0x03, 0x00, 0x00, 0x00, 0x08, 0x00, 0x00, 0x00, 0x0C,
    0x00, 0x00, 0x00, 0x03, 0x00, 0x00, 0x00, 0x00, 0x00, 0x00, 0x25, 0x50, 0x00, 0x00, 0x00, 0x04,
    0x00, 0x00, 0x00, 0x08, 0x00, 0x00, 0x00, 0x08, 0x00, 0x00, 0x00, 0x07, 0x00, 0x00, 0x00, 0x00,
    0x00, 0x00, 0x00, 0x00, 0x00, 0x00, 0x25, 0x51, 0x00, 0x00, 0x00, 0x12, 0x00, 0x00, 0x00, 0x05,
    0x00, 0x00, 0x00, 0x08, 0x00, 0x00, 0x00, 0x0E, 0x00, 0x00, 0x00, 0x02, 0x00, 0x00, 0x00, 0x00,
    0x00, 0x00, 0x25, 0x52, 0x00, 0x00, 0x00, 0x0B, 0x00, 0x00, 0x00, 0x05, 0x00, 0x00, 0x00, 0x08,
    0x00, 0x00, 0x00, 0x07, 0x00, 0x00, 0x00, 0x03, 0x00, 0x00, 0x00, 0x00, 0x00, 0x00, 0x25, 0x53,
    0x00, 0x00, 0x00, 0x0A, 0x00, 0x00, 0x00, 0x06, 0x00, 0x00, 0x00, 0x08, 0x00, 0x00, 0x00, 0x06,
    0x00, 0x00, 0x00, 0x02, 0x00, 0x00, 0x00, 0x00, 0x00, 0x00, 0x25, 0x54, 0x00, 0x00, 0x00, 0x0B,
    0x00, 0x00, 0x00, 0x06, 0x00, 0x00, 0x00, 0x08, 0x00, 0x00, 0x00, 0x07, 0x00, 0x00, 0x00, 0x02,
    0x00, 0x00, 0x00, 0x00, 0x00, 0x00, 0x25, 0x55, 0x00, 0x00, 0x00, 0x0B, 0x00, 0x00, 0x00, 0x05,
    0x00, 0x00, 0x00, 0x08, 0x00, 0x00, 0x00, 0x07, 0x00, 0x00, 0x00, 0x00, 0x00, 0x00, 0x00, 0x00,
    0x00, 0x00, 0x25, 0x56, 0x00, 0x00, 0x00, 0x0A, 0x00, 0x00, 0x00, 0x08, 0x00, 0x00, 0x00, 0x08,
    0x00, 0x00, 0x00, 0x06, 0x00, 0x00, 0x00, 0x00, 0x00, 0x00, 0x00, 0x00, 0x00, 0x00, 0x25, 0x57,
    0x00, 0x00, 0x00, 0x0B, 0x00, 0x00, 0x00, 0x07, 0x00, 0x00, 0x00, 0x08, 0x00, 0x00, 0x00, 0x07,
    0x00, 0x00, 0x00, 0x00, 0x00, 0x00, 0x00, 0x00, 0x00, 0x00, 0x25, 0x58, 0x00, 0x00, 0x00, 0x0B,
    0x00, 0x00, 0x00, 0x05, 0x00, 0x00, 0x00, 0x08, 0x00, 0x00, 0x00, 0x0E, 0x00, 0x00, 0x00, 0x03,
    0x00, 0x00, 0x00, 0x00, 0x00, 0x00, 0x25, 0x59, 0x00, 0x00, 0x00, 0x0A, 0x00, 0x00, 0x00, 0x06,
    0x00, 0x00, 0x00, 0x08, 0x00, 0x00, 0x00, 0x0E, 0x00, 0x00, 0x00, 0x02, 0x00, 0x00, 0x00, 0x00,
    0x00, 0x00, 0x25, 0x5A, 0x00, 0x00, 0x00, 0x0B, 0x00, 0x00, 0x00, 0x06, 0x00, 0x00, 0x00, 0x08,
    0x00, 0x00, 0x00, 0x0E, 0x00, 0x00, 0x00, 0x02, 0x00, 0x00, 0x00, 0x00, 0x00, 0x00, 0x25, 0x5B,
    0x00, 0x00, 0x00, 0x0B, 0x00, 0x00, 0x00, 0x05, 0x00, 0x00, 0x00, 0x08, 0x00, 0x00, 0x00, 0x0E,
    0x00, 0x00, 0x00, 0x00, 0x00, 0x00, 0x00, 0x00, 0x00, 0x00, 0x25, 0x5C, 0x00, 0x00, 0x00, 0x0A,
    0x00, 0x00, 0x00, 0x08, 0x00, 0x00, 0x00, 0x08, 0x00, 0x00, 0x00, 0x0E, 0x00, 0x00, 0x00, 0x00,
    0x00, 0x00, 0x00, 0x00, 0x00, 0x00, 0x25, 0x5D, 0x00, 0x00, 0x00, 0x0B, 0x00, 0x00, 0x00, 0x07,
    0x00, 0x00, 0x00, 0x08, 0x00, 0x00, 0x00, 0x0E, 0x00, 0x00, 0x00, 0x00, 0x00, 0x00, 0x00, 0x00,
    0x00, 0x00, 0x25, 0x5E, 0x00, 0x00, 0x00, 0x12, 0x00, 0x00, 0x00, 0x05, 0x00, 0x00, 0x00, 0x08,
    0x00, 0x00, 0x00, 0x0E, 0x00, 0x00, 0x00, 0x03, 0x00, 0x00, 0x00, 0x00, 0x00, 0x00, 0x25, 0x5F,
    0x00, 0x00, 0x00, 0x12, 0x00, 0x00, 0x00, 0x06, 0x00, 0x00, 0x00, 0x08, 0x00, 0x00, 0x00, 0x0E,
    0x00, 0x00, 0x00, 0x02, 0x00, 0x00, 0x00, 0x00, 0x00, 0x00, 0x25, 0x60, 0x00, 0x00, 0x00, 0x12,
    0x00, 0x00, 0x00, 0x06, 0x00, 0x00, 0x00, 0x08, 0x00, 0x00, 0x00, 0x0E, 0x00, 0x00, 0x00, 0x02,
    0x00, 0x00, 0x00, 0x00, 0x00, 0x00, 0x25, 0x61, 0x00, 0x00, 0x00, 0x12, 0x00, 0x00, 0x00, 0x05,
    0x00, 0x00, 0x00, 0x08, 0x00, 0x00, 0x00, 0x0E, 0x00, 0x00, 0x00, 0x00, 0x00, 0x00, 0x00, 0x00,
    0x00, 0x00, 0x25, 0x62, 0x00, 0x00, 0x00, 0x12, 0x00, 0x00, 0x00, 0x07, 0x00, 0x00, 0x00, 0x08,
    0x00, 0x00, 0x00, 0x0E, 0x00, 0x00, 0x00, 0x00, 0x00, 0x00, 0x00, 0x00, 0x00, 0x00, 0x25, 0x63,
    0x00, 0x00, 0x00, 0x12, 0x00, 0x00, 0x00, 0x07, 0x00, 0x00, 0x00, 0x08, 0x00, 0x00, 0x00, 0x0E,
    0x00, 0x00, 0x00, 0x00, 0x00, 0x00, 0x00, 0x00, 0x00, 0x00, 0x25, 0x64, 0x00, 0x00, 0x00, 0x0B,
    0x00, 0x00, 0x00, 0x08, 0x00, 0x00, 0x00, 0x08, 0x00, 0x00, 0x00, 0x07, 0x00, 0x00, 0x00, 0x00,
    0x00, 0x00, 0x00, 0x00, 0x00, 0x00, 0x25, 0x65, 0x00, 0x00, 0x00, 0x0A, 0x00, 0x00, 0x00, 0x08,
    0x00, 0x00, 0x00, 0x08, 0x00, 0x00, 0x00, 0x06, 0x00, 0x00, 0x00, 0x00, 0x00, 0x00, 0x00, 0x00,
    0x00, 0x00, 0x25, 0x66, 0x00, 0x00, 0x00, 0x0B, 0x00, 0x00, 0x00, 0x08, 0x00, 0x00, 0x00, 0x08,
    0x00, 0x00, 0x00, 0x07, 0x00, 0x00, 0x00, 0x00, 0x00, 0x00, 0x00, 0x00, 0x00, 0x00, 0x25, 0x67,
    0x00, 0x00, 0x00, 0x0B, 0x00, 0x00, 0x00, 0x08, 0x00, 0x00, 0x00, 0x08, 0x00, 0x00, 0x00, 0x0E,
    0x00, 0x00, 0x00, 0x00, 0x00, 0x00, 0x00, 0x00, 0x00, 0x00, 0x25, 0x68, 0x00, 0x00, 0x00, 0x0A,
    0x00, 0x00, 0x00, 0x08, 0x00, 0x00, 0x00, 0x08, 0x00, 0x00, 0x00, 0x0E, 0x00, 0x00, 0x00, 0x00,
    0x00, 0x00, 0x00, 0x00, 0x00, 0x00, 0x25, 0x69, 0x00, 0x00, 0x00, 0x0B, 0x00, 0x00, 0x00, 0x08,
    0x00, 0x00, 0x00, 0x08, 0x00, 0x00, 0x00, 0x0E, 0x00, 0x00, 0x00, 0x00, 0x00, 0x00, 0x00, 0x00,
    0x00, 0x00, 0x25, 0x6A, 0x00, 0x00, 0x00, 0x12, 0x00, 0x00, 0x00, 0x08, 0x00, 0x00, 0x00, 0x08,
    0x00, 0x00, 0x00, 0x0E, 0x00, 0x00, 0x00, 0x00, 0x00, 0x00, 0x00, 0x00, 0x00, 0x00, 0x25, 0x6B,
    0x00, 0x00, 0x00, 0x12, 0x00, 0x00, 0x00, 0x08, 0x00, 0x00, 0x00, 0x08, 0x00, 0x00, 0x00, 0x0E,
    0x00, 0x00, 0x00, 0x00, 0x00, 0x00, 0x00, 0x00, 0x00, 0x00, 0x25, 0x6C, 0x00, 0x00, 0x00, 0x12,
    0x00, 0x00, 0x00, 0x08, 0x00, 0x00, 0x00, 0x08, 0x00, 0x00, 0x00, 0x0E, 0x00, 0x00, 0x00, 0x00,
    0x00, 0x00, 0x00, 0x00, 0x00, 0x00, 0x25, 0x6D, 0x00, 0x00, 0x00, 0x0A, 0x00, 0x00, 0x00, 0x05,
    0x00, 0x00, 0x00, 0x08, 0x00, 0x00, 0x00, 0x06, 0x00, 0x00, 0x00, 0x03, 0x00, 0x00, 0x00, 0x00,
    0x00, 0x00, 0x25, 0x6E, 0x00, 0x00, 0x00, 0x0A, 0x00, 0x00, 0x00, 0x05, 0x00, 0x00, 0x00, 0x08,
    0x00, 0x00, 0x00, 0x06, 0x00, 0x00, 0x00, 0x00, 0x00, 0x00, 0x00, 0x00, 0x00, 0x00, 0x25, 0x6F,
    0x00, 0x00, 0x00, 0x0A, 0x00, 0x00, 0x00, 0x05, 0x00, 0x00, 0x00, 0x08, 0x00, 0x00, 0x00, 0x0E,
    0x00, 0x00, 0x00, 0x00, 0x00, 0x00, 0x00, 0x00, 0x00, 0x00, 0x25, 0x70, 0x00, 0x00, 0x00, 0x0A,
    0x00, 0x00, 0x00, 0x05, 0x00, 0x00, 0x00, 0x08, 0x00, 0x00, 0x00, 0x0E, 0x00, 0x00, 0x00, 0x03,
    0x00, 0x00, 0x00, 0x00, 0x00, 0x00, 0x25, 0x71, 0x00, 0x00, 0x00, 0x12, 0x00, 0x00, 0x00, 0x08,
    0x00, 0x00, 0x00, 0x08, 0x00, 0x00, 0x00, 0x0E, 0x00, 0x00, 0x00, 0x00, 0x00, 0x00, 0x00, 0x00,
    0x00, 0x00, 0x25, 0x72, 0x00, 0x00, 0x00, 0x12, 0x00, 0x00, 0x00, 0x08, 0x00, 0x00, 0x00, 0x08,
    0x00, 0x00, 0x00, 0x0E, 0x00, 0x00, 0x00, 0x00, 0x00, 0x00, 0x00, 0x00, 0x00, 0x00, 0x25, 0x73,
    0x00, 0x00, 0x00, 0x12, 0x00, 0x00, 0x00, 0x08, 0x00, 0x00, 0x00, 0x08, 0x00, 0x00, 0x00, 0x0E,
    0x00, 0x00, 0x00, 0x00, 0x00, 0x00, 0x00, 0x00, 0x00, 0x00, 0x25, 0x74, 0x00, 0x00, 0x00, 0x02,
    0x00, 0x00, 0x00, 0x07, 0x00, 0x00, 0x00, 0x08, 0x00, 0x00, 0x00, 0x06, 0x00, 0x00, 0x00, 0x00,
    0x00, 0x00, 0x00, 0x00, 0x00, 0x00, 0x25, 0x75, 0x00, 0x00, 0x00, 0x0A, 0x00, 0x00, 0x00, 0x02,
    0x00, 0x00, 0x00, 0x08, 0x00, 0x00, 0x00, 0x0E, 0x00, 0x00, 0x00, 0x03, 0x00, 0x00, 0x00, 0x00,
    0x00, 0x00, 0x25, 0x76, 0x00, 0x00, 0x00, 0x02, 0x00, 0x00, 0x00, 0x04, 0x00, 0x00, 0x00, 0x08,
    0x00, 0x00, 0x00, 0x06, 0x00, 0x00, 0x00, 0x04, 0x00, 0x00, 0x00, 0x00, 0x00, 0x00, 0x25, 0x77,
    0x00, 0x00, 0x00, 0x09, 0x00, 0x00, 0x00, 0x02, 0x00, 0x00, 0x00, 0x08, 0x00, 0x00, 0x00, 0x05,
    0x00, 0x00, 0x00, 0x03, 0x00, 0x00, 0x00, 0x00, 0x00, 0x00, 0x25, 0x78, 0x00, 0x00, 0x00, 0x03,
    0x00, 0x00, 0x00, 0x07, 0x00, 0x00, 0x00, 0x08, 0x00, 0x00, 0x00, 0x06, 0x00, 0x00, 0x00, 0x00,
    0x00, 0x00, 0x00, 0x00, 0x00, 0x00, 0x25, 0x79, 0x00, 0x00, 0x00, 0x0A, 0x00, 0x00, 0x00, 0x03,
    0x00, 0x00, 0x00, 0x08, 0x00, 0x00, 0x00, 0x0E, 0x00, 0x00, 0x00, 0x03, 0x00, 0x00, 0x00, 0x00,
    0x00, 0x00, 0x25, 0x7A, 0x00, 0x00, 0x00, 0x03, 0x00, 0x00, 0x00, 0x04, 0x00, 0x00, 0x00, 0x08,
    0x00, 0x00, 0x00, 0x06, 0x00, 0x00, 0x00, 0x04, 0x00, 0x00, 0x00, 0x00, 0x00, 0x00, 0x25, 0x7B,
    0x00, 0x00, 0x00, 0x09, 0x00, 0x00, 0x00, 0x03, 0x00, 0x00, 0x00, 0x08, 0x00, 0x00, 0x00, 0x05,
    0x00, 0x00, 0x00, 0x03, 0x00, 0x00, 0x00, 0x00, 0x00, 0x00, 0x25, 0x7C, 0x00, 0x00, 0x00, 0x03,
    0x00, 0x00, 0x00, 0x08, 0x00, 0x00, 0x00, 0x08, 0x00, 0x00, 0x00, 0x06, 0x00, 0x00, 0x00, 0x00,
    0x00, 0x00, 0x00, 0x00, 0x00, 0x00, 0x25, 0x7D, 0x00, 0x00, 0x00, 0x12, 0x00, 0x00, 0x00, 0x03,
    0x00, 0x00, 0x00, 0x08, 0x00, 0x00, 0x00, 0x0E, 0x00, 0x00, 0x00, 0x03, 0x00, 0x00, 0x00, 0x00,
    0x00, 0x00, 0x25, 0x7E, 0x00, 0x00, 0x00, 0x03, 0x00, 0x00, 0x00, 0x08, 0x00, 0x00, 0x00, 0x08,
    0x00, 0x00, 0x00, 0x06, 0x00, 0x00, 0x00, 0x00, 0x00, 0x00, 0x00, 0x00, 0x00, 0x00, 0x25, 0x7F,
    0x00, 0x00, 0x00, 0x12, 0x00, 0x00, 0x00, 0x03, 0x00, 0x00, 0x00, 0x08, 0x00, 0x00, 0x00, 0x0E,
    0x00, 0x00, 0x00, 0x03, 0x00, 0x00, 0x00, 0x00, 0x00, 0x00, 0x25, 0xA0, 0x00, 0x00, 0x00, 0x09,
    0x00, 0x00, 0x00, 0x08, 0x00, 0x00, 0x00, 0x08, 0x00, 0x00, 0x00, 0x08, 0x00, 0x00, 0x00, 0x00,
    0x00, 0x00, 0x00, 0x00, 0x00, 0x00, 0x25, 0xA1, 0x00, 0x00, 0x00, 0x09, 0x00, 0x00, 0x00, 0x08,
    0x00, 0x00, 0x00, 0x08, 0x00, 0x00, 0x00, 0x08, 0x00, 0x00, 0x00, 0x00, 0x00, 0x00, 0x00, 0x00,
    0x00, 0x00, 0x25, 0xB2, 0x00, 0x00, 0x00, 0x09, 0x00, 0x00, 0x00, 0x08, 0x00, 0x00, 0x00, 0x08,
    0x00, 0x00, 0x00, 0x08, 0x00, 0x00, 0x00, 0x00, 0x00, 0x00, 0x00, 0x00, 0x00, 0x00, 0x25, 0xB6,
    0x00, 0x00, 0x00, 0x09, 0x00, 0x00, 0x00, 0x08, 0x00, 0x00, 0x00, 0x08, 0x00, 0x00, 0x00, 0x08,
    0x00, 0x00, 0x00, 0x00, 0x00, 0x00, 0x00, 0x00, 0x00, 0x00, 0x25, 0xBC, 0x00, 0x00, 0x00, 0x09,
    0x00, 0x00, 0x00, 0x08, 0x00, 0x00, 0x00, 0x08, 0x00, 0x00, 0x00, 0x08, 0x00, 0x00, 0x00, 0x00,
    0x00, 0x00, 0x00, 0x00, 0x00, 0x00, 0x25, 0xC0, 0x00, 0x00, 0x00, 0x09, 0x00, 0x00, 0x00, 0x08,
    0x00, 0x00, 0x00, 0x08, 0x00, 0x00, 0x00, 0x08, 0x00, 0x00, 0x00, 0x00, 0x00, 0x00, 0x00, 0x00,
    0x00, 0x00, 0x25, 0xC6, 0x00, 0x00, 0x00, 0x09, 0x00, 0x00, 0x00, 0x08, 0x00, 0x00, 0x00, 0x08,
    0x00, 0x00, 0x00, 0x08, 0x00, 0x00, 0x00, 0x00, 0x00, 0x00, 0x00, 0x00, 0x00, 0x00, 0x25, 0xC7,
    0x00, 0x00, 0x00, 0x09, 0x00, 0x00, 0x00, 0x08, 0x00, 0x00, 0x00, 0x08, 0x00, 0x00, 0x00, 0x08,
    0x00, 0x00, 0x00, 0x00, 0x00, 0x00, 0x00, 0x00, 0x00, 0x00, 0x25, 0xCB, 0x00, 0x00, 0x00, 0x09,
    0x00, 0x00, 0x00, 0x08, 0x00, 0x00, 0x00, 0x08, 0x00, 0x00, 0x00, 0x08, 0x00, 0x00, 0x00, 0x00,
    0x00, 0x00, 0x00, 0x00, 0x00, 0x00, 0x25, 0xCF, 0x00, 0x00, 0x00, 0x09, 0x00, 0x00, 0x00, 0x08,
    0x00, 0x00, 0x00, 0x08, 0x00, 0x00, 0x00, 0x08, 0x00, 0x00, 0x00, 0x00, 0x00, 0x00, 0x00, 0x00,
    0x00, 0x00, 0x26, 0x10, 0x00, 0x00, 0x00, 0x08, 0x00, 0x00, 0x00, 0x08, 0x00, 0x00, 0x00, 0x08,
    0x00, 0x00, 0x00, 0x08, 0x00, 0x00, 0x00, 0x00, 0x00, 0x00, 0x00, 0x00, 0x00, 0x00, 0x26, 0x11,
    0x00, 0x00, 0x00, 0x09, 0x00, 0x00, 0x00, 0x08, 0x00, 0x00, 0x00, 0x08, 0x00, 0x00, 0x00, 0x08,
    0x00, 0x00, 0x00, 0x00, 0x00, 0x00, 0x00, 0x00, 0x00, 0x00, 0x26, 0x99, 0x00, 0x00, 0x00, 0x09,
    0x00, 0x00, 0x00, 0x08, 0x00, 0x00, 0x00, 0x08, 0x00, 0x00, 0x00, 0x09, 0x00, 0x00, 0x00, 0x00,
    0x00, 0x00, 0x00, 0x00, 0x00, 0x00, 0x27, 0x13, 0x00, 0x00, 0x00, 0x07, 0x00, 0x00, 0x00, 0x07,
    0x00, 0x00, 0x00, 0x08, 0x00, 0x00, 0x00, 0x08, 0x00, 0x00, 0x00, 0x01, 0x00, 0x00, 0x00, 0x00,
    0x00, 0x00, 0x27, 0x17, 0x00, 0x00, 0x00, 0x0A, 0x00, 0x00, 0x00, 0x08, 0x00, 0x00, 0x00, 0x08,
    0x00, 0x00, 0x00, 0x09, 0x00, 0x00, 0x00, 0x00, 0x00, 0x00, 0x00, 0x00, 0x00, 0x00, 0x27, 0x18,
    0x00, 0x00, 0x00, 0x0B, 0x00, 0x00, 0x00, 0x08, 0x00, 0x00, 0x00, 0x08, 0x00, 0x00, 0x00, 0x0A,
    0x00, 0x00, 0x00, 0x00, 0x00, 0x00, 0x00, 0x00, 0x00, 0x00, 0x2B, 0x07, 0x00, 0x00, 0x00, 0x08,
    0x00, 0x00, 0x00, 0x06, 0x00, 0x00, 0x00, 0x08, 0x00, 0x00, 0x00, 0x09, 0x00, 0x00, 0x00, 0x01,
    0x00, 0x00, 0x00, 0x00, 0x00, 0x5A, 0xFF, 0xE4, 0x00, 0x94, 0xFF, 0xB2, 0x00, 0xAC, 0xFF, 0x9A,
    0x00, 0xCF, 0xFF, 0x4F, 0x00, 0xD7, 0xFF, 0x03, 0x00, 0xDE, 0xD5, 0x00, 0x00, 0xE6, 0x99, 0x00,
    0x1B, 0xB7, 0x39, 0x00, 0xDA, 0xFF, 0xA8, 0x00, 0xC3, 0xFF, 0x52, 0x00, 0xA2, 0xFF, 0x7E, 0x00,
    0xFF, 0xFF, 0xA2, 0xFF, 0x7E, 0x00, 0xFF, 0xFF, 0xA2, 0xFF, 0x7E, 0x00, 0xFF, 0xFF, 0x8A, 0xFF,
    0x6C, 0x00, 0xFC, 0xE3, 0x00, 0x00, 0x01, 0xD0, 0x9E, 0x96, 0xA8, 0x00, 0x00, 0x00, 0x27, 0xE0,
    0x6B, 0xC6, 0x53, 0x00, 0x00, 0x4C, 0xFF, 0xFF, 0xFF, 0xFF, 0xFF, 0xAD, 0x00, 0x48, 0xCA, 0xFF,
    0xB2, 0xFF, 0xA6, 0x43, 0x00, 0x00, 0x71, 0xBE, 0x43, 0xD1, 0x0B, 0x00, 0x00, 0x04, 0x93, 0x9C,
    0x80, 0xA6, 0x06, 0x00, 0x0E, 0xFF, 0xFF, 0xFF, 0xFF, 0xFF, 0xDA, 0x00, 0x1D, 0xA6, 0xFF, 0xB2,
    0xFF, 0xCA, 0x62, 0x00, 0x00, 0x10, 0xE6, 0x2D, 0xEF, 0x49, 0x00, 0x00, 0x00, 0x46, 0xCC, 0x66,
    0xE2, 0x2D, 0x00, 0x00, 0x00, 0x00, 0x00, 0x00, 0xB1, 0xFF, 0x03, 0x00, 0x00, 0x00, 0x00, 0x42,
    0xFF, 0xFF, 0x52, 0x04, 0x00, 0x03, 0xCD, 0xFF, 0xFF, 0xFF, 0xFF, 0x90, 0x00, 0x91, 0xFF, 0xC1,
    0xFF, 0x6F, 0xBB, 0x3C, 0x00, 0xBE, 0xFF, 0x60, 0xFF, 0x00, 0x00, 0x00, 0x00, 0x9F, 0xFF, 0xFF,
    0xFF, 0x6A, 0x00, 0x00, 0x00, 0x03, 0xB7, 0xFF, 0xFF, 0xFF, 0xAB, 0x00, 0x00, 0x00, 0x00, 0xAF,
    0xB7, 0xFF, 0xFF, 0x01, 0x4F, 0x28, 0x00, 0xEB, 0x30, 0xFF, 0xFF, 0x00, 0xBE, 0xFF, 0xF5, 0xFF,
    0xFF, 0xFF, 0xAB, 0x00, 0x72, 0xE2, 0xFF, 0xFF, 0xF2, 0x81, 0x00, 0x00, 0x00, 0x00, 0xCE, 0xFF,
    0x00, 0x00, 0x00, 0x00, 0x00, 0x00, 0xFF, 0xDA, 0x00, 0x00, 0x00, 0x00, 0xA3, 0xFB, 0xE8, 0x30,
    0x00, 0x00, 0x00, 0x00, 0xD2, 0x6D, 0xC7, 0xC7, 0x00, 0x00, 0x00, 0x00, 0xCC, 0x3A, 0xA0, 0xDA,
    0x00, 0x07, 0x2A, 0x37, 0xC0, 0xFF, 0xFF, 0x5D, 0x8B, 0xE9, 0xCC, 0x5D, 0x08, 0x68, 0xBE, 0xFC,
    0xBC, 0x48, 0x00, 0x00, 0xDC, 0xF5, 0xA0, 0x77, 0xFF, 0xEF, 0x74, 0x00, 0x60, 0x10, 0x0B, 0xF0,
    0xAB, 0x85, 0xCD, 0x5E, 0x00, 0x00, 0x38, 0xF3, 0x04, 0x2B, 0xD2, 0xAC, 0x00, 0x00, 0x11, 0xF0,
    0xA7, 0x80, 0xCD, 0x5E, 0x00, 0x00, 0x00, 0x6E, 0xFF, 0xF3, 0x82, 0x00, 0x00, 0x00, 0x08, 0x96,
    0xFF, 0xFF, 0x48, 0x00, 0x00, 0x00, 0x58, 0xF5, 0xE8, 0xE5, 0x22, 0x00, 0x00, 0x00, 0x70, 0xFF,
    0x14, 0x00, 0x00, 0x00, 0x00, 0x00, 0x6C, 0xFE, 0x75, 0x00, 0x00, 0x00, 0x00, 0x0C, 0xD7, 0xFF,
    0xD1, 0x20, 0x90, 0x27, 0x00, 0xBF, 0xAD, 0xB7, 0xEC, 0xA7, 0xFA, 0x37, 0x0D, 0xFE, 0x89, 0x3E,
    0xFF, 0xFF, 0xFF, 0x00, 0x2E, 0xFF, 0x96, 0x03, 0xF1, 0xFF, 0x62, 0x00, 0x0B, 0xFF, 0xFF, 0xE3,
    0xFF, 0xFF, 0x10, 0x00, 0x00, 0x64, 0xFF, 0xFF, 0xC3, 0xFF, 0x68, 0x00, 0xD7, 0xFF, 0x1E, 0xD7,
    0xFF, 0x1E, 0xD7, 0xFF, 0x1E, 0xB7, 0xFF, 0x19, 0x00, 0x00, 0x00, 0x1E, 0xFF, 0xCB, 0x00, 0x00,
    0x03, 0xE7, 0xFF, 0x1B, 0x00, 0x00, 0x99, 0xFF, 0x94, 0x00, 0x00, 0x10, 0xFF, 0xFF, 0x09, 0x00,
    0x00, 0x94, 0xFF, 0xBD, 0x00, 0x00, 0x00, 0xE6, 0xFF, 0x4B, 0x00, 0x00, 0x00, 0xFF, 0xFF, 0x01,
    0x00, 0x00, 0x10, 0xFF, 0xFF, 0x00, 0x00, 0x00, 0x18, 0xFF, 0xFF, 0x00, 0x00, 0x00, 0x01, 0xFF,
    0xFF, 0x00, 0x00, 0x00, 0x00, 0xEB, 0xFF, 0x0A, 0x00, 0x00, 0x00, 0xA0, 0xFF, 0x5A, 0x00, 0x00,
    0x00, 0x12, 0xBE, 0x58, 0x00, 0x00, 0x00, 0x00, 0x00, 0xF8, 0xFF, 0x00, 0x00, 0x00, 0x00, 0xA1,
    0xFF, 0x4F, 0x00, 0x00, 0x00, 0x79, 0xFF, 0xB8, 0x00, 0x00, 0x00, 0x52, 0xFF, 0xD0, 0x00, 0x00,
    0x00, 0x42, 0xFF, 0xE3, 0x00, 0x00, 0x00, 0x69, 0xFF, 0xC8, 0x00, 0x00, 0x00, 0xA3, 0xFF, 0xBB,
    0x00, 0x00, 0x00, 0xE4, 0xFF, 0x48, 0x00, 0x00, 0x1F, 0xFF, 0xFF, 0x00, 0x00, 0x00, 0xA8, 0xFF,
    0x72, 0x00, 0x00, 0x24, 0xFF, 0xE4, 0x00, 0x00, 0x00, 0xDA, 0xFF, 0x1F, 0x00, 0x00, 0x22, 0xA0,
    0x4B, 0x00, 0x00, 0x00, 0x00, 0x00, 0x00, 0x70, 0xD8, 0x00, 0x00, 0x00, 0x00, 0x00, 0x00, 0x82,
    0xE8, 0x00, 0x00, 0x00, 0x24, 0xFA, 0xAB, 0xBB, 0xFF, 0x78, 0xD0, 0xAB, 0x01, 0x73, 0xEE, 0xFF,
    0xFF, 0xFF, 0xB8, 0x1C, 0x00, 0x00, 0x2B, 0xFF, 0xFF, 0xB4, 0x00, 0x00, 0x00, 0x00, 0xDF, 0xCD,
    0x61, 0xFF, 0x36, 0x00, 0x00, 0x4E, 0xFF, 0x12, 0x00, 0xA1, 0xC0, 0x00, 0x00, 0x00, 0x10, 0x00,
    0x00, 0x04, 0x0C, 0x00, 0x00, 0x00, 0x00, 0x94, 0xD2, 0x07, 0x00, 0x00, 0x00, 0x00, 0x00, 0xBE,
    0xFF, 0x0C, 0x00, 0x00, 0x00, 0x00, 0x00, 0xBE, 0xFF, 0x0C, 0x00, 0x00, 0x88, 0xD2, 0xD2, 0xFF,
    0xFF, 0xD4, 0xD2, 0xCA, 0xAF, 0xFF, 0xFF, 0xFF, 0xFF, 0xFF, 0xFF, 0xFF, 0x00, 0x00, 0x00, 0xBE,
    0xFF, 0x0C, 0x00, 0x00, 0x00, 0x00, 0x00, 0xBE, 0xFF, 0x0C, 0x00, 0x00, 0x00, 0x00, 0x00, 0xBE,
    0xFF, 0x0C, 0x00, 0x00, 0x00, 0x27, 0x5D, 0x00, 0x00, 0xFF, 0xFF, 0x7F, 0x00, 0xDF, 0xFF, 0xA8,
    0x00, 0x00, 0xFC, 0x9C, 0x04, 0xA2, 0xFF, 0x16, 0x55, 0xFC, 0x40, 0x00, 0x00, 0x00, 0x00, 0x00,
    0x00, 0x06, 0x06, 0x06, 0x06, 0x06, 0x00, 0x7F, 0xFF, 0xFF, 0xFF, 0xFF, 0xFF, 0x1B, 0xA5, 0xFF,
    0xFF, 0xFF, 0xFF, 0xFF, 0x00, 0x00, 0x6D, 0xB2, 0x09, 0x00, 0xFF, 0xFF, 0x84, 0x00, 0xD9, 0xFF,
    0x39, 0x00, 0x00, 0x00, 0x00, 0x00, 0x07, 0xFF, 0xCA, 0x00, 0x00, 0x00, 0x00, 0x00, 0x99, 0xFF,
    0x36, 0x00, 0x00, 0x00, 0x00, 0x09, 0xFF, 0xC5, 0x00, 0x00, 0x00, 0x00, 0x00, 0x9D, 0xFF, 0x31,
    0x00, 0x00, 0x00, 0x00, 0x0A, 0xFF, 0xC0, 0x00, 0x00, 0x00, 0x00, 0x00, 0xA2, 0xFF, 0x2D, 0x00,
    0x00, 0x00, 0x00, 0x0C, 0xFF, 0xBB, 0x00, 0x00, 0x00, 0x00, 0x00, 0xA6, 0xFF, 0x2A, 0x00, 0x00,
    0x00, 0x00, 0x0D, 0xFF, 0xB6, 0x00, 0x00, 0x00, 0x00, 0x00, 0xA9, 0xFF, 0x25, 0x00, 0x00, 0x00,
    0x00, 0x0F, 0xFF, 0xB1, 0x00, 0x00, 0x00, 0x00, 0x00, 0x3F, 0xA0, 0x21, 0x00, 0x00, 0x00, 0x00,
    0x00, 0x00, 0x09, 0x8E, 0xFA, 0xFF, 0xD6, 0x32, 0x00, 0x01, 0x9D, 0xFA, 0xAD, 0xA0, 0xFF, 0xAF,
    0x00, 0x47, 0xD7, 0xB4, 0xB8, 0x58, 0xC5, 0xB9, 0x1F, 0x84, 0xF9, 0x48, 0xF1, 0x65, 0xB9, 0xC1,
    0x37, 0x96, 0xD8, 0x7B, 0xF6, 0x27, 0xC2, 0xB7, 0x18, 0xB6, 0xBA, 0x9C, 0xF4, 0x10, 0xFD, 0xAF,
    0x00, 0xC4, 0x9A, 0x74, 0x7C, 0x3B, 0xF1, 0x7D, 0x00, 0xBD, 0xA3, 0x17, 0x00, 0xC5, 0xDC, 0x2D,
    0x00, 0x9A, 0xFF, 0xA7, 0xBC, 0xFA, 0x90, 0x00, 0x00, 0x3D, 0xD1, 0xFF, 0xFF, 0x98, 0x01, 0x00,
    0x00, 0x00, 0x00, 0x00, 0x52, 0xFF, 0xFF, 0x97, 0x00, 0x00, 0xA6, 0xFF, 0xFF, 0xFF, 0x4B, 0x00,
    0x1E, 0xFF, 0xA2, 0xFF, 0xFF, 0x09, 0x00, 0x00, 0x15, 0x49, 0xFF, 0xFF, 0x00, 0x00, 0x00, 0x00,
    0x93, 0xFF, 0xBE, 0x00, 0x00, 0x00, 0x00, 0xB7, 0xFF, 0x97, 0x00, 0x00, 0x00, 0x00, 0xF6, 0xFF,
    0x4B, 0x00, 0x00, 0x00, 0x03, 0xFF, 0xFF, 0x07, 0x00, 0x88, 0xFF, 0xFF, 0xFF, 0xFF, 0xFF, 0xE7,
    0xC3, 0xFF, 0xFF, 0xFF, 0xFF, 0xFF, 0xE6, 0x00, 0x00, 0x2E, 0xDA, 0xFF, 0xFF, 0xA7, 0x10, 0x00,
    0x00, 0x84, 0xF7, 0xD8, 0xF9, 0xF5, 0xB2, 0x00, 0x00, 0x26, 0x08, 0x00, 0x69, 0xFA, 0xDA, 0x00,
    0x00, 0x00, 0x00, 0x00, 0xB0, 0xEE, 0x78, 0x00, 0x00, 0x00, 0x00, 0x6F, 0xF5, 0xA7, 0x00, 0x00,
    0x00, 0x00, 0x3F, 0xDE, 0xCB, 0x04, 0x00, 0x00, 0x00, 0x25, 0xE2, 0xD1, 0x17, 0x00, 0x00, 0x00,
    0x1A, 0xF7, 0xC2, 0x23, 0x00, 0x00, 0x00, 0x00, 0xDF, 0xFF, 0xFF, 0xFF, 0xFF, 0x99, 0x00, 0x17,
    0xE4, 0xFF, 0xFF, 0xFF, 0xFF, 0x83, 0x00, 0x00, 0x00, 0x32, 0xED, 0xFF, 0xFF, 0xA2, 0x0C, 0x00,
    0x00, 0x82, 0xFE, 0xF5, 0xFD, 0xF3, 0xA2, 0x00, 0x00, 0x04, 0x00, 0x00, 0x86, 0xF5, 0xAF, 0x00,
    0x00, 0x0B, 0x97, 0xFF, 0xFF, 0xAF, 0x13, 0x00, 0x00, 0x16, 0xCF, 0xFF, 0xFF, 0x4D, 0x00, 0x00,
    0x00, 0x00, 0x02, 0x48, 0xED, 0xDF, 0x00, 0x00, 0x00, 0x00, 0x00, 0x00, 0xDF, 0xE0, 0x06, 0x00,
    0x4A, 0x03, 0x00, 0x44, 0xED, 0xDF, 0x00, 0x09, 0xE1, 0xFF, 0xFF, 0xFF, 0xFF, 0x76, 0x00, 0x15,
    0xBA, 0xFF, 0xFF, 0xF6, 0x82, 0x00, 0x00, 0x00, 0x00, 0x00, 0x00, 0x15, 0xFF, 0xFF, 0xB0, 0x00,
    0x00, 0x00, 0x06, 0xE7, 0xFF, 0xFF, 0x85, 0x00, 0x00, 0x00, 0xBF, 0xFF, 0xFF, 0xFF, 0x37, 0x00,
    0x00, 0xB1, 0xFF, 0x52, 0xFF, 0xFF, 0x01, 0x00, 0x7C, 0xFF, 0x70, 0x42, 0xFF, 0xEC, 0x00, 0x4E,
    0xFF, 0x9C, 0x00, 0x8E, 0xFF, 0xAB, 0x00, 0xC5, 0xFF, 0xFF, 0xFF, 0xFF, 0xFF, 0xFF, 0xB1, 0xC3,
    0xF5, 0xF5, 0xF5, 0xFF, 0xFF, 0xFB, 0x55, 0x00, 0x00, 0x00, 0x01, 0xFF, 0xFF, 0x03, 0x00, 0x00,
    0x00, 0x00, 0x3A, 0xFF, 0xFA, 0x00, 0x00, 0x00, 0x00, 0xFA, 0xFF, 0xFF, 0xFF, 0xFF, 0xF7, 0x00,
    0x07, 0xFF, 0xFF, 0xFF, 0xFF, 0xFF, 0xB8, 0x00, 0x4E, 0xFF, 0xA3, 0x00, 0x00, 0x00, 0x00, 0x00,
    0x9F, 0xFF, 0xFF, 0xFF, 0xE2, 0x34, 0x00, 0x00, 0xC8, 0xFF, 0xEC, 0xFF, 0xFF, 0xFF, 0x00, 0x00,
    0x1B, 0x00, 0x00, 0x24, 0xFF, 0xFF, 0x28, 0x00, 0x00, 0x00, 0x00, 0x00, 0xFF, 0xFF, 0x36, 0x2B,
    0x00, 0x00, 0x00, 0x7E, 0xFF, 0xFF, 0x01, 0xF2, 0xFF, 0xF0, 0xFF, 0xFF, 0xFF, 0x7E, 0x00, 0xC4,
    0xFF, 0xFF, 0xFF, 0xE3, 0x5D, 0x00, 0x00, 0x00, 0x00, 0x00, 0x84, 0xF5, 0xFF, 0xFF, 0xDA, 0x00,
    0x00, 0xA6, 0xFF, 0xFF, 0xE1, 0xED, 0xE3, 0x00, 0x5B, 0xFF, 0xE8, 0x12, 0x00, 0x00, 0x01, 0x00,
    0xE3, 0xFF, 0xC1, 0xFF, 0xFF, 0xA6, 0x00, 0x12, 0xFF, 0xFF, 0xFF, 0xE6, 0xFF, 0xFF, 0x48, 0x5A,
    0xFF, 0xFF, 0x2B, 0x00, 0xC4, 0xFF, 0x9D, 0x7B, 0xFF, 0xDD, 0x00, 0x00, 0xC5, 0xFF, 0x9D, 0x6A,
    0xFF, 0xEB, 0x00, 0x1F, 0xFF, 0xFF, 0x3D, 0x13, 0xFF, 0xFF, 0xF0, 0xFF, 0xFF, 0xBB, 0x00, 0x00,
    0x52, 0xF6, 0xFF, 0xFF, 0xAA, 0x07, 0x00, 0x42, 0xD4, 0xFF, 0xFF, 0xFF, 0xFF, 0xD0, 0x67, 0x54,
    0xDE, 0xFF, 0xFF, 0xFF, 0xFF, 0xB6, 0x16, 0x00, 0x00, 0x00, 0x00, 0xD5, 0xEE, 0x72, 0x00, 0x00,
    0x00, 0x00, 0x61, 0xFF, 0xD0, 0x03, 0x00, 0x00, 0x00, 0x08, 0xF0, 0xF5, 0x49, 0x00, 0x00, 0x00,
    0x00, 0x9A, 0xFB, 0xBC, 0x00, 0x00, 0x00, 0x00, 0x24, 0xD9, 0xFF, 0x20, 0x00, 0x00, 0x00, 0x00,
    0x9D, 0xFA, 0xA9, 0x00, 0x00, 0x00, 0x00, 0x47, 0xD7, 0xFF, 0x14, 0x00, 0x00, 0x00, 0x00, 0x98,
    0xFF, 0x77, 0x05, 0x00, 0x00, 0x00, 0x00, 0x00, 0x00, 0x52, 0xE3, 0xFF, 0xFF, 0xD5, 0x1F, 0x00,
    0x3D, 0xFF, 0xFF, 0xDC, 0xFF, 0xFF, 0xC5, 0x00, 0xA0, 0xFF, 0x9A, 0x00, 0x22, 0xFF, 0xD4, 0x00,
    0x37, 0xFF, 0xFF, 0xD9, 0xFF, 0xFF, 0x39, 0x00, 0x46, 0xED, 0xFF, 0xFF, 0xFF, 0x60, 0x00, 0x21,
    0xFF, 0xFA, 0x2A, 0x37, 0xFF, 0xFF, 0x01, 0xA9, 0xFF, 0x73, 0x00, 0x00, 0xE8, 0xFF, 0x19, 0xA3,
    0xFF, 0x91, 0x00, 0x21, 0xFF, 0xFF, 0x00, 0x67, 0xFF, 0xFF, 0xDF, 0xFF, 0xFF, 0xBD, 0x00, 0x00,
    0xA2, 0xFF, 0xFF, 0xFF, 0x96, 0x01, 0x00, 0x00, 0x00, 0x82, 0xFF, 0xFF, 0xFF, 0xAE, 0x00, 0x00,
    0x93, 0xFF, 0xFF, 0xE6, 0xFF, 0xFF, 0x7C, 0x00, 0xFF, 0xFF, 0x4F, 0x00, 0x79, 0xFF, 0xC3, 0x12,
    0xFF, 0xFF, 0x01, 0x00, 0xAB, 0xFF, 0xD9, 0x00, 0xFF, 0xFF, 0xF7, 0xF0, 0xFF, 0xFF, 0xB9, 0x00,
    0x58, 0xFF, 0xFF, 0xE4, 0xFF, 0xFF, 0x91, 0x00, 0x00, 0x00, 0x00, 0x1C, 0xFF, 0xFF, 0x1C, 0x21,
    0x07, 0x00, 0x09, 0xD8, 0xFF, 0xB6, 0x00, 0xA6, 0xFF, 0xE1, 0xFF, 0xFF, 0xFF, 0x19, 0x00, 0x9A,
    0xFF, 0xFF, 0xFF, 0xAD, 0x18, 0x00, 0x00, 0x00, 0xAA, 0xFF, 0x54, 0x01, 0xFF, 0xFF, 0x8B, 0x00,
    0xA0, 0xB5, 0x09, 0x00, 0x00, 0x00, 0x00, 0x00, 0x00, 0x00, 0x00, 0x40, 0xD7, 0x5D, 0x00, 0xE6,
    0xFF, 0xC6, 0x00, 0xB4, 0xFF, 0x5B, 0x00, 0x00, 0x00, 0xCE, 0xFF, 0x49, 0x00, 0x2A, 0xFF, 0xFF,
    0x87, 0x00, 0x01, 0xAC, 0xA7, 0x06, 0x00, 0x00, 0x00, 0x00, 0x00, 0x00, 0x00, 0x00, 0x00, 0x00,
    0x00, 0x34, 0xA8, 0x40, 0x00, 0x00, 0xEE, 0xFF, 0xE2, 0x00, 0x00, 0xBC, 0xFF, 0xDA, 0x00, 0x00,
    0x03, 0xFF, 0x9A, 0x00, 0x0A, 0xBE, 0xFF, 0x07, 0x00, 0xD5, 0xE1, 0x21, 0x00, 0x00, 0x16, 0x00,
    0x00, 0x00, 0x00, 0x00, 0x00, 0x00, 0x00, 0x00, 0x00, 0x00, 0x10, 0x00, 0x00, 0x00, 0x00, 0x00,
    0x5E, 0xCF, 0xFF, 0x00, 0x00, 0x1B, 0xA9, 0xFF, 0xFF, 0xFF, 0xBC, 0x34, 0xCB, 0xFF, 0xFF, 0xF8,
    0x9F, 0x1B, 0x00, 0x96, 0xFF, 0xFF, 0x54, 0x00, 0x00, 0x00, 0x00, 0x40, 0xE4, 0xFF, 0xFF, 0xDC,
    0x7C, 0x0A, 0x00, 0x00, 0x00, 0x2E, 0xA3, 0xFF, 0xFF, 0xFF, 0xA7, 0x00, 0x00, 0x00, 0x00, 0x04,
    0x76, 0xE2, 0xFF, 0x00, 0x00, 0x00, 0x00, 0x00, 0x00, 0x00, 0x19, 0x96, 0xFF, 0xFF, 0xFF, 0xFF,
    0xFF, 0xFF, 0xFF, 0x60, 0xCD, 0xCD, 0xCD, 0xCD, 0xCD, 0xCD, 0xA8, 0x00, 0x00, 0x00, 0x00, 0x00,
    0x00, 0x00, 0x00, 0x61, 0xD2, 0xD2, 0xD2, 0xD2, 0xD2, 0xD2, 0xAD, 0x96, 0xFF, 0xFF, 0xFF, 0xFF,
    0xFF, 0xFF, 0xFF, 0x0F, 0x00, 0x00, 0x00, 0x00, 0x00, 0x00, 0x00, 0x96, 0xFF, 0xA2, 0x16, 0x00,
    0x00, 0x00, 0x00, 0x5E, 0xFF, 0xFF, 0xFF, 0xC5, 0x52, 0x00, 0x00, 0x00, 0x01, 0x61, 0xC6, 0xFF,
    0xFF, 0xFF, 0x8D, 0x00, 0x00, 0x00, 0x00, 0x12, 0xC4, 0xFF, 0xFF, 0x00, 0x00, 0x40, 0xAA, 0xFF,
    0xFF, 0xFF, 0xA6, 0x52, 0xFF, 0xFF, 0xFF, 0xDC, 0x6F, 0x03, 0x00, 0x96, 0xFF, 0xBA, 0x25, 0x00,
    0x00, 0x00, 0x00, 0x16, 0x03, 0x00, 0x00, 0x00, 0x00, 0x00, 0x00, 0x64, 0xE8, 0xFF, 0xF7, 0x77,
    0x00, 0xC2, 0xCB, 0x97, 0xFF, 0xCD, 0x36, 0x13, 0x02, 0x00, 0xA7, 0xD2, 0x49, 0x00, 0x00, 0x1E,
    0xFF, 0xC0, 0x03, 0x00, 0x2B, 0xEE, 0xED, 0x1E, 0x00, 0x08, 0xC3, 0xF1, 0x11, 0x00, 0x00, 0x4A,
    0xDF, 0x50, 0x00, 0x00, 0x00, 0x2F, 0x97, 0x12, 0x00, 0x00, 0x00, 0x1B, 0x42, 0x06, 0x00, 0x00,
    0x00, 0x9C, 0xFF, 0x29, 0x00, 0x00, 0x00, 0x9B, 0xEB, 0x13, 0x00, 0x00, 0x00, 0x00, 0x00, 0x00,
    0x00, 0x02, 0x04, 0x00, 0x00, 0x00, 0x00, 0x0B, 0x97, 0xFF, 0xFF, 0x8C, 0x00, 0x00, 0x02, 0x83,
    0xFF, 0xA3, 0x9C, 0xFB, 0x36, 0x00, 0x0F, 0xF2, 0x50, 0x01, 0x03, 0xEF, 0x8B, 0x00, 0x78, 0xB5,
    0x43, 0xFD, 0xF7, 0xFE, 0x75, 0x00, 0xD8, 0x84, 0xD0, 0xDA, 0xB8, 0xFE, 0x2E, 0x00, 0xF9, 0x8B,
    0xE3, 0x25, 0x58, 0xF9, 0x00, 0x0C, 0xF5, 0x81, 0xEE, 0x00, 0x6A, 0xEE, 0x00, 0x13, 0xF5, 0x6E,
    0xE6, 0x98, 0xD4, 0xBB, 0x00, 0x02, 0xF9, 0x57, 0xAB, 0xFC, 0xF7, 0x9B, 0x00, 0x00, 0xE3, 0x90,
    0x00, 0x00, 0x00, 0x00, 0x00, 0x00, 0x5D, 0xE8, 0x58, 0x3C, 0x89, 0x09, 0x00, 0x00, 0x07, 0xB2,
    0xFF, 0xFF, 0xCA, 0x0A, 0x00, 0x00, 0x00, 0x03, 0x3C, 0x48, 0x09, 0x00, 0x00, 0x00, 0x00, 0x00,
    0x24, 0xC4, 0xFF, 0x9E, 0x00, 0x00, 0x00, 0x00, 0x57, 0xF7, 0xFF, 0x9A, 0x00, 0x00, 0x00, 0x0A,
    0x90, 0xEB, 0xFB, 0xB0, 0x00, 0x00, 0x00, 0x1B, 0xE7, 0x98, 0xEA, 0xC6, 0x00, 0x00, 0x00, 0x55,
    0xF9, 0x5D, 0xE0, 0xDC, 0x00, 0x00, 0x00, 0xD0, 0xCC, 0x2D, 0xDF, 0xDF, 0x00, 0x00, 0x28, 0xFF,
    0xFF, 0xFF, 0xFF, 0xDF, 0x00, 0x00, 0xA2, 0xFF, 0xF3, 0xE1, 0xFB, 0xE0, 0x07, 0x15, 0xE3, 0xE2,
    0x0D, 0x00, 0xDF, 0xE4, 0x25, 0x69, 0xF4, 0x8D, 0x00, 0x00, 0xDF, 0xE8, 0x43, 0x00, 0x06, 0xA7,
    0xFF, 0xFF, 0xFF, 0x79, 0x00, 0x00, 0x0B, 0xD1, 0xFD, 0xD4, 0xF9, 0xFF, 0x01, 0x00, 0x0D, 0xE5,
    0x7C, 0x04, 0x99, 0xFF, 0x01, 0x00, 0x10, 0xFF, 0xDB, 0xDA, 0xFF, 0x92, 0x00, 0x00, 0x24, 0xFF,
    0xFF, 0xFF, 0xDA, 0x0D, 0x00, 0x00, 0x6A, 0xE7, 0x26, 0x40, 0xF5, 0x89, 0x00, 0x00, 0xB0, 0xDB,
    0x20, 0x23, 0xE2, 0xAF, 0x00, 0x00, 0xD1, 0xBD, 0x14, 0x30, 0xF9, 0xA3, 0x00, 0x00, 0xFF, 0xF1,
    0xD4, 0xFF, 0xFF, 0x21, 0x00, 0x0C, 0xFF, 0xFF, 0xFF, 0xF8, 0x80, 0x04, 0x00, 0x00, 0x00, 0x64,
    0xED, 0xFF, 0xFB, 0xA9, 0x15, 0x00, 0x7F, 0xF2, 0xFF, 0xFF, 0xFF, 0xB0, 0x01, 0x31, 0xCB, 0xFF,
    0x7F, 0x00, 0x1A, 0x57, 0x00, 0x7D, 0xF5, 0xB3, 0x0A, 0x00, 0x00, 0x00, 0x00, 0x95, 0xFF, 0x4E,
    0x02, 0x00, 0x00, 0x00, 0x00, 0xB2, 0xFF, 0x30, 0x00, 0x00, 0x00, 0x00, 0x00, 0xBA, 0xFF, 0x30,
    0x00, 0x00, 0x00, 0x00, 0x00, 0xA8, 0xFF, 0x5D, 0x03, 0x1E, 0x5A, 0x00, 0x00, 0x8B, 0xFD, 0xFF,
    0xFF, 0xFB, 0x9A, 0x00, 0x00, 0x16, 0x9D, 0xF7, 0xFF, 0xF1, 0x3D, 0x00, 0x00, 0x00, 0x00, 0x57,
    0xFF, 0xFF, 0xFF, 0x9F, 0x03, 0x00, 0x00, 0x9A, 0xFF, 0xFF, 0xFF, 0xF5, 0xB2, 0x00, 0x00, 0xBD,
    0xE0, 0x40, 0x9B, 0xFF, 0xFF, 0x00, 0x00, 0xF5, 0xC3, 0x23, 0x33, 0xFF, 0xFF, 0x00, 0x03, 0xFF,
    0xA7, 0x07, 0x43, 0xFF, 0xFF, 0x00, 0x37, 0xFF, 0x9F, 0x00, 0x86, 0xFB, 0xDC, 0x00, 0x7A, 0xF9,
    0x80, 0x00, 0xC8, 0xF3, 0xA2, 0x00, 0x9E, 0xF4, 0x6A, 0x55, 0xF0, 0xE3, 0x1F, 0x00, 0xD5, 0xFF,
    0xFF, 0xFF, 0xFF, 0x8B, 0x00, 0x02, 0xE0, 0xFF, 0xFF, 0xF1, 0x81, 0x00, 0x00, 0x00, 0xAF, 0xFF,
    0xFF, 0xFF, 0xFF, 0xE3, 0xA6, 0x1B, 0xBE, 0xFF, 0xFF, 0xFF, 0xFF, 0xC9, 0x51, 0x45, 0xD6, 0xE7,
    0x0E, 0x00, 0x00, 0x00, 0x00, 0x5D, 0xE3, 0xB6, 0x0A, 0x00, 0x00, 0x00, 0x00, 0x80, 0xF7, 0xFF,
    0xFF, 0xFF, 0xE1, 0x42, 0x00, 0x8F, 0xFF, 0xFF, 0xFF, 0xFF, 0xD4, 0x13, 0x00, 0xA2, 0xFF, 0x30,
    0x00, 0x00, 0x00, 0x00, 0x00, 0xC3, 0xEB, 0x2A, 0x00, 0x00, 0x00, 0x00, 0x00, 0xD6, 0xFF, 0xFF,
    0xFF, 0xFC, 0xAD, 0x00, 0x00, 0xF1, 0xFF, 0xFF, 0xFF, 0xFC, 0xA7, 0x00, 0x00, 0x00, 0xAD, 0xFE,
    0xFF, 0xFF, 0xFF, 0xE8, 0xB6, 0x03, 0xB1, 0xFF, 0xFF, 0xFF, 0xFF, 0xD5, 0x79, 0x27, 0xC5, 0xFF,
    0x10, 0x00, 0x00, 0x00, 0x00, 0x53, 0xDD, 0xDA, 0x0D, 0x00, 0x00, 0x00, 0x00, 0x69, 0xE9, 0xFF,
    0xFF, 0xFF, 0xEC, 0x6A, 0x00, 0x8D, 0xFD, 0xFF, 0xFF, 0xFF, 0xDD, 0x32, 0x00, 0x91, 0xFF, 0x43,
    0x02, 0x00, 0x00, 0x00, 0x00, 0xAD, 0xFF, 0x30, 0x00, 0x00, 0x00, 0x00, 0x00, 0xCE, 0xDE, 0x27,
    0x00, 0x00, 0x00, 0x00, 0x00, 0xE0, 0xC5, 0x20, 0x00, 0x00, 0x00, 0x00, 0x00, 0x00, 0x00, 0x62,
    0xED, 0xFF, 0xFB, 0xA8, 0x13, 0x00, 0x7C, 0xF1, 0xFF, 0xFF, 0xFF, 0xB0, 0x01, 0x32, 0xCB, 0xFF,
    0x76, 0x00, 0x16, 0x46, 0x00, 0x80, 0xF7, 0xC3, 0x0B, 0x00, 0x00, 0x00, 0x00, 0x98, 0xFF, 0x4D,
    0x84, 0xEB, 0xE1, 0x7C, 0x00, 0xB5, 0xFF, 0x30, 0xC5, 0xFF, 0xF2, 0x7E, 0x00, 0xBC, 0xFC, 0x2F,
    0x00, 0xB0, 0xE4, 0x4B, 0x00, 0xA8, 0xFF, 0x5E, 0x04, 0xD1, 0xD6, 0x19, 0x00, 0x8D, 0xFE, 0xFF,
    0xFF, 0xFF, 0xCF, 0x00, 0x00, 0x11, 0x92, 0xF4, 0xFF, 0xEF, 0x5A, 0x00, 0x00, 0x00, 0x04, 0x93,
    0xFF, 0x00, 0x74, 0xFC, 0x93, 0x00, 0x09, 0xBE, 0xC9, 0x00, 0x8F, 0xFF, 0x46, 0x00, 0x0B, 0xD5,
    0x9E, 0x08, 0xA2, 0xFF, 0x06, 0x00, 0x0F, 0xF8, 0xFF, 0xFF, 0xFF, 0xFB, 0x00, 0x00, 0x13, 0xFF,
    0xFF, 0xFF, 0xFF, 0xBF, 0x00, 0x00, 0x4B, 0xF9, 0x2D, 0x2C, 0xF5, 0x9D, 0x00, 0x00, 0x92, 0xE0,
    0x23, 0x30, 0xFF, 0x54, 0x00, 0x00, 0xB9, 0xD3, 0x1D, 0x48, 0xFF, 0x17, 0x00, 0x00, 0xF4, 0xB6,
    0x10, 0x7F, 0xFE, 0x10, 0x00, 0x02, 0xFF, 0x99, 0x04, 0xB6, 0xDB, 0x0C, 0x00, 0x00, 0xAF, 0xFF,
    0xFF, 0xFF, 0xFF, 0xC1, 0x39, 0x13, 0xBA, 0xFF, 0xFF, 0xFF, 0xFE, 0xAC, 0x01, 0x00, 0x00, 0x5D,
    0xF6, 0xD8, 0x00, 0x00, 0x00, 0x00, 0x00, 0x9A, 0xFB, 0x9B, 0x00, 0x00, 0x00, 0x00, 0x00, 0xB5,
    0xFD, 0x71, 0x00, 0x00, 0x00, 0x00, 0x00, 0xCF, 0xFF, 0x28, 0x00, 0x00, 0x00, 0x00, 0x19, 0xD6,
    0xFF, 0x00, 0x00, 0x00, 0x00, 0x00, 0x4F, 0xE5, 0xE6, 0x00, 0x00, 0x00, 0x00, 0xD9, 0xFF, 0xFF,
    0xFF, 0xF9, 0x84, 0x00, 0x00, 0xF4, 0xFF, 0xFF, 0xFF, 0xF7, 0x6C, 0x00, 0x00, 0x00, 0x00, 0x00,
    0x53, 0xF3, 0xFF, 0xFE, 0xF6, 0x00, 0x00, 0x00, 0x55, 0xF4, 0xFF, 0xF6, 0xB5, 0x00, 0x00, 0x00,
    0x00, 0x00, 0xB1, 0xF1, 0x8B, 0x00, 0x00, 0x00, 0x00, 0x00, 0xDF, 0xE7, 0x3D, 0x00, 0x00, 0x00,
    0x00, 0x0E, 0xE2, 0xE0, 0x03, 0x00, 0x00, 0x00, 0x00, 0x40, 0xEC, 0xD3, 0x00, 0x00, 0x00, 0x00,
    0x00, 0x74, 0xF6, 0x99, 0x00, 0x00, 0xA4, 0x2D, 0x05, 0xA4, 0xFF, 0x66, 0x00, 0x04, 0xE0, 0xFF,
    0xFF, 0xFF, 0xFF, 0x09, 0x00, 0x08, 0x95, 0xFF, 0xFF, 0xE2, 0x41, 0x00, 0x00, 0x00, 0x19, 0xD8,
    0xB6, 0x00, 0xC2, 0xFB, 0x16, 0x00, 0x2C, 0xEB, 0x87, 0x89, 0xFC, 0x4B, 0x00, 0x00, 0x34, 0xF3,
    0x9A, 0xEF, 0xB7, 0x04, 0x00, 0x00, 0x40, 0xFF, 0xF9, 0xEE, 0x0A, 0x00, 0x00, 0x00, 0x4E, 0xFF,
    0xFF, 0xAD, 0x00, 0x00, 0x00, 0x00, 0x86, 0xFF, 0xFF, 0xF8, 0x00, 0x00, 0x00, 0x00, 0xBE, 0xEB,
    0x49, 0xFF, 0x2C, 0x00, 0x00, 0x00, 0xD7, 0xA8, 0x29, 0xE9, 0x82, 0x00, 0x00, 0x00, 0xFF, 0x71,
    0x0D, 0xCC, 0xC1, 0x02, 0x00, 0x0B, 0xFF, 0x44, 0x00, 0xB2, 0xDE, 0x1F, 0x00, 0x00, 0x00, 0xB6,
    0xFF, 0xA9, 0x00, 0x00, 0x00, 0x00, 0x00, 0xF5, 0xFF, 0x5D, 0x00, 0x00, 0x00, 0x00, 0x03, 0xFF,
    0xFF, 0x13, 0x00, 0x00, 0x00, 0x00, 0x3F, 0xFF, 0xFF, 0x00, 0x00, 0x00, 0x00, 0x00, 0x8B, 0xFF,
    0xCD, 0x00, 0x00, 0x00, 0x00, 0x00, 0xB4, 0xFF, 0xA9, 0x00, 0x00, 0x00, 0x00, 0x00, 0xF2, 0xFF,
    0x5D, 0x00, 0x00, 0x00, 0x00, 0x03, 0xFF, 0xFF, 0x13, 0x00, 0x00, 0x00, 0x00, 0x3C, 0xFF, 0xFF,
    0xFF, 0xFF, 0xFF, 0xFF, 0x2B, 0x88, 0xFF, 0xFF, 0xFF, 0xFF, 0xFF, 0xFF, 0x03, 0x00, 0x0A, 0xCE,
    0xFF, 0x0B, 0x91, 0xFF, 0xE3, 0x00, 0x0E, 0xF1, 0xFF, 0x37, 0xC3, 0xFF, 0xA5, 0x00, 0x10, 0xFF,
    0xFF, 0x64, 0xF9, 0xFF, 0x79, 0x00, 0x38, 0xE6, 0xF4, 0xBC, 0xE9, 0xFD, 0x2E, 0x00, 0x7F, 0xD5,
    0xED, 0xF7, 0xE6, 0xFE, 0x00, 0x00, 0xA8, 0xB4, 0xDF, 0xE0, 0xB6, 0xE9, 0x00, 0x00, 0xE3, 0x95,
    0x98, 0x95, 0xAD, 0xAF, 0x00, 0x00, 0xFF, 0x8F, 0x00, 0x1C, 0xD0, 0x87, 0x00, 0x19, 0xFB, 0x6F,
    0x00, 0x23, 0xE1, 0x41, 0x00, 0x4D, 0xF9, 0x5C, 0x00, 0x2F, 0xFE, 0x11, 0x00, 0x00, 0x07, 0xAE,
    0xFF, 0x06, 0x42, 0xF6, 0xB7, 0x00, 0x0C, 0xD8, 0xFF, 0x3B, 0x5A, 0xF9, 0x6C, 0x00, 0x0E, 0xEA,
    0xFF, 0x7B, 0x7D, 0xFD, 0x21, 0x00, 0x10, 0xFF, 0xF9, 0x9B, 0x8F, 0xFF, 0x00, 0x00, 0x2D, 0xF3,
    0xBD, 0xD6, 0x9F, 0xDE, 0x00, 0x00, 0x75, 0xD7, 0x8C, 0xE6, 0xC4, 0xC1, 0x00, 0x00, 0xBC, 0xC4,
    0x41, 0xF9, 0xF0, 0x7B, 0x00, 0x00, 0xDA, 0xA3, 0x08, 0xFF, 0xFF, 0x33, 0x00, 0x00, 0xFF, 0x8F,
    0x00, 0xE8, 0xFF, 0x10, 0x00, 0x13, 0xFE, 0x82, 0x00, 0xCA, 0xEF, 0x0E, 0x00, 0x00, 0x00, 0x31,
    0xD8, 0xFF, 0xFF, 0xC9, 0x1B, 0x00, 0x27, 0xFF, 0xFF, 0xFF, 0xFF, 0xFF, 0xD2, 0x00, 0xC5, 0xFF,
    0xD5, 0x01, 0x5A, 0xFF, 0xFF, 0x10, 0xFF, 0xFF, 0x37, 0x00, 0x24, 0xFF, 0xFF, 0x70, 0xFF, 0xFF,
    0x00, 0x00, 0x4E, 0xFF, 0xFF, 0xB8, 0xFF, 0xC8, 0x00, 0x00, 0xA2, 0xFF, 0xE7, 0xB1, 0xFF, 0xA7,
    0x00, 0x00, 0xE4, 0xFF, 0xAB, 0xBA, 0xFF, 0xD4, 0x00, 0x69, 0xFF, 0xFF, 0x21, 0x4C, 0xFF, 0xFF,
    0xFF, 0xFF, 0xFF, 0xA9, 0x00, 0x00, 0x8B, 0xFF, 0xFF, 0xFF, 0x96, 0x00, 0x00, 0x07, 0xB3, 0xFF,
    0xFF, 0xFF, 0xDD, 0x49, 0x00, 0x2F, 0xCA, 0xFF, 0xED, 0xFF, 0xFF, 0xB9, 0x1F, 0x5A, 0xE1, 0xC9,
    0x0C, 0x14, 0xFF, 0xC9, 0x51, 0x6F, 0xED, 0xA1, 0x09, 0x3E, 0xFF, 0xB6, 0x16, 0x8F, 0xFF, 0xF9,
    0xF1, 0xFF, 0xF4, 0x88, 0x00, 0x95, 0xFF, 0xFF, 0xFF, 0xF9, 0x87, 0x05, 0x00, 0xB3, 0xF7, 0x2E,
    0x00, 0x00, 0x00, 0x00, 0x00, 0xD4, 0xCE, 0x22, 0x00, 0x00, 0x00, 0x00, 0x00, 0xE5, 0xB5, 0x1C,
    0x00, 0x00, 0x00, 0x00, 0x00, 0xFF, 0x84, 0x0E, 0x00, 0x00, 0x00, 0x00, 0x00, 0x00, 0x00, 0x31,
    0xD9, 0xFF, 0xFF, 0xC8, 0x1C, 0x00, 0x27, 0xFF, 0xFF, 0xFF, 0xFF, 0xFF, 0xD7, 0x00, 0xBF, 0xFF,
    0xD5, 0x01, 0x5A, 0xFF, 0xFF, 0x10, 0xFF, 0xFF, 0x37, 0x00, 0x24, 0xFF, 0xFF, 0x6A, 0xFF, 0xFF,
    0x00, 0x00, 0x4E, 0xFF, 0xFF, 0xAF, 0xFF, 0xC6, 0x00, 0x00, 0xA2, 0xFF, 0xE3, 0xAF, 0xFF, 0xA7,
    0x00, 0x00, 0xE7, 0xFF, 0xA6, 0xB8, 0xFF, 0xD4, 0x00, 0x69, 0xFF, 0xFF, 0x1F, 0x4C, 0xFF, 0xFF,
    0xFF, 0xFF, 0xFF, 0xA9, 0x00, 0x00, 0x8E, 0xFF, 0xFF, 0xFF, 0xB7, 0x00, 0x00, 0x00, 0x00, 0x00,
    0x27, 0xFF, 0xFF, 0x2B, 0x00, 0x00, 0x00, 0x00, 0x00, 0xB2, 0xFF, 0xF7, 0x06, 0x00, 0x21, 0xFF,
    0xFF, 0xFF, 0xFF, 0xE3, 0x37, 0x00, 0x6D, 0xFF, 0xFF, 0xEC, 0xFF, 0xFF, 0xED, 0x00, 0xBA, 0xFF,
    0xAB, 0x00, 0x4C, 0xFF, 0xFF, 0x00, 0xDA, 0xFF, 0x7B, 0x00, 0x91, 0xFF, 0xDF, 0x00, 0xFF, 0xFF,
    0xF6, 0xFB, 0xFF, 0xFF, 0x36, 0x21, 0xFF, 0xFF, 0xFF, 0xFF, 0xFF, 0x1E, 0x00, 0x6D, 0xFF, 0xE7,
    0x06, 0xD7, 0xFF, 0xB1, 0x00, 0xBA, 0xFF, 0xA7, 0x00, 0x58, 0xFF, 0xF7, 0x00, 0xDA, 0xFF, 0x7C,
    0x00, 0x03, 0xFF, 0xFF, 0x22, 0xFF, 0xFF, 0x31, 0x00, 0x00, 0xD2, 0xFF, 0x96, 0x00, 0x00, 0x3D,
    0xD2, 0xFF, 0xFF, 0xFF, 0xA2, 0x00, 0x3C, 0xFF, 0xFF, 0xF8, 0xE6, 0xFF, 0xE8, 0x00, 0xC0, 0xFF,
    0xA6, 0x00, 0x00, 0x0C, 0x4B, 0x00, 0xCF, 0xFF, 0xC8, 0x10, 0x00, 0x00, 0x00, 0x00, 0x54, 0xFF,
    0xFF, 0xFF, 0xAB, 0x18, 0x00, 0x00, 0x00, 0x16, 0xAC, 0xFF, 0xFF, 0xFF, 0x07, 0x00, 0x00, 0x00,
    0x00, 0x10, 0xFF, 0xFF, 0x52, 0x91, 0x3C, 0x00, 0x00, 0x1E, 0xFF, 0xFF, 0x3D, 0xFF, 0xFF, 0xFD,
    0xEB, 0xFF, 0xFF, 0xE7, 0x00, 0x9C, 0xF0, 0xFF, 0xFF, 0xFF, 0xB4, 0x0D, 0x00, 0xDB, 0xFF, 0xFF,
    0xFF, 0xFF, 0xF7, 0xE2, 0xDD, 0xFF, 0xFF, 0xFF, 0xFF, 0xE4, 0xA2, 0x00, 0x51, 0xEB, 0xE4, 0x00,
    0x00, 0x00, 0x00, 0x88, 0xF6, 0xA5, 0x00, 0x00, 0x00, 0x00, 0x9E, 0xFA, 0x79, 0x00, 0x00, 0x00,
    0x00, 0xB6, 0xFF, 0x2B, 0x00, 0x00, 0x00, 0x13, 0xC0, 0xFF, 0x00, 0x00, 0x00, 0x00, 0x3E, 0xD5,
    0xE8, 0x00, 0x00, 0x00, 0x00, 0x6A, 0xEB, 0xB2, 0x00, 0x00, 0x00, 0x00, 0x7D, 0xF4, 0x8C, 0x00,
    0x00, 0x00, 0x00, 0x53, 0xDD, 0xD3, 0x0D, 0x0A, 0xB7, 0xEB, 0xBF, 0x69, 0xEA, 0xB3, 0x0A, 0x0D,
    0xD5, 0xDF, 0x97, 0x8E, 0xFE, 0x72, 0x05, 0x10, 0xFF, 0xC6, 0x48, 0x93, 0xFF, 0x3A, 0x01, 0x24,
    0xFF, 0xB1, 0x06, 0xAF, 0xFF, 0x30, 0x00, 0x6D, 0xFE, 0xAC, 0x00, 0xD2, 0xD3, 0x24, 0x00, 0xB6,
    0xF2, 0x7E, 0x00, 0xE2, 0xBA, 0x1D, 0x00, 0xDB, 0xE9, 0x5E, 0x00, 0xEB, 0xC6, 0x20, 0x36, 0xFF,
    0xD5, 0x17, 0x00, 0xDA, 0xFF, 0xFF, 0xFF, 0xFA, 0x90, 0x00, 0x00, 0x63, 0xE5, 0xFF, 0xFF, 0x9C,
    0x03, 0x00, 0x00, 0xE7, 0x9B, 0x00, 0x27, 0xD9, 0xED, 0x01, 0xE2, 0xA1, 0x00, 0x63, 0xF3, 0x8E,
    0x00, 0xDD, 0xA9, 0x05, 0x8C, 0xFF, 0x0C, 0x00, 0xE2, 0xB1, 0x25, 0xD5, 0xB8, 0x00, 0x00, 0xDD,
    0xB7, 0x37, 0xFF, 0x54, 0x00, 0x00, 0xD7, 0xBF, 0x88, 0xE5, 0x2C, 0x00, 0x00, 0xD0, 0xA8, 0xE1,
    0xA5, 0x10, 0x00, 0x00, 0xCB, 0xCE, 0xFC, 0x79, 0x00, 0x00, 0x00, 0xC4, 0xFF, 0xE2, 0x3C, 0x00,
    0x00, 0x00, 0xBF, 0xFF, 0xC9, 0x02, 0x00, 0x00, 0x00, 0xA7, 0xD9, 0x00, 0x00, 0x00, 0x9E, 0xE9,
    0x4C, 0xB1, 0xBC, 0x00, 0x00, 0x00, 0xDF, 0xDF, 0x00, 0xBC, 0xB8, 0x97, 0xE3, 0x64, 0xE6, 0x9F,
    0x00, 0xC6, 0x94, 0xE7, 0xE6, 0xAA, 0xF3, 0x57, 0x00, 0xD0, 0x91, 0xFF, 0xDC, 0xC9, 0xFB, 0x05,
    0x00, 0xDA, 0xC3, 0xFB, 0xCD, 0xE1, 0xD0, 0x00, 0x00, 0xE4, 0xFF, 0xB2, 0xE8, 0xFF, 0x8A, 0x00,
    0x00, 0xE1, 0xFF, 0x38, 0xE5, 0xFF, 0x2D, 0x00, 0x00, 0xE9, 0xDF, 0x1A, 0xE2, 0xE9, 0x1C, 0x00,
    0x00, 0xF1, 0x85, 0x19, 0xDE, 0xBA, 0x12, 0x00, 0x00, 0x00, 0x2B, 0xEA, 0x83, 0x00, 0xB7, 0xF8,
    0x07, 0x00, 0x0C, 0xCC, 0xC0, 0x42, 0xFF, 0x5B, 0x00, 0x00, 0x00, 0xAA, 0xE4, 0xE4, 0xD5, 0x15,
    0x00, 0x00, 0x00, 0x56, 0xFF, 0xFF, 0x74, 0x00, 0x00, 0x00, 0x00, 0x02, 0xFF, 0xD3, 0x00, 0x00,
    0x00, 0x00, 0x00, 0x6B, 0xFF, 0xCE, 0x00, 0x00, 0x00, 0x00, 0x14, 0xD3, 0xFF, 0xFF, 0x03, 0x00,
    0x00, 0x00, 0x59, 0xFF, 0x7C, 0xF5, 0x59, 0x00, 0x00, 0x05, 0xF5, 0xBC, 0x1A, 0xD9, 0xAB, 0x00,
    0x00, 0x8C, 0xF2, 0x33, 0x00, 0xC0, 0xCC, 0x0C, 0x00, 0x9F, 0xFF, 0x30, 0x00, 0x3C, 0xEB, 0xE2,
    0x15, 0x69, 0xF4, 0x91, 0x05, 0xA4, 0xFF, 0x4A, 0x00, 0x31, 0xE9, 0xCB, 0x41, 0xE0, 0xC5, 0x00,
    0x00, 0x00, 0xDF, 0xEB, 0x9A, 0xF9, 0x22, 0x00, 0x00, 0x00, 0x9B, 0xFF, 0xFF, 0x7E, 0x06, 0x00,
    0x00, 0x00, 0x4D, 0xFF, 0xD2, 0x33, 0x00, 0x00, 0x00, 0x00, 0x2D, 0xFF, 0x9F, 0x00, 0x00, 0x00,
    0x00, 0x00, 0x6F, 0xFA, 0x85, 0x00, 0x00, 0x00, 0x00, 0x00, 0x95, 0xF5, 0x6F, 0x00, 0x00, 0x00,
    0x00, 0x00, 0xCC, 0xEC, 0x40, 0x00, 0x00, 0x00, 0x00, 0x00, 0x06, 0xA4, 0xFF, 0xFF, 0xFF, 0xFF,
    0xCE, 0x00, 0x08, 0xB9, 0xFF, 0xFF, 0xFF, 0xFF, 0x97, 0x00, 0x00, 0x00, 0x00, 0x2F, 0xF2, 0xC9,
    0x00, 0x00, 0x00, 0x00, 0x00, 0xCF, 0xEC, 0x12, 0x00, 0x00, 0x00, 0x00, 0x84, 0xFD, 0x71, 0x01,
    0x00, 0x00, 0x00, 0x43, 0xEC, 0xD3, 0x0A, 0x00, 0x00, 0x00, 0x07, 0xB1, 0xFF, 0x1D, 0x00, 0x00,
    0x00, 0x00, 0x60, 0xFF, 0x5C, 0x00, 0x00, 0x00, 0x00, 0x05, 0xFF, 0xFF, 0xFF, 0xFF, 0xFF, 0x37,
    0x00, 0x34, 0xFF, 0xFF, 0xFF, 0xFF, 0xFF, 0x13, 0x00, 0x00, 0x5B, 0xED, 0xFF, 0xFF, 0xC7, 0x3A,
    0x00, 0x86, 0xF5, 0x67, 0x48, 0x34, 0x03, 0x00, 0x94, 0xF8, 0x01, 0x00, 0x00, 0x00, 0x00, 0xB6,
    0xFF, 0x00, 0x00, 0x00, 0x00, 0x01, 0xB6, 0xD4, 0x00, 0x00, 0x00, 0x00, 0x1B, 0xC4, 0xC2, 0x00,
    0x00, 0x00, 0x00, 0x3E, 0xD5, 0x8F, 0x00, 0x00, 0x00, 0x00, 0x61, 0xE6, 0x5A, 0x00, 0x00, 0x00,
    0x00, 0x6E, 0xED, 0x2C, 0x00, 0x00, 0x00, 0x00, 0x8A, 0xFB, 0x24, 0x00, 0x00, 0x00, 0x00, 0x92,
    0xE6, 0x1F, 0x00, 0x00, 0x00, 0x00, 0x9E, 0xC3, 0x1E, 0x06, 0x01, 0x00, 0x00, 0xB8, 0xFF, 0xFF,
    0xFF, 0x4E, 0x00, 0x00, 0x33, 0x48, 0x48, 0x48, 0x08, 0x00, 0x00, 0x16, 0xFF, 0xA8, 0x00, 0x00,
    0x00, 0x00, 0x00, 0x00, 0xAB, 0xFF, 0x15, 0x00, 0x00, 0x00, 0x00, 0x00, 0x24, 0xFF, 0xAF, 0x00,
    0x00, 0x00, 0x00, 0x00, 0x00, 0xC0, 0xFF, 0x0A, 0x00, 0x00, 0x00, 0x00, 0x00, 0x36, 0xFF, 0x96,
    0x00, 0x00, 0x00, 0x00, 0x00, 0x00, 0xD4, 0xFF, 0x03, 0x00, 0x00, 0x00, 0x00, 0x00, 0x4C, 0xFF,
    0x7C, 0x00, 0x00, 0x00, 0x00, 0x00, 0x00, 0xE9, 0xFC, 0x00, 0x00, 0x00, 0x00, 0x00, 0x00, 0x64,
    0xFF, 0x61, 0x00, 0x00, 0x00, 0x00, 0x00, 0x00, 0xFD, 0xE7, 0x00, 0x00, 0x00, 0x00, 0x00, 0x00,
    0x7E, 0xFF, 0x48, 0x00, 0x00, 0x00, 0x00, 0x00, 0x03, 0xB7, 0x67, 0x00, 0x54, 0xEB, 0xFF, 0xFF,
    0xC8, 0x40, 0x00, 0x14, 0x42, 0x48, 0xDF, 0xB9, 0x09, 0x00, 0x00, 0x00, 0x00, 0xF4, 0xB6, 0x00,
    0x00, 0x00, 0x00, 0x00, 0xFA, 0x9E, 0x00, 0x00, 0x00, 0x00, 0x1C, 0xF3, 0x79, 0x00, 0x00, 0x00,
    0x00, 0x5A, 0xEF, 0x67, 0x00, 0x00, 0x00, 0x00, 0x97, 0xE6, 0x3B, 0x00, 0x00, 0x00, 0x00, 0xB0,
    0xDE, 0x10, 0x00, 0x00, 0x00, 0x00, 0xE3, 0xDB, 0x00, 0x00, 0x00, 0x00, 0x00, 0xFF, 0xCA, 0x00,
    0x00, 0x00, 0x00, 0x0B, 0xFF, 0x9F, 0x00, 0x00, 0x03, 0x06, 0x42, 0xFF, 0x8B, 0x00, 0x00, 0xB6,
    0xFF, 0xFF, 0xFF, 0x56, 0x00, 0x00, 0x33, 0x48, 0x48, 0x48, 0x0A, 0x00, 0x00, 0x00, 0x00, 0x22,
    0xFF, 0xFF, 0xA0, 0x00, 0x00, 0x00, 0x03, 0xEB, 0xFF, 0xFF, 0xFF, 0x4B, 0x00, 0x00, 0xBD, 0xFF,
    0xB1, 0x4B, 0xFF, 0xFF, 0x15, 0x5E, 0xFF, 0xAF, 0x00, 0x00, 0x48, 0xFF, 0xD4, 0x0F, 0x2A, 0x2A,
    0x2A, 0x2A, 0x2A, 0x2A, 0x1F, 0x8A, 0xFF, 0xFF, 0xFF, 0xFF, 0xFF, 0xFF, 0xFA, 0x25, 0x6C, 0x6C,
    0x6C, 0x6C, 0x6C, 0x6C, 0x54, 0x33, 0xA0, 0x78, 0x00, 0x00, 0xD3, 0xFF, 0x25, 0x00, 0x0F, 0xFF,
    0xC6, 0x00, 0x04, 0xBB, 0xFF, 0xFF, 0xFF, 0xD8, 0x24, 0x00, 0x3C, 0xFF, 0xD0, 0xAA, 0xF7, 0xFF,
    0xCB, 0x00, 0x18, 0x0F, 0x09, 0x2B, 0x6F, 0xFF, 0xF2, 0x00, 0x8B, 0xFF, 0xFF, 0xFF, 0xFF, 0xFF,
    0xC3, 0x7E, 0xFF, 0xFF, 0xB7, 0x7F, 0xEB, 0xFF, 0xA3, 0xCA, 0xFF, 0xB2, 0x00, 0x13, 0xFF, 0xFF,
    0x5D, 0xAC, 0xFF, 0xFF, 0xB4, 0xFF, 0xFF, 0xFF, 0x16, 0x22, 0xEC, 0xFF, 0xFF, 0x8A, 0xFF, 0xFF,
    0x00, 0x00, 0x00, 0xE2, 0xFF, 0x70, 0x00, 0x00, 0x00, 0x00, 0x00, 0xFF, 0xFF, 0x2A, 0x00, 0x00,
    0x00, 0x00, 0x1E, 0xFF, 0xFF, 0x00, 0x00, 0x00, 0x00, 0x00, 0x67, 0xFF, 0xEE, 0xB5, 0xFF, 0xFF,
    0x3F, 0x00, 0xAF, 0xFF, 0xFF, 0xFF, 0xFF, 0xFF, 0xE6, 0x00, 0xCE, 0xFF, 0xCE, 0x00, 0x45, 0xFF,
    0xFF, 0x00, 0xFF, 0xFF, 0x3D, 0x00, 0x1F, 0xFF, 0xFF, 0x0C, 0xFF, 0xFF, 0x01, 0x00, 0x64, 0xFF,
    0xEB, 0x4F, 0xFF, 0xFF, 0x2B, 0x00, 0xDD, 0xFF, 0xA3, 0x97, 0xFF, 0xFF, 0xFF, 0xF6, 0xFF, 0xFF,
    0x0C, 0xB9, 0xFF, 0x75, 0xE4, 0xFF, 0xF6, 0x2D, 0x00, 0x00, 0x00, 0x16, 0xAD, 0xFF, 0xFF, 0xFF,
    0xAE, 0x00, 0x18, 0xFF, 0xFF, 0xFF, 0xDD, 0xFF, 0xC6, 0x00, 0xB9, 0xFF, 0xDE, 0x09, 0x00, 0x04,
    0x34, 0x00, 0xFF, 0xFF, 0x34, 0x00, 0x00, 0x00, 0x00, 0x10, 0xFF, 0xFF, 0x00, 0x00, 0x00, 0x00,
    0x00, 0x00, 0xFF, 0xFF, 0x39, 0x00, 0x00, 0x31, 0x00, 0x00, 0xC5, 0xFF, 0xFF, 0xDD, 0xFF, 0xCB,
    0x00, 0x00, 0x15, 0xBA, 0xFF, 0xFF, 0xFF, 0x72, 0x00, 0x00, 0x00, 0x00, 0x00, 0x0A, 0xAF, 0xEC,
    0xC1, 0x00, 0x00, 0x00, 0x00, 0x0C, 0xC8, 0xE1, 0xA0, 0x00, 0x00, 0x00, 0x00, 0x0F, 0xF7, 0xCB,
    0x57, 0x00, 0x82, 0xF3, 0xFF, 0x71, 0xFF, 0xB5, 0x12, 0x64, 0xE7, 0xFF, 0xEA, 0xFF, 0xFF, 0xAF,
    0x00, 0x97, 0xFF, 0x65, 0x04, 0xE3, 0xF7, 0x91, 0x00, 0xC4, 0xE8, 0x29, 0x00, 0xB7, 0xF1, 0x7C,
    0x00, 0xE1, 0xBE, 0x1E, 0x00, 0xEE, 0xE4, 0x4B, 0x00, 0xD5, 0xD4, 0x24, 0x60, 0xFF, 0xD6, 0x19,
    0x00, 0xC2, 0xFF, 0xEC, 0xFE, 0xFF, 0xCF, 0x00, 0x00, 0x6C, 0xEB, 0xFD, 0x81, 0xFD, 0xBB, 0x00,
    0x00, 0x00, 0x00, 0x69, 0xF5, 0xFF, 0xFF, 0xAA, 0x07, 0x00, 0x7E, 0xFF, 0xFF, 0xCA, 0xFF, 0xFF,
    0xA3, 0x12, 0xFF, 0xFF, 0x31, 0x00, 0x10, 0xFF, 0xFF, 0x7E, 0xFF, 0xFF, 0xFF, 0xFF, 0xFF, 0xFF,
    0xFF, 0xAF, 0xFF, 0xF3, 0xAA, 0xAA, 0xAA, 0xAA, 0x99, 0x8E, 0xFF, 0xC4, 0x00, 0x00, 0x00, 0x40,
    0x0F, 0x27, 0xFF, 0xFF, 0xED, 0xCE, 0xFC, 0xFF, 0x01, 0x00, 0x57, 0xF0, 0xFF, 0xFF, 0xFF, 0xA9,
    0x00, 0x00, 0x00, 0x95, 0xFF, 0xFF, 0xD1, 0x5E, 0x00, 0x34, 0xE5, 0xFF, 0xBD, 0x87, 0x15, 0x00,
    0x85, 0xF5, 0xAB, 0x00, 0x00, 0x00, 0xDD, 0xFF, 0xFF, 0xFF, 0xF9, 0x98, 0x00, 0xA7, 0xEA, 0xFF,
    0xBF, 0xAA, 0x50, 0x00, 0x0C, 0xBC, 0xFF, 0x01, 0x00, 0x00, 0x00, 0x34, 0xD0, 0xF6, 0x00, 0x00,
    0x00, 0x00, 0x5D, 0xE5, 0xC3, 0x00, 0x00, 0x00, 0x00, 0x70, 0xEE, 0xA6, 0x00, 0x00, 0x00, 0x00,
    0x92, 0xFF, 0x6A, 0x00, 0x00, 0x00, 0x00, 0x94, 0xFF, 0x31, 0x00, 0x00, 0x00, 0x00, 0x00, 0x68,
    0xEC, 0xFF, 0x8A, 0xFF, 0xB5, 0x13, 0x4F, 0xDB, 0xFF, 0xEF, 0xFF, 0xFF, 0xAF, 0x00, 0x93, 0xFF,
    0x72, 0x05, 0xD2, 0xF7, 0x92, 0x00, 0xBD, 0xF1, 0x2C, 0x00, 0xB4, 0xF2, 0x7F, 0x00, 0xDC, 0xC9,
    0x21, 0x00, 0xE6, 0xE4, 0x4D, 0x00, 0xE0, 0xD7, 0x25, 0x3E, 0xFF, 0xD7, 0x1B, 0x00, 0xBD, 0xFF,
    0xDB, 0xFC, 0xFF, 0xCF, 0x00, 0x00, 0x66, 0xE8, 0xFF, 0xB4, 0xFD, 0xB9, 0x00, 0x00, 0x0A, 0x00,
    0x00, 0xB7, 0xFA, 0x89, 0x00, 0x00, 0xEA, 0xE1, 0xEF, 0xFE, 0xF1, 0x14, 0x00, 0x00, 0xE0, 0xFF,
    0xFF, 0xDF, 0x38, 0x00, 0x00, 0x00, 0x00, 0x00, 0xC9, 0xFF, 0x90, 0x00, 0x00, 0x00, 0x00, 0x00,
    0xFF, 0xFF, 0x49, 0x00, 0x00, 0x00, 0x00, 0x09, 0xFF, 0xFF, 0x0A, 0x00, 0x00, 0x00, 0x00, 0x49,
    0xFF, 0xFF, 0xAD, 0xFF, 0xFF, 0x46, 0x00, 0x91, 0xFF, 0xFF, 0xF7, 0xFF, 0xFF, 0xBF, 0x00, 0xB5,
    0xFF, 0xCF, 0x00, 0xA0, 0xFF, 0xBE, 0x00, 0xF1, 0xFF, 0x67, 0x00, 0xBA, 0xFF, 0xA0, 0x00, 0xFF,
    0xFF, 0x19, 0x00, 0xF7, 0xFF, 0x57, 0x31, 0xFF, 0xFF, 0x00, 0x03, 0xFF, 0xFF, 0x12, 0x79, 0xFF,
    0xDC, 0x00, 0x3A, 0xFF, 0xFF, 0x00, 0xA0, 0xFF, 0xA0, 0x00, 0x84, 0xFF, 0xD2, 0x00, 0x00, 0x00,
    0x00, 0x4E, 0x90, 0x31, 0x00, 0x00, 0x00, 0x00, 0xE9, 0xFF, 0x67, 0x00, 0x00, 0x00, 0x00, 0xFF,
    0xFF, 0x1C, 0x00, 0x00, 0x00, 0x00, 0x00, 0x00, 0x00, 0x00, 0x0C, 0xFF, 0xFF, 0xFF, 0xB9, 0x00,
    0x00, 0x22, 0xB4, 0xFF, 0xFF, 0x8E, 0x00, 0x00, 0x00, 0x00, 0xFF, 0xFF, 0x3D, 0x00, 0x00, 0x00,
    0x10, 0xFF, 0xFF, 0x01, 0x00, 0x00, 0x00, 0x60, 0xFF, 0xED, 0x00, 0x00, 0x00, 0x00, 0xAB, 0xFF,
    0xAF, 0x00, 0x00, 0x00, 0x00, 0xA2, 0xFF, 0xFF, 0xBE, 0xB9, 0x3F, 0x00, 0x30, 0xF3, 0xFF, 0xFF,
    0xFF, 0x31, 0x00, 0x00, 0x00, 0x00, 0x00, 0x44, 0x84, 0x33, 0x00, 0x00, 0x00, 0x00, 0x00, 0xCB,
    0xEC, 0x6A, 0x00, 0x00, 0x00, 0x00, 0x00, 0xDF, 0xE3, 0x21, 0x00, 0x00, 0x00, 0x00, 0x00, 0x00,
    0x00, 0x00, 0x00, 0x00, 0x14, 0xC2, 0xFF, 0xFF, 0xAD, 0x00, 0x00, 0x00, 0x0F, 0x8F, 0xE3, 0xFF,
    0x93, 0x00, 0x00, 0x00, 0x00, 0x00, 0x97, 0xFD, 0x54, 0x00, 0x00, 0x00, 0x00, 0x00, 0x9F, 0xFF,
    0x15, 0x00, 0x00, 0x00, 0x00, 0x12, 0xB1, 0xFF, 0x00, 0x00, 0x00, 0x00, 0x00, 0x2D, 0xCC, 0xE0,
    0x00, 0x00, 0x00, 0x00, 0x00, 0x3C, 0xDB, 0xAC, 0x00, 0x00, 0x00, 0x00, 0x00, 0x53, 0xF2, 0x87,
    0x00, 0x00, 0x00, 0x00, 0x02, 0x6A, 0xFF, 0x3B, 0x00, 0x00, 0x00, 0x8D, 0xBE, 0xFF, 0xEF, 0x1D,
    0x00, 0x00, 0x0E, 0xE2, 0xFF, 0xF4, 0x6F, 0x05, 0x00, 0x00, 0x00, 0x87, 0xF4, 0x9B, 0x00, 0x00,
    0x00, 0x00, 0x00, 0xAF, 0xFF, 0x57, 0x00, 0x00, 0x00, 0x00, 0x03, 0xB1, 0xFF, 0x19, 0x00, 0x00,
    0x00, 0x00, 0x26, 0xC4, 0xFF, 0x10, 0x95, 0xFF, 0xCB, 0x58, 0x4E, 0xDB, 0xD4, 0xB5, 0xFF, 0xD9,
    0x25, 0x00, 0x63, 0xE6, 0xFF, 0xFF, 0xE6, 0x17, 0x00, 0x00, 0x85, 0xF9, 0xFF, 0xFF, 0xB2, 0x00,
    0x00, 0x00, 0x8F, 0xFF, 0xC3, 0xFA, 0xF0, 0x06, 0x00, 0x00, 0xA2, 0xFF, 0x30, 0xD6, 0xF8, 0x6E,
    0x00, 0x00, 0xC2, 0xE8, 0x29, 0x6F, 0xFF, 0xCA, 0x00, 0x00, 0xE1, 0xC0, 0x1F, 0x04, 0xFF, 0xDE,
    0x36, 0x00, 0x55, 0xFF, 0xFF, 0xFF, 0xFF, 0x00, 0x00, 0x4F, 0xB4, 0xE7, 0xFF, 0xD4, 0x00, 0x00,
    0x00, 0x00, 0xA6, 0xFF, 0xB1, 0x00, 0x00, 0x00, 0x00, 0xE8, 0xFF, 0x63, 0x00, 0x00, 0x00, 0x00,
    0xFF, 0xFF, 0x16, 0x00, 0x00, 0x00, 0x34, 0xFF, 0xFF, 0x00, 0x00, 0x00, 0x00, 0x82, 0xFF, 0xCF,
    0x00, 0x00, 0x00, 0x00, 0xAF, 0xFF, 0xAB, 0x00, 0x00, 0x00, 0x00, 0xEB, 0xFF, 0x63, 0x00, 0x00,
    0x00, 0x00, 0xFD, 0xFF, 0xF7, 0xB4, 0xB1, 0x03, 0x00, 0x78, 0xFF, 0xFF, 0xFF, 0xFF, 0x00, 0x00,
    0x10, 0xF6, 0xFB, 0xED, 0xD6, 0xFF, 0x0F, 0x00, 0x19, 0xFF, 0xCF, 0xFC, 0xE8, 0xFD, 0x54, 0x00,
    0x57, 0xD8, 0x90, 0xE3, 0x8D, 0xF9, 0x36, 0x00, 0x9B, 0xB7, 0x9E, 0xD5, 0x8B, 0xFD, 0x03, 0x00,
    0xBB, 0x99, 0xC1, 0xCF, 0x8F, 0xF7, 0x00, 0x00, 0xF3, 0x8F, 0xCF, 0xC0, 0x9B, 0xBE, 0x00, 0x00,
    0xFD, 0x8D, 0xD6, 0x9D, 0xBA, 0x9D, 0x00, 0x21, 0xF9, 0x8B, 0xE3, 0x8E, 0xD9, 0x59, 0x00, 0x00,
    0x4E, 0xFF, 0xD9, 0xB2, 0xFF, 0xFF, 0x45, 0x00, 0x96, 0xFF, 0xFF, 0xBE, 0xFF, 0xFF, 0xBE, 0x00,
    0xB7, 0xFF, 0xB4, 0x00, 0xBE, 0xFF, 0xBC, 0x00, 0xF3, 0xFF, 0x5B, 0x00, 0xC1, 0xFF, 0xA0, 0x00,
    0xFF, 0xFF, 0x13, 0x00, 0xFD, 0xFF, 0x57, 0x33, 0xFF, 0xFF, 0x00, 0x04, 0xFF, 0xFF, 0x12, 0x79,
    0xFF, 0xD8, 0x00, 0x3D, 0xFF, 0xFF, 0x00, 0xA0, 0xFF, 0xBE, 0x00, 0x84, 0xFF, 0xD2, 0x00, 0x00,
    0x00, 0x6F, 0xF8, 0xFF, 0xFF, 0xA0, 0x04, 0x00, 0x81, 0xFF, 0xFF, 0xE4, 0xFF, 0xFF, 0x9C, 0x07,
    0xFF, 0xFF, 0x73, 0x00, 0x7E, 0xFF, 0xE6, 0x60, 0xFF, 0xFF, 0x00, 0x00, 0x54, 0xFF, 0xFD, 0x8A,
    0xFF, 0xCF, 0x00, 0x00, 0x96, 0xFF, 0xD7, 0x6A, 0xFF, 0xF8, 0x00, 0x0A, 0xFF, 0xFF, 0x87, 0x15,
    0xFF, 0xFF, 0xEE, 0xFF, 0xFF, 0xE9, 0x01, 0x00, 0x55, 0xFB, 0xFF, 0xFF, 0xA7, 0x0A, 0x00, 0x00,
    0x00, 0x7F, 0xEA, 0xC1, 0xF7, 0xE8, 0x43, 0x00, 0x00, 0xBE, 0xFF, 0xD8, 0xEA, 0xFD, 0xEB, 0x00,
    0x00, 0xD9, 0xE5, 0x45, 0x25, 0xFF, 0xFF, 0x00, 0x00, 0xFF, 0xB9, 0x19, 0x1B, 0xFF, 0xFF, 0x00,
    0x0D, 0xFF, 0xA2, 0x02, 0x5C, 0xFD, 0xF1, 0x00, 0x4A, 0xFF, 0xB1, 0x12, 0xC3, 0xF4, 0xA8, 0x00,
    0x89, 0xFF, 0xFF, 0xFA, 0xFE, 0xE1, 0x0D, 0x00, 0xA7, 0xF3, 0xB7, 0xF3, 0xF8, 0x2A, 0x00, 0x00,
    0xDC, 0xE9, 0x31, 0x00, 0x00, 0x00, 0x00, 0x02, 0xE0, 0xE1, 0x08, 0x00, 0x00, 0x00, 0x00, 0x26,
    0xE7, 0xDF, 0x00, 0x00, 0x00, 0x00, 0x00, 0x00, 0x7A, 0xF0, 0xFF, 0x6D, 0xFF, 0xB2, 0x0A, 0x5C,
    0xE2, 0xFF, 0xEE, 0xFF, 0xFF, 0xAF, 0x00, 0x95, 0xFF, 0x65, 0x04, 0xDC, 0xF5, 0x8C, 0x00, 0xC6,
    0xE9, 0x2A, 0x00, 0xB9, 0xEF, 0x76, 0x00, 0xE1, 0xBF, 0x1E, 0x00, 0xEF, 0xE2, 0x45, 0x00, 0xE1,
    0xD0, 0x23, 0x54, 0xFF, 0xD4, 0x13, 0x00, 0xBF, 0xFF, 0xF3, 0xFE, 0xFF, 0xCF, 0x00, 0x00, 0x6A,
    0xEA, 0xFF, 0xBC, 0xFD, 0xB5, 0x00, 0x00, 0x00, 0x00, 0x00, 0xB1, 0xF9, 0x84, 0x00, 0x00, 0x00,
    0x00, 0x00, 0xCA, 0xF7, 0x65, 0x00, 0x00, 0x00, 0x00, 0x00, 0xEF, 0xF2, 0x2A, 0x00, 0x00, 0x00,
    0xA6, 0xFC, 0x8C, 0xF6, 0xFF, 0xBA, 0x22, 0x00, 0xAF, 0xFF, 0xFF, 0xD3, 0xCD, 0xB0, 0x01, 0x1C,
    0xBF, 0xFF, 0x6D, 0x00, 0x01, 0x05, 0x00, 0x44, 0xD5, 0xF8, 0x0F, 0x00, 0x00, 0x00, 0x00, 0x5B,
    0xE2, 0xB4, 0x0A, 0x00, 0x00, 0x00, 0x00, 0x7C, 0xF4, 0x94, 0x08, 0x00, 0x00, 0x00, 0x00, 0x8F,
    0xFF, 0x5A, 0x03, 0x00, 0x00, 0x00, 0x00, 0x9A, 0xFF, 0x31, 0x00, 0x00, 0x00, 0x00, 0x00, 0x00,
    0x00, 0x67, 0xF1, 0xFF, 0xFF, 0xFF, 0x67, 0x00, 0x45, 0xFF, 0xFF, 0xA1, 0xB0, 0xFF, 0x67, 0x00,
    0xA2, 0xFF, 0xAF, 0x00, 0x00, 0x03, 0x07, 0x00, 0x4E, 0xFF, 0xFF, 0xFF, 0xA5, 0x19, 0x00, 0x00,
    0x00, 0x4B, 0xB7, 0xFF, 0xFF, 0xED, 0x00, 0x04, 0x13, 0x00, 0x00, 0x10, 0xFF, 0xFF, 0x00, 0x46,
    0xFF, 0xC6, 0xBE, 0xE3, 0xFF, 0xC8, 0x00, 0x49, 0xF0, 0xFF, 0xFF, 0xFF, 0xAB, 0x0F, 0x00, 0x00,
    0x00, 0x78, 0xFF, 0xDC, 0x00, 0x00, 0x00, 0x00, 0xA6, 0xFF, 0xB7, 0x00, 0x00, 0xD8, 0xFF, 0xFF,
    0xFF, 0xFF, 0xFF, 0xFF, 0xB1, 0xB4, 0xFF, 0xFF, 0xB9, 0xB4, 0xA2, 0x00, 0x25, 0xFF, 0xFF, 0x00,
    0x00, 0x00, 0x00, 0x6C, 0xFF, 0xE6, 0x00, 0x00, 0x00, 0x00, 0xB2, 0xFF, 0xAA, 0x00, 0x00, 0x00,
    0x00, 0xCD, 0xFF, 0x8B, 0x00, 0x00, 0x00, 0x00, 0xD9, 0xFF, 0xFF, 0xB4, 0xA0, 0x00, 0x00, 0x55,
    0xFF, 0xFF, 0xFF, 0xC1, 0x00, 0x00, 0x6D, 0xFF, 0xE4, 0x00, 0x31, 0xFF, 0xFF, 0x00, 0xB5, 0xFF,
    0xA7, 0x00, 0x79, 0xFF, 0xDC, 0x00, 0xD4, 0xFF, 0x7F, 0x00, 0xA1, 0xFF, 0xA0, 0x00, 0xFF, 0xFF,
    0x37, 0x00, 0xDD, 0xFF, 0x79, 0x13, 0xFF, 0xFF, 0x01, 0x00, 0xFF, 0xFF, 0x31, 0x4F, 0xFF, 0xFF,
    0x00, 0x66, 0xFF, 0xFF, 0x01, 0x54, 0xFF, 0xFF, 0xF3, 0xFF, 0xFF, 0xF2, 0x00, 0x03, 0xDA, 0xFF,
    0xF3, 0xA8, 0xFF, 0xB7, 0x00, 0xFB, 0x72, 0x08, 0x04, 0xFF, 0xCB, 0x48, 0xEB, 0x8A, 0x0D, 0x7C,
    0xFB, 0xA2, 0x00, 0xDB, 0xA1, 0x12, 0xF0, 0xE8, 0x42, 0x00, 0xD6, 0xBA, 0x4F, 0xFF, 0xD3, 0x00,
    0x00, 0xC2, 0xBB, 0xBB, 0xFF, 0x63, 0x00, 0x00, 0xAE, 0xDD, 0xF8, 0xFF, 0x01, 0x00, 0x00, 0x9B,
    0xFF, 0xFF, 0x8A, 0x00, 0x00, 0x00, 0x92, 0xFF, 0xFF, 0x06, 0x00, 0x00, 0x00, 0xD3, 0x7C, 0x00,
    0x00, 0x00, 0xDF, 0xDF, 0x01, 0xD3, 0x70, 0x00, 0x00, 0x24, 0xE6, 0x92, 0x00, 0xD3, 0x64, 0xA1,
    0xAD, 0x89, 0xF6, 0x37, 0x00, 0xD3, 0x5A, 0xFF, 0xC3, 0xC3, 0xFF, 0x00, 0x00, 0xD3, 0xA6, 0xFF,
    0xD9, 0xD9, 0xB6, 0x00, 0x00, 0xD3, 0xF4, 0xB9, 0xF7, 0xFA, 0x43, 0x00, 0x00, 0xD3, 0xFF, 0x4F,
    0xFC, 0xF3, 0x1D, 0x00, 0x00, 0xD3, 0xEA, 0x1F, 0xFC, 0xBA, 0x12, 0x00, 0x00, 0x00, 0x0B, 0xD2,
    0xCA, 0x15, 0xC0, 0xFF, 0x22, 0x00, 0x02, 0x86, 0xFF, 0x69, 0xFF, 0x54, 0x00, 0x00, 0x00, 0x54,
    0xF3, 0xFF, 0xB6, 0x08, 0x00, 0x00, 0x00, 0x1D, 0xDC, 0xF3, 0x53, 0x00, 0x00, 0x00, 0x00, 0x58,
    0xF5, 0xEA, 0x3F, 0x00, 0x00, 0x00, 0x0B, 0xD2, 0xFF, 0xFF, 0x71, 0x00, 0x00, 0x00, 0x78, 0xFF,
    0x4B, 0xE5, 0xB5, 0x08, 0x00, 0x2A, 0xFF, 0xB0, 0x0E, 0x7B, 0xFE, 0x10, 0x00, 0x00, 0x0F, 0xF9,
    0x7F, 0x00, 0x6D, 0xFB, 0xBB, 0x00, 0x0B, 0xD6, 0xB4, 0x0A, 0xA8, 0xFF, 0x10, 0x00, 0x09, 0xC1,
    0xCB, 0x27, 0xEA, 0x9F, 0x00, 0x00, 0x04, 0x97, 0xF8, 0x68, 0xFF, 0x14, 0x00, 0x00, 0x00, 0x74,
    0xFF, 0xE5, 0xB1, 0x07, 0x00, 0x00, 0x00, 0x70, 0xFF, 0xFD, 0x6A, 0x00, 0x00, 0x00, 0x00, 0x54,
    0xF3, 0xDF, 0x25, 0x00, 0x00, 0x00, 0x00, 0x4B, 0xEF, 0xAD, 0x00, 0x00, 0x00, 0x00, 0x00, 0x74,
    0xFF, 0x2C, 0x00, 0x00, 0x00, 0x1C, 0xB7, 0xFD, 0xBA, 0x00, 0x00, 0x00, 0x00, 0x59, 0xFF, 0xE7,
    0x2D, 0x00, 0x00, 0x00, 0x00, 0x14, 0xBB, 0xFF, 0xFF, 0xFF, 0xFF, 0xB4, 0x0F, 0x1C, 0x84, 0xAA,
    0xAA, 0xFF, 0xFE, 0xAD, 0x00, 0x00, 0x00, 0x00, 0xB2, 0xFF, 0xD7, 0x1B, 0x00, 0x00, 0x00, 0x9A,
    0xFB, 0xF2, 0x20, 0x00, 0x00, 0x00, 0x83, 0xF3, 0xFF, 0x25, 0x00, 0x00, 0x00, 0x6B, 0xEB, 0xFF,
    0x35, 0x00, 0x00, 0x00, 0x00, 0xC7, 0xFF, 0xD4, 0xAC, 0xAA, 0x90, 0x00, 0x00, 0xE0, 0xFF, 0xFF,
    0xFF, 0xFD, 0xBB, 0x00, 0x00, 0x00, 0x00, 0x00, 0x00, 0xA3, 0xFF, 0xFF, 0xFF, 0x00, 0x00, 0x00,
    0x33, 0xFF, 0xFF, 0x91, 0x5A, 0x00, 0x00, 0x00, 0x9F, 0xFF, 0xAE, 0x00, 0x00, 0x00, 0x00, 0x00,
    0xC4, 0xFF, 0x5A, 0x00, 0x00, 0x00, 0x00, 0x00, 0xFF, 0xFF, 0x13, 0x00, 0x00, 0x09, 0x24, 0xA6,
    0xFF, 0xE2, 0x00, 0x00, 0x00, 0xA2, 0xFF, 0xFF, 0xEE, 0x1B, 0x00, 0x00, 0x00, 0x3D, 0x7F, 0xFF,
    0xFF, 0x58, 0x00, 0x00, 0x00, 0x00, 0x00, 0xBA, 0xFF, 0x6A, 0x00, 0x00, 0x00, 0x00, 0x00, 0xED,
    0xFF, 0x24, 0x00, 0x00, 0x00, 0x00, 0x00, 0xFF, 0xFF, 0x00, 0x00, 0x00, 0x00, 0x00, 0x15, 0xFF,
    0xFF, 0x2E, 0x0F, 0x00, 0x00, 0x00, 0x01, 0xFF, 0xFF, 0xFF, 0xB4, 0x00, 0x00, 0x00, 0x00, 0x07,
    0x49, 0x5E, 0x2A, 0x00, 0x00, 0xB4, 0xFF, 0xB4, 0xFF, 0xB4, 0xFF, 0xB4, 0xFF, 0xB4, 0xFF, 0xB4,
    0xFF, 0x49, 0x81, 0x00, 0x00, 0xB4, 0xFF, 0xB4, 0xFF, 0xB4, 0xFF, 0xB4, 0xFF, 0xB4, 0xFF, 0xB4,
    0xFF, 0x46, 0x7B, 0x00, 0x00, 0xA9, 0xFF, 0xFF, 0xD0, 0x04, 0x00, 0x00, 0x00, 0x46, 0x8B, 0xFF,
    0xFF, 0x3A, 0x00, 0x00, 0x00, 0x00, 0x00, 0xFF, 0xFF, 0x10, 0x00, 0x00, 0x00, 0x00, 0x06, 0xFF,
    0xFF, 0x00, 0x00, 0x00, 0x00, 0x00, 0x40, 0xFF, 0xDA, 0x00, 0x00, 0x00, 0x00, 0x00, 0x57, 0xFF,
    0xFF, 0x42, 0x12, 0x00, 0x00, 0x00, 0x03, 0xE1, 0xFF, 0xFF, 0xC3, 0x00, 0x00, 0x00, 0xBD, 0xFF,
    0xD7, 0x6F, 0x2E, 0x00, 0x00, 0x01, 0xFF, 0xFF, 0x0A, 0x00, 0x00, 0x00, 0x00, 0x33, 0xFF, 0xE3,
    0x00, 0x00, 0x00, 0x00, 0x00, 0x7F, 0xFF, 0xA6, 0x00, 0x00, 0x00, 0x0D, 0x28, 0xE7, 0xFF, 0x67,
    0x00, 0x00, 0x00, 0xE8, 0xFF, 0xFF, 0xD7, 0x01, 0x00, 0x00, 0x00, 0x51, 0x52, 0x28, 0x00, 0x00,
    0x00, 0x00, 0x00, 0x00, 0xB5, 0xFF, 0xFB, 0x28, 0x00, 0xE4, 0xFF, 0x33, 0xFF, 0xFF, 0xFF, 0xFD,
    0x0A, 0xFF, 0xFF, 0x96, 0xFF, 0x5B, 0x9C, 0xFF, 0xFF, 0xFF, 0xB9, 0xBB, 0xFF, 0x2E, 0x00, 0xB1,
    0xFF, 0xFF, 0x28, 0x00, 0x09, 0xF1, 0xFF, 0x12, 0x00, 0x4B, 0xFF, 0xFF, 0x19, 0x00, 0x03, 0x99,
    0x58, 0x00, 0x00, 0x01, 0x12, 0x03, 0x00, 0x00, 0x70, 0xFF, 0x4B, 0x00, 0x00, 0xC0, 0xFF, 0x30,
    0x00, 0x00, 0xFF, 0xFF, 0x10, 0x00, 0x22, 0xFF, 0xFF, 0x00, 0x00, 0x6C, 0xFF, 0xD7, 0x00, 0x00,
    0xB4, 0xFF, 0xBA, 0x00, 0x00, 0xD2, 0xFF, 0x72, 0x00, 0x00, 0x00, 0x00, 0x00, 0x00, 0x00, 0xE2,
    0x64, 0x00, 0x00, 0x00, 0x00, 0x00, 0x00, 0xFF, 0x1C, 0x00, 0x00, 0x00, 0x3C, 0xDA, 0xFF, 0xFF,
    0xFF, 0x78, 0x00, 0x39, 0xFF, 0xFF, 0xFA, 0xFF, 0xFF, 0x79, 0x00, 0xE7, 0xFF, 0x5E, 0xBA, 0xBE,
    0x06, 0x0F, 0x24, 0xFF, 0xE2, 0x00, 0xD8, 0x73, 0x00, 0x00, 0x5E, 0xFF, 0xAB, 0x00, 0xFF, 0x27,
    0x00, 0x00, 0x4B, 0xFF, 0xDC, 0x18, 0xFF, 0x00, 0x19, 0x00, 0x09, 0xFF, 0xFF, 0xFF, 0xFF, 0xFF,
    0x8A, 0x00, 0x00, 0x3A, 0xEE, 0xFF, 0xFF, 0xFC, 0x2D, 0x00, 0x00, 0x00, 0x00, 0xCB, 0x7C, 0x00,
    0x00, 0x00, 0x00, 0x00, 0x00, 0xFF, 0x34, 0x00, 0x00, 0x00, 0x00, 0x00, 0x00, 0x05, 0xCA, 0xFF,
    0xFF, 0x72, 0x00, 0x00, 0x00, 0x87, 0xFF, 0xFB, 0xFF, 0x73, 0x00, 0x00, 0x04, 0xD1, 0xDA, 0x18,
    0x08, 0x0C, 0x00, 0x00, 0x2C, 0xE2, 0xB9, 0x00, 0x00, 0x00, 0x00, 0x0C, 0xD0, 0xFB, 0xF1, 0xA9,
    0x0A, 0x00, 0x00, 0x1C, 0xFF, 0xFF, 0xFF, 0xDC, 0x0C, 0x00, 0x00, 0x00, 0x70, 0xFF, 0x1E, 0x00,
    0x00, 0x00, 0x00, 0x01, 0x7B, 0xFF, 0x00, 0x00, 0x00, 0x00, 0x00, 0xE5, 0xFF, 0xFF, 0xFF, 0xFD,
    0x13, 0x00, 0x0F, 0xFF, 0xFF, 0xFF, 0xFF, 0xFF, 0x10, 0x00, 0x55, 0xB2, 0x00, 0x00, 0x00, 0xA5,
    0x45, 0x76, 0xFF, 0xFF, 0xFF, 0xFF, 0xFF, 0x5A, 0x00, 0xDE, 0xE8, 0x57, 0xF8, 0xC4, 0x00, 0x00,
    0xFF, 0x79, 0x00, 0x93, 0xF1, 0x00, 0x00, 0xE6, 0xC4, 0x0F, 0xD8, 0xC9, 0x00, 0x45, 0xFF, 0xFF,
    0xFF, 0xFF, 0xFF, 0x33, 0x8D, 0xD5, 0x0F, 0x37, 0x15, 0xE7, 0x6C, 0x00, 0x00, 0x00, 0x00, 0x00,
    0x00, 0x00, 0x00, 0x45, 0xFF, 0x39, 0x00, 0xB0, 0xEF, 0x07, 0x00, 0x2B, 0xEA, 0x83, 0x41, 0xFF,
    0x50, 0x00, 0x00, 0x1D, 0xD3, 0xCA, 0xCA, 0xD0, 0x13, 0x00, 0x00, 0xD2, 0xFF, 0xFF, 0xFF, 0xFF,
    0x4D, 0x00, 0x00, 0x4C, 0xA7, 0xFF, 0xDA, 0x5E, 0x16, 0x00, 0x00, 0x17, 0x5F, 0xFF, 0x79, 0x16,
    0x04, 0x00, 0x11, 0xFF, 0xFF, 0xFF, 0xFF, 0xEF, 0x30, 0x00, 0x0C, 0x60, 0xA5, 0xF5, 0x7D, 0x53,
    0x0B, 0x00, 0x00, 0x00, 0x9A, 0xE3, 0x23, 0x00, 0x00, 0x00, 0x00, 0x00, 0xBF, 0xCE, 0x0F, 0x00,
    0x00, 0x00, 0x3C, 0x69, 0xB4, 0xFF, 0xB4, 0xFF, 0xB4, 0xFF, 0xB4, 0xFF, 0xB4, 0xFF, 0x00, 0x00,
    0x3C, 0x69, 0xB4, 0xFF, 0xB4, 0xFF, 0xB4, 0xFF, 0xB4, 0xFF, 0xB4, 0xFF, 0x00, 0x00, 0x15, 0xC4,
    0xFF, 0xFF, 0xF8, 0x2A, 0x00, 0x00, 0xBF, 0xFF, 0xE1, 0xBE, 0xFF, 0x0F, 0x00, 0x00, 0xFD, 0xFF,
    0x07, 0x00, 0x00, 0x00, 0x00, 0x00, 0xB5, 0xFF, 0xD5, 0x1C, 0x00, 0x00, 0x00, 0x40, 0xFF, 0xE7,
    0xFF, 0xFF, 0x58, 0x00, 0x00, 0xDA, 0xFF, 0x03, 0x3C, 0xFF, 0xFF, 0x03, 0x00, 0xCF, 0xFF, 0x76,
    0x00, 0xC8, 0xFF, 0x04, 0x00, 0x1F, 0xF1, 0xFF, 0xE2, 0xFF, 0x88, 0x00, 0x00, 0x00, 0x04, 0xBB,
    0xFF, 0xF6, 0x00, 0x00, 0x00, 0x00, 0x00, 0x00, 0xEB, 0xFF, 0x1B, 0x00, 0x1B, 0xFF, 0xC5, 0xC3,
    0xFF, 0xFF, 0x01, 0x00, 0x34, 0xF6, 0xFF, 0xFF, 0xEB, 0x43, 0x00, 0x00, 0x00, 0xCA, 0xBD, 0x31,
    0xE4, 0x6A, 0x13, 0xFF, 0xA8, 0x88, 0xFF, 0x58, 0x0C, 0x7E, 0xF0, 0xFF, 0xDE, 0x44, 0x00, 0x00,
    0x96, 0xBF, 0x30, 0x02, 0x6D, 0xE5, 0x4E, 0x00, 0xAD, 0x7A, 0xE1, 0xFF, 0xD0, 0x61, 0xB3, 0x0D,
    0x87, 0xBC, 0xC3, 0x17, 0x44, 0x26, 0xAC, 0x6F, 0x8F, 0xC1, 0x58, 0x03, 0x00, 0x1E, 0x9F, 0x99,
    0x86, 0xBC, 0xC0, 0x17, 0x42, 0x27, 0xB4, 0x73, 0xAD, 0x7B, 0xE2, 0xFF, 0xCF, 0x58, 0xB4, 0x10,
    0x97, 0xBF, 0x30, 0x02, 0x6B, 0xE4, 0x4D, 0x00, 0x0B, 0x7C, 0xEF, 0xFF, 0xDD, 0x44, 0x00, 0x00,
    0x00, 0x00, 0xCD, 0xFF, 0xFF, 0xAD, 0x01, 0x00, 0x12, 0x9C, 0x3C, 0xA8, 0xFF, 0x36, 0x00, 0x58,
    0xF5, 0xFF, 0xFF, 0xFF, 0x21, 0x04, 0xFF, 0xD0, 0x18, 0xB9, 0xFF, 0x00, 0x1C, 0xFF, 0xA3, 0x36,
    0xFF, 0xE7, 0x00, 0x00, 0xBF, 0xFF, 0xE6, 0xFF, 0xAA, 0x00, 0x9D, 0xFF, 0xFF, 0xFF, 0xFF, 0x6A,
    0x00, 0x22, 0x42, 0x42, 0x42, 0x42, 0x09, 0x00, 0x00, 0x00, 0x00, 0x00, 0x1E, 0x00, 0x00, 0x1F,
    0x00, 0x00, 0x1B, 0xDA, 0x64, 0x0F, 0xC4, 0x8A, 0x00, 0x5B, 0xFF, 0xE3, 0x54, 0xFF, 0xF7, 0x1F,
    0x63, 0xFF, 0xA6, 0x42, 0xFF, 0xA5, 0x04, 0x00, 0x5A, 0xFF, 0xC6, 0x40, 0xFF, 0xE1, 0x0C, 0x00,
    0x00, 0x72, 0xFF, 0xA2, 0x54, 0xFF, 0xAA, 0x00, 0x00, 0x00, 0x76, 0x70, 0x00, 0x57, 0x8E, 0x00,
    0x00, 0x00, 0x00, 0x00, 0x00, 0x00, 0x00, 0x00, 0x60, 0xCD, 0xCD, 0xCD, 0xCD, 0xCD, 0xCD, 0xA8,
    0x96, 0xFF, 0xFF, 0xFF, 0xFF, 0xFF, 0xFF, 0xFF, 0x00, 0x00, 0x00, 0x00, 0x00, 0x00, 0xFF, 0xFF,
    0x00, 0x00, 0x00, 0x00, 0x00, 0x00, 0xFF, 0xFF, 0x00, 0x04, 0x06, 0x06, 0x06, 0x01, 0x15, 0xFF,
    0xFF, 0xFF, 0xFF, 0x5E, 0x5A, 0xFF, 0xFF, 0xFF, 0xFF, 0x18, 0x0C, 0x7D, 0xEF, 0xFF, 0xDE, 0x44,
    0x00, 0x00, 0x96, 0xD2, 0x35, 0x02, 0x72, 0xE5, 0x4E, 0x00, 0xA4, 0xAF, 0xF1, 0xFF, 0xA8, 0x5F,
    0xB3, 0x0D, 0x7C, 0x7C, 0xB6, 0x7A, 0xEF, 0x26, 0xAE, 0x6F, 0x70, 0x75, 0xEF, 0xFF, 0x84, 0x1E,
    0x9F, 0x99, 0x7F, 0x7E, 0xB6, 0xB2, 0xD8, 0x27, 0xB4, 0x73, 0xA4, 0x96, 0x9C, 0x1E, 0xD9, 0x70,
    0xB4, 0x10, 0x96, 0xC7, 0x34, 0x02, 0x6B, 0xE4, 0x4D, 0x00, 0x0B, 0x7D, 0xF0, 0xFF, 0xDD, 0x44,
    0x00, 0x00, 0x00, 0x13, 0x18, 0x18, 0x18, 0x0A, 0x03, 0xFF, 0xFF, 0xFF, 0xFF, 0x84, 0x07, 0x60,
    0x60, 0x60, 0x60, 0x15, 0x00, 0x37, 0xFF, 0xFF, 0xA8, 0x00, 0x00, 0xFF, 0xAD, 0x67, 0xFF, 0x4F,
    0x0A, 0xFF, 0x1B, 0x00, 0xD4, 0xA8, 0x00, 0xFF, 0x88, 0x21, 0xFF, 0x6C, 0x00, 0x75, 0xFF, 0xFF,
    0xC6, 0x00, 0x00, 0x00, 0x0C, 0x1E, 0x00, 0x00, 0x00, 0x00, 0x00, 0xBE, 0xFF, 0x0C, 0x00, 0x00,
    0x00, 0x00, 0x00, 0xBE, 0xFF, 0x0C, 0x00, 0x00, 0x60, 0xCD, 0xCD, 0xFF, 0xFF, 0xCF, 0xCD, 0xA8,
    0x96, 0xFF, 0xFF, 0xFF, 0xFF, 0xFF, 0xFF, 0xFF, 0x00, 0x00, 0x00, 0xBE, 0xFF, 0x0C, 0x00, 0x00,
    0x00, 0x00, 0x00, 0xBE, 0xFF, 0x0C, 0x00, 0x00, 0x00, 0x00, 0x00, 0x82, 0xB9, 0x06, 0x00, 0x00,
    0x61, 0xD2, 0xD2, 0xD2, 0xD2, 0xD2, 0xD2, 0xAD, 0x96, 0xFF, 0xFF, 0xFF, 0xFF, 0xFF, 0xFF, 0xFF,
    0x00, 0x1C, 0xFF, 0xFF, 0xFF, 0xBF, 0x00, 0x00, 0x16, 0x2D, 0x00, 0xB5, 0xFF, 0x00, 0x00, 0x00,
    0x00, 0x91, 0xEB, 0x2B, 0x00, 0x00, 0x39, 0xD4, 0xA0, 0x03, 0x00, 0x00, 0x27, 0xFF, 0xFF, 0xFF,
    0xFF, 0x9C, 0x00, 0x00, 0x01, 0xFC, 0xFF, 0xFF, 0xFD, 0x0A, 0x00, 0x00, 0x6F, 0xFF, 0xFF, 0x94,
    0x00, 0x00, 0x00, 0x00, 0x13, 0xDC, 0xD5, 0x00, 0x00, 0x57, 0x06, 0x13, 0xF7, 0xC5, 0x00, 0x0C,
    0xFF, 0xFF, 0xFF, 0xD8, 0x21, 0x00, 0x00, 0x18, 0xBE, 0x8C, 0x0A, 0x07, 0xC7, 0xFF, 0x36, 0x00,
    0x80, 0xEC, 0x1F, 0x00, 0x00, 0x00, 0x00, 0xA9, 0xE2, 0x42, 0x50, 0xFD, 0xEE, 0x00, 0x00, 0xC7,
    0xD4, 0x34, 0x8F, 0xF5, 0xB1, 0x00, 0x00, 0xFC, 0xB8, 0x19, 0xAC, 0xF1, 0x8B, 0x00, 0x03, 0xFF,
    0xA2, 0x02, 0xDF, 0xE7, 0x42, 0x00, 0x35, 0xFF, 0x9E, 0x04, 0xE0, 0xE0, 0x06, 0x00, 0x74, 0xFD,
    0x94, 0x49, 0xEE, 0xDF, 0x00, 0x00, 0x96, 0xFF, 0xFA, 0xFA, 0xFF, 0xEC, 0x67, 0x00, 0xCA, 0xFD,
    0xF7, 0xC2, 0xEE, 0xE7, 0x3C, 0x00, 0xDF, 0xE1, 0x0B, 0x00, 0x00, 0x00, 0x00, 0x17, 0xE4, 0xDF,
    0x00, 0x00, 0x00, 0x00, 0x00, 0x44, 0xED, 0xBE, 0x00, 0x00, 0x00, 0x00, 0x00, 0x02, 0x77, 0xEF,
    0xFF, 0xFF, 0xFF, 0xB5, 0x12, 0x6C, 0xEB, 0xFF, 0xFF, 0x6B, 0xBD, 0xAF, 0x00, 0xA6, 0xFF, 0xFF,
    0xFF, 0x21, 0xCB, 0x8F, 0x00, 0xBB, 0xFF, 0xFF, 0xFF, 0x10, 0xF0, 0x78, 0x00, 0x9D, 0xFF, 0xFF,
    0xD7, 0x1E, 0xE2, 0x45, 0x00, 0x25, 0x9C, 0xF4, 0xB9, 0x60, 0xD4, 0x11, 0x00, 0x00, 0x08, 0xD1,
    0x73, 0xA6, 0xCF, 0x00, 0x00, 0x00, 0x38, 0xDF, 0x2D, 0xC6, 0xB0, 0x00, 0x00, 0x00, 0x6C, 0xED,
    0x10, 0xFB, 0x96, 0x00, 0x00, 0x00, 0x85, 0xD8, 0x17, 0xF6, 0x59, 0x00, 0x00, 0x00, 0xAF, 0xCA,
    0x56, 0xF1, 0x1C, 0x00, 0x00, 0x00, 0x6F, 0x57, 0x48, 0x96, 0x00, 0x00, 0x00, 0x2A, 0x5D, 0x00,
    0xFF, 0xFF, 0x52, 0xC5, 0xFF, 0x2D, 0x00, 0x04, 0xFF, 0x22, 0x15, 0x09, 0xFF, 0x70, 0xFF, 0xFF,
    0xFF, 0x16, 0x0F, 0x19, 0x00, 0x00, 0x00, 0x01, 0xF7, 0xFF, 0xFF, 0x00, 0x00, 0x01, 0x0A, 0xD4,
    0xDA, 0x00, 0x00, 0x00, 0x00, 0xFF, 0xAE, 0x00, 0x00, 0x00, 0x2D, 0xFF, 0x55, 0x00, 0x00, 0xFF,
    0xFF, 0xFF, 0xFF, 0xB2, 0x00, 0x04, 0xBB, 0xFF, 0xFF, 0xA3, 0x00, 0x00, 0xAB, 0xFF, 0x81, 0xB2,
    0xFF, 0x46, 0x00, 0xFF, 0xD3, 0x00, 0x4E, 0xFF, 0x54, 0x00, 0xFF, 0xDE, 0x10, 0xCF, 0xFF, 0x0D,
    0x00, 0x8A, 0xFF, 0xFF, 0xFF, 0x5B, 0x00, 0x00, 0x00, 0x0F, 0x2A, 0x01, 0x00, 0x00, 0x8A, 0xFF,
    0xFF, 0xFF, 0xFF, 0x82, 0x00, 0x1E, 0x42, 0x42, 0x42, 0x42, 0x0F, 0x00, 0x00, 0x1B, 0x03, 0x00,
    0x12, 0x0C, 0x00, 0x00, 0x00, 0x94, 0xC9, 0x03, 0x6A, 0xE6, 0x0A, 0x00, 0x00, 0x6A, 0xFF, 0xC4,
    0x4E, 0xFF, 0xE1, 0x09, 0x00, 0x00, 0x79, 0xFF, 0x8A, 0x57, 0xFF, 0xB4, 0x00, 0x31, 0xF3, 0xFF,
    0x4E, 0xDE, 0xFF, 0x42, 0x2E, 0xFF, 0xBE, 0x1F, 0xFF, 0xD5, 0x16, 0x00, 0x6A, 0x7C, 0x00, 0x4B,
    0x9D, 0x00, 0x00, 0x00, 0x00, 0x00, 0x00, 0x00, 0x00, 0x00, 0x00, 0x00, 0x00, 0xAA, 0xFF, 0xFF,
    0x42, 0x00, 0x00, 0x00, 0x00, 0x61, 0xAF, 0xFF, 0x06, 0x00, 0x00, 0x00, 0x00, 0x00, 0xA8, 0xFF,
    0x00, 0x00, 0x00, 0x00, 0x00, 0x00, 0xE2, 0xC9, 0x00, 0x00, 0x00, 0x00, 0x00, 0x00, 0xFF, 0xAC,
    0x00, 0x00, 0x00, 0x00, 0xC6, 0xFF, 0xFF, 0xFF, 0xEB, 0x00, 0x12, 0x33, 0x1B, 0x24, 0x49, 0xA3,
    0xC9, 0xF7, 0xF7, 0xA5, 0x96, 0xFF, 0xE3, 0xB8, 0x60, 0x0F, 0x5E, 0x39, 0x12, 0x03, 0x00, 0x00,
    0x00, 0xB5, 0xFF, 0xA3, 0x00, 0x00, 0x00, 0x00, 0xB1, 0xA3, 0xFF, 0x51, 0x00, 0x00, 0x00, 0xAF,
    0xA5, 0x67, 0xFF, 0x09, 0x00, 0x00, 0x2B, 0xFF, 0xFF, 0xFF, 0xFF, 0xAD, 0x00, 0x00, 0x00, 0x00,
    0x00, 0xD9, 0xBF, 0x00, 0x29, 0x87, 0xA1, 0x30, 0x00, 0x00, 0x00, 0x00, 0x5E, 0xCD, 0xF9, 0x27,
    0x00, 0x00, 0x00, 0x00, 0x00, 0x7C, 0xF1, 0x10, 0x00, 0x00, 0x00, 0x00, 0x00, 0x95, 0xD4, 0x0D,
    0x00, 0x00, 0x00, 0x00, 0x00, 0xAF, 0xC0, 0x0B, 0x00, 0x00, 0x00, 0x00, 0xE6, 0xFF, 0xFF, 0xEC,
    0x01, 0x11, 0x21, 0x00, 0x20, 0x24, 0x57, 0x9D, 0xE6, 0xEF, 0x73, 0x00, 0x98, 0xED, 0xFC, 0xA9,
    0x55, 0x05, 0x00, 0x00, 0x77, 0x3B, 0x0D, 0xE6, 0xFF, 0xEF, 0x75, 0x00, 0x00, 0x00, 0x12, 0x50,
    0x10, 0xAF, 0xB2, 0x07, 0x00, 0x00, 0x00, 0x00, 0x26, 0xEF, 0x73, 0x00, 0x00, 0x00, 0x00, 0x34,
    0xFA, 0x88, 0x00, 0x00, 0x00, 0x00, 0x69, 0xF7, 0x71, 0x00, 0x00, 0x00, 0x00, 0x13, 0xD4, 0xFF,
    0xFF, 0xF1, 0x7A, 0x00, 0x00, 0x91, 0xFF, 0xFF, 0xFF, 0x52, 0x00, 0x00, 0x00, 0x28, 0x13, 0x13,
    0xFF, 0xB7, 0x00, 0x00, 0x00, 0x00, 0xF1, 0xFF, 0xD4, 0x0D, 0x00, 0x00, 0x00, 0x00, 0x22, 0x8B,
    0xFF, 0x28, 0x00, 0x00, 0x3F, 0x2B, 0x04, 0x93, 0xFF, 0x1E, 0x00, 0x00, 0xB7, 0xFF, 0xFF, 0xFF,
    0x7C, 0x0A, 0x5D, 0x6C, 0x00, 0x12, 0x69, 0xA5, 0xF1, 0xFF, 0xC4, 0x75, 0xAF, 0xFD, 0xB6, 0x7F,
    0x22, 0x07, 0x94, 0x55, 0x00, 0x00, 0x00, 0x00, 0x04, 0xD3, 0xFF, 0x9A, 0x00, 0x00, 0x00, 0x03,
    0xCA, 0xB1, 0xFF, 0x4B, 0x00, 0x00, 0x00, 0xC0, 0x9D, 0x6A, 0xFF, 0x07, 0x00, 0x00, 0x2D, 0xFF,
    0xFF, 0xFF, 0xFF, 0xAD, 0x00, 0x00, 0x00, 0x00, 0x00, 0xD9, 0xBF, 0x00, 0x00, 0x00, 0x00, 0x00,
    0x1B, 0x63, 0x00, 0x00, 0x00, 0x00, 0x00, 0xF7, 0xFF, 0x5B, 0x00, 0x00, 0x00, 0x00, 0xE7, 0xFF,
    0x1C, 0x00, 0x00, 0x00, 0x00, 0x00, 0x00, 0x00, 0x00, 0x00, 0x00, 0x0F, 0xFF, 0xFB, 0x00, 0x00,
    0x00, 0x00, 0x82, 0xFF, 0xAD, 0x00, 0x00, 0x00, 0x36, 0xFF, 0xFF, 0x36, 0x00, 0x00, 0x4B, 0xFF,
    0xFF, 0x5A, 0x00, 0x00, 0x15, 0xFF, 0xFF, 0x55, 0x00, 0x00, 0x00, 0x7F, 0xFF, 0xCA, 0x00, 0x00,
    0x51, 0x34, 0x5D, 0xFF, 0xFF, 0xE1, 0xFF, 0xFF, 0x24, 0x00, 0xBB, 0xFF, 0xFF, 0xF8, 0x97, 0x00,
    0x00, 0x00, 0x00, 0x1C, 0xBC, 0x9C, 0x00, 0x00, 0x00, 0x00, 0x00, 0x00, 0x69, 0xF4, 0x0B, 0x00,
    0x00, 0x00, 0x00, 0x00, 0x00, 0x00, 0x00, 0x00, 0x00, 0x00, 0x00, 0x24, 0xC4, 0xFF, 0x9E, 0x00,
    0x00, 0x00, 0x00, 0x57, 0xF7, 0xFF, 0x9A, 0x00, 0x00, 0x00, 0x0A, 0x90, 0xEB, 0xFB, 0xB0, 0x00,
    0x00, 0x00, 0x1B, 0xE7, 0x98, 0xEA, 0xC6, 0x00, 0x00, 0x00, 0x55, 0xF9, 0x5D, 0xE0, 0xDC, 0x00,
    0x00, 0x00, 0xD0, 0xCC, 0x2D, 0xDF, 0xDF, 0x00, 0x00, 0x28, 0xFF, 0xFF, 0xFF, 0xFF, 0xDF, 0x00,
    0x00, 0xA2, 0xFF, 0xF3, 0xE1, 0xFB, 0xE0, 0x07, 0x15, 0xE3, 0xE2, 0x0D, 0x00, 0xDF, 0xE4, 0x25,
    0x69, 0xF4, 0x8D, 0x00, 0x00, 0xDF, 0xE8, 0x43, 0x00, 0x00, 0x00, 0x00, 0x00, 0x95, 0xEE, 0x73,
    0x00, 0x00, 0x00, 0x00, 0x57, 0xF1, 0x4F, 0x00, 0x00, 0x00, 0x00, 0x00, 0x00, 0x00, 0x00, 0x00,
    0x00, 0x00, 0x00, 0x24, 0xC4, 0xFF, 0x9E, 0x00, 0x00, 0x00, 0x00, 0x57, 0xF7, 0xFF, 0x9A, 0x00,
    0x00, 0x00, 0x0A, 0x90, 0xEB, 0xFB, 0xB0, 0x00, 0x00, 0x00, 0x1B, 0xE7, 0x98, 0xEA, 0xC6, 0x00,
    0x00, 0x00, 0x55, 0xF9, 0x5D, 0xE0, 0xDC, 0x00, 0x00, 0x00, 0xD0, 0xCC, 0x2D, 0xDF, 0xDF, 0x00,
    0x00, 0x28, 0xFF, 0xFF, 0xFF, 0xFF, 0xDF, 0x00, 0x00, 0xA2, 0xFF, 0xF3, 0xE1, 0xFB, 0xE0, 0x07,
    0x15, 0xE3, 0xE2, 0x0D, 0x00, 0xDF, 0xE4, 0x25, 0x69, 0xF4, 0x8D, 0x00, 0x00, 0xDF, 0xE8, 0x43,
    0x00, 0x00, 0x00, 0x0C, 0xA5, 0xFE, 0xDE, 0x10, 0x00, 0x00, 0x02, 0x6A, 0xD6, 0x3D, 0xF3, 0xA0,
    0x00, 0x00, 0x00, 0x00, 0x00, 0x00, 0x00, 0x00, 0x00, 0x00, 0x00, 0x24, 0xC4, 0xFF, 0x9E, 0x00,
    0x00, 0x00, 0x00, 0x57, 0xF7, 0xFF, 0x9A, 0x00, 0x00, 0x00, 0x0A, 0x90, 0xEB, 0xFB, 0xB0, 0x00,
    0x00, 0x00, 0x1B, 0xE7, 0x98, 0xEA, 0xC6, 0x00, 0x00, 0x00, 0x55, 0xF9, 0x5D, 0xE0, 0xDC, 0x00,
    0x00, 0x00, 0xD0, 0xCC, 0x2D, 0xDF, 0xDF, 0x00, 0x00, 0x28, 0xFF, 0xFF, 0xFF, 0xFF, 0xDF, 0x00,
    0x00, 0xA2, 0xFF, 0xF3, 0xE1, 0xFB, 0xE0, 0x07, 0x15, 0xE3, 0xE2, 0x0D, 0x00, 0xDF, 0xE4, 0x25,
    0x69, 0xF4, 0x8D, 0x00, 0x00, 0xDF, 0xE8, 0x43, 0x00, 0x00, 0x00, 0x00, 0x00, 0x00, 0x01, 0x04,
    0x00, 0x00, 0x00, 0x3B, 0xDA, 0xCF, 0x7A, 0xFF, 0x00, 0x00, 0x01, 0x64, 0x92, 0xCF, 0xEF, 0x7C,
    0x00, 0x00, 0x00, 0x00, 0x00, 0x00, 0x00, 0x00, 0x00, 0x00, 0x00, 0x24, 0xC4, 0xFF, 0x9E, 0x00,
    0x00, 0x00, 0x00, 0x57, 0xF7, 0xFF, 0x9A, 0x00, 0x00, 0x00, 0x0A, 0x90, 0xEB, 0xFB, 0xB0, 0x00,
    0x00, 0x00, 0x1B, 0xE7, 0x98, 0xEA, 0xC6, 0x00, 0x00, 0x00, 0x55, 0xF9, 0x5D, 0xE0, 0xDC, 0x00,
    0x00, 0x00, 0xD0, 0xCC, 0x2D, 0xDF, 0xDF, 0x00, 0x00, 0x28, 0xFF, 0xFF, 0xFF, 0xFF, 0xDF, 0x00,
    0x00, 0xA2, 0xFF, 0xF3, 0xE1, 0xFB, 0xE0, 0x07, 0x15, 0xE3, 0xE2, 0x0D, 0x00, 0xDF, 0xE4, 0x25,
    0x69, 0xF4, 0x8D, 0x00, 0x00, 0xDF, 0xE8, 0x43, 0x00, 0x00, 0x00, 0x4C, 0xEC, 0x21, 0xF9, 0xD0,
    0x00, 0x00, 0x00, 0x44, 0xB0, 0x2B, 0xD8, 0x82, 0x00, 0x00, 0x00, 0x00, 0x00, 0x00, 0x00, 0x00,
    0x00, 0x00, 0x00, 0x24, 0xC4, 0xFF, 0x9E, 0x00, 0x00, 0x00, 0x00, 0x57, 0xF7, 0xFF, 0x9A, 0x00,
    0x00, 0x00, 0x0A, 0x90, 0xEB, 0xFB, 0xB0, 0x00, 0x00, 0x00, 0x1B, 0xE7, 0x98, 0xEA, 0xC6, 0x00,
    0x00, 0x00, 0x55, 0xF9, 0x5D, 0xE0, 0xDC, 0x00, 0x00, 0x00, 0xD0, 0xCC, 0x2D, 0xDF, 0xDF, 0x00,
    0x00, 0x28, 0xFF, 0xFF, 0xFF, 0xFF, 0xDF, 0x00, 0x00, 0xA2, 0xFF, 0xF3, 0xE1, 0xFB, 0xE0, 0x07,
    0x15, 0xE3, 0xE2, 0x0D, 0x00, 0xDF, 0xE4, 0x25, 0x69, 0xF4, 0x8D, 0x00, 0x00, 0xDF, 0xE8, 0x43,
    0x00, 0x00, 0x00, 0x14, 0xAE, 0xFE, 0x6C, 0x00, 0x00, 0x00, 0x00, 0x52, 0xBE, 0x74, 0xE0, 0x07,
    0x00, 0x00, 0x00, 0x52, 0xBF, 0x50, 0xE0, 0x07, 0x00, 0x00, 0x00, 0x3B, 0xDA, 0xFF, 0x9C, 0x00,
    0x00, 0x00, 0x00, 0x60, 0xFF, 0xFF, 0x9E, 0x00, 0x00, 0x00, 0x0D, 0xA2, 0xE7, 0xFA, 0xB3, 0x00,
    0x00, 0x00, 0x1E, 0xF4, 0x98, 0xEA, 0xC9, 0x00, 0x00, 0x00, 0x65, 0xF4, 0x64, 0xE2, 0xDD, 0x00,
    0x00, 0x00, 0xDC, 0xC8, 0x30, 0xE1, 0xDF, 0x00, 0x00, 0x30, 0xFF, 0xFF, 0xFF, 0xFF, 0xDF, 0x00,
    0x00, 0xA8, 0xFF, 0xF1, 0xE1, 0xFB, 0xE0, 0x09, 0x17, 0xE4, 0xE1, 0x0B, 0x00, 0xDF, 0xE4, 0x27,
    0x6A, 0xF4, 0xA4, 0x00, 0x00, 0xDF, 0xE8, 0x45, 0x00, 0x00, 0x00, 0x00, 0xFC, 0xFF, 0xFF, 0xFF,
    0x00, 0x00, 0x00, 0x3E, 0xFF, 0xFF, 0xFF, 0xB2, 0x00, 0x00, 0x00, 0x95, 0xD6, 0xF7, 0x46, 0x00,
    0x00, 0x00, 0x03, 0xC0, 0xBB, 0xFA, 0xF4, 0x00, 0x00, 0x00, 0x0B, 0xE9, 0x6C, 0xFC, 0xF4, 0x00,
    0x00, 0x00, 0x27, 0xEE, 0x50, 0xF8, 0x00, 0x00, 0x00, 0x00, 0xB9, 0xFF, 0xFF, 0xC5, 0x00, 0x00,
    0x00, 0x03, 0xFF, 0xDD, 0xF3, 0xAD, 0x00, 0x00, 0x00, 0x3D, 0xF9, 0x33, 0xC4, 0xFF, 0xB0, 0x00,
    0x00, 0x70, 0xF0, 0x05, 0xDE, 0xFF, 0x99, 0x00, 0x00, 0x00, 0x59, 0xE5, 0xFF, 0xFC, 0xAA, 0x15,
    0x00, 0x6C, 0xED, 0xFF, 0xFF, 0xFF, 0xB0, 0x03, 0x23, 0xC3, 0xFF, 0x8C, 0x00, 0x20, 0x64, 0x00,
    0x6F, 0xED, 0xC8, 0x0C, 0x00, 0x00, 0x00, 0x00, 0x91, 0xFF, 0x64, 0x04, 0x00, 0x00, 0x00, 0x00,
    0xAB, 0xFF, 0x30, 0x00, 0x00, 0x00, 0x00, 0x00, 0xBA, 0xFC, 0x2F, 0x00, 0x00, 0x00, 0x00, 0x00,
    0xB0, 0xFF, 0x30, 0x00, 0x00, 0x05, 0x00, 0x00, 0x97, 0xFF, 0xBE, 0x6B, 0xB6, 0x88, 0x00, 0x00,
    0x5B, 0xE2, 0xFF, 0xFF, 0xF9, 0x7F, 0x00, 0x00, 0x00, 0x36, 0xAB, 0xFB, 0x78, 0x0B, 0x00, 0x00,
    0x04, 0x07, 0x42, 0xF4, 0x00, 0x00, 0x00, 0x00, 0x33, 0xCC, 0xFF, 0xBB, 0x00, 0x00, 0x00, 0x00,
    0x00, 0x11, 0x13, 0x01, 0x00, 0x00, 0x00, 0x00, 0x00, 0x00, 0x1C, 0xE9, 0x9C, 0x00, 0x00, 0x00,
    0x00, 0x00, 0x00, 0x62, 0xF2, 0x2C, 0x00, 0x00, 0x00, 0x00, 0x00, 0x00, 0x00, 0x00, 0x00, 0x00,
    0x00, 0xAF, 0xFF, 0xFF, 0xFF, 0xFF, 0xE3, 0xA6, 0x1B, 0xBE, 0xFF, 0xFF, 0xFF, 0xFF, 0xC9, 0x51,
    0x45, 0xD6, 0xE7, 0x0E, 0x00, 0x00, 0x00, 0x00, 0x5D, 0xE3, 0xB6, 0x0A, 0x00, 0x00, 0x00, 0x00,
    0x80, 0xF7, 0xFF, 0xFF, 0xFF, 0xE1, 0x42, 0x00, 0x8F, 0xFF, 0xFF, 0xFF, 0xFF, 0xD4, 0x13, 0x00,
    0xA2, 0xFF, 0x30, 0x00, 0x00, 0x00, 0x00, 0x00, 0xC3, 0xEB, 0x2A, 0x00, 0x00, 0x00, 0x00, 0x00,
    0xD6, 0xFF, 0xFF, 0xFF, 0xFC, 0xAD, 0x00, 0x00, 0xF1, 0xFF, 0xFF, 0xFF, 0xFC, 0xA7, 0x00, 0x00,
    0x00, 0x00, 0x00, 0x00, 0x78, 0xEE, 0x71, 0x00, 0x00, 0x00, 0x00, 0x3C, 0xF9, 0x84, 0x00, 0x00,
    0x00, 0x00, 0x00, 0x00, 0x00, 0x00, 0x00, 0x00, 0x00, 0xAF, 0xFF, 0xFF, 0xFF, 0xFF, 0xE3, 0xA6,
    0x1B, 0xBE, 0xFF, 0xFF, 0xFF, 0xFF, 0xC9, 0x51, 0x45, 0xD6, 0xE7, 0x0E, 0x00, 0x00, 0x00, 0x00,
    0x5D, 0xE3, 0xB6, 0x0A, 0x00, 0x00, 0x00, 0x00, 0x80, 0xF7, 0xFF, 0xFF, 0xFF, 0xE1, 0x42, 0x00,
    0x8F, 0xFF, 0xFF, 0xFF, 0xFF, 0xD4, 0x13, 0x00, 0xA2, 0xFF, 0x30, 0x00, 0x00, 0x00, 0x00, 0x00,
    0xC3, 0xEB, 0x2A, 0x00, 0x00, 0x00, 0x00, 0x00, 0xD6, 0xFF, 0xFF, 0xFF, 0xFC, 0xAD, 0x00, 0x00,
    0xF1, 0xFF, 0xFF, 0xFF, 0xFC, 0xA7, 0x00, 0x00, 0x00, 0x00, 0x06, 0xC6, 0xFF, 0xD9, 0x25, 0x00,
    0x00, 0x01, 0xA8, 0xE5, 0x38, 0xD8, 0x96, 0x00, 0x00, 0x00, 0x00, 0x00, 0x00, 0x00, 0x00, 0x00,
    0x00, 0xAF, 0xFF, 0xFF, 0xFF, 0xFF, 0xE3, 0xA6, 0x1B, 0xBE, 0xFF, 0xFF, 0xFF, 0xFF, 0xC9, 0x51,
    0x45, 0xD6, 0xE7, 0x0E, 0x00, 0x00, 0x00, 0x00, 0x5D, 0xE3, 0xB6, 0x0A, 0x00, 0x00, 0x00, 0x00,
    0x80, 0xF7, 0xFF, 0xFF, 0xFF, 0xE1, 0x42, 0x00, 0x8F, 0xFF, 0xFF, 0xFF, 0xFF, 0xD4, 0x13, 0x00,
    0xA2, 0xFF, 0x30, 0x00, 0x00, 0x00, 0x00, 0x00, 0xC3, 0xEB, 0x2A, 0x00, 0x00, 0x00, 0x00, 0x00,
    0xD6, 0xFF, 0xFF, 0xFF, 0xFC, 0xAD, 0x00, 0x00, 0xF1, 0xFF, 0xFF, 0xFF, 0xFC, 0xA7, 0x00, 0x00,
    0x00, 0x00, 0x8C, 0xFA, 0x39, 0xF1, 0xAF, 0x00, 0x00, 0x00, 0x84, 0xD0, 0x0E, 0xC6, 0x7A, 0x00,
    0x00, 0x00, 0x00, 0x00, 0x00, 0x00, 0x00, 0x00, 0x00, 0xAF, 0xFF, 0xFF, 0xFF, 0xFF, 0xE3, 0xA6,
    0x1B, 0xBE, 0xFF, 0xFF, 0xFF, 0xFF, 0xC9, 0x51, 0x45, 0xD6, 0xE7, 0x0E, 0x00, 0x00, 0x00, 0x00,
    0x5D, 0xE3, 0xB6, 0x0A, 0x00, 0x00, 0x00, 0x00, 0x80, 0xF7, 0xFF, 0xFF, 0xFF, 0xE1, 0x42, 0x00,
    0x8F, 0xFF, 0xFF, 0xFF, 0xFF, 0xD4, 0x13, 0x00, 0xA2, 0xFF, 0x30, 0x00, 0x00, 0x00, 0x00, 0x00,
    0xC3, 0xEB, 0x2A, 0x00, 0x00, 0x00, 0x00, 0x00, 0xD6, 0xFF, 0xFF, 0xFF, 0xFC, 0xAD, 0x00, 0x00,
    0xF1, 0xFF, 0xFF, 0xFF, 0xFC, 0xA7, 0x00, 0x00, 0x00, 0x00, 0x43, 0xF4, 0x7D, 0x00, 0x00, 0x00,
    0x00, 0x00, 0x00, 0xAA, 0xF0, 0x08, 0x00, 0x00, 0x00, 0x00, 0x00, 0x00, 0x00, 0x00, 0x00, 0x00,
    0x00, 0xAF, 0xFF, 0xFF, 0xFF, 0xFF, 0xC1, 0x39, 0x13, 0xBA, 0xFF, 0xFF, 0xFF, 0xFE, 0xAC, 0x01,
    0x00, 0x00, 0x5D, 0xF6, 0xD8, 0x00, 0x00, 0x00, 0x00, 0x00, 0x9A, 0xFB, 0x9B, 0x00, 0x00, 0x00,
    0x00, 0x00, 0xB5, 0xFD, 0x71, 0x00, 0x00, 0x00, 0x00, 0x00, 0xCF, 0xFF, 0x28, 0x00, 0x00, 0x00,
    0x00, 0x19, 0xD6, 0xFF, 0x00, 0x00, 0x00, 0x00, 0x00, 0x4F, 0xE5, 0xE6, 0x00, 0x00, 0x00, 0x00,
    0xD9, 0xFF, 0xFF, 0xFF, 0xF9, 0x84, 0x00, 0x00, 0xF4, 0xFF, 0xFF, 0xFF, 0xF7, 0x6C, 0x00, 0x00,
    0x00, 0x00, 0x00, 0x00, 0xB9, 0xE3, 0x49, 0x00, 0x00, 0x00, 0x00, 0x8D, 0xF4, 0x43, 0x00, 0x00,
    0x00, 0x00, 0x00, 0x00, 0x00, 0x00, 0x00, 0x00, 0x00, 0xAF, 0xFF, 0xFF, 0xFF, 0xFF, 0xC1, 0x39,
    0x13, 0xBA, 0xFF, 0xFF, 0xFF, 0xFE, 0xAC, 0x01, 0x00, 0x00, 0x5D, 0xF6, 0xD8, 0x00, 0x00, 0x00,
    0x00, 0x00, 0x9A, 0xFB, 0x9B, 0x00, 0x00, 0x00, 0x00, 0x00, 0xB5, 0xFD, 0x71, 0x00, 0x00, 0x00,
    0x00, 0x00, 0xCF, 0xFF, 0x28, 0x00, 0x00, 0x00, 0x00, 0x19, 0xD6, 0xFF, 0x00, 0x00, 0x00, 0x00,
    0x00, 0x4F, 0xE5, 0xE6, 0x00, 0x00, 0x00, 0x00, 0xD9, 0xFF, 0xFF, 0xFF, 0xF9, 0x84, 0x00, 0x00,
    0xF4, 0xFF, 0xFF, 0xFF, 0xF7, 0x6C, 0x00, 0x00, 0x00, 0x00, 0x14, 0xDE, 0xFF, 0xD0, 0x0E, 0x00,
    0x00, 0x09, 0xCA, 0xCC, 0x37, 0xEA, 0x76, 0x00, 0x00, 0x00, 0x00, 0x00, 0x00, 0x00, 0x00, 0x00,
    0x00, 0xAF, 0xFF, 0xFF, 0xFF, 0xFF, 0xC1, 0x39, 0x13, 0xBA, 0xFF, 0xFF, 0xFF, 0xFE, 0xAC, 0x01,
    0x00, 0x00, 0x5D, 0xF6, 0xD8, 0x00, 0x00, 0x00, 0x00, 0x00, 0x9A, 0xFB, 0x9B, 0x00, 0x00, 0x00,
    0x00, 0x00, 0xB5, 0xFD, 0x71, 0x00, 0x00, 0x00, 0x00, 0x00, 0xCF, 0xFF, 0x28, 0x00, 0x00, 0x00,
    0x00, 0x19, 0xD6, 0xFF, 0x00, 0x00, 0x00, 0x00, 0x00, 0x4F, 0xE5, 0xE6, 0x00, 0x00, 0x00, 0x00,
    0xD9, 0xFF, 0xFF, 0xFF, 0xF9, 0x84, 0x00, 0x00, 0xF4, 0xFF, 0xFF, 0xFF, 0xF7, 0x6C, 0x00, 0x00,
    0x00, 0x00, 0x9A, 0xFB, 0x13, 0xF8, 0x96, 0x00, 0x00, 0x00, 0x8D, 0xB8, 0x1A, 0xD3, 0x60, 0x00,
    0x00, 0x00, 0x00, 0x00, 0x00, 0x00, 0x00, 0x00, 0x00, 0xAF, 0xFF, 0xFF, 0xFF, 0xFF, 0xC1, 0x39,
    0x13, 0xBA, 0xFF, 0xFF, 0xFF, 0xFE, 0xAC, 0x01, 0x00, 0x00, 0x5D, 0xF6, 0xD8, 0x00, 0x00, 0x00,
    0x00, 0x00, 0x9A, 0xFB, 0x9B, 0x00, 0x00, 0x00, 0x00, 0x00, 0xB5, 0xFD, 0x71, 0x00, 0x00, 0x00,
    0x00, 0x00, 0xCF, 0xFF, 0x28, 0x00, 0x00, 0x00, 0x00, 0x19, 0xD6, 0xFF, 0x00, 0x00, 0x00, 0x00,
    0x00, 0x4F, 0xE5, 0xE6, 0x00, 0x00, 0x00, 0x00, 0xD9, 0xFF, 0xFF, 0xFF, 0xF9, 0x84, 0x00, 0x00,
    0xF4, 0xFF, 0xFF, 0xFF, 0xF7, 0x6C, 0x00, 0x00, 0x02, 0xB0, 0xFF, 0xFF, 0xFA, 0x8E, 0x0F, 0x00,
    0x22, 0xC2, 0xFF, 0xFF, 0xFF, 0xF8, 0x95, 0x00, 0x4E, 0xDA, 0xD9, 0x0D, 0x6D, 0xFF, 0xB4, 0x0F,
    0x64, 0xE7, 0xBE, 0x0B, 0x10, 0xFF, 0xC1, 0x39, 0xEE, 0xFF, 0xFF, 0xE1, 0x16, 0xFF, 0xB8, 0x1C,
    0xDB, 0xFF, 0xD7, 0x8A, 0x56, 0xFF, 0xAF, 0x00, 0xA7, 0xFF, 0x30, 0x00, 0xA9, 0xF5, 0x8A, 0x00,
    0xC9, 0xDF, 0x27, 0x4A, 0xFF, 0xE1, 0x41, 0x00, 0xDB, 0xFF, 0xFF, 0xFF, 0xFC, 0xA3, 0x00, 0x00,
    0xF7, 0xFF, 0xFF, 0xFB, 0x95, 0x02, 0x00, 0x00, 0x00, 0x00, 0x00, 0x00, 0x00, 0x00, 0x03, 0x00,
    0x00, 0x00, 0x00, 0x4A, 0xFC, 0x98, 0xF4, 0x1B, 0x00, 0x00, 0x00, 0xC5, 0x7F, 0xDF, 0xC1, 0x00,
    0x00, 0x00, 0x00, 0x00, 0x00, 0x00, 0x00, 0x00, 0x00, 0x07, 0xAE, 0xFF, 0x06, 0x42, 0xF6, 0xB7,
    0x00, 0x0C, 0xD8, 0xFF, 0x3B, 0x5A, 0xF9, 0x6C, 0x00, 0x0E, 0xEA, 0xFF, 0x7B, 0x7D, 0xFD, 0x21,
    0x00, 0x10, 0xFF, 0xF9, 0x9B, 0x8F, 0xFF, 0x00, 0x00, 0x2D, 0xF3, 0xBD, 0xD6, 0x9F, 0xDE, 0x00,
    0x00, 0x75, 0xD7, 0x8C, 0xE6, 0xC4, 0xC1, 0x00, 0x00, 0xBC, 0xC4, 0x41, 0xF9, 0xF0, 0x7B, 0x00,
    0x00, 0xDA, 0xA3, 0x08, 0xFF, 0xFF, 0x33, 0x00, 0x00, 0xFF, 0x8F, 0x00, 0xE8, 0xFF, 0x10, 0x00,
    0x13, 0xFE, 0x82, 0x00, 0xCA, 0xEF, 0x0E, 0x00, 0x00, 0x00, 0x00, 0x3C, 0xFF, 0xB1, 0x00, 0x00,
    0x00, 0x00, 0x00, 0x00, 0x64, 0xFF, 0x19, 0x00, 0x00, 0x00, 0x00, 0x00, 0x00, 0x00, 0x00, 0x00,
    0x00, 0x00, 0x31, 0xD8, 0xFF, 0xFF, 0xC9, 0x1B, 0x00, 0x27, 0xFF, 0xFF, 0xFF, 0xFF, 0xFF, 0xD2,
    0x00, 0xC5, 0xFF, 0xD5, 0x01, 0x5A, 0xFF, 0xFF, 0x10, 0xFF, 0xFF, 0x37, 0x00, 0x24, 0xFF, 0xFF,
    0x70, 0xFF, 0xFF, 0x00, 0x00, 0x4E, 0xFF, 0xFF, 0xB8, 0xFF, 0xC6, 0x00, 0x00, 0xA0, 0xFF, 0xE7,
    0xB1, 0xFF, 0xA7, 0x00, 0x00, 0xE4, 0xFF, 0xAB, 0xBA, 0xFF, 0xD4, 0x00, 0x69, 0xFF, 0xFF, 0x21,
    0x4C, 0xFF, 0xFF, 0xFF, 0xFF, 0xFF, 0xA9, 0x00, 0x00, 0x8B, 0xFF, 0xFF, 0xFF, 0x96, 0x00, 0x00,
    0x00, 0x00, 0x00, 0x00, 0x03, 0xBA, 0xFF, 0x64, 0x00, 0x00, 0x00, 0x00, 0x54, 0xB2, 0x16, 0x00,
    0x00, 0x00, 0x00, 0x00, 0x00, 0x00, 0x00, 0x00, 0x00, 0x00, 0x31, 0xD8, 0xFF, 0xFF, 0xC9, 0x1B,
    0x00, 0x27, 0xFF, 0xFF, 0xFF, 0xFF, 0xFF, 0xD2, 0x00, 0xC5, 0xFF, 0xD5, 0x01, 0x5A, 0xFF, 0xFF,
    0x10, 0xFF, 0xFF, 0x37, 0x00, 0x24, 0xFF, 0xFF, 0x70, 0xFF, 0xFF, 0x00, 0x00, 0x4E, 0xFF, 0xFF,
    0xB8, 0xFF, 0xC6, 0x00, 0x00, 0xA0, 0xFF, 0xE7, 0xB1, 0xFF, 0xA7, 0x00, 0x00, 0xE4, 0xFF, 0xAB,
    0xBA, 0xFF, 0xD4, 0x00, 0x69, 0xFF, 0xFF, 0x21, 0x4C, 0xFF, 0xFF, 0xFF, 0xFF, 0xFF, 0xA9, 0x00,
    0x00, 0x8B, 0xFF, 0xFF, 0xFF, 0x96, 0x00, 0x00, 0x00, 0x00, 0x00, 0x4E, 0xFF, 0xFF, 0xFF, 0x12,
    0x00, 0x00, 0x1C, 0xF0, 0x94, 0x0F, 0xDA, 0x9A, 0x00, 0x00, 0x00, 0x00, 0x00, 0x00, 0x00, 0x00,
    0x00, 0x00, 0x31, 0xD8, 0xFF, 0xFF, 0xC9, 0x1B, 0x00, 0x27, 0xFF, 0xFF, 0xFF, 0xFF, 0xFF, 0xD2,
    0x00, 0xC5, 0xFF, 0xD5, 0x01, 0x5A, 0xFF, 0xFF, 0x10, 0xFF, 0xFF, 0x37, 0x00, 0x24, 0xFF, 0xFF,
    0x70, 0xFF, 0xFF, 0x00, 0x00, 0x4E, 0xFF, 0xFF, 0xB8, 0xFF, 0xC6, 0x00, 0x00, 0xA0, 0xFF, 0xE7,
    0xB1, 0xFF, 0xA7, 0x00, 0x00, 0xE4, 0xFF, 0xAB, 0xBA, 0xFF, 0xD4, 0x00, 0x69, 0xFF, 0xFF, 0x21,
    0x4C, 0xFF, 0xFF, 0xFF, 0xFF, 0xFF, 0xA9, 0x00, 0x00, 0x8B, 0xFF, 0xFF, 0xFF, 0x96, 0x00, 0x00,
    0x00, 0x00, 0x00, 0x00, 0x00, 0x00, 0x00, 0x04, 0x00, 0x00, 0x00, 0x9D, 0xFF, 0xC8, 0x67, 0xFF,
    0x00, 0x00, 0x07, 0xFF, 0x52, 0xE1, 0xFF, 0x7C, 0x00, 0x00, 0x00, 0x00, 0x00, 0x00, 0x00, 0x00,
    0x00, 0x00, 0x31, 0xD8, 0xFF, 0xFF, 0xC9, 0x1B, 0x00, 0x27, 0xFF, 0xFF, 0xFF, 0xFF, 0xFF, 0xD2,
    0x00, 0xC5, 0xFF, 0xD5, 0x01, 0x5A, 0xFF, 0xFF, 0x10, 0xFF, 0xFF, 0x37, 0x00, 0x24, 0xFF, 0xFF,
    0x70, 0xFF, 0xFF, 0x00, 0x00, 0x4E, 0xFF, 0xFF, 0xB8, 0xFF, 0xC6, 0x00, 0x00, 0xA0, 0xFF, 0xE7,
    0xB1, 0xFF, 0xA7, 0x00, 0x00, 0xE4, 0xFF, 0xAB, 0xBA, 0xFF, 0xD4, 0x00, 0x69, 0xFF, 0xFF, 0x21,
    0x4C, 0xFF, 0xFF, 0xFF, 0xFF, 0xFF, 0xA9, 0x00, 0x00, 0x8B, 0xFF, 0xFF, 0xFF, 0x96, 0x00, 0x00,
    0x00, 0x00, 0x00, 0xCB, 0xFF, 0x01, 0xFF, 0xD0, 0x00, 0x00, 0x00, 0xB6, 0xAD, 0x18, 0xE4, 0x82,
    0x00, 0x00, 0x00, 0x00, 0x00, 0x00, 0x00, 0x00, 0x00, 0x00, 0x31, 0xD8, 0xFF, 0xFF, 0xC9, 0x1B,
    0x00, 0x27, 0xFF, 0xFF, 0xFF, 0xFF, 0xFF, 0xD2, 0x00, 0xC5, 0xFF, 0xD5, 0x01, 0x5A, 0xFF, 0xFF,
    0x10, 0xFF, 0xFF, 0x37, 0x00, 0x24, 0xFF, 0xFF, 0x70, 0xFF, 0xFF, 0x00, 0x00, 0x4E, 0xFF, 0xFF,
    0xB8, 0xFF, 0xC6, 0x00, 0x00, 0xA0, 0xFF, 0xE7, 0xB1, 0xFF, 0xA7, 0x00, 0x00, 0xE4, 0xFF, 0xAB,
    0xBA, 0xFF, 0xD4, 0x00, 0x69, 0xFF, 0xFF, 0x21, 0x4C, 0xFF, 0xFF, 0xFF, 0xFF, 0xFF, 0xA9, 0x00,
    0x00, 0x8B, 0xFF, 0xFF, 0xFF, 0x96, 0x00, 0x00, 0x00, 0xAB, 0x93, 0x00, 0x00, 0x27, 0xD4, 0x18,
    0x0D, 0xFF, 0xFF, 0x8D, 0x25, 0xFF, 0xFF, 0x76, 0x00, 0x27, 0xFF, 0xFF, 0xFF, 0xFF, 0x90, 0x00,
    0x00, 0x00, 0x48, 0xFF, 0xFF, 0xBC, 0x00, 0x00, 0x00, 0x1B, 0xFF, 0xFF, 0xFF, 0xFF, 0x78, 0x00,
    0x0D, 0xFF, 0xFF, 0x9F, 0x2E, 0xFF, 0xFF, 0x6A, 0x00, 0xA5, 0xA8, 0x00, 0x00, 0x33, 0xE9, 0x24,
    0x00, 0x00, 0x00, 0x00, 0x00, 0x00, 0x14, 0x00, 0x00, 0x00, 0x25, 0xE2, 0xFF, 0xB7, 0xE7, 0x19,
    0x00, 0x0A, 0xC9, 0xFF, 0xFF, 0xFF, 0xA4, 0x00, 0x00, 0x31, 0xF1, 0xA4, 0x72, 0xFF, 0x40, 0x00,
    0x00, 0x4D, 0xFF, 0x40, 0xD6, 0xFF, 0x40, 0x00, 0x00, 0x94, 0xFF, 0x83, 0xE3, 0xFF, 0x40, 0x00,
    0x00, 0xC7, 0xFF, 0xED, 0xA6, 0xF9, 0x3A, 0x00, 0x00, 0xC5, 0xFF, 0x8A, 0xAA, 0xEA, 0x2B, 0x00,
    0x00, 0xC0, 0xF8, 0x1B, 0xDA, 0xC8, 0x09, 0x00, 0x24, 0xFF, 0xFF, 0xFF, 0xFF, 0x83, 0x00, 0x00,
    0xA4, 0xB5, 0xDC, 0xFF, 0xB3, 0x00, 0x00, 0x00, 0x0A, 0x07, 0x00, 0x00, 0x00, 0x00, 0x00, 0x00,
    0x00, 0x00, 0x44, 0xF4, 0xA6, 0x00, 0x00, 0x00, 0x00, 0x00, 0x00, 0x7A, 0xE7, 0x08, 0x00, 0x00,
    0x00, 0x00, 0x00, 0x00, 0x00, 0x00, 0x00, 0x00, 0x53, 0xDD, 0xD3, 0x0D, 0x0A, 0xB7, 0xEB, 0xBF,
    0x69, 0xEA, 0xB3, 0x0A, 0x0D, 0xD5, 0xDF, 0x97, 0x8E, 0xFE, 0x72, 0x05, 0x10, 0xFF, 0xC6, 0x48,
    0x93, 0xFF, 0x3A, 0x01, 0x24, 0xFF, 0xB1, 0x06, 0xAF, 0xFF, 0x30, 0x00, 0x6D, 0xFE, 0xAC, 0x00,
    0xD2, 0xD3, 0x24, 0x00, 0xB6, 0xF2, 0x7E, 0x00, 0xE2, 0xBA, 0x1D, 0x00, 0xDB, 0xE9, 0x5E, 0x00,
    0xEB, 0xC6, 0x20, 0x36, 0xFF, 0xD5, 0x17, 0x00, 0xDA, 0xFF, 0xFF, 0xFF, 0xFA, 0x90, 0x00, 0x00,
    0x63, 0xE5, 0xFF, 0xFF, 0x9C, 0x03, 0x00, 0x00, 0x00, 0x00, 0x00, 0x06, 0xC7, 0xE1, 0x42, 0x00,
    0x00, 0x00, 0x00, 0x54, 0xA7, 0x11, 0x00, 0x00, 0x00, 0x00, 0x00, 0x00, 0x00, 0x00, 0x00, 0x00,
    0x53, 0xDD, 0xD3, 0x0D, 0x0A, 0xB7, 0xEB, 0xBF, 0x69, 0xEA, 0xB3, 0x0A, 0x0D, 0xD5, 0xDF, 0x97,
    0x8E, 0xFE, 0x72, 0x05, 0x10, 0xFF, 0xC6, 0x48, 0x93, 0xFF, 0x3A, 0x01, 0x24, 0xFF, 0xB1, 0x06,
    0xAF, 0xFF, 0x30, 0x00, 0x6D, 0xFE, 0xAC, 0x00, 0xD2, 0xD3, 0x24, 0x00, 0xB6, 0xF2, 0x7E, 0x00,
    0xE2, 0xBA, 0x1D, 0x00, 0xDB, 0xE9, 0x5E, 0x00, 0xEB, 0xC6, 0x20, 0x36, 0xFF, 0xD5, 0x17, 0x00,
    0xDA, 0xFF, 0xFF, 0xFF, 0xFA, 0x90, 0x00, 0x00, 0x63, 0xE5, 0xFF, 0xFF, 0x9C, 0x03, 0x00, 0x00,
    0x00, 0x00, 0x2C, 0xF2, 0xFF, 0xD7, 0x1C, 0x00, 0x00, 0x09, 0xB7, 0xB2, 0x13, 0xC0, 0x81, 0x00,
    0x00, 0x00, 0x00, 0x00, 0x00, 0x00, 0x00, 0x00, 0x53, 0xDD, 0xD3, 0x0D, 0x0A, 0xB7, 0xEB, 0xBF,
    0x69, 0xEA, 0xB3, 0x0A, 0x0D, 0xD5, 0xDF, 0x97, 0x8E, 0xFE, 0x72, 0x05, 0x10, 0xFF, 0xC6, 0x48,
    0x93, 0xFF, 0x3A, 0x01, 0x24, 0xFF, 0xB1, 0x06, 0xAF, 0xFF, 0x30, 0x00, 0x6D, 0xFE, 0xAC, 0x00,
    0xD2, 0xD3, 0x24, 0x00, 0xB6, 0xF2, 0x7E, 0x00, 0xE2, 0xBA, 0x1D, 0x00, 0xDB, 0xE9, 0x5E, 0x00,
    0xEB, 0xC6, 0x20, 0x36, 0xFF, 0xD5, 0x17, 0x00, 0xDA, 0xFF, 0xFF, 0xFF, 0xFA, 0x90, 0x00, 0x00,
    0x63, 0xE5, 0xFF, 0xFF, 0x9C, 0x03, 0x00, 0x00, 0x00, 0x00, 0x9A, 0xFB, 0x13, 0xF8, 0x96, 0x00,
    0x00, 0x00, 0x8C, 0xB8, 0x1A, 0xD3, 0x60, 0x00, 0x00, 0x00, 0x00, 0x00, 0x00, 0x00, 0x00, 0x00,
    0x53, 0xDD, 0xD3, 0x0D, 0x0A, 0xB7, 0xEB, 0xBF, 0x69, 0xEA, 0xB3, 0x0A, 0x0D, 0xD5, 0xDF, 0x97,
    0x8E, 0xFE, 0x72, 0x05, 0x10, 0xFF, 0xC6, 0x48, 0x93, 0xFF, 0x3A, 0x01, 0x24, 0xFF, 0xB1, 0x06,
    0xAF, 0xFF, 0x30, 0x00, 0x6D, 0xFE, 0xAC, 0x00, 0xD2, 0xD3, 0x24, 0x00, 0xB6, 0xF2, 0x7E, 0x00,
    0xE2, 0xBA, 0x1D, 0x00, 0xDB, 0xE9, 0x5E, 0x00, 0xEB, 0xC6, 0x20, 0x36, 0xFF, 0xD5, 0x17, 0x00,
    0xDA, 0xFF, 0xFF, 0xFF, 0xFA, 0x90, 0x00, 0x00, 0x63, 0xE5, 0xFF, 0xFF, 0x9C, 0x03, 0x00, 0x00,
    0x00, 0x00, 0x00, 0x46, 0xE6, 0x91, 0x00, 0x00, 0x00, 0x00, 0x10, 0xAF, 0x9F, 0x0D, 0x00, 0x00,
    0x00, 0x00, 0x00, 0x00, 0x00, 0x00, 0x00, 0x00, 0x9F, 0xFF, 0x30, 0x00, 0x3C, 0xEB, 0xE2, 0x15,
    0x69, 0xF4, 0x91, 0x05, 0xA4, 0xFF, 0x4A, 0x00, 0x31, 0xE9, 0xCB, 0x41, 0xE0, 0xC5, 0x00, 0x00,
    0x00, 0xDF, 0xEB, 0x9A, 0xF9, 0x22, 0x00, 0x00, 0x00, 0x9B, 0xFF, 0xFF, 0x7E, 0x06, 0x00, 0x00,
    0x00, 0x4D, 0xFF, 0xD2, 0x33, 0x00, 0x00, 0x00, 0x00, 0x2D, 0xFF, 0x9F, 0x00, 0x00, 0x00, 0x00,
    0x00, 0x6F, 0xFA, 0x85, 0x00, 0x00, 0x00, 0x00, 0x00, 0x95, 0xF5, 0x6F, 0x00, 0x00, 0x00, 0x00,
    0x00, 0xCC, 0xEC, 0x40, 0x00, 0x00, 0x00, 0x00, 0x00, 0x0A, 0xFF, 0xFF, 0x09, 0x00, 0x00, 0x00,
    0x00, 0x4E, 0xFF, 0xFF, 0xE8, 0xCB, 0x90, 0x06, 0x00, 0x9A, 0xFF, 0xFF, 0xFF, 0xFF, 0xFF, 0xB7,
    0x00, 0xC0, 0xFF, 0x93, 0x07, 0x9F, 0xFF, 0xFF, 0x00, 0xFF, 0xFF, 0x49, 0x00, 0x49, 0xFF, 0xFF,
    0x09, 0xFF, 0xFF, 0x09, 0x22, 0xD5, 0xFF, 0xC6, 0x4B, 0xFF, 0xFF, 0xFF, 0xFF, 0xFF, 0xFF, 0x31,
    0x97, 0xFF, 0xFF, 0xE4, 0xD7, 0xB8, 0x22, 0x00, 0xBE, 0xFF, 0x9D, 0x00, 0x00, 0x00, 0x00, 0x00,
    0xFD, 0xFF, 0x54, 0x00, 0x00, 0x00, 0x00, 0x00, 0x00, 0x00, 0x12, 0xB4, 0xFF, 0xFF, 0xF2, 0x3C,
    0x00, 0x00, 0xD8, 0xFF, 0xFF, 0xE2, 0xFF, 0xE8, 0x00, 0x2D, 0xFF, 0xFF, 0x0C, 0x10, 0xE7, 0xFF,
    0x00, 0x91, 0xFF, 0xC5, 0x5E, 0xFF, 0xFD, 0xA8, 0x00, 0xB6, 0xFF, 0xA5, 0xFF, 0xFF, 0x04, 0x00,
    0x00, 0xF2, 0xFF, 0x5B, 0xFF, 0xFF, 0x4E, 0x00, 0x01, 0xFF, 0xFF, 0x15, 0xA2, 0xFF, 0xFF, 0x31,
    0x34, 0xFF, 0xFF, 0x00, 0x00, 0xB9, 0xFF, 0xD7, 0x7C, 0xFF, 0xD7, 0x01, 0x00, 0x51, 0xFF, 0xEE,
    0xA5, 0xFF, 0xA2, 0xFF, 0xD8, 0xFF, 0xFF, 0xA6, 0xE1, 0xFF, 0x9C, 0xFF, 0xFF, 0xFF, 0xB2, 0x01,
    0x00, 0x00, 0x12, 0xFF, 0xFF, 0x0A, 0x00, 0x00, 0x00, 0x00, 0x00, 0x60, 0xFF, 0x9A, 0x00, 0x00,
    0x00, 0x00, 0x00, 0x00, 0xB6, 0xFF, 0x06, 0x00, 0x00, 0x00, 0x00, 0x00, 0x00, 0x00, 0x00, 0x00,
    0x00, 0x04, 0xC0, 0xFF, 0xFF, 0xFF, 0xDD, 0x28, 0x00, 0x3C, 0xFF, 0xD0, 0xA8, 0xF5, 0xFF, 0xD2,
    0x00, 0x18, 0x0F, 0x09, 0x2B, 0x6F, 0xFF, 0xF2, 0x00, 0x93, 0xFF, 0xFF, 0xFF, 0xFF, 0xFF, 0xC4,
    0x82, 0xFF, 0xFF, 0xB8, 0x7F, 0xEB, 0xFF, 0xA3, 0xCA, 0xFF, 0xB4, 0x00, 0x0D, 0xFF, 0xFF, 0x5D,
    0xAB, 0xFF, 0xFA, 0x8E, 0xED, 0xFF, 0xFF, 0x16, 0x21, 0xEB, 0xFF, 0xFF, 0x97, 0xFF, 0xFF, 0x00,
    0x00, 0x00, 0x00, 0x00, 0x40, 0xFF, 0xBC, 0x28, 0x00, 0x00, 0x00, 0x06, 0xFB, 0xD7, 0x1C, 0x00,
    0x00, 0x00, 0x00, 0x9E, 0xF2, 0x20, 0x00, 0x00, 0x00, 0x00, 0x00, 0x00, 0x00, 0x00, 0x00, 0x00,
    0x02, 0x85, 0xF3, 0xFF, 0xFD, 0xBB, 0x1C, 0x00, 0x22, 0xC2, 0xD9, 0xAB, 0xF6, 0xF7, 0x90, 0x00,
    0x0E, 0x12, 0x0A, 0x29, 0x78, 0xFD, 0xA6, 0x00, 0x53, 0xDD, 0xFF, 0xFF, 0xFF, 0xF4, 0x87, 0x00,
    0xC8, 0xFF, 0xC5, 0x83, 0xEC, 0xEE, 0x70, 0x00, 0xE8, 0xCB, 0x22, 0x0C, 0xFF, 0xE1, 0x40, 0x00,
    0xDA, 0xFC, 0xA2, 0xE7, 0xFF, 0xD3, 0x0F, 0x00, 0x93, 0xF9, 0xFF, 0x9E, 0xFF, 0xCF, 0x00, 0x00,
    0x00, 0x00, 0x00, 0x00, 0xBF, 0xFF, 0xCD, 0x00, 0x00, 0x00, 0x00, 0x87, 0xFF, 0xB5, 0xFF, 0x21,
    0x00, 0x00, 0x3A, 0xFF, 0x6D, 0x01, 0xFD, 0xB7, 0x00, 0x00, 0x00, 0x00, 0x00, 0x00, 0x00, 0x00,
    0x00, 0x04, 0xC0, 0xFF, 0xFF, 0xFF, 0xDD, 0x28, 0x00, 0x3C, 0xFF, 0xD0, 0xA8, 0xF5, 0xFF, 0xD2,
    0x00, 0x18, 0x0F, 0x09, 0x2B, 0x6F, 0xFF, 0xF2, 0x00, 0x93, 0xFF, 0xFF, 0xFF, 0xFF, 0xFF, 0xC4,
    0x82, 0xFF, 0xFF, 0xB8, 0x7F, 0xEB, 0xFF, 0xA3, 0xCA, 0xFF, 0xB4, 0x00, 0x0D, 0xFF, 0xFF, 0x5D,
    0xAB, 0xFF, 0xFA, 0x8E, 0xED, 0xFF, 0xFF, 0x16, 0x21, 0xEB, 0xFF, 0xFF, 0x97, 0xFF, 0xFF, 0x00,
    0x00, 0x00, 0x00, 0x00, 0x03, 0x00, 0x00, 0x04, 0x00, 0x00, 0x00, 0xA5, 0xFF, 0xB0, 0x7C, 0xFD,
    0x00, 0x00, 0x1E, 0xFF, 0x54, 0xF5, 0xFF, 0x75, 0x00, 0x00, 0x01, 0x07, 0x00, 0x00, 0x01, 0x00,
    0x00, 0x04, 0xC0, 0xFF, 0xFF, 0xFF, 0xDC, 0x28, 0x00, 0x3C, 0xFF, 0xD0, 0xA8, 0xF5, 0xFF, 0xD2,
    0x00, 0x18, 0x0F, 0x09, 0x2B, 0x6F, 0xFF, 0xF2, 0x00, 0x93, 0xFF, 0xFF, 0xFF, 0xFF, 0xFF, 0xC4,
    0x82, 0xFF, 0xFF, 0xB8, 0x7F, 0xEB, 0xFF, 0xA3, 0xCA, 0xFF, 0xB4, 0x00, 0x0D, 0xFF, 0xFF, 0x5D,
    0xAB, 0xFF, 0xFA, 0x8E, 0xED, 0xFF, 0xFF, 0x16, 0x21, 0xEB, 0xFF, 0xFF, 0x97, 0xFF, 0xFF, 0x00,
    0x00, 0x00, 0x00, 0xDF, 0xFF, 0x0C, 0xFF, 0xBA, 0x00, 0x00, 0x00, 0xC1, 0xBE, 0x2B, 0xE1, 0x6F,
    0x00, 0x00, 0x00, 0x00, 0x00, 0x00, 0x00, 0x00, 0x00, 0x04, 0xC0, 0xFF, 0xFF, 0xFF, 0xDD, 0x28,
    0x00, 0x3C, 0xFF, 0xD0, 0xA8, 0xF5, 0xFF, 0xD2, 0x00, 0x18, 0x0F, 0x09, 0x2B, 0x6F, 0xFF, 0xF2,
    0x00, 0x93, 0xFF, 0xFF, 0xFF, 0xFF, 0xFF, 0xC4, 0x82, 0xFF, 0xFF, 0xB8, 0x7F, 0xEB, 0xFF, 0xA3,
    0xCA, 0xFF, 0xB4, 0x00, 0x0D, 0xFF, 0xFF, 0x5D, 0xAB, 0xFF, 0xFA, 0x8E, 0xED, 0xFF, 0xFF, 0x16,
    0x21, 0xEB, 0xFF, 0xFF, 0x97, 0xFF, 0xFF, 0x00, 0x00, 0x00, 0x00, 0x00, 0x00, 0x07, 0x00, 0x00,
    0x00, 0x00, 0x00, 0x28, 0xFF, 0xFF, 0xBA, 0x00, 0x00, 0x00, 0x00, 0xAA, 0xC1, 0x1F, 0xFF, 0x3F,
    0x00, 0x00, 0x00, 0xA3, 0xCF, 0x37, 0xFF, 0x39, 0x00, 0x00, 0x00, 0x1C, 0xF0, 0xFF, 0xA3, 0x00,
    0x00, 0x00, 0x00, 0x00, 0x00, 0x00, 0x00, 0x00, 0x00, 0x04, 0xC0, 0xFF, 0xFF, 0xFF, 0xDD, 0x28,
    0x00, 0x3C, 0xFF, 0xD0, 0xA8, 0xF5, 0xFF, 0xD2, 0x00, 0x18, 0x0F, 0x09, 0x2B, 0x6F, 0xFF, 0xF2,
    0x00, 0x93, 0xFF, 0xFF, 0xFF, 0xFF, 0xFF, 0xC4, 0x82, 0xFF, 0xFF, 0xB8, 0x7F, 0xEB, 0xFF, 0xA3,
    0xCA, 0xFF, 0xB4, 0x00, 0x0D, 0xFF, 0xFF, 0x5D, 0xAB, 0xFF, 0xFA, 0x8E, 0xED, 0xFF, 0xFF, 0x16,
    0x21, 0xEB, 0xFF, 0xFF, 0x97, 0xFF, 0xFF, 0x00, 0x00, 0x0A, 0xCC, 0xFF, 0xA8, 0xEA, 0xFA, 0x19,
    0x00, 0x16, 0xDC, 0xF1, 0xFF, 0xE3, 0xFC, 0x90, 0x00, 0x01, 0x0D, 0x8F, 0xEF, 0x82, 0xF5, 0x85,
    0x00, 0x54, 0xFF, 0xFF, 0xFF, 0xFF, 0xFF, 0x46, 0x03, 0xFF, 0xCE, 0xEA, 0xE7, 0x7E, 0x7E, 0x09,
    0x27, 0xF7, 0x4E, 0xD1, 0xCF, 0x00, 0x0C, 0x00, 0x1F, 0xFE, 0xE8, 0xF8, 0xF4, 0xC3, 0xBD, 0x00,
    0x00, 0xAF, 0xFF, 0x6E, 0xE3, 0xFF, 0x57, 0x00, 0x00, 0x00, 0x1F, 0xBC, 0xFF, 0xFF, 0xFF, 0xA0,
    0x00, 0x1E, 0xFF, 0xFF, 0xFF, 0xE2, 0xFF, 0xBA, 0x00, 0xBF, 0xFF, 0xDD, 0x0C, 0x00, 0x06, 0x33,
    0x03, 0xFF, 0xFF, 0x31, 0x00, 0x00, 0x00, 0x00, 0x1E, 0xFF, 0xFF, 0x00, 0x00, 0x00, 0x00, 0x00,
    0x07, 0xFF, 0xFF, 0x27, 0x00, 0x00, 0x22, 0x00, 0x00, 0xE7, 0xFF, 0xFF, 0xD3, 0xFF, 0xC3, 0x00,
    0x00, 0x21, 0xD4, 0xFF, 0xFF, 0xFF, 0x72, 0x00, 0x00, 0x00, 0x00, 0x0D, 0xFF, 0x13, 0x00, 0x00,
    0x00, 0x00, 0x19, 0x1E, 0xFF, 0x3A, 0x00, 0x00, 0x00, 0x10, 0xFF, 0xFF, 0xD9, 0x03, 0x00, 0x00,
    0x00, 0x00, 0x12, 0x18, 0x00, 0x00, 0x00, 0x00, 0x00, 0x00, 0x1E, 0xFF, 0xFF, 0x03, 0x00, 0x00,
    0x00, 0x00, 0x00, 0x7B, 0xFF, 0x7C, 0x00, 0x00, 0x00, 0x00, 0x00, 0x00, 0xCF, 0xFF, 0x00, 0x00,
    0x00, 0x00, 0x00, 0x00, 0x00, 0x00, 0x00, 0x00, 0x00, 0x00, 0x72, 0xFC, 0xFF, 0xFF, 0xA6, 0x09,
    0x00, 0x7B, 0xFF, 0xFF, 0xCB, 0xFF, 0xFF, 0xBE, 0x0A, 0xFF, 0xFF, 0x33, 0x00, 0x0F, 0xFF, 0xFF,
    0x73, 0xFF, 0xFF, 0xFF, 0xFF, 0xFF, 0xFF, 0xFF, 0xAE, 0xFF, 0xF3, 0xAA, 0xAA, 0xAA, 0xAA, 0x99,
    0x90, 0xFF, 0xC5, 0x00, 0x00, 0x00, 0x42, 0x0F, 0x28, 0xFF, 0xFF, 0xF0, 0xCF, 0xFD, 0xFF, 0x01,
    0x00, 0x55, 0xF0, 0xFF, 0xFF, 0xFF, 0xAB, 0x00, 0x00, 0x00, 0x00, 0x00, 0xAE, 0xF4, 0x86, 0x01,
    0x00, 0x00, 0x00, 0x44, 0xFB, 0x9C, 0x01, 0x00, 0x00, 0x00, 0x0D, 0xF0, 0xB2, 0x01, 0x00, 0x00,
    0x00, 0x00, 0x00, 0x00, 0x00, 0x00, 0x00, 0x00, 0x00, 0x4E, 0xE2, 0xFF, 0xF9, 0x89, 0x06, 0x00,
    0x45, 0xD6, 0xFF, 0xCE, 0xFF, 0xF3, 0x83, 0x00, 0x94, 0xFF, 0x59, 0x03, 0x1E, 0xFF, 0xAF, 0x00,
    0xC2, 0xFF, 0xFF, 0xFF, 0xFF, 0xFF, 0xAF, 0x00, 0xDC, 0xF7, 0xB8, 0xAA, 0xAA, 0xA7, 0x69, 0x00,
    0xCE, 0xD7, 0x25, 0x00, 0x04, 0x38, 0x0A, 0x00, 0xA1, 0xFF, 0xF3, 0xD1, 0xFD, 0xCF, 0x01, 0x00,
    0x30, 0xC0, 0xFC, 0xFF, 0xFA, 0x8B, 0x00, 0x00, 0x00, 0x00, 0x00, 0x09, 0xFC, 0xFF, 0xA8, 0x00,
    0x00, 0x00, 0x00, 0xB6, 0xFF, 0xD2, 0xFF, 0x01, 0x00, 0x00, 0x7C, 0xFF, 0x36, 0x1E, 0xFF, 0x69,
    0x00, 0x00, 0x00, 0x00, 0x00, 0x00, 0x00, 0x00, 0x00, 0x00, 0x72, 0xFC, 0xFF, 0xFF, 0xA6, 0x09,
    0x00, 0x7B, 0xFF, 0xFF, 0xCB, 0xFF, 0xFF, 0xBE, 0x0A, 0xFF, 0xFF, 0x33, 0x00, 0x0F, 0xFF, 0xFF,
    0x73, 0xFF, 0xFF, 0xFF, 0xFF, 0xFF, 0xFF, 0xFF, 0xAE, 0xFF, 0xF3, 0xAA, 0xAA, 0xAA, 0xAA, 0x99,
    0x90, 0xFF, 0xC5, 0x00, 0x00, 0x00, 0x42, 0x0F, 0x28, 0xFF, 0xFF, 0xF0, 0xCF, 0xFD, 0xFF, 0x01,
    0x00, 0x55, 0xF0, 0xFF, 0xFF, 0xFF, 0xAB, 0x00, 0x00, 0x00, 0x09, 0xFF, 0xBE, 0x6A, 0xFF, 0x73,
    0x00, 0x00, 0x27, 0xE1, 0x73, 0x76, 0xDF, 0x24, 0x00, 0x00, 0x00, 0x00, 0x00, 0x00, 0x00, 0x00,
    0x00, 0x00, 0x72, 0xFC, 0xFF, 0xFF, 0xA6, 0x09, 0x00, 0x7B, 0xFF, 0xFF, 0xCB, 0xFF, 0xFF, 0xBE,
    0x0A, 0xFF, 0xFF, 0x33, 0x00, 0x0F, 0xFF, 0xFF, 0x73, 0xFF, 0xFF, 0xFF, 0xFF, 0xFF, 0xFF, 0xFF,
    0xAE, 0xFF, 0xF3, 0xAA, 0xAA, 0xAA, 0xAA, 0x99, 0x90, 0xFF, 0xC5, 0x00, 0x00, 0x00, 0x42, 0x0F,
    0x28, 0xFF, 0xFF, 0xF0, 0xCF, 0xFD, 0xFF, 0x01, 0x00, 0x55, 0xF0, 0xFF, 0xFF, 0xFF, 0xAB, 0x00,
    0x00, 0x87, 0xA0, 0x21, 0x00, 0x00, 0x00, 0x00, 0x3C, 0xFF, 0xC0, 0x00, 0x00, 0x00, 0x00, 0x00,
    0x73, 0xFF, 0x48, 0x00, 0x00, 0x00, 0x00, 0x00, 0x00, 0x00, 0x00, 0x00, 0x06, 0xFF, 0xFF, 0xFF,
    0xC3, 0x00, 0x00, 0x1C, 0xB4, 0xFF, 0xFF, 0x9A, 0x00, 0x00, 0x00, 0x00, 0xFB, 0xFF, 0x49, 0x00,
    0x00, 0x00, 0x09, 0xFF, 0xFF, 0x06, 0x00, 0x00, 0x00, 0x54, 0xFF, 0xF7, 0x00, 0x00, 0x00, 0x00,
    0xA3, 0xFF, 0xB9, 0x00, 0x00, 0x00, 0x00, 0xBB, 0xFF, 0xFF, 0xBA, 0xB9, 0x45, 0x00, 0x2A, 0xF0,
    0xFF, 0xFF, 0xFF, 0x3D, 0x00, 0x00, 0x00, 0x00, 0x3F, 0xA0, 0x96, 0x00, 0x00, 0x00, 0x25, 0xFF,
    0xFA, 0x24, 0x00, 0x00, 0x10, 0xFF, 0xCB, 0x0C, 0x00, 0x00, 0x00, 0x00, 0x00, 0x00, 0x00, 0x00,
    0x67, 0xFF, 0xFF, 0xFF, 0x7F, 0x00, 0x00, 0x58, 0xB4, 0xFF, 0xFF, 0x30, 0x00, 0x00, 0x00, 0x16,
    0xFF, 0xFF, 0x00, 0x00, 0x00, 0x00, 0x69, 0xFF, 0xE3, 0x00, 0x00, 0x00, 0x00, 0xBE, 0xFF, 0xA1,
    0x00, 0x00, 0x00, 0x00, 0xE2, 0xFF, 0x76, 0x00, 0x00, 0x00, 0x00, 0xF1, 0xFF, 0xF7, 0xB9, 0xB7,
    0x0A, 0x00, 0x6A, 0xFF, 0xFF, 0xFF, 0xFF, 0x00, 0x00, 0x00, 0x1C, 0xBE, 0xA3, 0x00, 0x00, 0x00,
    0x10, 0xFB, 0xFA, 0xFF, 0x58, 0x00, 0x06, 0xE4, 0xCB, 0x06, 0xB4, 0xE9, 0x00, 0x00, 0x00, 0x00,
    0x00, 0x00, 0x00, 0x00, 0x5B, 0xFF, 0xFF, 0xFF, 0x8A, 0x00, 0x00, 0x52, 0xB4, 0xFF, 0xFF, 0x3A,
    0x00, 0x00, 0x00, 0x10, 0xFF, 0xFF, 0x01, 0x00, 0x00, 0x00, 0x60, 0xFF, 0xE9, 0x00, 0x00, 0x00,
    0x00, 0xB4, 0xFF, 0xA7, 0x00, 0x00, 0x00, 0x00, 0xDA, 0xFF, 0x7C, 0x00, 0x00, 0x00, 0x00, 0xEC,
    0xFF, 0xFB, 0xB9, 0xB9, 0x0D, 0x00, 0x66, 0xFF, 0xFF, 0xFF, 0xFF, 0x00, 0x00, 0x6A, 0xFF, 0x73,
    0xB7, 0xFF, 0x09, 0x00, 0x76, 0xDE, 0x21, 0xA6, 0xBB, 0x00, 0x00, 0x00, 0x00, 0x00, 0x00, 0x00,
    0x00, 0x30, 0xFF, 0xFF, 0xFF, 0xB5, 0x00, 0x00, 0x37, 0xB4, 0xFF, 0xFF, 0x66, 0x00, 0x00, 0x00,
    0x00, 0xFF, 0xFF, 0x18, 0x00, 0x00, 0x00, 0x33, 0xFF, 0xFF, 0x00, 0x00, 0x00, 0x00, 0x88, 0xFF,
    0xCE, 0x00, 0x00, 0x00, 0x00, 0xB5, 0xFF, 0xAC, 0x00, 0x00, 0x00, 0x00, 0xC4, 0xFF, 0xFF, 0xBA,
    0xB9, 0x2A, 0x00, 0x48, 0xFF, 0xFF, 0xFF, 0xFF, 0x10, 0x00, 0x00, 0x6C, 0xF7, 0xBF, 0xBC, 0xB7,
    0x24, 0x00, 0x0A, 0x73, 0xF8, 0xFA, 0x91, 0x11, 0x00, 0x00, 0x88, 0xAA, 0x6F, 0xFE, 0xBD, 0x00,
    0x00, 0x00, 0x19, 0x9C, 0xBF, 0xFF, 0xDD, 0x34, 0x00, 0x2F, 0xCA, 0xFF, 0xFF, 0xFF, 0xEF, 0x74,
    0x00, 0x92, 0xFF, 0xC8, 0x20, 0x8F, 0xFA, 0x9E, 0x00, 0xBB, 0xFF, 0x30, 0x00, 0x65, 0xFD, 0xA9,
    0x00, 0xD4, 0xD3, 0x24, 0x00, 0x9D, 0xF7, 0x92, 0x00, 0xCA, 0xEC, 0x2B, 0x0B, 0xFF, 0xEA, 0x62,
    0x00, 0xA0, 0xFF, 0xF0, 0xFE, 0xFF, 0xCB, 0x04, 0x00, 0x37, 0xCE, 0xFF, 0xFF, 0xB1, 0x12, 0x00,
    0x00, 0x00, 0x00, 0x00, 0x00, 0x03, 0x00, 0x00, 0x03, 0x00, 0x00, 0x03, 0xE3, 0xFF, 0x9C, 0xA0,
    0xBA, 0x00, 0x00, 0x6D, 0xF1, 0x67, 0xFF, 0xFF, 0x3A, 0x00, 0x00, 0x04, 0x06, 0x00, 0x00, 0x00,
    0x00, 0x00, 0x4E, 0xFF, 0xDE, 0xBE, 0xFF, 0xFF, 0x46, 0x00, 0x96, 0xFF, 0xFF, 0xC5, 0xFF, 0xFF,
    0xBF, 0x00, 0xB7, 0xFF, 0xB6, 0x00, 0xBB, 0xFF, 0xBC, 0x00, 0xF3, 0xFF, 0x5D, 0x00, 0xC0, 0xFF,
    0xA0, 0x00, 0xFF, 0xFF, 0x13, 0x00, 0xFC, 0xFF, 0x57, 0x33, 0xFF, 0xFF, 0x00, 0x03, 0xFF, 0xFF,
    0x12, 0x79, 0xFF, 0xD9, 0x00, 0x3D, 0xFF, 0xFF, 0x00, 0xA0, 0xFF, 0xBE, 0x00, 0x84, 0xFF, 0xD2,
    0x00, 0x00, 0x00, 0x3F, 0xFF, 0xE6, 0x00, 0x00, 0x00, 0x00, 0x00, 0x00, 0xB2, 0xFF, 0x4B, 0x00,
    0x00, 0x00, 0x00, 0x00, 0x04, 0xF8, 0xD5, 0x00, 0x00, 0x00, 0x00, 0x00, 0x00, 0x00, 0x00, 0x00,
    0x00, 0x00, 0x00, 0x75, 0xFD, 0xFF, 0xFF, 0xBA, 0x03, 0x00, 0x82, 0xFF, 0xFF, 0xE7, 0xFF, 0xFF,
    0x9D, 0x07, 0xFF, 0xFF, 0x70, 0x00, 0x7E, 0xFF, 0xE6, 0x5A, 0xFF, 0xFF, 0x00, 0x00, 0x57, 0xFF,
    0xFF, 0x8B, 0xFF, 0xD3, 0x00, 0x00, 0x94, 0xFF, 0xD5, 0x70, 0xFF, 0xF3, 0x00, 0x0D, 0xFF, 0xFF,
    0x88, 0x19, 0xFF, 0xFF, 0xEE, 0xFF, 0xFF, 0xF2, 0x04, 0x00, 0x52, 0xF7, 0xFF, 0xFF, 0xB6, 0x13,
    0x00, 0x00, 0x00, 0x00, 0x00, 0x7C, 0xFB, 0xA3, 0x0C, 0x00, 0x00, 0x00, 0x25, 0xFD, 0xBC, 0x08,
    0x00, 0x00, 0x00, 0x02, 0xDD, 0xD5, 0x08, 0x00, 0x00, 0x00, 0x00, 0x00, 0x00, 0x00, 0x00, 0x00,
    0x00, 0x00, 0x50, 0xE4, 0xFF, 0xFB, 0x98, 0x02, 0x00, 0x49, 0xD8, 0xFF, 0xE9, 0xFF, 0xED, 0x6C,
    0x00, 0x93, 0xFF, 0x8B, 0x07, 0x86, 0xFA, 0x9E, 0x00, 0xB7, 0xFF, 0x30, 0x00, 0x62, 0xFF, 0xAF,
    0x00, 0xCC, 0xE1, 0x28, 0x00, 0x9B, 0xF7, 0x92, 0x00, 0xC0, 0xF7, 0x2E, 0x0C, 0xFF, 0xE9, 0x5E,
    0x00, 0x9A, 0xFF, 0xF1, 0xFE, 0xFE, 0xC5, 0x03, 0x00, 0x2E, 0xC3, 0xFE, 0xFF, 0xAC, 0x0F, 0x00,
    0x00, 0x00, 0x00, 0x00, 0x09, 0xFC, 0xFF, 0xA8, 0x00, 0x00, 0x00, 0x00, 0xB6, 0xFF, 0xD2, 0xFF,
    0x01, 0x00, 0x00, 0x7C, 0xFF, 0x36, 0x1E, 0xFF, 0x69, 0x00, 0x00, 0x00, 0x00, 0x00, 0x00, 0x00,
    0x00, 0x00, 0x00, 0x75, 0xFD, 0xFF, 0xFF, 0xBA, 0x03, 0x00, 0x82, 0xFF, 0xFF, 0xE7, 0xFF, 0xFF,
    0x9D, 0x07, 0xFF, 0xFF, 0x70, 0x00, 0x7E, 0xFF, 0xE6, 0x5A, 0xFF, 0xFF, 0x00, 0x00, 0x57, 0xFF,
    0xFF, 0x8B, 0xFF, 0xD3, 0x00, 0x00, 0x94, 0xFF, 0xD5, 0x70, 0xFF, 0xF3, 0x00, 0x0D, 0xFF, 0xFF,
    0x88, 0x19, 0xFF, 0xFF, 0xEE, 0xFF, 0xFF, 0xF2, 0x04, 0x00, 0x52, 0xF7, 0xFF, 0xFF, 0xB6, 0x13,
    0x00, 0x00, 0x00, 0x00, 0x00, 0x03, 0x00, 0x00, 0x03, 0x00, 0x00, 0x03, 0xE3, 0xFF, 0x9F, 0xA2,
    0xBA, 0x00, 0x00, 0x6F, 0xEE, 0x61, 0xFF, 0xFF, 0x3A, 0x00, 0x00, 0x01, 0x03, 0x00, 0x00, 0x00,
    0x00, 0x00, 0x00, 0x75, 0xFD, 0xFF, 0xFF, 0xBA, 0x03, 0x00, 0x82, 0xFF, 0xFF, 0xE7, 0xFF, 0xFF,
    0x9D, 0x07, 0xFF, 0xFF, 0x70, 0x00, 0x7E, 0xFF, 0xE6, 0x5A, 0xFF, 0xFF, 0x00, 0x00, 0x57, 0xFF,
    0xFF, 0x8B, 0xFF, 0xD3, 0x00, 0x00, 0x94, 0xFF, 0xD5, 0x70, 0xFF, 0xF3, 0x00, 0x0D, 0xFF, 0xFF,
    0x88, 0x19, 0xFF, 0xFF, 0xEE, 0xFF, 0xFF, 0xF2, 0x04, 0x00, 0x52, 0xF7, 0xFF, 0xFF, 0xB6, 0x13,
    0x00, 0x00, 0x00, 0x00, 0xFF, 0xD3, 0x52, 0xFF, 0x8B, 0x00, 0x00, 0x13, 0xDF, 0x84, 0x66, 0xDF,
    0x34, 0x00, 0x00, 0x00, 0x00, 0x00, 0x00, 0x00, 0x00, 0x00, 0x00, 0x75, 0xFD, 0xFF, 0xFF, 0xBA,
    0x03, 0x00, 0x82, 0xFF, 0xFF, 0xE7, 0xFF, 0xFF, 0x9D, 0x07, 0xFF, 0xFF, 0x70, 0x00, 0x7E, 0xFF,
    0xE6, 0x5A, 0xFF, 0xFF, 0x00, 0x00, 0x57, 0xFF, 0xFF, 0x8B, 0xFF, 0xD3, 0x00, 0x00, 0x94, 0xFF,
    0xD5, 0x70, 0xFF, 0xF3, 0x00, 0x0D, 0xFF, 0xFF, 0x88, 0x19, 0xFF, 0xFF, 0xEE, 0xFF, 0xFF, 0xF2,
    0x04, 0x00, 0x52, 0xF7, 0xFF, 0xFF, 0xB6, 0x13, 0x00, 0x00, 0x00, 0x00, 0xFF, 0xFF, 0x66, 0x00,
    0x00, 0x00, 0x00, 0x00, 0xFF, 0xFF, 0x66, 0x00, 0x00, 0x00, 0x00, 0x00, 0x31, 0x3C, 0x0F, 0x00,
    0x00, 0x88, 0xD2, 0xD2, 0xD2, 0xD2, 0xD2, 0xD2, 0xCA, 0xAF, 0xFF, 0xFF, 0xFF, 0xFF, 0xFF, 0xFF,
    0xFF, 0x00, 0x00, 0x00, 0x31, 0x3C, 0x0F, 0x00, 0x00, 0x00, 0x00, 0x00, 0xFF, 0xFF, 0x66, 0x00,
    0x00, 0x00, 0x00, 0x00, 0xFF, 0xFF, 0x66, 0x00, 0x00, 0x00, 0x00, 0x00, 0x00, 0x00, 0x00, 0x22,
    0x5E, 0x00, 0x00, 0x34, 0xE4, 0xFF, 0xDA, 0xFB, 0xCF, 0x00, 0x08, 0xBC, 0xFF, 0xEB, 0xFF, 0xF2,
    0x07, 0x00, 0x18, 0xFF, 0x8D, 0x5D, 0xFF, 0xF7, 0x00, 0x00, 0x65, 0xFF, 0x66, 0xFD, 0xF9, 0xFF,
    0x00, 0x00, 0x92, 0xFF, 0xFF, 0xA4, 0xD4, 0xDA, 0x00, 0x00, 0x89, 0xFF, 0xC0, 0x3A, 0xFF, 0x94,
    0x00, 0x00, 0x91, 0xFF, 0xF0, 0xFF, 0xFA, 0x15, 0x00, 0x43, 0xF9, 0xC6, 0xFD, 0xF2, 0x5B, 0x01,
    0x00, 0x11, 0x6E, 0x00, 0x00, 0x00, 0x00, 0x00, 0x00, 0x00, 0x00, 0x24, 0xBE, 0x84, 0x00, 0x00,
    0x00, 0x00, 0x00, 0x00, 0xBB, 0xFF, 0x34, 0x00, 0x00, 0x00, 0x00, 0x00, 0x07, 0xF2, 0xDA, 0x00,
    0x00, 0x00, 0x00, 0x00, 0x00, 0x00, 0x00, 0x00, 0x00, 0x00, 0x6D, 0xFF, 0xE4, 0x00, 0x31, 0xFF,
    0xFF, 0x00, 0xB5, 0xFF, 0xA7, 0x00, 0x79, 0xFF, 0xDC, 0x00, 0xD4, 0xFF, 0x7F, 0x00, 0xA1, 0xFF,
    0xA0, 0x00, 0xFF, 0xFF, 0x37, 0x00, 0xDD, 0xFF, 0x79, 0x13, 0xFF, 0xFF, 0x01, 0x00, 0xFF, 0xFF,
    0x31, 0x54, 0xFF, 0xFF, 0x00, 0x66, 0xFF, 0xFF, 0x01, 0x52, 0xFF, 0xFF, 0xEC, 0xFF, 0xFF, 0xF2,
    0x00, 0x03, 0xD3, 0xFF, 0xF3, 0xAB, 0xFF, 0xB7, 0x00, 0x00, 0x00, 0x00, 0x00, 0x1F, 0xB9, 0x7F,
    0x10, 0x00, 0x00, 0x00, 0x06, 0xE9, 0xDF, 0x38, 0x00, 0x00, 0x00, 0x00, 0xB7, 0xF2, 0x22, 0x00,
    0x00, 0x00, 0x00, 0x00, 0x00, 0x00, 0x00, 0x00, 0x00, 0x3D, 0xD1, 0xE9, 0x0E, 0x3E, 0xFF, 0xAF,
    0x00, 0x66, 0xE8, 0xB8, 0x0A, 0x81, 0xF8, 0x97, 0x00, 0x77, 0xF2, 0x97, 0x08, 0xA7, 0xED, 0x6E,
    0x00, 0x8F, 0xFF, 0x5D, 0x03, 0xDF, 0xE6, 0x53, 0x00, 0x98, 0xFF, 0x31, 0x00, 0xFF, 0xD8, 0x22,
    0x00, 0xB4, 0xFF, 0x30, 0x60, 0xFF, 0xCF, 0x01, 0x00, 0xB3, 0xFF, 0xF0, 0xFE, 0xFE, 0xC5, 0x00,
    0x00, 0x78, 0xF1, 0xF5, 0xB0, 0xFB, 0x95, 0x00, 0x00, 0x00, 0x00, 0x00, 0x00, 0x70, 0xA0, 0x4F,
    0x00, 0x00, 0x00, 0x00, 0x6F, 0xFF, 0xFF, 0xFC, 0x00, 0x00, 0x00, 0x55, 0xFF, 0x66, 0x21, 0xFF,
    0x70, 0x00, 0x00, 0x00, 0x00, 0x00, 0x00, 0x00, 0x00, 0x00, 0x6D, 0xFF, 0xE4, 0x00, 0x31, 0xFF,
    0xFF, 0x00, 0xB5, 0xFF, 0xA7, 0x00, 0x79, 0xFF, 0xDC, 0x00, 0xD4, 0xFF, 0x7F, 0x00, 0xA1, 0xFF,
    0xA0, 0x00, 0xFF, 0xFF, 0x37, 0x00, 0xDD, 0xFF, 0x79, 0x13, 0xFF, 0xFF, 0x01, 0x00, 0xFF, 0xFF,
    0x31, 0x54, 0xFF, 0xFF, 0x00, 0x66, 0xFF, 0xFF, 0x01, 0x52, 0xFF, 0xFF, 0xEC, 0xFF, 0xFF, 0xF2,
    0x00, 0x03, 0xD3, 0xFF, 0xF3, 0xAB, 0xFF, 0xB7, 0x00, 0x00, 0x00, 0x00, 0xFF, 0xEB, 0x37, 0xFF,
    0xA8, 0x00, 0x00, 0x04, 0xDD, 0x96, 0x51, 0xE1, 0x49, 0x00, 0x00, 0x00, 0x00, 0x00, 0x00, 0x00,
    0x00, 0x00, 0x6D, 0xFF, 0xE4, 0x00, 0x31, 0xFF, 0xFF, 0x00, 0xB5, 0xFF, 0xA7, 0x00, 0x79, 0xFF,
    0xDC, 0x00, 0xD4, 0xFF, 0x7F, 0x00, 0xA1, 0xFF, 0xA0, 0x00, 0xFF, 0xFF, 0x37, 0x00, 0xDD, 0xFF,
    0x79, 0x13, 0xFF, 0xFF, 0x01, 0x00, 0xFF, 0xFF, 0x31, 0x54, 0xFF, 0xFF, 0x00, 0x66, 0xFF, 0xFF,
    0x01, 0x52, 0xFF, 0xFF, 0xEC, 0xFF, 0xFF, 0xF2, 0x00, 0x03, 0xD3, 0xFF, 0xF3, 0xAB, 0xFF, 0xB7,
    0x00, 0x00, 0x00, 0x00, 0x00, 0x01, 0x62, 0xBC, 0x27, 0x00, 0x00, 0x00, 0x00, 0x22, 0xDF, 0x86,
    0x00, 0x00, 0x00, 0x00, 0x00, 0xB9, 0x98, 0x05, 0x00, 0x00, 0x00, 0x00, 0x00, 0x00, 0x00, 0x00,
    0x00, 0x00, 0x0F, 0xF9, 0x7F, 0x00, 0x6D, 0xFB, 0xBB, 0x00, 0x0B, 0xD6, 0xB4, 0x0A, 0xA8, 0xFF,
    0x10, 0x00, 0x09, 0xC1, 0xCB, 0x27, 0xEA, 0x9F, 0x00, 0x00, 0x04, 0x97, 0xF8, 0x68, 0xFF, 0x14,
    0x00, 0x00, 0x00, 0x74, 0xFF, 0xE5, 0xB1, 0x07, 0x00, 0x00, 0x00, 0x70, 0xFF, 0xFD, 0x6A, 0x00,
    0x00, 0x00, 0x00, 0x54, 0xF3, 0xDF, 0x25, 0x00, 0x00, 0x00, 0x00, 0x4B, 0xEF, 0xAD, 0x00, 0x00,
    0x00, 0x00, 0x00, 0x73, 0xFF, 0x2C, 0x00, 0x00, 0x00, 0x1C, 0xB4, 0xF9, 0xB8, 0x00, 0x00, 0x00,
    0x00, 0x59, 0xFF, 0xE8, 0x2D, 0x00, 0x00, 0x00, 0x00, 0x00, 0x00, 0x1D, 0xF0, 0xA3, 0x0E, 0x00,
    0x00, 0x00, 0x00, 0x20, 0xFF, 0x77, 0x05, 0x00, 0x00, 0x00, 0x00, 0x3F, 0xFF, 0x60, 0x00, 0x00,
    0x00, 0x00, 0x00, 0x7F, 0xF8, 0xC3, 0xF5, 0xE8, 0x46, 0x00, 0x00, 0xBE, 0xFF, 0xFF, 0xFF, 0xFD,
    0xEE, 0x00, 0x00, 0xD9, 0xF0, 0x51, 0x32, 0xFF, 0xFF, 0x00, 0x00, 0xFF, 0xBB, 0x1B, 0x19, 0xFF,
    0xFF, 0x00, 0x0D, 0xFF, 0xA3, 0x03, 0x52, 0xFD, 0xED, 0x00, 0x4A, 0xFF, 0xAF, 0x10, 0xC2, 0xF3,
    0xA0, 0x00, 0x89, 0xFF, 0xFF, 0xFB, 0xFE, 0xE2, 0x15, 0x00, 0xA7, 0xF3, 0xB9, 0xF4, 0xF2, 0x30,
    0x00, 0x00, 0xDC, 0xE9, 0x31, 0x00, 0x00, 0x00, 0x00, 0x02, 0xE0, 0xE1, 0x08, 0x00, 0x00, 0x00,
    0x00, 0x26, 0xE7, 0xDF, 0x00, 0x00, 0x00, 0x00, 0x00, 0x00, 0x00, 0x00, 0xAD, 0xD0, 0x92, 0xC7,
    0x00, 0x00, 0x00, 0x00, 0x98, 0x8B, 0x8C, 0x7D, 0x00, 0x00, 0x00, 0x00, 0x00, 0x00, 0x00, 0x00,
    0x00, 0x00, 0x0F, 0xF9, 0x7F, 0x00, 0x6D, 0xFB, 0xBB, 0x00, 0x0B, 0xD6, 0xB4, 0x0A, 0xA8, 0xFF,
    0x10, 0x00, 0x09, 0xC1, 0xCB, 0x27, 0xEA, 0x9F, 0x00, 0x00, 0x04, 0x97, 0xF8, 0x68, 0xFF, 0x14,
    0x00, 0x00, 0x00, 0x74, 0xFF, 0xE5, 0xB1, 0x07, 0x00, 0x00, 0x00, 0x70, 0xFF, 0xFD, 0x6A, 0x00,
    0x00, 0x00, 0x00, 0x54, 0xF3, 0xDF, 0x25, 0x00, 0x00, 0x00, 0x00, 0x4B, 0xEF, 0xAD, 0x00, 0x00,
    0x00, 0x00, 0x00, 0x73, 0xFF, 0x2C, 0x00, 0x00, 0x00, 0x1C, 0xB4, 0xF9, 0xB8, 0x00, 0x00, 0x00,
    0x00, 0x59, 0xFF, 0xE8, 0x2D, 0x00, 0x00, 0x00, 0x00, 0xA6, 0xE1, 0xE1, 0xE1, 0x63, 0xFF, 0xFF,
    0xFF, 0xFF, 0x4E, 0x00, 0xCB, 0xE1, 0xE1, 0xE1, 0xE1, 0xE1, 0x8D, 0x11, 0xFF, 0xFF, 0xFF, 0xFF,
    0xFF, 0xFF, 0x8A, 0x00, 0x00, 0x69, 0xFF, 0x7B, 0x00, 0x1C, 0xFF, 0xFF, 0x03, 0x00, 0xCD, 0xFF,
    0xAB, 0x00, 0x00, 0xFF, 0xFF, 0x4E, 0x00, 0x0F, 0xA0, 0xA0, 0x0C, 0x00, 0x00, 0x00, 0xDD, 0xFF,
    0xAB, 0x00, 0x00, 0xFF, 0xFF, 0x60, 0x00, 0x5B, 0xFF, 0xEB, 0x01, 0x00, 0xDA, 0xFF, 0x2A, 0x00,
    0x06, 0xBB, 0x63, 0x00, 0x00, 0x03, 0xB5, 0xFC, 0x00, 0x79, 0xDB, 0x82, 0x6D, 0xEC, 0x96, 0x18,
    0xFF, 0xB8, 0x06, 0xAE, 0xFF, 0x2A, 0xC3, 0xF4, 0x81, 0x00, 0xDE, 0xE0, 0x1E, 0xFF, 0xE7, 0x3E,
    0x00, 0x9B, 0x7F, 0x1A, 0xAF, 0x98, 0x0B, 0x00, 0x65, 0xE8, 0xC5, 0x06, 0xFF, 0xC6, 0x37, 0x87,
    0xFA, 0xA5, 0x45, 0xFF, 0xB6, 0x01, 0xA4, 0xFF, 0x31, 0xAA, 0xF3, 0x79, 0x00, 0xDB, 0x83, 0x18,
    0xFF, 0xCB, 0x01, 0x00, 0x9E, 0x27, 0x39, 0xAF, 0x27, 0x00, 0x00, 0x11, 0x9B, 0x9A, 0x6B, 0x93,
    0x86, 0xA5, 0x5E, 0x49, 0xEE, 0xF3, 0xC4, 0xC7, 0xF4, 0xEF, 0x7C, 0x73, 0xF6, 0xCC, 0xE7, 0xB1,
    0xEF, 0xE5, 0x30, 0x00, 0x00, 0x00, 0x36, 0xD8, 0xFF, 0xFF, 0x55, 0x00, 0x00, 0x2D, 0xE2, 0xFF,
    0xFB, 0xFF, 0x51, 0x00, 0x06, 0x84, 0xFF, 0x75, 0x12, 0x31, 0x07, 0x00, 0xBC, 0xFF, 0xFF, 0xFF,
    0xBC, 0x08, 0x00, 0x00, 0x61, 0xFE, 0xB6, 0x76, 0x33, 0x00, 0x00, 0x03, 0xFF, 0xFF, 0xFF, 0xE6,
    0x36, 0x00, 0x00, 0x0A, 0x6A, 0xFF, 0xA2, 0x4F, 0x02, 0x00, 0x00, 0x00, 0x0D, 0xE7, 0xC5, 0x01,
    0x5F, 0x0B, 0x00, 0x00, 0x06, 0xA7, 0xFF, 0xFF, 0xFD, 0x10, 0x00, 0x00, 0x00, 0x3B, 0xE9, 0xFF,
    0xC2, 0x09, 0x00, 0x00, 0x00, 0x21, 0x00, 0x00, 0x00, 0x00, 0x00, 0x00, 0x8B, 0xFF, 0x1B, 0x00,
    0x00, 0x00, 0x00, 0x78, 0xFF, 0xFF, 0xB9, 0xB9, 0xB9, 0xB9, 0xB5, 0xBD, 0xFF, 0xFF, 0xFF, 0xFF,
    0xFF, 0xFF, 0xFF, 0x09, 0xDE, 0xFF, 0x18, 0x00, 0x00, 0x00, 0x00, 0x00, 0x09, 0x9A, 0x01, 0x00,
    0x00, 0x00, 0x00, 0x00, 0x00, 0x6C, 0xBB, 0x0A, 0x00, 0x00, 0x7C, 0xFF, 0xFF, 0xE3, 0x0A, 0x1B,
    0xFF, 0xFF, 0xFF, 0xFF, 0xA6, 0x00, 0x1E, 0xAF, 0xFF, 0x19, 0x03, 0x00, 0x00, 0xAF, 0xFF, 0x00,
    0x00, 0x00, 0x00, 0xAF, 0xFF, 0x00, 0x00, 0x00, 0x00, 0xAF, 0xFF, 0x00, 0x00, 0x00, 0x00, 0xAF,
    0xFF, 0x00, 0x00, 0x00, 0x00, 0x00, 0x00, 0x00, 0x10, 0x10, 0x00, 0x00, 0x00, 0x00, 0x00, 0x00,
    0xB9, 0xEE, 0x0F, 0x78, 0xB9, 0xB9, 0xB9, 0xB9, 0xCD, 0xFF, 0xEC, 0xA6, 0xFF, 0xFF, 0xFF, 0xFF,
    0xFF, 0xFF, 0xFF, 0x00, 0x00, 0x00, 0x00, 0x00, 0xAE, 0xFF, 0x52, 0x00, 0x00, 0x00, 0x00, 0x00,
    0x51, 0x51, 0x00, 0x00, 0x00, 0x6F, 0xA6, 0x00, 0x00, 0x00, 0x00, 0xAF, 0xFF, 0x00, 0x00, 0x00,
    0x00, 0xAF, 0xFF, 0x00, 0x00, 0x00, 0x00, 0xAF, 0xFF, 0x00, 0x00, 0x00, 0x00, 0xAF, 0xFF, 0x00,
    0x00, 0x0A, 0xB1, 0xC4, 0xFF, 0xA3, 0x55, 0x0F, 0xEC, 0xFF, 0xFF, 0xFF, 0x5E, 0x00, 0x0D, 0xE9,
    0xFF, 0x61, 0x00, 0x00, 0x00, 0x21, 0x00, 0x00, 0x10, 0x10, 0x00, 0x00, 0x8B, 0xFF, 0x1B, 0x00,
    0xB9, 0xEE, 0x0F, 0x78, 0xFF, 0xFF, 0xB9, 0xB9, 0xCD, 0xFF, 0xEC, 0xBD, 0xFF, 0xFF, 0xFF, 0xFF,
    0xFF, 0xFF, 0xFF, 0x09, 0xDE, 0xFF, 0x18, 0x00, 0xB1, 0xFF, 0x52, 0x00, 0x09, 0x9A, 0x01, 0x00,
    0x52, 0x51, 0x00, 0x00, 0x00, 0x6C, 0xBB, 0x0A, 0x00, 0x00, 0x7C, 0xFF, 0xFF, 0xE3, 0x0A, 0x1B,
    0xFF, 0xFF, 0xFF, 0xFF, 0xA6, 0x00, 0x1E, 0xAF, 0xFF, 0x19, 0x03, 0x00, 0x00, 0xAF, 0xFF, 0x00,
    0x00, 0x0A, 0xB1, 0xC4, 0xFF, 0xA3, 0x55, 0x0F, 0xEC, 0xFF, 0xFF, 0xFF, 0x5E, 0x00, 0x0D, 0xE9,
    0xFF, 0x61, 0x00, 0x00, 0x00, 0xFF, 0xC3, 0xCE, 0x00, 0x00, 0x00, 0x00, 0xD7, 0x00, 0xDC, 0x00,
    0x00, 0x00, 0x00, 0xD7, 0x00, 0xDC, 0x00, 0x00, 0x00, 0x00, 0xD7, 0x00, 0xDC, 0x00, 0x00, 0x00,
    0x00, 0xD7, 0x00, 0xDC, 0x00, 0x00, 0x3C, 0xE8, 0xC8, 0x00, 0xFF, 0xC5, 0x0C, 0x00, 0x6F, 0xCB,
    0x49, 0xDF, 0x27, 0x00, 0x00, 0x00, 0x5D, 0xEC, 0x1C, 0x00, 0x00, 0x00, 0x00, 0x00, 0x00, 0x00,
    0x00, 0x8B, 0x46, 0x00, 0x00, 0x00, 0x00, 0x00, 0x63, 0xFF, 0xB8, 0x6D, 0xD2, 0xD2, 0xD2, 0xD2,
    0xFF, 0xFF, 0xC3, 0x9F, 0xFF, 0xFF, 0xFF, 0xFF, 0xFF, 0xFF, 0xFF, 0x00, 0x00, 0x00, 0xA5, 0xFF,
    0x76, 0x00, 0x00, 0x6A, 0xCD, 0xD8, 0xFF, 0xFF, 0xCD, 0xCD, 0xBC, 0xA5, 0xFF, 0xFF, 0xFF, 0xFF,
    0xFF, 0xFF, 0xFF, 0x06, 0xEB, 0xFF, 0x25, 0x00, 0x00, 0x00, 0x00, 0x24, 0xFF, 0x4E, 0x00, 0x00,
    0x00, 0x00, 0x00, 0x00, 0x01, 0x00, 0x00, 0x00, 0x00, 0x00, 0x00, 0x3F, 0xB4, 0xB4, 0xB4, 0xB4,
    0xB4, 0xB4, 0xA5, 0x72, 0xFF, 0xFF, 0xFF, 0xFF, 0xFF, 0xFF, 0xFF, 0x04, 0x12, 0x12, 0x12, 0x12,
    0x12, 0x12, 0x10, 0x04, 0x12, 0x12, 0x12, 0x12, 0x12, 0x12, 0x10, 0x72, 0xFF, 0xFF, 0xFF, 0xFF,
    0xFF, 0xFF, 0xFF, 0x40, 0xB9, 0xB9, 0xB9, 0xB9, 0xB9, 0xB9, 0xAA, 0x03, 0x0C, 0x0C, 0x0C, 0x0C,
    0x0C, 0x0C, 0x0A, 0x72, 0xFF, 0xFF, 0xFF, 0xFF, 0xFF, 0xFF, 0xFF, 0x43, 0xBE, 0xBE, 0xBE, 0xBE,
    0xBE, 0xBE, 0xAF, 0x00, 0x00, 0x00, 0x00, 0x00, 0x00, 0x00, 0x0D, 0x00, 0x00, 0x00, 0x00, 0x1E,
    0x93, 0xDF, 0xFF, 0x00, 0x2B, 0xA5, 0xEE, 0xFF, 0xFF, 0xFF, 0xBF, 0x66, 0xFF, 0xFF, 0xF7, 0xBD,
    0x4F, 0x01, 0x00, 0x58, 0xFF, 0xFF, 0xFF, 0xBB, 0x75, 0x12, 0x00, 0x00, 0x0C, 0x76, 0xC8, 0xFF,
    0xFF, 0xFF, 0xDD, 0x00, 0x00, 0x00, 0x00, 0x06, 0x64, 0xB9, 0xFF, 0x46, 0xC8, 0xC8, 0xC8, 0xC8,
    0xC8, 0xC8, 0xB7, 0x72, 0xFF, 0xFF, 0xFF, 0xFF, 0xFF, 0xFF, 0xFF, 0x0C, 0x01, 0x00, 0x00, 0x00,
    0x00, 0x00, 0x00, 0x72, 0xFF, 0xBA, 0x64, 0x06, 0x00, 0x00, 0x00, 0x3F, 0xED, 0xFF, 0xFF, 0xFF,
    0xC8, 0x76, 0x0D, 0x00, 0x00, 0x13, 0x78, 0xBF, 0xFF, 0xFF, 0xFF, 0x00, 0x00, 0x31, 0x9D, 0xDD,
    0xFF, 0xFF, 0xFF, 0x4B, 0xFF, 0xFF, 0xFF, 0xFF, 0xA2, 0x48, 0x00, 0x6F, 0xF8, 0xB1, 0x36, 0x00,
    0x00, 0x00, 0x00, 0x46, 0xC8, 0xC8, 0xC8, 0xC8, 0xC8, 0xC8, 0xB7, 0x72, 0xFF, 0xFF, 0xFF, 0xFF,
    0xFF, 0xFF, 0xFF, 0x00, 0x01, 0xA3, 0xE2, 0xAA, 0x0F, 0x00, 0x00, 0xB1, 0xDE, 0x51, 0xAD, 0xD8,
    0x00, 0x00, 0xFF, 0x25, 0x00, 0x00, 0xFF, 0x15, 0x00, 0xFF, 0x25, 0x00, 0x01, 0xFF, 0x13, 0x00,
    0xC6, 0xDF, 0x5B, 0xB4, 0xD4, 0x00, 0x72, 0xF1, 0xAE, 0xD8, 0xBD, 0x0C, 0x00, 0x85, 0x15, 0x00,
    0x00, 0x00, 0x00, 0x00, 0x00, 0x00, 0x00, 0x00, 0x00, 0x96, 0xBA, 0xCA, 0x00, 0x00, 0x19, 0x00,
    0x00, 0xBA, 0x00, 0xBA, 0x00, 0x4B, 0xCD, 0x00, 0x00, 0xBA, 0x00, 0xBA, 0x46, 0xBA, 0x96, 0xBA,
    0xBA, 0xBA, 0x00, 0xBA, 0xBE, 0x45, 0x00, 0x00, 0x00, 0x00, 0x00, 0xBA, 0x00, 0xA1, 0xF0, 0xBA,
    0xBA, 0xBA, 0xBA, 0xB7, 0x00, 0x01, 0x87, 0x00, 0x00, 0x00, 0x00, 0x00, 0x04, 0x5A, 0x5A, 0x5A,
    0x5A, 0x5A, 0x5A, 0x37, 0x13, 0xFF, 0xFF, 0xFF, 0xFF, 0xFF, 0xFF, 0xBE, 0x13, 0xFF, 0xFF, 0xFF,
    0xFF, 0xFF, 0xFF, 0xC4, 0x15, 0xFF, 0xFF, 0xFF, 0xFF, 0xFF, 0xFF, 0xC8, 0x07, 0x8A, 0x8A, 0x8A,
    0x8A, 0x8A, 0x8A, 0x55, 0x06, 0x25, 0x42, 0xFF, 0x42, 0xFF, 0x42, 0xFF, 0x42, 0xFF, 0x42, 0xFF,
    0x42, 0xFF, 0x42, 0xFF, 0x42, 0xFF, 0x42, 0xFF, 0x42, 0xFF, 0x42, 0xFF, 0x42, 0xFF, 0x42, 0xFF,
    0x42, 0xFF, 0x42, 0xFF, 0x42, 0xFF, 0x37, 0xF8, 0x25, 0x2A, 0x0A, 0xFF, 0xFF, 0x66, 0xFF, 0xFF,
    0x66, 0xFF, 0xFF, 0x66, 0xFF, 0xFF, 0x66, 0xFF, 0xFF, 0x66, 0xFF, 0xFF, 0x66, 0xFF, 0xFF, 0x66,
    0xFF, 0xFF, 0x66, 0xFF, 0xFF, 0x66, 0xFF, 0xFF, 0x66, 0xFF, 0xFF, 0x66, 0xFF, 0xFF, 0x66, 0xFF,
    0xFF, 0x66, 0xFF, 0xFF, 0x66, 0xFF, 0xFF, 0x66, 0xFF, 0xFF, 0x66, 0xF8, 0xFF, 0x55, 0x48, 0x5A,
    0x10, 0x5A, 0x58, 0x10, 0x5A, 0x46, 0xF7, 0xFF, 0x43, 0xFF, 0xFF, 0x43, 0xFF, 0xF2, 0xFF, 0xFF,
    0x46, 0xFF, 0xFF, 0x46, 0xFF, 0xFA, 0xFF, 0xFF, 0x48, 0xFF, 0xFF, 0x48, 0xFF, 0xFF, 0x6F, 0x8A,
    0x19, 0x8A, 0x87, 0x19, 0x8A, 0x6D, 0x10, 0x5D, 0x42, 0xFF, 0x42, 0xFF, 0x42, 0xFF, 0x3D, 0xFF,
    0x00, 0x00, 0x3D, 0xFF, 0x42, 0xFF, 0x42, 0xFF, 0x42, 0xFF, 0x10, 0x5D, 0x10, 0x5D, 0x42, 0xFF,
    0x42, 0xFF, 0x42, 0xFF, 0x3D, 0xFF, 0x5D, 0x66, 0x1B, 0xFF, 0xFF, 0x66, 0xFF, 0xFF, 0x66, 0xFF,
    0xFF, 0x66, 0xFF, 0xFF, 0x60, 0x00, 0x00, 0x00, 0xFF, 0xFF, 0x60, 0xFF, 0xFF, 0x66, 0xFF, 0xFF,
    0x66, 0xFF, 0xFF, 0x66, 0x5D, 0x66, 0x1B, 0x5D, 0x66, 0x1B, 0xFF, 0xFF, 0x66, 0xFF, 0xFF, 0x66,
    0xFF, 0xFF, 0x66, 0xFF, 0xFF, 0x60, 0x3D, 0x29, 0x4D, 0x15, 0x55, 0x1D, 0x44, 0x15, 0xCB, 0x92,
    0xE1, 0x4F, 0xF3, 0x61, 0xCA, 0x55, 0xCD, 0x94, 0xE2, 0x52, 0xF3, 0x64, 0xCB, 0x58, 0xCE, 0x96,
    0xE2, 0x53, 0xF3, 0x65, 0xCB, 0x5A, 0x5D, 0x40, 0x77, 0x20, 0x83, 0x2C, 0x69, 0x1F, 0x09, 0x36,
    0x42, 0xFF, 0x42, 0xFF, 0x2D, 0xCE, 0x03, 0x15, 0x42, 0xFF, 0x42, 0xFF, 0x34, 0xEB, 0x03, 0x10,
    0x42, 0xFF, 0x42, 0xFF, 0x34, 0xEE, 0x03, 0x10, 0x42, 0xFF, 0x42, 0xFF, 0x34, 0xEE, 0x36, 0x3C,
    0x0F, 0xFF, 0xFF, 0x66, 0xFF, 0xFF, 0x66, 0xCE, 0xE1, 0x46, 0x15, 0x18, 0x06, 0xFF, 0xFF, 0x66,
    0xFF, 0xFF, 0x66, 0xEB, 0xFF, 0x51, 0x10, 0x12, 0x04, 0xFF, 0xFF, 0x66, 0xFF, 0xFF, 0x66, 0xEE,
    0xFF, 0x52, 0x10, 0x12, 0x04, 0xFF, 0xFF, 0x66, 0xFF, 0xFF, 0x66, 0xEE, 0xFF, 0x52, 0x3C, 0x5A,
    0x5A, 0x55, 0x40, 0xB3, 0xFF, 0xFF, 0xF8, 0xDA, 0xB3, 0x33, 0x00, 0x00, 0x00, 0xB3, 0x33, 0x00,
    0x00, 0x00, 0xB3, 0x33, 0x00, 0x00, 0x00, 0xB3, 0x33, 0x00, 0x00, 0x00, 0xB3, 0x33, 0x00, 0x00,
    0x00, 0xB3, 0x33, 0x00, 0x00, 0x00, 0xB3, 0x33, 0x00, 0x00, 0x00, 0xA2, 0x2F, 0x00, 0x00, 0x00,
    0xB3, 0xFF, 0xFF, 0xF9, 0xE2, 0xB3, 0xFF, 0xFF, 0xFA, 0xE6, 0xB3, 0xA1, 0x8A, 0x82, 0x63, 0xB3,
    0x33, 0x00, 0x00, 0x00, 0xB3, 0x33, 0x00, 0x00, 0x00, 0xB3, 0x33, 0x00, 0x00, 0x00, 0xB3, 0x33,
    0x00, 0x00, 0x00, 0xB3, 0x33, 0x00, 0x00, 0x00, 0xB3, 0x33, 0x00, 0x00, 0x00, 0x7E, 0x25, 0x00,
    0x00, 0x00, 0x57, 0x5A, 0x5A, 0x51, 0x2D, 0xFF, 0xFF, 0xFF, 0xF1, 0xBB, 0xFF, 0x85, 0x00, 0x00,
    0x00, 0xFF, 0x85, 0x00, 0x00, 0x00, 0xFF, 0x85, 0x00, 0x00, 0x00, 0xFF, 0x85, 0x00, 0x00, 0x00,
    0xFF, 0x85, 0x00, 0x00, 0x00, 0xFF, 0x85, 0x00, 0x00, 0x00, 0xFF, 0x85, 0x00, 0x00, 0x00, 0xF7,
    0x74, 0x00, 0x00, 0x00, 0xFF, 0xFF, 0xFF, 0xEC, 0xA1, 0xFF, 0xFF, 0xFF, 0xED, 0xA5, 0xFF, 0xB9,
    0x8A, 0x7C, 0x46, 0xFF, 0x85, 0x00, 0x00, 0x00, 0xFF, 0x85, 0x00, 0x00, 0x00, 0xFF, 0x85, 0x00,
    0x00, 0x00, 0xFF, 0x85, 0x00, 0x00, 0x00, 0xFF, 0x85, 0x00, 0x00, 0x00, 0xFF, 0x85, 0x00, 0x00,
    0x00, 0xC1, 0x5A, 0x00, 0x00, 0x00, 0x58, 0x5A, 0x5A, 0x5A, 0x52, 0xFF, 0xFF, 0xFF, 0xFF, 0xFF,
    0x00, 0x00, 0x00, 0x42, 0xFF, 0x00, 0x00, 0x00, 0x42, 0xFF, 0x00, 0x00, 0x00, 0x42, 0xFF, 0x00,
    0x00, 0x00, 0x42, 0xFF, 0x00, 0x00, 0x00, 0x42, 0xFF, 0x00, 0x00, 0x00, 0x42, 0xFF, 0x00, 0x00,
    0x00, 0x42, 0xFF, 0x00, 0x00, 0x00, 0x34, 0xEB, 0xFF, 0xFF, 0xFF, 0xFF, 0xFF, 0xFF, 0xFF, 0xFF,
    0xFF, 0xFF, 0x87, 0x8A, 0x8A, 0xB4, 0xFF, 0x00, 0x00, 0x00, 0x42, 0xFF, 0x00, 0x00, 0x00, 0x42,
    0xFF, 0x00, 0x00, 0x00, 0x42, 0xFF, 0x00, 0x00, 0x00, 0x42, 0xFF, 0x00, 0x00, 0x00, 0x42, 0xFF,
    0x00, 0x00, 0x00, 0x42, 0xFF, 0x00, 0x00, 0x00, 0x28, 0xB7, 0x00, 0x10, 0x5A, 0x5A, 0x5A, 0x5A,
    0x5A, 0x16, 0x00, 0x43, 0xFF, 0xFF, 0xFF, 0xFF, 0xFF, 0x66, 0x00, 0x00, 0x00, 0x00, 0x00, 0xFF,
    0xFF, 0x66, 0x00, 0x00, 0x00, 0x00, 0x00, 0xFF, 0xFF, 0x66, 0x00, 0x00, 0x00, 0x00, 0x00, 0xFF,
    0xFF, 0x66, 0x00, 0x00, 0x00, 0x00, 0x00, 0xFF, 0xFF, 0x66, 0x00, 0x00, 0x00, 0x00, 0x00, 0xFF,
    0xFF, 0x66, 0x00, 0x00, 0x00, 0x00, 0x00, 0xFF, 0xFF, 0x66, 0x00, 0x00, 0x00, 0x00, 0x00, 0xFF,
    0xFF, 0x66, 0x00, 0x00, 0x00, 0x00, 0x00, 0xEB, 0xFF, 0x51, 0x00, 0x46, 0xFF, 0xFF, 0xFF, 0xFF,
    0xFF, 0x63, 0x00, 0x48, 0xFF, 0xFF, 0xFF, 0xFF, 0xFF, 0x66, 0x00, 0x19, 0x8A, 0x8A, 0x8A, 0xFF,
    0xFF, 0x66, 0x00, 0x00, 0x00, 0x00, 0x00, 0xFF, 0xFF, 0x66, 0x00, 0x00, 0x00, 0x00, 0x00, 0xFF,
    0xFF, 0x66, 0x00, 0x00, 0x00, 0x00, 0x00, 0xFF, 0xFF, 0x66, 0x00, 0x00, 0x00, 0x00, 0x00, 0xFF,
    0xFF, 0x66, 0x00, 0x00, 0x00, 0x00, 0x00, 0xFF, 0xFF, 0x66, 0x00, 0x00, 0x00, 0x00, 0x00, 0xFF,
    0xFF, 0x66, 0x00, 0x00, 0x00, 0x00, 0x00, 0xB7, 0xC8, 0x3F, 0x24, 0x0B, 0x00, 0x00, 0x00, 0xB3,
    0x33, 0x00, 0x00, 0x00, 0xB3, 0x33, 0x00, 0x00, 0x00, 0xB3, 0x33, 0x00, 0x00, 0x00, 0xB3, 0x33,
    0x00, 0x00, 0x00, 0xB3, 0x33, 0x00, 0x00, 0x00, 0xB3, 0x33, 0x00, 0x00, 0x00, 0xB3, 0x33, 0x00,
    0x00, 0x00, 0xB3, 0x7B, 0x5A, 0x55, 0x40, 0xB1, 0xFF, 0xFF, 0xF8, 0xDA, 0x4D, 0x17, 0x00, 0x00,
    0x00, 0xB3, 0x33, 0x00, 0x00, 0x00, 0xB3, 0x33, 0x00, 0x00, 0x00, 0xB3, 0x33, 0x00, 0x00, 0x00,
    0xB3, 0x33, 0x00, 0x00, 0x00, 0xB3, 0x33, 0x00, 0x00, 0x00, 0xB3, 0x33, 0x00, 0x00, 0x00, 0xB3,
    0x33, 0x00, 0x00, 0x00, 0xB3, 0xFF, 0xFF, 0xF9, 0xE2, 0xB3, 0xFF, 0xFF, 0xFA, 0xE6, 0x5C, 0x8A,
    0x8A, 0x82, 0x63, 0x3A, 0x18, 0x00, 0x00, 0x00, 0xFF, 0x85, 0x00, 0x00, 0x00, 0xFF, 0x85, 0x00,
    0x00, 0x00, 0xFF, 0x85, 0x00, 0x00, 0x00, 0xFF, 0x85, 0x00, 0x00, 0x00, 0xFF, 0x85, 0x00, 0x00,
    0x00, 0xFF, 0x85, 0x00, 0x00, 0x00, 0xFF, 0x85, 0x00, 0x00, 0x00, 0xFF, 0xB9, 0x5A, 0x51, 0x2D,
    0xFF, 0xFF, 0xFF, 0xF1, 0xBB, 0x7A, 0x34, 0x00, 0x00, 0x00, 0xFF, 0x85, 0x00, 0x00, 0x00, 0xFF,
    0x85, 0x00, 0x00, 0x00, 0xFF, 0x85, 0x00, 0x00, 0x00, 0xFF, 0x85, 0x00, 0x00, 0x00, 0xFF, 0x85,
    0x00, 0x00, 0x00, 0xFF, 0x85, 0x00, 0x00, 0x00, 0xFF, 0x85, 0x00, 0x00, 0x00, 0xFF, 0xFF, 0xFF,
    0xEC, 0xA1, 0xFF, 0xFF, 0xFF, 0xED, 0xA5, 0x85, 0x8A, 0x8A, 0x7C, 0x46, 0x00, 0x00, 0x00, 0x09,
    0x36, 0x00, 0x00, 0x00, 0x42, 0xFF, 0x00, 0x00, 0x00, 0x42, 0xFF, 0x00, 0x00, 0x00, 0x42, 0xFF,
    0x00, 0x00, 0x00, 0x42, 0xFF, 0x00, 0x00, 0x00, 0x42, 0xFF, 0x00, 0x00, 0x00, 0x42, 0xFF, 0x00,
    0x00, 0x00, 0x42, 0xFF, 0x58, 0x5A, 0x5A, 0x8B, 0xFF, 0xFF, 0xFF, 0xFF, 0xFF, 0xFF, 0x00, 0x00,
    0x00, 0x15, 0x73, 0x00, 0x00, 0x00, 0x42, 0xFF, 0x00, 0x00, 0x00, 0x42, 0xFF, 0x00, 0x00, 0x00,
    0x42, 0xFF, 0x00, 0x00, 0x00, 0x42, 0xFF, 0x00, 0x00, 0x00, 0x42, 0xFF, 0x00, 0x00, 0x00, 0x42,
    0xFF, 0x00, 0x00, 0x00, 0x42, 0xFF, 0xFF, 0xFF, 0xFF, 0xFF, 0xFF, 0xFF, 0xFF, 0xFF, 0xFF, 0xFF,
    0x87, 0x8A, 0x8A, 0x8A, 0x7E, 0x00, 0x00, 0x00, 0x00, 0x00, 0x36, 0x3C, 0x0F, 0x00, 0x00, 0x00,
    0x00, 0x00, 0xFF, 0xFF, 0x66, 0x00, 0x00, 0x00, 0x00, 0x00, 0xFF, 0xFF, 0x66, 0x00, 0x00, 0x00,
    0x00, 0x00, 0xFF, 0xFF, 0x66, 0x00, 0x00, 0x00, 0x00, 0x00, 0xFF, 0xFF, 0x66, 0x00, 0x00, 0x00,
    0x00, 0x00, 0xFF, 0xFF, 0x66, 0x00, 0x00, 0x00, 0x00, 0x00, 0xFF, 0xFF, 0x66, 0x00, 0x00, 0x00,
    0x00, 0x00, 0xFF, 0xFF, 0x66, 0x00, 0x10, 0x5A, 0x5A, 0x5A, 0xFF, 0xFF, 0x66, 0x00, 0x43, 0xFF,
    0xFF, 0xFF, 0xFF, 0xFF, 0x60, 0x00, 0x00, 0x00, 0x00, 0x00, 0x73, 0x7E, 0x21, 0x00, 0x00, 0x00,
    0x00, 0x00, 0xFF, 0xFF, 0x66, 0x00, 0x00, 0x00, 0x00, 0x00, 0xFF, 0xFF, 0x66, 0x00, 0x00, 0x00,
    0x00, 0x00, 0xFF, 0xFF, 0x66, 0x00, 0x00, 0x00, 0x00, 0x00, 0xFF, 0xFF, 0x66, 0x00, 0x00, 0x00,
    0x00, 0x00, 0xFF, 0xFF, 0x66, 0x00, 0x00, 0x00, 0x00, 0x00, 0xFF, 0xFF, 0x66, 0x00, 0x00, 0x00,
    0x00, 0x00, 0xFF, 0xFF, 0x66, 0x00, 0x46, 0xFF, 0xFF, 0xFF, 0xFF, 0xFF, 0x66, 0x00, 0x48, 0xFF,
    0xFF, 0xFF, 0xFF, 0xFF, 0x66, 0x00, 0x19, 0x8A, 0x8A, 0x8A, 0x8A, 0x8A, 0x24, 0x19, 0x07, 0x00,
    0x00, 0x00, 0xB3, 0x33, 0x00, 0x00, 0x00, 0xB3, 0x33, 0x00, 0x00, 0x00, 0xB3, 0x33, 0x00, 0x00,
    0x00, 0xB3, 0x33, 0x00, 0x00, 0x00, 0xB3, 0x33, 0x00, 0x00, 0x00, 0xB3, 0x33, 0x00, 0x00, 0x00,
    0xB3, 0x33, 0x00, 0x00, 0x00, 0xB3, 0x6D, 0x48, 0x44, 0x33, 0xB3, 0xFF, 0xFF, 0xFA, 0xE6, 0xB3,
    0x33, 0x00, 0x00, 0x00, 0xB3, 0x33, 0x00, 0x00, 0x00, 0xB3, 0x33, 0x00, 0x00, 0x00, 0xB3, 0x33,
    0x00, 0x00, 0x00, 0xB3, 0x33, 0x00, 0x00, 0x00, 0xB3, 0x33, 0x00, 0x00, 0x00, 0xB3, 0x33, 0x00,
    0x00, 0x00, 0xAB, 0x32, 0x00, 0x00, 0x00, 0x19, 0x07, 0x00, 0x00, 0x00, 0xB3, 0x33, 0x00, 0x00,
    0x00, 0xB3, 0x33, 0x00, 0x00, 0x00, 0xB3, 0x33, 0x00, 0x00, 0x00, 0xB3, 0x33, 0x00, 0x00, 0x00,
    0xB3, 0x33, 0x00, 0x00, 0x00, 0xB3, 0x33, 0x00, 0x00, 0x00, 0xB3, 0x33, 0x00, 0x00, 0x00, 0xB3,
    0xF7, 0xF5, 0xE7, 0xAF, 0xB3, 0xFF, 0xFF, 0xFA, 0xE6, 0xB3, 0xC7, 0xB9, 0xB4, 0x9F, 0xB3, 0x33,
    0x00, 0x00, 0x00, 0xB3, 0x33, 0x00, 0x00, 0x00, 0xB3, 0x33, 0x00, 0x00, 0x00, 0xB3, 0x33, 0x00,
    0x00, 0x00, 0xB3, 0x33, 0x00, 0x00, 0x00, 0xB3, 0x33, 0x00, 0x00, 0x00, 0xAB, 0x32, 0x00, 0x00,
    0x00, 0x3A, 0x18, 0x00, 0x00, 0x00, 0xFF, 0x85, 0x00, 0x00, 0x00, 0xFF, 0x85, 0x00, 0x00, 0x00,
    0xFF, 0x85, 0x00, 0x00, 0x00, 0xFF, 0x85, 0x00, 0x00, 0x00, 0xFF, 0x85, 0x00, 0x00, 0x00, 0xFF,
    0x85, 0x00, 0x00, 0x00, 0xFF, 0x85, 0x00, 0x00, 0x00, 0xFF, 0xB5, 0x54, 0x4C, 0x2A, 0xFF, 0xFF,
    0xFF, 0xF1, 0xBB, 0xC4, 0x2E, 0x00, 0x00, 0x00, 0xC4, 0x2E, 0x00, 0x00, 0x00, 0xC4, 0x2E, 0x00,
    0x00, 0x00, 0xC4, 0x2E, 0x00, 0x00, 0x00, 0xC4, 0x2E, 0x00, 0x00, 0x00, 0xC4, 0x2E, 0x00, 0x00,
    0x00, 0xC4, 0x2E, 0x00, 0x00, 0x00, 0x9B, 0x24, 0x00, 0x00, 0x00, 0x18, 0x06, 0x00, 0x00, 0x00,
    0xC4, 0x2E, 0x00, 0x00, 0x00, 0xC4, 0x2E, 0x00, 0x00, 0x00, 0xC4, 0x2E, 0x00, 0x00, 0x00, 0xC4,
    0x2E, 0x00, 0x00, 0x00, 0xC4, 0x2E, 0x00, 0x00, 0x00, 0xC4, 0x2E, 0x00, 0x00, 0x00, 0xC4, 0x2E,
    0x00, 0x00, 0x00, 0xDD, 0x6B, 0x48, 0x41, 0x24, 0xFF, 0xFF, 0xFF, 0xEC, 0xA1, 0xFF, 0x85, 0x00,
    0x00, 0x00, 0xFF, 0x85, 0x00, 0x00, 0x00, 0xFF, 0x85, 0x00, 0x00, 0x00, 0xFF, 0x85, 0x00, 0x00,
    0x00, 0xFF, 0x85, 0x00, 0x00, 0x00, 0xFF, 0x85, 0x00, 0x00, 0x00, 0xFF, 0x85, 0x00, 0x00, 0x00,
    0xFC, 0x77, 0x00, 0x00, 0x00, 0x28, 0x10, 0x00, 0x00, 0x00, 0xFF, 0x85, 0x00, 0x00, 0x00, 0xFF,
    0x85, 0x00, 0x00, 0x00, 0xFF, 0x85, 0x00, 0x00, 0x00, 0xFF, 0x85, 0x00, 0x00, 0x00, 0xFF, 0x85,
    0x00, 0x00, 0x00, 0xFF, 0x85, 0x00, 0x00, 0x00, 0xFF, 0x85, 0x00, 0x00, 0x00, 0xFF, 0xAE, 0x48,
    0x41, 0x24, 0xFF, 0xFF, 0xFF, 0xED, 0xA5, 0xFF, 0x85, 0x00, 0x00, 0x00, 0xFF, 0x85, 0x00, 0x00,
    0x00, 0xFF, 0x85, 0x00, 0x00, 0x00, 0xFF, 0x85, 0x00, 0x00, 0x00, 0xFF, 0x85, 0x00, 0x00, 0x00,
    0xFF, 0x85, 0x00, 0x00, 0x00, 0xFF, 0x85, 0x00, 0x00, 0x00, 0xFC, 0x77, 0x00, 0x00, 0x00, 0x28,
    0x10, 0x00, 0x00, 0x00, 0xFF, 0x85, 0x00, 0x00, 0x00, 0xFF, 0x85, 0x00, 0x00, 0x00, 0xFF, 0x85,
    0x00, 0x00, 0x00, 0xFF, 0x85, 0x00, 0x00, 0x00, 0xFF, 0x85, 0x00, 0x00, 0x00, 0xFF, 0x85, 0x00,
    0x00, 0x00, 0xFF, 0x85, 0x00, 0x00, 0x00, 0xFF, 0xFF, 0xF5, 0xE2, 0x97, 0xFF, 0xFF, 0xFF, 0xED,
    0xA5, 0xF1, 0xC7, 0xB9, 0xAB, 0x72, 0xC4, 0x2E, 0x00, 0x00, 0x00, 0xC4, 0x2E, 0x00, 0x00, 0x00,
    0xC4, 0x2E, 0x00, 0x00, 0x00, 0xC4, 0x2E, 0x00, 0x00, 0x00, 0xC4, 0x2E, 0x00, 0x00, 0x00, 0xC4,
    0x2E, 0x00, 0x00, 0x00, 0xA4, 0x27, 0x00, 0x00, 0x00, 0x48, 0x12, 0x00, 0x00, 0x00, 0xC4, 0x2E,
    0x00, 0x00, 0x00, 0xC4, 0x2E, 0x00, 0x00, 0x00, 0xC4, 0x2E, 0x00, 0x00, 0x00, 0xC4, 0x2E, 0x00,
    0x00, 0x00, 0xC4, 0x2E, 0x00, 0x00, 0x00, 0xC4, 0x2E, 0x00, 0x00, 0x00, 0xC4, 0x2E, 0x00, 0x00,
    0x00, 0xFF, 0xFF, 0xFF, 0xEC, 0xA1, 0xFF, 0xFF, 0xFF, 0xED, 0xA5, 0xFF, 0xB9, 0x8A, 0x7C, 0x46,
    0xFF, 0x85, 0x00, 0x00, 0x00, 0xFF, 0x85, 0x00, 0x00, 0x00, 0xFF, 0x85, 0x00, 0x00, 0x00, 0xFF,
    0x85, 0x00, 0x00, 0x00, 0xFF, 0x85, 0x00, 0x00, 0x00, 0xFF, 0x85, 0x00, 0x00, 0x00, 0xC1, 0x5A,
    0x00, 0x00, 0x00, 0x28, 0x10, 0x00, 0x00, 0x00, 0xFF, 0x85, 0x00, 0x00, 0x00, 0xFF, 0x85, 0x00,
    0x00, 0x00, 0xFF, 0x85, 0x00, 0x00, 0x00, 0xFF, 0x85, 0x00, 0x00, 0x00, 0xFF, 0x85, 0x00, 0x00,
    0x00, 0xFF, 0x85, 0x00, 0x00, 0x00, 0xFF, 0x85, 0x00, 0x00, 0x00, 0xFF, 0xFF, 0xF5, 0xE2, 0x97,
    0xFF, 0xFF, 0xFF, 0xED, 0xA5, 0xFF, 0xE3, 0xB9, 0xAB, 0x72, 0xFF, 0x85, 0x00, 0x00, 0x00, 0xFF,
    0x85, 0x00, 0x00, 0x00, 0xFF, 0x85, 0x00, 0x00, 0x00, 0xFF, 0x85, 0x00, 0x00, 0x00, 0xFF, 0x85,
    0x00, 0x00, 0x00, 0xFF, 0x85, 0x00, 0x00, 0x00, 0xFC, 0x77, 0x00, 0x00, 0x00, 0x00, 0x00, 0x00,
    0x06, 0x25, 0x00, 0x00, 0x00, 0x42, 0xFF, 0x00, 0x00, 0x00, 0x42, 0xFF, 0x00, 0x00, 0x00, 0x42,
    0xFF, 0x00, 0x00, 0x00, 0x42, 0xFF, 0x00, 0x00, 0x00, 0x42, 0xFF, 0x00, 0x00, 0x00, 0x42, 0xFF,
    0x00, 0x00, 0x00, 0x42, 0xFF, 0x46, 0x48, 0x48, 0x7C, 0xFF, 0xFF, 0xFF, 0xFF, 0xFF, 0xFF, 0x00,
    0x00, 0x00, 0x42, 0xFF, 0x00, 0x00, 0x00, 0x42, 0xFF, 0x00, 0x00, 0x00, 0x42, 0xFF, 0x00, 0x00,
    0x00, 0x42, 0xFF, 0x00, 0x00, 0x00, 0x42, 0xFF, 0x00, 0x00, 0x00, 0x42, 0xFF, 0x00, 0x00, 0x00,
    0x42, 0xFF, 0x00, 0x00, 0x00, 0x37, 0xF8, 0x00, 0x00, 0x00, 0x06, 0x25, 0x00, 0x00, 0x00, 0x42,
    0xFF, 0x00, 0x00, 0x00, 0x42, 0xFF, 0x00, 0x00, 0x00, 0x42, 0xFF, 0x00, 0x00, 0x00, 0x42, 0xFF,
    0x00, 0x00, 0x00, 0x42, 0xFF, 0x00, 0x00, 0x00, 0x42, 0xFF, 0x00, 0x00, 0x00, 0x42, 0xFF, 0xF0,
    0xF5, 0xF5, 0xFF, 0xFF, 0xFF, 0xFF, 0xFF, 0xFF, 0xFF, 0xB5, 0xB9, 0xB9, 0xCF, 0xFF, 0x00, 0x00,
    0x00, 0x42, 0xFF, 0x00, 0x00, 0x00, 0x42, 0xFF, 0x00, 0x00, 0x00, 0x42, 0xFF, 0x00, 0x00, 0x00,
    0x42, 0xFF, 0x00, 0x00, 0x00, 0x42, 0xFF, 0x00, 0x00, 0x00, 0x42, 0xFF, 0x00, 0x00, 0x00, 0x37,
    0xF8, 0x00, 0x00, 0x00, 0x00, 0x00, 0x36, 0x3C, 0x0F, 0x00, 0x00, 0x00, 0x00, 0x00, 0xFF, 0xFF,
    0x66, 0x00, 0x00, 0x00, 0x00, 0x00, 0xFF, 0xFF, 0x66, 0x00, 0x00, 0x00, 0x00, 0x00, 0xFF, 0xFF,
    0x66, 0x00, 0x00, 0x00, 0x00, 0x00, 0xFF, 0xFF, 0x66, 0x00, 0x00, 0x00, 0x00, 0x00, 0xFF, 0xFF,
    0x66, 0x00, 0x00, 0x00, 0x00, 0x00, 0xFF, 0xFF, 0x66, 0x00, 0x00, 0x00, 0x00, 0x00, 0xFF, 0xFF,
    0x66, 0x00, 0x10, 0x5A, 0x5A, 0x5A, 0xFF, 0xFF, 0x66, 0x00, 0x43, 0xFF, 0xFF, 0xFF, 0xFF, 0xFF,
    0x60, 0x00, 0x00, 0x00, 0x00, 0x00, 0x90, 0xE6, 0x00, 0x00, 0x00, 0x00, 0x00, 0x00, 0x90, 0xE6,
    0x00, 0x00, 0x00, 0x00, 0x00, 0x00, 0x90, 0xE6, 0x00, 0x00, 0x00, 0x00, 0x00, 0x00, 0x90, 0xE6,
    0x00, 0x00, 0x00, 0x00, 0x00, 0x00, 0x90, 0xE6, 0x00, 0x00, 0x00, 0x00, 0x00, 0x00, 0x90, 0xE6,
    0x00, 0x00, 0x00, 0x00, 0x00, 0x00, 0x90, 0xE6, 0x00, 0x00, 0x00, 0x00, 0x00, 0x00, 0x72, 0xB6,
    0x00, 0x00, 0x00, 0x00, 0x00, 0x00, 0x16, 0x2A, 0x00, 0x00, 0x00, 0x00, 0x00, 0x00, 0x90, 0xE6,
    0x00, 0x00, 0x00, 0x00, 0x00, 0x00, 0x90, 0xE6, 0x00, 0x00, 0x00, 0x00, 0x00, 0x00, 0x90, 0xE6,
    0x00, 0x00, 0x00, 0x00, 0x00, 0x00, 0x90, 0xE6, 0x00, 0x00, 0x00, 0x00, 0x00, 0x00, 0x90, 0xE6,
    0x00, 0x00, 0x00, 0x00, 0x00, 0x00, 0x90, 0xE6, 0x00, 0x00, 0x00, 0x00, 0x00, 0x00, 0x90, 0xE6,
    0x00, 0x00, 0x10, 0x5A, 0x5A, 0x5A, 0xA6, 0xFA, 0x16, 0x00, 0x43, 0xFF, 0xFF, 0xFF, 0xFF, 0xFF,
    0x66, 0x00, 0x00, 0x00, 0x00, 0x00, 0xFF, 0xFF, 0x66, 0x00, 0x00, 0x00, 0x00, 0x00, 0xFF, 0xFF,
    0x66, 0x00, 0x00, 0x00, 0x00, 0x00, 0xFF, 0xFF, 0x66, 0x00, 0x00, 0x00, 0x00, 0x00, 0xFF, 0xFF,
    0x66, 0x00, 0x00, 0x00, 0x00, 0x00, 0xFF, 0xFF, 0x66, 0x00, 0x00, 0x00, 0x00, 0x00, 0xFF, 0xFF,
    0x66, 0x00, 0x00, 0x00, 0x00, 0x00, 0xFF, 0xFF, 0x66, 0x00, 0x00, 0x00, 0x00, 0x00, 0xEB, 0xFF,
    0x51, 0x00, 0x00, 0x00, 0x00, 0x00, 0x25, 0x2A, 0x0A, 0x00, 0x00, 0x00, 0x00, 0x00, 0xFF, 0xFF,
    0x66, 0x00, 0x00, 0x00, 0x00, 0x00, 0xFF, 0xFF, 0x66, 0x00, 0x00, 0x00, 0x00, 0x00, 0xFF, 0xFF,
    0x66, 0x00, 0x00, 0x00, 0x00, 0x00, 0xFF, 0xFF, 0x66, 0x00, 0x00, 0x00, 0x00, 0x00, 0xFF, 0xFF,
    0x66, 0x00, 0x00, 0x00, 0x00, 0x00, 0xFF, 0xFF, 0x66, 0x00, 0x00, 0x00, 0x00, 0x00, 0xFF, 0xFF,
    0x66, 0x00, 0x0D, 0x48, 0x48, 0x48, 0xFF, 0xFF, 0x66, 0x00, 0x48, 0xFF, 0xFF, 0xFF, 0xFF, 0xFF,
    0x66, 0x00, 0x00, 0x00, 0x00, 0x00, 0xFF, 0xFF, 0x66, 0x00, 0x00, 0x00, 0x00, 0x00, 0xFF, 0xFF,
    0x66, 0x00, 0x00, 0x00, 0x00, 0x00, 0xFF, 0xFF, 0x66, 0x00, 0x00, 0x00, 0x00, 0x00, 0xFF, 0xFF,
    0x66, 0x00, 0x00, 0x00, 0x00, 0x00, 0xFF, 0xFF, 0x66, 0x00, 0x00, 0x00, 0x00, 0x00, 0xFF, 0xFF,
    0x66, 0x00, 0x00, 0x00, 0x00, 0x00, 0xFF, 0xFF, 0x66, 0x00, 0x00, 0x00, 0x00, 0x00, 0xF8, 0xFF,
    0x55, 0x00, 0x00, 0x00, 0x00, 0x00, 0x73, 0x7E, 0x21, 0x00, 0x00, 0x00, 0x00, 0x00, 0xFF, 0xFF,
    0x66, 0x00, 0x00, 0x00, 0x00, 0x00, 0xFF, 0xFF, 0x66, 0x00, 0x00, 0x00, 0x00, 0x00, 0xFF, 0xFF,
    0x66, 0x00, 0x00, 0x00, 0x00, 0x00, 0xFF, 0xFF, 0x66, 0x00, 0x00, 0x00, 0x00, 0x00, 0xFF, 0xFF,
    0x66, 0x00, 0x00, 0x00, 0x00, 0x00, 0xFF, 0xFF, 0x66, 0x00, 0x00, 0x00, 0x00, 0x00, 0xFF, 0xFF,
    0x66, 0x00, 0x46, 0xFF, 0xFF, 0xFF, 0xFF, 0xFF, 0x66, 0x00, 0x48, 0xFF, 0xFF, 0xFF, 0xFF, 0xFF,
    0x66, 0x00, 0x19, 0x8A, 0x8A, 0x8A, 0xBF, 0xFF, 0x24, 0x00, 0x00, 0x00, 0x00, 0x00, 0x90, 0xE6,
    0x00, 0x00, 0x00, 0x00, 0x00, 0x00, 0x90, 0xE6, 0x00, 0x00, 0x00, 0x00, 0x00, 0x00, 0x90, 0xE6,
    0x00, 0x00, 0x00, 0x00, 0x00, 0x00, 0x90, 0xE6, 0x00, 0x00, 0x00, 0x00, 0x00, 0x00, 0x90, 0xE6,
    0x00, 0x00, 0x00, 0x00, 0x00, 0x00, 0x90, 0xE6, 0x00, 0x00, 0x00, 0x00, 0x00, 0x00, 0x5A, 0xAC,
    0x00, 0x00, 0x00, 0x00, 0x00, 0x00, 0x2E, 0x5A, 0x00, 0x00, 0x00, 0x00, 0x00, 0x00, 0x90, 0xE6,
    0x00, 0x00, 0x00, 0x00, 0x00, 0x00, 0x90, 0xE6, 0x00, 0x00, 0x00, 0x00, 0x00, 0x00, 0x90, 0xE6,
    0x00, 0x00, 0x00, 0x00, 0x00, 0x00, 0x90, 0xE6, 0x00, 0x00, 0x00, 0x00, 0x00, 0x00, 0x90, 0xE6,
    0x00, 0x00, 0x00, 0x00, 0x00, 0x00, 0x90, 0xE6, 0x00, 0x00, 0x00, 0x00, 0x00, 0x00, 0x90, 0xE6,
    0x00, 0x00, 0x46, 0xFF, 0xFF, 0xFF, 0xFF, 0xFF, 0x63, 0x00, 0x48, 0xFF, 0xFF, 0xFF, 0xFF, 0xFF,
    0x66, 0x00, 0x19, 0x8A, 0x8A, 0x8A, 0xFF, 0xFF, 0x66, 0x00, 0x00, 0x00, 0x00, 0x00, 0xFF, 0xFF,
    0x66, 0x00, 0x00, 0x00, 0x00, 0x00, 0xFF, 0xFF, 0x66, 0x00, 0x00, 0x00, 0x00, 0x00, 0xFF, 0xFF,
    0x66, 0x00, 0x00, 0x00, 0x00, 0x00, 0xFF, 0xFF, 0x66, 0x00, 0x00, 0x00, 0x00, 0x00, 0xFF, 0xFF,
    0x66, 0x00, 0x00, 0x00, 0x00, 0x00, 0xFF, 0xFF, 0x66, 0x00, 0x00, 0x00, 0x00, 0x00, 0xB7, 0xC8,
    0x3F, 0x00, 0x00, 0x00, 0x00, 0x00, 0x25, 0x2A, 0x0A, 0x00, 0x00, 0x00, 0x00, 0x00, 0xFF, 0xFF,
    0x66, 0x00, 0x00, 0x00, 0x00, 0x00, 0xFF, 0xFF, 0x66, 0x00, 0x00, 0x00, 0x00, 0x00, 0xFF, 0xFF,
    0x66, 0x00, 0x00, 0x00, 0x00, 0x00, 0xFF, 0xFF, 0x66, 0x00, 0x00, 0x00, 0x00, 0x00, 0xFF, 0xFF,
    0x66, 0x00, 0x00, 0x00, 0x00, 0x00, 0xFF, 0xFF, 0x66, 0x00, 0x00, 0x00, 0x00, 0x00, 0xFF, 0xFF,
    0x66, 0x00, 0x36, 0xF5, 0xF5, 0xF5, 0xFF, 0xFF, 0x66, 0x00, 0x48, 0xFF, 0xFF, 0xFF, 0xFF, 0xFF,
    0x66, 0x00, 0x28, 0xB9, 0xB9, 0xB9, 0xFF, 0xFF, 0x66, 0x00, 0x00, 0x00, 0x00, 0x00, 0xFF, 0xFF,
    0x66, 0x00, 0x00, 0x00, 0x00, 0x00, 0xFF, 0xFF, 0x66, 0x00, 0x00, 0x00, 0x00, 0x00, 0xFF, 0xFF,
    0x66, 0x00, 0x00, 0x00, 0x00, 0x00, 0xFF, 0xFF, 0x66, 0x00, 0x00, 0x00, 0x00, 0x00, 0xFF, 0xFF,
    0x66, 0x00, 0x00, 0x00, 0x00, 0x00, 0xFF, 0xFF, 0x66, 0x00, 0x00, 0x00, 0x00, 0x00, 0xF8, 0xFF,
    0x55, 0x04, 0x5A, 0x5A, 0x5A, 0x5A, 0x5A, 0x5A, 0x37, 0x13, 0xFF, 0xFF, 0xFF, 0xFF, 0xFF, 0xFF,
    0xBE, 0x00, 0x00, 0x00, 0x58, 0xCF, 0x00, 0x00, 0x00, 0x00, 0x00, 0x00, 0x58, 0xCF, 0x00, 0x00,
    0x00, 0x00, 0x00, 0x00, 0x58, 0xCF, 0x00, 0x00, 0x00, 0x00, 0x00, 0x00, 0x58, 0xCF, 0x00, 0x00,
    0x00, 0x00, 0x00, 0x00, 0x58, 0xCF, 0x00, 0x00, 0x00, 0x00, 0x00, 0x00, 0x58, 0xCF, 0x00, 0x00,
    0x00, 0x00, 0x00, 0x00, 0x58, 0xCF, 0x00, 0x00, 0x00, 0x00, 0x00, 0x00, 0x45, 0xA7, 0x00, 0x00,
    0x00, 0x13, 0xFF, 0xFF, 0xFF, 0xEC, 0x9C, 0x9C, 0x61, 0x15, 0xFF, 0xFF, 0xFF, 0xFD, 0xF5, 0xF5,
    0xB7, 0x07, 0x8A, 0x8A, 0xA2, 0xCF, 0x00, 0x00, 0x00, 0x00, 0x00, 0x00, 0x53, 0xCF, 0x00, 0x00,
    0x00, 0x00, 0x00, 0x00, 0x53, 0xCF, 0x00, 0x00, 0x00, 0x00, 0x00, 0x00, 0x53, 0xCF, 0x00, 0x00,
    0x00, 0x00, 0x00, 0x00, 0x53, 0xCF, 0x00, 0x00, 0x00, 0x00, 0x00, 0x00, 0x53, 0xCF, 0x00, 0x00,
    0x00, 0x00, 0x00, 0x00, 0x53, 0xCF, 0x00, 0x00, 0x00, 0x00, 0x00, 0x00, 0x33, 0x86, 0x00, 0x00,
    0x00, 0x96, 0x9C, 0xB0, 0xFA, 0xFF, 0xFF, 0xFC, 0xF5, 0xEC, 0xF5, 0xFB, 0xFF, 0xFF, 0xFF, 0xFD,
    0xFA, 0x00, 0x00, 0x22, 0xF2, 0x8A, 0x8A, 0x80, 0x6A, 0x00, 0x00, 0x22, 0xF2, 0x00, 0x00, 0x00,
    0x00, 0x00, 0x00, 0x22, 0xF2, 0x00, 0x00, 0x00, 0x00, 0x00, 0x00, 0x22, 0xF2, 0x00, 0x00, 0x00,
    0x00, 0x00, 0x00, 0x22, 0xF2, 0x00, 0x00, 0x00, 0x00, 0x00, 0x00, 0x22, 0xF2, 0x00, 0x00, 0x00,
    0x00, 0x00, 0x00, 0x22, 0xF2, 0x00, 0x00, 0x00, 0x00, 0x00, 0x00, 0x14, 0xB9, 0x00, 0x00, 0x00,
    0x00, 0x13, 0xFF, 0xFF, 0xFF, 0xFF, 0xFF, 0xFF, 0xC4, 0x15, 0xFF, 0xFF, 0xFF, 0xFF, 0xFF, 0xFF,
    0xC8, 0x07, 0x8A, 0x8A, 0xA6, 0xE9, 0x8A, 0x8A, 0x55, 0x00, 0x00, 0x00, 0x58, 0xCF, 0x00, 0x00,
    0x00, 0x00, 0x00, 0x00, 0x58, 0xCF, 0x00, 0x00, 0x00, 0x00, 0x00, 0x00, 0x58, 0xCF, 0x00, 0x00,
    0x00, 0x00, 0x00, 0x00, 0x58, 0xCF, 0x00, 0x00, 0x00, 0x00, 0x00, 0x00, 0x58, 0xCF, 0x00, 0x00,
    0x00, 0x00, 0x00, 0x00, 0x58, 0xCF, 0x00, 0x00, 0x00, 0x00, 0x00, 0x00, 0x36, 0x84, 0x00, 0x00,
    0x00, 0x0B, 0x5A, 0x5A, 0x5A, 0x5A, 0x5A, 0x5A, 0x2D, 0x2E, 0xFF, 0xFF, 0xFF, 0xFF, 0xFF, 0xFF,
    0xBB, 0x00, 0x00, 0x00, 0xCF, 0xE2, 0x2D, 0x00, 0x00, 0x00, 0x00, 0x00, 0xCF, 0xE2, 0x2D, 0x00,
    0x00, 0x00, 0x00, 0x00, 0xCF, 0xE2, 0x2D, 0x00, 0x00, 0x00, 0x00, 0x00, 0xCF, 0xE2, 0x2D, 0x00,
    0x00, 0x00, 0x00, 0x00, 0xCF, 0xE2, 0x2D, 0x00, 0x00, 0x00, 0x00, 0x00, 0xCF, 0xE2, 0x2D, 0x00,
    0x00, 0x00, 0x00, 0x00, 0xCF, 0xE2, 0x2D, 0x00, 0x00, 0x00, 0x00, 0x00, 0xBF, 0xDE, 0x23, 0x00,
    0x00, 0x30, 0xFF, 0xFF, 0xFF, 0xF1, 0xA6, 0x9C, 0x4F, 0x32, 0xFF, 0xFF, 0xFF, 0xFF, 0xF9, 0xF5,
    0x97, 0x11, 0x8A, 0x8A, 0xE9, 0xE2, 0x2D, 0x00, 0x00, 0x00, 0x00, 0x00, 0xCF, 0xE2, 0x2D, 0x00,
    0x00, 0x00, 0x00, 0x00, 0xCF, 0xE2, 0x2D, 0x00, 0x00, 0x00, 0x00, 0x00, 0xCF, 0xE2, 0x2D, 0x00,
    0x00, 0x00, 0x00, 0x00, 0xCF, 0xE2, 0x2D, 0x00, 0x00, 0x00, 0x00, 0x00, 0xCF, 0xE2, 0x2D, 0x00,
    0x00, 0x00, 0x00, 0x00, 0xCF, 0xE2, 0x2D, 0x00, 0x00, 0x00, 0x00, 0x00, 0x95, 0xAE, 0x1C, 0x00,
    0x00, 0x13, 0x9C, 0x9C, 0xEC, 0xFF, 0xFF, 0xFF, 0xA1, 0x25, 0xF5, 0xF5, 0xFD, 0xFF, 0xFF, 0xFF,
    0xA5, 0x00, 0x00, 0x00, 0xCF, 0xEF, 0x97, 0x8A, 0x46, 0x00, 0x00, 0x00, 0xCF, 0xE2, 0x2D, 0x00,
    0x00, 0x00, 0x00, 0x00, 0xCF, 0xE2, 0x2D, 0x00, 0x00, 0x00, 0x00, 0x00, 0xCF, 0xE2, 0x2D, 0x00,
    0x00, 0x00, 0x00, 0x00, 0xCF, 0xE2, 0x2D, 0x00, 0x00, 0x00, 0x00, 0x00, 0xCF, 0xE2, 0x2D, 0x00,
    0x00, 0x00, 0x00, 0x00, 0xCF, 0xE2, 0x2D, 0x00, 0x00, 0x00, 0x00, 0x00, 0x95, 0xAE, 0x1C, 0x00,
    0x00, 0x30, 0xFF, 0xFF, 0xFF, 0xFF, 0xFF, 0xFF, 0xA1, 0x32, 0xFF, 0xFF, 0xFF, 0xFF, 0xFF, 0xFF,
    0xA5, 0x11, 0x8A, 0x8A, 0xE9, 0xEF, 0x97, 0x8A, 0x46, 0x00, 0x00, 0x00, 0xCF, 0xE2, 0x2D, 0x00,
    0x00, 0x00, 0x00, 0x00, 0xCF, 0xE2, 0x2D, 0x00, 0x00, 0x00, 0x00, 0x00, 0xCF, 0xE2, 0x2D, 0x00,
    0x00, 0x00, 0x00, 0x00, 0xCF, 0xE2, 0x2D, 0x00, 0x00, 0x00, 0x00, 0x00, 0xCF, 0xE2, 0x2D, 0x00,
    0x00, 0x00, 0x00, 0x00, 0xCF, 0xE2, 0x2D, 0x00, 0x00, 0x00, 0x00, 0x00, 0x95, 0xAE, 0x1C, 0x00,
    0x00, 0x00, 0x00, 0x00, 0x0D, 0x27, 0x00, 0x00, 0x00, 0x00, 0x00, 0x00, 0x58, 0xCF, 0x00, 0x00,
    0x00, 0x00, 0x00, 0x00, 0x58, 0xCF, 0x00, 0x00, 0x00, 0x00, 0x00, 0x00, 0x58, 0xCF, 0x00, 0x00,
    0x00, 0x00, 0x00, 0x00, 0x58, 0xCF, 0x00, 0x00, 0x00, 0x00, 0x00, 0x00, 0x58, 0xCF, 0x00, 0x00,
    0x00, 0x00, 0x00, 0x00, 0x58, 0xCF, 0x00, 0x00, 0x00, 0x00, 0x00, 0x00, 0x58, 0xCF, 0x00, 0x00,
    0x00, 0x04, 0x5A, 0x5A, 0x9D, 0xE0, 0x5A, 0x5A, 0x37, 0x13, 0xFF, 0xFF, 0xFF, 0xFF, 0xFF, 0xFF,
    0xBE, 0x00, 0x00, 0x11, 0x6D, 0x00, 0x00, 0x00, 0x00, 0x00, 0x00, 0x36, 0xF3, 0x00, 0x00, 0x00,
    0x00, 0x00, 0x00, 0x36, 0xF3, 0x00, 0x00, 0x00, 0x00, 0x00, 0x00, 0x36, 0xF3, 0x00, 0x00, 0x00,
    0x00, 0x00, 0x00, 0x36, 0xF3, 0x00, 0x00, 0x00, 0x00, 0x00, 0x00, 0x36, 0xF3, 0x00, 0x00, 0x00,
    0x00, 0x00, 0x00, 0x36, 0xF3, 0x00, 0x00, 0x00, 0x00, 0x00, 0x00, 0x36, 0xF3, 0x00, 0x00, 0x00,
    0x00, 0xFF, 0xFF, 0xFF, 0xFF, 0x9C, 0x9C, 0x8E, 0x6F, 0xFF, 0xFF, 0xFF, 0xFF, 0xF5, 0xF5, 0xDF,
    0xAF, 0x89, 0x8A, 0x8A, 0x7F, 0x00, 0x00, 0x00, 0x00, 0x00, 0x00, 0x11, 0x6D, 0x00, 0x00, 0x00,
    0x00, 0x00, 0x00, 0x36, 0xF3, 0x00, 0x00, 0x00, 0x00, 0x00, 0x00, 0x36, 0xF3, 0x00, 0x00, 0x00,
    0x00, 0x00, 0x00, 0x36, 0xF3, 0x00, 0x00, 0x00, 0x00, 0x00, 0x00, 0x36, 0xF3, 0x00, 0x00, 0x00,
    0x00, 0x00, 0x00, 0x36, 0xF3, 0x00, 0x00, 0x00, 0x00, 0x00, 0x00, 0x36, 0xF3, 0x00, 0x00, 0x00,
    0x00, 0x00, 0x00, 0x36, 0xF3, 0x00, 0x00, 0x00, 0x00, 0x9B, 0x9C, 0xA1, 0xF9, 0xFF, 0xFF, 0xF6,
    0xE2, 0xF3, 0xF5, 0xFD, 0xFF, 0xFF, 0xFF, 0xF7, 0xE6, 0x00, 0x00, 0x12, 0x83, 0x8A, 0x8A, 0x7E,
    0x63, 0x00, 0x00, 0x00, 0x1C, 0x53, 0x00, 0x00, 0x00, 0x00, 0x00, 0x00, 0x58, 0xCF, 0x00, 0x00,
    0x00, 0x00, 0x00, 0x00, 0x58, 0xCF, 0x00, 0x00, 0x00, 0x00, 0x00, 0x00, 0x58, 0xCF, 0x00, 0x00,
    0x00, 0x00, 0x00, 0x00, 0x58, 0xCF, 0x00, 0x00, 0x00, 0x00, 0x00, 0x00, 0x58, 0xCF, 0x00, 0x00,
    0x00, 0x00, 0x00, 0x00, 0x58, 0xCF, 0x00, 0x00, 0x00, 0x00, 0x00, 0x00, 0x58, 0xCF, 0x00, 0x00,
    0x00, 0x13, 0xFF, 0xFF, 0xFF, 0xFF, 0xFF, 0xFF, 0xC4, 0x15, 0xFF, 0xFF, 0xFF, 0xFF, 0xFF, 0xFF,
    0xC8, 0x07, 0x8A, 0x8A, 0x8A, 0x8A, 0x8A, 0x8A, 0x55, 0x00, 0x00, 0x00, 0x2C, 0x34, 0x07, 0x00,
    0x00, 0x00, 0x00, 0x00, 0xCF, 0xE2, 0x2D, 0x00, 0x00, 0x00, 0x00, 0x00, 0xCF, 0xE2, 0x2D, 0x00,
    0x00, 0x00, 0x00, 0x00, 0xCF, 0xE2, 0x2D, 0x00, 0x00, 0x00, 0x00, 0x00, 0xCF, 0xE2, 0x2D, 0x00,
    0x00, 0x00, 0x00, 0x00, 0xCF, 0xE2, 0x2D, 0x00, 0x00, 0x00, 0x00, 0x00, 0xCF, 0xE2, 0x2D, 0x00,
    0x00, 0x00, 0x00, 0x00, 0xCF, 0xE2, 0x2D, 0x00, 0x00, 0x0B, 0x5A, 0x5A, 0xE0, 0xEF, 0x7C, 0x5A,
    0x2D, 0x2E, 0xFF, 0xFF, 0xFF, 0xFF, 0xFF, 0xFF, 0xBB, 0x00, 0x00, 0x00, 0x5D, 0x6D, 0x0E, 0x00,
    0x00, 0x00, 0x00, 0x00, 0xCF, 0xE2, 0x2D, 0x00, 0x00, 0x00, 0x00, 0x00, 0xCF, 0xE2, 0x2D, 0x00,
    0x00, 0x00, 0x00, 0x00, 0xCF, 0xE2, 0x2D, 0x00, 0x00, 0x00, 0x00, 0x00, 0xCF, 0xE2, 0x2D, 0x00,
    0x00, 0x00, 0x00, 0x00, 0xCF, 0xE2, 0x2D, 0x00, 0x00, 0x00, 0x00, 0x00, 0xCF, 0xE2, 0x2D, 0x00,
    0x00, 0x00, 0x00, 0x00, 0xCF, 0xE2, 0x2D, 0x00, 0x00, 0x30, 0xFF, 0xFF, 0xFF, 0xF1, 0xA7, 0x9C,
    0x4F, 0x32, 0xFF, 0xFF, 0xFF, 0xFF, 0xF9, 0xF5, 0x97, 0x11, 0x8A, 0x8A, 0x8A, 0x77, 0x10, 0x00,
    0x00, 0x00, 0x00, 0x00, 0x5D, 0x6D, 0x0E, 0x00, 0x00, 0x00, 0x00, 0x00, 0xCF, 0xE2, 0x2D, 0x00,
    0x00, 0x00, 0x00, 0x00, 0xCF, 0xE2, 0x2D, 0x00, 0x00, 0x00, 0x00, 0x00, 0xCF, 0xE2, 0x2D, 0x00,
    0x00, 0x00, 0x00, 0x00, 0xCF, 0xE2, 0x2D, 0x00, 0x00, 0x00, 0x00, 0x00, 0xCF, 0xE2, 0x2D, 0x00,
    0x00, 0x00, 0x00, 0x00, 0xCF, 0xE2, 0x2D, 0x00, 0x00, 0x00, 0x00, 0x00, 0xCF, 0xE2, 0x2D, 0x00,
    0x00, 0x13, 0x9C, 0x9C, 0xEC, 0xFF, 0xFF, 0xFF, 0xA1, 0x25, 0xF5, 0xF5, 0xFD, 0xFF, 0xFF, 0xFF,
    0xA5, 0x00, 0x00, 0x00, 0x66, 0x8A, 0x8A, 0x8A, 0x46, 0x00, 0x00, 0x00, 0x5D, 0x6D, 0x0E, 0x00,
    0x00, 0x00, 0x00, 0x00, 0xCF, 0xE2, 0x2D, 0x00, 0x00, 0x00, 0x00, 0x00, 0xCF, 0xE2, 0x2D, 0x00,
    0x00, 0x00, 0x00, 0x00, 0xCF, 0xE2, 0x2D, 0x00, 0x00, 0x00, 0x00, 0x00, 0xCF, 0xE2, 0x2D, 0x00,
    0x00, 0x00, 0x00, 0x00, 0xCF, 0xE2, 0x2D, 0x00, 0x00, 0x00, 0x00, 0x00, 0xCF, 0xE2, 0x2D, 0x00,
    0x00, 0x00, 0x00, 0x00, 0xCF, 0xE2, 0x2D, 0x00, 0x00, 0x30, 0xFF, 0xFF, 0xFF, 0xFF, 0xFF, 0xFF,
    0xA1, 0x32, 0xFF, 0xFF, 0xFF, 0xFF, 0xFF, 0xFF, 0xA5, 0x11, 0x8A, 0x8A, 0x8A, 0x8A, 0x8A, 0x8A,
    0x46, 0x00, 0x00, 0x00, 0x08, 0x1B, 0x00, 0x00, 0x00, 0x00, 0x00, 0x00, 0x58, 0xCF, 0x00, 0x00,
    0x00, 0x00, 0x00, 0x00, 0x58, 0xCF, 0x00, 0x00, 0x00, 0x00, 0x00, 0x00, 0x58, 0xCF, 0x00, 0x00,
    0x00, 0x00, 0x00, 0x00, 0x58, 0xCF, 0x00, 0x00, 0x00, 0x00, 0x00, 0x00, 0x58, 0xCF, 0x00, 0x00,
    0x00, 0x00, 0x00, 0x00, 0x58, 0xCF, 0x00, 0x00, 0x00, 0x00, 0x00, 0x00, 0x58, 0xCF, 0x00, 0x00,
    0x00, 0x03, 0x48, 0x48, 0x8F, 0xDD, 0x48, 0x48, 0x2D, 0x15, 0xFF, 0xFF, 0xFF, 0xFF, 0xFF, 0xFF,
    0xC8, 0x00, 0x00, 0x00, 0x58, 0xCF, 0x00, 0x00, 0x00, 0x00, 0x00, 0x00, 0x58, 0xCF, 0x00, 0x00,
    0x00, 0x00, 0x00, 0x00, 0x58, 0xCF, 0x00, 0x00, 0x00, 0x00, 0x00, 0x00, 0x58, 0xCF, 0x00, 0x00,
    0x00, 0x00, 0x00, 0x00, 0x58, 0xCF, 0x00, 0x00, 0x00, 0x00, 0x00, 0x00, 0x58, 0xCF, 0x00, 0x00,
    0x00, 0x00, 0x00, 0x00, 0x58, 0xCF, 0x00, 0x00, 0x00, 0x00, 0x00, 0x00, 0x49, 0xB1, 0x00, 0x00,
    0x00, 0x00, 0x00, 0x05, 0x23, 0x00, 0x00, 0x00, 0x00, 0x00, 0x00, 0x36, 0xF3, 0x00, 0x00, 0x00,
    0x00, 0x00, 0x00, 0x36, 0xF3, 0x00, 0x00, 0x00, 0x00, 0x00, 0x00, 0x36, 0xF3, 0x00, 0x00, 0x00,
    0x00, 0x00, 0x00, 0x36, 0xF3, 0x00, 0x00, 0x00, 0x00, 0x00, 0x00, 0x36, 0xF3, 0x00, 0x00, 0x00,
    0x00, 0x00, 0x00, 0x36, 0xF3, 0x00, 0x00, 0x00, 0x00, 0x00, 0x00, 0x36, 0xF3, 0x00, 0x00, 0x00,
    0x00, 0xF3, 0xF5, 0xFD, 0xFF, 0x48, 0x48, 0x41, 0x33, 0xFF, 0xFF, 0xFF, 0xFF, 0xFF, 0xFF, 0xF7,
    0xE6, 0xB7, 0xB9, 0xCB, 0xFC, 0x00, 0x00, 0x00, 0x00, 0x00, 0x00, 0x36, 0xF3, 0x00, 0x00, 0x00,
    0x00, 0x00, 0x00, 0x36, 0xF3, 0x00, 0x00, 0x00, 0x00, 0x00, 0x00, 0x36, 0xF3, 0x00, 0x00, 0x00,
    0x00, 0x00, 0x00, 0x36, 0xF3, 0x00, 0x00, 0x00, 0x00, 0x00, 0x00, 0x36, 0xF3, 0x00, 0x00, 0x00,
    0x00, 0x00, 0x00, 0x36, 0xF3, 0x00, 0x00, 0x00, 0x00, 0x00, 0x00, 0x2D, 0xEC, 0x00, 0x00, 0x00,
    0x00, 0x00, 0x00, 0x05, 0x23, 0x00, 0x00, 0x00, 0x00, 0x00, 0x00, 0x36, 0xF3, 0x00, 0x00, 0x00,
    0x00, 0x00, 0x00, 0x36, 0xF3, 0x00, 0x00, 0x00, 0x00, 0x00, 0x00, 0x36, 0xF3, 0x00, 0x00, 0x00,
    0x00, 0x00, 0x00, 0x36, 0xF3, 0x00, 0x00, 0x00, 0x00, 0x00, 0x00, 0x36, 0xF3, 0x00, 0x00, 0x00,
    0x00, 0x00, 0x00, 0x36, 0xF3, 0x00, 0x00, 0x00, 0x00, 0x00, 0x00, 0x36, 0xF3, 0x00, 0x00, 0x00,
    0x00, 0x47, 0x48, 0x72, 0xF7, 0xF5, 0xF5, 0xDF, 0xAF, 0xFF, 0xFF, 0xFF, 0xFF, 0xFF, 0xFF, 0xF7,
    0xE6, 0x00, 0x00, 0x36, 0xF3, 0xB9, 0xB9, 0xB1, 0x9F, 0x00, 0x00, 0x36, 0xF3, 0x00, 0x00, 0x00,
    0x00, 0x00, 0x00, 0x36, 0xF3, 0x00, 0x00, 0x00, 0x00, 0x00, 0x00, 0x36, 0xF3, 0x00, 0x00, 0x00,
    0x00, 0x00, 0x00, 0x36, 0xF3, 0x00, 0x00, 0x00, 0x00, 0x00, 0x00, 0x36, 0xF3, 0x00, 0x00, 0x00,
    0x00, 0x00, 0x00, 0x36, 0xF3, 0x00, 0x00, 0x00, 0x00, 0x00, 0x00, 0x2D, 0xEC, 0x00, 0x00, 0x00,
    0x00, 0x00, 0x00, 0x00, 0x08, 0x1B, 0x00, 0x00, 0x00, 0x00, 0x00, 0x00, 0x58, 0xCF, 0x00, 0x00,
    0x00, 0x00, 0x00, 0x00, 0x58, 0xCF, 0x00, 0x00, 0x00, 0x00, 0x00, 0x00, 0x58, 0xCF, 0x00, 0x00,
    0x00, 0x00, 0x00, 0x00, 0x58, 0xCF, 0x00, 0x00, 0x00, 0x00, 0x00, 0x00, 0x58, 0xCF, 0x00, 0x00,
    0x00, 0x00, 0x00, 0x00, 0x58, 0xCF, 0x00, 0x00, 0x00, 0x00, 0x00, 0x00, 0x58, 0xCF, 0x00, 0x00,
    0x00, 0x0F, 0xF5, 0xF5, 0xFD, 0xFD, 0xF5, 0xF5, 0xB7, 0x15, 0xFF, 0xFF, 0xFF, 0xFF, 0xFF, 0xFF,
    0xC8, 0x0B, 0xB9, 0xB9, 0xD7, 0xF2, 0xB9, 0xB9, 0x8A, 0x00, 0x00, 0x00, 0x58, 0xCF, 0x00, 0x00,
    0x00, 0x00, 0x00, 0x00, 0x58, 0xCF, 0x00, 0x00, 0x00, 0x00, 0x00, 0x00, 0x58, 0xCF, 0x00, 0x00,
    0x00, 0x00, 0x00, 0x00, 0x58, 0xCF, 0x00, 0x00, 0x00, 0x00, 0x00, 0x00, 0x58, 0xCF, 0x00, 0x00,
    0x00, 0x00, 0x00, 0x00, 0x58, 0xCF, 0x00, 0x00, 0x00, 0x00, 0x00, 0x00, 0x49, 0xB1, 0x00, 0x00,
    0x00, 0x00, 0x00, 0x00, 0x2C, 0x34, 0x07, 0x00, 0x00, 0x00, 0x00, 0x00, 0xCF, 0xE2, 0x2D, 0x00,
    0x00, 0x00, 0x00, 0x00, 0xCF, 0xE2, 0x2D, 0x00, 0x00, 0x00, 0x00, 0x00, 0xCF, 0xE2, 0x2D, 0x00,
    0x00, 0x00, 0x00, 0x00, 0xCF, 0xE2, 0x2D, 0x00, 0x00, 0x00, 0x00, 0x00, 0xCF, 0xE2, 0x2D, 0x00,
    0x00, 0x00, 0x00, 0x00, 0xCF, 0xE2, 0x2D, 0x00, 0x00, 0x00, 0x00, 0x00, 0xCF, 0xE2, 0x2D, 0x00,
    0x00, 0x0B, 0x5A, 0x5A, 0xE0, 0xEF, 0x7C, 0x5A, 0x2D, 0x2E, 0xFF, 0xFF, 0xFF, 0xFF, 0xFF, 0xFF,
    0xBB, 0x00, 0x00, 0x00, 0x75, 0xBB, 0x00, 0x00, 0x00, 0x00, 0x00, 0x00, 0x75, 0xBB, 0x00, 0x00,
    0x00, 0x00, 0x00, 0x00, 0x75, 0xBB, 0x00, 0x00, 0x00, 0x00, 0x00, 0x00, 0x75, 0xBB, 0x00, 0x00,
    0x00, 0x00, 0x00, 0x00, 0x75, 0xBB, 0x00, 0x00, 0x00, 0x00, 0x00, 0x00, 0x75, 0xBB, 0x00, 0x00,
    0x00, 0x00, 0x00, 0x00, 0x75, 0xBB, 0x00, 0x00, 0x00, 0x00, 0x00, 0x00, 0x5D, 0x94, 0x00, 0x00,
    0x00, 0x00, 0x00, 0x00, 0x12, 0x22, 0x00, 0x00, 0x00, 0x00, 0x00, 0x00, 0x75, 0xBB, 0x00, 0x00,
    0x00, 0x00, 0x00, 0x00, 0x75, 0xBB, 0x00, 0x00, 0x00, 0x00, 0x00, 0x00, 0x75, 0xBB, 0x00, 0x00,
    0x00, 0x00, 0x00, 0x00, 0x75, 0xBB, 0x00, 0x00, 0x00, 0x00, 0x00, 0x00, 0x75, 0xBB, 0x00, 0x00,
    0x00, 0x00, 0x00, 0x00, 0x75, 0xBB, 0x00, 0x00, 0x00, 0x00, 0x00, 0x00, 0x75, 0xBB, 0x00, 0x00,
    0x00, 0x0B, 0x5A, 0x5A, 0x98, 0xDC, 0x5A, 0x5A, 0x2D, 0x2E, 0xFF, 0xFF, 0xFF, 0xFF, 0xFF, 0xFF,
    0xBB, 0x00, 0x00, 0x00, 0xCF, 0xE2, 0x2D, 0x00, 0x00, 0x00, 0x00, 0x00, 0xCF, 0xE2, 0x2D, 0x00,
    0x00, 0x00, 0x00, 0x00, 0xCF, 0xE2, 0x2D, 0x00, 0x00, 0x00, 0x00, 0x00, 0xCF, 0xE2, 0x2D, 0x00,
    0x00, 0x00, 0x00, 0x00, 0xCF, 0xE2, 0x2D, 0x00, 0x00, 0x00, 0x00, 0x00, 0xCF, 0xE2, 0x2D, 0x00,
    0x00, 0x00, 0x00, 0x00, 0xCF, 0xE2, 0x2D, 0x00, 0x00, 0x00, 0x00, 0x00, 0xBF, 0xDE, 0x23, 0x00,
    0x00, 0x00, 0x00, 0x00, 0x1E, 0x24, 0x04, 0x00, 0x00, 0x00, 0x00, 0x00, 0xCF, 0xE2, 0x2D, 0x00,
    0x00, 0x00, 0x00, 0x00, 0xCF, 0xE2, 0x2D, 0x00, 0x00, 0x00, 0x00, 0x00, 0xCF, 0xE2, 0x2D, 0x00,
    0x00, 0x00, 0x00, 0x00, 0xCF, 0xE2, 0x2D, 0x00, 0x00, 0x00, 0x00, 0x00, 0xCF, 0xE2, 0x2D, 0x00,
    0x00, 0x00, 0x00, 0x00, 0xCF, 0xE2, 0x2D, 0x00, 0x00, 0x00, 0x00, 0x00, 0xCF, 0xE2, 0x2D, 0x00,
    0x00, 0x09, 0x48, 0x48, 0xDD, 0xEC, 0x6C, 0x48, 0x24, 0x32, 0xFF, 0xFF, 0xFF, 0xFF, 0xFF, 0xFF,
    0xA5, 0x00, 0x00, 0x00, 0xCF, 0xE2, 0x2D, 0x00, 0x00, 0x00, 0x00, 0x00, 0xCF, 0xE2, 0x2D, 0x00,
    0x00, 0x00, 0x00, 0x00, 0xCF, 0xE2, 0x2D, 0x00, 0x00, 0x00, 0x00, 0x00, 0xCF, 0xE2, 0x2D, 0x00,
    0x00, 0x00, 0x00, 0x00, 0xCF, 0xE2, 0x2D, 0x00, 0x00, 0x00, 0x00, 0x00, 0xCF, 0xE2, 0x2D, 0x00,
    0x00, 0x00, 0x00, 0x00, 0xCF, 0xE2, 0x2D, 0x00, 0x00, 0x00, 0x00, 0x00, 0xCA, 0xDF, 0x25, 0x00,
    0x00, 0x00, 0x00, 0x00, 0x5D, 0x6D, 0x0E, 0x00, 0x00, 0x00, 0x00, 0x00, 0xCF, 0xE2, 0x2D, 0x00,
    0x00, 0x00, 0x00, 0x00, 0xCF, 0xE2, 0x2D, 0x00, 0x00, 0x00, 0x00, 0x00, 0xCF, 0xE2, 0x2D, 0x00,
    0x00, 0x00, 0x00, 0x00, 0xCF, 0xE2, 0x2D, 0x00, 0x00, 0x00, 0x00, 0x00, 0xCF, 0xE2, 0x2D, 0x00,
    0x00, 0x00, 0x00, 0x00, 0xCF, 0xE2, 0x2D, 0x00, 0x00, 0x00, 0x00, 0x00, 0xCF, 0xE2, 0x2D, 0x00,
    0x00, 0x30, 0xFF, 0xFF, 0xFF, 0xF1, 0xA7, 0x9C, 0x4F, 0x32, 0xFF, 0xFF, 0xFF, 0xFF, 0xF9, 0xF5,
    0x97, 0x11, 0x8A, 0x8A, 0xB5, 0xD6, 0x10, 0x00, 0x00, 0x00, 0x00, 0x00, 0x75, 0xBB, 0x00, 0x00,
    0x00, 0x00, 0x00, 0x00, 0x75, 0xBB, 0x00, 0x00, 0x00, 0x00, 0x00, 0x00, 0x75, 0xBB, 0x00, 0x00,
    0x00, 0x00, 0x00, 0x00, 0x75, 0xBB, 0x00, 0x00, 0x00, 0x00, 0x00, 0x00, 0x75, 0xBB, 0x00, 0x00,
    0x00, 0x00, 0x00, 0x00, 0x75, 0xBB, 0x00, 0x00, 0x00, 0x00, 0x00, 0x00, 0x49, 0x8C, 0x00, 0x00,
    0x00, 0x00, 0x00, 0x00, 0x1E, 0x24, 0x04, 0x00, 0x00, 0x00, 0x00, 0x00, 0xCF, 0xE2, 0x2D, 0x00,
    0x00, 0x00, 0x00, 0x00, 0xCF, 0xE2, 0x2D, 0x00, 0x00, 0x00, 0x00, 0x00, 0xCF, 0xE2, 0x2D, 0x00,
    0x00, 0x00, 0x00, 0x00, 0xCF, 0xE2, 0x2D, 0x00, 0x00, 0x00, 0x00, 0x00, 0xCF, 0xE2, 0x2D, 0x00,
    0x00, 0x00, 0x00, 0x00, 0xCF, 0xE2, 0x2D, 0x00, 0x00, 0x00, 0x00, 0x00, 0xCF, 0xE2, 0x2D, 0x00,
    0x00, 0x09, 0x48, 0x48, 0xDD, 0xFF, 0xF9, 0xF5, 0x97, 0x30, 0xFF, 0xFF, 0xFF, 0xFF, 0xFF, 0xFF,
    0xA5, 0x00, 0x00, 0x00, 0xB3, 0xF2, 0xB9, 0xB9, 0x72, 0x00, 0x00, 0x00, 0x75, 0xBB, 0x00, 0x00,
    0x00, 0x00, 0x00, 0x00, 0x75, 0xBB, 0x00, 0x00, 0x00, 0x00, 0x00, 0x00, 0x75, 0xBB, 0x00, 0x00,
    0x00, 0x00, 0x00, 0x00, 0x75, 0xBB, 0x00, 0x00, 0x00, 0x00, 0x00, 0x00, 0x75, 0xBB, 0x00, 0x00,
    0x00, 0x00, 0x00, 0x00, 0x75, 0xBB, 0x00, 0x00, 0x00, 0x00, 0x00, 0x00, 0x62, 0x9D, 0x00, 0x00,
    0x00, 0x00, 0x00, 0x00, 0x25, 0x49, 0x00, 0x00, 0x00, 0x00, 0x00, 0x00, 0x75, 0xBB, 0x00, 0x00,
    0x00, 0x00, 0x00, 0x00, 0x75, 0xBB, 0x00, 0x00, 0x00, 0x00, 0x00, 0x00, 0x75, 0xBB, 0x00, 0x00,
    0x00, 0x00, 0x00, 0x00, 0x75, 0xBB, 0x00, 0x00, 0x00, 0x00, 0x00, 0x00, 0x75, 0xBB, 0x00, 0x00,
    0x00, 0x00, 0x00, 0x00, 0x75, 0xBB, 0x00, 0x00, 0x00, 0x00, 0x00, 0x00, 0x75, 0xBB, 0x00, 0x00,
    0x00, 0x30, 0xFF, 0xFF, 0xFF, 0xF1, 0xA6, 0x9C, 0x4F, 0x32, 0xFF, 0xFF, 0xFF, 0xFF, 0xF9, 0xF5,
    0x97, 0x11, 0x8A, 0x8A, 0xE9, 0xE2, 0x2D, 0x00, 0x00, 0x00, 0x00, 0x00, 0xCF, 0xE2, 0x2D, 0x00,
    0x00, 0x00, 0x00, 0x00, 0xCF, 0xE2, 0x2D, 0x00, 0x00, 0x00, 0x00, 0x00, 0xCF, 0xE2, 0x2D, 0x00,
    0x00, 0x00, 0x00, 0x00, 0xCF, 0xE2, 0x2D, 0x00, 0x00, 0x00, 0x00, 0x00, 0xCF, 0xE2, 0x2D, 0x00,
    0x00, 0x00, 0x00, 0x00, 0xCF, 0xE2, 0x2D, 0x00, 0x00, 0x00, 0x00, 0x00, 0x95, 0xAE, 0x1C, 0x00,
    0x00, 0x00, 0x00, 0x00, 0x25, 0x49, 0x00, 0x00, 0x00, 0x00, 0x00, 0x00, 0x75, 0xBB, 0x00, 0x00,
    0x00, 0x00, 0x00, 0x00, 0x75, 0xBB, 0x00, 0x00, 0x00, 0x00, 0x00, 0x00, 0x75, 0xBB, 0x00, 0x00,
    0x00, 0x00, 0x00, 0x00, 0x75, 0xBB, 0x00, 0x00, 0x00, 0x00, 0x00, 0x00, 0x75, 0xBB, 0x00, 0x00,
    0x00, 0x00, 0x00, 0x00, 0x75, 0xBB, 0x00, 0x00, 0x00, 0x00, 0x00, 0x00, 0x75, 0xBB, 0x00, 0x00,
    0x00, 0x13, 0x96, 0x96, 0xEB, 0xFF, 0xFF, 0xFF, 0xA1, 0x26, 0xFA, 0xFA, 0xFE, 0xFF, 0xFF, 0xFF,
    0xA5, 0x00, 0x00, 0x00, 0xCF, 0xEF, 0x97, 0x8A, 0x46, 0x00, 0x00, 0x00, 0xCF, 0xE2, 0x2D, 0x00,
    0x00, 0x00, 0x00, 0x00, 0xCF, 0xE2, 0x2D, 0x00, 0x00, 0x00, 0x00, 0x00, 0xCF, 0xE2, 0x2D, 0x00,
    0x00, 0x00, 0x00, 0x00, 0xCF, 0xE2, 0x2D, 0x00, 0x00, 0x00, 0x00, 0x00, 0xCF, 0xE2, 0x2D, 0x00,
    0x00, 0x00, 0x00, 0x00, 0xCF, 0xE2, 0x2D, 0x00, 0x00, 0x00, 0x00, 0x00, 0x95, 0xAE, 0x1C, 0x00,
    0x00, 0x00, 0x00, 0x00, 0x5D, 0x6D, 0x0E, 0x00, 0x00, 0x00, 0x00, 0x00, 0xCF, 0xE2, 0x2D, 0x00,
    0x00, 0x00, 0x00, 0x00, 0xCF, 0xE2, 0x2D, 0x00, 0x00, 0x00, 0x00, 0x00, 0xCF, 0xE2, 0x2D, 0x00,
    0x00, 0x00, 0x00, 0x00, 0xCF, 0xE2, 0x2D, 0x00, 0x00, 0x00, 0x00, 0x00, 0xCF, 0xE2, 0x2D, 0x00,
    0x00, 0x00, 0x00, 0x00, 0xCF, 0xE2, 0x2D, 0x00, 0x00, 0x00, 0x00, 0x00, 0xCF, 0xE2, 0x2D, 0x00,
    0x00, 0x30, 0xFF, 0xFF, 0xFF, 0xFF, 0xFF, 0xFF, 0xA1, 0x32, 0xFF, 0xFF, 0xFF, 0xFF, 0xFF, 0xFF,
    0xA5, 0x11, 0x8A, 0x8A, 0xB5, 0xE9, 0x8A, 0x8A, 0x46, 0x00, 0x00, 0x00, 0x75, 0xBB, 0x00, 0x00,
    0x00, 0x00, 0x00, 0x00, 0x75, 0xBB, 0x00, 0x00, 0x00, 0x00, 0x00, 0x00, 0x75, 0xBB, 0x00, 0x00,
    0x00, 0x00, 0x00, 0x00, 0x75, 0xBB, 0x00, 0x00, 0x00, 0x00, 0x00, 0x00, 0x75, 0xBB, 0x00, 0x00,
    0x00, 0x00, 0x00, 0x00, 0x75, 0xBB, 0x00, 0x00, 0x00, 0x00, 0x00, 0x00, 0x49, 0x8C, 0x00, 0x00,
    0x00, 0x00, 0x00, 0x00, 0x25, 0x49, 0x00, 0x00, 0x00, 0x00, 0x00, 0x00, 0x75, 0xBB, 0x00, 0x00,
    0x00, 0x00, 0x00, 0x00, 0x75, 0xBB, 0x00, 0x00, 0x00, 0x00, 0x00, 0x00, 0x75, 0xBB, 0x00, 0x00,
    0x00, 0x00, 0x00, 0x00, 0x75, 0xBB, 0x00, 0x00, 0x00, 0x00, 0x00, 0x00, 0x75, 0xBB, 0x00, 0x00,
    0x00, 0x00, 0x00, 0x00, 0x75, 0xBB, 0x00, 0x00, 0x00, 0x00, 0x00, 0x00, 0x75, 0xBB, 0x00, 0x00,
    0x00, 0x30, 0xFF, 0xFF, 0xFF, 0xFF, 0xFF, 0xFF, 0xA1, 0x32, 0xFF, 0xFF, 0xFF, 0xFF, 0xFF, 0xFF,
    0xA5, 0x11, 0x8A, 0x8A, 0xE9, 0xEF, 0x97, 0x8A, 0x46, 0x00, 0x00, 0x00, 0xCF, 0xE2, 0x2D, 0x00,
    0x00, 0x00, 0x00, 0x00, 0xCF, 0xE2, 0x2D, 0x00, 0x00, 0x00, 0x00, 0x00, 0xCF, 0xE2, 0x2D, 0x00,
    0x00, 0x00, 0x00, 0x00, 0xCF, 0xE2, 0x2D, 0x00, 0x00, 0x00, 0x00, 0x00, 0xCF, 0xE2, 0x2D, 0x00,
    0x00, 0x00, 0x00, 0x00, 0xCF, 0xE2, 0x2D, 0x00, 0x00, 0x00, 0x00, 0x00, 0x95, 0xAE, 0x1C, 0x00,
    0x00, 0x00, 0x00, 0x00, 0x1E, 0x24, 0x04, 0x00, 0x00, 0x00, 0x00, 0x00, 0xCF, 0xE2, 0x2D, 0x00,
    0x00, 0x00, 0x00, 0x00, 0xCF, 0xE2, 0x2D, 0x00, 0x00, 0x00, 0x00, 0x00, 0xCF, 0xE2, 0x2D, 0x00,
    0x00, 0x00, 0x00, 0x00, 0xCF, 0xE2, 0x2D, 0x00, 0x00, 0x00, 0x00, 0x00, 0xCF, 0xE2, 0x2D, 0x00,
    0x00, 0x00, 0x00, 0x00, 0xCF, 0xE2, 0x2D, 0x00, 0x00, 0x00, 0x00, 0x00, 0xCF, 0xE2, 0x2D, 0x00,
    0x00, 0x25, 0xF5, 0xF5, 0xFD, 0xEC, 0x6C, 0x48, 0x24, 0x32, 0xFF, 0xFF, 0xFF, 0xFF, 0xFF, 0xFF,
    0xA5, 0x1C, 0xB9, 0xB9, 0xF2, 0xE2, 0x2D, 0x00, 0x00, 0x00, 0x00, 0x00, 0xCF, 0xE2, 0x2D, 0x00,
    0x00, 0x00, 0x00, 0x00, 0xCF, 0xE2, 0x2D, 0x00, 0x00, 0x00, 0x00, 0x00, 0xCF, 0xE2, 0x2D, 0x00,
    0x00, 0x00, 0x00, 0x00, 0xCF, 0xE2, 0x2D, 0x00, 0x00, 0x00, 0x00, 0x00, 0xCF, 0xE2, 0x2D, 0x00,
    0x00, 0x00, 0x00, 0x00, 0xCF, 0xE2, 0x2D, 0x00, 0x00, 0x00, 0x00, 0x00, 0xCA, 0xDF, 0x25, 0x00,
    0x00, 0x00, 0x00, 0x00, 0x1E, 0x24, 0x04, 0x00, 0x00, 0x00, 0x00, 0x00, 0xCF, 0xE2, 0x2D, 0x00,
    0x00, 0x00, 0x00, 0x00, 0xCF, 0xE2, 0x2D, 0x00, 0x00, 0x00, 0x00, 0x00, 0xCF, 0xE2, 0x2D, 0x00,
    0x00, 0x00, 0x00, 0x00, 0xCF, 0xE2, 0x2D, 0x00, 0x00, 0x00, 0x00, 0x00, 0xCF, 0xE2, 0x2D, 0x00,
    0x00, 0x00, 0x00, 0x00, 0xCF, 0xE2, 0x2D, 0x00, 0x00, 0x00, 0x00, 0x00, 0xCF, 0xE2, 0x2D, 0x00,
    0x00, 0x09, 0x48, 0x48, 0xDD, 0xFF, 0xF9, 0xF5, 0x97, 0x32, 0xFF, 0xFF, 0xFF, 0xFF, 0xFF, 0xFF,
    0xA5, 0x00, 0x00, 0x00, 0xCF, 0xF8, 0xC8, 0xB9, 0x72, 0x00, 0x00, 0x00, 0xCF, 0xE2, 0x2D, 0x00,
    0x00, 0x00, 0x00, 0x00, 0xCF, 0xE2, 0x2D, 0x00, 0x00, 0x00, 0x00, 0x00, 0xCF, 0xE2, 0x2D, 0x00,
    0x00, 0x00, 0x00, 0x00, 0xCF, 0xE2, 0x2D, 0x00, 0x00, 0x00, 0x00, 0x00, 0xCF, 0xE2, 0x2D, 0x00,
    0x00, 0x00, 0x00, 0x00, 0xCF, 0xE2, 0x2D, 0x00, 0x00, 0x00, 0x00, 0x00, 0xCA, 0xDF, 0x25, 0x00,
    0x00, 0x00, 0x00, 0x00, 0x1E, 0x24, 0x04, 0x00, 0x00, 0x00, 0x00, 0x00, 0xCF, 0xE2, 0x2D, 0x00,
    0x00, 0x00, 0x00, 0x00, 0xCF, 0xE2, 0x2D, 0x00, 0x00, 0x00, 0x00, 0x00, 0xCF, 0xE2, 0x2D, 0x00,
    0x00, 0x00, 0x00, 0x00, 0xCF, 0xE2, 0x2D, 0x00, 0x00, 0x00, 0x00, 0x00, 0xCF, 0xE2, 0x2D, 0x00,
    0x00, 0x00, 0x00, 0x00, 0xCF, 0xE2, 0x2D, 0x00, 0x00, 0x00, 0x00, 0x00, 0xCF, 0xE2, 0x2D, 0x00,
    0x00, 0x25, 0xF5, 0xF5, 0xFD, 0xFF, 0xF9, 0xF5, 0x97, 0x32, 0xFF, 0xFF, 0xFF, 0xFF, 0xFF, 0xFF,
    0xA5, 0x1C, 0xB9, 0xB9, 0xF2, 0xF8, 0xC8, 0xB9, 0x72, 0x00, 0x00, 0x00, 0xCF, 0xE2, 0x2D, 0x00,
    0x00, 0x00, 0x00, 0x00, 0xCF, 0xE2, 0x2D, 0x00, 0x00, 0x00, 0x00, 0x00, 0xCF, 0xE2, 0x2D, 0x00,
    0x00, 0x00, 0x00, 0x00, 0xCF, 0xE2, 0x2D, 0x00, 0x00, 0x00, 0x00, 0x00, 0xCF, 0xE2, 0x2D, 0x00,
    0x00, 0x00, 0x00, 0x00, 0xCF, 0xE2, 0x2D, 0x00, 0x00, 0x00, 0x00, 0x00, 0xCA, 0xDF, 0x25, 0x00,
    0x00, 0x45, 0x5A, 0x54, 0x1A, 0x5A, 0x5A, 0x42, 0x0C, 0xDA, 0xFF, 0xFF, 0x65, 0xFF, 0xFF, 0xBF,
    0x33, 0xDD, 0xFF, 0xFF, 0x68, 0xFF, 0xFF, 0xC0, 0x34, 0xDE, 0xFF, 0xFF, 0x6A, 0xFF, 0xFF, 0xC0,
    0x36, 0x6A, 0x8A, 0x80, 0x28, 0x8A, 0x8A, 0x65, 0x12, 0x34, 0xEE, 0x42, 0xFF, 0x42, 0xFF, 0x42,
    0xFF, 0x42, 0xFF, 0x42, 0xFF, 0x00, 0x04, 0x00, 0x00, 0x33, 0xE6, 0x42, 0xFF, 0x42, 0xFF, 0x42,
    0xFF, 0x42, 0xFF, 0x42, 0xFF, 0x03, 0x10, 0xEE, 0xFF, 0x52, 0xFF, 0xFF, 0x66, 0xFF, 0xFF, 0x66,
    0xFF, 0xFF, 0x66, 0xFF, 0xFF, 0x66, 0xFF, 0xFF, 0x66, 0x04, 0x06, 0x01, 0x00, 0x00, 0x00, 0xE6,
    0xFA, 0x4F, 0xFF, 0xFF, 0x66, 0xFF, 0xFF, 0x66, 0xFF, 0xFF, 0x66, 0xFF, 0xFF, 0x66, 0xFF, 0xFF,
    0x66, 0x10, 0x12, 0x04, 0x07, 0x8A, 0x8A, 0x8A, 0x8A, 0x8A, 0x8A, 0x55, 0x11, 0xFF, 0xFF, 0xFF,
    0xFF, 0xFF, 0xFF, 0xA2, 0x04, 0x54, 0x54, 0x54, 0x54, 0x54, 0x54, 0x34, 0x13, 0xFF, 0xFF, 0xFF,
    0xFF, 0xFF, 0xFF, 0xBE, 0x07, 0x24, 0x00, 0x2A, 0x03, 0x4E, 0xFF, 0x06, 0xFF, 0x1E, 0x4E, 0xFF,
    0x06, 0xFF, 0x1E, 0x4E, 0xFF, 0x06, 0xFF, 0x1E, 0x4E, 0xFF, 0x06, 0xFF, 0x1E, 0x4E, 0xFF, 0x06,
    0xFF, 0x1E, 0x4E, 0xFF, 0x06, 0xFF, 0x1E, 0x4E, 0xFF, 0x06, 0xFF, 0x1E, 0x4E, 0xFF, 0x06, 0xFF,
    0x1E, 0x4E, 0xFF, 0x06, 0xFF, 0x1E, 0x4E, 0xFF, 0x06, 0xFF, 0x1E, 0x4E, 0xFF, 0x06, 0xFF, 0x1E,
    0x4E, 0xFF, 0x06, 0xFF, 0x1E, 0x4E, 0xFF, 0x06, 0xFF, 0x1E, 0x4E, 0xFF, 0x06, 0xFF, 0x1E, 0x4E,
    0xFF, 0x06, 0xFF, 0x1E, 0x4E, 0xFF, 0x06, 0xFF, 0x1E, 0x40, 0xF0, 0x04, 0xFF, 0x18, 0x5C, 0x8A,
    0x8A, 0x82, 0x63, 0xB3, 0xFF, 0xFF, 0xF1, 0xBA, 0xB3, 0x76, 0x54, 0x4F, 0x3C, 0xB3, 0xFF, 0xFF,
    0xF8, 0xDA, 0xB3, 0x33, 0x00, 0x00, 0x00, 0xB3, 0x33, 0x00, 0x00, 0x00, 0xB3, 0x33, 0x00, 0x00,
    0x00, 0xB3, 0x33, 0x00, 0x00, 0x00, 0xB3, 0x33, 0x00, 0x00, 0x00, 0xB3, 0x33, 0x00, 0x00, 0x00,
    0xAB, 0x32, 0x00, 0x00, 0x00, 0x3C, 0x5A, 0x5A, 0x5A, 0x55, 0x45, 0xB5, 0xFF, 0xFF, 0xFF, 0xFB,
    0xED, 0xB5, 0x44, 0xEA, 0x1C, 0x00, 0x00, 0xB5, 0x44, 0xEA, 0x1C, 0x00, 0x00, 0xB5, 0x44, 0xEA,
    0x1C, 0x00, 0x00, 0xB5, 0x44, 0xEA, 0x1C, 0x00, 0x00, 0xB5, 0x44, 0xEA, 0x1C, 0x00, 0x00, 0xB5,
    0x44, 0xEA, 0x1C, 0x00, 0x00, 0xB5, 0x44, 0xEA, 0x1C, 0x00, 0x00, 0x9D, 0x3C, 0xEA, 0x14, 0x00,
    0x00, 0x5C, 0x8A, 0x8A, 0x8A, 0x7B, 0x4C, 0xB5, 0xFF, 0xFF, 0xFF, 0xEB, 0xAF, 0xB5, 0x43, 0x4D,
    0x54, 0x4B, 0x2E, 0xB5, 0x52, 0xEC, 0xFF, 0xEA, 0xAB, 0xB5, 0x52, 0xEC, 0x00, 0x00, 0x00, 0xB5,
    0x52, 0xEC, 0x00, 0x00, 0x00, 0xB5, 0x52, 0xEC, 0x00, 0x00, 0x00, 0xB5, 0x52, 0xEC, 0x00, 0x00,
    0x00, 0xB5, 0x52, 0xEC, 0x00, 0x00, 0x00, 0xB5, 0x52, 0xEC, 0x00, 0x00, 0x00, 0x7B, 0x38, 0xB2,
    0x00, 0x00, 0x00, 0x87, 0x8A, 0x8A, 0x8A, 0x7E, 0xFF, 0xFF, 0xFF, 0xFF, 0xFF, 0x52, 0x54, 0x54,
    0x87, 0xFF, 0xFF, 0xFF, 0xFF, 0xFF, 0xFF, 0x00, 0x00, 0x00, 0x42, 0xFF, 0x00, 0x00, 0x00, 0x42,
    0xFF, 0x00, 0x00, 0x00, 0x42, 0xFF, 0x00, 0x00, 0x00, 0x42, 0xFF, 0x00, 0x00, 0x00, 0x42, 0xFF,
    0x00, 0x00, 0x00, 0x42, 0xFF, 0x00, 0x00, 0x00, 0x37, 0xF8, 0x07, 0x42, 0x5A, 0x5A, 0x5A, 0x5A,
    0x40, 0x06, 0x1D, 0xBF, 0xFF, 0xFF, 0xFF, 0xFF, 0xB9, 0x1E, 0x00, 0x00, 0x00, 0x49, 0xEF, 0x35,
    0xB9, 0x1E, 0x00, 0x00, 0x00, 0x49, 0xEF, 0x35, 0xB9, 0x1E, 0x00, 0x00, 0x00, 0x49, 0xEF, 0x35,
    0xB9, 0x1E, 0x00, 0x00, 0x00, 0x49, 0xEF, 0x35, 0xB9, 0x1E, 0x00, 0x00, 0x00, 0x49, 0xEF, 0x35,
    0xB9, 0x1E, 0x00, 0x00, 0x00, 0x49, 0xEF, 0x35, 0xB9, 0x1E, 0x00, 0x00, 0x00, 0x49, 0xEF, 0x35,
    0xB9, 0x1E, 0x00, 0x00, 0x00, 0x39, 0xD4, 0x33, 0xB6, 0x16, 0x7E, 0x8A, 0x8A, 0x8A, 0x8A, 0x8A,
    0x0A, 0xEE, 0xFF, 0xFF, 0xFF, 0xFF, 0xFF, 0x1E, 0x4C, 0x54, 0x54, 0x49, 0x06, 0xFF, 0x1E, 0xFF,
    0xFF, 0xFF, 0xFF, 0x06, 0xFF, 0x1E, 0x00, 0x00, 0x4E, 0xFF, 0x06, 0xFF, 0x1E, 0x00, 0x00, 0x4E,
    0xFF, 0x06, 0xFF, 0x1E, 0x00, 0x00, 0x4E, 0xFF, 0x06, 0xFF, 0x1E, 0x00, 0x00, 0x4E, 0xFF, 0x06,
    0xFF, 0x1E, 0x00, 0x00, 0x4E, 0xFF, 0x06, 0xFF, 0x1E, 0x00, 0x00, 0x4E, 0xFF, 0x06, 0xFF, 0x1E,
    0x00, 0x00, 0x30, 0xB1, 0x03, 0xC8, 0x12, 0x4D, 0x17, 0x00, 0x00, 0x00, 0xB3, 0x33, 0x00, 0x00,
    0x00, 0xB3, 0x33, 0x00, 0x00, 0x00, 0xB3, 0x33, 0x00, 0x00, 0x00, 0xB3, 0x33, 0x00, 0x00, 0x00,
    0xB3, 0x33, 0x00, 0x00, 0x00, 0xB3, 0x33, 0x00, 0x00, 0x00, 0xB3, 0xA1, 0x8A, 0x82, 0x63, 0xB3,
    0xFF, 0xFF, 0xF1, 0xBA, 0xB3, 0x76, 0x54, 0x4F, 0x3C, 0xB1, 0xFF, 0xFF, 0xF8, 0xDA, 0x23, 0x0D,
    0x37, 0x04, 0x00, 0x00, 0xB5, 0x44, 0xEA, 0x1C, 0x00, 0x00, 0xB5, 0x44, 0xEA, 0x1C, 0x00, 0x00,
    0xB5, 0x44, 0xEA, 0x1C, 0x00, 0x00, 0xB5, 0x44, 0xEA, 0x1C, 0x00, 0x00, 0xB5, 0x44, 0xEA, 0x1C,
    0x00, 0x00, 0xB5, 0x44, 0xEA, 0x1C, 0x00, 0x00, 0xB5, 0x44, 0xEA, 0x1C, 0x00, 0x00, 0xB5, 0x86,
    0xF2, 0x6E, 0x55, 0x45, 0xB3, 0xFF, 0xFF, 0xFF, 0xFB, 0xED, 0x18, 0x0A, 0x25, 0x00, 0x00, 0x00,
    0xB5, 0x52, 0xEC, 0x00, 0x00, 0x00, 0xB5, 0x52, 0xEC, 0x00, 0x00, 0x00, 0xB5, 0x52, 0xEC, 0x00,
    0x00, 0x00, 0xB5, 0x52, 0xEC, 0x00, 0x00, 0x00, 0xB5, 0x52, 0xEC, 0x00, 0x00, 0x00, 0xB5, 0x52,
    0xEC, 0x00, 0x00, 0x00, 0xB5, 0x52, 0xEC, 0x8A, 0x7B, 0x4C, 0xB5, 0x4E, 0xEB, 0xFF, 0xEB, 0xAF,
    0xB5, 0x7F, 0x54, 0x54, 0x4B, 0x2E, 0xB3, 0xFF, 0xFF, 0xFF, 0xEA, 0xAB, 0x00, 0x00, 0x00, 0x15,
    0x73, 0x00, 0x00, 0x00, 0x42, 0xFF, 0x00, 0x00, 0x00, 0x42, 0xFF, 0x00, 0x00, 0x00, 0x42, 0xFF,
    0x00, 0x00, 0x00, 0x42, 0xFF, 0x00, 0x00, 0x00, 0x42, 0xFF, 0x00, 0x00, 0x00, 0x42, 0xFF, 0x87,
    0x8A, 0x8A, 0xB4, 0xFF, 0xFF, 0xFF, 0xFF, 0xFF, 0xFF, 0x52, 0x54, 0x54, 0x87, 0xFF, 0xFF, 0xFF,
    0xFF, 0xFF, 0xFF, 0x00, 0x00, 0x00, 0x0B, 0x31, 0x0B, 0x2B, 0x04, 0x00, 0x00, 0x00, 0x49, 0xEF,
    0x35, 0xB9, 0x1E, 0x00, 0x00, 0x00, 0x49, 0xEF, 0x35, 0xB9, 0x1E, 0x00, 0x00, 0x00, 0x49, 0xEF,
    0x35, 0xB9, 0x1E, 0x00, 0x00, 0x00, 0x49, 0xEF, 0x35, 0xB9, 0x1E, 0x00, 0x00, 0x00, 0x49, 0xEF,
    0x35, 0xB9, 0x1E, 0x00, 0x00, 0x00, 0x49, 0xEF, 0x35, 0xB9, 0x1E, 0x00, 0x00, 0x00, 0x49, 0xEF,
    0x35, 0xB9, 0x1E, 0x07, 0x42, 0x5A, 0x90, 0xF5, 0x7C, 0xB9, 0x1E, 0x1D, 0xBF, 0xFF, 0xFF, 0xFF,
    0xFF, 0xB8, 0x1C, 0x00, 0x00, 0x07, 0x24, 0x00, 0x2A, 0x03, 0x00, 0x00, 0x4E, 0xFF, 0x06, 0xFF,
    0x1E, 0x00, 0x00, 0x4E, 0xFF, 0x06, 0xFF, 0x1E, 0x00, 0x00, 0x4E, 0xFF, 0x06, 0xFF, 0x1E, 0x00,
    0x00, 0x4E, 0xFF, 0x06, 0xFF, 0x1E, 0x00, 0x00, 0x4E, 0xFF, 0x06, 0xFF, 0x1E, 0x00, 0x00, 0x4E,
    0xFF, 0x06, 0xFF, 0x1E, 0x7E, 0x8A, 0xBB, 0xFF, 0x06, 0xFF, 0x1E, 0xEE, 0xFF, 0xFF, 0xE7, 0x06,
    0xFF, 0x1E, 0x4C, 0x54, 0x54, 0x54, 0x58, 0xFF, 0x1E, 0xFF, 0xFF, 0xFF, 0xFF, 0xFF, 0xFF, 0x1C,
    0x19, 0x07, 0x00, 0x00, 0x00, 0xB3, 0x33, 0x00, 0x00, 0x00, 0xB3, 0x33, 0x00, 0x00, 0x00, 0xB3,
    0x33, 0x00, 0x00, 0x00, 0xB3, 0x33, 0x00, 0x00, 0x00, 0xB3, 0x33, 0x00, 0x00, 0x00, 0xB3, 0x33,
    0x00, 0x00, 0x00, 0xB3, 0xA1, 0x8A, 0x82, 0x63, 0xB3, 0xFF, 0xFF, 0xF1, 0xBA, 0xB3, 0x33, 0x00,
    0x00, 0x00, 0xB3, 0xFF, 0xFF, 0xFA, 0xE6, 0xB3, 0x68, 0x42, 0x3E, 0x2E, 0xB3, 0x33, 0x00, 0x00,
    0x00, 0xB3, 0x33, 0x00, 0x00, 0x00, 0xB3, 0x33, 0x00, 0x00, 0x00, 0xB3, 0x33, 0x00, 0x00, 0x00,
    0xB3, 0x33, 0x00, 0x00, 0x00, 0xAB, 0x32, 0x00, 0x00, 0x00, 0x18, 0x0A, 0x25, 0x00, 0x00, 0x00,
    0xB5, 0x52, 0xEC, 0x00, 0x00, 0x00, 0xB5, 0x52, 0xEC, 0x00, 0x00, 0x00, 0xB5, 0x52, 0xEC, 0x00,
    0x00, 0x00, 0xB5, 0x52, 0xEC, 0x00, 0x00, 0x00, 0xB5, 0x52, 0xEC, 0x00, 0x00, 0x00, 0xB5, 0x52,
    0xEC, 0x00, 0x00, 0x00, 0xB5, 0x52, 0xEC, 0x00, 0x00, 0x00, 0xB5, 0x52, 0xEC, 0x48, 0x40, 0x28,
    0xB5, 0x52, 0xEC, 0xFF, 0xEC, 0xB4, 0xB5, 0x52, 0xEC, 0x00, 0x00, 0x00, 0xB5, 0x52, 0xEC, 0x00,
    0x00, 0x00, 0xB5, 0x52, 0xEC, 0x00, 0x00, 0x00, 0xB5, 0x52, 0xEC, 0x00, 0x00, 0x00, 0xB5, 0x52,
    0xEC, 0x00, 0x00, 0x00, 0xB5, 0x52, 0xEC, 0x00, 0x00, 0x00, 0xB5, 0x52, 0xEC, 0x00, 0x00, 0x00,
    0xA7, 0x4A, 0xEB, 0x00, 0x00, 0x00, 0x18, 0x0A, 0x25, 0x00, 0x00, 0x00, 0xB5, 0x52, 0xEC, 0x00,
    0x00, 0x00, 0xB5, 0x52, 0xEC, 0x00, 0x00, 0x00, 0xB5, 0x52, 0xEC, 0x00, 0x00, 0x00, 0xB5, 0x52,
    0xEC, 0x00, 0x00, 0x00, 0xB5, 0x52, 0xEC, 0x00, 0x00, 0x00, 0xB5, 0x52, 0xEC, 0x00, 0x00, 0x00,
    0xB5, 0x52, 0xEC, 0x8A, 0x7B, 0x4C, 0xB5, 0x4E, 0xEB, 0xFF, 0xEB, 0xAF, 0xB5, 0x40, 0x00, 0x00,
    0x00, 0x00, 0xB5, 0x52, 0xEC, 0xFF, 0xEC, 0xB4, 0xB5, 0x52, 0xEC, 0x42, 0x3B, 0x24, 0xB5, 0x52,
    0xEC, 0x00, 0x00, 0x00, 0xB5, 0x52, 0xEC, 0x00, 0x00, 0x00, 0xB5, 0x52, 0xEC, 0x00, 0x00, 0x00,
    0xB5, 0x52, 0xEC, 0x00, 0x00, 0x00, 0xB5, 0x52, 0xEC, 0x00, 0x00, 0x00, 0xA7, 0x4A, 0xEB, 0x00,
    0x00, 0x00, 0x00, 0x00, 0x00, 0x06, 0x25, 0x00, 0x00, 0x00, 0x42, 0xFF, 0x00, 0x00, 0x00, 0x42,
    0xFF, 0x00, 0x00, 0x00, 0x42, 0xFF, 0x00, 0x00, 0x00, 0x42, 0xFF, 0x00, 0x00, 0x00, 0x42, 0xFF,
    0x00, 0x00, 0x00, 0x42, 0xFF, 0x87, 0x8A, 0x8A, 0xB4, 0xFF, 0xFF, 0xFF, 0xFF, 0xFF, 0xFF, 0x00,
    0x00, 0x00, 0x42, 0xFF, 0xFF, 0xFF, 0xFF, 0xFF, 0xFF, 0x40, 0x42, 0x42, 0x78, 0xFF, 0x00, 0x00,
    0x00, 0x42, 0xFF, 0x00, 0x00, 0x00, 0x42, 0xFF, 0x00, 0x00, 0x00, 0x42, 0xFF, 0x00, 0x00, 0x00,
    0x42, 0xFF, 0x00, 0x00, 0x00, 0x42, 0xFF, 0x00, 0x00, 0x00, 0x37, 0xF8, 0x00, 0x00, 0x07, 0x24,
    0x00, 0x2A, 0x03, 0x00, 0x00, 0x4E, 0xFF, 0x06, 0xFF, 0x1E, 0x00, 0x00, 0x4E, 0xFF, 0x06, 0xFF,
    0x1E, 0x00, 0x00, 0x4E, 0xFF, 0x06, 0xFF, 0x1E, 0x00, 0x00, 0x4E, 0xFF, 0x06, 0xFF, 0x1E, 0x00,
    0x00, 0x4E, 0xFF, 0x06, 0xFF, 0x1E, 0x00, 0x00, 0x4E, 0xFF, 0x06, 0xFF, 0x1E, 0x00, 0x00, 0x4E,
    0xFF, 0x06, 0xFF, 0x1E, 0x42, 0x48, 0x87, 0xFF, 0x06, 0xFF, 0x1E, 0xFF, 0xFF, 0xFF, 0xFF, 0x06,
    0xFF, 0x1E, 0x00, 0x00, 0x4E, 0xFF, 0x06, 0xFF, 0x1E, 0x00, 0x00, 0x4E, 0xFF, 0x06, 0xFF, 0x1E,
    0x00, 0x00, 0x4E, 0xFF, 0x06, 0xFF, 0x1E, 0x00, 0x00, 0x4E, 0xFF, 0x06, 0xFF, 0x1E, 0x00, 0x00,
    0x4E, 0xFF, 0x06, 0xFF, 0x1E, 0x00, 0x00, 0x4E, 0xFF, 0x06, 0xFF, 0x1E, 0x00, 0x00, 0x4E, 0xFF,
    0x06, 0xFF, 0x1E, 0x00, 0x00, 0x40, 0xF0, 0x04, 0xFF, 0x18, 0x00, 0x00, 0x07, 0x24, 0x00, 0x2A,
    0x03, 0x00, 0x00, 0x4E, 0xFF, 0x06, 0xFF, 0x1E, 0x00, 0x00, 0x4E, 0xFF, 0x06, 0xFF, 0x1E, 0x00,
    0x00, 0x4E, 0xFF, 0x06, 0xFF, 0x1E, 0x00, 0x00, 0x4E, 0xFF, 0x06, 0xFF, 0x1E, 0x00, 0x00, 0x4E,
    0xFF, 0x06, 0xFF, 0x1E, 0x00, 0x00, 0x4E, 0xFF, 0x06, 0xFF, 0x1E, 0x7E, 0x8A, 0xBB, 0xFF, 0x06,
    0xFF, 0x1E, 0xEE, 0xFF, 0xFF, 0xE7, 0x06, 0xFF, 0x1E, 0x00, 0x00, 0x00, 0x00, 0x06, 0xFF, 0x1E,
    0xFF, 0xFF, 0xFF, 0xFF, 0x06, 0xFF, 0x1E, 0x3C, 0x42, 0x82, 0xFF, 0x06, 0xFF, 0x1E, 0x00, 0x00,
    0x4E, 0xFF, 0x06, 0xFF, 0x1E, 0x00, 0x00, 0x4E, 0xFF, 0x06, 0xFF, 0x1E, 0x00, 0x00, 0x4E, 0xFF,
    0x06, 0xFF, 0x1E, 0x00, 0x00, 0x4E, 0xFF, 0x06, 0xFF, 0x1E, 0x00, 0x00, 0x4E, 0xFF, 0x06, 0xFF,
    0x1E, 0x00, 0x00, 0x40, 0xF0, 0x04, 0xFF, 0x18, 0x07, 0x8A, 0x8A, 0x8A, 0x8A, 0x8A, 0x8A, 0x55,
    0x11, 0xFF, 0xFF, 0xFF, 0xFF, 0xFF, 0xFF, 0xA2, 0x04, 0x54, 0x54, 0x54, 0x54, 0x54, 0x54, 0x34,
    0x13, 0xFF, 0xFF, 0xFF, 0xFF, 0xFF, 0xFF, 0xBE, 0x00, 0x00, 0x00, 0x58, 0xCF, 0x00, 0x00, 0x00,
    0x00, 0x00, 0x00, 0x58, 0xCF, 0x00, 0x00, 0x00, 0x00, 0x00, 0x00, 0x58, 0xCF, 0x00, 0x00, 0x00,
    0x00, 0x00, 0x00, 0x58, 0xCF, 0x00, 0x00, 0x00, 0x00, 0x00, 0x00, 0x58, 0xCF, 0x00, 0x00, 0x00,
    0x00, 0x00, 0x00, 0x58, 0xCF, 0x00, 0x00, 0x00, 0x00, 0x00, 0x00, 0x36, 0x84, 0x00, 0x00, 0x00,
    0x04, 0x5A, 0x5A, 0x5A, 0x5A, 0x5A, 0x5A, 0x37, 0x13, 0xFF, 0xFF, 0xFF, 0xFF, 0xFF, 0xFF, 0xBE,
    0x00, 0x00, 0x3F, 0xD6, 0x6A, 0x70, 0x00, 0x00, 0x00, 0x00, 0x3F, 0xD6, 0x6A, 0x70, 0x00, 0x00,
    0x00, 0x00, 0x3F, 0xD6, 0x6A, 0x70, 0x00, 0x00, 0x00, 0x00, 0x3F, 0xD6, 0x6A, 0x70, 0x00, 0x00,
    0x00, 0x00, 0x3F, 0xD6, 0x6A, 0x70, 0x00, 0x00, 0x00, 0x00, 0x3F, 0xD6, 0x6A, 0x70, 0x00, 0x00,
    0x00, 0x00, 0x3F, 0xD6, 0x6A, 0x70, 0x00, 0x00, 0x00, 0x00, 0x32, 0xA9, 0x59, 0x65, 0x00, 0x00,
    0x07, 0x8A, 0x8A, 0x8A, 0x8A, 0x8A, 0x8A, 0x55, 0x11, 0xFF, 0xFF, 0xFF, 0xFF, 0xFF, 0xFF, 0xA2,
    0x04, 0x54, 0x54, 0x41, 0x1C, 0x54, 0x54, 0x34, 0x13, 0xFF, 0xFF, 0xEB, 0x6A, 0xFF, 0xFF, 0xBE,
    0x00, 0x00, 0x3F, 0xD6, 0x6A, 0x70, 0x00, 0x00, 0x00, 0x00, 0x3F, 0xD6, 0x6A, 0x70, 0x00, 0x00,
    0x00, 0x00, 0x3F, 0xD6, 0x6A, 0x70, 0x00, 0x00, 0x00, 0x00, 0x3F, 0xD6, 0x6A, 0x70, 0x00, 0x00,
    0x00, 0x00, 0x3F, 0xD6, 0x6A, 0x70, 0x00, 0x00, 0x00, 0x00, 0x3F, 0xD6, 0x6A, 0x70, 0x00, 0x00,
    0x00, 0x00, 0x27, 0x9D, 0x47, 0x4F, 0x00, 0x00, 0x00, 0x00, 0x00, 0x08, 0x1B, 0x00, 0x00, 0x00,
    0x00, 0x00, 0x00, 0x58, 0xCF, 0x00, 0x00, 0x00, 0x00, 0x00, 0x00, 0x58, 0xCF, 0x00, 0x00, 0x00,
    0x00, 0x00, 0x00, 0x58, 0xCF, 0x00, 0x00, 0x00, 0x00, 0x00, 0x00, 0x58, 0xCF, 0x00, 0x00, 0x00,
    0x00, 0x00, 0x00, 0x58, 0xCF, 0x00, 0x00, 0x00, 0x00, 0x00, 0x00, 0x58, 0xCF, 0x00, 0x00, 0x00,
    0x07, 0x8A, 0x8A, 0xA6, 0xE9, 0x8A, 0x8A, 0x55, 0x11, 0xFF, 0xFF, 0xFF, 0xFF, 0xFF, 0xFF, 0xA2,
    0x04, 0x54, 0x54, 0x54, 0x54, 0x54, 0x54, 0x34, 0x13, 0xFF, 0xFF, 0xFF, 0xFF, 0xFF, 0xFF, 0xBE,
    0x00, 0x00, 0x0A, 0x26, 0x12, 0x18, 0x00, 0x00, 0x00, 0x00, 0x3F, 0xD6, 0x6A, 0x70, 0x00, 0x00,
    0x00, 0x00, 0x3F, 0xD6, 0x6A, 0x70, 0x00, 0x00, 0x00, 0x00, 0x3F, 0xD6, 0x6A, 0x70, 0x00, 0x00,
    0x00, 0x00, 0x3F, 0xD6, 0x6A, 0x70, 0x00, 0x00, 0x00, 0x00, 0x3F, 0xD6, 0x6A, 0x70, 0x00, 0x00,
    0x00, 0x00, 0x3F, 0xD6, 0x6A, 0x70, 0x00, 0x00, 0x00, 0x00, 0x3F, 0xD6, 0x6A, 0x70, 0x00, 0x00,
    0x04, 0x5A, 0x7B, 0xEA, 0xA5, 0xA2, 0x5A, 0x37, 0x13, 0xFF, 0xFF, 0xFF, 0xFF, 0xFF, 0xFF, 0xBE,
    0x00, 0x00, 0x07, 0x1B, 0x0D, 0x10, 0x00, 0x00, 0x00, 0x00, 0x3F, 0xD6, 0x6A, 0x70, 0x00, 0x00,
    0x00, 0x00, 0x3F, 0xD6, 0x6A, 0x70, 0x00, 0x00, 0x00, 0x00, 0x3F, 0xD6, 0x6A, 0x70, 0x00, 0x00,
    0x00, 0x00, 0x3F, 0xD6, 0x6A, 0x70, 0x00, 0x00, 0x00, 0x00, 0x3F, 0xD6, 0x6A, 0x70, 0x00, 0x00,
    0x00, 0x00, 0x3F, 0xD6, 0x6A, 0x70, 0x00, 0x00, 0x07, 0x8A, 0xA1, 0xDF, 0x6A, 0xBD, 0x8A, 0x55,
    0x11, 0xFF, 0xFF, 0xC7, 0x5F, 0xFF, 0xFF, 0xA2, 0x04, 0x54, 0x54, 0x54, 0x54, 0x54, 0x54, 0x34,
    0x13, 0xFF, 0xFF, 0xFF, 0xFF, 0xFF, 0xFF, 0xBE, 0x00, 0x00, 0x00, 0x08, 0x1B, 0x00, 0x00, 0x00,
    0x00, 0x00, 0x00, 0x58, 0xCF, 0x00, 0x00, 0x00, 0x00, 0x00, 0x00, 0x58, 0xCF, 0x00, 0x00, 0x00,
    0x00, 0x00, 0x00, 0x58, 0xCF, 0x00, 0x00, 0x00, 0x00, 0x00, 0x00, 0x58, 0xCF, 0x00, 0x00, 0x00,
    0x00, 0x00, 0x00, 0x58, 0xCF, 0x00, 0x00, 0x00, 0x00, 0x00, 0x00, 0x58, 0xCF, 0x00, 0x00, 0x00,
    0x07, 0x8A, 0x8A, 0xA6, 0xE9, 0x8A, 0x8A, 0x55, 0x11, 0xFF, 0xFF, 0xFF, 0xFF, 0xFF, 0xFF, 0xA2,
    0x00, 0x00, 0x00, 0x58, 0xCF, 0x00, 0x00, 0x00, 0x15, 0xFF, 0xFF, 0xFF, 0xFF, 0xFF, 0xFF, 0xC8,
    0x03, 0x42, 0x42, 0x8A, 0xDC, 0x42, 0x42, 0x28, 0x00, 0x00, 0x00, 0x58, 0xCF, 0x00, 0x00, 0x00,
    0x00, 0x00, 0x00, 0x58, 0xCF, 0x00, 0x00, 0x00, 0x00, 0x00, 0x00, 0x58, 0xCF, 0x00, 0x00, 0x00,
    0x00, 0x00, 0x00, 0x58, 0xCF, 0x00, 0x00, 0x00, 0x00, 0x00, 0x00, 0x58, 0xCF, 0x00, 0x00, 0x00,
    0x00, 0x00, 0x00, 0x49, 0xB1, 0x00, 0x00, 0x00, 0x00, 0x00, 0x07, 0x1B, 0x0D, 0x10, 0x00, 0x00,
    0x00, 0x00, 0x3F, 0xD6, 0x6A, 0x70, 0x00, 0x00, 0x00, 0x00, 0x3F, 0xD6, 0x6A, 0x70, 0x00, 0x00,
    0x00, 0x00, 0x3F, 0xD6, 0x6A, 0x70, 0x00, 0x00, 0x00, 0x00, 0x3F, 0xD6, 0x6A, 0x70, 0x00, 0x00,
    0x00, 0x00, 0x3F, 0xD6, 0x6A, 0x70, 0x00, 0x00, 0x00, 0x00, 0x3F, 0xD6, 0x6A, 0x70, 0x00, 0x00,
    0x00, 0x00, 0x3F, 0xD6, 0x6A, 0x70, 0x00, 0x00, 0x03, 0x48, 0x7B, 0xEB, 0x99, 0x98, 0x48, 0x2D,
    0x15, 0xFF, 0xFF, 0xFF, 0xFF, 0xFF, 0xFF, 0xC8, 0x00, 0x00, 0x3F, 0xD6, 0x6A, 0x70, 0x00, 0x00,
    0x00, 0x00, 0x3F, 0xD6, 0x6A, 0x70, 0x00, 0x00, 0x00, 0x00, 0x3F, 0xD6, 0x6A, 0x70, 0x00, 0x00,
    0x00, 0x00, 0x3F, 0xD6, 0x6A, 0x70, 0x00, 0x00, 0x00, 0x00, 0x3F, 0xD6, 0x6A, 0x70, 0x00, 0x00,
    0x00, 0x00, 0x3F, 0xD6, 0x6A, 0x70, 0x00, 0x00, 0x00, 0x00, 0x3F, 0xD6, 0x6A, 0x70, 0x00, 0x00,
    0x00, 0x00, 0x35, 0xB4, 0x5E, 0x6A, 0x00, 0x00, 0x00, 0x05, 0x1F, 0x03, 0x26, 0x00, 0x00, 0x00,
    0x00, 0x36, 0xDE, 0x26, 0xEF, 0x00, 0x00, 0x00, 0x00, 0x36, 0xDE, 0x26, 0xEF, 0x00, 0x00, 0x00,
    0x00, 0x36, 0xDE, 0x26, 0xEF, 0x00, 0x00, 0x00, 0x00, 0x36, 0xDE, 0x26, 0xEF, 0x00, 0x00, 0x00,
    0x00, 0x36, 0xDE, 0x26, 0xEF, 0x00, 0x00, 0x00, 0x00, 0x36, 0xDE, 0x26, 0xEF, 0x00, 0x00, 0x00,
    0x85, 0xAC, 0xF2, 0x26, 0xF8, 0x8A, 0x77, 0x4C, 0xF8, 0xFF, 0xEC, 0x20, 0xFF, 0xFF, 0xE6, 0xAF,
    0x51, 0x54, 0x4B, 0x08, 0x54, 0x54, 0x48, 0x2E, 0xFF, 0xFF, 0xFF, 0x26, 0xFF, 0xFF, 0xE5, 0xAB,
    0x00, 0x36, 0xDE, 0x26, 0xEF, 0x00, 0x00, 0x00, 0x00, 0x36, 0xDE, 0x26, 0xEF, 0x00, 0x00, 0x00,
    0x00, 0x36, 0xDE, 0x26, 0xEF, 0x00, 0x00, 0x00, 0x00, 0x36, 0xDE, 0x26, 0xEF, 0x00, 0x00, 0x00,
    0x00, 0x36, 0xDE, 0x26, 0xEF, 0x00, 0x00, 0x00, 0x00, 0x36, 0xDE, 0x26, 0xEF, 0x00, 0x00, 0x00,
    0x00, 0x21, 0x99, 0x19, 0xB5, 0x00, 0x00, 0x00, 0x00, 0x22, 0x58, 0x55, 0x40, 0x64, 0xED, 0xFF,
    0xF8, 0xDA, 0x9A, 0x7C, 0x00, 0x00, 0x00, 0xAD, 0x33, 0x00, 0x00, 0x00, 0xB3, 0x33, 0x00, 0x00,
    0x00, 0xB3, 0x33, 0x00, 0x00, 0x00, 0xB3, 0x33, 0x00, 0x00, 0x00, 0xB3, 0x33, 0x00, 0x00, 0x00,
    0xB3, 0x33, 0x00, 0x00, 0x00, 0xA2, 0x2F, 0x00, 0x00, 0x00, 0x58, 0x5A, 0x54, 0x16, 0x00, 0xFF,
    0xFF, 0xFF, 0xFF, 0x3C, 0x00, 0x00, 0x00, 0xBB, 0xE6, 0x00, 0x00, 0x00, 0x49, 0xFF, 0x00, 0x00,
    0x00, 0x42, 0xFF, 0x00, 0x00, 0x00, 0x42, 0xFF, 0x00, 0x00, 0x00, 0x42, 0xFF, 0x00, 0x00, 0x00,
    0x42, 0xFF, 0x00, 0x00, 0x00, 0x42, 0xFF, 0x00, 0x00, 0x00, 0x34, 0xEB, 0x00, 0x00, 0x00, 0x09,
    0x36, 0x00, 0x00, 0x00, 0x42, 0xFF, 0x00, 0x00, 0x00, 0x42, 0xFF, 0x00, 0x00, 0x00, 0x42, 0xFF,
    0x00, 0x00, 0x00, 0x42, 0xFF, 0x00, 0x00, 0x00, 0x42, 0xFF, 0x00, 0x00, 0x00, 0x42, 0xFF, 0x00,
    0x00, 0x00, 0x55, 0xFF, 0x58, 0x5A, 0x60, 0xDD, 0xBC, 0xFF, 0xFF, 0xFF, 0xE6, 0x13, 0x24, 0x0B,
    0x00, 0x00, 0x00, 0xB3, 0x33, 0x00, 0x00, 0x00, 0xB3, 0x33, 0x00, 0x00, 0x00, 0xB3, 0x33, 0x00,
    0x00, 0x00, 0xB3, 0x33, 0x00, 0x00, 0x00, 0xB3, 0x33, 0x00, 0x00, 0x00, 0xB3, 0x33, 0x00, 0x00,
    0x00, 0xA7, 0x34, 0x00, 0x00, 0x00, 0x99, 0xB5, 0x5A, 0x55, 0x40, 0x2C, 0xDB, 0xFF, 0xF8, 0xDA,
    0x00, 0x00, 0x00, 0x00, 0x00, 0x00, 0x17, 0x61, 0x00, 0x00, 0x00, 0x00, 0x00, 0x00, 0xAB, 0xCF,
    0x00, 0x00, 0x00, 0x00, 0x00, 0x15, 0xF1, 0x3D, 0x00, 0x00, 0x00, 0x00, 0x00, 0x66, 0xCE, 0x00,
    0x00, 0x00, 0x00, 0x00, 0x07, 0x9F, 0x4B, 0x00, 0x00, 0x00, 0x00, 0x00, 0x21, 0xC4, 0x0D, 0x00,
    0x00, 0x00, 0x00, 0x00, 0x4D, 0x94, 0x04, 0x00, 0x00, 0x00, 0x00, 0x00, 0xB7, 0x5C, 0x00, 0x00,
    0x00, 0x00, 0x00, 0x1C, 0xDC, 0x1D, 0x00, 0x00, 0x00, 0x00, 0x00, 0x8F, 0xAC, 0x00, 0x00, 0x00,
    0x00, 0x00, 0x0E, 0xD5, 0x36, 0x00, 0x00, 0x00, 0x00, 0x00, 0x4D, 0xD0, 0x00, 0x00, 0x00, 0x00,
    0x00, 0x02, 0x81, 0x68, 0x00, 0x00, 0x00, 0x00, 0x00, 0x0B, 0xC0, 0x29, 0x00, 0x00, 0x00, 0x00,
    0x00, 0x2D, 0xAE, 0x0D, 0x00, 0x00, 0x00, 0x00, 0x00, 0xAE, 0x7A, 0x00, 0x00, 0x00, 0x00, 0x00,
    0x15, 0xF4, 0x29, 0x00, 0x00, 0x00, 0x00, 0x00, 0x48, 0xAE, 0x00, 0x00, 0x00, 0x00, 0x00, 0x00,
    0x24, 0x41, 0x00, 0x00, 0x00, 0x00, 0x00, 0x00, 0x38, 0xF1, 0x0E, 0x00, 0x00, 0x00, 0x00, 0x00,
    0x00, 0xE0, 0x5A, 0x00, 0x00, 0x00, 0x00, 0x00, 0x00, 0x5F, 0x9A, 0x05, 0x00, 0x00, 0x00, 0x00,
    0x00, 0x0E, 0xD5, 0x24, 0x00, 0x00, 0x00, 0x00, 0x00, 0x05, 0x9F, 0x42, 0x00, 0x00, 0x00, 0x00,
    0x00, 0x00, 0x66, 0xC5, 0x00, 0x00, 0x00, 0x00, 0x00, 0x00, 0x26, 0xE0, 0x11, 0x00, 0x00, 0x00,
    0x00, 0x00, 0x00, 0xBD, 0x98, 0x00, 0x00, 0x00, 0x00, 0x00, 0x00, 0x48, 0xD3, 0x09, 0x00, 0x00,
    0x00, 0x00, 0x00, 0x00, 0xE1, 0x51, 0x00, 0x00, 0x00, 0x00, 0x00, 0x00, 0x7A, 0x7A, 0x01, 0x00,
    0x00, 0x00, 0x00, 0x00, 0x2C, 0xCE, 0x0B, 0x00, 0x00, 0x00, 0x00, 0x00, 0x11, 0xB8, 0x22, 0x00,
    0x00, 0x00, 0x00, 0x00, 0x00, 0x85, 0xB9, 0x00, 0x00, 0x00, 0x00, 0x00, 0x00, 0x35, 0xF5, 0x12,
    0x00, 0x00, 0x00, 0x00, 0x00, 0x00, 0xE1, 0xB4, 0x00, 0x00, 0x00, 0x00, 0x00, 0x00, 0x4D, 0xAD,
    0x07, 0x09, 0x00, 0x00, 0x00, 0x00, 0x03, 0x12, 0x55, 0xF0, 0x04, 0x00, 0x00, 0x00, 0xA4, 0xF2,
    0x01, 0xF8, 0x53, 0x00, 0x00, 0x08, 0xF0, 0x63, 0x00, 0x86, 0x92, 0x01, 0x00, 0x61, 0xEF, 0x00,
    0x00, 0x11, 0xCE, 0x1B, 0x02, 0x95, 0x70, 0x00, 0x00, 0x08, 0xB7, 0x33, 0x20, 0xD3, 0x0F, 0x00,
    0x00, 0x00, 0x70, 0xA2, 0x3A, 0xAA, 0x06, 0x00, 0x00, 0x00, 0x39, 0xE8, 0xB7, 0x6C, 0x00, 0x00,
    0x00, 0x00, 0x01, 0xD0, 0xE3, 0x2E, 0x00, 0x00, 0x00, 0x00, 0x00, 0x87, 0xD0, 0x03, 0x00, 0x00,
    0x00, 0x00, 0x05, 0xD1, 0xEA, 0x3E, 0x00, 0x00, 0x00, 0x00, 0x49, 0xE4, 0x95, 0x72, 0x00, 0x00,
    0x00, 0x01, 0x76, 0x83, 0x31, 0xBF, 0x09, 0x00, 0x00, 0x0A, 0xC8, 0x2E, 0x18, 0xC8, 0x14, 0x00,
    0x00, 0x1B, 0xBE, 0x14, 0x01, 0x91, 0x92, 0x00, 0x00, 0xA8, 0x8D, 0x00, 0x00, 0x4B, 0xF7, 0x04,
    0x07, 0xF6, 0x3D, 0x00, 0x00, 0x02, 0xEF, 0x8A, 0x55, 0xD1, 0x00, 0x00, 0x00, 0x00, 0x77, 0xDC,
    0x00, 0x0C, 0x5A, 0x5A, 0x5A, 0x5A, 0x13, 0x00, 0x33, 0xFF, 0xFF, 0xFF, 0xFF, 0x4F, 0x1E, 0xA5,
    0x42, 0xFF, 0x42, 0xFF, 0x42, 0xFF, 0x42, 0xFF, 0x42, 0xFF, 0x42, 0xFF, 0x42, 0xFF, 0x42, 0xFF,
    0x03, 0x10, 0x57, 0x5A, 0x53, 0x25, 0xFF, 0xFF, 0xF2, 0x99, 0x3D, 0xFF, 0x42, 0xFF, 0x42, 0xFF,
    0x42, 0xFF, 0x42, 0xFF, 0x42, 0xFF, 0x42, 0xFF, 0x42, 0xFF, 0x1F, 0xAB, 0x00, 0x34, 0xFF, 0xFF,
    0xFF, 0xFF, 0x52, 0x00, 0x36, 0xFF, 0xFF, 0xFF, 0xFF, 0x54, 0x00, 0x13, 0x8B, 0x8D, 0x8D, 0x8E,
    0x1F, 0xA5, 0xB4, 0x2E, 0xFF, 0xFF, 0x66, 0xFF, 0xFF, 0x66, 0xFF, 0xFF, 0x66, 0xFF, 0xFF, 0x66,
    0xFF, 0xFF, 0x66, 0xFF, 0xFF, 0x66, 0xFF, 0xFF, 0x66, 0xFF, 0xFF, 0x66, 0x10, 0x12, 0x04, 0xFF,
    0xFF, 0xF3, 0x9F, 0xFF, 0xFF, 0xF3, 0xA2, 0x86, 0x8A, 0x80, 0x39, 0xFF, 0xFF, 0x60, 0xFF, 0xFF,
    0x66, 0xFF, 0xFF, 0x66, 0xFF, 0xFF, 0x66, 0xFF, 0xFF, 0x66, 0xFF, 0xFF, 0x66, 0xFF, 0xFF, 0x66,
    0xFF, 0xFF, 0x66, 0xAB, 0xBA, 0x30, 0x26, 0x9C, 0x9C, 0x9C, 0xFF, 0xFF, 0xFF, 0x81, 0x48, 0xF5,
    0xF5, 0xF5, 0xFF, 0xFF, 0xFF, 0x84, 0x00, 0x00, 0x00, 0x00, 0x7B, 0x8A, 0x8A, 0x2E, 0x43, 0x81,
    0x00, 0x90, 0xE6, 0x00, 0x90, 0xE6, 0x00, 0x90, 0xE6, 0x00, 0x90, 0xE6, 0x00, 0x90, 0xE6, 0x00,
    0x90, 0xE6, 0x00, 0x90, 0xE6, 0x00, 0x90, 0xE6, 0x00, 0xFF, 0xFF, 0x60, 0xFF, 0xFF, 0x66, 0xFF,
    0xFF, 0x66, 0xFF, 0xFF, 0x66, 0xFF, 0xFF, 0x66, 0xFF, 0xFF, 0x66, 0xFF, 0xFF, 0x66, 0xFF, 0xFF,
    0x66, 0xAB, 0xBA, 0x30, 0x24, 0xFF, 0xFF, 0xFF, 0xB9, 0x9C, 0x9C, 0x57, 0x25, 0xFF, 0xFF, 0xFF,
    0xFD, 0xF5, 0xF5, 0xA5, 0x0C, 0x8A, 0x8A, 0x8A, 0x25, 0x00, 0x00, 0x00, 0xA5, 0xB4, 0x2E, 0xFF,
    0xFF, 0x66, 0xFF, 0xFF, 0x66, 0xFF, 0xFF, 0x66, 0xFF, 0xFF, 0x66, 0xFF, 0xFF, 0x66, 0xFF, 0xFF,
    0x66, 0xFF, 0xFF, 0x66, 0xFF, 0xFF, 0x66, 0x99, 0xE9, 0x04, 0x90, 0xE6, 0x00, 0x90, 0xE6, 0x00,
    0x90, 0xE6, 0x00, 0x90, 0xE6, 0x00, 0x90, 0xE6, 0x00, 0x90, 0xE6, 0x00, 0x90, 0xE6, 0x00, 0x45,
    0x85, 0x00, 0xFF, 0xFF, 0xFF, 0xFF, 0xFF, 0xFF, 0xDC, 0x8E, 0xFF, 0xFF, 0xFF, 0xFF, 0xFF, 0xFF,
    0xDE, 0x96, 0xFF, 0xFF, 0xFF, 0xFF, 0xFF, 0xFF, 0xDE, 0x96, 0xFF, 0xFF, 0xFF, 0xFF, 0xFF, 0xFF,
    0xDE, 0x96, 0xFF, 0xFF, 0xFF, 0xFF, 0xFF, 0xFF, 0xDE, 0x96, 0xFF, 0xFF, 0xFF, 0xFF, 0xFF, 0xFF,
    0xDE, 0x96, 0xFF, 0xFF, 0xFF, 0xFF, 0xFF, 0xFF, 0xDE, 0x96, 0xFF, 0xFF, 0xFF, 0xFF, 0xFF, 0xFF,
    0xDE, 0x96, 0x93, 0x96, 0x96, 0x96, 0x96, 0x96, 0x79, 0x3A, 0xF8, 0xFA, 0xFA, 0xFA, 0xFA, 0xFA,
    0xE8, 0xBD, 0x6D, 0x00, 0x00, 0x00, 0x00, 0x0C, 0x6A, 0xC3, 0x6D, 0x00, 0x00, 0x00, 0x00, 0x0C,
    0x6A, 0xC3, 0x6D, 0x00, 0x00, 0x00, 0x00, 0x0C, 0x6A, 0xC3, 0x6D, 0x00, 0x00, 0x00, 0x00, 0x0C,
    0x6A, 0xC3, 0x6D, 0x00, 0x00, 0x00, 0x00, 0x0C, 0x6A, 0xC3, 0x6D, 0x00, 0x00, 0x00, 0x00, 0x0C,
    0x6A, 0xC3, 0x75, 0x0C, 0x0C, 0x0C, 0x0C, 0x18, 0x71, 0xC3, 0xEB, 0xF0, 0xF0, 0xF0, 0xF0, 0xF0,
    0xDC, 0xAF, 0x00, 0x00, 0x0B, 0x69, 0x00, 0x00, 0x00, 0x00, 0x00, 0x00, 0x89, 0xFA, 0x04, 0x00,
    0x00, 0x00, 0x00, 0x09, 0xD2, 0xFF, 0x85, 0x00, 0x00, 0x00, 0x00, 0x74, 0xEF, 0xFF, 0xEF, 0x03,
    0x00, 0x00, 0x07, 0xB3, 0xFF, 0xFF, 0xF8, 0x73, 0x00, 0x00, 0x5F, 0xE4, 0xFF, 0xFF, 0xFF, 0xD0,
    0x03, 0x00, 0x95, 0xFF, 0xFF, 0xFF, 0xFF, 0xEA, 0x62, 0x00, 0xD9, 0xFF, 0xFF, 0xFF, 0xFF, 0xFF,
    0xB1, 0x04, 0xA8, 0xAA, 0xAA, 0xAA, 0xAA, 0xAA, 0x85, 0x33, 0x63, 0x0D, 0x00, 0x00, 0x00, 0x00,
    0x00, 0x00, 0xFF, 0xD0, 0x45, 0x03, 0x00, 0x00, 0x00, 0x00, 0xFF, 0xFF, 0xFF, 0xBE, 0x27, 0x00,
    0x00, 0x00, 0xFF, 0xFF, 0xFF, 0xFF, 0xFB, 0x9F, 0x1D, 0x00, 0xFF, 0xFF, 0xFF, 0xFF, 0xFF, 0xFE,
    0xB3, 0x1C, 0xFF, 0xFF, 0xFF, 0xFF, 0xF6, 0x60, 0x00, 0x00, 0xFF, 0xFF, 0xFF, 0x7F, 0x00, 0x00,
    0x00, 0x00, 0xFF, 0xA1, 0x16, 0x00, 0x00, 0x00, 0x00, 0x00, 0x2E, 0x00, 0x00, 0x00, 0x00, 0x00,
    0x00, 0x00, 0xE5, 0xFF, 0xFF, 0xFF, 0xFF, 0xFF, 0xC1, 0x3A, 0xC2, 0xFF, 0xFF, 0xFF, 0xFF, 0xFB,
    0xA0, 0x00, 0x8F, 0xFF, 0xFF, 0xFF, 0xFF, 0xE0, 0x3D, 0x00, 0x41, 0xD3, 0xFF, 0xFF, 0xFE, 0xBD,
    0x00, 0x00, 0x00, 0xAF, 0xFF, 0xFF, 0xF5, 0x48, 0x00, 0x00, 0x00, 0x4F, 0xE5, 0xFF, 0xDA, 0x00,
    0x00, 0x00, 0x00, 0x00, 0xCF, 0xFF, 0x53, 0x00, 0x00, 0x00, 0x00, 0x00, 0x5D, 0xE2, 0x00, 0x00,
    0x00, 0x00, 0x00, 0x00, 0x00, 0x31, 0x00, 0x00, 0x00, 0x00, 0x00, 0x00, 0x00, 0x00, 0x00, 0x1D,
    0x81, 0x6A, 0x00, 0x00, 0x00, 0x04, 0x92, 0xFF, 0xDE, 0x96, 0x00, 0x03, 0x72, 0xF8, 0xFF, 0xFF,
    0xDE, 0x96, 0x50, 0xDB, 0xFF, 0xFF, 0xFF, 0xFF, 0xDE, 0x96, 0xD9, 0xFF, 0xFF, 0xFF, 0xFF, 0xFF,
    0xDE, 0x96, 0x18, 0x8F, 0xF2, 0xFF, 0xFF, 0xFF, 0xDE, 0x96, 0x00, 0x00, 0x23, 0xB3, 0xFF, 0xFF,
    0xDE, 0x96, 0x00, 0x00, 0x00, 0x00, 0x34, 0xC9, 0xDE, 0x96, 0x00, 0x00, 0x00, 0x00, 0x00, 0x08,
    0x32, 0x40, 0x00, 0x00, 0x36, 0xB1, 0x00, 0x00, 0x00, 0x00, 0x00, 0x2E, 0xDC, 0xFF, 0x9D, 0x00,
    0x00, 0x00, 0x26, 0xC4, 0xFF, 0xFF, 0xFA, 0x88, 0x00, 0x00, 0xAD, 0xFF, 0xFF, 0xFF, 0xFF, 0xEF,
    0x73, 0x00, 0xEF, 0xFF, 0xFF, 0xFF, 0xFF, 0xFF, 0xC1, 0x39, 0x92, 0xFC, 0xFF, 0xFF, 0xFF, 0xE3,
    0x49, 0x00, 0x0A, 0xAE, 0xFD, 0xFF, 0xF6, 0x56, 0x00, 0x00, 0x00, 0x0C, 0xCA, 0xFE, 0x63, 0x00,
    0x00, 0x00, 0x00, 0x00, 0x0F, 0x54, 0x00, 0x00, 0x00, 0x00, 0x00, 0x00, 0x36, 0xB1, 0x00, 0x00,
    0x00, 0x00, 0x00, 0x2E, 0xDC, 0xFF, 0x9D, 0x00, 0x00, 0x00, 0x26, 0xC4, 0xB3, 0x34, 0xFA, 0x88,
    0x00, 0x00, 0xAD, 0xBF, 0x1E, 0x00, 0x3B, 0xEF, 0x73, 0x00, 0xEF, 0x55, 0x01, 0x00, 0x0A, 0xAF,
    0xC1, 0x39, 0x92, 0xE1, 0x2E, 0x00, 0x7B, 0xE3, 0x49, 0x00, 0x0A, 0xAE, 0xDD, 0x7E, 0xF6, 0x56,
    0x00, 0x00, 0x00, 0x0C, 0xCA, 0xFE, 0x63, 0x00, 0x00, 0x00, 0x00, 0x00, 0x0F, 0x54, 0x00, 0x00,
    0x00, 0x00, 0x04, 0x72, 0xE0, 0xFE, 0xAD, 0x25, 0x00, 0x00, 0x8B, 0xFA, 0xA6, 0x75, 0xC9, 0xDF,
    0x3A, 0x00, 0xDB, 0x54, 0x02, 0x00, 0x0A, 0xB2, 0xB0, 0x03, 0xAF, 0x23, 0x00, 0x00, 0x00, 0x32,
    0xCA, 0x54, 0x93, 0x14, 0x00, 0x00, 0x00, 0x2F, 0xD3, 0x78, 0xB4, 0x26, 0x00, 0x00, 0x00, 0x35,
    0xC8, 0x4E, 0xDA, 0x5E, 0x04, 0x00, 0x0C, 0xC8, 0xB0, 0x01, 0x7F, 0xF5, 0xBE, 0x93, 0xE0, 0xDC,
    0x30, 0x00, 0x01, 0x5D, 0xCC, 0xEC, 0x9A, 0x1B, 0x00, 0x00, 0x04, 0x72, 0xDF, 0xFE, 0xB3, 0x2D,
    0x00, 0x00, 0x90, 0xFC, 0xFF, 0xFF, 0xFF, 0xE3, 0x49, 0x00, 0xD7, 0xFF, 0xFF, 0xFF, 0xFF, 0xFF,
    0xB3, 0x0D, 0xFF, 0xFF, 0xFF, 0xFF, 0xFF, 0xFF, 0xD1, 0x6C, 0xFF, 0xFF, 0xFF, 0xFF, 0xFF, 0xFF,
    0xDA, 0x88, 0xFC, 0xFF, 0xFF, 0xFF, 0xFF, 0xFF, 0xC9, 0x52, 0xCA, 0xFF, 0xFF, 0xFF, 0xFF, 0xFE,
    0xAD, 0x00, 0x6A, 0xEA, 0xFF, 0xFF, 0xFF, 0xD7, 0x1D, 0x00, 0x00, 0x24, 0x98, 0xA6, 0x6C, 0x02,
    0x00, 0x00, 0x00, 0x04, 0x06, 0x06, 0x06, 0x06, 0x06, 0x04, 0x04, 0xF0, 0xA0, 0xA0, 0xA0, 0xA0,
    0xA0, 0xDD, 0x06, 0xA0, 0x00, 0x00, 0x00, 0x00, 0x00, 0xA5, 0x06, 0xA0, 0x00, 0x00, 0x00, 0x00,
    0x00, 0xA5, 0x06, 0xA0, 0x00, 0x00, 0x00, 0x00, 0x00, 0xA5, 0x06, 0xA0, 0x00, 0x00, 0x00, 0x00,
    0x00, 0xA5, 0x06, 0xA0, 0x00, 0x00, 0x00, 0x00, 0x00, 0xA5, 0x04, 0xEC, 0xA5, 0xA5, 0xA5, 0xA5,
    0xA5, 0xDA, 0x01, 0x06, 0x06, 0x06, 0x06, 0x06, 0x06, 0x03, 0xA8, 0xAA, 0xAA, 0xAA, 0xAA, 0xAA,
    0xAA, 0xAC, 0xAA, 0x00, 0x00, 0x00, 0x00, 0x6A, 0x13, 0xAA, 0xAA, 0x00, 0x00, 0x00, 0x61, 0x69,
    0x00, 0xAA, 0xAA, 0x00, 0x00, 0x06, 0xAF, 0x00, 0x00, 0xAA, 0xAA, 0x13, 0xA3, 0xB4, 0x52, 0x00,
    0x00, 0xAA, 0xAA, 0x00, 0x28, 0xF0, 0x00, 0x00, 0x00, 0xAA, 0xA8, 0xA5, 0xA5, 0xA5, 0xA5, 0xA5,
    0xA5, 0xAC, 0x01, 0x06, 0x06, 0x06, 0x06, 0x06, 0x06, 0x03, 0x00, 0x01, 0x3B, 0xB0, 0x00, 0x01,
    0x00, 0x00, 0x50, 0xD2, 0xF9, 0xFF, 0xC4, 0xD2, 0x09, 0x00, 0x62, 0xE4, 0x91, 0x4F, 0xAF, 0xD4,
    0x12, 0x01, 0xEB, 0x73, 0x0C, 0x14, 0x0C, 0xC7, 0xC6, 0x49, 0xBE, 0x50, 0x94, 0xFA, 0x1B, 0x89,
    0xB1, 0x0D, 0xDA, 0x57, 0x56, 0xA6, 0x0D, 0xB2, 0xC1, 0x39, 0xB2, 0xCD, 0x2C, 0x01, 0x53, 0xEE,
    0x76, 0x16, 0x5F, 0xE4, 0xFF, 0xFF, 0xFF, 0xD2, 0x09, 0x00, 0x0B, 0x2F, 0x77, 0xF7, 0x09, 0x42,
    0x00, 0x00, 0x00, 0x00, 0x00, 0x00, 0x2E, 0xE3, 0x3A, 0x00, 0x00, 0x00, 0x0D, 0xFF, 0xBB, 0x00,
    0x00, 0x00, 0x00, 0xBE, 0xDF, 0x01, 0x00, 0x01, 0x00, 0x6D, 0xFF, 0x18, 0x00, 0x00, 0xFF, 0x90,
    0xFF, 0x61, 0x00, 0x00, 0x00, 0xE3, 0xFF, 0xB4, 0x00, 0x00, 0x00, 0x00, 0x60, 0xC5, 0x0D, 0x00,
    0x00, 0x00, 0x00, 0x00, 0x00, 0x00, 0x00, 0x00, 0x00, 0x2A, 0x1E, 0x00, 0x00, 0x6D, 0xE6, 0x00,
    0x5D, 0xFF, 0x6F, 0x00, 0x00, 0x33, 0xFF, 0x9F, 0xFF, 0xA1, 0x00, 0x00, 0x00, 0x00, 0xF2, 0xFF,
    0xDA, 0x01, 0x00, 0x00, 0x00, 0x00, 0xE2, 0xFF, 0x85, 0x00, 0x00, 0x00, 0x00, 0xB4, 0xFF, 0xFF,
    0xFF, 0x03, 0x00, 0x00, 0x4E, 0xFF, 0xBB, 0x48, 0xFF, 0x7C, 0x00, 0x06, 0xFF, 0xFF, 0x04, 0x00,
    0x8B, 0x1F, 0x00, 0x18, 0xFF, 0x51, 0x00, 0x00, 0x00, 0x00, 0x00, 0x00, 0x12, 0x00, 0x00, 0x00,
    0x00, 0x00, 0x00, 0x00, 0x00, 0x00, 0x00, 0x00, 0x00, 0x00, 0x00, 0x1A, 0x50, 0x12, 0x00, 0x12,
    0xC7, 0x7E, 0x03, 0x8F, 0xFF, 0x42, 0x07, 0xDB, 0xFE, 0xAB, 0x03, 0x73, 0xEF, 0xDB, 0xCB, 0xFF,
    0xCF, 0x0E, 0x00, 0x2B, 0xC7, 0xFF, 0xFF, 0xF1, 0x19, 0x00, 0x00, 0x00, 0xA2, 0xFB, 0xFF, 0x76,
    0x00, 0x00, 0x00, 0x41, 0xD3, 0xFF, 0xFF, 0xF1, 0x14, 0x00, 0x00, 0xAA, 0xFF, 0xFF, 0xFF, 0xFD,
    0xBB, 0x00, 0x00, 0xDC, 0xEF, 0x30, 0xCF, 0xFC, 0xA4, 0x00, 0x00, 0xB5, 0x5F, 0x05, 0x0F, 0x48,
    0x0A, 0x00, 0x00, 0x00, 0x00, 0x00, 0x00, 0x00, 0x00, 0x00, 0x00, 0x00, 0x00, 0x8D, 0xA2, 0x0C,
    0x00, 0x00, 0x00, 0xFF, 0xFF, 0x1E, 0x00, 0x00, 0x00, 0xFF, 0xFF, 0x1E, 0x00, 0x00, 0x00, 0xFF,
    0xFF, 0x1E, 0x00, 0x00, 0x00, 0xFF, 0xFF, 0x1E, 0x00, 0x00, 0x60, 0xFF, 0xFF, 0x81, 0x0A, 0x00,
    0x6C, 0xFF, 0xFF, 0xAF, 0x00, 0x00, 0x00, 0x6C, 0xAE, 0x00, 0x00,
};
