// Auto-generated VLW font: hack_bolditalic_6
// Size: 16322 bytes (15.9 KB)
#pragma once
#include <pgmspace.h>

const uint8_t hack_bolditalic_6[] PROGMEM = {
    0x00, 0x00, 0x01, 0x65, 0x00, 0x00, 0x00, 0x06, 0x00, 0x00, 0x00, 0x06, 0x00, 0x00, 0x00, 0x00,
    0x00, 0x00, 0x00, 0x06, 0x00, 0x00, 0x00, 0x02, 0x00, 0x00, 0x00, 0x20, 0x00, 0x00, 0x00, 0x00,
    0x00, 0x00, 0x00, 0x00, 0x00, 0x00, 0x00, 0x04, 0x00, 0x00, 0x00, 0x00, 0x00, 0x00, 0x00, 0x00,
    0x00, 0x00, 0x00, 0x00, 0x00, 0x00, 0x00, 0x21, 0x00, 0x00, 0x00, 0x04, 0x00, 0x00, 0x00, 0x02,
    0x00, 0x00, 0x00, 0x04, 0x00, 0x00, 0x00, 0x04, 0x00, 0x00, 0x00, 0x01, 0x00, 0x00, 0x00, 0x00,
    0x00, 0x00, 0x00, 0x22, 0x00, 0x00, 0x00, 0x02, 0x00, 0x00, 0x00, 0x03, 0x00, 0x00, 0x00, 0x04,
    0x00, 0x00, 0x00, 0x04, 0x00, 0x00, 0x00, 0x00, 0x00, 0x00, 0x00, 0x00, 0x00, 0x00, 0x00, 0x23,
    0x00, 0x00, 0x00, 0x04, 0x00, 0x00, 0x00, 0x04, 0x00, 0x00, 0x00, 0x04, 0x00, 0x00, 0x00, 0x04,
    0x00, 0x00, 0x00, 0x00, 0x00, 0x00, 0x00, 0x00, 0x00, 0x00, 0x00, 0x24, 0x00, 0x00, 0x00, 0x06,
    0x00, 0x00, 0x00, 0x04, 0x00, 0x00, 0x00, 0x04, 0x00, 0x00, 0x00, 0x04, 0x00, 0x00, 0x00, 0x00,
    0x00, 0x00, 0x00, 0x00, 0x00, 0x00, 0x00, 0x25, 0x00, 0x00, 0x00, 0x04, 0x00, 0x00, 0x00, 0x04,
    0x00, 0x00, 0x00, 0x04, 0x00, 0x00, 0x00, 0x04, 0x00, 0x00, 0x00, 0x00, 0x00, 0x00, 0x00, 0x00,
    0x00, 0x00, 0x00, 0x26, 0x00, 0x00, 0x00, 0x04, 0x00, 0x00, 0x00, 0x04, 0x00, 0x00, 0x00, 0x04,
    0x00, 0x00, 0x00, 0x04, 0x00, 0x00, 0x00, 0x00, 0x00, 0x00, 0x00, 0x00, 0x00, 0x00, 0x00, 0x27,
    0x00, 0x00, 0x00, 0x02, 0x00, 0x00, 0x00, 0x02, 0x00, 0x00, 0x00, 0x04, 0x00, 0x00, 0x00, 0x04,
    0x00, 0x00, 0x00, 0x01, 0x00, 0x00, 0x00, 0x00, 0x00, 0x00, 0x00, 0x28, 0x00, 0x00, 0x00, 0x05,
    0x00, 0x00, 0x00, 0x03, 0x00, 0x00, 0x00, 0x04, 0x00, 0x00, 0x00, 0x04, 0x00, 0x00, 0x00, 0x00,
    0x00, 0x00, 0x00, 0x00, 0x00, 0x00, 0x00, 0x29, 0x00, 0x00, 0x00, 0x05, 0x00, 0x00, 0x00, 0x03,
    0x00, 0x00, 0x00, 0x04, 0x00, 0x00, 0x00, 0x04, 0x00, 0x00, 0x00, 0x00, 0x00, 0x00, 0x00, 0x00,
    0x00, 0x00, 0x00, 0x2A, 0x00, 0x00, 0x00, 0x03, 0x00, 0x00, 0x00, 0x04, 0x00, 0x00, 0x00, 0x04,
    0x00, 0x00, 0x00, 0x04, 0x00, 0x00, 0x00, 0x00, 0x00, 0x00, 0x00, 0x00, 0x00, 0x00, 0x00, 0x2B,
    0x00, 0x00, 0x00, 0x03, 0x00, 0x00, 0x00, 0x04, 0x00, 0x00, 0x00, 0x04, 0x00, 0x00, 0x00, 0x03,
    0x00, 0x00, 0x00, 0x00, 0x00, 0x00, 0x00, 0x00, 0x00, 0x00, 0x00, 0x2C, 0x00, 0x00, 0x00, 0x03,
    0x00, 0x00, 0x00, 0x02, 0x00, 0x00, 0x00, 0x04, 0x00, 0x00, 0x00, 0x01, 0x00, 0x00, 0x00, 0x01,
    0x00, 0x00, 0x00, 0x00, 0x00, 0x00, 0x00, 0x2D, 0x00, 0x00, 0x00, 0x01, 0x00, 0x00, 0x00, 0x04,
    0x00, 0x00, 0x00, 0x04, 0x00, 0x00, 0x00, 0x02, 0x00, 0x00, 0x00, 0x00, 0x00, 0x00, 0x00, 0x00,
    0x00, 0x00, 0x00, 0x2E, 0x00, 0x00, 0x00, 0x01, 0x00, 0x00, 0x00, 0x02, 0x00, 0x00, 0x00, 0x04,
    0x00, 0x00, 0x00, 0x01, 0x00, 0x00, 0x00, 0x01, 0x00, 0x00, 0x00, 0x00, 0x00, 0x00, 0x00, 0x2F,
    0x00, 0x00, 0x00, 0x05, 0x00, 0x00, 0x00, 0x04, 0x00, 0x00, 0x00, 0x04, 0x00, 0x00, 0x00, 0x04,
    0x00, 0x00, 0x00, 0x00, 0x00, 0x00, 0x00, 0x00, 0x00, 0x00, 0x00, 0x30, 0x00, 0x00, 0x00, 0x04,
    0x00, 0x00, 0x00, 0x04, 0x00, 0x00, 0x00, 0x04, 0x00, 0x00, 0x00, 0x04, 0x00, 0x00, 0x00, 0x00,
    0x00, 0x00, 0x00, 0x00, 0x00, 0x00, 0x00, 0x31, 0x00, 0x00, 0x00, 0x04, 0x00, 0x00, 0x00, 0x03,
    0x00, 0x00, 0x00, 0x04, 0x00, 0x00, 0x00, 0x04, 0x00, 0x00, 0x00, 0x00, 0x00, 0x00, 0x00, 0x00,
    0x00, 0x00, 0x00, 0x32, 0x00, 0x00, 0x00, 0x04, 0x00, 0x00, 0x00, 0x04, 0x00, 0x00, 0x00, 0x04,
    0x00, 0x00, 0x00, 0x04, 0x00, 0x00, 0x00, 0x00, 0x00, 0x00, 0x00, 0x00, 0x00, 0x00, 0x00, 0x33,
    0x00, 0x00, 0x00, 0x04, 0x00, 0x00, 0x00, 0x04, 0x00, 0x00, 0x00, 0x04, 0x00, 0x00, 0x00, 0x04,
    0x00, 0x00, 0x00, 0x00, 0x00, 0x00, 0x00, 0x00, 0x00, 0x00, 0x00, 0x34, 0x00, 0x00, 0x00, 0x04,
    0x00, 0x00, 0x00, 0x04, 0x00, 0x00, 0x00, 0x04, 0x00, 0x00, 0x00, 0x04, 0x00, 0x00, 0x00, 0x00,
    0x00, 0x00, 0x00, 0x00, 0x00, 0x00, 0x00, 0x35, 0x00, 0x00, 0x00, 0x04, 0x00, 0x00, 0x00, 0x04,
    0x00, 0x00, 0x00, 0x04, 0x00, 0x00, 0x00, 0x04, 0x00, 0x00, 0x00, 0x00, 0x00, 0x00, 0x00, 0x00,
    0x00, 0x00, 0x00, 0x36, 0x00, 0x00, 0x00, 0x04, 0x00, 0x00, 0x00, 0x04, 0x00, 0x00, 0x00, 0x04,
    0x00, 0x00, 0x00, 0x04, 0x00, 0x00, 0x00, 0x00, 0x00, 0x00, 0x00, 0x00, 0x00, 0x00, 0x00, 0x37,
    0x00, 0x00, 0x00, 0x04, 0x00, 0x00, 0x00, 0x04, 0x00, 0x00, 0x00, 0x04, 0x00, 0x00, 0x00, 0x04,
    0x00, 0x00, 0x00, 0x00, 0x00, 0x00, 0x00, 0x00, 0x00, 0x00, 0x00, 0x38, 0x00, 0x00, 0x00, 0x04,
    0x00, 0x00, 0x00, 0x04, 0x00, 0x00, 0x00, 0x04, 0x00, 0x00, 0x00, 0x04, 0x00, 0x00, 0x00, 0x00,
    0x00, 0x00, 0x00, 0x00, 0x00, 0x00, 0x00, 0x39, 0x00, 0x00, 0x00, 0x04, 0x00, 0x00, 0x00, 0x04,
    0x00, 0x00, 0x00, 0x04, 0x00, 0x00, 0x00, 0x04, 0x00, 0x00, 0x00, 0x00, 0x00, 0x00, 0x00, 0x00,
    0x00, 0x00, 0x00, 0x3A, 0x00, 0x00, 0x00, 0x03, 0x00, 0x00, 0x00, 0x02, 0x00, 0x00, 0x00, 0x04,
    0x00, 0x00, 0x00, 0x03, 0x00, 0x00, 0x00, 0x01, 0x00, 0x00, 0x00, 0x00, 0x00, 0x00, 0x00, 0x3B,
    0x00, 0x00, 0x00, 0x05, 0x00, 0x00, 0x00, 0x03, 0x00, 0x00, 0x00, 0x04, 0x00, 0x00, 0x00, 0x03,
    0x00, 0x00, 0x00, 0x00, 0x00, 0x00, 0x00, 0x00, 0x00, 0x00, 0x00, 0x3C, 0x00, 0x00, 0x00, 0x04,
    0x00, 0x00, 0x00, 0x04, 0x00, 0x00, 0x00, 0x04, 0x00, 0x00, 0x00, 0x04, 0x00, 0x00, 0x00, 0x00,
    0x00, 0x00, 0x00, 0x00, 0x00, 0x00, 0x00, 0x3D, 0x00, 0x00, 0x00, 0x02, 0x00, 0x00, 0x00, 0x04,
    0x00, 0x00, 0x00, 0x04, 0x00, 0x00, 0x00, 0x03, 0x00, 0x00, 0x00, 0x00, 0x00, 0x00, 0x00, 0x00,
    0x00, 0x00, 0x00, 0x3E, 0x00, 0x00, 0x00, 0x04, 0x00, 0x00, 0x00, 0x04, 0x00, 0x00, 0x00, 0x04,
    0x00, 0x00, 0x00, 0x04, 0x00, 0x00, 0x00, 0x00, 0x00, 0x00, 0x00, 0x00, 0x00, 0x00, 0x00, 0x3F,
    0x00, 0x00, 0x00, 0x04, 0x00, 0x00, 0x00, 0x03, 0x00, 0x00, 0x00, 0x04, 0x00, 0x00, 0x00, 0x04,
    0x00, 0x00, 0x00, 0x01, 0x00, 0x00, 0x00, 0x00, 0x00, 0x00, 0x00, 0x40, 0x00, 0x00, 0x00, 0x05,
    0x00, 0x00, 0x00, 0x04, 0x00, 0x00, 0x00, 0x04, 0x00, 0x00, 0x00, 0x04, 0x00, 0x00, 0x00, 0x00,
    0x00, 0x00, 0x00, 0x00, 0x00, 0x00, 0x00, 0x41, 0x00, 0x00, 0x00, 0x04, 0x00, 0x00, 0x00, 0x04,
    0x00, 0x00, 0x00, 0x04, 0x00, 0x00, 0x00, 0x04, 0x00, 0x00, 0x00, 0x00, 0x00, 0x00, 0x00, 0x00,
    0x00, 0x00, 0x00, 0x42, 0x00, 0x00, 0x00, 0x04, 0x00, 0x00, 0x00, 0x04, 0x00, 0x00, 0x00, 0x04,
    0x00, 0x00, 0x00, 0x04, 0x00, 0x00, 0x00, 0x00, 0x00, 0x00, 0x00, 0x00, 0x00, 0x00, 0x00, 0x43,
    0x00, 0x00, 0x00, 0x04, 0x00, 0x00, 0x00, 0x04, 0x00, 0x00, 0x00, 0x04, 0x00, 0x00, 0x00, 0x04,
    0x00, 0x00, 0x00, 0x00, 0x00, 0x00, 0x00, 0x00, 0x00, 0x00, 0x00, 0x44, 0x00, 0x00, 0x00, 0x04,
    0x00, 0x00, 0x00, 0x04, 0x00, 0x00, 0x00, 0x04, 0x00, 0x00, 0x00, 0x04, 0x00, 0x00, 0x00, 0x00,
    0x00, 0x00, 0x00, 0x00, 0x00, 0x00, 0x00, 0x45, 0x00, 0x00, 0x00, 0x04, 0x00, 0x00, 0x00, 0x04,
    0x00, 0x00, 0x00, 0x04, 0x00, 0x00, 0x00, 0x04, 0x00, 0x00, 0x00, 0x00, 0x00, 0x00, 0x00, 0x00,
    0x00, 0x00, 0x00, 0x46, 0x00, 0x00, 0x00, 0x04, 0x00, 0x00, 0x00, 0x04, 0x00, 0x00, 0x00, 0x04,
    0x00, 0x00, 0x00, 0x04, 0x00, 0x00, 0x00, 0x00, 0x00, 0x00, 0x00, 0x00, 0x00, 0x00, 0x00, 0x47,
    0x00, 0x00, 0x00, 0x04, 0x00, 0x00, 0x00, 0x04, 0x00, 0x00, 0x00, 0x04, 0x00, 0x00, 0x00, 0x04,
    0x00, 0x00, 0x00, 0x00, 0x00, 0x00, 0x00, 0x00, 0x00, 0x00, 0x00, 0x48, 0x00, 0x00, 0x00, 0x04,
    0x00, 0x00, 0x00, 0x04, 0x00, 0x00, 0x00, 0x04, 0x00, 0x00, 0x00, 0x04, 0x00, 0x00, 0x00, 0x00,
    0x00, 0x00, 0x00, 0x00, 0x00, 0x00, 0x00, 0x49, 0x00, 0x00, 0x00, 0x04, 0x00, 0x00, 0x00, 0x04,
    0x00, 0x00, 0x00, 0x04, 0x00, 0x00, 0x00, 0x04, 0x00, 0x00, 0x00, 0x00, 0x00, 0x00, 0x00, 0x00,
    0x00, 0x00, 0x00, 0x4A, 0x00, 0x00, 0x00, 0x04, 0x00, 0x00, 0x00, 0x04, 0x00, 0x00, 0x00, 0x04,
    0x00, 0x00, 0x00, 0x04, 0x00, 0x00, 0x00, 0x00, 0x00, 0x00, 0x00, 0x00, 0x00, 0x00, 0x00, 0x4B,
    0x00, 0x00, 0x00, 0x04, 0x00, 0x00, 0x00, 0x04, 0x00, 0x00, 0x00, 0x04, 0x00, 0x00, 0x00, 0x04,
    0x00, 0x00, 0x00, 0x00, 0x00, 0x00, 0x00, 0x00, 0x00, 0x00, 0x00, 0x4C, 0x00, 0x00, 0x00, 0x04,
    0x00, 0x00, 0x00, 0x04, 0x00, 0x00, 0x00, 0x04, 0x00, 0x00, 0x00, 0x04, 0x00, 0x00, 0x00, 0x00,
    0x00, 0x00, 0x00, 0x00, 0x00, 0x00, 0x00, 0x4D, 0x00, 0x00, 0x00, 0x04, 0x00, 0x00, 0x00, 0x04,
    0x00, 0x00, 0x00, 0x04, 0x00, 0x00, 0x00, 0x04, 0x00, 0x00, 0x00, 0x00, 0x00, 0x00, 0x00, 0x00,
    0x00, 0x00, 0x00, 0x4E, 0x00, 0x00, 0x00, 0x04, 0x00, 0x00, 0x00, 0x04, 0x00, 0x00, 0x00, 0x04,
    0x00, 0x00, 0x00, 0x04, 0x00, 0x00, 0x00, 0x00, 0x00, 0x00, 0x00, 0x00, 0x00, 0x00, 0x00, 0x4F,
    0x00, 0x00, 0x00, 0x04, 0x00, 0x00, 0x00, 0x04, 0x00, 0x00, 0x00, 0x04, 0x00, 0x00, 0x00, 0x04,
    0x00, 0x00, 0x00, 0x00, 0x00, 0x00, 0x00, 0x00, 0x00, 0x00, 0x00, 0x50, 0x00, 0x00, 0x00, 0x04,
    0x00, 0x00, 0x00, 0x04, 0x00, 0x00, 0x00, 0x04, 0x00, 0x00, 0x00, 0x04, 0x00, 0x00, 0x00, 0x00,
    0x00, 0x00, 0x00, 0x00, 0x00, 0x00, 0x00, 0x51, 0x00, 0x00, 0x00, 0x05, 0x00, 0x00, 0x00, 0x04,
    0x00, 0x00, 0x00, 0x04, 0x00, 0x00, 0x00, 0x04, 0x00, 0x00, 0x00, 0x00, 0x00, 0x00, 0x00, 0x00,
    0x00, 0x00, 0x00, 0x52, 0x00, 0x00, 0x00, 0x04, 0x00, 0x00, 0x00, 0x04, 0x00, 0x00, 0x00, 0x04,
    0x00, 0x00, 0x00, 0x04, 0x00, 0x00, 0x00, 0x00, 0x00, 0x00, 0x00, 0x00, 0x00, 0x00, 0x00, 0x53,
    0x00, 0x00, 0x00, 0x04, 0x00, 0x00, 0x00, 0x04, 0x00, 0x00, 0x00, 0x04, 0x00, 0x00, 0x00, 0x04,
    0x00, 0x00, 0x00, 0x00, 0x00, 0x00, 0x00, 0x00, 0x00, 0x00, 0x00, 0x54, 0x00, 0x00, 0x00, 0x04,
    0x00, 0x00, 0x00, 0x04, 0x00, 0x00, 0x00, 0x04, 0x00, 0x00, 0x00, 0x04, 0x00, 0x00, 0x00, 0x00,
    0x00, 0x00, 0x00, 0x00, 0x00, 0x00, 0x00, 0x55, 0x00, 0x00, 0x00, 0x04, 0x00, 0x00, 0x00, 0x04,
    0x00, 0x00, 0x00, 0x04, 0x00, 0x00, 0x00, 0x04, 0x00, 0x00, 0x00, 0x00, 0x00, 0x00, 0x00, 0x00,
    0x00, 0x00, 0x00, 0x56, 0x00, 0x00, 0x00, 0x04, 0x00, 0x00, 0x00, 0x04, 0x00, 0x00, 0x00, 0x04,
    0x00, 0x00, 0x00, 0x04, 0x00, 0x00, 0x00, 0x00, 0x00, 0x00, 0x00, 0x00, 0x00, 0x00, 0x00, 0x57,
    0x00, 0x00, 0x00, 0x04, 0x00, 0x00, 0x00, 0x04, 0x00, 0x00, 0x00, 0x04, 0x00, 0x00, 0x00, 0x04,
    0x00, 0x00, 0x00, 0x00, 0x00, 0x00, 0x00, 0x00, 0x00, 0x00, 0x00, 0x58, 0x00, 0x00, 0x00, 0x04,
    0x00, 0x00, 0x00, 0x04, 0x00, 0x00, 0x00, 0x04, 0x00, 0x00, 0x00, 0x04, 0x00, 0x00, 0x00, 0x00,
    0x00, 0x00, 0x00, 0x00, 0x00, 0x00, 0x00, 0x59, 0x00, 0x00, 0x00, 0x04, 0x00, 0x00, 0x00, 0x04,
    0x00, 0x00, 0x00, 0x04, 0x00, 0x00, 0x00, 0x04, 0x00, 0x00, 0x00, 0x00, 0x00, 0x00, 0x00, 0x00,
    0x00, 0x00, 0x00, 0x5A, 0x00, 0x00, 0x00, 0x04, 0x00, 0x00, 0x00, 0x04, 0x00, 0x00, 0x00, 0x04,
    0x00, 0x00, 0x00, 0x04, 0x00, 0x00, 0x00, 0x00, 0x00, 0x00, 0x00, 0x00, 0x00, 0x00, 0x00, 0x5B,
    0x00, 0x00, 0x00, 0x06, 0x00, 0x00, 0x00, 0x04, 0x00, 0x00, 0x00, 0x04, 0x00, 0x00, 0x00, 0x05,
    0x00, 0x00, 0x00, 0x00, 0x00, 0x00, 0x00, 0x00, 0x00, 0x00, 0x00, 0x5C, 0x00, 0x00, 0x00, 0x05,
    0x00, 0x00, 0x00, 0x04, 0x00, 0x00, 0x00, 0x04, 0x00, 0x00, 0x00, 0x04, 0x00, 0x00, 0x00, 0x00,
    0x00, 0x00, 0x00, 0x00, 0x00, 0x00, 0x00, 0x5D, 0x00, 0x00, 0x00, 0x06, 0x00, 0x00, 0x00, 0x04,
    0x00, 0x00, 0x00, 0x04, 0x00, 0x00, 0x00, 0x05, 0x00, 0x00, 0x00, 0x00, 0x00, 0x00, 0x00, 0x00,
    0x00, 0x00, 0x00, 0x5E, 0x00, 0x00, 0x00, 0x02, 0x00, 0x00, 0x00, 0x04, 0x00, 0x00, 0x00, 0x04,
    0x00, 0x00, 0x00, 0x04, 0x00, 0x00, 0x00, 0x00, 0x00, 0x00, 0x00, 0x00, 0x00, 0x00, 0x00, 0x5F,
    0x00, 0x00, 0x00, 0x01, 0x00, 0x00, 0x00, 0x04, 0x00, 0x00, 0x00, 0x04, 0x00, 0x00, 0x00, 0x00,
    0x00, 0x00, 0x00, 0x00, 0x00, 0x00, 0x00, 0x00, 0x00, 0x00, 0x00, 0x60, 0x00, 0x00, 0x00, 0x01,
    0x00, 0x00, 0x00, 0x02, 0x00, 0x00, 0x00, 0x04, 0x00, 0x00, 0x00, 0x04, 0x00, 0x00, 0x00, 0x01,
    0x00, 0x00, 0x00, 0x00, 0x00, 0x00, 0x00, 0x61, 0x00, 0x00, 0x00, 0x03, 0x00, 0x00, 0x00, 0x04,
    0x00, 0x00, 0x00, 0x04, 0x00, 0x00, 0x00, 0x03, 0x00, 0x00, 0x00, 0x00, 0x00, 0x00, 0x00, 0x00,
    0x00, 0x00, 0x00, 0x62, 0x00, 0x00, 0x00, 0x04, 0x00, 0x00, 0x00, 0x04, 0x00, 0x00, 0x00, 0x04,
    0x00, 0x00, 0x00, 0x04, 0x00, 0x00, 0x00, 0x00, 0x00, 0x00, 0x00, 0x00, 0x00, 0x00, 0x00, 0x63,
    0x00, 0x00, 0x00, 0x03, 0x00, 0x00, 0x00, 0x04, 0x00, 0x00, 0x00, 0x04, 0x00, 0x00, 0x00, 0x03,
    0x00, 0x00, 0x00, 0x00, 0x00, 0x00, 0x00, 0x00, 0x00, 0x00, 0x00, 0x64, 0x00, 0x00, 0x00, 0x04,
    0x00, 0x00, 0x00, 0x04, 0x00, 0x00, 0x00, 0x04, 0x00, 0x00, 0x00, 0x04, 0x00, 0x00, 0x00, 0x00,
    0x00, 0x00, 0x00, 0x00, 0x00, 0x00, 0x00, 0x65, 0x00, 0x00, 0x00, 0x03, 0x00, 0x00, 0x00, 0x04,
    0x00, 0x00, 0x00, 0x04, 0x00, 0x00, 0x00, 0x03, 0x00, 0x00, 0x00, 0x00, 0x00, 0x00, 0x00, 0x00,
    0x00, 0x00, 0x00, 0x66, 0x00, 0x00, 0x00, 0x04, 0x00, 0x00, 0x00, 0x04, 0x00, 0x00, 0x00, 0x04,
    0x00, 0x00, 0x00, 0x04, 0x00, 0x00, 0x00, 0x00, 0x00, 0x00, 0x00, 0x00, 0x00, 0x00, 0x00, 0x67,
    0x00, 0x00, 0x00, 0x04, 0x00, 0x00, 0x00, 0x04, 0x00, 0x00, 0x00, 0x04, 0x00, 0x00, 0x00, 0x03,
    0x00, 0x00, 0x00, 0x00, 0x00, 0x00, 0x00, 0x00, 0x00, 0x00, 0x00, 0x68, 0x00, 0x00, 0x00, 0x04,
    0x00, 0x00, 0x00, 0x04, 0x00, 0x00, 0x00, 0x04, 0x00, 0x00, 0x00, 0x04, 0x00, 0x00, 0x00, 0x00,
    0x00, 0x00, 0x00, 0x00, 0x00, 0x00, 0x00, 0x69, 0x00, 0x00, 0x00, 0x05, 0x00, 0x00, 0x00, 0x04,
    0x00, 0x00, 0x00, 0x04, 0x00, 0x00, 0x00, 0x05, 0x00, 0x00, 0x00, 0x00, 0x00, 0x00, 0x00, 0x00,
    0x00, 0x00, 0x00, 0x6A, 0x00, 0x00, 0x00, 0x06, 0x00, 0x00, 0x00, 0x04, 0x00, 0x00, 0x00, 0x04,
    0x00, 0x00, 0x00, 0x05, 0x00, 0x00, 0x00, 0x00, 0x00, 0x00, 0x00, 0x00, 0x00, 0x00, 0x00, 0x6B,
    0x00, 0x00, 0x00, 0x04, 0x00, 0x00, 0x00, 0x04, 0x00, 0x00, 0x00, 0x04, 0x00, 0x00, 0x00, 0x04,
    0x00, 0x00, 0x00, 0x00, 0x00, 0x00, 0x00, 0x00, 0x00, 0x00, 0x00, 0x6C, 0x00, 0x00, 0x00, 0x04,
    0x00, 0x00, 0x00, 0x04, 0x00, 0x00, 0x00, 0x04, 0x00, 0x00, 0x00, 0x04, 0x00, 0x00, 0x00, 0x00,
    0x00, 0x00, 0x00, 0x00, 0x00, 0x00, 0x00, 0x6D, 0x00, 0x00, 0x00, 0x03, 0x00, 0x00, 0x00, 0x04,
    0x00, 0x00, 0x00, 0x04, 0x00, 0x00, 0x00, 0x03, 0x00, 0x00, 0x00, 0x00, 0x00, 0x00, 0x00, 0x00,
    0x00, 0x00, 0x00, 0x6E, 0x00, 0x00, 0x00, 0x03, 0x00, 0x00, 0x00, 0x04, 0x00, 0x00, 0x00, 0x04,
    0x00, 0x00, 0x00, 0x03, 0x00, 0x00, 0x00, 0x00, 0x00, 0x00, 0x00, 0x00, 0x00, 0x00, 0x00, 0x6F,
    0x00, 0x00, 0x00, 0x03, 0x00, 0x00, 0x00, 0x04, 0x00, 0x00, 0x00, 0x04, 0x00, 0x00, 0x00, 0x03,
    0x00, 0x00, 0x00, 0x00, 0x00, 0x00, 0x00, 0x00, 0x00, 0x00, 0x00, 0x70, 0x00, 0x00, 0x00, 0x04,
    0x00, 0x00, 0x00, 0x04, 0x00, 0x00, 0x00, 0x04, 0x00, 0x00, 0x00, 0x03, 0x00, 0x00, 0x00, 0x00,
    0x00, 0x00, 0x00, 0x00, 0x00, 0x00, 0x00, 0x71, 0x00, 0x00, 0x00, 0x04, 0x00, 0x00, 0x00, 0x04,
    0x00, 0x00, 0x00, 0x04, 0x00, 0x00, 0x00, 0x03, 0x00, 0x00, 0x00, 0x00, 0x00, 0x00, 0x00, 0x00,
    0x00, 0x00, 0x00, 0x72, 0x00, 0x00, 0x00, 0x03, 0x00, 0x00, 0x00, 0x04, 0x00, 0x00, 0x00, 0x04,
    0x00, 0x00, 0x00, 0x03, 0x00, 0x00, 0x00, 0x00, 0x00, 0x00, 0x00, 0x00, 0x00, 0x00, 0x00, 0x73,
    0x00, 0x00, 0x00, 0x03, 0x00, 0x00, 0x00, 0x04, 0x00, 0x00, 0x00, 0x04, 0x00, 0x00, 0x00, 0x03,
    0x00, 0x00, 0x00, 0x00, 0x00, 0x00, 0x00, 0x00, 0x00, 0x00, 0x00, 0x74, 0x00, 0x00, 0x00, 0x04,
    0x00, 0x00, 0x00, 0x04, 0x00, 0x00, 0x00, 0x04, 0x00, 0x00, 0x00, 0x04, 0x00, 0x00, 0x00, 0x00,
    0x00, 0x00, 0x00, 0x00, 0x00, 0x00, 0x00, 0x75, 0x00, 0x00, 0x00, 0x03, 0x00, 0x00, 0x00, 0x04,
    0x00, 0x00, 0x00, 0x04, 0x00, 0x00, 0x00, 0x03, 0x00, 0x00, 0x00, 0x00, 0x00, 0x00, 0x00, 0x00,
    0x00, 0x00, 0x00, 0x76, 0x00, 0x00, 0x00, 0x03, 0x00, 0x00, 0x00, 0x04, 0x00, 0x00, 0x00, 0x04,
    0x00, 0x00, 0x00, 0x03, 0x00, 0x00, 0x00, 0x00, 0x00, 0x00, 0x00, 0x00, 0x00, 0x00, 0x00, 0x77,
    0x00, 0x00, 0x00, 0x03, 0x00, 0x00, 0x00, 0x04, 0x00, 0x00, 0x00, 0x04, 0x00, 0x00, 0x00, 0x03,
    0x00, 0x00, 0x00, 0x00, 0x00, 0x00, 0x00, 0x00, 0x00, 0x00, 0x00, 0x78, 0x00, 0x00, 0x00, 0x03,
    0x00, 0x00, 0x00, 0x04, 0x00, 0x00, 0x00, 0x04, 0x00, 0x00, 0x00, 0x03, 0x00, 0x00, 0x00, 0x00,
    0x00, 0x00, 0x00, 0x00, 0x00, 0x00, 0x00, 0x79, 0x00, 0x00, 0x00, 0x04, 0x00, 0x00, 0x00, 0x04,
    0x00, 0x00, 0x00, 0x04, 0x00, 0x00, 0x00, 0x03, 0x00, 0x00, 0x00, 0x00, 0x00, 0x00, 0x00, 0x00,
    0x00, 0x00, 0x00, 0x7A, 0x00, 0x00, 0x00, 0x03, 0x00, 0x00, 0x00, 0x04, 0x00, 0x00, 0x00, 0x04,
    0x00, 0x00, 0x00, 0x03, 0x00, 0x00, 0x00, 0x00, 0x00, 0x00, 0x00, 0x00, 0x00, 0x00, 0x00, 0x7B,
    0x00, 0x00, 0x00, 0x05, 0x00, 0x00, 0x00, 0x04, 0x00, 0x00, 0x00, 0x04, 0x00, 0x00, 0x00, 0x04,
    0x00, 0x00, 0x00, 0x00, 0x00, 0x00, 0x00, 0x00, 0x00, 0x00, 0x00, 0x7C, 0x00, 0x00, 0x00, 0x06,
    0x00, 0x00, 0x00, 0x02, 0x00, 0x00, 0x00, 0x04, 0x00, 0x00, 0x00, 0x04, 0x00, 0x00, 0x00, 0x01,
    0x00, 0x00, 0x00, 0x00, 0x00, 0x00, 0x00, 0x7D, 0x00, 0x00, 0x00, 0x05, 0x00, 0x00, 0x00, 0x04,
    0x00, 0x00, 0x00, 0x04, 0x00, 0x00, 0x00, 0x04, 0x00, 0x00, 0x00, 0x00, 0x00, 0x00, 0x00, 0x00,
    0x00, 0x00, 0x00, 0x7E, 0x00, 0x00, 0x00, 0x02, 0x00, 0x00, 0x00, 0x04, 0x00, 0x00, 0x00, 0x04,
    0x00, 0x00, 0x00, 0x03, 0x00, 0x00, 0x00, 0x00, 0x00, 0x00, 0x00, 0x00, 0x00, 0x00, 0x00, 0xA0,
    0x00, 0x00, 0x00, 0x00, 0x00, 0x00, 0x00, 0x00, 0x00, 0x00, 0x00, 0x04, 0x00, 0x00, 0x00, 0x00,
    0x00, 0x00, 0x00, 0x00, 0x00, 0x00, 0x00, 0x00, 0x00, 0x00, 0x00, 0xA1, 0x00, 0x00, 0x00, 0x05,
    0x00, 0x00, 0x00, 0x03, 0x00, 0x00, 0x00, 0x04, 0x00, 0x00, 0x00, 0x05, 0x00, 0x00, 0x00, 0x00,
    0x00, 0x00, 0x00, 0x00, 0x00, 0x00, 0x00, 0xA2, 0x00, 0x00, 0x00, 0x05, 0x00, 0x00, 0x00, 0x04,
    0x00, 0x00, 0x00, 0x04, 0x00, 0x00, 0x00, 0x04, 0x00, 0x00, 0x00, 0x00, 0x00, 0x00, 0x00, 0x00,
    0x00, 0x00, 0x00, 0xA3, 0x00, 0x00, 0x00, 0x04, 0x00, 0x00, 0x00, 0x04, 0x00, 0x00, 0x00, 0x04,
    0x00, 0x00, 0x00, 0x04, 0x00, 0x00, 0x00, 0x00, 0x00, 0x00, 0x00, 0x00, 0x00, 0x00, 0x00, 0xA4,
    0x00, 0x00, 0x00, 0x04, 0x00, 0x00, 0x00, 0x04, 0x00, 0x00, 0x00, 0x04, 0x00, 0x00, 0x00, 0x04,
    0x00, 0x00, 0x00, 0x00, 0x00, 0x00, 0x00, 0x00, 0x00, 0x00, 0x00, 0xA5, 0x00, 0x00, 0x00, 0x04,
    0x00, 0x00, 0x00, 0x04, 0x00, 0x00, 0x00, 0x04, 0x00, 0x00, 0x00, 0x04, 0x00, 0x00, 0x00, 0x00,
    0x00, 0x00, 0x00, 0x00, 0x00, 0x00, 0x00, 0xA6, 0x00, 0x00, 0x00, 0x05, 0x00, 0x00, 0x00, 0x02,
    0x00, 0x00, 0x00, 0x04, 0x00, 0x00, 0x00, 0x04, 0x00, 0x00, 0x00, 0x01, 0x00, 0x00, 0x00, 0x00,
    0x00, 0x00, 0x00, 0xA7, 0x00, 0x00, 0x00, 0x05, 0x00, 0x00, 0x00, 0x04, 0x00, 0x00, 0x00, 0x04,
    0x00, 0x00, 0x00, 0x04, 0x00, 0x00, 0x00, 0x00, 0x00, 0x00, 0x00, 0x00, 0x00, 0x00, 0x00, 0xA8,
    0x00, 0x00, 0x00, 0x01, 0x00, 0x00, 0x00, 0x03, 0x00, 0x00, 0x00, 0x04, 0x00, 0x00, 0x00, 0x04,
    0x00, 0x00, 0x00, 0x01, 0x00, 0x00, 0x00, 0x00, 0x00, 0x00, 0x00, 0xA9, 0x00, 0x00, 0x00, 0x04,
    0x00, 0x00, 0x00, 0x04, 0x00, 0x00, 0x00, 0x04, 0x00, 0x00, 0x00, 0x04, 0x00, 0x00, 0x00, 0x00,
    0x00, 0x00, 0x00, 0x00, 0x00, 0x00, 0x00, 0xAA, 0x00, 0x00, 0x00, 0x04, 0x00, 0x00, 0x00, 0x04,
    0x00, 0x00, 0x00, 0x04, 0x00, 0x00, 0x00, 0x05, 0x00, 0x00, 0x00, 0x00, 0x00, 0x00, 0x00, 0x00,
    0x00, 0x00, 0x00, 0xAB, 0x00, 0x00, 0x00, 0x03, 0x00, 0x00, 0x00, 0x04, 0x00, 0x00, 0x00, 0x04,
    0x00, 0x00, 0x00, 0x03, 0x00, 0x00, 0x00, 0x00, 0x00, 0x00, 0x00, 0x00, 0x00, 0x00, 0x00, 0xAC,
    0x00, 0x00, 0x00, 0x02, 0x00, 0x00, 0x00, 0x04, 0x00, 0x00, 0x00, 0x04, 0x00, 0x00, 0x00, 0x03,
    0x00, 0x00, 0x00, 0x00, 0x00, 0x00, 0x00, 0x00, 0x00, 0x00, 0x00, 0xAD, 0x00, 0x00, 0x00, 0x01,
    0x00, 0x00, 0x00, 0x03, 0x00, 0x00, 0x00, 0x04, 0x00, 0x00, 0x00, 0x02, 0x00, 0x00, 0x00, 0x00,
    0x00, 0x00, 0x00, 0x00, 0x00, 0x00, 0x00, 0xAE, 0x00, 0x00, 0x00, 0x04, 0x00, 0x00, 0x00, 0x04,
    0x00, 0x00, 0x00, 0x04, 0x00, 0x00, 0x00, 0x04, 0x00, 0x00, 0x00, 0x00, 0x00, 0x00, 0x00, 0x00,
    0x00, 0x00, 0x00, 0xAF, 0x00, 0x00, 0x00, 0x01, 0x00, 0x00, 0x00, 0x03, 0x00, 0x00, 0x00, 0x04,
    0x00, 0x00, 0x00, 0x04, 0x00, 0x00, 0x00, 0x01, 0x00, 0x00, 0x00, 0x00, 0x00, 0x00, 0x00, 0xB0,
    0x00, 0x00, 0x00, 0x02, 0x00, 0x00, 0x00, 0x03, 0x00, 0x00, 0x00, 0x04, 0x00, 0x00, 0x00, 0x04,
    0x00, 0x00, 0x00, 0x00, 0x00, 0x00, 0x00, 0x00, 0x00, 0x00, 0x00, 0xB1, 0x00, 0x00, 0x00, 0x04,
    0x00, 0x00, 0x00, 0x04, 0x00, 0x00, 0x00, 0x04, 0x00, 0x00, 0x00, 0x04, 0x00, 0x00, 0x00, 0x00,
    0x00, 0x00, 0x00, 0x00, 0x00, 0x00, 0x00, 0xB2, 0x00, 0x00, 0x00, 0x03, 0x00, 0x00, 0x00, 0x04,
    0x00, 0x00, 0x00, 0x04, 0x00, 0x00, 0x00, 0x06, 0x00, 0x00, 0x00, 0x00, 0x00, 0x00, 0x00, 0x00,
    0x00, 0x00, 0x00, 0xB3, 0x00, 0x00, 0x00, 0x03, 0x00, 0x00, 0x00, 0x04, 0x00, 0x00, 0x00, 0x04,
    0x00, 0x00, 0x00, 0x06, 0x00, 0x00, 0x00, 0x00, 0x00, 0x00, 0x00, 0x00, 0x00, 0x00, 0x00, 0xB4,
    0x00, 0x00, 0x00, 0x01, 0x00, 0x00, 0x00, 0x03, 0x00, 0x00, 0x00, 0x04, 0x00, 0x00, 0x00, 0x04,
    0x00, 0x00, 0x00, 0x01, 0x00, 0x00, 0x00, 0x00, 0x00, 0x00, 0x00, 0xB5, 0x00, 0x00, 0x00, 0x04,
    0x00, 0x00, 0x00, 0x04, 0x00, 0x00, 0x00, 0x04, 0x00, 0x00, 0x00, 0x03, 0x00, 0x00, 0x00, 0x00,
    0x00, 0x00, 0x00, 0x00, 0x00, 0x00, 0x00, 0xB6, 0x00, 0x00, 0x00, 0x05, 0x00, 0x00, 0x00, 0x04,
    0x00, 0x00, 0x00, 0x04, 0x00, 0x00, 0x00, 0x04, 0x00, 0x00, 0x00, 0x00, 0x00, 0x00, 0x00, 0x00,
    0x00, 0x00, 0x00, 0xB7, 0x00, 0x00, 0x00, 0x01, 0x00, 0x00, 0x00, 0x02, 0x00, 0x00, 0x00, 0x04,
    0x00, 0x00, 0x00, 0x02, 0x00, 0x00, 0x00, 0x01, 0x00, 0x00, 0x00, 0x00, 0x00, 0x00, 0x00, 0xB8,
    0x00, 0x00, 0x00, 0x02, 0x00, 0x00, 0x00, 0x02, 0x00, 0x00, 0x00, 0x04, 0x00, 0x00, 0x00, 0x01,
    0x00, 0x00, 0x00, 0x00, 0x00, 0x00, 0x00, 0x00, 0x00, 0x00, 0x00, 0xB9, 0x00, 0x00, 0x00, 0x03,
    0x00, 0x00, 0x00, 0x03, 0x00, 0x00, 0x00, 0x04, 0x00, 0x00, 0x00, 0x06, 0x00, 0x00, 0x00, 0x00,
    0x00, 0x00, 0x00, 0x00, 0x00, 0x00, 0x00, 0xBA, 0x00, 0x00, 0x00, 0x04, 0x00, 0x00, 0x00, 0x04,
    0x00, 0x00, 0x00, 0x04, 0x00, 0x00, 0x00, 0x05, 0x00, 0x00, 0x00, 0x00, 0x00, 0x00, 0x00, 0x00,
    0x00, 0x00, 0x00, 0xBB, 0x00, 0x00, 0x00, 0x03, 0x00, 0x00, 0x00, 0x04, 0x00, 0x00, 0x00, 0x04,
    0x00, 0x00, 0x00, 0x03, 0x00, 0x00, 0x00, 0x00, 0x00, 0x00, 0x00, 0x00, 0x00, 0x00, 0x00, 0xBC,
    0x00, 0x00, 0x00, 0x06, 0x00, 0x00, 0x00, 0x04, 0x00, 0x00, 0x00, 0x04, 0x00, 0x00, 0x00, 0x04,
    0x00, 0x00, 0x00, 0x00, 0x00, 0x00, 0x00, 0x00, 0x00, 0x00, 0x00, 0xBD, 0x00, 0x00, 0x00, 0x06,
    0x00, 0x00, 0x00, 0x04, 0x00, 0x00, 0x00, 0x04, 0x00, 0x00, 0x00, 0x05, 0x00, 0x00, 0x00, 0x00,
    0x00, 0x00, 0x00, 0x00, 0x00, 0x00, 0x00, 0xBE, 0x00, 0x00, 0x00, 0x06, 0x00, 0x00, 0x00, 0x04,
    0x00, 0x00, 0x00, 0x04, 0x00, 0x00, 0x00, 0x04, 0x00, 0x00, 0x00, 0x00, 0x00, 0x00, 0x00, 0x00,
    0x00, 0x00, 0x00, 0xBF, 0x00, 0x00, 0x00, 0x05, 0x00, 0x00, 0x00, 0x03, 0x00, 0x00, 0x00, 0x04,
    0x00, 0x00, 0x00, 0x05, 0x00, 0x00, 0x00, 0x00, 0x00, 0x00, 0x00, 0x00, 0x00, 0x00, 0x00, 0xC0,
    0x00, 0x00, 0x00, 0x06, 0x00, 0x00, 0x00, 0x04, 0x00, 0x00, 0x00, 0x04, 0x00, 0x00, 0x00, 0x06,
    0x00, 0x00, 0x00, 0x00, 0x00, 0x00, 0x00, 0x00, 0x00, 0x00, 0x00, 0xC1, 0x00, 0x00, 0x00, 0x06,
    0x00, 0x00, 0x00, 0x04, 0x00, 0x00, 0x00, 0x04, 0x00, 0x00, 0x00, 0x06, 0x00, 0x00, 0x00, 0x00,
    0x00, 0x00, 0x00, 0x00, 0x00, 0x00, 0x00, 0xC2, 0x00, 0x00, 0x00, 0x06, 0x00, 0x00, 0x00, 0x04,
    0x00, 0x00, 0x00, 0x04, 0x00, 0x00, 0x00, 0x06, 0x00, 0x00, 0x00, 0x00, 0x00, 0x00, 0x00, 0x00,
    0x00, 0x00, 0x00, 0xC3, 0x00, 0x00, 0x00, 0x07, 0x00, 0x00, 0x00, 0x04, 0x00, 0x00, 0x00, 0x04,
    0x00, 0x00, 0x00, 0x07, 0x00, 0x00, 0x00, 0x00, 0x00, 0x00, 0x00, 0x00, 0x00, 0x00, 0x00, 0xC4,
    0x00, 0x00, 0x00, 0x06, 0x00, 0x00, 0x00, 0x04, 0x00, 0x00, 0x00, 0x04, 0x00, 0x00, 0x00, 0x06,
    0x00, 0x00, 0x00, 0x00, 0x00, 0x00, 0x00, 0x00, 0x00, 0x00, 0x00, 0xC5, 0x00, 0x00, 0x00, 0x05,
    0x00, 0x00, 0x00, 0x04, 0x00, 0x00, 0x00, 0x04, 0x00, 0x00, 0x00, 0x05, 0x00, 0x00, 0x00, 0x00,
    0x00, 0x00, 0x00, 0x00, 0x00, 0x00, 0x00, 0xC6, 0x00, 0x00, 0x00, 0x04, 0x00, 0x00, 0x00, 0x04,
    0x00, 0x00, 0x00, 0x04, 0x00, 0x00, 0x00, 0x04, 0x00, 0x00, 0x00, 0x00, 0x00, 0x00, 0x00, 0x00,
    0x00, 0x00, 0x00, 0xC7, 0x00, 0x00, 0x00, 0x05, 0x00, 0x00, 0x00, 0x04, 0x00, 0x00, 0x00, 0x04,
    0x00, 0x00, 0x00, 0x04, 0x00, 0x00, 0x00, 0x00, 0x00, 0x00, 0x00, 0x00, 0x00, 0x00, 0x00, 0xC8,
    0x00, 0x00, 0x00, 0x06, 0x00, 0x00, 0x00, 0x04, 0x00, 0x00, 0x00, 0x04, 0x00, 0x00, 0x00, 0x06,
    0x00, 0x00, 0x00, 0x00, 0x00, 0x00, 0x00, 0x00, 0x00, 0x00, 0x00, 0xC9, 0x00, 0x00, 0x00, 0x06,
    0x00, 0x00, 0x00, 0x04, 0x00, 0x00, 0x00, 0x04, 0x00, 0x00, 0x00, 0x06, 0x00, 0x00, 0x00, 0x00,
    0x00, 0x00, 0x00, 0x00, 0x00, 0x00, 0x00, 0xCA, 0x00, 0x00, 0x00, 0x06, 0x00, 0x00, 0x00, 0x04,
    0x00, 0x00, 0x00, 0x04, 0x00, 0x00, 0x00, 0x06, 0x00, 0x00, 0x00, 0x00, 0x00, 0x00, 0x00, 0x00,
    0x00, 0x00, 0x00, 0xCB, 0x00, 0x00, 0x00, 0x06, 0x00, 0x00, 0x00, 0x04, 0x00, 0x00, 0x00, 0x04,
    0x00, 0x00, 0x00, 0x06, 0x00, 0x00, 0x00, 0x00, 0x00, 0x00, 0x00, 0x00, 0x00, 0x00, 0x00, 0xCC,
    0x00, 0x00, 0x00, 0x06, 0x00, 0x00, 0x00, 0x04, 0x00, 0x00, 0x00, 0x04, 0x00, 0x00, 0x00, 0x06,
    0x00, 0x00, 0x00, 0x00, 0x00, 0x00, 0x00, 0x00, 0x00, 0x00, 0x00, 0xCD, 0x00, 0x00, 0x00, 0x06,
    0x00, 0x00, 0x00, 0x04, 0x00, 0x00, 0x00, 0x04, 0x00, 0x00, 0x00, 0x06, 0x00, 0x00, 0x00, 0x00,
    0x00, 0x00, 0x00, 0x00, 0x00, 0x00, 0x00, 0xCE, 0x00, 0x00, 0x00, 0x06, 0x00, 0x00, 0x00, 0x04,
    0x00, 0x00, 0x00, 0x04, 0x00, 0x00, 0x00, 0x06, 0x00, 0x00, 0x00, 0x00, 0x00, 0x00, 0x00, 0x00,
    0x00, 0x00, 0x00, 0xCF, 0x00, 0x00, 0x00, 0x06, 0x00, 0x00, 0x00, 0x04, 0x00, 0x00, 0x00, 0x04,
    0x00, 0x00, 0x00, 0x06, 0x00, 0x00, 0x00, 0x00, 0x00, 0x00, 0x00, 0x00, 0x00, 0x00, 0x00, 0xD0,
    0x00, 0x00, 0x00, 0x04, 0x00, 0x00, 0x00, 0x04, 0x00, 0x00, 0x00, 0x04, 0x00, 0x00, 0x00, 0x04,
    0x00, 0x00, 0x00, 0x00, 0x00, 0x00, 0x00, 0x00, 0x00, 0x00, 0x00, 0xD1, 0x00, 0x00, 0x00, 0x07,
    0x00, 0x00, 0x00, 0x04, 0x00, 0x00, 0x00, 0x04, 0x00, 0x00, 0x00, 0x07, 0x00, 0x00, 0x00, 0x00,
    0x00, 0x00, 0x00, 0x00, 0x00, 0x00, 0x00, 0xD2, 0x00, 0x00, 0x00, 0x06, 0x00, 0x00, 0x00, 0x04,
    0x00, 0x00, 0x00, 0x04, 0x00, 0x00, 0x00, 0x06, 0x00, 0x00, 0x00, 0x00, 0x00, 0x00, 0x00, 0x00,
    0x00, 0x00, 0x00, 0xD3, 0x00, 0x00, 0x00, 0x06, 0x00, 0x00, 0x00, 0x04, 0x00, 0x00, 0x00, 0x04,
    0x00, 0x00, 0x00, 0x06, 0x00, 0x00, 0x00, 0x00, 0x00, 0x00, 0x00, 0x00, 0x00, 0x00, 0x00, 0xD4,
    0x00, 0x00, 0x00, 0x06, 0x00, 0x00, 0x00, 0x04, 0x00, 0x00, 0x00, 0x04, 0x00, 0x00, 0x00, 0x06,
    0x00, 0x00, 0x00, 0x00, 0x00, 0x00, 0x00, 0x00, 0x00, 0x00, 0x00, 0xD5, 0x00, 0x00, 0x00, 0x07,
    0x00, 0x00, 0x00, 0x04, 0x00, 0x00, 0x00, 0x04, 0x00, 0x00, 0x00, 0x07, 0x00, 0x00, 0x00, 0x00,
    0x00, 0x00, 0x00, 0x00, 0x00, 0x00, 0x00, 0xD6, 0x00, 0x00, 0x00, 0x06, 0x00, 0x00, 0x00, 0x04,
    0x00, 0x00, 0x00, 0x04, 0x00, 0x00, 0x00, 0x06, 0x00, 0x00, 0x00, 0x00, 0x00, 0x00, 0x00, 0x00,
    0x00, 0x00, 0x00, 0xD7, 0x00, 0x00, 0x00, 0x03, 0x00, 0x00, 0x00, 0x04, 0x00, 0x00, 0x00, 0x04,
    0x00, 0x00, 0x00, 0x03, 0x00, 0x00, 0x00, 0x00, 0x00, 0x00, 0x00, 0x00, 0x00, 0x00, 0x00, 0xD8,
    0x00, 0x00, 0x00, 0x06, 0x00, 0x00, 0x00, 0x04, 0x00, 0x00, 0x00, 0x04, 0x00, 0x00, 0x00, 0x05,
    0x00, 0x00, 0x00, 0x00, 0x00, 0x00, 0x00, 0x00, 0x00, 0x00, 0x00, 0xD9, 0x00, 0x00, 0x00, 0x06,
    0x00, 0x00, 0x00, 0x04, 0x00, 0x00, 0x00, 0x04, 0x00, 0x00, 0x00, 0x06, 0x00, 0x00, 0x00, 0x00,
    0x00, 0x00, 0x00, 0x00, 0x00, 0x00, 0x00, 0xDA, 0x00, 0x00, 0x00, 0x06, 0x00, 0x00, 0x00, 0x04,
    0x00, 0x00, 0x00, 0x04, 0x00, 0x00, 0x00, 0x06, 0x00, 0x00, 0x00, 0x00, 0x00, 0x00, 0x00, 0x00,
    0x00, 0x00, 0x00, 0xDB, 0x00, 0x00, 0x00, 0x06, 0x00, 0x00, 0x00, 0x04, 0x00, 0x00, 0x00, 0x04,
    0x00, 0x00, 0x00, 0x06, 0x00, 0x00, 0x00, 0x00, 0x00, 0x00, 0x00, 0x00, 0x00, 0x00, 0x00, 0xDC,
    0x00, 0x00, 0x00, 0x06, 0x00, 0x00, 0x00, 0x04, 0x00, 0x00, 0x00, 0x04, 0x00, 0x00, 0x00, 0x06,
    0x00, 0x00, 0x00, 0x00, 0x00, 0x00, 0x00, 0x00, 0x00, 0x00, 0x00, 0xDD, 0x00, 0x00, 0x00, 0x06,
    0x00, 0x00, 0x00, 0x04, 0x00, 0x00, 0x00, 0x04, 0x00, 0x00, 0x00, 0x06, 0x00, 0x00, 0x00, 0x00,
    0x00, 0x00, 0x00, 0x00, 0x00, 0x00, 0x00, 0xDE, 0x00, 0x00, 0x00, 0x04, 0x00, 0x00, 0x00, 0x04,
    0x00, 0x00, 0x00, 0x04, 0x00, 0x00, 0x00, 0x04, 0x00, 0x00, 0x00, 0x00, 0x00, 0x00, 0x00, 0x00,
    0x00, 0x00, 0x00, 0xDF, 0x00, 0x00, 0x00, 0x04, 0x00, 0x00, 0x00, 0x04, 0x00, 0x00, 0x00, 0x04,
    0x00, 0x00, 0x00, 0x04, 0x00, 0x00, 0x00, 0x00, 0x00, 0x00, 0x00, 0x00, 0x00, 0x00, 0x00, 0xE0,
    0x00, 0x00, 0x00, 0x05, 0x00, 0x00, 0x00, 0x04, 0x00, 0x00, 0x00, 0x04, 0x00, 0x00, 0x00, 0x05,
    0x00, 0x00, 0x00, 0x00, 0x00, 0x00, 0x00, 0x00, 0x00, 0x00, 0x00, 0xE1, 0x00, 0x00, 0x00, 0x05,
    0x00, 0x00, 0x00, 0x04, 0x00, 0x00, 0x00, 0x04, 0x00, 0x00, 0x00, 0x05, 0x00, 0x00, 0x00, 0x00,
    0x00, 0x00, 0x00, 0x00, 0x00, 0x00, 0x00, 0xE2, 0x00, 0x00, 0x00, 0x05, 0x00, 0x00, 0x00, 0x04,
    0x00, 0x00, 0x00, 0x04, 0x00, 0x00, 0x00, 0x05, 0x00, 0x00, 0x00, 0x00, 0x00, 0x00, 0x00, 0x00,
    0x00, 0x00, 0x00, 0xE3, 0x00, 0x00, 0x00, 0x06, 0x00, 0x00, 0x00, 0x04, 0x00, 0x00, 0x00, 0x04,
    0x00, 0x00, 0x00, 0x06, 0x00, 0x00, 0x00, 0x00, 0x00, 0x00, 0x00, 0x00, 0x00, 0x00, 0x00, 0xE4,
    0x00, 0x00, 0x00, 0x05, 0x00, 0x00, 0x00, 0x04, 0x00, 0x00, 0x00, 0x04, 0x00, 0x00, 0x00, 0x05,
    0x00, 0x00, 0x00, 0x00, 0x00, 0x00, 0x00, 0x00, 0x00, 0x00, 0x00, 0xE5, 0x00, 0x00, 0x00, 0x06,
    0x00, 0x00, 0x00, 0x04, 0x00, 0x00, 0x00, 0x04, 0x00, 0x00, 0x00, 0x06, 0x00, 0x00, 0x00, 0x00,
    0x00, 0x00, 0x00, 0x00, 0x00, 0x00, 0x00, 0xE6, 0x00, 0x00, 0x00, 0x03, 0x00, 0x00, 0x00, 0x04,
    0x00, 0x00, 0x00, 0x04, 0x00, 0x00, 0x00, 0x03, 0x00, 0x00, 0x00, 0x00, 0x00, 0x00, 0x00, 0x00,
    0x00, 0x00, 0x00, 0xE7, 0x00, 0x00, 0x00, 0x04, 0x00, 0x00, 0x00, 0x04, 0x00, 0x00, 0x00, 0x04,
    0x00, 0x00, 0x00, 0x03, 0x00, 0x00, 0x00, 0x00, 0x00, 0x00, 0x00, 0x00, 0x00, 0x00, 0x00, 0xE8,
    0x00, 0x00, 0x00, 0x05, 0x00, 0x00, 0x00, 0x04, 0x00, 0x00, 0x00, 0x04, 0x00, 0x00, 0x00, 0x05,
    0x00, 0x00, 0x00, 0x00, 0x00, 0x00, 0x00, 0x00, 0x00, 0x00, 0x00, 0xE9, 0x00, 0x00, 0x00, 0x05,
    0x00, 0x00, 0x00, 0x04, 0x00, 0x00, 0x00, 0x04, 0x00, 0x00, 0x00, 0x05, 0x00, 0x00, 0x00, 0x00,
    0x00, 0x00, 0x00, 0x00, 0x00, 0x00, 0x00, 0xEA, 0x00, 0x00, 0x00, 0x05, 0x00, 0x00, 0x00, 0x04,
    0x00, 0x00, 0x00, 0x04, 0x00, 0x00, 0x00, 0x05, 0x00, 0x00, 0x00, 0x00, 0x00, 0x00, 0x00, 0x00,
    0x00, 0x00, 0x00, 0xEB, 0x00, 0x00, 0x00, 0x05, 0x00, 0x00, 0x00, 0x04, 0x00, 0x00, 0x00, 0x04,
    0x00, 0x00, 0x00, 0x05, 0x00, 0x00, 0x00, 0x00, 0x00, 0x00, 0x00, 0x00, 0x00, 0x00, 0x00, 0xEC,
    0x00, 0x00, 0x00, 0x05, 0x00, 0x00, 0x00, 0x04, 0x00, 0x00, 0x00, 0x04, 0x00, 0x00, 0x00, 0x05,
    0x00, 0x00, 0x00, 0x00, 0x00, 0x00, 0x00, 0x00, 0x00, 0x00, 0x00, 0xED, 0x00, 0x00, 0x00, 0x05,
    0x00, 0x00, 0x00, 0x04, 0x00, 0x00, 0x00, 0x04, 0x00, 0x00, 0x00, 0x05, 0x00, 0x00, 0x00, 0x00,
    0x00, 0x00, 0x00, 0x00, 0x00, 0x00, 0x00, 0xEE, 0x00, 0x00, 0x00, 0x05, 0x00, 0x00, 0x00, 0x04,
    0x00, 0x00, 0x00, 0x04, 0x00, 0x00, 0x00, 0x05, 0x00, 0x00, 0x00, 0x00, 0x00, 0x00, 0x00, 0x00,
    0x00, 0x00, 0x00, 0xEF, 0x00, 0x00, 0x00, 0x05, 0x00, 0x00, 0x00, 0x04, 0x00, 0x00, 0x00, 0x04,
    0x00, 0x00, 0x00, 0x05, 0x00, 0x00, 0x00, 0x00, 0x00, 0x00, 0x00, 0x00, 0x00, 0x00, 0x00, 0xF0,
    0x00, 0x00, 0x00, 0x04, 0x00, 0x00, 0x00, 0x04, 0x00, 0x00, 0x00, 0x04, 0x00, 0x00, 0x00, 0x04,
    0x00, 0x00, 0x00, 0x00, 0x00, 0x00, 0x00, 0x00, 0x00, 0x00, 0x00, 0xF1, 0x00, 0x00, 0x00, 0x06,
    0x00, 0x00, 0x00, 0x04, 0x00, 0x00, 0x00, 0x04, 0x00, 0x00, 0x00, 0x06, 0x00, 0x00, 0x00, 0x00,
    0x00, 0x00, 0x00, 0x00, 0x00, 0x00, 0x00, 0xF2, 0x00, 0x00, 0x00, 0x05, 0x00, 0x00, 0x00, 0x04,
    0x00, 0x00, 0x00, 0x04, 0x00, 0x00, 0x00, 0x05, 0x00, 0x00, 0x00, 0x00, 0x00, 0x00, 0x00, 0x00,
    0x00, 0x00, 0x00, 0xF3, 0x00, 0x00, 0x00, 0x05, 0x00, 0x00, 0x00, 0x04, 0x00, 0x00, 0x00, 0x04,
    0x00, 0x00, 0x00, 0x05, 0x00, 0x00, 0x00, 0x00, 0x00, 0x00, 0x00, 0x00, 0x00, 0x00, 0x00, 0xF4,
    0x00, 0x00, 0x00, 0x05, 0x00, 0x00, 0x00, 0x04, 0x00, 0x00, 0x00, 0x04, 0x00, 0x00, 0x00, 0x05,
    0x00, 0x00, 0x00, 0x00, 0x00, 0x00, 0x00, 0x00, 0x00, 0x00, 0x00, 0xF5, 0x00, 0x00, 0x00, 0x06,
    0x00, 0x00, 0x00, 0x04, 0x00, 0x00, 0x00, 0x04, 0x00, 0x00, 0x00, 0x06, 0x00, 0x00, 0x00, 0x00,
    0x00, 0x00, 0x00, 0x00, 0x00, 0x00, 0x00, 0xF6, 0x00, 0x00, 0x00, 0x05, 0x00, 0x00, 0x00, 0x04,
    0x00, 0x00, 0x00, 0x04, 0x00, 0x00, 0x00, 0x05, 0x00, 0x00, 0x00, 0x00, 0x00, 0x00, 0x00, 0x00,
    0x00, 0x00, 0x00, 0xF7, 0x00, 0x00, 0x00, 0x03, 0x00, 0x00, 0x00, 0x04, 0x00, 0x00, 0x00, 0x04,
    0x00, 0x00, 0x00, 0x03, 0x00, 0x00, 0x00, 0x00, 0x00, 0x00, 0x00, 0x00, 0x00, 0x00, 0x00, 0xF8,
    0x00, 0x00, 0x00, 0x05, 0x00, 0x00, 0x00, 0x04, 0x00, 0x00, 0x00, 0x04, 0x00, 0x00, 0x00, 0x04,
    0x00, 0x00, 0x00, 0x00, 0x00, 0x00, 0x00, 0x00, 0x00, 0x00, 0x00, 0xF9, 0x00, 0x00, 0x00, 0x05,
    0x00, 0x00, 0x00, 0x04, 0x00, 0x00, 0x00, 0x04, 0x00, 0x00, 0x00, 0x05, 0x00, 0x00, 0x00, 0x00,
    0x00, 0x00, 0x00, 0x00, 0x00, 0x00, 0x00, 0xFA, 0x00, 0x00, 0x00, 0x05, 0x00, 0x00, 0x00, 0x04,
    0x00, 0x00, 0x00, 0x04, 0x00, 0x00, 0x00, 0x05, 0x00, 0x00, 0x00, 0x00, 0x00, 0x00, 0x00, 0x00,
    0x00, 0x00, 0x00, 0xFB, 0x00, 0x00, 0x00, 0x05, 0x00, 0x00, 0x00, 0x04, 0x00, 0x00, 0x00, 0x04,
    0x00, 0x00, 0x00, 0x05, 0x00, 0x00, 0x00, 0x00, 0x00, 0x00, 0x00, 0x00, 0x00, 0x00, 0x00, 0xFC,
    0x00, 0x00, 0x00, 0x05, 0x00, 0x00, 0x00, 0x04, 0x00, 0x00, 0x00, 0x04, 0x00, 0x00, 0x00, 0x05,
    0x00, 0x00, 0x00, 0x00, 0x00, 0x00, 0x00, 0x00, 0x00, 0x00, 0x00, 0xFD, 0x00, 0x00, 0x00, 0x06,
    0x00, 0x00, 0x00, 0x04, 0x00, 0x00, 0x00, 0x04, 0x00, 0x00, 0x00, 0x05, 0x00, 0x00, 0x00, 0x00,
    0x00, 0x00, 0x00, 0x00, 0x00, 0x00, 0x00, 0xFE, 0x00, 0x00, 0x00, 0x05, 0x00, 0x00, 0x00, 0x04,
    0x00, 0x00, 0x00, 0x04, 0x00, 0x00, 0x00, 0x04, 0x00, 0x00, 0x00, 0x00, 0x00, 0x00, 0x00, 0x00,
    0x00, 0x00, 0x00, 0xFF, 0x00, 0x00, 0x00, 0x06, 0x00, 0x00, 0x00, 0x04, 0x00, 0x00, 0x00, 0x04,
    0x00, 0x00, 0x00, 0x05, 0x00, 0x00, 0x00, 0x00, 0x00, 0x00, 0x00, 0x00, 0x00, 0x00, 0x20, 0x13,
    0x00, 0x00, 0x00, 0x01, 0x00, 0x00, 0x00, 0x03, 0x00, 0x00, 0x00, 0x04, 0x00, 0x00, 0x00, 0x02,
    0x00, 0x00, 0x00, 0x00, 0x00, 0x00, 0x00, 0x00, 0x00, 0x00, 0x20, 0x14, 0x00, 0x00, 0x00, 0x01,
    0x00, 0x00, 0x00, 0x04, 0x00, 0x00, 0x00, 0x04, 0x00, 0x00, 0x00, 0x02, 0x00, 0x00, 0x00, 0x00,
    0x00, 0x00, 0x00, 0x00, 0x00, 0x00, 0x20, 0x18, 0x00, 0x00, 0x00, 0x02, 0x00, 0x00, 0x00, 0x02,
    0x00, 0x00, 0x00, 0x04, 0x00, 0x00, 0x00, 0x04, 0x00, 0x00, 0x00, 0x01, 0x00, 0x00, 0x00, 0x00,
    0x00, 0x00, 0x20, 0x19, 0x00, 0x00, 0x00, 0x02, 0x00, 0x00, 0x00, 0x02, 0x00, 0x00, 0x00, 0x04,
    0x00, 0x00, 0x00, 0x04, 0x00, 0x00, 0x00, 0x01, 0x00, 0x00, 0x00, 0x00, 0x00, 0x00, 0x20, 0x1C,
    0x00, 0x00, 0x00, 0x02, 0x00, 0x00, 0x00, 0x04, 0x00, 0x00, 0x00, 0x04, 0x00, 0x00, 0x00, 0x04,
    0x00, 0x00, 0x00, 0x00, 0x00, 0x00, 0x00, 0x00, 0x00, 0x00, 0x20, 0x1D, 0x00, 0x00, 0x00, 0x02,
    0x00, 0x00, 0x00, 0x04, 0x00, 0x00, 0x00, 0x04, 0x00, 0x00, 0x00, 0x04, 0x00, 0x00, 0x00, 0x00,
    0x00, 0x00, 0x00, 0x00, 0x00, 0x00, 0x20, 0x26, 0x00, 0x00, 0x00, 0x01, 0x00, 0x00, 0x00, 0x04,
    0x00, 0x00, 0x00, 0x04, 0x00, 0x00, 0x00, 0x01, 0x00, 0x00, 0x00, 0x00, 0x00, 0x00, 0x00, 0x00,
    0x00, 0x00, 0x20, 0xAC, 0x00, 0x00, 0x00, 0x04, 0x00, 0x00, 0x00, 0x04, 0x00, 0x00, 0x00, 0x04,
    0x00, 0x00, 0x00, 0x04, 0x00, 0x00, 0x00, 0x00, 0x00, 0x00, 0x00, 0x00, 0x00, 0x00, 0x21, 0x90,
    0x00, 0x00, 0x00, 0x03, 0x00, 0x00, 0x00, 0x04, 0x00, 0x00, 0x00, 0x04, 0x00, 0x00, 0x00, 0x03,
    0x00, 0x00, 0x00, 0x00, 0x00, 0x00, 0x00, 0x00, 0x00, 0x00, 0x21, 0x91, 0x00, 0x00, 0x00, 0x04,
    0x00, 0x00, 0x00, 0x03, 0x00, 0x00, 0x00, 0x04, 0x00, 0x00, 0x00, 0x04, 0x00, 0x00, 0x00, 0x00,
    0x00, 0x00, 0x00, 0x00, 0x00, 0x00, 0x21, 0x92, 0x00, 0x00, 0x00, 0x03, 0x00, 0x00, 0x00, 0x04,
    0x00, 0x00, 0x00, 0x04, 0x00, 0x00, 0x00, 0x03, 0x00, 0x00, 0x00, 0x00, 0x00, 0x00, 0x00, 0x00,
    0x00, 0x00, 0x21, 0x93, 0x00, 0x00, 0x00, 0x04, 0x00, 0x00, 0x00, 0x03, 0x00, 0x00, 0x00, 0x04,
    0x00, 0x00, 0x00, 0x04, 0x00, 0x00, 0x00, 0x00, 0x00, 0x00, 0x00, 0x00, 0x00, 0x00, 0x21, 0x94,
    0x00, 0x00, 0x00, 0x03, 0x00, 0x00, 0x00, 0x04, 0x00, 0x00, 0x00, 0x04, 0x00, 0x00, 0x00, 0x03,
    0x00, 0x00, 0x00, 0x00, 0x00, 0x00, 0x00, 0x00, 0x00, 0x00, 0x21, 0x95, 0x00, 0x00, 0x00, 0x04,
    0x00, 0x00, 0x00, 0x03, 0x00, 0x00, 0x00, 0x04, 0x00, 0x00, 0x00, 0x04, 0x00, 0x00, 0x00, 0x00,
    0x00, 0x00, 0x00, 0x00, 0x00, 0x00, 0x21, 0xE9, 0x00, 0x00, 0x00, 0x04, 0x00, 0x00, 0x00, 0x04,
    0x00, 0x00, 0x00, 0x04, 0x00, 0x00, 0x00, 0x04, 0x00, 0x00, 0x00, 0x00, 0x00, 0x00, 0x00, 0x00,
    0x00, 0x00, 0x22, 0x60, 0x00, 0x00, 0x00, 0x04, 0x00, 0x00, 0x00, 0x04, 0x00, 0x00, 0x00, 0x04,
    0x00, 0x00, 0x00, 0x04, 0x00, 0x00, 0x00, 0x00, 0x00, 0x00, 0x00, 0x00, 0x00, 0x00, 0x22, 0x61,
    0x00, 0x00, 0x00, 0x04, 0x00, 0x00, 0x00, 0x04, 0x00, 0x00, 0x00, 0x04, 0x00, 0x00, 0x00, 0x04,
    0x00, 0x00, 0x00, 0x00, 0x00, 0x00, 0x00, 0x00, 0x00, 0x00, 0x22, 0x64, 0x00, 0x00, 0x00, 0x04,
    0x00, 0x00, 0x00, 0x04, 0x00, 0x00, 0x00, 0x04, 0x00, 0x00, 0x00, 0x04, 0x00, 0x00, 0x00, 0x00,
    0x00, 0x00, 0x00, 0x00, 0x00, 0x00, 0x22, 0x65, 0x00, 0x00, 0x00, 0x04, 0x00, 0x00, 0x00, 0x04,
    0x00, 0x00, 0x00, 0x04, 0x00, 0x00, 0x00, 0x04, 0x00, 0x00, 0x00, 0x00, 0x00, 0x00, 0x00, 0x00,
    0x00, 0x00, 0x23, 0x15, 0x00, 0x00, 0x00, 0x05, 0x00, 0x00, 0x00, 0x04, 0x00, 0x00, 0x00, 0x05,
    0x00, 0x00, 0x00, 0x05, 0x00, 0x00, 0x00, 0x00, 0x00, 0x00, 0x00, 0x00, 0x00, 0x00, 0x23, 0xCE,
    0x00, 0x00, 0x00, 0x05, 0x00, 0x00, 0x00, 0x05, 0x00, 0x00, 0x00, 0x05, 0x00, 0x00, 0x00, 0x05,
    0x00, 0x00, 0x00, 0x00, 0x00, 0x00, 0x00, 0x00, 0x00, 0x00, 0x25, 0x00, 0x00, 0x00, 0x00, 0x01,
    0x00, 0x00, 0x00, 0x04, 0x00, 0x00, 0x00, 0x04, 0x00, 0x00, 0x00, 0x03, 0x00, 0x00, 0x00, 0x00,
    0x00, 0x00, 0x00, 0x00, 0x00, 0x00, 0x25, 0x01, 0x00, 0x00, 0x00, 0x02, 0x00, 0x00, 0x00, 0x04,
    0x00, 0x00, 0x00, 0x04, 0x00, 0x00, 0x00, 0x03, 0x00, 0x00, 0x00, 0x00, 0x00, 0x00, 0x00, 0x00,
    0x00, 0x00, 0x25, 0x02, 0x00, 0x00, 0x00, 0x08, 0x00, 0x00, 0x00, 0x01, 0x00, 0x00, 0x00, 0x04,
    0x00, 0x00, 0x00, 0x06, 0x00, 0x00, 0x00, 0x01, 0x00, 0x00, 0x00, 0x00, 0x00, 0x00, 0x25, 0x03,
    0x00, 0x00, 0x00, 0x08, 0x00, 0x00, 0x00, 0x02, 0x00, 0x00, 0x00, 0x04, 0x00, 0x00, 0x00, 0x06,
    0x00, 0x00, 0x00, 0x01, 0x00, 0x00, 0x00, 0x00, 0x00, 0x00, 0x25, 0x04, 0x00, 0x00, 0x00, 0x01,
    0x00, 0x00, 0x00, 0x04, 0x00, 0x00, 0x00, 0x04, 0x00, 0x00, 0x00, 0x03, 0x00, 0x00, 0x00, 0x00,
    0x00, 0x00, 0x00, 0x00, 0x00, 0x00, 0x25, 0x05, 0x00, 0x00, 0x00, 0x02, 0x00, 0x00, 0x00, 0x04,
    0x00, 0x00, 0x00, 0x04, 0x00, 0x00, 0x00, 0x03, 0x00, 0x00, 0x00, 0x00, 0x00, 0x00, 0x00, 0x00,
    0x00, 0x00, 0x25, 0x06, 0x00, 0x00, 0x00, 0x08, 0x00, 0x00, 0x00, 0x01, 0x00, 0x00, 0x00, 0x04,
    0x00, 0x00, 0x00, 0x06, 0x00, 0x00, 0x00, 0x01, 0x00, 0x00, 0x00, 0x00, 0x00, 0x00, 0x25, 0x07,
    0x00, 0x00, 0x00, 0x08, 0x00, 0x00, 0x00, 0x02, 0x00, 0x00, 0x00, 0x04, 0x00, 0x00, 0x00, 0x06,
    0x00, 0x00, 0x00, 0x01, 0x00, 0x00, 0x00, 0x00, 0x00, 0x00, 0x25, 0x08, 0x00, 0x00, 0x00, 0x01,
    0x00, 0x00, 0x00, 0x04, 0x00, 0x00, 0x00, 0x04, 0x00, 0x00, 0x00, 0x03, 0x00, 0x00, 0x00, 0x00,
    0x00, 0x00, 0x00, 0x00, 0x00, 0x00, 0x25, 0x09, 0x00, 0x00, 0x00, 0x02, 0x00, 0x00, 0x00, 0x04,
    0x00, 0x00, 0x00, 0x04, 0x00, 0x00, 0x00, 0x03, 0x00, 0x00, 0x00, 0x00, 0x00, 0x00, 0x00, 0x00,
    0x00, 0x00, 0x25, 0x0A, 0x00, 0x00, 0x00, 0x08, 0x00, 0x00, 0x00, 0x01, 0x00, 0x00, 0x00, 0x04,
    0x00, 0x00, 0x00, 0x06, 0x00, 0x00, 0x00, 0x01, 0x00, 0x00, 0x00, 0x00, 0x00, 0x00, 0x25, 0x0B,
    0x00, 0x00, 0x00, 0x08, 0x00, 0x00, 0x00, 0x02, 0x00, 0x00, 0x00, 0x04, 0x00, 0x00, 0x00, 0x06,
    0x00, 0x00, 0x00, 0x01, 0x00, 0x00, 0x00, 0x00, 0x00, 0x00, 0x25, 0x0C, 0x00, 0x00, 0x00, 0x05,
    0x00, 0x00, 0x00, 0x03, 0x00, 0x00, 0x00, 0x04, 0x00, 0x00, 0x00, 0x03, 0x00, 0x00, 0x00, 0x01,
    0x00, 0x00, 0x00, 0x00, 0x00, 0x00, 0x25, 0x0D, 0x00, 0x00, 0x00, 0x05, 0x00, 0x00, 0x00, 0x03,
    0x00, 0x00, 0x00, 0x04, 0x00, 0x00, 0x00, 0x03, 0x00, 0x00, 0x00, 0x01, 0x00, 0x00, 0x00, 0x00,
    0x00, 0x00, 0x25, 0x0E, 0x00, 0x00, 0x00, 0x05, 0x00, 0x00, 0x00, 0x03, 0x00, 0x00, 0x00, 0x04,
    0x00, 0x00, 0x00, 0x03, 0x00, 0x00, 0x00, 0x01, 0x00, 0x00, 0x00, 0x00, 0x00, 0x00, 0x25, 0x0F,
    0x00, 0x00, 0x00, 0x05, 0x00, 0x00, 0x00, 0x03, 0x00, 0x00, 0x00, 0x04, 0x00, 0x00, 0x00, 0x03,
    0x00, 0x00, 0x00, 0x01, 0x00, 0x00, 0x00, 0x00, 0x00, 0x00, 0x25, 0x10, 0x00, 0x00, 0x00, 0x05,
    0x00, 0x00, 0x00, 0x04, 0x00, 0x00, 0x00, 0x04, 0x00, 0x00, 0x00, 0x03, 0x00, 0x00, 0x00, 0x00,
    0x00, 0x00, 0x00, 0x00, 0x00, 0x00, 0x25, 0x11, 0x00, 0x00, 0x00, 0x05, 0x00, 0x00, 0x00, 0x04,
    0x00, 0x00, 0x00, 0x04, 0x00, 0x00, 0x00, 0x03, 0x00, 0x00, 0x00, 0x00, 0x00, 0x00, 0x00, 0x00,
    0x00, 0x00, 0x25, 0x12, 0x00, 0x00, 0x00, 0x05, 0x00, 0x00, 0x00, 0x04, 0x00, 0x00, 0x00, 0x04,
    0x00, 0x00, 0x00, 0x03, 0x00, 0x00, 0x00, 0x00, 0x00, 0x00, 0x00, 0x00, 0x00, 0x00, 0x25, 0x13,
    0x00, 0x00, 0x00, 0x05, 0x00, 0x00, 0x00, 0x04, 0x00, 0x00, 0x00, 0x04, 0x00, 0x00, 0x00, 0x03,
    0x00, 0x00, 0x00, 0x00, 0x00, 0x00, 0x00, 0x00, 0x00, 0x00, 0x25, 0x14, 0x00, 0x00, 0x00, 0x04,
    0x00, 0x00, 0x00, 0x03, 0x00, 0x00, 0x00, 0x04, 0x00, 0x00, 0x00, 0x06, 0x00, 0x00, 0x00, 0x01,
    0x00, 0x00, 0x00, 0x00, 0x00, 0x00, 0x25, 0x15, 0x00, 0x00, 0x00, 0x05, 0x00, 0x00, 0x00, 0x03,
    0x00, 0x00, 0x00, 0x04, 0x00, 0x00, 0x00, 0x06, 0x00, 0x00, 0x00, 0x01, 0x00, 0x00, 0x00, 0x00,
    0x00, 0x00, 0x25, 0x16, 0x00, 0x00, 0x00, 0x04, 0x00, 0x00, 0x00, 0x03, 0x00, 0x00, 0x00, 0x04,
    0x00, 0x00, 0x00, 0x06, 0x00, 0x00, 0x00, 0x01, 0x00, 0x00, 0x00, 0x00, 0x00, 0x00, 0x25, 0x17,
    0x00, 0x00, 0x00, 0x05, 0x00, 0x00, 0x00, 0x03, 0x00, 0x00, 0x00, 0x04, 0x00, 0x00, 0x00, 0x06,
    0x00, 0x00, 0x00, 0x01, 0x00, 0x00, 0x00, 0x00, 0x00, 0x00, 0x25, 0x18, 0x00, 0x00, 0x00, 0x04,
    0x00, 0x00, 0x00, 0x04, 0x00, 0x00, 0x00, 0x04, 0x00, 0x00, 0x00, 0x06, 0x00, 0x00, 0x00, 0x00,
    0x00, 0x00, 0x00, 0x00, 0x00, 0x00, 0x25, 0x19, 0x00, 0x00, 0x00, 0x05, 0x00, 0x00, 0x00, 0x04,
    0x00, 0x00, 0x00, 0x04, 0x00, 0x00, 0x00, 0x06, 0x00, 0x00, 0x00, 0x00, 0x00, 0x00, 0x00, 0x00,
    0x00, 0x00, 0x25, 0x1A, 0x00, 0x00, 0x00, 0x04, 0x00, 0x00, 0x00, 0x04, 0x00, 0x00, 0x00, 0x04,
    0x00, 0x00, 0x00, 0x06, 0x00, 0x00, 0x00, 0x00, 0x00, 0x00, 0x00, 0x00, 0x00, 0x00, 0x25, 0x1B,
    0x00, 0x00, 0x00, 0x05, 0x00, 0x00, 0x00, 0x04, 0x00, 0x00, 0x00, 0x04, 0x00, 0x00, 0x00, 0x06,
    0x00, 0x00, 0x00, 0x00, 0x00, 0x00, 0x00, 0x00, 0x00, 0x00, 0x25, 0x1C, 0x00, 0x00, 0x00, 0x08,
    0x00, 0x00, 0x00, 0x03, 0x00, 0x00, 0x00, 0x04, 0x00, 0x00, 0x00, 0x06, 0x00, 0x00, 0x00, 0x01,
    0x00, 0x00, 0x00, 0x00, 0x00, 0x00, 0x25, 0x1D, 0x00, 0x00, 0x00, 0x08, 0x00, 0x00, 0x00, 0x03,
    0x00, 0x00, 0x00, 0x04, 0x00, 0x00, 0x00, 0x06, 0x00, 0x00, 0x00, 0x01, 0x00, 0x00, 0x00, 0x00,
    0x00, 0x00, 0x25, 0x1E, 0x00, 0x00, 0x00, 0x08, 0x00, 0x00, 0x00, 0x03, 0x00, 0x00, 0x00, 0x04,
    0x00, 0x00, 0x00, 0x06, 0x00, 0x00, 0x00, 0x01, 0x00, 0x00, 0x00, 0x00, 0x00, 0x00, 0x25, 0x1F,
    0x00, 0x00, 0x00, 0x08, 0x00, 0x00, 0x00, 0x03, 0x00, 0x00, 0x00, 0x04, 0x00, 0x00, 0x00, 0x06,
    0x00, 0x00, 0x00, 0x01, 0x00, 0x00, 0x00, 0x00, 0x00, 0x00, 0x25, 0x20, 0x00, 0x00, 0x00, 0x08,
    0x00, 0x00, 0x00, 0x03, 0x00, 0x00, 0x00, 0x04, 0x00, 0x00, 0x00, 0x06, 0x00, 0x00, 0x00, 0x01,
    0x00, 0x00, 0x00, 0x00, 0x00, 0x00, 0x25, 0x21, 0x00, 0x00, 0x00, 0x08, 0x00, 0x00, 0x00, 0x03,
    0x00, 0x00, 0x00, 0x04, 0x00, 0x00, 0x00, 0x06, 0x00, 0x00, 0x00, 0x01, 0x00, 0x00, 0x00, 0x00,
    0x00, 0x00, 0x25, 0x22, 0x00, 0x00, 0x00, 0x08, 0x00, 0x00, 0x00, 0x03, 0x00, 0x00, 0x00, 0x04,
    0x00, 0x00, 0x00, 0x06, 0x00, 0x00, 0x00, 0x01, 0x00, 0x00, 0x00, 0x00, 0x00, 0x00, 0x25, 0x23,
    0x00, 0x00, 0x00, 0x08, 0x00, 0x00, 0x00, 0x03, 0x00, 0x00, 0x00, 0x04, 0x00, 0x00, 0x00, 0x06,
    0x00, 0x00, 0x00, 0x01, 0x00, 0x00, 0x00, 0x00, 0x00, 0x00, 0x25, 0x24, 0x00, 0x00, 0x00, 0x08,
    0x00, 0x00, 0x00, 0x04, 0x00, 0x00, 0x00, 0x04, 0x00, 0x00, 0x00, 0x06, 0x00, 0x00, 0x00, 0x00,
    0x00, 0x00, 0x00, 0x00, 0x00, 0x00, 0x25, 0x25, 0x00, 0x00, 0x00, 0x08, 0x00, 0x00, 0x00, 0x04,
    0x00, 0x00, 0x00, 0x04, 0x00, 0x00, 0x00, 0x06, 0x00, 0x00, 0x00, 0x00, 0x00, 0x00, 0x00, 0x00,
    0x00, 0x00, 0x25, 0x26, 0x00, 0x00, 0x00, 0x08, 0x00, 0x00, 0x00, 0x04, 0x00, 0x00, 0x00, 0x04,
    0x00, 0x00, 0x00, 0x06, 0x00, 0x00, 0x00, 0x00, 0x00, 0x00, 0x00, 0x00, 0x00, 0x00, 0x25, 0x27,
    0x00, 0x00, 0x00, 0x08, 0x00, 0x00, 0x00, 0x04, 0x00, 0x00, 0x00, 0x04, 0x00, 0x00, 0x00, 0x06,
    0x00, 0x00, 0x00, 0x00, 0x00, 0x00, 0x00, 0x00, 0x00, 0x00, 0x25, 0x28, 0x00, 0x00, 0x00, 0x08,
    0x00, 0x00, 0x00, 0x04, 0x00, 0x00, 0x00, 0x04, 0x00, 0x00, 0x00, 0x06, 0x00, 0x00, 0x00, 0x00,
    0x00, 0x00, 0x00, 0x00, 0x00, 0x00, 0x25, 0x29, 0x00, 0x00, 0x00, 0x08, 0x00, 0x00, 0x00, 0x04,
    0x00, 0x00, 0x00, 0x04, 0x00, 0x00, 0x00, 0x06, 0x00, 0x00, 0x00, 0x00, 0x00, 0x00, 0x00, 0x00,
    0x00, 0x00, 0x25, 0x2A, 0x00, 0x00, 0x00, 0x08, 0x00, 0x00, 0x00, 0x04, 0x00, 0x00, 0x00, 0x04,
    0x00, 0x00, 0x00, 0x06, 0x00, 0x00, 0x00, 0x00, 0x00, 0x00, 0x00, 0x00, 0x00, 0x00, 0x25, 0x2B,
    0x00, 0x00, 0x00, 0x08, 0x00, 0x00, 0x00, 0x04, 0x00, 0x00, 0x00, 0x04, 0x00, 0x00, 0x00, 0x06,
    0x00, 0x00, 0x00, 0x00, 0x00, 0x00, 0x00, 0x00, 0x00, 0x00, 0x25, 0x2C, 0x00, 0x00, 0x00, 0x05,
    0x00, 0x00, 0x00, 0x04, 0x00, 0x00, 0x00, 0x04, 0x00, 0x00, 0x00, 0x03, 0x00, 0x00, 0x00, 0x00,
    0x00, 0x00, 0x00, 0x00, 0x00, 0x00, 0x25, 0x2D, 0x00, 0x00, 0x00, 0x05, 0x00, 0x00, 0x00, 0x04,
    0x00, 0x00, 0x00, 0x04, 0x00, 0x00, 0x00, 0x03, 0x00, 0x00, 0x00, 0x00, 0x00, 0x00, 0x00, 0x00,
    0x00, 0x00, 0x25, 0x2E, 0x00, 0x00, 0x00, 0x05, 0x00, 0x00, 0x00, 0x04, 0x00, 0x00, 0x00, 0x04,
    0x00, 0x00, 0x00, 0x03, 0x00, 0x00, 0x00, 0x00, 0x00, 0x00, 0x00, 0x00, 0x00, 0x00, 0x25, 0x2F,
    0x00, 0x00, 0x00, 0x05, 0x00, 0x00, 0x00, 0x04, 0x00, 0x00, 0x00, 0x04, 0x00, 0x00, 0x00, 0x03,
    0x00, 0x00, 0x00, 0x00, 0x00, 0x00, 0x00, 0x00, 0x00, 0x00, 0x25, 0x30, 0x00, 0x00, 0x00, 0x05,
    0x00, 0x00, 0x00, 0x04, 0x00, 0x00, 0x00, 0x04, 0x00, 0x00, 0x00, 0x03, 0x00, 0x00, 0x00, 0x00,
    0x00, 0x00, 0x00, 0x00, 0x00, 0x00, 0x25, 0x31, 0x00, 0x00, 0x00, 0x05, 0x00, 0x00, 0x00, 0x04,
    0x00, 0x00, 0x00, 0x04, 0x00, 0x00, 0x00, 0x03, 0x00, 0x00, 0x00, 0x00, 0x00, 0x00, 0x00, 0x00,
    0x00, 0x00, 0x25, 0x32, 0x00, 0x00, 0x00, 0x05, 0x00, 0x00, 0x00, 0x04, 0x00, 0x00, 0x00, 0x04,
    0x00, 0x00, 0x00, 0x03, 0x00, 0x00, 0x00, 0x00, 0x00, 0x00, 0x00, 0x00, 0x00, 0x00, 0x25, 0x33,
    0x00, 0x00, 0x00, 0x05, 0x00, 0x00, 0x00, 0x04, 0x00, 0x00, 0x00, 0x04, 0x00, 0x00, 0x00, 0x03,
    0x00, 0x00, 0x00, 0x00, 0x00, 0x00, 0x00, 0x00, 0x00, 0x00, 0x25, 0x34, 0x00, 0x00, 0x00, 0x04,
    0x00, 0x00, 0x00, 0x04, 0x00, 0x00, 0x00, 0x04, 0x00, 0x00, 0x00, 0x06, 0x00, 0x00, 0x00, 0x00,
    0x00, 0x00, 0x00, 0x00, 0x00, 0x00, 0x25, 0x35, 0x00, 0x00, 0x00, 0x05, 0x00, 0x00, 0x00, 0x04,
    0x00, 0x00, 0x00, 0x04, 0x00, 0x00, 0x00, 0x06, 0x00, 0x00, 0x00, 0x00, 0x00, 0x00, 0x00, 0x00,
    0x00, 0x00, 0x25, 0x36, 0x00, 0x00, 0x00, 0x05, 0x00, 0x00, 0x00, 0x04, 0x00, 0x00, 0x00, 0x04,
    0x00, 0x00, 0x00, 0x06, 0x00, 0x00, 0x00, 0x00, 0x00, 0x00, 0x00, 0x00, 0x00, 0x00, 0x25, 0x37,
    0x00, 0x00, 0x00, 0x05, 0x00, 0x00, 0x00, 0x04, 0x00, 0x00, 0x00, 0x04, 0x00, 0x00, 0x00, 0x06,
    0x00, 0x00, 0x00, 0x00, 0x00, 0x00, 0x00, 0x00, 0x00, 0x00, 0x25, 0x38, 0x00, 0x00, 0x00, 0x04,
    0x00, 0x00, 0x00, 0x04, 0x00, 0x00, 0x00, 0x04, 0x00, 0x00, 0x00, 0x06, 0x00, 0x00, 0x00, 0x00,
    0x00, 0x00, 0x00, 0x00, 0x00, 0x00, 0x25, 0x39, 0x00, 0x00, 0x00, 0x05, 0x00, 0x00, 0x00, 0x04,
    0x00, 0x00, 0x00, 0x04, 0x00, 0x00, 0x00, 0x06, 0x00, 0x00, 0x00, 0x00, 0x00, 0x00, 0x00, 0x00,
    0x00, 0x00, 0x25, 0x3A, 0x00, 0x00, 0x00, 0x05, 0x00, 0x00, 0x00, 0x04, 0x00, 0x00, 0x00, 0x04,
    0x00, 0x00, 0x00, 0x06, 0x00, 0x00, 0x00, 0x00, 0x00, 0x00, 0x00, 0x00, 0x00, 0x00, 0x25, 0x3B,
    0x00, 0x00, 0x00, 0x05, 0x00, 0x00, 0x00, 0x04, 0x00, 0x00, 0x00, 0x04, 0x00, 0x00, 0x00, 0x06,
    0x00, 0x00, 0x00, 0x00, 0x00, 0x00, 0x00, 0x00, 0x00, 0x00, 0x25, 0x3C, 0x00, 0x00, 0x00, 0x08,
    0x00, 0x00, 0x00, 0x04, 0x00, 0x00, 0x00, 0x04, 0x00, 0x00, 0x00, 0x06, 0x00, 0x00, 0x00, 0x00,
    0x00, 0x00, 0x00, 0x00, 0x00, 0x00, 0x25, 0x3D, 0x00, 0x00, 0x00, 0x08, 0x00, 0x00, 0x00, 0x04,
    0x00, 0x00, 0x00, 0x04, 0x00, 0x00, 0x00, 0x06, 0x00, 0x00, 0x00, 0x00, 0x00, 0x00, 0x00, 0x00,
    0x00, 0x00, 0x25, 0x3E, 0x00, 0x00, 0x00, 0x08, 0x00, 0x00, 0x00, 0x04, 0x00, 0x00, 0x00, 0x04,
    0x00, 0x00, 0x00, 0x06, 0x00, 0x00, 0x00, 0x00, 0x00, 0x00, 0x00, 0x00, 0x00, 0x00, 0x25, 0x3F,
    0x00, 0x00, 0x00, 0x08, 0x00, 0x00, 0x00, 0x04, 0x00, 0x00, 0x00, 0x04, 0x00, 0x00, 0x00, 0x06,
    0x00, 0x00, 0x00, 0x00, 0x00, 0x00, 0x00, 0x00, 0x00, 0x00, 0x25, 0x40, 0x00, 0x00, 0x00, 0x08,
    0x00, 0x00, 0x00, 0x04, 0x00, 0x00, 0x00, 0x04, 0x00, 0x00, 0x00, 0x06, 0x00, 0x00, 0x00, 0x00,
    0x00, 0x00, 0x00, 0x00, 0x00, 0x00, 0x25, 0x41, 0x00, 0x00, 0x00, 0x08, 0x00, 0x00, 0x00, 0x04,
    0x00, 0x00, 0x00, 0x04, 0x00, 0x00, 0x00, 0x06, 0x00, 0x00, 0x00, 0x00, 0x00, 0x00, 0x00, 0x00,
    0x00, 0x00, 0x25, 0x42, 0x00, 0x00, 0x00, 0x08, 0x00, 0x00, 0x00, 0x04, 0x00, 0x00, 0x00, 0x04,
    0x00, 0x00, 0x00, 0x06, 0x00, 0x00, 0x00, 0x00, 0x00, 0x00, 0x00, 0x00, 0x00, 0x00, 0x25, 0x43,
    0x00, 0x00, 0x00, 0x08, 0x00, 0x00, 0x00, 0x04, 0x00, 0x00, 0x00, 0x04, 0x00, 0x00, 0x00, 0x06,
    0x00, 0x00, 0x00, 0x00, 0x00, 0x00, 0x00, 0x00, 0x00, 0x00, 0x25, 0x44, 0x00, 0x00, 0x00, 0x08,
    0x00, 0x00, 0x00, 0x04, 0x00, 0x00, 0x00, 0x04, 0x00, 0x00, 0x00, 0x06, 0x00, 0x00, 0x00, 0x00,
    0x00, 0x00, 0x00, 0x00, 0x00, 0x00, 0x25, 0x45, 0x00, 0x00, 0x00, 0x08, 0x00, 0x00, 0x00, 0x04,
    0x00, 0x00, 0x00, 0x04, 0x00, 0x00, 0x00, 0x06, 0x00, 0x00, 0x00, 0x00, 0x00, 0x00, 0x00, 0x00,
    0x00, 0x00, 0x25, 0x46, 0x00, 0x00, 0x00, 0x08, 0x00, 0x00, 0x00, 0x04, 0x00, 0x00, 0x00, 0x04,
    0x00, 0x00, 0x00, 0x06, 0x00, 0x00, 0x00, 0x00, 0x00, 0x00, 0x00, 0x00, 0x00, 0x00, 0x25, 0x47,
    0x00, 0x00, 0x00, 0x08, 0x00, 0x00, 0x00, 0x04, 0x00, 0x00, 0x00, 0x04, 0x00, 0x00, 0x00, 0x06,
    0x00, 0x00, 0x00, 0x00, 0x00, 0x00, 0x00, 0x00, 0x00, 0x00, 0x25, 0x48, 0x00, 0x00, 0x00, 0x08,
    0x00, 0x00, 0x00, 0x04, 0x00, 0x00, 0x00, 0x04, 0x00, 0x00, 0x00, 0x06, 0x00, 0x00, 0x00, 0x00,
    0x00, 0x00, 0x00, 0x00, 0x00, 0x00, 0x25, 0x49, 0x00, 0x00, 0x00, 0x08, 0x00, 0x00, 0x00, 0x04,
    0x00, 0x00, 0x00, 0x04, 0x00, 0x00, 0x00, 0x06, 0x00, 0x00, 0x00, 0x00, 0x00, 0x00, 0x00, 0x00,
    0x00, 0x00, 0x25, 0x4A, 0x00, 0x00, 0x00, 0x08, 0x00, 0x00, 0x00, 0x04, 0x00, 0x00, 0x00, 0x04,
    0x00, 0x00, 0x00, 0x06, 0x00, 0x00, 0x00, 0x00, 0x00, 0x00, 0x00, 0x00, 0x00, 0x00, 0x25, 0x4B,
    0x00, 0x00, 0x00, 0x08, 0x00, 0x00, 0x00, 0x04, 0x00, 0x00, 0x00, 0x04, 0x00, 0x00, 0x00, 0x06,
    0x00, 0x00, 0x00, 0x00, 0x00, 0x00, 0x00, 0x00, 0x00, 0x00, 0x25, 0x4C, 0x00, 0x00, 0x00, 0x01,
    0x00, 0x00, 0x00, 0x04, 0x00, 0x00, 0x00, 0x04, 0x00, 0x00, 0x00, 0x03, 0x00, 0x00, 0x00, 0x00,
    0x00, 0x00, 0x00, 0x00, 0x00, 0x00, 0x25, 0x4D, 0x00, 0x00, 0x00, 0x02, 0x00, 0x00, 0x00, 0x04,
    0x00, 0x00, 0x00, 0x04, 0x00, 0x00, 0x00, 0x03, 0x00, 0x00, 0x00, 0x00, 0x00, 0x00, 0x00, 0x00,
    0x00, 0x00, 0x25, 0x4E, 0x00, 0x00, 0x00, 0x07, 0x00, 0x00, 0x00, 0x01, 0x00, 0x00, 0x00, 0x04,
    0x00, 0x00, 0x00, 0x06, 0x00, 0x00, 0x00, 0x01, 0x00, 0x00, 0x00, 0x00, 0x00, 0x00, 0x25, 0x4F,
    0x00, 0x00, 0x00, 0x07, 0x00, 0x00, 0x00, 0x02, 0x00, 0x00, 0x00, 0x04, 0x00, 0x00, 0x00, 0x06,
    0x00, 0x00, 0x00, 0x01, 0x00, 0x00, 0x00, 0x00, 0x00, 0x00, 0x25, 0x50, 0x00, 0x00, 0x00, 0x02,
    0x00, 0x00, 0x00, 0x04, 0x00, 0x00, 0x00, 0x04, 0x00, 0x00, 0x00, 0x03, 0x00, 0x00, 0x00, 0x00,
    0x00, 0x00, 0x00, 0x00, 0x00, 0x00, 0x25, 0x51, 0x00, 0x00, 0x00, 0x08, 0x00, 0x00, 0x00, 0x02,
    0x00, 0x00, 0x00, 0x04, 0x00, 0x00, 0x00, 0x06, 0x00, 0x00, 0x00, 0x01, 0x00, 0x00, 0x00, 0x00,
    0x00, 0x00, 0x25, 0x52, 0x00, 0x00, 0x00, 0x05, 0x00, 0x00, 0x00, 0x03, 0x00, 0x00, 0x00, 0x04,
    0x00, 0x00, 0x00, 0x03, 0x00, 0x00, 0x00, 0x01, 0x00, 0x00, 0x00, 0x00, 0x00, 0x00, 0x25, 0x53,
    0x00, 0x00, 0x00, 0x05, 0x00, 0x00, 0x00, 0x03, 0x00, 0x00, 0x00, 0x04, 0x00, 0x00, 0x00, 0x03,
    0x00, 0x00, 0x00, 0x01, 0x00, 0x00, 0x00, 0x00, 0x00, 0x00, 0x25, 0x54, 0x00, 0x00, 0x00, 0x05,
    0x00, 0x00, 0x00, 0x03, 0x00, 0x00, 0x00, 0x04, 0x00, 0x00, 0x00, 0x03, 0x00, 0x00, 0x00, 0x01,
    0x00, 0x00, 0x00, 0x00, 0x00, 0x00, 0x25, 0x55, 0x00, 0x00, 0x00, 0x05, 0x00, 0x00, 0x00, 0x04,
    0x00, 0x00, 0x00, 0x04, 0x00, 0x00, 0x00, 0x03, 0x00, 0x00, 0x00, 0x00, 0x00, 0x00, 0x00, 0x00,
    0x00, 0x00, 0x25, 0x56, 0x00, 0x00, 0x00, 0x05, 0x00, 0x00, 0x00, 0x04, 0x00, 0x00, 0x00, 0x04,
    0x00, 0x00, 0x00, 0x03, 0x00, 0x00, 0x00, 0x00, 0x00, 0x00, 0x00, 0x00, 0x00, 0x00, 0x25, 0x57,
    0x00, 0x00, 0x00, 0x05, 0x00, 0x00, 0x00, 0x04, 0x00, 0x00, 0x00, 0x04, 0x00, 0x00, 0x00, 0x03,
    0x00, 0x00, 0x00, 0x00, 0x00, 0x00, 0x00, 0x00, 0x00, 0x00, 0x25, 0x58, 0x00, 0x00, 0x00, 0x05,
    0x00, 0x00, 0x00, 0x03, 0x00, 0x00, 0x00, 0x04, 0x00, 0x00, 0x00, 0x06, 0x00, 0x00, 0x00, 0x01,
    0x00, 0x00, 0x00, 0x00, 0x00, 0x00, 0x25, 0x59, 0x00, 0x00, 0x00, 0x04, 0x00, 0x00, 0x00, 0x03,
    0x00, 0x00, 0x00, 0x04, 0x00, 0x00, 0x00, 0x06, 0x00, 0x00, 0x00, 0x01, 0x00, 0x00, 0x00, 0x00,
    0x00, 0x00, 0x25, 0x5A, 0x00, 0x00, 0x00, 0x05, 0x00, 0x00, 0x00, 0x03, 0x00, 0x00, 0x00, 0x04,
    0x00, 0x00, 0x00, 0x06, 0x00, 0x00, 0x00, 0x01, 0x00, 0x00, 0x00, 0x00, 0x00, 0x00, 0x25, 0x5B,
    0x00, 0x00, 0x00, 0x05, 0x00, 0x00, 0x00, 0x04, 0x00, 0x00, 0x00, 0x04, 0x00, 0x00, 0x00, 0x06,
    0x00, 0x00, 0x00, 0x00, 0x00, 0x00, 0x00, 0x00, 0x00, 0x00, 0x25, 0x5C, 0x00, 0x00, 0x00, 0x04,
    0x00, 0x00, 0x00, 0x04, 0x00, 0x00, 0x00, 0x04, 0x00, 0x00, 0x00, 0x06, 0x00, 0x00, 0x00, 0x00,
    0x00, 0x00, 0x00, 0x00, 0x00, 0x00, 0x25, 0x5D, 0x00, 0x00, 0x00, 0x05, 0x00, 0x00, 0x00, 0x04,
    0x00, 0x00, 0x00, 0x04, 0x00, 0x00, 0x00, 0x06, 0x00, 0x00, 0x00, 0x00, 0x00, 0x00, 0x00, 0x00,
    0x00, 0x00, 0x25, 0x5E, 0x00, 0x00, 0x00, 0x08, 0x00, 0x00, 0x00, 0x03, 0x00, 0x00, 0x00, 0x04,
    0x00, 0x00, 0x00, 0x06, 0x00, 0x00, 0x00, 0x01, 0x00, 0x00, 0x00, 0x00, 0x00, 0x00, 0x25, 0x5F,
    0x00, 0x00, 0x00, 0x08, 0x00, 0x00, 0x00, 0x03, 0x00, 0x00, 0x00, 0x04, 0x00, 0x00, 0x00, 0x06,
    0x00, 0x00, 0x00, 0x01, 0x00, 0x00, 0x00, 0x00, 0x00, 0x00, 0x25, 0x60, 0x00, 0x00, 0x00, 0x08,
    0x00, 0x00, 0x00, 0x03, 0x00, 0x00, 0x00, 0x04, 0x00, 0x00, 0x00, 0x06, 0x00, 0x00, 0x00, 0x01,
    0x00, 0x00, 0x00, 0x00, 0x00, 0x00, 0x25, 0x61, 0x00, 0x00, 0x00, 0x08, 0x00, 0x00, 0x00, 0x04,
    0x00, 0x00, 0x00, 0x04, 0x00, 0x00, 0x00, 0x06, 0x00, 0x00, 0x00, 0x00, 0x00, 0x00, 0x00, 0x00,
    0x00, 0x00, 0x25, 0x62, 0x00, 0x00, 0x00, 0x08, 0x00, 0x00, 0x00, 0x04, 0x00, 0x00, 0x00, 0x04,
    0x00, 0x00, 0x00, 0x06, 0x00, 0x00, 0x00, 0x00, 0x00, 0x00, 0x00, 0x00, 0x00, 0x00, 0x25, 0x63,
    0x00, 0x00, 0x00, 0x08, 0x00, 0x00, 0x00, 0x04, 0x00, 0x00, 0x00, 0x04, 0x00, 0x00, 0x00, 0x06,
    0x00, 0x00, 0x00, 0x00, 0x00, 0x00, 0x00, 0x00, 0x00, 0x00, 0x25, 0x64, 0x00, 0x00, 0x00, 0x05,
    0x00, 0x00, 0x00, 0x04, 0x00, 0x00, 0x00, 0x04, 0x00, 0x00, 0x00, 0x03, 0x00, 0x00, 0x00, 0x00,
    0x00, 0x00, 0x00, 0x00, 0x00, 0x00, 0x25, 0x65, 0x00, 0x00, 0x00, 0x05, 0x00, 0x00, 0x00, 0x04,
    0x00, 0x00, 0x00, 0x04, 0x00, 0x00, 0x00, 0x03, 0x00, 0x00, 0x00, 0x00, 0x00, 0x00, 0x00, 0x00,
    0x00, 0x00, 0x25, 0x66, 0x00, 0x00, 0x00, 0x05, 0x00, 0x00, 0x00, 0x04, 0x00, 0x00, 0x00, 0x04,
    0x00, 0x00, 0x00, 0x03, 0x00, 0x00, 0x00, 0x00, 0x00, 0x00, 0x00, 0x00, 0x00, 0x00, 0x25, 0x67,
    0x00, 0x00, 0x00, 0x05, 0x00, 0x00, 0x00, 0x04, 0x00, 0x00, 0x00, 0x04, 0x00, 0x00, 0x00, 0x06,
    0x00, 0x00, 0x00, 0x00, 0x00, 0x00, 0x00, 0x00, 0x00, 0x00, 0x25, 0x68, 0x00, 0x00, 0x00, 0x04,
    0x00, 0x00, 0x00, 0x04, 0x00, 0x00, 0x00, 0x04, 0x00, 0x00, 0x00, 0x06, 0x00, 0x00, 0x00, 0x00,
    0x00, 0x00, 0x00, 0x00, 0x00, 0x00, 0x25, 0x69, 0x00, 0x00, 0x00, 0x05, 0x00, 0x00, 0x00, 0x04,
    0x00, 0x00, 0x00, 0x04, 0x00, 0x00, 0x00, 0x06, 0x00, 0x00, 0x00, 0x00, 0x00, 0x00, 0x00, 0x00,
    0x00, 0x00, 0x25, 0x6A, 0x00, 0x00, 0x00, 0x08, 0x00, 0x00, 0x00, 0x04, 0x00, 0x00, 0x00, 0x04,
    0x00, 0x00, 0x00, 0x06, 0x00, 0x00, 0x00, 0x00, 0x00, 0x00, 0x00, 0x00, 0x00, 0x00, 0x25, 0x6B,
    0x00, 0x00, 0x00, 0x08, 0x00, 0x00, 0x00, 0x04, 0x00, 0x00, 0x00, 0x04, 0x00, 0x00, 0x00, 0x06,
    0x00, 0x00, 0x00, 0x00, 0x00, 0x00, 0x00, 0x00, 0x00, 0x00, 0x25, 0x6C, 0x00, 0x00, 0x00, 0x08,
    0x00, 0x00, 0x00, 0x04, 0x00, 0x00, 0x00, 0x04, 0x00, 0x00, 0x00, 0x06, 0x00, 0x00, 0x00, 0x00,
    0x00, 0x00, 0x00, 0x00, 0x00, 0x00, 0x25, 0x6D, 0x00, 0x00, 0x00, 0x05, 0x00, 0x00, 0x00, 0x03,
    0x00, 0x00, 0x00, 0x04, 0x00, 0x00, 0x00, 0x03, 0x00, 0x00, 0x00, 0x01, 0x00, 0x00, 0x00, 0x00,
    0x00, 0x00, 0x25, 0x6E, 0x00, 0x00, 0x00, 0x05, 0x00, 0x00, 0x00, 0x04, 0x00, 0x00, 0x00, 0x04,
    0x00, 0x00, 0x00, 0x03, 0x00, 0x00, 0x00, 0x00, 0x00, 0x00, 0x00, 0x00, 0x00, 0x00, 0x25, 0x6F,
    0x00, 0x00, 0x00, 0x04, 0x00, 0x00, 0x00, 0x04, 0x00, 0x00, 0x00, 0x04, 0x00, 0x00, 0x00, 0x06,
    0x00, 0x00, 0x00, 0x00, 0x00, 0x00, 0x00, 0x00, 0x00, 0x00, 0x25, 0x70, 0x00, 0x00, 0x00, 0x04,
    0x00, 0x00, 0x00, 0x03, 0x00, 0x00, 0x00, 0x04, 0x00, 0x00, 0x00, 0x06, 0x00, 0x00, 0x00, 0x01,
    0x00, 0x00, 0x00, 0x00, 0x00, 0x00, 0x25, 0x71, 0x00, 0x00, 0x00, 0x08, 0x00, 0x00, 0x00, 0x04,
    0x00, 0x00, 0x00, 0x04, 0x00, 0x00, 0x00, 0x06, 0x00, 0x00, 0x00, 0x00, 0x00, 0x00, 0x00, 0x00,
    0x00, 0x00, 0x25, 0x72, 0x00, 0x00, 0x00, 0x08, 0x00, 0x00, 0x00, 0x04, 0x00, 0x00, 0x00, 0x04,
    0x00, 0x00, 0x00, 0x06, 0x00, 0x00, 0x00, 0x00, 0x00, 0x00, 0x00, 0x00, 0x00, 0x00, 0x25, 0x73,
    0x00, 0x00, 0x00, 0x08, 0x00, 0x00, 0x00, 0x04, 0x00, 0x00, 0x00, 0x04, 0x00, 0x00, 0x00, 0x06,
    0x00, 0x00, 0x00, 0x00, 0x00, 0x00, 0x00, 0x00, 0x00, 0x00, 0x25, 0x74, 0x00, 0x00, 0x00, 0x01,
    0x00, 0x00, 0x00, 0x04, 0x00, 0x00, 0x00, 0x04, 0x00, 0x00, 0x00, 0x03, 0x00, 0x00, 0x00, 0x00,
    0x00, 0x00, 0x00, 0x00, 0x00, 0x00, 0x25, 0x75, 0x00, 0x00, 0x00, 0x04, 0x00, 0x00, 0x00, 0x01,
    0x00, 0x00, 0x00, 0x04, 0x00, 0x00, 0x00, 0x06, 0x00, 0x00, 0x00, 0x01, 0x00, 0x00, 0x00, 0x00,
    0x00, 0x00, 0x25, 0x76, 0x00, 0x00, 0x00, 0x01, 0x00, 0x00, 0x00, 0x03, 0x00, 0x00, 0x00, 0x04,
    0x00, 0x00, 0x00, 0x03, 0x00, 0x00, 0x00, 0x01, 0x00, 0x00, 0x00, 0x00, 0x00, 0x00, 0x25, 0x77,
    0x00, 0x00, 0x00, 0x05, 0x00, 0x00, 0x00, 0x01, 0x00, 0x00, 0x00, 0x04, 0x00, 0x00, 0x00, 0x03,
    0x00, 0x00, 0x00, 0x01, 0x00, 0x00, 0x00, 0x00, 0x00, 0x00, 0x25, 0x78, 0x00, 0x00, 0x00, 0x02,
    0x00, 0x00, 0x00, 0x04, 0x00, 0x00, 0x00, 0x04, 0x00, 0x00, 0x00, 0x03, 0x00, 0x00, 0x00, 0x00,
    0x00, 0x00, 0x00, 0x00, 0x00, 0x00, 0x25, 0x79, 0x00, 0x00, 0x00, 0x04, 0x00, 0x00, 0x00, 0x02,
    0x00, 0x00, 0x00, 0x04, 0x00, 0x00, 0x00, 0x06, 0x00, 0x00, 0x00, 0x01, 0x00, 0x00, 0x00, 0x00,
    0x00, 0x00, 0x25, 0x7A, 0x00, 0x00, 0x00, 0x02, 0x00, 0x00, 0x00, 0x03, 0x00, 0x00, 0x00, 0x04,
    0x00, 0x00, 0x00, 0x03, 0x00, 0x00, 0x00, 0x01, 0x00, 0x00, 0x00, 0x00, 0x00, 0x00, 0x25, 0x7B,
    0x00, 0x00, 0x00, 0x05, 0x00, 0x00, 0x00, 0x02, 0x00, 0x00, 0x00, 0x04, 0x00, 0x00, 0x00, 0x03,
    0x00, 0x00, 0x00, 0x01, 0x00, 0x00, 0x00, 0x00, 0x00, 0x00, 0x25, 0x7C, 0x00, 0x00, 0x00, 0x02,
    0x00, 0x00, 0x00, 0x04, 0x00, 0x00, 0x00, 0x04, 0x00, 0x00, 0x00, 0x03, 0x00, 0x00, 0x00, 0x00,
    0x00, 0x00, 0x00, 0x00, 0x00, 0x00, 0x25, 0x7D, 0x00, 0x00, 0x00, 0x08, 0x00, 0x00, 0x00, 0x02,
    0x00, 0x00, 0x00, 0x04, 0x00, 0x00, 0x00, 0x06, 0x00, 0x00, 0x00, 0x01, 0x00, 0x00, 0x00, 0x00,
    0x00, 0x00, 0x25, 0x7E, 0x00, 0x00, 0x00, 0x02, 0x00, 0x00, 0x00, 0x04, 0x00, 0x00, 0x00, 0x04,
    0x00, 0x00, 0x00, 0x03, 0x00, 0x00, 0x00, 0x00, 0x00, 0x00, 0x00, 0x00, 0x00, 0x00, 0x25, 0x7F,
    0x00, 0x00, 0x00, 0x08, 0x00, 0x00, 0x00, 0x02, 0x00, 0x00, 0x00, 0x04, 0x00, 0x00, 0x00, 0x06,
    0x00, 0x00, 0x00, 0x01, 0x00, 0x00, 0x00, 0x00, 0x00, 0x00, 0x25, 0xA0, 0x00, 0x00, 0x00, 0x05,
    0x00, 0x00, 0x00, 0x04, 0x00, 0x00, 0x00, 0x04, 0x00, 0x00, 0x00, 0x04, 0x00, 0x00, 0x00, 0x00,
    0x00, 0x00, 0x00, 0x00, 0x00, 0x00, 0x25, 0xA1, 0x00, 0x00, 0x00, 0x05, 0x00, 0x00, 0x00, 0x04,
    0x00, 0x00, 0x00, 0x04, 0x00, 0x00, 0x00, 0x04, 0x00, 0x00, 0x00, 0x00, 0x00, 0x00, 0x00, 0x00,
    0x00, 0x00, 0x25, 0xB2, 0x00, 0x00, 0x00, 0x05, 0x00, 0x00, 0x00, 0x04, 0x00, 0x00, 0x00, 0x04,
    0x00, 0x00, 0x00, 0x04, 0x00, 0x00, 0x00, 0x00, 0x00, 0x00, 0x00, 0x00, 0x00, 0x00, 0x25, 0xB6,
    0x00, 0x00, 0x00, 0x05, 0x00, 0x00, 0x00, 0x04, 0x00, 0x00, 0x00, 0x04, 0x00, 0x00, 0x00, 0x04,
    0x00, 0x00, 0x00, 0x00, 0x00, 0x00, 0x00, 0x00, 0x00, 0x00, 0x25, 0xBC, 0x00, 0x00, 0x00, 0x05,
    0x00, 0x00, 0x00, 0x04, 0x00, 0x00, 0x00, 0x04, 0x00, 0x00, 0x00, 0x04, 0x00, 0x00, 0x00, 0x00,
    0x00, 0x00, 0x00, 0x00, 0x00, 0x00, 0x25, 0xC0, 0x00, 0x00, 0x00, 0x05, 0x00, 0x00, 0x00, 0x04,
    0x00, 0x00, 0x00, 0x04, 0x00, 0x00, 0x00, 0x04, 0x00, 0x00, 0x00, 0x00, 0x00, 0x00, 0x00, 0x00,
    0x00, 0x00, 0x25, 0xC6, 0x00, 0x00, 0x00, 0x05, 0x00, 0x00, 0x00, 0x04, 0x00, 0x00, 0x00, 0x04,
    0x00, 0x00, 0x00, 0x04, 0x00, 0x00, 0x00, 0x00, 0x00, 0x00, 0x00, 0x00, 0x00, 0x00, 0x25, 0xC7,
    0x00, 0x00, 0x00, 0x05, 0x00, 0x00, 0x00, 0x04, 0x00, 0x00, 0x00, 0x04, 0x00, 0x00, 0x00, 0x04,
    0x00, 0x00, 0x00, 0x00, 0x00, 0x00, 0x00, 0x00, 0x00, 0x00, 0x25, 0xCB, 0x00, 0x00, 0x00, 0x05,
    0x00, 0x00, 0x00, 0x04, 0x00, 0x00, 0x00, 0x04, 0x00, 0x00, 0x00, 0x04, 0x00, 0x00, 0x00, 0x00,
    0x00, 0x00, 0x00, 0x00, 0x00, 0x00, 0x25, 0xCF, 0x00, 0x00, 0x00, 0x05, 0x00, 0x00, 0x00, 0x04,
    0x00, 0x00, 0x00, 0x04, 0x00, 0x00, 0x00, 0x04, 0x00, 0x00, 0x00, 0x00, 0x00, 0x00, 0x00, 0x00,
    0x00, 0x00, 0x26, 0x10, 0x00, 0x00, 0x00, 0x05, 0x00, 0x00, 0x00, 0x05, 0x00, 0x00, 0x00, 0x05,
    0x00, 0x00, 0x00, 0x05, 0x00, 0x00, 0x00, 0x00, 0x00, 0x00, 0x00, 0x00, 0x00, 0x00, 0x26, 0x11,
    0x00, 0x00, 0x00, 0x05, 0x00, 0x00, 0x00, 0x05, 0x00, 0x00, 0x00, 0x05, 0x00, 0x00, 0x00, 0x04,
    0x00, 0x00, 0x00, 0x00, 0x00, 0x00, 0x00, 0x00, 0x00, 0x00, 0x26, 0x99, 0x00, 0x00, 0x00, 0x05,
    0x00, 0x00, 0x00, 0x05, 0x00, 0x00, 0x00, 0x05, 0x00, 0x00, 0x00, 0x05, 0x00, 0x00, 0x00, 0x00,
    0x00, 0x00, 0x00, 0x00, 0x00, 0x00, 0x27, 0x13, 0x00, 0x00, 0x00, 0x05, 0x00, 0x00, 0x00, 0x05,
    0x00, 0x00, 0x00, 0x05, 0x00, 0x00, 0x00, 0x05, 0x00, 0x00, 0x00, 0x00, 0x00, 0x00, 0x00, 0x00,
    0x00, 0x00, 0x27, 0x17, 0x00, 0x00, 0x00, 0x06, 0x00, 0x00, 0x00, 0x05, 0x00, 0x00, 0x00, 0x05,
    0x00, 0x00, 0x00, 0x05, 0x00, 0x00, 0x00, 0x00, 0x00, 0x00, 0x00, 0x00, 0x00, 0x00, 0x27, 0x18,
    0x00, 0x00, 0x00, 0x07, 0x00, 0x00, 0x00, 0x05, 0x00, 0x00, 0x00, 0x05, 0x00, 0x00, 0x00, 0x06,
    0x00, 0x00, 0x00, 0x00, 0x00, 0x00, 0x00, 0x00, 0x00, 0x00, 0x2B, 0x07, 0x00, 0x00, 0x00, 0x04,
    0x00, 0x00, 0x00, 0x03, 0x00, 0x00, 0x00, 0x04, 0x00, 0x00, 0x00, 0x04, 0x00, 0x00, 0x00, 0x00,
    0x00, 0x00, 0x00, 0x00, 0x0C, 0xFF, 0x37, 0xBF, 0x2B, 0x58, 0xB7, 0x5E, 0x7E, 0xA2, 0xF0, 0x39,
    0x48, 0x82, 0x00, 0x34, 0xAD, 0x37, 0x00, 0xBA, 0xFF, 0x88, 0x08, 0xE4, 0xFB, 0x39, 0x00, 0xB1,
    0x82, 0x00, 0x00, 0x82, 0xD8, 0x10, 0x75, 0xFF, 0x85, 0x10, 0x3F, 0xFF, 0xB4, 0x00, 0x5E, 0xB7,
    0xFC, 0x00, 0x82, 0xF7, 0x33, 0x00, 0x07, 0x3C, 0x00, 0x00, 0x9F, 0xB2, 0x01, 0x00, 0xA8, 0xAA,
    0x79, 0x49, 0x82, 0x96, 0xB5, 0x63, 0x00, 0x57, 0xA8, 0x9F, 0x00, 0x40, 0xCF, 0x0D, 0x00, 0x6D,
    0x4A, 0x06, 0x07, 0xDC, 0xD3, 0x8E, 0x05, 0xF2, 0xF4, 0x10, 0xB9, 0x42, 0x64, 0x1C, 0x00, 0x37,
    0xB4, 0x00, 0xDF, 0x21, 0x22, 0xE8, 0x00, 0x34, 0xCF, 0x00, 0x04, 0xE2, 0x00, 0x00, 0x28, 0xC1,
    0x00, 0x00, 0xFC, 0x00, 0x10, 0xF8, 0x00, 0x8D, 0xA3, 0x15, 0xCD, 0x06, 0x1F, 0xA6, 0x1E, 0x0D,
    0x42, 0xFF, 0xB7, 0x12, 0x28, 0x57, 0x81, 0x00, 0x00, 0xBA, 0x34, 0x00, 0xA2, 0xFF, 0xDA, 0x61,
    0x00, 0xAF, 0x3C, 0x00, 0xA2, 0x5A, 0xA8, 0x40, 0x0A, 0x00, 0x5D, 0xF5, 0xEE, 0x04, 0xAC, 0x42,
    0x00, 0x00, 0xA5, 0x30, 0x00, 0x30, 0xA2, 0x00, 0x00, 0xB9, 0x16, 0x00, 0x51, 0xA2, 0x00, 0x00,
    0x72, 0x07, 0x00, 0x00, 0x16, 0xC1, 0xC9, 0x63, 0xB2, 0xBB, 0xA9, 0xB2, 0xD9, 0x7F, 0xB8, 0x60,
    0xAC, 0xB2, 0xB4, 0x00, 0x13, 0xD0, 0xD7, 0x06, 0xB5, 0xB1, 0x00, 0xBB, 0x5E, 0xAF, 0xFF, 0xD3,
    0x00, 0x60, 0xEE, 0x3F, 0x00, 0x03, 0xB1, 0x2B, 0x00, 0x52, 0x6D, 0x00, 0x05, 0xFB, 0xBB, 0x00,
    0x00, 0x5D, 0xEF, 0x36, 0x00, 0x31, 0xD8, 0x07, 0x00, 0x00, 0xBF, 0x00, 0x05, 0xE0, 0xC3, 0x00,
    0x00, 0x4B, 0xFF, 0x3D, 0x4C, 0xB4, 0xFF, 0x01, 0xDA, 0xDF, 0xFF, 0x28, 0x00, 0x78, 0xA2, 0x00,
    0x2D, 0xFF, 0xDC, 0x4C, 0x7F, 0xF0, 0xB9, 0x00, 0x00, 0x00, 0xFF, 0x0C, 0xCA, 0xE3, 0xA5, 0x00,
    0x0F, 0xCB, 0xCB, 0x5A, 0xAF, 0xF0, 0xD8, 0x0C, 0xD8, 0x51, 0xE3, 0x39, 0xA2, 0xE8, 0xCA, 0x01,
    0x4F, 0xDC, 0xFF, 0xA8, 0x00, 0x2B, 0xFA, 0x09, 0x00, 0xDF, 0x55, 0x00, 0x8B, 0xB6, 0x00, 0x00,
    0x3C, 0xE4, 0xEB, 0x43, 0x46, 0xF6, 0xE3, 0x0D, 0xE6, 0x0F, 0xF8, 0x04, 0xAA, 0xDE, 0xB5, 0x00,
    0x42, 0xE7, 0xF7, 0x27, 0xB2, 0x72, 0xCB, 0x69, 0x67, 0xD5, 0xFF, 0x1E, 0xA1, 0xDC, 0x9A, 0x00,
    0x48, 0xC4, 0x00, 0x01, 0xA1, 0x70, 0x00, 0x57, 0xC4, 0x00, 0x00, 0x00, 0x00, 0xBB, 0x8E, 0x01,
    0xBA, 0x39, 0x00, 0x18, 0x00, 0x00, 0x00, 0x00, 0x03, 0x1F, 0xA0, 0xC8, 0x55, 0xB1, 0xD9, 0x4F,
    0x01, 0x00, 0x1E, 0x9F, 0x57, 0xA6, 0xBE, 0xBE, 0x51, 0xAF, 0xC8, 0xC8, 0x55, 0x03, 0x00, 0x00,
    0x00, 0xB1, 0xBB, 0x6D, 0x06, 0x10, 0x88, 0xFF, 0x5E, 0xA3, 0x6D, 0x06, 0x00, 0xA2, 0xC1, 0x94,
    0x0C, 0xB0, 0x43, 0x6A, 0x3F, 0x00, 0xAA, 0x1E, 0x00, 0x00, 0x33, 0xAF, 0x54, 0x00, 0xA8, 0xAB,
    0xAD, 0x02, 0xB4, 0x7C, 0x85, 0x00, 0xAB, 0x9D, 0x22, 0x00, 0x6E, 0xA4, 0x00, 0x00, 0x2C, 0xE6,
    0x00, 0x00, 0x4E, 0xE9, 0x00, 0x00, 0xBF, 0xF7, 0x00, 0x1E, 0xAA, 0xBC, 0x13, 0x00, 0x98, 0xF6,
    0x75, 0x00, 0xB6, 0xF0, 0x24, 0x00, 0xB6, 0xAA, 0x42, 0x02, 0xF1, 0xDC, 0x0A, 0x0A, 0xD5, 0xDE,
    0x84, 0xAC, 0xB7, 0x00, 0x00, 0xD3, 0x54, 0x00, 0x00, 0x8A, 0xFF, 0xB1, 0x00, 0x00, 0x91, 0xFD,
    0x36, 0x00, 0xB1, 0x9E, 0x91, 0x00, 0xB9, 0xB7, 0x4E, 0x00, 0xF9, 0xC0, 0x00, 0x48, 0xFF, 0xDC,
    0x99, 0x99, 0xFF, 0xDC, 0x13, 0xC3, 0x54, 0x00, 0x00, 0xFF, 0xE7, 0xC1, 0x00, 0x30, 0xFF, 0xDC,
    0xA8, 0x81, 0xFF, 0xDC, 0x24, 0xAF, 0x63, 0x00, 0x00, 0xF1, 0x21, 0x00, 0x00, 0x0D, 0xD4, 0xE2,
    0x8A, 0xB2, 0xAE, 0x00, 0x04, 0xD7, 0x6F, 0xEC, 0x3F, 0x84, 0xFA, 0xF2, 0x06, 0x00, 0x7D, 0x96,
    0xA8, 0x00, 0xCD, 0xFD, 0x78, 0x00, 0xB4, 0xC9, 0x27, 0x00, 0xC1, 0xC1, 0x00, 0x27, 0xFF, 0xFF,
    0x78, 0x00, 0xA6, 0x84, 0x00, 0x00, 0xEB, 0x33, 0x00, 0xB9, 0xFF, 0xA7, 0x00, 0x00, 0x29, 0xE8,
    0x64, 0x00, 0x00, 0xBF, 0x15, 0x00, 0x0C, 0xC5, 0x00, 0x02, 0xF6, 0xAC, 0x00, 0x00, 0x86, 0xB1,
    0xB5, 0x00, 0xBD, 0xC9, 0x00, 0x00, 0xDE, 0xBC, 0x00, 0x01, 0xC0, 0xC0, 0x15, 0x0D, 0xFF, 0x00,
    0x00, 0x58, 0xCA, 0x00, 0x00, 0xAB, 0xA0, 0x00, 0x00, 0xD3, 0xF7, 0xD9, 0x07, 0x00, 0xBA, 0xBA,
    0xD7, 0x00, 0xD1, 0xE8, 0xB1, 0x00, 0xD0, 0xA3, 0x60, 0x13, 0xA2, 0xA7, 0x13, 0x00, 0x9D, 0x74,
    0xB4, 0x00, 0xC1, 0xB9, 0x87, 0x00, 0xD8, 0xE6, 0x36, 0x03, 0xC4, 0xCD, 0x00, 0x33, 0xED, 0xFF,
    0x48, 0xC0, 0x79, 0xBE, 0x9A, 0xFF, 0x27, 0xDF, 0x52, 0xA8, 0xF1, 0xB6, 0x00, 0x54, 0xFF, 0xFF,
    0x73, 0xA5, 0xB7, 0xA8, 0xB4, 0xCD, 0xE9, 0xCA, 0x21, 0xFF, 0x13, 0x00, 0x00, 0x30, 0xEE, 0xFF,
    0x49, 0xBE, 0x79, 0xBE, 0x9A, 0xFF, 0x28, 0xE1, 0x52, 0xA7, 0xFC, 0xD3, 0x00, 0x00, 0x49, 0xE8,
    0x01, 0x60, 0xFF, 0xFF, 0x4B, 0xB1, 0xB1, 0xB1, 0x7E, 0xD7, 0xFC, 0xEB, 0x06, 0xFF, 0x13, 0xFF,
    0x18, 0x34, 0xDC, 0xCA, 0x58, 0x82, 0xE9, 0x3A, 0x00, 0x01, 0x4F, 0xFF, 0x0F, 0xD7, 0xD4, 0xCF,
    0x01, 0x66, 0xFD, 0xFF, 0xB4, 0x00, 0xA6, 0x82, 0x00, 0x00, 0xE9, 0x31, 0x00, 0x01, 0xFF, 0x00,
    0x00, 0x90, 0xBE, 0x60, 0xC6, 0xBB, 0x69, 0xB2, 0x9A, 0xFD, 0x18, 0xDF, 0x42, 0xC5, 0xEC, 0xC8,
    0x00, 0x94, 0xAF, 0x54, 0xCB, 0x82, 0xB7, 0xD3, 0x42, 0x70, 0xC5, 0xDA, 0x00, 0x5D, 0xFF, 0x58,
    0x00, 0xC5, 0x25, 0x01, 0xEC, 0xD8, 0xB7, 0xB0, 0xA0, 0xDE, 0xCF, 0xFF, 0x3F, 0xFF, 0x66, 0xFF,
    0x00, 0x00, 0x75, 0xAD, 0xA1, 0x00, 0x3F, 0xD7, 0x00, 0x00, 0x74, 0xCA, 0x00, 0x1D, 0xC0, 0xCA,
    0x07, 0x9C, 0xA6, 0x79, 0xBF, 0x1E, 0xFC, 0xE7, 0x0C, 0x00, 0xFF, 0x3D, 0x00, 0x04, 0xFF, 0x00,
    0x00, 0x00, 0x6E, 0xF6, 0xBE, 0x00, 0x1A, 0xC7, 0x0F, 0x00, 0x7C, 0x49, 0x00, 0x0A, 0xFB, 0xDE,
    0x06, 0x00, 0x7C, 0xBD, 0x52, 0x00, 0xBE, 0x22, 0x00, 0x00, 0xDD, 0x00, 0x00, 0x00, 0xDE, 0x00,
    0x00, 0x24, 0xC1, 0x00, 0x00, 0x40, 0xBB, 0x73, 0x00, 0xA0, 0x5B, 0x00, 0x00, 0x09, 0xC9, 0x00,
    0x00, 0x00, 0x99, 0x63, 0x00, 0x00, 0x07, 0xCA, 0x00, 0x00, 0x00, 0x60, 0x1C, 0x00, 0x46, 0xA2,
    0x81, 0x00, 0x00, 0x8A, 0x7E, 0x00, 0x00, 0xA7, 0x3F, 0x00, 0x00, 0xD4, 0x07, 0x00, 0x00, 0xDC,
    0x00, 0x2A, 0xAE, 0xBB, 0x00, 0x00, 0x91, 0x49, 0x00, 0x97, 0xBB, 0xD5, 0x2D, 0x8D, 0xA5, 0xA5,
    0x40, 0xB5, 0x58, 0x33, 0xAF, 0xFA, 0x4E, 0x87, 0xBB, 0xFF, 0x57, 0xD2, 0xAB, 0xFF, 0x0C, 0x1F,
    0xF5, 0x00, 0x00, 0x75, 0xFC, 0xFF, 0x4C, 0xA8, 0x84, 0xA6, 0x7F, 0xEB, 0xC1, 0xE6, 0x0F, 0x2B,
    0xDA, 0xC5, 0x46, 0xA8, 0x87, 0x00, 0x00, 0x7B, 0xF5, 0xA1, 0x00, 0x00, 0x00, 0x5D, 0xC5, 0x6A,
    0xEC, 0xEE, 0x97, 0xEB, 0x31, 0xEC, 0x42, 0xB9, 0xC5, 0xFF, 0x03, 0x57, 0xDE, 0xE6, 0x37, 0xE4,
    0xCB, 0xD0, 0x6A, 0xB4, 0xDC, 0xB0, 0x01, 0x00, 0x70, 0xE7, 0x75, 0x5D, 0xFF, 0xD0, 0x3C, 0x00,
    0xFF, 0x09, 0x00, 0x19, 0xFB, 0x00, 0x00, 0x5E, 0xEE, 0xF1, 0x8E, 0xE3, 0x39, 0xE4, 0x39, 0xB7,
    0xC9, 0xFF, 0x00, 0xAF, 0xD7, 0xA3, 0x00, 0x16, 0xFA, 0x00, 0x00, 0x69, 0xFF, 0xFF, 0x42, 0xBE,
    0x90, 0xE4, 0x36, 0xE6, 0x37, 0xFF, 0x00, 0x00, 0x3D, 0xB7, 0x00, 0x00, 0x00, 0x00, 0x00, 0x27,
    0xFF, 0x79, 0x00, 0x00, 0xF5, 0x1F, 0x00, 0x00, 0xFF, 0xBB, 0x10, 0x00, 0x00, 0x9E, 0x1E, 0x00,
    0x00, 0x00, 0x00, 0x00, 0x30, 0xE7, 0x00, 0x00, 0x1E, 0xA1, 0x00, 0x00, 0x2B, 0x88, 0x00, 0x02,
    0xCB, 0x4E, 0x00, 0x15, 0xFD, 0x00, 0x00, 0x67, 0xE7, 0xE2, 0x51, 0xBB, 0xFF, 0xB1, 0x00, 0xE1,
    0x46, 0xFF, 0x0D, 0x3C, 0xFB, 0xA8, 0x00, 0x00, 0xCE, 0x4C, 0x00, 0x00, 0xFF, 0x04, 0x00, 0x0A,
    0xFF, 0xB6, 0x00, 0x00, 0xC1, 0xE1, 0xA5, 0x00, 0xD4, 0xB8, 0x8D, 0x05, 0xDB, 0xBC, 0x3A, 0x72,
    0xF2, 0xFF, 0x40, 0xA2, 0x8A, 0xE8, 0x36, 0xE7, 0x36, 0xFF, 0x00, 0x4E, 0xDE, 0xF8, 0x37, 0xD3,
    0x4B, 0xBA, 0x69, 0xAE, 0xE4, 0xCE, 0x0A, 0x00, 0x9B, 0xF4, 0x52, 0x00, 0xA6, 0x9B, 0x84, 0x00,
    0xEB, 0xE0, 0x10, 0x07, 0xBF, 0x00, 0x00, 0x61, 0xE7, 0xEB, 0x88, 0xE7, 0x34, 0xE8, 0x34, 0xB5,
    0xC8, 0xFF, 0x00, 0x00, 0x3A, 0xDF, 0x00, 0x28, 0xFF, 0xBA, 0x73, 0x7B, 0xB6, 0x00, 0x00, 0xAB,
    0x81, 0x00, 0x00, 0x3D, 0xDF, 0xBB, 0x22, 0x2A, 0xCF, 0xAD, 0x00, 0x9C, 0xB2, 0xD2, 0x00, 0x00,
    0x91, 0x7B, 0x00, 0x67, 0xFF, 0xCE, 0x51, 0x00, 0xFF, 0x06, 0x00, 0x01, 0xFF, 0xA3, 0x00, 0x7F,
    0xA5, 0xB0, 0x72, 0xB0, 0x76, 0xFA, 0x22, 0xAD, 0xC8, 0xFF, 0x00, 0xA6, 0x90, 0xAC, 0x81, 0x72,
    0xAD, 0xEE, 0x01, 0x3D, 0xFF, 0x66, 0x00, 0xDE, 0x1C, 0x28, 0xCD, 0xD2, 0xD8, 0xD5, 0x64, 0xE4,
    0xA0, 0xFF, 0x01, 0x00, 0x76, 0xE5, 0x48, 0x00, 0x4A, 0xAE, 0x00, 0x07, 0xC9, 0xD4, 0x00, 0x00,
    0x9F, 0xB1, 0xA3, 0x00, 0x6F, 0xEE, 0x03, 0x00, 0x41, 0x70, 0x00, 0x14, 0xC5, 0x2A, 0x00, 0x2D,
    0xBB, 0xFF, 0x76, 0x0C, 0xCE, 0x8A, 0x00, 0xD7, 0xFF, 0xA7, 0x00, 0x00, 0x63, 0xD5, 0x42, 0x00,
    0xBF, 0x4B, 0x00, 0xB2, 0xF1, 0x01, 0x00, 0x12, 0xEB, 0x00, 0x00, 0x1E, 0xCD, 0x48, 0x00, 0xAA,
    0x36, 0xAA, 0x36, 0x4C, 0x13, 0xAA, 0x36, 0xAA, 0x36, 0x4C, 0x13, 0x00, 0xB6, 0xAB, 0x00, 0x00,
    0x79, 0xB8, 0x00, 0x00, 0x81, 0xF6, 0x31, 0x00, 0xF3, 0x16, 0x00, 0xAF, 0xB2, 0x00, 0x00, 0x90,
    0xC0, 0x72, 0x73, 0xB5, 0x52, 0xDF, 0x28, 0x00, 0x37, 0x7B, 0x00, 0x28, 0x37, 0x00, 0x70, 0x36,
    0x00, 0xE3, 0x2D, 0x00, 0xFF, 0x00, 0x00, 0x00, 0x9F, 0x00, 0x3A, 0xDA, 0xFA, 0x2A, 0xC9, 0x79,
    0x58, 0x00, 0xA2, 0xFF, 0xB1, 0x00, 0x00, 0x73, 0x00, 0x00, 0x00, 0x1F, 0xD4, 0xA3, 0x00, 0x3D,
    0x4F, 0x00, 0x00, 0xA1, 0xB9, 0x00, 0x02, 0xED, 0xDC, 0x00, 0x00, 0x00, 0x00, 0x00, 0x48, 0xBC,
    0xCB, 0x1B, 0x48, 0xBF, 0xCD, 0x19, 0x00, 0x00, 0x00, 0x00, 0x00, 0xA8, 0xA3, 0xBE, 0x00, 0xC5,
    0xFF, 0x55, 0x03, 0xCE, 0xC3, 0x2E, 0x00, 0x4A, 0x40, 0x00, 0xA6, 0x34, 0xAA, 0x36, 0x00, 0x00,
    0xA6, 0x34, 0xAA, 0x36, 0x06, 0xE1, 0xC0, 0x0A, 0x1C, 0xFF, 0x6F, 0x00, 0x93, 0xAC, 0xE8, 0x01,
    0x01, 0xB4, 0xAD, 0x00, 0x91, 0xC8, 0x67, 0x00, 0xA3, 0x87, 0x1E, 0x40, 0x7C, 0x84, 0x0A, 0xB4,
    0xAF, 0x54, 0x8E, 0xBA, 0xA6, 0x52, 0x91, 0x40, 0x82, 0x87, 0x0C, 0x00, 0x85, 0xAF, 0x07, 0x04,
    0x82, 0xE1, 0x07, 0x1C, 0xA8, 0xBA, 0x00, 0x3F, 0xA0, 0x84, 0x00, 0x0A, 0x87, 0x72, 0x21, 0xB7,
    0xAF, 0xBE, 0x00, 0x10, 0x52, 0x63, 0x00, 0xAF, 0xC8, 0xDC, 0x6F, 0x00, 0x00, 0x4E, 0x51, 0x3A,
    0xF5, 0xBB, 0x3A, 0x7B, 0x82, 0x0A, 0x96, 0xA8, 0x64, 0x90, 0x99, 0xB5, 0x97, 0x90, 0x3F, 0x88,
    0x8B, 0x0C, 0x88, 0xA0, 0x19, 0x0F, 0xB4, 0x85, 0x10, 0xB4, 0x82, 0x00, 0x61, 0x1B, 0x00, 0xAF,
    0xFF, 0xDA, 0x55, 0x00, 0xAF, 0x3C, 0x00, 0xAF, 0xC8, 0xC8, 0x55, 0x00, 0x7F, 0xD0, 0x00, 0x00,
    0x42, 0xA7, 0x00, 0x2A, 0xFF, 0x7C, 0x00, 0x00, 0x73, 0xC6, 0x01, 0x00, 0x40, 0xBF, 0x00, 0x1B,
    0xA6, 0xAA, 0x00, 0x15, 0xBC, 0x2B, 0x00, 0x9D, 0xBB, 0x5E, 0x00, 0xAA, 0xD7, 0x10, 0x00, 0xF7,
    0xF7, 0x18, 0x10, 0xBD, 0x00, 0x00, 0x70, 0xFF, 0xD4, 0x8E, 0xC3, 0xFF, 0xB1, 0x3C, 0x03, 0xC1,
    0xB1, 0x01, 0x01, 0xB0, 0xB4, 0x00, 0x0D, 0x45, 0x52, 0x00, 0xB1, 0x36, 0x00, 0x3C, 0x51, 0x8B,
    0x00, 0xA0, 0xA2, 0x00, 0x57, 0x88, 0x12, 0xC6, 0xB7, 0x00, 0x9C, 0xA1, 0x06, 0x10, 0xB6, 0xAC,
    0x1B, 0x00, 0xBA, 0xA2, 0x00, 0x3A, 0xA0, 0x88, 0x00, 0x4E, 0x43, 0x90, 0x00, 0x31, 0xD2, 0xCA,
    0x2A, 0x5E, 0x45, 0x24, 0x00, 0x4C, 0xB2, 0x00, 0x00, 0x06, 0xB1, 0x00, 0x00, 0x8B, 0xCE, 0x6F,
    0x1F, 0x52, 0x48, 0xA8, 0x2A, 0x00, 0x9A, 0xE4, 0x22, 0x00, 0x00, 0x1F, 0x00, 0x2A, 0x5D, 0x00,
    0x00, 0x15, 0xB6, 0x00, 0x00, 0x88, 0xBE, 0x72, 0x24, 0x63, 0x91, 0xA8, 0x51, 0x00, 0x09, 0xB5,
    0x36, 0x00, 0xA6, 0xA6, 0x1B, 0x36, 0xA5, 0x3A, 0x00, 0x0A, 0xB9, 0x39, 0x00, 0x81, 0xC1, 0x87,
    0x21, 0x4F, 0x3D, 0xAB, 0x2B, 0x00, 0x9A, 0xE4, 0x22, 0x00, 0x00, 0x1F, 0x00, 0x00, 0x31, 0xB8,
    0x00, 0x00, 0x00, 0x00, 0xAB, 0x90, 0x87, 0xB2, 0x03, 0xAC, 0xD5, 0x99, 0x00, 0x0E, 0x62, 0x00,
    0x00, 0x00, 0x00, 0x00, 0x00, 0x2C, 0xE6, 0x00, 0x00, 0x4E, 0xE9, 0x00, 0x00, 0xBF, 0xF7, 0x00,
    0x1E, 0xAA, 0xBC, 0x13, 0x00, 0x02, 0x7E, 0x13, 0x00, 0x00, 0x00, 0x00, 0x00, 0x2C, 0xE6, 0x00,
    0x00, 0x4E, 0xE9, 0x00, 0x00, 0xBF, 0xF7, 0x00, 0x1E, 0xAA, 0xBC, 0x13, 0x00, 0x1D, 0xA2, 0x1F,
    0x00, 0x00, 0x00, 0x00, 0x00, 0x2C, 0xE6, 0x00, 0x00, 0x4E, 0xE9, 0x00, 0x00, 0xBF, 0xF7, 0x00,
    0x1E, 0xAA, 0xBC, 0x13, 0x00, 0x0C, 0x2E, 0x3A, 0x00, 0x2F, 0xE0, 0x4C, 0x00, 0x00, 0x00, 0x00,
    0x00, 0x2C, 0xE6, 0x00, 0x00, 0x4E, 0xE9, 0x00, 0x00, 0xBF, 0xF7, 0x00, 0x1E, 0xAA, 0xBC, 0x13,
    0x00, 0x23, 0x7D, 0x3A, 0x00, 0x00, 0x00, 0x00, 0x00, 0x2C, 0xE6, 0x00, 0x00, 0x4E, 0xE9, 0x00,
    0x00, 0xBF, 0xF7, 0x00, 0x1E, 0xAA, 0xBC, 0x13, 0x00, 0x18, 0x8B, 0x00, 0x00, 0x2A, 0xE9, 0x00,
    0x00, 0x39, 0xE3, 0x00, 0x00, 0xC6, 0xF7, 0x00, 0x1B, 0xA5, 0xBE, 0x12, 0x00, 0x38, 0xF7, 0xA7,
    0x00, 0x72, 0xE9, 0x58, 0x00, 0xDD, 0xB1, 0x00, 0x39, 0xA2, 0xE5, 0x1E, 0x0D, 0xDA, 0xE3, 0x82,
    0xBA, 0xAE, 0x00, 0x00, 0xD2, 0x5B, 0x09, 0x00, 0x5A, 0xF6, 0xA2, 0x00, 0x24, 0xAB, 0x0D, 0x00,
    0x00, 0x27, 0x7F, 0x00, 0x00, 0x00, 0x00, 0x00, 0x48, 0xFF, 0xDC, 0x99, 0x99, 0xFF, 0xDC, 0x13,
    0xC3, 0x54, 0x00, 0x00, 0xFF, 0xE7, 0xC1, 0x00, 0x00, 0x01, 0xA0, 0x22, 0x00, 0x00, 0x00, 0x00,
    0x48, 0xFF, 0xDC, 0x99, 0x99, 0xFF, 0xDC, 0x13, 0xC3, 0x54, 0x00, 0x00, 0xFF, 0xE7, 0xC1, 0x00,
    0x00, 0x64, 0xAF, 0x31, 0x00, 0x00, 0x00, 0x00, 0x48, 0xFF, 0xDC, 0x99, 0x99, 0xFF, 0xDC, 0x13,
    0xC3, 0x54, 0x00, 0x00, 0xFF, 0xE7, 0xC1, 0x00, 0x00, 0x78, 0x78, 0x4E, 0x00, 0x00, 0x00, 0x00,
    0x48, 0xFF, 0xDC, 0x99, 0x99, 0xFF, 0xDC, 0x13, 0xC3, 0x54, 0x00, 0x00, 0xFF, 0xE7, 0xC1, 0x00,
    0x00, 0x3A, 0x70, 0x00, 0x00, 0x00, 0x00, 0x00, 0x27, 0xFF, 0xFF, 0x78, 0x00, 0xA6, 0x84, 0x00,
    0x00, 0xEB, 0x33, 0x00, 0xB9, 0xFF, 0xA7, 0x00, 0x00, 0x09, 0xA8, 0x13, 0x00, 0x00, 0x00, 0x00,
    0x27, 0xFF, 0xFF, 0x78, 0x00, 0xA6, 0x84, 0x00, 0x00, 0xEB, 0x33, 0x00, 0xB9, 0xFF, 0xA7, 0x00,
    0x00, 0x70, 0xB2, 0x24, 0x00, 0x00, 0x00, 0x00, 0x27, 0xFF, 0xFF, 0x78, 0x00, 0xA6, 0x84, 0x00,
    0x00, 0xEB, 0x33, 0x00, 0xB9, 0xFF, 0xA7, 0x00, 0x00, 0x87, 0x78, 0x3F, 0x00, 0x00, 0x00, 0x00,
    0x27, 0xFF, 0xFF, 0x78, 0x00, 0xA6, 0x84, 0x00, 0x00, 0xEB, 0x33, 0x00, 0xB9, 0xFF, 0xA7, 0x00,
    0x57, 0xFF, 0xFF, 0x4F, 0xEC, 0xF1, 0xA5, 0xB5, 0xDA, 0x4C, 0xC5, 0x6F, 0xFF, 0xED, 0xCA, 0x04,
    0x00, 0x09, 0x32, 0x3A, 0x00, 0x2A, 0xD3, 0x69, 0x00, 0x00, 0x00, 0x00, 0x00, 0x9D, 0x74, 0xB4,
    0x00, 0xC1, 0xB9, 0x87, 0x00, 0xD8, 0xE6, 0x36, 0x03, 0xC4, 0xCD, 0x00, 0x00, 0x30, 0x78, 0x00,
    0x00, 0x00, 0x00, 0x00, 0x33, 0xED, 0xFF, 0x48, 0xC0, 0x79, 0xBE, 0x9A, 0xFF, 0x27, 0xDF, 0x52,
    0xA8, 0xF1, 0xB6, 0x00, 0x00, 0x07, 0xC4, 0x1C, 0x00, 0x00, 0x00, 0x00, 0x33, 0xED, 0xFF, 0x48,
    0xC0, 0x79, 0xBE, 0x9A, 0xFF, 0x27, 0xDF, 0x52, 0xA8, 0xF1, 0xB6, 0x00, 0x00, 0x79, 0xB2, 0x1B,
    0x00, 0x00, 0x00, 0x00, 0x33, 0xED, 0xFF, 0x48, 0xC0, 0x79, 0xBE, 0x9A, 0xFF, 0x27, 0xDF, 0x52,
    0xA8, 0xF1, 0xB6, 0x00, 0x00, 0x31, 0x2D, 0x3A, 0x00, 0xBA, 0xED, 0x4C, 0x00, 0x00, 0x00, 0x00,
    0x33, 0xED, 0xFF, 0x48, 0xC0, 0x79, 0xBE, 0x9A, 0xFF, 0x27, 0xDF, 0x52, 0xA8, 0xF1, 0xB6, 0x00,
    0x00, 0x8B, 0x78, 0x3A, 0x00, 0x00, 0x00, 0x00, 0x33, 0xED, 0xFF, 0x48, 0xC0, 0x79, 0xBE, 0x9A,
    0xFF, 0x27, 0xDF, 0x52, 0xA8, 0xF1, 0xB6, 0x00, 0x88, 0xA3, 0xCE, 0x16, 0x22, 0xFF, 0xC1, 0x00,
    0x64, 0x2E, 0x7E, 0x16, 0x00, 0x00, 0x00, 0x03, 0x00, 0x5C, 0xF8, 0xAD, 0x00, 0xBF, 0xEE, 0x9A,
    0x00, 0xED, 0xD9, 0x52, 0x26, 0xF1, 0xCD, 0x00, 0x01, 0x01, 0x00, 0x00, 0x00, 0x3A, 0x70, 0x00,
    0x00, 0x00, 0x00, 0x00, 0x90, 0xBE, 0x60, 0xC6, 0xBB, 0x69, 0xB2, 0x9A, 0xFD, 0x18, 0xDF, 0x42,
    0xC5, 0xEC, 0xC8, 0x00, 0x00, 0x07, 0xC4, 0x19, 0x00, 0x00, 0x00, 0x00, 0x90, 0xBE, 0x60, 0xC6,
    0xBB, 0x69, 0xB2, 0x9A, 0xFD, 0x18, 0xDF, 0x42, 0xC5, 0xEC, 0xC8, 0x00, 0x00, 0x70, 0xB2, 0x24,
    0x00, 0x00, 0x00, 0x00, 0x90, 0xBE, 0x60, 0xC6, 0xBB, 0x69, 0xB2, 0x9A, 0xFD, 0x18, 0xDF, 0x42,
    0xC5, 0xEC, 0xC8, 0x00, 0x00, 0x87, 0x78, 0x3F, 0x00, 0x00, 0x00, 0x00, 0x90, 0xBE, 0x60, 0xC6,
    0xBB, 0x69, 0xB2, 0x9A, 0xFD, 0x18, 0xDF, 0x42, 0xC5, 0xEC, 0xC8, 0x00, 0x00, 0x07, 0xC4, 0x19,
    0x00, 0x00, 0x00, 0x00, 0x9C, 0xA6, 0x79, 0xBF, 0x1E, 0xFC, 0xE7, 0x0C, 0x00, 0xFF, 0x3D, 0x00,
    0x04, 0xFF, 0x00, 0x00, 0x4E, 0xE1, 0x00, 0x00, 0xA0, 0xFF, 0xE3, 0x4F, 0xCA, 0xDF, 0xCE, 0x2E,
    0xFF, 0x04, 0x00, 0x00, 0x16, 0xE9, 0xE3, 0x5D, 0x87, 0xC9, 0xC8, 0x2A, 0xBA, 0x81, 0xF3, 0x3C,
    0xFF, 0xAD, 0xF0, 0x39, 0x00, 0x84, 0x6A, 0x00, 0x00, 0x00, 0x00, 0x00, 0x33, 0xBC, 0xF8, 0x4F,
    0x87, 0xBA, 0xFF, 0x57, 0xE1, 0xB7, 0xFF, 0x0C, 0x00, 0x0A, 0xB6, 0x39, 0x00, 0x00, 0x00, 0x00,
    0x33, 0xBC, 0xF8, 0x4F, 0x87, 0xBA, 0xFF, 0x57, 0xE1, 0xB7, 0xFF, 0x0C, 0x00, 0x7E, 0xB7, 0x1B,
    0x00, 0x00, 0x00, 0x00, 0x33, 0xBC, 0xF8, 0x4F, 0x87, 0xBA, 0xFF, 0x57, 0xE1, 0xB7, 0xFF, 0x0C,
    0x00, 0x3A, 0x2E, 0x37, 0x00, 0xA2, 0xF2, 0x43, 0x00, 0x00, 0x00, 0x00, 0x33, 0xBC, 0xFA, 0x4F,
    0x87, 0xBA, 0xFF, 0x57, 0xE1, 0xB7, 0xFF, 0x0C, 0x00, 0x93, 0x7E, 0x36, 0x00, 0x00, 0x00, 0x00,
    0x33, 0xBC, 0xF8, 0x4F, 0x87, 0xBA, 0xFF, 0x57, 0xE1, 0xB7, 0xFF, 0x0C, 0x00, 0x28, 0x73, 0x00,
    0x00, 0x8A, 0xBA, 0x10, 0x00, 0x00, 0x00, 0x00, 0x33, 0xBC, 0xF8, 0x4F, 0x87, 0xBA, 0xFF, 0x57,
    0xE1, 0xB7, 0xFF, 0x0C, 0x00, 0x91, 0xD7, 0xB1, 0x00, 0xBC, 0xDD, 0x9A, 0x08, 0xE3, 0xCB, 0x2B,
    0x30, 0xE3, 0xCF, 0x45, 0xB1, 0x7E, 0x00, 0x00, 0x82, 0xF5, 0xA6, 0x00, 0x15, 0xA9, 0x1F, 0x00,
    0x00, 0x8D, 0x60, 0x00, 0x00, 0x00, 0x00, 0x00, 0x57, 0xDF, 0xE8, 0x3C, 0xE2, 0xCB, 0xD0, 0x6A,
    0xB7, 0xD9, 0xB7, 0x01, 0x00, 0x1E, 0xBB, 0x22, 0x00, 0x00, 0x00, 0x00, 0x57, 0xDF, 0xE8, 0x3C,
    0xE2, 0xCB, 0xD0, 0x6A, 0xB7, 0xD9, 0xB7, 0x01, 0x00, 0x93, 0xB2, 0x0C, 0x00, 0x00, 0x00, 0x00,
    0x57, 0xDF, 0xE8, 0x3C, 0xE2, 0xCB, 0xD0, 0x6A, 0xB7, 0xD9, 0xB7, 0x01, 0x00, 0xA3, 0x8D, 0x16,
    0x00, 0x00, 0x00, 0x00, 0x57, 0xDF, 0xE8, 0x3C, 0xE2, 0xCB, 0xD0, 0x6A, 0xB7, 0xD9, 0xB7, 0x01,
    0x01, 0xBD, 0x1E, 0x00, 0x00, 0x00, 0x00, 0x00, 0x24, 0xFF, 0x7F, 0x00, 0x00, 0xF3, 0x25, 0x00,
    0x00, 0xFF, 0xBC, 0x13, 0x00, 0x21, 0xBB, 0x1F, 0x00, 0x00, 0x00, 0x00, 0x40, 0xFF, 0x4F, 0x00,
    0x00, 0xFF, 0x06, 0x00, 0x09, 0xFF, 0xB4, 0x01, 0x09, 0xA6, 0xB6, 0x00, 0x00, 0x00, 0x00, 0x00,
    0x3C, 0xFF, 0x55, 0x00, 0x00, 0xFF, 0x09, 0x00, 0x06, 0xFF, 0xB5, 0x01, 0x00, 0xA5, 0xA3, 0x01,
    0x00, 0x00, 0x00, 0x00, 0x31, 0xFF, 0x67, 0x00, 0x00, 0xFF, 0x12, 0x00, 0x00, 0xFF, 0xBA, 0x09,
    0x04, 0xBB, 0xE6, 0x36, 0x3D, 0xCD, 0xFF, 0x3F, 0xDD, 0x46, 0xB6, 0x6F, 0xBA, 0xDE, 0xDA, 0x0A,
    0x00, 0x48, 0x30, 0x2A, 0x00, 0xB0, 0xFB, 0x28, 0x00, 0x00, 0x00, 0x00, 0x72, 0xF6, 0xFF, 0x42,
    0xA2, 0x8B, 0xE7, 0x36, 0xE7, 0x36, 0xFF, 0x00, 0x00, 0x9D, 0x4C, 0x00, 0x00, 0x00, 0x00, 0x00,
    0x55, 0xDF, 0xF3, 0x36, 0xD8, 0x48, 0xB9, 0x72, 0xB1, 0xE1, 0xD5, 0x09, 0x00, 0x15, 0xBC, 0x2B,
    0x00, 0x00, 0x00, 0x00, 0x55, 0xDF, 0xF3, 0x36, 0xD8, 0x48, 0xB9, 0x72, 0xB1, 0xE1, 0xD5, 0x09,
    0x00, 0x93, 0xB2, 0x0C, 0x00, 0x00, 0x00, 0x00, 0x55, 0xDF, 0xF3, 0x36, 0xD8, 0x48, 0xB9, 0x72,
    0xB1, 0xE1, 0xD5, 0x09, 0x00, 0x48, 0x30, 0x2A, 0x00, 0xAF, 0xFC, 0x28, 0x00, 0x00, 0x00, 0x00,
    0x55, 0xDF, 0xF3, 0x36, 0xD8, 0x48, 0xB9, 0x72, 0xB1, 0xE1, 0xD5, 0x09, 0x00, 0xA3, 0x87, 0x1E,
    0x00, 0x00, 0x00, 0x00, 0x55, 0xDF, 0xF3, 0x36, 0xD8, 0x48, 0xB9, 0x72, 0xB1, 0xE1, 0xD5, 0x09,
    0x00, 0xAA, 0x4E, 0x00, 0xA2, 0xC8, 0xC8, 0x61, 0x00, 0xAA, 0x4E, 0x00, 0x00, 0x00, 0x00, 0x16,
    0x00, 0x7B, 0xF8, 0xAB, 0x00, 0xD5, 0xEE, 0x70, 0x0B, 0xE9, 0xDE, 0x09, 0x02, 0x0E, 0x00, 0x00,
    0x00, 0x8B, 0x4F, 0x00, 0x00, 0x00, 0x00, 0x00, 0x7F, 0xA5, 0xB0, 0x72, 0xB0, 0x76, 0xFA, 0x22,
    0xAC, 0xCD, 0xFF, 0x00, 0x00, 0x0D, 0xB5, 0x25, 0x00, 0x00, 0x00, 0x00, 0x7F, 0xA5, 0xB0, 0x72,
    0xB0, 0x76, 0xFA, 0x22, 0xAC, 0xCD, 0xFF, 0x00, 0x00, 0x84, 0xA8, 0x0F, 0x00, 0x00, 0x00, 0x00,
    0x7F, 0xA5, 0xB0, 0x72, 0xB0, 0x76, 0xFA, 0x22, 0xAC, 0xCD, 0xFF, 0x00, 0x00, 0x9F, 0x82, 0x25,
    0x00, 0x00, 0x00, 0x00, 0x7F, 0xA5, 0xB0, 0x72, 0xB0, 0x76, 0xFA, 0x22, 0xAC, 0xCD, 0xFF, 0x00,
    0x00, 0x03, 0x8B, 0x3C, 0x00, 0x00, 0x00, 0x00, 0x00, 0x9F, 0xB1, 0xA3, 0x00, 0x6F, 0xEE, 0x03,
    0x00, 0x41, 0x70, 0x00, 0x14, 0xC5, 0x2B, 0x00, 0x00, 0x58, 0x3C, 0x00, 0x00, 0x9B, 0xFD, 0x52,
    0x00, 0xA7, 0x9D, 0x84, 0x00, 0xE9, 0xDB, 0x10, 0x07, 0xBF, 0x00, 0x00, 0x00, 0x25, 0x83, 0x39,
    0x00, 0x00, 0x00, 0x00, 0x00, 0x9F, 0xB1, 0xA3, 0x00, 0x6F, 0xEE, 0x03, 0x00, 0x41, 0x70, 0x00,
    0x14, 0xC5, 0x2B, 0x00, 0x10, 0xD2, 0xAC, 0x02, 0xC9, 0xCD, 0x97, 0x6D, 0xA0, 0x87, 0x25, 0x63,
    0xCB, 0x73, 0x13, 0x10, 0xDF, 0x8D, 0xA0, 0x5E, 0x9A, 0xBE, 0x18, 0x10, 0xFF, 0xA0, 0x99, 0x69,
    0x60, 0xA3, 0x04, 0x27, 0xF0, 0xF6, 0x28, 0x00, 0x30, 0xD3, 0x9F, 0x00, 0xC1, 0xA5, 0x00, 0x02,
    0xE2, 0x5C, 0x00, 0x00, 0x81, 0xD3, 0x00, 0x6D, 0x1E, 0x00, 0x00, 0xFF, 0xD8, 0xD2, 0x4E, 0x2B,
    0x15, 0x00, 0x00, 0x00, 0x33, 0x01, 0x3A, 0xFF, 0x91, 0x00, 0xD2, 0x00, 0x00, 0xD2, 0x00, 0x00,
    0x00, 0x87, 0x03, 0xC0, 0xD2, 0xFF, 0x51, 0x00, 0x00, 0x40, 0x00, 0x00, 0x36, 0x00, 0x00, 0xD2,
    0x00, 0x0A, 0xD5, 0x0F, 0x2E, 0xFF, 0x85, 0x6D, 0x1E, 0x87, 0x03, 0xFF, 0xD8, 0xFF, 0x51, 0x2B,
    0x15, 0x40, 0x00, 0x00, 0x33, 0x01, 0x3A, 0xFF, 0x91, 0x0A, 0xD5, 0x0F, 0x2E, 0xFF, 0x85, 0x00,
    0x5B, 0x36, 0x00, 0x00, 0x6C, 0x72, 0x00, 0x18, 0x7E, 0x9A, 0x00, 0x0A, 0x9F, 0x6A, 0x00, 0x0A,
    0x0C, 0xA6, 0x10, 0xC0, 0xFF, 0xE4, 0x3A, 0xCE, 0xFF, 0xE1, 0x3F, 0xB5, 0x13, 0x00, 0x00, 0xCA,
    0xDC, 0xDC, 0x2D, 0x69, 0x72, 0x72, 0x13, 0x94, 0xA2, 0xA2, 0x1B, 0xCE, 0xE1, 0xE1, 0x2D, 0x00,
    0x09, 0x6C, 0x1E, 0xC3, 0xDC, 0x9D, 0x0F, 0x70, 0xC0, 0xD4, 0x25, 0xCE, 0xE1, 0xE6, 0x36, 0x7B,
    0x18, 0x00, 0x00, 0x7B, 0xC6, 0xE3, 0x22, 0xBE, 0xCE, 0x94, 0x0C, 0xDA, 0xE1, 0xE1, 0x2D, 0x00,
    0x21, 0xB5, 0x40, 0x00, 0xB6, 0x1C, 0xB6, 0x00, 0xBC, 0x0D, 0xB7, 0x2A, 0xA2, 0xA5, 0x4E, 0x01,
    0x00, 0x00, 0x00, 0x00, 0x00, 0x00, 0x67, 0x51, 0x01, 0x4E, 0x00, 0x66, 0x6C, 0x85, 0x6D, 0x66,
    0x3F, 0x6C, 0x4C, 0xB4, 0x6C, 0x6C, 0x52, 0x00, 0x0D, 0x00, 0x00, 0x00, 0x09, 0xA0, 0xA0, 0x81,
    0x0E, 0xFA, 0xFA, 0xA7, 0x03, 0x54, 0x54, 0x37, 0xA8, 0xB4, 0xB4, 0xB4, 0xB4, 0xB4, 0xB4, 0x3A,
    0xFF, 0x1B, 0xFF, 0x1E, 0xFF, 0x1E, 0xFF, 0x1E, 0xFF, 0x1E, 0xFF, 0x1E, 0xFF, 0x1E, 0x6C, 0x09,
    0xA5, 0x7B, 0x7B, 0x5A, 0xD5, 0xA0, 0xA0, 0x8B, 0x48, 0x34, 0x34, 0x27, 0x10, 0xB4, 0x81, 0x91,
    0x88, 0x88, 0xB4, 0x07, 0x1E, 0x01, 0xFF, 0x1E, 0xC5, 0x15, 0xDE, 0x18, 0xD2, 0x16, 0xD2, 0x16,
    0xFF, 0x1E, 0x0F, 0x00, 0x6C, 0x69, 0x7B, 0x57, 0xA8, 0xA3, 0xA0, 0x87, 0x2E, 0x2D, 0x34, 0x25,
    0x0D, 0xB4, 0x54, 0x9F, 0x70, 0x5B, 0xB4, 0x1E, 0x19, 0x01, 0xFF, 0x1E, 0x9A, 0x0D, 0xF3, 0x19,
    0xAB, 0x12, 0xA9, 0x0F, 0xFF, 0x1E, 0x37, 0x04, 0x5A, 0xA0, 0x78, 0xB4, 0x00, 0x00, 0xB4, 0x00,
    0x00, 0xB4, 0x00, 0x00, 0x40, 0x00, 0x00, 0x8B, 0xFA, 0xBB, 0xB4, 0x54, 0x34, 0xB4, 0x00, 0x00,
    0xB4, 0x00, 0x00, 0x3A, 0x00, 0x00, 0xA5, 0xA0, 0x5A, 0xFF, 0x1E, 0x00, 0xFF, 0x1E, 0x00, 0xFF,
    0x1E, 0x00, 0x76, 0x0A, 0x00, 0xD5, 0xFA, 0x8B, 0xFF, 0x6A, 0x27, 0xFF, 0x1E, 0x00, 0xFF, 0x1E,
    0x00, 0x6C, 0x09, 0x00, 0x00, 0x15, 0xA0, 0xA0, 0x00, 0x00, 0x00, 0xB4, 0x00, 0x00, 0x00, 0xB4,
    0x00, 0x00, 0x00, 0xB4, 0x00, 0x00, 0x00, 0x40, 0x00, 0x1F, 0xFA, 0xFA, 0x00, 0x09, 0x54, 0xBA,
    0x00, 0x00, 0x00, 0xB4, 0x00, 0x00, 0x00, 0xB4, 0x00, 0x00, 0x00, 0x3A, 0x20, 0x92, 0x8E, 0x0F,
    0x00, 0x00, 0xE3, 0x1E, 0x00, 0x00, 0xE3, 0x1E, 0x00, 0x00, 0xE3, 0x1E, 0x00, 0x00, 0x69, 0x0A,
    0x31, 0xE5, 0xDE, 0x16, 0x0D, 0x4C, 0xE3, 0x1E, 0x00, 0x00, 0xE3, 0x1E, 0x00, 0x00, 0xE3, 0x1E,
    0x00, 0x00, 0x60, 0x09, 0xA2, 0x00, 0x00, 0xB4, 0x00, 0x00, 0xB4, 0x00, 0x00, 0xB4, 0xA0, 0x78,
    0xA8, 0x00, 0x00, 0xB4, 0x00, 0x00, 0xB4, 0x00, 0x00, 0xB4, 0xFA, 0xBB, 0x27, 0x54, 0x34, 0xF8,
    0x1B, 0x00, 0xFF, 0x1E, 0x00, 0xFF, 0x1E, 0x00, 0xFF, 0xAC, 0x5A, 0xFF, 0x1B, 0x00, 0xFF, 0x1E,
    0x00, 0xFF, 0x1E, 0x00, 0xFF, 0xFF, 0x8B, 0x48, 0x54, 0x27, 0x00, 0x00, 0x00, 0xA2, 0x00, 0x00,
    0x00, 0xB4, 0x00, 0x00, 0x00, 0xB4, 0x00, 0x15, 0xA0, 0xEB, 0x00, 0x00, 0x00, 0xA8, 0x00, 0x00,
    0x00, 0xB4, 0x00, 0x00, 0x00, 0xB4, 0x00, 0x1F, 0xFA, 0xFF, 0x00, 0x09, 0x54, 0x54, 0x00, 0x00,
    0xDC, 0x1B, 0x00, 0x00, 0xE3, 0x1E, 0x00, 0x00, 0xE3, 0x1E, 0x20, 0x92, 0xE3, 0x1E, 0x00, 0x00,
    0xE3, 0x1B, 0x00, 0x00, 0xE3, 0x1E, 0x00, 0x00, 0xE3, 0x1E, 0x31, 0xE5, 0xE3, 0x1E, 0x0D, 0x4C,
    0x4A, 0x06, 0xA8, 0x00, 0x00, 0xB4, 0x00, 0x00, 0xB4, 0x00, 0x00, 0xB4, 0xA5, 0x7B, 0xB4, 0x00,
    0x00, 0xB4, 0x00, 0x00, 0xB4, 0x00, 0x00, 0x3A, 0x00, 0x00, 0xA8, 0x00, 0x00, 0xB4, 0x00, 0x00,
    0xB4, 0x00, 0x00, 0xB4, 0xFF, 0xBE, 0xB4, 0x54, 0x34, 0xB4, 0x00, 0x00, 0xB4, 0x00, 0x00, 0x3A,
    0x00, 0x00, 0xEC, 0x19, 0x00, 0xFF, 0x1E, 0x00, 0xFF, 0x1E, 0x00, 0xFF, 0xBD, 0x51, 0xBA, 0x12,
    0x07, 0xB4, 0x00, 0x00, 0xB4, 0x00, 0x00, 0x48, 0x00, 0x00, 0x5A, 0x00, 0x00, 0xB4, 0x00, 0x00,
    0xB4, 0x00, 0x00, 0xA1, 0x24, 0x10, 0xFF, 0xAC, 0x48, 0xFF, 0x1E, 0x00, 0xFF, 0x1E, 0x00, 0xD2,
    0x16, 0x00, 0xFF, 0x1B, 0x00, 0xFF, 0x1E, 0x00, 0xFF, 0x1E, 0x00, 0xFF, 0xB0, 0x5B, 0xFF, 0x1E,
    0x00, 0xFF, 0x1E, 0x00, 0xFF, 0x1E, 0x00, 0x6C, 0x09, 0x00, 0xFF, 0x1B, 0x00, 0xFF, 0x1E, 0x00,
    0xFF, 0x1E, 0x00, 0xFF, 0xFF, 0x8E, 0xB0, 0x54, 0x27, 0xB4, 0x00, 0x00, 0xB4, 0x00, 0x00, 0x3A,
    0x00, 0x00, 0xA8, 0x00, 0x00, 0xB4, 0x00, 0x00, 0xB4, 0x00, 0x00, 0xF7, 0xFA, 0x8B, 0xFF, 0x6A,
    0x27, 0xFF, 0x1E, 0x00, 0xFF, 0x1E, 0x00, 0x6C, 0x09, 0x00, 0xFF, 0x1B, 0x00, 0xFF, 0x1E, 0x00,
    0xFF, 0x1E, 0x00, 0xFF, 0xFF, 0x8E, 0xFF, 0x6A, 0x27, 0xFF, 0x1E, 0x00, 0xFF, 0x1E, 0x00, 0x6C,
    0x09, 0x00, 0x00, 0x00, 0x00, 0xA8, 0x00, 0x00, 0x00, 0xB4, 0x00, 0x00, 0x00, 0xB4, 0x00, 0x15,
    0xA5, 0xED, 0x00, 0x00, 0x00, 0xB4, 0x00, 0x00, 0x00, 0xB4, 0x00, 0x00, 0x00, 0xB4, 0x00, 0x00,
    0x00, 0x3A, 0x00, 0x00, 0x00, 0xA8, 0x00, 0x00, 0x00, 0xB4, 0x00, 0x00, 0x00, 0xB4, 0x00, 0x21,
    0xFF, 0xFF, 0x00, 0x09, 0x54, 0xBA, 0x00, 0x00, 0x00, 0xB4, 0x00, 0x00, 0x00, 0xB4, 0x00, 0x00,
    0x00, 0x3A, 0x00, 0x00, 0xDC, 0x1B, 0x00, 0x00, 0xE3, 0x1E, 0x00, 0x00, 0xE3, 0x1E, 0x20, 0x92,
    0xE3, 0x1E, 0x00, 0x00, 0x9E, 0x00, 0x00, 0x00, 0x9E, 0x00, 0x00, 0x00, 0x9E, 0x00, 0x00, 0x00,
    0x38, 0x00, 0x00, 0x00, 0x8E, 0x00, 0x00, 0x00, 0x9E, 0x00, 0x00, 0x00, 0x9E, 0x00, 0x20, 0x92,
    0xD0, 0x0F, 0x00, 0x00, 0xE3, 0x1E, 0x00, 0x00, 0xE3, 0x1E, 0x00, 0x00, 0xE3, 0x1E, 0x00, 0x00,
    0x69, 0x0A, 0x00, 0x00, 0xE3, 0x1B, 0x00, 0x00, 0xE3, 0x1E, 0x00, 0x00, 0xE3, 0x1E, 0x21, 0x97,
    0xE3, 0x1E, 0x00, 0x00, 0xE3, 0x1E, 0x00, 0x00, 0xE3, 0x1E, 0x00, 0x00, 0xE3, 0x1E, 0x00, 0x00,
    0x60, 0x09, 0x00, 0x00, 0xE3, 0x1B, 0x00, 0x00, 0xE3, 0x1E, 0x00, 0x00, 0xE3, 0x1E, 0x31, 0xE5,
    0xE3, 0x1E, 0x0D, 0x4C, 0xA4, 0x06, 0x00, 0x00, 0x9E, 0x00, 0x00, 0x00, 0x9E, 0x00, 0x00, 0x00,
    0x33, 0x00, 0x00, 0x00, 0x93, 0x00, 0x00, 0x00, 0x9E, 0x00, 0x00, 0x00, 0x9E, 0x00, 0x31, 0xE5,
    0xE2, 0x16, 0x0D, 0x4C, 0xE3, 0x1E, 0x00, 0x00, 0xE3, 0x1E, 0x00, 0x00, 0xE3, 0x1E, 0x00, 0x00,
    0x60, 0x09, 0x00, 0x00, 0xE3, 0x1B, 0x00, 0x00, 0xE3, 0x1E, 0x00, 0x00, 0xE3, 0x1E, 0x33, 0xE9,
    0xE3, 0x1E, 0x0D, 0x4C, 0xE3, 0x1E, 0x00, 0x00, 0xE3, 0x1E, 0x00, 0x00, 0xE3, 0x1E, 0x00, 0x00,
    0x60, 0x09, 0x09, 0xA0, 0xA0, 0x81, 0x00, 0x2A, 0x33, 0x00, 0x00, 0x2A, 0x33, 0x00, 0x00, 0x2A,
    0x33, 0x00, 0x00, 0x0F, 0x11, 0x00, 0x0E, 0xFA, 0xB9, 0x81, 0x03, 0x6B, 0x39, 0x00, 0x00, 0x29,
    0x36, 0x00, 0x00, 0x29, 0x36, 0x00, 0x00, 0x0D, 0x10, 0x00, 0xA2, 0xB1, 0xFA, 0xDE, 0x00, 0x4E,
    0xA3, 0x49, 0x00, 0x4E, 0x66, 0x00, 0x00, 0x4E, 0x66, 0x00, 0x00, 0x19, 0x21, 0x00, 0x0E, 0xFA,
    0xFA, 0xA7, 0x03, 0x6C, 0x72, 0x37, 0x00, 0x2A, 0x33, 0x00, 0x00, 0x2A, 0x33, 0x00, 0x00, 0x0E,
    0x10, 0x00, 0x26, 0xA0, 0xA0, 0x5A, 0x00, 0x40, 0x56, 0x00, 0x00, 0x40, 0x56, 0x00, 0x00, 0x40,
    0x56, 0x00, 0x00, 0x1E, 0x25, 0x00, 0x3B, 0xFA, 0xBB, 0x5A, 0x10, 0x7F, 0x56, 0x00, 0x00, 0x40,
    0x56, 0x00, 0x00, 0x40, 0x56, 0x00, 0x00, 0x1B, 0x22, 0x00, 0x26, 0xB3, 0xF7, 0x8B, 0x00, 0x40,
    0x8F, 0x27, 0x00, 0x40, 0x56, 0x00, 0x00, 0x40, 0x56, 0x00, 0x00, 0x1B, 0x22, 0x00, 0x3B, 0xFA,
    0xFA, 0x8B, 0x10, 0x7F, 0x8F, 0x27, 0x00, 0x40, 0x56, 0x00, 0x00, 0x40, 0x56, 0x00, 0x00, 0x1B,
    0x22, 0x00, 0x00, 0x26, 0x2D, 0x00, 0x00, 0x2A, 0x33, 0x00, 0x00, 0x2A, 0x33, 0x00, 0x09, 0xB2,
    0xB5, 0x81, 0x00, 0x2A, 0x2A, 0x00, 0x00, 0x2D, 0x2D, 0x00, 0x00, 0x2D, 0x2D, 0x00, 0x17, 0xFB,
    0xB8, 0x78, 0x07, 0x54, 0x15, 0x00, 0x00, 0x2A, 0x2A, 0x00, 0x00, 0x2D, 0x2D, 0x00, 0x00, 0x2D,
    0x2D, 0x00, 0x10, 0xB3, 0xF6, 0xBB, 0x00, 0x0A, 0x49, 0x34, 0x00, 0x27, 0x2F, 0x00, 0x00, 0x2A,
    0x33, 0x00, 0x00, 0x2A, 0x33, 0x00, 0x0E, 0xFB, 0xFC, 0xA7, 0x03, 0x54, 0x54, 0x37, 0x00, 0x3E,
    0x52, 0x00, 0x00, 0x40, 0x56, 0x00, 0x00, 0x40, 0x56, 0x00, 0x26, 0xB8, 0xC1, 0x5A, 0x00, 0x40,
    0x54, 0x00, 0x00, 0x40, 0x56, 0x00, 0x00, 0x40, 0x56, 0x00, 0x3B, 0xFB, 0xC1, 0x5A, 0x10, 0x54,
    0x1A, 0x00, 0x00, 0x40, 0x54, 0x00, 0x00, 0x40, 0x56, 0x00, 0x00, 0x40, 0x56, 0x00, 0x26, 0xB8,
    0xFF, 0x8B, 0x00, 0x12, 0x51, 0x27, 0x00, 0x40, 0x54, 0x00, 0x00, 0x40, 0x56, 0x00, 0x00, 0x40,
    0x56, 0x00, 0x3B, 0xFB, 0xFF, 0x8B, 0x10, 0x54, 0x54, 0x27, 0x00, 0x27, 0x2F, 0x00, 0x00, 0x2A,
    0x33, 0x00, 0x00, 0x2A, 0x33, 0x00, 0x09, 0xB6, 0xB8, 0x84, 0x00, 0x2A, 0x33, 0x00, 0x00, 0x2A,
    0x33, 0x00, 0x00, 0x2A, 0x33, 0x00, 0x00, 0x0E, 0x10, 0x00, 0x00, 0x2A, 0x2A, 0x00, 0x00, 0x2D,
    0x2D, 0x00, 0x00, 0x2D, 0x2D, 0x00, 0x19, 0xFF, 0xBC, 0x7B, 0x07, 0x6E, 0x2F, 0x00, 0x00, 0x2D,
    0x2D, 0x00, 0x00, 0x2D, 0x2D, 0x00, 0x00, 0x0F, 0x0F, 0x00, 0x00, 0x2A, 0x2A, 0x00, 0x00, 0x2D,
    0x2D, 0x00, 0x00, 0x2D, 0x2D, 0x00, 0x10, 0xB7, 0xFB, 0xBE, 0x00, 0x2D, 0x6C, 0x34, 0x00, 0x2D,
    0x2D, 0x00, 0x00, 0x2D, 0x2D, 0x00, 0x00, 0x0F, 0x0F, 0x00, 0x00, 0x27, 0x2F, 0x00, 0x00, 0x2A,
    0x33, 0x00, 0x00, 0x2A, 0x33, 0x00, 0x0E, 0xFF, 0xFF, 0xAB, 0x03, 0x6C, 0x72, 0x37, 0x00, 0x2A,
    0x33, 0x00, 0x00, 0x2A, 0x33, 0x00, 0x00, 0x0E, 0x10, 0x00, 0x00, 0x3E, 0x52, 0x00, 0x00, 0x40,
    0x56, 0x00, 0x00, 0x40, 0x56, 0x00, 0x26, 0xB8, 0xC1, 0x5A, 0x00, 0x2D, 0x2D, 0x00, 0x00, 0x2D,
    0x2D, 0x00, 0x00, 0x2D, 0x2D, 0x00, 0x00, 0x10, 0x10, 0x00, 0x00, 0x29, 0x29, 0x00, 0x00, 0x2D,
    0x2D, 0x00, 0x00, 0x2D, 0x2D, 0x00, 0x26, 0xB3, 0xB3, 0x5A, 0x00, 0x40, 0x56, 0x00, 0x00, 0x40,
    0x56, 0x00, 0x00, 0x40, 0x56, 0x00, 0x00, 0x1E, 0x25, 0x00, 0x00, 0x40, 0x54, 0x00, 0x00, 0x40,
    0x56, 0x00, 0x00, 0x40, 0x56, 0x00, 0x27, 0xBC, 0xC4, 0x5B, 0x00, 0x40, 0x56, 0x00, 0x00, 0x40,
    0x56, 0x00, 0x00, 0x40, 0x56, 0x00, 0x00, 0x1B, 0x22, 0x00, 0x00, 0x40, 0x54, 0x00, 0x00, 0x40,
    0x56, 0x00, 0x00, 0x40, 0x56, 0x00, 0x3B, 0xFB, 0xC1, 0x5A, 0x10, 0x6E, 0x33, 0x00, 0x00, 0x2D,
    0x2D, 0x00, 0x00, 0x2D, 0x2D, 0x00, 0x00, 0x0F, 0x0F, 0x00, 0x00, 0x40, 0x54, 0x00, 0x00, 0x40,
    0x56, 0x00, 0x00, 0x40, 0x56, 0x00, 0x26, 0xB8, 0xFF, 0x8E, 0x00, 0x2C, 0x6B, 0x27, 0x00, 0x2D,
    0x2D, 0x00, 0x00, 0x2D, 0x2D, 0x00, 0x00, 0x0F, 0x0F, 0x00, 0x00, 0x2A, 0x2A, 0x00, 0x00, 0x2D,
    0x2D, 0x00, 0x00, 0x2D, 0x2D, 0x00, 0x3B, 0xFB, 0xBC, 0x5A, 0x10, 0x7F, 0x56, 0x00, 0x00, 0x40,
    0x56, 0x00, 0x00, 0x40, 0x56, 0x00, 0x00, 0x1B, 0x22, 0x00, 0x00, 0x2A, 0x2A, 0x00, 0x00, 0x2D,
    0x2D, 0x00, 0x00, 0x2D, 0x2D, 0x00, 0x26, 0xB8, 0xFB, 0x8B, 0x00, 0x40, 0x8F, 0x27, 0x00, 0x40,
    0x56, 0x00, 0x00, 0x40, 0x56, 0x00, 0x00, 0x1B, 0x22, 0x00, 0x00, 0x40, 0x54, 0x00, 0x00, 0x40,
    0x56, 0x00, 0x00, 0x40, 0x56, 0x00, 0x3B, 0xFB, 0xFF, 0x8B, 0x10, 0x6E, 0x6E, 0x27, 0x00, 0x2D,
    0x2D, 0x00, 0x00, 0x2D, 0x2D, 0x00, 0x00, 0x0F, 0x0F, 0x00, 0x00, 0x2A, 0x2A, 0x00, 0x00, 0x2D,
    0x2D, 0x00, 0x00, 0x2D, 0x2D, 0x00, 0x3B, 0xFB, 0xFB, 0x8B, 0x10, 0x7F, 0x8F, 0x27, 0x00, 0x40,
    0x56, 0x00, 0x00, 0x40, 0x56, 0x00, 0x00, 0x1B, 0x22, 0x00, 0x00, 0x40, 0x54, 0x00, 0x00, 0x40,
    0x56, 0x00, 0x00, 0x40, 0x56, 0x00, 0x3D, 0xFF, 0xC4, 0x5B, 0x10, 0x7F, 0x56, 0x00, 0x00, 0x40,
    0x56, 0x00, 0x00, 0x40, 0x56, 0x00, 0x00, 0x1B, 0x22, 0x00, 0x00, 0x40, 0x54, 0x00, 0x00, 0x40,
    0x56, 0x00, 0x00, 0x40, 0x56, 0x00, 0x27, 0xBC, 0xFF, 0x8E, 0x00, 0x40, 0x8F, 0x27, 0x00, 0x40,
    0x56, 0x00, 0x00, 0x40, 0x56, 0x00, 0x00, 0x1B, 0x22, 0x00, 0x00, 0x40, 0x54, 0x00, 0x00, 0x40,
    0x56, 0x00, 0x00, 0x40, 0x56, 0x00, 0x3D, 0xFF, 0xFF, 0x8E, 0x10, 0x7F, 0x8F, 0x27, 0x00, 0x40,
    0x56, 0x00, 0x00, 0x40, 0x56, 0x00, 0x00, 0x1B, 0x22, 0x00, 0xB1, 0x7B, 0xA0, 0x42, 0xE6, 0xA0,
    0xFA, 0x66, 0x4C, 0x34, 0x54, 0x1C, 0x07, 0xB4, 0xB4, 0x51, 0x61, 0xB4, 0xAB, 0x0F, 0x00, 0xFF,
    0x1E, 0xFF, 0x1E, 0x94, 0x0D, 0xB4, 0x0F, 0xFF, 0x1E, 0xFF, 0x1C, 0x09, 0xA0, 0xA0, 0x81, 0x09,
    0xA0, 0xA0, 0x81, 0xA8, 0xA8, 0xB4, 0xB4, 0xB4, 0xB4, 0xB4, 0xB4, 0xB4, 0xB4, 0xB4, 0xB4, 0xB4,
    0xB4, 0x3A, 0x3A, 0x91, 0xA0, 0x78, 0xB4, 0xA0, 0x78, 0xB4, 0x00, 0x00, 0xB4, 0x00, 0x00, 0x61,
    0x00, 0x00, 0xAB, 0xA0, 0x81, 0xB4, 0xB4, 0x00, 0xB4, 0xB4, 0x00, 0xB4, 0xB4, 0x00, 0x40, 0x40,
    0x00, 0xBC, 0xA0, 0x81, 0xB4, 0xC6, 0x81, 0xB4, 0xB4, 0x00, 0xB4, 0xB4, 0x00, 0x61, 0x61, 0x00,
    0x00, 0x15, 0xA0, 0xCE, 0x00, 0x15, 0xA0, 0xEB, 0x00, 0x00, 0x00, 0xB4, 0x00, 0x00, 0x00, 0xB4,
    0x00, 0x00, 0x00, 0x61, 0x08, 0x8E, 0x98, 0x63, 0x00, 0x00, 0xB4, 0xB4, 0x00, 0x00, 0xB4, 0xB4,
    0x00, 0x00, 0xB4, 0xB4, 0x00, 0x00, 0x40, 0x40, 0x08, 0x8E, 0x9F, 0x9A, 0x08, 0x8E, 0xA8, 0xB4,
    0x00, 0x00, 0xB4, 0xB4, 0x00, 0x00, 0xB4, 0xB4, 0x00, 0x00, 0x61, 0x61, 0x81, 0x00, 0x00, 0xB4,
    0x00, 0x00, 0xB4, 0x00, 0x00, 0xB4, 0xA5, 0x7B, 0x7B, 0xA0, 0x78, 0xA2, 0xA2, 0x00, 0xB4, 0xB4,
    0x00, 0xB4, 0xB4, 0x00, 0xD9, 0xEB, 0x81, 0x81, 0x81, 0x00, 0xB4, 0xB4, 0x00, 0xB4, 0xB4, 0x00,
    0xB4, 0xB6, 0x84, 0xAA, 0xA0, 0x81, 0x00, 0x00, 0x00, 0x81, 0x00, 0x00, 0x00, 0xB4, 0x00, 0x00,
    0x00, 0xB4, 0x00, 0x15, 0xA5, 0xED, 0x00, 0x15, 0xA0, 0xBB, 0x00, 0x00, 0xA2, 0xA2, 0x00, 0x00,
    0xB4, 0xB4, 0x00, 0x00, 0xB4, 0xB4, 0x08, 0x8E, 0xE5, 0xBD, 0x00, 0x00, 0x81, 0x81, 0x00, 0x00,
    0xB4, 0xB4, 0x00, 0x00, 0xB4, 0xB4, 0x08, 0x92, 0x95, 0xB4, 0x08, 0x8E, 0x9D, 0x84, 0xA8, 0x00,
    0x00, 0xB4, 0x00, 0x00, 0xB4, 0x12, 0x0A, 0xB4, 0xBA, 0x73, 0xB4, 0xB4, 0x70, 0xB4, 0x00, 0x00,
    0xB4, 0x00, 0x00, 0x3A, 0x00, 0x00, 0xA8, 0xA8, 0x00, 0xB4, 0xB4, 0x00, 0xB4, 0xB4, 0x00, 0xB4,
    0xE4, 0x84, 0xB4, 0xB4, 0x00, 0xB4, 0xB4, 0x00, 0xB4, 0xB4, 0x00, 0x3A, 0x3A, 0x00, 0xA8, 0xA8,
    0x00, 0xB4, 0xB4, 0x00, 0xB4, 0xBB, 0x0C, 0xB4, 0xB1, 0x7C, 0xB4, 0xDE, 0x78, 0xB4, 0xB4, 0x00,
    0xB4, 0xB4, 0x00, 0x3A, 0x3A, 0x00, 0x00, 0x00, 0x00, 0xA8, 0x00, 0x00, 0x00, 0xB4, 0x00, 0x01,
    0x12, 0xBD, 0x00, 0x13, 0xBA, 0xE7, 0x00, 0x13, 0xB4, 0xE4, 0x00, 0x00, 0x00, 0xB4, 0x00, 0x00,
    0x00, 0xB4, 0x00, 0x00, 0x00, 0x3A, 0x00, 0x00, 0xA8, 0xA8, 0x00, 0x00, 0xB4, 0xB4, 0x00, 0x00,
    0xB4, 0xB4, 0x08, 0x92, 0xA9, 0xB4, 0x00, 0x00, 0xB4, 0xB4, 0x00, 0x00, 0xB4, 0xB4, 0x00, 0x00,
    0xB4, 0xB4, 0x00, 0x00, 0x3A, 0x3A, 0x00, 0x00, 0xA8, 0xA8, 0x00, 0x00, 0xB4, 0xB4, 0x00, 0x10,
    0xB5, 0xB4, 0x06, 0xA4, 0x73, 0xB4, 0x06, 0x9F, 0xA8, 0xB4, 0x00, 0x00, 0xB4, 0xB4, 0x00, 0x00,
    0xB4, 0xB4, 0x00, 0x00, 0x3A, 0x3A, 0x09, 0xA0, 0xA0, 0x81, 0x09, 0xAB, 0xAC, 0x81, 0x00, 0x2A,
    0x33, 0x00, 0x00, 0x2A, 0x33, 0x00, 0x00, 0x17, 0x1B, 0x00, 0x09, 0xA0, 0xA0, 0x81, 0x00, 0x2D,
    0xB4, 0x00, 0x00, 0x2D, 0xB4, 0x00, 0x00, 0x2D, 0xB4, 0x00, 0x00, 0x10, 0x40, 0x00, 0x09, 0xA0,
    0xA0, 0x81, 0x09, 0xA1, 0xC0, 0x81, 0x00, 0x2D, 0xB4, 0x00, 0x00, 0x2D, 0xB4, 0x00, 0x00, 0x18,
    0x61, 0x00, 0x00, 0x1E, 0x23, 0x00, 0x00, 0x2A, 0x33, 0x00, 0x00, 0x2A, 0x33, 0x00, 0x09, 0xAB,
    0xAC, 0x84, 0x09, 0xA0, 0xA0, 0x81, 0x00, 0x29, 0xA2, 0x00, 0x00, 0x2D, 0xB4, 0x00, 0x00, 0x2D,
    0xB4, 0x00, 0x09, 0xB3, 0xEB, 0x81, 0x00, 0x20, 0x81, 0x00, 0x00, 0x2D, 0xB4, 0x00, 0x00, 0x2D,
    0xB4, 0x00, 0x09, 0x9F, 0xAE, 0x84, 0x09, 0xA0, 0xA0, 0x81, 0x00, 0x27, 0x2F, 0x00, 0x00, 0x2A,
    0x33, 0x00, 0x00, 0x3A, 0x41, 0x0C, 0x08, 0xC4, 0xB1, 0x7C, 0x08, 0xBF, 0xC3, 0x78, 0x00, 0x2A,
    0x33, 0x00, 0x00, 0x2A, 0x33, 0x00, 0x00, 0x0E, 0x10, 0x00, 0x00, 0x2A, 0xA8, 0x00, 0x00, 0x2D,
    0xB4, 0x00, 0x00, 0x2D, 0xB4, 0x00, 0x09, 0xB7, 0xED, 0x84, 0x00, 0x2D, 0xB4, 0x00, 0x00, 0x2D,
    0xB4, 0x00, 0x00, 0x2D, 0xB4, 0x00, 0x00, 0x0F, 0x3A, 0x00, 0x00, 0x20, 0x81, 0x00, 0x00, 0x2D,
    0xB4, 0x00, 0x00, 0x2D, 0xB4, 0x00, 0x09, 0xA0, 0xAD, 0x84, 0x09, 0xA2, 0xBE, 0x81, 0x00, 0x2D,
    0xB4, 0x00, 0x00, 0x2D, 0xB4, 0x00, 0x00, 0x18, 0x61, 0x00, 0x12, 0xAF, 0x78, 0x9F, 0x24, 0x00,
    0xB4, 0x00, 0x00, 0xB4, 0x00, 0x00, 0x40, 0x00, 0x00, 0x00, 0x15, 0xA0, 0x64, 0x00, 0x00, 0x00,
    0xA1, 0x00, 0x00, 0x00, 0xB4, 0x00, 0x00, 0x00, 0xB4, 0x00, 0x00, 0x00, 0x40, 0x00, 0x00, 0x00,
    0xA2, 0x00, 0x00, 0x00, 0xB4, 0x00, 0x00, 0x00, 0xB4, 0x00, 0x15, 0xA0, 0xAB, 0xA2, 0x00, 0x00,
    0xB4, 0x00, 0x00, 0xB1, 0x01, 0x00, 0x5A, 0xAF, 0x78, 0x00, 0x00, 0x00, 0x8B, 0x00, 0x00, 0x47,
    0x6C, 0x00, 0x00, 0x7D, 0x00, 0x00, 0x17, 0x68, 0x00, 0x00, 0x2A, 0x2A, 0x00, 0x00, 0x5F, 0x1B,
    0x00, 0x00, 0x7C, 0x00, 0x00, 0x12, 0x3E, 0x00, 0x00, 0x12, 0x53, 0x00, 0x00, 0x00, 0x7A, 0x01,
    0x00, 0x00, 0x53, 0x21, 0x00, 0x00, 0x29, 0x2B, 0x00, 0x00, 0x11, 0x74, 0x00, 0x00, 0x00, 0x7A,
    0x03, 0x00, 0x00, 0x34, 0x84, 0x00, 0x00, 0x00, 0x6F, 0x12, 0x74, 0x02, 0xB2, 0x00, 0x8C, 0x67,
    0x43, 0x00, 0x44, 0xA1, 0x00, 0x00, 0x2E, 0x6A, 0x00, 0x00, 0x30, 0xA5, 0x00, 0x00, 0x72, 0x98,
    0x0F, 0x01, 0x79, 0x1C, 0xA2, 0x10, 0x20, 0x00, 0x42, 0x00, 0x0C, 0xA0, 0x9C, 0x7E, 0xB4, 0xB4,
    0xAB, 0x0F, 0xA0, 0x96, 0x07, 0xB4, 0xB4, 0xB4, 0x64, 0x00, 0x12, 0xFA, 0xCA, 0x00, 0x04, 0x54,
    0x43, 0xC0, 0x15, 0xFF, 0x1E, 0xFF, 0x1E, 0xFF, 0x1C, 0x16, 0xFA, 0xC3, 0x06, 0x54, 0x40, 0x0F,
    0x00, 0xFF, 0x1E, 0xFF, 0x1E, 0xFF, 0x1E, 0xB8, 0x10, 0xA0, 0xA6, 0xFA, 0xB6, 0x00, 0x06, 0x54,
    0x3D, 0x7E, 0x00, 0xB4, 0x00, 0xB4, 0x00, 0xBA, 0x00, 0xFF, 0x1E, 0xFF, 0x1E, 0xFF, 0x1E, 0xB8,
    0x10, 0x0E, 0xF7, 0xB3, 0x81, 0x03, 0x51, 0x12, 0x00, 0xC0, 0x15, 0xFF, 0x1E, 0xFF, 0x1E, 0xFF,
    0x1C, 0xB4, 0x00, 0xB4, 0x00, 0xB4, 0x00, 0x64, 0x00, 0xA6, 0xAA, 0xAA, 0x78, 0xFF, 0xFF, 0xFF,
    0xBE, 0xFF, 0xFF, 0xFF, 0xBE, 0xFF, 0xFF, 0xFF, 0xBE, 0x10, 0x12, 0x12, 0x0A, 0x7E, 0x7E, 0x7E,
    0x4C, 0x84, 0x00, 0x00, 0x7E, 0x84, 0x00, 0x00, 0x7E, 0x84, 0x00, 0x00, 0x7E, 0x81, 0x84, 0x84,
    0x4E, 0x00, 0x16, 0x00, 0x00, 0x00, 0xC3, 0x58, 0x00, 0x31, 0xFF, 0xE8, 0x00, 0xC5, 0xFF, 0xFF,
    0x57, 0x52, 0x5A, 0x5A, 0x30, 0x2D, 0x00, 0x00, 0x00, 0xFF, 0xC0, 0x30, 0x00, 0xFF, 0xFF, 0xFF,
    0x43, 0xFF, 0xBB, 0x15, 0x00, 0x13, 0x00, 0x00, 0x00, 0x76, 0x84, 0x84, 0x42, 0xB4, 0xFF, 0xFF,
    0x43, 0x24, 0xFF, 0xD7, 0x00, 0x00, 0xB0, 0x45, 0x00, 0x00, 0x0A, 0x00, 0x00, 0x00, 0x00, 0x00,
    0x2B, 0x00, 0x72, 0xFD, 0xBE, 0xB8, 0xFF, 0xFF, 0xBE, 0x00, 0x48, 0xDC, 0xBC, 0x00, 0x00, 0x00,
    0x15, 0x00, 0x28, 0x03, 0x00, 0x37, 0xFF, 0xCD, 0x03, 0xE9, 0xFF, 0xFF, 0x82, 0x22, 0xFF, 0xAC,
    0x00, 0x00, 0x13, 0x00, 0x00, 0x00, 0x28, 0x03, 0x00, 0x37, 0xA8, 0xA3, 0x03, 0xC6, 0x0C, 0x78,
    0x82, 0x22, 0xB7, 0xB2, 0x00, 0x00, 0x13, 0x00, 0x00, 0x13, 0x9A, 0x6A, 0x00, 0xA5, 0x25, 0x6A,
    0x7E, 0xB5, 0x00, 0x03, 0xAF, 0x8A, 0xA5, 0xAF, 0x2D, 0x00, 0x00, 0x00, 0x00, 0x12, 0x99, 0x67,
    0x00, 0xE1, 0xFF, 0xFF, 0x79, 0xFF, 0xFF, 0xFF, 0xA6, 0xB2, 0xFF, 0xFF, 0x3C, 0x00, 0x1E, 0x0A,
    0x00, 0x03, 0x06, 0x06, 0x06, 0x01, 0x8E, 0x6C, 0x6C, 0x6C, 0x79, 0x72, 0x00, 0x00, 0x00, 0x72,
    0x72, 0x00, 0x00, 0x00, 0x72, 0x8D, 0x72, 0x72, 0x72, 0x78, 0x94, 0x72, 0x72, 0x8D, 0x85, 0x72,
    0x00, 0x40, 0x31, 0x78, 0x72, 0x70, 0x84, 0x00, 0x78, 0x94, 0x8D, 0x9A, 0x72, 0x85, 0x03, 0x06,
    0x06, 0x06, 0x01, 0x13, 0x82, 0xDD, 0x82, 0x13, 0x9A, 0xBE, 0x4E, 0xBF, 0x9C, 0xD0, 0x16, 0xFA,
    0x16, 0xD2, 0xA0, 0xB5, 0x22, 0xB5, 0xA0, 0x18, 0xBA, 0xFF, 0xBA, 0x18, 0x00, 0x00, 0x00, 0x7E,
    0x12, 0x00, 0x00, 0x72, 0xBA, 0x00, 0x28, 0x46, 0xD2, 0x03, 0x00, 0x5B, 0xFF, 0x28, 0x00, 0x00,
    0x00, 0x18, 0x00, 0x00, 0x00, 0x00, 0x58, 0x25, 0xA2, 0x2D, 0x00, 0x69, 0xFB, 0xAA, 0x00, 0x00,
    0x46, 0xFF, 0x33, 0x00, 0x0F, 0xF7, 0x91, 0xB0, 0x00, 0x9A, 0x96, 0x00, 0x19, 0x00, 0x03, 0x00,
    0x00, 0x00, 0x00, 0x00, 0x00, 0x00, 0x06, 0x07, 0x60, 0xA5, 0x07, 0xDA, 0xA5, 0x2E, 0xFF, 0xFA,
    0xDF, 0x06, 0x00, 0xF5, 0xFF, 0x37, 0x00, 0x9F, 0xFF, 0xFF, 0xF5, 0x00, 0xC3, 0x70, 0x60, 0x8B,
    0x00, 0x00, 0x00, 0x00, 0x00, 0x00, 0x00, 0xA1, 0x00, 0x00, 0xFF, 0x00, 0x13, 0xFF, 0x2E, 0x00,
    0x63, 0x01,
};
