// Auto-generated VLW font: hack_bold_12
// Size: 31138 bytes (30.4 KB)
#pragma once
#include <pgmspace.h>

const uint8_t hack_bold_12[] PROGMEM = {
    0x00, 0x00, 0x01, 0x65, 0x00, 0x00, 0x00, 0x06, 0x00, 0x00, 0x00, 0x0C, 0x00, 0x00, 0x00, 0x00,
    0x00, 0x00, 0x00, 0x0C, 0x00, 0x00, 0x00, 0x03, 0x00, 0x00, 0x00, 0x20, 0x00, 0x00, 0x00, 0x00,
    0x00, 0x00, 0x00, 0x00, 0x00, 0x00, 0x00, 0x07, 0x00, 0x00, 0x00, 0x00, 0x00, 0x00, 0x00, 0x00,
    0x00, 0x00, 0x00, 0x00, 0x00, 0x00, 0x00, 0x21, 0x00, 0x00, 0x00, 0x09, 0x00, 0x00, 0x00, 0x03,
    0x00, 0x00, 0x00, 0x07, 0x00, 0x00, 0x00, 0x09, 0x00, 0x00, 0x00, 0x02, 0x00, 0x00, 0x00, 0x00,
    0x00, 0x00, 0x00, 0x22, 0x00, 0x00, 0x00, 0x04, 0x00, 0x00, 0x00, 0x05, 0x00, 0x00, 0x00, 0x07,
    0x00, 0x00, 0x00, 0x09, 0x00, 0x00, 0x00, 0x01, 0x00, 0x00, 0x00, 0x00, 0x00, 0x00, 0x00, 0x23,
    0x00, 0x00, 0x00, 0x09, 0x00, 0x00, 0x00, 0x07, 0x00, 0x00, 0x00, 0x07, 0x00, 0x00, 0x00, 0x09,
    0x00, 0x00, 0x00, 0x00, 0x00, 0x00, 0x00, 0x00, 0x00, 0x00, 0x00, 0x24, 0x00, 0x00, 0x00, 0x0C,
    0x00, 0x00, 0x00, 0x07, 0x00, 0x00, 0x00, 0x07, 0x00, 0x00, 0x00, 0x0A, 0x00, 0x00, 0x00, 0x00,
    0x00, 0x00, 0x00, 0x00, 0x00, 0x00, 0x00, 0x25, 0x00, 0x00, 0x00, 0x09, 0x00, 0x00, 0x00, 0x07,
    0x00, 0x00, 0x00, 0x07, 0x00, 0x00, 0x00, 0x09, 0x00, 0x00, 0x00, 0x00, 0x00, 0x00, 0x00, 0x00,
    0x00, 0x00, 0x00, 0x26, 0x00, 0x00, 0x00, 0x09, 0x00, 0x00, 0x00, 0x07, 0x00, 0x00, 0x00, 0x07,
    0x00, 0x00, 0x00, 0x09, 0x00, 0x00, 0x00, 0x00, 0x00, 0x00, 0x00, 0x00, 0x00, 0x00, 0x00, 0x27,
    0x00, 0x00, 0x00, 0x04, 0x00, 0x00, 0x00, 0x03, 0x00, 0x00, 0x00, 0x07, 0x00, 0x00, 0x00, 0x09,
    0x00, 0x00, 0x00, 0x02, 0x00, 0x00, 0x00, 0x00, 0x00, 0x00, 0x00, 0x28, 0x00, 0x00, 0x00, 0x0C,
    0x00, 0x00, 0x00, 0x04, 0x00, 0x00, 0x00, 0x07, 0x00, 0x00, 0x00, 0x0A, 0x00, 0x00, 0x00, 0x01,
    0x00, 0x00, 0x00, 0x00, 0x00, 0x00, 0x00, 0x29, 0x00, 0x00, 0x00, 0x0C, 0x00, 0x00, 0x00, 0x04,
    0x00, 0x00, 0x00, 0x07, 0x00, 0x00, 0x00, 0x0A, 0x00, 0x00, 0x00, 0x02, 0x00, 0x00, 0x00, 0x00,
    0x00, 0x00, 0x00, 0x2A, 0x00, 0x00, 0x00, 0x07, 0x00, 0x00, 0x00, 0x07, 0x00, 0x00, 0x00, 0x07,
    0x00, 0x00, 0x00, 0x09, 0x00, 0x00, 0x00, 0x00, 0x00, 0x00, 0x00, 0x00, 0x00, 0x00, 0x00, 0x2B,
    0x00, 0x00, 0x00, 0x07, 0x00, 0x00, 0x00, 0x07, 0x00, 0x00, 0x00, 0x07, 0x00, 0x00, 0x00, 0x08,
    0x00, 0x00, 0x00, 0x00, 0x00, 0x00, 0x00, 0x00, 0x00, 0x00, 0x00, 0x2C, 0x00, 0x00, 0x00, 0x06,
    0x00, 0x00, 0x00, 0x03, 0x00, 0x00, 0x00, 0x07, 0x00, 0x00, 0x00, 0x03, 0x00, 0x00, 0x00, 0x02,
    0x00, 0x00, 0x00, 0x00, 0x00, 0x00, 0x00, 0x2D, 0x00, 0x00, 0x00, 0x02, 0x00, 0x00, 0x00, 0x05,
    0x00, 0x00, 0x00, 0x07, 0x00, 0x00, 0x00, 0x05, 0x00, 0x00, 0x00, 0x01, 0x00, 0x00, 0x00, 0x00,
    0x00, 0x00, 0x00, 0x2E, 0x00, 0x00, 0x00, 0x03, 0x00, 0x00, 0x00, 0x03, 0x00, 0x00, 0x00, 0x07,
    0x00, 0x00, 0x00, 0x03, 0x00, 0x00, 0x00, 0x02, 0x00, 0x00, 0x00, 0x00, 0x00, 0x00, 0x00, 0x2F,
    0x00, 0x00, 0x00, 0x0B, 0x00, 0x00, 0x00, 0x07, 0x00, 0x00, 0x00, 0x07, 0x00, 0x00, 0x00, 0x09,
    0x00, 0x00, 0x00, 0x00, 0x00, 0x00, 0x00, 0x00, 0x00, 0x00, 0x00, 0x30, 0x00, 0x00, 0x00, 0x09,
    0x00, 0x00, 0x00, 0x07, 0x00, 0x00, 0x00, 0x07, 0x00, 0x00, 0x00, 0x09, 0x00, 0x00, 0x00, 0x00,
    0x00, 0x00, 0x00, 0x00, 0x00, 0x00, 0x00, 0x31, 0x00, 0x00, 0x00, 0x09, 0x00, 0x00, 0x00, 0x07,
    0x00, 0x00, 0x00, 0x07, 0x00, 0x00, 0x00, 0x09, 0x00, 0x00, 0x00, 0x00, 0x00, 0x00, 0x00, 0x00,
    0x00, 0x00, 0x00, 0x32, 0x00, 0x00, 0x00, 0x09, 0x00, 0x00, 0x00, 0x07, 0x00, 0x00, 0x00, 0x07,
    0x00, 0x00, 0x00, 0x09, 0x00, 0x00, 0x00, 0x00, 0x00, 0x00, 0x00, 0x00, 0x00, 0x00, 0x00, 0x33,
    0x00, 0x00, 0x00, 0x09, 0x00, 0x00, 0x00, 0x07, 0x00, 0x00, 0x00, 0x07, 0x00, 0x00, 0x00, 0x09,
    0x00, 0x00, 0x00, 0x00, 0x00, 0x00, 0x00, 0x00, 0x00, 0x00, 0x00, 0x34, 0x00, 0x00, 0x00, 0x09,
    0x00, 0x00, 0x00, 0x07, 0x00, 0x00, 0x00, 0x07, 0x00, 0x00, 0x00, 0x09, 0x00, 0x00, 0x00, 0x00,
    0x00, 0x00, 0x00, 0x00, 0x00, 0x00, 0x00, 0x35, 0x00, 0x00, 0x00, 0x09, 0x00, 0x00, 0x00, 0x07,
    0x00, 0x00, 0x00, 0x07, 0x00, 0x00, 0x00, 0x09, 0x00, 0x00, 0x00, 0x00, 0x00, 0x00, 0x00, 0x00,
    0x00, 0x00, 0x00, 0x36, 0x00, 0x00, 0x00, 0x09, 0x00, 0x00, 0x00, 0x07, 0x00, 0x00, 0x00, 0x07,
    0x00, 0x00, 0x00, 0x09, 0x00, 0x00, 0x00, 0x00, 0x00, 0x00, 0x00, 0x00, 0x00, 0x00, 0x00, 0x37,
    0x00, 0x00, 0x00, 0x09, 0x00, 0x00, 0x00, 0x07, 0x00, 0x00, 0x00, 0x07, 0x00, 0x00, 0x00, 0x09,
    0x00, 0x00, 0x00, 0x00, 0x00, 0x00, 0x00, 0x00, 0x00, 0x00, 0x00, 0x38, 0x00, 0x00, 0x00, 0x09,
    0x00, 0x00, 0x00, 0x07, 0x00, 0x00, 0x00, 0x07, 0x00, 0x00, 0x00, 0x09, 0x00, 0x00, 0x00, 0x00,
    0x00, 0x00, 0x00, 0x00, 0x00, 0x00, 0x00, 0x39, 0x00, 0x00, 0x00, 0x09, 0x00, 0x00, 0x00, 0x07,
    0x00, 0x00, 0x00, 0x07, 0x00, 0x00, 0x00, 0x09, 0x00, 0x00, 0x00, 0x00, 0x00, 0x00, 0x00, 0x00,
    0x00, 0x00, 0x00, 0x3A, 0x00, 0x00, 0x00, 0x07, 0x00, 0x00, 0x00, 0x03, 0x00, 0x00, 0x00, 0x07,
    0x00, 0x00, 0x00, 0x07, 0x00, 0x00, 0x00, 0x02, 0x00, 0x00, 0x00, 0x00, 0x00, 0x00, 0x00, 0x3B,
    0x00, 0x00, 0x00, 0x0A, 0x00, 0x00, 0x00, 0x03, 0x00, 0x00, 0x00, 0x07, 0x00, 0x00, 0x00, 0x07,
    0x00, 0x00, 0x00, 0x02, 0x00, 0x00, 0x00, 0x00, 0x00, 0x00, 0x00, 0x3C, 0x00, 0x00, 0x00, 0x08,
    0x00, 0x00, 0x00, 0x07, 0x00, 0x00, 0x00, 0x07, 0x00, 0x00, 0x00, 0x08, 0x00, 0x00, 0x00, 0x00,
    0x00, 0x00, 0x00, 0x00, 0x00, 0x00, 0x00, 0x3D, 0x00, 0x00, 0x00, 0x06, 0x00, 0x00, 0x00, 0x07,
    0x00, 0x00, 0x00, 0x07, 0x00, 0x00, 0x00, 0x07, 0x00, 0x00, 0x00, 0x00, 0x00, 0x00, 0x00, 0x00,
    0x00, 0x00, 0x00, 0x3E, 0x00, 0x00, 0x00, 0x08, 0x00, 0x00, 0x00, 0x07, 0x00, 0x00, 0x00, 0x07,
    0x00, 0x00, 0x00, 0x08, 0x00, 0x00, 0x00, 0x00, 0x00, 0x00, 0x00, 0x00, 0x00, 0x00, 0x00, 0x3F,
    0x00, 0x00, 0x00, 0x0A, 0x00, 0x00, 0x00, 0x06, 0x00, 0x00, 0x00, 0x07, 0x00, 0x00, 0x00, 0x0A,
    0x00, 0x00, 0x00, 0x01, 0x00, 0x00, 0x00, 0x00, 0x00, 0x00, 0x00, 0x40, 0x00, 0x00, 0x00, 0x0B,
    0x00, 0x00, 0x00, 0x07, 0x00, 0x00, 0x00, 0x07, 0x00, 0x00, 0x00, 0x08, 0x00, 0x00, 0x00, 0x00,
    0x00, 0x00, 0x00, 0x00, 0x00, 0x00, 0x00, 0x41, 0x00, 0x00, 0x00, 0x09, 0x00, 0x00, 0x00, 0x07,
    0x00, 0x00, 0x00, 0x07, 0x00, 0x00, 0x00, 0x09, 0x00, 0x00, 0x00, 0x00, 0x00, 0x00, 0x00, 0x00,
    0x00, 0x00, 0x00, 0x42, 0x00, 0x00, 0x00, 0x09, 0x00, 0x00, 0x00, 0x07, 0x00, 0x00, 0x00, 0x07,
    0x00, 0x00, 0x00, 0x09, 0x00, 0x00, 0x00, 0x00, 0x00, 0x00, 0x00, 0x00, 0x00, 0x00, 0x00, 0x43,
    0x00, 0x00, 0x00, 0x09, 0x00, 0x00, 0x00, 0x07, 0x00, 0x00, 0x00, 0x07, 0x00, 0x00, 0x00, 0x09,
    0x00, 0x00, 0x00, 0x00, 0x00, 0x00, 0x00, 0x00, 0x00, 0x00, 0x00, 0x44, 0x00, 0x00, 0x00, 0x09,
    0x00, 0x00, 0x00, 0x07, 0x00, 0x00, 0x00, 0x07, 0x00, 0x00, 0x00, 0x09, 0x00, 0x00, 0x00, 0x00,
    0x00, 0x00, 0x00, 0x00, 0x00, 0x00, 0x00, 0x45, 0x00, 0x00, 0x00, 0x09, 0x00, 0x00, 0x00, 0x07,
    0x00, 0x00, 0x00, 0x07, 0x00, 0x00, 0x00, 0x09, 0x00, 0x00, 0x00, 0x00, 0x00, 0x00, 0x00, 0x00,
    0x00, 0x00, 0x00, 0x46, 0x00, 0x00, 0x00, 0x09, 0x00, 0x00, 0x00, 0x06, 0x00, 0x00, 0x00, 0x07,
    0x00, 0x00, 0x00, 0x09, 0x00, 0x00, 0x00, 0x01, 0x00, 0x00, 0x00, 0x00, 0x00, 0x00, 0x00, 0x47,
    0x00, 0x00, 0x00, 0x09, 0x00, 0x00, 0x00, 0x07, 0x00, 0x00, 0x00, 0x07, 0x00, 0x00, 0x00, 0x09,
    0x00, 0x00, 0x00, 0x00, 0x00, 0x00, 0x00, 0x00, 0x00, 0x00, 0x00, 0x48, 0x00, 0x00, 0x00, 0x09,
    0x00, 0x00, 0x00, 0x07, 0x00, 0x00, 0x00, 0x07, 0x00, 0x00, 0x00, 0x09, 0x00, 0x00, 0x00, 0x00,
    0x00, 0x00, 0x00, 0x00, 0x00, 0x00, 0x00, 0x49, 0x00, 0x00, 0x00, 0x09, 0x00, 0x00, 0x00, 0x06,
    0x00, 0x00, 0x00, 0x07, 0x00, 0x00, 0x00, 0x09, 0x00, 0x00, 0x00, 0x01, 0x00, 0x00, 0x00, 0x00,
    0x00, 0x00, 0x00, 0x4A, 0x00, 0x00, 0x00, 0x09, 0x00, 0x00, 0x00, 0x06, 0x00, 0x00, 0x00, 0x07,
    0x00, 0x00, 0x00, 0x09, 0x00, 0x00, 0x00, 0x00, 0x00, 0x00, 0x00, 0x00, 0x00, 0x00, 0x00, 0x4B,
    0x00, 0x00, 0x00, 0x09, 0x00, 0x00, 0x00, 0x07, 0x00, 0x00, 0x00, 0x07, 0x00, 0x00, 0x00, 0x09,
    0x00, 0x00, 0x00, 0x00, 0x00, 0x00, 0x00, 0x00, 0x00, 0x00, 0x00, 0x4C, 0x00, 0x00, 0x00, 0x09,
    0x00, 0x00, 0x00, 0x06, 0x00, 0x00, 0x00, 0x07, 0x00, 0x00, 0x00, 0x09, 0x00, 0x00, 0x00, 0x01,
    0x00, 0x00, 0x00, 0x00, 0x00, 0x00, 0x00, 0x4D, 0x00, 0x00, 0x00, 0x09, 0x00, 0x00, 0x00, 0x07,
    0x00, 0x00, 0x00, 0x07, 0x00, 0x00, 0x00, 0x09, 0x00, 0x00, 0x00, 0x00, 0x00, 0x00, 0x00, 0x00,
    0x00, 0x00, 0x00, 0x4E, 0x00, 0x00, 0x00, 0x09, 0x00, 0x00, 0x00, 0x07, 0x00, 0x00, 0x00, 0x07,
    0x00, 0x00, 0x00, 0x09, 0x00, 0x00, 0x00, 0x00, 0x00, 0x00, 0x00, 0x00, 0x00, 0x00, 0x00, 0x4F,
    0x00, 0x00, 0x00, 0x09, 0x00, 0x00, 0x00, 0x07, 0x00, 0x00, 0x00, 0x07, 0x00, 0x00, 0x00, 0x09,
    0x00, 0x00, 0x00, 0x00, 0x00, 0x00, 0x00, 0x00, 0x00, 0x00, 0x00, 0x50, 0x00, 0x00, 0x00, 0x09,
    0x00, 0x00, 0x00, 0x07, 0x00, 0x00, 0x00, 0x07, 0x00, 0x00, 0x00, 0x09, 0x00, 0x00, 0x00, 0x00,
    0x00, 0x00, 0x00, 0x00, 0x00, 0x00, 0x00, 0x51, 0x00, 0x00, 0x00, 0x0B, 0x00, 0x00, 0x00, 0x07,
    0x00, 0x00, 0x00, 0x07, 0x00, 0x00, 0x00, 0x09, 0x00, 0x00, 0x00, 0x00, 0x00, 0x00, 0x00, 0x00,
    0x00, 0x00, 0x00, 0x52, 0x00, 0x00, 0x00, 0x09, 0x00, 0x00, 0x00, 0x07, 0x00, 0x00, 0x00, 0x07,
    0x00, 0x00, 0x00, 0x09, 0x00, 0x00, 0x00, 0x00, 0x00, 0x00, 0x00, 0x00, 0x00, 0x00, 0x00, 0x53,
    0x00, 0x00, 0x00, 0x09, 0x00, 0x00, 0x00, 0x07, 0x00, 0x00, 0x00, 0x07, 0x00, 0x00, 0x00, 0x09,
    0x00, 0x00, 0x00, 0x00, 0x00, 0x00, 0x00, 0x00, 0x00, 0x00, 0x00, 0x54, 0x00, 0x00, 0x00, 0x09,
    0x00, 0x00, 0x00, 0x07, 0x00, 0x00, 0x00, 0x07, 0x00, 0x00, 0x00, 0x09, 0x00, 0x00, 0x00, 0x00,
    0x00, 0x00, 0x00, 0x00, 0x00, 0x00, 0x00, 0x55, 0x00, 0x00, 0x00, 0x09, 0x00, 0x00, 0x00, 0x07,
    0x00, 0x00, 0x00, 0x07, 0x00, 0x00, 0x00, 0x09, 0x00, 0x00, 0x00, 0x00, 0x00, 0x00, 0x00, 0x00,
    0x00, 0x00, 0x00, 0x56, 0x00, 0x00, 0x00, 0x09, 0x00, 0x00, 0x00, 0x07, 0x00, 0x00, 0x00, 0x07,
    0x00, 0x00, 0x00, 0x09, 0x00, 0x00, 0x00, 0x00, 0x00, 0x00, 0x00, 0x00, 0x00, 0x00, 0x00, 0x57,
    0x00, 0x00, 0x00, 0x09, 0x00, 0x00, 0x00, 0x07, 0x00, 0x00, 0x00, 0x07, 0x00, 0x00, 0x00, 0x09,
    0x00, 0x00, 0x00, 0x00, 0x00, 0x00, 0x00, 0x00, 0x00, 0x00, 0x00, 0x58, 0x00, 0x00, 0x00, 0x09,
    0x00, 0x00, 0x00, 0x07, 0x00, 0x00, 0x00, 0x07, 0x00, 0x00, 0x00, 0x09, 0x00, 0x00, 0x00, 0x00,
    0x00, 0x00, 0x00, 0x00, 0x00, 0x00, 0x00, 0x59, 0x00, 0x00, 0x00, 0x09, 0x00, 0x00, 0x00, 0x07,
    0x00, 0x00, 0x00, 0x07, 0x00, 0x00, 0x00, 0x09, 0x00, 0x00, 0x00, 0x00, 0x00, 0x00, 0x00, 0x00,
    0x00, 0x00, 0x00, 0x5A, 0x00, 0x00, 0x00, 0x09, 0x00, 0x00, 0x00, 0x07, 0x00, 0x00, 0x00, 0x07,
    0x00, 0x00, 0x00, 0x09, 0x00, 0x00, 0x00, 0x00, 0x00, 0x00, 0x00, 0x00, 0x00, 0x00, 0x00, 0x5B,
    0x00, 0x00, 0x00, 0x0C, 0x00, 0x00, 0x00, 0x05, 0x00, 0x00, 0x00, 0x07, 0x00, 0x00, 0x00, 0x0A,
    0x00, 0x00, 0x00, 0x01, 0x00, 0x00, 0x00, 0x00, 0x00, 0x00, 0x00, 0x5C, 0x00, 0x00, 0x00, 0x0B,
    0x00, 0x00, 0x00, 0x07, 0x00, 0x00, 0x00, 0x07, 0x00, 0x00, 0x00, 0x09, 0x00, 0x00, 0x00, 0x00,
    0x00, 0x00, 0x00, 0x00, 0x00, 0x00, 0x00, 0x5D, 0x00, 0x00, 0x00, 0x0C, 0x00, 0x00, 0x00, 0x05,
    0x00, 0x00, 0x00, 0x07, 0x00, 0x00, 0x00, 0x0A, 0x00, 0x00, 0x00, 0x01, 0x00, 0x00, 0x00, 0x00,
    0x00, 0x00, 0x00, 0x5E, 0x00, 0x00, 0x00, 0x04, 0x00, 0x00, 0x00, 0x07, 0x00, 0x00, 0x00, 0x07,
    0x00, 0x00, 0x00, 0x0A, 0x00, 0x00, 0x00, 0x00, 0x00, 0x00, 0x00, 0x00, 0x00, 0x00, 0x00, 0x5F,
    0x00, 0x00, 0x00, 0x03, 0x00, 0x00, 0x00, 0x07, 0x00, 0x00, 0x00, 0x07, 0x00, 0x00, 0x00, 0x00,
    0x00, 0x00, 0x00, 0x00, 0x00, 0x00, 0x00, 0x00, 0x00, 0x00, 0x00, 0x60, 0x00, 0x00, 0x00, 0x03,
    0x00, 0x00, 0x00, 0x04, 0x00, 0x00, 0x00, 0x07, 0x00, 0x00, 0x00, 0x0B, 0x00, 0x00, 0x00, 0x01,
    0x00, 0x00, 0x00, 0x00, 0x00, 0x00, 0x00, 0x61, 0x00, 0x00, 0x00, 0x07, 0x00, 0x00, 0x00, 0x07,
    0x00, 0x00, 0x00, 0x07, 0x00, 0x00, 0x00, 0x07, 0x00, 0x00, 0x00, 0x00, 0x00, 0x00, 0x00, 0x00,
    0x00, 0x00, 0x00, 0x62, 0x00, 0x00, 0x00, 0x0A, 0x00, 0x00, 0x00, 0x07, 0x00, 0x00, 0x00, 0x07,
    0x00, 0x00, 0x00, 0x0A, 0x00, 0x00, 0x00, 0x00, 0x00, 0x00, 0x00, 0x00, 0x00, 0x00, 0x00, 0x63,
    0x00, 0x00, 0x00, 0x07, 0x00, 0x00, 0x00, 0x07, 0x00, 0x00, 0x00, 0x07, 0x00, 0x00, 0x00, 0x07,
    0x00, 0x00, 0x00, 0x00, 0x00, 0x00, 0x00, 0x00, 0x00, 0x00, 0x00, 0x64, 0x00, 0x00, 0x00, 0x0A,
    0x00, 0x00, 0x00, 0x07, 0x00, 0x00, 0x00, 0x07, 0x00, 0x00, 0x00, 0x0A, 0x00, 0x00, 0x00, 0x00,
    0x00, 0x00, 0x00, 0x00, 0x00, 0x00, 0x00, 0x65, 0x00, 0x00, 0x00, 0x07, 0x00, 0x00, 0x00, 0x07,
    0x00, 0x00, 0x00, 0x07, 0x00, 0x00, 0x00, 0x07, 0x00, 0x00, 0x00, 0x00, 0x00, 0x00, 0x00, 0x00,
    0x00, 0x00, 0x00, 0x66, 0x00, 0x00, 0x00, 0x0A, 0x00, 0x00, 0x00, 0x07, 0x00, 0x00, 0x00, 0x07,
    0x00, 0x00, 0x00, 0x0A, 0x00, 0x00, 0x00, 0x00, 0x00, 0x00, 0x00, 0x00, 0x00, 0x00, 0x00, 0x67,
    0x00, 0x00, 0x00, 0x0A, 0x00, 0x00, 0x00, 0x07, 0x00, 0x00, 0x00, 0x07, 0x00, 0x00, 0x00, 0x07,
    0x00, 0x00, 0x00, 0x00, 0x00, 0x00, 0x00, 0x00, 0x00, 0x00, 0x00, 0x68, 0x00, 0x00, 0x00, 0x0A,
    0x00, 0x00, 0x00, 0x06, 0x00, 0x00, 0x00, 0x07, 0x00, 0x00, 0x00, 0x0A, 0x00, 0x00, 0x00, 0x01,
    0x00, 0x00, 0x00, 0x00, 0x00, 0x00, 0x00, 0x69, 0x00, 0x00, 0x00, 0x0B, 0x00, 0x00, 0x00, 0x06,
    0x00, 0x00, 0x00, 0x07, 0x00, 0x00, 0x00, 0x0B, 0x00, 0x00, 0x00, 0x01, 0x00, 0x00, 0x00, 0x00,
    0x00, 0x00, 0x00, 0x6A, 0x00, 0x00, 0x00, 0x0E, 0x00, 0x00, 0x00, 0x05, 0x00, 0x00, 0x00, 0x07,
    0x00, 0x00, 0x00, 0x0B, 0x00, 0x00, 0x00, 0x01, 0x00, 0x00, 0x00, 0x00, 0x00, 0x00, 0x00, 0x6B,
    0x00, 0x00, 0x00, 0x0A, 0x00, 0x00, 0x00, 0x06, 0x00, 0x00, 0x00, 0x07, 0x00, 0x00, 0x00, 0x0A,
    0x00, 0x00, 0x00, 0x01, 0x00, 0x00, 0x00, 0x00, 0x00, 0x00, 0x00, 0x6C, 0x00, 0x00, 0x00, 0x0A,
    0x00, 0x00, 0x00, 0x07, 0x00, 0x00, 0x00, 0x07, 0x00, 0x00, 0x00, 0x0A, 0x00, 0x00, 0x00, 0x00,
    0x00, 0x00, 0x00, 0x00, 0x00, 0x00, 0x00, 0x6D, 0x00, 0x00, 0x00, 0x07, 0x00, 0x00, 0x00, 0x07,
    0x00, 0x00, 0x00, 0x07, 0x00, 0x00, 0x00, 0x07, 0x00, 0x00, 0x00, 0x00, 0x00, 0x00, 0x00, 0x00,
    0x00, 0x00, 0x00, 0x6E, 0x00, 0x00, 0x00, 0x07, 0x00, 0x00, 0x00, 0x06, 0x00, 0x00, 0x00, 0x07,
    0x00, 0x00, 0x00, 0x07, 0x00, 0x00, 0x00, 0x01, 0x00, 0x00, 0x00, 0x00, 0x00, 0x00, 0x00, 0x6F,
    0x00, 0x00, 0x00, 0x07, 0x00, 0x00, 0x00, 0x07, 0x00, 0x00, 0x00, 0x07, 0x00, 0x00, 0x00, 0x07,
    0x00, 0x00, 0x00, 0x00, 0x00, 0x00, 0x00, 0x00, 0x00, 0x00, 0x00, 0x70, 0x00, 0x00, 0x00, 0x0A,
    0x00, 0x00, 0x00, 0x07, 0x00, 0x00, 0x00, 0x07, 0x00, 0x00, 0x00, 0x07, 0x00, 0x00, 0x00, 0x00,
    0x00, 0x00, 0x00, 0x00, 0x00, 0x00, 0x00, 0x71, 0x00, 0x00, 0x00, 0x0A, 0x00, 0x00, 0x00, 0x07,
    0x00, 0x00, 0x00, 0x07, 0x00, 0x00, 0x00, 0x07, 0x00, 0x00, 0x00, 0x00, 0x00, 0x00, 0x00, 0x00,
    0x00, 0x00, 0x00, 0x72, 0x00, 0x00, 0x00, 0x07, 0x00, 0x00, 0x00, 0x06, 0x00, 0x00, 0x00, 0x07,
    0x00, 0x00, 0x00, 0x07, 0x00, 0x00, 0x00, 0x01, 0x00, 0x00, 0x00, 0x00, 0x00, 0x00, 0x00, 0x73,
    0x00, 0x00, 0x00, 0x07, 0x00, 0x00, 0x00, 0x06, 0x00, 0x00, 0x00, 0x07, 0x00, 0x00, 0x00, 0x07,
    0x00, 0x00, 0x00, 0x01, 0x00, 0x00, 0x00, 0x00, 0x00, 0x00, 0x00, 0x74, 0x00, 0x00, 0x00, 0x0A,
    0x00, 0x00, 0x00, 0x07, 0x00, 0x00, 0x00, 0x07, 0x00, 0x00, 0x00, 0x0A, 0x00, 0x00, 0x00, 0x00,
    0x00, 0x00, 0x00, 0x00, 0x00, 0x00, 0x00, 0x75, 0x00, 0x00, 0x00, 0x07, 0x00, 0x00, 0x00, 0x07,
    0x00, 0x00, 0x00, 0x07, 0x00, 0x00, 0x00, 0x07, 0x00, 0x00, 0x00, 0x00, 0x00, 0x00, 0x00, 0x00,
    0x00, 0x00, 0x00, 0x76, 0x00, 0x00, 0x00, 0x07, 0x00, 0x00, 0x00, 0x07, 0x00, 0x00, 0x00, 0x07,
    0x00, 0x00, 0x00, 0x07, 0x00, 0x00, 0x00, 0x00, 0x00, 0x00, 0x00, 0x00, 0x00, 0x00, 0x00, 0x77,
    0x00, 0x00, 0x00, 0x07, 0x00, 0x00, 0x00, 0x07, 0x00, 0x00, 0x00, 0x07, 0x00, 0x00, 0x00, 0x07,
    0x00, 0x00, 0x00, 0x00, 0x00, 0x00, 0x00, 0x00, 0x00, 0x00, 0x00, 0x78, 0x00, 0x00, 0x00, 0x07,
    0x00, 0x00, 0x00, 0x07, 0x00, 0x00, 0x00, 0x07, 0x00, 0x00, 0x00, 0x07, 0x00, 0x00, 0x00, 0x00,
    0x00, 0x00, 0x00, 0x00, 0x00, 0x00, 0x00, 0x79, 0x00, 0x00, 0x00, 0x0A, 0x00, 0x00, 0x00, 0x07,
    0x00, 0x00, 0x00, 0x07, 0x00, 0x00, 0x00, 0x07, 0x00, 0x00, 0x00, 0x00, 0x00, 0x00, 0x00, 0x00,
    0x00, 0x00, 0x00, 0x7A, 0x00, 0x00, 0x00, 0x07, 0x00, 0x00, 0x00, 0x07, 0x00, 0x00, 0x00, 0x07,
    0x00, 0x00, 0x00, 0x07, 0x00, 0x00, 0x00, 0x00, 0x00, 0x00, 0x00, 0x00, 0x00, 0x00, 0x00, 0x7B,
    0x00, 0x00, 0x00, 0x0C, 0x00, 0x00, 0x00, 0x06, 0x00, 0x00, 0x00, 0x07, 0x00, 0x00, 0x00, 0x0A,
    0x00, 0x00, 0x00, 0x00, 0x00, 0x00, 0x00, 0x00, 0x00, 0x00, 0x00, 0x7C, 0x00, 0x00, 0x00, 0x0D,
    0x00, 0x00, 0x00, 0x03, 0x00, 0x00, 0x00, 0x07, 0x00, 0x00, 0x00, 0x0A, 0x00, 0x00, 0x00, 0x02,
    0x00, 0x00, 0x00, 0x00, 0x00, 0x00, 0x00, 0x7D, 0x00, 0x00, 0x00, 0x0C, 0x00, 0x00, 0x00, 0x06,
    0x00, 0x00, 0x00, 0x07, 0x00, 0x00, 0x00, 0x0A, 0x00, 0x00, 0x00, 0x01, 0x00, 0x00, 0x00, 0x00,
    0x00, 0x00, 0x00, 0x7E, 0x00, 0x00, 0x00, 0x05, 0x00, 0x00, 0x00, 0x07, 0x00, 0x00, 0x00, 0x07,
    0x00, 0x00, 0x00, 0x06, 0x00, 0x00, 0x00, 0x00, 0x00, 0x00, 0x00, 0x00, 0x00, 0x00, 0x00, 0xA0,
    0x00, 0x00, 0x00, 0x00, 0x00, 0x00, 0x00, 0x00, 0x00, 0x00, 0x00, 0x07, 0x00, 0x00, 0x00, 0x00,
    0x00, 0x00, 0x00, 0x00, 0x00, 0x00, 0x00, 0x00, 0x00, 0x00, 0x00, 0xA1, 0x00, 0x00, 0x00, 0x0B,
    0x00, 0x00, 0x00, 0x03, 0x00, 0x00, 0x00, 0x07, 0x00, 0x00, 0x00, 0x0A, 0x00, 0x00, 0x00, 0x02,
    0x00, 0x00, 0x00, 0x00, 0x00, 0x00, 0x00, 0xA2, 0x00, 0x00, 0x00, 0x0B, 0x00, 0x00, 0x00, 0x07,
    0x00, 0x00, 0x00, 0x07, 0x00, 0x00, 0x00, 0x09, 0x00, 0x00, 0x00, 0x00, 0x00, 0x00, 0x00, 0x00,
    0x00, 0x00, 0x00, 0xA3, 0x00, 0x00, 0x00, 0x09, 0x00, 0x00, 0x00, 0x07, 0x00, 0x00, 0x00, 0x07,
    0x00, 0x00, 0x00, 0x09, 0x00, 0x00, 0x00, 0x00, 0x00, 0x00, 0x00, 0x00, 0x00, 0x00, 0x00, 0xA4,
    0x00, 0x00, 0x00, 0x06, 0x00, 0x00, 0x00, 0x06, 0x00, 0x00, 0x00, 0x07, 0x00, 0x00, 0x00, 0x07,
    0x00, 0x00, 0x00, 0x01, 0x00, 0x00, 0x00, 0x00, 0x00, 0x00, 0x00, 0xA5, 0x00, 0x00, 0x00, 0x09,
    0x00, 0x00, 0x00, 0x07, 0x00, 0x00, 0x00, 0x07, 0x00, 0x00, 0x00, 0x09, 0x00, 0x00, 0x00, 0x00,
    0x00, 0x00, 0x00, 0x00, 0x00, 0x00, 0x00, 0xA6, 0x00, 0x00, 0x00, 0x0B, 0x00, 0x00, 0x00, 0x03,
    0x00, 0x00, 0x00, 0x07, 0x00, 0x00, 0x00, 0x09, 0x00, 0x00, 0x00, 0x02, 0x00, 0x00, 0x00, 0x00,
    0x00, 0x00, 0x00, 0xA7, 0x00, 0x00, 0x00, 0x0B, 0x00, 0x00, 0x00, 0x06, 0x00, 0x00, 0x00, 0x07,
    0x00, 0x00, 0x00, 0x09, 0x00, 0x00, 0x00, 0x01, 0x00, 0x00, 0x00, 0x00, 0x00, 0x00, 0x00, 0xA8,
    0x00, 0x00, 0x00, 0x02, 0x00, 0x00, 0x00, 0x05, 0x00, 0x00, 0x00, 0x07, 0x00, 0x00, 0x00, 0x0A,
    0x00, 0x00, 0x00, 0x01, 0x00, 0x00, 0x00, 0x00, 0x00, 0x00, 0x00, 0xA9, 0x00, 0x00, 0x00, 0x08,
    0x00, 0x00, 0x00, 0x07, 0x00, 0x00, 0x00, 0x07, 0x00, 0x00, 0x00, 0x09, 0x00, 0x00, 0x00, 0x00,
    0x00, 0x00, 0x00, 0x00, 0x00, 0x00, 0x00, 0xAA, 0x00, 0x00, 0x00, 0x07, 0x00, 0x00, 0x00, 0x05,
    0x00, 0x00, 0x00, 0x07, 0x00, 0x00, 0x00, 0x0A, 0x00, 0x00, 0x00, 0x01, 0x00, 0x00, 0x00, 0x00,
    0x00, 0x00, 0x00, 0xAB, 0x00, 0x00, 0x00, 0x07, 0x00, 0x00, 0x00, 0x06, 0x00, 0x00, 0x00, 0x07,
    0x00, 0x00, 0x00, 0x07, 0x00, 0x00, 0x00, 0x00, 0x00, 0x00, 0x00, 0x00, 0x00, 0x00, 0x00, 0xAC,
    0x00, 0x00, 0x00, 0x05, 0x00, 0x00, 0x00, 0x07, 0x00, 0x00, 0x00, 0x07, 0x00, 0x00, 0x00, 0x06,
    0x00, 0x00, 0x00, 0x00, 0x00, 0x00, 0x00, 0x00, 0x00, 0x00, 0x00, 0xAD, 0x00, 0x00, 0x00, 0x02,
    0x00, 0x00, 0x00, 0x05, 0x00, 0x00, 0x00, 0x07, 0x00, 0x00, 0x00, 0x05, 0x00, 0x00, 0x00, 0x01,
    0x00, 0x00, 0x00, 0x00, 0x00, 0x00, 0x00, 0xAE, 0x00, 0x00, 0x00, 0x08, 0x00, 0x00, 0x00, 0x07,
    0x00, 0x00, 0x00, 0x07, 0x00, 0x00, 0x00, 0x09, 0x00, 0x00, 0x00, 0x00, 0x00, 0x00, 0x00, 0x00,
    0x00, 0x00, 0x00, 0xAF, 0x00, 0x00, 0x00, 0x02, 0x00, 0x00, 0x00, 0x05, 0x00, 0x00, 0x00, 0x07,
    0x00, 0x00, 0x00, 0x0A, 0x00, 0x00, 0x00, 0x01, 0x00, 0x00, 0x00, 0x00, 0x00, 0x00, 0x00, 0xB0,
    0x00, 0x00, 0x00, 0x04, 0x00, 0x00, 0x00, 0x05, 0x00, 0x00, 0x00, 0x07, 0x00, 0x00, 0x00, 0x09,
    0x00, 0x00, 0x00, 0x01, 0x00, 0x00, 0x00, 0x00, 0x00, 0x00, 0x00, 0xB1, 0x00, 0x00, 0x00, 0x08,
    0x00, 0x00, 0x00, 0x07, 0x00, 0x00, 0x00, 0x07, 0x00, 0x00, 0x00, 0x08, 0x00, 0x00, 0x00, 0x00,
    0x00, 0x00, 0x00, 0x00, 0x00, 0x00, 0x00, 0xB2, 0x00, 0x00, 0x00, 0x05, 0x00, 0x00, 0x00, 0x05,
    0x00, 0x00, 0x00, 0x07, 0x00, 0x00, 0x00, 0x0C, 0x00, 0x00, 0x00, 0x01, 0x00, 0x00, 0x00, 0x00,
    0x00, 0x00, 0x00, 0xB3, 0x00, 0x00, 0x00, 0x05, 0x00, 0x00, 0x00, 0x05, 0x00, 0x00, 0x00, 0x07,
    0x00, 0x00, 0x00, 0x0C, 0x00, 0x00, 0x00, 0x01, 0x00, 0x00, 0x00, 0x00, 0x00, 0x00, 0x00, 0xB4,
    0x00, 0x00, 0x00, 0x03, 0x00, 0x00, 0x00, 0x05, 0x00, 0x00, 0x00, 0x07, 0x00, 0x00, 0x00, 0x0B,
    0x00, 0x00, 0x00, 0x02, 0x00, 0x00, 0x00, 0x00, 0x00, 0x00, 0x00, 0xB5, 0x00, 0x00, 0x00, 0x0A,
    0x00, 0x00, 0x00, 0x07, 0x00, 0x00, 0x00, 0x07, 0x00, 0x00, 0x00, 0x07, 0x00, 0x00, 0x00, 0x00,
    0x00, 0x00, 0x00, 0x00, 0x00, 0x00, 0x00, 0xB6, 0x00, 0x00, 0x00, 0x0B, 0x00, 0x00, 0x00, 0x07,
    0x00, 0x00, 0x00, 0x07, 0x00, 0x00, 0x00, 0x09, 0x00, 0x00, 0x00, 0x00, 0x00, 0x00, 0x00, 0x00,
    0x00, 0x00, 0x00, 0xB7, 0x00, 0x00, 0x00, 0x03, 0x00, 0x00, 0x00, 0x03, 0x00, 0x00, 0x00, 0x07,
    0x00, 0x00, 0x00, 0x07, 0x00, 0x00, 0x00, 0x02, 0x00, 0x00, 0x00, 0x00, 0x00, 0x00, 0x00, 0xB8,
    0x00, 0x00, 0x00, 0x03, 0x00, 0x00, 0x00, 0x03, 0x00, 0x00, 0x00, 0x07, 0x00, 0x00, 0x00, 0x01,
    0x00, 0x00, 0x00, 0x02, 0x00, 0x00, 0x00, 0x00, 0x00, 0x00, 0x00, 0xB9, 0x00, 0x00, 0x00, 0x05,
    0x00, 0x00, 0x00, 0x05, 0x00, 0x00, 0x00, 0x07, 0x00, 0x00, 0x00, 0x0C, 0x00, 0x00, 0x00, 0x01,
    0x00, 0x00, 0x00, 0x00, 0x00, 0x00, 0x00, 0xBA, 0x00, 0x00, 0x00, 0x06, 0x00, 0x00, 0x00, 0x05,
    0x00, 0x00, 0x00, 0x07, 0x00, 0x00, 0x00, 0x09, 0x00, 0x00, 0x00, 0x01, 0x00, 0x00, 0x00, 0x00,
    0x00, 0x00, 0x00, 0xBB, 0x00, 0x00, 0x00, 0x07, 0x00, 0x00, 0x00, 0x06, 0x00, 0x00, 0x00, 0x07,
    0x00, 0x00, 0x00, 0x07, 0x00, 0x00, 0x00, 0x01, 0x00, 0x00, 0x00, 0x00, 0x00, 0x00, 0x00, 0xBC,
    0x00, 0x00, 0x00, 0x0C, 0x00, 0x00, 0x00, 0x07, 0x00, 0x00, 0x00, 0x07, 0x00, 0x00, 0x00, 0x0A,
    0x00, 0x00, 0x00, 0x00, 0x00, 0x00, 0x00, 0x00, 0x00, 0x00, 0x00, 0xBD, 0x00, 0x00, 0x00, 0x0D,
    0x00, 0x00, 0x00, 0x07, 0x00, 0x00, 0x00, 0x07, 0x00, 0x00, 0x00, 0x0B, 0x00, 0x00, 0x00, 0x00,
    0x00, 0x00, 0x00, 0x00, 0x00, 0x00, 0x00, 0xBE, 0x00, 0x00, 0x00, 0x0C, 0x00, 0x00, 0x00, 0x07,
    0x00, 0x00, 0x00, 0x07, 0x00, 0x00, 0x00, 0x0A, 0x00, 0x00, 0x00, 0x00, 0x00, 0x00, 0x00, 0x00,
    0x00, 0x00, 0x00, 0xBF, 0x00, 0x00, 0x00, 0x0B, 0x00, 0x00, 0x00, 0x05, 0x00, 0x00, 0x00, 0x07,
    0x00, 0x00, 0x00, 0x0B, 0x00, 0x00, 0x00, 0x01, 0x00, 0x00, 0x00, 0x00, 0x00, 0x00, 0x00, 0xC0,
    0x00, 0x00, 0x00, 0x0C, 0x00, 0x00, 0x00, 0x07, 0x00, 0x00, 0x00, 0x07, 0x00, 0x00, 0x00, 0x0C,
    0x00, 0x00, 0x00, 0x00, 0x00, 0x00, 0x00, 0x00, 0x00, 0x00, 0x00, 0xC1, 0x00, 0x00, 0x00, 0x0C,
    0x00, 0x00, 0x00, 0x07, 0x00, 0x00, 0x00, 0x07, 0x00, 0x00, 0x00, 0x0C, 0x00, 0x00, 0x00, 0x00,
    0x00, 0x00, 0x00, 0x00, 0x00, 0x00, 0x00, 0xC2, 0x00, 0x00, 0x00, 0x0C, 0x00, 0x00, 0x00, 0x07,
    0x00, 0x00, 0x00, 0x07, 0x00, 0x00, 0x00, 0x0C, 0x00, 0x00, 0x00, 0x00, 0x00, 0x00, 0x00, 0x00,
    0x00, 0x00, 0x00, 0xC3, 0x00, 0x00, 0x00, 0x0C, 0x00, 0x00, 0x00, 0x07, 0x00, 0x00, 0x00, 0x07,
    0x00, 0x00, 0x00, 0x0C, 0x00, 0x00, 0x00, 0x00, 0x00, 0x00, 0x00, 0x00, 0x00, 0x00, 0x00, 0xC4,
    0x00, 0x00, 0x00, 0x0C, 0x00, 0x00, 0x00, 0x07, 0x00, 0x00, 0x00, 0x07, 0x00, 0x00, 0x00, 0x0C,
    0x00, 0x00, 0x00, 0x00, 0x00, 0x00, 0x00, 0x00, 0x00, 0x00, 0x00, 0xC5, 0x00, 0x00, 0x00, 0x0C,
    0x00, 0x00, 0x00, 0x07, 0x00, 0x00, 0x00, 0x07, 0x00, 0x00, 0x00, 0x0C, 0x00, 0x00, 0x00, 0x00,
    0x00, 0x00, 0x00, 0x00, 0x00, 0x00, 0x00, 0xC6, 0x00, 0x00, 0x00, 0x09, 0x00, 0x00, 0x00, 0x07,
    0x00, 0x00, 0x00, 0x07, 0x00, 0x00, 0x00, 0x09, 0x00, 0x00, 0x00, 0x00, 0x00, 0x00, 0x00, 0x00,
    0x00, 0x00, 0x00, 0xC7, 0x00, 0x00, 0x00, 0x0C, 0x00, 0x00, 0x00, 0x07, 0x00, 0x00, 0x00, 0x07,
    0x00, 0x00, 0x00, 0x09, 0x00, 0x00, 0x00, 0x00, 0x00, 0x00, 0x00, 0x00, 0x00, 0x00, 0x00, 0xC8,
    0x00, 0x00, 0x00, 0x0C, 0x00, 0x00, 0x00, 0x07, 0x00, 0x00, 0x00, 0x07, 0x00, 0x00, 0x00, 0x0C,
    0x00, 0x00, 0x00, 0x00, 0x00, 0x00, 0x00, 0x00, 0x00, 0x00, 0x00, 0xC9, 0x00, 0x00, 0x00, 0x0C,
    0x00, 0x00, 0x00, 0x07, 0x00, 0x00, 0x00, 0x07, 0x00, 0x00, 0x00, 0x0C, 0x00, 0x00, 0x00, 0x00,
    0x00, 0x00, 0x00, 0x00, 0x00, 0x00, 0x00, 0xCA, 0x00, 0x00, 0x00, 0x0C, 0x00, 0x00, 0x00, 0x07,
    0x00, 0x00, 0x00, 0x07, 0x00, 0x00, 0x00, 0x0C, 0x00, 0x00, 0x00, 0x00, 0x00, 0x00, 0x00, 0x00,
    0x00, 0x00, 0x00, 0xCB, 0x00, 0x00, 0x00, 0x0C, 0x00, 0x00, 0x00, 0x07, 0x00, 0x00, 0x00, 0x07,
    0x00, 0x00, 0x00, 0x0C, 0x00, 0x00, 0x00, 0x00, 0x00, 0x00, 0x00, 0x00, 0x00, 0x00, 0x00, 0xCC,
    0x00, 0x00, 0x00, 0x0C, 0x00, 0x00, 0x00, 0x06, 0x00, 0x00, 0x00, 0x07, 0x00, 0x00, 0x00, 0x0C,
    0x00, 0x00, 0x00, 0x01, 0x00, 0x00, 0x00, 0x00, 0x00, 0x00, 0x00, 0xCD, 0x00, 0x00, 0x00, 0x0C,
    0x00, 0x00, 0x00, 0x06, 0x00, 0x00, 0x00, 0x07, 0x00, 0x00, 0x00, 0x0C, 0x00, 0x00, 0x00, 0x01,
    0x00, 0x00, 0x00, 0x00, 0x00, 0x00, 0x00, 0xCE, 0x00, 0x00, 0x00, 0x0C, 0x00, 0x00, 0x00, 0x06,
    0x00, 0x00, 0x00, 0x07, 0x00, 0x00, 0x00, 0x0C, 0x00, 0x00, 0x00, 0x01, 0x00, 0x00, 0x00, 0x00,
    0x00, 0x00, 0x00, 0xCF, 0x00, 0x00, 0x00, 0x0C, 0x00, 0x00, 0x00, 0x06, 0x00, 0x00, 0x00, 0x07,
    0x00, 0x00, 0x00, 0x0C, 0x00, 0x00, 0x00, 0x01, 0x00, 0x00, 0x00, 0x00, 0x00, 0x00, 0x00, 0xD0,
    0x00, 0x00, 0x00, 0x09, 0x00, 0x00, 0x00, 0x07, 0x00, 0x00, 0x00, 0x07, 0x00, 0x00, 0x00, 0x09,
    0x00, 0x00, 0x00, 0x00, 0x00, 0x00, 0x00, 0x00, 0x00, 0x00, 0x00, 0xD1, 0x00, 0x00, 0x00, 0x0C,
    0x00, 0x00, 0x00, 0x07, 0x00, 0x00, 0x00, 0x07, 0x00, 0x00, 0x00, 0x0C, 0x00, 0x00, 0x00, 0x00,
    0x00, 0x00, 0x00, 0x00, 0x00, 0x00, 0x00, 0xD2, 0x00, 0x00, 0x00, 0x0C, 0x00, 0x00, 0x00, 0x07,
    0x00, 0x00, 0x00, 0x07, 0x00, 0x00, 0x00, 0x0C, 0x00, 0x00, 0x00, 0x00, 0x00, 0x00, 0x00, 0x00,
    0x00, 0x00, 0x00, 0xD3, 0x00, 0x00, 0x00, 0x0C, 0x00, 0x00, 0x00, 0x07, 0x00, 0x00, 0x00, 0x07,
    0x00, 0x00, 0x00, 0x0C, 0x00, 0x00, 0x00, 0x00, 0x00, 0x00, 0x00, 0x00, 0x00, 0x00, 0x00, 0xD4,
    0x00, 0x00, 0x00, 0x0C, 0x00, 0x00, 0x00, 0x07, 0x00, 0x00, 0x00, 0x07, 0x00, 0x00, 0x00, 0x0C,
    0x00, 0x00, 0x00, 0x00, 0x00, 0x00, 0x00, 0x00, 0x00, 0x00, 0x00, 0xD5, 0x00, 0x00, 0x00, 0x0C,
    0x00, 0x00, 0x00, 0x07, 0x00, 0x00, 0x00, 0x07, 0x00, 0x00, 0x00, 0x0C, 0x00, 0x00, 0x00, 0x00,
    0x00, 0x00, 0x00, 0x00, 0x00, 0x00, 0x00, 0xD6, 0x00, 0x00, 0x00, 0x0C, 0x00, 0x00, 0x00, 0x07,
    0x00, 0x00, 0x00, 0x07, 0x00, 0x00, 0x00, 0x0C, 0x00, 0x00, 0x00, 0x00, 0x00, 0x00, 0x00, 0x00,
    0x00, 0x00, 0x00, 0xD7, 0x00, 0x00, 0x00, 0x07, 0x00, 0x00, 0x00, 0x07, 0x00, 0x00, 0x00, 0x07,
    0x00, 0x00, 0x00, 0x07, 0x00, 0x00, 0x00, 0x00, 0x00, 0x00, 0x00, 0x00, 0x00, 0x00, 0x00, 0xD8,
    0x00, 0x00, 0x00, 0x0B, 0x00, 0x00, 0x00, 0x07, 0x00, 0x00, 0x00, 0x07, 0x00, 0x00, 0x00, 0x0A,
    0x00, 0x00, 0x00, 0x00, 0x00, 0x00, 0x00, 0x00, 0x00, 0x00, 0x00, 0xD9, 0x00, 0x00, 0x00, 0x0C,
    0x00, 0x00, 0x00, 0x07, 0x00, 0x00, 0x00, 0x07, 0x00, 0x00, 0x00, 0x0C, 0x00, 0x00, 0x00, 0x00,
    0x00, 0x00, 0x00, 0x00, 0x00, 0x00, 0x00, 0xDA, 0x00, 0x00, 0x00, 0x0C, 0x00, 0x00, 0x00, 0x07,
    0x00, 0x00, 0x00, 0x07, 0x00, 0x00, 0x00, 0x0C, 0x00, 0x00, 0x00, 0x00, 0x00, 0x00, 0x00, 0x00,
    0x00, 0x00, 0x00, 0xDB, 0x00, 0x00, 0x00, 0x0C, 0x00, 0x00, 0x00, 0x07, 0x00, 0x00, 0x00, 0x07,
    0x00, 0x00, 0x00, 0x0C, 0x00, 0x00, 0x00, 0x00, 0x00, 0x00, 0x00, 0x00, 0x00, 0x00, 0x00, 0xDC,
    0x00, 0x00, 0x00, 0x0C, 0x00, 0x00, 0x00, 0x07, 0x00, 0x00, 0x00, 0x07, 0x00, 0x00, 0x00, 0x0C,
    0x00, 0x00, 0x00, 0x00, 0x00, 0x00, 0x00, 0x00, 0x00, 0x00, 0x00, 0xDD, 0x00, 0x00, 0x00, 0x0C,
    0x00, 0x00, 0x00, 0x07, 0x00, 0x00, 0x00, 0x07, 0x00, 0x00, 0x00, 0x0C, 0x00, 0x00, 0x00, 0x00,
    0x00, 0x00, 0x00, 0x00, 0x00, 0x00, 0x00, 0xDE, 0x00, 0x00, 0x00, 0x09, 0x00, 0x00, 0x00, 0x07,
    0x00, 0x00, 0x00, 0x07, 0x00, 0x00, 0x00, 0x09, 0x00, 0x00, 0x00, 0x00, 0x00, 0x00, 0x00, 0x00,
    0x00, 0x00, 0x00, 0xDF, 0x00, 0x00, 0x00, 0x0A, 0x00, 0x00, 0x00, 0x07, 0x00, 0x00, 0x00, 0x07,
    0x00, 0x00, 0x00, 0x0A, 0x00, 0x00, 0x00, 0x00, 0x00, 0x00, 0x00, 0x00, 0x00, 0x00, 0x00, 0xE0,
    0x00, 0x00, 0x00, 0x0B, 0x00, 0x00, 0x00, 0x07, 0x00, 0x00, 0x00, 0x07, 0x00, 0x00, 0x00, 0x0B,
    0x00, 0x00, 0x00, 0x00, 0x00, 0x00, 0x00, 0x00, 0x00, 0x00, 0x00, 0xE1, 0x00, 0x00, 0x00, 0x0B,
    0x00, 0x00, 0x00, 0x07, 0x00, 0x00, 0x00, 0x07, 0x00, 0x00, 0x00, 0x0B, 0x00, 0x00, 0x00, 0x00,
    0x00, 0x00, 0x00, 0x00, 0x00, 0x00, 0x00, 0xE2, 0x00, 0x00, 0x00, 0x0B, 0x00, 0x00, 0x00, 0x07,
    0x00, 0x00, 0x00, 0x07, 0x00, 0x00, 0x00, 0x0B, 0x00, 0x00, 0x00, 0x00, 0x00, 0x00, 0x00, 0x00,
    0x00, 0x00, 0x00, 0xE3, 0x00, 0x00, 0x00, 0x0A, 0x00, 0x00, 0x00, 0x07, 0x00, 0x00, 0x00, 0x07,
    0x00, 0x00, 0x00, 0x0A, 0x00, 0x00, 0x00, 0x00, 0x00, 0x00, 0x00, 0x00, 0x00, 0x00, 0x00, 0xE4,
    0x00, 0x00, 0x00, 0x0A, 0x00, 0x00, 0x00, 0x07, 0x00, 0x00, 0x00, 0x07, 0x00, 0x00, 0x00, 0x0A,
    0x00, 0x00, 0x00, 0x00, 0x00, 0x00, 0x00, 0x00, 0x00, 0x00, 0x00, 0xE5, 0x00, 0x00, 0x00, 0x0B,
    0x00, 0x00, 0x00, 0x07, 0x00, 0x00, 0x00, 0x07, 0x00, 0x00, 0x00, 0x0B, 0x00, 0x00, 0x00, 0x00,
    0x00, 0x00, 0x00, 0x00, 0x00, 0x00, 0x00, 0xE6, 0x00, 0x00, 0x00, 0x07, 0x00, 0x00, 0x00, 0x07,
    0x00, 0x00, 0x00, 0x07, 0x00, 0x00, 0x00, 0x07, 0x00, 0x00, 0x00, 0x00, 0x00, 0x00, 0x00, 0x00,
    0x00, 0x00, 0x00, 0xE7, 0x00, 0x00, 0x00, 0x0A, 0x00, 0x00, 0x00, 0x07, 0x00, 0x00, 0x00, 0x07,
    0x00, 0x00, 0x00, 0x07, 0x00, 0x00, 0x00, 0x00, 0x00, 0x00, 0x00, 0x00, 0x00, 0x00, 0x00, 0xE8,
    0x00, 0x00, 0x00, 0x0B, 0x00, 0x00, 0x00, 0x07, 0x00, 0x00, 0x00, 0x07, 0x00, 0x00, 0x00, 0x0B,
    0x00, 0x00, 0x00, 0x00, 0x00, 0x00, 0x00, 0x00, 0x00, 0x00, 0x00, 0xE9, 0x00, 0x00, 0x00, 0x0B,
    0x00, 0x00, 0x00, 0x07, 0x00, 0x00, 0x00, 0x07, 0x00, 0x00, 0x00, 0x0B, 0x00, 0x00, 0x00, 0x00,
    0x00, 0x00, 0x00, 0x00, 0x00, 0x00, 0x00, 0xEA, 0x00, 0x00, 0x00, 0x0B, 0x00, 0x00, 0x00, 0x07,
    0x00, 0x00, 0x00, 0x07, 0x00, 0x00, 0x00, 0x0B, 0x00, 0x00, 0x00, 0x00, 0x00, 0x00, 0x00, 0x00,
    0x00, 0x00, 0x00, 0xEB, 0x00, 0x00, 0x00, 0x0A, 0x00, 0x00, 0x00, 0x07, 0x00, 0x00, 0x00, 0x07,
    0x00, 0x00, 0x00, 0x0A, 0x00, 0x00, 0x00, 0x00, 0x00, 0x00, 0x00, 0x00, 0x00, 0x00, 0x00, 0xEC,
    0x00, 0x00, 0x00, 0x0B, 0x00, 0x00, 0x00, 0x07, 0x00, 0x00, 0x00, 0x07, 0x00, 0x00, 0x00, 0x0B,
    0x00, 0x00, 0x00, 0x00, 0x00, 0x00, 0x00, 0x00, 0x00, 0x00, 0x00, 0xED, 0x00, 0x00, 0x00, 0x0B,
    0x00, 0x00, 0x00, 0x06, 0x00, 0x00, 0x00, 0x07, 0x00, 0x00, 0x00, 0x0B, 0x00, 0x00, 0x00, 0x01,
    0x00, 0x00, 0x00, 0x00, 0x00, 0x00, 0x00, 0xEE, 0x00, 0x00, 0x00, 0x0B, 0x00, 0x00, 0x00, 0x06,
    0x00, 0x00, 0x00, 0x07, 0x00, 0x00, 0x00, 0x0B, 0x00, 0x00, 0x00, 0x01, 0x00, 0x00, 0x00, 0x00,
    0x00, 0x00, 0x00, 0xEF, 0x00, 0x00, 0x00, 0x0A, 0x00, 0x00, 0x00, 0x06, 0x00, 0x00, 0x00, 0x07,
    0x00, 0x00, 0x00, 0x0A, 0x00, 0x00, 0x00, 0x01, 0x00, 0x00, 0x00, 0x00, 0x00, 0x00, 0x00, 0xF0,
    0x00, 0x00, 0x00, 0x0B, 0x00, 0x00, 0x00, 0x07, 0x00, 0x00, 0x00, 0x07, 0x00, 0x00, 0x00, 0x0B,
    0x00, 0x00, 0x00, 0x00, 0x00, 0x00, 0x00, 0x00, 0x00, 0x00, 0x00, 0xF1, 0x00, 0x00, 0x00, 0x0A,
    0x00, 0x00, 0x00, 0x06, 0x00, 0x00, 0x00, 0x07, 0x00, 0x00, 0x00, 0x0A, 0x00, 0x00, 0x00, 0x01,
    0x00, 0x00, 0x00, 0x00, 0x00, 0x00, 0x00, 0xF2, 0x00, 0x00, 0x00, 0x0A, 0x00, 0x00, 0x00, 0x07,
    0x00, 0x00, 0x00, 0x07, 0x00, 0x00, 0x00, 0x0A, 0x00, 0x00, 0x00, 0x00, 0x00, 0x00, 0x00, 0x00,
    0x00, 0x00, 0x00, 0xF3, 0x00, 0x00, 0x00, 0x0A, 0x00, 0x00, 0x00, 0x07, 0x00, 0x00, 0x00, 0x07,
    0x00, 0x00, 0x00, 0x0A, 0x00, 0x00, 0x00, 0x00, 0x00, 0x00, 0x00, 0x00, 0x00, 0x00, 0x00, 0xF4,
    0x00, 0x00, 0x00, 0x0A, 0x00, 0x00, 0x00, 0x07, 0x00, 0x00, 0x00, 0x07, 0x00, 0x00, 0x00, 0x0A,
    0x00, 0x00, 0x00, 0x00, 0x00, 0x00, 0x00, 0x00, 0x00, 0x00, 0x00, 0xF5, 0x00, 0x00, 0x00, 0x0A,
    0x00, 0x00, 0x00, 0x07, 0x00, 0x00, 0x00, 0x07, 0x00, 0x00, 0x00, 0x0A, 0x00, 0x00, 0x00, 0x00,
    0x00, 0x00, 0x00, 0x00, 0x00, 0x00, 0x00, 0xF6, 0x00, 0x00, 0x00, 0x0A, 0x00, 0x00, 0x00, 0x07,
    0x00, 0x00, 0x00, 0x07, 0x00, 0x00, 0x00, 0x0A, 0x00, 0x00, 0x00, 0x00, 0x00, 0x00, 0x00, 0x00,
    0x00, 0x00, 0x00, 0xF7, 0x00, 0x00, 0x00, 0x07, 0x00, 0x00, 0x00, 0x07, 0x00, 0x00, 0x00, 0x07,
    0x00, 0x00, 0x00, 0x08, 0x00, 0x00, 0x00, 0x00, 0x00, 0x00, 0x00, 0x00, 0x00, 0x00, 0x00, 0xF8,
    0x00, 0x00, 0x00, 0x09, 0x00, 0x00, 0x00, 0x07, 0x00, 0x00, 0x00, 0x07, 0x00, 0x00, 0x00, 0x08,
    0x00, 0x00, 0x00, 0x00, 0x00, 0x00, 0x00, 0x00, 0x00, 0x00, 0x00, 0xF9, 0x00, 0x00, 0x00, 0x0A,
    0x00, 0x00, 0x00, 0x07, 0x00, 0x00, 0x00, 0x07, 0x00, 0x00, 0x00, 0x0A, 0x00, 0x00, 0x00, 0x00,
    0x00, 0x00, 0x00, 0x00, 0x00, 0x00, 0x00, 0xFA, 0x00, 0x00, 0x00, 0x0A, 0x00, 0x00, 0x00, 0x07,
    0x00, 0x00, 0x00, 0x07, 0x00, 0x00, 0x00, 0x0A, 0x00, 0x00, 0x00, 0x00, 0x00, 0x00, 0x00, 0x00,
    0x00, 0x00, 0x00, 0xFB, 0x00, 0x00, 0x00, 0x0A, 0x00, 0x00, 0x00, 0x07, 0x00, 0x00, 0x00, 0x07,
    0x00, 0x00, 0x00, 0x0A, 0x00, 0x00, 0x00, 0x00, 0x00, 0x00, 0x00, 0x00, 0x00, 0x00, 0x00, 0xFC,
    0x00, 0x00, 0x00, 0x0A, 0x00, 0x00, 0x00, 0x07, 0x00, 0x00, 0x00, 0x07, 0x00, 0x00, 0x00, 0x0A,
    0x00, 0x00, 0x00, 0x00, 0x00, 0x00, 0x00, 0x00, 0x00, 0x00, 0x00, 0xFD, 0x00, 0x00, 0x00, 0x0D,
    0x00, 0x00, 0x00, 0x07, 0x00, 0x00, 0x00, 0x07, 0x00, 0x00, 0x00, 0x0A, 0x00, 0x00, 0x00, 0x00,
    0x00, 0x00, 0x00, 0x00, 0x00, 0x00, 0x00, 0xFE, 0x00, 0x00, 0x00, 0x0D, 0x00, 0x00, 0x00, 0x07,
    0x00, 0x00, 0x00, 0x07, 0x00, 0x00, 0x00, 0x0A, 0x00, 0x00, 0x00, 0x00, 0x00, 0x00, 0x00, 0x00,
    0x00, 0x00, 0x00, 0xFF, 0x00, 0x00, 0x00, 0x0D, 0x00, 0x00, 0x00, 0x07, 0x00, 0x00, 0x00, 0x07,
    0x00, 0x00, 0x00, 0x0A, 0x00, 0x00, 0x00, 0x00, 0x00, 0x00, 0x00, 0x00, 0x00, 0x00, 0x20, 0x13,
    0x00, 0x00, 0x00, 0x02, 0x00, 0x00, 0x00, 0x05, 0x00, 0x00, 0x00, 0x07, 0x00, 0x00, 0x00, 0x05,
    0x00, 0x00, 0x00, 0x01, 0x00, 0x00, 0x00, 0x00, 0x00, 0x00, 0x20, 0x14, 0x00, 0x00, 0x00, 0x02,
    0x00, 0x00, 0x00, 0x07, 0x00, 0x00, 0x00, 0x07, 0x00, 0x00, 0x00, 0x05, 0x00, 0x00, 0x00, 0x00,
    0x00, 0x00, 0x00, 0x00, 0x00, 0x00, 0x20, 0x18, 0x00, 0x00, 0x00, 0x04, 0x00, 0x00, 0x00, 0x03,
    0x00, 0x00, 0x00, 0x07, 0x00, 0x00, 0x00, 0x0A, 0x00, 0x00, 0x00, 0x02, 0x00, 0x00, 0x00, 0x00,
    0x00, 0x00, 0x20, 0x19, 0x00, 0x00, 0x00, 0x04, 0x00, 0x00, 0x00, 0x03, 0x00, 0x00, 0x00, 0x07,
    0x00, 0x00, 0x00, 0x0A, 0x00, 0x00, 0x00, 0x02, 0x00, 0x00, 0x00, 0x00, 0x00, 0x00, 0x20, 0x1C,
    0x00, 0x00, 0x00, 0x04, 0x00, 0x00, 0x00, 0x07, 0x00, 0x00, 0x00, 0x07, 0x00, 0x00, 0x00, 0x0A,
    0x00, 0x00, 0x00, 0x00, 0x00, 0x00, 0x00, 0x00, 0x00, 0x00, 0x20, 0x1D, 0x00, 0x00, 0x00, 0x04,
    0x00, 0x00, 0x00, 0x07, 0x00, 0x00, 0x00, 0x07, 0x00, 0x00, 0x00, 0x0A, 0x00, 0x00, 0x00, 0x00,
    0x00, 0x00, 0x00, 0x00, 0x00, 0x00, 0x20, 0x26, 0x00, 0x00, 0x00, 0x03, 0x00, 0x00, 0x00, 0x07,
    0x00, 0x00, 0x00, 0x07, 0x00, 0x00, 0x00, 0x03, 0x00, 0x00, 0x00, 0x00, 0x00, 0x00, 0x00, 0x00,
    0x00, 0x00, 0x20, 0xAC, 0x00, 0x00, 0x00, 0x09, 0x00, 0x00, 0x00, 0x07, 0x00, 0x00, 0x00, 0x07,
    0x00, 0x00, 0x00, 0x09, 0x00, 0x00, 0x00, 0x00, 0x00, 0x00, 0x00, 0x00, 0x00, 0x00, 0x21, 0x90,
    0x00, 0x00, 0x00, 0x05, 0x00, 0x00, 0x00, 0x07, 0x00, 0x00, 0x00, 0x07, 0x00, 0x00, 0x00, 0x06,
    0x00, 0x00, 0x00, 0x00, 0x00, 0x00, 0x00, 0x00, 0x00, 0x00, 0x21, 0x91, 0x00, 0x00, 0x00, 0x07,
    0x00, 0x00, 0x00, 0x05, 0x00, 0x00, 0x00, 0x07, 0x00, 0x00, 0x00, 0x07, 0x00, 0x00, 0x00, 0x01,
    0x00, 0x00, 0x00, 0x00, 0x00, 0x00, 0x21, 0x92, 0x00, 0x00, 0x00, 0x05, 0x00, 0x00, 0x00, 0x07,
    0x00, 0x00, 0x00, 0x07, 0x00, 0x00, 0x00, 0x06, 0x00, 0x00, 0x00, 0x00, 0x00, 0x00, 0x00, 0x00,
    0x00, 0x00, 0x21, 0x93, 0x00, 0x00, 0x00, 0x07, 0x00, 0x00, 0x00, 0x05, 0x00, 0x00, 0x00, 0x07,
    0x00, 0x00, 0x00, 0x07, 0x00, 0x00, 0x00, 0x01, 0x00, 0x00, 0x00, 0x00, 0x00, 0x00, 0x21, 0x94,
    0x00, 0x00, 0x00, 0x05, 0x00, 0x00, 0x00, 0x07, 0x00, 0x00, 0x00, 0x07, 0x00, 0x00, 0x00, 0x06,
    0x00, 0x00, 0x00, 0x00, 0x00, 0x00, 0x00, 0x00, 0x00, 0x00, 0x21, 0x95, 0x00, 0x00, 0x00, 0x07,
    0x00, 0x00, 0x00, 0x05, 0x00, 0x00, 0x00, 0x07, 0x00, 0x00, 0x00, 0x07, 0x00, 0x00, 0x00, 0x01,
    0x00, 0x00, 0x00, 0x00, 0x00, 0x00, 0x21, 0xE9, 0x00, 0x00, 0x00, 0x07, 0x00, 0x00, 0x00, 0x06,
    0x00, 0x00, 0x00, 0x07, 0x00, 0x00, 0x00, 0x07, 0x00, 0x00, 0x00, 0x01, 0x00, 0x00, 0x00, 0x00,
    0x00, 0x00, 0x22, 0x60, 0x00, 0x00, 0x00, 0x09, 0x00, 0x00, 0x00, 0x07, 0x00, 0x00, 0x00, 0x07,
    0x00, 0x00, 0x00, 0x08, 0x00, 0x00, 0x00, 0x00, 0x00, 0x00, 0x00, 0x00, 0x00, 0x00, 0x22, 0x61,
    0x00, 0x00, 0x00, 0x08, 0x00, 0x00, 0x00, 0x07, 0x00, 0x00, 0x00, 0x07, 0x00, 0x00, 0x00, 0x08,
    0x00, 0x00, 0x00, 0x00, 0x00, 0x00, 0x00, 0x00, 0x00, 0x00, 0x22, 0x64, 0x00, 0x00, 0x00, 0x07,
    0x00, 0x00, 0x00, 0x07, 0x00, 0x00, 0x00, 0x07, 0x00, 0x00, 0x00, 0x07, 0x00, 0x00, 0x00, 0x00,
    0x00, 0x00, 0x00, 0x00, 0x00, 0x00, 0x22, 0x65, 0x00, 0x00, 0x00, 0x07, 0x00, 0x00, 0x00, 0x07,
    0x00, 0x00, 0x00, 0x07, 0x00, 0x00, 0x00, 0x07, 0x00, 0x00, 0x00, 0x00, 0x00, 0x00, 0x00, 0x00,
    0x00, 0x00, 0x23, 0x15, 0x00, 0x00, 0x00, 0x06, 0x00, 0x00, 0x00, 0x07, 0x00, 0x00, 0x00, 0x07,
    0x00, 0x00, 0x00, 0x07, 0x00, 0x00, 0x00, 0x00, 0x00, 0x00, 0x00, 0x00, 0x00, 0x00, 0x23, 0xCE,
    0x00, 0x00, 0x00, 0x06, 0x00, 0x00, 0x00, 0x07, 0x00, 0x00, 0x00, 0x07, 0x00, 0x00, 0x00, 0x07,
    0x00, 0x00, 0x00, 0x00, 0x00, 0x00, 0x00, 0x00, 0x00, 0x00, 0x25, 0x00, 0x00, 0x00, 0x00, 0x02,
    0x00, 0x00, 0x00, 0x07, 0x00, 0x00, 0x00, 0x07, 0x00, 0x00, 0x00, 0x05, 0x00, 0x00, 0x00, 0x00,
    0x00, 0x00, 0x00, 0x00, 0x00, 0x00, 0x25, 0x01, 0x00, 0x00, 0x00, 0x03, 0x00, 0x00, 0x00, 0x07,
    0x00, 0x00, 0x00, 0x07, 0x00, 0x00, 0x00, 0x06, 0x00, 0x00, 0x00, 0x00, 0x00, 0x00, 0x00, 0x00,
    0x00, 0x00, 0x25, 0x02, 0x00, 0x00, 0x00, 0x10, 0x00, 0x00, 0x00, 0x02, 0x00, 0x00, 0x00, 0x07,
    0x00, 0x00, 0x00, 0x0C, 0x00, 0x00, 0x00, 0x03, 0x00, 0x00, 0x00, 0x00, 0x00, 0x00, 0x25, 0x03,
    0x00, 0x00, 0x00, 0x10, 0x00, 0x00, 0x00, 0x03, 0x00, 0x00, 0x00, 0x07, 0x00, 0x00, 0x00, 0x0C,
    0x00, 0x00, 0x00, 0x02, 0x00, 0x00, 0x00, 0x00, 0x00, 0x00, 0x25, 0x04, 0x00, 0x00, 0x00, 0x02,
    0x00, 0x00, 0x00, 0x07, 0x00, 0x00, 0x00, 0x07, 0x00, 0x00, 0x00, 0x05, 0x00, 0x00, 0x00, 0x00,
    0x00, 0x00, 0x00, 0x00, 0x00, 0x00, 0x25, 0x05, 0x00, 0x00, 0x00, 0x03, 0x00, 0x00, 0x00, 0x07,
    0x00, 0x00, 0x00, 0x07, 0x00, 0x00, 0x00, 0x06, 0x00, 0x00, 0x00, 0x00, 0x00, 0x00, 0x00, 0x00,
    0x00, 0x00, 0x25, 0x06, 0x00, 0x00, 0x00, 0x0E, 0x00, 0x00, 0x00, 0x02, 0x00, 0x00, 0x00, 0x07,
    0x00, 0x00, 0x00, 0x0B, 0x00, 0x00, 0x00, 0x03, 0x00, 0x00, 0x00, 0x00, 0x00, 0x00, 0x25, 0x07,
    0x00, 0x00, 0x00, 0x0E, 0x00, 0x00, 0x00, 0x03, 0x00, 0x00, 0x00, 0x07, 0x00, 0x00, 0x00, 0x0B,
    0x00, 0x00, 0x00, 0x02, 0x00, 0x00, 0x00, 0x00, 0x00, 0x00, 0x25, 0x08, 0x00, 0x00, 0x00, 0x02,
    0x00, 0x00, 0x00, 0x07, 0x00, 0x00, 0x00, 0x07, 0x00, 0x00, 0x00, 0x05, 0x00, 0x00, 0x00, 0x00,
    0x00, 0x00, 0x00, 0x00, 0x00, 0x00, 0x25, 0x09, 0x00, 0x00, 0x00, 0x03, 0x00, 0x00, 0x00, 0x07,
    0x00, 0x00, 0x00, 0x07, 0x00, 0x00, 0x00, 0x06, 0x00, 0x00, 0x00, 0x00, 0x00, 0x00, 0x00, 0x00,
    0x00, 0x00, 0x25, 0x0A, 0x00, 0x00, 0x00, 0x0E, 0x00, 0x00, 0x00, 0x02, 0x00, 0x00, 0x00, 0x07,
    0x00, 0x00, 0x00, 0x0B, 0x00, 0x00, 0x00, 0x03, 0x00, 0x00, 0x00, 0x00, 0x00, 0x00, 0x25, 0x0B,
    0x00, 0x00, 0x00, 0x0E, 0x00, 0x00, 0x00, 0x03, 0x00, 0x00, 0x00, 0x07, 0x00, 0x00, 0x00, 0x0B,
    0x00, 0x00, 0x00, 0x02, 0x00, 0x00, 0x00, 0x00, 0x00, 0x00, 0x25, 0x0C, 0x00, 0x00, 0x00, 0x08,
    0x00, 0x00, 0x00, 0x04, 0x00, 0x00, 0x00, 0x07, 0x00, 0x00, 0x00, 0x05, 0x00, 0x00, 0x00, 0x03,
    0x00, 0x00, 0x00, 0x00, 0x00, 0x00, 0x25, 0x0D, 0x00, 0x00, 0x00, 0x0A, 0x00, 0x00, 0x00, 0x04,
    0x00, 0x00, 0x00, 0x07, 0x00, 0x00, 0x00, 0x06, 0x00, 0x00, 0x00, 0x03, 0x00, 0x00, 0x00, 0x00,
    0x00, 0x00, 0x25, 0x0E, 0x00, 0x00, 0x00, 0x08, 0x00, 0x00, 0x00, 0x05, 0x00, 0x00, 0x00, 0x07,
    0x00, 0x00, 0x00, 0x05, 0x00, 0x00, 0x00, 0x02, 0x00, 0x00, 0x00, 0x00, 0x00, 0x00, 0x25, 0x0F,
    0x00, 0x00, 0x00, 0x0A, 0x00, 0x00, 0x00, 0x05, 0x00, 0x00, 0x00, 0x07, 0x00, 0x00, 0x00, 0x06,
    0x00, 0x00, 0x00, 0x02, 0x00, 0x00, 0x00, 0x00, 0x00, 0x00, 0x25, 0x10, 0x00, 0x00, 0x00, 0x08,
    0x00, 0x00, 0x00, 0x07, 0x00, 0x00, 0x00, 0x07, 0x00, 0x00, 0x00, 0x05, 0x00, 0x00, 0x00, 0x00,
    0x00, 0x00, 0x00, 0x00, 0x00, 0x00, 0x25, 0x11, 0x00, 0x00, 0x00, 0x0A, 0x00, 0x00, 0x00, 0x07,
    0x00, 0x00, 0x00, 0x07, 0x00, 0x00, 0x00, 0x06, 0x00, 0x00, 0x00, 0x00, 0x00, 0x00, 0x00, 0x00,
    0x00, 0x00, 0x25, 0x12, 0x00, 0x00, 0x00, 0x08, 0x00, 0x00, 0x00, 0x05, 0x00, 0x00, 0x00, 0x07,
    0x00, 0x00, 0x00, 0x05, 0x00, 0x00, 0x00, 0x00, 0x00, 0x00, 0x00, 0x00, 0x00, 0x00, 0x25, 0x13,
    0x00, 0x00, 0x00, 0x0A, 0x00, 0x00, 0x00, 0x05, 0x00, 0x00, 0x00, 0x07, 0x00, 0x00, 0x00, 0x06,
    0x00, 0x00, 0x00, 0x00, 0x00, 0x00, 0x00, 0x00, 0x00, 0x00, 0x25, 0x14, 0x00, 0x00, 0x00, 0x09,
    0x00, 0x00, 0x00, 0x04, 0x00, 0x00, 0x00, 0x07, 0x00, 0x00, 0x00, 0x0C, 0x00, 0x00, 0x00, 0x03,
    0x00, 0x00, 0x00, 0x00, 0x00, 0x00, 0x25, 0x15, 0x00, 0x00, 0x00, 0x09, 0x00, 0x00, 0x00, 0x04,
    0x00, 0x00, 0x00, 0x07, 0x00, 0x00, 0x00, 0x0C, 0x00, 0x00, 0x00, 0x03, 0x00, 0x00, 0x00, 0x00,
    0x00, 0x00, 0x25, 0x16, 0x00, 0x00, 0x00, 0x09, 0x00, 0x00, 0x00, 0x05, 0x00, 0x00, 0x00, 0x07,
    0x00, 0x00, 0x00, 0x0C, 0x00, 0x00, 0x00, 0x02, 0x00, 0x00, 0x00, 0x00, 0x00, 0x00, 0x25, 0x17,
    0x00, 0x00, 0x00, 0x09, 0x00, 0x00, 0x00, 0x05, 0x00, 0x00, 0x00, 0x07, 0x00, 0x00, 0x00, 0x0C,
    0x00, 0x00, 0x00, 0x02, 0x00, 0x00, 0x00, 0x00, 0x00, 0x00, 0x25, 0x18, 0x00, 0x00, 0x00, 0x09,
    0x00, 0x00, 0x00, 0x07, 0x00, 0x00, 0x00, 0x07, 0x00, 0x00, 0x00, 0x0C, 0x00, 0x00, 0x00, 0x00,
    0x00, 0x00, 0x00, 0x00, 0x00, 0x00, 0x25, 0x19, 0x00, 0x00, 0x00, 0x09, 0x00, 0x00, 0x00, 0x07,
    0x00, 0x00, 0x00, 0x07, 0x00, 0x00, 0x00, 0x0C, 0x00, 0x00, 0x00, 0x00, 0x00, 0x00, 0x00, 0x00,
    0x00, 0x00, 0x25, 0x1A, 0x00, 0x00, 0x00, 0x09, 0x00, 0x00, 0x00, 0x05, 0x00, 0x00, 0x00, 0x07,
    0x00, 0x00, 0x00, 0x0C, 0x00, 0x00, 0x00, 0x00, 0x00, 0x00, 0x00, 0x00, 0x00, 0x00, 0x25, 0x1B,
    0x00, 0x00, 0x00, 0x09, 0x00, 0x00, 0x00, 0x05, 0x00, 0x00, 0x00, 0x07, 0x00, 0x00, 0x00, 0x0C,
    0x00, 0x00, 0x00, 0x00, 0x00, 0x00, 0x00, 0x00, 0x00, 0x00, 0x25, 0x1C, 0x00, 0x00, 0x00, 0x10,
    0x00, 0x00, 0x00, 0x04, 0x00, 0x00, 0x00, 0x07, 0x00, 0x00, 0x00, 0x0C, 0x00, 0x00, 0x00, 0x03,
    0x00, 0x00, 0x00, 0x00, 0x00, 0x00, 0x25, 0x1D, 0x00, 0x00, 0x00, 0x10, 0x00, 0x00, 0x00, 0x04,
    0x00, 0x00, 0x00, 0x07, 0x00, 0x00, 0x00, 0x0C, 0x00, 0x00, 0x00, 0x03, 0x00, 0x00, 0x00, 0x00,
    0x00, 0x00, 0x25, 0x1E, 0x00, 0x00, 0x00, 0x0F, 0x00, 0x00, 0x00, 0x05, 0x00, 0x00, 0x00, 0x07,
    0x00, 0x00, 0x00, 0x0C, 0x00, 0x00, 0x00, 0x02, 0x00, 0x00, 0x00, 0x00, 0x00, 0x00, 0x25, 0x1F,
    0x00, 0x00, 0x00, 0x10, 0x00, 0x00, 0x00, 0x05, 0x00, 0x00, 0x00, 0x07, 0x00, 0x00, 0x00, 0x0C,
    0x00, 0x00, 0x00, 0x02, 0x00, 0x00, 0x00, 0x00, 0x00, 0x00, 0x25, 0x20, 0x00, 0x00, 0x00, 0x10,
    0x00, 0x00, 0x00, 0x05, 0x00, 0x00, 0x00, 0x07, 0x00, 0x00, 0x00, 0x0C, 0x00, 0x00, 0x00, 0x02,
    0x00, 0x00, 0x00, 0x00, 0x00, 0x00, 0x25, 0x21, 0x00, 0x00, 0x00, 0x10, 0x00, 0x00, 0x00, 0x05,
    0x00, 0x00, 0x00, 0x07, 0x00, 0x00, 0x00, 0x0C, 0x00, 0x00, 0x00, 0x02, 0x00, 0x00, 0x00, 0x00,
    0x00, 0x00, 0x25, 0x22, 0x00, 0x00, 0x00, 0x10, 0x00, 0x00, 0x00, 0x05, 0x00, 0x00, 0x00, 0x07,
    0x00, 0x00, 0x00, 0x0C, 0x00, 0x00, 0x00, 0x02, 0x00, 0x00, 0x00, 0x00, 0x00, 0x00, 0x25, 0x23,
    0x00, 0x00, 0x00, 0x10, 0x00, 0x00, 0x00, 0x05, 0x00, 0x00, 0x00, 0x07, 0x00, 0x00, 0x00, 0x0C,
    0x00, 0x00, 0x00, 0x02, 0x00, 0x00, 0x00, 0x00, 0x00, 0x00, 0x25, 0x24, 0x00, 0x00, 0x00, 0x10,
    0x00, 0x00, 0x00, 0x07, 0x00, 0x00, 0x00, 0x07, 0x00, 0x00, 0x00, 0x0C, 0x00, 0x00, 0x00, 0x00,
    0x00, 0x00, 0x00, 0x00, 0x00, 0x00, 0x25, 0x25, 0x00, 0x00, 0x00, 0x10, 0x00, 0x00, 0x00, 0x07,
    0x00, 0x00, 0x00, 0x07, 0x00, 0x00, 0x00, 0x0C, 0x00, 0x00, 0x00, 0x00, 0x00, 0x00, 0x00, 0x00,
    0x00, 0x00, 0x25, 0x26, 0x00, 0x00, 0x00, 0x0F, 0x00, 0x00, 0x00, 0x05, 0x00, 0x00, 0x00, 0x07,
    0x00, 0x00, 0x00, 0x0C, 0x00, 0x00, 0x00, 0x00, 0x00, 0x00, 0x00, 0x00, 0x00, 0x00, 0x25, 0x27,
    0x00, 0x00, 0x00, 0x0F, 0x00, 0x00, 0x00, 0x05, 0x00, 0x00, 0x00, 0x07, 0x00, 0x00, 0x00, 0x0C,
    0x00, 0x00, 0x00, 0x00, 0x00, 0x00, 0x00, 0x00, 0x00, 0x00, 0x25, 0x28, 0x00, 0x00, 0x00, 0x10,
    0x00, 0x00, 0x00, 0x05, 0x00, 0x00, 0x00, 0x07, 0x00, 0x00, 0x00, 0x0C, 0x00, 0x00, 0x00, 0x00,
    0x00, 0x00, 0x00, 0x00, 0x00, 0x00, 0x25, 0x29, 0x00, 0x00, 0x00, 0x10, 0x00, 0x00, 0x00, 0x05,
    0x00, 0x00, 0x00, 0x07, 0x00, 0x00, 0x00, 0x0C, 0x00, 0x00, 0x00, 0x00, 0x00, 0x00, 0x00, 0x00,
    0x00, 0x00, 0x25, 0x2A, 0x00, 0x00, 0x00, 0x10, 0x00, 0x00, 0x00, 0x05, 0x00, 0x00, 0x00, 0x07,
    0x00, 0x00, 0x00, 0x0C, 0x00, 0x00, 0x00, 0x00, 0x00, 0x00, 0x00, 0x00, 0x00, 0x00, 0x25, 0x2B,
    0x00, 0x00, 0x00, 0x10, 0x00, 0x00, 0x00, 0x05, 0x00, 0x00, 0x00, 0x07, 0x00, 0x00, 0x00, 0x0C,
    0x00, 0x00, 0x00, 0x00, 0x00, 0x00, 0x00, 0x00, 0x00, 0x00, 0x25, 0x2C, 0x00, 0x00, 0x00, 0x08,
    0x00, 0x00, 0x00, 0x07, 0x00, 0x00, 0x00, 0x07, 0x00, 0x00, 0x00, 0x05, 0x00, 0x00, 0x00, 0x00,
    0x00, 0x00, 0x00, 0x00, 0x00, 0x00, 0x25, 0x2D, 0x00, 0x00, 0x00, 0x0A, 0x00, 0x00, 0x00, 0x07,
    0x00, 0x00, 0x00, 0x07, 0x00, 0x00, 0x00, 0x06, 0x00, 0x00, 0x00, 0x00, 0x00, 0x00, 0x00, 0x00,
    0x00, 0x00, 0x25, 0x2E, 0x00, 0x00, 0x00, 0x0A, 0x00, 0x00, 0x00, 0x07, 0x00, 0x00, 0x00, 0x07,
    0x00, 0x00, 0x00, 0x06, 0x00, 0x00, 0x00, 0x00, 0x00, 0x00, 0x00, 0x00, 0x00, 0x00, 0x25, 0x2F,
    0x00, 0x00, 0x00, 0x0A, 0x00, 0x00, 0x00, 0x07, 0x00, 0x00, 0x00, 0x07, 0x00, 0x00, 0x00, 0x06,
    0x00, 0x00, 0x00, 0x00, 0x00, 0x00, 0x00, 0x00, 0x00, 0x00, 0x25, 0x30, 0x00, 0x00, 0x00, 0x08,
    0x00, 0x00, 0x00, 0x07, 0x00, 0x00, 0x00, 0x07, 0x00, 0x00, 0x00, 0x05, 0x00, 0x00, 0x00, 0x00,
    0x00, 0x00, 0x00, 0x00, 0x00, 0x00, 0x25, 0x31, 0x00, 0x00, 0x00, 0x0A, 0x00, 0x00, 0x00, 0x07,
    0x00, 0x00, 0x00, 0x07, 0x00, 0x00, 0x00, 0x06, 0x00, 0x00, 0x00, 0x00, 0x00, 0x00, 0x00, 0x00,
    0x00, 0x00, 0x25, 0x32, 0x00, 0x00, 0x00, 0x0A, 0x00, 0x00, 0x00, 0x07, 0x00, 0x00, 0x00, 0x07,
    0x00, 0x00, 0x00, 0x06, 0x00, 0x00, 0x00, 0x00, 0x00, 0x00, 0x00, 0x00, 0x00, 0x00, 0x25, 0x33,
    0x00, 0x00, 0x00, 0x0A, 0x00, 0x00, 0x00, 0x07, 0x00, 0x00, 0x00, 0x07, 0x00, 0x00, 0x00, 0x06,
    0x00, 0x00, 0x00, 0x00, 0x00, 0x00, 0x00, 0x00, 0x00, 0x00, 0x25, 0x34, 0x00, 0x00, 0x00, 0x09,
    0x00, 0x00, 0x00, 0x07, 0x00, 0x00, 0x00, 0x07, 0x00, 0x00, 0x00, 0x0C, 0x00, 0x00, 0x00, 0x00,
    0x00, 0x00, 0x00, 0x00, 0x00, 0x00, 0x25, 0x35, 0x00, 0x00, 0x00, 0x09, 0x00, 0x00, 0x00, 0x07,
    0x00, 0x00, 0x00, 0x07, 0x00, 0x00, 0x00, 0x0C, 0x00, 0x00, 0x00, 0x00, 0x00, 0x00, 0x00, 0x00,
    0x00, 0x00, 0x25, 0x36, 0x00, 0x00, 0x00, 0x09, 0x00, 0x00, 0x00, 0x07, 0x00, 0x00, 0x00, 0x07,
    0x00, 0x00, 0x00, 0x0C, 0x00, 0x00, 0x00, 0x00, 0x00, 0x00, 0x00, 0x00, 0x00, 0x00, 0x25, 0x37,
    0x00, 0x00, 0x00, 0x09, 0x00, 0x00, 0x00, 0x07, 0x00, 0x00, 0x00, 0x07, 0x00, 0x00, 0x00, 0x0C,
    0x00, 0x00, 0x00, 0x00, 0x00, 0x00, 0x00, 0x00, 0x00, 0x00, 0x25, 0x38, 0x00, 0x00, 0x00, 0x09,
    0x00, 0x00, 0x00, 0x07, 0x00, 0x00, 0x00, 0x07, 0x00, 0x00, 0x00, 0x0C, 0x00, 0x00, 0x00, 0x00,
    0x00, 0x00, 0x00, 0x00, 0x00, 0x00, 0x25, 0x39, 0x00, 0x00, 0x00, 0x09, 0x00, 0x00, 0x00, 0x07,
    0x00, 0x00, 0x00, 0x07, 0x00, 0x00, 0x00, 0x0C, 0x00, 0x00, 0x00, 0x00, 0x00, 0x00, 0x00, 0x00,
    0x00, 0x00, 0x25, 0x3A, 0x00, 0x00, 0x00, 0x09, 0x00, 0x00, 0x00, 0x07, 0x00, 0x00, 0x00, 0x07,
    0x00, 0x00, 0x00, 0x0C, 0x00, 0x00, 0x00, 0x00, 0x00, 0x00, 0x00, 0x00, 0x00, 0x00, 0x25, 0x3B,
    0x00, 0x00, 0x00, 0x09, 0x00, 0x00, 0x00, 0x07, 0x00, 0x00, 0x00, 0x07, 0x00, 0x00, 0x00, 0x0C,
    0x00, 0x00, 0x00, 0x00, 0x00, 0x00, 0x00, 0x00, 0x00, 0x00, 0x25, 0x3C, 0x00, 0x00, 0x00, 0x10,
    0x00, 0x00, 0x00, 0x07, 0x00, 0x00, 0x00, 0x07, 0x00, 0x00, 0x00, 0x0C, 0x00, 0x00, 0x00, 0x00,
    0x00, 0x00, 0x00, 0x00, 0x00, 0x00, 0x25, 0x3D, 0x00, 0x00, 0x00, 0x10, 0x00, 0x00, 0x00, 0x07,
    0x00, 0x00, 0x00, 0x07, 0x00, 0x00, 0x00, 0x0C, 0x00, 0x00, 0x00, 0x00, 0x00, 0x00, 0x00, 0x00,
    0x00, 0x00, 0x25, 0x3E, 0x00, 0x00, 0x00, 0x10, 0x00, 0x00, 0x00, 0x07, 0x00, 0x00, 0x00, 0x07,
    0x00, 0x00, 0x00, 0x0C, 0x00, 0x00, 0x00, 0x00, 0x00, 0x00, 0x00, 0x00, 0x00, 0x00, 0x25, 0x3F,
    0x00, 0x00, 0x00, 0x10, 0x00, 0x00, 0x00, 0x07, 0x00, 0x00, 0x00, 0x07, 0x00, 0x00, 0x00, 0x0C,
    0x00, 0x00, 0x00, 0x00, 0x00, 0x00, 0x00, 0x00, 0x00, 0x00, 0x25, 0x40, 0x00, 0x00, 0x00, 0x0F,
    0x00, 0x00, 0x00, 0x07, 0x00, 0x00, 0x00, 0x07, 0x00, 0x00, 0x00, 0x0C, 0x00, 0x00, 0x00, 0x00,
    0x00, 0x00, 0x00, 0x00, 0x00, 0x00, 0x25, 0x41, 0x00, 0x00, 0x00, 0x0F, 0x00, 0x00, 0x00, 0x07,
    0x00, 0x00, 0x00, 0x07, 0x00, 0x00, 0x00, 0x0C, 0x00, 0x00, 0x00, 0x00, 0x00, 0x00, 0x00, 0x00,
    0x00, 0x00, 0x25, 0x42, 0x00, 0x00, 0x00, 0x10, 0x00, 0x00, 0x00, 0x07, 0x00, 0x00, 0x00, 0x07,
    0x00, 0x00, 0x00, 0x0C, 0x00, 0x00, 0x00, 0x00, 0x00, 0x00, 0x00, 0x00, 0x00, 0x00, 0x25, 0x43,
    0x00, 0x00, 0x00, 0x10, 0x00, 0x00, 0x00, 0x07, 0x00, 0x00, 0x00, 0x07, 0x00, 0x00, 0x00, 0x0C,
    0x00, 0x00, 0x00, 0x00, 0x00, 0x00, 0x00, 0x00, 0x00, 0x00, 0x25, 0x44, 0x00, 0x00, 0x00, 0x10,
    0x00, 0x00, 0x00, 0x07, 0x00, 0x00, 0x00, 0x07, 0x00, 0x00, 0x00, 0x0C, 0x00, 0x00, 0x00, 0x00,
    0x00, 0x00, 0x00, 0x00, 0x00, 0x00, 0x25, 0x45, 0x00, 0x00, 0x00, 0x10, 0x00, 0x00, 0x00, 0x07,
    0x00, 0x00, 0x00, 0x07, 0x00, 0x00, 0x00, 0x0C, 0x00, 0x00, 0x00, 0x00, 0x00, 0x00, 0x00, 0x00,
    0x00, 0x00, 0x25, 0x46, 0x00, 0x00, 0x00, 0x10, 0x00, 0x00, 0x00, 0x07, 0x00, 0x00, 0x00, 0x07,
    0x00, 0x00, 0x00, 0x0C, 0x00, 0x00, 0x00, 0x00, 0x00, 0x00, 0x00, 0x00, 0x00, 0x00, 0x25, 0x47,
    0x00, 0x00, 0x00, 0x10, 0x00, 0x00, 0x00, 0x07, 0x00, 0x00, 0x00, 0x07, 0x00, 0x00, 0x00, 0x0C,
    0x00, 0x00, 0x00, 0x00, 0x00, 0x00, 0x00, 0x00, 0x00, 0x00, 0x25, 0x48, 0x00, 0x00, 0x00, 0x10,
    0x00, 0x00, 0x00, 0x07, 0x00, 0x00, 0x00, 0x07, 0x00, 0x00, 0x00, 0x0C, 0x00, 0x00, 0x00, 0x00,
    0x00, 0x00, 0x00, 0x00, 0x00, 0x00, 0x25, 0x49, 0x00, 0x00, 0x00, 0x10, 0x00, 0x00, 0x00, 0x07,
    0x00, 0x00, 0x00, 0x07, 0x00, 0x00, 0x00, 0x0C, 0x00, 0x00, 0x00, 0x00, 0x00, 0x00, 0x00, 0x00,
    0x00, 0x00, 0x25, 0x4A, 0x00, 0x00, 0x00, 0x10, 0x00, 0x00, 0x00, 0x07, 0x00, 0x00, 0x00, 0x07,
    0x00, 0x00, 0x00, 0x0C, 0x00, 0x00, 0x00, 0x00, 0x00, 0x00, 0x00, 0x00, 0x00, 0x00, 0x25, 0x4B,
    0x00, 0x00, 0x00, 0x10, 0x00, 0x00, 0x00, 0x07, 0x00, 0x00, 0x00, 0x07, 0x00, 0x00, 0x00, 0x0C,
    0x00, 0x00, 0x00, 0x00, 0x00, 0x00, 0x00, 0x00, 0x00, 0x00, 0x25, 0x4C, 0x00, 0x00, 0x00, 0x02,
    0x00, 0x00, 0x00, 0x07, 0x00, 0x00, 0x00, 0x07, 0x00, 0x00, 0x00, 0x05, 0x00, 0x00, 0x00, 0x00,
    0x00, 0x00, 0x00, 0x00, 0x00, 0x00, 0x25, 0x4D, 0x00, 0x00, 0x00, 0x03, 0x00, 0x00, 0x00, 0x07,
    0x00, 0x00, 0x00, 0x07, 0x00, 0x00, 0x00, 0x06, 0x00, 0x00, 0x00, 0x00, 0x00, 0x00, 0x00, 0x00,
    0x00, 0x00, 0x25, 0x4E, 0x00, 0x00, 0x00, 0x0D, 0x00, 0x00, 0x00, 0x02, 0x00, 0x00, 0x00, 0x07,
    0x00, 0x00, 0x00, 0x0B, 0x00, 0x00, 0x00, 0x03, 0x00, 0x00, 0x00, 0x00, 0x00, 0x00, 0x25, 0x4F,
    0x00, 0x00, 0x00, 0x0D, 0x00, 0x00, 0x00, 0x03, 0x00, 0x00, 0x00, 0x07, 0x00, 0x00, 0x00, 0x0B,
    0x00, 0x00, 0x00, 0x02, 0x00, 0x00, 0x00, 0x00, 0x00, 0x00, 0x25, 0x50, 0x00, 0x00, 0x00, 0x04,
    0x00, 0x00, 0x00, 0x07, 0x00, 0x00, 0x00, 0x07, 0x00, 0x00, 0x00, 0x06, 0x00, 0x00, 0x00, 0x00,
    0x00, 0x00, 0x00, 0x00, 0x00, 0x00, 0x25, 0x51, 0x00, 0x00, 0x00, 0x10, 0x00, 0x00, 0x00, 0x03,
    0x00, 0x00, 0x00, 0x07, 0x00, 0x00, 0x00, 0x0C, 0x00, 0x00, 0x00, 0x02, 0x00, 0x00, 0x00, 0x00,
    0x00, 0x00, 0x25, 0x52, 0x00, 0x00, 0x00, 0x0A, 0x00, 0x00, 0x00, 0x04, 0x00, 0x00, 0x00, 0x07,
    0x00, 0x00, 0x00, 0x06, 0x00, 0x00, 0x00, 0x03, 0x00, 0x00, 0x00, 0x00, 0x00, 0x00, 0x25, 0x53,
    0x00, 0x00, 0x00, 0x08, 0x00, 0x00, 0x00, 0x05, 0x00, 0x00, 0x00, 0x07, 0x00, 0x00, 0x00, 0x05,
    0x00, 0x00, 0x00, 0x02, 0x00, 0x00, 0x00, 0x00, 0x00, 0x00, 0x25, 0x54, 0x00, 0x00, 0x00, 0x09,
    0x00, 0x00, 0x00, 0x05, 0x00, 0x00, 0x00, 0x07, 0x00, 0x00, 0x00, 0x06, 0x00, 0x00, 0x00, 0x02,
    0x00, 0x00, 0x00, 0x00, 0x00, 0x00, 0x25, 0x55, 0x00, 0x00, 0x00, 0x0A, 0x00, 0x00, 0x00, 0x07,
    0x00, 0x00, 0x00, 0x07, 0x00, 0x00, 0x00, 0x06, 0x00, 0x00, 0x00, 0x00, 0x00, 0x00, 0x00, 0x00,
    0x00, 0x00, 0x25, 0x56, 0x00, 0x00, 0x00, 0x08, 0x00, 0x00, 0x00, 0x07, 0x00, 0x00, 0x00, 0x07,
    0x00, 0x00, 0x00, 0x05, 0x00, 0x00, 0x00, 0x00, 0x00, 0x00, 0x00, 0x00, 0x00, 0x00, 0x25, 0x57,
    0x00, 0x00, 0x00, 0x09, 0x00, 0x00, 0x00, 0x07, 0x00, 0x00, 0x00, 0x07, 0x00, 0x00, 0x00, 0x06,
    0x00, 0x00, 0x00, 0x00, 0x00, 0x00, 0x00, 0x00, 0x00, 0x00, 0x25, 0x58, 0x00, 0x00, 0x00, 0x0A,
    0x00, 0x00, 0x00, 0x04, 0x00, 0x00, 0x00, 0x07, 0x00, 0x00, 0x00, 0x0C, 0x00, 0x00, 0x00, 0x03,
    0x00, 0x00, 0x00, 0x00, 0x00, 0x00, 0x25, 0x59, 0x00, 0x00, 0x00, 0x09, 0x00, 0x00, 0x00, 0x05,
    0x00, 0x00, 0x00, 0x07, 0x00, 0x00, 0x00, 0x0C, 0x00, 0x00, 0x00, 0x02, 0x00, 0x00, 0x00, 0x00,
    0x00, 0x00, 0x25, 0x5A, 0x00, 0x00, 0x00, 0x0A, 0x00, 0x00, 0x00, 0x05, 0x00, 0x00, 0x00, 0x07,
    0x00, 0x00, 0x00, 0x0C, 0x00, 0x00, 0x00, 0x02, 0x00, 0x00, 0x00, 0x00, 0x00, 0x00, 0x25, 0x5B,
    0x00, 0x00, 0x00, 0x0A, 0x00, 0x00, 0x00, 0x07, 0x00, 0x00, 0x00, 0x07, 0x00, 0x00, 0x00, 0x0C,
    0x00, 0x00, 0x00, 0x00, 0x00, 0x00, 0x00, 0x00, 0x00, 0x00, 0x25, 0x5C, 0x00, 0x00, 0x00, 0x09,
    0x00, 0x00, 0x00, 0x07, 0x00, 0x00, 0x00, 0x07, 0x00, 0x00, 0x00, 0x0C, 0x00, 0x00, 0x00, 0x00,
    0x00, 0x00, 0x00, 0x00, 0x00, 0x00, 0x25, 0x5D, 0x00, 0x00, 0x00, 0x0A, 0x00, 0x00, 0x00, 0x07,
    0x00, 0x00, 0x00, 0x07, 0x00, 0x00, 0x00, 0x0C, 0x00, 0x00, 0x00, 0x00, 0x00, 0x00, 0x00, 0x00,
    0x00, 0x00, 0x25, 0x5E, 0x00, 0x00, 0x00, 0x10, 0x00, 0x00, 0x00, 0x04, 0x00, 0x00, 0x00, 0x07,
    0x00, 0x00, 0x00, 0x0C, 0x00, 0x00, 0x00, 0x03, 0x00, 0x00, 0x00, 0x00, 0x00, 0x00, 0x25, 0x5F,
    0x00, 0x00, 0x00, 0x10, 0x00, 0x00, 0x00, 0x05, 0x00, 0x00, 0x00, 0x07, 0x00, 0x00, 0x00, 0x0C,
    0x00, 0x00, 0x00, 0x02, 0x00, 0x00, 0x00, 0x00, 0x00, 0x00, 0x25, 0x60, 0x00, 0x00, 0x00, 0x10,
    0x00, 0x00, 0x00, 0x05, 0x00, 0x00, 0x00, 0x07, 0x00, 0x00, 0x00, 0x0C, 0x00, 0x00, 0x00, 0x02,
    0x00, 0x00, 0x00, 0x00, 0x00, 0x00, 0x25, 0x61, 0x00, 0x00, 0x00, 0x10, 0x00, 0x00, 0x00, 0x07,
    0x00, 0x00, 0x00, 0x07, 0x00, 0x00, 0x00, 0x0C, 0x00, 0x00, 0x00, 0x00, 0x00, 0x00, 0x00, 0x00,
    0x00, 0x00, 0x25, 0x62, 0x00, 0x00, 0x00, 0x10, 0x00, 0x00, 0x00, 0x07, 0x00, 0x00, 0x00, 0x07,
    0x00, 0x00, 0x00, 0x0C, 0x00, 0x00, 0x00, 0x00, 0x00, 0x00, 0x00, 0x00, 0x00, 0x00, 0x25, 0x63,
    0x00, 0x00, 0x00, 0x10, 0x00, 0x00, 0x00, 0x07, 0x00, 0x00, 0x00, 0x07, 0x00, 0x00, 0x00, 0x0C,
    0x00, 0x00, 0x00, 0x00, 0x00, 0x00, 0x00, 0x00, 0x00, 0x00, 0x25, 0x64, 0x00, 0x00, 0x00, 0x09,
    0x00, 0x00, 0x00, 0x07, 0x00, 0x00, 0x00, 0x07, 0x00, 0x00, 0x00, 0x06, 0x00, 0x00, 0x00, 0x00,
    0x00, 0x00, 0x00, 0x00, 0x00, 0x00, 0x25, 0x65, 0x00, 0x00, 0x00, 0x08, 0x00, 0x00, 0x00, 0x07,
    0x00, 0x00, 0x00, 0x07, 0x00, 0x00, 0x00, 0x05, 0x00, 0x00, 0x00, 0x00, 0x00, 0x00, 0x00, 0x00,
    0x00, 0x00, 0x25, 0x66, 0x00, 0x00, 0x00, 0x09, 0x00, 0x00, 0x00, 0x07, 0x00, 0x00, 0x00, 0x07,
    0x00, 0x00, 0x00, 0x06, 0x00, 0x00, 0x00, 0x00, 0x00, 0x00, 0x00, 0x00, 0x00, 0x00, 0x25, 0x67,
    0x00, 0x00, 0x00, 0x0A, 0x00, 0x00, 0x00, 0x07, 0x00, 0x00, 0x00, 0x07, 0x00, 0x00, 0x00, 0x0C,
    0x00, 0x00, 0x00, 0x00, 0x00, 0x00, 0x00, 0x00, 0x00, 0x00, 0x25, 0x68, 0x00, 0x00, 0x00, 0x09,
    0x00, 0x00, 0x00, 0x07, 0x00, 0x00, 0x00, 0x07, 0x00, 0x00, 0x00, 0x0C, 0x00, 0x00, 0x00, 0x00,
    0x00, 0x00, 0x00, 0x00, 0x00, 0x00, 0x25, 0x69, 0x00, 0x00, 0x00, 0x0A, 0x00, 0x00, 0x00, 0x07,
    0x00, 0x00, 0x00, 0x07, 0x00, 0x00, 0x00, 0x0C, 0x00, 0x00, 0x00, 0x00, 0x00, 0x00, 0x00, 0x00,
    0x00, 0x00, 0x25, 0x6A, 0x00, 0x00, 0x00, 0x10, 0x00, 0x00, 0x00, 0x07, 0x00, 0x00, 0x00, 0x07,
    0x00, 0x00, 0x00, 0x0C, 0x00, 0x00, 0x00, 0x00, 0x00, 0x00, 0x00, 0x00, 0x00, 0x00, 0x25, 0x6B,
    0x00, 0x00, 0x00, 0x10, 0x00, 0x00, 0x00, 0x07, 0x00, 0x00, 0x00, 0x07, 0x00, 0x00, 0x00, 0x0C,
    0x00, 0x00, 0x00, 0x00, 0x00, 0x00, 0x00, 0x00, 0x00, 0x00, 0x25, 0x6C, 0x00, 0x00, 0x00, 0x0F,
    0x00, 0x00, 0x00, 0x07, 0x00, 0x00, 0x00, 0x07, 0x00, 0x00, 0x00, 0x0C, 0x00, 0x00, 0x00, 0x00,
    0x00, 0x00, 0x00, 0x00, 0x00, 0x00, 0x25, 0x6D, 0x00, 0x00, 0x00, 0x08, 0x00, 0x00, 0x00, 0x04,
    0x00, 0x00, 0x00, 0x07, 0x00, 0x00, 0x00, 0x05, 0x00, 0x00, 0x00, 0x03, 0x00, 0x00, 0x00, 0x00,
    0x00, 0x00, 0x25, 0x6E, 0x00, 0x00, 0x00, 0x08, 0x00, 0x00, 0x00, 0x07, 0x00, 0x00, 0x00, 0x07,
    0x00, 0x00, 0x00, 0x05, 0x00, 0x00, 0x00, 0x00, 0x00, 0x00, 0x00, 0x00, 0x00, 0x00, 0x25, 0x6F,
    0x00, 0x00, 0x00, 0x09, 0x00, 0x00, 0x00, 0x07, 0x00, 0x00, 0x00, 0x07, 0x00, 0x00, 0x00, 0x0C,
    0x00, 0x00, 0x00, 0x00, 0x00, 0x00, 0x00, 0x00, 0x00, 0x00, 0x25, 0x70, 0x00, 0x00, 0x00, 0x09,
    0x00, 0x00, 0x00, 0x04, 0x00, 0x00, 0x00, 0x07, 0x00, 0x00, 0x00, 0x0C, 0x00, 0x00, 0x00, 0x03,
    0x00, 0x00, 0x00, 0x00, 0x00, 0x00, 0x25, 0x71, 0x00, 0x00, 0x00, 0x10, 0x00, 0x00, 0x00, 0x07,
    0x00, 0x00, 0x00, 0x07, 0x00, 0x00, 0x00, 0x0C, 0x00, 0x00, 0x00, 0x00, 0x00, 0x00, 0x00, 0x00,
    0x00, 0x00, 0x25, 0x72, 0x00, 0x00, 0x00, 0x10, 0x00, 0x00, 0x00, 0x07, 0x00, 0x00, 0x00, 0x07,
    0x00, 0x00, 0x00, 0x0C, 0x00, 0x00, 0x00, 0x00, 0x00, 0x00, 0x00, 0x00, 0x00, 0x00, 0x25, 0x73,
    0x00, 0x00, 0x00, 0x10, 0x00, 0x00, 0x00, 0x07, 0x00, 0x00, 0x00, 0x07, 0x00, 0x00, 0x00, 0x0C,
    0x00, 0x00, 0x00, 0x00, 0x00, 0x00, 0x00, 0x00, 0x00, 0x00, 0x25, 0x74, 0x00, 0x00, 0x00, 0x02,
    0x00, 0x00, 0x00, 0x06, 0x00, 0x00, 0x00, 0x07, 0x00, 0x00, 0x00, 0x05, 0x00, 0x00, 0x00, 0x00,
    0x00, 0x00, 0x00, 0x00, 0x00, 0x00, 0x25, 0x75, 0x00, 0x00, 0x00, 0x08, 0x00, 0x00, 0x00, 0x02,
    0x00, 0x00, 0x00, 0x07, 0x00, 0x00, 0x00, 0x0C, 0x00, 0x00, 0x00, 0x03, 0x00, 0x00, 0x00, 0x00,
    0x00, 0x00, 0x25, 0x76, 0x00, 0x00, 0x00, 0x02, 0x00, 0x00, 0x00, 0x04, 0x00, 0x00, 0x00, 0x07,
    0x00, 0x00, 0x00, 0x05, 0x00, 0x00, 0x00, 0x03, 0x00, 0x00, 0x00, 0x00, 0x00, 0x00, 0x25, 0x77,
    0x00, 0x00, 0x00, 0x09, 0x00, 0x00, 0x00, 0x02, 0x00, 0x00, 0x00, 0x07, 0x00, 0x00, 0x00, 0x05,
    0x00, 0x00, 0x00, 0x03, 0x00, 0x00, 0x00, 0x00, 0x00, 0x00, 0x25, 0x78, 0x00, 0x00, 0x00, 0x03,
    0x00, 0x00, 0x00, 0x06, 0x00, 0x00, 0x00, 0x07, 0x00, 0x00, 0x00, 0x06, 0x00, 0x00, 0x00, 0x00,
    0x00, 0x00, 0x00, 0x00, 0x00, 0x00, 0x25, 0x79, 0x00, 0x00, 0x00, 0x08, 0x00, 0x00, 0x00, 0x03,
    0x00, 0x00, 0x00, 0x07, 0x00, 0x00, 0x00, 0x0C, 0x00, 0x00, 0x00, 0x02, 0x00, 0x00, 0x00, 0x00,
    0x00, 0x00, 0x25, 0x7A, 0x00, 0x00, 0x00, 0x03, 0x00, 0x00, 0x00, 0x04, 0x00, 0x00, 0x00, 0x07,
    0x00, 0x00, 0x00, 0x06, 0x00, 0x00, 0x00, 0x03, 0x00, 0x00, 0x00, 0x00, 0x00, 0x00, 0x25, 0x7B,
    0x00, 0x00, 0x00, 0x09, 0x00, 0x00, 0x00, 0x03, 0x00, 0x00, 0x00, 0x07, 0x00, 0x00, 0x00, 0x05,
    0x00, 0x00, 0x00, 0x02, 0x00, 0x00, 0x00, 0x00, 0x00, 0x00, 0x25, 0x7C, 0x00, 0x00, 0x00, 0x03,
    0x00, 0x00, 0x00, 0x07, 0x00, 0x00, 0x00, 0x07, 0x00, 0x00, 0x00, 0x06, 0x00, 0x00, 0x00, 0x00,
    0x00, 0x00, 0x00, 0x00, 0x00, 0x00, 0x25, 0x7D, 0x00, 0x00, 0x00, 0x10, 0x00, 0x00, 0x00, 0x03,
    0x00, 0x00, 0x00, 0x07, 0x00, 0x00, 0x00, 0x0C, 0x00, 0x00, 0x00, 0x02, 0x00, 0x00, 0x00, 0x00,
    0x00, 0x00, 0x25, 0x7E, 0x00, 0x00, 0x00, 0x03, 0x00, 0x00, 0x00, 0x07, 0x00, 0x00, 0x00, 0x07,
    0x00, 0x00, 0x00, 0x06, 0x00, 0x00, 0x00, 0x00, 0x00, 0x00, 0x00, 0x00, 0x00, 0x00, 0x25, 0x7F,
    0x00, 0x00, 0x00, 0x10, 0x00, 0x00, 0x00, 0x03, 0x00, 0x00, 0x00, 0x07, 0x00, 0x00, 0x00, 0x0C,
    0x00, 0x00, 0x00, 0x02, 0x00, 0x00, 0x00, 0x00, 0x00, 0x00, 0x25, 0xA0, 0x00, 0x00, 0x00, 0x08,
    0x00, 0x00, 0x00, 0x07, 0x00, 0x00, 0x00, 0x07, 0x00, 0x00, 0x00, 0x07, 0x00, 0x00, 0x00, 0x00,
    0x00, 0x00, 0x00, 0x00, 0x00, 0x00, 0x25, 0xA1, 0x00, 0x00, 0x00, 0x08, 0x00, 0x00, 0x00, 0x07,
    0x00, 0x00, 0x00, 0x07, 0x00, 0x00, 0x00, 0x07, 0x00, 0x00, 0x00, 0x00, 0x00, 0x00, 0x00, 0x00,
    0x00, 0x00, 0x25, 0xB2, 0x00, 0x00, 0x00, 0x08, 0x00, 0x00, 0x00, 0x07, 0x00, 0x00, 0x00, 0x07,
    0x00, 0x00, 0x00, 0x07, 0x00, 0x00, 0x00, 0x00, 0x00, 0x00, 0x00, 0x00, 0x00, 0x00, 0x25, 0xB6,
    0x00, 0x00, 0x00, 0x08, 0x00, 0x00, 0x00, 0x07, 0x00, 0x00, 0x00, 0x07, 0x00, 0x00, 0x00, 0x07,
    0x00, 0x00, 0x00, 0x00, 0x00, 0x00, 0x00, 0x00, 0x00, 0x00, 0x25, 0xBC, 0x00, 0x00, 0x00, 0x08,
    0x00, 0x00, 0x00, 0x07, 0x00, 0x00, 0x00, 0x07, 0x00, 0x00, 0x00, 0x07, 0x00, 0x00, 0x00, 0x00,
    0x00, 0x00, 0x00, 0x00, 0x00, 0x00, 0x25, 0xC0, 0x00, 0x00, 0x00, 0x08, 0x00, 0x00, 0x00, 0x07,
    0x00, 0x00, 0x00, 0x07, 0x00, 0x00, 0x00, 0x07, 0x00, 0x00, 0x00, 0x00, 0x00, 0x00, 0x00, 0x00,
    0x00, 0x00, 0x25, 0xC6, 0x00, 0x00, 0x00, 0x08, 0x00, 0x00, 0x00, 0x07, 0x00, 0x00, 0x00, 0x07,
    0x00, 0x00, 0x00, 0x07, 0x00, 0x00, 0x00, 0x00, 0x00, 0x00, 0x00, 0x00, 0x00, 0x00, 0x25, 0xC7,
    0x00, 0x00, 0x00, 0x08, 0x00, 0x00, 0x00, 0x07, 0x00, 0x00, 0x00, 0x07, 0x00, 0x00, 0x00, 0x07,
    0x00, 0x00, 0x00, 0x00, 0x00, 0x00, 0x00, 0x00, 0x00, 0x00, 0x25, 0xCB, 0x00, 0x00, 0x00, 0x08,
    0x00, 0x00, 0x00, 0x07, 0x00, 0x00, 0x00, 0x07, 0x00, 0x00, 0x00, 0x07, 0x00, 0x00, 0x00, 0x00,
    0x00, 0x00, 0x00, 0x00, 0x00, 0x00, 0x25, 0xCF, 0x00, 0x00, 0x00, 0x08, 0x00, 0x00, 0x00, 0x07,
    0x00, 0x00, 0x00, 0x07, 0x00, 0x00, 0x00, 0x07, 0x00, 0x00, 0x00, 0x00, 0x00, 0x00, 0x00, 0x00,
    0x00, 0x00, 0x26, 0x10, 0x00, 0x00, 0x00, 0x07, 0x00, 0x00, 0x00, 0x07, 0x00, 0x00, 0x00, 0x07,
    0x00, 0x00, 0x00, 0x07, 0x00, 0x00, 0x00, 0x00, 0x00, 0x00, 0x00, 0x00, 0x00, 0x00, 0x26, 0x11,
    0x00, 0x00, 0x00, 0x08, 0x00, 0x00, 0x00, 0x07, 0x00, 0x00, 0x00, 0x07, 0x00, 0x00, 0x00, 0x07,
    0x00, 0x00, 0x00, 0x00, 0x00, 0x00, 0x00, 0x00, 0x00, 0x00, 0x26, 0x99, 0x00, 0x00, 0x00, 0x08,
    0x00, 0x00, 0x00, 0x07, 0x00, 0x00, 0x00, 0x07, 0x00, 0x00, 0x00, 0x08, 0x00, 0x00, 0x00, 0x00,
    0x00, 0x00, 0x00, 0x00, 0x00, 0x00, 0x27, 0x13, 0x00, 0x00, 0x00, 0x06, 0x00, 0x00, 0x00, 0x07,
    0x00, 0x00, 0x00, 0x07, 0x00, 0x00, 0x00, 0x07, 0x00, 0x00, 0x00, 0x00, 0x00, 0x00, 0x00, 0x00,
    0x00, 0x00, 0x27, 0x17, 0x00, 0x00, 0x00, 0x09, 0x00, 0x00, 0x00, 0x07, 0x00, 0x00, 0x00, 0x07,
    0x00, 0x00, 0x00, 0x08, 0x00, 0x00, 0x00, 0x00, 0x00, 0x00, 0x00, 0x00, 0x00, 0x00, 0x27, 0x18,
    0x00, 0x00, 0x00, 0x09, 0x00, 0x00, 0x00, 0x07, 0x00, 0x00, 0x00, 0x07, 0x00, 0x00, 0x00, 0x08,
    0x00, 0x00, 0x00, 0x00, 0x00, 0x00, 0x00, 0x00, 0x00, 0x00, 0x2B, 0x07, 0x00, 0x00, 0x00, 0x08,
    0x00, 0x00, 0x00, 0x05, 0x00, 0x00, 0x00, 0x07, 0x00, 0x00, 0x00, 0x08, 0x00, 0x00, 0x00, 0x01,
    0x00, 0x00, 0x00, 0x00, 0x60, 0xFF, 0xA2, 0x60, 0xFF, 0xA2, 0x5E, 0xFF, 0xA0, 0x3C, 0xFF, 0x82,
    0x0A, 0xFF, 0x57, 0x00, 0xFF, 0x2D, 0x00, 0xA3, 0x0C, 0x78, 0xFF, 0xA6, 0x52, 0xFF, 0x96, 0xCD,
    0xFF, 0x00, 0xCD, 0xFF, 0xCD, 0xFF, 0x00, 0xCD, 0xFF, 0xCD, 0xFF, 0x00, 0xCD, 0xFF, 0x60, 0x7F,
    0x00, 0x60, 0x7F, 0x00, 0x51, 0xEB, 0x0D, 0xF6, 0x88, 0x00, 0x00, 0x81, 0xE1, 0x21, 0xE6, 0x3B,
    0x00, 0xC5, 0xFF, 0xFF, 0xFF, 0xFF, 0xCC, 0x4E, 0x67, 0xE2, 0xB2, 0xED, 0xE5, 0x5D, 0x18, 0x5D,
    0xE0, 0x3C, 0xFF, 0xA1, 0x09, 0x00, 0xFF, 0xFF, 0xFF, 0xFF, 0xF3, 0x79, 0x00, 0xBA, 0xCD, 0xA8,
    0xFF, 0x5A, 0x24, 0x00, 0x99, 0x90, 0xA0, 0xF3, 0x00, 0x00, 0x00, 0xB7, 0x5B, 0xCB, 0xB5, 0x00,
    0x00, 0x00, 0x00, 0x00, 0x00, 0xFF, 0x72, 0x00, 0x00, 0x00, 0x0C, 0xA2, 0xFF, 0xD0, 0x6C, 0x00,
    0x00, 0xD9, 0xFF, 0xFF, 0xFF, 0xFF, 0x00, 0x01, 0xFF, 0xBA, 0xF5, 0x18, 0x28, 0x00, 0x00, 0xFF,
    0xFF, 0xFF, 0x72, 0x04, 0x00, 0x00, 0x49, 0xFA, 0xFF, 0xFF, 0xF5, 0x09, 0x00, 0x00, 0x00, 0xF5,
    0xB5, 0xFF, 0x76, 0x00, 0xA6, 0x37, 0xF6, 0x9C, 0xFF, 0x7C, 0x00, 0xFF, 0xFF, 0xFF, 0xFF, 0xFF,
    0x0F, 0x00, 0x10, 0x72, 0xFF, 0xA5, 0x0A, 0x00, 0x00, 0x00, 0x00, 0xFF, 0x73, 0x00, 0x00, 0x00,
    0x00, 0x00, 0x5A, 0x19, 0x00, 0x00, 0xAC, 0xFF, 0x6B, 0x00, 0x00, 0x00, 0x00, 0xC5, 0xB2, 0xF1,
    0x00, 0x00, 0x00, 0x00, 0xBF, 0x7F, 0xEB, 0x00, 0x01, 0x03, 0x00, 0xBD, 0xFF, 0x9B, 0x36, 0xAE,
    0x9A, 0x00, 0x0F, 0x77, 0xCB, 0xB0, 0x37, 0x00, 0x00, 0xBC, 0x95, 0x2F, 0xE7, 0xF0, 0x6D, 0x00,
    0x06, 0x00, 0x9F, 0xE3, 0x81, 0xBB, 0x10, 0x00, 0x00, 0x89, 0xE1, 0x7C, 0xBC, 0x16, 0x00, 0x00,
    0x1C, 0xF8, 0xF3, 0x78, 0x00, 0x21, 0xBF, 0xFE, 0xFF, 0x6C, 0x00, 0x00, 0x75, 0xF1, 0xC6, 0xB2,
    0x5F, 0x00, 0x00, 0x68, 0xEA, 0x51, 0x00, 0x00, 0x00, 0x00, 0x5B, 0xE4, 0xEA, 0x00, 0x00, 0x00,
    0x00, 0xBA, 0xE4, 0xFA, 0x9C, 0x58, 0xAC, 0x1B, 0xEF, 0x49, 0xC1, 0xFF, 0xB0, 0xBA, 0x0F, 0xF5,
    0x52, 0x28, 0xFF, 0xFC, 0xA5, 0x00, 0xD9, 0xF9, 0xC1, 0xFF, 0xF3, 0x78, 0x00, 0x5E, 0xE4, 0xFF,
    0xDF, 0xFF, 0xBB, 0x12, 0x36, 0xFF, 0x8A, 0x36, 0xFF, 0x8A, 0x36, 0xFF, 0x8A, 0x15, 0x96, 0x34,
    0x00, 0x01, 0xFB, 0xBC, 0x00, 0x84, 0xFF, 0x37, 0x00, 0xF7, 0xFF, 0x00, 0x1C, 0xFF, 0xAD, 0x00,
    0x61, 0xFF, 0x93, 0x00, 0x7B, 0xFF, 0x7E, 0x00, 0x66, 0xFF, 0x90, 0x00, 0x25, 0xFF, 0xA7, 0x00,
    0x00, 0xFF, 0xF5, 0x00, 0x00, 0x9F, 0xFF, 0x2A, 0x00, 0x09, 0xFF, 0xAB, 0x00, 0x00, 0x19, 0x25,
    0x90, 0xFF, 0x1F, 0x00, 0x07, 0xFF, 0xB7, 0x00, 0x00, 0xB5, 0xFF, 0x10, 0x00, 0x78, 0xFF, 0x6D,
    0x00, 0x3A, 0xFF, 0xB5, 0x00, 0x24, 0xFF, 0xAC, 0x00, 0x36, 0xFF, 0xBA, 0x00, 0x70, 0xFF, 0x78,
    0x00, 0xAA, 0xFF, 0x19, 0x01, 0xFF, 0xC8, 0x00, 0x79, 0xFF, 0x30, 0x00, 0x1B, 0x24, 0x00, 0x00,
    0x00, 0x00, 0x00, 0xFF, 0x1E, 0x00, 0x00, 0x09, 0x0A, 0x00, 0xFF, 0x2E, 0x03, 0x12, 0x66, 0xFF,
    0xC9, 0xFF, 0xD0, 0xFF, 0xAC, 0x00, 0x37, 0xE1, 0xFF, 0xFF, 0x55, 0x00, 0x00, 0x09, 0xFF, 0xDC,
    0xFF, 0x2A, 0x00, 0x00, 0xB7, 0xED, 0x03, 0xB2, 0xD8, 0x00, 0x00, 0x31, 0x25, 0x00, 0x09, 0x4E,
    0x00, 0x00, 0x00, 0x15, 0xE6, 0x55, 0x00, 0x00, 0x00, 0x00, 0x1E, 0xFF, 0x78, 0x00, 0x00, 0x1C,
    0x30, 0x49, 0xFF, 0x99, 0x30, 0x27, 0xC3, 0xFF, 0xFF, 0xFF, 0xFF, 0xFF, 0xFF, 0x48, 0x78, 0x8B,
    0xFF, 0xA8, 0x78, 0x63, 0x00, 0x00, 0x1E, 0xFF, 0x78, 0x00, 0x00, 0x00, 0x00, 0x1E, 0xFF, 0x78,
    0x00, 0x00, 0x00, 0x00, 0x00, 0x5A, 0xFF, 0xAB, 0x5A, 0xFF, 0xEB, 0x00, 0x9D, 0xC8, 0x6F, 0xFF,
    0x48, 0x85, 0x48, 0x00, 0xAB, 0xF5, 0xF5, 0xF5, 0xE4, 0xE1, 0xFF, 0xFF, 0xFF, 0xFF, 0x00, 0x42,
    0x06, 0x7C, 0xFF, 0xA3, 0x57, 0xFF, 0x93, 0x00, 0x00, 0x00, 0x00, 0x0C, 0xFF, 0x82, 0x00, 0x00,
    0x00, 0x00, 0x97, 0xFF, 0x06, 0x00, 0x00, 0x00, 0x00, 0xFF, 0xB1, 0x00, 0x00, 0x00, 0x00, 0x69,
    0xFF, 0x19, 0x00, 0x00, 0x00, 0x00, 0xE3, 0xBB, 0x00, 0x00, 0x00, 0x00, 0x3A, 0xFF, 0x3A, 0x00,
    0x00, 0x00, 0x00, 0xBC, 0xE2, 0x00, 0x00, 0x00, 0x00, 0x19, 0xFF, 0x66, 0x00, 0x00, 0x00, 0x00,
    0xB4, 0xFF, 0x00, 0x00, 0x00, 0x00, 0x06, 0xFF, 0x96, 0x00, 0x00, 0x00, 0x00, 0x2D, 0xBE, 0x0C,
    0x00, 0x00, 0x00, 0x00, 0x00, 0x2E, 0xF1, 0xFF, 0xFF, 0x5D, 0x00, 0x00, 0xEC, 0xFF, 0xC8, 0xFF,
    0xFF, 0x0F, 0x1E, 0xFF, 0xDD, 0x03, 0xB4, 0xFF, 0x70, 0x57, 0xFF, 0xA6, 0xA8, 0x6F, 0xFF, 0xA9,
    0x67, 0xFF, 0xB8, 0xBB, 0x5E, 0xFF, 0xBB, 0x58, 0xFF, 0xA6, 0xAE, 0x6F, 0xFF, 0xA9, 0x1F, 0xFF,
    0xDC, 0x04, 0xB2, 0xFF, 0x6F, 0x00, 0xEE, 0xFF, 0xC3, 0xFF, 0xFF, 0x0D, 0x00, 0x31, 0xF2, 0xFF,
    0xFF, 0x5B, 0x00, 0x00, 0x00, 0x99, 0xFF, 0xE6, 0x00, 0x00, 0x00, 0x73, 0xFF, 0xFF, 0xE6, 0x00,
    0x00, 0x03, 0xFF, 0xA2, 0xFF, 0xE6, 0x00, 0x00, 0x00, 0x1B, 0x00, 0xFF, 0xE6, 0x00, 0x00, 0x00,
    0x00, 0x00, 0xFF, 0xE6, 0x00, 0x00, 0x00, 0x00, 0x00, 0xFF, 0xE6, 0x00, 0x00, 0x00, 0x00, 0x00,
    0xFF, 0xE6, 0x00, 0x00, 0x00, 0xA8, 0xBE, 0xFF, 0xFF, 0xBE, 0x94, 0x00, 0xFF, 0xFF, 0xFF, 0xFF,
    0xFF, 0xD2, 0x1C, 0xE3, 0xFF, 0xFF, 0xF8, 0x5D, 0x00, 0x36, 0xFF, 0xAA, 0xA0, 0xFF, 0xFF, 0x0D,
    0x04, 0x01, 0x00, 0x00, 0xBB, 0xFF, 0x40, 0x00, 0x00, 0x00, 0x01, 0xFF, 0xFF, 0x0D, 0x00, 0x00,
    0x00, 0xAA, 0xFF, 0x81, 0x00, 0x00, 0x00, 0xAB, 0xFF, 0xA6, 0x00, 0x00, 0x00, 0x91, 0xFF, 0xA6,
    0x00, 0x00, 0x00, 0x4B, 0xFF, 0xFF, 0xBE, 0xBE, 0xBE, 0x34, 0x7E, 0xFF, 0xFF, 0xFF, 0xFF, 0xFF,
    0x5A, 0x00, 0xE9, 0xFF, 0xFF, 0xFF, 0x8A, 0x00, 0x00, 0xF3, 0xBB, 0xB4, 0xFF, 0xFF, 0x2A, 0x00,
    0x00, 0x00, 0x0A, 0xBF, 0xFF, 0x31, 0x00, 0x00, 0xE1, 0xFF, 0xFF, 0x88, 0x00, 0x00, 0x00, 0x9F,
    0xCE, 0xFF, 0xFC, 0x0A, 0x00, 0x00, 0x00, 0x00, 0x8D, 0xFF, 0x82, 0x0A, 0x00, 0x00, 0x00, 0x78,
    0xFF, 0x97, 0x66, 0xFF, 0xBC, 0xB7, 0xFF, 0xFF, 0x3C, 0x3C, 0xF7, 0xFF, 0xFF, 0xFF, 0x79, 0x00,
    0x00, 0x00, 0x00, 0x99, 0xFF, 0xE6, 0x00, 0x00, 0x00, 0x24, 0xFF, 0xFF, 0xE6, 0x00, 0x00, 0x00,
    0xD4, 0xE4, 0xFF, 0xE6, 0x00, 0x00, 0x72, 0xFF, 0x31, 0xFF, 0xE6, 0x00, 0x12, 0xFF, 0xAF, 0x00,
    0xFF, 0xE6, 0x00, 0x94, 0xFF, 0xB4, 0xAF, 0xFF, 0xFF, 0x90, 0x9C, 0xFF, 0xFF, 0xFF, 0xFF, 0xFF,
    0xDC, 0x00, 0x00, 0x00, 0x00, 0xFF, 0xE6, 0x00, 0x00, 0x00, 0x00, 0x00, 0xFF, 0xE6, 0x00, 0x00,
    0xFF, 0xFF, 0xFF, 0xFF, 0xFF, 0x00, 0x00, 0xFF, 0xFF, 0xB9, 0xB9, 0xA3, 0x00, 0x00, 0xFF, 0xB2,
    0x2B, 0x01, 0x00, 0x00, 0x00, 0xFF, 0xFF, 0xFF, 0xFF, 0x7E, 0x00, 0x00, 0xAB, 0x90, 0xA0, 0xFF,
    0xFF, 0x25, 0x00, 0x00, 0x00, 0x00, 0x88, 0xFF, 0x7E, 0x00, 0x00, 0x00, 0x00, 0xA0, 0xFF, 0x76,
    0x3A, 0xF0, 0xB2, 0xC4, 0xFF, 0xFF, 0x1B, 0x25, 0xFC, 0xFF, 0xFF, 0xEE, 0x4C, 0x00, 0x00, 0x09,
    0xB2, 0xFF, 0xFF, 0xFF, 0x07, 0x00, 0xB7, 0xFF, 0xD3, 0xBB, 0xDA, 0x0A, 0x0A, 0xFF, 0xD2, 0x10,
    0x15, 0x00, 0x00, 0x3F, 0xFF, 0xFA, 0xFF, 0xFF, 0xD9, 0x06, 0x55, 0xFF, 0xFF, 0x99, 0xD2, 0xFF,
    0x84, 0x48, 0xFF, 0xD3, 0x00, 0x2D, 0xFF, 0xA8, 0x16, 0xFF, 0xDD, 0x00, 0x37, 0xFF, 0xBA, 0x00,
    0xE3, 0xFF, 0xAC, 0xF2, 0xFF, 0x52, 0x00, 0x28, 0xE4, 0xFF, 0xFF, 0xA2, 0x00, 0x4E, 0xFF, 0xFF,
    0xFF, 0xFF, 0xFF, 0x7E, 0x2D, 0xB9, 0xB9, 0xB9, 0xFF, 0xFF, 0x55, 0x00, 0x00, 0x00, 0x04, 0xFF,
    0xFF, 0x00, 0x00, 0x00, 0x00, 0x73, 0xFF, 0xB4, 0x00, 0x00, 0x00, 0x00, 0xDA, 0xFF, 0x25, 0x00,
    0x00, 0x00, 0x21, 0xFF, 0xDF, 0x00, 0x00, 0x00, 0x00, 0xAC, 0xFF, 0x79, 0x00, 0x00, 0x00, 0x00,
    0xFF, 0xFF, 0x07, 0x00, 0x00, 0x00, 0x52, 0xFF, 0xB0, 0x00, 0x00, 0x00, 0x00, 0x69, 0xFF, 0xFF,
    0xFF, 0xA5, 0x00, 0x00, 0xFF, 0xFF, 0xA5, 0xF6, 0xFF, 0x37, 0x00, 0xFF, 0xE6, 0x46, 0xAD, 0xFF,
    0x2E, 0x00, 0x54, 0xFF, 0xFF, 0xFF, 0x9A, 0x00, 0x01, 0xFF, 0xFF, 0x8D, 0xEB, 0xFF, 0x25, 0x43,
    0xFF, 0x93, 0x00, 0x3F, 0xFF, 0x99, 0x45, 0xFF, 0xA2, 0x00, 0x4E, 0xFF, 0x99, 0x0A, 0xFF, 0xFF,
    0xA1, 0xFF, 0xFF, 0x3C, 0x00, 0x52, 0xFB, 0xFF, 0xFF, 0x85, 0x00, 0x00, 0x76, 0xFF, 0xFF, 0xFF,
    0x54, 0x00, 0x22, 0xFF, 0xFF, 0xA0, 0xFF, 0xFF, 0x0A, 0x6D, 0xFF, 0x81, 0x00, 0xA5, 0xFF, 0x61,
    0x60, 0xFF, 0xB4, 0x0F, 0xCF, 0xFF, 0x8E, 0x09, 0xFF, 0xFF, 0xFF, 0xFF, 0xFF, 0xA6, 0x00, 0x18,
    0x9D, 0xA8, 0x8A, 0xFF, 0x91, 0x00, 0x01, 0x00, 0x00, 0xB0, 0xFF, 0x4B, 0x00, 0xDC, 0xA7, 0xC3,
    0xFF, 0xFC, 0x00, 0x00, 0xC5, 0xFF, 0xFF, 0xD9, 0x27, 0x00, 0x4C, 0xFF, 0xA0, 0x70, 0xFF, 0xB5,
    0x00, 0x46, 0x0A, 0x00, 0x00, 0x00, 0x00, 0x45, 0x0A, 0x70, 0xFF, 0xB2, 0x4B, 0xFF, 0xA3, 0x67,
    0xFF, 0x9C, 0xA2, 0xFF, 0xB9, 0x07, 0x70, 0x13, 0x00, 0x00, 0x00, 0x00, 0x1C, 0x01, 0x69, 0xFF,
    0xB5, 0x58, 0xFF, 0xFF, 0x00, 0x8E, 0xE3, 0x51, 0xFF, 0x64, 0xAF, 0x6A, 0x00, 0x00, 0x00, 0x00,
    0x00, 0x00, 0x00, 0x0D, 0x00, 0x00, 0x00, 0x01, 0x66, 0xD8, 0xDA, 0x00, 0x1C, 0xAC, 0xFF, 0xFF,
    0xFF, 0x7F, 0x88, 0xFF, 0xFF, 0xB0, 0x42, 0x00, 0x00, 0xA6, 0xFF, 0xF0, 0x8D, 0x10, 0x00, 0x00,
    0x00, 0x4C, 0xC3, 0xFF, 0xFF, 0xC9, 0x54, 0x00, 0x00, 0x00, 0x16, 0xA3, 0xFF, 0xE1, 0x00, 0x00,
    0x00, 0x00, 0x00, 0x00, 0x31, 0x16, 0x30, 0x30, 0x30, 0x30, 0x30, 0x21, 0xBA, 0xFF, 0xFF, 0xFF,
    0xFF, 0xFF, 0xE1, 0x39, 0x78, 0x78, 0x78, 0x78, 0x78, 0x54, 0x19, 0x36, 0x36, 0x36, 0x36, 0x36,
    0x25, 0xBA, 0xFF, 0xFF, 0xFF, 0xFF, 0xFF, 0xE1, 0x39, 0x78, 0x78, 0x78, 0x78, 0x78, 0x54, 0x0D,
    0x00, 0x00, 0x00, 0x00, 0x00, 0x00, 0xB8, 0xF5, 0x88, 0x0A, 0x00, 0x00, 0x00, 0x51, 0xE4, 0xFF,
    0xFF, 0xAC, 0x34, 0x00, 0x00, 0x00, 0x27, 0xB4, 0xFF, 0xFF, 0xAF, 0x00, 0x00, 0x04, 0x6D, 0xD2,
    0xFF, 0xD0, 0x33, 0xAF, 0xFF, 0xFF, 0xDF, 0x6F, 0x03, 0xBA, 0xFF, 0xA5, 0x2D, 0x00, 0x00, 0x00,
    0x2A, 0x07, 0x00, 0x00, 0x00, 0x00, 0x00, 0x6A, 0xF8, 0xFF, 0xFF, 0x79, 0x00, 0xBA, 0xA6, 0x4F,
    0xC4, 0xFF, 0x10, 0x04, 0x00, 0x00, 0x55, 0xFF, 0x2E, 0x00, 0x00, 0x0A, 0xF0, 0xFF, 0x00, 0x00,
    0x00, 0xCA, 0xFF, 0x2B, 0x00, 0x00, 0x21, 0xFF, 0x5B, 0x00, 0x00, 0x00, 0x3C, 0xFF, 0x1E, 0x00,
    0x00, 0x00, 0x00, 0x04, 0x00, 0x00, 0x00, 0x00, 0x73, 0xFF, 0x61, 0x00, 0x00, 0x00, 0x6C, 0xFF,
    0x55, 0x00, 0x00, 0x00, 0x25, 0xCF, 0xFF, 0xFF, 0xBE, 0x0D, 0x13, 0xFF, 0xEE, 0x64, 0x66, 0xFF,
    0xA0, 0xBB, 0xFF, 0x27, 0xE3, 0xFF, 0xFF, 0xF0, 0xFF, 0xA8, 0xAC, 0xFF, 0x52, 0xDF, 0xFF, 0xFF,
    0x67, 0xE3, 0xA0, 0x00, 0x7E, 0xFF, 0xFF, 0x66, 0xB9, 0xE1, 0x01, 0xAC, 0xFF, 0xFF, 0xA2, 0x2D,
    0xFF, 0xFF, 0xFF, 0xFF, 0xA6, 0xFF, 0x06, 0x00, 0x12, 0x0C, 0x1C, 0x1B, 0xFF, 0xDE, 0x3F, 0x09,
    0x61, 0x5A, 0x00, 0x2E, 0xE4, 0xFF, 0xFF, 0xFF, 0xB5, 0x00, 0x00, 0x00, 0x16, 0x3A, 0x15, 0x00,
    0x00, 0x00, 0xB6, 0xFF, 0xFF, 0x00, 0x00, 0x00, 0x00, 0xFF, 0xFF, 0xFF, 0x1B, 0x00, 0x00, 0x25,
    0xFF, 0xA1, 0xFF, 0x7C, 0x00, 0x00, 0x8B, 0xFF, 0x2E, 0xFF, 0xBB, 0x00, 0x00, 0xC8, 0xFF, 0x36,
    0xE3, 0xFF, 0x00, 0x00, 0xFF, 0xFF, 0xFF, 0xFF, 0xFF, 0x2A, 0x3A, 0xFF, 0xBB, 0x7E, 0xA8, 0xFF,
    0x8E, 0xA0, 0xFF, 0x52, 0x00, 0x09, 0xFF, 0xCA, 0xD9, 0xFF, 0x0D, 0x00, 0x00, 0xFF, 0xFF, 0x66,
    0xFF, 0xFF, 0xFF, 0xFF, 0xB5, 0x00, 0x66, 0xFF, 0xD4, 0xAC, 0xF8, 0xFF, 0x69, 0x66, 0xFF, 0x9C,
    0x00, 0x67, 0xFF, 0xAB, 0x66, 0xFF, 0xB8, 0x34, 0xB2, 0xFF, 0x63, 0x66, 0xFF, 0xFF, 0xFF, 0xFF,
    0xB0, 0x00, 0x66, 0xFF, 0xBC, 0x7B, 0xB2, 0xFF, 0xA3, 0x66, 0xFF, 0x9C, 0x00, 0x03, 0xFF, 0xEE,
    0x66, 0xFF, 0xD4, 0xAB, 0xCE, 0xFF, 0xCA, 0x66, 0xFF, 0xFF, 0xFF, 0xFF, 0xD9, 0x27, 0x00, 0x00,
    0xAE, 0xFF, 0xFF, 0xFF, 0x3D, 0x00, 0x97, 0xFF, 0xFF, 0xD5, 0xFF, 0x66, 0x00, 0xFF, 0xFF, 0x2D,
    0x00, 0x07, 0x1C, 0x13, 0xFF, 0xE9, 0x00, 0x00, 0x00, 0x00, 0x36, 0xFF, 0xCF, 0x00, 0x00, 0x00,
    0x00, 0x13, 0xFF, 0xE9, 0x00, 0x00, 0x00, 0x00, 0x00, 0xFF, 0xFF, 0x2B, 0x00, 0x06, 0x1B, 0x00,
    0x9A, 0xFF, 0xFF, 0xD3, 0xFF, 0x66, 0x00, 0x00, 0xB2, 0xFF, 0xFF, 0xFF, 0x3D, 0x4E, 0xFF, 0xFF,
    0xFF, 0xE2, 0x49, 0x00, 0x4E, 0xFF, 0xFF, 0xE6, 0xFF, 0xFF, 0x22, 0x4E, 0xFF, 0xAA, 0x00, 0xBB,
    0xFF, 0xA6, 0x4E, 0xFF, 0xAA, 0x00, 0x49, 0xFF, 0xC6, 0x4E, 0xFF, 0xAA, 0x00, 0x31, 0xFF, 0xD7,
    0x4E, 0xFF, 0xAA, 0x00, 0x4B, 0xFF, 0xC6, 0x4E, 0xFF, 0xAA, 0x00, 0xBE, 0xFF, 0xA9, 0x4E, 0xFF,
    0xFF, 0xE7, 0xFF, 0xFF, 0x22, 0x4E, 0xFF, 0xFF, 0xFF, 0xE1, 0x46, 0x00, 0x06, 0xFF, 0xFF, 0xFF,
    0xFF, 0xFF, 0xA8, 0x06, 0xFF, 0xFF, 0xB9, 0xB9, 0xB9, 0x60, 0x06, 0xFF, 0xE6, 0x00, 0x00, 0x00,
    0x00, 0x06, 0xFF, 0xFF, 0xBE, 0xBE, 0xBE, 0x10, 0x06, 0xFF, 0xFF, 0xFF, 0xFF, 0xFF, 0x1E, 0x06,
    0xFF, 0xE6, 0x00, 0x00, 0x00, 0x00, 0x06, 0xFF, 0xE6, 0x00, 0x00, 0x00, 0x00, 0x06, 0xFF, 0xFF,
    0xBE, 0xBE, 0xBE, 0x63, 0x06, 0xFF, 0xFF, 0xFF, 0xFF, 0xFF, 0xA8, 0xFF, 0xFF, 0xFF, 0xFF, 0xFF,
    0xA5, 0xFF, 0xFF, 0xB9, 0xB9, 0xB9, 0x72, 0xFF, 0xFF, 0x00, 0x00, 0x00, 0x00, 0xFF, 0xFF, 0xBE,
    0xBE, 0xBE, 0x2A, 0xFF, 0xFF, 0xFF, 0xFF, 0xFF, 0x48, 0xFF, 0xFF, 0x00, 0x00, 0x00, 0x00, 0xFF,
    0xFF, 0x00, 0x00, 0x00, 0x00, 0xFF, 0xFF, 0x00, 0x00, 0x00, 0x00, 0xFF, 0xFF, 0x00, 0x00, 0x00,
    0x00, 0x00, 0x07, 0xAD, 0xFF, 0xFF, 0xF1, 0x37, 0x00, 0xBA, 0xFF, 0xFF, 0xD8, 0xFF, 0x78, 0x16,
    0xFF, 0xFF, 0x13, 0x00, 0x0C, 0x28, 0x5B, 0xFF, 0xBB, 0x00, 0x00, 0x00, 0x00, 0x72, 0xFF, 0xA2,
    0x1E, 0xFF, 0xFF, 0xC8, 0x5D, 0xFF, 0xBB, 0x0F, 0xA5, 0xFF, 0xC8, 0x18, 0xFF, 0xFF, 0x0F, 0x00,
    0xFF, 0xC8, 0x00, 0xBE, 0xFF, 0xFF, 0xD0, 0xFF, 0xC8, 0x00, 0x0A, 0xB4, 0xFF, 0xFF, 0xEC, 0x43,
    0x4E, 0xFF, 0xAA, 0x00, 0x78, 0xFF, 0xA2, 0x4E, 0xFF, 0xAA, 0x00, 0x78, 0xFF, 0xA2, 0x4E, 0xFF,
    0xAA, 0x00, 0x78, 0xFF, 0xA2, 0x4E, 0xFF, 0xFF, 0xBE, 0xE6, 0xFF, 0xA2, 0x4E, 0xFF, 0xFF, 0xFF,
    0xFF, 0xFF, 0xA2, 0x4E, 0xFF, 0xAA, 0x00, 0x78, 0xFF, 0xA2, 0x4E, 0xFF, 0xAA, 0x00, 0x78, 0xFF,
    0xA2, 0x4E, 0xFF, 0xAA, 0x00, 0x78, 0xFF, 0xA2, 0x4E, 0xFF, 0xAA, 0x00, 0x78, 0xFF, 0xA2, 0xFF,
    0xFF, 0xFF, 0xFF, 0xFF, 0x54, 0xB5, 0xDA, 0xFF, 0xFA, 0xB9, 0x30, 0x00, 0x60, 0xFF, 0xBA, 0x00,
    0x00, 0x00, 0x60, 0xFF, 0xBA, 0x00, 0x00, 0x00, 0x60, 0xFF, 0xBA, 0x00, 0x00, 0x00, 0x60, 0xFF,
    0xBA, 0x00, 0x00, 0x00, 0x60, 0xFF, 0xBA, 0x00, 0x00, 0xBA, 0xDE, 0xFF, 0xFC, 0xBE, 0x31, 0xFF,
    0xFF, 0xFF, 0xFF, 0xFF, 0x54, 0x00, 0x00, 0xFF, 0xFF, 0xFF, 0xFF, 0x00, 0x00, 0xAC, 0xB9, 0xFF,
    0xFF, 0x00, 0x00, 0x00, 0x00, 0xFF, 0xFF, 0x00, 0x00, 0x00, 0x00, 0xFF, 0xFF, 0x00, 0x00, 0x00,
    0x00, 0xFF, 0xFF, 0x00, 0x00, 0x00, 0x00, 0xFF, 0xFF, 0x43, 0x1B, 0x00, 0x04, 0xFF, 0xFF, 0x8A,
    0xFF, 0xD3, 0xF6, 0xFF, 0xCD, 0x3C, 0xE1, 0xFF, 0xFF, 0xE6, 0x2A, 0xC5, 0xBD, 0x17, 0x64, 0xFA,
    0x9C, 0x00, 0xC5, 0xBD, 0x39, 0xFF, 0xDE, 0x0F, 0x00, 0xC5, 0xBF, 0xE6, 0xFF, 0x39, 0x00, 0x00,
    0xC5, 0xFF, 0xFF, 0xB8, 0x00, 0x00, 0x00, 0xC5, 0xFF, 0xFF, 0xFF, 0x01, 0x00, 0x00, 0xC5, 0xF5,
    0xB8, 0xFF, 0x6F, 0x00, 0x00, 0xC5, 0xBD, 0x2F, 0xFF, 0xDB, 0x03, 0x00, 0xC5, 0xBD, 0x17, 0xA5,
    0xF0, 0x69, 0x00, 0xC5, 0xBD, 0x17, 0x19, 0xFF, 0xB9, 0x0A, 0xDC, 0xFF, 0x12, 0x00, 0x00, 0x00,
    0xDC, 0xFF, 0x12, 0x00, 0x00, 0x00, 0xDC, 0xFF, 0x12, 0x00, 0x00, 0x00, 0xDC, 0xFF, 0x12, 0x00,
    0x00, 0x00, 0xDC, 0xFF, 0x12, 0x00, 0x00, 0x00, 0xDC, 0xFF, 0x12, 0x00, 0x00, 0x00, 0xDC, 0xFF,
    0x12, 0x00, 0x00, 0x00, 0xDC, 0xFF, 0xC3, 0xBE, 0xBE, 0xAB, 0xDC, 0xFF, 0xFF, 0xFF, 0xFF, 0xF0,
    0xA0, 0xFF, 0xDD, 0x00, 0xBD, 0xFF, 0xE6, 0xA0, 0xFF, 0xFF, 0x04, 0xF0, 0xFF, 0xE6, 0xA0, 0xFF,
    0xFF, 0x64, 0xFF, 0xFF, 0xE6, 0xA0, 0xFF, 0xBE, 0xF3, 0xFF, 0xF5, 0xE6, 0xA0, 0xFF, 0x88, 0xFF,
    0xBF, 0xF5, 0xE6, 0xA0, 0xFF, 0x2A, 0xEB, 0x6F, 0xF5, 0xE6, 0xA0, 0xFF, 0x00, 0x00, 0x00, 0xF5,
    0xE6, 0xA0, 0xFF, 0x00, 0x00, 0x00, 0xF5, 0xE6, 0xA0, 0xFF, 0x00, 0x00, 0x00, 0xF5, 0xE6, 0x72,
    0xFF, 0xEE, 0x00, 0x00, 0xFF, 0xA5, 0x72, 0xFF, 0xFF, 0x30, 0x00, 0xFF, 0xA5, 0x72, 0xFF, 0xFF,
    0xBB, 0x00, 0xFF, 0xA5, 0x72, 0xFF, 0xC3, 0xFF, 0x00, 0xFF, 0xA5, 0x72, 0xFF, 0x69, 0xFF, 0x5A,
    0xFF, 0xA5, 0x72, 0xFF, 0x54, 0xCD, 0xC1, 0xFF, 0xA5, 0x72, 0xFF, 0x54, 0x66, 0xFF, 0xFF, 0xA5,
    0x72, 0xFF, 0x54, 0x03, 0xFF, 0xFF, 0xA5, 0x72, 0xFF, 0x54, 0x00, 0xA5, 0xFF, 0xA5, 0x00, 0x43,
    0xFA, 0xFF, 0xFF, 0x70, 0x00, 0x04, 0xFF, 0xFF, 0xE1, 0xFF, 0xFF, 0x2D, 0x58, 0xFF, 0xC5, 0x00,
    0x97, 0xFF, 0xAF, 0x97, 0xFF, 0x9A, 0x00, 0x42, 0xFF, 0xC8, 0xA9, 0xFF, 0x88, 0x00, 0x30, 0xFF,
    0xD7, 0x97, 0xFF, 0x9A, 0x00, 0x42, 0xFF, 0xC8, 0x5A, 0xFF, 0xC3, 0x00, 0x96, 0xFF, 0xAF, 0x04,
    0xFF, 0xFF, 0xDC, 0xFF, 0xFF, 0x2E, 0x00, 0x33, 0xFA, 0xFF, 0xFF, 0x63, 0x00, 0x0C, 0xFF, 0xFF,
    0xFF, 0xFF, 0xBB, 0x09, 0x0C, 0xFF, 0xFF, 0xAA, 0xFA, 0xFF, 0xB8, 0x0C, 0xFF, 0xE1, 0x00, 0x25,
    0xFF, 0xDF, 0x0C, 0xFF, 0xE1, 0x06, 0x81, 0xFF, 0xC9, 0x0C, 0xFF, 0xFF, 0xFF, 0xFF, 0xFF, 0x54,
    0x0C, 0xFF, 0xFF, 0xA1, 0xA0, 0x31, 0x00, 0x0C, 0xFF, 0xE1, 0x00, 0x00, 0x00, 0x00, 0x0C, 0xFF,
    0xE1, 0x00, 0x00, 0x00, 0x00, 0x0C, 0xFF, 0xE1, 0x00, 0x00, 0x00, 0x00, 0x26, 0xC4, 0xFE, 0xFF,
    0x60, 0x00, 0x00, 0x93, 0xFF, 0xE5, 0xFF, 0xE1, 0x20, 0x00, 0xB7, 0xD6, 0x1C, 0x97, 0xF4, 0x7D,
    0x00, 0xD2, 0xB7, 0x16, 0x42, 0xF7, 0x8F, 0x00, 0xDA, 0xAA, 0x13, 0x30, 0xF9, 0x9A, 0x00, 0xD2,
    0xB7, 0x16, 0x42, 0xF7, 0x8D, 0x00, 0xB7, 0xD4, 0x1C, 0x96, 0xF3, 0x79, 0x00, 0x93, 0xFF, 0xE1,
    0xFF, 0xE1, 0x1E, 0x00, 0x1C, 0xBE, 0xFE, 0xFF, 0x9E, 0x00, 0x00, 0x00, 0x00, 0x03, 0xFB, 0xE1,
    0x1F, 0x00, 0x00, 0x00, 0x00, 0x3C, 0xFF, 0xB7, 0x0A, 0xB6, 0xFF, 0xFF, 0xFF, 0x8C, 0x00, 0x00,
    0xB6, 0xF6, 0xB6, 0xFF, 0xE6, 0x3A, 0x00, 0xB6, 0xBF, 0x18, 0x9C, 0xF0, 0x6C, 0x00, 0xB6, 0xBF,
    0x20, 0xC0, 0xEA, 0x4B, 0x00, 0xB6, 0xFF, 0xFF, 0xFF, 0xA0, 0x01, 0x00, 0xB6, 0xF6, 0xE9, 0xFF,
    0x99, 0x00, 0x00, 0xB6, 0xBF, 0x1D, 0xFF, 0xDD, 0x0E, 0x00, 0xB6, 0xBF, 0x18, 0x94, 0xF5, 0x83,
    0x00, 0xB6, 0xBF, 0x18, 0x07, 0xFF, 0xBB, 0x12, 0x00, 0x67, 0xFF, 0xFF, 0xFF, 0xC5, 0x01, 0x16,
    0xFF, 0xFF, 0xA7, 0xC5, 0xFF, 0x06, 0x4F, 0xFF, 0xAB, 0x00, 0x00, 0x18, 0x01, 0x19, 0xFF, 0xFF,
    0xAB, 0x37, 0x00, 0x00, 0x00, 0x4F, 0xF5, 0xFF, 0xFF, 0xBB, 0x01, 0x00, 0x00, 0x00, 0x45, 0xF0,
    0xFF, 0x75, 0x1C, 0x24, 0x00, 0x00, 0x79, 0xFF, 0xAF, 0x4E, 0xFF, 0xD0, 0xA6, 0xFF, 0xFF, 0x64,
    0x1E, 0xC9, 0xFF, 0xFF, 0xFF, 0xA6, 0x00, 0xB4, 0xFF, 0xFF, 0xFF, 0xFF, 0xFF, 0xE1, 0x64, 0xB4,
    0xD7, 0xFF, 0xF7, 0xB4, 0x97, 0x00, 0x00, 0x60, 0xFF, 0xBA, 0x00, 0x00, 0x00, 0x00, 0x60, 0xFF,
    0xBA, 0x00, 0x00, 0x00, 0x00, 0x60, 0xFF, 0xBA, 0x00, 0x00, 0x00, 0x00, 0x60, 0xFF, 0xBA, 0x00,
    0x00, 0x00, 0x00, 0x60, 0xFF, 0xBA, 0x00, 0x00, 0x00, 0x00, 0x60, 0xFF, 0xBA, 0x00, 0x00, 0x00,
    0x00, 0x60, 0xFF, 0xBA, 0x00, 0x00, 0x90, 0xFF, 0x84, 0x00, 0x30, 0xFF, 0xBE, 0x90, 0xFF, 0x84,
    0x00, 0x30, 0xFF, 0xBE, 0x90, 0xFF, 0x84, 0x00, 0x30, 0xFF, 0xBE, 0x90, 0xFF, 0x84, 0x00, 0x30,
    0xFF, 0xBE, 0x90, 0xFF, 0x84, 0x00, 0x30, 0xFF, 0xBE, 0x8B, 0xFF, 0x84, 0x00, 0x30, 0xFF, 0xBA,
    0x67, 0xFF, 0xB1, 0x00, 0x5D, 0xFF, 0xBA, 0x16, 0xFF, 0xFF, 0xD7, 0xFF, 0xFF, 0x57, 0x00, 0x69,
    0xFF, 0xFF, 0xFF, 0xA8, 0x00, 0xB2, 0xFF, 0x43, 0x00, 0x01, 0xFF, 0xF6, 0x7C, 0xFF, 0x93, 0x00,
    0x3A, 0xFF, 0xAC, 0x22, 0xFF, 0xBB, 0x00, 0x8A, 0xFF, 0x76, 0x00, 0xFF, 0xFC, 0x00, 0xB5, 0xFF,
    0x1F, 0x00, 0xC8, 0xFF, 0x07, 0xF6, 0xFF, 0x00, 0x00, 0x97, 0xFF, 0x4F, 0xFF, 0xC5, 0x00, 0x00,
    0x3D, 0xFF, 0xBA, 0xFF, 0x94, 0x00, 0x00, 0x01, 0xFF, 0xFF, 0xFF, 0x3C, 0x00, 0x00, 0x00, 0xDE,
    0xFF, 0xFF, 0x01, 0x00, 0xD3, 0x33, 0x00, 0x00, 0x93, 0xC8, 0x3D, 0xE5, 0x3C, 0x00, 0x00, 0xAD,
    0xBC, 0x13, 0xEA, 0x7A, 0xE5, 0xA2, 0xC6, 0xB6, 0x00, 0xE1, 0xAB, 0xEE, 0xC5, 0xC0, 0xB6, 0x00,
    0xDE, 0xC1, 0xF3, 0xFF, 0xD1, 0xA3, 0x00, 0xCA, 0xF2, 0xAE, 0xFF, 0xE9, 0x8A, 0x00, 0xB6, 0xFF,
    0x53, 0xFF, 0xF6, 0x87, 0x00, 0xA2, 0xFF, 0x25, 0xDE, 0xF0, 0x69, 0x00, 0x92, 0xF8, 0x23, 0xBD,
    0xEA, 0x4B, 0x00, 0xBB, 0xFF, 0x6F, 0x00, 0x2A, 0xFF, 0xE4, 0x0D, 0xFF, 0xFF, 0x04, 0xCA, 0xFF,
    0x42, 0x00, 0x8D, 0xFF, 0xBE, 0xFF, 0xBF, 0x00, 0x00, 0x01, 0xFF, 0xFF, 0xFF, 0x22, 0x00, 0x00,
    0x00, 0xA2, 0xFF, 0xD2, 0x00, 0x00, 0x00, 0x07, 0xFF, 0xFF, 0xFF, 0x33, 0x00, 0x00, 0xA9, 0xFF,
    0xB8, 0xFF, 0xD4, 0x00, 0x1B, 0xFF, 0xFA, 0x00, 0xB2, 0xFF, 0x57, 0xB4, 0xFF, 0x58, 0x00, 0x1B,
    0xFF, 0xF8, 0xF3, 0x72, 0x08, 0x09, 0xFF, 0xB9, 0x0A, 0xB4, 0xD4, 0x1C, 0x97, 0xF2, 0x76, 0x00,
    0x82, 0xF7, 0x4B, 0xFF, 0xDC, 0x09, 0x00, 0x30, 0xCE, 0xFF, 0xFF, 0x93, 0x00, 0x00, 0x00, 0xA5,
    0xFC, 0xFF, 0x0D, 0x00, 0x00, 0x00, 0x52, 0xEB, 0xAA, 0x00, 0x00, 0x00, 0x00, 0x45, 0xE8, 0xBA,
    0x00, 0x00, 0x00, 0x00, 0x45, 0xE8, 0xBA, 0x00, 0x00, 0x00, 0x00, 0x45, 0xE8, 0xBA, 0x00, 0x00,
    0x00, 0x78, 0xFF, 0xFF, 0xFF, 0xFF, 0xFF, 0xBE, 0x45, 0xB9, 0xB9, 0xB9, 0xFF, 0xFF, 0xA0, 0x00,
    0x00, 0x00, 0x3D, 0xFF, 0xFF, 0x0F, 0x00, 0x00, 0x04, 0xFA, 0xFF, 0x57, 0x00, 0x00, 0x00, 0xB1,
    0xFF, 0xA8, 0x00, 0x00, 0x00, 0x3A, 0xFF, 0xFF, 0x09, 0x00, 0x00, 0x03, 0xF7, 0xFF, 0x48, 0x00,
    0x00, 0x00, 0x8D, 0xFF, 0xFF, 0xBE, 0xBE, 0xBE, 0x9C, 0xAE, 0xFF, 0xFF, 0xFF, 0xFF, 0xFF, 0xDC,
    0x7B, 0xFF, 0xFF, 0xFF, 0xF5, 0x7E, 0xFF, 0x87, 0x42, 0x33, 0x7E, 0xFF, 0x54, 0x00, 0x00, 0x7E,
    0xFF, 0x54, 0x00, 0x00, 0x7E, 0xFF, 0x54, 0x00, 0x00, 0x7E, 0xFF, 0x54, 0x00, 0x00, 0x7E, 0xFF,
    0x54, 0x00, 0x00, 0x7E, 0xFF, 0x54, 0x00, 0x00, 0x7E, 0xFF, 0x54, 0x00, 0x00, 0x7E, 0xFF, 0x54,
    0x00, 0x00, 0x7E, 0xFF, 0xFF, 0xFF, 0xF1, 0x13, 0x3C, 0x3C, 0x3C, 0x2E, 0x33, 0xFF, 0x46, 0x00,
    0x00, 0x00, 0x00, 0x00, 0xDC, 0xC6, 0x00, 0x00, 0x00, 0x00, 0x00, 0x5E, 0xFF, 0x21, 0x00, 0x00,
    0x00, 0x00, 0x00, 0xFF, 0xBE, 0x00, 0x00, 0x00, 0x00, 0x00, 0x8E, 0xFF, 0x09, 0x00, 0x00, 0x00,
    0x00, 0x09, 0xFF, 0x8E, 0x00, 0x00, 0x00, 0x00, 0x00, 0xBD, 0xFF, 0x00, 0x00, 0x00, 0x00, 0x00,
    0x1F, 0xFF, 0x5E, 0x00, 0x00, 0x00, 0x00, 0x00, 0xC4, 0xDA, 0x00, 0x00, 0x00, 0x00, 0x00, 0x43,
    0xFF, 0x33, 0x00, 0x00, 0x00, 0x00, 0x00, 0xA2, 0x55, 0xB0, 0xFF, 0xFF, 0xFF, 0xB0, 0x24, 0x42,
    0x42, 0xFF, 0xB4, 0x00, 0x00, 0x00, 0xFF, 0xB4, 0x00, 0x00, 0x00, 0xFF, 0xB4, 0x00, 0x00, 0x00,
    0xFF, 0xB4, 0x00, 0x00, 0x00, 0xFF, 0xB4, 0x00, 0x00, 0x00, 0xFF, 0xB4, 0x00, 0x00, 0x00, 0xFF,
    0xB4, 0x00, 0x00, 0x00, 0xFF, 0xB4, 0x00, 0x00, 0x00, 0xFF, 0xB4, 0xB0, 0xFF, 0xFF, 0xFF, 0xB4,
    0x21, 0x3C, 0x3C, 0x3C, 0x21, 0x00, 0x00, 0x37, 0xA0, 0x61, 0x00, 0x00, 0x00, 0x0A, 0xFF, 0xFF,
    0xFF, 0x2E, 0x00, 0x00, 0xB7, 0xFF, 0x90, 0xFF, 0xF7, 0x06, 0x75, 0xFF, 0x67, 0x00, 0x33, 0xFF,
    0xA7, 0x01, 0x06, 0x06, 0x06, 0x06, 0x06, 0x03, 0xAE, 0xFF, 0xFF, 0xFF, 0xFF, 0xFF, 0xD7, 0x22,
    0x4E, 0x4E, 0x4E, 0x4E, 0x4E, 0x33, 0x75, 0xB5, 0x06, 0x00, 0x22, 0xFF, 0xB7, 0x00, 0x00, 0x3F,
    0xFF, 0x42, 0x00, 0xA1, 0xFF, 0xFF, 0xFF, 0xA6, 0x00, 0x00, 0xB7, 0xA6, 0x96, 0xC8, 0xFF, 0x66,
    0x00, 0xB8, 0xFF, 0xFF, 0xFF, 0xFF, 0xB1, 0x69, 0xFF, 0xFF, 0x76, 0x9D, 0xFF, 0xBB, 0x9C, 0xFF,
    0xA0, 0x00, 0x90, 0xFF, 0xB7, 0x5E, 0xFF, 0xEE, 0x6D, 0xFF, 0xFF, 0xB5, 0x00, 0xAD, 0xFF, 0xFF,
    0xA3, 0xFF, 0xBC, 0x30, 0xFF, 0xBE, 0x00, 0x00, 0x00, 0x00, 0x30, 0xFF, 0xBE, 0x00, 0x00, 0x00,
    0x00, 0x30, 0xFF, 0xBE, 0x00, 0x00, 0x00, 0x00, 0x30, 0xFF, 0xD4, 0xF2, 0xFF, 0xB4, 0x03, 0x30,
    0xFF, 0xFF, 0xC5, 0xFF, 0xFF, 0x76, 0x30, 0xFF, 0xF3, 0x00, 0x40, 0xFF, 0xBE, 0x30, 0xFF, 0xC5,
    0x00, 0x0F, 0xFF, 0xD8, 0x30, 0xFF, 0xEE, 0x00, 0x43, 0xFF, 0xBC, 0x30, 0xFF, 0xFF, 0xBA, 0xFF,
    0xFF, 0x76, 0x30, 0xFF, 0xB4, 0xF3, 0xFF, 0xB5, 0x03, 0x00, 0x10, 0xB9, 0xFF, 0xFF, 0xE2, 0x10,
    0x00, 0xC1, 0xFF, 0xE7, 0xA5, 0xFA, 0x24, 0x03, 0xFF, 0xFF, 0x00, 0x00, 0x01, 0x03, 0x22, 0xFF,
    0xCD, 0x00, 0x00, 0x00, 0x00, 0x03, 0xFF, 0xFF, 0x00, 0x00, 0x00, 0x03, 0x00, 0xC1, 0xFF, 0xE2,
    0xA0, 0xF5, 0x24, 0x00, 0x10, 0xB7, 0xFF, 0xFF, 0xE9, 0x12, 0x00, 0x00, 0x00, 0x00, 0x8A, 0xFF,
    0x84, 0x00, 0x00, 0x00, 0x00, 0x8A, 0xFF, 0x84, 0x00, 0x00, 0x00, 0x00, 0x8A, 0xFF, 0x84, 0x00,
    0x91, 0xFF, 0xFF, 0xAF, 0xFF, 0x84, 0x27, 0xFF, 0xFF, 0xB2, 0xFF, 0xFF, 0x84, 0x8A, 0xFF, 0x9A,
    0x00, 0xAB, 0xFF, 0x84, 0xA9, 0xFF, 0x67, 0x00, 0x93, 0xFF, 0x84, 0x8A, 0xFF, 0x9A, 0x00, 0xA5,
    0xFF, 0x84, 0x28, 0xFF, 0xFF, 0xA7, 0xFF, 0xFF, 0x84, 0x00, 0x96, 0xFF, 0xFF, 0xAC, 0xFF, 0x84,
    0x00, 0x54, 0xF7, 0xFF, 0xFF, 0x8A, 0x00, 0x1F, 0xFF, 0xFF, 0xA9, 0xE9, 0xFF, 0x4B, 0x94, 0xFF,
    0x9D, 0x1E, 0x48, 0xFF, 0xAD, 0xBA, 0xFF, 0xFF, 0xFF, 0xFF, 0xFF, 0xD2, 0x90, 0xFF, 0xBD, 0x66,
    0x66, 0x66, 0x43, 0x1F, 0xFF, 0xFF, 0xB4, 0xB2, 0xD7, 0x91, 0x00, 0x4F, 0xED, 0xFF, 0xFF, 0xF6,
    0x55, 0x00, 0x00, 0x1B, 0xF0, 0xFF, 0xFF, 0x5A, 0x00, 0x00, 0x9C, 0xFF, 0xC6, 0x90, 0x21, 0x00,
    0x00, 0xBD, 0xFF, 0x54, 0x00, 0x00, 0x24, 0xFF, 0xFF, 0xFF, 0xFF, 0xFF, 0x5A, 0x0D, 0x90, 0xDC,
    0xFF, 0xA3, 0x90, 0x21, 0x00, 0x00, 0xA0, 0xFF, 0x54, 0x00, 0x00, 0x00, 0x00, 0xA0, 0xFF, 0x54,
    0x00, 0x00, 0x00, 0x00, 0xA0, 0xFF, 0x54, 0x00, 0x00, 0x00, 0x00, 0xA0, 0xFF, 0x54, 0x00, 0x00,
    0x00, 0x00, 0xA0, 0xFF, 0x54, 0x00, 0x00, 0x00, 0x78, 0xFF, 0xFF, 0xBD, 0xFF, 0xA2, 0x12, 0xFF,
    0xFF, 0xAD, 0xFF, 0xFF, 0xA2, 0x72, 0xFF, 0xB2, 0x00, 0xB5, 0xFF, 0xA2, 0x97, 0xFF, 0x7B, 0x00,
    0x7B, 0xFF, 0xA2, 0x7B, 0xFF, 0xAE, 0x00, 0xB1, 0xFF, 0xA2, 0x19, 0xFF, 0xFF, 0xBE, 0xFF, 0xFF,
    0xA2, 0x00, 0x7E, 0xFF, 0xFF, 0xBB, 0xFF, 0x9F, 0x00, 0x04, 0x00, 0x00, 0x96, 0xFF, 0x7C, 0x00,
    0xD4, 0xB6, 0xBB, 0xFF, 0xFF, 0x28, 0x00, 0xAF, 0xFF, 0xFF, 0xFF, 0x7B, 0x00, 0xFF, 0xE6, 0x00,
    0x00, 0x00, 0x00, 0xFF, 0xE6, 0x00, 0x00, 0x00, 0x00, 0xFF, 0xE6, 0x00, 0x00, 0x00, 0x00, 0xFF,
    0xF1, 0xEB, 0xFF, 0xB0, 0x00, 0xFF, 0xFF, 0xBA, 0xFF, 0xFF, 0x31, 0xFF, 0xFF, 0x00, 0xAF, 0xFF,
    0x64, 0xFF, 0xE6, 0x00, 0xA2, 0xFF, 0x6C, 0xFF, 0xE6, 0x00, 0xA2, 0xFF, 0x6C, 0xFF, 0xE6, 0x00,
    0xA2, 0xFF, 0x6C, 0xFF, 0xE6, 0x00, 0xA2, 0xFF, 0x6C, 0x00, 0x0A, 0x1E, 0x01, 0x00, 0x00, 0x00,
    0xA7, 0xFF, 0x45, 0x00, 0x00, 0x00, 0xA5, 0xFF, 0x42, 0x00, 0x00, 0x00, 0x00, 0x00, 0x00, 0x00,
    0x00, 0xFF, 0xFF, 0xFF, 0x48, 0x00, 0x00, 0x84, 0xE2, 0xFF, 0x48, 0x00, 0x00, 0x00, 0xAA, 0xFF,
    0x48, 0x00, 0x00, 0x00, 0xAA, 0xFF, 0x48, 0x00, 0x00, 0x00, 0xBB, 0xFF, 0x55, 0x00, 0x00, 0x00,
    0x7F, 0xFF, 0xE2, 0x91, 0x57, 0x00, 0x09, 0xD2, 0xFF, 0xFF, 0xC3, 0x00, 0x00, 0x0C, 0x1C, 0x00,
    0x00, 0x00, 0xB6, 0xFF, 0x33, 0x00, 0x00, 0xB4, 0xFF, 0x30, 0x00, 0x00, 0x00, 0x00, 0x00, 0x78,
    0xFF, 0xFF, 0xFF, 0x36, 0x2D, 0x90, 0xEB, 0xFF, 0x36, 0x00, 0x00, 0xB9, 0xFF, 0x36, 0x00, 0x00,
    0xB9, 0xFF, 0x36, 0x00, 0x00, 0xB9, 0xFF, 0x36, 0x00, 0x00, 0xB9, 0xFF, 0x36, 0x00, 0x00, 0xB9,
    0xFF, 0x34, 0x00, 0x00, 0xC8, 0xFF, 0x21, 0x90, 0xA0, 0xFF, 0xFF, 0x03, 0xFF, 0xFF, 0xFF, 0x81,
    0x00, 0xFF, 0xEB, 0x00, 0x00, 0x00, 0x00, 0xFF, 0xEB, 0x00, 0x00, 0x00, 0x00, 0xFF, 0xEB, 0x00,
    0x00, 0x00, 0x00, 0xFF, 0xEB, 0x00, 0xCA, 0xFF, 0x99, 0xFF, 0xEB, 0xA2, 0xFF, 0xAB, 0x00, 0xFF,
    0xFF, 0xFF, 0xC3, 0x00, 0x00, 0xFF, 0xFF, 0xFF, 0xFF, 0x0F, 0x00, 0xFF, 0xFB, 0x5E, 0xFF, 0xA5,
    0x00, 0xFF, 0xEB, 0x00, 0xDF, 0xFF, 0x36, 0xFF, 0xEB, 0x00, 0x3F, 0xFF, 0xE3, 0x9C, 0xFF, 0xFF,
    0xFF, 0x12, 0x00, 0x00, 0x3A, 0x90, 0xFD, 0xFF, 0x12, 0x00, 0x00, 0x00, 0x00, 0xD7, 0xFF, 0x12,
    0x00, 0x00, 0x00, 0x00, 0xD7, 0xFF, 0x12, 0x00, 0x00, 0x00, 0x00, 0xD7, 0xFF, 0x12, 0x00, 0x00,
    0x00, 0x00, 0xD7, 0xFF, 0x12, 0x00, 0x00, 0x00, 0x00, 0xD7, 0xFF, 0x12, 0x00, 0x00, 0x00, 0x00,
    0xC8, 0xFF, 0x21, 0x00, 0x00, 0x00, 0x00, 0xB1, 0xFF, 0xC9, 0x90, 0x43, 0x00, 0x00, 0x19, 0xE6,
    0xFF, 0xFF, 0xB4, 0xA5, 0xFC, 0xFF, 0xF7, 0xDF, 0xFF, 0x75, 0xA5, 0xFF, 0x90, 0xFF, 0xAB, 0xFD,
    0xD5, 0xA5, 0xFF, 0x19, 0xFF, 0x79, 0xCE, 0xEE, 0xA5, 0xFF, 0x18, 0xFF, 0x78, 0xCD, 0xF3, 0xA5,
    0xFF, 0x18, 0xFF, 0x78, 0xCD, 0xF5, 0xA5, 0xFF, 0x18, 0xFF, 0x78, 0xCD, 0xF5, 0xA5, 0xFF, 0x18,
    0xFF, 0x78, 0xCD, 0xF5, 0xFF, 0xDC, 0xF6, 0xFF, 0xB0, 0x00, 0xFF, 0xFF, 0x9F, 0xF7, 0xFF, 0x31,
    0xFF, 0xF7, 0x00, 0xA9, 0xFF, 0x64, 0xFF, 0xE6, 0x00, 0xA2, 0xFF, 0x6C, 0xFF, 0xE6, 0x00, 0xA2,
    0xFF, 0x6C, 0xFF, 0xE6, 0x00, 0xA2, 0xFF, 0x6C, 0xFF, 0xE6, 0x00, 0xA2, 0xFF, 0x6C, 0x00, 0x46,
    0xF5, 0xFF, 0xFF, 0x85, 0x00, 0x10, 0xFF, 0xFF, 0xA6, 0xFF, 0xFF, 0x48, 0x73, 0xFF, 0xB1, 0x00,
    0x5A, 0xFF, 0xAB, 0x99, 0xFF, 0x7B, 0x00, 0x22, 0xFF, 0xC9, 0x75, 0xFF, 0xAF, 0x00, 0x58, 0xFF,
    0xA8, 0x10, 0xFF, 0xFF, 0xA5, 0xFF, 0xFF, 0x45, 0x00, 0x4C, 0xFB, 0xFF, 0xFF, 0x7E, 0x00, 0x30,
    0xFF, 0xC1, 0xFD, 0xFF, 0xB1, 0x01, 0x30, 0xFF, 0xFF, 0xAC, 0xDD, 0xFF, 0x75, 0x30, 0xFF, 0xE6,
    0x00, 0x33, 0xFF, 0xBC, 0x30, 0xFF, 0xC5, 0x00, 0x0F, 0xFF, 0xD7, 0x30, 0xFF, 0xF6, 0x00, 0x4B,
    0xFF, 0xBE, 0x30, 0xFF, 0xFF, 0xC6, 0xFF, 0xFF, 0x76, 0x30, 0xFF, 0xD4, 0xF3, 0xFF, 0xB5, 0x03,
    0x30, 0xFF, 0xBE, 0x00, 0x00, 0x00, 0x00, 0x30, 0xFF, 0xBE, 0x00, 0x00, 0x00, 0x00, 0x30, 0xFF,
    0xBE, 0x00, 0x00, 0x00, 0x00, 0x00, 0x93, 0xFF, 0xFF, 0xAE, 0xFF, 0x84, 0x27, 0xFF, 0xFF, 0xAC,
    0xFF, 0xFF, 0x84, 0x8A, 0xFF, 0x96, 0x00, 0xA7, 0xFF, 0x84, 0xA9, 0xFF, 0x67, 0x00, 0x93, 0xFF,
    0x84, 0x8A, 0xFF, 0x9D, 0x00, 0xA7, 0xFF, 0x84, 0x28, 0xFF, 0xFF, 0xB1, 0xFF, 0xFF, 0x84, 0x00,
    0x96, 0xFF, 0xFF, 0xAF, 0xFF, 0x84, 0x00, 0x00, 0x00, 0x00, 0x8A, 0xFF, 0x84, 0x00, 0x00, 0x00,
    0x00, 0x8A, 0xFF, 0x84, 0x00, 0x00, 0x00, 0x00, 0x8A, 0xFF, 0x84, 0xBE, 0xFF, 0xA0, 0xFF, 0xFF,
    0x91, 0xBE, 0xFF, 0xFF, 0xA6, 0xAF, 0x84, 0xBE, 0xFF, 0x6D, 0x00, 0x00, 0x00, 0xBE, 0xFF, 0x33,
    0x00, 0x00, 0x00, 0xBE, 0xFF, 0x30, 0x00, 0x00, 0x00, 0xBE, 0xFF, 0x30, 0x00, 0x00, 0x00, 0xBE,
    0xFF, 0x30, 0x00, 0x00, 0x00, 0x5B, 0xFF, 0xFF, 0xFF, 0xBE, 0x00, 0xFF, 0xFF, 0x8B, 0x9C, 0xBB,
    0x00, 0xFF, 0xFF, 0x91, 0x25, 0x00, 0x00, 0x6D, 0xFF, 0xFF, 0xFF, 0xC0, 0x00, 0x00, 0x00, 0x3F,
    0xD9, 0xFF, 0x45, 0xD8, 0xA6, 0x7B, 0xDF, 0xFF, 0x33, 0xC3, 0xFF, 0xFF, 0xFF, 0xA9, 0x00, 0x00,
    0x00, 0x0A, 0x99, 0x0A, 0x00, 0x00, 0x00, 0x00, 0xCF, 0xFF, 0x12, 0x00, 0x00, 0x00, 0x00, 0xD7,
    0xFF, 0x12, 0x00, 0x00, 0x84, 0xFF, 0xFF, 0xFF, 0xFF, 0xFF, 0x6C, 0x31, 0x90, 0xFD, 0xFF, 0x9A,
    0x90, 0x28, 0x00, 0x00, 0xD7, 0xFF, 0x12, 0x00, 0x00, 0x00, 0x00, 0xD7, 0xFF, 0x12, 0x00, 0x00,
    0x00, 0x00, 0xD4, 0xFF, 0x15, 0x00, 0x00, 0x00, 0x00, 0xB9, 0xFF, 0xB2, 0x90, 0x28, 0x00, 0x00,
    0x3C, 0xFF, 0xFF, 0xFF, 0x6C, 0x18, 0xFF, 0xD2, 0x00, 0xA0, 0xFF, 0x54, 0x18, 0xFF, 0xD2, 0x00,
    0xA0, 0xFF, 0x54, 0x18, 0xFF, 0xD2, 0x00, 0xA0, 0xFF, 0x54, 0x18, 0xFF, 0xD2, 0x00, 0xA0, 0xFF,
    0x54, 0x10, 0xFF, 0xDD, 0x00, 0xBA, 0xFF, 0x54, 0x00, 0xFF, 0xFF, 0xA6, 0xFF, 0xFF, 0x54, 0x00,
    0x8B, 0xFF, 0xFF, 0xAC, 0xFF, 0x54, 0x93, 0xFF, 0x7E, 0x00, 0x2B, 0xFF, 0xBF, 0x22, 0xFF, 0xBB,
    0x00, 0x8E, 0xFF, 0x73, 0x00, 0xFB, 0xFF, 0x00, 0xC9, 0xFF, 0x0F, 0x00, 0xBA, 0xFF, 0x27, 0xFF,
    0xE2, 0x00, 0x00, 0x48, 0xFF, 0xA1, 0xFF, 0x9D, 0x00, 0x00, 0x00, 0xFF, 0xFF, 0xFF, 0x2D, 0x00,
    0x00, 0x00, 0xBB, 0xFF, 0xFF, 0x00, 0x00, 0xC9, 0x2E, 0x00, 0x00, 0x81, 0xC4, 0x31, 0xDC, 0x3E,
    0x34, 0x13, 0xB2, 0xB6, 0x01, 0xE0, 0x83, 0xE6, 0xA8, 0xC3, 0xB5, 0x00, 0xD5, 0xBB, 0xF1, 0xCA,
    0xE3, 0x8D, 0x00, 0xB9, 0xE8, 0xAA, 0xFF, 0xF3, 0x7C, 0x00, 0x9C, 0xFF, 0x53, 0xFF, 0xEA, 0x4D,
    0x00, 0x92, 0xFF, 0x24, 0xE1, 0xE1, 0x1F, 0x00, 0x43, 0xFF, 0xF6, 0x00, 0xB2, 0xFF, 0x8E, 0x00,
    0xBB, 0xFF, 0x9C, 0xFF, 0xE3, 0x00, 0x00, 0x06, 0xFF, 0xFF, 0xFF, 0x2A, 0x00, 0x00, 0x00, 0xA5,
    0xFF, 0xD8, 0x00, 0x00, 0x00, 0x21, 0xFF, 0xFF, 0xFF, 0x64, 0x00, 0x00, 0xD7, 0xFF, 0x49, 0xFF,
    0xFF, 0x10, 0x82, 0xFF, 0xBF, 0x00, 0x8D, 0xFF, 0xB7, 0xA2, 0xFF, 0x88, 0x00, 0x10, 0xFF, 0xF8,
    0x1F, 0xFF, 0xD7, 0x00, 0x78, 0xFF, 0xA8, 0x00, 0xE6, 0xFF, 0x0C, 0xC5, 0xFF, 0x28, 0x00, 0x8D,
    0xFF, 0x78, 0xFF, 0xF2, 0x00, 0x00, 0x13, 0xFF, 0xFF, 0xFF, 0xA0, 0x00, 0x00, 0x00, 0xD4, 0xFF,
    0xFF, 0x22, 0x00, 0x00, 0x00, 0x79, 0xFF, 0xEC, 0x00, 0x00, 0x00, 0x00, 0x5D, 0xFF, 0x97, 0x00,
    0x00, 0x1B, 0x90, 0xFF, 0xFF, 0x18, 0x00, 0x00, 0x4E, 0xFF, 0xFF, 0x8A, 0x00, 0x00, 0x00, 0x00,
    0xFF, 0xFF, 0xFF, 0xFF, 0xFF, 0x7E, 0x00, 0x76, 0x84, 0x87, 0xFF, 0xFF, 0x4C, 0x00, 0x00, 0x00,
    0xAB, 0xFF, 0xA9, 0x00, 0x00, 0x00, 0x84, 0xFF, 0xCA, 0x00, 0x00, 0x00, 0x4B, 0xFF, 0xFC, 0x0C,
    0x00, 0x00, 0x07, 0xFF, 0xFF, 0xAE, 0x84, 0x84, 0x2A, 0x12, 0xFF, 0xFF, 0xFF, 0xFF, 0xFF, 0x7E,
    0x00, 0x00, 0x19, 0xF1, 0xFF, 0xFF, 0x00, 0x00, 0x8E, 0xFF, 0xAB, 0x34, 0x00, 0x00, 0xAC, 0xFF,
    0x39, 0x00, 0x00, 0x00, 0xB4, 0xFF, 0x34, 0x00, 0x00, 0x10, 0xE4, 0xFF, 0x13, 0x00, 0xA5, 0xFF,
    0xFF, 0xAF, 0x00, 0x00, 0x1C, 0x5A, 0xFF, 0xFF, 0x0C, 0x00, 0x00, 0x00, 0xB8, 0xFF, 0x31, 0x00,
    0x00, 0x00, 0xAE, 0xFF, 0x36, 0x00, 0x00, 0x00, 0x99, 0xFF, 0x73, 0x00, 0x00, 0x00, 0x30, 0xFF,
    0xFF, 0xFF, 0x00, 0x00, 0x00, 0x07, 0x31, 0x39, 0x18, 0xFF, 0x66, 0x18, 0xFF, 0x66, 0x18, 0xFF,
    0x66, 0x18, 0xFF, 0x66, 0x18, 0xFF, 0x66, 0x18, 0xFF, 0x66, 0x18, 0xFF, 0x66, 0x18, 0xFF, 0x66,
    0x18, 0xFF, 0x66, 0x18, 0xFF, 0x66, 0x18, 0xFF, 0x66, 0x18, 0xFF, 0x66, 0x0C, 0xA0, 0x33, 0xD2,
    0xFF, 0xFF, 0x48, 0x00, 0x00, 0x27, 0x66, 0xFF, 0xB7, 0x00, 0x00, 0x00, 0x00, 0xFF, 0xD0, 0x00,
    0x00, 0x00, 0x00, 0xFF, 0xD5, 0x00, 0x00, 0x00, 0x00, 0xFF, 0xFF, 0x1E, 0x00, 0x00, 0x00, 0x6A,
    0xFF, 0xFF, 0xCE, 0x00, 0x00, 0xEE, 0xFF, 0x6F, 0x2B, 0x00, 0x00, 0xFF, 0xDA, 0x00, 0x00, 0x00,
    0x00, 0xFF, 0xD2, 0x00, 0x00, 0x00, 0x25, 0xFF, 0xBF, 0x00, 0x00, 0xCE, 0xFF, 0xFF, 0x6D, 0x00,
    0x00, 0x2A, 0x37, 0x0F, 0x00, 0x00, 0x00, 0x00, 0x06, 0x24, 0x00, 0x00, 0x1E, 0x2B, 0x13, 0xFF,
    0xFF, 0xB7, 0x00, 0xC4, 0xF8, 0x8A, 0xFF, 0xA1, 0xFF, 0xB1, 0xFF, 0xCE, 0xA8, 0xFF, 0x00, 0xB7,
    0xFF, 0xFF, 0x67, 0x45, 0x60, 0x00, 0x01, 0x52, 0x40, 0x00, 0x00, 0x42, 0x06, 0x76, 0xFF, 0xA6,
    0x54, 0xFF, 0x96, 0x00, 0x00, 0x00, 0x00, 0xFF, 0x1F, 0x03, 0xFF, 0x4B, 0x2D, 0xFF, 0x75, 0x58,
    0xFF, 0x9C, 0x60, 0xFF, 0xA2, 0x60, 0xFF, 0xA2, 0x1C, 0x72, 0x30, 0x00, 0x00, 0x00, 0x25, 0xA5,
    0x00, 0x00, 0x00, 0x00, 0x00, 0x3C, 0xD8, 0x00, 0x00, 0x00, 0x13, 0xC8, 0xFF, 0xFF, 0xFF, 0x12,
    0x00, 0xC5, 0xFF, 0xD0, 0xFF, 0xDD, 0x1C, 0x04, 0xFF, 0xCE, 0x3C, 0xD7, 0x00, 0x00, 0x27, 0xFF,
    0xB7, 0x3C, 0xD7, 0x00, 0x00, 0x06, 0xFF, 0xBC, 0x3C, 0xD7, 0x00, 0x00, 0x00, 0xCF, 0xFF, 0xA2,
    0xF6, 0xA8, 0x18, 0x00, 0x1C, 0xEB, 0xFF, 0xFF, 0xFF, 0x18, 0x00, 0x00, 0x00, 0x5B, 0xE9, 0x15,
    0x00, 0x00, 0x00, 0x00, 0x3C, 0xD7, 0x00, 0x00, 0x00, 0x00, 0x30, 0xEB, 0xFF, 0xFF, 0x7C, 0x00,
    0x00, 0xD8, 0xFF, 0xCB, 0xBB, 0x90, 0x00, 0x00, 0xFF, 0xFF, 0x00, 0x00, 0x00, 0x01, 0x24, 0xFF,
    0xF7, 0x24, 0x19, 0x00, 0x1E, 0xFF, 0xFF, 0xFF, 0xFF, 0xE6, 0x00, 0x07, 0x6C, 0xFF, 0xFF, 0x6C,
    0x4C, 0x00, 0x00, 0x00, 0xFF, 0xF0, 0x00, 0x00, 0x00, 0x43, 0xBE, 0xFF, 0xFF, 0xBE, 0xBE, 0x82,
    0x72, 0xFF, 0xFF, 0xFF, 0xFF, 0xFF, 0xB9, 0x78, 0x31, 0x00, 0x00, 0x81, 0x28, 0xA6, 0xFF, 0xFF,
    0xF8, 0xFF, 0x51, 0x1E, 0xFF, 0x5A, 0xAE, 0xDF, 0x00, 0x22, 0xFF, 0x28, 0x90, 0xE6, 0x00, 0xA6,
    0xFF, 0xFF, 0xFF, 0xFF, 0x40, 0x94, 0x43, 0x00, 0x00, 0xA2, 0x34, 0xF0, 0x74, 0x09, 0x0C, 0xFF,
    0xB9, 0x0A, 0xAE, 0xDB, 0x1D, 0xA3, 0xEF, 0x68, 0x00, 0x75, 0xF1, 0x5D, 0xFF, 0xDB, 0x03, 0x00,
    0xEA, 0xFF, 0xFF, 0xFF, 0xFF, 0xB6, 0x00, 0x33, 0x9C, 0xF6, 0xFD, 0x3B, 0x25, 0x00, 0xEC, 0xFF,
    0xFF, 0xFF, 0xFF, 0xB6, 0x00, 0x38, 0x7A, 0xEF, 0xB6, 0x41, 0x29, 0x00, 0x00, 0x45, 0xE8, 0xBA,
    0x00, 0x00, 0x00, 0x00, 0x45, 0xE8, 0xBA, 0x00, 0x00, 0x00, 0x18, 0xFF, 0x66, 0x18, 0xFF, 0x66,
    0x18, 0xFF, 0x66, 0x18, 0xFF, 0x66, 0x0F, 0xC8, 0x3F, 0x00, 0x00, 0x00, 0x0F, 0xC8, 0x3F, 0x18,
    0xFF, 0x66, 0x18, 0xFF, 0x66, 0x18, 0xFF, 0x66, 0x18, 0xFF, 0x66, 0x21, 0xEC, 0xFF, 0xFF, 0x7B,
    0x00, 0xA7, 0xFF, 0xBA, 0xB7, 0x73, 0x00, 0xAE, 0xFF, 0x6A, 0x00, 0x00, 0x00, 0x54, 0xFF, 0xFF,
    0xD5, 0x2A, 0x00, 0xFF, 0xC3, 0x5D, 0xFF, 0xFF, 0x15, 0xFF, 0xF3, 0x1F, 0x78, 0xFF, 0x40, 0x36,
    0xFF, 0xFF, 0xFF, 0xBA, 0x00, 0x00, 0x04, 0xA3, 0xFF, 0xB4, 0x00, 0x45, 0x4C, 0x31, 0xFF, 0xFF,
    0x00, 0xB5, 0xFF, 0xFF, 0xFF, 0xA8, 0x00, 0x01, 0x3F, 0x61, 0x2E, 0x00, 0x00, 0x27, 0xBE, 0x15,
    0xAB, 0x52, 0x52, 0xFF, 0x30, 0xFF, 0xAC, 0x25, 0xAC, 0xF3, 0xE8, 0x5D, 0x00, 0x00, 0xA8, 0x7D,
    0x0A, 0x22, 0xD8, 0x5C, 0x00, 0x8A, 0x9F, 0xF6, 0xFF, 0x36, 0xB7, 0x04, 0xB6, 0xDA, 0x30, 0x1B,
    0x1C, 0x9C, 0x40, 0xB5, 0xDA, 0x30, 0x1B, 0x1D, 0x9F, 0x31, 0x8E, 0x9D, 0xF5, 0xFF, 0x37, 0xB6,
    0x01, 0xAD, 0x7B, 0x0A, 0x24, 0xD6, 0x5F, 0x00, 0x1B, 0xA6, 0xF6, 0xE9, 0x5D, 0x00, 0x00, 0x24,
    0xF7, 0xFF, 0xED, 0x33, 0x25, 0x87, 0x37, 0xC4, 0xC4, 0x1B, 0xC5, 0xFC, 0xFF, 0xE8, 0xA9, 0xFF,
    0x1F, 0xB6, 0xEB, 0x42, 0xFF, 0xFF, 0xDF, 0xE7, 0x00, 0x00, 0x00, 0x00, 0x00, 0x67, 0xFF, 0xFF,
    0xFF, 0xE8, 0x00, 0x00, 0x1F, 0x0F, 0x00, 0x30, 0x00, 0x39, 0xFF, 0x22, 0x90, 0xE8, 0x57, 0xFF,
    0xBA, 0xA0, 0xFF, 0x57, 0xC4, 0xF6, 0x0A, 0xFF, 0xB2, 0x00, 0x15, 0xE8, 0xF7, 0x5E, 0xFF, 0xB4,
    0x00, 0x07, 0xC6, 0x24, 0x33, 0xBF, 0x00, 0x00, 0x00, 0x03, 0x00, 0x03, 0x16, 0x30, 0x30, 0x30,
    0x30, 0x30, 0x21, 0xBA, 0xFF, 0xFF, 0xFF, 0xFF, 0xFF, 0xE1, 0x39, 0x78, 0x78, 0x78, 0x78, 0xFB,
    0xE1, 0x00, 0x00, 0x00, 0x00, 0x00, 0xDC, 0xE1, 0x00, 0x00, 0x00, 0x00, 0x00, 0x52, 0x54, 0x45,
    0xFA, 0xFA, 0xFA, 0x8B, 0x5A, 0xFF, 0xFF, 0xFF, 0xB4, 0x25, 0xAC, 0xF3, 0xE8, 0x5D, 0x00, 0x00,
    0xA5, 0x77, 0x09, 0x22, 0xD8, 0x5C, 0x00, 0x7F, 0xB9, 0xE3, 0xB7, 0x36, 0xB7, 0x04, 0x6A, 0xB6,
    0x41, 0xFF, 0x28, 0xA3, 0x40, 0x6D, 0xB6, 0xFF, 0xC9, 0x1D, 0x9F, 0x31, 0x81, 0xC8, 0x53, 0xFF,
    0x4E, 0xB6, 0x01, 0xA8, 0xA7, 0x16, 0x52, 0xE9, 0x5F, 0x00, 0x26, 0xAF, 0xFA, 0xED, 0x5D, 0x00,
    0x00, 0x58, 0xFF, 0xFF, 0xFF, 0xB1, 0x0F, 0x42, 0x42, 0x42, 0x1E, 0x01, 0xB2, 0xFF, 0xDD, 0x10,
    0x54, 0xFB, 0x12, 0xC0, 0xAC, 0x5E, 0xFB, 0x15, 0xC4, 0xAB, 0x00, 0xBF, 0xFF, 0xE2, 0x13, 0x00,
    0x00, 0x16, 0xF5, 0x5B, 0x00, 0x00, 0x16, 0x30, 0x49, 0xFF, 0x99, 0x30, 0x21, 0xBA, 0xFF, 0xFF,
    0xFF, 0xFF, 0xFF, 0xE1, 0x39, 0x78, 0x8B, 0xFF, 0xA8, 0x78, 0x54, 0x00, 0x00, 0x1E, 0xFF, 0x78,
    0x00, 0x00, 0x00, 0x00, 0x1E, 0xFF, 0x78, 0x00, 0x00, 0x54, 0xAE, 0xAE, 0xAE, 0xAE, 0xAE, 0x79,
    0xBA, 0xFF, 0xFF, 0xFF, 0xFF, 0xFF, 0xE1, 0x49, 0xFF, 0xFF, 0xFF, 0x36, 0x12, 0x0A, 0x00, 0xFF,
    0x9D, 0x00, 0x00, 0xB8, 0xFA, 0x0D, 0x04, 0xB7, 0xDC, 0x12, 0x00, 0x8E, 0xFF, 0xFF, 0xFF, 0xA6,
    0x2B, 0xFF, 0xFF, 0xFF, 0x3A, 0x04, 0x04, 0x01, 0xF7, 0xA5, 0x00, 0x4B, 0xFF, 0xFF, 0x28, 0x07,
    0x00, 0x01, 0xCB, 0xB6, 0x5D, 0xFF, 0xFF, 0xFF, 0x5E, 0x00, 0x00, 0x91, 0xA0, 0x00, 0x00, 0x63,
    0xFF, 0x58, 0x00, 0x12, 0xFF, 0x82, 0x00, 0x00, 0x24, 0xFF, 0xB9, 0x00, 0xA5, 0xFF, 0x48, 0x24,
    0xFF, 0xB9, 0x00, 0xA5, 0xFF, 0x48, 0x24, 0xFF, 0xB9, 0x00, 0xA5, 0xFF, 0x48, 0x24, 0xFF, 0xB9,
    0x00, 0xA5, 0xFF, 0x48, 0x24, 0xFF, 0xC8, 0x00, 0xB2, 0xFF, 0x49, 0x24, 0xFF, 0xFF, 0xA3, 0xFF,
    0xFF, 0xB4, 0x24, 0xFF, 0xFF, 0xFF, 0xA0, 0xFF, 0xF0, 0x24, 0xFF, 0xB9, 0x00, 0x00, 0x00, 0x00,
    0x24, 0xFF, 0xBA, 0x00, 0x00, 0x00, 0x00, 0x24, 0xFF, 0xBC, 0x00, 0x00, 0x00, 0x00, 0x00, 0xB7,
    0xFF, 0xFF, 0xFF, 0xFF, 0x5A, 0x7B, 0xFF, 0xFF, 0xFF, 0x06, 0xFF, 0x5A, 0xAF, 0xFF, 0xFF, 0xFF,
    0x06, 0xFF, 0x5A, 0x9C, 0xFF, 0xFF, 0xFF, 0x06, 0xFF, 0x5A, 0x09, 0xD5, 0xFF, 0xFF, 0x06, 0xFF,
    0x5A, 0x00, 0x00, 0x3D, 0xFF, 0x06, 0xFF, 0x5A, 0x00, 0x00, 0x24, 0xFF, 0x06, 0xFF, 0x5A, 0x00,
    0x00, 0x24, 0xFF, 0x06, 0xFF, 0x5A, 0x00, 0x00, 0x24, 0xFF, 0x06, 0xFF, 0x5A, 0x00, 0x00, 0x24,
    0xFF, 0x06, 0xFF, 0x5A, 0x00, 0x00, 0x0D, 0x96, 0x01, 0x82, 0x22, 0x00, 0x06, 0x00, 0x49, 0xFF,
    0x94, 0x42, 0xFF, 0x88, 0x00, 0x6C, 0x4B, 0x0F, 0x66, 0xE2, 0xEB, 0xFF, 0xB4, 0x24, 0xFF, 0xFF,
    0x78, 0x00, 0x06, 0x0C, 0xFF, 0x78, 0x00, 0x00, 0x00, 0xFF, 0x78, 0x00, 0x00, 0x00, 0xFF, 0x78,
    0x00, 0x37, 0xFF, 0xFF, 0xFF, 0xA8, 0x00, 0xAD, 0xFF, 0xF5, 0x43, 0x66, 0xFF, 0x4C, 0xC8, 0xEB,
    0x7B, 0xFF, 0x0C, 0xA5, 0xFB, 0x0C, 0xF0, 0xFF, 0xFF, 0x72, 0x00, 0x00, 0x18, 0x06, 0x00, 0x69,
    0xFF, 0xFF, 0xFF, 0xEC, 0x2E, 0x00, 0x00, 0x30, 0x00, 0x00, 0xA3, 0xB9, 0x03, 0xFF, 0x6F, 0x00,
    0x28, 0xFF, 0xDD, 0x81, 0xFF, 0x99, 0x00, 0x5B, 0xFF, 0x4B, 0xB4, 0xFF, 0x67, 0xFF, 0x91, 0xB7,
    0xFF, 0x39, 0xAF, 0x67, 0x00, 0xCE, 0x21, 0x00, 0x03, 0x00, 0x00, 0x03, 0x00, 0x00, 0x61, 0xA7,
    0xAB, 0x00, 0x00, 0x00, 0x00, 0x5D, 0xA8, 0xFF, 0x00, 0x00, 0x00, 0x00, 0x00, 0x8A, 0xFF, 0x00,
    0x00, 0x00, 0x00, 0x00, 0x8A, 0xFF, 0x00, 0x00, 0x00, 0x00, 0xBB, 0xFF, 0xFF, 0xFF, 0x2A, 0x31,
    0x46, 0x00, 0x0F, 0x6F, 0xB6, 0xFD, 0xDA, 0x70, 0xBA, 0xFA, 0xAA, 0x60, 0x3C, 0x76, 0x00, 0x06,
    0x00, 0x00, 0x09, 0xFF, 0xFF, 0x00, 0x00, 0x00, 0x00, 0xA6, 0xB6, 0xFF, 0x00, 0x00, 0x00, 0x4E,
    0xE4, 0x42, 0xFF, 0x00, 0x00, 0x00, 0xAE, 0xFF, 0xFF, 0xFF, 0xB7, 0x00, 0x00, 0x00, 0x00, 0x3D,
    0xFF, 0x00, 0x00, 0x0C, 0x12, 0x00, 0x00, 0x00, 0x00, 0xB0, 0xFF, 0xFF, 0x00, 0x00, 0x00, 0x00,
    0x04, 0x8A, 0xFF, 0x00, 0x00, 0x00, 0x00, 0x00, 0x8A, 0xFF, 0x00, 0x00, 0x00, 0x00, 0x00, 0x8A,
    0xFF, 0x00, 0x00, 0x00, 0x00, 0xBB, 0xFF, 0xFF, 0xFF, 0x2A, 0x21, 0x43, 0x00, 0x00, 0x22, 0x9D,
    0xED, 0xFF, 0x97, 0x79, 0xEE, 0xFF, 0xB5, 0x58, 0x01, 0x00, 0x6D, 0x5D, 0x12, 0xFC, 0xFF, 0xFB,
    0x55, 0x00, 0x00, 0x06, 0x2B, 0x01, 0xD7, 0xB9, 0x00, 0x00, 0x00, 0x00, 0x79, 0xFF, 0x27, 0x00,
    0x00, 0x00, 0xB4, 0xEB, 0x1F, 0x00, 0x00, 0x00, 0x4C, 0xFF, 0xFF, 0xFF, 0xC0, 0x8A, 0xFF, 0xFF,
    0xB7, 0x03, 0x00, 0x00, 0x16, 0x04, 0x36, 0xFF, 0x28, 0x00, 0x00, 0x00, 0xBD, 0xFF, 0xBC, 0x00,
    0x00, 0x00, 0x00, 0x00, 0x22, 0xFF, 0x46, 0x00, 0x00, 0x3D, 0x06, 0x16, 0xFF, 0x58, 0x00, 0x00,
    0xB5, 0xFF, 0xFF, 0xB0, 0x16, 0x6C, 0x64, 0x24, 0x7F, 0xB6, 0xE6, 0xD7, 0xAE, 0x42, 0x81, 0x91,
    0x39, 0x00, 0xA8, 0xD9, 0x00, 0x00, 0x00, 0x00, 0x75, 0xF3, 0xFF, 0x00, 0x00, 0x00, 0x3F, 0xE9,
    0x4C, 0xFF, 0x00, 0x00, 0x00, 0xAE, 0xFF, 0xFF, 0xFF, 0xB7, 0x00, 0x00, 0x00, 0x00, 0x3D, 0xFF,
    0x00, 0x00, 0x00, 0x03, 0x01, 0x00, 0x00, 0x01, 0xFF, 0xDA, 0x00, 0x00, 0x00, 0xFF, 0xCB, 0x00,
    0x00, 0x00, 0x00, 0x00, 0x00, 0x00, 0x00, 0xFF, 0xDA, 0x00, 0x00, 0x09, 0xFF, 0xBE, 0x00, 0x01,
    0xC4, 0xFF, 0x54, 0x00, 0xBA, 0xFF, 0x87, 0x00, 0x00, 0xFF, 0xF6, 0x00, 0x00, 0x22, 0xFF, 0xFF,
    0xA7, 0xCB, 0xFF, 0x4E, 0xFF, 0xFF, 0xFF, 0xB7, 0x00, 0x1B, 0xFF, 0xC4, 0x00, 0x00, 0x00, 0x00,
    0x00, 0x3A, 0xFF, 0x4C, 0x00, 0x00, 0x00, 0x00, 0x00, 0x00, 0x00, 0x00, 0x00, 0x00, 0x00, 0xB6,
    0xFF, 0xFF, 0x00, 0x00, 0x00, 0x00, 0xFF, 0xFF, 0xFF, 0x1B, 0x00, 0x00, 0x25, 0xFF, 0xA1, 0xFF,
    0x7C, 0x00, 0x00, 0x8B, 0xFF, 0x2E, 0xFF, 0xBB, 0x00, 0x00, 0xC8, 0xFF, 0x36, 0xE3, 0xFF, 0x00,
    0x00, 0xFF, 0xFF, 0xFF, 0xFF, 0xFF, 0x2A, 0x3A, 0xFF, 0xBB, 0x7E, 0xA8, 0xFF, 0x8E, 0xA0, 0xFF,
    0x52, 0x00, 0x09, 0xFF, 0xCA, 0xD9, 0xFF, 0x0D, 0x00, 0x00, 0xFF, 0xFF, 0x00, 0x00, 0x00, 0x90,
    0xFF, 0x4C, 0x00, 0x00, 0x00, 0x13, 0xFF, 0x7E, 0x00, 0x00, 0x00, 0x00, 0x00, 0x00, 0x00, 0x00,
    0x00, 0x00, 0x00, 0xB6, 0xFF, 0xFF, 0x00, 0x00, 0x00, 0x00, 0xFF, 0xFF, 0xFF, 0x1B, 0x00, 0x00,
    0x25, 0xFF, 0xA1, 0xFF, 0x7C, 0x00, 0x00, 0x8B, 0xFF, 0x2E, 0xFF, 0xBB, 0x00, 0x00, 0xC8, 0xFF,
    0x36, 0xE3, 0xFF, 0x00, 0x00, 0xFF, 0xFF, 0xFF, 0xFF, 0xFF, 0x2A, 0x3A, 0xFF, 0xBB, 0x7E, 0xA8,
    0xFF, 0x8E, 0xA0, 0xFF, 0x52, 0x00, 0x09, 0xFF, 0xCA, 0xD9, 0xFF, 0x0D, 0x00, 0x00, 0xFF, 0xFF,
    0x00, 0x00, 0xC8, 0xFF, 0xFF, 0x07, 0x00, 0x00, 0x67, 0xFF, 0x27, 0xDA, 0xBA, 0x00, 0x00, 0x00,
    0x00, 0x00, 0x00, 0x00, 0x00, 0x00, 0x00, 0xB6, 0xFF, 0xFF, 0x00, 0x00, 0x00, 0x00, 0xFF, 0xFF,
    0xFF, 0x1B, 0x00, 0x00, 0x25, 0xFF, 0xA1, 0xFF, 0x7C, 0x00, 0x00, 0x8B, 0xFF, 0x2E, 0xFF, 0xBB,
    0x00, 0x00, 0xC8, 0xFF, 0x36, 0xE3, 0xFF, 0x00, 0x00, 0xFF, 0xFF, 0xFF, 0xFF, 0xFF, 0x2A, 0x3A,
    0xFF, 0xBB, 0x7E, 0xA8, 0xFF, 0x8E, 0xA0, 0xFF, 0x52, 0x00, 0x09, 0xFF, 0xCA, 0xD9, 0xFF, 0x0D,
    0x00, 0x00, 0xFF, 0xFF, 0x00, 0x2A, 0xFF, 0xCE, 0x91, 0xB9, 0x00, 0x00, 0x8E, 0xAF, 0xBE, 0xFF,
    0x63, 0x00, 0x00, 0x00, 0x00, 0x00, 0x00, 0x00, 0x00, 0x00, 0x00, 0xB6, 0xFF, 0xFF, 0x00, 0x00,
    0x00, 0x00, 0xFF, 0xFF, 0xFF, 0x1B, 0x00, 0x00, 0x25, 0xFF, 0xA1, 0xFF, 0x7C, 0x00, 0x00, 0x8B,
    0xFF, 0x2E, 0xFF, 0xBB, 0x00, 0x00, 0xC8, 0xFF, 0x36, 0xE3, 0xFF, 0x00, 0x00, 0xFF, 0xFF, 0xFF,
    0xFF, 0xFF, 0x2A, 0x3A, 0xFF, 0xBB, 0x7E, 0xA8, 0xFF, 0x8E, 0xA0, 0xFF, 0x52, 0x00, 0x09, 0xFF,
    0xCA, 0xD9, 0xFF, 0x0D, 0x00, 0x00, 0xFF, 0xFF, 0x00, 0x27, 0xA3, 0x15, 0xAF, 0x55, 0x00, 0x00,
    0x52, 0xFF, 0x30, 0xFF, 0xAC, 0x00, 0x00, 0x00, 0x00, 0x00, 0x00, 0x00, 0x00, 0x00, 0x00, 0xB6,
    0xFF, 0xFF, 0x00, 0x00, 0x00, 0x00, 0xFF, 0xFF, 0xFF, 0x1B, 0x00, 0x00, 0x25, 0xFF, 0xA1, 0xFF,
    0x7C, 0x00, 0x00, 0x8B, 0xFF, 0x2E, 0xFF, 0xBB, 0x00, 0x00, 0xC8, 0xFF, 0x36, 0xE3, 0xFF, 0x00,
    0x00, 0xFF, 0xFF, 0xFF, 0xFF, 0xFF, 0x2A, 0x3A, 0xFF, 0xBB, 0x7E, 0xA8, 0xFF, 0x8E, 0xA0, 0xFF,
    0x52, 0x00, 0x09, 0xFF, 0xCA, 0xD9, 0xFF, 0x0D, 0x00, 0x00, 0xFF, 0xFF, 0x00, 0x00, 0xA2, 0xFF,
    0xC6, 0x01, 0x00, 0x00, 0x04, 0xFF, 0x1F, 0xFB, 0x4F, 0x00, 0x00, 0x03, 0xFF, 0x27, 0xF7, 0x33,
    0x00, 0x00, 0x00, 0xD2, 0xFF, 0xFF, 0x00, 0x00, 0x00, 0x00, 0xFF, 0xFF, 0xFF, 0x36, 0x00, 0x00,
    0x3F, 0xFF, 0xBD, 0xFF, 0x96, 0x00, 0x00, 0xA0, 0xFF, 0x2D, 0xFF, 0xCE, 0x00, 0x00, 0xD7, 0xFF,
    0x36, 0xE3, 0xFF, 0x00, 0x01, 0xFF, 0xFF, 0xFF, 0xFF, 0xFF, 0x39, 0x45, 0xFF, 0xBB, 0x7E, 0xA8,
    0xFF, 0x99, 0xA6, 0xFF, 0x52, 0x00, 0x09, 0xFF, 0xD0, 0xDC, 0xFF, 0x0D, 0x00, 0x00, 0xFF, 0xFF,
    0x00, 0x0F, 0xFF, 0xFF, 0xFF, 0xFF, 0xFF, 0x00, 0x63, 0xFF, 0xF8, 0xFF, 0xC5, 0xAF, 0x00, 0xBB,
    0xFF, 0x96, 0xFF, 0x24, 0x00, 0x00, 0xE7, 0xCB, 0x96, 0xFF, 0xC5, 0x8A, 0x03, 0xFF, 0xB4, 0xB2,
    0xFF, 0xFF, 0xAF, 0x48, 0xFF, 0xFF, 0xFF, 0xFF, 0x24, 0x00, 0xA0, 0xFF, 0x78, 0xB9, 0xFF, 0x24,
    0x00, 0xD0, 0xE9, 0x00, 0x96, 0xFF, 0xC9, 0xAF, 0xFF, 0xAD, 0x00, 0x96, 0xFF, 0xFF, 0xFF, 0x00,
    0x00, 0x9D, 0xFF, 0xFF, 0xFF, 0x3D, 0x00, 0x8E, 0xFF, 0xFF, 0xD5, 0xFF, 0x66, 0x00, 0xFF, 0xFF,
    0x39, 0x00, 0x0C, 0x24, 0x19, 0xFF, 0xF3, 0x00, 0x00, 0x00, 0x00, 0x3A, 0xFF, 0xD0, 0x00, 0x00,
    0x00, 0x00, 0x33, 0xFF, 0xDA, 0x00, 0x00, 0x00, 0x00, 0x0A, 0xFF, 0xFF, 0x00, 0x00, 0x00, 0x00,
    0x00, 0xE4, 0xFF, 0xB4, 0x1C, 0x76, 0x4B, 0x00, 0x42, 0xFF, 0xFF, 0xFF, 0xFF, 0x66, 0x00, 0x00,
    0x2D, 0xB5, 0xFF, 0xBA, 0x18, 0x00, 0x00, 0x0A, 0x04, 0xCF, 0x7E, 0x00, 0x00, 0x00, 0x49, 0xFF,
    0xFF, 0x46, 0x00, 0x00, 0x04, 0xE7, 0xFA, 0x01, 0x00, 0x00, 0x00, 0x00, 0x18, 0xFF, 0x90, 0x00,
    0x00, 0x00, 0x00, 0x00, 0x00, 0x00, 0x00, 0x00, 0x06, 0xFF, 0xFF, 0xFF, 0xFF, 0xFF, 0xA8, 0x06,
    0xFF, 0xFF, 0xB9, 0xB9, 0xB9, 0x60, 0x06, 0xFF, 0xE6, 0x00, 0x00, 0x00, 0x00, 0x06, 0xFF, 0xFF,
    0xBE, 0xBE, 0xBE, 0x10, 0x06, 0xFF, 0xFF, 0xFF, 0xFF, 0xFF, 0x1E, 0x06, 0xFF, 0xE6, 0x00, 0x00,
    0x00, 0x00, 0x06, 0xFF, 0xE6, 0x00, 0x00, 0x00, 0x00, 0x06, 0xFF, 0xFF, 0xBE, 0xBE, 0xBE, 0x63,
    0x06, 0xFF, 0xFF, 0xFF, 0xFF, 0xFF, 0xA8, 0x00, 0x00, 0x00, 0x15, 0xBD, 0x5B, 0x00, 0x00, 0x00,
    0x00, 0xD7, 0xC6, 0x06, 0x00, 0x00, 0x00, 0x00, 0x00, 0x00, 0x00, 0x00, 0x06, 0xFF, 0xFF, 0xFF,
    0xFF, 0xFF, 0xA8, 0x06, 0xFF, 0xFF, 0xB9, 0xB9, 0xB9, 0x60, 0x06, 0xFF, 0xE6, 0x00, 0x00, 0x00,
    0x00, 0x06, 0xFF, 0xFF, 0xBE, 0xBE, 0xBE, 0x10, 0x06, 0xFF, 0xFF, 0xFF, 0xFF, 0xFF, 0x1E, 0x06,
    0xFF, 0xE6, 0x00, 0x00, 0x00, 0x00, 0x06, 0xFF, 0xE6, 0x00, 0x00, 0x00, 0x00, 0x06, 0xFF, 0xFF,
    0xBE, 0xBE, 0xBE, 0x63, 0x06, 0xFF, 0xFF, 0xFF, 0xFF, 0xFF, 0xA8, 0x00, 0x00, 0xA8, 0xFF, 0xFF,
    0x21, 0x00, 0x00, 0x30, 0xFF, 0x43, 0xA6, 0xD5, 0x00, 0x00, 0x00, 0x00, 0x00, 0x00, 0x00, 0x00,
    0x06, 0xFF, 0xFF, 0xFF, 0xFF, 0xFF, 0xA8, 0x06, 0xFF, 0xFF, 0xB9, 0xB9, 0xB9, 0x60, 0x06, 0xFF,
    0xE6, 0x00, 0x00, 0x00, 0x00, 0x06, 0xFF, 0xFF, 0xBE, 0xBE, 0xBE, 0x10, 0x06, 0xFF, 0xFF, 0xFF,
    0xFF, 0xFF, 0x1E, 0x06, 0xFF, 0xE6, 0x00, 0x00, 0x00, 0x00, 0x06, 0xFF, 0xE6, 0x00, 0x00, 0x00,
    0x00, 0x06, 0xFF, 0xFF, 0xBE, 0xBE, 0xBE, 0x63, 0x06, 0xFF, 0xFF, 0xFF, 0xFF, 0xFF, 0xA8, 0x00,
    0x06, 0xA1, 0x3A, 0x8A, 0x78, 0x00, 0x00, 0x0F, 0xFF, 0x76, 0xE4, 0xC6, 0x00, 0x00, 0x00, 0x00,
    0x00, 0x00, 0x00, 0x00, 0x06, 0xFF, 0xFF, 0xFF, 0xFF, 0xFF, 0xA8, 0x06, 0xFF, 0xFF, 0xB9, 0xB9,
    0xB9, 0x60, 0x06, 0xFF, 0xE6, 0x00, 0x00, 0x00, 0x00, 0x06, 0xFF, 0xFF, 0xBE, 0xBE, 0xBE, 0x10,
    0x06, 0xFF, 0xFF, 0xFF, 0xFF, 0xFF, 0x1E, 0x06, 0xFF, 0xE6, 0x00, 0x00, 0x00, 0x00, 0x06, 0xFF,
    0xE6, 0x00, 0x00, 0x00, 0x00, 0x06, 0xFF, 0xFF, 0xBE, 0xBE, 0xBE, 0x63, 0x06, 0xFF, 0xFF, 0xFF,
    0xFF, 0xFF, 0xA8, 0x1B, 0xFF, 0xC4, 0x00, 0x00, 0x00, 0x00, 0x3A, 0xFF, 0x4C, 0x00, 0x00, 0x00,
    0x00, 0x00, 0x00, 0x00, 0x00, 0xFF, 0xFF, 0xFF, 0xFF, 0xFF, 0x54, 0xB5, 0xDA, 0xFF, 0xFA, 0xB9,
    0x30, 0x00, 0x60, 0xFF, 0xBA, 0x00, 0x00, 0x00, 0x60, 0xFF, 0xBA, 0x00, 0x00, 0x00, 0x60, 0xFF,
    0xBA, 0x00, 0x00, 0x00, 0x60, 0xFF, 0xBA, 0x00, 0x00, 0x00, 0x60, 0xFF, 0xBA, 0x00, 0x00, 0xBA,
    0xDE, 0xFF, 0xFC, 0xBE, 0x31, 0xFF, 0xFF, 0xFF, 0xFF, 0xFF, 0x54, 0x00, 0x00, 0x90, 0xFF, 0x4C,
    0x00, 0x00, 0x13, 0xFF, 0x7E, 0x00, 0x00, 0x00, 0x00, 0x00, 0x00, 0x00, 0x00, 0xFF, 0xFF, 0xFF,
    0xFF, 0xFF, 0x54, 0xB5, 0xDA, 0xFF, 0xFA, 0xB9, 0x30, 0x00, 0x60, 0xFF, 0xBA, 0x00, 0x00, 0x00,
    0x60, 0xFF, 0xBA, 0x00, 0x00, 0x00, 0x60, 0xFF, 0xBA, 0x00, 0x00, 0x00, 0x60, 0xFF, 0xBA, 0x00,
    0x00, 0x00, 0x60, 0xFF, 0xBA, 0x00, 0x00, 0xBA, 0xDE, 0xFF, 0xFC, 0xBE, 0x31, 0xFF, 0xFF, 0xFF,
    0xFF, 0xFF, 0x54, 0x00, 0xC8, 0xFF, 0xFF, 0x07, 0x00, 0x67, 0xFF, 0x27, 0xDA, 0xBA, 0x00, 0x00,
    0x00, 0x00, 0x00, 0x00, 0x00, 0xFF, 0xFF, 0xFF, 0xFF, 0xFF, 0x54, 0xB5, 0xDA, 0xFF, 0xFA, 0xB9,
    0x30, 0x00, 0x60, 0xFF, 0xBA, 0x00, 0x00, 0x00, 0x60, 0xFF, 0xBA, 0x00, 0x00, 0x00, 0x60, 0xFF,
    0xBA, 0x00, 0x00, 0x00, 0x60, 0xFF, 0xBA, 0x00, 0x00, 0x00, 0x60, 0xFF, 0xBA, 0x00, 0x00, 0xBA,
    0xDE, 0xFF, 0xFC, 0xBE, 0x31, 0xFF, 0xFF, 0xFF, 0xFF, 0xFF, 0x54, 0x27, 0xA3, 0x15, 0xAF, 0x55,
    0x00, 0x52, 0xFF, 0x30, 0xFF, 0xAC, 0x00, 0x00, 0x00, 0x00, 0x00, 0x00, 0x00, 0xFF, 0xFF, 0xFF,
    0xFF, 0xFF, 0x54, 0xB5, 0xDA, 0xFF, 0xFA, 0xB9, 0x30, 0x00, 0x60, 0xFF, 0xBA, 0x00, 0x00, 0x00,
    0x60, 0xFF, 0xBA, 0x00, 0x00, 0x00, 0x60, 0xFF, 0xBA, 0x00, 0x00, 0x00, 0x60, 0xFF, 0xBA, 0x00,
    0x00, 0x00, 0x60, 0xFF, 0xBA, 0x00, 0x00, 0xBA, 0xDE, 0xFF, 0xFC, 0xBE, 0x31, 0xFF, 0xFF, 0xFF,
    0xFF, 0xFF, 0x54, 0x4E, 0xFF, 0xFF, 0xFF, 0xE2, 0x49, 0x00, 0x4E, 0xFF, 0xFF, 0xE6, 0xFF, 0xFF,
    0x22, 0x4E, 0xFF, 0xAA, 0x00, 0xBB, 0xFF, 0xA6, 0x73, 0xFF, 0xBC, 0x24, 0x49, 0xFF, 0xC6, 0xFF,
    0xFF, 0xFF, 0xF5, 0x31, 0xFF, 0xD7, 0xAC, 0xFF, 0xD8, 0x5B, 0x4B, 0xFF, 0xC6, 0x4E, 0xFF, 0xAA,
    0x00, 0xBE, 0xFF, 0xA9, 0x4E, 0xFF, 0xFF, 0xE7, 0xFF, 0xFF, 0x22, 0x4E, 0xFF, 0xFF, 0xFF, 0xE1,
    0x46, 0x00, 0x00, 0x2A, 0xFF, 0xCB, 0x91, 0xBA, 0x00, 0x00, 0x8E, 0xAF, 0xBE, 0xFF, 0x63, 0x00,
    0x00, 0x00, 0x00, 0x00, 0x00, 0x00, 0x00, 0x72, 0xFF, 0xEE, 0x00, 0x00, 0xFF, 0xA5, 0x72, 0xFF,
    0xFF, 0x30, 0x00, 0xFF, 0xA5, 0x72, 0xFF, 0xFF, 0xBB, 0x00, 0xFF, 0xA5, 0x72, 0xFF, 0xC3, 0xFF,
    0x00, 0xFF, 0xA5, 0x72, 0xFF, 0x69, 0xFF, 0x5A, 0xFF, 0xA5, 0x72, 0xFF, 0x54, 0xCD, 0xC1, 0xFF,
    0xA5, 0x72, 0xFF, 0x54, 0x66, 0xFF, 0xFF, 0xA5, 0x72, 0xFF, 0x54, 0x03, 0xFF, 0xFF, 0xA5, 0x72,
    0xFF, 0x54, 0x00, 0xA5, 0xFF, 0xA5, 0x00, 0x13, 0xB7, 0x63, 0x00, 0x00, 0x00, 0x00, 0x00, 0x6A,
    0xFF, 0x39, 0x00, 0x00, 0x00, 0x00, 0x00, 0x00, 0x00, 0x00, 0x00, 0x00, 0x43, 0xFA, 0xFF, 0xFF,
    0x70, 0x00, 0x04, 0xFF, 0xFF, 0xDD, 0xFF, 0xFF, 0x2D, 0x58, 0xFF, 0xBB, 0x00, 0x97, 0xFF, 0xAF,
    0x97, 0xFF, 0x96, 0x00, 0x42, 0xFF, 0xC8, 0xA9, 0xFF, 0x87, 0x00, 0x30, 0xFF, 0xD7, 0x97, 0xFF,
    0x9A, 0x00, 0x42, 0xFF, 0xC8, 0x5A, 0xFF, 0xC3, 0x00, 0x96, 0xFF, 0xAF, 0x04, 0xFF, 0xFF, 0xDC,
    0xFF, 0xFF, 0x2E, 0x00, 0x33, 0xFA, 0xFF, 0xFF, 0x63, 0x00, 0x00, 0x00, 0x00, 0x34, 0xA0, 0x39,
    0x00, 0x00, 0x00, 0x0F, 0xFF, 0xB4, 0x00, 0x00, 0x00, 0x00, 0x00, 0x00, 0x00, 0x00, 0x00, 0x00,
    0x43, 0xFA, 0xFF, 0xFF, 0x70, 0x00, 0x04, 0xFF, 0xFF, 0xDD, 0xFF, 0xFF, 0x2D, 0x58, 0xFF, 0xBB,
    0x00, 0x97, 0xFF, 0xAF, 0x97, 0xFF, 0x96, 0x00, 0x42, 0xFF, 0xC8, 0xA9, 0xFF, 0x87, 0x00, 0x30,
    0xFF, 0xD7, 0x97, 0xFF, 0x9A, 0x00, 0x42, 0xFF, 0xC8, 0x5A, 0xFF, 0xC3, 0x00, 0x96, 0xFF, 0xAF,
    0x04, 0xFF, 0xFF, 0xDC, 0xFF, 0xFF, 0x2E, 0x00, 0x33, 0xFA, 0xFF, 0xFF, 0x63, 0x00, 0x00, 0x00,
    0x61, 0xA0, 0x8B, 0x00, 0x00, 0x00, 0x4C, 0xFF, 0x6D, 0xF2, 0x91, 0x00, 0x00, 0x00, 0x00, 0x00,
    0x00, 0x00, 0x00, 0x00, 0x43, 0xFA, 0xFF, 0xFF, 0x70, 0x00, 0x04, 0xFF, 0xFF, 0xDD, 0xFF, 0xFF,
    0x2D, 0x58, 0xFF, 0xBB, 0x00, 0x97, 0xFF, 0xAF, 0x97, 0xFF, 0x96, 0x00, 0x42, 0xFF, 0xC8, 0xA9,
    0xFF, 0x87, 0x00, 0x30, 0xFF, 0xD7, 0x97, 0xFF, 0x9A, 0x00, 0x42, 0xFF, 0xC8, 0x5A, 0xFF, 0xC3,
    0x00, 0x96, 0xFF, 0xAF, 0x04, 0xFF, 0xFF, 0xDC, 0xFF, 0xFF, 0x2E, 0x00, 0x33, 0xFA, 0xFF, 0xFF,
    0x63, 0x00, 0x00, 0x2A, 0xFF, 0xCE, 0x91, 0xB9, 0x00, 0x00, 0x8E, 0xAF, 0xBE, 0xFF, 0x63, 0x00,
    0x00, 0x00, 0x00, 0x00, 0x00, 0x00, 0x00, 0x00, 0x43, 0xFA, 0xFF, 0xFF, 0x70, 0x00, 0x04, 0xFF,
    0xFF, 0xDD, 0xFF, 0xFF, 0x2D, 0x58, 0xFF, 0xBB, 0x00, 0x97, 0xFF, 0xAF, 0x97, 0xFF, 0x96, 0x00,
    0x42, 0xFF, 0xC8, 0xA9, 0xFF, 0x87, 0x00, 0x30, 0xFF, 0xD7, 0x97, 0xFF, 0x9A, 0x00, 0x42, 0xFF,
    0xC8, 0x5A, 0xFF, 0xC3, 0x00, 0x96, 0xFF, 0xAF, 0x04, 0xFF, 0xFF, 0xDC, 0xFF, 0xFF, 0x2E, 0x00,
    0x33, 0xFA, 0xFF, 0xFF, 0x63, 0x00, 0x00, 0x27, 0xA3, 0x15, 0xAF, 0x55, 0x00, 0x00, 0x52, 0xFF,
    0x30, 0xFF, 0xAC, 0x00, 0x00, 0x00, 0x00, 0x00, 0x00, 0x00, 0x00, 0x00, 0x43, 0xFA, 0xFF, 0xFF,
    0x70, 0x00, 0x04, 0xFF, 0xFF, 0xDD, 0xFF, 0xFF, 0x2D, 0x58, 0xFF, 0xBB, 0x00, 0x97, 0xFF, 0xAF,
    0x97, 0xFF, 0x96, 0x00, 0x42, 0xFF, 0xC8, 0xA9, 0xFF, 0x87, 0x00, 0x30, 0xFF, 0xD7, 0x97, 0xFF,
    0x9A, 0x00, 0x42, 0xFF, 0xC8, 0x5A, 0xFF, 0xC3, 0x00, 0x96, 0xFF, 0xAF, 0x04, 0xFF, 0xFF, 0xDC,
    0xFF, 0xFF, 0x2E, 0x00, 0x33, 0xFA, 0xFF, 0xFF, 0x63, 0x00, 0x09, 0xD0, 0x46, 0x00, 0x1E, 0xDD,
    0x25, 0x19, 0xFF, 0xFF, 0x55, 0xFF, 0xFF, 0x42, 0x00, 0x21, 0xFF, 0xFF, 0xFF, 0x4C, 0x00, 0x00,
    0x0C, 0xEE, 0xFF, 0xFF, 0x2A, 0x00, 0x07, 0xE2, 0xFF, 0x8B, 0xFF, 0xFF, 0x22, 0x19, 0xFF, 0x6D,
    0x00, 0x39, 0xFF, 0x45, 0x00, 0x03, 0x00, 0x00, 0x00, 0x03, 0x00, 0x00, 0x00, 0x00, 0x00, 0x00,
    0x12, 0x00, 0x00, 0x09, 0xA8, 0xFF, 0xD6, 0xF1, 0x09, 0x00, 0x28, 0xFF, 0xDE, 0xFF, 0xBD, 0x00,
    0x00, 0x72, 0xE0, 0x00, 0xF0, 0xB4, 0x00, 0x00, 0xA8, 0xC5, 0xA3, 0xFF, 0xCC, 0x00, 0x00, 0xB7,
    0xD0, 0xFF, 0xC5, 0xDB, 0x00, 0x00, 0xAA, 0xFF, 0xAB, 0x93, 0xD1, 0x00, 0x00, 0x70, 0xFF, 0x06,
    0xC2, 0xBD, 0x00, 0x00, 0x90, 0xFF, 0xDA, 0xFF, 0x4E, 0x00, 0x00, 0xEE, 0xD0, 0xFF, 0xC5, 0x11,
    0x00, 0x00, 0x0E, 0x00, 0x00, 0x00, 0x00, 0x00, 0x00, 0x13, 0xB7, 0x63, 0x00, 0x00, 0x00, 0x00,
    0x00, 0x6A, 0xFF, 0x39, 0x00, 0x00, 0x00, 0x00, 0x00, 0x00, 0x00, 0x00, 0x00, 0x90, 0xFF, 0x84,
    0x00, 0x30, 0xFF, 0xBE, 0x90, 0xFF, 0x84, 0x00, 0x30, 0xFF, 0xBE, 0x90, 0xFF, 0x84, 0x00, 0x30,
    0xFF, 0xBE, 0x90, 0xFF, 0x84, 0x00, 0x30, 0xFF, 0xBE, 0x90, 0xFF, 0x84, 0x00, 0x30, 0xFF, 0xBE,
    0x8B, 0xFF, 0x84, 0x00, 0x30, 0xFF, 0xBA, 0x67, 0xFF, 0xB1, 0x00, 0x5D, 0xFF, 0xBA, 0x16, 0xFF,
    0xFF, 0xD7, 0xFF, 0xFF, 0x57, 0x00, 0x69, 0xFF, 0xFF, 0xFF, 0xA8, 0x00, 0x00, 0x00, 0x00, 0x34,
    0xA0, 0x39, 0x00, 0x00, 0x00, 0x0F, 0xFF, 0xB4, 0x00, 0x00, 0x00, 0x00, 0x00, 0x00, 0x00, 0x00,
    0x00, 0x90, 0xFF, 0x84, 0x00, 0x30, 0xFF, 0xBE, 0x90, 0xFF, 0x84, 0x00, 0x30, 0xFF, 0xBE, 0x90,
    0xFF, 0x84, 0x00, 0x30, 0xFF, 0xBE, 0x90, 0xFF, 0x84, 0x00, 0x30, 0xFF, 0xBE, 0x90, 0xFF, 0x84,
    0x00, 0x30, 0xFF, 0xBE, 0x8B, 0xFF, 0x84, 0x00, 0x30, 0xFF, 0xBA, 0x67, 0xFF, 0xB1, 0x00, 0x5D,
    0xFF, 0xBA, 0x16, 0xFF, 0xFF, 0xD7, 0xFF, 0xFF, 0x57, 0x00, 0x69, 0xFF, 0xFF, 0xFF, 0xA8, 0x00,
    0x00, 0x00, 0x61, 0xA0, 0x8B, 0x00, 0x00, 0x00, 0x4C, 0xFF, 0x6D, 0xF2, 0x91, 0x00, 0x00, 0x00,
    0x00, 0x00, 0x00, 0x00, 0x00, 0x90, 0xFF, 0x84, 0x00, 0x30, 0xFF, 0xBE, 0x90, 0xFF, 0x84, 0x00,
    0x30, 0xFF, 0xBE, 0x90, 0xFF, 0x84, 0x00, 0x30, 0xFF, 0xBE, 0x90, 0xFF, 0x84, 0x00, 0x30, 0xFF,
    0xBE, 0x90, 0xFF, 0x84, 0x00, 0x30, 0xFF, 0xBE, 0x8B, 0xFF, 0x84, 0x00, 0x30, 0xFF, 0xBA, 0x67,
    0xFF, 0xB1, 0x00, 0x5D, 0xFF, 0xBA, 0x16, 0xFF, 0xFF, 0xD7, 0xFF, 0xFF, 0x57, 0x00, 0x69, 0xFF,
    0xFF, 0xFF, 0xA8, 0x00, 0x00, 0x27, 0xA3, 0x15, 0xAF, 0x55, 0x00, 0x00, 0x52, 0xFF, 0x30, 0xFF,
    0xAC, 0x00, 0x00, 0x00, 0x00, 0x00, 0x00, 0x00, 0x00, 0x90, 0xFF, 0x84, 0x00, 0x30, 0xFF, 0xBE,
    0x90, 0xFF, 0x84, 0x00, 0x30, 0xFF, 0xBE, 0x90, 0xFF, 0x84, 0x00, 0x30, 0xFF, 0xBE, 0x90, 0xFF,
    0x84, 0x00, 0x30, 0xFF, 0xBE, 0x90, 0xFF, 0x84, 0x00, 0x30, 0xFF, 0xBE, 0x8B, 0xFF, 0x84, 0x00,
    0x30, 0xFF, 0xBA, 0x67, 0xFF, 0xB1, 0x00, 0x5D, 0xFF, 0xBA, 0x16, 0xFF, 0xFF, 0xD7, 0xFF, 0xFF,
    0x57, 0x00, 0x69, 0xFF, 0xFF, 0xFF, 0xA8, 0x00, 0x00, 0x00, 0x49, 0xDE, 0x37, 0x00, 0x00, 0x00,
    0x0B, 0xDD, 0x99, 0x00, 0x00, 0x00, 0x00, 0x00, 0x00, 0x00, 0x00, 0x00, 0x00, 0xF3, 0x72, 0x08,
    0x09, 0xFF, 0xB9, 0x0A, 0xB4, 0xD4, 0x1C, 0x97, 0xF2, 0x76, 0x00, 0x82, 0xF7, 0x4B, 0xFF, 0xDC,
    0x09, 0x00, 0x30, 0xCE, 0xFF, 0xFF, 0x93, 0x00, 0x00, 0x00, 0xA5, 0xFC, 0xFF, 0x0D, 0x00, 0x00,
    0x00, 0x52, 0xEB, 0xAA, 0x00, 0x00, 0x00, 0x00, 0x45, 0xE8, 0xBA, 0x00, 0x00, 0x00, 0x00, 0x45,
    0xE8, 0xBA, 0x00, 0x00, 0x00, 0x00, 0x45, 0xE8, 0xBA, 0x00, 0x00, 0x00, 0x12, 0xFF, 0xE4, 0x30,
    0x0D, 0x00, 0x00, 0x12, 0xFF, 0xFF, 0xFF, 0xFF, 0xD3, 0x07, 0x12, 0xFF, 0xF8, 0x87, 0xE4, 0xFF,
    0xA0, 0x12, 0xFF, 0xD7, 0x00, 0x3A, 0xFF, 0xCB, 0x12, 0xFF, 0xD7, 0x00, 0x2D, 0xFF, 0xD3, 0x12,
    0xFF, 0xE4, 0x3F, 0xB6, 0xFF, 0xBB, 0x12, 0xFF, 0xFF, 0xFF, 0xFF, 0xFF, 0x16, 0x12, 0xFF, 0xF8,
    0x73, 0x49, 0x01, 0x00, 0x12, 0xFF, 0xD7, 0x00, 0x00, 0x00, 0x00, 0x00, 0x6A, 0xFF, 0xFF, 0xFF,
    0x4B, 0x00, 0x13, 0xFF, 0xFF, 0xBD, 0xFF, 0xFF, 0x00, 0x4F, 0xFF, 0xA1, 0x15, 0xCA, 0xFF, 0x04,
    0x60, 0xFF, 0xB4, 0xD8, 0xFF, 0x58, 0x01, 0x60, 0xFF, 0xB4, 0xFF, 0xE6, 0x00, 0x00, 0x60, 0xFF,
    0xB4, 0xC6, 0xFF, 0xBC, 0x04, 0x60, 0xFF, 0xB4, 0x12, 0xE3, 0xFF, 0xA7, 0x60, 0xFF, 0xB4, 0x00,
    0x0A, 0xFF, 0xFF, 0x60, 0xFF, 0xA1, 0xC4, 0xA6, 0xFF, 0xE6, 0x60, 0xFF, 0xA0, 0xFF, 0xFF, 0xFA,
    0x3F, 0x00, 0x75, 0xB5, 0x06, 0x00, 0x00, 0x00, 0x00, 0x22, 0xFF, 0xB7, 0x00, 0x00, 0x00, 0x00,
    0x00, 0x3F, 0xFF, 0x42, 0x00, 0x00, 0x00, 0x00, 0x00, 0x00, 0x00, 0x00, 0x00, 0x00, 0xA5, 0xFF,
    0xFF, 0xFF, 0xBB, 0x00, 0x00, 0xB7, 0xA5, 0x94, 0xC3, 0xFF, 0x5E, 0x00, 0xBD, 0xFF, 0xFF, 0xFF,
    0xFF, 0xB1, 0x60, 0xFF, 0xFF, 0x75, 0x9C, 0xFF, 0xBB, 0x99, 0xFF, 0xA3, 0x00, 0x8A, 0xFF, 0xB7,
    0x5D, 0xFF, 0xF0, 0x72, 0xFF, 0xFF, 0xB5, 0x00, 0xAA, 0xFF, 0xFF, 0xA6, 0xFF, 0xB7, 0x00, 0x00,
    0x00, 0x00, 0x91, 0xA0, 0x00, 0x00, 0x00, 0x00, 0x63, 0xFF, 0x58, 0x00, 0x00, 0x00, 0x12, 0xFF,
    0x82, 0x00, 0x00, 0x00, 0x00, 0x00, 0x00, 0x00, 0x00, 0x00, 0x00, 0xA5, 0xFF, 0xFF, 0xFF, 0xBB,
    0x00, 0x00, 0xB7, 0xA5, 0x94, 0xC3, 0xFF, 0x5E, 0x00, 0xBD, 0xFF, 0xFF, 0xFF, 0xFF, 0xB1, 0x60,
    0xFF, 0xFF, 0x75, 0x9C, 0xFF, 0xBB, 0x99, 0xFF, 0xA3, 0x00, 0x8A, 0xFF, 0xB7, 0x5D, 0xFF, 0xF0,
    0x72, 0xFF, 0xFF, 0xB5, 0x00, 0xAA, 0xFF, 0xFF, 0xA6, 0xFF, 0xB7, 0x00, 0x00, 0x2E, 0xA0, 0x58,
    0x00, 0x00, 0x00, 0x00, 0xDE, 0xFF, 0xFF, 0x0D, 0x00, 0x00, 0x70, 0xFF, 0x0C, 0xC3, 0xA3, 0x00,
    0x00, 0x00, 0x00, 0x00, 0x00, 0x00, 0x00, 0x00, 0xA5, 0xFF, 0xFF, 0xFF, 0xBB, 0x00, 0x00, 0xB7,
    0xA5, 0x94, 0xC3, 0xFF, 0x5E, 0x00, 0xBD, 0xFF, 0xFF, 0xFF, 0xFF, 0xB1, 0x60, 0xFF, 0xFF, 0x75,
    0x9C, 0xFF, 0xBB, 0x99, 0xFF, 0xA3, 0x00, 0x8A, 0xFF, 0xB7, 0x5D, 0xFF, 0xF0, 0x72, 0xFF, 0xFF,
    0xB5, 0x00, 0xAA, 0xFF, 0xFF, 0xA6, 0xFF, 0xB7, 0x00, 0x28, 0xFF, 0xC6, 0x84, 0xBC, 0x00, 0x00,
    0x8A, 0xAA, 0xBE, 0xFF, 0x6C, 0x00, 0x00, 0x00, 0x00, 0x00, 0x00, 0x00, 0x00, 0x00, 0xA5, 0xFF,
    0xFF, 0xFF, 0xBB, 0x00, 0x00, 0xB7, 0xA5, 0x94, 0xC3, 0xFF, 0x5E, 0x00, 0xBD, 0xFF, 0xFF, 0xFF,
    0xFF, 0xB1, 0x60, 0xFF, 0xFF, 0x75, 0x9C, 0xFF, 0xBB, 0x99, 0xFF, 0xA3, 0x00, 0x8A, 0xFF, 0xB7,
    0x5D, 0xFF, 0xF0, 0x72, 0xFF, 0xFF, 0xB5, 0x00, 0xAA, 0xFF, 0xFF, 0xA6, 0xFF, 0xB7, 0x00, 0x52,
    0xFF, 0x2E, 0xFF, 0xAC, 0x00, 0x00, 0x25, 0xBE, 0x15, 0xA9, 0x52, 0x00, 0x00, 0x00, 0x00, 0x00,
    0x00, 0x00, 0x00, 0x00, 0xA5, 0xFF, 0xFF, 0xFF, 0xBB, 0x00, 0x00, 0xB7, 0xA5, 0x94, 0xC3, 0xFF,
    0x5E, 0x00, 0xBD, 0xFF, 0xFF, 0xFF, 0xFF, 0xB1, 0x60, 0xFF, 0xFF, 0x75, 0x9C, 0xFF, 0xBB, 0x99,
    0xFF, 0xA3, 0x00, 0x8A, 0xFF, 0xB7, 0x5D, 0xFF, 0xF0, 0x72, 0xFF, 0xFF, 0xB5, 0x00, 0xAA, 0xFF,
    0xFF, 0xA6, 0xFF, 0xB7, 0x00, 0x00, 0xA3, 0xFF, 0xD9, 0x09, 0x00, 0x00, 0x03, 0xFF, 0x22, 0xFB,
    0x55, 0x00, 0x00, 0x00, 0xA7, 0xFF, 0xDA, 0x09, 0x00, 0x00, 0x00, 0x00, 0x00, 0x00, 0x00, 0x00,
    0x00, 0xA5, 0xFF, 0xFF, 0xFF, 0xBB, 0x00, 0x00, 0xB7, 0xA5, 0x94, 0xC3, 0xFF, 0x5E, 0x00, 0xBD,
    0xFF, 0xFF, 0xFF, 0xFF, 0xB1, 0x60, 0xFF, 0xFF, 0x75, 0x9C, 0xFF, 0xBB, 0x99, 0xFF, 0xA3, 0x00,
    0x8A, 0xFF, 0xB7, 0x5D, 0xFF, 0xF0, 0x72, 0xFF, 0xFF, 0xB5, 0x00, 0xAA, 0xFF, 0xFF, 0xA6, 0xFF,
    0xB7, 0x87, 0xFF, 0xFF, 0xBA, 0xFF, 0xFF, 0x69, 0xB4, 0xAB, 0xB7, 0xFF, 0xD5, 0xDD, 0xF2, 0x00,
    0x00, 0x3A, 0xFF, 0x8E, 0x9F, 0xFF, 0x79, 0xFF, 0xFF, 0xFF, 0xFF, 0xFF, 0xFF, 0xFF, 0xDC, 0x8D,
    0xFF, 0xA6, 0x60, 0x5D, 0xFF, 0xE3, 0xAF, 0xFF, 0xFA, 0x7F, 0xA5, 0x7B, 0xFF, 0xFF, 0x78, 0xF0,
    0xFF, 0xC6, 0x00, 0x03, 0xB5, 0xFF, 0xFF, 0xF2, 0x2A, 0x00, 0xA3, 0xFF, 0xFC, 0xA6, 0xF3, 0x54,
    0x00, 0xFF, 0xFF, 0x0F, 0x00, 0x00, 0x0C, 0x00, 0xFF, 0xF1, 0x00, 0x00, 0x00, 0x00, 0x00, 0xFF,
    0xFF, 0x00, 0x00, 0x00, 0x00, 0x00, 0xE3, 0xFF, 0x85, 0x09, 0x60, 0x34, 0x00, 0x4B, 0xFF, 0xFF,
    0xFF, 0xFF, 0x54, 0x00, 0x00, 0x37, 0xA3, 0xFF, 0x8A, 0x07, 0x00, 0x00, 0x10, 0x04, 0xFF, 0x34,
    0x00, 0x00, 0x00, 0x87, 0xFF, 0xFF, 0x15, 0x00, 0x00, 0x4B, 0xA0, 0x28, 0x00, 0x00, 0x00, 0x00,
    0x06, 0xE8, 0xE1, 0x00, 0x00, 0x00, 0x00, 0x00, 0x15, 0xFF, 0x8E, 0x00, 0x00, 0x00, 0x00, 0x00,
    0x00, 0x00, 0x00, 0x00, 0x00, 0x40, 0xEE, 0xFF, 0xFF, 0x90, 0x00, 0x0F, 0xFF, 0xFF, 0xB1, 0xE6,
    0xFF, 0x61, 0x75, 0xFF, 0xAC, 0x18, 0x33, 0xFF, 0xC6, 0x9F, 0xFF, 0xFF, 0xFF, 0xFF, 0xFF, 0xE7,
    0x78, 0xFF, 0xA8, 0x60, 0x60, 0x60, 0x46, 0x12, 0xFF, 0xFF, 0xBA, 0xB1, 0xCD, 0x9F, 0x00, 0x42,
    0xE9, 0xFF, 0xFF, 0xFB, 0x60, 0x00, 0x00, 0x00, 0x00, 0x70, 0xB7, 0x0C, 0x00, 0x00, 0x00, 0x31,
    0xFF, 0x8E, 0x00, 0x00, 0x00, 0x01, 0xED, 0xA2, 0x00, 0x00, 0x00, 0x00, 0x00, 0x00, 0x00, 0x00,
    0x00, 0x00, 0x4C, 0xF6, 0xFF, 0xFF, 0x82, 0x00, 0x18, 0xFF, 0xFF, 0xAE, 0xF0, 0xFF, 0x51, 0x8D,
    0xFF, 0x99, 0x18, 0x46, 0xFF, 0xB4, 0xB7, 0xFF, 0xFF, 0xFF, 0xFF, 0xFF, 0xD3, 0x90, 0xFF, 0xBB,
    0x60, 0x60, 0x60, 0x40, 0x1C, 0xFF, 0xFF, 0xB5, 0xB2, 0xD3, 0x91, 0x00, 0x4B, 0xF0, 0xFF, 0xFF,
    0xF6, 0x55, 0x00, 0x00, 0x0F, 0xBD, 0x79, 0x00, 0x00, 0x00, 0x00, 0xA7, 0xFF, 0xFF, 0x2E, 0x00,
    0x00, 0x37, 0xFF, 0x27, 0xA8, 0xDA, 0x00, 0x00, 0x00, 0x00, 0x00, 0x00, 0x00, 0x00, 0x00, 0x4C,
    0xF6, 0xFF, 0xFF, 0x82, 0x00, 0x18, 0xFF, 0xFF, 0xAE, 0xF0, 0xFF, 0x51, 0x8D, 0xFF, 0x99, 0x18,
    0x46, 0xFF, 0xB4, 0xB7, 0xFF, 0xFF, 0xFF, 0xFF, 0xFF, 0xD3, 0x90, 0xFF, 0xBB, 0x60, 0x60, 0x60,
    0x40, 0x1C, 0xFF, 0xFF, 0xB5, 0xB2, 0xD3, 0x91, 0x00, 0x4B, 0xF0, 0xFF, 0xFF, 0xF6, 0x55, 0x00,
    0x13, 0xFF, 0x70, 0xE9, 0xC1, 0x00, 0x00, 0x07, 0xBD, 0x34, 0x88, 0x70, 0x00, 0x00, 0x00, 0x00,
    0x00, 0x00, 0x00, 0x00, 0x00, 0x4C, 0xF6, 0xFF, 0xFF, 0x82, 0x00, 0x18, 0xFF, 0xFF, 0xAE, 0xF0,
    0xFF, 0x51, 0x8D, 0xFF, 0x99, 0x18, 0x46, 0xFF, 0xB4, 0xB7, 0xFF, 0xFF, 0xFF, 0xFF, 0xFF, 0xD3,
    0x90, 0xFF, 0xBB, 0x60, 0x60, 0x60, 0x40, 0x1C, 0xFF, 0xFF, 0xB5, 0xB2, 0xD3, 0x91, 0x00, 0x4B,
    0xF0, 0xFF, 0xFF, 0xF6, 0x55, 0x00, 0xA0, 0x8E, 0x00, 0x00, 0x00, 0x00, 0x00, 0x58, 0xFF, 0x60,
    0x00, 0x00, 0x00, 0x00, 0x00, 0x84, 0xFF, 0x10, 0x00, 0x00, 0x00, 0x00, 0x00, 0x00, 0x00, 0x00,
    0x00, 0x00, 0xFF, 0xFF, 0xFF, 0x60, 0x00, 0x00, 0x00, 0x84, 0xD5, 0xFF, 0x60, 0x00, 0x00, 0x00,
    0x00, 0xB4, 0xFF, 0x60, 0x00, 0x00, 0x00, 0x00, 0xB4, 0xFF, 0x60, 0x00, 0x00, 0x00, 0x00, 0xA5,
    0xFF, 0x6D, 0x00, 0x00, 0x00, 0x00, 0x69, 0xFF, 0xED, 0x91, 0x60, 0x00, 0x00, 0x01, 0xC4, 0xFF,
    0xFF, 0xD7, 0x00, 0x00, 0x13, 0xBE, 0x60, 0x00, 0x00, 0x00, 0xC0, 0xFF, 0x12, 0x00, 0x00, 0x64,
    0xFF, 0x27, 0x00, 0x00, 0x00, 0x00, 0x00, 0x00, 0x00, 0x00, 0xFF, 0xFF, 0xFF, 0x30, 0x00, 0x00,
    0x84, 0xEE, 0xFF, 0x30, 0x00, 0x00, 0x00, 0xBE, 0xFF, 0x30, 0x00, 0x00, 0x00, 0xBE, 0xFF, 0x30,
    0x00, 0x00, 0x00, 0xB1, 0xFF, 0x3D, 0x00, 0x00, 0x00, 0x99, 0xFF, 0xD7, 0x90, 0x4E, 0x00, 0x10,
    0xDA, 0xFF, 0xFF, 0xAF, 0x00, 0x6D, 0xBE, 0x19, 0x00, 0x00, 0x21, 0xFF, 0xFF, 0xBA, 0x00, 0x00,
    0xC6, 0xA2, 0x19, 0xFF, 0x49, 0x00, 0x00, 0x00, 0x00, 0x00, 0x00, 0x00, 0xFF, 0xFF, 0xFF, 0x48,
    0x00, 0x00, 0x84, 0xE2, 0xFF, 0x48, 0x00, 0x00, 0x00, 0xAA, 0xFF, 0x48, 0x00, 0x00, 0x00, 0xAA,
    0xFF, 0x48, 0x00, 0x00, 0x00, 0xBD, 0xFF, 0x55, 0x00, 0x00, 0x00, 0x81, 0xFF, 0xE2, 0x91, 0x57,
    0x00, 0x07, 0xCF, 0xFF, 0xFF, 0xC3, 0xC8, 0xE6, 0x78, 0xFF, 0x0F, 0x00, 0x73, 0x85, 0x37, 0xBB,
    0x06, 0x00, 0x00, 0x00, 0x00, 0x00, 0x00, 0x00, 0xFF, 0xFF, 0xFF, 0x48, 0x00, 0x00, 0x84, 0xE2,
    0xFF, 0x48, 0x00, 0x00, 0x00, 0xAA, 0xFF, 0x48, 0x00, 0x00, 0x00, 0xAA, 0xFF, 0x48, 0x00, 0x00,
    0x00, 0xBD, 0xFF, 0x55, 0x00, 0x00, 0x00, 0x81, 0xFF, 0xE2, 0x91, 0x57, 0x00, 0x07, 0xCF, 0xFF,
    0xFF, 0xC3, 0x00, 0x00, 0x00, 0x00, 0x00, 0x01, 0x00, 0x00, 0x0F, 0xFF, 0xFB, 0x8D, 0xFF, 0x0D,
    0x00, 0x01, 0xB6, 0xFF, 0xFF, 0x57, 0x00, 0x00, 0xEB, 0xE7, 0xFA, 0xFF, 0x2D, 0x00, 0x00, 0x27,
    0x03, 0x61, 0xFF, 0xE9, 0x00, 0x00, 0x9D, 0xFF, 0xFF, 0xFF, 0xFF, 0x58, 0x3A, 0xFF, 0xFF, 0x87,
    0xB6, 0xFF, 0xAE, 0x8D, 0xFF, 0x7F, 0x00, 0x2E, 0xFF, 0xB1, 0x79, 0xFF, 0x9A, 0x00, 0x58, 0xFF,
    0xAB, 0x19, 0xFF, 0xFF, 0xA2, 0xFF, 0xFF, 0x2B, 0x00, 0x52, 0xF7, 0xFF, 0xFF, 0x6A, 0x00, 0x28,
    0xFF, 0xC6, 0x85, 0xBC, 0x00, 0x88, 0xA7, 0xBD, 0xFF, 0x69, 0x00, 0x00, 0x00, 0x00, 0x00, 0x00,
    0x00, 0xFF, 0xDC, 0xF6, 0xFF, 0xB2, 0x00, 0xFF, 0xFF, 0x9F, 0xF7, 0xFF, 0x33, 0xFF, 0xF6, 0x00,
    0xA9, 0xFF, 0x64, 0xFF, 0xE6, 0x00, 0xA2, 0xFF, 0x6C, 0xFF, 0xE6, 0x00, 0xA2, 0xFF, 0x6C, 0xFF,
    0xE6, 0x00, 0xA2, 0xFF, 0x6C, 0xFF, 0xE6, 0x00, 0xA2, 0xFF, 0x6C, 0x00, 0x79, 0xFF, 0x5E, 0x00,
    0x00, 0x00, 0x00, 0x00, 0x64, 0xFF, 0x34, 0x00, 0x00, 0x00, 0x00, 0x00, 0x00, 0x00, 0x00, 0x00,
    0x00, 0x46, 0xF6, 0xFF, 0xFF, 0x76, 0x00, 0x10, 0xFF, 0xFF, 0xA5, 0xFF, 0xFF, 0x3F, 0x75, 0xFF,
    0xAF, 0x00, 0x58, 0xFF, 0xA3, 0x96, 0xFF, 0x7B, 0x00, 0x22, 0xFF, 0xC5, 0x6A, 0xFF, 0xAF, 0x00,
    0x58, 0xFF, 0xA3, 0x0C, 0xFF, 0xFF, 0xA5, 0xFF, 0xFF, 0x3C, 0x00, 0x43, 0xF2, 0xFF, 0xFF, 0x76,
    0x00, 0x00, 0x00, 0x00, 0x28, 0xFF, 0xA7, 0x00, 0x00, 0x00, 0x0D, 0xFD, 0xAB, 0x00, 0x00, 0x00,
    0x00, 0x00, 0x00, 0x00, 0x00, 0x00, 0x00, 0x46, 0xF6, 0xFF, 0xFF, 0x76, 0x00, 0x10, 0xFF, 0xFF,
    0xA5, 0xFF, 0xFF, 0x3F, 0x75, 0xFF, 0xAF, 0x00, 0x58, 0xFF, 0xA3, 0x96, 0xFF, 0x7B, 0x00, 0x22,
    0xFF, 0xC5, 0x6A, 0xFF, 0xAF, 0x00, 0x58, 0xFF, 0xA3, 0x0C, 0xFF, 0xFF, 0xA5, 0xFF, 0xFF, 0x3C,
    0x00, 0x43, 0xF2, 0xFF, 0xFF, 0x76, 0x00, 0x00, 0x00, 0xB5, 0xFF, 0xD9, 0x00, 0x00, 0x00, 0x58,
    0xFF, 0x5B, 0xED, 0xA6, 0x00, 0x00, 0x00, 0x00, 0x00, 0x00, 0x00, 0x00, 0x00, 0x46, 0xF6, 0xFF,
    0xFF, 0x76, 0x00, 0x10, 0xFF, 0xFF, 0xA5, 0xFF, 0xFF, 0x3F, 0x75, 0xFF, 0xAF, 0x00, 0x58, 0xFF,
    0xA3, 0x96, 0xFF, 0x7B, 0x00, 0x22, 0xFF, 0xC5, 0x6A, 0xFF, 0xAF, 0x00, 0x58, 0xFF, 0xA3, 0x0C,
    0xFF, 0xFF, 0xA5, 0xFF, 0xFF, 0x3C, 0x00, 0x43, 0xF2, 0xFF, 0xFF, 0x76, 0x00, 0x00, 0x2A, 0xFF,
    0xC5, 0x7F, 0xB6, 0x00, 0x00, 0x90, 0xAD, 0xA3, 0xFF, 0x6A, 0x00, 0x00, 0x00, 0x00, 0x00, 0x00,
    0x00, 0x00, 0x00, 0x46, 0xF6, 0xFF, 0xFF, 0x76, 0x00, 0x10, 0xFF, 0xFF, 0xA5, 0xFF, 0xFF, 0x3F,
    0x75, 0xFF, 0xAF, 0x00, 0x58, 0xFF, 0xA3, 0x96, 0xFF, 0x7B, 0x00, 0x22, 0xFF, 0xC5, 0x6A, 0xFF,
    0xAF, 0x00, 0x58, 0xFF, 0xA3, 0x0C, 0xFF, 0xFF, 0xA5, 0xFF, 0xFF, 0x3C, 0x00, 0x43, 0xF2, 0xFF,
    0xFF, 0x76, 0x00, 0x00, 0x54, 0xFF, 0x30, 0xFF, 0xAC, 0x00, 0x00, 0x25, 0xBE, 0x15, 0xA9, 0x52,
    0x00, 0x00, 0x00, 0x00, 0x00, 0x00, 0x00, 0x00, 0x00, 0x46, 0xF6, 0xFF, 0xFF, 0x76, 0x00, 0x10,
    0xFF, 0xFF, 0xA5, 0xFF, 0xFF, 0x3F, 0x75, 0xFF, 0xAF, 0x00, 0x58, 0xFF, 0xA3, 0x96, 0xFF, 0x7B,
    0x00, 0x22, 0xFF, 0xC5, 0x6A, 0xFF, 0xAF, 0x00, 0x58, 0xFF, 0xA3, 0x0C, 0xFF, 0xFF, 0xA5, 0xFF,
    0xFF, 0x3C, 0x00, 0x43, 0xF2, 0xFF, 0xFF, 0x76, 0x00, 0x00, 0x00, 0x5E, 0xFF, 0xA9, 0x00, 0x00,
    0x00, 0x00, 0x6A, 0xFF, 0xBE, 0x00, 0x00, 0x1C, 0x30, 0x30, 0x30, 0x30, 0x30, 0x27, 0xC3, 0xFF,
    0xFF, 0xFF, 0xFF, 0xFF, 0xFF, 0x48, 0x78, 0x78, 0x78, 0x78, 0x78, 0x63, 0x00, 0x00, 0x5D, 0xFF,
    0xA6, 0x00, 0x00, 0x00, 0x00, 0x6C, 0xFF, 0xA0, 0x00, 0x00, 0x00, 0x00, 0x00, 0x00, 0x00, 0x09,
    0x61, 0x00, 0x40, 0xF0, 0xFF, 0xFF, 0xE9, 0xF2, 0x0D, 0xFF, 0xFF, 0xA3, 0xFF, 0xFF, 0x61, 0x6C,
    0xFF, 0xB1, 0x70, 0xFF, 0xFF, 0xA5, 0x96, 0xFF, 0xB8, 0xFF, 0x97, 0xFF, 0xC6, 0x6D, 0xFF, 0xFF,
    0xAC, 0x5A, 0xFF, 0xA5, 0x13, 0xFF, 0xFF, 0xA3, 0xFF, 0xFF, 0x3F, 0xB7, 0xFF, 0xF3, 0xFF, 0xFF,
    0x79, 0x00, 0x46, 0x27, 0x00, 0x00, 0x00, 0x00, 0x00, 0x00, 0x79, 0xFF, 0x5E, 0x00, 0x00, 0x00,
    0x00, 0x00, 0x64, 0xFF, 0x34, 0x00, 0x00, 0x00, 0x00, 0x00, 0x00, 0x00, 0x00, 0x00, 0x18, 0xFF,
    0xD2, 0x00, 0xA0, 0xFF, 0x54, 0x18, 0xFF, 0xD2, 0x00, 0xA0, 0xFF, 0x54, 0x18, 0xFF, 0xD2, 0x00,
    0xA0, 0xFF, 0x54, 0x18, 0xFF, 0xD2, 0x00, 0xA0, 0xFF, 0x54, 0x10, 0xFF, 0xDC, 0x00, 0xB7, 0xFF,
    0x54, 0x00, 0xFF, 0xFF, 0xA3, 0xFF, 0xFF, 0x54, 0x00, 0x90, 0xFF, 0xFF, 0xBE, 0xFF, 0x54, 0x00,
    0x00, 0x00, 0x28, 0xFF, 0xA7, 0x00, 0x00, 0x00, 0x0D, 0xFD, 0xAB, 0x00, 0x00, 0x00, 0x00, 0x00,
    0x00, 0x00, 0x00, 0x00, 0x18, 0xFF, 0xD2, 0x00, 0xA0, 0xFF, 0x54, 0x18, 0xFF, 0xD2, 0x00, 0xA0,
    0xFF, 0x54, 0x18, 0xFF, 0xD2, 0x00, 0xA0, 0xFF, 0x54, 0x18, 0xFF, 0xD2, 0x00, 0xA0, 0xFF, 0x54,
    0x10, 0xFF, 0xDC, 0x00, 0xB7, 0xFF, 0x54, 0x00, 0xFF, 0xFF, 0xA3, 0xFF, 0xFF, 0x54, 0x00, 0x90,
    0xFF, 0xFF, 0xBE, 0xFF, 0x54, 0x00, 0x00, 0xB5, 0xFF, 0xD9, 0x00, 0x00, 0x00, 0x58, 0xFF, 0x28,
    0xDA, 0xA6, 0x00, 0x00, 0x00, 0x00, 0x00, 0x00, 0x00, 0x00, 0x18, 0xFF, 0xD2, 0x00, 0xA0, 0xFF,
    0x54, 0x18, 0xFF, 0xD2, 0x00, 0xA0, 0xFF, 0x54, 0x18, 0xFF, 0xD2, 0x00, 0xA0, 0xFF, 0x54, 0x18,
    0xFF, 0xD2, 0x00, 0xA0, 0xFF, 0x54, 0x10, 0xFF, 0xDC, 0x00, 0xB7, 0xFF, 0x54, 0x00, 0xFF, 0xFF,
    0xA3, 0xFF, 0xFF, 0x54, 0x00, 0x90, 0xFF, 0xFF, 0xBE, 0xFF, 0x54, 0x00, 0x54, 0xFF, 0x30, 0xFF,
    0xAC, 0x00, 0x00, 0x25, 0xBE, 0x15, 0xA9, 0x52, 0x00, 0x00, 0x00, 0x00, 0x00, 0x00, 0x00, 0x00,
    0x18, 0xFF, 0xD2, 0x00, 0xA0, 0xFF, 0x54, 0x18, 0xFF, 0xD2, 0x00, 0xA0, 0xFF, 0x54, 0x18, 0xFF,
    0xD2, 0x00, 0xA0, 0xFF, 0x54, 0x18, 0xFF, 0xD2, 0x00, 0xA0, 0xFF, 0x54, 0x10, 0xFF, 0xDC, 0x00,
    0xB7, 0xFF, 0x54, 0x00, 0xFF, 0xFF, 0xA3, 0xFF, 0xFF, 0x54, 0x00, 0x90, 0xFF, 0xFF, 0xBE, 0xFF,
    0x54, 0x00, 0x00, 0x00, 0x1E, 0xFF, 0xB7, 0x01, 0x00, 0x00, 0x07, 0xF0, 0xA2, 0x00, 0x00, 0x00,
    0x00, 0x00, 0x00, 0x00, 0x00, 0x00, 0xA2, 0xFF, 0x88, 0x00, 0x10, 0xFF, 0xFA, 0x21, 0xFF, 0xD7,
    0x00, 0x78, 0xFF, 0xA9, 0x00, 0xE6, 0xFF, 0x0C, 0xC4, 0xFF, 0x2A, 0x00, 0x8E, 0xFF, 0x76, 0xFF,
    0xF3, 0x00, 0x00, 0x13, 0xFF, 0xFF, 0xFF, 0xA2, 0x00, 0x00, 0x00, 0xD5, 0xFF, 0xFF, 0x24, 0x00,
    0x00, 0x00, 0x7B, 0xFF, 0xEE, 0x00, 0x00, 0x00, 0x00, 0x5A, 0xFF, 0x9C, 0x00, 0x00, 0x19, 0x88,
    0xFA, 0xFF, 0x1C, 0x00, 0x00, 0x4E, 0xFF, 0xFF, 0x91, 0x00, 0x00, 0x00, 0x30, 0xFF, 0xBE, 0x00,
    0x00, 0x00, 0x00, 0x30, 0xFF, 0xBE, 0x00, 0x00, 0x00, 0x00, 0x30, 0xFF, 0xBE, 0x00, 0x00, 0x00,
    0x00, 0x30, 0xFF, 0xD3, 0xF5, 0xFF, 0xB7, 0x03, 0x30, 0xFF, 0xFF, 0xBE, 0xFF, 0xFF, 0x7B, 0x30,
    0xFF, 0xED, 0x00, 0x42, 0xFF, 0xBE, 0x30, 0xFF, 0xC4, 0x00, 0x0F, 0xFF, 0xD7, 0x30, 0xFF, 0xEE,
    0x00, 0x40, 0xFF, 0xBB, 0x30, 0xFF, 0xFF, 0xC3, 0xFF, 0xFF, 0x7E, 0x30, 0xFF, 0xD4, 0xF6, 0xFF,
    0xB6, 0x04, 0x30, 0xFF, 0xBE, 0x00, 0x00, 0x00, 0x00, 0x30, 0xFF, 0xBE, 0x00, 0x00, 0x00, 0x00,
    0x30, 0xFF, 0xBE, 0x00, 0x00, 0x00, 0x00, 0x00, 0x3A, 0xFF, 0x46, 0xFF, 0xBE, 0x00, 0x00, 0x1B,
    0xA0, 0x21, 0x9F, 0x5D, 0x00, 0x00, 0x00, 0x00, 0x00, 0x00, 0x00, 0x00, 0xA2, 0xFF, 0x88, 0x00,
    0x10, 0xFF, 0xFA, 0x21, 0xFF, 0xD7, 0x00, 0x78, 0xFF, 0xA9, 0x00, 0xE6, 0xFF, 0x0C, 0xC4, 0xFF,
    0x2A, 0x00, 0x8E, 0xFF, 0x76, 0xFF, 0xF3, 0x00, 0x00, 0x13, 0xFF, 0xFF, 0xFF, 0xA2, 0x00, 0x00,
    0x00, 0xD5, 0xFF, 0xFF, 0x24, 0x00, 0x00, 0x00, 0x7B, 0xFF, 0xEE, 0x00, 0x00, 0x00, 0x00, 0x5A,
    0xFF, 0x9C, 0x00, 0x00, 0x19, 0x88, 0xFA, 0xFF, 0x1C, 0x00, 0x00, 0x4E, 0xFF, 0xFF, 0x91, 0x00,
    0x00, 0x00, 0x3A, 0xA5, 0xA5, 0xA5, 0x66, 0x72, 0xFF, 0xFF, 0xFF, 0xA5, 0xA0, 0xA0, 0xA0, 0xA0,
    0xA0, 0x7E, 0x2A, 0xFF, 0xFF, 0xFF, 0xFF, 0xFF, 0xCE, 0x54, 0x00, 0xB4, 0xFF, 0x24, 0xFF, 0xB5,
    0xA9, 0xFF, 0x8E, 0xB1, 0xFF, 0x87, 0x00, 0xFF, 0xFF, 0x00, 0xFF, 0xFF, 0x27, 0xFF, 0xA8, 0x82,
    0xFF, 0x1E, 0x00, 0x4E, 0xFF, 0x40, 0x3F, 0xFF, 0x4E, 0x00, 0xDF, 0xFF, 0x01, 0xD0, 0xFF, 0x04,
    0x1F, 0xFF, 0xE9, 0x10, 0xFF, 0xF8, 0x00, 0x28, 0xFF, 0xE2, 0x16, 0xFF, 0xF0, 0x00, 0x00, 0xAF,
    0xFF, 0x6C, 0xA0, 0xFF, 0x7E, 0x00, 0xB4, 0xFF, 0x5E, 0xA5, 0xFF, 0x70, 0x00, 0xF2, 0xFF, 0x03,
    0xE3, 0xFF, 0x09, 0x0C, 0xFF, 0x8E, 0x04, 0xFF, 0xA0, 0x00, 0x36, 0x57, 0x12, 0x5A, 0x24, 0x45,
    0x49, 0xD7, 0xFF, 0x78, 0xFF, 0xBA, 0xFF, 0xFF, 0xD0, 0xFF, 0x6D, 0xFF, 0xB2, 0xFF, 0xFF, 0x00,
    0x00, 0x73, 0xFF, 0xFF, 0xFF, 0x49, 0x00, 0x4E, 0xFF, 0xFF, 0xBA, 0xFF, 0x78, 0x00, 0xC5, 0xFF,
    0x49, 0x00, 0x04, 0x1F, 0xD5, 0xFF, 0xFF, 0xFF, 0xFF, 0x85, 0x00, 0x3C, 0xFF, 0xFF, 0x42, 0x42,
    0x06, 0x00, 0xD4, 0xFF, 0xFF, 0xFF, 0xAE, 0x00, 0x00, 0x37, 0xDE, 0xFF, 0x70, 0x0C, 0x00, 0x13,
    0x00, 0x60, 0xFF, 0xFF, 0xB2, 0xF6, 0x78, 0x00, 0x00, 0x7F, 0xFF, 0xFF, 0xFF, 0x4B, 0x00, 0x0A,
    0x37, 0x00, 0x00, 0x00, 0x00, 0x0A, 0xE6, 0xB7, 0x00, 0x00, 0x00, 0x00, 0xBD, 0xFF, 0xFF, 0xFF,
    0xFF, 0xFF, 0xFF, 0x4E, 0xFF, 0xCB, 0x8A, 0x8A, 0x8A, 0x7E, 0x00, 0x4F, 0xA9, 0x00, 0x00, 0x00,
    0x00, 0x00, 0x0C, 0xA5, 0x2B, 0x00, 0x0C, 0xE7, 0xFF, 0xFF, 0x2B, 0x58, 0xCE, 0xFF, 0xD7, 0xA0,
    0x00, 0x12, 0xFF, 0x66, 0x00, 0x00, 0x12, 0xFF, 0x66, 0x00, 0x00, 0x12, 0xFF, 0x66, 0x00, 0x00,
    0x12, 0xFF, 0x66, 0x00, 0x00, 0x00, 0x00, 0x00, 0x07, 0x3A, 0x00, 0x00, 0x00, 0x00, 0x00, 0x52,
    0xFF, 0x4C, 0xA1, 0xFF, 0xFF, 0xFF, 0xFF, 0xFF, 0xFF, 0x48, 0x8A, 0x8A, 0x8A, 0xA3, 0xFF, 0xAA,
    0x00, 0x00, 0x00, 0x00, 0x3F, 0xBA, 0x00, 0x00, 0x07, 0xAE, 0x2D, 0x00, 0x00, 0x12, 0xFF, 0x66,
    0x00, 0x00, 0x12, 0xFF, 0x66, 0x00, 0x00, 0x12, 0xFF, 0x66, 0x00, 0x09, 0x46, 0xFF, 0x7F, 0x24,
    0x5B, 0xFF, 0xFF, 0xFF, 0xA8, 0x00, 0x7B, 0xFF, 0xAA, 0x00, 0x00, 0x0A, 0x37, 0x00, 0x07, 0x3A,
    0x00, 0x0A, 0xE6, 0xB7, 0x00, 0x52, 0xFF, 0x4C, 0xBD, 0xFF, 0xFF, 0xFF, 0xFF, 0xFF, 0xFF, 0x4E,
    0xFF, 0xCB, 0x8A, 0xA3, 0xFF, 0xAA, 0x00, 0x4F, 0xA9, 0x00, 0x3F, 0xBA, 0x00, 0x00, 0x0C, 0xA5,
    0x2B, 0x00, 0x0C, 0xE7, 0xFF, 0xFF, 0x2B, 0x58, 0xCE, 0xFF, 0xD7, 0xA0, 0x00, 0x12, 0xFF, 0x66,
    0x00, 0x09, 0x46, 0xFF, 0x7F, 0x24, 0x5B, 0xFF, 0xFF, 0xFF, 0xA8, 0x00, 0x7B, 0xFF, 0xAA, 0x00,
    0x00, 0xB8, 0xAA, 0xA2, 0x00, 0x00, 0x00, 0xBE, 0x00, 0xB9, 0x00, 0x00, 0x00, 0xBE, 0x00, 0xB9,
    0x00, 0x00, 0x00, 0xBE, 0x00, 0xB9, 0x00, 0x00, 0x67, 0xEC, 0x00, 0xDF, 0x72, 0x00, 0x39, 0xF0,
    0x1E, 0xE8, 0x49, 0x00, 0x00, 0x2E, 0xE8, 0x40, 0x00, 0x00, 0x00, 0x00, 0x00, 0x00, 0x00, 0x66,
    0x72, 0x00, 0x00, 0x00, 0x00, 0x37, 0xFF, 0x9C, 0x8E, 0xFF, 0xFF, 0xFF, 0xFF, 0xFF, 0xFF, 0x3F,
    0xA2, 0xA2, 0xFF, 0xFF, 0xA3, 0x94, 0x12, 0x30, 0x76, 0xFF, 0xAB, 0x30, 0x2B, 0x96, 0xFF, 0xFF,
    0xFF, 0xFF, 0xFF, 0xFF, 0x27, 0xFF, 0xFF, 0x66, 0x66, 0x66, 0x5D, 0x22, 0xFF, 0x30, 0x00, 0x00,
    0x00, 0x00, 0x00, 0x01, 0x00, 0x00, 0x00, 0x00, 0x00, 0x0F, 0x3C, 0x3C, 0x3C, 0x3C, 0x3C, 0x36,
    0x66, 0xFF, 0xFF, 0xFF, 0xFF, 0xFF, 0xFF, 0x15, 0x54, 0x54, 0x54, 0x54, 0x54, 0x4C, 0x2A, 0xA2,
    0xA2, 0xA2, 0xA2, 0xA2, 0x94, 0x60, 0xFF, 0xFF, 0xFF, 0xFF, 0xFF, 0xFF, 0x00, 0x00, 0x00, 0x00,
    0x00, 0x00, 0x00, 0x60, 0xFF, 0xFF, 0xFF, 0xFF, 0xFF, 0xFF, 0x2A, 0xA2, 0xA2, 0xA2, 0xA2, 0xA2,
    0x94, 0x00, 0x00, 0x00, 0x01, 0x52, 0xAA, 0xF6, 0x06, 0x67, 0xBB, 0xFF, 0xFF, 0xFF, 0xA7, 0x66,
    0xFF, 0xFF, 0xBD, 0x31, 0x00, 0x00, 0x27, 0xBC, 0xFF, 0xFF, 0xFC, 0xA2, 0x54, 0x00, 0x00, 0x01,
    0x57, 0xAD, 0xFF, 0xFF, 0x27, 0x96, 0x96, 0x96, 0x96, 0x96, 0xA3, 0x66, 0xFF, 0xFF, 0xFF, 0xFF,
    0xFF, 0xFF, 0x60, 0xEC, 0xA2, 0x2A, 0x00, 0x00, 0x00, 0x30, 0xD2, 0xFF, 0xFF, 0xFD, 0xB7, 0x3D,
    0x00, 0x00, 0x04, 0x57, 0xD9, 0xFF, 0xFF, 0x0D, 0x7C, 0xC1, 0xFF, 0xFF, 0xFF, 0xAE, 0x66, 0xFF,
    0xF0, 0xA6, 0x2D, 0x00, 0x00, 0x43, 0xB5, 0x96, 0x96, 0x96, 0x96, 0x8A, 0x66, 0xFF, 0xFF, 0xFF,
    0xFF, 0xFF, 0xFF, 0x00, 0x00, 0x33, 0xBC, 0xB4, 0x21, 0x00, 0x00, 0x09, 0xFD, 0x5E, 0x6F, 0xEE,
    0x00, 0x00, 0x43, 0xC1, 0x00, 0x00, 0xDF, 0x1B, 0x00, 0x18, 0xFF, 0x19, 0x2A, 0xFD, 0x01, 0x00,
    0x8D, 0xD8, 0xF3, 0xE8, 0x49, 0x00, 0x00, 0x96, 0x01, 0x00, 0x00, 0x00, 0x00, 0x00, 0x00, 0x00,
    0x00, 0x00, 0xA6, 0xA3, 0x00, 0x00, 0x31, 0x00, 0x00, 0x9C, 0xA2, 0x00, 0xA5, 0xD7, 0x9C, 0x9C,
    0x9C, 0xA2, 0xA8, 0x36, 0x00, 0x00, 0x00, 0x00, 0xA2, 0x1E, 0xB7, 0xAA, 0x9C, 0x9C, 0x9C, 0xA7,
    0x00, 0x22, 0x72, 0x00, 0x00, 0x00, 0x00, 0x1D, 0xFF, 0xFF, 0xFF, 0xFF, 0xFF, 0x6F, 0x05, 0x3C,
    0x3C, 0x3C, 0x3C, 0x3C, 0x13, 0x02, 0x18, 0x18, 0x18, 0x18, 0x18, 0x07, 0x22, 0xFF, 0xFF, 0xFF,
    0xFF, 0xFF, 0x84, 0x20, 0xFF, 0xFF, 0xFF, 0xFF, 0xFF, 0x7C, 0x9F, 0x0D, 0xFF, 0x1E, 0xFF, 0x1E,
    0xFF, 0x1E, 0xFF, 0x1E, 0xFF, 0x1E, 0xFF, 0x1E, 0xFF, 0x1E, 0xFF, 0x1E, 0xFF, 0x1E, 0xFF, 0x1E,
    0xFF, 0x1E, 0xFF, 0x1E, 0xFF, 0x1E, 0xFF, 0x1E, 0x0F, 0x00, 0x13, 0xBA, 0x8D, 0x2A, 0xFF, 0xF5,
    0x2A, 0xFF, 0xF5, 0x2A, 0xFF, 0xF5, 0x2A, 0xFF, 0xF5, 0x2A, 0xFF, 0xF5, 0x2A, 0xFF, 0xF5, 0x2A,
    0xFF, 0xF5, 0x2A, 0xFF, 0xF5, 0x2A, 0xFF, 0xF5, 0x2A, 0xFF, 0xF5, 0x2A, 0xFF, 0xF5, 0x2A, 0xFF,
    0xF5, 0x2A, 0xFF, 0xF5, 0x2A, 0xFF, 0xF5, 0x01, 0x12, 0x0D, 0xAC, 0xFF, 0x60, 0xFF, 0x97, 0xDE,
    0xEC, 0x25, 0x3C, 0x10, 0x3C, 0x1B, 0x31, 0x34, 0x0F, 0x18, 0x06, 0x18, 0x0A, 0x13, 0x15, 0xCD,
    0xFF, 0x72, 0xFF, 0xB4, 0xFF, 0xFF, 0xC3, 0xFF, 0x6C, 0xFF, 0xAB, 0xFC, 0xFF, 0xA7, 0x12, 0xFF,
    0x1E, 0xFF, 0x1E, 0xFF, 0x1E, 0x04, 0x00, 0xFF, 0x1C, 0xFF, 0x1E, 0xFF, 0x1E, 0xB7, 0x13, 0x0F,
    0x00, 0xFF, 0x1E, 0xFF, 0x1E, 0xFF, 0x1E, 0xBE, 0x10, 0x19, 0xC3, 0xB2, 0x2A, 0xFF, 0xF5, 0x2A,
    0xFF, 0xF5, 0x2A, 0xFF, 0xF5, 0x00, 0x06, 0x04, 0x27, 0xFF, 0xE8, 0x2A, 0xFF, 0xF5, 0x2A, 0xFF,
    0xF5, 0x1B, 0xD7, 0xA3, 0x01, 0x12, 0x0D, 0x2A, 0xFF, 0xF5, 0x2A, 0xFF, 0xF5, 0x2A, 0xFF, 0xF5,
    0x18, 0xB9, 0xA9, 0xE7, 0x55, 0xFF, 0x55, 0xF8, 0x79, 0xC5, 0x33, 0x0F, 0x3C, 0x0F, 0x36, 0x16,
    0x2B, 0x13, 0x06, 0x18, 0x06, 0x15, 0x09, 0x10, 0xFF, 0x66, 0xFF, 0x66, 0xFF, 0x90, 0xEB, 0xFF,
    0x60, 0xFF, 0x60, 0xFF, 0x88, 0xDF, 0xA5, 0x0F, 0xFF, 0x1E, 0xFF, 0x1C, 0x24, 0x03, 0xFF, 0x1E,
    0xFF, 0x1E, 0x70, 0x09, 0x9F, 0x0D, 0xFF, 0x1E, 0xFF, 0x1C, 0x24, 0x03, 0xFF, 0x1E, 0xFF, 0x1E,
    0x70, 0x09, 0x15, 0xA0, 0x93, 0x2A, 0xFF, 0xF5, 0x27, 0xFF, 0xE8, 0x04, 0x2A, 0x1F, 0x2A, 0xFF,
    0xF5, 0x2A, 0xFF, 0xF5, 0x0D, 0x84, 0x64, 0x13, 0xBA, 0x8D, 0x2A, 0xFF, 0xF5, 0x27, 0xFF, 0xE8,
    0x04, 0x2A, 0x1F, 0x2A, 0xFF, 0xF5, 0x2A, 0xFF, 0xF5, 0x0D, 0x84, 0x64, 0xF6, 0xFF, 0xED, 0x6F,
    0x94, 0x3F, 0x37, 0x13, 0x72, 0x04, 0x00, 0x00, 0x72, 0x04, 0x00, 0x00, 0x72, 0x04, 0x00, 0x00,
    0x72, 0x04, 0x00, 0x00, 0x72, 0x04, 0x00, 0x00, 0x6B, 0x03, 0x00, 0x00, 0x16, 0x18, 0x16, 0x07,
    0xFF, 0xFF, 0xF0, 0x84, 0xFF, 0xFF, 0xEF, 0x7C, 0x72, 0x04, 0x00, 0x00, 0x72, 0x04, 0x00, 0x00,
    0x72, 0x04, 0x00, 0x00, 0x72, 0x04, 0x00, 0x00, 0x72, 0x04, 0x00, 0x00, 0x72, 0x04, 0x00, 0x00,
    0x19, 0x01, 0x00, 0x00, 0xA7, 0xFF, 0xFF, 0xF0, 0xB5, 0xAA, 0xFF, 0x3C, 0x37, 0x21, 0xAA, 0xF7,
    0x00, 0x00, 0x00, 0xAA, 0xF7, 0x00, 0x00, 0x00, 0xAA, 0xF7, 0x00, 0x00, 0x00, 0xAA, 0xF7, 0x00,
    0x00, 0x00, 0xAA, 0xF7, 0x00, 0x00, 0x00, 0xA7, 0xE1, 0x00, 0x00, 0x00, 0x0F, 0x18, 0x18, 0x16,
    0x0D, 0xAA, 0xFF, 0xFF, 0xF0, 0xB4, 0xAA, 0xFF, 0xFF, 0xEE, 0xAB, 0xAA, 0xF7, 0x00, 0x00, 0x00,
    0xAA, 0xF7, 0x00, 0x00, 0x00, 0xAA, 0xF7, 0x00, 0x00, 0x00, 0xAA, 0xF7, 0x00, 0x00, 0x00, 0xAA,
    0xF7, 0x00, 0x00, 0x00, 0xAA, 0xF7, 0x00, 0x00, 0x00, 0x2E, 0x3A, 0x00, 0x00, 0x00, 0x00, 0x28,
    0xFF, 0xFF, 0xFF, 0xFF, 0x18, 0x00, 0x07, 0x3C, 0x3C, 0x3C, 0xFF, 0x1E, 0x00, 0x00, 0x00, 0x00,
    0x00, 0xFF, 0x1E, 0x00, 0x00, 0x00, 0x00, 0x00, 0xFF, 0x1E, 0x00, 0x00, 0x00, 0x00, 0x00, 0xFF,
    0x1E, 0x00, 0x00, 0x00, 0x00, 0x00, 0xFF, 0x1E, 0x00, 0x00, 0x00, 0x00, 0x00, 0xFF, 0x1E, 0x00,
    0x00, 0x00, 0x00, 0x00, 0xF3, 0x19, 0x00, 0x03, 0x18, 0x18, 0x18, 0x18, 0x01, 0x00, 0x30, 0xFF,
    0xFF, 0xFF, 0xFF, 0x1E, 0x00, 0x2D, 0xFF, 0xFF, 0xFF, 0xFF, 0x1E, 0x00, 0x00, 0x00, 0x00, 0x00,
    0xFF, 0x1E, 0x00, 0x00, 0x00, 0x00, 0x00, 0xFF, 0x1E, 0x00, 0x00, 0x00, 0x00, 0x00, 0xFF, 0x1E,
    0x00, 0x00, 0x00, 0x00, 0x00, 0xFF, 0x1E, 0x00, 0x00, 0x00, 0x00, 0x00, 0xFF, 0x1E, 0x00, 0x00,
    0x00, 0x00, 0x00, 0xFF, 0x1E, 0x00, 0x00, 0x00, 0x00, 0x00, 0x3D, 0x04, 0xF3, 0xFF, 0xFF, 0xFF,
    0xCE, 0x36, 0x3C, 0x5E, 0xFF, 0xF5, 0x00, 0x00, 0x2A, 0xFF, 0xF5, 0x00, 0x00, 0x2A, 0xFF, 0xF5,
    0x00, 0x00, 0x2A, 0xFF, 0xF5, 0x00, 0x00, 0x2A, 0xFF, 0xF5, 0x00, 0x00, 0x2A, 0xFF, 0xF5, 0x00,
    0x00, 0x24, 0xFF, 0xD9, 0x15, 0x18, 0x18, 0x18, 0x12, 0xFF, 0xFF, 0xFF, 0xFF, 0xF5, 0xFF, 0xFF,
    0xFF, 0xFF, 0xF5, 0x00, 0x00, 0x2A, 0xFF, 0xF5, 0x00, 0x00, 0x2A, 0xFF, 0xF5, 0x00, 0x00, 0x2A,
    0xFF, 0xF5, 0x00, 0x00, 0x2A, 0xFF, 0xF5, 0x00, 0x00, 0x2A, 0xFF, 0xF5, 0x00, 0x00, 0x2A, 0xFF,
    0xF5, 0x00, 0x00, 0x07, 0x48, 0x36, 0x4D, 0x02, 0x00, 0x00, 0x72, 0x04, 0x00, 0x00, 0x72, 0x04,
    0x00, 0x00, 0x72, 0x04, 0x00, 0x00, 0x72, 0x04, 0x00, 0x00, 0x72, 0x04, 0x00, 0x00, 0x72, 0x04,
    0x00, 0x00, 0xFF, 0xFF, 0xED, 0x6F, 0x39, 0x3C, 0x37, 0x13, 0x30, 0x01, 0x00, 0x00, 0x72, 0x04,
    0x00, 0x00, 0x72, 0x04, 0x00, 0x00, 0x72, 0x04, 0x00, 0x00, 0x72, 0x04, 0x00, 0x00, 0x72, 0x04,
    0x00, 0x00, 0x80, 0x1B, 0x16, 0x07, 0xFF, 0xFF, 0xF0, 0x84, 0xFF, 0xFF, 0xEF, 0x7C, 0x85, 0xBF,
    0x00, 0x00, 0x00, 0xAA, 0xF7, 0x00, 0x00, 0x00, 0xAA, 0xF7, 0x00, 0x00, 0x00, 0xAA, 0xF7, 0x00,
    0x00, 0x00, 0xAA, 0xF7, 0x00, 0x00, 0x00, 0xAA, 0xF7, 0x00, 0x00, 0x00, 0xAA, 0xF7, 0x00, 0x00,
    0x00, 0xAA, 0xFF, 0xFF, 0xF0, 0xB5, 0x26, 0x3C, 0x3C, 0x37, 0x21, 0x54, 0x6A, 0x00, 0x00, 0x00,
    0xAA, 0xF7, 0x00, 0x00, 0x00, 0xAA, 0xF7, 0x00, 0x00, 0x00, 0xAA, 0xF7, 0x00, 0x00, 0x00, 0xAA,
    0xF7, 0x00, 0x00, 0x00, 0xAA, 0xF7, 0x00, 0x00, 0x00, 0xAA, 0xF9, 0x18, 0x16, 0x0D, 0xAA, 0xFF,
    0xFF, 0xF0, 0xB4, 0xA9, 0xFF, 0xFF, 0xEE, 0xAB, 0x00, 0x00, 0x00, 0x00, 0x00, 0xAF, 0x12, 0x00,
    0x00, 0x00, 0x00, 0x00, 0xFF, 0x1E, 0x00, 0x00, 0x00, 0x00, 0x00, 0xFF, 0x1E, 0x00, 0x00, 0x00,
    0x00, 0x00, 0xFF, 0x1E, 0x00, 0x00, 0x00, 0x00, 0x00, 0xFF, 0x1E, 0x00, 0x00, 0x00, 0x00, 0x00,
    0xFF, 0x1E, 0x00, 0x00, 0x00, 0x00, 0x00, 0xFF, 0x1E, 0x00, 0x28, 0xFF, 0xFF, 0xFF, 0xFF, 0x1E,
    0x00, 0x07, 0x3C, 0x3C, 0x3C, 0x3C, 0x04, 0x00, 0x00, 0x00, 0x00, 0x00, 0x70, 0x09, 0x00, 0x00,
    0x00, 0x00, 0x00, 0xFF, 0x1E, 0x00, 0x00, 0x00, 0x00, 0x00, 0xFF, 0x1E, 0x00, 0x00, 0x00, 0x00,
    0x00, 0xFF, 0x1E, 0x00, 0x00, 0x00, 0x00, 0x00, 0xFF, 0x1E, 0x00, 0x00, 0x00, 0x00, 0x00, 0xFF,
    0x1E, 0x00, 0x03, 0x18, 0x18, 0x18, 0xFF, 0x1E, 0x00, 0x30, 0xFF, 0xFF, 0xFF, 0xFF, 0x1E, 0x00,
    0x2D, 0xFF, 0xFF, 0xFF, 0xFF, 0x1C, 0x00, 0x00, 0x19, 0xCD, 0xBB, 0x00, 0x00, 0x2A, 0xFF, 0xF5,
    0x00, 0x00, 0x2A, 0xFF, 0xF5, 0x00, 0x00, 0x2A, 0xFF, 0xF5, 0x00, 0x00, 0x2A, 0xFF, 0xF5, 0x00,
    0x00, 0x2A, 0xFF, 0xF5, 0x00, 0x00, 0x2A, 0xFF, 0xF5, 0xF3, 0xFF, 0xFF, 0xFF, 0xF5, 0x36, 0x3C,
    0x3C, 0x3C, 0x2D, 0x00, 0x00, 0x0D, 0x84, 0x64, 0x00, 0x00, 0x2A, 0xFF, 0xF5, 0x00, 0x00, 0x2A,
    0xFF, 0xF5, 0x00, 0x00, 0x2A, 0xFF, 0xF5, 0x00, 0x00, 0x2A, 0xFF, 0xF5, 0x00, 0x00, 0x2A, 0xFF,
    0xF5, 0x15, 0x18, 0x3F, 0xFF, 0xF5, 0xFF, 0xFF, 0xFF, 0xFF, 0xF5, 0xFF, 0xFF, 0xFF, 0xFF, 0xE8,
    0x44, 0x02, 0x00, 0x00, 0x72, 0x04, 0x00, 0x00, 0x72, 0x04, 0x00, 0x00, 0x72, 0x04, 0x00, 0x00,
    0x72, 0x04, 0x00, 0x00, 0x72, 0x04, 0x00, 0x00, 0x72, 0x04, 0x00, 0x00, 0xEE, 0xDD, 0xCC, 0x5A,
    0xB7, 0x7A, 0x6E, 0x28, 0x72, 0x04, 0x00, 0x00, 0x72, 0x04, 0x00, 0x00, 0x72, 0x04, 0x00, 0x00,
    0x72, 0x04, 0x00, 0x00, 0x72, 0x04, 0x00, 0x00, 0x72, 0x04, 0x00, 0x00, 0x06, 0x00, 0x00, 0x00,
    0x44, 0x02, 0x00, 0x00, 0x72, 0x04, 0x00, 0x00, 0x72, 0x04, 0x00, 0x00, 0x72, 0x04, 0x00, 0x00,
    0x72, 0x04, 0x00, 0x00, 0x72, 0x04, 0x00, 0x00, 0x9C, 0x4B, 0x42, 0x18, 0xFF, 0xFF, 0xF0, 0x84,
    0xFF, 0xFF, 0xED, 0x6C, 0x72, 0x04, 0x00, 0x00, 0x72, 0x04, 0x00, 0x00, 0x72, 0x04, 0x00, 0x00,
    0x72, 0x04, 0x00, 0x00, 0x72, 0x04, 0x00, 0x00, 0x72, 0x04, 0x00, 0x00, 0x06, 0x00, 0x00, 0x00,
    0x85, 0xBF, 0x00, 0x00, 0x00, 0xAA, 0xF7, 0x00, 0x00, 0x00, 0xAA, 0xF7, 0x00, 0x00, 0x00, 0xAA,
    0xF7, 0x00, 0x00, 0x00, 0xAA, 0xF7, 0x00, 0x00, 0x00, 0xAA, 0xF7, 0x00, 0x00, 0x00, 0xAA, 0xF7,
    0x00, 0x00, 0x00, 0xAA, 0xFF, 0xFF, 0xF0, 0xB5, 0x88, 0xA9, 0x3C, 0x37, 0x21, 0x7B, 0x84, 0x00,
    0x00, 0x00, 0x7B, 0x84, 0x00, 0x00, 0x00, 0x7B, 0x84, 0x00, 0x00, 0x00, 0x7B, 0x84, 0x00, 0x00,
    0x00, 0x7B, 0x84, 0x00, 0x00, 0x00, 0x6D, 0x74, 0x00, 0x00, 0x00, 0x47, 0x43, 0x00, 0x00, 0x00,
    0x7B, 0x84, 0x00, 0x00, 0x00, 0x7B, 0x84, 0x00, 0x00, 0x00, 0x7B, 0x84, 0x00, 0x00, 0x00, 0x7B,
    0x84, 0x00, 0x00, 0x00, 0x7B, 0x84, 0x00, 0x00, 0x00, 0x7B, 0x84, 0x00, 0x00, 0x00, 0xA4, 0xF9,
    0xDC, 0xCE, 0x94, 0xAA, 0xFF, 0x78, 0x6D, 0x43, 0xAA, 0xF7, 0x00, 0x00, 0x00, 0xAA, 0xF7, 0x00,
    0x00, 0x00, 0xAA, 0xF7, 0x00, 0x00, 0x00, 0xAA, 0xF7, 0x00, 0x00, 0x00, 0xAA, 0xF7, 0x00, 0x00,
    0x00, 0xAA, 0xF7, 0x00, 0x00, 0x00, 0x0B, 0x0E, 0x00, 0x00, 0x00, 0x77, 0x96, 0x00, 0x00, 0x00,
    0xAA, 0xF7, 0x00, 0x00, 0x00, 0xAA, 0xF7, 0x00, 0x00, 0x00, 0xAA, 0xF7, 0x00, 0x00, 0x00, 0xAA,
    0xF7, 0x00, 0x00, 0x00, 0xAA, 0xF7, 0x00, 0x00, 0x00, 0xAA, 0xF7, 0x00, 0x00, 0x00, 0xAA, 0xFF,
    0xDC, 0xCE, 0x94, 0xAA, 0xFF, 0x78, 0x6D, 0x43, 0xAA, 0xF7, 0x00, 0x00, 0x00, 0xAA, 0xF7, 0x00,
    0x00, 0x00, 0xAA, 0xF7, 0x00, 0x00, 0x00, 0xAA, 0xF7, 0x00, 0x00, 0x00, 0xAA, 0xF7, 0x00, 0x00,
    0x00, 0xAA, 0xF7, 0x00, 0x00, 0x00, 0x0B, 0x0E, 0x00, 0x00, 0x00, 0x54, 0x6A, 0x00, 0x00, 0x00,
    0xAA, 0xF7, 0x00, 0x00, 0x00, 0xAA, 0xF7, 0x00, 0x00, 0x00, 0xAA, 0xF7, 0x00, 0x00, 0x00, 0xAA,
    0xF7, 0x00, 0x00, 0x00, 0xAA, 0xF7, 0x00, 0x00, 0x00, 0xAA, 0xF9, 0x18, 0x16, 0x0D, 0xAA, 0xFF,
    0xFF, 0xF0, 0xB4, 0xA9, 0xFF, 0xFF, 0xEE, 0xAB, 0x7B, 0x84, 0x00, 0x00, 0x00, 0x7B, 0x84, 0x00,
    0x00, 0x00, 0x7B, 0x84, 0x00, 0x00, 0x00, 0x7B, 0x84, 0x00, 0x00, 0x00, 0x7B, 0x84, 0x00, 0x00,
    0x00, 0x7B, 0x84, 0x00, 0x00, 0x00, 0x1B, 0x1A, 0x00, 0x00, 0x00, 0x3E, 0x3B, 0x00, 0x00, 0x00,
    0x7B, 0x84, 0x00, 0x00, 0x00, 0x7B, 0x84, 0x00, 0x00, 0x00, 0x7B, 0x84, 0x00, 0x00, 0x00, 0x7B,
    0x84, 0x00, 0x00, 0x00, 0x7B, 0x84, 0x00, 0x00, 0x00, 0x86, 0xA5, 0x36, 0x31, 0x1E, 0xAA, 0xFF,
    0xFF, 0xF0, 0xB4, 0xAA, 0xFF, 0xFF, 0xF2, 0xBD, 0xAA, 0xF7, 0x00, 0x00, 0x00, 0xAA, 0xF7, 0x00,
    0x00, 0x00, 0xAA, 0xF7, 0x00, 0x00, 0x00, 0xAA, 0xF7, 0x00, 0x00, 0x00, 0xAA, 0xF7, 0x00, 0x00,
    0x00, 0xAA, 0xF7, 0x00, 0x00, 0x00, 0x1B, 0x21, 0x00, 0x00, 0x00, 0x77, 0x96, 0x00, 0x00, 0x00,
    0xAA, 0xF7, 0x00, 0x00, 0x00, 0xAA, 0xF7, 0x00, 0x00, 0x00, 0xAA, 0xF7, 0x00, 0x00, 0x00, 0xAA,
    0xF7, 0x00, 0x00, 0x00, 0xAA, 0xF7, 0x00, 0x00, 0x00, 0xAA, 0xFF, 0x48, 0x42, 0x28, 0xAA, 0xFF,
    0xFF, 0xF0, 0xB4, 0xAA, 0xFF, 0xFF, 0xF0, 0xB2, 0xAA, 0xF7, 0x00, 0x00, 0x00, 0xAA, 0xF7, 0x00,
    0x00, 0x00, 0xAA, 0xF7, 0x00, 0x00, 0x00, 0xAA, 0xF7, 0x00, 0x00, 0x00, 0xAA, 0xF7, 0x00, 0x00,
    0x00, 0xAA, 0xF7, 0x00, 0x00, 0x00, 0x0B, 0x0E, 0x00, 0x00, 0x00, 0x00, 0x00, 0x00, 0x00, 0x00,
    0x9F, 0x0D, 0x00, 0x00, 0x00, 0x00, 0x00, 0xFF, 0x1E, 0x00, 0x00, 0x00, 0x00, 0x00, 0xFF, 0x1E,
    0x00, 0x00, 0x00, 0x00, 0x00, 0xFF, 0x1E, 0x00, 0x00, 0x00, 0x00, 0x00, 0xFF, 0x1E, 0x00, 0x00,
    0x00, 0x00, 0x00, 0xFF, 0x1E, 0x00, 0x00, 0x00, 0x00, 0x00, 0xFF, 0x1E, 0x00, 0x21, 0xDC, 0xDC,
    0xDC, 0xFF, 0x1E, 0x00, 0x0F, 0x78, 0x78, 0x78, 0xFF, 0x1E, 0x00, 0x00, 0x00, 0x00, 0x00, 0xFF,
    0x1E, 0x00, 0x00, 0x00, 0x00, 0x00, 0xFF, 0x1E, 0x00, 0x00, 0x00, 0x00, 0x00, 0xFF, 0x1E, 0x00,
    0x00, 0x00, 0x00, 0x00, 0xFF, 0x1E, 0x00, 0x00, 0x00, 0x00, 0x00, 0xFF, 0x1E, 0x00, 0x00, 0x00,
    0x00, 0x00, 0xFF, 0x1E, 0x00, 0x00, 0x00, 0x00, 0x00, 0x0F, 0x00, 0x00, 0x00, 0x00, 0x00, 0x00,
    0x9F, 0x0D, 0x00, 0x00, 0x00, 0x00, 0x00, 0xFF, 0x1E, 0x00, 0x00, 0x00, 0x00, 0x00, 0xFF, 0x1E,
    0x00, 0x00, 0x00, 0x00, 0x00, 0xFF, 0x1E, 0x00, 0x00, 0x00, 0x00, 0x00, 0xFF, 0x1E, 0x00, 0x00,
    0x00, 0x00, 0x00, 0xFF, 0x1E, 0x00, 0x09, 0x48, 0x48, 0x48, 0xFF, 0x1E, 0x00, 0x30, 0xFF, 0xFF,
    0xFF, 0xFF, 0x1E, 0x00, 0x27, 0xFF, 0xFF, 0xFF, 0xFF, 0x1E, 0x00, 0x00, 0x00, 0x00, 0x00, 0xFF,
    0x1E, 0x00, 0x00, 0x00, 0x00, 0x00, 0xFF, 0x1E, 0x00, 0x00, 0x00, 0x00, 0x00, 0xFF, 0x1E, 0x00,
    0x00, 0x00, 0x00, 0x00, 0xFF, 0x1E, 0x00, 0x00, 0x00, 0x00, 0x00, 0xFF, 0x1E, 0x00, 0x00, 0x00,
    0x00, 0x00, 0xFF, 0x1E, 0x00, 0x00, 0x00, 0x00, 0x00, 0x0F, 0x00, 0x00, 0x00, 0x19, 0xCD, 0xBB,
    0x00, 0x00, 0x2A, 0xFF, 0xF5, 0x00, 0x00, 0x2A, 0xFF, 0xF5, 0x00, 0x00, 0x2A, 0xFF, 0xF5, 0x00,
    0x00, 0x2A, 0xFF, 0xF5, 0x00, 0x00, 0x2A, 0xFF, 0xF5, 0x00, 0x00, 0x2A, 0xFF, 0xF5, 0xF3, 0xFF,
    0xFF, 0xFF, 0xF5, 0x36, 0x3C, 0x3C, 0xDE, 0x8D, 0x00, 0x00, 0x00, 0xCD, 0x72, 0x00, 0x00, 0x00,
    0xCD, 0x72, 0x00, 0x00, 0x00, 0xCD, 0x72, 0x00, 0x00, 0x00, 0xCD, 0x72, 0x00, 0x00, 0x00, 0xCD,
    0x72, 0x00, 0x00, 0x00, 0xB6, 0x64, 0x00, 0x00, 0x00, 0x9D, 0x48, 0x00, 0x00, 0x00, 0xCD, 0x72,
    0x00, 0x00, 0x00, 0xCD, 0x72, 0x00, 0x00, 0x00, 0xCD, 0x72, 0x00, 0x00, 0x00, 0xCD, 0x72, 0x00,
    0x00, 0x00, 0xCD, 0x72, 0x00, 0x00, 0x00, 0xCD, 0x72, 0xF3, 0xFF, 0xFF, 0xFF, 0xDD, 0x36, 0x3C,
    0x5E, 0xFF, 0xF5, 0x00, 0x00, 0x2A, 0xFF, 0xF5, 0x00, 0x00, 0x2A, 0xFF, 0xF5, 0x00, 0x00, 0x2A,
    0xFF, 0xF5, 0x00, 0x00, 0x2A, 0xFF, 0xF5, 0x00, 0x00, 0x2A, 0xFF, 0xF5, 0x00, 0x00, 0x24, 0xFF,
    0xD9, 0x00, 0x00, 0x13, 0xBA, 0x8D, 0x00, 0x00, 0x2A, 0xFF, 0xF5, 0x00, 0x00, 0x2A, 0xFF, 0xF5,
    0x00, 0x00, 0x2A, 0xFF, 0xF5, 0x00, 0x00, 0x2A, 0xFF, 0xF5, 0x00, 0x00, 0x2A, 0xFF, 0xF5, 0x00,
    0x00, 0x2A, 0xFF, 0xF5, 0xC6, 0xDC, 0xE6, 0xFF, 0xF5, 0x6C, 0x78, 0x94, 0xFF, 0xF5, 0x00, 0x00,
    0x2A, 0xFF, 0xF5, 0x00, 0x00, 0x2A, 0xFF, 0xF5, 0x00, 0x00, 0x2A, 0xFF, 0xF5, 0x00, 0x00, 0x2A,
    0xFF, 0xF5, 0x00, 0x00, 0x2A, 0xFF, 0xF5, 0x00, 0x00, 0x2A, 0xFF, 0xF5, 0x00, 0x00, 0x01, 0x12,
    0x0D, 0x00, 0x00, 0x0D, 0x84, 0x64, 0x00, 0x00, 0x2A, 0xFF, 0xF5, 0x00, 0x00, 0x2A, 0xFF, 0xF5,
    0x00, 0x00, 0x2A, 0xFF, 0xF5, 0x00, 0x00, 0x2A, 0xFF, 0xF5, 0x00, 0x00, 0x2A, 0xFF, 0xF5, 0x15,
    0x18, 0x3F, 0xFF, 0xF5, 0xFF, 0xFF, 0xFF, 0xFF, 0xF5, 0xFF, 0xFF, 0xFF, 0xFF, 0xED, 0x00, 0x00,
    0x00, 0xCD, 0x72, 0x00, 0x00, 0x00, 0xCD, 0x72, 0x00, 0x00, 0x00, 0xCD, 0x72, 0x00, 0x00, 0x00,
    0xCD, 0x72, 0x00, 0x00, 0x00, 0xCD, 0x72, 0x00, 0x00, 0x00, 0xCD, 0x72, 0x00, 0x00, 0x00, 0x2D,
    0x15, 0x00, 0x00, 0x00, 0x54, 0x27, 0x00, 0x00, 0x00, 0xCD, 0x72, 0x00, 0x00, 0x00, 0xCD, 0x72,
    0x00, 0x00, 0x00, 0xCD, 0x72, 0x00, 0x00, 0x00, 0xCD, 0x72, 0x00, 0x00, 0x00, 0xCD, 0x72, 0x15,
    0x18, 0x18, 0xD3, 0x7C, 0xFF, 0xFF, 0xFF, 0xFF, 0xF5, 0xFF, 0xFF, 0xFF, 0xFF, 0xF5, 0x00, 0x00,
    0x2A, 0xFF, 0xF5, 0x00, 0x00, 0x2A, 0xFF, 0xF5, 0x00, 0x00, 0x2A, 0xFF, 0xF5, 0x00, 0x00, 0x2A,
    0xFF, 0xF5, 0x00, 0x00, 0x2A, 0xFF, 0xF5, 0x00, 0x00, 0x2A, 0xFF, 0xF5, 0x00, 0x00, 0x07, 0x48,
    0x36, 0x00, 0x00, 0x13, 0xBA, 0x8D, 0x00, 0x00, 0x2A, 0xFF, 0xF5, 0x00, 0x00, 0x2A, 0xFF, 0xF5,
    0x00, 0x00, 0x2A, 0xFF, 0xF5, 0x00, 0x00, 0x2A, 0xFF, 0xF5, 0x00, 0x00, 0x2A, 0xFF, 0xF5, 0x40,
    0x48, 0x69, 0xFF, 0xF5, 0xFF, 0xFF, 0xFF, 0xFF, 0xF5, 0xF0, 0xFF, 0xFF, 0xFF, 0xF5, 0x00, 0x00,
    0x2A, 0xFF, 0xF5, 0x00, 0x00, 0x2A, 0xFF, 0xF5, 0x00, 0x00, 0x2A, 0xFF, 0xF5, 0x00, 0x00, 0x2A,
    0xFF, 0xF5, 0x00, 0x00, 0x2A, 0xFF, 0xF5, 0x00, 0x00, 0x2A, 0xFF, 0xF5, 0x00, 0x00, 0x01, 0x12,
    0x0D, 0x1D, 0xFF, 0xFF, 0xFF, 0xFF, 0xFF, 0x6F, 0x05, 0x3C, 0x3C, 0xFF, 0x4A, 0x3C, 0x13, 0x00,
    0x00, 0x00, 0xFF, 0x11, 0x00, 0x00, 0x00, 0x00, 0x00, 0xFF, 0x11, 0x00, 0x00, 0x00, 0x00, 0x00,
    0xFF, 0x11, 0x00, 0x00, 0x00, 0x00, 0x00, 0xFF, 0x11, 0x00, 0x00, 0x00, 0x00, 0x00, 0xFF, 0x11,
    0x00, 0x00, 0x00, 0x00, 0x00, 0xF3, 0x0E, 0x00, 0x00, 0x02, 0x18, 0x18, 0x18, 0x01, 0x00, 0x00,
    0x22, 0xFF, 0xFF, 0xFF, 0xBA, 0xB4, 0x49, 0x20, 0xFF, 0xFF, 0xFF, 0xB7, 0xAE, 0x3A, 0x00, 0x00,
    0x00, 0xFF, 0x11, 0x00, 0x00, 0x00, 0x00, 0x00, 0xFF, 0x11, 0x00, 0x00, 0x00, 0x00, 0x00, 0xFF,
    0x11, 0x00, 0x00, 0x00, 0x00, 0x00, 0xFF, 0x11, 0x00, 0x00, 0x00, 0x00, 0x00, 0xFF, 0x11, 0x00,
    0x00, 0x00, 0x00, 0x00, 0xFF, 0x11, 0x00, 0x00, 0x00, 0x00, 0x00, 0x3D, 0x02, 0x00, 0x00, 0x00,
    0x00, 0x00, 0x15, 0x18, 0x18, 0x06, 0x1D, 0xB4, 0xB4, 0xFF, 0xFF, 0xFF, 0x6C, 0x16, 0xAE, 0xAE,
    0xFF, 0xFF, 0xFF, 0x66, 0x00, 0x00, 0x00, 0xFF, 0x03, 0x00, 0x00, 0x00, 0x00, 0x00, 0xFF, 0x03,
    0x00, 0x00, 0x00, 0x00, 0x00, 0xFF, 0x03, 0x00, 0x00, 0x00, 0x00, 0x00, 0xFF, 0x03, 0x00, 0x00,
    0x00, 0x00, 0x00, 0xFF, 0x03, 0x00, 0x00, 0x00, 0x00, 0x00, 0xFF, 0x03, 0x00, 0x00, 0x00, 0x00,
    0x00, 0x42, 0x00, 0x00, 0x00, 0x02, 0x18, 0x18, 0x18, 0x18, 0x18, 0x07, 0x22, 0xFF, 0xFF, 0xFF,
    0xFF, 0xFF, 0x84, 0x20, 0xFF, 0xFF, 0xFF, 0xFF, 0xFF, 0x7C, 0x00, 0x00, 0x00, 0xFF, 0x11, 0x00,
    0x00, 0x00, 0x00, 0x00, 0xFF, 0x11, 0x00, 0x00, 0x00, 0x00, 0x00, 0xFF, 0x11, 0x00, 0x00, 0x00,
    0x00, 0x00, 0xFF, 0x11, 0x00, 0x00, 0x00, 0x00, 0x00, 0xFF, 0x11, 0x00, 0x00, 0x00, 0x00, 0x00,
    0xFF, 0x11, 0x00, 0x00, 0x00, 0x00, 0x00, 0x3D, 0x02, 0x00, 0x00, 0xFA, 0xFF, 0xFF, 0xFF, 0xFF,
    0xEA, 0xB5, 0x39, 0x54, 0xE8, 0xFF, 0x3C, 0x34, 0x21, 0x00, 0x1E, 0xE1, 0xF5, 0x00, 0x00, 0x00,
    0x00, 0x1E, 0xE1, 0xF5, 0x00, 0x00, 0x00, 0x00, 0x1E, 0xE1, 0xF5, 0x00, 0x00, 0x00, 0x00, 0x1E,
    0xE1, 0xF5, 0x00, 0x00, 0x00, 0x00, 0x1E, 0xE1, 0xF5, 0x00, 0x00, 0x00, 0x00, 0x1A, 0xE0, 0xD9,
    0x00, 0x00, 0x00, 0x17, 0x18, 0x18, 0x12, 0x00, 0x00, 0x00, 0xFF, 0xFF, 0xFF, 0xFF, 0xB4, 0xA3,
    0x79, 0xFF, 0xFF, 0xFF, 0xFF, 0xAE, 0x98, 0x61, 0x00, 0x1E, 0xE1, 0xF5, 0x00, 0x00, 0x00, 0x00,
    0x1E, 0xE1, 0xF5, 0x00, 0x00, 0x00, 0x00, 0x1E, 0xE1, 0xF5, 0x00, 0x00, 0x00, 0x00, 0x1E, 0xE1,
    0xF5, 0x00, 0x00, 0x00, 0x00, 0x1E, 0xE1, 0xF5, 0x00, 0x00, 0x00, 0x00, 0x1E, 0xE1, 0xF5, 0x00,
    0x00, 0x00, 0x00, 0x05, 0x3F, 0x36, 0x00, 0x00, 0x00, 0x00, 0x01, 0x15, 0x18, 0x18, 0x15, 0x0D,
    0xAC, 0xBF, 0xF6, 0xFF, 0xFF, 0xEA, 0xB4, 0xA7, 0xA6, 0xF2, 0xFF, 0xFF, 0xE7, 0xAB, 0x00, 0x1E,
    0xE1, 0xF5, 0x00, 0x00, 0x00, 0x00, 0x1E, 0xE1, 0xF5, 0x00, 0x00, 0x00, 0x00, 0x1E, 0xE1, 0xF5,
    0x00, 0x00, 0x00, 0x00, 0x1E, 0xE1, 0xF5, 0x00, 0x00, 0x00, 0x00, 0x1E, 0xE1, 0xF5, 0x00, 0x00,
    0x00, 0x00, 0x1E, 0xE1, 0xF5, 0x00, 0x00, 0x00, 0x00, 0x05, 0x3F, 0x36, 0x00, 0x00, 0x00, 0x17,
    0x18, 0x18, 0x18, 0x18, 0x15, 0x0D, 0xFF, 0xFF, 0xFF, 0xFF, 0xFF, 0xEA, 0xB4, 0xFF, 0xFF, 0xFF,
    0xFF, 0xFF, 0xE7, 0xAB, 0x00, 0x1E, 0xE1, 0xF5, 0x00, 0x00, 0x00, 0x00, 0x1E, 0xE1, 0xF5, 0x00,
    0x00, 0x00, 0x00, 0x1E, 0xE1, 0xF5, 0x00, 0x00, 0x00, 0x00, 0x1E, 0xE1, 0xF5, 0x00, 0x00, 0x00,
    0x00, 0x1E, 0xE1, 0xF5, 0x00, 0x00, 0x00, 0x00, 0x1E, 0xE1, 0xF5, 0x00, 0x00, 0x00, 0x00, 0x05,
    0x3F, 0x36, 0x00, 0x00, 0x00, 0x00, 0x00, 0x00, 0xAF, 0x0A, 0x00, 0x00, 0x00, 0x00, 0x00, 0xFF,
    0x11, 0x00, 0x00, 0x00, 0x00, 0x00, 0xFF, 0x11, 0x00, 0x00, 0x00, 0x00, 0x00, 0xFF, 0x11, 0x00,
    0x00, 0x00, 0x00, 0x00, 0xFF, 0x11, 0x00, 0x00, 0x00, 0x00, 0x00, 0xFF, 0x11, 0x00, 0x00, 0x00,
    0x00, 0x00, 0xFF, 0x11, 0x00, 0x00, 0x1D, 0xFF, 0xFF, 0xFF, 0xFF, 0xFF, 0x6F, 0x05, 0x3C, 0x3C,
    0x3C, 0x3C, 0x3C, 0x13, 0x00, 0x00, 0x00, 0x70, 0x05, 0x00, 0x00, 0x00, 0x00, 0x00, 0xFF, 0x11,
    0x00, 0x00, 0x00, 0x00, 0x00, 0xFF, 0x11, 0x00, 0x00, 0x00, 0x00, 0x00, 0xFF, 0x11, 0x00, 0x00,
    0x00, 0x00, 0x00, 0xFF, 0x11, 0x00, 0x00, 0x00, 0x00, 0x00, 0xFF, 0x11, 0x00, 0x00, 0x02, 0x18,
    0x18, 0xFF, 0x11, 0x00, 0x00, 0x22, 0xFF, 0xFF, 0xFF, 0xBA, 0xB4, 0x49, 0x20, 0xFF, 0xFF, 0xFF,
    0xB7, 0xAE, 0x3A, 0x00, 0x00, 0x00, 0x70, 0x05, 0x00, 0x00, 0x00, 0x00, 0x00, 0xFF, 0x11, 0x00,
    0x00, 0x00, 0x00, 0x00, 0xFF, 0x11, 0x00, 0x00, 0x00, 0x00, 0x00, 0xFF, 0x11, 0x00, 0x00, 0x00,
    0x00, 0x00, 0xFF, 0x11, 0x00, 0x00, 0x00, 0x00, 0x00, 0xFF, 0x11, 0x00, 0x00, 0x00, 0x00, 0x00,
    0xFF, 0x27, 0x18, 0x07, 0x13, 0xB4, 0xB4, 0xFF, 0xFF, 0xFF, 0x84, 0x0F, 0xAE, 0xAE, 0xFF, 0xFF,
    0xFF, 0x7C, 0x00, 0x00, 0x00, 0x70, 0x05, 0x00, 0x00, 0x00, 0x00, 0x00, 0xFF, 0x11, 0x00, 0x00,
    0x00, 0x00, 0x00, 0xFF, 0x11, 0x00, 0x00, 0x00, 0x00, 0x00, 0xFF, 0x11, 0x00, 0x00, 0x00, 0x00,
    0x00, 0xFF, 0x11, 0x00, 0x00, 0x00, 0x00, 0x00, 0xFF, 0x11, 0x00, 0x00, 0x02, 0x18, 0x18, 0xFF,
    0x27, 0x18, 0x07, 0x22, 0xFF, 0xFF, 0xFF, 0xFF, 0xFF, 0x84, 0x20, 0xFF, 0xFF, 0xFF, 0xFF, 0xFF,
    0x7C, 0x00, 0x12, 0xB3, 0xBB, 0x00, 0x00, 0x00, 0x00, 0x1E, 0xE1, 0xF5, 0x00, 0x00, 0x00, 0x00,
    0x1E, 0xE1, 0xF5, 0x00, 0x00, 0x00, 0x00, 0x1E, 0xE1, 0xF5, 0x00, 0x00, 0x00, 0x00, 0x1E, 0xE1,
    0xF5, 0x00, 0x00, 0x00, 0x00, 0x1E, 0xE1, 0xF5, 0x00, 0x00, 0x00, 0x00, 0x1E, 0xE1, 0xF5, 0x00,
    0x00, 0x00, 0xFA, 0xFF, 0xFF, 0xFF, 0xFF, 0xEA, 0xB5, 0x39, 0x3C, 0x3C, 0x3C, 0x3C, 0x34, 0x21,
    0x00, 0x09, 0x73, 0x64, 0x00, 0x00, 0x00, 0x00, 0x1E, 0xE1, 0xF5, 0x00, 0x00, 0x00, 0x00, 0x1E,
    0xE1, 0xF5, 0x00, 0x00, 0x00, 0x00, 0x1E, 0xE1, 0xF5, 0x00, 0x00, 0x00, 0x00, 0x1E, 0xE1, 0xF5,
    0x00, 0x00, 0x00, 0x00, 0x1E, 0xE1, 0xF5, 0x00, 0x00, 0x00, 0x17, 0x34, 0xE4, 0xF5, 0x00, 0x00,
    0x00, 0xFF, 0xFF, 0xFF, 0xFF, 0xB4, 0xA3, 0x79, 0xFF, 0xFF, 0xFF, 0xFF, 0xAE, 0x98, 0x61, 0x00,
    0x09, 0x73, 0x64, 0x00, 0x00, 0x00, 0x00, 0x1E, 0xE1, 0xF5, 0x00, 0x00, 0x00, 0x00, 0x1E, 0xE1,
    0xF5, 0x00, 0x00, 0x00, 0x00, 0x1E, 0xE1, 0xF5, 0x00, 0x00, 0x00, 0x00, 0x1E, 0xE1, 0xF5, 0x00,
    0x00, 0x00, 0x00, 0x1E, 0xE1, 0xF5, 0x00, 0x00, 0x00, 0x00, 0x1E, 0xE1, 0xF8, 0x18, 0x15, 0x0D,
    0xAC, 0xBF, 0xF6, 0xFF, 0xFF, 0xEA, 0xB4, 0xA7, 0xA5, 0xF2, 0xFF, 0xFF, 0xE7, 0xAB, 0x00, 0x09,
    0x73, 0x64, 0x00, 0x00, 0x00, 0x00, 0x1E, 0xE1, 0xF5, 0x00, 0x00, 0x00, 0x00, 0x1E, 0xE1, 0xF5,
    0x00, 0x00, 0x00, 0x00, 0x1E, 0xE1, 0xF5, 0x00, 0x00, 0x00, 0x00, 0x1E, 0xE1, 0xF5, 0x00, 0x00,
    0x00, 0x00, 0x1E, 0xE1, 0xF5, 0x00, 0x00, 0x00, 0x17, 0x34, 0xE4, 0xF8, 0x18, 0x15, 0x0D, 0xFF,
    0xFF, 0xFF, 0xFF, 0xFF, 0xEA, 0xB4, 0xFF, 0xFF, 0xFF, 0xFF, 0xFF, 0xE7, 0xAB, 0x00, 0x00, 0x00,
    0x9F, 0x07, 0x00, 0x00, 0x00, 0x00, 0x00, 0xFF, 0x11, 0x00, 0x00, 0x00, 0x00, 0x00, 0xFF, 0x11,
    0x00, 0x00, 0x00, 0x00, 0x00, 0xFF, 0x11, 0x00, 0x00, 0x00, 0x00, 0x00, 0xFF, 0x11, 0x00, 0x00,
    0x00, 0x00, 0x00, 0xFF, 0x11, 0x00, 0x00, 0x00, 0x00, 0x00, 0xFF, 0x11, 0x00, 0x00, 0x18, 0xDC,
    0xDC, 0xFF, 0xE0, 0xDC, 0x5A, 0x0B, 0x78, 0x78, 0xFF, 0x83, 0x78, 0x28, 0x00, 0x00, 0x00, 0xFF,
    0x11, 0x00, 0x00, 0x00, 0x00, 0x00, 0xFF, 0x11, 0x00, 0x00, 0x00, 0x00, 0x00, 0xFF, 0x11, 0x00,
    0x00, 0x00, 0x00, 0x00, 0xFF, 0x11, 0x00, 0x00, 0x00, 0x00, 0x00, 0xFF, 0x11, 0x00, 0x00, 0x00,
    0x00, 0x00, 0xFF, 0x11, 0x00, 0x00, 0x00, 0x00, 0x00, 0x0F, 0x00, 0x00, 0x00, 0x00, 0x00, 0x00,
    0x9F, 0x07, 0x00, 0x00, 0x00, 0x00, 0x00, 0xFF, 0x11, 0x00, 0x00, 0x00, 0x00, 0x00, 0xFF, 0x11,
    0x00, 0x00, 0x00, 0x00, 0x00, 0xFF, 0x11, 0x00, 0x00, 0x00, 0x00, 0x00, 0xFF, 0x11, 0x00, 0x00,
    0x00, 0x00, 0x00, 0xFF, 0x11, 0x00, 0x00, 0x06, 0x48, 0x48, 0xFF, 0x11, 0x00, 0x00, 0x22, 0xFF,
    0xFF, 0xFF, 0xE0, 0xDC, 0x5A, 0x1C, 0xFF, 0xFF, 0xFF, 0x83, 0x78, 0x28, 0x00, 0x00, 0x00, 0xFF,
    0x11, 0x00, 0x00, 0x00, 0x00, 0x00, 0xFF, 0x11, 0x00, 0x00, 0x00, 0x00, 0x00, 0xFF, 0x11, 0x00,
    0x00, 0x00, 0x00, 0x00, 0xFF, 0x11, 0x00, 0x00, 0x00, 0x00, 0x00, 0xFF, 0x11, 0x00, 0x00, 0x00,
    0x00, 0x00, 0xFF, 0x11, 0x00, 0x00, 0x00, 0x00, 0x00, 0x0F, 0x00, 0x00, 0x00, 0x00, 0x00, 0x00,
    0x9F, 0x07, 0x00, 0x00, 0x00, 0x00, 0x00, 0xFF, 0x11, 0x00, 0x00, 0x00, 0x00, 0x00, 0xFF, 0x11,
    0x00, 0x00, 0x00, 0x00, 0x00, 0xFF, 0x11, 0x00, 0x00, 0x00, 0x00, 0x00, 0xFF, 0x11, 0x00, 0x00,
    0x00, 0x00, 0x00, 0xFF, 0x11, 0x00, 0x00, 0x00, 0x00, 0x00, 0xFF, 0x56, 0x48, 0x18, 0x18, 0xDC,
    0xDC, 0xFF, 0xFF, 0xFF, 0x84, 0x0B, 0x78, 0x78, 0xFF, 0xFF, 0xFF, 0x6C, 0x00, 0x00, 0x00, 0xFF,
    0x11, 0x00, 0x00, 0x00, 0x00, 0x00, 0xFF, 0x11, 0x00, 0x00, 0x00, 0x00, 0x00, 0xFF, 0x11, 0x00,
    0x00, 0x00, 0x00, 0x00, 0xFF, 0x11, 0x00, 0x00, 0x00, 0x00, 0x00, 0xFF, 0x11, 0x00, 0x00, 0x00,
    0x00, 0x00, 0xFF, 0x11, 0x00, 0x00, 0x00, 0x00, 0x00, 0x0F, 0x00, 0x00, 0x00, 0x00, 0x00, 0x00,
    0x9F, 0x07, 0x00, 0x00, 0x00, 0x00, 0x00, 0xFF, 0x11, 0x00, 0x00, 0x00, 0x00, 0x00, 0xFF, 0x11,
    0x00, 0x00, 0x00, 0x00, 0x00, 0xFF, 0x11, 0x00, 0x00, 0x00, 0x00, 0x00, 0xFF, 0x11, 0x00, 0x00,
    0x00, 0x00, 0x00, 0xFF, 0x11, 0x00, 0x00, 0x06, 0x48, 0x48, 0xFF, 0x56, 0x48, 0x18, 0x22, 0xFF,
    0xFF, 0xFF, 0xFF, 0xFF, 0x84, 0x1C, 0xFF, 0xFF, 0xFF, 0xFF, 0xFF, 0x6C, 0x00, 0x00, 0x00, 0xFF,
    0x11, 0x00, 0x00, 0x00, 0x00, 0x00, 0xFF, 0x11, 0x00, 0x00, 0x00, 0x00, 0x00, 0xFF, 0x11, 0x00,
    0x00, 0x00, 0x00, 0x00, 0xFF, 0x11, 0x00, 0x00, 0x00, 0x00, 0x00, 0xFF, 0x11, 0x00, 0x00, 0x00,
    0x00, 0x00, 0xFF, 0x11, 0x00, 0x00, 0x00, 0x00, 0x00, 0x0F, 0x00, 0x00, 0x00, 0x00, 0x12, 0xB3,
    0xBB, 0x00, 0x00, 0x00, 0x00, 0x1E, 0xE1, 0xF5, 0x00, 0x00, 0x00, 0x00, 0x1E, 0xE1, 0xF5, 0x00,
    0x00, 0x00, 0x00, 0x1E, 0xE1, 0xF5, 0x00, 0x00, 0x00, 0x00, 0x1E, 0xE1, 0xF5, 0x00, 0x00, 0x00,
    0x00, 0x1E, 0xE1, 0xF5, 0x00, 0x00, 0x00, 0x00, 0x1E, 0xE1, 0xF5, 0x00, 0x00, 0x00, 0xFA, 0xFF,
    0xFF, 0xFF, 0xFF, 0xEA, 0xB5, 0x39, 0x3C, 0xC7, 0x9C, 0x3C, 0x34, 0x21, 0x00, 0x00, 0xB0, 0x72,
    0x00, 0x00, 0x00, 0x00, 0x00, 0xB0, 0x72, 0x00, 0x00, 0x00, 0x00, 0x00, 0xB0, 0x72, 0x00, 0x00,
    0x00, 0x00, 0x00, 0xB0, 0x72, 0x00, 0x00, 0x00, 0x00, 0x00, 0xB0, 0x72, 0x00, 0x00, 0x00, 0x00,
    0x00, 0x9C, 0x64, 0x00, 0x00, 0x00, 0x00, 0x00, 0x87, 0x48, 0x00, 0x00, 0x00, 0x00, 0x00, 0xB0,
    0x72, 0x00, 0x00, 0x00, 0x00, 0x00, 0xB0, 0x72, 0x00, 0x00, 0x00, 0x00, 0x00, 0xB0, 0x72, 0x00,
    0x00, 0x00, 0x00, 0x00, 0xB0, 0x72, 0x00, 0x00, 0x00, 0x00, 0x00, 0xB0, 0x72, 0x00, 0x00, 0x00,
    0x00, 0x00, 0xB0, 0x72, 0x00, 0x00, 0x00, 0xFA, 0xFF, 0xFF, 0xFF, 0xFF, 0xEA, 0xB5, 0x39, 0x54,
    0xE8, 0xFF, 0x3C, 0x34, 0x21, 0x00, 0x1E, 0xE1, 0xF5, 0x00, 0x00, 0x00, 0x00, 0x1E, 0xE1, 0xF5,
    0x00, 0x00, 0x00, 0x00, 0x1E, 0xE1, 0xF5, 0x00, 0x00, 0x00, 0x00, 0x1E, 0xE1, 0xF5, 0x00, 0x00,
    0x00, 0x00, 0x1E, 0xE1, 0xF5, 0x00, 0x00, 0x00, 0x00, 0x1A, 0xE0, 0xD9, 0x00, 0x00, 0x00, 0x00,
    0x0E, 0xA2, 0x8D, 0x00, 0x00, 0x00, 0x00, 0x1E, 0xE1, 0xF5, 0x00, 0x00, 0x00, 0x00, 0x1E, 0xE1,
    0xF5, 0x00, 0x00, 0x00, 0x00, 0x1E, 0xE1, 0xF5, 0x00, 0x00, 0x00, 0x00, 0x1E, 0xE1, 0xF5, 0x00,
    0x00, 0x00, 0x00, 0x1E, 0xE1, 0xF5, 0x00, 0x00, 0x00, 0x00, 0x1E, 0xE1, 0xF5, 0x00, 0x00, 0x00,
    0xD3, 0xE3, 0xFB, 0xFF, 0xDC, 0xC7, 0x94, 0x73, 0x8C, 0xF0, 0xFF, 0x78, 0x69, 0x43, 0x00, 0x1E,
    0xE1, 0xF5, 0x00, 0x00, 0x00, 0x00, 0x1E, 0xE1, 0xF5, 0x00, 0x00, 0x00, 0x00, 0x1E, 0xE1, 0xF5,
    0x00, 0x00, 0x00, 0x00, 0x1E, 0xE1, 0xF5, 0x00, 0x00, 0x00, 0x00, 0x1E, 0xE1, 0xF5, 0x00, 0x00,
    0x00, 0x00, 0x1E, 0xE1, 0xF5, 0x00, 0x00, 0x00, 0x00, 0x01, 0x10, 0x0D, 0x00, 0x00, 0x00, 0x00,
    0x09, 0x73, 0x64, 0x00, 0x00, 0x00, 0x00, 0x1E, 0xE1, 0xF5, 0x00, 0x00, 0x00, 0x00, 0x1E, 0xE1,
    0xF5, 0x00, 0x00, 0x00, 0x00, 0x1E, 0xE1, 0xF5, 0x00, 0x00, 0x00, 0x00, 0x1E, 0xE1, 0xF5, 0x00,
    0x00, 0x00, 0x00, 0x1E, 0xE1, 0xF5, 0x00, 0x00, 0x00, 0x17, 0x34, 0xE4, 0xF5, 0x00, 0x00, 0x00,
    0xFF, 0xFF, 0xFF, 0xFF, 0xB4, 0xA3, 0x79, 0xFF, 0xFF, 0xFF, 0xFF, 0xAE, 0x98, 0x61, 0x00, 0x00,
    0xB0, 0x72, 0x00, 0x00, 0x00, 0x00, 0x00, 0xB0, 0x72, 0x00, 0x00, 0x00, 0x00, 0x00, 0xB0, 0x72,
    0x00, 0x00, 0x00, 0x00, 0x00, 0xB0, 0x72, 0x00, 0x00, 0x00, 0x00, 0x00, 0xB0, 0x72, 0x00, 0x00,
    0x00, 0x00, 0x00, 0xB0, 0x72, 0x00, 0x00, 0x00, 0x00, 0x00, 0x27, 0x15, 0x00, 0x00, 0x00, 0x00,
    0x09, 0x73, 0x64, 0x00, 0x00, 0x00, 0x00, 0x1E, 0xE1, 0xF5, 0x00, 0x00, 0x00, 0x00, 0x1E, 0xE1,
    0xF5, 0x00, 0x00, 0x00, 0x00, 0x1E, 0xE1, 0xF5, 0x00, 0x00, 0x00, 0x00, 0x1E, 0xE1, 0xF5, 0x00,
    0x00, 0x00, 0x00, 0x1E, 0xE1, 0xF5, 0x00, 0x00, 0x00, 0x00, 0x1E, 0xE1, 0xF8, 0x18, 0x15, 0x0D,
    0xAC, 0xBF, 0xF6, 0xFF, 0xFF, 0xEA, 0xB4, 0xA7, 0xA5, 0xF2, 0xFF, 0xFF, 0xE7, 0xAB, 0x00, 0x00,
    0xB0, 0x72, 0x00, 0x00, 0x00, 0x00, 0x00, 0xB0, 0x72, 0x00, 0x00, 0x00, 0x00, 0x00, 0xB0, 0x72,
    0x00, 0x00, 0x00, 0x00, 0x00, 0xB0, 0x72, 0x00, 0x00, 0x00, 0x00, 0x00, 0xB0, 0x72, 0x00, 0x00,
    0x00, 0x00, 0x00, 0xB0, 0x72, 0x00, 0x00, 0x00, 0x00, 0x00, 0x27, 0x15, 0x00, 0x00, 0x00, 0x00,
    0x00, 0x48, 0x27, 0x00, 0x00, 0x00, 0x00, 0x00, 0xB0, 0x72, 0x00, 0x00, 0x00, 0x00, 0x00, 0xB0,
    0x72, 0x00, 0x00, 0x00, 0x00, 0x00, 0xB0, 0x72, 0x00, 0x00, 0x00, 0x00, 0x00, 0xB0, 0x72, 0x00,
    0x00, 0x00, 0x00, 0x00, 0xB0, 0x72, 0x00, 0x00, 0x00, 0x17, 0x18, 0xB8, 0x7C, 0x00, 0x00, 0x00,
    0xFF, 0xFF, 0xFF, 0xFF, 0xB4, 0xA3, 0x79, 0xFF, 0xFF, 0xFF, 0xFF, 0xAE, 0x98, 0x61, 0x00, 0x1E,
    0xE1, 0xF5, 0x00, 0x00, 0x00, 0x00, 0x1E, 0xE1, 0xF5, 0x00, 0x00, 0x00, 0x00, 0x1E, 0xE1, 0xF5,
    0x00, 0x00, 0x00, 0x00, 0x1E, 0xE1, 0xF5, 0x00, 0x00, 0x00, 0x00, 0x1E, 0xE1, 0xF5, 0x00, 0x00,
    0x00, 0x00, 0x1E, 0xE1, 0xF5, 0x00, 0x00, 0x00, 0x00, 0x05, 0x3F, 0x36, 0x00, 0x00, 0x00, 0x00,
    0x00, 0x58, 0x30, 0x00, 0x00, 0x00, 0x00, 0x00, 0xB0, 0x72, 0x00, 0x00, 0x00, 0x00, 0x00, 0xB0,
    0x72, 0x00, 0x00, 0x00, 0x00, 0x00, 0xB0, 0x72, 0x00, 0x00, 0x00, 0x00, 0x00, 0xB0, 0x72, 0x00,
    0x00, 0x00, 0x00, 0x00, 0xB0, 0x72, 0x00, 0x00, 0x00, 0x00, 0x03, 0xBD, 0x97, 0x36, 0x2F, 0x1E,
    0xC4, 0xD6, 0xFA, 0xFF, 0xFF, 0xEA, 0xB4, 0x8A, 0xA2, 0xF3, 0xFF, 0xFF, 0xEC, 0xBD, 0x00, 0x1E,
    0xE1, 0xF5, 0x00, 0x00, 0x00, 0x00, 0x1E, 0xE1, 0xF5, 0x00, 0x00, 0x00, 0x00, 0x1E, 0xE1, 0xF5,
    0x00, 0x00, 0x00, 0x00, 0x1E, 0xE1, 0xF5, 0x00, 0x00, 0x00, 0x00, 0x1E, 0xE1, 0xF5, 0x00, 0x00,
    0x00, 0x00, 0x1E, 0xE1, 0xF5, 0x00, 0x00, 0x00, 0x00, 0x03, 0x25, 0x1F, 0x00, 0x00, 0x00, 0x00,
    0x09, 0x73, 0x64, 0x00, 0x00, 0x00, 0x00, 0x1E, 0xE1, 0xF5, 0x00, 0x00, 0x00, 0x00, 0x1E, 0xE1,
    0xF5, 0x00, 0x00, 0x00, 0x00, 0x1E, 0xE1, 0xF5, 0x00, 0x00, 0x00, 0x00, 0x1E, 0xE1, 0xF5, 0x00,
    0x00, 0x00, 0x00, 0x1E, 0xE1, 0xF5, 0x00, 0x00, 0x00, 0x17, 0x34, 0xE4, 0xF8, 0x18, 0x15, 0x0D,
    0xFF, 0xFF, 0xFF, 0xFF, 0xFF, 0xEA, 0xB4, 0xFF, 0xFF, 0xFF, 0xFF, 0xFF, 0xE7, 0xAB, 0x00, 0x00,
    0xB0, 0x72, 0x00, 0x00, 0x00, 0x00, 0x00, 0xB0, 0x72, 0x00, 0x00, 0x00, 0x00, 0x00, 0xB0, 0x72,
    0x00, 0x00, 0x00, 0x00, 0x00, 0xB0, 0x72, 0x00, 0x00, 0x00, 0x00, 0x00, 0xB0, 0x72, 0x00, 0x00,
    0x00, 0x00, 0x00, 0xB0, 0x72, 0x00, 0x00, 0x00, 0x00, 0x00, 0x27, 0x15, 0x00, 0x00, 0x00, 0x00,
    0x00, 0x48, 0x27, 0x00, 0x00, 0x00, 0x00, 0x00, 0xB0, 0x72, 0x00, 0x00, 0x00, 0x00, 0x00, 0xB0,
    0x72, 0x00, 0x00, 0x00, 0x00, 0x00, 0xB0, 0x72, 0x00, 0x00, 0x00, 0x00, 0x00, 0xB0, 0x72, 0x00,
    0x00, 0x00, 0x00, 0x00, 0xB0, 0x72, 0x00, 0x00, 0x00, 0x17, 0x18, 0xB8, 0x82, 0x18, 0x15, 0x0D,
    0xFF, 0xFF, 0xFF, 0xFF, 0xFF, 0xEA, 0xB4, 0xFF, 0xFF, 0xFF, 0xFF, 0xFF, 0xE7, 0xAB, 0x00, 0x1E,
    0xE1, 0xF5, 0x00, 0x00, 0x00, 0x00, 0x1E, 0xE1, 0xF5, 0x00, 0x00, 0x00, 0x00, 0x1E, 0xE1, 0xF5,
    0x00, 0x00, 0x00, 0x00, 0x1E, 0xE1, 0xF5, 0x00, 0x00, 0x00, 0x00, 0x1E, 0xE1, 0xF5, 0x00, 0x00,
    0x00, 0x00, 0x1E, 0xE1, 0xF5, 0x00, 0x00, 0x00, 0x00, 0x05, 0x3F, 0x36, 0x00, 0x00, 0x00, 0x00,
    0x0E, 0xA2, 0x8D, 0x00, 0x00, 0x00, 0x00, 0x1E, 0xE1, 0xF5, 0x00, 0x00, 0x00, 0x00, 0x1E, 0xE1,
    0xF5, 0x00, 0x00, 0x00, 0x00, 0x1E, 0xE1, 0xF5, 0x00, 0x00, 0x00, 0x00, 0x1E, 0xE1, 0xF5, 0x00,
    0x00, 0x00, 0x00, 0x1E, 0xE1, 0xF5, 0x00, 0x00, 0x00, 0x45, 0x60, 0xEA, 0xF5, 0x00, 0x00, 0x00,
    0xFF, 0xFF, 0xFF, 0xFF, 0xDC, 0xC7, 0x94, 0xF9, 0xFF, 0xFF, 0xFF, 0x78, 0x69, 0x43, 0x00, 0x1E,
    0xE1, 0xF5, 0x00, 0x00, 0x00, 0x00, 0x1E, 0xE1, 0xF5, 0x00, 0x00, 0x00, 0x00, 0x1E, 0xE1, 0xF5,
    0x00, 0x00, 0x00, 0x00, 0x1E, 0xE1, 0xF5, 0x00, 0x00, 0x00, 0x00, 0x1E, 0xE1, 0xF5, 0x00, 0x00,
    0x00, 0x00, 0x1E, 0xE1, 0xF5, 0x00, 0x00, 0x00, 0x00, 0x01, 0x10, 0x0D, 0x00, 0x00, 0x00, 0x00,
    0x0E, 0xA2, 0x8D, 0x00, 0x00, 0x00, 0x00, 0x1E, 0xE1, 0xF5, 0x00, 0x00, 0x00, 0x00, 0x1E, 0xE1,
    0xF5, 0x00, 0x00, 0x00, 0x00, 0x1E, 0xE1, 0xF5, 0x00, 0x00, 0x00, 0x00, 0x1E, 0xE1, 0xF5, 0x00,
    0x00, 0x00, 0x00, 0x1E, 0xE1, 0xF5, 0x00, 0x00, 0x00, 0x00, 0x1E, 0xE1, 0xFF, 0x48, 0x3F, 0x28,
    0xD3, 0xE3, 0xFB, 0xFF, 0xFF, 0xEA, 0xB4, 0x73, 0x8C, 0xF0, 0xFF, 0xFF, 0xE9, 0xB2, 0x00, 0x1E,
    0xE1, 0xF5, 0x00, 0x00, 0x00, 0x00, 0x1E, 0xE1, 0xF5, 0x00, 0x00, 0x00, 0x00, 0x1E, 0xE1, 0xF5,
    0x00, 0x00, 0x00, 0x00, 0x1E, 0xE1, 0xF5, 0x00, 0x00, 0x00, 0x00, 0x1E, 0xE1, 0xF5, 0x00, 0x00,
    0x00, 0x00, 0x1E, 0xE1, 0xF5, 0x00, 0x00, 0x00, 0x00, 0x01, 0x10, 0x0D, 0x00, 0x00, 0x00, 0x00,
    0x0E, 0xA2, 0x8D, 0x00, 0x00, 0x00, 0x00, 0x1E, 0xE1, 0xF5, 0x00, 0x00, 0x00, 0x00, 0x1E, 0xE1,
    0xF5, 0x00, 0x00, 0x00, 0x00, 0x1E, 0xE1, 0xF5, 0x00, 0x00, 0x00, 0x00, 0x1E, 0xE1, 0xF5, 0x00,
    0x00, 0x00, 0x00, 0x1E, 0xE1, 0xF5, 0x00, 0x00, 0x00, 0x45, 0x60, 0xEA, 0xFF, 0x48, 0x3F, 0x28,
    0xFF, 0xFF, 0xFF, 0xFF, 0xFF, 0xEA, 0xB4, 0xF9, 0xFF, 0xFF, 0xFF, 0xFF, 0xE9, 0xB2, 0x00, 0x1E,
    0xE1, 0xF5, 0x00, 0x00, 0x00, 0x00, 0x1E, 0xE1, 0xF5, 0x00, 0x00, 0x00, 0x00, 0x1E, 0xE1, 0xF5,
    0x00, 0x00, 0x00, 0x00, 0x1E, 0xE1, 0xF5, 0x00, 0x00, 0x00, 0x00, 0x1E, 0xE1, 0xF5, 0x00, 0x00,
    0x00, 0x00, 0x1E, 0xE1, 0xF5, 0x00, 0x00, 0x00, 0x00, 0x01, 0x10, 0x0D, 0x00, 0x00, 0x00, 0xDE,
    0xFF, 0xFF, 0x60, 0xFF, 0xFF, 0xB9, 0x31, 0x3C, 0x3C, 0x10, 0x3C, 0x3C, 0x28, 0x13, 0x18, 0x18,
    0x06, 0x18, 0x18, 0x10, 0xFF, 0xFF, 0xFF, 0x72, 0xFF, 0xFF, 0xDC, 0xFC, 0xFF, 0xFF, 0x6C, 0xFF,
    0xFF, 0xD0, 0x0F, 0x00, 0xFF, 0x1E, 0xFF, 0x1E, 0xFF, 0x1E, 0xFF, 0x1E, 0xFF, 0x1B, 0x00, 0x00,
    0x0F, 0x00, 0xFF, 0x1E, 0xFF, 0x1E, 0xFF, 0x1E, 0xFF, 0x1E, 0xFF, 0x1C, 0x01, 0x12, 0x0D, 0x2A,
    0xFF, 0xF5, 0x2A, 0xFF, 0xF5, 0x2A, 0xFF, 0xF5, 0x2A, 0xFF, 0xF5, 0x27, 0xFF, 0xE4, 0x00, 0x00,
    0x00, 0x01, 0x12, 0x0D, 0x2A, 0xFF, 0xF5, 0x2A, 0xFF, 0xF5, 0x2A, 0xFF, 0xF5, 0x2A, 0xFF, 0xF5,
    0x27, 0xFF, 0xE8, 0x1D, 0xFF, 0xFF, 0xFF, 0xFF, 0xFF, 0x70, 0x05, 0x3C, 0x3C, 0x3C, 0x3C, 0x3C,
    0x13, 0x1D, 0xFF, 0xFF, 0xFF, 0xFF, 0xFF, 0x6F, 0x05, 0x42, 0x42, 0x42, 0x42, 0x42, 0x16, 0x9F,
    0x0D, 0xAE, 0xFF, 0x1E, 0xFF, 0xFF, 0x1E, 0xFF, 0xFF, 0x1E, 0xFF, 0xFF, 0x1E, 0xFF, 0xFF, 0x1E,
    0xFF, 0xFF, 0x1E, 0xFF, 0xFF, 0x1E, 0xFF, 0xFF, 0x1E, 0xFF, 0xFF, 0x1E, 0xFF, 0xFF, 0x1E, 0xFF,
    0xFF, 0x1E, 0xFF, 0xFF, 0x1E, 0xFF, 0xFF, 0x1E, 0xFF, 0xFF, 0x1E, 0xFF, 0x0F, 0x00, 0x10, 0xF8,
    0xFF, 0xED, 0x70, 0x94, 0x3F, 0x37, 0x13, 0xFF, 0xFF, 0xED, 0x6F, 0x98, 0x45, 0x3D, 0x16, 0x72,
    0x04, 0x00, 0x00, 0x72, 0x04, 0x00, 0x00, 0x72, 0x04, 0x00, 0x00, 0x72, 0x04, 0x00, 0x00, 0x72,
    0x04, 0x00, 0x00, 0x0F, 0x00, 0x00, 0x00, 0xF5, 0xFF, 0xFF, 0xDE, 0x5A, 0x98, 0xDD, 0x3C, 0x33,
    0x10, 0x78, 0xD2, 0x00, 0x00, 0x00, 0x78, 0xD2, 0x00, 0x00, 0x00, 0x78, 0xD2, 0x00, 0x00, 0x00,
    0x78, 0xD2, 0x00, 0x00, 0x00, 0x78, 0xD2, 0x00, 0x00, 0x00, 0x70, 0xD1, 0x00, 0x00, 0x00, 0xF7,
    0xFF, 0xFF, 0xDE, 0x5B, 0x98, 0x41, 0x3C, 0x33, 0x10, 0x78, 0xD2, 0xFF, 0xDE, 0x5A, 0x78, 0xD2,
    0x42, 0x38, 0x12, 0x78, 0xD2, 0x00, 0x00, 0x00, 0x78, 0xD2, 0x00, 0x00, 0x00, 0x78, 0xD2, 0x00,
    0x00, 0x00, 0x78, 0xD2, 0x00, 0x00, 0x00, 0x70, 0xD1, 0x00, 0x00, 0x00, 0x00, 0x28, 0xFF, 0xFF,
    0xFF, 0xFF, 0x19, 0x00, 0x07, 0x3C, 0x3C, 0x3C, 0xFF, 0x1E, 0x00, 0x28, 0xFF, 0xFF, 0xFF, 0xFF,
    0x1E, 0x00, 0x07, 0x42, 0x42, 0x42, 0xFF, 0x1E, 0x00, 0x00, 0x00, 0x00, 0x00, 0xFF, 0x1E, 0x00,
    0x00, 0x00, 0x00, 0x00, 0xFF, 0x1E, 0x00, 0x00, 0x00, 0x00, 0x00, 0xFF, 0x1E, 0x00, 0x00, 0x00,
    0x00, 0x00, 0xFF, 0x1E, 0x00, 0x00, 0x00, 0x00, 0x00, 0xFF, 0x1E, 0x00, 0x00, 0x00, 0x00, 0x00,
    0x24, 0x03, 0x00, 0x3C, 0xFF, 0xFF, 0xFF, 0xFF, 0xFF, 0x00, 0x0A, 0x3C, 0x3C, 0xFF, 0x54, 0xFF,
    0x00, 0x00, 0x00, 0x00, 0xFF, 0x1E, 0xFF, 0x00, 0x00, 0x00, 0x00, 0xFF, 0x1E, 0xFF, 0x00, 0x00,
    0x00, 0x00, 0xFF, 0x1E, 0xFF, 0x00, 0x00, 0x00, 0x00, 0xFF, 0x1E, 0xFF, 0x00, 0x00, 0x00, 0x00,
    0xFF, 0x1E, 0xFF, 0x00, 0x00, 0x00, 0x00, 0xF3, 0x19, 0xFF, 0x00, 0x3D, 0xFF, 0xFF, 0xFF, 0xFF,
    0xFF, 0x00, 0x0A, 0x3C, 0x3C, 0x3C, 0x3C, 0xFF, 0x00, 0x3C, 0xFF, 0xFF, 0xFF, 0x18, 0xFF, 0x00,
    0x0C, 0x42, 0x42, 0xFF, 0x1E, 0xFF, 0x00, 0x00, 0x00, 0x00, 0xFF, 0x1E, 0xFF, 0x00, 0x00, 0x00,
    0x00, 0xFF, 0x1E, 0xFF, 0x00, 0x00, 0x00, 0x00, 0xFF, 0x1E, 0xFF, 0x00, 0x00, 0x00, 0x00, 0xFF,
    0x1E, 0xFF, 0x00, 0x00, 0x00, 0x00, 0xF3, 0x19, 0xFF, 0x4D, 0x02, 0x00, 0x00, 0x72, 0x04, 0x00,
    0x00, 0x72, 0x04, 0x00, 0x00, 0x72, 0x04, 0x00, 0x00, 0x72, 0x04, 0x00, 0x00, 0x72, 0x04, 0x00,
    0x00, 0xFF, 0xFF, 0xED, 0x70, 0x94, 0x3F, 0x37, 0x13, 0xFF, 0xFF, 0xED, 0x6F, 0x3E, 0x42, 0x3D,
    0x16, 0x51, 0x9C, 0x00, 0x00, 0x00, 0x78, 0xD2, 0x00, 0x00, 0x00, 0x78, 0xD2, 0x00, 0x00, 0x00,
    0x78, 0xD2, 0x00, 0x00, 0x00, 0x78, 0xD2, 0x00, 0x00, 0x00, 0x78, 0xD2, 0x00, 0x00, 0x00, 0x78,
    0xD2, 0x00, 0x00, 0x00, 0xFF, 0xFF, 0xFF, 0xDE, 0x5A, 0x38, 0x3C, 0x3C, 0x33, 0x10, 0x3E, 0x7B,
    0x00, 0x00, 0x00, 0x78, 0xD2, 0x00, 0x00, 0x00, 0x78, 0xD2, 0x00, 0x00, 0x00, 0x78, 0xD2, 0x00,
    0x00, 0x00, 0x78, 0xD2, 0x00, 0x00, 0x00, 0x78, 0xD2, 0x00, 0x00, 0x00, 0x78, 0xD2, 0xFF, 0xDD,
    0x55, 0x78, 0x39, 0x42, 0x38, 0x12, 0xFF, 0xFF, 0xFF, 0xDE, 0x5A, 0x3E, 0x42, 0x42, 0x38, 0x12,
    0x00, 0x00, 0x00, 0x00, 0x00, 0xAF, 0x12, 0x00, 0x00, 0x00, 0x00, 0x00, 0xFF, 0x1E, 0x00, 0x00,
    0x00, 0x00, 0x00, 0xFF, 0x1E, 0x00, 0x00, 0x00, 0x00, 0x00, 0xFF, 0x1E, 0x00, 0x00, 0x00, 0x00,
    0x00, 0xFF, 0x1E, 0x00, 0x00, 0x00, 0x00, 0x00, 0xFF, 0x1E, 0x00, 0x28, 0xFF, 0xFF, 0xFF, 0xFF,
    0x1E, 0x00, 0x07, 0x3C, 0x3C, 0x3C, 0xFF, 0x1E, 0x00, 0x28, 0xFF, 0xFF, 0xFF, 0xFF, 0x1E, 0x00,
    0x07, 0x42, 0x42, 0x42, 0x42, 0x04, 0x00, 0x00, 0x00, 0x00, 0xAF, 0x12, 0xBF, 0x00, 0x00, 0x00,
    0x00, 0xFF, 0x1E, 0xFF, 0x00, 0x00, 0x00, 0x00, 0xFF, 0x1E, 0xFF, 0x00, 0x00, 0x00, 0x00, 0xFF,
    0x1E, 0xFF, 0x00, 0x00, 0x00, 0x00, 0xFF, 0x1E, 0xFF, 0x00, 0x00, 0x00, 0x00, 0xFF, 0x1E, 0xFF,
    0x00, 0x00, 0x00, 0x00, 0xFF, 0x1E, 0xFF, 0x00, 0x3C, 0xFF, 0xFF, 0xFF, 0xFF, 0xFF, 0x00, 0x0A,
    0x3C, 0x3C, 0x3C, 0x3C, 0x39, 0x00, 0x00, 0x00, 0x00, 0x8A, 0x0C, 0x97, 0x00, 0x00, 0x00, 0x00,
    0xFF, 0x1E, 0xFF, 0x00, 0x00, 0x00, 0x00, 0xFF, 0x1E, 0xFF, 0x00, 0x00, 0x00, 0x00, 0xFF, 0x1E,
    0xFF, 0x00, 0x00, 0x00, 0x00, 0xFF, 0x1E, 0xFF, 0x00, 0x00, 0x00, 0x00, 0xFF, 0x1E, 0xFF, 0x00,
    0x39, 0xFF, 0xFF, 0xFF, 0x1E, 0xFF, 0x00, 0x0C, 0x42, 0x42, 0x42, 0x04, 0xFF, 0x00, 0x3C, 0xFF,
    0xFF, 0xFF, 0xFF, 0xFF, 0x00, 0x0C, 0x42, 0x42, 0x42, 0x42, 0x3D, 0x44, 0x02, 0x00, 0x00, 0x72,
    0x04, 0x00, 0x00, 0x72, 0x04, 0x00, 0x00, 0x72, 0x04, 0x00, 0x00, 0x72, 0x04, 0x00, 0x00, 0x72,
    0x04, 0x00, 0x00, 0xF0, 0xE2, 0xD0, 0x5B, 0xB7, 0x7A, 0x6E, 0x28, 0xEE, 0xDD, 0xCC, 0x5A, 0xBA,
    0x80, 0x74, 0x2A, 0x72, 0x04, 0x00, 0x00, 0x72, 0x04, 0x00, 0x00, 0x72, 0x04, 0x00, 0x00, 0x72,
    0x04, 0x00, 0x00, 0x72, 0x04, 0x00, 0x00, 0x06, 0x00, 0x00, 0x00, 0x47, 0x8E, 0x00, 0x00, 0x00,
    0x78, 0xD2, 0x00, 0x00, 0x00, 0x78, 0xD2, 0x00, 0x00, 0x00, 0x78, 0xD2, 0x00, 0x00, 0x00, 0x78,
    0xD2, 0x00, 0x00, 0x00, 0x78, 0xD2, 0x00, 0x00, 0x00, 0x78, 0xD2, 0x00, 0x00, 0x00, 0x78, 0xD2,
    0xDC, 0xBF, 0x49, 0x78, 0xD2, 0x78, 0x67, 0x21, 0x78, 0xD2, 0x00, 0x00, 0x00, 0x78, 0xD2, 0x00,
    0x00, 0x00, 0x78, 0xD2, 0x00, 0x00, 0x00, 0x78, 0xD2, 0x00, 0x00, 0x00, 0x78, 0xD2, 0x00, 0x00,
    0x00, 0x78, 0xD2, 0x00, 0x00, 0x00, 0x06, 0x0D, 0x00, 0x00, 0x00, 0x47, 0x8E, 0x00, 0x00, 0x00,
    0x78, 0xD2, 0x00, 0x00, 0x00, 0x78, 0xD2, 0x00, 0x00, 0x00, 0x78, 0xD2, 0x00, 0x00, 0x00, 0x78,
    0xD2, 0x00, 0x00, 0x00, 0x78, 0xD2, 0x00, 0x00, 0x00, 0x78, 0xD2, 0xE1, 0xC3, 0x4B, 0x78, 0x64,
    0x78, 0x67, 0x21, 0x78, 0xB3, 0xDC, 0xBF, 0x49, 0x78, 0xD2, 0x7E, 0x6C, 0x22, 0x78, 0xD2, 0x00,
    0x00, 0x00, 0x78, 0xD2, 0x00, 0x00, 0x00, 0x78, 0xD2, 0x00, 0x00, 0x00, 0x78, 0xD2, 0x00, 0x00,
    0x00, 0x78, 0xD2, 0x00, 0x00, 0x00, 0x06, 0x0D, 0x00, 0x00, 0x00, 0x00, 0x00, 0x00, 0x00, 0x00,
    0x9F, 0x0D, 0x00, 0x00, 0x00, 0x00, 0x00, 0xFF, 0x1E, 0x00, 0x00, 0x00, 0x00, 0x00, 0xFF, 0x1E,
    0x00, 0x00, 0x00, 0x00, 0x00, 0xFF, 0x1E, 0x00, 0x00, 0x00, 0x00, 0x00, 0xFF, 0x1E, 0x00, 0x00,
    0x00, 0x00, 0x00, 0xFF, 0x1E, 0x00, 0x21, 0xE1, 0xE1, 0xE1, 0xFF, 0x1E, 0x00, 0x0F, 0x78, 0x78,
    0x78, 0xFF, 0x1E, 0x00, 0x21, 0xDC, 0xDC, 0xDC, 0xFF, 0x1E, 0x00, 0x0F, 0x7E, 0x7E, 0x7E, 0xFF,
    0x1E, 0x00, 0x00, 0x00, 0x00, 0x00, 0xFF, 0x1E, 0x00, 0x00, 0x00, 0x00, 0x00, 0xFF, 0x1E, 0x00,
    0x00, 0x00, 0x00, 0x00, 0xFF, 0x1E, 0x00, 0x00, 0x00, 0x00, 0x00, 0xFF, 0x1E, 0x00, 0x00, 0x00,
    0x00, 0x00, 0xFF, 0x1E, 0x00, 0x00, 0x00, 0x00, 0x00, 0x0F, 0x00, 0x00, 0x00, 0x00, 0x00, 0x9F,
    0x0D, 0xAE, 0x00, 0x00, 0x00, 0x00, 0xFF, 0x1E, 0xFF, 0x00, 0x00, 0x00, 0x00, 0xFF, 0x1E, 0xFF,
    0x00, 0x00, 0x00, 0x00, 0xFF, 0x1E, 0xFF, 0x00, 0x00, 0x00, 0x00, 0xFF, 0x1E, 0xFF, 0x00, 0x00,
    0x00, 0x00, 0xFF, 0x1E, 0xFF, 0x00, 0x00, 0x00, 0x00, 0xFF, 0x1E, 0xFF, 0x00, 0x31, 0xDC, 0xDC,
    0xFF, 0x1E, 0xFF, 0x00, 0x16, 0x78, 0x78, 0xFF, 0x1E, 0xFF, 0x00, 0x00, 0x00, 0x00, 0xFF, 0x1E,
    0xFF, 0x00, 0x00, 0x00, 0x00, 0xFF, 0x1E, 0xFF, 0x00, 0x00, 0x00, 0x00, 0xFF, 0x1E, 0xFF, 0x00,
    0x00, 0x00, 0x00, 0xFF, 0x1E, 0xFF, 0x00, 0x00, 0x00, 0x00, 0xFF, 0x1E, 0xFF, 0x00, 0x00, 0x00,
    0x00, 0xFF, 0x1E, 0xFF, 0x00, 0x00, 0x00, 0x00, 0x0F, 0x00, 0x10, 0x00, 0x00, 0x00, 0x00, 0x9F,
    0x0D, 0xAE, 0x00, 0x00, 0x00, 0x00, 0xFF, 0x1E, 0xFF, 0x00, 0x00, 0x00, 0x00, 0xFF, 0x1E, 0xFF,
    0x00, 0x00, 0x00, 0x00, 0xFF, 0x1E, 0xFF, 0x00, 0x00, 0x00, 0x00, 0xFF, 0x1E, 0xFF, 0x00, 0x00,
    0x00, 0x00, 0xFF, 0x1E, 0xFF, 0x00, 0x31, 0xE1, 0xE1, 0xFF, 0x1E, 0xFF, 0x00, 0x16, 0x78, 0x78,
    0x78, 0x09, 0xFF, 0x00, 0x31, 0xDC, 0xDC, 0xDC, 0x13, 0xFF, 0x00, 0x16, 0x7E, 0x7E, 0xFF, 0x1E,
    0xFF, 0x00, 0x00, 0x00, 0x00, 0xFF, 0x1E, 0xFF, 0x00, 0x00, 0x00, 0x00, 0xFF, 0x1E, 0xFF, 0x00,
    0x00, 0x00, 0x00, 0xFF, 0x1E, 0xFF, 0x00, 0x00, 0x00, 0x00, 0xFF, 0x1E, 0xFF, 0x00, 0x00, 0x00,
    0x00, 0xFF, 0x1E, 0xFF, 0x00, 0x00, 0x00, 0x00, 0x0F, 0x00, 0x10, 0x1D, 0xFF, 0xFF, 0xFF, 0xFF,
    0xFF, 0x70, 0x05, 0x3C, 0x3C, 0x3C, 0x3C, 0x3C, 0x13, 0x1D, 0xFF, 0xFF, 0xFF, 0xFF, 0xFF, 0x6F,
    0x05, 0x42, 0x42, 0xFF, 0x50, 0x42, 0x16, 0x00, 0x00, 0x00, 0xFF, 0x11, 0x00, 0x00, 0x00, 0x00,
    0x00, 0xFF, 0x11, 0x00, 0x00, 0x00, 0x00, 0x00, 0xFF, 0x11, 0x00, 0x00, 0x00, 0x00, 0x00, 0xFF,
    0x11, 0x00, 0x00, 0x00, 0x00, 0x00, 0xF3, 0x0E, 0x00, 0x00, 0x1D, 0xFF, 0xFF, 0xFF, 0xFF, 0xFF,
    0x6F, 0x05, 0x3C, 0xAB, 0x69, 0xAD, 0x3D, 0x13, 0x00, 0x00, 0x92, 0x36, 0x94, 0x01, 0x00, 0x00,
    0x00, 0x92, 0x36, 0x94, 0x01, 0x00, 0x00, 0x00, 0x92, 0x36, 0x94, 0x01, 0x00, 0x00, 0x00, 0x92,
    0x36, 0x94, 0x01, 0x00, 0x00, 0x00, 0x92, 0x36, 0x94, 0x01, 0x00, 0x00, 0x00, 0x81, 0x30, 0x93,
    0x01, 0x00, 0x1D, 0xFF, 0xFF, 0xFF, 0xFF, 0xFF, 0x70, 0x05, 0x3C, 0x3C, 0x3C, 0x3C, 0x3C, 0x13,
    0x1D, 0xFF, 0xFF, 0x2D, 0xFB, 0xFF, 0x6F, 0x05, 0x42, 0xAE, 0x36, 0xB0, 0x43, 0x16, 0x00, 0x00,
    0x92, 0x36, 0x94, 0x01, 0x00, 0x00, 0x00, 0x92, 0x36, 0x94, 0x01, 0x00, 0x00, 0x00, 0x92, 0x36,
    0x94, 0x01, 0x00, 0x00, 0x00, 0x92, 0x36, 0x94, 0x01, 0x00, 0x00, 0x00, 0x81, 0x30, 0x93, 0x01,
    0x00, 0x00, 0x00, 0x00, 0x8A, 0x07, 0x00, 0x00, 0x00, 0x00, 0x00, 0xFF, 0x11, 0x00, 0x00, 0x00,
    0x00, 0x00, 0xFF, 0x11, 0x00, 0x00, 0x00, 0x00, 0x00, 0xFF, 0x11, 0x00, 0x00, 0x00, 0x00, 0x00,
    0xFF, 0x11, 0x00, 0x00, 0x00, 0x00, 0x00, 0xFF, 0x11, 0x00, 0x00, 0x1A, 0xFF, 0xFF, 0xFF, 0xFF,
    0xFF, 0x69, 0x05, 0x42, 0x42, 0x42, 0x42, 0x42, 0x16, 0x1D, 0xFF, 0xFF, 0xFF, 0xFF, 0xFF, 0x6F,
    0x05, 0x42, 0x42, 0x42, 0x42, 0x42, 0x16, 0x00, 0x00, 0x5D, 0x22, 0x6D, 0x00, 0x00, 0x00, 0x00,
    0x92, 0x36, 0x94, 0x01, 0x00, 0x00, 0x00, 0x92, 0x36, 0x94, 0x01, 0x00, 0x00, 0x00, 0x92, 0x36,
    0x94, 0x01, 0x00, 0x00, 0x00, 0x92, 0x36, 0x94, 0x01, 0x00, 0x00, 0x00, 0x92, 0x36, 0x94, 0x01,
    0x00, 0x00, 0x00, 0x92, 0x36, 0x94, 0x01, 0x00, 0x1D, 0xFF, 0xFF, 0xFF, 0xFF, 0xFF, 0x6F, 0x05,
    0x3C, 0x3C, 0x3C, 0x3C, 0x3C, 0x13, 0x00, 0x00, 0x4A, 0x16, 0x55, 0x00, 0x00, 0x00, 0x00, 0x92,
    0x36, 0x94, 0x01, 0x00, 0x00, 0x00, 0x92, 0x36, 0x94, 0x01, 0x00, 0x00, 0x00, 0x92, 0x36, 0x94,
    0x01, 0x00, 0x00, 0x00, 0x92, 0x36, 0x94, 0x01, 0x00, 0x00, 0x00, 0x92, 0x36, 0x94, 0x01, 0x00,
    0x1A, 0xFF, 0xFF, 0x36, 0xFF, 0xFF, 0x69, 0x05, 0x42, 0x42, 0x09, 0x3F, 0x42, 0x16, 0x1D, 0xFF,
    0xFF, 0xFF, 0xFF, 0xFF, 0x6F, 0x05, 0x42, 0x42, 0x42, 0x42, 0x42, 0x16, 0x00, 0x00, 0x00, 0x9F,
    0x07, 0x00, 0x00, 0x00, 0x00, 0x00, 0xFF, 0x11, 0x00, 0x00, 0x00, 0x00, 0x00, 0xFF, 0x11, 0x00,
    0x00, 0x00, 0x00, 0x00, 0xFF, 0x11, 0x00, 0x00, 0x00, 0x00, 0x00, 0xFF, 0x11, 0x00, 0x00, 0x00,
    0x00, 0x00, 0xFF, 0x11, 0x00, 0x00, 0x18, 0xE1, 0xE1, 0xFF, 0xE4, 0xE1, 0x5B, 0x0B, 0x78, 0x78,
    0xFF, 0x83, 0x78, 0x28, 0x18, 0xDC, 0xDC, 0xFF, 0xE0, 0xDC, 0x5A, 0x0B, 0x7E, 0x7E, 0xFF, 0x89,
    0x7E, 0x2A, 0x00, 0x00, 0x00, 0xFF, 0x11, 0x00, 0x00, 0x00, 0x00, 0x00, 0xFF, 0x11, 0x00, 0x00,
    0x00, 0x00, 0x00, 0xFF, 0x11, 0x00, 0x00, 0x00, 0x00, 0x00, 0xFF, 0x11, 0x00, 0x00, 0x00, 0x00,
    0x00, 0xFF, 0x11, 0x00, 0x00, 0x00, 0x00, 0x00, 0x0F, 0x00, 0x00, 0x00, 0x00, 0x00, 0x54, 0x19,
    0x62, 0x00, 0x00, 0x00, 0x00, 0x92, 0x36, 0x94, 0x01, 0x00, 0x00, 0x00, 0x92, 0x36, 0x94, 0x01,
    0x00, 0x00, 0x00, 0x92, 0x36, 0x94, 0x01, 0x00, 0x00, 0x00, 0x92, 0x36, 0x94, 0x01, 0x00, 0x00,
    0x00, 0x92, 0x36, 0x94, 0x01, 0x00, 0x00, 0x00, 0x92, 0x36, 0x94, 0x01, 0x00, 0x18, 0xDC, 0xF0,
    0xE9, 0xF0, 0xDC, 0x5A, 0x0B, 0x78, 0xC5, 0x9C, 0xC6, 0x78, 0x28, 0x00, 0x00, 0x92, 0x36, 0x94,
    0x01, 0x00, 0x00, 0x00, 0x92, 0x36, 0x94, 0x01, 0x00, 0x00, 0x00, 0x92, 0x36, 0x94, 0x01, 0x00,
    0x00, 0x00, 0x92, 0x36, 0x94, 0x01, 0x00, 0x00, 0x00, 0x92, 0x36, 0x94, 0x01, 0x00, 0x00, 0x00,
    0x92, 0x36, 0x94, 0x01, 0x00, 0x00, 0x00, 0x07, 0x01, 0x09, 0x00, 0x00, 0x00, 0x00, 0x4F, 0x0C,
    0x56, 0x00, 0x00, 0x00, 0x00, 0x92, 0x1E, 0x92, 0x00, 0x00, 0x00, 0x00, 0x92, 0x1E, 0x92, 0x00,
    0x00, 0x00, 0x00, 0x92, 0x1E, 0x92, 0x00, 0x00, 0x00, 0x00, 0x92, 0x1E, 0x92, 0x00, 0x00, 0x00,
    0x00, 0x92, 0x1E, 0x92, 0x00, 0x00, 0x29, 0xFF, 0xFF, 0x1E, 0xFF, 0xFF, 0x55, 0x09, 0x42, 0x42,
    0x04, 0x41, 0x42, 0x12, 0x2B, 0xFF, 0xFF, 0x18, 0xFF, 0xFF, 0x5A, 0x09, 0x42, 0xAE, 0x1E, 0xAE,
    0x42, 0x12, 0x00, 0x00, 0x92, 0x1E, 0x92, 0x00, 0x00, 0x00, 0x00, 0x92, 0x1E, 0x92, 0x00, 0x00,
    0x00, 0x00, 0x92, 0x1E, 0x92, 0x00, 0x00, 0x00, 0x00, 0x92, 0x1E, 0x92, 0x00, 0x00, 0x00, 0x00,
    0x8B, 0x19, 0x92, 0x00, 0x00, 0x97, 0xFB, 0xED, 0x6F, 0xBF, 0x4C, 0x37, 0x13, 0x77, 0x05, 0x00,
    0x00, 0x72, 0x04, 0x00, 0x00, 0x72, 0x04, 0x00, 0x00, 0x72, 0x04, 0x00, 0x00, 0x72, 0x04, 0x00,
    0x00, 0x6B, 0x03, 0x00, 0x00, 0x00, 0x28, 0xFF, 0xFF, 0xF5, 0x49, 0x00, 0x00, 0x07, 0x3C, 0x3C,
    0x78, 0xFF, 0x00, 0x00, 0x00, 0x00, 0x00, 0x00, 0xFF, 0x10, 0x00, 0x00, 0x00, 0x00, 0x00, 0xFF,
    0x1E, 0x00, 0x00, 0x00, 0x00, 0x00, 0xFF, 0x1E, 0x00, 0x00, 0x00, 0x00, 0x00, 0xFF, 0x1E, 0x00,
    0x00, 0x00, 0x00, 0x00, 0xFF, 0x1E, 0x00, 0x00, 0x00, 0x00, 0x00, 0xF3, 0x19, 0x00, 0x00, 0x00,
    0x00, 0x00, 0xAF, 0x12, 0x00, 0x00, 0x00, 0x00, 0x00, 0xFF, 0x1E, 0x00, 0x00, 0x00, 0x00, 0x00,
    0xFF, 0x1E, 0x00, 0x00, 0x00, 0x00, 0x00, 0xFF, 0x1E, 0x00, 0x00, 0x00, 0x00, 0x00, 0xFF, 0x1E,
    0x00, 0x00, 0x00, 0x00, 0x00, 0xFF, 0x19, 0x00, 0x00, 0x00, 0x00, 0x19, 0xFF, 0x00, 0x00, 0x28,
    0xFF, 0xFF, 0xFF, 0x99, 0x00, 0x00, 0x07, 0x3C, 0x3C, 0x21, 0x00, 0x00, 0x4D, 0x02, 0x00, 0x00,
    0x72, 0x04, 0x00, 0x00, 0x72, 0x04, 0x00, 0x00, 0x72, 0x04, 0x00, 0x00, 0x72, 0x04, 0x00, 0x00,
    0x73, 0x04, 0x00, 0x00, 0x91, 0x0C, 0x00, 0x00, 0xBF, 0xFF, 0xED, 0x6F, 0x0C, 0x35, 0x37, 0x13,
    0x00, 0x00, 0x00, 0x00, 0x00, 0x32, 0x5B, 0x00, 0x00, 0x00, 0x00, 0x00, 0xCE, 0x72, 0x00, 0x00,
    0x00, 0x00, 0x28, 0xE8, 0x00, 0x00, 0x00, 0x00, 0x00, 0x66, 0x84, 0x00, 0x00, 0x00, 0x00, 0x00,
    0xA1, 0x24, 0x00, 0x00, 0x00, 0x00, 0x00, 0xB9, 0x11, 0x00, 0x00, 0x00, 0x00, 0x5A, 0x92, 0x00,
    0x00, 0x00, 0x00, 0x00, 0xE9, 0x45, 0x00, 0x00, 0x00, 0x00, 0x32, 0xFF, 0x01, 0x00, 0x00, 0x00,
    0x00, 0x85, 0x79, 0x00, 0x00, 0x00, 0x00, 0x0C, 0xB6, 0x01, 0x00, 0x00, 0x00, 0x00, 0x21, 0xAA,
    0x00, 0x00, 0x00, 0x00, 0x00, 0x6C, 0x6E, 0x00, 0x00, 0x00, 0x00, 0x00, 0xD5, 0x36, 0x00, 0x00,
    0x00, 0x00, 0x3B, 0xDB, 0x00, 0x00, 0x00, 0x00, 0x00, 0x0E, 0x13, 0x00, 0x00, 0x00, 0x00, 0x00,
    0x2B, 0x4B, 0x00, 0x00, 0x00, 0x00, 0x00, 0x1E, 0xDD, 0x07, 0x00, 0x00, 0x00, 0x00, 0x00, 0xB9,
    0x4C, 0x00, 0x00, 0x00, 0x00, 0x00, 0x49, 0x76, 0x00, 0x00, 0x00, 0x00, 0x00, 0x1B, 0xB4, 0x00,
    0x00, 0x00, 0x00, 0x00, 0x06, 0xA5, 0x0F, 0x00, 0x00, 0x00, 0x00, 0x00, 0x6D, 0xAC, 0x00, 0x00,
    0x00, 0x00, 0x00, 0x1A, 0xFF, 0x07, 0x00, 0x00, 0x00, 0x00, 0x00, 0xC0, 0x62, 0x00, 0x00, 0x00,
    0x00, 0x00, 0x2E, 0x97, 0x02, 0x00, 0x00, 0x00, 0x00, 0x00, 0xB6, 0x18, 0x00, 0x00, 0x00, 0x00,
    0x00, 0x89, 0x30, 0x00, 0x00, 0x00, 0x00, 0x00, 0x54, 0xAA, 0x00, 0x00, 0x00, 0x00, 0x00, 0x15,
    0xE2, 0x0C, 0x00, 0x00, 0x00, 0x00, 0x00, 0xA9, 0xA5, 0x00, 0x00, 0x00, 0x00, 0x00, 0x0B, 0x1C,
    0x2B, 0x4B, 0x00, 0x00, 0x00, 0x32, 0x5B, 0x1E, 0xDD, 0x07, 0x00, 0x00, 0xCC, 0x72, 0x00, 0xB8,
    0x4B, 0x00, 0x27, 0xE8, 0x00, 0x00, 0x48, 0x75, 0x00, 0x65, 0x86, 0x00, 0x00, 0x1B, 0xB1, 0x00,
    0x9E, 0x24, 0x00, 0x00, 0x06, 0xA4, 0x0C, 0xB7, 0x11, 0x00, 0x00, 0x00, 0x6B, 0xCA, 0x92, 0x00,
    0x00, 0x00, 0x00, 0x1A, 0xFF, 0x49, 0x00, 0x00, 0x00, 0x00, 0x30, 0xFF, 0x62, 0x00, 0x00, 0x00,
    0x00, 0x83, 0x9C, 0x97, 0x02, 0x00, 0x00, 0x0C, 0xB5, 0x00, 0xB4, 0x18, 0x00, 0x00, 0x21, 0xA6,
    0x00, 0x87, 0x30, 0x00, 0x00, 0x6B, 0x6E, 0x00, 0x52, 0xAA, 0x00, 0x00, 0xD5, 0x35, 0x00, 0x15,
    0xE1, 0x0C, 0x3A, 0xDB, 0x00, 0x00, 0x00, 0xA8, 0xA5, 0x0E, 0x13, 0x00, 0x00, 0x00, 0x0B, 0x1C,
    0x00, 0x18, 0xFF, 0xFF, 0xFF, 0xB0, 0x00, 0x04, 0x3C, 0x3C, 0x3C, 0x27, 0x70, 0x09, 0xFF, 0x1E,
    0xFF, 0x1E, 0xFF, 0x1E, 0xFF, 0x1E, 0xFF, 0x1E, 0xFF, 0x1E, 0xFF, 0x1C, 0xDD, 0xFF, 0xE4, 0x28,
    0x33, 0x3C, 0x35, 0x07, 0x28, 0x03, 0xFF, 0x1E, 0xFF, 0x1E, 0xFF, 0x1E, 0xFF, 0x1E, 0xFF, 0x1E,
    0xFF, 0x1E, 0xFF, 0x1E, 0x24, 0x03, 0x00, 0x01, 0x18, 0x18, 0x18, 0x0F, 0x00, 0x1E, 0xFF, 0xFF,
    0xFF, 0xD2, 0x00, 0x1B, 0xFF, 0xFF, 0xFF, 0xC8, 0x0D, 0x84, 0x64, 0x2A, 0xFF, 0xF5, 0x2A, 0xFF,
    0xF5, 0x2A, 0xFF, 0xF5, 0x2A, 0xFF, 0xF5, 0x2A, 0xFF, 0xF5, 0x2A, 0xFF, 0xF5, 0x27, 0xFF, 0xE8,
    0x14, 0x18, 0x15, 0x03, 0xE9, 0xFF, 0xE5, 0x30, 0xE5, 0xFF, 0xE5, 0x2D, 0x04, 0x30, 0x24, 0x2A,
    0xFF, 0xF5, 0x2A, 0xFF, 0xF5, 0x2A, 0xFF, 0xF5, 0x2A, 0xFF, 0xF5, 0x2A, 0xFF, 0xF5, 0x2A, 0xFF,
    0xF5, 0x2A, 0xFF, 0xF5, 0x04, 0x2A, 0x1F, 0x00, 0x00, 0x01, 0x18, 0x18, 0x15, 0x0C, 0xAF, 0xB4,
    0xBD, 0xFF, 0xFF, 0xE7, 0xAA, 0xA9, 0xAE, 0xBB, 0xFF, 0xFF, 0xE4, 0xA1, 0x00, 0x67, 0x30, 0x00,
    0xCD, 0x72, 0x00, 0xCD, 0x72, 0x00, 0xCD, 0x72, 0x00, 0xCD, 0x72, 0x00, 0xCD, 0x72, 0x00, 0xCD,
    0x72, 0x04, 0xDA, 0x88, 0x2A, 0xFF, 0xF5, 0x2A, 0xFF, 0xF5, 0x2A, 0xFF, 0xF5, 0x2A, 0xFF, 0xF5,
    0x2A, 0xFF, 0xF5, 0x2A, 0xFF, 0xF5, 0x2A, 0xFF, 0xF5, 0x04, 0x2A, 0x1F, 0x01, 0x18, 0x18, 0x12,
    0x00, 0x00, 0x00, 0x15, 0xFF, 0xFF, 0xFF, 0xB4, 0xB4, 0x54, 0x14, 0xFF, 0xFF, 0xFF, 0xAE, 0xAE,
    0x43, 0x0D, 0x84, 0x64, 0x2A, 0xFF, 0xF5, 0x2A, 0xFF, 0xF5, 0x2A, 0xFF, 0xF5, 0x2A, 0xFF, 0xF5,
    0x2A, 0xFF, 0xF5, 0x2A, 0xFF, 0xF5, 0x27, 0xFF, 0xED, 0x00, 0xCD, 0x72, 0x00, 0xCD, 0x72, 0x00,
    0xCD, 0x72, 0x00, 0xCD, 0x72, 0x00, 0xCD, 0x72, 0x00, 0xCD, 0x72, 0x00, 0xCD, 0x72, 0x00, 0x2D,
    0x15, 0xFF, 0xFF, 0xFF, 0xFF, 0xFF, 0xC8, 0x40, 0xFF, 0xFF, 0xFF, 0xFF, 0xFF, 0xCB, 0x48, 0xFF,
    0xFF, 0xFF, 0xFF, 0xFF, 0xCB, 0x48, 0xFF, 0xFF, 0xFF, 0xFF, 0xFF, 0xCB, 0x48, 0xFF, 0xFF, 0xFF,
    0xFF, 0xFF, 0xCB, 0x48, 0xFF, 0xFF, 0xFF, 0xFF, 0xFF, 0xCB, 0x48, 0xFF, 0xFF, 0xFF, 0xFF, 0xFF,
    0xCB, 0x48, 0x59, 0x5A, 0x5A, 0x5A, 0x5A, 0x45, 0x10, 0xD2, 0xD2, 0xD2, 0xD2, 0xD2, 0xD2, 0xD8,
    0xD7, 0x00, 0x00, 0x00, 0x00, 0x00, 0xD7, 0xD7, 0x00, 0x00, 0x00, 0x00, 0x00, 0xD7, 0xD7, 0x00,
    0x00, 0x00, 0x00, 0x00, 0xD7, 0xD7, 0x00, 0x00, 0x00, 0x00, 0x00, 0xD7, 0xD7, 0x00, 0x00, 0x00,
    0x00, 0x00, 0xD7, 0xD8, 0x06, 0x06, 0x06, 0x06, 0x06, 0xD8, 0xCA, 0xD2, 0xD2, 0xD2, 0xD2, 0xD2,
    0xD2, 0x00, 0x00, 0x4D, 0x00, 0x00, 0x00, 0x00, 0x00, 0x0F, 0xDE, 0x4E, 0x00, 0x00, 0x00, 0x00,
    0x86, 0xF5, 0xE1, 0x00, 0x00, 0x00, 0x0C, 0xBC, 0xFF, 0xFF, 0x44, 0x00, 0x00, 0x6C, 0xEC, 0xFF,
    0xFF, 0xC2, 0x00, 0x00, 0x9B, 0xFF, 0xFF, 0xFF, 0xE6, 0x38, 0x00, 0xE3, 0xFF, 0xFF, 0xFF, 0xFB,
    0xA1, 0x00, 0xA3, 0xAE, 0xAE, 0xAE, 0xAE, 0x7E, 0x0C, 0x4F, 0x04, 0x00, 0x00, 0x00, 0x00, 0x00,
    0xFF, 0xC6, 0x27, 0x00, 0x00, 0x00, 0x00, 0xFF, 0xFF, 0xFF, 0xB1, 0x0E, 0x00, 0x00, 0xFF, 0xFF,
    0xFF, 0xFF, 0xF4, 0x80, 0x06, 0xFF, 0xFF, 0xFF, 0xFF, 0xD2, 0x3C, 0x00, 0xFF, 0xFF, 0xEA, 0x54,
    0x00, 0x00, 0x00, 0xF1, 0x7E, 0x0C, 0x00, 0x00, 0x00, 0x00, 0x21, 0x00, 0x00, 0x00, 0x00, 0x00,
    0x00, 0xC9, 0xDC, 0xDC, 0xDC, 0xDB, 0x9A, 0x0D, 0xCF, 0xFF, 0xFF, 0xFF, 0xF5, 0x86, 0x00, 0x93,
    0xFF, 0xFF, 0xFF, 0xE1, 0x1F, 0x00, 0x51, 0xDF, 0xFF, 0xFF, 0xA0, 0x00, 0x00, 0x02, 0xB7, 0xFF,
    0xFF, 0x25, 0x00, 0x00, 0x00, 0x65, 0xEF, 0xBB, 0x00, 0x00, 0x00, 0x00, 0x03, 0xDB, 0x2B, 0x00,
    0x00, 0x00, 0x00, 0x00, 0x21, 0x00, 0x00, 0x00, 0x00, 0x00, 0x00, 0x00, 0x00, 0x15, 0x6B, 0x2D,
    0x00, 0x00, 0x03, 0x85, 0xFF, 0xCB, 0x48, 0x02, 0x61, 0xEE, 0xFF, 0xFF, 0xCB, 0x48, 0xC9, 0xFF,
    0xFF, 0xFF, 0xFF, 0xCB, 0x48, 0x85, 0xEE, 0xFF, 0xFF, 0xFF, 0xCB, 0x48, 0x00, 0x23, 0xAF, 0xFF,
    0xFF, 0xCB, 0x48, 0x00, 0x00, 0x00, 0x31, 0xCC, 0xCB, 0x48, 0x00, 0x00, 0x00, 0x00, 0x07, 0x2B,
    0x1C, 0x00, 0x00, 0x8B, 0x10, 0x00, 0x00, 0x00, 0x00, 0x84, 0xF5, 0xF1, 0x0E, 0x00, 0x00, 0x6B,
    0xEB, 0xFF, 0xFF, 0xD1, 0x0D, 0x00, 0xE1, 0xFF, 0xFF, 0xFF, 0xFD, 0xB0, 0x0C, 0xCC, 0xFF, 0xFF,
    0xFF, 0xF4, 0x7F, 0x00, 0x4E, 0xDD, 0xFF, 0xFF, 0x99, 0x00, 0x00, 0x00, 0x61, 0xEE, 0xB2, 0x00,
    0x00, 0x00, 0x00, 0x00, 0x43, 0x00, 0x00, 0x00, 0x00, 0x00, 0x00, 0x8B, 0x10, 0x00, 0x00, 0x00,
    0x00, 0x84, 0xF5, 0xF1, 0x0E, 0x00, 0x00, 0x6B, 0xD3, 0x27, 0xBE, 0xD1, 0x0D, 0x00, 0xD1, 0x47,
    0x01, 0x00, 0xAC, 0xB0, 0x0C, 0xCC, 0x65, 0x06, 0x0A, 0xDA, 0x7F, 0x00, 0x4E, 0xDD, 0x4E, 0xE1,
    0x99, 0x00, 0x00, 0x00, 0x61, 0xEE, 0xB2, 0x00, 0x00, 0x00, 0x00, 0x00, 0x43, 0x00, 0x00, 0x00,
    0x00, 0x1A, 0x90, 0xF0, 0xCF, 0x45, 0x00, 0x00, 0xA9, 0xC5, 0x54, 0x87, 0xEC, 0x56, 0x00, 0xAF,
    0x29, 0x00, 0x00, 0x58, 0xB7, 0x04, 0x75, 0x04, 0x00, 0x00, 0x24, 0xC5, 0x33, 0x79, 0x06, 0x00,
    0x00, 0x24, 0xC3, 0x2E, 0xB7, 0x30, 0x00, 0x00, 0x6C, 0xB6, 0x01, 0xA2, 0xC9, 0x77, 0xB1, 0xE8,
    0x41, 0x00, 0x0E, 0x87, 0xD3, 0xAC, 0x2C, 0x00, 0x00, 0x21, 0x9C, 0xF7, 0xD9, 0x52, 0x00, 0x00,
    0xB1, 0xFF, 0xFF, 0xFF, 0xEF, 0x68, 0x00, 0xF5, 0xFF, 0xFF, 0xFF, 0xFF, 0xB9, 0x09, 0xFF, 0xFF,
    0xFF, 0xFF, 0xFF, 0xC6, 0x39, 0xFF, 0xFF, 0xFF, 0xFF, 0xFF, 0xC0, 0x22, 0xD6, 0xFF, 0xFF, 0xFF,
    0xFC, 0xA5, 0x00, 0x74, 0xEF, 0xFF, 0xFF, 0xD5, 0x1A, 0x00, 0x00, 0x27, 0x76, 0x51, 0x00, 0x00,
    0x00, 0x01, 0x06, 0x06, 0x06, 0x06, 0x06, 0x01, 0xA6, 0xA8, 0xA8, 0xA8, 0xA8, 0xA8, 0xAC, 0xA8,
    0x00, 0x00, 0x00, 0x00, 0x00, 0xA8, 0xA8, 0x00, 0x00, 0x00, 0x00, 0x00, 0xA8, 0xA8, 0x00, 0x00,
    0x00, 0x00, 0x00, 0xA8, 0xA8, 0x00, 0x00, 0x00, 0x00, 0x00, 0xA8, 0xA2, 0xA8, 0xA8, 0xA8, 0xA8,
    0xA8, 0xA6, 0x01, 0x06, 0x06, 0x06, 0x06, 0x06, 0x03, 0xAE, 0xA8, 0xA8, 0xA8, 0xA8, 0xA8, 0xA6,
    0xAE, 0x00, 0x00, 0x00, 0x5A, 0x30, 0xAE, 0xAE, 0x00, 0x00, 0x22, 0x85, 0x00, 0xAE, 0xAE, 0x18,
    0x51, 0xAE, 0x06, 0x00, 0xAE, 0xAE, 0x04, 0xBD, 0xBB, 0x00, 0x00, 0xAE, 0xAC, 0xAE, 0xAF, 0xAE,
    0xAE, 0xAE, 0xA7, 0x01, 0x06, 0x06, 0x06, 0x06, 0x06, 0x03, 0x00, 0x00, 0x1F, 0x04, 0x00, 0x00,
    0x00, 0x43, 0x77, 0xEC, 0x96, 0x91, 0x03, 0x00, 0x74, 0xE8, 0xAF, 0xBE, 0xDD, 0x0E, 0x00, 0xE4,
    0x4F, 0x5B, 0x13, 0xB3, 0xB8, 0x07, 0xA5, 0x40, 0xDC, 0x7F, 0x7A, 0x92, 0x00, 0xDD, 0x5B, 0x13,
    0x00, 0xC8, 0xB8, 0x07, 0x6D, 0xEC, 0xC4, 0xEE, 0xDB, 0x03, 0x00, 0x2D, 0x42, 0xE3, 0x63, 0x63,
    0x00, 0x00, 0x00, 0x00, 0x00, 0x00, 0x0C, 0xBA, 0x2A, 0x00, 0x00, 0x00, 0x00, 0xC6, 0xBE, 0x00,
    0x00, 0x00, 0x00, 0x90, 0xE2, 0x01, 0x00, 0x01, 0x81, 0x28, 0xFF, 0x1B, 0x00, 0x00, 0x0D, 0xFF,
    0xFF, 0x70, 0x00, 0x00, 0x00, 0x00, 0xBA, 0xAC, 0x00, 0x00, 0x00, 0x00, 0x00, 0x00, 0x00, 0x00,
    0x00, 0x06, 0x01, 0x00, 0x00, 0xA5, 0x57, 0x24, 0xFF, 0x63, 0x00, 0x00, 0xA3, 0xE7, 0xFF, 0xA6,
    0x00, 0x00, 0x00, 0x34, 0xFF, 0xE7, 0x03, 0x00, 0x00, 0x00, 0x99, 0xFF, 0xEB, 0x00, 0x00, 0x00,
    0x42, 0xFF, 0x93, 0xFF, 0x66, 0x00, 0x0C, 0xFF, 0xB4, 0x00, 0x8E, 0x6C, 0x00, 0x37, 0xFF, 0x13,
    0x00, 0x00, 0x00, 0x00, 0x00, 0x0D, 0x00, 0x00, 0x00, 0x00, 0x00, 0x00, 0x25, 0x09, 0x00, 0x00,
    0x81, 0x6F, 0x1E, 0xFF, 0xAA, 0x00, 0x81, 0xFF, 0xE1, 0x00, 0xFF, 0xFF, 0xA5, 0xFF, 0xF0, 0x0F,
    0x00, 0x84, 0xFF, 0xFF, 0xFF, 0x1B, 0x00, 0x00, 0x3D, 0xFF, 0xFF, 0xDA, 0x00, 0x00, 0x1E, 0xFF,
    0xFF, 0xFF, 0xFF, 0xBA, 0x00, 0xB7, 0xFF, 0xA8, 0xB8, 0xFF, 0xFF, 0x00, 0x87, 0xDA, 0x01, 0x01,
    0x76, 0x28, 0x00, 0x00, 0x00, 0x00, 0x00, 0x00, 0x00, 0x00, 0x00, 0x06, 0x54, 0x31, 0x00, 0x00,
    0x1E, 0xFF, 0xBE, 0x00, 0x00, 0x1E, 0xFF, 0xBE, 0x00, 0x00, 0x1E, 0xFF, 0xBE, 0x00, 0x00, 0x1E,
    0xFF, 0xBE, 0x00, 0x00, 0xB1, 0xFF, 0xFF, 0x40, 0x00, 0x0C, 0xDE, 0x72, 0x00, 0x00, 0x00, 0x00,
    0x00, 0x00,
};
