// Auto-generated VLW font: hack_8
// Size: 21258 bytes (20.8 KB)
#pragma once
#include <pgmspace.h>

const uint8_t hack_8[] PROGMEM = {
    0x00, 0x00, 0x01, 0x65, 0x00, 0x00, 0x00, 0x06, 0x00, 0x00, 0x00, 0x08, 0x00, 0x00, 0x00, 0x00,
    0x00, 0x00, 0x00, 0x08, 0x00, 0x00, 0x00, 0x02, 0x00, 0x00, 0x00, 0x20, 0x00, 0x00, 0x00, 0x00,
    0x00, 0x00, 0x00, 0x00, 0x00, 0x00, 0x00, 0x05, 0x00, 0x00, 0x00, 0x00, 0x00, 0x00, 0x00, 0x00,
    0x00, 0x00, 0x00, 0x00, 0x00, 0x00, 0x00, 0x21, 0x00, 0x00, 0x00, 0x07, 0x00, 0x00, 0x00, 0x03,
    0x00, 0x00, 0x00, 0x05, 0x00, 0x00, 0x00, 0x07, 0x00, 0x00, 0x00, 0x01, 0x00, 0x00, 0x00, 0x00,
    0x00, 0x00, 0x00, 0x22, 0x00, 0x00, 0x00, 0x03, 0x00, 0x00, 0x00, 0x03, 0x00, 0x00, 0x00, 0x05,
    0x00, 0x00, 0x00, 0x07, 0x00, 0x00, 0x00, 0x01, 0x00, 0x00, 0x00, 0x00, 0x00, 0x00, 0x00, 0x23,
    0x00, 0x00, 0x00, 0x07, 0x00, 0x00, 0x00, 0x05, 0x00, 0x00, 0x00, 0x05, 0x00, 0x00, 0x00, 0x07,
    0x00, 0x00, 0x00, 0x00, 0x00, 0x00, 0x00, 0x00, 0x00, 0x00, 0x00, 0x24, 0x00, 0x00, 0x00, 0x09,
    0x00, 0x00, 0x00, 0x05, 0x00, 0x00, 0x00, 0x05, 0x00, 0x00, 0x00, 0x07, 0x00, 0x00, 0x00, 0x00,
    0x00, 0x00, 0x00, 0x00, 0x00, 0x00, 0x00, 0x25, 0x00, 0x00, 0x00, 0x06, 0x00, 0x00, 0x00, 0x05,
    0x00, 0x00, 0x00, 0x05, 0x00, 0x00, 0x00, 0x06, 0x00, 0x00, 0x00, 0x00, 0x00, 0x00, 0x00, 0x00,
    0x00, 0x00, 0x00, 0x26, 0x00, 0x00, 0x00, 0x07, 0x00, 0x00, 0x00, 0x05, 0x00, 0x00, 0x00, 0x05,
    0x00, 0x00, 0x00, 0x07, 0x00, 0x00, 0x00, 0x00, 0x00, 0x00, 0x00, 0x00, 0x00, 0x00, 0x00, 0x27,
    0x00, 0x00, 0x00, 0x03, 0x00, 0x00, 0x00, 0x01, 0x00, 0x00, 0x00, 0x05, 0x00, 0x00, 0x00, 0x07,
    0x00, 0x00, 0x00, 0x02, 0x00, 0x00, 0x00, 0x00, 0x00, 0x00, 0x00, 0x28, 0x00, 0x00, 0x00, 0x08,
    0x00, 0x00, 0x00, 0x02, 0x00, 0x00, 0x00, 0x05, 0x00, 0x00, 0x00, 0x07, 0x00, 0x00, 0x00, 0x01,
    0x00, 0x00, 0x00, 0x00, 0x00, 0x00, 0x00, 0x29, 0x00, 0x00, 0x00, 0x08, 0x00, 0x00, 0x00, 0x03,
    0x00, 0x00, 0x00, 0x05, 0x00, 0x00, 0x00, 0x07, 0x00, 0x00, 0x00, 0x01, 0x00, 0x00, 0x00, 0x00,
    0x00, 0x00, 0x00, 0x2A, 0x00, 0x00, 0x00, 0x05, 0x00, 0x00, 0x00, 0x05, 0x00, 0x00, 0x00, 0x05,
    0x00, 0x00, 0x00, 0x06, 0x00, 0x00, 0x00, 0x00, 0x00, 0x00, 0x00, 0x00, 0x00, 0x00, 0x00, 0x2B,
    0x00, 0x00, 0x00, 0x05, 0x00, 0x00, 0x00, 0x05, 0x00, 0x00, 0x00, 0x05, 0x00, 0x00, 0x00, 0x05,
    0x00, 0x00, 0x00, 0x00, 0x00, 0x00, 0x00, 0x00, 0x00, 0x00, 0x00, 0x2C, 0x00, 0x00, 0x00, 0x04,
    0x00, 0x00, 0x00, 0x03, 0x00, 0x00, 0x00, 0x05, 0x00, 0x00, 0x00, 0x02, 0x00, 0x00, 0x00, 0x01,
    0x00, 0x00, 0x00, 0x00, 0x00, 0x00, 0x00, 0x2D, 0x00, 0x00, 0x00, 0x01, 0x00, 0x00, 0x00, 0x05,
    0x00, 0x00, 0x00, 0x05, 0x00, 0x00, 0x00, 0x03, 0x00, 0x00, 0x00, 0x00, 0x00, 0x00, 0x00, 0x00,
    0x00, 0x00, 0x00, 0x2E, 0x00, 0x00, 0x00, 0x02, 0x00, 0x00, 0x00, 0x03, 0x00, 0x00, 0x00, 0x05,
    0x00, 0x00, 0x00, 0x02, 0x00, 0x00, 0x00, 0x01, 0x00, 0x00, 0x00, 0x00, 0x00, 0x00, 0x00, 0x2F,
    0x00, 0x00, 0x00, 0x08, 0x00, 0x00, 0x00, 0x05, 0x00, 0x00, 0x00, 0x05, 0x00, 0x00, 0x00, 0x07,
    0x00, 0x00, 0x00, 0x00, 0x00, 0x00, 0x00, 0x00, 0x00, 0x00, 0x00, 0x30, 0x00, 0x00, 0x00, 0x07,
    0x00, 0x00, 0x00, 0x05, 0x00, 0x00, 0x00, 0x05, 0x00, 0x00, 0x00, 0x07, 0x00, 0x00, 0x00, 0x00,
    0x00, 0x00, 0x00, 0x00, 0x00, 0x00, 0x00, 0x31, 0x00, 0x00, 0x00, 0x07, 0x00, 0x00, 0x00, 0x05,
    0x00, 0x00, 0x00, 0x05, 0x00, 0x00, 0x00, 0x07, 0x00, 0x00, 0x00, 0x00, 0x00, 0x00, 0x00, 0x00,
    0x00, 0x00, 0x00, 0x32, 0x00, 0x00, 0x00, 0x07, 0x00, 0x00, 0x00, 0x05, 0x00, 0x00, 0x00, 0x05,
    0x00, 0x00, 0x00, 0x07, 0x00, 0x00, 0x00, 0x00, 0x00, 0x00, 0x00, 0x00, 0x00, 0x00, 0x00, 0x33,
    0x00, 0x00, 0x00, 0x07, 0x00, 0x00, 0x00, 0x05, 0x00, 0x00, 0x00, 0x05, 0x00, 0x00, 0x00, 0x07,
    0x00, 0x00, 0x00, 0x00, 0x00, 0x00, 0x00, 0x00, 0x00, 0x00, 0x00, 0x34, 0x00, 0x00, 0x00, 0x07,
    0x00, 0x00, 0x00, 0x05, 0x00, 0x00, 0x00, 0x05, 0x00, 0x00, 0x00, 0x07, 0x00, 0x00, 0x00, 0x00,
    0x00, 0x00, 0x00, 0x00, 0x00, 0x00, 0x00, 0x35, 0x00, 0x00, 0x00, 0x07, 0x00, 0x00, 0x00, 0x05,
    0x00, 0x00, 0x00, 0x05, 0x00, 0x00, 0x00, 0x07, 0x00, 0x00, 0x00, 0x00, 0x00, 0x00, 0x00, 0x00,
    0x00, 0x00, 0x00, 0x36, 0x00, 0x00, 0x00, 0x07, 0x00, 0x00, 0x00, 0x05, 0x00, 0x00, 0x00, 0x05,
    0x00, 0x00, 0x00, 0x07, 0x00, 0x00, 0x00, 0x00, 0x00, 0x00, 0x00, 0x00, 0x00, 0x00, 0x00, 0x37,
    0x00, 0x00, 0x00, 0x07, 0x00, 0x00, 0x00, 0x05, 0x00, 0x00, 0x00, 0x05, 0x00, 0x00, 0x00, 0x07,
    0x00, 0x00, 0x00, 0x00, 0x00, 0x00, 0x00, 0x00, 0x00, 0x00, 0x00, 0x38, 0x00, 0x00, 0x00, 0x07,
    0x00, 0x00, 0x00, 0x05, 0x00, 0x00, 0x00, 0x05, 0x00, 0x00, 0x00, 0x07, 0x00, 0x00, 0x00, 0x00,
    0x00, 0x00, 0x00, 0x00, 0x00, 0x00, 0x00, 0x39, 0x00, 0x00, 0x00, 0x07, 0x00, 0x00, 0x00, 0x05,
    0x00, 0x00, 0x00, 0x05, 0x00, 0x00, 0x00, 0x07, 0x00, 0x00, 0x00, 0x00, 0x00, 0x00, 0x00, 0x00,
    0x00, 0x00, 0x00, 0x3A, 0x00, 0x00, 0x00, 0x05, 0x00, 0x00, 0x00, 0x03, 0x00, 0x00, 0x00, 0x05,
    0x00, 0x00, 0x00, 0x05, 0x00, 0x00, 0x00, 0x01, 0x00, 0x00, 0x00, 0x00, 0x00, 0x00, 0x00, 0x3B,
    0x00, 0x00, 0x00, 0x07, 0x00, 0x00, 0x00, 0x03, 0x00, 0x00, 0x00, 0x05, 0x00, 0x00, 0x00, 0x05,
    0x00, 0x00, 0x00, 0x01, 0x00, 0x00, 0x00, 0x00, 0x00, 0x00, 0x00, 0x3C, 0x00, 0x00, 0x00, 0x05,
    0x00, 0x00, 0x00, 0x05, 0x00, 0x00, 0x00, 0x05, 0x00, 0x00, 0x00, 0x05, 0x00, 0x00, 0x00, 0x00,
    0x00, 0x00, 0x00, 0x00, 0x00, 0x00, 0x00, 0x3D, 0x00, 0x00, 0x00, 0x03, 0x00, 0x00, 0x00, 0x05,
    0x00, 0x00, 0x00, 0x05, 0x00, 0x00, 0x00, 0x04, 0x00, 0x00, 0x00, 0x00, 0x00, 0x00, 0x00, 0x00,
    0x00, 0x00, 0x00, 0x3E, 0x00, 0x00, 0x00, 0x05, 0x00, 0x00, 0x00, 0x05, 0x00, 0x00, 0x00, 0x05,
    0x00, 0x00, 0x00, 0x05, 0x00, 0x00, 0x00, 0x00, 0x00, 0x00, 0x00, 0x00, 0x00, 0x00, 0x00, 0x3F,
    0x00, 0x00, 0x00, 0x07, 0x00, 0x00, 0x00, 0x05, 0x00, 0x00, 0x00, 0x05, 0x00, 0x00, 0x00, 0x07,
    0x00, 0x00, 0x00, 0x00, 0x00, 0x00, 0x00, 0x00, 0x00, 0x00, 0x00, 0x40, 0x00, 0x00, 0x00, 0x08,
    0x00, 0x00, 0x00, 0x05, 0x00, 0x00, 0x00, 0x05, 0x00, 0x00, 0x00, 0x06, 0x00, 0x00, 0x00, 0x00,
    0x00, 0x00, 0x00, 0x00, 0x00, 0x00, 0x00, 0x41, 0x00, 0x00, 0x00, 0x07, 0x00, 0x00, 0x00, 0x05,
    0x00, 0x00, 0x00, 0x05, 0x00, 0x00, 0x00, 0x07, 0x00, 0x00, 0x00, 0x00, 0x00, 0x00, 0x00, 0x00,
    0x00, 0x00, 0x00, 0x42, 0x00, 0x00, 0x00, 0x07, 0x00, 0x00, 0x00, 0x05, 0x00, 0x00, 0x00, 0x05,
    0x00, 0x00, 0x00, 0x07, 0x00, 0x00, 0x00, 0x00, 0x00, 0x00, 0x00, 0x00, 0x00, 0x00, 0x00, 0x43,
    0x00, 0x00, 0x00, 0x07, 0x00, 0x00, 0x00, 0x05, 0x00, 0x00, 0x00, 0x05, 0x00, 0x00, 0x00, 0x07,
    0x00, 0x00, 0x00, 0x00, 0x00, 0x00, 0x00, 0x00, 0x00, 0x00, 0x00, 0x44, 0x00, 0x00, 0x00, 0x07,
    0x00, 0x00, 0x00, 0x05, 0x00, 0x00, 0x00, 0x05, 0x00, 0x00, 0x00, 0x07, 0x00, 0x00, 0x00, 0x00,
    0x00, 0x00, 0x00, 0x00, 0x00, 0x00, 0x00, 0x45, 0x00, 0x00, 0x00, 0x07, 0x00, 0x00, 0x00, 0x05,
    0x00, 0x00, 0x00, 0x05, 0x00, 0x00, 0x00, 0x07, 0x00, 0x00, 0x00, 0x00, 0x00, 0x00, 0x00, 0x00,
    0x00, 0x00, 0x00, 0x46, 0x00, 0x00, 0x00, 0x07, 0x00, 0x00, 0x00, 0x05, 0x00, 0x00, 0x00, 0x05,
    0x00, 0x00, 0x00, 0x07, 0x00, 0x00, 0x00, 0x00, 0x00, 0x00, 0x00, 0x00, 0x00, 0x00, 0x00, 0x47,
    0x00, 0x00, 0x00, 0x07, 0x00, 0x00, 0x00, 0x05, 0x00, 0x00, 0x00, 0x05, 0x00, 0x00, 0x00, 0x07,
    0x00, 0x00, 0x00, 0x00, 0x00, 0x00, 0x00, 0x00, 0x00, 0x00, 0x00, 0x48, 0x00, 0x00, 0x00, 0x07,
    0x00, 0x00, 0x00, 0x05, 0x00, 0x00, 0x00, 0x05, 0x00, 0x00, 0x00, 0x07, 0x00, 0x00, 0x00, 0x00,
    0x00, 0x00, 0x00, 0x00, 0x00, 0x00, 0x00, 0x49, 0x00, 0x00, 0x00, 0x07, 0x00, 0x00, 0x00, 0x05,
    0x00, 0x00, 0x00, 0x05, 0x00, 0x00, 0x00, 0x07, 0x00, 0x00, 0x00, 0x00, 0x00, 0x00, 0x00, 0x00,
    0x00, 0x00, 0x00, 0x4A, 0x00, 0x00, 0x00, 0x07, 0x00, 0x00, 0x00, 0x04, 0x00, 0x00, 0x00, 0x05,
    0x00, 0x00, 0x00, 0x07, 0x00, 0x00, 0x00, 0x00, 0x00, 0x00, 0x00, 0x00, 0x00, 0x00, 0x00, 0x4B,
    0x00, 0x00, 0x00, 0x07, 0x00, 0x00, 0x00, 0x05, 0x00, 0x00, 0x00, 0x05, 0x00, 0x00, 0x00, 0x07,
    0x00, 0x00, 0x00, 0x00, 0x00, 0x00, 0x00, 0x00, 0x00, 0x00, 0x00, 0x4C, 0x00, 0x00, 0x00, 0x07,
    0x00, 0x00, 0x00, 0x05, 0x00, 0x00, 0x00, 0x05, 0x00, 0x00, 0x00, 0x07, 0x00, 0x00, 0x00, 0x00,
    0x00, 0x00, 0x00, 0x00, 0x00, 0x00, 0x00, 0x4D, 0x00, 0x00, 0x00, 0x07, 0x00, 0x00, 0x00, 0x05,
    0x00, 0x00, 0x00, 0x05, 0x00, 0x00, 0x00, 0x07, 0x00, 0x00, 0x00, 0x00, 0x00, 0x00, 0x00, 0x00,
    0x00, 0x00, 0x00, 0x4E, 0x00, 0x00, 0x00, 0x07, 0x00, 0x00, 0x00, 0x05, 0x00, 0x00, 0x00, 0x05,
    0x00, 0x00, 0x00, 0x07, 0x00, 0x00, 0x00, 0x00, 0x00, 0x00, 0x00, 0x00, 0x00, 0x00, 0x00, 0x4F,
    0x00, 0x00, 0x00, 0x07, 0x00, 0x00, 0x00, 0x05, 0x00, 0x00, 0x00, 0x05, 0x00, 0x00, 0x00, 0x07,
    0x00, 0x00, 0x00, 0x00, 0x00, 0x00, 0x00, 0x00, 0x00, 0x00, 0x00, 0x50, 0x00, 0x00, 0x00, 0x07,
    0x00, 0x00, 0x00, 0x05, 0x00, 0x00, 0x00, 0x05, 0x00, 0x00, 0x00, 0x07, 0x00, 0x00, 0x00, 0x00,
    0x00, 0x00, 0x00, 0x00, 0x00, 0x00, 0x00, 0x51, 0x00, 0x00, 0x00, 0x09, 0x00, 0x00, 0x00, 0x05,
    0x00, 0x00, 0x00, 0x05, 0x00, 0x00, 0x00, 0x07, 0x00, 0x00, 0x00, 0x00, 0x00, 0x00, 0x00, 0x00,
    0x00, 0x00, 0x00, 0x52, 0x00, 0x00, 0x00, 0x07, 0x00, 0x00, 0x00, 0x05, 0x00, 0x00, 0x00, 0x05,
    0x00, 0x00, 0x00, 0x07, 0x00, 0x00, 0x00, 0x00, 0x00, 0x00, 0x00, 0x00, 0x00, 0x00, 0x00, 0x53,
    0x00, 0x00, 0x00, 0x07, 0x00, 0x00, 0x00, 0x05, 0x00, 0x00, 0x00, 0x05, 0x00, 0x00, 0x00, 0x07,
    0x00, 0x00, 0x00, 0x00, 0x00, 0x00, 0x00, 0x00, 0x00, 0x00, 0x00, 0x54, 0x00, 0x00, 0x00, 0x07,
    0x00, 0x00, 0x00, 0x05, 0x00, 0x00, 0x00, 0x05, 0x00, 0x00, 0x00, 0x07, 0x00, 0x00, 0x00, 0x00,
    0x00, 0x00, 0x00, 0x00, 0x00, 0x00, 0x00, 0x55, 0x00, 0x00, 0x00, 0x07, 0x00, 0x00, 0x00, 0x05,
    0x00, 0x00, 0x00, 0x05, 0x00, 0x00, 0x00, 0x07, 0x00, 0x00, 0x00, 0x00, 0x00, 0x00, 0x00, 0x00,
    0x00, 0x00, 0x00, 0x56, 0x00, 0x00, 0x00, 0x07, 0x00, 0x00, 0x00, 0x05, 0x00, 0x00, 0x00, 0x05,
    0x00, 0x00, 0x00, 0x07, 0x00, 0x00, 0x00, 0x00, 0x00, 0x00, 0x00, 0x00, 0x00, 0x00, 0x00, 0x57,
    0x00, 0x00, 0x00, 0x07, 0x00, 0x00, 0x00, 0x05, 0x00, 0x00, 0x00, 0x05, 0x00, 0x00, 0x00, 0x07,
    0x00, 0x00, 0x00, 0x00, 0x00, 0x00, 0x00, 0x00, 0x00, 0x00, 0x00, 0x58, 0x00, 0x00, 0x00, 0x07,
    0x00, 0x00, 0x00, 0x05, 0x00, 0x00, 0x00, 0x05, 0x00, 0x00, 0x00, 0x07, 0x00, 0x00, 0x00, 0x00,
    0x00, 0x00, 0x00, 0x00, 0x00, 0x00, 0x00, 0x59, 0x00, 0x00, 0x00, 0x07, 0x00, 0x00, 0x00, 0x05,
    0x00, 0x00, 0x00, 0x05, 0x00, 0x00, 0x00, 0x07, 0x00, 0x00, 0x00, 0x00, 0x00, 0x00, 0x00, 0x00,
    0x00, 0x00, 0x00, 0x5A, 0x00, 0x00, 0x00, 0x07, 0x00, 0x00, 0x00, 0x05, 0x00, 0x00, 0x00, 0x05,
    0x00, 0x00, 0x00, 0x07, 0x00, 0x00, 0x00, 0x00, 0x00, 0x00, 0x00, 0x00, 0x00, 0x00, 0x00, 0x5B,
    0x00, 0x00, 0x00, 0x09, 0x00, 0x00, 0x00, 0x03, 0x00, 0x00, 0x00, 0x05, 0x00, 0x00, 0x00, 0x08,
    0x00, 0x00, 0x00, 0x01, 0x00, 0x00, 0x00, 0x00, 0x00, 0x00, 0x00, 0x5C, 0x00, 0x00, 0x00, 0x08,
    0x00, 0x00, 0x00, 0x05, 0x00, 0x00, 0x00, 0x05, 0x00, 0x00, 0x00, 0x07, 0x00, 0x00, 0x00, 0x00,
    0x00, 0x00, 0x00, 0x00, 0x00, 0x00, 0x00, 0x5D, 0x00, 0x00, 0x00, 0x09, 0x00, 0x00, 0x00, 0x03,
    0x00, 0x00, 0x00, 0x05, 0x00, 0x00, 0x00, 0x08, 0x00, 0x00, 0x00, 0x01, 0x00, 0x00, 0x00, 0x00,
    0x00, 0x00, 0x00, 0x5E, 0x00, 0x00, 0x00, 0x03, 0x00, 0x00, 0x00, 0x05, 0x00, 0x00, 0x00, 0x05,
    0x00, 0x00, 0x00, 0x07, 0x00, 0x00, 0x00, 0x00, 0x00, 0x00, 0x00, 0x00, 0x00, 0x00, 0x00, 0x5F,
    0x00, 0x00, 0x00, 0x01, 0x00, 0x00, 0x00, 0x05, 0x00, 0x00, 0x00, 0x05, 0xFF, 0xFF, 0xFF, 0xFF,
    0x00, 0x00, 0x00, 0x00, 0x00, 0x00, 0x00, 0x00, 0x00, 0x00, 0x00, 0x60, 0x00, 0x00, 0x00, 0x02,
    0x00, 0x00, 0x00, 0x02, 0x00, 0x00, 0x00, 0x05, 0x00, 0x00, 0x00, 0x08, 0x00, 0x00, 0x00, 0x01,
    0x00, 0x00, 0x00, 0x00, 0x00, 0x00, 0x00, 0x61, 0x00, 0x00, 0x00, 0x05, 0x00, 0x00, 0x00, 0x05,
    0x00, 0x00, 0x00, 0x05, 0x00, 0x00, 0x00, 0x05, 0x00, 0x00, 0x00, 0x00, 0x00, 0x00, 0x00, 0x00,
    0x00, 0x00, 0x00, 0x62, 0x00, 0x00, 0x00, 0x07, 0x00, 0x00, 0x00, 0x05, 0x00, 0x00, 0x00, 0x05,
    0x00, 0x00, 0x00, 0x07, 0x00, 0x00, 0x00, 0x00, 0x00, 0x00, 0x00, 0x00, 0x00, 0x00, 0x00, 0x63,
    0x00, 0x00, 0x00, 0x05, 0x00, 0x00, 0x00, 0x05, 0x00, 0x00, 0x00, 0x05, 0x00, 0x00, 0x00, 0x05,
    0x00, 0x00, 0x00, 0x00, 0x00, 0x00, 0x00, 0x00, 0x00, 0x00, 0x00, 0x64, 0x00, 0x00, 0x00, 0x07,
    0x00, 0x00, 0x00, 0x05, 0x00, 0x00, 0x00, 0x05, 0x00, 0x00, 0x00, 0x07, 0x00, 0x00, 0x00, 0x00,
    0x00, 0x00, 0x00, 0x00, 0x00, 0x00, 0x00, 0x65, 0x00, 0x00, 0x00, 0x05, 0x00, 0x00, 0x00, 0x05,
    0x00, 0x00, 0x00, 0x05, 0x00, 0x00, 0x00, 0x05, 0x00, 0x00, 0x00, 0x00, 0x00, 0x00, 0x00, 0x00,
    0x00, 0x00, 0x00, 0x66, 0x00, 0x00, 0x00, 0x07, 0x00, 0x00, 0x00, 0x05, 0x00, 0x00, 0x00, 0x05,
    0x00, 0x00, 0x00, 0x07, 0x00, 0x00, 0x00, 0x00, 0x00, 0x00, 0x00, 0x00, 0x00, 0x00, 0x00, 0x67,
    0x00, 0x00, 0x00, 0x07, 0x00, 0x00, 0x00, 0x05, 0x00, 0x00, 0x00, 0x05, 0x00, 0x00, 0x00, 0x05,
    0x00, 0x00, 0x00, 0x00, 0x00, 0x00, 0x00, 0x00, 0x00, 0x00, 0x00, 0x68, 0x00, 0x00, 0x00, 0x07,
    0x00, 0x00, 0x00, 0x05, 0x00, 0x00, 0x00, 0x05, 0x00, 0x00, 0x00, 0x07, 0x00, 0x00, 0x00, 0x00,
    0x00, 0x00, 0x00, 0x00, 0x00, 0x00, 0x00, 0x69, 0x00, 0x00, 0x00, 0x08, 0x00, 0x00, 0x00, 0x04,
    0x00, 0x00, 0x00, 0x05, 0x00, 0x00, 0x00, 0x08, 0x00, 0x00, 0x00, 0x01, 0x00, 0x00, 0x00, 0x00,
    0x00, 0x00, 0x00, 0x6A, 0x00, 0x00, 0x00, 0x0A, 0x00, 0x00, 0x00, 0x04, 0x00, 0x00, 0x00, 0x05,
    0x00, 0x00, 0x00, 0x08, 0x00, 0x00, 0x00, 0x00, 0x00, 0x00, 0x00, 0x00, 0x00, 0x00, 0x00, 0x6B,
    0x00, 0x00, 0x00, 0x07, 0x00, 0x00, 0x00, 0x05, 0x00, 0x00, 0x00, 0x05, 0x00, 0x00, 0x00, 0x07,
    0x00, 0x00, 0x00, 0x00, 0x00, 0x00, 0x00, 0x00, 0x00, 0x00, 0x00, 0x6C, 0x00, 0x00, 0x00, 0x07,
    0x00, 0x00, 0x00, 0x05, 0x00, 0x00, 0x00, 0x05, 0x00, 0x00, 0x00, 0x07, 0x00, 0x00, 0x00, 0x00,
    0x00, 0x00, 0x00, 0x00, 0x00, 0x00, 0x00, 0x6D, 0x00, 0x00, 0x00, 0x05, 0x00, 0x00, 0x00, 0x05,
    0x00, 0x00, 0x00, 0x05, 0x00, 0x00, 0x00, 0x05, 0x00, 0x00, 0x00, 0x00, 0x00, 0x00, 0x00, 0x00,
    0x00, 0x00, 0x00, 0x6E, 0x00, 0x00, 0x00, 0x05, 0x00, 0x00, 0x00, 0x05, 0x00, 0x00, 0x00, 0x05,
    0x00, 0x00, 0x00, 0x05, 0x00, 0x00, 0x00, 0x00, 0x00, 0x00, 0x00, 0x00, 0x00, 0x00, 0x00, 0x6F,
    0x00, 0x00, 0x00, 0x05, 0x00, 0x00, 0x00, 0x05, 0x00, 0x00, 0x00, 0x05, 0x00, 0x00, 0x00, 0x05,
    0x00, 0x00, 0x00, 0x00, 0x00, 0x00, 0x00, 0x00, 0x00, 0x00, 0x00, 0x70, 0x00, 0x00, 0x00, 0x07,
    0x00, 0x00, 0x00, 0x05, 0x00, 0x00, 0x00, 0x05, 0x00, 0x00, 0x00, 0x05, 0x00, 0x00, 0x00, 0x00,
    0x00, 0x00, 0x00, 0x00, 0x00, 0x00, 0x00, 0x71, 0x00, 0x00, 0x00, 0x07, 0x00, 0x00, 0x00, 0x05,
    0x00, 0x00, 0x00, 0x05, 0x00, 0x00, 0x00, 0x05, 0x00, 0x00, 0x00, 0x00, 0x00, 0x00, 0x00, 0x00,
    0x00, 0x00, 0x00, 0x72, 0x00, 0x00, 0x00, 0x05, 0x00, 0x00, 0x00, 0x04, 0x00, 0x00, 0x00, 0x05,
    0x00, 0x00, 0x00, 0x05, 0x00, 0x00, 0x00, 0x01, 0x00, 0x00, 0x00, 0x00, 0x00, 0x00, 0x00, 0x73,
    0x00, 0x00, 0x00, 0x05, 0x00, 0x00, 0x00, 0x05, 0x00, 0x00, 0x00, 0x05, 0x00, 0x00, 0x00, 0x05,
    0x00, 0x00, 0x00, 0x00, 0x00, 0x00, 0x00, 0x00, 0x00, 0x00, 0x00, 0x74, 0x00, 0x00, 0x00, 0x07,
    0x00, 0x00, 0x00, 0x05, 0x00, 0x00, 0x00, 0x05, 0x00, 0x00, 0x00, 0x07, 0x00, 0x00, 0x00, 0x00,
    0x00, 0x00, 0x00, 0x00, 0x00, 0x00, 0x00, 0x75, 0x00, 0x00, 0x00, 0x05, 0x00, 0x00, 0x00, 0x05,
    0x00, 0x00, 0x00, 0x05, 0x00, 0x00, 0x00, 0x05, 0x00, 0x00, 0x00, 0x00, 0x00, 0x00, 0x00, 0x00,
    0x00, 0x00, 0x00, 0x76, 0x00, 0x00, 0x00, 0x05, 0x00, 0x00, 0x00, 0x05, 0x00, 0x00, 0x00, 0x05,
    0x00, 0x00, 0x00, 0x05, 0x00, 0x00, 0x00, 0x00, 0x00, 0x00, 0x00, 0x00, 0x00, 0x00, 0x00, 0x77,
    0x00, 0x00, 0x00, 0x05, 0x00, 0x00, 0x00, 0x05, 0x00, 0x00, 0x00, 0x05, 0x00, 0x00, 0x00, 0x05,
    0x00, 0x00, 0x00, 0x00, 0x00, 0x00, 0x00, 0x00, 0x00, 0x00, 0x00, 0x78, 0x00, 0x00, 0x00, 0x05,
    0x00, 0x00, 0x00, 0x05, 0x00, 0x00, 0x00, 0x05, 0x00, 0x00, 0x00, 0x05, 0x00, 0x00, 0x00, 0x00,
    0x00, 0x00, 0x00, 0x00, 0x00, 0x00, 0x00, 0x79, 0x00, 0x00, 0x00, 0x07, 0x00, 0x00, 0x00, 0x05,
    0x00, 0x00, 0x00, 0x05, 0x00, 0x00, 0x00, 0x05, 0x00, 0x00, 0x00, 0x00, 0x00, 0x00, 0x00, 0x00,
    0x00, 0x00, 0x00, 0x7A, 0x00, 0x00, 0x00, 0x05, 0x00, 0x00, 0x00, 0x05, 0x00, 0x00, 0x00, 0x05,
    0x00, 0x00, 0x00, 0x05, 0x00, 0x00, 0x00, 0x00, 0x00, 0x00, 0x00, 0x00, 0x00, 0x00, 0x00, 0x7B,
    0x00, 0x00, 0x00, 0x09, 0x00, 0x00, 0x00, 0x04, 0x00, 0x00, 0x00, 0x05, 0x00, 0x00, 0x00, 0x08,
    0x00, 0x00, 0x00, 0x00, 0x00, 0x00, 0x00, 0x00, 0x00, 0x00, 0x00, 0x7C, 0x00, 0x00, 0x00, 0x09,
    0x00, 0x00, 0x00, 0x01, 0x00, 0x00, 0x00, 0x05, 0x00, 0x00, 0x00, 0x07, 0x00, 0x00, 0x00, 0x02,
    0x00, 0x00, 0x00, 0x00, 0x00, 0x00, 0x00, 0x7D, 0x00, 0x00, 0x00, 0x09, 0x00, 0x00, 0x00, 0x04,
    0x00, 0x00, 0x00, 0x05, 0x00, 0x00, 0x00, 0x08, 0x00, 0x00, 0x00, 0x01, 0x00, 0x00, 0x00, 0x00,
    0x00, 0x00, 0x00, 0x7E, 0x00, 0x00, 0x00, 0x02, 0x00, 0x00, 0x00, 0x05, 0x00, 0x00, 0x00, 0x05,
    0x00, 0x00, 0x00, 0x03, 0x00, 0x00, 0x00, 0x00, 0x00, 0x00, 0x00, 0x00, 0x00, 0x00, 0x00, 0xA0,
    0x00, 0x00, 0x00, 0x00, 0x00, 0x00, 0x00, 0x00, 0x00, 0x00, 0x00, 0x05, 0x00, 0x00, 0x00, 0x00,
    0x00, 0x00, 0x00, 0x00, 0x00, 0x00, 0x00, 0x00, 0x00, 0x00, 0x00, 0xA1, 0x00, 0x00, 0x00, 0x07,
    0x00, 0x00, 0x00, 0x03, 0x00, 0x00, 0x00, 0x05, 0x00, 0x00, 0x00, 0x07, 0x00, 0x00, 0x00, 0x01,
    0x00, 0x00, 0x00, 0x00, 0x00, 0x00, 0x00, 0xA2, 0x00, 0x00, 0x00, 0x08, 0x00, 0x00, 0x00, 0x05,
    0x00, 0x00, 0x00, 0x05, 0x00, 0x00, 0x00, 0x07, 0x00, 0x00, 0x00, 0x00, 0x00, 0x00, 0x00, 0x00,
    0x00, 0x00, 0x00, 0xA3, 0x00, 0x00, 0x00, 0x07, 0x00, 0x00, 0x00, 0x05, 0x00, 0x00, 0x00, 0x05,
    0x00, 0x00, 0x00, 0x07, 0x00, 0x00, 0x00, 0x00, 0x00, 0x00, 0x00, 0x00, 0x00, 0x00, 0x00, 0xA4,
    0x00, 0x00, 0x00, 0x05, 0x00, 0x00, 0x00, 0x05, 0x00, 0x00, 0x00, 0x05, 0x00, 0x00, 0x00, 0x05,
    0x00, 0x00, 0x00, 0x00, 0x00, 0x00, 0x00, 0x00, 0x00, 0x00, 0x00, 0xA5, 0x00, 0x00, 0x00, 0x07,
    0x00, 0x00, 0x00, 0x05, 0x00, 0x00, 0x00, 0x05, 0x00, 0x00, 0x00, 0x07, 0x00, 0x00, 0x00, 0x00,
    0x00, 0x00, 0x00, 0x00, 0x00, 0x00, 0x00, 0xA6, 0x00, 0x00, 0x00, 0x08, 0x00, 0x00, 0x00, 0x01,
    0x00, 0x00, 0x00, 0x05, 0x00, 0x00, 0x00, 0x06, 0x00, 0x00, 0x00, 0x02, 0x00, 0x00, 0x00, 0x00,
    0x00, 0x00, 0x00, 0xA7, 0x00, 0x00, 0x00, 0x08, 0x00, 0x00, 0x00, 0x05, 0x00, 0x00, 0x00, 0x05,
    0x00, 0x00, 0x00, 0x07, 0x00, 0x00, 0x00, 0x00, 0x00, 0x00, 0x00, 0x00, 0x00, 0x00, 0x00, 0xA8,
    0x00, 0x00, 0x00, 0x01, 0x00, 0x00, 0x00, 0x03, 0x00, 0x00, 0x00, 0x05, 0x00, 0x00, 0x00, 0x07,
    0x00, 0x00, 0x00, 0x01, 0x00, 0x00, 0x00, 0x00, 0x00, 0x00, 0x00, 0xA9, 0x00, 0x00, 0x00, 0x06,
    0x00, 0x00, 0x00, 0x05, 0x00, 0x00, 0x00, 0x05, 0x00, 0x00, 0x00, 0x06, 0x00, 0x00, 0x00, 0x00,
    0x00, 0x00, 0x00, 0x00, 0x00, 0x00, 0x00, 0xAA, 0x00, 0x00, 0x00, 0x05, 0x00, 0x00, 0x00, 0x03,
    0x00, 0x00, 0x00, 0x05, 0x00, 0x00, 0x00, 0x06, 0x00, 0x00, 0x00, 0x01, 0x00, 0x00, 0x00, 0x00,
    0x00, 0x00, 0x00, 0xAB, 0x00, 0x00, 0x00, 0x05, 0x00, 0x00, 0x00, 0x04, 0x00, 0x00, 0x00, 0x05,
    0x00, 0x00, 0x00, 0x05, 0x00, 0x00, 0x00, 0x00, 0x00, 0x00, 0x00, 0x00, 0x00, 0x00, 0x00, 0xAC,
    0x00, 0x00, 0x00, 0x03, 0x00, 0x00, 0x00, 0x05, 0x00, 0x00, 0x00, 0x05, 0x00, 0x00, 0x00, 0x04,
    0x00, 0x00, 0x00, 0x00, 0x00, 0x00, 0x00, 0x00, 0x00, 0x00, 0x00, 0xAD, 0x00, 0x00, 0x00, 0x01,
    0x00, 0x00, 0x00, 0x03, 0x00, 0x00, 0x00, 0x05, 0x00, 0x00, 0x00, 0x03, 0x00, 0x00, 0x00, 0x01,
    0x00, 0x00, 0x00, 0x00, 0x00, 0x00, 0x00, 0xAE, 0x00, 0x00, 0x00, 0x06, 0x00, 0x00, 0x00, 0x05,
    0x00, 0x00, 0x00, 0x05, 0x00, 0x00, 0x00, 0x06, 0x00, 0x00, 0x00, 0x00, 0x00, 0x00, 0x00, 0x00,
    0x00, 0x00, 0x00, 0xAF, 0x00, 0x00, 0x00, 0x01, 0x00, 0x00, 0x00, 0x03, 0x00, 0x00, 0x00, 0x05,
    0x00, 0x00, 0x00, 0x07, 0x00, 0x00, 0x00, 0x01, 0x00, 0x00, 0x00, 0x00, 0x00, 0x00, 0x00, 0xB0,
    0x00, 0x00, 0x00, 0x03, 0x00, 0x00, 0x00, 0x03, 0x00, 0x00, 0x00, 0x05, 0x00, 0x00, 0x00, 0x07,
    0x00, 0x00, 0x00, 0x01, 0x00, 0x00, 0x00, 0x00, 0x00, 0x00, 0x00, 0xB1, 0x00, 0x00, 0x00, 0x05,
    0x00, 0x00, 0x00, 0x05, 0x00, 0x00, 0x00, 0x05, 0x00, 0x00, 0x00, 0x05, 0x00, 0x00, 0x00, 0x00,
    0x00, 0x00, 0x00, 0x00, 0x00, 0x00, 0x00, 0xB2, 0x00, 0x00, 0x00, 0x04, 0x00, 0x00, 0x00, 0x03,
    0x00, 0x00, 0x00, 0x05, 0x00, 0x00, 0x00, 0x08, 0x00, 0x00, 0x00, 0x01, 0x00, 0x00, 0x00, 0x00,
    0x00, 0x00, 0x00, 0xB3, 0x00, 0x00, 0x00, 0x04, 0x00, 0x00, 0x00, 0x03, 0x00, 0x00, 0x00, 0x05,
    0x00, 0x00, 0x00, 0x08, 0x00, 0x00, 0x00, 0x01, 0x00, 0x00, 0x00, 0x00, 0x00, 0x00, 0x00, 0xB4,
    0x00, 0x00, 0x00, 0x02, 0x00, 0x00, 0x00, 0x03, 0x00, 0x00, 0x00, 0x05, 0x00, 0x00, 0x00, 0x08,
    0x00, 0x00, 0x00, 0x01, 0x00, 0x00, 0x00, 0x00, 0x00, 0x00, 0x00, 0xB5, 0x00, 0x00, 0x00, 0x07,
    0x00, 0x00, 0x00, 0x05, 0x00, 0x00, 0x00, 0x05, 0x00, 0x00, 0x00, 0x05, 0x00, 0x00, 0x00, 0x00,
    0x00, 0x00, 0x00, 0x00, 0x00, 0x00, 0x00, 0xB6, 0x00, 0x00, 0x00, 0x08, 0x00, 0x00, 0x00, 0x05,
    0x00, 0x00, 0x00, 0x05, 0x00, 0x00, 0x00, 0x07, 0x00, 0x00, 0x00, 0x00, 0x00, 0x00, 0x00, 0x00,
    0x00, 0x00, 0x00, 0xB7, 0x00, 0x00, 0x00, 0x03, 0x00, 0x00, 0x00, 0x03, 0x00, 0x00, 0x00, 0x05,
    0x00, 0x00, 0x00, 0x05, 0x00, 0x00, 0x00, 0x01, 0x00, 0x00, 0x00, 0x00, 0x00, 0x00, 0x00, 0xB8,
    0x00, 0x00, 0x00, 0x02, 0x00, 0x00, 0x00, 0x03, 0x00, 0x00, 0x00, 0x05, 0x00, 0x00, 0x00, 0x00,
    0x00, 0x00, 0x00, 0x01, 0x00, 0x00, 0x00, 0x00, 0x00, 0x00, 0x00, 0xB9, 0x00, 0x00, 0x00, 0x04,
    0x00, 0x00, 0x00, 0x03, 0x00, 0x00, 0x00, 0x05, 0x00, 0x00, 0x00, 0x08, 0x00, 0x00, 0x00, 0x01,
    0x00, 0x00, 0x00, 0x00, 0x00, 0x00, 0x00, 0xBA, 0x00, 0x00, 0x00, 0x05, 0x00, 0x00, 0x00, 0x04,
    0x00, 0x00, 0x00, 0x05, 0x00, 0x00, 0x00, 0x07, 0x00, 0x00, 0x00, 0x00, 0x00, 0x00, 0x00, 0x00,
    0x00, 0x00, 0x00, 0xBB, 0x00, 0x00, 0x00, 0x05, 0x00, 0x00, 0x00, 0x05, 0x00, 0x00, 0x00, 0x05,
    0x00, 0x00, 0x00, 0x05, 0x00, 0x00, 0x00, 0x00, 0x00, 0x00, 0x00, 0x00, 0x00, 0x00, 0x00, 0xBC,
    0x00, 0x00, 0x00, 0x09, 0x00, 0x00, 0x00, 0x05, 0x00, 0x00, 0x00, 0x05, 0x00, 0x00, 0x00, 0x07,
    0x00, 0x00, 0x00, 0x00, 0x00, 0x00, 0x00, 0x00, 0x00, 0x00, 0x00, 0xBD, 0x00, 0x00, 0x00, 0x09,
    0x00, 0x00, 0x00, 0x05, 0x00, 0x00, 0x00, 0x05, 0x00, 0x00, 0x00, 0x08, 0x00, 0x00, 0x00, 0x00,
    0x00, 0x00, 0x00, 0x00, 0x00, 0x00, 0x00, 0xBE, 0x00, 0x00, 0x00, 0x09, 0x00, 0x00, 0x00, 0x05,
    0x00, 0x00, 0x00, 0x05, 0x00, 0x00, 0x00, 0x07, 0x00, 0x00, 0x00, 0x00, 0x00, 0x00, 0x00, 0x00,
    0x00, 0x00, 0x00, 0xBF, 0x00, 0x00, 0x00, 0x08, 0x00, 0x00, 0x00, 0x04, 0x00, 0x00, 0x00, 0x05,
    0x00, 0x00, 0x00, 0x08, 0x00, 0x00, 0x00, 0x00, 0x00, 0x00, 0x00, 0x00, 0x00, 0x00, 0x00, 0xC0,
    0x00, 0x00, 0x00, 0x09, 0x00, 0x00, 0x00, 0x05, 0x00, 0x00, 0x00, 0x05, 0x00, 0x00, 0x00, 0x09,
    0x00, 0x00, 0x00, 0x00, 0x00, 0x00, 0x00, 0x00, 0x00, 0x00, 0x00, 0xC1, 0x00, 0x00, 0x00, 0x09,
    0x00, 0x00, 0x00, 0x05, 0x00, 0x00, 0x00, 0x05, 0x00, 0x00, 0x00, 0x09, 0x00, 0x00, 0x00, 0x00,
    0x00, 0x00, 0x00, 0x00, 0x00, 0x00, 0x00, 0xC2, 0x00, 0x00, 0x00, 0x09, 0x00, 0x00, 0x00, 0x05,
    0x00, 0x00, 0x00, 0x05, 0x00, 0x00, 0x00, 0x09, 0x00, 0x00, 0x00, 0x00, 0x00, 0x00, 0x00, 0x00,
    0x00, 0x00, 0x00, 0xC3, 0x00, 0x00, 0x00, 0x0A, 0x00, 0x00, 0x00, 0x05, 0x00, 0x00, 0x00, 0x05,
    0x00, 0x00, 0x00, 0x0A, 0x00, 0x00, 0x00, 0x00, 0x00, 0x00, 0x00, 0x00, 0x00, 0x00, 0x00, 0xC4,
    0x00, 0x00, 0x00, 0x09, 0x00, 0x00, 0x00, 0x05, 0x00, 0x00, 0x00, 0x05, 0x00, 0x00, 0x00, 0x09,
    0x00, 0x00, 0x00, 0x00, 0x00, 0x00, 0x00, 0x00, 0x00, 0x00, 0x00, 0xC5, 0x00, 0x00, 0x00, 0x09,
    0x00, 0x00, 0x00, 0x05, 0x00, 0x00, 0x00, 0x05, 0x00, 0x00, 0x00, 0x09, 0x00, 0x00, 0x00, 0x00,
    0x00, 0x00, 0x00, 0x00, 0x00, 0x00, 0x00, 0xC6, 0x00, 0x00, 0x00, 0x07, 0x00, 0x00, 0x00, 0x05,
    0x00, 0x00, 0x00, 0x05, 0x00, 0x00, 0x00, 0x07, 0x00, 0x00, 0x00, 0x00, 0x00, 0x00, 0x00, 0x00,
    0x00, 0x00, 0x00, 0xC7, 0x00, 0x00, 0x00, 0x09, 0x00, 0x00, 0x00, 0x05, 0x00, 0x00, 0x00, 0x05,
    0x00, 0x00, 0x00, 0x07, 0x00, 0x00, 0x00, 0x00, 0x00, 0x00, 0x00, 0x00, 0x00, 0x00, 0x00, 0xC8,
    0x00, 0x00, 0x00, 0x09, 0x00, 0x00, 0x00, 0x05, 0x00, 0x00, 0x00, 0x05, 0x00, 0x00, 0x00, 0x09,
    0x00, 0x00, 0x00, 0x00, 0x00, 0x00, 0x00, 0x00, 0x00, 0x00, 0x00, 0xC9, 0x00, 0x00, 0x00, 0x09,
    0x00, 0x00, 0x00, 0x05, 0x00, 0x00, 0x00, 0x05, 0x00, 0x00, 0x00, 0x09, 0x00, 0x00, 0x00, 0x00,
    0x00, 0x00, 0x00, 0x00, 0x00, 0x00, 0x00, 0xCA, 0x00, 0x00, 0x00, 0x09, 0x00, 0x00, 0x00, 0x05,
    0x00, 0x00, 0x00, 0x05, 0x00, 0x00, 0x00, 0x09, 0x00, 0x00, 0x00, 0x00, 0x00, 0x00, 0x00, 0x00,
    0x00, 0x00, 0x00, 0xCB, 0x00, 0x00, 0x00, 0x09, 0x00, 0x00, 0x00, 0x05, 0x00, 0x00, 0x00, 0x05,
    0x00, 0x00, 0x00, 0x09, 0x00, 0x00, 0x00, 0x00, 0x00, 0x00, 0x00, 0x00, 0x00, 0x00, 0x00, 0xCC,
    0x00, 0x00, 0x00, 0x09, 0x00, 0x00, 0x00, 0x05, 0x00, 0x00, 0x00, 0x05, 0x00, 0x00, 0x00, 0x09,
    0x00, 0x00, 0x00, 0x00, 0x00, 0x00, 0x00, 0x00, 0x00, 0x00, 0x00, 0xCD, 0x00, 0x00, 0x00, 0x09,
    0x00, 0x00, 0x00, 0x05, 0x00, 0x00, 0x00, 0x05, 0x00, 0x00, 0x00, 0x09, 0x00, 0x00, 0x00, 0x00,
    0x00, 0x00, 0x00, 0x00, 0x00, 0x00, 0x00, 0xCE, 0x00, 0x00, 0x00, 0x09, 0x00, 0x00, 0x00, 0x05,
    0x00, 0x00, 0x00, 0x05, 0x00, 0x00, 0x00, 0x09, 0x00, 0x00, 0x00, 0x00, 0x00, 0x00, 0x00, 0x00,
    0x00, 0x00, 0x00, 0xCF, 0x00, 0x00, 0x00, 0x09, 0x00, 0x00, 0x00, 0x05, 0x00, 0x00, 0x00, 0x05,
    0x00, 0x00, 0x00, 0x09, 0x00, 0x00, 0x00, 0x00, 0x00, 0x00, 0x00, 0x00, 0x00, 0x00, 0x00, 0xD0,
    0x00, 0x00, 0x00, 0x07, 0x00, 0x00, 0x00, 0x05, 0x00, 0x00, 0x00, 0x05, 0x00, 0x00, 0x00, 0x07,
    0x00, 0x00, 0x00, 0x00, 0x00, 0x00, 0x00, 0x00, 0x00, 0x00, 0x00, 0xD1, 0x00, 0x00, 0x00, 0x0A,
    0x00, 0x00, 0x00, 0x05, 0x00, 0x00, 0x00, 0x05, 0x00, 0x00, 0x00, 0x0A, 0x00, 0x00, 0x00, 0x00,
    0x00, 0x00, 0x00, 0x00, 0x00, 0x00, 0x00, 0xD2, 0x00, 0x00, 0x00, 0x0A, 0x00, 0x00, 0x00, 0x05,
    0x00, 0x00, 0x00, 0x05, 0x00, 0x00, 0x00, 0x0A, 0x00, 0x00, 0x00, 0x00, 0x00, 0x00, 0x00, 0x00,
    0x00, 0x00, 0x00, 0xD3, 0x00, 0x00, 0x00, 0x0A, 0x00, 0x00, 0x00, 0x05, 0x00, 0x00, 0x00, 0x05,
    0x00, 0x00, 0x00, 0x0A, 0x00, 0x00, 0x00, 0x00, 0x00, 0x00, 0x00, 0x00, 0x00, 0x00, 0x00, 0xD4,
    0x00, 0x00, 0x00, 0x0A, 0x00, 0x00, 0x00, 0x05, 0x00, 0x00, 0x00, 0x05, 0x00, 0x00, 0x00, 0x0A,
    0x00, 0x00, 0x00, 0x00, 0x00, 0x00, 0x00, 0x00, 0x00, 0x00, 0x00, 0xD5, 0x00, 0x00, 0x00, 0x0A,
    0x00, 0x00, 0x00, 0x05, 0x00, 0x00, 0x00, 0x05, 0x00, 0x00, 0x00, 0x0A, 0x00, 0x00, 0x00, 0x00,
    0x00, 0x00, 0x00, 0x00, 0x00, 0x00, 0x00, 0xD6, 0x00, 0x00, 0x00, 0x09, 0x00, 0x00, 0x00, 0x05,
    0x00, 0x00, 0x00, 0x05, 0x00, 0x00, 0x00, 0x09, 0x00, 0x00, 0x00, 0x00, 0x00, 0x00, 0x00, 0x00,
    0x00, 0x00, 0x00, 0xD7, 0x00, 0x00, 0x00, 0x05, 0x00, 0x00, 0x00, 0x05, 0x00, 0x00, 0x00, 0x05,
    0x00, 0x00, 0x00, 0x05, 0x00, 0x00, 0x00, 0x00, 0x00, 0x00, 0x00, 0x00, 0x00, 0x00, 0x00, 0xD8,
    0x00, 0x00, 0x00, 0x09, 0x00, 0x00, 0x00, 0x05, 0x00, 0x00, 0x00, 0x05, 0x00, 0x00, 0x00, 0x08,
    0x00, 0x00, 0x00, 0x00, 0x00, 0x00, 0x00, 0x00, 0x00, 0x00, 0x00, 0xD9, 0x00, 0x00, 0x00, 0x09,
    0x00, 0x00, 0x00, 0x05, 0x00, 0x00, 0x00, 0x05, 0x00, 0x00, 0x00, 0x09, 0x00, 0x00, 0x00, 0x00,
    0x00, 0x00, 0x00, 0x00, 0x00, 0x00, 0x00, 0xDA, 0x00, 0x00, 0x00, 0x09, 0x00, 0x00, 0x00, 0x05,
    0x00, 0x00, 0x00, 0x05, 0x00, 0x00, 0x00, 0x09, 0x00, 0x00, 0x00, 0x00, 0x00, 0x00, 0x00, 0x00,
    0x00, 0x00, 0x00, 0xDB, 0x00, 0x00, 0x00, 0x09, 0x00, 0x00, 0x00, 0x05, 0x00, 0x00, 0x00, 0x05,
    0x00, 0x00, 0x00, 0x09, 0x00, 0x00, 0x00, 0x00, 0x00, 0x00, 0x00, 0x00, 0x00, 0x00, 0x00, 0xDC,
    0x00, 0x00, 0x00, 0x09, 0x00, 0x00, 0x00, 0x05, 0x00, 0x00, 0x00, 0x05, 0x00, 0x00, 0x00, 0x09,
    0x00, 0x00, 0x00, 0x00, 0x00, 0x00, 0x00, 0x00, 0x00, 0x00, 0x00, 0xDD, 0x00, 0x00, 0x00, 0x09,
    0x00, 0x00, 0x00, 0x05, 0x00, 0x00, 0x00, 0x05, 0x00, 0x00, 0x00, 0x09, 0x00, 0x00, 0x00, 0x00,
    0x00, 0x00, 0x00, 0x00, 0x00, 0x00, 0x00, 0xDE, 0x00, 0x00, 0x00, 0x07, 0x00, 0x00, 0x00, 0x05,
    0x00, 0x00, 0x00, 0x05, 0x00, 0x00, 0x00, 0x07, 0x00, 0x00, 0x00, 0x00, 0x00, 0x00, 0x00, 0x00,
    0x00, 0x00, 0x00, 0xDF, 0x00, 0x00, 0x00, 0x07, 0x00, 0x00, 0x00, 0x05, 0x00, 0x00, 0x00, 0x05,
    0x00, 0x00, 0x00, 0x07, 0x00, 0x00, 0x00, 0x00, 0x00, 0x00, 0x00, 0x00, 0x00, 0x00, 0x00, 0xE0,
    0x00, 0x00, 0x00, 0x08, 0x00, 0x00, 0x00, 0x05, 0x00, 0x00, 0x00, 0x05, 0x00, 0x00, 0x00, 0x08,
    0x00, 0x00, 0x00, 0x00, 0x00, 0x00, 0x00, 0x00, 0x00, 0x00, 0x00, 0xE1, 0x00, 0x00, 0x00, 0x08,
    0x00, 0x00, 0x00, 0x05, 0x00, 0x00, 0x00, 0x05, 0x00, 0x00, 0x00, 0x08, 0x00, 0x00, 0x00, 0x00,
    0x00, 0x00, 0x00, 0x00, 0x00, 0x00, 0x00, 0xE2, 0x00, 0x00, 0x00, 0x08, 0x00, 0x00, 0x00, 0x05,
    0x00, 0x00, 0x00, 0x05, 0x00, 0x00, 0x00, 0x08, 0x00, 0x00, 0x00, 0x00, 0x00, 0x00, 0x00, 0x00,
    0x00, 0x00, 0x00, 0xE3, 0x00, 0x00, 0x00, 0x08, 0x00, 0x00, 0x00, 0x05, 0x00, 0x00, 0x00, 0x05,
    0x00, 0x00, 0x00, 0x08, 0x00, 0x00, 0x00, 0x00, 0x00, 0x00, 0x00, 0x00, 0x00, 0x00, 0x00, 0xE4,
    0x00, 0x00, 0x00, 0x07, 0x00, 0x00, 0x00, 0x05, 0x00, 0x00, 0x00, 0x05, 0x00, 0x00, 0x00, 0x07,
    0x00, 0x00, 0x00, 0x00, 0x00, 0x00, 0x00, 0x00, 0x00, 0x00, 0x00, 0xE5, 0x00, 0x00, 0x00, 0x09,
    0x00, 0x00, 0x00, 0x05, 0x00, 0x00, 0x00, 0x05, 0x00, 0x00, 0x00, 0x09, 0x00, 0x00, 0x00, 0x00,
    0x00, 0x00, 0x00, 0x00, 0x00, 0x00, 0x00, 0xE6, 0x00, 0x00, 0x00, 0x05, 0x00, 0x00, 0x00, 0x05,
    0x00, 0x00, 0x00, 0x05, 0x00, 0x00, 0x00, 0x05, 0x00, 0x00, 0x00, 0x00, 0x00, 0x00, 0x00, 0x00,
    0x00, 0x00, 0x00, 0xE7, 0x00, 0x00, 0x00, 0x07, 0x00, 0x00, 0x00, 0x05, 0x00, 0x00, 0x00, 0x05,
    0x00, 0x00, 0x00, 0x05, 0x00, 0x00, 0x00, 0x00, 0x00, 0x00, 0x00, 0x00, 0x00, 0x00, 0x00, 0xE8,
    0x00, 0x00, 0x00, 0x08, 0x00, 0x00, 0x00, 0x05, 0x00, 0x00, 0x00, 0x05, 0x00, 0x00, 0x00, 0x08,
    0x00, 0x00, 0x00, 0x00, 0x00, 0x00, 0x00, 0x00, 0x00, 0x00, 0x00, 0xE9, 0x00, 0x00, 0x00, 0x08,
    0x00, 0x00, 0x00, 0x05, 0x00, 0x00, 0x00, 0x05, 0x00, 0x00, 0x00, 0x08, 0x00, 0x00, 0x00, 0x00,
    0x00, 0x00, 0x00, 0x00, 0x00, 0x00, 0x00, 0xEA, 0x00, 0x00, 0x00, 0x08, 0x00, 0x00, 0x00, 0x05,
    0x00, 0x00, 0x00, 0x05, 0x00, 0x00, 0x00, 0x08, 0x00, 0x00, 0x00, 0x00, 0x00, 0x00, 0x00, 0x00,
    0x00, 0x00, 0x00, 0xEB, 0x00, 0x00, 0x00, 0x07, 0x00, 0x00, 0x00, 0x05, 0x00, 0x00, 0x00, 0x05,
    0x00, 0x00, 0x00, 0x07, 0x00, 0x00, 0x00, 0x00, 0x00, 0x00, 0x00, 0x00, 0x00, 0x00, 0x00, 0xEC,
    0x00, 0x00, 0x00, 0x08, 0x00, 0x00, 0x00, 0x05, 0x00, 0x00, 0x00, 0x05, 0x00, 0x00, 0x00, 0x08,
    0x00, 0x00, 0x00, 0x00, 0x00, 0x00, 0x00, 0x00, 0x00, 0x00, 0x00, 0xED, 0x00, 0x00, 0x00, 0x08,
    0x00, 0x00, 0x00, 0x04, 0x00, 0x00, 0x00, 0x05, 0x00, 0x00, 0x00, 0x08, 0x00, 0x00, 0x00, 0x01,
    0x00, 0x00, 0x00, 0x00, 0x00, 0x00, 0x00, 0xEE, 0x00, 0x00, 0x00, 0x08, 0x00, 0x00, 0x00, 0x04,
    0x00, 0x00, 0x00, 0x05, 0x00, 0x00, 0x00, 0x08, 0x00, 0x00, 0x00, 0x01, 0x00, 0x00, 0x00, 0x00,
    0x00, 0x00, 0x00, 0xEF, 0x00, 0x00, 0x00, 0x07, 0x00, 0x00, 0x00, 0x04, 0x00, 0x00, 0x00, 0x05,
    0x00, 0x00, 0x00, 0x07, 0x00, 0x00, 0x00, 0x01, 0x00, 0x00, 0x00, 0x00, 0x00, 0x00, 0x00, 0xF0,
    0x00, 0x00, 0x00, 0x07, 0x00, 0x00, 0x00, 0x05, 0x00, 0x00, 0x00, 0x05, 0x00, 0x00, 0x00, 0x07,
    0x00, 0x00, 0x00, 0x00, 0x00, 0x00, 0x00, 0x00, 0x00, 0x00, 0x00, 0xF1, 0x00, 0x00, 0x00, 0x08,
    0x00, 0x00, 0x00, 0x05, 0x00, 0x00, 0x00, 0x05, 0x00, 0x00, 0x00, 0x08, 0x00, 0x00, 0x00, 0x00,
    0x00, 0x00, 0x00, 0x00, 0x00, 0x00, 0x00, 0xF2, 0x00, 0x00, 0x00, 0x08, 0x00, 0x00, 0x00, 0x05,
    0x00, 0x00, 0x00, 0x05, 0x00, 0x00, 0x00, 0x08, 0x00, 0x00, 0x00, 0x00, 0x00, 0x00, 0x00, 0x00,
    0x00, 0x00, 0x00, 0xF3, 0x00, 0x00, 0x00, 0x08, 0x00, 0x00, 0x00, 0x05, 0x00, 0x00, 0x00, 0x05,
    0x00, 0x00, 0x00, 0x08, 0x00, 0x00, 0x00, 0x00, 0x00, 0x00, 0x00, 0x00, 0x00, 0x00, 0x00, 0xF4,
    0x00, 0x00, 0x00, 0x08, 0x00, 0x00, 0x00, 0x05, 0x00, 0x00, 0x00, 0x05, 0x00, 0x00, 0x00, 0x08,
    0x00, 0x00, 0x00, 0x00, 0x00, 0x00, 0x00, 0x00, 0x00, 0x00, 0x00, 0xF5, 0x00, 0x00, 0x00, 0x08,
    0x00, 0x00, 0x00, 0x05, 0x00, 0x00, 0x00, 0x05, 0x00, 0x00, 0x00, 0x08, 0x00, 0x00, 0x00, 0x00,
    0x00, 0x00, 0x00, 0x00, 0x00, 0x00, 0x00, 0xF6, 0x00, 0x00, 0x00, 0x07, 0x00, 0x00, 0x00, 0x05,
    0x00, 0x00, 0x00, 0x05, 0x00, 0x00, 0x00, 0x07, 0x00, 0x00, 0x00, 0x00, 0x00, 0x00, 0x00, 0x00,
    0x00, 0x00, 0x00, 0xF7, 0x00, 0x00, 0x00, 0x05, 0x00, 0x00, 0x00, 0x05, 0x00, 0x00, 0x00, 0x05,
    0x00, 0x00, 0x00, 0x05, 0x00, 0x00, 0x00, 0x00, 0x00, 0x00, 0x00, 0x00, 0x00, 0x00, 0x00, 0xF8,
    0x00, 0x00, 0x00, 0x07, 0x00, 0x00, 0x00, 0x05, 0x00, 0x00, 0x00, 0x05, 0x00, 0x00, 0x00, 0x06,
    0x00, 0x00, 0x00, 0x00, 0x00, 0x00, 0x00, 0x00, 0x00, 0x00, 0x00, 0xF9, 0x00, 0x00, 0x00, 0x08,
    0x00, 0x00, 0x00, 0x05, 0x00, 0x00, 0x00, 0x05, 0x00, 0x00, 0x00, 0x08, 0x00, 0x00, 0x00, 0x00,
    0x00, 0x00, 0x00, 0x00, 0x00, 0x00, 0x00, 0xFA, 0x00, 0x00, 0x00, 0x08, 0x00, 0x00, 0x00, 0x05,
    0x00, 0x00, 0x00, 0x05, 0x00, 0x00, 0x00, 0x08, 0x00, 0x00, 0x00, 0x00, 0x00, 0x00, 0x00, 0x00,
    0x00, 0x00, 0x00, 0xFB, 0x00, 0x00, 0x00, 0x08, 0x00, 0x00, 0x00, 0x05, 0x00, 0x00, 0x00, 0x05,
    0x00, 0x00, 0x00, 0x08, 0x00, 0x00, 0x00, 0x00, 0x00, 0x00, 0x00, 0x00, 0x00, 0x00, 0x00, 0xFC,
    0x00, 0x00, 0x00, 0x07, 0x00, 0x00, 0x00, 0x05, 0x00, 0x00, 0x00, 0x05, 0x00, 0x00, 0x00, 0x07,
    0x00, 0x00, 0x00, 0x00, 0x00, 0x00, 0x00, 0x00, 0x00, 0x00, 0x00, 0xFD, 0x00, 0x00, 0x00, 0x0A,
    0x00, 0x00, 0x00, 0x05, 0x00, 0x00, 0x00, 0x05, 0x00, 0x00, 0x00, 0x08, 0x00, 0x00, 0x00, 0x00,
    0x00, 0x00, 0x00, 0x00, 0x00, 0x00, 0x00, 0xFE, 0x00, 0x00, 0x00, 0x09, 0x00, 0x00, 0x00, 0x05,
    0x00, 0x00, 0x00, 0x05, 0x00, 0x00, 0x00, 0x07, 0x00, 0x00, 0x00, 0x00, 0x00, 0x00, 0x00, 0x00,
    0x00, 0x00, 0x00, 0xFF, 0x00, 0x00, 0x00, 0x09, 0x00, 0x00, 0x00, 0x05, 0x00, 0x00, 0x00, 0x05,
    0x00, 0x00, 0x00, 0x07, 0x00, 0x00, 0x00, 0x00, 0x00, 0x00, 0x00, 0x00, 0x00, 0x00, 0x20, 0x13,
    0x00, 0x00, 0x00, 0x01, 0x00, 0x00, 0x00, 0x03, 0x00, 0x00, 0x00, 0x05, 0x00, 0x00, 0x00, 0x03,
    0x00, 0x00, 0x00, 0x01, 0x00, 0x00, 0x00, 0x00, 0x00, 0x00, 0x20, 0x14, 0x00, 0x00, 0x00, 0x01,
    0x00, 0x00, 0x00, 0x05, 0x00, 0x00, 0x00, 0x05, 0x00, 0x00, 0x00, 0x03, 0x00, 0x00, 0x00, 0x00,
    0x00, 0x00, 0x00, 0x00, 0x00, 0x00, 0x20, 0x18, 0x00, 0x00, 0x00, 0x03, 0x00, 0x00, 0x00, 0x03,
    0x00, 0x00, 0x00, 0x05, 0x00, 0x00, 0x00, 0x07, 0x00, 0x00, 0x00, 0x01, 0x00, 0x00, 0x00, 0x00,
    0x00, 0x00, 0x20, 0x19, 0x00, 0x00, 0x00, 0x03, 0x00, 0x00, 0x00, 0x03, 0x00, 0x00, 0x00, 0x05,
    0x00, 0x00, 0x00, 0x07, 0x00, 0x00, 0x00, 0x01, 0x00, 0x00, 0x00, 0x00, 0x00, 0x00, 0x20, 0x1C,
    0x00, 0x00, 0x00, 0x03, 0x00, 0x00, 0x00, 0x04, 0x00, 0x00, 0x00, 0x05, 0x00, 0x00, 0x00, 0x07,
    0x00, 0x00, 0x00, 0x00, 0x00, 0x00, 0x00, 0x00, 0x00, 0x00, 0x20, 0x1D, 0x00, 0x00, 0x00, 0x03,
    0x00, 0x00, 0x00, 0x04, 0x00, 0x00, 0x00, 0x05, 0x00, 0x00, 0x00, 0x07, 0x00, 0x00, 0x00, 0x00,
    0x00, 0x00, 0x00, 0x00, 0x00, 0x00, 0x20, 0x26, 0x00, 0x00, 0x00, 0x02, 0x00, 0x00, 0x00, 0x05,
    0x00, 0x00, 0x00, 0x05, 0x00, 0x00, 0x00, 0x02, 0x00, 0x00, 0x00, 0x00, 0x00, 0x00, 0x00, 0x00,
    0x00, 0x00, 0x20, 0xAC, 0x00, 0x00, 0x00, 0x07, 0x00, 0x00, 0x00, 0x05, 0x00, 0x00, 0x00, 0x05,
    0x00, 0x00, 0x00, 0x07, 0x00, 0x00, 0x00, 0x00, 0x00, 0x00, 0x00, 0x00, 0x00, 0x00, 0x21, 0x90,
    0x00, 0x00, 0x00, 0x03, 0x00, 0x00, 0x00, 0x05, 0x00, 0x00, 0x00, 0x05, 0x00, 0x00, 0x00, 0x04,
    0x00, 0x00, 0x00, 0x00, 0x00, 0x00, 0x00, 0x00, 0x00, 0x00, 0x21, 0x91, 0x00, 0x00, 0x00, 0x05,
    0x00, 0x00, 0x00, 0x03, 0x00, 0x00, 0x00, 0x05, 0x00, 0x00, 0x00, 0x05, 0x00, 0x00, 0x00, 0x01,
    0x00, 0x00, 0x00, 0x00, 0x00, 0x00, 0x21, 0x92, 0x00, 0x00, 0x00, 0x03, 0x00, 0x00, 0x00, 0x05,
    0x00, 0x00, 0x00, 0x05, 0x00, 0x00, 0x00, 0x04, 0x00, 0x00, 0x00, 0x00, 0x00, 0x00, 0x00, 0x00,
    0x00, 0x00, 0x21, 0x93, 0x00, 0x00, 0x00, 0x05, 0x00, 0x00, 0x00, 0x03, 0x00, 0x00, 0x00, 0x05,
    0x00, 0x00, 0x00, 0x05, 0x00, 0x00, 0x00, 0x01, 0x00, 0x00, 0x00, 0x00, 0x00, 0x00, 0x21, 0x94,
    0x00, 0x00, 0x00, 0x03, 0x00, 0x00, 0x00, 0x05, 0x00, 0x00, 0x00, 0x05, 0x00, 0x00, 0x00, 0x04,
    0x00, 0x00, 0x00, 0x00, 0x00, 0x00, 0x00, 0x00, 0x00, 0x00, 0x21, 0x95, 0x00, 0x00, 0x00, 0x05,
    0x00, 0x00, 0x00, 0x03, 0x00, 0x00, 0x00, 0x05, 0x00, 0x00, 0x00, 0x05, 0x00, 0x00, 0x00, 0x01,
    0x00, 0x00, 0x00, 0x00, 0x00, 0x00, 0x21, 0xE9, 0x00, 0x00, 0x00, 0x05, 0x00, 0x00, 0x00, 0x04,
    0x00, 0x00, 0x00, 0x05, 0x00, 0x00, 0x00, 0x05, 0x00, 0x00, 0x00, 0x00, 0x00, 0x00, 0x00, 0x00,
    0x00, 0x00, 0x22, 0x60, 0x00, 0x00, 0x00, 0x05, 0x00, 0x00, 0x00, 0x05, 0x00, 0x00, 0x00, 0x05,
    0x00, 0x00, 0x00, 0x05, 0x00, 0x00, 0x00, 0x00, 0x00, 0x00, 0x00, 0x00, 0x00, 0x00, 0x22, 0x61,
    0x00, 0x00, 0x00, 0x05, 0x00, 0x00, 0x00, 0x05, 0x00, 0x00, 0x00, 0x05, 0x00, 0x00, 0x00, 0x05,
    0x00, 0x00, 0x00, 0x00, 0x00, 0x00, 0x00, 0x00, 0x00, 0x00, 0x22, 0x64, 0x00, 0x00, 0x00, 0x05,
    0x00, 0x00, 0x00, 0x05, 0x00, 0x00, 0x00, 0x05, 0x00, 0x00, 0x00, 0x05, 0x00, 0x00, 0x00, 0x00,
    0x00, 0x00, 0x00, 0x00, 0x00, 0x00, 0x22, 0x65, 0x00, 0x00, 0x00, 0x05, 0x00, 0x00, 0x00, 0x05,
    0x00, 0x00, 0x00, 0x05, 0x00, 0x00, 0x00, 0x05, 0x00, 0x00, 0x00, 0x00, 0x00, 0x00, 0x00, 0x00,
    0x00, 0x00, 0x23, 0x15, 0x00, 0x00, 0x00, 0x05, 0x00, 0x00, 0x00, 0x05, 0x00, 0x00, 0x00, 0x06,
    0x00, 0x00, 0x00, 0x06, 0x00, 0x00, 0x00, 0x00, 0x00, 0x00, 0x00, 0x00, 0x00, 0x00, 0x23, 0xCE,
    0x00, 0x00, 0x00, 0x05, 0x00, 0x00, 0x00, 0x06, 0x00, 0x00, 0x00, 0x06, 0x00, 0x00, 0x00, 0x06,
    0x00, 0x00, 0x00, 0x00, 0x00, 0x00, 0x00, 0x00, 0x00, 0x00, 0x25, 0x00, 0x00, 0x00, 0x00, 0x01,
    0x00, 0x00, 0x00, 0x05, 0x00, 0x00, 0x00, 0x05, 0x00, 0x00, 0x00, 0x03, 0x00, 0x00, 0x00, 0x00,
    0x00, 0x00, 0x00, 0x00, 0x00, 0x00, 0x25, 0x01, 0x00, 0x00, 0x00, 0x02, 0x00, 0x00, 0x00, 0x05,
    0x00, 0x00, 0x00, 0x05, 0x00, 0x00, 0x00, 0x04, 0x00, 0x00, 0x00, 0x00, 0x00, 0x00, 0x00, 0x00,
    0x00, 0x00, 0x25, 0x02, 0x00, 0x00, 0x00, 0x0B, 0x00, 0x00, 0x00, 0x01, 0x00, 0x00, 0x00, 0x05,
    0x00, 0x00, 0x00, 0x08, 0x00, 0x00, 0x00, 0x02, 0x00, 0x00, 0x00, 0x00, 0x00, 0x00, 0x25, 0x03,
    0x00, 0x00, 0x00, 0x0B, 0x00, 0x00, 0x00, 0x03, 0x00, 0x00, 0x00, 0x05, 0x00, 0x00, 0x00, 0x08,
    0x00, 0x00, 0x00, 0x01, 0x00, 0x00, 0x00, 0x00, 0x00, 0x00, 0x25, 0x04, 0x00, 0x00, 0x00, 0x01,
    0x00, 0x00, 0x00, 0x05, 0x00, 0x00, 0x00, 0x05, 0x00, 0x00, 0x00, 0x03, 0x00, 0x00, 0x00, 0x00,
    0x00, 0x00, 0x00, 0x00, 0x00, 0x00, 0x25, 0x05, 0x00, 0x00, 0x00, 0x02, 0x00, 0x00, 0x00, 0x05,
    0x00, 0x00, 0x00, 0x05, 0x00, 0x00, 0x00, 0x04, 0x00, 0x00, 0x00, 0x00, 0x00, 0x00, 0x00, 0x00,
    0x00, 0x00, 0x25, 0x06, 0x00, 0x00, 0x00, 0x0A, 0x00, 0x00, 0x00, 0x01, 0x00, 0x00, 0x00, 0x05,
    0x00, 0x00, 0x00, 0x08, 0x00, 0x00, 0x00, 0x02, 0x00, 0x00, 0x00, 0x00, 0x00, 0x00, 0x25, 0x07,
    0x00, 0x00, 0x00, 0x0A, 0x00, 0x00, 0x00, 0x03, 0x00, 0x00, 0x00, 0x05, 0x00, 0x00, 0x00, 0x08,
    0x00, 0x00, 0x00, 0x01, 0x00, 0x00, 0x00, 0x00, 0x00, 0x00, 0x25, 0x08, 0x00, 0x00, 0x00, 0x01,
    0x00, 0x00, 0x00, 0x05, 0x00, 0x00, 0x00, 0x05, 0x00, 0x00, 0x00, 0x03, 0x00, 0x00, 0x00, 0x00,
    0x00, 0x00, 0x00, 0x00, 0x00, 0x00, 0x25, 0x09, 0x00, 0x00, 0x00, 0x02, 0x00, 0x00, 0x00, 0x05,
    0x00, 0x00, 0x00, 0x05, 0x00, 0x00, 0x00, 0x04, 0x00, 0x00, 0x00, 0x00, 0x00, 0x00, 0x00, 0x00,
    0x00, 0x00, 0x25, 0x0A, 0x00, 0x00, 0x00, 0x0A, 0x00, 0x00, 0x00, 0x01, 0x00, 0x00, 0x00, 0x05,
    0x00, 0x00, 0x00, 0x08, 0x00, 0x00, 0x00, 0x02, 0x00, 0x00, 0x00, 0x00, 0x00, 0x00, 0x25, 0x0B,
    0x00, 0x00, 0x00, 0x0A, 0x00, 0x00, 0x00, 0x03, 0x00, 0x00, 0x00, 0x05, 0x00, 0x00, 0x00, 0x08,
    0x00, 0x00, 0x00, 0x01, 0x00, 0x00, 0x00, 0x00, 0x00, 0x00, 0x25, 0x0C, 0x00, 0x00, 0x00, 0x06,
    0x00, 0x00, 0x00, 0x03, 0x00, 0x00, 0x00, 0x05, 0x00, 0x00, 0x00, 0x03, 0x00, 0x00, 0x00, 0x02,
    0x00, 0x00, 0x00, 0x00, 0x00, 0x00, 0x25, 0x0D, 0x00, 0x00, 0x00, 0x07, 0x00, 0x00, 0x00, 0x03,
    0x00, 0x00, 0x00, 0x05, 0x00, 0x00, 0x00, 0x04, 0x00, 0x00, 0x00, 0x02, 0x00, 0x00, 0x00, 0x00,
    0x00, 0x00, 0x25, 0x0E, 0x00, 0x00, 0x00, 0x06, 0x00, 0x00, 0x00, 0x04, 0x00, 0x00, 0x00, 0x05,
    0x00, 0x00, 0x00, 0x03, 0x00, 0x00, 0x00, 0x01, 0x00, 0x00, 0x00, 0x00, 0x00, 0x00, 0x25, 0x0F,
    0x00, 0x00, 0x00, 0x07, 0x00, 0x00, 0x00, 0x04, 0x00, 0x00, 0x00, 0x05, 0x00, 0x00, 0x00, 0x04,
    0x00, 0x00, 0x00, 0x01, 0x00, 0x00, 0x00, 0x00, 0x00, 0x00, 0x25, 0x10, 0x00, 0x00, 0x00, 0x06,
    0x00, 0x00, 0x00, 0x05, 0x00, 0x00, 0x00, 0x05, 0x00, 0x00, 0x00, 0x03, 0x00, 0x00, 0x00, 0x00,
    0x00, 0x00, 0x00, 0x00, 0x00, 0x00, 0x25, 0x11, 0x00, 0x00, 0x00, 0x07, 0x00, 0x00, 0x00, 0x05,
    0x00, 0x00, 0x00, 0x05, 0x00, 0x00, 0x00, 0x04, 0x00, 0x00, 0x00, 0x00, 0x00, 0x00, 0x00, 0x00,
    0x00, 0x00, 0x25, 0x12, 0x00, 0x00, 0x00, 0x06, 0x00, 0x00, 0x00, 0x05, 0x00, 0x00, 0x00, 0x05,
    0x00, 0x00, 0x00, 0x03, 0x00, 0x00, 0x00, 0x00, 0x00, 0x00, 0x00, 0x00, 0x00, 0x00, 0x25, 0x13,
    0x00, 0x00, 0x00, 0x07, 0x00, 0x00, 0x00, 0x05, 0x00, 0x00, 0x00, 0x05, 0x00, 0x00, 0x00, 0x04,
    0x00, 0x00, 0x00, 0x00, 0x00, 0x00, 0x00, 0x00, 0x00, 0x00, 0x25, 0x14, 0x00, 0x00, 0x00, 0x06,
    0x00, 0x00, 0x00, 0x03, 0x00, 0x00, 0x00, 0x05, 0x00, 0x00, 0x00, 0x08, 0x00, 0x00, 0x00, 0x02,
    0x00, 0x00, 0x00, 0x00, 0x00, 0x00, 0x25, 0x15, 0x00, 0x00, 0x00, 0x06, 0x00, 0x00, 0x00, 0x03,
    0x00, 0x00, 0x00, 0x05, 0x00, 0x00, 0x00, 0x08, 0x00, 0x00, 0x00, 0x02, 0x00, 0x00, 0x00, 0x00,
    0x00, 0x00, 0x25, 0x16, 0x00, 0x00, 0x00, 0x06, 0x00, 0x00, 0x00, 0x04, 0x00, 0x00, 0x00, 0x05,
    0x00, 0x00, 0x00, 0x08, 0x00, 0x00, 0x00, 0x01, 0x00, 0x00, 0x00, 0x00, 0x00, 0x00, 0x25, 0x17,
    0x00, 0x00, 0x00, 0x06, 0x00, 0x00, 0x00, 0x04, 0x00, 0x00, 0x00, 0x05, 0x00, 0x00, 0x00, 0x08,
    0x00, 0x00, 0x00, 0x01, 0x00, 0x00, 0x00, 0x00, 0x00, 0x00, 0x25, 0x18, 0x00, 0x00, 0x00, 0x06,
    0x00, 0x00, 0x00, 0x05, 0x00, 0x00, 0x00, 0x05, 0x00, 0x00, 0x00, 0x08, 0x00, 0x00, 0x00, 0x00,
    0x00, 0x00, 0x00, 0x00, 0x00, 0x00, 0x25, 0x19, 0x00, 0x00, 0x00, 0x06, 0x00, 0x00, 0x00, 0x05,
    0x00, 0x00, 0x00, 0x05, 0x00, 0x00, 0x00, 0x08, 0x00, 0x00, 0x00, 0x00, 0x00, 0x00, 0x00, 0x00,
    0x00, 0x00, 0x25, 0x1A, 0x00, 0x00, 0x00, 0x06, 0x00, 0x00, 0x00, 0x05, 0x00, 0x00, 0x00, 0x05,
    0x00, 0x00, 0x00, 0x08, 0x00, 0x00, 0x00, 0x00, 0x00, 0x00, 0x00, 0x00, 0x00, 0x00, 0x25, 0x1B,
    0x00, 0x00, 0x00, 0x06, 0x00, 0x00, 0x00, 0x05, 0x00, 0x00, 0x00, 0x05, 0x00, 0x00, 0x00, 0x08,
    0x00, 0x00, 0x00, 0x00, 0x00, 0x00, 0x00, 0x00, 0x00, 0x00, 0x25, 0x1C, 0x00, 0x00, 0x00, 0x0B,
    0x00, 0x00, 0x00, 0x03, 0x00, 0x00, 0x00, 0x05, 0x00, 0x00, 0x00, 0x08, 0x00, 0x00, 0x00, 0x02,
    0x00, 0x00, 0x00, 0x00, 0x00, 0x00, 0x25, 0x1D, 0x00, 0x00, 0x00, 0x0B, 0x00, 0x00, 0x00, 0x03,
    0x00, 0x00, 0x00, 0x05, 0x00, 0x00, 0x00, 0x08, 0x00, 0x00, 0x00, 0x02, 0x00, 0x00, 0x00, 0x00,
    0x00, 0x00, 0x25, 0x1E, 0x00, 0x00, 0x00, 0x0A, 0x00, 0x00, 0x00, 0x04, 0x00, 0x00, 0x00, 0x05,
    0x00, 0x00, 0x00, 0x08, 0x00, 0x00, 0x00, 0x01, 0x00, 0x00, 0x00, 0x00, 0x00, 0x00, 0x25, 0x1F,
    0x00, 0x00, 0x00, 0x0B, 0x00, 0x00, 0x00, 0x04, 0x00, 0x00, 0x00, 0x05, 0x00, 0x00, 0x00, 0x08,
    0x00, 0x00, 0x00, 0x01, 0x00, 0x00, 0x00, 0x00, 0x00, 0x00, 0x25, 0x20, 0x00, 0x00, 0x00, 0x0B,
    0x00, 0x00, 0x00, 0x04, 0x00, 0x00, 0x00, 0x05, 0x00, 0x00, 0x00, 0x08, 0x00, 0x00, 0x00, 0x01,
    0x00, 0x00, 0x00, 0x00, 0x00, 0x00, 0x25, 0x21, 0x00, 0x00, 0x00, 0x0B, 0x00, 0x00, 0x00, 0x04,
    0x00, 0x00, 0x00, 0x05, 0x00, 0x00, 0x00, 0x08, 0x00, 0x00, 0x00, 0x01, 0x00, 0x00, 0x00, 0x00,
    0x00, 0x00, 0x25, 0x22, 0x00, 0x00, 0x00, 0x0B, 0x00, 0x00, 0x00, 0x04, 0x00, 0x00, 0x00, 0x05,
    0x00, 0x00, 0x00, 0x08, 0x00, 0x00, 0x00, 0x01, 0x00, 0x00, 0x00, 0x00, 0x00, 0x00, 0x25, 0x23,
    0x00, 0x00, 0x00, 0x0B, 0x00, 0x00, 0x00, 0x04, 0x00, 0x00, 0x00, 0x05, 0x00, 0x00, 0x00, 0x08,
    0x00, 0x00, 0x00, 0x01, 0x00, 0x00, 0x00, 0x00, 0x00, 0x00, 0x25, 0x24, 0x00, 0x00, 0x00, 0x0B,
    0x00, 0x00, 0x00, 0x05, 0x00, 0x00, 0x00, 0x05, 0x00, 0x00, 0x00, 0x08, 0x00, 0x00, 0x00, 0x00,
    0x00, 0x00, 0x00, 0x00, 0x00, 0x00, 0x25, 0x25, 0x00, 0x00, 0x00, 0x0B, 0x00, 0x00, 0x00, 0x05,
    0x00, 0x00, 0x00, 0x05, 0x00, 0x00, 0x00, 0x08, 0x00, 0x00, 0x00, 0x00, 0x00, 0x00, 0x00, 0x00,
    0x00, 0x00, 0x25, 0x26, 0x00, 0x00, 0x00, 0x0B, 0x00, 0x00, 0x00, 0x05, 0x00, 0x00, 0x00, 0x05,
    0x00, 0x00, 0x00, 0x08, 0x00, 0x00, 0x00, 0x00, 0x00, 0x00, 0x00, 0x00, 0x00, 0x00, 0x25, 0x27,
    0x00, 0x00, 0x00, 0x0B, 0x00, 0x00, 0x00, 0x05, 0x00, 0x00, 0x00, 0x05, 0x00, 0x00, 0x00, 0x08,
    0x00, 0x00, 0x00, 0x00, 0x00, 0x00, 0x00, 0x00, 0x00, 0x00, 0x25, 0x28, 0x00, 0x00, 0x00, 0x0B,
    0x00, 0x00, 0x00, 0x05, 0x00, 0x00, 0x00, 0x05, 0x00, 0x00, 0x00, 0x08, 0x00, 0x00, 0x00, 0x00,
    0x00, 0x00, 0x00, 0x00, 0x00, 0x00, 0x25, 0x29, 0x00, 0x00, 0x00, 0x0B, 0x00, 0x00, 0x00, 0x05,
    0x00, 0x00, 0x00, 0x05, 0x00, 0x00, 0x00, 0x08, 0x00, 0x00, 0x00, 0x00, 0x00, 0x00, 0x00, 0x00,
    0x00, 0x00, 0x25, 0x2A, 0x00, 0x00, 0x00, 0x0B, 0x00, 0x00, 0x00, 0x05, 0x00, 0x00, 0x00, 0x05,
    0x00, 0x00, 0x00, 0x08, 0x00, 0x00, 0x00, 0x00, 0x00, 0x00, 0x00, 0x00, 0x00, 0x00, 0x25, 0x2B,
    0x00, 0x00, 0x00, 0x0B, 0x00, 0x00, 0x00, 0x05, 0x00, 0x00, 0x00, 0x05, 0x00, 0x00, 0x00, 0x08,
    0x00, 0x00, 0x00, 0x00, 0x00, 0x00, 0x00, 0x00, 0x00, 0x00, 0x25, 0x2C, 0x00, 0x00, 0x00, 0x06,
    0x00, 0x00, 0x00, 0x05, 0x00, 0x00, 0x00, 0x05, 0x00, 0x00, 0x00, 0x03, 0x00, 0x00, 0x00, 0x00,
    0x00, 0x00, 0x00, 0x00, 0x00, 0x00, 0x25, 0x2D, 0x00, 0x00, 0x00, 0x07, 0x00, 0x00, 0x00, 0x05,
    0x00, 0x00, 0x00, 0x05, 0x00, 0x00, 0x00, 0x04, 0x00, 0x00, 0x00, 0x00, 0x00, 0x00, 0x00, 0x00,
    0x00, 0x00, 0x25, 0x2E, 0x00, 0x00, 0x00, 0x07, 0x00, 0x00, 0x00, 0x05, 0x00, 0x00, 0x00, 0x05,
    0x00, 0x00, 0x00, 0x04, 0x00, 0x00, 0x00, 0x00, 0x00, 0x00, 0x00, 0x00, 0x00, 0x00, 0x25, 0x2F,
    0x00, 0x00, 0x00, 0x07, 0x00, 0x00, 0x00, 0x05, 0x00, 0x00, 0x00, 0x05, 0x00, 0x00, 0x00, 0x04,
    0x00, 0x00, 0x00, 0x00, 0x00, 0x00, 0x00, 0x00, 0x00, 0x00, 0x25, 0x30, 0x00, 0x00, 0x00, 0x06,
    0x00, 0x00, 0x00, 0x05, 0x00, 0x00, 0x00, 0x05, 0x00, 0x00, 0x00, 0x03, 0x00, 0x00, 0x00, 0x00,
    0x00, 0x00, 0x00, 0x00, 0x00, 0x00, 0x25, 0x31, 0x00, 0x00, 0x00, 0x07, 0x00, 0x00, 0x00, 0x05,
    0x00, 0x00, 0x00, 0x05, 0x00, 0x00, 0x00, 0x04, 0x00, 0x00, 0x00, 0x00, 0x00, 0x00, 0x00, 0x00,
    0x00, 0x00, 0x25, 0x32, 0x00, 0x00, 0x00, 0x07, 0x00, 0x00, 0x00, 0x05, 0x00, 0x00, 0x00, 0x05,
    0x00, 0x00, 0x00, 0x04, 0x00, 0x00, 0x00, 0x00, 0x00, 0x00, 0x00, 0x00, 0x00, 0x00, 0x25, 0x33,
    0x00, 0x00, 0x00, 0x07, 0x00, 0x00, 0x00, 0x05, 0x00, 0x00, 0x00, 0x05, 0x00, 0x00, 0x00, 0x04,
    0x00, 0x00, 0x00, 0x00, 0x00, 0x00, 0x00, 0x00, 0x00, 0x00, 0x25, 0x34, 0x00, 0x00, 0x00, 0x06,
    0x00, 0x00, 0x00, 0x05, 0x00, 0x00, 0x00, 0x05, 0x00, 0x00, 0x00, 0x08, 0x00, 0x00, 0x00, 0x00,
    0x00, 0x00, 0x00, 0x00, 0x00, 0x00, 0x25, 0x35, 0x00, 0x00, 0x00, 0x06, 0x00, 0x00, 0x00, 0x05,
    0x00, 0x00, 0x00, 0x05, 0x00, 0x00, 0x00, 0x08, 0x00, 0x00, 0x00, 0x00, 0x00, 0x00, 0x00, 0x00,
    0x00, 0x00, 0x25, 0x36, 0x00, 0x00, 0x00, 0x06, 0x00, 0x00, 0x00, 0x05, 0x00, 0x00, 0x00, 0x05,
    0x00, 0x00, 0x00, 0x08, 0x00, 0x00, 0x00, 0x00, 0x00, 0x00, 0x00, 0x00, 0x00, 0x00, 0x25, 0x37,
    0x00, 0x00, 0x00, 0x06, 0x00, 0x00, 0x00, 0x05, 0x00, 0x00, 0x00, 0x05, 0x00, 0x00, 0x00, 0x08,
    0x00, 0x00, 0x00, 0x00, 0x00, 0x00, 0x00, 0x00, 0x00, 0x00, 0x25, 0x38, 0x00, 0x00, 0x00, 0x06,
    0x00, 0x00, 0x00, 0x05, 0x00, 0x00, 0x00, 0x05, 0x00, 0x00, 0x00, 0x08, 0x00, 0x00, 0x00, 0x00,
    0x00, 0x00, 0x00, 0x00, 0x00, 0x00, 0x25, 0x39, 0x00, 0x00, 0x00, 0x06, 0x00, 0x00, 0x00, 0x05,
    0x00, 0x00, 0x00, 0x05, 0x00, 0x00, 0x00, 0x08, 0x00, 0x00, 0x00, 0x00, 0x00, 0x00, 0x00, 0x00,
    0x00, 0x00, 0x25, 0x3A, 0x00, 0x00, 0x00, 0x06, 0x00, 0x00, 0x00, 0x05, 0x00, 0x00, 0x00, 0x05,
    0x00, 0x00, 0x00, 0x08, 0x00, 0x00, 0x00, 0x00, 0x00, 0x00, 0x00, 0x00, 0x00, 0x00, 0x25, 0x3B,
    0x00, 0x00, 0x00, 0x06, 0x00, 0x00, 0x00, 0x05, 0x00, 0x00, 0x00, 0x05, 0x00, 0x00, 0x00, 0x08,
    0x00, 0x00, 0x00, 0x00, 0x00, 0x00, 0x00, 0x00, 0x00, 0x00, 0x25, 0x3C, 0x00, 0x00, 0x00, 0x0B,
    0x00, 0x00, 0x00, 0x05, 0x00, 0x00, 0x00, 0x05, 0x00, 0x00, 0x00, 0x08, 0x00, 0x00, 0x00, 0x00,
    0x00, 0x00, 0x00, 0x00, 0x00, 0x00, 0x25, 0x3D, 0x00, 0x00, 0x00, 0x0B, 0x00, 0x00, 0x00, 0x05,
    0x00, 0x00, 0x00, 0x05, 0x00, 0x00, 0x00, 0x08, 0x00, 0x00, 0x00, 0x00, 0x00, 0x00, 0x00, 0x00,
    0x00, 0x00, 0x25, 0x3E, 0x00, 0x00, 0x00, 0x0B, 0x00, 0x00, 0x00, 0x05, 0x00, 0x00, 0x00, 0x05,
    0x00, 0x00, 0x00, 0x08, 0x00, 0x00, 0x00, 0x00, 0x00, 0x00, 0x00, 0x00, 0x00, 0x00, 0x25, 0x3F,
    0x00, 0x00, 0x00, 0x0B, 0x00, 0x00, 0x00, 0x05, 0x00, 0x00, 0x00, 0x05, 0x00, 0x00, 0x00, 0x08,
    0x00, 0x00, 0x00, 0x00, 0x00, 0x00, 0x00, 0x00, 0x00, 0x00, 0x25, 0x40, 0x00, 0x00, 0x00, 0x0B,
    0x00, 0x00, 0x00, 0x05, 0x00, 0x00, 0x00, 0x05, 0x00, 0x00, 0x00, 0x08, 0x00, 0x00, 0x00, 0x00,
    0x00, 0x00, 0x00, 0x00, 0x00, 0x00, 0x25, 0x41, 0x00, 0x00, 0x00, 0x0B, 0x00, 0x00, 0x00, 0x05,
    0x00, 0x00, 0x00, 0x05, 0x00, 0x00, 0x00, 0x08, 0x00, 0x00, 0x00, 0x00, 0x00, 0x00, 0x00, 0x00,
    0x00, 0x00, 0x25, 0x42, 0x00, 0x00, 0x00, 0x0B, 0x00, 0x00, 0x00, 0x05, 0x00, 0x00, 0x00, 0x05,
    0x00, 0x00, 0x00, 0x08, 0x00, 0x00, 0x00, 0x00, 0x00, 0x00, 0x00, 0x00, 0x00, 0x00, 0x25, 0x43,
    0x00, 0x00, 0x00, 0x0B, 0x00, 0x00, 0x00, 0x05, 0x00, 0x00, 0x00, 0x05, 0x00, 0x00, 0x00, 0x08,
    0x00, 0x00, 0x00, 0x00, 0x00, 0x00, 0x00, 0x00, 0x00, 0x00, 0x25, 0x44, 0x00, 0x00, 0x00, 0x0B,
    0x00, 0x00, 0x00, 0x05, 0x00, 0x00, 0x00, 0x05, 0x00, 0x00, 0x00, 0x08, 0x00, 0x00, 0x00, 0x00,
    0x00, 0x00, 0x00, 0x00, 0x00, 0x00, 0x25, 0x45, 0x00, 0x00, 0x00, 0x0B, 0x00, 0x00, 0x00, 0x05,
    0x00, 0x00, 0x00, 0x05, 0x00, 0x00, 0x00, 0x08, 0x00, 0x00, 0x00, 0x00, 0x00, 0x00, 0x00, 0x00,
    0x00, 0x00, 0x25, 0x46, 0x00, 0x00, 0x00, 0x0B, 0x00, 0x00, 0x00, 0x05, 0x00, 0x00, 0x00, 0x05,
    0x00, 0x00, 0x00, 0x08, 0x00, 0x00, 0x00, 0x00, 0x00, 0x00, 0x00, 0x00, 0x00, 0x00, 0x25, 0x47,
    0x00, 0x00, 0x00, 0x0B, 0x00, 0x00, 0x00, 0x05, 0x00, 0x00, 0x00, 0x05, 0x00, 0x00, 0x00, 0x08,
    0x00, 0x00, 0x00, 0x00, 0x00, 0x00, 0x00, 0x00, 0x00, 0x00, 0x25, 0x48, 0x00, 0x00, 0x00, 0x0B,
    0x00, 0x00, 0x00, 0x05, 0x00, 0x00, 0x00, 0x05, 0x00, 0x00, 0x00, 0x08, 0x00, 0x00, 0x00, 0x00,
    0x00, 0x00, 0x00, 0x00, 0x00, 0x00, 0x25, 0x49, 0x00, 0x00, 0x00, 0x0B, 0x00, 0x00, 0x00, 0x05,
    0x00, 0x00, 0x00, 0x05, 0x00, 0x00, 0x00, 0x08, 0x00, 0x00, 0x00, 0x00, 0x00, 0x00, 0x00, 0x00,
    0x00, 0x00, 0x25, 0x4A, 0x00, 0x00, 0x00, 0x0B, 0x00, 0x00, 0x00, 0x05, 0x00, 0x00, 0x00, 0x05,
    0x00, 0x00, 0x00, 0x08, 0x00, 0x00, 0x00, 0x00, 0x00, 0x00, 0x00, 0x00, 0x00, 0x00, 0x25, 0x4B,
    0x00, 0x00, 0x00, 0x0B, 0x00, 0x00, 0x00, 0x05, 0x00, 0x00, 0x00, 0x05, 0x00, 0x00, 0x00, 0x08,
    0x00, 0x00, 0x00, 0x00, 0x00, 0x00, 0x00, 0x00, 0x00, 0x00, 0x25, 0x4C, 0x00, 0x00, 0x00, 0x01,
    0x00, 0x00, 0x00, 0x05, 0x00, 0x00, 0x00, 0x05, 0x00, 0x00, 0x00, 0x03, 0x00, 0x00, 0x00, 0x00,
    0x00, 0x00, 0x00, 0x00, 0x00, 0x00, 0x25, 0x4D, 0x00, 0x00, 0x00, 0x02, 0x00, 0x00, 0x00, 0x05,
    0x00, 0x00, 0x00, 0x05, 0x00, 0x00, 0x00, 0x04, 0x00, 0x00, 0x00, 0x00, 0x00, 0x00, 0x00, 0x00,
    0x00, 0x00, 0x25, 0x4E, 0x00, 0x00, 0x00, 0x09, 0x00, 0x00, 0x00, 0x01, 0x00, 0x00, 0x00, 0x05,
    0x00, 0x00, 0x00, 0x07, 0x00, 0x00, 0x00, 0x02, 0x00, 0x00, 0x00, 0x00, 0x00, 0x00, 0x25, 0x4F,
    0x00, 0x00, 0x00, 0x09, 0x00, 0x00, 0x00, 0x03, 0x00, 0x00, 0x00, 0x05, 0x00, 0x00, 0x00, 0x07,
    0x00, 0x00, 0x00, 0x01, 0x00, 0x00, 0x00, 0x00, 0x00, 0x00, 0x25, 0x50, 0x00, 0x00, 0x00, 0x03,
    0x00, 0x00, 0x00, 0x05, 0x00, 0x00, 0x00, 0x05, 0x00, 0x00, 0x00, 0x04, 0x00, 0x00, 0x00, 0x00,
    0x00, 0x00, 0x00, 0x00, 0x00, 0x00, 0x25, 0x51, 0x00, 0x00, 0x00, 0x0B, 0x00, 0x00, 0x00, 0x03,
    0x00, 0x00, 0x00, 0x05, 0x00, 0x00, 0x00, 0x08, 0x00, 0x00, 0x00, 0x01, 0x00, 0x00, 0x00, 0x00,
    0x00, 0x00, 0x25, 0x52, 0x00, 0x00, 0x00, 0x07, 0x00, 0x00, 0x00, 0x03, 0x00, 0x00, 0x00, 0x05,
    0x00, 0x00, 0x00, 0x04, 0x00, 0x00, 0x00, 0x02, 0x00, 0x00, 0x00, 0x00, 0x00, 0x00, 0x25, 0x53,
    0x00, 0x00, 0x00, 0x06, 0x00, 0x00, 0x00, 0x04, 0x00, 0x00, 0x00, 0x05, 0x00, 0x00, 0x00, 0x03,
    0x00, 0x00, 0x00, 0x01, 0x00, 0x00, 0x00, 0x00, 0x00, 0x00, 0x25, 0x54, 0x00, 0x00, 0x00, 0x06,
    0x00, 0x00, 0x00, 0x04, 0x00, 0x00, 0x00, 0x05, 0x00, 0x00, 0x00, 0x04, 0x00, 0x00, 0x00, 0x01,
    0x00, 0x00, 0x00, 0x00, 0x00, 0x00, 0x25, 0x55, 0x00, 0x00, 0x00, 0x07, 0x00, 0x00, 0x00, 0x05,
    0x00, 0x00, 0x00, 0x05, 0x00, 0x00, 0x00, 0x04, 0x00, 0x00, 0x00, 0x00, 0x00, 0x00, 0x00, 0x00,
    0x00, 0x00, 0x25, 0x56, 0x00, 0x00, 0x00, 0x06, 0x00, 0x00, 0x00, 0x05, 0x00, 0x00, 0x00, 0x05,
    0x00, 0x00, 0x00, 0x03, 0x00, 0x00, 0x00, 0x00, 0x00, 0x00, 0x00, 0x00, 0x00, 0x00, 0x25, 0x57,
    0x00, 0x00, 0x00, 0x06, 0x00, 0x00, 0x00, 0x05, 0x00, 0x00, 0x00, 0x05, 0x00, 0x00, 0x00, 0x04,
    0x00, 0x00, 0x00, 0x00, 0x00, 0x00, 0x00, 0x00, 0x00, 0x00, 0x25, 0x58, 0x00, 0x00, 0x00, 0x07,
    0x00, 0x00, 0x00, 0x03, 0x00, 0x00, 0x00, 0x05, 0x00, 0x00, 0x00, 0x08, 0x00, 0x00, 0x00, 0x02,
    0x00, 0x00, 0x00, 0x00, 0x00, 0x00, 0x25, 0x59, 0x00, 0x00, 0x00, 0x06, 0x00, 0x00, 0x00, 0x04,
    0x00, 0x00, 0x00, 0x05, 0x00, 0x00, 0x00, 0x08, 0x00, 0x00, 0x00, 0x01, 0x00, 0x00, 0x00, 0x00,
    0x00, 0x00, 0x25, 0x5A, 0x00, 0x00, 0x00, 0x07, 0x00, 0x00, 0x00, 0x04, 0x00, 0x00, 0x00, 0x05,
    0x00, 0x00, 0x00, 0x08, 0x00, 0x00, 0x00, 0x01, 0x00, 0x00, 0x00, 0x00, 0x00, 0x00, 0x25, 0x5B,
    0x00, 0x00, 0x00, 0x07, 0x00, 0x00, 0x00, 0x05, 0x00, 0x00, 0x00, 0x05, 0x00, 0x00, 0x00, 0x08,
    0x00, 0x00, 0x00, 0x00, 0x00, 0x00, 0x00, 0x00, 0x00, 0x00, 0x25, 0x5C, 0x00, 0x00, 0x00, 0x06,
    0x00, 0x00, 0x00, 0x05, 0x00, 0x00, 0x00, 0x05, 0x00, 0x00, 0x00, 0x08, 0x00, 0x00, 0x00, 0x00,
    0x00, 0x00, 0x00, 0x00, 0x00, 0x00, 0x25, 0x5D, 0x00, 0x00, 0x00, 0x07, 0x00, 0x00, 0x00, 0x05,
    0x00, 0x00, 0x00, 0x05, 0x00, 0x00, 0x00, 0x08, 0x00, 0x00, 0x00, 0x00, 0x00, 0x00, 0x00, 0x00,
    0x00, 0x00, 0x25, 0x5E, 0x00, 0x00, 0x00, 0x0B, 0x00, 0x00, 0x00, 0x03, 0x00, 0x00, 0x00, 0x05,
    0x00, 0x00, 0x00, 0x08, 0x00, 0x00, 0x00, 0x02, 0x00, 0x00, 0x00, 0x00, 0x00, 0x00, 0x25, 0x5F,
    0x00, 0x00, 0x00, 0x0B, 0x00, 0x00, 0x00, 0x04, 0x00, 0x00, 0x00, 0x05, 0x00, 0x00, 0x00, 0x08,
    0x00, 0x00, 0x00, 0x01, 0x00, 0x00, 0x00, 0x00, 0x00, 0x00, 0x25, 0x60, 0x00, 0x00, 0x00, 0x0B,
    0x00, 0x00, 0x00, 0x04, 0x00, 0x00, 0x00, 0x05, 0x00, 0x00, 0x00, 0x08, 0x00, 0x00, 0x00, 0x01,
    0x00, 0x00, 0x00, 0x00, 0x00, 0x00, 0x25, 0x61, 0x00, 0x00, 0x00, 0x0B, 0x00, 0x00, 0x00, 0x05,
    0x00, 0x00, 0x00, 0x05, 0x00, 0x00, 0x00, 0x08, 0x00, 0x00, 0x00, 0x00, 0x00, 0x00, 0x00, 0x00,
    0x00, 0x00, 0x25, 0x62, 0x00, 0x00, 0x00, 0x0B, 0x00, 0x00, 0x00, 0x05, 0x00, 0x00, 0x00, 0x05,
    0x00, 0x00, 0x00, 0x08, 0x00, 0x00, 0x00, 0x00, 0x00, 0x00, 0x00, 0x00, 0x00, 0x00, 0x25, 0x63,
    0x00, 0x00, 0x00, 0x0B, 0x00, 0x00, 0x00, 0x05, 0x00, 0x00, 0x00, 0x05, 0x00, 0x00, 0x00, 0x08,
    0x00, 0x00, 0x00, 0x00, 0x00, 0x00, 0x00, 0x00, 0x00, 0x00, 0x25, 0x64, 0x00, 0x00, 0x00, 0x06,
    0x00, 0x00, 0x00, 0x05, 0x00, 0x00, 0x00, 0x05, 0x00, 0x00, 0x00, 0x04, 0x00, 0x00, 0x00, 0x00,
    0x00, 0x00, 0x00, 0x00, 0x00, 0x00, 0x25, 0x65, 0x00, 0x00, 0x00, 0x06, 0x00, 0x00, 0x00, 0x05,
    0x00, 0x00, 0x00, 0x05, 0x00, 0x00, 0x00, 0x03, 0x00, 0x00, 0x00, 0x00, 0x00, 0x00, 0x00, 0x00,
    0x00, 0x00, 0x25, 0x66, 0x00, 0x00, 0x00, 0x06, 0x00, 0x00, 0x00, 0x05, 0x00, 0x00, 0x00, 0x05,
    0x00, 0x00, 0x00, 0x04, 0x00, 0x00, 0x00, 0x00, 0x00, 0x00, 0x00, 0x00, 0x00, 0x00, 0x25, 0x67,
    0x00, 0x00, 0x00, 0x07, 0x00, 0x00, 0x00, 0x05, 0x00, 0x00, 0x00, 0x05, 0x00, 0x00, 0x00, 0x08,
    0x00, 0x00, 0x00, 0x00, 0x00, 0x00, 0x00, 0x00, 0x00, 0x00, 0x25, 0x68, 0x00, 0x00, 0x00, 0x06,
    0x00, 0x00, 0x00, 0x05, 0x00, 0x00, 0x00, 0x05, 0x00, 0x00, 0x00, 0x08, 0x00, 0x00, 0x00, 0x00,
    0x00, 0x00, 0x00, 0x00, 0x00, 0x00, 0x25, 0x69, 0x00, 0x00, 0x00, 0x07, 0x00, 0x00, 0x00, 0x05,
    0x00, 0x00, 0x00, 0x05, 0x00, 0x00, 0x00, 0x08, 0x00, 0x00, 0x00, 0x00, 0x00, 0x00, 0x00, 0x00,
    0x00, 0x00, 0x25, 0x6A, 0x00, 0x00, 0x00, 0x0B, 0x00, 0x00, 0x00, 0x05, 0x00, 0x00, 0x00, 0x05,
    0x00, 0x00, 0x00, 0x08, 0x00, 0x00, 0x00, 0x00, 0x00, 0x00, 0x00, 0x00, 0x00, 0x00, 0x25, 0x6B,
    0x00, 0x00, 0x00, 0x0B, 0x00, 0x00, 0x00, 0x05, 0x00, 0x00, 0x00, 0x05, 0x00, 0x00, 0x00, 0x08,
    0x00, 0x00, 0x00, 0x00, 0x00, 0x00, 0x00, 0x00, 0x00, 0x00, 0x25, 0x6C, 0x00, 0x00, 0x00, 0x0A,
    0x00, 0x00, 0x00, 0x05, 0x00, 0x00, 0x00, 0x05, 0x00, 0x00, 0x00, 0x08, 0x00, 0x00, 0x00, 0x00,
    0x00, 0x00, 0x00, 0x00, 0x00, 0x00, 0x25, 0x6D, 0x00, 0x00, 0x00, 0x06, 0x00, 0x00, 0x00, 0x03,
    0x00, 0x00, 0x00, 0x05, 0x00, 0x00, 0x00, 0x03, 0x00, 0x00, 0x00, 0x02, 0x00, 0x00, 0x00, 0x00,
    0x00, 0x00, 0x25, 0x6E, 0x00, 0x00, 0x00, 0x06, 0x00, 0x00, 0x00, 0x05, 0x00, 0x00, 0x00, 0x05,
    0x00, 0x00, 0x00, 0x03, 0x00, 0x00, 0x00, 0x00, 0x00, 0x00, 0x00, 0x00, 0x00, 0x00, 0x25, 0x6F,
    0x00, 0x00, 0x00, 0x06, 0x00, 0x00, 0x00, 0x05, 0x00, 0x00, 0x00, 0x05, 0x00, 0x00, 0x00, 0x08,
    0x00, 0x00, 0x00, 0x00, 0x00, 0x00, 0x00, 0x00, 0x00, 0x00, 0x25, 0x70, 0x00, 0x00, 0x00, 0x06,
    0x00, 0x00, 0x00, 0x03, 0x00, 0x00, 0x00, 0x05, 0x00, 0x00, 0x00, 0x08, 0x00, 0x00, 0x00, 0x02,
    0x00, 0x00, 0x00, 0x00, 0x00, 0x00, 0x25, 0x71, 0x00, 0x00, 0x00, 0x0B, 0x00, 0x00, 0x00, 0x05,
    0x00, 0x00, 0x00, 0x05, 0x00, 0x00, 0x00, 0x08, 0x00, 0x00, 0x00, 0x00, 0x00, 0x00, 0x00, 0x00,
    0x00, 0x00, 0x25, 0x72, 0x00, 0x00, 0x00, 0x0B, 0x00, 0x00, 0x00, 0x05, 0x00, 0x00, 0x00, 0x05,
    0x00, 0x00, 0x00, 0x08, 0x00, 0x00, 0x00, 0x00, 0x00, 0x00, 0x00, 0x00, 0x00, 0x00, 0x25, 0x73,
    0x00, 0x00, 0x00, 0x0B, 0x00, 0x00, 0x00, 0x05, 0x00, 0x00, 0x00, 0x05, 0x00, 0x00, 0x00, 0x08,
    0x00, 0x00, 0x00, 0x00, 0x00, 0x00, 0x00, 0x00, 0x00, 0x00, 0x25, 0x74, 0x00, 0x00, 0x00, 0x01,
    0x00, 0x00, 0x00, 0x05, 0x00, 0x00, 0x00, 0x05, 0x00, 0x00, 0x00, 0x03, 0x00, 0x00, 0x00, 0x00,
    0x00, 0x00, 0x00, 0x00, 0x00, 0x00, 0x25, 0x75, 0x00, 0x00, 0x00, 0x06, 0x00, 0x00, 0x00, 0x01,
    0x00, 0x00, 0x00, 0x05, 0x00, 0x00, 0x00, 0x08, 0x00, 0x00, 0x00, 0x02, 0x00, 0x00, 0x00, 0x00,
    0x00, 0x00, 0x25, 0x76, 0x00, 0x00, 0x00, 0x01, 0x00, 0x00, 0x00, 0x03, 0x00, 0x00, 0x00, 0x05,
    0x00, 0x00, 0x00, 0x03, 0x00, 0x00, 0x00, 0x02, 0x00, 0x00, 0x00, 0x00, 0x00, 0x00, 0x25, 0x77,
    0x00, 0x00, 0x00, 0x06, 0x00, 0x00, 0x00, 0x01, 0x00, 0x00, 0x00, 0x05, 0x00, 0x00, 0x00, 0x03,
    0x00, 0x00, 0x00, 0x02, 0x00, 0x00, 0x00, 0x00, 0x00, 0x00, 0x25, 0x78, 0x00, 0x00, 0x00, 0x02,
    0x00, 0x00, 0x00, 0x05, 0x00, 0x00, 0x00, 0x05, 0x00, 0x00, 0x00, 0x04, 0x00, 0x00, 0x00, 0x00,
    0x00, 0x00, 0x00, 0x00, 0x00, 0x00, 0x25, 0x79, 0x00, 0x00, 0x00, 0x06, 0x00, 0x00, 0x00, 0x03,
    0x00, 0x00, 0x00, 0x05, 0x00, 0x00, 0x00, 0x08, 0x00, 0x00, 0x00, 0x01, 0x00, 0x00, 0x00, 0x00,
    0x00, 0x00, 0x25, 0x7A, 0x00, 0x00, 0x00, 0x02, 0x00, 0x00, 0x00, 0x03, 0x00, 0x00, 0x00, 0x05,
    0x00, 0x00, 0x00, 0x04, 0x00, 0x00, 0x00, 0x02, 0x00, 0x00, 0x00, 0x00, 0x00, 0x00, 0x25, 0x7B,
    0x00, 0x00, 0x00, 0x06, 0x00, 0x00, 0x00, 0x03, 0x00, 0x00, 0x00, 0x05, 0x00, 0x00, 0x00, 0x03,
    0x00, 0x00, 0x00, 0x01, 0x00, 0x00, 0x00, 0x00, 0x00, 0x00, 0x25, 0x7C, 0x00, 0x00, 0x00, 0x02,
    0x00, 0x00, 0x00, 0x05, 0x00, 0x00, 0x00, 0x05, 0x00, 0x00, 0x00, 0x04, 0x00, 0x00, 0x00, 0x00,
    0x00, 0x00, 0x00, 0x00, 0x00, 0x00, 0x25, 0x7D, 0x00, 0x00, 0x00, 0x0B, 0x00, 0x00, 0x00, 0x03,
    0x00, 0x00, 0x00, 0x05, 0x00, 0x00, 0x00, 0x08, 0x00, 0x00, 0x00, 0x01, 0x00, 0x00, 0x00, 0x00,
    0x00, 0x00, 0x25, 0x7E, 0x00, 0x00, 0x00, 0x02, 0x00, 0x00, 0x00, 0x05, 0x00, 0x00, 0x00, 0x05,
    0x00, 0x00, 0x00, 0x04, 0x00, 0x00, 0x00, 0x00, 0x00, 0x00, 0x00, 0x00, 0x00, 0x00, 0x25, 0x7F,
    0x00, 0x00, 0x00, 0x0A, 0x00, 0x00, 0x00, 0x03, 0x00, 0x00, 0x00, 0x05, 0x00, 0x00, 0x00, 0x08,
    0x00, 0x00, 0x00, 0x01, 0x00, 0x00, 0x00, 0x00, 0x00, 0x00, 0x25, 0xA0, 0x00, 0x00, 0x00, 0x06,
    0x00, 0x00, 0x00, 0x05, 0x00, 0x00, 0x00, 0x05, 0x00, 0x00, 0x00, 0x05, 0x00, 0x00, 0x00, 0x00,
    0x00, 0x00, 0x00, 0x00, 0x00, 0x00, 0x25, 0xA1, 0x00, 0x00, 0x00, 0x06, 0x00, 0x00, 0x00, 0x05,
    0x00, 0x00, 0x00, 0x05, 0x00, 0x00, 0x00, 0x05, 0x00, 0x00, 0x00, 0x00, 0x00, 0x00, 0x00, 0x00,
    0x00, 0x00, 0x25, 0xB2, 0x00, 0x00, 0x00, 0x06, 0x00, 0x00, 0x00, 0x05, 0x00, 0x00, 0x00, 0x05,
    0x00, 0x00, 0x00, 0x05, 0x00, 0x00, 0x00, 0x00, 0x00, 0x00, 0x00, 0x00, 0x00, 0x00, 0x25, 0xB6,
    0x00, 0x00, 0x00, 0x06, 0x00, 0x00, 0x00, 0x05, 0x00, 0x00, 0x00, 0x05, 0x00, 0x00, 0x00, 0x05,
    0x00, 0x00, 0x00, 0x00, 0x00, 0x00, 0x00, 0x00, 0x00, 0x00, 0x25, 0xBC, 0x00, 0x00, 0x00, 0x06,
    0x00, 0x00, 0x00, 0x05, 0x00, 0x00, 0x00, 0x05, 0x00, 0x00, 0x00, 0x05, 0x00, 0x00, 0x00, 0x00,
    0x00, 0x00, 0x00, 0x00, 0x00, 0x00, 0x25, 0xC0, 0x00, 0x00, 0x00, 0x06, 0x00, 0x00, 0x00, 0x05,
    0x00, 0x00, 0x00, 0x05, 0x00, 0x00, 0x00, 0x05, 0x00, 0x00, 0x00, 0x00, 0x00, 0x00, 0x00, 0x00,
    0x00, 0x00, 0x25, 0xC6, 0x00, 0x00, 0x00, 0x06, 0x00, 0x00, 0x00, 0x05, 0x00, 0x00, 0x00, 0x05,
    0x00, 0x00, 0x00, 0x05, 0x00, 0x00, 0x00, 0x00, 0x00, 0x00, 0x00, 0x00, 0x00, 0x00, 0x25, 0xC7,
    0x00, 0x00, 0x00, 0x06, 0x00, 0x00, 0x00, 0x05, 0x00, 0x00, 0x00, 0x05, 0x00, 0x00, 0x00, 0x05,
    0x00, 0x00, 0x00, 0x00, 0x00, 0x00, 0x00, 0x00, 0x00, 0x00, 0x25, 0xCB, 0x00, 0x00, 0x00, 0x06,
    0x00, 0x00, 0x00, 0x05, 0x00, 0x00, 0x00, 0x05, 0x00, 0x00, 0x00, 0x05, 0x00, 0x00, 0x00, 0x00,
    0x00, 0x00, 0x00, 0x00, 0x00, 0x00, 0x25, 0xCF, 0x00, 0x00, 0x00, 0x06, 0x00, 0x00, 0x00, 0x05,
    0x00, 0x00, 0x00, 0x05, 0x00, 0x00, 0x00, 0x05, 0x00, 0x00, 0x00, 0x00, 0x00, 0x00, 0x00, 0x00,
    0x00, 0x00, 0x26, 0x10, 0x00, 0x00, 0x00, 0x06, 0x00, 0x00, 0x00, 0x06, 0x00, 0x00, 0x00, 0x06,
    0x00, 0x00, 0x00, 0x06, 0x00, 0x00, 0x00, 0x00, 0x00, 0x00, 0x00, 0x00, 0x00, 0x00, 0x26, 0x11,
    0x00, 0x00, 0x00, 0x07, 0x00, 0x00, 0x00, 0x06, 0x00, 0x00, 0x00, 0x06, 0x00, 0x00, 0x00, 0x06,
    0x00, 0x00, 0x00, 0x00, 0x00, 0x00, 0x00, 0x00, 0x00, 0x00, 0x26, 0x99, 0x00, 0x00, 0x00, 0x07,
    0x00, 0x00, 0x00, 0x06, 0x00, 0x00, 0x00, 0x06, 0x00, 0x00, 0x00, 0x07, 0x00, 0x00, 0x00, 0x00,
    0x00, 0x00, 0x00, 0x00, 0x00, 0x00, 0x27, 0x13, 0x00, 0x00, 0x00, 0x06, 0x00, 0x00, 0x00, 0x06,
    0x00, 0x00, 0x00, 0x06, 0x00, 0x00, 0x00, 0x06, 0x00, 0x00, 0x00, 0x00, 0x00, 0x00, 0x00, 0x00,
    0x00, 0x00, 0x27, 0x17, 0x00, 0x00, 0x00, 0x07, 0x00, 0x00, 0x00, 0x06, 0x00, 0x00, 0x00, 0x06,
    0x00, 0x00, 0x00, 0x06, 0x00, 0x00, 0x00, 0x00, 0x00, 0x00, 0x00, 0x00, 0x00, 0x00, 0x27, 0x18,
    0x00, 0x00, 0x00, 0x08, 0x00, 0x00, 0x00, 0x06, 0x00, 0x00, 0x00, 0x06, 0x00, 0x00, 0x00, 0x07,
    0x00, 0x00, 0x00, 0x00, 0x00, 0x00, 0x00, 0x00, 0x00, 0x00, 0x2B, 0x07, 0x00, 0x00, 0x00, 0x05,
    0x00, 0x00, 0x00, 0x03, 0x00, 0x00, 0x00, 0x05, 0x00, 0x00, 0x00, 0x05, 0x00, 0x00, 0x00, 0x01,
    0x00, 0x00, 0x00, 0x00, 0x30, 0xFF, 0x00, 0x2E, 0xFF, 0x00, 0x15, 0xFF, 0x00, 0x00, 0xD9, 0x00,
    0x00, 0x52, 0x00, 0x0A, 0x8A, 0x00, 0x2B, 0xFF, 0x01, 0xD7, 0x48, 0xA0, 0xD7, 0x48, 0xA0, 0x6C,
    0x1E, 0x51, 0x00, 0x13, 0xB6, 0xAF, 0x3F, 0x00, 0x5A, 0x96, 0xC3, 0x04, 0x88, 0xFF, 0xE6, 0xFF,
    0xA6, 0x00, 0xC3, 0x27, 0xAA, 0x00, 0xCE, 0xFF, 0xF5, 0xF2, 0x5A, 0x2B, 0xA3, 0xA7, 0x22, 0x00,
    0x72, 0x7C, 0xC6, 0x00, 0x00, 0x00, 0x00, 0xE1, 0x00, 0x00, 0x06, 0xC6, 0xFF, 0xD4, 0x00, 0x4E,
    0xAC, 0xB4, 0x01, 0x00, 0x18, 0xFD, 0xE2, 0x2E, 0x00, 0x00, 0x1B, 0xD2, 0xFD, 0x31, 0x09, 0x00,
    0xB4, 0xB1, 0x76, 0x40, 0xD8, 0xFD, 0xD4, 0x10, 0x00, 0x00, 0xE1, 0x00, 0x00, 0x00, 0x00, 0x5B,
    0x00, 0x00, 0x87, 0xC8, 0x49, 0x00, 0x00, 0xBA, 0x09, 0xAF, 0x00, 0x01, 0x8B, 0xCB, 0xB7, 0xB2,
    0x73, 0x94, 0xAE, 0xB8, 0xCD, 0x51, 0x00, 0x00, 0xB6, 0x03, 0xB7, 0x00, 0x00, 0xA3, 0xD0, 0x7F,
    0x00, 0xC8, 0xDE, 0x7B, 0x00, 0x10, 0xD8, 0x00, 0x00, 0x00, 0x00, 0xF5, 0x16, 0x00, 0x00, 0x70,
    0xDE, 0xBC, 0x00, 0x64, 0xDA, 0x07, 0xC6, 0x5B, 0xB7, 0xCE, 0x2A, 0x19, 0xFF, 0x72, 0x3A, 0xE9,
    0xD9, 0xD3, 0xB5, 0xDC, 0xDC, 0x6F, 0x0A, 0xC3, 0x88, 0x7E, 0xD0, 0x28, 0xF8, 0x03, 0xF2, 0x00,
    0xCF, 0x1F, 0x88, 0x82, 0x0A, 0xC5, 0x06, 0xCA, 0x00, 0x00, 0xA6, 0x46, 0x00, 0x63, 0xB5, 0x00,
    0x30, 0xC5, 0x00, 0x33, 0xC5, 0x00, 0x66, 0xB5, 0x00, 0xB1, 0x46, 0x07, 0xD3, 0x00, 0x00, 0x00,
    0xB1, 0x00, 0x00, 0x58, 0x8B, 0xC8, 0xA5, 0x2D, 0x00, 0x90, 0xFF, 0x49, 0x00, 0x00, 0xB2, 0x52,
    0xAE, 0x00, 0x00, 0x2E, 0x00, 0x2E, 0x00, 0x00, 0x00, 0x99, 0x00, 0x00, 0x00, 0x00, 0xD2, 0x00,
    0x00, 0xBD, 0xF0, 0xFF, 0xF0, 0x87, 0x00, 0x00, 0xD2, 0x00, 0x00, 0x00, 0x00, 0xD2, 0x00, 0x00,
    0x03, 0x54, 0x00, 0x2D, 0xFF, 0x15, 0x00, 0xBA, 0x0C, 0x52, 0x87, 0x00, 0x31, 0xE1, 0xE1, 0xE1,
    0x03, 0x0A, 0x7F, 0x00, 0x31, 0xFF, 0x00, 0x00, 0x00, 0x00, 0xDD, 0x15, 0x00, 0x00, 0x39, 0xBE,
    0x00, 0x00, 0x00, 0xB0, 0x49, 0x00, 0x00, 0x0C, 0xE1, 0x00, 0x00, 0x00, 0x8E, 0x8D, 0x00, 0x00,
    0x00, 0xE1, 0x0C, 0x00, 0x00, 0x46, 0xAF, 0x00, 0x00, 0x00, 0x5E, 0x2E, 0x00, 0x00, 0x00, 0x00,
    0xBB, 0xE9, 0xAC, 0x00, 0x4C, 0xBE, 0x00, 0xEE, 0x12, 0x9C, 0x8D, 0xA0, 0xB2, 0x51, 0xB2, 0x7C,
    0xF1, 0xA3, 0x69, 0x9C, 0x8E, 0xB0, 0xB2, 0x51, 0x4E, 0xBE, 0x01, 0xED, 0x13, 0x00, 0xBC, 0xE9,
    0xAE, 0x00, 0x00, 0x36, 0xFF, 0x18, 0x00, 0x03, 0xEB, 0xFF, 0x18, 0x00, 0x00, 0x3D, 0xE6, 0x18,
    0x00, 0x00, 0x00, 0xE6, 0x18, 0x00, 0x00, 0x00, 0xE6, 0x18, 0x00, 0x00, 0x00, 0xE6, 0x18, 0x00,
    0x00, 0xDC, 0xFF, 0xF0, 0x4E, 0x57, 0xFB, 0xF6, 0xA6, 0x00, 0x25, 0x09, 0x00, 0xFD, 0x0A, 0x00,
    0x00, 0x00, 0xFB, 0x06, 0x00, 0x00, 0x78, 0xB5, 0x00, 0x00, 0x2D, 0xF0, 0x0F, 0x00, 0x0D, 0xE4,
    0x30, 0x00, 0x00, 0x91, 0xFF, 0xEB, 0xEB, 0x27, 0x42, 0xF5, 0xF3, 0xB5, 0x00, 0x09, 0x01, 0x00,
    0xF0, 0x15, 0x00, 0x00, 0x06, 0xF5, 0x0F, 0x00, 0x6F, 0xFF, 0xB8, 0x00, 0x00, 0x00, 0x01, 0xDA,
    0x31, 0x0C, 0x00, 0x00, 0xCB, 0x4B, 0x7B, 0xF5, 0xF1, 0xBF, 0x00, 0x00, 0x00, 0xBA, 0xD2, 0x00,
    0x00, 0x0D, 0xD9, 0xD2, 0x00, 0x00, 0xA2, 0x7B, 0xD2, 0x00, 0x06, 0xC9, 0x30, 0xD2, 0x00, 0x8A,
    0x78, 0x30, 0xD2, 0x00, 0xA2, 0xE8, 0xF1, 0xFF, 0x78, 0x00, 0x00, 0x30, 0xD2, 0x00, 0x48, 0xFF,
    0xEB, 0xB2, 0x00, 0x48, 0xAA, 0x00, 0x00, 0x00, 0x48, 0xFF, 0xEC, 0x76, 0x00, 0x0D, 0x07, 0x15,
    0xFF, 0x0C, 0x00, 0x00, 0x00, 0xCE, 0x34, 0x13, 0x00, 0x06, 0xFC, 0x10, 0x87, 0xFC, 0xFA, 0x97,
    0x00, 0x00, 0xBB, 0xF1, 0xD4, 0x00, 0x3A, 0xC4, 0x00, 0x00, 0x00, 0x94, 0xBB, 0xD9, 0xAC, 0x00,
    0xB1, 0xC6, 0x00, 0xDC, 0x30, 0xA0, 0x9D, 0x00, 0xA1, 0x66, 0x55, 0xB0, 0x00, 0xCA, 0x3D, 0x01,
    0xC1, 0xDE, 0xBE, 0x00, 0x7F, 0xEB, 0xEB, 0xFF, 0x3C, 0x00, 0x00, 0x01, 0xF2, 0x00, 0x00, 0x00,
    0x58, 0xAD, 0x00, 0x00, 0x00, 0xB1, 0x57, 0x00, 0x00, 0x00, 0xFA, 0x03, 0x00, 0x00, 0x4E, 0xBE,
    0x00, 0x00, 0x00, 0xA8, 0x6C, 0x00, 0x00, 0x09, 0xDA, 0xDF, 0xB9, 0x00, 0x6C, 0xA3, 0x00, 0xDC,
    0x2B, 0x51, 0xB5, 0x00, 0xE2, 0x18, 0x01, 0xE4, 0xFC, 0xA3, 0x00, 0x85, 0xB1, 0x00, 0xCD, 0x42,
    0xA3, 0x99, 0x00, 0xB9, 0x5E, 0x1F, 0xE8, 0xDE, 0xD3, 0x04, 0x10, 0xDD, 0xE3, 0xA8, 0x00, 0x8D,
    0xA5, 0x00, 0xE7, 0x10, 0xB4, 0x73, 0x00, 0xC5, 0x4E, 0x7B, 0xBB, 0x04, 0xFF, 0x63, 0x06, 0xBB,
    0xD2, 0xDA, 0x45, 0x00, 0x00, 0x06, 0xE6, 0x09, 0x15, 0xEE, 0xF2, 0x7C, 0x00, 0x27, 0xFF, 0x03,
    0x07, 0x87, 0x00, 0x00, 0x10, 0x00, 0x2D, 0xFF, 0x03, 0x01, 0x4E, 0x00, 0x12, 0x99, 0x00, 0x3A,
    0xFF, 0x01, 0x00, 0x00, 0x00, 0x04, 0x6D, 0x00, 0x2D, 0xFF, 0x30, 0x00, 0xB4, 0x18, 0x58, 0xA0,
    0x00, 0x00, 0x00, 0x30, 0xB0, 0x8D, 0x4B, 0xCB, 0xC8, 0x54, 0x00, 0xB2, 0xE1, 0x58, 0x00, 0x00,
    0x00, 0x25, 0xA6, 0xEB, 0x5A, 0x00, 0x00, 0x00, 0x0D, 0x33, 0xB4, 0xE6, 0xE6, 0xE6, 0x81, 0x00,
    0x00, 0x00, 0x00, 0x00, 0xBD, 0xF0, 0xF0, 0xF0, 0x87, 0xA2, 0xB4, 0x1B, 0x00, 0x00, 0x03, 0x72,
    0xD7, 0xB7, 0x2E, 0x00, 0x03, 0x75, 0xF2, 0x78, 0x88, 0xED, 0xA8, 0x13, 0x00, 0x3D, 0x03, 0x00,
    0x00, 0x00, 0x09, 0xDA, 0xF6, 0xBB, 0x00, 0x04, 0x16, 0x00, 0xFB, 0x07, 0x00, 0x00, 0x4B, 0xDE,
    0x00, 0x00, 0x00, 0xF1, 0x1E, 0x00, 0x00, 0x0F, 0xBE, 0x00, 0x00, 0x00, 0x07, 0x46, 0x00, 0x00,
    0x00, 0x39, 0xEB, 0x00, 0x00, 0x00, 0x90, 0xD2, 0xB7, 0x10, 0x6A, 0xB2, 0x00, 0x4F, 0xAB, 0xBE,
    0x0D, 0xB9, 0xB1, 0xB9, 0xB7, 0x76, 0x8D, 0x24, 0xC0, 0xB7, 0x70, 0x88, 0x1F, 0xBF, 0xBB, 0x12,
    0xA5, 0xA3, 0xAB, 0x54, 0xAC, 0x01, 0x00, 0x00, 0x00, 0x60, 0xC4, 0xD2, 0x04, 0x00, 0x49, 0xFF,
    0x0F, 0x00, 0x00, 0xAC, 0xCF, 0x67, 0x00, 0x00, 0xD4, 0x49, 0xA7, 0x00, 0x04, 0xD8, 0x01, 0xDE,
    0x00, 0x54, 0xFF, 0xE6, 0xFF, 0x13, 0xB7, 0x64, 0x00, 0xAC, 0x6D, 0xE8, 0x19, 0x00, 0x5D, 0xAD,
    0x84, 0xFF, 0xE6, 0xC4, 0x00, 0x84, 0xA8, 0x00, 0xCA, 0x40, 0x84, 0xA8, 0x00, 0xDE, 0x36, 0x84,
    0xFF, 0xF0, 0xE6, 0x00, 0x84, 0xA8, 0x00, 0xA1, 0x73, 0x84, 0xA8, 0x00, 0xA5, 0x91, 0x84, 0xFF,
    0xE4, 0xE4, 0x18, 0x00, 0x96, 0xF3, 0xF2, 0x30, 0x28, 0xEC, 0x03, 0x06, 0x0F, 0x8A, 0xAF, 0x00,
    0x00, 0x00, 0xA5, 0x96, 0x00, 0x00, 0x00, 0x87, 0xAF, 0x00, 0x00, 0x00, 0x27, 0xEE, 0x03, 0x06,
    0x0F, 0x00, 0x97, 0xEE, 0xF8, 0x30, 0xB4, 0xFF, 0xED, 0x6D, 0x00, 0xB4, 0x7E, 0x0D, 0xF8, 0x0F,
    0xB4, 0x7E, 0x00, 0xBC, 0x55, 0xB4, 0x7E, 0x00, 0xAB, 0x73, 0xB4, 0x7E, 0x00, 0xBC, 0x55, 0xB4,
    0x7E, 0x0C, 0xF8, 0x0F, 0xB4, 0xFF, 0xEC, 0x6F, 0x00, 0x5A, 0xFF, 0xEB, 0xEB, 0x42, 0x5A, 0xB4,
    0x00, 0x00, 0x00, 0x5A, 0xB4, 0x00, 0x00, 0x00, 0x5A, 0xFF, 0xF0, 0xF0, 0x1F, 0x5A, 0xB4, 0x00,
    0x00, 0x00, 0x5A, 0xB4, 0x00, 0x00, 0x00, 0x5A, 0xFF, 0xEB, 0xEB, 0x57, 0x24, 0xFF, 0xEB, 0xEB,
    0x60, 0x24, 0xE1, 0x00, 0x00, 0x00, 0x24, 0xE1, 0x00, 0x00, 0x00, 0x24, 0xFF, 0xF0, 0xF0, 0x1B,
    0x24, 0xE1, 0x00, 0x00, 0x00, 0x24, 0xE1, 0x00, 0x00, 0x00, 0x24, 0xE1, 0x00, 0x00, 0x00, 0x00,
    0xBD, 0xE8, 0xE2, 0x16, 0x52, 0xC8, 0x00, 0x0C, 0x0A, 0xBB, 0x76, 0x00, 0x00, 0x00, 0xB5, 0x5A,
    0x4C, 0xF8, 0x66, 0xBD, 0x72, 0x00, 0xA8, 0x78, 0x57, 0xC0, 0x00, 0xA8, 0x78, 0x00, 0xA3, 0xE7,
    0xE8, 0x34, 0xB4, 0x7E, 0x00, 0xA5, 0x6C, 0xB4, 0x7E, 0x00, 0xA5, 0x6C, 0xB4, 0x7E, 0x00, 0xA5,
    0x6C, 0xB4, 0xFF, 0xF0, 0xFF, 0x6C, 0xB4, 0x7E, 0x00, 0xA5, 0x6C, 0xB4, 0x7E, 0x00, 0xA5, 0x6C,
    0xB4, 0x7E, 0x00, 0xA5, 0x6C, 0x3D, 0xEB, 0xFF, 0xEB, 0x07, 0x00, 0x00, 0xFA, 0x00, 0x00, 0x00,
    0x00, 0xFA, 0x00, 0x00, 0x00, 0x00, 0xFA, 0x00, 0x00, 0x00, 0x00, 0xFA, 0x00, 0x00, 0x00, 0x00,
    0xFA, 0x00, 0x00, 0x3D, 0xEB, 0xFF, 0xEB, 0x07, 0x00, 0x99, 0xEE, 0xEB, 0x00, 0x00, 0x12, 0xEB,
    0x00, 0x00, 0x12, 0xEB, 0x00, 0x00, 0x12, 0xEB, 0x00, 0x00, 0x13, 0xE8, 0x36, 0x00, 0x39, 0xCF,
    0x9F, 0xF5, 0xF2, 0x5E, 0xB4, 0x7E, 0x00, 0xBF, 0x7C, 0xB4, 0x7E, 0x97, 0xA8, 0x00, 0xB4, 0xAD,
    0xE3, 0x03, 0x00, 0xB4, 0xFF, 0xF3, 0x03, 0x00, 0xB4, 0x88, 0xA7, 0x90, 0x00, 0xB4, 0x7E, 0x16,
    0xFF, 0x0F, 0xB4, 0x7E, 0x00, 0xA9, 0xA0, 0x3C, 0xCD, 0x00, 0x00, 0x00, 0x3C, 0xCD, 0x00, 0x00,
    0x00, 0x3C, 0xCD, 0x00, 0x00, 0x00, 0x3C, 0xCD, 0x00, 0x00, 0x00, 0x3C, 0xCD, 0x00, 0x00, 0x00,
    0x3C, 0xCD, 0x00, 0x00, 0x00, 0x3C, 0xFF, 0xEB, 0xEB, 0x7F, 0xD2, 0xA7, 0x00, 0xE4, 0xB4, 0xD2,
    0xC6, 0x0D, 0xF6, 0xB4, 0xD2, 0xA6, 0x94, 0xA6, 0xB4, 0xD2, 0x5D, 0xFF, 0x6A, 0xB4, 0xD2, 0x18,
    0x90, 0x60, 0xB4, 0xD2, 0x18, 0x00, 0x60, 0xB4, 0xD2, 0x18, 0x00, 0x60, 0xB4, 0xAE, 0xE4, 0x00,
    0xBA, 0x6C, 0xAE, 0xFF, 0x1C, 0xBA, 0x6C, 0xAE, 0xB6, 0x99, 0xBA, 0x6C, 0xAE, 0x7B, 0xCE, 0xBA,
    0x6C, 0xAE, 0x78, 0xB4, 0xB9, 0x6C, 0xAE, 0x78, 0x58, 0xFF, 0x6C, 0xAE, 0x78, 0x01, 0xFF, 0x6C,
    0x04, 0xC6, 0xE9, 0xBB, 0x00, 0x67, 0xAD, 0x00, 0xE3, 0x24, 0xB4, 0x81, 0x00, 0xA6, 0x6A, 0xA8,
    0x70, 0x00, 0xB8, 0x81, 0xB5, 0x81, 0x00, 0xA6, 0x6A, 0x6A, 0xAD, 0x00, 0xE3, 0x24, 0x04, 0xCA,
    0xEC, 0xA0, 0x00, 0x7E, 0xFF, 0xE9, 0xC6, 0x00, 0x7E, 0xB4, 0x00, 0xCF, 0x52, 0x7E, 0xB4, 0x00,
    0xBD, 0x7C, 0x7E, 0xB4, 0x00, 0xE3, 0x45, 0x7E, 0xFF, 0xE8, 0xB7, 0x00, 0x7E, 0xB4, 0x00, 0x00,
    0x00, 0x7E, 0xB4, 0x00, 0x00, 0x00, 0x04, 0xC6, 0xE9, 0xBB, 0x00, 0x69, 0xAD, 0x00, 0xE2, 0x24,
    0xB5, 0x7F, 0x00, 0xA6, 0x6A, 0xA8, 0x70, 0x00, 0xB8, 0x82, 0xB2, 0x81, 0x00, 0xA6, 0x70, 0x66,
    0xB0, 0x00, 0xE6, 0x2A, 0x03, 0xC5, 0xFD, 0xBF, 0x00, 0x00, 0x00, 0x2D, 0xEC, 0x12, 0x00, 0x00,
    0x00, 0x51, 0x5E, 0xA8, 0xFF, 0xED, 0xAB, 0x00, 0xA8, 0x8A, 0x00, 0xF1, 0x27, 0xA8, 0x8A, 0x03,
    0xF7, 0x1E, 0xA8, 0xFF, 0xFF, 0x9F, 0x00, 0xA8, 0x8A, 0x1F, 0xEC, 0x00, 0xA8, 0x8A, 0x00, 0xBA,
    0x55, 0xA8, 0x8A, 0x00, 0x52, 0xC4, 0x0D, 0xD8, 0xE4, 0xE4, 0x00, 0x8B, 0x99, 0x00, 0x16, 0x00,
    0x8A, 0xC0, 0x13, 0x00, 0x00, 0x09, 0xB0, 0xFF, 0xB7, 0x00, 0x00, 0x00, 0x04, 0xDD, 0x51, 0x22,
    0x06, 0x00, 0xB9, 0x52, 0x61, 0xF6, 0xE9, 0xC9, 0x01, 0xBE, 0xEB, 0xFF, 0xEB, 0xB4, 0x00, 0x00,
    0xFF, 0x00, 0x00, 0x00, 0x00, 0xFF, 0x00, 0x00, 0x00, 0x00, 0xFF, 0x00, 0x00, 0x00, 0x00, 0xFF,
    0x00, 0x00, 0x00, 0x00, 0xFF, 0x00, 0x00, 0x00, 0x00, 0xFF, 0x00, 0x00, 0xA2, 0x90, 0x00, 0xAF,
    0x5A, 0xA2, 0x90, 0x00, 0xAF, 0x5A, 0xA2, 0x90, 0x00, 0xAF, 0x5A, 0xA2, 0x90, 0x00, 0xAF, 0x5A,
    0x9F, 0x90, 0x00, 0xAF, 0x57, 0x82, 0xAC, 0x00, 0xCB, 0x36, 0x0F, 0xE2, 0xF0, 0xBC, 0x00, 0xD3,
    0x3A, 0x00, 0x7F, 0xB4, 0x9F, 0x90, 0x00, 0xB0, 0x57, 0x40, 0xBE, 0x00, 0xEB, 0x07, 0x01, 0xE9,
    0x09, 0xE2, 0x00, 0x00, 0xD3, 0x64, 0xBE, 0x00, 0x00, 0xA5, 0xDC, 0x61, 0x00, 0x00, 0x46, 0xFF,
    0x0D, 0x00, 0xF0, 0x00, 0x00, 0x04, 0xEB, 0xE8, 0x00, 0x00, 0x27, 0xC8, 0xDA, 0x2A, 0xFF, 0x4C,
    0xA1, 0xB5, 0x91, 0xF6, 0x91, 0x91, 0xA9, 0xD3, 0x93, 0xD2, 0x63, 0x79, 0xFF, 0x21, 0xFF, 0x33,
    0x48, 0xE6, 0x00, 0xFF, 0x07, 0x9A, 0xA3, 0x00, 0xB8, 0x88, 0x07, 0xF2, 0x1B, 0xED, 0x03, 0x00,
    0x90, 0xFF, 0x72, 0x00, 0x00, 0x2E, 0xFF, 0x13, 0x00, 0x00, 0xBF, 0xBE, 0xB8, 0x00, 0x37, 0xD7,
    0x00, 0xED, 0x15, 0xD0, 0x46, 0x00, 0x84, 0xBE, 0xC5, 0x51, 0x00, 0x9A, 0xA3, 0x36, 0xD2, 0x03,
    0xF2, 0x0D, 0x00, 0xCA, 0xB1, 0xAE, 0x00, 0x00, 0x3F, 0xFF, 0x10, 0x00, 0x00, 0x00, 0xFA, 0x00,
    0x00, 0x00, 0x00, 0xFA, 0x00, 0x00, 0x00, 0x00, 0xFA, 0x00, 0x00, 0x88, 0xEB, 0xEB, 0xFF, 0x66,
    0x00, 0x00, 0x1B, 0xF6, 0x04, 0x00, 0x00, 0xAD, 0x72, 0x00, 0x00, 0x28, 0xE6, 0x00, 0x00, 0x00,
    0xBE, 0x51, 0x00, 0x00, 0x36, 0xCE, 0x00, 0x00, 0x00, 0xAA, 0xFF, 0xEB, 0xEB, 0x6D, 0xBE, 0xC8,
    0xA8, 0xE6, 0x00, 0x00, 0xE6, 0x00, 0x00, 0xE6, 0x00, 0x00, 0xE6, 0x00, 0x00, 0xE6, 0x00, 0x00,
    0xE6, 0x00, 0x00, 0xE6, 0x00, 0x00, 0xBE, 0xC8, 0xA8, 0x72, 0xAC, 0x00, 0x00, 0x00, 0x03, 0xE9,
    0x01, 0x00, 0x00, 0x00, 0xB5, 0x67, 0x00, 0x00, 0x00, 0x21, 0xD0, 0x00, 0x00, 0x00, 0x00, 0xCB,
    0x27, 0x00, 0x00, 0x00, 0x5D, 0xBD, 0x00, 0x00, 0x00, 0x00, 0xE6, 0x04, 0x00, 0x00, 0x00, 0x64,
    0x27, 0xAF, 0xD0, 0xAF, 0x00, 0x3C, 0xB4, 0x00, 0x3C, 0xB4, 0x00, 0x3C, 0xB4, 0x00, 0x3C, 0xB4,
    0x00, 0x3C, 0xB4, 0x00, 0x3C, 0xB4, 0x00, 0x3C, 0xB4, 0xAF, 0xD0, 0xAF, 0x00, 0x16, 0xAE, 0x03,
    0x00, 0x00, 0xC6, 0xB0, 0xAF, 0x00, 0x8A, 0x94, 0x00, 0xAC, 0x4B, 0x7B, 0xA5, 0xA5, 0xA5, 0x58,
    0x7F, 0x0C, 0x34, 0xA6, 0x24, 0xEC, 0xDE, 0xB1, 0x00, 0x0A, 0x09, 0x00, 0xD4, 0x28, 0x1E, 0xBE,
    0xC6, 0xFF, 0x3A, 0xA3, 0x8B, 0x00, 0xE7, 0x3F, 0x42, 0xF7, 0xCD, 0xD0, 0x66, 0x60, 0xB4, 0x00,
    0x00, 0x00, 0x60, 0xB4, 0x00, 0x00, 0x00, 0x60, 0xF0, 0xDC, 0xC9, 0x00, 0x60, 0xC9, 0x00, 0xB6,
    0x49, 0x60, 0xB8, 0x00, 0xA3, 0x79, 0x60, 0xC6, 0x00, 0xB5, 0x49, 0x60, 0xE9, 0xD8, 0xC5, 0x00,
    0x00, 0xBD, 0xEE, 0xE1, 0x07, 0x3F, 0xCB, 0x00, 0x09, 0x01, 0x78, 0xA9, 0x00, 0x00, 0x00, 0x40,
    0xCE, 0x00, 0x07, 0x01, 0x00, 0xA2, 0xEB, 0xDE, 0x07, 0x00, 0x00, 0x00, 0xCD, 0x1E, 0x00, 0x00,
    0x00, 0xCD, 0x1E, 0x10, 0xDF, 0xDA, 0xFF, 0x1E, 0x90, 0x96, 0x00, 0xFF, 0x1E, 0xBD, 0x5E, 0x00,
    0xD3, 0x1E, 0x90, 0x94, 0x00, 0xFF, 0x1E, 0x13, 0xE1, 0xD7, 0xFB, 0x1E, 0x01, 0xC6, 0xE7, 0xBE,
    0x00, 0x79, 0xBA, 0x00, 0xA5, 0x4E, 0xB7, 0xE7, 0xC8, 0xDE, 0x66, 0x82, 0x97, 0x00, 0x00, 0x04,
    0x04, 0xC1, 0xD7, 0xE1, 0x2E, 0x00, 0x06, 0xE3, 0xD8, 0x0C, 0x00, 0x39, 0xB2, 0x00, 0x00, 0x52,
    0xDC, 0xFF, 0xC8, 0x0A, 0x00, 0x42, 0xAF, 0x00, 0x00, 0x00, 0x42, 0xAF, 0x00, 0x00, 0x00, 0x42,
    0xAF, 0x00, 0x00, 0x00, 0x42, 0xAF, 0x00, 0x00, 0x03, 0xCA, 0xD9, 0xEC, 0x48, 0x64, 0xA2, 0x00,
    0xDE, 0x48, 0x93, 0x8B, 0x00, 0xB0, 0x48, 0x66, 0xA1, 0x00, 0xDA, 0x48, 0x04, 0xD0, 0xCF, 0xF3,
    0x45, 0x00, 0x01, 0x00, 0xCF, 0x1E, 0x00, 0xD8, 0xD3, 0xA5, 0x00, 0x5A, 0xBA, 0x00, 0x00, 0x00,
    0x5A, 0xBA, 0x00, 0x00, 0x00, 0x5A, 0xE3, 0xDD, 0xCF, 0x00, 0x5A, 0xCA, 0x00, 0xD9, 0x15, 0x5A,
    0xBB, 0x00, 0xC3, 0x2A, 0x5A, 0xBA, 0x00, 0xC3, 0x2A, 0x5A, 0xBA, 0x00, 0xC3, 0x2A, 0x00, 0x03,
    0x00, 0x00, 0x18, 0xE1, 0x00, 0x00, 0x00, 0x00, 0x00, 0x00, 0xBE, 0xE6, 0x00, 0x00, 0x00, 0xE6,
    0x00, 0x00, 0x00, 0xE6, 0x00, 0x00, 0x00, 0xED, 0x00, 0x00, 0x00, 0xB0, 0xDA, 0x43, 0x00, 0x00,
    0x01, 0x00, 0x00, 0x00, 0xAF, 0x54, 0x00, 0x00, 0x00, 0x00, 0x00, 0xA5, 0xFD, 0x66, 0x00, 0x00,
    0xAE, 0x66, 0x00, 0x00, 0xAE, 0x66, 0x00, 0x00, 0xAE, 0x66, 0x00, 0x00, 0xAE, 0x66, 0x00, 0x00,
    0xBE, 0x55, 0x10, 0xDC, 0xE7, 0x09, 0x2A, 0xC8, 0x00, 0x00, 0x00, 0x2A, 0xC8, 0x00, 0x00, 0x00,
    0x2A, 0xC8, 0x1F, 0xE1, 0x1F, 0x2A, 0xD7, 0xE1, 0x30, 0x00, 0x2A, 0xFF, 0xF3, 0x2A, 0x00, 0x2A,
    0xC8, 0x45, 0xD9, 0x00, 0x2A, 0xC8, 0x00, 0xAB, 0x81, 0x46, 0xD8, 0xB9, 0x00, 0x00, 0x00, 0x36,
    0xB9, 0x00, 0x00, 0x00, 0x36, 0xB9, 0x00, 0x00, 0x00, 0x36, 0xB9, 0x00, 0x00, 0x00, 0x36, 0xB9,
    0x00, 0x00, 0x00, 0x27, 0xCD, 0x00, 0x00, 0x00, 0x00, 0xD3, 0xD8, 0x1F, 0xB9, 0xBF, 0xEB, 0xDA,
    0x46, 0xB9, 0x28, 0xE3, 0x5D, 0x99, 0xB9, 0x1E, 0xD2, 0x54, 0xA6, 0xB9, 0x1E, 0xD2, 0x54, 0xA8,
    0xB9, 0x1E, 0xD2, 0x54, 0xA8, 0x5A, 0xDF, 0xB4, 0xC8, 0x00, 0x5A, 0xBA, 0x00, 0xD2, 0x16, 0x5A,
    0xBA, 0x00, 0xC3, 0x2A, 0x5A, 0xBA, 0x00, 0xC3, 0x2A, 0x5A, 0xBA, 0x00, 0xC3, 0x2A, 0x07, 0xD4,
    0xDF, 0xAF, 0x00, 0x7B, 0xB4, 0x00, 0xD0, 0x33, 0xA9, 0x79, 0x00, 0xA2, 0x60, 0x7C, 0xB1, 0x00,
    0xCF, 0x34, 0x09, 0xD4, 0xDC, 0xB2, 0x00, 0x60, 0xF0, 0xB5, 0xBA, 0x00, 0x60, 0xBF, 0x00, 0xAD,
    0x45, 0x60, 0xBB, 0x00, 0xA9, 0x72, 0x60, 0xCD, 0x00, 0xB9, 0x45, 0x60, 0xF5, 0xD7, 0xC3, 0x00,
    0x60, 0xB4, 0x00, 0x00, 0x00, 0x60, 0xB4, 0x00, 0x00, 0x00, 0x09, 0xD9, 0xDA, 0xF5, 0x30, 0x7B,
    0xAF, 0x00, 0xF3, 0x30, 0xA9, 0x79, 0x00, 0xC5, 0x30, 0x81, 0xAE, 0x00, 0xF2, 0x30, 0x0D, 0xDD,
    0xD5, 0xFD, 0x30, 0x00, 0x00, 0x00, 0xBE, 0x30, 0x00, 0x00, 0x00, 0xBE, 0x30, 0xDC, 0xA8, 0xC8,
    0x52, 0xFF, 0x28, 0x00, 0x00, 0xE9, 0x00, 0x00, 0x00, 0xE6, 0x00, 0x00, 0x00, 0xE6, 0x00, 0x00,
    0x00, 0x04, 0xD7, 0xDD, 0xB7, 0x00, 0x2B, 0xDC, 0x00, 0x01, 0x00, 0x00, 0xB7, 0xEC, 0xBB, 0x00,
    0x04, 0x00, 0x00, 0xFD, 0x01, 0x2E, 0xE7, 0xE2, 0xAC, 0x00, 0x00, 0x2A, 0x51, 0x00, 0x00, 0x00,
    0x78, 0x9C, 0x00, 0x00, 0x73, 0xED, 0xF8, 0xC8, 0x07, 0x00, 0x78, 0x9C, 0x00, 0x00, 0x00, 0x78,
    0x9C, 0x00, 0x00, 0x00, 0x6F, 0xA3, 0x00, 0x00, 0x00, 0x21, 0xEE, 0xCD, 0x07, 0x5A, 0xBA, 0x00,
    0xC3, 0x2A, 0x5A, 0xBA, 0x00, 0xC3, 0x2A, 0x5A, 0xBA, 0x00, 0xC3, 0x2A, 0x48, 0xB1, 0x00, 0xEE,
    0x2A, 0x04, 0xED, 0xD2, 0xE9, 0x2A, 0xAF, 0x6F, 0x00, 0xB4, 0x64, 0x36, 0xBC, 0x00, 0xE2, 0x07,
    0x00, 0xE6, 0x21, 0xCB, 0x00, 0x00, 0xA6, 0xB7, 0x81, 0x00, 0x00, 0x4E, 0xFF, 0x15, 0x00, 0xE2,
    0x00, 0x00, 0x06, 0xD8, 0xD5, 0x09, 0x9C, 0x43, 0xA1, 0xBA, 0x84, 0xFF, 0x93, 0x73, 0x6A, 0xF6,
    0x8D, 0xF6, 0x25, 0x1C, 0xFF, 0x0F, 0xFF, 0x00, 0x58, 0xB1, 0x01, 0xDD, 0x28, 0x00, 0xB1, 0xBB,
    0x93, 0x00, 0x00, 0x3C, 0xFF, 0x0C, 0x00, 0x00, 0xD5, 0x9A, 0xA7, 0x00, 0x90, 0xA9, 0x00, 0xC5,
    0x4C, 0xA3, 0x7F, 0x00, 0x9F, 0x7F, 0x25, 0xCF, 0x00, 0xDD, 0x0F, 0x00, 0xE1, 0x27, 0xCF, 0x00,
    0x00, 0xA0, 0xDA, 0x7F, 0x00, 0x00, 0x22, 0xFF, 0x0D, 0x00, 0x00, 0x24, 0xD2, 0x00, 0x00, 0x48,
    0xF3, 0x4C, 0x00, 0x00, 0x19, 0xCD, 0xCD, 0xFF, 0x12, 0x00, 0x00, 0x6F, 0xA7, 0x00, 0x00, 0x1E,
    0xE3, 0x09, 0x00, 0x00, 0xCE, 0x3F, 0x00, 0x00, 0x45, 0xFF, 0xD2, 0xD2, 0x0F, 0x00, 0x00, 0xAD,
    0xBE, 0x00, 0x0F, 0xDC, 0x00, 0x00, 0x1E, 0xCD, 0x00, 0x00, 0x3F, 0xBB, 0x00, 0x78, 0xFF, 0x66,
    0x00, 0x00, 0x3F, 0xBB, 0x00, 0x00, 0x1E, 0xCD, 0x00, 0x00, 0x0F, 0xDC, 0x00, 0x00, 0x00, 0xAB,
    0xA3, 0xD7, 0xD7, 0xD7, 0xD7, 0xD7, 0xD7, 0xD7, 0xD7, 0xD7, 0xC9, 0x99, 0x00, 0x00, 0x00, 0xE8,
    0x00, 0x00, 0x00, 0xE6, 0x00, 0x00, 0x00, 0xEB, 0x15, 0x00, 0x00, 0x91, 0xFF, 0x52, 0x00, 0xEC,
    0x16, 0x00, 0x00, 0xE6, 0x00, 0x00, 0x00, 0xE8, 0x00, 0x00, 0xCA, 0x99, 0x00, 0x00, 0x55, 0xE1,
    0x8B, 0x40, 0x8D, 0xB4, 0x0D, 0xBB, 0xE2, 0x30, 0x1F, 0xFF, 0x06, 0x06, 0x90, 0x00, 0x00, 0x4F,
    0x00, 0x00, 0xD8, 0x00, 0x07, 0xFF, 0x00, 0x1C, 0xFF, 0x00, 0x1E, 0xFF, 0x00, 0x00, 0x00, 0x33,
    0x18, 0x00, 0x00, 0x00, 0x7E, 0x54, 0x00, 0x00, 0xA2, 0xF1, 0xD0, 0x28, 0x10, 0xE9, 0x66, 0x30,
    0x00, 0x34, 0xC5, 0x66, 0x30, 0x00, 0x0C, 0xF3, 0x69, 0x30, 0x00, 0x00, 0x81, 0xFD, 0xE6, 0x27,
    0x00, 0x00, 0x66, 0x30, 0x00, 0x00, 0x28, 0xF0, 0xDA, 0x4B, 0x00, 0xAC, 0x8A, 0x00, 0x00, 0x00,
    0xA8, 0x60, 0x00, 0x00, 0x4B, 0xFF, 0xE6, 0xA8, 0x00, 0x00, 0xAA, 0x60, 0x00, 0x00, 0x00, 0xAA,
    0x60, 0x00, 0x00, 0x7F, 0xFF, 0xFF, 0xEB, 0x60, 0x00, 0x12, 0x00, 0x0C, 0x04, 0x10, 0xCF, 0xB0,
    0xCE, 0x1F, 0x00, 0xB1, 0x00, 0xAF, 0x00, 0x0F, 0xC9, 0xB4, 0xD0, 0x21, 0x00, 0x12, 0x00, 0x0D,
    0x03, 0xD4, 0x43, 0x00, 0x8D, 0xB5, 0x6A, 0xB4, 0x00, 0xEC, 0x25, 0x03, 0xFF, 0x40, 0xDA, 0x00,
    0x61, 0xE1, 0xFF, 0xBF, 0x43, 0x61, 0xB7, 0xFF, 0xB4, 0x43, 0x00, 0x00, 0xFA, 0x00, 0x00, 0x00,
    0x00, 0xFA, 0x00, 0x00, 0xD7, 0xD7, 0xD7, 0x4C, 0x4F, 0xD7, 0xD7, 0xD7, 0x00, 0xB7, 0xCD, 0xAC,
    0x00, 0x00, 0xF5, 0x07, 0x00, 0x00, 0x01, 0xD0, 0xDF, 0x2B, 0x00, 0x39, 0xBB, 0x28, 0xDE, 0x00,
    0x06, 0xF6, 0x84, 0xDA, 0x03, 0x00, 0x15, 0xD7, 0xAB, 0x00, 0x00, 0x0C, 0x10, 0xED, 0x00, 0x00,
    0xBB, 0xD8, 0x6C, 0x00, 0xCE, 0x4F, 0xBA, 0x03, 0x93, 0xA5, 0x81, 0x00, 0x9D, 0x91, 0x9F, 0x8A,
    0x84, 0x99, 0xA8, 0x00, 0x00, 0x97, 0x9A, 0xA6, 0x00, 0x00, 0x99, 0x9A, 0x96, 0x9F, 0x87, 0x82,
    0x04, 0x94, 0xA8, 0x87, 0x00, 0x7F, 0xB4, 0x55, 0x45, 0xA8, 0xD0, 0xC8, 0x0C, 0xD3, 0xA0, 0xA8,
    0x9D, 0x9A, 0xB4, 0x87, 0x00, 0x2A, 0x1C, 0x48, 0x2B, 0xD2, 0x6F, 0xB5, 0xB6, 0x58, 0xEB, 0x1B,
    0x0C, 0xCB, 0x48, 0xC9, 0x00, 0x0C, 0x10, 0x1C, 0xBD, 0xF0, 0xF0, 0xF7, 0x9D, 0x00, 0x00, 0x00,
    0x48, 0xB4, 0x00, 0x00, 0x00, 0x1B, 0x43, 0xA3, 0xE1, 0x70, 0x03, 0x93, 0xA5, 0x81, 0x00, 0x9D,
    0xB2, 0xA6, 0x7B, 0x84, 0x99, 0xA0, 0x1E, 0xA6, 0x97, 0x9A, 0xA7, 0xBB, 0x37, 0x99, 0x9A, 0xA8,
    0x19, 0xBE, 0x82, 0x04, 0x94, 0xA8, 0x87, 0x00, 0xBB, 0xCD, 0x8D, 0x79, 0xBF, 0x4F, 0xB1, 0x01,
    0xAC, 0x7C, 0xB7, 0x4E, 0x00, 0x00, 0xD2, 0x00, 0x00, 0xBD, 0xF0, 0xFF, 0xF0, 0x87, 0x00, 0x00,
    0xD2, 0x00, 0x00, 0x00, 0x00, 0x99, 0x00, 0x00, 0xB8, 0xEB, 0xEB, 0xEB, 0x84, 0x85, 0xB5, 0x55,
    0x00, 0x63, 0x8B, 0x12, 0xB7, 0x03, 0xBF, 0xA7, 0x54, 0x7B, 0xB4, 0x5E, 0x00, 0x34, 0xB4, 0x0D,
    0xC5, 0x5D, 0x76, 0xB8, 0x99, 0x00, 0x2B, 0x63, 0x04, 0xBB, 0x15, 0x8A, 0x8A, 0x00, 0xE6, 0x00,
    0x8A, 0x8A, 0x00, 0xE6, 0x00, 0x8A, 0x8A, 0x00, 0xE6, 0x00, 0x8A, 0xA8, 0x00, 0xFF, 0x00, 0x8A,
    0xE7, 0xE3, 0xE3, 0x85, 0x8A, 0x72, 0x00, 0x00, 0x00, 0x8A, 0x72, 0x00, 0x00, 0x00, 0x2B, 0xFF,
    0xFF, 0xF8, 0x0C, 0xA2, 0xFF, 0xEB, 0xAA, 0x0C, 0xAE, 0xFF, 0xEB, 0xAA, 0x0C, 0x0D, 0xAD, 0xDC,
    0xAA, 0x0C, 0x00, 0x00, 0xB4, 0xAA, 0x0C, 0x00, 0x00, 0xB4, 0xAA, 0x0C, 0x00, 0x00, 0xB4, 0xAA,
    0x0C, 0x00, 0x00, 0x72, 0x6C, 0x06, 0x00, 0x10, 0x00, 0x33, 0xFF, 0x01, 0x03, 0x4C, 0x00, 0x00,
    0xA2, 0x15, 0x60, 0xBF, 0x0A, 0x90, 0xDA, 0x00, 0x00, 0xB4, 0x00, 0x00, 0xB4, 0x00, 0x60, 0xF1,
    0x60, 0x00, 0x7B, 0xB2, 0x54, 0x01, 0xC9, 0x00, 0xC9, 0x03, 0xBE, 0x00, 0xBE, 0x00, 0x7E, 0xB2,
    0x54, 0x00, 0xAB, 0xBA, 0x85, 0x13, 0x33, 0x37, 0x0F, 0x00, 0x09, 0xCF, 0x64, 0xCE, 0x10, 0x00,
    0x49, 0xC3, 0x9C, 0x97, 0x10, 0xCE, 0x5D, 0xAC, 0x00, 0x0C, 0x10, 0x1C, 0x00, 0x00, 0x79, 0xA8,
    0x00, 0x00, 0x00, 0x00, 0xB4, 0x00, 0x00, 0x00, 0x00, 0xB4, 0x00, 0x00, 0x00, 0x6A, 0xC5, 0x70,
    0x69, 0x34, 0x93, 0xA3, 0xB8, 0x76, 0x06, 0x10, 0x00, 0x4B, 0xE2, 0x00, 0x00, 0x03, 0xA8, 0xAA,
    0x00, 0x00, 0x3C, 0xB0, 0xF2, 0x30, 0x00, 0x00, 0x00, 0x94, 0x00, 0x78, 0xA5, 0x00, 0x00, 0x00,
    0x00, 0xB4, 0x00, 0x00, 0x00, 0x00, 0xB4, 0x00, 0x00, 0x00, 0x6A, 0xC5, 0x66, 0x54, 0x31, 0x3F,
    0xA3, 0xC9, 0x9C, 0x15, 0x93, 0x31, 0xAC, 0xAD, 0x12, 0x00, 0x00, 0x00, 0xB1, 0x39, 0x00, 0x00,
    0x5A, 0x90, 0x00, 0x00, 0x00, 0xC8, 0xA0, 0x36, 0x52, 0xB4, 0x76, 0x00, 0x00, 0x00, 0xBA, 0x8D,
    0x00, 0x00, 0x00, 0x01, 0xC0, 0x00, 0x00, 0x79, 0xA8, 0x78, 0x81, 0x3A, 0xA0, 0xA7, 0xAC, 0x6D,
    0x00, 0x07, 0x00, 0x51, 0xE1, 0x00, 0x00, 0x03, 0xA8, 0xAA, 0x00, 0x00, 0x3C, 0xB0, 0xF2, 0x30,
    0x00, 0x00, 0x00, 0x94, 0x00, 0x00, 0x00, 0x4F, 0x00, 0x00, 0x00, 0xFF, 0x10, 0x00, 0x00, 0x00,
    0x00, 0x00, 0x00, 0xEE, 0x00, 0x00, 0x3F, 0xD2, 0x00, 0x10, 0xF2, 0x25, 0x00, 0x51, 0xC0, 0x00,
    0x1F, 0x09, 0xE3, 0xED, 0xBC, 0x00, 0x4C, 0xAF, 0x00, 0x00, 0x00, 0x00, 0x00, 0x00, 0x00, 0x00,
    0x49, 0xFF, 0x0F, 0x00, 0x00, 0xAC, 0xCF, 0x67, 0x00, 0x00, 0xD4, 0x49, 0xA7, 0x00, 0x04, 0xD8,
    0x01, 0xDE, 0x00, 0x54, 0xFF, 0xE6, 0xFF, 0x13, 0xB7, 0x64, 0x00, 0xAC, 0x6D, 0xE8, 0x19, 0x00,
    0x5D, 0xAD, 0x00, 0x00, 0xB1, 0x25, 0x00, 0x00, 0x00, 0x00, 0x00, 0x00, 0x00, 0x49, 0xFF, 0x0F,
    0x00, 0x00, 0xAC, 0xCF, 0x67, 0x00, 0x00, 0xD4, 0x49, 0xA7, 0x00, 0x04, 0xD8, 0x01, 0xDE, 0x00,
    0x54, 0xFF, 0xE6, 0xFF, 0x13, 0xB7, 0x64, 0x00, 0xAC, 0x6D, 0xE8, 0x19, 0x00, 0x5D, 0xAD, 0x00,
    0x81, 0xB4, 0x54, 0x00, 0x00, 0x00, 0x00, 0x00, 0x00, 0x00, 0x49, 0xFF, 0x0F, 0x00, 0x00, 0xAC,
    0xCF, 0x67, 0x00, 0x00, 0xD4, 0x49, 0xA7, 0x00, 0x04, 0xD8, 0x01, 0xDE, 0x00, 0x54, 0xFF, 0xE6,
    0xFF, 0x13, 0xB7, 0x64, 0x00, 0xAC, 0x6D, 0xE8, 0x19, 0x00, 0x5D, 0xAD, 0x00, 0x63, 0x42, 0x5D,
    0x00, 0x00, 0xBE, 0xE2, 0xA8, 0x00, 0x00, 0x00, 0x00, 0x00, 0x00, 0x00, 0x49, 0xFF, 0x0F, 0x00,
    0x00, 0xAC, 0xCF, 0x67, 0x00, 0x00, 0xD4, 0x49, 0xA7, 0x00, 0x04, 0xD8, 0x01, 0xDE, 0x00, 0x54,
    0xFF, 0xE6, 0xFF, 0x13, 0xB7, 0x64, 0x00, 0xAC, 0x6D, 0xE8, 0x19, 0x00, 0x5D, 0xAD, 0x00, 0xCA,
    0x4F, 0xB7, 0x00, 0x00, 0x00, 0x00, 0x00, 0x00, 0x00, 0x49, 0xFF, 0x0F, 0x00, 0x00, 0xAC, 0xCF,
    0x67, 0x00, 0x00, 0xD4, 0x49, 0xA7, 0x00, 0x04, 0xD8, 0x01, 0xDE, 0x00, 0x54, 0xFF, 0xE6, 0xFF,
    0x13, 0xB7, 0x64, 0x00, 0xAC, 0x6D, 0xE8, 0x19, 0x00, 0x5D, 0xAD, 0x00, 0x55, 0xB1, 0x2E, 0x00,
    0x00, 0xA3, 0x3F, 0xA6, 0x00, 0x00, 0x7F, 0xFF, 0x39, 0x00, 0x00, 0xA8, 0xC9, 0x5E, 0x00, 0x00,
    0xCF, 0x46, 0xA1, 0x00, 0x04, 0xD5, 0x00, 0xD9, 0x00, 0x52, 0xFF, 0xE6, 0xFF, 0x10, 0xB5, 0x64,
    0x00, 0xAC, 0x6C, 0xE8, 0x19, 0x00, 0x5D, 0xAC, 0x00, 0xA2, 0xFF, 0xFC, 0x94, 0x00, 0xCA, 0xA5,
    0x54, 0x00, 0x04, 0xC4, 0xA5, 0x54, 0x00, 0x4B, 0xA5, 0xA5, 0xFF, 0x79, 0xA3, 0xF7, 0xFF, 0x54,
    0x00, 0xC9, 0x06, 0xA5, 0x54, 0x00, 0xDE, 0x00, 0xA5, 0xFC, 0xAB, 0x00, 0x8E, 0xEB, 0xF5, 0x30,
    0x21, 0xEB, 0x03, 0x07, 0x10, 0x84, 0xB1, 0x00, 0x00, 0x00, 0xA3, 0x96, 0x00, 0x00, 0x00, 0x88,
    0xAE, 0x00, 0x00, 0x00, 0x2D, 0xE9, 0x01, 0x04, 0x0D, 0x00, 0xAC, 0xED, 0xFD, 0x33, 0x00, 0x00,
    0x1F, 0xA5, 0x00, 0x00, 0x0D, 0xB9, 0x63, 0x00, 0x00, 0x2B, 0xAB, 0x00, 0x00, 0x00, 0x00, 0x00,
    0x00, 0x00, 0x5A, 0xFF, 0xEB, 0xEB, 0x42, 0x5A, 0xB4, 0x00, 0x00, 0x00, 0x5A, 0xB4, 0x00, 0x00,
    0x00, 0x5A, 0xFF, 0xF0, 0xF0, 0x1F, 0x5A, 0xB4, 0x00, 0x00, 0x00, 0x5A, 0xB4, 0x00, 0x00, 0x00,
    0x5A, 0xFF, 0xEB, 0xEB, 0x57, 0x00, 0x00, 0xB2, 0x25, 0x00, 0x00, 0x00, 0x00, 0x00, 0x00, 0x5A,
    0xFF, 0xEB, 0xEB, 0x42, 0x5A, 0xB4, 0x00, 0x00, 0x00, 0x5A, 0xB4, 0x00, 0x00, 0x00, 0x5A, 0xFF,
    0xF0, 0xF0, 0x1F, 0x5A, 0xB4, 0x00, 0x00, 0x00, 0x5A, 0xB4, 0x00, 0x00, 0x00, 0x5A, 0xFF, 0xEB,
    0xEB, 0x57, 0x00, 0x70, 0xB4, 0x64, 0x00, 0x00, 0x00, 0x00, 0x00, 0x00, 0x5A, 0xFF, 0xEB, 0xEB,
    0x42, 0x5A, 0xB4, 0x00, 0x00, 0x00, 0x5A, 0xB4, 0x00, 0x00, 0x00, 0x5A, 0xFF, 0xF0, 0xF0, 0x1F,
    0x5A, 0xB4, 0x00, 0x00, 0x00, 0x5A, 0xB4, 0x00, 0x00, 0x00, 0x5A, 0xFF, 0xEB, 0xEB, 0x57, 0x00,
    0xBA, 0x4C, 0xAD, 0x00, 0x00, 0x00, 0x00, 0x00, 0x00, 0x5A, 0xFF, 0xEB, 0xEB, 0x42, 0x5A, 0xB4,
    0x00, 0x00, 0x00, 0x5A, 0xB4, 0x00, 0x00, 0x00, 0x5A, 0xFF, 0xF0, 0xF0, 0x1F, 0x5A, 0xB4, 0x00,
    0x00, 0x00, 0x5A, 0xB4, 0x00, 0x00, 0x00, 0x5A, 0xFF, 0xEB, 0xEB, 0x57, 0x00, 0x40, 0xBA, 0x00,
    0x00, 0x00, 0x00, 0x00, 0x00, 0x00, 0x3D, 0xEB, 0xFF, 0xEB, 0x07, 0x00, 0x00, 0xFA, 0x00, 0x00,
    0x00, 0x00, 0xFA, 0x00, 0x00, 0x00, 0x00, 0xFA, 0x00, 0x00, 0x00, 0x00, 0xFA, 0x00, 0x00, 0x00,
    0x00, 0xFA, 0x00, 0x00, 0x3D, 0xEB, 0xFF, 0xEB, 0x07, 0x00, 0x00, 0xB1, 0x25, 0x00, 0x00, 0x00,
    0x00, 0x00, 0x00, 0x3D, 0xEB, 0xFF, 0xEB, 0x07, 0x00, 0x00, 0xFA, 0x00, 0x00, 0x00, 0x00, 0xFA,
    0x00, 0x00, 0x00, 0x00, 0xFA, 0x00, 0x00, 0x00, 0x00, 0xFA, 0x00, 0x00, 0x00, 0x00, 0xFA, 0x00,
    0x00, 0x3D, 0xEB, 0xFF, 0xEB, 0x07, 0x00, 0x84, 0xB6, 0x52, 0x00, 0x00, 0x00, 0x00, 0x00, 0x00,
    0x3D, 0xEB, 0xFF, 0xEB, 0x07, 0x00, 0x00, 0xFA, 0x00, 0x00, 0x00, 0x00, 0xFA, 0x00, 0x00, 0x00,
    0x00, 0xFA, 0x00, 0x00, 0x00, 0x00, 0xFA, 0x00, 0x00, 0x00, 0x00, 0xFA, 0x00, 0x00, 0x3D, 0xEB,
    0xFF, 0xEB, 0x07, 0x00, 0xCA, 0x4F, 0xB7, 0x00, 0x00, 0x00, 0x00, 0x00, 0x00, 0x3D, 0xEB, 0xFF,
    0xEB, 0x07, 0x00, 0x00, 0xFA, 0x00, 0x00, 0x00, 0x00, 0xFA, 0x00, 0x00, 0x00, 0x00, 0xFA, 0x00,
    0x00, 0x00, 0x00, 0xFA, 0x00, 0x00, 0x00, 0x00, 0xFA, 0x00, 0x00, 0x3D, 0xEB, 0xFF, 0xEB, 0x07,
    0xBA, 0xFF, 0xEC, 0x6A, 0x00, 0xBA, 0x7E, 0x0F, 0xF7, 0x0C, 0xBA, 0x7E, 0x00, 0xB6, 0x4F, 0xFB,
    0xEE, 0x55, 0xA7, 0x6D, 0xBA, 0x7E, 0x00, 0xB7, 0x4F, 0xBA, 0x7E, 0x0D, 0xF7, 0x0D, 0xBA, 0xFF,
    0xEC, 0x6A, 0x00, 0x00, 0x67, 0x45, 0x64, 0x00, 0x00, 0xBF, 0xE4, 0xAF, 0x00, 0x00, 0x00, 0x00,
    0x00, 0x00, 0xAE, 0xE4, 0x00, 0xBA, 0x6C, 0xAE, 0xFF, 0x1C, 0xBA, 0x6C, 0xAE, 0xB6, 0x99, 0xBA,
    0x6C, 0xAE, 0x7B, 0xCE, 0xBA, 0x6C, 0xAE, 0x78, 0xB4, 0xB9, 0x6C, 0xAE, 0x78, 0x58, 0xFF, 0x6C,
    0xAE, 0x78, 0x01, 0xFF, 0x6C, 0x00, 0x0D, 0x06, 0x00, 0x00, 0x00, 0x2D, 0xAC, 0x00, 0x00, 0x00,
    0x00, 0x00, 0x00, 0x00, 0x04, 0xC6, 0xE9, 0xBB, 0x00, 0x67, 0xAD, 0x00, 0xE3, 0x24, 0xB4, 0x81,
    0x00, 0xA6, 0x6A, 0xA8, 0x70, 0x00, 0xB8, 0x81, 0xB5, 0x81, 0x00, 0xA6, 0x6A, 0x6A, 0xAD, 0x00,
    0xE3, 0x24, 0x04, 0xCA, 0xEC, 0xA0, 0x00, 0x00, 0x00, 0x07, 0x0C, 0x00, 0x00, 0x00, 0xB5, 0x25,
    0x00, 0x00, 0x00, 0x00, 0x00, 0x00, 0x04, 0xC6, 0xE9, 0xBB, 0x00, 0x67, 0xAD, 0x00, 0xE3, 0x24,
    0xB4, 0x81, 0x00, 0xA6, 0x6A, 0xA8, 0x70, 0x00, 0xB8, 0x81, 0xB5, 0x81, 0x00, 0xA6, 0x6A, 0x6A,
    0xAD, 0x00, 0xE3, 0x24, 0x04, 0xCA, 0xEC, 0xA0, 0x00, 0x00, 0x00, 0x12, 0x00, 0x00, 0x00, 0x78,
    0xAF, 0x6A, 0x00, 0x00, 0x00, 0x00, 0x00, 0x00, 0x04, 0xC6, 0xE9, 0xBB, 0x00, 0x67, 0xAD, 0x00,
    0xE3, 0x24, 0xB4, 0x81, 0x00, 0xA6, 0x6A, 0xA8, 0x70, 0x00, 0xB8, 0x81, 0xB5, 0x81, 0x00, 0xA6,
    0x6A, 0x6A, 0xAD, 0x00, 0xE3, 0x24, 0x04, 0xCA, 0xEC, 0xA0, 0x00, 0x00, 0x67, 0x45, 0x64, 0x00,
    0x00, 0xBF, 0xE4, 0xAF, 0x00, 0x00, 0x00, 0x00, 0x00, 0x00, 0x04, 0xC6, 0xE9, 0xBB, 0x00, 0x67,
    0xAD, 0x00, 0xE3, 0x24, 0xB4, 0x81, 0x00, 0xA6, 0x6A, 0xA8, 0x70, 0x00, 0xB8, 0x81, 0xB5, 0x81,
    0x00, 0xA6, 0x6A, 0x6A, 0xAD, 0x00, 0xE3, 0x24, 0x04, 0xCA, 0xEC, 0xA0, 0x00, 0x00, 0xCA, 0x4F,
    0xB7, 0x00, 0x00, 0x00, 0x00, 0x00, 0x00, 0x04, 0xC6, 0xE9, 0xBB, 0x00, 0x67, 0xAD, 0x00, 0xE3,
    0x24, 0xB4, 0x81, 0x00, 0xA6, 0x6A, 0xA8, 0x70, 0x00, 0xB8, 0x81, 0xB5, 0x81, 0x00, 0xA6, 0x6A,
    0x6A, 0xAD, 0x00, 0xE3, 0x24, 0x04, 0xCA, 0xEC, 0xA0, 0x00, 0x43, 0x82, 0x00, 0xB1, 0x16, 0x03,
    0xCD, 0xBA, 0xBD, 0x00, 0x00, 0x85, 0xFF, 0x45, 0x00, 0x40, 0xD2, 0x1E, 0xE7, 0x13, 0x04, 0x0C,
    0x00, 0x12, 0x00, 0x00, 0x00, 0x00, 0x00, 0x09, 0x04, 0xC8, 0xF3, 0xBF, 0xA2, 0x66, 0xB1, 0x00,
    0xFF, 0x34, 0xBA, 0x7F, 0x7B, 0xF1, 0x73, 0xAC, 0x7C, 0xAC, 0xB4, 0x84, 0xA0, 0xF2, 0x28, 0xA2,
    0x6A, 0x88, 0xC1, 0x00, 0xE2, 0x24, 0xB4, 0xDA, 0xF0, 0xA1, 0x00, 0x0C, 0x00, 0x00, 0x00, 0x00,
    0x00, 0x3C, 0xA0, 0x00, 0x00, 0x00, 0x00, 0x00, 0x00, 0x00, 0xA2, 0x90, 0x00, 0xAF, 0x5A, 0xA2,
    0x90, 0x00, 0xAF, 0x5A, 0xA2, 0x90, 0x00, 0xAF, 0x5A, 0xA2, 0x90, 0x00, 0xAF, 0x5A, 0x9F, 0x90,
    0x00, 0xAF, 0x57, 0x82, 0xAC, 0x00, 0xCB, 0x36, 0x0F, 0xE2, 0xF0, 0xBC, 0x00, 0x00, 0x04, 0xB9,
    0x1B, 0x00, 0x00, 0x00, 0x00, 0x00, 0x00, 0xA2, 0x90, 0x00, 0xAF, 0x5A, 0xA2, 0x90, 0x00, 0xAF,
    0x5A, 0xA2, 0x90, 0x00, 0xAF, 0x5A, 0xA2, 0x90, 0x00, 0xAF, 0x5A, 0x9F, 0x90, 0x00, 0xAF, 0x57,
    0x82, 0xAC, 0x00, 0xCB, 0x36, 0x0F, 0xE2, 0xF0, 0xBC, 0x00, 0x00, 0x81, 0xB4, 0x54, 0x00, 0x00,
    0x00, 0x00, 0x00, 0x00, 0xA2, 0x90, 0x00, 0xAF, 0x5A, 0xA2, 0x90, 0x00, 0xAF, 0x5A, 0xA2, 0x90,
    0x00, 0xAF, 0x5A, 0xA2, 0x90, 0x00, 0xAF, 0x5A, 0x9F, 0x90, 0x00, 0xAF, 0x57, 0x82, 0xAC, 0x00,
    0xCB, 0x36, 0x0F, 0xE2, 0xF0, 0xBC, 0x00, 0x00, 0xCA, 0x4F, 0xB7, 0x00, 0x00, 0x00, 0x00, 0x00,
    0x00, 0xA2, 0x90, 0x00, 0xAF, 0x5A, 0xA2, 0x90, 0x00, 0xAF, 0x5A, 0xA2, 0x90, 0x00, 0xAF, 0x5A,
    0xA2, 0x90, 0x00, 0xAF, 0x5A, 0x9F, 0x90, 0x00, 0xAF, 0x57, 0x82, 0xAC, 0x00, 0xCB, 0x36, 0x0F,
    0xE2, 0xF0, 0xBC, 0x00, 0x00, 0x04, 0xB9, 0x1B, 0x00, 0x00, 0x00, 0x00, 0x00, 0x00, 0xC5, 0x51,
    0x00, 0x9A, 0xA3, 0x36, 0xD2, 0x03, 0xF2, 0x0D, 0x00, 0xCA, 0xB1, 0xAE, 0x00, 0x00, 0x3F, 0xFF,
    0x10, 0x00, 0x00, 0x00, 0xFA, 0x00, 0x00, 0x00, 0x00, 0xFA, 0x00, 0x00, 0x00, 0x00, 0xFA, 0x00,
    0x00, 0x54, 0xB9, 0x00, 0x00, 0x00, 0x54, 0xB9, 0x00, 0x00, 0x00, 0x54, 0xFF, 0xE7, 0xD4, 0x1C,
    0x54, 0xB9, 0x00, 0xA5, 0xB2, 0x54, 0xB9, 0x00, 0xA6, 0xB1, 0x54, 0xFF, 0xE7, 0xD3, 0x1B, 0x54,
    0xB9, 0x00, 0x00, 0x00, 0x06, 0xD9, 0xE2, 0xBD, 0x00, 0x52, 0xA8, 0x15, 0xFF, 0x00, 0x66, 0xB4,
    0xD3, 0x25, 0x00, 0x66, 0xB4, 0xF1, 0x33, 0x00, 0x66, 0xB4, 0x37, 0xF0, 0x3A, 0x66, 0xB4, 0x00,
    0x72, 0xA5, 0x66, 0xC3, 0xD8, 0xF0, 0x3A, 0x00, 0x7E, 0x0F, 0x00, 0x00, 0x00, 0x31, 0xA6, 0x00,
    0x00, 0x00, 0x00, 0x00, 0x00, 0x00, 0x24, 0xEC, 0xDA, 0xB9, 0x00, 0x0A, 0x09, 0x00, 0xD4, 0x2A,
    0x19, 0xC0, 0xC8, 0xFF, 0x3A, 0x9F, 0x87, 0x00, 0xE2, 0x3D, 0x40, 0xF0, 0xE1, 0xE9, 0x63, 0x00,
    0x00, 0x28, 0x63, 0x00, 0x00, 0x03, 0xBA, 0x15, 0x00, 0x00, 0x00, 0x00, 0x00, 0x00, 0x24, 0xEC,
    0xDA, 0xB9, 0x00, 0x0A, 0x09, 0x00, 0xD4, 0x2A, 0x19, 0xC0, 0xC8, 0xFF, 0x3A, 0x9F, 0x87, 0x00,
    0xE2, 0x3D, 0x40, 0xF0, 0xE1, 0xE9, 0x63, 0x00, 0x09, 0x9F, 0x00, 0x00, 0x00, 0xAC, 0x90, 0x81,
    0x00, 0x00, 0x00, 0x00, 0x00, 0x00, 0x24, 0xEC, 0xDA, 0xB9, 0x00, 0x0A, 0x09, 0x00, 0xD4, 0x2A,
    0x19, 0xC0, 0xC8, 0xFF, 0x3A, 0x9F, 0x87, 0x00, 0xE2, 0x3D, 0x40, 0xF0, 0xE1, 0xE9, 0x63, 0x00,
    0xAB, 0x82, 0x97, 0x00, 0x00, 0x94, 0xB1, 0x81, 0x00, 0x00, 0x00, 0x00, 0x00, 0x00, 0x24, 0xEC,
    0xDA, 0xB9, 0x00, 0x0A, 0x09, 0x00, 0xD4, 0x2A, 0x19, 0xC0, 0xC8, 0xFF, 0x3A, 0x9F, 0x87, 0x00,
    0xE2, 0x3D, 0x40, 0xF0, 0xE1, 0xE9, 0x63, 0x00, 0xCA, 0x4B, 0xBE, 0x00, 0x00, 0x00, 0x00, 0x00,
    0x00, 0x24, 0xEC, 0xDA, 0xB9, 0x00, 0x0A, 0x09, 0x00, 0xD4, 0x2A, 0x19, 0xC0, 0xC8, 0xFF, 0x3A,
    0x9F, 0x87, 0x00, 0xE2, 0x3D, 0x40, 0xF0, 0xE1, 0xE9, 0x63, 0x00, 0x2B, 0xB4, 0x13, 0x00, 0x00,
    0xA5, 0x3F, 0xA8, 0x00, 0x00, 0x8A, 0xC8, 0x5B, 0x00, 0x00, 0x00, 0x00, 0x00, 0x00, 0x24, 0xEC,
    0xDA, 0xB9, 0x00, 0x0A, 0x09, 0x00, 0xD4, 0x2A, 0x19, 0xC0, 0xC8, 0xFF, 0x3A, 0x9F, 0x87, 0x00,
    0xE2, 0x3D, 0x40, 0xF0, 0xE1, 0xE9, 0x63, 0x9A, 0xE2, 0xDF, 0xE7, 0x75, 0x00, 0x00, 0xEB, 0x06,
    0xC1, 0x79, 0xCE, 0xFF, 0xC8, 0xAD, 0xD5, 0x00, 0xE8, 0x00, 0x00, 0xA7, 0xE1, 0xC4, 0xD8, 0x9F,
    0x00, 0xA5, 0xE1, 0xE2, 0x07, 0x45, 0xC8, 0x00, 0x09, 0x01, 0x7C, 0xA5, 0x00, 0x00, 0x00, 0x49,
    0xC3, 0x00, 0x03, 0x01, 0x00, 0xB4, 0xDA, 0xE1, 0x07, 0x00, 0x00, 0x48, 0x7E, 0x00, 0x00, 0x25,
    0xBE, 0x49, 0x00, 0x00, 0x78, 0x15, 0x00, 0x00, 0x00, 0x28, 0xAD, 0x00, 0x00, 0x00, 0x00, 0x00,
    0x00, 0x00, 0x04, 0xC5, 0xDA, 0xBF, 0x00, 0x81, 0xB1, 0x00, 0xA1, 0x4E, 0xB8, 0xE7, 0xC8, 0xDE,
    0x66, 0x81, 0x97, 0x00, 0x00, 0x04, 0x04, 0xC1, 0xD7, 0xE1, 0x2E, 0x00, 0x00, 0x1F, 0x6C, 0x00,
    0x00, 0x01, 0xB6, 0x1C, 0x00, 0x00, 0x00, 0x00, 0x00, 0x00, 0x04, 0xC5, 0xDA, 0xBF, 0x00, 0x81,
    0xB1, 0x00, 0xA1, 0x4E, 0xB8, 0xE7, 0xC8, 0xDE, 0x66, 0x81, 0x97, 0x00, 0x00, 0x04, 0x04, 0xC1,
    0xD7, 0xE1, 0x2E, 0x00, 0x04, 0xA2, 0x00, 0x00, 0x00, 0xA0, 0x8D, 0x8E, 0x00, 0x00, 0x00, 0x00,
    0x00, 0x00, 0x04, 0xC5, 0xDA, 0xBF, 0x00, 0x81, 0xB1, 0x00, 0xA1, 0x4E, 0xB8, 0xE7, 0xC8, 0xDE,
    0x66, 0x81, 0x97, 0x00, 0x00, 0x04, 0x04, 0xC1, 0xD7, 0xE1, 0x2E, 0x00, 0xBE, 0x49, 0xAC, 0x00,
    0x00, 0x00, 0x00, 0x00, 0x00, 0x04, 0xC5, 0xDA, 0xBF, 0x00, 0x81, 0xB1, 0x00, 0xA1, 0x4E, 0xB8,
    0xE7, 0xC8, 0xDE, 0x66, 0x81, 0x97, 0x00, 0x00, 0x04, 0x04, 0xC1, 0xD7, 0xE1, 0x2E, 0x04, 0x88,
    0x00, 0x00, 0x00, 0x00, 0x76, 0x84, 0x00, 0x00, 0x00, 0x00, 0x00, 0x00, 0x00, 0x00, 0xBE, 0xE6,
    0x00, 0x00, 0x00, 0x00, 0xE6, 0x00, 0x00, 0x00, 0x00, 0xE6, 0x00, 0x00, 0x00, 0x00, 0xE7, 0x00,
    0x00, 0x00, 0x00, 0xB0, 0xDA, 0x43, 0x00, 0x10, 0x7B, 0x00, 0x00, 0xAC, 0x2D, 0x00, 0x00, 0x00,
    0x00, 0x00, 0xBE, 0xE6, 0x00, 0x00, 0x00, 0xE6, 0x00, 0x00, 0x00, 0xE6, 0x00, 0x00, 0x00, 0xE7,
    0x00, 0x00, 0x00, 0xB0, 0xDA, 0x43, 0x1B, 0x8D, 0x00, 0x00, 0xA5, 0x9F, 0x58, 0x00, 0x00, 0x00,
    0x00, 0x00, 0xBE, 0xE6, 0x00, 0x00, 0x00, 0xE6, 0x00, 0x00, 0x00, 0xE6, 0x00, 0x00, 0x00, 0xE7,
    0x00, 0x00, 0x00, 0xB0, 0xDA, 0x43, 0xD4, 0x5E, 0x9F, 0x00, 0x00, 0x00, 0x00, 0x00, 0xBE, 0xE6,
    0x00, 0x00, 0x00, 0xE6, 0x00, 0x00, 0x00, 0xE6, 0x00, 0x00, 0x00, 0xE7, 0x00, 0x00, 0x00, 0xB0,
    0xDA, 0x43, 0x00, 0xAE, 0xB9, 0x81, 0x00, 0x01, 0x9F, 0xCB, 0x48, 0x00, 0x07, 0xCF, 0xD8, 0xEB,
    0x00, 0x79, 0xB2, 0x00, 0xCD, 0x31, 0xA8, 0x79, 0x00, 0xA2, 0x60, 0x78, 0xB7, 0x00, 0xD0, 0x34,
    0x06, 0xD2, 0xDC, 0xAF, 0x00, 0x00, 0xA9, 0x7C, 0x94, 0x00, 0x00, 0x94, 0xB5, 0x7F, 0x00, 0x00,
    0x00, 0x00, 0x00, 0x00, 0x5A, 0xDE, 0xB2, 0xCD, 0x00, 0x5A, 0xBA, 0x00, 0xD2, 0x16, 0x5A, 0xBA,
    0x00, 0xC3, 0x2A, 0x5A, 0xBA, 0x00, 0xC3, 0x2A, 0x5A, 0xBA, 0x00, 0xC3, 0x2A, 0x00, 0x7F, 0x0C,
    0x00, 0x00, 0x00, 0x34, 0xA6, 0x00, 0x00, 0x00, 0x00, 0x00, 0x00, 0x00, 0x09, 0xD5, 0xDF, 0xB2,
    0x00, 0x7B, 0xB1, 0x00, 0xCF, 0x33, 0xA9, 0x79, 0x00, 0xA2, 0x60, 0x7F, 0xB1, 0x00, 0xCF, 0x34,
    0x09, 0xD4, 0xDC, 0xB2, 0x00, 0x00, 0x00, 0x2B, 0x63, 0x00, 0x00, 0x04, 0xBB, 0x15, 0x00, 0x00,
    0x00, 0x00, 0x00, 0x00, 0x09, 0xD5, 0xDF, 0xB2, 0x00, 0x7B, 0xB1, 0x00, 0xCF, 0x33, 0xA9, 0x79,
    0x00, 0xA2, 0x60, 0x7F, 0xB1, 0x00, 0xCF, 0x34, 0x09, 0xD4, 0xDC, 0xB2, 0x00, 0x00, 0x0A, 0xA0,
    0x00, 0x00, 0x00, 0xAF, 0x90, 0x7E, 0x00, 0x00, 0x00, 0x00, 0x00, 0x00, 0x09, 0xD5, 0xDF, 0xB2,
    0x00, 0x7B, 0xB1, 0x00, 0xCF, 0x33, 0xA9, 0x79, 0x00, 0xA2, 0x60, 0x7F, 0xB1, 0x00, 0xCF, 0x34,
    0x09, 0xD4, 0xDC, 0xB2, 0x00, 0x00, 0xA9, 0x7C, 0x94, 0x00, 0x00, 0x94, 0xB5, 0x7F, 0x00, 0x00,
    0x00, 0x00, 0x00, 0x00, 0x09, 0xD5, 0xDF, 0xB2, 0x00, 0x7B, 0xB1, 0x00, 0xCF, 0x33, 0xA9, 0x79,
    0x00, 0xA2, 0x60, 0x7F, 0xB1, 0x00, 0xCF, 0x34, 0x09, 0xD4, 0xDC, 0xB2, 0x00, 0x00, 0xCE, 0x4F,
    0xBA, 0x00, 0x00, 0x00, 0x00, 0x00, 0x00, 0x09, 0xD5, 0xDF, 0xB2, 0x00, 0x7B, 0xB1, 0x00, 0xCF,
    0x33, 0xA9, 0x79, 0x00, 0xA2, 0x60, 0x7F, 0xB1, 0x00, 0xCF, 0x34, 0x09, 0xD4, 0xDC, 0xB2, 0x00,
    0x00, 0x15, 0xFF, 0x00, 0x00, 0x00, 0x00, 0x12, 0x00, 0x00, 0xBD, 0xF0, 0xF0, 0xF0, 0x87, 0x00,
    0x13, 0xFF, 0x00, 0x00, 0x00, 0x00, 0x27, 0x00, 0x00, 0x00, 0x00, 0x00, 0x00, 0x1B, 0x09, 0xD5,
    0xE3, 0xEB, 0x64, 0x7B, 0xAE, 0x42, 0xFF, 0x37, 0xA9, 0x87, 0xB1, 0xA1, 0x61, 0x81, 0xFF, 0x1C,
    0xCF, 0x34, 0xA3, 0xDC, 0xDC, 0xB2, 0x00, 0x1F, 0x00, 0x00, 0x00, 0x00, 0x00, 0xB7, 0x3A, 0x00,
    0x00, 0x00, 0x16, 0xBB, 0x00, 0x00, 0x00, 0x00, 0x00, 0x00, 0x00, 0x5A, 0xBA, 0x00, 0xC3, 0x2A,
    0x5A, 0xBA, 0x00, 0xC3, 0x2A, 0x5A, 0xBA, 0x00, 0xC3, 0x2A, 0x48, 0xAF, 0x00, 0xEE, 0x2A, 0x06,
    0xED, 0xCF, 0xE8, 0x2A, 0x00, 0x00, 0x7C, 0x9D, 0x00, 0x00, 0x06, 0xC4, 0x01, 0x00, 0x00, 0x00,
    0x00, 0x00, 0x00, 0x5A, 0xBA, 0x00, 0xC3, 0x2A, 0x5A, 0xBA, 0x00, 0xC3, 0x2A, 0x5A, 0xBA, 0x00,
    0xC3, 0x2A, 0x48, 0xAF, 0x00, 0xEE, 0x2A, 0x06, 0xED, 0xCF, 0xE8, 0x2A, 0x00, 0x33, 0xFF, 0x0C,
    0x00, 0x00, 0xA6, 0x57, 0x9A, 0x00, 0x00, 0x00, 0x00, 0x00, 0x00, 0x5A, 0xBA, 0x00, 0xC3, 0x2A,
    0x5A, 0xBA, 0x00, 0xC3, 0x2A, 0x5A, 0xBA, 0x00, 0xC3, 0x2A, 0x48, 0xAF, 0x00, 0xEE, 0x2A, 0x06,
    0xED, 0xCF, 0xE8, 0x2A, 0x00, 0xCE, 0x4F, 0xBA, 0x00, 0x00, 0x00, 0x00, 0x00, 0x00, 0x5A, 0xBA,
    0x00, 0xC3, 0x2A, 0x5A, 0xBA, 0x00, 0xC3, 0x2A, 0x5A, 0xBA, 0x00, 0xC3, 0x2A, 0x48, 0xAF, 0x00,
    0xEE, 0x2A, 0x06, 0xED, 0xCF, 0xE8, 0x2A, 0x00, 0x00, 0x2B, 0x63, 0x00, 0x00, 0x04, 0xBB, 0x15,
    0x00, 0x00, 0x00, 0x00, 0x00, 0x00, 0xA3, 0x7F, 0x00, 0x9F, 0x7F, 0x25, 0xCF, 0x00, 0xDD, 0x0F,
    0x00, 0xE1, 0x27, 0xCF, 0x00, 0x00, 0xA0, 0xDA, 0x81, 0x00, 0x00, 0x22, 0xFF, 0x0F, 0x00, 0x00,
    0x22, 0xD3, 0x00, 0x00, 0x48, 0xF5, 0x54, 0x00, 0x00, 0x60, 0xB4, 0x00, 0x00, 0x00, 0x60, 0xB4,
    0x00, 0x00, 0x00, 0x60, 0xF1, 0xD8, 0xC3, 0x00, 0x60, 0xC8, 0x00, 0xB7, 0x45, 0x60, 0xBB, 0x00,
    0xA9, 0x72, 0x60, 0xC6, 0x00, 0xB6, 0x46, 0x60, 0xF3, 0xDC, 0xC5, 0x00, 0x60, 0xB4, 0x00, 0x00,
    0x00, 0x60, 0xB4, 0x00, 0x00, 0x00, 0x00, 0xCA, 0x4F, 0xB7, 0x00, 0x00, 0x00, 0x00, 0x00, 0x00,
    0xA3, 0x7F, 0x00, 0x9F, 0x7F, 0x25, 0xCF, 0x00, 0xDD, 0x0F, 0x00, 0xE1, 0x27, 0xCF, 0x00, 0x00,
    0xA0, 0xDA, 0x81, 0x00, 0x00, 0x22, 0xFF, 0x0D, 0x00, 0x00, 0x22, 0xCE, 0x00, 0x00, 0x48, 0xF0,
    0x55, 0x00, 0x00, 0xBA, 0xC3, 0x8E, 0xC3, 0xC3, 0xC3, 0xC3, 0xBD, 0x00, 0xCF, 0x18, 0x27, 0xFF,
    0x00, 0x28, 0xAB, 0x00, 0x00, 0xFF, 0x40, 0x03, 0xFF, 0x06, 0x1B, 0x72, 0x00, 0x00, 0xC8, 0x22,
    0xE4, 0x22, 0xFF, 0x69, 0xD2, 0x24, 0xAF, 0x51, 0x82, 0x00, 0xFF, 0x46, 0xFF, 0x01, 0xFF, 0x3C,
    0xE1, 0x16, 0x76, 0x43, 0x49, 0x52, 0x2B, 0x6C, 0x39, 0x3C, 0xD9, 0x90, 0xFF, 0xB7, 0xBD, 0x00,
    0x7E, 0xED, 0xE8, 0x24, 0x06, 0xF7, 0x04, 0x01, 0x06, 0xAB, 0xFD, 0xB4, 0x48, 0x00, 0x54, 0xB4,
    0x00, 0x00, 0x00, 0xAB, 0xFD, 0x9F, 0x00, 0x00, 0x06, 0xF6, 0x04, 0x01, 0x06, 0x00, 0x85, 0xEC,
    0xE8, 0x24, 0x28, 0xAB, 0x00, 0x00, 0x00, 0xB8, 0xFF, 0xD7, 0xD7, 0xC5, 0x01, 0x75, 0x00, 0x00,
    0x00, 0x00, 0x43, 0x00, 0xAF, 0xFF, 0x7F, 0x0D, 0xCD, 0x0D, 0x00, 0xCD, 0x00, 0x00, 0xCD, 0x00,
    0x00, 0x00, 0x00, 0xB5, 0x1E, 0xD7, 0xD7, 0xD7, 0xFF, 0x9F, 0x00, 0x00, 0x00, 0x76, 0x00, 0x00,
    0x48, 0x00, 0x00, 0xCD, 0x00, 0x00, 0xCD, 0x00, 0x54, 0xCE, 0x4E, 0x69, 0xFF, 0x3D, 0x1E, 0x55,
    0x04, 0x6F, 0x00, 0xF7, 0xDA, 0xCD, 0xFF, 0x5A, 0x70, 0x69, 0x04, 0xAA, 0x09, 0x00, 0x43, 0x00,
    0xAF, 0xFF, 0x7F, 0x0D, 0xCD, 0x0D, 0x54, 0xCE, 0x4E, 0x69, 0xFF, 0x3D, 0x00, 0x31, 0x79, 0x0A,
    0x00, 0x6C, 0x4E, 0x18, 0x00, 0x6C, 0x4E, 0x18, 0x00, 0xBA, 0x40, 0x75, 0x00, 0x3D, 0x97, 0x1F,
    0x00, 0x00, 0x00, 0xB7, 0x03, 0xA6, 0xBE, 0xD5, 0xFF, 0x39, 0x19, 0x73, 0xC4, 0x1E, 0x07, 0xD3,
    0xFF, 0xD7, 0xD7, 0x40, 0xA8, 0x33, 0x00, 0x00, 0x00, 0x0F, 0x12, 0x12, 0x12, 0x04, 0xAF, 0xC8,
    0xC8, 0xC8, 0x3C, 0xB7, 0xAF, 0xAF, 0xAF, 0x34, 0xB2, 0xCD, 0xCD, 0xCD, 0x3D, 0x0A, 0x0C, 0x0C,
    0x0C, 0x03, 0x00, 0x00, 0x00, 0x10, 0x13, 0x1F, 0x93, 0xCE, 0xD0, 0x30, 0xE9, 0xF8, 0x60, 0x03,
    0x00, 0x00, 0x34, 0xAC, 0xDC, 0x43, 0xBB, 0xD7, 0xD7, 0xD7, 0x40, 0x25, 0x00, 0x00, 0x00, 0x00,
    0xA6, 0xD9, 0xA0, 0x48, 0x00, 0x00, 0x2B, 0xB2, 0xFF, 0x45, 0xC5, 0xB5, 0x61, 0x04, 0x00, 0xBB,
    0xD7, 0xD7, 0xD7, 0x40, 0x00, 0x07, 0xA6, 0xAA, 0x24, 0x00, 0xB2, 0x84, 0x3D, 0xD0, 0x00, 0xBF,
    0x22, 0x00, 0xD5, 0x00, 0xB6, 0xE3, 0xDC, 0x84, 0x28, 0x60, 0x00, 0x00, 0x00, 0x00, 0x00, 0x00,
    0x00, 0xA0, 0x7B, 0x00, 0x40, 0x00, 0x00, 0x84, 0x84, 0x4F, 0xA8, 0x7E, 0x7E, 0x5E, 0x84, 0x97,
    0x5A, 0x7E, 0x7E, 0x7E, 0xB1, 0x00, 0xB8, 0x00, 0x00, 0x00, 0x00, 0x0D, 0xD7, 0xD7, 0xD7, 0xBF,
    0x07, 0x96, 0x96, 0x96, 0x85, 0x14, 0xFF, 0xFF, 0xFF, 0xFF, 0x9D, 0xC8, 0xC8, 0xC8, 0xC8, 0xC8,
    0xC8, 0xC8, 0xC8, 0xC8, 0x0A, 0x36, 0xD2, 0x07, 0x54, 0xFF, 0x0C, 0x54, 0xFF, 0x0C, 0x54, 0xFF,
    0x0C, 0x54, 0xFF, 0x0C, 0x54, 0xFF, 0x0C, 0x54, 0xFF, 0x0C, 0x54, 0xFF, 0x0C, 0x54, 0xFF, 0x0C,
    0x54, 0xFF, 0x0C, 0x03, 0x12, 0x00, 0xC5, 0x73, 0xD7, 0x73, 0xBD, 0x8A, 0x43, 0x96, 0x43, 0x6D,
    0xFF, 0xA5, 0xFF, 0xA5, 0xDF, 0x12, 0xC8, 0xC8, 0x52, 0xC1, 0xC8, 0x55, 0xBE, 0xC8, 0x70, 0x06,
    0x1E, 0x00, 0x54, 0xFF, 0x0C, 0x54, 0xFF, 0x0C, 0x1C, 0x84, 0x03, 0x51, 0xFF, 0x0A, 0x54, 0xFF,
    0x0C, 0x1E, 0x8A, 0x03, 0x4F, 0xFF, 0x0A, 0x54, 0xFF, 0x0C, 0x27, 0xB4, 0x04, 0xBD, 0x81, 0x78,
    0x99, 0xBD, 0x6D, 0x4B, 0x45, 0x58, 0x6D, 0xDF, 0xB7, 0xAB, 0xB4, 0xDF, 0x03, 0xC8, 0x96, 0xA0,
    0xBE, 0x55, 0xC8, 0x4B, 0xC8, 0x8E, 0x00, 0x06, 0x00, 0x54, 0xFF, 0x0C, 0x34, 0xC8, 0x07, 0x37,
    0xD7, 0x07, 0x4F, 0xFF, 0x0A, 0x1E, 0x8A, 0x03, 0x54, 0xFF, 0x0C, 0x19, 0x78, 0x03, 0x54, 0xFF,
    0x0C, 0x31, 0xBE, 0x06, 0xFF, 0xD7, 0xBF, 0xC8, 0x00, 0x00, 0xC8, 0x00, 0x00, 0xC8, 0x00, 0x00,
    0xC8, 0x00, 0x00, 0x28, 0x00, 0x00, 0x87, 0x96, 0x85, 0xFF, 0xFF, 0xFF, 0xC8, 0x00, 0x00, 0xC8,
    0x00, 0x00, 0xC8, 0x00, 0x00, 0xC8, 0x00, 0x00, 0x19, 0x00, 0x00, 0x54, 0xFF, 0xD9, 0xBF, 0x54,
    0xFF, 0x0C, 0x00, 0x54, 0xFF, 0x0C, 0x00, 0x54, 0xFF, 0x0C, 0x00, 0x54, 0xFF, 0x0C, 0x00, 0x0D,
    0x42, 0x01, 0x00, 0x1F, 0x96, 0x96, 0x85, 0x54, 0xFF, 0xFF, 0xFF, 0x54, 0xFF, 0x0C, 0x00, 0x54,
    0xFF, 0x0C, 0x00, 0x54, 0xFF, 0x0C, 0x00, 0x54, 0xFF, 0x0C, 0x00, 0x09, 0x2A, 0x00, 0x00, 0x00,
    0x13, 0xD7, 0xD7, 0xDC, 0x00, 0x00, 0x00, 0x00, 0xC8, 0x00, 0x00, 0x00, 0x00, 0xC8, 0x00, 0x00,
    0x00, 0x00, 0xC8, 0x00, 0x00, 0x00, 0x00, 0xC8, 0x00, 0x00, 0x00, 0x00, 0x28, 0x00, 0x0A, 0x96,
    0x96, 0x6A, 0x00, 0x1C, 0xFF, 0xFF, 0xE3, 0x00, 0x00, 0x00, 0x00, 0xC8, 0x00, 0x00, 0x00, 0x00,
    0xC8, 0x00, 0x00, 0x00, 0x00, 0xC8, 0x00, 0x00, 0x00, 0x00, 0xC8, 0x00, 0x00, 0x00, 0x00, 0x19,
    0x0B, 0xB0, 0xED, 0xCE, 0x0C, 0x00, 0x00, 0x54, 0xCE, 0x0C, 0x00, 0x00, 0x54, 0xCE, 0x0C, 0x00,
    0x00, 0x54, 0xCE, 0x0C, 0x00, 0x00, 0x54, 0xCE, 0x0C, 0x00, 0x00, 0x0D, 0x35, 0x01, 0x06, 0x7A,
    0x96, 0x79, 0x04, 0x11, 0xD2, 0xFF, 0xCE, 0x0C, 0x00, 0x00, 0x54, 0xCE, 0x0C, 0x00, 0x00, 0x54,
    0xCE, 0x0C, 0x00, 0x00, 0x54, 0xCE, 0x0C, 0x00, 0x00, 0x54, 0xCE, 0x0C, 0x00, 0x00, 0x09, 0x22,
    0x00, 0x7F, 0x00, 0x00, 0xC8, 0x00, 0x00, 0xC8, 0x00, 0x00, 0xC8, 0x00, 0x00, 0xC8, 0x00, 0x00,
    0xC1, 0xD7, 0xBF, 0x8E, 0x00, 0x00, 0xC8, 0x00, 0x00, 0xC8, 0x00, 0x00, 0xC8, 0x00, 0x00, 0xEB,
    0x96, 0x85, 0xFF, 0xFF, 0xFF, 0x2B, 0xAA, 0x06, 0x00, 0x54, 0xFF, 0x0C, 0x00, 0x54, 0xFF, 0x0C,
    0x00, 0x54, 0xFF, 0x0C, 0x00, 0x54, 0xFF, 0x0C, 0x00, 0x37, 0xD7, 0xD7, 0xBF, 0x31, 0xBE, 0x06,
    0x00, 0x54, 0xFF, 0x0C, 0x00, 0x54, 0xFF, 0x0C, 0x00, 0x54, 0xFF, 0x0C, 0x00, 0x54, 0xFF, 0x9C,
    0x85, 0x4F, 0xFF, 0xFF, 0xFF, 0x00, 0x00, 0x00, 0x00, 0x7F, 0x00, 0x00, 0x00, 0x00, 0xC8, 0x00,
    0x00, 0x00, 0x00, 0xC8, 0x00, 0x00, 0x00, 0x00, 0xC8, 0x00, 0x00, 0x00, 0x00, 0xC8, 0x00, 0x13,
    0xD7, 0xD7, 0xB8, 0x00, 0x00, 0x00, 0x00, 0x8E, 0x00, 0x00, 0x00, 0x00, 0xC8, 0x00, 0x00, 0x00,
    0x00, 0xC8, 0x00, 0x00, 0x00, 0x00, 0xC8, 0x00, 0x0A, 0x96, 0x96, 0xD3, 0x00, 0x1C, 0xFF, 0xFF,
    0xDA, 0x00, 0x00, 0x2B, 0x89, 0x06, 0x00, 0x00, 0x54, 0xCE, 0x0C, 0x00, 0x00, 0x54, 0xCE, 0x0C,
    0x00, 0x00, 0x54, 0xCE, 0x0C, 0x00, 0x00, 0x54, 0xCE, 0x0C, 0x0B, 0xB0, 0xD7, 0xAD, 0x07, 0x00,
    0x00, 0x31, 0x99, 0x06, 0x00, 0x00, 0x54, 0xCE, 0x0C, 0x00, 0x00, 0x54, 0xCE, 0x0C, 0x00, 0x00,
    0x54, 0xCE, 0x0C, 0x06, 0x7A, 0xA7, 0xCE, 0x0C, 0x11, 0xD2, 0xFF, 0xCE, 0x0A, 0x9D, 0x00, 0x00,
    0xC8, 0x00, 0x00, 0xC8, 0x00, 0x00, 0xC8, 0x00, 0x00, 0xD3, 0x30, 0x2A, 0xFA, 0xB4, 0xA0, 0xC8,
    0x00, 0x00, 0xC8, 0x00, 0x00, 0xC8, 0x00, 0x00, 0xC8, 0x00, 0x00, 0x0A, 0x00, 0x00, 0x9D, 0x00,
    0x00, 0xC8, 0x00, 0x00, 0xC8, 0x00, 0x00, 0xC8, 0x00, 0x00, 0xF0, 0xAE, 0x9A, 0xFF, 0xFF, 0xFD,
    0xC8, 0x00, 0x00, 0xC8, 0x00, 0x00, 0xC8, 0x00, 0x00, 0xC8, 0x00, 0x00, 0x0A, 0x00, 0x00, 0x46,
    0xFF, 0x09, 0x00, 0x54, 0xFF, 0x0C, 0x00, 0x54, 0xFF, 0x0C, 0x00, 0x54, 0xFF, 0x0C, 0x00, 0x54,
    0xFF, 0x7F, 0x6A, 0x1E, 0xF2, 0x8A, 0x79, 0x00, 0xC8, 0x00, 0x00, 0x00, 0xC8, 0x00, 0x00, 0x00,
    0xC8, 0x00, 0x00, 0x00, 0xAB, 0x00, 0x00, 0x00, 0x96, 0x00, 0x00, 0x00, 0xC8, 0x00, 0x00, 0x00,
    0xC8, 0x00, 0x00, 0x00, 0xC8, 0x00, 0x00, 0x07, 0xD3, 0x24, 0x1F, 0x54, 0xFF, 0xBC, 0xA3, 0x54,
    0xFF, 0x0C, 0x00, 0x54, 0xFF, 0x0C, 0x00, 0x54, 0xFF, 0x0C, 0x00, 0x54, 0xFF, 0x0C, 0x00, 0x06,
    0x1E, 0x00, 0x00, 0x36, 0xD2, 0x07, 0x00, 0x54, 0xFF, 0x0C, 0x00, 0x54, 0xFF, 0x0C, 0x00, 0x54,
    0xFF, 0x0C, 0x00, 0x54, 0xFF, 0x3A, 0x2A, 0x54, 0xFF, 0xB7, 0xA0, 0x54, 0xFF, 0x0C, 0x00, 0x54,
    0xFF, 0x0C, 0x00, 0x54, 0xFF, 0x0C, 0x00, 0x54, 0xFF, 0x0C, 0x00, 0x03, 0x12, 0x00, 0x00, 0x31,
    0xBE, 0x06, 0x00, 0x54, 0xFF, 0x0C, 0x00, 0x54, 0xFF, 0x0C, 0x00, 0x54, 0xFF, 0x0C, 0x00, 0x54,
    0xFF, 0x9C, 0x85, 0x4F, 0xFF, 0xFF, 0xFF, 0x00, 0xC8, 0x00, 0x00, 0x00, 0xC8, 0x00, 0x00, 0x00,
    0xC8, 0x00, 0x00, 0x00, 0xC8, 0x00, 0x00, 0x00, 0x19, 0x00, 0x00, 0x00, 0x9D, 0x00, 0x00, 0x00,
    0xC8, 0x00, 0x00, 0x00, 0xC8, 0x00, 0x00, 0x00, 0xC8, 0x00, 0x00, 0x25, 0xFD, 0xAE, 0x9A, 0x54,
    0xFF, 0xFF, 0xFD, 0x54, 0xFF, 0x0C, 0x00, 0x54, 0xFF, 0x0C, 0x00, 0x54, 0xFF, 0x0C, 0x00, 0x54,
    0xFF, 0x0C, 0x00, 0x03, 0x12, 0x00, 0x00, 0x36, 0xD2, 0x07, 0x00, 0x54, 0xFF, 0x0C, 0x00, 0x54,
    0xFF, 0x0C, 0x00, 0x54, 0xFF, 0x0C, 0x00, 0x54, 0xFF, 0xB4, 0x9A, 0x54, 0xFF, 0xFF, 0xFD, 0x54,
    0xFF, 0x0C, 0x00, 0x54, 0xFF, 0x0C, 0x00, 0x54, 0xFF, 0x0C, 0x00, 0x54, 0xFF, 0x0C, 0x00, 0x03,
    0x12, 0x00, 0x00, 0x00, 0x00, 0x00, 0x00, 0x9D, 0x00, 0x00, 0x00, 0x00, 0xC8, 0x00, 0x00, 0x00,
    0x00, 0xC8, 0x00, 0x00, 0x00, 0x00, 0xC8, 0x00, 0x03, 0x30, 0x30, 0xCB, 0x00, 0x10, 0xB4, 0xB4,
    0xD8, 0x00, 0x00, 0x00, 0x00, 0xC8, 0x00, 0x00, 0x00, 0x00, 0xC8, 0x00, 0x00, 0x00, 0x00, 0xC8,
    0x00, 0x00, 0x00, 0x00, 0xC8, 0x00, 0x00, 0x00, 0x00, 0x0A, 0x00, 0x00, 0x00, 0x00, 0x9D, 0x00,
    0x00, 0x00, 0x00, 0xC8, 0x00, 0x00, 0x00, 0x00, 0xC8, 0x00, 0x00, 0x00, 0x00, 0xC8, 0x00, 0x0D,
    0xAE, 0xAE, 0xD4, 0x00, 0x19, 0xFF, 0xFF, 0xE2, 0x00, 0x00, 0x00, 0x00, 0xC8, 0x00, 0x00, 0x00,
    0x00, 0xC8, 0x00, 0x00, 0x00, 0x00, 0xC8, 0x00, 0x00, 0x00, 0x00, 0xC8, 0x00, 0x00, 0x00, 0x00,
    0x0A, 0x00, 0x00, 0x2B, 0x89, 0x06, 0x00, 0x00, 0x54, 0xCE, 0x0C, 0x00, 0x00, 0x54, 0xCE, 0x0C,
    0x00, 0x00, 0x54, 0xCE, 0x0C, 0x00, 0x00, 0x54, 0xCE, 0x0C, 0x0B, 0xB0, 0xD7, 0xCD, 0x07, 0x00,
    0x00, 0x00, 0xA0, 0x00, 0x00, 0x00, 0x00, 0xA0, 0x00, 0x00, 0x00, 0x00, 0xA0, 0x00, 0x00, 0x00,
    0x00, 0xA0, 0x00, 0x00, 0x00, 0x00, 0x20, 0x00, 0x00, 0x00, 0x00, 0x66, 0x00, 0x00, 0x00, 0x00,
    0xA0, 0x00, 0x00, 0x00, 0x00, 0xA0, 0x00, 0x00, 0x00, 0x00, 0xA0, 0x00, 0x00, 0x00, 0x00, 0xA0,
    0x00, 0x0B, 0xB0, 0xED, 0xCE, 0x0C, 0x00, 0x00, 0x54, 0xCE, 0x0C, 0x00, 0x00, 0x54, 0xCE, 0x0C,
    0x00, 0x00, 0x54, 0xCE, 0x0C, 0x00, 0x00, 0x54, 0xCE, 0x0C, 0x00, 0x00, 0x0D, 0x35, 0x01, 0x00,
    0x00, 0x36, 0xA9, 0x07, 0x00, 0x00, 0x54, 0xCE, 0x0C, 0x00, 0x00, 0x54, 0xCE, 0x0C, 0x00, 0x00,
    0x54, 0xCE, 0x0C, 0x02, 0x27, 0x79, 0xCE, 0x0C, 0x0A, 0x93, 0xD2, 0xCE, 0x0C, 0x00, 0x00, 0x54,
    0xCE, 0x0C, 0x00, 0x00, 0x54, 0xCE, 0x0C, 0x00, 0x00, 0x54, 0xCE, 0x0C, 0x00, 0x00, 0x54, 0xCE,
    0x0C, 0x00, 0x00, 0x03, 0x0E, 0x00, 0x00, 0x00, 0x31, 0x99, 0x06, 0x00, 0x00, 0x54, 0xCE, 0x0C,
    0x00, 0x00, 0x54, 0xCE, 0x0C, 0x00, 0x00, 0x54, 0xCE, 0x0C, 0x06, 0x7A, 0xA7, 0xCE, 0x0C, 0x11,
    0xD2, 0xFF, 0xCE, 0x0A, 0x00, 0x00, 0x00, 0xA0, 0x00, 0x00, 0x00, 0x00, 0xA0, 0x00, 0x00, 0x00,
    0x00, 0xA0, 0x00, 0x00, 0x00, 0x00, 0xA0, 0x00, 0x00, 0x00, 0x00, 0x14, 0x00, 0x00, 0x00, 0x00,
    0x72, 0x00, 0x00, 0x00, 0x00, 0xA0, 0x00, 0x00, 0x00, 0x00, 0xA0, 0x00, 0x00, 0x00, 0x00, 0xA0,
    0x00, 0x06, 0x7A, 0x96, 0xC6, 0x04, 0x11, 0xD2, 0xFF, 0xCE, 0x0C, 0x00, 0x00, 0x54, 0xCE, 0x0C,
    0x00, 0x00, 0x54, 0xCE, 0x0C, 0x00, 0x00, 0x54, 0xCE, 0x0C, 0x00, 0x00, 0x54, 0xCE, 0x0C, 0x00,
    0x00, 0x09, 0x22, 0x00, 0x00, 0x00, 0x36, 0xA9, 0x07, 0x00, 0x00, 0x54, 0xCE, 0x0C, 0x00, 0x00,
    0x54, 0xCE, 0x0C, 0x00, 0x00, 0x54, 0xCE, 0x0C, 0x08, 0x8E, 0xB6, 0xCE, 0x0C, 0x0F, 0xD1, 0xFF,
    0xCE, 0x0C, 0x00, 0x00, 0x54, 0xCE, 0x0C, 0x00, 0x00, 0x54, 0xCE, 0x0C, 0x00, 0x00, 0x54, 0xCE,
    0x0C, 0x00, 0x00, 0x54, 0xCE, 0x0C, 0x00, 0x00, 0x03, 0x0E, 0x00, 0x0D, 0xD7, 0xEB, 0xDB, 0xBF,
    0x00, 0x00, 0x64, 0x14, 0x00, 0x00, 0x00, 0x64, 0x14, 0x00, 0x00, 0x00, 0x64, 0x14, 0x00, 0x00,
    0x00, 0x64, 0x14, 0x00, 0x00, 0x00, 0x14, 0x04, 0x00, 0x07, 0x96, 0x84, 0x21, 0x15, 0x14, 0xFF,
    0xFF, 0xC9, 0xAC, 0x00, 0x00, 0x64, 0x14, 0x00, 0x00, 0x00, 0x64, 0x14, 0x00, 0x00, 0x00, 0x64,
    0x14, 0x00, 0x00, 0x00, 0x64, 0x14, 0x00, 0x00, 0x00, 0x0D, 0x02, 0x00, 0x01, 0x18, 0x52, 0x95,
    0x82, 0x0F, 0xC3, 0xE1, 0xFF, 0xFF, 0x00, 0x00, 0x64, 0x14, 0x00, 0x00, 0x00, 0x64, 0x14, 0x00,
    0x00, 0x00, 0x64, 0x14, 0x00, 0x00, 0x00, 0x64, 0x14, 0x00, 0x00, 0x00, 0x0D, 0x02, 0x00, 0x07,
    0x96, 0x96, 0x96, 0x85, 0x14, 0xFF, 0xFF, 0xFF, 0xFF, 0x00, 0x00, 0x64, 0x14, 0x00, 0x00, 0x00,
    0x64, 0x14, 0x00, 0x00, 0x00, 0x64, 0x14, 0x00, 0x00, 0x00, 0x64, 0x14, 0x00, 0x00, 0x00, 0x0D,
    0x02, 0x00, 0x0D, 0xD9, 0xF6, 0xDD, 0xBF, 0x00, 0x08, 0xAA, 0x24, 0x00, 0x00, 0x08, 0xAA, 0x24,
    0x00, 0x00, 0x08, 0xAA, 0x24, 0x00, 0x00, 0x08, 0xAA, 0x24, 0x00, 0x00, 0x01, 0x28, 0x07, 0x00,
    0x07, 0x96, 0x96, 0x27, 0x15, 0x14, 0xFF, 0xFF, 0xCC, 0xAC, 0x00, 0x08, 0xAA, 0x24, 0x00, 0x00,
    0x08, 0xAA, 0x24, 0x00, 0x00, 0x08, 0xAA, 0x24, 0x00, 0x00, 0x08, 0xAA, 0x24, 0x00, 0x00, 0x01,
    0x1A, 0x04, 0x00, 0x01, 0x1B, 0x65, 0x96, 0x85, 0x0D, 0xC6, 0xEE, 0xFF, 0xFF, 0x00, 0x08, 0xAA,
    0x24, 0x00, 0x00, 0x08, 0xAA, 0x24, 0x00, 0x00, 0x08, 0xAA, 0x24, 0x00, 0x00, 0x08, 0xAA, 0x24,
    0x00, 0x00, 0x01, 0x1A, 0x04, 0x00, 0x07, 0x96, 0x96, 0x96, 0x85, 0x14, 0xFF, 0xFF, 0xFF, 0xFF,
    0x00, 0x08, 0xAA, 0x24, 0x00, 0x00, 0x08, 0xAA, 0x24, 0x00, 0x00, 0x08, 0xAA, 0x24, 0x00, 0x00,
    0x08, 0xAA, 0x24, 0x00, 0x00, 0x01, 0x1A, 0x04, 0x00, 0x00, 0x00, 0x40, 0x0D, 0x00, 0x00, 0x00,
    0x64, 0x14, 0x00, 0x00, 0x00, 0x64, 0x14, 0x00, 0x00, 0x00, 0x64, 0x14, 0x00, 0x00, 0x00, 0x64,
    0x14, 0x00, 0x0D, 0xD7, 0xD7, 0xD7, 0xBF, 0x00, 0x00, 0x47, 0x0E, 0x00, 0x00, 0x00, 0x64, 0x14,
    0x00, 0x00, 0x00, 0x64, 0x14, 0x00, 0x00, 0x00, 0x64, 0x14, 0x00, 0x07, 0x96, 0xB7, 0x2B, 0x15,
    0x14, 0xFF, 0xFF, 0xC9, 0xAC, 0x00, 0x00, 0x47, 0x0E, 0x00, 0x00, 0x00, 0x64, 0x14, 0x00, 0x00,
    0x00, 0x64, 0x14, 0x00, 0x00, 0x00, 0x64, 0x14, 0x00, 0x01, 0x18, 0x82, 0x9F, 0x85, 0x0D, 0xC3,
    0xE1, 0xFF, 0xFF, 0x00, 0x00, 0x47, 0x0E, 0x00, 0x00, 0x00, 0x64, 0x14, 0x00, 0x00, 0x00, 0x64,
    0x14, 0x00, 0x00, 0x00, 0x64, 0x14, 0x00, 0x07, 0x96, 0xC6, 0xA0, 0x85, 0x14, 0xFF, 0xFF, 0xFF,
    0xFF, 0x00, 0x04, 0x6B, 0x16, 0x00, 0x00, 0x08, 0xAA, 0x24, 0x00, 0x00, 0x08, 0xAA, 0x24, 0x00,
    0x00, 0x08, 0xAA, 0x24, 0x00, 0x00, 0x08, 0xAA, 0x24, 0x00, 0x0D, 0xD7, 0xD7, 0xD7, 0xBF, 0x00,
    0x05, 0x78, 0x18, 0x00, 0x00, 0x08, 0xAA, 0x24, 0x00, 0x00, 0x08, 0xAA, 0x24, 0x00, 0x00, 0x08,
    0xAA, 0x24, 0x00, 0x07, 0x98, 0xD3, 0x38, 0x15, 0x14, 0xFF, 0xFF, 0xCB, 0xAC, 0x00, 0x05, 0x78,
    0x18, 0x00, 0x00, 0x08, 0xAA, 0x24, 0x00, 0x00, 0x08, 0xAA, 0x24, 0x00, 0x00, 0x08, 0xAA, 0x24,
    0x00, 0x01, 0x20, 0xB3, 0xA6, 0x85, 0x0D, 0xC5, 0xED, 0xFF, 0xFF, 0x00, 0x05, 0x78, 0x18, 0x00,
    0x00, 0x08, 0xAA, 0x24, 0x00, 0x00, 0x08, 0xAA, 0x24, 0x00, 0x00, 0x08, 0xAA, 0x24, 0x00, 0x07,
    0x98, 0xD3, 0xA6, 0x85, 0x14, 0xFF, 0xFF, 0xFF, 0xFF, 0x00, 0x00, 0x4F, 0x10, 0x00, 0x00, 0x00,
    0x64, 0x14, 0x00, 0x00, 0x00, 0x64, 0x14, 0x00, 0x00, 0x00, 0x64, 0x14, 0x00, 0x02, 0x30, 0x84,
    0x41, 0x2A, 0x0B, 0xB4, 0xDA, 0xBB, 0xA0, 0x00, 0x00, 0x64, 0x14, 0x00, 0x00, 0x00, 0x64, 0x14,
    0x00, 0x00, 0x00, 0x64, 0x14, 0x00, 0x00, 0x00, 0x64, 0x14, 0x00, 0x00, 0x00, 0x05, 0x01, 0x00,
    0x00, 0x00, 0x4F, 0x10, 0x00, 0x00, 0x00, 0x64, 0x14, 0x00, 0x00, 0x00, 0x64, 0x14, 0x00, 0x00,
    0x00, 0x64, 0x14, 0x00, 0x09, 0xAE, 0xC7, 0x41, 0x2A, 0x12, 0xFF, 0xFF, 0xBB, 0xA0, 0x00, 0x00,
    0x64, 0x14, 0x00, 0x00, 0x00, 0x64, 0x14, 0x00, 0x00, 0x00, 0x64, 0x14, 0x00, 0x00, 0x00, 0x64,
    0x14, 0x00, 0x00, 0x00, 0x05, 0x01, 0x00, 0x00, 0x00, 0x4F, 0x10, 0x00, 0x00, 0x00, 0x64, 0x14,
    0x00, 0x00, 0x00, 0x64, 0x14, 0x00, 0x00, 0x00, 0x64, 0x14, 0x00, 0x02, 0x30, 0x92, 0xB5, 0x9A,
    0x0B, 0xB4, 0xDA, 0xFF, 0xFD, 0x00, 0x00, 0x64, 0x14, 0x00, 0x00, 0x00, 0x64, 0x14, 0x00, 0x00,
    0x00, 0x64, 0x14, 0x00, 0x00, 0x00, 0x64, 0x14, 0x00, 0x00, 0x00, 0x05, 0x01, 0x00, 0x00, 0x00,
    0x4F, 0x10, 0x00, 0x00, 0x00, 0x64, 0x14, 0x00, 0x00, 0x00, 0x64, 0x14, 0x00, 0x00, 0x00, 0x64,
    0x14, 0x00, 0x09, 0xAE, 0xD6, 0xB6, 0x9A, 0x12, 0xFF, 0xFF, 0xFF, 0xFD, 0x00, 0x00, 0x64, 0x14,
    0x00, 0x00, 0x00, 0x64, 0x14, 0x00, 0x00, 0x00, 0x64, 0x14, 0x00, 0x00, 0x00, 0x64, 0x14, 0x00,
    0x00, 0x00, 0x05, 0x01, 0x00, 0x00, 0x04, 0x6B, 0x16, 0x00, 0x00, 0x08, 0xAA, 0x24, 0x00, 0x00,
    0x08, 0xAA, 0x24, 0x00, 0x00, 0x08, 0xAA, 0x24, 0x00, 0x00, 0x08, 0xAA, 0x24, 0x00, 0x0D, 0xD7,
    0xEB, 0xDB, 0xBF, 0x00, 0x00, 0x64, 0x14, 0x00, 0x00, 0x00, 0x64, 0x14, 0x00, 0x00, 0x00, 0x64,
    0x14, 0x00, 0x00, 0x00, 0x64, 0x14, 0x00, 0x00, 0x00, 0x14, 0x04, 0x00, 0x00, 0x00, 0x40, 0x0D,
    0x00, 0x00, 0x00, 0x64, 0x14, 0x00, 0x00, 0x00, 0x64, 0x14, 0x00, 0x00, 0x00, 0x64, 0x14, 0x00,
    0x00, 0x00, 0x64, 0x14, 0x00, 0x0D, 0xD9, 0xF6, 0xDD, 0xBF, 0x00, 0x08, 0xAA, 0x24, 0x00, 0x00,
    0x08, 0xAA, 0x24, 0x00, 0x00, 0x08, 0xAA, 0x24, 0x00, 0x00, 0x08, 0xAA, 0x24, 0x00, 0x00, 0x01,
    0x28, 0x07, 0x00, 0x00, 0x05, 0x84, 0x1B, 0x00, 0x00, 0x08, 0xAA, 0x24, 0x00, 0x00, 0x08, 0xAA,
    0x24, 0x00, 0x00, 0x08, 0xAA, 0x24, 0x00, 0x02, 0x37, 0xBC, 0x4E, 0x2A, 0x0B, 0xB7, 0xE9, 0xBE,
    0xA0, 0x00, 0x08, 0xAA, 0x24, 0x00, 0x00, 0x08, 0xAA, 0x24, 0x00, 0x00, 0x08, 0xAA, 0x24, 0x00,
    0x00, 0x08, 0xAA, 0x24, 0x00, 0x00, 0x00, 0x0B, 0x02, 0x00, 0x00, 0x05, 0x78, 0x18, 0x00, 0x00,
    0x08, 0xAA, 0x24, 0x00, 0x00, 0x08, 0xAA, 0x24, 0x00, 0x00, 0x08, 0xAA, 0x24, 0x00, 0x07, 0x98,
    0xD3, 0x38, 0x15, 0x14, 0xFF, 0xFF, 0xCB, 0xAC, 0x00, 0x00, 0x64, 0x14, 0x00, 0x00, 0x00, 0x64,
    0x14, 0x00, 0x00, 0x00, 0x64, 0x14, 0x00, 0x00, 0x00, 0x64, 0x14, 0x00, 0x00, 0x00, 0x0D, 0x02,
    0x00, 0x00, 0x05, 0x78, 0x18, 0x00, 0x00, 0x08, 0xAA, 0x24, 0x00, 0x00, 0x08, 0xAA, 0x24, 0x00,
    0x00, 0x08, 0xAA, 0x24, 0x00, 0x01, 0x20, 0xB3, 0xA6, 0x85, 0x0D, 0xC5, 0xED, 0xFF, 0xFF, 0x00,
    0x00, 0x64, 0x14, 0x00, 0x00, 0x00, 0x64, 0x14, 0x00, 0x00, 0x00, 0x64, 0x14, 0x00, 0x00, 0x00,
    0x64, 0x14, 0x00, 0x00, 0x00, 0x0D, 0x02, 0x00, 0x00, 0x00, 0x47, 0x0E, 0x00, 0x00, 0x00, 0x64,
    0x14, 0x00, 0x00, 0x00, 0x64, 0x14, 0x00, 0x00, 0x00, 0x64, 0x14, 0x00, 0x07, 0x96, 0xC6, 0x31,
    0x15, 0x14, 0xFF, 0xFF, 0xCC, 0xAC, 0x00, 0x08, 0xAA, 0x24, 0x00, 0x00, 0x08, 0xAA, 0x24, 0x00,
    0x00, 0x08, 0xAA, 0x24, 0x00, 0x00, 0x08, 0xAA, 0x24, 0x00, 0x00, 0x01, 0x1A, 0x04, 0x00, 0x00,
    0x00, 0x4F, 0x10, 0x00, 0x00, 0x00, 0x64, 0x14, 0x00, 0x00, 0x00, 0x64, 0x14, 0x00, 0x00, 0x00,
    0x64, 0x14, 0x00, 0x02, 0x2D, 0xA2, 0xB6, 0x9A, 0x0B, 0xB7, 0xE9, 0xFF, 0xFD, 0x00, 0x08, 0xAA,
    0x24, 0x00, 0x00, 0x08, 0xAA, 0x24, 0x00, 0x00, 0x08, 0xAA, 0x24, 0x00, 0x00, 0x08, 0xAA, 0x24,
    0x00, 0x00, 0x00, 0x0B, 0x02, 0x00, 0x00, 0x05, 0x78, 0x18, 0x00, 0x00, 0x08, 0xAA, 0x24, 0x00,
    0x00, 0x08, 0xAA, 0x24, 0x00, 0x00, 0x08, 0xAA, 0x24, 0x00, 0x07, 0x98, 0xD3, 0xA6, 0x85, 0x14,
    0xFF, 0xFF, 0xFF, 0xFF, 0x00, 0x00, 0x64, 0x14, 0x00, 0x00, 0x00, 0x64, 0x14, 0x00, 0x00, 0x00,
    0x64, 0x14, 0x00, 0x00, 0x00, 0x64, 0x14, 0x00, 0x00, 0x00, 0x0D, 0x02, 0x00, 0x00, 0x00, 0x47,
    0x0E, 0x00, 0x00, 0x00, 0x64, 0x14, 0x00, 0x00, 0x00, 0x64, 0x14, 0x00, 0x00, 0x00, 0x64, 0x14,
    0x00, 0x07, 0x96, 0xC6, 0xA0, 0x85, 0x14, 0xFF, 0xFF, 0xFF, 0xFF, 0x00, 0x08, 0xAA, 0x24, 0x00,
    0x00, 0x08, 0xAA, 0x24, 0x00, 0x00, 0x08, 0xAA, 0x24, 0x00, 0x00, 0x08, 0xAA, 0x24, 0x00, 0x00,
    0x01, 0x1A, 0x04, 0x00, 0x00, 0x05, 0x84, 0x1B, 0x00, 0x00, 0x08, 0xAA, 0x24, 0x00, 0x00, 0x08,
    0xAA, 0x24, 0x00, 0x00, 0x08, 0xAA, 0x24, 0x00, 0x09, 0xAF, 0xDB, 0x4E, 0x2A, 0x12, 0xFF, 0xFF,
    0xBE, 0xA0, 0x00, 0x08, 0xAA, 0x24, 0x00, 0x00, 0x08, 0xAA, 0x24, 0x00, 0x00, 0x08, 0xAA, 0x24,
    0x00, 0x00, 0x08, 0xAA, 0x24, 0x00, 0x00, 0x00, 0x0B, 0x02, 0x00, 0x00, 0x05, 0x84, 0x1B, 0x00,
    0x00, 0x08, 0xAA, 0x24, 0x00, 0x00, 0x08, 0xAA, 0x24, 0x00, 0x00, 0x08, 0xAA, 0x24, 0x00, 0x02,
    0x37, 0xBC, 0xBB, 0x9A, 0x0B, 0xB7, 0xE9, 0xFF, 0xFD, 0x00, 0x08, 0xAA, 0x24, 0x00, 0x00, 0x08,
    0xAA, 0x24, 0x00, 0x00, 0x08, 0xAA, 0x24, 0x00, 0x00, 0x08, 0xAA, 0x24, 0x00, 0x00, 0x00, 0x0B,
    0x02, 0x00, 0x00, 0x05, 0x84, 0x1B, 0x00, 0x00, 0x08, 0xAA, 0x24, 0x00, 0x00, 0x08, 0xAA, 0x24,
    0x00, 0x00, 0x08, 0xAA, 0x24, 0x00, 0x09, 0xAF, 0xDB, 0xBB, 0x9A, 0x12, 0xFF, 0xFF, 0xFF, 0xFD,
    0x00, 0x08, 0xAA, 0x24, 0x00, 0x00, 0x08, 0xAA, 0x24, 0x00, 0x00, 0x08, 0xAA, 0x24, 0x00, 0x00,
    0x08, 0xAA, 0x24, 0x00, 0x00, 0x00, 0x0B, 0x02, 0x00, 0xB7, 0xD7, 0x88, 0xD7, 0x7C, 0x7F, 0x96,
    0x4F, 0x96, 0x48, 0xFF, 0xFF, 0xA1, 0xFF, 0xB1, 0xBE, 0xC8, 0xC8, 0x5A, 0x12, 0xC8, 0xC8, 0xC8,
    0x3C, 0x4F, 0xFF, 0x0A, 0x54, 0xFF, 0x0C, 0x54, 0xFF, 0x0C, 0x1F, 0x90, 0x04, 0x06, 0x1E, 0x00,
    0x54, 0xFF, 0x0C, 0x54, 0xFF, 0x0C, 0x54, 0xFF, 0x0C, 0x15, 0x60, 0x03, 0x0D, 0xD7, 0xD7, 0xD7,
    0xBF, 0x0D, 0xCD, 0xCD, 0xCD, 0xB6, 0x00, 0x0C, 0x0C, 0x0C, 0x0A, 0x9D, 0x5E, 0x3F, 0xC8, 0x90,
    0x60, 0xC8, 0x90, 0x60, 0xC8, 0x90, 0x60, 0xC8, 0x90, 0x60, 0xC8, 0x90, 0x60, 0xC8, 0x90, 0x60,
    0xC8, 0x90, 0x60, 0xC8, 0x90, 0x60, 0xC8, 0x90, 0x60, 0x0A, 0x06, 0x04, 0xFF, 0xD7, 0xBF, 0xFF,
    0xCD, 0xB6, 0xCA, 0x0C, 0x0A, 0xC8, 0x00, 0x00, 0xC8, 0x00, 0x00, 0xC8, 0x00, 0x00, 0x12, 0x00,
    0x00, 0xC8, 0xFD, 0xF1, 0xAB, 0xC8, 0x90, 0x60, 0x00, 0xC8, 0x90, 0x60, 0x00, 0xC8, 0x90, 0x60,
    0x00, 0xC8, 0x90, 0x60, 0x00, 0x28, 0x18, 0x10, 0x00, 0xC4, 0xD7, 0xD7, 0xBF, 0xC8, 0x57, 0xCD,
    0xB6, 0xC8, 0x8A, 0x79, 0x0A, 0xC8, 0x8A, 0x72, 0x00, 0xC8, 0x8A, 0x72, 0x00, 0xAB, 0x76, 0x61,
    0x00, 0x00, 0x13, 0xD7, 0xD7, 0xD8, 0x00, 0x12, 0xCD, 0xCD, 0xDA, 0x00, 0x00, 0x0C, 0x0C, 0xC8,
    0x00, 0x00, 0x00, 0x00, 0xC8, 0x00, 0x00, 0x00, 0x00, 0xC8, 0x00, 0x00, 0x00, 0x00, 0xC8, 0x00,
    0x00, 0x00, 0x00, 0x12, 0x0B, 0xB0, 0xFF, 0xDE, 0x60, 0x00, 0x00, 0xC8, 0x86, 0x60, 0x00, 0x00,
    0xC8, 0x86, 0x60, 0x00, 0x00, 0xC8, 0x86, 0x60, 0x00, 0x00, 0xC8, 0x86, 0x60, 0x00, 0x00, 0x28,
    0x16, 0x10, 0x1A, 0xB5, 0xD7, 0xDC, 0x5E, 0x19, 0xAC, 0xCD, 0x86, 0x60, 0x01, 0x0A, 0xCB, 0x86,
    0x60, 0x00, 0x00, 0xC8, 0x86, 0x60, 0x00, 0x00, 0xC8, 0x86, 0x60, 0x00, 0x00, 0xAB, 0x73, 0x52,
    0xA8, 0x00, 0x00, 0xC8, 0x00, 0x00, 0xC8, 0x00, 0x00, 0xC8, 0x00, 0x00, 0xFF, 0xD7, 0xBF, 0xFF,
    0xCD, 0xB6, 0x0A, 0x0C, 0x0A, 0x7F, 0x4C, 0x33, 0x00, 0xC8, 0x90, 0x60, 0x00, 0xC8, 0x90, 0x60,
    0x00, 0xC8, 0x90, 0x60, 0x00, 0xC8, 0x90, 0x60, 0x00, 0xA0, 0xD7, 0xD7, 0xAB, 0x96, 0x55, 0x46,
    0x00, 0xC8, 0x8A, 0x72, 0x00, 0xC8, 0x8A, 0x72, 0x00, 0xC8, 0x8A, 0x72, 0x00, 0xC8, 0x63, 0xD3,
    0xB6, 0xC8, 0xCD, 0xCD, 0xB6, 0x07, 0x0C, 0x0C, 0x0A, 0x00, 0x00, 0x00, 0x00, 0xA8, 0x00, 0x00,
    0x00, 0x00, 0xC8, 0x00, 0x00, 0x00, 0x00, 0xC8, 0x00, 0x00, 0x00, 0x00, 0xC8, 0x00, 0x13, 0xD7,
    0xD7, 0xDC, 0x00, 0x12, 0xCD, 0xCD, 0xDA, 0x00, 0x00, 0x0C, 0x0C, 0x07, 0x00, 0x00, 0x7F, 0x47,
    0x33, 0x00, 0x00, 0xC8, 0x86, 0x60, 0x00, 0x00, 0xC8, 0x86, 0x60, 0x00, 0x00, 0xC8, 0x86, 0x60,
    0x00, 0x00, 0xC8, 0x86, 0x60, 0x0B, 0xB0, 0xD7, 0xB9, 0x40, 0x00, 0x00, 0x96, 0x54, 0x3C, 0x00,
    0x00, 0xC8, 0x86, 0x60, 0x00, 0x00, 0xC8, 0x86, 0x60, 0x00, 0x00, 0xC8, 0x86, 0x60, 0x19, 0xAC,
    0xDC, 0x86, 0x60, 0x19, 0xAC, 0xCD, 0xD9, 0x60, 0x01, 0x0A, 0x0C, 0x0A, 0x03, 0x9D, 0x00, 0x00,
    0xC8, 0x00, 0x00, 0xC8, 0x00, 0x00, 0xC8, 0x00, 0x00, 0xFF, 0xD7, 0xBF, 0xEE, 0xA8, 0x94, 0xDC,
    0x5A, 0x4F, 0xC8, 0x00, 0x00, 0xC8, 0x00, 0x00, 0xC8, 0x00, 0x00, 0x0A, 0x00, 0x00, 0x9D, 0x5A,
    0x49, 0x00, 0xC8, 0x8A, 0x72, 0x00, 0xC8, 0x8A, 0x72, 0x00, 0xC8, 0x8A, 0x72, 0x00, 0xC8, 0x8A,
    0x93, 0x2A, 0xC8, 0x8A, 0xDD, 0xA0, 0xC8, 0x8A, 0x72, 0x00, 0xC8, 0x8A, 0x72, 0x00, 0xC8, 0x8A,
    0x72, 0x00, 0xC8, 0x8A, 0x72, 0x00, 0x0A, 0x06, 0x04, 0x00, 0x9D, 0x5A, 0x49, 0x00, 0xC8, 0x8A,
    0x72, 0x00, 0xC8, 0x8A, 0x72, 0x00, 0xC8, 0x8A, 0x72, 0x00, 0xC8, 0x78, 0xE9, 0xBF, 0xC8, 0x3C,
    0xA8, 0x94, 0xC8, 0x8A, 0xB1, 0x4F, 0xC8, 0x8A, 0x72, 0x00, 0xC8, 0x8A, 0x72, 0x00, 0xC8, 0x8A,
    0x72, 0x00, 0x0A, 0x06, 0x04, 0x00, 0x00, 0x00, 0x00, 0x00, 0x9D, 0x00, 0x00, 0x00, 0x00, 0xC8,
    0x00, 0x00, 0x00, 0x00, 0xC8, 0x00, 0x00, 0x00, 0x00, 0xC8, 0x00, 0x13, 0xD7, 0xD7, 0xDC, 0x00,
    0x0C, 0xA8, 0xA8, 0xD4, 0x00, 0x06, 0x5A, 0x5A, 0xCE, 0x00, 0x00, 0x00, 0x00, 0xC8, 0x00, 0x00,
    0x00, 0x00, 0xC8, 0x00, 0x00, 0x00, 0x00, 0xC8, 0x00, 0x00, 0x00, 0x00, 0x0A, 0x00, 0x00, 0x9D,
    0x58, 0x3F, 0x00, 0x00, 0xC8, 0x86, 0x60, 0x00, 0x00, 0xC8, 0x86, 0x60, 0x00, 0x00, 0xC8, 0x86,
    0x60, 0x04, 0x28, 0xD7, 0x86, 0x60, 0x16, 0x97, 0xFF, 0x86, 0x60, 0x00, 0x00, 0xC8, 0x86, 0x60,
    0x00, 0x00, 0xC8, 0x86, 0x60, 0x00, 0x00, 0xC8, 0x86, 0x60, 0x00, 0x00, 0xC8, 0x86, 0x60, 0x00,
    0x00, 0x0A, 0x06, 0x04, 0x00, 0x00, 0x9D, 0x58, 0x3F, 0x00, 0x00, 0xC8, 0x86, 0x60, 0x00, 0x00,
    0xC8, 0x86, 0x60, 0x00, 0x00, 0xC8, 0x86, 0x60, 0x1A, 0xB5, 0xFF, 0x86, 0x60, 0x11, 0x8C, 0xA8,
    0x86, 0x60, 0x09, 0x4B, 0xE3, 0x86, 0x60, 0x00, 0x00, 0xC8, 0x86, 0x60, 0x00, 0x00, 0xC8, 0x86,
    0x60, 0x00, 0x00, 0xC8, 0x86, 0x60, 0x00, 0x00, 0x0A, 0x06, 0x04, 0x0D, 0xD7, 0xD7, 0xD7, 0xBF,
    0x0D, 0xCD, 0xCD, 0xCD, 0xB6, 0x00, 0x0C, 0x6C, 0x1F, 0x0A, 0x00, 0x00, 0x64, 0x14, 0x00, 0x00,
    0x00, 0x64, 0x14, 0x00, 0x00, 0x00, 0x56, 0x11, 0x00, 0x0D, 0xDB, 0xFE, 0xFA, 0xBF, 0x00, 0x11,
    0x9D, 0x85, 0x00, 0x00, 0x11, 0x9D, 0x85, 0x00, 0x00, 0x11, 0x9D, 0x85, 0x00, 0x00, 0x11, 0x9D,
    0x85, 0x00, 0x00, 0x03, 0x1D, 0x16, 0x00, 0x0D, 0xD7, 0xD7, 0xD7, 0xBF, 0x0D, 0xCD, 0x94, 0xC2,
    0xB6, 0x00, 0x1C, 0x9F, 0x8C, 0x0A, 0x00, 0x11, 0x9D, 0x85, 0x00, 0x00, 0x11, 0x9D, 0x85, 0x00,
    0x00, 0x11, 0x95, 0x71, 0x00, 0x00, 0x00, 0x4B, 0x0F, 0x00, 0x00, 0x00, 0x64, 0x14, 0x00, 0x00,
    0x00, 0x64, 0x14, 0x00, 0x00, 0x00, 0x64, 0x14, 0x00, 0x0D, 0xCD, 0xD5, 0xCF, 0xB6, 0x0D, 0xCD,
    0xCD, 0xCD, 0xB6, 0x00, 0x0C, 0x0C, 0x0C, 0x0A, 0x00, 0x0B, 0x5C, 0x46, 0x00, 0x00, 0x11, 0x9D,
    0x85, 0x00, 0x00, 0x11, 0x9D, 0x85, 0x00, 0x00, 0x11, 0x9D, 0x85, 0x00, 0x00, 0x11, 0x9D, 0x85,
    0x00, 0x0D, 0xD7, 0xD7, 0xD7, 0xBF, 0x00, 0x0D, 0x6D, 0x53, 0x00, 0x00, 0x11, 0x9D, 0x85, 0x00,
    0x00, 0x11, 0x9D, 0x85, 0x00, 0x00, 0x11, 0x9D, 0x85, 0x00, 0x0D, 0xCE, 0xA0, 0xC9, 0xB6, 0x0D,
    0xCD, 0xCD, 0xCD, 0xB6, 0x00, 0x0C, 0x0C, 0x0C, 0x0A, 0x00, 0x00, 0x4F, 0x10, 0x00, 0x00, 0x00,
    0x64, 0x14, 0x00, 0x00, 0x00, 0x64, 0x14, 0x00, 0x00, 0x00, 0x64, 0x14, 0x00, 0x0D, 0xD7, 0xEB,
    0xDB, 0xBF, 0x08, 0xA8, 0xD2, 0xB0, 0x94, 0x04, 0x5A, 0x9F, 0x68, 0x4F, 0x00, 0x00, 0x64, 0x14,
    0x00, 0x00, 0x00, 0x64, 0x14, 0x00, 0x00, 0x00, 0x64, 0x14, 0x00, 0x00, 0x00, 0x05, 0x01, 0x00,
    0x00, 0x0D, 0x72, 0x56, 0x00, 0x00, 0x11, 0x9D, 0x85, 0x00, 0x00, 0x11, 0x9D, 0x85, 0x00, 0x00,
    0x11, 0x9D, 0x85, 0x00, 0x02, 0x3E, 0xB5, 0xA4, 0x2A, 0x0B, 0xBB, 0xF3, 0xE4, 0xA0, 0x00, 0x11,
    0x9D, 0x85, 0x00, 0x00, 0x11, 0x9D, 0x85, 0x00, 0x00, 0x11, 0x9D, 0x85, 0x00, 0x00, 0x11, 0x9D,
    0x85, 0x00, 0x00, 0x01, 0x08, 0x06, 0x00, 0x00, 0x0F, 0x76, 0x48, 0x00, 0x00, 0x14, 0xA9, 0x74,
    0x00, 0x00, 0x14, 0xA9, 0x74, 0x00, 0x00, 0x14, 0xA9, 0x74, 0x00, 0x1D, 0xCF, 0xA0, 0xC8, 0xB6,
    0x1D, 0xCD, 0x92, 0xC1, 0xB6, 0x01, 0x1F, 0xAB, 0x7B, 0x0A, 0x00, 0x14, 0xA9, 0x74, 0x00, 0x00,
    0x14, 0xA9, 0x74, 0x00, 0x00, 0x11, 0x91, 0x63, 0x00, 0xAE, 0xDA, 0xBF, 0xCB, 0x00, 0x00, 0xC8,
    0x00, 0x00, 0xC8, 0x00, 0x00, 0xC8, 0x00, 0x00, 0x28, 0x00, 0x00, 0x00, 0x13, 0xD7, 0xE1, 0x73,
    0x00, 0x00, 0x00, 0x03, 0xC8, 0x00, 0x00, 0x00, 0x00, 0xC8, 0x00, 0x00, 0x00, 0x00, 0xC8, 0x00,
    0x00, 0x00, 0x00, 0xC8, 0x00, 0x00, 0x00, 0x00, 0x28, 0x00, 0x00, 0x00, 0x00, 0x7F, 0x00, 0x00,
    0x00, 0x00, 0xC8, 0x00, 0x00, 0x00, 0x00, 0xC8, 0x00, 0x00, 0x00, 0x00, 0xC8, 0x00, 0x00, 0x00,
    0x24, 0xBF, 0x00, 0x13, 0xD7, 0xC4, 0x31, 0x7F, 0x00, 0x00, 0xC8, 0x00, 0x00, 0xC8, 0x00, 0x00,
    0xC8, 0x00, 0x00, 0xD4, 0x0F, 0x00, 0x58, 0xCE, 0xBF, 0x00, 0x00, 0x00, 0x55, 0x09, 0x00, 0x00,
    0x00, 0x80, 0x00, 0x00, 0x00, 0x00, 0x66, 0x00, 0x00, 0x00, 0x25, 0x4B, 0x00, 0x00, 0x00, 0xB0,
    0x16, 0x00, 0x00, 0x0E, 0xBE, 0x00, 0x00, 0x00, 0x46, 0x39, 0x00, 0x00, 0x00, 0x62, 0x00, 0x00,
    0x00, 0x00, 0x80, 0x00, 0x00, 0x00, 0x1D, 0x74, 0x00, 0x00, 0x00, 0x07, 0x06, 0x00, 0x00, 0x00,
    0x22, 0x43, 0x00, 0x00, 0x00, 0x00, 0x84, 0x00, 0x00, 0x00, 0x00, 0x82, 0x00, 0x00, 0x00, 0x00,
    0x56, 0x06, 0x00, 0x00, 0x00, 0x30, 0x93, 0x00, 0x00, 0x00, 0x00, 0xD7, 0x02, 0x00, 0x00, 0x00,
    0x79, 0x3A, 0x00, 0x00, 0x00, 0x01, 0x58, 0x00, 0x00, 0x00, 0x00, 0x86, 0x00, 0x00, 0x00, 0x00,
    0x80, 0x04, 0x00, 0x00, 0x00, 0x0A, 0x03, 0x24, 0x47, 0x00, 0x5B, 0x09, 0x00, 0x83, 0x00, 0x7F,
    0x00, 0x00, 0x80, 0x00, 0x65, 0x00, 0x00, 0x54, 0x2E, 0x4A, 0x00, 0x00, 0x2E, 0xFF, 0x15, 0x00,
    0x00, 0x10, 0xFF, 0x03, 0x00, 0x00, 0x47, 0xA0, 0x3D, 0x00, 0x00, 0x62, 0x00, 0x59, 0x00, 0x00,
    0x7F, 0x00, 0x87, 0x00, 0x1F, 0x71, 0x00, 0x7F, 0x06, 0x05, 0x04, 0x00, 0x05, 0x01, 0x00, 0x13,
    0xD7, 0xD7, 0x67, 0xA5, 0xC8, 0xC8, 0xC8, 0xC8, 0x0A, 0x90, 0xD7, 0xC5, 0xBB, 0xC8, 0xC8, 0xC8,
    0xC8, 0x0A, 0x00, 0x0A, 0x96, 0x96, 0x3C, 0x00, 0x1C, 0xFF, 0xFF, 0x94, 0x45, 0xFF, 0x09, 0x54,
    0xFF, 0x0C, 0x54, 0xFF, 0x0C, 0x54, 0xFF, 0x0C, 0x54, 0xFF, 0x0C, 0x03, 0x12, 0x00, 0x54, 0x96,
    0x8A, 0xAB, 0xFF, 0xFF, 0x40, 0xFA, 0x09, 0x54, 0xFF, 0x0C, 0x54, 0xFF, 0x0C, 0x54, 0xFF, 0x0C,
    0x54, 0xFF, 0x0C, 0x03, 0x12, 0x00, 0x00, 0x18, 0x36, 0x8F, 0x8A, 0x07, 0xC3, 0xDD, 0xFE, 0xFF,
    0x00, 0x9D, 0x00, 0x00, 0xC8, 0x00, 0x00, 0xC8, 0x00, 0x00, 0xC8, 0x00, 0x00, 0xC8, 0x00, 0x40,
    0xFF, 0x09, 0x54, 0xFF, 0x0C, 0x54, 0xFF, 0x0C, 0x54, 0xFF, 0x0C, 0x54, 0xFF, 0x0C, 0x03, 0x12,
    0x00, 0x07, 0x96, 0x75, 0x1E, 0x15, 0x14, 0xFF, 0xFB, 0xC8, 0xAC, 0x45, 0xFF, 0x09, 0x54, 0xFF,
    0x0C, 0x54, 0xFF, 0x0C, 0x54, 0xFF, 0x0C, 0x54, 0xFF, 0x0C, 0x03, 0xCD, 0x00, 0x00, 0xC8, 0x00,
    0x00, 0xC8, 0x00, 0x00, 0xC8, 0x00, 0x00, 0xAF, 0x00, 0xD4, 0xDC, 0xDC, 0xDC, 0xAF, 0xFF, 0xFF,
    0xFF, 0xFF, 0xFF, 0xFF, 0xFF, 0xFF, 0xFF, 0xFF, 0xFF, 0xFF, 0xFF, 0xFF, 0xFF, 0xFF, 0xFF, 0xFF,
    0xFF, 0xFF, 0x22, 0x24, 0x24, 0x24, 0x1C, 0xAB, 0xAE, 0xAE, 0xAE, 0x8D, 0xA8, 0x00, 0x00, 0x00,
    0xAE, 0xA8, 0x00, 0x00, 0x00, 0xAE, 0xA8, 0x00, 0x00, 0x00, 0xAE, 0xA8, 0x00, 0x00, 0x00, 0xAE,
    0xA8, 0xAE, 0xAE, 0xAE, 0x8A, 0x00, 0x00, 0x28, 0x00, 0x00, 0x00, 0x27, 0xFF, 0x06, 0x00, 0x00,
    0xB6, 0xFF, 0x94, 0x00, 0x27, 0xFF, 0xFF, 0xFF, 0x06, 0xB5, 0xFF, 0xFF, 0xFF, 0x94, 0x6A, 0x78,
    0x78, 0x78, 0x55, 0x54, 0x00, 0x00, 0x00, 0x00, 0xFF, 0xE9, 0x57, 0x00, 0x00, 0xFF, 0xFF, 0xFF,
    0xE8, 0x52, 0xFF, 0xFF, 0xFF, 0xB7, 0x27, 0xFF, 0xB9, 0x28, 0x00, 0x00, 0x24, 0x00, 0x00, 0x00,
    0x00, 0x99, 0xB4, 0xB4, 0xB4, 0x79, 0xBB, 0xFF, 0xFF, 0xFF, 0x76, 0x16, 0xFF, 0xFF, 0xFF, 0x00,
    0x00, 0xBE, 0xFF, 0x76, 0x00, 0x00, 0x16, 0xED, 0x00, 0x00, 0x00, 0x00, 0x12, 0x00, 0x00, 0x00,
    0x00, 0x00, 0x01, 0x51, 0x00, 0x01, 0x78, 0xFF, 0xFF, 0x73, 0xFF, 0xFF, 0xFF, 0xFF, 0x3F, 0xD3,
    0xFF, 0xFF, 0xFF, 0x00, 0x00, 0x40, 0xD4, 0xFC, 0x00, 0x00, 0x00, 0x00, 0x25, 0x00, 0x00, 0x52,
    0x00, 0x00, 0x00, 0xB1, 0xFF, 0x91, 0x00, 0xAD, 0xFF, 0xFF, 0xFF, 0x90, 0x99, 0xFF, 0xFF, 0xFF,
    0x63, 0x00, 0x9C, 0xFF, 0x63, 0x00, 0x00, 0x00, 0x24, 0x00, 0x00, 0x00, 0x00, 0x52, 0x00, 0x00,
    0x00, 0xA0, 0xA5, 0x8D, 0x00, 0xA0, 0x58, 0x00, 0x8B, 0x8E, 0x94, 0x84, 0x00, 0xB8, 0x63, 0x00,
    0x96, 0xCF, 0x63, 0x00, 0x00, 0x00, 0x24, 0x00, 0x00, 0x00, 0x5B, 0xA9, 0x3D, 0x00, 0x8A, 0x78,
    0x0D, 0xA3, 0x61, 0xA5, 0x00, 0x00, 0x00, 0xAB, 0xA5, 0x00, 0x00, 0x00, 0xAB, 0x88, 0x76, 0x0D,
    0xA3, 0x61, 0x00, 0x5B, 0xAC, 0x40, 0x00, 0x03, 0xA6, 0xC9, 0x7E, 0x00, 0xB5, 0xFF, 0xFF, 0xFF,
    0x97, 0xFF, 0xFF, 0xFF, 0xFF, 0xF2, 0xFF, 0xFF, 0xFF, 0xFF, 0xCF, 0x45, 0xFF, 0xFF, 0xFF, 0x24,
    0x00, 0x06, 0x28, 0x00, 0x00, 0x01, 0x06, 0x06, 0x06, 0x06, 0x01, 0x96, 0x8A, 0x8A, 0x8A, 0x8A,
    0x99, 0x8A, 0x00, 0x00, 0x00, 0x00, 0x8A, 0x8A, 0x00, 0x00, 0x00, 0x00, 0x8A, 0x8A, 0x00, 0x00,
    0x00, 0x00, 0x8A, 0x91, 0x8A, 0x8A, 0x8A, 0x8A, 0x94, 0x01, 0x06, 0x06, 0x06, 0x06, 0x03, 0xA3,
    0x90, 0x90, 0x90, 0x9C, 0xA5, 0x90, 0x00, 0x00, 0x51, 0x34, 0x90, 0x90, 0x00, 0x09, 0x91, 0x00,
    0x90, 0x90, 0x46, 0xE2, 0x24, 0x00, 0x90, 0xA3, 0x90, 0xAF, 0x90, 0x90, 0xA5, 0x01, 0x06, 0x06,
    0x06, 0x06, 0x03, 0x00, 0x00, 0x11, 0x17, 0x00, 0x00, 0x00, 0x1C, 0xD7, 0xD8, 0x82, 0x00, 0x00,
    0xB4, 0x99, 0x67, 0xDD, 0x34, 0x03, 0xF5, 0x5E, 0x80, 0xF2, 0x39, 0x03, 0xFF, 0x4E, 0x34, 0xFF,
    0x6F, 0x00, 0x48, 0xD5, 0xAA, 0xA6, 0x0C, 0x00, 0x13, 0xAD, 0xB3, 0x58, 0x00, 0x00, 0x00, 0x00,
    0x00, 0xA3, 0x1E, 0x00, 0x00, 0x00, 0xA2, 0xB1, 0x00, 0x00, 0x00, 0x42, 0xF8, 0x09, 0x00, 0x34,
    0xC1, 0xEE, 0x39, 0x00, 0x00, 0x0C, 0xFF, 0x8D, 0x00, 0x00, 0x00, 0x00, 0x07, 0x00, 0x00, 0x00,
    0x00, 0x00, 0x18, 0xAC, 0x04, 0xCB, 0x46, 0x00, 0x01, 0xFF, 0xD7, 0xA8, 0x00, 0x00, 0x00, 0xC4,
    0xFF, 0x03, 0x00, 0x00, 0x45, 0xFF, 0xFF, 0x48, 0x00, 0x0F, 0xFF, 0x70, 0x7F, 0xB5, 0x00, 0x6D,
    0xD0, 0x00, 0x00, 0x01, 0x00, 0x01, 0x03, 0x00, 0x00, 0x00, 0x00, 0x00, 0x04, 0x00, 0x00, 0x31,
    0x2A, 0x49, 0xFF, 0x2E, 0x31, 0xFF, 0xBB, 0x0F, 0xFF, 0xF3, 0xFF, 0xE7, 0x0A, 0x00, 0xBA, 0xFF,
    0xFF, 0x15, 0x00, 0x09, 0xEE, 0xFF, 0xFF, 0x60, 0x00, 0xAD, 0xFF, 0xAA, 0xFF, 0xFF, 0x00, 0xB1,
    0xA2, 0x00, 0x81, 0x48, 0x00, 0x00, 0x00, 0x00, 0x00, 0x00, 0x00, 0x2B, 0xFB, 0x00, 0x36, 0xFF,
    0x00, 0x36, 0xFF, 0x00, 0x84, 0xFF, 0x4B, 0x00, 0x2D, 0x00,
};
