// Auto-generated VLW font: ibmplex_bold_10
// Size: 25817 bytes (25.2 KB)
#pragma once
#include <pgmspace.h>

const uint8_t ibmplex_bold_10[] PROGMEM = {
    0x00, 0x00, 0x01, 0x65, 0x00, 0x00, 0x00, 0x06, 0x00, 0x00, 0x00, 0x0A, 0x00, 0x00, 0x00, 0x00,
    0x00, 0x00, 0x00, 0x0B, 0x00, 0x00, 0x00, 0x03, 0x00, 0x00, 0x00, 0x20, 0x00, 0x00, 0x00, 0x00,
    0x00, 0x00, 0x00, 0x00, 0x00, 0x00, 0x00, 0x06, 0x00, 0x00, 0x00, 0x00, 0x00, 0x00, 0x00, 0x00,
    0x00, 0x00, 0x00, 0x00, 0x00, 0x00, 0x00, 0x21, 0x00, 0x00, 0x00, 0x07, 0x00, 0x00, 0x00, 0x02,
    0x00, 0x00, 0x00, 0x06, 0x00, 0x00, 0x00, 0x07, 0x00, 0x00, 0x00, 0x02, 0x00, 0x00, 0x00, 0x00,
    0x00, 0x00, 0x00, 0x22, 0x00, 0x00, 0x00, 0x04, 0x00, 0x00, 0x00, 0x04, 0x00, 0x00, 0x00, 0x06,
    0x00, 0x00, 0x00, 0x07, 0x00, 0x00, 0x00, 0x01, 0x00, 0x00, 0x00, 0x00, 0x00, 0x00, 0x00, 0x23,
    0x00, 0x00, 0x00, 0x07, 0x00, 0x00, 0x00, 0x06, 0x00, 0x00, 0x00, 0x06, 0x00, 0x00, 0x00, 0x07,
    0x00, 0x00, 0x00, 0x00, 0x00, 0x00, 0x00, 0x00, 0x00, 0x00, 0x00, 0x24, 0x00, 0x00, 0x00, 0x09,
    0x00, 0x00, 0x00, 0x06, 0x00, 0x00, 0x00, 0x06, 0x00, 0x00, 0x00, 0x08, 0x00, 0x00, 0x00, 0x00,
    0x00, 0x00, 0x00, 0x00, 0x00, 0x00, 0x00, 0x25, 0x00, 0x00, 0x00, 0x07, 0x00, 0x00, 0x00, 0x06,
    0x00, 0x00, 0x00, 0x06, 0x00, 0x00, 0x00, 0x07, 0x00, 0x00, 0x00, 0x00, 0x00, 0x00, 0x00, 0x00,
    0x00, 0x00, 0x00, 0x26, 0x00, 0x00, 0x00, 0x07, 0x00, 0x00, 0x00, 0x06, 0x00, 0x00, 0x00, 0x06,
    0x00, 0x00, 0x00, 0x07, 0x00, 0x00, 0x00, 0x00, 0x00, 0x00, 0x00, 0x00, 0x00, 0x00, 0x00, 0x27,
    0x00, 0x00, 0x00, 0x04, 0x00, 0x00, 0x00, 0x02, 0x00, 0x00, 0x00, 0x06, 0x00, 0x00, 0x00, 0x07,
    0x00, 0x00, 0x00, 0x02, 0x00, 0x00, 0x00, 0x00, 0x00, 0x00, 0x00, 0x28, 0x00, 0x00, 0x00, 0x09,
    0x00, 0x00, 0x00, 0x05, 0x00, 0x00, 0x00, 0x06, 0x00, 0x00, 0x00, 0x07, 0x00, 0x00, 0x00, 0x01,
    0x00, 0x00, 0x00, 0x00, 0x00, 0x00, 0x00, 0x29, 0x00, 0x00, 0x00, 0x09, 0x00, 0x00, 0x00, 0x05,
    0x00, 0x00, 0x00, 0x06, 0x00, 0x00, 0x00, 0x07, 0x00, 0x00, 0x00, 0x00, 0x00, 0x00, 0x00, 0x00,
    0x00, 0x00, 0x00, 0x2A, 0x00, 0x00, 0x00, 0x05, 0x00, 0x00, 0x00, 0x06, 0x00, 0x00, 0x00, 0x06,
    0x00, 0x00, 0x00, 0x05, 0x00, 0x00, 0x00, 0x00, 0x00, 0x00, 0x00, 0x00, 0x00, 0x00, 0x00, 0x2B,
    0x00, 0x00, 0x00, 0x05, 0x00, 0x00, 0x00, 0x06, 0x00, 0x00, 0x00, 0x06, 0x00, 0x00, 0x00, 0x06,
    0x00, 0x00, 0x00, 0x00, 0x00, 0x00, 0x00, 0x00, 0x00, 0x00, 0x00, 0x2C, 0x00, 0x00, 0x00, 0x04,
    0x00, 0x00, 0x00, 0x04, 0x00, 0x00, 0x00, 0x06, 0x00, 0x00, 0x00, 0x03, 0x00, 0x00, 0x00, 0x01,
    0x00, 0x00, 0x00, 0x00, 0x00, 0x00, 0x00, 0x2D, 0x00, 0x00, 0x00, 0x03, 0x00, 0x00, 0x00, 0x04,
    0x00, 0x00, 0x00, 0x06, 0x00, 0x00, 0x00, 0x04, 0x00, 0x00, 0x00, 0x01, 0x00, 0x00, 0x00, 0x00,
    0x00, 0x00, 0x00, 0x2E, 0x00, 0x00, 0x00, 0x02, 0x00, 0x00, 0x00, 0x04, 0x00, 0x00, 0x00, 0x06,
    0x00, 0x00, 0x00, 0x02, 0x00, 0x00, 0x00, 0x01, 0x00, 0x00, 0x00, 0x00, 0x00, 0x00, 0x00, 0x2F,
    0x00, 0x00, 0x00, 0x09, 0x00, 0x00, 0x00, 0x06, 0x00, 0x00, 0x00, 0x06, 0x00, 0x00, 0x00, 0x07,
    0x00, 0x00, 0x00, 0x00, 0x00, 0x00, 0x00, 0x00, 0x00, 0x00, 0x00, 0x30, 0x00, 0x00, 0x00, 0x07,
    0x00, 0x00, 0x00, 0x06, 0x00, 0x00, 0x00, 0x06, 0x00, 0x00, 0x00, 0x07, 0x00, 0x00, 0x00, 0x00,
    0x00, 0x00, 0x00, 0x00, 0x00, 0x00, 0x00, 0x31, 0x00, 0x00, 0x00, 0x07, 0x00, 0x00, 0x00, 0x06,
    0x00, 0x00, 0x00, 0x06, 0x00, 0x00, 0x00, 0x07, 0x00, 0x00, 0x00, 0x00, 0x00, 0x00, 0x00, 0x00,
    0x00, 0x00, 0x00, 0x32, 0x00, 0x00, 0x00, 0x07, 0x00, 0x00, 0x00, 0x06, 0x00, 0x00, 0x00, 0x06,
    0x00, 0x00, 0x00, 0x07, 0x00, 0x00, 0x00, 0x00, 0x00, 0x00, 0x00, 0x00, 0x00, 0x00, 0x00, 0x33,
    0x00, 0x00, 0x00, 0x07, 0x00, 0x00, 0x00, 0x06, 0x00, 0x00, 0x00, 0x06, 0x00, 0x00, 0x00, 0x07,
    0x00, 0x00, 0x00, 0x00, 0x00, 0x00, 0x00, 0x00, 0x00, 0x00, 0x00, 0x34, 0x00, 0x00, 0x00, 0x07,
    0x00, 0x00, 0x00, 0x06, 0x00, 0x00, 0x00, 0x06, 0x00, 0x00, 0x00, 0x07, 0x00, 0x00, 0x00, 0x00,
    0x00, 0x00, 0x00, 0x00, 0x00, 0x00, 0x00, 0x35, 0x00, 0x00, 0x00, 0x07, 0x00, 0x00, 0x00, 0x06,
    0x00, 0x00, 0x00, 0x06, 0x00, 0x00, 0x00, 0x07, 0x00, 0x00, 0x00, 0x00, 0x00, 0x00, 0x00, 0x00,
    0x00, 0x00, 0x00, 0x36, 0x00, 0x00, 0x00, 0x07, 0x00, 0x00, 0x00, 0x06, 0x00, 0x00, 0x00, 0x06,
    0x00, 0x00, 0x00, 0x07, 0x00, 0x00, 0x00, 0x00, 0x00, 0x00, 0x00, 0x00, 0x00, 0x00, 0x00, 0x37,
    0x00, 0x00, 0x00, 0x07, 0x00, 0x00, 0x00, 0x06, 0x00, 0x00, 0x00, 0x06, 0x00, 0x00, 0x00, 0x07,
    0x00, 0x00, 0x00, 0x00, 0x00, 0x00, 0x00, 0x00, 0x00, 0x00, 0x00, 0x38, 0x00, 0x00, 0x00, 0x07,
    0x00, 0x00, 0x00, 0x06, 0x00, 0x00, 0x00, 0x06, 0x00, 0x00, 0x00, 0x07, 0x00, 0x00, 0x00, 0x00,
    0x00, 0x00, 0x00, 0x00, 0x00, 0x00, 0x00, 0x39, 0x00, 0x00, 0x00, 0x07, 0x00, 0x00, 0x00, 0x06,
    0x00, 0x00, 0x00, 0x06, 0x00, 0x00, 0x00, 0x07, 0x00, 0x00, 0x00, 0x00, 0x00, 0x00, 0x00, 0x00,
    0x00, 0x00, 0x00, 0x3A, 0x00, 0x00, 0x00, 0x05, 0x00, 0x00, 0x00, 0x04, 0x00, 0x00, 0x00, 0x06,
    0x00, 0x00, 0x00, 0x05, 0x00, 0x00, 0x00, 0x01, 0x00, 0x00, 0x00, 0x00, 0x00, 0x00, 0x00, 0x3B,
    0x00, 0x00, 0x00, 0x07, 0x00, 0x00, 0x00, 0x04, 0x00, 0x00, 0x00, 0x06, 0x00, 0x00, 0x00, 0x05,
    0x00, 0x00, 0x00, 0x01, 0x00, 0x00, 0x00, 0x00, 0x00, 0x00, 0x00, 0x3C, 0x00, 0x00, 0x00, 0x06,
    0x00, 0x00, 0x00, 0x06, 0x00, 0x00, 0x00, 0x06, 0x00, 0x00, 0x00, 0x06, 0x00, 0x00, 0x00, 0x00,
    0x00, 0x00, 0x00, 0x00, 0x00, 0x00, 0x00, 0x3D, 0x00, 0x00, 0x00, 0x04, 0x00, 0x00, 0x00, 0x06,
    0x00, 0x00, 0x00, 0x06, 0x00, 0x00, 0x00, 0x04, 0x00, 0x00, 0x00, 0x00, 0x00, 0x00, 0x00, 0x00,
    0x00, 0x00, 0x00, 0x3E, 0x00, 0x00, 0x00, 0x06, 0x00, 0x00, 0x00, 0x06, 0x00, 0x00, 0x00, 0x06,
    0x00, 0x00, 0x00, 0x06, 0x00, 0x00, 0x00, 0x00, 0x00, 0x00, 0x00, 0x00, 0x00, 0x00, 0x00, 0x3F,
    0x00, 0x00, 0x00, 0x07, 0x00, 0x00, 0x00, 0x06, 0x00, 0x00, 0x00, 0x06, 0x00, 0x00, 0x00, 0x07,
    0x00, 0x00, 0x00, 0x00, 0x00, 0x00, 0x00, 0x00, 0x00, 0x00, 0x00, 0x40, 0x00, 0x00, 0x00, 0x08,
    0x00, 0x00, 0x00, 0x06, 0x00, 0x00, 0x00, 0x06, 0x00, 0x00, 0x00, 0x07, 0x00, 0x00, 0x00, 0x00,
    0x00, 0x00, 0x00, 0x00, 0x00, 0x00, 0x00, 0x41, 0x00, 0x00, 0x00, 0x07, 0x00, 0x00, 0x00, 0x06,
    0x00, 0x00, 0x00, 0x06, 0x00, 0x00, 0x00, 0x07, 0x00, 0x00, 0x00, 0x00, 0x00, 0x00, 0x00, 0x00,
    0x00, 0x00, 0x00, 0x42, 0x00, 0x00, 0x00, 0x07, 0x00, 0x00, 0x00, 0x06, 0x00, 0x00, 0x00, 0x06,
    0x00, 0x00, 0x00, 0x07, 0x00, 0x00, 0x00, 0x00, 0x00, 0x00, 0x00, 0x00, 0x00, 0x00, 0x00, 0x43,
    0x00, 0x00, 0x00, 0x07, 0x00, 0x00, 0x00, 0x06, 0x00, 0x00, 0x00, 0x06, 0x00, 0x00, 0x00, 0x07,
    0x00, 0x00, 0x00, 0x00, 0x00, 0x00, 0x00, 0x00, 0x00, 0x00, 0x00, 0x44, 0x00, 0x00, 0x00, 0x07,
    0x00, 0x00, 0x00, 0x06, 0x00, 0x00, 0x00, 0x06, 0x00, 0x00, 0x00, 0x07, 0x00, 0x00, 0x00, 0x00,
    0x00, 0x00, 0x00, 0x00, 0x00, 0x00, 0x00, 0x45, 0x00, 0x00, 0x00, 0x07, 0x00, 0x00, 0x00, 0x06,
    0x00, 0x00, 0x00, 0x06, 0x00, 0x00, 0x00, 0x07, 0x00, 0x00, 0x00, 0x00, 0x00, 0x00, 0x00, 0x00,
    0x00, 0x00, 0x00, 0x46, 0x00, 0x00, 0x00, 0x07, 0x00, 0x00, 0x00, 0x06, 0x00, 0x00, 0x00, 0x06,
    0x00, 0x00, 0x00, 0x07, 0x00, 0x00, 0x00, 0x00, 0x00, 0x00, 0x00, 0x00, 0x00, 0x00, 0x00, 0x47,
    0x00, 0x00, 0x00, 0x07, 0x00, 0x00, 0x00, 0x06, 0x00, 0x00, 0x00, 0x06, 0x00, 0x00, 0x00, 0x07,
    0x00, 0x00, 0x00, 0x00, 0x00, 0x00, 0x00, 0x00, 0x00, 0x00, 0x00, 0x48, 0x00, 0x00, 0x00, 0x07,
    0x00, 0x00, 0x00, 0x06, 0x00, 0x00, 0x00, 0x06, 0x00, 0x00, 0x00, 0x07, 0x00, 0x00, 0x00, 0x00,
    0x00, 0x00, 0x00, 0x00, 0x00, 0x00, 0x00, 0x49, 0x00, 0x00, 0x00, 0x07, 0x00, 0x00, 0x00, 0x06,
    0x00, 0x00, 0x00, 0x06, 0x00, 0x00, 0x00, 0x07, 0x00, 0x00, 0x00, 0x00, 0x00, 0x00, 0x00, 0x00,
    0x00, 0x00, 0x00, 0x4A, 0x00, 0x00, 0x00, 0x07, 0x00, 0x00, 0x00, 0x06, 0x00, 0x00, 0x00, 0x06,
    0x00, 0x00, 0x00, 0x07, 0x00, 0x00, 0x00, 0x00, 0x00, 0x00, 0x00, 0x00, 0x00, 0x00, 0x00, 0x4B,
    0x00, 0x00, 0x00, 0x07, 0x00, 0x00, 0x00, 0x06, 0x00, 0x00, 0x00, 0x06, 0x00, 0x00, 0x00, 0x07,
    0x00, 0x00, 0x00, 0x00, 0x00, 0x00, 0x00, 0x00, 0x00, 0x00, 0x00, 0x4C, 0x00, 0x00, 0x00, 0x07,
    0x00, 0x00, 0x00, 0x06, 0x00, 0x00, 0x00, 0x06, 0x00, 0x00, 0x00, 0x07, 0x00, 0x00, 0x00, 0x00,
    0x00, 0x00, 0x00, 0x00, 0x00, 0x00, 0x00, 0x4D, 0x00, 0x00, 0x00, 0x07, 0x00, 0x00, 0x00, 0x06,
    0x00, 0x00, 0x00, 0x06, 0x00, 0x00, 0x00, 0x07, 0x00, 0x00, 0x00, 0x00, 0x00, 0x00, 0x00, 0x00,
    0x00, 0x00, 0x00, 0x4E, 0x00, 0x00, 0x00, 0x07, 0x00, 0x00, 0x00, 0x06, 0x00, 0x00, 0x00, 0x06,
    0x00, 0x00, 0x00, 0x07, 0x00, 0x00, 0x00, 0x00, 0x00, 0x00, 0x00, 0x00, 0x00, 0x00, 0x00, 0x4F,
    0x00, 0x00, 0x00, 0x07, 0x00, 0x00, 0x00, 0x06, 0x00, 0x00, 0x00, 0x06, 0x00, 0x00, 0x00, 0x07,
    0x00, 0x00, 0x00, 0x00, 0x00, 0x00, 0x00, 0x00, 0x00, 0x00, 0x00, 0x50, 0x00, 0x00, 0x00, 0x07,
    0x00, 0x00, 0x00, 0x06, 0x00, 0x00, 0x00, 0x06, 0x00, 0x00, 0x00, 0x07, 0x00, 0x00, 0x00, 0x00,
    0x00, 0x00, 0x00, 0x00, 0x00, 0x00, 0x00, 0x51, 0x00, 0x00, 0x00, 0x09, 0x00, 0x00, 0x00, 0x06,
    0x00, 0x00, 0x00, 0x06, 0x00, 0x00, 0x00, 0x07, 0x00, 0x00, 0x00, 0x00, 0x00, 0x00, 0x00, 0x00,
    0x00, 0x00, 0x00, 0x52, 0x00, 0x00, 0x00, 0x07, 0x00, 0x00, 0x00, 0x06, 0x00, 0x00, 0x00, 0x06,
    0x00, 0x00, 0x00, 0x07, 0x00, 0x00, 0x00, 0x00, 0x00, 0x00, 0x00, 0x00, 0x00, 0x00, 0x00, 0x53,
    0x00, 0x00, 0x00, 0x07, 0x00, 0x00, 0x00, 0x06, 0x00, 0x00, 0x00, 0x06, 0x00, 0x00, 0x00, 0x07,
    0x00, 0x00, 0x00, 0x00, 0x00, 0x00, 0x00, 0x00, 0x00, 0x00, 0x00, 0x54, 0x00, 0x00, 0x00, 0x07,
    0x00, 0x00, 0x00, 0x06, 0x00, 0x00, 0x00, 0x06, 0x00, 0x00, 0x00, 0x07, 0x00, 0x00, 0x00, 0x00,
    0x00, 0x00, 0x00, 0x00, 0x00, 0x00, 0x00, 0x55, 0x00, 0x00, 0x00, 0x07, 0x00, 0x00, 0x00, 0x06,
    0x00, 0x00, 0x00, 0x06, 0x00, 0x00, 0x00, 0x07, 0x00, 0x00, 0x00, 0x00, 0x00, 0x00, 0x00, 0x00,
    0x00, 0x00, 0x00, 0x56, 0x00, 0x00, 0x00, 0x07, 0x00, 0x00, 0x00, 0x06, 0x00, 0x00, 0x00, 0x06,
    0x00, 0x00, 0x00, 0x07, 0x00, 0x00, 0x00, 0x00, 0x00, 0x00, 0x00, 0x00, 0x00, 0x00, 0x00, 0x57,
    0x00, 0x00, 0x00, 0x07, 0x00, 0x00, 0x00, 0x06, 0x00, 0x00, 0x00, 0x06, 0x00, 0x00, 0x00, 0x07,
    0x00, 0x00, 0x00, 0x00, 0x00, 0x00, 0x00, 0x00, 0x00, 0x00, 0x00, 0x58, 0x00, 0x00, 0x00, 0x07,
    0x00, 0x00, 0x00, 0x06, 0x00, 0x00, 0x00, 0x06, 0x00, 0x00, 0x00, 0x07, 0x00, 0x00, 0x00, 0x00,
    0x00, 0x00, 0x00, 0x00, 0x00, 0x00, 0x00, 0x59, 0x00, 0x00, 0x00, 0x07, 0x00, 0x00, 0x00, 0x06,
    0x00, 0x00, 0x00, 0x06, 0x00, 0x00, 0x00, 0x07, 0x00, 0x00, 0x00, 0x00, 0x00, 0x00, 0x00, 0x00,
    0x00, 0x00, 0x00, 0x5A, 0x00, 0x00, 0x00, 0x07, 0x00, 0x00, 0x00, 0x06, 0x00, 0x00, 0x00, 0x06,
    0x00, 0x00, 0x00, 0x07, 0x00, 0x00, 0x00, 0x00, 0x00, 0x00, 0x00, 0x00, 0x00, 0x00, 0x00, 0x5B,
    0x00, 0x00, 0x00, 0x09, 0x00, 0x00, 0x00, 0x05, 0x00, 0x00, 0x00, 0x06, 0x00, 0x00, 0x00, 0x07,
    0x00, 0x00, 0x00, 0x01, 0x00, 0x00, 0x00, 0x00, 0x00, 0x00, 0x00, 0x5C, 0x00, 0x00, 0x00, 0x09,
    0x00, 0x00, 0x00, 0x06, 0x00, 0x00, 0x00, 0x06, 0x00, 0x00, 0x00, 0x07, 0x00, 0x00, 0x00, 0x00,
    0x00, 0x00, 0x00, 0x00, 0x00, 0x00, 0x00, 0x5D, 0x00, 0x00, 0x00, 0x09, 0x00, 0x00, 0x00, 0x05,
    0x00, 0x00, 0x00, 0x06, 0x00, 0x00, 0x00, 0x07, 0x00, 0x00, 0x00, 0x00, 0x00, 0x00, 0x00, 0x00,
    0x00, 0x00, 0x00, 0x5E, 0x00, 0x00, 0x00, 0x06, 0x00, 0x00, 0x00, 0x06, 0x00, 0x00, 0x00, 0x06,
    0x00, 0x00, 0x00, 0x08, 0x00, 0x00, 0x00, 0x00, 0x00, 0x00, 0x00, 0x00, 0x00, 0x00, 0x00, 0x5F,
    0x00, 0x00, 0x00, 0x02, 0x00, 0x00, 0x00, 0x06, 0x00, 0x00, 0x00, 0x06, 0xFF, 0xFF, 0xFF, 0xFF,
    0x00, 0x00, 0x00, 0x00, 0x00, 0x00, 0x00, 0x00, 0x00, 0x00, 0x00, 0x60, 0x00, 0x00, 0x00, 0x03,
    0x00, 0x00, 0x00, 0x03, 0x00, 0x00, 0x00, 0x06, 0x00, 0x00, 0x00, 0x08, 0x00, 0x00, 0x00, 0x01,
    0x00, 0x00, 0x00, 0x00, 0x00, 0x00, 0x00, 0x61, 0x00, 0x00, 0x00, 0x05, 0x00, 0x00, 0x00, 0x06,
    0x00, 0x00, 0x00, 0x06, 0x00, 0x00, 0x00, 0x05, 0x00, 0x00, 0x00, 0x00, 0x00, 0x00, 0x00, 0x00,
    0x00, 0x00, 0x00, 0x62, 0x00, 0x00, 0x00, 0x07, 0x00, 0x00, 0x00, 0x06, 0x00, 0x00, 0x00, 0x06,
    0x00, 0x00, 0x00, 0x07, 0x00, 0x00, 0x00, 0x00, 0x00, 0x00, 0x00, 0x00, 0x00, 0x00, 0x00, 0x63,
    0x00, 0x00, 0x00, 0x05, 0x00, 0x00, 0x00, 0x06, 0x00, 0x00, 0x00, 0x06, 0x00, 0x00, 0x00, 0x05,
    0x00, 0x00, 0x00, 0x00, 0x00, 0x00, 0x00, 0x00, 0x00, 0x00, 0x00, 0x64, 0x00, 0x00, 0x00, 0x07,
    0x00, 0x00, 0x00, 0x06, 0x00, 0x00, 0x00, 0x06, 0x00, 0x00, 0x00, 0x07, 0x00, 0x00, 0x00, 0x00,
    0x00, 0x00, 0x00, 0x00, 0x00, 0x00, 0x00, 0x65, 0x00, 0x00, 0x00, 0x05, 0x00, 0x00, 0x00, 0x06,
    0x00, 0x00, 0x00, 0x06, 0x00, 0x00, 0x00, 0x05, 0x00, 0x00, 0x00, 0x00, 0x00, 0x00, 0x00, 0x00,
    0x00, 0x00, 0x00, 0x66, 0x00, 0x00, 0x00, 0x07, 0x00, 0x00, 0x00, 0x06, 0x00, 0x00, 0x00, 0x06,
    0x00, 0x00, 0x00, 0x07, 0x00, 0x00, 0x00, 0x00, 0x00, 0x00, 0x00, 0x00, 0x00, 0x00, 0x00, 0x67,
    0x00, 0x00, 0x00, 0x08, 0x00, 0x00, 0x00, 0x06, 0x00, 0x00, 0x00, 0x06, 0x00, 0x00, 0x00, 0x06,
    0x00, 0x00, 0x00, 0x00, 0x00, 0x00, 0x00, 0x00, 0x00, 0x00, 0x00, 0x68, 0x00, 0x00, 0x00, 0x07,
    0x00, 0x00, 0x00, 0x06, 0x00, 0x00, 0x00, 0x06, 0x00, 0x00, 0x00, 0x07, 0x00, 0x00, 0x00, 0x00,
    0x00, 0x00, 0x00, 0x00, 0x00, 0x00, 0x00, 0x69, 0x00, 0x00, 0x00, 0x08, 0x00, 0x00, 0x00, 0x06,
    0x00, 0x00, 0x00, 0x06, 0x00, 0x00, 0x00, 0x08, 0x00, 0x00, 0x00, 0x00, 0x00, 0x00, 0x00, 0x00,
    0x00, 0x00, 0x00, 0x6A, 0x00, 0x00, 0x00, 0x0A, 0x00, 0x00, 0x00, 0x05, 0x00, 0x00, 0x00, 0x06,
    0x00, 0x00, 0x00, 0x08, 0x00, 0x00, 0x00, 0x00, 0x00, 0x00, 0x00, 0x00, 0x00, 0x00, 0x00, 0x6B,
    0x00, 0x00, 0x00, 0x07, 0x00, 0x00, 0x00, 0x06, 0x00, 0x00, 0x00, 0x06, 0x00, 0x00, 0x00, 0x07,
    0x00, 0x00, 0x00, 0x00, 0x00, 0x00, 0x00, 0x00, 0x00, 0x00, 0x00, 0x6C, 0x00, 0x00, 0x00, 0x07,
    0x00, 0x00, 0x00, 0x06, 0x00, 0x00, 0x00, 0x06, 0x00, 0x00, 0x00, 0x07, 0x00, 0x00, 0x00, 0x00,
    0x00, 0x00, 0x00, 0x00, 0x00, 0x00, 0x00, 0x6D, 0x00, 0x00, 0x00, 0x05, 0x00, 0x00, 0x00, 0x06,
    0x00, 0x00, 0x00, 0x06, 0x00, 0x00, 0x00, 0x05, 0x00, 0x00, 0x00, 0x00, 0x00, 0x00, 0x00, 0x00,
    0x00, 0x00, 0x00, 0x6E, 0x00, 0x00, 0x00, 0x05, 0x00, 0x00, 0x00, 0x06, 0x00, 0x00, 0x00, 0x06,
    0x00, 0x00, 0x00, 0x05, 0x00, 0x00, 0x00, 0x00, 0x00, 0x00, 0x00, 0x00, 0x00, 0x00, 0x00, 0x6F,
    0x00, 0x00, 0x00, 0x05, 0x00, 0x00, 0x00, 0x06, 0x00, 0x00, 0x00, 0x06, 0x00, 0x00, 0x00, 0x05,
    0x00, 0x00, 0x00, 0x00, 0x00, 0x00, 0x00, 0x00, 0x00, 0x00, 0x00, 0x70, 0x00, 0x00, 0x00, 0x07,
    0x00, 0x00, 0x00, 0x06, 0x00, 0x00, 0x00, 0x06, 0x00, 0x00, 0x00, 0x05, 0x00, 0x00, 0x00, 0x00,
    0x00, 0x00, 0x00, 0x00, 0x00, 0x00, 0x00, 0x71, 0x00, 0x00, 0x00, 0x07, 0x00, 0x00, 0x00, 0x06,
    0x00, 0x00, 0x00, 0x06, 0x00, 0x00, 0x00, 0x05, 0x00, 0x00, 0x00, 0x00, 0x00, 0x00, 0x00, 0x00,
    0x00, 0x00, 0x00, 0x72, 0x00, 0x00, 0x00, 0x05, 0x00, 0x00, 0x00, 0x06, 0x00, 0x00, 0x00, 0x06,
    0x00, 0x00, 0x00, 0x05, 0x00, 0x00, 0x00, 0x00, 0x00, 0x00, 0x00, 0x00, 0x00, 0x00, 0x00, 0x73,
    0x00, 0x00, 0x00, 0x05, 0x00, 0x00, 0x00, 0x06, 0x00, 0x00, 0x00, 0x06, 0x00, 0x00, 0x00, 0x05,
    0x00, 0x00, 0x00, 0x00, 0x00, 0x00, 0x00, 0x00, 0x00, 0x00, 0x00, 0x74, 0x00, 0x00, 0x00, 0x07,
    0x00, 0x00, 0x00, 0x06, 0x00, 0x00, 0x00, 0x06, 0x00, 0x00, 0x00, 0x07, 0x00, 0x00, 0x00, 0x00,
    0x00, 0x00, 0x00, 0x00, 0x00, 0x00, 0x00, 0x75, 0x00, 0x00, 0x00, 0x05, 0x00, 0x00, 0x00, 0x06,
    0x00, 0x00, 0x00, 0x06, 0x00, 0x00, 0x00, 0x05, 0x00, 0x00, 0x00, 0x00, 0x00, 0x00, 0x00, 0x00,
    0x00, 0x00, 0x00, 0x76, 0x00, 0x00, 0x00, 0x05, 0x00, 0x00, 0x00, 0x06, 0x00, 0x00, 0x00, 0x06,
    0x00, 0x00, 0x00, 0x05, 0x00, 0x00, 0x00, 0x00, 0x00, 0x00, 0x00, 0x00, 0x00, 0x00, 0x00, 0x77,
    0x00, 0x00, 0x00, 0x05, 0x00, 0x00, 0x00, 0x06, 0x00, 0x00, 0x00, 0x06, 0x00, 0x00, 0x00, 0x05,
    0x00, 0x00, 0x00, 0x00, 0x00, 0x00, 0x00, 0x00, 0x00, 0x00, 0x00, 0x78, 0x00, 0x00, 0x00, 0x05,
    0x00, 0x00, 0x00, 0x06, 0x00, 0x00, 0x00, 0x06, 0x00, 0x00, 0x00, 0x05, 0x00, 0x00, 0x00, 0x00,
    0x00, 0x00, 0x00, 0x00, 0x00, 0x00, 0x00, 0x79, 0x00, 0x00, 0x00, 0x07, 0x00, 0x00, 0x00, 0x06,
    0x00, 0x00, 0x00, 0x06, 0x00, 0x00, 0x00, 0x05, 0x00, 0x00, 0x00, 0x00, 0x00, 0x00, 0x00, 0x00,
    0x00, 0x00, 0x00, 0x7A, 0x00, 0x00, 0x00, 0x05, 0x00, 0x00, 0x00, 0x06, 0x00, 0x00, 0x00, 0x06,
    0x00, 0x00, 0x00, 0x05, 0x00, 0x00, 0x00, 0x00, 0x00, 0x00, 0x00, 0x00, 0x00, 0x00, 0x00, 0x7B,
    0x00, 0x00, 0x00, 0x09, 0x00, 0x00, 0x00, 0x06, 0x00, 0x00, 0x00, 0x06, 0x00, 0x00, 0x00, 0x07,
    0x00, 0x00, 0x00, 0x00, 0x00, 0x00, 0x00, 0x00, 0x00, 0x00, 0x00, 0x7C, 0x00, 0x00, 0x00, 0x09,
    0x00, 0x00, 0x00, 0x02, 0x00, 0x00, 0x00, 0x06, 0x00, 0x00, 0x00, 0x07, 0x00, 0x00, 0x00, 0x02,
    0x00, 0x00, 0x00, 0x00, 0x00, 0x00, 0x00, 0x7D, 0x00, 0x00, 0x00, 0x09, 0x00, 0x00, 0x00, 0x06,
    0x00, 0x00, 0x00, 0x06, 0x00, 0x00, 0x00, 0x07, 0x00, 0x00, 0x00, 0x00, 0x00, 0x00, 0x00, 0x00,
    0x00, 0x00, 0x00, 0x7E, 0x00, 0x00, 0x00, 0x03, 0x00, 0x00, 0x00, 0x06, 0x00, 0x00, 0x00, 0x06,
    0x00, 0x00, 0x00, 0x04, 0x00, 0x00, 0x00, 0x00, 0x00, 0x00, 0x00, 0x00, 0x00, 0x00, 0x00, 0xA0,
    0x00, 0x00, 0x00, 0x00, 0x00, 0x00, 0x00, 0x00, 0x00, 0x00, 0x00, 0x06, 0x00, 0x00, 0x00, 0x00,
    0x00, 0x00, 0x00, 0x00, 0x00, 0x00, 0x00, 0x00, 0x00, 0x00, 0x00, 0xA1, 0x00, 0x00, 0x00, 0x08,
    0x00, 0x00, 0x00, 0x02, 0x00, 0x00, 0x00, 0x06, 0x00, 0x00, 0x00, 0x06, 0x00, 0x00, 0x00, 0x02,
    0x00, 0x00, 0x00, 0x00, 0x00, 0x00, 0x00, 0xA2, 0x00, 0x00, 0x00, 0x08, 0x00, 0x00, 0x00, 0x06,
    0x00, 0x00, 0x00, 0x06, 0x00, 0x00, 0x00, 0x07, 0x00, 0x00, 0x00, 0x00, 0x00, 0x00, 0x00, 0x00,
    0x00, 0x00, 0x00, 0xA3, 0x00, 0x00, 0x00, 0x07, 0x00, 0x00, 0x00, 0x06, 0x00, 0x00, 0x00, 0x06,
    0x00, 0x00, 0x00, 0x07, 0x00, 0x00, 0x00, 0x00, 0x00, 0x00, 0x00, 0x00, 0x00, 0x00, 0x00, 0xA4,
    0x00, 0x00, 0x00, 0x07, 0x00, 0x00, 0x00, 0x06, 0x00, 0x00, 0x00, 0x06, 0x00, 0x00, 0x00, 0x07,
    0x00, 0x00, 0x00, 0x00, 0x00, 0x00, 0x00, 0x00, 0x00, 0x00, 0x00, 0xA5, 0x00, 0x00, 0x00, 0x07,
    0x00, 0x00, 0x00, 0x06, 0x00, 0x00, 0x00, 0x06, 0x00, 0x00, 0x00, 0x07, 0x00, 0x00, 0x00, 0x00,
    0x00, 0x00, 0x00, 0x00, 0x00, 0x00, 0x00, 0xA6, 0x00, 0x00, 0x00, 0x09, 0x00, 0x00, 0x00, 0x02,
    0x00, 0x00, 0x00, 0x06, 0x00, 0x00, 0x00, 0x07, 0x00, 0x00, 0x00, 0x02, 0x00, 0x00, 0x00, 0x00,
    0x00, 0x00, 0x00, 0xA7, 0x00, 0x00, 0x00, 0x08, 0x00, 0x00, 0x00, 0x06, 0x00, 0x00, 0x00, 0x06,
    0x00, 0x00, 0x00, 0x07, 0x00, 0x00, 0x00, 0x00, 0x00, 0x00, 0x00, 0x00, 0x00, 0x00, 0x00, 0xA8,
    0x00, 0x00, 0x00, 0x03, 0x00, 0x00, 0x00, 0x04, 0x00, 0x00, 0x00, 0x06, 0x00, 0x00, 0x00, 0x08,
    0x00, 0x00, 0x00, 0x01, 0x00, 0x00, 0x00, 0x00, 0x00, 0x00, 0x00, 0xA9, 0x00, 0x00, 0x00, 0x07,
    0x00, 0x00, 0x00, 0x06, 0x00, 0x00, 0x00, 0x06, 0x00, 0x00, 0x00, 0x07, 0x00, 0x00, 0x00, 0x00,
    0x00, 0x00, 0x00, 0x00, 0x00, 0x00, 0x00, 0xAA, 0x00, 0x00, 0x00, 0x04, 0x00, 0x00, 0x00, 0x04,
    0x00, 0x00, 0x00, 0x06, 0x00, 0x00, 0x00, 0x07, 0x00, 0x00, 0x00, 0x01, 0x00, 0x00, 0x00, 0x00,
    0x00, 0x00, 0x00, 0xAB, 0x00, 0x00, 0x00, 0x05, 0x00, 0x00, 0x00, 0x06, 0x00, 0x00, 0x00, 0x06,
    0x00, 0x00, 0x00, 0x05, 0x00, 0x00, 0x00, 0x00, 0x00, 0x00, 0x00, 0x00, 0x00, 0x00, 0x00, 0xAC,
    0x00, 0x00, 0x00, 0x04, 0x00, 0x00, 0x00, 0x06, 0x00, 0x00, 0x00, 0x06, 0x00, 0x00, 0x00, 0x03,
    0x00, 0x00, 0x00, 0x00, 0x00, 0x00, 0x00, 0x00, 0x00, 0x00, 0x00, 0xAD, 0x00, 0x00, 0x00, 0x03,
    0x00, 0x00, 0x00, 0x04, 0x00, 0x00, 0x00, 0x06, 0x00, 0x00, 0x00, 0x04, 0x00, 0x00, 0x00, 0x01,
    0x00, 0x00, 0x00, 0x00, 0x00, 0x00, 0x00, 0xAE, 0x00, 0x00, 0x00, 0x04, 0x00, 0x00, 0x00, 0x04,
    0x00, 0x00, 0x00, 0x06, 0x00, 0x00, 0x00, 0x07, 0x00, 0x00, 0x00, 0x01, 0x00, 0x00, 0x00, 0x00,
    0x00, 0x00, 0x00, 0xAF, 0x00, 0x00, 0x00, 0x01, 0x00, 0x00, 0x00, 0x04, 0x00, 0x00, 0x00, 0x06,
    0x00, 0x00, 0x00, 0x07, 0x00, 0x00, 0x00, 0x01, 0x00, 0x00, 0x00, 0x00, 0x00, 0x00, 0x00, 0xB0,
    0x00, 0x00, 0x00, 0x04, 0x00, 0x00, 0x00, 0x04, 0x00, 0x00, 0x00, 0x06, 0x00, 0x00, 0x00, 0x07,
    0x00, 0x00, 0x00, 0x01, 0x00, 0x00, 0x00, 0x00, 0x00, 0x00, 0x00, 0xB1, 0x00, 0x00, 0x00, 0x06,
    0x00, 0x00, 0x00, 0x06, 0x00, 0x00, 0x00, 0x06, 0x00, 0x00, 0x00, 0x06, 0x00, 0x00, 0x00, 0x00,
    0x00, 0x00, 0x00, 0x00, 0x00, 0x00, 0x00, 0xB2, 0x00, 0x00, 0x00, 0x04, 0x00, 0x00, 0x00, 0x04,
    0x00, 0x00, 0x00, 0x06, 0x00, 0x00, 0x00, 0x07, 0x00, 0x00, 0x00, 0x01, 0x00, 0x00, 0x00, 0x00,
    0x00, 0x00, 0x00, 0xB3, 0x00, 0x00, 0x00, 0x04, 0x00, 0x00, 0x00, 0x04, 0x00, 0x00, 0x00, 0x06,
    0x00, 0x00, 0x00, 0x07, 0x00, 0x00, 0x00, 0x01, 0x00, 0x00, 0x00, 0x00, 0x00, 0x00, 0x00, 0xB4,
    0x00, 0x00, 0x00, 0x03, 0x00, 0x00, 0x00, 0x03, 0x00, 0x00, 0x00, 0x06, 0x00, 0x00, 0x00, 0x08,
    0x00, 0x00, 0x00, 0x02, 0x00, 0x00, 0x00, 0x00, 0x00, 0x00, 0x00, 0xB5, 0x00, 0x00, 0x00, 0x07,
    0x00, 0x00, 0x00, 0x06, 0x00, 0x00, 0x00, 0x06, 0x00, 0x00, 0x00, 0x05, 0x00, 0x00, 0x00, 0x00,
    0x00, 0x00, 0x00, 0x00, 0x00, 0x00, 0x00, 0xB6, 0x00, 0x00, 0x00, 0x09, 0x00, 0x00, 0x00, 0x06,
    0x00, 0x00, 0x00, 0x06, 0x00, 0x00, 0x00, 0x07, 0x00, 0x00, 0x00, 0x00, 0x00, 0x00, 0x00, 0x00,
    0x00, 0x00, 0x00, 0xB7, 0x00, 0x00, 0x00, 0x02, 0x00, 0x00, 0x00, 0x04, 0x00, 0x00, 0x00, 0x06,
    0x00, 0x00, 0x00, 0x04, 0x00, 0x00, 0x00, 0x01, 0x00, 0x00, 0x00, 0x00, 0x00, 0x00, 0x00, 0xB8,
    0x00, 0x00, 0x00, 0x03, 0x00, 0x00, 0x00, 0x04, 0x00, 0x00, 0x00, 0x06, 0x00, 0x00, 0x00, 0x01,
    0x00, 0x00, 0x00, 0x01, 0x00, 0x00, 0x00, 0x00, 0x00, 0x00, 0x00, 0xB9, 0x00, 0x00, 0x00, 0x04,
    0x00, 0x00, 0x00, 0x04, 0x00, 0x00, 0x00, 0x06, 0x00, 0x00, 0x00, 0x07, 0x00, 0x00, 0x00, 0x01,
    0x00, 0x00, 0x00, 0x00, 0x00, 0x00, 0x00, 0xBA, 0x00, 0x00, 0x00, 0x04, 0x00, 0x00, 0x00, 0x04,
    0x00, 0x00, 0x00, 0x06, 0x00, 0x00, 0x00, 0x07, 0x00, 0x00, 0x00, 0x01, 0x00, 0x00, 0x00, 0x00,
    0x00, 0x00, 0x00, 0xBB, 0x00, 0x00, 0x00, 0x05, 0x00, 0x00, 0x00, 0x06, 0x00, 0x00, 0x00, 0x06,
    0x00, 0x00, 0x00, 0x05, 0x00, 0x00, 0x00, 0x00, 0x00, 0x00, 0x00, 0x00, 0x00, 0x00, 0x00, 0xBC,
    0x00, 0x00, 0x00, 0x08, 0x00, 0x00, 0x00, 0x06, 0x00, 0x00, 0x00, 0x06, 0x00, 0x00, 0x00, 0x07,
    0x00, 0x00, 0x00, 0x00, 0x00, 0x00, 0x00, 0x00, 0x00, 0x00, 0x00, 0xBD, 0x00, 0x00, 0x00, 0x07,
    0x00, 0x00, 0x00, 0x06, 0x00, 0x00, 0x00, 0x06, 0x00, 0x00, 0x00, 0x07, 0x00, 0x00, 0x00, 0x00,
    0x00, 0x00, 0x00, 0x00, 0x00, 0x00, 0x00, 0xBE, 0x00, 0x00, 0x00, 0x07, 0x00, 0x00, 0x00, 0x06,
    0x00, 0x00, 0x00, 0x06, 0x00, 0x00, 0x00, 0x06, 0x00, 0x00, 0x00, 0x00, 0x00, 0x00, 0x00, 0x00,
    0x00, 0x00, 0x00, 0xBF, 0x00, 0x00, 0x00, 0x07, 0x00, 0x00, 0x00, 0x06, 0x00, 0x00, 0x00, 0x06,
    0x00, 0x00, 0x00, 0x05, 0x00, 0x00, 0x00, 0x00, 0x00, 0x00, 0x00, 0x00, 0x00, 0x00, 0x00, 0xC0,
    0x00, 0x00, 0x00, 0x0B, 0x00, 0x00, 0x00, 0x06, 0x00, 0x00, 0x00, 0x06, 0x00, 0x00, 0x00, 0x0B,
    0x00, 0x00, 0x00, 0x00, 0x00, 0x00, 0x00, 0x00, 0x00, 0x00, 0x00, 0xC1, 0x00, 0x00, 0x00, 0x0B,
    0x00, 0x00, 0x00, 0x06, 0x00, 0x00, 0x00, 0x06, 0x00, 0x00, 0x00, 0x0B, 0x00, 0x00, 0x00, 0x00,
    0x00, 0x00, 0x00, 0x00, 0x00, 0x00, 0x00, 0xC2, 0x00, 0x00, 0x00, 0x0A, 0x00, 0x00, 0x00, 0x06,
    0x00, 0x00, 0x00, 0x06, 0x00, 0x00, 0x00, 0x0A, 0x00, 0x00, 0x00, 0x00, 0x00, 0x00, 0x00, 0x00,
    0x00, 0x00, 0x00, 0xC3, 0x00, 0x00, 0x00, 0x0B, 0x00, 0x00, 0x00, 0x06, 0x00, 0x00, 0x00, 0x06,
    0x00, 0x00, 0x00, 0x0B, 0x00, 0x00, 0x00, 0x00, 0x00, 0x00, 0x00, 0x00, 0x00, 0x00, 0x00, 0xC4,
    0x00, 0x00, 0x00, 0x0A, 0x00, 0x00, 0x00, 0x06, 0x00, 0x00, 0x00, 0x06, 0x00, 0x00, 0x00, 0x0A,
    0x00, 0x00, 0x00, 0x00, 0x00, 0x00, 0x00, 0x00, 0x00, 0x00, 0x00, 0xC5, 0x00, 0x00, 0x00, 0x0B,
    0x00, 0x00, 0x00, 0x06, 0x00, 0x00, 0x00, 0x06, 0x00, 0x00, 0x00, 0x0B, 0x00, 0x00, 0x00, 0x00,
    0x00, 0x00, 0x00, 0x00, 0x00, 0x00, 0x00, 0xC6, 0x00, 0x00, 0x00, 0x07, 0x00, 0x00, 0x00, 0x06,
    0x00, 0x00, 0x00, 0x06, 0x00, 0x00, 0x00, 0x07, 0x00, 0x00, 0x00, 0x00, 0x00, 0x00, 0x00, 0x00,
    0x00, 0x00, 0x00, 0xC7, 0x00, 0x00, 0x00, 0x09, 0x00, 0x00, 0x00, 0x06, 0x00, 0x00, 0x00, 0x06,
    0x00, 0x00, 0x00, 0x07, 0x00, 0x00, 0x00, 0x00, 0x00, 0x00, 0x00, 0x00, 0x00, 0x00, 0x00, 0xC8,
    0x00, 0x00, 0x00, 0x0B, 0x00, 0x00, 0x00, 0x06, 0x00, 0x00, 0x00, 0x06, 0x00, 0x00, 0x00, 0x0B,
    0x00, 0x00, 0x00, 0x00, 0x00, 0x00, 0x00, 0x00, 0x00, 0x00, 0x00, 0xC9, 0x00, 0x00, 0x00, 0x0B,
    0x00, 0x00, 0x00, 0x06, 0x00, 0x00, 0x00, 0x06, 0x00, 0x00, 0x00, 0x0B, 0x00, 0x00, 0x00, 0x00,
    0x00, 0x00, 0x00, 0x00, 0x00, 0x00, 0x00, 0xCA, 0x00, 0x00, 0x00, 0x0A, 0x00, 0x00, 0x00, 0x06,
    0x00, 0x00, 0x00, 0x06, 0x00, 0x00, 0x00, 0x0A, 0x00, 0x00, 0x00, 0x00, 0x00, 0x00, 0x00, 0x00,
    0x00, 0x00, 0x00, 0xCB, 0x00, 0x00, 0x00, 0x0A, 0x00, 0x00, 0x00, 0x06, 0x00, 0x00, 0x00, 0x06,
    0x00, 0x00, 0x00, 0x0A, 0x00, 0x00, 0x00, 0x00, 0x00, 0x00, 0x00, 0x00, 0x00, 0x00, 0x00, 0xCC,
    0x00, 0x00, 0x00, 0x0B, 0x00, 0x00, 0x00, 0x06, 0x00, 0x00, 0x00, 0x06, 0x00, 0x00, 0x00, 0x0B,
    0x00, 0x00, 0x00, 0x00, 0x00, 0x00, 0x00, 0x00, 0x00, 0x00, 0x00, 0xCD, 0x00, 0x00, 0x00, 0x0B,
    0x00, 0x00, 0x00, 0x06, 0x00, 0x00, 0x00, 0x06, 0x00, 0x00, 0x00, 0x0B, 0x00, 0x00, 0x00, 0x00,
    0x00, 0x00, 0x00, 0x00, 0x00, 0x00, 0x00, 0xCE, 0x00, 0x00, 0x00, 0x0A, 0x00, 0x00, 0x00, 0x06,
    0x00, 0x00, 0x00, 0x06, 0x00, 0x00, 0x00, 0x0A, 0x00, 0x00, 0x00, 0x00, 0x00, 0x00, 0x00, 0x00,
    0x00, 0x00, 0x00, 0xCF, 0x00, 0x00, 0x00, 0x0A, 0x00, 0x00, 0x00, 0x06, 0x00, 0x00, 0x00, 0x06,
    0x00, 0x00, 0x00, 0x0A, 0x00, 0x00, 0x00, 0x00, 0x00, 0x00, 0x00, 0x00, 0x00, 0x00, 0x00, 0xD0,
    0x00, 0x00, 0x00, 0x07, 0x00, 0x00, 0x00, 0x06, 0x00, 0x00, 0x00, 0x06, 0x00, 0x00, 0x00, 0x07,
    0x00, 0x00, 0x00, 0x00, 0x00, 0x00, 0x00, 0x00, 0x00, 0x00, 0x00, 0xD1, 0x00, 0x00, 0x00, 0x0B,
    0x00, 0x00, 0x00, 0x06, 0x00, 0x00, 0x00, 0x06, 0x00, 0x00, 0x00, 0x0B, 0x00, 0x00, 0x00, 0x00,
    0x00, 0x00, 0x00, 0x00, 0x00, 0x00, 0x00, 0xD2, 0x00, 0x00, 0x00, 0x0B, 0x00, 0x00, 0x00, 0x06,
    0x00, 0x00, 0x00, 0x06, 0x00, 0x00, 0x00, 0x0B, 0x00, 0x00, 0x00, 0x00, 0x00, 0x00, 0x00, 0x00,
    0x00, 0x00, 0x00, 0xD3, 0x00, 0x00, 0x00, 0x0B, 0x00, 0x00, 0x00, 0x06, 0x00, 0x00, 0x00, 0x06,
    0x00, 0x00, 0x00, 0x0B, 0x00, 0x00, 0x00, 0x00, 0x00, 0x00, 0x00, 0x00, 0x00, 0x00, 0x00, 0xD4,
    0x00, 0x00, 0x00, 0x0A, 0x00, 0x00, 0x00, 0x06, 0x00, 0x00, 0x00, 0x06, 0x00, 0x00, 0x00, 0x0A,
    0x00, 0x00, 0x00, 0x00, 0x00, 0x00, 0x00, 0x00, 0x00, 0x00, 0x00, 0xD5, 0x00, 0x00, 0x00, 0x0B,
    0x00, 0x00, 0x00, 0x06, 0x00, 0x00, 0x00, 0x06, 0x00, 0x00, 0x00, 0x0B, 0x00, 0x00, 0x00, 0x00,
    0x00, 0x00, 0x00, 0x00, 0x00, 0x00, 0x00, 0xD6, 0x00, 0x00, 0x00, 0x0A, 0x00, 0x00, 0x00, 0x06,
    0x00, 0x00, 0x00, 0x06, 0x00, 0x00, 0x00, 0x0A, 0x00, 0x00, 0x00, 0x00, 0x00, 0x00, 0x00, 0x00,
    0x00, 0x00, 0x00, 0xD7, 0x00, 0x00, 0x00, 0x06, 0x00, 0x00, 0x00, 0x06, 0x00, 0x00, 0x00, 0x06,
    0x00, 0x00, 0x00, 0x06, 0x00, 0x00, 0x00, 0x00, 0x00, 0x00, 0x00, 0x00, 0x00, 0x00, 0x00, 0xD8,
    0x00, 0x00, 0x00, 0x09, 0x00, 0x00, 0x00, 0x06, 0x00, 0x00, 0x00, 0x06, 0x00, 0x00, 0x00, 0x08,
    0x00, 0x00, 0x00, 0x00, 0x00, 0x00, 0x00, 0x00, 0x00, 0x00, 0x00, 0xD9, 0x00, 0x00, 0x00, 0x0B,
    0x00, 0x00, 0x00, 0x06, 0x00, 0x00, 0x00, 0x06, 0x00, 0x00, 0x00, 0x0B, 0x00, 0x00, 0x00, 0x00,
    0x00, 0x00, 0x00, 0x00, 0x00, 0x00, 0x00, 0xDA, 0x00, 0x00, 0x00, 0x0B, 0x00, 0x00, 0x00, 0x06,
    0x00, 0x00, 0x00, 0x06, 0x00, 0x00, 0x00, 0x0B, 0x00, 0x00, 0x00, 0x00, 0x00, 0x00, 0x00, 0x00,
    0x00, 0x00, 0x00, 0xDB, 0x00, 0x00, 0x00, 0x0A, 0x00, 0x00, 0x00, 0x06, 0x00, 0x00, 0x00, 0x06,
    0x00, 0x00, 0x00, 0x0A, 0x00, 0x00, 0x00, 0x00, 0x00, 0x00, 0x00, 0x00, 0x00, 0x00, 0x00, 0xDC,
    0x00, 0x00, 0x00, 0x0A, 0x00, 0x00, 0x00, 0x06, 0x00, 0x00, 0x00, 0x06, 0x00, 0x00, 0x00, 0x0A,
    0x00, 0x00, 0x00, 0x00, 0x00, 0x00, 0x00, 0x00, 0x00, 0x00, 0x00, 0xDD, 0x00, 0x00, 0x00, 0x0B,
    0x00, 0x00, 0x00, 0x06, 0x00, 0x00, 0x00, 0x06, 0x00, 0x00, 0x00, 0x0B, 0x00, 0x00, 0x00, 0x00,
    0x00, 0x00, 0x00, 0x00, 0x00, 0x00, 0x00, 0xDE, 0x00, 0x00, 0x00, 0x07, 0x00, 0x00, 0x00, 0x06,
    0x00, 0x00, 0x00, 0x06, 0x00, 0x00, 0x00, 0x07, 0x00, 0x00, 0x00, 0x00, 0x00, 0x00, 0x00, 0x00,
    0x00, 0x00, 0x00, 0xDF, 0x00, 0x00, 0x00, 0x09, 0x00, 0x00, 0x00, 0x06, 0x00, 0x00, 0x00, 0x06,
    0x00, 0x00, 0x00, 0x07, 0x00, 0x00, 0x00, 0x00, 0x00, 0x00, 0x00, 0x00, 0x00, 0x00, 0x00, 0xE0,
    0x00, 0x00, 0x00, 0x09, 0x00, 0x00, 0x00, 0x06, 0x00, 0x00, 0x00, 0x06, 0x00, 0x00, 0x00, 0x09,
    0x00, 0x00, 0x00, 0x00, 0x00, 0x00, 0x00, 0x00, 0x00, 0x00, 0x00, 0xE1, 0x00, 0x00, 0x00, 0x09,
    0x00, 0x00, 0x00, 0x06, 0x00, 0x00, 0x00, 0x06, 0x00, 0x00, 0x00, 0x09, 0x00, 0x00, 0x00, 0x00,
    0x00, 0x00, 0x00, 0x00, 0x00, 0x00, 0x00, 0xE2, 0x00, 0x00, 0x00, 0x09, 0x00, 0x00, 0x00, 0x06,
    0x00, 0x00, 0x00, 0x06, 0x00, 0x00, 0x00, 0x09, 0x00, 0x00, 0x00, 0x00, 0x00, 0x00, 0x00, 0x00,
    0x00, 0x00, 0x00, 0xE3, 0x00, 0x00, 0x00, 0x09, 0x00, 0x00, 0x00, 0x06, 0x00, 0x00, 0x00, 0x06,
    0x00, 0x00, 0x00, 0x09, 0x00, 0x00, 0x00, 0x00, 0x00, 0x00, 0x00, 0x00, 0x00, 0x00, 0x00, 0xE4,
    0x00, 0x00, 0x00, 0x08, 0x00, 0x00, 0x00, 0x06, 0x00, 0x00, 0x00, 0x06, 0x00, 0x00, 0x00, 0x08,
    0x00, 0x00, 0x00, 0x00, 0x00, 0x00, 0x00, 0x00, 0x00, 0x00, 0x00, 0xE5, 0x00, 0x00, 0x00, 0x09,
    0x00, 0x00, 0x00, 0x06, 0x00, 0x00, 0x00, 0x06, 0x00, 0x00, 0x00, 0x09, 0x00, 0x00, 0x00, 0x00,
    0x00, 0x00, 0x00, 0x00, 0x00, 0x00, 0x00, 0xE6, 0x00, 0x00, 0x00, 0x05, 0x00, 0x00, 0x00, 0x06,
    0x00, 0x00, 0x00, 0x06, 0x00, 0x00, 0x00, 0x05, 0x00, 0x00, 0x00, 0x00, 0x00, 0x00, 0x00, 0x00,
    0x00, 0x00, 0x00, 0xE7, 0x00, 0x00, 0x00, 0x07, 0x00, 0x00, 0x00, 0x06, 0x00, 0x00, 0x00, 0x06,
    0x00, 0x00, 0x00, 0x05, 0x00, 0x00, 0x00, 0x00, 0x00, 0x00, 0x00, 0x00, 0x00, 0x00, 0x00, 0xE8,
    0x00, 0x00, 0x00, 0x09, 0x00, 0x00, 0x00, 0x06, 0x00, 0x00, 0x00, 0x06, 0x00, 0x00, 0x00, 0x09,
    0x00, 0x00, 0x00, 0x00, 0x00, 0x00, 0x00, 0x00, 0x00, 0x00, 0x00, 0xE9, 0x00, 0x00, 0x00, 0x09,
    0x00, 0x00, 0x00, 0x06, 0x00, 0x00, 0x00, 0x06, 0x00, 0x00, 0x00, 0x09, 0x00, 0x00, 0x00, 0x00,
    0x00, 0x00, 0x00, 0x00, 0x00, 0x00, 0x00, 0xEA, 0x00, 0x00, 0x00, 0x09, 0x00, 0x00, 0x00, 0x06,
    0x00, 0x00, 0x00, 0x06, 0x00, 0x00, 0x00, 0x09, 0x00, 0x00, 0x00, 0x00, 0x00, 0x00, 0x00, 0x00,
    0x00, 0x00, 0x00, 0xEB, 0x00, 0x00, 0x00, 0x08, 0x00, 0x00, 0x00, 0x06, 0x00, 0x00, 0x00, 0x06,
    0x00, 0x00, 0x00, 0x08, 0x00, 0x00, 0x00, 0x00, 0x00, 0x00, 0x00, 0x00, 0x00, 0x00, 0x00, 0xEC,
    0x00, 0x00, 0x00, 0x09, 0x00, 0x00, 0x00, 0x06, 0x00, 0x00, 0x00, 0x06, 0x00, 0x00, 0x00, 0x09,
    0x00, 0x00, 0x00, 0x00, 0x00, 0x00, 0x00, 0x00, 0x00, 0x00, 0x00, 0xED, 0x00, 0x00, 0x00, 0x09,
    0x00, 0x00, 0x00, 0x06, 0x00, 0x00, 0x00, 0x06, 0x00, 0x00, 0x00, 0x09, 0x00, 0x00, 0x00, 0x00,
    0x00, 0x00, 0x00, 0x00, 0x00, 0x00, 0x00, 0xEE, 0x00, 0x00, 0x00, 0x09, 0x00, 0x00, 0x00, 0x06,
    0x00, 0x00, 0x00, 0x06, 0x00, 0x00, 0x00, 0x09, 0x00, 0x00, 0x00, 0x00, 0x00, 0x00, 0x00, 0x00,
    0x00, 0x00, 0x00, 0xEF, 0x00, 0x00, 0x00, 0x08, 0x00, 0x00, 0x00, 0x06, 0x00, 0x00, 0x00, 0x06,
    0x00, 0x00, 0x00, 0x08, 0x00, 0x00, 0x00, 0x00, 0x00, 0x00, 0x00, 0x00, 0x00, 0x00, 0x00, 0xF0,
    0x00, 0x00, 0x00, 0x08, 0x00, 0x00, 0x00, 0x06, 0x00, 0x00, 0x00, 0x06, 0x00, 0x00, 0x00, 0x08,
    0x00, 0x00, 0x00, 0x00, 0x00, 0x00, 0x00, 0x00, 0x00, 0x00, 0x00, 0xF1, 0x00, 0x00, 0x00, 0x09,
    0x00, 0x00, 0x00, 0x06, 0x00, 0x00, 0x00, 0x06, 0x00, 0x00, 0x00, 0x09, 0x00, 0x00, 0x00, 0x00,
    0x00, 0x00, 0x00, 0x00, 0x00, 0x00, 0x00, 0xF2, 0x00, 0x00, 0x00, 0x09, 0x00, 0x00, 0x00, 0x06,
    0x00, 0x00, 0x00, 0x06, 0x00, 0x00, 0x00, 0x09, 0x00, 0x00, 0x00, 0x00, 0x00, 0x00, 0x00, 0x00,
    0x00, 0x00, 0x00, 0xF3, 0x00, 0x00, 0x00, 0x09, 0x00, 0x00, 0x00, 0x06, 0x00, 0x00, 0x00, 0x06,
    0x00, 0x00, 0x00, 0x09, 0x00, 0x00, 0x00, 0x00, 0x00, 0x00, 0x00, 0x00, 0x00, 0x00, 0x00, 0xF4,
    0x00, 0x00, 0x00, 0x09, 0x00, 0x00, 0x00, 0x06, 0x00, 0x00, 0x00, 0x06, 0x00, 0x00, 0x00, 0x09,
    0x00, 0x00, 0x00, 0x00, 0x00, 0x00, 0x00, 0x00, 0x00, 0x00, 0x00, 0xF5, 0x00, 0x00, 0x00, 0x09,
    0x00, 0x00, 0x00, 0x06, 0x00, 0x00, 0x00, 0x06, 0x00, 0x00, 0x00, 0x09, 0x00, 0x00, 0x00, 0x00,
    0x00, 0x00, 0x00, 0x00, 0x00, 0x00, 0x00, 0xF6, 0x00, 0x00, 0x00, 0x08, 0x00, 0x00, 0x00, 0x06,
    0x00, 0x00, 0x00, 0x06, 0x00, 0x00, 0x00, 0x08, 0x00, 0x00, 0x00, 0x00, 0x00, 0x00, 0x00, 0x00,
    0x00, 0x00, 0x00, 0xF7, 0x00, 0x00, 0x00, 0x05, 0x00, 0x00, 0x00, 0x06, 0x00, 0x00, 0x00, 0x06,
    0x00, 0x00, 0x00, 0x05, 0x00, 0x00, 0x00, 0x00, 0x00, 0x00, 0x00, 0x00, 0x00, 0x00, 0x00, 0xF8,
    0x00, 0x00, 0x00, 0x07, 0x00, 0x00, 0x00, 0x06, 0x00, 0x00, 0x00, 0x06, 0x00, 0x00, 0x00, 0x06,
    0x00, 0x00, 0x00, 0x00, 0x00, 0x00, 0x00, 0x00, 0x00, 0x00, 0x00, 0xF9, 0x00, 0x00, 0x00, 0x09,
    0x00, 0x00, 0x00, 0x06, 0x00, 0x00, 0x00, 0x06, 0x00, 0x00, 0x00, 0x09, 0x00, 0x00, 0x00, 0x00,
    0x00, 0x00, 0x00, 0x00, 0x00, 0x00, 0x00, 0xFA, 0x00, 0x00, 0x00, 0x09, 0x00, 0x00, 0x00, 0x06,
    0x00, 0x00, 0x00, 0x06, 0x00, 0x00, 0x00, 0x09, 0x00, 0x00, 0x00, 0x00, 0x00, 0x00, 0x00, 0x00,
    0x00, 0x00, 0x00, 0xFB, 0x00, 0x00, 0x00, 0x09, 0x00, 0x00, 0x00, 0x06, 0x00, 0x00, 0x00, 0x06,
    0x00, 0x00, 0x00, 0x09, 0x00, 0x00, 0x00, 0x00, 0x00, 0x00, 0x00, 0x00, 0x00, 0x00, 0x00, 0xFC,
    0x00, 0x00, 0x00, 0x08, 0x00, 0x00, 0x00, 0x06, 0x00, 0x00, 0x00, 0x06, 0x00, 0x00, 0x00, 0x08,
    0x00, 0x00, 0x00, 0x00, 0x00, 0x00, 0x00, 0x00, 0x00, 0x00, 0x00, 0xFD, 0x00, 0x00, 0x00, 0x0B,
    0x00, 0x00, 0x00, 0x06, 0x00, 0x00, 0x00, 0x06, 0x00, 0x00, 0x00, 0x09, 0x00, 0x00, 0x00, 0x00,
    0x00, 0x00, 0x00, 0x00, 0x00, 0x00, 0x00, 0xFE, 0x00, 0x00, 0x00, 0x09, 0x00, 0x00, 0x00, 0x06,
    0x00, 0x00, 0x00, 0x06, 0x00, 0x00, 0x00, 0x07, 0x00, 0x00, 0x00, 0x00, 0x00, 0x00, 0x00, 0x00,
    0x00, 0x00, 0x00, 0xFF, 0x00, 0x00, 0x00, 0x0A, 0x00, 0x00, 0x00, 0x06, 0x00, 0x00, 0x00, 0x06,
    0x00, 0x00, 0x00, 0x08, 0x00, 0x00, 0x00, 0x00, 0x00, 0x00, 0x00, 0x00, 0x00, 0x00, 0x20, 0x13,
    0x00, 0x00, 0x00, 0x02, 0x00, 0x00, 0x00, 0x06, 0x00, 0x00, 0x00, 0x06, 0x00, 0x00, 0x00, 0x03,
    0x00, 0x00, 0x00, 0x00, 0x00, 0x00, 0x00, 0x00, 0x00, 0x00, 0x20, 0x14, 0x00, 0x00, 0x00, 0x02,
    0x00, 0x00, 0x00, 0x06, 0x00, 0x00, 0x00, 0x06, 0x00, 0x00, 0x00, 0x03, 0x00, 0x00, 0x00, 0x00,
    0x00, 0x00, 0x00, 0x00, 0x00, 0x00, 0x20, 0x18, 0x00, 0x00, 0x00, 0x04, 0x00, 0x00, 0x00, 0x04,
    0x00, 0x00, 0x00, 0x06, 0x00, 0x00, 0x00, 0x07, 0x00, 0x00, 0x00, 0x01, 0x00, 0x00, 0x00, 0x00,
    0x00, 0x00, 0x20, 0x19, 0x00, 0x00, 0x00, 0x04, 0x00, 0x00, 0x00, 0x04, 0x00, 0x00, 0x00, 0x06,
    0x00, 0x00, 0x00, 0x07, 0x00, 0x00, 0x00, 0x01, 0x00, 0x00, 0x00, 0x00, 0x00, 0x00, 0x20, 0x1C,
    0x00, 0x00, 0x00, 0x04, 0x00, 0x00, 0x00, 0x06, 0x00, 0x00, 0x00, 0x06, 0x00, 0x00, 0x00, 0x07,
    0x00, 0x00, 0x00, 0x00, 0x00, 0x00, 0x00, 0x00, 0x00, 0x00, 0x20, 0x1D, 0x00, 0x00, 0x00, 0x04,
    0x00, 0x00, 0x00, 0x06, 0x00, 0x00, 0x00, 0x06, 0x00, 0x00, 0x00, 0x07, 0x00, 0x00, 0x00, 0x00,
    0x00, 0x00, 0x00, 0x00, 0x00, 0x00, 0x20, 0x26, 0x00, 0x00, 0x00, 0x02, 0x00, 0x00, 0x00, 0x06,
    0x00, 0x00, 0x00, 0x06, 0x00, 0x00, 0x00, 0x02, 0x00, 0x00, 0x00, 0x00, 0x00, 0x00, 0x00, 0x00,
    0x00, 0x00, 0x20, 0xAC, 0x00, 0x00, 0x00, 0x07, 0x00, 0x00, 0x00, 0x06, 0x00, 0x00, 0x00, 0x06,
    0x00, 0x00, 0x00, 0x07, 0x00, 0x00, 0x00, 0x00, 0x00, 0x00, 0x00, 0x00, 0x00, 0x00, 0x21, 0x90,
    0x00, 0x00, 0x00, 0x05, 0x00, 0x00, 0x00, 0x06, 0x00, 0x00, 0x00, 0x06, 0x00, 0x00, 0x00, 0x06,
    0x00, 0x00, 0x00, 0x00, 0x00, 0x00, 0x00, 0x00, 0x00, 0x00, 0x21, 0x91, 0x00, 0x00, 0x00, 0x08,
    0x00, 0x00, 0x00, 0x06, 0x00, 0x00, 0x00, 0x06, 0x00, 0x00, 0x00, 0x08, 0x00, 0x00, 0x00, 0x00,
    0x00, 0x00, 0x00, 0x00, 0x00, 0x00, 0x21, 0x92, 0x00, 0x00, 0x00, 0x05, 0x00, 0x00, 0x00, 0x06,
    0x00, 0x00, 0x00, 0x06, 0x00, 0x00, 0x00, 0x06, 0x00, 0x00, 0x00, 0x00, 0x00, 0x00, 0x00, 0x00,
    0x00, 0x00, 0x21, 0x93, 0x00, 0x00, 0x00, 0x08, 0x00, 0x00, 0x00, 0x06, 0x00, 0x00, 0x00, 0x06,
    0x00, 0x00, 0x00, 0x07, 0x00, 0x00, 0x00, 0x00, 0x00, 0x00, 0x00, 0x00, 0x00, 0x00, 0x21, 0x94,
    0x00, 0x00, 0x00, 0x05, 0x00, 0x00, 0x00, 0x06, 0x00, 0x00, 0x00, 0x06, 0x00, 0x00, 0x00, 0x06,
    0x00, 0x00, 0x00, 0x00, 0x00, 0x00, 0x00, 0x00, 0x00, 0x00, 0x21, 0x95, 0x00, 0x00, 0x00, 0x09,
    0x00, 0x00, 0x00, 0x06, 0x00, 0x00, 0x00, 0x06, 0x00, 0x00, 0x00, 0x08, 0x00, 0x00, 0x00, 0x00,
    0x00, 0x00, 0x00, 0x00, 0x00, 0x00, 0x21, 0xE9, 0x00, 0x00, 0x00, 0x08, 0x00, 0x00, 0x00, 0x05,
    0x00, 0x00, 0x00, 0x07, 0x00, 0x00, 0x00, 0x07, 0x00, 0x00, 0x00, 0x01, 0x00, 0x00, 0x00, 0x00,
    0x00, 0x00, 0x22, 0x60, 0x00, 0x00, 0x00, 0x06, 0x00, 0x00, 0x00, 0x06, 0x00, 0x00, 0x00, 0x06,
    0x00, 0x00, 0x00, 0x06, 0x00, 0x00, 0x00, 0x00, 0x00, 0x00, 0x00, 0x00, 0x00, 0x00, 0x22, 0x61,
    0x00, 0x00, 0x00, 0x06, 0x00, 0x00, 0x00, 0x07, 0x00, 0x00, 0x00, 0x07, 0x00, 0x00, 0x00, 0x07,
    0x00, 0x00, 0x00, 0x00, 0x00, 0x00, 0x00, 0x00, 0x00, 0x00, 0x22, 0x64, 0x00, 0x00, 0x00, 0x06,
    0x00, 0x00, 0x00, 0x06, 0x00, 0x00, 0x00, 0x06, 0x00, 0x00, 0x00, 0x06, 0x00, 0x00, 0x00, 0x00,
    0x00, 0x00, 0x00, 0x00, 0x00, 0x00, 0x22, 0x65, 0x00, 0x00, 0x00, 0x06, 0x00, 0x00, 0x00, 0x06,
    0x00, 0x00, 0x00, 0x06, 0x00, 0x00, 0x00, 0x06, 0x00, 0x00, 0x00, 0x00, 0x00, 0x00, 0x00, 0x00,
    0x00, 0x00, 0x23, 0x15, 0x00, 0x00, 0x00, 0x06, 0x00, 0x00, 0x00, 0x07, 0x00, 0x00, 0x00, 0x07,
    0x00, 0x00, 0x00, 0x07, 0x00, 0x00, 0x00, 0x00, 0x00, 0x00, 0x00, 0x00, 0x00, 0x00, 0x23, 0xCE,
    0x00, 0x00, 0x00, 0x06, 0x00, 0x00, 0x00, 0x07, 0x00, 0x00, 0x00, 0x07, 0x00, 0x00, 0x00, 0x07,
    0x00, 0x00, 0x00, 0x00, 0x00, 0x00, 0x00, 0x00, 0x00, 0x00, 0x25, 0x00, 0x00, 0x00, 0x00, 0x02,
    0x00, 0x00, 0x00, 0x06, 0x00, 0x00, 0x00, 0x06, 0x00, 0x00, 0x00, 0x04, 0x00, 0x00, 0x00, 0x00,
    0x00, 0x00, 0x00, 0x00, 0x00, 0x00, 0x25, 0x01, 0x00, 0x00, 0x00, 0x02, 0x00, 0x00, 0x00, 0x06,
    0x00, 0x00, 0x00, 0x06, 0x00, 0x00, 0x00, 0x04, 0x00, 0x00, 0x00, 0x00, 0x00, 0x00, 0x00, 0x00,
    0x00, 0x00, 0x25, 0x02, 0x00, 0x00, 0x00, 0x0E, 0x00, 0x00, 0x00, 0x02, 0x00, 0x00, 0x00, 0x06,
    0x00, 0x00, 0x00, 0x0A, 0x00, 0x00, 0x00, 0x02, 0x00, 0x00, 0x00, 0x00, 0x00, 0x00, 0x25, 0x03,
    0x00, 0x00, 0x00, 0x0E, 0x00, 0x00, 0x00, 0x02, 0x00, 0x00, 0x00, 0x06, 0x00, 0x00, 0x00, 0x0A,
    0x00, 0x00, 0x00, 0x02, 0x00, 0x00, 0x00, 0x00, 0x00, 0x00, 0x25, 0x04, 0x00, 0x00, 0x00, 0x02,
    0x00, 0x00, 0x00, 0x06, 0x00, 0x00, 0x00, 0x06, 0x00, 0x00, 0x00, 0x04, 0x00, 0x00, 0x00, 0x00,
    0x00, 0x00, 0x00, 0x00, 0x00, 0x00, 0x25, 0x05, 0x00, 0x00, 0x00, 0x02, 0x00, 0x00, 0x00, 0x06,
    0x00, 0x00, 0x00, 0x06, 0x00, 0x00, 0x00, 0x04, 0x00, 0x00, 0x00, 0x00, 0x00, 0x00, 0x00, 0x00,
    0x00, 0x00, 0x25, 0x06, 0x00, 0x00, 0x00, 0x0D, 0x00, 0x00, 0x00, 0x02, 0x00, 0x00, 0x00, 0x06,
    0x00, 0x00, 0x00, 0x0A, 0x00, 0x00, 0x00, 0x02, 0x00, 0x00, 0x00, 0x00, 0x00, 0x00, 0x25, 0x07,
    0x00, 0x00, 0x00, 0x0D, 0x00, 0x00, 0x00, 0x02, 0x00, 0x00, 0x00, 0x06, 0x00, 0x00, 0x00, 0x0A,
    0x00, 0x00, 0x00, 0x02, 0x00, 0x00, 0x00, 0x00, 0x00, 0x00, 0x25, 0x08, 0x00, 0x00, 0x00, 0x02,
    0x00, 0x00, 0x00, 0x06, 0x00, 0x00, 0x00, 0x06, 0x00, 0x00, 0x00, 0x04, 0x00, 0x00, 0x00, 0x00,
    0x00, 0x00, 0x00, 0x00, 0x00, 0x00, 0x25, 0x09, 0x00, 0x00, 0x00, 0x02, 0x00, 0x00, 0x00, 0x06,
    0x00, 0x00, 0x00, 0x06, 0x00, 0x00, 0x00, 0x04, 0x00, 0x00, 0x00, 0x00, 0x00, 0x00, 0x00, 0x00,
    0x00, 0x00, 0x25, 0x0A, 0x00, 0x00, 0x00, 0x0E, 0x00, 0x00, 0x00, 0x02, 0x00, 0x00, 0x00, 0x06,
    0x00, 0x00, 0x00, 0x0A, 0x00, 0x00, 0x00, 0x02, 0x00, 0x00, 0x00, 0x00, 0x00, 0x00, 0x25, 0x0B,
    0x00, 0x00, 0x00, 0x0E, 0x00, 0x00, 0x00, 0x02, 0x00, 0x00, 0x00, 0x06, 0x00, 0x00, 0x00, 0x0A,
    0x00, 0x00, 0x00, 0x02, 0x00, 0x00, 0x00, 0x00, 0x00, 0x00, 0x25, 0x0C, 0x00, 0x00, 0x00, 0x08,
    0x00, 0x00, 0x00, 0x04, 0x00, 0x00, 0x00, 0x06, 0x00, 0x00, 0x00, 0x04, 0x00, 0x00, 0x00, 0x02,
    0x00, 0x00, 0x00, 0x00, 0x00, 0x00, 0x25, 0x0D, 0x00, 0x00, 0x00, 0x08, 0x00, 0x00, 0x00, 0x04,
    0x00, 0x00, 0x00, 0x06, 0x00, 0x00, 0x00, 0x04, 0x00, 0x00, 0x00, 0x02, 0x00, 0x00, 0x00, 0x00,
    0x00, 0x00, 0x25, 0x0E, 0x00, 0x00, 0x00, 0x08, 0x00, 0x00, 0x00, 0x04, 0x00, 0x00, 0x00, 0x06,
    0x00, 0x00, 0x00, 0x04, 0x00, 0x00, 0x00, 0x02, 0x00, 0x00, 0x00, 0x00, 0x00, 0x00, 0x25, 0x0F,
    0x00, 0x00, 0x00, 0x08, 0x00, 0x00, 0x00, 0x04, 0x00, 0x00, 0x00, 0x06, 0x00, 0x00, 0x00, 0x04,
    0x00, 0x00, 0x00, 0x02, 0x00, 0x00, 0x00, 0x00, 0x00, 0x00, 0x25, 0x10, 0x00, 0x00, 0x00, 0x08,
    0x00, 0x00, 0x00, 0x06, 0x00, 0x00, 0x00, 0x06, 0x00, 0x00, 0x00, 0x04, 0x00, 0x00, 0x00, 0x00,
    0x00, 0x00, 0x00, 0x00, 0x00, 0x00, 0x25, 0x11, 0x00, 0x00, 0x00, 0x08, 0x00, 0x00, 0x00, 0x06,
    0x00, 0x00, 0x00, 0x06, 0x00, 0x00, 0x00, 0x04, 0x00, 0x00, 0x00, 0x00, 0x00, 0x00, 0x00, 0x00,
    0x00, 0x00, 0x25, 0x12, 0x00, 0x00, 0x00, 0x08, 0x00, 0x00, 0x00, 0x06, 0x00, 0x00, 0x00, 0x06,
    0x00, 0x00, 0x00, 0x04, 0x00, 0x00, 0x00, 0x00, 0x00, 0x00, 0x00, 0x00, 0x00, 0x00, 0x25, 0x13,
    0x00, 0x00, 0x00, 0x08, 0x00, 0x00, 0x00, 0x06, 0x00, 0x00, 0x00, 0x06, 0x00, 0x00, 0x00, 0x04,
    0x00, 0x00, 0x00, 0x00, 0x00, 0x00, 0x00, 0x00, 0x00, 0x00, 0x25, 0x14, 0x00, 0x00, 0x00, 0x08,
    0x00, 0x00, 0x00, 0x04, 0x00, 0x00, 0x00, 0x06, 0x00, 0x00, 0x00, 0x0A, 0x00, 0x00, 0x00, 0x02,
    0x00, 0x00, 0x00, 0x00, 0x00, 0x00, 0x25, 0x15, 0x00, 0x00, 0x00, 0x08, 0x00, 0x00, 0x00, 0x04,
    0x00, 0x00, 0x00, 0x06, 0x00, 0x00, 0x00, 0x0A, 0x00, 0x00, 0x00, 0x02, 0x00, 0x00, 0x00, 0x00,
    0x00, 0x00, 0x25, 0x16, 0x00, 0x00, 0x00, 0x08, 0x00, 0x00, 0x00, 0x04, 0x00, 0x00, 0x00, 0x06,
    0x00, 0x00, 0x00, 0x0A, 0x00, 0x00, 0x00, 0x02, 0x00, 0x00, 0x00, 0x00, 0x00, 0x00, 0x25, 0x17,
    0x00, 0x00, 0x00, 0x08, 0x00, 0x00, 0x00, 0x04, 0x00, 0x00, 0x00, 0x06, 0x00, 0x00, 0x00, 0x0A,
    0x00, 0x00, 0x00, 0x02, 0x00, 0x00, 0x00, 0x00, 0x00, 0x00, 0x25, 0x18, 0x00, 0x00, 0x00, 0x08,
    0x00, 0x00, 0x00, 0x06, 0x00, 0x00, 0x00, 0x06, 0x00, 0x00, 0x00, 0x0A, 0x00, 0x00, 0x00, 0x00,
    0x00, 0x00, 0x00, 0x00, 0x00, 0x00, 0x25, 0x19, 0x00, 0x00, 0x00, 0x08, 0x00, 0x00, 0x00, 0x06,
    0x00, 0x00, 0x00, 0x06, 0x00, 0x00, 0x00, 0x0A, 0x00, 0x00, 0x00, 0x00, 0x00, 0x00, 0x00, 0x00,
    0x00, 0x00, 0x25, 0x1A, 0x00, 0x00, 0x00, 0x08, 0x00, 0x00, 0x00, 0x06, 0x00, 0x00, 0x00, 0x06,
    0x00, 0x00, 0x00, 0x0A, 0x00, 0x00, 0x00, 0x00, 0x00, 0x00, 0x00, 0x00, 0x00, 0x00, 0x25, 0x1B,
    0x00, 0x00, 0x00, 0x08, 0x00, 0x00, 0x00, 0x06, 0x00, 0x00, 0x00, 0x06, 0x00, 0x00, 0x00, 0x0A,
    0x00, 0x00, 0x00, 0x00, 0x00, 0x00, 0x00, 0x00, 0x00, 0x00, 0x25, 0x1C, 0x00, 0x00, 0x00, 0x0E,
    0x00, 0x00, 0x00, 0x04, 0x00, 0x00, 0x00, 0x06, 0x00, 0x00, 0x00, 0x0A, 0x00, 0x00, 0x00, 0x02,
    0x00, 0x00, 0x00, 0x00, 0x00, 0x00, 0x25, 0x1D, 0x00, 0x00, 0x00, 0x0E, 0x00, 0x00, 0x00, 0x04,
    0x00, 0x00, 0x00, 0x06, 0x00, 0x00, 0x00, 0x0A, 0x00, 0x00, 0x00, 0x02, 0x00, 0x00, 0x00, 0x00,
    0x00, 0x00, 0x25, 0x1E, 0x00, 0x00, 0x00, 0x0E, 0x00, 0x00, 0x00, 0x04, 0x00, 0x00, 0x00, 0x06,
    0x00, 0x00, 0x00, 0x0A, 0x00, 0x00, 0x00, 0x02, 0x00, 0x00, 0x00, 0x00, 0x00, 0x00, 0x25, 0x1F,
    0x00, 0x00, 0x00, 0x0E, 0x00, 0x00, 0x00, 0x04, 0x00, 0x00, 0x00, 0x06, 0x00, 0x00, 0x00, 0x0A,
    0x00, 0x00, 0x00, 0x02, 0x00, 0x00, 0x00, 0x00, 0x00, 0x00, 0x25, 0x20, 0x00, 0x00, 0x00, 0x0E,
    0x00, 0x00, 0x00, 0x04, 0x00, 0x00, 0x00, 0x06, 0x00, 0x00, 0x00, 0x0A, 0x00, 0x00, 0x00, 0x02,
    0x00, 0x00, 0x00, 0x00, 0x00, 0x00, 0x25, 0x21, 0x00, 0x00, 0x00, 0x0E, 0x00, 0x00, 0x00, 0x04,
    0x00, 0x00, 0x00, 0x06, 0x00, 0x00, 0x00, 0x0A, 0x00, 0x00, 0x00, 0x02, 0x00, 0x00, 0x00, 0x00,
    0x00, 0x00, 0x25, 0x22, 0x00, 0x00, 0x00, 0x0E, 0x00, 0x00, 0x00, 0x04, 0x00, 0x00, 0x00, 0x06,
    0x00, 0x00, 0x00, 0x0A, 0x00, 0x00, 0x00, 0x02, 0x00, 0x00, 0x00, 0x00, 0x00, 0x00, 0x25, 0x23,
    0x00, 0x00, 0x00, 0x0E, 0x00, 0x00, 0x00, 0x04, 0x00, 0x00, 0x00, 0x06, 0x00, 0x00, 0x00, 0x0A,
    0x00, 0x00, 0x00, 0x02, 0x00, 0x00, 0x00, 0x00, 0x00, 0x00, 0x25, 0x24, 0x00, 0x00, 0x00, 0x0E,
    0x00, 0x00, 0x00, 0x06, 0x00, 0x00, 0x00, 0x06, 0x00, 0x00, 0x00, 0x0A, 0x00, 0x00, 0x00, 0x00,
    0x00, 0x00, 0x00, 0x00, 0x00, 0x00, 0x25, 0x25, 0x00, 0x00, 0x00, 0x0E, 0x00, 0x00, 0x00, 0x06,
    0x00, 0x00, 0x00, 0x06, 0x00, 0x00, 0x00, 0x0A, 0x00, 0x00, 0x00, 0x00, 0x00, 0x00, 0x00, 0x00,
    0x00, 0x00, 0x25, 0x26, 0x00, 0x00, 0x00, 0x0E, 0x00, 0x00, 0x00, 0x06, 0x00, 0x00, 0x00, 0x06,
    0x00, 0x00, 0x00, 0x0A, 0x00, 0x00, 0x00, 0x00, 0x00, 0x00, 0x00, 0x00, 0x00, 0x00, 0x25, 0x27,
    0x00, 0x00, 0x00, 0x0E, 0x00, 0x00, 0x00, 0x06, 0x00, 0x00, 0x00, 0x06, 0x00, 0x00, 0x00, 0x0A,
    0x00, 0x00, 0x00, 0x00, 0x00, 0x00, 0x00, 0x00, 0x00, 0x00, 0x25, 0x28, 0x00, 0x00, 0x00, 0x0E,
    0x00, 0x00, 0x00, 0x06, 0x00, 0x00, 0x00, 0x06, 0x00, 0x00, 0x00, 0x0A, 0x00, 0x00, 0x00, 0x00,
    0x00, 0x00, 0x00, 0x00, 0x00, 0x00, 0x25, 0x29, 0x00, 0x00, 0x00, 0x0E, 0x00, 0x00, 0x00, 0x06,
    0x00, 0x00, 0x00, 0x06, 0x00, 0x00, 0x00, 0x0A, 0x00, 0x00, 0x00, 0x00, 0x00, 0x00, 0x00, 0x00,
    0x00, 0x00, 0x25, 0x2A, 0x00, 0x00, 0x00, 0x0E, 0x00, 0x00, 0x00, 0x06, 0x00, 0x00, 0x00, 0x06,
    0x00, 0x00, 0x00, 0x0A, 0x00, 0x00, 0x00, 0x00, 0x00, 0x00, 0x00, 0x00, 0x00, 0x00, 0x25, 0x2B,
    0x00, 0x00, 0x00, 0x0E, 0x00, 0x00, 0x00, 0x06, 0x00, 0x00, 0x00, 0x06, 0x00, 0x00, 0x00, 0x0A,
    0x00, 0x00, 0x00, 0x00, 0x00, 0x00, 0x00, 0x00, 0x00, 0x00, 0x25, 0x2C, 0x00, 0x00, 0x00, 0x08,
    0x00, 0x00, 0x00, 0x06, 0x00, 0x00, 0x00, 0x06, 0x00, 0x00, 0x00, 0x04, 0x00, 0x00, 0x00, 0x00,
    0x00, 0x00, 0x00, 0x00, 0x00, 0x00, 0x25, 0x2D, 0x00, 0x00, 0x00, 0x08, 0x00, 0x00, 0x00, 0x06,
    0x00, 0x00, 0x00, 0x06, 0x00, 0x00, 0x00, 0x04, 0x00, 0x00, 0x00, 0x00, 0x00, 0x00, 0x00, 0x00,
    0x00, 0x00, 0x25, 0x2E, 0x00, 0x00, 0x00, 0x08, 0x00, 0x00, 0x00, 0x06, 0x00, 0x00, 0x00, 0x06,
    0x00, 0x00, 0x00, 0x04, 0x00, 0x00, 0x00, 0x00, 0x00, 0x00, 0x00, 0x00, 0x00, 0x00, 0x25, 0x2F,
    0x00, 0x00, 0x00, 0x08, 0x00, 0x00, 0x00, 0x06, 0x00, 0x00, 0x00, 0x06, 0x00, 0x00, 0x00, 0x04,
    0x00, 0x00, 0x00, 0x00, 0x00, 0x00, 0x00, 0x00, 0x00, 0x00, 0x25, 0x30, 0x00, 0x00, 0x00, 0x08,
    0x00, 0x00, 0x00, 0x06, 0x00, 0x00, 0x00, 0x06, 0x00, 0x00, 0x00, 0x04, 0x00, 0x00, 0x00, 0x00,
    0x00, 0x00, 0x00, 0x00, 0x00, 0x00, 0x25, 0x31, 0x00, 0x00, 0x00, 0x08, 0x00, 0x00, 0x00, 0x06,
    0x00, 0x00, 0x00, 0x06, 0x00, 0x00, 0x00, 0x04, 0x00, 0x00, 0x00, 0x00, 0x00, 0x00, 0x00, 0x00,
    0x00, 0x00, 0x25, 0x32, 0x00, 0x00, 0x00, 0x08, 0x00, 0x00, 0x00, 0x06, 0x00, 0x00, 0x00, 0x06,
    0x00, 0x00, 0x00, 0x04, 0x00, 0x00, 0x00, 0x00, 0x00, 0x00, 0x00, 0x00, 0x00, 0x00, 0x25, 0x33,
    0x00, 0x00, 0x00, 0x08, 0x00, 0x00, 0x00, 0x06, 0x00, 0x00, 0x00, 0x06, 0x00, 0x00, 0x00, 0x04,
    0x00, 0x00, 0x00, 0x00, 0x00, 0x00, 0x00, 0x00, 0x00, 0x00, 0x25, 0x34, 0x00, 0x00, 0x00, 0x08,
    0x00, 0x00, 0x00, 0x06, 0x00, 0x00, 0x00, 0x06, 0x00, 0x00, 0x00, 0x0A, 0x00, 0x00, 0x00, 0x00,
    0x00, 0x00, 0x00, 0x00, 0x00, 0x00, 0x25, 0x35, 0x00, 0x00, 0x00, 0x08, 0x00, 0x00, 0x00, 0x06,
    0x00, 0x00, 0x00, 0x06, 0x00, 0x00, 0x00, 0x0A, 0x00, 0x00, 0x00, 0x00, 0x00, 0x00, 0x00, 0x00,
    0x00, 0x00, 0x25, 0x36, 0x00, 0x00, 0x00, 0x08, 0x00, 0x00, 0x00, 0x06, 0x00, 0x00, 0x00, 0x06,
    0x00, 0x00, 0x00, 0x0A, 0x00, 0x00, 0x00, 0x00, 0x00, 0x00, 0x00, 0x00, 0x00, 0x00, 0x25, 0x37,
    0x00, 0x00, 0x00, 0x08, 0x00, 0x00, 0x00, 0x06, 0x00, 0x00, 0x00, 0x06, 0x00, 0x00, 0x00, 0x0A,
    0x00, 0x00, 0x00, 0x00, 0x00, 0x00, 0x00, 0x00, 0x00, 0x00, 0x25, 0x38, 0x00, 0x00, 0x00, 0x08,
    0x00, 0x00, 0x00, 0x06, 0x00, 0x00, 0x00, 0x06, 0x00, 0x00, 0x00, 0x0A, 0x00, 0x00, 0x00, 0x00,
    0x00, 0x00, 0x00, 0x00, 0x00, 0x00, 0x25, 0x39, 0x00, 0x00, 0x00, 0x08, 0x00, 0x00, 0x00, 0x06,
    0x00, 0x00, 0x00, 0x06, 0x00, 0x00, 0x00, 0x0A, 0x00, 0x00, 0x00, 0x00, 0x00, 0x00, 0x00, 0x00,
    0x00, 0x00, 0x25, 0x3A, 0x00, 0x00, 0x00, 0x08, 0x00, 0x00, 0x00, 0x06, 0x00, 0x00, 0x00, 0x06,
    0x00, 0x00, 0x00, 0x0A, 0x00, 0x00, 0x00, 0x00, 0x00, 0x00, 0x00, 0x00, 0x00, 0x00, 0x25, 0x3B,
    0x00, 0x00, 0x00, 0x08, 0x00, 0x00, 0x00, 0x06, 0x00, 0x00, 0x00, 0x06, 0x00, 0x00, 0x00, 0x0A,
    0x00, 0x00, 0x00, 0x00, 0x00, 0x00, 0x00, 0x00, 0x00, 0x00, 0x25, 0x3C, 0x00, 0x00, 0x00, 0x0E,
    0x00, 0x00, 0x00, 0x06, 0x00, 0x00, 0x00, 0x06, 0x00, 0x00, 0x00, 0x0A, 0x00, 0x00, 0x00, 0x00,
    0x00, 0x00, 0x00, 0x00, 0x00, 0x00, 0x25, 0x3D, 0x00, 0x00, 0x00, 0x0E, 0x00, 0x00, 0x00, 0x06,
    0x00, 0x00, 0x00, 0x06, 0x00, 0x00, 0x00, 0x0A, 0x00, 0x00, 0x00, 0x00, 0x00, 0x00, 0x00, 0x00,
    0x00, 0x00, 0x25, 0x3E, 0x00, 0x00, 0x00, 0x0E, 0x00, 0x00, 0x00, 0x06, 0x00, 0x00, 0x00, 0x06,
    0x00, 0x00, 0x00, 0x0A, 0x00, 0x00, 0x00, 0x00, 0x00, 0x00, 0x00, 0x00, 0x00, 0x00, 0x25, 0x3F,
    0x00, 0x00, 0x00, 0x0E, 0x00, 0x00, 0x00, 0x06, 0x00, 0x00, 0x00, 0x06, 0x00, 0x00, 0x00, 0x0A,
    0x00, 0x00, 0x00, 0x00, 0x00, 0x00, 0x00, 0x00, 0x00, 0x00, 0x25, 0x40, 0x00, 0x00, 0x00, 0x0E,
    0x00, 0x00, 0x00, 0x06, 0x00, 0x00, 0x00, 0x06, 0x00, 0x00, 0x00, 0x0A, 0x00, 0x00, 0x00, 0x00,
    0x00, 0x00, 0x00, 0x00, 0x00, 0x00, 0x25, 0x41, 0x00, 0x00, 0x00, 0x0E, 0x00, 0x00, 0x00, 0x06,
    0x00, 0x00, 0x00, 0x06, 0x00, 0x00, 0x00, 0x0A, 0x00, 0x00, 0x00, 0x00, 0x00, 0x00, 0x00, 0x00,
    0x00, 0x00, 0x25, 0x42, 0x00, 0x00, 0x00, 0x0E, 0x00, 0x00, 0x00, 0x06, 0x00, 0x00, 0x00, 0x06,
    0x00, 0x00, 0x00, 0x0A, 0x00, 0x00, 0x00, 0x00, 0x00, 0x00, 0x00, 0x00, 0x00, 0x00, 0x25, 0x43,
    0x00, 0x00, 0x00, 0x0E, 0x00, 0x00, 0x00, 0x06, 0x00, 0x00, 0x00, 0x06, 0x00, 0x00, 0x00, 0x0A,
    0x00, 0x00, 0x00, 0x00, 0x00, 0x00, 0x00, 0x00, 0x00, 0x00, 0x25, 0x44, 0x00, 0x00, 0x00, 0x0E,
    0x00, 0x00, 0x00, 0x06, 0x00, 0x00, 0x00, 0x06, 0x00, 0x00, 0x00, 0x0A, 0x00, 0x00, 0x00, 0x00,
    0x00, 0x00, 0x00, 0x00, 0x00, 0x00, 0x25, 0x45, 0x00, 0x00, 0x00, 0x0E, 0x00, 0x00, 0x00, 0x06,
    0x00, 0x00, 0x00, 0x06, 0x00, 0x00, 0x00, 0x0A, 0x00, 0x00, 0x00, 0x00, 0x00, 0x00, 0x00, 0x00,
    0x00, 0x00, 0x25, 0x46, 0x00, 0x00, 0x00, 0x0E, 0x00, 0x00, 0x00, 0x06, 0x00, 0x00, 0x00, 0x06,
    0x00, 0x00, 0x00, 0x0A, 0x00, 0x00, 0x00, 0x00, 0x00, 0x00, 0x00, 0x00, 0x00, 0x00, 0x25, 0x47,
    0x00, 0x00, 0x00, 0x0E, 0x00, 0x00, 0x00, 0x06, 0x00, 0x00, 0x00, 0x06, 0x00, 0x00, 0x00, 0x0A,
    0x00, 0x00, 0x00, 0x00, 0x00, 0x00, 0x00, 0x00, 0x00, 0x00, 0x25, 0x48, 0x00, 0x00, 0x00, 0x0E,
    0x00, 0x00, 0x00, 0x06, 0x00, 0x00, 0x00, 0x06, 0x00, 0x00, 0x00, 0x0A, 0x00, 0x00, 0x00, 0x00,
    0x00, 0x00, 0x00, 0x00, 0x00, 0x00, 0x25, 0x49, 0x00, 0x00, 0x00, 0x0E, 0x00, 0x00, 0x00, 0x06,
    0x00, 0x00, 0x00, 0x06, 0x00, 0x00, 0x00, 0x0A, 0x00, 0x00, 0x00, 0x00, 0x00, 0x00, 0x00, 0x00,
    0x00, 0x00, 0x25, 0x4A, 0x00, 0x00, 0x00, 0x0E, 0x00, 0x00, 0x00, 0x06, 0x00, 0x00, 0x00, 0x06,
    0x00, 0x00, 0x00, 0x0A, 0x00, 0x00, 0x00, 0x00, 0x00, 0x00, 0x00, 0x00, 0x00, 0x00, 0x25, 0x4B,
    0x00, 0x00, 0x00, 0x0E, 0x00, 0x00, 0x00, 0x06, 0x00, 0x00, 0x00, 0x06, 0x00, 0x00, 0x00, 0x0A,
    0x00, 0x00, 0x00, 0x00, 0x00, 0x00, 0x00, 0x00, 0x00, 0x00, 0x25, 0x4C, 0x00, 0x00, 0x00, 0x02,
    0x00, 0x00, 0x00, 0x06, 0x00, 0x00, 0x00, 0x06, 0x00, 0x00, 0x00, 0x04, 0x00, 0x00, 0x00, 0x00,
    0x00, 0x00, 0x00, 0x00, 0x00, 0x00, 0x25, 0x4D, 0x00, 0x00, 0x00, 0x02, 0x00, 0x00, 0x00, 0x06,
    0x00, 0x00, 0x00, 0x06, 0x00, 0x00, 0x00, 0x04, 0x00, 0x00, 0x00, 0x00, 0x00, 0x00, 0x00, 0x00,
    0x00, 0x00, 0x25, 0x4E, 0x00, 0x00, 0x00, 0x0A, 0x00, 0x00, 0x00, 0x02, 0x00, 0x00, 0x00, 0x06,
    0x00, 0x00, 0x00, 0x08, 0x00, 0x00, 0x00, 0x02, 0x00, 0x00, 0x00, 0x00, 0x00, 0x00, 0x25, 0x4F,
    0x00, 0x00, 0x00, 0x0A, 0x00, 0x00, 0x00, 0x02, 0x00, 0x00, 0x00, 0x06, 0x00, 0x00, 0x00, 0x08,
    0x00, 0x00, 0x00, 0x02, 0x00, 0x00, 0x00, 0x00, 0x00, 0x00, 0x25, 0x50, 0x00, 0x00, 0x00, 0x03,
    0x00, 0x00, 0x00, 0x06, 0x00, 0x00, 0x00, 0x06, 0x00, 0x00, 0x00, 0x05, 0x00, 0x00, 0x00, 0x00,
    0x00, 0x00, 0x00, 0x00, 0x00, 0x00, 0x25, 0x51, 0x00, 0x00, 0x00, 0x0E, 0x00, 0x00, 0x00, 0x03,
    0x00, 0x00, 0x00, 0x06, 0x00, 0x00, 0x00, 0x0A, 0x00, 0x00, 0x00, 0x02, 0x00, 0x00, 0x00, 0x00,
    0x00, 0x00, 0x25, 0x52, 0x00, 0x00, 0x00, 0x09, 0x00, 0x00, 0x00, 0x04, 0x00, 0x00, 0x00, 0x06,
    0x00, 0x00, 0x00, 0x05, 0x00, 0x00, 0x00, 0x02, 0x00, 0x00, 0x00, 0x00, 0x00, 0x00, 0x25, 0x53,
    0x00, 0x00, 0x00, 0x08, 0x00, 0x00, 0x00, 0x04, 0x00, 0x00, 0x00, 0x06, 0x00, 0x00, 0x00, 0x04,
    0x00, 0x00, 0x00, 0x02, 0x00, 0x00, 0x00, 0x00, 0x00, 0x00, 0x25, 0x54, 0x00, 0x00, 0x00, 0x09,
    0x00, 0x00, 0x00, 0x04, 0x00, 0x00, 0x00, 0x06, 0x00, 0x00, 0x00, 0x05, 0x00, 0x00, 0x00, 0x02,
    0x00, 0x00, 0x00, 0x00, 0x00, 0x00, 0x25, 0x55, 0x00, 0x00, 0x00, 0x09, 0x00, 0x00, 0x00, 0x06,
    0x00, 0x00, 0x00, 0x06, 0x00, 0x00, 0x00, 0x05, 0x00, 0x00, 0x00, 0x00, 0x00, 0x00, 0x00, 0x00,
    0x00, 0x00, 0x25, 0x56, 0x00, 0x00, 0x00, 0x08, 0x00, 0x00, 0x00, 0x06, 0x00, 0x00, 0x00, 0x06,
    0x00, 0x00, 0x00, 0x04, 0x00, 0x00, 0x00, 0x00, 0x00, 0x00, 0x00, 0x00, 0x00, 0x00, 0x25, 0x57,
    0x00, 0x00, 0x00, 0x09, 0x00, 0x00, 0x00, 0x06, 0x00, 0x00, 0x00, 0x06, 0x00, 0x00, 0x00, 0x05,
    0x00, 0x00, 0x00, 0x00, 0x00, 0x00, 0x00, 0x00, 0x00, 0x00, 0x25, 0x58, 0x00, 0x00, 0x00, 0x08,
    0x00, 0x00, 0x00, 0x04, 0x00, 0x00, 0x00, 0x06, 0x00, 0x00, 0x00, 0x0A, 0x00, 0x00, 0x00, 0x02,
    0x00, 0x00, 0x00, 0x00, 0x00, 0x00, 0x25, 0x59, 0x00, 0x00, 0x00, 0x08, 0x00, 0x00, 0x00, 0x04,
    0x00, 0x00, 0x00, 0x06, 0x00, 0x00, 0x00, 0x0A, 0x00, 0x00, 0x00, 0x02, 0x00, 0x00, 0x00, 0x00,
    0x00, 0x00, 0x25, 0x5A, 0x00, 0x00, 0x00, 0x08, 0x00, 0x00, 0x00, 0x04, 0x00, 0x00, 0x00, 0x06,
    0x00, 0x00, 0x00, 0x0A, 0x00, 0x00, 0x00, 0x02, 0x00, 0x00, 0x00, 0x00, 0x00, 0x00, 0x25, 0x5B,
    0x00, 0x00, 0x00, 0x08, 0x00, 0x00, 0x00, 0x06, 0x00, 0x00, 0x00, 0x06, 0x00, 0x00, 0x00, 0x0A,
    0x00, 0x00, 0x00, 0x00, 0x00, 0x00, 0x00, 0x00, 0x00, 0x00, 0x25, 0x5C, 0x00, 0x00, 0x00, 0x08,
    0x00, 0x00, 0x00, 0x06, 0x00, 0x00, 0x00, 0x06, 0x00, 0x00, 0x00, 0x0A, 0x00, 0x00, 0x00, 0x00,
    0x00, 0x00, 0x00, 0x00, 0x00, 0x00, 0x25, 0x5D, 0x00, 0x00, 0x00, 0x08, 0x00, 0x00, 0x00, 0x06,
    0x00, 0x00, 0x00, 0x06, 0x00, 0x00, 0x00, 0x0A, 0x00, 0x00, 0x00, 0x00, 0x00, 0x00, 0x00, 0x00,
    0x00, 0x00, 0x25, 0x5E, 0x00, 0x00, 0x00, 0x0E, 0x00, 0x00, 0x00, 0x04, 0x00, 0x00, 0x00, 0x06,
    0x00, 0x00, 0x00, 0x0A, 0x00, 0x00, 0x00, 0x02, 0x00, 0x00, 0x00, 0x00, 0x00, 0x00, 0x25, 0x5F,
    0x00, 0x00, 0x00, 0x0E, 0x00, 0x00, 0x00, 0x04, 0x00, 0x00, 0x00, 0x06, 0x00, 0x00, 0x00, 0x0A,
    0x00, 0x00, 0x00, 0x02, 0x00, 0x00, 0x00, 0x00, 0x00, 0x00, 0x25, 0x60, 0x00, 0x00, 0x00, 0x0E,
    0x00, 0x00, 0x00, 0x04, 0x00, 0x00, 0x00, 0x06, 0x00, 0x00, 0x00, 0x0A, 0x00, 0x00, 0x00, 0x02,
    0x00, 0x00, 0x00, 0x00, 0x00, 0x00, 0x25, 0x61, 0x00, 0x00, 0x00, 0x0E, 0x00, 0x00, 0x00, 0x06,
    0x00, 0x00, 0x00, 0x06, 0x00, 0x00, 0x00, 0x0A, 0x00, 0x00, 0x00, 0x00, 0x00, 0x00, 0x00, 0x00,
    0x00, 0x00, 0x25, 0x62, 0x00, 0x00, 0x00, 0x0E, 0x00, 0x00, 0x00, 0x06, 0x00, 0x00, 0x00, 0x06,
    0x00, 0x00, 0x00, 0x0A, 0x00, 0x00, 0x00, 0x00, 0x00, 0x00, 0x00, 0x00, 0x00, 0x00, 0x25, 0x63,
    0x00, 0x00, 0x00, 0x0E, 0x00, 0x00, 0x00, 0x06, 0x00, 0x00, 0x00, 0x06, 0x00, 0x00, 0x00, 0x0A,
    0x00, 0x00, 0x00, 0x00, 0x00, 0x00, 0x00, 0x00, 0x00, 0x00, 0x25, 0x64, 0x00, 0x00, 0x00, 0x09,
    0x00, 0x00, 0x00, 0x06, 0x00, 0x00, 0x00, 0x06, 0x00, 0x00, 0x00, 0x05, 0x00, 0x00, 0x00, 0x00,
    0x00, 0x00, 0x00, 0x00, 0x00, 0x00, 0x25, 0x65, 0x00, 0x00, 0x00, 0x08, 0x00, 0x00, 0x00, 0x06,
    0x00, 0x00, 0x00, 0x06, 0x00, 0x00, 0x00, 0x04, 0x00, 0x00, 0x00, 0x00, 0x00, 0x00, 0x00, 0x00,
    0x00, 0x00, 0x25, 0x66, 0x00, 0x00, 0x00, 0x09, 0x00, 0x00, 0x00, 0x06, 0x00, 0x00, 0x00, 0x06,
    0x00, 0x00, 0x00, 0x05, 0x00, 0x00, 0x00, 0x00, 0x00, 0x00, 0x00, 0x00, 0x00, 0x00, 0x25, 0x67,
    0x00, 0x00, 0x00, 0x08, 0x00, 0x00, 0x00, 0x06, 0x00, 0x00, 0x00, 0x06, 0x00, 0x00, 0x00, 0x0A,
    0x00, 0x00, 0x00, 0x00, 0x00, 0x00, 0x00, 0x00, 0x00, 0x00, 0x25, 0x68, 0x00, 0x00, 0x00, 0x08,
    0x00, 0x00, 0x00, 0x06, 0x00, 0x00, 0x00, 0x06, 0x00, 0x00, 0x00, 0x0A, 0x00, 0x00, 0x00, 0x00,
    0x00, 0x00, 0x00, 0x00, 0x00, 0x00, 0x25, 0x69, 0x00, 0x00, 0x00, 0x08, 0x00, 0x00, 0x00, 0x06,
    0x00, 0x00, 0x00, 0x06, 0x00, 0x00, 0x00, 0x0A, 0x00, 0x00, 0x00, 0x00, 0x00, 0x00, 0x00, 0x00,
    0x00, 0x00, 0x25, 0x6A, 0x00, 0x00, 0x00, 0x0E, 0x00, 0x00, 0x00, 0x06, 0x00, 0x00, 0x00, 0x06,
    0x00, 0x00, 0x00, 0x0A, 0x00, 0x00, 0x00, 0x00, 0x00, 0x00, 0x00, 0x00, 0x00, 0x00, 0x25, 0x6B,
    0x00, 0x00, 0x00, 0x0E, 0x00, 0x00, 0x00, 0x06, 0x00, 0x00, 0x00, 0x06, 0x00, 0x00, 0x00, 0x0A,
    0x00, 0x00, 0x00, 0x00, 0x00, 0x00, 0x00, 0x00, 0x00, 0x00, 0x25, 0x6C, 0x00, 0x00, 0x00, 0x0E,
    0x00, 0x00, 0x00, 0x06, 0x00, 0x00, 0x00, 0x06, 0x00, 0x00, 0x00, 0x0A, 0x00, 0x00, 0x00, 0x00,
    0x00, 0x00, 0x00, 0x00, 0x00, 0x00, 0x25, 0x6D, 0x00, 0x00, 0x00, 0x08, 0x00, 0x00, 0x00, 0x04,
    0x00, 0x00, 0x00, 0x06, 0x00, 0x00, 0x00, 0x04, 0x00, 0x00, 0x00, 0x02, 0x00, 0x00, 0x00, 0x00,
    0x00, 0x00, 0x25, 0x6E, 0x00, 0x00, 0x00, 0x08, 0x00, 0x00, 0x00, 0x06, 0x00, 0x00, 0x00, 0x06,
    0x00, 0x00, 0x00, 0x04, 0x00, 0x00, 0x00, 0x00, 0x00, 0x00, 0x00, 0x00, 0x00, 0x00, 0x25, 0x6F,
    0x00, 0x00, 0x00, 0x08, 0x00, 0x00, 0x00, 0x06, 0x00, 0x00, 0x00, 0x06, 0x00, 0x00, 0x00, 0x0A,
    0x00, 0x00, 0x00, 0x00, 0x00, 0x00, 0x00, 0x00, 0x00, 0x00, 0x25, 0x70, 0x00, 0x00, 0x00, 0x08,
    0x00, 0x00, 0x00, 0x04, 0x00, 0x00, 0x00, 0x06, 0x00, 0x00, 0x00, 0x0A, 0x00, 0x00, 0x00, 0x02,
    0x00, 0x00, 0x00, 0x00, 0x00, 0x00, 0x25, 0x71, 0x00, 0x00, 0x00, 0x0C, 0x00, 0x00, 0x00, 0x06,
    0x00, 0x00, 0x00, 0x06, 0x00, 0x00, 0x00, 0x09, 0x00, 0x00, 0x00, 0x00, 0x00, 0x00, 0x00, 0x00,
    0x00, 0x00, 0x25, 0x72, 0x00, 0x00, 0x00, 0x0C, 0x00, 0x00, 0x00, 0x06, 0x00, 0x00, 0x00, 0x06,
    0x00, 0x00, 0x00, 0x09, 0x00, 0x00, 0x00, 0x00, 0x00, 0x00, 0x00, 0x00, 0x00, 0x00, 0x25, 0x73,
    0x00, 0x00, 0x00, 0x0C, 0x00, 0x00, 0x00, 0x06, 0x00, 0x00, 0x00, 0x06, 0x00, 0x00, 0x00, 0x09,
    0x00, 0x00, 0x00, 0x00, 0x00, 0x00, 0x00, 0x00, 0x00, 0x00, 0x25, 0x74, 0x00, 0x00, 0x00, 0x02,
    0x00, 0x00, 0x00, 0x06, 0x00, 0x00, 0x00, 0x06, 0x00, 0x00, 0x00, 0x04, 0x00, 0x00, 0x00, 0x00,
    0x00, 0x00, 0x00, 0x00, 0x00, 0x00, 0x25, 0x75, 0x00, 0x00, 0x00, 0x08, 0x00, 0x00, 0x00, 0x02,
    0x00, 0x00, 0x00, 0x06, 0x00, 0x00, 0x00, 0x0A, 0x00, 0x00, 0x00, 0x02, 0x00, 0x00, 0x00, 0x00,
    0x00, 0x00, 0x25, 0x76, 0x00, 0x00, 0x00, 0x02, 0x00, 0x00, 0x00, 0x04, 0x00, 0x00, 0x00, 0x06,
    0x00, 0x00, 0x00, 0x04, 0x00, 0x00, 0x00, 0x02, 0x00, 0x00, 0x00, 0x00, 0x00, 0x00, 0x25, 0x77,
    0x00, 0x00, 0x00, 0x08, 0x00, 0x00, 0x00, 0x02, 0x00, 0x00, 0x00, 0x06, 0x00, 0x00, 0x00, 0x04,
    0x00, 0x00, 0x00, 0x02, 0x00, 0x00, 0x00, 0x00, 0x00, 0x00, 0x25, 0x78, 0x00, 0x00, 0x00, 0x02,
    0x00, 0x00, 0x00, 0x06, 0x00, 0x00, 0x00, 0x06, 0x00, 0x00, 0x00, 0x04, 0x00, 0x00, 0x00, 0x00,
    0x00, 0x00, 0x00, 0x00, 0x00, 0x00, 0x25, 0x79, 0x00, 0x00, 0x00, 0x08, 0x00, 0x00, 0x00, 0x02,
    0x00, 0x00, 0x00, 0x06, 0x00, 0x00, 0x00, 0x0A, 0x00, 0x00, 0x00, 0x02, 0x00, 0x00, 0x00, 0x00,
    0x00, 0x00, 0x25, 0x7A, 0x00, 0x00, 0x00, 0x02, 0x00, 0x00, 0x00, 0x04, 0x00, 0x00, 0x00, 0x06,
    0x00, 0x00, 0x00, 0x04, 0x00, 0x00, 0x00, 0x02, 0x00, 0x00, 0x00, 0x00, 0x00, 0x00, 0x25, 0x7B,
    0x00, 0x00, 0x00, 0x08, 0x00, 0x00, 0x00, 0x02, 0x00, 0x00, 0x00, 0x06, 0x00, 0x00, 0x00, 0x04,
    0x00, 0x00, 0x00, 0x02, 0x00, 0x00, 0x00, 0x00, 0x00, 0x00, 0x25, 0x7C, 0x00, 0x00, 0x00, 0x02,
    0x00, 0x00, 0x00, 0x06, 0x00, 0x00, 0x00, 0x06, 0x00, 0x00, 0x00, 0x04, 0x00, 0x00, 0x00, 0x00,
    0x00, 0x00, 0x00, 0x00, 0x00, 0x00, 0x25, 0x7D, 0x00, 0x00, 0x00, 0x0E, 0x00, 0x00, 0x00, 0x02,
    0x00, 0x00, 0x00, 0x06, 0x00, 0x00, 0x00, 0x0A, 0x00, 0x00, 0x00, 0x02, 0x00, 0x00, 0x00, 0x00,
    0x00, 0x00, 0x25, 0x7E, 0x00, 0x00, 0x00, 0x02, 0x00, 0x00, 0x00, 0x06, 0x00, 0x00, 0x00, 0x06,
    0x00, 0x00, 0x00, 0x04, 0x00, 0x00, 0x00, 0x00, 0x00, 0x00, 0x00, 0x00, 0x00, 0x00, 0x25, 0x7F,
    0x00, 0x00, 0x00, 0x0E, 0x00, 0x00, 0x00, 0x02, 0x00, 0x00, 0x00, 0x06, 0x00, 0x00, 0x00, 0x0A,
    0x00, 0x00, 0x00, 0x02, 0x00, 0x00, 0x00, 0x00, 0x00, 0x00, 0x25, 0xA0, 0x00, 0x00, 0x00, 0x08,
    0x00, 0x00, 0x00, 0x07, 0x00, 0x00, 0x00, 0x07, 0x00, 0x00, 0x00, 0x07, 0x00, 0x00, 0x00, 0x00,
    0x00, 0x00, 0x00, 0x00, 0x00, 0x00, 0x25, 0xA1, 0x00, 0x00, 0x00, 0x08, 0x00, 0x00, 0x00, 0x07,
    0x00, 0x00, 0x00, 0x07, 0x00, 0x00, 0x00, 0x07, 0x00, 0x00, 0x00, 0x00, 0x00, 0x00, 0x00, 0x00,
    0x00, 0x00, 0x25, 0xB2, 0x00, 0x00, 0x00, 0x08, 0x00, 0x00, 0x00, 0x07, 0x00, 0x00, 0x00, 0x07,
    0x00, 0x00, 0x00, 0x07, 0x00, 0x00, 0x00, 0x00, 0x00, 0x00, 0x00, 0x00, 0x00, 0x00, 0x25, 0xB6,
    0x00, 0x00, 0x00, 0x08, 0x00, 0x00, 0x00, 0x07, 0x00, 0x00, 0x00, 0x07, 0x00, 0x00, 0x00, 0x07,
    0x00, 0x00, 0x00, 0x00, 0x00, 0x00, 0x00, 0x00, 0x00, 0x00, 0x25, 0xBC, 0x00, 0x00, 0x00, 0x08,
    0x00, 0x00, 0x00, 0x07, 0x00, 0x00, 0x00, 0x07, 0x00, 0x00, 0x00, 0x07, 0x00, 0x00, 0x00, 0x00,
    0x00, 0x00, 0x00, 0x00, 0x00, 0x00, 0x25, 0xC0, 0x00, 0x00, 0x00, 0x08, 0x00, 0x00, 0x00, 0x07,
    0x00, 0x00, 0x00, 0x07, 0x00, 0x00, 0x00, 0x07, 0x00, 0x00, 0x00, 0x00, 0x00, 0x00, 0x00, 0x00,
    0x00, 0x00, 0x25, 0xC6, 0x00, 0x00, 0x00, 0x08, 0x00, 0x00, 0x00, 0x07, 0x00, 0x00, 0x00, 0x07,
    0x00, 0x00, 0x00, 0x07, 0x00, 0x00, 0x00, 0x00, 0x00, 0x00, 0x00, 0x00, 0x00, 0x00, 0x25, 0xC7,
    0x00, 0x00, 0x00, 0x08, 0x00, 0x00, 0x00, 0x07, 0x00, 0x00, 0x00, 0x07, 0x00, 0x00, 0x00, 0x07,
    0x00, 0x00, 0x00, 0x00, 0x00, 0x00, 0x00, 0x00, 0x00, 0x00, 0x25, 0xCB, 0x00, 0x00, 0x00, 0x08,
    0x00, 0x00, 0x00, 0x07, 0x00, 0x00, 0x00, 0x07, 0x00, 0x00, 0x00, 0x07, 0x00, 0x00, 0x00, 0x00,
    0x00, 0x00, 0x00, 0x00, 0x00, 0x00, 0x25, 0xCF, 0x00, 0x00, 0x00, 0x08, 0x00, 0x00, 0x00, 0x07,
    0x00, 0x00, 0x00, 0x07, 0x00, 0x00, 0x00, 0x07, 0x00, 0x00, 0x00, 0x00, 0x00, 0x00, 0x00, 0x00,
    0x00, 0x00, 0x26, 0x10, 0x00, 0x00, 0x00, 0x07, 0x00, 0x00, 0x00, 0x07, 0x00, 0x00, 0x00, 0x07,
    0x00, 0x00, 0x00, 0x07, 0x00, 0x00, 0x00, 0x00, 0x00, 0x00, 0x00, 0x00, 0x00, 0x00, 0x26, 0x11,
    0x00, 0x00, 0x00, 0x08, 0x00, 0x00, 0x00, 0x07, 0x00, 0x00, 0x00, 0x07, 0x00, 0x00, 0x00, 0x07,
    0x00, 0x00, 0x00, 0x00, 0x00, 0x00, 0x00, 0x00, 0x00, 0x00, 0x26, 0x99, 0x00, 0x00, 0x00, 0x08,
    0x00, 0x00, 0x00, 0x07, 0x00, 0x00, 0x00, 0x07, 0x00, 0x00, 0x00, 0x08, 0x00, 0x00, 0x00, 0x00,
    0x00, 0x00, 0x00, 0x00, 0x00, 0x00, 0x27, 0x13, 0x00, 0x00, 0x00, 0x08, 0x00, 0x00, 0x00, 0x06,
    0x00, 0x00, 0x00, 0x06, 0x00, 0x00, 0x00, 0x08, 0x00, 0x00, 0x00, 0x00, 0x00, 0x00, 0x00, 0x00,
    0x00, 0x00, 0x27, 0x17, 0x00, 0x00, 0x00, 0x09, 0x00, 0x00, 0x00, 0x07, 0x00, 0x00, 0x00, 0x07,
    0x00, 0x00, 0x00, 0x08, 0x00, 0x00, 0x00, 0x00, 0x00, 0x00, 0x00, 0x00, 0x00, 0x00, 0x27, 0x18,
    0x00, 0x00, 0x00, 0x09, 0x00, 0x00, 0x00, 0x07, 0x00, 0x00, 0x00, 0x07, 0x00, 0x00, 0x00, 0x08,
    0x00, 0x00, 0x00, 0x00, 0x00, 0x00, 0x00, 0x00, 0x00, 0x00, 0x2B, 0x07, 0x00, 0x00, 0x00, 0x08,
    0x00, 0x00, 0x00, 0x05, 0x00, 0x00, 0x00, 0x07, 0x00, 0x00, 0x00, 0x08, 0x00, 0x00, 0x00, 0x01,
    0x00, 0x00, 0x00, 0x00, 0xFF, 0xFF, 0xFF, 0xFF, 0xD8, 0xD7, 0xA6, 0xA5, 0x1F, 0x1F, 0xBE, 0xBB,
    0xFF, 0xFF, 0xFA, 0xAF, 0xAA, 0xFF, 0xFA, 0xAF, 0xAA, 0xFF, 0xFA, 0xAF, 0xAA, 0xFF, 0x16, 0x0F,
    0x0F, 0x16, 0x00, 0x0D, 0xFF, 0x58, 0xFF, 0x1F, 0x00, 0x4B, 0xFF, 0x69, 0xFF, 0x00, 0xAA, 0xFF,
    0xFC, 0xA9, 0xFF, 0xFF, 0x06, 0xB4, 0xC4, 0xC5, 0xB6, 0x0A, 0xFF, 0xFF, 0xA8, 0xFD, 0xFF, 0xBB,
    0x25, 0xFF, 0x67, 0xFF, 0x6D, 0x15, 0x1E, 0xFF, 0x5A, 0xFF, 0x0D, 0x00, 0x00, 0x00, 0x84, 0xBD,
    0x00, 0x00, 0x00, 0x93, 0xFF, 0xFF, 0xA0, 0x0F, 0x76, 0xFF, 0xEB, 0xFD, 0xFF, 0x40, 0xA0, 0xFF,
    0xB7, 0xB4, 0x00, 0x00, 0x19, 0xF2, 0xFF, 0xFF, 0xDF, 0x27, 0x00, 0x00, 0x9D, 0xEB, 0xFF, 0xBC,
    0x5A, 0xC3, 0xA6, 0xD7, 0xFF, 0xAF, 0x4E, 0xF7, 0xFF, 0xFF, 0xDA, 0x1B, 0x00, 0x00, 0xB4, 0xD7,
    0x00, 0x00, 0x99, 0xFF, 0xD5, 0x00, 0x8E, 0xF5, 0xFF, 0x40, 0xFF, 0x3C, 0xFF, 0x81, 0xFF, 0x4E,
    0xFF, 0x8B, 0xFF, 0x06, 0x82, 0xFF, 0xBA, 0x6C, 0x72, 0x00, 0x00, 0x7B, 0x67, 0xCF, 0xFF, 0xA6,
    0x2E, 0xFF, 0x64, 0xFF, 0x40, 0xFF, 0xDA, 0xAE, 0x09, 0xEB, 0xF8, 0xA3, 0x04, 0xCB, 0xFF, 0xFB,
    0x31, 0x00, 0x64, 0xFF, 0x3D, 0xA0, 0x3D, 0x00, 0x33, 0xFF, 0x7B, 0x00, 0x00, 0x00, 0x34, 0xFF,
    0xFF, 0x3A, 0xFF, 0xEB, 0xE9, 0xCB, 0xD0, 0xFF, 0xFF, 0x27, 0xFA, 0xE7, 0x40, 0xFF, 0xFF, 0x06,
    0x66, 0xFF, 0xFF, 0x87, 0xFF, 0xB9, 0xD2, 0xD2, 0xD2, 0xD2, 0xD2, 0xD2, 0x13, 0x13, 0x00, 0x07,
    0xDE, 0xCF, 0x0C, 0x00, 0xBB, 0xF0, 0x04, 0x00, 0x09, 0xFF, 0x5E, 0x00, 0x00, 0x45, 0xFF, 0x0D,
    0x00, 0x00, 0x57, 0xFF, 0x00, 0x00, 0x00, 0x25, 0xFF, 0x2A, 0x00, 0x00, 0x00, 0xF0, 0xB5, 0x00,
    0x00, 0x00, 0x46, 0xFF, 0x4F, 0x00, 0x00, 0x00, 0x57, 0xAE, 0x0C, 0x0D, 0xD2, 0xDC, 0x06, 0x00,
    0x00, 0x06, 0xF1, 0xB4, 0x00, 0x00, 0x00, 0x60, 0xFF, 0x06, 0x00, 0x00, 0x0D, 0xFF, 0x3F, 0x00,
    0x00, 0x00, 0xFF, 0x55, 0x00, 0x00, 0x2B, 0xFF, 0x21, 0x00, 0x00, 0xB7, 0xE9, 0x00, 0x00, 0x52,
    0xFF, 0x42, 0x00, 0x0D, 0xAF, 0x57, 0x00, 0x00, 0x00, 0x00, 0xCD, 0xCD, 0x00, 0x00, 0x9D, 0xC6,
    0xF8, 0xF8, 0xC6, 0x9D, 0x4E, 0xBE, 0xFF, 0xFF, 0xBE, 0x4E, 0x00, 0xBF, 0xFF, 0xFF, 0xBE, 0x00,
    0x04, 0xAD, 0x45, 0x46, 0xAD, 0x04, 0x00, 0x00, 0x91, 0x91, 0x00, 0x00, 0x00, 0x00, 0xCD, 0xCD,
    0x00, 0x00, 0x8B, 0xFF, 0xFF, 0xFF, 0xFF, 0x8B, 0x16, 0x3C, 0xDE, 0xDE, 0x3C, 0x16, 0x00, 0x00,
    0xCD, 0xCD, 0x00, 0x00, 0x00, 0x10, 0x18, 0x03, 0x00, 0xFF, 0xFF, 0x07, 0x0C, 0xFF, 0xB2, 0x00,
    0x4E, 0xFF, 0x19, 0x00, 0x10, 0x1E, 0x1E, 0x10, 0xBE, 0xFF, 0xFF, 0xBE, 0x3C, 0x66, 0x66, 0x3C,
    0x01, 0xF1, 0xF0, 0x01, 0x04, 0xFF, 0xFF, 0x04, 0x00, 0x00, 0x00, 0x61, 0xFF, 0x22, 0x00, 0x00,
    0x00, 0xC9, 0xDF, 0x00, 0x00, 0x00, 0x12, 0xFF, 0x7B, 0x00, 0x00, 0x00, 0x93, 0xFF, 0x09, 0x00,
    0x00, 0x00, 0xF2, 0xB5, 0x00, 0x00, 0x00, 0x34, 0xFF, 0x49, 0x00, 0x00, 0x00, 0xA3, 0xFF, 0x00,
    0x00, 0x00, 0x03, 0xFF, 0xA8, 0x00, 0x00, 0x00, 0x21, 0xA0, 0x1E, 0x00, 0x00, 0x00, 0x03, 0xA8,
    0xFF, 0xFF, 0xA7, 0x03, 0x81, 0xFF, 0x6D, 0x6C, 0xFF, 0x7C, 0xC6, 0xFF, 0x00, 0x00, 0xFF, 0xC5,
    0xE2, 0xFF, 0xBE, 0xBE, 0xFF, 0xE1, 0xC8, 0xFF, 0x0D, 0x0D, 0xFF, 0xC5, 0x81, 0xFF, 0x6A, 0x6A,
    0xFF, 0x7C, 0x03, 0xAA, 0xFF, 0xFF, 0xA7, 0x03, 0x00, 0x8D, 0xFF, 0xFF, 0x78, 0x00, 0x43, 0xFF,
    0xB7, 0xFF, 0x78, 0x00, 0x69, 0xBE, 0x48, 0xFF, 0x78, 0x00, 0x00, 0x00, 0x48, 0xFF, 0x78, 0x00,
    0x00, 0x00, 0x48, 0xFF, 0x78, 0x00, 0x03, 0x36, 0x73, 0xFF, 0x9C, 0x2A, 0x18, 0xFF, 0xFF, 0xFF,
    0xFF, 0xFF, 0x0A, 0xC1, 0xFF, 0xFF, 0xAA, 0x00, 0x96, 0xFF, 0x81, 0xBA, 0xFF, 0x64, 0x00, 0x1C,
    0x00, 0x72, 0xFF, 0x7B, 0x00, 0x00, 0x1F, 0xFF, 0xFF, 0x0A, 0x00, 0x3F, 0xFF, 0xF5, 0x21, 0x00,
    0x58, 0xFF, 0xED, 0x4F, 0x48, 0x27, 0xB4, 0xFF, 0xFF, 0xFF, 0xFF, 0xAF, 0x22, 0xD9, 0xFF, 0xFF,
    0xB5, 0x04, 0x4B, 0xFF, 0x69, 0xA0, 0xFF, 0x7B, 0x00, 0x01, 0x00, 0x81, 0xFF, 0x64, 0x00, 0x00,
    0xFF, 0xFF, 0xC1, 0x00, 0x00, 0x00, 0x43, 0x96, 0xFF, 0x8B, 0x90, 0xF0, 0x5E, 0x8D, 0xFF, 0xA9,
    0x3A, 0xEE, 0xFF, 0xFF, 0xC5, 0x0D, 0x00, 0x00, 0x60, 0xFF, 0xFF, 0x00, 0x00, 0x03, 0xFF, 0xFF,
    0xFF, 0x00, 0x00, 0x94, 0xF3, 0xC3, 0xFF, 0x00, 0x12, 0xFF, 0x60, 0xC3, 0xFF, 0x00, 0xA5, 0xEB,
    0x00, 0xC3, 0xFF, 0x00, 0xF0, 0xFF, 0xFF, 0xFF, 0xFF, 0xDF, 0x28, 0x36, 0x36, 0xD4, 0xFF, 0x27,
    0x2A, 0xFF, 0xFF, 0xFF, 0xFF, 0x60, 0x40, 0xFF, 0x5A, 0x5A, 0x5A, 0x16, 0x58, 0xFF, 0x00, 0x00,
    0x00, 0x00, 0x6F, 0xFF, 0xBA, 0xFF, 0xEB, 0x25, 0x34, 0xB7, 0x66, 0x76, 0xFF, 0xB7, 0x52, 0xDA,
    0x5A, 0x6D, 0xFF, 0xA6, 0x1F, 0xD8, 0xFF, 0xFF, 0xCD, 0x13, 0x00, 0x09, 0xCF, 0xFF, 0xA3, 0x00,
    0x00, 0xC0, 0xFF, 0x88, 0x00, 0x00, 0x48, 0xFF, 0xB5, 0x00, 0x00, 0x00, 0xBE, 0xFF, 0xC4, 0xFF,
    0xEB, 0x2B, 0xB9, 0xFF, 0x73, 0x6A, 0xFF, 0xBE, 0x88, 0xFF, 0x58, 0x5B, 0xFF, 0xAC, 0x01, 0xAC,
    0xFF, 0xFF, 0xD0, 0x16, 0xBA, 0xFF, 0xFF, 0xFF, 0xFF, 0xAA, 0xBA, 0xFF, 0x3C, 0x64, 0xFF, 0x9D,
    0x42, 0x6A, 0x00, 0xA2, 0xFF, 0x18, 0x00, 0x00, 0x06, 0xFF, 0xC6, 0x00, 0x00, 0x00, 0x7F, 0xFF,
    0x54, 0x00, 0x00, 0x00, 0xED, 0xFF, 0x00, 0x00, 0x00, 0x3C, 0xFF, 0xA0, 0x00, 0x00, 0x07, 0xC4,
    0xFF, 0xFF, 0xC0, 0x06, 0x87, 0xFF, 0x6D, 0x6C, 0xFF, 0x84, 0x6A, 0xFF, 0x3C, 0x34, 0xFF, 0x67,
    0x00, 0xBC, 0xFF, 0xFF, 0xBB, 0x00, 0xAC, 0xFF, 0x5B, 0x5A, 0xFF, 0xAC, 0xAF, 0xFF, 0x5A, 0x5B,
    0xFF, 0xAD, 0x1C, 0xD8, 0xFF, 0xFF, 0xD8, 0x1C, 0x03, 0xAF, 0xFF, 0xFF, 0xA7, 0x01, 0x96, 0xFF,
    0x6F, 0x7F, 0xFF, 0x81, 0xCB, 0xFF, 0x00, 0x00, 0xFF, 0xB6, 0xAF, 0xFF, 0x33, 0x46, 0xFF, 0xBD,
    0x2B, 0xFF, 0xFF, 0xFF, 0xFF, 0x49, 0x00, 0x03, 0x40, 0xFA, 0xC3, 0x00, 0x00, 0x72, 0xFF, 0xCF,
    0x09, 0x00, 0x04, 0xFF, 0xFF, 0x04, 0x03, 0xF2, 0xF0, 0x03, 0x00, 0x00, 0x00, 0x00, 0x01, 0xF1,
    0xF0, 0x01, 0x04, 0xFF, 0xFF, 0x04, 0x04, 0xFF, 0xFF, 0x04, 0x03, 0xF2, 0xF0, 0x03, 0x00, 0x00,
    0x00, 0x00, 0x00, 0xFF, 0xFF, 0x0C, 0x0A, 0xFF, 0xBE, 0x00, 0x4B, 0xFF, 0x1F, 0x00, 0x06, 0x12,
    0x00, 0x00, 0x00, 0x00, 0x00, 0x06, 0x93, 0x28, 0x00, 0x06, 0x91, 0xFF, 0xFF, 0x25, 0x22, 0xFF,
    0xFF, 0xA3, 0x0A, 0x00, 0x30, 0xFF, 0xE3, 0x48, 0x00, 0x00, 0x00, 0x2E, 0xC0, 0xFF, 0xDA, 0x16,
    0x00, 0x00, 0x00, 0x30, 0xC1, 0x34, 0x88, 0xFF, 0xFF, 0xFF, 0xFF, 0x88, 0x13, 0x36, 0x36, 0x36,
    0x36, 0x13, 0x8B, 0xFF, 0xFF, 0xFF, 0xFF, 0x8B, 0x16, 0x3C, 0x3C, 0x3C, 0x3C, 0x16, 0x28, 0x93,
    0x06, 0x00, 0x00, 0x00, 0x25, 0xFF, 0xFF, 0x91, 0x06, 0x00, 0x00, 0x0A, 0xA3, 0xFF, 0xFF, 0x22,
    0x00, 0x00, 0x48, 0xE3, 0xFF, 0x30, 0x16, 0xDA, 0xFF, 0xC0, 0x2D, 0x00, 0x34, 0xC1, 0x2E, 0x00,
    0x00, 0x00, 0x06, 0xBA, 0xFF, 0xFF, 0xBB, 0x00, 0x3C, 0xF7, 0x7B, 0xB7, 0xFF, 0x43, 0x00, 0x00,
    0x3A, 0xC4, 0xFF, 0x27, 0x00, 0x00, 0xFF, 0xF8, 0x57, 0x00, 0x00, 0x00, 0x6D, 0x39, 0x00, 0x00,
    0x00, 0x12, 0xDF, 0xAB, 0x00, 0x00, 0x00, 0x22, 0xFF, 0xCA, 0x00, 0x00, 0x00, 0xB8, 0xFF, 0xFF,
    0xB7, 0x03, 0x60, 0xFF, 0x1B, 0x0D, 0xFC, 0x85, 0xA6, 0xB6, 0x9A, 0xFF, 0xF8, 0xA6, 0xC1, 0xA1,
    0xF1, 0x88, 0xB5, 0xAA, 0xC0, 0xA1, 0xEB, 0x8A, 0xB6, 0xAA, 0xBA, 0xBE, 0x75, 0xEC, 0xD2, 0xAB,
    0x34, 0xFF, 0x4C, 0x00, 0x00, 0x00, 0x00, 0x76, 0xFD, 0xFF, 0x9D, 0x00, 0x00, 0x4C, 0xFF, 0xFF,
    0x4B, 0x00, 0x00, 0xB4, 0xFF, 0xFF, 0xB2, 0x00, 0x00, 0xEC, 0xD0, 0xEB, 0xEB, 0x00, 0x0D, 0xFF,
    0x91, 0xB1, 0xFF, 0x0D, 0x6A, 0xFF, 0xFF, 0xFF, 0xFF, 0x69, 0xAF, 0xFF, 0x3C, 0x42, 0xFF, 0xAD,
    0xFF, 0xD9, 0x00, 0x00, 0xF7, 0xFF, 0x5A, 0xFF, 0xFF, 0xFF, 0xCA, 0x04, 0x5A, 0xFF, 0x5A, 0x7E,
    0xFF, 0x67, 0x5A, 0xFF, 0x5A, 0x75, 0xFF, 0x49, 0x5A, 0xFF, 0xFF, 0xFF, 0xCA, 0x06, 0x5A, 0xFF,
    0x5A, 0x25, 0xFF, 0xA3, 0x5A, 0xFF, 0x5A, 0x2D, 0xFF, 0xB8, 0x5A, 0xFF, 0xFF, 0xFF, 0xF0, 0x1E,
    0x00, 0x9D, 0xFF, 0xFF, 0xCD, 0x0A, 0x48, 0xFF, 0xB4, 0x66, 0xFF, 0xA9, 0xB8, 0xFF, 0x13, 0x00,
    0x36, 0x04, 0xB5, 0xFF, 0x06, 0x00, 0x00, 0x00, 0xB8, 0xFF, 0x13, 0x00, 0x37, 0x03, 0x49, 0xFF,
    0xB4, 0x66, 0xFF, 0xA9, 0x00, 0xA2, 0xFF, 0xFF, 0xCF, 0x0A, 0x8A, 0xFF, 0xFF, 0xFF, 0xB1, 0x00,
    0x8A, 0xFF, 0x5B, 0xA5, 0xFF, 0x5E, 0x8A, 0xFF, 0x30, 0x00, 0xFF, 0xAB, 0x8A, 0xFF, 0x30, 0x00,
    0xFF, 0xC8, 0x8A, 0xFF, 0x30, 0x00, 0xFF, 0xAC, 0x8A, 0xFF, 0x55, 0xA0, 0xFF, 0x60, 0x8A, 0xFF,
    0xFF, 0xFF, 0xB4, 0x00, 0x4E, 0xFF, 0xFF, 0xFF, 0xFF, 0x66, 0x4E, 0xFF, 0x9F, 0x42, 0x42, 0x10,
    0x4E, 0xFF, 0x72, 0x00, 0x00, 0x00, 0x4E, 0xFF, 0xFF, 0xFF, 0xFF, 0x3A, 0x4E, 0xFF, 0x9F, 0x42,
    0x42, 0x09, 0x4E, 0xFF, 0x9F, 0x42, 0x42, 0x10, 0x4E, 0xFF, 0xFF, 0xFF, 0xFF, 0x66, 0x4E, 0xFF,
    0xFF, 0xFF, 0xFF, 0xA8, 0x4E, 0xFF, 0x9F, 0x42, 0x42, 0x1C, 0x4E, 0xFF, 0x72, 0x00, 0x00, 0x00,
    0x4E, 0xFF, 0xFF, 0xFF, 0xFF, 0x22, 0x4E, 0xFF, 0x9F, 0x42, 0x42, 0x06, 0x4E, 0xFF, 0x72, 0x00,
    0x00, 0x00, 0x4E, 0xFF, 0x72, 0x00, 0x00, 0x00, 0x00, 0xBA, 0xFF, 0xFF, 0xAC, 0x00, 0x63, 0xFF,
    0x93, 0x91, 0xFF, 0x60, 0xAC, 0xFF, 0x00, 0x00, 0x0F, 0x00, 0xC9, 0xFF, 0x1E, 0xFF, 0xFF, 0xAE,
    0xB5, 0xFF, 0x03, 0x00, 0xFF, 0xAE, 0x7F, 0xFF, 0xA2, 0x78, 0xFF, 0xAE, 0x06, 0xCB, 0xFF, 0xBC,
    0xFF, 0xAE, 0x96, 0xFF, 0x30, 0x30, 0xFF, 0x96, 0x96, 0xFF, 0x30, 0x30, 0xFF, 0x96, 0x96, 0xFF,
    0x30, 0x30, 0xFF, 0x96, 0x96, 0xFF, 0xFF, 0xFF, 0xFF, 0x96, 0x96, 0xFF, 0x69, 0x69, 0xFF, 0x96,
    0x96, 0xFF, 0x30, 0x30, 0xFF, 0x96, 0x96, 0xFF, 0x30, 0x30, 0xFF, 0x96, 0x60, 0xFF, 0xFF, 0xFF,
    0xFF, 0x60, 0x04, 0x12, 0xF3, 0xF3, 0x12, 0x04, 0x00, 0x00, 0xF0, 0xF0, 0x00, 0x00, 0x00, 0x00,
    0xF0, 0xF0, 0x00, 0x00, 0x00, 0x00, 0xF0, 0xF0, 0x00, 0x00, 0x04, 0x12, 0xF3, 0xF3, 0x12, 0x04,
    0x60, 0xFF, 0xFF, 0xFF, 0xFF, 0x60, 0x00, 0xE1, 0xFF, 0xFF, 0xFF, 0x2A, 0x00, 0x2D, 0x42, 0xA2,
    0xFF, 0x2A, 0x00, 0x00, 0x00, 0x9C, 0xFF, 0x2A, 0x00, 0x00, 0x00, 0x9C, 0xFF, 0x2A, 0x00, 0x1C,
    0x00, 0x9C, 0xFF, 0x28, 0xAB, 0xFF, 0x66, 0xD4, 0xFF, 0x09, 0x0F, 0xD8, 0xFF, 0xFF, 0x85, 0x00,
    0x78, 0xFF, 0x48, 0x36, 0xFF, 0xB9, 0x78, 0xFF, 0x4C, 0xFA, 0xFF, 0x0D, 0x78, 0xFF, 0xD0, 0xFF,
    0x48, 0x00, 0x78, 0xFF, 0xFF, 0xFF, 0x3A, 0x00, 0x78, 0xFF, 0xBB, 0xFF, 0xD8, 0x00, 0x78, 0xFF,
    0x48, 0xB4, 0xFF, 0x54, 0x78, 0xFF, 0x48, 0x0D, 0xFF, 0xF2, 0x1E, 0xFF, 0xA8, 0x00, 0x00, 0x00,
    0x1E, 0xFF, 0xA8, 0x00, 0x00, 0x00, 0x1E, 0xFF, 0xA8, 0x00, 0x00, 0x00, 0x1E, 0xFF, 0xA8, 0x00,
    0x00, 0x00, 0x1E, 0xFF, 0xA8, 0x00, 0x00, 0x00, 0x1E, 0xFF, 0xAA, 0x42, 0x42, 0x1C, 0x1E, 0xFF,
    0xFF, 0xFF, 0xFF, 0xA8, 0xC3, 0xFF, 0x84, 0x5B, 0xFF, 0xC3, 0xC3, 0xFF, 0xE8, 0xC6, 0xFF, 0xC3,
    0xC3, 0xE2, 0xFF, 0xFF, 0xE3, 0xC3, 0xC3, 0xD7, 0xE2, 0xE1, 0xD7, 0xC3, 0xC3, 0xDC, 0x88, 0x87,
    0xDC, 0xC3, 0xC3, 0xDC, 0x10, 0x10, 0xDC, 0xC3, 0xC3, 0xDC, 0x00, 0x00, 0xDC, 0xC3, 0x96, 0xFF,
    0xB6, 0x00, 0xFF, 0x96, 0x96, 0xFF, 0xFF, 0x01, 0xFF, 0x96, 0x96, 0xFF, 0xFF, 0x5A, 0xFF, 0x96,
    0x96, 0xFF, 0xB7, 0xB6, 0xFF, 0x96, 0x96, 0xFF, 0x5D, 0xFF, 0xFF, 0x96, 0x96, 0xFF, 0x03, 0xFF,
    0xFF, 0x96, 0x96, 0xFF, 0x00, 0xB7, 0xFF, 0x96, 0x03, 0xA8, 0xFF, 0xFF, 0xA7, 0x03, 0x81, 0xFF,
    0x84, 0x87, 0xFF, 0x7C, 0xC6, 0xFF, 0x00, 0x00, 0xFF, 0xC5, 0xE2, 0xFF, 0x00, 0x00, 0xFF, 0xE1,
    0xC8, 0xFF, 0x00, 0x00, 0xFF, 0xC5, 0x81, 0xFF, 0x82, 0x87, 0xFF, 0x7C, 0x03, 0xAA, 0xFF, 0xFF,
    0xA7, 0x03, 0x5A, 0xFF, 0xFF, 0xFF, 0xE8, 0x1C, 0x5A, 0xFF, 0x8D, 0x6A, 0xFF, 0xBA, 0x5A, 0xFF,
    0x66, 0x28, 0xFF, 0xA6, 0x5A, 0xFF, 0xFF, 0xFF, 0xFF, 0x31, 0x5A, 0xFF, 0x91, 0x33, 0x06, 0x00,
    0x5A, 0xFF, 0x66, 0x00, 0x00, 0x00, 0x5A, 0xFF, 0x66, 0x00, 0x00, 0x00, 0x01, 0xA3, 0xFF, 0xFF,
    0xA1, 0x01, 0x79, 0xFF, 0x87, 0x8A, 0xFF, 0x73, 0xC3, 0xFF, 0x00, 0x00, 0xFF, 0xC1, 0xE2, 0xFF,
    0x00, 0x00, 0xFF, 0xE1, 0xD0, 0xFF, 0x00, 0x00, 0xFF, 0xCF, 0xA6, 0xFF, 0x4B, 0x4E, 0xFF, 0xA0,
    0x10, 0xF5, 0xFF, 0xFF, 0xF3, 0x0F, 0x00, 0x00, 0xD9, 0xDF, 0x06, 0x01, 0x00, 0x00, 0x7B, 0xFF,
    0xFF, 0x66, 0x5A, 0xFF, 0xFF, 0xFF, 0xE7, 0x1B, 0x5A, 0xFF, 0x82, 0x64, 0xFF, 0xB8, 0x5A, 0xFF,
    0x5A, 0x21, 0xFF, 0xA8, 0x5A, 0xFF, 0xFF, 0xFF, 0xFF, 0x34, 0x5A, 0xFF, 0x84, 0xFF, 0xC5, 0x00,
    0x5A, 0xFF, 0x5A, 0xA5, 0xFF, 0x22, 0x5A, 0xFF, 0x5A, 0x2D, 0xFF, 0xA2, 0x01, 0xB1, 0xFF, 0xFF,
    0xE1, 0x31, 0x6F, 0xFF, 0x94, 0x5A, 0xBA, 0x1B, 0x7C, 0xFF, 0xA2, 0x42, 0x01, 0x00, 0x09, 0xD7,
    0xFF, 0xFF, 0xFF, 0x30, 0x00, 0x00, 0x10, 0x72, 0xFF, 0xA1, 0x66, 0xDC, 0x5D, 0x78, 0xFF, 0x96,
    0x48, 0xED, 0xFF, 0xFF, 0xB9, 0x04, 0xF5, 0xFF, 0xFF, 0xFF, 0xFF, 0xF5, 0x31, 0x42, 0xFD, 0xFD,
    0x42, 0x31, 0x00, 0x00, 0xF0, 0xF0, 0x00, 0x00, 0x00, 0x00, 0xF0, 0xF0, 0x00, 0x00, 0x00, 0x00,
    0xF0, 0xF0, 0x00, 0x00, 0x00, 0x00, 0xF0, 0xF0, 0x00, 0x00, 0x00, 0x00, 0xF0, 0xF0, 0x00, 0x00,
    0xAE, 0xFF, 0x12, 0x12, 0xFF, 0xAE, 0xAE, 0xFF, 0x12, 0x12, 0xFF, 0xAE, 0xAE, 0xFF, 0x12, 0x12,
    0xFF, 0xAE, 0xAE, 0xFF, 0x12, 0x12, 0xFF, 0xAE, 0xA3, 0xFF, 0x13, 0x15, 0xFF, 0xA2, 0x70, 0xFF,
    0x90, 0x94, 0xFF, 0x6F, 0x06, 0xCA, 0xFF, 0xFF, 0xC8, 0x04, 0xF8, 0xFF, 0x00, 0x00, 0xFF, 0xF6,
    0xA3, 0xFF, 0x28, 0x13, 0xFF, 0xA2, 0x60, 0xFF, 0x7F, 0x67, 0xFF, 0x5E, 0x09, 0xFF, 0xB2, 0xBE,
    0xFF, 0x09, 0x00, 0xE7, 0xF5, 0xE4, 0xE6, 0x00, 0x00, 0xAF, 0xFF, 0xFF, 0xAE, 0x00, 0x00, 0x4B,
    0xFF, 0xFF, 0x49, 0x00, 0xFF, 0xA3, 0x00, 0x00, 0x8E, 0xFF, 0xFF, 0xB4, 0x00, 0x00, 0xA0, 0xFD,
    0xEC, 0xA3, 0xED, 0xFA, 0xB2, 0xE9, 0xD8, 0xB2, 0xFF, 0xFF, 0xA3, 0xD5, 0xC4, 0xD7, 0xFF, 0xFF,
    0xD5, 0xC1, 0xB0, 0xFF, 0xD3, 0xD4, 0xFF, 0xAD, 0xBA, 0xFF, 0xA3, 0xA3, 0xFF, 0xB8, 0xA3, 0xFF,
    0x49, 0x27, 0xFF, 0xA2, 0x13, 0xFF, 0xD8, 0xB5, 0xFF, 0x13, 0x00, 0xA5, 0xFF, 0xFF, 0xA5, 0x00,
    0x00, 0x25, 0xFF, 0xFF, 0x24, 0x00, 0x00, 0xB4, 0xFF, 0xFF, 0xB0, 0x00, 0x30, 0xFF, 0xAB, 0xB2,
    0xFF, 0x2E, 0xCB, 0xFF, 0x0D, 0x24, 0xFF, 0xCA, 0xE3, 0xFF, 0x0A, 0x04, 0xFF, 0xE2, 0x55, 0xFF,
    0x94, 0x7E, 0xFF, 0x54, 0x00, 0xEB, 0xFC, 0xEC, 0xE9, 0x00, 0x00, 0x5E, 0xFF, 0xFF, 0x5D, 0x00,
    0x00, 0x00, 0xFF, 0xFF, 0x00, 0x00, 0x00, 0x00, 0xF0, 0xF0, 0x00, 0x00, 0x00, 0x00, 0xF0, 0xF0,
    0x00, 0x00, 0xA2, 0xFF, 0xFF, 0xFF, 0xFF, 0x9C, 0x1B, 0x42, 0x42, 0xCA, 0xFF, 0x52, 0x00, 0x00,
    0x55, 0xFF, 0xA5, 0x00, 0x00, 0x13, 0xFF, 0xFC, 0x06, 0x00, 0x00, 0xC9, 0xFF, 0x37, 0x00, 0x00,
    0x78, 0xFF, 0xAD, 0x42, 0x42, 0x21, 0xA5, 0xFF, 0xFF, 0xFF, 0xFF, 0xA5, 0x42, 0xFF, 0xFF, 0xFF,
    0x15, 0x42, 0xFF, 0x06, 0x00, 0x00, 0x42, 0xFF, 0x06, 0x00, 0x00, 0x42, 0xFF, 0x06, 0x00, 0x00,
    0x42, 0xFF, 0x06, 0x00, 0x00, 0x42, 0xFF, 0x06, 0x00, 0x00, 0x42, 0xFF, 0x06, 0x00, 0x00, 0x42,
    0xFF, 0x06, 0x00, 0x00, 0x3F, 0xFF, 0xFF, 0xFF, 0x16, 0x24, 0xFF, 0x5E, 0x00, 0x00, 0x00, 0x00,
    0xE1, 0xC8, 0x00, 0x00, 0x00, 0x00, 0x7C, 0xFF, 0x12, 0x00, 0x00, 0x00, 0x09, 0xFF, 0x91, 0x00,
    0x00, 0x00, 0x00, 0xB6, 0xF1, 0x00, 0x00, 0x00, 0x00, 0x4B, 0xFF, 0x34, 0x00, 0x00, 0x00, 0x00,
    0xFF, 0xA2, 0x00, 0x00, 0x00, 0x00, 0xA9, 0xFF, 0x01, 0x00, 0x00, 0x00, 0x1E, 0xA0, 0x1F, 0x15,
    0xFF, 0xFF, 0xFF, 0x42, 0x00, 0x00, 0x06, 0xFF, 0x42, 0x00, 0x00, 0x06, 0xFF, 0x42, 0x00, 0x00,
    0x06, 0xFF, 0x42, 0x00, 0x00, 0x06, 0xFF, 0x42, 0x00, 0x00, 0x06, 0xFF, 0x42, 0x00, 0x00, 0x06,
    0xFF, 0x42, 0x00, 0x00, 0x06, 0xFF, 0x42, 0x16, 0xFF, 0xFF, 0xFF, 0x3F, 0x00, 0x00, 0x0D, 0x0D,
    0x00, 0x00, 0x00, 0x24, 0xFF, 0xFF, 0x27, 0x00, 0x00, 0xB6, 0xF8, 0xFF, 0xB9, 0x00, 0x2A, 0xFF,
    0x67, 0x82, 0xFF, 0x2A, 0xA8, 0xF6, 0x00, 0x03, 0xFF, 0xA7, 0x06, 0x25, 0x00, 0x00, 0x2A, 0x04,
    0x99, 0xFF, 0xFF, 0xFF, 0xFF, 0x99, 0x18, 0x3C, 0x3C, 0x3C, 0x3C, 0x18, 0x21, 0xAB, 0x01, 0x30,
    0xFF, 0x82, 0x00, 0x5B, 0x61, 0x1C, 0xDD, 0xFF, 0xFF, 0xB5, 0x00, 0x0D, 0x9D, 0x22, 0xA3, 0xFF,
    0x21, 0x1E, 0xCF, 0xFC, 0xFF, 0xFF, 0x3C, 0xA3, 0xFF, 0x18, 0x90, 0xFF, 0x3F, 0x3C, 0xFF, 0xFF,
    0xBD, 0xFF, 0xE6, 0x9C, 0xFF, 0x18, 0x00, 0x00, 0x00, 0x9C, 0xFF, 0x18, 0x00, 0x00, 0x00, 0x9C,
    0xFF, 0xBD, 0xFF, 0xF0, 0x18, 0x9C, 0xFF, 0x75, 0x61, 0xFF, 0xA9, 0x9C, 0xFF, 0x18, 0x00, 0xFF,
    0xB7, 0x9C, 0xFF, 0x6F, 0x5D, 0xFF, 0xA9, 0x9C, 0xFF, 0xA5, 0xFF, 0xF5, 0x19, 0x00, 0xA3, 0xFF,
    0xFF, 0xC5, 0x04, 0x48, 0xFF, 0xAC, 0x58, 0xBA, 0x1E, 0x8B, 0xFF, 0x36, 0x00, 0x00, 0x00, 0x49,
    0xFF, 0xA8, 0x4B, 0xBB, 0x2D, 0x00, 0xA3, 0xFF, 0xFF, 0xDA, 0x16, 0x00, 0x00, 0x00, 0x18, 0xFF,
    0x9C, 0x00, 0x00, 0x00, 0x18, 0xFF, 0x9C, 0x19, 0xF0, 0xFF, 0xA5, 0xFF, 0x9C, 0xAF, 0xFF, 0x61,
    0x76, 0xFF, 0x9C, 0xB9, 0xFF, 0x00, 0x18, 0xFF, 0x9C, 0xAF, 0xFF, 0x5D, 0x72, 0xFF, 0x9C, 0x1B,
    0xF5, 0xFF, 0xA1, 0xFF, 0x9C, 0x00, 0xA2, 0xFF, 0xFF, 0xA6, 0x00, 0x6A, 0xFF, 0x4F, 0x45, 0xFF,
    0x6C, 0xAF, 0xFF, 0xFF, 0xFF, 0xFF, 0xA5, 0x6F, 0xFF, 0x69, 0x34, 0x9F, 0x06, 0x00, 0xA7, 0xFF,
    0xFF, 0xDF, 0x1E, 0x00, 0x00, 0x9C, 0xFF, 0xFF, 0xB4, 0x00, 0x00, 0xF1, 0xE7, 0x1E, 0x10, 0x96,
    0xFF, 0xFF, 0xFF, 0xFF, 0xB4, 0x0D, 0x24, 0xFB, 0xE9, 0x24, 0x13, 0x00, 0x00, 0xF5, 0xE1, 0x00,
    0x00, 0x0A, 0x24, 0xFB, 0xE9, 0x24, 0x0A, 0x72, 0xFF, 0xFF, 0xFF, 0xFF, 0x7E, 0x00, 0x00, 0x00,
    0x18, 0xFF, 0xA1, 0x00, 0xB0, 0xFF, 0xFF, 0xDD, 0x16, 0x4F, 0xFF, 0x4F, 0x79, 0xFF, 0x2A, 0x40,
    0xFF, 0x57, 0x82, 0xFF, 0x1E, 0x01, 0xDA, 0xFF, 0xFF, 0x91, 0x00, 0x24, 0xFF, 0xFF, 0xFF, 0xFF,
    0xA5, 0x9C, 0xFF, 0x00, 0x01, 0xE1, 0xF6, 0x51, 0xFF, 0xFF, 0xFF, 0xFF, 0x69, 0x84, 0xFF, 0x30,
    0x00, 0x00, 0x00, 0x84, 0xFF, 0x30, 0x00, 0x00, 0x00, 0x84, 0xFF, 0xB0, 0xFF, 0xF2, 0x10, 0x84,
    0xFF, 0x82, 0x8D, 0xFF, 0x7F, 0x84, 0xFF, 0x30, 0x24, 0xFF, 0x96, 0x84, 0xFF, 0x30, 0x24, 0xFF,
    0x96, 0x84, 0xFF, 0x30, 0x24, 0xFF, 0x96, 0x00, 0x00, 0x54, 0xAD, 0x0D, 0x00, 0x00, 0x00, 0xAB,
    0xFF, 0x2B, 0x00, 0x00, 0x00, 0x00, 0x00, 0x00, 0x00, 0x18, 0xFF, 0xFF, 0xFF, 0x18, 0x00, 0x01,
    0x24, 0xB5, 0xFF, 0x18, 0x00, 0x00, 0x00, 0xA2, 0xFF, 0x18, 0x00, 0x01, 0x24, 0xB5, 0xFF, 0x39,
    0x13, 0x18, 0xFF, 0xFF, 0xFF, 0xFF, 0xB9, 0x00, 0x00, 0x16, 0xB0, 0x4B, 0x00, 0x00, 0x3C, 0xFF,
    0x9D, 0x00, 0x00, 0x00, 0x00, 0x00, 0x24, 0xFF, 0xFF, 0xFF, 0x90, 0x03, 0x24, 0x43, 0xFF, 0x90,
    0x00, 0x00, 0x24, 0xFF, 0x90, 0x00, 0x00, 0x24, 0xFF, 0x90, 0x00, 0x00, 0x24, 0xFF, 0x90, 0x01,
    0x1E, 0x3F, 0xFF, 0x88, 0x1E, 0xFF, 0xFF, 0xFF, 0x24, 0x84, 0xFF, 0x30, 0x00, 0x00, 0x00, 0x84,
    0xFF, 0x30, 0x00, 0x00, 0x00, 0x84, 0xFF, 0x30, 0xA3, 0xFF, 0x55, 0x84, 0xFF, 0xB5, 0xFF, 0x52,
    0x00, 0x84, 0xFF, 0xFF, 0xFF, 0x2B, 0x00, 0x84, 0xFF, 0x4E, 0xFF, 0xF3, 0x04, 0x84, 0xFF, 0x30,
    0x57, 0xFF, 0xA2, 0x78, 0xFF, 0xFF, 0xEB, 0x00, 0x00, 0x09, 0x1E, 0xF1, 0xEB, 0x00, 0x00, 0x00,
    0x00, 0xEB, 0xEB, 0x00, 0x00, 0x00, 0x00, 0xEB, 0xEB, 0x00, 0x00, 0x00, 0x00, 0xEB, 0xEB, 0x00,
    0x00, 0x0A, 0x24, 0xF2, 0xF2, 0x24, 0x0A, 0x78, 0xFF, 0xFF, 0xFF, 0xFF, 0x78, 0xE1, 0xF0, 0xFF,
    0xC1, 0xFF, 0xA2, 0xE1, 0xA6, 0xCB, 0xC9, 0xA8, 0xDC, 0xE1, 0xBA, 0xBE, 0xBE, 0xBA, 0xE1, 0xE1,
    0xBA, 0xBE, 0xBE, 0xBA, 0xE1, 0xE1, 0xBA, 0xBE, 0xBE, 0xBA, 0xE1, 0x84, 0xFF, 0xBF, 0xFF, 0xF2,
    0x10, 0x84, 0xFF, 0x5E, 0x6A, 0xFF, 0x7F, 0x84, 0xFF, 0x30, 0x24, 0xFF, 0x96, 0x84, 0xFF, 0x30,
    0x24, 0xFF, 0x96, 0x84, 0xFF, 0x30, 0x24, 0xFF, 0x96, 0x03, 0xB5, 0xFF, 0xFF, 0xB2, 0x03, 0x90,
    0xFF, 0x55, 0x54, 0xFF, 0x8A, 0xB0, 0xFF, 0x00, 0x00, 0xFF, 0xAF, 0x91, 0xFF, 0x4E, 0x4F, 0xFF,
    0x8B, 0x04, 0xB5, 0xFF, 0xFF, 0xB2, 0x03, 0x9C, 0xFF, 0xB2, 0xFF, 0xF0, 0x18, 0x9C, 0xFF, 0x52,
    0x3C, 0xFF, 0xA9, 0x9C, 0xFF, 0x18, 0x00, 0xFF, 0xB7, 0x9C, 0xFF, 0x70, 0x5D, 0xFF, 0xA9, 0x9C,
    0xFF, 0xA5, 0xFF, 0xF5, 0x19, 0x9C, 0xFF, 0x18, 0x00, 0x00, 0x00, 0x9C, 0xFF, 0x18, 0x00, 0x00,
    0x00, 0x19, 0xF0, 0xFF, 0xA5, 0xFF, 0x9C, 0xAF, 0xFF, 0x61, 0x76, 0xFF, 0x9C, 0xB9, 0xFF, 0x00,
    0x18, 0xFF, 0x9C, 0xAF, 0xFF, 0x5D, 0x72, 0xFF, 0x9C, 0x1B, 0xF5, 0xFF, 0xA1, 0xFF, 0x9C, 0x00,
    0x00, 0x00, 0x18, 0xFF, 0x9C, 0x00, 0x00, 0x00, 0x18, 0xFF, 0x9C, 0x66, 0xFF, 0xFF, 0xA7, 0xFF,
    0xC6, 0x09, 0x39, 0xFF, 0xEE, 0x79, 0x46, 0x00, 0x18, 0xFF, 0xA0, 0x00, 0x00, 0x09, 0x39, 0xFF,
    0xB1, 0x24, 0x03, 0x66, 0xFF, 0xFF, 0xFF, 0xFF, 0x2A, 0x03, 0xB2, 0xFF, 0xFF, 0xDF, 0x18, 0x43,
    0xFF, 0xB5, 0x25, 0x78, 0x00, 0x0C, 0xDC, 0xFF, 0xFF, 0xEE, 0x18, 0x1C, 0xA2, 0x1E, 0x93, 0xFF,
    0x6A, 0x3D, 0xEC, 0xFF, 0xFF, 0xCD, 0x0C, 0x00, 0x18, 0xFF, 0x72, 0x00, 0x00, 0x00, 0x33, 0xFF,
    0x72, 0x00, 0x00, 0xB9, 0xFF, 0xFF, 0xFF, 0xFF, 0x78, 0x13, 0x64, 0xFF, 0x8A, 0x24, 0x0A, 0x00,
    0x48, 0xFF, 0x72, 0x00, 0x00, 0x00, 0x40, 0xFF, 0x8A, 0x24, 0x0A, 0x00, 0x07, 0xEB, 0xFF, 0xFF,
    0x78, 0x96, 0xFF, 0x24, 0x30, 0xFF, 0x84, 0x96, 0xFF, 0x24, 0x30, 0xFF, 0x84, 0x96, 0xFF, 0x24,
    0x30, 0xFF, 0x84, 0x7F, 0xFF, 0x8B, 0x81, 0xFF, 0x84, 0x12, 0xF7, 0xFF, 0xA8, 0xFF, 0x84, 0xB0,
    0xFF, 0x0C, 0x03, 0xFF, 0xAD, 0x43, 0xFF, 0x72, 0x5B, 0xFF, 0x42, 0x00, 0xFF, 0xC0, 0xAD, 0xFF,
    0x00, 0x00, 0xA6, 0xFF, 0xFF, 0xA5, 0x00, 0x00, 0x1F, 0xFF, 0xFF, 0x1E, 0x00, 0xFF, 0x82, 0xE1,
    0xF2, 0x6D, 0xFF, 0xF1, 0xA6, 0xFF, 0xFF, 0x91, 0xEE, 0xC9, 0xAD, 0xFB, 0xFF, 0xA8, 0xC6, 0xA1,
    0xF5, 0xD2, 0xD3, 0xF5, 0xBE, 0x90, 0xFF, 0xA2, 0xA3, 0xFF, 0x8E, 0x6C, 0xFF, 0x91, 0x63, 0xFF,
    0x67, 0x00, 0xB0, 0xFF, 0xFF, 0xA3, 0x00, 0x00, 0x18, 0xFF, 0xFF, 0x19, 0x00, 0x00, 0xC8, 0xFF,
    0xFF, 0xD2, 0x00, 0x94, 0xFF, 0x43, 0x6C, 0xFF, 0x97, 0xC3, 0xFF, 0x09, 0x01, 0xFF, 0xC0, 0x4B,
    0xFF, 0x75, 0x5D, 0xFF, 0x48, 0x00, 0xFB, 0xCE, 0xB9, 0xF6, 0x00, 0x00, 0x8E, 0xFF, 0xFF, 0x88,
    0x00, 0x00, 0x0C, 0xFF, 0xFF, 0x09, 0x00, 0x07, 0x1E, 0xFF, 0xA6, 0x00, 0x00, 0x72, 0xFF, 0xFF,
    0x1E, 0x00, 0x00, 0x5A, 0xFF, 0xFF, 0xFF, 0xFF, 0x5A, 0x07, 0x24, 0x43, 0xFF, 0xFF, 0x19, 0x00,
    0x28, 0xFF, 0xF8, 0x18, 0x00, 0x2B, 0xFF, 0xFF, 0x36, 0x24, 0x0C, 0x84, 0xFF, 0xFF, 0xFF, 0xFF,
    0x84, 0x00, 0x00, 0xDE, 0xFF, 0xFF, 0x1B, 0x00, 0x00, 0xFF, 0x66, 0x00, 0x00, 0x00, 0x00, 0xCB,
    0xD8, 0x00, 0x00, 0x00, 0x00, 0x54, 0xFF, 0x0D, 0x00, 0x1B, 0xFF, 0xFF, 0xAA, 0x00, 0x00, 0x00,
    0x00, 0x54, 0xFF, 0x0D, 0x00, 0x00, 0x00, 0xCB, 0xD5, 0x00, 0x00, 0x00, 0x00, 0xFF, 0x66, 0x00,
    0x00, 0x00, 0x00, 0xD7, 0xFF, 0xFF, 0x1B, 0xC8, 0xC8, 0xC8, 0xC8, 0xC8, 0xC8, 0xC8, 0xC8, 0xC8,
    0xC8, 0xC8, 0xC8, 0xC8, 0xC8, 0xC8, 0xC8, 0x78, 0x78, 0x1B, 0xFF, 0xFF, 0xDC, 0x00, 0x00, 0x00,
    0x00, 0x67, 0xFF, 0x00, 0x00, 0x00, 0x00, 0xD9, 0xC8, 0x00, 0x00, 0x00, 0x0F, 0xFF, 0x51, 0x00,
    0x00, 0x00, 0x00, 0xAB, 0xFF, 0xFF, 0x1B, 0x00, 0x0F, 0xFF, 0x51, 0x00, 0x00, 0x00, 0x00, 0xD4,
    0xCA, 0x00, 0x00, 0x00, 0x00, 0x66, 0xFF, 0x00, 0x00, 0x1B, 0xFF, 0xFF, 0xD5, 0x00, 0x00, 0x30,
    0xFF, 0xFF, 0x75, 0xA6, 0xA2, 0xBE, 0xC3, 0x96, 0xFF, 0xFF, 0x4B, 0x00, 0x03, 0x00, 0x1E, 0x18,
    0x00, 0x04, 0x06, 0xFF, 0xFF, 0xAC, 0xAA, 0x1E, 0x1E, 0xA5, 0xA3, 0xD7, 0xD5, 0xFF, 0xFF, 0xFF,
    0xFF, 0x00, 0x00, 0x07, 0x0C, 0x00, 0x00, 0x00, 0x00, 0xA2, 0xE6, 0x00, 0x00, 0x00, 0xA6, 0xFF,
    0xFF, 0xE1, 0x0F, 0x54, 0xFF, 0xB5, 0xDA, 0xB4, 0x18, 0x8E, 0xFF, 0x7E, 0xC8, 0x00, 0x00, 0x4E,
    0xFF, 0xBE, 0xDA, 0xA6, 0x28, 0x00, 0xB5, 0xFF, 0xFF, 0xDD, 0x13, 0x00, 0x00, 0xA2, 0xE6, 0x00,
    0x00, 0x00, 0x88, 0xFF, 0xFF, 0xF2, 0x36, 0x15, 0xFF, 0xE4, 0x70, 0xC9, 0x37, 0x12, 0xFF, 0xB4,
    0x00, 0x00, 0x00, 0xA1, 0xFF, 0xFF, 0xFF, 0x94, 0x00, 0x16, 0xBC, 0xFF, 0x2A, 0x10, 0x00, 0x36,
    0xFF, 0xCB, 0x54, 0x54, 0x2B, 0x78, 0xFF, 0xFF, 0xFF, 0xFF, 0xAA, 0x45, 0xB8, 0x00, 0x00, 0xBA,
    0x45, 0x33, 0xFF, 0xFF, 0xFF, 0xFF, 0x33, 0x43, 0xFF, 0x9F, 0x9F, 0xFF, 0x40, 0x88, 0xFF, 0x27,
    0x28, 0xFF, 0x85, 0x5A, 0xFF, 0x6A, 0x6C, 0xFF, 0x55, 0x1B, 0xFF, 0xFF, 0xFF, 0xFF, 0x19, 0x60,
    0xD5, 0x0C, 0x0C, 0xD5, 0x60, 0xFF, 0xE9, 0x00, 0x00, 0xDD, 0xFF, 0x9F, 0xFF, 0x22, 0x19, 0xFF,
    0x9D, 0x16, 0xFF, 0xA3, 0x96, 0xFF, 0x16, 0x00, 0xC9, 0xF6, 0xED, 0xC8, 0x00, 0x9D, 0xFF, 0xFF,
    0xFF, 0xFF, 0x9D, 0x1F, 0x48, 0xF2, 0xF2, 0x48, 0x1F, 0xA8, 0xFF, 0xFF, 0xFF, 0xFF, 0xA8, 0xC8,
    0xC8, 0xC8, 0xC8, 0xC8, 0xC8, 0x5D, 0x5D, 0x00, 0x00, 0xC8, 0xC8, 0xC8, 0xC8, 0xC8, 0xC8, 0x61,
    0x61, 0x00, 0x9F, 0xFF, 0xFF, 0xD8, 0x0A, 0x03, 0xFF, 0x93, 0x13, 0x5E, 0x00, 0x00, 0xCA, 0xFF,
    0xD9, 0x87, 0x00, 0x22, 0xFA, 0x5A, 0xB2, 0xFF, 0x7E, 0x60, 0xFF, 0xBD, 0x5A, 0xF7, 0x33, 0x00,
    0x76, 0xD3, 0xFF, 0xDF, 0x00, 0x00, 0x5E, 0x1E, 0x7B, 0xFF, 0x10, 0x04, 0xCB, 0xFF, 0xFF, 0xB2,
    0x00, 0x15, 0x0C, 0x06, 0x15, 0xFF, 0xCA, 0xCB, 0xFF, 0x4B, 0x31, 0x2D, 0x49, 0x00, 0x6F, 0xBE,
    0xBE, 0x6D, 0x00, 0x87, 0x8A, 0x00, 0x00, 0x90, 0x85, 0xBA, 0x3F, 0xFD, 0xFF, 0x57, 0xBE, 0xBB,
    0xD3, 0xB1, 0x42, 0x2D, 0xBB, 0xBC, 0xD4, 0xB0, 0x3A, 0x36, 0xBF, 0x88, 0xAC, 0xFF, 0xFF, 0xD8,
    0x87, 0x00, 0x72, 0xA6, 0xA7, 0x72, 0x00, 0x85, 0xFC, 0xFF, 0x3F, 0x39, 0x12, 0xBF, 0xB1, 0x82,
    0xC1, 0xFB, 0xBA, 0xAC, 0xD9, 0xB2, 0xF6, 0x00, 0x18, 0xBA, 0x00, 0x85, 0x4E, 0x37, 0xFF, 0xD2,
    0xAD, 0xFF, 0x49, 0x9C, 0xFF, 0x19, 0xFF, 0xAF, 0x00, 0x1F, 0xF0, 0xF2, 0x99, 0xFF, 0x60, 0x00,
    0x06, 0x82, 0x00, 0x54, 0x34, 0x8B, 0xFF, 0xFF, 0xFF, 0xFF, 0x51, 0x16, 0x3C, 0x3C, 0x3C, 0xFF,
    0x54, 0x00, 0x00, 0x00, 0x00, 0xFF, 0x54, 0x00, 0x00, 0x00, 0x00, 0x3A, 0x0C, 0x10, 0x1E, 0x1E,
    0x10, 0xBE, 0xFF, 0xFF, 0xBE, 0x3C, 0x66, 0x66, 0x3C, 0x27, 0x93, 0x93, 0x25, 0xB4, 0xBA, 0x9C,
    0xB7, 0xB7, 0xB7, 0xAF, 0xB8, 0x27, 0x97, 0x99, 0x27, 0xA3, 0xFF, 0xFF, 0xA3, 0x51, 0xFF, 0xFF,
    0x4E, 0xF6, 0x7B, 0x7B, 0xF5, 0xF7, 0x7C, 0x7E, 0xF7, 0x55, 0xFF, 0xFF, 0x52, 0x00, 0x00, 0xCD,
    0xCD, 0x00, 0x00, 0x00, 0x00, 0xCD, 0xCD, 0x00, 0x00, 0x8B, 0xFF, 0xFF, 0xFF, 0xFF, 0x8B, 0x16,
    0x3C, 0xDE, 0xDE, 0x3C, 0x16, 0x12, 0x30, 0x70, 0x70, 0x30, 0x12, 0x90, 0xFF, 0xFF, 0xFF, 0xFF,
    0x90, 0x40, 0xFF, 0xFF, 0x45, 0x13, 0x36, 0xF0, 0x91, 0x0A, 0xCB, 0xDA, 0x0D, 0x93, 0xFF, 0xFF,
    0x9F, 0x5E, 0xFF, 0xFF, 0x3A, 0x18, 0x43, 0xE2, 0x8A, 0x00, 0x99, 0xFF, 0x3C, 0x63, 0xFF, 0xFF,
    0x6F, 0x01, 0xAB, 0x21, 0x84, 0xFF, 0x30, 0x61, 0x5B, 0x00, 0x84, 0xFF, 0x30, 0x30, 0xFF, 0x84,
    0x84, 0xFF, 0x30, 0x30, 0xFF, 0x84, 0x84, 0xFF, 0x30, 0x30, 0xFF, 0x84, 0x84, 0xFF, 0x67, 0x5B,
    0xFF, 0x84, 0x84, 0xFF, 0xFF, 0xCE, 0xFF, 0x84, 0x84, 0xFF, 0x0C, 0x00, 0x00, 0x00, 0x84, 0xFF,
    0x2E, 0x00, 0x00, 0x00, 0x2B, 0xED, 0xFF, 0xFF, 0xFF, 0xA5, 0xCE, 0xFF, 0xFF, 0xD7, 0xDF, 0xA5,
    0xE7, 0xFF, 0xFF, 0xCD, 0xD7, 0xA5, 0x6C, 0xFF, 0xFF, 0xCD, 0xD7, 0xA5, 0x00, 0x27, 0xD5, 0xCD,
    0xD7, 0xA5, 0x00, 0x00, 0xAF, 0xCD, 0xD7, 0xA5, 0x00, 0x00, 0xAF, 0xCD, 0xD7, 0xA5, 0x00, 0x00,
    0xAF, 0xCD, 0xD7, 0xA5, 0x00, 0x00, 0x13, 0x16, 0x18, 0x12, 0x01, 0xEC, 0xEB, 0x01, 0x04, 0xFF,
    0xFF, 0x04, 0x00, 0x58, 0x54, 0x00, 0x00, 0x66, 0xB4, 0x42, 0x03, 0xC0, 0xEB, 0x4F, 0x34, 0xFF,
    0xFF, 0x00, 0x0D, 0x8D, 0xFF, 0x00, 0x00, 0x48, 0xFF, 0x00, 0x25, 0xFF, 0xFF, 0xBB, 0x61, 0xFF,
    0xFF, 0x60, 0xE9, 0x7C, 0x7F, 0xE9, 0xEB, 0x7C, 0x7F, 0xE9, 0x61, 0xFF, 0xFF, 0x60, 0x49, 0x8A,
    0x00, 0xBB, 0x18, 0x00, 0x46, 0xFF, 0xB1, 0xD0, 0xFF, 0x37, 0x00, 0xAF, 0xFF, 0x16, 0xFF, 0x9C,
    0x5B, 0xFF, 0x9D, 0xF1, 0xF0, 0x1F, 0x33, 0x57, 0x00, 0x84, 0x06, 0x00, 0x07, 0x51, 0x07, 0x00,
    0x09, 0x4C, 0xAC, 0xFF, 0x24, 0x00, 0xA1, 0xA8, 0x00, 0xFA, 0x24, 0x3D, 0xFF, 0x0D, 0x9D, 0xFC,
    0xB5, 0x75, 0x51, 0x00, 0x00, 0x5A, 0x7C, 0x07, 0xF0, 0x9A, 0x0C, 0xFF, 0x3A, 0xBD, 0xBB, 0xAE,
    0xA3, 0xA6, 0x00, 0xD0, 0xEB, 0xE4, 0x60, 0x0D, 0x00, 0x00, 0x28, 0x30, 0x70, 0xD4, 0x18, 0x00,
    0x3A, 0xAB, 0x66, 0xFF, 0x24, 0x00, 0xDA, 0x85, 0x00, 0xFA, 0x24, 0x55, 0xFF, 0x01, 0x9D, 0xFF,
    0xFF, 0xEE, 0xFF, 0x8A, 0x00, 0xF3, 0x66, 0x48, 0x6A, 0xE3, 0x6F, 0xED, 0x00, 0x4C, 0xF8, 0x3A,
    0xCA, 0x52, 0x00, 0xD0, 0xE2, 0xAD, 0x90, 0xD2, 0xB7, 0x00, 0x70, 0xAD, 0x00, 0xC9, 0xBA, 0x30,
    0xFF, 0x1F, 0x99, 0xC9, 0xA2, 0x61, 0x45, 0x00, 0x00, 0x67, 0x88, 0x0C, 0xFF, 0xA8, 0x0F, 0xFF,
    0x34, 0xA3, 0xB6, 0xAE, 0xA6, 0xA2, 0x00, 0xD0, 0xEB, 0xE4, 0x60, 0x0D, 0x00, 0x00, 0x28, 0x30,
    0x00, 0x00, 0xCB, 0xFF, 0x21, 0x00, 0x00, 0x00, 0xAE, 0xDF, 0x12, 0x00, 0x00, 0x00, 0x16, 0x2B,
    0x00, 0x00, 0x00, 0x25, 0xD8, 0xFF, 0x00, 0x00, 0x1C, 0xFF, 0xE6, 0x7C, 0x00, 0x00, 0x4B, 0xFF,
    0xB5, 0x7B, 0xE4, 0x39, 0x00, 0xA8, 0xFF, 0xFF, 0xC0, 0x06, 0x00, 0x00, 0x1F, 0x00, 0x00, 0x00,
    0x00, 0x51, 0xFF, 0x39, 0x00, 0x00, 0x00, 0x00, 0xB0, 0xAC, 0x00, 0x00, 0x00, 0x00, 0x00, 0x00,
    0x00, 0x00, 0x00, 0x4C, 0xFF, 0xFF, 0x4B, 0x00, 0x00, 0xB4, 0xFF, 0xFF, 0xB2, 0x00, 0x00, 0xEC,
    0xD0, 0xEB, 0xEB, 0x00, 0x0D, 0xFF, 0x91, 0xB1, 0xFF, 0x0D, 0x6A, 0xFF, 0xFF, 0xFF, 0xFF, 0x69,
    0xAF, 0xFF, 0x3C, 0x42, 0xFF, 0xAD, 0xFF, 0xD9, 0x00, 0x00, 0xF7, 0xFF, 0x00, 0x00, 0x00, 0x1F,
    0x00, 0x00, 0x00, 0x00, 0x39, 0xFF, 0x51, 0x00, 0x00, 0x00, 0xAE, 0xB0, 0x00, 0x00, 0x00, 0x00,
    0x00, 0x00, 0x00, 0x00, 0x00, 0x4C, 0xFF, 0xFF, 0x4B, 0x00, 0x00, 0xB4, 0xFF, 0xFF, 0xB2, 0x00,
    0x00, 0xEC, 0xD0, 0xEB, 0xEB, 0x00, 0x0D, 0xFF, 0x91, 0xB1, 0xFF, 0x0D, 0x6A, 0xFF, 0xFF, 0xFF,
    0xFF, 0x69, 0xAF, 0xFF, 0x3C, 0x42, 0xFF, 0xAD, 0xFF, 0xD9, 0x00, 0x00, 0xF7, 0xFF, 0x00, 0x16,
    0xC5, 0xC5, 0x16, 0x00, 0x00, 0xBF, 0xB2, 0xBD, 0xBE, 0x00, 0x00, 0x00, 0x00, 0x00, 0x00, 0x00,
    0x00, 0x4C, 0xFF, 0xFF, 0x4B, 0x00, 0x00, 0xB4, 0xFF, 0xFF, 0xB2, 0x00, 0x00, 0xEC, 0xD0, 0xEB,
    0xEB, 0x00, 0x0D, 0xFF, 0x91, 0xB1, 0xFF, 0x0D, 0x6A, 0xFF, 0xFF, 0xFF, 0xFF, 0x69, 0xAF, 0xFF,
    0x3C, 0x42, 0xFF, 0xAD, 0xFF, 0xD9, 0x00, 0x00, 0xF7, 0xFF, 0x00, 0x00, 0x00, 0x00, 0x00, 0x00,
    0x00, 0xB7, 0xFF, 0xAF, 0x9C, 0x00, 0x00, 0x9D, 0xB1, 0xFF, 0xB9, 0x00, 0x00, 0x00, 0x00, 0x00,
    0x00, 0x00, 0x00, 0x4C, 0xFF, 0xFF, 0x4B, 0x00, 0x00, 0xB4, 0xFF, 0xFF, 0xB2, 0x00, 0x00, 0xEC,
    0xD0, 0xEB, 0xEB, 0x00, 0x0D, 0xFF, 0x91, 0xB1, 0xFF, 0x0D, 0x6A, 0xFF, 0xFF, 0xFF, 0xFF, 0x69,
    0xAF, 0xFF, 0x3C, 0x42, 0xFF, 0xAD, 0xFF, 0xD9, 0x00, 0x00, 0xF7, 0xFF, 0x00, 0x72, 0x4F, 0x49,
    0x70, 0x00, 0x00, 0xFF, 0xBC, 0xB9, 0xFD, 0x00, 0x00, 0x00, 0x00, 0x00, 0x00, 0x00, 0x00, 0x4C,
    0xFF, 0xFF, 0x4B, 0x00, 0x00, 0xB4, 0xFF, 0xFF, 0xB2, 0x00, 0x00, 0xEC, 0xD0, 0xEB, 0xEB, 0x00,
    0x0D, 0xFF, 0x91, 0xB1, 0xFF, 0x0D, 0x6A, 0xFF, 0xFF, 0xFF, 0xFF, 0x69, 0xAF, 0xFF, 0x3C, 0x42,
    0xFF, 0xAD, 0xFF, 0xD9, 0x00, 0x00, 0xF7, 0xFF, 0x00, 0x13, 0xB6, 0xB6, 0x13, 0x00, 0x00, 0xA3,
    0xB2, 0xB4, 0x9F, 0x00, 0x00, 0x42, 0xF8, 0xF8, 0x3D, 0x00, 0x00, 0x00, 0x00, 0x00, 0x00, 0x00,
    0x00, 0x4C, 0xFF, 0xFF, 0x4B, 0x00, 0x00, 0xB4, 0xFF, 0xFF, 0xB2, 0x00, 0x00, 0xEC, 0xD0, 0xEB,
    0xEB, 0x00, 0x0D, 0xFF, 0x91, 0xB1, 0xFF, 0x0D, 0x6A, 0xFF, 0xFF, 0xFF, 0xFF, 0x69, 0xAF, 0xFF,
    0x3C, 0x42, 0xFF, 0xAD, 0xFF, 0xD9, 0x00, 0x00, 0xF7, 0xFF, 0x00, 0x00, 0xCE, 0xFF, 0xFF, 0xE6,
    0x00, 0x00, 0xF3, 0xF3, 0x4F, 0x0C, 0x00, 0x0F, 0xE7, 0xE7, 0x42, 0x00, 0x00, 0x60, 0xCE, 0xCE,
    0xFF, 0xB7, 0x00, 0xB8, 0xFF, 0xFF, 0x5A, 0x12, 0x00, 0xE2, 0xBC, 0xCF, 0x4F, 0x0C, 0x01, 0xFF,
    0x86, 0xC4, 0xFF, 0xE6, 0x00, 0x9D, 0xFF, 0xFF, 0xCA, 0x09, 0x48, 0xFF, 0xB7, 0x66, 0xFF, 0xA8,
    0xB8, 0xFF, 0x15, 0x00, 0x37, 0x04, 0xB5, 0xFF, 0x06, 0x00, 0x00, 0x00, 0xBD, 0xFF, 0x13, 0x00,
    0x2D, 0x01, 0x52, 0xFF, 0xA9, 0x5A, 0xFF, 0xAE, 0x00, 0xA9, 0xFF, 0xFF, 0xDC, 0x0F, 0x00, 0x00,
    0x5B, 0xB4, 0x46, 0x00, 0x00, 0x00, 0xBB, 0xE8, 0x58, 0x00, 0x00, 0x00, 0x1F, 0x00, 0x00, 0x00,
    0x00, 0x48, 0xFF, 0x42, 0x00, 0x00, 0x00, 0x00, 0xA7, 0xB8, 0x00, 0x00, 0x00, 0x00, 0x00, 0x00,
    0x00, 0x00, 0x4E, 0xFF, 0xFF, 0xFF, 0xFF, 0x66, 0x4E, 0xFF, 0x9F, 0x42, 0x42, 0x10, 0x4E, 0xFF,
    0x72, 0x00, 0x00, 0x00, 0x4E, 0xFF, 0xFF, 0xFF, 0xFF, 0x3A, 0x4E, 0xFF, 0x9F, 0x42, 0x42, 0x09,
    0x4E, 0xFF, 0x9F, 0x42, 0x42, 0x10, 0x4E, 0xFF, 0xFF, 0xFF, 0xFF, 0x66, 0x00, 0x00, 0x00, 0x1F,
    0x00, 0x00, 0x00, 0x00, 0x30, 0xFF, 0x5B, 0x00, 0x00, 0x00, 0xA2, 0xB9, 0x00, 0x00, 0x00, 0x00,
    0x00, 0x00, 0x00, 0x00, 0x4E, 0xFF, 0xFF, 0xFF, 0xFF, 0x66, 0x4E, 0xFF, 0x9F, 0x42, 0x42, 0x10,
    0x4E, 0xFF, 0x72, 0x00, 0x00, 0x00, 0x4E, 0xFF, 0xFF, 0xFF, 0xFF, 0x3A, 0x4E, 0xFF, 0x9F, 0x42,
    0x42, 0x09, 0x4E, 0xFF, 0x9F, 0x42, 0x42, 0x10, 0x4E, 0xFF, 0xFF, 0xFF, 0xFF, 0x66, 0x00, 0x12,
    0xC3, 0xC9, 0x19, 0x00, 0x00, 0xB6, 0xBB, 0xB4, 0xC6, 0x00, 0x00, 0x00, 0x00, 0x00, 0x00, 0x00,
    0x4E, 0xFF, 0xFF, 0xFF, 0xFF, 0x66, 0x4E, 0xFF, 0x9F, 0x42, 0x42, 0x10, 0x4E, 0xFF, 0x72, 0x00,
    0x00, 0x00, 0x4E, 0xFF, 0xFF, 0xFF, 0xFF, 0x3A, 0x4E, 0xFF, 0x9F, 0x42, 0x42, 0x09, 0x4E, 0xFF,
    0x9F, 0x42, 0x42, 0x10, 0x4E, 0xFF, 0xFF, 0xFF, 0xFF, 0x66, 0x00, 0x6D, 0x54, 0x45, 0x75, 0x00,
    0x00, 0xF5, 0xC6, 0xB2, 0xFF, 0x00, 0x00, 0x00, 0x00, 0x00, 0x00, 0x00, 0x4E, 0xFF, 0xFF, 0xFF,
    0xFF, 0x66, 0x4E, 0xFF, 0x9F, 0x42, 0x42, 0x10, 0x4E, 0xFF, 0x72, 0x00, 0x00, 0x00, 0x4E, 0xFF,
    0xFF, 0xFF, 0xFF, 0x3A, 0x4E, 0xFF, 0x9F, 0x42, 0x42, 0x09, 0x4E, 0xFF, 0x9F, 0x42, 0x42, 0x10,
    0x4E, 0xFF, 0xFF, 0xFF, 0xFF, 0x66, 0x00, 0x00, 0x1F, 0x00, 0x00, 0x00, 0x00, 0x51, 0xFF, 0x39,
    0x00, 0x00, 0x00, 0x00, 0xB0, 0xAC, 0x00, 0x00, 0x00, 0x00, 0x00, 0x00, 0x00, 0x00, 0x60, 0xFF,
    0xFF, 0xFF, 0xFF, 0x60, 0x04, 0x12, 0xF3, 0xF3, 0x12, 0x04, 0x00, 0x00, 0xF0, 0xF0, 0x00, 0x00,
    0x00, 0x00, 0xF0, 0xF0, 0x00, 0x00, 0x00, 0x00, 0xF0, 0xF0, 0x00, 0x00, 0x04, 0x12, 0xF3, 0xF3,
    0x12, 0x04, 0x60, 0xFF, 0xFF, 0xFF, 0xFF, 0x60, 0x00, 0x00, 0x00, 0x1F, 0x00, 0x00, 0x00, 0x00,
    0x39, 0xFF, 0x51, 0x00, 0x00, 0x00, 0xAE, 0xB0, 0x00, 0x00, 0x00, 0x00, 0x00, 0x00, 0x00, 0x00,
    0x60, 0xFF, 0xFF, 0xFF, 0xFF, 0x60, 0x04, 0x12, 0xF3, 0xF3, 0x12, 0x04, 0x00, 0x00, 0xF0, 0xF0,
    0x00, 0x00, 0x00, 0x00, 0xF0, 0xF0, 0x00, 0x00, 0x00, 0x00, 0xF0, 0xF0, 0x00, 0x00, 0x04, 0x12,
    0xF3, 0xF3, 0x12, 0x04, 0x60, 0xFF, 0xFF, 0xFF, 0xFF, 0x60, 0x00, 0x16, 0xC5, 0xC5, 0x16, 0x00,
    0x00, 0xBF, 0xB2, 0xBD, 0xBE, 0x00, 0x00, 0x00, 0x00, 0x00, 0x00, 0x00, 0x60, 0xFF, 0xFF, 0xFF,
    0xFF, 0x60, 0x04, 0x12, 0xF3, 0xF3, 0x12, 0x04, 0x00, 0x00, 0xF0, 0xF0, 0x00, 0x00, 0x00, 0x00,
    0xF0, 0xF0, 0x00, 0x00, 0x00, 0x00, 0xF0, 0xF0, 0x00, 0x00, 0x04, 0x12, 0xF3, 0xF3, 0x12, 0x04,
    0x60, 0xFF, 0xFF, 0xFF, 0xFF, 0x60, 0x00, 0x72, 0x4F, 0x49, 0x70, 0x00, 0x00, 0xFF, 0xBC, 0xB9,
    0xFD, 0x00, 0x00, 0x00, 0x00, 0x00, 0x00, 0x00, 0x60, 0xFF, 0xFF, 0xFF, 0xFF, 0x60, 0x04, 0x12,
    0xF3, 0xF3, 0x12, 0x04, 0x00, 0x00, 0xF0, 0xF0, 0x00, 0x00, 0x00, 0x00, 0xF0, 0xF0, 0x00, 0x00,
    0x00, 0x00, 0xF0, 0xF0, 0x00, 0x00, 0x04, 0x12, 0xF3, 0xF3, 0x12, 0x04, 0x60, 0xFF, 0xFF, 0xFF,
    0xFF, 0x60, 0x78, 0xFF, 0xFF, 0xFF, 0xB1, 0x00, 0x78, 0xFF, 0x6A, 0xA5, 0xFF, 0x5E, 0x78, 0xFF,
    0x42, 0x00, 0xFF, 0xAB, 0xFF, 0xFF, 0xFF, 0x60, 0xFF, 0xC8, 0x97, 0xFF, 0x6D, 0x0F, 0xFF, 0xAC,
    0x78, 0xFF, 0x66, 0xA0, 0xFF, 0x60, 0x78, 0xFF, 0xFF, 0xFF, 0xB4, 0x00, 0x00, 0x00, 0x00, 0x00,
    0x00, 0x00, 0x00, 0xB7, 0xFF, 0xAF, 0x9C, 0x00, 0x00, 0x9D, 0xB1, 0xFF, 0xB9, 0x00, 0x00, 0x00,
    0x00, 0x00, 0x00, 0x00, 0x96, 0xFF, 0xB6, 0x00, 0xFF, 0x96, 0x96, 0xFF, 0xFF, 0x01, 0xFF, 0x96,
    0x96, 0xFF, 0xFF, 0x5A, 0xFF, 0x96, 0x96, 0xFF, 0xB7, 0xB6, 0xFF, 0x96, 0x96, 0xFF, 0x5D, 0xFF,
    0xFF, 0x96, 0x96, 0xFF, 0x03, 0xFF, 0xFF, 0x96, 0x96, 0xFF, 0x00, 0xB7, 0xFF, 0x96, 0x00, 0x00,
    0x1F, 0x00, 0x00, 0x00, 0x00, 0x51, 0xFF, 0x39, 0x00, 0x00, 0x00, 0x00, 0xB0, 0xAC, 0x00, 0x00,
    0x00, 0x00, 0x00, 0x00, 0x00, 0x00, 0x03, 0xA8, 0xFF, 0xFF, 0xA7, 0x03, 0x81, 0xFF, 0x84, 0x87,
    0xFF, 0x7C, 0xC6, 0xFF, 0x00, 0x00, 0xFF, 0xC5, 0xE2, 0xFF, 0x00, 0x00, 0xFF, 0xE1, 0xC8, 0xFF,
    0x00, 0x00, 0xFF, 0xC5, 0x81, 0xFF, 0x82, 0x87, 0xFF, 0x7C, 0x03, 0xAA, 0xFF, 0xFF, 0xA7, 0x03,
    0x00, 0x00, 0x00, 0x1F, 0x00, 0x00, 0x00, 0x00, 0x39, 0xFF, 0x51, 0x00, 0x00, 0x00, 0xAE, 0xB0,
    0x00, 0x00, 0x00, 0x00, 0x00, 0x00, 0x00, 0x00, 0x03, 0xA8, 0xFF, 0xFF, 0xA7, 0x03, 0x81, 0xFF,
    0x84, 0x87, 0xFF, 0x7C, 0xC6, 0xFF, 0x00, 0x00, 0xFF, 0xC5, 0xE2, 0xFF, 0x00, 0x00, 0xFF, 0xE1,
    0xC8, 0xFF, 0x00, 0x00, 0xFF, 0xC5, 0x81, 0xFF, 0x82, 0x87, 0xFF, 0x7C, 0x03, 0xAA, 0xFF, 0xFF,
    0xA7, 0x03, 0x00, 0x1E, 0xDE, 0xDE, 0x1E, 0x00, 0x00, 0xC3, 0xA6, 0xB2, 0xC0, 0x00, 0x00, 0x00,
    0x00, 0x00, 0x00, 0x00, 0x03, 0xA8, 0xFF, 0xFF, 0xA7, 0x03, 0x81, 0xFF, 0x84, 0x87, 0xFF, 0x7C,
    0xC6, 0xFF, 0x00, 0x00, 0xFF, 0xC5, 0xE2, 0xFF, 0x00, 0x00, 0xFF, 0xE1, 0xC8, 0xFF, 0x00, 0x00,
    0xFF, 0xC5, 0x81, 0xFF, 0x82, 0x87, 0xFF, 0x7C, 0x03, 0xAA, 0xFF, 0xFF, 0xA7, 0x03, 0x00, 0x00,
    0x00, 0x00, 0x00, 0x00, 0x00, 0xB7, 0xFF, 0xAF, 0x9C, 0x00, 0x00, 0x9D, 0xB1, 0xFF, 0xB9, 0x00,
    0x00, 0x00, 0x00, 0x00, 0x00, 0x00, 0x03, 0xA8, 0xFF, 0xFF, 0xA7, 0x03, 0x81, 0xFF, 0x84, 0x87,
    0xFF, 0x7C, 0xC6, 0xFF, 0x00, 0x00, 0xFF, 0xC5, 0xE2, 0xFF, 0x00, 0x00, 0xFF, 0xE1, 0xC8, 0xFF,
    0x00, 0x00, 0xFF, 0xC5, 0x81, 0xFF, 0x82, 0x87, 0xFF, 0x7C, 0x03, 0xAA, 0xFF, 0xFF, 0xA7, 0x03,
    0x00, 0x72, 0x4F, 0x49, 0x70, 0x00, 0x00, 0xFF, 0xBC, 0xB9, 0xFD, 0x00, 0x00, 0x00, 0x00, 0x00,
    0x00, 0x00, 0x03, 0xA8, 0xFF, 0xFF, 0xA7, 0x03, 0x81, 0xFF, 0x84, 0x87, 0xFF, 0x7C, 0xC6, 0xFF,
    0x00, 0x00, 0xFF, 0xC5, 0xE2, 0xFF, 0x00, 0x00, 0xFF, 0xE1, 0xC8, 0xFF, 0x00, 0x00, 0xFF, 0xC5,
    0x81, 0xFF, 0x82, 0x87, 0xFF, 0x7C, 0x03, 0xAA, 0xFF, 0xFF, 0xA7, 0x03, 0x00, 0x01, 0x00, 0x00,
    0x01, 0x00, 0x1F, 0xFF, 0x51, 0x51, 0xFF, 0x1F, 0x00, 0xBB, 0xFF, 0xFF, 0xBB, 0x00, 0x00, 0x6F,
    0xFF, 0xFF, 0x6F, 0x00, 0x1F, 0xFF, 0x97, 0x99, 0xFF, 0x1F, 0x00, 0x22, 0x00, 0x00, 0x22, 0x00,
    0x00, 0x00, 0x00, 0x00, 0x37, 0x45, 0x03, 0xA8, 0xFF, 0xFF, 0xFF, 0xBA, 0x81, 0xFF, 0x81, 0xBF,
    0xFF, 0x87, 0xC6, 0xFF, 0x18, 0xFF, 0xFF, 0xC9, 0xE2, 0xFF, 0xBC, 0xBB, 0xFF, 0xE1, 0xCA, 0xFF,
    0xFF, 0x18, 0xFF, 0xC5, 0x87, 0xFF, 0xBE, 0x84, 0xFF, 0x7C, 0xBB, 0xFF, 0xFF, 0xFF, 0xA7, 0x03,
    0x45, 0x37, 0x00, 0x00, 0x00, 0x00, 0x00, 0x00, 0x1F, 0x00, 0x00, 0x00, 0x00, 0x51, 0xFF, 0x39,
    0x00, 0x00, 0x00, 0x00, 0xB0, 0xAC, 0x00, 0x00, 0x00, 0x00, 0x00, 0x00, 0x00, 0x00, 0xAE, 0xFF,
    0x12, 0x12, 0xFF, 0xAE, 0xAE, 0xFF, 0x12, 0x12, 0xFF, 0xAE, 0xAE, 0xFF, 0x12, 0x12, 0xFF, 0xAE,
    0xAE, 0xFF, 0x12, 0x12, 0xFF, 0xAE, 0xA3, 0xFF, 0x13, 0x15, 0xFF, 0xA2, 0x70, 0xFF, 0x90, 0x94,
    0xFF, 0x6F, 0x06, 0xCA, 0xFF, 0xFF, 0xC8, 0x04, 0x00, 0x00, 0x00, 0x1F, 0x00, 0x00, 0x00, 0x00,
    0x39, 0xFF, 0x51, 0x00, 0x00, 0x00, 0xAE, 0xB0, 0x00, 0x00, 0x00, 0x00, 0x00, 0x00, 0x00, 0x00,
    0xAE, 0xFF, 0x12, 0x12, 0xFF, 0xAE, 0xAE, 0xFF, 0x12, 0x12, 0xFF, 0xAE, 0xAE, 0xFF, 0x12, 0x12,
    0xFF, 0xAE, 0xAE, 0xFF, 0x12, 0x12, 0xFF, 0xAE, 0xA3, 0xFF, 0x13, 0x15, 0xFF, 0xA2, 0x70, 0xFF,
    0x90, 0x94, 0xFF, 0x6F, 0x06, 0xCA, 0xFF, 0xFF, 0xC8, 0x04, 0x00, 0x16, 0xC5, 0xC5, 0x16, 0x00,
    0x00, 0xBF, 0xB2, 0xBD, 0xBE, 0x00, 0x00, 0x00, 0x00, 0x00, 0x00, 0x00, 0xAE, 0xFF, 0x12, 0x12,
    0xFF, 0xAE, 0xAE, 0xFF, 0x12, 0x12, 0xFF, 0xAE, 0xAE, 0xFF, 0x12, 0x12, 0xFF, 0xAE, 0xAE, 0xFF,
    0x12, 0x12, 0xFF, 0xAE, 0xA3, 0xFF, 0x13, 0x15, 0xFF, 0xA2, 0x70, 0xFF, 0x90, 0x94, 0xFF, 0x6F,
    0x06, 0xCA, 0xFF, 0xFF, 0xC8, 0x04, 0x00, 0x72, 0x4F, 0x49, 0x70, 0x00, 0x00, 0xFF, 0xBC, 0xB9,
    0xFD, 0x00, 0x00, 0x00, 0x00, 0x00, 0x00, 0x00, 0xAE, 0xFF, 0x12, 0x12, 0xFF, 0xAE, 0xAE, 0xFF,
    0x12, 0x12, 0xFF, 0xAE, 0xAE, 0xFF, 0x12, 0x12, 0xFF, 0xAE, 0xAE, 0xFF, 0x12, 0x12, 0xFF, 0xAE,
    0xA3, 0xFF, 0x13, 0x15, 0xFF, 0xA2, 0x70, 0xFF, 0x90, 0x94, 0xFF, 0x6F, 0x06, 0xCA, 0xFF, 0xFF,
    0xC8, 0x04, 0x00, 0x00, 0x00, 0x1F, 0x00, 0x00, 0x00, 0x00, 0x39, 0xFF, 0x51, 0x00, 0x00, 0x00,
    0xAE, 0xB0, 0x00, 0x00, 0x00, 0x00, 0x00, 0x00, 0x00, 0x00, 0xE3, 0xFF, 0x0A, 0x04, 0xFF, 0xE2,
    0x55, 0xFF, 0x94, 0x7E, 0xFF, 0x54, 0x00, 0xEB, 0xFC, 0xEC, 0xE9, 0x00, 0x00, 0x5E, 0xFF, 0xFF,
    0x5D, 0x00, 0x00, 0x00, 0xFF, 0xFF, 0x00, 0x00, 0x00, 0x00, 0xF0, 0xF0, 0x00, 0x00, 0x00, 0x00,
    0xF0, 0xF0, 0x00, 0x00, 0x5A, 0xFF, 0x66, 0x00, 0x00, 0x00, 0x5A, 0xFF, 0x66, 0x00, 0x00, 0x00,
    0x5A, 0xFF, 0xFF, 0xFF, 0xDD, 0x13, 0x5A, 0xFF, 0x96, 0x76, 0xFF, 0xA5, 0x5A, 0xFF, 0x66, 0x34,
    0xFF, 0xB7, 0x5A, 0xFF, 0xFF, 0xFF, 0xFF, 0x2A, 0x5A, 0xFF, 0x91, 0x31, 0x04, 0x00, 0x2E, 0xFF,
    0xFF, 0xF5, 0x00, 0x00, 0x96, 0xFF, 0x22, 0x0D, 0x00, 0x00, 0x9C, 0xFF, 0xFF, 0xFF, 0xFF, 0x9C,
    0x9C, 0xFF, 0x28, 0xA0, 0xFF, 0x2D, 0x9C, 0xFF, 0x3C, 0xFF, 0x7F, 0x00, 0x9C, 0xFF, 0x67, 0xFF,
    0xFF, 0x4F, 0x9C, 0xFF, 0x12, 0x04, 0xFF, 0xD5, 0x00, 0x00, 0x09, 0x30, 0xFF, 0xBF, 0x00, 0x00,
    0xAF, 0xFF, 0xE3, 0x24, 0x00, 0x00, 0x1F, 0x00, 0x00, 0x00, 0x00, 0x69, 0xFF, 0x27, 0x00, 0x00,
    0x00, 0x00, 0xC5, 0x96, 0x00, 0x00, 0x00, 0x00, 0x00, 0x00, 0x00, 0x00, 0x1C, 0xDD, 0xFF, 0xFF,
    0xB5, 0x00, 0x0D, 0x9D, 0x22, 0xA3, 0xFF, 0x21, 0x1E, 0xCF, 0xFC, 0xFF, 0xFF, 0x3C, 0xA3, 0xFF,
    0x18, 0x90, 0xFF, 0x3F, 0x3C, 0xFF, 0xFF, 0xBD, 0xFF, 0xE6, 0x00, 0x00, 0x00, 0x1F, 0x00, 0x00,
    0x00, 0x00, 0x4F, 0xFF, 0x3F, 0x00, 0x00, 0x00, 0xA7, 0xBD, 0x00, 0x00, 0x00, 0x00, 0x00, 0x00,
    0x00, 0x00, 0x1C, 0xDD, 0xFF, 0xFF, 0xB5, 0x00, 0x0D, 0x9D, 0x22, 0xA3, 0xFF, 0x21, 0x1E, 0xCF,
    0xFC, 0xFF, 0xFF, 0x3C, 0xA3, 0xFF, 0x18, 0x90, 0xFF, 0x3F, 0x3C, 0xFF, 0xFF, 0xBD, 0xFF, 0xE6,
    0x00, 0x00, 0x1E, 0x18, 0x00, 0x00, 0x00, 0x5A, 0xFF, 0xFF, 0x36, 0x00, 0x00, 0xDC, 0x6A, 0xA3,
    0xB6, 0x00, 0x00, 0x00, 0x00, 0x00, 0x00, 0x00, 0x1C, 0xDD, 0xFF, 0xFF, 0xB5, 0x00, 0x0D, 0x9D,
    0x22, 0xA3, 0xFF, 0x21, 0x1E, 0xCF, 0xFC, 0xFF, 0xFF, 0x3C, 0xA3, 0xFF, 0x18, 0x90, 0xFF, 0x3F,
    0x3C, 0xFF, 0xFF, 0xBD, 0xFF, 0xE6, 0x00, 0x00, 0x00, 0x00, 0x00, 0x00, 0x00, 0xCD, 0xFF, 0xAA,
    0x8D, 0x00, 0x00, 0xA9, 0xB6, 0xFF, 0xA3, 0x00, 0x00, 0x00, 0x00, 0x00, 0x00, 0x00, 0x1C, 0xDD,
    0xFF, 0xFF, 0xB5, 0x00, 0x0D, 0x9D, 0x22, 0xA3, 0xFF, 0x21, 0x1E, 0xCF, 0xFC, 0xFF, 0xFF, 0x3C,
    0xA3, 0xFF, 0x18, 0x90, 0xFF, 0x3F, 0x3C, 0xFF, 0xFF, 0xBD, 0xFF, 0xE6, 0x00, 0x7C, 0x45, 0x5D,
    0x66, 0x00, 0x00, 0xFF, 0xA8, 0xD7, 0xE7, 0x00, 0x00, 0x00, 0x00, 0x00, 0x00, 0x00, 0x1C, 0xDD,
    0xFF, 0xFF, 0xB5, 0x00, 0x0D, 0x9D, 0x22, 0xA3, 0xFF, 0x21, 0x1E, 0xCF, 0xFC, 0xFF, 0xFF, 0x3C,
    0xA3, 0xFF, 0x18, 0x90, 0xFF, 0x3F, 0x3C, 0xFF, 0xFF, 0xBD, 0xFF, 0xE6, 0x00, 0x1E, 0xBE, 0xAD,
    0x0A, 0x00, 0x00, 0xBB, 0xBE, 0xCA, 0x84, 0x00, 0x00, 0x54, 0xFA, 0xF7, 0x2D, 0x00, 0x00, 0x00,
    0x00, 0x00, 0x00, 0x00, 0x1C, 0xDD, 0xFF, 0xFF, 0xB5, 0x00, 0x0D, 0x9D, 0x22, 0xA3, 0xFF, 0x21,
    0x1E, 0xCF, 0xFC, 0xFF, 0xFF, 0x3C, 0xA3, 0xFF, 0x18, 0x90, 0xFF, 0x3F, 0x3C, 0xFF, 0xFF, 0xBD,
    0xFF, 0xE6, 0xA8, 0xFF, 0xDA, 0xE8, 0xFF, 0x58, 0x76, 0x24, 0xFF, 0xAC, 0x82, 0xE4, 0x91, 0xF6,
    0xFF, 0xFF, 0xF1, 0xE6, 0xFF, 0x69, 0xFC, 0xB7, 0x42, 0x6D, 0xC5, 0xFF, 0x9A, 0xFF, 0xFF, 0x7B,
    0x00, 0xA3, 0xFF, 0xFF, 0xC5, 0x04, 0x48, 0xFF, 0xAC, 0x58, 0xBA, 0x1E, 0x8D, 0xFF, 0x36, 0x00,
    0x00, 0x00, 0x4C, 0xFF, 0xA8, 0x4B, 0xBB, 0x2B, 0x00, 0xAC, 0xFF, 0xFF, 0xDC, 0x0D, 0x00, 0x00,
    0x60, 0xB4, 0x43, 0x00, 0x00, 0x03, 0xBF, 0xE8, 0x54, 0x00, 0x00, 0x00, 0x1F, 0x00, 0x00, 0x00,
    0x00, 0x4E, 0xFF, 0x3A, 0x00, 0x00, 0x00, 0x00, 0xAF, 0xB1, 0x00, 0x00, 0x00, 0x00, 0x00, 0x00,
    0x00, 0x00, 0x00, 0xA2, 0xFF, 0xFF, 0xA6, 0x00, 0x6A, 0xFF, 0x4F, 0x45, 0xFF, 0x6C, 0xAF, 0xFF,
    0xFF, 0xFF, 0xFF, 0xA5, 0x6F, 0xFF, 0x69, 0x34, 0x9F, 0x06, 0x00, 0xA7, 0xFF, 0xFF, 0xDF, 0x1E,
    0x00, 0x00, 0x00, 0x1F, 0x00, 0x00, 0x00, 0x00, 0x34, 0xFF, 0x57, 0x00, 0x00, 0x00, 0xA8, 0xB4,
    0x00, 0x00, 0x00, 0x00, 0x00, 0x00, 0x00, 0x00, 0x00, 0xA2, 0xFF, 0xFF, 0xA6, 0x00, 0x6A, 0xFF,
    0x4F, 0x45, 0xFF, 0x6C, 0xAF, 0xFF, 0xFF, 0xFF, 0xFF, 0xA5, 0x6F, 0xFF, 0x69, 0x34, 0x9F, 0x06,
    0x00, 0xA7, 0xFF, 0xFF, 0xDF, 0x1E, 0x00, 0x00, 0x1B, 0x1B, 0x00, 0x00, 0x00, 0x45, 0xFF, 0xFF,
    0x49, 0x00, 0x00, 0xC9, 0x81, 0x8A, 0xCD, 0x00, 0x00, 0x00, 0x00, 0x00, 0x00, 0x00, 0x00, 0xA2,
    0xFF, 0xFF, 0xA6, 0x00, 0x6A, 0xFF, 0x4F, 0x45, 0xFF, 0x6C, 0xAF, 0xFF, 0xFF, 0xFF, 0xFF, 0xA5,
    0x6F, 0xFF, 0x69, 0x34, 0x9F, 0x06, 0x00, 0xA7, 0xFF, 0xFF, 0xDF, 0x1E, 0x00, 0x70, 0x51, 0x51,
    0x72, 0x00, 0x00, 0xFB, 0xC1, 0xBE, 0xFF, 0x00, 0x00, 0x00, 0x00, 0x00, 0x00, 0x00, 0x00, 0xA2,
    0xFF, 0xFF, 0xA6, 0x00, 0x6A, 0xFF, 0x4F, 0x45, 0xFF, 0x6C, 0xAF, 0xFF, 0xFF, 0xFF, 0xFF, 0xA5,
    0x6F, 0xFF, 0x69, 0x34, 0x9F, 0x06, 0x00, 0xA7, 0xFF, 0xFF, 0xDF, 0x1E, 0x00, 0x00, 0x15, 0x0A,
    0x00, 0x00, 0x00, 0x0A, 0xFF, 0xAC, 0x00, 0x00, 0x00, 0x00, 0x64, 0xF0, 0x00, 0x00, 0x00, 0x00,
    0x00, 0x00, 0x00, 0x00, 0x18, 0xFF, 0xFF, 0xFF, 0x18, 0x00, 0x01, 0x24, 0xB5, 0xFF, 0x18, 0x00,
    0x00, 0x00, 0xA2, 0xFF, 0x18, 0x00, 0x01, 0x24, 0xB5, 0xFF, 0x39, 0x13, 0x18, 0xFF, 0xFF, 0xFF,
    0xFF, 0xB9, 0x00, 0x00, 0x00, 0x1E, 0x00, 0x00, 0x00, 0x00, 0x01, 0xFF, 0xA5, 0x00, 0x00, 0x00,
    0x46, 0xF8, 0x12, 0x00, 0x00, 0x00, 0x00, 0x00, 0x00, 0x00, 0x18, 0xFF, 0xFF, 0xFF, 0x18, 0x00,
    0x01, 0x24, 0xB5, 0xFF, 0x18, 0x00, 0x00, 0x00, 0xA2, 0xFF, 0x18, 0x00, 0x01, 0x24, 0xB5, 0xFF,
    0x39, 0x13, 0x18, 0xFF, 0xFF, 0xFF, 0xFF, 0xB9, 0x00, 0x00, 0x01, 0x04, 0x00, 0x00, 0x00, 0x09,
    0xEB, 0xFF, 0x9A, 0x00, 0x00, 0x82, 0xC9, 0x48, 0xFB, 0x18, 0x00, 0x00, 0x00, 0x00, 0x00, 0x00,
    0x18, 0xFF, 0xFF, 0xFF, 0x18, 0x00, 0x01, 0x24, 0xB5, 0xFF, 0x18, 0x00, 0x00, 0x00, 0xA2, 0xFF,
    0x18, 0x00, 0x01, 0x24, 0xB5, 0xFF, 0x39, 0x13, 0x18, 0xFF, 0xFF, 0xFF, 0xFF, 0xB9, 0x00, 0x3D,
    0x84, 0x1F, 0x99, 0x09, 0x00, 0xB5, 0xFF, 0x75, 0xFF, 0x34, 0x00, 0x00, 0x00, 0x00, 0x00, 0x00,
    0x18, 0xFF, 0xFF, 0xFF, 0x18, 0x00, 0x01, 0x24, 0xB5, 0xFF, 0x18, 0x00, 0x00, 0x00, 0xA2, 0xFF,
    0x18, 0x00, 0x01, 0x24, 0xB5, 0xFF, 0x39, 0x13, 0x18, 0xFF, 0xFF, 0xFF, 0xFF, 0xB9, 0x00, 0x00,
    0x00, 0x00, 0x07, 0x00, 0x07, 0x94, 0xFF, 0xFF, 0xAF, 0x00, 0x00, 0x43, 0xA8, 0xFF, 0xDA, 0x00,
    0x10, 0xE3, 0xFF, 0xDF, 0xFF, 0x5B, 0xA3, 0xFF, 0x5E, 0x5D, 0xFF, 0xA3, 0xB1, 0xFF, 0x00, 0x00,
    0xFF, 0xB4, 0x8B, 0xFF, 0x57, 0x51, 0xFF, 0x8A, 0x03, 0xB2, 0xFF, 0xFF, 0xBA, 0x03, 0x00, 0x00,
    0x00, 0x00, 0x00, 0x00, 0x00, 0xB1, 0xFF, 0xB0, 0x9F, 0x00, 0x00, 0x97, 0xAF, 0xFF, 0xBC, 0x00,
    0x00, 0x00, 0x00, 0x00, 0x00, 0x00, 0x84, 0xFF, 0xBF, 0xFF, 0xF2, 0x10, 0x84, 0xFF, 0x5E, 0x6A,
    0xFF, 0x7F, 0x84, 0xFF, 0x30, 0x24, 0xFF, 0x96, 0x84, 0xFF, 0x30, 0x24, 0xFF, 0x96, 0x84, 0xFF,
    0x30, 0x24, 0xFF, 0x96, 0x00, 0x00, 0x1F, 0x00, 0x00, 0x00, 0x00, 0x51, 0xFF, 0x39, 0x00, 0x00,
    0x00, 0x00, 0xB0, 0xAC, 0x00, 0x00, 0x00, 0x00, 0x00, 0x00, 0x00, 0x00, 0x03, 0xB5, 0xFF, 0xFF,
    0xB2, 0x03, 0x90, 0xFF, 0x55, 0x54, 0xFF, 0x8A, 0xB0, 0xFF, 0x00, 0x00, 0xFF, 0xAF, 0x91, 0xFF,
    0x4E, 0x4F, 0xFF, 0x8B, 0x04, 0xB5, 0xFF, 0xFF, 0xB2, 0x03, 0x00, 0x00, 0x00, 0x1F, 0x00, 0x00,
    0x00, 0x00, 0x39, 0xFF, 0x51, 0x00, 0x00, 0x00, 0xAE, 0xB0, 0x00, 0x00, 0x00, 0x00, 0x00, 0x00,
    0x00, 0x00, 0x03, 0xB5, 0xFF, 0xFF, 0xB2, 0x03, 0x90, 0xFF, 0x55, 0x54, 0xFF, 0x8A, 0xB0, 0xFF,
    0x00, 0x00, 0xFF, 0xAF, 0x91, 0xFF, 0x4E, 0x4F, 0xFF, 0x8B, 0x04, 0xB5, 0xFF, 0xFF, 0xB2, 0x03,
    0x00, 0x00, 0x1B, 0x1B, 0x00, 0x00, 0x00, 0x48, 0xFF, 0xFF, 0x46, 0x00, 0x00, 0xCA, 0x7F, 0x8B,
    0xC8, 0x00, 0x00, 0x00, 0x00, 0x00, 0x00, 0x00, 0x03, 0xB5, 0xFF, 0xFF, 0xB2, 0x03, 0x90, 0xFF,
    0x55, 0x54, 0xFF, 0x8A, 0xB0, 0xFF, 0x00, 0x00, 0xFF, 0xAF, 0x91, 0xFF, 0x4E, 0x4F, 0xFF, 0x8B,
    0x04, 0xB5, 0xFF, 0xFF, 0xB2, 0x03, 0x00, 0x00, 0x00, 0x00, 0x00, 0x00, 0x00, 0xB7, 0xFF, 0xAF,
    0x9C, 0x00, 0x00, 0x9D, 0xB1, 0xFF, 0xB9, 0x00, 0x00, 0x00, 0x00, 0x00, 0x00, 0x00, 0x03, 0xB5,
    0xFF, 0xFF, 0xB2, 0x03, 0x90, 0xFF, 0x55, 0x54, 0xFF, 0x8A, 0xB0, 0xFF, 0x00, 0x00, 0xFF, 0xAF,
    0x91, 0xFF, 0x4E, 0x4F, 0xFF, 0x8B, 0x04, 0xB5, 0xFF, 0xFF, 0xB2, 0x03, 0x00, 0x72, 0x4F, 0x49,
    0x70, 0x00, 0x00, 0xFF, 0xBC, 0xB9, 0xFD, 0x00, 0x00, 0x00, 0x00, 0x00, 0x00, 0x00, 0x03, 0xB5,
    0xFF, 0xFF, 0xB2, 0x03, 0x90, 0xFF, 0x55, 0x54, 0xFF, 0x8A, 0xB0, 0xFF, 0x00, 0x00, 0xFF, 0xAF,
    0x91, 0xFF, 0x4E, 0x4F, 0xFF, 0x8B, 0x04, 0xB5, 0xFF, 0xFF, 0xB2, 0x03, 0x00, 0x00, 0xF0, 0xED,
    0x00, 0x00, 0x00, 0x00, 0x85, 0x82, 0x00, 0x00, 0x8B, 0xFF, 0xFF, 0xFF, 0xFF, 0x8B, 0x16, 0x3C,
    0xBE, 0xBD, 0x3C, 0x16, 0x00, 0x00, 0xF0, 0xEE, 0x00, 0x00, 0x00, 0x00, 0x00, 0x00, 0x27, 0x2B,
    0x04, 0xB7, 0xFF, 0xFF, 0xFF, 0xA2, 0x91, 0xFF, 0x5A, 0xEB, 0xFF, 0x8D, 0xB1, 0xFF, 0xA6, 0xAC,
    0xFF, 0xB0, 0x90, 0xFF, 0xEB, 0x51, 0xFF, 0x8D, 0xA2, 0xFF, 0xFF, 0xFF, 0xB7, 0x03, 0x30, 0x2A,
    0x00, 0x00, 0x00, 0x00, 0x00, 0x00, 0x1F, 0x00, 0x00, 0x00, 0x00, 0x57, 0xFF, 0x34, 0x00, 0x00,
    0x00, 0x00, 0xB5, 0xA8, 0x00, 0x00, 0x00, 0x00, 0x00, 0x00, 0x00, 0x00, 0x96, 0xFF, 0x24, 0x30,
    0xFF, 0x84, 0x96, 0xFF, 0x24, 0x30, 0xFF, 0x84, 0x96, 0xFF, 0x24, 0x30, 0xFF, 0x84, 0x7F, 0xFF,
    0x8B, 0x81, 0xFF, 0x84, 0x12, 0xF7, 0xFF, 0xA8, 0xFF, 0x84, 0x00, 0x00, 0x00, 0x1F, 0x00, 0x00,
    0x00, 0x00, 0x3C, 0xFF, 0x4E, 0x00, 0x00, 0x00, 0xB1, 0xAF, 0x00, 0x00, 0x00, 0x00, 0x00, 0x00,
    0x00, 0x00, 0x96, 0xFF, 0x24, 0x30, 0xFF, 0x84, 0x96, 0xFF, 0x24, 0x30, 0xFF, 0x84, 0x96, 0xFF,
    0x24, 0x30, 0xFF, 0x84, 0x7F, 0xFF, 0x8B, 0x81, 0xFF, 0x84, 0x12, 0xF7, 0xFF, 0xA8, 0xFF, 0x84,
    0x00, 0x00, 0x03, 0x03, 0x00, 0x00, 0x00, 0x3D, 0xFF, 0xFF, 0x3A, 0x00, 0x00, 0xCB, 0x85, 0x97,
    0xC6, 0x00, 0x00, 0x00, 0x00, 0x00, 0x00, 0x00, 0x96, 0xFF, 0x24, 0x30, 0xFF, 0x84, 0x96, 0xFF,
    0x24, 0x30, 0xFF, 0x84, 0x96, 0xFF, 0x24, 0x30, 0xFF, 0x84, 0x7F, 0xFF, 0x8B, 0x81, 0xFF, 0x84,
    0x12, 0xF7, 0xFF, 0xA8, 0xFF, 0x84, 0x00, 0x72, 0x4F, 0x52, 0x70, 0x00, 0x00, 0xFF, 0xBC, 0xC4,
    0xFA, 0x00, 0x00, 0x00, 0x00, 0x00, 0x00, 0x00, 0x96, 0xFF, 0x24, 0x30, 0xFF, 0x84, 0x96, 0xFF,
    0x24, 0x30, 0xFF, 0x84, 0x96, 0xFF, 0x24, 0x30, 0xFF, 0x84, 0x7F, 0xFF, 0x8B, 0x81, 0xFF, 0x84,
    0x12, 0xF7, 0xFF, 0xA8, 0xFF, 0x84, 0x00, 0x00, 0x00, 0x1F, 0x00, 0x00, 0x00, 0x00, 0x30, 0xFF,
    0x5B, 0x00, 0x00, 0x00, 0xA2, 0xB9, 0x00, 0x00, 0x00, 0x00, 0x00, 0x00, 0x00, 0x00, 0xC3, 0xFF,
    0x09, 0x01, 0xFF, 0xC0, 0x4B, 0xFF, 0x75, 0x5D, 0xFF, 0x48, 0x00, 0xFB, 0xCE, 0xB9, 0xF6, 0x00,
    0x00, 0x8E, 0xFF, 0xFF, 0x88, 0x00, 0x00, 0x0C, 0xFF, 0xFF, 0x09, 0x00, 0x07, 0x1E, 0xFF, 0xA6,
    0x00, 0x00, 0x72, 0xFF, 0xFF, 0x1E, 0x00, 0x00, 0x9C, 0xFF, 0x18, 0x00, 0x00, 0x00, 0x9C, 0xFF,
    0x18, 0x00, 0x00, 0x00, 0x9C, 0xFF, 0xBD, 0xFF, 0xF0, 0x18, 0x9C, 0xFF, 0x75, 0x61, 0xFF, 0xA9,
    0x9C, 0xFF, 0x18, 0x00, 0xFF, 0xB7, 0x9C, 0xFF, 0x6F, 0x5D, 0xFF, 0xA9, 0x9C, 0xFF, 0xA5, 0xFF,
    0xF5, 0x19, 0x9C, 0xFF, 0x18, 0x00, 0x00, 0x00, 0x9C, 0xFF, 0x18, 0x00, 0x00, 0x00, 0x00, 0x6D,
    0x54, 0x45, 0x75, 0x00, 0x00, 0xF5, 0xC6, 0xB2, 0xFF, 0x00, 0x00, 0x00, 0x00, 0x00, 0x00, 0x00,
    0xC3, 0xFF, 0x09, 0x01, 0xFF, 0xC0, 0x4B, 0xFF, 0x75, 0x5D, 0xFF, 0x48, 0x00, 0xFB, 0xCE, 0xB9,
    0xF6, 0x00, 0x00, 0x8E, 0xFF, 0xFF, 0x88, 0x00, 0x00, 0x0C, 0xFF, 0xFF, 0x09, 0x00, 0x07, 0x1E,
    0xFF, 0xA6, 0x00, 0x00, 0x72, 0xFF, 0xFF, 0x1E, 0x00, 0x00, 0x99, 0xFF, 0xFF, 0xFF, 0xFF, 0x99,
    0x18, 0x3C, 0x3C, 0x3C, 0x3C, 0x18, 0xFF, 0xFF, 0xFF, 0xFF, 0xFF, 0xFF, 0x3C, 0x3C, 0x3C, 0x3C,
    0x3C, 0x3C, 0x00, 0x55, 0xFF, 0x07, 0x00, 0xD7, 0xFF, 0x00, 0x31, 0xFF, 0xC6, 0x00, 0x0A, 0x1E,
    0x0F, 0x00, 0x00, 0xC4, 0xFF, 0x3A, 0x00, 0xFF, 0xE1, 0x00, 0x06, 0xFF, 0x61, 0x00, 0x01, 0x1E,
    0x00, 0x00, 0x00, 0xA2, 0xE4, 0x09, 0xFF, 0x70, 0x0C, 0xFF, 0xA8, 0x90, 0xFF, 0x28, 0x99, 0xFF,
    0x82, 0xFF, 0xFF, 0x00, 0x12, 0x1E, 0x09, 0x1E, 0x18, 0x00, 0x00, 0xFF, 0xFF, 0x7C, 0xFF, 0xAF,
    0x1E, 0xFF, 0xA2, 0xA1, 0xFF, 0x16, 0x67, 0xFF, 0x10, 0xDD, 0xB1, 0x00, 0x0A, 0x15, 0x00, 0x16,
    0x09, 0x00, 0x52, 0x57, 0x58, 0x57, 0x58, 0x51, 0xC1, 0xCA, 0xCB, 0xCA, 0xCB, 0xC0, 0x00, 0x70,
    0xFF, 0xFF, 0xF8, 0x46, 0x2B, 0xFF, 0xAB, 0x49, 0xAF, 0x5E, 0xA0, 0xFF, 0xFF, 0xFF, 0x60, 0x00,
    0xA5, 0xFF, 0x06, 0x00, 0x00, 0x00, 0xA2, 0xFF, 0xFF, 0xFF, 0x60, 0x00, 0x2E, 0xFF, 0xAB, 0x46,
    0xAC, 0x5E, 0x00, 0x73, 0xFF, 0xFF, 0xFD, 0x48, 0x00, 0x1F, 0xC6, 0x13, 0x00, 0x00, 0x1F, 0xFF,
    0xE6, 0x2A, 0x24, 0x19, 0xD7, 0xFF, 0xFF, 0xFF, 0xFF, 0xE6, 0x24, 0xFF, 0xE6, 0x34, 0x30, 0x22,
    0x00, 0x24, 0xD0, 0x15, 0x00, 0x00, 0x00, 0x00, 0x03, 0x00, 0x00, 0x00, 0x00, 0x12, 0xF1, 0x91,
    0x00, 0x00, 0x12, 0xF3, 0xFF, 0xFF, 0x91, 0x00, 0x7C, 0xE9, 0xFF, 0xC3, 0xFF, 0x0A, 0x00, 0x03,
    0xFF, 0x96, 0x03, 0x00, 0x00, 0x00, 0xFF, 0x96, 0x00, 0x00, 0x00, 0x00, 0xFF, 0x96, 0x00, 0x00,
    0x00, 0x00, 0xFF, 0x96, 0x00, 0x00, 0x00, 0x00, 0x13, 0xC6, 0x1E, 0x00, 0x19, 0x24, 0x2A, 0xE6,
    0xFF, 0x1E, 0xE6, 0xFF, 0xFF, 0xFF, 0xFF, 0xD5, 0x22, 0x30, 0x34, 0xE6, 0xFF, 0x24, 0x00, 0x00,
    0x15, 0xD0, 0x24, 0x00, 0x00, 0x00, 0xFF, 0x93, 0x00, 0x00, 0x00, 0x00, 0xFF, 0x96, 0x00, 0x00,
    0x00, 0x00, 0xFF, 0x96, 0x00, 0x00, 0x00, 0x01, 0xFF, 0x96, 0x01, 0x00, 0x76, 0xE3, 0xFF, 0xC0,
    0xFB, 0x0A, 0x16, 0xFB, 0xFF, 0xFF, 0x9D, 0x00, 0x00, 0x16, 0xFA, 0x9D, 0x00, 0x00, 0x00, 0x00,
    0x06, 0x00, 0x00, 0x00, 0x00, 0x2D, 0x52, 0x52, 0x2B, 0x00, 0x2D, 0xFF, 0xC5, 0xC5, 0xFF, 0x2B,
    0xF0, 0xFF, 0xFF, 0xFF, 0xFF, 0xEE, 0x31, 0xFF, 0xC8, 0xC8, 0xFF, 0x31, 0x00, 0x30, 0x57, 0x57,
    0x30, 0x00, 0x00, 0x00, 0x03, 0x00, 0x00, 0x00, 0x00, 0x12, 0xF1, 0x91, 0x00, 0x00, 0x12, 0xF3,
    0xFF, 0xFF, 0x91, 0x00, 0x7C, 0xE9, 0xFF, 0xC3, 0xFF, 0x0A, 0x00, 0x04, 0xFF, 0x96, 0x04, 0x00,
    0x76, 0xE3, 0xFF, 0xC0, 0xFB, 0x0A, 0x16, 0xFB, 0xFF, 0xFF, 0x9D, 0x00, 0x00, 0x16, 0xFA, 0x9D,
    0x00, 0x00, 0x00, 0x00, 0x06, 0x00, 0x00, 0x00, 0x00, 0x6A, 0x9C, 0x8B, 0x00, 0x00, 0x9C, 0x00,
    0xA2, 0x00, 0x00, 0x9C, 0x00, 0xA2, 0x00, 0x00, 0x9C, 0x00, 0xA2, 0x00, 0x00, 0x9C, 0x00, 0xA2,
    0x00, 0x40, 0xF5, 0x00, 0xCA, 0x75, 0x00, 0x42, 0xB0, 0x6C, 0x00, 0x00, 0x00, 0x0C, 0x00, 0x00,
    0x00, 0x00, 0x00, 0x43, 0xFF, 0x1E, 0x39, 0xFF, 0xFF, 0xFF, 0xFF, 0xB4, 0x0D, 0x5A, 0x96, 0xFF,
    0x5E, 0x34, 0x0F, 0x66, 0xCE, 0xE9, 0x66, 0x3C, 0x36, 0xFF, 0xFF, 0xFF, 0xFF, 0xAB, 0x00, 0xAB,
    0xAB, 0x00, 0x00, 0x00, 0x10, 0x42, 0x42, 0x42, 0x42, 0x42, 0x3C, 0x54, 0xFF, 0xFF, 0xFF, 0xFF,
    0xFF, 0xF3, 0x04, 0x12, 0x12, 0x12, 0x12, 0x12, 0x10, 0x60, 0xFF, 0xFF, 0xFF, 0xFF, 0xFF, 0xFF,
    0x06, 0x18, 0x18, 0x18, 0x18, 0x18, 0x15, 0x60, 0xFF, 0xFF, 0xFF, 0xFF, 0xFF, 0xFF, 0x00, 0x00,
    0x0D, 0x84, 0xE3, 0x36, 0x18, 0xC4, 0xFF, 0xFF, 0xA6, 0x12, 0x3A, 0xFF, 0xF3, 0x5E, 0x03, 0x00,
    0x00, 0x57, 0xBE, 0xFF, 0xFF, 0x2B, 0x09, 0x3C, 0x3C, 0x45, 0xB8, 0x28, 0x3C, 0xFF, 0xFF, 0xFF,
    0xFF, 0x3C, 0x36, 0xE3, 0x84, 0x0D, 0x00, 0x00, 0x10, 0xBB, 0xFF, 0xFF, 0xC4, 0x18, 0x00, 0x06,
    0x67, 0xF6, 0xFF, 0x3A, 0x2B, 0xFF, 0xFF, 0xBE, 0x57, 0x00, 0x28, 0xB8, 0x45, 0x3C, 0x3C, 0x09,
    0x3C, 0xFF, 0xFF, 0xFF, 0xFF, 0x3C, 0x00, 0x00, 0x33, 0xBC, 0xB4, 0x21, 0x00, 0x00, 0x09, 0xFD,
    0x5E, 0x6F, 0xEE, 0x00, 0x00, 0x43, 0xC1, 0x00, 0x00, 0xDF, 0x1B, 0x00, 0x18, 0xFF, 0x19, 0x2A,
    0xFD, 0x01, 0x00, 0x8D, 0xD8, 0xF3, 0xE8, 0x49, 0x00, 0x00, 0x96, 0x01, 0x00, 0x00, 0x00, 0x00,
    0x00, 0x00, 0x00, 0x00, 0x00, 0xA6, 0xA3, 0x00, 0x00, 0x31, 0x00, 0x00, 0x9C, 0xA2, 0x00, 0xA5,
    0xD7, 0x9C, 0x9C, 0x9C, 0xA2, 0xA8, 0x36, 0x00, 0x00, 0x00, 0x00, 0xA2, 0x1E, 0xB7, 0xAA, 0x9C,
    0x9C, 0x9C, 0xA7, 0x00, 0x22, 0x72, 0x00, 0x00, 0x00, 0x00, 0x14, 0xB4, 0xB4, 0xB4, 0xB4, 0x79,
    0x05, 0x30, 0x30, 0x30, 0x30, 0x1B, 0x11, 0xB4, 0xB4, 0xB4, 0xB4, 0x64, 0x20, 0xFF, 0xFF, 0xFF,
    0xFF, 0xA2, 0x0D, 0x3C, 0x30, 0xB4, 0x30, 0xB4, 0x30, 0xB4, 0x30, 0xB4, 0x30, 0xB4, 0x30, 0xB4,
    0x30, 0xB4, 0x30, 0xB4, 0x30, 0xB4, 0x30, 0xB4, 0x30, 0xB4, 0x30, 0xB4, 0x22, 0x9A, 0x61, 0x31,
    0xFF, 0xB4, 0xFF, 0xB4, 0xFF, 0xB4, 0xFF, 0xB4, 0xFF, 0xB4, 0xFF, 0xB4, 0xFF, 0xB4, 0xFF, 0xB4,
    0xFF, 0xB4, 0xFF, 0xB4, 0xFF, 0xB4, 0xFF, 0xB4, 0xCF, 0x81, 0xA0, 0x61, 0xA8, 0xA8, 0x61, 0xA0,
    0x2A, 0x15, 0x25, 0x25, 0x15, 0x2A, 0x9F, 0x51, 0x8B, 0x8B, 0x51, 0x9F, 0xFF, 0x9D, 0xE2, 0xE2,
    0x9D, 0xFF, 0x09, 0x28, 0x30, 0xB4, 0x30, 0xB4, 0x00, 0x03, 0x2D, 0xA8, 0x30, 0xB4, 0x0C, 0x39,
    0x0C, 0x36, 0x30, 0xB4, 0x2D, 0xAB, 0x0A, 0x31, 0x30, 0xB4, 0x2E, 0xAD, 0x3A, 0x1E, 0xFF, 0xB4,
    0xFF, 0xB4, 0x04, 0x01, 0xFF, 0xA8, 0xFF, 0xB4, 0x5B, 0x2E, 0x57, 0x2D, 0xFF, 0xB4, 0xFF, 0xAB,
    0x51, 0x2A, 0xFF, 0xB4, 0xFF, 0xAE, 0xA5, 0x87, 0x97, 0xA5, 0x87, 0x97, 0x2B, 0x1E, 0x21, 0x2B,
    0x1E, 0x21, 0xA5, 0x70, 0x7E, 0xA5, 0x70, 0x7E, 0xFF, 0xB5, 0xCB, 0xFF, 0xB5, 0xCB, 0x01, 0x09,
    0x30, 0xB4, 0x2D, 0xA8, 0x16, 0x64, 0x30, 0xB4, 0x13, 0x5A, 0x2E, 0xAD, 0x30, 0xB4, 0x12, 0x54,
    0x30, 0xB4, 0x16, 0x67, 0x2D, 0xA8, 0x30, 0xB4, 0x01, 0x09, 0x0F, 0x07, 0xFF, 0xB4, 0xFF, 0xA8,
    0xA2, 0x54, 0xFF, 0xB4, 0x91, 0x4B, 0xFF, 0xAE, 0xFF, 0xB4, 0x87, 0x45, 0xFF, 0xB4, 0xA8, 0x57,
    0xFF, 0xA8, 0xFF, 0xB4, 0x0F, 0x07, 0x7B, 0xB4, 0xAD, 0x79, 0x8D, 0x43, 0x2D, 0x1B, 0x83, 0x17,
    0x00, 0x00, 0x83, 0x17, 0x00, 0x00, 0x83, 0x17, 0x00, 0x00, 0x83, 0x17, 0x00, 0x00, 0x83, 0x17,
    0x00, 0x00, 0x2A, 0x08, 0x00, 0x00, 0x79, 0xB4, 0xAA, 0x64, 0xB1, 0xFF, 0xF3, 0xA2, 0x83, 0x17,
    0x00, 0x00, 0x83, 0x17, 0x00, 0x00, 0x83, 0x17, 0x00, 0x00, 0x83, 0x17, 0x00, 0x00, 0x83, 0x17,
    0x00, 0x00, 0x6D, 0x13, 0x00, 0x00, 0xAD, 0xB4, 0xA1, 0x1B, 0xCB, 0x3F, 0x2B, 0x06, 0xD0, 0x17,
    0x00, 0x00, 0xD0, 0x17, 0x00, 0x00, 0xD0, 0x17, 0x00, 0x00, 0xD0, 0x17, 0x00, 0x00, 0xD0, 0x17,
    0x00, 0x00, 0x43, 0x06, 0x00, 0x00, 0xAD, 0xB4, 0xA0, 0x16, 0xFF, 0xFF, 0xE5, 0x2B, 0xD0, 0x17,
    0x00, 0x00, 0xD0, 0x17, 0x00, 0x00, 0xD0, 0x17, 0x00, 0x00, 0xD0, 0x17, 0x00, 0x00, 0xD0, 0x17,
    0x00, 0x00, 0x9E, 0x10, 0x00, 0x00, 0x00, 0x1B, 0xB4, 0xB4, 0xB4, 0x79, 0x00, 0x06, 0x30, 0x30,
    0x5A, 0xB4, 0x00, 0x00, 0x00, 0x00, 0x30, 0xB4, 0x00, 0x00, 0x00, 0x00, 0x30, 0xB4, 0x00, 0x00,
    0x00, 0x00, 0x30, 0xB4, 0x00, 0x00, 0x00, 0x00, 0x30, 0xB4, 0x00, 0x00, 0x00, 0x00, 0x30, 0xB4,
    0x00, 0x00, 0x00, 0x00, 0x0D, 0x3C, 0x00, 0x16, 0xB4, 0xB4, 0xB4, 0x64, 0x00, 0x2B, 0xFF, 0xFF,
    0xFF, 0xB4, 0x00, 0x00, 0x00, 0x00, 0x30, 0xB4, 0x00, 0x00, 0x00, 0x00, 0x30, 0xB4, 0x00, 0x00,
    0x00, 0x00, 0x30, 0xB4, 0x00, 0x00, 0x00, 0x00, 0x30, 0xB4, 0x00, 0x00, 0x00, 0x00, 0x30, 0xB4,
    0x00, 0x00, 0x00, 0x00, 0x22, 0x9A, 0x00, 0x79, 0xB4, 0xB4, 0xB4, 0x64, 0x00, 0x1B, 0x30, 0x30,
    0xFF, 0xB4, 0x00, 0x00, 0x00, 0x00, 0xFF, 0xB4, 0x00, 0x00, 0x00, 0x00, 0xFF, 0xB4, 0x00, 0x00,
    0x00, 0x00, 0xFF, 0xB4, 0x00, 0x00, 0x00, 0x00, 0xFF, 0xB4, 0x00, 0x00, 0x00, 0x00, 0xFF, 0xB4,
    0x00, 0x00, 0x00, 0x00, 0x61, 0x31, 0x00, 0x64, 0xB4, 0xB4, 0xB4, 0x54, 0x00, 0xA2, 0xFF, 0xFF,
    0xFF, 0xB4, 0x00, 0x00, 0x00, 0x00, 0xFF, 0xB4, 0x00, 0x00, 0x00, 0x00, 0xFF, 0xB4, 0x00, 0x00,
    0x00, 0x00, 0xFF, 0xB4, 0x00, 0x00, 0x00, 0x00, 0xFF, 0xB4, 0x00, 0x00, 0x00, 0x00, 0xFF, 0xB4,
    0x00, 0x00, 0x00, 0x00, 0xCF, 0x81, 0x6D, 0x13, 0x00, 0x00, 0x83, 0x17, 0x00, 0x00, 0x83, 0x17,
    0x00, 0x00, 0x83, 0x17, 0x00, 0x00, 0x83, 0x17, 0x00, 0x00, 0x83, 0x17, 0x00, 0x00, 0xB1, 0xBD,
    0xAD, 0x79, 0x20, 0x30, 0x2D, 0x1B, 0x2A, 0x08, 0x00, 0x00, 0x83, 0x17, 0x00, 0x00, 0x83, 0x17,
    0x00, 0x00, 0x83, 0x17, 0x00, 0x00, 0x83, 0x17, 0x00, 0x00, 0x83, 0x17, 0x00, 0x00, 0xAB, 0xBC,
    0xAA, 0x64, 0xB0, 0xFF, 0xF3, 0xA2, 0x9E, 0x10, 0x00, 0x00, 0xD0, 0x17, 0x00, 0x00, 0xD0, 0x17,
    0x00, 0x00, 0xD0, 0x17, 0x00, 0x00, 0xD0, 0x17, 0x00, 0x00, 0xD0, 0x17, 0x00, 0x00, 0xF9, 0xBC,
    0xA1, 0x1B, 0x2E, 0x30, 0x2B, 0x06, 0x43, 0x06, 0x00, 0x00, 0xD0, 0x17, 0x00, 0x00, 0xD0, 0x17,
    0x00, 0x00, 0xD0, 0x17, 0x00, 0x00, 0xD0, 0x17, 0x00, 0x00, 0xD0, 0x17, 0x00, 0x00, 0xEE, 0xBA,
    0xA0, 0x16, 0xFF, 0xFF, 0xE5, 0x2B, 0x00, 0x00, 0x00, 0x00, 0x22, 0x9A, 0x00, 0x00, 0x00, 0x00,
    0x30, 0xB4, 0x00, 0x00, 0x00, 0x00, 0x30, 0xB4, 0x00, 0x00, 0x00, 0x00, 0x30, 0xB4, 0x00, 0x00,
    0x00, 0x00, 0x30, 0xB4, 0x00, 0x00, 0x00, 0x00, 0x30, 0xB4, 0x00, 0x1B, 0xB4, 0xB4, 0xC5, 0xB4,
    0x00, 0x06, 0x30, 0x30, 0x30, 0x1B, 0x00, 0x00, 0x00, 0x00, 0x0D, 0x3C, 0x00, 0x00, 0x00, 0x00,
    0x30, 0xB4, 0x00, 0x00, 0x00, 0x00, 0x30, 0xB4, 0x00, 0x00, 0x00, 0x00, 0x30, 0xB4, 0x00, 0x00,
    0x00, 0x00, 0x30, 0xB4, 0x00, 0x00, 0x00, 0x00, 0x30, 0xB4, 0x00, 0x16, 0xB4, 0xB4, 0xAB, 0xB4,
    0x00, 0x2B, 0xFF, 0xFF, 0xFF, 0xA2, 0x00, 0x00, 0x00, 0x00, 0xCF, 0x81, 0x00, 0x00, 0x00, 0x00,
    0xFF, 0xB4, 0x00, 0x00, 0x00, 0x00, 0xFF, 0xB4, 0x00, 0x00, 0x00, 0x00, 0xFF, 0xB4, 0x00, 0x00,
    0x00, 0x00, 0xFF, 0xB4, 0x00, 0x00, 0x00, 0x00, 0xFF, 0xB4, 0x00, 0x79, 0xB4, 0xB4, 0xFF, 0xB4,
    0x00, 0x1B, 0x30, 0x30, 0x30, 0x16, 0x00, 0x00, 0x00, 0x00, 0x61, 0x31, 0x00, 0x00, 0x00, 0x00,
    0xFF, 0xB4, 0x00, 0x00, 0x00, 0x00, 0xFF, 0xB4, 0x00, 0x00, 0x00, 0x00, 0xFF, 0xB4, 0x00, 0x00,
    0x00, 0x00, 0xFF, 0xB4, 0x00, 0x00, 0x00, 0x00, 0xFF, 0xB4, 0x00, 0x64, 0xB4, 0xB4, 0xFF, 0xB4,
    0x00, 0xA2, 0xFF, 0xFF, 0xFF, 0xA2, 0x2A, 0x08, 0x00, 0x00, 0x83, 0x17, 0x00, 0x00, 0x83, 0x17,
    0x00, 0x00, 0x83, 0x17, 0x00, 0x00, 0x83, 0x17, 0x00, 0x00, 0x83, 0x17, 0x00, 0x00, 0x8D, 0x43,
    0x2D, 0x1B, 0xB1, 0xBD, 0xAD, 0x79, 0x83, 0x17, 0x00, 0x00, 0x83, 0x17, 0x00, 0x00, 0x83, 0x17,
    0x00, 0x00, 0x83, 0x17, 0x00, 0x00, 0x83, 0x17, 0x00, 0x00, 0x6D, 0x13, 0x00, 0x00, 0x2A, 0x08,
    0x00, 0x00, 0x83, 0x17, 0x00, 0x00, 0x83, 0x17, 0x00, 0x00, 0x83, 0x17, 0x00, 0x00, 0x83, 0x17,
    0x00, 0x00, 0x83, 0x17, 0x00, 0x00, 0xAB, 0xBC, 0xAA, 0x64, 0xB1, 0xFF, 0xF3, 0xA2, 0x83, 0x17,
    0x00, 0x00, 0x83, 0x17, 0x00, 0x00, 0x83, 0x17, 0x00, 0x00, 0x83, 0x17, 0x00, 0x00, 0x83, 0x17,
    0x00, 0x00, 0x6D, 0x13, 0x00, 0x00, 0x9E, 0x10, 0x00, 0x00, 0xD0, 0x17, 0x00, 0x00, 0xD0, 0x17,
    0x00, 0x00, 0xD0, 0x17, 0x00, 0x00, 0xD0, 0x17, 0x00, 0x00, 0xD0, 0x17, 0x00, 0x00, 0xF9, 0xBC,
    0xA1, 0x1B, 0x81, 0x35, 0x2B, 0x06, 0x62, 0x06, 0x00, 0x00, 0x62, 0x06, 0x00, 0x00, 0x62, 0x06,
    0x00, 0x00, 0x62, 0x06, 0x00, 0x00, 0x62, 0x06, 0x00, 0x00, 0x1F, 0x02, 0x00, 0x00, 0x1F, 0x02,
    0x00, 0x00, 0x62, 0x06, 0x00, 0x00, 0x62, 0x06, 0x00, 0x00, 0x62, 0x06, 0x00, 0x00, 0x62, 0x06,
    0x00, 0x00, 0x62, 0x06, 0x00, 0x00, 0x81, 0x35, 0x2B, 0x06, 0xF9, 0xBC, 0xA1, 0x1B, 0xD0, 0x17,
    0x00, 0x00, 0xD0, 0x17, 0x00, 0x00, 0xD0, 0x17, 0x00, 0x00, 0xD0, 0x17, 0x00, 0x00, 0xD0, 0x17,
    0x00, 0x00, 0x9E, 0x10, 0x00, 0x00, 0x43, 0x06, 0x00, 0x00, 0xD0, 0x17, 0x00, 0x00, 0xD0, 0x17,
    0x00, 0x00, 0xD0, 0x17, 0x00, 0x00, 0xD0, 0x17, 0x00, 0x00, 0xD0, 0x17, 0x00, 0x00, 0xCB, 0x3F,
    0x2B, 0x06, 0xF9, 0xBC, 0xA1, 0x1B, 0xD0, 0x17, 0x00, 0x00, 0xD0, 0x17, 0x00, 0x00, 0xD0, 0x17,
    0x00, 0x00, 0xD0, 0x17, 0x00, 0x00, 0xD0, 0x17, 0x00, 0x00, 0x9E, 0x10, 0x00, 0x00, 0x43, 0x06,
    0x00, 0x00, 0xD0, 0x17, 0x00, 0x00, 0xD0, 0x17, 0x00, 0x00, 0xD0, 0x17, 0x00, 0x00, 0xD0, 0x17,
    0x00, 0x00, 0xD0, 0x17, 0x00, 0x00, 0xEE, 0xBA, 0xA0, 0x16, 0xFF, 0xFF, 0xE5, 0x2B, 0x62, 0x06,
    0x00, 0x00, 0x62, 0x06, 0x00, 0x00, 0x62, 0x06, 0x00, 0x00, 0x62, 0x06, 0x00, 0x00, 0x62, 0x06,
    0x00, 0x00, 0x4F, 0x04, 0x00, 0x00, 0x4F, 0x04, 0x00, 0x00, 0x62, 0x06, 0x00, 0x00, 0x62, 0x06,
    0x00, 0x00, 0x62, 0x06, 0x00, 0x00, 0x62, 0x06, 0x00, 0x00, 0x62, 0x06, 0x00, 0x00, 0xFF, 0xFF,
    0xE5, 0x2B, 0xED, 0xB5, 0x9B, 0x15, 0xD0, 0x17, 0x00, 0x00, 0xD0, 0x17, 0x00, 0x00, 0xD0, 0x17,
    0x00, 0x00, 0xD0, 0x17, 0x00, 0x00, 0xD0, 0x17, 0x00, 0x00, 0x43, 0x06, 0x00, 0x00, 0x43, 0x06,
    0x00, 0x00, 0xD0, 0x17, 0x00, 0x00, 0xD0, 0x17, 0x00, 0x00, 0xD0, 0x17, 0x00, 0x00, 0xD0, 0x17,
    0x00, 0x00, 0xD0, 0x17, 0x00, 0x00, 0xEE, 0xBA, 0xA0, 0x16, 0xFF, 0xFF, 0xE5, 0x2B, 0xD0, 0x17,
    0x00, 0x00, 0xD0, 0x17, 0x00, 0x00, 0xD0, 0x17, 0x00, 0x00, 0xD0, 0x17, 0x00, 0x00, 0xD0, 0x17,
    0x00, 0x00, 0x9E, 0x10, 0x00, 0x00, 0x00, 0x00, 0x00, 0x00, 0x0D, 0x3C, 0x00, 0x00, 0x00, 0x00,
    0x30, 0xB4, 0x00, 0x00, 0x00, 0x00, 0x30, 0xB4, 0x00, 0x00, 0x00, 0x00, 0x30, 0xB4, 0x00, 0x00,
    0x00, 0x00, 0x30, 0xB4, 0x00, 0x00, 0x00, 0x00, 0x30, 0xB4, 0x00, 0x06, 0x30, 0x30, 0x5A, 0xB4,
    0x00, 0x1B, 0xB4, 0xB4, 0xC5, 0xB4, 0x00, 0x00, 0x00, 0x00, 0x30, 0xB4, 0x00, 0x00, 0x00, 0x00,
    0x30, 0xB4, 0x00, 0x00, 0x00, 0x00, 0x30, 0xB4, 0x00, 0x00, 0x00, 0x00, 0x30, 0xB4, 0x00, 0x00,
    0x00, 0x00, 0x30, 0xB4, 0x00, 0x00, 0x00, 0x00, 0x22, 0x9A, 0x00, 0x00, 0x00, 0x00, 0x0D, 0x3C,
    0x00, 0x00, 0x00, 0x00, 0x30, 0xB4, 0x00, 0x00, 0x00, 0x00, 0x30, 0xB4, 0x00, 0x00, 0x00, 0x00,
    0x30, 0xB4, 0x00, 0x00, 0x00, 0x00, 0x30, 0xB4, 0x00, 0x00, 0x00, 0x00, 0x30, 0xB4, 0x00, 0x16,
    0xB4, 0xB4, 0xAB, 0xB4, 0x00, 0x2B, 0xFF, 0xFF, 0xFF, 0xB4, 0x00, 0x00, 0x00, 0x00, 0x30, 0xB4,
    0x00, 0x00, 0x00, 0x00, 0x30, 0xB4, 0x00, 0x00, 0x00, 0x00, 0x30, 0xB4, 0x00, 0x00, 0x00, 0x00,
    0x30, 0xB4, 0x00, 0x00, 0x00, 0x00, 0x30, 0xB4, 0x00, 0x00, 0x00, 0x00, 0x22, 0x9A, 0x00, 0x00,
    0x00, 0x00, 0xCF, 0x81, 0x00, 0x00, 0x00, 0x00, 0xFF, 0xB4, 0x00, 0x00, 0x00, 0x00, 0xFF, 0xB4,
    0x00, 0x00, 0x00, 0x00, 0xFF, 0xB4, 0x00, 0x00, 0x00, 0x00, 0xFF, 0xB4, 0x00, 0x00, 0x00, 0x00,
    0xFF, 0xB4, 0x00, 0x79, 0xB4, 0xB4, 0xFF, 0xB4, 0x00, 0x1B, 0x30, 0x30, 0xC5, 0x40, 0x00, 0x00,
    0x00, 0x00, 0xB4, 0x30, 0x00, 0x00, 0x00, 0x00, 0xB4, 0x30, 0x00, 0x00, 0x00, 0x00, 0xB4, 0x30,
    0x00, 0x00, 0x00, 0x00, 0xB4, 0x30, 0x00, 0x00, 0x00, 0x00, 0xB4, 0x30, 0x00, 0x00, 0x00, 0x00,
    0x3C, 0x0D, 0x00, 0x00, 0x00, 0x00, 0x9A, 0x22, 0x00, 0x00, 0x00, 0x00, 0xB4, 0x30, 0x00, 0x00,
    0x00, 0x00, 0xB4, 0x30, 0x00, 0x00, 0x00, 0x00, 0xB4, 0x30, 0x00, 0x00, 0x00, 0x00, 0xB4, 0x30,
    0x00, 0x00, 0x00, 0x00, 0xB4, 0x30, 0x00, 0x79, 0xB4, 0xB4, 0xFF, 0x79, 0x00, 0x1B, 0x30, 0x30,
    0xFF, 0xB4, 0x00, 0x00, 0x00, 0x00, 0xFF, 0xB4, 0x00, 0x00, 0x00, 0x00, 0xFF, 0xB4, 0x00, 0x00,
    0x00, 0x00, 0xFF, 0xB4, 0x00, 0x00, 0x00, 0x00, 0xFF, 0xB4, 0x00, 0x00, 0x00, 0x00, 0xFF, 0xB4,
    0x00, 0x00, 0x00, 0x00, 0x61, 0x31, 0x00, 0x00, 0x00, 0x00, 0x61, 0x31, 0x00, 0x00, 0x00, 0x00,
    0xFF, 0xB4, 0x00, 0x00, 0x00, 0x00, 0xFF, 0xB4, 0x00, 0x00, 0x00, 0x00, 0xFF, 0xB4, 0x00, 0x00,
    0x00, 0x00, 0xFF, 0xB4, 0x00, 0x00, 0x00, 0x00, 0xFF, 0xB4, 0x00, 0x1B, 0x30, 0x30, 0xFF, 0xB4,
    0x00, 0x79, 0xB4, 0xB4, 0xFF, 0xB4, 0x00, 0x00, 0x00, 0x00, 0xFF, 0xB4, 0x00, 0x00, 0x00, 0x00,
    0xFF, 0xB4, 0x00, 0x00, 0x00, 0x00, 0xFF, 0xB4, 0x00, 0x00, 0x00, 0x00, 0xFF, 0xB4, 0x00, 0x00,
    0x00, 0x00, 0xFF, 0xB4, 0x00, 0x00, 0x00, 0x00, 0xCF, 0x81, 0x00, 0x00, 0x00, 0x00, 0x61, 0x31,
    0x00, 0x00, 0x00, 0x00, 0xFF, 0xB4, 0x00, 0x00, 0x00, 0x00, 0xFF, 0xB4, 0x00, 0x00, 0x00, 0x00,
    0xFF, 0xB4, 0x00, 0x00, 0x00, 0x00, 0xFF, 0xB4, 0x00, 0x00, 0x00, 0x00, 0xFF, 0xB4, 0x00, 0x61,
    0xAE, 0xAE, 0xFF, 0xB4, 0x00, 0xA2, 0xFF, 0xFF, 0xFF, 0xA6, 0x00, 0x00, 0x00, 0x00, 0xB4, 0x30,
    0x00, 0x00, 0x00, 0x00, 0xB4, 0x30, 0x00, 0x00, 0x00, 0x00, 0xB4, 0x30, 0x00, 0x00, 0x00, 0x00,
    0xB4, 0x30, 0x00, 0x00, 0x00, 0x00, 0xB4, 0x30, 0x00, 0x00, 0x00, 0x00, 0x9A, 0x22, 0x00, 0x00,
    0x00, 0x00, 0x3C, 0x0D, 0x00, 0x00, 0x00, 0x00, 0xB4, 0x30, 0x00, 0x00, 0x00, 0x00, 0xB4, 0x30,
    0x00, 0x00, 0x00, 0x00, 0xB4, 0x30, 0x00, 0x00, 0x00, 0x00, 0xB4, 0x30, 0x00, 0x00, 0x00, 0x00,
    0xB4, 0x30, 0x00, 0x64, 0xB4, 0xB4, 0xF5, 0x6D, 0x00, 0xA2, 0xFF, 0xFF, 0xFF, 0xB4, 0x00, 0x00,
    0x00, 0x00, 0xFF, 0xB4, 0x00, 0x00, 0x00, 0x00, 0xFF, 0xB4, 0x00, 0x00, 0x00, 0x00, 0xFF, 0xB4,
    0x00, 0x00, 0x00, 0x00, 0xFF, 0xB4, 0x00, 0x00, 0x00, 0x00, 0xFF, 0xB4, 0x00, 0x00, 0x00, 0x00,
    0xCF, 0x81, 0x00, 0x00, 0x00, 0x00, 0x61, 0x31, 0x00, 0x00, 0x00, 0x00, 0xFF, 0xB4, 0x00, 0x00,
    0x00, 0x00, 0xFF, 0xB4, 0x00, 0x00, 0x00, 0x00, 0xFF, 0xB4, 0x00, 0x00, 0x00, 0x00, 0xFF, 0xB4,
    0x00, 0x00, 0x00, 0x00, 0xFF, 0xB4, 0x00, 0x64, 0xB4, 0xB4, 0xFF, 0xB4, 0x00, 0xA2, 0xFF, 0xFF,
    0xFF, 0xB4, 0x00, 0x00, 0x00, 0x00, 0xFF, 0xB4, 0x00, 0x00, 0x00, 0x00, 0xFF, 0xB4, 0x00, 0x00,
    0x00, 0x00, 0xFF, 0xB4, 0x00, 0x00, 0x00, 0x00, 0xFF, 0xB4, 0x00, 0x00, 0x00, 0x00, 0xFF, 0xB4,
    0x00, 0x00, 0x00, 0x00, 0xCF, 0x81, 0x14, 0xB4, 0xB4, 0xB4, 0xB4, 0x79, 0x05, 0x30, 0x50, 0xA0,
    0x30, 0x1B, 0x00, 0x00, 0x24, 0x87, 0x00, 0x00, 0x00, 0x00, 0x24, 0x87, 0x00, 0x00, 0x00, 0x00,
    0x24, 0x87, 0x00, 0x00, 0x00, 0x00, 0x24, 0x87, 0x00, 0x00, 0x00, 0x00, 0x24, 0x87, 0x00, 0x00,
    0x00, 0x00, 0x0A, 0x2D, 0x00, 0x00, 0x11, 0xB4, 0xB4, 0x67, 0x30, 0x1B, 0x20, 0xFF, 0xFF, 0xEC,
    0xB4, 0x79, 0x00, 0x00, 0x24, 0x87, 0x00, 0x00, 0x00, 0x00, 0x24, 0x87, 0x00, 0x00, 0x00, 0x00,
    0x24, 0x87, 0x00, 0x00, 0x00, 0x00, 0x24, 0x87, 0x00, 0x00, 0x00, 0x00, 0x24, 0x87, 0x00, 0x00,
    0x00, 0x00, 0x1A, 0x74, 0x00, 0x00, 0x05, 0x30, 0x3C, 0xB4, 0xB4, 0x64, 0x14, 0xB4, 0xC1, 0xFF,
    0xFF, 0xA2, 0x00, 0x00, 0x24, 0x87, 0x00, 0x00, 0x00, 0x00, 0x24, 0x87, 0x00, 0x00, 0x00, 0x00,
    0x24, 0x87, 0x00, 0x00, 0x00, 0x00, 0x24, 0x87, 0x00, 0x00, 0x00, 0x00, 0x24, 0x87, 0x00, 0x00,
    0x00, 0x00, 0x1A, 0x74, 0x00, 0x00, 0x11, 0xB4, 0xB4, 0xB4, 0xB4, 0x64, 0x20, 0xFF, 0xFF, 0xFF,
    0xFF, 0xA2, 0x00, 0x00, 0x24, 0x87, 0x00, 0x00, 0x00, 0x00, 0x24, 0x87, 0x00, 0x00, 0x00, 0x00,
    0x24, 0x87, 0x00, 0x00, 0x00, 0x00, 0x24, 0x87, 0x00, 0x00, 0x00, 0x00, 0x24, 0x87, 0x00, 0x00,
    0x00, 0x00, 0x1A, 0x74, 0x00, 0x00, 0x14, 0xB4, 0xB4, 0xB4, 0xB4, 0x79, 0x05, 0x30, 0x8C, 0xCB,
    0x30, 0x1B, 0x00, 0x00, 0x87, 0xBF, 0x00, 0x00, 0x00, 0x00, 0x87, 0xBF, 0x00, 0x00, 0x00, 0x00,
    0x87, 0xBF, 0x00, 0x00, 0x00, 0x00, 0x87, 0xBF, 0x00, 0x00, 0x00, 0x00, 0x87, 0xBF, 0x00, 0x00,
    0x00, 0x00, 0x25, 0x49, 0x00, 0x00, 0x4B, 0xB4, 0xB4, 0x5E, 0x30, 0x06, 0x7A, 0xFF, 0xFF, 0xE5,
    0xB4, 0x1B, 0x00, 0x00, 0xBF, 0x87, 0x00, 0x00, 0x00, 0x00, 0xBF, 0x87, 0x00, 0x00, 0x00, 0x00,
    0xBF, 0x87, 0x00, 0x00, 0x00, 0x00, 0xBF, 0x87, 0x00, 0x00, 0x00, 0x00, 0xBF, 0x87, 0x00, 0x00,
    0x00, 0x00, 0x9B, 0x61, 0x00, 0x00, 0x14, 0x30, 0x89, 0xB4, 0xB4, 0x16, 0x5B, 0xB4, 0xEC, 0xFF,
    0xFF, 0x2B, 0x00, 0x00, 0xBF, 0x87, 0x00, 0x00, 0x00, 0x00, 0xBF, 0x87, 0x00, 0x00, 0x00, 0x00,
    0xBF, 0x87, 0x00, 0x00, 0x00, 0x00, 0xBF, 0x87, 0x00, 0x00, 0x00, 0x00, 0xBF, 0x87, 0x00, 0x00,
    0x00, 0x00, 0x9B, 0x61, 0x00, 0x00, 0x11, 0xB4, 0xB4, 0xB4, 0xB4, 0x64, 0x20, 0xFF, 0xFF, 0xFF,
    0xFF, 0xA2, 0x00, 0x00, 0x87, 0xBF, 0x00, 0x00, 0x00, 0x00, 0x87, 0xBF, 0x00, 0x00, 0x00, 0x00,
    0x87, 0xBF, 0x00, 0x00, 0x00, 0x00, 0x87, 0xBF, 0x00, 0x00, 0x00, 0x00, 0x87, 0xBF, 0x00, 0x00,
    0x00, 0x00, 0x61, 0x9B, 0x00, 0x00, 0x00, 0x00, 0x1A, 0x74, 0x00, 0x00, 0x00, 0x00, 0x24, 0x87,
    0x00, 0x00, 0x00, 0x00, 0x24, 0x87, 0x00, 0x00, 0x00, 0x00, 0x24, 0x87, 0x00, 0x00, 0x00, 0x00,
    0x24, 0x87, 0x00, 0x00, 0x00, 0x00, 0x24, 0x87, 0x00, 0x00, 0x14, 0xB4, 0xC1, 0xEC, 0xB4, 0x79,
    0x05, 0x30, 0x30, 0x30, 0x30, 0x1B, 0x00, 0x00, 0x0A, 0x2D, 0x00, 0x00, 0x00, 0x00, 0x24, 0x87,
    0x00, 0x00, 0x00, 0x00, 0x24, 0x87, 0x00, 0x00, 0x00, 0x00, 0x24, 0x87, 0x00, 0x00, 0x00, 0x00,
    0x24, 0x87, 0x00, 0x00, 0x00, 0x00, 0x24, 0x87, 0x00, 0x00, 0x11, 0xB4, 0xAD, 0xA0, 0x30, 0x1B,
    0x20, 0xFF, 0xFF, 0xE2, 0xB4, 0x79, 0x00, 0x00, 0x0A, 0x2D, 0x00, 0x00, 0x00, 0x00, 0x24, 0x87,
    0x00, 0x00, 0x00, 0x00, 0x24, 0x87, 0x00, 0x00, 0x00, 0x00, 0x24, 0x87, 0x00, 0x00, 0x00, 0x00,
    0x24, 0x87, 0x00, 0x00, 0x00, 0x00, 0x24, 0x87, 0x00, 0x00, 0x05, 0x30, 0x50, 0xE5, 0xB4, 0x64,
    0x14, 0xB4, 0xBE, 0xFF, 0xFF, 0xA2, 0x00, 0x00, 0x0A, 0x2D, 0x00, 0x00, 0x00, 0x00, 0x24, 0x87,
    0x00, 0x00, 0x00, 0x00, 0x24, 0x87, 0x00, 0x00, 0x00, 0x00, 0x24, 0x87, 0x00, 0x00, 0x00, 0x00,
    0x24, 0x87, 0x00, 0x00, 0x00, 0x00, 0x24, 0x87, 0x00, 0x00, 0x11, 0xB4, 0xAD, 0xE5, 0xB4, 0x64,
    0x20, 0xFF, 0xFF, 0xFF, 0xFF, 0xA2, 0x00, 0x00, 0x61, 0x9B, 0x00, 0x00, 0x00, 0x00, 0x87, 0xBF,
    0x00, 0x00, 0x00, 0x00, 0x87, 0xBF, 0x00, 0x00, 0x00, 0x00, 0x87, 0xBF, 0x00, 0x00, 0x00, 0x00,
    0x87, 0xBF, 0x00, 0x00, 0x00, 0x00, 0x87, 0xBF, 0x00, 0x00, 0x14, 0xB4, 0xE5, 0xEC, 0xB4, 0x79,
    0x05, 0x30, 0x30, 0x30, 0x30, 0x1B, 0x00, 0x00, 0x49, 0x25, 0x00, 0x00, 0x00, 0x00, 0xBF, 0x87,
    0x00, 0x00, 0x00, 0x00, 0xBF, 0x87, 0x00, 0x00, 0x00, 0x00, 0xBF, 0x87, 0x00, 0x00, 0x00, 0x00,
    0xBF, 0x87, 0x00, 0x00, 0x00, 0x00, 0xBF, 0x87, 0x00, 0x00, 0x4B, 0xB4, 0xEC, 0x8C, 0x30, 0x06,
    0x7A, 0xFF, 0xFF, 0xDA, 0xB4, 0x1B, 0x00, 0x00, 0x49, 0x25, 0x00, 0x00, 0x00, 0x00, 0xBF, 0x87,
    0x00, 0x00, 0x00, 0x00, 0xBF, 0x87, 0x00, 0x00, 0x00, 0x00, 0xBF, 0x87, 0x00, 0x00, 0x00, 0x00,
    0xBF, 0x87, 0x00, 0x00, 0x00, 0x00, 0xBF, 0x87, 0x00, 0x00, 0x14, 0x30, 0xCB, 0xD8, 0xB4, 0x16,
    0x5B, 0xB4, 0xEC, 0xFF, 0xFF, 0x2B, 0x00, 0x00, 0x25, 0x49, 0x00, 0x00, 0x00, 0x00, 0x87, 0xBF,
    0x00, 0x00, 0x00, 0x00, 0x87, 0xBF, 0x00, 0x00, 0x00, 0x00, 0x87, 0xBF, 0x00, 0x00, 0x00, 0x00,
    0x87, 0xBF, 0x00, 0x00, 0x00, 0x00, 0x87, 0xBF, 0x00, 0x00, 0x11, 0xB4, 0xD8, 0xEC, 0xB4, 0x64,
    0x20, 0xFF, 0xFF, 0xFF, 0xFF, 0xA2, 0x00, 0x00, 0x0A, 0x2D, 0x00, 0x00, 0x00, 0x00, 0x24, 0x87,
    0x00, 0x00, 0x00, 0x00, 0x24, 0x87, 0x00, 0x00, 0x00, 0x00, 0x24, 0x87, 0x00, 0x00, 0x00, 0x00,
    0x24, 0x87, 0x00, 0x00, 0x00, 0x00, 0x24, 0x87, 0x00, 0x00, 0x05, 0x30, 0x50, 0xA0, 0x30, 0x1B,
    0x14, 0xB4, 0xC1, 0xEC, 0xB4, 0x79, 0x00, 0x00, 0x24, 0x87, 0x00, 0x00, 0x00, 0x00, 0x24, 0x87,
    0x00, 0x00, 0x00, 0x00, 0x24, 0x87, 0x00, 0x00, 0x00, 0x00, 0x24, 0x87, 0x00, 0x00, 0x00, 0x00,
    0x24, 0x87, 0x00, 0x00, 0x00, 0x00, 0x1A, 0x74, 0x00, 0x00, 0x00, 0x00, 0x0A, 0x2D, 0x00, 0x00,
    0x00, 0x00, 0x24, 0x87, 0x00, 0x00, 0x00, 0x00, 0x24, 0x87, 0x00, 0x00, 0x00, 0x00, 0x24, 0x87,
    0x00, 0x00, 0x00, 0x00, 0x24, 0x87, 0x00, 0x00, 0x00, 0x00, 0x24, 0x87, 0x00, 0x00, 0x11, 0xB4,
    0xAD, 0xA0, 0x30, 0x1B, 0x20, 0xFF, 0xFF, 0xEC, 0xB4, 0x79, 0x00, 0x00, 0x24, 0x87, 0x00, 0x00,
    0x00, 0x00, 0x24, 0x87, 0x00, 0x00, 0x00, 0x00, 0x24, 0x87, 0x00, 0x00, 0x00, 0x00, 0x24, 0x87,
    0x00, 0x00, 0x00, 0x00, 0x24, 0x87, 0x00, 0x00, 0x00, 0x00, 0x1A, 0x74, 0x00, 0x00, 0x00, 0x00,
    0x0A, 0x2D, 0x00, 0x00, 0x00, 0x00, 0x24, 0x87, 0x00, 0x00, 0x00, 0x00, 0x24, 0x87, 0x00, 0x00,
    0x00, 0x00, 0x24, 0x87, 0x00, 0x00, 0x00, 0x00, 0x24, 0x87, 0x00, 0x00, 0x00, 0x00, 0x24, 0x87,
    0x00, 0x00, 0x05, 0x30, 0x50, 0xE5, 0xB4, 0x64, 0x14, 0xB4, 0xC1, 0xFF, 0xFF, 0xA2, 0x00, 0x00,
    0x24, 0x87, 0x00, 0x00, 0x00, 0x00, 0x24, 0x87, 0x00, 0x00, 0x00, 0x00, 0x24, 0x87, 0x00, 0x00,
    0x00, 0x00, 0x24, 0x87, 0x00, 0x00, 0x00, 0x00, 0x24, 0x87, 0x00, 0x00, 0x00, 0x00, 0x1A, 0x74,
    0x00, 0x00, 0x00, 0x00, 0x0A, 0x2D, 0x00, 0x00, 0x00, 0x00, 0x24, 0x87, 0x00, 0x00, 0x00, 0x00,
    0x24, 0x87, 0x00, 0x00, 0x00, 0x00, 0x24, 0x87, 0x00, 0x00, 0x00, 0x00, 0x24, 0x87, 0x00, 0x00,
    0x00, 0x00, 0x24, 0x87, 0x00, 0x00, 0x11, 0xB4, 0xAD, 0xE5, 0xB4, 0x64, 0x20, 0xFF, 0xFF, 0xFF,
    0xFF, 0xA2, 0x00, 0x00, 0x24, 0x87, 0x00, 0x00, 0x00, 0x00, 0x24, 0x87, 0x00, 0x00, 0x00, 0x00,
    0x24, 0x87, 0x00, 0x00, 0x00, 0x00, 0x24, 0x87, 0x00, 0x00, 0x00, 0x00, 0x24, 0x87, 0x00, 0x00,
    0x00, 0x00, 0x1A, 0x74, 0x00, 0x00, 0x00, 0x00, 0x61, 0x9B, 0x00, 0x00, 0x00, 0x00, 0x87, 0xBF,
    0x00, 0x00, 0x00, 0x00, 0x87, 0xBF, 0x00, 0x00, 0x00, 0x00, 0x87, 0xBF, 0x00, 0x00, 0x00, 0x00,
    0x87, 0xBF, 0x00, 0x00, 0x00, 0x00, 0x87, 0xBF, 0x00, 0x00, 0x14, 0xB4, 0xE5, 0xEC, 0xB4, 0x79,
    0x05, 0x30, 0x50, 0xA0, 0x30, 0x1B, 0x00, 0x00, 0x24, 0x87, 0x00, 0x00, 0x00, 0x00, 0x24, 0x87,
    0x00, 0x00, 0x00, 0x00, 0x24, 0x87, 0x00, 0x00, 0x00, 0x00, 0x24, 0x87, 0x00, 0x00, 0x00, 0x00,
    0x24, 0x87, 0x00, 0x00, 0x00, 0x00, 0x0A, 0x2D, 0x00, 0x00, 0x00, 0x00, 0x1A, 0x74, 0x00, 0x00,
    0x00, 0x00, 0x24, 0x87, 0x00, 0x00, 0x00, 0x00, 0x24, 0x87, 0x00, 0x00, 0x00, 0x00, 0x24, 0x87,
    0x00, 0x00, 0x00, 0x00, 0x24, 0x87, 0x00, 0x00, 0x00, 0x00, 0x24, 0x87, 0x00, 0x00, 0x14, 0xB4,
    0xC1, 0xEC, 0xB4, 0x79, 0x05, 0x30, 0x8C, 0xCB, 0x30, 0x1B, 0x00, 0x00, 0x87, 0xBF, 0x00, 0x00,
    0x00, 0x00, 0x87, 0xBF, 0x00, 0x00, 0x00, 0x00, 0x87, 0xBF, 0x00, 0x00, 0x00, 0x00, 0x87, 0xBF,
    0x00, 0x00, 0x00, 0x00, 0x87, 0xBF, 0x00, 0x00, 0x00, 0x00, 0x25, 0x49, 0x00, 0x00, 0x00, 0x00,
    0x25, 0x49, 0x00, 0x00, 0x00, 0x00, 0x87, 0xBF, 0x00, 0x00, 0x00, 0x00, 0x87, 0xBF, 0x00, 0x00,
    0x00, 0x00, 0x87, 0xBF, 0x00, 0x00, 0x00, 0x00, 0x87, 0xBF, 0x00, 0x00, 0x00, 0x00, 0x87, 0xBF,
    0x00, 0x00, 0x05, 0x30, 0x8C, 0xCB, 0x30, 0x1B, 0x14, 0xB4, 0xE5, 0xEC, 0xB4, 0x79, 0x00, 0x00,
    0x87, 0xBF, 0x00, 0x00, 0x00, 0x00, 0x87, 0xBF, 0x00, 0x00, 0x00, 0x00, 0x87, 0xBF, 0x00, 0x00,
    0x00, 0x00, 0x87, 0xBF, 0x00, 0x00, 0x00, 0x00, 0x87, 0xBF, 0x00, 0x00, 0x00, 0x00, 0x61, 0x9B,
    0x00, 0x00, 0x00, 0x00, 0x49, 0x25, 0x00, 0x00, 0x00, 0x00, 0xBF, 0x87, 0x00, 0x00, 0x00, 0x00,
    0xBF, 0x87, 0x00, 0x00, 0x00, 0x00, 0xBF, 0x87, 0x00, 0x00, 0x00, 0x00, 0xBF, 0x87, 0x00, 0x00,
    0x00, 0x00, 0xBF, 0x87, 0x00, 0x00, 0x49, 0xAE, 0xEB, 0x88, 0x2A, 0x04, 0x7A, 0xFF, 0xFF, 0xDD,
    0xB4, 0x1B, 0x00, 0x00, 0x87, 0x24, 0x00, 0x00, 0x00, 0x00, 0x87, 0x24, 0x00, 0x00, 0x00, 0x00,
    0x87, 0x24, 0x00, 0x00, 0x00, 0x00, 0x87, 0x24, 0x00, 0x00, 0x00, 0x00, 0x87, 0x24, 0x00, 0x00,
    0x00, 0x00, 0x74, 0x1A, 0x00, 0x00, 0x00, 0x00, 0x49, 0x25, 0x00, 0x00, 0x00, 0x00, 0xBF, 0x87,
    0x00, 0x00, 0x00, 0x00, 0xBF, 0x87, 0x00, 0x00, 0x00, 0x00, 0xBF, 0x87, 0x00, 0x00, 0x00, 0x00,
    0xBF, 0x87, 0x00, 0x00, 0x00, 0x00, 0xBF, 0x87, 0x00, 0x00, 0x14, 0x30, 0xCB, 0xD8, 0xB4, 0x16,
    0x5B, 0xB4, 0xEC, 0xFF, 0xFF, 0x2B, 0x00, 0x00, 0x87, 0x24, 0x00, 0x00, 0x00, 0x00, 0x87, 0x24,
    0x00, 0x00, 0x00, 0x00, 0x87, 0x24, 0x00, 0x00, 0x00, 0x00, 0x87, 0x24, 0x00, 0x00, 0x00, 0x00,
    0x87, 0x24, 0x00, 0x00, 0x00, 0x00, 0x74, 0x1A, 0x00, 0x00, 0x00, 0x00, 0x2D, 0x0A, 0x00, 0x00,
    0x00, 0x00, 0x87, 0x24, 0x00, 0x00, 0x00, 0x00, 0x87, 0x24, 0x00, 0x00, 0x00, 0x00, 0x87, 0x24,
    0x00, 0x00, 0x00, 0x00, 0x87, 0x24, 0x00, 0x00, 0x00, 0x00, 0x87, 0x24, 0x00, 0x00, 0x4B, 0xB4,
    0xE5, 0x71, 0x30, 0x06, 0x7A, 0xFF, 0xFF, 0xE5, 0xB4, 0x1B, 0x00, 0x00, 0xBF, 0x87, 0x00, 0x00,
    0x00, 0x00, 0xBF, 0x87, 0x00, 0x00, 0x00, 0x00, 0xBF, 0x87, 0x00, 0x00, 0x00, 0x00, 0xBF, 0x87,
    0x00, 0x00, 0x00, 0x00, 0xBF, 0x87, 0x00, 0x00, 0x00, 0x00, 0x9B, 0x61, 0x00, 0x00, 0x00, 0x00,
    0x74, 0x1A, 0x00, 0x00, 0x00, 0x00, 0x87, 0x24, 0x00, 0x00, 0x00, 0x00, 0x87, 0x24, 0x00, 0x00,
    0x00, 0x00, 0x87, 0x24, 0x00, 0x00, 0x00, 0x00, 0x87, 0x24, 0x00, 0x00, 0x00, 0x00, 0x87, 0x24,
    0x00, 0x00, 0x5B, 0xB4, 0xEC, 0xFF, 0xFF, 0x2B, 0x11, 0x2A, 0xCA, 0xD5, 0xAE, 0x15, 0x00, 0x00,
    0xBF, 0x87, 0x00, 0x00, 0x00, 0x00, 0xBF, 0x87, 0x00, 0x00, 0x00, 0x00, 0xBF, 0x87, 0x00, 0x00,
    0x00, 0x00, 0xBF, 0x87, 0x00, 0x00, 0x00, 0x00, 0xBF, 0x87, 0x00, 0x00, 0x00, 0x00, 0x49, 0x25,
    0x00, 0x00, 0x00, 0x00, 0x25, 0x49, 0x00, 0x00, 0x00, 0x00, 0x87, 0xBF, 0x00, 0x00, 0x00, 0x00,
    0x87, 0xBF, 0x00, 0x00, 0x00, 0x00, 0x87, 0xBF, 0x00, 0x00, 0x00, 0x00, 0x87, 0xBF, 0x00, 0x00,
    0x00, 0x00, 0x87, 0xBF, 0x00, 0x00, 0x11, 0xB4, 0xD8, 0xEC, 0xB4, 0x64, 0x20, 0xFF, 0xFF, 0xFF,
    0xFF, 0xA2, 0x00, 0x00, 0x24, 0x87, 0x00, 0x00, 0x00, 0x00, 0x24, 0x87, 0x00, 0x00, 0x00, 0x00,
    0x24, 0x87, 0x00, 0x00, 0x00, 0x00, 0x24, 0x87, 0x00, 0x00, 0x00, 0x00, 0x24, 0x87, 0x00, 0x00,
    0x00, 0x00, 0x1A, 0x74, 0x00, 0x00, 0x00, 0x00, 0x0A, 0x2D, 0x00, 0x00, 0x00, 0x00, 0x24, 0x87,
    0x00, 0x00, 0x00, 0x00, 0x24, 0x87, 0x00, 0x00, 0x00, 0x00, 0x24, 0x87, 0x00, 0x00, 0x00, 0x00,
    0x24, 0x87, 0x00, 0x00, 0x00, 0x00, 0x24, 0x87, 0x00, 0x00, 0x11, 0xB4, 0xAD, 0xE5, 0xB4, 0x64,
    0x20, 0xFF, 0xFF, 0xFF, 0xFF, 0xA2, 0x00, 0x00, 0x87, 0xBF, 0x00, 0x00, 0x00, 0x00, 0x87, 0xBF,
    0x00, 0x00, 0x00, 0x00, 0x87, 0xBF, 0x00, 0x00, 0x00, 0x00, 0x87, 0xBF, 0x00, 0x00, 0x00, 0x00,
    0x87, 0xBF, 0x00, 0x00, 0x00, 0x00, 0x61, 0x9B, 0x00, 0x00, 0x00, 0x00, 0x49, 0x25, 0x00, 0x00,
    0x00, 0x00, 0xBF, 0x87, 0x00, 0x00, 0x00, 0x00, 0xBF, 0x87, 0x00, 0x00, 0x00, 0x00, 0xBF, 0x87,
    0x00, 0x00, 0x00, 0x00, 0xBF, 0x87, 0x00, 0x00, 0x00, 0x00, 0xBF, 0x87, 0x00, 0x00, 0x4B, 0xB4,
    0xEC, 0x8C, 0x30, 0x06, 0x7A, 0xFF, 0xFF, 0xE5, 0xB4, 0x1B, 0x00, 0x00, 0xBF, 0x87, 0x00, 0x00,
    0x00, 0x00, 0xBF, 0x87, 0x00, 0x00, 0x00, 0x00, 0xBF, 0x87, 0x00, 0x00, 0x00, 0x00, 0xBF, 0x87,
    0x00, 0x00, 0x00, 0x00, 0xBF, 0x87, 0x00, 0x00, 0x00, 0x00, 0x9B, 0x61, 0x00, 0x00, 0x00, 0x00,
    0x49, 0x25, 0x00, 0x00, 0x00, 0x00, 0xBF, 0x87, 0x00, 0x00, 0x00, 0x00, 0xBF, 0x87, 0x00, 0x00,
    0x00, 0x00, 0xBF, 0x87, 0x00, 0x00, 0x00, 0x00, 0xBF, 0x87, 0x00, 0x00, 0x00, 0x00, 0xBF, 0x87,
    0x00, 0x00, 0x14, 0x30, 0xCB, 0xD8, 0xB4, 0x16, 0x5B, 0xB4, 0xEC, 0xFF, 0xFF, 0x2B, 0x00, 0x00,
    0xBF, 0x87, 0x00, 0x00, 0x00, 0x00, 0xBF, 0x87, 0x00, 0x00, 0x00, 0x00, 0xBF, 0x87, 0x00, 0x00,
    0x00, 0x00, 0xBF, 0x87, 0x00, 0x00, 0x00, 0x00, 0xBF, 0x87, 0x00, 0x00, 0x00, 0x00, 0x9B, 0x61,
    0x00, 0x00, 0x00, 0x00, 0x25, 0x49, 0x00, 0x00, 0x00, 0x00, 0x87, 0xBF, 0x00, 0x00, 0x00, 0x00,
    0x87, 0xBF, 0x00, 0x00, 0x00, 0x00, 0x87, 0xBF, 0x00, 0x00, 0x00, 0x00, 0x87, 0xBF, 0x00, 0x00,
    0x00, 0x00, 0x87, 0xBF, 0x00, 0x00, 0x11, 0xB4, 0xD8, 0xEC, 0xB4, 0x64, 0x20, 0xFF, 0xFF, 0xFF,
    0xFF, 0xA2, 0x00, 0x00, 0x87, 0xBF, 0x00, 0x00, 0x00, 0x00, 0x87, 0xBF, 0x00, 0x00, 0x00, 0x00,
    0x87, 0xBF, 0x00, 0x00, 0x00, 0x00, 0x87, 0xBF, 0x00, 0x00, 0x00, 0x00, 0x87, 0xBF, 0x00, 0x00,
    0x00, 0x00, 0x61, 0x9B, 0x00, 0x00, 0x10, 0xB4, 0x5A, 0x10, 0xB4, 0x5A, 0x03, 0x30, 0x13, 0x03,
    0x30, 0x13, 0x0D, 0xB4, 0x4B, 0x0D, 0xB4, 0x4B, 0x1B, 0xFF, 0x91, 0x1B, 0xFF, 0x91, 0x01, 0x09,
    0x30, 0xB4, 0x30, 0xB4, 0x21, 0x97, 0x00, 0x00, 0x00, 0x00, 0x21, 0x97, 0x30, 0xB4, 0x30, 0xB4,
    0x01, 0x09, 0x0F, 0x07, 0xFF, 0xB4, 0xFF, 0xB4, 0xCB, 0x7E, 0x00, 0x00, 0x00, 0x00, 0xCB, 0x7E,
    0xFF, 0xB4, 0xFF, 0xB4, 0x0F, 0x07, 0x01, 0x0C, 0x0C, 0x0C, 0x0C, 0x06, 0x17, 0xCD, 0xCD, 0xCD,
    0xCD, 0x8A, 0x17, 0xD7, 0xD7, 0xD7, 0xD7, 0x90, 0x48, 0x45, 0x03, 0xD7, 0xCD, 0x0C, 0xD7, 0xCD,
    0x0C, 0xD7, 0xCD, 0x0C, 0xD7, 0xCD, 0x0C, 0xD7, 0xCD, 0x0C, 0xD7, 0xCD, 0x0C, 0xD7, 0xCD, 0x0C,
    0xD7, 0xCD, 0x0C, 0xD7, 0xCD, 0x0C, 0xD7, 0xCD, 0x0C, 0xD7, 0xCD, 0x0C, 0xD7, 0xCD, 0x0C, 0xB8,
    0xAF, 0x07, 0x08, 0x0C, 0x0B, 0x06, 0xB1, 0xD3, 0xC5, 0x8A, 0xB1, 0xDC, 0xCE, 0x90, 0x83, 0x17,
    0x00, 0x00, 0x83, 0x17, 0x00, 0x00, 0x83, 0x17, 0x00, 0x00, 0x83, 0x17, 0x00, 0x00, 0x83, 0x17,
    0x00, 0x00, 0x4D, 0x0E, 0x00, 0x00, 0xB4, 0xB4, 0xA7, 0x4C, 0xDD, 0x4E, 0x2C, 0x10, 0xD1, 0x24,
    0x00, 0x00, 0xD1, 0x24, 0x00, 0x00, 0xD1, 0x24, 0x00, 0x00, 0xD1, 0x24, 0x00, 0x00, 0xD1, 0x24,
    0x00, 0x00, 0x46, 0x0B, 0x00, 0x00, 0x0C, 0x0C, 0x0B, 0x03, 0xE0, 0xCD, 0xBE, 0x54, 0xBA, 0xD1,
    0xC7, 0x58, 0xD4, 0x25, 0x00, 0x00, 0xD4, 0x25, 0x00, 0x00, 0xD4, 0x25, 0x00, 0x00, 0xD4, 0x25,
    0x00, 0x00, 0xD4, 0x25, 0x00, 0x00, 0x7A, 0x13, 0x00, 0x00, 0x00, 0x01, 0x0C, 0x0C, 0x0C, 0x06,
    0x00, 0x1E, 0xCD, 0xCD, 0xDA, 0xB4, 0x00, 0x1F, 0xD7, 0xD7, 0xE3, 0xB4, 0x00, 0x00, 0x00, 0x00,
    0x30, 0xB4, 0x00, 0x00, 0x00, 0x00, 0x30, 0xB4, 0x00, 0x00, 0x00, 0x00, 0x30, 0xB4, 0x00, 0x00,
    0x00, 0x00, 0x30, 0xB4, 0x00, 0x00, 0x00, 0x00, 0x30, 0xB4, 0x00, 0x00, 0x00, 0x00, 0x18, 0x6C,
    0x2B, 0x99, 0xB4, 0xB4, 0x89, 0x06, 0x09, 0x28, 0x30, 0xE2, 0xA7, 0x0C, 0x00, 0x00, 0x00, 0xD6,
    0x9D, 0x0C, 0x00, 0x00, 0x00, 0xD6, 0x9D, 0x0C, 0x00, 0x00, 0x00, 0xD6, 0x9D, 0x0C, 0x00, 0x00,
    0x00, 0xD6, 0x9D, 0x0C, 0x00, 0x00, 0x00, 0xD6, 0x9D, 0x0C, 0x00, 0x00, 0x00, 0x48, 0x35, 0x03,
    0x02, 0x0A, 0x0C, 0x0C, 0x09, 0x00, 0x2E, 0xAE, 0xCD, 0xD1, 0xC2, 0x0C, 0x31, 0xB6, 0xD7, 0xAF,
    0x9D, 0x0C, 0x00, 0x00, 0x00, 0xD6, 0x9D, 0x0C, 0x00, 0x00, 0x00, 0xD6, 0x9D, 0x0C, 0x00, 0x00,
    0x00, 0xD6, 0x9D, 0x0C, 0x00, 0x00, 0x00, 0xD6, 0x9D, 0x0C, 0x00, 0x00, 0x00, 0xD6, 0x9D, 0x0C,
    0x00, 0x00, 0x00, 0x7C, 0x5A, 0x04, 0x4E, 0x0E, 0x00, 0x00, 0x83, 0x17, 0x00, 0x00, 0x83, 0x17,
    0x00, 0x00, 0x83, 0x17, 0x00, 0x00, 0x83, 0x17, 0x00, 0x00, 0x84, 0x21, 0x0B, 0x06, 0xB1, 0xD3,
    0xC5, 0x8A, 0xB1, 0xDC, 0xCE, 0x90, 0xB2, 0x1C, 0x00, 0x00, 0xD1, 0x24, 0x00, 0x00, 0xD1, 0x24,
    0x00, 0x00, 0xD1, 0x24, 0x00, 0x00, 0xD1, 0x24, 0x00, 0x00, 0xD1, 0x24, 0x00, 0x00, 0xFF, 0xC0,
    0xA7, 0x4C, 0x30, 0x30, 0x2C, 0x10, 0x7F, 0x15, 0x00, 0x00, 0xD4, 0x25, 0x00, 0x00, 0xD4, 0x25,
    0x00, 0x00, 0xD4, 0x25, 0x00, 0x00, 0xD4, 0x25, 0x00, 0x00, 0xD4, 0x2E, 0x0B, 0x03, 0xB8, 0xCC,
    0xC2, 0x55, 0xE6, 0xD7, 0xC7, 0x58, 0x00, 0x00, 0x00, 0x00, 0x18, 0x6F, 0x00, 0x00, 0x00, 0x00,
    0x30, 0xB4, 0x00, 0x00, 0x00, 0x00, 0x30, 0xB4, 0x00, 0x00, 0x00, 0x00, 0x30, 0xB4, 0x00, 0x00,
    0x00, 0x00, 0x30, 0xB4, 0x00, 0x01, 0x0C, 0x0C, 0x3A, 0xB4, 0x00, 0x1E, 0xCD, 0xCD, 0xDA, 0xB4,
    0x00, 0x1F, 0xD7, 0xD7, 0xE3, 0xB4, 0x00, 0x00, 0x00, 0xB7, 0x85, 0x07, 0x00, 0x00, 0x00, 0xD6,
    0x9D, 0x0C, 0x00, 0x00, 0x00, 0xD6, 0x9D, 0x0C, 0x00, 0x00, 0x00, 0xD6, 0x9D, 0x0C, 0x00, 0x00,
    0x00, 0xD6, 0x9D, 0x0C, 0x00, 0x00, 0x00, 0xD6, 0x9D, 0x0C, 0x2B, 0x99, 0xB4, 0xFF, 0xC2, 0x0C,
    0x09, 0x28, 0x30, 0x30, 0x24, 0x01, 0x00, 0x00, 0x00, 0x81, 0x5E, 0x06, 0x00, 0x00, 0x00, 0xD6,
    0x9D, 0x0C, 0x00, 0x00, 0x00, 0xD6, 0x9D, 0x0C, 0x00, 0x00, 0x00, 0xD6, 0x9D, 0x0C, 0x00, 0x00,
    0x00, 0xD6, 0x9D, 0x0C, 0x02, 0x0A, 0x0C, 0xD6, 0x9D, 0x0C, 0x30, 0xB2, 0xD2, 0xAB, 0x9D, 0x0C,
    0x31, 0xB6, 0xD7, 0xDA, 0xC2, 0x0C, 0x2A, 0x08, 0x00, 0x00, 0x83, 0x17, 0x00, 0x00, 0x83, 0x17,
    0x00, 0x00, 0x83, 0x17, 0x00, 0x00, 0x83, 0x17, 0x00, 0x00, 0x83, 0x17, 0x00, 0x00, 0xB1, 0xDC,
    0xCE, 0x90, 0xA9, 0xB1, 0x9F, 0x5E, 0x97, 0x69, 0x55, 0x31, 0x83, 0x17, 0x00, 0x00, 0x83, 0x17,
    0x00, 0x00, 0x83, 0x17, 0x00, 0x00, 0x83, 0x17, 0x00, 0x00, 0x6D, 0x13, 0x00, 0x00, 0x47, 0x0B,
    0x00, 0x00, 0xD4, 0x25, 0x00, 0x00, 0xD4, 0x25, 0x00, 0x00, 0xD4, 0x25, 0x00, 0x00, 0xD4, 0x25,
    0x00, 0x00, 0xD4, 0x25, 0x00, 0x00, 0xD4, 0x4D, 0x2C, 0x10, 0xD4, 0xBA, 0xA7, 0x49, 0xD4, 0x25,
    0x00, 0x00, 0xD4, 0x25, 0x00, 0x00, 0xD4, 0x25, 0x00, 0x00, 0xD4, 0x25, 0x00, 0x00, 0xD4, 0x25,
    0x00, 0x00, 0xB6, 0x1D, 0x00, 0x00, 0x47, 0x0B, 0x00, 0x00, 0xD4, 0x25, 0x00, 0x00, 0xD4, 0x25,
    0x00, 0x00, 0xD4, 0x25, 0x00, 0x00, 0xD4, 0x25, 0x00, 0x00, 0xD4, 0x25, 0x00, 0x00, 0xC3, 0xD4,
    0xC7, 0x58, 0x95, 0xA1, 0x9A, 0x39, 0xD4, 0x71, 0x53, 0x1E, 0xD4, 0x25, 0x00, 0x00, 0xD4, 0x25,
    0x00, 0x00, 0xD4, 0x25, 0x00, 0x00, 0xD4, 0x25, 0x00, 0x00, 0xB6, 0x1D, 0x00, 0x00, 0x00, 0x00,
    0x00, 0x00, 0x0D, 0x3C, 0x00, 0x00, 0x00, 0x00, 0x30, 0xB4, 0x00, 0x00, 0x00, 0x00, 0x30, 0xB4,
    0x00, 0x00, 0x00, 0x00, 0x30, 0xB4, 0x00, 0x00, 0x00, 0x00, 0x30, 0xB4, 0x00, 0x00, 0x00, 0x00,
    0x30, 0xB4, 0x00, 0x1F, 0xD7, 0xD7, 0xE3, 0xB4, 0x00, 0x15, 0xA8, 0xA8, 0xA2, 0xB4, 0x00, 0x0A,
    0x5A, 0x5A, 0x7E, 0xB4, 0x00, 0x00, 0x00, 0x00, 0x30, 0xB4, 0x00, 0x00, 0x00, 0x00, 0x30, 0xB4,
    0x00, 0x00, 0x00, 0x00, 0x30, 0xB4, 0x00, 0x00, 0x00, 0x00, 0x30, 0xB4, 0x00, 0x00, 0x00, 0x00,
    0x22, 0x9A, 0x00, 0x00, 0x00, 0x48, 0x35, 0x03, 0x00, 0x00, 0x00, 0xD6, 0x9D, 0x0C, 0x00, 0x00,
    0x00, 0xD6, 0x9D, 0x0C, 0x00, 0x00, 0x00, 0xD6, 0x9D, 0x0C, 0x00, 0x00, 0x00, 0xD6, 0x9D, 0x0C,
    0x00, 0x00, 0x00, 0xD6, 0x9D, 0x0C, 0x09, 0x28, 0x30, 0xD6, 0x9D, 0x0C, 0x29, 0x99, 0xB4, 0xD6,
    0x9D, 0x0C, 0x00, 0x00, 0x00, 0xD6, 0x9D, 0x0C, 0x00, 0x00, 0x00, 0xD6, 0x9D, 0x0C, 0x00, 0x00,
    0x00, 0xD6, 0x9D, 0x0C, 0x00, 0x00, 0x00, 0xD6, 0x9D, 0x0C, 0x00, 0x00, 0x00, 0xD6, 0x9D, 0x0C,
    0x00, 0x00, 0x00, 0xB7, 0x85, 0x07, 0x00, 0x00, 0x00, 0x48, 0x35, 0x03, 0x00, 0x00, 0x00, 0xD6,
    0x9D, 0x0C, 0x00, 0x00, 0x00, 0xD6, 0x9D, 0x0C, 0x00, 0x00, 0x00, 0xD6, 0x9D, 0x0C, 0x00, 0x00,
    0x00, 0xD6, 0x9D, 0x0C, 0x00, 0x00, 0x00, 0xD6, 0x9D, 0x0C, 0x31, 0xB6, 0xD7, 0xBD, 0x9D, 0x0C,
    0x20, 0x8C, 0xA8, 0x78, 0x9D, 0x0C, 0x10, 0x4B, 0x5A, 0xD6, 0x9D, 0x0C, 0x00, 0x00, 0x00, 0xD6,
    0x9D, 0x0C, 0x00, 0x00, 0x00, 0xD6, 0x9D, 0x0C, 0x00, 0x00, 0x00, 0xD6, 0x9D, 0x0C, 0x00, 0x00,
    0x00, 0xD6, 0x9D, 0x0C, 0x00, 0x00, 0x00, 0xB7, 0x85, 0x07, 0x01, 0x0C, 0x0C, 0x0C, 0x0C, 0x06,
    0x17, 0xCD, 0xCD, 0xCD, 0xCD, 0x8A, 0x17, 0xD7, 0xD7, 0xD7, 0xD7, 0x90, 0x00, 0x00, 0x24, 0x87,
    0x00, 0x00, 0x00, 0x00, 0x24, 0x87, 0x00, 0x00, 0x00, 0x00, 0x24, 0x87, 0x00, 0x00, 0x00, 0x00,
    0x24, 0x87, 0x00, 0x00, 0x00, 0x00, 0x24, 0x87, 0x00, 0x00, 0x00, 0x00, 0x11, 0x4D, 0x00, 0x00,
    0x14, 0xB4, 0xB4, 0xB4, 0xB4, 0x79, 0x05, 0x30, 0xB6, 0x99, 0x44, 0x1B, 0x00, 0x00, 0xA1, 0x95,
    0x17, 0x00, 0x00, 0x00, 0xA1, 0x95, 0x17, 0x00, 0x00, 0x00, 0xA1, 0x95, 0x17, 0x00, 0x00, 0x00,
    0xA1, 0x95, 0x17, 0x00, 0x00, 0x00, 0xA1, 0x95, 0x17, 0x00, 0x00, 0x00, 0x36, 0x29, 0x06, 0x00,
    0x01, 0x0C, 0x0C, 0x0C, 0x0C, 0x06, 0x17, 0xCD, 0xCD, 0xCD, 0xCD, 0x8A, 0x17, 0xD7, 0xC2, 0x8A,
    0xD7, 0x90, 0x00, 0x00, 0xA1, 0x95, 0x17, 0x00, 0x00, 0x00, 0xA1, 0x95, 0x17, 0x00, 0x00, 0x00,
    0xA1, 0x95, 0x17, 0x00, 0x00, 0x00, 0xA1, 0x95, 0x17, 0x00, 0x00, 0x00, 0xA1, 0x95, 0x17, 0x00,
    0x00, 0x00, 0x5D, 0x48, 0x0B, 0x00, 0x00, 0x00, 0x12, 0x51, 0x00, 0x00, 0x00, 0x00, 0x24, 0x87,
    0x00, 0x00, 0x00, 0x00, 0x24, 0x87, 0x00, 0x00, 0x00, 0x00, 0x24, 0x87, 0x00, 0x00, 0x00, 0x00,
    0x24, 0x87, 0x00, 0x00, 0x01, 0x0C, 0x2F, 0x8C, 0x0C, 0x06, 0x17, 0xD2, 0xD2, 0xD2, 0xD2, 0x8D,
    0x17, 0xD7, 0xD7, 0xD7, 0xD7, 0x90, 0x00, 0x00, 0x8A, 0x6A, 0x10, 0x00, 0x00, 0x00, 0xA1, 0x95,
    0x17, 0x00, 0x00, 0x00, 0xA1, 0x95, 0x17, 0x00, 0x00, 0x00, 0xA1, 0x95, 0x17, 0x00, 0x00, 0x00,
    0xA1, 0x95, 0x17, 0x00, 0x00, 0x00, 0xA1, 0x95, 0x17, 0x00, 0x14, 0xB4, 0xEC, 0xEA, 0xBC, 0x79,
    0x05, 0x30, 0x30, 0x30, 0x30, 0x1B, 0x00, 0x00, 0x61, 0x4A, 0x0B, 0x00, 0x00, 0x00, 0xA1, 0x95,
    0x17, 0x00, 0x00, 0x00, 0xA1, 0x95, 0x17, 0x00, 0x00, 0x00, 0xA1, 0x95, 0x17, 0x00, 0x00, 0x00,
    0xA1, 0x95, 0x17, 0x00, 0x01, 0x0C, 0xA5, 0x97, 0x22, 0x06, 0x17, 0xD2, 0xBE, 0x86, 0xD2, 0x8D,
    0x17, 0xD7, 0xD7, 0xD7, 0xD7, 0x90, 0x00, 0x00, 0x0A, 0x2D, 0x00, 0x00, 0x00, 0x00, 0x24, 0x87,
    0x00, 0x00, 0x00, 0x00, 0x24, 0x87, 0x00, 0x00, 0x00, 0x00, 0x24, 0x87, 0x00, 0x00, 0x00, 0x00,
    0x24, 0x87, 0x00, 0x00, 0x00, 0x00, 0x24, 0x87, 0x00, 0x00, 0x17, 0xD7, 0xE0, 0xF5, 0xD7, 0x90,
    0x10, 0xA8, 0xA4, 0xDF, 0xA8, 0x5E, 0x08, 0x5A, 0x75, 0xB6, 0x5A, 0x31, 0x00, 0x00, 0x24, 0x87,
    0x00, 0x00, 0x00, 0x00, 0x24, 0x87, 0x00, 0x00, 0x00, 0x00, 0x24, 0x87, 0x00, 0x00, 0x00, 0x00,
    0x24, 0x87, 0x00, 0x00, 0x00, 0x00, 0x1A, 0x74, 0x00, 0x00, 0x00, 0x00, 0x36, 0x29, 0x06, 0x00,
    0x00, 0x00, 0xA1, 0x95, 0x17, 0x00, 0x00, 0x00, 0xA1, 0x95, 0x17, 0x00, 0x00, 0x00, 0xA1, 0x95,
    0x17, 0x00, 0x00, 0x00, 0xA1, 0x95, 0x17, 0x00, 0x00, 0x00, 0xA1, 0x95, 0x17, 0x00, 0x05, 0x30,
    0xB6, 0x99, 0x44, 0x1B, 0x14, 0xB4, 0xEC, 0xEA, 0xBC, 0x79, 0x00, 0x00, 0xA1, 0x95, 0x17, 0x00,
    0x00, 0x00, 0xA1, 0x95, 0x17, 0x00, 0x00, 0x00, 0xA1, 0x95, 0x17, 0x00, 0x00, 0x00, 0xA1, 0x95,
    0x17, 0x00, 0x00, 0x00, 0xA1, 0x95, 0x17, 0x00, 0x00, 0x00, 0x8A, 0x6A, 0x10, 0x00, 0x00, 0x00,
    0x61, 0x60, 0x02, 0x00, 0x00, 0x00, 0xA1, 0xA1, 0x03, 0x00, 0x00, 0x00, 0xA1, 0xA1, 0x03, 0x00,
    0x00, 0x00, 0xA1, 0xA1, 0x03, 0x00, 0x00, 0x00, 0xA1, 0xA1, 0x03, 0x00, 0x02, 0x0C, 0xA4, 0xA3,
    0x0F, 0x03, 0x3E, 0xD2, 0xB3, 0xB0, 0xD2, 0x55, 0x3F, 0xD7, 0xB7, 0xB4, 0xD7, 0x58, 0x00, 0x00,
    0xA1, 0xA1, 0x03, 0x00, 0x00, 0x00, 0xA1, 0xA1, 0x03, 0x00, 0x00, 0x00, 0xA1, 0xA1, 0x03, 0x00,
    0x00, 0x00, 0xA1, 0xA1, 0x03, 0x00, 0x00, 0x00, 0xA1, 0xA1, 0x03, 0x00, 0x00, 0x00, 0x5D, 0x5C,
    0x01, 0x00, 0x00, 0x2A, 0x9F, 0x76, 0x42, 0xC9, 0x58, 0x1C, 0x91, 0x25, 0x00, 0x00, 0x85, 0x19,
    0x00, 0x00, 0x83, 0x17, 0x00, 0x00, 0x83, 0x17, 0x00, 0x00, 0x83, 0x17, 0x00, 0x00, 0x2A, 0x08,
    0x00, 0x00, 0x00, 0x1B, 0xA1, 0x6D, 0x00, 0x00, 0x00, 0x06, 0x43, 0xAE, 0xC8, 0x00, 0x00, 0x00,
    0x00, 0x00, 0xAE, 0x6D, 0x00, 0x00, 0x00, 0x00, 0x43, 0xA1, 0x00, 0x00, 0x00, 0x00, 0x30, 0xB4,
    0x00, 0x00, 0x00, 0x00, 0x30, 0xB4, 0x00, 0x00, 0x00, 0x00, 0x30, 0xB4, 0x00, 0x00, 0x00, 0x00,
    0x0D, 0x3C, 0x00, 0x00, 0x00, 0x00, 0x22, 0x9A, 0x00, 0x00, 0x00, 0x00, 0x30, 0xB4, 0x00, 0x00,
    0x00, 0x00, 0x30, 0xB4, 0x00, 0x00, 0x00, 0x00, 0x31, 0xB1, 0x00, 0x00, 0x00, 0x00, 0x60, 0xA5,
    0x00, 0x00, 0x00, 0x09, 0xD7, 0x30, 0x00, 0x1B, 0xC4, 0xE8, 0x69, 0x00, 0x00, 0x06, 0x1B, 0x00,
    0x00, 0x00, 0x6D, 0x13, 0x00, 0x00, 0x83, 0x17, 0x00, 0x00, 0x83, 0x17, 0x00, 0x00, 0x82, 0x17,
    0x00, 0x00, 0x87, 0x1B, 0x00, 0x00, 0x7E, 0x5C, 0x00, 0x00, 0x10, 0xB4, 0xC9, 0x79, 0x00, 0x00,
    0x09, 0x19, 0x00, 0x00, 0x00, 0x00, 0x00, 0x64, 0x00, 0x00, 0x00, 0x00, 0x0F, 0xE6, 0x00, 0x00,
    0x00, 0x00, 0xB8, 0x6F, 0x00, 0x00, 0x00, 0x1E, 0xDC, 0x00, 0x00, 0x00, 0x00, 0xB5, 0x4E, 0x00,
    0x00, 0x00, 0x34, 0xCA, 0x00, 0x00, 0x00, 0x00, 0xCB, 0x34, 0x00, 0x00, 0x00, 0x4F, 0xB4, 0x00,
    0x00, 0x00, 0x00, 0xDC, 0x1E, 0x00, 0x00, 0x00, 0x70, 0xB7, 0x00, 0x00, 0x00, 0x00, 0xE6, 0x0F,
    0x00, 0x00, 0x00, 0x00, 0x64, 0x00, 0x00, 0x00, 0x00, 0x00, 0x64, 0x00, 0x00, 0x00, 0x00, 0x00,
    0xE6, 0x0F, 0x00, 0x00, 0x00, 0x00, 0x70, 0xB7, 0x00, 0x00, 0x00, 0x00, 0x00, 0xDC, 0x1E, 0x00,
    0x00, 0x00, 0x00, 0x4F, 0xB4, 0x00, 0x00, 0x00, 0x00, 0x00, 0xCB, 0x33, 0x00, 0x00, 0x00, 0x00,
    0x34, 0xCA, 0x00, 0x00, 0x00, 0x00, 0x00, 0xB5, 0x4E, 0x00, 0x00, 0x00, 0x00, 0x1F, 0xDC, 0x00,
    0x00, 0x00, 0x00, 0x00, 0xB8, 0x6F, 0x00, 0x00, 0x00, 0x00, 0x0F, 0xE6, 0x00, 0x00, 0x00, 0x00,
    0x00, 0x64, 0x31, 0x00, 0x00, 0x00, 0x00, 0x31, 0xE4, 0x01, 0x00, 0x00, 0x01, 0xE6, 0x9F, 0x88,
    0x00, 0x00, 0x8A, 0x9D, 0x06, 0xE7, 0x0A, 0x0A, 0xE7, 0x06, 0x00, 0x7C, 0xAB, 0xAC, 0x7B, 0x00,
    0x00, 0x00, 0xE2, 0xE2, 0x00, 0x00, 0x00, 0x00, 0xB5, 0xB5, 0x00, 0x00, 0x00, 0x2D, 0xD0, 0xD0,
    0x2D, 0x00, 0x00, 0xC5, 0x3A, 0x3C, 0xC4, 0x00, 0x46, 0xBB, 0x00, 0x00, 0xBC, 0x45, 0xD8, 0x24,
    0x00, 0x00, 0x25, 0xD7, 0xA0, 0x00, 0x00, 0x00, 0x00, 0xA2, 0x00, 0x1B, 0xB4, 0xB4, 0xB4, 0x79,
    0x00, 0x06, 0x30, 0x30, 0x30, 0x1B, 0x22, 0x9A, 0x30, 0xB4, 0x30, 0xB4, 0x30, 0xB4, 0x30, 0xB4,
    0x30, 0xB4, 0x30, 0xB4, 0x06, 0x1B, 0x7B, 0xB4, 0xAD, 0x79, 0x20, 0x30, 0x2D, 0x1B, 0x06, 0x1B,
    0x30, 0xB4, 0x30, 0xB4, 0x30, 0xB4, 0x30, 0xB4, 0x30, 0xB4, 0x30, 0xB4, 0x22, 0x9A, 0x00, 0x16,
    0xB4, 0xB4, 0xB4, 0x64, 0x00, 0x2B, 0xFF, 0xFF, 0xFF, 0xA2, 0xCF, 0x81, 0xFF, 0xB4, 0xFF, 0xB4,
    0xFF, 0xB4, 0xFF, 0xB4, 0xFF, 0xB4, 0xFF, 0xB4, 0x2B, 0x16, 0x79, 0xB4, 0xAA, 0x64, 0xB0, 0xFF,
    0xF3, 0xA2, 0x2B, 0x16, 0xFF, 0xB4, 0xFF, 0xB4, 0xFF, 0xB4, 0xFF, 0xB4, 0xFF, 0xB4, 0xFF, 0xB4,
    0xCF, 0x81, 0x05, 0x30, 0x3C, 0xB4, 0xB4, 0x64, 0x14, 0xB4, 0xBE, 0xFF, 0xFF, 0xA2, 0x3C, 0x0D,
    0xB4, 0x30, 0xB4, 0x30, 0xB4, 0x30, 0xB4, 0x30, 0xB4, 0x30, 0xC1, 0x40, 0xFF, 0xB4, 0xFF, 0xB4,
    0xFF, 0xB4, 0xFF, 0xB4, 0xFF, 0xB4, 0xFF, 0xB4, 0xCF, 0x81, 0x11, 0xB4, 0xB4, 0x67, 0x30, 0x1B,
    0x20, 0xFF, 0xFF, 0xE2, 0xB4, 0x79, 0xCF, 0x81, 0xFF, 0xB4, 0xFF, 0xB4, 0xFF, 0xB4, 0xFF, 0xB4,
    0xFF, 0xB4, 0xFF, 0xB4, 0xC1, 0x40, 0xB4, 0x30, 0xB4, 0x30, 0xB4, 0x30, 0xB4, 0x30, 0xB4, 0x30,
    0x3C, 0x0D, 0xFF, 0xFF, 0xFF, 0xFF, 0xFF, 0xC8, 0x40, 0xFF, 0xFF, 0xFF, 0xFF, 0xFF, 0xCB, 0x48,
    0xFF, 0xFF, 0xFF, 0xFF, 0xFF, 0xCB, 0x48, 0xFF, 0xFF, 0xFF, 0xFF, 0xFF, 0xCB, 0x48, 0xFF, 0xFF,
    0xFF, 0xFF, 0xFF, 0xCB, 0x48, 0xFF, 0xFF, 0xFF, 0xFF, 0xFF, 0xCB, 0x48, 0xFF, 0xFF, 0xFF, 0xFF,
    0xFF, 0xCB, 0x48, 0x59, 0x5A, 0x5A, 0x5A, 0x5A, 0x45, 0x10, 0xD2, 0xD2, 0xD2, 0xD2, 0xD2, 0xD2,
    0xD8, 0xD7, 0x00, 0x00, 0x00, 0x00, 0x00, 0xD7, 0xD7, 0x00, 0x00, 0x00, 0x00, 0x00, 0xD7, 0xD7,
    0x00, 0x00, 0x00, 0x00, 0x00, 0xD7, 0xD7, 0x00, 0x00, 0x00, 0x00, 0x00, 0xD7, 0xD7, 0x00, 0x00,
    0x00, 0x00, 0x00, 0xD7, 0xD8, 0x06, 0x06, 0x06, 0x06, 0x06, 0xD8, 0xCA, 0xD2, 0xD2, 0xD2, 0xD2,
    0xD2, 0xD2, 0x00, 0x00, 0x4D, 0x00, 0x00, 0x00, 0x00, 0x00, 0x0F, 0xDE, 0x4E, 0x00, 0x00, 0x00,
    0x00, 0x86, 0xF5, 0xDF, 0x00, 0x00, 0x00, 0x0C, 0xBC, 0xFF, 0xFF, 0x43, 0x00, 0x00, 0x6C, 0xEC,
    0xFF, 0xFF, 0xC1, 0x00, 0x00, 0x9B, 0xFF, 0xFF, 0xFF, 0xE6, 0x38, 0x00, 0xE3, 0xFF, 0xFF, 0xFF,
    0xFB, 0xA1, 0x00, 0xA3, 0xAE, 0xAE, 0xAE, 0xAE, 0x7E, 0x0C, 0x4E, 0x04, 0x00, 0x00, 0x00, 0x00,
    0x00, 0xFF, 0xC5, 0x26, 0x00, 0x00, 0x00, 0x00, 0xFF, 0xFF, 0xFF, 0xAF, 0x0E, 0x00, 0x00, 0xFF,
    0xFF, 0xFF, 0xFF, 0xF4, 0x80, 0x06, 0xFF, 0xFF, 0xFF, 0xFF, 0xD1, 0x3C, 0x00, 0xFF, 0xFF, 0xEA,
    0x54, 0x00, 0x00, 0x00, 0xF1, 0x7E, 0x0C, 0x00, 0x00, 0x00, 0x00, 0x21, 0x00, 0x00, 0x00, 0x00,
    0x00, 0x00, 0xC9, 0xDC, 0xDC, 0xDC, 0xDB, 0x9A, 0x0C, 0xCF, 0xFF, 0xFF, 0xFF, 0xF5, 0x86, 0x00,
    0x94, 0xFF, 0xFF, 0xFF, 0xE1, 0x20, 0x00, 0x52, 0xDF, 0xFF, 0xFF, 0xA0, 0x00, 0x00, 0x02, 0xB7,
    0xFF, 0xFF, 0x25, 0x00, 0x00, 0x00, 0x65, 0xEF, 0xBA, 0x00, 0x00, 0x00, 0x00, 0x03, 0xDB, 0x2A,
    0x00, 0x00, 0x00, 0x00, 0x00, 0x21, 0x00, 0x00, 0x00, 0x00, 0x00, 0x00, 0x00, 0x00, 0x15, 0x6B,
    0x2D, 0x00, 0x00, 0x03, 0x85, 0xFF, 0xCB, 0x48, 0x02, 0x61, 0xEE, 0xFF, 0xFF, 0xCB, 0x48, 0xC9,
    0xFF, 0xFF, 0xFF, 0xFF, 0xCB, 0x48, 0x84, 0xEE, 0xFF, 0xFF, 0xFF, 0xCB, 0x48, 0x00, 0x23, 0xAE,
    0xFF, 0xFF, 0xCB, 0x48, 0x00, 0x00, 0x00, 0x31, 0xCC, 0xCB, 0x48, 0x00, 0x00, 0x00, 0x00, 0x07,
    0x2B, 0x1C, 0x00, 0x00, 0x8B, 0x10, 0x00, 0x00, 0x00, 0x00, 0x84, 0xF5, 0xF1, 0x0E, 0x00, 0x00,
    0x6B, 0xEB, 0xFF, 0xFF, 0xD1, 0x0B, 0x00, 0xE1, 0xFF, 0xFF, 0xFF, 0xFD, 0xB0, 0x0C, 0xCC, 0xFF,
    0xFF, 0xFF, 0xF4, 0x7F, 0x00, 0x4E, 0xDD, 0xFF, 0xFF, 0x99, 0x00, 0x00, 0x00, 0x61, 0xEE, 0xB2,
    0x00, 0x00, 0x00, 0x00, 0x00, 0x43, 0x00, 0x00, 0x00, 0x00, 0x00, 0x00, 0x8B, 0x10, 0x00, 0x00,
    0x00, 0x00, 0x84, 0xD1, 0xEB, 0x0E, 0x00, 0x00, 0x6B, 0xAA, 0x17, 0x7B, 0xCC, 0x0B, 0x00, 0xB0,
    0x31, 0x00, 0x00, 0x8A, 0xAF, 0x0C, 0xBD, 0x4A, 0x02, 0x00, 0xAD, 0x7F, 0x00, 0x4E, 0xC8, 0x2B,
    0xAB, 0x99, 0x00, 0x00, 0x00, 0x61, 0xEE, 0xB2, 0x00, 0x00, 0x00, 0x00, 0x00, 0x43, 0x00, 0x00,
    0x00, 0x00, 0x00, 0x1E, 0xA3, 0xDD, 0xA7, 0x22, 0x00, 0x30, 0xF2, 0x64, 0x0F, 0x5E, 0xF0, 0x37,
    0xD2, 0x39, 0x00, 0x00, 0x00, 0x30, 0xD9, 0xE7, 0x00, 0x00, 0x00, 0x00, 0x00, 0xE6, 0xE7, 0x00,
    0x00, 0x00, 0x00, 0x00, 0xE7, 0xCE, 0x3D, 0x00, 0x00, 0x00, 0x34, 0xD4, 0x2A, 0xF0, 0x70, 0x19,
    0x69, 0xED, 0x30, 0x00, 0x16, 0xB7, 0xD4, 0xBB, 0x19, 0x00, 0x1F, 0x9D, 0xF7, 0xDD, 0x51, 0x00,
    0x00, 0xB2, 0xFF, 0xFF, 0xFF, 0xEF, 0x67, 0x00, 0xF6, 0xFF, 0xFF, 0xFF, 0xFF, 0xB9, 0x09, 0xFF,
    0xFF, 0xFF, 0xFF, 0xFF, 0xC6, 0x39, 0xFF, 0xFF, 0xFF, 0xFF, 0xFF, 0xC0, 0x21, 0xD7, 0xFF, 0xFF,
    0xFF, 0xFB, 0xA4, 0x00, 0x70, 0xED, 0xFF, 0xFF, 0xCF, 0x16, 0x00, 0x00, 0x25, 0x76, 0x4E, 0x00,
    0x00, 0x00, 0x01, 0x06, 0x06, 0x06, 0x06, 0x06, 0x01, 0xA6, 0xA8, 0xA8, 0xA8, 0xA8, 0xA8, 0xAC,
    0xA8, 0x00, 0x00, 0x00, 0x00, 0x00, 0xA8, 0xA8, 0x00, 0x00, 0x00, 0x00, 0x00, 0xA8, 0xA8, 0x00,
    0x00, 0x00, 0x00, 0x00, 0xA8, 0xA8, 0x00, 0x00, 0x00, 0x00, 0x00, 0xA8, 0xA2, 0xA8, 0xA8, 0xA8,
    0xA8, 0xA8, 0xA6, 0x01, 0x06, 0x06, 0x06, 0x06, 0x06, 0x03, 0xAE, 0xA8, 0xA8, 0xA8, 0xA8, 0xA8,
    0xA6, 0xAE, 0x00, 0x00, 0x00, 0x5A, 0x30, 0xAE, 0xAE, 0x00, 0x00, 0x22, 0x85, 0x00, 0xAE, 0xAE,
    0x18, 0x51, 0xAE, 0x06, 0x00, 0xAE, 0xAE, 0x04, 0xBD, 0xBB, 0x00, 0x00, 0xAE, 0xAC, 0xAE, 0xAF,
    0xAE, 0xAE, 0xAE, 0xA7, 0x01, 0x06, 0x06, 0x06, 0x06, 0x06, 0x03, 0x00, 0x00, 0x1F, 0x04, 0x00,
    0x00, 0x00, 0x43, 0x77, 0xEC, 0x96, 0x91, 0x03, 0x00, 0x74, 0xE8, 0xAF, 0xBE, 0xDD, 0x0E, 0x00,
    0xE4, 0x4F, 0x5B, 0x13, 0xB3, 0xB8, 0x07, 0xA5, 0x40, 0xDC, 0x7F, 0x7A, 0x92, 0x00, 0xDD, 0x5B,
    0x13, 0x00, 0xC8, 0xB8, 0x07, 0x6D, 0xEC, 0xC4, 0xEE, 0xDB, 0x03, 0x00, 0x2D, 0x42, 0xE3, 0x63,
    0x63, 0x00, 0x00, 0x00, 0x00, 0x00, 0x00, 0x22, 0x15, 0x00, 0x00, 0x00, 0x00, 0xC3, 0xFF, 0x0C,
    0x1B, 0x00, 0x13, 0xFF, 0xB2, 0xFF, 0xBA, 0x00, 0x99, 0xFF, 0x22, 0xAB, 0xFF, 0x01, 0xFC, 0xD9,
    0x00, 0x49, 0xFF, 0x87, 0xFF, 0x6F, 0x00, 0x00, 0xFF, 0xFF, 0xFF, 0x03, 0x00, 0x00, 0xA0, 0xFF,
    0xA2, 0x00, 0x00, 0x00, 0x00, 0x00, 0x00, 0x00, 0x06, 0x01, 0x00, 0x00, 0xA5, 0x57, 0x24, 0xFF,
    0x63, 0x00, 0x00, 0xA3, 0xE7, 0xFF, 0xA6, 0x00, 0x00, 0x00, 0x34, 0xFF, 0xE7, 0x03, 0x00, 0x00,
    0x00, 0x99, 0xFF, 0xEB, 0x00, 0x00, 0x00, 0x42, 0xFF, 0x93, 0xFF, 0x66, 0x00, 0x0C, 0xFF, 0xB4,
    0x00, 0x8E, 0x6C, 0x00, 0x37, 0xFF, 0x13, 0x00, 0x00, 0x00, 0x00, 0x00, 0x0D, 0x00, 0x00, 0x00,
    0x00, 0x00, 0x00, 0x25, 0x09, 0x00, 0x00, 0x81, 0x6F, 0x1E, 0xFF, 0xAA, 0x00, 0x81, 0xFF, 0xE1,
    0x00, 0xFF, 0xFF, 0xA5, 0xFF, 0xF0, 0x0F, 0x00, 0x84, 0xFF, 0xFF, 0xFF, 0x1B, 0x00, 0x00, 0x3D,
    0xFF, 0xFF, 0xDA, 0x00, 0x00, 0x1E, 0xFF, 0xFF, 0xFF, 0xFF, 0xBA, 0x00, 0xB7, 0xFF, 0xA8, 0xB8,
    0xFF, 0xFF, 0x00, 0x87, 0xDA, 0x01, 0x01, 0x76, 0x28, 0x00, 0x00, 0x00, 0x00, 0x00, 0x00, 0x00,
    0x00, 0x00, 0x06, 0x54, 0x31, 0x00, 0x00, 0x1E, 0xFF, 0xBE, 0x00, 0x00, 0x1E, 0xFF, 0xBE, 0x00,
    0x00, 0x1E, 0xFF, 0xBE, 0x00, 0x00, 0x1E, 0xFF, 0xBE, 0x00, 0x00, 0xB1, 0xFF, 0xFF, 0x40, 0x00,
    0x0C, 0xDE, 0x72, 0x00, 0x00, 0x00, 0x00, 0x00, 0x00,
};
