// Auto-generated VLW font: ibmplex_bolditalic_9
// Size: 22712 bytes (22.2 KB)
#pragma once
#include <pgmspace.h>

const uint8_t ibmplex_bolditalic_9[] PROGMEM = {
    0x00, 0x00, 0x01, 0x65, 0x00, 0x00, 0x00, 0x06, 0x00, 0x00, 0x00, 0x09, 0x00, 0x00, 0x00, 0x00,
    0x00, 0x00, 0x00, 0x0A, 0x00, 0x00, 0x00, 0x03, 0x00, 0x00, 0x00, 0x20, 0x00, 0x00, 0x00, 0x00,
    0x00, 0x00, 0x00, 0x00, 0x00, 0x00, 0x00, 0x05, 0x00, 0x00, 0x00, 0x00, 0x00, 0x00, 0x00, 0x00,
    0x00, 0x00, 0x00, 0x00, 0x00, 0x00, 0x00, 0x21, 0x00, 0x00, 0x00, 0x07, 0x00, 0x00, 0x00, 0x04,
    0x00, 0x00, 0x00, 0x05, 0x00, 0x00, 0x00, 0x07, 0x00, 0x00, 0x00, 0x01, 0x00, 0x00, 0x00, 0x00,
    0x00, 0x00, 0x00, 0x22, 0x00, 0x00, 0x00, 0x04, 0x00, 0x00, 0x00, 0x04, 0x00, 0x00, 0x00, 0x05,
    0x00, 0x00, 0x00, 0x07, 0x00, 0x00, 0x00, 0x01, 0x00, 0x00, 0x00, 0x00, 0x00, 0x00, 0x00, 0x23,
    0x00, 0x00, 0x00, 0x07, 0x00, 0x00, 0x00, 0x05, 0x00, 0x00, 0x00, 0x05, 0x00, 0x00, 0x00, 0x07,
    0x00, 0x00, 0x00, 0x00, 0x00, 0x00, 0x00, 0x00, 0x00, 0x00, 0x00, 0x24, 0x00, 0x00, 0x00, 0x09,
    0x00, 0x00, 0x00, 0x05, 0x00, 0x00, 0x00, 0x05, 0x00, 0x00, 0x00, 0x08, 0x00, 0x00, 0x00, 0x00,
    0x00, 0x00, 0x00, 0x00, 0x00, 0x00, 0x00, 0x25, 0x00, 0x00, 0x00, 0x07, 0x00, 0x00, 0x00, 0x05,
    0x00, 0x00, 0x00, 0x05, 0x00, 0x00, 0x00, 0x07, 0x00, 0x00, 0x00, 0x00, 0x00, 0x00, 0x00, 0x00,
    0x00, 0x00, 0x00, 0x26, 0x00, 0x00, 0x00, 0x07, 0x00, 0x00, 0x00, 0x05, 0x00, 0x00, 0x00, 0x05,
    0x00, 0x00, 0x00, 0x07, 0x00, 0x00, 0x00, 0x00, 0x00, 0x00, 0x00, 0x00, 0x00, 0x00, 0x00, 0x27,
    0x00, 0x00, 0x00, 0x04, 0x00, 0x00, 0x00, 0x03, 0x00, 0x00, 0x00, 0x05, 0x00, 0x00, 0x00, 0x07,
    0x00, 0x00, 0x00, 0x02, 0x00, 0x00, 0x00, 0x00, 0x00, 0x00, 0x00, 0x28, 0x00, 0x00, 0x00, 0x09,
    0x00, 0x00, 0x00, 0x04, 0x00, 0x00, 0x00, 0x05, 0x00, 0x00, 0x00, 0x07, 0x00, 0x00, 0x00, 0x01,
    0x00, 0x00, 0x00, 0x00, 0x00, 0x00, 0x00, 0x29, 0x00, 0x00, 0x00, 0x09, 0x00, 0x00, 0x00, 0x05,
    0x00, 0x00, 0x00, 0x05, 0x00, 0x00, 0x00, 0x07, 0x00, 0x00, 0x00, 0x00, 0x00, 0x00, 0x00, 0x00,
    0x00, 0x00, 0x00, 0x2A, 0x00, 0x00, 0x00, 0x05, 0x00, 0x00, 0x00, 0x05, 0x00, 0x00, 0x00, 0x05,
    0x00, 0x00, 0x00, 0x05, 0x00, 0x00, 0x00, 0x00, 0x00, 0x00, 0x00, 0x00, 0x00, 0x00, 0x00, 0x2B,
    0x00, 0x00, 0x00, 0x05, 0x00, 0x00, 0x00, 0x05, 0x00, 0x00, 0x00, 0x05, 0x00, 0x00, 0x00, 0x05,
    0x00, 0x00, 0x00, 0x00, 0x00, 0x00, 0x00, 0x00, 0x00, 0x00, 0x00, 0x2C, 0x00, 0x00, 0x00, 0x04,
    0x00, 0x00, 0x00, 0x04, 0x00, 0x00, 0x00, 0x05, 0x00, 0x00, 0x00, 0x03, 0x00, 0x00, 0x00, 0x00,
    0x00, 0x00, 0x00, 0x00, 0x00, 0x00, 0x00, 0x2D, 0x00, 0x00, 0x00, 0x03, 0x00, 0x00, 0x00, 0x04,
    0x00, 0x00, 0x00, 0x05, 0x00, 0x00, 0x00, 0x04, 0x00, 0x00, 0x00, 0x01, 0x00, 0x00, 0x00, 0x00,
    0x00, 0x00, 0x00, 0x2E, 0x00, 0x00, 0x00, 0x02, 0x00, 0x00, 0x00, 0x03, 0x00, 0x00, 0x00, 0x05,
    0x00, 0x00, 0x00, 0x02, 0x00, 0x00, 0x00, 0x01, 0x00, 0x00, 0x00, 0x00, 0x00, 0x00, 0x00, 0x2F,
    0x00, 0x00, 0x00, 0x09, 0x00, 0x00, 0x00, 0x05, 0x00, 0x00, 0x00, 0x05, 0x00, 0x00, 0x00, 0x07,
    0x00, 0x00, 0x00, 0x00, 0x00, 0x00, 0x00, 0x00, 0x00, 0x00, 0x00, 0x30, 0x00, 0x00, 0x00, 0x07,
    0x00, 0x00, 0x00, 0x05, 0x00, 0x00, 0x00, 0x05, 0x00, 0x00, 0x00, 0x07, 0x00, 0x00, 0x00, 0x00,
    0x00, 0x00, 0x00, 0x00, 0x00, 0x00, 0x00, 0x31, 0x00, 0x00, 0x00, 0x07, 0x00, 0x00, 0x00, 0x05,
    0x00, 0x00, 0x00, 0x05, 0x00, 0x00, 0x00, 0x07, 0x00, 0x00, 0x00, 0x00, 0x00, 0x00, 0x00, 0x00,
    0x00, 0x00, 0x00, 0x32, 0x00, 0x00, 0x00, 0x07, 0x00, 0x00, 0x00, 0x05, 0x00, 0x00, 0x00, 0x05,
    0x00, 0x00, 0x00, 0x07, 0x00, 0x00, 0x00, 0x00, 0x00, 0x00, 0x00, 0x00, 0x00, 0x00, 0x00, 0x33,
    0x00, 0x00, 0x00, 0x07, 0x00, 0x00, 0x00, 0x05, 0x00, 0x00, 0x00, 0x05, 0x00, 0x00, 0x00, 0x07,
    0x00, 0x00, 0x00, 0x00, 0x00, 0x00, 0x00, 0x00, 0x00, 0x00, 0x00, 0x34, 0x00, 0x00, 0x00, 0x07,
    0x00, 0x00, 0x00, 0x05, 0x00, 0x00, 0x00, 0x05, 0x00, 0x00, 0x00, 0x07, 0x00, 0x00, 0x00, 0x00,
    0x00, 0x00, 0x00, 0x00, 0x00, 0x00, 0x00, 0x35, 0x00, 0x00, 0x00, 0x07, 0x00, 0x00, 0x00, 0x05,
    0x00, 0x00, 0x00, 0x05, 0x00, 0x00, 0x00, 0x07, 0x00, 0x00, 0x00, 0x00, 0x00, 0x00, 0x00, 0x00,
    0x00, 0x00, 0x00, 0x36, 0x00, 0x00, 0x00, 0x07, 0x00, 0x00, 0x00, 0x05, 0x00, 0x00, 0x00, 0x05,
    0x00, 0x00, 0x00, 0x07, 0x00, 0x00, 0x00, 0x00, 0x00, 0x00, 0x00, 0x00, 0x00, 0x00, 0x00, 0x37,
    0x00, 0x00, 0x00, 0x07, 0x00, 0x00, 0x00, 0x05, 0x00, 0x00, 0x00, 0x05, 0x00, 0x00, 0x00, 0x07,
    0x00, 0x00, 0x00, 0x00, 0x00, 0x00, 0x00, 0x00, 0x00, 0x00, 0x00, 0x38, 0x00, 0x00, 0x00, 0x07,
    0x00, 0x00, 0x00, 0x05, 0x00, 0x00, 0x00, 0x05, 0x00, 0x00, 0x00, 0x07, 0x00, 0x00, 0x00, 0x00,
    0x00, 0x00, 0x00, 0x00, 0x00, 0x00, 0x00, 0x39, 0x00, 0x00, 0x00, 0x07, 0x00, 0x00, 0x00, 0x05,
    0x00, 0x00, 0x00, 0x05, 0x00, 0x00, 0x00, 0x07, 0x00, 0x00, 0x00, 0x00, 0x00, 0x00, 0x00, 0x00,
    0x00, 0x00, 0x00, 0x3A, 0x00, 0x00, 0x00, 0x05, 0x00, 0x00, 0x00, 0x03, 0x00, 0x00, 0x00, 0x05,
    0x00, 0x00, 0x00, 0x05, 0x00, 0x00, 0x00, 0x01, 0x00, 0x00, 0x00, 0x00, 0x00, 0x00, 0x00, 0x3B,
    0x00, 0x00, 0x00, 0x07, 0x00, 0x00, 0x00, 0x04, 0x00, 0x00, 0x00, 0x05, 0x00, 0x00, 0x00, 0x05,
    0x00, 0x00, 0x00, 0x00, 0x00, 0x00, 0x00, 0x00, 0x00, 0x00, 0x00, 0x3C, 0x00, 0x00, 0x00, 0x06,
    0x00, 0x00, 0x00, 0x05, 0x00, 0x00, 0x00, 0x05, 0x00, 0x00, 0x00, 0x06, 0x00, 0x00, 0x00, 0x00,
    0x00, 0x00, 0x00, 0x00, 0x00, 0x00, 0x00, 0x3D, 0x00, 0x00, 0x00, 0x04, 0x00, 0x00, 0x00, 0x05,
    0x00, 0x00, 0x00, 0x05, 0x00, 0x00, 0x00, 0x04, 0x00, 0x00, 0x00, 0x00, 0x00, 0x00, 0x00, 0x00,
    0x00, 0x00, 0x00, 0x3E, 0x00, 0x00, 0x00, 0x06, 0x00, 0x00, 0x00, 0x05, 0x00, 0x00, 0x00, 0x05,
    0x00, 0x00, 0x00, 0x06, 0x00, 0x00, 0x00, 0x00, 0x00, 0x00, 0x00, 0x00, 0x00, 0x00, 0x00, 0x3F,
    0x00, 0x00, 0x00, 0x07, 0x00, 0x00, 0x00, 0x05, 0x00, 0x00, 0x00, 0x05, 0x00, 0x00, 0x00, 0x07,
    0x00, 0x00, 0x00, 0x00, 0x00, 0x00, 0x00, 0x00, 0x00, 0x00, 0x00, 0x40, 0x00, 0x00, 0x00, 0x08,
    0x00, 0x00, 0x00, 0x05, 0x00, 0x00, 0x00, 0x05, 0x00, 0x00, 0x00, 0x07, 0x00, 0x00, 0x00, 0x00,
    0x00, 0x00, 0x00, 0x00, 0x00, 0x00, 0x00, 0x41, 0x00, 0x00, 0x00, 0x07, 0x00, 0x00, 0x00, 0x05,
    0x00, 0x00, 0x00, 0x05, 0x00, 0x00, 0x00, 0x07, 0x00, 0x00, 0x00, 0x00, 0x00, 0x00, 0x00, 0x00,
    0x00, 0x00, 0x00, 0x42, 0x00, 0x00, 0x00, 0x07, 0x00, 0x00, 0x00, 0x05, 0x00, 0x00, 0x00, 0x05,
    0x00, 0x00, 0x00, 0x07, 0x00, 0x00, 0x00, 0x00, 0x00, 0x00, 0x00, 0x00, 0x00, 0x00, 0x00, 0x43,
    0x00, 0x00, 0x00, 0x07, 0x00, 0x00, 0x00, 0x05, 0x00, 0x00, 0x00, 0x05, 0x00, 0x00, 0x00, 0x07,
    0x00, 0x00, 0x00, 0x00, 0x00, 0x00, 0x00, 0x00, 0x00, 0x00, 0x00, 0x44, 0x00, 0x00, 0x00, 0x07,
    0x00, 0x00, 0x00, 0x05, 0x00, 0x00, 0x00, 0x05, 0x00, 0x00, 0x00, 0x07, 0x00, 0x00, 0x00, 0x00,
    0x00, 0x00, 0x00, 0x00, 0x00, 0x00, 0x00, 0x45, 0x00, 0x00, 0x00, 0x07, 0x00, 0x00, 0x00, 0x05,
    0x00, 0x00, 0x00, 0x05, 0x00, 0x00, 0x00, 0x07, 0x00, 0x00, 0x00, 0x00, 0x00, 0x00, 0x00, 0x00,
    0x00, 0x00, 0x00, 0x46, 0x00, 0x00, 0x00, 0x07, 0x00, 0x00, 0x00, 0x05, 0x00, 0x00, 0x00, 0x05,
    0x00, 0x00, 0x00, 0x07, 0x00, 0x00, 0x00, 0x00, 0x00, 0x00, 0x00, 0x00, 0x00, 0x00, 0x00, 0x47,
    0x00, 0x00, 0x00, 0x07, 0x00, 0x00, 0x00, 0x05, 0x00, 0x00, 0x00, 0x05, 0x00, 0x00, 0x00, 0x07,
    0x00, 0x00, 0x00, 0x00, 0x00, 0x00, 0x00, 0x00, 0x00, 0x00, 0x00, 0x48, 0x00, 0x00, 0x00, 0x07,
    0x00, 0x00, 0x00, 0x05, 0x00, 0x00, 0x00, 0x05, 0x00, 0x00, 0x00, 0x07, 0x00, 0x00, 0x00, 0x00,
    0x00, 0x00, 0x00, 0x00, 0x00, 0x00, 0x00, 0x49, 0x00, 0x00, 0x00, 0x07, 0x00, 0x00, 0x00, 0x05,
    0x00, 0x00, 0x00, 0x05, 0x00, 0x00, 0x00, 0x07, 0x00, 0x00, 0x00, 0x00, 0x00, 0x00, 0x00, 0x00,
    0x00, 0x00, 0x00, 0x4A, 0x00, 0x00, 0x00, 0x07, 0x00, 0x00, 0x00, 0x05, 0x00, 0x00, 0x00, 0x05,
    0x00, 0x00, 0x00, 0x07, 0x00, 0x00, 0x00, 0x00, 0x00, 0x00, 0x00, 0x00, 0x00, 0x00, 0x00, 0x4B,
    0x00, 0x00, 0x00, 0x07, 0x00, 0x00, 0x00, 0x05, 0x00, 0x00, 0x00, 0x05, 0x00, 0x00, 0x00, 0x07,
    0x00, 0x00, 0x00, 0x00, 0x00, 0x00, 0x00, 0x00, 0x00, 0x00, 0x00, 0x4C, 0x00, 0x00, 0x00, 0x07,
    0x00, 0x00, 0x00, 0x05, 0x00, 0x00, 0x00, 0x05, 0x00, 0x00, 0x00, 0x07, 0x00, 0x00, 0x00, 0x00,
    0x00, 0x00, 0x00, 0x00, 0x00, 0x00, 0x00, 0x4D, 0x00, 0x00, 0x00, 0x07, 0x00, 0x00, 0x00, 0x05,
    0x00, 0x00, 0x00, 0x05, 0x00, 0x00, 0x00, 0x07, 0x00, 0x00, 0x00, 0x00, 0x00, 0x00, 0x00, 0x00,
    0x00, 0x00, 0x00, 0x4E, 0x00, 0x00, 0x00, 0x07, 0x00, 0x00, 0x00, 0x05, 0x00, 0x00, 0x00, 0x05,
    0x00, 0x00, 0x00, 0x07, 0x00, 0x00, 0x00, 0x00, 0x00, 0x00, 0x00, 0x00, 0x00, 0x00, 0x00, 0x4F,
    0x00, 0x00, 0x00, 0x07, 0x00, 0x00, 0x00, 0x05, 0x00, 0x00, 0x00, 0x05, 0x00, 0x00, 0x00, 0x07,
    0x00, 0x00, 0x00, 0x00, 0x00, 0x00, 0x00, 0x00, 0x00, 0x00, 0x00, 0x50, 0x00, 0x00, 0x00, 0x07,
    0x00, 0x00, 0x00, 0x05, 0x00, 0x00, 0x00, 0x05, 0x00, 0x00, 0x00, 0x07, 0x00, 0x00, 0x00, 0x00,
    0x00, 0x00, 0x00, 0x00, 0x00, 0x00, 0x00, 0x51, 0x00, 0x00, 0x00, 0x09, 0x00, 0x00, 0x00, 0x05,
    0x00, 0x00, 0x00, 0x05, 0x00, 0x00, 0x00, 0x07, 0x00, 0x00, 0x00, 0x00, 0x00, 0x00, 0x00, 0x00,
    0x00, 0x00, 0x00, 0x52, 0x00, 0x00, 0x00, 0x07, 0x00, 0x00, 0x00, 0x05, 0x00, 0x00, 0x00, 0x05,
    0x00, 0x00, 0x00, 0x07, 0x00, 0x00, 0x00, 0x00, 0x00, 0x00, 0x00, 0x00, 0x00, 0x00, 0x00, 0x53,
    0x00, 0x00, 0x00, 0x07, 0x00, 0x00, 0x00, 0x05, 0x00, 0x00, 0x00, 0x05, 0x00, 0x00, 0x00, 0x07,
    0x00, 0x00, 0x00, 0x00, 0x00, 0x00, 0x00, 0x00, 0x00, 0x00, 0x00, 0x54, 0x00, 0x00, 0x00, 0x07,
    0x00, 0x00, 0x00, 0x05, 0x00, 0x00, 0x00, 0x05, 0x00, 0x00, 0x00, 0x07, 0x00, 0x00, 0x00, 0x00,
    0x00, 0x00, 0x00, 0x00, 0x00, 0x00, 0x00, 0x55, 0x00, 0x00, 0x00, 0x07, 0x00, 0x00, 0x00, 0x05,
    0x00, 0x00, 0x00, 0x05, 0x00, 0x00, 0x00, 0x07, 0x00, 0x00, 0x00, 0x00, 0x00, 0x00, 0x00, 0x00,
    0x00, 0x00, 0x00, 0x56, 0x00, 0x00, 0x00, 0x07, 0x00, 0x00, 0x00, 0x05, 0x00, 0x00, 0x00, 0x05,
    0x00, 0x00, 0x00, 0x07, 0x00, 0x00, 0x00, 0x00, 0x00, 0x00, 0x00, 0x00, 0x00, 0x00, 0x00, 0x57,
    0x00, 0x00, 0x00, 0x07, 0x00, 0x00, 0x00, 0x05, 0x00, 0x00, 0x00, 0x05, 0x00, 0x00, 0x00, 0x07,
    0x00, 0x00, 0x00, 0x00, 0x00, 0x00, 0x00, 0x00, 0x00, 0x00, 0x00, 0x58, 0x00, 0x00, 0x00, 0x07,
    0x00, 0x00, 0x00, 0x05, 0x00, 0x00, 0x00, 0x05, 0x00, 0x00, 0x00, 0x07, 0x00, 0x00, 0x00, 0x00,
    0x00, 0x00, 0x00, 0x00, 0x00, 0x00, 0x00, 0x59, 0x00, 0x00, 0x00, 0x07, 0x00, 0x00, 0x00, 0x05,
    0x00, 0x00, 0x00, 0x05, 0x00, 0x00, 0x00, 0x07, 0x00, 0x00, 0x00, 0x00, 0x00, 0x00, 0x00, 0x00,
    0x00, 0x00, 0x00, 0x5A, 0x00, 0x00, 0x00, 0x07, 0x00, 0x00, 0x00, 0x05, 0x00, 0x00, 0x00, 0x05,
    0x00, 0x00, 0x00, 0x07, 0x00, 0x00, 0x00, 0x00, 0x00, 0x00, 0x00, 0x00, 0x00, 0x00, 0x00, 0x5B,
    0x00, 0x00, 0x00, 0x09, 0x00, 0x00, 0x00, 0x04, 0x00, 0x00, 0x00, 0x05, 0x00, 0x00, 0x00, 0x07,
    0x00, 0x00, 0x00, 0x01, 0x00, 0x00, 0x00, 0x00, 0x00, 0x00, 0x00, 0x5C, 0x00, 0x00, 0x00, 0x09,
    0x00, 0x00, 0x00, 0x04, 0x00, 0x00, 0x00, 0x05, 0x00, 0x00, 0x00, 0x07, 0x00, 0x00, 0x00, 0x01,
    0x00, 0x00, 0x00, 0x00, 0x00, 0x00, 0x00, 0x5D, 0x00, 0x00, 0x00, 0x09, 0x00, 0x00, 0x00, 0x05,
    0x00, 0x00, 0x00, 0x05, 0x00, 0x00, 0x00, 0x07, 0x00, 0x00, 0x00, 0x00, 0x00, 0x00, 0x00, 0x00,
    0x00, 0x00, 0x00, 0x5E, 0x00, 0x00, 0x00, 0x06, 0x00, 0x00, 0x00, 0x05, 0x00, 0x00, 0x00, 0x05,
    0x00, 0x00, 0x00, 0x08, 0x00, 0x00, 0x00, 0x00, 0x00, 0x00, 0x00, 0x00, 0x00, 0x00, 0x00, 0x5F,
    0x00, 0x00, 0x00, 0x02, 0x00, 0x00, 0x00, 0x05, 0x00, 0x00, 0x00, 0x05, 0xFF, 0xFF, 0xFF, 0xFF,
    0x00, 0x00, 0x00, 0x00, 0x00, 0x00, 0x00, 0x00, 0x00, 0x00, 0x00, 0x60, 0x00, 0x00, 0x00, 0x03,
    0x00, 0x00, 0x00, 0x03, 0x00, 0x00, 0x00, 0x05, 0x00, 0x00, 0x00, 0x08, 0x00, 0x00, 0x00, 0x01,
    0x00, 0x00, 0x00, 0x00, 0x00, 0x00, 0x00, 0x61, 0x00, 0x00, 0x00, 0x05, 0x00, 0x00, 0x00, 0x05,
    0x00, 0x00, 0x00, 0x05, 0x00, 0x00, 0x00, 0x05, 0x00, 0x00, 0x00, 0x00, 0x00, 0x00, 0x00, 0x00,
    0x00, 0x00, 0x00, 0x62, 0x00, 0x00, 0x00, 0x07, 0x00, 0x00, 0x00, 0x05, 0x00, 0x00, 0x00, 0x05,
    0x00, 0x00, 0x00, 0x07, 0x00, 0x00, 0x00, 0x00, 0x00, 0x00, 0x00, 0x00, 0x00, 0x00, 0x00, 0x63,
    0x00, 0x00, 0x00, 0x05, 0x00, 0x00, 0x00, 0x05, 0x00, 0x00, 0x00, 0x05, 0x00, 0x00, 0x00, 0x05,
    0x00, 0x00, 0x00, 0x00, 0x00, 0x00, 0x00, 0x00, 0x00, 0x00, 0x00, 0x64, 0x00, 0x00, 0x00, 0x07,
    0x00, 0x00, 0x00, 0x05, 0x00, 0x00, 0x00, 0x05, 0x00, 0x00, 0x00, 0x07, 0x00, 0x00, 0x00, 0x00,
    0x00, 0x00, 0x00, 0x00, 0x00, 0x00, 0x00, 0x65, 0x00, 0x00, 0x00, 0x05, 0x00, 0x00, 0x00, 0x05,
    0x00, 0x00, 0x00, 0x05, 0x00, 0x00, 0x00, 0x05, 0x00, 0x00, 0x00, 0x00, 0x00, 0x00, 0x00, 0x00,
    0x00, 0x00, 0x00, 0x66, 0x00, 0x00, 0x00, 0x09, 0x00, 0x00, 0x00, 0x05, 0x00, 0x00, 0x00, 0x05,
    0x00, 0x00, 0x00, 0x07, 0x00, 0x00, 0x00, 0x00, 0x00, 0x00, 0x00, 0x00, 0x00, 0x00, 0x00, 0x67,
    0x00, 0x00, 0x00, 0x07, 0x00, 0x00, 0x00, 0x05, 0x00, 0x00, 0x00, 0x05, 0x00, 0x00, 0x00, 0x05,
    0x00, 0x00, 0x00, 0x00, 0x00, 0x00, 0x00, 0x00, 0x00, 0x00, 0x00, 0x68, 0x00, 0x00, 0x00, 0x07,
    0x00, 0x00, 0x00, 0x05, 0x00, 0x00, 0x00, 0x05, 0x00, 0x00, 0x00, 0x07, 0x00, 0x00, 0x00, 0x00,
    0x00, 0x00, 0x00, 0x00, 0x00, 0x00, 0x00, 0x69, 0x00, 0x00, 0x00, 0x08, 0x00, 0x00, 0x00, 0x05,
    0x00, 0x00, 0x00, 0x05, 0x00, 0x00, 0x00, 0x08, 0x00, 0x00, 0x00, 0x00, 0x00, 0x00, 0x00, 0x00,
    0x00, 0x00, 0x00, 0x6A, 0x00, 0x00, 0x00, 0x0A, 0x00, 0x00, 0x00, 0x05, 0x00, 0x00, 0x00, 0x05,
    0x00, 0x00, 0x00, 0x08, 0x00, 0x00, 0x00, 0x00, 0x00, 0x00, 0x00, 0x00, 0x00, 0x00, 0x00, 0x6B,
    0x00, 0x00, 0x00, 0x07, 0x00, 0x00, 0x00, 0x05, 0x00, 0x00, 0x00, 0x05, 0x00, 0x00, 0x00, 0x07,
    0x00, 0x00, 0x00, 0x00, 0x00, 0x00, 0x00, 0x00, 0x00, 0x00, 0x00, 0x6C, 0x00, 0x00, 0x00, 0x07,
    0x00, 0x00, 0x00, 0x05, 0x00, 0x00, 0x00, 0x05, 0x00, 0x00, 0x00, 0x07, 0x00, 0x00, 0x00, 0x00,
    0x00, 0x00, 0x00, 0x00, 0x00, 0x00, 0x00, 0x6D, 0x00, 0x00, 0x00, 0x05, 0x00, 0x00, 0x00, 0x05,
    0x00, 0x00, 0x00, 0x05, 0x00, 0x00, 0x00, 0x05, 0x00, 0x00, 0x00, 0x00, 0x00, 0x00, 0x00, 0x00,
    0x00, 0x00, 0x00, 0x6E, 0x00, 0x00, 0x00, 0x05, 0x00, 0x00, 0x00, 0x05, 0x00, 0x00, 0x00, 0x05,
    0x00, 0x00, 0x00, 0x05, 0x00, 0x00, 0x00, 0x00, 0x00, 0x00, 0x00, 0x00, 0x00, 0x00, 0x00, 0x6F,
    0x00, 0x00, 0x00, 0x05, 0x00, 0x00, 0x00, 0x05, 0x00, 0x00, 0x00, 0x05, 0x00, 0x00, 0x00, 0x05,
    0x00, 0x00, 0x00, 0x00, 0x00, 0x00, 0x00, 0x00, 0x00, 0x00, 0x00, 0x70, 0x00, 0x00, 0x00, 0x07,
    0x00, 0x00, 0x00, 0x05, 0x00, 0x00, 0x00, 0x05, 0x00, 0x00, 0x00, 0x05, 0x00, 0x00, 0x00, 0x00,
    0x00, 0x00, 0x00, 0x00, 0x00, 0x00, 0x00, 0x71, 0x00, 0x00, 0x00, 0x07, 0x00, 0x00, 0x00, 0x05,
    0x00, 0x00, 0x00, 0x05, 0x00, 0x00, 0x00, 0x05, 0x00, 0x00, 0x00, 0x00, 0x00, 0x00, 0x00, 0x00,
    0x00, 0x00, 0x00, 0x72, 0x00, 0x00, 0x00, 0x05, 0x00, 0x00, 0x00, 0x05, 0x00, 0x00, 0x00, 0x05,
    0x00, 0x00, 0x00, 0x05, 0x00, 0x00, 0x00, 0x00, 0x00, 0x00, 0x00, 0x00, 0x00, 0x00, 0x00, 0x73,
    0x00, 0x00, 0x00, 0x05, 0x00, 0x00, 0x00, 0x05, 0x00, 0x00, 0x00, 0x05, 0x00, 0x00, 0x00, 0x05,
    0x00, 0x00, 0x00, 0x00, 0x00, 0x00, 0x00, 0x00, 0x00, 0x00, 0x00, 0x74, 0x00, 0x00, 0x00, 0x07,
    0x00, 0x00, 0x00, 0x05, 0x00, 0x00, 0x00, 0x05, 0x00, 0x00, 0x00, 0x07, 0x00, 0x00, 0x00, 0x00,
    0x00, 0x00, 0x00, 0x00, 0x00, 0x00, 0x00, 0x75, 0x00, 0x00, 0x00, 0x05, 0x00, 0x00, 0x00, 0x05,
    0x00, 0x00, 0x00, 0x05, 0x00, 0x00, 0x00, 0x05, 0x00, 0x00, 0x00, 0x00, 0x00, 0x00, 0x00, 0x00,
    0x00, 0x00, 0x00, 0x76, 0x00, 0x00, 0x00, 0x06, 0x00, 0x00, 0x00, 0x05, 0x00, 0x00, 0x00, 0x05,
    0x00, 0x00, 0x00, 0x06, 0x00, 0x00, 0x00, 0x00, 0x00, 0x00, 0x00, 0x00, 0x00, 0x00, 0x00, 0x77,
    0x00, 0x00, 0x00, 0x06, 0x00, 0x00, 0x00, 0x05, 0x00, 0x00, 0x00, 0x05, 0x00, 0x00, 0x00, 0x06,
    0x00, 0x00, 0x00, 0x00, 0x00, 0x00, 0x00, 0x00, 0x00, 0x00, 0x00, 0x78, 0x00, 0x00, 0x00, 0x05,
    0x00, 0x00, 0x00, 0x05, 0x00, 0x00, 0x00, 0x05, 0x00, 0x00, 0x00, 0x05, 0x00, 0x00, 0x00, 0x00,
    0x00, 0x00, 0x00, 0x00, 0x00, 0x00, 0x00, 0x79, 0x00, 0x00, 0x00, 0x07, 0x00, 0x00, 0x00, 0x05,
    0x00, 0x00, 0x00, 0x05, 0x00, 0x00, 0x00, 0x05, 0x00, 0x00, 0x00, 0x00, 0x00, 0x00, 0x00, 0x00,
    0x00, 0x00, 0x00, 0x7A, 0x00, 0x00, 0x00, 0x05, 0x00, 0x00, 0x00, 0x05, 0x00, 0x00, 0x00, 0x05,
    0x00, 0x00, 0x00, 0x05, 0x00, 0x00, 0x00, 0x00, 0x00, 0x00, 0x00, 0x00, 0x00, 0x00, 0x00, 0x7B,
    0x00, 0x00, 0x00, 0x09, 0x00, 0x00, 0x00, 0x05, 0x00, 0x00, 0x00, 0x05, 0x00, 0x00, 0x00, 0x07,
    0x00, 0x00, 0x00, 0x00, 0x00, 0x00, 0x00, 0x00, 0x00, 0x00, 0x00, 0x7C, 0x00, 0x00, 0x00, 0x09,
    0x00, 0x00, 0x00, 0x04, 0x00, 0x00, 0x00, 0x05, 0x00, 0x00, 0x00, 0x07, 0x00, 0x00, 0x00, 0x01,
    0x00, 0x00, 0x00, 0x00, 0x00, 0x00, 0x00, 0x7D, 0x00, 0x00, 0x00, 0x09, 0x00, 0x00, 0x00, 0x05,
    0x00, 0x00, 0x00, 0x05, 0x00, 0x00, 0x00, 0x07, 0x00, 0x00, 0x00, 0x00, 0x00, 0x00, 0x00, 0x00,
    0x00, 0x00, 0x00, 0x7E, 0x00, 0x00, 0x00, 0x03, 0x00, 0x00, 0x00, 0x05, 0x00, 0x00, 0x00, 0x05,
    0x00, 0x00, 0x00, 0x04, 0x00, 0x00, 0x00, 0x00, 0x00, 0x00, 0x00, 0x00, 0x00, 0x00, 0x00, 0xA0,
    0x00, 0x00, 0x00, 0x00, 0x00, 0x00, 0x00, 0x00, 0x00, 0x00, 0x00, 0x05, 0x00, 0x00, 0x00, 0x00,
    0x00, 0x00, 0x00, 0x00, 0x00, 0x00, 0x00, 0x00, 0x00, 0x00, 0x00, 0xA1, 0x00, 0x00, 0x00, 0x08,
    0x00, 0x00, 0x00, 0x03, 0x00, 0x00, 0x00, 0x05, 0x00, 0x00, 0x00, 0x06, 0x00, 0x00, 0x00, 0x01,
    0x00, 0x00, 0x00, 0x00, 0x00, 0x00, 0x00, 0xA2, 0x00, 0x00, 0x00, 0x07, 0x00, 0x00, 0x00, 0x05,
    0x00, 0x00, 0x00, 0x05, 0x00, 0x00, 0x00, 0x06, 0x00, 0x00, 0x00, 0x00, 0x00, 0x00, 0x00, 0x00,
    0x00, 0x00, 0x00, 0xA3, 0x00, 0x00, 0x00, 0x07, 0x00, 0x00, 0x00, 0x05, 0x00, 0x00, 0x00, 0x05,
    0x00, 0x00, 0x00, 0x07, 0x00, 0x00, 0x00, 0x00, 0x00, 0x00, 0x00, 0x00, 0x00, 0x00, 0x00, 0xA4,
    0x00, 0x00, 0x00, 0x07, 0x00, 0x00, 0x00, 0x05, 0x00, 0x00, 0x00, 0x05, 0x00, 0x00, 0x00, 0x07,
    0x00, 0x00, 0x00, 0x00, 0x00, 0x00, 0x00, 0x00, 0x00, 0x00, 0x00, 0xA5, 0x00, 0x00, 0x00, 0x07,
    0x00, 0x00, 0x00, 0x05, 0x00, 0x00, 0x00, 0x05, 0x00, 0x00, 0x00, 0x07, 0x00, 0x00, 0x00, 0x00,
    0x00, 0x00, 0x00, 0x00, 0x00, 0x00, 0x00, 0xA6, 0x00, 0x00, 0x00, 0x09, 0x00, 0x00, 0x00, 0x04,
    0x00, 0x00, 0x00, 0x05, 0x00, 0x00, 0x00, 0x07, 0x00, 0x00, 0x00, 0x01, 0x00, 0x00, 0x00, 0x00,
    0x00, 0x00, 0x00, 0xA7, 0x00, 0x00, 0x00, 0x08, 0x00, 0x00, 0x00, 0x05, 0x00, 0x00, 0x00, 0x05,
    0x00, 0x00, 0x00, 0x07, 0x00, 0x00, 0x00, 0x00, 0x00, 0x00, 0x00, 0x00, 0x00, 0x00, 0x00, 0xA8,
    0x00, 0x00, 0x00, 0x03, 0x00, 0x00, 0x00, 0x04, 0x00, 0x00, 0x00, 0x05, 0x00, 0x00, 0x00, 0x08,
    0x00, 0x00, 0x00, 0x01, 0x00, 0x00, 0x00, 0x00, 0x00, 0x00, 0x00, 0xA9, 0x00, 0x00, 0x00, 0x07,
    0x00, 0x00, 0x00, 0x05, 0x00, 0x00, 0x00, 0x05, 0x00, 0x00, 0x00, 0x07, 0x00, 0x00, 0x00, 0x00,
    0x00, 0x00, 0x00, 0x00, 0x00, 0x00, 0x00, 0xAA, 0x00, 0x00, 0x00, 0x04, 0x00, 0x00, 0x00, 0x04,
    0x00, 0x00, 0x00, 0x05, 0x00, 0x00, 0x00, 0x07, 0x00, 0x00, 0x00, 0x01, 0x00, 0x00, 0x00, 0x00,
    0x00, 0x00, 0x00, 0xAB, 0x00, 0x00, 0x00, 0x05, 0x00, 0x00, 0x00, 0x05, 0x00, 0x00, 0x00, 0x05,
    0x00, 0x00, 0x00, 0x05, 0x00, 0x00, 0x00, 0x00, 0x00, 0x00, 0x00, 0x00, 0x00, 0x00, 0x00, 0xAC,
    0x00, 0x00, 0x00, 0x04, 0x00, 0x00, 0x00, 0x05, 0x00, 0x00, 0x00, 0x05, 0x00, 0x00, 0x00, 0x03,
    0x00, 0x00, 0x00, 0x00, 0x00, 0x00, 0x00, 0x00, 0x00, 0x00, 0x00, 0xAD, 0x00, 0x00, 0x00, 0x03,
    0x00, 0x00, 0x00, 0x04, 0x00, 0x00, 0x00, 0x05, 0x00, 0x00, 0x00, 0x04, 0x00, 0x00, 0x00, 0x01,
    0x00, 0x00, 0x00, 0x00, 0x00, 0x00, 0x00, 0xAE, 0x00, 0x00, 0x00, 0x04, 0x00, 0x00, 0x00, 0x04,
    0x00, 0x00, 0x00, 0x05, 0x00, 0x00, 0x00, 0x07, 0x00, 0x00, 0x00, 0x01, 0x00, 0x00, 0x00, 0x00,
    0x00, 0x00, 0x00, 0xAF, 0x00, 0x00, 0x00, 0x01, 0x00, 0x00, 0x00, 0x04, 0x00, 0x00, 0x00, 0x05,
    0x00, 0x00, 0x00, 0x07, 0x00, 0x00, 0x00, 0x01, 0x00, 0x00, 0x00, 0x00, 0x00, 0x00, 0x00, 0xB0,
    0x00, 0x00, 0x00, 0x04, 0x00, 0x00, 0x00, 0x04, 0x00, 0x00, 0x00, 0x05, 0x00, 0x00, 0x00, 0x07,
    0x00, 0x00, 0x00, 0x01, 0x00, 0x00, 0x00, 0x00, 0x00, 0x00, 0x00, 0xB1, 0x00, 0x00, 0x00, 0x06,
    0x00, 0x00, 0x00, 0x05, 0x00, 0x00, 0x00, 0x05, 0x00, 0x00, 0x00, 0x06, 0x00, 0x00, 0x00, 0x00,
    0x00, 0x00, 0x00, 0x00, 0x00, 0x00, 0x00, 0xB2, 0x00, 0x00, 0x00, 0x03, 0x00, 0x00, 0x00, 0x04,
    0x00, 0x00, 0x00, 0x05, 0x00, 0x00, 0x00, 0x06, 0x00, 0x00, 0x00, 0x01, 0x00, 0x00, 0x00, 0x00,
    0x00, 0x00, 0x00, 0xB3, 0x00, 0x00, 0x00, 0x03, 0x00, 0x00, 0x00, 0x04, 0x00, 0x00, 0x00, 0x05,
    0x00, 0x00, 0x00, 0x06, 0x00, 0x00, 0x00, 0x01, 0x00, 0x00, 0x00, 0x00, 0x00, 0x00, 0x00, 0xB4,
    0x00, 0x00, 0x00, 0x03, 0x00, 0x00, 0x00, 0x03, 0x00, 0x00, 0x00, 0x05, 0x00, 0x00, 0x00, 0x08,
    0x00, 0x00, 0x00, 0x02, 0x00, 0x00, 0x00, 0x00, 0x00, 0x00, 0x00, 0xB5, 0x00, 0x00, 0x00, 0x07,
    0x00, 0x00, 0x00, 0x05, 0x00, 0x00, 0x00, 0x05, 0x00, 0x00, 0x00, 0x05, 0x00, 0x00, 0x00, 0x00,
    0x00, 0x00, 0x00, 0x00, 0x00, 0x00, 0x00, 0xB6, 0x00, 0x00, 0x00, 0x09, 0x00, 0x00, 0x00, 0x05,
    0x00, 0x00, 0x00, 0x05, 0x00, 0x00, 0x00, 0x07, 0x00, 0x00, 0x00, 0x00, 0x00, 0x00, 0x00, 0x00,
    0x00, 0x00, 0x00, 0xB7, 0x00, 0x00, 0x00, 0x02, 0x00, 0x00, 0x00, 0x03, 0x00, 0x00, 0x00, 0x05,
    0x00, 0x00, 0x00, 0x04, 0x00, 0x00, 0x00, 0x01, 0x00, 0x00, 0x00, 0x00, 0x00, 0x00, 0x00, 0xB8,
    0x00, 0x00, 0x00, 0x03, 0x00, 0x00, 0x00, 0x03, 0x00, 0x00, 0x00, 0x05, 0x00, 0x00, 0x00, 0x01,
    0x00, 0x00, 0x00, 0x01, 0x00, 0x00, 0x00, 0x00, 0x00, 0x00, 0x00, 0xB9, 0x00, 0x00, 0x00, 0x03,
    0x00, 0x00, 0x00, 0x04, 0x00, 0x00, 0x00, 0x05, 0x00, 0x00, 0x00, 0x06, 0x00, 0x00, 0x00, 0x01,
    0x00, 0x00, 0x00, 0x00, 0x00, 0x00, 0x00, 0xBA, 0x00, 0x00, 0x00, 0x04, 0x00, 0x00, 0x00, 0x04,
    0x00, 0x00, 0x00, 0x05, 0x00, 0x00, 0x00, 0x07, 0x00, 0x00, 0x00, 0x01, 0x00, 0x00, 0x00, 0x00,
    0x00, 0x00, 0x00, 0xBB, 0x00, 0x00, 0x00, 0x05, 0x00, 0x00, 0x00, 0x05, 0x00, 0x00, 0x00, 0x05,
    0x00, 0x00, 0x00, 0x05, 0x00, 0x00, 0x00, 0x00, 0x00, 0x00, 0x00, 0x00, 0x00, 0x00, 0x00, 0xBC,
    0x00, 0x00, 0x00, 0x08, 0x00, 0x00, 0x00, 0x05, 0x00, 0x00, 0x00, 0x05, 0x00, 0x00, 0x00, 0x07,
    0x00, 0x00, 0x00, 0x00, 0x00, 0x00, 0x00, 0x00, 0x00, 0x00, 0x00, 0xBD, 0x00, 0x00, 0x00, 0x07,
    0x00, 0x00, 0x00, 0x05, 0x00, 0x00, 0x00, 0x05, 0x00, 0x00, 0x00, 0x07, 0x00, 0x00, 0x00, 0x00,
    0x00, 0x00, 0x00, 0x00, 0x00, 0x00, 0x00, 0xBE, 0x00, 0x00, 0x00, 0x07, 0x00, 0x00, 0x00, 0x05,
    0x00, 0x00, 0x00, 0x05, 0x00, 0x00, 0x00, 0x06, 0x00, 0x00, 0x00, 0x00, 0x00, 0x00, 0x00, 0x00,
    0x00, 0x00, 0x00, 0xBF, 0x00, 0x00, 0x00, 0x07, 0x00, 0x00, 0x00, 0x05, 0x00, 0x00, 0x00, 0x05,
    0x00, 0x00, 0x00, 0x05, 0x00, 0x00, 0x00, 0x00, 0x00, 0x00, 0x00, 0x00, 0x00, 0x00, 0x00, 0xC0,
    0x00, 0x00, 0x00, 0x0B, 0x00, 0x00, 0x00, 0x05, 0x00, 0x00, 0x00, 0x05, 0x00, 0x00, 0x00, 0x0B,
    0x00, 0x00, 0x00, 0x00, 0x00, 0x00, 0x00, 0x00, 0x00, 0x00, 0x00, 0xC1, 0x00, 0x00, 0x00, 0x0B,
    0x00, 0x00, 0x00, 0x05, 0x00, 0x00, 0x00, 0x05, 0x00, 0x00, 0x00, 0x0B, 0x00, 0x00, 0x00, 0x00,
    0x00, 0x00, 0x00, 0x00, 0x00, 0x00, 0x00, 0xC2, 0x00, 0x00, 0x00, 0x0A, 0x00, 0x00, 0x00, 0x05,
    0x00, 0x00, 0x00, 0x05, 0x00, 0x00, 0x00, 0x0A, 0x00, 0x00, 0x00, 0x00, 0x00, 0x00, 0x00, 0x00,
    0x00, 0x00, 0x00, 0xC3, 0x00, 0x00, 0x00, 0x0A, 0x00, 0x00, 0x00, 0x05, 0x00, 0x00, 0x00, 0x05,
    0x00, 0x00, 0x00, 0x0A, 0x00, 0x00, 0x00, 0x00, 0x00, 0x00, 0x00, 0x00, 0x00, 0x00, 0x00, 0xC4,
    0x00, 0x00, 0x00, 0x0A, 0x00, 0x00, 0x00, 0x05, 0x00, 0x00, 0x00, 0x05, 0x00, 0x00, 0x00, 0x0A,
    0x00, 0x00, 0x00, 0x00, 0x00, 0x00, 0x00, 0x00, 0x00, 0x00, 0x00, 0xC5, 0x00, 0x00, 0x00, 0x0B,
    0x00, 0x00, 0x00, 0x05, 0x00, 0x00, 0x00, 0x05, 0x00, 0x00, 0x00, 0x0B, 0x00, 0x00, 0x00, 0x00,
    0x00, 0x00, 0x00, 0x00, 0x00, 0x00, 0x00, 0xC6, 0x00, 0x00, 0x00, 0x07, 0x00, 0x00, 0x00, 0x05,
    0x00, 0x00, 0x00, 0x05, 0x00, 0x00, 0x00, 0x07, 0x00, 0x00, 0x00, 0x00, 0x00, 0x00, 0x00, 0x00,
    0x00, 0x00, 0x00, 0xC7, 0x00, 0x00, 0x00, 0x09, 0x00, 0x00, 0x00, 0x05, 0x00, 0x00, 0x00, 0x05,
    0x00, 0x00, 0x00, 0x07, 0x00, 0x00, 0x00, 0x00, 0x00, 0x00, 0x00, 0x00, 0x00, 0x00, 0x00, 0xC8,
    0x00, 0x00, 0x00, 0x0B, 0x00, 0x00, 0x00, 0x05, 0x00, 0x00, 0x00, 0x05, 0x00, 0x00, 0x00, 0x0B,
    0x00, 0x00, 0x00, 0x00, 0x00, 0x00, 0x00, 0x00, 0x00, 0x00, 0x00, 0xC9, 0x00, 0x00, 0x00, 0x0B,
    0x00, 0x00, 0x00, 0x05, 0x00, 0x00, 0x00, 0x05, 0x00, 0x00, 0x00, 0x0B, 0x00, 0x00, 0x00, 0x00,
    0x00, 0x00, 0x00, 0x00, 0x00, 0x00, 0x00, 0xCA, 0x00, 0x00, 0x00, 0x0A, 0x00, 0x00, 0x00, 0x05,
    0x00, 0x00, 0x00, 0x05, 0x00, 0x00, 0x00, 0x0A, 0x00, 0x00, 0x00, 0x00, 0x00, 0x00, 0x00, 0x00,
    0x00, 0x00, 0x00, 0xCB, 0x00, 0x00, 0x00, 0x0A, 0x00, 0x00, 0x00, 0x05, 0x00, 0x00, 0x00, 0x05,
    0x00, 0x00, 0x00, 0x0A, 0x00, 0x00, 0x00, 0x00, 0x00, 0x00, 0x00, 0x00, 0x00, 0x00, 0x00, 0xCC,
    0x00, 0x00, 0x00, 0x0B, 0x00, 0x00, 0x00, 0x05, 0x00, 0x00, 0x00, 0x05, 0x00, 0x00, 0x00, 0x0B,
    0x00, 0x00, 0x00, 0x00, 0x00, 0x00, 0x00, 0x00, 0x00, 0x00, 0x00, 0xCD, 0x00, 0x00, 0x00, 0x0B,
    0x00, 0x00, 0x00, 0x05, 0x00, 0x00, 0x00, 0x05, 0x00, 0x00, 0x00, 0x0B, 0x00, 0x00, 0x00, 0x00,
    0x00, 0x00, 0x00, 0x00, 0x00, 0x00, 0x00, 0xCE, 0x00, 0x00, 0x00, 0x0A, 0x00, 0x00, 0x00, 0x05,
    0x00, 0x00, 0x00, 0x05, 0x00, 0x00, 0x00, 0x0A, 0x00, 0x00, 0x00, 0x00, 0x00, 0x00, 0x00, 0x00,
    0x00, 0x00, 0x00, 0xCF, 0x00, 0x00, 0x00, 0x0A, 0x00, 0x00, 0x00, 0x05, 0x00, 0x00, 0x00, 0x05,
    0x00, 0x00, 0x00, 0x0A, 0x00, 0x00, 0x00, 0x00, 0x00, 0x00, 0x00, 0x00, 0x00, 0x00, 0x00, 0xD0,
    0x00, 0x00, 0x00, 0x07, 0x00, 0x00, 0x00, 0x05, 0x00, 0x00, 0x00, 0x05, 0x00, 0x00, 0x00, 0x07,
    0x00, 0x00, 0x00, 0x00, 0x00, 0x00, 0x00, 0x00, 0x00, 0x00, 0x00, 0xD1, 0x00, 0x00, 0x00, 0x0A,
    0x00, 0x00, 0x00, 0x05, 0x00, 0x00, 0x00, 0x05, 0x00, 0x00, 0x00, 0x0A, 0x00, 0x00, 0x00, 0x00,
    0x00, 0x00, 0x00, 0x00, 0x00, 0x00, 0x00, 0xD2, 0x00, 0x00, 0x00, 0x0B, 0x00, 0x00, 0x00, 0x05,
    0x00, 0x00, 0x00, 0x05, 0x00, 0x00, 0x00, 0x0B, 0x00, 0x00, 0x00, 0x00, 0x00, 0x00, 0x00, 0x00,
    0x00, 0x00, 0x00, 0xD3, 0x00, 0x00, 0x00, 0x0B, 0x00, 0x00, 0x00, 0x05, 0x00, 0x00, 0x00, 0x05,
    0x00, 0x00, 0x00, 0x0B, 0x00, 0x00, 0x00, 0x00, 0x00, 0x00, 0x00, 0x00, 0x00, 0x00, 0x00, 0xD4,
    0x00, 0x00, 0x00, 0x0A, 0x00, 0x00, 0x00, 0x05, 0x00, 0x00, 0x00, 0x05, 0x00, 0x00, 0x00, 0x0A,
    0x00, 0x00, 0x00, 0x00, 0x00, 0x00, 0x00, 0x00, 0x00, 0x00, 0x00, 0xD5, 0x00, 0x00, 0x00, 0x0A,
    0x00, 0x00, 0x00, 0x05, 0x00, 0x00, 0x00, 0x05, 0x00, 0x00, 0x00, 0x0A, 0x00, 0x00, 0x00, 0x00,
    0x00, 0x00, 0x00, 0x00, 0x00, 0x00, 0x00, 0xD6, 0x00, 0x00, 0x00, 0x0A, 0x00, 0x00, 0x00, 0x05,
    0x00, 0x00, 0x00, 0x05, 0x00, 0x00, 0x00, 0x0A, 0x00, 0x00, 0x00, 0x00, 0x00, 0x00, 0x00, 0x00,
    0x00, 0x00, 0x00, 0xD7, 0x00, 0x00, 0x00, 0x06, 0x00, 0x00, 0x00, 0x05, 0x00, 0x00, 0x00, 0x05,
    0x00, 0x00, 0x00, 0x06, 0x00, 0x00, 0x00, 0x00, 0x00, 0x00, 0x00, 0x00, 0x00, 0x00, 0x00, 0xD8,
    0x00, 0x00, 0x00, 0x09, 0x00, 0x00, 0x00, 0x05, 0x00, 0x00, 0x00, 0x05, 0x00, 0x00, 0x00, 0x08,
    0x00, 0x00, 0x00, 0x00, 0x00, 0x00, 0x00, 0x00, 0x00, 0x00, 0x00, 0xD9, 0x00, 0x00, 0x00, 0x0B,
    0x00, 0x00, 0x00, 0x05, 0x00, 0x00, 0x00, 0x05, 0x00, 0x00, 0x00, 0x0B, 0x00, 0x00, 0x00, 0x00,
    0x00, 0x00, 0x00, 0x00, 0x00, 0x00, 0x00, 0xDA, 0x00, 0x00, 0x00, 0x0B, 0x00, 0x00, 0x00, 0x05,
    0x00, 0x00, 0x00, 0x05, 0x00, 0x00, 0x00, 0x0B, 0x00, 0x00, 0x00, 0x00, 0x00, 0x00, 0x00, 0x00,
    0x00, 0x00, 0x00, 0xDB, 0x00, 0x00, 0x00, 0x0A, 0x00, 0x00, 0x00, 0x05, 0x00, 0x00, 0x00, 0x05,
    0x00, 0x00, 0x00, 0x0A, 0x00, 0x00, 0x00, 0x00, 0x00, 0x00, 0x00, 0x00, 0x00, 0x00, 0x00, 0xDC,
    0x00, 0x00, 0x00, 0x0A, 0x00, 0x00, 0x00, 0x05, 0x00, 0x00, 0x00, 0x05, 0x00, 0x00, 0x00, 0x0A,
    0x00, 0x00, 0x00, 0x00, 0x00, 0x00, 0x00, 0x00, 0x00, 0x00, 0x00, 0xDD, 0x00, 0x00, 0x00, 0x0B,
    0x00, 0x00, 0x00, 0x05, 0x00, 0x00, 0x00, 0x05, 0x00, 0x00, 0x00, 0x0B, 0x00, 0x00, 0x00, 0x00,
    0x00, 0x00, 0x00, 0x00, 0x00, 0x00, 0x00, 0xDE, 0x00, 0x00, 0x00, 0x07, 0x00, 0x00, 0x00, 0x05,
    0x00, 0x00, 0x00, 0x05, 0x00, 0x00, 0x00, 0x07, 0x00, 0x00, 0x00, 0x00, 0x00, 0x00, 0x00, 0x00,
    0x00, 0x00, 0x00, 0xDF, 0x00, 0x00, 0x00, 0x09, 0x00, 0x00, 0x00, 0x05, 0x00, 0x00, 0x00, 0x05,
    0x00, 0x00, 0x00, 0x07, 0x00, 0x00, 0x00, 0x00, 0x00, 0x00, 0x00, 0x00, 0x00, 0x00, 0x00, 0xE0,
    0x00, 0x00, 0x00, 0x09, 0x00, 0x00, 0x00, 0x05, 0x00, 0x00, 0x00, 0x05, 0x00, 0x00, 0x00, 0x09,
    0x00, 0x00, 0x00, 0x00, 0x00, 0x00, 0x00, 0x00, 0x00, 0x00, 0x00, 0xE1, 0x00, 0x00, 0x00, 0x09,
    0x00, 0x00, 0x00, 0x05, 0x00, 0x00, 0x00, 0x05, 0x00, 0x00, 0x00, 0x09, 0x00, 0x00, 0x00, 0x00,
    0x00, 0x00, 0x00, 0x00, 0x00, 0x00, 0x00, 0xE2, 0x00, 0x00, 0x00, 0x09, 0x00, 0x00, 0x00, 0x05,
    0x00, 0x00, 0x00, 0x05, 0x00, 0x00, 0x00, 0x09, 0x00, 0x00, 0x00, 0x00, 0x00, 0x00, 0x00, 0x00,
    0x00, 0x00, 0x00, 0xE3, 0x00, 0x00, 0x00, 0x08, 0x00, 0x00, 0x00, 0x05, 0x00, 0x00, 0x00, 0x05,
    0x00, 0x00, 0x00, 0x08, 0x00, 0x00, 0x00, 0x00, 0x00, 0x00, 0x00, 0x00, 0x00, 0x00, 0x00, 0xE4,
    0x00, 0x00, 0x00, 0x08, 0x00, 0x00, 0x00, 0x05, 0x00, 0x00, 0x00, 0x05, 0x00, 0x00, 0x00, 0x08,
    0x00, 0x00, 0x00, 0x00, 0x00, 0x00, 0x00, 0x00, 0x00, 0x00, 0x00, 0xE5, 0x00, 0x00, 0x00, 0x09,
    0x00, 0x00, 0x00, 0x05, 0x00, 0x00, 0x00, 0x05, 0x00, 0x00, 0x00, 0x09, 0x00, 0x00, 0x00, 0x00,
    0x00, 0x00, 0x00, 0x00, 0x00, 0x00, 0x00, 0xE6, 0x00, 0x00, 0x00, 0x05, 0x00, 0x00, 0x00, 0x05,
    0x00, 0x00, 0x00, 0x05, 0x00, 0x00, 0x00, 0x05, 0x00, 0x00, 0x00, 0x00, 0x00, 0x00, 0x00, 0x00,
    0x00, 0x00, 0x00, 0xE7, 0x00, 0x00, 0x00, 0x07, 0x00, 0x00, 0x00, 0x05, 0x00, 0x00, 0x00, 0x05,
    0x00, 0x00, 0x00, 0x05, 0x00, 0x00, 0x00, 0x00, 0x00, 0x00, 0x00, 0x00, 0x00, 0x00, 0x00, 0xE8,
    0x00, 0x00, 0x00, 0x09, 0x00, 0x00, 0x00, 0x05, 0x00, 0x00, 0x00, 0x05, 0x00, 0x00, 0x00, 0x09,
    0x00, 0x00, 0x00, 0x00, 0x00, 0x00, 0x00, 0x00, 0x00, 0x00, 0x00, 0xE9, 0x00, 0x00, 0x00, 0x09,
    0x00, 0x00, 0x00, 0x05, 0x00, 0x00, 0x00, 0x05, 0x00, 0x00, 0x00, 0x09, 0x00, 0x00, 0x00, 0x00,
    0x00, 0x00, 0x00, 0x00, 0x00, 0x00, 0x00, 0xEA, 0x00, 0x00, 0x00, 0x09, 0x00, 0x00, 0x00, 0x05,
    0x00, 0x00, 0x00, 0x05, 0x00, 0x00, 0x00, 0x09, 0x00, 0x00, 0x00, 0x00, 0x00, 0x00, 0x00, 0x00,
    0x00, 0x00, 0x00, 0xEB, 0x00, 0x00, 0x00, 0x08, 0x00, 0x00, 0x00, 0x05, 0x00, 0x00, 0x00, 0x05,
    0x00, 0x00, 0x00, 0x08, 0x00, 0x00, 0x00, 0x00, 0x00, 0x00, 0x00, 0x00, 0x00, 0x00, 0x00, 0xEC,
    0x00, 0x00, 0x00, 0x09, 0x00, 0x00, 0x00, 0x05, 0x00, 0x00, 0x00, 0x05, 0x00, 0x00, 0x00, 0x09,
    0x00, 0x00, 0x00, 0x00, 0x00, 0x00, 0x00, 0x00, 0x00, 0x00, 0x00, 0xED, 0x00, 0x00, 0x00, 0x09,
    0x00, 0x00, 0x00, 0x05, 0x00, 0x00, 0x00, 0x05, 0x00, 0x00, 0x00, 0x09, 0x00, 0x00, 0x00, 0x00,
    0x00, 0x00, 0x00, 0x00, 0x00, 0x00, 0x00, 0xEE, 0x00, 0x00, 0x00, 0x08, 0x00, 0x00, 0x00, 0x05,
    0x00, 0x00, 0x00, 0x05, 0x00, 0x00, 0x00, 0x08, 0x00, 0x00, 0x00, 0x00, 0x00, 0x00, 0x00, 0x00,
    0x00, 0x00, 0x00, 0xEF, 0x00, 0x00, 0x00, 0x08, 0x00, 0x00, 0x00, 0x05, 0x00, 0x00, 0x00, 0x05,
    0x00, 0x00, 0x00, 0x08, 0x00, 0x00, 0x00, 0x00, 0x00, 0x00, 0x00, 0x00, 0x00, 0x00, 0x00, 0xF0,
    0x00, 0x00, 0x00, 0x08, 0x00, 0x00, 0x00, 0x05, 0x00, 0x00, 0x00, 0x05, 0x00, 0x00, 0x00, 0x08,
    0x00, 0x00, 0x00, 0x00, 0x00, 0x00, 0x00, 0x00, 0x00, 0x00, 0x00, 0xF1, 0x00, 0x00, 0x00, 0x08,
    0x00, 0x00, 0x00, 0x05, 0x00, 0x00, 0x00, 0x05, 0x00, 0x00, 0x00, 0x08, 0x00, 0x00, 0x00, 0x00,
    0x00, 0x00, 0x00, 0x00, 0x00, 0x00, 0x00, 0xF2, 0x00, 0x00, 0x00, 0x09, 0x00, 0x00, 0x00, 0x05,
    0x00, 0x00, 0x00, 0x05, 0x00, 0x00, 0x00, 0x09, 0x00, 0x00, 0x00, 0x00, 0x00, 0x00, 0x00, 0x00,
    0x00, 0x00, 0x00, 0xF3, 0x00, 0x00, 0x00, 0x09, 0x00, 0x00, 0x00, 0x05, 0x00, 0x00, 0x00, 0x05,
    0x00, 0x00, 0x00, 0x09, 0x00, 0x00, 0x00, 0x00, 0x00, 0x00, 0x00, 0x00, 0x00, 0x00, 0x00, 0xF4,
    0x00, 0x00, 0x00, 0x09, 0x00, 0x00, 0x00, 0x05, 0x00, 0x00, 0x00, 0x05, 0x00, 0x00, 0x00, 0x09,
    0x00, 0x00, 0x00, 0x00, 0x00, 0x00, 0x00, 0x00, 0x00, 0x00, 0x00, 0xF5, 0x00, 0x00, 0x00, 0x08,
    0x00, 0x00, 0x00, 0x05, 0x00, 0x00, 0x00, 0x05, 0x00, 0x00, 0x00, 0x08, 0x00, 0x00, 0x00, 0x00,
    0x00, 0x00, 0x00, 0x00, 0x00, 0x00, 0x00, 0xF6, 0x00, 0x00, 0x00, 0x08, 0x00, 0x00, 0x00, 0x05,
    0x00, 0x00, 0x00, 0x05, 0x00, 0x00, 0x00, 0x08, 0x00, 0x00, 0x00, 0x00, 0x00, 0x00, 0x00, 0x00,
    0x00, 0x00, 0x00, 0xF7, 0x00, 0x00, 0x00, 0x05, 0x00, 0x00, 0x00, 0x05, 0x00, 0x00, 0x00, 0x05,
    0x00, 0x00, 0x00, 0x05, 0x00, 0x00, 0x00, 0x00, 0x00, 0x00, 0x00, 0x00, 0x00, 0x00, 0x00, 0xF8,
    0x00, 0x00, 0x00, 0x07, 0x00, 0x00, 0x00, 0x05, 0x00, 0x00, 0x00, 0x05, 0x00, 0x00, 0x00, 0x06,
    0x00, 0x00, 0x00, 0x00, 0x00, 0x00, 0x00, 0x00, 0x00, 0x00, 0x00, 0xF9, 0x00, 0x00, 0x00, 0x09,
    0x00, 0x00, 0x00, 0x05, 0x00, 0x00, 0x00, 0x05, 0x00, 0x00, 0x00, 0x09, 0x00, 0x00, 0x00, 0x00,
    0x00, 0x00, 0x00, 0x00, 0x00, 0x00, 0x00, 0xFA, 0x00, 0x00, 0x00, 0x09, 0x00, 0x00, 0x00, 0x05,
    0x00, 0x00, 0x00, 0x05, 0x00, 0x00, 0x00, 0x09, 0x00, 0x00, 0x00, 0x00, 0x00, 0x00, 0x00, 0x00,
    0x00, 0x00, 0x00, 0xFB, 0x00, 0x00, 0x00, 0x08, 0x00, 0x00, 0x00, 0x05, 0x00, 0x00, 0x00, 0x05,
    0x00, 0x00, 0x00, 0x08, 0x00, 0x00, 0x00, 0x00, 0x00, 0x00, 0x00, 0x00, 0x00, 0x00, 0x00, 0xFC,
    0x00, 0x00, 0x00, 0x08, 0x00, 0x00, 0x00, 0x05, 0x00, 0x00, 0x00, 0x05, 0x00, 0x00, 0x00, 0x08,
    0x00, 0x00, 0x00, 0x00, 0x00, 0x00, 0x00, 0x00, 0x00, 0x00, 0x00, 0xFD, 0x00, 0x00, 0x00, 0x0B,
    0x00, 0x00, 0x00, 0x05, 0x00, 0x00, 0x00, 0x05, 0x00, 0x00, 0x00, 0x09, 0x00, 0x00, 0x00, 0x00,
    0x00, 0x00, 0x00, 0x00, 0x00, 0x00, 0x00, 0xFE, 0x00, 0x00, 0x00, 0x09, 0x00, 0x00, 0x00, 0x05,
    0x00, 0x00, 0x00, 0x05, 0x00, 0x00, 0x00, 0x07, 0x00, 0x00, 0x00, 0x00, 0x00, 0x00, 0x00, 0x00,
    0x00, 0x00, 0x00, 0xFF, 0x00, 0x00, 0x00, 0x0A, 0x00, 0x00, 0x00, 0x05, 0x00, 0x00, 0x00, 0x05,
    0x00, 0x00, 0x00, 0x08, 0x00, 0x00, 0x00, 0x00, 0x00, 0x00, 0x00, 0x00, 0x00, 0x00, 0x20, 0x13,
    0x00, 0x00, 0x00, 0x02, 0x00, 0x00, 0x00, 0x05, 0x00, 0x00, 0x00, 0x05, 0x00, 0x00, 0x00, 0x03,
    0x00, 0x00, 0x00, 0x00, 0x00, 0x00, 0x00, 0x00, 0x00, 0x00, 0x20, 0x14, 0x00, 0x00, 0x00, 0x02,
    0x00, 0x00, 0x00, 0x05, 0x00, 0x00, 0x00, 0x05, 0x00, 0x00, 0x00, 0x03, 0x00, 0x00, 0x00, 0x00,
    0x00, 0x00, 0x00, 0x00, 0x00, 0x00, 0x20, 0x18, 0x00, 0x00, 0x00, 0x03, 0x00, 0x00, 0x00, 0x04,
    0x00, 0x00, 0x00, 0x05, 0x00, 0x00, 0x00, 0x07, 0x00, 0x00, 0x00, 0x01, 0x00, 0x00, 0x00, 0x00,
    0x00, 0x00, 0x20, 0x19, 0x00, 0x00, 0x00, 0x03, 0x00, 0x00, 0x00, 0x04, 0x00, 0x00, 0x00, 0x05,
    0x00, 0x00, 0x00, 0x07, 0x00, 0x00, 0x00, 0x01, 0x00, 0x00, 0x00, 0x00, 0x00, 0x00, 0x20, 0x1C,
    0x00, 0x00, 0x00, 0x04, 0x00, 0x00, 0x00, 0x05, 0x00, 0x00, 0x00, 0x05, 0x00, 0x00, 0x00, 0x07,
    0x00, 0x00, 0x00, 0x00, 0x00, 0x00, 0x00, 0x00, 0x00, 0x00, 0x20, 0x1D, 0x00, 0x00, 0x00, 0x04,
    0x00, 0x00, 0x00, 0x05, 0x00, 0x00, 0x00, 0x05, 0x00, 0x00, 0x00, 0x07, 0x00, 0x00, 0x00, 0x00,
    0x00, 0x00, 0x00, 0x00, 0x00, 0x00, 0x20, 0x26, 0x00, 0x00, 0x00, 0x02, 0x00, 0x00, 0x00, 0x05,
    0x00, 0x00, 0x00, 0x05, 0x00, 0x00, 0x00, 0x02, 0x00, 0x00, 0x00, 0x00, 0x00, 0x00, 0x00, 0x00,
    0x00, 0x00, 0x20, 0xAC, 0x00, 0x00, 0x00, 0x07, 0x00, 0x00, 0x00, 0x05, 0x00, 0x00, 0x00, 0x05,
    0x00, 0x00, 0x00, 0x07, 0x00, 0x00, 0x00, 0x00, 0x00, 0x00, 0x00, 0x00, 0x00, 0x00, 0x21, 0x90,
    0x00, 0x00, 0x00, 0x05, 0x00, 0x00, 0x00, 0x05, 0x00, 0x00, 0x00, 0x05, 0x00, 0x00, 0x00, 0x06,
    0x00, 0x00, 0x00, 0x00, 0x00, 0x00, 0x00, 0x00, 0x00, 0x00, 0x21, 0x91, 0x00, 0x00, 0x00, 0x07,
    0x00, 0x00, 0x00, 0x05, 0x00, 0x00, 0x00, 0x05, 0x00, 0x00, 0x00, 0x07, 0x00, 0x00, 0x00, 0x00,
    0x00, 0x00, 0x00, 0x00, 0x00, 0x00, 0x21, 0x92, 0x00, 0x00, 0x00, 0x05, 0x00, 0x00, 0x00, 0x05,
    0x00, 0x00, 0x00, 0x05, 0x00, 0x00, 0x00, 0x06, 0x00, 0x00, 0x00, 0x00, 0x00, 0x00, 0x00, 0x00,
    0x00, 0x00, 0x21, 0x93, 0x00, 0x00, 0x00, 0x08, 0x00, 0x00, 0x00, 0x05, 0x00, 0x00, 0x00, 0x05,
    0x00, 0x00, 0x00, 0x07, 0x00, 0x00, 0x00, 0x00, 0x00, 0x00, 0x00, 0x00, 0x00, 0x00, 0x21, 0x94,
    0x00, 0x00, 0x00, 0x05, 0x00, 0x00, 0x00, 0x05, 0x00, 0x00, 0x00, 0x05, 0x00, 0x00, 0x00, 0x06,
    0x00, 0x00, 0x00, 0x00, 0x00, 0x00, 0x00, 0x00, 0x00, 0x00, 0x21, 0x95, 0x00, 0x00, 0x00, 0x08,
    0x00, 0x00, 0x00, 0x05, 0x00, 0x00, 0x00, 0x05, 0x00, 0x00, 0x00, 0x07, 0x00, 0x00, 0x00, 0x00,
    0x00, 0x00, 0x00, 0x00, 0x00, 0x00, 0x21, 0xE9, 0x00, 0x00, 0x00, 0x06, 0x00, 0x00, 0x00, 0x05,
    0x00, 0x00, 0x00, 0x07, 0x00, 0x00, 0x00, 0x06, 0x00, 0x00, 0x00, 0x01, 0x00, 0x00, 0x00, 0x00,
    0x00, 0x00, 0x22, 0x60, 0x00, 0x00, 0x00, 0x05, 0x00, 0x00, 0x00, 0x05, 0x00, 0x00, 0x00, 0x05,
    0x00, 0x00, 0x00, 0x05, 0x00, 0x00, 0x00, 0x00, 0x00, 0x00, 0x00, 0x00, 0x00, 0x00, 0x22, 0x61,
    0x00, 0x00, 0x00, 0x05, 0x00, 0x00, 0x00, 0x07, 0x00, 0x00, 0x00, 0x07, 0x00, 0x00, 0x00, 0x06,
    0x00, 0x00, 0x00, 0x00, 0x00, 0x00, 0x00, 0x00, 0x00, 0x00, 0x22, 0x64, 0x00, 0x00, 0x00, 0x06,
    0x00, 0x00, 0x00, 0x05, 0x00, 0x00, 0x00, 0x05, 0x00, 0x00, 0x00, 0x06, 0x00, 0x00, 0x00, 0x00,
    0x00, 0x00, 0x00, 0x00, 0x00, 0x00, 0x22, 0x65, 0x00, 0x00, 0x00, 0x06, 0x00, 0x00, 0x00, 0x05,
    0x00, 0x00, 0x00, 0x05, 0x00, 0x00, 0x00, 0x06, 0x00, 0x00, 0x00, 0x00, 0x00, 0x00, 0x00, 0x00,
    0x00, 0x00, 0x23, 0x15, 0x00, 0x00, 0x00, 0x05, 0x00, 0x00, 0x00, 0x05, 0x00, 0x00, 0x00, 0x07,
    0x00, 0x00, 0x00, 0x06, 0x00, 0x00, 0x00, 0x01, 0x00, 0x00, 0x00, 0x00, 0x00, 0x00, 0x23, 0xCE,
    0x00, 0x00, 0x00, 0x05, 0x00, 0x00, 0x00, 0x06, 0x00, 0x00, 0x00, 0x07, 0x00, 0x00, 0x00, 0x06,
    0x00, 0x00, 0x00, 0x00, 0x00, 0x00, 0x00, 0x00, 0x00, 0x00, 0x25, 0x00, 0x00, 0x00, 0x00, 0x01,
    0x00, 0x00, 0x00, 0x05, 0x00, 0x00, 0x00, 0x05, 0x00, 0x00, 0x00, 0x03, 0x00, 0x00, 0x00, 0x00,
    0x00, 0x00, 0x00, 0x00, 0x00, 0x00, 0x25, 0x01, 0x00, 0x00, 0x00, 0x02, 0x00, 0x00, 0x00, 0x05,
    0x00, 0x00, 0x00, 0x05, 0x00, 0x00, 0x00, 0x04, 0x00, 0x00, 0x00, 0x00, 0x00, 0x00, 0x00, 0x00,
    0x00, 0x00, 0x25, 0x02, 0x00, 0x00, 0x00, 0x0D, 0x00, 0x00, 0x00, 0x01, 0x00, 0x00, 0x00, 0x05,
    0x00, 0x00, 0x00, 0x09, 0x00, 0x00, 0x00, 0x02, 0x00, 0x00, 0x00, 0x00, 0x00, 0x00, 0x25, 0x03,
    0x00, 0x00, 0x00, 0x0D, 0x00, 0x00, 0x00, 0x02, 0x00, 0x00, 0x00, 0x05, 0x00, 0x00, 0x00, 0x09,
    0x00, 0x00, 0x00, 0x02, 0x00, 0x00, 0x00, 0x00, 0x00, 0x00, 0x25, 0x04, 0x00, 0x00, 0x00, 0x01,
    0x00, 0x00, 0x00, 0x05, 0x00, 0x00, 0x00, 0x05, 0x00, 0x00, 0x00, 0x03, 0x00, 0x00, 0x00, 0x00,
    0x00, 0x00, 0x00, 0x00, 0x00, 0x00, 0x25, 0x05, 0x00, 0x00, 0x00, 0x02, 0x00, 0x00, 0x00, 0x05,
    0x00, 0x00, 0x00, 0x05, 0x00, 0x00, 0x00, 0x04, 0x00, 0x00, 0x00, 0x00, 0x00, 0x00, 0x00, 0x00,
    0x00, 0x00, 0x25, 0x06, 0x00, 0x00, 0x00, 0x0C, 0x00, 0x00, 0x00, 0x01, 0x00, 0x00, 0x00, 0x05,
    0x00, 0x00, 0x00, 0x09, 0x00, 0x00, 0x00, 0x02, 0x00, 0x00, 0x00, 0x00, 0x00, 0x00, 0x25, 0x07,
    0x00, 0x00, 0x00, 0x0C, 0x00, 0x00, 0x00, 0x02, 0x00, 0x00, 0x00, 0x05, 0x00, 0x00, 0x00, 0x09,
    0x00, 0x00, 0x00, 0x02, 0x00, 0x00, 0x00, 0x00, 0x00, 0x00, 0x25, 0x08, 0x00, 0x00, 0x00, 0x01,
    0x00, 0x00, 0x00, 0x05, 0x00, 0x00, 0x00, 0x05, 0x00, 0x00, 0x00, 0x03, 0x00, 0x00, 0x00, 0x00,
    0x00, 0x00, 0x00, 0x00, 0x00, 0x00, 0x25, 0x09, 0x00, 0x00, 0x00, 0x02, 0x00, 0x00, 0x00, 0x05,
    0x00, 0x00, 0x00, 0x05, 0x00, 0x00, 0x00, 0x04, 0x00, 0x00, 0x00, 0x00, 0x00, 0x00, 0x00, 0x00,
    0x00, 0x00, 0x25, 0x0A, 0x00, 0x00, 0x00, 0x0C, 0x00, 0x00, 0x00, 0x01, 0x00, 0x00, 0x00, 0x05,
    0x00, 0x00, 0x00, 0x09, 0x00, 0x00, 0x00, 0x02, 0x00, 0x00, 0x00, 0x00, 0x00, 0x00, 0x25, 0x0B,
    0x00, 0x00, 0x00, 0x0C, 0x00, 0x00, 0x00, 0x02, 0x00, 0x00, 0x00, 0x05, 0x00, 0x00, 0x00, 0x09,
    0x00, 0x00, 0x00, 0x02, 0x00, 0x00, 0x00, 0x00, 0x00, 0x00, 0x25, 0x0C, 0x00, 0x00, 0x00, 0x07,
    0x00, 0x00, 0x00, 0x03, 0x00, 0x00, 0x00, 0x05, 0x00, 0x00, 0x00, 0x03, 0x00, 0x00, 0x00, 0x02,
    0x00, 0x00, 0x00, 0x00, 0x00, 0x00, 0x25, 0x0D, 0x00, 0x00, 0x00, 0x08, 0x00, 0x00, 0x00, 0x03,
    0x00, 0x00, 0x00, 0x05, 0x00, 0x00, 0x00, 0x04, 0x00, 0x00, 0x00, 0x02, 0x00, 0x00, 0x00, 0x00,
    0x00, 0x00, 0x25, 0x0E, 0x00, 0x00, 0x00, 0x07, 0x00, 0x00, 0x00, 0x03, 0x00, 0x00, 0x00, 0x05,
    0x00, 0x00, 0x00, 0x03, 0x00, 0x00, 0x00, 0x02, 0x00, 0x00, 0x00, 0x00, 0x00, 0x00, 0x25, 0x0F,
    0x00, 0x00, 0x00, 0x08, 0x00, 0x00, 0x00, 0x03, 0x00, 0x00, 0x00, 0x05, 0x00, 0x00, 0x00, 0x04,
    0x00, 0x00, 0x00, 0x02, 0x00, 0x00, 0x00, 0x00, 0x00, 0x00, 0x25, 0x10, 0x00, 0x00, 0x00, 0x07,
    0x00, 0x00, 0x00, 0x05, 0x00, 0x00, 0x00, 0x05, 0x00, 0x00, 0x00, 0x03, 0x00, 0x00, 0x00, 0x00,
    0x00, 0x00, 0x00, 0x00, 0x00, 0x00, 0x25, 0x11, 0x00, 0x00, 0x00, 0x08, 0x00, 0x00, 0x00, 0x05,
    0x00, 0x00, 0x00, 0x05, 0x00, 0x00, 0x00, 0x04, 0x00, 0x00, 0x00, 0x00, 0x00, 0x00, 0x00, 0x00,
    0x00, 0x00, 0x25, 0x12, 0x00, 0x00, 0x00, 0x07, 0x00, 0x00, 0x00, 0x05, 0x00, 0x00, 0x00, 0x05,
    0x00, 0x00, 0x00, 0x03, 0x00, 0x00, 0x00, 0x00, 0x00, 0x00, 0x00, 0x00, 0x00, 0x00, 0x25, 0x13,
    0x00, 0x00, 0x00, 0x08, 0x00, 0x00, 0x00, 0x05, 0x00, 0x00, 0x00, 0x05, 0x00, 0x00, 0x00, 0x04,
    0x00, 0x00, 0x00, 0x00, 0x00, 0x00, 0x00, 0x00, 0x00, 0x00, 0x25, 0x14, 0x00, 0x00, 0x00, 0x07,
    0x00, 0x00, 0x00, 0x03, 0x00, 0x00, 0x00, 0x05, 0x00, 0x00, 0x00, 0x09, 0x00, 0x00, 0x00, 0x02,
    0x00, 0x00, 0x00, 0x00, 0x00, 0x00, 0x25, 0x15, 0x00, 0x00, 0x00, 0x07, 0x00, 0x00, 0x00, 0x03,
    0x00, 0x00, 0x00, 0x05, 0x00, 0x00, 0x00, 0x09, 0x00, 0x00, 0x00, 0x02, 0x00, 0x00, 0x00, 0x00,
    0x00, 0x00, 0x25, 0x16, 0x00, 0x00, 0x00, 0x07, 0x00, 0x00, 0x00, 0x03, 0x00, 0x00, 0x00, 0x05,
    0x00, 0x00, 0x00, 0x09, 0x00, 0x00, 0x00, 0x02, 0x00, 0x00, 0x00, 0x00, 0x00, 0x00, 0x25, 0x17,
    0x00, 0x00, 0x00, 0x07, 0x00, 0x00, 0x00, 0x03, 0x00, 0x00, 0x00, 0x05, 0x00, 0x00, 0x00, 0x09,
    0x00, 0x00, 0x00, 0x02, 0x00, 0x00, 0x00, 0x00, 0x00, 0x00, 0x25, 0x18, 0x00, 0x00, 0x00, 0x07,
    0x00, 0x00, 0x00, 0x05, 0x00, 0x00, 0x00, 0x05, 0x00, 0x00, 0x00, 0x09, 0x00, 0x00, 0x00, 0x00,
    0x00, 0x00, 0x00, 0x00, 0x00, 0x00, 0x25, 0x19, 0x00, 0x00, 0x00, 0x07, 0x00, 0x00, 0x00, 0x05,
    0x00, 0x00, 0x00, 0x05, 0x00, 0x00, 0x00, 0x09, 0x00, 0x00, 0x00, 0x00, 0x00, 0x00, 0x00, 0x00,
    0x00, 0x00, 0x25, 0x1A, 0x00, 0x00, 0x00, 0x07, 0x00, 0x00, 0x00, 0x05, 0x00, 0x00, 0x00, 0x05,
    0x00, 0x00, 0x00, 0x09, 0x00, 0x00, 0x00, 0x00, 0x00, 0x00, 0x00, 0x00, 0x00, 0x00, 0x25, 0x1B,
    0x00, 0x00, 0x00, 0x07, 0x00, 0x00, 0x00, 0x05, 0x00, 0x00, 0x00, 0x05, 0x00, 0x00, 0x00, 0x09,
    0x00, 0x00, 0x00, 0x00, 0x00, 0x00, 0x00, 0x00, 0x00, 0x00, 0x25, 0x1C, 0x00, 0x00, 0x00, 0x0D,
    0x00, 0x00, 0x00, 0x03, 0x00, 0x00, 0x00, 0x05, 0x00, 0x00, 0x00, 0x09, 0x00, 0x00, 0x00, 0x02,
    0x00, 0x00, 0x00, 0x00, 0x00, 0x00, 0x25, 0x1D, 0x00, 0x00, 0x00, 0x0D, 0x00, 0x00, 0x00, 0x03,
    0x00, 0x00, 0x00, 0x05, 0x00, 0x00, 0x00, 0x09, 0x00, 0x00, 0x00, 0x02, 0x00, 0x00, 0x00, 0x00,
    0x00, 0x00, 0x25, 0x1E, 0x00, 0x00, 0x00, 0x0D, 0x00, 0x00, 0x00, 0x03, 0x00, 0x00, 0x00, 0x05,
    0x00, 0x00, 0x00, 0x09, 0x00, 0x00, 0x00, 0x02, 0x00, 0x00, 0x00, 0x00, 0x00, 0x00, 0x25, 0x1F,
    0x00, 0x00, 0x00, 0x0D, 0x00, 0x00, 0x00, 0x03, 0x00, 0x00, 0x00, 0x05, 0x00, 0x00, 0x00, 0x09,
    0x00, 0x00, 0x00, 0x02, 0x00, 0x00, 0x00, 0x00, 0x00, 0x00, 0x25, 0x20, 0x00, 0x00, 0x00, 0x0D,
    0x00, 0x00, 0x00, 0x03, 0x00, 0x00, 0x00, 0x05, 0x00, 0x00, 0x00, 0x09, 0x00, 0x00, 0x00, 0x02,
    0x00, 0x00, 0x00, 0x00, 0x00, 0x00, 0x25, 0x21, 0x00, 0x00, 0x00, 0x0D, 0x00, 0x00, 0x00, 0x03,
    0x00, 0x00, 0x00, 0x05, 0x00, 0x00, 0x00, 0x09, 0x00, 0x00, 0x00, 0x02, 0x00, 0x00, 0x00, 0x00,
    0x00, 0x00, 0x25, 0x22, 0x00, 0x00, 0x00, 0x0D, 0x00, 0x00, 0x00, 0x03, 0x00, 0x00, 0x00, 0x05,
    0x00, 0x00, 0x00, 0x09, 0x00, 0x00, 0x00, 0x02, 0x00, 0x00, 0x00, 0x00, 0x00, 0x00, 0x25, 0x23,
    0x00, 0x00, 0x00, 0x0D, 0x00, 0x00, 0x00, 0x03, 0x00, 0x00, 0x00, 0x05, 0x00, 0x00, 0x00, 0x09,
    0x00, 0x00, 0x00, 0x02, 0x00, 0x00, 0x00, 0x00, 0x00, 0x00, 0x25, 0x24, 0x00, 0x00, 0x00, 0x0D,
    0x00, 0x00, 0x00, 0x05, 0x00, 0x00, 0x00, 0x05, 0x00, 0x00, 0x00, 0x09, 0x00, 0x00, 0x00, 0x00,
    0x00, 0x00, 0x00, 0x00, 0x00, 0x00, 0x25, 0x25, 0x00, 0x00, 0x00, 0x0D, 0x00, 0x00, 0x00, 0x05,
    0x00, 0x00, 0x00, 0x05, 0x00, 0x00, 0x00, 0x09, 0x00, 0x00, 0x00, 0x00, 0x00, 0x00, 0x00, 0x00,
    0x00, 0x00, 0x25, 0x26, 0x00, 0x00, 0x00, 0x0D, 0x00, 0x00, 0x00, 0x05, 0x00, 0x00, 0x00, 0x05,
    0x00, 0x00, 0x00, 0x09, 0x00, 0x00, 0x00, 0x00, 0x00, 0x00, 0x00, 0x00, 0x00, 0x00, 0x25, 0x27,
    0x00, 0x00, 0x00, 0x0D, 0x00, 0x00, 0x00, 0x05, 0x00, 0x00, 0x00, 0x05, 0x00, 0x00, 0x00, 0x09,
    0x00, 0x00, 0x00, 0x00, 0x00, 0x00, 0x00, 0x00, 0x00, 0x00, 0x25, 0x28, 0x00, 0x00, 0x00, 0x0D,
    0x00, 0x00, 0x00, 0x05, 0x00, 0x00, 0x00, 0x05, 0x00, 0x00, 0x00, 0x09, 0x00, 0x00, 0x00, 0x00,
    0x00, 0x00, 0x00, 0x00, 0x00, 0x00, 0x25, 0x29, 0x00, 0x00, 0x00, 0x0D, 0x00, 0x00, 0x00, 0x05,
    0x00, 0x00, 0x00, 0x05, 0x00, 0x00, 0x00, 0x09, 0x00, 0x00, 0x00, 0x00, 0x00, 0x00, 0x00, 0x00,
    0x00, 0x00, 0x25, 0x2A, 0x00, 0x00, 0x00, 0x0D, 0x00, 0x00, 0x00, 0x05, 0x00, 0x00, 0x00, 0x05,
    0x00, 0x00, 0x00, 0x09, 0x00, 0x00, 0x00, 0x00, 0x00, 0x00, 0x00, 0x00, 0x00, 0x00, 0x25, 0x2B,
    0x00, 0x00, 0x00, 0x0D, 0x00, 0x00, 0x00, 0x05, 0x00, 0x00, 0x00, 0x05, 0x00, 0x00, 0x00, 0x09,
    0x00, 0x00, 0x00, 0x00, 0x00, 0x00, 0x00, 0x00, 0x00, 0x00, 0x25, 0x2C, 0x00, 0x00, 0x00, 0x07,
    0x00, 0x00, 0x00, 0x05, 0x00, 0x00, 0x00, 0x05, 0x00, 0x00, 0x00, 0x03, 0x00, 0x00, 0x00, 0x00,
    0x00, 0x00, 0x00, 0x00, 0x00, 0x00, 0x25, 0x2D, 0x00, 0x00, 0x00, 0x08, 0x00, 0x00, 0x00, 0x05,
    0x00, 0x00, 0x00, 0x05, 0x00, 0x00, 0x00, 0x04, 0x00, 0x00, 0x00, 0x00, 0x00, 0x00, 0x00, 0x00,
    0x00, 0x00, 0x25, 0x2E, 0x00, 0x00, 0x00, 0x08, 0x00, 0x00, 0x00, 0x05, 0x00, 0x00, 0x00, 0x05,
    0x00, 0x00, 0x00, 0x04, 0x00, 0x00, 0x00, 0x00, 0x00, 0x00, 0x00, 0x00, 0x00, 0x00, 0x25, 0x2F,
    0x00, 0x00, 0x00, 0x08, 0x00, 0x00, 0x00, 0x05, 0x00, 0x00, 0x00, 0x05, 0x00, 0x00, 0x00, 0x04,
    0x00, 0x00, 0x00, 0x00, 0x00, 0x00, 0x00, 0x00, 0x00, 0x00, 0x25, 0x30, 0x00, 0x00, 0x00, 0x07,
    0x00, 0x00, 0x00, 0x05, 0x00, 0x00, 0x00, 0x05, 0x00, 0x00, 0x00, 0x03, 0x00, 0x00, 0x00, 0x00,
    0x00, 0x00, 0x00, 0x00, 0x00, 0x00, 0x25, 0x31, 0x00, 0x00, 0x00, 0x08, 0x00, 0x00, 0x00, 0x05,
    0x00, 0x00, 0x00, 0x05, 0x00, 0x00, 0x00, 0x04, 0x00, 0x00, 0x00, 0x00, 0x00, 0x00, 0x00, 0x00,
    0x00, 0x00, 0x25, 0x32, 0x00, 0x00, 0x00, 0x08, 0x00, 0x00, 0x00, 0x05, 0x00, 0x00, 0x00, 0x05,
    0x00, 0x00, 0x00, 0x04, 0x00, 0x00, 0x00, 0x00, 0x00, 0x00, 0x00, 0x00, 0x00, 0x00, 0x25, 0x33,
    0x00, 0x00, 0x00, 0x08, 0x00, 0x00, 0x00, 0x05, 0x00, 0x00, 0x00, 0x05, 0x00, 0x00, 0x00, 0x04,
    0x00, 0x00, 0x00, 0x00, 0x00, 0x00, 0x00, 0x00, 0x00, 0x00, 0x25, 0x34, 0x00, 0x00, 0x00, 0x07,
    0x00, 0x00, 0x00, 0x05, 0x00, 0x00, 0x00, 0x05, 0x00, 0x00, 0x00, 0x09, 0x00, 0x00, 0x00, 0x00,
    0x00, 0x00, 0x00, 0x00, 0x00, 0x00, 0x25, 0x35, 0x00, 0x00, 0x00, 0x07, 0x00, 0x00, 0x00, 0x05,
    0x00, 0x00, 0x00, 0x05, 0x00, 0x00, 0x00, 0x09, 0x00, 0x00, 0x00, 0x00, 0x00, 0x00, 0x00, 0x00,
    0x00, 0x00, 0x25, 0x36, 0x00, 0x00, 0x00, 0x07, 0x00, 0x00, 0x00, 0x05, 0x00, 0x00, 0x00, 0x05,
    0x00, 0x00, 0x00, 0x09, 0x00, 0x00, 0x00, 0x00, 0x00, 0x00, 0x00, 0x00, 0x00, 0x00, 0x25, 0x37,
    0x00, 0x00, 0x00, 0x07, 0x00, 0x00, 0x00, 0x05, 0x00, 0x00, 0x00, 0x05, 0x00, 0x00, 0x00, 0x09,
    0x00, 0x00, 0x00, 0x00, 0x00, 0x00, 0x00, 0x00, 0x00, 0x00, 0x25, 0x38, 0x00, 0x00, 0x00, 0x07,
    0x00, 0x00, 0x00, 0x05, 0x00, 0x00, 0x00, 0x05, 0x00, 0x00, 0x00, 0x09, 0x00, 0x00, 0x00, 0x00,
    0x00, 0x00, 0x00, 0x00, 0x00, 0x00, 0x25, 0x39, 0x00, 0x00, 0x00, 0x07, 0x00, 0x00, 0x00, 0x05,
    0x00, 0x00, 0x00, 0x05, 0x00, 0x00, 0x00, 0x09, 0x00, 0x00, 0x00, 0x00, 0x00, 0x00, 0x00, 0x00,
    0x00, 0x00, 0x25, 0x3A, 0x00, 0x00, 0x00, 0x07, 0x00, 0x00, 0x00, 0x05, 0x00, 0x00, 0x00, 0x05,
    0x00, 0x00, 0x00, 0x09, 0x00, 0x00, 0x00, 0x00, 0x00, 0x00, 0x00, 0x00, 0x00, 0x00, 0x25, 0x3B,
    0x00, 0x00, 0x00, 0x07, 0x00, 0x00, 0x00, 0x05, 0x00, 0x00, 0x00, 0x05, 0x00, 0x00, 0x00, 0x09,
    0x00, 0x00, 0x00, 0x00, 0x00, 0x00, 0x00, 0x00, 0x00, 0x00, 0x25, 0x3C, 0x00, 0x00, 0x00, 0x0D,
    0x00, 0x00, 0x00, 0x05, 0x00, 0x00, 0x00, 0x05, 0x00, 0x00, 0x00, 0x09, 0x00, 0x00, 0x00, 0x00,
    0x00, 0x00, 0x00, 0x00, 0x00, 0x00, 0x25, 0x3D, 0x00, 0x00, 0x00, 0x0D, 0x00, 0x00, 0x00, 0x05,
    0x00, 0x00, 0x00, 0x05, 0x00, 0x00, 0x00, 0x09, 0x00, 0x00, 0x00, 0x00, 0x00, 0x00, 0x00, 0x00,
    0x00, 0x00, 0x25, 0x3E, 0x00, 0x00, 0x00, 0x0D, 0x00, 0x00, 0x00, 0x05, 0x00, 0x00, 0x00, 0x05,
    0x00, 0x00, 0x00, 0x09, 0x00, 0x00, 0x00, 0x00, 0x00, 0x00, 0x00, 0x00, 0x00, 0x00, 0x25, 0x3F,
    0x00, 0x00, 0x00, 0x0D, 0x00, 0x00, 0x00, 0x05, 0x00, 0x00, 0x00, 0x05, 0x00, 0x00, 0x00, 0x09,
    0x00, 0x00, 0x00, 0x00, 0x00, 0x00, 0x00, 0x00, 0x00, 0x00, 0x25, 0x40, 0x00, 0x00, 0x00, 0x0D,
    0x00, 0x00, 0x00, 0x05, 0x00, 0x00, 0x00, 0x05, 0x00, 0x00, 0x00, 0x09, 0x00, 0x00, 0x00, 0x00,
    0x00, 0x00, 0x00, 0x00, 0x00, 0x00, 0x25, 0x41, 0x00, 0x00, 0x00, 0x0D, 0x00, 0x00, 0x00, 0x05,
    0x00, 0x00, 0x00, 0x05, 0x00, 0x00, 0x00, 0x09, 0x00, 0x00, 0x00, 0x00, 0x00, 0x00, 0x00, 0x00,
    0x00, 0x00, 0x25, 0x42, 0x00, 0x00, 0x00, 0x0D, 0x00, 0x00, 0x00, 0x05, 0x00, 0x00, 0x00, 0x05,
    0x00, 0x00, 0x00, 0x09, 0x00, 0x00, 0x00, 0x00, 0x00, 0x00, 0x00, 0x00, 0x00, 0x00, 0x25, 0x43,
    0x00, 0x00, 0x00, 0x0D, 0x00, 0x00, 0x00, 0x05, 0x00, 0x00, 0x00, 0x05, 0x00, 0x00, 0x00, 0x09,
    0x00, 0x00, 0x00, 0x00, 0x00, 0x00, 0x00, 0x00, 0x00, 0x00, 0x25, 0x44, 0x00, 0x00, 0x00, 0x0D,
    0x00, 0x00, 0x00, 0x05, 0x00, 0x00, 0x00, 0x05, 0x00, 0x00, 0x00, 0x09, 0x00, 0x00, 0x00, 0x00,
    0x00, 0x00, 0x00, 0x00, 0x00, 0x00, 0x25, 0x45, 0x00, 0x00, 0x00, 0x0D, 0x00, 0x00, 0x00, 0x05,
    0x00, 0x00, 0x00, 0x05, 0x00, 0x00, 0x00, 0x09, 0x00, 0x00, 0x00, 0x00, 0x00, 0x00, 0x00, 0x00,
    0x00, 0x00, 0x25, 0x46, 0x00, 0x00, 0x00, 0x0D, 0x00, 0x00, 0x00, 0x05, 0x00, 0x00, 0x00, 0x05,
    0x00, 0x00, 0x00, 0x09, 0x00, 0x00, 0x00, 0x00, 0x00, 0x00, 0x00, 0x00, 0x00, 0x00, 0x25, 0x47,
    0x00, 0x00, 0x00, 0x0D, 0x00, 0x00, 0x00, 0x05, 0x00, 0x00, 0x00, 0x05, 0x00, 0x00, 0x00, 0x09,
    0x00, 0x00, 0x00, 0x00, 0x00, 0x00, 0x00, 0x00, 0x00, 0x00, 0x25, 0x48, 0x00, 0x00, 0x00, 0x0D,
    0x00, 0x00, 0x00, 0x05, 0x00, 0x00, 0x00, 0x05, 0x00, 0x00, 0x00, 0x09, 0x00, 0x00, 0x00, 0x00,
    0x00, 0x00, 0x00, 0x00, 0x00, 0x00, 0x25, 0x49, 0x00, 0x00, 0x00, 0x0D, 0x00, 0x00, 0x00, 0x05,
    0x00, 0x00, 0x00, 0x05, 0x00, 0x00, 0x00, 0x09, 0x00, 0x00, 0x00, 0x00, 0x00, 0x00, 0x00, 0x00,
    0x00, 0x00, 0x25, 0x4A, 0x00, 0x00, 0x00, 0x0D, 0x00, 0x00, 0x00, 0x05, 0x00, 0x00, 0x00, 0x05,
    0x00, 0x00, 0x00, 0x09, 0x00, 0x00, 0x00, 0x00, 0x00, 0x00, 0x00, 0x00, 0x00, 0x00, 0x25, 0x4B,
    0x00, 0x00, 0x00, 0x0D, 0x00, 0x00, 0x00, 0x05, 0x00, 0x00, 0x00, 0x05, 0x00, 0x00, 0x00, 0x09,
    0x00, 0x00, 0x00, 0x00, 0x00, 0x00, 0x00, 0x00, 0x00, 0x00, 0x25, 0x4C, 0x00, 0x00, 0x00, 0x01,
    0x00, 0x00, 0x00, 0x05, 0x00, 0x00, 0x00, 0x05, 0x00, 0x00, 0x00, 0x03, 0x00, 0x00, 0x00, 0x00,
    0x00, 0x00, 0x00, 0x00, 0x00, 0x00, 0x25, 0x4D, 0x00, 0x00, 0x00, 0x02, 0x00, 0x00, 0x00, 0x05,
    0x00, 0x00, 0x00, 0x05, 0x00, 0x00, 0x00, 0x04, 0x00, 0x00, 0x00, 0x00, 0x00, 0x00, 0x00, 0x00,
    0x00, 0x00, 0x25, 0x4E, 0x00, 0x00, 0x00, 0x09, 0x00, 0x00, 0x00, 0x01, 0x00, 0x00, 0x00, 0x05,
    0x00, 0x00, 0x00, 0x07, 0x00, 0x00, 0x00, 0x02, 0x00, 0x00, 0x00, 0x00, 0x00, 0x00, 0x25, 0x4F,
    0x00, 0x00, 0x00, 0x09, 0x00, 0x00, 0x00, 0x02, 0x00, 0x00, 0x00, 0x05, 0x00, 0x00, 0x00, 0x07,
    0x00, 0x00, 0x00, 0x02, 0x00, 0x00, 0x00, 0x00, 0x00, 0x00, 0x25, 0x50, 0x00, 0x00, 0x00, 0x02,
    0x00, 0x00, 0x00, 0x05, 0x00, 0x00, 0x00, 0x05, 0x00, 0x00, 0x00, 0x04, 0x00, 0x00, 0x00, 0x00,
    0x00, 0x00, 0x00, 0x00, 0x00, 0x00, 0x25, 0x51, 0x00, 0x00, 0x00, 0x0D, 0x00, 0x00, 0x00, 0x02,
    0x00, 0x00, 0x00, 0x05, 0x00, 0x00, 0x00, 0x09, 0x00, 0x00, 0x00, 0x02, 0x00, 0x00, 0x00, 0x00,
    0x00, 0x00, 0x25, 0x52, 0x00, 0x00, 0x00, 0x08, 0x00, 0x00, 0x00, 0x03, 0x00, 0x00, 0x00, 0x05,
    0x00, 0x00, 0x00, 0x04, 0x00, 0x00, 0x00, 0x02, 0x00, 0x00, 0x00, 0x00, 0x00, 0x00, 0x25, 0x53,
    0x00, 0x00, 0x00, 0x07, 0x00, 0x00, 0x00, 0x03, 0x00, 0x00, 0x00, 0x05, 0x00, 0x00, 0x00, 0x03,
    0x00, 0x00, 0x00, 0x02, 0x00, 0x00, 0x00, 0x00, 0x00, 0x00, 0x25, 0x54, 0x00, 0x00, 0x00, 0x07,
    0x00, 0x00, 0x00, 0x03, 0x00, 0x00, 0x00, 0x05, 0x00, 0x00, 0x00, 0x04, 0x00, 0x00, 0x00, 0x02,
    0x00, 0x00, 0x00, 0x00, 0x00, 0x00, 0x25, 0x55, 0x00, 0x00, 0x00, 0x08, 0x00, 0x00, 0x00, 0x05,
    0x00, 0x00, 0x00, 0x05, 0x00, 0x00, 0x00, 0x04, 0x00, 0x00, 0x00, 0x00, 0x00, 0x00, 0x00, 0x00,
    0x00, 0x00, 0x25, 0x56, 0x00, 0x00, 0x00, 0x07, 0x00, 0x00, 0x00, 0x05, 0x00, 0x00, 0x00, 0x05,
    0x00, 0x00, 0x00, 0x03, 0x00, 0x00, 0x00, 0x00, 0x00, 0x00, 0x00, 0x00, 0x00, 0x00, 0x25, 0x57,
    0x00, 0x00, 0x00, 0x07, 0x00, 0x00, 0x00, 0x05, 0x00, 0x00, 0x00, 0x05, 0x00, 0x00, 0x00, 0x04,
    0x00, 0x00, 0x00, 0x00, 0x00, 0x00, 0x00, 0x00, 0x00, 0x00, 0x25, 0x58, 0x00, 0x00, 0x00, 0x07,
    0x00, 0x00, 0x00, 0x03, 0x00, 0x00, 0x00, 0x05, 0x00, 0x00, 0x00, 0x09, 0x00, 0x00, 0x00, 0x02,
    0x00, 0x00, 0x00, 0x00, 0x00, 0x00, 0x25, 0x59, 0x00, 0x00, 0x00, 0x07, 0x00, 0x00, 0x00, 0x03,
    0x00, 0x00, 0x00, 0x05, 0x00, 0x00, 0x00, 0x09, 0x00, 0x00, 0x00, 0x02, 0x00, 0x00, 0x00, 0x00,
    0x00, 0x00, 0x25, 0x5A, 0x00, 0x00, 0x00, 0x07, 0x00, 0x00, 0x00, 0x03, 0x00, 0x00, 0x00, 0x05,
    0x00, 0x00, 0x00, 0x09, 0x00, 0x00, 0x00, 0x02, 0x00, 0x00, 0x00, 0x00, 0x00, 0x00, 0x25, 0x5B,
    0x00, 0x00, 0x00, 0x07, 0x00, 0x00, 0x00, 0x05, 0x00, 0x00, 0x00, 0x05, 0x00, 0x00, 0x00, 0x09,
    0x00, 0x00, 0x00, 0x00, 0x00, 0x00, 0x00, 0x00, 0x00, 0x00, 0x25, 0x5C, 0x00, 0x00, 0x00, 0x07,
    0x00, 0x00, 0x00, 0x05, 0x00, 0x00, 0x00, 0x05, 0x00, 0x00, 0x00, 0x09, 0x00, 0x00, 0x00, 0x00,
    0x00, 0x00, 0x00, 0x00, 0x00, 0x00, 0x25, 0x5D, 0x00, 0x00, 0x00, 0x07, 0x00, 0x00, 0x00, 0x05,
    0x00, 0x00, 0x00, 0x05, 0x00, 0x00, 0x00, 0x09, 0x00, 0x00, 0x00, 0x00, 0x00, 0x00, 0x00, 0x00,
    0x00, 0x00, 0x25, 0x5E, 0x00, 0x00, 0x00, 0x0D, 0x00, 0x00, 0x00, 0x03, 0x00, 0x00, 0x00, 0x05,
    0x00, 0x00, 0x00, 0x09, 0x00, 0x00, 0x00, 0x02, 0x00, 0x00, 0x00, 0x00, 0x00, 0x00, 0x25, 0x5F,
    0x00, 0x00, 0x00, 0x0D, 0x00, 0x00, 0x00, 0x03, 0x00, 0x00, 0x00, 0x05, 0x00, 0x00, 0x00, 0x09,
    0x00, 0x00, 0x00, 0x02, 0x00, 0x00, 0x00, 0x00, 0x00, 0x00, 0x25, 0x60, 0x00, 0x00, 0x00, 0x0D,
    0x00, 0x00, 0x00, 0x03, 0x00, 0x00, 0x00, 0x05, 0x00, 0x00, 0x00, 0x09, 0x00, 0x00, 0x00, 0x02,
    0x00, 0x00, 0x00, 0x00, 0x00, 0x00, 0x25, 0x61, 0x00, 0x00, 0x00, 0x0D, 0x00, 0x00, 0x00, 0x05,
    0x00, 0x00, 0x00, 0x05, 0x00, 0x00, 0x00, 0x09, 0x00, 0x00, 0x00, 0x00, 0x00, 0x00, 0x00, 0x00,
    0x00, 0x00, 0x25, 0x62, 0x00, 0x00, 0x00, 0x0D, 0x00, 0x00, 0x00, 0x05, 0x00, 0x00, 0x00, 0x05,
    0x00, 0x00, 0x00, 0x09, 0x00, 0x00, 0x00, 0x00, 0x00, 0x00, 0x00, 0x00, 0x00, 0x00, 0x25, 0x63,
    0x00, 0x00, 0x00, 0x0D, 0x00, 0x00, 0x00, 0x05, 0x00, 0x00, 0x00, 0x05, 0x00, 0x00, 0x00, 0x09,
    0x00, 0x00, 0x00, 0x00, 0x00, 0x00, 0x00, 0x00, 0x00, 0x00, 0x25, 0x64, 0x00, 0x00, 0x00, 0x07,
    0x00, 0x00, 0x00, 0x05, 0x00, 0x00, 0x00, 0x05, 0x00, 0x00, 0x00, 0x04, 0x00, 0x00, 0x00, 0x00,
    0x00, 0x00, 0x00, 0x00, 0x00, 0x00, 0x25, 0x65, 0x00, 0x00, 0x00, 0x07, 0x00, 0x00, 0x00, 0x05,
    0x00, 0x00, 0x00, 0x05, 0x00, 0x00, 0x00, 0x03, 0x00, 0x00, 0x00, 0x00, 0x00, 0x00, 0x00, 0x00,
    0x00, 0x00, 0x25, 0x66, 0x00, 0x00, 0x00, 0x07, 0x00, 0x00, 0x00, 0x05, 0x00, 0x00, 0x00, 0x05,
    0x00, 0x00, 0x00, 0x04, 0x00, 0x00, 0x00, 0x00, 0x00, 0x00, 0x00, 0x00, 0x00, 0x00, 0x25, 0x67,
    0x00, 0x00, 0x00, 0x07, 0x00, 0x00, 0x00, 0x05, 0x00, 0x00, 0x00, 0x05, 0x00, 0x00, 0x00, 0x09,
    0x00, 0x00, 0x00, 0x00, 0x00, 0x00, 0x00, 0x00, 0x00, 0x00, 0x25, 0x68, 0x00, 0x00, 0x00, 0x07,
    0x00, 0x00, 0x00, 0x05, 0x00, 0x00, 0x00, 0x05, 0x00, 0x00, 0x00, 0x09, 0x00, 0x00, 0x00, 0x00,
    0x00, 0x00, 0x00, 0x00, 0x00, 0x00, 0x25, 0x69, 0x00, 0x00, 0x00, 0x07, 0x00, 0x00, 0x00, 0x05,
    0x00, 0x00, 0x00, 0x05, 0x00, 0x00, 0x00, 0x09, 0x00, 0x00, 0x00, 0x00, 0x00, 0x00, 0x00, 0x00,
    0x00, 0x00, 0x25, 0x6A, 0x00, 0x00, 0x00, 0x0D, 0x00, 0x00, 0x00, 0x05, 0x00, 0x00, 0x00, 0x05,
    0x00, 0x00, 0x00, 0x09, 0x00, 0x00, 0x00, 0x00, 0x00, 0x00, 0x00, 0x00, 0x00, 0x00, 0x25, 0x6B,
    0x00, 0x00, 0x00, 0x0D, 0x00, 0x00, 0x00, 0x05, 0x00, 0x00, 0x00, 0x05, 0x00, 0x00, 0x00, 0x09,
    0x00, 0x00, 0x00, 0x00, 0x00, 0x00, 0x00, 0x00, 0x00, 0x00, 0x25, 0x6C, 0x00, 0x00, 0x00, 0x0C,
    0x00, 0x00, 0x00, 0x05, 0x00, 0x00, 0x00, 0x05, 0x00, 0x00, 0x00, 0x09, 0x00, 0x00, 0x00, 0x00,
    0x00, 0x00, 0x00, 0x00, 0x00, 0x00, 0x25, 0x6D, 0x00, 0x00, 0x00, 0x07, 0x00, 0x00, 0x00, 0x03,
    0x00, 0x00, 0x00, 0x05, 0x00, 0x00, 0x00, 0x03, 0x00, 0x00, 0x00, 0x02, 0x00, 0x00, 0x00, 0x00,
    0x00, 0x00, 0x25, 0x6E, 0x00, 0x00, 0x00, 0x07, 0x00, 0x00, 0x00, 0x05, 0x00, 0x00, 0x00, 0x05,
    0x00, 0x00, 0x00, 0x03, 0x00, 0x00, 0x00, 0x00, 0x00, 0x00, 0x00, 0x00, 0x00, 0x00, 0x25, 0x6F,
    0x00, 0x00, 0x00, 0x07, 0x00, 0x00, 0x00, 0x05, 0x00, 0x00, 0x00, 0x05, 0x00, 0x00, 0x00, 0x09,
    0x00, 0x00, 0x00, 0x00, 0x00, 0x00, 0x00, 0x00, 0x00, 0x00, 0x25, 0x70, 0x00, 0x00, 0x00, 0x07,
    0x00, 0x00, 0x00, 0x03, 0x00, 0x00, 0x00, 0x05, 0x00, 0x00, 0x00, 0x09, 0x00, 0x00, 0x00, 0x02,
    0x00, 0x00, 0x00, 0x00, 0x00, 0x00, 0x25, 0x71, 0x00, 0x00, 0x00, 0x0B, 0x00, 0x00, 0x00, 0x05,
    0x00, 0x00, 0x00, 0x05, 0x00, 0x00, 0x00, 0x08, 0x00, 0x00, 0x00, 0x00, 0x00, 0x00, 0x00, 0x00,
    0x00, 0x00, 0x25, 0x72, 0x00, 0x00, 0x00, 0x0B, 0x00, 0x00, 0x00, 0x05, 0x00, 0x00, 0x00, 0x05,
    0x00, 0x00, 0x00, 0x08, 0x00, 0x00, 0x00, 0x00, 0x00, 0x00, 0x00, 0x00, 0x00, 0x00, 0x25, 0x73,
    0x00, 0x00, 0x00, 0x0B, 0x00, 0x00, 0x00, 0x05, 0x00, 0x00, 0x00, 0x05, 0x00, 0x00, 0x00, 0x08,
    0x00, 0x00, 0x00, 0x00, 0x00, 0x00, 0x00, 0x00, 0x00, 0x00, 0x25, 0x74, 0x00, 0x00, 0x00, 0x01,
    0x00, 0x00, 0x00, 0x05, 0x00, 0x00, 0x00, 0x05, 0x00, 0x00, 0x00, 0x03, 0x00, 0x00, 0x00, 0x00,
    0x00, 0x00, 0x00, 0x00, 0x00, 0x00, 0x25, 0x75, 0x00, 0x00, 0x00, 0x07, 0x00, 0x00, 0x00, 0x01,
    0x00, 0x00, 0x00, 0x05, 0x00, 0x00, 0x00, 0x09, 0x00, 0x00, 0x00, 0x02, 0x00, 0x00, 0x00, 0x00,
    0x00, 0x00, 0x25, 0x76, 0x00, 0x00, 0x00, 0x01, 0x00, 0x00, 0x00, 0x03, 0x00, 0x00, 0x00, 0x05,
    0x00, 0x00, 0x00, 0x03, 0x00, 0x00, 0x00, 0x02, 0x00, 0x00, 0x00, 0x00, 0x00, 0x00, 0x25, 0x77,
    0x00, 0x00, 0x00, 0x07, 0x00, 0x00, 0x00, 0x01, 0x00, 0x00, 0x00, 0x05, 0x00, 0x00, 0x00, 0x03,
    0x00, 0x00, 0x00, 0x02, 0x00, 0x00, 0x00, 0x00, 0x00, 0x00, 0x25, 0x78, 0x00, 0x00, 0x00, 0x02,
    0x00, 0x00, 0x00, 0x05, 0x00, 0x00, 0x00, 0x05, 0x00, 0x00, 0x00, 0x04, 0x00, 0x00, 0x00, 0x00,
    0x00, 0x00, 0x00, 0x00, 0x00, 0x00, 0x25, 0x79, 0x00, 0x00, 0x00, 0x07, 0x00, 0x00, 0x00, 0x02,
    0x00, 0x00, 0x00, 0x05, 0x00, 0x00, 0x00, 0x09, 0x00, 0x00, 0x00, 0x02, 0x00, 0x00, 0x00, 0x00,
    0x00, 0x00, 0x25, 0x7A, 0x00, 0x00, 0x00, 0x02, 0x00, 0x00, 0x00, 0x03, 0x00, 0x00, 0x00, 0x05,
    0x00, 0x00, 0x00, 0x04, 0x00, 0x00, 0x00, 0x02, 0x00, 0x00, 0x00, 0x00, 0x00, 0x00, 0x25, 0x7B,
    0x00, 0x00, 0x00, 0x07, 0x00, 0x00, 0x00, 0x02, 0x00, 0x00, 0x00, 0x05, 0x00, 0x00, 0x00, 0x03,
    0x00, 0x00, 0x00, 0x02, 0x00, 0x00, 0x00, 0x00, 0x00, 0x00, 0x25, 0x7C, 0x00, 0x00, 0x00, 0x02,
    0x00, 0x00, 0x00, 0x05, 0x00, 0x00, 0x00, 0x05, 0x00, 0x00, 0x00, 0x04, 0x00, 0x00, 0x00, 0x00,
    0x00, 0x00, 0x00, 0x00, 0x00, 0x00, 0x25, 0x7D, 0x00, 0x00, 0x00, 0x0D, 0x00, 0x00, 0x00, 0x02,
    0x00, 0x00, 0x00, 0x05, 0x00, 0x00, 0x00, 0x09, 0x00, 0x00, 0x00, 0x02, 0x00, 0x00, 0x00, 0x00,
    0x00, 0x00, 0x25, 0x7E, 0x00, 0x00, 0x00, 0x02, 0x00, 0x00, 0x00, 0x05, 0x00, 0x00, 0x00, 0x05,
    0x00, 0x00, 0x00, 0x04, 0x00, 0x00, 0x00, 0x00, 0x00, 0x00, 0x00, 0x00, 0x00, 0x00, 0x25, 0x7F,
    0x00, 0x00, 0x00, 0x0D, 0x00, 0x00, 0x00, 0x02, 0x00, 0x00, 0x00, 0x05, 0x00, 0x00, 0x00, 0x09,
    0x00, 0x00, 0x00, 0x02, 0x00, 0x00, 0x00, 0x00, 0x00, 0x00, 0x25, 0xA0, 0x00, 0x00, 0x00, 0x08,
    0x00, 0x00, 0x00, 0x07, 0x00, 0x00, 0x00, 0x07, 0x00, 0x00, 0x00, 0x07, 0x00, 0x00, 0x00, 0x00,
    0x00, 0x00, 0x00, 0x00, 0x00, 0x00, 0x25, 0xA1, 0x00, 0x00, 0x00, 0x07, 0x00, 0x00, 0x00, 0x07,
    0x00, 0x00, 0x00, 0x07, 0x00, 0x00, 0x00, 0x06, 0x00, 0x00, 0x00, 0x00, 0x00, 0x00, 0x00, 0x00,
    0x00, 0x00, 0x25, 0xB2, 0x00, 0x00, 0x00, 0x08, 0x00, 0x00, 0x00, 0x07, 0x00, 0x00, 0x00, 0x07,
    0x00, 0x00, 0x00, 0x07, 0x00, 0x00, 0x00, 0x00, 0x00, 0x00, 0x00, 0x00, 0x00, 0x00, 0x25, 0xB6,
    0x00, 0x00, 0x00, 0x08, 0x00, 0x00, 0x00, 0x07, 0x00, 0x00, 0x00, 0x07, 0x00, 0x00, 0x00, 0x07,
    0x00, 0x00, 0x00, 0x00, 0x00, 0x00, 0x00, 0x00, 0x00, 0x00, 0x25, 0xBC, 0x00, 0x00, 0x00, 0x08,
    0x00, 0x00, 0x00, 0x07, 0x00, 0x00, 0x00, 0x07, 0x00, 0x00, 0x00, 0x07, 0x00, 0x00, 0x00, 0x00,
    0x00, 0x00, 0x00, 0x00, 0x00, 0x00, 0x25, 0xC0, 0x00, 0x00, 0x00, 0x08, 0x00, 0x00, 0x00, 0x07,
    0x00, 0x00, 0x00, 0x07, 0x00, 0x00, 0x00, 0x07, 0x00, 0x00, 0x00, 0x00, 0x00, 0x00, 0x00, 0x00,
    0x00, 0x00, 0x25, 0xC6, 0x00, 0x00, 0x00, 0x08, 0x00, 0x00, 0x00, 0x07, 0x00, 0x00, 0x00, 0x07,
    0x00, 0x00, 0x00, 0x07, 0x00, 0x00, 0x00, 0x00, 0x00, 0x00, 0x00, 0x00, 0x00, 0x00, 0x25, 0xC7,
    0x00, 0x00, 0x00, 0x08, 0x00, 0x00, 0x00, 0x07, 0x00, 0x00, 0x00, 0x07, 0x00, 0x00, 0x00, 0x07,
    0x00, 0x00, 0x00, 0x00, 0x00, 0x00, 0x00, 0x00, 0x00, 0x00, 0x25, 0xCB, 0x00, 0x00, 0x00, 0x07,
    0x00, 0x00, 0x00, 0x07, 0x00, 0x00, 0x00, 0x07, 0x00, 0x00, 0x00, 0x06, 0x00, 0x00, 0x00, 0x00,
    0x00, 0x00, 0x00, 0x00, 0x00, 0x00, 0x25, 0xCF, 0x00, 0x00, 0x00, 0x08, 0x00, 0x00, 0x00, 0x07,
    0x00, 0x00, 0x00, 0x07, 0x00, 0x00, 0x00, 0x07, 0x00, 0x00, 0x00, 0x00, 0x00, 0x00, 0x00, 0x00,
    0x00, 0x00, 0x26, 0x10, 0x00, 0x00, 0x00, 0x06, 0x00, 0x00, 0x00, 0x06, 0x00, 0x00, 0x00, 0x07,
    0x00, 0x00, 0x00, 0x06, 0x00, 0x00, 0x00, 0x00, 0x00, 0x00, 0x00, 0x00, 0x00, 0x00, 0x26, 0x11,
    0x00, 0x00, 0x00, 0x07, 0x00, 0x00, 0x00, 0x07, 0x00, 0x00, 0x00, 0x07, 0x00, 0x00, 0x00, 0x06,
    0x00, 0x00, 0x00, 0x00, 0x00, 0x00, 0x00, 0x00, 0x00, 0x00, 0x26, 0x99, 0x00, 0x00, 0x00, 0x07,
    0x00, 0x00, 0x00, 0x07, 0x00, 0x00, 0x00, 0x07, 0x00, 0x00, 0x00, 0x07, 0x00, 0x00, 0x00, 0x00,
    0x00, 0x00, 0x00, 0x00, 0x00, 0x00, 0x27, 0x13, 0x00, 0x00, 0x00, 0x07, 0x00, 0x00, 0x00, 0x05,
    0x00, 0x00, 0x00, 0x05, 0x00, 0x00, 0x00, 0x07, 0x00, 0x00, 0x00, 0x00, 0x00, 0x00, 0x00, 0x00,
    0x00, 0x00, 0x27, 0x17, 0x00, 0x00, 0x00, 0x08, 0x00, 0x00, 0x00, 0x06, 0x00, 0x00, 0x00, 0x07,
    0x00, 0x00, 0x00, 0x07, 0x00, 0x00, 0x00, 0x00, 0x00, 0x00, 0x00, 0x00, 0x00, 0x00, 0x27, 0x18,
    0x00, 0x00, 0x00, 0x09, 0x00, 0x00, 0x00, 0x07, 0x00, 0x00, 0x00, 0x07, 0x00, 0x00, 0x00, 0x08,
    0x00, 0x00, 0x00, 0x00, 0x00, 0x00, 0x00, 0x00, 0x00, 0x00, 0x2B, 0x07, 0x00, 0x00, 0x00, 0x07,
    0x00, 0x00, 0x00, 0x04, 0x00, 0x00, 0x00, 0x07, 0x00, 0x00, 0x00, 0x07, 0x00, 0x00, 0x00, 0x01,
    0x00, 0x00, 0x00, 0x00, 0x00, 0xB4, 0xFF, 0x03, 0x00, 0xC6, 0xFF, 0x00, 0x00, 0xD4, 0xAC, 0x00,
    0x00, 0xC5, 0x45, 0x00, 0x00, 0x3F, 0x00, 0x00, 0x43, 0xDC, 0x34, 0x00, 0x8E, 0xFF, 0x31, 0x00,
    0x5B, 0xFF, 0x55, 0xFF, 0x97, 0xF8, 0x94, 0xF8, 0xB0, 0xC6, 0xAF, 0xC6, 0x12, 0x0F, 0x12, 0x0F,
    0x00, 0x00, 0xC5, 0xD7, 0x3D, 0x00, 0x00, 0xFF, 0xC5, 0x00, 0x00, 0xA1, 0xFC, 0xE4, 0xB7, 0x00,
    0x54, 0xB8, 0xB0, 0x16, 0x00, 0xFF, 0x6C, 0xFF, 0x04, 0x00, 0xA0, 0x9F, 0x6B, 0x00, 0x00, 0xB2,
    0xE7, 0x30, 0x00, 0x00, 0x00, 0xFF, 0x0D, 0x00, 0x52, 0xE7, 0xFF, 0xB2, 0x16, 0xA3, 0xD5, 0xEC,
    0x94, 0x0D, 0xAB, 0xE9, 0xBE, 0x00, 0x00, 0x70, 0xF1, 0xFF, 0x92, 0x00, 0x00, 0xA5, 0xCE, 0xCD,
    0x07, 0xA5, 0xED, 0xCD, 0xCC, 0x00, 0xC5, 0xFF, 0xFF, 0x44, 0x00, 0x2C, 0xDB, 0x00, 0x00, 0x00,
    0x00, 0x70, 0xFF, 0x47, 0xF0, 0x00, 0xA2, 0xBF, 0xCA, 0x45, 0x00, 0xA1, 0xF0, 0xBC, 0x00, 0x00,
    0x93, 0xDC, 0xF7, 0x0A, 0x00, 0x6C, 0xCB, 0xCB, 0x51, 0x00, 0xAF, 0xC8, 0xC4, 0x2B, 0x1E, 0x9F,
    0x7F, 0xD1, 0x00, 0x0D, 0xC3, 0xFF, 0x96, 0x00, 0x55, 0xE8, 0x61, 0xCC, 0x00, 0x4A, 0xE5, 0x85,
    0xCC, 0x00, 0xC3, 0xFE, 0xE1, 0x2C, 0x00, 0xC4, 0xDC, 0xBA, 0x08, 0x00, 0xD6, 0xC2, 0xFF, 0xD4,
    0x48, 0xE4, 0x8A, 0xFF, 0xAC, 0x00, 0x5B, 0xFF, 0x00, 0x97, 0xF8, 0x00, 0xB0, 0xC6, 0x00, 0x12,
    0x0F, 0x00, 0x00, 0x9E, 0xCC, 0x13, 0x4F, 0xEF, 0x0B, 0x00, 0xA1, 0x67, 0x00, 0x00, 0xC3, 0x20,
    0x00, 0x00, 0xC2, 0x1B, 0x00, 0x00, 0xC1, 0x1A, 0x00, 0x00, 0xC2, 0x20, 0x00, 0x00, 0xA1, 0x87,
    0x00, 0x00, 0x2A, 0x91, 0x00, 0x00, 0x00, 0x2D, 0xFF, 0x3C, 0x00, 0x00, 0x00, 0xB5, 0xCF, 0x00,
    0x00, 0x00, 0x36, 0xFF, 0x00, 0x00, 0x00, 0x0F, 0xFF, 0x0C, 0x00, 0x00, 0x3C, 0xFF, 0x00, 0x00,
    0x00, 0xA2, 0xDC, 0x00, 0x00, 0x0D, 0xFF, 0x60, 0x00, 0x04, 0xD5, 0xB0, 0x00, 0x00, 0x5B, 0x97,
    0x00, 0x00, 0x00, 0x00, 0x89, 0xC0, 0x00, 0x00, 0xA8, 0xF1, 0xDD, 0xBA, 0x1E, 0xA1, 0xF9, 0xFF,
    0x8E, 0x0F, 0xA1, 0xF0, 0xFF, 0x13, 0x00, 0x7C, 0x25, 0xB0, 0x1B, 0x00, 0x00, 0x00, 0xBD, 0xC9,
    0x00, 0x00, 0x00, 0xC9, 0xBD, 0x00, 0x7E, 0xFF, 0xFF, 0xFF, 0xFF, 0x16, 0x37, 0xFF, 0x6F, 0x2D,
    0x00, 0x13, 0xBE, 0x06, 0x00, 0x00, 0x03, 0x1E, 0x10, 0x00, 0x6C, 0xFF, 0x66, 0x00, 0xC0, 0xEB,
    0x00, 0x03, 0xFF, 0x4E, 0x00, 0x10, 0x1E, 0x1E, 0x09, 0xCB, 0xFF, 0xFF, 0x54, 0x45, 0x60, 0x60,
    0x0C, 0x5A, 0xFD, 0x55, 0xA0, 0xFF, 0x45, 0x00, 0x00, 0x24, 0xD8, 0x3A, 0x00, 0x00, 0xB0, 0xA6,
    0x00, 0x00, 0x19, 0xFF, 0x33, 0x00, 0x00, 0x88, 0xD7, 0x00, 0x00, 0x10, 0xD1, 0x46, 0x00, 0x00,
    0x62, 0xD1, 0x00, 0x00, 0x00, 0xA3, 0x70, 0x00, 0x00, 0x00, 0xD4, 0x2D, 0x00, 0x00, 0x00, 0x68,
    0x0D, 0x00, 0x00, 0x00, 0x46, 0xE3, 0xFF, 0x98, 0x00, 0xA5, 0xB3, 0x6A, 0xD8, 0x3A, 0xD8, 0x35,
    0x06, 0xE3, 0x72, 0xDF, 0xCF, 0xA8, 0xDE, 0x5B, 0xCF, 0x3B, 0x79, 0xD2, 0x1F, 0xE5, 0x5C, 0xE6,
    0xB1, 0x00, 0x9A, 0xFB, 0xF1, 0x16, 0x00, 0x00, 0x2B, 0xFF, 0xFF, 0x9C, 0x0F, 0xFF, 0xC6, 0xFF,
    0x64, 0x34, 0xCD, 0x5D, 0xFF, 0x2B, 0x00, 0x00, 0x90, 0xFF, 0x01, 0x00, 0x00, 0xA6, 0xFF, 0x00,
    0x15, 0x36, 0xE1, 0xE9, 0x31, 0xBE, 0xFF, 0xFF, 0xFF, 0xFF, 0x4C, 0xE5, 0xFF, 0x86, 0x00, 0xA3,
    0xBF, 0xA3, 0xD6, 0x34, 0x0D, 0x04, 0x85, 0xD4, 0x2A, 0x00, 0x3C, 0xFF, 0x92, 0x00, 0x4C, 0xE5,
    0xA8, 0x01, 0x00, 0xDC, 0xB4, 0x42, 0x29, 0x00, 0xFF, 0xFF, 0xFF, 0xB0, 0x00, 0x71, 0xF1, 0xFF,
    0x98, 0x01, 0x88, 0x84, 0xA3, 0xD8, 0x3D, 0x00, 0x00, 0xAB, 0xD1, 0x18, 0x09, 0xCF, 0xFF, 0x4A,
    0x00, 0x04, 0x3E, 0xF5, 0xBD, 0x00, 0xBC, 0x65, 0xFF, 0xB6, 0x00, 0xC9, 0xFF, 0xF5, 0x2E, 0x00,
    0x00, 0x0F, 0xFF, 0xCC, 0x00, 0x00, 0x99, 0xFF, 0xCC, 0x00, 0x3D, 0xE0, 0xDF, 0xAE, 0x00, 0xA1,
    0xA1, 0xEE, 0x8C, 0x00, 0xD3, 0x2D, 0xFF, 0x7F, 0x00, 0xFF, 0xFF, 0xFF, 0xD1, 0x19, 0x34, 0x70,
    0xFF, 0x3F, 0x00, 0x7C, 0xF5, 0xFF, 0xE0, 0x63, 0x99, 0x9D, 0x54, 0x46, 0x0C, 0x9E, 0x3D, 0x00,
    0x00, 0x00, 0xB9, 0xDD, 0xFF, 0x82, 0x00, 0x82, 0x67, 0xC8, 0xCD, 0x07, 0x9C, 0x5F, 0xE7, 0xCC,
    0x00, 0xC4, 0xFF, 0xF8, 0x38, 0x00, 0x00, 0x84, 0xFF, 0x83, 0x01, 0x5E, 0xEB, 0xA8, 0x00, 0x00,
    0xA8, 0xD5, 0x00, 0x00, 0x00, 0xE1, 0xD7, 0xFF, 0x86, 0x00, 0xE9, 0x75, 0xB4, 0xCE, 0x0C, 0xDC,
    0x63, 0xC8, 0xCC, 0x00, 0x9F, 0xFC, 0xFF, 0x41, 0x00, 0xA0, 0xFF, 0xFF, 0xF0, 0xB4, 0xB7, 0x5E,
    0x79, 0xDE, 0x5B, 0x50, 0x16, 0xDC, 0xBD, 0x00, 0x00, 0x3F, 0xFF, 0x46, 0x00, 0x00, 0xB9, 0xE4,
    0x00, 0x00, 0x37, 0xDE, 0x4F, 0x00, 0x00, 0x91, 0xE1, 0x00, 0x00, 0x00, 0x47, 0xE4, 0xFF, 0xAD,
    0x06, 0x9C, 0xC5, 0x5E, 0xDF, 0x5D, 0x9D, 0x7E, 0x54, 0xD4, 0x2A, 0x77, 0xF4, 0xFF, 0x66, 0x00,
    0xDB, 0x70, 0xC4, 0xCC, 0x00, 0xEE, 0x5C, 0xDA, 0xCC, 0x00, 0xC0, 0xFF, 0xFD, 0x41, 0x00, 0x49,
    0xE4, 0xFF, 0x88, 0x00, 0xA9, 0xB0, 0x79, 0xDA, 0x45, 0xD1, 0x36, 0x10, 0xE1, 0x6A, 0xD1, 0x5A,
    0x7E, 0xD5, 0x2B, 0xA3, 0xFF, 0xFF, 0xB6, 0x00, 0x04, 0x72, 0xFF, 0x2B, 0x00, 0x75, 0xF0, 0x4B,
    0x00, 0x00, 0x00, 0xF0, 0xF0, 0x01, 0xFB, 0xA2, 0x00, 0x00, 0x00, 0x5A, 0xFD, 0x55, 0xA0, 0xFF,
    0x45, 0x00, 0x00, 0xF0, 0xF0, 0x00, 0x01, 0xFB, 0xA2, 0x00, 0x00, 0x00, 0x00, 0x00, 0x61, 0xFF,
    0x76, 0x00, 0xB7, 0xF7, 0x00, 0x01, 0xFF, 0x5D, 0x00, 0x01, 0x1C, 0x00, 0x00, 0x00, 0x00, 0x06,
    0x7B, 0x15, 0x02, 0x6D, 0xFF, 0xCC, 0x00, 0xA2, 0xFF, 0x8D, 0x02, 0x00, 0xB4, 0xB8, 0x0C, 0x00,
    0x00, 0x35, 0xDE, 0xFF, 0x3A, 0x00, 0x00, 0x06, 0xB5, 0x56, 0x00, 0xB2, 0xFF, 0xFF, 0xD3, 0x25,
    0x26, 0x36, 0x36, 0x2B, 0x00, 0xE5, 0xFF, 0xFF, 0xB9, 0x00, 0x2E, 0x36, 0x36, 0x1D, 0x00, 0x00,
    0x97, 0x18, 0x00, 0x00, 0x00, 0xDD, 0xFF, 0x8A, 0x00, 0x00, 0x00, 0x8D, 0xFF, 0xCB, 0x00, 0x06,
    0x96, 0xFF, 0xC1, 0x52, 0xFF, 0xFF, 0x7F, 0x01, 0x97, 0x8E, 0x04, 0x00, 0x00, 0x4C, 0xE5, 0xFF,
    0x84, 0x00, 0x7B, 0xA2, 0xAF, 0xCF, 0x0F, 0x00, 0x35, 0xD7, 0xCC, 0x00, 0x16, 0xD3, 0xCA, 0x25,
    0x00, 0x0D, 0x64, 0x0D, 0x00, 0x00, 0x41, 0xC3, 0x0D, 0x00, 0x00, 0x66, 0xEE, 0x0C, 0x00, 0x00,
    0x2A, 0xDA, 0xFF, 0xA3, 0x01, 0x9D, 0x79, 0x09, 0xDD, 0x54, 0xBD, 0xC2, 0xFF, 0xDF, 0x5D, 0xAE,
    0xEF, 0x28, 0xD3, 0x22, 0xBE, 0xF0, 0x3C, 0xCC, 0x00, 0xA1, 0xD6, 0xC1, 0xB0, 0x00, 0xC1, 0x2B,
    0x00, 0x00, 0x00, 0x90, 0xF8, 0xCB, 0x00, 0x00, 0x00, 0x00, 0x7A, 0xFE, 0x7E, 0x00, 0x06, 0x9E,
    0xFF, 0xA3, 0x00, 0x12, 0xC9, 0xE6, 0xA7, 0x00, 0x22, 0xBF, 0xC7, 0xC6, 0x00, 0x8F, 0xFF, 0xFF,
    0xE6, 0x00, 0xE7, 0x80, 0xAF, 0xFF, 0x24, 0xEE, 0x2C, 0x9A, 0xFF, 0x87, 0xF9, 0xFF, 0xAA, 0x01,
    0x99, 0xB9, 0x6A, 0xD7, 0x37, 0x9C, 0x8D, 0x90, 0xD0, 0x12, 0xB1, 0xFF, 0xFF, 0x5E, 0x00, 0xC8,
    0x36, 0xA8, 0xCC, 0x00, 0xE0, 0x3B, 0xD9, 0xC2, 0x00, 0xE7, 0xFF, 0xFF, 0x3F, 0x00, 0x28, 0xD9,
    0xFF, 0xAE, 0x07, 0x9A, 0xD0, 0x57, 0xE5, 0x7E, 0xC3, 0x5A, 0x00, 0x2A, 0x03, 0xDD, 0x33, 0x00,
    0x00, 0x00, 0xDB, 0x33, 0x13, 0x1F, 0x00, 0xD3, 0x70, 0xC4, 0xCC, 0x00, 0x89, 0xF8, 0xFF, 0x30,
    0x00, 0x99, 0xFF, 0xFF, 0x90, 0x00, 0x99, 0xB5, 0x88, 0xD5, 0x2E, 0xA8, 0x76, 0x1B, 0xE0, 0x64,
    0xBF, 0x49, 0x48, 0xDB, 0x4B, 0xD7, 0x33, 0x8A, 0xD0, 0x16, 0xE0, 0x64, 0xFD, 0xA2, 0x00, 0xF3,
    0xFF, 0xDD, 0x16, 0x00, 0x84, 0xF8, 0xFF, 0xE5, 0x7E, 0x99, 0xC1, 0x3C, 0x33, 0x0D, 0x9A, 0x9D,
    0x00, 0x00, 0x00, 0xAD, 0xFF, 0xFF, 0xC5, 0x00, 0xC5, 0x70, 0x42, 0x24, 0x00, 0xDB, 0x63, 0x3C,
    0x18, 0x00, 0xE3, 0xFF, 0xFF, 0x85, 0x00, 0x84, 0xF8, 0xFF, 0xF0, 0xB4, 0x99, 0xC1, 0x3C, 0x34,
    0x16, 0x9A, 0x9D, 0x00, 0x00, 0x00, 0xAD, 0xFF, 0xFF, 0xBC, 0x00, 0xC5, 0x72, 0x42, 0x22, 0x00,
    0xDB, 0x33, 0x00, 0x00, 0x00, 0xD9, 0x30, 0x00, 0x00, 0x00, 0x31, 0xDC, 0xFF, 0x9A, 0x00, 0x9C,
    0xC0, 0x72, 0xDA, 0x46, 0xC8, 0x49, 0x00, 0x0A, 0x00, 0xE4, 0x85, 0xFF, 0xCE, 0x0A, 0xDF, 0x32,
    0x7C, 0xCC, 0x00, 0xE0, 0x6F, 0xE8, 0xBD, 0x00, 0xA8, 0xFF, 0xDD, 0x99, 0x00, 0x99, 0xC9, 0x00,
    0xEE, 0xA8, 0x9C, 0x9F, 0x0F, 0xE2, 0x6F, 0xB0, 0x74, 0x43, 0xD7, 0x36, 0xC7, 0xFF, 0xFF, 0xCD,
    0x04, 0xDD, 0x63, 0xB5, 0xCC, 0x00, 0xDA, 0x2F, 0xCB, 0xB1, 0x00, 0xCF, 0x26, 0xFF, 0x8A, 0x00,
    0x90, 0xFC, 0xFF, 0xE3, 0x72, 0x05, 0x8F, 0xFD, 0x0A, 0x01, 0x00, 0xAE, 0xCD, 0x00, 0x00, 0x00,
    0xCC, 0xBE, 0x00, 0x00, 0x02, 0xCD, 0x87, 0x00, 0x00, 0x28, 0xD8, 0x5D, 0x06, 0x00, 0xEA, 0xFF,
    0xFF, 0x80, 0x00, 0x3E, 0xE1, 0xFF, 0xD9, 0x40, 0x0D, 0x34, 0xA6, 0xCE, 0x0A, 0x00, 0x00, 0xB4,
    0xCC, 0x00, 0x00, 0x00, 0xC6, 0xB6, 0x00, 0x0D, 0x04, 0xF7, 0x8E, 0x00, 0xDE, 0x7D, 0xFF, 0x61,
    0x00, 0xB8, 0xFF, 0xBF, 0x01, 0x00, 0x98, 0xBF, 0x16, 0xF4, 0xC6, 0x99, 0xAC, 0xD2, 0xCF, 0x0F,
    0xA7, 0xD7, 0xFF, 0x31, 0x00, 0xBD, 0xFF, 0xFF, 0x00, 0x00, 0xD4, 0xEC, 0xFF, 0x30, 0x00, 0xDD,
    0x3D, 0xFF, 0x84, 0x00, 0xD3, 0x2A, 0xC1, 0xCC, 0x01, 0x00, 0xB9, 0xF0, 0x00, 0x00, 0x00, 0xE8,
    0xC1, 0x00, 0x00, 0x00, 0xFF, 0xAF, 0x00, 0x00, 0x0C, 0xFF, 0x78, 0x00, 0x00, 0x43, 0xFF, 0x3F,
    0x00, 0x00, 0x7C, 0xFF, 0x46, 0x3C, 0x28, 0xB5, 0xFF, 0xFF, 0xFF, 0xBC, 0x00, 0x71, 0xD0, 0xA6,
    0xCD, 0x00, 0x93, 0xFF, 0xDF, 0xBB, 0x00, 0xB0, 0xFF, 0xFF, 0x81, 0x00, 0xC3, 0xFF, 0xDF, 0x46,
    0x00, 0xBC, 0xB6, 0xB3, 0x0F, 0x00, 0xCF, 0x1B, 0xC2, 0x00, 0x00, 0xB9, 0x00, 0xCB, 0x00, 0x99,
    0xFF, 0x00, 0xDC, 0xA8, 0x9C, 0xFF, 0x15, 0xE2, 0x6F, 0xB0, 0xFF, 0x5A, 0xD7, 0x36, 0xC7, 0xDD,
    0xA7, 0xCD, 0x04, 0xCB, 0xB1, 0xFF, 0xCC, 0x00, 0xB7, 0x94, 0xFF, 0xB1, 0x00, 0xBE, 0x61, 0xFF,
    0x8A, 0x00, 0x46, 0xE3, 0xFF, 0x82, 0x00, 0xA5, 0xC9, 0x84, 0xD8, 0x3C, 0xD8, 0x3D, 0x15, 0xE3,
    0x72, 0xE4, 0x33, 0x42, 0xDE, 0x5B, 0xDB, 0x2D, 0x87, 0xD2, 0x1F, 0xD9, 0x6A, 0xF2, 0xB1, 0x00,
    0x9B, 0xFC, 0xF1, 0x16, 0x00, 0x84, 0xF8, 0xFF, 0xC4, 0x0F, 0x99, 0xB9, 0x5E, 0xE4, 0x76, 0x9B,
    0x94, 0x60, 0xDD, 0x57, 0xAF, 0xFF, 0xFF, 0xA4, 0x00, 0xC6, 0x65, 0x1F, 0x00, 0x00, 0xDD, 0x33,
    0x00, 0x00, 0x00, 0xD9, 0x2F, 0x00, 0x00, 0x00, 0x3C, 0xE0, 0xFF, 0x81, 0x00, 0xA5, 0xC9, 0x85,
    0xD8, 0x3A, 0xD6, 0x3D, 0x15, 0xE3, 0x72, 0xE3, 0x33, 0x40, 0xDF, 0x5E, 0xDB, 0x2D, 0x85, 0xD3,
    0x21, 0xDD, 0x61, 0xF0, 0xBA, 0x00, 0xAB, 0xFF, 0xFF, 0x2B, 0x00, 0x02, 0xC9, 0xB5, 0xBC, 0x24,
    0x00, 0x3A, 0xFF, 0x91, 0x00, 0x87, 0xF9, 0xFF, 0xC0, 0x0D, 0x99, 0xB3, 0x6C, 0xE2, 0x70, 0x9C,
    0x8A, 0x58, 0xDC, 0x52, 0xB1, 0xFF, 0xFF, 0x9A, 0x00, 0xC8, 0xAE, 0xFF, 0x08, 0x00, 0xE0, 0x49,
    0xFF, 0x52, 0x00, 0xD4, 0x2C, 0xFF, 0x8E, 0x00, 0x45, 0xE3, 0xFF, 0xBC, 0x22, 0x9B, 0xC5, 0x4E,
    0x8C, 0x0C, 0xA4, 0xCD, 0x2B, 0x00, 0x00, 0x67, 0xEE, 0xFF, 0x95, 0x00, 0x00, 0x0C, 0xD4, 0xCC,
    0x00, 0xA5, 0x5D, 0xEB, 0xBA, 0x00, 0xD3, 0xFF, 0xF2, 0x2E, 0x00, 0xB9, 0xFF, 0xFF, 0xFC, 0xF2,
    0x2B, 0xAA, 0xFF, 0x38, 0x27, 0x00, 0xB0, 0xCE, 0x00, 0x00, 0x00, 0xCC, 0xBE, 0x00, 0x00, 0x02,
    0xCD, 0x85, 0x00, 0x00, 0x1F, 0xD6, 0x4E, 0x00, 0x00, 0x41, 0xE2, 0x15, 0x00, 0x00, 0x99, 0xAB,
    0x00, 0xF1, 0xB8, 0xA4, 0x7C, 0x04, 0xE5, 0x7E, 0xBB, 0x4D, 0x36, 0xD9, 0x43, 0xD3, 0x33, 0x6F,
    0xCE, 0x0C, 0xD9, 0x33, 0xAC, 0xCC, 0x00, 0xDA, 0x6D, 0xFB, 0x98, 0x00, 0xAF, 0xFF, 0xF5, 0x22,
    0x00, 0xB6, 0x75, 0x00, 0xE0, 0xF2, 0xA9, 0x88, 0x15, 0xE9, 0x90, 0x9C, 0x9A, 0x8D, 0xCF, 0x10,
    0x99, 0xAC, 0xE2, 0x9A, 0x00, 0x99, 0xB5, 0xFF, 0x44, 0x00, 0x91, 0xFC, 0xFF, 0x00, 0x00, 0x80,
    0xF7, 0xAF, 0x00, 0x00, 0xC7, 0x33, 0x00, 0x7D, 0xFF, 0xCC, 0x30, 0x00, 0xAF, 0xCD, 0xC6, 0xC9,
    0xEC, 0xC3, 0xA8, 0xB4, 0xEF, 0xE8, 0xDE, 0x58, 0xD8, 0xD3, 0xEE, 0xCF, 0x0F, 0xFB, 0xA9, 0xFF,
    0xCC, 0x00, 0xFF, 0x6B, 0xFF, 0x9E, 0x00, 0x00, 0x6E, 0xBE, 0xA0, 0xA8, 0x00, 0x52, 0xFC, 0xDC,
    0x0D, 0x00, 0x2E, 0xFF, 0xA6, 0x00, 0x00, 0x16, 0xFF, 0x66, 0x00, 0x00, 0x5B, 0xFF, 0x7D, 0x00,
    0x00, 0xB6, 0x3F, 0xCB, 0x00, 0x14, 0xE3, 0x00, 0xEE, 0x00, 0xB0, 0x7E, 0x00, 0xE8, 0xE6, 0x99,
    0xCA, 0x5A, 0xD8, 0x3A, 0x6C, 0xD6, 0xE8, 0x89, 0x00, 0x3E, 0xE1, 0xFF, 0x0E, 0x00, 0x07, 0xCE,
    0x9D, 0x00, 0x00, 0x1B, 0xD5, 0x4F, 0x00, 0x00, 0x3E, 0xE1, 0x16, 0x00, 0x00, 0x99, 0xFF, 0xFF,
    0xED, 0xA6, 0x22, 0x3B, 0xCD, 0xD9, 0x42, 0x00, 0x5A, 0xFF, 0x7E, 0x00, 0x1D, 0xD6, 0xCD, 0x00,
    0x00, 0x9D, 0xFF, 0x10, 0x00, 0x00, 0xE1, 0x93, 0x3C, 0x22, 0x00, 0xFF, 0xFF, 0xFF, 0xA4, 0x00,
    0x86, 0xFA, 0xE9, 0x4E, 0x9F, 0x71, 0x00, 0x00, 0xA0, 0x3E, 0x00, 0x00, 0xB1, 0x20, 0x00, 0x00,
    0xC5, 0x20, 0x00, 0x00, 0xBC, 0x1A, 0x00, 0x00, 0xBA, 0x18, 0x00, 0x00, 0xA9, 0x11, 0x00, 0x00,
    0xFF, 0xFF, 0x08, 0x00, 0xB1, 0xC0, 0x00, 0x00, 0x6C, 0xFB, 0x00, 0x00, 0x27, 0xFF, 0x03, 0x00,
    0x00, 0xFF, 0x37, 0x00, 0x00, 0xEE, 0x7C, 0x00, 0x00, 0xB5, 0xA1, 0x00, 0x00, 0x96, 0xDA, 0x00,
    0x00, 0x51, 0xFF, 0x00, 0x00, 0x0D, 0xBD, 0x01, 0x00, 0xA3, 0xFF, 0xFF, 0xA8, 0x00, 0x00, 0x00,
    0xFC, 0x6D, 0x00, 0x00, 0x00, 0xFF, 0x33, 0x00, 0x00, 0x1F, 0xFF, 0x04, 0x00, 0x00, 0x58, 0xFF,
    0x00, 0x00, 0x00, 0x91, 0xD9, 0x00, 0x00, 0x00, 0xA8, 0xA8, 0x00, 0x00, 0x00, 0xD7, 0x90, 0x00,
    0xC1, 0xFF, 0xFF, 0x54, 0x00, 0x00, 0x06, 0x12, 0x00, 0x00, 0x00, 0xBD, 0xFF, 0x35, 0x00, 0x51,
    0xE7, 0xF8, 0x98, 0x00, 0xA2, 0x91, 0x9F, 0xCC, 0x00, 0xCB, 0x2D, 0x24, 0xD1, 0x1B, 0x08, 0x03,
    0x00, 0x07, 0x00, 0x05, 0xFF, 0xFF, 0xFF, 0x63, 0x03, 0x3C, 0x3C, 0x3C, 0x0A, 0x18, 0x9C, 0x00,
    0x24, 0xFF, 0x3C, 0x00, 0x6F, 0x30, 0x7F, 0xF5, 0xBE, 0xCF, 0x0D, 0xD1, 0x6D, 0xBF, 0xCC, 0x00,
    0xD9, 0x2F, 0xC4, 0xB4, 0x00, 0xE8, 0x81, 0xFF, 0x9A, 0x00, 0xC7, 0xD0, 0xD4, 0xCC, 0x00, 0x97,
    0xB9, 0x00, 0x00, 0x00, 0x99, 0xA5, 0x00, 0x00, 0x00, 0xA9, 0xC0, 0xFF, 0x9C, 0x00, 0xC1, 0xAB,
    0xAE, 0xCE, 0x09, 0xD9, 0x33, 0x88, 0xCD, 0x03, 0xE2, 0x52, 0xE7, 0xC0, 0x00, 0xDA, 0xF5, 0xFF,
    0x37, 0x00, 0x00, 0x90, 0xFF, 0xFF, 0x9C, 0x39, 0xFF, 0x8E, 0x90, 0x94, 0x9D, 0xFF, 0x00, 0x01,
    0x01, 0x9A, 0xFF, 0x40, 0xB5, 0xAD, 0x18, 0xF1, 0xFF, 0xEC, 0x22, 0x00, 0x00, 0x00, 0xF0, 0xB2,
    0x00, 0x00, 0x09, 0xE3, 0x75, 0x79, 0xF3, 0xB2, 0xD7, 0x39, 0xCF, 0x71, 0xA5, 0xCD, 0x06, 0xDA,
    0x30, 0xA2, 0xCC, 0x00, 0xE7, 0x68, 0xFF, 0xAC, 0x00, 0xC3, 0xF7, 0xFF, 0x84, 0x00, 0x00, 0x84,
    0xFF, 0xFF, 0xAA, 0x3A, 0xFF, 0x57, 0xB4, 0xFF, 0xA2, 0xFF, 0xFA, 0xDE, 0x54, 0x9F, 0xFF, 0x2D,
    0xA2, 0xAF, 0x18, 0xF0, 0xFF, 0xFD, 0x36, 0x00, 0x00, 0x16, 0xFF, 0xFD, 0x00, 0x00, 0x85, 0x78,
    0x15, 0x00, 0x68, 0xFF, 0xFF, 0xB2, 0x00, 0x0D, 0xE2, 0x64, 0x0A, 0x00, 0x00, 0xFF, 0x47, 0x00,
    0x00, 0x02, 0xFF, 0x2F, 0x00, 0x00, 0x40, 0xFF, 0x17, 0x00, 0x1B, 0xE2, 0xFF, 0x02, 0x00, 0x00,
    0xBE, 0xA7, 0x00, 0x00, 0x7C, 0xF4, 0xB1, 0xD8, 0x3A, 0xCD, 0x7B, 0xA0, 0xCD, 0x07, 0xDD, 0x32,
    0xB5, 0xCC, 0x00, 0xE4, 0x6B, 0xFF, 0xB0, 0x00, 0xBC, 0xED, 0xFF, 0x85, 0x00, 0x4B, 0x58, 0xFF,
    0x46, 0x00, 0xDC, 0xFF, 0xB8, 0x00, 0x00, 0x00, 0xF1, 0xB2, 0x00, 0x00, 0x00, 0xFF, 0x9C, 0x00,
    0x00, 0x19, 0xFF, 0xB1, 0xFF, 0xC1, 0x57, 0xFF, 0x9C, 0xB5, 0xFF, 0x94, 0xFF, 0x03, 0xB4, 0xFF,
    0xAD, 0xF5, 0x00, 0xCA, 0xDA, 0xE1, 0xC3, 0x00, 0xFD, 0xA8, 0x00, 0x00, 0x5A, 0xA2, 0x00, 0x00,
    0x00, 0xB7, 0xF2, 0x00, 0x00, 0x00, 0x00, 0x00, 0x00, 0x73, 0xFF, 0xFF, 0xA2, 0x00, 0x0A, 0x34,
    0xFF, 0x5E, 0x00, 0x00, 0x5B, 0xFF, 0x21, 0x3D, 0x00, 0x97, 0xFF, 0xC5, 0xDC, 0x00, 0x5A, 0xFF,
    0xE2, 0x12, 0x00, 0x00, 0x00, 0x90, 0x6C, 0x00, 0x00, 0x00, 0xFF, 0xA2, 0x00, 0x00, 0x00, 0x00,
    0x00, 0x00, 0xFF, 0xFF, 0xFF, 0x52, 0x00, 0x19, 0x79, 0xFF, 0x18, 0x00, 0x00, 0x9D, 0xFF, 0x00,
    0x00, 0x00, 0xB5, 0xF0, 0x00, 0x60, 0x1C, 0xE7, 0xBE, 0x00, 0xE3, 0xD4, 0xFF, 0x9F, 0x00, 0x2D,
    0xFF, 0xFF, 0x1F, 0x00, 0x91, 0xBF, 0x00, 0x00, 0x00, 0x99, 0xAE, 0x00, 0x00, 0x00, 0xA3, 0xB9,
    0xFF, 0xB2, 0x00, 0xBC, 0xA5, 0xB1, 0xCC, 0x00, 0xD4, 0xA4, 0xE7, 0x50, 0x00, 0xD8, 0xEB, 0xCB,
    0x8F, 0x1B, 0xCF, 0x7B, 0xFF, 0x95, 0x03, 0x31, 0xFF, 0xFF, 0xAF, 0x00, 0x06, 0x1E, 0xFF, 0x8E,
    0x00, 0x00, 0x27, 0xFF, 0x4B, 0x00, 0x00, 0x6C, 0xFF, 0x0C, 0x00, 0x00, 0xB1, 0xFF, 0x1B, 0x1B,
    0x00, 0xC8, 0xE7, 0xFB, 0xA9, 0x00, 0xAC, 0xFF, 0xAF, 0x01, 0x00, 0xC4, 0xFF, 0xE1, 0x48, 0x00,
    0xB4, 0xE1, 0xDD, 0x69, 0x00, 0xBE, 0xFF, 0xBC, 0x30, 0x00, 0xB6, 0xFF, 0xB3, 0x01, 0x0A, 0xB4,
    0xFF, 0xBF, 0x00, 0x1E, 0xFF, 0xB5, 0xFF, 0xC1, 0x5B, 0xFF, 0x7E, 0xA0, 0xFF, 0x97, 0xFF, 0x01,
    0xB7, 0xFF, 0xB0, 0xF3, 0x00, 0xCB, 0xDA, 0xE1, 0xC1, 0x00, 0xFF, 0xA8, 0x00, 0xB4, 0xFF, 0xFF,
    0x88, 0x6A, 0xFF, 0x4B, 0xBB, 0xFF, 0xAC, 0xFA, 0x00, 0x93, 0xFF, 0xA6, 0xFF, 0x24, 0xEC, 0xD8,
    0x28, 0xFB, 0xFF, 0xE8, 0x28, 0x00, 0x7F, 0xB5, 0xDB, 0x00, 0x00, 0xA2, 0x76, 0xD5, 0x09, 0x00,
    0xC6, 0x00, 0xD1, 0x03, 0x00, 0xD3, 0x28, 0xEA, 0x00, 0x00, 0xDE, 0xFF, 0x8F, 0x00, 0x00, 0xD9,
    0x00, 0x00, 0x00, 0x0A, 0xC3, 0x00, 0x00, 0x00, 0x79, 0xF3, 0xB6, 0xD6, 0x34, 0xCF, 0x71, 0xA5,
    0xCD, 0x04, 0xDA, 0x30, 0xA2, 0xCC, 0x00, 0xE7, 0x68, 0xFF, 0xAD, 0x00, 0xC3, 0xE1, 0xFF, 0x86,
    0x00, 0x00, 0x00, 0xFF, 0x71, 0x00, 0x00, 0x1F, 0xFF, 0x42, 0x00, 0xA1, 0xFF, 0xA3, 0xE2, 0x6D,
    0x32, 0xDC, 0xCF, 0x7F, 0x19, 0x45, 0xE3, 0x19, 0x00, 0x00, 0x69, 0xEF, 0x00, 0x00, 0x00, 0x75,
    0xDB, 0x00, 0x00, 0x00, 0x00, 0xBA, 0xFF, 0xFF, 0xBA, 0x0F, 0xFF, 0x9F, 0x2A, 0x37, 0x00, 0xD0,
    0xFF, 0xFF, 0x60, 0x21, 0x60, 0x1B, 0xFF, 0xAA, 0x72, 0xFF, 0xFF, 0xF6, 0x30, 0x00, 0xC6, 0xAB,
    0x00, 0x00, 0x0B, 0xD0, 0x78, 0x00, 0x00, 0xCE, 0xFF, 0xFF, 0xCD, 0x03, 0x5B, 0xE9, 0x24, 0x14,
    0x00, 0x6D, 0xF0, 0x01, 0x19, 0x00, 0x74, 0xE7, 0xD8, 0xA2, 0x00, 0x5C, 0xEB, 0xCA, 0x0D, 0x00,
    0xAF, 0x6A, 0x55, 0xD3, 0x22, 0xC7, 0x3D, 0x91, 0xCC, 0x00, 0xDE, 0x33, 0xB1, 0xC6, 0x00, 0xDE,
    0x66, 0xFF, 0x9E, 0x00, 0xC3, 0xEB, 0xFF, 0x8E, 0x00, 0x00, 0x00, 0x00, 0x00, 0x06, 0xBA, 0xFF,
    0xA0, 0xA6, 0xF5, 0x13, 0xFF, 0x87, 0x91, 0xFF, 0x1E, 0xFF, 0x4E, 0xA3, 0xFF, 0x51, 0xFF, 0x67,
    0xFF, 0x85, 0x24, 0xFF, 0xFF, 0x96, 0x00, 0x00, 0x00, 0x00, 0x02, 0x00, 0xBB, 0xBA, 0xAC, 0xD2,
    0x1F, 0xB6, 0xDB, 0x72, 0xDA, 0x46, 0xA1, 0xE4, 0x3D, 0xD1, 0x19, 0xC2, 0xEB, 0xA9, 0xC1, 0x00,
    0xED, 0xDD, 0xFF, 0x36, 0x00, 0x00, 0x7F, 0xFF, 0xD4, 0x51, 0x00, 0x8D, 0xFF, 0xAE, 0x78, 0x00,
    0x00, 0xFF, 0x35, 0x00, 0x05, 0xC0, 0xFF, 0xB5, 0x09, 0x00, 0xF7, 0xBB, 0xC7, 0x00, 0xAE, 0x6B,
    0x55, 0xD3, 0x22, 0xC5, 0x3F, 0x91, 0xCC, 0x00, 0xDB, 0x33, 0xB1, 0xC8, 0x00, 0xDC, 0x65, 0xFF,
    0xA0, 0x00, 0xBE, 0xDC, 0xFF, 0x8C, 0x00, 0x4C, 0x67, 0xFF, 0x35, 0x00, 0xE3, 0xFF, 0xA5, 0x00,
    0x00, 0xA1, 0xFF, 0xA2, 0xD7, 0x39, 0x98, 0x6B, 0xFF, 0x9E, 0x03, 0x26, 0xD9, 0xB8, 0x24, 0x00,
    0xC2, 0xD1, 0x5A, 0xCC, 0x00, 0xC9, 0xD8, 0xFF, 0x99, 0x00, 0x00, 0x49, 0xFF, 0xDF, 0x5E, 0x00,
    0x92, 0xB8, 0x00, 0x00, 0x00, 0x82, 0xE3, 0x00, 0x00, 0x00, 0x4B, 0xFF, 0x00, 0x00, 0x9E, 0xFF,
    0x72, 0x00, 0x00, 0x00, 0x8C, 0xBA, 0x00, 0x00, 0x18, 0xD4, 0x3D, 0x00, 0x00, 0x6D, 0xBC, 0x00,
    0x00, 0x00, 0x5A, 0xEA, 0xFF, 0x13, 0x00, 0x00, 0x43, 0xFF, 0x00, 0x00, 0x7F, 0xF8, 0x00, 0x00,
    0xBB, 0xC5, 0x00, 0x00, 0xCF, 0xB1, 0x00, 0x00, 0xFF, 0x73, 0x00, 0x01, 0xFF, 0x37, 0x00, 0x2E,
    0xFF, 0x04, 0x00, 0x6C, 0xFF, 0x00, 0x00, 0x4C, 0x88, 0x00, 0x00, 0x00, 0xB7, 0xFF, 0xFF, 0x10,
    0x00, 0x00, 0x15, 0xFF, 0x10, 0x00, 0x00, 0xB1, 0xBC, 0x00, 0x00, 0x0D, 0xFF, 0x27, 0x00, 0x00,
    0x04, 0xD8, 0xFF, 0xAD, 0x00, 0x7C, 0xF6, 0x0A, 0x00, 0x00, 0x3C, 0xFF, 0x0F, 0x00, 0x00, 0x00,
    0xFF, 0x33, 0x00, 0xD2, 0xFF, 0xE4, 0x00, 0x00, 0xB3, 0xFF, 0x3A, 0xC2, 0x30, 0xA7, 0xB9, 0xFF,
    0xB2, 0x00, 0x01, 0x01, 0x2B, 0x02, 0x00, 0x00, 0x01, 0x04, 0x00, 0xFB, 0xED, 0x00, 0xAA, 0x82,
    0x00, 0x40, 0x00, 0x00, 0xFF, 0x00, 0x4C, 0xFF, 0x07, 0xB5, 0xFF, 0x03, 0xCB, 0xFF, 0x00, 0x00,
    0x00, 0x45, 0xFF, 0x00, 0x00, 0x9A, 0xFF, 0xFF, 0xB7, 0x3C, 0xFF, 0xC5, 0xB0, 0x93, 0xA2, 0xFF,
    0xB7, 0x64, 0x00, 0x9D, 0xFF, 0xF2, 0xA0, 0xAB, 0x1B, 0xFB, 0xFF, 0xF3, 0x33, 0x00, 0x36, 0xFF,
    0x00, 0x00, 0x16, 0xBF, 0xFF, 0xC8, 0x21, 0x76, 0xF1, 0x66, 0xB5, 0x3F, 0x94, 0xB3, 0x00, 0x00,
    0x00, 0xDF, 0xFF, 0xFF, 0x16, 0x00, 0x7E, 0xBC, 0x00, 0x70, 0x03, 0xD3, 0xFD, 0xAE, 0xD8, 0x3C,
    0xBC, 0xB9, 0xFF, 0xD0, 0x16, 0x72, 0x3C, 0x00, 0x92, 0x4E, 0x8F, 0xFC, 0xFF, 0xD1, 0x19, 0xA3,
    0xA2, 0xA6, 0xCC, 0x00, 0xC5, 0x3D, 0x82, 0xCC, 0x00, 0xC1, 0x59, 0xDA, 0xB5, 0x00, 0xC8, 0xFF,
    0xFF, 0x82, 0x00, 0x84, 0x15, 0x7B, 0x6E, 0x00, 0xB6, 0x61, 0x00, 0xD4, 0xFA, 0x99, 0xA9, 0x3F,
    0xDE, 0x5A, 0x79, 0xC8, 0xD7, 0xAE, 0x00, 0x51, 0xE7, 0xFF, 0x2E, 0x00, 0xD2, 0xFF, 0xFF, 0xCC,
    0x00, 0x43, 0xDD, 0x7F, 0x26, 0x00, 0xF8, 0xFF, 0xFF, 0x8C, 0x00, 0x00, 0x43, 0xFF, 0x00, 0x00,
    0x81, 0xFA, 0x00, 0x00, 0xBE, 0xC8, 0x00, 0x00, 0x5E, 0x4F, 0x00, 0x00, 0x00, 0x00, 0x00, 0x04,
    0xFF, 0x33, 0x00, 0x36, 0xFF, 0x03, 0x00, 0x72, 0xFF, 0x00, 0x00, 0x3F, 0x6D, 0x00, 0x00, 0x00,
    0x70, 0xFF, 0xFF, 0xC9, 0x00, 0xF7, 0xB8, 0x16, 0x54, 0x00, 0xA7, 0xFF, 0xC8, 0x3C, 0x3F, 0xDA,
    0x60, 0xE8, 0xFA, 0xA6, 0xFF, 0x8D, 0xA1, 0x9D, 0x0C, 0xB5, 0xFF, 0xFF, 0x07, 0x2A, 0x46, 0x36,
    0xFF, 0x2B, 0x85, 0xFF, 0xFF, 0xB0, 0x00, 0x06, 0x07, 0x07, 0x06, 0xE1, 0xC3, 0xEC, 0xB4, 0x3D,
    0x22, 0x40, 0x1E, 0x26, 0x92, 0xA5, 0x57, 0x00, 0x78, 0x22, 0x00, 0x98, 0x3D, 0x67, 0xD1, 0xFF,
    0x56, 0xB1, 0xC0, 0xB4, 0x51, 0x42, 0xB4, 0xDA, 0x90, 0x61, 0x70, 0x67, 0xBA, 0xF1, 0xEE, 0x94,
    0x00, 0x6E, 0xAA, 0xB5, 0x0A, 0x00, 0x16, 0xF1, 0xFF, 0x64, 0x00, 0x39, 0xAE, 0xBA, 0x54, 0xC3,
    0xFA, 0x8B, 0xAC, 0xE2, 0xEE, 0x55, 0x0D, 0x83, 0x04, 0x8A, 0x01, 0xAD, 0xC9, 0xEB, 0xB6, 0x07,
    0xDB, 0x86, 0xFF, 0x0A, 0x00, 0xB1, 0x9D, 0xFF, 0x8E, 0x00, 0x28, 0x2D, 0x1F, 0x3D, 0x00, 0x7E,
    0xFF, 0xFF, 0xFF, 0xF3, 0x16, 0x36, 0x36, 0xA5, 0xD0, 0x00, 0x00, 0x00, 0xB9, 0xA0, 0x00, 0x00,
    0x00, 0x22, 0x15, 0x10, 0x1E, 0x1E, 0x09, 0xCB, 0xFF, 0xFF, 0x54, 0x45, 0x60, 0x60, 0x0C, 0x0D,
    0x8B, 0x94, 0x24, 0x99, 0xA9, 0xA3, 0xAC, 0xAE, 0xBA, 0xBA, 0x90, 0x2E, 0x93, 0x8A, 0x07, 0xA8,
    0xFF, 0xFF, 0x6D, 0x12, 0xD9, 0xFF, 0x70, 0xAE, 0xA8, 0x4B, 0xF5, 0xAB, 0xAF, 0x6F, 0xD7, 0x36,
    0xFF, 0xFA, 0x37, 0x00, 0x6E, 0xF8, 0x00, 0x00, 0x00, 0x93, 0xD2, 0x00, 0x00, 0xB6, 0xFF, 0xFF,
    0xD2, 0x1F, 0x26, 0xD7, 0xA3, 0x2A, 0x00, 0x1E, 0x93, 0x42, 0x12, 0x00, 0xF7, 0xFF, 0xFF, 0x8C,
    0x00, 0x04, 0xD4, 0xFF, 0x61, 0x00, 0x3A, 0xCE, 0x3A, 0x6A, 0xFF, 0xE8, 0x22, 0x00, 0xC0, 0xFA,
    0x5E, 0x00, 0x72, 0xFF, 0x2A, 0x40, 0xE1, 0xFD, 0x24, 0x0C, 0xA0, 0x07, 0xB7, 0xEC, 0x04, 0x7F,
    0x1F, 0x00, 0x00, 0x77, 0x58, 0xB6, 0x2E, 0x00, 0x9B, 0x1E, 0xCE, 0x01, 0x00, 0xBF, 0x00, 0xD9,
    0x00, 0x00, 0xCD, 0x16, 0xE3, 0x00, 0x00, 0xEB, 0xF8, 0xD8, 0x00, 0x00, 0xCF, 0x00, 0x00, 0x00,
    0x06, 0xC8, 0x00, 0x00, 0x00, 0x55, 0xE8, 0xFF, 0xF5, 0xCB, 0xAF, 0xFF, 0xFF, 0xBF, 0xB8, 0xCC,
    0xFF, 0xCB, 0xD2, 0x7C, 0xAB, 0xFF, 0xB8, 0xD9, 0x40, 0x18, 0xD4, 0x8B, 0xCE, 0x09, 0x00, 0xCC,
    0x8A, 0xCC, 0x00, 0x09, 0xCF, 0x8E, 0xB2, 0x00, 0x2C, 0xDB, 0xA1, 0x8A, 0x00, 0x04, 0x13, 0x10,
    0x0A, 0x00, 0x0A, 0xE6, 0xA2, 0x24, 0xFF, 0xA0, 0x00, 0x93, 0x07, 0x01, 0xB4, 0xA8, 0x52, 0xE3,
    0xAB, 0x00, 0xBE, 0xFF, 0x00, 0x00, 0x3D, 0xE4, 0x00, 0x19, 0xF3, 0xFF, 0x25, 0x12, 0xDF, 0xFF,
    0x85, 0x9C, 0xB2, 0x52, 0xE3, 0xA3, 0x9F, 0x88, 0xBE, 0x4C, 0xFF, 0xF6, 0x33, 0x13, 0x97, 0x01,
    0xA6, 0x03, 0x22, 0xFF, 0xA2, 0xFF, 0xBC, 0x00, 0xC1, 0xCF, 0xA0, 0xFF, 0xA8, 0xFF, 0xA8, 0xFF,
    0x6A, 0x5A, 0x15, 0x3F, 0x30, 0x00, 0x00, 0x11, 0x2B, 0x00, 0x4E, 0x00, 0x7D, 0xA3, 0x61, 0xAA,
    0x00, 0x44, 0x66, 0xAB, 0x06, 0x00, 0xA7, 0xAC, 0x52, 0x00, 0x00, 0x2F, 0x51, 0xBF, 0x00, 0x00,
    0x83, 0x2E, 0xD9, 0x00, 0x02, 0xAD, 0x88, 0xEE, 0x0D, 0x1B, 0x3C, 0x00, 0x3B, 0x00, 0x00, 0x53,
    0x82, 0x13, 0xB5, 0x00, 0x61, 0x91, 0x7A, 0x78, 0x00, 0x46, 0x5E, 0xAC, 0x00, 0x00, 0xAC, 0xF0,
    0xFA, 0x0C, 0x00, 0x73, 0x22, 0xAD, 0x28, 0x00, 0xA8, 0x15, 0xAF, 0x00, 0x22, 0x7D, 0x85, 0xCF,
    0x00, 0x00, 0x56, 0xCE, 0x33, 0xB1, 0x00, 0x3A, 0xE7, 0xA4, 0x16, 0x00, 0x88, 0xA7, 0x45, 0x00,
    0x00, 0x36, 0x57, 0xC5, 0x00, 0x00, 0x86, 0x2E, 0xD9, 0x00, 0x02, 0xAD, 0x88, 0xEE, 0x0D, 0x1D,
    0x3C, 0x00, 0x3B, 0x00, 0x00, 0x00, 0xB1, 0xFF, 0x00, 0x00, 0x00, 0xB8, 0xAA, 0x00, 0x00, 0x00,
    0x24, 0x19, 0x00, 0x00, 0x70, 0xFF, 0xB2, 0x00, 0xB1, 0xFF, 0x9F, 0x2D, 0x00, 0xDF, 0xFF, 0x63,
    0xD5, 0x36, 0x64, 0xFF, 0xFF, 0xBF, 0x06, 0x00, 0x00, 0x00, 0x14, 0x00, 0x00, 0x00, 0x55, 0xC1,
    0x00, 0x00, 0x00, 0x15, 0xDE, 0x00, 0x00, 0x00, 0x00, 0x00, 0x00, 0x00, 0x00, 0x7A, 0xFE, 0x7E,
    0x00, 0x06, 0x9E, 0xFF, 0xA3, 0x00, 0x12, 0xC9, 0xE6, 0xA7, 0x00, 0x22, 0xBF, 0xC7, 0xC6, 0x00,
    0x8F, 0xFF, 0xFF, 0xE6, 0x00, 0xE7, 0x80, 0xAF, 0xFF, 0x24, 0xEE, 0x2C, 0x9A, 0xFF, 0x00, 0x00,
    0x00, 0x11, 0x03, 0x00, 0x00, 0x00, 0xB9, 0xAB, 0x00, 0x00, 0x0E, 0xE0, 0x15, 0x00, 0x00, 0x00,
    0x00, 0x00, 0x00, 0x00, 0x7A, 0xFE, 0x7E, 0x00, 0x06, 0x9E, 0xFF, 0xA3, 0x00, 0x12, 0xC9, 0xE6,
    0xA7, 0x00, 0x22, 0xBF, 0xC7, 0xC6, 0x00, 0x8F, 0xFF, 0xFF, 0xE6, 0x00, 0xE7, 0x80, 0xAF, 0xFF,
    0x24, 0xEE, 0x2C, 0x9A, 0xFF, 0x00, 0x00, 0x43, 0xA2, 0x00, 0x00, 0x08, 0xED, 0xC2, 0x10, 0x00,
    0x00, 0x00, 0x00, 0x00, 0x00, 0x00, 0xF3, 0xB2, 0x00, 0x00, 0x18, 0xFF, 0xC8, 0x00, 0x00, 0x46,
    0xE1, 0xC0, 0x00, 0x00, 0x6B, 0x7F, 0xCA, 0x00, 0x00, 0xB4, 0xFF, 0xF0, 0x00, 0x00, 0xDB, 0x3C,
    0xE4, 0x00, 0x29, 0xBC, 0x00, 0xDD, 0x00, 0x00, 0x04, 0xF5, 0xC7, 0x0D, 0x00, 0x01, 0xA7, 0xF9,
    0x18, 0x00, 0x00, 0x00, 0x00, 0x00, 0x00, 0x00, 0xF3, 0xB2, 0x00, 0x00, 0x18, 0xFF, 0xC8, 0x00,
    0x00, 0x46, 0xE1, 0xC0, 0x00, 0x00, 0x6B, 0x7F, 0xCA, 0x00, 0x00, 0xB4, 0xFF, 0xF0, 0x00, 0x00,
    0xDB, 0x3C, 0xE4, 0x00, 0x29, 0xBC, 0x00, 0xDD, 0x00, 0x00, 0x00, 0x7C, 0x54, 0x0D, 0x00, 0x11,
    0xFF, 0xCB, 0x37, 0x00, 0x00, 0x00, 0x00, 0x00, 0x00, 0x00, 0xF3, 0xB2, 0x00, 0x00, 0x18, 0xFF,
    0xC8, 0x00, 0x00, 0x46, 0xE1, 0xC0, 0x00, 0x00, 0x6B, 0x7F, 0xCA, 0x00, 0x00, 0xB4, 0xFF, 0xF0,
    0x00, 0x00, 0xDB, 0x3C, 0xE4, 0x00, 0x29, 0xBC, 0x00, 0xDD, 0x00, 0x00, 0x00, 0x1A, 0xB7, 0x7E,
    0x00, 0x00, 0x6F, 0x62, 0xFF, 0x00, 0x00, 0x5D, 0xEF, 0xA9, 0x00, 0x00, 0x00, 0x00, 0x00, 0x00,
    0x00, 0x7A, 0xFE, 0x7E, 0x00, 0x06, 0x9E, 0xFF, 0xA3, 0x00, 0x12, 0xC9, 0xE6, 0xA7, 0x00, 0x22,
    0xBF, 0xC7, 0xC6, 0x00, 0x8F, 0xFF, 0xFF, 0xE6, 0x00, 0xE7, 0x80, 0xAF, 0xFF, 0x24, 0xEE, 0x2C,
    0x9A, 0xFF, 0x00, 0x00, 0xF4, 0xFF, 0x2A, 0x00, 0x18, 0xF5, 0x84, 0x00, 0x00, 0x74, 0xF3, 0x74,
    0x00, 0x00, 0xB0, 0xCA, 0xE6, 0x00, 0x00, 0xC3, 0xFF, 0x36, 0x00, 0x00, 0xD5, 0xC7, 0x0F, 0x00,
    0x00, 0xBD, 0xD0, 0xCB, 0x00, 0x28, 0xD9, 0xFF, 0xB0, 0x09, 0x9A, 0xD0, 0x55, 0xE5, 0x7E, 0xC3,
    0x58, 0x00, 0x23, 0x01, 0xDE, 0x33, 0x00, 0x00, 0x00, 0xDB, 0x33, 0x1B, 0x35, 0x00, 0xD1, 0x8D,
    0xD8, 0xC6, 0x00, 0x7D, 0xF4, 0xF1, 0x29, 0x00, 0x02, 0x99, 0xA0, 0x00, 0x00, 0x3D, 0xC7, 0x97,
    0x00, 0x00, 0x00, 0x00, 0x16, 0x00, 0x00, 0x00, 0x81, 0xCA, 0x00, 0x00, 0x00, 0x1B, 0xF6, 0x01,
    0x00, 0x00, 0x00, 0x00, 0x00, 0x00, 0x84, 0xF8, 0xFF, 0xE5, 0x7E, 0x99, 0xC1, 0x3C, 0x33, 0x0D,
    0x9A, 0x9D, 0x00, 0x00, 0x00, 0xAD, 0xFF, 0xFF, 0xC5, 0x00, 0xC5, 0x70, 0x42, 0x24, 0x00, 0xDB,
    0x63, 0x3C, 0x18, 0x00, 0xE3, 0xFF, 0xFF, 0x85, 0x00, 0x00, 0x00, 0x12, 0x03, 0x00, 0x00, 0x00,
    0xC5, 0x8E, 0x00, 0x00, 0x12, 0xF8, 0x14, 0x00, 0x00, 0x00, 0x00, 0x00, 0x00, 0x84, 0xF8, 0xFF,
    0xE5, 0x7E, 0x99, 0xC1, 0x3C, 0x33, 0x0D, 0x9A, 0x9D, 0x00, 0x00, 0x00, 0xAD, 0xFF, 0xFF, 0xC5,
    0x00, 0xC5, 0x70, 0x42, 0x24, 0x00, 0xDB, 0x63, 0x3C, 0x18, 0x00, 0xE3, 0xFF, 0xFF, 0x85, 0x00,
    0x00, 0x30, 0xD3, 0x6C, 0x00, 0x0A, 0xC0, 0x79, 0xC8, 0x13, 0x00, 0x00, 0x00, 0x00, 0x00, 0x84,
    0xF8, 0xFF, 0xE5, 0x7E, 0x99, 0xC1, 0x3C, 0x33, 0x0D, 0x9A, 0x9D, 0x00, 0x00, 0x00, 0xAD, 0xFF,
    0xFF, 0xC5, 0x00, 0xC5, 0x70, 0x42, 0x24, 0x00, 0xDB, 0x63, 0x3C, 0x18, 0x00, 0xE3, 0xFF, 0xFF,
    0x85, 0x00, 0x00, 0x62, 0x18, 0x68, 0x10, 0x14, 0xD3, 0x7C, 0xD9, 0x40, 0x00, 0x00, 0x00, 0x00,
    0x00, 0x84, 0xF8, 0xFF, 0xE5, 0x7E, 0x99, 0xC1, 0x3C, 0x33, 0x0D, 0x9A, 0x9D, 0x00, 0x00, 0x00,
    0xAD, 0xFF, 0xFF, 0xC5, 0x00, 0xC5, 0x70, 0x42, 0x24, 0x00, 0xDB, 0x63, 0x3C, 0x18, 0x00, 0xE3,
    0xFF, 0xFF, 0x85, 0x00, 0x00, 0x00, 0x16, 0x00, 0x00, 0x00, 0x96, 0xCE, 0x00, 0x00, 0x00, 0x1A,
    0xF6, 0x01, 0x00, 0x00, 0x00, 0x00, 0x00, 0x00, 0x90, 0xFC, 0xFF, 0xE3, 0x72, 0x05, 0x8F, 0xFD,
    0x0A, 0x01, 0x00, 0xAE, 0xCD, 0x00, 0x00, 0x00, 0xCC, 0xBE, 0x00, 0x00, 0x02, 0xCD, 0x87, 0x00,
    0x00, 0x28, 0xD8, 0x5D, 0x06, 0x00, 0xEA, 0xFF, 0xFF, 0x80, 0x00, 0x00, 0x00, 0x12, 0x03, 0x00,
    0x00, 0x00, 0xC3, 0x92, 0x00, 0x00, 0x11, 0xF8, 0x16, 0x00, 0x00, 0x00, 0x00, 0x00, 0x00, 0x90,
    0xFC, 0xFF, 0xE3, 0x72, 0x05, 0x8F, 0xFD, 0x0A, 0x01, 0x00, 0xAE, 0xCD, 0x00, 0x00, 0x00, 0xCC,
    0xBE, 0x00, 0x00, 0x02, 0xCD, 0x87, 0x00, 0x00, 0x28, 0xD8, 0x5D, 0x06, 0x00, 0xEA, 0xFF, 0xFF,
    0x80, 0x00, 0x00, 0x30, 0xD3, 0x6F, 0x00, 0x0A, 0xC1, 0x79, 0xC8, 0x16, 0x00, 0x00, 0x00, 0x00,
    0x00, 0x90, 0xFC, 0xFF, 0xE3, 0x72, 0x05, 0x8F, 0xFD, 0x0A, 0x01, 0x00, 0xAE, 0xCD, 0x00, 0x00,
    0x00, 0xCC, 0xBE, 0x00, 0x00, 0x02, 0xCD, 0x87, 0x00, 0x00, 0x28, 0xD8, 0x5D, 0x06, 0x00, 0xEA,
    0xFF, 0xFF, 0x80, 0x00, 0x00, 0x61, 0x18, 0x67, 0x13, 0x11, 0xD2, 0x7C, 0xD9, 0x43, 0x00, 0x00,
    0x00, 0x00, 0x00, 0x90, 0xFC, 0xFF, 0xE3, 0x72, 0x05, 0x8F, 0xFD, 0x0A, 0x01, 0x00, 0xAE, 0xCD,
    0x00, 0x00, 0x00, 0xCC, 0xBE, 0x00, 0x00, 0x02, 0xCD, 0x87, 0x00, 0x00, 0x28, 0xD8, 0x5D, 0x06,
    0x00, 0xEA, 0xFF, 0xFF, 0x80, 0x00, 0x97, 0xFE, 0xFF, 0x90, 0x00, 0x99, 0xB7, 0x88, 0xD5, 0x2E,
    0xA1, 0x7D, 0x1B, 0xE0, 0x64, 0xF1, 0xFF, 0x6C, 0xDB, 0x4B, 0xDB, 0x59, 0x8B, 0xD0, 0x16, 0xDE,
    0x64, 0xFD, 0xA2, 0x00, 0xF2, 0xFF, 0xDD, 0x16, 0x00, 0x04, 0xBF, 0xFC, 0x89, 0x13, 0x00, 0x82,
    0xEB, 0xD2, 0x1E, 0x00, 0x00, 0x00, 0x00, 0x00, 0x99, 0xFF, 0x00, 0xDC, 0xA8, 0x9C, 0xFF, 0x15,
    0xE2, 0x6F, 0xB0, 0xFF, 0x5A, 0xD7, 0x36, 0xC7, 0xDD, 0xA7, 0xCD, 0x04, 0xCB, 0xB1, 0xFF, 0xCC,
    0x00, 0xB7, 0x94, 0xFF, 0xB1, 0x00, 0xBE, 0x61, 0xFF, 0x8A, 0x00, 0x00, 0x03, 0x13, 0x00, 0x00,
    0x00, 0xA4, 0xA1, 0x00, 0x00, 0x00, 0x38, 0xDA, 0x00, 0x00, 0x00, 0x00, 0x00, 0x00, 0x00, 0x46,
    0xE3, 0xFF, 0x82, 0x00, 0xA5, 0xC9, 0x84, 0xD8, 0x3C, 0xD8, 0x3D, 0x15, 0xE3, 0x72, 0xE4, 0x33,
    0x42, 0xDE, 0x5B, 0xDB, 0x2D, 0x87, 0xD2, 0x1F, 0xD9, 0x6A, 0xF2, 0xB1, 0x00, 0x9B, 0xFC, 0xF1,
    0x16, 0x00, 0x00, 0x00, 0x16, 0x00, 0x00, 0x00, 0x00, 0xEE, 0x82, 0x00, 0x00, 0x2E, 0xE8, 0x06,
    0x00, 0x00, 0x00, 0x00, 0x00, 0x00, 0x46, 0xE3, 0xFF, 0x82, 0x00, 0xA5, 0xC9, 0x84, 0xD8, 0x3C,
    0xD8, 0x3D, 0x15, 0xE3, 0x72, 0xE4, 0x33, 0x42, 0xDE, 0x5B, 0xDB, 0x2D, 0x87, 0xD2, 0x1F, 0xD9,
    0x6A, 0xF2, 0xB1, 0x00, 0x9B, 0xFC, 0xF1, 0x16, 0x00, 0x00, 0x59, 0xEE, 0x5E, 0x00, 0x1A, 0xC6,
    0x6D, 0xBE, 0x04, 0x00, 0x00, 0x00, 0x00, 0x00, 0x46, 0xE3, 0xFF, 0x82, 0x00, 0xA5, 0xC9, 0x84,
    0xD8, 0x3C, 0xD8, 0x3D, 0x15, 0xE3, 0x72, 0xE4, 0x33, 0x42, 0xDE, 0x5B, 0xDB, 0x2D, 0x87, 0xD2,
    0x1F, 0xD9, 0x6A, 0xF2, 0xB1, 0x00, 0x9B, 0xFC, 0xF1, 0x16, 0x00, 0x10, 0xD1, 0xE6, 0x81, 0x01,
    0x0B, 0x8D, 0xFF, 0xC3, 0x09, 0x00, 0x00, 0x00, 0x00, 0x00, 0x46, 0xE3, 0xFF, 0x82, 0x00, 0xA5,
    0xC9, 0x84, 0xD8, 0x3C, 0xD8, 0x3D, 0x15, 0xE3, 0x72, 0xE4, 0x33, 0x42, 0xDE, 0x5B, 0xDB, 0x2D,
    0x87, 0xD2, 0x1F, 0xD9, 0x6A, 0xF2, 0xB1, 0x00, 0x9B, 0xFC, 0xF1, 0x16, 0x00, 0x06, 0x68, 0x15,
    0x65, 0x03, 0x31, 0xDC, 0x7F, 0xD1, 0x18, 0x00, 0x00, 0x00, 0x00, 0x00, 0x46, 0xE3, 0xFF, 0x82,
    0x00, 0xA5, 0xC9, 0x84, 0xD8, 0x3C, 0xD8, 0x3D, 0x15, 0xE3, 0x72, 0xE4, 0x33, 0x42, 0xDE, 0x5B,
    0xDB, 0x2D, 0x87, 0xD2, 0x1F, 0xD9, 0x6A, 0xF2, 0xB1, 0x00, 0x9B, 0xFC, 0xF1, 0x16, 0x00, 0x00,
    0x00, 0x00, 0x00, 0x00, 0x89, 0x7D, 0x67, 0xBF, 0x01, 0x5F, 0xEC, 0xFF, 0x5A, 0x00, 0x69, 0xEF,
    0xFF, 0x07, 0x00, 0xC3, 0x70, 0xFF, 0x72, 0x00, 0x10, 0x05, 0x1B, 0x00, 0x00, 0x00, 0x00, 0x00,
    0x0B, 0x60, 0x00, 0x2F, 0xFF, 0xFF, 0xAA, 0x00, 0x79, 0xB2, 0xD9, 0x48, 0x00, 0xC4, 0x22, 0xFF,
    0x75, 0x00, 0xD4, 0xD7, 0xE1, 0x5A, 0x00, 0xE3, 0xC9, 0xCB, 0x1E, 0x00, 0xCF, 0x5A, 0xE2, 0x00,
    0x0D, 0xFF, 0xFF, 0x71, 0x00, 0x05, 0x41, 0x00, 0x00, 0x00, 0x00, 0x00, 0x16, 0x00, 0x00, 0x00,
    0x85, 0xC5, 0x00, 0x00, 0x00, 0x1E, 0xF3, 0x00, 0x00, 0x00, 0x00, 0x00, 0x00, 0x00, 0x99, 0xAB,
    0x00, 0xF1, 0xB8, 0xA4, 0x7C, 0x04, 0xE5, 0x7E, 0xBB, 0x4D, 0x36, 0xD9, 0x43, 0xD3, 0x33, 0x6F,
    0xCE, 0x0C, 0xD9, 0x33, 0xAC, 0xCC, 0x00, 0xDA, 0x6D, 0xFB, 0x98, 0x00, 0xAF, 0xFF, 0xF5, 0x22,
    0x00, 0x00, 0x00, 0x13, 0x02, 0x00, 0x00, 0x00, 0xCD, 0x8A, 0x00, 0x00, 0x16, 0xF7, 0x12, 0x00,
    0x00, 0x00, 0x00, 0x00, 0x00, 0x99, 0xAB, 0x00, 0xF1, 0xB8, 0xA4, 0x7C, 0x04, 0xE5, 0x7E, 0xBB,
    0x4D, 0x36, 0xD9, 0x43, 0xD3, 0x33, 0x6F, 0xCE, 0x0C, 0xD9, 0x33, 0xAC, 0xCC, 0x00, 0xDA, 0x6D,
    0xFB, 0x98, 0x00, 0xAF, 0xFF, 0xF5, 0x22, 0x00, 0x00, 0x35, 0xD4, 0x6A, 0x00, 0x0B, 0xC1, 0x79,
    0xC7, 0x10, 0x00, 0x00, 0x00, 0x00, 0x00, 0x99, 0xAB, 0x00, 0xF1, 0xB8, 0xA4, 0x7C, 0x04, 0xE5,
    0x7E, 0xBB, 0x4D, 0x36, 0xD9, 0x43, 0xD3, 0x33, 0x6F, 0xCE, 0x0C, 0xD9, 0x33, 0xAC, 0xCC, 0x00,
    0xDA, 0x6D, 0xFB, 0x98, 0x00, 0xAF, 0xFF, 0xF5, 0x22, 0x00, 0x00, 0x62, 0x16, 0x68, 0x0F, 0x17,
    0xD4, 0x7C, 0xD8, 0x3A, 0x00, 0x00, 0x00, 0x00, 0x00, 0x99, 0xAB, 0x00, 0xF1, 0xB8, 0xA4, 0x7C,
    0x04, 0xE5, 0x7E, 0xBB, 0x4D, 0x36, 0xD9, 0x43, 0xD3, 0x33, 0x6F, 0xCE, 0x0C, 0xD9, 0x33, 0xAC,
    0xCC, 0x00, 0xDA, 0x6D, 0xFB, 0x98, 0x00, 0xAF, 0xFF, 0xF5, 0x22, 0x00, 0x00, 0x00, 0x15, 0x02,
    0x00, 0x00, 0x00, 0xD7, 0x81, 0x00, 0x00, 0x1B, 0xF3, 0x0D, 0x00, 0x00, 0x00, 0x00, 0x00, 0x00,
    0xB0, 0x7E, 0x00, 0xE8, 0xE6, 0x99, 0xCA, 0x5A, 0xD8, 0x3A, 0x6C, 0xD6, 0xE8, 0x89, 0x00, 0x3E,
    0xE1, 0xFF, 0x0E, 0x00, 0x07, 0xCE, 0x9D, 0x00, 0x00, 0x1B, 0xD5, 0x4F, 0x00, 0x00, 0x3E, 0xE1,
    0x16, 0x00, 0x00, 0x8D, 0xD1, 0x00, 0x00, 0x00, 0x99, 0xBF, 0x00, 0x00, 0x00, 0x9E, 0xFF, 0xFF,
    0x8E, 0x00, 0xB5, 0xA0, 0xB4, 0xD2, 0x1F, 0xCC, 0x4D, 0xB4, 0xCE, 0x0C, 0xE3, 0xFF, 0xFF, 0x89,
    0x00, 0xE3, 0x5F, 0x12, 0x00, 0x00, 0x61, 0xEC, 0xF7, 0x00, 0x00, 0x9C, 0x96, 0x10, 0x00, 0x00,
    0xB1, 0xFF, 0xFF, 0xD2, 0x1F, 0xC8, 0x47, 0xE4, 0x9E, 0x00, 0xE0, 0xB5, 0xFF, 0x0A, 0x00, 0xCD,
    0xD0, 0xFF, 0x65, 0x00, 0xC4, 0x21, 0xD2, 0xB5, 0x00, 0x04, 0x26, 0xFF, 0x8E, 0x00, 0x67, 0xEE,
    0xD3, 0x13, 0x00, 0x00, 0x12, 0x01, 0x00, 0x00, 0x05, 0xCE, 0x5B, 0x00, 0x00, 0x00, 0x84, 0xA8,
    0x00, 0x00, 0x00, 0x00, 0x00, 0x00, 0x00, 0x7F, 0xF5, 0xBE, 0xCF, 0x0D, 0xD1, 0x6D, 0xBF, 0xCC,
    0x00, 0xD9, 0x2F, 0xC4, 0xB4, 0x00, 0xE8, 0x81, 0xFF, 0x9A, 0x00, 0xC7, 0xD0, 0xD4, 0xCC, 0x00,
    0x00, 0x00, 0x18, 0x00, 0x00, 0x00, 0x18, 0xFF, 0x32, 0x00, 0x00, 0x76, 0xA6, 0x00, 0x00, 0x00,
    0x00, 0x00, 0x00, 0x00, 0x7F, 0xF5, 0xBE, 0xCF, 0x0D, 0xD1, 0x6D, 0xBF, 0xCC, 0x00, 0xD9, 0x2F,
    0xC4, 0xB4, 0x00, 0xE8, 0x81, 0xFF, 0x9A, 0x00, 0xC7, 0xD0, 0xD4, 0xCC, 0x00, 0x00, 0x08, 0x1F,
    0x00, 0x00, 0x07, 0xC3, 0xFF, 0x49, 0x00, 0x56, 0xA2, 0x6F, 0x90, 0x00, 0x00, 0x00, 0x00, 0x00,
    0x00, 0x7F, 0xF5, 0xBE, 0xCF, 0x0D, 0xD1, 0x6D, 0xBF, 0xCC, 0x00, 0xD9, 0x2F, 0xC4, 0xB4, 0x00,
    0xE8, 0x81, 0xFF, 0x9A, 0x00, 0xC7, 0xD0, 0xD4, 0xCC, 0x00, 0x38, 0xDF, 0xBC, 0x76, 0x00, 0x35,
    0x97, 0xFF, 0x85, 0x00, 0x00, 0x00, 0x00, 0x00, 0x00, 0x7F, 0xF5, 0xBE, 0xCF, 0x0D, 0xD1, 0x6D,
    0xBF, 0xCC, 0x00, 0xD9, 0x2F, 0xC4, 0xB4, 0x00, 0xE8, 0x81, 0xFF, 0x9A, 0x00, 0xC7, 0xD0, 0xD4,
    0xCC, 0x00, 0x18, 0x5C, 0x2E, 0x4F, 0x00, 0x69, 0xE5, 0xBD, 0xB9, 0x00, 0x00, 0x00, 0x00, 0x00,
    0x00, 0x7F, 0xF5, 0xBE, 0xCF, 0x0D, 0xD1, 0x6D, 0xBF, 0xCC, 0x00, 0xD9, 0x2F, 0xC4, 0xB4, 0x00,
    0xE8, 0x81, 0xFF, 0x9A, 0x00, 0xC7, 0xD0, 0xD4, 0xCC, 0x00, 0x00, 0x6A, 0xC6, 0x22, 0x00, 0x13,
    0xD0, 0x9A, 0x92, 0x00, 0x06, 0xC2, 0xED, 0x30, 0x00, 0x00, 0x00, 0x00, 0x00, 0x00, 0x7F, 0xF5,
    0xBE, 0xCF, 0x0D, 0xD1, 0x6D, 0xBF, 0xCC, 0x00, 0xD9, 0x2F, 0xC4, 0xB4, 0x00, 0xE8, 0x81, 0xFF,
    0x9A, 0x00, 0xC7, 0xD0, 0xD4, 0xCC, 0x00, 0x00, 0x9B, 0xED, 0xF2, 0x3F, 0x00, 0x3E, 0xF3, 0xBE,
    0x84, 0x00, 0xBE, 0xFF, 0xD3, 0x0A, 0x08, 0xB0, 0xFF, 0x66, 0x00, 0x02, 0xFD, 0xA8, 0xD0, 0x00,
    0x00, 0x90, 0xFF, 0xFF, 0x9C, 0x3A, 0xFF, 0x8A, 0x90, 0x94, 0x9F, 0xFF, 0x00, 0x01, 0x01, 0x99,
    0xFF, 0x40, 0xB5, 0xAD, 0x16, 0xE4, 0xFF, 0xE4, 0x1F, 0x00, 0x07, 0xBB, 0x79, 0x00, 0x00, 0x91,
    0xDE, 0x6D, 0x00, 0x00, 0x00, 0x0A, 0x0C, 0x00, 0x00, 0x00, 0xF1, 0x93, 0x00, 0x00, 0x00, 0x6A,
    0xBC, 0x00, 0x00, 0x00, 0x00, 0x00, 0x00, 0x00, 0x84, 0xFF, 0xFF, 0xAA, 0x3A, 0xFF, 0x57, 0xB4,
    0xFF, 0xA2, 0xFF, 0xFA, 0xDE, 0x54, 0x9F, 0xFF, 0x2D, 0xA2, 0xAF, 0x18, 0xF0, 0xFF, 0xFD, 0x36,
    0x00, 0x00, 0x00, 0x18, 0x00, 0x00, 0x00, 0x07, 0xFF, 0x75, 0x00, 0x00, 0x5E, 0xD2, 0x00, 0x00,
    0x00, 0x00, 0x00, 0x00, 0x00, 0x84, 0xFF, 0xFF, 0xAA, 0x3A, 0xFF, 0x57, 0xB4, 0xFF, 0xA2, 0xFF,
    0xFA, 0xDE, 0x54, 0x9F, 0xFF, 0x2D, 0xA2, 0xAF, 0x18, 0xF0, 0xFF, 0xFD, 0x36, 0x00, 0x00, 0x04,
    0x24, 0x01, 0x00, 0x01, 0xCB, 0xFF, 0x96, 0x00, 0x58, 0xCE, 0x4C, 0xD8, 0x00, 0x00, 0x00, 0x00,
    0x00, 0x00, 0x84, 0xFF, 0xFF, 0xAA, 0x3A, 0xFF, 0x57, 0xB4, 0xFF, 0xA2, 0xFF, 0xFA, 0xDE, 0x54,
    0x9F, 0xFF, 0x2D, 0xA2, 0xAF, 0x18, 0xF0, 0xFF, 0xFD, 0x36, 0x0D, 0x65, 0x1B, 0x5E, 0x00, 0x47,
    0xE4, 0x8D, 0xCC, 0x01, 0x00, 0x00, 0x00, 0x00, 0x00, 0x4F, 0xE6, 0xFF, 0x88, 0x00, 0xB0, 0x79,
    0xB4, 0xCC, 0x00, 0xDA, 0xFB, 0xDE, 0x43, 0x00, 0xD9, 0x57, 0xA2, 0x8C, 0x00, 0x9A, 0xFC, 0xFD,
    0x2B, 0x00, 0x00, 0x00, 0x18, 0x00, 0x00, 0x00, 0x15, 0xFF, 0x3D, 0x00, 0x00, 0x00, 0xA0, 0x8D,
    0x00, 0x00, 0x00, 0x00, 0x00, 0x00, 0x73, 0xFF, 0xFF, 0xA2, 0x00, 0x0A, 0x34, 0xFF, 0x5E, 0x00,
    0x00, 0x5B, 0xFF, 0x21, 0x3D, 0x00, 0x97, 0xFF, 0xC5, 0xDC, 0x00, 0x5A, 0xFF, 0xE2, 0x12, 0x00,
    0x00, 0x00, 0x18, 0x00, 0x00, 0x00, 0x2E, 0xFF, 0x2D, 0x00, 0x00, 0xAB, 0xAC, 0x00, 0x00, 0x00,
    0x00, 0x00, 0x00, 0x73, 0xFF, 0xFF, 0xA2, 0x00, 0x0A, 0x34, 0xFF, 0x5E, 0x00, 0x00, 0x5B, 0xFF,
    0x21, 0x3D, 0x00, 0x97, 0xFF, 0xC5, 0xDC, 0x00, 0x5A, 0xFF, 0xE2, 0x12, 0x00, 0x0F, 0xF3, 0xFF,
    0x39, 0x00, 0xA9, 0xBA, 0x8D, 0xA1, 0x00, 0x00, 0x00, 0x00, 0x00, 0x73, 0xFF, 0xFF, 0xA2, 0x00,
    0x0A, 0x34, 0xFF, 0x5E, 0x00, 0x00, 0x5B, 0xFF, 0x21, 0x3D, 0x00, 0x97, 0xFF, 0xC5, 0xDC, 0x00,
    0x5A, 0xFF, 0xE2, 0x12, 0x00, 0x33, 0x5E, 0x37, 0x5A, 0x00, 0xA8, 0xDD, 0xB5, 0xD2, 0x00, 0x00,
    0x00, 0x00, 0x00, 0x73, 0xFF, 0xFF, 0xA2, 0x00, 0x0A, 0x34, 0xFF, 0x5E, 0x00, 0x00, 0x5B, 0xFF,
    0x21, 0x3D, 0x00, 0x97, 0xFF, 0xC5, 0xDC, 0x00, 0x5A, 0xFF, 0xE2, 0x12, 0x00, 0x00, 0x00, 0x06,
    0x00, 0x1F, 0xD2, 0xFF, 0x98, 0x00, 0x05, 0x97, 0xFC, 0x92, 0x00, 0x6D, 0xF0, 0xDA, 0xCC, 0x00,
    0xD5, 0x7C, 0xB0, 0xD1, 0x19, 0xD8, 0x2C, 0x8D, 0xCD, 0x03, 0xE2, 0x4E, 0xE7, 0xB2, 0x00, 0xB2,
    0xFF, 0xE1, 0x20, 0x00, 0x00, 0x4C, 0xFF, 0xC4, 0x9F, 0x00, 0x4B, 0xA6, 0xFF, 0xB6, 0x00, 0x00,
    0x00, 0x00, 0x00, 0x1E, 0xFF, 0xB5, 0xFF, 0xC1, 0x5B, 0xFF, 0x7E, 0xA0, 0xFF, 0x97, 0xFF, 0x01,
    0xB7, 0xFF, 0xB0, 0xF3, 0x00, 0xCB, 0xDA, 0xE1, 0xC1, 0x00, 0xFF, 0xA8, 0x00, 0x00, 0x0A, 0x0C,
    0x00, 0x00, 0x00, 0xF1, 0x93, 0x00, 0x00, 0x00, 0x6A, 0xBC, 0x00, 0x00, 0x00, 0x00, 0x00, 0x00,
    0x00, 0xB4, 0xFF, 0xFF, 0x88, 0x6A, 0xFF, 0x4B, 0xBB, 0xFF, 0xAC, 0xFA, 0x00, 0x93, 0xFF, 0xA6,
    0xFF, 0x24, 0xEC, 0xD8, 0x28, 0xFB, 0xFF, 0xE8, 0x28, 0x00, 0x00, 0x00, 0x18, 0x00, 0x00, 0x00,
    0x07, 0xFF, 0x75, 0x00, 0x00, 0x5E, 0xD2, 0x00, 0x00, 0x00, 0x00, 0x00, 0x00, 0x00, 0xB4, 0xFF,
    0xFF, 0x88, 0x6A, 0xFF, 0x4B, 0xBB, 0xFF, 0xAC, 0xFA, 0x00, 0x93, 0xFF, 0xA6, 0xFF, 0x24, 0xEC,
    0xD8, 0x28, 0xFB, 0xFF, 0xE8, 0x28, 0x00, 0x00, 0x04, 0x24, 0x01, 0x00, 0x01, 0xCB, 0xFF, 0x96,
    0x00, 0x58, 0xCE, 0x4C, 0xD8, 0x00, 0x00, 0x00, 0x00, 0x00, 0x00, 0xB4, 0xFF, 0xFF, 0x88, 0x6A,
    0xFF, 0x4B, 0xBB, 0xFF, 0xAC, 0xFA, 0x00, 0x93, 0xFF, 0xA6, 0xFF, 0x24, 0xEC, 0xD8, 0x28, 0xFB,
    0xFF, 0xE8, 0x28, 0x00, 0x33, 0xFF, 0xD4, 0xAC, 0x00, 0x31, 0xAA, 0xFF, 0xD4, 0x00, 0x00, 0x00,
    0x00, 0x00, 0x00, 0xB4, 0xFF, 0xFF, 0x88, 0x6A, 0xFF, 0x4B, 0xBB, 0xFF, 0xAC, 0xFA, 0x00, 0x93,
    0xFF, 0xA6, 0xFF, 0x24, 0xEC, 0xD8, 0x28, 0xFB, 0xFF, 0xE8, 0x28, 0x0D, 0x65, 0x1B, 0x5E, 0x00,
    0x47, 0xE4, 0x8D, 0xCC, 0x01, 0x00, 0x00, 0x00, 0x00, 0x00, 0x6C, 0xF0, 0xFF, 0x6D, 0x00, 0xC3,
    0x6F, 0xBB, 0xCC, 0x00, 0xDB, 0x32, 0x93, 0xCC, 0x00, 0xDB, 0x50, 0xEC, 0xAD, 0x00, 0xA7, 0xFE,
    0xE8, 0x20, 0x00, 0x00, 0x00, 0xAF, 0xEC, 0x00, 0x00, 0x00, 0x6F, 0x67, 0x00, 0x7E, 0xFF, 0xFF,
    0xFF, 0xFF, 0x16, 0x45, 0xB9, 0x52, 0x2D, 0x00, 0x57, 0xFF, 0x37, 0x00, 0x00, 0x00, 0x00, 0x19,
    0x1E, 0x00, 0x48, 0xFF, 0xFF, 0x5B, 0x00, 0xA7, 0x64, 0xFF, 0x00, 0x00, 0xCE, 0xE6, 0xE8, 0x00,
    0x00, 0xD6, 0x91, 0xE0, 0x00, 0x07, 0xF9, 0xFF, 0x75, 0x00, 0x00, 0x2B, 0x00, 0x00, 0x00, 0x00,
    0x0C, 0x09, 0x00, 0x00, 0x00, 0xCC, 0x81, 0x00, 0x00, 0x00, 0x62, 0xAD, 0x00, 0x00, 0x00, 0x00,
    0x00, 0x00, 0x00, 0xAF, 0x6A, 0x55, 0xD3, 0x22, 0xC7, 0x3D, 0x91, 0xCC, 0x00, 0xDE, 0x33, 0xB1,
    0xC6, 0x00, 0xDE, 0x66, 0xFF, 0x9E, 0x00, 0xC3, 0xEB, 0xFF, 0x8E, 0x00, 0x00, 0x00, 0x18, 0x00,
    0x00, 0x00, 0x0A, 0xFF, 0x50, 0x00, 0x00, 0x57, 0xC5, 0x00, 0x00, 0x00, 0x00, 0x00, 0x00, 0x00,
    0xAF, 0x6A, 0x55, 0xD3, 0x22, 0xC7, 0x3D, 0x91, 0xCC, 0x00, 0xDE, 0x33, 0xB1, 0xC6, 0x00, 0xDE,
    0x66, 0xFF, 0x9E, 0x00, 0xC3, 0xEB, 0xFF, 0x8E, 0x00, 0x01, 0x9C, 0xFF, 0x5A, 0x00, 0x3D, 0xB5,
    0x5E, 0xA5, 0x00, 0x00, 0x00, 0x00, 0x00, 0x00, 0xAF, 0x6A, 0x55, 0xD3, 0x22, 0xC7, 0x3D, 0x91,
    0xCC, 0x00, 0xDE, 0x33, 0xB1, 0xC6, 0x00, 0xDE, 0x66, 0xFF, 0x9E, 0x00, 0xC3, 0xEB, 0xFF, 0x8E,
    0x00, 0x10, 0x64, 0x1F, 0x5A, 0x00, 0x52, 0xE7, 0x96, 0xCC, 0x00, 0x00, 0x00, 0x00, 0x00, 0x00,
    0xAF, 0x6A, 0x55, 0xD3, 0x22, 0xC7, 0x3D, 0x91, 0xCC, 0x00, 0xDE, 0x33, 0xB1, 0xC6, 0x00, 0xDE,
    0x66, 0xFF, 0x9E, 0x00, 0xC3, 0xEB, 0xFF, 0x8E, 0x00, 0x00, 0x00, 0x18, 0x00, 0x00, 0x00, 0x01,
    0xFF, 0x6F, 0x00, 0x00, 0x3C, 0xDD, 0x02, 0x00, 0x00, 0x00, 0x00, 0x00, 0x00, 0xAE, 0x6B, 0x55,
    0xD3, 0x22, 0xC5, 0x3F, 0x91, 0xCC, 0x00, 0xDB, 0x33, 0xB1, 0xC8, 0x00, 0xDC, 0x65, 0xFF, 0xA0,
    0x00, 0xBE, 0xDC, 0xFF, 0x8C, 0x00, 0x4C, 0x67, 0xFF, 0x35, 0x00, 0xE3, 0xFF, 0xA5, 0x00, 0x00,
    0x00, 0x64, 0xA8, 0x00, 0x00, 0x00, 0x66, 0x8E, 0x00, 0x00, 0x00, 0x7C, 0xB0, 0xDB, 0x00, 0x00,
    0xA0, 0x96, 0xDF, 0x09, 0x00, 0xC4, 0x00, 0xCF, 0x03, 0x00, 0xD3, 0x27, 0xEC, 0x00, 0x00, 0xDD,
    0xFF, 0x8F, 0x00, 0x00, 0xD9, 0x00, 0x00, 0x00, 0x0A, 0xC3, 0x00, 0x00, 0x00, 0x0A, 0x68, 0x16,
    0x62, 0x00, 0x3D, 0xE0, 0x85, 0xCE, 0x0A, 0x00, 0x00, 0x00, 0x00, 0x00, 0xAE, 0x6B, 0x55, 0xD3,
    0x22, 0xC5, 0x3F, 0x91, 0xCC, 0x00, 0xDB, 0x33, 0xB1, 0xC8, 0x00, 0xDC, 0x65, 0xFF, 0xA0, 0x00,
    0xBE, 0xDC, 0xFF, 0x8C, 0x00, 0x4C, 0x67, 0xFF, 0x35, 0x00, 0xE3, 0xFF, 0xA5, 0x00, 0x00, 0x7E,
    0xFF, 0xFF, 0xFF, 0xFF, 0x19, 0x3C, 0x3C, 0x3C, 0x31, 0xFF, 0xFF, 0xFF, 0xEE, 0xAC, 0x3B, 0x3C,
    0x3C, 0x34, 0x15, 0x00, 0x16, 0xFF, 0x2D, 0x00, 0xAF, 0xF8, 0x00, 0x36, 0xFF, 0xAB, 0x00, 0x00,
    0x58, 0xFF, 0x81, 0x00, 0xB4, 0xF6, 0x00, 0x01, 0xFF, 0x4F, 0x00, 0x0F, 0xD1, 0x1F, 0xD1, 0x91,
    0x6A, 0xE4, 0x63, 0xD2, 0x1C, 0xAE, 0xBA, 0xFF, 0xBA, 0x00, 0x17, 0x0E, 0x1E, 0x0D, 0x00, 0x55,
    0xE8, 0x6F, 0xEC, 0xA0, 0x85, 0xD1, 0x97, 0xCF, 0x10, 0xA0, 0x58, 0xE6, 0x76, 0x00, 0x0F, 0x04,
    0x19, 0x01, 0x00, 0x00, 0x69, 0x58, 0x31, 0x6D, 0x00, 0xF5, 0xCE, 0xB7, 0xDF, 0x1D, 0xC7, 0xFF,
    0xD8, 0x3C, 0x99, 0xD0, 0x37, 0x96, 0x4F, 0xBD, 0xFF, 0xFF, 0x1E, 0x00, 0xD9, 0x33, 0x00, 0x00,
    0x00, 0xE3, 0xFF, 0xEC, 0x00, 0x00, 0xC8, 0x7D, 0x7B, 0x7E, 0x00, 0x76, 0xF3, 0xFF, 0x60, 0x00,
    0x0A, 0x46, 0x00, 0x00, 0x00, 0x95, 0xC8, 0x00, 0x00, 0x00, 0xEC, 0xFF, 0xFF, 0xD6, 0x30, 0xB1,
    0xBD, 0x48, 0x3B, 0x09, 0x26, 0x9A, 0x00, 0x00, 0x00, 0x00, 0x00, 0x3A, 0x00, 0x00, 0x00, 0x75,
    0xFF, 0xBD, 0x00, 0x5E, 0xFF, 0xFF, 0xFF, 0xA5, 0x12, 0x46, 0xFF, 0x61, 0x31, 0x00, 0x00, 0xFF,
    0x3C, 0x00, 0x00, 0x00, 0xFF, 0x3C, 0x00, 0x00, 0x00, 0xFF, 0x3C, 0x00, 0x00, 0x12, 0x4E, 0x00,
    0x00, 0x00, 0x49, 0xFF, 0x46, 0x00, 0xF0, 0xFF, 0xFF, 0xD4, 0x28, 0x41, 0x68, 0xFF, 0x90, 0x00,
    0x00, 0x3A, 0xA8, 0x00, 0x00, 0x00, 0x00, 0x64, 0x10, 0x00, 0x00, 0x00, 0xFF, 0x3C, 0x00, 0x00,
    0x00, 0xFF, 0x3C, 0x00, 0x00, 0x00, 0xFF, 0x3C, 0x00, 0x42, 0x9C, 0xFF, 0x9C, 0x78, 0x30, 0xFF,
    0xFF, 0xFF, 0x5E, 0x00, 0x30, 0xFF, 0x61, 0x00, 0x00, 0x00, 0x04, 0x00, 0x00, 0x0B, 0x04, 0x15,
    0x00, 0x00, 0xA1, 0xA7, 0xFF, 0x57, 0x00, 0xF6, 0xFF, 0xFF, 0xD8, 0x3D, 0xB9, 0xC8, 0xFF, 0x8A,
    0x00, 0x2B, 0x25, 0x66, 0x00, 0x00, 0x00, 0x00, 0x3A, 0x00, 0x00, 0x00, 0x75, 0xFF, 0xBD, 0x00,
    0x5E, 0xFF, 0xFF, 0xFF, 0xA5, 0x12, 0x46, 0xFF, 0x61, 0x31, 0x42, 0x9C, 0xFF, 0x9C, 0x78, 0x30,
    0xFF, 0xFF, 0xFF, 0x5E, 0x00, 0x30, 0xFF, 0x61, 0x00, 0x00, 0x00, 0x04, 0x00, 0x00, 0x00, 0xB1,
    0x90, 0x90, 0x00, 0x00, 0x90, 0x00, 0x90, 0x00, 0x00, 0x90, 0x00, 0x90, 0x00, 0x00, 0x90, 0x00,
    0x90, 0x00, 0x58, 0xBE, 0x01, 0xE4, 0x25, 0x00, 0x4C, 0xA5, 0x1F, 0x00, 0x13, 0x1E, 0x9C, 0xBB,
    0x06, 0xB5, 0xFF, 0xFF, 0xD2, 0x1E, 0x1D, 0xCE, 0x8A, 0x18, 0x00, 0xDB, 0xFF, 0xFF, 0xB4, 0x00,
    0xA4, 0x36, 0x00, 0x00, 0x00, 0xB2, 0xFF, 0xFF, 0xFF, 0xFF, 0xFF, 0x1B, 0x00, 0x00, 0x00, 0x00,
    0x00, 0x00, 0x00, 0xB2, 0xFF, 0xFF, 0xFF, 0xFF, 0xFF, 0x1B, 0x00, 0x00, 0x00, 0x00, 0x00, 0x00,
    0x00, 0xB2, 0xFF, 0xFF, 0xFF, 0xFF, 0xFF, 0x1B, 0x00, 0x00, 0x00, 0x2C, 0x0D, 0x17, 0x8E, 0xFB,
    0xCD, 0x07, 0x9E, 0xF1, 0x6C, 0x06, 0x00, 0x71, 0xEF, 0xFD, 0x61, 0x00, 0x09, 0x13, 0x8E, 0x6A,
    0x00, 0xDC, 0xFF, 0xFF, 0x66, 0x00, 0x00, 0x3F, 0x01, 0x00, 0x00, 0x00, 0xEC, 0xFF, 0xBA, 0x28,
    0x00, 0x00, 0x61, 0xFF, 0xFF, 0x2B, 0xD8, 0xFF, 0xE3, 0x73, 0x55, 0xA5, 0x27, 0x0C, 0x04, 0xA8,
    0xFF, 0xFF, 0xFF, 0x7F, 0x00, 0x8A, 0xEE, 0xE4, 0x36, 0x12, 0xE8, 0x03, 0x2B, 0xD4, 0x19, 0xE1,
    0x00, 0x1B, 0xDC, 0x45, 0xF6, 0xF0, 0xED, 0x49, 0x9A, 0x0D, 0x00, 0x00, 0x00, 0x00, 0x00, 0x00,
    0x00, 0xA1, 0xC3, 0x00, 0xAE, 0x00, 0x00, 0x90, 0x90, 0x90, 0x7B, 0x90, 0x90, 0x67, 0x90, 0x93,
    0x84, 0x90, 0x90, 0x90, 0xB7, 0x00, 0xBA, 0x00, 0x00, 0x00, 0x00, 0x11, 0xC3, 0xC3, 0xC3, 0xB2,
    0x07, 0x66, 0x66, 0x66, 0x5D, 0x1A, 0xFF, 0xFF, 0xFF, 0xFF, 0x99, 0xC3, 0xC3, 0xC3, 0xC3, 0xC3,
    0xC3, 0xC3, 0xC3, 0xC3, 0xC3, 0xC3, 0x0A, 0xC0, 0x49, 0xFF, 0x72, 0xFF, 0x72, 0xFF, 0x72, 0xFF,
    0x72, 0xFF, 0x72, 0xFF, 0x72, 0xFF, 0x72, 0xFF, 0x72, 0xFF, 0x72, 0xFF, 0x72, 0xFF, 0x72, 0x10,
    0x04, 0x71, 0xAA, 0x5E, 0x99, 0x4C, 0x37, 0x58, 0x28, 0x4F, 0x21, 0xA7, 0xE2, 0x94, 0xE4, 0x78,
    0x0A, 0xC3, 0xB6, 0x0A, 0xC3, 0xB2, 0x0A, 0xC3, 0xB2, 0x15, 0xC3, 0xAC, 0x10, 0x04, 0xFF, 0x72,
    0xFF, 0x69, 0x10, 0x04, 0xFF, 0x72, 0xFF, 0x69, 0x10, 0x04, 0xFF, 0x72, 0xFF, 0x69, 0x21, 0x0A,
    0xFF, 0x72, 0xFF, 0x64, 0x9E, 0x91, 0xB2, 0x96, 0x40, 0x4B, 0x3F, 0x5D, 0x40, 0x1C, 0xD8, 0xBE,
    0xFF, 0xC7, 0x66, 0x0A, 0xC3, 0xAB, 0xB5, 0xB2, 0xAB, 0xC3, 0x5E, 0xC3, 0x70, 0xB9, 0xBD, 0x10,
    0x04, 0xFF, 0x72, 0xD8, 0x52, 0xE6, 0x58, 0xE1, 0x57, 0xD8, 0x52, 0xFF, 0x72, 0x8E, 0x2D, 0xFF,
    0x72, 0xAB, 0x36, 0xFF, 0x6C, 0xEE, 0x5B, 0xC3, 0xC3, 0xA3, 0x41, 0x00, 0x00, 0x41, 0x00, 0x00,
    0x41, 0x00, 0x00, 0x41, 0x00, 0x00, 0x41, 0x00, 0x00, 0x0C, 0x00, 0x00, 0x58, 0x66, 0x46, 0xEB,
    0xFF, 0xD5, 0x41, 0x00, 0x00, 0x41, 0x00, 0x00, 0x41, 0x00, 0x00, 0x41, 0x00, 0x00, 0x41, 0x00,
    0x00, 0x0F, 0x00, 0x00, 0xEF, 0xC3, 0xA0, 0xA1, 0x00, 0x00, 0xA1, 0x00, 0x00, 0xA1, 0x00, 0x00,
    0xA1, 0x00, 0x00, 0xA1, 0x00, 0x00, 0x1D, 0x00, 0x00, 0x63, 0x66, 0x45, 0xFF, 0xFF, 0xD0, 0xA1,
    0x00, 0x00, 0xA1, 0x00, 0x00, 0xA1, 0x00, 0x00, 0xA1, 0x00, 0x00, 0xA1, 0x00, 0x00, 0x26, 0x00,
    0x00, 0x00, 0x48, 0xC3, 0xC3, 0xFF, 0x00, 0x00, 0x00, 0x00, 0xC3, 0x00, 0x00, 0x00, 0x00, 0xC3,
    0x00, 0x00, 0x00, 0x00, 0xC3, 0x00, 0x00, 0x00, 0x00, 0xC3, 0x00, 0x00, 0x00, 0x00, 0xC3, 0x00,
    0x00, 0x00, 0x00, 0x24, 0x00, 0x1F, 0x66, 0x66, 0x66, 0x00, 0x72, 0xFF, 0xFF, 0xFF, 0x00, 0x00,
    0x00, 0x00, 0xC3, 0x00, 0x00, 0x00, 0x00, 0xC3, 0x00, 0x00, 0x00, 0x00, 0xC3, 0x00, 0x00, 0x00,
    0x00, 0xC3, 0x00, 0x00, 0x00, 0x00, 0xC3, 0x00, 0x00, 0x00, 0x00, 0x2E, 0x2E, 0xAB, 0xC3, 0xE3,
    0x72, 0x00, 0x00, 0x00, 0xE3, 0x72, 0x00, 0x00, 0x00, 0xE3, 0x72, 0x00, 0x00, 0x00, 0xE3, 0x72,
    0x00, 0x00, 0x00, 0xE3, 0x72, 0x00, 0x00, 0x00, 0xE3, 0x72, 0x00, 0x00, 0x00, 0x2E, 0x10, 0x14,
    0x58, 0x66, 0x58, 0x1E, 0x48, 0xE4, 0xFF, 0xE3, 0x72, 0x00, 0x00, 0x00, 0xE3, 0x72, 0x00, 0x00,
    0x00, 0xE3, 0x72, 0x00, 0x00, 0x00, 0xE3, 0x72, 0x00, 0x00, 0x00, 0xE3, 0x72, 0x00, 0x00, 0x00,
    0xE3, 0x72, 0x00, 0x00, 0x00, 0x3C, 0x16, 0x2A, 0x00, 0x00, 0x41, 0x00, 0x00, 0x41, 0x00, 0x00,
    0x41, 0x00, 0x00, 0x41, 0x00, 0x00, 0x41, 0x00, 0x00, 0xB1, 0xC3, 0xA3, 0x27, 0x00, 0x00, 0x41,
    0x00, 0x00, 0x41, 0x00, 0x00, 0x41, 0x00, 0x00, 0x41, 0x00, 0x00, 0x85, 0x66, 0x46, 0xE8, 0xFF,
    0xD5, 0x5E, 0x00, 0x00, 0xA1, 0x00, 0x00, 0xA1, 0x00, 0x00, 0xA1, 0x00, 0x00, 0xA1, 0x00, 0x00,
    0xA1, 0x00, 0x00, 0xBD, 0xC3, 0xA0, 0x61, 0x00, 0x00, 0xA1, 0x00, 0x00, 0xA1, 0x00, 0x00, 0xA1,
    0x00, 0x00, 0xA1, 0x00, 0x00, 0xD0, 0x66, 0x45, 0xFF, 0xFF, 0xD0, 0x00, 0x00, 0x00, 0x00, 0x7F,
    0x00, 0x00, 0x00, 0x00, 0xC3, 0x00, 0x00, 0x00, 0x00, 0xC3, 0x00, 0x00, 0x00, 0x00, 0xC3, 0x00,
    0x00, 0x00, 0x00, 0xC3, 0x00, 0x00, 0x00, 0x00, 0xC3, 0x00, 0x48, 0xC3, 0xC3, 0xC3, 0x00, 0x00,
    0x00, 0x00, 0x75, 0x00, 0x00, 0x00, 0x00, 0xC3, 0x00, 0x00, 0x00, 0x00, 0xC3, 0x00, 0x00, 0x00,
    0x00, 0xC3, 0x00, 0x00, 0x00, 0x00, 0xC3, 0x00, 0x1F, 0x66, 0x66, 0xE3, 0x00, 0x72, 0xFF, 0xFF,
    0xFF, 0x00, 0x00, 0x00, 0x8D, 0x3D, 0x00, 0x00, 0x00, 0xE3, 0x72, 0x00, 0x00, 0x00, 0xE3, 0x72,
    0x00, 0x00, 0x00, 0xE3, 0x72, 0x00, 0x00, 0x00, 0xE3, 0x72, 0x00, 0x00, 0x00, 0xE3, 0x72, 0x2E,
    0xAB, 0xC3, 0xAA, 0x45, 0x00, 0x00, 0x00, 0x99, 0x39, 0x00, 0x00, 0x00, 0xE3, 0x72, 0x00, 0x00,
    0x00, 0xE3, 0x72, 0x00, 0x00, 0x00, 0xE3, 0x72, 0x00, 0x00, 0x00, 0xE3, 0x72, 0x14, 0x58, 0x66,
    0xE3, 0x72, 0x48, 0xE4, 0xFF, 0xE2, 0x6C, 0x33, 0x00, 0x00, 0x41, 0x00, 0x00, 0x41, 0x00, 0x00,
    0x41, 0x00, 0x00, 0x41, 0x00, 0x00, 0x5D, 0x2A, 0x1C, 0xAC, 0xA0, 0x87, 0x41, 0x00, 0x00, 0x41,
    0x00, 0x00, 0x41, 0x00, 0x00, 0x41, 0x00, 0x00, 0x41, 0x00, 0x00, 0x03, 0x00, 0x00, 0x33, 0x00,
    0x00, 0x41, 0x00, 0x00, 0x41, 0x00, 0x00, 0x41, 0x00, 0x00, 0x41, 0x00, 0x00, 0xAD, 0xA2, 0x70,
    0xEB, 0xFF, 0xB6, 0x41, 0x00, 0x00, 0x41, 0x00, 0x00, 0x41, 0x00, 0x00, 0x41, 0x00, 0x00, 0x41,
    0x00, 0x00, 0x03, 0x00, 0x00, 0x5E, 0x00, 0x00, 0xA1, 0x00, 0x00, 0xA1, 0x00, 0x00, 0xA1, 0x00,
    0x00, 0xA1, 0x00, 0x00, 0xA1, 0x00, 0x00, 0xD7, 0xC3, 0xA0, 0x41, 0x00, 0x00, 0x41, 0x00, 0x00,
    0x41, 0x00, 0x00, 0x41, 0x00, 0x00, 0x41, 0x00, 0x00, 0x0C, 0x00, 0x00, 0x2A, 0x00, 0x00, 0x41,
    0x00, 0x00, 0x41, 0x00, 0x00, 0x41, 0x00, 0x00, 0x41, 0x00, 0x00, 0x41, 0x00, 0x00, 0xEF, 0xC3,
    0xA0, 0xA1, 0x00, 0x00, 0xA1, 0x00, 0x00, 0xA1, 0x00, 0x00, 0xA1, 0x00, 0x00, 0xA1, 0x00, 0x00,
    0x1D, 0x00, 0x00, 0x71, 0x00, 0x00, 0xA1, 0x00, 0x00, 0xA1, 0x00, 0x00, 0xA1, 0x00, 0x00, 0xA1,
    0x00, 0x00, 0xB4, 0x2A, 0x1C, 0xDF, 0xA0, 0x84, 0xA1, 0x00, 0x00, 0xA1, 0x00, 0x00, 0xA1, 0x00,
    0x00, 0xA1, 0x00, 0x00, 0xA1, 0x00, 0x00, 0x08, 0x00, 0x00, 0x61, 0x00, 0x00, 0xA1, 0x00, 0x00,
    0xA1, 0x00, 0x00, 0xA1, 0x00, 0x00, 0xA1, 0x00, 0x00, 0xD0, 0x66, 0x45, 0xFF, 0xFF, 0xD0, 0x41,
    0x00, 0x00, 0x41, 0x00, 0x00, 0x41, 0x00, 0x00, 0x41, 0x00, 0x00, 0x41, 0x00, 0x00, 0x0F, 0x00,
    0x00, 0x2A, 0x00, 0x00, 0x41, 0x00, 0x00, 0x41, 0x00, 0x00, 0x41, 0x00, 0x00, 0x41, 0x00, 0x00,
    0x9B, 0x78, 0x52, 0xFF, 0xFF, 0xC6, 0xA1, 0x00, 0x00, 0xA1, 0x00, 0x00, 0xA1, 0x00, 0x00, 0xA1,
    0x00, 0x00, 0xA1, 0x00, 0x00, 0x1D, 0x00, 0x00, 0x71, 0x00, 0x00, 0xA1, 0x00, 0x00, 0xA1, 0x00,
    0x00, 0xA1, 0x00, 0x00, 0xA1, 0x00, 0x00, 0xD2, 0xA2, 0x6F, 0xFF, 0xFF, 0xB2, 0xA1, 0x00, 0x00,
    0xA1, 0x00, 0x00, 0xA1, 0x00, 0x00, 0xA1, 0x00, 0x00, 0xA1, 0x00, 0x00, 0x08, 0x00, 0x00, 0x00,
    0x00, 0x00, 0x00, 0x99, 0x00, 0x00, 0x00, 0x00, 0xC3, 0x00, 0x00, 0x00, 0x00, 0xC3, 0x00, 0x00,
    0x00, 0x00, 0xC3, 0x00, 0x00, 0x00, 0x00, 0xC3, 0x00, 0x0C, 0x2A, 0x2A, 0xCF, 0x00, 0x3C, 0xA0,
    0xA0, 0xFF, 0x00, 0x00, 0x00, 0x00, 0xC3, 0x00, 0x00, 0x00, 0x00, 0xC3, 0x00, 0x00, 0x00, 0x00,
    0xC3, 0x00, 0x00, 0x00, 0x00, 0xC3, 0x00, 0x00, 0x00, 0x00, 0xC3, 0x00, 0x00, 0x00, 0x00, 0x0A,
    0x00, 0x00, 0x00, 0x00, 0x99, 0x00, 0x00, 0x00, 0x00, 0xC3, 0x00, 0x00, 0x00, 0x00, 0xC3, 0x00,
    0x00, 0x00, 0x00, 0xC3, 0x00, 0x00, 0x00, 0x00, 0xC3, 0x00, 0x31, 0xA2, 0xA2, 0xF7, 0x00, 0x61,
    0xFF, 0xFF, 0xFF, 0x00, 0x00, 0x00, 0x00, 0xC3, 0x00, 0x00, 0x00, 0x00, 0xC3, 0x00, 0x00, 0x00,
    0x00, 0xC3, 0x00, 0x00, 0x00, 0x00, 0xC3, 0x00, 0x00, 0x00, 0x00, 0xC3, 0x00, 0x00, 0x00, 0x00,
    0x0A, 0x00, 0x00, 0x00, 0x63, 0x24, 0x00, 0x00, 0x00, 0xE3, 0x72, 0x00, 0x00, 0x00, 0xE3, 0x72,
    0x00, 0x00, 0x00, 0xE3, 0x72, 0x00, 0x00, 0x00, 0xE3, 0x72, 0x00, 0x00, 0x00, 0xE3, 0x72, 0x2E,
    0xAB, 0xC3, 0xDF, 0x5D, 0x00, 0x00, 0x00, 0x9C, 0x00, 0x00, 0x00, 0x00, 0x9C, 0x00, 0x00, 0x00,
    0x00, 0x9C, 0x00, 0x00, 0x00, 0x00, 0x9C, 0x00, 0x00, 0x00, 0x00, 0x9C, 0x00, 0x00, 0x00, 0x00,
    0x46, 0x00, 0x00, 0x00, 0x00, 0x66, 0x00, 0x00, 0x00, 0x00, 0x9C, 0x00, 0x00, 0x00, 0x00, 0x9C,
    0x00, 0x00, 0x00, 0x00, 0x9C, 0x00, 0x00, 0x00, 0x00, 0x9C, 0x00, 0x00, 0x00, 0x00, 0x9C, 0x00,
    0x2E, 0xAB, 0xC3, 0xE3, 0x72, 0x00, 0x00, 0x00, 0xE3, 0x72, 0x00, 0x00, 0x00, 0xE3, 0x72, 0x00,
    0x00, 0x00, 0xE3, 0x72, 0x00, 0x00, 0x00, 0xE3, 0x72, 0x00, 0x00, 0x00, 0xE3, 0x72, 0x00, 0x00,
    0x00, 0x2E, 0x10, 0x00, 0x00, 0x00, 0xA8, 0x49, 0x00, 0x00, 0x00, 0xE3, 0x72, 0x00, 0x00, 0x00,
    0xE3, 0x72, 0x00, 0x00, 0x00, 0xE3, 0x72, 0x00, 0x00, 0x00, 0xE3, 0x72, 0x08, 0x24, 0x2A, 0xE3,
    0x72, 0x26, 0x8D, 0xA0, 0xE3, 0x72, 0x00, 0x00, 0x00, 0xE3, 0x72, 0x00, 0x00, 0x00, 0xE3, 0x72,
    0x00, 0x00, 0x00, 0xE3, 0x72, 0x00, 0x00, 0x00, 0xE3, 0x72, 0x00, 0x00, 0x00, 0xE3, 0x72, 0x00,
    0x00, 0x00, 0x0E, 0x04, 0x00, 0x00, 0x00, 0x99, 0x39, 0x00, 0x00, 0x00, 0xE3, 0x72, 0x00, 0x00,
    0x00, 0xE3, 0x72, 0x00, 0x00, 0x00, 0xE3, 0x72, 0x00, 0x00, 0x00, 0xE3, 0x72, 0x14, 0x58, 0x66,
    0xE3, 0x72, 0x48, 0xE4, 0xFF, 0xE2, 0x6C, 0x00, 0x00, 0x00, 0x9C, 0x00, 0x00, 0x00, 0x00, 0x9C,
    0x00, 0x00, 0x00, 0x00, 0x9C, 0x00, 0x00, 0x00, 0x00, 0x9C, 0x00, 0x00, 0x00, 0x00, 0x9C, 0x00,
    0x00, 0x00, 0x00, 0x25, 0x00, 0x00, 0x00, 0x00, 0x5E, 0x00, 0x00, 0x00, 0x00, 0x9C, 0x00, 0x00,
    0x00, 0x00, 0x9C, 0x00, 0x00, 0x00, 0x00, 0x9C, 0x00, 0x00, 0x00, 0x00, 0x9C, 0x00, 0x14, 0x58,
    0x66, 0xBC, 0x1E, 0x48, 0xE4, 0xFF, 0xE3, 0x72, 0x00, 0x00, 0x00, 0xE3, 0x72, 0x00, 0x00, 0x00,
    0xE3, 0x72, 0x00, 0x00, 0x00, 0xE3, 0x72, 0x00, 0x00, 0x00, 0xE3, 0x72, 0x00, 0x00, 0x00, 0xE3,
    0x72, 0x00, 0x00, 0x00, 0x3C, 0x16, 0x00, 0x00, 0x00, 0xA8, 0x49, 0x00, 0x00, 0x00, 0xE3, 0x72,
    0x00, 0x00, 0x00, 0xE3, 0x72, 0x00, 0x00, 0x00, 0xE3, 0x72, 0x00, 0x00, 0x00, 0xE3, 0x72, 0x1F,
    0x8C, 0xA2, 0xE3, 0x72, 0x3D, 0xE0, 0xFF, 0xE3, 0x72, 0x00, 0x00, 0x00, 0xE3, 0x72, 0x00, 0x00,
    0x00, 0xE3, 0x72, 0x00, 0x00, 0x00, 0xE3, 0x72, 0x00, 0x00, 0x00, 0xE3, 0x72, 0x00, 0x00, 0x00,
    0xE3, 0x72, 0x00, 0x00, 0x00, 0x0E, 0x04, 0x11, 0xC3, 0xF3, 0xCD, 0xB2, 0x00, 0x00, 0x96, 0x22,
    0x00, 0x00, 0x00, 0x96, 0x22, 0x00, 0x00, 0x00, 0x96, 0x22, 0x00, 0x00, 0x00, 0x96, 0x22, 0x00,
    0x00, 0x00, 0x96, 0x22, 0x00, 0x00, 0x00, 0x16, 0x05, 0x00, 0x19, 0x66, 0x66, 0x00, 0x00, 0x5B,
    0xFF, 0xFF, 0xC3, 0xA3, 0x00, 0x00, 0xC3, 0x00, 0x00, 0x00, 0x00, 0xC3, 0x00, 0x00, 0x00, 0x00,
    0xC3, 0x00, 0x00, 0x00, 0x00, 0xC3, 0x00, 0x00, 0x00, 0x00, 0xC3, 0x00, 0x00, 0x00, 0x00, 0x2E,
    0x00, 0x00, 0x00, 0x00, 0x27, 0x66, 0x5D, 0x11, 0xC3, 0xF3, 0xFF, 0xFF, 0x00, 0x00, 0x96, 0x22,
    0x00, 0x00, 0x00, 0x96, 0x22, 0x00, 0x00, 0x00, 0x96, 0x22, 0x00, 0x00, 0x00, 0x96, 0x22, 0x00,
    0x00, 0x00, 0x96, 0x22, 0x00, 0x00, 0x00, 0x1E, 0x06, 0x00, 0x07, 0x66, 0x66, 0x66, 0x5D, 0x1A,
    0xFF, 0xFF, 0xFF, 0xFF, 0x00, 0x00, 0x96, 0x22, 0x00, 0x00, 0x00, 0x96, 0x22, 0x00, 0x00, 0x00,
    0x96, 0x22, 0x00, 0x00, 0x00, 0x96, 0x22, 0x00, 0x00, 0x00, 0x96, 0x22, 0x00, 0x00, 0x00, 0x1E,
    0x06, 0x00, 0x11, 0xC3, 0xFF, 0xDB, 0xB2, 0x00, 0x00, 0xE1, 0x44, 0x00, 0x00, 0x00, 0xE1, 0x44,
    0x00, 0x00, 0x00, 0xE1, 0x44, 0x00, 0x00, 0x00, 0xE1, 0x44, 0x00, 0x00, 0x00, 0xE1, 0x44, 0x00,
    0x00, 0x00, 0x2A, 0x0C, 0x00, 0x1A, 0x66, 0x66, 0x0C, 0x00, 0x60, 0xFF, 0xFF, 0xD1, 0xA0, 0x00,
    0x00, 0xFF, 0x2E, 0x00, 0x00, 0x00, 0xFF, 0x2E, 0x00, 0x00, 0x00, 0xFF, 0x2E, 0x00, 0x00, 0x00,
    0xFF, 0x2E, 0x00, 0x00, 0x00, 0xFF, 0x2E, 0x00, 0x00, 0x00, 0x46, 0x09, 0x00, 0x00, 0x00, 0x5D,
    0x66, 0x45, 0x3D, 0xC3, 0xFF, 0xFF, 0xD0, 0x00, 0x00, 0xFF, 0x2E, 0x00, 0x00, 0x00, 0xFF, 0x2E,
    0x00, 0x00, 0x00, 0xFF, 0x2E, 0x00, 0x00, 0x00, 0xFF, 0x2E, 0x00, 0x00, 0x00, 0xFF, 0x2E, 0x00,
    0x00, 0x00, 0x46, 0x09, 0x00, 0x07, 0x66, 0x66, 0x66, 0x5D, 0x1A, 0xFF, 0xFF, 0xFF, 0xFF, 0x00,
    0x00, 0xE1, 0x44, 0x00, 0x00, 0x00, 0xE1, 0x44, 0x00, 0x00, 0x00, 0xE1, 0x44, 0x00, 0x00, 0x00,
    0xE1, 0x44, 0x00, 0x00, 0x00, 0xE1, 0x44, 0x00, 0x00, 0x00, 0x36, 0x10, 0x00, 0x00, 0x00, 0x51,
    0x12, 0x00, 0x00, 0x00, 0x96, 0x22, 0x00, 0x00, 0x00, 0x96, 0x22, 0x00, 0x00, 0x00, 0x96, 0x22,
    0x00, 0x00, 0x00, 0x96, 0x22, 0x00, 0x00, 0x00, 0x96, 0x22, 0x00, 0x11, 0xC3, 0xC3, 0xC3, 0xB2,
    0x00, 0x00, 0x75, 0x00, 0x00, 0x00, 0x00, 0xC3, 0x00, 0x00, 0x00, 0x00, 0xC3, 0x00, 0x00, 0x00,
    0x00, 0xC3, 0x00, 0x00, 0x00, 0x00, 0xC3, 0x00, 0x00, 0x19, 0x66, 0xE3, 0x00, 0x00, 0x5B, 0xFF,
    0xFF, 0xC3, 0xA3, 0x00, 0x00, 0x75, 0x00, 0x00, 0x00, 0x00, 0xC3, 0x00, 0x00, 0x00, 0x00, 0xC3,
    0x00, 0x00, 0x00, 0x00, 0xC3, 0x00, 0x00, 0x00, 0x00, 0xC3, 0x00, 0x00, 0x00, 0x00, 0xC3, 0x66,
    0x46, 0x3A, 0xC3, 0xFF, 0xFF, 0xD5, 0x00, 0x00, 0x4B, 0x11, 0x00, 0x00, 0x00, 0x96, 0x22, 0x00,
    0x00, 0x00, 0x96, 0x22, 0x00, 0x00, 0x00, 0x96, 0x22, 0x00, 0x00, 0x00, 0x96, 0x22, 0x00, 0x07,
    0x66, 0xB0, 0x7E, 0x5D, 0x1A, 0xFF, 0xFF, 0xFF, 0xFF, 0x00, 0x00, 0x93, 0x2C, 0x00, 0x00, 0x00,
    0xE1, 0x44, 0x00, 0x00, 0x00, 0xE1, 0x44, 0x00, 0x00, 0x00, 0xE1, 0x44, 0x00, 0x00, 0x00, 0xE1,
    0x44, 0x00, 0x00, 0x00, 0xE1, 0x44, 0x00, 0x11, 0xC3, 0xC3, 0xC3, 0xB2, 0x00, 0x00, 0xB1, 0x17,
    0x00, 0x00, 0x00, 0xFF, 0x2E, 0x00, 0x00, 0x00, 0xFF, 0x2E, 0x00, 0x00, 0x00, 0xFF, 0x2E, 0x00,
    0x00, 0x00, 0xFF, 0x2E, 0x00, 0x1A, 0x66, 0xFF, 0x2E, 0x00, 0x60, 0xFF, 0xFF, 0xD0, 0xA0, 0x00,
    0x00, 0xB1, 0x17, 0x00, 0x00, 0x00, 0xFF, 0x2E, 0x00, 0x00, 0x00, 0xFF, 0x2E, 0x00, 0x00, 0x00,
    0xFF, 0x2E, 0x00, 0x00, 0x00, 0xFF, 0x2E, 0x00, 0x00, 0x00, 0xFF, 0x87, 0x45, 0x3D, 0xC3, 0xFF,
    0xFF, 0xD0, 0x00, 0x00, 0x87, 0x29, 0x00, 0x00, 0x00, 0xE1, 0x44, 0x00, 0x00, 0x00, 0xE1, 0x44,
    0x00, 0x00, 0x00, 0xE1, 0x44, 0x00, 0x00, 0x00, 0xE1, 0x44, 0x00, 0x07, 0x66, 0xFA, 0x90, 0x5D,
    0x1A, 0xFF, 0xFF, 0xFF, 0xFF, 0x00, 0x00, 0x61, 0x16, 0x00, 0x00, 0x00, 0x96, 0x22, 0x00, 0x00,
    0x00, 0x96, 0x22, 0x00, 0x00, 0x00, 0x96, 0x22, 0x00, 0x00, 0x00, 0x96, 0x22, 0x00, 0x02, 0x2A,
    0xAF, 0x47, 0x25, 0x0E, 0xA0, 0xDE, 0xAE, 0xB1, 0x00, 0x00, 0x96, 0x22, 0x00, 0x00, 0x00, 0x96,
    0x22, 0x00, 0x00, 0x00, 0x96, 0x22, 0x00, 0x00, 0x00, 0x96, 0x22, 0x00, 0x00, 0x00, 0x96, 0x22,
    0x00, 0x00, 0x00, 0x06, 0x01, 0x00, 0x00, 0x00, 0x99, 0x00, 0x00, 0x00, 0x00, 0xC3, 0x00, 0x00,
    0x00, 0x00, 0xC3, 0x00, 0x00, 0x00, 0x00, 0xC3, 0x00, 0x00, 0x00, 0x00, 0xC3, 0x00, 0x00, 0x27,
    0xA2, 0xF7, 0x2A, 0x1C, 0x4E, 0xFF, 0xFF, 0xA0, 0x87, 0x00, 0x00, 0xC3, 0x00, 0x00, 0x00, 0x00,
    0xC3, 0x00, 0x00, 0x00, 0x00, 0xC3, 0x00, 0x00, 0x00, 0x00, 0xC3, 0x00, 0x00, 0x00, 0x00, 0xC3,
    0x00, 0x00, 0x00, 0x00, 0x0A, 0x00, 0x00, 0x00, 0x00, 0x99, 0x00, 0x00, 0x00, 0x00, 0xC3, 0x00,
    0x00, 0x00, 0x00, 0xC3, 0x00, 0x00, 0x00, 0x00, 0xC3, 0x00, 0x00, 0x00, 0x00, 0xC3, 0x00, 0x00,
    0x0A, 0x2A, 0xCF, 0xA2, 0x70, 0x30, 0xA0, 0xFF, 0xFF, 0xB6, 0x00, 0x00, 0xC3, 0x00, 0x00, 0x00,
    0x00, 0xC3, 0x00, 0x00, 0x00, 0x00, 0xC3, 0x00, 0x00, 0x00, 0x00, 0xC3, 0x00, 0x00, 0x00, 0x00,
    0xC3, 0x00, 0x00, 0x00, 0x00, 0x0A, 0x00, 0x00, 0x00, 0x00, 0x61, 0x16, 0x00, 0x00, 0x00, 0x96,
    0x22, 0x00, 0x00, 0x00, 0x96, 0x22, 0x00, 0x00, 0x00, 0x96, 0x22, 0x00, 0x00, 0x00, 0x96, 0x22,
    0x00, 0x0C, 0xA2, 0xCE, 0xA7, 0x94, 0x16, 0xFF, 0xFF, 0xFF, 0xEE, 0x00, 0x00, 0x96, 0x22, 0x00,
    0x00, 0x00, 0x96, 0x22, 0x00, 0x00, 0x00, 0x96, 0x22, 0x00, 0x00, 0x00, 0x96, 0x22, 0x00, 0x00,
    0x00, 0x96, 0x22, 0x00, 0x00, 0x00, 0x06, 0x01, 0x00, 0x00, 0x00, 0x93, 0x2C, 0x00, 0x00, 0x00,
    0xE1, 0x44, 0x00, 0x00, 0x00, 0xE1, 0x44, 0x00, 0x00, 0x00, 0xE1, 0x44, 0x00, 0x00, 0x00, 0xE1,
    0x44, 0x00, 0x00, 0x00, 0xE1, 0x44, 0x00, 0x11, 0xC3, 0xF3, 0xCD, 0xB2, 0x00, 0x00, 0x96, 0x22,
    0x00, 0x00, 0x00, 0x96, 0x22, 0x00, 0x00, 0x00, 0x96, 0x22, 0x00, 0x00, 0x00, 0x96, 0x22, 0x00,
    0x00, 0x00, 0x96, 0x22, 0x00, 0x00, 0x00, 0x16, 0x05, 0x00, 0x00, 0x00, 0x51, 0x12, 0x00, 0x00,
    0x00, 0x96, 0x22, 0x00, 0x00, 0x00, 0x96, 0x22, 0x00, 0x00, 0x00, 0x96, 0x22, 0x00, 0x00, 0x00,
    0x96, 0x22, 0x00, 0x00, 0x00, 0x96, 0x22, 0x00, 0x11, 0xC3, 0xFF, 0xDB, 0xB2, 0x00, 0x00, 0xE1,
    0x44, 0x00, 0x00, 0x00, 0xE1, 0x44, 0x00, 0x00, 0x00, 0xE1, 0x44, 0x00, 0x00, 0x00, 0xE1, 0x44,
    0x00, 0x00, 0x00, 0xE1, 0x44, 0x00, 0x00, 0x00, 0x2A, 0x0C, 0x00, 0x00, 0x00, 0xB1, 0x35, 0x00,
    0x00, 0x00, 0xE1, 0x44, 0x00, 0x00, 0x00, 0xE1, 0x44, 0x00, 0x00, 0x00, 0xE1, 0x44, 0x00, 0x00,
    0x00, 0xE1, 0x44, 0x00, 0x02, 0x2A, 0xEB, 0x64, 0x25, 0x0E, 0xA0, 0xFF, 0xC2, 0xB1, 0x00, 0x00,
    0xE1, 0x44, 0x00, 0x00, 0x00, 0xE1, 0x44, 0x00, 0x00, 0x00, 0xE1, 0x44, 0x00, 0x00, 0x00, 0xE1,
    0x44, 0x00, 0x00, 0x00, 0xE1, 0x44, 0x00, 0x00, 0x00, 0x0C, 0x04, 0x00, 0x00, 0x00, 0xB1, 0x17,
    0x00, 0x00, 0x00, 0xFF, 0x2E, 0x00, 0x00, 0x00, 0xFF, 0x2E, 0x00, 0x00, 0x00, 0xFF, 0x2E, 0x00,
    0x00, 0x00, 0xFF, 0x2E, 0x00, 0x1A, 0x66, 0xFF, 0x2E, 0x00, 0x60, 0xFF, 0xFF, 0xD0, 0xA0, 0x00,
    0x00, 0xC3, 0x00, 0x00, 0x00, 0x00, 0xC3, 0x00, 0x00, 0x00, 0x00, 0xC3, 0x00, 0x00, 0x00, 0x00,
    0xC3, 0x00, 0x00, 0x00, 0x00, 0xC3, 0x00, 0x00, 0x00, 0x00, 0x2E, 0x00, 0x00, 0x00, 0x00, 0xB1,
    0x17, 0x00, 0x00, 0x00, 0xFF, 0x2E, 0x00, 0x00, 0x00, 0xFF, 0x2E, 0x00, 0x00, 0x00, 0xFF, 0x2E,
    0x00, 0x00, 0x00, 0xFF, 0x2E, 0x00, 0x00, 0x00, 0xFF, 0x87, 0x45, 0x3D, 0xC3, 0xFF, 0xFF, 0xD0,
    0x00, 0x00, 0xC3, 0x00, 0x00, 0x00, 0x00, 0xC3, 0x00, 0x00, 0x00, 0x00, 0xC3, 0x00, 0x00, 0x00,
    0x00, 0xC3, 0x00, 0x00, 0x00, 0x00, 0xC3, 0x00, 0x00, 0x00, 0x00, 0x2E, 0x00, 0x00, 0x00, 0x00,
    0x75, 0x00, 0x00, 0x00, 0x00, 0xC3, 0x00, 0x00, 0x00, 0x00, 0xC3, 0x00, 0x00, 0x00, 0x00, 0xC3,
    0x00, 0x00, 0x00, 0x00, 0xC3, 0x00, 0x00, 0x1A, 0x66, 0xE3, 0x0C, 0x00, 0x60, 0xFF, 0xFF, 0xD1,
    0xA0, 0x00, 0x00, 0xFF, 0x2E, 0x00, 0x00, 0x00, 0xFF, 0x2E, 0x00, 0x00, 0x00, 0xFF, 0x2E, 0x00,
    0x00, 0x00, 0xFF, 0x2E, 0x00, 0x00, 0x00, 0xFF, 0x2E, 0x00, 0x00, 0x00, 0x46, 0x09, 0x00, 0x00,
    0x00, 0x7F, 0x00, 0x00, 0x00, 0x00, 0xC3, 0x00, 0x00, 0x00, 0x00, 0xC3, 0x00, 0x00, 0x00, 0x00,
    0xC3, 0x00, 0x00, 0x00, 0x00, 0xC3, 0x00, 0x00, 0x00, 0x00, 0xE2, 0x78, 0x52, 0x3D, 0xC3, 0xFF,
    0xFF, 0xC6, 0x00, 0x00, 0xFF, 0x2E, 0x00, 0x00, 0x00, 0xFF, 0x2E, 0x00, 0x00, 0x00, 0xFF, 0x2E,
    0x00, 0x00, 0x00, 0xFF, 0x2E, 0x00, 0x00, 0x00, 0xFF, 0x2E, 0x00, 0x00, 0x00, 0x36, 0x06, 0x00,
    0x00, 0x00, 0x87, 0x29, 0x00, 0x00, 0x00, 0xE1, 0x44, 0x00, 0x00, 0x00, 0xE1, 0x44, 0x00, 0x00,
    0x00, 0xE1, 0x44, 0x00, 0x00, 0x00, 0xE1, 0x44, 0x00, 0x07, 0x66, 0xFA, 0x90, 0x5D, 0x1A, 0xFF,
    0xFF, 0xFF, 0xFF, 0x00, 0x00, 0x96, 0x22, 0x00, 0x00, 0x00, 0x96, 0x22, 0x00, 0x00, 0x00, 0x96,
    0x22, 0x00, 0x00, 0x00, 0x96, 0x22, 0x00, 0x00, 0x00, 0x96, 0x22, 0x00, 0x00, 0x00, 0x1E, 0x06,
    0x00, 0x00, 0x00, 0x4B, 0x11, 0x00, 0x00, 0x00, 0x96, 0x22, 0x00, 0x00, 0x00, 0x96, 0x22, 0x00,
    0x00, 0x00, 0x96, 0x22, 0x00, 0x00, 0x00, 0x96, 0x22, 0x00, 0x07, 0x66, 0xB0, 0x7E, 0x5D, 0x1A,
    0xFF, 0xFF, 0xFF, 0xFF, 0x00, 0x00, 0xE1, 0x44, 0x00, 0x00, 0x00, 0xE1, 0x44, 0x00, 0x00, 0x00,
    0xE1, 0x44, 0x00, 0x00, 0x00, 0xE1, 0x44, 0x00, 0x00, 0x00, 0xE1, 0x44, 0x00, 0x00, 0x00, 0x36,
    0x10, 0x00, 0x00, 0x00, 0xC0, 0x1D, 0x00, 0x00, 0x00, 0xFF, 0x2E, 0x00, 0x00, 0x00, 0xFF, 0x2E,
    0x00, 0x00, 0x00, 0xFF, 0x2E, 0x00, 0x00, 0x00, 0xFF, 0x2E, 0x00, 0x2A, 0xA2, 0xFF, 0x52, 0x1C,
    0x52, 0xFF, 0xFF, 0xB3, 0x84, 0x00, 0x00, 0xFF, 0x2E, 0x00, 0x00, 0x00, 0xFF, 0x2E, 0x00, 0x00,
    0x00, 0xFF, 0x2E, 0x00, 0x00, 0x00, 0xFF, 0x2E, 0x00, 0x00, 0x00, 0xFF, 0x2E, 0x00, 0x00, 0x00,
    0x10, 0x02, 0x00, 0x00, 0x00, 0xC0, 0x1D, 0x00, 0x00, 0x00, 0xFF, 0x2E, 0x00, 0x00, 0x00, 0xFF,
    0x2E, 0x00, 0x00, 0x00, 0xFF, 0x2E, 0x00, 0x00, 0x00, 0xFF, 0x2E, 0x00, 0x0A, 0x2A, 0xFF, 0xAC,
    0x6F, 0x32, 0xA0, 0xFF, 0xFF, 0xB2, 0x00, 0x00, 0xFF, 0x2E, 0x00, 0x00, 0x00, 0xFF, 0x2E, 0x00,
    0x00, 0x00, 0xFF, 0x2E, 0x00, 0x00, 0x00, 0xFF, 0x2E, 0x00, 0x00, 0x00, 0xFF, 0x2E, 0x00, 0x00,
    0x00, 0x10, 0x02, 0x00, 0x00, 0x00, 0xB1, 0x35, 0x00, 0x00, 0x00, 0xE1, 0x44, 0x00, 0x00, 0x00,
    0xE1, 0x44, 0x00, 0x00, 0x00, 0xE1, 0x44, 0x00, 0x00, 0x00, 0xE1, 0x44, 0x00, 0x0C, 0xA2, 0xFF,
    0xBE, 0x94, 0x16, 0xFF, 0xFF, 0xFF, 0xEE, 0x00, 0x00, 0xE1, 0x44, 0x00, 0x00, 0x00, 0xE1, 0x44,
    0x00, 0x00, 0x00, 0xE1, 0x44, 0x00, 0x00, 0x00, 0xE1, 0x44, 0x00, 0x00, 0x00, 0xE1, 0x44, 0x00,
    0x00, 0x00, 0x0C, 0x04, 0x00, 0x4C, 0xC3, 0x06, 0x61, 0xB2, 0x21, 0x66, 0x03, 0x2A, 0x5D, 0x78,
    0xFF, 0x0A, 0x99, 0xFF, 0x61, 0xC3, 0xC3, 0x0D, 0x00, 0x6D, 0xC3, 0xC3, 0x03, 0x94, 0x30, 0xFF,
    0x72, 0xFF, 0x72, 0x15, 0x06, 0x00, 0x00, 0xA5, 0x34, 0xFF, 0x72, 0xFF, 0x72, 0x04, 0x01, 0x12,
    0xC8, 0xC8, 0xC8, 0xB7, 0x11, 0xC3, 0xC3, 0xC3, 0xB2, 0x99, 0x9D, 0xC3, 0xC8, 0xC3, 0xC8, 0xC3,
    0xC8, 0xC3, 0xC8, 0xC3, 0xC8, 0xC3, 0xC8, 0xC3, 0xC8, 0xC3, 0xC8, 0xC3, 0xC8, 0xC3, 0xC8, 0xC3,
    0xC8, 0x0A, 0x0A, 0xBC, 0xC8, 0xA8, 0xC3, 0xC3, 0xA3, 0x41, 0x00, 0x00, 0x41, 0x00, 0x00, 0x41,
    0x00, 0x00, 0x41, 0x00, 0x00, 0x41, 0x00, 0x00, 0x0C, 0x00, 0x00, 0xFF, 0xC3, 0xB2, 0xC3, 0x00,
    0x00, 0xC3, 0x00, 0x00, 0xC3, 0x00, 0x00, 0xC3, 0x00, 0x00, 0xC3, 0x00, 0x00, 0x24, 0x00, 0x00,
    0xD6, 0xC8, 0xA8, 0xBF, 0xC3, 0xA3, 0xB9, 0x00, 0x00, 0xB9, 0x00, 0x00, 0xB9, 0x00, 0x00, 0xB9,
    0x00, 0x00, 0xAD, 0x00, 0x00, 0x00, 0x4B, 0xC8, 0xC8, 0xF2, 0x00, 0x48, 0xC3, 0xC3, 0xFF, 0x00,
    0x00, 0x00, 0x00, 0xC3, 0x00, 0x00, 0x00, 0x00, 0xC3, 0x00, 0x00, 0x00, 0x00, 0xC3, 0x00, 0x00,
    0x00, 0x00, 0xC3, 0x00, 0x00, 0x00, 0x00, 0xC3, 0x00, 0x00, 0x00, 0x00, 0x24, 0x2B, 0xAA, 0xC3,
    0xFC, 0xF2, 0x00, 0x00, 0x00, 0xC4, 0xC8, 0x00, 0x00, 0x00, 0xC4, 0xC8, 0x00, 0x00, 0x00, 0xC4,
    0xC8, 0x00, 0x00, 0x00, 0xC4, 0xC8, 0x00, 0x00, 0x00, 0xC4, 0xC8, 0x00, 0x00, 0x00, 0x24, 0x25,
    0x0D, 0xA4, 0xC8, 0xCA, 0xD4, 0x0D, 0xA0, 0xC3, 0x9A, 0xC8, 0x00, 0x00, 0x00, 0xC4, 0xC8, 0x00,
    0x00, 0x00, 0xC4, 0xC8, 0x00, 0x00, 0x00, 0xC4, 0xC8, 0x00, 0x00, 0x00, 0xC4, 0xC8, 0x00, 0x00,
    0x00, 0xB7, 0xBB, 0x3B, 0x00, 0x00, 0x41, 0x00, 0x00, 0x41, 0x00, 0x00, 0x41, 0x00, 0x00, 0x41,
    0x00, 0x00, 0xC3, 0xC3, 0xA3, 0xC3, 0xC3, 0xA3, 0x7F, 0x00, 0x00, 0xC3, 0x00, 0x00, 0xC3, 0x00,
    0x00, 0xC3, 0x00, 0x00, 0xC3, 0x00, 0x00, 0xC3, 0x00, 0x00, 0xC3, 0xC3, 0xB2, 0x78, 0x00, 0x00,
    0xB9, 0x00, 0x00, 0xB9, 0x00, 0x00, 0xB9, 0x00, 0x00, 0xB9, 0x00, 0x00, 0xC0, 0xBE, 0x9F, 0xD7,
    0xC3, 0xA3, 0x00, 0x00, 0x00, 0x00, 0xB2, 0x00, 0x00, 0x00, 0x00, 0xC3, 0x00, 0x00, 0x00, 0x00,
    0xC3, 0x00, 0x00, 0x00, 0x00, 0xC3, 0x00, 0x00, 0x00, 0x00, 0xC3, 0x00, 0x48, 0xC3, 0xC3, 0xFF,
    0x00, 0x48, 0xC3, 0xC3, 0xFF, 0x00, 0x00, 0x00, 0x80, 0x82, 0x00, 0x00, 0x00, 0xC4, 0xC8, 0x00,
    0x00, 0x00, 0xC4, 0xC8, 0x00, 0x00, 0x00, 0xC4, 0xC8, 0x00, 0x00, 0x00, 0xC4, 0xC8, 0x00, 0x00,
    0x00, 0xC4, 0xC8, 0x2B, 0xAA, 0xC3, 0xBD, 0xA3, 0x00, 0x00, 0x00, 0x80, 0x82, 0x00, 0x00, 0x00,
    0xC4, 0xC8, 0x00, 0x00, 0x00, 0xC4, 0xC8, 0x00, 0x00, 0x00, 0xC4, 0xC8, 0x00, 0x00, 0x00, 0xC4,
    0xC8, 0x0D, 0x9C, 0xBE, 0xBD, 0xC8, 0x0D, 0xA0, 0xC3, 0xCC, 0xF2, 0x33, 0x00, 0x00, 0x41, 0x00,
    0x00, 0x41, 0x00, 0x00, 0x41, 0x00, 0x00, 0x41, 0x00, 0x00, 0xC3, 0xC3, 0xA3, 0xAC, 0xA0, 0x87,
    0x5D, 0x2A, 0x1C, 0x41, 0x00, 0x00, 0x41, 0x00, 0x00, 0x41, 0x00, 0x00, 0x41, 0x00, 0x00, 0x03,
    0x00, 0x00, 0x91, 0x00, 0x00, 0xB9, 0x00, 0x00, 0xB9, 0x00, 0x00, 0xB9, 0x00, 0x00, 0xB9, 0x00,
    0x00, 0xBE, 0x2A, 0x1C, 0xD4, 0xA0, 0x87, 0xB9, 0x00, 0x00, 0xB9, 0x00, 0x00, 0xB9, 0x00, 0x00,
    0xB9, 0x00, 0x00, 0xB9, 0x00, 0x00, 0x09, 0x00, 0x00, 0x91, 0x00, 0x00, 0xB9, 0x00, 0x00, 0xB9,
    0x00, 0x00, 0xB9, 0x00, 0x00, 0xB9, 0x00, 0x00, 0xCC, 0xC3, 0xA3, 0xA9, 0xA0, 0x87, 0xBE, 0x2A,
    0x1C, 0xB9, 0x00, 0x00, 0xB9, 0x00, 0x00, 0xB9, 0x00, 0x00, 0xB9, 0x00, 0x00, 0x09, 0x00, 0x00,
    0x00, 0x00, 0x00, 0x00, 0x99, 0x00, 0x00, 0x00, 0x00, 0xC3, 0x00, 0x00, 0x00, 0x00, 0xC3, 0x00,
    0x00, 0x00, 0x00, 0xC3, 0x00, 0x00, 0x00, 0x00, 0xC3, 0x00, 0x48, 0xC3, 0xC3, 0xFF, 0x00, 0x3C,
    0xA0, 0xA0, 0xFF, 0x00, 0x0C, 0x2A, 0x2A, 0xCF, 0x00, 0x00, 0x00, 0x00, 0xC3, 0x00, 0x00, 0x00,
    0x00, 0xC3, 0x00, 0x00, 0x00, 0x00, 0xC3, 0x00, 0x00, 0x00, 0x00, 0xC3, 0x00, 0x00, 0x00, 0x00,
    0x0A, 0x00, 0x00, 0x00, 0x9A, 0x9D, 0x00, 0x00, 0x00, 0xC4, 0xC8, 0x00, 0x00, 0x00, 0xC4, 0xC8,
    0x00, 0x00, 0x00, 0xC4, 0xC8, 0x00, 0x00, 0x00, 0xC4, 0xC8, 0x02, 0x22, 0x2A, 0xC4, 0xC8, 0x0B,
    0x84, 0xA0, 0xC4, 0xC8, 0x00, 0x00, 0x00, 0xC4, 0xC8, 0x00, 0x00, 0x00, 0xC4, 0xC8, 0x00, 0x00,
    0x00, 0xC4, 0xC8, 0x00, 0x00, 0x00, 0xC4, 0xC8, 0x00, 0x00, 0x00, 0xC4, 0xC8, 0x00, 0x00, 0x00,
    0x0A, 0x0A, 0x00, 0x00, 0x00, 0x9A, 0x9D, 0x00, 0x00, 0x00, 0xC4, 0xC8, 0x00, 0x00, 0x00, 0xC4,
    0xC8, 0x00, 0x00, 0x00, 0xC4, 0xC8, 0x00, 0x00, 0x00, 0xC4, 0xC8, 0x0D, 0xA0, 0xC3, 0xB2, 0xC8,
    0x0B, 0x84, 0xA0, 0x86, 0xC8, 0x02, 0x22, 0x2A, 0xC4, 0xC8, 0x00, 0x00, 0x00, 0xC4, 0xC8, 0x00,
    0x00, 0x00, 0xC4, 0xC8, 0x00, 0x00, 0x00, 0xC4, 0xC8, 0x00, 0x00, 0x00, 0xC4, 0xC8, 0x00, 0x00,
    0x00, 0x0A, 0x0A, 0x12, 0xC8, 0xC8, 0xC8, 0xB7, 0x11, 0xC3, 0xC3, 0xC3, 0xB2, 0x00, 0x00, 0x96,
    0x22, 0x00, 0x00, 0x00, 0x96, 0x22, 0x00, 0x00, 0x00, 0x96, 0x22, 0x00, 0x00, 0x00, 0x96, 0x22,
    0x00, 0x00, 0x00, 0x8B, 0x1F, 0x00, 0x11, 0xC3, 0xFF, 0xDB, 0xB2, 0x00, 0x00, 0xC3, 0x4E, 0x00,
    0x00, 0x00, 0xC3, 0x4E, 0x00, 0x00, 0x00, 0xC3, 0x4E, 0x00, 0x00, 0x00, 0xC3, 0x4E, 0x00, 0x00,
    0x00, 0xC3, 0x4E, 0x00, 0x00, 0x00, 0x24, 0x0E, 0x00, 0x12, 0xC8, 0xC8, 0xC8, 0xB7, 0x11, 0xC3,
    0x8E, 0xBD, 0xB2, 0x00, 0x00, 0xC3, 0x4E, 0x00, 0x00, 0x00, 0xC3, 0x4E, 0x00, 0x00, 0x00, 0xC3,
    0x4E, 0x00, 0x00, 0x00, 0xC3, 0x4E, 0x00, 0x00, 0x00, 0xB6, 0x49, 0x00, 0x00, 0x00, 0x51, 0x12,
    0x00, 0x00, 0x00, 0x96, 0x22, 0x00, 0x00, 0x00, 0x96, 0x22, 0x00, 0x00, 0x00, 0x96, 0x22, 0x00,
    0x00, 0x00, 0x96, 0x22, 0x00, 0x11, 0xBE, 0xD7, 0xC3, 0xAF, 0x11, 0xC3, 0xC3, 0xC3, 0xB2, 0x00,
    0x00, 0x7F, 0x33, 0x00, 0x00, 0x00, 0xC3, 0x4E, 0x00, 0x00, 0x00, 0xC3, 0x4E, 0x00, 0x00, 0x00,
    0xC3, 0x4E, 0x00, 0x00, 0x00, 0xC3, 0x4E, 0x00, 0x00, 0x00, 0xC3, 0x4E, 0x00, 0x11, 0xC3, 0xC3,
    0xC3, 0xB2, 0x00, 0x00, 0x7F, 0x33, 0x00, 0x00, 0x00, 0xC3, 0x4E, 0x00, 0x00, 0x00, 0xC3, 0x4E,
    0x00, 0x00, 0x00, 0xC3, 0x4E, 0x00, 0x00, 0x00, 0xC3, 0x4E, 0x00, 0x11, 0xBE, 0xBA, 0xBD, 0xAF,
    0x11, 0xC3, 0xC3, 0xC3, 0xB2, 0x00, 0x00, 0x61, 0x16, 0x00, 0x00, 0x00, 0x96, 0x22, 0x00, 0x00,
    0x00, 0x96, 0x22, 0x00, 0x00, 0x00, 0x96, 0x22, 0x00, 0x00, 0x00, 0x96, 0x22, 0x00, 0x11, 0xC3,
    0xF3, 0xCD, 0xB2, 0x0E, 0xA0, 0xDE, 0xAE, 0xB1, 0x02, 0x2A, 0xAF, 0x47, 0x25, 0x00, 0x00, 0x96,
    0x22, 0x00, 0x00, 0x00, 0x96, 0x22, 0x00, 0x00, 0x00, 0x96, 0x22, 0x00, 0x00, 0x00, 0x96, 0x22,
    0x00, 0x00, 0x00, 0x06, 0x01, 0x00, 0x00, 0x00, 0x99, 0x3D, 0x00, 0x00, 0x00, 0xC3, 0x4E, 0x00,
    0x00, 0x00, 0xC3, 0x4E, 0x00, 0x00, 0x00, 0xC3, 0x4E, 0x00, 0x00, 0x00, 0xC3, 0x4E, 0x00, 0x02,
    0x2A, 0xCF, 0x6C, 0x25, 0x0E, 0xA0, 0xFF, 0xC6, 0xB1, 0x00, 0x00, 0xC3, 0x4E, 0x00, 0x00, 0x00,
    0xC3, 0x4E, 0x00, 0x00, 0x00, 0xC3, 0x4E, 0x00, 0x00, 0x00, 0xC3, 0x4E, 0x00, 0x00, 0x00, 0xC3,
    0x4E, 0x00, 0x00, 0x00, 0x0A, 0x04, 0x00, 0x00, 0x00, 0x7F, 0x2F, 0x00, 0x00, 0x00, 0xC3, 0x48,
    0x00, 0x00, 0x00, 0xC3, 0x48, 0x00, 0x00, 0x00, 0xC3, 0x48, 0x00, 0x00, 0x00, 0xC3, 0x48, 0x00,
    0x11, 0xBE, 0xBA, 0xBE, 0x9F, 0x11, 0xC3, 0x8E, 0xC1, 0xA3, 0x00, 0x00, 0xC3, 0x48, 0x00, 0x00,
    0x00, 0xC3, 0x48, 0x00, 0x00, 0x00, 0xC3, 0x48, 0x00, 0x00, 0x00, 0xC3, 0x48, 0x00, 0x00, 0x00,
    0xB6, 0x43, 0x00, 0x56, 0xCA, 0xA3, 0x8A, 0x00, 0x00, 0x4D, 0x00, 0x00, 0x41, 0x00, 0x00, 0x41,
    0x00, 0x00, 0x41, 0x00, 0x00, 0x0C, 0x00, 0x00, 0x00, 0x48, 0xC1, 0xB1, 0x12, 0x00, 0x00, 0x00,
    0x45, 0xB1, 0x00, 0x00, 0x00, 0x00, 0xC1, 0x00, 0x00, 0x00, 0x00, 0xC3, 0x00, 0x00, 0x00, 0x00,
    0xC3, 0x00, 0x00, 0x00, 0x00, 0xC3, 0x00, 0x00, 0x00, 0x00, 0x24, 0x00, 0x00, 0x00, 0x00, 0x7F,
    0x00, 0x00, 0x00, 0x00, 0xC3, 0x00, 0x00, 0x00, 0x00, 0xC3, 0x00, 0x00, 0x00, 0x00, 0xC1, 0x00,
    0x00, 0x00, 0x00, 0xCA, 0x00, 0x00, 0x21, 0xA7, 0x81, 0x00, 0x48, 0xA6, 0x4F, 0x00, 0x2A, 0x00,
    0x00, 0x41, 0x00, 0x00, 0x41, 0x00, 0x00, 0x42, 0x00, 0x00, 0x69, 0x00, 0x00, 0x98, 0x49, 0x04,
    0x0F, 0xA9, 0x9F, 0x00, 0x00, 0x00, 0x2C, 0x64, 0x00, 0x00, 0x00, 0x97, 0x36, 0x00, 0x00, 0x34,
    0x8D, 0x00, 0x00, 0x00, 0xC3, 0x19, 0x00, 0x00, 0x41, 0xB8, 0x00, 0x00, 0x00, 0xA6, 0x0F, 0x00,
    0x00, 0x46, 0x8F, 0x00, 0x00, 0x00, 0x81, 0x2E, 0x00, 0x00, 0x00, 0x81, 0x17, 0x00, 0x00, 0x00,
    0x53, 0x00, 0x00, 0x00, 0x00, 0x10, 0x00, 0x00, 0x00, 0x00, 0x34, 0x00, 0x00, 0x00, 0x00, 0x5D,
    0x04, 0x00, 0x00, 0x00, 0x7D, 0x20, 0x00, 0x00, 0x00, 0x70, 0x45, 0x00, 0x00, 0x00, 0x1A, 0x9D,
    0x00, 0x00, 0x00, 0x00, 0x85, 0x42, 0x00, 0x00, 0x00, 0x12, 0xC9, 0x00, 0x00, 0x00, 0x00, 0xA8,
    0x4D, 0x00, 0x00, 0x00, 0x09, 0xA9, 0x01, 0x00, 0x00, 0x00, 0x81, 0x73, 0x00, 0x00, 0x00, 0x08,
    0x25, 0x4A, 0x00, 0x00, 0x47, 0x7F, 0x65, 0x09, 0x00, 0xA4, 0x1C, 0x82, 0x26, 0x57, 0x8E, 0x00,
    0x63, 0x5B, 0xD2, 0x0A, 0x00, 0x0D, 0xD0, 0x8E, 0x00, 0x00, 0x04, 0xCD, 0x67, 0x00, 0x00, 0x61,
    0x7C, 0xD4, 0x01, 0x00, 0x84, 0x29, 0x7F, 0x6E, 0x00, 0x6D, 0x0F, 0x00, 0xAB, 0x0A, 0x4C, 0x00,
    0x00, 0x64, 0x8A, 0x02, 0x00, 0x00, 0x01, 0x06, 0x00, 0x48, 0xC3, 0xC3, 0xC3, 0x4C, 0xC3, 0xC3,
    0xC3, 0xC3, 0xC3, 0xA1, 0xA0, 0xC3, 0xB2, 0xC3, 0xC3, 0xC3, 0xC3, 0xC3, 0xC3, 0x24, 0x00, 0x1F,
    0x66, 0x66, 0x66, 0x00, 0x72, 0xFF, 0xFF, 0xFF, 0x73, 0x24, 0xFF, 0x72, 0xFF, 0x72, 0xFF, 0x72,
    0xFF, 0x72, 0xFF, 0x72, 0xF3, 0x5D, 0x51, 0x66, 0x5D, 0xD9, 0xFF, 0xFF, 0xFF, 0x72, 0xFF, 0x72,
    0xFF, 0x72, 0xFF, 0x72, 0xFF, 0x72, 0xFF, 0x72, 0x36, 0x10, 0x00, 0x00, 0x27, 0x66, 0x5D, 0x11,
    0xC3, 0xED, 0xFF, 0xFF, 0x7F, 0x00, 0xC3, 0x00, 0xC3, 0x00, 0xC3, 0x00, 0xC3, 0x00, 0xC3, 0x00,
    0xFF, 0x72, 0xFF, 0x72, 0xFF, 0x72, 0xFF, 0x72, 0xFF, 0x72, 0xFF, 0x72, 0x36, 0x10, 0x19, 0x66,
    0x66, 0x00, 0x00, 0x5B, 0xFF, 0xFF, 0xC3, 0xA3, 0x73, 0x24, 0xFF, 0x72, 0xFF, 0x72, 0xFF, 0x72,
    0xFF, 0x72, 0xFF, 0x72, 0xFF, 0x5D, 0xC3, 0x00, 0xC3, 0x00, 0xC3, 0x00, 0xC3, 0x00, 0xC3, 0x00,
    0x57, 0x00, 0x10, 0x12, 0x12, 0x12, 0x12, 0x12, 0x0A, 0xFF, 0xFF, 0xFF, 0xFF, 0xFF, 0xFF, 0xBE,
    0xFF, 0xFF, 0xFF, 0xFF, 0xFF, 0xFF, 0xBE, 0xFF, 0xFF, 0xFF, 0xFF, 0xFF, 0xFF, 0xBE, 0xFF, 0xFF,
    0xFF, 0xFF, 0xFF, 0xFF, 0xBE, 0xFF, 0xFF, 0xFF, 0xFF, 0xFF, 0xFF, 0xBE, 0xFF, 0xFF, 0xFF, 0xFF,
    0xFF, 0xFF, 0xBE, 0xBE, 0xA5, 0xA5, 0xA5, 0xA5, 0xA5, 0x75, 0xFF, 0xC8, 0xC8, 0xC8, 0xC8, 0xC8,
    0xC3, 0xC3, 0x00, 0x00, 0x00, 0x00, 0x00, 0xC3, 0xC3, 0x00, 0x00, 0x00, 0x00, 0x00, 0xC3, 0xC3,
    0x00, 0x00, 0x00, 0x00, 0x00, 0xC3, 0xC3, 0x00, 0x00, 0x00, 0x00, 0x00, 0xC3, 0xC3, 0x00, 0x00,
    0x00, 0x00, 0x00, 0xC3, 0xBC, 0xC3, 0xC3, 0xC3, 0xC3, 0xC3, 0x8E, 0x00, 0x00, 0x00, 0x03, 0x00,
    0x00, 0x00, 0x00, 0x00, 0x19, 0xB6, 0x00, 0x00, 0x00, 0x00, 0x00, 0xA2, 0xFF, 0x37, 0x00, 0x00,
    0x00, 0x19, 0xFF, 0xFF, 0xC9, 0x00, 0x00, 0x00, 0xA2, 0xFF, 0xFF, 0xFF, 0x36, 0x00, 0x19, 0xFF,
    0xFF, 0xFF, 0xFF, 0xC9, 0x00, 0xA2, 0xFF, 0xFF, 0xFF, 0xFF, 0xFF, 0x36, 0x8B, 0xA2, 0xA2, 0xA2,
    0xA2, 0xA2, 0x4E, 0x06, 0x00, 0x00, 0x00, 0x00, 0x00, 0x00, 0xFF, 0x9A, 0x07, 0x00, 0x00, 0x00,
    0x00, 0xFF, 0xFF, 0xFF, 0x9A, 0x07, 0x00, 0x00, 0xFF, 0xFF, 0xFF, 0xFF, 0xFF, 0x9A, 0x09, 0xFF,
    0xFF, 0xFF, 0xFF, 0xFF, 0xDC, 0x3A, 0xFF, 0xFF, 0xFF, 0xDD, 0x49, 0x00, 0x00, 0xFF, 0xDC, 0x49,
    0x00, 0x00, 0x00, 0x00, 0x43, 0x00, 0x00, 0x00, 0x00, 0x00, 0x00, 0x31, 0x36, 0x36, 0x36, 0x36,
    0x36, 0x1E, 0xD0, 0xFF, 0xFF, 0xFF, 0xFF, 0xFF, 0x67, 0x3D, 0xFF, 0xFF, 0xFF, 0xFF, 0xF6, 0x00,
    0x00, 0xCF, 0xFF, 0xFF, 0xFF, 0x67, 0x00, 0x00, 0x3D, 0xFF, 0xFF, 0xF6, 0x00, 0x00, 0x00, 0x00,
    0xCF, 0xFF, 0x67, 0x00, 0x00, 0x00, 0x00, 0x3D, 0xF2, 0x00, 0x00, 0x00, 0x00, 0x00, 0x00, 0x21,
    0x00, 0x00, 0x00, 0x00, 0x00, 0x00, 0x00, 0x00, 0x00, 0x07, 0x00, 0x00, 0x00, 0x00, 0x2B, 0xBC,
    0xB5, 0x00, 0x00, 0x2D, 0xBC, 0xFF, 0xFF, 0xBE, 0x2D, 0xBC, 0xFF, 0xFF, 0xFF, 0xFF, 0xBE, 0x87,
    0xFF, 0xFF, 0xFF, 0xFF, 0xFF, 0xBE, 0x00, 0x06, 0x90, 0xFF, 0xFF, 0xFF, 0xBE, 0x00, 0x00, 0x00,
    0x06, 0x90, 0xFF, 0xBE, 0x00, 0x00, 0x00, 0x00, 0x00, 0x06, 0x3D, 0x00, 0x00, 0x00, 0x07, 0x00,
    0x00, 0x00, 0x00, 0x00, 0x82, 0xFF, 0x27, 0x00, 0x00, 0x00, 0x84, 0xFF, 0xFF, 0xFF, 0x25, 0x00,
    0x82, 0xFF, 0xFF, 0xFF, 0xFF, 0xFF, 0x25, 0xBC, 0xFF, 0xFF, 0xFF, 0xFF, 0xFF, 0x60, 0x01, 0xC1,
    0xFF, 0xFF, 0xFF, 0x67, 0x00, 0x00, 0x01, 0xC0, 0xFF, 0x67, 0x00, 0x00, 0x00, 0x00, 0x01, 0x42,
    0x00, 0x00, 0x00, 0x00, 0x00, 0x00, 0x07, 0x00, 0x00, 0x00, 0x00, 0x00, 0x82, 0xFF, 0x27, 0x00,
    0x00, 0x00, 0x84, 0xD0, 0x43, 0xF1, 0x25, 0x00, 0x82, 0xD0, 0x06, 0x00, 0x3D, 0xF0, 0x25, 0xBC,
    0xA2, 0x00, 0x00, 0x0F, 0xE7, 0x60, 0x01, 0xC0, 0x9C, 0x0F, 0xE1, 0x67, 0x00, 0x00, 0x01, 0xBF,
    0xFF, 0x67, 0x00, 0x00, 0x00, 0x00, 0x01, 0x42, 0x00, 0x00, 0x00, 0x00, 0x8B, 0xDC, 0xD5, 0xD3,
    0x45, 0x00, 0x99, 0xB5, 0x00, 0x00, 0x16, 0xDA, 0x34, 0xD9, 0x00, 0x00, 0x00, 0x00, 0x3A, 0xA8,
    0xD2, 0x00, 0x00, 0x00, 0x00, 0x0C, 0xC6, 0xD5, 0x13, 0x00, 0x00, 0x00, 0x6D, 0xA5, 0x49, 0xDD,
    0x48, 0x0D, 0x7E, 0xDC, 0x0D, 0x00, 0x27, 0xA0, 0xC5, 0x97, 0x09, 0x00, 0x00, 0x00, 0x0A, 0x24,
    0x01, 0x00, 0x00, 0x04, 0xA3, 0xFF, 0xFF, 0xFF, 0x61, 0x00, 0xBE, 0xFF, 0xFF, 0xFF, 0xFF, 0xFF,
    0x3A, 0xFF, 0xFF, 0xFF, 0xFF, 0xFF, 0xFF, 0xA0, 0xFF, 0xFF, 0xFF, 0xFF, 0xFF, 0xFF, 0xAF, 0xDA,
    0xFF, 0xFF, 0xFF, 0xFF, 0xFF, 0x75, 0x2B, 0xFF, 0xFF, 0xFF, 0xFF, 0xB9, 0x00, 0x00, 0x0A, 0x7F,
    0xA9, 0x4E, 0x00, 0x00, 0x4F, 0x9C, 0x9C, 0x9C, 0x9C, 0xAE, 0x96, 0x00, 0x00, 0x00, 0x00, 0x9C,
    0x96, 0x00, 0x00, 0x00, 0x00, 0x9C, 0x96, 0x00, 0x00, 0x00, 0x00, 0x9C, 0x96, 0x00, 0x00, 0x00,
    0x00, 0x9C, 0x90, 0x9C, 0x9C, 0x9C, 0x9C, 0xCA, 0x6C, 0xA2, 0xA2, 0xA2, 0xA2, 0xA1, 0x03, 0xA2,
    0x00, 0x00, 0x00, 0x30, 0x9D, 0x06, 0xA2, 0x00, 0x00, 0x2A, 0x70, 0x9C, 0x06, 0xA2, 0x00, 0x00,
    0xAC, 0x00, 0x9C, 0x06, 0xA2, 0x31, 0xD4, 0x82, 0x00, 0x9C, 0x06, 0xA8, 0x9C, 0xBD, 0xA0, 0x9C,
    0xCE, 0x04, 0x01, 0x06, 0x06, 0x06, 0x06, 0x04, 0x00, 0x00, 0x03, 0x00, 0xA2, 0x03, 0x00, 0x00,
    0x00, 0xA2, 0xF6, 0xFF, 0xFD, 0x90, 0x00, 0x76, 0xFD, 0x48, 0x00, 0x70, 0xF8, 0x58, 0x55, 0xD4,
    0x33, 0xFF, 0x0A, 0xFF, 0x28, 0xB7, 0xFF, 0x09, 0x69, 0x12, 0xFF, 0x85, 0x03, 0xB5, 0xE6, 0xAE,
    0xFC, 0xA5, 0x03, 0x00, 0x58, 0x5B, 0xFF, 0x64, 0x3F, 0x00, 0x00, 0x00, 0x00, 0x80, 0x22, 0x00,
    0x00, 0x49, 0xD7, 0x37, 0x7F, 0x11, 0xBE, 0xBE, 0x00, 0xCF, 0x34, 0xFF, 0x6D, 0x00, 0xD0, 0xA2,
    0xFF, 0x0A, 0x00, 0xA1, 0xFF, 0xB6, 0x00, 0x00, 0x81, 0xF7, 0x45, 0x00, 0x00, 0x00, 0x00, 0x30,
    0x00, 0x18, 0x8B, 0x00, 0x00, 0xFF, 0x52, 0xF7, 0xA6, 0x00, 0x00, 0xA6, 0xFF, 0xC6, 0x00, 0x00,
    0x00, 0xA5, 0xFF, 0x5D, 0x00, 0x00, 0x42, 0xFF, 0xD3, 0xE8, 0x00, 0x0D, 0xFF, 0xA8, 0x0A, 0xDC,
    0x06, 0x54, 0xFB, 0x04, 0x00, 0x00, 0x00, 0x00, 0x06, 0x00, 0x00, 0x00, 0x00, 0x00, 0x00, 0x00,
    0x00, 0x00, 0x06, 0x00, 0x15, 0xA0, 0x1B, 0x00, 0x55, 0xFF, 0x3C, 0x25, 0xFF, 0xCD, 0x52, 0xFF,
    0xE9, 0x0D, 0x00, 0xD5, 0xFF, 0xFF, 0xFD, 0x0D, 0x00, 0x00, 0x60, 0xFF, 0xFF, 0x5A, 0x00, 0x00,
    0x12, 0xFF, 0xFF, 0xFF, 0xFF, 0x0F, 0x00, 0xB6, 0xFF, 0xAC, 0xFF, 0xFF, 0x82, 0x00, 0x9A, 0xC5,
    0x00, 0x36, 0x82, 0x00, 0x00, 0x00, 0x00, 0x00, 0x00, 0x00, 0x00, 0x00, 0x00, 0x6C, 0xC8, 0x12,
    0x00, 0xAE, 0xFF, 0x1E, 0x00, 0xAE, 0xFF, 0x1E, 0x00, 0xAE, 0xFF, 0x1E, 0x18, 0xEE, 0xFF, 0xA6,
    0x00, 0x78, 0xFF, 0x1F, 0x00, 0x00, 0x04, 0x00,
};
