// Auto-generated VLW font: ibmplex_bold_12
// Size: 31141 bytes (30.4 KB)
#pragma once
#include <pgmspace.h>

const uint8_t ibmplex_bold_12[] PROGMEM = {
    0x00, 0x00, 0x01, 0x65, 0x00, 0x00, 0x00, 0x06, 0x00, 0x00, 0x00, 0x0C, 0x00, 0x00, 0x00, 0x00,
    0x00, 0x00, 0x00, 0x0D, 0x00, 0x00, 0x00, 0x04, 0x00, 0x00, 0x00, 0x20, 0x00, 0x00, 0x00, 0x00,
    0x00, 0x00, 0x00, 0x00, 0x00, 0x00, 0x00, 0x07, 0x00, 0x00, 0x00, 0x00, 0x00, 0x00, 0x00, 0x00,
    0x00, 0x00, 0x00, 0x00, 0x00, 0x00, 0x00, 0x21, 0x00, 0x00, 0x00, 0x08, 0x00, 0x00, 0x00, 0x03,
    0x00, 0x00, 0x00, 0x07, 0x00, 0x00, 0x00, 0x08, 0x00, 0x00, 0x00, 0x02, 0x00, 0x00, 0x00, 0x00,
    0x00, 0x00, 0x00, 0x22, 0x00, 0x00, 0x00, 0x04, 0x00, 0x00, 0x00, 0x05, 0x00, 0x00, 0x00, 0x07,
    0x00, 0x00, 0x00, 0x08, 0x00, 0x00, 0x00, 0x01, 0x00, 0x00, 0x00, 0x00, 0x00, 0x00, 0x00, 0x23,
    0x00, 0x00, 0x00, 0x08, 0x00, 0x00, 0x00, 0x07, 0x00, 0x00, 0x00, 0x07, 0x00, 0x00, 0x00, 0x08,
    0x00, 0x00, 0x00, 0x00, 0x00, 0x00, 0x00, 0x00, 0x00, 0x00, 0x00, 0x24, 0x00, 0x00, 0x00, 0x0B,
    0x00, 0x00, 0x00, 0x07, 0x00, 0x00, 0x00, 0x07, 0x00, 0x00, 0x00, 0x0A, 0x00, 0x00, 0x00, 0x00,
    0x00, 0x00, 0x00, 0x00, 0x00, 0x00, 0x00, 0x25, 0x00, 0x00, 0x00, 0x08, 0x00, 0x00, 0x00, 0x07,
    0x00, 0x00, 0x00, 0x07, 0x00, 0x00, 0x00, 0x08, 0x00, 0x00, 0x00, 0x00, 0x00, 0x00, 0x00, 0x00,
    0x00, 0x00, 0x00, 0x26, 0x00, 0x00, 0x00, 0x08, 0x00, 0x00, 0x00, 0x07, 0x00, 0x00, 0x00, 0x07,
    0x00, 0x00, 0x00, 0x08, 0x00, 0x00, 0x00, 0x00, 0x00, 0x00, 0x00, 0x00, 0x00, 0x00, 0x00, 0x27,
    0x00, 0x00, 0x00, 0x04, 0x00, 0x00, 0x00, 0x03, 0x00, 0x00, 0x00, 0x07, 0x00, 0x00, 0x00, 0x08,
    0x00, 0x00, 0x00, 0x02, 0x00, 0x00, 0x00, 0x00, 0x00, 0x00, 0x00, 0x28, 0x00, 0x00, 0x00, 0x0B,
    0x00, 0x00, 0x00, 0x05, 0x00, 0x00, 0x00, 0x07, 0x00, 0x00, 0x00, 0x08, 0x00, 0x00, 0x00, 0x02,
    0x00, 0x00, 0x00, 0x00, 0x00, 0x00, 0x00, 0x29, 0x00, 0x00, 0x00, 0x0B, 0x00, 0x00, 0x00, 0x06,
    0x00, 0x00, 0x00, 0x07, 0x00, 0x00, 0x00, 0x08, 0x00, 0x00, 0x00, 0x00, 0x00, 0x00, 0x00, 0x00,
    0x00, 0x00, 0x00, 0x2A, 0x00, 0x00, 0x00, 0x06, 0x00, 0x00, 0x00, 0x07, 0x00, 0x00, 0x00, 0x07,
    0x00, 0x00, 0x00, 0x06, 0x00, 0x00, 0x00, 0x00, 0x00, 0x00, 0x00, 0x00, 0x00, 0x00, 0x00, 0x2B,
    0x00, 0x00, 0x00, 0x06, 0x00, 0x00, 0x00, 0x07, 0x00, 0x00, 0x00, 0x07, 0x00, 0x00, 0x00, 0x07,
    0x00, 0x00, 0x00, 0x00, 0x00, 0x00, 0x00, 0x00, 0x00, 0x00, 0x00, 0x2C, 0x00, 0x00, 0x00, 0x04,
    0x00, 0x00, 0x00, 0x03, 0x00, 0x00, 0x00, 0x07, 0x00, 0x00, 0x00, 0x02, 0x00, 0x00, 0x00, 0x02,
    0x00, 0x00, 0x00, 0x00, 0x00, 0x00, 0x00, 0x2D, 0x00, 0x00, 0x00, 0x02, 0x00, 0x00, 0x00, 0x05,
    0x00, 0x00, 0x00, 0x07, 0x00, 0x00, 0x00, 0x05, 0x00, 0x00, 0x00, 0x01, 0x00, 0x00, 0x00, 0x00,
    0x00, 0x00, 0x00, 0x2E, 0x00, 0x00, 0x00, 0x03, 0x00, 0x00, 0x00, 0x03, 0x00, 0x00, 0x00, 0x07,
    0x00, 0x00, 0x00, 0x03, 0x00, 0x00, 0x00, 0x02, 0x00, 0x00, 0x00, 0x00, 0x00, 0x00, 0x00, 0x2F,
    0x00, 0x00, 0x00, 0x0A, 0x00, 0x00, 0x00, 0x07, 0x00, 0x00, 0x00, 0x07, 0x00, 0x00, 0x00, 0x08,
    0x00, 0x00, 0x00, 0x00, 0x00, 0x00, 0x00, 0x00, 0x00, 0x00, 0x00, 0x30, 0x00, 0x00, 0x00, 0x08,
    0x00, 0x00, 0x00, 0x07, 0x00, 0x00, 0x00, 0x07, 0x00, 0x00, 0x00, 0x08, 0x00, 0x00, 0x00, 0x00,
    0x00, 0x00, 0x00, 0x00, 0x00, 0x00, 0x00, 0x31, 0x00, 0x00, 0x00, 0x08, 0x00, 0x00, 0x00, 0x07,
    0x00, 0x00, 0x00, 0x07, 0x00, 0x00, 0x00, 0x08, 0x00, 0x00, 0x00, 0x00, 0x00, 0x00, 0x00, 0x00,
    0x00, 0x00, 0x00, 0x32, 0x00, 0x00, 0x00, 0x08, 0x00, 0x00, 0x00, 0x07, 0x00, 0x00, 0x00, 0x07,
    0x00, 0x00, 0x00, 0x08, 0x00, 0x00, 0x00, 0x00, 0x00, 0x00, 0x00, 0x00, 0x00, 0x00, 0x00, 0x33,
    0x00, 0x00, 0x00, 0x08, 0x00, 0x00, 0x00, 0x07, 0x00, 0x00, 0x00, 0x07, 0x00, 0x00, 0x00, 0x08,
    0x00, 0x00, 0x00, 0x00, 0x00, 0x00, 0x00, 0x00, 0x00, 0x00, 0x00, 0x34, 0x00, 0x00, 0x00, 0x08,
    0x00, 0x00, 0x00, 0x07, 0x00, 0x00, 0x00, 0x07, 0x00, 0x00, 0x00, 0x08, 0x00, 0x00, 0x00, 0x00,
    0x00, 0x00, 0x00, 0x00, 0x00, 0x00, 0x00, 0x35, 0x00, 0x00, 0x00, 0x08, 0x00, 0x00, 0x00, 0x07,
    0x00, 0x00, 0x00, 0x07, 0x00, 0x00, 0x00, 0x08, 0x00, 0x00, 0x00, 0x00, 0x00, 0x00, 0x00, 0x00,
    0x00, 0x00, 0x00, 0x36, 0x00, 0x00, 0x00, 0x08, 0x00, 0x00, 0x00, 0x07, 0x00, 0x00, 0x00, 0x07,
    0x00, 0x00, 0x00, 0x08, 0x00, 0x00, 0x00, 0x00, 0x00, 0x00, 0x00, 0x00, 0x00, 0x00, 0x00, 0x37,
    0x00, 0x00, 0x00, 0x08, 0x00, 0x00, 0x00, 0x07, 0x00, 0x00, 0x00, 0x07, 0x00, 0x00, 0x00, 0x08,
    0x00, 0x00, 0x00, 0x00, 0x00, 0x00, 0x00, 0x00, 0x00, 0x00, 0x00, 0x38, 0x00, 0x00, 0x00, 0x08,
    0x00, 0x00, 0x00, 0x07, 0x00, 0x00, 0x00, 0x07, 0x00, 0x00, 0x00, 0x08, 0x00, 0x00, 0x00, 0x00,
    0x00, 0x00, 0x00, 0x00, 0x00, 0x00, 0x00, 0x39, 0x00, 0x00, 0x00, 0x08, 0x00, 0x00, 0x00, 0x07,
    0x00, 0x00, 0x00, 0x07, 0x00, 0x00, 0x00, 0x08, 0x00, 0x00, 0x00, 0x00, 0x00, 0x00, 0x00, 0x00,
    0x00, 0x00, 0x00, 0x3A, 0x00, 0x00, 0x00, 0x06, 0x00, 0x00, 0x00, 0x03, 0x00, 0x00, 0x00, 0x07,
    0x00, 0x00, 0x00, 0x06, 0x00, 0x00, 0x00, 0x02, 0x00, 0x00, 0x00, 0x00, 0x00, 0x00, 0x00, 0x3B,
    0x00, 0x00, 0x00, 0x08, 0x00, 0x00, 0x00, 0x03, 0x00, 0x00, 0x00, 0x07, 0x00, 0x00, 0x00, 0x06,
    0x00, 0x00, 0x00, 0x02, 0x00, 0x00, 0x00, 0x00, 0x00, 0x00, 0x00, 0x3C, 0x00, 0x00, 0x00, 0x07,
    0x00, 0x00, 0x00, 0x06, 0x00, 0x00, 0x00, 0x07, 0x00, 0x00, 0x00, 0x07, 0x00, 0x00, 0x00, 0x01,
    0x00, 0x00, 0x00, 0x00, 0x00, 0x00, 0x00, 0x3D, 0x00, 0x00, 0x00, 0x06, 0x00, 0x00, 0x00, 0x07,
    0x00, 0x00, 0x00, 0x07, 0x00, 0x00, 0x00, 0x07, 0x00, 0x00, 0x00, 0x00, 0x00, 0x00, 0x00, 0x00,
    0x00, 0x00, 0x00, 0x3E, 0x00, 0x00, 0x00, 0x07, 0x00, 0x00, 0x00, 0x06, 0x00, 0x00, 0x00, 0x07,
    0x00, 0x00, 0x00, 0x07, 0x00, 0x00, 0x00, 0x01, 0x00, 0x00, 0x00, 0x00, 0x00, 0x00, 0x00, 0x3F,
    0x00, 0x00, 0x00, 0x08, 0x00, 0x00, 0x00, 0x07, 0x00, 0x00, 0x00, 0x07, 0x00, 0x00, 0x00, 0x08,
    0x00, 0x00, 0x00, 0x00, 0x00, 0x00, 0x00, 0x00, 0x00, 0x00, 0x00, 0x40, 0x00, 0x00, 0x00, 0x0A,
    0x00, 0x00, 0x00, 0x07, 0x00, 0x00, 0x00, 0x07, 0x00, 0x00, 0x00, 0x08, 0x00, 0x00, 0x00, 0x00,
    0x00, 0x00, 0x00, 0x00, 0x00, 0x00, 0x00, 0x41, 0x00, 0x00, 0x00, 0x08, 0x00, 0x00, 0x00, 0x07,
    0x00, 0x00, 0x00, 0x07, 0x00, 0x00, 0x00, 0x08, 0x00, 0x00, 0x00, 0x00, 0x00, 0x00, 0x00, 0x00,
    0x00, 0x00, 0x00, 0x42, 0x00, 0x00, 0x00, 0x08, 0x00, 0x00, 0x00, 0x07, 0x00, 0x00, 0x00, 0x07,
    0x00, 0x00, 0x00, 0x08, 0x00, 0x00, 0x00, 0x00, 0x00, 0x00, 0x00, 0x00, 0x00, 0x00, 0x00, 0x43,
    0x00, 0x00, 0x00, 0x08, 0x00, 0x00, 0x00, 0x07, 0x00, 0x00, 0x00, 0x07, 0x00, 0x00, 0x00, 0x08,
    0x00, 0x00, 0x00, 0x00, 0x00, 0x00, 0x00, 0x00, 0x00, 0x00, 0x00, 0x44, 0x00, 0x00, 0x00, 0x08,
    0x00, 0x00, 0x00, 0x07, 0x00, 0x00, 0x00, 0x07, 0x00, 0x00, 0x00, 0x08, 0x00, 0x00, 0x00, 0x00,
    0x00, 0x00, 0x00, 0x00, 0x00, 0x00, 0x00, 0x45, 0x00, 0x00, 0x00, 0x08, 0x00, 0x00, 0x00, 0x07,
    0x00, 0x00, 0x00, 0x07, 0x00, 0x00, 0x00, 0x08, 0x00, 0x00, 0x00, 0x00, 0x00, 0x00, 0x00, 0x00,
    0x00, 0x00, 0x00, 0x46, 0x00, 0x00, 0x00, 0x08, 0x00, 0x00, 0x00, 0x07, 0x00, 0x00, 0x00, 0x07,
    0x00, 0x00, 0x00, 0x08, 0x00, 0x00, 0x00, 0x00, 0x00, 0x00, 0x00, 0x00, 0x00, 0x00, 0x00, 0x47,
    0x00, 0x00, 0x00, 0x08, 0x00, 0x00, 0x00, 0x07, 0x00, 0x00, 0x00, 0x07, 0x00, 0x00, 0x00, 0x08,
    0x00, 0x00, 0x00, 0x00, 0x00, 0x00, 0x00, 0x00, 0x00, 0x00, 0x00, 0x48, 0x00, 0x00, 0x00, 0x08,
    0x00, 0x00, 0x00, 0x07, 0x00, 0x00, 0x00, 0x07, 0x00, 0x00, 0x00, 0x08, 0x00, 0x00, 0x00, 0x00,
    0x00, 0x00, 0x00, 0x00, 0x00, 0x00, 0x00, 0x49, 0x00, 0x00, 0x00, 0x08, 0x00, 0x00, 0x00, 0x07,
    0x00, 0x00, 0x00, 0x07, 0x00, 0x00, 0x00, 0x08, 0x00, 0x00, 0x00, 0x00, 0x00, 0x00, 0x00, 0x00,
    0x00, 0x00, 0x00, 0x4A, 0x00, 0x00, 0x00, 0x08, 0x00, 0x00, 0x00, 0x07, 0x00, 0x00, 0x00, 0x07,
    0x00, 0x00, 0x00, 0x08, 0x00, 0x00, 0x00, 0x00, 0x00, 0x00, 0x00, 0x00, 0x00, 0x00, 0x00, 0x4B,
    0x00, 0x00, 0x00, 0x08, 0x00, 0x00, 0x00, 0x07, 0x00, 0x00, 0x00, 0x07, 0x00, 0x00, 0x00, 0x08,
    0x00, 0x00, 0x00, 0x00, 0x00, 0x00, 0x00, 0x00, 0x00, 0x00, 0x00, 0x4C, 0x00, 0x00, 0x00, 0x08,
    0x00, 0x00, 0x00, 0x06, 0x00, 0x00, 0x00, 0x07, 0x00, 0x00, 0x00, 0x08, 0x00, 0x00, 0x00, 0x01,
    0x00, 0x00, 0x00, 0x00, 0x00, 0x00, 0x00, 0x4D, 0x00, 0x00, 0x00, 0x08, 0x00, 0x00, 0x00, 0x07,
    0x00, 0x00, 0x00, 0x07, 0x00, 0x00, 0x00, 0x08, 0x00, 0x00, 0x00, 0x00, 0x00, 0x00, 0x00, 0x00,
    0x00, 0x00, 0x00, 0x4E, 0x00, 0x00, 0x00, 0x08, 0x00, 0x00, 0x00, 0x07, 0x00, 0x00, 0x00, 0x07,
    0x00, 0x00, 0x00, 0x08, 0x00, 0x00, 0x00, 0x00, 0x00, 0x00, 0x00, 0x00, 0x00, 0x00, 0x00, 0x4F,
    0x00, 0x00, 0x00, 0x08, 0x00, 0x00, 0x00, 0x07, 0x00, 0x00, 0x00, 0x07, 0x00, 0x00, 0x00, 0x08,
    0x00, 0x00, 0x00, 0x00, 0x00, 0x00, 0x00, 0x00, 0x00, 0x00, 0x00, 0x50, 0x00, 0x00, 0x00, 0x08,
    0x00, 0x00, 0x00, 0x07, 0x00, 0x00, 0x00, 0x07, 0x00, 0x00, 0x00, 0x08, 0x00, 0x00, 0x00, 0x00,
    0x00, 0x00, 0x00, 0x00, 0x00, 0x00, 0x00, 0x51, 0x00, 0x00, 0x00, 0x0A, 0x00, 0x00, 0x00, 0x07,
    0x00, 0x00, 0x00, 0x07, 0x00, 0x00, 0x00, 0x08, 0x00, 0x00, 0x00, 0x00, 0x00, 0x00, 0x00, 0x00,
    0x00, 0x00, 0x00, 0x52, 0x00, 0x00, 0x00, 0x08, 0x00, 0x00, 0x00, 0x07, 0x00, 0x00, 0x00, 0x07,
    0x00, 0x00, 0x00, 0x08, 0x00, 0x00, 0x00, 0x00, 0x00, 0x00, 0x00, 0x00, 0x00, 0x00, 0x00, 0x53,
    0x00, 0x00, 0x00, 0x08, 0x00, 0x00, 0x00, 0x07, 0x00, 0x00, 0x00, 0x07, 0x00, 0x00, 0x00, 0x08,
    0x00, 0x00, 0x00, 0x00, 0x00, 0x00, 0x00, 0x00, 0x00, 0x00, 0x00, 0x54, 0x00, 0x00, 0x00, 0x08,
    0x00, 0x00, 0x00, 0x07, 0x00, 0x00, 0x00, 0x07, 0x00, 0x00, 0x00, 0x08, 0x00, 0x00, 0x00, 0x00,
    0x00, 0x00, 0x00, 0x00, 0x00, 0x00, 0x00, 0x55, 0x00, 0x00, 0x00, 0x08, 0x00, 0x00, 0x00, 0x07,
    0x00, 0x00, 0x00, 0x07, 0x00, 0x00, 0x00, 0x08, 0x00, 0x00, 0x00, 0x00, 0x00, 0x00, 0x00, 0x00,
    0x00, 0x00, 0x00, 0x56, 0x00, 0x00, 0x00, 0x08, 0x00, 0x00, 0x00, 0x07, 0x00, 0x00, 0x00, 0x07,
    0x00, 0x00, 0x00, 0x08, 0x00, 0x00, 0x00, 0x00, 0x00, 0x00, 0x00, 0x00, 0x00, 0x00, 0x00, 0x57,
    0x00, 0x00, 0x00, 0x08, 0x00, 0x00, 0x00, 0x07, 0x00, 0x00, 0x00, 0x07, 0x00, 0x00, 0x00, 0x08,
    0x00, 0x00, 0x00, 0x00, 0x00, 0x00, 0x00, 0x00, 0x00, 0x00, 0x00, 0x58, 0x00, 0x00, 0x00, 0x08,
    0x00, 0x00, 0x00, 0x07, 0x00, 0x00, 0x00, 0x07, 0x00, 0x00, 0x00, 0x08, 0x00, 0x00, 0x00, 0x00,
    0x00, 0x00, 0x00, 0x00, 0x00, 0x00, 0x00, 0x59, 0x00, 0x00, 0x00, 0x08, 0x00, 0x00, 0x00, 0x07,
    0x00, 0x00, 0x00, 0x07, 0x00, 0x00, 0x00, 0x08, 0x00, 0x00, 0x00, 0x00, 0x00, 0x00, 0x00, 0x00,
    0x00, 0x00, 0x00, 0x5A, 0x00, 0x00, 0x00, 0x08, 0x00, 0x00, 0x00, 0x07, 0x00, 0x00, 0x00, 0x07,
    0x00, 0x00, 0x00, 0x08, 0x00, 0x00, 0x00, 0x00, 0x00, 0x00, 0x00, 0x00, 0x00, 0x00, 0x00, 0x5B,
    0x00, 0x00, 0x00, 0x0B, 0x00, 0x00, 0x00, 0x05, 0x00, 0x00, 0x00, 0x07, 0x00, 0x00, 0x00, 0x08,
    0x00, 0x00, 0x00, 0x02, 0x00, 0x00, 0x00, 0x00, 0x00, 0x00, 0x00, 0x5C, 0x00, 0x00, 0x00, 0x0A,
    0x00, 0x00, 0x00, 0x07, 0x00, 0x00, 0x00, 0x07, 0x00, 0x00, 0x00, 0x08, 0x00, 0x00, 0x00, 0x00,
    0x00, 0x00, 0x00, 0x00, 0x00, 0x00, 0x00, 0x5D, 0x00, 0x00, 0x00, 0x0B, 0x00, 0x00, 0x00, 0x04,
    0x00, 0x00, 0x00, 0x07, 0x00, 0x00, 0x00, 0x08, 0x00, 0x00, 0x00, 0x01, 0x00, 0x00, 0x00, 0x00,
    0x00, 0x00, 0x00, 0x5E, 0x00, 0x00, 0x00, 0x06, 0x00, 0x00, 0x00, 0x07, 0x00, 0x00, 0x00, 0x07,
    0x00, 0x00, 0x00, 0x08, 0x00, 0x00, 0x00, 0x00, 0x00, 0x00, 0x00, 0x00, 0x00, 0x00, 0x00, 0x5F,
    0x00, 0x00, 0x00, 0x03, 0x00, 0x00, 0x00, 0x07, 0x00, 0x00, 0x00, 0x07, 0x00, 0x00, 0x00, 0x00,
    0x00, 0x00, 0x00, 0x00, 0x00, 0x00, 0x00, 0x00, 0x00, 0x00, 0x00, 0x60, 0x00, 0x00, 0x00, 0x04,
    0x00, 0x00, 0x00, 0x04, 0x00, 0x00, 0x00, 0x07, 0x00, 0x00, 0x00, 0x0A, 0x00, 0x00, 0x00, 0x01,
    0x00, 0x00, 0x00, 0x00, 0x00, 0x00, 0x00, 0x61, 0x00, 0x00, 0x00, 0x06, 0x00, 0x00, 0x00, 0x07,
    0x00, 0x00, 0x00, 0x07, 0x00, 0x00, 0x00, 0x06, 0x00, 0x00, 0x00, 0x00, 0x00, 0x00, 0x00, 0x00,
    0x00, 0x00, 0x00, 0x62, 0x00, 0x00, 0x00, 0x08, 0x00, 0x00, 0x00, 0x07, 0x00, 0x00, 0x00, 0x07,
    0x00, 0x00, 0x00, 0x08, 0x00, 0x00, 0x00, 0x00, 0x00, 0x00, 0x00, 0x00, 0x00, 0x00, 0x00, 0x63,
    0x00, 0x00, 0x00, 0x06, 0x00, 0x00, 0x00, 0x07, 0x00, 0x00, 0x00, 0x07, 0x00, 0x00, 0x00, 0x06,
    0x00, 0x00, 0x00, 0x00, 0x00, 0x00, 0x00, 0x00, 0x00, 0x00, 0x00, 0x64, 0x00, 0x00, 0x00, 0x08,
    0x00, 0x00, 0x00, 0x07, 0x00, 0x00, 0x00, 0x07, 0x00, 0x00, 0x00, 0x08, 0x00, 0x00, 0x00, 0x00,
    0x00, 0x00, 0x00, 0x00, 0x00, 0x00, 0x00, 0x65, 0x00, 0x00, 0x00, 0x06, 0x00, 0x00, 0x00, 0x07,
    0x00, 0x00, 0x00, 0x07, 0x00, 0x00, 0x00, 0x06, 0x00, 0x00, 0x00, 0x00, 0x00, 0x00, 0x00, 0x00,
    0x00, 0x00, 0x00, 0x66, 0x00, 0x00, 0x00, 0x08, 0x00, 0x00, 0x00, 0x07, 0x00, 0x00, 0x00, 0x07,
    0x00, 0x00, 0x00, 0x08, 0x00, 0x00, 0x00, 0x00, 0x00, 0x00, 0x00, 0x00, 0x00, 0x00, 0x00, 0x67,
    0x00, 0x00, 0x00, 0x0A, 0x00, 0x00, 0x00, 0x07, 0x00, 0x00, 0x00, 0x07, 0x00, 0x00, 0x00, 0x08,
    0x00, 0x00, 0x00, 0x00, 0x00, 0x00, 0x00, 0x00, 0x00, 0x00, 0x00, 0x68, 0x00, 0x00, 0x00, 0x08,
    0x00, 0x00, 0x00, 0x07, 0x00, 0x00, 0x00, 0x07, 0x00, 0x00, 0x00, 0x08, 0x00, 0x00, 0x00, 0x00,
    0x00, 0x00, 0x00, 0x00, 0x00, 0x00, 0x00, 0x69, 0x00, 0x00, 0x00, 0x09, 0x00, 0x00, 0x00, 0x06,
    0x00, 0x00, 0x00, 0x07, 0x00, 0x00, 0x00, 0x09, 0x00, 0x00, 0x00, 0x01, 0x00, 0x00, 0x00, 0x00,
    0x00, 0x00, 0x00, 0x6A, 0x00, 0x00, 0x00, 0x0B, 0x00, 0x00, 0x00, 0x05, 0x00, 0x00, 0x00, 0x07,
    0x00, 0x00, 0x00, 0x09, 0x00, 0x00, 0x00, 0x01, 0x00, 0x00, 0x00, 0x00, 0x00, 0x00, 0x00, 0x6B,
    0x00, 0x00, 0x00, 0x08, 0x00, 0x00, 0x00, 0x07, 0x00, 0x00, 0x00, 0x07, 0x00, 0x00, 0x00, 0x08,
    0x00, 0x00, 0x00, 0x00, 0x00, 0x00, 0x00, 0x00, 0x00, 0x00, 0x00, 0x6C, 0x00, 0x00, 0x00, 0x08,
    0x00, 0x00, 0x00, 0x07, 0x00, 0x00, 0x00, 0x07, 0x00, 0x00, 0x00, 0x08, 0x00, 0x00, 0x00, 0x00,
    0x00, 0x00, 0x00, 0x00, 0x00, 0x00, 0x00, 0x6D, 0x00, 0x00, 0x00, 0x06, 0x00, 0x00, 0x00, 0x07,
    0x00, 0x00, 0x00, 0x07, 0x00, 0x00, 0x00, 0x06, 0x00, 0x00, 0x00, 0x00, 0x00, 0x00, 0x00, 0x00,
    0x00, 0x00, 0x00, 0x6E, 0x00, 0x00, 0x00, 0x06, 0x00, 0x00, 0x00, 0x07, 0x00, 0x00, 0x00, 0x07,
    0x00, 0x00, 0x00, 0x06, 0x00, 0x00, 0x00, 0x00, 0x00, 0x00, 0x00, 0x00, 0x00, 0x00, 0x00, 0x6F,
    0x00, 0x00, 0x00, 0x06, 0x00, 0x00, 0x00, 0x07, 0x00, 0x00, 0x00, 0x07, 0x00, 0x00, 0x00, 0x06,
    0x00, 0x00, 0x00, 0x00, 0x00, 0x00, 0x00, 0x00, 0x00, 0x00, 0x00, 0x70, 0x00, 0x00, 0x00, 0x08,
    0x00, 0x00, 0x00, 0x07, 0x00, 0x00, 0x00, 0x07, 0x00, 0x00, 0x00, 0x06, 0x00, 0x00, 0x00, 0x00,
    0x00, 0x00, 0x00, 0x00, 0x00, 0x00, 0x00, 0x71, 0x00, 0x00, 0x00, 0x08, 0x00, 0x00, 0x00, 0x07,
    0x00, 0x00, 0x00, 0x07, 0x00, 0x00, 0x00, 0x06, 0x00, 0x00, 0x00, 0x00, 0x00, 0x00, 0x00, 0x00,
    0x00, 0x00, 0x00, 0x72, 0x00, 0x00, 0x00, 0x06, 0x00, 0x00, 0x00, 0x07, 0x00, 0x00, 0x00, 0x07,
    0x00, 0x00, 0x00, 0x06, 0x00, 0x00, 0x00, 0x00, 0x00, 0x00, 0x00, 0x00, 0x00, 0x00, 0x00, 0x73,
    0x00, 0x00, 0x00, 0x06, 0x00, 0x00, 0x00, 0x07, 0x00, 0x00, 0x00, 0x07, 0x00, 0x00, 0x00, 0x06,
    0x00, 0x00, 0x00, 0x00, 0x00, 0x00, 0x00, 0x00, 0x00, 0x00, 0x00, 0x74, 0x00, 0x00, 0x00, 0x08,
    0x00, 0x00, 0x00, 0x07, 0x00, 0x00, 0x00, 0x07, 0x00, 0x00, 0x00, 0x08, 0x00, 0x00, 0x00, 0x00,
    0x00, 0x00, 0x00, 0x00, 0x00, 0x00, 0x00, 0x75, 0x00, 0x00, 0x00, 0x06, 0x00, 0x00, 0x00, 0x07,
    0x00, 0x00, 0x00, 0x07, 0x00, 0x00, 0x00, 0x06, 0x00, 0x00, 0x00, 0x00, 0x00, 0x00, 0x00, 0x00,
    0x00, 0x00, 0x00, 0x76, 0x00, 0x00, 0x00, 0x06, 0x00, 0x00, 0x00, 0x07, 0x00, 0x00, 0x00, 0x07,
    0x00, 0x00, 0x00, 0x06, 0x00, 0x00, 0x00, 0x00, 0x00, 0x00, 0x00, 0x00, 0x00, 0x00, 0x00, 0x77,
    0x00, 0x00, 0x00, 0x06, 0x00, 0x00, 0x00, 0x07, 0x00, 0x00, 0x00, 0x07, 0x00, 0x00, 0x00, 0x06,
    0x00, 0x00, 0x00, 0x00, 0x00, 0x00, 0x00, 0x00, 0x00, 0x00, 0x00, 0x78, 0x00, 0x00, 0x00, 0x06,
    0x00, 0x00, 0x00, 0x07, 0x00, 0x00, 0x00, 0x07, 0x00, 0x00, 0x00, 0x06, 0x00, 0x00, 0x00, 0x00,
    0x00, 0x00, 0x00, 0x00, 0x00, 0x00, 0x00, 0x79, 0x00, 0x00, 0x00, 0x08, 0x00, 0x00, 0x00, 0x07,
    0x00, 0x00, 0x00, 0x07, 0x00, 0x00, 0x00, 0x06, 0x00, 0x00, 0x00, 0x00, 0x00, 0x00, 0x00, 0x00,
    0x00, 0x00, 0x00, 0x7A, 0x00, 0x00, 0x00, 0x06, 0x00, 0x00, 0x00, 0x07, 0x00, 0x00, 0x00, 0x07,
    0x00, 0x00, 0x00, 0x06, 0x00, 0x00, 0x00, 0x00, 0x00, 0x00, 0x00, 0x00, 0x00, 0x00, 0x00, 0x7B,
    0x00, 0x00, 0x00, 0x0B, 0x00, 0x00, 0x00, 0x06, 0x00, 0x00, 0x00, 0x07, 0x00, 0x00, 0x00, 0x08,
    0x00, 0x00, 0x00, 0x01, 0x00, 0x00, 0x00, 0x00, 0x00, 0x00, 0x00, 0x7C, 0x00, 0x00, 0x00, 0x0B,
    0x00, 0x00, 0x00, 0x03, 0x00, 0x00, 0x00, 0x07, 0x00, 0x00, 0x00, 0x08, 0x00, 0x00, 0x00, 0x02,
    0x00, 0x00, 0x00, 0x00, 0x00, 0x00, 0x00, 0x7D, 0x00, 0x00, 0x00, 0x0B, 0x00, 0x00, 0x00, 0x06,
    0x00, 0x00, 0x00, 0x07, 0x00, 0x00, 0x00, 0x08, 0x00, 0x00, 0x00, 0x01, 0x00, 0x00, 0x00, 0x00,
    0x00, 0x00, 0x00, 0x7E, 0x00, 0x00, 0x00, 0x05, 0x00, 0x00, 0x00, 0x07, 0x00, 0x00, 0x00, 0x07,
    0x00, 0x00, 0x00, 0x06, 0x00, 0x00, 0x00, 0x00, 0x00, 0x00, 0x00, 0x00, 0x00, 0x00, 0x00, 0xA0,
    0x00, 0x00, 0x00, 0x00, 0x00, 0x00, 0x00, 0x00, 0x00, 0x00, 0x00, 0x07, 0x00, 0x00, 0x00, 0x00,
    0x00, 0x00, 0x00, 0x00, 0x00, 0x00, 0x00, 0x00, 0x00, 0x00, 0x00, 0xA1, 0x00, 0x00, 0x00, 0x09,
    0x00, 0x00, 0x00, 0x03, 0x00, 0x00, 0x00, 0x07, 0x00, 0x00, 0x00, 0x07, 0x00, 0x00, 0x00, 0x02,
    0x00, 0x00, 0x00, 0x00, 0x00, 0x00, 0x00, 0xA2, 0x00, 0x00, 0x00, 0x09, 0x00, 0x00, 0x00, 0x07,
    0x00, 0x00, 0x00, 0x07, 0x00, 0x00, 0x00, 0x08, 0x00, 0x00, 0x00, 0x00, 0x00, 0x00, 0x00, 0x00,
    0x00, 0x00, 0x00, 0xA3, 0x00, 0x00, 0x00, 0x08, 0x00, 0x00, 0x00, 0x07, 0x00, 0x00, 0x00, 0x07,
    0x00, 0x00, 0x00, 0x08, 0x00, 0x00, 0x00, 0x00, 0x00, 0x00, 0x00, 0x00, 0x00, 0x00, 0x00, 0xA4,
    0x00, 0x00, 0x00, 0x09, 0x00, 0x00, 0x00, 0x07, 0x00, 0x00, 0x00, 0x07, 0x00, 0x00, 0x00, 0x08,
    0x00, 0x00, 0x00, 0x00, 0x00, 0x00, 0x00, 0x00, 0x00, 0x00, 0x00, 0xA5, 0x00, 0x00, 0x00, 0x08,
    0x00, 0x00, 0x00, 0x07, 0x00, 0x00, 0x00, 0x07, 0x00, 0x00, 0x00, 0x08, 0x00, 0x00, 0x00, 0x00,
    0x00, 0x00, 0x00, 0x00, 0x00, 0x00, 0x00, 0xA6, 0x00, 0x00, 0x00, 0x0B, 0x00, 0x00, 0x00, 0x03,
    0x00, 0x00, 0x00, 0x07, 0x00, 0x00, 0x00, 0x08, 0x00, 0x00, 0x00, 0x02, 0x00, 0x00, 0x00, 0x00,
    0x00, 0x00, 0x00, 0xA7, 0x00, 0x00, 0x00, 0x0A, 0x00, 0x00, 0x00, 0x07, 0x00, 0x00, 0x00, 0x07,
    0x00, 0x00, 0x00, 0x08, 0x00, 0x00, 0x00, 0x00, 0x00, 0x00, 0x00, 0x00, 0x00, 0x00, 0x00, 0xA8,
    0x00, 0x00, 0x00, 0x02, 0x00, 0x00, 0x00, 0x05, 0x00, 0x00, 0x00, 0x07, 0x00, 0x00, 0x00, 0x09,
    0x00, 0x00, 0x00, 0x01, 0x00, 0x00, 0x00, 0x00, 0x00, 0x00, 0x00, 0xA9, 0x00, 0x00, 0x00, 0x08,
    0x00, 0x00, 0x00, 0x07, 0x00, 0x00, 0x00, 0x07, 0x00, 0x00, 0x00, 0x08, 0x00, 0x00, 0x00, 0x00,
    0x00, 0x00, 0x00, 0x00, 0x00, 0x00, 0x00, 0xAA, 0x00, 0x00, 0x00, 0x05, 0x00, 0x00, 0x00, 0x05,
    0x00, 0x00, 0x00, 0x07, 0x00, 0x00, 0x00, 0x09, 0x00, 0x00, 0x00, 0x01, 0x00, 0x00, 0x00, 0x00,
    0x00, 0x00, 0x00, 0xAB, 0x00, 0x00, 0x00, 0x06, 0x00, 0x00, 0x00, 0x07, 0x00, 0x00, 0x00, 0x07,
    0x00, 0x00, 0x00, 0x06, 0x00, 0x00, 0x00, 0x00, 0x00, 0x00, 0x00, 0x00, 0x00, 0x00, 0x00, 0xAC,
    0x00, 0x00, 0x00, 0x05, 0x00, 0x00, 0x00, 0x07, 0x00, 0x00, 0x00, 0x07, 0x00, 0x00, 0x00, 0x05,
    0x00, 0x00, 0x00, 0x00, 0x00, 0x00, 0x00, 0x00, 0x00, 0x00, 0x00, 0xAD, 0x00, 0x00, 0x00, 0x02,
    0x00, 0x00, 0x00, 0x05, 0x00, 0x00, 0x00, 0x07, 0x00, 0x00, 0x00, 0x05, 0x00, 0x00, 0x00, 0x01,
    0x00, 0x00, 0x00, 0x00, 0x00, 0x00, 0x00, 0xAE, 0x00, 0x00, 0x00, 0x05, 0x00, 0x00, 0x00, 0x05,
    0x00, 0x00, 0x00, 0x07, 0x00, 0x00, 0x00, 0x09, 0x00, 0x00, 0x00, 0x01, 0x00, 0x00, 0x00, 0x00,
    0x00, 0x00, 0x00, 0xAF, 0x00, 0x00, 0x00, 0x02, 0x00, 0x00, 0x00, 0x05, 0x00, 0x00, 0x00, 0x07,
    0x00, 0x00, 0x00, 0x08, 0x00, 0x00, 0x00, 0x01, 0x00, 0x00, 0x00, 0x00, 0x00, 0x00, 0x00, 0xB0,
    0x00, 0x00, 0x00, 0x05, 0x00, 0x00, 0x00, 0x05, 0x00, 0x00, 0x00, 0x07, 0x00, 0x00, 0x00, 0x08,
    0x00, 0x00, 0x00, 0x01, 0x00, 0x00, 0x00, 0x00, 0x00, 0x00, 0x00, 0xB1, 0x00, 0x00, 0x00, 0x08,
    0x00, 0x00, 0x00, 0x07, 0x00, 0x00, 0x00, 0x07, 0x00, 0x00, 0x00, 0x08, 0x00, 0x00, 0x00, 0x00,
    0x00, 0x00, 0x00, 0x00, 0x00, 0x00, 0x00, 0xB2, 0x00, 0x00, 0x00, 0x04, 0x00, 0x00, 0x00, 0x05,
    0x00, 0x00, 0x00, 0x07, 0x00, 0x00, 0x00, 0x08, 0x00, 0x00, 0x00, 0x01, 0x00, 0x00, 0x00, 0x00,
    0x00, 0x00, 0x00, 0xB3, 0x00, 0x00, 0x00, 0x04, 0x00, 0x00, 0x00, 0x05, 0x00, 0x00, 0x00, 0x07,
    0x00, 0x00, 0x00, 0x08, 0x00, 0x00, 0x00, 0x01, 0x00, 0x00, 0x00, 0x00, 0x00, 0x00, 0x00, 0xB4,
    0x00, 0x00, 0x00, 0x04, 0x00, 0x00, 0x00, 0x04, 0x00, 0x00, 0x00, 0x07, 0x00, 0x00, 0x00, 0x0A,
    0x00, 0x00, 0x00, 0x02, 0x00, 0x00, 0x00, 0x00, 0x00, 0x00, 0x00, 0xB5, 0x00, 0x00, 0x00, 0x08,
    0x00, 0x00, 0x00, 0x07, 0x00, 0x00, 0x00, 0x07, 0x00, 0x00, 0x00, 0x06, 0x00, 0x00, 0x00, 0x00,
    0x00, 0x00, 0x00, 0x00, 0x00, 0x00, 0x00, 0xB6, 0x00, 0x00, 0x00, 0x0A, 0x00, 0x00, 0x00, 0x07,
    0x00, 0x00, 0x00, 0x07, 0x00, 0x00, 0x00, 0x08, 0x00, 0x00, 0x00, 0x00, 0x00, 0x00, 0x00, 0x00,
    0x00, 0x00, 0x00, 0xB7, 0x00, 0x00, 0x00, 0x03, 0x00, 0x00, 0x00, 0x03, 0x00, 0x00, 0x00, 0x07,
    0x00, 0x00, 0x00, 0x05, 0x00, 0x00, 0x00, 0x02, 0x00, 0x00, 0x00, 0x00, 0x00, 0x00, 0x00, 0xB8,
    0x00, 0x00, 0x00, 0x04, 0x00, 0x00, 0x00, 0x04, 0x00, 0x00, 0x00, 0x07, 0x00, 0x00, 0x00, 0x02,
    0x00, 0x00, 0x00, 0x02, 0x00, 0x00, 0x00, 0x00, 0x00, 0x00, 0x00, 0xB9, 0x00, 0x00, 0x00, 0x04,
    0x00, 0x00, 0x00, 0x05, 0x00, 0x00, 0x00, 0x07, 0x00, 0x00, 0x00, 0x08, 0x00, 0x00, 0x00, 0x01,
    0x00, 0x00, 0x00, 0x00, 0x00, 0x00, 0x00, 0xBA, 0x00, 0x00, 0x00, 0x05, 0x00, 0x00, 0x00, 0x05,
    0x00, 0x00, 0x00, 0x07, 0x00, 0x00, 0x00, 0x09, 0x00, 0x00, 0x00, 0x01, 0x00, 0x00, 0x00, 0x00,
    0x00, 0x00, 0x00, 0xBB, 0x00, 0x00, 0x00, 0x06, 0x00, 0x00, 0x00, 0x07, 0x00, 0x00, 0x00, 0x07,
    0x00, 0x00, 0x00, 0x06, 0x00, 0x00, 0x00, 0x00, 0x00, 0x00, 0x00, 0x00, 0x00, 0x00, 0x00, 0xBC,
    0x00, 0x00, 0x00, 0x09, 0x00, 0x00, 0x00, 0x07, 0x00, 0x00, 0x00, 0x07, 0x00, 0x00, 0x00, 0x09,
    0x00, 0x00, 0x00, 0x00, 0x00, 0x00, 0x00, 0x00, 0x00, 0x00, 0x00, 0xBD, 0x00, 0x00, 0x00, 0x09,
    0x00, 0x00, 0x00, 0x07, 0x00, 0x00, 0x00, 0x07, 0x00, 0x00, 0x00, 0x09, 0x00, 0x00, 0x00, 0x00,
    0x00, 0x00, 0x00, 0x00, 0x00, 0x00, 0x00, 0xBE, 0x00, 0x00, 0x00, 0x09, 0x00, 0x00, 0x00, 0x07,
    0x00, 0x00, 0x00, 0x07, 0x00, 0x00, 0x00, 0x09, 0x00, 0x00, 0x00, 0x00, 0x00, 0x00, 0x00, 0x00,
    0x00, 0x00, 0x00, 0xBF, 0x00, 0x00, 0x00, 0x09, 0x00, 0x00, 0x00, 0x07, 0x00, 0x00, 0x00, 0x07,
    0x00, 0x00, 0x00, 0x07, 0x00, 0x00, 0x00, 0x00, 0x00, 0x00, 0x00, 0x00, 0x00, 0x00, 0x00, 0xC0,
    0x00, 0x00, 0x00, 0x0C, 0x00, 0x00, 0x00, 0x07, 0x00, 0x00, 0x00, 0x07, 0x00, 0x00, 0x00, 0x0C,
    0x00, 0x00, 0x00, 0x00, 0x00, 0x00, 0x00, 0x00, 0x00, 0x00, 0x00, 0xC1, 0x00, 0x00, 0x00, 0x0C,
    0x00, 0x00, 0x00, 0x07, 0x00, 0x00, 0x00, 0x07, 0x00, 0x00, 0x00, 0x0C, 0x00, 0x00, 0x00, 0x00,
    0x00, 0x00, 0x00, 0x00, 0x00, 0x00, 0x00, 0xC2, 0x00, 0x00, 0x00, 0x0C, 0x00, 0x00, 0x00, 0x07,
    0x00, 0x00, 0x00, 0x07, 0x00, 0x00, 0x00, 0x0C, 0x00, 0x00, 0x00, 0x00, 0x00, 0x00, 0x00, 0x00,
    0x00, 0x00, 0x00, 0xC3, 0x00, 0x00, 0x00, 0x0C, 0x00, 0x00, 0x00, 0x07, 0x00, 0x00, 0x00, 0x07,
    0x00, 0x00, 0x00, 0x0C, 0x00, 0x00, 0x00, 0x00, 0x00, 0x00, 0x00, 0x00, 0x00, 0x00, 0x00, 0xC4,
    0x00, 0x00, 0x00, 0x0B, 0x00, 0x00, 0x00, 0x07, 0x00, 0x00, 0x00, 0x07, 0x00, 0x00, 0x00, 0x0B,
    0x00, 0x00, 0x00, 0x00, 0x00, 0x00, 0x00, 0x00, 0x00, 0x00, 0x00, 0xC5, 0x00, 0x00, 0x00, 0x0C,
    0x00, 0x00, 0x00, 0x07, 0x00, 0x00, 0x00, 0x07, 0x00, 0x00, 0x00, 0x0C, 0x00, 0x00, 0x00, 0x00,
    0x00, 0x00, 0x00, 0x00, 0x00, 0x00, 0x00, 0xC6, 0x00, 0x00, 0x00, 0x08, 0x00, 0x00, 0x00, 0x07,
    0x00, 0x00, 0x00, 0x07, 0x00, 0x00, 0x00, 0x08, 0x00, 0x00, 0x00, 0x00, 0x00, 0x00, 0x00, 0x00,
    0x00, 0x00, 0x00, 0xC7, 0x00, 0x00, 0x00, 0x0A, 0x00, 0x00, 0x00, 0x07, 0x00, 0x00, 0x00, 0x07,
    0x00, 0x00, 0x00, 0x08, 0x00, 0x00, 0x00, 0x00, 0x00, 0x00, 0x00, 0x00, 0x00, 0x00, 0x00, 0xC8,
    0x00, 0x00, 0x00, 0x0C, 0x00, 0x00, 0x00, 0x07, 0x00, 0x00, 0x00, 0x07, 0x00, 0x00, 0x00, 0x0C,
    0x00, 0x00, 0x00, 0x00, 0x00, 0x00, 0x00, 0x00, 0x00, 0x00, 0x00, 0xC9, 0x00, 0x00, 0x00, 0x0C,
    0x00, 0x00, 0x00, 0x07, 0x00, 0x00, 0x00, 0x07, 0x00, 0x00, 0x00, 0x0C, 0x00, 0x00, 0x00, 0x00,
    0x00, 0x00, 0x00, 0x00, 0x00, 0x00, 0x00, 0xCA, 0x00, 0x00, 0x00, 0x0C, 0x00, 0x00, 0x00, 0x07,
    0x00, 0x00, 0x00, 0x07, 0x00, 0x00, 0x00, 0x0C, 0x00, 0x00, 0x00, 0x00, 0x00, 0x00, 0x00, 0x00,
    0x00, 0x00, 0x00, 0xCB, 0x00, 0x00, 0x00, 0x0B, 0x00, 0x00, 0x00, 0x07, 0x00, 0x00, 0x00, 0x07,
    0x00, 0x00, 0x00, 0x0B, 0x00, 0x00, 0x00, 0x00, 0x00, 0x00, 0x00, 0x00, 0x00, 0x00, 0x00, 0xCC,
    0x00, 0x00, 0x00, 0x0C, 0x00, 0x00, 0x00, 0x07, 0x00, 0x00, 0x00, 0x07, 0x00, 0x00, 0x00, 0x0C,
    0x00, 0x00, 0x00, 0x00, 0x00, 0x00, 0x00, 0x00, 0x00, 0x00, 0x00, 0xCD, 0x00, 0x00, 0x00, 0x0C,
    0x00, 0x00, 0x00, 0x07, 0x00, 0x00, 0x00, 0x07, 0x00, 0x00, 0x00, 0x0C, 0x00, 0x00, 0x00, 0x00,
    0x00, 0x00, 0x00, 0x00, 0x00, 0x00, 0x00, 0xCE, 0x00, 0x00, 0x00, 0x0C, 0x00, 0x00, 0x00, 0x07,
    0x00, 0x00, 0x00, 0x07, 0x00, 0x00, 0x00, 0x0C, 0x00, 0x00, 0x00, 0x00, 0x00, 0x00, 0x00, 0x00,
    0x00, 0x00, 0x00, 0xCF, 0x00, 0x00, 0x00, 0x0B, 0x00, 0x00, 0x00, 0x07, 0x00, 0x00, 0x00, 0x07,
    0x00, 0x00, 0x00, 0x0B, 0x00, 0x00, 0x00, 0x00, 0x00, 0x00, 0x00, 0x00, 0x00, 0x00, 0x00, 0xD0,
    0x00, 0x00, 0x00, 0x08, 0x00, 0x00, 0x00, 0x07, 0x00, 0x00, 0x00, 0x07, 0x00, 0x00, 0x00, 0x08,
    0x00, 0x00, 0x00, 0x00, 0x00, 0x00, 0x00, 0x00, 0x00, 0x00, 0x00, 0xD1, 0x00, 0x00, 0x00, 0x0C,
    0x00, 0x00, 0x00, 0x07, 0x00, 0x00, 0x00, 0x07, 0x00, 0x00, 0x00, 0x0C, 0x00, 0x00, 0x00, 0x00,
    0x00, 0x00, 0x00, 0x00, 0x00, 0x00, 0x00, 0xD2, 0x00, 0x00, 0x00, 0x0C, 0x00, 0x00, 0x00, 0x07,
    0x00, 0x00, 0x00, 0x07, 0x00, 0x00, 0x00, 0x0C, 0x00, 0x00, 0x00, 0x00, 0x00, 0x00, 0x00, 0x00,
    0x00, 0x00, 0x00, 0xD3, 0x00, 0x00, 0x00, 0x0C, 0x00, 0x00, 0x00, 0x07, 0x00, 0x00, 0x00, 0x07,
    0x00, 0x00, 0x00, 0x0C, 0x00, 0x00, 0x00, 0x00, 0x00, 0x00, 0x00, 0x00, 0x00, 0x00, 0x00, 0xD4,
    0x00, 0x00, 0x00, 0x0C, 0x00, 0x00, 0x00, 0x07, 0x00, 0x00, 0x00, 0x07, 0x00, 0x00, 0x00, 0x0C,
    0x00, 0x00, 0x00, 0x00, 0x00, 0x00, 0x00, 0x00, 0x00, 0x00, 0x00, 0xD5, 0x00, 0x00, 0x00, 0x0C,
    0x00, 0x00, 0x00, 0x07, 0x00, 0x00, 0x00, 0x07, 0x00, 0x00, 0x00, 0x0C, 0x00, 0x00, 0x00, 0x00,
    0x00, 0x00, 0x00, 0x00, 0x00, 0x00, 0x00, 0xD6, 0x00, 0x00, 0x00, 0x0B, 0x00, 0x00, 0x00, 0x07,
    0x00, 0x00, 0x00, 0x07, 0x00, 0x00, 0x00, 0x0B, 0x00, 0x00, 0x00, 0x00, 0x00, 0x00, 0x00, 0x00,
    0x00, 0x00, 0x00, 0xD7, 0x00, 0x00, 0x00, 0x07, 0x00, 0x00, 0x00, 0x07, 0x00, 0x00, 0x00, 0x07,
    0x00, 0x00, 0x00, 0x07, 0x00, 0x00, 0x00, 0x00, 0x00, 0x00, 0x00, 0x00, 0x00, 0x00, 0x00, 0xD8,
    0x00, 0x00, 0x00, 0x0A, 0x00, 0x00, 0x00, 0x07, 0x00, 0x00, 0x00, 0x07, 0x00, 0x00, 0x00, 0x09,
    0x00, 0x00, 0x00, 0x00, 0x00, 0x00, 0x00, 0x00, 0x00, 0x00, 0x00, 0xD9, 0x00, 0x00, 0x00, 0x0C,
    0x00, 0x00, 0x00, 0x07, 0x00, 0x00, 0x00, 0x07, 0x00, 0x00, 0x00, 0x0C, 0x00, 0x00, 0x00, 0x00,
    0x00, 0x00, 0x00, 0x00, 0x00, 0x00, 0x00, 0xDA, 0x00, 0x00, 0x00, 0x0C, 0x00, 0x00, 0x00, 0x07,
    0x00, 0x00, 0x00, 0x07, 0x00, 0x00, 0x00, 0x0C, 0x00, 0x00, 0x00, 0x00, 0x00, 0x00, 0x00, 0x00,
    0x00, 0x00, 0x00, 0xDB, 0x00, 0x00, 0x00, 0x0C, 0x00, 0x00, 0x00, 0x07, 0x00, 0x00, 0x00, 0x07,
    0x00, 0x00, 0x00, 0x0C, 0x00, 0x00, 0x00, 0x00, 0x00, 0x00, 0x00, 0x00, 0x00, 0x00, 0x00, 0xDC,
    0x00, 0x00, 0x00, 0x0B, 0x00, 0x00, 0x00, 0x07, 0x00, 0x00, 0x00, 0x07, 0x00, 0x00, 0x00, 0x0B,
    0x00, 0x00, 0x00, 0x00, 0x00, 0x00, 0x00, 0x00, 0x00, 0x00, 0x00, 0xDD, 0x00, 0x00, 0x00, 0x0C,
    0x00, 0x00, 0x00, 0x07, 0x00, 0x00, 0x00, 0x07, 0x00, 0x00, 0x00, 0x0C, 0x00, 0x00, 0x00, 0x00,
    0x00, 0x00, 0x00, 0x00, 0x00, 0x00, 0x00, 0xDE, 0x00, 0x00, 0x00, 0x08, 0x00, 0x00, 0x00, 0x07,
    0x00, 0x00, 0x00, 0x07, 0x00, 0x00, 0x00, 0x08, 0x00, 0x00, 0x00, 0x00, 0x00, 0x00, 0x00, 0x00,
    0x00, 0x00, 0x00, 0xDF, 0x00, 0x00, 0x00, 0x0A, 0x00, 0x00, 0x00, 0x07, 0x00, 0x00, 0x00, 0x07,
    0x00, 0x00, 0x00, 0x08, 0x00, 0x00, 0x00, 0x00, 0x00, 0x00, 0x00, 0x00, 0x00, 0x00, 0x00, 0xE0,
    0x00, 0x00, 0x00, 0x0A, 0x00, 0x00, 0x00, 0x07, 0x00, 0x00, 0x00, 0x07, 0x00, 0x00, 0x00, 0x0A,
    0x00, 0x00, 0x00, 0x00, 0x00, 0x00, 0x00, 0x00, 0x00, 0x00, 0x00, 0xE1, 0x00, 0x00, 0x00, 0x0A,
    0x00, 0x00, 0x00, 0x07, 0x00, 0x00, 0x00, 0x07, 0x00, 0x00, 0x00, 0x0A, 0x00, 0x00, 0x00, 0x00,
    0x00, 0x00, 0x00, 0x00, 0x00, 0x00, 0x00, 0xE2, 0x00, 0x00, 0x00, 0x0A, 0x00, 0x00, 0x00, 0x07,
    0x00, 0x00, 0x00, 0x07, 0x00, 0x00, 0x00, 0x0A, 0x00, 0x00, 0x00, 0x00, 0x00, 0x00, 0x00, 0x00,
    0x00, 0x00, 0x00, 0xE3, 0x00, 0x00, 0x00, 0x0A, 0x00, 0x00, 0x00, 0x07, 0x00, 0x00, 0x00, 0x07,
    0x00, 0x00, 0x00, 0x0A, 0x00, 0x00, 0x00, 0x00, 0x00, 0x00, 0x00, 0x00, 0x00, 0x00, 0x00, 0xE4,
    0x00, 0x00, 0x00, 0x09, 0x00, 0x00, 0x00, 0x07, 0x00, 0x00, 0x00, 0x07, 0x00, 0x00, 0x00, 0x09,
    0x00, 0x00, 0x00, 0x00, 0x00, 0x00, 0x00, 0x00, 0x00, 0x00, 0x00, 0xE5, 0x00, 0x00, 0x00, 0x0B,
    0x00, 0x00, 0x00, 0x07, 0x00, 0x00, 0x00, 0x07, 0x00, 0x00, 0x00, 0x0B, 0x00, 0x00, 0x00, 0x00,
    0x00, 0x00, 0x00, 0x00, 0x00, 0x00, 0x00, 0xE6, 0x00, 0x00, 0x00, 0x06, 0x00, 0x00, 0x00, 0x07,
    0x00, 0x00, 0x00, 0x07, 0x00, 0x00, 0x00, 0x06, 0x00, 0x00, 0x00, 0x00, 0x00, 0x00, 0x00, 0x00,
    0x00, 0x00, 0x00, 0xE7, 0x00, 0x00, 0x00, 0x08, 0x00, 0x00, 0x00, 0x07, 0x00, 0x00, 0x00, 0x07,
    0x00, 0x00, 0x00, 0x06, 0x00, 0x00, 0x00, 0x00, 0x00, 0x00, 0x00, 0x00, 0x00, 0x00, 0x00, 0xE8,
    0x00, 0x00, 0x00, 0x0A, 0x00, 0x00, 0x00, 0x07, 0x00, 0x00, 0x00, 0x07, 0x00, 0x00, 0x00, 0x0A,
    0x00, 0x00, 0x00, 0x00, 0x00, 0x00, 0x00, 0x00, 0x00, 0x00, 0x00, 0xE9, 0x00, 0x00, 0x00, 0x0A,
    0x00, 0x00, 0x00, 0x07, 0x00, 0x00, 0x00, 0x07, 0x00, 0x00, 0x00, 0x0A, 0x00, 0x00, 0x00, 0x00,
    0x00, 0x00, 0x00, 0x00, 0x00, 0x00, 0x00, 0xEA, 0x00, 0x00, 0x00, 0x0A, 0x00, 0x00, 0x00, 0x07,
    0x00, 0x00, 0x00, 0x07, 0x00, 0x00, 0x00, 0x0A, 0x00, 0x00, 0x00, 0x00, 0x00, 0x00, 0x00, 0x00,
    0x00, 0x00, 0x00, 0xEB, 0x00, 0x00, 0x00, 0x09, 0x00, 0x00, 0x00, 0x07, 0x00, 0x00, 0x00, 0x07,
    0x00, 0x00, 0x00, 0x09, 0x00, 0x00, 0x00, 0x00, 0x00, 0x00, 0x00, 0x00, 0x00, 0x00, 0x00, 0xEC,
    0x00, 0x00, 0x00, 0x0A, 0x00, 0x00, 0x00, 0x06, 0x00, 0x00, 0x00, 0x07, 0x00, 0x00, 0x00, 0x0A,
    0x00, 0x00, 0x00, 0x01, 0x00, 0x00, 0x00, 0x00, 0x00, 0x00, 0x00, 0xED, 0x00, 0x00, 0x00, 0x0A,
    0x00, 0x00, 0x00, 0x06, 0x00, 0x00, 0x00, 0x07, 0x00, 0x00, 0x00, 0x0A, 0x00, 0x00, 0x00, 0x01,
    0x00, 0x00, 0x00, 0x00, 0x00, 0x00, 0x00, 0xEE, 0x00, 0x00, 0x00, 0x0A, 0x00, 0x00, 0x00, 0x06,
    0x00, 0x00, 0x00, 0x07, 0x00, 0x00, 0x00, 0x0A, 0x00, 0x00, 0x00, 0x01, 0x00, 0x00, 0x00, 0x00,
    0x00, 0x00, 0x00, 0xEF, 0x00, 0x00, 0x00, 0x09, 0x00, 0x00, 0x00, 0x06, 0x00, 0x00, 0x00, 0x07,
    0x00, 0x00, 0x00, 0x09, 0x00, 0x00, 0x00, 0x01, 0x00, 0x00, 0x00, 0x00, 0x00, 0x00, 0x00, 0xF0,
    0x00, 0x00, 0x00, 0x09, 0x00, 0x00, 0x00, 0x07, 0x00, 0x00, 0x00, 0x07, 0x00, 0x00, 0x00, 0x09,
    0x00, 0x00, 0x00, 0x00, 0x00, 0x00, 0x00, 0x00, 0x00, 0x00, 0x00, 0xF1, 0x00, 0x00, 0x00, 0x0A,
    0x00, 0x00, 0x00, 0x07, 0x00, 0x00, 0x00, 0x07, 0x00, 0x00, 0x00, 0x0A, 0x00, 0x00, 0x00, 0x00,
    0x00, 0x00, 0x00, 0x00, 0x00, 0x00, 0x00, 0xF2, 0x00, 0x00, 0x00, 0x0A, 0x00, 0x00, 0x00, 0x07,
    0x00, 0x00, 0x00, 0x07, 0x00, 0x00, 0x00, 0x0A, 0x00, 0x00, 0x00, 0x00, 0x00, 0x00, 0x00, 0x00,
    0x00, 0x00, 0x00, 0xF3, 0x00, 0x00, 0x00, 0x0A, 0x00, 0x00, 0x00, 0x07, 0x00, 0x00, 0x00, 0x07,
    0x00, 0x00, 0x00, 0x0A, 0x00, 0x00, 0x00, 0x00, 0x00, 0x00, 0x00, 0x00, 0x00, 0x00, 0x00, 0xF4,
    0x00, 0x00, 0x00, 0x0A, 0x00, 0x00, 0x00, 0x07, 0x00, 0x00, 0x00, 0x07, 0x00, 0x00, 0x00, 0x0A,
    0x00, 0x00, 0x00, 0x00, 0x00, 0x00, 0x00, 0x00, 0x00, 0x00, 0x00, 0xF5, 0x00, 0x00, 0x00, 0x0A,
    0x00, 0x00, 0x00, 0x07, 0x00, 0x00, 0x00, 0x07, 0x00, 0x00, 0x00, 0x0A, 0x00, 0x00, 0x00, 0x00,
    0x00, 0x00, 0x00, 0x00, 0x00, 0x00, 0x00, 0xF6, 0x00, 0x00, 0x00, 0x09, 0x00, 0x00, 0x00, 0x07,
    0x00, 0x00, 0x00, 0x07, 0x00, 0x00, 0x00, 0x09, 0x00, 0x00, 0x00, 0x00, 0x00, 0x00, 0x00, 0x00,
    0x00, 0x00, 0x00, 0xF7, 0x00, 0x00, 0x00, 0x06, 0x00, 0x00, 0x00, 0x07, 0x00, 0x00, 0x00, 0x07,
    0x00, 0x00, 0x00, 0x06, 0x00, 0x00, 0x00, 0x00, 0x00, 0x00, 0x00, 0x00, 0x00, 0x00, 0x00, 0xF8,
    0x00, 0x00, 0x00, 0x08, 0x00, 0x00, 0x00, 0x07, 0x00, 0x00, 0x00, 0x07, 0x00, 0x00, 0x00, 0x07,
    0x00, 0x00, 0x00, 0x00, 0x00, 0x00, 0x00, 0x00, 0x00, 0x00, 0x00, 0xF9, 0x00, 0x00, 0x00, 0x0A,
    0x00, 0x00, 0x00, 0x07, 0x00, 0x00, 0x00, 0x07, 0x00, 0x00, 0x00, 0x0A, 0x00, 0x00, 0x00, 0x00,
    0x00, 0x00, 0x00, 0x00, 0x00, 0x00, 0x00, 0xFA, 0x00, 0x00, 0x00, 0x0A, 0x00, 0x00, 0x00, 0x07,
    0x00, 0x00, 0x00, 0x07, 0x00, 0x00, 0x00, 0x0A, 0x00, 0x00, 0x00, 0x00, 0x00, 0x00, 0x00, 0x00,
    0x00, 0x00, 0x00, 0xFB, 0x00, 0x00, 0x00, 0x0A, 0x00, 0x00, 0x00, 0x07, 0x00, 0x00, 0x00, 0x07,
    0x00, 0x00, 0x00, 0x0A, 0x00, 0x00, 0x00, 0x00, 0x00, 0x00, 0x00, 0x00, 0x00, 0x00, 0x00, 0xFC,
    0x00, 0x00, 0x00, 0x09, 0x00, 0x00, 0x00, 0x07, 0x00, 0x00, 0x00, 0x07, 0x00, 0x00, 0x00, 0x09,
    0x00, 0x00, 0x00, 0x00, 0x00, 0x00, 0x00, 0x00, 0x00, 0x00, 0x00, 0xFD, 0x00, 0x00, 0x00, 0x0C,
    0x00, 0x00, 0x00, 0x07, 0x00, 0x00, 0x00, 0x07, 0x00, 0x00, 0x00, 0x0A, 0x00, 0x00, 0x00, 0x00,
    0x00, 0x00, 0x00, 0x00, 0x00, 0x00, 0x00, 0xFE, 0x00, 0x00, 0x00, 0x0A, 0x00, 0x00, 0x00, 0x07,
    0x00, 0x00, 0x00, 0x07, 0x00, 0x00, 0x00, 0x08, 0x00, 0x00, 0x00, 0x00, 0x00, 0x00, 0x00, 0x00,
    0x00, 0x00, 0x00, 0xFF, 0x00, 0x00, 0x00, 0x0B, 0x00, 0x00, 0x00, 0x07, 0x00, 0x00, 0x00, 0x07,
    0x00, 0x00, 0x00, 0x09, 0x00, 0x00, 0x00, 0x00, 0x00, 0x00, 0x00, 0x00, 0x00, 0x00, 0x20, 0x13,
    0x00, 0x00, 0x00, 0x03, 0x00, 0x00, 0x00, 0x07, 0x00, 0x00, 0x00, 0x07, 0x00, 0x00, 0x00, 0x05,
    0x00, 0x00, 0x00, 0x00, 0x00, 0x00, 0x00, 0x00, 0x00, 0x00, 0x20, 0x14, 0x00, 0x00, 0x00, 0x03,
    0x00, 0x00, 0x00, 0x07, 0x00, 0x00, 0x00, 0x07, 0x00, 0x00, 0x00, 0x05, 0x00, 0x00, 0x00, 0x00,
    0x00, 0x00, 0x00, 0x00, 0x00, 0x00, 0x20, 0x18, 0x00, 0x00, 0x00, 0x04, 0x00, 0x00, 0x00, 0x04,
    0x00, 0x00, 0x00, 0x07, 0x00, 0x00, 0x00, 0x08, 0x00, 0x00, 0x00, 0x01, 0x00, 0x00, 0x00, 0x00,
    0x00, 0x00, 0x20, 0x19, 0x00, 0x00, 0x00, 0x04, 0x00, 0x00, 0x00, 0x04, 0x00, 0x00, 0x00, 0x07,
    0x00, 0x00, 0x00, 0x08, 0x00, 0x00, 0x00, 0x02, 0x00, 0x00, 0x00, 0x00, 0x00, 0x00, 0x20, 0x1C,
    0x00, 0x00, 0x00, 0x04, 0x00, 0x00, 0x00, 0x07, 0x00, 0x00, 0x00, 0x07, 0x00, 0x00, 0x00, 0x08,
    0x00, 0x00, 0x00, 0x00, 0x00, 0x00, 0x00, 0x00, 0x00, 0x00, 0x20, 0x1D, 0x00, 0x00, 0x00, 0x04,
    0x00, 0x00, 0x00, 0x07, 0x00, 0x00, 0x00, 0x07, 0x00, 0x00, 0x00, 0x08, 0x00, 0x00, 0x00, 0x00,
    0x00, 0x00, 0x00, 0x00, 0x00, 0x00, 0x20, 0x26, 0x00, 0x00, 0x00, 0x02, 0x00, 0x00, 0x00, 0x07,
    0x00, 0x00, 0x00, 0x07, 0x00, 0x00, 0x00, 0x02, 0x00, 0x00, 0x00, 0x00, 0x00, 0x00, 0x00, 0x00,
    0x00, 0x00, 0x20, 0xAC, 0x00, 0x00, 0x00, 0x08, 0x00, 0x00, 0x00, 0x07, 0x00, 0x00, 0x00, 0x07,
    0x00, 0x00, 0x00, 0x08, 0x00, 0x00, 0x00, 0x00, 0x00, 0x00, 0x00, 0x00, 0x00, 0x00, 0x21, 0x90,
    0x00, 0x00, 0x00, 0x07, 0x00, 0x00, 0x00, 0x07, 0x00, 0x00, 0x00, 0x07, 0x00, 0x00, 0x00, 0x08,
    0x00, 0x00, 0x00, 0x00, 0x00, 0x00, 0x00, 0x00, 0x00, 0x00, 0x21, 0x91, 0x00, 0x00, 0x00, 0x09,
    0x00, 0x00, 0x00, 0x07, 0x00, 0x00, 0x00, 0x07, 0x00, 0x00, 0x00, 0x09, 0x00, 0x00, 0x00, 0x00,
    0x00, 0x00, 0x00, 0x00, 0x00, 0x00, 0x21, 0x92, 0x00, 0x00, 0x00, 0x07, 0x00, 0x00, 0x00, 0x07,
    0x00, 0x00, 0x00, 0x07, 0x00, 0x00, 0x00, 0x08, 0x00, 0x00, 0x00, 0x00, 0x00, 0x00, 0x00, 0x00,
    0x00, 0x00, 0x21, 0x93, 0x00, 0x00, 0x00, 0x0A, 0x00, 0x00, 0x00, 0x07, 0x00, 0x00, 0x00, 0x07,
    0x00, 0x00, 0x00, 0x09, 0x00, 0x00, 0x00, 0x00, 0x00, 0x00, 0x00, 0x00, 0x00, 0x00, 0x21, 0x94,
    0x00, 0x00, 0x00, 0x06, 0x00, 0x00, 0x00, 0x07, 0x00, 0x00, 0x00, 0x07, 0x00, 0x00, 0x00, 0x07,
    0x00, 0x00, 0x00, 0x00, 0x00, 0x00, 0x00, 0x00, 0x00, 0x00, 0x21, 0x95, 0x00, 0x00, 0x00, 0x0A,
    0x00, 0x00, 0x00, 0x07, 0x00, 0x00, 0x00, 0x07, 0x00, 0x00, 0x00, 0x09, 0x00, 0x00, 0x00, 0x00,
    0x00, 0x00, 0x00, 0x00, 0x00, 0x00, 0x21, 0xE9, 0x00, 0x00, 0x00, 0x08, 0x00, 0x00, 0x00, 0x06,
    0x00, 0x00, 0x00, 0x08, 0x00, 0x00, 0x00, 0x08, 0x00, 0x00, 0x00, 0x01, 0x00, 0x00, 0x00, 0x00,
    0x00, 0x00, 0x22, 0x60, 0x00, 0x00, 0x00, 0x08, 0x00, 0x00, 0x00, 0x07, 0x00, 0x00, 0x00, 0x07,
    0x00, 0x00, 0x00, 0x08, 0x00, 0x00, 0x00, 0x00, 0x00, 0x00, 0x00, 0x00, 0x00, 0x00, 0x22, 0x61,
    0x00, 0x00, 0x00, 0x07, 0x00, 0x00, 0x00, 0x08, 0x00, 0x00, 0x00, 0x08, 0x00, 0x00, 0x00, 0x08,
    0x00, 0x00, 0x00, 0x00, 0x00, 0x00, 0x00, 0x00, 0x00, 0x00, 0x22, 0x64, 0x00, 0x00, 0x00, 0x08,
    0x00, 0x00, 0x00, 0x06, 0x00, 0x00, 0x00, 0x07, 0x00, 0x00, 0x00, 0x08, 0x00, 0x00, 0x00, 0x01,
    0x00, 0x00, 0x00, 0x00, 0x00, 0x00, 0x22, 0x65, 0x00, 0x00, 0x00, 0x08, 0x00, 0x00, 0x00, 0x06,
    0x00, 0x00, 0x00, 0x07, 0x00, 0x00, 0x00, 0x08, 0x00, 0x00, 0x00, 0x01, 0x00, 0x00, 0x00, 0x00,
    0x00, 0x00, 0x23, 0x15, 0x00, 0x00, 0x00, 0x07, 0x00, 0x00, 0x00, 0x07, 0x00, 0x00, 0x00, 0x08,
    0x00, 0x00, 0x00, 0x08, 0x00, 0x00, 0x00, 0x01, 0x00, 0x00, 0x00, 0x00, 0x00, 0x00, 0x23, 0xCE,
    0x00, 0x00, 0x00, 0x07, 0x00, 0x00, 0x00, 0x08, 0x00, 0x00, 0x00, 0x08, 0x00, 0x00, 0x00, 0x08,
    0x00, 0x00, 0x00, 0x00, 0x00, 0x00, 0x00, 0x00, 0x00, 0x00, 0x25, 0x00, 0x00, 0x00, 0x00, 0x01,
    0x00, 0x00, 0x00, 0x07, 0x00, 0x00, 0x00, 0x07, 0x00, 0x00, 0x00, 0x04, 0x00, 0x00, 0x00, 0x00,
    0x00, 0x00, 0x00, 0x00, 0x00, 0x00, 0x25, 0x01, 0x00, 0x00, 0x00, 0x03, 0x00, 0x00, 0x00, 0x07,
    0x00, 0x00, 0x00, 0x07, 0x00, 0x00, 0x00, 0x05, 0x00, 0x00, 0x00, 0x00, 0x00, 0x00, 0x00, 0x00,
    0x00, 0x00, 0x25, 0x02, 0x00, 0x00, 0x00, 0x11, 0x00, 0x00, 0x00, 0x01, 0x00, 0x00, 0x00, 0x07,
    0x00, 0x00, 0x00, 0x0C, 0x00, 0x00, 0x00, 0x03, 0x00, 0x00, 0x00, 0x00, 0x00, 0x00, 0x25, 0x03,
    0x00, 0x00, 0x00, 0x11, 0x00, 0x00, 0x00, 0x03, 0x00, 0x00, 0x00, 0x07, 0x00, 0x00, 0x00, 0x0C,
    0x00, 0x00, 0x00, 0x02, 0x00, 0x00, 0x00, 0x00, 0x00, 0x00, 0x25, 0x04, 0x00, 0x00, 0x00, 0x01,
    0x00, 0x00, 0x00, 0x07, 0x00, 0x00, 0x00, 0x07, 0x00, 0x00, 0x00, 0x04, 0x00, 0x00, 0x00, 0x00,
    0x00, 0x00, 0x00, 0x00, 0x00, 0x00, 0x25, 0x05, 0x00, 0x00, 0x00, 0x03, 0x00, 0x00, 0x00, 0x07,
    0x00, 0x00, 0x00, 0x07, 0x00, 0x00, 0x00, 0x05, 0x00, 0x00, 0x00, 0x00, 0x00, 0x00, 0x00, 0x00,
    0x00, 0x00, 0x25, 0x06, 0x00, 0x00, 0x00, 0x0F, 0x00, 0x00, 0x00, 0x01, 0x00, 0x00, 0x00, 0x07,
    0x00, 0x00, 0x00, 0x0B, 0x00, 0x00, 0x00, 0x03, 0x00, 0x00, 0x00, 0x00, 0x00, 0x00, 0x25, 0x07,
    0x00, 0x00, 0x00, 0x0F, 0x00, 0x00, 0x00, 0x03, 0x00, 0x00, 0x00, 0x07, 0x00, 0x00, 0x00, 0x0B,
    0x00, 0x00, 0x00, 0x02, 0x00, 0x00, 0x00, 0x00, 0x00, 0x00, 0x25, 0x08, 0x00, 0x00, 0x00, 0x01,
    0x00, 0x00, 0x00, 0x07, 0x00, 0x00, 0x00, 0x07, 0x00, 0x00, 0x00, 0x04, 0x00, 0x00, 0x00, 0x00,
    0x00, 0x00, 0x00, 0x00, 0x00, 0x00, 0x25, 0x09, 0x00, 0x00, 0x00, 0x03, 0x00, 0x00, 0x00, 0x07,
    0x00, 0x00, 0x00, 0x07, 0x00, 0x00, 0x00, 0x05, 0x00, 0x00, 0x00, 0x00, 0x00, 0x00, 0x00, 0x00,
    0x00, 0x00, 0x25, 0x0A, 0x00, 0x00, 0x00, 0x10, 0x00, 0x00, 0x00, 0x01, 0x00, 0x00, 0x00, 0x07,
    0x00, 0x00, 0x00, 0x0C, 0x00, 0x00, 0x00, 0x03, 0x00, 0x00, 0x00, 0x00, 0x00, 0x00, 0x25, 0x0B,
    0x00, 0x00, 0x00, 0x10, 0x00, 0x00, 0x00, 0x03, 0x00, 0x00, 0x00, 0x07, 0x00, 0x00, 0x00, 0x0C,
    0x00, 0x00, 0x00, 0x02, 0x00, 0x00, 0x00, 0x00, 0x00, 0x00, 0x25, 0x0C, 0x00, 0x00, 0x00, 0x09,
    0x00, 0x00, 0x00, 0x04, 0x00, 0x00, 0x00, 0x07, 0x00, 0x00, 0x00, 0x04, 0x00, 0x00, 0x00, 0x03,
    0x00, 0x00, 0x00, 0x00, 0x00, 0x00, 0x25, 0x0D, 0x00, 0x00, 0x00, 0x0A, 0x00, 0x00, 0x00, 0x04,
    0x00, 0x00, 0x00, 0x07, 0x00, 0x00, 0x00, 0x05, 0x00, 0x00, 0x00, 0x03, 0x00, 0x00, 0x00, 0x00,
    0x00, 0x00, 0x25, 0x0E, 0x00, 0x00, 0x00, 0x09, 0x00, 0x00, 0x00, 0x05, 0x00, 0x00, 0x00, 0x07,
    0x00, 0x00, 0x00, 0x04, 0x00, 0x00, 0x00, 0x02, 0x00, 0x00, 0x00, 0x00, 0x00, 0x00, 0x25, 0x0F,
    0x00, 0x00, 0x00, 0x0A, 0x00, 0x00, 0x00, 0x05, 0x00, 0x00, 0x00, 0x07, 0x00, 0x00, 0x00, 0x05,
    0x00, 0x00, 0x00, 0x02, 0x00, 0x00, 0x00, 0x00, 0x00, 0x00, 0x25, 0x10, 0x00, 0x00, 0x00, 0x09,
    0x00, 0x00, 0x00, 0x06, 0x00, 0x00, 0x00, 0x07, 0x00, 0x00, 0x00, 0x04, 0x00, 0x00, 0x00, 0x00,
    0x00, 0x00, 0x00, 0x00, 0x00, 0x00, 0x25, 0x11, 0x00, 0x00, 0x00, 0x0A, 0x00, 0x00, 0x00, 0x06,
    0x00, 0x00, 0x00, 0x07, 0x00, 0x00, 0x00, 0x05, 0x00, 0x00, 0x00, 0x00, 0x00, 0x00, 0x00, 0x00,
    0x00, 0x00, 0x25, 0x12, 0x00, 0x00, 0x00, 0x09, 0x00, 0x00, 0x00, 0x07, 0x00, 0x00, 0x00, 0x07,
    0x00, 0x00, 0x00, 0x04, 0x00, 0x00, 0x00, 0x00, 0x00, 0x00, 0x00, 0x00, 0x00, 0x00, 0x25, 0x13,
    0x00, 0x00, 0x00, 0x0A, 0x00, 0x00, 0x00, 0x07, 0x00, 0x00, 0x00, 0x07, 0x00, 0x00, 0x00, 0x05,
    0x00, 0x00, 0x00, 0x00, 0x00, 0x00, 0x00, 0x00, 0x00, 0x00, 0x25, 0x14, 0x00, 0x00, 0x00, 0x09,
    0x00, 0x00, 0x00, 0x04, 0x00, 0x00, 0x00, 0x07, 0x00, 0x00, 0x00, 0x0C, 0x00, 0x00, 0x00, 0x03,
    0x00, 0x00, 0x00, 0x00, 0x00, 0x00, 0x25, 0x15, 0x00, 0x00, 0x00, 0x0A, 0x00, 0x00, 0x00, 0x04,
    0x00, 0x00, 0x00, 0x07, 0x00, 0x00, 0x00, 0x0C, 0x00, 0x00, 0x00, 0x03, 0x00, 0x00, 0x00, 0x00,
    0x00, 0x00, 0x25, 0x16, 0x00, 0x00, 0x00, 0x09, 0x00, 0x00, 0x00, 0x05, 0x00, 0x00, 0x00, 0x07,
    0x00, 0x00, 0x00, 0x0C, 0x00, 0x00, 0x00, 0x02, 0x00, 0x00, 0x00, 0x00, 0x00, 0x00, 0x25, 0x17,
    0x00, 0x00, 0x00, 0x0A, 0x00, 0x00, 0x00, 0x05, 0x00, 0x00, 0x00, 0x07, 0x00, 0x00, 0x00, 0x0C,
    0x00, 0x00, 0x00, 0x02, 0x00, 0x00, 0x00, 0x00, 0x00, 0x00, 0x25, 0x18, 0x00, 0x00, 0x00, 0x09,
    0x00, 0x00, 0x00, 0x06, 0x00, 0x00, 0x00, 0x07, 0x00, 0x00, 0x00, 0x0C, 0x00, 0x00, 0x00, 0x00,
    0x00, 0x00, 0x00, 0x00, 0x00, 0x00, 0x25, 0x19, 0x00, 0x00, 0x00, 0x0A, 0x00, 0x00, 0x00, 0x06,
    0x00, 0x00, 0x00, 0x07, 0x00, 0x00, 0x00, 0x0C, 0x00, 0x00, 0x00, 0x00, 0x00, 0x00, 0x00, 0x00,
    0x00, 0x00, 0x25, 0x1A, 0x00, 0x00, 0x00, 0x09, 0x00, 0x00, 0x00, 0x07, 0x00, 0x00, 0x00, 0x07,
    0x00, 0x00, 0x00, 0x0C, 0x00, 0x00, 0x00, 0x00, 0x00, 0x00, 0x00, 0x00, 0x00, 0x00, 0x25, 0x1B,
    0x00, 0x00, 0x00, 0x0A, 0x00, 0x00, 0x00, 0x07, 0x00, 0x00, 0x00, 0x07, 0x00, 0x00, 0x00, 0x0C,
    0x00, 0x00, 0x00, 0x00, 0x00, 0x00, 0x00, 0x00, 0x00, 0x00, 0x25, 0x1C, 0x00, 0x00, 0x00, 0x11,
    0x00, 0x00, 0x00, 0x04, 0x00, 0x00, 0x00, 0x07, 0x00, 0x00, 0x00, 0x0C, 0x00, 0x00, 0x00, 0x03,
    0x00, 0x00, 0x00, 0x00, 0x00, 0x00, 0x25, 0x1D, 0x00, 0x00, 0x00, 0x11, 0x00, 0x00, 0x00, 0x04,
    0x00, 0x00, 0x00, 0x07, 0x00, 0x00, 0x00, 0x0C, 0x00, 0x00, 0x00, 0x03, 0x00, 0x00, 0x00, 0x00,
    0x00, 0x00, 0x25, 0x1E, 0x00, 0x00, 0x00, 0x11, 0x00, 0x00, 0x00, 0x05, 0x00, 0x00, 0x00, 0x07,
    0x00, 0x00, 0x00, 0x0C, 0x00, 0x00, 0x00, 0x02, 0x00, 0x00, 0x00, 0x00, 0x00, 0x00, 0x25, 0x1F,
    0x00, 0x00, 0x00, 0x11, 0x00, 0x00, 0x00, 0x05, 0x00, 0x00, 0x00, 0x07, 0x00, 0x00, 0x00, 0x0C,
    0x00, 0x00, 0x00, 0x02, 0x00, 0x00, 0x00, 0x00, 0x00, 0x00, 0x25, 0x20, 0x00, 0x00, 0x00, 0x11,
    0x00, 0x00, 0x00, 0x05, 0x00, 0x00, 0x00, 0x07, 0x00, 0x00, 0x00, 0x0C, 0x00, 0x00, 0x00, 0x02,
    0x00, 0x00, 0x00, 0x00, 0x00, 0x00, 0x25, 0x21, 0x00, 0x00, 0x00, 0x11, 0x00, 0x00, 0x00, 0x05,
    0x00, 0x00, 0x00, 0x07, 0x00, 0x00, 0x00, 0x0C, 0x00, 0x00, 0x00, 0x02, 0x00, 0x00, 0x00, 0x00,
    0x00, 0x00, 0x25, 0x22, 0x00, 0x00, 0x00, 0x11, 0x00, 0x00, 0x00, 0x05, 0x00, 0x00, 0x00, 0x07,
    0x00, 0x00, 0x00, 0x0C, 0x00, 0x00, 0x00, 0x02, 0x00, 0x00, 0x00, 0x00, 0x00, 0x00, 0x25, 0x23,
    0x00, 0x00, 0x00, 0x11, 0x00, 0x00, 0x00, 0x05, 0x00, 0x00, 0x00, 0x07, 0x00, 0x00, 0x00, 0x0C,
    0x00, 0x00, 0x00, 0x02, 0x00, 0x00, 0x00, 0x00, 0x00, 0x00, 0x25, 0x24, 0x00, 0x00, 0x00, 0x11,
    0x00, 0x00, 0x00, 0x06, 0x00, 0x00, 0x00, 0x07, 0x00, 0x00, 0x00, 0x0C, 0x00, 0x00, 0x00, 0x00,
    0x00, 0x00, 0x00, 0x00, 0x00, 0x00, 0x25, 0x25, 0x00, 0x00, 0x00, 0x11, 0x00, 0x00, 0x00, 0x06,
    0x00, 0x00, 0x00, 0x07, 0x00, 0x00, 0x00, 0x0C, 0x00, 0x00, 0x00, 0x00, 0x00, 0x00, 0x00, 0x00,
    0x00, 0x00, 0x25, 0x26, 0x00, 0x00, 0x00, 0x11, 0x00, 0x00, 0x00, 0x07, 0x00, 0x00, 0x00, 0x07,
    0x00, 0x00, 0x00, 0x0C, 0x00, 0x00, 0x00, 0x00, 0x00, 0x00, 0x00, 0x00, 0x00, 0x00, 0x25, 0x27,
    0x00, 0x00, 0x00, 0x11, 0x00, 0x00, 0x00, 0x07, 0x00, 0x00, 0x00, 0x07, 0x00, 0x00, 0x00, 0x0C,
    0x00, 0x00, 0x00, 0x00, 0x00, 0x00, 0x00, 0x00, 0x00, 0x00, 0x25, 0x28, 0x00, 0x00, 0x00, 0x11,
    0x00, 0x00, 0x00, 0x07, 0x00, 0x00, 0x00, 0x07, 0x00, 0x00, 0x00, 0x0C, 0x00, 0x00, 0x00, 0x00,
    0x00, 0x00, 0x00, 0x00, 0x00, 0x00, 0x25, 0x29, 0x00, 0x00, 0x00, 0x11, 0x00, 0x00, 0x00, 0x07,
    0x00, 0x00, 0x00, 0x07, 0x00, 0x00, 0x00, 0x0C, 0x00, 0x00, 0x00, 0x00, 0x00, 0x00, 0x00, 0x00,
    0x00, 0x00, 0x25, 0x2A, 0x00, 0x00, 0x00, 0x11, 0x00, 0x00, 0x00, 0x07, 0x00, 0x00, 0x00, 0x07,
    0x00, 0x00, 0x00, 0x0C, 0x00, 0x00, 0x00, 0x00, 0x00, 0x00, 0x00, 0x00, 0x00, 0x00, 0x25, 0x2B,
    0x00, 0x00, 0x00, 0x11, 0x00, 0x00, 0x00, 0x07, 0x00, 0x00, 0x00, 0x07, 0x00, 0x00, 0x00, 0x0C,
    0x00, 0x00, 0x00, 0x00, 0x00, 0x00, 0x00, 0x00, 0x00, 0x00, 0x25, 0x2C, 0x00, 0x00, 0x00, 0x09,
    0x00, 0x00, 0x00, 0x07, 0x00, 0x00, 0x00, 0x07, 0x00, 0x00, 0x00, 0x04, 0x00, 0x00, 0x00, 0x00,
    0x00, 0x00, 0x00, 0x00, 0x00, 0x00, 0x25, 0x2D, 0x00, 0x00, 0x00, 0x0A, 0x00, 0x00, 0x00, 0x07,
    0x00, 0x00, 0x00, 0x07, 0x00, 0x00, 0x00, 0x05, 0x00, 0x00, 0x00, 0x00, 0x00, 0x00, 0x00, 0x00,
    0x00, 0x00, 0x25, 0x2E, 0x00, 0x00, 0x00, 0x0A, 0x00, 0x00, 0x00, 0x07, 0x00, 0x00, 0x00, 0x07,
    0x00, 0x00, 0x00, 0x05, 0x00, 0x00, 0x00, 0x00, 0x00, 0x00, 0x00, 0x00, 0x00, 0x00, 0x25, 0x2F,
    0x00, 0x00, 0x00, 0x0A, 0x00, 0x00, 0x00, 0x07, 0x00, 0x00, 0x00, 0x07, 0x00, 0x00, 0x00, 0x05,
    0x00, 0x00, 0x00, 0x00, 0x00, 0x00, 0x00, 0x00, 0x00, 0x00, 0x25, 0x30, 0x00, 0x00, 0x00, 0x09,
    0x00, 0x00, 0x00, 0x07, 0x00, 0x00, 0x00, 0x07, 0x00, 0x00, 0x00, 0x04, 0x00, 0x00, 0x00, 0x00,
    0x00, 0x00, 0x00, 0x00, 0x00, 0x00, 0x25, 0x31, 0x00, 0x00, 0x00, 0x0A, 0x00, 0x00, 0x00, 0x07,
    0x00, 0x00, 0x00, 0x07, 0x00, 0x00, 0x00, 0x05, 0x00, 0x00, 0x00, 0x00, 0x00, 0x00, 0x00, 0x00,
    0x00, 0x00, 0x25, 0x32, 0x00, 0x00, 0x00, 0x0A, 0x00, 0x00, 0x00, 0x07, 0x00, 0x00, 0x00, 0x07,
    0x00, 0x00, 0x00, 0x05, 0x00, 0x00, 0x00, 0x00, 0x00, 0x00, 0x00, 0x00, 0x00, 0x00, 0x25, 0x33,
    0x00, 0x00, 0x00, 0x0A, 0x00, 0x00, 0x00, 0x07, 0x00, 0x00, 0x00, 0x07, 0x00, 0x00, 0x00, 0x05,
    0x00, 0x00, 0x00, 0x00, 0x00, 0x00, 0x00, 0x00, 0x00, 0x00, 0x25, 0x34, 0x00, 0x00, 0x00, 0x09,
    0x00, 0x00, 0x00, 0x07, 0x00, 0x00, 0x00, 0x07, 0x00, 0x00, 0x00, 0x0C, 0x00, 0x00, 0x00, 0x00,
    0x00, 0x00, 0x00, 0x00, 0x00, 0x00, 0x25, 0x35, 0x00, 0x00, 0x00, 0x0A, 0x00, 0x00, 0x00, 0x07,
    0x00, 0x00, 0x00, 0x07, 0x00, 0x00, 0x00, 0x0C, 0x00, 0x00, 0x00, 0x00, 0x00, 0x00, 0x00, 0x00,
    0x00, 0x00, 0x25, 0x36, 0x00, 0x00, 0x00, 0x0A, 0x00, 0x00, 0x00, 0x07, 0x00, 0x00, 0x00, 0x07,
    0x00, 0x00, 0x00, 0x0C, 0x00, 0x00, 0x00, 0x00, 0x00, 0x00, 0x00, 0x00, 0x00, 0x00, 0x25, 0x37,
    0x00, 0x00, 0x00, 0x0A, 0x00, 0x00, 0x00, 0x07, 0x00, 0x00, 0x00, 0x07, 0x00, 0x00, 0x00, 0x0C,
    0x00, 0x00, 0x00, 0x00, 0x00, 0x00, 0x00, 0x00, 0x00, 0x00, 0x25, 0x38, 0x00, 0x00, 0x00, 0x09,
    0x00, 0x00, 0x00, 0x07, 0x00, 0x00, 0x00, 0x07, 0x00, 0x00, 0x00, 0x0C, 0x00, 0x00, 0x00, 0x00,
    0x00, 0x00, 0x00, 0x00, 0x00, 0x00, 0x25, 0x39, 0x00, 0x00, 0x00, 0x0A, 0x00, 0x00, 0x00, 0x07,
    0x00, 0x00, 0x00, 0x07, 0x00, 0x00, 0x00, 0x0C, 0x00, 0x00, 0x00, 0x00, 0x00, 0x00, 0x00, 0x00,
    0x00, 0x00, 0x25, 0x3A, 0x00, 0x00, 0x00, 0x0A, 0x00, 0x00, 0x00, 0x07, 0x00, 0x00, 0x00, 0x07,
    0x00, 0x00, 0x00, 0x0C, 0x00, 0x00, 0x00, 0x00, 0x00, 0x00, 0x00, 0x00, 0x00, 0x00, 0x25, 0x3B,
    0x00, 0x00, 0x00, 0x0A, 0x00, 0x00, 0x00, 0x07, 0x00, 0x00, 0x00, 0x07, 0x00, 0x00, 0x00, 0x0C,
    0x00, 0x00, 0x00, 0x00, 0x00, 0x00, 0x00, 0x00, 0x00, 0x00, 0x25, 0x3C, 0x00, 0x00, 0x00, 0x11,
    0x00, 0x00, 0x00, 0x07, 0x00, 0x00, 0x00, 0x07, 0x00, 0x00, 0x00, 0x0C, 0x00, 0x00, 0x00, 0x00,
    0x00, 0x00, 0x00, 0x00, 0x00, 0x00, 0x25, 0x3D, 0x00, 0x00, 0x00, 0x11, 0x00, 0x00, 0x00, 0x07,
    0x00, 0x00, 0x00, 0x07, 0x00, 0x00, 0x00, 0x0C, 0x00, 0x00, 0x00, 0x00, 0x00, 0x00, 0x00, 0x00,
    0x00, 0x00, 0x25, 0x3E, 0x00, 0x00, 0x00, 0x11, 0x00, 0x00, 0x00, 0x07, 0x00, 0x00, 0x00, 0x07,
    0x00, 0x00, 0x00, 0x0C, 0x00, 0x00, 0x00, 0x00, 0x00, 0x00, 0x00, 0x00, 0x00, 0x00, 0x25, 0x3F,
    0x00, 0x00, 0x00, 0x11, 0x00, 0x00, 0x00, 0x07, 0x00, 0x00, 0x00, 0x07, 0x00, 0x00, 0x00, 0x0C,
    0x00, 0x00, 0x00, 0x00, 0x00, 0x00, 0x00, 0x00, 0x00, 0x00, 0x25, 0x40, 0x00, 0x00, 0x00, 0x11,
    0x00, 0x00, 0x00, 0x07, 0x00, 0x00, 0x00, 0x07, 0x00, 0x00, 0x00, 0x0C, 0x00, 0x00, 0x00, 0x00,
    0x00, 0x00, 0x00, 0x00, 0x00, 0x00, 0x25, 0x41, 0x00, 0x00, 0x00, 0x11, 0x00, 0x00, 0x00, 0x07,
    0x00, 0x00, 0x00, 0x07, 0x00, 0x00, 0x00, 0x0C, 0x00, 0x00, 0x00, 0x00, 0x00, 0x00, 0x00, 0x00,
    0x00, 0x00, 0x25, 0x42, 0x00, 0x00, 0x00, 0x11, 0x00, 0x00, 0x00, 0x07, 0x00, 0x00, 0x00, 0x07,
    0x00, 0x00, 0x00, 0x0C, 0x00, 0x00, 0x00, 0x00, 0x00, 0x00, 0x00, 0x00, 0x00, 0x00, 0x25, 0x43,
    0x00, 0x00, 0x00, 0x11, 0x00, 0x00, 0x00, 0x07, 0x00, 0x00, 0x00, 0x07, 0x00, 0x00, 0x00, 0x0C,
    0x00, 0x00, 0x00, 0x00, 0x00, 0x00, 0x00, 0x00, 0x00, 0x00, 0x25, 0x44, 0x00, 0x00, 0x00, 0x11,
    0x00, 0x00, 0x00, 0x07, 0x00, 0x00, 0x00, 0x07, 0x00, 0x00, 0x00, 0x0C, 0x00, 0x00, 0x00, 0x00,
    0x00, 0x00, 0x00, 0x00, 0x00, 0x00, 0x25, 0x45, 0x00, 0x00, 0x00, 0x11, 0x00, 0x00, 0x00, 0x07,
    0x00, 0x00, 0x00, 0x07, 0x00, 0x00, 0x00, 0x0C, 0x00, 0x00, 0x00, 0x00, 0x00, 0x00, 0x00, 0x00,
    0x00, 0x00, 0x25, 0x46, 0x00, 0x00, 0x00, 0x11, 0x00, 0x00, 0x00, 0x07, 0x00, 0x00, 0x00, 0x07,
    0x00, 0x00, 0x00, 0x0C, 0x00, 0x00, 0x00, 0x00, 0x00, 0x00, 0x00, 0x00, 0x00, 0x00, 0x25, 0x47,
    0x00, 0x00, 0x00, 0x11, 0x00, 0x00, 0x00, 0x07, 0x00, 0x00, 0x00, 0x07, 0x00, 0x00, 0x00, 0x0C,
    0x00, 0x00, 0x00, 0x00, 0x00, 0x00, 0x00, 0x00, 0x00, 0x00, 0x25, 0x48, 0x00, 0x00, 0x00, 0x11,
    0x00, 0x00, 0x00, 0x07, 0x00, 0x00, 0x00, 0x07, 0x00, 0x00, 0x00, 0x0C, 0x00, 0x00, 0x00, 0x00,
    0x00, 0x00, 0x00, 0x00, 0x00, 0x00, 0x25, 0x49, 0x00, 0x00, 0x00, 0x11, 0x00, 0x00, 0x00, 0x07,
    0x00, 0x00, 0x00, 0x07, 0x00, 0x00, 0x00, 0x0C, 0x00, 0x00, 0x00, 0x00, 0x00, 0x00, 0x00, 0x00,
    0x00, 0x00, 0x25, 0x4A, 0x00, 0x00, 0x00, 0x11, 0x00, 0x00, 0x00, 0x07, 0x00, 0x00, 0x00, 0x07,
    0x00, 0x00, 0x00, 0x0C, 0x00, 0x00, 0x00, 0x00, 0x00, 0x00, 0x00, 0x00, 0x00, 0x00, 0x25, 0x4B,
    0x00, 0x00, 0x00, 0x11, 0x00, 0x00, 0x00, 0x07, 0x00, 0x00, 0x00, 0x07, 0x00, 0x00, 0x00, 0x0C,
    0x00, 0x00, 0x00, 0x00, 0x00, 0x00, 0x00, 0x00, 0x00, 0x00, 0x25, 0x4C, 0x00, 0x00, 0x00, 0x01,
    0x00, 0x00, 0x00, 0x07, 0x00, 0x00, 0x00, 0x07, 0x00, 0x00, 0x00, 0x04, 0x00, 0x00, 0x00, 0x00,
    0x00, 0x00, 0x00, 0x00, 0x00, 0x00, 0x25, 0x4D, 0x00, 0x00, 0x00, 0x03, 0x00, 0x00, 0x00, 0x07,
    0x00, 0x00, 0x00, 0x07, 0x00, 0x00, 0x00, 0x05, 0x00, 0x00, 0x00, 0x00, 0x00, 0x00, 0x00, 0x00,
    0x00, 0x00, 0x25, 0x4E, 0x00, 0x00, 0x00, 0x0B, 0x00, 0x00, 0x00, 0x01, 0x00, 0x00, 0x00, 0x07,
    0x00, 0x00, 0x00, 0x09, 0x00, 0x00, 0x00, 0x03, 0x00, 0x00, 0x00, 0x00, 0x00, 0x00, 0x25, 0x4F,
    0x00, 0x00, 0x00, 0x0B, 0x00, 0x00, 0x00, 0x03, 0x00, 0x00, 0x00, 0x07, 0x00, 0x00, 0x00, 0x09,
    0x00, 0x00, 0x00, 0x02, 0x00, 0x00, 0x00, 0x00, 0x00, 0x00, 0x25, 0x50, 0x00, 0x00, 0x00, 0x03,
    0x00, 0x00, 0x00, 0x07, 0x00, 0x00, 0x00, 0x07, 0x00, 0x00, 0x00, 0x05, 0x00, 0x00, 0x00, 0x00,
    0x00, 0x00, 0x00, 0x00, 0x00, 0x00, 0x25, 0x51, 0x00, 0x00, 0x00, 0x11, 0x00, 0x00, 0x00, 0x03,
    0x00, 0x00, 0x00, 0x07, 0x00, 0x00, 0x00, 0x0C, 0x00, 0x00, 0x00, 0x02, 0x00, 0x00, 0x00, 0x00,
    0x00, 0x00, 0x25, 0x52, 0x00, 0x00, 0x00, 0x0A, 0x00, 0x00, 0x00, 0x04, 0x00, 0x00, 0x00, 0x07,
    0x00, 0x00, 0x00, 0x05, 0x00, 0x00, 0x00, 0x03, 0x00, 0x00, 0x00, 0x00, 0x00, 0x00, 0x25, 0x53,
    0x00, 0x00, 0x00, 0x09, 0x00, 0x00, 0x00, 0x05, 0x00, 0x00, 0x00, 0x07, 0x00, 0x00, 0x00, 0x04,
    0x00, 0x00, 0x00, 0x02, 0x00, 0x00, 0x00, 0x00, 0x00, 0x00, 0x25, 0x54, 0x00, 0x00, 0x00, 0x0A,
    0x00, 0x00, 0x00, 0x05, 0x00, 0x00, 0x00, 0x07, 0x00, 0x00, 0x00, 0x05, 0x00, 0x00, 0x00, 0x02,
    0x00, 0x00, 0x00, 0x00, 0x00, 0x00, 0x25, 0x55, 0x00, 0x00, 0x00, 0x0A, 0x00, 0x00, 0x00, 0x06,
    0x00, 0x00, 0x00, 0x07, 0x00, 0x00, 0x00, 0x05, 0x00, 0x00, 0x00, 0x00, 0x00, 0x00, 0x00, 0x00,
    0x00, 0x00, 0x25, 0x56, 0x00, 0x00, 0x00, 0x09, 0x00, 0x00, 0x00, 0x07, 0x00, 0x00, 0x00, 0x07,
    0x00, 0x00, 0x00, 0x04, 0x00, 0x00, 0x00, 0x00, 0x00, 0x00, 0x00, 0x00, 0x00, 0x00, 0x25, 0x57,
    0x00, 0x00, 0x00, 0x0A, 0x00, 0x00, 0x00, 0x07, 0x00, 0x00, 0x00, 0x07, 0x00, 0x00, 0x00, 0x05,
    0x00, 0x00, 0x00, 0x00, 0x00, 0x00, 0x00, 0x00, 0x00, 0x00, 0x25, 0x58, 0x00, 0x00, 0x00, 0x0A,
    0x00, 0x00, 0x00, 0x04, 0x00, 0x00, 0x00, 0x07, 0x00, 0x00, 0x00, 0x0C, 0x00, 0x00, 0x00, 0x03,
    0x00, 0x00, 0x00, 0x00, 0x00, 0x00, 0x25, 0x59, 0x00, 0x00, 0x00, 0x09, 0x00, 0x00, 0x00, 0x05,
    0x00, 0x00, 0x00, 0x07, 0x00, 0x00, 0x00, 0x0C, 0x00, 0x00, 0x00, 0x02, 0x00, 0x00, 0x00, 0x00,
    0x00, 0x00, 0x25, 0x5A, 0x00, 0x00, 0x00, 0x0A, 0x00, 0x00, 0x00, 0x05, 0x00, 0x00, 0x00, 0x07,
    0x00, 0x00, 0x00, 0x0C, 0x00, 0x00, 0x00, 0x02, 0x00, 0x00, 0x00, 0x00, 0x00, 0x00, 0x25, 0x5B,
    0x00, 0x00, 0x00, 0x0A, 0x00, 0x00, 0x00, 0x06, 0x00, 0x00, 0x00, 0x07, 0x00, 0x00, 0x00, 0x0C,
    0x00, 0x00, 0x00, 0x00, 0x00, 0x00, 0x00, 0x00, 0x00, 0x00, 0x25, 0x5C, 0x00, 0x00, 0x00, 0x09,
    0x00, 0x00, 0x00, 0x07, 0x00, 0x00, 0x00, 0x07, 0x00, 0x00, 0x00, 0x0C, 0x00, 0x00, 0x00, 0x00,
    0x00, 0x00, 0x00, 0x00, 0x00, 0x00, 0x25, 0x5D, 0x00, 0x00, 0x00, 0x0A, 0x00, 0x00, 0x00, 0x07,
    0x00, 0x00, 0x00, 0x07, 0x00, 0x00, 0x00, 0x0C, 0x00, 0x00, 0x00, 0x00, 0x00, 0x00, 0x00, 0x00,
    0x00, 0x00, 0x25, 0x5E, 0x00, 0x00, 0x00, 0x11, 0x00, 0x00, 0x00, 0x04, 0x00, 0x00, 0x00, 0x07,
    0x00, 0x00, 0x00, 0x0C, 0x00, 0x00, 0x00, 0x03, 0x00, 0x00, 0x00, 0x00, 0x00, 0x00, 0x25, 0x5F,
    0x00, 0x00, 0x00, 0x11, 0x00, 0x00, 0x00, 0x05, 0x00, 0x00, 0x00, 0x07, 0x00, 0x00, 0x00, 0x0C,
    0x00, 0x00, 0x00, 0x02, 0x00, 0x00, 0x00, 0x00, 0x00, 0x00, 0x25, 0x60, 0x00, 0x00, 0x00, 0x11,
    0x00, 0x00, 0x00, 0x05, 0x00, 0x00, 0x00, 0x07, 0x00, 0x00, 0x00, 0x0C, 0x00, 0x00, 0x00, 0x02,
    0x00, 0x00, 0x00, 0x00, 0x00, 0x00, 0x25, 0x61, 0x00, 0x00, 0x00, 0x11, 0x00, 0x00, 0x00, 0x06,
    0x00, 0x00, 0x00, 0x07, 0x00, 0x00, 0x00, 0x0C, 0x00, 0x00, 0x00, 0x00, 0x00, 0x00, 0x00, 0x00,
    0x00, 0x00, 0x25, 0x62, 0x00, 0x00, 0x00, 0x11, 0x00, 0x00, 0x00, 0x07, 0x00, 0x00, 0x00, 0x07,
    0x00, 0x00, 0x00, 0x0C, 0x00, 0x00, 0x00, 0x00, 0x00, 0x00, 0x00, 0x00, 0x00, 0x00, 0x25, 0x63,
    0x00, 0x00, 0x00, 0x11, 0x00, 0x00, 0x00, 0x07, 0x00, 0x00, 0x00, 0x07, 0x00, 0x00, 0x00, 0x0C,
    0x00, 0x00, 0x00, 0x00, 0x00, 0x00, 0x00, 0x00, 0x00, 0x00, 0x25, 0x64, 0x00, 0x00, 0x00, 0x0A,
    0x00, 0x00, 0x00, 0x07, 0x00, 0x00, 0x00, 0x07, 0x00, 0x00, 0x00, 0x05, 0x00, 0x00, 0x00, 0x00,
    0x00, 0x00, 0x00, 0x00, 0x00, 0x00, 0x25, 0x65, 0x00, 0x00, 0x00, 0x09, 0x00, 0x00, 0x00, 0x07,
    0x00, 0x00, 0x00, 0x07, 0x00, 0x00, 0x00, 0x04, 0x00, 0x00, 0x00, 0x00, 0x00, 0x00, 0x00, 0x00,
    0x00, 0x00, 0x25, 0x66, 0x00, 0x00, 0x00, 0x0A, 0x00, 0x00, 0x00, 0x07, 0x00, 0x00, 0x00, 0x07,
    0x00, 0x00, 0x00, 0x05, 0x00, 0x00, 0x00, 0x00, 0x00, 0x00, 0x00, 0x00, 0x00, 0x00, 0x25, 0x67,
    0x00, 0x00, 0x00, 0x0A, 0x00, 0x00, 0x00, 0x07, 0x00, 0x00, 0x00, 0x07, 0x00, 0x00, 0x00, 0x0C,
    0x00, 0x00, 0x00, 0x00, 0x00, 0x00, 0x00, 0x00, 0x00, 0x00, 0x25, 0x68, 0x00, 0x00, 0x00, 0x09,
    0x00, 0x00, 0x00, 0x07, 0x00, 0x00, 0x00, 0x07, 0x00, 0x00, 0x00, 0x0C, 0x00, 0x00, 0x00, 0x00,
    0x00, 0x00, 0x00, 0x00, 0x00, 0x00, 0x25, 0x69, 0x00, 0x00, 0x00, 0x0A, 0x00, 0x00, 0x00, 0x07,
    0x00, 0x00, 0x00, 0x07, 0x00, 0x00, 0x00, 0x0C, 0x00, 0x00, 0x00, 0x00, 0x00, 0x00, 0x00, 0x00,
    0x00, 0x00, 0x25, 0x6A, 0x00, 0x00, 0x00, 0x11, 0x00, 0x00, 0x00, 0x07, 0x00, 0x00, 0x00, 0x07,
    0x00, 0x00, 0x00, 0x0C, 0x00, 0x00, 0x00, 0x00, 0x00, 0x00, 0x00, 0x00, 0x00, 0x00, 0x25, 0x6B,
    0x00, 0x00, 0x00, 0x11, 0x00, 0x00, 0x00, 0x07, 0x00, 0x00, 0x00, 0x07, 0x00, 0x00, 0x00, 0x0C,
    0x00, 0x00, 0x00, 0x00, 0x00, 0x00, 0x00, 0x00, 0x00, 0x00, 0x25, 0x6C, 0x00, 0x00, 0x00, 0x11,
    0x00, 0x00, 0x00, 0x07, 0x00, 0x00, 0x00, 0x07, 0x00, 0x00, 0x00, 0x0C, 0x00, 0x00, 0x00, 0x00,
    0x00, 0x00, 0x00, 0x00, 0x00, 0x00, 0x25, 0x6D, 0x00, 0x00, 0x00, 0x09, 0x00, 0x00, 0x00, 0x04,
    0x00, 0x00, 0x00, 0x07, 0x00, 0x00, 0x00, 0x04, 0x00, 0x00, 0x00, 0x03, 0x00, 0x00, 0x00, 0x00,
    0x00, 0x00, 0x25, 0x6E, 0x00, 0x00, 0x00, 0x09, 0x00, 0x00, 0x00, 0x06, 0x00, 0x00, 0x00, 0x07,
    0x00, 0x00, 0x00, 0x04, 0x00, 0x00, 0x00, 0x00, 0x00, 0x00, 0x00, 0x00, 0x00, 0x00, 0x25, 0x6F,
    0x00, 0x00, 0x00, 0x09, 0x00, 0x00, 0x00, 0x06, 0x00, 0x00, 0x00, 0x07, 0x00, 0x00, 0x00, 0x0C,
    0x00, 0x00, 0x00, 0x00, 0x00, 0x00, 0x00, 0x00, 0x00, 0x00, 0x25, 0x70, 0x00, 0x00, 0x00, 0x09,
    0x00, 0x00, 0x00, 0x04, 0x00, 0x00, 0x00, 0x07, 0x00, 0x00, 0x00, 0x0C, 0x00, 0x00, 0x00, 0x03,
    0x00, 0x00, 0x00, 0x00, 0x00, 0x00, 0x25, 0x71, 0x00, 0x00, 0x00, 0x0E, 0x00, 0x00, 0x00, 0x07,
    0x00, 0x00, 0x00, 0x07, 0x00, 0x00, 0x00, 0x0B, 0x00, 0x00, 0x00, 0x00, 0x00, 0x00, 0x00, 0x00,
    0x00, 0x00, 0x25, 0x72, 0x00, 0x00, 0x00, 0x0E, 0x00, 0x00, 0x00, 0x07, 0x00, 0x00, 0x00, 0x07,
    0x00, 0x00, 0x00, 0x0B, 0x00, 0x00, 0x00, 0x00, 0x00, 0x00, 0x00, 0x00, 0x00, 0x00, 0x25, 0x73,
    0x00, 0x00, 0x00, 0x0E, 0x00, 0x00, 0x00, 0x07, 0x00, 0x00, 0x00, 0x07, 0x00, 0x00, 0x00, 0x0B,
    0x00, 0x00, 0x00, 0x00, 0x00, 0x00, 0x00, 0x00, 0x00, 0x00, 0x25, 0x74, 0x00, 0x00, 0x00, 0x01,
    0x00, 0x00, 0x00, 0x07, 0x00, 0x00, 0x00, 0x07, 0x00, 0x00, 0x00, 0x04, 0x00, 0x00, 0x00, 0x00,
    0x00, 0x00, 0x00, 0x00, 0x00, 0x00, 0x25, 0x75, 0x00, 0x00, 0x00, 0x09, 0x00, 0x00, 0x00, 0x01,
    0x00, 0x00, 0x00, 0x07, 0x00, 0x00, 0x00, 0x0C, 0x00, 0x00, 0x00, 0x03, 0x00, 0x00, 0x00, 0x00,
    0x00, 0x00, 0x25, 0x76, 0x00, 0x00, 0x00, 0x01, 0x00, 0x00, 0x00, 0x04, 0x00, 0x00, 0x00, 0x07,
    0x00, 0x00, 0x00, 0x04, 0x00, 0x00, 0x00, 0x03, 0x00, 0x00, 0x00, 0x00, 0x00, 0x00, 0x25, 0x77,
    0x00, 0x00, 0x00, 0x0A, 0x00, 0x00, 0x00, 0x01, 0x00, 0x00, 0x00, 0x07, 0x00, 0x00, 0x00, 0x05,
    0x00, 0x00, 0x00, 0x03, 0x00, 0x00, 0x00, 0x00, 0x00, 0x00, 0x25, 0x78, 0x00, 0x00, 0x00, 0x03,
    0x00, 0x00, 0x00, 0x07, 0x00, 0x00, 0x00, 0x07, 0x00, 0x00, 0x00, 0x05, 0x00, 0x00, 0x00, 0x00,
    0x00, 0x00, 0x00, 0x00, 0x00, 0x00, 0x25, 0x79, 0x00, 0x00, 0x00, 0x09, 0x00, 0x00, 0x00, 0x03,
    0x00, 0x00, 0x00, 0x07, 0x00, 0x00, 0x00, 0x0C, 0x00, 0x00, 0x00, 0x02, 0x00, 0x00, 0x00, 0x00,
    0x00, 0x00, 0x25, 0x7A, 0x00, 0x00, 0x00, 0x03, 0x00, 0x00, 0x00, 0x04, 0x00, 0x00, 0x00, 0x07,
    0x00, 0x00, 0x00, 0x05, 0x00, 0x00, 0x00, 0x03, 0x00, 0x00, 0x00, 0x00, 0x00, 0x00, 0x25, 0x7B,
    0x00, 0x00, 0x00, 0x0A, 0x00, 0x00, 0x00, 0x03, 0x00, 0x00, 0x00, 0x07, 0x00, 0x00, 0x00, 0x05,
    0x00, 0x00, 0x00, 0x02, 0x00, 0x00, 0x00, 0x00, 0x00, 0x00, 0x25, 0x7C, 0x00, 0x00, 0x00, 0x03,
    0x00, 0x00, 0x00, 0x07, 0x00, 0x00, 0x00, 0x07, 0x00, 0x00, 0x00, 0x05, 0x00, 0x00, 0x00, 0x00,
    0x00, 0x00, 0x00, 0x00, 0x00, 0x00, 0x25, 0x7D, 0x00, 0x00, 0x00, 0x11, 0x00, 0x00, 0x00, 0x03,
    0x00, 0x00, 0x00, 0x07, 0x00, 0x00, 0x00, 0x0C, 0x00, 0x00, 0x00, 0x02, 0x00, 0x00, 0x00, 0x00,
    0x00, 0x00, 0x25, 0x7E, 0x00, 0x00, 0x00, 0x03, 0x00, 0x00, 0x00, 0x07, 0x00, 0x00, 0x00, 0x07,
    0x00, 0x00, 0x00, 0x05, 0x00, 0x00, 0x00, 0x00, 0x00, 0x00, 0x00, 0x00, 0x00, 0x00, 0x25, 0x7F,
    0x00, 0x00, 0x00, 0x11, 0x00, 0x00, 0x00, 0x03, 0x00, 0x00, 0x00, 0x07, 0x00, 0x00, 0x00, 0x0C,
    0x00, 0x00, 0x00, 0x02, 0x00, 0x00, 0x00, 0x00, 0x00, 0x00, 0x25, 0xA0, 0x00, 0x00, 0x00, 0x09,
    0x00, 0x00, 0x00, 0x08, 0x00, 0x00, 0x00, 0x08, 0x00, 0x00, 0x00, 0x08, 0x00, 0x00, 0x00, 0x00,
    0x00, 0x00, 0x00, 0x00, 0x00, 0x00, 0x25, 0xA1, 0x00, 0x00, 0x00, 0x09, 0x00, 0x00, 0x00, 0x08,
    0x00, 0x00, 0x00, 0x08, 0x00, 0x00, 0x00, 0x08, 0x00, 0x00, 0x00, 0x00, 0x00, 0x00, 0x00, 0x00,
    0x00, 0x00, 0x25, 0xB2, 0x00, 0x00, 0x00, 0x09, 0x00, 0x00, 0x00, 0x08, 0x00, 0x00, 0x00, 0x08,
    0x00, 0x00, 0x00, 0x08, 0x00, 0x00, 0x00, 0x00, 0x00, 0x00, 0x00, 0x00, 0x00, 0x00, 0x25, 0xB6,
    0x00, 0x00, 0x00, 0x09, 0x00, 0x00, 0x00, 0x08, 0x00, 0x00, 0x00, 0x08, 0x00, 0x00, 0x00, 0x08,
    0x00, 0x00, 0x00, 0x00, 0x00, 0x00, 0x00, 0x00, 0x00, 0x00, 0x25, 0xBC, 0x00, 0x00, 0x00, 0x09,
    0x00, 0x00, 0x00, 0x08, 0x00, 0x00, 0x00, 0x08, 0x00, 0x00, 0x00, 0x08, 0x00, 0x00, 0x00, 0x00,
    0x00, 0x00, 0x00, 0x00, 0x00, 0x00, 0x25, 0xC0, 0x00, 0x00, 0x00, 0x09, 0x00, 0x00, 0x00, 0x08,
    0x00, 0x00, 0x00, 0x08, 0x00, 0x00, 0x00, 0x08, 0x00, 0x00, 0x00, 0x00, 0x00, 0x00, 0x00, 0x00,
    0x00, 0x00, 0x25, 0xC6, 0x00, 0x00, 0x00, 0x09, 0x00, 0x00, 0x00, 0x08, 0x00, 0x00, 0x00, 0x08,
    0x00, 0x00, 0x00, 0x08, 0x00, 0x00, 0x00, 0x00, 0x00, 0x00, 0x00, 0x00, 0x00, 0x00, 0x25, 0xC7,
    0x00, 0x00, 0x00, 0x09, 0x00, 0x00, 0x00, 0x08, 0x00, 0x00, 0x00, 0x08, 0x00, 0x00, 0x00, 0x08,
    0x00, 0x00, 0x00, 0x00, 0x00, 0x00, 0x00, 0x00, 0x00, 0x00, 0x25, 0xCB, 0x00, 0x00, 0x00, 0x09,
    0x00, 0x00, 0x00, 0x08, 0x00, 0x00, 0x00, 0x08, 0x00, 0x00, 0x00, 0x08, 0x00, 0x00, 0x00, 0x00,
    0x00, 0x00, 0x00, 0x00, 0x00, 0x00, 0x25, 0xCF, 0x00, 0x00, 0x00, 0x09, 0x00, 0x00, 0x00, 0x08,
    0x00, 0x00, 0x00, 0x08, 0x00, 0x00, 0x00, 0x08, 0x00, 0x00, 0x00, 0x00, 0x00, 0x00, 0x00, 0x00,
    0x00, 0x00, 0x26, 0x10, 0x00, 0x00, 0x00, 0x08, 0x00, 0x00, 0x00, 0x08, 0x00, 0x00, 0x00, 0x08,
    0x00, 0x00, 0x00, 0x08, 0x00, 0x00, 0x00, 0x00, 0x00, 0x00, 0x00, 0x00, 0x00, 0x00, 0x26, 0x11,
    0x00, 0x00, 0x00, 0x09, 0x00, 0x00, 0x00, 0x08, 0x00, 0x00, 0x00, 0x08, 0x00, 0x00, 0x00, 0x08,
    0x00, 0x00, 0x00, 0x00, 0x00, 0x00, 0x00, 0x00, 0x00, 0x00, 0x26, 0x99, 0x00, 0x00, 0x00, 0x09,
    0x00, 0x00, 0x00, 0x08, 0x00, 0x00, 0x00, 0x08, 0x00, 0x00, 0x00, 0x09, 0x00, 0x00, 0x00, 0x00,
    0x00, 0x00, 0x00, 0x00, 0x00, 0x00, 0x27, 0x13, 0x00, 0x00, 0x00, 0x09, 0x00, 0x00, 0x00, 0x07,
    0x00, 0x00, 0x00, 0x07, 0x00, 0x00, 0x00, 0x09, 0x00, 0x00, 0x00, 0x00, 0x00, 0x00, 0x00, 0x00,
    0x00, 0x00, 0x27, 0x17, 0x00, 0x00, 0x00, 0x0A, 0x00, 0x00, 0x00, 0x08, 0x00, 0x00, 0x00, 0x08,
    0x00, 0x00, 0x00, 0x09, 0x00, 0x00, 0x00, 0x00, 0x00, 0x00, 0x00, 0x00, 0x00, 0x00, 0x27, 0x18,
    0x00, 0x00, 0x00, 0x0B, 0x00, 0x00, 0x00, 0x08, 0x00, 0x00, 0x00, 0x08, 0x00, 0x00, 0x00, 0x0A,
    0x00, 0x00, 0x00, 0x00, 0x00, 0x00, 0x00, 0x00, 0x00, 0x00, 0x2B, 0x07, 0x00, 0x00, 0x00, 0x08,
    0x00, 0x00, 0x00, 0x06, 0x00, 0x00, 0x00, 0x08, 0x00, 0x00, 0x00, 0x09, 0x00, 0x00, 0x00, 0x01,
    0x00, 0x00, 0x00, 0x00, 0x90, 0xFF, 0xB9, 0x90, 0xFF, 0xB9, 0x78, 0xFF, 0xA5, 0x21, 0xFF, 0x6D,
    0x00, 0xFF, 0x16, 0x00, 0x48, 0x04, 0xB2, 0xFF, 0xD3, 0x96, 0xFF, 0xBA, 0xAA, 0xFF, 0x12, 0xFF,
    0xF0, 0xAA, 0xFF, 0x12, 0xFF, 0xF0, 0xAA, 0xFF, 0x12, 0xFF, 0xF0, 0x8E, 0xE1, 0x0C, 0xBC, 0xA8,
    0x00, 0x91, 0xF2, 0x72, 0xE0, 0x1A, 0x00, 0x00, 0xB6, 0xC7, 0xB8, 0xDB, 0x00, 0x00, 0xDA, 0xFF,
    0xAB, 0xD4, 0xFF, 0xC0, 0x24, 0x6B, 0xE3, 0x6F, 0xFF, 0xBD, 0x47, 0x09, 0x4C, 0xDA, 0x42, 0xFF,
    0x94, 0x05, 0x00, 0xFF, 0xFF, 0x6B, 0xFF, 0xF8, 0x92, 0x00, 0xA8, 0xDF, 0xA2, 0xFF, 0x5D, 0x25,
    0x00, 0x92, 0xD1, 0xBB, 0xFF, 0x00, 0x00, 0x00, 0x00, 0x00, 0x00, 0xB4, 0x4B, 0x00, 0x00, 0x00,
    0x00, 0x3A, 0xFF, 0xAA, 0x0A, 0x00, 0x03, 0xD5, 0xFF, 0xFF, 0xFF, 0xFF, 0x60, 0x69, 0xFF, 0xBB,
    0xFF, 0xB5, 0xBE, 0x16, 0x6D, 0xFF, 0xCE, 0xFF, 0x6C, 0x00, 0x00, 0x04, 0xE4, 0xFF, 0xFF, 0xFF,
    0xC0, 0x18, 0x00, 0x00, 0x46, 0xFF, 0xFF, 0xFF, 0xC1, 0x00, 0x58, 0x00, 0xFF, 0x6D, 0xFF, 0xF1,
    0x88, 0xFF, 0xF5, 0xFF, 0xFF, 0xFF, 0xA5, 0x03, 0x9D, 0xE1, 0xFF, 0xFF, 0x8B, 0x00, 0x00, 0x00,
    0x00, 0xFF, 0x9C, 0x00, 0x00, 0xC6, 0xFF, 0x7E, 0x00, 0xB8, 0xB9, 0x0A, 0xD3, 0xA6, 0xEC, 0x13,
    0xEF, 0x68, 0x00, 0xD2, 0xA5, 0xEB, 0xBE, 0xDB, 0x03, 0x00, 0xC6, 0xFF, 0x7E, 0x91, 0x44, 0x00,
    0x00, 0x19, 0x7F, 0x53, 0xFF, 0xF5, 0x83, 0x00, 0x76, 0xD9, 0xBD, 0xE8, 0x82, 0xBA, 0x0F, 0xAF,
    0x79, 0xA8, 0xD5, 0x66, 0xBA, 0x0D, 0xD4, 0x3A, 0x32, 0xFF, 0xF5, 0x83, 0x00, 0x62, 0xE7, 0xFF,
    0xC0, 0x0A, 0x00, 0x00, 0xA6, 0xE0, 0x95, 0xE1, 0x34, 0x00, 0x00, 0x96, 0xD3, 0x1C, 0x01, 0x0C,
    0x07, 0x00, 0x96, 0xFC, 0xBF, 0x48, 0xFF, 0xB6, 0x00, 0xE2, 0xCE, 0xF5, 0xC1, 0xE8, 0x42, 0x00,
    0xFE, 0x49, 0xB1, 0xFF, 0xD8, 0x00, 0x00, 0xE8, 0xB8, 0xAE, 0xFF, 0xE1, 0x1F, 0x00, 0x97, 0xF9,
    0xEB, 0x46, 0xFE, 0xB3, 0x07, 0x48, 0xFF, 0x96, 0x48, 0xFF, 0x96, 0x48, 0xFF, 0x96, 0x31, 0xE1,
    0x69, 0x00, 0x2A, 0xFF, 0xD8, 0x12, 0x03, 0xF6, 0xE8, 0x04, 0x00, 0x7F, 0xFF, 0x31, 0x00, 0x00,
    0xDA, 0xEC, 0x00, 0x00, 0x00, 0xFF, 0xBF, 0x00, 0x00, 0x00, 0xFF, 0xBB, 0x00, 0x00, 0x00, 0xE8,
    0xE2, 0x00, 0x00, 0x00, 0x9C, 0xFF, 0x1B, 0x00, 0x00, 0x10, 0xFF, 0xBF, 0x00, 0x00, 0x00, 0x51,
    0xFF, 0xA0, 0x01, 0x00, 0x00, 0x25, 0x48, 0x10, 0x03, 0xAA, 0xFF, 0x54, 0x00, 0x00, 0x00, 0x00,
    0xB2, 0xFF, 0x1C, 0x00, 0x00, 0x00, 0x0A, 0xFF, 0xAA, 0x00, 0x00, 0x00, 0x00, 0xB0, 0xFF, 0x00,
    0x00, 0x00, 0x00, 0x97, 0xFF, 0x0D, 0x00, 0x00, 0x00, 0x93, 0xFF, 0x15, 0x00, 0x00, 0x00, 0xA5,
    0xFF, 0x00, 0x00, 0x00, 0x01, 0xFF, 0xC0, 0x00, 0x00, 0x00, 0x9F, 0xFF, 0x39, 0x00, 0x00, 0x84,
    0xFF, 0x8B, 0x00, 0x00, 0x03, 0x46, 0x33, 0x00, 0x00, 0x00, 0x00, 0x00, 0x42, 0xFF, 0x90, 0x00,
    0x00, 0x49, 0xA8, 0x69, 0xFF, 0xA5, 0x8D, 0x75, 0x97, 0xFF, 0xFF, 0xFF, 0xFF, 0xFF, 0xB5, 0x00,
    0x13, 0xFF, 0xFF, 0xFF, 0x39, 0x00, 0x00, 0xB5, 0xFF, 0x9F, 0xFF, 0xED, 0x06, 0x00, 0x67, 0xA2,
    0x00, 0x72, 0x99, 0x01, 0x00, 0x00, 0x21, 0xA5, 0x49, 0x00, 0x00, 0x00, 0x00, 0x42, 0xFF, 0x90,
    0x00, 0x00, 0x06, 0x18, 0x55, 0xFF, 0x9F, 0x18, 0x0A, 0x60, 0xFF, 0xFF, 0xFF, 0xFF, 0xFF, 0xAE,
    0x18, 0x60, 0x91, 0xFF, 0xAA, 0x60, 0x2B, 0x00, 0x00, 0x42, 0xFF, 0x90, 0x00, 0x00, 0x5A, 0xDC,
    0xB9, 0xA0, 0xFF, 0xB4, 0xD9, 0xFF, 0x19, 0xFF, 0xB9, 0x00, 0x48, 0xC3, 0xC3, 0xC3, 0x78, 0x78,
    0xFF, 0xFF, 0xFF, 0xA5, 0x0D, 0x5E, 0x1E, 0xBC, 0xFF, 0xFC, 0xA9, 0xFF, 0xC8, 0x00, 0x00, 0x00,
    0x00, 0xB1, 0xFF, 0x34, 0x00, 0x00, 0x00, 0x00, 0xFF, 0xEE, 0x00, 0x00, 0x00, 0x00, 0x58, 0xFF,
    0x8A, 0x00, 0x00, 0x00, 0x00, 0xC5, 0xFF, 0x0D, 0x00, 0x00, 0x00, 0x12, 0xFF, 0xBB, 0x00, 0x00,
    0x00, 0x00, 0x96, 0xFF, 0x4E, 0x00, 0x00, 0x00, 0x00, 0xF7, 0xFF, 0x00, 0x00, 0x00, 0x00, 0x3D,
    0xFF, 0xA5, 0x00, 0x00, 0x00, 0x00, 0xAF, 0xFF, 0x1C, 0x00, 0x00, 0x00, 0x07, 0xFF, 0xD3, 0x00,
    0x00, 0x00, 0x00, 0x00, 0x73, 0xFF, 0xFF, 0xFF, 0xA9, 0x00, 0x28, 0xFF, 0xFF, 0x96, 0xDD, 0xFF,
    0x6C, 0xB7, 0xFF, 0x63, 0x07, 0x19, 0xFF, 0xD8, 0xC4, 0xFF, 0x5B, 0xFF, 0x66, 0xFF, 0xFF, 0xC4,
    0xFF, 0x3D, 0x49, 0x09, 0xFF, 0xFF, 0xB7, 0xFF, 0x63, 0x00, 0x18, 0xFF, 0xD8, 0x2A, 0xFF, 0xFD,
    0x94, 0xDC, 0xFF, 0x6F, 0x00, 0x76, 0xFF, 0xFF, 0xFF, 0xAC, 0x00, 0x00, 0x21, 0xFF, 0xFF, 0xFF,
    0x48, 0x00, 0x06, 0xF0, 0xFF, 0xF0, 0xFF, 0x48, 0x00, 0x79, 0xFF, 0x6C, 0xC3, 0xFF, 0x48, 0x00,
    0x00, 0x39, 0x00, 0xC3, 0xFF, 0x48, 0x00, 0x00, 0x00, 0x00, 0xC3, 0xFF, 0x48, 0x00, 0x00, 0x00,
    0x00, 0xC3, 0xFF, 0x48, 0x00, 0x00, 0x7E, 0x90, 0xF1, 0xFF, 0xBD, 0x88, 0x00, 0xFF, 0xFF, 0xFF,
    0xFF, 0xFF, 0xFF, 0x00, 0x7F, 0xFF, 0xFF, 0xFF, 0x9A, 0x00, 0x6A, 0xFF, 0xFF, 0xB0, 0xFF, 0xFF,
    0x5E, 0x16, 0x96, 0x2B, 0x00, 0xB5, 0xFF, 0xA3, 0x00, 0x00, 0x00, 0x0C, 0xFD, 0xFF, 0x3D, 0x00,
    0x00, 0x22, 0xF3, 0xFF, 0x87, 0x00, 0x00, 0x5B, 0xFF, 0xFF, 0x55, 0x00, 0x00, 0x60, 0xFF, 0xFF,
    0xBE, 0xA8, 0xA8, 0x6D, 0x8A, 0xFF, 0xFF, 0xFF, 0xFF, 0xFF, 0xD2, 0x01, 0xB2, 0xFF, 0xFF, 0xFF,
    0xA7, 0x04, 0x3C, 0xFF, 0xCD, 0xA3, 0xFC, 0xFF, 0x91, 0x00, 0x0A, 0x15, 0x31, 0xC5, 0xFF, 0x73,
    0x00, 0x00, 0xA5, 0xFF, 0xFF, 0xB5, 0x00, 0x00, 0x00, 0x3A, 0x7C, 0xE9, 0xFF, 0x79, 0x01, 0x8A,
    0x01, 0x00, 0x6A, 0xFF, 0xC1, 0xB2, 0xFF, 0xD4, 0xA2, 0xFD, 0xFF, 0x90, 0x0D, 0xB0, 0xFF, 0xFF,
    0xFF, 0xA8, 0x00, 0x00, 0x00, 0x00, 0xE1, 0xFF, 0xFF, 0x00, 0x00, 0x00, 0x9A, 0xFF, 0xFF, 0xFF,
    0x00, 0x00, 0x36, 0xFF, 0xA9, 0xFF, 0xFF, 0x00, 0x04, 0xF8, 0xEC, 0x01, 0xFF, 0xFF, 0x00, 0xB5,
    0xFF, 0x43, 0x18, 0xFF, 0xFF, 0x15, 0xE1, 0xFF, 0xFF, 0xFF, 0xFF, 0xFF, 0xFF, 0x43, 0x60, 0x60,
    0x60, 0xFF, 0xFF, 0x54, 0x00, 0x00, 0x00, 0x00, 0xFF, 0xFF, 0x00, 0x00, 0xFF, 0xFF, 0xFF, 0xFF,
    0xFF, 0x72, 0x01, 0xFF, 0xDD, 0xBA, 0xBA, 0xBA, 0x36, 0x18, 0xFF, 0x85, 0x04, 0x10, 0x00, 0x00,
    0x31, 0xFF, 0xA1, 0xFF, 0xFF, 0xEE, 0x22, 0x2B, 0xDE, 0xBB, 0x7E, 0xC4, 0xFF, 0xC1, 0x00, 0x42,
    0x03, 0x00, 0x33, 0xFF, 0xEB, 0x58, 0xFF, 0xE3, 0xA2, 0xE6, 0xFF, 0xAE, 0x01, 0xA9, 0xFF, 0xFF,
    0xFF, 0xB8, 0x03, 0x00, 0x00, 0x57, 0xFF, 0xFF, 0x8A, 0x00, 0x00, 0x4B, 0xFF, 0xFF, 0x40, 0x00,
    0x00, 0x03, 0xFF, 0xFF, 0x42, 0x07, 0x00, 0x00, 0x75, 0xFF, 0xE7, 0xFF, 0xFF, 0xF2, 0x27, 0xA2,
    0xFF, 0xE9, 0x6D, 0xB1, 0xFF, 0xC9, 0xA9, 0xFF, 0x88, 0x00, 0x1E, 0xFF, 0xF5, 0x34, 0xFF, 0xFC,
    0x8B, 0xC9, 0xFF, 0xB7, 0x00, 0x64, 0xFD, 0xFF, 0xFF, 0xA1, 0x04, 0x96, 0xFF, 0xFF, 0xFF, 0xFF,
    0xFF, 0xCD, 0x96, 0xFF, 0xB5, 0x96, 0xB5, 0xFF, 0xBA, 0x7E, 0xFF, 0x2D, 0x00, 0xCD, 0xFF, 0x4E,
    0x00, 0x00, 0x00, 0x25, 0xFF, 0xF8, 0x00, 0x00, 0x00, 0x00, 0xA2, 0xFF, 0x87, 0x00, 0x00, 0x00,
    0x0A, 0xFF, 0xFF, 0x07, 0x00, 0x00, 0x00, 0x91, 0xFF, 0xBE, 0x00, 0x00, 0x00, 0x00, 0xFF, 0xFF,
    0x24, 0x00, 0x00, 0x00, 0xA6, 0xFF, 0xFF, 0xFF, 0xB1, 0x07, 0x4F, 0xFF, 0xED, 0x8A, 0xC4, 0xFF,
    0x9C, 0x37, 0xFF, 0xB2, 0x15, 0x90, 0xFF, 0x76, 0x00, 0x81, 0xFF, 0xFF, 0xFF, 0xA2, 0x00, 0x58,
    0xFF, 0xE3, 0x61, 0xB5, 0xFF, 0xA2, 0xA5, 0xFF, 0x7F, 0x00, 0x33, 0xFF, 0xE4, 0x73, 0xFF, 0xF6,
    0x85, 0xCF, 0xFF, 0xBB, 0x00, 0x9C, 0xFF, 0xFF, 0xFF, 0xAA, 0x07, 0x00, 0x87, 0xFF, 0xFF, 0xFF,
    0x94, 0x00, 0x63, 0xFF, 0xF3, 0x8B, 0xDC, 0xFF, 0x75, 0xB2, 0xFF, 0x6A, 0x00, 0x3C, 0xFF, 0xCD,
    0xB8, 0xFF, 0xB6, 0x24, 0xB8, 0xFF, 0xE3, 0x19, 0xFF, 0xFF, 0xFF, 0xEC, 0xFF, 0xA1, 0x00, 0x06,
    0x46, 0x40, 0xFF, 0xFF, 0x21, 0x00, 0x00, 0x15, 0xE8, 0xFF, 0x88, 0x00, 0x00, 0x54, 0xFF, 0xFF,
    0x8D, 0x00, 0x00, 0xA9, 0xFF, 0xC8, 0xBC, 0xFF, 0xFC, 0x0F, 0x60, 0x1F, 0x0D, 0x5E, 0x1E, 0xBC,
    0xFF, 0xFC, 0xA9, 0xFF, 0xC8, 0xA9, 0xFF, 0xC8, 0xBC, 0xFF, 0xFC, 0x0F, 0x60, 0x1F, 0x00, 0x00,
    0x00, 0x90, 0xFF, 0xF7, 0xB1, 0xFF, 0x7F, 0xEC, 0xFF, 0x04, 0xC3, 0x87, 0x00, 0x00, 0x00, 0x00,
    0x19, 0xA2, 0x39, 0x00, 0x18, 0xA0, 0xFF, 0xFF, 0x36, 0xBB, 0xFF, 0xFF, 0xB2, 0x24, 0x00, 0xFF,
    0xFF, 0x37, 0x00, 0x00, 0x00, 0xB5, 0xFF, 0xFF, 0xB7, 0x13, 0x00, 0x00, 0x28, 0xBA, 0xFF, 0xFF,
    0x30, 0x00, 0x00, 0x00, 0x2B, 0xBC, 0x3F, 0x07, 0x1E, 0x1E, 0x1E, 0x1E, 0x1E, 0x0D, 0x60, 0xFF,
    0xFF, 0xFF, 0xFF, 0xFF, 0xAE, 0x19, 0x66, 0x66, 0x66, 0x66, 0x66, 0x2D, 0x07, 0x1E, 0x1E, 0x1E,
    0x1E, 0x1E, 0x0D, 0x60, 0xFF, 0xFF, 0xFF, 0xFF, 0xFF, 0xAE, 0x19, 0x66, 0x66, 0x66, 0x66, 0x66,
    0x2D, 0xBF, 0x31, 0x00, 0x00, 0x00, 0x00, 0xFF, 0xFF, 0xC0, 0x2E, 0x00, 0x00, 0x10, 0xB2, 0xFF,
    0xFF, 0xBE, 0x15, 0x00, 0x00, 0x18, 0xFB, 0xFF, 0x48, 0x06, 0x91, 0xFF, 0xFF, 0xD8, 0x1B, 0xFF,
    0xFF, 0xDA, 0x46, 0x00, 0x00, 0xD8, 0x49, 0x00, 0x00, 0x00, 0x00, 0x00, 0x76, 0xFF, 0xFF, 0xFF,
    0x8B, 0x00, 0x1E, 0xFF, 0xFF, 0xA0, 0xFF, 0xFF, 0x3D, 0x00, 0x0D, 0x15, 0x00, 0xD0, 0xFF, 0x5A,
    0x00, 0x00, 0x93, 0xFF, 0xFF, 0xC5, 0x01, 0x00, 0x00, 0xA0, 0xFF, 0x5A, 0x00, 0x00, 0x00, 0x00,
    0x06, 0x21, 0x00, 0x00, 0x00, 0x00, 0x00, 0xDF, 0xFF, 0xA3, 0x00, 0x00, 0x00, 0x00, 0xC3, 0xFF,
    0x8B, 0x00, 0x00, 0x00, 0x61, 0xFC, 0xFF, 0xFF, 0xA6, 0x00, 0x18, 0xFF, 0xB2, 0x30, 0x60, 0xFF,
    0x76, 0x87, 0xFF, 0x10, 0xF0, 0xFF, 0xFA, 0xBB, 0xBE, 0xFF, 0x5B, 0xFF, 0x3C, 0xEE, 0xCD, 0xAB,
    0xFF, 0x7B, 0xFF, 0x00, 0xCD, 0xCD, 0xBE, 0xFF, 0x57, 0xFF, 0x27, 0xE7, 0xCD, 0x85, 0xFF, 0x0D,
    0xD9, 0xFF, 0xE3, 0xBC, 0x16, 0xFF, 0xB5, 0x13, 0x00, 0x00, 0x00, 0x00, 0x60, 0xFF, 0xFF, 0xFF,
    0x82, 0x00, 0x00, 0x00, 0x00, 0x24, 0x34, 0x12, 0x00, 0x00, 0xB6, 0xFF, 0xFF, 0x0E, 0x00, 0x00,
    0x16, 0xC1, 0xFF, 0xFF, 0x62, 0x00, 0x00, 0x54, 0xE0, 0xC4, 0xFF, 0x9F, 0x00, 0x00, 0x79, 0xF3,
    0x43, 0xFF, 0xDB, 0x00, 0x00, 0x93, 0xFF, 0x43, 0xE9, 0xE2, 0x27, 0x00, 0xB7, 0xFF, 0xFF, 0xFF,
    0xF2, 0x76, 0x00, 0xD8, 0xD0, 0x78, 0xA3, 0xFB, 0xA2, 0x00, 0xFF, 0x59, 0x03, 0x04, 0xFF, 0xBA,
    0x0C, 0x1E, 0xFF, 0xFF, 0xFF, 0xFF, 0xB5, 0x03, 0x1E, 0xFF, 0xE9, 0x4E, 0xD5, 0xFF, 0x76, 0x1E,
    0xFF, 0xD7, 0x00, 0xAC, 0xFF, 0x60, 0x1E, 0xFF, 0xFF, 0xFF, 0xFF, 0xAB, 0x00, 0x1E, 0xFF, 0xE7,
    0x3F, 0xA5, 0xFF, 0x8A, 0x1E, 0xFF, 0xD7, 0x00, 0x40, 0xFF, 0xC9, 0x1E, 0xFF, 0xE9, 0x4B, 0xAA,
    0xFF, 0xB7, 0x1E, 0xFF, 0xFF, 0xFF, 0xFF, 0xD0, 0x0F, 0x00, 0x4B, 0xF5, 0xFF, 0xFF, 0xA5, 0x01,
    0x09, 0xFF, 0xFF, 0xAB, 0xD8, 0xFF, 0xA5, 0x79, 0xFF, 0xA6, 0x00, 0x0A, 0xA6, 0x5B, 0xAF, 0xFF,
    0x9D, 0x00, 0x00, 0x00, 0x00, 0xAF, 0xFF, 0x9D, 0x00, 0x00, 0x00, 0x00, 0x79, 0xFF, 0xA6, 0x00,
    0x12, 0xA6, 0x5B, 0x0A, 0xFF, 0xFF, 0xA9, 0xD5, 0xFF, 0xA8, 0x00, 0x4E, 0xF7, 0xFF, 0xFF, 0xAA,
    0x03, 0x5A, 0xFF, 0xFF, 0xFF, 0xFF, 0x8E, 0x00, 0x5A, 0xFF, 0xDF, 0x93, 0xFF, 0xFF, 0x4C, 0x5A,
    0xFF, 0xAF, 0x00, 0x58, 0xFF, 0xBF, 0x5A, 0xFF, 0xAF, 0x00, 0x2B, 0xFF, 0xEB, 0x5A, 0xFF, 0xAF,
    0x00, 0x2B, 0xFF, 0xE9, 0x5A, 0xFF, 0xAF, 0x00, 0x58, 0xFF, 0xBF, 0x5A, 0xFF, 0xDF, 0x91, 0xFF,
    0xFF, 0x4C, 0x5A, 0xFF, 0xFF, 0xFF, 0xFF, 0x90, 0x00, 0x12, 0xFF, 0xFF, 0xFF, 0xFF, 0xFF, 0x78,
    0x12, 0xFF, 0xFF, 0x96, 0x96, 0x96, 0x2E, 0x12, 0xFF, 0xFB, 0x24, 0x24, 0x24, 0x06, 0x12, 0xFF,
    0xFF, 0xFF, 0xFF, 0xFF, 0x48, 0x12, 0xFF, 0xFF, 0x6C, 0x6C, 0x6C, 0x13, 0x12, 0xFF, 0xF5, 0x00,
    0x00, 0x00, 0x00, 0x12, 0xFF, 0xFF, 0x96, 0x96, 0x96, 0x2E, 0x12, 0xFF, 0xFF, 0xFF, 0xFF, 0xFF,
    0x78, 0x12, 0xFF, 0xFF, 0xFF, 0xFF, 0xFF, 0xA5, 0x12, 0xFF, 0xFF, 0x96, 0x96, 0x96, 0x4C, 0x12,
    0xFF, 0xFB, 0x24, 0x24, 0x24, 0x04, 0x12, 0xFF, 0xFF, 0xFF, 0xFF, 0xFF, 0x30, 0x12, 0xFF, 0xFF,
    0x6C, 0x6C, 0x6C, 0x0D, 0x12, 0xFF, 0xF5, 0x00, 0x00, 0x00, 0x00, 0x12, 0xFF, 0xF5, 0x00, 0x00,
    0x00, 0x00, 0x12, 0xFF, 0xF5, 0x00, 0x00, 0x00, 0x00, 0x00, 0x61, 0xFF, 0xFF, 0xFF, 0x85, 0x00,
    0x15, 0xFF, 0xFF, 0xA6, 0xFF, 0xFF, 0x48, 0x93, 0xFF, 0xA5, 0x00, 0x4F, 0xC3, 0x4C, 0xA5, 0xFF,
    0x7F, 0x00, 0x00, 0x00, 0x00, 0xAB, 0xFF, 0x7F, 0xA0, 0xFF, 0xFF, 0xAF, 0xA5, 0xFF, 0xAC, 0x24,
    0x60, 0xFF, 0xAF, 0x30, 0xFF, 0xFF, 0xA6, 0xBB, 0xFF, 0xAF, 0x00, 0x94, 0xFF, 0xFF, 0x88, 0xFF,
    0xAF, 0x66, 0xFF, 0xAF, 0x00, 0x84, 0xFF, 0xB4, 0x66, 0xFF, 0xAF, 0x00, 0x84, 0xFF, 0xB4, 0x66,
    0xFF, 0xBB, 0x24, 0x9A, 0xFF, 0xB4, 0x66, 0xFF, 0xFF, 0xFF, 0xFF, 0xFF, 0xB4, 0x66, 0xFF, 0xD7,
    0x6C, 0xA8, 0xFF, 0xB4, 0x66, 0xFF, 0xAF, 0x00, 0x84, 0xFF, 0xB4, 0x66, 0xFF, 0xAF, 0x00, 0x84,
    0xFF, 0xB4, 0x66, 0xFF, 0xAF, 0x00, 0x84, 0xFF, 0xB4, 0x24, 0xFF, 0xFF, 0xFF, 0xFF, 0xFF, 0x72,
    0x09, 0x66, 0xB8, 0xFF, 0xCA, 0x66, 0x1E, 0x00, 0x00, 0x72, 0xFF, 0xA0, 0x00, 0x00, 0x00, 0x00,
    0x72, 0xFF, 0xA0, 0x00, 0x00, 0x00, 0x00, 0x72, 0xFF, 0xA0, 0x00, 0x00, 0x00, 0x00, 0x72, 0xFF,
    0xA0, 0x00, 0x00, 0x09, 0x66, 0xB8, 0xFF, 0xCA, 0x66, 0x1E, 0x24, 0xFF, 0xFF, 0xFF, 0xFF, 0xFF,
    0x72, 0x00, 0xAE, 0xFF, 0xFF, 0xFF, 0xFF, 0x30, 0x00, 0x43, 0x96, 0x96, 0xFF, 0xFF, 0x30, 0x00,
    0x00, 0x00, 0x00, 0xDC, 0xFF, 0x30, 0x00, 0x00, 0x00, 0x00, 0xDC, 0xFF, 0x30, 0x00, 0x00, 0x00,
    0x00, 0xDC, 0xFF, 0x30, 0x31, 0x9A, 0x36, 0x00, 0xE1, 0xFF, 0x2A, 0x69, 0xFF, 0xF3, 0xAC, 0xFF,
    0xFF, 0x01, 0x00, 0xA6, 0xFF, 0xFF, 0xFB, 0x51, 0x00, 0xB1, 0xD4, 0x1C, 0x69, 0xFC, 0xA7, 0x03,
    0xB1, 0xD4, 0x39, 0xFF, 0xDF, 0x18, 0x00, 0xB1, 0xD4, 0xDD, 0xFF, 0x57, 0x00, 0x00, 0xB1, 0xFF,
    0xFF, 0xF6, 0x00, 0x00, 0x00, 0xB1, 0xFF, 0xFF, 0xFF, 0x51, 0x00, 0x00, 0xB1, 0xF8, 0x64, 0xFF,
    0xDB, 0x02, 0x00, 0xB1, 0xD4, 0x1C, 0xC9, 0xEF, 0x68, 0x00, 0xB1, 0xD4, 0x1C, 0x2A, 0xFF, 0xBB,
    0x12, 0xFF, 0xFF, 0x00, 0x00, 0x00, 0x00, 0xFF, 0xFF, 0x00, 0x00, 0x00, 0x00, 0xFF, 0xFF, 0x00,
    0x00, 0x00, 0x00, 0xFF, 0xFF, 0x00, 0x00, 0x00, 0x00, 0xFF, 0xFF, 0x00, 0x00, 0x00, 0x00, 0xFF,
    0xFF, 0x00, 0x00, 0x00, 0x00, 0xFF, 0xFF, 0x96, 0x96, 0x96, 0x4C, 0xFF, 0xFF, 0xFF, 0xFF, 0xFF,
    0xA5, 0xAA, 0xFF, 0xFA, 0x00, 0xAB, 0xFF, 0xEB, 0xAA, 0xFF, 0xFF, 0x42, 0xFF, 0xFF, 0xEB, 0xAA,
    0xFF, 0xFF, 0xF3, 0xFF, 0xFF, 0xEB, 0xAA, 0xFF, 0xAF, 0xFF, 0xD0, 0xFC, 0xEB, 0xAA, 0xFF, 0x30,
    0xFF, 0x69, 0xFF, 0xEB, 0xAA, 0xFF, 0x0C, 0xBF, 0x03, 0xFF, 0xEB, 0xAA, 0xFF, 0x0C, 0x0D, 0x00,
    0xFF, 0xEB, 0xAA, 0xFF, 0x0C, 0x00, 0x00, 0xFF, 0xEB, 0x66, 0xFF, 0xFF, 0x1F, 0x18, 0xFF, 0xB4,
    0x66, 0xFF, 0xFF, 0xA2, 0x18, 0xFF, 0xB4, 0x66, 0xFF, 0xFF, 0xF8, 0x18, 0xFF, 0xB4, 0x66, 0xFF,
    0xB2, 0xFF, 0x4C, 0xFF, 0xB4, 0x66, 0xFF, 0x6C, 0xFF, 0xB1, 0xFF, 0xB4, 0x66, 0xFF, 0x66, 0xB9,
    0xFF, 0xFF, 0xB4, 0x66, 0xFF, 0x66, 0x55, 0xFF, 0xFF, 0xB4, 0x66, 0xFF, 0x66, 0x00, 0xFF, 0xFF,
    0xB4, 0x00, 0x73, 0xFF, 0xFF, 0xFF, 0xA9, 0x00, 0x28, 0xFF, 0xFF, 0xA3, 0xED, 0xFF, 0x6C, 0xB7,
    0xFF, 0x87, 0x00, 0x3C, 0xFF, 0xD8, 0xC4, 0xFF, 0x61, 0x00, 0x13, 0xFF, 0xFF, 0xC4, 0xFF, 0x61,
    0x00, 0x13, 0xFF, 0xFF, 0xB7, 0xFF, 0x87, 0x00, 0x3C, 0xFF, 0xD8, 0x2A, 0xFF, 0xFF, 0xA2, 0xED,
    0xFF, 0x6F, 0x00, 0x76, 0xFF, 0xFF, 0xFF, 0xAC, 0x00, 0x24, 0xFF, 0xFF, 0xFF, 0xFF, 0xC6, 0x0D,
    0x24, 0xFF, 0xFF, 0x91, 0xD4, 0xFF, 0xB4, 0x24, 0xFF, 0xE6, 0x00, 0x46, 0xFF, 0xD8, 0x24, 0xFF,
    0xEC, 0x1F, 0xA5, 0xFF, 0xB5, 0x24, 0xFF, 0xFF, 0xFF, 0xFF, 0xFF, 0x2E, 0x24, 0xFF, 0xFD, 0x66,
    0x4F, 0x0C, 0x00, 0x24, 0xFF, 0xE6, 0x00, 0x00, 0x00, 0x00, 0x24, 0xFF, 0xE6, 0x00, 0x00, 0x00,
    0x00, 0x00, 0x73, 0xFF, 0xFF, 0xFF, 0xA9, 0x00, 0x28, 0xFF, 0xFF, 0xA3, 0xF0, 0xFF, 0x6C, 0xB7,
    0xFF, 0x88, 0x00, 0x3D, 0xFF, 0xD8, 0xC4, 0xFF, 0x61, 0x00, 0x13, 0xFF, 0xFF, 0xC6, 0xFF, 0x60,
    0x00, 0x13, 0xFF, 0xFF, 0xBB, 0xFF, 0x84, 0x00, 0x3A, 0xFF, 0xDA, 0x37, 0xFF, 0xFF, 0x96, 0xE7,
    0xFF, 0x76, 0x00, 0x6D, 0xFF, 0xFF, 0xFF, 0x9A, 0x00, 0x00, 0x00, 0x3C, 0xFF, 0xA3, 0x54, 0x19,
    0x00, 0x00, 0x03, 0xDC, 0xFF, 0xFF, 0x78, 0x24, 0xFF, 0xFF, 0xFF, 0xFF, 0xC6, 0x0D, 0x24, 0xFF,
    0xFF, 0x91, 0xD0, 0xFF, 0xB2, 0x24, 0xFF, 0xDC, 0x00, 0x40, 0xFF, 0xD8, 0x24, 0xFF, 0xE2, 0x19,
    0x9A, 0xFF, 0xBA, 0x24, 0xFF, 0xFF, 0xFF, 0xFF, 0xFF, 0x33, 0x24, 0xFF, 0xF5, 0xB4, 0xFF, 0xA2,
    0x00, 0x24, 0xFF, 0xDC, 0x03, 0xFF, 0xFF, 0x27, 0x24, 0xFF, 0xDC, 0x00, 0x7F, 0xFF, 0xC4, 0x00,
    0x75, 0xFF, 0xFF, 0xFF, 0xCA, 0x27, 0x2A, 0xFF, 0xFF, 0xA6, 0xAD, 0xFF, 0x4E, 0x60, 0xFF, 0xC5,
    0x00, 0x00, 0x04, 0x00, 0x12, 0xFF, 0xFF, 0xFF, 0xD4, 0x7E, 0x00, 0x00, 0x1F, 0xA9, 0xCE, 0xFF,
    0xFF, 0x93, 0x00, 0x25, 0x00, 0x00, 0x55, 0xFF, 0xC6, 0x76, 0xFF, 0xCA, 0xA5, 0xE6, 0xFF, 0x97,
    0x18, 0xBA, 0xFF, 0xFF, 0xFF, 0xB5, 0x01, 0xE6, 0xFF, 0xFF, 0xFF, 0xFF, 0xFF, 0xFF, 0x6A, 0x96,
    0xB6, 0xFF, 0xDE, 0x96, 0x87, 0x00, 0x00, 0x72, 0xFF, 0xA0, 0x00, 0x00, 0x00, 0x00, 0x72, 0xFF,
    0xA0, 0x00, 0x00, 0x00, 0x00, 0x72, 0xFF, 0xA0, 0x00, 0x00, 0x00, 0x00, 0x72, 0xFF, 0xA0, 0x00,
    0x00, 0x00, 0x00, 0x72, 0xFF, 0xA0, 0x00, 0x00, 0x00, 0x00, 0x72, 0xFF, 0xA0, 0x00, 0x00, 0x84,
    0xFF, 0xAE, 0x00, 0x66, 0xFF, 0xAF, 0x84, 0xFF, 0xAE, 0x00, 0x66, 0xFF, 0xAF, 0x84, 0xFF, 0xAE,
    0x00, 0x66, 0xFF, 0xAF, 0x84, 0xFF, 0xAE, 0x00, 0x66, 0xFF, 0xAF, 0x82, 0xFF, 0xAE, 0x00, 0x66,
    0xFF, 0xAD, 0x6F, 0xFF, 0xBB, 0x00, 0x75, 0xFF, 0xB7, 0x28, 0xFF, 0xFF, 0xA0, 0xF2, 0xFF, 0x69,
    0x00, 0x8E, 0xFF, 0xFF, 0xFF, 0xA3, 0x01, 0xF9, 0x87, 0x0C, 0x01, 0xFF, 0xB7, 0x04, 0xE0, 0xC9,
    0x1A, 0x45, 0xF9, 0x9A, 0x00, 0xB2, 0xEB, 0x20, 0xA3, 0xF0, 0x6C, 0x00, 0x92, 0xFF, 0x27, 0xD7,
    0xE1, 0x21, 0x00, 0x76, 0xF1, 0x60, 0xFF, 0xDB, 0x00, 0x00, 0x51, 0xDE, 0xB4, 0xFF, 0x9A, 0x00,
    0x00, 0x15, 0xC0, 0xFF, 0xFF, 0x5D, 0x00, 0x00, 0x00, 0xB6, 0xFF, 0xFF, 0x0D, 0x00, 0x00, 0xEE,
    0x41, 0x00, 0x00, 0xB8, 0xB9, 0x0A, 0xF5, 0x45, 0x00, 0x00, 0xC7, 0xB6, 0x00, 0xF3, 0x94, 0xEA,
    0xA5, 0xB9, 0xB6, 0x00, 0xEB, 0xC1, 0xF3, 0xDA, 0xC7, 0xB6, 0x00, 0xE2, 0xD3, 0xD9, 0xFF, 0xD1,
    0xB0, 0x00, 0xD9, 0xF9, 0xA5, 0xFF, 0xE6, 0xA1, 0x00, 0xDD, 0xFF, 0x54, 0xFF, 0xF8, 0x92, 0x00,
    0xD2, 0xFF, 0x2A, 0xFF, 0xF5, 0x84, 0x00, 0xDC, 0xCE, 0x1B, 0x5B, 0xF8, 0x94, 0x00, 0x96, 0xFF,
    0x4E, 0xFA, 0xE1, 0x20, 0x00, 0x45, 0xD9, 0xFF, 0xFF, 0x8C, 0x00, 0x00, 0x00, 0xAD, 0xFD, 0xFF,
    0x0F, 0x00, 0x00, 0x07, 0xBA, 0xFF, 0xFF, 0x27, 0x00, 0x00, 0x69, 0xEA, 0xBD, 0xFF, 0xB5, 0x00,
    0x00, 0xA0, 0xFF, 0x25, 0xF5, 0xE7, 0x40, 0x00, 0xE5, 0x90, 0x0E, 0x58, 0xFF, 0xB6, 0x01, 0xF1,
    0x96, 0x0F, 0x1B, 0xFF, 0xB8, 0x07, 0xB1, 0xF6, 0x23, 0xBE, 0xF0, 0x69, 0x00, 0x7B, 0xF4, 0x6F,
    0xFF, 0xDB, 0x04, 0x00, 0x24, 0xC8, 0xFF, 0xFF, 0x75, 0x00, 0x00, 0x00, 0x93, 0xF8, 0xFF, 0x03,
    0x00, 0x00, 0x00, 0x52, 0xEB, 0xA1, 0x00, 0x00, 0x00, 0x00, 0x51, 0xEB, 0xA0, 0x00, 0x00, 0x00,
    0x00, 0x51, 0xEB, 0xA0, 0x00, 0x00, 0x00, 0x72, 0xFF, 0xFF, 0xFF, 0xFF, 0xFF, 0xBA, 0x2B, 0x96,
    0x96, 0x96, 0xFF, 0xFF, 0x91, 0x00, 0x00, 0x00, 0x8E, 0xFF, 0xE2, 0x01, 0x00, 0x00, 0x42, 0xFF,
    0xFF, 0x1B, 0x00, 0x00, 0x12, 0xFF, 0xFF, 0x52, 0x00, 0x00, 0x00, 0xCF, 0xFF, 0xA6, 0x00, 0x00,
    0x00, 0x7B, 0xFF, 0xFF, 0x96, 0x96, 0x96, 0x5A, 0xA2, 0xFF, 0xFF, 0xFF, 0xFF, 0xFF, 0xC3, 0xFF,
    0xFF, 0xFF, 0xFF, 0x1E, 0xFF, 0xD7, 0x30, 0x30, 0x03, 0xFF, 0xC8, 0x00, 0x00, 0x00, 0xFF, 0xC8,
    0x00, 0x00, 0x00, 0xFF, 0xC8, 0x00, 0x00, 0x00, 0xFF, 0xC8, 0x00, 0x00, 0x00, 0xFF, 0xC8, 0x00,
    0x00, 0x00, 0xFF, 0xC8, 0x00, 0x00, 0x00, 0xFF, 0xC8, 0x00, 0x00, 0x00, 0xFF, 0xFF, 0xFF, 0xFF,
    0x1C, 0x2E, 0x3C, 0x3C, 0x3C, 0x04, 0x07, 0xFF, 0xD2, 0x00, 0x00, 0x00, 0x00, 0x00, 0xAF, 0xFF,
    0x1B, 0x00, 0x00, 0x00, 0x00, 0x3D, 0xFF, 0xA5, 0x00, 0x00, 0x00, 0x00, 0x00, 0xF7, 0xFF, 0x00,
    0x00, 0x00, 0x00, 0x00, 0x96, 0xFF, 0x4E, 0x00, 0x00, 0x00, 0x00, 0x12, 0xFF, 0xBB, 0x00, 0x00,
    0x00, 0x00, 0x00, 0xC5, 0xFF, 0x0D, 0x00, 0x00, 0x00, 0x00, 0x58, 0xFF, 0x8A, 0x00, 0x00, 0x00,
    0x00, 0x00, 0xFF, 0xEE, 0x00, 0x00, 0x00, 0x00, 0x00, 0xAF, 0xFF, 0x34, 0xFF, 0xFF, 0xFF, 0xFF,
    0x2A, 0x30, 0xBD, 0xFF, 0x00, 0x00, 0xA2, 0xFF, 0x00, 0x00, 0xA2, 0xFF, 0x00, 0x00, 0xA2, 0xFF,
    0x00, 0x00, 0xA2, 0xFF, 0x00, 0x00, 0xA2, 0xFF, 0x00, 0x00, 0xA2, 0xFF, 0x00, 0x00, 0xA2, 0xFF,
    0xFF, 0xFF, 0xFF, 0xFF, 0x34, 0x3C, 0x3C, 0x3C, 0x00, 0x00, 0x64, 0xAF, 0x8E, 0x00, 0x00, 0x00,
    0x06, 0xFF, 0xFF, 0xFF, 0x28, 0x00, 0x00, 0x93, 0xFF, 0x8B, 0xFF, 0xBA, 0x00, 0x07, 0xFF, 0xE9,
    0x00, 0xC4, 0xFF, 0x2B, 0x97, 0xFF, 0x58, 0x00, 0x31, 0xFF, 0xBE, 0x33, 0xA8, 0x00, 0x00, 0x00,
    0x97, 0x4F, 0x09, 0x24, 0x24, 0x24, 0x24, 0x24, 0x10, 0x6C, 0xFF, 0xFF, 0xFF, 0xFF, 0xFF, 0xBA,
    0x1C, 0x66, 0x66, 0x66, 0x66, 0x66, 0x30, 0x00, 0x00, 0x0C, 0x00, 0x0D, 0xF7, 0xCA, 0x00, 0x00,
    0xA3, 0xFF, 0x45, 0x00, 0x00, 0x85, 0x1B, 0x00, 0xB7, 0xFF, 0xFF, 0xFF, 0x7F, 0x00, 0x10, 0xFF,
    0xBE, 0x72, 0xFF, 0xFF, 0x15, 0x00, 0x0F, 0x00, 0x00, 0xC4, 0xFF, 0x45, 0x0F, 0xC0, 0xFF, 0xFF,
    0xFF, 0xFF, 0x48, 0x78, 0xFF, 0xA0, 0x09, 0xDA, 0xFF, 0x7F, 0x1B, 0xF1, 0xFF, 0xFF, 0x94, 0xFF,
    0xFF, 0x72, 0xFF, 0xBA, 0x00, 0x00, 0x00, 0x00, 0x72, 0xFF, 0xBA, 0x00, 0x00, 0x00, 0x00, 0x72,
    0xFF, 0xAB, 0xF3, 0xFF, 0xD3, 0x0F, 0x72, 0xFF, 0xFC, 0x91, 0xD4, 0xFF, 0xAC, 0x72, 0xFF, 0xBA,
    0x00, 0x33, 0xFF, 0xD5, 0x72, 0xFF, 0xBA, 0x00, 0x33, 0xFF, 0xD5, 0x72, 0xFF, 0xFB, 0x8E, 0xD4,
    0xFF, 0xAF, 0x72, 0xFF, 0xAC, 0xF7, 0xFF, 0xD8, 0x10, 0x00, 0x3F, 0xE8, 0xFF, 0xFF, 0xA7, 0x03,
    0x09, 0xFF, 0xFF, 0xA2, 0xC0, 0xFF, 0x3D, 0x4B, 0xFF, 0xBB, 0x00, 0x00, 0x06, 0x00, 0x4B, 0xFF,
    0xBB, 0x00, 0x00, 0x07, 0x00, 0x09, 0xFF, 0xFF, 0x9F, 0xB2, 0xFF, 0x55, 0x00, 0x3F, 0xE8, 0xFF,
    0xFF, 0xB9, 0x0A, 0x00, 0x00, 0x00, 0x00, 0x6C, 0xFF, 0xBA, 0x00, 0x00, 0x00, 0x00, 0x6C, 0xFF,
    0xBA, 0x00, 0xAC, 0xFF, 0xFF, 0xAE, 0xFF, 0xBA, 0x61, 0xFF, 0xFC, 0x8B, 0xD9, 0xFF, 0xBA, 0xB2,
    0xFF, 0x81, 0x00, 0x6C, 0xFF, 0xBA, 0xB4, 0xFF, 0x81, 0x00, 0x6C, 0xFF, 0xBA, 0x63, 0xFF, 0xFC,
    0x8A, 0xD5, 0xFF, 0xBA, 0x00, 0xB1, 0xFF, 0xFF, 0xA3, 0xFF, 0xBA, 0x00, 0x5A, 0xFB, 0xFF, 0xFF,
    0xA9, 0x00, 0x1F, 0xFF, 0xDC, 0x66, 0xA6, 0xFF, 0x7B, 0x7C, 0xFF, 0xFF, 0xFF, 0xFF, 0xFF, 0xB0,
    0x7E, 0xFF, 0xA3, 0x00, 0x00, 0x10, 0x00, 0x22, 0xFF, 0xFF, 0x8D, 0xBD, 0xFF, 0x2E, 0x00, 0x5E,
    0xFA, 0xFF, 0xFF, 0xC3, 0x18, 0x00, 0x00, 0x1C, 0xF8, 0xFF, 0xFF, 0xD7, 0x00, 0x00, 0x78, 0xFF,
    0xC6, 0x78, 0x4F, 0x66, 0xFF, 0xFF, 0xFF, 0xFF, 0xFF, 0xD7, 0x1F, 0x78, 0xAB, 0xFF, 0xC6, 0x78,
    0x4F, 0x00, 0x00, 0x7E, 0xFF, 0xAE, 0x00, 0x00, 0x00, 0x00, 0x7E, 0xFF, 0xAE, 0x00, 0x00, 0x10,
    0x78, 0xAB, 0xFF, 0xC6, 0x78, 0x2E, 0x36, 0xFF, 0xFF, 0xFF, 0xFF, 0xFF, 0x96, 0x00, 0x00, 0x00,
    0x00, 0x00, 0x01, 0x03, 0x00, 0x00, 0x00, 0x00, 0x55, 0xFF, 0xD2, 0x00, 0x7F, 0xFF, 0xFF, 0xFF,
    0xC1, 0x33, 0x12, 0xFF, 0xE8, 0x2B, 0xD5, 0xFF, 0x33, 0x21, 0xFF, 0xD0, 0x00, 0xBA, 0xFF, 0x34,
    0x00, 0xAB, 0xFF, 0xFF, 0xFF, 0xBB, 0x00, 0x0F, 0xFF, 0xBA, 0xA5, 0x7F, 0x4C, 0x00, 0x00, 0xDC,
    0xFF, 0xFF, 0xFF, 0xFF, 0xDC, 0x7F, 0xFF, 0x66, 0x1E, 0x2E, 0xFF, 0xFF, 0x2D, 0xEC, 0xFF, 0xFF,
    0xFF, 0xF8, 0x72, 0x54, 0xFF, 0xB4, 0x00, 0x00, 0x00, 0x00, 0x54, 0xFF, 0xB4, 0x00, 0x00, 0x00,
    0x00, 0x54, 0xFF, 0xC4, 0xE6, 0xFF, 0xD5, 0x07, 0x54, 0xFF, 0xFF, 0x84, 0xE6, 0xFF, 0x7F, 0x54,
    0xFF, 0xB4, 0x00, 0x7C, 0xFF, 0xB2, 0x54, 0xFF, 0xB4, 0x00, 0x78, 0xFF, 0xB4, 0x54, 0xFF, 0xB4,
    0x00, 0x78, 0xFF, 0xB4, 0x54, 0xFF, 0xB4, 0x00, 0x78, 0xFF, 0xB4, 0x00, 0x06, 0xFD, 0xF6, 0x03,
    0x00, 0x00, 0x07, 0xFF, 0xFF, 0x04, 0x00, 0x00, 0x00, 0x00, 0x00, 0x00, 0x00, 0xFF, 0xFF, 0xFF,
    0xFF, 0x00, 0x00, 0x69, 0x78, 0xFF, 0xFF, 0x00, 0x00, 0x00, 0x00, 0xFF, 0xFF, 0x00, 0x00, 0x00,
    0x00, 0xFF, 0xFF, 0x00, 0x00, 0x69, 0x78, 0xFF, 0xFF, 0x78, 0x54, 0xFF, 0xFF, 0xFF, 0xFF, 0xFF,
    0xE1, 0x00, 0x00, 0xB4, 0xFF, 0x5B, 0x00, 0x00, 0xA8, 0xFF, 0x69, 0x00, 0x00, 0x00, 0x00, 0x00,
    0xFF, 0xFF, 0xFF, 0xFF, 0x60, 0x6D, 0x78, 0xD4, 0xFF, 0x60, 0x00, 0x00, 0xA5, 0xFF, 0x60, 0x00,
    0x00, 0xA5, 0xFF, 0x60, 0x00, 0x00, 0xA5, 0xFF, 0x60, 0x00, 0x00, 0xA5, 0xFF, 0x60, 0x64, 0x72,
    0xD2, 0xFF, 0x51, 0xFF, 0xFF, 0xFF, 0xD5, 0x04, 0x54, 0xFF, 0xB4, 0x00, 0x00, 0x00, 0x00, 0x54,
    0xFF, 0xB4, 0x00, 0x00, 0x00, 0x00, 0x54, 0xFF, 0xB4, 0x07, 0xDE, 0xFF, 0x78, 0x54, 0xFF, 0xB5,
    0xD2, 0xFF, 0x76, 0x00, 0x54, 0xFF, 0xFF, 0xFF, 0xC5, 0x00, 0x00, 0x54, 0xFF, 0xFF, 0xF6, 0xFF,
    0x5B, 0x00, 0x54, 0xFF, 0xB4, 0x31, 0xFF, 0xFF, 0x1B, 0x54, 0xFF, 0xB4, 0x00, 0x9A, 0xFF, 0xDD,
    0x48, 0xFF, 0xFF, 0xFF, 0xBA, 0x00, 0x00, 0x16, 0x78, 0xA1, 0xFF, 0xBA, 0x00, 0x00, 0x00, 0x00,
    0x6C, 0xFF, 0xBA, 0x00, 0x00, 0x00, 0x00, 0x6C, 0xFF, 0xBA, 0x00, 0x00, 0x00, 0x00, 0x6C, 0xFF,
    0xBA, 0x00, 0x00, 0x00, 0x00, 0x6C, 0xFF, 0xBA, 0x00, 0x00, 0x16, 0x78, 0xA1, 0xFF, 0xCE, 0x78,
    0x2E, 0x48, 0xFF, 0xFF, 0xFF, 0xFF, 0xFF, 0x96, 0xCD, 0xFF, 0xFD, 0xFF, 0xA8, 0xFF, 0xAE, 0xCD,
    0xFF, 0x82, 0xFF, 0xB8, 0xEC, 0xFF, 0xCD, 0xFA, 0x30, 0xFF, 0x78, 0xBE, 0xFF, 0xCD, 0xFA, 0x30,
    0xFF, 0x78, 0xBE, 0xFF, 0xCD, 0xFA, 0x30, 0xFF, 0x78, 0xBE, 0xFF, 0xCD, 0xFA, 0x30, 0xFF, 0x78,
    0xBE, 0xFF, 0x54, 0xFF, 0xCD, 0xF1, 0xFF, 0xD5, 0x07, 0x54, 0xFF, 0xFD, 0x4F, 0xCA, 0xFF, 0x7F,
    0x54, 0xFF, 0xB4, 0x00, 0x79, 0xFF, 0xB2, 0x54, 0xFF, 0xB4, 0x00, 0x78, 0xFF, 0xB4, 0x54, 0xFF,
    0xB4, 0x00, 0x78, 0xFF, 0xB4, 0x54, 0xFF, 0xB4, 0x00, 0x78, 0xFF, 0xB4, 0x00, 0x6D, 0xFF, 0xFF,
    0xFF, 0xA0, 0x00, 0x37, 0xFF, 0xF7, 0x70, 0xCE, 0xFF, 0x76, 0xA5, 0xFF, 0x85, 0x00, 0x39, 0xFF,
    0xC4, 0xA5, 0xFF, 0x85, 0x00, 0x39, 0xFF, 0xC4, 0x37, 0xFF, 0xF5, 0x6F, 0xCB, 0xFF, 0x76, 0x00,
    0x6F, 0xFF, 0xFF, 0xFF, 0xA2, 0x00, 0x72, 0xFF, 0xB5, 0xFB, 0xFF, 0xD3, 0x0F, 0x72, 0xFF, 0xF0,
    0x5B, 0xB4, 0xFF, 0xAC, 0x72, 0xFF, 0xBA, 0x00, 0x30, 0xFF, 0xD5, 0x72, 0xFF, 0xBB, 0x00, 0x34,
    0xFF, 0xD5, 0x72, 0xFF, 0xFB, 0x8E, 0xD7, 0xFF, 0xAF, 0x72, 0xFF, 0xAC, 0xF7, 0xFF, 0xD8, 0x10,
    0x72, 0xFF, 0xBA, 0x00, 0x00, 0x00, 0x00, 0x72, 0xFF, 0xBA, 0x00, 0x00, 0x00, 0x00, 0x00, 0xAC,
    0xFF, 0xFF, 0xAE, 0xFF, 0xBA, 0x61, 0xFF, 0xFC, 0x8B, 0xD9, 0xFF, 0xBA, 0xB2, 0xFF, 0x81, 0x00,
    0x6C, 0xFF, 0xBA, 0xB4, 0xFF, 0x81, 0x00, 0x6C, 0xFF, 0xBA, 0x63, 0xFF, 0xFC, 0x8A, 0xD5, 0xFF,
    0xBA, 0x00, 0xB1, 0xFF, 0xFF, 0xA3, 0xFF, 0xBA, 0x00, 0x00, 0x00, 0x00, 0x6C, 0xFF, 0xBA, 0x00,
    0x00, 0x00, 0x00, 0x6C, 0xFF, 0xBA, 0x2A, 0xFF, 0xFF, 0xFF, 0x6F, 0xFF, 0xEE, 0x0C, 0x78, 0xFB,
    0xFF, 0xB6, 0x7E, 0x5A, 0x00, 0x00, 0xDC, 0xFF, 0x36, 0x00, 0x00, 0x00, 0x00, 0xDC, 0xFF, 0x24,
    0x00, 0x00, 0x0C, 0x78, 0xFB, 0xFF, 0x90, 0x78, 0x0F, 0x2A, 0xFF, 0xFF, 0xFF, 0xFF, 0xFF, 0x30,
    0x00, 0x72, 0xFF, 0xFF, 0xFF, 0xC6, 0x18, 0x07, 0xFF, 0xFF, 0x55, 0x85, 0xC3, 0x0C, 0x03, 0xFF,
    0xFF, 0xEE, 0xB6, 0x63, 0x00, 0x00, 0x2D, 0xBA, 0xD3, 0xFF, 0xFF, 0x5A, 0x28, 0xEE, 0xA0, 0x58,
    0xBF, 0xFF, 0x72, 0x0F, 0xB5, 0xFF, 0xFF, 0xFF, 0xA3, 0x01, 0x00, 0x00, 0xD7, 0xFF, 0x00, 0x00,
    0x00, 0x00, 0x07, 0xF2, 0xFF, 0x00, 0x00, 0x00, 0xA0, 0xFF, 0xFF, 0xFF, 0xFF, 0xFF, 0x90, 0x3C,
    0x78, 0xFF, 0xFF, 0x78, 0x78, 0x2D, 0x00, 0x00, 0xFF, 0xFF, 0x00, 0x00, 0x00, 0x00, 0x00, 0xFF,
    0xFF, 0x00, 0x00, 0x00, 0x00, 0x00, 0xF5, 0xFF, 0x78, 0x78, 0x2D, 0x00, 0x00, 0x72, 0xFF, 0xFF,
    0xFF, 0x90, 0x66, 0xFF, 0xA5, 0x00, 0x8A, 0xFF, 0xA2, 0x66, 0xFF, 0xA5, 0x00, 0x8A, 0xFF, 0xA2,
    0x66, 0xFF, 0xA5, 0x00, 0x8A, 0xFF, 0xA2, 0x64, 0xFF, 0xA7, 0x00, 0x8A, 0xFF, 0xA2, 0x37, 0xFF,
    0xFF, 0x7F, 0xE1, 0xFF, 0xA2, 0x00, 0xA8, 0xFF, 0xFF, 0xB5, 0xFF, 0xA2, 0xBB, 0xFF, 0x88, 0x00,
    0x22, 0xFF, 0xDC, 0x2E, 0xFF, 0xD5, 0x00, 0x99, 0xFF, 0x79, 0x00, 0xF0, 0xFF, 0x0A, 0xE3, 0xFF,
    0x09, 0x00, 0x91, 0xFF, 0x79, 0xFF, 0xB9, 0x00, 0x00, 0x13, 0xFF, 0xFF, 0xFF, 0x4F, 0x00, 0x00,
    0x00, 0xCB, 0xFF, 0xFF, 0x00, 0x00, 0xDB, 0x73, 0xE7, 0xBD, 0x91, 0xBB, 0x12, 0xE3, 0xA4, 0xEF,
    0xCD, 0xB0, 0xB6, 0x00, 0xE3, 0xBD, 0xD4, 0xFB, 0xB4, 0xB6, 0x00, 0xE3, 0xE1, 0x9F, 0xFF, 0xC8,
    0x9D, 0x00, 0xCF, 0xFF, 0x54, 0xFF, 0xF4, 0x81, 0x00, 0xBB, 0xFF, 0x2A, 0xFF, 0xF3, 0x7B, 0x00,
    0x54, 0xFF, 0xFA, 0x04, 0xA9, 0xFF, 0x93, 0x00, 0xB4, 0xFF, 0xBF, 0xFF, 0xC9, 0x00, 0x00, 0x01,
    0xE9, 0xFF, 0xFF, 0x10, 0x00, 0x00, 0x09, 0xFD, 0xFF, 0xFF, 0x34, 0x00, 0x00, 0xBA, 0xFF, 0x8E,
    0xFF, 0xFD, 0x07, 0x81, 0xFF, 0xBD, 0x00, 0xAF, 0xFF, 0xB0, 0xB0, 0xFF, 0x7B, 0x00, 0x18, 0xFF,
    0xEE, 0x30, 0xFF, 0xDD, 0x00, 0x9F, 0xFF, 0x78, 0x00, 0xD9, 0xFF, 0x1C, 0xFB, 0xFF, 0x03, 0x00,
    0x5E, 0xFF, 0xA0, 0xFF, 0xAB, 0x00, 0x00, 0x00, 0xFF, 0xFF, 0xFF, 0x16, 0x00, 0x00, 0x00, 0x9C,
    0xFF, 0xB7, 0x00, 0x00, 0x0F, 0x72, 0xD4, 0xFF, 0x39, 0x00, 0x00, 0x36, 0xFF, 0xFF, 0xAE, 0x00,
    0x00, 0x00, 0x24, 0xFF, 0xFF, 0xFF, 0xFF, 0xFF, 0x6C, 0x0A, 0x78, 0x78, 0xA2, 0xFF, 0xFF, 0x39,
    0x00, 0x00, 0x33, 0xFF, 0xFF, 0x4F, 0x00, 0x00, 0x3D, 0xFF, 0xFF, 0x43, 0x00, 0x00, 0x27, 0xFF,
    0xFF, 0xB1, 0x78, 0x78, 0x30, 0x4E, 0xFF, 0xFF, 0xFF, 0xFF, 0xFF, 0x9C, 0x00, 0x70, 0xFF, 0xFF,
    0xFF, 0x24, 0x00, 0xAA, 0xFF, 0x30, 0x30, 0x04, 0x00, 0x4E, 0xFF, 0x76, 0x00, 0x00, 0x00, 0x03,
    0xCF, 0xFF, 0x00, 0x00, 0xFF, 0xFF, 0xFF, 0x6F, 0x00, 0x00, 0x34, 0x49, 0xEB, 0xFD, 0x00, 0x00,
    0x00, 0x04, 0xF8, 0xEB, 0x00, 0x00, 0x00, 0x94, 0xFF, 0x43, 0x00, 0x00, 0x00, 0xAC, 0xFF, 0x00,
    0x00, 0x00, 0x00, 0x7C, 0xFF, 0xFF, 0xFF, 0x22, 0x00, 0x00, 0x21, 0x3C, 0x3C, 0x04, 0x3C, 0xFF,
    0x8A, 0x3C, 0xFF, 0x8A, 0x3C, 0xFF, 0x8A, 0x3C, 0xFF, 0x8A, 0x3C, 0xFF, 0x8A, 0x3C, 0xFF, 0x8A,
    0x3C, 0xFF, 0x8A, 0x3C, 0xFF, 0x8A, 0x3C, 0xFF, 0x8A, 0x3C, 0xFF, 0x8A, 0x0A, 0x48, 0x19, 0xFF,
    0xFF, 0xFF, 0xB2, 0x00, 0x00, 0x2A, 0x30, 0xE9, 0xEB, 0x00, 0x00, 0x00, 0x3C, 0xFF, 0x88, 0x00,
    0x00, 0x00, 0xCE, 0xFF, 0x0A, 0x00, 0x00, 0x00, 0x43, 0xFF, 0xFF, 0xFF, 0x22, 0x00, 0xBF, 0xFF,
    0x57, 0x3C, 0x04, 0x00, 0xAC, 0xFF, 0x1C, 0x00, 0x00, 0x00, 0x15, 0xFF, 0xB9, 0x00, 0x00, 0x00,
    0x00, 0xDD, 0xED, 0x00, 0x00, 0xFF, 0xFF, 0xFF, 0xA6, 0x00, 0x00, 0x34, 0x3C, 0x2B, 0x00, 0x00,
    0x00, 0x00, 0x00, 0x16, 0x00, 0x00, 0x00, 0x00, 0x00, 0xDC, 0xFF, 0xCA, 0x00, 0xAB, 0xB5, 0x60,
    0xFF, 0xBD, 0xFF, 0x9F, 0xFF, 0xA0, 0xB1, 0xFF, 0x00, 0xC1, 0xFF, 0xFF, 0x2A, 0x00, 0x15, 0x00,
    0x03, 0x55, 0x1E, 0x00, 0x0C, 0x5E, 0x1C, 0xA6, 0xFF, 0xE7, 0x76, 0xFF, 0xB1, 0x00, 0x24, 0x00,
    0x00, 0xFF, 0x16, 0x21, 0xFF, 0x6D, 0x78, 0xFF, 0xA5, 0x90, 0xFF, 0xB9, 0x90, 0xFF, 0xB9, 0x00,
    0x00, 0x00, 0x9D, 0x51, 0x00, 0x00, 0x00, 0x00, 0x13, 0xFF, 0xB2, 0x04, 0x00, 0x00, 0x8A, 0xFF,
    0xFF, 0xFF, 0xFF, 0x15, 0x19, 0xFF, 0xEB, 0xFF, 0xAC, 0xBE, 0x24, 0x5A, 0xFF, 0xA5, 0xFA, 0x8A,
    0x00, 0x00, 0x45, 0xFF, 0xBB, 0xFA, 0x8A, 0x22, 0x00, 0x01, 0xFD, 0xFF, 0xFF, 0xFB, 0xFF, 0x57,
    0x00, 0x1B, 0xB4, 0xFF, 0xFF, 0xA2, 0x00, 0x00, 0x00, 0x00, 0xFF, 0xB4, 0x00, 0x00, 0x00, 0x21,
    0xCE, 0xFF, 0xFF, 0xDD, 0x2E, 0x00, 0xDF, 0xFF, 0xD0, 0xBF, 0xFF, 0x88, 0x00, 0xFF, 0xFF, 0x00,
    0x00, 0x2A, 0x00, 0x04, 0xF7, 0xFF, 0x1F, 0x0C, 0x03, 0x00, 0xAE, 0xFF, 0xFF, 0xFF, 0xFF, 0x72,
    0x00, 0x25, 0x99, 0xFF, 0xCB, 0x54, 0x18, 0x00, 0x25, 0xFF, 0xFF, 0xA3, 0xAE, 0xAE, 0x6F, 0x42,
    0xFF, 0xFF, 0xFF, 0xFF, 0xFF, 0xCD, 0x00, 0x00, 0x00, 0x00, 0x00, 0x00, 0x00, 0x45, 0xFF, 0x33,
    0x00, 0x0D, 0xFC, 0x75, 0x0D, 0xFF, 0xFF, 0xFF, 0xFF, 0xFF, 0x33, 0x16, 0xFF, 0xFF, 0x58, 0xD5,
    0xFF, 0x49, 0x55, 0xFF, 0xA6, 0x00, 0x7B, 0xFF, 0xA0, 0x24, 0xFF, 0xE7, 0x16, 0xB0, 0xFF, 0x63,
    0x03, 0xFF, 0xFF, 0xFF, 0xFF, 0xFF, 0x1B, 0x51, 0xFF, 0x63, 0x39, 0x36, 0xFF, 0x90, 0x00, 0x16,
    0x00, 0x00, 0x00, 0x16, 0x00, 0xF9, 0x65, 0x06, 0x00, 0xFF, 0xBA, 0x0F, 0xBF, 0xBD, 0x17, 0x63,
    0xF5, 0x83, 0x00, 0x8F, 0xFE, 0x2D, 0xDC, 0xDE, 0x10, 0x00, 0x4C, 0xDB, 0xAE, 0xFF, 0x97, 0x06,
    0x00, 0xC8, 0xFF, 0xFF, 0xFF, 0xF3, 0x79, 0x00, 0x3F, 0x8E, 0xF2, 0xB9, 0x54, 0x21, 0x00, 0x4C,
    0x9D, 0xF4, 0xC1, 0x65, 0x29, 0x00, 0xC8, 0xFF, 0xFF, 0xFF, 0xF3, 0x79, 0x00, 0x3C, 0xFF, 0x8A,
    0x3C, 0xFF, 0x8A, 0x3C, 0xFF, 0x8A, 0x3C, 0xFF, 0x8A, 0x04, 0x1E, 0x0A, 0x00, 0x00, 0x00, 0x3C,
    0xFF, 0x8A, 0x3C, 0xFF, 0x8A, 0x3C, 0xFF, 0x8A, 0x3C, 0xFF, 0x8A, 0x04, 0x1E, 0x0A, 0x00, 0x31,
    0xE8, 0xFF, 0xFF, 0xC4, 0x10, 0x00, 0xE3, 0xFF, 0x6D, 0x8D, 0xB0, 0x01, 0x00, 0xE6, 0xFF, 0x7C,
    0x18, 0x00, 0x00, 0x00, 0x49, 0xFF, 0xFF, 0xFF, 0xD0, 0x15, 0x0D, 0xFF, 0x90, 0x2B, 0xBB, 0xFF,
    0xA8, 0x3D, 0xFF, 0xD5, 0x42, 0x22, 0xFF, 0x4E, 0x00, 0xBB, 0xFF, 0xFF, 0xFF, 0xAB, 0x00, 0x00,
    0x00, 0x09, 0x5D, 0xED, 0xFF, 0x0C, 0x00, 0x82, 0xB2, 0x5B, 0xD5, 0xFF, 0x0A, 0x00, 0xAC, 0xFF,
    0xFF, 0xFF, 0x73, 0x00, 0x88, 0xD5, 0x1C, 0xC1, 0xB8, 0xAF, 0xFF, 0x3C, 0xFF, 0xE8, 0x1D, 0x9B,
    0xCD, 0xCF, 0x49, 0x00, 0x00, 0x99, 0x57, 0x05, 0x0D, 0xB3, 0x58, 0x00, 0x72, 0x92, 0xF6, 0xF5,
    0x44, 0xAA, 0x04, 0xB7, 0xDE, 0x75, 0xA3, 0x4F, 0x9B, 0x3C, 0xC3, 0xE4, 0x3C, 0x57, 0x38, 0x9A,
    0x3C, 0x7B, 0xC6, 0xFF, 0xFF, 0x7A, 0xAA, 0x04, 0x98, 0x54, 0x1F, 0x16, 0xB0, 0x59, 0x00, 0x1F,
    0x97, 0xC7, 0xC6, 0x4D, 0x00, 0x00, 0x27, 0xFC, 0xFF, 0xEB, 0x0F, 0x0F, 0x79, 0x19, 0xFF, 0x7E,
    0x25, 0xD8, 0xE2, 0xFF, 0x96, 0xAE, 0xFA, 0x01, 0xFF, 0x96, 0x4C, 0xFF, 0xD7, 0xC6, 0xFF, 0x00,
    0x00, 0x66, 0x55, 0x00, 0x72, 0x49, 0x00, 0xB1, 0xFF, 0xA0, 0xBE, 0xFF, 0x8D, 0x66, 0xFF, 0xA1,
    0x78, 0xFF, 0xAF, 0x00, 0x52, 0xFF, 0xD3, 0x69, 0xFF, 0xC6, 0x03, 0x00, 0x6C, 0xFF, 0xB5, 0x79,
    0xFF, 0xA3, 0x00, 0x00, 0x33, 0x36, 0x00, 0x3C, 0x2D, 0x07, 0x1E, 0x1E, 0x1E, 0x1E, 0x1E, 0x07,
    0x60, 0xFF, 0xFF, 0xFF, 0xFF, 0xFF, 0x66, 0x18, 0x60, 0x60, 0x60, 0x96, 0xFF, 0x66, 0x00, 0x00,
    0x00, 0x00, 0x48, 0xFF, 0x66, 0x00, 0x00, 0x00, 0x00, 0x12, 0x60, 0x19, 0x48, 0xC3, 0xC3, 0xC3,
    0x78, 0x78, 0xFF, 0xFF, 0xFF, 0xA5, 0x00, 0x88, 0xB1, 0xA0, 0x09, 0x7E, 0xA7, 0xBB, 0xA5, 0xB4,
    0xAD, 0x88, 0xF8, 0xA0, 0xB0, 0x7E, 0xAC, 0x67, 0x9D, 0xB4, 0x00, 0x8B, 0xAF, 0xA2, 0x09, 0x5A,
    0xFF, 0xFF, 0xFF, 0xA8, 0x0F, 0x42, 0x42, 0x42, 0x1C, 0x12, 0xCB, 0xFF, 0xE6, 0x30, 0xA1, 0xFF,
    0x43, 0xD2, 0xE1, 0xB4, 0xE7, 0x06, 0xB0, 0xF5, 0x2D, 0xFF, 0xFF, 0xFF, 0x5A, 0x00, 0x00, 0x1E,
    0x03, 0x00, 0x00, 0x00, 0x06, 0x2A, 0x0F, 0x00, 0x00, 0x00, 0x00, 0x42, 0xFF, 0x90, 0x00, 0x00,
    0x07, 0x1E, 0x5A, 0xFF, 0xA2, 0x1E, 0x0D, 0x60, 0xFF, 0xFF, 0xFF, 0xFF, 0xFF, 0xAE, 0x19, 0x66,
    0x96, 0xFF, 0xAC, 0x66, 0x2D, 0x00, 0x00, 0x42, 0xFF, 0x90, 0x00, 0x00, 0x21, 0x84, 0x84, 0x84,
    0x84, 0x84, 0x3A, 0x60, 0xFF, 0xFF, 0xFF, 0xFF, 0xFF, 0xAE, 0x04, 0xD3, 0xFF, 0xFF, 0x2B, 0x0A,
    0x82, 0x4B, 0xFF, 0x5D, 0x00, 0x8E, 0xFF, 0x8A, 0x00, 0x18, 0xFF, 0xFF, 0xFF, 0x99, 0x09, 0xD8,
    0xFF, 0xFF, 0x3D, 0x00, 0x00, 0xFF, 0xFF, 0x1C, 0x09, 0xA9, 0x21, 0xFF, 0x85, 0x1F, 0xF7, 0xFF,
    0xFA, 0x22, 0x00, 0x06, 0x04, 0x00, 0x00, 0xA6, 0xFF, 0x34, 0x13, 0xFF, 0xC8, 0x00, 0x0A, 0x8A,
    0x0C, 0x00, 0x54, 0xFF, 0xB4, 0x00, 0x8A, 0xFF, 0xA2, 0x54, 0xFF, 0xB4, 0x00, 0x8A, 0xFF, 0xA2,
    0x54, 0xFF, 0xB4, 0x00, 0x8A, 0xFF, 0xA2, 0x54, 0xFF, 0xB6, 0x00, 0x8A, 0xFF, 0xA2, 0x54, 0xFF,
    0xFF, 0x4C, 0xCE, 0xFF, 0xA2, 0x54, 0xFF, 0xFF, 0xFF, 0xBC, 0xFF, 0xA2, 0x54, 0xFF, 0xA0, 0x00,
    0x00, 0x00, 0x00, 0x54, 0xFF, 0xB2, 0x00, 0x00, 0x00, 0x00, 0x06, 0xB0, 0xFF, 0xFF, 0xFF, 0xFF,
    0xC8, 0xB2, 0xFF, 0xFF, 0xFF, 0xB6, 0xFF, 0xC8, 0xE4, 0xFF, 0xFF, 0xFF, 0x90, 0xFF, 0xC8, 0xB5,
    0xFF, 0xFF, 0xFF, 0x90, 0xFF, 0xC8, 0x1C, 0xFA, 0xFF, 0xFF, 0x90, 0xFF, 0xC8, 0x00, 0x01, 0x48,
    0xFF, 0x90, 0xFF, 0xC8, 0x00, 0x00, 0x18, 0xFF, 0x90, 0xFF, 0xC8, 0x00, 0x00, 0x18, 0xFF, 0x90,
    0xFF, 0xC8, 0x00, 0x00, 0x18, 0xFF, 0x90, 0xFF, 0xC8, 0x00, 0x00, 0x13, 0xFF, 0x75, 0xCE, 0xA2,
    0x0D, 0x5E, 0x1E, 0xBC, 0xFF, 0xFC, 0xA9, 0xFF, 0xC8, 0x00, 0x19, 0x01, 0x00, 0x00, 0xFF, 0x01,
    0x00, 0x13, 0x93, 0xF8, 0x4B, 0x94, 0xFF, 0xFB, 0x2E, 0x00, 0xC0, 0xFF, 0xB9, 0x00, 0x00, 0x43,
    0xCD, 0xB9, 0x00, 0x00, 0x00, 0xC8, 0xB9, 0x00, 0x00, 0xE1, 0xFF, 0xFF, 0xA8, 0x0A, 0xD4, 0xFF,
    0xF3, 0x27, 0x97, 0xFF, 0x0F, 0xE4, 0xBA, 0xAD, 0xE6, 0x00, 0xA5, 0xE8, 0x97, 0xFF, 0x12, 0xE4,
    0xBA, 0x0C, 0xD8, 0xFF, 0xF6, 0x28, 0x15, 0xA6, 0x00, 0x1E, 0x9D, 0x00, 0x00, 0x49, 0xFF, 0xD4,
    0x6A, 0xFF, 0xC8, 0x0C, 0x00, 0x6C, 0xFF, 0xAA, 0x7B, 0xFF, 0xB4, 0x00, 0xA6, 0xFF, 0xB4, 0xB7,
    0xFF, 0x9C, 0x55, 0xFF, 0xBA, 0x69, 0xFF, 0xA9, 0x00, 0x07, 0x63, 0x00, 0x0D, 0x5B, 0x00, 0x00,
    0x1A, 0x22, 0x04, 0x00, 0x0C, 0x2D, 0x07, 0xDB, 0xBF, 0x18, 0x00, 0xAF, 0xB7, 0x03, 0x69, 0xA6,
    0x18, 0x18, 0xE8, 0x43, 0x00, 0x61, 0xA6, 0x18, 0xB2, 0xB9, 0x00, 0x00, 0xDA, 0xFF, 0x94, 0xB7,
    0x29, 0x00, 0x00, 0x0B, 0x79, 0x2F, 0x25, 0xF0, 0x7E, 0x00, 0x75, 0xC1, 0x25, 0xDD, 0xB4, 0x7D,
    0x00, 0xCF, 0x52, 0x4B, 0xF6, 0xFF, 0xBC, 0x13, 0x4B, 0x0E, 0x00, 0x00, 0x3C, 0x33, 0x00, 0x11,
    0x18, 0x03, 0x00, 0x09, 0x20, 0x06, 0xD7, 0xBF, 0x18, 0x00, 0xA8, 0xB7, 0x04, 0x6C, 0xA6, 0x18,
    0x16, 0xE9, 0x47, 0x00, 0x61, 0xA6, 0x18, 0xB0, 0xBB, 0x00, 0x00, 0xDA, 0xFF, 0x94, 0xB7, 0x29,
    0x00, 0x00, 0x05, 0x78, 0x3E, 0xD4, 0xF5, 0x85, 0x00, 0x6C, 0xDF, 0x2C, 0x5D, 0x8E, 0xB6, 0x00,
    0xA9, 0x72, 0x08, 0x9A, 0xD5, 0x24, 0x00, 0xBD, 0x33, 0x27, 0xFF, 0xFD, 0xB3, 0x00, 0xCC, 0xE9,
    0x3A, 0x00, 0x6F, 0xBA, 0x0D, 0x30, 0xB7, 0x88, 0x00, 0xDB, 0x77, 0x00, 0x63, 0xE8, 0x3C, 0x4C,
    0xDF, 0x15, 0x00, 0x2F, 0xAD, 0xA2, 0xDC, 0x96, 0x00, 0x00, 0xD6, 0xED, 0x48, 0x99, 0x1B, 0x00,
    0x00, 0x0F, 0x89, 0x32, 0x2B, 0xF6, 0x87, 0x00, 0x7B, 0xBD, 0x25, 0xDF, 0xB2, 0x7D, 0x00, 0xD1,
    0x50, 0x4A, 0xF6, 0xFF, 0xBC, 0x13, 0x4B, 0x0E, 0x00, 0x00, 0x3C, 0x33, 0x00, 0x00, 0x00, 0x3C,
    0xFF, 0xDC, 0x00, 0x00, 0x00, 0x00, 0x6C, 0xFF, 0xFF, 0x01, 0x00, 0x00, 0x00, 0x00, 0x43, 0x27,
    0x00, 0x00, 0x00, 0x00, 0x00, 0xEC, 0xAB, 0x00, 0x00, 0x00, 0x46, 0xF7, 0xFF, 0xE1, 0x00, 0x00,
    0x00, 0xFF, 0xFF, 0x5B, 0x07, 0x00, 0x00, 0x1C, 0xFF, 0xF8, 0x00, 0x1E, 0x79, 0x03, 0x00, 0xFF,
    0xFF, 0xAB, 0xEC, 0xFF, 0x64, 0x00, 0x40, 0xED, 0xFF, 0xFF, 0xA2, 0x00, 0x01, 0x56, 0x73, 0x00,
    0x00, 0x00, 0x00, 0x06, 0xB5, 0xFE, 0x0C, 0x00, 0x00, 0x00, 0x00, 0x1C, 0xE0, 0x54, 0x00, 0x00,
    0x00, 0x00, 0x00, 0x00, 0x00, 0x00, 0x00, 0x00, 0x00, 0xB6, 0xFF, 0xFF, 0x0E, 0x00, 0x00, 0x16,
    0xC1, 0xFF, 0xFF, 0x62, 0x00, 0x00, 0x54, 0xE0, 0xC4, 0xFF, 0x9F, 0x00, 0x00, 0x79, 0xF3, 0x43,
    0xFF, 0xDB, 0x00, 0x00, 0x93, 0xFF, 0x43, 0xE9, 0xE2, 0x27, 0x00, 0xB7, 0xFF, 0xFF, 0xFF, 0xF2,
    0x76, 0x00, 0xD8, 0xD0, 0x78, 0xA3, 0xFB, 0xA2, 0x00, 0xFF, 0x59, 0x03, 0x04, 0xFF, 0xBA, 0x0C,
    0x00, 0x00, 0x3B, 0x9D, 0x0A, 0x00, 0x00, 0x00, 0x00, 0xC5, 0xFF, 0x22, 0x00, 0x00, 0x00, 0x15,
    0xDF, 0x57, 0x00, 0x00, 0x00, 0x00, 0x00, 0x00, 0x00, 0x00, 0x00, 0x00, 0x00, 0xB6, 0xFF, 0xFF,
    0x0E, 0x00, 0x00, 0x16, 0xC1, 0xFF, 0xFF, 0x62, 0x00, 0x00, 0x54, 0xE0, 0xC4, 0xFF, 0x9F, 0x00,
    0x00, 0x79, 0xF3, 0x43, 0xFF, 0xDB, 0x00, 0x00, 0x93, 0xFF, 0x43, 0xE9, 0xE2, 0x27, 0x00, 0xB7,
    0xFF, 0xFF, 0xFF, 0xF2, 0x76, 0x00, 0xD8, 0xD0, 0x78, 0xA3, 0xFB, 0xA2, 0x00, 0xFF, 0x59, 0x03,
    0x04, 0xFF, 0xBA, 0x0C, 0x00, 0x33, 0x98, 0x6F, 0x00, 0x00, 0x00, 0x1A, 0xC3, 0xFF, 0xFF, 0x4E,
    0x00, 0x00, 0x58, 0xBF, 0x25, 0xA5, 0x9D, 0x00, 0x00, 0x00, 0x00, 0x00, 0x00, 0x00, 0x00, 0x00,
    0x00, 0xB6, 0xFF, 0xFF, 0x0E, 0x00, 0x00, 0x16, 0xC1, 0xFF, 0xFF, 0x62, 0x00, 0x00, 0x54, 0xE0,
    0xC4, 0xFF, 0x9F, 0x00, 0x00, 0x79, 0xF3, 0x43, 0xFF, 0xDB, 0x00, 0x00, 0x93, 0xFF, 0x43, 0xE9,
    0xE2, 0x27, 0x00, 0xB7, 0xFF, 0xFF, 0xFF, 0xF2, 0x76, 0x00, 0xD8, 0xD0, 0x78, 0xA3, 0xFB, 0xA2,
    0x00, 0xFF, 0x59, 0x03, 0x04, 0xFF, 0xBA, 0x0C, 0x00, 0x10, 0x04, 0x00, 0x00, 0x00, 0x00, 0x53,
    0xE0, 0xFF, 0xA8, 0x84, 0x00, 0x00, 0x3E, 0xA2, 0xEC, 0xFF, 0x97, 0x00, 0x00, 0x00, 0x00, 0x00,
    0x13, 0x00, 0x00, 0x00, 0x00, 0xB6, 0xFF, 0xFF, 0x0E, 0x00, 0x00, 0x16, 0xC1, 0xFF, 0xFF, 0x62,
    0x00, 0x00, 0x54, 0xE0, 0xC4, 0xFF, 0x9F, 0x00, 0x00, 0x79, 0xF3, 0x43, 0xFF, 0xDB, 0x00, 0x00,
    0x93, 0xFF, 0x43, 0xE9, 0xE2, 0x27, 0x00, 0xB7, 0xFF, 0xFF, 0xFF, 0xF2, 0x76, 0x00, 0xD8, 0xD0,
    0x78, 0xA3, 0xFB, 0xA2, 0x00, 0xFF, 0x59, 0x03, 0x04, 0xFF, 0xBA, 0x0C, 0x4B, 0xBA, 0x35, 0xBC,
    0x99, 0x00, 0x00, 0x64, 0xE8, 0x58, 0xFF, 0xC7, 0x00, 0x00, 0x00, 0x00, 0x00, 0x00, 0x00, 0x00,
    0x00, 0x00, 0xB6, 0xFF, 0xFF, 0x0E, 0x00, 0x00, 0x16, 0xC1, 0xFF, 0xFF, 0x62, 0x00, 0x00, 0x54,
    0xE0, 0xC4, 0xFF, 0x9F, 0x00, 0x00, 0x79, 0xF3, 0x43, 0xFF, 0xDB, 0x00, 0x00, 0x93, 0xFF, 0x43,
    0xE9, 0xE2, 0x27, 0x00, 0xB7, 0xFF, 0xFF, 0xFF, 0xF2, 0x76, 0x00, 0xD8, 0xD0, 0x78, 0xA3, 0xFB,
    0xA2, 0x00, 0xFF, 0x59, 0x03, 0x04, 0xFF, 0xBA, 0x0C, 0x00, 0x85, 0xF5, 0xC0, 0x09, 0x00, 0x00,
    0x19, 0xC2, 0x46, 0xFF, 0x65, 0x00, 0x00, 0x02, 0x93, 0xF8, 0xF1, 0x15, 0x00, 0x00, 0x00, 0x00,
    0x00, 0x00, 0x00, 0x00, 0x00, 0x00, 0xB6, 0xFF, 0xFF, 0x0E, 0x00, 0x00, 0x16, 0xC1, 0xFF, 0xFF,
    0x62, 0x00, 0x00, 0x54, 0xE0, 0xC4, 0xFF, 0x9F, 0x00, 0x00, 0x79, 0xF3, 0x43, 0xFF, 0xDB, 0x00,
    0x00, 0x93, 0xFF, 0x43, 0xE9, 0xE2, 0x27, 0x00, 0xB7, 0xFF, 0xFF, 0xFF, 0xF2, 0x76, 0x00, 0xD8,
    0xD0, 0x78, 0xA3, 0xFB, 0xA2, 0x00, 0xFF, 0x59, 0x03, 0x04, 0xFF, 0xBA, 0x0C, 0x00, 0x00, 0x85,
    0xFF, 0xFF, 0xFF, 0xFF, 0x00, 0x00, 0xB4, 0xF9, 0xFC, 0x65, 0x57, 0x00, 0x00, 0xF0, 0xE9, 0xF5,
    0x0C, 0x09, 0x00, 0x06, 0xF4, 0xD0, 0xF5, 0xFE, 0xF0, 0x00, 0x4C, 0xEF, 0xC4, 0xF6, 0x53, 0x3F,
    0x00, 0xA2, 0xFF, 0xFF, 0xFF, 0x00, 0x00, 0x00, 0xCD, 0xDC, 0xA2, 0xFA, 0x65, 0x57, 0x01, 0xED,
    0xC8, 0x69, 0xF5, 0xFF, 0xFF, 0x00, 0x4B, 0xF5, 0xFF, 0xFF, 0xA5, 0x01, 0x09, 0xFF, 0xFF, 0xAB,
    0xD8, 0xFF, 0xA5, 0x79, 0xFF, 0xA7, 0x00, 0x0A, 0xA6, 0x5B, 0xAF, 0xFF, 0x9D, 0x00, 0x00, 0x00,
    0x00, 0xB2, 0xFF, 0x9D, 0x00, 0x00, 0x00, 0x00, 0x7F, 0xFF, 0xA3, 0x00, 0x0F, 0xBB, 0x52, 0x0F,
    0xFF, 0xFF, 0x9D, 0xCD, 0xFF, 0xAF, 0x00, 0x48, 0xF2, 0xFF, 0xFF, 0xBC, 0x06, 0x00, 0x00, 0x12,
    0x8B, 0xF7, 0x52, 0x00, 0x00, 0x00, 0x88, 0xFF, 0xFF, 0x36, 0x00, 0x00, 0x00, 0x72, 0x79, 0x00,
    0x00, 0x00, 0x00, 0x06, 0xF0, 0xFF, 0x10, 0x00, 0x00, 0x00, 0x00, 0x1F, 0xFF, 0x5D, 0x00, 0x00,
    0x00, 0x00, 0x00, 0x00, 0x00, 0x00, 0x00, 0x12, 0xFF, 0xFF, 0xFF, 0xFF, 0xFF, 0x78, 0x12, 0xFF,
    0xFF, 0x96, 0x96, 0x96, 0x2E, 0x12, 0xFF, 0xFB, 0x24, 0x24, 0x24, 0x06, 0x12, 0xFF, 0xFF, 0xFF,
    0xFF, 0xFF, 0x48, 0x12, 0xFF, 0xFF, 0x6C, 0x6C, 0x6C, 0x13, 0x12, 0xFF, 0xF5, 0x00, 0x00, 0x00,
    0x00, 0x12, 0xFF, 0xFF, 0x96, 0x96, 0x96, 0x2E, 0x12, 0xFF, 0xFF, 0xFF, 0xFF, 0xFF, 0x78, 0x00,
    0x00, 0x00, 0x3C, 0xA3, 0x0D, 0x00, 0x00, 0x00, 0x00, 0xDC, 0xFF, 0x30, 0x00, 0x00, 0x00, 0x18,
    0xFF, 0x60, 0x00, 0x00, 0x00, 0x00, 0x00, 0x00, 0x00, 0x00, 0x00, 0x12, 0xFF, 0xFF, 0xFF, 0xFF,
    0xFF, 0x78, 0x12, 0xFF, 0xFF, 0x96, 0x96, 0x96, 0x2E, 0x12, 0xFF, 0xFB, 0x24, 0x24, 0x24, 0x06,
    0x12, 0xFF, 0xFF, 0xFF, 0xFF, 0xFF, 0x48, 0x12, 0xFF, 0xFF, 0x6C, 0x6C, 0x6C, 0x13, 0x12, 0xFF,
    0xF5, 0x00, 0x00, 0x00, 0x00, 0x12, 0xFF, 0xFF, 0x96, 0x96, 0x96, 0x2E, 0x12, 0xFF, 0xFF, 0xFF,
    0xFF, 0xFF, 0x78, 0x00, 0x00, 0x40, 0xA5, 0x75, 0x00, 0x00, 0x00, 0x24, 0xFF, 0xFF, 0xFF, 0x67,
    0x00, 0x00, 0x8D, 0xD4, 0x0A, 0xBB, 0xC4, 0x00, 0x00, 0x00, 0x00, 0x00, 0x00, 0x00, 0x00, 0x12,
    0xFF, 0xFF, 0xFF, 0xFF, 0xFF, 0x78, 0x12, 0xFF, 0xFF, 0x96, 0x96, 0x96, 0x2E, 0x12, 0xFF, 0xFB,
    0x24, 0x24, 0x24, 0x06, 0x12, 0xFF, 0xFF, 0xFF, 0xFF, 0xFF, 0x48, 0x12, 0xFF, 0xFF, 0x6C, 0x6C,
    0x6C, 0x13, 0x12, 0xFF, 0xF5, 0x00, 0x00, 0x00, 0x00, 0x12, 0xFF, 0xFF, 0x96, 0x96, 0x96, 0x2E,
    0x12, 0xFF, 0xFF, 0xFF, 0xFF, 0xFF, 0x78, 0x00, 0x78, 0xD3, 0x21, 0xB4, 0xA0, 0x00, 0x00, 0xA0,
    0xFF, 0x42, 0xFF, 0xF6, 0x00, 0x00, 0x00, 0x00, 0x00, 0x00, 0x00, 0x00, 0x12, 0xFF, 0xFF, 0xFF,
    0xFF, 0xFF, 0x78, 0x12, 0xFF, 0xFF, 0x96, 0x96, 0x96, 0x2E, 0x12, 0xFF, 0xFB, 0x24, 0x24, 0x24,
    0x06, 0x12, 0xFF, 0xFF, 0xFF, 0xFF, 0xFF, 0x48, 0x12, 0xFF, 0xFF, 0x6C, 0x6C, 0x6C, 0x13, 0x12,
    0xFF, 0xF5, 0x00, 0x00, 0x00, 0x00, 0x12, 0xFF, 0xFF, 0x96, 0x96, 0x96, 0x2E, 0x12, 0xFF, 0xFF,
    0xFF, 0xFF, 0xFF, 0x78, 0x00, 0x01, 0x78, 0x72, 0x00, 0x00, 0x00, 0x00, 0x0A, 0xFA, 0xFF, 0x0C,
    0x00, 0x00, 0x00, 0x00, 0x27, 0xFF, 0x54, 0x00, 0x00, 0x00, 0x00, 0x00, 0x00, 0x00, 0x00, 0x00,
    0x24, 0xFF, 0xFF, 0xFF, 0xFF, 0xFF, 0x72, 0x09, 0x66, 0xB8, 0xFF, 0xCA, 0x66, 0x1E, 0x00, 0x00,
    0x72, 0xFF, 0xA0, 0x00, 0x00, 0x00, 0x00, 0x72, 0xFF, 0xA0, 0x00, 0x00, 0x00, 0x00, 0x72, 0xFF,
    0xA0, 0x00, 0x00, 0x00, 0x00, 0x72, 0xFF, 0xA0, 0x00, 0x00, 0x09, 0x66, 0xB8, 0xFF, 0xCA, 0x66,
    0x1E, 0x24, 0xFF, 0xFF, 0xFF, 0xFF, 0xFF, 0x72, 0x00, 0x00, 0x00, 0x45, 0x9D, 0x0C, 0x00, 0x00,
    0x00, 0x00, 0xE6, 0xFF, 0x28, 0x00, 0x00, 0x00, 0x1E, 0xFF, 0x57, 0x00, 0x00, 0x00, 0x00, 0x00,
    0x00, 0x00, 0x00, 0x00, 0x24, 0xFF, 0xFF, 0xFF, 0xFF, 0xFF, 0x72, 0x09, 0x66, 0xB8, 0xFF, 0xCA,
    0x66, 0x1E, 0x00, 0x00, 0x72, 0xFF, 0xA0, 0x00, 0x00, 0x00, 0x00, 0x72, 0xFF, 0xA0, 0x00, 0x00,
    0x00, 0x00, 0x72, 0xFF, 0xA0, 0x00, 0x00, 0x00, 0x00, 0x72, 0xFF, 0xA0, 0x00, 0x00, 0x09, 0x66,
    0xB8, 0xFF, 0xCA, 0x66, 0x1E, 0x24, 0xFF, 0xFF, 0xFF, 0xFF, 0xFF, 0x72, 0x00, 0x00, 0x48, 0xA5,
    0x6F, 0x00, 0x00, 0x00, 0x2D, 0xFF, 0xFF, 0xFF, 0x5B, 0x00, 0x00, 0x9A, 0xCE, 0x09, 0xA5, 0xB7,
    0x00, 0x00, 0x00, 0x00, 0x00, 0x00, 0x00, 0x00, 0x24, 0xFF, 0xFF, 0xFF, 0xFF, 0xFF, 0x72, 0x09,
    0x66, 0xB8, 0xFF, 0xCA, 0x66, 0x1E, 0x00, 0x00, 0x72, 0xFF, 0xA0, 0x00, 0x00, 0x00, 0x00, 0x72,
    0xFF, 0xA0, 0x00, 0x00, 0x00, 0x00, 0x72, 0xFF, 0xA0, 0x00, 0x00, 0x00, 0x00, 0x72, 0xFF, 0xA0,
    0x00, 0x00, 0x09, 0x66, 0xB8, 0xFF, 0xCA, 0x66, 0x1E, 0x24, 0xFF, 0xFF, 0xFF, 0xFF, 0xFF, 0x72,
    0x00, 0x84, 0xD0, 0x1B, 0xBC, 0xB2, 0x00, 0x00, 0xAF, 0xFF, 0x3C, 0xFF, 0xE8, 0x00, 0x00, 0x00,
    0x00, 0x00, 0x00, 0x00, 0x00, 0x24, 0xFF, 0xFF, 0xFF, 0xFF, 0xFF, 0x72, 0x09, 0x66, 0xB8, 0xFF,
    0xCA, 0x66, 0x1E, 0x00, 0x00, 0x72, 0xFF, 0xA0, 0x00, 0x00, 0x00, 0x00, 0x72, 0xFF, 0xA0, 0x00,
    0x00, 0x00, 0x00, 0x72, 0xFF, 0xA0, 0x00, 0x00, 0x00, 0x00, 0x72, 0xFF, 0xA0, 0x00, 0x00, 0x09,
    0x66, 0xB8, 0xFF, 0xCA, 0x66, 0x1E, 0x24, 0xFF, 0xFF, 0xFF, 0xFF, 0xFF, 0x72, 0x42, 0xFF, 0xFF,
    0xFF, 0xFF, 0x8E, 0x00, 0x42, 0xFF, 0xED, 0x93, 0xFF, 0xFF, 0x4C, 0x4E, 0xFF, 0xC8, 0x10, 0x58,
    0xFF, 0xBF, 0xFF, 0xFF, 0xFF, 0xFF, 0x2B, 0xFF, 0xEB, 0x81, 0xFF, 0xDF, 0x52, 0x2B, 0xFF, 0xE9,
    0x42, 0xFF, 0xC3, 0x00, 0x58, 0xFF, 0xBF, 0x42, 0xFF, 0xED, 0x91, 0xFF, 0xFF, 0x4C, 0x42, 0xFF,
    0xFF, 0xFF, 0xFF, 0x90, 0x00, 0x00, 0x00, 0x16, 0x01, 0x00, 0x00, 0x00, 0x00, 0x91, 0xFF, 0xFF,
    0xA8, 0x9A, 0x00, 0x00, 0x6C, 0xB7, 0xF5, 0xFF, 0xB0, 0x00, 0x00, 0x00, 0x00, 0x00, 0x13, 0x00,
    0x00, 0x66, 0xFF, 0xFF, 0x1F, 0x18, 0xFF, 0xB4, 0x66, 0xFF, 0xFF, 0xA2, 0x18, 0xFF, 0xB4, 0x66,
    0xFF, 0xFF, 0xF8, 0x18, 0xFF, 0xB4, 0x66, 0xFF, 0xB2, 0xFF, 0x4C, 0xFF, 0xB4, 0x66, 0xFF, 0x6C,
    0xFF, 0xB1, 0xFF, 0xB4, 0x66, 0xFF, 0x66, 0xB9, 0xFF, 0xFF, 0xB4, 0x66, 0xFF, 0x66, 0x55, 0xFF,
    0xFF, 0xB4, 0x66, 0xFF, 0x66, 0x00, 0xFF, 0xFF, 0xB4, 0x00, 0x01, 0x78, 0x72, 0x00, 0x00, 0x00,
    0x00, 0x0A, 0xFA, 0xFF, 0x0C, 0x00, 0x00, 0x00, 0x00, 0x27, 0xFF, 0x54, 0x00, 0x00, 0x00, 0x00,
    0x00, 0x00, 0x00, 0x00, 0x00, 0x00, 0x73, 0xFF, 0xFF, 0xFF, 0xA9, 0x00, 0x28, 0xFF, 0xFF, 0xA3,
    0xED, 0xFF, 0x6C, 0xB7, 0xFF, 0x87, 0x00, 0x3C, 0xFF, 0xD8, 0xC4, 0xFF, 0x61, 0x00, 0x13, 0xFF,
    0xFF, 0xC4, 0xFF, 0x61, 0x00, 0x13, 0xFF, 0xFF, 0xB7, 0xFF, 0x87, 0x00, 0x3C, 0xFF, 0xD8, 0x2A,
    0xFF, 0xFF, 0xA2, 0xED, 0xFF, 0x6F, 0x00, 0x76, 0xFF, 0xFF, 0xFF, 0xAC, 0x00, 0x00, 0x00, 0x00,
    0x45, 0x9D, 0x0C, 0x00, 0x00, 0x00, 0x00, 0xE6, 0xFF, 0x28, 0x00, 0x00, 0x00, 0x1E, 0xFF, 0x57,
    0x00, 0x00, 0x00, 0x00, 0x00, 0x00, 0x00, 0x00, 0x00, 0x00, 0x73, 0xFF, 0xFF, 0xFF, 0xA9, 0x00,
    0x28, 0xFF, 0xFF, 0xA3, 0xED, 0xFF, 0x6C, 0xB7, 0xFF, 0x87, 0x00, 0x3C, 0xFF, 0xD8, 0xC4, 0xFF,
    0x61, 0x00, 0x13, 0xFF, 0xFF, 0xC4, 0xFF, 0x61, 0x00, 0x13, 0xFF, 0xFF, 0xB7, 0xFF, 0x87, 0x00,
    0x3C, 0xFF, 0xD8, 0x2A, 0xFF, 0xFF, 0xA2, 0xED, 0xFF, 0x6F, 0x00, 0x76, 0xFF, 0xFF, 0xFF, 0xAC,
    0x00, 0x00, 0x00, 0x63, 0xCD, 0x93, 0x00, 0x00, 0x00, 0x37, 0xFF, 0xFF, 0xFF, 0x6C, 0x00, 0x00,
    0x9A, 0xC8, 0x04, 0xBD, 0xB6, 0x00, 0x00, 0x00, 0x00, 0x00, 0x00, 0x00, 0x00, 0x00, 0x73, 0xFF,
    0xFF, 0xFF, 0xA9, 0x00, 0x28, 0xFF, 0xFF, 0xA3, 0xED, 0xFF, 0x6C, 0xB7, 0xFF, 0x87, 0x00, 0x3C,
    0xFF, 0xD8, 0xC4, 0xFF, 0x61, 0x00, 0x13, 0xFF, 0xFF, 0xC4, 0xFF, 0x61, 0x00, 0x13, 0xFF, 0xFF,
    0xB7, 0xFF, 0x87, 0x00, 0x3C, 0xFF, 0xD8, 0x2A, 0xFF, 0xFF, 0xA2, 0xED, 0xFF, 0x6F, 0x00, 0x76,
    0xFF, 0xFF, 0xFF, 0xAC, 0x00, 0x00, 0x00, 0x16, 0x01, 0x00, 0x00, 0x00, 0x00, 0x91, 0xFF, 0xFF,
    0xA8, 0x9A, 0x00, 0x00, 0x6C, 0xB7, 0xF5, 0xFF, 0xB0, 0x00, 0x00, 0x00, 0x00, 0x00, 0x13, 0x00,
    0x00, 0x00, 0x73, 0xFF, 0xFF, 0xFF, 0xA9, 0x00, 0x28, 0xFF, 0xFF, 0xA3, 0xED, 0xFF, 0x6C, 0xB7,
    0xFF, 0x87, 0x00, 0x3C, 0xFF, 0xD8, 0xC4, 0xFF, 0x61, 0x00, 0x13, 0xFF, 0xFF, 0xC4, 0xFF, 0x61,
    0x00, 0x13, 0xFF, 0xFF, 0xB7, 0xFF, 0x87, 0x00, 0x3C, 0xFF, 0xD8, 0x2A, 0xFF, 0xFF, 0xA2, 0xED,
    0xFF, 0x6F, 0x00, 0x76, 0xFF, 0xFF, 0xFF, 0xAC, 0x00, 0x00, 0x84, 0xD0, 0x1B, 0xBC, 0xB2, 0x00,
    0x00, 0xAF, 0xFF, 0x3C, 0xFF, 0xE8, 0x00, 0x00, 0x00, 0x00, 0x00, 0x00, 0x00, 0x00, 0x00, 0x73,
    0xFF, 0xFF, 0xFF, 0xA9, 0x00, 0x28, 0xFF, 0xFF, 0xA3, 0xED, 0xFF, 0x6C, 0xB7, 0xFF, 0x87, 0x00,
    0x3C, 0xFF, 0xD8, 0xC4, 0xFF, 0x61, 0x00, 0x13, 0xFF, 0xFF, 0xC4, 0xFF, 0x61, 0x00, 0x13, 0xFF,
    0xFF, 0xB7, 0xFF, 0x87, 0x00, 0x3C, 0xFF, 0xD8, 0x2A, 0xFF, 0xFF, 0xA2, 0xED, 0xFF, 0x6F, 0x00,
    0x76, 0xFF, 0xFF, 0xFF, 0xAC, 0x00, 0x00, 0x01, 0x00, 0x00, 0x00, 0x01, 0x00, 0x07, 0xE2, 0xB2,
    0x00, 0x72, 0xFF, 0x24, 0x00, 0xA3, 0xFF, 0xD4, 0xFF, 0xDA, 0x0A, 0x00, 0x00, 0xDA, 0xFF, 0xFF,
    0x07, 0x00, 0x00, 0xA8, 0xFF, 0xED, 0xFF, 0xC6, 0x04, 0x09, 0xF6, 0xAD, 0x00, 0x8B, 0xFF, 0x2A,
    0x00, 0x09, 0x00, 0x00, 0x00, 0x09, 0x00, 0x00, 0x00, 0x00, 0x00, 0x00, 0x51, 0x60, 0x00, 0x75,
    0xFF, 0xFF, 0xFF, 0xFF, 0xCE, 0x2B, 0xFF, 0xFF, 0xA2, 0xFF, 0xFF, 0x7F, 0xB8, 0xFF, 0x8A, 0x2A,
    0xFF, 0xFF, 0xD9, 0xC4, 0xFF, 0x61, 0xD8, 0xAA, 0xFF, 0xFF, 0xC5, 0xFF, 0xAB, 0xFF, 0x1E, 0xFF,
    0xFF, 0xB7, 0xFF, 0xFF, 0x66, 0x3F, 0xFF, 0xD9, 0x31, 0xFF, 0xFF, 0xA0, 0xF0, 0xFF, 0x6F, 0xAB,
    0xFF, 0xFF, 0xFF, 0xFF, 0xAC, 0x00, 0x3D, 0x73, 0x00, 0x00, 0x00, 0x00, 0x00, 0x00, 0x01, 0x78,
    0x72, 0x00, 0x00, 0x00, 0x00, 0x0A, 0xFA, 0xFF, 0x0C, 0x00, 0x00, 0x00, 0x00, 0x27, 0xFF, 0x54,
    0x00, 0x00, 0x00, 0x00, 0x00, 0x00, 0x00, 0x00, 0x00, 0x84, 0xFF, 0xAE, 0x00, 0x66, 0xFF, 0xAF,
    0x84, 0xFF, 0xAE, 0x00, 0x66, 0xFF, 0xAF, 0x84, 0xFF, 0xAE, 0x00, 0x66, 0xFF, 0xAF, 0x84, 0xFF,
    0xAE, 0x00, 0x66, 0xFF, 0xAF, 0x82, 0xFF, 0xAE, 0x00, 0x66, 0xFF, 0xAD, 0x6F, 0xFF, 0xBB, 0x00,
    0x75, 0xFF, 0xB7, 0x28, 0xFF, 0xFF, 0xA0, 0xF2, 0xFF, 0x69, 0x00, 0x8E, 0xFF, 0xFF, 0xFF, 0xA3,
    0x01, 0x00, 0x00, 0x00, 0x45, 0x9D, 0x0C, 0x00, 0x00, 0x00, 0x00, 0xE6, 0xFF, 0x28, 0x00, 0x00,
    0x00, 0x1E, 0xFF, 0x57, 0x00, 0x00, 0x00, 0x00, 0x00, 0x00, 0x00, 0x00, 0x00, 0x84, 0xFF, 0xAE,
    0x00, 0x66, 0xFF, 0xAF, 0x84, 0xFF, 0xAE, 0x00, 0x66, 0xFF, 0xAF, 0x84, 0xFF, 0xAE, 0x00, 0x66,
    0xFF, 0xAF, 0x84, 0xFF, 0xAE, 0x00, 0x66, 0xFF, 0xAF, 0x82, 0xFF, 0xAE, 0x00, 0x66, 0xFF, 0xAD,
    0x6F, 0xFF, 0xBB, 0x00, 0x75, 0xFF, 0xB7, 0x28, 0xFF, 0xFF, 0xA0, 0xF2, 0xFF, 0x69, 0x00, 0x8E,
    0xFF, 0xFF, 0xFF, 0xA3, 0x01, 0x00, 0x00, 0x48, 0xA5, 0x6F, 0x00, 0x00, 0x00, 0x2D, 0xFF, 0xFF,
    0xFF, 0x5B, 0x00, 0x00, 0x9A, 0xCE, 0x09, 0xA5, 0xB7, 0x00, 0x00, 0x00, 0x00, 0x00, 0x00, 0x00,
    0x00, 0x84, 0xFF, 0xAE, 0x00, 0x66, 0xFF, 0xAF, 0x84, 0xFF, 0xAE, 0x00, 0x66, 0xFF, 0xAF, 0x84,
    0xFF, 0xAE, 0x00, 0x66, 0xFF, 0xAF, 0x84, 0xFF, 0xAE, 0x00, 0x66, 0xFF, 0xAF, 0x82, 0xFF, 0xAE,
    0x00, 0x66, 0xFF, 0xAD, 0x6F, 0xFF, 0xBB, 0x00, 0x75, 0xFF, 0xB7, 0x28, 0xFF, 0xFF, 0xA0, 0xF2,
    0xFF, 0x69, 0x00, 0x8E, 0xFF, 0xFF, 0xFF, 0xA3, 0x01, 0x00, 0x84, 0xD0, 0x1B, 0xBC, 0xB2, 0x00,
    0x00, 0xAF, 0xFF, 0x3C, 0xFF, 0xE8, 0x00, 0x00, 0x00, 0x00, 0x00, 0x00, 0x00, 0x00, 0x84, 0xFF,
    0xAE, 0x00, 0x66, 0xFF, 0xAF, 0x84, 0xFF, 0xAE, 0x00, 0x66, 0xFF, 0xAF, 0x84, 0xFF, 0xAE, 0x00,
    0x66, 0xFF, 0xAF, 0x84, 0xFF, 0xAE, 0x00, 0x66, 0xFF, 0xAF, 0x82, 0xFF, 0xAE, 0x00, 0x66, 0xFF,
    0xAD, 0x6F, 0xFF, 0xBB, 0x00, 0x75, 0xFF, 0xB7, 0x28, 0xFF, 0xFF, 0xA0, 0xF2, 0xFF, 0x69, 0x00,
    0x8E, 0xFF, 0xFF, 0xFF, 0xA3, 0x01, 0x00, 0x00, 0x3B, 0x9D, 0x0A, 0x00, 0x00, 0x00, 0x00, 0xC5,
    0xFF, 0x22, 0x00, 0x00, 0x00, 0x15, 0xDF, 0x57, 0x00, 0x00, 0x00, 0x00, 0x00, 0x00, 0x00, 0x00,
    0x00, 0x00, 0xF1, 0x96, 0x0F, 0x1B, 0xFF, 0xB8, 0x07, 0xB1, 0xF6, 0x23, 0xBE, 0xF0, 0x69, 0x00,
    0x7B, 0xF4, 0x6F, 0xFF, 0xDB, 0x04, 0x00, 0x24, 0xC8, 0xFF, 0xFF, 0x75, 0x00, 0x00, 0x00, 0x93,
    0xF8, 0xFF, 0x03, 0x00, 0x00, 0x00, 0x52, 0xEB, 0xA1, 0x00, 0x00, 0x00, 0x00, 0x51, 0xEB, 0xA0,
    0x00, 0x00, 0x00, 0x00, 0x51, 0xEB, 0xA0, 0x00, 0x00, 0x00, 0x24, 0xFF, 0xE6, 0x00, 0x00, 0x00,
    0x00, 0x24, 0xFF, 0xED, 0x24, 0x0F, 0x00, 0x00, 0x24, 0xFF, 0xFF, 0xFF, 0xFF, 0xF1, 0x1F, 0x24,
    0xFF, 0xFF, 0x6D, 0xBC, 0xFF, 0xA8, 0x24, 0xFF, 0xED, 0x25, 0xA6, 0xFF, 0xB7, 0x24, 0xFF, 0xFF,
    0xFF, 0xFF, 0xFF, 0x3D, 0x24, 0xFF, 0xFF, 0x6C, 0x55, 0x0F, 0x00, 0x24, 0xFF, 0xE6, 0x00, 0x00,
    0x00, 0x00, 0x09, 0xE2, 0xFF, 0xFF, 0xA5, 0x00, 0x00, 0x5E, 0xFF, 0xBF, 0x66, 0x34, 0x00, 0x00,
    0x6C, 0xFF, 0xFF, 0xFF, 0xFF, 0xFF, 0xBA, 0x6C, 0xFF, 0xBF, 0x66, 0xCD, 0xFF, 0x63, 0x6C, 0xFF,
    0xAE, 0x40, 0xFF, 0xAD, 0x00, 0x6C, 0xFF, 0xAE, 0xDA, 0xFF, 0x6A, 0x00, 0x6C, 0xFF, 0xAE, 0xAB,
    0xFB, 0xFF, 0xBD, 0x6C, 0xFF, 0xAE, 0x00, 0x03, 0xFF, 0xFF, 0x00, 0x00, 0x04, 0x61, 0xA0, 0xFF,
    0xD7, 0x00, 0x00, 0x12, 0xFF, 0xFF, 0xCE, 0x1F, 0x00, 0x06, 0x8B, 0x5E, 0x00, 0x00, 0x00, 0x00,
    0x12, 0xFF, 0xFF, 0x03, 0x00, 0x00, 0x00, 0x00, 0x36, 0xFF, 0x3A, 0x00, 0x00, 0x00, 0x00, 0x00,
    0x00, 0x00, 0x00, 0x00, 0x00, 0xB7, 0xFF, 0xFF, 0xFF, 0x7F, 0x00, 0x10, 0xFF, 0xBE, 0x72, 0xFF,
    0xFF, 0x15, 0x00, 0x0F, 0x00, 0x00, 0xC4, 0xFF, 0x45, 0x0F, 0xC0, 0xFF, 0xFF, 0xFF, 0xFF, 0x48,
    0x78, 0xFF, 0xA0, 0x09, 0xDA, 0xFF, 0x7F, 0x1B, 0xF1, 0xFF, 0xFF, 0x94, 0xFF, 0xFF, 0x00, 0x00,
    0x00, 0x57, 0x91, 0x07, 0x00, 0x00, 0x00, 0x01, 0xFC, 0xFF, 0x16, 0x00, 0x00, 0x00, 0x33, 0xFF,
    0x3C, 0x00, 0x00, 0x00, 0x00, 0x00, 0x00, 0x00, 0x00, 0x00, 0x00, 0xB7, 0xFF, 0xFF, 0xFF, 0x7F,
    0x00, 0x10, 0xFF, 0xBE, 0x72, 0xFF, 0xFF, 0x15, 0x00, 0x0F, 0x00, 0x00, 0xC4, 0xFF, 0x45, 0x0F,
    0xC0, 0xFF, 0xFF, 0xFF, 0xFF, 0x48, 0x78, 0xFF, 0xA0, 0x09, 0xDA, 0xFF, 0x7F, 0x1B, 0xF1, 0xFF,
    0xFF, 0x94, 0xFF, 0xFF, 0x00, 0x00, 0x5A, 0xA5, 0x5E, 0x00, 0x00, 0x00, 0x3F, 0xFF, 0xFF, 0xFF,
    0x46, 0x00, 0x00, 0xB7, 0xB9, 0x06, 0xBF, 0xBD, 0x00, 0x00, 0x00, 0x00, 0x00, 0x00, 0x00, 0x00,
    0x00, 0xB7, 0xFF, 0xFF, 0xFF, 0x7F, 0x00, 0x10, 0xFF, 0xBE, 0x72, 0xFF, 0xFF, 0x15, 0x00, 0x0F,
    0x00, 0x00, 0xC4, 0xFF, 0x45, 0x0F, 0xC0, 0xFF, 0xFF, 0xFF, 0xFF, 0x48, 0x78, 0xFF, 0xA0, 0x09,
    0xDA, 0xFF, 0x7F, 0x1B, 0xF1, 0xFF, 0xFF, 0x94, 0xFF, 0xFF, 0x00, 0x00, 0x16, 0x00, 0x00, 0x00,
    0x00, 0x00, 0xAE, 0xFF, 0xFF, 0xAD, 0x8B, 0x00, 0x00, 0x82, 0xAD, 0xFF, 0xFF, 0xB5, 0x00, 0x00,
    0x00, 0x00, 0x00, 0x13, 0x00, 0x00, 0x00, 0xB7, 0xFF, 0xFF, 0xFF, 0x7F, 0x00, 0x10, 0xFF, 0xBE,
    0x72, 0xFF, 0xFF, 0x15, 0x00, 0x0F, 0x00, 0x00, 0xC4, 0xFF, 0x45, 0x0F, 0xC0, 0xFF, 0xFF, 0xFF,
    0xFF, 0x48, 0x78, 0xFF, 0xA0, 0x09, 0xDA, 0xFF, 0x7F, 0x1B, 0xF1, 0xFF, 0xFF, 0x94, 0xFF, 0xFF,
    0x00, 0x9D, 0xD0, 0x16, 0xCD, 0xA3, 0x00, 0x00, 0xC6, 0xFF, 0x37, 0xFF, 0xCF, 0x00, 0x00, 0x00,
    0x00, 0x00, 0x00, 0x00, 0x00, 0x00, 0xB7, 0xFF, 0xFF, 0xFF, 0x7F, 0x00, 0x10, 0xFF, 0xBE, 0x72,
    0xFF, 0xFF, 0x15, 0x00, 0x0F, 0x00, 0x00, 0xC4, 0xFF, 0x45, 0x0F, 0xC0, 0xFF, 0xFF, 0xFF, 0xFF,
    0x48, 0x78, 0xFF, 0xA0, 0x09, 0xDA, 0xFF, 0x7F, 0x1B, 0xF1, 0xFF, 0xFF, 0x94, 0xFF, 0xFF, 0x00,
    0x00, 0xA5, 0xFB, 0xAB, 0x00, 0x00, 0x00, 0x34, 0xFF, 0x31, 0xFF, 0x40, 0x00, 0x00, 0x46, 0xFF,
    0x07, 0xFF, 0x52, 0x00, 0x00, 0x00, 0xC0, 0xFF, 0xC3, 0x00, 0x00, 0x00, 0x00, 0x00, 0x00, 0x00,
    0x00, 0x00, 0x00, 0xB7, 0xFF, 0xFF, 0xFF, 0x7F, 0x00, 0x10, 0xFF, 0xBE, 0x72, 0xFF, 0xFF, 0x15,
    0x00, 0x0F, 0x00, 0x00, 0xC4, 0xFF, 0x45, 0x0F, 0xC0, 0xFF, 0xFF, 0xFF, 0xFF, 0x48, 0x78, 0xFF,
    0xA0, 0x09, 0xDA, 0xFF, 0x7F, 0x1B, 0xF1, 0xFF, 0xFF, 0x94, 0xFF, 0xFF, 0xC7, 0xFF, 0xAA, 0xFF,
    0xE9, 0x4A, 0x00, 0x77, 0x99, 0xF3, 0x84, 0xC7, 0xB6, 0x00, 0xBB, 0xFF, 0xFF, 0xFF, 0xFF, 0xB7,
    0x03, 0xDB, 0x87, 0xEB, 0x40, 0x03, 0x00, 0x00, 0xDB, 0xA9, 0xF1, 0xBE, 0xAF, 0xA1, 0x00, 0xD8,
    0xDD, 0x84, 0xFF, 0xEA, 0x4B, 0x00, 0x00, 0x3F, 0xE8, 0xFF, 0xFF, 0xA7, 0x03, 0x09, 0xFF, 0xFF,
    0xA2, 0xC0, 0xFF, 0x3D, 0x4B, 0xFF, 0xBB, 0x00, 0x00, 0x06, 0x00, 0x51, 0xFF, 0xBA, 0x00, 0x00,
    0x06, 0x00, 0x0A, 0xFF, 0xFF, 0x99, 0xAD, 0xFF, 0x54, 0x00, 0x3D, 0xE8, 0xFF, 0xFF, 0xBE, 0x0A,
    0x00, 0x00, 0x13, 0x8B, 0xF8, 0x4B, 0x00, 0x00, 0x00, 0x90, 0xFF, 0xFC, 0x2E, 0x00, 0x00, 0x03,
    0x7B, 0x73, 0x00, 0x00, 0x00, 0x00, 0x07, 0xF3, 0xFF, 0x0C, 0x00, 0x00, 0x00, 0x00, 0x22, 0xFF,
    0x54, 0x00, 0x00, 0x00, 0x00, 0x00, 0x00, 0x00, 0x00, 0x00, 0x00, 0x5A, 0xFB, 0xFF, 0xFF, 0xA9,
    0x00, 0x1F, 0xFF, 0xDC, 0x66, 0xA6, 0xFF, 0x7B, 0x7C, 0xFF, 0xFF, 0xFF, 0xFF, 0xFF, 0xB0, 0x7E,
    0xFF, 0xA3, 0x00, 0x00, 0x10, 0x00, 0x22, 0xFF, 0xFF, 0x8D, 0xBD, 0xFF, 0x2E, 0x00, 0x5E, 0xFA,
    0xFF, 0xFF, 0xC3, 0x18, 0x00, 0x00, 0x00, 0x40, 0xA2, 0x0D, 0x00, 0x00, 0x00, 0x00, 0xE1, 0xFF,
    0x27, 0x00, 0x00, 0x00, 0x1B, 0xFF, 0x55, 0x00, 0x00, 0x00, 0x00, 0x00, 0x00, 0x00, 0x00, 0x00,
    0x00, 0x5A, 0xFB, 0xFF, 0xFF, 0xA9, 0x00, 0x1F, 0xFF, 0xDC, 0x66, 0xA6, 0xFF, 0x7B, 0x7C, 0xFF,
    0xFF, 0xFF, 0xFF, 0xFF, 0xB0, 0x7E, 0xFF, 0xA3, 0x00, 0x00, 0x10, 0x00, 0x22, 0xFF, 0xFF, 0x8D,
    0xBD, 0xFF, 0x2E, 0x00, 0x5E, 0xFA, 0xFF, 0xFF, 0xC3, 0x18, 0x00, 0x00, 0x45, 0xA5, 0x72, 0x00,
    0x00, 0x00, 0x2A, 0xFF, 0xFF, 0xFF, 0x60, 0x00, 0x00, 0x96, 0xD0, 0x09, 0xA1, 0xBC, 0x00, 0x00,
    0x00, 0x00, 0x00, 0x00, 0x00, 0x00, 0x00, 0x5A, 0xFB, 0xFF, 0xFF, 0xA9, 0x00, 0x1F, 0xFF, 0xDC,
    0x66, 0xA6, 0xFF, 0x7B, 0x7C, 0xFF, 0xFF, 0xFF, 0xFF, 0xFF, 0xB0, 0x7E, 0xFF, 0xA3, 0x00, 0x00,
    0x10, 0x00, 0x22, 0xFF, 0xFF, 0x8D, 0xBD, 0xFF, 0x2E, 0x00, 0x5E, 0xFA, 0xFF, 0xFF, 0xC3, 0x18,
    0x00, 0x84, 0xD7, 0x21, 0xBF, 0xBD, 0x00, 0x00, 0xAA, 0xFF, 0x40, 0xFF, 0xED, 0x00, 0x00, 0x00,
    0x00, 0x00, 0x00, 0x00, 0x00, 0x00, 0x5A, 0xFB, 0xFF, 0xFF, 0xA9, 0x00, 0x1F, 0xFF, 0xDC, 0x66,
    0xA6, 0xFF, 0x7B, 0x7C, 0xFF, 0xFF, 0xFF, 0xFF, 0xFF, 0xB0, 0x7E, 0xFF, 0xA3, 0x00, 0x00, 0x10,
    0x00, 0x22, 0xFF, 0xFF, 0x8D, 0xBD, 0xFF, 0x2E, 0x00, 0x5E, 0xFA, 0xFF, 0xFF, 0xC3, 0x18, 0x00,
    0x3A, 0xB5, 0x00, 0x00, 0x00, 0x00, 0x9F, 0xFF, 0x70, 0x00, 0x00, 0x00, 0x00, 0xBE, 0xA8, 0x00,
    0x00, 0x00, 0x00, 0x00, 0x00, 0x00, 0x00, 0xFF, 0xFF, 0xFF, 0xFF, 0x00, 0x00, 0x69, 0x78, 0xFF,
    0xFF, 0x00, 0x00, 0x00, 0x00, 0xFF, 0xFF, 0x00, 0x00, 0x00, 0x00, 0xFF, 0xFF, 0x00, 0x00, 0x69,
    0x78, 0xFF, 0xFF, 0x78, 0x54, 0xFF, 0xFF, 0xFF, 0xFF, 0xFF, 0xE1, 0x00, 0x00, 0x00, 0xBA, 0x36,
    0x00, 0x00, 0x00, 0x7E, 0xFF, 0x90, 0x00, 0x00, 0x00, 0xB1, 0xB4, 0x00, 0x00, 0x00, 0x00, 0x00,
    0x00, 0x00, 0x00, 0xFF, 0xFF, 0xFF, 0xFF, 0x00, 0x00, 0x69, 0x78, 0xFF, 0xFF, 0x00, 0x00, 0x00,
    0x00, 0xFF, 0xFF, 0x00, 0x00, 0x00, 0x00, 0xFF, 0xFF, 0x00, 0x00, 0x69, 0x78, 0xFF, 0xFF, 0x78,
    0x54, 0xFF, 0xFF, 0xFF, 0xFF, 0xFF, 0xE1, 0x00, 0x03, 0x90, 0x8B, 0x01, 0x00, 0x00, 0xB7, 0xFF,
    0xFF, 0xAC, 0x00, 0x2A, 0xFF, 0x46, 0x5B, 0xFF, 0x21, 0x00, 0x00, 0x00, 0x00, 0x00, 0x00, 0xFF,
    0xFF, 0xFF, 0xFF, 0x00, 0x00, 0x69, 0x78, 0xFF, 0xFF, 0x00, 0x00, 0x00, 0x00, 0xFF, 0xFF, 0x00,
    0x00, 0x00, 0x00, 0xFF, 0xFF, 0x00, 0x00, 0x69, 0x78, 0xFF, 0xFF, 0x78, 0x54, 0xFF, 0xFF, 0xFF,
    0xFF, 0xFF, 0xE1, 0x27, 0xD8, 0x79, 0x81, 0xD7, 0x1F, 0x46, 0xFF, 0xBE, 0xA7, 0xFF, 0x3A, 0x00,
    0x00, 0x00, 0x00, 0x00, 0x00, 0xFF, 0xFF, 0xFF, 0xFF, 0x00, 0x00, 0x69, 0x78, 0xFF, 0xFF, 0x00,
    0x00, 0x00, 0x00, 0xFF, 0xFF, 0x00, 0x00, 0x00, 0x00, 0xFF, 0xFF, 0x00, 0x00, 0x69, 0x78, 0xFF,
    0xFF, 0x78, 0x54, 0xFF, 0xFF, 0xFF, 0xFF, 0xFF, 0xE1, 0x00, 0x00, 0x00, 0x00, 0x00, 0x0A, 0x00,
    0x01, 0x63, 0xF1, 0xFF, 0xFF, 0x8B, 0x00, 0x00, 0x07, 0xB9, 0xB8, 0xFF, 0xAB, 0x00, 0x00, 0xB7,
    0xFF, 0xFF, 0xDD, 0xFF, 0x45, 0x54, 0xFF, 0xFF, 0x76, 0xCB, 0xFF, 0xAC, 0xAF, 0xFF, 0x84, 0x00,
    0x34, 0xFF, 0xDD, 0xA2, 0xFF, 0x85, 0x00, 0x36, 0xFF, 0xC6, 0x34, 0xFF, 0xFF, 0x72, 0xD0, 0xFF,
    0x7F, 0x00, 0x69, 0xFD, 0xFF, 0xFF, 0xAF, 0x00, 0x00, 0x00, 0x15, 0x01, 0x00, 0x00, 0x00, 0x00,
    0x88, 0xFF, 0xFF, 0xAC, 0xA6, 0x00, 0x00, 0x61, 0xB6, 0xF0, 0xFF, 0xBA, 0x00, 0x00, 0x00, 0x00,
    0x00, 0x13, 0x00, 0x00, 0x54, 0xFF, 0xCD, 0xF1, 0xFF, 0xD5, 0x07, 0x54, 0xFF, 0xFD, 0x4F, 0xCA,
    0xFF, 0x7F, 0x54, 0xFF, 0xB4, 0x00, 0x79, 0xFF, 0xB2, 0x54, 0xFF, 0xB4, 0x00, 0x78, 0xFF, 0xB4,
    0x54, 0xFF, 0xB4, 0x00, 0x78, 0xFF, 0xB4, 0x54, 0xFF, 0xB4, 0x00, 0x78, 0xFF, 0xB4, 0x00, 0x03,
    0x7C, 0x73, 0x00, 0x00, 0x00, 0x00, 0x09, 0xF7, 0xFF, 0x0C, 0x00, 0x00, 0x00, 0x00, 0x25, 0xFF,
    0x54, 0x00, 0x00, 0x00, 0x00, 0x00, 0x00, 0x00, 0x00, 0x00, 0x00, 0x6D, 0xFF, 0xFF, 0xFF, 0xA0,
    0x00, 0x37, 0xFF, 0xF7, 0x70, 0xCE, 0xFF, 0x76, 0xA5, 0xFF, 0x85, 0x00, 0x39, 0xFF, 0xC4, 0xA5,
    0xFF, 0x85, 0x00, 0x39, 0xFF, 0xC4, 0x37, 0xFF, 0xF5, 0x6F, 0xCB, 0xFF, 0x76, 0x00, 0x6F, 0xFF,
    0xFF, 0xFF, 0xA2, 0x00, 0x00, 0x00, 0x00, 0x45, 0xA0, 0x0D, 0x00, 0x00, 0x00, 0x00, 0xE6, 0xFF,
    0x27, 0x00, 0x00, 0x00, 0x1E, 0xFF, 0x55, 0x00, 0x00, 0x00, 0x00, 0x00, 0x00, 0x00, 0x00, 0x00,
    0x00, 0x6D, 0xFF, 0xFF, 0xFF, 0xA0, 0x00, 0x37, 0xFF, 0xF7, 0x70, 0xCE, 0xFF, 0x76, 0xA5, 0xFF,
    0x85, 0x00, 0x39, 0xFF, 0xC4, 0xA5, 0xFF, 0x85, 0x00, 0x39, 0xFF, 0xC4, 0x37, 0xFF, 0xF5, 0x6F,
    0xCB, 0xFF, 0x76, 0x00, 0x6F, 0xFF, 0xFF, 0xFF, 0xA2, 0x00, 0x00, 0x00, 0x48, 0xA5, 0x6F, 0x00,
    0x00, 0x00, 0x2D, 0xFF, 0xFF, 0xFF, 0x5B, 0x00, 0x00, 0x9A, 0xCE, 0x09, 0xA5, 0xB7, 0x00, 0x00,
    0x00, 0x00, 0x00, 0x00, 0x00, 0x00, 0x00, 0x6D, 0xFF, 0xFF, 0xFF, 0xA0, 0x00, 0x37, 0xFF, 0xF7,
    0x70, 0xCE, 0xFF, 0x76, 0xA5, 0xFF, 0x85, 0x00, 0x39, 0xFF, 0xC4, 0xA5, 0xFF, 0x85, 0x00, 0x39,
    0xFF, 0xC4, 0x37, 0xFF, 0xF5, 0x6F, 0xCB, 0xFF, 0x76, 0x00, 0x6F, 0xFF, 0xFF, 0xFF, 0xA2, 0x00,
    0x00, 0x00, 0x16, 0x01, 0x00, 0x00, 0x00, 0x00, 0x93, 0xFF, 0xFF, 0xAC, 0x9F, 0x00, 0x00, 0x6A,
    0xB4, 0xF2, 0xFF, 0xB0, 0x00, 0x00, 0x00, 0x00, 0x00, 0x13, 0x00, 0x00, 0x00, 0x6D, 0xFF, 0xFF,
    0xFF, 0xA0, 0x00, 0x37, 0xFF, 0xF7, 0x70, 0xCE, 0xFF, 0x76, 0xA5, 0xFF, 0x85, 0x00, 0x39, 0xFF,
    0xC4, 0xA5, 0xFF, 0x85, 0x00, 0x39, 0xFF, 0xC4, 0x37, 0xFF, 0xF5, 0x6F, 0xCB, 0xFF, 0x76, 0x00,
    0x6F, 0xFF, 0xFF, 0xFF, 0xA2, 0x00, 0x00, 0x88, 0xD5, 0x1C, 0xC1, 0xB8, 0x00, 0x00, 0xAF, 0xFF,
    0x3C, 0xFF, 0xE8, 0x00, 0x00, 0x00, 0x00, 0x00, 0x00, 0x00, 0x00, 0x00, 0x6D, 0xFF, 0xFF, 0xFF,
    0xA0, 0x00, 0x37, 0xFF, 0xF7, 0x70, 0xCE, 0xFF, 0x76, 0xA5, 0xFF, 0x85, 0x00, 0x39, 0xFF, 0xC4,
    0xA5, 0xFF, 0x85, 0x00, 0x39, 0xFF, 0xC4, 0x37, 0xFF, 0xF5, 0x6F, 0xCB, 0xFF, 0x76, 0x00, 0x6F,
    0xFF, 0xFF, 0xFF, 0xA2, 0x00, 0x00, 0x00, 0x70, 0xFF, 0xB7, 0x00, 0x00, 0x06, 0x18, 0x6F, 0xFF,
    0xA9, 0x18, 0x0A, 0x60, 0xFF, 0xFF, 0xFF, 0xFF, 0xFF, 0xAE, 0x18, 0x60, 0x60, 0x60, 0x60, 0x60,
    0x2B, 0x00, 0x00, 0x55, 0xFF, 0x90, 0x00, 0x00, 0x00, 0x00, 0x72, 0xFF, 0xB8, 0x00, 0x00, 0x00,
    0x00, 0x00, 0x00, 0x00, 0x3C, 0x42, 0x00, 0x6D, 0xFF, 0xFF, 0xFF, 0xFF, 0xBA, 0x37, 0xFF, 0xF7,
    0x78, 0xFF, 0xFF, 0x78, 0xA5, 0xFF, 0x87, 0xBC, 0xF1, 0xFF, 0xC8, 0xAB, 0xFF, 0xF2, 0xF3, 0x45,
    0xFF, 0xC4, 0x34, 0xFF, 0xFF, 0x93, 0xCE, 0xFF, 0x78, 0x94, 0xFF, 0xFF, 0xFF, 0xFF, 0xA2, 0x00,
    0x21, 0x5B, 0x00, 0x00, 0x00, 0x00, 0x00, 0x00, 0x03, 0x7E, 0x6F, 0x00, 0x00, 0x00, 0x00, 0x0A,
    0xFB, 0xFF, 0x0A, 0x00, 0x00, 0x00, 0x00, 0x28, 0xFF, 0x4F, 0x00, 0x00, 0x00, 0x00, 0x00, 0x00,
    0x00, 0x00, 0x00, 0x66, 0xFF, 0xA5, 0x00, 0x8A, 0xFF, 0xA2, 0x66, 0xFF, 0xA5, 0x00, 0x8A, 0xFF,
    0xA2, 0x66, 0xFF, 0xA5, 0x00, 0x8A, 0xFF, 0xA2, 0x64, 0xFF, 0xA7, 0x00, 0x8A, 0xFF, 0xA2, 0x37,
    0xFF, 0xFF, 0x7F, 0xE1, 0xFF, 0xA2, 0x00, 0xA8, 0xFF, 0xFF, 0xB5, 0xFF, 0xA2, 0x00, 0x00, 0x00,
    0x48, 0x9D, 0x0C, 0x00, 0x00, 0x00, 0x00, 0xE9, 0xFF, 0x24, 0x00, 0x00, 0x00, 0x22, 0xFF, 0x51,
    0x00, 0x00, 0x00, 0x00, 0x00, 0x00, 0x00, 0x00, 0x00, 0x66, 0xFF, 0xA5, 0x00, 0x8A, 0xFF, 0xA2,
    0x66, 0xFF, 0xA5, 0x00, 0x8A, 0xFF, 0xA2, 0x66, 0xFF, 0xA5, 0x00, 0x8A, 0xFF, 0xA2, 0x64, 0xFF,
    0xA7, 0x00, 0x8A, 0xFF, 0xA2, 0x37, 0xFF, 0xFF, 0x7F, 0xE1, 0xFF, 0xA2, 0x00, 0xA8, 0xFF, 0xFF,
    0xB5, 0xFF, 0xA2, 0x00, 0x00, 0x34, 0x9C, 0x4F, 0x00, 0x00, 0x00, 0x24, 0xFF, 0xFF, 0xFF, 0x4B,
    0x00, 0x00, 0x9D, 0xCF, 0x0D, 0xB0, 0xB6, 0x00, 0x00, 0x00, 0x00, 0x00, 0x00, 0x00, 0x00, 0x66,
    0xFF, 0xA5, 0x00, 0x8A, 0xFF, 0xA2, 0x66, 0xFF, 0xA5, 0x00, 0x8A, 0xFF, 0xA2, 0x66, 0xFF, 0xA5,
    0x00, 0x8A, 0xFF, 0xA2, 0x64, 0xFF, 0xA7, 0x00, 0x8A, 0xFF, 0xA2, 0x37, 0xFF, 0xFF, 0x7F, 0xE1,
    0xFF, 0xA2, 0x00, 0xA8, 0xFF, 0xFF, 0xB5, 0xFF, 0xA2, 0x00, 0x88, 0xD5, 0x1B, 0xC1, 0xB8, 0x00,
    0x00, 0xAF, 0xFF, 0x3A, 0xFF, 0xE8, 0x00, 0x00, 0x00, 0x00, 0x00, 0x00, 0x00, 0x00, 0x66, 0xFF,
    0xA5, 0x00, 0x8A, 0xFF, 0xA2, 0x66, 0xFF, 0xA5, 0x00, 0x8A, 0xFF, 0xA2, 0x66, 0xFF, 0xA5, 0x00,
    0x8A, 0xFF, 0xA2, 0x64, 0xFF, 0xA7, 0x00, 0x8A, 0xFF, 0xA2, 0x37, 0xFF, 0xFF, 0x7F, 0xE1, 0xFF,
    0xA2, 0x00, 0xA8, 0xFF, 0xFF, 0xB5, 0xFF, 0xA2, 0x00, 0x00, 0x00, 0x3C, 0xA5, 0x10, 0x00, 0x00,
    0x00, 0x00, 0xDC, 0xFF, 0x2D, 0x00, 0x00, 0x00, 0x18, 0xFF, 0x5E, 0x00, 0x00, 0x00, 0x00, 0x00,
    0x00, 0x00, 0x00, 0x00, 0xB0, 0xFF, 0x7B, 0x00, 0x18, 0xFF, 0xEE, 0x30, 0xFF, 0xDD, 0x00, 0x9F,
    0xFF, 0x78, 0x00, 0xD9, 0xFF, 0x1C, 0xFB, 0xFF, 0x03, 0x00, 0x5E, 0xFF, 0xA0, 0xFF, 0xAB, 0x00,
    0x00, 0x00, 0xFF, 0xFF, 0xFF, 0x16, 0x00, 0x00, 0x00, 0x9C, 0xFF, 0xB7, 0x00, 0x00, 0x0F, 0x72,
    0xD4, 0xFF, 0x39, 0x00, 0x00, 0x36, 0xFF, 0xFF, 0xAE, 0x00, 0x00, 0x00, 0x72, 0xFF, 0xBA, 0x00,
    0x00, 0x00, 0x00, 0x72, 0xFF, 0xBA, 0x00, 0x00, 0x00, 0x00, 0x72, 0xFF, 0xAB, 0xF3, 0xFF, 0xD3,
    0x0F, 0x72, 0xFF, 0xFC, 0x91, 0xD4, 0xFF, 0xAC, 0x72, 0xFF, 0xBA, 0x00, 0x33, 0xFF, 0xD5, 0x72,
    0xFF, 0xBA, 0x00, 0x33, 0xFF, 0xD5, 0x72, 0xFF, 0xFB, 0x8E, 0xD4, 0xFF, 0xAF, 0x72, 0xFF, 0xAC,
    0xF7, 0xFF, 0xD8, 0x10, 0x72, 0xFF, 0xBA, 0x00, 0x00, 0x00, 0x00, 0x72, 0xFF, 0xBA, 0x00, 0x00,
    0x00, 0x00, 0x00, 0x7C, 0xD8, 0x22, 0xB9, 0xA3, 0x00, 0x00, 0xA0, 0xFF, 0x42, 0xFF, 0xF6, 0x00,
    0x00, 0x00, 0x00, 0x00, 0x00, 0x00, 0x00, 0xB0, 0xFF, 0x7B, 0x00, 0x18, 0xFF, 0xEE, 0x30, 0xFF,
    0xDD, 0x00, 0x9F, 0xFF, 0x78, 0x00, 0xD9, 0xFF, 0x1C, 0xFB, 0xFF, 0x03, 0x00, 0x5E, 0xFF, 0xA0,
    0xFF, 0xAB, 0x00, 0x00, 0x00, 0xFF, 0xFF, 0xFF, 0x16, 0x00, 0x00, 0x00, 0x9C, 0xFF, 0xB7, 0x00,
    0x00, 0x0F, 0x72, 0xD4, 0xFF, 0x39, 0x00, 0x00, 0x36, 0xFF, 0xFF, 0xAE, 0x00, 0x00, 0x00, 0x09,
    0x24, 0x24, 0x24, 0x24, 0x24, 0x10, 0x6C, 0xFF, 0xFF, 0xFF, 0xFF, 0xFF, 0xBA, 0x1E, 0x6C, 0x6C,
    0x6C, 0x6C, 0x6C, 0x33, 0x24, 0x24, 0x24, 0x24, 0x24, 0x1B, 0x06, 0xFF, 0xFF, 0xFF, 0xFF, 0xFF,
    0xCC, 0x4E, 0x6C, 0x6C, 0x6C, 0x6C, 0x6C, 0x53, 0x15, 0x00, 0x00, 0xCA, 0xFF, 0x00, 0x25, 0xFF,
    0xC8, 0x00, 0xA7, 0xFF, 0xA8, 0x01, 0xC9, 0xE1, 0x4B, 0x30, 0xFF, 0xFF, 0x19, 0x75, 0xFF, 0xB9,
    0x00, 0xBA, 0xFF, 0x36, 0x00, 0xAC, 0xA8, 0x00, 0x00, 0x00, 0x3F, 0xFF, 0x6A, 0x24, 0xFF, 0x8E,
    0x00, 0xC3, 0xFF, 0x24, 0xA5, 0xFF, 0x48, 0x21, 0xFF, 0xFF, 0x0D, 0xFF, 0xFF, 0x09, 0x75, 0xE1,
    0xA8, 0x5B, 0xE1, 0xBE, 0x00, 0x00, 0xD2, 0xFF, 0xBD, 0xB4, 0xFF, 0xBB, 0x00, 0xFF, 0xFF, 0x1F,
    0xED, 0xFF, 0x39, 0x0D, 0xFF, 0xBF, 0x00, 0xFF, 0xDD, 0x00, 0x31, 0xE1, 0x3A, 0x15, 0xE1, 0x54,
    0x00, 0x87, 0xCD, 0x33, 0xD7, 0x55, 0xA6, 0xBD, 0xA7, 0xFF, 0x58, 0xFF, 0x85, 0xF0, 0xE4, 0x00,
    0x1C, 0xCD, 0xFF, 0xFF, 0xDF, 0x33, 0x00, 0xF8, 0xFF, 0xA9, 0xA0, 0xE8, 0x9C, 0x57, 0xFF, 0xFF,
    0xFF, 0xFF, 0x30, 0x00, 0x93, 0xFF, 0xB1, 0x24, 0x24, 0x04, 0x00, 0x94, 0xFF, 0xFF, 0xFF, 0xFF,
    0x30, 0x00, 0x57, 0xFF, 0xD7, 0x24, 0x24, 0x3F, 0x00, 0x00, 0xFB, 0xFF, 0xA6, 0xB7, 0xFF, 0xB5,
    0x00, 0x1F, 0xD2, 0xFF, 0xFF, 0xDF, 0x33, 0x00, 0x00, 0x03, 0x01, 0x00, 0x00, 0x00, 0x00, 0x04,
    0xCD, 0xB1, 0x00, 0x00, 0x00, 0x04, 0xCD, 0xFF, 0x6F, 0x00, 0x00, 0x00, 0xBE, 0xFF, 0xFF, 0xFF,
    0xFF, 0xFF, 0xFF, 0x52, 0xFF, 0xFF, 0xA1, 0xBA, 0xBA, 0x9F, 0x00, 0x52, 0xFF, 0xCE, 0x00, 0x00,
    0x00, 0x00, 0x00, 0x52, 0x42, 0x00, 0x00, 0x00, 0x00, 0x00, 0x00, 0x63, 0x01, 0x00, 0x00, 0x00,
    0x00, 0xA2, 0xFF, 0xC0, 0x01, 0x00, 0x00, 0xA2, 0xFF, 0xFF, 0xFF, 0xC3, 0x01, 0x1B, 0xFF, 0xB9,
    0xFF, 0xC1, 0xFF, 0x51, 0x00, 0x24, 0x30, 0xFF, 0x7C, 0x25, 0x00, 0x00, 0x00, 0x30, 0xFF, 0x7E,
    0x00, 0x00, 0x00, 0x00, 0x30, 0xFF, 0x7E, 0x00, 0x00, 0x00, 0x00, 0x30, 0xFF, 0x7E, 0x00, 0x00,
    0x00, 0x00, 0x30, 0xFF, 0x7E, 0x00, 0x00, 0x00, 0x00, 0x00, 0x04, 0x00, 0x00, 0x00, 0x00, 0x00,
    0x76, 0xFB, 0x15, 0x00, 0x00, 0x00, 0x00, 0x34, 0xFF, 0xDB, 0x11, 0x00, 0xEA, 0xFF, 0xFF, 0xFF,
    0xFE, 0xB4, 0x04, 0x9E, 0xBA, 0xB8, 0xFF, 0xEF, 0x65, 0x00, 0x00, 0x00, 0x93, 0xFF, 0x79, 0x00,
    0x00, 0x00, 0x00, 0x18, 0x78, 0x00, 0x00, 0x00, 0x00, 0x00, 0x12, 0x90, 0x2E, 0x00, 0x00, 0x00,
    0x00, 0x30, 0xFF, 0x7E, 0x00, 0x00, 0x00, 0x00, 0x30, 0xFF, 0x7E, 0x00, 0x00, 0x00, 0x00, 0x30,
    0xFF, 0x7E, 0x00, 0x00, 0x00, 0x00, 0x30, 0xFF, 0x7E, 0x00, 0x00, 0x00, 0x99, 0x48, 0xFF, 0x82,
    0xA6, 0x06, 0x1B, 0xFF, 0xFF, 0xFF, 0xFF, 0xFF, 0x4C, 0x00, 0x39, 0xFF, 0xFF, 0xFF, 0x69, 0x00,
    0x00, 0x00, 0x39, 0xFF, 0x67, 0x00, 0x00, 0x00, 0x00, 0x00, 0x07, 0x00, 0x00, 0x00, 0x06, 0x77,
    0x22, 0xB5, 0x20, 0x00, 0x00, 0x88, 0xF8, 0x77, 0xFF, 0xE0, 0x1A, 0x00, 0xF0, 0xFF, 0xFF, 0xFF,
    0xFF, 0xBA, 0x0F, 0xBF, 0xFF, 0xC5, 0xFF, 0xF3, 0x7B, 0x00, 0x3C, 0xD4, 0x7E, 0xFF, 0x91, 0x00,
    0x00, 0x00, 0x11, 0x03, 0x18, 0x00, 0x00, 0x00, 0x00, 0x00, 0x00, 0x63, 0x01, 0x00, 0x00, 0x00,
    0x00, 0xA2, 0xFF, 0xC0, 0x01, 0x00, 0x00, 0xA2, 0xFF, 0xFF, 0xFF, 0xC3, 0x01, 0x1B, 0xFF, 0xB9,
    0xFF, 0xC1, 0xFF, 0x51, 0x00, 0x24, 0x30, 0xFF, 0x7C, 0x25, 0x00, 0x00, 0x99, 0x48, 0xFF, 0x82,
    0xA6, 0x06, 0x1B, 0xFF, 0xFF, 0xFF, 0xFF, 0xFF, 0x4C, 0x00, 0x39, 0xFF, 0xFF, 0xFF, 0x69, 0x00,
    0x00, 0x00, 0x39, 0xFF, 0x67, 0x00, 0x00, 0x00, 0x00, 0x00, 0x07, 0x00, 0x00, 0x00, 0x00, 0x00,
    0xC8, 0xBA, 0x96, 0x00, 0x00, 0x00, 0xBA, 0x00, 0xBA, 0x00, 0x00, 0x00, 0xBA, 0x00, 0xBA, 0x00,
    0x00, 0x00, 0xBA, 0x00, 0xBA, 0x00, 0x00, 0x00, 0xBA, 0x00, 0xBA, 0x00, 0x13, 0xA6, 0xBD, 0x00,
    0xF1, 0x78, 0x00, 0x70, 0x96, 0x1F, 0xB1, 0x10, 0x00, 0x00, 0x6D, 0xBE, 0x0D, 0x00, 0x00, 0x00,
    0x00, 0x00, 0x09, 0x24, 0x09, 0x00, 0x00, 0x00, 0x00, 0xB4, 0xFF, 0x12, 0x1C, 0xFF, 0xFF, 0xFF,
    0xFF, 0xFF, 0xBE, 0x0D, 0xB4, 0xB4, 0xFF, 0xFF, 0xB4, 0x70, 0x00, 0x00, 0x24, 0xFF, 0x84, 0x00,
    0x00, 0x1C, 0xFF, 0xFF, 0xFF, 0xFF, 0xFF, 0xC4, 0x0C, 0xB7, 0xFF, 0xB4, 0xA2, 0xA2, 0x64, 0x00,
    0x7C, 0xA5, 0x01, 0x00, 0x00, 0x00, 0x19, 0x5A, 0x5A, 0x5A, 0x5A, 0x5A, 0x5A, 0x52, 0x69, 0xFF,
    0xFF, 0xFF, 0xFF, 0xFF, 0xFF, 0xFF, 0x00, 0x00, 0x00, 0x00, 0x00, 0x00, 0x00, 0x00, 0x6F, 0xFF,
    0xFF, 0xFF, 0xFF, 0xFF, 0xFF, 0xFF, 0x16, 0x4E, 0x4E, 0x4E, 0x4E, 0x4E, 0x4E, 0x46, 0x1E, 0x66,
    0x66, 0x66, 0x66, 0x66, 0x66, 0x5D, 0x66, 0xFF, 0xFF, 0xFF, 0xFF, 0xFF, 0xFF, 0xFF, 0x00, 0x00,
    0x00, 0x00, 0x01, 0x07, 0x00, 0x00, 0x3C, 0xA6, 0xFF, 0x48, 0xA2, 0xFC, 0xFF, 0xFF, 0xBA, 0x1B,
    0xFF, 0xFF, 0x97, 0x04, 0x00, 0x00, 0xB2, 0xFF, 0xFF, 0xFD, 0xB1, 0x12, 0x00, 0x06, 0x70, 0xD0,
    0xFF, 0x48, 0x93, 0x96, 0x96, 0x96, 0xA9, 0x2B, 0xFF, 0xFF, 0xFF, 0xFF, 0xFF, 0x48, 0x09, 0x00,
    0x00, 0x00, 0x00, 0x00, 0xFF, 0xBE, 0x58, 0x00, 0x00, 0x00, 0xBB, 0xFF, 0xFF, 0xFF, 0xA0, 0x13,
    0x00, 0x00, 0x67, 0xFF, 0xFF, 0x48, 0xA0, 0xF2, 0xFF, 0xFF, 0xCD, 0x1E, 0xFF, 0xE8, 0x8D, 0x12,
    0x00, 0x00, 0xB8, 0x96, 0x96, 0x96, 0x96, 0x1B, 0xFF, 0xFF, 0xFF, 0xFF, 0xFF, 0x48, 0x00, 0x01,
    0xA3, 0xE2, 0xAA, 0x0F, 0x00, 0x00, 0xB1, 0xDE, 0x51, 0xAD, 0xD8, 0x00, 0x00, 0xFF, 0x25, 0x00,
    0x00, 0xFF, 0x15, 0x00, 0xFF, 0x25, 0x00, 0x01, 0xFF, 0x13, 0x00, 0xC6, 0xDF, 0x5B, 0xB4, 0xD4,
    0x00, 0x72, 0xF1, 0xAE, 0xD8, 0xBD, 0x0C, 0x00, 0x85, 0x15, 0x00, 0x00, 0x00, 0x00, 0x00, 0x00,
    0x00, 0x00, 0x00, 0x00, 0x96, 0xBA, 0xCA, 0x00, 0x00, 0x19, 0x00, 0x00, 0xBA, 0x00, 0xBA, 0x00,
    0x4B, 0xCD, 0x00, 0x00, 0xBA, 0x00, 0xBA, 0x46, 0xBA, 0x96, 0xBA, 0xBA, 0xBA, 0x00, 0xBA, 0xBE,
    0x45, 0x00, 0x00, 0x00, 0x00, 0x00, 0xBA, 0x00, 0xA1, 0xF0, 0xBA, 0xBA, 0xBA, 0xBA, 0xB7, 0x00,
    0x01, 0x87, 0x00, 0x00, 0x00, 0x00, 0x00, 0x29, 0xFF, 0xFF, 0xFF, 0xFF, 0xFF, 0xDA, 0x1E, 0xBE,
    0xBE, 0xBE, 0xBE, 0xBE, 0xBB, 0x33, 0xFF, 0xFF, 0xFF, 0xFF, 0xFF, 0xFF, 0x02, 0x12, 0x12, 0x12,
    0x12, 0x12, 0x0D, 0xB2, 0xFF, 0xFF, 0xFF, 0xFF, 0xFF, 0xFF, 0xFF, 0xFF, 0xFF, 0xFF, 0xFF, 0xFF,
    0xFF, 0xFF, 0xFF, 0x0D, 0x10, 0xB4, 0x79, 0x1E, 0xFF, 0xB4, 0x1E, 0xFF, 0xB4, 0x1E, 0xFF, 0xB4,
    0x1E, 0xFF, 0xB4, 0x1E, 0xFF, 0xB4, 0x1E, 0xFF, 0xB4, 0x1E, 0xFF, 0xB4, 0x1E, 0xFF, 0xB4, 0x1E,
    0xFF, 0xB4, 0x1E, 0xFF, 0xB4, 0x1E, 0xFF, 0xB4, 0x1E, 0xFF, 0xB4, 0x1E, 0xFF, 0xB4, 0x1E, 0xFF,
    0xB4, 0x1E, 0xFF, 0xB4, 0x00, 0x12, 0x09, 0xA1, 0xFF, 0x40, 0xFF, 0x81, 0xD2, 0xD2, 0x8A, 0xBE,
    0x2D, 0xBE, 0x5B, 0xB5, 0xB5, 0xC3, 0xFF, 0x4E, 0xFF, 0x9C, 0xFF, 0xFF, 0x0A, 0x12, 0x03, 0x12,
    0x06, 0x0D, 0x0D, 0xB5, 0xFF, 0xFC, 0x00, 0xFC, 0xFF, 0xB5, 0x00, 0xFF, 0xFF, 0xB1, 0x0D, 0xFF,
    0xFF, 0xBB, 0x13, 0xD7, 0x90, 0x1E, 0xFF, 0xB4, 0x1C, 0xFF, 0xAB, 0x00, 0x00, 0x00, 0x1C, 0xFF,
    0xAB, 0x1E, 0xFF, 0xB4, 0x13, 0xDC, 0x94, 0x00, 0x00, 0x00, 0x1C, 0xFF, 0xAD, 0x1E, 0xFF, 0xB4,
    0x13, 0xD7, 0x90, 0x00, 0x12, 0x09, 0x1E, 0xFF, 0xB4, 0x1E, 0xFF, 0xB4, 0x10, 0xBE, 0x7F, 0xF3,
    0xAC, 0xFF, 0xAC, 0xFF, 0xAC, 0xD7, 0xAF, 0x7C, 0xBE, 0x7C, 0xBE, 0x7C, 0xB8, 0xFF, 0xAF, 0xFF,
    0xAF, 0xFF, 0xAF, 0xFF, 0x10, 0x09, 0x12, 0x09, 0x12, 0x09, 0x0D, 0x04, 0xFF, 0xFF, 0x6C, 0xF7,
    0xFF, 0x63, 0xFC, 0xFF, 0x81, 0xCA, 0xFF, 0xD7, 0x81, 0xFF, 0xFC, 0x00, 0x06, 0x03, 0x1E, 0xFF,
    0xB4, 0x1E, 0xFF, 0xB4, 0x09, 0x84, 0x49, 0x1B, 0xFF, 0xA8, 0x1E, 0xFF, 0xB4, 0x09, 0x78, 0x43,
    0x1C, 0xFF, 0xAB, 0x1E, 0xFF, 0xB4, 0x0C, 0x9C, 0x57, 0x16, 0xF5, 0xA5, 0x1E, 0xFF, 0xB4, 0x18,
    0xFF, 0xAF, 0x0C, 0x9C, 0x57, 0x1E, 0xFF, 0xB4, 0x1C, 0xFF, 0xAB, 0xFF, 0xFF, 0xF7, 0xBB, 0x60,
    0x00, 0x00, 0x00, 0x60, 0x00, 0x00, 0x00, 0x60, 0x00, 0x00, 0x00, 0x60, 0x00, 0x00, 0x00, 0x60,
    0x00, 0x00, 0x00, 0x60, 0x00, 0x00, 0x00, 0x60, 0x00, 0x00, 0x00, 0x1A, 0x00, 0x00, 0x00, 0xBD,
    0xBE, 0xB7, 0x87, 0xFF, 0xFF, 0xF7, 0xBE, 0x6B, 0x12, 0x11, 0x0A, 0x60, 0x00, 0x00, 0x00, 0x60,
    0x00, 0x00, 0x00, 0x60, 0x00, 0x00, 0x00, 0x60, 0x00, 0x00, 0x00, 0x60, 0x00, 0x00, 0x00, 0x60,
    0x00, 0x00, 0x00, 0x03, 0x00, 0x00, 0x00, 0xA5, 0xFF, 0xFF, 0xF4, 0xC6, 0xA5, 0xC3, 0x00, 0x00,
    0x00, 0xA5, 0xC3, 0x00, 0x00, 0x00, 0xA5, 0xC3, 0x00, 0x00, 0x00, 0xA5, 0xC3, 0x00, 0x00, 0x00,
    0xA5, 0xC3, 0x00, 0x00, 0x00, 0xA5, 0xC3, 0x00, 0x00, 0x00, 0xA5, 0xC3, 0x00, 0x00, 0x00, 0x35,
    0x36, 0x00, 0x00, 0x00, 0x78, 0xBE, 0xBE, 0xBA, 0xAB, 0xA5, 0xFF, 0xFF, 0xFC, 0xF0, 0xA5, 0xC8,
    0x12, 0x11, 0x0D, 0xA5, 0xC3, 0x00, 0x00, 0x00, 0xA5, 0xC3, 0x00, 0x00, 0x00, 0xA5, 0xC3, 0x00,
    0x00, 0x00, 0xA5, 0xC3, 0x00, 0x00, 0x00, 0xA5, 0xC3, 0x00, 0x00, 0x00, 0xA5, 0xC3, 0x00, 0x00,
    0x00, 0x07, 0x07, 0x00, 0x00, 0x00, 0x00, 0x85, 0xFF, 0xFF, 0xFF, 0xFF, 0x00, 0x00, 0x00, 0x00,
    0x00, 0xFF, 0x00, 0x00, 0x00, 0x00, 0x00, 0xFF, 0x00, 0x00, 0x00, 0x00, 0x00, 0xFF, 0x00, 0x00,
    0x00, 0x00, 0x00, 0xFF, 0x00, 0x00, 0x00, 0x00, 0x00, 0xFF, 0x00, 0x00, 0x00, 0x00, 0x00, 0xFF,
    0x00, 0x00, 0x00, 0x00, 0x00, 0xFF, 0x00, 0x00, 0x00, 0x00, 0x00, 0x45, 0x00, 0x60, 0xBE, 0xBE,
    0xBE, 0xBE, 0x00, 0xA2, 0xFF, 0xFF, 0xFF, 0xFF, 0x00, 0x07, 0x12, 0x12, 0x12, 0xFF, 0x00, 0x00,
    0x00, 0x00, 0x00, 0xFF, 0x00, 0x00, 0x00, 0x00, 0x00, 0xFF, 0x00, 0x00, 0x00, 0x00, 0x00, 0xFF,
    0x00, 0x00, 0x00, 0x00, 0x00, 0xFF, 0x00, 0x00, 0x00, 0x00, 0x00, 0xFF, 0x00, 0x00, 0x00, 0x00,
    0x00, 0xFF, 0x00, 0x00, 0x00, 0x00, 0x00, 0x09, 0x00, 0x54, 0xFF, 0xFF, 0xFF, 0xFF, 0xB4, 0x00,
    0x00, 0x00, 0x00, 0x1E, 0xFF, 0xB4, 0x00, 0x00, 0x00, 0x00, 0x1E, 0xFF, 0xB4, 0x00, 0x00, 0x00,
    0x00, 0x1E, 0xFF, 0xB4, 0x00, 0x00, 0x00, 0x00, 0x1E, 0xFF, 0xB4, 0x00, 0x00, 0x00, 0x00, 0x1E,
    0xFF, 0xB4, 0x00, 0x00, 0x00, 0x00, 0x1E, 0xFF, 0xB4, 0x00, 0x00, 0x00, 0x00, 0x1E, 0xFF, 0xB4,
    0x00, 0x00, 0x00, 0x00, 0x06, 0x54, 0x2E, 0x00, 0x3C, 0xBE, 0xBE, 0xBE, 0xBE, 0x7F, 0x00, 0x66,
    0xFF, 0xFF, 0xFF, 0xFF, 0xB4, 0x00, 0x04, 0x12, 0x12, 0x2E, 0xFF, 0xB4, 0x00, 0x00, 0x00, 0x00,
    0x1E, 0xFF, 0xB4, 0x00, 0x00, 0x00, 0x00, 0x1E, 0xFF, 0xB4, 0x00, 0x00, 0x00, 0x00, 0x1E, 0xFF,
    0xB4, 0x00, 0x00, 0x00, 0x00, 0x1E, 0xFF, 0xB4, 0x00, 0x00, 0x00, 0x00, 0x1E, 0xFF, 0xB4, 0x00,
    0x00, 0x00, 0x00, 0x1E, 0xFF, 0xB4, 0x00, 0x00, 0x00, 0x00, 0x00, 0x0C, 0x06, 0x2E, 0x00, 0x00,
    0x00, 0x60, 0x00, 0x00, 0x00, 0x60, 0x00, 0x00, 0x00, 0x60, 0x00, 0x00, 0x00, 0x60, 0x00, 0x00,
    0x00, 0x60, 0x00, 0x00, 0x00, 0x60, 0x00, 0x00, 0x00, 0x60, 0x00, 0x00, 0x00, 0xF1, 0xFF, 0xF7,
    0xBB, 0x45, 0x00, 0x00, 0x00, 0x60, 0x00, 0x00, 0x00, 0x60, 0x00, 0x00, 0x00, 0x60, 0x00, 0x00,
    0x00, 0x60, 0x00, 0x00, 0x00, 0x60, 0x00, 0x00, 0x00, 0x60, 0x00, 0x00, 0x00, 0xD6, 0xBE, 0xB7,
    0x87, 0xFF, 0xFF, 0xF7, 0xBE, 0x10, 0x12, 0x11, 0x0A, 0x5E, 0x61, 0x00, 0x00, 0x00, 0xA5, 0xC3,
    0x00, 0x00, 0x00, 0xA5, 0xC3, 0x00, 0x00, 0x00, 0xA5, 0xC3, 0x00, 0x00, 0x00, 0xA5, 0xC3, 0x00,
    0x00, 0x00, 0xA5, 0xC3, 0x00, 0x00, 0x00, 0xA5, 0xC3, 0x00, 0x00, 0x00, 0xA5, 0xC3, 0x00, 0x00,
    0x00, 0xA3, 0xFF, 0xFF, 0xF4, 0xC6, 0x75, 0x88, 0x00, 0x00, 0x00, 0xA5, 0xC3, 0x00, 0x00, 0x00,
    0xA5, 0xC3, 0x00, 0x00, 0x00, 0xA5, 0xC3, 0x00, 0x00, 0x00, 0xA5, 0xC3, 0x00, 0x00, 0x00, 0xA5,
    0xC3, 0x00, 0x00, 0x00, 0xA5, 0xC3, 0x00, 0x00, 0x00, 0xA5, 0xFF, 0xBE, 0xBA, 0xAB, 0xA5, 0xFF,
    0xFF, 0xFC, 0xF0, 0x0B, 0x12, 0x12, 0x11, 0x0D, 0x00, 0x00, 0x00, 0x00, 0x00, 0x7B, 0x00, 0x00,
    0x00, 0x00, 0x00, 0xFF, 0x00, 0x00, 0x00, 0x00, 0x00, 0xFF, 0x00, 0x00, 0x00, 0x00, 0x00, 0xFF,
    0x00, 0x00, 0x00, 0x00, 0x00, 0xFF, 0x00, 0x00, 0x00, 0x00, 0x00, 0xFF, 0x00, 0x00, 0x00, 0x00,
    0x00, 0xFF, 0x00, 0x00, 0x00, 0x00, 0x00, 0xFF, 0x00, 0x85, 0xFF, 0xFF, 0xFF, 0xFF, 0x00, 0x00,
    0x00, 0x00, 0x00, 0xB7, 0x00, 0x00, 0x00, 0x00, 0x00, 0xFF, 0x00, 0x00, 0x00, 0x00, 0x00, 0xFF,
    0x00, 0x00, 0x00, 0x00, 0x00, 0xFF, 0x00, 0x00, 0x00, 0x00, 0x00, 0xFF, 0x00, 0x00, 0x00, 0x00,
    0x00, 0xFF, 0x00, 0x00, 0x00, 0x00, 0x00, 0xFF, 0x00, 0x60, 0xBE, 0xBE, 0xBE, 0xFF, 0x00, 0xA2,
    0xFF, 0xFF, 0xFF, 0xFF, 0x00, 0x07, 0x12, 0x12, 0x12, 0x12, 0x00, 0x00, 0x00, 0x00, 0x0A, 0x96,
    0x54, 0x00, 0x00, 0x00, 0x00, 0x1E, 0xFF, 0xB4, 0x00, 0x00, 0x00, 0x00, 0x1E, 0xFF, 0xB4, 0x00,
    0x00, 0x00, 0x00, 0x1E, 0xFF, 0xB4, 0x00, 0x00, 0x00, 0x00, 0x1E, 0xFF, 0xB4, 0x00, 0x00, 0x00,
    0x00, 0x1E, 0xFF, 0xB4, 0x00, 0x00, 0x00, 0x00, 0x1E, 0xFF, 0xB4, 0x00, 0x00, 0x00, 0x00, 0x1E,
    0xFF, 0xB4, 0x00, 0x54, 0xFF, 0xFF, 0xFF, 0xFF, 0xB2, 0x00, 0x00, 0x00, 0x00, 0x10, 0xB9, 0x7C,
    0x00, 0x00, 0x00, 0x00, 0x1E, 0xFF, 0xB4, 0x00, 0x00, 0x00, 0x00, 0x1E, 0xFF, 0xB4, 0x00, 0x00,
    0x00, 0x00, 0x1E, 0xFF, 0xB4, 0x00, 0x00, 0x00, 0x00, 0x1E, 0xFF, 0xB4, 0x00, 0x00, 0x00, 0x00,
    0x1E, 0xFF, 0xB4, 0x00, 0x00, 0x00, 0x00, 0x1E, 0xFF, 0xB4, 0x00, 0x3C, 0xBE, 0xBE, 0xC8, 0xFF,
    0xB4, 0x00, 0x66, 0xFF, 0xFF, 0xFF, 0xFF, 0xB4, 0x00, 0x04, 0x12, 0x12, 0x12, 0x12, 0x09, 0x43,
    0x00, 0x00, 0x00, 0x60, 0x00, 0x00, 0x00, 0x60, 0x00, 0x00, 0x00, 0x60, 0x00, 0x00, 0x00, 0x60,
    0x00, 0x00, 0x00, 0x60, 0x00, 0x00, 0x00, 0x60, 0x00, 0x00, 0x00, 0x89, 0x42, 0x3F, 0x27, 0xE3,
    0xD2, 0xCA, 0x94, 0x60, 0x00, 0x00, 0x00, 0x60, 0x00, 0x00, 0x00, 0x60, 0x00, 0x00, 0x00, 0x60,
    0x00, 0x00, 0x00, 0x60, 0x00, 0x00, 0x00, 0x60, 0x00, 0x00, 0x00, 0x60, 0x00, 0x00, 0x00, 0x05,
    0x00, 0x00, 0x00, 0x43, 0x00, 0x00, 0x00, 0x60, 0x00, 0x00, 0x00, 0x60, 0x00, 0x00, 0x00, 0x60,
    0x00, 0x00, 0x00, 0x60, 0x00, 0x00, 0x00, 0x60, 0x00, 0x00, 0x00, 0x60, 0x00, 0x00, 0x00, 0xD3,
    0xB9, 0xB2, 0x82, 0xFF, 0xFF, 0xF7, 0xBE, 0x6F, 0x18, 0x17, 0x0D, 0x60, 0x00, 0x00, 0x00, 0x60,
    0x00, 0x00, 0x00, 0x60, 0x00, 0x00, 0x00, 0x60, 0x00, 0x00, 0x00, 0x60, 0x00, 0x00, 0x00, 0x60,
    0x00, 0x00, 0x00, 0x05, 0x00, 0x00, 0x00, 0x5E, 0x61, 0x00, 0x00, 0x00, 0xA5, 0xC3, 0x00, 0x00,
    0x00, 0xA5, 0xC3, 0x00, 0x00, 0x00, 0xA5, 0xC3, 0x00, 0x00, 0x00, 0xA5, 0xC3, 0x00, 0x00, 0x00,
    0xA5, 0xC3, 0x00, 0x00, 0x00, 0xA5, 0xC3, 0x00, 0x00, 0x00, 0xA5, 0xC3, 0x00, 0x00, 0x00, 0xA3,
    0xFF, 0xFF, 0xF4, 0xC6, 0x81, 0x5B, 0x00, 0x00, 0x00, 0x81, 0x5B, 0x00, 0x00, 0x00, 0x81, 0x5B,
    0x00, 0x00, 0x00, 0x81, 0x5B, 0x00, 0x00, 0x00, 0x81, 0x5B, 0x00, 0x00, 0x00, 0x81, 0x5B, 0x00,
    0x00, 0x00, 0x81, 0x5B, 0x00, 0x00, 0x00, 0x21, 0x15, 0x00, 0x00, 0x00, 0x3E, 0x28, 0x00, 0x00,
    0x00, 0x81, 0x5B, 0x00, 0x00, 0x00, 0x81, 0x5B, 0x00, 0x00, 0x00, 0x81, 0x5B, 0x00, 0x00, 0x00,
    0x81, 0x5B, 0x00, 0x00, 0x00, 0x81, 0x5B, 0x00, 0x00, 0x00, 0x81, 0x5B, 0x00, 0x00, 0x00, 0x82,
    0x5E, 0x06, 0x06, 0x04, 0xA5, 0xFF, 0xFF, 0xF2, 0xBF, 0xA5, 0xC3, 0x00, 0x00, 0x00, 0xA5, 0xC3,
    0x00, 0x00, 0x00, 0xA5, 0xC3, 0x00, 0x00, 0x00, 0xA5, 0xC3, 0x00, 0x00, 0x00, 0xA5, 0xC3, 0x00,
    0x00, 0x00, 0xA5, 0xC3, 0x00, 0x00, 0x00, 0xA5, 0xC3, 0x00, 0x00, 0x00, 0x31, 0x32, 0x00, 0x00,
    0x00, 0x72, 0x85, 0x00, 0x00, 0x00, 0xA5, 0xC3, 0x00, 0x00, 0x00, 0xA5, 0xC3, 0x00, 0x00, 0x00,
    0xA5, 0xC3, 0x00, 0x00, 0x00, 0xA5, 0xC3, 0x00, 0x00, 0x00, 0xA5, 0xC3, 0x00, 0x00, 0x00, 0xA5,
    0xC3, 0x00, 0x00, 0x00, 0xA5, 0xD5, 0x42, 0x3F, 0x31, 0xA5, 0xFF, 0xD2, 0xCE, 0xBD, 0xA5, 0xC3,
    0x00, 0x00, 0x00, 0xA5, 0xC3, 0x00, 0x00, 0x00, 0xA5, 0xC3, 0x00, 0x00, 0x00, 0xA5, 0xC3, 0x00,
    0x00, 0x00, 0xA5, 0xC3, 0x00, 0x00, 0x00, 0xA5, 0xC3, 0x00, 0x00, 0x00, 0xA5, 0xC3, 0x00, 0x00,
    0x00, 0x0B, 0x0B, 0x00, 0x00, 0x00, 0x75, 0x88, 0x00, 0x00, 0x00, 0xA5, 0xC3, 0x00, 0x00, 0x00,
    0xA5, 0xC3, 0x00, 0x00, 0x00, 0xA5, 0xC3, 0x00, 0x00, 0x00, 0xA5, 0xC3, 0x00, 0x00, 0x00, 0xA5,
    0xC3, 0x00, 0x00, 0x00, 0xA5, 0xC3, 0x00, 0x00, 0x00, 0xA5, 0xFF, 0xBE, 0xBA, 0xAB, 0xA5, 0xFF,
    0xFF, 0xFC, 0xF0, 0x83, 0x68, 0x12, 0x11, 0x0D, 0x81, 0x5B, 0x00, 0x00, 0x00, 0x81, 0x5B, 0x00,
    0x00, 0x00, 0x81, 0x5B, 0x00, 0x00, 0x00, 0x81, 0x5B, 0x00, 0x00, 0x00, 0x81, 0x5B, 0x00, 0x00,
    0x00, 0x81, 0x5B, 0x00, 0x00, 0x00, 0x04, 0x02, 0x00, 0x00, 0x00, 0x56, 0x37, 0x00, 0x00, 0x00,
    0x81, 0x5B, 0x00, 0x00, 0x00, 0x81, 0x5B, 0x00, 0x00, 0x00, 0x81, 0x5B, 0x00, 0x00, 0x00, 0x81,
    0x5B, 0x00, 0x00, 0x00, 0x81, 0x5B, 0x00, 0x00, 0x00, 0x81, 0x5B, 0x00, 0x00, 0x00, 0x9F, 0xD7,
    0xB9, 0xB5, 0xA6, 0xA5, 0xFF, 0xFF, 0xFC, 0xF0, 0xA5, 0xC9, 0x18, 0x17, 0x12, 0xA5, 0xC3, 0x00,
    0x00, 0x00, 0xA5, 0xC3, 0x00, 0x00, 0x00, 0xA5, 0xC3, 0x00, 0x00, 0x00, 0xA5, 0xC3, 0x00, 0x00,
    0x00, 0xA5, 0xC3, 0x00, 0x00, 0x00, 0xA5, 0xC3, 0x00, 0x00, 0x00, 0x0B, 0x0B, 0x00, 0x00, 0x00,
    0x72, 0x85, 0x00, 0x00, 0x00, 0xA5, 0xC3, 0x00, 0x00, 0x00, 0xA5, 0xC3, 0x00, 0x00, 0x00, 0xA5,
    0xC3, 0x00, 0x00, 0x00, 0xA5, 0xC3, 0x00, 0x00, 0x00, 0xA5, 0xC3, 0x00, 0x00, 0x00, 0xA5, 0xC3,
    0x00, 0x00, 0x00, 0xA5, 0xFF, 0xB9, 0xB5, 0xA6, 0xA5, 0xFF, 0xFF, 0xFC, 0xF0, 0xA5, 0xC9, 0x18,
    0x17, 0x12, 0xA5, 0xC3, 0x00, 0x00, 0x00, 0xA5, 0xC3, 0x00, 0x00, 0x00, 0xA5, 0xC3, 0x00, 0x00,
    0x00, 0xA5, 0xC3, 0x00, 0x00, 0x00, 0xA5, 0xC3, 0x00, 0x00, 0x00, 0xA5, 0xC3, 0x00, 0x00, 0x00,
    0x0B, 0x0B, 0x00, 0x00, 0x00, 0x00, 0x00, 0x00, 0x00, 0x00, 0xB2, 0x00, 0x00, 0x00, 0x00, 0x00,
    0xFF, 0x00, 0x00, 0x00, 0x00, 0x00, 0xFF, 0x00, 0x00, 0x00, 0x00, 0x00, 0xFF, 0x00, 0x00, 0x00,
    0x00, 0x00, 0xFF, 0x00, 0x00, 0x00, 0x00, 0x00, 0xFF, 0x00, 0x00, 0x00, 0x00, 0x00, 0xFF, 0x00,
    0x1B, 0x42, 0x42, 0x42, 0xFF, 0x00, 0x69, 0xD2, 0xD2, 0xD2, 0xFF, 0x00, 0x00, 0x00, 0x00, 0x00,
    0xFF, 0x00, 0x00, 0x00, 0x00, 0x00, 0xFF, 0x00, 0x00, 0x00, 0x00, 0x00, 0xFF, 0x00, 0x00, 0x00,
    0x00, 0x00, 0xFF, 0x00, 0x00, 0x00, 0x00, 0x00, 0xFF, 0x00, 0x00, 0x00, 0x00, 0x00, 0xFF, 0x00,
    0x00, 0x00, 0x00, 0x00, 0xFF, 0x00, 0x00, 0x00, 0x00, 0x00, 0x0D, 0x00, 0x00, 0x00, 0x00, 0x00,
    0xB2, 0x00, 0x00, 0x00, 0x00, 0x00, 0xFF, 0x00, 0x00, 0x00, 0x00, 0x00, 0xFF, 0x00, 0x00, 0x00,
    0x00, 0x00, 0xFF, 0x00, 0x00, 0x00, 0x00, 0x00, 0xFF, 0x00, 0x00, 0x00, 0x00, 0x00, 0xFF, 0x00,
    0x00, 0x00, 0x00, 0x00, 0xFF, 0x00, 0x5D, 0xB9, 0xB9, 0xB9, 0xFF, 0x00, 0xA2, 0xFF, 0xFF, 0xFF,
    0xFF, 0x00, 0x09, 0x18, 0x18, 0x18, 0xFF, 0x00, 0x00, 0x00, 0x00, 0x00, 0xFF, 0x00, 0x00, 0x00,
    0x00, 0x00, 0xFF, 0x00, 0x00, 0x00, 0x00, 0x00, 0xFF, 0x00, 0x00, 0x00, 0x00, 0x00, 0xFF, 0x00,
    0x00, 0x00, 0x00, 0x00, 0xFF, 0x00, 0x00, 0x00, 0x00, 0x00, 0xFF, 0x00, 0x00, 0x00, 0x00, 0x00,
    0x0D, 0x00, 0x00, 0x00, 0x00, 0x07, 0x66, 0x39, 0x00, 0x00, 0x00, 0x00, 0x1E, 0xFF, 0xB4, 0x00,
    0x00, 0x00, 0x00, 0x1E, 0xFF, 0xB4, 0x00, 0x00, 0x00, 0x00, 0x1E, 0xFF, 0xB4, 0x00, 0x00, 0x00,
    0x00, 0x1E, 0xFF, 0xB4, 0x00, 0x00, 0x00, 0x00, 0x1E, 0xFF, 0xB4, 0x00, 0x00, 0x00, 0x00, 0x1E,
    0xFF, 0xB4, 0x00, 0x00, 0x00, 0x00, 0x1E, 0xFF, 0xB4, 0x00, 0x52, 0xFF, 0xFF, 0xFF, 0xFF, 0xAD,
    0x00, 0x00, 0x00, 0x00, 0x00, 0xD7, 0x3C, 0x00, 0x00, 0x00, 0x00, 0x00, 0xD7, 0x3C, 0x00, 0x00,
    0x00, 0x00, 0x00, 0xD7, 0x3C, 0x00, 0x00, 0x00, 0x00, 0x00, 0xD7, 0x3C, 0x00, 0x00, 0x00, 0x00,
    0x00, 0xD7, 0x3C, 0x00, 0x00, 0x00, 0x00, 0x00, 0xD7, 0x3C, 0x00, 0x00, 0x00, 0x00, 0x00, 0xD7,
    0x3C, 0x00, 0x00, 0x00, 0x00, 0x00, 0x58, 0x13, 0x00, 0x00, 0x00, 0x00, 0x00, 0x64, 0x16, 0x00,
    0x00, 0x00, 0x00, 0x00, 0xD7, 0x3C, 0x00, 0x00, 0x00, 0x00, 0x00, 0xD7, 0x3C, 0x00, 0x00, 0x00,
    0x00, 0x00, 0xD7, 0x3C, 0x00, 0x00, 0x00, 0x00, 0x00, 0xD7, 0x3C, 0x00, 0x00, 0x00, 0x00, 0x00,
    0xD7, 0x3C, 0x00, 0x00, 0x00, 0x00, 0x00, 0xD7, 0x3C, 0x00, 0x00, 0x00, 0x00, 0x00, 0xD7, 0x3C,
    0x00, 0x54, 0xFF, 0xFF, 0xFF, 0xFF, 0xB4, 0x00, 0x00, 0x00, 0x00, 0x1E, 0xFF, 0xB4, 0x00, 0x00,
    0x00, 0x00, 0x1E, 0xFF, 0xB4, 0x00, 0x00, 0x00, 0x00, 0x1E, 0xFF, 0xB4, 0x00, 0x00, 0x00, 0x00,
    0x1E, 0xFF, 0xB4, 0x00, 0x00, 0x00, 0x00, 0x1E, 0xFF, 0xB4, 0x00, 0x00, 0x00, 0x00, 0x1E, 0xFF,
    0xB4, 0x00, 0x00, 0x00, 0x00, 0x1E, 0xFF, 0xB4, 0x00, 0x00, 0x00, 0x00, 0x06, 0x54, 0x2E, 0x00,
    0x00, 0x00, 0x00, 0x10, 0xB4, 0x79, 0x00, 0x00, 0x00, 0x00, 0x1E, 0xFF, 0xB4, 0x00, 0x00, 0x00,
    0x00, 0x1E, 0xFF, 0xB4, 0x00, 0x00, 0x00, 0x00, 0x1E, 0xFF, 0xB4, 0x00, 0x00, 0x00, 0x00, 0x1E,
    0xFF, 0xB4, 0x00, 0x00, 0x00, 0x00, 0x1E, 0xFF, 0xB4, 0x00, 0x00, 0x00, 0x00, 0x1E, 0xFF, 0xB4,
    0x00, 0x10, 0x42, 0x42, 0x5A, 0xFF, 0xB4, 0x00, 0x42, 0xD2, 0xD2, 0xD9, 0xFF, 0xB4, 0x00, 0x00,
    0x00, 0x00, 0x1E, 0xFF, 0xB4, 0x00, 0x00, 0x00, 0x00, 0x1E, 0xFF, 0xB4, 0x00, 0x00, 0x00, 0x00,
    0x1E, 0xFF, 0xB4, 0x00, 0x00, 0x00, 0x00, 0x1E, 0xFF, 0xB4, 0x00, 0x00, 0x00, 0x00, 0x1E, 0xFF,
    0xB4, 0x00, 0x00, 0x00, 0x00, 0x1E, 0xFF, 0xB4, 0x00, 0x00, 0x00, 0x00, 0x1E, 0xFF, 0xB4, 0x00,
    0x00, 0x00, 0x00, 0x00, 0x12, 0x09, 0x00, 0x00, 0x00, 0x00, 0x10, 0xB9, 0x7C, 0x00, 0x00, 0x00,
    0x00, 0x1E, 0xFF, 0xB4, 0x00, 0x00, 0x00, 0x00, 0x1E, 0xFF, 0xB4, 0x00, 0x00, 0x00, 0x00, 0x1E,
    0xFF, 0xB4, 0x00, 0x00, 0x00, 0x00, 0x1E, 0xFF, 0xB4, 0x00, 0x00, 0x00, 0x00, 0x1E, 0xFF, 0xB4,
    0x00, 0x00, 0x00, 0x00, 0x1E, 0xFF, 0xB4, 0x00, 0x3C, 0xBE, 0xBE, 0xC8, 0xFF, 0xB4, 0x00, 0x66,
    0xFF, 0xFF, 0xFF, 0xFF, 0xB4, 0x00, 0x04, 0x12, 0x12, 0x12, 0xDA, 0x42, 0x00, 0x00, 0x00, 0x00,
    0x00, 0xD7, 0x3C, 0x00, 0x00, 0x00, 0x00, 0x00, 0xD7, 0x3C, 0x00, 0x00, 0x00, 0x00, 0x00, 0xD7,
    0x3C, 0x00, 0x00, 0x00, 0x00, 0x00, 0xD7, 0x3C, 0x00, 0x00, 0x00, 0x00, 0x00, 0xD7, 0x3C, 0x00,
    0x00, 0x00, 0x00, 0x00, 0xD7, 0x3C, 0x00, 0x00, 0x00, 0x00, 0x00, 0x07, 0x01, 0x00, 0x00, 0x00,
    0x00, 0x00, 0x94, 0x22, 0x00, 0x00, 0x00, 0x00, 0x00, 0xD7, 0x3C, 0x00, 0x00, 0x00, 0x00, 0x00,
    0xD7, 0x3C, 0x00, 0x00, 0x00, 0x00, 0x00, 0xD7, 0x3C, 0x00, 0x00, 0x00, 0x00, 0x00, 0xD7, 0x3C,
    0x00, 0x00, 0x00, 0x00, 0x00, 0xD7, 0x3C, 0x00, 0x00, 0x00, 0x00, 0x00, 0xD7, 0x3C, 0x00, 0x3C,
    0xBE, 0xBE, 0xBE, 0xFF, 0x97, 0x00, 0x66, 0xFF, 0xFF, 0xFF, 0xFF, 0xB4, 0x00, 0x04, 0x12, 0x12,
    0x2E, 0xFF, 0xB4, 0x00, 0x00, 0x00, 0x00, 0x1E, 0xFF, 0xB4, 0x00, 0x00, 0x00, 0x00, 0x1E, 0xFF,
    0xB4, 0x00, 0x00, 0x00, 0x00, 0x1E, 0xFF, 0xB4, 0x00, 0x00, 0x00, 0x00, 0x1E, 0xFF, 0xB4, 0x00,
    0x00, 0x00, 0x00, 0x1E, 0xFF, 0xB4, 0x00, 0x00, 0x00, 0x00, 0x1E, 0xFF, 0xB4, 0x00, 0x00, 0x00,
    0x00, 0x00, 0x0C, 0x06, 0x00, 0x00, 0x00, 0x00, 0x10, 0xB4, 0x79, 0x00, 0x00, 0x00, 0x00, 0x1E,
    0xFF, 0xB4, 0x00, 0x00, 0x00, 0x00, 0x1E, 0xFF, 0xB4, 0x00, 0x00, 0x00, 0x00, 0x1E, 0xFF, 0xB4,
    0x00, 0x00, 0x00, 0x00, 0x1E, 0xFF, 0xB4, 0x00, 0x00, 0x00, 0x00, 0x1E, 0xFF, 0xB4, 0x00, 0x00,
    0x00, 0x00, 0x1E, 0xFF, 0xB4, 0x00, 0x3A, 0xB9, 0xB9, 0xC3, 0xFF, 0xB4, 0x00, 0x66, 0xFF, 0xFF,
    0xFF, 0xFF, 0xB4, 0x00, 0x06, 0x18, 0x18, 0x33, 0xFF, 0xB4, 0x00, 0x00, 0x00, 0x00, 0x1E, 0xFF,
    0xB4, 0x00, 0x00, 0x00, 0x00, 0x1E, 0xFF, 0xB4, 0x00, 0x00, 0x00, 0x00, 0x1E, 0xFF, 0xB4, 0x00,
    0x00, 0x00, 0x00, 0x1E, 0xFF, 0xB4, 0x00, 0x00, 0x00, 0x00, 0x1E, 0xFF, 0xB4, 0x00, 0x00, 0x00,
    0x00, 0x1E, 0xFF, 0xB4, 0x00, 0x00, 0x00, 0x00, 0x00, 0x12, 0x09, 0x29, 0xFF, 0xFF, 0xFF, 0xFF,
    0xFF, 0xDA, 0x00, 0x00, 0x00, 0xBE, 0x33, 0x00, 0x00, 0x00, 0x00, 0x00, 0xBE, 0x33, 0x00, 0x00,
    0x00, 0x00, 0x00, 0xBE, 0x33, 0x00, 0x00, 0x00, 0x00, 0x00, 0xBE, 0x33, 0x00, 0x00, 0x00, 0x00,
    0x00, 0xBE, 0x33, 0x00, 0x00, 0x00, 0x00, 0x00, 0xBE, 0x33, 0x00, 0x00, 0x00, 0x00, 0x00, 0xBE,
    0x33, 0x00, 0x00, 0x00, 0x00, 0x00, 0x31, 0x0B, 0x00, 0x00, 0x41, 0xBE, 0xBE, 0xBE, 0x49, 0x48,
    0x2B, 0x6F, 0xFF, 0xFF, 0xFF, 0xCE, 0xCD, 0x94, 0x04, 0x12, 0x12, 0xFF, 0x03, 0x00, 0x00, 0x00,
    0x00, 0x00, 0xFF, 0x03, 0x00, 0x00, 0x00, 0x00, 0x00, 0xFF, 0x03, 0x00, 0x00, 0x00, 0x00, 0x00,
    0xFF, 0x03, 0x00, 0x00, 0x00, 0x00, 0x00, 0xFF, 0x03, 0x00, 0x00, 0x00, 0x00, 0x00, 0xFF, 0x03,
    0x00, 0x00, 0x00, 0x00, 0x00, 0xFF, 0x03, 0x00, 0x00, 0x00, 0x00, 0x00, 0x09, 0x00, 0x00, 0x00,
    0x1A, 0x48, 0x48, 0xB2, 0xBE, 0xBE, 0x72, 0x5A, 0xCD, 0xCD, 0xFF, 0xFF, 0xFF, 0xA0, 0x00, 0x00,
    0x00, 0xFF, 0x12, 0x12, 0x09, 0x00, 0x00, 0x00, 0xFF, 0x00, 0x00, 0x00, 0x00, 0x00, 0x00, 0xFF,
    0x00, 0x00, 0x00, 0x00, 0x00, 0x00, 0xFF, 0x00, 0x00, 0x00, 0x00, 0x00, 0x00, 0xFF, 0x00, 0x00,
    0x00, 0x00, 0x00, 0x00, 0xFF, 0x00, 0x00, 0x00, 0x00, 0x00, 0x00, 0xFF, 0x00, 0x00, 0x00, 0x00,
    0x00, 0x00, 0x09, 0x00, 0x00, 0x00, 0x1E, 0xBE, 0xBE, 0xBE, 0xBE, 0xBE, 0xBB, 0x33, 0xFF, 0xFF,
    0xFF, 0xFF, 0xFF, 0xFF, 0x02, 0x12, 0x12, 0xC3, 0x43, 0x12, 0x0D, 0x00, 0x00, 0x00, 0xBE, 0x33,
    0x00, 0x00, 0x00, 0x00, 0x00, 0xBE, 0x33, 0x00, 0x00, 0x00, 0x00, 0x00, 0xBE, 0x33, 0x00, 0x00,
    0x00, 0x00, 0x00, 0xBE, 0x33, 0x00, 0x00, 0x00, 0x00, 0x00, 0xBE, 0x33, 0x00, 0x00, 0x00, 0x00,
    0x00, 0xBE, 0x33, 0x00, 0x00, 0x00, 0x00, 0x00, 0x06, 0x01, 0x00, 0x00, 0x29, 0xFF, 0xFF, 0xFF,
    0xFF, 0xFF, 0xDA, 0x00, 0x00, 0x00, 0xFF, 0x75, 0x00, 0x00, 0x00, 0x00, 0x00, 0xFF, 0x75, 0x00,
    0x00, 0x00, 0x00, 0x00, 0xFF, 0x75, 0x00, 0x00, 0x00, 0x00, 0x00, 0xFF, 0x75, 0x00, 0x00, 0x00,
    0x00, 0x00, 0xFF, 0x75, 0x00, 0x00, 0x00, 0x00, 0x00, 0xFF, 0x75, 0x00, 0x00, 0x00, 0x00, 0x00,
    0xFF, 0x75, 0x00, 0x00, 0x00, 0x00, 0x00, 0x54, 0x1E, 0x00, 0x00, 0x2B, 0xBE, 0xBE, 0xBE, 0x7A,
    0x48, 0x36, 0x49, 0xFF, 0xFF, 0xFF, 0xEA, 0xCD, 0xB8, 0x03, 0x12, 0x22, 0xFF, 0x67, 0x00, 0x00,
    0x00, 0x00, 0x11, 0xFF, 0x67, 0x00, 0x00, 0x00, 0x00, 0x11, 0xFF, 0x67, 0x00, 0x00, 0x00, 0x00,
    0x11, 0xFF, 0x67, 0x00, 0x00, 0x00, 0x00, 0x11, 0xFF, 0x67, 0x00, 0x00, 0x00, 0x00, 0x11, 0xFF,
    0x67, 0x00, 0x00, 0x00, 0x00, 0x11, 0xFF, 0x67, 0x00, 0x00, 0x00, 0x00, 0x00, 0x0C, 0x03, 0x00,
    0x00, 0x0D, 0x48, 0x4F, 0xBE, 0xBE, 0xBE, 0xAB, 0x2E, 0xCD, 0xD2, 0xFF, 0xFF, 0xFF, 0xF0, 0x00,
    0x00, 0x11, 0xFF, 0x72, 0x12, 0x0D, 0x00, 0x00, 0x11, 0xFF, 0x67, 0x00, 0x00, 0x00, 0x00, 0x11,
    0xFF, 0x67, 0x00, 0x00, 0x00, 0x00, 0x11, 0xFF, 0x67, 0x00, 0x00, 0x00, 0x00, 0x11, 0xFF, 0x67,
    0x00, 0x00, 0x00, 0x00, 0x11, 0xFF, 0x67, 0x00, 0x00, 0x00, 0x00, 0x11, 0xFF, 0x67, 0x00, 0x00,
    0x00, 0x00, 0x00, 0x0C, 0x03, 0x00, 0x00, 0x1E, 0xBE, 0xBE, 0xBE, 0xBE, 0xBE, 0xBB, 0x33, 0xFF,
    0xFF, 0xFF, 0xFF, 0xFF, 0xFF, 0x02, 0x12, 0x12, 0xFF, 0x80, 0x12, 0x0D, 0x00, 0x00, 0x00, 0xFF,
    0x75, 0x00, 0x00, 0x00, 0x00, 0x00, 0xFF, 0x75, 0x00, 0x00, 0x00, 0x00, 0x00, 0xFF, 0x75, 0x00,
    0x00, 0x00, 0x00, 0x00, 0xFF, 0x75, 0x00, 0x00, 0x00, 0x00, 0x00, 0xFF, 0x75, 0x00, 0x00, 0x00,
    0x00, 0x00, 0xFF, 0x75, 0x00, 0x00, 0x00, 0x00, 0x00, 0x0C, 0x04, 0x00, 0x00, 0x00, 0x00, 0x00,
    0x58, 0x13, 0x00, 0x00, 0x00, 0x00, 0x00, 0xBE, 0x33, 0x00, 0x00, 0x00, 0x00, 0x00, 0xBE, 0x33,
    0x00, 0x00, 0x00, 0x00, 0x00, 0xBE, 0x33, 0x00, 0x00, 0x00, 0x00, 0x00, 0xBE, 0x33, 0x00, 0x00,
    0x00, 0x00, 0x00, 0xBE, 0x33, 0x00, 0x00, 0x00, 0x00, 0x00, 0xBE, 0x33, 0x00, 0x00, 0x00, 0x00,
    0x00, 0xBE, 0x33, 0x00, 0x00, 0x29, 0xFF, 0xFF, 0xFF, 0xFF, 0xFF, 0xDA, 0x00, 0x00, 0x00, 0xB7,
    0x00, 0x00, 0x00, 0x00, 0x00, 0x00, 0xFF, 0x00, 0x00, 0x00, 0x00, 0x00, 0x00, 0xFF, 0x00, 0x00,
    0x00, 0x00, 0x00, 0x00, 0xFF, 0x00, 0x00, 0x00, 0x00, 0x00, 0x00, 0xFF, 0x00, 0x00, 0x00, 0x00,
    0x00, 0x00, 0xFF, 0x00, 0x00, 0x00, 0x00, 0x00, 0x00, 0xFF, 0x00, 0x00, 0x00, 0x45, 0xBE, 0xBE,
    0xFF, 0x48, 0x48, 0x2A, 0x74, 0xFF, 0xFF, 0xFF, 0xCD, 0xCD, 0x91, 0x05, 0x12, 0x12, 0x12, 0x00,
    0x00, 0x00, 0x00, 0x00, 0x00, 0xB7, 0x00, 0x00, 0x00, 0x00, 0x00, 0x00, 0xFF, 0x00, 0x00, 0x00,
    0x00, 0x00, 0x00, 0xFF, 0x00, 0x00, 0x00, 0x00, 0x00, 0x00, 0xFF, 0x00, 0x00, 0x00, 0x00, 0x00,
    0x00, 0xFF, 0x00, 0x00, 0x00, 0x00, 0x00, 0x00, 0xFF, 0x00, 0x00, 0x00, 0x00, 0x00, 0x00, 0xFF,
    0x00, 0x00, 0x00, 0x15, 0x48, 0x48, 0xFF, 0xBE, 0xBE, 0x87, 0x4A, 0xCD, 0xCD, 0xFF, 0xFF, 0xFF,
    0xBE, 0x00, 0x00, 0x00, 0x0D, 0x12, 0x12, 0x0A, 0x00, 0x00, 0x00, 0x82, 0x1D, 0x00, 0x00, 0x00,
    0x00, 0x00, 0xBE, 0x33, 0x00, 0x00, 0x00, 0x00, 0x00, 0xBE, 0x33, 0x00, 0x00, 0x00, 0x00, 0x00,
    0xBE, 0x33, 0x00, 0x00, 0x00, 0x00, 0x00, 0xBE, 0x33, 0x00, 0x00, 0x00, 0x00, 0x00, 0xBE, 0x33,
    0x00, 0x00, 0x00, 0x00, 0x00, 0xBE, 0x33, 0x00, 0x00, 0x1E, 0xBE, 0xBE, 0xFF, 0xCF, 0xBE, 0xBB,
    0x33, 0xFF, 0xFF, 0xFF, 0xFF, 0xFF, 0xFF, 0x02, 0x12, 0x12, 0x12, 0x12, 0x12, 0x0D, 0x00, 0x00,
    0x00, 0x96, 0x37, 0x00, 0x00, 0x00, 0x00, 0x00, 0xFF, 0x75, 0x00, 0x00, 0x00, 0x00, 0x00, 0xFF,
    0x75, 0x00, 0x00, 0x00, 0x00, 0x00, 0xFF, 0x75, 0x00, 0x00, 0x00, 0x00, 0x00, 0xFF, 0x75, 0x00,
    0x00, 0x00, 0x00, 0x00, 0xFF, 0x75, 0x00, 0x00, 0x00, 0x00, 0x00, 0xFF, 0x75, 0x00, 0x00, 0x00,
    0x00, 0x00, 0xFF, 0x75, 0x00, 0x00, 0x29, 0xFF, 0xFF, 0xFF, 0xFF, 0xFF, 0xDA, 0x00, 0x00, 0x09,
    0xB9, 0x47, 0x00, 0x00, 0x00, 0x00, 0x11, 0xFF, 0x67, 0x00, 0x00, 0x00, 0x00, 0x11, 0xFF, 0x67,
    0x00, 0x00, 0x00, 0x00, 0x11, 0xFF, 0x67, 0x00, 0x00, 0x00, 0x00, 0x11, 0xFF, 0x67, 0x00, 0x00,
    0x00, 0x00, 0x11, 0xFF, 0x67, 0x00, 0x00, 0x00, 0x00, 0x11, 0xFF, 0x67, 0x00, 0x00, 0x2B, 0xBE,
    0xC4, 0xFF, 0x95, 0x48, 0x36, 0x49, 0xFF, 0xFF, 0xFF, 0xEA, 0xCD, 0xB8, 0x03, 0x12, 0x12, 0x12,
    0x05, 0x00, 0x00, 0x00, 0x00, 0x09, 0xB9, 0x47, 0x00, 0x00, 0x00, 0x00, 0x11, 0xFF, 0x67, 0x00,
    0x00, 0x00, 0x00, 0x11, 0xFF, 0x67, 0x00, 0x00, 0x00, 0x00, 0x11, 0xFF, 0x67, 0x00, 0x00, 0x00,
    0x00, 0x11, 0xFF, 0x67, 0x00, 0x00, 0x00, 0x00, 0x11, 0xFF, 0x67, 0x00, 0x00, 0x00, 0x00, 0x11,
    0xFF, 0x67, 0x00, 0x00, 0x0D, 0x48, 0x56, 0xFF, 0xE3, 0xBE, 0xAB, 0x2E, 0xCD, 0xD2, 0xFF, 0xFF,
    0xFF, 0xF0, 0x00, 0x00, 0x00, 0x12, 0x12, 0x12, 0x0D, 0x00, 0x00, 0x00, 0xB9, 0x51, 0x00, 0x00,
    0x00, 0x00, 0x00, 0xFF, 0x75, 0x00, 0x00, 0x00, 0x00, 0x00, 0xFF, 0x75, 0x00, 0x00, 0x00, 0x00,
    0x00, 0xFF, 0x75, 0x00, 0x00, 0x00, 0x00, 0x00, 0xFF, 0x75, 0x00, 0x00, 0x00, 0x00, 0x00, 0xFF,
    0x75, 0x00, 0x00, 0x00, 0x00, 0x00, 0xFF, 0x75, 0x00, 0x00, 0x1E, 0xBE, 0xBE, 0xFF, 0xE3, 0xBE,
    0xBB, 0x33, 0xFF, 0xFF, 0xFF, 0xFF, 0xFF, 0xFF, 0x02, 0x12, 0x12, 0x12, 0x12, 0x12, 0x0D, 0x00,
    0x00, 0x00, 0x7F, 0x1C, 0x00, 0x00, 0x00, 0x00, 0x00, 0xBE, 0x33, 0x00, 0x00, 0x00, 0x00, 0x00,
    0xBE, 0x33, 0x00, 0x00, 0x00, 0x00, 0x00, 0xBE, 0x33, 0x00, 0x00, 0x00, 0x00, 0x00, 0xBE, 0x33,
    0x00, 0x00, 0x00, 0x00, 0x00, 0xBE, 0x33, 0x00, 0x00, 0x00, 0x00, 0x00, 0xBE, 0x33, 0x00, 0x00,
    0x09, 0x42, 0x42, 0xD3, 0x6C, 0x42, 0x36, 0x21, 0xD2, 0xD2, 0xFF, 0xE0, 0xD2, 0xAD, 0x00, 0x00,
    0x00, 0xBE, 0x33, 0x00, 0x00, 0x00, 0x00, 0x00, 0xBE, 0x33, 0x00, 0x00, 0x00, 0x00, 0x00, 0xBE,
    0x33, 0x00, 0x00, 0x00, 0x00, 0x00, 0xBE, 0x33, 0x00, 0x00, 0x00, 0x00, 0x00, 0xBE, 0x33, 0x00,
    0x00, 0x00, 0x00, 0x00, 0xBE, 0x33, 0x00, 0x00, 0x00, 0x00, 0x00, 0xBE, 0x33, 0x00, 0x00, 0x00,
    0x00, 0x00, 0x0A, 0x02, 0x00, 0x00, 0x00, 0x00, 0x00, 0xB2, 0x00, 0x00, 0x00, 0x00, 0x00, 0x00,
    0xFF, 0x00, 0x00, 0x00, 0x00, 0x00, 0x00, 0xFF, 0x00, 0x00, 0x00, 0x00, 0x00, 0x00, 0xFF, 0x00,
    0x00, 0x00, 0x00, 0x00, 0x00, 0xFF, 0x00, 0x00, 0x00, 0x00, 0x00, 0x00, 0xFF, 0x00, 0x00, 0x00,
    0x00, 0x00, 0x00, 0xFF, 0x00, 0x00, 0x00, 0x42, 0xB9, 0xB9, 0xFF, 0x42, 0x42, 0x27, 0x74, 0xFF,
    0xFF, 0xFF, 0xD2, 0xD2, 0x94, 0x06, 0x18, 0x18, 0xFF, 0x00, 0x00, 0x00, 0x00, 0x00, 0x00, 0xFF,
    0x00, 0x00, 0x00, 0x00, 0x00, 0x00, 0xFF, 0x00, 0x00, 0x00, 0x00, 0x00, 0x00, 0xFF, 0x00, 0x00,
    0x00, 0x00, 0x00, 0x00, 0xFF, 0x00, 0x00, 0x00, 0x00, 0x00, 0x00, 0xFF, 0x00, 0x00, 0x00, 0x00,
    0x00, 0x00, 0xFF, 0x00, 0x00, 0x00, 0x00, 0x00, 0x00, 0x0D, 0x00, 0x00, 0x00, 0x00, 0x00, 0x00,
    0xB2, 0x00, 0x00, 0x00, 0x00, 0x00, 0x00, 0xFF, 0x00, 0x00, 0x00, 0x00, 0x00, 0x00, 0xFF, 0x00,
    0x00, 0x00, 0x00, 0x00, 0x00, 0xFF, 0x00, 0x00, 0x00, 0x00, 0x00, 0x00, 0xFF, 0x00, 0x00, 0x00,
    0x00, 0x00, 0x00, 0xFF, 0x00, 0x00, 0x00, 0x00, 0x00, 0x00, 0xFF, 0x00, 0x00, 0x00, 0x13, 0x42,
    0x42, 0xFF, 0xB9, 0xB9, 0x82, 0x4B, 0xD2, 0xD2, 0xFF, 0xFF, 0xFF, 0xBE, 0x00, 0x00, 0x00, 0xFF,
    0x18, 0x18, 0x0D, 0x00, 0x00, 0x00, 0xFF, 0x00, 0x00, 0x00, 0x00, 0x00, 0x00, 0xFF, 0x00, 0x00,
    0x00, 0x00, 0x00, 0x00, 0xFF, 0x00, 0x00, 0x00, 0x00, 0x00, 0x00, 0xFF, 0x00, 0x00, 0x00, 0x00,
    0x00, 0x00, 0xFF, 0x00, 0x00, 0x00, 0x00, 0x00, 0x00, 0xFF, 0x00, 0x00, 0x00, 0x00, 0x00, 0x00,
    0x0D, 0x00, 0x00, 0x00, 0x00, 0x00, 0x00, 0x7F, 0x1C, 0x00, 0x00, 0x00, 0x00, 0x00, 0xBE, 0x33,
    0x00, 0x00, 0x00, 0x00, 0x00, 0xBE, 0x33, 0x00, 0x00, 0x00, 0x00, 0x00, 0xBE, 0x33, 0x00, 0x00,
    0x00, 0x00, 0x00, 0xBE, 0x33, 0x00, 0x00, 0x00, 0x00, 0x00, 0xBE, 0x33, 0x00, 0x00, 0x00, 0x00,
    0x00, 0xBE, 0x33, 0x00, 0x00, 0x1D, 0xB9, 0xB9, 0xFF, 0xCB, 0xB9, 0xB7, 0x33, 0xFF, 0xFF, 0xFF,
    0xFF, 0xFF, 0xFF, 0x03, 0x18, 0x18, 0xC5, 0x48, 0x18, 0x13, 0x00, 0x00, 0x00, 0xBE, 0x33, 0x00,
    0x00, 0x00, 0x00, 0x00, 0xBE, 0x33, 0x00, 0x00, 0x00, 0x00, 0x00, 0xBE, 0x33, 0x00, 0x00, 0x00,
    0x00, 0x00, 0xBE, 0x33, 0x00, 0x00, 0x00, 0x00, 0x00, 0xBE, 0x33, 0x00, 0x00, 0x00, 0x00, 0x00,
    0xBE, 0x33, 0x00, 0x00, 0x00, 0x00, 0x00, 0x0A, 0x02, 0x00, 0x00, 0x00, 0x00, 0x00, 0x96, 0x37,
    0x00, 0x00, 0x00, 0x00, 0x00, 0xFF, 0x75, 0x00, 0x00, 0x00, 0x00, 0x00, 0xFF, 0x75, 0x00, 0x00,
    0x00, 0x00, 0x00, 0xFF, 0x75, 0x00, 0x00, 0x00, 0x00, 0x00, 0xFF, 0x75, 0x00, 0x00, 0x00, 0x00,
    0x00, 0xFF, 0x75, 0x00, 0x00, 0x00, 0x00, 0x00, 0xFF, 0x75, 0x00, 0x00, 0x00, 0x00, 0x00, 0xFF,
    0x75, 0x00, 0x00, 0x29, 0xFF, 0xFF, 0xFF, 0xFF, 0xFF, 0xDA, 0x00, 0x00, 0x00, 0xBE, 0x33, 0x00,
    0x00, 0x00, 0x00, 0x00, 0xBE, 0x33, 0x00, 0x00, 0x00, 0x00, 0x00, 0xBE, 0x33, 0x00, 0x00, 0x00,
    0x00, 0x00, 0xBE, 0x33, 0x00, 0x00, 0x00, 0x00, 0x00, 0xBE, 0x33, 0x00, 0x00, 0x00, 0x00, 0x00,
    0xBE, 0x33, 0x00, 0x00, 0x00, 0x00, 0x00, 0xBE, 0x33, 0x00, 0x00, 0x00, 0x00, 0x00, 0x31, 0x0B,
    0x00, 0x00, 0x00, 0x00, 0x00, 0x58, 0x13, 0x00, 0x00, 0x00, 0x00, 0x00, 0xBE, 0x33, 0x00, 0x00,
    0x00, 0x00, 0x00, 0xBE, 0x33, 0x00, 0x00, 0x00, 0x00, 0x00, 0xBE, 0x33, 0x00, 0x00, 0x00, 0x00,
    0x00, 0xBE, 0x33, 0x00, 0x00, 0x00, 0x00, 0x00, 0xBE, 0x33, 0x00, 0x00, 0x00, 0x00, 0x00, 0xBE,
    0x33, 0x00, 0x00, 0x00, 0x00, 0x00, 0xBE, 0x33, 0x00, 0x00, 0x29, 0xFF, 0xFF, 0xFF, 0xFF, 0xFF,
    0xDA, 0x00, 0x00, 0x00, 0xFF, 0x75, 0x00, 0x00, 0x00, 0x00, 0x00, 0xFF, 0x75, 0x00, 0x00, 0x00,
    0x00, 0x00, 0xFF, 0x75, 0x00, 0x00, 0x00, 0x00, 0x00, 0xFF, 0x75, 0x00, 0x00, 0x00, 0x00, 0x00,
    0xFF, 0x75, 0x00, 0x00, 0x00, 0x00, 0x00, 0xFF, 0x75, 0x00, 0x00, 0x00, 0x00, 0x00, 0xFF, 0x75,
    0x00, 0x00, 0x00, 0x00, 0x00, 0x54, 0x1E, 0x00, 0x00, 0x00, 0x00, 0x00, 0xB4, 0x4F, 0x00, 0x00,
    0x00, 0x00, 0x00, 0xFF, 0x75, 0x00, 0x00, 0x00, 0x00, 0x00, 0xFF, 0x75, 0x00, 0x00, 0x00, 0x00,
    0x00, 0xFF, 0x75, 0x00, 0x00, 0x00, 0x00, 0x00, 0xFF, 0x75, 0x00, 0x00, 0x00, 0x00, 0x00, 0xFF,
    0x75, 0x00, 0x00, 0x00, 0x00, 0x00, 0xFF, 0x75, 0x00, 0x00, 0x09, 0x42, 0x42, 0xFF, 0x9C, 0x42,
    0x36, 0x21, 0xD2, 0xD2, 0xFF, 0xEC, 0xD2, 0xAD, 0x00, 0x00, 0x00, 0xFF, 0x75, 0x00, 0x00, 0x00,
    0x00, 0x00, 0xFF, 0x75, 0x00, 0x00, 0x00, 0x00, 0x00, 0xFF, 0x75, 0x00, 0x00, 0x00, 0x00, 0x00,
    0xFF, 0x75, 0x00, 0x00, 0x00, 0x00, 0x00, 0xFF, 0x75, 0x00, 0x00, 0x00, 0x00, 0x00, 0xFF, 0x75,
    0x00, 0x00, 0x00, 0x00, 0x00, 0xFF, 0x75, 0x00, 0x00, 0x00, 0x00, 0x00, 0x12, 0x06, 0x00, 0x00,
    0x00, 0x00, 0x09, 0xB9, 0x47, 0x00, 0x00, 0x00, 0x00, 0x11, 0xFF, 0x67, 0x00, 0x00, 0x00, 0x00,
    0x11, 0xFF, 0x67, 0x00, 0x00, 0x00, 0x00, 0x11, 0xFF, 0x67, 0x00, 0x00, 0x00, 0x00, 0x11, 0xFF,
    0x67, 0x00, 0x00, 0x00, 0x00, 0x11, 0xFF, 0x67, 0x00, 0x00, 0x00, 0x00, 0x11, 0xFF, 0x67, 0x00,
    0x00, 0x2B, 0xBE, 0xC4, 0xFF, 0x90, 0x42, 0x31, 0x49, 0xFF, 0xFF, 0xFF, 0xEA, 0xCD, 0xB8, 0x03,
    0x12, 0x12, 0xDA, 0x26, 0x00, 0x00, 0x00, 0x00, 0x00, 0xD7, 0x22, 0x00, 0x00, 0x00, 0x00, 0x00,
    0xD7, 0x22, 0x00, 0x00, 0x00, 0x00, 0x00, 0xD7, 0x22, 0x00, 0x00, 0x00, 0x00, 0x00, 0xD7, 0x22,
    0x00, 0x00, 0x00, 0x00, 0x00, 0xD7, 0x22, 0x00, 0x00, 0x00, 0x00, 0x00, 0xD7, 0x22, 0x00, 0x00,
    0x00, 0x00, 0x00, 0x07, 0x01, 0x00, 0x00, 0x00, 0x00, 0x09, 0xB9, 0x47, 0x00, 0x00, 0x00, 0x00,
    0x11, 0xFF, 0x67, 0x00, 0x00, 0x00, 0x00, 0x11, 0xFF, 0x67, 0x00, 0x00, 0x00, 0x00, 0x11, 0xFF,
    0x67, 0x00, 0x00, 0x00, 0x00, 0x11, 0xFF, 0x67, 0x00, 0x00, 0x00, 0x00, 0x11, 0xFF, 0x67, 0x00,
    0x00, 0x00, 0x00, 0x11, 0xFF, 0x67, 0x00, 0x00, 0x0D, 0x48, 0x56, 0xFF, 0xE3, 0xBE, 0xAB, 0x2E,
    0xCD, 0xD2, 0xFF, 0xFF, 0xFF, 0xF0, 0x00, 0x00, 0x00, 0xDA, 0x33, 0x12, 0x0D, 0x00, 0x00, 0x00,
    0xD7, 0x22, 0x00, 0x00, 0x00, 0x00, 0x00, 0xD7, 0x22, 0x00, 0x00, 0x00, 0x00, 0x00, 0xD7, 0x22,
    0x00, 0x00, 0x00, 0x00, 0x00, 0xD7, 0x22, 0x00, 0x00, 0x00, 0x00, 0x00, 0xD7, 0x22, 0x00, 0x00,
    0x00, 0x00, 0x00, 0xD7, 0x22, 0x00, 0x00, 0x00, 0x00, 0x00, 0x07, 0x01, 0x00, 0x00, 0x00, 0x00,
    0x00, 0x94, 0x13, 0x00, 0x00, 0x00, 0x00, 0x00, 0xD7, 0x22, 0x00, 0x00, 0x00, 0x00, 0x00, 0xD7,
    0x22, 0x00, 0x00, 0x00, 0x00, 0x00, 0xD7, 0x22, 0x00, 0x00, 0x00, 0x00, 0x00, 0xD7, 0x22, 0x00,
    0x00, 0x00, 0x00, 0x00, 0xD7, 0x22, 0x00, 0x00, 0x00, 0x00, 0x00, 0xD7, 0x22, 0x00, 0x00, 0x2B,
    0xBE, 0xBE, 0xFF, 0x87, 0x48, 0x36, 0x49, 0xFF, 0xFF, 0xFF, 0xEA, 0xCD, 0xB8, 0x03, 0x12, 0x22,
    0xFF, 0x67, 0x00, 0x00, 0x00, 0x00, 0x11, 0xFF, 0x67, 0x00, 0x00, 0x00, 0x00, 0x11, 0xFF, 0x67,
    0x00, 0x00, 0x00, 0x00, 0x11, 0xFF, 0x67, 0x00, 0x00, 0x00, 0x00, 0x11, 0xFF, 0x67, 0x00, 0x00,
    0x00, 0x00, 0x11, 0xFF, 0x67, 0x00, 0x00, 0x00, 0x00, 0x11, 0xFF, 0x67, 0x00, 0x00, 0x00, 0x00,
    0x00, 0x0C, 0x03, 0x00, 0x00, 0x00, 0x00, 0x00, 0x90, 0x13, 0x00, 0x00, 0x00, 0x00, 0x00, 0xD7,
    0x22, 0x00, 0x00, 0x00, 0x00, 0x00, 0xD7, 0x22, 0x00, 0x00, 0x00, 0x00, 0x00, 0xD7, 0x22, 0x00,
    0x00, 0x00, 0x00, 0x00, 0xD7, 0x22, 0x00, 0x00, 0x00, 0x00, 0x00, 0xD7, 0x22, 0x00, 0x00, 0x00,
    0x00, 0x00, 0xD7, 0x22, 0x00, 0x00, 0x0B, 0x42, 0x49, 0xFF, 0xC4, 0xB9, 0xA6, 0x2E, 0xCD, 0xD2,
    0xFF, 0xFF, 0xFF, 0xF0, 0x00, 0x00, 0x11, 0xFF, 0x76, 0x18, 0x12, 0x00, 0x00, 0x11, 0xFF, 0x67,
    0x00, 0x00, 0x00, 0x00, 0x11, 0xFF, 0x67, 0x00, 0x00, 0x00, 0x00, 0x11, 0xFF, 0x67, 0x00, 0x00,
    0x00, 0x00, 0x11, 0xFF, 0x67, 0x00, 0x00, 0x00, 0x00, 0x11, 0xFF, 0x67, 0x00, 0x00, 0x00, 0x00,
    0x11, 0xFF, 0x67, 0x00, 0x00, 0x00, 0x00, 0x00, 0x12, 0x05, 0x00, 0x00, 0x00, 0x00, 0x00, 0xB9,
    0x51, 0x00, 0x00, 0x00, 0x00, 0x00, 0xFF, 0x75, 0x00, 0x00, 0x00, 0x00, 0x00, 0xFF, 0x75, 0x00,
    0x00, 0x00, 0x00, 0x00, 0xFF, 0x75, 0x00, 0x00, 0x00, 0x00, 0x00, 0xFF, 0x75, 0x00, 0x00, 0x00,
    0x00, 0x00, 0xFF, 0x75, 0x00, 0x00, 0x00, 0x00, 0x00, 0xFF, 0x75, 0x00, 0x00, 0x1E, 0xBE, 0xBE,
    0xFF, 0xE3, 0xBE, 0xBB, 0x33, 0xFF, 0xFF, 0xFF, 0xFF, 0xFF, 0xFF, 0x02, 0x12, 0x12, 0xC3, 0x43,
    0x12, 0x0D, 0x00, 0x00, 0x00, 0xBE, 0x33, 0x00, 0x00, 0x00, 0x00, 0x00, 0xBE, 0x33, 0x00, 0x00,
    0x00, 0x00, 0x00, 0xBE, 0x33, 0x00, 0x00, 0x00, 0x00, 0x00, 0xBE, 0x33, 0x00, 0x00, 0x00, 0x00,
    0x00, 0xBE, 0x33, 0x00, 0x00, 0x00, 0x00, 0x00, 0xBE, 0x33, 0x00, 0x00, 0x00, 0x00, 0x00, 0x06,
    0x01, 0x00, 0x00, 0x00, 0x00, 0x00, 0x82, 0x1D, 0x00, 0x00, 0x00, 0x00, 0x00, 0xBE, 0x33, 0x00,
    0x00, 0x00, 0x00, 0x00, 0xBE, 0x33, 0x00, 0x00, 0x00, 0x00, 0x00, 0xBE, 0x33, 0x00, 0x00, 0x00,
    0x00, 0x00, 0xBE, 0x33, 0x00, 0x00, 0x00, 0x00, 0x00, 0xBE, 0x33, 0x00, 0x00, 0x00, 0x00, 0x00,
    0xBE, 0x33, 0x00, 0x00, 0x1E, 0xBE, 0xBE, 0xFF, 0xCF, 0xBE, 0xBB, 0x33, 0xFF, 0xFF, 0xFF, 0xFF,
    0xFF, 0xFF, 0x02, 0x12, 0x12, 0xFF, 0x80, 0x12, 0x0D, 0x00, 0x00, 0x00, 0xFF, 0x75, 0x00, 0x00,
    0x00, 0x00, 0x00, 0xFF, 0x75, 0x00, 0x00, 0x00, 0x00, 0x00, 0xFF, 0x75, 0x00, 0x00, 0x00, 0x00,
    0x00, 0xFF, 0x75, 0x00, 0x00, 0x00, 0x00, 0x00, 0xFF, 0x75, 0x00, 0x00, 0x00, 0x00, 0x00, 0xFF,
    0x75, 0x00, 0x00, 0x00, 0x00, 0x00, 0x0C, 0x04, 0x00, 0x00, 0x00, 0x00, 0x09, 0xB4, 0x45, 0x00,
    0x00, 0x00, 0x00, 0x11, 0xFF, 0x67, 0x00, 0x00, 0x00, 0x00, 0x11, 0xFF, 0x67, 0x00, 0x00, 0x00,
    0x00, 0x11, 0xFF, 0x67, 0x00, 0x00, 0x00, 0x00, 0x11, 0xFF, 0x67, 0x00, 0x00, 0x00, 0x00, 0x11,
    0xFF, 0x67, 0x00, 0x00, 0x00, 0x00, 0x11, 0xFF, 0x67, 0x00, 0x00, 0x29, 0xB9, 0xBF, 0xFF, 0x90,
    0x42, 0x31, 0x49, 0xFF, 0xFF, 0xFF, 0xEC, 0xD2, 0xBD, 0x04, 0x18, 0x27, 0xFF, 0x67, 0x00, 0x00,
    0x00, 0x00, 0x11, 0xFF, 0x67, 0x00, 0x00, 0x00, 0x00, 0x11, 0xFF, 0x67, 0x00, 0x00, 0x00, 0x00,
    0x11, 0xFF, 0x67, 0x00, 0x00, 0x00, 0x00, 0x11, 0xFF, 0x67, 0x00, 0x00, 0x00, 0x00, 0x11, 0xFF,
    0x67, 0x00, 0x00, 0x00, 0x00, 0x11, 0xFF, 0x67, 0x00, 0x00, 0x00, 0x00, 0x00, 0x12, 0x05, 0x00,
    0x00, 0x00, 0x00, 0x09, 0xB4, 0x45, 0x00, 0x00, 0x00, 0x00, 0x11, 0xFF, 0x67, 0x00, 0x00, 0x00,
    0x00, 0x11, 0xFF, 0x67, 0x00, 0x00, 0x00, 0x00, 0x11, 0xFF, 0x67, 0x00, 0x00, 0x00, 0x00, 0x11,
    0xFF, 0x67, 0x00, 0x00, 0x00, 0x00, 0x11, 0xFF, 0x67, 0x00, 0x00, 0x00, 0x00, 0x11, 0xFF, 0x67,
    0x00, 0x00, 0x0B, 0x42, 0x50, 0xFF, 0xE1, 0xB9, 0xA6, 0x2F, 0xD2, 0xD6, 0xFF, 0xFF, 0xFF, 0xF0,
    0x00, 0x00, 0x11, 0xFF, 0x76, 0x18, 0x12, 0x00, 0x00, 0x11, 0xFF, 0x67, 0x00, 0x00, 0x00, 0x00,
    0x11, 0xFF, 0x67, 0x00, 0x00, 0x00, 0x00, 0x11, 0xFF, 0x67, 0x00, 0x00, 0x00, 0x00, 0x11, 0xFF,
    0x67, 0x00, 0x00, 0x00, 0x00, 0x11, 0xFF, 0x67, 0x00, 0x00, 0x00, 0x00, 0x11, 0xFF, 0x67, 0x00,
    0x00, 0x00, 0x00, 0x00, 0x12, 0x05, 0x00, 0x00, 0x00, 0x00, 0x00, 0xB4, 0x4F, 0x00, 0x00, 0x00,
    0x00, 0x00, 0xFF, 0x75, 0x00, 0x00, 0x00, 0x00, 0x00, 0xFF, 0x75, 0x00, 0x00, 0x00, 0x00, 0x00,
    0xFF, 0x75, 0x00, 0x00, 0x00, 0x00, 0x00, 0xFF, 0x75, 0x00, 0x00, 0x00, 0x00, 0x00, 0xFF, 0x75,
    0x00, 0x00, 0x00, 0x00, 0x00, 0xFF, 0x75, 0x00, 0x00, 0x1D, 0xB9, 0xB9, 0xFF, 0xE1, 0xB9, 0xB7,
    0x33, 0xFF, 0xFF, 0xFF, 0xFF, 0xFF, 0xFF, 0x03, 0x18, 0x18, 0xFF, 0x83, 0x18, 0x13, 0x00, 0x00,
    0x00, 0xFF, 0x75, 0x00, 0x00, 0x00, 0x00, 0x00, 0xFF, 0x75, 0x00, 0x00, 0x00, 0x00, 0x00, 0xFF,
    0x75, 0x00, 0x00, 0x00, 0x00, 0x00, 0xFF, 0x75, 0x00, 0x00, 0x00, 0x00, 0x00, 0xFF, 0x75, 0x00,
    0x00, 0x00, 0x00, 0x00, 0xFF, 0x75, 0x00, 0x00, 0x00, 0x00, 0x00, 0x12, 0x06, 0x00, 0x00, 0x18,
    0xFF, 0xBE, 0x00, 0xBA, 0xFF, 0x1C, 0x10, 0xBE, 0xA3, 0x00, 0x9F, 0xBE, 0x15, 0x1E, 0xFF, 0xE6,
    0x00, 0xE1, 0xFF, 0x24, 0x00, 0x12, 0x0C, 0x00, 0x0C, 0x12, 0x01, 0x72, 0xFF, 0xFF, 0xFC, 0x00,
    0x00, 0x00, 0xFC, 0xFF, 0xFF, 0x72, 0x0A, 0x8A, 0x4C, 0x1E, 0xFF, 0xB4, 0x1E, 0xFF, 0xB4, 0x1C,
    0xFF, 0xAB, 0x00, 0x00, 0x00, 0x00, 0x00, 0x00, 0x00, 0x00, 0x00, 0x1C, 0xFF, 0xAB, 0x1E, 0xFF,
    0xB4, 0x1E, 0xFF, 0xB4, 0x0A, 0x8A, 0x4C, 0x29, 0xFF, 0xFF, 0xFF, 0xFF, 0xFF, 0xD7, 0x00, 0x00,
    0x00, 0x00, 0x00, 0x00, 0x00, 0x29, 0xFF, 0xFF, 0xFF, 0xFF, 0xFF, 0xD7, 0xAF, 0x00, 0xAF, 0xFF,
    0x00, 0xFF, 0xFF, 0x00, 0xFF, 0xFF, 0x00, 0xFF, 0xFF, 0x00, 0xFF, 0xFF, 0x00, 0xFF, 0xFF, 0x00,
    0xFF, 0xFF, 0x00, 0xFF, 0xFF, 0x00, 0xFF, 0xFF, 0x00, 0xFF, 0xFF, 0x00, 0xFF, 0xFF, 0x00, 0xFF,
    0xFF, 0x00, 0xFF, 0xFF, 0x00, 0xFF, 0xFF, 0x00, 0xFF, 0xFF, 0x00, 0xFF, 0x0D, 0x00, 0x0D, 0xF1,
    0xFF, 0xF6, 0xB8, 0x60, 0x00, 0x00, 0x00, 0xFF, 0xFF, 0xF6, 0xB8, 0x60, 0x00, 0x00, 0x00, 0x60,
    0x00, 0x00, 0x00, 0x60, 0x00, 0x00, 0x00, 0x60, 0x00, 0x00, 0x00, 0x60, 0x00, 0x00, 0x00, 0x60,
    0x00, 0x00, 0x00, 0x18, 0x00, 0x00, 0x00, 0xFF, 0xFF, 0xFF, 0xE7, 0x85, 0x66, 0xCC, 0x00, 0x00,
    0x00, 0x66, 0xCC, 0x00, 0x00, 0x00, 0x66, 0xCC, 0x00, 0x00, 0x00, 0x66, 0xCC, 0x00, 0x00, 0x00,
    0x66, 0xCC, 0x00, 0x00, 0x00, 0x66, 0xCC, 0x00, 0x00, 0x00, 0x66, 0xCC, 0x00, 0x00, 0x00, 0x1B,
    0x36, 0x00, 0x00, 0x00, 0xEF, 0xFF, 0xFF, 0xF1, 0xB8, 0x66, 0x00, 0x00, 0x00, 0x00, 0x66, 0xCC,
    0xFF, 0xF1, 0xB8, 0x66, 0xCC, 0x00, 0x00, 0x00, 0x66, 0xCC, 0x00, 0x00, 0x00, 0x66, 0xCC, 0x00,
    0x00, 0x00, 0x66, 0xCC, 0x00, 0x00, 0x00, 0x66, 0xCC, 0x00, 0x00, 0x00, 0x66, 0xCC, 0x00, 0x00,
    0x00, 0x30, 0x61, 0x00, 0x00, 0x00, 0x00, 0x82, 0xFF, 0xFF, 0xFF, 0xFF, 0x00, 0x00, 0x00, 0x00,
    0x00, 0xFF, 0x00, 0x82, 0xFF, 0xFF, 0xFF, 0xFF, 0x00, 0x00, 0x00, 0x00, 0x00, 0xFF, 0x00, 0x00,
    0x00, 0x00, 0x00, 0xFF, 0x00, 0x00, 0x00, 0x00, 0x00, 0xFF, 0x00, 0x00, 0x00, 0x00, 0x00, 0xFF,
    0x00, 0x00, 0x00, 0x00, 0x00, 0xFF, 0x00, 0x00, 0x00, 0x00, 0x00, 0xFF, 0x00, 0x00, 0x00, 0x00,
    0x00, 0x40, 0x00, 0x85, 0xFF, 0xFF, 0xFF, 0xFF, 0xFF, 0x00, 0x00, 0x00, 0x00, 0xFF, 0x00, 0xFF,
    0x00, 0x00, 0x00, 0x00, 0xFF, 0x00, 0xFF, 0x00, 0x00, 0x00, 0x00, 0xFF, 0x00, 0xFF, 0x00, 0x00,
    0x00, 0x00, 0xFF, 0x00, 0xFF, 0x00, 0x00, 0x00, 0x00, 0xFF, 0x00, 0xFF, 0x00, 0x00, 0x00, 0x00,
    0xFF, 0x00, 0xFF, 0x00, 0x00, 0x00, 0x00, 0xFF, 0x00, 0xFF, 0x00, 0x00, 0x00, 0x00, 0x43, 0x00,
    0x43, 0x00, 0xB8, 0xFF, 0xFF, 0xFF, 0xFF, 0xD7, 0x00, 0x00, 0x00, 0x00, 0x00, 0x00, 0xFF, 0x00,
    0xB8, 0xFF, 0xFF, 0xFF, 0x00, 0xFF, 0x00, 0x00, 0x00, 0x00, 0xFF, 0x00, 0xFF, 0x00, 0x00, 0x00,
    0x00, 0xFF, 0x00, 0xFF, 0x00, 0x00, 0x00, 0x00, 0xFF, 0x00, 0xFF, 0x00, 0x00, 0x00, 0x00, 0xFF,
    0x00, 0xFF, 0x00, 0x00, 0x00, 0x00, 0xFF, 0x00, 0xFF, 0x00, 0x00, 0x00, 0x00, 0xFF, 0x00, 0xFF,
    0x00, 0x00, 0x00, 0x00, 0x79, 0x00, 0x79, 0x1A, 0x00, 0x00, 0x00, 0x60, 0x00, 0x00, 0x00, 0x60,
    0x00, 0x00, 0x00, 0x60, 0x00, 0x00, 0x00, 0x60, 0x00, 0x00, 0x00, 0x60, 0x00, 0x00, 0x00, 0x60,
    0x00, 0x00, 0x00, 0xFF, 0xFF, 0xF6, 0xB8, 0x60, 0x00, 0x00, 0x00, 0xF0, 0xFF, 0xF6, 0xB8, 0x30,
    0x61, 0x00, 0x00, 0x00, 0x66, 0xCC, 0x00, 0x00, 0x00, 0x66, 0xCC, 0x00, 0x00, 0x00, 0x66, 0xCC,
    0x00, 0x00, 0x00, 0x66, 0xCC, 0x00, 0x00, 0x00, 0x66, 0xCC, 0x00, 0x00, 0x00, 0x66, 0xCC, 0x00,
    0x00, 0x00, 0x66, 0xCC, 0x00, 0x00, 0x00, 0xEF, 0xFF, 0xFF, 0xE7, 0x85, 0x32, 0x65, 0x00, 0x00,
    0x00, 0x66, 0xCC, 0x00, 0x00, 0x00, 0x66, 0xCC, 0x00, 0x00, 0x00, 0x66, 0xCC, 0x00, 0x00, 0x00,
    0x66, 0xCC, 0x00, 0x00, 0x00, 0x66, 0xCC, 0x00, 0x00, 0x00, 0x66, 0xCC, 0x00, 0x00, 0x00, 0x66,
    0xCC, 0xFF, 0xF1, 0xB8, 0x66, 0x00, 0x00, 0x00, 0x00, 0xED, 0xFF, 0xFF, 0xF1, 0xB8, 0x00, 0x00,
    0x00, 0x00, 0x00, 0x45, 0x00, 0x00, 0x00, 0x00, 0x00, 0xFF, 0x00, 0x00, 0x00, 0x00, 0x00, 0xFF,
    0x00, 0x00, 0x00, 0x00, 0x00, 0xFF, 0x00, 0x00, 0x00, 0x00, 0x00, 0xFF, 0x00, 0x00, 0x00, 0x00,
    0x00, 0xFF, 0x00, 0x00, 0x00, 0x00, 0x00, 0xFF, 0x00, 0x82, 0xFF, 0xFF, 0xFF, 0xFF, 0x00, 0x00,
    0x00, 0x00, 0x00, 0xFF, 0x00, 0x82, 0xFF, 0xFF, 0xFF, 0xFF, 0x00, 0x00, 0x00, 0x00, 0x79, 0x00,
    0x79, 0x00, 0x00, 0x00, 0x00, 0xFF, 0x00, 0xFF, 0x00, 0x00, 0x00, 0x00, 0xFF, 0x00, 0xFF, 0x00,
    0x00, 0x00, 0x00, 0xFF, 0x00, 0xFF, 0x00, 0x00, 0x00, 0x00, 0xFF, 0x00, 0xFF, 0x00, 0x00, 0x00,
    0x00, 0xFF, 0x00, 0xFF, 0x00, 0x00, 0x00, 0x00, 0xFF, 0x00, 0xFF, 0x00, 0x00, 0x00, 0x00, 0xFF,
    0x00, 0xFF, 0x00, 0x85, 0xFF, 0xFF, 0xFF, 0xFF, 0xD7, 0x00, 0x00, 0x00, 0x00, 0x7E, 0x00, 0x7E,
    0x00, 0x00, 0x00, 0x00, 0xFF, 0x00, 0xFF, 0x00, 0x00, 0x00, 0x00, 0xFF, 0x00, 0xFF, 0x00, 0x00,
    0x00, 0x00, 0xFF, 0x00, 0xFF, 0x00, 0x00, 0x00, 0x00, 0xFF, 0x00, 0xFF, 0x00, 0x00, 0x00, 0x00,
    0xFF, 0x00, 0xFF, 0x00, 0x00, 0x00, 0x00, 0xFF, 0x00, 0xFF, 0x00, 0xB8, 0xFF, 0xFF, 0xFF, 0x00,
    0xFF, 0x00, 0x00, 0x00, 0x00, 0x00, 0x00, 0xFF, 0x00, 0xB8, 0xFF, 0xFF, 0xFF, 0xFF, 0xD3, 0x43,
    0x00, 0x00, 0x00, 0x60, 0x00, 0x00, 0x00, 0x60, 0x00, 0x00, 0x00, 0x60, 0x00, 0x00, 0x00, 0x60,
    0x00, 0x00, 0x00, 0x60, 0x00, 0x00, 0x00, 0x60, 0x00, 0x00, 0x00, 0xFF, 0xFF, 0xF6, 0xB8, 0xB2,
    0x84, 0x7D, 0x4E, 0xD0, 0xB4, 0xAB, 0x6A, 0x60, 0x00, 0x00, 0x00, 0x60, 0x00, 0x00, 0x00, 0x60,
    0x00, 0x00, 0x00, 0x60, 0x00, 0x00, 0x00, 0x60, 0x00, 0x00, 0x00, 0x60, 0x00, 0x00, 0x00, 0x05,
    0x00, 0x00, 0x00, 0x46, 0x8C, 0x00, 0x00, 0x00, 0x66, 0xCC, 0x00, 0x00, 0x00, 0x66, 0xCC, 0x00,
    0x00, 0x00, 0x66, 0xCC, 0x00, 0x00, 0x00, 0x66, 0xCC, 0x00, 0x00, 0x00, 0x66, 0xCC, 0x00, 0x00,
    0x00, 0x66, 0xCC, 0x00, 0x00, 0x00, 0x66, 0xCC, 0x42, 0x3D, 0x27, 0x66, 0xCC, 0xD2, 0xC6, 0x94,
    0x66, 0xCC, 0x00, 0x00, 0x00, 0x66, 0xCC, 0x00, 0x00, 0x00, 0x66, 0xCC, 0x00, 0x00, 0x00, 0x66,
    0xCC, 0x00, 0x00, 0x00, 0x66, 0xCC, 0x00, 0x00, 0x00, 0x66, 0xCC, 0x00, 0x00, 0x00, 0x66, 0xCC,
    0x00, 0x00, 0x00, 0x05, 0x0A, 0x00, 0x00, 0x00, 0x46, 0x8C, 0x00, 0x00, 0x00, 0x66, 0xCC, 0x00,
    0x00, 0x00, 0x66, 0xCC, 0x00, 0x00, 0x00, 0x66, 0xCC, 0x00, 0x00, 0x00, 0x66, 0xCC, 0x00, 0x00,
    0x00, 0x66, 0xCC, 0x00, 0x00, 0x00, 0x66, 0xCC, 0x00, 0x00, 0x00, 0x66, 0xCC, 0xFF, 0xF1, 0xB8,
    0x66, 0x6A, 0x84, 0x79, 0x4E, 0x66, 0xCC, 0xB4, 0xA5, 0x6A, 0x66, 0xCC, 0x00, 0x00, 0x00, 0x66,
    0xCC, 0x00, 0x00, 0x00, 0x66, 0xCC, 0x00, 0x00, 0x00, 0x66, 0xCC, 0x00, 0x00, 0x00, 0x66, 0xCC,
    0x00, 0x00, 0x00, 0x66, 0xCC, 0x00, 0x00, 0x00, 0x05, 0x0A, 0x00, 0x00, 0x00, 0x00, 0x00, 0x00,
    0x00, 0x00, 0xB2, 0x00, 0x00, 0x00, 0x00, 0x00, 0xFF, 0x00, 0x00, 0x00, 0x00, 0x00, 0xFF, 0x00,
    0x00, 0x00, 0x00, 0x00, 0xFF, 0x00, 0x00, 0x00, 0x00, 0x00, 0xFF, 0x00, 0x00, 0x00, 0x00, 0x00,
    0xFF, 0x00, 0x00, 0x00, 0x00, 0x00, 0xFF, 0x00, 0x82, 0xFF, 0xFF, 0xFF, 0xFF, 0x00, 0x37, 0x84,
    0x84, 0x84, 0xFF, 0x00, 0x4B, 0xB4, 0xB4, 0xB4, 0xFF, 0x00, 0x00, 0x00, 0x00, 0x00, 0xFF, 0x00,
    0x00, 0x00, 0x00, 0x00, 0xFF, 0x00, 0x00, 0x00, 0x00, 0x00, 0xFF, 0x00, 0x00, 0x00, 0x00, 0x00,
    0xFF, 0x00, 0x00, 0x00, 0x00, 0x00, 0xFF, 0x00, 0x00, 0x00, 0x00, 0x00, 0xFF, 0x00, 0x00, 0x00,
    0x00, 0x00, 0x0D, 0x00, 0x00, 0x00, 0x00, 0xAF, 0x00, 0xAF, 0x00, 0x00, 0x00, 0x00, 0xFF, 0x00,
    0xFF, 0x00, 0x00, 0x00, 0x00, 0xFF, 0x00, 0xFF, 0x00, 0x00, 0x00, 0x00, 0xFF, 0x00, 0xFF, 0x00,
    0x00, 0x00, 0x00, 0xFF, 0x00, 0xFF, 0x00, 0x00, 0x00, 0x00, 0xFF, 0x00, 0xFF, 0x00, 0x00, 0x00,
    0x00, 0xFF, 0x00, 0xFF, 0x00, 0x27, 0x42, 0x42, 0xFF, 0x00, 0xFF, 0x00, 0x94, 0xD2, 0xD2, 0xFF,
    0x00, 0xFF, 0x00, 0x00, 0x00, 0x00, 0xFF, 0x00, 0xFF, 0x00, 0x00, 0x00, 0x00, 0xFF, 0x00, 0xFF,
    0x00, 0x00, 0x00, 0x00, 0xFF, 0x00, 0xFF, 0x00, 0x00, 0x00, 0x00, 0xFF, 0x00, 0xFF, 0x00, 0x00,
    0x00, 0x00, 0xFF, 0x00, 0xFF, 0x00, 0x00, 0x00, 0x00, 0xFF, 0x00, 0xFF, 0x00, 0x00, 0x00, 0x00,
    0xFF, 0x00, 0xFF, 0x00, 0x00, 0x00, 0x00, 0x0D, 0x00, 0x0D, 0x00, 0x00, 0x00, 0x00, 0xAF, 0x00,
    0xAF, 0x00, 0x00, 0x00, 0x00, 0xFF, 0x00, 0xFF, 0x00, 0x00, 0x00, 0x00, 0xFF, 0x00, 0xFF, 0x00,
    0x00, 0x00, 0x00, 0xFF, 0x00, 0xFF, 0x00, 0x00, 0x00, 0x00, 0xFF, 0x00, 0xFF, 0x00, 0x00, 0x00,
    0x00, 0xFF, 0x00, 0xFF, 0x00, 0x00, 0x00, 0x00, 0xFF, 0x00, 0xFF, 0x00, 0xB8, 0xFF, 0xFF, 0xFF,
    0x00, 0xFF, 0x00, 0x4E, 0x84, 0x84, 0x84, 0x00, 0xFF, 0x00, 0x6A, 0xB4, 0xB4, 0xFF, 0x00, 0xFF,
    0x00, 0x00, 0x00, 0x00, 0xFF, 0x00, 0xFF, 0x00, 0x00, 0x00, 0x00, 0xFF, 0x00, 0xFF, 0x00, 0x00,
    0x00, 0x00, 0xFF, 0x00, 0xFF, 0x00, 0x00, 0x00, 0x00, 0xFF, 0x00, 0xFF, 0x00, 0x00, 0x00, 0x00,
    0xFF, 0x00, 0xFF, 0x00, 0x00, 0x00, 0x00, 0xFF, 0x00, 0xFF, 0x00, 0x00, 0x00, 0x00, 0x0D, 0x00,
    0x0D, 0x29, 0xFF, 0xFF, 0xFF, 0xFF, 0xFF, 0xD7, 0x00, 0x00, 0x00, 0x00, 0x00, 0x00, 0x00, 0x29,
    0xFF, 0xFF, 0xFF, 0xFF, 0xFF, 0xD7, 0x00, 0x00, 0x00, 0xBE, 0x33, 0x00, 0x00, 0x00, 0x00, 0x00,
    0xBE, 0x33, 0x00, 0x00, 0x00, 0x00, 0x00, 0xBE, 0x33, 0x00, 0x00, 0x00, 0x00, 0x00, 0xBE, 0x33,
    0x00, 0x00, 0x00, 0x00, 0x00, 0xBE, 0x33, 0x00, 0x00, 0x00, 0x00, 0x00, 0xBE, 0x33, 0x00, 0x00,
    0x00, 0x00, 0x00, 0x58, 0x13, 0x00, 0x00, 0x29, 0xFF, 0xFF, 0xFF, 0xFF, 0xFF, 0xDA, 0x00, 0x00,
    0x59, 0x9C, 0x94, 0x03, 0x00, 0x00, 0x00, 0x59, 0x9C, 0x94, 0x03, 0x00, 0x00, 0x00, 0x59, 0x9C,
    0x94, 0x03, 0x00, 0x00, 0x00, 0x59, 0x9C, 0x94, 0x03, 0x00, 0x00, 0x00, 0x59, 0x9C, 0x94, 0x03,
    0x00, 0x00, 0x00, 0x59, 0x9C, 0x94, 0x03, 0x00, 0x00, 0x00, 0x59, 0x9C, 0x94, 0x03, 0x00, 0x00,
    0x00, 0x13, 0x21, 0x25, 0x00, 0x00, 0x29, 0xFF, 0xFF, 0xFF, 0xFF, 0xFF, 0xD7, 0x00, 0x00, 0x00,
    0x00, 0x00, 0x00, 0x00, 0x29, 0xFF, 0xFF, 0x9C, 0xF9, 0xFF, 0xD7, 0x00, 0x00, 0x59, 0x9C, 0x94,
    0x03, 0x00, 0x00, 0x00, 0x59, 0x9C, 0x94, 0x03, 0x00, 0x00, 0x00, 0x59, 0x9C, 0x94, 0x03, 0x00,
    0x00, 0x00, 0x59, 0x9C, 0x94, 0x03, 0x00, 0x00, 0x00, 0x59, 0x9C, 0x94, 0x03, 0x00, 0x00, 0x00,
    0x59, 0x9C, 0x94, 0x03, 0x00, 0x00, 0x00, 0x22, 0x3C, 0x44, 0x01, 0x00, 0x00, 0x00, 0x00, 0x5B,
    0x15, 0x00, 0x00, 0x00, 0x00, 0x00, 0xBE, 0x33, 0x00, 0x00, 0x00, 0x00, 0x00, 0xBE, 0x33, 0x00,
    0x00, 0x00, 0x00, 0x00, 0xBE, 0x33, 0x00, 0x00, 0x00, 0x00, 0x00, 0xBE, 0x33, 0x00, 0x00, 0x00,
    0x00, 0x00, 0xBE, 0x33, 0x00, 0x00, 0x00, 0x00, 0x00, 0xBE, 0x33, 0x00, 0x00, 0x29, 0xFF, 0xFF,
    0xFF, 0xFF, 0xFF, 0xD7, 0x00, 0x00, 0x00, 0x00, 0x00, 0x00, 0x00, 0x29, 0xFF, 0xFF, 0xFF, 0xFF,
    0xFF, 0xD7, 0x00, 0x00, 0x22, 0x3C, 0x44, 0x01, 0x00, 0x00, 0x00, 0x59, 0x9C, 0x94, 0x03, 0x00,
    0x00, 0x00, 0x59, 0x9C, 0x94, 0x03, 0x00, 0x00, 0x00, 0x59, 0x9C, 0x94, 0x03, 0x00, 0x00, 0x00,
    0x59, 0x9C, 0x94, 0x03, 0x00, 0x00, 0x00, 0x59, 0x9C, 0x94, 0x03, 0x00, 0x00, 0x00, 0x59, 0x9C,
    0x94, 0x03, 0x00, 0x00, 0x00, 0x59, 0x9C, 0x94, 0x03, 0x00, 0x29, 0xFF, 0xFF, 0xFF, 0xFF, 0xFF,
    0xDA, 0x00, 0x00, 0x24, 0x3F, 0x46, 0x01, 0x00, 0x00, 0x00, 0x59, 0x9C, 0x94, 0x03, 0x00, 0x00,
    0x00, 0x59, 0x9C, 0x94, 0x03, 0x00, 0x00, 0x00, 0x59, 0x9C, 0x94, 0x03, 0x00, 0x00, 0x00, 0x59,
    0x9C, 0x94, 0x03, 0x00, 0x00, 0x00, 0x59, 0x9C, 0x94, 0x03, 0x00, 0x00, 0x00, 0x59, 0x9C, 0x94,
    0x03, 0x00, 0x29, 0xFF, 0xFF, 0x99, 0xF6, 0xFF, 0xD7, 0x00, 0x00, 0x00, 0x00, 0x00, 0x00, 0x00,
    0x29, 0xFF, 0xFF, 0xFF, 0xFF, 0xFF, 0xD7, 0x00, 0x00, 0x00, 0x7F, 0x1C, 0x00, 0x00, 0x00, 0x00,
    0x00, 0xBE, 0x33, 0x00, 0x00, 0x00, 0x00, 0x00, 0xBE, 0x33, 0x00, 0x00, 0x00, 0x00, 0x00, 0xBE,
    0x33, 0x00, 0x00, 0x00, 0x00, 0x00, 0xBE, 0x33, 0x00, 0x00, 0x00, 0x00, 0x00, 0xBE, 0x33, 0x00,
    0x00, 0x00, 0x00, 0x00, 0xBE, 0x33, 0x00, 0x00, 0x29, 0xFF, 0xFF, 0xFF, 0xFF, 0xFF, 0xD7, 0x11,
    0x84, 0x84, 0xE9, 0xA5, 0x84, 0x6C, 0x18, 0xB4, 0xB4, 0xFA, 0xB9, 0xB4, 0x94, 0x00, 0x00, 0x00,
    0xBE, 0x33, 0x00, 0x00, 0x00, 0x00, 0x00, 0xBE, 0x33, 0x00, 0x00, 0x00, 0x00, 0x00, 0xBE, 0x33,
    0x00, 0x00, 0x00, 0x00, 0x00, 0xBE, 0x33, 0x00, 0x00, 0x00, 0x00, 0x00, 0xBE, 0x33, 0x00, 0x00,
    0x00, 0x00, 0x00, 0xBE, 0x33, 0x00, 0x00, 0x00, 0x00, 0x00, 0x0A, 0x02, 0x00, 0x00, 0x00, 0x00,
    0x32, 0x57, 0x62, 0x01, 0x00, 0x00, 0x00, 0x59, 0x9C, 0x94, 0x03, 0x00, 0x00, 0x00, 0x59, 0x9C,
    0x94, 0x03, 0x00, 0x00, 0x00, 0x59, 0x9C, 0x94, 0x03, 0x00, 0x00, 0x00, 0x59, 0x9C, 0x94, 0x03,
    0x00, 0x00, 0x00, 0x59, 0x9C, 0x94, 0x03, 0x00, 0x00, 0x00, 0x59, 0x9C, 0x94, 0x03, 0x00, 0x09,
    0x42, 0x79, 0xA2, 0xB4, 0x44, 0x36, 0x21, 0xD2, 0xEB, 0xFD, 0xEE, 0xD3, 0xAD, 0x00, 0x00, 0x59,
    0x9C, 0x94, 0x03, 0x00, 0x00, 0x00, 0x59, 0x9C, 0x94, 0x03, 0x00, 0x00, 0x00, 0x59, 0x9C, 0x94,
    0x03, 0x00, 0x00, 0x00, 0x59, 0x9C, 0x94, 0x03, 0x00, 0x00, 0x00, 0x59, 0x9C, 0x94, 0x03, 0x00,
    0x00, 0x00, 0x59, 0x9C, 0x94, 0x03, 0x00, 0x00, 0x00, 0x59, 0x9C, 0x94, 0x03, 0x00, 0x00, 0x00,
    0x03, 0x06, 0x07, 0x00, 0x00, 0x00, 0x00, 0x48, 0x00, 0x48, 0x00, 0x00, 0x00, 0x00, 0x92, 0x00,
    0x92, 0x00, 0x00, 0x00, 0x00, 0x92, 0x00, 0x92, 0x00, 0x00, 0x00, 0x00, 0x92, 0x00, 0x92, 0x00,
    0x00, 0x00, 0x00, 0x92, 0x00, 0x92, 0x00, 0x00, 0x00, 0x00, 0x92, 0x00, 0x92, 0x00, 0x00, 0x00,
    0x00, 0x92, 0x00, 0x92, 0x00, 0x00, 0x83, 0xFF, 0xFF, 0x00, 0xFF, 0xFF, 0xB8, 0x00, 0x00, 0x00,
    0x00, 0x00, 0x00, 0x00, 0x83, 0xFF, 0xFF, 0x00, 0xFF, 0xFF, 0xB8, 0x00, 0x00, 0x92, 0x00, 0x92,
    0x00, 0x00, 0x00, 0x00, 0x92, 0x00, 0x92, 0x00, 0x00, 0x00, 0x00, 0x92, 0x00, 0x92, 0x00, 0x00,
    0x00, 0x00, 0x92, 0x00, 0x92, 0x00, 0x00, 0x00, 0x00, 0x92, 0x00, 0x92, 0x00, 0x00, 0x00, 0x00,
    0x92, 0x00, 0x92, 0x00, 0x00, 0x00, 0x00, 0x45, 0x00, 0x45, 0x00, 0x00, 0x17, 0xB5, 0xF7, 0xBD,
    0xA9, 0x84, 0x01, 0x00, 0x9B, 0x12, 0x00, 0x00, 0x71, 0x04, 0x00, 0x00, 0x60, 0x00, 0x00, 0x00,
    0x60, 0x00, 0x00, 0x00, 0x60, 0x00, 0x00, 0x00, 0x60, 0x00, 0x00, 0x00, 0x1A, 0x00, 0x00, 0x00,
    0x00, 0x85, 0xFF, 0xE3, 0x3F, 0x00, 0x00, 0x00, 0x00, 0x51, 0xFF, 0x3F, 0x00, 0x00, 0x00, 0x00,
    0x51, 0xE3, 0x00, 0x00, 0x00, 0x00, 0x00, 0xFF, 0x00, 0x00, 0x00, 0x00, 0x00, 0xFF, 0x00, 0x00,
    0x00, 0x00, 0x00, 0xFF, 0x00, 0x00, 0x00, 0x00, 0x00, 0xFF, 0x00, 0x00, 0x00, 0x00, 0x00, 0xFF,
    0x00, 0x00, 0x00, 0x00, 0x00, 0x45, 0x00, 0x00, 0x00, 0x00, 0x00, 0x7B, 0x00, 0x00, 0x00, 0x00,
    0x00, 0xFF, 0x00, 0x00, 0x00, 0x00, 0x00, 0xFF, 0x00, 0x00, 0x00, 0x00, 0x00, 0xFF, 0x00, 0x00,
    0x00, 0x00, 0x00, 0xFF, 0x00, 0x00, 0x00, 0x00, 0x01, 0xFF, 0x00, 0x00, 0x00, 0x00, 0x72, 0xCA,
    0x00, 0x00, 0x1F, 0x8D, 0xFF, 0x24, 0x00, 0x85, 0xFA, 0xB1, 0x19, 0x00, 0x2E, 0x00, 0x00, 0x00,
    0x60, 0x00, 0x00, 0x00, 0x60, 0x00, 0x00, 0x00, 0x60, 0x00, 0x00, 0x00, 0x60, 0x00, 0x00, 0x00,
    0x75, 0x05, 0x00, 0x00, 0xB0, 0x16, 0x00, 0x00, 0x9D, 0xB5, 0x25, 0x00, 0x06, 0xA1, 0xEC, 0xBB,
    0x00, 0x00, 0x00, 0x00, 0x03, 0x15, 0x0F, 0x00, 0x00, 0x00, 0x00, 0x1E, 0xA7, 0x40, 0x00, 0x00,
    0x00, 0x00, 0x63, 0xA8, 0x00, 0x00, 0x00, 0x00, 0x00, 0xD4, 0x36, 0x00, 0x00, 0x00, 0x00, 0x6F,
    0xB1, 0x00, 0x00, 0x00, 0x00, 0x03, 0xFD, 0x2A, 0x00, 0x00, 0x00, 0x00, 0x7C, 0xB2, 0x00, 0x00,
    0x00, 0x00, 0x09, 0xDC, 0x1C, 0x00, 0x00, 0x00, 0x00, 0x81, 0xB2, 0x00, 0x00, 0x00, 0x00, 0x10,
    0xBE, 0x30, 0x00, 0x00, 0x00, 0x00, 0x67, 0x9A, 0x15, 0x00, 0x00, 0x00, 0x00, 0xA7, 0x4B, 0x00,
    0x00, 0x00, 0x00, 0x00, 0x97, 0x1F, 0x00, 0x00, 0x00, 0x00, 0x00, 0x65, 0x00, 0x00, 0x00, 0x00,
    0x00, 0x00, 0x11, 0x00, 0x00, 0x00, 0x00, 0x00, 0x00, 0x70, 0x01, 0x00, 0x00, 0x00, 0x00, 0x00,
    0xA0, 0x2B, 0x00, 0x00, 0x00, 0x00, 0x00, 0x9C, 0x54, 0x02, 0x00, 0x00, 0x00, 0x00, 0x62, 0xB7,
    0x1B, 0x00, 0x00, 0x00, 0x00, 0x06, 0xB9, 0x3F, 0x00, 0x00, 0x00, 0x00, 0x00, 0x63, 0xB2, 0x00,
    0x00, 0x00, 0x00, 0x00, 0x01, 0xD7, 0x37, 0x00, 0x00, 0x00, 0x00, 0x00, 0x57, 0xD5, 0x00, 0x00,
    0x00, 0x00, 0x00, 0x00, 0xE6, 0x46, 0x00, 0x00, 0x00, 0x00, 0x00, 0x46, 0xCE, 0x00, 0x00, 0x00,
    0x00, 0x00, 0x00, 0xBD, 0x54, 0x00, 0x00, 0x00, 0x00, 0x00, 0x4B, 0xB7, 0x04, 0x00, 0x00, 0x00,
    0x00, 0x19, 0x90, 0x4B, 0x11, 0x00, 0x00, 0x00, 0x03, 0x15, 0x0F, 0x70, 0x01, 0x00, 0x00, 0x1E,
    0xA7, 0x40, 0xA0, 0x2B, 0x00, 0x00, 0x63, 0xA8, 0x00, 0x9C, 0x54, 0x02, 0x00, 0xD4, 0x36, 0x00,
    0x63, 0xB4, 0x1A, 0x6F, 0xB1, 0x00, 0x00, 0x06, 0xB9, 0x42, 0xFD, 0x29, 0x00, 0x00, 0x00, 0x65,
    0xEF, 0xAF, 0x00, 0x00, 0x00, 0x00, 0x0B, 0xDD, 0x4E, 0x00, 0x00, 0x00, 0x00, 0x81, 0xD7, 0xD5,
    0x00, 0x00, 0x00, 0x10, 0xBE, 0x2F, 0xE7, 0x46, 0x00, 0x00, 0x67, 0x98, 0x14, 0x48, 0xCC, 0x00,
    0x00, 0xA5, 0x4A, 0x00, 0x00, 0xBE, 0x54, 0x00, 0x97, 0x1F, 0x00, 0x00, 0x4B, 0xB7, 0x04, 0x65,
    0x00, 0x00, 0x00, 0x19, 0x90, 0x4B, 0x00, 0x81, 0xFF, 0xFF, 0xFF, 0xFF, 0x04, 0x54, 0xFF, 0xFF,
    0xFF, 0xFF, 0xFF, 0xFF, 0xFF, 0xFC, 0xFB, 0xFF, 0xF3, 0x9F, 0x04, 0xFF, 0xFF, 0xFF, 0xFF, 0xFF,
    0xFF, 0xFF, 0xFF, 0x40, 0x00, 0x5B, 0xBE, 0xBE, 0xBE, 0xBE, 0x03, 0x00, 0x9C, 0xFF, 0xFF, 0xFF,
    0xFF, 0x06, 0x00, 0x06, 0x12, 0x12, 0x12, 0x12, 0x00, 0x07, 0x66, 0x39, 0x1E, 0xFF, 0xB4, 0x1E,
    0xFF, 0xB4, 0x1E, 0xFF, 0xB4, 0x1E, 0xFF, 0xB4, 0x1E, 0xFF, 0xB4, 0x1E, 0xFF, 0xB4, 0x1E, 0xFF,
    0xB4, 0x1C, 0xFF, 0xAB, 0xB8, 0xBE, 0xB5, 0x72, 0xFF, 0xFF, 0xF3, 0xA0, 0x11, 0x12, 0x11, 0x09,
    0x00, 0x06, 0x03, 0x1E, 0xFF, 0xB4, 0x1E, 0xFF, 0xB4, 0x1E, 0xFF, 0xB4, 0x1E, 0xFF, 0xB4, 0x1E,
    0xFF, 0xB4, 0x1E, 0xFF, 0xB4, 0x1E, 0xFF, 0xB4, 0x1E, 0xFF, 0xB4, 0x06, 0x4E, 0x2B, 0x1A, 0x48,
    0x48, 0xB2, 0xBE, 0xBE, 0x72, 0x5A, 0xCD, 0xCD, 0xFF, 0xFF, 0xFF, 0xA0, 0x00, 0x00, 0x00, 0x10,
    0x12, 0x12, 0x09, 0x00, 0x67, 0x18, 0x00, 0xD7, 0x3C, 0x00, 0xD7, 0x3C, 0x00, 0xD7, 0x3C, 0x00,
    0xD7, 0x3C, 0x00, 0xD7, 0x3C, 0x00, 0xD7, 0x3C, 0x00, 0xD8, 0x3D, 0x1E, 0xFF, 0xB4, 0x1E, 0xFF,
    0xB4, 0x1E, 0xFF, 0xB4, 0x1E, 0xFF, 0xB4, 0x1E, 0xFF, 0xB4, 0x1E, 0xFF, 0xB4, 0x1E, 0xFF, 0xB4,
    0x1E, 0xFF, 0xB4, 0x06, 0x4E, 0x2B, 0x41, 0xBE, 0xBE, 0xBE, 0x49, 0x48, 0x2B, 0x6F, 0xFF, 0xFF,
    0xFF, 0xCE, 0xCD, 0x94, 0x04, 0x12, 0x12, 0x12, 0x00, 0x00, 0x00, 0x07, 0x66, 0x39, 0x1E, 0xFF,
    0xB4, 0x1E, 0xFF, 0xB4, 0x1E, 0xFF, 0xB4, 0x1E, 0xFF, 0xB4, 0x1E, 0xFF, 0xB4, 0x1E, 0xFF, 0xB4,
    0x1E, 0xFF, 0xB4, 0x1C, 0xFF, 0xAD, 0x00, 0xD7, 0x3C, 0x00, 0xD7, 0x3C, 0x00, 0xD7, 0x3C, 0x00,
    0xD7, 0x3C, 0x00, 0xD7, 0x3C, 0x00, 0xD7, 0x3C, 0x00, 0xD7, 0x3C, 0x00, 0x58, 0x13, 0xFF, 0xFF,
    0xFF, 0xFF, 0xFF, 0xFF, 0xDC, 0x8E, 0xFF, 0xFF, 0xFF, 0xFF, 0xFF, 0xFF, 0xDE, 0x96, 0xFF, 0xFF,
    0xFF, 0xFF, 0xFF, 0xFF, 0xDE, 0x96, 0xFF, 0xFF, 0xFF, 0xFF, 0xFF, 0xFF, 0xDE, 0x96, 0xFF, 0xFF,
    0xFF, 0xFF, 0xFF, 0xFF, 0xDE, 0x96, 0xFF, 0xFF, 0xFF, 0xFF, 0xFF, 0xFF, 0xDE, 0x96, 0xFF, 0xFF,
    0xFF, 0xFF, 0xFF, 0xFF, 0xDE, 0x96, 0xFF, 0xFF, 0xFF, 0xFF, 0xFF, 0xFF, 0xDE, 0x96, 0x93, 0x96,
    0x96, 0x96, 0x96, 0x96, 0x79, 0x3A, 0xF8, 0xFA, 0xFA, 0xFA, 0xFA, 0xFA, 0xE8, 0xBD, 0x6D, 0x00,
    0x00, 0x00, 0x00, 0x0C, 0x6A, 0xC3, 0x6D, 0x00, 0x00, 0x00, 0x00, 0x0C, 0x6A, 0xC3, 0x6D, 0x00,
    0x00, 0x00, 0x00, 0x0C, 0x6A, 0xC3, 0x6D, 0x00, 0x00, 0x00, 0x00, 0x0C, 0x6A, 0xC3, 0x6D, 0x00,
    0x00, 0x00, 0x00, 0x0C, 0x6A, 0xC3, 0x6D, 0x00, 0x00, 0x00, 0x00, 0x0C, 0x6A, 0xC3, 0x75, 0x0C,
    0x0C, 0x0C, 0x0C, 0x18, 0x71, 0xC3, 0xEB, 0xF0, 0xF0, 0xF0, 0xF0, 0xF0, 0xDC, 0xAF, 0x00, 0x00,
    0x0B, 0x69, 0x00, 0x00, 0x00, 0x00, 0x00, 0x00, 0x89, 0xFA, 0x04, 0x00, 0x00, 0x00, 0x00, 0x09,
    0xD2, 0xFF, 0x85, 0x00, 0x00, 0x00, 0x00, 0x74, 0xEF, 0xFF, 0xEF, 0x03, 0x00, 0x00, 0x07, 0xB3,
    0xFF, 0xFF, 0xF8, 0x73, 0x00, 0x00, 0x5F, 0xE4, 0xFF, 0xFF, 0xFF, 0xD0, 0x03, 0x00, 0x95, 0xFF,
    0xFF, 0xFF, 0xFF, 0xEA, 0x61, 0x00, 0xD9, 0xFF, 0xFF, 0xFF, 0xFF, 0xFF, 0xB1, 0x04, 0xA8, 0xAA,
    0xAA, 0xAA, 0xAA, 0xAA, 0x85, 0x33, 0x63, 0x0D, 0x00, 0x00, 0x00, 0x00, 0x00, 0x00, 0xFF, 0xD0,
    0x45, 0x03, 0x00, 0x00, 0x00, 0x00, 0xFF, 0xFF, 0xFF, 0xBE, 0x27, 0x00, 0x00, 0x00, 0xFF, 0xFF,
    0xFF, 0xFF, 0xFB, 0x9F, 0x1D, 0x00, 0xFF, 0xFF, 0xFF, 0xFF, 0xFF, 0xFE, 0xB3, 0x1C, 0xFF, 0xFF,
    0xFF, 0xFF, 0xF6, 0x5F, 0x00, 0x00, 0xFF, 0xFF, 0xFF, 0x7F, 0x00, 0x00, 0x00, 0x00, 0xFF, 0xA0,
    0x16, 0x00, 0x00, 0x00, 0x00, 0x00, 0x2E, 0x00, 0x00, 0x00, 0x00, 0x00, 0x00, 0x00, 0xE5, 0xFF,
    0xFF, 0xFF, 0xFF, 0xFF, 0xC1, 0x3A, 0xC2, 0xFF, 0xFF, 0xFF, 0xFF, 0xFB, 0xA0, 0x00, 0x8F, 0xFF,
    0xFF, 0xFF, 0xFF, 0xE0, 0x3D, 0x00, 0x40, 0xD3, 0xFF, 0xFF, 0xFE, 0xBD, 0x00, 0x00, 0x00, 0xAF,
    0xFF, 0xFF, 0xF5, 0x48, 0x00, 0x00, 0x00, 0x4F, 0xE5, 0xFF, 0xDA, 0x00, 0x00, 0x00, 0x00, 0x00,
    0xCE, 0xFF, 0x53, 0x00, 0x00, 0x00, 0x00, 0x00, 0x5D, 0xE2, 0x00, 0x00, 0x00, 0x00, 0x00, 0x00,
    0x00, 0x31, 0x00, 0x00, 0x00, 0x00, 0x00, 0x00, 0x00, 0x00, 0x00, 0x1D, 0x81, 0x6A, 0x00, 0x00,
    0x00, 0x04, 0x92, 0xFF, 0xDE, 0x96, 0x00, 0x03, 0x72, 0xF8, 0xFF, 0xFF, 0xDE, 0x96, 0x50, 0xDB,
    0xFF, 0xFF, 0xFF, 0xFF, 0xDE, 0x96, 0xD9, 0xFF, 0xFF, 0xFF, 0xFF, 0xFF, 0xDE, 0x96, 0x18, 0x8F,
    0xF2, 0xFF, 0xFF, 0xFF, 0xDE, 0x96, 0x00, 0x00, 0x23, 0xB3, 0xFF, 0xFF, 0xDE, 0x96, 0x00, 0x00,
    0x00, 0x00, 0x34, 0xC8, 0xDE, 0x96, 0x00, 0x00, 0x00, 0x00, 0x00, 0x08, 0x32, 0x40, 0x00, 0x00,
    0x36, 0xB0, 0x00, 0x00, 0x00, 0x00, 0x00, 0x2E, 0xDC, 0xFF, 0x9E, 0x00, 0x00, 0x00, 0x26, 0xC4,
    0xFF, 0xFF, 0xFA, 0x88, 0x00, 0x00, 0xAD, 0xFF, 0xFF, 0xFF, 0xFF, 0xEF, 0x73, 0x00, 0xEF, 0xFF,
    0xFF, 0xFF, 0xFF, 0xFF, 0xC1, 0x39, 0x92, 0xFC, 0xFF, 0xFF, 0xFF, 0xE3, 0x49, 0x00, 0x0A, 0xAE,
    0xFD, 0xFF, 0xF6, 0x56, 0x00, 0x00, 0x00, 0x0C, 0xC9, 0xFE, 0x63, 0x00, 0x00, 0x00, 0x00, 0x00,
    0x0F, 0x54, 0x00, 0x00, 0x00, 0x00, 0x00, 0x00, 0x36, 0xB0, 0x00, 0x00, 0x00, 0x00, 0x00, 0x2E,
    0xDC, 0xF8, 0x9E, 0x00, 0x00, 0x00, 0x26, 0xC4, 0x7B, 0x12, 0xE5, 0x88, 0x00, 0x00, 0xAD, 0x8E,
    0x11, 0x00, 0x1B, 0xDD, 0x73, 0x00, 0xCA, 0x3B, 0x00, 0x00, 0x04, 0x68, 0xC1, 0x39, 0x92, 0xC7,
    0x21, 0x00, 0x44, 0xE3, 0x49, 0x00, 0x0A, 0xAE, 0xBF, 0x3E, 0xF6, 0x56, 0x00, 0x00, 0x00, 0x0C,
    0xC9, 0xFE, 0x63, 0x00, 0x00, 0x00, 0x00, 0x00, 0x0F, 0x54, 0x00, 0x00, 0x00, 0x00, 0x03, 0x6E,
    0xDE, 0xFA, 0xA2, 0x1B, 0x00, 0x00, 0x89, 0xC0, 0x43, 0x17, 0x9B, 0xDA, 0x29, 0x00, 0xB8, 0x38,
    0x00, 0x00, 0x05, 0x70, 0xA8, 0x00, 0x79, 0x05, 0x00, 0x00, 0x00, 0x2D, 0xB3, 0x2A, 0x70, 0x00,
    0x00, 0x00, 0x00, 0x26, 0xA4, 0x4E, 0x7A, 0x06, 0x00, 0x00, 0x00, 0x2E, 0xB5, 0x27, 0xA8, 0x32,
    0x00, 0x00, 0x06, 0x79, 0xA2, 0x00, 0x80, 0xC6, 0x54, 0x28, 0xAB, 0xD8, 0x21, 0x00, 0x01, 0x5E,
    0xCE, 0xEB, 0xAE, 0x12, 0x00, 0x00, 0x04, 0x72, 0xE1, 0xFE, 0xB6, 0x2D, 0x00, 0x00, 0x90, 0xFC,
    0xFF, 0xFF, 0xFF, 0xE3, 0x48, 0x00, 0xD9, 0xFF, 0xFF, 0xFF, 0xFF, 0xFF, 0xB3, 0x0D, 0xFF, 0xFF,
    0xFF, 0xFF, 0xFF, 0xFF, 0xD1, 0x6C, 0xFF, 0xFF, 0xFF, 0xFF, 0xFF, 0xFF, 0xDA, 0x88, 0xFD, 0xFF,
    0xFF, 0xFF, 0xFF, 0xFF, 0xC9, 0x51, 0xCB, 0xFF, 0xFF, 0xFF, 0xFF, 0xFE, 0xAC, 0x00, 0x67, 0xE9,
    0xFF, 0xFF, 0xFF, 0xD2, 0x1B, 0x00, 0x00, 0x22, 0x97, 0xA4, 0x69, 0x02, 0x00, 0x00, 0x00, 0x04,
    0x06, 0x06, 0x06, 0x06, 0x06, 0x04, 0x04, 0xF0, 0xA0, 0xA0, 0xA0, 0xA0, 0xA0, 0xDD, 0x06, 0xA0,
    0x00, 0x00, 0x00, 0x00, 0x00, 0xA5, 0x06, 0xA0, 0x00, 0x00, 0x00, 0x00, 0x00, 0xA5, 0x06, 0xA0,
    0x00, 0x00, 0x00, 0x00, 0x00, 0xA5, 0x06, 0xA0, 0x00, 0x00, 0x00, 0x00, 0x00, 0xA5, 0x06, 0xA0,
    0x00, 0x00, 0x00, 0x00, 0x00, 0xA5, 0x04, 0xEC, 0xA5, 0xA5, 0xA5, 0xA5, 0xA5, 0xDA, 0x01, 0x06,
    0x06, 0x06, 0x06, 0x06, 0x06, 0x03, 0xA8, 0xAA, 0xAA, 0xAA, 0xAA, 0xAA, 0xAA, 0xAC, 0xAA, 0x00,
    0x00, 0x00, 0x00, 0x6A, 0x13, 0xAA, 0xAA, 0x00, 0x00, 0x00, 0x61, 0x69, 0x00, 0xAA, 0xAA, 0x00,
    0x00, 0x06, 0xAF, 0x00, 0x00, 0xAA, 0xAA, 0x13, 0xA3, 0xB4, 0x52, 0x00, 0x00, 0xAA, 0xAA, 0x00,
    0x28, 0xF0, 0x00, 0x00, 0x00, 0xAA, 0xA8, 0xA5, 0xA5, 0xA5, 0xA5, 0xA5, 0xA5, 0xAC, 0x01, 0x06,
    0x06, 0x06, 0x06, 0x06, 0x06, 0x03, 0x00, 0x01, 0x3B, 0xB0, 0x00, 0x01, 0x00, 0x00, 0x50, 0xD2,
    0xF9, 0xFF, 0xC4, 0xD2, 0x09, 0x00, 0x62, 0xE4, 0x91, 0x4F, 0xAF, 0xD4, 0x12, 0x01, 0xEB, 0x73,
    0x0C, 0x14, 0x0C, 0xC7, 0xC6, 0x49, 0xBE, 0x50, 0x94, 0xFA, 0x1B, 0x89, 0xB1, 0x0D, 0xDA, 0x57,
    0x56, 0xA6, 0x0D, 0xB2, 0xC1, 0x39, 0xB2, 0xCD, 0x2C, 0x01, 0x53, 0xEE, 0x76, 0x16, 0x5F, 0xE4,
    0xFF, 0xFF, 0xFF, 0xD2, 0x09, 0x00, 0x0B, 0x2F, 0x77, 0xF7, 0x09, 0x42, 0x00, 0x00, 0x00, 0x00,
    0x00, 0x00, 0x90, 0x86, 0x10, 0x00, 0x00, 0x00, 0x00, 0xFF, 0xB7, 0x04, 0x20, 0x0F, 0x00, 0x60,
    0xF2, 0x77, 0x00, 0xFF, 0x49, 0x00, 0xCF, 0xE2, 0x24, 0x00, 0xDD, 0x81, 0x23, 0xFF, 0xC9, 0x00,
    0x00, 0xB3, 0xBF, 0x9D, 0xFF, 0x6F, 0x00, 0x00, 0x92, 0xFF, 0xEF, 0xFF, 0x08, 0x00, 0x00, 0x5E,
    0xE5, 0xFF, 0xB1, 0x00, 0x00, 0x00, 0x26, 0xC9, 0xFF, 0x3F, 0x00, 0x00, 0x00, 0x00, 0x00, 0x00,
    0x00, 0x00, 0x00, 0x2A, 0x1E, 0x00, 0x00, 0x6D, 0xE6, 0x00, 0x5D, 0xFF, 0x6F, 0x00, 0x00, 0x33,
    0xFF, 0x9F, 0xFF, 0xA1, 0x00, 0x00, 0x00, 0x00, 0xF2, 0xFF, 0xDA, 0x01, 0x00, 0x00, 0x00, 0x00,
    0xE2, 0xFF, 0x85, 0x00, 0x00, 0x00, 0x00, 0xB4, 0xFF, 0xFF, 0xFF, 0x03, 0x00, 0x00, 0x4E, 0xFF,
    0xBB, 0x48, 0xFF, 0x7C, 0x00, 0x06, 0xFF, 0xFF, 0x04, 0x00, 0x8B, 0x1F, 0x00, 0x18, 0xFF, 0x51,
    0x00, 0x00, 0x00, 0x00, 0x00, 0x00, 0x12, 0x00, 0x00, 0x00, 0x00, 0x00, 0x00, 0x00, 0x00, 0x00,
    0x00, 0x00, 0x00, 0x00, 0x00, 0x1A, 0x50, 0x12, 0x00, 0x12, 0xC7, 0x7E, 0x03, 0x8F, 0xFF, 0x42,
    0x07, 0xDB, 0xFE, 0xAB, 0x03, 0x73, 0xEF, 0xDB, 0xCB, 0xFF, 0xCF, 0x0E, 0x00, 0x2B, 0xC7, 0xFF,
    0xFF, 0xF1, 0x19, 0x00, 0x00, 0x00, 0xA2, 0xFB, 0xFF, 0x76, 0x00, 0x00, 0x00, 0x41, 0xD3, 0xFF,
    0xFF, 0xF1, 0x14, 0x00, 0x00, 0xAA, 0xFF, 0xFF, 0xFF, 0xFD, 0xBB, 0x00, 0x00, 0xDC, 0xEF, 0x30,
    0xCF, 0xFC, 0xA4, 0x00, 0x00, 0xB5, 0x5F, 0x05, 0x0F, 0x48, 0x0A, 0x00, 0x00, 0x00, 0x00, 0x00,
    0x00, 0x00, 0x00, 0x00, 0x00, 0x00, 0x00, 0x8D, 0xA2, 0x0C, 0x00, 0x00, 0x00, 0xFF, 0xFF, 0x1E,
    0x00, 0x00, 0x00, 0xFF, 0xFF, 0x1E, 0x00, 0x00, 0x00, 0xFF, 0xFF, 0x1E, 0x00, 0x00, 0x00, 0xFF,
    0xFF, 0x1E, 0x00, 0x00, 0x60, 0xFF, 0xFF, 0x81, 0x0A, 0x00, 0x6C, 0xFF, 0xFF, 0xAF, 0x00, 0x00,
    0x00, 0x6C, 0xAE, 0x00, 0x00,
};
