// Auto-generated VLW font: ibmplex_7
// Size: 17711 bytes (17.3 KB)
#pragma once
#include <pgmspace.h>

const uint8_t ibmplex_7[] PROGMEM = {
    0x00, 0x00, 0x01, 0x65, 0x00, 0x00, 0x00, 0x06, 0x00, 0x00, 0x00, 0x07, 0x00, 0x00, 0x00, 0x00,
    0x00, 0x00, 0x00, 0x08, 0x00, 0x00, 0x00, 0x02, 0x00, 0x00, 0x00, 0x20, 0x00, 0x00, 0x00, 0x00,
    0x00, 0x00, 0x00, 0x00, 0x00, 0x00, 0x00, 0x04, 0x00, 0x00, 0x00, 0x00, 0x00, 0x00, 0x00, 0x00,
    0x00, 0x00, 0x00, 0x00, 0x00, 0x00, 0x00, 0x21, 0x00, 0x00, 0x00, 0x05, 0x00, 0x00, 0x00, 0x02,
    0x00, 0x00, 0x00, 0x04, 0x00, 0x00, 0x00, 0x05, 0x00, 0x00, 0x00, 0x01, 0x00, 0x00, 0x00, 0x00,
    0x00, 0x00, 0x00, 0x22, 0x00, 0x00, 0x00, 0x03, 0x00, 0x00, 0x00, 0x02, 0x00, 0x00, 0x00, 0x04,
    0x00, 0x00, 0x00, 0x06, 0x00, 0x00, 0x00, 0x01, 0x00, 0x00, 0x00, 0x00, 0x00, 0x00, 0x00, 0x23,
    0x00, 0x00, 0x00, 0x05, 0x00, 0x00, 0x00, 0x04, 0x00, 0x00, 0x00, 0x04, 0x00, 0x00, 0x00, 0x05,
    0x00, 0x00, 0x00, 0x00, 0x00, 0x00, 0x00, 0x00, 0x00, 0x00, 0x00, 0x24, 0x00, 0x00, 0x00, 0x07,
    0x00, 0x00, 0x00, 0x04, 0x00, 0x00, 0x00, 0x04, 0x00, 0x00, 0x00, 0x06, 0x00, 0x00, 0x00, 0x00,
    0x00, 0x00, 0x00, 0x00, 0x00, 0x00, 0x00, 0x25, 0x00, 0x00, 0x00, 0x05, 0x00, 0x00, 0x00, 0x04,
    0x00, 0x00, 0x00, 0x04, 0x00, 0x00, 0x00, 0x05, 0x00, 0x00, 0x00, 0x00, 0x00, 0x00, 0x00, 0x00,
    0x00, 0x00, 0x00, 0x26, 0x00, 0x00, 0x00, 0x05, 0x00, 0x00, 0x00, 0x04, 0x00, 0x00, 0x00, 0x04,
    0x00, 0x00, 0x00, 0x05, 0x00, 0x00, 0x00, 0x00, 0x00, 0x00, 0x00, 0x00, 0x00, 0x00, 0x00, 0x27,
    0x00, 0x00, 0x00, 0x03, 0x00, 0x00, 0x00, 0x02, 0x00, 0x00, 0x00, 0x04, 0x00, 0x00, 0x00, 0x06,
    0x00, 0x00, 0x00, 0x01, 0x00, 0x00, 0x00, 0x00, 0x00, 0x00, 0x00, 0x28, 0x00, 0x00, 0x00, 0x07,
    0x00, 0x00, 0x00, 0x03, 0x00, 0x00, 0x00, 0x04, 0x00, 0x00, 0x00, 0x06, 0x00, 0x00, 0x00, 0x01,
    0x00, 0x00, 0x00, 0x00, 0x00, 0x00, 0x00, 0x29, 0x00, 0x00, 0x00, 0x07, 0x00, 0x00, 0x00, 0x03,
    0x00, 0x00, 0x00, 0x04, 0x00, 0x00, 0x00, 0x06, 0x00, 0x00, 0x00, 0x00, 0x00, 0x00, 0x00, 0x00,
    0x00, 0x00, 0x00, 0x2A, 0x00, 0x00, 0x00, 0x04, 0x00, 0x00, 0x00, 0x04, 0x00, 0x00, 0x00, 0x04,
    0x00, 0x00, 0x00, 0x04, 0x00, 0x00, 0x00, 0x00, 0x00, 0x00, 0x00, 0x00, 0x00, 0x00, 0x00, 0x2B,
    0x00, 0x00, 0x00, 0x04, 0x00, 0x00, 0x00, 0x04, 0x00, 0x00, 0x00, 0x04, 0x00, 0x00, 0x00, 0x04,
    0x00, 0x00, 0x00, 0x00, 0x00, 0x00, 0x00, 0x00, 0x00, 0x00, 0x00, 0x2C, 0x00, 0x00, 0x00, 0x03,
    0x00, 0x00, 0x00, 0x02, 0x00, 0x00, 0x00, 0x04, 0x00, 0x00, 0x00, 0x02, 0x00, 0x00, 0x00, 0x01,
    0x00, 0x00, 0x00, 0x00, 0x00, 0x00, 0x00, 0x2D, 0x00, 0x00, 0x00, 0x01, 0x00, 0x00, 0x00, 0x03,
    0x00, 0x00, 0x00, 0x04, 0x00, 0x00, 0x00, 0x03, 0x00, 0x00, 0x00, 0x01, 0x00, 0x00, 0x00, 0x00,
    0x00, 0x00, 0x00, 0x2E, 0x00, 0x00, 0x00, 0x02, 0x00, 0x00, 0x00, 0x02, 0x00, 0x00, 0x00, 0x04,
    0x00, 0x00, 0x00, 0x02, 0x00, 0x00, 0x00, 0x01, 0x00, 0x00, 0x00, 0x00, 0x00, 0x00, 0x00, 0x2F,
    0x00, 0x00, 0x00, 0x07, 0x00, 0x00, 0x00, 0x04, 0x00, 0x00, 0x00, 0x04, 0x00, 0x00, 0x00, 0x06,
    0x00, 0x00, 0x00, 0x00, 0x00, 0x00, 0x00, 0x00, 0x00, 0x00, 0x00, 0x30, 0x00, 0x00, 0x00, 0x05,
    0x00, 0x00, 0x00, 0x04, 0x00, 0x00, 0x00, 0x04, 0x00, 0x00, 0x00, 0x05, 0x00, 0x00, 0x00, 0x00,
    0x00, 0x00, 0x00, 0x00, 0x00, 0x00, 0x00, 0x31, 0x00, 0x00, 0x00, 0x05, 0x00, 0x00, 0x00, 0x04,
    0x00, 0x00, 0x00, 0x04, 0x00, 0x00, 0x00, 0x05, 0x00, 0x00, 0x00, 0x00, 0x00, 0x00, 0x00, 0x00,
    0x00, 0x00, 0x00, 0x32, 0x00, 0x00, 0x00, 0x05, 0x00, 0x00, 0x00, 0x04, 0x00, 0x00, 0x00, 0x04,
    0x00, 0x00, 0x00, 0x05, 0x00, 0x00, 0x00, 0x00, 0x00, 0x00, 0x00, 0x00, 0x00, 0x00, 0x00, 0x33,
    0x00, 0x00, 0x00, 0x05, 0x00, 0x00, 0x00, 0x04, 0x00, 0x00, 0x00, 0x04, 0x00, 0x00, 0x00, 0x05,
    0x00, 0x00, 0x00, 0x00, 0x00, 0x00, 0x00, 0x00, 0x00, 0x00, 0x00, 0x34, 0x00, 0x00, 0x00, 0x05,
    0x00, 0x00, 0x00, 0x04, 0x00, 0x00, 0x00, 0x04, 0x00, 0x00, 0x00, 0x05, 0x00, 0x00, 0x00, 0x00,
    0x00, 0x00, 0x00, 0x00, 0x00, 0x00, 0x00, 0x35, 0x00, 0x00, 0x00, 0x05, 0x00, 0x00, 0x00, 0x04,
    0x00, 0x00, 0x00, 0x04, 0x00, 0x00, 0x00, 0x05, 0x00, 0x00, 0x00, 0x00, 0x00, 0x00, 0x00, 0x00,
    0x00, 0x00, 0x00, 0x36, 0x00, 0x00, 0x00, 0x05, 0x00, 0x00, 0x00, 0x04, 0x00, 0x00, 0x00, 0x04,
    0x00, 0x00, 0x00, 0x05, 0x00, 0x00, 0x00, 0x00, 0x00, 0x00, 0x00, 0x00, 0x00, 0x00, 0x00, 0x37,
    0x00, 0x00, 0x00, 0x05, 0x00, 0x00, 0x00, 0x04, 0x00, 0x00, 0x00, 0x04, 0x00, 0x00, 0x00, 0x05,
    0x00, 0x00, 0x00, 0x00, 0x00, 0x00, 0x00, 0x00, 0x00, 0x00, 0x00, 0x38, 0x00, 0x00, 0x00, 0x05,
    0x00, 0x00, 0x00, 0x04, 0x00, 0x00, 0x00, 0x04, 0x00, 0x00, 0x00, 0x05, 0x00, 0x00, 0x00, 0x00,
    0x00, 0x00, 0x00, 0x00, 0x00, 0x00, 0x00, 0x39, 0x00, 0x00, 0x00, 0x05, 0x00, 0x00, 0x00, 0x04,
    0x00, 0x00, 0x00, 0x04, 0x00, 0x00, 0x00, 0x05, 0x00, 0x00, 0x00, 0x00, 0x00, 0x00, 0x00, 0x00,
    0x00, 0x00, 0x00, 0x3A, 0x00, 0x00, 0x00, 0x04, 0x00, 0x00, 0x00, 0x02, 0x00, 0x00, 0x00, 0x04,
    0x00, 0x00, 0x00, 0x04, 0x00, 0x00, 0x00, 0x01, 0x00, 0x00, 0x00, 0x00, 0x00, 0x00, 0x00, 0x3B,
    0x00, 0x00, 0x00, 0x05, 0x00, 0x00, 0x00, 0x02, 0x00, 0x00, 0x00, 0x04, 0x00, 0x00, 0x00, 0x04,
    0x00, 0x00, 0x00, 0x01, 0x00, 0x00, 0x00, 0x00, 0x00, 0x00, 0x00, 0x3C, 0x00, 0x00, 0x00, 0x05,
    0x00, 0x00, 0x00, 0x04, 0x00, 0x00, 0x00, 0x04, 0x00, 0x00, 0x00, 0x05, 0x00, 0x00, 0x00, 0x00,
    0x00, 0x00, 0x00, 0x00, 0x00, 0x00, 0x00, 0x3D, 0x00, 0x00, 0x00, 0x03, 0x00, 0x00, 0x00, 0x04,
    0x00, 0x00, 0x00, 0x04, 0x00, 0x00, 0x00, 0x04, 0x00, 0x00, 0x00, 0x00, 0x00, 0x00, 0x00, 0x00,
    0x00, 0x00, 0x00, 0x3E, 0x00, 0x00, 0x00, 0x05, 0x00, 0x00, 0x00, 0x04, 0x00, 0x00, 0x00, 0x04,
    0x00, 0x00, 0x00, 0x05, 0x00, 0x00, 0x00, 0x00, 0x00, 0x00, 0x00, 0x00, 0x00, 0x00, 0x00, 0x3F,
    0x00, 0x00, 0x00, 0x05, 0x00, 0x00, 0x00, 0x04, 0x00, 0x00, 0x00, 0x04, 0x00, 0x00, 0x00, 0x05,
    0x00, 0x00, 0x00, 0x00, 0x00, 0x00, 0x00, 0x00, 0x00, 0x00, 0x00, 0x40, 0x00, 0x00, 0x00, 0x06,
    0x00, 0x00, 0x00, 0x04, 0x00, 0x00, 0x00, 0x04, 0x00, 0x00, 0x00, 0x05, 0x00, 0x00, 0x00, 0x00,
    0x00, 0x00, 0x00, 0x00, 0x00, 0x00, 0x00, 0x41, 0x00, 0x00, 0x00, 0x05, 0x00, 0x00, 0x00, 0x04,
    0x00, 0x00, 0x00, 0x04, 0x00, 0x00, 0x00, 0x05, 0x00, 0x00, 0x00, 0x00, 0x00, 0x00, 0x00, 0x00,
    0x00, 0x00, 0x00, 0x42, 0x00, 0x00, 0x00, 0x05, 0x00, 0x00, 0x00, 0x04, 0x00, 0x00, 0x00, 0x04,
    0x00, 0x00, 0x00, 0x05, 0x00, 0x00, 0x00, 0x00, 0x00, 0x00, 0x00, 0x00, 0x00, 0x00, 0x00, 0x43,
    0x00, 0x00, 0x00, 0x05, 0x00, 0x00, 0x00, 0x04, 0x00, 0x00, 0x00, 0x04, 0x00, 0x00, 0x00, 0x05,
    0x00, 0x00, 0x00, 0x00, 0x00, 0x00, 0x00, 0x00, 0x00, 0x00, 0x00, 0x44, 0x00, 0x00, 0x00, 0x05,
    0x00, 0x00, 0x00, 0x04, 0x00, 0x00, 0x00, 0x04, 0x00, 0x00, 0x00, 0x05, 0x00, 0x00, 0x00, 0x00,
    0x00, 0x00, 0x00, 0x00, 0x00, 0x00, 0x00, 0x45, 0x00, 0x00, 0x00, 0x05, 0x00, 0x00, 0x00, 0x04,
    0x00, 0x00, 0x00, 0x04, 0x00, 0x00, 0x00, 0x05, 0x00, 0x00, 0x00, 0x00, 0x00, 0x00, 0x00, 0x00,
    0x00, 0x00, 0x00, 0x46, 0x00, 0x00, 0x00, 0x05, 0x00, 0x00, 0x00, 0x04, 0x00, 0x00, 0x00, 0x04,
    0x00, 0x00, 0x00, 0x05, 0x00, 0x00, 0x00, 0x00, 0x00, 0x00, 0x00, 0x00, 0x00, 0x00, 0x00, 0x47,
    0x00, 0x00, 0x00, 0x05, 0x00, 0x00, 0x00, 0x04, 0x00, 0x00, 0x00, 0x04, 0x00, 0x00, 0x00, 0x05,
    0x00, 0x00, 0x00, 0x00, 0x00, 0x00, 0x00, 0x00, 0x00, 0x00, 0x00, 0x48, 0x00, 0x00, 0x00, 0x05,
    0x00, 0x00, 0x00, 0x04, 0x00, 0x00, 0x00, 0x04, 0x00, 0x00, 0x00, 0x05, 0x00, 0x00, 0x00, 0x00,
    0x00, 0x00, 0x00, 0x00, 0x00, 0x00, 0x00, 0x49, 0x00, 0x00, 0x00, 0x05, 0x00, 0x00, 0x00, 0x04,
    0x00, 0x00, 0x00, 0x04, 0x00, 0x00, 0x00, 0x05, 0x00, 0x00, 0x00, 0x00, 0x00, 0x00, 0x00, 0x00,
    0x00, 0x00, 0x00, 0x4A, 0x00, 0x00, 0x00, 0x05, 0x00, 0x00, 0x00, 0x04, 0x00, 0x00, 0x00, 0x04,
    0x00, 0x00, 0x00, 0x05, 0x00, 0x00, 0x00, 0x00, 0x00, 0x00, 0x00, 0x00, 0x00, 0x00, 0x00, 0x4B,
    0x00, 0x00, 0x00, 0x05, 0x00, 0x00, 0x00, 0x04, 0x00, 0x00, 0x00, 0x04, 0x00, 0x00, 0x00, 0x05,
    0x00, 0x00, 0x00, 0x00, 0x00, 0x00, 0x00, 0x00, 0x00, 0x00, 0x00, 0x4C, 0x00, 0x00, 0x00, 0x05,
    0x00, 0x00, 0x00, 0x04, 0x00, 0x00, 0x00, 0x04, 0x00, 0x00, 0x00, 0x05, 0x00, 0x00, 0x00, 0x00,
    0x00, 0x00, 0x00, 0x00, 0x00, 0x00, 0x00, 0x4D, 0x00, 0x00, 0x00, 0x05, 0x00, 0x00, 0x00, 0x04,
    0x00, 0x00, 0x00, 0x04, 0x00, 0x00, 0x00, 0x05, 0x00, 0x00, 0x00, 0x00, 0x00, 0x00, 0x00, 0x00,
    0x00, 0x00, 0x00, 0x4E, 0x00, 0x00, 0x00, 0x05, 0x00, 0x00, 0x00, 0x04, 0x00, 0x00, 0x00, 0x04,
    0x00, 0x00, 0x00, 0x05, 0x00, 0x00, 0x00, 0x00, 0x00, 0x00, 0x00, 0x00, 0x00, 0x00, 0x00, 0x4F,
    0x00, 0x00, 0x00, 0x05, 0x00, 0x00, 0x00, 0x04, 0x00, 0x00, 0x00, 0x04, 0x00, 0x00, 0x00, 0x05,
    0x00, 0x00, 0x00, 0x00, 0x00, 0x00, 0x00, 0x00, 0x00, 0x00, 0x00, 0x50, 0x00, 0x00, 0x00, 0x05,
    0x00, 0x00, 0x00, 0x04, 0x00, 0x00, 0x00, 0x04, 0x00, 0x00, 0x00, 0x05, 0x00, 0x00, 0x00, 0x00,
    0x00, 0x00, 0x00, 0x00, 0x00, 0x00, 0x00, 0x51, 0x00, 0x00, 0x00, 0x07, 0x00, 0x00, 0x00, 0x04,
    0x00, 0x00, 0x00, 0x04, 0x00, 0x00, 0x00, 0x05, 0x00, 0x00, 0x00, 0x00, 0x00, 0x00, 0x00, 0x00,
    0x00, 0x00, 0x00, 0x52, 0x00, 0x00, 0x00, 0x05, 0x00, 0x00, 0x00, 0x04, 0x00, 0x00, 0x00, 0x04,
    0x00, 0x00, 0x00, 0x05, 0x00, 0x00, 0x00, 0x00, 0x00, 0x00, 0x00, 0x00, 0x00, 0x00, 0x00, 0x53,
    0x00, 0x00, 0x00, 0x05, 0x00, 0x00, 0x00, 0x04, 0x00, 0x00, 0x00, 0x04, 0x00, 0x00, 0x00, 0x05,
    0x00, 0x00, 0x00, 0x00, 0x00, 0x00, 0x00, 0x00, 0x00, 0x00, 0x00, 0x54, 0x00, 0x00, 0x00, 0x05,
    0x00, 0x00, 0x00, 0x04, 0x00, 0x00, 0x00, 0x04, 0x00, 0x00, 0x00, 0x05, 0x00, 0x00, 0x00, 0x00,
    0x00, 0x00, 0x00, 0x00, 0x00, 0x00, 0x00, 0x55, 0x00, 0x00, 0x00, 0x05, 0x00, 0x00, 0x00, 0x04,
    0x00, 0x00, 0x00, 0x04, 0x00, 0x00, 0x00, 0x05, 0x00, 0x00, 0x00, 0x00, 0x00, 0x00, 0x00, 0x00,
    0x00, 0x00, 0x00, 0x56, 0x00, 0x00, 0x00, 0x05, 0x00, 0x00, 0x00, 0x04, 0x00, 0x00, 0x00, 0x04,
    0x00, 0x00, 0x00, 0x05, 0x00, 0x00, 0x00, 0x00, 0x00, 0x00, 0x00, 0x00, 0x00, 0x00, 0x00, 0x57,
    0x00, 0x00, 0x00, 0x05, 0x00, 0x00, 0x00, 0x04, 0x00, 0x00, 0x00, 0x04, 0x00, 0x00, 0x00, 0x05,
    0x00, 0x00, 0x00, 0x00, 0x00, 0x00, 0x00, 0x00, 0x00, 0x00, 0x00, 0x58, 0x00, 0x00, 0x00, 0x05,
    0x00, 0x00, 0x00, 0x04, 0x00, 0x00, 0x00, 0x04, 0x00, 0x00, 0x00, 0x05, 0x00, 0x00, 0x00, 0x00,
    0x00, 0x00, 0x00, 0x00, 0x00, 0x00, 0x00, 0x59, 0x00, 0x00, 0x00, 0x05, 0x00, 0x00, 0x00, 0x04,
    0x00, 0x00, 0x00, 0x04, 0x00, 0x00, 0x00, 0x05, 0x00, 0x00, 0x00, 0x00, 0x00, 0x00, 0x00, 0x00,
    0x00, 0x00, 0x00, 0x5A, 0x00, 0x00, 0x00, 0x05, 0x00, 0x00, 0x00, 0x04, 0x00, 0x00, 0x00, 0x04,
    0x00, 0x00, 0x00, 0x05, 0x00, 0x00, 0x00, 0x00, 0x00, 0x00, 0x00, 0x00, 0x00, 0x00, 0x00, 0x5B,
    0x00, 0x00, 0x00, 0x07, 0x00, 0x00, 0x00, 0x03, 0x00, 0x00, 0x00, 0x04, 0x00, 0x00, 0x00, 0x06,
    0x00, 0x00, 0x00, 0x01, 0x00, 0x00, 0x00, 0x00, 0x00, 0x00, 0x00, 0x5C, 0x00, 0x00, 0x00, 0x07,
    0x00, 0x00, 0x00, 0x04, 0x00, 0x00, 0x00, 0x04, 0x00, 0x00, 0x00, 0x06, 0x00, 0x00, 0x00, 0x00,
    0x00, 0x00, 0x00, 0x00, 0x00, 0x00, 0x00, 0x5D, 0x00, 0x00, 0x00, 0x07, 0x00, 0x00, 0x00, 0x03,
    0x00, 0x00, 0x00, 0x04, 0x00, 0x00, 0x00, 0x06, 0x00, 0x00, 0x00, 0x00, 0x00, 0x00, 0x00, 0x00,
    0x00, 0x00, 0x00, 0x5E, 0x00, 0x00, 0x00, 0x04, 0x00, 0x00, 0x00, 0x04, 0x00, 0x00, 0x00, 0x04,
    0x00, 0x00, 0x00, 0x05, 0x00, 0x00, 0x00, 0x00, 0x00, 0x00, 0x00, 0x00, 0x00, 0x00, 0x00, 0x5F,
    0x00, 0x00, 0x00, 0x01, 0x00, 0x00, 0x00, 0x04, 0x00, 0x00, 0x00, 0x04, 0x00, 0x00, 0x00, 0x00,
    0x00, 0x00, 0x00, 0x00, 0x00, 0x00, 0x00, 0x00, 0x00, 0x00, 0x00, 0x60, 0x00, 0x00, 0x00, 0x02,
    0x00, 0x00, 0x00, 0x02, 0x00, 0x00, 0x00, 0x04, 0x00, 0x00, 0x00, 0x06, 0x00, 0x00, 0x00, 0x01,
    0x00, 0x00, 0x00, 0x00, 0x00, 0x00, 0x00, 0x61, 0x00, 0x00, 0x00, 0x04, 0x00, 0x00, 0x00, 0x04,
    0x00, 0x00, 0x00, 0x04, 0x00, 0x00, 0x00, 0x04, 0x00, 0x00, 0x00, 0x00, 0x00, 0x00, 0x00, 0x00,
    0x00, 0x00, 0x00, 0x62, 0x00, 0x00, 0x00, 0x06, 0x00, 0x00, 0x00, 0x04, 0x00, 0x00, 0x00, 0x04,
    0x00, 0x00, 0x00, 0x06, 0x00, 0x00, 0x00, 0x00, 0x00, 0x00, 0x00, 0x00, 0x00, 0x00, 0x00, 0x63,
    0x00, 0x00, 0x00, 0x04, 0x00, 0x00, 0x00, 0x04, 0x00, 0x00, 0x00, 0x04, 0x00, 0x00, 0x00, 0x04,
    0x00, 0x00, 0x00, 0x00, 0x00, 0x00, 0x00, 0x00, 0x00, 0x00, 0x00, 0x64, 0x00, 0x00, 0x00, 0x06,
    0x00, 0x00, 0x00, 0x04, 0x00, 0x00, 0x00, 0x04, 0x00, 0x00, 0x00, 0x06, 0x00, 0x00, 0x00, 0x00,
    0x00, 0x00, 0x00, 0x00, 0x00, 0x00, 0x00, 0x65, 0x00, 0x00, 0x00, 0x04, 0x00, 0x00, 0x00, 0x04,
    0x00, 0x00, 0x00, 0x04, 0x00, 0x00, 0x00, 0x04, 0x00, 0x00, 0x00, 0x00, 0x00, 0x00, 0x00, 0x00,
    0x00, 0x00, 0x00, 0x66, 0x00, 0x00, 0x00, 0x06, 0x00, 0x00, 0x00, 0x04, 0x00, 0x00, 0x00, 0x04,
    0x00, 0x00, 0x00, 0x06, 0x00, 0x00, 0x00, 0x00, 0x00, 0x00, 0x00, 0x00, 0x00, 0x00, 0x00, 0x67,
    0x00, 0x00, 0x00, 0x06, 0x00, 0x00, 0x00, 0x04, 0x00, 0x00, 0x00, 0x04, 0x00, 0x00, 0x00, 0x04,
    0x00, 0x00, 0x00, 0x00, 0x00, 0x00, 0x00, 0x00, 0x00, 0x00, 0x00, 0x68, 0x00, 0x00, 0x00, 0x06,
    0x00, 0x00, 0x00, 0x04, 0x00, 0x00, 0x00, 0x04, 0x00, 0x00, 0x00, 0x06, 0x00, 0x00, 0x00, 0x00,
    0x00, 0x00, 0x00, 0x00, 0x00, 0x00, 0x00, 0x69, 0x00, 0x00, 0x00, 0x06, 0x00, 0x00, 0x00, 0x04,
    0x00, 0x00, 0x00, 0x04, 0x00, 0x00, 0x00, 0x06, 0x00, 0x00, 0x00, 0x00, 0x00, 0x00, 0x00, 0x00,
    0x00, 0x00, 0x00, 0x6A, 0x00, 0x00, 0x00, 0x08, 0x00, 0x00, 0x00, 0x04, 0x00, 0x00, 0x00, 0x04,
    0x00, 0x00, 0x00, 0x06, 0x00, 0x00, 0x00, 0x00, 0x00, 0x00, 0x00, 0x00, 0x00, 0x00, 0x00, 0x6B,
    0x00, 0x00, 0x00, 0x06, 0x00, 0x00, 0x00, 0x04, 0x00, 0x00, 0x00, 0x04, 0x00, 0x00, 0x00, 0x06,
    0x00, 0x00, 0x00, 0x00, 0x00, 0x00, 0x00, 0x00, 0x00, 0x00, 0x00, 0x6C, 0x00, 0x00, 0x00, 0x06,
    0x00, 0x00, 0x00, 0x04, 0x00, 0x00, 0x00, 0x04, 0x00, 0x00, 0x00, 0x06, 0x00, 0x00, 0x00, 0x00,
    0x00, 0x00, 0x00, 0x00, 0x00, 0x00, 0x00, 0x6D, 0x00, 0x00, 0x00, 0x04, 0x00, 0x00, 0x00, 0x04,
    0x00, 0x00, 0x00, 0x04, 0x00, 0x00, 0x00, 0x04, 0x00, 0x00, 0x00, 0x00, 0x00, 0x00, 0x00, 0x00,
    0x00, 0x00, 0x00, 0x6E, 0x00, 0x00, 0x00, 0x04, 0x00, 0x00, 0x00, 0x04, 0x00, 0x00, 0x00, 0x04,
    0x00, 0x00, 0x00, 0x04, 0x00, 0x00, 0x00, 0x00, 0x00, 0x00, 0x00, 0x00, 0x00, 0x00, 0x00, 0x6F,
    0x00, 0x00, 0x00, 0x04, 0x00, 0x00, 0x00, 0x04, 0x00, 0x00, 0x00, 0x04, 0x00, 0x00, 0x00, 0x04,
    0x00, 0x00, 0x00, 0x00, 0x00, 0x00, 0x00, 0x00, 0x00, 0x00, 0x00, 0x70, 0x00, 0x00, 0x00, 0x06,
    0x00, 0x00, 0x00, 0x04, 0x00, 0x00, 0x00, 0x04, 0x00, 0x00, 0x00, 0x04, 0x00, 0x00, 0x00, 0x00,
    0x00, 0x00, 0x00, 0x00, 0x00, 0x00, 0x00, 0x71, 0x00, 0x00, 0x00, 0x06, 0x00, 0x00, 0x00, 0x04,
    0x00, 0x00, 0x00, 0x04, 0x00, 0x00, 0x00, 0x04, 0x00, 0x00, 0x00, 0x00, 0x00, 0x00, 0x00, 0x00,
    0x00, 0x00, 0x00, 0x72, 0x00, 0x00, 0x00, 0x04, 0x00, 0x00, 0x00, 0x04, 0x00, 0x00, 0x00, 0x04,
    0x00, 0x00, 0x00, 0x04, 0x00, 0x00, 0x00, 0x00, 0x00, 0x00, 0x00, 0x00, 0x00, 0x00, 0x00, 0x73,
    0x00, 0x00, 0x00, 0x04, 0x00, 0x00, 0x00, 0x04, 0x00, 0x00, 0x00, 0x04, 0x00, 0x00, 0x00, 0x04,
    0x00, 0x00, 0x00, 0x00, 0x00, 0x00, 0x00, 0x00, 0x00, 0x00, 0x00, 0x74, 0x00, 0x00, 0x00, 0x05,
    0x00, 0x00, 0x00, 0x04, 0x00, 0x00, 0x00, 0x04, 0x00, 0x00, 0x00, 0x05, 0x00, 0x00, 0x00, 0x00,
    0x00, 0x00, 0x00, 0x00, 0x00, 0x00, 0x00, 0x75, 0x00, 0x00, 0x00, 0x04, 0x00, 0x00, 0x00, 0x04,
    0x00, 0x00, 0x00, 0x04, 0x00, 0x00, 0x00, 0x04, 0x00, 0x00, 0x00, 0x00, 0x00, 0x00, 0x00, 0x00,
    0x00, 0x00, 0x00, 0x76, 0x00, 0x00, 0x00, 0x04, 0x00, 0x00, 0x00, 0x04, 0x00, 0x00, 0x00, 0x04,
    0x00, 0x00, 0x00, 0x04, 0x00, 0x00, 0x00, 0x00, 0x00, 0x00, 0x00, 0x00, 0x00, 0x00, 0x00, 0x77,
    0x00, 0x00, 0x00, 0x04, 0x00, 0x00, 0x00, 0x04, 0x00, 0x00, 0x00, 0x04, 0x00, 0x00, 0x00, 0x04,
    0x00, 0x00, 0x00, 0x00, 0x00, 0x00, 0x00, 0x00, 0x00, 0x00, 0x00, 0x78, 0x00, 0x00, 0x00, 0x04,
    0x00, 0x00, 0x00, 0x04, 0x00, 0x00, 0x00, 0x04, 0x00, 0x00, 0x00, 0x04, 0x00, 0x00, 0x00, 0x00,
    0x00, 0x00, 0x00, 0x00, 0x00, 0x00, 0x00, 0x79, 0x00, 0x00, 0x00, 0x06, 0x00, 0x00, 0x00, 0x04,
    0x00, 0x00, 0x00, 0x04, 0x00, 0x00, 0x00, 0x04, 0x00, 0x00, 0x00, 0x00, 0x00, 0x00, 0x00, 0x00,
    0x00, 0x00, 0x00, 0x7A, 0x00, 0x00, 0x00, 0x04, 0x00, 0x00, 0x00, 0x04, 0x00, 0x00, 0x00, 0x04,
    0x00, 0x00, 0x00, 0x04, 0x00, 0x00, 0x00, 0x00, 0x00, 0x00, 0x00, 0x00, 0x00, 0x00, 0x00, 0x7B,
    0x00, 0x00, 0x00, 0x07, 0x00, 0x00, 0x00, 0x04, 0x00, 0x00, 0x00, 0x04, 0x00, 0x00, 0x00, 0x06,
    0x00, 0x00, 0x00, 0x00, 0x00, 0x00, 0x00, 0x00, 0x00, 0x00, 0x00, 0x7C, 0x00, 0x00, 0x00, 0x07,
    0x00, 0x00, 0x00, 0x02, 0x00, 0x00, 0x00, 0x04, 0x00, 0x00, 0x00, 0x06, 0x00, 0x00, 0x00, 0x01,
    0x00, 0x00, 0x00, 0x00, 0x00, 0x00, 0x00, 0x7D, 0x00, 0x00, 0x00, 0x07, 0x00, 0x00, 0x00, 0x04,
    0x00, 0x00, 0x00, 0x04, 0x00, 0x00, 0x00, 0x06, 0x00, 0x00, 0x00, 0x00, 0x00, 0x00, 0x00, 0x00,
    0x00, 0x00, 0x00, 0x7E, 0x00, 0x00, 0x00, 0x02, 0x00, 0x00, 0x00, 0x04, 0x00, 0x00, 0x00, 0x04,
    0x00, 0x00, 0x00, 0x03, 0x00, 0x00, 0x00, 0x00, 0x00, 0x00, 0x00, 0x00, 0x00, 0x00, 0x00, 0xA0,
    0x00, 0x00, 0x00, 0x00, 0x00, 0x00, 0x00, 0x00, 0x00, 0x00, 0x00, 0x04, 0x00, 0x00, 0x00, 0x00,
    0x00, 0x00, 0x00, 0x00, 0x00, 0x00, 0x00, 0x00, 0x00, 0x00, 0x00, 0xA1, 0x00, 0x00, 0x00, 0x06,
    0x00, 0x00, 0x00, 0x02, 0x00, 0x00, 0x00, 0x04, 0x00, 0x00, 0x00, 0x04, 0x00, 0x00, 0x00, 0x01,
    0x00, 0x00, 0x00, 0x00, 0x00, 0x00, 0x00, 0xA2, 0x00, 0x00, 0x00, 0x06, 0x00, 0x00, 0x00, 0x04,
    0x00, 0x00, 0x00, 0x04, 0x00, 0x00, 0x00, 0x05, 0x00, 0x00, 0x00, 0x00, 0x00, 0x00, 0x00, 0x00,
    0x00, 0x00, 0x00, 0xA3, 0x00, 0x00, 0x00, 0x05, 0x00, 0x00, 0x00, 0x04, 0x00, 0x00, 0x00, 0x04,
    0x00, 0x00, 0x00, 0x05, 0x00, 0x00, 0x00, 0x00, 0x00, 0x00, 0x00, 0x00, 0x00, 0x00, 0x00, 0xA4,
    0x00, 0x00, 0x00, 0x06, 0x00, 0x00, 0x00, 0x04, 0x00, 0x00, 0x00, 0x04, 0x00, 0x00, 0x00, 0x06,
    0x00, 0x00, 0x00, 0x00, 0x00, 0x00, 0x00, 0x00, 0x00, 0x00, 0x00, 0xA5, 0x00, 0x00, 0x00, 0x05,
    0x00, 0x00, 0x00, 0x04, 0x00, 0x00, 0x00, 0x04, 0x00, 0x00, 0x00, 0x05, 0x00, 0x00, 0x00, 0x00,
    0x00, 0x00, 0x00, 0x00, 0x00, 0x00, 0x00, 0xA6, 0x00, 0x00, 0x00, 0x07, 0x00, 0x00, 0x00, 0x02,
    0x00, 0x00, 0x00, 0x04, 0x00, 0x00, 0x00, 0x06, 0x00, 0x00, 0x00, 0x01, 0x00, 0x00, 0x00, 0x00,
    0x00, 0x00, 0x00, 0xA7, 0x00, 0x00, 0x00, 0x07, 0x00, 0x00, 0x00, 0x04, 0x00, 0x00, 0x00, 0x04,
    0x00, 0x00, 0x00, 0x05, 0x00, 0x00, 0x00, 0x00, 0x00, 0x00, 0x00, 0x00, 0x00, 0x00, 0x00, 0xA8,
    0x00, 0x00, 0x00, 0x01, 0x00, 0x00, 0x00, 0x03, 0x00, 0x00, 0x00, 0x04, 0x00, 0x00, 0x00, 0x06,
    0x00, 0x00, 0x00, 0x01, 0x00, 0x00, 0x00, 0x00, 0x00, 0x00, 0x00, 0xA9, 0x00, 0x00, 0x00, 0x06,
    0x00, 0x00, 0x00, 0x04, 0x00, 0x00, 0x00, 0x04, 0x00, 0x00, 0x00, 0x06, 0x00, 0x00, 0x00, 0x00,
    0x00, 0x00, 0x00, 0x00, 0x00, 0x00, 0x00, 0xAA, 0x00, 0x00, 0x00, 0x03, 0x00, 0x00, 0x00, 0x04,
    0x00, 0x00, 0x00, 0x04, 0x00, 0x00, 0x00, 0x05, 0x00, 0x00, 0x00, 0x00, 0x00, 0x00, 0x00, 0x00,
    0x00, 0x00, 0x00, 0xAB, 0x00, 0x00, 0x00, 0x04, 0x00, 0x00, 0x00, 0x04, 0x00, 0x00, 0x00, 0x04,
    0x00, 0x00, 0x00, 0x04, 0x00, 0x00, 0x00, 0x00, 0x00, 0x00, 0x00, 0x00, 0x00, 0x00, 0x00, 0xAC,
    0x00, 0x00, 0x00, 0x03, 0x00, 0x00, 0x00, 0x04, 0x00, 0x00, 0x00, 0x04, 0x00, 0x00, 0x00, 0x03,
    0x00, 0x00, 0x00, 0x00, 0x00, 0x00, 0x00, 0x00, 0x00, 0x00, 0x00, 0xAD, 0x00, 0x00, 0x00, 0x01,
    0x00, 0x00, 0x00, 0x03, 0x00, 0x00, 0x00, 0x04, 0x00, 0x00, 0x00, 0x03, 0x00, 0x00, 0x00, 0x01,
    0x00, 0x00, 0x00, 0x00, 0x00, 0x00, 0x00, 0xAE, 0x00, 0x00, 0x00, 0x03, 0x00, 0x00, 0x00, 0x04,
    0x00, 0x00, 0x00, 0x04, 0x00, 0x00, 0x00, 0x05, 0x00, 0x00, 0x00, 0x00, 0x00, 0x00, 0x00, 0x00,
    0x00, 0x00, 0x00, 0xAF, 0x00, 0x00, 0x00, 0x01, 0x00, 0x00, 0x00, 0x03, 0x00, 0x00, 0x00, 0x04,
    0x00, 0x00, 0x00, 0x06, 0x00, 0x00, 0x00, 0x01, 0x00, 0x00, 0x00, 0x00, 0x00, 0x00, 0x00, 0xB0,
    0x00, 0x00, 0x00, 0x03, 0x00, 0x00, 0x00, 0x04, 0x00, 0x00, 0x00, 0x04, 0x00, 0x00, 0x00, 0x06,
    0x00, 0x00, 0x00, 0x00, 0x00, 0x00, 0x00, 0x00, 0x00, 0x00, 0x00, 0xB1, 0x00, 0x00, 0x00, 0x05,
    0x00, 0x00, 0x00, 0x04, 0x00, 0x00, 0x00, 0x04, 0x00, 0x00, 0x00, 0x05, 0x00, 0x00, 0x00, 0x00,
    0x00, 0x00, 0x00, 0x00, 0x00, 0x00, 0x00, 0xB2, 0x00, 0x00, 0x00, 0x03, 0x00, 0x00, 0x00, 0x03,
    0x00, 0x00, 0x00, 0x04, 0x00, 0x00, 0x00, 0x05, 0x00, 0x00, 0x00, 0x01, 0x00, 0x00, 0x00, 0x00,
    0x00, 0x00, 0x00, 0xB3, 0x00, 0x00, 0x00, 0x03, 0x00, 0x00, 0x00, 0x03, 0x00, 0x00, 0x00, 0x04,
    0x00, 0x00, 0x00, 0x05, 0x00, 0x00, 0x00, 0x01, 0x00, 0x00, 0x00, 0x00, 0x00, 0x00, 0x00, 0xB4,
    0x00, 0x00, 0x00, 0x02, 0x00, 0x00, 0x00, 0x02, 0x00, 0x00, 0x00, 0x04, 0x00, 0x00, 0x00, 0x06,
    0x00, 0x00, 0x00, 0x01, 0x00, 0x00, 0x00, 0x00, 0x00, 0x00, 0x00, 0xB5, 0x00, 0x00, 0x00, 0x06,
    0x00, 0x00, 0x00, 0x04, 0x00, 0x00, 0x00, 0x04, 0x00, 0x00, 0x00, 0x04, 0x00, 0x00, 0x00, 0x00,
    0x00, 0x00, 0x00, 0x00, 0x00, 0x00, 0x00, 0xB6, 0x00, 0x00, 0x00, 0x07, 0x00, 0x00, 0x00, 0x04,
    0x00, 0x00, 0x00, 0x04, 0x00, 0x00, 0x00, 0x05, 0x00, 0x00, 0x00, 0x00, 0x00, 0x00, 0x00, 0x00,
    0x00, 0x00, 0x00, 0xB7, 0x00, 0x00, 0x00, 0x02, 0x00, 0x00, 0x00, 0x02, 0x00, 0x00, 0x00, 0x04,
    0x00, 0x00, 0x00, 0x03, 0x00, 0x00, 0x00, 0x01, 0x00, 0x00, 0x00, 0x00, 0x00, 0x00, 0x00, 0xB8,
    0x00, 0x00, 0x00, 0x02, 0x00, 0x00, 0x00, 0x02, 0x00, 0x00, 0x00, 0x04, 0x00, 0x00, 0x00, 0x00,
    0x00, 0x00, 0x00, 0x01, 0x00, 0x00, 0x00, 0x00, 0x00, 0x00, 0x00, 0xB9, 0x00, 0x00, 0x00, 0x03,
    0x00, 0x00, 0x00, 0x03, 0x00, 0x00, 0x00, 0x04, 0x00, 0x00, 0x00, 0x05, 0x00, 0x00, 0x00, 0x01,
    0x00, 0x00, 0x00, 0x00, 0x00, 0x00, 0x00, 0xBA, 0x00, 0x00, 0x00, 0x03, 0x00, 0x00, 0x00, 0x04,
    0x00, 0x00, 0x00, 0x04, 0x00, 0x00, 0x00, 0x05, 0x00, 0x00, 0x00, 0x00, 0x00, 0x00, 0x00, 0x00,
    0x00, 0x00, 0x00, 0xBB, 0x00, 0x00, 0x00, 0x04, 0x00, 0x00, 0x00, 0x04, 0x00, 0x00, 0x00, 0x04,
    0x00, 0x00, 0x00, 0x04, 0x00, 0x00, 0x00, 0x00, 0x00, 0x00, 0x00, 0x00, 0x00, 0x00, 0x00, 0xBC,
    0x00, 0x00, 0x00, 0x07, 0x00, 0x00, 0x00, 0x04, 0x00, 0x00, 0x00, 0x04, 0x00, 0x00, 0x00, 0x06,
    0x00, 0x00, 0x00, 0x00, 0x00, 0x00, 0x00, 0x00, 0x00, 0x00, 0x00, 0xBD, 0x00, 0x00, 0x00, 0x06,
    0x00, 0x00, 0x00, 0x04, 0x00, 0x00, 0x00, 0x04, 0x00, 0x00, 0x00, 0x06, 0x00, 0x00, 0x00, 0x00,
    0x00, 0x00, 0x00, 0x00, 0x00, 0x00, 0x00, 0xBE, 0x00, 0x00, 0x00, 0x06, 0x00, 0x00, 0x00, 0x04,
    0x00, 0x00, 0x00, 0x04, 0x00, 0x00, 0x00, 0x05, 0x00, 0x00, 0x00, 0x00, 0x00, 0x00, 0x00, 0x00,
    0x00, 0x00, 0x00, 0xBF, 0x00, 0x00, 0x00, 0x07, 0x00, 0x00, 0x00, 0x04, 0x00, 0x00, 0x00, 0x04,
    0x00, 0x00, 0x00, 0x05, 0x00, 0x00, 0x00, 0x00, 0x00, 0x00, 0x00, 0x00, 0x00, 0x00, 0x00, 0xC0,
    0x00, 0x00, 0x00, 0x08, 0x00, 0x00, 0x00, 0x04, 0x00, 0x00, 0x00, 0x04, 0x00, 0x00, 0x00, 0x08,
    0x00, 0x00, 0x00, 0x00, 0x00, 0x00, 0x00, 0x00, 0x00, 0x00, 0x00, 0xC1, 0x00, 0x00, 0x00, 0x08,
    0x00, 0x00, 0x00, 0x04, 0x00, 0x00, 0x00, 0x04, 0x00, 0x00, 0x00, 0x08, 0x00, 0x00, 0x00, 0x00,
    0x00, 0x00, 0x00, 0x00, 0x00, 0x00, 0x00, 0xC2, 0x00, 0x00, 0x00, 0x08, 0x00, 0x00, 0x00, 0x04,
    0x00, 0x00, 0x00, 0x04, 0x00, 0x00, 0x00, 0x08, 0x00, 0x00, 0x00, 0x00, 0x00, 0x00, 0x00, 0x00,
    0x00, 0x00, 0x00, 0xC3, 0x00, 0x00, 0x00, 0x08, 0x00, 0x00, 0x00, 0x04, 0x00, 0x00, 0x00, 0x04,
    0x00, 0x00, 0x00, 0x08, 0x00, 0x00, 0x00, 0x00, 0x00, 0x00, 0x00, 0x00, 0x00, 0x00, 0x00, 0xC4,
    0x00, 0x00, 0x00, 0x07, 0x00, 0x00, 0x00, 0x04, 0x00, 0x00, 0x00, 0x04, 0x00, 0x00, 0x00, 0x07,
    0x00, 0x00, 0x00, 0x00, 0x00, 0x00, 0x00, 0x00, 0x00, 0x00, 0x00, 0xC5, 0x00, 0x00, 0x00, 0x09,
    0x00, 0x00, 0x00, 0x04, 0x00, 0x00, 0x00, 0x04, 0x00, 0x00, 0x00, 0x09, 0x00, 0x00, 0x00, 0x00,
    0x00, 0x00, 0x00, 0x00, 0x00, 0x00, 0x00, 0xC6, 0x00, 0x00, 0x00, 0x05, 0x00, 0x00, 0x00, 0x04,
    0x00, 0x00, 0x00, 0x04, 0x00, 0x00, 0x00, 0x05, 0x00, 0x00, 0x00, 0x00, 0x00, 0x00, 0x00, 0x00,
    0x00, 0x00, 0x00, 0xC7, 0x00, 0x00, 0x00, 0x07, 0x00, 0x00, 0x00, 0x04, 0x00, 0x00, 0x00, 0x04,
    0x00, 0x00, 0x00, 0x05, 0x00, 0x00, 0x00, 0x00, 0x00, 0x00, 0x00, 0x00, 0x00, 0x00, 0x00, 0xC8,
    0x00, 0x00, 0x00, 0x08, 0x00, 0x00, 0x00, 0x04, 0x00, 0x00, 0x00, 0x04, 0x00, 0x00, 0x00, 0x08,
    0x00, 0x00, 0x00, 0x00, 0x00, 0x00, 0x00, 0x00, 0x00, 0x00, 0x00, 0xC9, 0x00, 0x00, 0x00, 0x08,
    0x00, 0x00, 0x00, 0x04, 0x00, 0x00, 0x00, 0x04, 0x00, 0x00, 0x00, 0x08, 0x00, 0x00, 0x00, 0x00,
    0x00, 0x00, 0x00, 0x00, 0x00, 0x00, 0x00, 0xCA, 0x00, 0x00, 0x00, 0x08, 0x00, 0x00, 0x00, 0x04,
    0x00, 0x00, 0x00, 0x04, 0x00, 0x00, 0x00, 0x08, 0x00, 0x00, 0x00, 0x00, 0x00, 0x00, 0x00, 0x00,
    0x00, 0x00, 0x00, 0xCB, 0x00, 0x00, 0x00, 0x07, 0x00, 0x00, 0x00, 0x04, 0x00, 0x00, 0x00, 0x04,
    0x00, 0x00, 0x00, 0x07, 0x00, 0x00, 0x00, 0x00, 0x00, 0x00, 0x00, 0x00, 0x00, 0x00, 0x00, 0xCC,
    0x00, 0x00, 0x00, 0x08, 0x00, 0x00, 0x00, 0x04, 0x00, 0x00, 0x00, 0x04, 0x00, 0x00, 0x00, 0x08,
    0x00, 0x00, 0x00, 0x00, 0x00, 0x00, 0x00, 0x00, 0x00, 0x00, 0x00, 0xCD, 0x00, 0x00, 0x00, 0x08,
    0x00, 0x00, 0x00, 0x04, 0x00, 0x00, 0x00, 0x04, 0x00, 0x00, 0x00, 0x08, 0x00, 0x00, 0x00, 0x00,
    0x00, 0x00, 0x00, 0x00, 0x00, 0x00, 0x00, 0xCE, 0x00, 0x00, 0x00, 0x08, 0x00, 0x00, 0x00, 0x04,
    0x00, 0x00, 0x00, 0x04, 0x00, 0x00, 0x00, 0x08, 0x00, 0x00, 0x00, 0x00, 0x00, 0x00, 0x00, 0x00,
    0x00, 0x00, 0x00, 0xCF, 0x00, 0x00, 0x00, 0x07, 0x00, 0x00, 0x00, 0x04, 0x00, 0x00, 0x00, 0x04,
    0x00, 0x00, 0x00, 0x07, 0x00, 0x00, 0x00, 0x00, 0x00, 0x00, 0x00, 0x00, 0x00, 0x00, 0x00, 0xD0,
    0x00, 0x00, 0x00, 0x05, 0x00, 0x00, 0x00, 0x04, 0x00, 0x00, 0x00, 0x04, 0x00, 0x00, 0x00, 0x05,
    0x00, 0x00, 0x00, 0x00, 0x00, 0x00, 0x00, 0x00, 0x00, 0x00, 0x00, 0xD1, 0x00, 0x00, 0x00, 0x08,
    0x00, 0x00, 0x00, 0x04, 0x00, 0x00, 0x00, 0x04, 0x00, 0x00, 0x00, 0x08, 0x00, 0x00, 0x00, 0x00,
    0x00, 0x00, 0x00, 0x00, 0x00, 0x00, 0x00, 0xD2, 0x00, 0x00, 0x00, 0x08, 0x00, 0x00, 0x00, 0x04,
    0x00, 0x00, 0x00, 0x04, 0x00, 0x00, 0x00, 0x08, 0x00, 0x00, 0x00, 0x00, 0x00, 0x00, 0x00, 0x00,
    0x00, 0x00, 0x00, 0xD3, 0x00, 0x00, 0x00, 0x08, 0x00, 0x00, 0x00, 0x04, 0x00, 0x00, 0x00, 0x04,
    0x00, 0x00, 0x00, 0x08, 0x00, 0x00, 0x00, 0x00, 0x00, 0x00, 0x00, 0x00, 0x00, 0x00, 0x00, 0xD4,
    0x00, 0x00, 0x00, 0x08, 0x00, 0x00, 0x00, 0x04, 0x00, 0x00, 0x00, 0x04, 0x00, 0x00, 0x00, 0x08,
    0x00, 0x00, 0x00, 0x00, 0x00, 0x00, 0x00, 0x00, 0x00, 0x00, 0x00, 0xD5, 0x00, 0x00, 0x00, 0x08,
    0x00, 0x00, 0x00, 0x04, 0x00, 0x00, 0x00, 0x04, 0x00, 0x00, 0x00, 0x08, 0x00, 0x00, 0x00, 0x00,
    0x00, 0x00, 0x00, 0x00, 0x00, 0x00, 0x00, 0xD6, 0x00, 0x00, 0x00, 0x07, 0x00, 0x00, 0x00, 0x04,
    0x00, 0x00, 0x00, 0x04, 0x00, 0x00, 0x00, 0x07, 0x00, 0x00, 0x00, 0x00, 0x00, 0x00, 0x00, 0x00,
    0x00, 0x00, 0x00, 0xD7, 0x00, 0x00, 0x00, 0x04, 0x00, 0x00, 0x00, 0x04, 0x00, 0x00, 0x00, 0x04,
    0x00, 0x00, 0x00, 0x04, 0x00, 0x00, 0x00, 0x00, 0x00, 0x00, 0x00, 0x00, 0x00, 0x00, 0x00, 0xD8,
    0x00, 0x00, 0x00, 0x07, 0x00, 0x00, 0x00, 0x04, 0x00, 0x00, 0x00, 0x04, 0x00, 0x00, 0x00, 0x06,
    0x00, 0x00, 0x00, 0x00, 0x00, 0x00, 0x00, 0x00, 0x00, 0x00, 0x00, 0xD9, 0x00, 0x00, 0x00, 0x08,
    0x00, 0x00, 0x00, 0x04, 0x00, 0x00, 0x00, 0x04, 0x00, 0x00, 0x00, 0x08, 0x00, 0x00, 0x00, 0x00,
    0x00, 0x00, 0x00, 0x00, 0x00, 0x00, 0x00, 0xDA, 0x00, 0x00, 0x00, 0x08, 0x00, 0x00, 0x00, 0x04,
    0x00, 0x00, 0x00, 0x04, 0x00, 0x00, 0x00, 0x08, 0x00, 0x00, 0x00, 0x00, 0x00, 0x00, 0x00, 0x00,
    0x00, 0x00, 0x00, 0xDB, 0x00, 0x00, 0x00, 0x08, 0x00, 0x00, 0x00, 0x04, 0x00, 0x00, 0x00, 0x04,
    0x00, 0x00, 0x00, 0x08, 0x00, 0x00, 0x00, 0x00, 0x00, 0x00, 0x00, 0x00, 0x00, 0x00, 0x00, 0xDC,
    0x00, 0x00, 0x00, 0x07, 0x00, 0x00, 0x00, 0x04, 0x00, 0x00, 0x00, 0x04, 0x00, 0x00, 0x00, 0x07,
    0x00, 0x00, 0x00, 0x00, 0x00, 0x00, 0x00, 0x00, 0x00, 0x00, 0x00, 0xDD, 0x00, 0x00, 0x00, 0x08,
    0x00, 0x00, 0x00, 0x04, 0x00, 0x00, 0x00, 0x04, 0x00, 0x00, 0x00, 0x08, 0x00, 0x00, 0x00, 0x00,
    0x00, 0x00, 0x00, 0x00, 0x00, 0x00, 0x00, 0xDE, 0x00, 0x00, 0x00, 0x05, 0x00, 0x00, 0x00, 0x04,
    0x00, 0x00, 0x00, 0x04, 0x00, 0x00, 0x00, 0x05, 0x00, 0x00, 0x00, 0x00, 0x00, 0x00, 0x00, 0x00,
    0x00, 0x00, 0x00, 0xDF, 0x00, 0x00, 0x00, 0x08, 0x00, 0x00, 0x00, 0x04, 0x00, 0x00, 0x00, 0x04,
    0x00, 0x00, 0x00, 0x06, 0x00, 0x00, 0x00, 0x00, 0x00, 0x00, 0x00, 0x00, 0x00, 0x00, 0x00, 0xE0,
    0x00, 0x00, 0x00, 0x07, 0x00, 0x00, 0x00, 0x04, 0x00, 0x00, 0x00, 0x04, 0x00, 0x00, 0x00, 0x07,
    0x00, 0x00, 0x00, 0x00, 0x00, 0x00, 0x00, 0x00, 0x00, 0x00, 0x00, 0xE1, 0x00, 0x00, 0x00, 0x07,
    0x00, 0x00, 0x00, 0x04, 0x00, 0x00, 0x00, 0x04, 0x00, 0x00, 0x00, 0x07, 0x00, 0x00, 0x00, 0x00,
    0x00, 0x00, 0x00, 0x00, 0x00, 0x00, 0x00, 0xE2, 0x00, 0x00, 0x00, 0x07, 0x00, 0x00, 0x00, 0x04,
    0x00, 0x00, 0x00, 0x04, 0x00, 0x00, 0x00, 0x07, 0x00, 0x00, 0x00, 0x00, 0x00, 0x00, 0x00, 0x00,
    0x00, 0x00, 0x00, 0xE3, 0x00, 0x00, 0x00, 0x07, 0x00, 0x00, 0x00, 0x04, 0x00, 0x00, 0x00, 0x04,
    0x00, 0x00, 0x00, 0x07, 0x00, 0x00, 0x00, 0x00, 0x00, 0x00, 0x00, 0x00, 0x00, 0x00, 0x00, 0xE4,
    0x00, 0x00, 0x00, 0x06, 0x00, 0x00, 0x00, 0x04, 0x00, 0x00, 0x00, 0x04, 0x00, 0x00, 0x00, 0x06,
    0x00, 0x00, 0x00, 0x00, 0x00, 0x00, 0x00, 0x00, 0x00, 0x00, 0x00, 0xE5, 0x00, 0x00, 0x00, 0x08,
    0x00, 0x00, 0x00, 0x04, 0x00, 0x00, 0x00, 0x04, 0x00, 0x00, 0x00, 0x08, 0x00, 0x00, 0x00, 0x00,
    0x00, 0x00, 0x00, 0x00, 0x00, 0x00, 0x00, 0xE6, 0x00, 0x00, 0x00, 0x04, 0x00, 0x00, 0x00, 0x04,
    0x00, 0x00, 0x00, 0x04, 0x00, 0x00, 0x00, 0x04, 0x00, 0x00, 0x00, 0x00, 0x00, 0x00, 0x00, 0x00,
    0x00, 0x00, 0x00, 0xE7, 0x00, 0x00, 0x00, 0x06, 0x00, 0x00, 0x00, 0x04, 0x00, 0x00, 0x00, 0x04,
    0x00, 0x00, 0x00, 0x04, 0x00, 0x00, 0x00, 0x00, 0x00, 0x00, 0x00, 0x00, 0x00, 0x00, 0x00, 0xE8,
    0x00, 0x00, 0x00, 0x07, 0x00, 0x00, 0x00, 0x04, 0x00, 0x00, 0x00, 0x04, 0x00, 0x00, 0x00, 0x07,
    0x00, 0x00, 0x00, 0x00, 0x00, 0x00, 0x00, 0x00, 0x00, 0x00, 0x00, 0xE9, 0x00, 0x00, 0x00, 0x07,
    0x00, 0x00, 0x00, 0x04, 0x00, 0x00, 0x00, 0x04, 0x00, 0x00, 0x00, 0x07, 0x00, 0x00, 0x00, 0x00,
    0x00, 0x00, 0x00, 0x00, 0x00, 0x00, 0x00, 0xEA, 0x00, 0x00, 0x00, 0x07, 0x00, 0x00, 0x00, 0x04,
    0x00, 0x00, 0x00, 0x04, 0x00, 0x00, 0x00, 0x07, 0x00, 0x00, 0x00, 0x00, 0x00, 0x00, 0x00, 0x00,
    0x00, 0x00, 0x00, 0xEB, 0x00, 0x00, 0x00, 0x06, 0x00, 0x00, 0x00, 0x04, 0x00, 0x00, 0x00, 0x04,
    0x00, 0x00, 0x00, 0x06, 0x00, 0x00, 0x00, 0x00, 0x00, 0x00, 0x00, 0x00, 0x00, 0x00, 0x00, 0xEC,
    0x00, 0x00, 0x00, 0x07, 0x00, 0x00, 0x00, 0x04, 0x00, 0x00, 0x00, 0x04, 0x00, 0x00, 0x00, 0x07,
    0x00, 0x00, 0x00, 0x00, 0x00, 0x00, 0x00, 0x00, 0x00, 0x00, 0x00, 0xED, 0x00, 0x00, 0x00, 0x07,
    0x00, 0x00, 0x00, 0x04, 0x00, 0x00, 0x00, 0x04, 0x00, 0x00, 0x00, 0x07, 0x00, 0x00, 0x00, 0x00,
    0x00, 0x00, 0x00, 0x00, 0x00, 0x00, 0x00, 0xEE, 0x00, 0x00, 0x00, 0x07, 0x00, 0x00, 0x00, 0x04,
    0x00, 0x00, 0x00, 0x04, 0x00, 0x00, 0x00, 0x07, 0x00, 0x00, 0x00, 0x00, 0x00, 0x00, 0x00, 0x00,
    0x00, 0x00, 0x00, 0xEF, 0x00, 0x00, 0x00, 0x06, 0x00, 0x00, 0x00, 0x04, 0x00, 0x00, 0x00, 0x04,
    0x00, 0x00, 0x00, 0x06, 0x00, 0x00, 0x00, 0x00, 0x00, 0x00, 0x00, 0x00, 0x00, 0x00, 0x00, 0xF0,
    0x00, 0x00, 0x00, 0x07, 0x00, 0x00, 0x00, 0x04, 0x00, 0x00, 0x00, 0x04, 0x00, 0x00, 0x00, 0x07,
    0x00, 0x00, 0x00, 0x00, 0x00, 0x00, 0x00, 0x00, 0x00, 0x00, 0x00, 0xF1, 0x00, 0x00, 0x00, 0x07,
    0x00, 0x00, 0x00, 0x04, 0x00, 0x00, 0x00, 0x04, 0x00, 0x00, 0x00, 0x07, 0x00, 0x00, 0x00, 0x00,
    0x00, 0x00, 0x00, 0x00, 0x00, 0x00, 0x00, 0xF2, 0x00, 0x00, 0x00, 0x07, 0x00, 0x00, 0x00, 0x04,
    0x00, 0x00, 0x00, 0x04, 0x00, 0x00, 0x00, 0x07, 0x00, 0x00, 0x00, 0x00, 0x00, 0x00, 0x00, 0x00,
    0x00, 0x00, 0x00, 0xF3, 0x00, 0x00, 0x00, 0x07, 0x00, 0x00, 0x00, 0x04, 0x00, 0x00, 0x00, 0x04,
    0x00, 0x00, 0x00, 0x07, 0x00, 0x00, 0x00, 0x00, 0x00, 0x00, 0x00, 0x00, 0x00, 0x00, 0x00, 0xF4,
    0x00, 0x00, 0x00, 0x07, 0x00, 0x00, 0x00, 0x04, 0x00, 0x00, 0x00, 0x04, 0x00, 0x00, 0x00, 0x07,
    0x00, 0x00, 0x00, 0x00, 0x00, 0x00, 0x00, 0x00, 0x00, 0x00, 0x00, 0xF5, 0x00, 0x00, 0x00, 0x07,
    0x00, 0x00, 0x00, 0x04, 0x00, 0x00, 0x00, 0x04, 0x00, 0x00, 0x00, 0x07, 0x00, 0x00, 0x00, 0x00,
    0x00, 0x00, 0x00, 0x00, 0x00, 0x00, 0x00, 0xF6, 0x00, 0x00, 0x00, 0x06, 0x00, 0x00, 0x00, 0x04,
    0x00, 0x00, 0x00, 0x04, 0x00, 0x00, 0x00, 0x06, 0x00, 0x00, 0x00, 0x00, 0x00, 0x00, 0x00, 0x00,
    0x00, 0x00, 0x00, 0xF7, 0x00, 0x00, 0x00, 0x04, 0x00, 0x00, 0x00, 0x04, 0x00, 0x00, 0x00, 0x04,
    0x00, 0x00, 0x00, 0x04, 0x00, 0x00, 0x00, 0x00, 0x00, 0x00, 0x00, 0x00, 0x00, 0x00, 0x00, 0xF8,
    0x00, 0x00, 0x00, 0x06, 0x00, 0x00, 0x00, 0x04, 0x00, 0x00, 0x00, 0x04, 0x00, 0x00, 0x00, 0x05,
    0x00, 0x00, 0x00, 0x00, 0x00, 0x00, 0x00, 0x00, 0x00, 0x00, 0x00, 0xF9, 0x00, 0x00, 0x00, 0x07,
    0x00, 0x00, 0x00, 0x04, 0x00, 0x00, 0x00, 0x04, 0x00, 0x00, 0x00, 0x07, 0x00, 0x00, 0x00, 0x00,
    0x00, 0x00, 0x00, 0x00, 0x00, 0x00, 0x00, 0xFA, 0x00, 0x00, 0x00, 0x07, 0x00, 0x00, 0x00, 0x04,
    0x00, 0x00, 0x00, 0x04, 0x00, 0x00, 0x00, 0x07, 0x00, 0x00, 0x00, 0x00, 0x00, 0x00, 0x00, 0x00,
    0x00, 0x00, 0x00, 0xFB, 0x00, 0x00, 0x00, 0x07, 0x00, 0x00, 0x00, 0x04, 0x00, 0x00, 0x00, 0x04,
    0x00, 0x00, 0x00, 0x07, 0x00, 0x00, 0x00, 0x00, 0x00, 0x00, 0x00, 0x00, 0x00, 0x00, 0x00, 0xFC,
    0x00, 0x00, 0x00, 0x06, 0x00, 0x00, 0x00, 0x04, 0x00, 0x00, 0x00, 0x04, 0x00, 0x00, 0x00, 0x06,
    0x00, 0x00, 0x00, 0x00, 0x00, 0x00, 0x00, 0x00, 0x00, 0x00, 0x00, 0xFD, 0x00, 0x00, 0x00, 0x09,
    0x00, 0x00, 0x00, 0x04, 0x00, 0x00, 0x00, 0x04, 0x00, 0x00, 0x00, 0x07, 0x00, 0x00, 0x00, 0x00,
    0x00, 0x00, 0x00, 0x00, 0x00, 0x00, 0x00, 0xFE, 0x00, 0x00, 0x00, 0x08, 0x00, 0x00, 0x00, 0x04,
    0x00, 0x00, 0x00, 0x04, 0x00, 0x00, 0x00, 0x06, 0x00, 0x00, 0x00, 0x00, 0x00, 0x00, 0x00, 0x00,
    0x00, 0x00, 0x00, 0xFF, 0x00, 0x00, 0x00, 0x08, 0x00, 0x00, 0x00, 0x04, 0x00, 0x00, 0x00, 0x04,
    0x00, 0x00, 0x00, 0x06, 0x00, 0x00, 0x00, 0x00, 0x00, 0x00, 0x00, 0x00, 0x00, 0x00, 0x20, 0x13,
    0x00, 0x00, 0x00, 0x01, 0x00, 0x00, 0x00, 0x04, 0x00, 0x00, 0x00, 0x04, 0x00, 0x00, 0x00, 0x03,
    0x00, 0x00, 0x00, 0x00, 0x00, 0x00, 0x00, 0x00, 0x00, 0x00, 0x20, 0x14, 0x00, 0x00, 0x00, 0x01,
    0x00, 0x00, 0x00, 0x04, 0x00, 0x00, 0x00, 0x04, 0x00, 0x00, 0x00, 0x03, 0x00, 0x00, 0x00, 0x00,
    0x00, 0x00, 0x00, 0x00, 0x00, 0x00, 0x20, 0x18, 0x00, 0x00, 0x00, 0x03, 0x00, 0x00, 0x00, 0x02,
    0x00, 0x00, 0x00, 0x04, 0x00, 0x00, 0x00, 0x06, 0x00, 0x00, 0x00, 0x01, 0x00, 0x00, 0x00, 0x00,
    0x00, 0x00, 0x20, 0x19, 0x00, 0x00, 0x00, 0x03, 0x00, 0x00, 0x00, 0x02, 0x00, 0x00, 0x00, 0x04,
    0x00, 0x00, 0x00, 0x06, 0x00, 0x00, 0x00, 0x01, 0x00, 0x00, 0x00, 0x00, 0x00, 0x00, 0x20, 0x1C,
    0x00, 0x00, 0x00, 0x03, 0x00, 0x00, 0x00, 0x04, 0x00, 0x00, 0x00, 0x04, 0x00, 0x00, 0x00, 0x06,
    0x00, 0x00, 0x00, 0x00, 0x00, 0x00, 0x00, 0x00, 0x00, 0x00, 0x20, 0x1D, 0x00, 0x00, 0x00, 0x03,
    0x00, 0x00, 0x00, 0x04, 0x00, 0x00, 0x00, 0x04, 0x00, 0x00, 0x00, 0x06, 0x00, 0x00, 0x00, 0x00,
    0x00, 0x00, 0x00, 0x00, 0x00, 0x00, 0x20, 0x26, 0x00, 0x00, 0x00, 0x01, 0x00, 0x00, 0x00, 0x04,
    0x00, 0x00, 0x00, 0x04, 0x00, 0x00, 0x00, 0x01, 0x00, 0x00, 0x00, 0x00, 0x00, 0x00, 0x00, 0x00,
    0x00, 0x00, 0x20, 0xAC, 0x00, 0x00, 0x00, 0x05, 0x00, 0x00, 0x00, 0x04, 0x00, 0x00, 0x00, 0x04,
    0x00, 0x00, 0x00, 0x05, 0x00, 0x00, 0x00, 0x00, 0x00, 0x00, 0x00, 0x00, 0x00, 0x00, 0x21, 0x90,
    0x00, 0x00, 0x00, 0x03, 0x00, 0x00, 0x00, 0x04, 0x00, 0x00, 0x00, 0x04, 0x00, 0x00, 0x00, 0x04,
    0x00, 0x00, 0x00, 0x00, 0x00, 0x00, 0x00, 0x00, 0x00, 0x00, 0x21, 0x91, 0x00, 0x00, 0x00, 0x05,
    0x00, 0x00, 0x00, 0x04, 0x00, 0x00, 0x00, 0x04, 0x00, 0x00, 0x00, 0x05, 0x00, 0x00, 0x00, 0x00,
    0x00, 0x00, 0x00, 0x00, 0x00, 0x00, 0x21, 0x92, 0x00, 0x00, 0x00, 0x03, 0x00, 0x00, 0x00, 0x04,
    0x00, 0x00, 0x00, 0x04, 0x00, 0x00, 0x00, 0x04, 0x00, 0x00, 0x00, 0x00, 0x00, 0x00, 0x00, 0x00,
    0x00, 0x00, 0x21, 0x93, 0x00, 0x00, 0x00, 0x06, 0x00, 0x00, 0x00, 0x04, 0x00, 0x00, 0x00, 0x04,
    0x00, 0x00, 0x00, 0x05, 0x00, 0x00, 0x00, 0x00, 0x00, 0x00, 0x00, 0x00, 0x00, 0x00, 0x21, 0x94,
    0x00, 0x00, 0x00, 0x03, 0x00, 0x00, 0x00, 0x04, 0x00, 0x00, 0x00, 0x04, 0x00, 0x00, 0x00, 0x04,
    0x00, 0x00, 0x00, 0x00, 0x00, 0x00, 0x00, 0x00, 0x00, 0x00, 0x21, 0x95, 0x00, 0x00, 0x00, 0x06,
    0x00, 0x00, 0x00, 0x04, 0x00, 0x00, 0x00, 0x04, 0x00, 0x00, 0x00, 0x05, 0x00, 0x00, 0x00, 0x00,
    0x00, 0x00, 0x00, 0x00, 0x00, 0x00, 0x21, 0xE9, 0x00, 0x00, 0x00, 0x04, 0x00, 0x00, 0x00, 0x04,
    0x00, 0x00, 0x00, 0x04, 0x00, 0x00, 0x00, 0x04, 0x00, 0x00, 0x00, 0x00, 0x00, 0x00, 0x00, 0x00,
    0x00, 0x00, 0x22, 0x60, 0x00, 0x00, 0x00, 0x04, 0x00, 0x00, 0x00, 0x04, 0x00, 0x00, 0x00, 0x04,
    0x00, 0x00, 0x00, 0x04, 0x00, 0x00, 0x00, 0x00, 0x00, 0x00, 0x00, 0x00, 0x00, 0x00, 0x22, 0x61,
    0x00, 0x00, 0x00, 0x04, 0x00, 0x00, 0x00, 0x04, 0x00, 0x00, 0x00, 0x04, 0x00, 0x00, 0x00, 0x04,
    0x00, 0x00, 0x00, 0x00, 0x00, 0x00, 0x00, 0x00, 0x00, 0x00, 0x22, 0x64, 0x00, 0x00, 0x00, 0x05,
    0x00, 0x00, 0x00, 0x04, 0x00, 0x00, 0x00, 0x04, 0x00, 0x00, 0x00, 0x05, 0x00, 0x00, 0x00, 0x00,
    0x00, 0x00, 0x00, 0x00, 0x00, 0x00, 0x22, 0x65, 0x00, 0x00, 0x00, 0x05, 0x00, 0x00, 0x00, 0x04,
    0x00, 0x00, 0x00, 0x04, 0x00, 0x00, 0x00, 0x05, 0x00, 0x00, 0x00, 0x00, 0x00, 0x00, 0x00, 0x00,
    0x00, 0x00, 0x23, 0x15, 0x00, 0x00, 0x00, 0x04, 0x00, 0x00, 0x00, 0x04, 0x00, 0x00, 0x00, 0x04,
    0x00, 0x00, 0x00, 0x04, 0x00, 0x00, 0x00, 0x00, 0x00, 0x00, 0x00, 0x00, 0x00, 0x00, 0x23, 0xCE,
    0x00, 0x00, 0x00, 0x04, 0x00, 0x00, 0x00, 0x04, 0x00, 0x00, 0x00, 0x04, 0x00, 0x00, 0x00, 0x04,
    0x00, 0x00, 0x00, 0x00, 0x00, 0x00, 0x00, 0x00, 0x00, 0x00, 0x25, 0x00, 0x00, 0x00, 0x00, 0x01,
    0x00, 0x00, 0x00, 0x04, 0x00, 0x00, 0x00, 0x04, 0x00, 0x00, 0x00, 0x03, 0x00, 0x00, 0x00, 0x00,
    0x00, 0x00, 0x00, 0x00, 0x00, 0x00, 0x25, 0x01, 0x00, 0x00, 0x00, 0x02, 0x00, 0x00, 0x00, 0x04,
    0x00, 0x00, 0x00, 0x04, 0x00, 0x00, 0x00, 0x03, 0x00, 0x00, 0x00, 0x00, 0x00, 0x00, 0x00, 0x00,
    0x00, 0x00, 0x25, 0x02, 0x00, 0x00, 0x00, 0x0A, 0x00, 0x00, 0x00, 0x01, 0x00, 0x00, 0x00, 0x04,
    0x00, 0x00, 0x00, 0x07, 0x00, 0x00, 0x00, 0x02, 0x00, 0x00, 0x00, 0x00, 0x00, 0x00, 0x25, 0x03,
    0x00, 0x00, 0x00, 0x0A, 0x00, 0x00, 0x00, 0x02, 0x00, 0x00, 0x00, 0x04, 0x00, 0x00, 0x00, 0x07,
    0x00, 0x00, 0x00, 0x01, 0x00, 0x00, 0x00, 0x00, 0x00, 0x00, 0x25, 0x04, 0x00, 0x00, 0x00, 0x01,
    0x00, 0x00, 0x00, 0x04, 0x00, 0x00, 0x00, 0x04, 0x00, 0x00, 0x00, 0x03, 0x00, 0x00, 0x00, 0x00,
    0x00, 0x00, 0x00, 0x00, 0x00, 0x00, 0x25, 0x05, 0x00, 0x00, 0x00, 0x02, 0x00, 0x00, 0x00, 0x04,
    0x00, 0x00, 0x00, 0x04, 0x00, 0x00, 0x00, 0x03, 0x00, 0x00, 0x00, 0x00, 0x00, 0x00, 0x00, 0x00,
    0x00, 0x00, 0x25, 0x06, 0x00, 0x00, 0x00, 0x0A, 0x00, 0x00, 0x00, 0x01, 0x00, 0x00, 0x00, 0x04,
    0x00, 0x00, 0x00, 0x07, 0x00, 0x00, 0x00, 0x02, 0x00, 0x00, 0x00, 0x00, 0x00, 0x00, 0x25, 0x07,
    0x00, 0x00, 0x00, 0x0A, 0x00, 0x00, 0x00, 0x02, 0x00, 0x00, 0x00, 0x04, 0x00, 0x00, 0x00, 0x07,
    0x00, 0x00, 0x00, 0x01, 0x00, 0x00, 0x00, 0x00, 0x00, 0x00, 0x25, 0x08, 0x00, 0x00, 0x00, 0x01,
    0x00, 0x00, 0x00, 0x04, 0x00, 0x00, 0x00, 0x04, 0x00, 0x00, 0x00, 0x03, 0x00, 0x00, 0x00, 0x00,
    0x00, 0x00, 0x00, 0x00, 0x00, 0x00, 0x25, 0x09, 0x00, 0x00, 0x00, 0x02, 0x00, 0x00, 0x00, 0x04,
    0x00, 0x00, 0x00, 0x04, 0x00, 0x00, 0x00, 0x03, 0x00, 0x00, 0x00, 0x00, 0x00, 0x00, 0x00, 0x00,
    0x00, 0x00, 0x25, 0x0A, 0x00, 0x00, 0x00, 0x0A, 0x00, 0x00, 0x00, 0x01, 0x00, 0x00, 0x00, 0x04,
    0x00, 0x00, 0x00, 0x07, 0x00, 0x00, 0x00, 0x02, 0x00, 0x00, 0x00, 0x00, 0x00, 0x00, 0x25, 0x0B,
    0x00, 0x00, 0x00, 0x0A, 0x00, 0x00, 0x00, 0x02, 0x00, 0x00, 0x00, 0x04, 0x00, 0x00, 0x00, 0x07,
    0x00, 0x00, 0x00, 0x01, 0x00, 0x00, 0x00, 0x00, 0x00, 0x00, 0x25, 0x0C, 0x00, 0x00, 0x00, 0x06,
    0x00, 0x00, 0x00, 0x02, 0x00, 0x00, 0x00, 0x04, 0x00, 0x00, 0x00, 0x03, 0x00, 0x00, 0x00, 0x02,
    0x00, 0x00, 0x00, 0x00, 0x00, 0x00, 0x25, 0x0D, 0x00, 0x00, 0x00, 0x06, 0x00, 0x00, 0x00, 0x02,
    0x00, 0x00, 0x00, 0x04, 0x00, 0x00, 0x00, 0x03, 0x00, 0x00, 0x00, 0x02, 0x00, 0x00, 0x00, 0x00,
    0x00, 0x00, 0x25, 0x0E, 0x00, 0x00, 0x00, 0x06, 0x00, 0x00, 0x00, 0x03, 0x00, 0x00, 0x00, 0x04,
    0x00, 0x00, 0x00, 0x03, 0x00, 0x00, 0x00, 0x01, 0x00, 0x00, 0x00, 0x00, 0x00, 0x00, 0x25, 0x0F,
    0x00, 0x00, 0x00, 0x06, 0x00, 0x00, 0x00, 0x03, 0x00, 0x00, 0x00, 0x04, 0x00, 0x00, 0x00, 0x03,
    0x00, 0x00, 0x00, 0x01, 0x00, 0x00, 0x00, 0x00, 0x00, 0x00, 0x25, 0x10, 0x00, 0x00, 0x00, 0x06,
    0x00, 0x00, 0x00, 0x04, 0x00, 0x00, 0x00, 0x04, 0x00, 0x00, 0x00, 0x03, 0x00, 0x00, 0x00, 0x00,
    0x00, 0x00, 0x00, 0x00, 0x00, 0x00, 0x25, 0x11, 0x00, 0x00, 0x00, 0x06, 0x00, 0x00, 0x00, 0x04,
    0x00, 0x00, 0x00, 0x04, 0x00, 0x00, 0x00, 0x03, 0x00, 0x00, 0x00, 0x00, 0x00, 0x00, 0x00, 0x00,
    0x00, 0x00, 0x25, 0x12, 0x00, 0x00, 0x00, 0x06, 0x00, 0x00, 0x00, 0x04, 0x00, 0x00, 0x00, 0x04,
    0x00, 0x00, 0x00, 0x03, 0x00, 0x00, 0x00, 0x00, 0x00, 0x00, 0x00, 0x00, 0x00, 0x00, 0x25, 0x13,
    0x00, 0x00, 0x00, 0x06, 0x00, 0x00, 0x00, 0x04, 0x00, 0x00, 0x00, 0x04, 0x00, 0x00, 0x00, 0x03,
    0x00, 0x00, 0x00, 0x00, 0x00, 0x00, 0x00, 0x00, 0x00, 0x00, 0x25, 0x14, 0x00, 0x00, 0x00, 0x05,
    0x00, 0x00, 0x00, 0x02, 0x00, 0x00, 0x00, 0x04, 0x00, 0x00, 0x00, 0x07, 0x00, 0x00, 0x00, 0x02,
    0x00, 0x00, 0x00, 0x00, 0x00, 0x00, 0x25, 0x15, 0x00, 0x00, 0x00, 0x06, 0x00, 0x00, 0x00, 0x02,
    0x00, 0x00, 0x00, 0x04, 0x00, 0x00, 0x00, 0x07, 0x00, 0x00, 0x00, 0x02, 0x00, 0x00, 0x00, 0x00,
    0x00, 0x00, 0x25, 0x16, 0x00, 0x00, 0x00, 0x05, 0x00, 0x00, 0x00, 0x03, 0x00, 0x00, 0x00, 0x04,
    0x00, 0x00, 0x00, 0x07, 0x00, 0x00, 0x00, 0x01, 0x00, 0x00, 0x00, 0x00, 0x00, 0x00, 0x25, 0x17,
    0x00, 0x00, 0x00, 0x06, 0x00, 0x00, 0x00, 0x03, 0x00, 0x00, 0x00, 0x04, 0x00, 0x00, 0x00, 0x07,
    0x00, 0x00, 0x00, 0x01, 0x00, 0x00, 0x00, 0x00, 0x00, 0x00, 0x25, 0x18, 0x00, 0x00, 0x00, 0x05,
    0x00, 0x00, 0x00, 0x04, 0x00, 0x00, 0x00, 0x04, 0x00, 0x00, 0x00, 0x07, 0x00, 0x00, 0x00, 0x00,
    0x00, 0x00, 0x00, 0x00, 0x00, 0x00, 0x25, 0x19, 0x00, 0x00, 0x00, 0x06, 0x00, 0x00, 0x00, 0x04,
    0x00, 0x00, 0x00, 0x04, 0x00, 0x00, 0x00, 0x07, 0x00, 0x00, 0x00, 0x00, 0x00, 0x00, 0x00, 0x00,
    0x00, 0x00, 0x25, 0x1A, 0x00, 0x00, 0x00, 0x05, 0x00, 0x00, 0x00, 0x04, 0x00, 0x00, 0x00, 0x04,
    0x00, 0x00, 0x00, 0x07, 0x00, 0x00, 0x00, 0x00, 0x00, 0x00, 0x00, 0x00, 0x00, 0x00, 0x25, 0x1B,
    0x00, 0x00, 0x00, 0x06, 0x00, 0x00, 0x00, 0x04, 0x00, 0x00, 0x00, 0x04, 0x00, 0x00, 0x00, 0x07,
    0x00, 0x00, 0x00, 0x00, 0x00, 0x00, 0x00, 0x00, 0x00, 0x00, 0x25, 0x1C, 0x00, 0x00, 0x00, 0x0A,
    0x00, 0x00, 0x00, 0x02, 0x00, 0x00, 0x00, 0x04, 0x00, 0x00, 0x00, 0x07, 0x00, 0x00, 0x00, 0x02,
    0x00, 0x00, 0x00, 0x00, 0x00, 0x00, 0x25, 0x1D, 0x00, 0x00, 0x00, 0x0A, 0x00, 0x00, 0x00, 0x02,
    0x00, 0x00, 0x00, 0x04, 0x00, 0x00, 0x00, 0x07, 0x00, 0x00, 0x00, 0x02, 0x00, 0x00, 0x00, 0x00,
    0x00, 0x00, 0x25, 0x1E, 0x00, 0x00, 0x00, 0x0A, 0x00, 0x00, 0x00, 0x03, 0x00, 0x00, 0x00, 0x04,
    0x00, 0x00, 0x00, 0x07, 0x00, 0x00, 0x00, 0x01, 0x00, 0x00, 0x00, 0x00, 0x00, 0x00, 0x25, 0x1F,
    0x00, 0x00, 0x00, 0x0A, 0x00, 0x00, 0x00, 0x03, 0x00, 0x00, 0x00, 0x04, 0x00, 0x00, 0x00, 0x07,
    0x00, 0x00, 0x00, 0x01, 0x00, 0x00, 0x00, 0x00, 0x00, 0x00, 0x25, 0x20, 0x00, 0x00, 0x00, 0x0A,
    0x00, 0x00, 0x00, 0x03, 0x00, 0x00, 0x00, 0x04, 0x00, 0x00, 0x00, 0x07, 0x00, 0x00, 0x00, 0x01,
    0x00, 0x00, 0x00, 0x00, 0x00, 0x00, 0x25, 0x21, 0x00, 0x00, 0x00, 0x0A, 0x00, 0x00, 0x00, 0x03,
    0x00, 0x00, 0x00, 0x04, 0x00, 0x00, 0x00, 0x07, 0x00, 0x00, 0x00, 0x01, 0x00, 0x00, 0x00, 0x00,
    0x00, 0x00, 0x25, 0x22, 0x00, 0x00, 0x00, 0x0A, 0x00, 0x00, 0x00, 0x03, 0x00, 0x00, 0x00, 0x04,
    0x00, 0x00, 0x00, 0x07, 0x00, 0x00, 0x00, 0x01, 0x00, 0x00, 0x00, 0x00, 0x00, 0x00, 0x25, 0x23,
    0x00, 0x00, 0x00, 0x0A, 0x00, 0x00, 0x00, 0x03, 0x00, 0x00, 0x00, 0x04, 0x00, 0x00, 0x00, 0x07,
    0x00, 0x00, 0x00, 0x01, 0x00, 0x00, 0x00, 0x00, 0x00, 0x00, 0x25, 0x24, 0x00, 0x00, 0x00, 0x0A,
    0x00, 0x00, 0x00, 0x04, 0x00, 0x00, 0x00, 0x04, 0x00, 0x00, 0x00, 0x07, 0x00, 0x00, 0x00, 0x00,
    0x00, 0x00, 0x00, 0x00, 0x00, 0x00, 0x25, 0x25, 0x00, 0x00, 0x00, 0x0A, 0x00, 0x00, 0x00, 0x04,
    0x00, 0x00, 0x00, 0x04, 0x00, 0x00, 0x00, 0x07, 0x00, 0x00, 0x00, 0x00, 0x00, 0x00, 0x00, 0x00,
    0x00, 0x00, 0x25, 0x26, 0x00, 0x00, 0x00, 0x0A, 0x00, 0x00, 0x00, 0x04, 0x00, 0x00, 0x00, 0x04,
    0x00, 0x00, 0x00, 0x07, 0x00, 0x00, 0x00, 0x00, 0x00, 0x00, 0x00, 0x00, 0x00, 0x00, 0x25, 0x27,
    0x00, 0x00, 0x00, 0x0A, 0x00, 0x00, 0x00, 0x04, 0x00, 0x00, 0x00, 0x04, 0x00, 0x00, 0x00, 0x07,
    0x00, 0x00, 0x00, 0x00, 0x00, 0x00, 0x00, 0x00, 0x00, 0x00, 0x25, 0x28, 0x00, 0x00, 0x00, 0x0A,
    0x00, 0x00, 0x00, 0x04, 0x00, 0x00, 0x00, 0x04, 0x00, 0x00, 0x00, 0x07, 0x00, 0x00, 0x00, 0x00,
    0x00, 0x00, 0x00, 0x00, 0x00, 0x00, 0x25, 0x29, 0x00, 0x00, 0x00, 0x0A, 0x00, 0x00, 0x00, 0x04,
    0x00, 0x00, 0x00, 0x04, 0x00, 0x00, 0x00, 0x07, 0x00, 0x00, 0x00, 0x00, 0x00, 0x00, 0x00, 0x00,
    0x00, 0x00, 0x25, 0x2A, 0x00, 0x00, 0x00, 0x0A, 0x00, 0x00, 0x00, 0x04, 0x00, 0x00, 0x00, 0x04,
    0x00, 0x00, 0x00, 0x07, 0x00, 0x00, 0x00, 0x00, 0x00, 0x00, 0x00, 0x00, 0x00, 0x00, 0x25, 0x2B,
    0x00, 0x00, 0x00, 0x0A, 0x00, 0x00, 0x00, 0x04, 0x00, 0x00, 0x00, 0x04, 0x00, 0x00, 0x00, 0x07,
    0x00, 0x00, 0x00, 0x00, 0x00, 0x00, 0x00, 0x00, 0x00, 0x00, 0x25, 0x2C, 0x00, 0x00, 0x00, 0x06,
    0x00, 0x00, 0x00, 0x04, 0x00, 0x00, 0x00, 0x04, 0x00, 0x00, 0x00, 0x03, 0x00, 0x00, 0x00, 0x00,
    0x00, 0x00, 0x00, 0x00, 0x00, 0x00, 0x25, 0x2D, 0x00, 0x00, 0x00, 0x06, 0x00, 0x00, 0x00, 0x04,
    0x00, 0x00, 0x00, 0x04, 0x00, 0x00, 0x00, 0x03, 0x00, 0x00, 0x00, 0x00, 0x00, 0x00, 0x00, 0x00,
    0x00, 0x00, 0x25, 0x2E, 0x00, 0x00, 0x00, 0x06, 0x00, 0x00, 0x00, 0x04, 0x00, 0x00, 0x00, 0x04,
    0x00, 0x00, 0x00, 0x03, 0x00, 0x00, 0x00, 0x00, 0x00, 0x00, 0x00, 0x00, 0x00, 0x00, 0x25, 0x2F,
    0x00, 0x00, 0x00, 0x06, 0x00, 0x00, 0x00, 0x04, 0x00, 0x00, 0x00, 0x04, 0x00, 0x00, 0x00, 0x03,
    0x00, 0x00, 0x00, 0x00, 0x00, 0x00, 0x00, 0x00, 0x00, 0x00, 0x25, 0x30, 0x00, 0x00, 0x00, 0x06,
    0x00, 0x00, 0x00, 0x04, 0x00, 0x00, 0x00, 0x04, 0x00, 0x00, 0x00, 0x03, 0x00, 0x00, 0x00, 0x00,
    0x00, 0x00, 0x00, 0x00, 0x00, 0x00, 0x25, 0x31, 0x00, 0x00, 0x00, 0x06, 0x00, 0x00, 0x00, 0x04,
    0x00, 0x00, 0x00, 0x04, 0x00, 0x00, 0x00, 0x03, 0x00, 0x00, 0x00, 0x00, 0x00, 0x00, 0x00, 0x00,
    0x00, 0x00, 0x25, 0x32, 0x00, 0x00, 0x00, 0x06, 0x00, 0x00, 0x00, 0x04, 0x00, 0x00, 0x00, 0x04,
    0x00, 0x00, 0x00, 0x03, 0x00, 0x00, 0x00, 0x00, 0x00, 0x00, 0x00, 0x00, 0x00, 0x00, 0x25, 0x33,
    0x00, 0x00, 0x00, 0x06, 0x00, 0x00, 0x00, 0x04, 0x00, 0x00, 0x00, 0x04, 0x00, 0x00, 0x00, 0x03,
    0x00, 0x00, 0x00, 0x00, 0x00, 0x00, 0x00, 0x00, 0x00, 0x00, 0x25, 0x34, 0x00, 0x00, 0x00, 0x05,
    0x00, 0x00, 0x00, 0x04, 0x00, 0x00, 0x00, 0x04, 0x00, 0x00, 0x00, 0x07, 0x00, 0x00, 0x00, 0x00,
    0x00, 0x00, 0x00, 0x00, 0x00, 0x00, 0x25, 0x35, 0x00, 0x00, 0x00, 0x06, 0x00, 0x00, 0x00, 0x04,
    0x00, 0x00, 0x00, 0x04, 0x00, 0x00, 0x00, 0x07, 0x00, 0x00, 0x00, 0x00, 0x00, 0x00, 0x00, 0x00,
    0x00, 0x00, 0x25, 0x36, 0x00, 0x00, 0x00, 0x06, 0x00, 0x00, 0x00, 0x04, 0x00, 0x00, 0x00, 0x04,
    0x00, 0x00, 0x00, 0x07, 0x00, 0x00, 0x00, 0x00, 0x00, 0x00, 0x00, 0x00, 0x00, 0x00, 0x25, 0x37,
    0x00, 0x00, 0x00, 0x06, 0x00, 0x00, 0x00, 0x04, 0x00, 0x00, 0x00, 0x04, 0x00, 0x00, 0x00, 0x07,
    0x00, 0x00, 0x00, 0x00, 0x00, 0x00, 0x00, 0x00, 0x00, 0x00, 0x25, 0x38, 0x00, 0x00, 0x00, 0x05,
    0x00, 0x00, 0x00, 0x04, 0x00, 0x00, 0x00, 0x04, 0x00, 0x00, 0x00, 0x07, 0x00, 0x00, 0x00, 0x00,
    0x00, 0x00, 0x00, 0x00, 0x00, 0x00, 0x25, 0x39, 0x00, 0x00, 0x00, 0x06, 0x00, 0x00, 0x00, 0x04,
    0x00, 0x00, 0x00, 0x04, 0x00, 0x00, 0x00, 0x07, 0x00, 0x00, 0x00, 0x00, 0x00, 0x00, 0x00, 0x00,
    0x00, 0x00, 0x25, 0x3A, 0x00, 0x00, 0x00, 0x06, 0x00, 0x00, 0x00, 0x04, 0x00, 0x00, 0x00, 0x04,
    0x00, 0x00, 0x00, 0x07, 0x00, 0x00, 0x00, 0x00, 0x00, 0x00, 0x00, 0x00, 0x00, 0x00, 0x25, 0x3B,
    0x00, 0x00, 0x00, 0x06, 0x00, 0x00, 0x00, 0x04, 0x00, 0x00, 0x00, 0x04, 0x00, 0x00, 0x00, 0x07,
    0x00, 0x00, 0x00, 0x00, 0x00, 0x00, 0x00, 0x00, 0x00, 0x00, 0x25, 0x3C, 0x00, 0x00, 0x00, 0x0A,
    0x00, 0x00, 0x00, 0x04, 0x00, 0x00, 0x00, 0x04, 0x00, 0x00, 0x00, 0x07, 0x00, 0x00, 0x00, 0x00,
    0x00, 0x00, 0x00, 0x00, 0x00, 0x00, 0x25, 0x3D, 0x00, 0x00, 0x00, 0x0A, 0x00, 0x00, 0x00, 0x04,
    0x00, 0x00, 0x00, 0x04, 0x00, 0x00, 0x00, 0x07, 0x00, 0x00, 0x00, 0x00, 0x00, 0x00, 0x00, 0x00,
    0x00, 0x00, 0x25, 0x3E, 0x00, 0x00, 0x00, 0x0A, 0x00, 0x00, 0x00, 0x04, 0x00, 0x00, 0x00, 0x04,
    0x00, 0x00, 0x00, 0x07, 0x00, 0x00, 0x00, 0x00, 0x00, 0x00, 0x00, 0x00, 0x00, 0x00, 0x25, 0x3F,
    0x00, 0x00, 0x00, 0x0A, 0x00, 0x00, 0x00, 0x04, 0x00, 0x00, 0x00, 0x04, 0x00, 0x00, 0x00, 0x07,
    0x00, 0x00, 0x00, 0x00, 0x00, 0x00, 0x00, 0x00, 0x00, 0x00, 0x25, 0x40, 0x00, 0x00, 0x00, 0x0A,
    0x00, 0x00, 0x00, 0x04, 0x00, 0x00, 0x00, 0x04, 0x00, 0x00, 0x00, 0x07, 0x00, 0x00, 0x00, 0x00,
    0x00, 0x00, 0x00, 0x00, 0x00, 0x00, 0x25, 0x41, 0x00, 0x00, 0x00, 0x0A, 0x00, 0x00, 0x00, 0x04,
    0x00, 0x00, 0x00, 0x04, 0x00, 0x00, 0x00, 0x07, 0x00, 0x00, 0x00, 0x00, 0x00, 0x00, 0x00, 0x00,
    0x00, 0x00, 0x25, 0x42, 0x00, 0x00, 0x00, 0x0A, 0x00, 0x00, 0x00, 0x04, 0x00, 0x00, 0x00, 0x04,
    0x00, 0x00, 0x00, 0x07, 0x00, 0x00, 0x00, 0x00, 0x00, 0x00, 0x00, 0x00, 0x00, 0x00, 0x25, 0x43,
    0x00, 0x00, 0x00, 0x0A, 0x00, 0x00, 0x00, 0x04, 0x00, 0x00, 0x00, 0x04, 0x00, 0x00, 0x00, 0x07,
    0x00, 0x00, 0x00, 0x00, 0x00, 0x00, 0x00, 0x00, 0x00, 0x00, 0x25, 0x44, 0x00, 0x00, 0x00, 0x0A,
    0x00, 0x00, 0x00, 0x04, 0x00, 0x00, 0x00, 0x04, 0x00, 0x00, 0x00, 0x07, 0x00, 0x00, 0x00, 0x00,
    0x00, 0x00, 0x00, 0x00, 0x00, 0x00, 0x25, 0x45, 0x00, 0x00, 0x00, 0x0A, 0x00, 0x00, 0x00, 0x04,
    0x00, 0x00, 0x00, 0x04, 0x00, 0x00, 0x00, 0x07, 0x00, 0x00, 0x00, 0x00, 0x00, 0x00, 0x00, 0x00,
    0x00, 0x00, 0x25, 0x46, 0x00, 0x00, 0x00, 0x0A, 0x00, 0x00, 0x00, 0x04, 0x00, 0x00, 0x00, 0x04,
    0x00, 0x00, 0x00, 0x07, 0x00, 0x00, 0x00, 0x00, 0x00, 0x00, 0x00, 0x00, 0x00, 0x00, 0x25, 0x47,
    0x00, 0x00, 0x00, 0x0A, 0x00, 0x00, 0x00, 0x04, 0x00, 0x00, 0x00, 0x04, 0x00, 0x00, 0x00, 0x07,
    0x00, 0x00, 0x00, 0x00, 0x00, 0x00, 0x00, 0x00, 0x00, 0x00, 0x25, 0x48, 0x00, 0x00, 0x00, 0x0A,
    0x00, 0x00, 0x00, 0x04, 0x00, 0x00, 0x00, 0x04, 0x00, 0x00, 0x00, 0x07, 0x00, 0x00, 0x00, 0x00,
    0x00, 0x00, 0x00, 0x00, 0x00, 0x00, 0x25, 0x49, 0x00, 0x00, 0x00, 0x0A, 0x00, 0x00, 0x00, 0x04,
    0x00, 0x00, 0x00, 0x04, 0x00, 0x00, 0x00, 0x07, 0x00, 0x00, 0x00, 0x00, 0x00, 0x00, 0x00, 0x00,
    0x00, 0x00, 0x25, 0x4A, 0x00, 0x00, 0x00, 0x0A, 0x00, 0x00, 0x00, 0x04, 0x00, 0x00, 0x00, 0x04,
    0x00, 0x00, 0x00, 0x07, 0x00, 0x00, 0x00, 0x00, 0x00, 0x00, 0x00, 0x00, 0x00, 0x00, 0x25, 0x4B,
    0x00, 0x00, 0x00, 0x0A, 0x00, 0x00, 0x00, 0x04, 0x00, 0x00, 0x00, 0x04, 0x00, 0x00, 0x00, 0x07,
    0x00, 0x00, 0x00, 0x00, 0x00, 0x00, 0x00, 0x00, 0x00, 0x00, 0x25, 0x4C, 0x00, 0x00, 0x00, 0x01,
    0x00, 0x00, 0x00, 0x04, 0x00, 0x00, 0x00, 0x04, 0x00, 0x00, 0x00, 0x03, 0x00, 0x00, 0x00, 0x00,
    0x00, 0x00, 0x00, 0x00, 0x00, 0x00, 0x25, 0x4D, 0x00, 0x00, 0x00, 0x02, 0x00, 0x00, 0x00, 0x04,
    0x00, 0x00, 0x00, 0x04, 0x00, 0x00, 0x00, 0x03, 0x00, 0x00, 0x00, 0x00, 0x00, 0x00, 0x00, 0x00,
    0x00, 0x00, 0x25, 0x4E, 0x00, 0x00, 0x00, 0x06, 0x00, 0x00, 0x00, 0x01, 0x00, 0x00, 0x00, 0x04,
    0x00, 0x00, 0x00, 0x05, 0x00, 0x00, 0x00, 0x02, 0x00, 0x00, 0x00, 0x00, 0x00, 0x00, 0x25, 0x4F,
    0x00, 0x00, 0x00, 0x06, 0x00, 0x00, 0x00, 0x02, 0x00, 0x00, 0x00, 0x04, 0x00, 0x00, 0x00, 0x05,
    0x00, 0x00, 0x00, 0x01, 0x00, 0x00, 0x00, 0x00, 0x00, 0x00, 0x25, 0x50, 0x00, 0x00, 0x00, 0x02,
    0x00, 0x00, 0x00, 0x04, 0x00, 0x00, 0x00, 0x04, 0x00, 0x00, 0x00, 0x03, 0x00, 0x00, 0x00, 0x00,
    0x00, 0x00, 0x00, 0x00, 0x00, 0x00, 0x25, 0x51, 0x00, 0x00, 0x00, 0x0A, 0x00, 0x00, 0x00, 0x02,
    0x00, 0x00, 0x00, 0x04, 0x00, 0x00, 0x00, 0x07, 0x00, 0x00, 0x00, 0x01, 0x00, 0x00, 0x00, 0x00,
    0x00, 0x00, 0x25, 0x52, 0x00, 0x00, 0x00, 0x06, 0x00, 0x00, 0x00, 0x02, 0x00, 0x00, 0x00, 0x04,
    0x00, 0x00, 0x00, 0x03, 0x00, 0x00, 0x00, 0x02, 0x00, 0x00, 0x00, 0x00, 0x00, 0x00, 0x25, 0x53,
    0x00, 0x00, 0x00, 0x06, 0x00, 0x00, 0x00, 0x03, 0x00, 0x00, 0x00, 0x04, 0x00, 0x00, 0x00, 0x03,
    0x00, 0x00, 0x00, 0x01, 0x00, 0x00, 0x00, 0x00, 0x00, 0x00, 0x25, 0x54, 0x00, 0x00, 0x00, 0x06,
    0x00, 0x00, 0x00, 0x03, 0x00, 0x00, 0x00, 0x04, 0x00, 0x00, 0x00, 0x03, 0x00, 0x00, 0x00, 0x01,
    0x00, 0x00, 0x00, 0x00, 0x00, 0x00, 0x25, 0x55, 0x00, 0x00, 0x00, 0x06, 0x00, 0x00, 0x00, 0x04,
    0x00, 0x00, 0x00, 0x04, 0x00, 0x00, 0x00, 0x03, 0x00, 0x00, 0x00, 0x00, 0x00, 0x00, 0x00, 0x00,
    0x00, 0x00, 0x25, 0x56, 0x00, 0x00, 0x00, 0x06, 0x00, 0x00, 0x00, 0x04, 0x00, 0x00, 0x00, 0x04,
    0x00, 0x00, 0x00, 0x03, 0x00, 0x00, 0x00, 0x00, 0x00, 0x00, 0x00, 0x00, 0x00, 0x00, 0x25, 0x57,
    0x00, 0x00, 0x00, 0x06, 0x00, 0x00, 0x00, 0x04, 0x00, 0x00, 0x00, 0x04, 0x00, 0x00, 0x00, 0x03,
    0x00, 0x00, 0x00, 0x00, 0x00, 0x00, 0x00, 0x00, 0x00, 0x00, 0x25, 0x58, 0x00, 0x00, 0x00, 0x06,
    0x00, 0x00, 0x00, 0x02, 0x00, 0x00, 0x00, 0x04, 0x00, 0x00, 0x00, 0x07, 0x00, 0x00, 0x00, 0x02,
    0x00, 0x00, 0x00, 0x00, 0x00, 0x00, 0x25, 0x59, 0x00, 0x00, 0x00, 0x05, 0x00, 0x00, 0x00, 0x03,
    0x00, 0x00, 0x00, 0x04, 0x00, 0x00, 0x00, 0x07, 0x00, 0x00, 0x00, 0x01, 0x00, 0x00, 0x00, 0x00,
    0x00, 0x00, 0x25, 0x5A, 0x00, 0x00, 0x00, 0x06, 0x00, 0x00, 0x00, 0x03, 0x00, 0x00, 0x00, 0x04,
    0x00, 0x00, 0x00, 0x07, 0x00, 0x00, 0x00, 0x01, 0x00, 0x00, 0x00, 0x00, 0x00, 0x00, 0x25, 0x5B,
    0x00, 0x00, 0x00, 0x06, 0x00, 0x00, 0x00, 0x04, 0x00, 0x00, 0x00, 0x04, 0x00, 0x00, 0x00, 0x07,
    0x00, 0x00, 0x00, 0x00, 0x00, 0x00, 0x00, 0x00, 0x00, 0x00, 0x25, 0x5C, 0x00, 0x00, 0x00, 0x05,
    0x00, 0x00, 0x00, 0x04, 0x00, 0x00, 0x00, 0x04, 0x00, 0x00, 0x00, 0x07, 0x00, 0x00, 0x00, 0x00,
    0x00, 0x00, 0x00, 0x00, 0x00, 0x00, 0x25, 0x5D, 0x00, 0x00, 0x00, 0x06, 0x00, 0x00, 0x00, 0x04,
    0x00, 0x00, 0x00, 0x04, 0x00, 0x00, 0x00, 0x07, 0x00, 0x00, 0x00, 0x00, 0x00, 0x00, 0x00, 0x00,
    0x00, 0x00, 0x25, 0x5E, 0x00, 0x00, 0x00, 0x0A, 0x00, 0x00, 0x00, 0x02, 0x00, 0x00, 0x00, 0x04,
    0x00, 0x00, 0x00, 0x07, 0x00, 0x00, 0x00, 0x02, 0x00, 0x00, 0x00, 0x00, 0x00, 0x00, 0x25, 0x5F,
    0x00, 0x00, 0x00, 0x0A, 0x00, 0x00, 0x00, 0x03, 0x00, 0x00, 0x00, 0x04, 0x00, 0x00, 0x00, 0x07,
    0x00, 0x00, 0x00, 0x01, 0x00, 0x00, 0x00, 0x00, 0x00, 0x00, 0x25, 0x60, 0x00, 0x00, 0x00, 0x0A,
    0x00, 0x00, 0x00, 0x03, 0x00, 0x00, 0x00, 0x04, 0x00, 0x00, 0x00, 0x07, 0x00, 0x00, 0x00, 0x01,
    0x00, 0x00, 0x00, 0x00, 0x00, 0x00, 0x25, 0x61, 0x00, 0x00, 0x00, 0x0A, 0x00, 0x00, 0x00, 0x04,
    0x00, 0x00, 0x00, 0x04, 0x00, 0x00, 0x00, 0x07, 0x00, 0x00, 0x00, 0x00, 0x00, 0x00, 0x00, 0x00,
    0x00, 0x00, 0x25, 0x62, 0x00, 0x00, 0x00, 0x0A, 0x00, 0x00, 0x00, 0x04, 0x00, 0x00, 0x00, 0x04,
    0x00, 0x00, 0x00, 0x07, 0x00, 0x00, 0x00, 0x00, 0x00, 0x00, 0x00, 0x00, 0x00, 0x00, 0x25, 0x63,
    0x00, 0x00, 0x00, 0x0A, 0x00, 0x00, 0x00, 0x04, 0x00, 0x00, 0x00, 0x04, 0x00, 0x00, 0x00, 0x07,
    0x00, 0x00, 0x00, 0x00, 0x00, 0x00, 0x00, 0x00, 0x00, 0x00, 0x25, 0x64, 0x00, 0x00, 0x00, 0x06,
    0x00, 0x00, 0x00, 0x04, 0x00, 0x00, 0x00, 0x04, 0x00, 0x00, 0x00, 0x03, 0x00, 0x00, 0x00, 0x00,
    0x00, 0x00, 0x00, 0x00, 0x00, 0x00, 0x25, 0x65, 0x00, 0x00, 0x00, 0x06, 0x00, 0x00, 0x00, 0x04,
    0x00, 0x00, 0x00, 0x04, 0x00, 0x00, 0x00, 0x03, 0x00, 0x00, 0x00, 0x00, 0x00, 0x00, 0x00, 0x00,
    0x00, 0x00, 0x25, 0x66, 0x00, 0x00, 0x00, 0x06, 0x00, 0x00, 0x00, 0x04, 0x00, 0x00, 0x00, 0x04,
    0x00, 0x00, 0x00, 0x03, 0x00, 0x00, 0x00, 0x00, 0x00, 0x00, 0x00, 0x00, 0x00, 0x00, 0x25, 0x67,
    0x00, 0x00, 0x00, 0x06, 0x00, 0x00, 0x00, 0x04, 0x00, 0x00, 0x00, 0x04, 0x00, 0x00, 0x00, 0x07,
    0x00, 0x00, 0x00, 0x00, 0x00, 0x00, 0x00, 0x00, 0x00, 0x00, 0x25, 0x68, 0x00, 0x00, 0x00, 0x05,
    0x00, 0x00, 0x00, 0x04, 0x00, 0x00, 0x00, 0x04, 0x00, 0x00, 0x00, 0x07, 0x00, 0x00, 0x00, 0x00,
    0x00, 0x00, 0x00, 0x00, 0x00, 0x00, 0x25, 0x69, 0x00, 0x00, 0x00, 0x06, 0x00, 0x00, 0x00, 0x04,
    0x00, 0x00, 0x00, 0x04, 0x00, 0x00, 0x00, 0x07, 0x00, 0x00, 0x00, 0x00, 0x00, 0x00, 0x00, 0x00,
    0x00, 0x00, 0x25, 0x6A, 0x00, 0x00, 0x00, 0x0A, 0x00, 0x00, 0x00, 0x04, 0x00, 0x00, 0x00, 0x04,
    0x00, 0x00, 0x00, 0x07, 0x00, 0x00, 0x00, 0x00, 0x00, 0x00, 0x00, 0x00, 0x00, 0x00, 0x25, 0x6B,
    0x00, 0x00, 0x00, 0x0A, 0x00, 0x00, 0x00, 0x04, 0x00, 0x00, 0x00, 0x04, 0x00, 0x00, 0x00, 0x07,
    0x00, 0x00, 0x00, 0x00, 0x00, 0x00, 0x00, 0x00, 0x00, 0x00, 0x25, 0x6C, 0x00, 0x00, 0x00, 0x0A,
    0x00, 0x00, 0x00, 0x04, 0x00, 0x00, 0x00, 0x04, 0x00, 0x00, 0x00, 0x07, 0x00, 0x00, 0x00, 0x00,
    0x00, 0x00, 0x00, 0x00, 0x00, 0x00, 0x25, 0x6D, 0x00, 0x00, 0x00, 0x06, 0x00, 0x00, 0x00, 0x02,
    0x00, 0x00, 0x00, 0x04, 0x00, 0x00, 0x00, 0x03, 0x00, 0x00, 0x00, 0x02, 0x00, 0x00, 0x00, 0x00,
    0x00, 0x00, 0x25, 0x6E, 0x00, 0x00, 0x00, 0x06, 0x00, 0x00, 0x00, 0x04, 0x00, 0x00, 0x00, 0x04,
    0x00, 0x00, 0x00, 0x03, 0x00, 0x00, 0x00, 0x00, 0x00, 0x00, 0x00, 0x00, 0x00, 0x00, 0x25, 0x6F,
    0x00, 0x00, 0x00, 0x05, 0x00, 0x00, 0x00, 0x04, 0x00, 0x00, 0x00, 0x04, 0x00, 0x00, 0x00, 0x07,
    0x00, 0x00, 0x00, 0x00, 0x00, 0x00, 0x00, 0x00, 0x00, 0x00, 0x25, 0x70, 0x00, 0x00, 0x00, 0x05,
    0x00, 0x00, 0x00, 0x02, 0x00, 0x00, 0x00, 0x04, 0x00, 0x00, 0x00, 0x07, 0x00, 0x00, 0x00, 0x02,
    0x00, 0x00, 0x00, 0x00, 0x00, 0x00, 0x25, 0x71, 0x00, 0x00, 0x00, 0x08, 0x00, 0x00, 0x00, 0x04,
    0x00, 0x00, 0x00, 0x04, 0x00, 0x00, 0x00, 0x06, 0x00, 0x00, 0x00, 0x00, 0x00, 0x00, 0x00, 0x00,
    0x00, 0x00, 0x25, 0x72, 0x00, 0x00, 0x00, 0x08, 0x00, 0x00, 0x00, 0x04, 0x00, 0x00, 0x00, 0x04,
    0x00, 0x00, 0x00, 0x06, 0x00, 0x00, 0x00, 0x00, 0x00, 0x00, 0x00, 0x00, 0x00, 0x00, 0x25, 0x73,
    0x00, 0x00, 0x00, 0x08, 0x00, 0x00, 0x00, 0x04, 0x00, 0x00, 0x00, 0x04, 0x00, 0x00, 0x00, 0x06,
    0x00, 0x00, 0x00, 0x00, 0x00, 0x00, 0x00, 0x00, 0x00, 0x00, 0x25, 0x74, 0x00, 0x00, 0x00, 0x01,
    0x00, 0x00, 0x00, 0x04, 0x00, 0x00, 0x00, 0x04, 0x00, 0x00, 0x00, 0x03, 0x00, 0x00, 0x00, 0x00,
    0x00, 0x00, 0x00, 0x00, 0x00, 0x00, 0x25, 0x75, 0x00, 0x00, 0x00, 0x06, 0x00, 0x00, 0x00, 0x01,
    0x00, 0x00, 0x00, 0x04, 0x00, 0x00, 0x00, 0x07, 0x00, 0x00, 0x00, 0x02, 0x00, 0x00, 0x00, 0x00,
    0x00, 0x00, 0x25, 0x76, 0x00, 0x00, 0x00, 0x01, 0x00, 0x00, 0x00, 0x03, 0x00, 0x00, 0x00, 0x04,
    0x00, 0x00, 0x00, 0x03, 0x00, 0x00, 0x00, 0x01, 0x00, 0x00, 0x00, 0x00, 0x00, 0x00, 0x25, 0x77,
    0x00, 0x00, 0x00, 0x06, 0x00, 0x00, 0x00, 0x01, 0x00, 0x00, 0x00, 0x04, 0x00, 0x00, 0x00, 0x03,
    0x00, 0x00, 0x00, 0x02, 0x00, 0x00, 0x00, 0x00, 0x00, 0x00, 0x25, 0x78, 0x00, 0x00, 0x00, 0x02,
    0x00, 0x00, 0x00, 0x04, 0x00, 0x00, 0x00, 0x04, 0x00, 0x00, 0x00, 0x03, 0x00, 0x00, 0x00, 0x00,
    0x00, 0x00, 0x00, 0x00, 0x00, 0x00, 0x25, 0x79, 0x00, 0x00, 0x00, 0x06, 0x00, 0x00, 0x00, 0x02,
    0x00, 0x00, 0x00, 0x04, 0x00, 0x00, 0x00, 0x07, 0x00, 0x00, 0x00, 0x01, 0x00, 0x00, 0x00, 0x00,
    0x00, 0x00, 0x25, 0x7A, 0x00, 0x00, 0x00, 0x02, 0x00, 0x00, 0x00, 0x03, 0x00, 0x00, 0x00, 0x04,
    0x00, 0x00, 0x00, 0x03, 0x00, 0x00, 0x00, 0x01, 0x00, 0x00, 0x00, 0x00, 0x00, 0x00, 0x25, 0x7B,
    0x00, 0x00, 0x00, 0x06, 0x00, 0x00, 0x00, 0x02, 0x00, 0x00, 0x00, 0x04, 0x00, 0x00, 0x00, 0x03,
    0x00, 0x00, 0x00, 0x01, 0x00, 0x00, 0x00, 0x00, 0x00, 0x00, 0x25, 0x7C, 0x00, 0x00, 0x00, 0x02,
    0x00, 0x00, 0x00, 0x04, 0x00, 0x00, 0x00, 0x04, 0x00, 0x00, 0x00, 0x03, 0x00, 0x00, 0x00, 0x00,
    0x00, 0x00, 0x00, 0x00, 0x00, 0x00, 0x25, 0x7D, 0x00, 0x00, 0x00, 0x0A, 0x00, 0x00, 0x00, 0x02,
    0x00, 0x00, 0x00, 0x04, 0x00, 0x00, 0x00, 0x07, 0x00, 0x00, 0x00, 0x01, 0x00, 0x00, 0x00, 0x00,
    0x00, 0x00, 0x25, 0x7E, 0x00, 0x00, 0x00, 0x02, 0x00, 0x00, 0x00, 0x04, 0x00, 0x00, 0x00, 0x04,
    0x00, 0x00, 0x00, 0x03, 0x00, 0x00, 0x00, 0x00, 0x00, 0x00, 0x00, 0x00, 0x00, 0x00, 0x25, 0x7F,
    0x00, 0x00, 0x00, 0x0A, 0x00, 0x00, 0x00, 0x02, 0x00, 0x00, 0x00, 0x04, 0x00, 0x00, 0x00, 0x07,
    0x00, 0x00, 0x00, 0x01, 0x00, 0x00, 0x00, 0x00, 0x00, 0x00, 0x25, 0xA0, 0x00, 0x00, 0x00, 0x05,
    0x00, 0x00, 0x00, 0x04, 0x00, 0x00, 0x00, 0x04, 0x00, 0x00, 0x00, 0x04, 0x00, 0x00, 0x00, 0x00,
    0x00, 0x00, 0x00, 0x00, 0x00, 0x00, 0x25, 0xA1, 0x00, 0x00, 0x00, 0x05, 0x00, 0x00, 0x00, 0x04,
    0x00, 0x00, 0x00, 0x04, 0x00, 0x00, 0x00, 0x04, 0x00, 0x00, 0x00, 0x00, 0x00, 0x00, 0x00, 0x00,
    0x00, 0x00, 0x25, 0xB2, 0x00, 0x00, 0x00, 0x05, 0x00, 0x00, 0x00, 0x04, 0x00, 0x00, 0x00, 0x04,
    0x00, 0x00, 0x00, 0x04, 0x00, 0x00, 0x00, 0x00, 0x00, 0x00, 0x00, 0x00, 0x00, 0x00, 0x25, 0xB6,
    0x00, 0x00, 0x00, 0x05, 0x00, 0x00, 0x00, 0x04, 0x00, 0x00, 0x00, 0x04, 0x00, 0x00, 0x00, 0x04,
    0x00, 0x00, 0x00, 0x00, 0x00, 0x00, 0x00, 0x00, 0x00, 0x00, 0x25, 0xBC, 0x00, 0x00, 0x00, 0x05,
    0x00, 0x00, 0x00, 0x04, 0x00, 0x00, 0x00, 0x04, 0x00, 0x00, 0x00, 0x04, 0x00, 0x00, 0x00, 0x00,
    0x00, 0x00, 0x00, 0x00, 0x00, 0x00, 0x25, 0xC0, 0x00, 0x00, 0x00, 0x05, 0x00, 0x00, 0x00, 0x04,
    0x00, 0x00, 0x00, 0x04, 0x00, 0x00, 0x00, 0x04, 0x00, 0x00, 0x00, 0x00, 0x00, 0x00, 0x00, 0x00,
    0x00, 0x00, 0x25, 0xC6, 0x00, 0x00, 0x00, 0x05, 0x00, 0x00, 0x00, 0x04, 0x00, 0x00, 0x00, 0x04,
    0x00, 0x00, 0x00, 0x04, 0x00, 0x00, 0x00, 0x00, 0x00, 0x00, 0x00, 0x00, 0x00, 0x00, 0x25, 0xC7,
    0x00, 0x00, 0x00, 0x05, 0x00, 0x00, 0x00, 0x04, 0x00, 0x00, 0x00, 0x04, 0x00, 0x00, 0x00, 0x04,
    0x00, 0x00, 0x00, 0x00, 0x00, 0x00, 0x00, 0x00, 0x00, 0x00, 0x25, 0xCB, 0x00, 0x00, 0x00, 0x05,
    0x00, 0x00, 0x00, 0x04, 0x00, 0x00, 0x00, 0x04, 0x00, 0x00, 0x00, 0x04, 0x00, 0x00, 0x00, 0x00,
    0x00, 0x00, 0x00, 0x00, 0x00, 0x00, 0x25, 0xCF, 0x00, 0x00, 0x00, 0x05, 0x00, 0x00, 0x00, 0x04,
    0x00, 0x00, 0x00, 0x04, 0x00, 0x00, 0x00, 0x04, 0x00, 0x00, 0x00, 0x00, 0x00, 0x00, 0x00, 0x00,
    0x00, 0x00, 0x26, 0x10, 0x00, 0x00, 0x00, 0x04, 0x00, 0x00, 0x00, 0x04, 0x00, 0x00, 0x00, 0x04,
    0x00, 0x00, 0x00, 0x04, 0x00, 0x00, 0x00, 0x00, 0x00, 0x00, 0x00, 0x00, 0x00, 0x00, 0x26, 0x11,
    0x00, 0x00, 0x00, 0x04, 0x00, 0x00, 0x00, 0x04, 0x00, 0x00, 0x00, 0x04, 0x00, 0x00, 0x00, 0x04,
    0x00, 0x00, 0x00, 0x00, 0x00, 0x00, 0x00, 0x00, 0x00, 0x00, 0x26, 0x99, 0x00, 0x00, 0x00, 0x05,
    0x00, 0x00, 0x00, 0x04, 0x00, 0x00, 0x00, 0x04, 0x00, 0x00, 0x00, 0x05, 0x00, 0x00, 0x00, 0x00,
    0x00, 0x00, 0x00, 0x00, 0x00, 0x00, 0x27, 0x13, 0x00, 0x00, 0x00, 0x05, 0x00, 0x00, 0x00, 0x04,
    0x00, 0x00, 0x00, 0x04, 0x00, 0x00, 0x00, 0x05, 0x00, 0x00, 0x00, 0x00, 0x00, 0x00, 0x00, 0x00,
    0x00, 0x00, 0x27, 0x17, 0x00, 0x00, 0x00, 0x06, 0x00, 0x00, 0x00, 0x04, 0x00, 0x00, 0x00, 0x04,
    0x00, 0x00, 0x00, 0x05, 0x00, 0x00, 0x00, 0x00, 0x00, 0x00, 0x00, 0x00, 0x00, 0x00, 0x27, 0x18,
    0x00, 0x00, 0x00, 0x06, 0x00, 0x00, 0x00, 0x04, 0x00, 0x00, 0x00, 0x04, 0x00, 0x00, 0x00, 0x05,
    0x00, 0x00, 0x00, 0x00, 0x00, 0x00, 0x00, 0x00, 0x00, 0x00, 0x2B, 0x07, 0x00, 0x00, 0x00, 0x05,
    0x00, 0x00, 0x00, 0x03, 0x00, 0x00, 0x00, 0x04, 0x00, 0x00, 0x00, 0x05, 0x00, 0x00, 0x00, 0x01,
    0x00, 0x00, 0x00, 0x00, 0x4E, 0x9C, 0x49, 0x97, 0x2B, 0x78, 0x07, 0x30, 0x7B, 0xA3, 0xAA, 0xAA,
    0xAA, 0xAA, 0x12, 0x12, 0x73, 0x61, 0x6C, 0x00, 0xBD, 0x8E, 0x9E, 0x12, 0x65, 0xBA, 0x04, 0x00,
    0xB2, 0xC2, 0x84, 0x00, 0x69, 0xA3, 0x00, 0x00, 0x00, 0x40, 0xBA, 0x01, 0x69, 0xB4, 0xC5, 0xA5,
    0x96, 0x82, 0x90, 0x00, 0x09, 0xB1, 0xF1, 0x8D, 0x19, 0x12, 0x90, 0xC5, 0x6C, 0xBF, 0xED, 0xA3,
    0x00, 0x12, 0x96, 0x00, 0xB1, 0x29, 0x8E, 0x01, 0x86, 0x7D, 0x77, 0x00, 0xAE, 0xB7, 0x89, 0x00,
    0x68, 0xAE, 0x98, 0x0A, 0x48, 0x93, 0x97, 0x00, 0x37, 0xC4, 0xB2, 0x00, 0x6A, 0x67, 0x00, 0x00,
    0x70, 0xDC, 0x31, 0xB1, 0xBE, 0x13, 0xD0, 0x66, 0xAE, 0xB6, 0x93, 0xAB, 0x42, 0x8A, 0x42, 0x8A,
    0x06, 0x0C, 0x00, 0xA3, 0x27, 0x37, 0x85, 0x00, 0xA9, 0x12, 0x00, 0xBD, 0x00, 0x00, 0xA9, 0x12,
    0x00, 0x3A, 0x84, 0x00, 0x00, 0xA5, 0x27, 0x0D, 0xA0, 0x01, 0x00, 0x3F, 0x7B, 0x00, 0x00, 0xBB,
    0x00, 0x00, 0xA1, 0x00, 0x00, 0xBD, 0x00, 0x3C, 0x7E, 0x0D, 0xA1, 0x01, 0x00, 0x3C, 0x8A, 0x00,
    0x85, 0xB6, 0xD3, 0xB1, 0x00, 0xA8, 0xC8, 0x01, 0x0C, 0x7B, 0x51, 0x3A, 0x00, 0x2B, 0x5B, 0x00,
    0x00, 0x42, 0x8A, 0x00, 0x6C, 0xBB, 0xD9, 0x93, 0x00, 0x42, 0x8A, 0x00, 0x07, 0x18, 0x78, 0xB4,
    0xB5, 0x25, 0xB7, 0xC8, 0x19, 0x00, 0x00, 0x7B, 0xA3, 0x00, 0x00, 0x2D, 0x91, 0x00, 0x00, 0xA8,
    0x19, 0x00, 0x00, 0xA1, 0x00, 0x00, 0x3C, 0x85, 0x00, 0x00, 0xB2, 0x10, 0x00, 0x00, 0xA2, 0x00,
    0x00, 0x4C, 0x78, 0x00, 0x00, 0x28, 0xC4, 0xC1, 0x54, 0xBB, 0x22, 0x01, 0xB5, 0xBB, 0x4F, 0x91,
    0xBA, 0xBD, 0x21, 0x00, 0xB5, 0x2A, 0xC3, 0xBF, 0x57, 0x19, 0xBC, 0xB9, 0x00, 0x60, 0x16, 0xB9,
    0x00, 0x00, 0x00, 0xB9, 0x00, 0x00, 0x00, 0xB9, 0x00, 0x54, 0xAF, 0xFF, 0xB7, 0x45, 0xCE, 0xD2,
    0x51, 0x39, 0x0D, 0x2D, 0xA5, 0x00, 0x00, 0xB5, 0x45, 0x01, 0xAF, 0x5E, 0x00, 0xA3, 0xE3, 0xAF,
    0xA0, 0x45, 0xC9, 0xD3, 0x51, 0x0A, 0x04, 0x49, 0xB1, 0x00, 0x85, 0xE2, 0x30, 0x07, 0x00, 0x13,
    0xB1, 0x78, 0xBA, 0xCA, 0x60, 0x00, 0x19, 0xFA, 0x4E, 0x00, 0xA1, 0x9A, 0x4E, 0x70, 0x61, 0x8A,
    0x4E, 0xAB, 0xAA, 0xDF, 0xBC, 0x00, 0x00, 0x8A, 0x4E, 0x4B, 0xDD, 0xB4, 0x6C, 0x69, 0xB2, 0xB9,
    0x34, 0x1B, 0x1F, 0x13, 0xBB, 0x24, 0x09, 0x03, 0xBB, 0x40, 0xC6, 0xC1, 0x51, 0x00, 0x73, 0x6D,
    0x00, 0x31, 0xB6, 0xAD, 0x36, 0xAE, 0x3D, 0x0C, 0xBA, 0xBB, 0x27, 0x00, 0xB7, 0x30, 0xC5, 0xBB,
    0x55, 0xAC, 0xAF, 0xB0, 0xD2, 0x6C, 0x00, 0x6D, 0x7B, 0x00, 0x00, 0xBF, 0x04, 0x00, 0x37, 0xB4,
    0x00, 0x00, 0xAC, 0x1F, 0x00, 0x46, 0xD4, 0xC6, 0x7E, 0x94, 0x51, 0x0A, 0xB0, 0x1F, 0xE1, 0xDE,
    0x4F, 0xAF, 0x13, 0x00, 0xC0, 0x63, 0xC9, 0xBE, 0x99, 0x48, 0xC6, 0xB6, 0x5A, 0xBE, 0x28, 0x01,
    0xBA, 0x2E, 0xBA, 0xA9, 0xC3, 0x00, 0x00, 0xA2, 0x72, 0x00, 0x67, 0xA6, 0x00, 0x7E, 0xA6, 0x00,
    0x01, 0x00, 0x00, 0x7B, 0xA3, 0x7E, 0xA6, 0x00, 0x01, 0x07, 0x18, 0x78, 0xB4, 0xB5, 0x25, 0x00,
    0x00, 0x03, 0x45, 0x00, 0x48, 0xBC, 0x4C, 0x72, 0xA5, 0x04, 0x00, 0x13, 0xA3, 0xA3, 0x04, 0x00,
    0x00, 0x4C, 0x8E, 0x6C, 0xA0, 0xA0, 0x93, 0x00, 0x00, 0x00, 0x00, 0x6F, 0xA5, 0xA5, 0x97, 0x37,
    0x0F, 0x00, 0x00, 0x2B, 0xBB, 0x72, 0x00, 0x00, 0x00, 0x88, 0xB7, 0x00, 0x73, 0xB4, 0x2B, 0x60,
    0x78, 0x00, 0x00, 0x3F, 0xCD, 0xCA, 0x67, 0x13, 0x0C, 0x51, 0xAB, 0x00, 0x7E, 0xB2, 0x06, 0x00,
    0x18, 0x0F, 0x00, 0x00, 0xAB, 0x93, 0x00, 0x21, 0xB5, 0xB5, 0x55, 0xA0, 0x6A, 0xA8, 0xAF, 0xA1,
    0xAE, 0x10, 0xA1, 0xBA, 0xA3, 0x19, 0xA8, 0x82, 0x6C, 0xB5, 0x8A, 0x06, 0xA9, 0xB4, 0x1E, 0x00,
    0xA5, 0xBA, 0x00, 0x00, 0xB6, 0xB7, 0x03, 0x15, 0xAD, 0x93, 0x58, 0x7F, 0xDD, 0xC4, 0xAA, 0xBB,
    0x0F, 0x00, 0xCD, 0x96, 0xCF, 0xCD, 0x73, 0x96, 0x4E, 0x15, 0xAF, 0x96, 0xC0, 0xD3, 0x64, 0x96,
    0x4E, 0x00, 0xCD, 0x96, 0xCB, 0xBB, 0x9F, 0x15, 0xC5, 0xBB, 0x85, 0x93, 0x51, 0x00, 0x31, 0xBB,
    0x2A, 0x00, 0x00, 0x93, 0x51, 0x00, 0x31, 0x15, 0xC5, 0xBA, 0x87, 0x7E, 0xD7, 0xC6, 0x54, 0x7E,
    0x60, 0x03, 0xBB, 0x7E, 0x60, 0x00, 0xBF, 0x7E, 0x60, 0x03, 0xBB, 0x7E, 0xD3, 0xC3, 0x54, 0x90,
    0xD2, 0xB4, 0x8A, 0x90, 0x54, 0x00, 0x00, 0x90, 0xD2, 0xB4, 0x79, 0x90, 0x54, 0x00, 0x00, 0x90,
    0xCE, 0xAF, 0x85, 0x90, 0xD2, 0xB4, 0x97, 0x90, 0x54, 0x00, 0x00, 0x90, 0xD2, 0xB4, 0x6C, 0x90,
    0x54, 0x00, 0x00, 0x90, 0x54, 0x00, 0x00, 0x28, 0xC8, 0xBC, 0x70, 0xB8, 0x2B, 0x00, 0x1C, 0xBB,
    0x06, 0xB1, 0xB2, 0xBE, 0x25, 0x01, 0xBA, 0x31, 0xCE, 0xA0, 0xB6, 0xA8, 0x36, 0x00, 0xBE, 0xA8,
    0x36, 0x00, 0xBE, 0xA8, 0xC6, 0xB4, 0xC5, 0xA8, 0x36, 0x00, 0xBE, 0xA8, 0x36, 0x00, 0xBE, 0x4F,
    0xC1, 0xE1, 0x78, 0x00, 0x48, 0x96, 0x00, 0x00, 0x48, 0x96, 0x00, 0x00, 0x48, 0x96, 0x00, 0x4E,
    0xBE, 0xDE, 0x75, 0x00, 0xB0, 0xD4, 0x8A, 0x00, 0x00, 0x5A, 0x8A, 0x00, 0x00, 0x5A, 0x8A, 0x1F,
    0x0A, 0x60, 0x84, 0x39, 0xCA, 0xD4, 0x27, 0x9C, 0x48, 0x3F, 0xAB, 0x9C, 0x61, 0xC4, 0x07, 0x9C,
    0xE1, 0xBE, 0x00, 0x9C, 0x5E, 0xBE, 0x3A, 0x9C, 0x48, 0x10, 0xC8, 0x3C, 0xA2, 0x00, 0x00, 0x3C,
    0xA2, 0x00, 0x00, 0x3C, 0xA2, 0x00, 0x00, 0x3C, 0xA2, 0x00, 0x00, 0x3C, 0xEB, 0xAF, 0x9D, 0xAA,
    0xA0, 0x49, 0xE3, 0xAA, 0xA6, 0xB1, 0xAC, 0xAA, 0x76, 0xAF, 0xAA, 0xAA, 0x0A, 0x1E, 0xAA, 0xAA,
    0x06, 0x00, 0xAA, 0xA8, 0xB4, 0x00, 0xAA, 0xA8, 0xC3, 0x0F, 0xAA, 0xA8, 0x69, 0x90, 0xAA, 0xA8,
    0x24, 0xB2, 0xAA, 0xA8, 0x24, 0x93, 0xC6, 0x28, 0xC6, 0xC3, 0x54, 0xBB, 0x28, 0x01, 0xB9, 0xBB,
    0x06, 0x00, 0xBF, 0xBD, 0x27, 0x01, 0xB9, 0x2A, 0xC4, 0xC0, 0x57, 0x90, 0xD2, 0xBC, 0xA8, 0x90,
    0x54, 0x00, 0xCA, 0x90, 0xD2, 0xBC, 0x72, 0x90, 0x54, 0x00, 0x00, 0x90, 0x54, 0x00, 0x00, 0x1F,
    0xC5, 0xC5, 0x46, 0xAC, 0x34, 0x04, 0xB4, 0xBA, 0x07, 0x00, 0xBF, 0xB2, 0x0D, 0x00, 0xBC, 0x81,
    0x73, 0x31, 0xA3, 0x01, 0xA3, 0xD2, 0x13, 0x00, 0x0D, 0xA5, 0x54, 0x90, 0xD2, 0xBC, 0xA9, 0x90,
    0x54, 0x00, 0xCA, 0x90, 0xCA, 0xDE, 0x67, 0x90, 0x54, 0xB0, 0x1C, 0x90, 0x54, 0x2A, 0xAA, 0x4E,
    0xCB, 0xB0, 0x88, 0xB2, 0x42, 0x00, 0x06, 0x19, 0xB8, 0xA3, 0x5A, 0x18, 0x00, 0x00, 0xC6, 0x6F,
    0xBA, 0xC0, 0x91, 0xC4, 0xE6, 0x9E, 0x06, 0x2D, 0x8C, 0x00, 0x00, 0x2D, 0x8C, 0x00, 0x00, 0x2D,
    0x8C, 0x00, 0x00, 0x2D, 0x8C, 0x00, 0x00, 0xA8, 0x36, 0x00, 0xBE, 0xA8, 0x36, 0x00, 0xBE, 0xA6,
    0x36, 0x00, 0xBC, 0x97, 0x43, 0x03, 0xB4, 0x2E, 0xCE, 0xC5, 0x60, 0xB7, 0x0F, 0x00, 0xC0, 0x79,
    0x6D, 0x1C, 0xA1, 0x12, 0xAB, 0x84, 0x55, 0x00, 0xB7, 0xAF, 0x03, 0x00, 0xA9, 0xBC, 0x00, 0xA5,
    0x00, 0x00, 0xA3, 0xA5, 0x79, 0xA2, 0xA1, 0xA5, 0xAB, 0xB2, 0xBD, 0xBB, 0xB7, 0xB5, 0xBA, 0x9F,
    0xAC, 0x8E, 0xB4, 0xA2, 0x55, 0x15, 0xB5, 0x03, 0xBF, 0xA6, 0x27, 0x00, 0x90, 0xC4, 0x00, 0x0A,
    0xBE, 0xBE, 0x36, 0xB5, 0x3D, 0x10, 0xC4, 0x5A, 0x08, 0xB0, 0x01, 0x78, 0x97, 0x51, 0x00, 0x6F,
    0xBB, 0x00, 0x00, 0x2D, 0x8C, 0x00, 0x00, 0x2D, 0x8C, 0x00, 0x00, 0x75, 0xB4, 0xBE, 0xD8, 0x00,
    0x00, 0xA6, 0x34, 0x00, 0x6C, 0x8B, 0x00, 0x1F, 0xB2, 0x00, 0x00, 0xBB, 0xC1, 0xAF, 0xB4, 0xA2,
    0xA0, 0x5E, 0xA2, 0x18, 0x00, 0xA2, 0x18, 0x00, 0xA2, 0x18, 0x00, 0xA2, 0x18, 0x00, 0xA2, 0x18,
    0x00, 0x76, 0xBA, 0x5E, 0x4E, 0x76, 0x00, 0x00, 0x00, 0xA2, 0x00, 0x00, 0x00, 0xB2, 0x10, 0x00,
    0x00, 0x3C, 0x85, 0x00, 0x00, 0x00, 0xA1, 0x00, 0x00, 0x00, 0xA8, 0x19, 0x00, 0x00, 0x2D, 0x93,
    0x3A, 0xB4, 0xAF, 0x00, 0x00, 0xBA, 0x00, 0x00, 0xBA, 0x00, 0x00, 0xBA, 0x00, 0x00, 0xBA, 0x00,
    0x00, 0xBA, 0x3A, 0xB4, 0xA0, 0x00, 0xAC, 0xB9, 0x00, 0x15, 0xA1, 0x9A, 0x48, 0xA9, 0x25, 0x07,
    0xAF, 0x04, 0x00, 0x00, 0x04, 0x7C, 0xB4, 0xB4, 0xA8, 0x94, 0x15, 0x1C, 0x40, 0x37, 0xA8, 0xC0,
    0x28, 0x2D, 0xB8, 0xB2, 0x7F, 0xBB, 0x2A, 0x5B, 0x84, 0x5D, 0xC3, 0xB8, 0xB4, 0x7E, 0x54, 0x00,
    0x00, 0x7E, 0x54, 0x00, 0x00, 0x7E, 0xA6, 0xBF, 0x76, 0x7E, 0x57, 0x00, 0xBC, 0x7E, 0x57, 0x00,
    0xBC, 0x7E, 0xA2, 0xC0, 0x79, 0x0F, 0xB9, 0xB0, 0x61, 0x7F, 0x57, 0x00, 0x09, 0x81, 0x57, 0x00,
    0x0D, 0x10, 0xBB, 0xAD, 0x6D, 0x00, 0x00, 0x0C, 0xAA, 0x00, 0x00, 0x0C, 0xAA, 0x3D, 0xCF, 0xA3,
    0xAA, 0xA5, 0x16, 0x10, 0xAA, 0xA6, 0x16, 0x0F, 0xAA, 0x40, 0xCF, 0x9F, 0xAA, 0x21, 0xA2, 0xA5,
    0x6F, 0xAB, 0xA2, 0xB4, 0xBA, 0xAF, 0x3D, 0x00, 0x30, 0x24, 0xC6, 0xC1, 0x5D, 0x00, 0x1B, 0xCA,
    0xA0, 0x00, 0x4C, 0x8A, 0x00, 0x5E, 0xC4, 0xDC, 0xA0, 0x00, 0x4E, 0x8A, 0x00, 0x00, 0x4E, 0x8A,
    0x00, 0x52, 0xC4, 0xDC, 0x7E, 0x1F, 0xBC, 0x9F, 0xB0, 0x66, 0x79, 0x40, 0xA5, 0x10, 0xC9, 0xA6,
    0x22, 0x39, 0xDC, 0xAF, 0x63, 0x9C, 0x24, 0x07, 0xBA, 0x67, 0xB2, 0xBE, 0xAC, 0x78, 0x60, 0x00,
    0x00, 0x78, 0x60, 0x00, 0x00, 0x78, 0xB7, 0xC9, 0x5E, 0x78, 0x63, 0x09, 0xAD, 0x78, 0x60, 0x00,
    0xB4, 0x78, 0x60, 0x00, 0xB4, 0x00, 0x12, 0xB1, 0x00, 0x00, 0x00, 0x00, 0x00, 0x34, 0xA5, 0xBB,
    0x00, 0x00, 0x00, 0xB4, 0x00, 0x00, 0x00, 0xB4, 0x00, 0x34, 0xA5, 0xFB, 0xA3, 0x00, 0x00, 0xA5,
    0x24, 0x00, 0x00, 0x00, 0x00, 0x43, 0xA5, 0xF6, 0x0C, 0x00, 0x00, 0xAA, 0x0C, 0x00, 0x00, 0xAA,
    0x0C, 0x00, 0x00, 0xAA, 0x0C, 0x00, 0x00, 0xAA, 0x0C, 0x37, 0xA5, 0xC6, 0x00, 0x66, 0x72, 0x00,
    0x00, 0x66, 0x72, 0x00, 0x00, 0x66, 0x72, 0x81, 0x88, 0x66, 0xC1, 0xAD, 0x00, 0x66, 0xAB, 0xBE,
    0x1E, 0x66, 0x72, 0x22, 0xBC, 0x55, 0xC1, 0x90, 0x00, 0x00, 0x48, 0x90, 0x00, 0x00, 0x48, 0x90,
    0x00, 0x00, 0x48, 0x90, 0x00, 0x00, 0x48, 0x90, 0x00, 0x55, 0xC1, 0xDE, 0x7E, 0xB2, 0xB6, 0xA3,
    0xB7, 0xA5, 0x3D, 0x8A, 0xAA, 0xA5, 0x3C, 0x8A, 0xAA, 0xA5, 0x3C, 0x8A, 0xAA, 0x78, 0xB7, 0xC9,
    0x5E, 0x78, 0x63, 0x09, 0xAD, 0x78, 0x60, 0x00, 0xB4, 0x78, 0x60, 0x00, 0xB4, 0x25, 0xB9, 0xB4,
    0x51, 0xAF, 0x28, 0x00, 0xB4, 0xB1, 0x27, 0x00, 0xB4, 0x28, 0xBA, 0xB5, 0x54, 0x7E, 0xA6, 0xBF,
    0x76, 0x7E, 0x57, 0x00, 0xBC, 0x7E, 0x57, 0x00, 0xBC, 0x7E, 0xA2, 0xC0, 0x79, 0x7E, 0x54, 0x00,
    0x00, 0x7E, 0x54, 0x00, 0x00, 0x3D, 0xCF, 0xA3, 0xAA, 0xA5, 0x16, 0x10, 0xAA, 0xA6, 0x16, 0x0F,
    0xAA, 0x40, 0xCF, 0x9F, 0xAA, 0x00, 0x00, 0x0C, 0xAA, 0x00, 0x00, 0x0C, 0xAA, 0x5B, 0xE3, 0xBE,
    0xAD, 0x00, 0x9C, 0x52, 0x00, 0x00, 0x9C, 0x3C, 0x00, 0x5B, 0xE3, 0xBC, 0x6F, 0x2D, 0xC5, 0xA5,
    0x60, 0x4C, 0xB0, 0x51, 0x03, 0x04, 0x24, 0x75, 0xA2, 0x4F, 0xAF, 0xAC, 0x84, 0x00, 0xA5, 0x0C,
    0x00, 0x90, 0xF3, 0xA8, 0x87, 0x00, 0xA5, 0x0C, 0x00, 0x00, 0xA5, 0x0C, 0x00, 0x00, 0x84, 0xA3,
    0x87, 0x8A, 0x4E, 0x12, 0xA5, 0x8A, 0x4E, 0x12, 0xA5, 0x82, 0x57, 0x15, 0xA5, 0x28, 0xDC, 0xB4,
    0xA5, 0x94, 0x3F, 0x06, 0xA5, 0x1C, 0xB1, 0x63, 0x63, 0x00, 0xA8, 0xBD, 0x04, 0x00, 0x9C, 0xA8,
    0x00, 0xBD, 0x70, 0xB1, 0xB5, 0xB5, 0x96, 0x9A, 0xAC, 0xA6, 0x9C, 0x9D, 0xA5, 0x75, 0xA2, 0x8E,
    0xAC, 0x52, 0xAC, 0x57, 0x9A, 0x00, 0xA2, 0xBB, 0x01, 0x00, 0xA3, 0xC1, 0x03, 0x60, 0x90, 0x54,
    0xA6, 0xAC, 0x28, 0x01, 0xAF, 0x2E, 0xA5, 0x5A, 0x78, 0x00, 0xAF, 0xA1, 0x0C, 0x00, 0xA5, 0xAF,
    0x00, 0x00, 0x69, 0x70, 0x00, 0x52, 0xC1, 0x07, 0x00, 0x40, 0xA5, 0xCE, 0xAF, 0x00, 0x10, 0xBC,
    0x07, 0x01, 0xB5, 0x24, 0x00, 0x82, 0xE2, 0xA5, 0x78, 0x00, 0x67, 0xA7, 0x54, 0x00, 0x6F, 0x58,
    0x00, 0x00, 0x03, 0xA2, 0x00, 0x2E, 0xB4, 0x94, 0x00, 0x00, 0x07, 0xBB, 0x00, 0x00, 0x79, 0x46,
    0x00, 0x00, 0x45, 0xBB, 0x54, 0x36, 0x84, 0x36, 0x84, 0x36, 0x84, 0x36, 0x84, 0x36, 0x84, 0x36,
    0x84, 0x36, 0x84, 0x2E, 0xB2, 0x9F, 0x00, 0x00, 0x15, 0xAF, 0x00, 0x00, 0xA8, 0x1C, 0x00, 0x00,
    0x55, 0xC8, 0x54, 0x00, 0x9D, 0x25, 0x00, 0x00, 0x09, 0xB7, 0x00, 0x2E, 0xB2, 0x70, 0x00, 0x48,
    0xB0, 0x2A, 0x75, 0x6F, 0x0A, 0xA5, 0x78, 0x7E, 0xA6, 0x00, 0x01, 0x07, 0x2E, 0x2B, 0x78, 0x49,
    0x97, 0x4E, 0x9C, 0x00, 0x09, 0x4B, 0x00, 0x03, 0xBE, 0xE1, 0x33, 0x6C, 0x8B, 0x96, 0x37, 0x8E,
    0x61, 0x90, 0x00, 0x2D, 0xC9, 0xC6, 0x79, 0x00, 0x2B, 0xB4, 0x00, 0x19, 0xCB, 0xB4, 0x9D, 0x66,
    0x7B, 0x00, 0x03, 0x8E, 0xF6, 0xB8, 0x00, 0x10, 0xAD, 0x00, 0x00, 0xAC, 0xE4, 0xC8, 0xB7, 0x3D,
    0x10, 0x00, 0x4F, 0x2D, 0xE1, 0xC4, 0x78, 0x5E, 0x7B, 0x2E, 0xAC, 0x60, 0x79, 0x2D, 0xAC, 0x2D,
    0xDF, 0xC3, 0x78, 0x3D, 0x10, 0x00, 0x4F, 0xA2, 0x30, 0x09, 0xBF, 0x10, 0xB1, 0xA5, 0x3C, 0x5E,
    0xE1, 0xF2, 0x88, 0x00, 0x48, 0x90, 0x00, 0x5B, 0xC1, 0xDE, 0x84, 0x36, 0x84, 0x36, 0x84, 0x25,
    0x5E, 0x00, 0x00, 0x36, 0x84, 0x36, 0x84, 0x25, 0x5E, 0x0D, 0xC8, 0xB1, 0x3D, 0x2B, 0xB2, 0x01,
    0x00, 0x1F, 0xA7, 0xCD, 0x60, 0x87, 0x60, 0x03, 0xAC, 0x12, 0xAA, 0xD8, 0x36, 0x00, 0x03, 0x63,
    0x85, 0x0C, 0xA8, 0xAC, 0x1B, 0xBD, 0xA3, 0x1B, 0x6B, 0xA2, 0x27, 0x00, 0x45, 0x01, 0x99, 0x01,
    0x95, 0xA0, 0x65, 0x30, 0xB2, 0x1A, 0x64, 0x2E, 0x9B, 0x9C, 0x9C, 0x01, 0x6C, 0xA2, 0x2A, 0x00,
    0x00, 0x97, 0xB7, 0x00, 0x00, 0x88, 0xC0, 0x00, 0x01, 0xBE, 0xBE, 0x22, 0x00, 0x64, 0x10, 0x69,
    0x67, 0xB4, 0xB7, 0x3D, 0x5A, 0xA8, 0xAC, 0x51, 0x00, 0x4F, 0x0D, 0x58, 0x6F, 0xA5, 0xA5, 0xAF,
    0x00, 0x00, 0x00, 0xBA, 0x00, 0x00, 0x00, 0x2E, 0xB7, 0xC8, 0x19, 0x00, 0xA0, 0xA7, 0x0D, 0x33,
    0xA2, 0x67, 0x72, 0x00, 0x73, 0x7B, 0x0D, 0xAC, 0xA5, 0x0F, 0x00, 0xA8, 0xBE, 0x09, 0x13, 0xB7,
    0x6C, 0x5E, 0x00, 0xAE, 0xA2, 0x0A, 0x00, 0x21, 0x46, 0x00, 0x00, 0x42, 0x8A, 0x00, 0x6C, 0xBB,
    0xD9, 0x93, 0x00, 0x42, 0x8A, 0x00, 0x6F, 0xA5, 0xA5, 0x97, 0x93, 0xBB, 0x00, 0x09, 0xB8, 0x00,
    0xC1, 0x9F, 0x07, 0x76, 0xA6, 0x00, 0x28, 0xA5, 0x00, 0x84, 0xA6, 0x00, 0x00, 0xAC, 0x18, 0x46,
    0x78, 0x60, 0x12, 0xA5, 0x78, 0x60, 0x12, 0xA5, 0x78, 0x67, 0x15, 0xA5, 0x78, 0xE2, 0xB7, 0xA5,
    0x78, 0x5D, 0x00, 0x00, 0x78, 0x60, 0x00, 0x00, 0x4E, 0xFF, 0xDA, 0xA3, 0xC9, 0xFF, 0x96, 0xA0,
    0xB5, 0xFF, 0x96, 0xA0, 0x03, 0x9D, 0x96, 0xA0, 0x00, 0x2A, 0x96, 0xA0, 0x00, 0x2A, 0x96, 0xA0,
    0x00, 0x13, 0x48, 0x5D, 0x78, 0xBD, 0x03, 0x0A, 0x1C, 0x76, 0x43, 0xAF, 0x9A, 0xA8, 0x00, 0x00,
    0xA8, 0x00, 0x69, 0xCB, 0x10, 0x00, 0xBB, 0xA8, 0x0F, 0x00, 0xB2, 0x6A, 0x48, 0x00, 0xBD, 0xA7,
    0x0F, 0x57, 0x16, 0x6D, 0x00, 0x16, 0xCF, 0x7F, 0xA8, 0x24, 0xCD, 0x94, 0x97, 0x4C, 0x0D, 0x5A,
    0x00, 0x2D, 0x06, 0x36, 0x01, 0x8C, 0x12, 0x8E, 0x00, 0x63, 0x4D, 0x6D, 0x00, 0x9B, 0x57, 0x20,
    0x00, 0x67, 0x5E, 0x9A, 0x00, 0x4D, 0x89, 0xB1, 0x0C, 0x0C, 0x00, 0x18, 0x00, 0x7B, 0x0F, 0x8A,
    0x01, 0x63, 0x38, 0x83, 0x00, 0x9B, 0x54, 0x08, 0x00, 0x2F, 0x63, 0x7F, 0x00, 0x60, 0x1F, 0x8F,
    0x00, 0x32, 0x8C, 0x82, 0x04, 0x7B, 0x11, 0x74, 0x01, 0x86, 0x3D, 0x83, 0x00, 0x80, 0x48, 0x2B,
    0x00, 0x6A, 0x62, 0x9A, 0x00, 0x4D, 0x89, 0xB1, 0x0C, 0x0C, 0x00, 0x18, 0x00, 0x00, 0x00, 0x01,
    0x00, 0x00, 0x51, 0xCB, 0x00, 0x00, 0x00, 0x00, 0x00, 0x00, 0x2A, 0xAA, 0x00, 0x2B, 0xB9, 0x2D,
    0x00, 0x7F, 0x6F, 0x06, 0x66, 0x1F, 0xD3, 0xC1, 0x58, 0x00, 0x4E, 0x00, 0x00, 0x00, 0x64, 0x57,
    0x00, 0x00, 0x00, 0x00, 0x00, 0x00, 0xA5, 0xBA, 0x00, 0x00, 0xB6, 0xB7, 0x03, 0x15, 0xAD, 0x93,
    0x58, 0x7F, 0xDD, 0xC4, 0xAA, 0xBB, 0x0F, 0x00, 0xCD, 0x00, 0x00, 0x51, 0x00, 0x00, 0x18, 0xA3,
    0x00, 0x00, 0x00, 0x00, 0x00, 0x00, 0xA5, 0xBA, 0x00, 0x00, 0xB6, 0xB7, 0x03, 0x15, 0xAD, 0x93,
    0x58, 0x7F, 0xDD, 0xC4, 0xAA, 0xBB, 0x0F, 0x00, 0xCD, 0x00, 0x48, 0x6C, 0x00, 0x00, 0xA0, 0xB1,
    0x18, 0x00, 0x00, 0x00, 0x00, 0x00, 0xA5, 0xBA, 0x00, 0x00, 0xB6, 0xB7, 0x03, 0x15, 0xAD, 0x93,
    0x58, 0x7F, 0xDD, 0xC4, 0xAA, 0xBB, 0x0F, 0x00, 0xCD, 0x03, 0xBF, 0x5B, 0x16, 0x00, 0x55, 0xC8,
    0x22, 0x00, 0x00, 0x00, 0x00, 0x00, 0xA5, 0xBA, 0x00, 0x00, 0xB6, 0xB7, 0x03, 0x15, 0xAD, 0x93,
    0x58, 0x7F, 0xDD, 0xC4, 0xAA, 0xBB, 0x0F, 0x00, 0xCD, 0x00, 0xBE, 0xA5, 0x1B, 0x00, 0x00, 0x00,
    0x00, 0x00, 0xA5, 0xBA, 0x00, 0x00, 0xB6, 0xB7, 0x03, 0x15, 0xAD, 0x93, 0x58, 0x7F, 0xDD, 0xC4,
    0xAA, 0xBB, 0x0F, 0x00, 0xCD, 0x00, 0x27, 0x40, 0x00, 0x00, 0x9C, 0x9D, 0x00, 0x00, 0x91, 0xAE,
    0x00, 0x00, 0x00, 0x00, 0x00, 0x00, 0xA5, 0xBA, 0x00, 0x00, 0xB6, 0xB7, 0x03, 0x15, 0xAD, 0x93,
    0x58, 0x7F, 0xDD, 0xC4, 0xAA, 0xBB, 0x0F, 0x00, 0xCD, 0x00, 0xA7, 0xFD, 0xBB, 0x00, 0xB5, 0xB4,
    0x00, 0x36, 0xA9, 0xDE, 0xAB, 0xA5, 0xC5, 0xD3, 0x00, 0xC1, 0x01, 0xDD, 0xB5, 0x13, 0xC1, 0xBB,
    0x85, 0x90, 0x51, 0x00, 0x31, 0xBD, 0x2A, 0x00, 0x00, 0x9D, 0x51, 0x00, 0x31, 0x22, 0xE9, 0xBE,
    0x85, 0x00, 0x16, 0xB4, 0x00, 0x00, 0x42, 0xAF, 0x00, 0x00, 0x4E, 0x01, 0x00, 0x00, 0x55, 0x63,
    0x00, 0x00, 0x00, 0x00, 0x00, 0x90, 0xD2, 0xB4, 0x8A, 0x90, 0x54, 0x00, 0x00, 0x90, 0xD2, 0xB4,
    0x79, 0x90, 0x54, 0x00, 0x00, 0x90, 0xCE, 0xAF, 0x85, 0x00, 0x00, 0x4F, 0x00, 0x00, 0x10, 0xA9,
    0x00, 0x00, 0x00, 0x00, 0x00, 0x90, 0xD2, 0xB4, 0x8A, 0x90, 0x54, 0x00, 0x00, 0x90, 0xD2, 0xB4,
    0x79, 0x90, 0x54, 0x00, 0x00, 0x90, 0xCE, 0xAF, 0x85, 0x00, 0x42, 0x72, 0x00, 0x00, 0xBA, 0xA9,
    0x1F, 0x00, 0x00, 0x00, 0x00, 0x90, 0xD2, 0xB4, 0x8A, 0x90, 0x54, 0x00, 0x00, 0x90, 0xD2, 0xB4,
    0x79, 0x90, 0x54, 0x00, 0x00, 0x90, 0xCE, 0xAF, 0x85, 0x00, 0xA2, 0x9D, 0x22, 0x00, 0x00, 0x00,
    0x00, 0x90, 0xD2, 0xB4, 0x8A, 0x90, 0x54, 0x00, 0x00, 0x90, 0xD2, 0xB4, 0x79, 0x90, 0x54, 0x00,
    0x00, 0x90, 0xCE, 0xAF, 0x85, 0x00, 0x4E, 0x00, 0x00, 0x00, 0x64, 0x57, 0x00, 0x00, 0x00, 0x00,
    0x00, 0x4F, 0xC1, 0xE1, 0x78, 0x00, 0x48, 0x96, 0x00, 0x00, 0x48, 0x96, 0x00, 0x00, 0x48, 0x96,
    0x00, 0x4E, 0xBE, 0xDE, 0x75, 0x00, 0x00, 0x51, 0x00, 0x00, 0x18, 0xA3, 0x00, 0x00, 0x00, 0x00,
    0x00, 0x4F, 0xC1, 0xE1, 0x78, 0x00, 0x48, 0x96, 0x00, 0x00, 0x48, 0x96, 0x00, 0x00, 0x48, 0x96,
    0x00, 0x4E, 0xBE, 0xDE, 0x75, 0x00, 0x48, 0x6C, 0x00, 0x00, 0xA0, 0xB1, 0x18, 0x00, 0x00, 0x00,
    0x00, 0x4F, 0xC1, 0xE1, 0x78, 0x00, 0x48, 0x96, 0x00, 0x00, 0x48, 0x96, 0x00, 0x00, 0x48, 0x96,
    0x00, 0x4E, 0xBE, 0xDE, 0x75, 0x00, 0xBE, 0xA5, 0x1B, 0x00, 0x00, 0x00, 0x00, 0x4F, 0xC1, 0xE1,
    0x78, 0x00, 0x48, 0x96, 0x00, 0x00, 0x48, 0x96, 0x00, 0x00, 0x48, 0x96, 0x00, 0x4E, 0xBE, 0xDE,
    0x75, 0x6C, 0xDD, 0xC6, 0x54, 0x6C, 0x72, 0x03, 0xBB, 0xAD, 0xC8, 0x31, 0xBF, 0x6C, 0x72, 0x03,
    0xBB, 0x6C, 0xD9, 0xC3, 0x54, 0x03, 0xBF, 0x5B, 0x16, 0x00, 0x55, 0xC8, 0x22, 0x00, 0x00, 0x00,
    0x00, 0xA8, 0xB4, 0x00, 0xAA, 0xA8, 0xC3, 0x0F, 0xAA, 0xA8, 0x69, 0x90, 0xAA, 0xA8, 0x24, 0xB2,
    0xAA, 0xA8, 0x24, 0x93, 0xC6, 0x00, 0x4E, 0x00, 0x00, 0x00, 0x64, 0x57, 0x00, 0x00, 0x00, 0x00,
    0x00, 0x28, 0xC6, 0xC3, 0x54, 0xBB, 0x28, 0x01, 0xB9, 0xBB, 0x06, 0x00, 0xBF, 0xBD, 0x27, 0x01,
    0xB9, 0x2A, 0xC4, 0xC0, 0x57, 0x00, 0x00, 0x51, 0x00, 0x00, 0x18, 0xA3, 0x00, 0x00, 0x00, 0x00,
    0x00, 0x28, 0xC6, 0xC3, 0x54, 0xBB, 0x28, 0x01, 0xB9, 0xBB, 0x06, 0x00, 0xBF, 0xBD, 0x27, 0x01,
    0xB9, 0x2A, 0xC4, 0xC0, 0x57, 0x00, 0x57, 0x81, 0x00, 0x00, 0xBD, 0xA9, 0x19, 0x00, 0x00, 0x00,
    0x00, 0x28, 0xC6, 0xC3, 0x54, 0xBB, 0x28, 0x01, 0xB9, 0xBB, 0x06, 0x00, 0xBF, 0xBD, 0x27, 0x01,
    0xB9, 0x2A, 0xC4, 0xC0, 0x57, 0x03, 0xBF, 0x5B, 0x16, 0x00, 0x55, 0xC8, 0x22, 0x00, 0x00, 0x00,
    0x00, 0x28, 0xC6, 0xC3, 0x54, 0xBB, 0x28, 0x01, 0xB9, 0xBB, 0x06, 0x00, 0xBF, 0xBD, 0x27, 0x01,
    0xB9, 0x2A, 0xC4, 0xC0, 0x57, 0x00, 0xBE, 0xA5, 0x1B, 0x00, 0x00, 0x00, 0x00, 0x28, 0xC6, 0xC3,
    0x54, 0xBB, 0x28, 0x01, 0xB9, 0xBB, 0x06, 0x00, 0xBF, 0xBD, 0x27, 0x01, 0xB9, 0x2A, 0xC4, 0xC0,
    0x57, 0x3D, 0x7E, 0x4B, 0x72, 0x00, 0xBD, 0xC8, 0x00, 0x2A, 0xB2, 0xB4, 0x55, 0x13, 0x0A, 0x00,
    0x1E, 0x00, 0x00, 0x00, 0x16, 0x2A, 0xC6, 0xC6, 0xB0, 0xBD, 0x28, 0xAF, 0xBB, 0xBC, 0x4B, 0x82,
    0xBF, 0xBA, 0xB0, 0x01, 0xBA, 0x9F, 0xCD, 0xC0, 0x57, 0x16, 0x00, 0x00, 0x00, 0x00, 0x4E, 0x00,
    0x00, 0x00, 0x64, 0x57, 0x00, 0x00, 0x00, 0x00, 0x00, 0xA8, 0x36, 0x00, 0xBE, 0xA8, 0x36, 0x00,
    0xBE, 0xA6, 0x36, 0x00, 0xBC, 0x97, 0x43, 0x03, 0xB4, 0x2E, 0xCE, 0xC5, 0x60, 0x00, 0x00, 0x51,
    0x00, 0x00, 0x18, 0xA3, 0x00, 0x00, 0x00, 0x00, 0x00, 0xA8, 0x36, 0x00, 0xBE, 0xA8, 0x36, 0x00,
    0xBE, 0xA6, 0x36, 0x00, 0xBC, 0x97, 0x43, 0x03, 0xB4, 0x2E, 0xCE, 0xC5, 0x60, 0x00, 0x48, 0x6C,
    0x00, 0x00, 0xA0, 0xB1, 0x18, 0x00, 0x00, 0x00, 0x00, 0xA8, 0x36, 0x00, 0xBE, 0xA8, 0x36, 0x00,
    0xBE, 0xA6, 0x36, 0x00, 0xBC, 0x97, 0x43, 0x03, 0xB4, 0x2E, 0xCE, 0xC5, 0x60, 0x00, 0xBE, 0xA5,
    0x1B, 0x00, 0x00, 0x00, 0x00, 0xA8, 0x36, 0x00, 0xBE, 0xA8, 0x36, 0x00, 0xBE, 0xA6, 0x36, 0x00,
    0xBC, 0x97, 0x43, 0x03, 0xB4, 0x2E, 0xCE, 0xC5, 0x60, 0x00, 0x47, 0x00, 0x00, 0x0F, 0x92, 0x00,
    0x00, 0x00, 0x00, 0x00, 0x00, 0x5A, 0x08, 0xB0, 0x01, 0x78, 0x97, 0x51, 0x00, 0x6F, 0xBB, 0x00,
    0x00, 0x2D, 0x8C, 0x00, 0x00, 0x2D, 0x8C, 0x00, 0x00, 0x90, 0x54, 0x00, 0x00, 0x90, 0xD2, 0xBA,
    0x76, 0x90, 0x54, 0x00, 0xC6, 0x90, 0xCA, 0xAF, 0x72, 0x90, 0x54, 0x00, 0x00, 0x37, 0xC5, 0x5B,
    0x00, 0x6C, 0x6C, 0x00, 0x00, 0x6C, 0xCF, 0xA6, 0xC4, 0x6C, 0x6C, 0x73, 0x6C, 0x6C, 0x6C, 0xBB,
    0x00, 0x6C, 0x79, 0xBE, 0x85, 0x00, 0x00, 0x00, 0xBC, 0x00, 0x3A, 0xA5, 0xB5, 0x00, 0x4E, 0x00,
    0x00, 0x00, 0x8A, 0x2D, 0x00, 0x00, 0x00, 0x00, 0x00, 0x37, 0xA8, 0xC0, 0x28, 0x2D, 0xB8, 0xB2,
    0x7F, 0xBB, 0x2A, 0x5B, 0x84, 0x5D, 0xC3, 0xB8, 0xB4, 0x00, 0x00, 0x51, 0x00, 0x00, 0x36, 0x81,
    0x00, 0x00, 0x00, 0x00, 0x00, 0x37, 0xA8, 0xC0, 0x28, 0x2D, 0xB8, 0xB2, 0x7F, 0xBB, 0x2A, 0x5B,
    0x84, 0x5D, 0xC3, 0xB8, 0xB4, 0x00, 0x5B, 0x58, 0x00, 0x09, 0xB7, 0xBE, 0x04, 0x00, 0x00, 0x00,
    0x00, 0x37, 0xA8, 0xC0, 0x28, 0x2D, 0xB8, 0xB2, 0x7F, 0xBB, 0x2A, 0x5B, 0x84, 0x5D, 0xC3, 0xB8,
    0xB4, 0x10, 0xC8, 0x5B, 0x07, 0x0A, 0x61, 0xC9, 0x0C, 0x00, 0x00, 0x00, 0x00, 0x37, 0xA8, 0xC0,
    0x28, 0x2D, 0xB8, 0xB2, 0x7F, 0xBB, 0x2A, 0x5B, 0x84, 0x5D, 0xC3, 0xB8, 0xB4, 0x06, 0xB7, 0xBB,
    0x01, 0x00, 0x00, 0x00, 0x00, 0x37, 0xA8, 0xC0, 0x28, 0x2D, 0xB8, 0xB2, 0x7F, 0xBB, 0x2A, 0x5B,
    0x84, 0x5D, 0xC3, 0xB8, 0xB4, 0x00, 0x37, 0x31, 0x00, 0x00, 0xA0, 0xA0, 0x00, 0x00, 0x9F, 0x9A,
    0x00, 0x00, 0x00, 0x00, 0x00, 0x37, 0xA8, 0xC0, 0x28, 0x2D, 0xB8, 0xB2, 0x7F, 0xBB, 0x2A, 0x5B,
    0x84, 0x5D, 0xC3, 0xB8, 0xB4, 0xA7, 0xA5, 0x9F, 0x01, 0xAA, 0xBB, 0x9B, 0x10, 0x7F, 0x80, 0x22,
    0x00, 0xA2, 0xAC, 0x8C, 0x00, 0x0F, 0xB9, 0xB0, 0x61, 0x7F, 0x57, 0x00, 0x09, 0x82, 0x55, 0x00,
    0x0C, 0x13, 0xBC, 0xAD, 0x6F, 0x00, 0x19, 0xAB, 0x00, 0x00, 0x45, 0xAB, 0x00, 0x00, 0x4E, 0x00,
    0x00, 0x00, 0x5E, 0x58, 0x00, 0x00, 0x00, 0x00, 0x00, 0x21, 0xA2, 0xA5, 0x6F, 0xAB, 0xA2, 0xB4,
    0xBA, 0xAF, 0x3D, 0x00, 0x30, 0x24, 0xC6, 0xC1, 0x5D, 0x00, 0x00, 0x51, 0x00, 0x00, 0x15, 0xA3,
    0x00, 0x00, 0x00, 0x00, 0x00, 0x21, 0xA2, 0xA5, 0x6F, 0xAB, 0xA2, 0xB4, 0xBA, 0xAF, 0x3D, 0x00,
    0x30, 0x24, 0xC6, 0xC1, 0x5D, 0x00, 0x45, 0x6F, 0x00, 0x00, 0xBD, 0xAE, 0x19, 0x00, 0x00, 0x00,
    0x00, 0x21, 0xA2, 0xA5, 0x6F, 0xAB, 0xA2, 0xB4, 0xBA, 0xAF, 0x3D, 0x00, 0x30, 0x24, 0xC6, 0xC1,
    0x5D, 0x00, 0xBD, 0xA2, 0x1B, 0x00, 0x00, 0x00, 0x00, 0x21, 0xA2, 0xA5, 0x6F, 0xAB, 0xA2, 0xB4,
    0xBA, 0xAF, 0x3D, 0x00, 0x30, 0x24, 0xC6, 0xC1, 0x5D, 0x00, 0x34, 0x1B, 0x00, 0x00, 0x24, 0x94,
    0x00, 0x00, 0x00, 0x00, 0x00, 0x34, 0xA5, 0xBB, 0x00, 0x00, 0x00, 0xB4, 0x00, 0x00, 0x00, 0xB4,
    0x00, 0x34, 0xA5, 0xFB, 0xA3, 0x00, 0x00, 0x49, 0x04, 0x00, 0x00, 0xB7, 0x00, 0x00, 0x00, 0x00,
    0x00, 0x34, 0xA5, 0xBB, 0x00, 0x00, 0x00, 0xB4, 0x00, 0x00, 0x00, 0xB4, 0x00, 0x34, 0xA5, 0xFB,
    0xA3, 0x00, 0x18, 0x78, 0x00, 0x00, 0xA2, 0x93, 0x4F, 0x00, 0x00, 0x00, 0x00, 0x34, 0xA5, 0xBB,
    0x00, 0x00, 0x00, 0xB4, 0x00, 0x00, 0x00, 0xB4, 0x00, 0x34, 0xA5, 0xFB, 0xA3, 0x00, 0xB5, 0x6F,
    0x57, 0x00, 0x00, 0x00, 0x00, 0x34, 0xA5, 0xBB, 0x00, 0x00, 0x00, 0xB4, 0x00, 0x00, 0x00, 0xB4,
    0x00, 0x34, 0xA5, 0xFB, 0xA3, 0x00, 0x00, 0x03, 0x00, 0x01, 0xBA, 0xD2, 0x13, 0x00, 0x7B, 0xA6,
    0x33, 0x2A, 0xC0, 0xBB, 0xA5, 0xAF, 0x27, 0x00, 0xBF, 0xB1, 0x27, 0x00, 0xAD, 0x28, 0xB9, 0xB7,
    0x54, 0x01, 0xBE, 0x61, 0x1B, 0x00, 0x5A, 0xC4, 0x24, 0x00, 0x00, 0x00, 0x00, 0x78, 0xB7, 0xC9,
    0x5E, 0x78, 0x63, 0x09, 0xAD, 0x78, 0x60, 0x00, 0xB4, 0x78, 0x60, 0x00, 0xB4, 0x00, 0x4E, 0x00,
    0x00, 0x00, 0x64, 0x57, 0x00, 0x00, 0x00, 0x00, 0x00, 0x25, 0xB9, 0xB4, 0x51, 0xAF, 0x28, 0x00,
    0xB4, 0xB1, 0x27, 0x00, 0xB4, 0x28, 0xBA, 0xB5, 0x54, 0x00, 0x00, 0x51, 0x00, 0x00, 0x18, 0xA3,
    0x00, 0x00, 0x00, 0x00, 0x00, 0x25, 0xB9, 0xB4, 0x51, 0xAF, 0x28, 0x00, 0xB4, 0xB1, 0x27, 0x00,
    0xB4, 0x28, 0xBA, 0xB5, 0x54, 0x00, 0x48, 0x6C, 0x00, 0x00, 0xA0, 0xB1, 0x18, 0x00, 0x00, 0x00,
    0x00, 0x25, 0xB9, 0xB4, 0x51, 0xAF, 0x28, 0x00, 0xB4, 0xB1, 0x27, 0x00, 0xB4, 0x28, 0xBA, 0xB5,
    0x54, 0x03, 0xC1, 0x60, 0x18, 0x00, 0x5A, 0xC6, 0x21, 0x00, 0x00, 0x00, 0x00, 0x25, 0xB9, 0xB4,
    0x51, 0xAF, 0x28, 0x00, 0xB4, 0xB1, 0x27, 0x00, 0xB4, 0x28, 0xBA, 0xB5, 0x54, 0x00, 0xBD, 0xA3,
    0x1B, 0x00, 0x00, 0x00, 0x00, 0x25, 0xB9, 0xB4, 0x51, 0xAF, 0x28, 0x00, 0xB4, 0xB1, 0x27, 0x00,
    0xB4, 0x28, 0xBA, 0xB5, 0x54, 0x00, 0x51, 0x93, 0x00, 0x00, 0x00, 0x00, 0x00, 0x6C, 0xA0, 0xA0,
    0x93, 0x00, 0x52, 0x94, 0x00, 0x00, 0x00, 0x00, 0x0F, 0x27, 0xBC, 0xC6, 0xBD, 0xAF, 0x2D, 0xB4,
    0xB5, 0xB1, 0xA6, 0x1C, 0xB4, 0x88, 0xD3, 0xB5, 0x54, 0x0F, 0x00, 0x00, 0x00, 0x00, 0x4F, 0x00,
    0x00, 0x00, 0x69, 0x52, 0x00, 0x00, 0x00, 0x00, 0x00, 0x8A, 0x4E, 0x12, 0xA5, 0x8A, 0x4E, 0x12,
    0xA5, 0x82, 0x57, 0x15, 0xA5, 0x28, 0xDC, 0xB4, 0xA5, 0x00, 0x00, 0x51, 0x00, 0x00, 0x1B, 0xA0,
    0x00, 0x00, 0x00, 0x00, 0x00, 0x8A, 0x4E, 0x12, 0xA5, 0x8A, 0x4E, 0x12, 0xA5, 0x82, 0x57, 0x15,
    0xA5, 0x28, 0xDC, 0xB4, 0xA5, 0x00, 0x3A, 0x54, 0x00, 0x00, 0xA0, 0xB7, 0x13, 0x00, 0x00, 0x00,
    0x00, 0x8A, 0x4E, 0x12, 0xA5, 0x8A, 0x4E, 0x12, 0xA5, 0x82, 0x57, 0x15, 0xA5, 0x28, 0xDC, 0xB4,
    0xA5, 0x00, 0xBD, 0xA8, 0x18, 0x00, 0x00, 0x00, 0x00, 0x8A, 0x4E, 0x12, 0xA5, 0x8A, 0x4E, 0x12,
    0xA5, 0x82, 0x57, 0x15, 0xA5, 0x28, 0xDC, 0xB4, 0xA5, 0x00, 0x00, 0x51, 0x00, 0x00, 0x18, 0xA3,
    0x00, 0x00, 0x00, 0x00, 0x00, 0xAC, 0x28, 0x01, 0xAF, 0x2E, 0xA5, 0x5A, 0x78, 0x00, 0xAF, 0xA1,
    0x0C, 0x00, 0xA5, 0xAF, 0x00, 0x00, 0x69, 0x70, 0x00, 0x52, 0xC1, 0x07, 0x00, 0x7E, 0x54, 0x00,
    0x00, 0x7E, 0x54, 0x00, 0x00, 0x7E, 0xA6, 0xBF, 0x76, 0x7E, 0x57, 0x00, 0xBC, 0x7E, 0x57, 0x00,
    0xBC, 0x7E, 0xA2, 0xC0, 0x79, 0x7E, 0x54, 0x00, 0x00, 0x7E, 0x54, 0x00, 0x00, 0x00, 0xBD, 0xA3,
    0x1B, 0x00, 0x00, 0x00, 0x00, 0xAC, 0x28, 0x01, 0xAF, 0x2E, 0xA5, 0x5A, 0x78, 0x00, 0xAF, 0xA1,
    0x0C, 0x00, 0xA5, 0xAF, 0x00, 0x00, 0x69, 0x70, 0x00, 0x52, 0xC1, 0x07, 0x00, 0x7C, 0xB4, 0xB4,
    0xA8, 0xB4, 0xB4, 0xA3, 0x2B, 0x16, 0xA2, 0x9D, 0x8E, 0x15, 0x09, 0x3A, 0xCA, 0x7F, 0x61, 0x0F,
    0x01, 0x00, 0xB6, 0x37, 0xA2, 0x4B, 0xBB, 0xA7, 0x63, 0x0D, 0x10, 0x19, 0x04, 0x01, 0xFD, 0x6C,
    0xA6, 0x31, 0xB1, 0xAC, 0x34, 0x07, 0x09, 0x10, 0x00, 0xB6, 0x90, 0xA9, 0xDD, 0x15, 0xB6, 0xAF,
    0x8A, 0x93, 0xBF, 0x91, 0x00, 0xBB, 0xBB, 0x91, 0x00, 0x93, 0x6D, 0x00, 0x6F, 0x15, 0xCD, 0xBB,
    0x6D, 0x10, 0xA6, 0x00, 0x00, 0xC0, 0xAC, 0xBA, 0xBA, 0x21, 0xB5, 0x00, 0x00, 0x00, 0x67, 0xC6,
    0x04, 0x15, 0x99, 0xB4, 0x79, 0x00, 0x0C, 0xAE, 0x00, 0x00, 0x0C, 0xAE, 0x00, 0x00, 0x0C, 0xAE,
    0x00, 0x00, 0x76, 0x2A, 0x00, 0xAB, 0xB8, 0xD2, 0x01, 0x00, 0x7A, 0x40, 0x00, 0x00, 0x0A, 0x9A,
    0x00, 0x00, 0x0C, 0xAE, 0x00, 0x00, 0x0C, 0xAE, 0x00, 0x15, 0x7C, 0xA3, 0x6D, 0x00, 0x85, 0xE3,
    0x10, 0x00, 0x00, 0x01, 0x00, 0x6A, 0x71, 0x43, 0x00, 0xCC, 0xB8, 0xDF, 0x0F, 0x78, 0x72, 0x5F,
    0x00, 0x00, 0x67, 0xC6, 0x04, 0x15, 0x99, 0xB4, 0x79, 0x00, 0x0C, 0xAE, 0x00, 0x15, 0x7C, 0xA3,
    0x6D, 0x00, 0x85, 0xE3, 0x10, 0x00, 0x00, 0x01, 0x00, 0x00, 0x67, 0x79, 0x00, 0x00, 0x5A, 0x5A,
    0x00, 0x04, 0x8E, 0x7B, 0x19, 0x00, 0x5D, 0x76, 0x01, 0x0C, 0x1E, 0x6D, 0x52, 0x3C, 0x96, 0xDA,
    0x8A, 0x4B, 0xCA, 0xBC, 0xAB, 0x00, 0x60, 0x00, 0x00, 0x97, 0xB9, 0xB9, 0xAA, 0x6A, 0x9C, 0x9C,
    0x8E, 0x45, 0x66, 0x66, 0x5D, 0x94, 0xB4, 0xB4, 0xA5, 0x00, 0x00, 0x00, 0x0A, 0x00, 0x31, 0xBD,
    0xA5, 0x33, 0xF3, 0x22, 0x00, 0x00, 0x31, 0xA1, 0xA9, 0x21, 0xB4, 0xB4, 0x9F, 0x07, 0x01, 0x00,
    0x00, 0x21, 0xB2, 0x97, 0x0D, 0x00, 0x00, 0x6D, 0xDE, 0x1F, 0xAD, 0x97, 0x0D, 0x2A, 0xB5, 0xB4,
    0x94, 0x00, 0x8D, 0xA7, 0x36, 0x00, 0xBB, 0x07, 0xB7, 0x2D, 0xB5, 0xA0, 0x34, 0x10, 0x00, 0x00,
    0x00, 0x00, 0x06, 0x51, 0x90, 0x55, 0x8E, 0x87, 0x5A, 0x6F, 0x7C, 0x5A, 0x7B, 0x00, 0x18, 0x00,
    0x00, 0x0B, 0xBA, 0xBA, 0x6D, 0x13, 0xFF, 0xFF, 0xB5, 0x04, 0x3C, 0x3C, 0x22, 0xA2, 0xBA, 0xBA,
    0xBA, 0xBA, 0xBA, 0xBA, 0xBA, 0xBA, 0x2B, 0x34, 0xDE, 0x3C, 0xFF, 0x3C, 0xFF, 0x3C, 0xFF, 0x3C,
    0xFF, 0x3C, 0xFF, 0x3C, 0xFF, 0x3C, 0xFF, 0x3C, 0xFF, 0x0D, 0x46, 0x76, 0x6E, 0x91, 0x07, 0xB1,
    0xB6, 0xC7, 0x0D, 0x26, 0x23, 0x2E, 0x01, 0x33, 0xBA, 0x30, 0xBA, 0x61, 0x8B, 0x90, 0x5D, 0xBA,
    0x07, 0x0F, 0x51, 0x3C, 0xFF, 0x0F, 0x51, 0x3C, 0xFF, 0x1F, 0xA2, 0x2D, 0xBF, 0x2E, 0xC6, 0x1E,
    0x99, 0x3C, 0xFF, 0x01, 0x0D, 0x8E, 0x90, 0x78, 0x07, 0xC4, 0xC6, 0xA4, 0x0D, 0x2D, 0x2E, 0x26,
    0x01, 0x4E, 0xB1, 0x76, 0x76, 0xB1, 0x5E, 0xBA, 0x64, 0xBA, 0x28, 0x18, 0x81, 0x39, 0xF2, 0x25,
    0xA2, 0x25, 0xA2, 0x39, 0xF2, 0x1E, 0x9D, 0x3C, 0xFF, 0x1F, 0xA6, 0x3C, 0xFF, 0x0C, 0x42, 0xBA,
    0x6A, 0x2F, 0x00, 0x2F, 0x00, 0x2F, 0x00, 0x2F, 0x00, 0x0E, 0x00, 0xFF, 0xAF, 0x5A, 0x22, 0x2F,
    0x00, 0x2F, 0x00, 0x2F, 0x00, 0x0B, 0x00, 0x85, 0xBA, 0x79, 0xBE, 0x00, 0x00, 0xBE, 0x00, 0x00,
    0xBE, 0x00, 0x00, 0xBE, 0x00, 0x00, 0x45, 0x00, 0x00, 0xB9, 0xFF, 0xA6, 0xBE, 0x3C, 0x27, 0xBE,
    0x00, 0x00, 0xBE, 0x00, 0x00, 0xBE, 0x00, 0x00, 0x33, 0x00, 0x00, 0x0A, 0xA5, 0xAE, 0x5A, 0x00,
    0x00, 0x17, 0xBA, 0x00, 0x00, 0x17, 0xBA, 0x00, 0x00, 0x17, 0xBA, 0x00, 0x00, 0x17, 0xBA, 0x00,
    0x00, 0x07, 0x39, 0x12, 0xE3, 0xF2, 0x93, 0x03, 0x35, 0x4C, 0xBA, 0x00, 0x00, 0x17, 0xBA, 0x00,
    0x00, 0x17, 0xBA, 0x00, 0x00, 0x17, 0xBA, 0x00, 0x00, 0x05, 0x2B, 0x01, 0xA3, 0xB5, 0x93, 0x00,
    0x00, 0x54, 0xFF, 0x00, 0x00, 0x54, 0xFF, 0x00, 0x00, 0x54, 0xFF, 0x00, 0x00, 0x54, 0xFF, 0x00,
    0x00, 0x1C, 0x5E, 0x03, 0xE0, 0xF8, 0xCA, 0x00, 0x35, 0x7F, 0xFF, 0x00, 0x00, 0x54, 0xFF, 0x00,
    0x00, 0x54, 0xFF, 0x00, 0x00, 0x54, 0xFF, 0x00, 0x00, 0x14, 0x46, 0x25, 0x00, 0x2F, 0x00, 0x2F,
    0x00, 0x2F, 0x00, 0xC6, 0x6A, 0x29, 0x00, 0x2F, 0x00, 0x2F, 0x00, 0x2F, 0x00, 0xFF, 0xAF, 0x3C,
    0x22, 0x96, 0x00, 0x00, 0xBE, 0x00, 0x00, 0xBE, 0x00, 0x00, 0xBE, 0x00, 0x00, 0xBE, 0xBA, 0x79,
    0xA5, 0x00, 0x00, 0xBE, 0x00, 0x00, 0xBE, 0x00, 0x00, 0xBE, 0x00, 0x00, 0xBE, 0xFF, 0xA6, 0x2B,
    0x3C, 0x27, 0x00, 0x00, 0x12, 0x93, 0x00, 0x00, 0x17, 0xBA, 0x00, 0x00, 0x17, 0xBA, 0x00, 0x00,
    0x17, 0xBA, 0x0A, 0xA5, 0xBA, 0xBA, 0x00, 0x00, 0x14, 0xA2, 0x00, 0x00, 0x17, 0xBA, 0x00, 0x00,
    0x17, 0xBA, 0x00, 0x00, 0x17, 0xBA, 0x12, 0xE3, 0xF6, 0xBA, 0x03, 0x35, 0x38, 0x1C, 0x00, 0x00,
    0x42, 0xCA, 0x00, 0x00, 0x54, 0xFF, 0x00, 0x00, 0x54, 0xFF, 0x00, 0x00, 0x54, 0xFF, 0x01, 0xA3,
    0xBD, 0xFF, 0x00, 0x00, 0x49, 0xDE, 0x00, 0x00, 0x54, 0xFF, 0x00, 0x00, 0x54, 0xFF, 0x00, 0x00,
    0x54, 0xFF, 0x03, 0xE0, 0xFF, 0xFF, 0x00, 0x35, 0x3A, 0x2E, 0x29, 0x00, 0x2F, 0x00, 0x2F, 0x00,
    0x2F, 0x00, 0xC6, 0x6A, 0x2F, 0x00, 0x2F, 0x00, 0x2F, 0x00, 0x2F, 0x00, 0x0B, 0x00, 0x29, 0x00,
    0x2F, 0x00, 0x2F, 0x00, 0x2F, 0x00, 0xFF, 0xAF, 0x5A, 0x22, 0x2F, 0x00, 0x2F, 0x00, 0x2F, 0x00,
    0x0B, 0x00, 0x96, 0x00, 0x00, 0xBE, 0x00, 0x00, 0xBE, 0x00, 0x00, 0xBE, 0x00, 0x00, 0xBE, 0xBA,
    0x79, 0x7C, 0x00, 0x00, 0x7C, 0x00, 0x00, 0x7C, 0x00, 0x00, 0x7C, 0x00, 0x00, 0x26, 0x00, 0x00,
    0x38, 0x00, 0x00, 0x7C, 0x00, 0x00, 0x7C, 0x00, 0x00, 0x7C, 0x00, 0x00, 0x78, 0x36, 0x22, 0xBE,
    0x84, 0x55, 0xBE, 0x00, 0x00, 0xBE, 0x00, 0x00, 0xBE, 0x00, 0x00, 0x7C, 0x00, 0x00, 0xA5, 0x00,
    0x00, 0xBE, 0x00, 0x00, 0xBE, 0x00, 0x00, 0xBE, 0x00, 0x00, 0xBE, 0xBA, 0x79, 0xBE, 0x00, 0x00,
    0xBE, 0x00, 0x00, 0xBE, 0x00, 0x00, 0xBE, 0x00, 0x00, 0x33, 0x00, 0x00, 0xA5, 0x00, 0x00, 0xBE,
    0x00, 0x00, 0xBE, 0x00, 0x00, 0xBE, 0x00, 0x00, 0xBE, 0xFF, 0xA6, 0x7B, 0x3C, 0x27, 0x7C, 0x00,
    0x00, 0x7C, 0x00, 0x00, 0x7C, 0x00, 0x00, 0x1D, 0x00, 0x00, 0x6C, 0x00, 0x00, 0x7C, 0x00, 0x00,
    0x7C, 0x00, 0x00, 0x7C, 0x00, 0x00, 0xB9, 0xFF, 0xA6, 0xBE, 0x3C, 0x27, 0xBE, 0x00, 0x00, 0xBE,
    0x00, 0x00, 0xBE, 0x00, 0x00, 0x33, 0x00, 0x00, 0xA5, 0x00, 0x00, 0xBE, 0x00, 0x00, 0xBE, 0x00,
    0x00, 0xBE, 0x00, 0x00, 0xBE, 0xFF, 0xA6, 0xBE, 0x3C, 0x27, 0xBE, 0x00, 0x00, 0xBE, 0x00, 0x00,
    0xBE, 0x00, 0x00, 0x33, 0x00, 0x00, 0x00, 0x00, 0x14, 0xA2, 0x00, 0x00, 0x17, 0xBA, 0x00, 0x00,
    0x17, 0xBA, 0x00, 0x00, 0x17, 0xBA, 0x0A, 0xA5, 0xBA, 0xBA, 0x00, 0x00, 0x17, 0xBA, 0x00, 0x00,
    0x17, 0xBA, 0x00, 0x00, 0x17, 0xBA, 0x00, 0x00, 0x17, 0xBA, 0x00, 0x00, 0x05, 0x2B, 0x00, 0x00,
    0x14, 0xA2, 0x00, 0x00, 0x17, 0xBA, 0x00, 0x00, 0x17, 0xBA, 0x00, 0x00, 0x17, 0xBA, 0x12, 0xE3,
    0xF6, 0xBA, 0x03, 0x35, 0x4C, 0xBA, 0x00, 0x00, 0x17, 0xBA, 0x00, 0x00, 0x17, 0xBA, 0x00, 0x00,
    0x17, 0xBA, 0x00, 0x00, 0x05, 0x2B, 0x00, 0x00, 0x3F, 0xBF, 0x00, 0x00, 0x54, 0xFF, 0x00, 0x00,
    0x54, 0xFF, 0x00, 0x00, 0x54, 0xFF, 0x01, 0x93, 0xB2, 0xFF, 0x00, 0x10, 0x28, 0xBE, 0x00, 0x00,
    0x17, 0xBA, 0x00, 0x00, 0x17, 0xBA, 0x00, 0x00, 0x17, 0xBA, 0x00, 0x00, 0x08, 0x42, 0x00, 0x00,
    0x12, 0x93, 0x00, 0x00, 0x17, 0xBA, 0x00, 0x00, 0x17, 0xBA, 0x00, 0x00, 0x17, 0xBA, 0x01, 0xA3,
    0xBC, 0xCA, 0x00, 0x00, 0x54, 0xFF, 0x00, 0x00, 0x54, 0xFF, 0x00, 0x00, 0x54, 0xFF, 0x00, 0x00,
    0x54, 0xFF, 0x00, 0x00, 0x1C, 0x5E, 0x00, 0x00, 0x49, 0xDE, 0x00, 0x00, 0x54, 0xFF, 0x00, 0x00,
    0x54, 0xFF, 0x00, 0x00, 0x54, 0xFF, 0x01, 0xA3, 0xBD, 0xFF, 0x00, 0x00, 0x54, 0xFF, 0x00, 0x00,
    0x54, 0xFF, 0x00, 0x00, 0x54, 0xFF, 0x00, 0x00, 0x54, 0xFF, 0x00, 0x00, 0x14, 0x46, 0x00, 0x00,
    0x49, 0xDE, 0x00, 0x00, 0x54, 0xFF, 0x00, 0x00, 0x54, 0xFF, 0x00, 0x00, 0x54, 0xFF, 0x03, 0xE0,
    0xFF, 0xFF, 0x00, 0x35, 0x4A, 0xAA, 0x00, 0x00, 0x17, 0xBA, 0x00, 0x00, 0x17, 0xBA, 0x00, 0x00,
    0x17, 0xBA, 0x00, 0x00, 0x05, 0x2B, 0x00, 0x00, 0x14, 0xA2, 0x00, 0x00, 0x17, 0xBA, 0x00, 0x00,
    0x17, 0xBA, 0x00, 0x00, 0x17, 0xBA, 0x03, 0xE0, 0xFC, 0xE9, 0x00, 0x35, 0x7F, 0xFF, 0x00, 0x00,
    0x54, 0xFF, 0x00, 0x00, 0x54, 0xFF, 0x00, 0x00, 0x54, 0xFF, 0x00, 0x00, 0x14, 0x46, 0x00, 0x00,
    0x49, 0xDE, 0x00, 0x00, 0x54, 0xFF, 0x00, 0x00, 0x54, 0xFF, 0x00, 0x00, 0x54, 0xFF, 0x03, 0xE0,
    0xFF, 0xFF, 0x00, 0x35, 0x7F, 0xFF, 0x00, 0x00, 0x54, 0xFF, 0x00, 0x00, 0x54, 0xFF, 0x00, 0x00,
    0x54, 0xFF, 0x00, 0x00, 0x14, 0x46, 0x0B, 0xBA, 0xBA, 0x6D, 0x00, 0x00, 0x74, 0x00, 0x00, 0x00,
    0x74, 0x00, 0x00, 0x00, 0x74, 0x00, 0x00, 0x00, 0x74, 0x00, 0x00, 0x00, 0x24, 0x00, 0x13, 0xFF,
    0xC6, 0x6D, 0x04, 0x3C, 0x71, 0x00, 0x00, 0x00, 0x71, 0x00, 0x00, 0x00, 0x71, 0x00, 0x00, 0x00,
    0x71, 0x00, 0x00, 0x00, 0x1A, 0x00, 0x1B, 0xAB, 0xFF, 0x99, 0x00, 0x13, 0x8B, 0x1E, 0x00, 0x13,
    0x5E, 0x00, 0x00, 0x13, 0x5E, 0x00, 0x00, 0x13, 0x5E, 0x00, 0x00, 0x04, 0x15, 0x00, 0x13, 0xFF,
    0xFF, 0xB5, 0x04, 0x3C, 0x87, 0x22, 0x00, 0x00, 0x74, 0x00, 0x00, 0x00, 0x74, 0x00, 0x00, 0x00,
    0x74, 0x00, 0x00, 0x00, 0x1B, 0x00, 0x0B, 0xBA, 0xBA, 0x6D, 0x00, 0x35, 0x93, 0x00, 0x00, 0x35,
    0x93, 0x00, 0x00, 0x35, 0x93, 0x00, 0x00, 0x35, 0x93, 0x00, 0x00, 0x10, 0x36, 0x00, 0x04, 0xFF,
    0xD7, 0x79, 0x00, 0x5B, 0x9F, 0x00, 0x00, 0x26, 0x9F, 0x00, 0x00, 0x26, 0x9F, 0x00, 0x00, 0x26,
    0x9F, 0x00, 0x00, 0x08, 0x2C, 0x00, 0x01, 0xB0, 0xFF, 0xA6, 0x00, 0x26, 0xB6, 0x27, 0x00, 0x26,
    0x9F, 0x00, 0x00, 0x26, 0x9F, 0x00, 0x00, 0x26, 0x9F, 0x00, 0x00, 0x08, 0x2C, 0x00, 0x13, 0xFF,
    0xFF, 0xB5, 0x04, 0x68, 0xB1, 0x22, 0x00, 0x35, 0x93, 0x00, 0x00, 0x35, 0x93, 0x00, 0x00, 0x35,
    0x93, 0x00, 0x00, 0x0C, 0x29, 0x00, 0x00, 0x00, 0x5C, 0x00, 0x00, 0x00, 0x74, 0x00, 0x00, 0x00,
    0x74, 0x00, 0x00, 0x00, 0x74, 0x00, 0x0B, 0xBA, 0xD7, 0x6D, 0x00, 0x00, 0x65, 0x00, 0x00, 0x00,
    0x74, 0x00, 0x00, 0x00, 0x74, 0x00, 0x00, 0x00, 0x74, 0x00, 0x19, 0xFF, 0xD7, 0x6A, 0x04, 0x3C,
    0x12, 0x00, 0x00, 0x00, 0x65, 0x00, 0x00, 0x00, 0x74, 0x00, 0x00, 0x00, 0x74, 0x00, 0x00, 0x00,
    0x74, 0x00, 0x0E, 0xBA, 0xFF, 0xAF, 0x00, 0x00, 0x3C, 0x22, 0x00, 0x00, 0x65, 0x00, 0x00, 0x00,
    0x74, 0x00, 0x00, 0x00, 0x74, 0x00, 0x00, 0x00, 0x74, 0x00, 0x13, 0xFF, 0xFF, 0xB5, 0x04, 0x3C,
    0x3C, 0x22, 0x00, 0x29, 0x74, 0x00, 0x00, 0x35, 0x93, 0x00, 0x00, 0x35, 0x93, 0x00, 0x00, 0x35,
    0x93, 0x00, 0x0B, 0xBD, 0xE5, 0x6D, 0x00, 0x21, 0x8B, 0x00, 0x00, 0x26, 0x9F, 0x00, 0x00, 0x26,
    0x9F, 0x00, 0x00, 0x26, 0x9F, 0x00, 0x04, 0xFF, 0xE5, 0x79, 0x00, 0x3C, 0x1D, 0x00, 0x00, 0x21,
    0x8B, 0x00, 0x00, 0x26, 0x9F, 0x00, 0x00, 0x26, 0x9F, 0x00, 0x00, 0x26, 0x9F, 0x00, 0x01, 0xB6,
    0xFF, 0xA6, 0x00, 0x06, 0x3C, 0x27, 0x00, 0x2E, 0x80, 0x00, 0x00, 0x35, 0x93, 0x00, 0x00, 0x35,
    0x93, 0x00, 0x00, 0x35, 0x93, 0x00, 0x13, 0xFF, 0xFF, 0xB5, 0x04, 0x3C, 0x3C, 0x22, 0x00, 0x00,
    0x65, 0x00, 0x00, 0x00, 0x74, 0x00, 0x00, 0x00, 0x74, 0x00, 0x00, 0x00, 0x74, 0x00, 0x0B, 0xBA,
    0xD7, 0x6D, 0x00, 0x00, 0x74, 0x00, 0x00, 0x00, 0x74, 0x00, 0x00, 0x00, 0x74, 0x00, 0x00, 0x00,
    0x74, 0x00, 0x00, 0x00, 0x1B, 0x00, 0x00, 0x00, 0x65, 0x00, 0x00, 0x00, 0x74, 0x00, 0x00, 0x00,
    0x74, 0x00, 0x00, 0x00, 0x74, 0x00, 0x19, 0xFF, 0xD7, 0x6A, 0x04, 0x3C, 0x74, 0x00, 0x00, 0x00,
    0x74, 0x00, 0x00, 0x00, 0x74, 0x00, 0x00, 0x00, 0x74, 0x00, 0x00, 0x00, 0x1B, 0x00, 0x00, 0x00,
    0x65, 0x00, 0x00, 0x00, 0x74, 0x00, 0x00, 0x00, 0x74, 0x00, 0x00, 0x00, 0x74, 0x00, 0x0E, 0xBA,
    0xFF, 0xAF, 0x00, 0x00, 0x87, 0x22, 0x00, 0x00, 0x74, 0x00, 0x00, 0x00, 0x74, 0x00, 0x00, 0x00,
    0x74, 0x00, 0x00, 0x00, 0x1B, 0x00, 0x00, 0x00, 0x65, 0x00, 0x00, 0x00, 0x74, 0x00, 0x00, 0x00,
    0x74, 0x00, 0x00, 0x00, 0x74, 0x00, 0x13, 0xFF, 0xFF, 0xB5, 0x04, 0x3C, 0x87, 0x22, 0x00, 0x00,
    0x74, 0x00, 0x00, 0x00, 0x74, 0x00, 0x00, 0x00, 0x74, 0x00, 0x00, 0x00, 0x1B, 0x00, 0x00, 0x29,
    0x74, 0x00, 0x00, 0x35, 0x93, 0x00, 0x00, 0x35, 0x93, 0x00, 0x00, 0x35, 0x93, 0x00, 0x0B, 0xBD,
    0xE5, 0x6D, 0x00, 0x00, 0x74, 0x00, 0x00, 0x00, 0x74, 0x00, 0x00, 0x00, 0x74, 0x00, 0x00, 0x00,
    0x74, 0x00, 0x00, 0x00, 0x24, 0x00, 0x00, 0x00, 0x5C, 0x00, 0x00, 0x00, 0x74, 0x00, 0x00, 0x00,
    0x74, 0x00, 0x00, 0x00, 0x74, 0x00, 0x0B, 0xBA, 0xD7, 0x6D, 0x00, 0x35, 0x93, 0x00, 0x00, 0x35,
    0x93, 0x00, 0x00, 0x35, 0x93, 0x00, 0x00, 0x35, 0x93, 0x00, 0x00, 0x10, 0x36, 0x00, 0x00, 0x2E,
    0x80, 0x00, 0x00, 0x35, 0x93, 0x00, 0x00, 0x35, 0x93, 0x00, 0x00, 0x35, 0x93, 0x00, 0x0B, 0xBD,
    0xE5, 0x6D, 0x00, 0x35, 0x93, 0x00, 0x00, 0x35, 0x93, 0x00, 0x00, 0x35, 0x93, 0x00, 0x00, 0x35,
    0x93, 0x00, 0x00, 0x0C, 0x29, 0x00, 0x00, 0x21, 0x8B, 0x00, 0x00, 0x26, 0x9F, 0x00, 0x00, 0x26,
    0x9F, 0x00, 0x00, 0x26, 0x9F, 0x00, 0x04, 0xFF, 0xE5, 0x79, 0x00, 0x3C, 0x6A, 0x00, 0x00, 0x00,
    0x74, 0x00, 0x00, 0x00, 0x74, 0x00, 0x00, 0x00, 0x74, 0x00, 0x00, 0x00, 0x1B, 0x00, 0x00, 0x21,
    0x8B, 0x00, 0x00, 0x26, 0x9F, 0x00, 0x00, 0x26, 0x9F, 0x00, 0x00, 0x26, 0x9F, 0x00, 0x01, 0xB6,
    0xFF, 0xA6, 0x00, 0x06, 0x87, 0x27, 0x00, 0x00, 0x74, 0x00, 0x00, 0x00, 0x74, 0x00, 0x00, 0x00,
    0x74, 0x00, 0x00, 0x00, 0x1B, 0x00, 0x00, 0x00, 0x65, 0x00, 0x00, 0x00, 0x74, 0x00, 0x00, 0x00,
    0x74, 0x00, 0x00, 0x00, 0x74, 0x00, 0x04, 0xFF, 0xE5, 0x79, 0x00, 0x5B, 0x9F, 0x00, 0x00, 0x26,
    0x9F, 0x00, 0x00, 0x26, 0x9F, 0x00, 0x00, 0x26, 0x9F, 0x00, 0x00, 0x08, 0x2C, 0x00, 0x00, 0x00,
    0x65, 0x00, 0x00, 0x00, 0x74, 0x00, 0x00, 0x00, 0x74, 0x00, 0x00, 0x00, 0x74, 0x00, 0x01, 0xB0,
    0xFF, 0xA6, 0x00, 0x26, 0xB6, 0x27, 0x00, 0x26, 0x9F, 0x00, 0x00, 0x26, 0x9F, 0x00, 0x00, 0x26,
    0x9F, 0x00, 0x00, 0x08, 0x2C, 0x00, 0x00, 0x2E, 0x80, 0x00, 0x00, 0x35, 0x93, 0x00, 0x00, 0x35,
    0x93, 0x00, 0x00, 0x35, 0x93, 0x00, 0x13, 0xFF, 0xFF, 0xB5, 0x04, 0x3C, 0x87, 0x22, 0x00, 0x00,
    0x74, 0x00, 0x00, 0x00, 0x74, 0x00, 0x00, 0x00, 0x74, 0x00, 0x00, 0x00, 0x1B, 0x00, 0x00, 0x00,
    0x65, 0x00, 0x00, 0x00, 0x74, 0x00, 0x00, 0x00, 0x74, 0x00, 0x00, 0x00, 0x74, 0x00, 0x13, 0xFF,
    0xFF, 0xB5, 0x04, 0x68, 0xB1, 0x22, 0x00, 0x35, 0x93, 0x00, 0x00, 0x35, 0x93, 0x00, 0x00, 0x35,
    0x93, 0x00, 0x00, 0x0C, 0x29, 0x00, 0x00, 0x21, 0x8B, 0x00, 0x00, 0x26, 0x9F, 0x00, 0x00, 0x26,
    0x9F, 0x00, 0x00, 0x26, 0x9F, 0x00, 0x04, 0xFF, 0xE5, 0x79, 0x00, 0x5B, 0x9F, 0x00, 0x00, 0x26,
    0x9F, 0x00, 0x00, 0x26, 0x9F, 0x00, 0x00, 0x26, 0x9F, 0x00, 0x00, 0x08, 0x2C, 0x00, 0x00, 0x21,
    0x8B, 0x00, 0x00, 0x26, 0x9F, 0x00, 0x00, 0x26, 0x9F, 0x00, 0x00, 0x26, 0x9F, 0x00, 0x01, 0xB6,
    0xFF, 0xA6, 0x00, 0x26, 0xB6, 0x27, 0x00, 0x26, 0x9F, 0x00, 0x00, 0x26, 0x9F, 0x00, 0x00, 0x26,
    0x9F, 0x00, 0x00, 0x08, 0x2C, 0x00, 0x00, 0x2E, 0x80, 0x00, 0x00, 0x35, 0x93, 0x00, 0x00, 0x35,
    0x93, 0x00, 0x00, 0x35, 0x93, 0x00, 0x13, 0xFF, 0xFF, 0xB5, 0x04, 0x68, 0xB1, 0x22, 0x00, 0x35,
    0x93, 0x00, 0x00, 0x35, 0x93, 0x00, 0x00, 0x35, 0x93, 0x00, 0x00, 0x0C, 0x29, 0x00, 0x2E, 0x93,
    0x1C, 0xA5, 0x4C, 0xCA, 0x2E, 0xE2, 0x0F, 0x2E, 0x09, 0x34, 0xB7, 0xAE, 0x00, 0x07, 0xBA, 0xA5,
    0x3A, 0xFA, 0x37, 0xEE, 0x00, 0x00, 0x01, 0x0D, 0x3C, 0xFF, 0x34, 0xE2, 0x0B, 0xB4, 0xB4, 0x6A,
    0x0B, 0xB4, 0xB4, 0x6A, 0x9D, 0x9D, 0xB4, 0xB4, 0xB4, 0xB4, 0xB4, 0xB4, 0xB4, 0xB4, 0xB4, 0xB4,
    0xB4, 0xB4, 0xB4, 0xB4, 0xB4, 0xB4, 0x2A, 0x2A, 0xBA, 0x67, 0xC1, 0x67, 0x2F, 0x00, 0x2F, 0x00,
    0x2F, 0x00, 0x15, 0x00, 0xA1, 0xBA, 0x51, 0xB8, 0x00, 0x00, 0xB8, 0x00, 0x00, 0xB8, 0x00, 0x00,
    0xB8, 0x00, 0x00, 0x38, 0x00, 0x00, 0xB1, 0xB4, 0x4E, 0xA7, 0xB4, 0x4E, 0xB8, 0x00, 0x00, 0xB8,
    0x00, 0x00, 0xB8, 0x00, 0x00, 0x53, 0x00, 0x00, 0x0A, 0xA0, 0xB0, 0x96, 0x0A, 0xA0, 0xB5, 0xBA,
    0x00, 0x00, 0x17, 0xBA, 0x00, 0x00, 0x17, 0xBA, 0x00, 0x00, 0x17, 0xBA, 0x00, 0x00, 0x0B, 0x54,
    0x1B, 0xA8, 0xB6, 0x96, 0x00, 0x00, 0xB4, 0xB4, 0x00, 0x00, 0xB4, 0xB4, 0x00, 0x00, 0xB4, 0xB4,
    0x00, 0x00, 0xB4, 0xB4, 0x00, 0x00, 0x37, 0x37, 0x1A, 0xA3, 0xB3, 0xAC, 0x1A, 0xA3, 0xBA, 0xB4,
    0x00, 0x00, 0xB4, 0xB4, 0x00, 0x00, 0xB4, 0xB4, 0x00, 0x00, 0xB4, 0xB4, 0x00, 0x00, 0x51, 0x51,
    0x1E, 0x00, 0x2F, 0x00, 0x2F, 0x00, 0x2F, 0x00, 0xC1, 0x67, 0xB2, 0x67, 0x91, 0x00, 0x00, 0xB8,
    0x00, 0x00, 0xB8, 0x00, 0x00, 0xB8, 0x00, 0x00, 0xD4, 0xBA, 0x51, 0x78, 0x00, 0x00, 0xB8, 0x00,
    0x00, 0xB8, 0x00, 0x00, 0xB8, 0x00, 0x00, 0xA3, 0xB4, 0x4E, 0xA5, 0xB4, 0x4E, 0x00, 0x00, 0x0F,
    0x79, 0x00, 0x00, 0x17, 0xBA, 0x00, 0x00, 0x17, 0xBA, 0x00, 0x00, 0x17, 0xBA, 0x0A, 0xA0, 0xB5,
    0xBA, 0x0A, 0xA0, 0xAC, 0x70, 0x00, 0x00, 0x8E, 0x8E, 0x00, 0x00, 0xB4, 0xB4, 0x00, 0x00, 0xB4,
    0xB4, 0x00, 0x00, 0xB4, 0xB4, 0x1B, 0xA8, 0xE3, 0xCA, 0x00, 0x00, 0x75, 0x75, 0x00, 0x00, 0xB4,
    0xB4, 0x00, 0x00, 0xB4, 0xB4, 0x00, 0x00, 0xB4, 0xB4, 0x1A, 0xA3, 0xBA, 0xB4, 0x1A, 0xA3, 0xB3,
    0xAB, 0x29, 0x00, 0x2F, 0x00, 0x2F, 0x00, 0x31, 0x06, 0xB8, 0x72, 0xA7, 0x55, 0x2F, 0x00, 0x2F,
    0x00, 0x2F, 0x00, 0x0B, 0x00, 0xA0, 0x00, 0x00, 0xB8, 0x00, 0x00, 0xB8, 0x00, 0x00, 0xB8, 0x00,
    0x00, 0xB6, 0xBA, 0x51, 0xB8, 0x00, 0x00, 0xB8, 0x00, 0x00, 0xB8, 0x00, 0x00, 0xB8, 0x00, 0x00,
    0x2B, 0x00, 0x00, 0xA0, 0x00, 0x00, 0xB8, 0x00, 0x00, 0xB8, 0x00, 0x00, 0xB9, 0x0C, 0x04, 0x94,
    0xA5, 0x55, 0xB2, 0x96, 0x40, 0xB8, 0x00, 0x00, 0xB8, 0x00, 0x00, 0xB8, 0x00, 0x00, 0x2B, 0x00,
    0x00, 0x00, 0x00, 0x14, 0xA2, 0x00, 0x00, 0x17, 0xBA, 0x00, 0x00, 0x17, 0xBA, 0x00, 0x0B, 0x22,
    0xBA, 0x0B, 0x93, 0xA8, 0xBA, 0x08, 0x85, 0x9B, 0xBA, 0x00, 0x00, 0x17, 0xBA, 0x00, 0x00, 0x17,
    0xBA, 0x00, 0x00, 0x17, 0xBA, 0x00, 0x00, 0x05, 0x2B, 0x00, 0x00, 0x9D, 0x9D, 0x00, 0x00, 0xB4,
    0xB4, 0x00, 0x00, 0xB4, 0xB4, 0x00, 0x00, 0xB4, 0xB4, 0x1B, 0xA8, 0xCE, 0xB4, 0x00, 0x00, 0xB4,
    0xB4, 0x00, 0x00, 0xB4, 0xB4, 0x00, 0x00, 0xB4, 0xB4, 0x00, 0x00, 0xB4, 0xB4, 0x00, 0x00, 0x2A,
    0x2A, 0x00, 0x00, 0x9D, 0x9D, 0x00, 0x00, 0xB4, 0xB4, 0x00, 0x00, 0xB4, 0xB4, 0x01, 0x0B, 0xB8,
    0xB4, 0x1C, 0x96, 0xAA, 0xB4, 0x15, 0x88, 0xC4, 0xB4, 0x00, 0x00, 0xB4, 0xB4, 0x00, 0x00, 0xB4,
    0xB4, 0x00, 0x00, 0xB4, 0xB4, 0x00, 0x00, 0x2A, 0x2A, 0x0B, 0xB4, 0xB4, 0x6A, 0x0B, 0xB4, 0xC7,
    0x6A, 0x00, 0x00, 0x74, 0x00, 0x00, 0x00, 0x74, 0x00, 0x00, 0x00, 0x74, 0x00, 0x00, 0x00, 0x35,
    0x00, 0x0B, 0xBA, 0xBA, 0x6D, 0x00, 0x6D, 0x74, 0x00, 0x00, 0x6D, 0x74, 0x00, 0x00, 0x6D, 0x74,
    0x00, 0x00, 0x6D, 0x74, 0x00, 0x00, 0x22, 0x24, 0x00, 0x0B, 0xB4, 0xB4, 0x6A, 0x0B, 0xC4, 0xAB,
    0x6A, 0x00, 0x6D, 0x74, 0x00, 0x00, 0x6D, 0x74, 0x00, 0x00, 0x6D, 0x74, 0x00, 0x00, 0x31, 0x35,
    0x00, 0x00, 0x00, 0x4C, 0x00, 0x00, 0x00, 0x74, 0x00, 0x00, 0x00, 0x74, 0x00, 0x00, 0x00, 0x74,
    0x00, 0x0B, 0xB4, 0xB3, 0x6A, 0x0B, 0xB4, 0xB4, 0x6A, 0x00, 0x56, 0x5C, 0x00, 0x00, 0x6D, 0x74,
    0x00, 0x00, 0x6D, 0x74, 0x00, 0x00, 0x6D, 0x74, 0x00, 0x0B, 0xD4, 0xD7, 0x6D, 0x00, 0x47, 0x4C,
    0x00, 0x00, 0x6D, 0x74, 0x00, 0x00, 0x6D, 0x74, 0x00, 0x00, 0x6D, 0x74, 0x00, 0x0B, 0xB2, 0x93,
    0x6A, 0x0B, 0xB4, 0xB4, 0x6A, 0x00, 0x00, 0x65, 0x00, 0x00, 0x00, 0x74, 0x00, 0x00, 0x00, 0x74,
    0x00, 0x00, 0x0C, 0x69, 0x06, 0x0D, 0xA5, 0xD4, 0x75, 0x09, 0x96, 0xC1, 0x58, 0x00, 0x00, 0x74,
    0x00, 0x00, 0x00, 0x74, 0x00, 0x00, 0x00, 0x74, 0x00, 0x00, 0x00, 0x1B, 0x00, 0x00, 0x5E, 0x65,
    0x00, 0x00, 0x6D, 0x74, 0x00, 0x00, 0x6D, 0x74, 0x00, 0x00, 0x6D, 0x74, 0x00, 0x0B, 0xD4, 0xD7,
    0x6D, 0x00, 0x6D, 0x74, 0x00, 0x00, 0x6D, 0x74, 0x00, 0x00, 0x6D, 0x74, 0x00, 0x00, 0x6D, 0x74,
    0x00, 0x00, 0x19, 0x1B, 0x00, 0x00, 0x49, 0x4C, 0x00, 0x00, 0x71, 0x74, 0x00, 0x00, 0x71, 0x74,
    0x00, 0x00, 0x71, 0x74, 0x00, 0x25, 0xB8, 0xA4, 0x4E, 0x25, 0xB8, 0xA8, 0x4E, 0x00, 0x71, 0x74,
    0x00, 0x00, 0x71, 0x74, 0x00, 0x00, 0x71, 0x74, 0x00, 0x00, 0x33, 0x35, 0x00, 0x56, 0x66, 0x6E,
    0x03, 0x2E, 0x00, 0x2F, 0x00, 0x2F, 0x00, 0x0E, 0x00, 0x0A, 0x8D, 0x22, 0x00, 0x00, 0x16, 0x9B,
    0x27, 0x00, 0x00, 0x2A, 0x9F, 0x00, 0x00, 0x17, 0xBA, 0x00, 0x00, 0x17, 0xBA, 0x00, 0x00, 0x07,
    0x39, 0x00, 0x00, 0x12, 0x93, 0x00, 0x00, 0x17, 0xBA, 0x00, 0x00, 0x19, 0xB5, 0x00, 0x00, 0x5A,
    0x72, 0x0A, 0xA3, 0x9E, 0x00, 0x25, 0x00, 0x2F, 0x00, 0x2E, 0x00, 0x29, 0x00, 0x8F, 0x6A, 0x00,
    0x00, 0x6D, 0x34, 0x00, 0x04, 0x91, 0x00, 0x00, 0x82, 0x33, 0x00, 0x0A, 0xA6, 0x00, 0x00, 0x6C,
    0x33, 0x00, 0x00, 0x76, 0x15, 0x00, 0x00, 0x51, 0x02, 0x00, 0x00, 0x30, 0x00, 0x00, 0x00, 0x3F,
    0x00, 0x00, 0x00, 0x56, 0x05, 0x00, 0x00, 0x7C, 0x18, 0x00, 0x00, 0x59, 0x49, 0x00, 0x00, 0x03,
    0x93, 0x00, 0x00, 0x00, 0x61, 0x52, 0x00, 0x00, 0x00, 0x95, 0x01, 0x00, 0x00, 0x49, 0x33, 0x3F,
    0x00, 0x6D, 0x34, 0x57, 0x08, 0x91, 0x00, 0x6A, 0x95, 0x33, 0x00, 0x5D, 0xA4, 0x00, 0x00, 0x6D,
    0xAD, 0x00, 0x00, 0x78, 0x75, 0x52, 0x00, 0x51, 0x02, 0x95, 0x01, 0x30, 0x00, 0x49, 0x33, 0x08,
    0xA4, 0xAE, 0x5D, 0x8B, 0xBA, 0xBA, 0xBA, 0xBA, 0x07, 0x80, 0xBA, 0x5D, 0x19, 0xBA, 0xBA, 0xBA,
    0xBA, 0x79, 0x0E, 0xE2, 0xF2, 0x99, 0x03, 0x35, 0x38, 0x1E, 0x2D, 0xBF, 0x3C, 0xFF, 0x3C, 0xFF,
    0x3C, 0xFF, 0x3C, 0xFF, 0x01, 0x0D, 0xB1, 0xFF, 0x99, 0x29, 0x3C, 0x1E, 0x07, 0x2A, 0x3C, 0xFF,
    0x3C, 0xFF, 0x3C, 0xFF, 0x3C, 0xFF, 0x27, 0xA6, 0x1B, 0xAB, 0xFF, 0x99, 0x00, 0x03, 0x3C, 0x1E,
    0x00, 0x54, 0x00, 0xBA, 0x00, 0xBA, 0x00, 0xBA, 0x07, 0xA8, 0x3C, 0xFF, 0x3C, 0xFF, 0x3C, 0xFF,
    0x3C, 0xFF, 0x27, 0xA6, 0x13, 0xFF, 0xC6, 0x6D, 0x04, 0x3C, 0x13, 0x00, 0x2D, 0xBF, 0x3C, 0xFF,
    0x3C, 0xFF, 0x3C, 0xFF, 0x3C, 0xFF, 0x01, 0xBE, 0x00, 0xBA, 0x00, 0xBA, 0x00, 0xBA, 0x00, 0x42,
    0xFF, 0xFF, 0xE8, 0x43, 0xFF, 0xFF, 0xE8, 0x48, 0xFF, 0xFF, 0xE8, 0x48, 0xFF, 0xFF, 0xE8, 0x48,
    0x53, 0x54, 0x4B, 0x0F, 0xBB, 0x96, 0x96, 0xBC, 0x96, 0x00, 0x00, 0x96, 0x96, 0x00, 0x00, 0x96,
    0x96, 0x00, 0x00, 0x96, 0x93, 0x96, 0x96, 0x96, 0x1C, 0x67, 0x00, 0x00, 0x77, 0xF7, 0x00, 0x00,
    0xB1, 0xFF, 0x66, 0x00, 0xE7, 0xFF, 0xDF, 0x00, 0x63, 0x66, 0x5B, 0x0C, 0x75, 0x08, 0x00, 0x00,
    0xFF, 0xD6, 0x35, 0x00, 0xFF, 0xFF, 0x92, 0x06, 0xC9, 0x2E, 0x00, 0x00, 0x0A, 0x00, 0x00, 0x00,
    0xF2, 0xFF, 0xE1, 0x0C, 0xC8, 0xFF, 0xA3, 0x00, 0x9B, 0xFE, 0x12, 0x00, 0x42, 0xB0, 0x00, 0x00,
    0x00, 0x0B, 0x00, 0x00, 0x00, 0x20, 0xA3, 0x3D, 0x7B, 0xF5, 0xE8, 0x48, 0xD8, 0xFF, 0xE8, 0x48,
    0x08, 0x90, 0xE8, 0x48, 0x00, 0x00, 0x0B, 0x0F, 0x4C, 0xB5, 0x00, 0x00, 0xCD, 0xFF, 0x8C, 0x00,
    0xEC, 0xFF, 0xE1, 0x0D, 0x83, 0xF9, 0x16, 0x00, 0x03, 0x13, 0x00, 0x00, 0x49, 0xA2, 0x00, 0x00,
    0x7D, 0x53, 0x91, 0x00, 0x5C, 0x11, 0xA0, 0x0D, 0x67, 0xAE, 0x16, 0x00, 0x03, 0x13, 0x00, 0x00,
    0x40, 0xB7, 0xB5, 0x43, 0xAE, 0x00, 0x00, 0xA9, 0xA0, 0x00, 0x00, 0x9C, 0xA0, 0x43, 0x40, 0xA0,
    0x01, 0x72, 0x75, 0x01, 0xB9, 0xFF, 0x6E, 0x00, 0xFF, 0xFF, 0xE3, 0x1B, 0xFF, 0xFF, 0xE6, 0x34,
    0xE3, 0xFF, 0xBA, 0x00, 0x24, 0x4B, 0x00, 0x00, 0x57, 0x66, 0x66, 0x6D, 0x60, 0x00, 0x00, 0x60,
    0x60, 0x00, 0x00, 0x60, 0x82, 0x66, 0x66, 0x99, 0x61, 0x66, 0x66, 0x78, 0x66, 0x00, 0x42, 0x6D,
    0x66, 0x4F, 0x63, 0x66, 0x8D, 0xAF, 0x72, 0xA3, 0x04, 0x11, 0x00, 0x00, 0x97, 0xCD, 0x6E, 0x00,
    0x7D, 0x56, 0xC1, 0x07, 0x7E, 0x4D, 0xC0, 0x07, 0x88, 0xCC, 0x59, 0x00, 0x00, 0x00, 0xA0, 0x0C,
    0x27, 0x08, 0x96, 0x00, 0x6B, 0x7D, 0x48, 0x00, 0x6D, 0xAB, 0x00, 0x00, 0x6A, 0x99, 0x00, 0x00,
    0x00, 0x00, 0x00, 0x12, 0x00, 0xAB, 0x99, 0xA6, 0x00, 0x8B, 0xF5, 0x00, 0x12, 0xE3, 0xE2, 0x1F,
    0xAE, 0x63, 0x22, 0x06, 0x01, 0x00, 0x00, 0x00, 0x0A, 0x16, 0x00, 0x72, 0x93, 0xD7, 0xB0, 0xDC,
    0x0D, 0xFF, 0xFF, 0x0D, 0x7F, 0xFF, 0xFF, 0x49, 0xD0, 0x4E, 0xBB, 0x3F, 0x00, 0x00, 0x00, 0x00,
    0x0C, 0x43, 0x00, 0x3C, 0xFF, 0x00, 0x3C, 0xFF, 0x00, 0x7B, 0xFF, 0x1C, 0x01, 0x42, 0x00,
};
