// Auto-generated VLW font: ibmplex_bolditalic_11
// Size: 30118 bytes (29.4 KB)
#pragma once
#include <pgmspace.h>

const uint8_t ibmplex_bolditalic_11[] PROGMEM = {
    0x00, 0x00, 0x01, 0x65, 0x00, 0x00, 0x00, 0x06, 0x00, 0x00, 0x00, 0x0B, 0x00, 0x00, 0x00, 0x00,
    0x00, 0x00, 0x00, 0x0C, 0x00, 0x00, 0x00, 0x04, 0x00, 0x00, 0x00, 0x20, 0x00, 0x00, 0x00, 0x00,
    0x00, 0x00, 0x00, 0x00, 0x00, 0x00, 0x00, 0x07, 0x00, 0x00, 0x00, 0x00, 0x00, 0x00, 0x00, 0x00,
    0x00, 0x00, 0x00, 0x00, 0x00, 0x00, 0x00, 0x21, 0x00, 0x00, 0x00, 0x08, 0x00, 0x00, 0x00, 0x04,
    0x00, 0x00, 0x00, 0x07, 0x00, 0x00, 0x00, 0x08, 0x00, 0x00, 0x00, 0x01, 0x00, 0x00, 0x00, 0x00,
    0x00, 0x00, 0x00, 0x22, 0x00, 0x00, 0x00, 0x04, 0x00, 0x00, 0x00, 0x06, 0x00, 0x00, 0x00, 0x07,
    0x00, 0x00, 0x00, 0x08, 0x00, 0x00, 0x00, 0x01, 0x00, 0x00, 0x00, 0x00, 0x00, 0x00, 0x00, 0x23,
    0x00, 0x00, 0x00, 0x08, 0x00, 0x00, 0x00, 0x07, 0x00, 0x00, 0x00, 0x07, 0x00, 0x00, 0x00, 0x08,
    0x00, 0x00, 0x00, 0x00, 0x00, 0x00, 0x00, 0x00, 0x00, 0x00, 0x00, 0x24, 0x00, 0x00, 0x00, 0x0B,
    0x00, 0x00, 0x00, 0x07, 0x00, 0x00, 0x00, 0x07, 0x00, 0x00, 0x00, 0x0A, 0x00, 0x00, 0x00, 0x00,
    0x00, 0x00, 0x00, 0x00, 0x00, 0x00, 0x00, 0x25, 0x00, 0x00, 0x00, 0x08, 0x00, 0x00, 0x00, 0x07,
    0x00, 0x00, 0x00, 0x07, 0x00, 0x00, 0x00, 0x08, 0x00, 0x00, 0x00, 0x00, 0x00, 0x00, 0x00, 0x00,
    0x00, 0x00, 0x00, 0x26, 0x00, 0x00, 0x00, 0x08, 0x00, 0x00, 0x00, 0x07, 0x00, 0x00, 0x00, 0x07,
    0x00, 0x00, 0x00, 0x08, 0x00, 0x00, 0x00, 0x00, 0x00, 0x00, 0x00, 0x00, 0x00, 0x00, 0x00, 0x27,
    0x00, 0x00, 0x00, 0x04, 0x00, 0x00, 0x00, 0x03, 0x00, 0x00, 0x00, 0x07, 0x00, 0x00, 0x00, 0x08,
    0x00, 0x00, 0x00, 0x02, 0x00, 0x00, 0x00, 0x00, 0x00, 0x00, 0x00, 0x28, 0x00, 0x00, 0x00, 0x0A,
    0x00, 0x00, 0x00, 0x06, 0x00, 0x00, 0x00, 0x07, 0x00, 0x00, 0x00, 0x08, 0x00, 0x00, 0x00, 0x01,
    0x00, 0x00, 0x00, 0x00, 0x00, 0x00, 0x00, 0x29, 0x00, 0x00, 0x00, 0x0A, 0x00, 0x00, 0x00, 0x05,
    0x00, 0x00, 0x00, 0x07, 0x00, 0x00, 0x00, 0x08, 0x00, 0x00, 0x00, 0x00, 0x00, 0x00, 0x00, 0x00,
    0x00, 0x00, 0x00, 0x2A, 0x00, 0x00, 0x00, 0x06, 0x00, 0x00, 0x00, 0x07, 0x00, 0x00, 0x00, 0x07,
    0x00, 0x00, 0x00, 0x06, 0x00, 0x00, 0x00, 0x00, 0x00, 0x00, 0x00, 0x00, 0x00, 0x00, 0x00, 0x2B,
    0x00, 0x00, 0x00, 0x06, 0x00, 0x00, 0x00, 0x07, 0x00, 0x00, 0x00, 0x07, 0x00, 0x00, 0x00, 0x06,
    0x00, 0x00, 0x00, 0x00, 0x00, 0x00, 0x00, 0x00, 0x00, 0x00, 0x00, 0x2C, 0x00, 0x00, 0x00, 0x04,
    0x00, 0x00, 0x00, 0x04, 0x00, 0x00, 0x00, 0x07, 0x00, 0x00, 0x00, 0x02, 0x00, 0x00, 0x00, 0x01,
    0x00, 0x00, 0x00, 0x00, 0x00, 0x00, 0x00, 0x2D, 0x00, 0x00, 0x00, 0x02, 0x00, 0x00, 0x00, 0x05,
    0x00, 0x00, 0x00, 0x07, 0x00, 0x00, 0x00, 0x05, 0x00, 0x00, 0x00, 0x01, 0x00, 0x00, 0x00, 0x00,
    0x00, 0x00, 0x00, 0x2E, 0x00, 0x00, 0x00, 0x03, 0x00, 0x00, 0x00, 0x04, 0x00, 0x00, 0x00, 0x07,
    0x00, 0x00, 0x00, 0x03, 0x00, 0x00, 0x00, 0x01, 0x00, 0x00, 0x00, 0x00, 0x00, 0x00, 0x00, 0x2F,
    0x00, 0x00, 0x00, 0x0A, 0x00, 0x00, 0x00, 0x07, 0x00, 0x00, 0x00, 0x07, 0x00, 0x00, 0x00, 0x08,
    0x00, 0x00, 0x00, 0x00, 0x00, 0x00, 0x00, 0x00, 0x00, 0x00, 0x00, 0x30, 0x00, 0x00, 0x00, 0x08,
    0x00, 0x00, 0x00, 0x07, 0x00, 0x00, 0x00, 0x07, 0x00, 0x00, 0x00, 0x08, 0x00, 0x00, 0x00, 0x00,
    0x00, 0x00, 0x00, 0x00, 0x00, 0x00, 0x00, 0x31, 0x00, 0x00, 0x00, 0x08, 0x00, 0x00, 0x00, 0x07,
    0x00, 0x00, 0x00, 0x07, 0x00, 0x00, 0x00, 0x08, 0x00, 0x00, 0x00, 0x00, 0x00, 0x00, 0x00, 0x00,
    0x00, 0x00, 0x00, 0x32, 0x00, 0x00, 0x00, 0x08, 0x00, 0x00, 0x00, 0x07, 0x00, 0x00, 0x00, 0x07,
    0x00, 0x00, 0x00, 0x08, 0x00, 0x00, 0x00, 0x00, 0x00, 0x00, 0x00, 0x00, 0x00, 0x00, 0x00, 0x33,
    0x00, 0x00, 0x00, 0x08, 0x00, 0x00, 0x00, 0x07, 0x00, 0x00, 0x00, 0x07, 0x00, 0x00, 0x00, 0x08,
    0x00, 0x00, 0x00, 0x00, 0x00, 0x00, 0x00, 0x00, 0x00, 0x00, 0x00, 0x34, 0x00, 0x00, 0x00, 0x08,
    0x00, 0x00, 0x00, 0x07, 0x00, 0x00, 0x00, 0x07, 0x00, 0x00, 0x00, 0x08, 0x00, 0x00, 0x00, 0x00,
    0x00, 0x00, 0x00, 0x00, 0x00, 0x00, 0x00, 0x35, 0x00, 0x00, 0x00, 0x08, 0x00, 0x00, 0x00, 0x07,
    0x00, 0x00, 0x00, 0x07, 0x00, 0x00, 0x00, 0x08, 0x00, 0x00, 0x00, 0x00, 0x00, 0x00, 0x00, 0x00,
    0x00, 0x00, 0x00, 0x36, 0x00, 0x00, 0x00, 0x08, 0x00, 0x00, 0x00, 0x07, 0x00, 0x00, 0x00, 0x07,
    0x00, 0x00, 0x00, 0x08, 0x00, 0x00, 0x00, 0x00, 0x00, 0x00, 0x00, 0x00, 0x00, 0x00, 0x00, 0x37,
    0x00, 0x00, 0x00, 0x08, 0x00, 0x00, 0x00, 0x07, 0x00, 0x00, 0x00, 0x07, 0x00, 0x00, 0x00, 0x08,
    0x00, 0x00, 0x00, 0x00, 0x00, 0x00, 0x00, 0x00, 0x00, 0x00, 0x00, 0x38, 0x00, 0x00, 0x00, 0x08,
    0x00, 0x00, 0x00, 0x07, 0x00, 0x00, 0x00, 0x07, 0x00, 0x00, 0x00, 0x08, 0x00, 0x00, 0x00, 0x00,
    0x00, 0x00, 0x00, 0x00, 0x00, 0x00, 0x00, 0x39, 0x00, 0x00, 0x00, 0x08, 0x00, 0x00, 0x00, 0x07,
    0x00, 0x00, 0x00, 0x07, 0x00, 0x00, 0x00, 0x08, 0x00, 0x00, 0x00, 0x00, 0x00, 0x00, 0x00, 0x00,
    0x00, 0x00, 0x00, 0x3A, 0x00, 0x00, 0x00, 0x06, 0x00, 0x00, 0x00, 0x04, 0x00, 0x00, 0x00, 0x07,
    0x00, 0x00, 0x00, 0x06, 0x00, 0x00, 0x00, 0x01, 0x00, 0x00, 0x00, 0x00, 0x00, 0x00, 0x00, 0x3B,
    0x00, 0x00, 0x00, 0x08, 0x00, 0x00, 0x00, 0x04, 0x00, 0x00, 0x00, 0x07, 0x00, 0x00, 0x00, 0x06,
    0x00, 0x00, 0x00, 0x01, 0x00, 0x00, 0x00, 0x00, 0x00, 0x00, 0x00, 0x3C, 0x00, 0x00, 0x00, 0x07,
    0x00, 0x00, 0x00, 0x07, 0x00, 0x00, 0x00, 0x07, 0x00, 0x00, 0x00, 0x07, 0x00, 0x00, 0x00, 0x00,
    0x00, 0x00, 0x00, 0x00, 0x00, 0x00, 0x00, 0x3D, 0x00, 0x00, 0x00, 0x06, 0x00, 0x00, 0x00, 0x07,
    0x00, 0x00, 0x00, 0x07, 0x00, 0x00, 0x00, 0x07, 0x00, 0x00, 0x00, 0x00, 0x00, 0x00, 0x00, 0x00,
    0x00, 0x00, 0x00, 0x3E, 0x00, 0x00, 0x00, 0x07, 0x00, 0x00, 0x00, 0x06, 0x00, 0x00, 0x00, 0x07,
    0x00, 0x00, 0x00, 0x07, 0x00, 0x00, 0x00, 0x00, 0x00, 0x00, 0x00, 0x00, 0x00, 0x00, 0x00, 0x3F,
    0x00, 0x00, 0x00, 0x08, 0x00, 0x00, 0x00, 0x06, 0x00, 0x00, 0x00, 0x07, 0x00, 0x00, 0x00, 0x08,
    0x00, 0x00, 0x00, 0x01, 0x00, 0x00, 0x00, 0x00, 0x00, 0x00, 0x00, 0x40, 0x00, 0x00, 0x00, 0x0A,
    0x00, 0x00, 0x00, 0x07, 0x00, 0x00, 0x00, 0x07, 0x00, 0x00, 0x00, 0x08, 0x00, 0x00, 0x00, 0x00,
    0x00, 0x00, 0x00, 0x00, 0x00, 0x00, 0x00, 0x41, 0x00, 0x00, 0x00, 0x08, 0x00, 0x00, 0x00, 0x07,
    0x00, 0x00, 0x00, 0x07, 0x00, 0x00, 0x00, 0x08, 0x00, 0x00, 0x00, 0x00, 0x00, 0x00, 0x00, 0x00,
    0x00, 0x00, 0x00, 0x42, 0x00, 0x00, 0x00, 0x08, 0x00, 0x00, 0x00, 0x07, 0x00, 0x00, 0x00, 0x07,
    0x00, 0x00, 0x00, 0x08, 0x00, 0x00, 0x00, 0x00, 0x00, 0x00, 0x00, 0x00, 0x00, 0x00, 0x00, 0x43,
    0x00, 0x00, 0x00, 0x08, 0x00, 0x00, 0x00, 0x07, 0x00, 0x00, 0x00, 0x07, 0x00, 0x00, 0x00, 0x08,
    0x00, 0x00, 0x00, 0x00, 0x00, 0x00, 0x00, 0x00, 0x00, 0x00, 0x00, 0x44, 0x00, 0x00, 0x00, 0x08,
    0x00, 0x00, 0x00, 0x07, 0x00, 0x00, 0x00, 0x07, 0x00, 0x00, 0x00, 0x08, 0x00, 0x00, 0x00, 0x00,
    0x00, 0x00, 0x00, 0x00, 0x00, 0x00, 0x00, 0x45, 0x00, 0x00, 0x00, 0x08, 0x00, 0x00, 0x00, 0x07,
    0x00, 0x00, 0x00, 0x07, 0x00, 0x00, 0x00, 0x08, 0x00, 0x00, 0x00, 0x00, 0x00, 0x00, 0x00, 0x00,
    0x00, 0x00, 0x00, 0x46, 0x00, 0x00, 0x00, 0x08, 0x00, 0x00, 0x00, 0x07, 0x00, 0x00, 0x00, 0x07,
    0x00, 0x00, 0x00, 0x08, 0x00, 0x00, 0x00, 0x00, 0x00, 0x00, 0x00, 0x00, 0x00, 0x00, 0x00, 0x47,
    0x00, 0x00, 0x00, 0x08, 0x00, 0x00, 0x00, 0x07, 0x00, 0x00, 0x00, 0x07, 0x00, 0x00, 0x00, 0x08,
    0x00, 0x00, 0x00, 0x00, 0x00, 0x00, 0x00, 0x00, 0x00, 0x00, 0x00, 0x48, 0x00, 0x00, 0x00, 0x08,
    0x00, 0x00, 0x00, 0x07, 0x00, 0x00, 0x00, 0x07, 0x00, 0x00, 0x00, 0x08, 0x00, 0x00, 0x00, 0x00,
    0x00, 0x00, 0x00, 0x00, 0x00, 0x00, 0x00, 0x49, 0x00, 0x00, 0x00, 0x08, 0x00, 0x00, 0x00, 0x07,
    0x00, 0x00, 0x00, 0x07, 0x00, 0x00, 0x00, 0x08, 0x00, 0x00, 0x00, 0x00, 0x00, 0x00, 0x00, 0x00,
    0x00, 0x00, 0x00, 0x4A, 0x00, 0x00, 0x00, 0x08, 0x00, 0x00, 0x00, 0x07, 0x00, 0x00, 0x00, 0x07,
    0x00, 0x00, 0x00, 0x08, 0x00, 0x00, 0x00, 0x00, 0x00, 0x00, 0x00, 0x00, 0x00, 0x00, 0x00, 0x4B,
    0x00, 0x00, 0x00, 0x08, 0x00, 0x00, 0x00, 0x07, 0x00, 0x00, 0x00, 0x07, 0x00, 0x00, 0x00, 0x08,
    0x00, 0x00, 0x00, 0x00, 0x00, 0x00, 0x00, 0x00, 0x00, 0x00, 0x00, 0x4C, 0x00, 0x00, 0x00, 0x08,
    0x00, 0x00, 0x00, 0x06, 0x00, 0x00, 0x00, 0x07, 0x00, 0x00, 0x00, 0x08, 0x00, 0x00, 0x00, 0x00,
    0x00, 0x00, 0x00, 0x00, 0x00, 0x00, 0x00, 0x4D, 0x00, 0x00, 0x00, 0x08, 0x00, 0x00, 0x00, 0x07,
    0x00, 0x00, 0x00, 0x07, 0x00, 0x00, 0x00, 0x08, 0x00, 0x00, 0x00, 0x00, 0x00, 0x00, 0x00, 0x00,
    0x00, 0x00, 0x00, 0x4E, 0x00, 0x00, 0x00, 0x08, 0x00, 0x00, 0x00, 0x07, 0x00, 0x00, 0x00, 0x07,
    0x00, 0x00, 0x00, 0x08, 0x00, 0x00, 0x00, 0x00, 0x00, 0x00, 0x00, 0x00, 0x00, 0x00, 0x00, 0x4F,
    0x00, 0x00, 0x00, 0x08, 0x00, 0x00, 0x00, 0x07, 0x00, 0x00, 0x00, 0x07, 0x00, 0x00, 0x00, 0x08,
    0x00, 0x00, 0x00, 0x00, 0x00, 0x00, 0x00, 0x00, 0x00, 0x00, 0x00, 0x50, 0x00, 0x00, 0x00, 0x08,
    0x00, 0x00, 0x00, 0x07, 0x00, 0x00, 0x00, 0x07, 0x00, 0x00, 0x00, 0x08, 0x00, 0x00, 0x00, 0x00,
    0x00, 0x00, 0x00, 0x00, 0x00, 0x00, 0x00, 0x51, 0x00, 0x00, 0x00, 0x0A, 0x00, 0x00, 0x00, 0x07,
    0x00, 0x00, 0x00, 0x07, 0x00, 0x00, 0x00, 0x08, 0x00, 0x00, 0x00, 0x00, 0x00, 0x00, 0x00, 0x00,
    0x00, 0x00, 0x00, 0x52, 0x00, 0x00, 0x00, 0x08, 0x00, 0x00, 0x00, 0x07, 0x00, 0x00, 0x00, 0x07,
    0x00, 0x00, 0x00, 0x08, 0x00, 0x00, 0x00, 0x00, 0x00, 0x00, 0x00, 0x00, 0x00, 0x00, 0x00, 0x53,
    0x00, 0x00, 0x00, 0x08, 0x00, 0x00, 0x00, 0x07, 0x00, 0x00, 0x00, 0x07, 0x00, 0x00, 0x00, 0x08,
    0x00, 0x00, 0x00, 0x00, 0x00, 0x00, 0x00, 0x00, 0x00, 0x00, 0x00, 0x54, 0x00, 0x00, 0x00, 0x08,
    0x00, 0x00, 0x00, 0x07, 0x00, 0x00, 0x00, 0x07, 0x00, 0x00, 0x00, 0x08, 0x00, 0x00, 0x00, 0x00,
    0x00, 0x00, 0x00, 0x00, 0x00, 0x00, 0x00, 0x55, 0x00, 0x00, 0x00, 0x08, 0x00, 0x00, 0x00, 0x07,
    0x00, 0x00, 0x00, 0x07, 0x00, 0x00, 0x00, 0x08, 0x00, 0x00, 0x00, 0x00, 0x00, 0x00, 0x00, 0x00,
    0x00, 0x00, 0x00, 0x56, 0x00, 0x00, 0x00, 0x08, 0x00, 0x00, 0x00, 0x07, 0x00, 0x00, 0x00, 0x07,
    0x00, 0x00, 0x00, 0x08, 0x00, 0x00, 0x00, 0x00, 0x00, 0x00, 0x00, 0x00, 0x00, 0x00, 0x00, 0x57,
    0x00, 0x00, 0x00, 0x08, 0x00, 0x00, 0x00, 0x07, 0x00, 0x00, 0x00, 0x07, 0x00, 0x00, 0x00, 0x08,
    0x00, 0x00, 0x00, 0x00, 0x00, 0x00, 0x00, 0x00, 0x00, 0x00, 0x00, 0x58, 0x00, 0x00, 0x00, 0x08,
    0x00, 0x00, 0x00, 0x07, 0x00, 0x00, 0x00, 0x07, 0x00, 0x00, 0x00, 0x08, 0x00, 0x00, 0x00, 0x00,
    0x00, 0x00, 0x00, 0x00, 0x00, 0x00, 0x00, 0x59, 0x00, 0x00, 0x00, 0x08, 0x00, 0x00, 0x00, 0x07,
    0x00, 0x00, 0x00, 0x07, 0x00, 0x00, 0x00, 0x08, 0x00, 0x00, 0x00, 0x00, 0x00, 0x00, 0x00, 0x00,
    0x00, 0x00, 0x00, 0x5A, 0x00, 0x00, 0x00, 0x08, 0x00, 0x00, 0x00, 0x07, 0x00, 0x00, 0x00, 0x07,
    0x00, 0x00, 0x00, 0x08, 0x00, 0x00, 0x00, 0x00, 0x00, 0x00, 0x00, 0x00, 0x00, 0x00, 0x00, 0x5B,
    0x00, 0x00, 0x00, 0x0B, 0x00, 0x00, 0x00, 0x06, 0x00, 0x00, 0x00, 0x07, 0x00, 0x00, 0x00, 0x08,
    0x00, 0x00, 0x00, 0x01, 0x00, 0x00, 0x00, 0x00, 0x00, 0x00, 0x00, 0x5C, 0x00, 0x00, 0x00, 0x0A,
    0x00, 0x00, 0x00, 0x04, 0x00, 0x00, 0x00, 0x07, 0x00, 0x00, 0x00, 0x08, 0x00, 0x00, 0x00, 0x01,
    0x00, 0x00, 0x00, 0x00, 0x00, 0x00, 0x00, 0x5D, 0x00, 0x00, 0x00, 0x0B, 0x00, 0x00, 0x00, 0x06,
    0x00, 0x00, 0x00, 0x07, 0x00, 0x00, 0x00, 0x08, 0x00, 0x00, 0x00, 0x00, 0x00, 0x00, 0x00, 0x00,
    0x00, 0x00, 0x00, 0x5E, 0x00, 0x00, 0x00, 0x06, 0x00, 0x00, 0x00, 0x07, 0x00, 0x00, 0x00, 0x07,
    0x00, 0x00, 0x00, 0x08, 0x00, 0x00, 0x00, 0x00, 0x00, 0x00, 0x00, 0x00, 0x00, 0x00, 0x00, 0x5F,
    0x00, 0x00, 0x00, 0x03, 0x00, 0x00, 0x00, 0x07, 0x00, 0x00, 0x00, 0x07, 0x00, 0x00, 0x00, 0x00,
    0x00, 0x00, 0x00, 0x00, 0x00, 0x00, 0x00, 0x00, 0x00, 0x00, 0x00, 0x60, 0x00, 0x00, 0x00, 0x04,
    0x00, 0x00, 0x00, 0x04, 0x00, 0x00, 0x00, 0x07, 0x00, 0x00, 0x00, 0x0A, 0x00, 0x00, 0x00, 0x01,
    0x00, 0x00, 0x00, 0x00, 0x00, 0x00, 0x00, 0x61, 0x00, 0x00, 0x00, 0x06, 0x00, 0x00, 0x00, 0x07,
    0x00, 0x00, 0x00, 0x07, 0x00, 0x00, 0x00, 0x06, 0x00, 0x00, 0x00, 0x00, 0x00, 0x00, 0x00, 0x00,
    0x00, 0x00, 0x00, 0x62, 0x00, 0x00, 0x00, 0x08, 0x00, 0x00, 0x00, 0x07, 0x00, 0x00, 0x00, 0x07,
    0x00, 0x00, 0x00, 0x08, 0x00, 0x00, 0x00, 0x00, 0x00, 0x00, 0x00, 0x00, 0x00, 0x00, 0x00, 0x63,
    0x00, 0x00, 0x00, 0x06, 0x00, 0x00, 0x00, 0x06, 0x00, 0x00, 0x00, 0x07, 0x00, 0x00, 0x00, 0x06,
    0x00, 0x00, 0x00, 0x00, 0x00, 0x00, 0x00, 0x00, 0x00, 0x00, 0x00, 0x64, 0x00, 0x00, 0x00, 0x08,
    0x00, 0x00, 0x00, 0x07, 0x00, 0x00, 0x00, 0x07, 0x00, 0x00, 0x00, 0x08, 0x00, 0x00, 0x00, 0x00,
    0x00, 0x00, 0x00, 0x00, 0x00, 0x00, 0x00, 0x65, 0x00, 0x00, 0x00, 0x06, 0x00, 0x00, 0x00, 0x07,
    0x00, 0x00, 0x00, 0x07, 0x00, 0x00, 0x00, 0x06, 0x00, 0x00, 0x00, 0x00, 0x00, 0x00, 0x00, 0x00,
    0x00, 0x00, 0x00, 0x66, 0x00, 0x00, 0x00, 0x0A, 0x00, 0x00, 0x00, 0x07, 0x00, 0x00, 0x00, 0x07,
    0x00, 0x00, 0x00, 0x08, 0x00, 0x00, 0x00, 0x00, 0x00, 0x00, 0x00, 0x00, 0x00, 0x00, 0x00, 0x67,
    0x00, 0x00, 0x00, 0x08, 0x00, 0x00, 0x00, 0x07, 0x00, 0x00, 0x00, 0x07, 0x00, 0x00, 0x00, 0x06,
    0x00, 0x00, 0x00, 0x00, 0x00, 0x00, 0x00, 0x00, 0x00, 0x00, 0x00, 0x68, 0x00, 0x00, 0x00, 0x08,
    0x00, 0x00, 0x00, 0x07, 0x00, 0x00, 0x00, 0x07, 0x00, 0x00, 0x00, 0x08, 0x00, 0x00, 0x00, 0x00,
    0x00, 0x00, 0x00, 0x00, 0x00, 0x00, 0x00, 0x69, 0x00, 0x00, 0x00, 0x09, 0x00, 0x00, 0x00, 0x07,
    0x00, 0x00, 0x00, 0x07, 0x00, 0x00, 0x00, 0x09, 0x00, 0x00, 0x00, 0x00, 0x00, 0x00, 0x00, 0x00,
    0x00, 0x00, 0x00, 0x6A, 0x00, 0x00, 0x00, 0x0B, 0x00, 0x00, 0x00, 0x06, 0x00, 0x00, 0x00, 0x07,
    0x00, 0x00, 0x00, 0x09, 0x00, 0x00, 0x00, 0x00, 0x00, 0x00, 0x00, 0x00, 0x00, 0x00, 0x00, 0x6B,
    0x00, 0x00, 0x00, 0x08, 0x00, 0x00, 0x00, 0x07, 0x00, 0x00, 0x00, 0x07, 0x00, 0x00, 0x00, 0x08,
    0x00, 0x00, 0x00, 0x00, 0x00, 0x00, 0x00, 0x00, 0x00, 0x00, 0x00, 0x6C, 0x00, 0x00, 0x00, 0x08,
    0x00, 0x00, 0x00, 0x06, 0x00, 0x00, 0x00, 0x07, 0x00, 0x00, 0x00, 0x08, 0x00, 0x00, 0x00, 0x00,
    0x00, 0x00, 0x00, 0x00, 0x00, 0x00, 0x00, 0x6D, 0x00, 0x00, 0x00, 0x06, 0x00, 0x00, 0x00, 0x07,
    0x00, 0x00, 0x00, 0x07, 0x00, 0x00, 0x00, 0x06, 0x00, 0x00, 0x00, 0x00, 0x00, 0x00, 0x00, 0x00,
    0x00, 0x00, 0x00, 0x6E, 0x00, 0x00, 0x00, 0x06, 0x00, 0x00, 0x00, 0x07, 0x00, 0x00, 0x00, 0x07,
    0x00, 0x00, 0x00, 0x06, 0x00, 0x00, 0x00, 0x00, 0x00, 0x00, 0x00, 0x00, 0x00, 0x00, 0x00, 0x6F,
    0x00, 0x00, 0x00, 0x06, 0x00, 0x00, 0x00, 0x07, 0x00, 0x00, 0x00, 0x07, 0x00, 0x00, 0x00, 0x06,
    0x00, 0x00, 0x00, 0x00, 0x00, 0x00, 0x00, 0x00, 0x00, 0x00, 0x00, 0x70, 0x00, 0x00, 0x00, 0x08,
    0x00, 0x00, 0x00, 0x07, 0x00, 0x00, 0x00, 0x07, 0x00, 0x00, 0x00, 0x06, 0x00, 0x00, 0x00, 0x00,
    0x00, 0x00, 0x00, 0x00, 0x00, 0x00, 0x00, 0x71, 0x00, 0x00, 0x00, 0x08, 0x00, 0x00, 0x00, 0x07,
    0x00, 0x00, 0x00, 0x07, 0x00, 0x00, 0x00, 0x06, 0x00, 0x00, 0x00, 0x00, 0x00, 0x00, 0x00, 0x00,
    0x00, 0x00, 0x00, 0x72, 0x00, 0x00, 0x00, 0x06, 0x00, 0x00, 0x00, 0x06, 0x00, 0x00, 0x00, 0x07,
    0x00, 0x00, 0x00, 0x06, 0x00, 0x00, 0x00, 0x01, 0x00, 0x00, 0x00, 0x00, 0x00, 0x00, 0x00, 0x73,
    0x00, 0x00, 0x00, 0x06, 0x00, 0x00, 0x00, 0x06, 0x00, 0x00, 0x00, 0x07, 0x00, 0x00, 0x00, 0x06,
    0x00, 0x00, 0x00, 0x00, 0x00, 0x00, 0x00, 0x00, 0x00, 0x00, 0x00, 0x74, 0x00, 0x00, 0x00, 0x08,
    0x00, 0x00, 0x00, 0x07, 0x00, 0x00, 0x00, 0x07, 0x00, 0x00, 0x00, 0x08, 0x00, 0x00, 0x00, 0x00,
    0x00, 0x00, 0x00, 0x00, 0x00, 0x00, 0x00, 0x75, 0x00, 0x00, 0x00, 0x06, 0x00, 0x00, 0x00, 0x07,
    0x00, 0x00, 0x00, 0x07, 0x00, 0x00, 0x00, 0x06, 0x00, 0x00, 0x00, 0x00, 0x00, 0x00, 0x00, 0x00,
    0x00, 0x00, 0x00, 0x76, 0x00, 0x00, 0x00, 0x07, 0x00, 0x00, 0x00, 0x07, 0x00, 0x00, 0x00, 0x07,
    0x00, 0x00, 0x00, 0x07, 0x00, 0x00, 0x00, 0x00, 0x00, 0x00, 0x00, 0x00, 0x00, 0x00, 0x00, 0x77,
    0x00, 0x00, 0x00, 0x07, 0x00, 0x00, 0x00, 0x07, 0x00, 0x00, 0x00, 0x07, 0x00, 0x00, 0x00, 0x07,
    0x00, 0x00, 0x00, 0x00, 0x00, 0x00, 0x00, 0x00, 0x00, 0x00, 0x00, 0x78, 0x00, 0x00, 0x00, 0x06,
    0x00, 0x00, 0x00, 0x07, 0x00, 0x00, 0x00, 0x07, 0x00, 0x00, 0x00, 0x06, 0x00, 0x00, 0x00, 0x00,
    0x00, 0x00, 0x00, 0x00, 0x00, 0x00, 0x00, 0x79, 0x00, 0x00, 0x00, 0x08, 0x00, 0x00, 0x00, 0x07,
    0x00, 0x00, 0x00, 0x07, 0x00, 0x00, 0x00, 0x06, 0x00, 0x00, 0x00, 0x00, 0x00, 0x00, 0x00, 0x00,
    0x00, 0x00, 0x00, 0x7A, 0x00, 0x00, 0x00, 0x06, 0x00, 0x00, 0x00, 0x07, 0x00, 0x00, 0x00, 0x07,
    0x00, 0x00, 0x00, 0x06, 0x00, 0x00, 0x00, 0x00, 0x00, 0x00, 0x00, 0x00, 0x00, 0x00, 0x00, 0x7B,
    0x00, 0x00, 0x00, 0x0B, 0x00, 0x00, 0x00, 0x06, 0x00, 0x00, 0x00, 0x07, 0x00, 0x00, 0x00, 0x08,
    0x00, 0x00, 0x00, 0x01, 0x00, 0x00, 0x00, 0x00, 0x00, 0x00, 0x00, 0x7C, 0x00, 0x00, 0x00, 0x0A,
    0x00, 0x00, 0x00, 0x04, 0x00, 0x00, 0x00, 0x07, 0x00, 0x00, 0x00, 0x08, 0x00, 0x00, 0x00, 0x01,
    0x00, 0x00, 0x00, 0x00, 0x00, 0x00, 0x00, 0x7D, 0x00, 0x00, 0x00, 0x0B, 0x00, 0x00, 0x00, 0x06,
    0x00, 0x00, 0x00, 0x07, 0x00, 0x00, 0x00, 0x08, 0x00, 0x00, 0x00, 0x00, 0x00, 0x00, 0x00, 0x00,
    0x00, 0x00, 0x00, 0x7E, 0x00, 0x00, 0x00, 0x05, 0x00, 0x00, 0x00, 0x07, 0x00, 0x00, 0x00, 0x07,
    0x00, 0x00, 0x00, 0x06, 0x00, 0x00, 0x00, 0x00, 0x00, 0x00, 0x00, 0x00, 0x00, 0x00, 0x00, 0xA0,
    0x00, 0x00, 0x00, 0x00, 0x00, 0x00, 0x00, 0x00, 0x00, 0x00, 0x00, 0x07, 0x00, 0x00, 0x00, 0x00,
    0x00, 0x00, 0x00, 0x00, 0x00, 0x00, 0x00, 0x00, 0x00, 0x00, 0x00, 0xA1, 0x00, 0x00, 0x00, 0x09,
    0x00, 0x00, 0x00, 0x04, 0x00, 0x00, 0x00, 0x07, 0x00, 0x00, 0x00, 0x07, 0x00, 0x00, 0x00, 0x01,
    0x00, 0x00, 0x00, 0x00, 0x00, 0x00, 0x00, 0xA2, 0x00, 0x00, 0x00, 0x09, 0x00, 0x00, 0x00, 0x07,
    0x00, 0x00, 0x00, 0x07, 0x00, 0x00, 0x00, 0x08, 0x00, 0x00, 0x00, 0x00, 0x00, 0x00, 0x00, 0x00,
    0x00, 0x00, 0x00, 0xA3, 0x00, 0x00, 0x00, 0x08, 0x00, 0x00, 0x00, 0x07, 0x00, 0x00, 0x00, 0x07,
    0x00, 0x00, 0x00, 0x08, 0x00, 0x00, 0x00, 0x00, 0x00, 0x00, 0x00, 0x00, 0x00, 0x00, 0x00, 0xA4,
    0x00, 0x00, 0x00, 0x09, 0x00, 0x00, 0x00, 0x07, 0x00, 0x00, 0x00, 0x07, 0x00, 0x00, 0x00, 0x08,
    0x00, 0x00, 0x00, 0x00, 0x00, 0x00, 0x00, 0x00, 0x00, 0x00, 0x00, 0xA5, 0x00, 0x00, 0x00, 0x08,
    0x00, 0x00, 0x00, 0x07, 0x00, 0x00, 0x00, 0x07, 0x00, 0x00, 0x00, 0x08, 0x00, 0x00, 0x00, 0x00,
    0x00, 0x00, 0x00, 0x00, 0x00, 0x00, 0x00, 0xA6, 0x00, 0x00, 0x00, 0x0B, 0x00, 0x00, 0x00, 0x04,
    0x00, 0x00, 0x00, 0x07, 0x00, 0x00, 0x00, 0x08, 0x00, 0x00, 0x00, 0x01, 0x00, 0x00, 0x00, 0x00,
    0x00, 0x00, 0x00, 0xA7, 0x00, 0x00, 0x00, 0x0A, 0x00, 0x00, 0x00, 0x07, 0x00, 0x00, 0x00, 0x07,
    0x00, 0x00, 0x00, 0x08, 0x00, 0x00, 0x00, 0x00, 0x00, 0x00, 0x00, 0x00, 0x00, 0x00, 0x00, 0xA8,
    0x00, 0x00, 0x00, 0x02, 0x00, 0x00, 0x00, 0x05, 0x00, 0x00, 0x00, 0x07, 0x00, 0x00, 0x00, 0x09,
    0x00, 0x00, 0x00, 0x01, 0x00, 0x00, 0x00, 0x00, 0x00, 0x00, 0x00, 0xA9, 0x00, 0x00, 0x00, 0x08,
    0x00, 0x00, 0x00, 0x07, 0x00, 0x00, 0x00, 0x07, 0x00, 0x00, 0x00, 0x08, 0x00, 0x00, 0x00, 0x00,
    0x00, 0x00, 0x00, 0x00, 0x00, 0x00, 0x00, 0xAA, 0x00, 0x00, 0x00, 0x04, 0x00, 0x00, 0x00, 0x05,
    0x00, 0x00, 0x00, 0x07, 0x00, 0x00, 0x00, 0x08, 0x00, 0x00, 0x00, 0x01, 0x00, 0x00, 0x00, 0x00,
    0x00, 0x00, 0x00, 0xAB, 0x00, 0x00, 0x00, 0x06, 0x00, 0x00, 0x00, 0x07, 0x00, 0x00, 0x00, 0x07,
    0x00, 0x00, 0x00, 0x06, 0x00, 0x00, 0x00, 0x00, 0x00, 0x00, 0x00, 0x00, 0x00, 0x00, 0x00, 0xAC,
    0x00, 0x00, 0x00, 0x05, 0x00, 0x00, 0x00, 0x06, 0x00, 0x00, 0x00, 0x07, 0x00, 0x00, 0x00, 0x05,
    0x00, 0x00, 0x00, 0x00, 0x00, 0x00, 0x00, 0x00, 0x00, 0x00, 0x00, 0xAD, 0x00, 0x00, 0x00, 0x02,
    0x00, 0x00, 0x00, 0x05, 0x00, 0x00, 0x00, 0x07, 0x00, 0x00, 0x00, 0x05, 0x00, 0x00, 0x00, 0x01,
    0x00, 0x00, 0x00, 0x00, 0x00, 0x00, 0x00, 0xAE, 0x00, 0x00, 0x00, 0x05, 0x00, 0x00, 0x00, 0x05,
    0x00, 0x00, 0x00, 0x07, 0x00, 0x00, 0x00, 0x09, 0x00, 0x00, 0x00, 0x01, 0x00, 0x00, 0x00, 0x00,
    0x00, 0x00, 0x00, 0xAF, 0x00, 0x00, 0x00, 0x02, 0x00, 0x00, 0x00, 0x05, 0x00, 0x00, 0x00, 0x07,
    0x00, 0x00, 0x00, 0x08, 0x00, 0x00, 0x00, 0x01, 0x00, 0x00, 0x00, 0x00, 0x00, 0x00, 0x00, 0xB0,
    0x00, 0x00, 0x00, 0x05, 0x00, 0x00, 0x00, 0x05, 0x00, 0x00, 0x00, 0x07, 0x00, 0x00, 0x00, 0x08,
    0x00, 0x00, 0x00, 0x01, 0x00, 0x00, 0x00, 0x00, 0x00, 0x00, 0x00, 0xB1, 0x00, 0x00, 0x00, 0x07,
    0x00, 0x00, 0x00, 0x07, 0x00, 0x00, 0x00, 0x07, 0x00, 0x00, 0x00, 0x07, 0x00, 0x00, 0x00, 0x00,
    0x00, 0x00, 0x00, 0x00, 0x00, 0x00, 0x00, 0xB2, 0x00, 0x00, 0x00, 0x04, 0x00, 0x00, 0x00, 0x05,
    0x00, 0x00, 0x00, 0x07, 0x00, 0x00, 0x00, 0x08, 0x00, 0x00, 0x00, 0x01, 0x00, 0x00, 0x00, 0x00,
    0x00, 0x00, 0x00, 0xB3, 0x00, 0x00, 0x00, 0x04, 0x00, 0x00, 0x00, 0x05, 0x00, 0x00, 0x00, 0x07,
    0x00, 0x00, 0x00, 0x08, 0x00, 0x00, 0x00, 0x01, 0x00, 0x00, 0x00, 0x00, 0x00, 0x00, 0x00, 0xB4,
    0x00, 0x00, 0x00, 0x04, 0x00, 0x00, 0x00, 0x04, 0x00, 0x00, 0x00, 0x07, 0x00, 0x00, 0x00, 0x0A,
    0x00, 0x00, 0x00, 0x02, 0x00, 0x00, 0x00, 0x00, 0x00, 0x00, 0x00, 0xB5, 0x00, 0x00, 0x00, 0x08,
    0x00, 0x00, 0x00, 0x07, 0x00, 0x00, 0x00, 0x07, 0x00, 0x00, 0x00, 0x06, 0x00, 0x00, 0x00, 0x00,
    0x00, 0x00, 0x00, 0x00, 0x00, 0x00, 0x00, 0xB6, 0x00, 0x00, 0x00, 0x0A, 0x00, 0x00, 0x00, 0x07,
    0x00, 0x00, 0x00, 0x07, 0x00, 0x00, 0x00, 0x08, 0x00, 0x00, 0x00, 0x00, 0x00, 0x00, 0x00, 0x00,
    0x00, 0x00, 0x00, 0xB7, 0x00, 0x00, 0x00, 0x03, 0x00, 0x00, 0x00, 0x03, 0x00, 0x00, 0x00, 0x07,
    0x00, 0x00, 0x00, 0x05, 0x00, 0x00, 0x00, 0x02, 0x00, 0x00, 0x00, 0x00, 0x00, 0x00, 0x00, 0xB8,
    0x00, 0x00, 0x00, 0x04, 0x00, 0x00, 0x00, 0x04, 0x00, 0x00, 0x00, 0x07, 0x00, 0x00, 0x00, 0x02,
    0x00, 0x00, 0x00, 0x01, 0x00, 0x00, 0x00, 0x00, 0x00, 0x00, 0x00, 0xB9, 0x00, 0x00, 0x00, 0x04,
    0x00, 0x00, 0x00, 0x04, 0x00, 0x00, 0x00, 0x07, 0x00, 0x00, 0x00, 0x08, 0x00, 0x00, 0x00, 0x02,
    0x00, 0x00, 0x00, 0x00, 0x00, 0x00, 0x00, 0xBA, 0x00, 0x00, 0x00, 0x04, 0x00, 0x00, 0x00, 0x05,
    0x00, 0x00, 0x00, 0x07, 0x00, 0x00, 0x00, 0x08, 0x00, 0x00, 0x00, 0x01, 0x00, 0x00, 0x00, 0x00,
    0x00, 0x00, 0x00, 0xBB, 0x00, 0x00, 0x00, 0x06, 0x00, 0x00, 0x00, 0x07, 0x00, 0x00, 0x00, 0x07,
    0x00, 0x00, 0x00, 0x06, 0x00, 0x00, 0x00, 0x00, 0x00, 0x00, 0x00, 0x00, 0x00, 0x00, 0x00, 0xBC,
    0x00, 0x00, 0x00, 0x09, 0x00, 0x00, 0x00, 0x07, 0x00, 0x00, 0x00, 0x07, 0x00, 0x00, 0x00, 0x09,
    0x00, 0x00, 0x00, 0x00, 0x00, 0x00, 0x00, 0x00, 0x00, 0x00, 0x00, 0xBD, 0x00, 0x00, 0x00, 0x09,
    0x00, 0x00, 0x00, 0x07, 0x00, 0x00, 0x00, 0x07, 0x00, 0x00, 0x00, 0x09, 0x00, 0x00, 0x00, 0x00,
    0x00, 0x00, 0x00, 0x00, 0x00, 0x00, 0x00, 0xBE, 0x00, 0x00, 0x00, 0x09, 0x00, 0x00, 0x00, 0x07,
    0x00, 0x00, 0x00, 0x07, 0x00, 0x00, 0x00, 0x09, 0x00, 0x00, 0x00, 0x00, 0x00, 0x00, 0x00, 0x00,
    0x00, 0x00, 0x00, 0xBF, 0x00, 0x00, 0x00, 0x09, 0x00, 0x00, 0x00, 0x06, 0x00, 0x00, 0x00, 0x07,
    0x00, 0x00, 0x00, 0x07, 0x00, 0x00, 0x00, 0x00, 0x00, 0x00, 0x00, 0x00, 0x00, 0x00, 0x00, 0xC0,
    0x00, 0x00, 0x00, 0x0C, 0x00, 0x00, 0x00, 0x07, 0x00, 0x00, 0x00, 0x07, 0x00, 0x00, 0x00, 0x0C,
    0x00, 0x00, 0x00, 0x00, 0x00, 0x00, 0x00, 0x00, 0x00, 0x00, 0x00, 0xC1, 0x00, 0x00, 0x00, 0x0C,
    0x00, 0x00, 0x00, 0x07, 0x00, 0x00, 0x00, 0x07, 0x00, 0x00, 0x00, 0x0C, 0x00, 0x00, 0x00, 0x00,
    0x00, 0x00, 0x00, 0x00, 0x00, 0x00, 0x00, 0xC2, 0x00, 0x00, 0x00, 0x0C, 0x00, 0x00, 0x00, 0x07,
    0x00, 0x00, 0x00, 0x07, 0x00, 0x00, 0x00, 0x0C, 0x00, 0x00, 0x00, 0x00, 0x00, 0x00, 0x00, 0x00,
    0x00, 0x00, 0x00, 0xC3, 0x00, 0x00, 0x00, 0x0C, 0x00, 0x00, 0x00, 0x07, 0x00, 0x00, 0x00, 0x07,
    0x00, 0x00, 0x00, 0x0C, 0x00, 0x00, 0x00, 0x00, 0x00, 0x00, 0x00, 0x00, 0x00, 0x00, 0x00, 0xC4,
    0x00, 0x00, 0x00, 0x0B, 0x00, 0x00, 0x00, 0x07, 0x00, 0x00, 0x00, 0x07, 0x00, 0x00, 0x00, 0x0B,
    0x00, 0x00, 0x00, 0x00, 0x00, 0x00, 0x00, 0x00, 0x00, 0x00, 0x00, 0xC5, 0x00, 0x00, 0x00, 0x0C,
    0x00, 0x00, 0x00, 0x07, 0x00, 0x00, 0x00, 0x07, 0x00, 0x00, 0x00, 0x0C, 0x00, 0x00, 0x00, 0x00,
    0x00, 0x00, 0x00, 0x00, 0x00, 0x00, 0x00, 0xC6, 0x00, 0x00, 0x00, 0x08, 0x00, 0x00, 0x00, 0x07,
    0x00, 0x00, 0x00, 0x07, 0x00, 0x00, 0x00, 0x08, 0x00, 0x00, 0x00, 0x00, 0x00, 0x00, 0x00, 0x00,
    0x00, 0x00, 0x00, 0xC7, 0x00, 0x00, 0x00, 0x0B, 0x00, 0x00, 0x00, 0x07, 0x00, 0x00, 0x00, 0x07,
    0x00, 0x00, 0x00, 0x08, 0x00, 0x00, 0x00, 0x00, 0x00, 0x00, 0x00, 0x00, 0x00, 0x00, 0x00, 0xC8,
    0x00, 0x00, 0x00, 0x0C, 0x00, 0x00, 0x00, 0x07, 0x00, 0x00, 0x00, 0x07, 0x00, 0x00, 0x00, 0x0C,
    0x00, 0x00, 0x00, 0x00, 0x00, 0x00, 0x00, 0x00, 0x00, 0x00, 0x00, 0xC9, 0x00, 0x00, 0x00, 0x0C,
    0x00, 0x00, 0x00, 0x07, 0x00, 0x00, 0x00, 0x07, 0x00, 0x00, 0x00, 0x0C, 0x00, 0x00, 0x00, 0x00,
    0x00, 0x00, 0x00, 0x00, 0x00, 0x00, 0x00, 0xCA, 0x00, 0x00, 0x00, 0x0C, 0x00, 0x00, 0x00, 0x07,
    0x00, 0x00, 0x00, 0x07, 0x00, 0x00, 0x00, 0x0C, 0x00, 0x00, 0x00, 0x00, 0x00, 0x00, 0x00, 0x00,
    0x00, 0x00, 0x00, 0xCB, 0x00, 0x00, 0x00, 0x0B, 0x00, 0x00, 0x00, 0x07, 0x00, 0x00, 0x00, 0x07,
    0x00, 0x00, 0x00, 0x0B, 0x00, 0x00, 0x00, 0x00, 0x00, 0x00, 0x00, 0x00, 0x00, 0x00, 0x00, 0xCC,
    0x00, 0x00, 0x00, 0x0C, 0x00, 0x00, 0x00, 0x07, 0x00, 0x00, 0x00, 0x07, 0x00, 0x00, 0x00, 0x0C,
    0x00, 0x00, 0x00, 0x00, 0x00, 0x00, 0x00, 0x00, 0x00, 0x00, 0x00, 0xCD, 0x00, 0x00, 0x00, 0x0C,
    0x00, 0x00, 0x00, 0x07, 0x00, 0x00, 0x00, 0x07, 0x00, 0x00, 0x00, 0x0C, 0x00, 0x00, 0x00, 0x00,
    0x00, 0x00, 0x00, 0x00, 0x00, 0x00, 0x00, 0xCE, 0x00, 0x00, 0x00, 0x0C, 0x00, 0x00, 0x00, 0x07,
    0x00, 0x00, 0x00, 0x07, 0x00, 0x00, 0x00, 0x0C, 0x00, 0x00, 0x00, 0x00, 0x00, 0x00, 0x00, 0x00,
    0x00, 0x00, 0x00, 0xCF, 0x00, 0x00, 0x00, 0x0B, 0x00, 0x00, 0x00, 0x07, 0x00, 0x00, 0x00, 0x07,
    0x00, 0x00, 0x00, 0x0B, 0x00, 0x00, 0x00, 0x00, 0x00, 0x00, 0x00, 0x00, 0x00, 0x00, 0x00, 0xD0,
    0x00, 0x00, 0x00, 0x08, 0x00, 0x00, 0x00, 0x07, 0x00, 0x00, 0x00, 0x07, 0x00, 0x00, 0x00, 0x08,
    0x00, 0x00, 0x00, 0x00, 0x00, 0x00, 0x00, 0x00, 0x00, 0x00, 0x00, 0xD1, 0x00, 0x00, 0x00, 0x0C,
    0x00, 0x00, 0x00, 0x07, 0x00, 0x00, 0x00, 0x07, 0x00, 0x00, 0x00, 0x0C, 0x00, 0x00, 0x00, 0x00,
    0x00, 0x00, 0x00, 0x00, 0x00, 0x00, 0x00, 0xD2, 0x00, 0x00, 0x00, 0x0C, 0x00, 0x00, 0x00, 0x07,
    0x00, 0x00, 0x00, 0x07, 0x00, 0x00, 0x00, 0x0C, 0x00, 0x00, 0x00, 0x00, 0x00, 0x00, 0x00, 0x00,
    0x00, 0x00, 0x00, 0xD3, 0x00, 0x00, 0x00, 0x0C, 0x00, 0x00, 0x00, 0x07, 0x00, 0x00, 0x00, 0x07,
    0x00, 0x00, 0x00, 0x0C, 0x00, 0x00, 0x00, 0x00, 0x00, 0x00, 0x00, 0x00, 0x00, 0x00, 0x00, 0xD4,
    0x00, 0x00, 0x00, 0x0C, 0x00, 0x00, 0x00, 0x07, 0x00, 0x00, 0x00, 0x07, 0x00, 0x00, 0x00, 0x0C,
    0x00, 0x00, 0x00, 0x00, 0x00, 0x00, 0x00, 0x00, 0x00, 0x00, 0x00, 0xD5, 0x00, 0x00, 0x00, 0x0C,
    0x00, 0x00, 0x00, 0x07, 0x00, 0x00, 0x00, 0x07, 0x00, 0x00, 0x00, 0x0C, 0x00, 0x00, 0x00, 0x00,
    0x00, 0x00, 0x00, 0x00, 0x00, 0x00, 0x00, 0xD6, 0x00, 0x00, 0x00, 0x0B, 0x00, 0x00, 0x00, 0x07,
    0x00, 0x00, 0x00, 0x07, 0x00, 0x00, 0x00, 0x0B, 0x00, 0x00, 0x00, 0x00, 0x00, 0x00, 0x00, 0x00,
    0x00, 0x00, 0x00, 0xD7, 0x00, 0x00, 0x00, 0x07, 0x00, 0x00, 0x00, 0x07, 0x00, 0x00, 0x00, 0x07,
    0x00, 0x00, 0x00, 0x07, 0x00, 0x00, 0x00, 0x00, 0x00, 0x00, 0x00, 0x00, 0x00, 0x00, 0x00, 0xD8,
    0x00, 0x00, 0x00, 0x0A, 0x00, 0x00, 0x00, 0x07, 0x00, 0x00, 0x00, 0x07, 0x00, 0x00, 0x00, 0x09,
    0x00, 0x00, 0x00, 0x00, 0x00, 0x00, 0x00, 0x00, 0x00, 0x00, 0x00, 0xD9, 0x00, 0x00, 0x00, 0x0C,
    0x00, 0x00, 0x00, 0x07, 0x00, 0x00, 0x00, 0x07, 0x00, 0x00, 0x00, 0x0C, 0x00, 0x00, 0x00, 0x00,
    0x00, 0x00, 0x00, 0x00, 0x00, 0x00, 0x00, 0xDA, 0x00, 0x00, 0x00, 0x0C, 0x00, 0x00, 0x00, 0x07,
    0x00, 0x00, 0x00, 0x07, 0x00, 0x00, 0x00, 0x0C, 0x00, 0x00, 0x00, 0x00, 0x00, 0x00, 0x00, 0x00,
    0x00, 0x00, 0x00, 0xDB, 0x00, 0x00, 0x00, 0x0C, 0x00, 0x00, 0x00, 0x07, 0x00, 0x00, 0x00, 0x07,
    0x00, 0x00, 0x00, 0x0C, 0x00, 0x00, 0x00, 0x00, 0x00, 0x00, 0x00, 0x00, 0x00, 0x00, 0x00, 0xDC,
    0x00, 0x00, 0x00, 0x0B, 0x00, 0x00, 0x00, 0x07, 0x00, 0x00, 0x00, 0x07, 0x00, 0x00, 0x00, 0x0B,
    0x00, 0x00, 0x00, 0x00, 0x00, 0x00, 0x00, 0x00, 0x00, 0x00, 0x00, 0xDD, 0x00, 0x00, 0x00, 0x0C,
    0x00, 0x00, 0x00, 0x07, 0x00, 0x00, 0x00, 0x07, 0x00, 0x00, 0x00, 0x0C, 0x00, 0x00, 0x00, 0x00,
    0x00, 0x00, 0x00, 0x00, 0x00, 0x00, 0x00, 0xDE, 0x00, 0x00, 0x00, 0x08, 0x00, 0x00, 0x00, 0x07,
    0x00, 0x00, 0x00, 0x07, 0x00, 0x00, 0x00, 0x08, 0x00, 0x00, 0x00, 0x00, 0x00, 0x00, 0x00, 0x00,
    0x00, 0x00, 0x00, 0xDF, 0x00, 0x00, 0x00, 0x0A, 0x00, 0x00, 0x00, 0x07, 0x00, 0x00, 0x00, 0x07,
    0x00, 0x00, 0x00, 0x08, 0x00, 0x00, 0x00, 0x00, 0x00, 0x00, 0x00, 0x00, 0x00, 0x00, 0x00, 0xE0,
    0x00, 0x00, 0x00, 0x0A, 0x00, 0x00, 0x00, 0x07, 0x00, 0x00, 0x00, 0x07, 0x00, 0x00, 0x00, 0x0A,
    0x00, 0x00, 0x00, 0x00, 0x00, 0x00, 0x00, 0x00, 0x00, 0x00, 0x00, 0xE1, 0x00, 0x00, 0x00, 0x0A,
    0x00, 0x00, 0x00, 0x07, 0x00, 0x00, 0x00, 0x07, 0x00, 0x00, 0x00, 0x0A, 0x00, 0x00, 0x00, 0x00,
    0x00, 0x00, 0x00, 0x00, 0x00, 0x00, 0x00, 0xE2, 0x00, 0x00, 0x00, 0x0A, 0x00, 0x00, 0x00, 0x07,
    0x00, 0x00, 0x00, 0x07, 0x00, 0x00, 0x00, 0x0A, 0x00, 0x00, 0x00, 0x00, 0x00, 0x00, 0x00, 0x00,
    0x00, 0x00, 0x00, 0xE3, 0x00, 0x00, 0x00, 0x0A, 0x00, 0x00, 0x00, 0x07, 0x00, 0x00, 0x00, 0x07,
    0x00, 0x00, 0x00, 0x0A, 0x00, 0x00, 0x00, 0x00, 0x00, 0x00, 0x00, 0x00, 0x00, 0x00, 0x00, 0xE4,
    0x00, 0x00, 0x00, 0x09, 0x00, 0x00, 0x00, 0x07, 0x00, 0x00, 0x00, 0x07, 0x00, 0x00, 0x00, 0x09,
    0x00, 0x00, 0x00, 0x00, 0x00, 0x00, 0x00, 0x00, 0x00, 0x00, 0x00, 0xE5, 0x00, 0x00, 0x00, 0x0B,
    0x00, 0x00, 0x00, 0x07, 0x00, 0x00, 0x00, 0x07, 0x00, 0x00, 0x00, 0x0B, 0x00, 0x00, 0x00, 0x00,
    0x00, 0x00, 0x00, 0x00, 0x00, 0x00, 0x00, 0xE6, 0x00, 0x00, 0x00, 0x06, 0x00, 0x00, 0x00, 0x07,
    0x00, 0x00, 0x00, 0x07, 0x00, 0x00, 0x00, 0x06, 0x00, 0x00, 0x00, 0x00, 0x00, 0x00, 0x00, 0x00,
    0x00, 0x00, 0x00, 0xE7, 0x00, 0x00, 0x00, 0x08, 0x00, 0x00, 0x00, 0x06, 0x00, 0x00, 0x00, 0x07,
    0x00, 0x00, 0x00, 0x06, 0x00, 0x00, 0x00, 0x00, 0x00, 0x00, 0x00, 0x00, 0x00, 0x00, 0x00, 0xE8,
    0x00, 0x00, 0x00, 0x0A, 0x00, 0x00, 0x00, 0x07, 0x00, 0x00, 0x00, 0x07, 0x00, 0x00, 0x00, 0x0A,
    0x00, 0x00, 0x00, 0x00, 0x00, 0x00, 0x00, 0x00, 0x00, 0x00, 0x00, 0xE9, 0x00, 0x00, 0x00, 0x0A,
    0x00, 0x00, 0x00, 0x07, 0x00, 0x00, 0x00, 0x07, 0x00, 0x00, 0x00, 0x0A, 0x00, 0x00, 0x00, 0x00,
    0x00, 0x00, 0x00, 0x00, 0x00, 0x00, 0x00, 0xEA, 0x00, 0x00, 0x00, 0x0A, 0x00, 0x00, 0x00, 0x07,
    0x00, 0x00, 0x00, 0x07, 0x00, 0x00, 0x00, 0x0A, 0x00, 0x00, 0x00, 0x00, 0x00, 0x00, 0x00, 0x00,
    0x00, 0x00, 0x00, 0xEB, 0x00, 0x00, 0x00, 0x09, 0x00, 0x00, 0x00, 0x07, 0x00, 0x00, 0x00, 0x07,
    0x00, 0x00, 0x00, 0x09, 0x00, 0x00, 0x00, 0x00, 0x00, 0x00, 0x00, 0x00, 0x00, 0x00, 0x00, 0xEC,
    0x00, 0x00, 0x00, 0x0A, 0x00, 0x00, 0x00, 0x07, 0x00, 0x00, 0x00, 0x07, 0x00, 0x00, 0x00, 0x0A,
    0x00, 0x00, 0x00, 0x00, 0x00, 0x00, 0x00, 0x00, 0x00, 0x00, 0x00, 0xED, 0x00, 0x00, 0x00, 0x0A,
    0x00, 0x00, 0x00, 0x07, 0x00, 0x00, 0x00, 0x07, 0x00, 0x00, 0x00, 0x0A, 0x00, 0x00, 0x00, 0x00,
    0x00, 0x00, 0x00, 0x00, 0x00, 0x00, 0x00, 0xEE, 0x00, 0x00, 0x00, 0x0A, 0x00, 0x00, 0x00, 0x07,
    0x00, 0x00, 0x00, 0x07, 0x00, 0x00, 0x00, 0x0A, 0x00, 0x00, 0x00, 0x00, 0x00, 0x00, 0x00, 0x00,
    0x00, 0x00, 0x00, 0xEF, 0x00, 0x00, 0x00, 0x09, 0x00, 0x00, 0x00, 0x07, 0x00, 0x00, 0x00, 0x07,
    0x00, 0x00, 0x00, 0x09, 0x00, 0x00, 0x00, 0x00, 0x00, 0x00, 0x00, 0x00, 0x00, 0x00, 0x00, 0xF0,
    0x00, 0x00, 0x00, 0x09, 0x00, 0x00, 0x00, 0x07, 0x00, 0x00, 0x00, 0x07, 0x00, 0x00, 0x00, 0x09,
    0x00, 0x00, 0x00, 0x00, 0x00, 0x00, 0x00, 0x00, 0x00, 0x00, 0x00, 0xF1, 0x00, 0x00, 0x00, 0x0A,
    0x00, 0x00, 0x00, 0x07, 0x00, 0x00, 0x00, 0x07, 0x00, 0x00, 0x00, 0x0A, 0x00, 0x00, 0x00, 0x00,
    0x00, 0x00, 0x00, 0x00, 0x00, 0x00, 0x00, 0xF2, 0x00, 0x00, 0x00, 0x0A, 0x00, 0x00, 0x00, 0x07,
    0x00, 0x00, 0x00, 0x07, 0x00, 0x00, 0x00, 0x0A, 0x00, 0x00, 0x00, 0x00, 0x00, 0x00, 0x00, 0x00,
    0x00, 0x00, 0x00, 0xF3, 0x00, 0x00, 0x00, 0x0A, 0x00, 0x00, 0x00, 0x07, 0x00, 0x00, 0x00, 0x07,
    0x00, 0x00, 0x00, 0x0A, 0x00, 0x00, 0x00, 0x00, 0x00, 0x00, 0x00, 0x00, 0x00, 0x00, 0x00, 0xF4,
    0x00, 0x00, 0x00, 0x0A, 0x00, 0x00, 0x00, 0x07, 0x00, 0x00, 0x00, 0x07, 0x00, 0x00, 0x00, 0x0A,
    0x00, 0x00, 0x00, 0x00, 0x00, 0x00, 0x00, 0x00, 0x00, 0x00, 0x00, 0xF5, 0x00, 0x00, 0x00, 0x0A,
    0x00, 0x00, 0x00, 0x07, 0x00, 0x00, 0x00, 0x07, 0x00, 0x00, 0x00, 0x0A, 0x00, 0x00, 0x00, 0x00,
    0x00, 0x00, 0x00, 0x00, 0x00, 0x00, 0x00, 0xF6, 0x00, 0x00, 0x00, 0x09, 0x00, 0x00, 0x00, 0x07,
    0x00, 0x00, 0x00, 0x07, 0x00, 0x00, 0x00, 0x09, 0x00, 0x00, 0x00, 0x00, 0x00, 0x00, 0x00, 0x00,
    0x00, 0x00, 0x00, 0xF7, 0x00, 0x00, 0x00, 0x06, 0x00, 0x00, 0x00, 0x07, 0x00, 0x00, 0x00, 0x07,
    0x00, 0x00, 0x00, 0x06, 0x00, 0x00, 0x00, 0x00, 0x00, 0x00, 0x00, 0x00, 0x00, 0x00, 0x00, 0xF8,
    0x00, 0x00, 0x00, 0x08, 0x00, 0x00, 0x00, 0x07, 0x00, 0x00, 0x00, 0x07, 0x00, 0x00, 0x00, 0x07,
    0x00, 0x00, 0x00, 0x00, 0x00, 0x00, 0x00, 0x00, 0x00, 0x00, 0x00, 0xF9, 0x00, 0x00, 0x00, 0x0A,
    0x00, 0x00, 0x00, 0x07, 0x00, 0x00, 0x00, 0x07, 0x00, 0x00, 0x00, 0x0A, 0x00, 0x00, 0x00, 0x00,
    0x00, 0x00, 0x00, 0x00, 0x00, 0x00, 0x00, 0xFA, 0x00, 0x00, 0x00, 0x0A, 0x00, 0x00, 0x00, 0x07,
    0x00, 0x00, 0x00, 0x07, 0x00, 0x00, 0x00, 0x0A, 0x00, 0x00, 0x00, 0x00, 0x00, 0x00, 0x00, 0x00,
    0x00, 0x00, 0x00, 0xFB, 0x00, 0x00, 0x00, 0x0A, 0x00, 0x00, 0x00, 0x07, 0x00, 0x00, 0x00, 0x07,
    0x00, 0x00, 0x00, 0x0A, 0x00, 0x00, 0x00, 0x00, 0x00, 0x00, 0x00, 0x00, 0x00, 0x00, 0x00, 0xFC,
    0x00, 0x00, 0x00, 0x09, 0x00, 0x00, 0x00, 0x07, 0x00, 0x00, 0x00, 0x07, 0x00, 0x00, 0x00, 0x09,
    0x00, 0x00, 0x00, 0x00, 0x00, 0x00, 0x00, 0x00, 0x00, 0x00, 0x00, 0xFD, 0x00, 0x00, 0x00, 0x0C,
    0x00, 0x00, 0x00, 0x07, 0x00, 0x00, 0x00, 0x07, 0x00, 0x00, 0x00, 0x0A, 0x00, 0x00, 0x00, 0x00,
    0x00, 0x00, 0x00, 0x00, 0x00, 0x00, 0x00, 0xFE, 0x00, 0x00, 0x00, 0x0A, 0x00, 0x00, 0x00, 0x07,
    0x00, 0x00, 0x00, 0x07, 0x00, 0x00, 0x00, 0x08, 0x00, 0x00, 0x00, 0x00, 0x00, 0x00, 0x00, 0x00,
    0x00, 0x00, 0x00, 0xFF, 0x00, 0x00, 0x00, 0x0B, 0x00, 0x00, 0x00, 0x07, 0x00, 0x00, 0x00, 0x07,
    0x00, 0x00, 0x00, 0x09, 0x00, 0x00, 0x00, 0x00, 0x00, 0x00, 0x00, 0x00, 0x00, 0x00, 0x20, 0x13,
    0x00, 0x00, 0x00, 0x03, 0x00, 0x00, 0x00, 0x07, 0x00, 0x00, 0x00, 0x07, 0x00, 0x00, 0x00, 0x05,
    0x00, 0x00, 0x00, 0x00, 0x00, 0x00, 0x00, 0x00, 0x00, 0x00, 0x20, 0x14, 0x00, 0x00, 0x00, 0x03,
    0x00, 0x00, 0x00, 0x07, 0x00, 0x00, 0x00, 0x07, 0x00, 0x00, 0x00, 0x05, 0x00, 0x00, 0x00, 0x00,
    0x00, 0x00, 0x00, 0x00, 0x00, 0x00, 0x20, 0x18, 0x00, 0x00, 0x00, 0x04, 0x00, 0x00, 0x00, 0x05,
    0x00, 0x00, 0x00, 0x07, 0x00, 0x00, 0x00, 0x08, 0x00, 0x00, 0x00, 0x01, 0x00, 0x00, 0x00, 0x00,
    0x00, 0x00, 0x20, 0x19, 0x00, 0x00, 0x00, 0x04, 0x00, 0x00, 0x00, 0x04, 0x00, 0x00, 0x00, 0x07,
    0x00, 0x00, 0x00, 0x08, 0x00, 0x00, 0x00, 0x02, 0x00, 0x00, 0x00, 0x00, 0x00, 0x00, 0x20, 0x1C,
    0x00, 0x00, 0x00, 0x04, 0x00, 0x00, 0x00, 0x07, 0x00, 0x00, 0x00, 0x07, 0x00, 0x00, 0x00, 0x08,
    0x00, 0x00, 0x00, 0x00, 0x00, 0x00, 0x00, 0x00, 0x00, 0x00, 0x20, 0x1D, 0x00, 0x00, 0x00, 0x04,
    0x00, 0x00, 0x00, 0x07, 0x00, 0x00, 0x00, 0x07, 0x00, 0x00, 0x00, 0x08, 0x00, 0x00, 0x00, 0x00,
    0x00, 0x00, 0x00, 0x00, 0x00, 0x00, 0x20, 0x26, 0x00, 0x00, 0x00, 0x02, 0x00, 0x00, 0x00, 0x07,
    0x00, 0x00, 0x00, 0x07, 0x00, 0x00, 0x00, 0x02, 0x00, 0x00, 0x00, 0x00, 0x00, 0x00, 0x00, 0x00,
    0x00, 0x00, 0x20, 0xAC, 0x00, 0x00, 0x00, 0x08, 0x00, 0x00, 0x00, 0x07, 0x00, 0x00, 0x00, 0x07,
    0x00, 0x00, 0x00, 0x08, 0x00, 0x00, 0x00, 0x00, 0x00, 0x00, 0x00, 0x00, 0x00, 0x00, 0x21, 0x90,
    0x00, 0x00, 0x00, 0x06, 0x00, 0x00, 0x00, 0x07, 0x00, 0x00, 0x00, 0x07, 0x00, 0x00, 0x00, 0x07,
    0x00, 0x00, 0x00, 0x00, 0x00, 0x00, 0x00, 0x00, 0x00, 0x00, 0x21, 0x91, 0x00, 0x00, 0x00, 0x08,
    0x00, 0x00, 0x00, 0x06, 0x00, 0x00, 0x00, 0x07, 0x00, 0x00, 0x00, 0x08, 0x00, 0x00, 0x00, 0x00,
    0x00, 0x00, 0x00, 0x00, 0x00, 0x00, 0x21, 0x92, 0x00, 0x00, 0x00, 0x06, 0x00, 0x00, 0x00, 0x07,
    0x00, 0x00, 0x00, 0x07, 0x00, 0x00, 0x00, 0x07, 0x00, 0x00, 0x00, 0x00, 0x00, 0x00, 0x00, 0x00,
    0x00, 0x00, 0x21, 0x93, 0x00, 0x00, 0x00, 0x09, 0x00, 0x00, 0x00, 0x06, 0x00, 0x00, 0x00, 0x07,
    0x00, 0x00, 0x00, 0x08, 0x00, 0x00, 0x00, 0x00, 0x00, 0x00, 0x00, 0x00, 0x00, 0x00, 0x21, 0x94,
    0x00, 0x00, 0x00, 0x05, 0x00, 0x00, 0x00, 0x07, 0x00, 0x00, 0x00, 0x07, 0x00, 0x00, 0x00, 0x06,
    0x00, 0x00, 0x00, 0x00, 0x00, 0x00, 0x00, 0x00, 0x00, 0x00, 0x21, 0x95, 0x00, 0x00, 0x00, 0x09,
    0x00, 0x00, 0x00, 0x06, 0x00, 0x00, 0x00, 0x07, 0x00, 0x00, 0x00, 0x08, 0x00, 0x00, 0x00, 0x00,
    0x00, 0x00, 0x00, 0x00, 0x00, 0x00, 0x21, 0xE9, 0x00, 0x00, 0x00, 0x08, 0x00, 0x00, 0x00, 0x06,
    0x00, 0x00, 0x00, 0x08, 0x00, 0x00, 0x00, 0x08, 0x00, 0x00, 0x00, 0x01, 0x00, 0x00, 0x00, 0x00,
    0x00, 0x00, 0x22, 0x60, 0x00, 0x00, 0x00, 0x07, 0x00, 0x00, 0x00, 0x07, 0x00, 0x00, 0x00, 0x07,
    0x00, 0x00, 0x00, 0x07, 0x00, 0x00, 0x00, 0x00, 0x00, 0x00, 0x00, 0x00, 0x00, 0x00, 0x22, 0x61,
    0x00, 0x00, 0x00, 0x06, 0x00, 0x00, 0x00, 0x08, 0x00, 0x00, 0x00, 0x08, 0x00, 0x00, 0x00, 0x07,
    0x00, 0x00, 0x00, 0x00, 0x00, 0x00, 0x00, 0x00, 0x00, 0x00, 0x22, 0x64, 0x00, 0x00, 0x00, 0x07,
    0x00, 0x00, 0x00, 0x07, 0x00, 0x00, 0x00, 0x07, 0x00, 0x00, 0x00, 0x07, 0x00, 0x00, 0x00, 0x00,
    0x00, 0x00, 0x00, 0x00, 0x00, 0x00, 0x22, 0x65, 0x00, 0x00, 0x00, 0x07, 0x00, 0x00, 0x00, 0x06,
    0x00, 0x00, 0x00, 0x07, 0x00, 0x00, 0x00, 0x07, 0x00, 0x00, 0x00, 0x00, 0x00, 0x00, 0x00, 0x00,
    0x00, 0x00, 0x23, 0x15, 0x00, 0x00, 0x00, 0x06, 0x00, 0x00, 0x00, 0x06, 0x00, 0x00, 0x00, 0x08,
    0x00, 0x00, 0x00, 0x07, 0x00, 0x00, 0x00, 0x01, 0x00, 0x00, 0x00, 0x00, 0x00, 0x00, 0x23, 0xCE,
    0x00, 0x00, 0x00, 0x07, 0x00, 0x00, 0x00, 0x08, 0x00, 0x00, 0x00, 0x08, 0x00, 0x00, 0x00, 0x08,
    0x00, 0x00, 0x00, 0x00, 0x00, 0x00, 0x00, 0x00, 0x00, 0x00, 0x25, 0x00, 0x00, 0x00, 0x00, 0x01,
    0x00, 0x00, 0x00, 0x07, 0x00, 0x00, 0x00, 0x07, 0x00, 0x00, 0x00, 0x04, 0x00, 0x00, 0x00, 0x00,
    0x00, 0x00, 0x00, 0x00, 0x00, 0x00, 0x25, 0x01, 0x00, 0x00, 0x00, 0x03, 0x00, 0x00, 0x00, 0x07,
    0x00, 0x00, 0x00, 0x07, 0x00, 0x00, 0x00, 0x05, 0x00, 0x00, 0x00, 0x00, 0x00, 0x00, 0x00, 0x00,
    0x00, 0x00, 0x25, 0x02, 0x00, 0x00, 0x00, 0x0F, 0x00, 0x00, 0x00, 0x01, 0x00, 0x00, 0x00, 0x07,
    0x00, 0x00, 0x00, 0x0B, 0x00, 0x00, 0x00, 0x03, 0x00, 0x00, 0x00, 0x00, 0x00, 0x00, 0x25, 0x03,
    0x00, 0x00, 0x00, 0x0F, 0x00, 0x00, 0x00, 0x03, 0x00, 0x00, 0x00, 0x07, 0x00, 0x00, 0x00, 0x0B,
    0x00, 0x00, 0x00, 0x02, 0x00, 0x00, 0x00, 0x00, 0x00, 0x00, 0x25, 0x04, 0x00, 0x00, 0x00, 0x01,
    0x00, 0x00, 0x00, 0x07, 0x00, 0x00, 0x00, 0x07, 0x00, 0x00, 0x00, 0x04, 0x00, 0x00, 0x00, 0x00,
    0x00, 0x00, 0x00, 0x00, 0x00, 0x00, 0x25, 0x05, 0x00, 0x00, 0x00, 0x03, 0x00, 0x00, 0x00, 0x07,
    0x00, 0x00, 0x00, 0x07, 0x00, 0x00, 0x00, 0x05, 0x00, 0x00, 0x00, 0x00, 0x00, 0x00, 0x00, 0x00,
    0x00, 0x00, 0x25, 0x06, 0x00, 0x00, 0x00, 0x0E, 0x00, 0x00, 0x00, 0x01, 0x00, 0x00, 0x00, 0x07,
    0x00, 0x00, 0x00, 0x0A, 0x00, 0x00, 0x00, 0x03, 0x00, 0x00, 0x00, 0x00, 0x00, 0x00, 0x25, 0x07,
    0x00, 0x00, 0x00, 0x0E, 0x00, 0x00, 0x00, 0x03, 0x00, 0x00, 0x00, 0x07, 0x00, 0x00, 0x00, 0x0A,
    0x00, 0x00, 0x00, 0x02, 0x00, 0x00, 0x00, 0x00, 0x00, 0x00, 0x25, 0x08, 0x00, 0x00, 0x00, 0x01,
    0x00, 0x00, 0x00, 0x07, 0x00, 0x00, 0x00, 0x07, 0x00, 0x00, 0x00, 0x04, 0x00, 0x00, 0x00, 0x00,
    0x00, 0x00, 0x00, 0x00, 0x00, 0x00, 0x25, 0x09, 0x00, 0x00, 0x00, 0x03, 0x00, 0x00, 0x00, 0x07,
    0x00, 0x00, 0x00, 0x07, 0x00, 0x00, 0x00, 0x05, 0x00, 0x00, 0x00, 0x00, 0x00, 0x00, 0x00, 0x00,
    0x00, 0x00, 0x25, 0x0A, 0x00, 0x00, 0x00, 0x0F, 0x00, 0x00, 0x00, 0x01, 0x00, 0x00, 0x00, 0x07,
    0x00, 0x00, 0x00, 0x0B, 0x00, 0x00, 0x00, 0x03, 0x00, 0x00, 0x00, 0x00, 0x00, 0x00, 0x25, 0x0B,
    0x00, 0x00, 0x00, 0x0F, 0x00, 0x00, 0x00, 0x03, 0x00, 0x00, 0x00, 0x07, 0x00, 0x00, 0x00, 0x0B,
    0x00, 0x00, 0x00, 0x02, 0x00, 0x00, 0x00, 0x00, 0x00, 0x00, 0x25, 0x0C, 0x00, 0x00, 0x00, 0x08,
    0x00, 0x00, 0x00, 0x04, 0x00, 0x00, 0x00, 0x07, 0x00, 0x00, 0x00, 0x04, 0x00, 0x00, 0x00, 0x03,
    0x00, 0x00, 0x00, 0x00, 0x00, 0x00, 0x25, 0x0D, 0x00, 0x00, 0x00, 0x09, 0x00, 0x00, 0x00, 0x04,
    0x00, 0x00, 0x00, 0x07, 0x00, 0x00, 0x00, 0x05, 0x00, 0x00, 0x00, 0x03, 0x00, 0x00, 0x00, 0x00,
    0x00, 0x00, 0x25, 0x0E, 0x00, 0x00, 0x00, 0x08, 0x00, 0x00, 0x00, 0x05, 0x00, 0x00, 0x00, 0x07,
    0x00, 0x00, 0x00, 0x04, 0x00, 0x00, 0x00, 0x02, 0x00, 0x00, 0x00, 0x00, 0x00, 0x00, 0x25, 0x0F,
    0x00, 0x00, 0x00, 0x09, 0x00, 0x00, 0x00, 0x05, 0x00, 0x00, 0x00, 0x07, 0x00, 0x00, 0x00, 0x05,
    0x00, 0x00, 0x00, 0x02, 0x00, 0x00, 0x00, 0x00, 0x00, 0x00, 0x25, 0x10, 0x00, 0x00, 0x00, 0x08,
    0x00, 0x00, 0x00, 0x06, 0x00, 0x00, 0x00, 0x07, 0x00, 0x00, 0x00, 0x04, 0x00, 0x00, 0x00, 0x00,
    0x00, 0x00, 0x00, 0x00, 0x00, 0x00, 0x25, 0x11, 0x00, 0x00, 0x00, 0x09, 0x00, 0x00, 0x00, 0x06,
    0x00, 0x00, 0x00, 0x07, 0x00, 0x00, 0x00, 0x05, 0x00, 0x00, 0x00, 0x00, 0x00, 0x00, 0x00, 0x00,
    0x00, 0x00, 0x25, 0x12, 0x00, 0x00, 0x00, 0x08, 0x00, 0x00, 0x00, 0x07, 0x00, 0x00, 0x00, 0x07,
    0x00, 0x00, 0x00, 0x04, 0x00, 0x00, 0x00, 0x00, 0x00, 0x00, 0x00, 0x00, 0x00, 0x00, 0x25, 0x13,
    0x00, 0x00, 0x00, 0x09, 0x00, 0x00, 0x00, 0x07, 0x00, 0x00, 0x00, 0x07, 0x00, 0x00, 0x00, 0x05,
    0x00, 0x00, 0x00, 0x00, 0x00, 0x00, 0x00, 0x00, 0x00, 0x00, 0x25, 0x14, 0x00, 0x00, 0x00, 0x08,
    0x00, 0x00, 0x00, 0x04, 0x00, 0x00, 0x00, 0x07, 0x00, 0x00, 0x00, 0x0B, 0x00, 0x00, 0x00, 0x03,
    0x00, 0x00, 0x00, 0x00, 0x00, 0x00, 0x25, 0x15, 0x00, 0x00, 0x00, 0x09, 0x00, 0x00, 0x00, 0x04,
    0x00, 0x00, 0x00, 0x07, 0x00, 0x00, 0x00, 0x0B, 0x00, 0x00, 0x00, 0x03, 0x00, 0x00, 0x00, 0x00,
    0x00, 0x00, 0x25, 0x16, 0x00, 0x00, 0x00, 0x08, 0x00, 0x00, 0x00, 0x05, 0x00, 0x00, 0x00, 0x07,
    0x00, 0x00, 0x00, 0x0B, 0x00, 0x00, 0x00, 0x02, 0x00, 0x00, 0x00, 0x00, 0x00, 0x00, 0x25, 0x17,
    0x00, 0x00, 0x00, 0x09, 0x00, 0x00, 0x00, 0x05, 0x00, 0x00, 0x00, 0x07, 0x00, 0x00, 0x00, 0x0B,
    0x00, 0x00, 0x00, 0x02, 0x00, 0x00, 0x00, 0x00, 0x00, 0x00, 0x25, 0x18, 0x00, 0x00, 0x00, 0x08,
    0x00, 0x00, 0x00, 0x06, 0x00, 0x00, 0x00, 0x07, 0x00, 0x00, 0x00, 0x0B, 0x00, 0x00, 0x00, 0x00,
    0x00, 0x00, 0x00, 0x00, 0x00, 0x00, 0x25, 0x19, 0x00, 0x00, 0x00, 0x09, 0x00, 0x00, 0x00, 0x06,
    0x00, 0x00, 0x00, 0x07, 0x00, 0x00, 0x00, 0x0B, 0x00, 0x00, 0x00, 0x00, 0x00, 0x00, 0x00, 0x00,
    0x00, 0x00, 0x25, 0x1A, 0x00, 0x00, 0x00, 0x08, 0x00, 0x00, 0x00, 0x07, 0x00, 0x00, 0x00, 0x07,
    0x00, 0x00, 0x00, 0x0B, 0x00, 0x00, 0x00, 0x00, 0x00, 0x00, 0x00, 0x00, 0x00, 0x00, 0x25, 0x1B,
    0x00, 0x00, 0x00, 0x09, 0x00, 0x00, 0x00, 0x07, 0x00, 0x00, 0x00, 0x07, 0x00, 0x00, 0x00, 0x0B,
    0x00, 0x00, 0x00, 0x00, 0x00, 0x00, 0x00, 0x00, 0x00, 0x00, 0x25, 0x1C, 0x00, 0x00, 0x00, 0x0F,
    0x00, 0x00, 0x00, 0x04, 0x00, 0x00, 0x00, 0x07, 0x00, 0x00, 0x00, 0x0B, 0x00, 0x00, 0x00, 0x03,
    0x00, 0x00, 0x00, 0x00, 0x00, 0x00, 0x25, 0x1D, 0x00, 0x00, 0x00, 0x0F, 0x00, 0x00, 0x00, 0x04,
    0x00, 0x00, 0x00, 0x07, 0x00, 0x00, 0x00, 0x0B, 0x00, 0x00, 0x00, 0x03, 0x00, 0x00, 0x00, 0x00,
    0x00, 0x00, 0x25, 0x1E, 0x00, 0x00, 0x00, 0x0F, 0x00, 0x00, 0x00, 0x05, 0x00, 0x00, 0x00, 0x07,
    0x00, 0x00, 0x00, 0x0B, 0x00, 0x00, 0x00, 0x02, 0x00, 0x00, 0x00, 0x00, 0x00, 0x00, 0x25, 0x1F,
    0x00, 0x00, 0x00, 0x0F, 0x00, 0x00, 0x00, 0x05, 0x00, 0x00, 0x00, 0x07, 0x00, 0x00, 0x00, 0x0B,
    0x00, 0x00, 0x00, 0x02, 0x00, 0x00, 0x00, 0x00, 0x00, 0x00, 0x25, 0x20, 0x00, 0x00, 0x00, 0x0F,
    0x00, 0x00, 0x00, 0x05, 0x00, 0x00, 0x00, 0x07, 0x00, 0x00, 0x00, 0x0B, 0x00, 0x00, 0x00, 0x02,
    0x00, 0x00, 0x00, 0x00, 0x00, 0x00, 0x25, 0x21, 0x00, 0x00, 0x00, 0x0F, 0x00, 0x00, 0x00, 0x05,
    0x00, 0x00, 0x00, 0x07, 0x00, 0x00, 0x00, 0x0B, 0x00, 0x00, 0x00, 0x02, 0x00, 0x00, 0x00, 0x00,
    0x00, 0x00, 0x25, 0x22, 0x00, 0x00, 0x00, 0x0F, 0x00, 0x00, 0x00, 0x05, 0x00, 0x00, 0x00, 0x07,
    0x00, 0x00, 0x00, 0x0B, 0x00, 0x00, 0x00, 0x02, 0x00, 0x00, 0x00, 0x00, 0x00, 0x00, 0x25, 0x23,
    0x00, 0x00, 0x00, 0x0F, 0x00, 0x00, 0x00, 0x05, 0x00, 0x00, 0x00, 0x07, 0x00, 0x00, 0x00, 0x0B,
    0x00, 0x00, 0x00, 0x02, 0x00, 0x00, 0x00, 0x00, 0x00, 0x00, 0x25, 0x24, 0x00, 0x00, 0x00, 0x0F,
    0x00, 0x00, 0x00, 0x06, 0x00, 0x00, 0x00, 0x07, 0x00, 0x00, 0x00, 0x0B, 0x00, 0x00, 0x00, 0x00,
    0x00, 0x00, 0x00, 0x00, 0x00, 0x00, 0x25, 0x25, 0x00, 0x00, 0x00, 0x0F, 0x00, 0x00, 0x00, 0x06,
    0x00, 0x00, 0x00, 0x07, 0x00, 0x00, 0x00, 0x0B, 0x00, 0x00, 0x00, 0x00, 0x00, 0x00, 0x00, 0x00,
    0x00, 0x00, 0x25, 0x26, 0x00, 0x00, 0x00, 0x0F, 0x00, 0x00, 0x00, 0x07, 0x00, 0x00, 0x00, 0x07,
    0x00, 0x00, 0x00, 0x0B, 0x00, 0x00, 0x00, 0x00, 0x00, 0x00, 0x00, 0x00, 0x00, 0x00, 0x25, 0x27,
    0x00, 0x00, 0x00, 0x0F, 0x00, 0x00, 0x00, 0x07, 0x00, 0x00, 0x00, 0x07, 0x00, 0x00, 0x00, 0x0B,
    0x00, 0x00, 0x00, 0x00, 0x00, 0x00, 0x00, 0x00, 0x00, 0x00, 0x25, 0x28, 0x00, 0x00, 0x00, 0x0F,
    0x00, 0x00, 0x00, 0x07, 0x00, 0x00, 0x00, 0x07, 0x00, 0x00, 0x00, 0x0B, 0x00, 0x00, 0x00, 0x00,
    0x00, 0x00, 0x00, 0x00, 0x00, 0x00, 0x25, 0x29, 0x00, 0x00, 0x00, 0x0F, 0x00, 0x00, 0x00, 0x07,
    0x00, 0x00, 0x00, 0x07, 0x00, 0x00, 0x00, 0x0B, 0x00, 0x00, 0x00, 0x00, 0x00, 0x00, 0x00, 0x00,
    0x00, 0x00, 0x25, 0x2A, 0x00, 0x00, 0x00, 0x0F, 0x00, 0x00, 0x00, 0x07, 0x00, 0x00, 0x00, 0x07,
    0x00, 0x00, 0x00, 0x0B, 0x00, 0x00, 0x00, 0x00, 0x00, 0x00, 0x00, 0x00, 0x00, 0x00, 0x25, 0x2B,
    0x00, 0x00, 0x00, 0x0F, 0x00, 0x00, 0x00, 0x07, 0x00, 0x00, 0x00, 0x07, 0x00, 0x00, 0x00, 0x0B,
    0x00, 0x00, 0x00, 0x00, 0x00, 0x00, 0x00, 0x00, 0x00, 0x00, 0x25, 0x2C, 0x00, 0x00, 0x00, 0x08,
    0x00, 0x00, 0x00, 0x07, 0x00, 0x00, 0x00, 0x07, 0x00, 0x00, 0x00, 0x04, 0x00, 0x00, 0x00, 0x00,
    0x00, 0x00, 0x00, 0x00, 0x00, 0x00, 0x25, 0x2D, 0x00, 0x00, 0x00, 0x09, 0x00, 0x00, 0x00, 0x07,
    0x00, 0x00, 0x00, 0x07, 0x00, 0x00, 0x00, 0x05, 0x00, 0x00, 0x00, 0x00, 0x00, 0x00, 0x00, 0x00,
    0x00, 0x00, 0x25, 0x2E, 0x00, 0x00, 0x00, 0x09, 0x00, 0x00, 0x00, 0x07, 0x00, 0x00, 0x00, 0x07,
    0x00, 0x00, 0x00, 0x05, 0x00, 0x00, 0x00, 0x00, 0x00, 0x00, 0x00, 0x00, 0x00, 0x00, 0x25, 0x2F,
    0x00, 0x00, 0x00, 0x09, 0x00, 0x00, 0x00, 0x07, 0x00, 0x00, 0x00, 0x07, 0x00, 0x00, 0x00, 0x05,
    0x00, 0x00, 0x00, 0x00, 0x00, 0x00, 0x00, 0x00, 0x00, 0x00, 0x25, 0x30, 0x00, 0x00, 0x00, 0x08,
    0x00, 0x00, 0x00, 0x07, 0x00, 0x00, 0x00, 0x07, 0x00, 0x00, 0x00, 0x04, 0x00, 0x00, 0x00, 0x00,
    0x00, 0x00, 0x00, 0x00, 0x00, 0x00, 0x25, 0x31, 0x00, 0x00, 0x00, 0x09, 0x00, 0x00, 0x00, 0x07,
    0x00, 0x00, 0x00, 0x07, 0x00, 0x00, 0x00, 0x05, 0x00, 0x00, 0x00, 0x00, 0x00, 0x00, 0x00, 0x00,
    0x00, 0x00, 0x25, 0x32, 0x00, 0x00, 0x00, 0x09, 0x00, 0x00, 0x00, 0x07, 0x00, 0x00, 0x00, 0x07,
    0x00, 0x00, 0x00, 0x05, 0x00, 0x00, 0x00, 0x00, 0x00, 0x00, 0x00, 0x00, 0x00, 0x00, 0x25, 0x33,
    0x00, 0x00, 0x00, 0x09, 0x00, 0x00, 0x00, 0x07, 0x00, 0x00, 0x00, 0x07, 0x00, 0x00, 0x00, 0x05,
    0x00, 0x00, 0x00, 0x00, 0x00, 0x00, 0x00, 0x00, 0x00, 0x00, 0x25, 0x34, 0x00, 0x00, 0x00, 0x08,
    0x00, 0x00, 0x00, 0x07, 0x00, 0x00, 0x00, 0x07, 0x00, 0x00, 0x00, 0x0B, 0x00, 0x00, 0x00, 0x00,
    0x00, 0x00, 0x00, 0x00, 0x00, 0x00, 0x25, 0x35, 0x00, 0x00, 0x00, 0x09, 0x00, 0x00, 0x00, 0x07,
    0x00, 0x00, 0x00, 0x07, 0x00, 0x00, 0x00, 0x0B, 0x00, 0x00, 0x00, 0x00, 0x00, 0x00, 0x00, 0x00,
    0x00, 0x00, 0x25, 0x36, 0x00, 0x00, 0x00, 0x09, 0x00, 0x00, 0x00, 0x07, 0x00, 0x00, 0x00, 0x07,
    0x00, 0x00, 0x00, 0x0B, 0x00, 0x00, 0x00, 0x00, 0x00, 0x00, 0x00, 0x00, 0x00, 0x00, 0x25, 0x37,
    0x00, 0x00, 0x00, 0x09, 0x00, 0x00, 0x00, 0x07, 0x00, 0x00, 0x00, 0x07, 0x00, 0x00, 0x00, 0x0B,
    0x00, 0x00, 0x00, 0x00, 0x00, 0x00, 0x00, 0x00, 0x00, 0x00, 0x25, 0x38, 0x00, 0x00, 0x00, 0x08,
    0x00, 0x00, 0x00, 0x07, 0x00, 0x00, 0x00, 0x07, 0x00, 0x00, 0x00, 0x0B, 0x00, 0x00, 0x00, 0x00,
    0x00, 0x00, 0x00, 0x00, 0x00, 0x00, 0x25, 0x39, 0x00, 0x00, 0x00, 0x09, 0x00, 0x00, 0x00, 0x07,
    0x00, 0x00, 0x00, 0x07, 0x00, 0x00, 0x00, 0x0B, 0x00, 0x00, 0x00, 0x00, 0x00, 0x00, 0x00, 0x00,
    0x00, 0x00, 0x25, 0x3A, 0x00, 0x00, 0x00, 0x09, 0x00, 0x00, 0x00, 0x07, 0x00, 0x00, 0x00, 0x07,
    0x00, 0x00, 0x00, 0x0B, 0x00, 0x00, 0x00, 0x00, 0x00, 0x00, 0x00, 0x00, 0x00, 0x00, 0x25, 0x3B,
    0x00, 0x00, 0x00, 0x09, 0x00, 0x00, 0x00, 0x07, 0x00, 0x00, 0x00, 0x07, 0x00, 0x00, 0x00, 0x0B,
    0x00, 0x00, 0x00, 0x00, 0x00, 0x00, 0x00, 0x00, 0x00, 0x00, 0x25, 0x3C, 0x00, 0x00, 0x00, 0x0F,
    0x00, 0x00, 0x00, 0x07, 0x00, 0x00, 0x00, 0x07, 0x00, 0x00, 0x00, 0x0B, 0x00, 0x00, 0x00, 0x00,
    0x00, 0x00, 0x00, 0x00, 0x00, 0x00, 0x25, 0x3D, 0x00, 0x00, 0x00, 0x0F, 0x00, 0x00, 0x00, 0x07,
    0x00, 0x00, 0x00, 0x07, 0x00, 0x00, 0x00, 0x0B, 0x00, 0x00, 0x00, 0x00, 0x00, 0x00, 0x00, 0x00,
    0x00, 0x00, 0x25, 0x3E, 0x00, 0x00, 0x00, 0x0F, 0x00, 0x00, 0x00, 0x07, 0x00, 0x00, 0x00, 0x07,
    0x00, 0x00, 0x00, 0x0B, 0x00, 0x00, 0x00, 0x00, 0x00, 0x00, 0x00, 0x00, 0x00, 0x00, 0x25, 0x3F,
    0x00, 0x00, 0x00, 0x0F, 0x00, 0x00, 0x00, 0x07, 0x00, 0x00, 0x00, 0x07, 0x00, 0x00, 0x00, 0x0B,
    0x00, 0x00, 0x00, 0x00, 0x00, 0x00, 0x00, 0x00, 0x00, 0x00, 0x25, 0x40, 0x00, 0x00, 0x00, 0x0F,
    0x00, 0x00, 0x00, 0x07, 0x00, 0x00, 0x00, 0x07, 0x00, 0x00, 0x00, 0x0B, 0x00, 0x00, 0x00, 0x00,
    0x00, 0x00, 0x00, 0x00, 0x00, 0x00, 0x25, 0x41, 0x00, 0x00, 0x00, 0x0F, 0x00, 0x00, 0x00, 0x07,
    0x00, 0x00, 0x00, 0x07, 0x00, 0x00, 0x00, 0x0B, 0x00, 0x00, 0x00, 0x00, 0x00, 0x00, 0x00, 0x00,
    0x00, 0x00, 0x25, 0x42, 0x00, 0x00, 0x00, 0x0F, 0x00, 0x00, 0x00, 0x07, 0x00, 0x00, 0x00, 0x07,
    0x00, 0x00, 0x00, 0x0B, 0x00, 0x00, 0x00, 0x00, 0x00, 0x00, 0x00, 0x00, 0x00, 0x00, 0x25, 0x43,
    0x00, 0x00, 0x00, 0x0F, 0x00, 0x00, 0x00, 0x07, 0x00, 0x00, 0x00, 0x07, 0x00, 0x00, 0x00, 0x0B,
    0x00, 0x00, 0x00, 0x00, 0x00, 0x00, 0x00, 0x00, 0x00, 0x00, 0x25, 0x44, 0x00, 0x00, 0x00, 0x0F,
    0x00, 0x00, 0x00, 0x07, 0x00, 0x00, 0x00, 0x07, 0x00, 0x00, 0x00, 0x0B, 0x00, 0x00, 0x00, 0x00,
    0x00, 0x00, 0x00, 0x00, 0x00, 0x00, 0x25, 0x45, 0x00, 0x00, 0x00, 0x0F, 0x00, 0x00, 0x00, 0x07,
    0x00, 0x00, 0x00, 0x07, 0x00, 0x00, 0x00, 0x0B, 0x00, 0x00, 0x00, 0x00, 0x00, 0x00, 0x00, 0x00,
    0x00, 0x00, 0x25, 0x46, 0x00, 0x00, 0x00, 0x0F, 0x00, 0x00, 0x00, 0x07, 0x00, 0x00, 0x00, 0x07,
    0x00, 0x00, 0x00, 0x0B, 0x00, 0x00, 0x00, 0x00, 0x00, 0x00, 0x00, 0x00, 0x00, 0x00, 0x25, 0x47,
    0x00, 0x00, 0x00, 0x0F, 0x00, 0x00, 0x00, 0x07, 0x00, 0x00, 0x00, 0x07, 0x00, 0x00, 0x00, 0x0B,
    0x00, 0x00, 0x00, 0x00, 0x00, 0x00, 0x00, 0x00, 0x00, 0x00, 0x25, 0x48, 0x00, 0x00, 0x00, 0x0F,
    0x00, 0x00, 0x00, 0x07, 0x00, 0x00, 0x00, 0x07, 0x00, 0x00, 0x00, 0x0B, 0x00, 0x00, 0x00, 0x00,
    0x00, 0x00, 0x00, 0x00, 0x00, 0x00, 0x25, 0x49, 0x00, 0x00, 0x00, 0x0F, 0x00, 0x00, 0x00, 0x07,
    0x00, 0x00, 0x00, 0x07, 0x00, 0x00, 0x00, 0x0B, 0x00, 0x00, 0x00, 0x00, 0x00, 0x00, 0x00, 0x00,
    0x00, 0x00, 0x25, 0x4A, 0x00, 0x00, 0x00, 0x0F, 0x00, 0x00, 0x00, 0x07, 0x00, 0x00, 0x00, 0x07,
    0x00, 0x00, 0x00, 0x0B, 0x00, 0x00, 0x00, 0x00, 0x00, 0x00, 0x00, 0x00, 0x00, 0x00, 0x25, 0x4B,
    0x00, 0x00, 0x00, 0x0F, 0x00, 0x00, 0x00, 0x07, 0x00, 0x00, 0x00, 0x07, 0x00, 0x00, 0x00, 0x0B,
    0x00, 0x00, 0x00, 0x00, 0x00, 0x00, 0x00, 0x00, 0x00, 0x00, 0x25, 0x4C, 0x00, 0x00, 0x00, 0x01,
    0x00, 0x00, 0x00, 0x06, 0x00, 0x00, 0x00, 0x07, 0x00, 0x00, 0x00, 0x04, 0x00, 0x00, 0x00, 0x00,
    0x00, 0x00, 0x00, 0x00, 0x00, 0x00, 0x25, 0x4D, 0x00, 0x00, 0x00, 0x03, 0x00, 0x00, 0x00, 0x06,
    0x00, 0x00, 0x00, 0x07, 0x00, 0x00, 0x00, 0x05, 0x00, 0x00, 0x00, 0x00, 0x00, 0x00, 0x00, 0x00,
    0x00, 0x00, 0x25, 0x4E, 0x00, 0x00, 0x00, 0x0A, 0x00, 0x00, 0x00, 0x01, 0x00, 0x00, 0x00, 0x07,
    0x00, 0x00, 0x00, 0x08, 0x00, 0x00, 0x00, 0x03, 0x00, 0x00, 0x00, 0x00, 0x00, 0x00, 0x25, 0x4F,
    0x00, 0x00, 0x00, 0x0A, 0x00, 0x00, 0x00, 0x03, 0x00, 0x00, 0x00, 0x07, 0x00, 0x00, 0x00, 0x08,
    0x00, 0x00, 0x00, 0x02, 0x00, 0x00, 0x00, 0x00, 0x00, 0x00, 0x25, 0x50, 0x00, 0x00, 0x00, 0x03,
    0x00, 0x00, 0x00, 0x07, 0x00, 0x00, 0x00, 0x07, 0x00, 0x00, 0x00, 0x05, 0x00, 0x00, 0x00, 0x00,
    0x00, 0x00, 0x00, 0x00, 0x00, 0x00, 0x25, 0x51, 0x00, 0x00, 0x00, 0x0F, 0x00, 0x00, 0x00, 0x03,
    0x00, 0x00, 0x00, 0x07, 0x00, 0x00, 0x00, 0x0B, 0x00, 0x00, 0x00, 0x02, 0x00, 0x00, 0x00, 0x00,
    0x00, 0x00, 0x25, 0x52, 0x00, 0x00, 0x00, 0x09, 0x00, 0x00, 0x00, 0x04, 0x00, 0x00, 0x00, 0x07,
    0x00, 0x00, 0x00, 0x05, 0x00, 0x00, 0x00, 0x03, 0x00, 0x00, 0x00, 0x00, 0x00, 0x00, 0x25, 0x53,
    0x00, 0x00, 0x00, 0x08, 0x00, 0x00, 0x00, 0x05, 0x00, 0x00, 0x00, 0x07, 0x00, 0x00, 0x00, 0x04,
    0x00, 0x00, 0x00, 0x02, 0x00, 0x00, 0x00, 0x00, 0x00, 0x00, 0x25, 0x54, 0x00, 0x00, 0x00, 0x09,
    0x00, 0x00, 0x00, 0x05, 0x00, 0x00, 0x00, 0x07, 0x00, 0x00, 0x00, 0x05, 0x00, 0x00, 0x00, 0x02,
    0x00, 0x00, 0x00, 0x00, 0x00, 0x00, 0x25, 0x55, 0x00, 0x00, 0x00, 0x09, 0x00, 0x00, 0x00, 0x06,
    0x00, 0x00, 0x00, 0x07, 0x00, 0x00, 0x00, 0x05, 0x00, 0x00, 0x00, 0x00, 0x00, 0x00, 0x00, 0x00,
    0x00, 0x00, 0x25, 0x56, 0x00, 0x00, 0x00, 0x08, 0x00, 0x00, 0x00, 0x07, 0x00, 0x00, 0x00, 0x07,
    0x00, 0x00, 0x00, 0x04, 0x00, 0x00, 0x00, 0x00, 0x00, 0x00, 0x00, 0x00, 0x00, 0x00, 0x25, 0x57,
    0x00, 0x00, 0x00, 0x09, 0x00, 0x00, 0x00, 0x07, 0x00, 0x00, 0x00, 0x07, 0x00, 0x00, 0x00, 0x05,
    0x00, 0x00, 0x00, 0x00, 0x00, 0x00, 0x00, 0x00, 0x00, 0x00, 0x25, 0x58, 0x00, 0x00, 0x00, 0x09,
    0x00, 0x00, 0x00, 0x04, 0x00, 0x00, 0x00, 0x07, 0x00, 0x00, 0x00, 0x0B, 0x00, 0x00, 0x00, 0x03,
    0x00, 0x00, 0x00, 0x00, 0x00, 0x00, 0x25, 0x59, 0x00, 0x00, 0x00, 0x08, 0x00, 0x00, 0x00, 0x05,
    0x00, 0x00, 0x00, 0x07, 0x00, 0x00, 0x00, 0x0B, 0x00, 0x00, 0x00, 0x02, 0x00, 0x00, 0x00, 0x00,
    0x00, 0x00, 0x25, 0x5A, 0x00, 0x00, 0x00, 0x09, 0x00, 0x00, 0x00, 0x05, 0x00, 0x00, 0x00, 0x07,
    0x00, 0x00, 0x00, 0x0B, 0x00, 0x00, 0x00, 0x02, 0x00, 0x00, 0x00, 0x00, 0x00, 0x00, 0x25, 0x5B,
    0x00, 0x00, 0x00, 0x09, 0x00, 0x00, 0x00, 0x06, 0x00, 0x00, 0x00, 0x07, 0x00, 0x00, 0x00, 0x0B,
    0x00, 0x00, 0x00, 0x00, 0x00, 0x00, 0x00, 0x00, 0x00, 0x00, 0x25, 0x5C, 0x00, 0x00, 0x00, 0x08,
    0x00, 0x00, 0x00, 0x07, 0x00, 0x00, 0x00, 0x07, 0x00, 0x00, 0x00, 0x0B, 0x00, 0x00, 0x00, 0x00,
    0x00, 0x00, 0x00, 0x00, 0x00, 0x00, 0x25, 0x5D, 0x00, 0x00, 0x00, 0x09, 0x00, 0x00, 0x00, 0x07,
    0x00, 0x00, 0x00, 0x07, 0x00, 0x00, 0x00, 0x0B, 0x00, 0x00, 0x00, 0x00, 0x00, 0x00, 0x00, 0x00,
    0x00, 0x00, 0x25, 0x5E, 0x00, 0x00, 0x00, 0x0F, 0x00, 0x00, 0x00, 0x04, 0x00, 0x00, 0x00, 0x07,
    0x00, 0x00, 0x00, 0x0B, 0x00, 0x00, 0x00, 0x03, 0x00, 0x00, 0x00, 0x00, 0x00, 0x00, 0x25, 0x5F,
    0x00, 0x00, 0x00, 0x0F, 0x00, 0x00, 0x00, 0x05, 0x00, 0x00, 0x00, 0x07, 0x00, 0x00, 0x00, 0x0B,
    0x00, 0x00, 0x00, 0x02, 0x00, 0x00, 0x00, 0x00, 0x00, 0x00, 0x25, 0x60, 0x00, 0x00, 0x00, 0x0F,
    0x00, 0x00, 0x00, 0x05, 0x00, 0x00, 0x00, 0x07, 0x00, 0x00, 0x00, 0x0B, 0x00, 0x00, 0x00, 0x02,
    0x00, 0x00, 0x00, 0x00, 0x00, 0x00, 0x25, 0x61, 0x00, 0x00, 0x00, 0x0F, 0x00, 0x00, 0x00, 0x06,
    0x00, 0x00, 0x00, 0x07, 0x00, 0x00, 0x00, 0x0B, 0x00, 0x00, 0x00, 0x00, 0x00, 0x00, 0x00, 0x00,
    0x00, 0x00, 0x25, 0x62, 0x00, 0x00, 0x00, 0x0F, 0x00, 0x00, 0x00, 0x07, 0x00, 0x00, 0x00, 0x07,
    0x00, 0x00, 0x00, 0x0B, 0x00, 0x00, 0x00, 0x00, 0x00, 0x00, 0x00, 0x00, 0x00, 0x00, 0x25, 0x63,
    0x00, 0x00, 0x00, 0x0F, 0x00, 0x00, 0x00, 0x07, 0x00, 0x00, 0x00, 0x07, 0x00, 0x00, 0x00, 0x0B,
    0x00, 0x00, 0x00, 0x00, 0x00, 0x00, 0x00, 0x00, 0x00, 0x00, 0x25, 0x64, 0x00, 0x00, 0x00, 0x09,
    0x00, 0x00, 0x00, 0x07, 0x00, 0x00, 0x00, 0x07, 0x00, 0x00, 0x00, 0x05, 0x00, 0x00, 0x00, 0x00,
    0x00, 0x00, 0x00, 0x00, 0x00, 0x00, 0x25, 0x65, 0x00, 0x00, 0x00, 0x08, 0x00, 0x00, 0x00, 0x07,
    0x00, 0x00, 0x00, 0x07, 0x00, 0x00, 0x00, 0x04, 0x00, 0x00, 0x00, 0x00, 0x00, 0x00, 0x00, 0x00,
    0x00, 0x00, 0x25, 0x66, 0x00, 0x00, 0x00, 0x09, 0x00, 0x00, 0x00, 0x07, 0x00, 0x00, 0x00, 0x07,
    0x00, 0x00, 0x00, 0x05, 0x00, 0x00, 0x00, 0x00, 0x00, 0x00, 0x00, 0x00, 0x00, 0x00, 0x25, 0x67,
    0x00, 0x00, 0x00, 0x09, 0x00, 0x00, 0x00, 0x07, 0x00, 0x00, 0x00, 0x07, 0x00, 0x00, 0x00, 0x0B,
    0x00, 0x00, 0x00, 0x00, 0x00, 0x00, 0x00, 0x00, 0x00, 0x00, 0x25, 0x68, 0x00, 0x00, 0x00, 0x08,
    0x00, 0x00, 0x00, 0x07, 0x00, 0x00, 0x00, 0x07, 0x00, 0x00, 0x00, 0x0B, 0x00, 0x00, 0x00, 0x00,
    0x00, 0x00, 0x00, 0x00, 0x00, 0x00, 0x25, 0x69, 0x00, 0x00, 0x00, 0x09, 0x00, 0x00, 0x00, 0x07,
    0x00, 0x00, 0x00, 0x07, 0x00, 0x00, 0x00, 0x0B, 0x00, 0x00, 0x00, 0x00, 0x00, 0x00, 0x00, 0x00,
    0x00, 0x00, 0x25, 0x6A, 0x00, 0x00, 0x00, 0x0F, 0x00, 0x00, 0x00, 0x07, 0x00, 0x00, 0x00, 0x07,
    0x00, 0x00, 0x00, 0x0B, 0x00, 0x00, 0x00, 0x00, 0x00, 0x00, 0x00, 0x00, 0x00, 0x00, 0x25, 0x6B,
    0x00, 0x00, 0x00, 0x0F, 0x00, 0x00, 0x00, 0x07, 0x00, 0x00, 0x00, 0x07, 0x00, 0x00, 0x00, 0x0B,
    0x00, 0x00, 0x00, 0x00, 0x00, 0x00, 0x00, 0x00, 0x00, 0x00, 0x25, 0x6C, 0x00, 0x00, 0x00, 0x0F,
    0x00, 0x00, 0x00, 0x07, 0x00, 0x00, 0x00, 0x07, 0x00, 0x00, 0x00, 0x0B, 0x00, 0x00, 0x00, 0x00,
    0x00, 0x00, 0x00, 0x00, 0x00, 0x00, 0x25, 0x6D, 0x00, 0x00, 0x00, 0x08, 0x00, 0x00, 0x00, 0x04,
    0x00, 0x00, 0x00, 0x07, 0x00, 0x00, 0x00, 0x04, 0x00, 0x00, 0x00, 0x03, 0x00, 0x00, 0x00, 0x00,
    0x00, 0x00, 0x25, 0x6E, 0x00, 0x00, 0x00, 0x08, 0x00, 0x00, 0x00, 0x06, 0x00, 0x00, 0x00, 0x07,
    0x00, 0x00, 0x00, 0x04, 0x00, 0x00, 0x00, 0x00, 0x00, 0x00, 0x00, 0x00, 0x00, 0x00, 0x25, 0x6F,
    0x00, 0x00, 0x00, 0x08, 0x00, 0x00, 0x00, 0x06, 0x00, 0x00, 0x00, 0x07, 0x00, 0x00, 0x00, 0x0B,
    0x00, 0x00, 0x00, 0x00, 0x00, 0x00, 0x00, 0x00, 0x00, 0x00, 0x25, 0x70, 0x00, 0x00, 0x00, 0x08,
    0x00, 0x00, 0x00, 0x04, 0x00, 0x00, 0x00, 0x07, 0x00, 0x00, 0x00, 0x0B, 0x00, 0x00, 0x00, 0x03,
    0x00, 0x00, 0x00, 0x00, 0x00, 0x00, 0x25, 0x71, 0x00, 0x00, 0x00, 0x0D, 0x00, 0x00, 0x00, 0x07,
    0x00, 0x00, 0x00, 0x07, 0x00, 0x00, 0x00, 0x0A, 0x00, 0x00, 0x00, 0x00, 0x00, 0x00, 0x00, 0x00,
    0x00, 0x00, 0x25, 0x72, 0x00, 0x00, 0x00, 0x0D, 0x00, 0x00, 0x00, 0x07, 0x00, 0x00, 0x00, 0x07,
    0x00, 0x00, 0x00, 0x0A, 0x00, 0x00, 0x00, 0x00, 0x00, 0x00, 0x00, 0x00, 0x00, 0x00, 0x25, 0x73,
    0x00, 0x00, 0x00, 0x0D, 0x00, 0x00, 0x00, 0x07, 0x00, 0x00, 0x00, 0x07, 0x00, 0x00, 0x00, 0x0A,
    0x00, 0x00, 0x00, 0x00, 0x00, 0x00, 0x00, 0x00, 0x00, 0x00, 0x25, 0x74, 0x00, 0x00, 0x00, 0x01,
    0x00, 0x00, 0x00, 0x06, 0x00, 0x00, 0x00, 0x07, 0x00, 0x00, 0x00, 0x04, 0x00, 0x00, 0x00, 0x00,
    0x00, 0x00, 0x00, 0x00, 0x00, 0x00, 0x25, 0x75, 0x00, 0x00, 0x00, 0x09, 0x00, 0x00, 0x00, 0x01,
    0x00, 0x00, 0x00, 0x07, 0x00, 0x00, 0x00, 0x0B, 0x00, 0x00, 0x00, 0x03, 0x00, 0x00, 0x00, 0x00,
    0x00, 0x00, 0x25, 0x76, 0x00, 0x00, 0x00, 0x01, 0x00, 0x00, 0x00, 0x05, 0x00, 0x00, 0x00, 0x07,
    0x00, 0x00, 0x00, 0x04, 0x00, 0x00, 0x00, 0x02, 0x00, 0x00, 0x00, 0x00, 0x00, 0x00, 0x25, 0x77,
    0x00, 0x00, 0x00, 0x08, 0x00, 0x00, 0x00, 0x01, 0x00, 0x00, 0x00, 0x07, 0x00, 0x00, 0x00, 0x04,
    0x00, 0x00, 0x00, 0x03, 0x00, 0x00, 0x00, 0x00, 0x00, 0x00, 0x25, 0x78, 0x00, 0x00, 0x00, 0x03,
    0x00, 0x00, 0x00, 0x06, 0x00, 0x00, 0x00, 0x07, 0x00, 0x00, 0x00, 0x05, 0x00, 0x00, 0x00, 0x00,
    0x00, 0x00, 0x00, 0x00, 0x00, 0x00, 0x25, 0x79, 0x00, 0x00, 0x00, 0x09, 0x00, 0x00, 0x00, 0x03,
    0x00, 0x00, 0x00, 0x07, 0x00, 0x00, 0x00, 0x0B, 0x00, 0x00, 0x00, 0x02, 0x00, 0x00, 0x00, 0x00,
    0x00, 0x00, 0x25, 0x7A, 0x00, 0x00, 0x00, 0x03, 0x00, 0x00, 0x00, 0x05, 0x00, 0x00, 0x00, 0x07,
    0x00, 0x00, 0x00, 0x05, 0x00, 0x00, 0x00, 0x02, 0x00, 0x00, 0x00, 0x00, 0x00, 0x00, 0x25, 0x7B,
    0x00, 0x00, 0x00, 0x08, 0x00, 0x00, 0x00, 0x03, 0x00, 0x00, 0x00, 0x07, 0x00, 0x00, 0x00, 0x04,
    0x00, 0x00, 0x00, 0x02, 0x00, 0x00, 0x00, 0x00, 0x00, 0x00, 0x25, 0x7C, 0x00, 0x00, 0x00, 0x03,
    0x00, 0x00, 0x00, 0x07, 0x00, 0x00, 0x00, 0x07, 0x00, 0x00, 0x00, 0x05, 0x00, 0x00, 0x00, 0x00,
    0x00, 0x00, 0x00, 0x00, 0x00, 0x00, 0x25, 0x7D, 0x00, 0x00, 0x00, 0x0F, 0x00, 0x00, 0x00, 0x03,
    0x00, 0x00, 0x00, 0x07, 0x00, 0x00, 0x00, 0x0B, 0x00, 0x00, 0x00, 0x02, 0x00, 0x00, 0x00, 0x00,
    0x00, 0x00, 0x25, 0x7E, 0x00, 0x00, 0x00, 0x03, 0x00, 0x00, 0x00, 0x07, 0x00, 0x00, 0x00, 0x07,
    0x00, 0x00, 0x00, 0x05, 0x00, 0x00, 0x00, 0x00, 0x00, 0x00, 0x00, 0x00, 0x00, 0x00, 0x25, 0x7F,
    0x00, 0x00, 0x00, 0x0F, 0x00, 0x00, 0x00, 0x03, 0x00, 0x00, 0x00, 0x07, 0x00, 0x00, 0x00, 0x0B,
    0x00, 0x00, 0x00, 0x02, 0x00, 0x00, 0x00, 0x00, 0x00, 0x00, 0x25, 0xA0, 0x00, 0x00, 0x00, 0x09,
    0x00, 0x00, 0x00, 0x08, 0x00, 0x00, 0x00, 0x08, 0x00, 0x00, 0x00, 0x08, 0x00, 0x00, 0x00, 0x00,
    0x00, 0x00, 0x00, 0x00, 0x00, 0x00, 0x25, 0xA1, 0x00, 0x00, 0x00, 0x09, 0x00, 0x00, 0x00, 0x08,
    0x00, 0x00, 0x00, 0x08, 0x00, 0x00, 0x00, 0x08, 0x00, 0x00, 0x00, 0x00, 0x00, 0x00, 0x00, 0x00,
    0x00, 0x00, 0x25, 0xB2, 0x00, 0x00, 0x00, 0x09, 0x00, 0x00, 0x00, 0x08, 0x00, 0x00, 0x00, 0x08,
    0x00, 0x00, 0x00, 0x08, 0x00, 0x00, 0x00, 0x00, 0x00, 0x00, 0x00, 0x00, 0x00, 0x00, 0x25, 0xB6,
    0x00, 0x00, 0x00, 0x09, 0x00, 0x00, 0x00, 0x08, 0x00, 0x00, 0x00, 0x08, 0x00, 0x00, 0x00, 0x08,
    0x00, 0x00, 0x00, 0x00, 0x00, 0x00, 0x00, 0x00, 0x00, 0x00, 0x25, 0xBC, 0x00, 0x00, 0x00, 0x09,
    0x00, 0x00, 0x00, 0x08, 0x00, 0x00, 0x00, 0x08, 0x00, 0x00, 0x00, 0x08, 0x00, 0x00, 0x00, 0x00,
    0x00, 0x00, 0x00, 0x00, 0x00, 0x00, 0x25, 0xC0, 0x00, 0x00, 0x00, 0x09, 0x00, 0x00, 0x00, 0x08,
    0x00, 0x00, 0x00, 0x08, 0x00, 0x00, 0x00, 0x08, 0x00, 0x00, 0x00, 0x00, 0x00, 0x00, 0x00, 0x00,
    0x00, 0x00, 0x25, 0xC6, 0x00, 0x00, 0x00, 0x09, 0x00, 0x00, 0x00, 0x08, 0x00, 0x00, 0x00, 0x08,
    0x00, 0x00, 0x00, 0x08, 0x00, 0x00, 0x00, 0x00, 0x00, 0x00, 0x00, 0x00, 0x00, 0x00, 0x25, 0xC7,
    0x00, 0x00, 0x00, 0x09, 0x00, 0x00, 0x00, 0x08, 0x00, 0x00, 0x00, 0x08, 0x00, 0x00, 0x00, 0x08,
    0x00, 0x00, 0x00, 0x00, 0x00, 0x00, 0x00, 0x00, 0x00, 0x00, 0x25, 0xCB, 0x00, 0x00, 0x00, 0x09,
    0x00, 0x00, 0x00, 0x08, 0x00, 0x00, 0x00, 0x08, 0x00, 0x00, 0x00, 0x08, 0x00, 0x00, 0x00, 0x00,
    0x00, 0x00, 0x00, 0x00, 0x00, 0x00, 0x25, 0xCF, 0x00, 0x00, 0x00, 0x09, 0x00, 0x00, 0x00, 0x08,
    0x00, 0x00, 0x00, 0x08, 0x00, 0x00, 0x00, 0x08, 0x00, 0x00, 0x00, 0x00, 0x00, 0x00, 0x00, 0x00,
    0x00, 0x00, 0x26, 0x10, 0x00, 0x00, 0x00, 0x07, 0x00, 0x00, 0x00, 0x07, 0x00, 0x00, 0x00, 0x08,
    0x00, 0x00, 0x00, 0x07, 0x00, 0x00, 0x00, 0x00, 0x00, 0x00, 0x00, 0x00, 0x00, 0x00, 0x26, 0x11,
    0x00, 0x00, 0x00, 0x08, 0x00, 0x00, 0x00, 0x08, 0x00, 0x00, 0x00, 0x08, 0x00, 0x00, 0x00, 0x07,
    0x00, 0x00, 0x00, 0x00, 0x00, 0x00, 0x00, 0x00, 0x00, 0x00, 0x26, 0x99, 0x00, 0x00, 0x00, 0x08,
    0x00, 0x00, 0x00, 0x08, 0x00, 0x00, 0x00, 0x08, 0x00, 0x00, 0x00, 0x08, 0x00, 0x00, 0x00, 0x00,
    0x00, 0x00, 0x00, 0x00, 0x00, 0x00, 0x27, 0x13, 0x00, 0x00, 0x00, 0x09, 0x00, 0x00, 0x00, 0x07,
    0x00, 0x00, 0x00, 0x07, 0x00, 0x00, 0x00, 0x09, 0x00, 0x00, 0x00, 0x00, 0x00, 0x00, 0x00, 0x00,
    0x00, 0x00, 0x27, 0x17, 0x00, 0x00, 0x00, 0x09, 0x00, 0x00, 0x00, 0x07, 0x00, 0x00, 0x00, 0x08,
    0x00, 0x00, 0x00, 0x08, 0x00, 0x00, 0x00, 0x00, 0x00, 0x00, 0x00, 0x00, 0x00, 0x00, 0x27, 0x18,
    0x00, 0x00, 0x00, 0x0A, 0x00, 0x00, 0x00, 0x08, 0x00, 0x00, 0x00, 0x08, 0x00, 0x00, 0x00, 0x09,
    0x00, 0x00, 0x00, 0x00, 0x00, 0x00, 0x00, 0x00, 0x00, 0x00, 0x2B, 0x07, 0x00, 0x00, 0x00, 0x07,
    0x00, 0x00, 0x00, 0x05, 0x00, 0x00, 0x00, 0x08, 0x00, 0x00, 0x00, 0x08, 0x00, 0x00, 0x00, 0x01,
    0x00, 0x00, 0x00, 0x00, 0x00, 0x00, 0xFF, 0xFF, 0x00, 0x13, 0xFF, 0xE7, 0x00, 0x3A, 0xFF, 0xA2,
    0x00, 0x2E, 0xFF, 0x39, 0x00, 0x1C, 0xF6, 0x00, 0x00, 0x0F, 0x33, 0x00, 0x0D, 0xFF, 0xFF, 0x01,
    0x19, 0xFF, 0xE7, 0x00, 0x00, 0xFF, 0xC0, 0x91, 0xFF, 0x16, 0x06, 0xFF, 0xA9, 0xAC, 0xFF, 0x00,
    0x3A, 0xFF, 0x6C, 0xDF, 0xEB, 0x00, 0x4B, 0xDC, 0x27, 0xB7, 0x9D, 0x00, 0x00, 0x00, 0x08, 0x93,
    0x75, 0xF5, 0x72, 0x00, 0x00, 0x2B, 0xD9, 0x8A, 0xEE, 0x0C, 0x00, 0x2A, 0xFF, 0xD5, 0xBC, 0xFF,
    0xFF, 0x00, 0x0F, 0x91, 0xAA, 0xDA, 0x98, 0x3C, 0x00, 0x04, 0x93, 0xB2, 0xDE, 0x25, 0x00, 0x00,
    0xED, 0xEE, 0xB6, 0xF1, 0xEF, 0x25, 0x00, 0x4E, 0xDB, 0xAC, 0xBF, 0x47, 0x00, 0x00, 0x75, 0xDD,
    0xAF, 0x51, 0x00, 0x00, 0x00, 0x00, 0x00, 0x2B, 0xBD, 0x00, 0x00, 0x00, 0x00, 0x1C, 0xA2, 0xFF,
    0x12, 0x00, 0x00, 0x73, 0xFF, 0xFF, 0xFF, 0xFF, 0x4E, 0x00, 0xFF, 0xFA, 0xCE, 0xB1, 0xAD, 0x0D,
    0x00, 0xFF, 0xFB, 0xFB, 0x6C, 0x00, 0x00, 0x00, 0xB1, 0xFF, 0xFF, 0xFF, 0x69, 0x00, 0x00, 0x00,
    0x45, 0xFF, 0xFF, 0xFF, 0x19, 0x09, 0x3F, 0x54, 0xFF, 0xBA, 0xFF, 0x2B, 0xB2, 0xFF, 0xF6, 0xFF,
    0xFF, 0xF8, 0x00, 0x22, 0xAC, 0xFF, 0xFF, 0xB2, 0x1B, 0x00, 0x00, 0x00, 0xFF, 0xA2, 0x00, 0x00,
    0x00, 0x00, 0x1D, 0xE5, 0xD0, 0x1C, 0xE4, 0x2D, 0x00, 0x82, 0x89, 0xFF, 0x79, 0xB0, 0x00, 0x00,
    0xA9, 0xA0, 0xFF, 0xCC, 0x26, 0x00, 0x00, 0x4E, 0xFF, 0x76, 0x6D, 0x08, 0x00, 0x00, 0x09, 0x6C,
    0x7F, 0xFF, 0x44, 0x00, 0x00, 0x28, 0xC7, 0xFF, 0xA1, 0x9A, 0x00, 0x00, 0xBA, 0x7C, 0xFF, 0x75,
    0x72, 0x00, 0x25, 0xE3, 0x18, 0xD9, 0xE1, 0x1B, 0x00, 0x00, 0x00, 0x84, 0xFF, 0xFF, 0xA9, 0x00,
    0x00, 0x06, 0xFF, 0xC9, 0xB2, 0xFF, 0x0F, 0x00, 0x0A, 0xFF, 0xA2, 0x91, 0xFF, 0x0A, 0x01, 0x87,
    0xFF, 0xFF, 0xFF, 0xA6, 0x00, 0xA5, 0xFF, 0xAB, 0xFF, 0x3D, 0x00, 0x00, 0xFF, 0xDC, 0x2A, 0xFF,
    0x99, 0x58, 0x19, 0xFF, 0xFF, 0xB4, 0xFF, 0xFF, 0xFF, 0x88, 0x8D, 0xFF, 0xD5, 0x54, 0xFF, 0xCE,
    0x01, 0x00, 0xC4, 0xFF, 0x00, 0xF7, 0xD3, 0x00, 0xFF, 0xA0, 0x12, 0xDC, 0x60, 0x00, 0x00, 0x04,
    0xBA, 0xFF, 0x31, 0x00, 0x00, 0xB2, 0xFF, 0x1C, 0x00, 0x00, 0x57, 0xFF, 0x49, 0x00, 0x00, 0x00,
    0xD4, 0xDF, 0x00, 0x00, 0x00, 0x00, 0xFF, 0x9F, 0x00, 0x00, 0x00, 0x1E, 0xFF, 0x5D, 0x00, 0x00,
    0x00, 0x15, 0xFF, 0x61, 0x00, 0x00, 0x00, 0x00, 0xFF, 0xAC, 0x00, 0x00, 0x00, 0x00, 0xA8, 0xFF,
    0x06, 0x00, 0x00, 0x00, 0x18, 0xFF, 0xA5, 0x00, 0x00, 0x00, 0x01, 0xD8, 0xEC, 0x03, 0x00, 0x00,
    0x22, 0xFF, 0x87, 0x00, 0x00, 0x00, 0xC5, 0xE4, 0x00, 0x00, 0x00, 0x9D, 0xFF, 0x00, 0x00, 0x00,
    0x9C, 0xFF, 0x00, 0x00, 0x00, 0xB9, 0xFB, 0x00, 0x00, 0x00, 0xFF, 0xA0, 0x00, 0x00, 0x87, 0xFF,
    0x27, 0x00, 0x3D, 0xFF, 0x94, 0x00, 0x51, 0xFF, 0xAB, 0x00, 0x00, 0x00, 0x00, 0x03, 0xFF, 0x9F,
    0x00, 0x00, 0x1E, 0xBB, 0x5D, 0xFF, 0x8A, 0xAC, 0x2E, 0x76, 0xFF, 0xFF, 0xFF, 0xFF, 0xFF, 0x51,
    0x00, 0x43, 0xFF, 0xFF, 0xCA, 0x07, 0x00, 0x18, 0xFF, 0xF6, 0xC1, 0xFF, 0x24, 0x00, 0x0C, 0xA7,
    0x1F, 0x1C, 0xA1, 0x0A, 0x00, 0x00, 0x00, 0x00, 0xFF, 0xA8, 0x00, 0x00, 0x01, 0x18, 0x3F, 0xFF,
    0x78, 0x18, 0x01, 0x4E, 0xFF, 0xFF, 0xFF, 0xFF, 0xFF, 0x0F, 0x1C, 0x60, 0xBF, 0xFF, 0x60, 0x58,
    0x00, 0x00, 0x00, 0xBF, 0xFC, 0x00, 0x00, 0x00, 0x00, 0x00, 0x88, 0x81, 0x00, 0x00, 0x00, 0x00,
    0xAC, 0xDC, 0x31, 0x1C, 0xFF, 0xE7, 0x00, 0x94, 0xFF, 0x46, 0x00, 0xE3, 0xC9, 0x00, 0x00, 0x3C,
    0xBE, 0xBE, 0xBE, 0x31, 0x96, 0xFF, 0xFF, 0xFF, 0x24, 0x00, 0x2B, 0x40, 0x00, 0x1B, 0xFF, 0xFF,
    0x1C, 0x24, 0xFF, 0xFB, 0x04, 0x00, 0x00, 0x00, 0x00, 0x3C, 0xFF, 0x81, 0x00, 0x00, 0x00, 0x00,
    0xD2, 0xFF, 0x01, 0x00, 0x00, 0x00, 0x42, 0xFF, 0x78, 0x00, 0x00, 0x00, 0x00, 0xD8, 0xFF, 0x00,
    0x00, 0x00, 0x00, 0x48, 0xFF, 0x6F, 0x00, 0x00, 0x00, 0x00, 0xDE, 0xFA, 0x00, 0x00, 0x00, 0x00,
    0x4E, 0xFF, 0x67, 0x00, 0x00, 0x00, 0x00, 0xE3, 0xF2, 0x00, 0x00, 0x00, 0x00, 0x54, 0xFF, 0x5E,
    0x00, 0x00, 0x00, 0x00, 0xE9, 0xEC, 0x00, 0x00, 0x00, 0x00, 0x00, 0x00, 0x19, 0xD0, 0xFF, 0xFF,
    0xB1, 0x00, 0x00, 0xE8, 0xFF, 0x97, 0xBE, 0xFF, 0x57, 0x40, 0xFF, 0xBA, 0x04, 0x25, 0xFF, 0xAE,
    0xAE, 0xFF, 0xA6, 0xFF, 0x6A, 0xFF, 0xAF, 0xB2, 0xFF, 0x2A, 0x43, 0x87, 0xFF, 0x84, 0xAF, 0xFF,
    0x03, 0x00, 0xBB, 0xFF, 0x1E, 0x7B, 0xFF, 0xAA, 0xA5, 0xFF, 0xC6, 0x00, 0x01, 0xAC, 0xFF, 0xFF,
    0xC4, 0x0F, 0x00, 0x00, 0x00, 0xA6, 0xFF, 0xFF, 0x9A, 0x00, 0x00, 0x96, 0xFF, 0xE4, 0xFF, 0x5D,
    0x00, 0x1E, 0xFF, 0xAB, 0xAF, 0xFF, 0x1F, 0x00, 0x00, 0x36, 0x00, 0xE1, 0xFF, 0x00, 0x00, 0x00,
    0x00, 0x00, 0xFF, 0xF3, 0x00, 0x00, 0x00, 0x00, 0x0C, 0xFF, 0xC0, 0x00, 0x00, 0x28, 0x8A, 0xAE,
    0xFF, 0xD3, 0x8A, 0x04, 0x9A, 0xFF, 0xFF, 0xFF, 0xFF, 0xFF, 0x00, 0x00, 0x1C, 0xD3, 0xFF, 0xFF,
    0xB4, 0x00, 0x01, 0xF3, 0xFF, 0xA7, 0xFF, 0xFF, 0x52, 0x00, 0x5A, 0x60, 0x00, 0x9F, 0xFF, 0x76,
    0x00, 0x00, 0x00, 0x1B, 0xFF, 0xFF, 0x15, 0x00, 0x00, 0x43, 0xFF, 0xFF, 0x3F, 0x00, 0x00, 0x93,
    0xFF, 0xE1, 0x1C, 0x00, 0x00, 0xA1, 0xFF, 0xFF, 0x9D, 0x9C, 0x7F, 0x00, 0xFD, 0xFF, 0xFF, 0xFF,
    0xFF, 0xE2, 0x00, 0x00, 0x46, 0xE9, 0xFF, 0xFF, 0xBC, 0x07, 0x00, 0xC6, 0xE9, 0xA5, 0xEE, 0xFF,
    0x73, 0x00, 0x04, 0x16, 0x34, 0xCF, 0xFF, 0x39, 0x00, 0x00, 0xC0, 0xFF, 0xFF, 0x54, 0x00, 0x00,
    0x00, 0x51, 0xA3, 0xFF, 0xE3, 0x00, 0x0D, 0x48, 0x00, 0x00, 0xFF, 0xFF, 0x00, 0xD2, 0xFF, 0xA9,
    0xB5, 0xFF, 0xC0, 0x00, 0x3C, 0xEE, 0xFF, 0xFF, 0xBB, 0x13, 0x00, 0x00, 0x00, 0x00, 0x5E, 0xFF,
    0xFF, 0x15, 0x00, 0x00, 0x2D, 0xFF, 0xFF, 0xFF, 0x00, 0x00, 0x0D, 0xFF, 0xC6, 0xFF, 0xE6, 0x00,
    0x00, 0xCD, 0xFB, 0x19, 0xFF, 0xB0, 0x00, 0xA6, 0xFF, 0x40, 0x5B, 0xFF, 0xA3, 0x06, 0xFF, 0xFF,
    0xFF, 0xFF, 0xFF, 0xFF, 0x4C, 0x57, 0x60, 0x60, 0xCF, 0xFF, 0x6F, 0x09, 0x00, 0x00, 0x00, 0xD0,
    0xFF, 0x00, 0x00, 0x00, 0x7F, 0xFF, 0xFF, 0xFF, 0xFF, 0xA6, 0x00, 0xB0, 0xFF, 0xB4, 0xB4, 0xB4,
    0x39, 0x00, 0xF6, 0xA2, 0x04, 0x09, 0x00, 0x00, 0x07, 0xFF, 0xB7, 0xFF, 0xFF, 0xA1, 0x00, 0x28,
    0xE2, 0xA5, 0x84, 0xFF, 0xFF, 0x22, 0x00, 0x2D, 0x00, 0x00, 0xCF, 0xFF, 0x25, 0xAA, 0xFF, 0xB2,
    0xBB, 0xFF, 0xE9, 0x00, 0x2B, 0xE3, 0xFF, 0xFF, 0xC6, 0x1B, 0x00, 0x00, 0x00, 0x1C, 0xDD, 0xFF,
    0xAA, 0x07, 0x00, 0x15, 0xFF, 0xFF, 0x70, 0x00, 0x00, 0x00, 0xD2, 0xFF, 0x69, 0x04, 0x00, 0x00,
    0x4B, 0xFF, 0xF2, 0xFF, 0xFF, 0xAF, 0x00, 0xA3, 0xFF, 0xBE, 0x72, 0xFC, 0xFF, 0x2D, 0xB6, 0xFF,
    0x21, 0x00, 0xB0, 0xFF, 0x30, 0x8A, 0xFF, 0xBC, 0x99, 0xFF, 0xF6, 0x00, 0x03, 0xB2, 0xFF, 0xFF,
    0xD0, 0x24, 0x00, 0x00, 0xFF, 0xFF, 0xFF, 0xFF, 0xFF, 0xDF, 0x03, 0xFF, 0xC4, 0x90, 0xAD, 0xFF,
    0xBB, 0x27, 0xFF, 0x55, 0x00, 0xE7, 0xFF, 0x18, 0x00, 0x00, 0x00, 0x6C, 0xFF, 0xA8, 0x00, 0x00,
    0x00, 0x04, 0xFF, 0xFF, 0x09, 0x00, 0x00, 0x00, 0x99, 0xFF, 0x82, 0x00, 0x00, 0x00, 0x12, 0xFF,
    0xFB, 0x01, 0x00, 0x00, 0x00, 0xA5, 0xFF, 0x5D, 0x00, 0x00, 0x00, 0x00, 0x30, 0xDA, 0xFF, 0xFF,
    0xDC, 0x15, 0x00, 0xED, 0xFF, 0x94, 0xA7, 0xFF, 0x9C, 0x00, 0xFF, 0xF0, 0x22, 0xA5, 0xFF, 0x51,
    0x00, 0x70, 0xFF, 0xFF, 0xFF, 0x76, 0x00, 0x6A, 0xFF, 0xB0, 0x66, 0xFF, 0xFF, 0x04, 0xD7, 0xFF,
    0x07, 0x00, 0xCF, 0xFF, 0x15, 0xBB, 0xFF, 0xBB, 0x9A, 0xFF, 0xEC, 0x00, 0x21, 0xDD, 0xFF, 0xFF,
    0xCA, 0x21, 0x00, 0x00, 0x2A, 0xD8, 0xFF, 0xFF, 0xBB, 0x00, 0x06, 0xFF, 0xFF, 0x90, 0xC8, 0xFF,
    0x64, 0x52, 0xFF, 0xAF, 0x00, 0x43, 0xFF, 0xB5, 0x5B, 0xFF, 0xC8, 0x1F, 0xBE, 0xFF, 0xA0, 0x06,
    0xFB, 0xFF, 0xFF, 0xFF, 0xFF, 0x30, 0x00, 0x07, 0x48, 0x87, 0xFF, 0xB6, 0x00, 0x00, 0x00, 0x7B,
    0xFF, 0xEE, 0x0A, 0x00, 0x0F, 0xB6, 0xFF, 0xC6, 0x10, 0x00, 0x00, 0x00, 0x6C, 0xFF, 0xB4, 0x00,
    0xAB, 0xFF, 0xB9, 0x00, 0x12, 0x52, 0x07, 0x00, 0x2B, 0x40, 0x00, 0x1B, 0xFF, 0xFF, 0x1C, 0x24,
    0xFF, 0xFB, 0x04, 0x00, 0x6C, 0xFF, 0xB4, 0x00, 0xAB, 0xFF, 0xB9, 0x00, 0x12, 0x52, 0x07, 0x00,
    0x00, 0x00, 0x00, 0x00, 0xFF, 0xFF, 0x30, 0x3D, 0xFF, 0xB1, 0x00, 0xBB, 0xFF, 0x1B, 0x00, 0xA7,
    0x90, 0x00, 0x00, 0x00, 0x00, 0x00, 0x00, 0x0F, 0xAE, 0x42, 0x00, 0x00, 0x0F, 0xAC, 0xFF, 0xFF,
    0x1B, 0x00, 0xA0, 0xFF, 0xFF, 0xAB, 0x1E, 0x00, 0x04, 0xFF, 0xFD, 0x1E, 0x00, 0x00, 0x00, 0x0A,
    0xD9, 0xFF, 0xE9, 0x3A, 0x00, 0x00, 0x00, 0x00, 0x6D, 0xFF, 0xFF, 0x6A, 0x00, 0x00, 0x00, 0x00,
    0x0C, 0xBE, 0x5B, 0x00, 0x00, 0x15, 0x18, 0x18, 0x18, 0x18, 0x07, 0x07, 0xFF, 0xFF, 0xFF, 0xFF,
    0xFF, 0x5D, 0x09, 0x60, 0x60, 0x60, 0x60, 0x60, 0x0C, 0x07, 0x18, 0x18, 0x18, 0x18, 0x15, 0x00,
    0x9C, 0xFF, 0xFF, 0xFF, 0xFF, 0xFF, 0x00, 0x30, 0x60, 0x60, 0x60, 0x60, 0x45, 0x00, 0x00, 0x8D,
    0x75, 0x00, 0x00, 0x00, 0x00, 0xA2, 0xFF, 0xE1, 0x34, 0x00, 0x00, 0x00, 0x79, 0xFF, 0xFF, 0xB8,
    0x00, 0x00, 0x00, 0x39, 0xFF, 0xFA, 0x00, 0x2A, 0xBA, 0xFF, 0xFF, 0x7B, 0x55, 0xFF, 0xFF, 0x9D,
    0x09, 0x00, 0x7F, 0xA5, 0x0A, 0x00, 0x00, 0x00, 0x1F, 0xD9, 0xFF, 0xFF, 0xAE, 0x00, 0xB6, 0xFF,
    0xBA, 0xFF, 0xFF, 0x30, 0x00, 0x15, 0x00, 0xD0, 0xFF, 0x25, 0x00, 0xB2, 0xFF, 0xFF, 0xB5, 0x00,
    0x00, 0xEE, 0xFF, 0x22, 0x00, 0x00, 0x00, 0x13, 0x09, 0x00, 0x00, 0x00, 0x3F, 0xFF, 0xE7, 0x00,
    0x00, 0x00, 0x58, 0xFF, 0xA6, 0x00, 0x00, 0x00, 0x00, 0x04, 0xA8, 0xFF, 0xFF, 0xBC, 0x03, 0x00,
    0xAC, 0xFF, 0x49, 0x48, 0xFF, 0x79, 0x18, 0xFF, 0x79, 0xEC, 0xFF, 0xFF, 0xAF, 0x79, 0xFF, 0xA5,
    0xFF, 0x21, 0xFF, 0x7F, 0xA1, 0xFC, 0xC6, 0xCF, 0x24, 0xFF, 0x40, 0xBC, 0xCA, 0xD2, 0xC6, 0xA0,
    0xFF, 0x07, 0xB0, 0xC8, 0x85, 0xFF, 0xD5, 0xFF, 0x00, 0x88, 0xFF, 0x2B, 0x00, 0x00, 0x00, 0x00,
    0x07, 0xD3, 0xFF, 0xFF, 0xBE, 0x00, 0x00, 0x00, 0x00, 0x0C, 0x2E, 0x15, 0x00, 0x00, 0x00, 0x00,
    0x14, 0xAF, 0xFF, 0x64, 0x00, 0x00, 0x00, 0x2E, 0xEA, 0xFF, 0x89, 0x00, 0x00, 0x00, 0x56, 0xD2,
    0xEC, 0xB0, 0x00, 0x00, 0x00, 0xB7, 0x99, 0xD3, 0xB1, 0x00, 0x00, 0x08, 0xFF, 0x8E, 0xCF, 0xD1,
    0x00, 0x00, 0x7E, 0xFF, 0xFF, 0xFF, 0xED, 0x00, 0x00, 0xE6, 0xDE, 0x67, 0xDE, 0xED, 0x00, 0x2F,
    0xF2, 0x82, 0x00, 0xA3, 0xEE, 0x0A, 0x00, 0x9D, 0xFF, 0xFF, 0xFF, 0xD9, 0x0A, 0x00, 0xB6, 0xFF,
    0x48, 0xB4, 0xFF, 0x6F, 0x00, 0xE9, 0xFF, 0x01, 0xAB, 0xFF, 0x39, 0x00, 0xFF, 0xFF, 0xFF, 0xFF,
    0x72, 0x00, 0x13, 0xFF, 0xB1, 0x45, 0xFF, 0xFA, 0x00, 0x51, 0xFF, 0x85, 0x00, 0xDE, 0xFF, 0x00,
    0x8E, 0xFF, 0x8E, 0x7B, 0xFF, 0xE1, 0x00, 0xAA, 0xFF, 0xFF, 0xFF, 0xE8, 0x2E, 0x00, 0x00, 0x03,
    0xA2, 0xFF, 0xFF, 0xCD, 0x0D, 0x00, 0xA3, 0xFF, 0xAC, 0xB0, 0xFF, 0xAC, 0x15, 0xFF, 0xE3, 0x00,
    0x00, 0xA1, 0x54, 0x66, 0xFF, 0xAC, 0x00, 0x00, 0x00, 0x00, 0x94, 0xFF, 0x6D, 0x00, 0x00, 0x00,
    0x00, 0x97, 0xFF, 0x52, 0x00, 0x66, 0xA8, 0x09, 0x42, 0xFF, 0xDF, 0xA3, 0xFF, 0xEC, 0x00, 0x00,
    0xA2, 0xFF, 0xFF, 0xDA, 0x1E, 0x00, 0x00, 0xA6, 0xFF, 0xFF, 0xFF, 0x9C, 0x00, 0x00, 0xD9, 0xFF,
    0x81, 0xDC, 0xFF, 0x43, 0x00, 0xFF, 0xF5, 0x00, 0x4C, 0xFF, 0x9A, 0x07, 0xFF, 0xC1, 0x00, 0x61,
    0xFF, 0x9A, 0x3D, 0xFF, 0xAC, 0x00, 0x9F, 0xFF, 0x6D, 0x7B, 0xFF, 0x70, 0x00, 0xD4, 0xFF, 0x21,
    0xB8, 0xFF, 0xA8, 0xA5, 0xFF, 0xBC, 0x00, 0xCD, 0xFF, 0xFF, 0xFF, 0xAB, 0x09, 0x00, 0x00, 0x91,
    0xFF, 0xFF, 0xFF, 0xFF, 0xA8, 0x00, 0xAC, 0xFF, 0x97, 0x90, 0x90, 0x3C, 0x00, 0xDF, 0xFF, 0x24,
    0x24, 0x21, 0x00, 0x00, 0xFF, 0xFF, 0xFF, 0xFF, 0xFF, 0x00, 0x0A, 0xFF, 0xCF, 0x6C, 0x6C, 0x4F,
    0x00, 0x45, 0xFF, 0x97, 0x00, 0x00, 0x00, 0x00, 0x82, 0xFF, 0xB5, 0x96, 0x96, 0x4C, 0x00, 0xA0,
    0xFF, 0xFF, 0xFF, 0xFF, 0x9C, 0x00, 0x00, 0x91, 0xFF, 0xFF, 0xFF, 0xFF, 0xDF, 0x00, 0xAC, 0xFF,
    0x97, 0x90, 0x90, 0x54, 0x00, 0xDF, 0xFF, 0x24, 0x24, 0x1F, 0x00, 0x00, 0xFF, 0xFF, 0xFF, 0xFF,
    0xFD, 0x00, 0x0A, 0xFF, 0xD2, 0x6C, 0x6C, 0x49, 0x00, 0x45, 0xFF, 0x97, 0x00, 0x00, 0x00, 0x00,
    0x82, 0xFF, 0x60, 0x00, 0x00, 0x00, 0x00, 0xA0, 0xFF, 0x27, 0x00, 0x00, 0x00, 0x00, 0x00, 0x09,
    0xAF, 0xFF, 0xFF, 0xA1, 0x00, 0x00, 0xBA, 0xFF, 0xA0, 0xD8, 0xFF, 0x60, 0x22, 0xFF, 0xD2, 0x00,
    0x2B, 0xC4, 0x4E, 0x7B, 0xFF, 0x9A, 0x00, 0x00, 0x00, 0x00, 0xA5, 0xFF, 0x5B, 0xCE, 0xFF, 0xFF,
    0x31, 0xAF, 0xFF, 0x51, 0x34, 0xC1, 0xFF, 0x01, 0x6F, 0xFF, 0xDD, 0xA3, 0xFF, 0xFD, 0x00, 0x03,
    0xCB, 0xFF, 0xBC, 0xFF, 0xC9, 0x00, 0x00, 0xBA, 0xFF, 0x0F, 0x04, 0xFF, 0xCF, 0x00, 0xED, 0xFF,
    0x00, 0x3C, 0xFF, 0xBB, 0x00, 0xFF, 0xE4, 0x24, 0x94, 0xFF, 0x7E, 0x18, 0xFF, 0xFF, 0xFF, 0xFF,
    0xFF, 0x40, 0x55, 0xFF, 0xA6, 0x6C, 0xF8, 0xFF, 0x09, 0x93, 0xFF, 0x4F, 0x00, 0xFF, 0xFF, 0x00,
    0xAD, 0xFF, 0x18, 0x00, 0xFF, 0xDC, 0x00, 0xE1, 0xFF, 0x00, 0x27, 0xFF, 0xAA, 0x00, 0x00, 0xAE,
    0xFF, 0xFF, 0xFF, 0xFF, 0xBD, 0x00, 0x33, 0x60, 0xFF, 0xED, 0x60, 0x25, 0x00, 0x00, 0x28, 0xFF,
    0xA5, 0x00, 0x00, 0x00, 0x00, 0x66, 0xFF, 0x88, 0x00, 0x00, 0x00, 0x00, 0xA3, 0xFF, 0x4C, 0x00,
    0x00, 0x00, 0x00, 0xBA, 0xFF, 0x10, 0x00, 0x00, 0x2D, 0x60, 0xFC, 0xFF, 0x60, 0x2D, 0x00, 0xB5,
    0xFF, 0xFF, 0xFF, 0xFF, 0x90, 0x00, 0x00, 0x00, 0xFF, 0xFF, 0xFF, 0xFF, 0x7B, 0x00, 0x00, 0x8D,
    0x90, 0xD9, 0xFF, 0x3D, 0x00, 0x00, 0x00, 0x00, 0xC6, 0xFF, 0x07, 0x00, 0x00, 0x00, 0x00, 0xFA,
    0xFF, 0x00, 0x00, 0x00, 0x00, 0x00, 0xFF, 0xD7, 0x00, 0x49, 0x99, 0x00, 0x2D, 0xFF, 0xBE, 0x00,
    0xAA, 0xFF, 0xB2, 0xDA, 0xFF, 0x4B, 0x00, 0x1E, 0xE7, 0xFF, 0xFF, 0x96, 0x00, 0x00, 0x5C, 0xE4,
    0x4C, 0x1F, 0xFF, 0xBE, 0x1B, 0x79, 0xF3, 0x2A, 0xED, 0xE4, 0x30, 0x00, 0x92, 0xFF, 0xBA, 0xFF,
    0x6D, 0x00, 0x00, 0x93, 0xFF, 0xFF, 0xCD, 0x00, 0x00, 0x00, 0xA9, 0xFF, 0xFF, 0xFF, 0x00, 0x00,
    0x00, 0xC4, 0xCC, 0xB5, 0xFF, 0x4B, 0x00, 0x00, 0xDE, 0x77, 0x48, 0xFF, 0xA8, 0x00, 0x00, 0xE7,
    0x4E, 0x01, 0xFF, 0xDD, 0x0B, 0x00, 0x00, 0x5B, 0xFF, 0x93, 0x00, 0x00, 0x00, 0x99, 0xFF, 0x55,
    0x00, 0x00, 0x00, 0xB2, 0xFF, 0x18, 0x00, 0x00, 0x00, 0xE6, 0xFF, 0x00, 0x00, 0x00, 0x00, 0xFF,
    0xED, 0x00, 0x00, 0x00, 0x10, 0xFF, 0xBA, 0x00, 0x00, 0x00, 0x4C, 0xFF, 0xD4, 0x96, 0x96, 0x69,
    0x8A, 0xFF, 0xFF, 0xFF, 0xFF, 0xBE, 0x00, 0x00, 0xFF, 0xAA, 0x3B, 0xFF, 0xFF, 0x00, 0x03, 0xFF,
    0xD0, 0xC2, 0xFE, 0xEC, 0x00, 0x30, 0xFF, 0xFB, 0xFD, 0xFA, 0xB9, 0x00, 0x6A, 0xF0, 0xDD, 0xBB,
    0xF8, 0xA0, 0x00, 0xA3, 0xDB, 0xAC, 0x79, 0xF4, 0x63, 0x00, 0xB7, 0xC8, 0x68, 0x87, 0xEF, 0x25,
    0x00, 0xE6, 0x9D, 0x05, 0x90, 0xED, 0x00, 0x00, 0xED, 0x8D, 0x00, 0x9D, 0xE8, 0x00, 0x00, 0xBA,
    0xFF, 0xAA, 0x00, 0xF6, 0xCF, 0x00, 0xED, 0xFF, 0xDF, 0x00, 0xFF, 0xBB, 0x00, 0xFF, 0xFF, 0xFF,
    0x21, 0xFF, 0x7E, 0x18, 0xFF, 0xC0, 0xFF, 0x6D, 0xFF, 0x40, 0x55, 0xFF, 0x6A, 0xFF, 0xC0, 0xFF,
    0x09, 0x93, 0xFF, 0x10, 0xFF, 0xFF, 0xFF, 0x00, 0xAD, 0xFF, 0x00, 0xF0, 0xFF, 0xDC, 0x00, 0xE1,
    0xE6, 0x00, 0xBA, 0xFF, 0xAA, 0x00, 0x00, 0x19, 0xD0, 0xFF, 0xFF, 0xB2, 0x00, 0x00, 0xE8, 0xFF,
    0xAE, 0xD5, 0xFF, 0x5A, 0x40, 0xFF, 0xB2, 0x00, 0x46, 0xFF, 0xAF, 0xAC, 0xFF, 0x79, 0x00, 0x5E,
    0xFF, 0xAC, 0xB0, 0xFF, 0x3A, 0x00, 0x9F, 0xFF, 0x82, 0xB1, 0xFF, 0x2A, 0x00, 0xD4, 0xFF, 0x1E,
    0x81, 0xFF, 0xC3, 0xBD, 0xFF, 0xC6, 0x00, 0x03, 0xB1, 0xFF, 0xFF, 0xC4, 0x0F, 0x00, 0x00, 0x97,
    0xFF, 0xFF, 0xFF, 0xE2, 0x10, 0x00, 0xB1, 0xFF, 0x93, 0xB1, 0xFF, 0xA3, 0x00, 0xE4, 0xFF, 0x00,
    0x43, 0xFF, 0xA1, 0x00, 0xFF, 0xFF, 0x21, 0xA8, 0xFF, 0x73, 0x0F, 0xFF, 0xFF, 0xFF, 0xFF, 0xCF,
    0x01, 0x4B, 0xFF, 0xBE, 0x64, 0x36, 0x00, 0x00, 0x88, 0xFF, 0x70, 0x00, 0x00, 0x00, 0x00, 0xA5,
    0xFF, 0x2D, 0x00, 0x00, 0x00, 0x00, 0x00, 0x1C, 0xD4, 0xFF, 0xFF, 0xB5, 0x00, 0x00, 0xED, 0xFF,
    0xAE, 0xD5, 0xFF, 0x5B, 0x45, 0xFF, 0xB2, 0x00, 0x46, 0xFF, 0xB1, 0xAE, 0xFF, 0x78, 0x00, 0x60,
    0xFF, 0xAF, 0xB2, 0xFF, 0x39, 0x00, 0x9F, 0xFF, 0x82, 0xB1, 0xFF, 0x2B, 0x00, 0xD7, 0xFF, 0x1E,
    0x78, 0xFF, 0xCB, 0xA7, 0xFF, 0xB0, 0x00, 0x00, 0xA9, 0xFF, 0xFF, 0xAA, 0x15, 0x00, 0x00, 0x00,
    0x4C, 0xFF, 0xAA, 0xFF, 0x51, 0x00, 0x00, 0x00, 0xAB, 0xFF, 0xAC, 0x00, 0x00, 0x9D, 0xFF, 0xFF,
    0xFF, 0xE1, 0x0F, 0x00, 0xB6, 0xFF, 0x88, 0xC8, 0xFF, 0x97, 0x00, 0xE9, 0xFF, 0x00, 0x49, 0xFF,
    0xBB, 0x00, 0xFF, 0xF5, 0x1B, 0xA3, 0xFF, 0x70, 0x13, 0xFF, 0xFF, 0xFF, 0xFF, 0xC1, 0x01, 0x51,
    0xFF, 0xB0, 0xFA, 0xFF, 0x00, 0x00, 0x8E, 0xFF, 0x5E, 0xA9, 0xFF, 0x4E, 0x00, 0xAA, 0xFF, 0x1B,
    0x30, 0xFF, 0xB1, 0x00, 0x00, 0x1F, 0xD0, 0xFF, 0xFF, 0xD9, 0x25, 0x00, 0xD3, 0xFF, 0xB1, 0xBD,
    0xFF, 0x46, 0x00, 0xFF, 0xFF, 0x01, 0x00, 0x03, 0x00, 0x00, 0xCE, 0xFF, 0xFF, 0xB7, 0x2B, 0x00,
    0x00, 0x0A, 0x8D, 0xD7, 0xFF, 0xFF, 0x00, 0x01, 0x19, 0x00, 0x00, 0xEC, 0xFF, 0x00, 0xAF, 0xFF,
    0xBE, 0xBA, 0xFF, 0xE2, 0x00, 0x52, 0xF2, 0xFF, 0xFF, 0xCF, 0x22, 0x00, 0x96, 0xFF, 0xFF, 0xFF,
    0xFF, 0xBC, 0x16, 0x5A, 0x91, 0xEF, 0xFA, 0x8F, 0x61, 0x00, 0x00, 0x20, 0xE1, 0xA6, 0x00, 0x00,
    0x00, 0x00, 0x4B, 0xEA, 0x8A, 0x00, 0x00, 0x00, 0x00, 0x77, 0xF2, 0x4C, 0x00, 0x00, 0x00, 0x00,
    0x86, 0xF5, 0x10, 0x00, 0x00, 0x00, 0x00, 0xAB, 0xFD, 0x00, 0x00, 0x00, 0x00, 0x00, 0xB6, 0xEA,
    0x00, 0x00, 0x00, 0x00, 0x00, 0xD8, 0xFF, 0x00, 0x00, 0xFF, 0xE3, 0x00, 0xFF, 0xFA, 0x00, 0x18,
    0xFF, 0xB0, 0x07, 0xFF, 0xC5, 0x00, 0x58, 0xFF, 0x94, 0x40, 0xFF, 0xAC, 0x00, 0x97, 0xFF, 0x55,
    0x7C, 0xFF, 0x6D, 0x00, 0xB2, 0xFF, 0x18, 0xA9, 0xFF, 0x40, 0x00, 0xF2, 0xFF, 0x00, 0x8B, 0xFF,
    0xC1, 0xBE, 0xFF, 0xA8, 0x00, 0x0A, 0xCF, 0xFF, 0xFF, 0xCD, 0x13, 0x00, 0x95, 0xE8, 0x20, 0x00,
    0xE5, 0xBF, 0x1F, 0x92, 0xF8, 0x23, 0x21, 0xF8, 0x94, 0x00, 0x92, 0xFF, 0x24, 0xA8, 0xE8, 0x42,
    0x00, 0x87, 0xFA, 0x24, 0xFF, 0xDB, 0x00, 0x00, 0x77, 0xF2, 0x5B, 0xFF, 0x8C, 0x00, 0x00, 0x66,
    0xE9, 0xB8, 0xFF, 0x13, 0x00, 0x00, 0x67, 0xEA, 0xFF, 0xC3, 0x00, 0x00, 0x00, 0x52, 0xDF, 0xFF,
    0x4E, 0x00, 0x00, 0x00, 0xA8, 0x92, 0x0F, 0x00, 0x5B, 0xC7, 0x3A, 0xB8, 0x74, 0x09, 0x00, 0xA0,
    0xB6, 0x01, 0xC9, 0x69, 0xE1, 0xBA, 0xC1, 0xA3, 0x00, 0xDA, 0xAC, 0xEE, 0xB5, 0xF4, 0x88, 0x00,
    0xDB, 0xE4, 0xE0, 0xB7, 0xEA, 0x4C, 0x00, 0xE2, 0xFB, 0xC6, 0xE9, 0xDE, 0x11, 0x00, 0xF7, 0xE0,
    0xA9, 0xFF, 0xDB, 0x00, 0x00, 0xFF, 0xAA, 0xA8, 0xFF, 0xAA, 0x00, 0x00, 0x00, 0x24, 0xFD, 0x15,
    0x7D, 0xFF, 0x06, 0x00, 0x17, 0xD6, 0x85, 0xE1, 0x5D, 0x00, 0x00, 0x04, 0x9D, 0xFF, 0xDF, 0x1A,
    0x00, 0x00, 0x00, 0x7E, 0xFF, 0x92, 0x01, 0x00, 0x00, 0x04, 0x9E, 0xFF, 0x8D, 0x00, 0x00, 0x00,
    0x1E, 0xEC, 0xCF, 0xA8, 0x07, 0x00, 0x00, 0x96, 0xCA, 0x64, 0xE3, 0x1B, 0x00, 0x1A, 0xFD, 0x6A,
    0x04, 0xFF, 0x24, 0x00, 0x97, 0xF1, 0x22, 0x00, 0xF3, 0xC0, 0x22, 0x7B, 0xF4, 0x34, 0x7E, 0xF0,
    0x6C, 0x00, 0x4F, 0xDE, 0x7F, 0xFF, 0xD0, 0x01, 0x00, 0x0F, 0xBE, 0xFF, 0xFF, 0x36, 0x00, 0x00,
    0x00, 0xA9, 0xFC, 0xA2, 0x00, 0x00, 0x00, 0x00, 0x86, 0xF5, 0x16, 0x00, 0x00, 0x00, 0x00, 0xA9,
    0xFC, 0x00, 0x00, 0x00, 0x00, 0x00, 0xB6, 0xEE, 0x00, 0x00, 0x00, 0x00, 0x00, 0xC4, 0xFF, 0xFF,
    0xFF, 0xFF, 0xD0, 0x00, 0x67, 0x90, 0x90, 0xFC, 0xFF, 0x9C, 0x00, 0x00, 0x00, 0x82, 0xFF, 0xD0,
    0x00, 0x00, 0x00, 0x4E, 0xFF, 0xFC, 0x0D, 0x00, 0x00, 0x27, 0xFF, 0xFF, 0x27, 0x00, 0x00, 0x0D,
    0xFD, 0xFF, 0x4E, 0x00, 0x00, 0x00, 0xB9, 0xFF, 0xDE, 0x96, 0x96, 0x72, 0x00, 0xFF, 0xFF, 0xFF,
    0xFF, 0xFF, 0xD2, 0x00, 0x00, 0x31, 0xFF, 0xFF, 0xFF, 0x94, 0x00, 0x70, 0xFF, 0x2E, 0x2A, 0x0C,
    0x00, 0xAF, 0xFF, 0x00, 0x00, 0x00, 0x00, 0xC6, 0xD5, 0x00, 0x00, 0x00, 0x00, 0xFB, 0xA2, 0x00,
    0x00, 0x00, 0x00, 0xFF, 0x84, 0x00, 0x00, 0x00, 0x2A, 0xFF, 0x45, 0x00, 0x00, 0x00, 0x69, 0xFF,
    0x0A, 0x00, 0x00, 0x00, 0xA8, 0xFF, 0x00, 0x00, 0x00, 0x00, 0xC0, 0xFF, 0xFF, 0xFF, 0x00, 0x00,
    0x24, 0x36, 0x36, 0x2B, 0x00, 0x00, 0x37, 0xFF, 0x40, 0x00, 0x01, 0xFF, 0x88, 0x00, 0x00, 0xF6,
    0xAC, 0x00, 0x00, 0xBB, 0xE8, 0x00, 0x00, 0x99, 0xFF, 0x00, 0x00, 0x52, 0xFF, 0x25, 0x00, 0x0D,
    0xFF, 0x6D, 0x00, 0x00, 0xFF, 0xB4, 0x00, 0x00, 0xD2, 0xD2, 0x00, 0x00, 0xB4, 0xFF, 0x00, 0x27,
    0xFF, 0xFF, 0xFF, 0xA5, 0x00, 0x07, 0x2A, 0x39, 0xFF, 0x67, 0x00, 0x00, 0x00, 0x4B, 0xFF, 0x28,
    0x00, 0x00, 0x00, 0x88, 0xFF, 0x00, 0x00, 0x00, 0x00, 0xA5, 0xF8, 0x00, 0x00, 0x00, 0x00, 0xD9,
    0xC4, 0x00, 0x00, 0x00, 0x00, 0xFF, 0xAE, 0x00, 0x00, 0x00, 0x07, 0xFF, 0x6F, 0x00, 0x00, 0x00,
    0x3F, 0xFF, 0x30, 0x00, 0xAA, 0xFF, 0xFF, 0xFF, 0x01, 0x00, 0x22, 0x36, 0x36, 0x2E, 0x00, 0x00,
    0x00, 0x00, 0x07, 0xA6, 0xA8, 0x01, 0x00, 0x00, 0x00, 0xBA, 0xFF, 0xFF, 0x5A, 0x00, 0x00, 0x36,
    0xFF, 0xB4, 0xFF, 0xB4, 0x00, 0x00, 0xE9, 0xFF, 0x06, 0xC3, 0xFF, 0x01, 0x87, 0xFF, 0x52, 0x00,
    0x6A, 0xFF, 0x51, 0x13, 0x72, 0x00, 0x00, 0x06, 0x6A, 0x01, 0x00, 0x16, 0x23, 0x24, 0x24, 0x1D,
    0x0A, 0x04, 0xB8, 0xFF, 0xFF, 0xFF, 0xCE, 0x52, 0x06, 0x4C, 0x66, 0x66, 0x66, 0x4C, 0x0A, 0x00,
    0x00, 0x0A, 0x00, 0x00, 0xDA, 0xB7, 0x00, 0x00, 0xA0, 0xFF, 0x0C, 0x00, 0x03, 0x82, 0x07, 0x00,
    0x84, 0xFF, 0xFF, 0xB0, 0xFF, 0x39, 0x2B, 0xFF, 0xEE, 0x7B, 0xFF, 0xFF, 0x06, 0xA5, 0xFF, 0x5A,
    0x00, 0xF3, 0xFF, 0x00, 0xAD, 0xFF, 0x1C, 0x16, 0xFF, 0xD4, 0x00, 0xBE, 0xFF, 0xA5, 0xCA, 0xFF,
    0xDF, 0x06, 0x36, 0xFF, 0xFF, 0x5A, 0xFF, 0xFF, 0x00, 0x00, 0xA2, 0xFF, 0x24, 0x00, 0x00, 0x00,
    0x00, 0xD8, 0xFF, 0x00, 0x00, 0x00, 0x00, 0x00, 0xFF, 0xEE, 0xC1, 0xFF, 0xB9, 0x00, 0x09, 0xFF,
    0xFF, 0x99, 0xF0, 0xFF, 0x24, 0x45, 0xFF, 0xB5, 0x00, 0xB8, 0xFF, 0x37, 0x85, 0xFF, 0x55, 0x00,
    0xCB, 0xFF, 0x0C, 0xA5, 0xFF, 0xB8, 0x97, 0xFF, 0xD5, 0x00, 0xDA, 0xFF, 0xB7, 0xFF, 0xF0, 0x1F,
    0x00, 0x00, 0x22, 0xE1, 0xFF, 0xFF, 0x7F, 0x00, 0xFC, 0xFF, 0x93, 0xF1, 0xCA, 0x4F, 0xFF, 0xA9,
    0x00, 0x04, 0x00, 0x81, 0xFF, 0x70, 0x00, 0x48, 0x39, 0x4E, 0xFF, 0xDC, 0x97, 0xFF, 0xB2, 0x00,
    0xA3, 0xFF, 0xFF, 0xB0, 0x06, 0x00, 0x00, 0x00, 0x00, 0x00, 0xFF, 0xDD, 0x00, 0x00, 0x00, 0x00,
    0x25, 0xFF, 0xA7, 0x00, 0x78, 0xFF, 0xFF, 0xB1, 0xFF, 0x87, 0x24, 0xFF, 0xF6, 0x7B, 0xF5, 0xFF,
    0x46, 0x9F, 0xFF, 0x5D, 0x00, 0xC9, 0xFF, 0x0A, 0xAC, 0xFF, 0x1C, 0x04, 0xFF, 0xFF, 0x00, 0xBB,
    0xFF, 0xB4, 0xBA, 0xFF, 0xD7, 0x00, 0x30, 0xFF, 0xFF, 0xB7, 0xFF, 0xA1, 0x00, 0x00, 0x1F, 0xCE,
    0xFF, 0xFF, 0x9D, 0x00, 0x01, 0xF8, 0xFF, 0x66, 0xE1, 0xFF, 0x03, 0x52, 0xFF, 0xAE, 0x2E, 0xF5,
    0xFF, 0x00, 0x87, 0xFF, 0xFF, 0xFF, 0xC9, 0x33, 0x00, 0x51, 0xFF, 0xB7, 0x73, 0xCD, 0xB4, 0x00,
    0x00, 0xA2, 0xFF, 0xFF, 0xDA, 0x22, 0x00, 0x00, 0x00, 0x00, 0x67, 0xFF, 0xFF, 0x25, 0x00, 0x00,
    0x00, 0xF5, 0xC3, 0x70, 0x00, 0x00, 0x22, 0xF9, 0xFF, 0xFF, 0xE2, 0x00, 0x00, 0x0E, 0x7F, 0xFF,
    0xA1, 0x49, 0x00, 0x00, 0x00, 0x3E, 0xFF, 0x43, 0x00, 0x00, 0x00, 0x00, 0x62, 0xFF, 0x1E, 0x00,
    0x00, 0x00, 0x00, 0x71, 0xFF, 0x02, 0x00, 0x00, 0x09, 0x8C, 0x98, 0xFF, 0x00, 0x00, 0x00, 0x1A,
    0xFA, 0xF0, 0xBE, 0x00, 0x00, 0x00, 0x00, 0x77, 0xFF, 0x3C, 0x00, 0x00, 0x00, 0x00, 0x78, 0xFF,
    0xFF, 0xBA, 0xFF, 0x75, 0x22, 0xFF, 0xFF, 0x7C, 0xF1, 0xFF, 0x36, 0x99, 0xFF, 0x79, 0x00, 0xBC,
    0xFF, 0x03, 0xA3, 0xFF, 0x2E, 0x01, 0xFF, 0xFF, 0x00, 0xA9, 0xFF, 0xA3, 0xAD, 0xFF, 0xCD, 0x00,
    0x21, 0xFF, 0xFF, 0xAF, 0xFF, 0xA9, 0x00, 0x49, 0xAF, 0x75, 0xDF, 0xFF, 0x2D, 0x00, 0x9F, 0xFF,
    0xFF, 0xFF, 0x69, 0x00, 0x00, 0x00, 0xB1, 0xFF, 0x36, 0x00, 0x00, 0x00, 0x00, 0xC9, 0xFF, 0x03,
    0x00, 0x00, 0x00, 0x00, 0xFF, 0xFC, 0xBB, 0xFF, 0xB7, 0x00, 0x01, 0xFF, 0xFF, 0x99, 0xF7, 0xFF,
    0x0A, 0x33, 0xFF, 0xAA, 0x00, 0xC5, 0xFF, 0x03, 0x73, 0xFF, 0x6D, 0x00, 0xF7, 0xFF, 0x00, 0xB4,
    0xFF, 0x2E, 0x00, 0xFF, 0xD7, 0x00, 0xCB, 0xFF, 0x01, 0x24, 0xFF, 0xA5, 0x00, 0x00, 0x00, 0x0D,
    0xF5, 0xBE, 0x00, 0x00, 0x00, 0x00, 0x21, 0xFF, 0xB4, 0x00, 0x00, 0x00, 0x00, 0x00, 0x00, 0x00,
    0x00, 0x00, 0x31, 0xFF, 0xFF, 0xFF, 0x4E, 0x00, 0x00, 0x19, 0x72, 0xE4, 0xFF, 0x0D, 0x00, 0x00,
    0x00, 0x00, 0xF0, 0xFF, 0x00, 0x00, 0x00, 0x00, 0x00, 0xFF, 0xD3, 0x5B, 0xBA, 0x01, 0x00, 0x19,
    0xFF, 0xE4, 0xFF, 0xAC, 0x00, 0x00, 0x01, 0xE9, 0xFF, 0xA5, 0x01, 0x00, 0x00, 0x00, 0x00, 0x1B,
    0xFF, 0xA7, 0x00, 0x00, 0x00, 0x3C, 0xFF, 0xBE, 0x00, 0x00, 0x00, 0x00, 0x00, 0x00, 0x00, 0xA2,
    0xFF, 0xFF, 0xFF, 0x45, 0x00, 0x45, 0x72, 0xEB, 0xFF, 0x0A, 0x00, 0x00, 0x00, 0xF5, 0xFF, 0x00,
    0x00, 0x00, 0x00, 0xFF, 0xD8, 0x00, 0x00, 0x00, 0x25, 0xFF, 0xA3, 0x00, 0xAC, 0xA2, 0x66, 0xFF,
    0x84, 0x00, 0xA8, 0xFF, 0xCE, 0xFF, 0x31, 0x00, 0x07, 0xD4, 0xFF, 0xB2, 0x00, 0x00, 0x00, 0xB7,
    0xFF, 0x30, 0x00, 0x00, 0x00, 0x00, 0xCE, 0xFF, 0x01, 0x00, 0x00, 0x00, 0x00, 0xFF, 0xF7, 0xAB,
    0xFF, 0xD8, 0x00, 0x04, 0xFF, 0xFF, 0x8D, 0xF0, 0xFF, 0x12, 0x39, 0xFF, 0xA1, 0x19, 0xFB, 0xD4,
    0x00, 0x79, 0xFF, 0xBA, 0xFF, 0xAB, 0x0D, 0x00, 0xBA, 0xFF, 0x57, 0xFF, 0xD3, 0xFF, 0x4E, 0xD0,
    0xFF, 0x00, 0xB1, 0xFF, 0xBE, 0x00, 0x00, 0xFF, 0xFF, 0xFF, 0x88, 0x00, 0x01, 0x72, 0xC1, 0xFF,
    0x3F, 0x00, 0x00, 0x00, 0xC3, 0xFF, 0x04, 0x00, 0x00, 0x00, 0xFF, 0xFB, 0x00, 0x00, 0x00, 0x07,
    0xFF, 0xBF, 0x00, 0x00, 0x00, 0x48, 0xFF, 0x9C, 0x7B, 0x4B, 0x00, 0x84, 0xFF, 0xC0, 0xFF, 0x87,
    0x00, 0x39, 0xFF, 0xFF, 0x7F, 0x00, 0x00, 0x60, 0xF3, 0xE4, 0xC9, 0xF6, 0x7E, 0x00, 0x97, 0xE4,
    0xC1, 0xAB, 0xFA, 0xB8, 0x00, 0xAD, 0xCB, 0xB3, 0x42, 0xF6, 0x85, 0x00, 0xDB, 0xB0, 0xD1, 0x5C,
    0xF2, 0x46, 0x00, 0xED, 0xA3, 0xCE, 0x85, 0xEE, 0x0C, 0x0C, 0xEE, 0x7E, 0xCF, 0xAA, 0xED, 0x00,
    0x00, 0xFF, 0xF1, 0xC6, 0xFF, 0xB7, 0x00, 0x0A, 0xFF, 0xFF, 0x63, 0xE4, 0xFF, 0x0A, 0x43, 0xFF,
    0xBD, 0x00, 0xCA, 0xFF, 0x03, 0x7F, 0xFF, 0x67, 0x00, 0xFB, 0xFF, 0x00, 0xBB, 0xFF, 0x2A, 0x00,
    0xFF, 0xD7, 0x00, 0xCD, 0xFF, 0x00, 0x24, 0xFF, 0xA5, 0x00, 0x00, 0x3F, 0xEB, 0xFF, 0xFF, 0x66,
    0x00, 0x15, 0xFF, 0xF5, 0x76, 0xFA, 0xFF, 0x03, 0x8D, 0xFF, 0x67, 0x00, 0xA1, 0xFF, 0x1F, 0xBD,
    0xFF, 0x2A, 0x00, 0xD9, 0xFF, 0x01, 0x81, 0xFF, 0xA5, 0x8D, 0xFF, 0xB2, 0x00, 0x03, 0xBA, 0xFF,
    0xFF, 0xB2, 0x0C, 0x00, 0x00, 0x00, 0xF9, 0xD8, 0xF4, 0xAC, 0x00, 0x00, 0x1A, 0xFF, 0xB3, 0xC3,
    0xEF, 0x24, 0x00, 0x56, 0xEC, 0x54, 0x92, 0xF1, 0x37, 0x00, 0x91, 0xDA, 0x29, 0xA3, 0xEE, 0x0C,
    0x00, 0xA9, 0xF0, 0xAB, 0xE9, 0xC6, 0x00, 0x00, 0xDA, 0xF0, 0xDB, 0xF3, 0x1D, 0x00, 0x00, 0xED,
    0xB5, 0x00, 0x00, 0x00, 0x00, 0x0E, 0xEE, 0x8A, 0x00, 0x00, 0x00, 0x00, 0x00, 0x78, 0xFF, 0xFF,
    0xBD, 0xFF, 0x6F, 0x24, 0xFF, 0xF6, 0x7B, 0xF5, 0xFF, 0x30, 0x9F, 0xFF, 0x5D, 0x00, 0xC9, 0xFF,
    0x01, 0xAC, 0xFF, 0x1C, 0x04, 0xFF, 0xFF, 0x00, 0xBB, 0xFF, 0xB4, 0xAF, 0xFF, 0xCA, 0x00, 0x30,
    0xFF, 0xFF, 0x9D, 0xFF, 0xB4, 0x00, 0x00, 0x00, 0x00, 0x75, 0xFF, 0x75, 0x00, 0x00, 0x00, 0x00,
    0xB2, 0xFF, 0x36, 0x00, 0xFF, 0xFF, 0xFF, 0x70, 0xFF, 0xB4, 0x69, 0xFF, 0xFF, 0xF1, 0xD4, 0x54,
    0x00, 0xFF, 0xFF, 0x10, 0x00, 0x00, 0x07, 0xFF, 0xBF, 0x00, 0x00, 0x00, 0x3D, 0xFF, 0xA9, 0x00,
    0x00, 0x00, 0x78, 0xFF, 0x70, 0x00, 0x00, 0x00, 0x00, 0x4B, 0xF6, 0xFF, 0xFF, 0xB4, 0x00, 0xFD,
    0xFF, 0x58, 0x9D, 0x70, 0x00, 0xF7, 0xFF, 0xD9, 0x9C, 0x09, 0x00, 0x24, 0xB8, 0xF0, 0xFF, 0xA0,
    0x2E, 0xC6, 0x61, 0x76, 0xFF, 0xBD, 0x45, 0xEE, 0xFF, 0xFF, 0xC9, 0x10, 0x00, 0x00, 0x6A, 0xFF,
    0x51, 0x00, 0x00, 0x00, 0x01, 0xAC, 0xFF, 0x13, 0x00, 0x00, 0x45, 0xFF, 0xFF, 0xFF, 0xFF, 0xFF,
    0x28, 0x1F, 0x72, 0xFF, 0xFD, 0x72, 0x70, 0x00, 0x00, 0x15, 0xFF, 0xB5, 0x00, 0x00, 0x00, 0x00,
    0x52, 0xFF, 0x9C, 0x58, 0x88, 0x00, 0x00, 0x79, 0xFF, 0xD3, 0xFF, 0xB9, 0x00, 0x00, 0x27, 0xFF,
    0xFF, 0xA2, 0x00, 0x00, 0x00, 0xFF, 0xD9, 0x00, 0x91, 0xFF, 0x58, 0x1F, 0xFF, 0xA5, 0x00, 0xAB,
    0xFF, 0x1C, 0x5D, 0xFF, 0x87, 0x00, 0xDD, 0xFF, 0x00, 0x99, 0xFF, 0x4B, 0x0A, 0xFF, 0xF3, 0x00,
    0xA8, 0xFF, 0xB7, 0xBB, 0xFF, 0xC1, 0x00, 0x2D, 0xFF, 0xFF, 0xB5, 0xFF, 0xAC, 0x00, 0x00, 0x00,
    0x00, 0x00, 0x00, 0x0A, 0x00, 0xB7, 0xFF, 0xFF, 0x18, 0xC9, 0xFF, 0x00, 0x42, 0xF6, 0xFF, 0x00,
    0xBC, 0xFF, 0x0C, 0x00, 0xFF, 0xF6, 0x00, 0xC3, 0xFF, 0x07, 0x00, 0xFF, 0xC6, 0x0F, 0xFF, 0xE3,
    0x00, 0x15, 0xFF, 0xC5, 0xE8, 0xFF, 0x37, 0x00, 0x00, 0xE4, 0xFF, 0xEC, 0x39, 0x00, 0x00, 0x00,
    0x00, 0x00, 0x00, 0x00, 0x04, 0x00, 0x5D, 0xFF, 0x1E, 0xFF, 0x67, 0xFF, 0x48, 0x9C, 0xFF, 0x3D,
    0xFF, 0x1C, 0xFF, 0x84, 0xB6, 0xDC, 0x75, 0xFF, 0x03, 0xFF, 0x78, 0xEB, 0xA2, 0xB1, 0xF2, 0x51,
    0xFF, 0x2E, 0xFF, 0xD7, 0xFF, 0xFF, 0xF2, 0xE7, 0x00, 0xBA, 0xFF, 0x88, 0xFF, 0xEB, 0x22, 0x00,
    0x00, 0x07, 0xB9, 0xD8, 0xAB, 0xF5, 0x76, 0x00, 0x8E, 0xF0, 0xDD, 0xBD, 0xF7, 0xCA, 0x00, 0x03,
    0x2C, 0xD1, 0x6B, 0x2A, 0x19, 0x00, 0x2D, 0x36, 0xDA, 0x41, 0x12, 0x00, 0x06, 0xEE, 0xB1, 0xF4,
    0xC0, 0xEF, 0x24, 0x00, 0xCA, 0xDA, 0xA8, 0xFF, 0x6B, 0x00, 0x00, 0xFF, 0xDA, 0x00, 0x90, 0xFF,
    0x57, 0x1C, 0xFF, 0xA8, 0x00, 0xA7, 0xFF, 0x18, 0x58, 0xFF, 0x8D, 0x00, 0xD8, 0xFF, 0x00, 0x91,
    0xFF, 0x55, 0x09, 0xFF, 0xE9, 0x00, 0x9A, 0xFF, 0xBD, 0xAD, 0xFF, 0xB4, 0x00, 0x25, 0xFF, 0xFF,
    0xBE, 0xFF, 0x8B, 0x00, 0x5B, 0xA8, 0x78, 0xF2, 0xFF, 0x1B, 0x00, 0xB7, 0xFF, 0xFF, 0xFC, 0x57,
    0x00, 0x00, 0x00, 0xAD, 0xFF, 0xFF, 0x79, 0xFF, 0x76, 0x22, 0xFF, 0xA3, 0xB4, 0xFF, 0xFF, 0x21,
    0x09, 0x3C, 0x36, 0xFF, 0xF0, 0x1C, 0x00, 0x00, 0x64, 0xFF, 0xC3, 0x4C, 0xAF, 0x00, 0x87, 0xFF,
    0xFF, 0xB2, 0xA8, 0xFF, 0x00, 0xE4, 0xD5, 0xA0, 0xFF, 0xFF, 0xB4, 0x00, 0x00, 0x00, 0xBF, 0xFF,
    0xFF, 0xA9, 0x00, 0x0C, 0xFF, 0x81, 0x2A, 0x0D, 0x00, 0x01, 0xFF, 0xB1, 0x00, 0x00, 0x00, 0x01,
    0xC0, 0xF8, 0x00, 0x00, 0xFA, 0xFF, 0xFF, 0x43, 0x00, 0x00, 0x34, 0x55, 0xFF, 0x96, 0x00, 0x00,
    0x00, 0x4C, 0xFF, 0x55, 0x00, 0x00, 0x03, 0xFF, 0xAA, 0x00, 0x00, 0x00, 0x3F, 0xFF, 0x36, 0x00,
    0x00, 0x00, 0x3D, 0xFF, 0xFF, 0xFF, 0x04, 0x00, 0x00, 0x1C, 0x36, 0x30, 0x00, 0x00, 0x00, 0x00,
    0xAC, 0xFF, 0x00, 0x00, 0xE1, 0xD7, 0x00, 0x00, 0xFF, 0xA1, 0x00, 0x0D, 0xFF, 0x82, 0x00, 0x4B,
    0xFF, 0x42, 0x00, 0x8A, 0xFF, 0x09, 0x00, 0xA7, 0xFF, 0x00, 0x00, 0xDC, 0xD8, 0x00, 0x00, 0xFF,
    0xA3, 0x00, 0x09, 0xFF, 0x85, 0x00, 0x00, 0x42, 0xFF, 0xFF, 0xFF, 0x03, 0x00, 0x0A, 0x2A, 0xA3,
    0xFF, 0x01, 0x00, 0x00, 0x1C, 0xFF, 0xAC, 0x00, 0x00, 0x00, 0xBB, 0xF5, 0x01, 0x00, 0x00, 0x00,
    0x5E, 0xFF, 0xFF, 0xC1, 0x00, 0x00, 0xFF, 0xB4, 0x40, 0x1F, 0x00, 0x03, 0xFF, 0x9D, 0x00, 0x00,
    0x00, 0x00, 0xB9, 0xFA, 0x00, 0x00, 0x00, 0x00, 0xB2, 0xFF, 0x00, 0x00, 0xBF, 0xFF, 0xFF, 0xB7,
    0x00, 0x00, 0x27, 0x36, 0x24, 0x00, 0x00, 0x00, 0x00, 0x00, 0x0D, 0x00, 0x00, 0x00, 0x00, 0x06,
    0xE4, 0xFF, 0xA5, 0x00, 0xE6, 0x70, 0x8D, 0xFF, 0xBB, 0xFF, 0x76, 0xFF, 0x30, 0xD4, 0xA2, 0x0C,
    0xFF, 0xFF, 0xB6, 0x00, 0x04, 0x0D, 0x00, 0x13, 0x4C, 0x01, 0x00, 0x00, 0x01, 0x58, 0x1E, 0x00,
    0x8B, 0xFF, 0xC8, 0x00, 0x69, 0xFF, 0x6D, 0x00, 0x01, 0x27, 0x00, 0x00, 0x5E, 0xC6, 0x00, 0x00,
    0xC3, 0xD4, 0x00, 0x09, 0xFF, 0xDF, 0x00, 0x45, 0xFF, 0xBB, 0x00, 0x82, 0xFF, 0xA2, 0x00, 0x00,
    0x00, 0x00, 0x5E, 0x8D, 0x00, 0x00, 0x00, 0x00, 0x13, 0xDD, 0xD9, 0x00, 0x00, 0x00, 0x6A, 0xFF,
    0xFF, 0xFF, 0xD7, 0x00, 0x0F, 0xFF, 0xD2, 0xFF, 0x9F, 0x9C, 0x04, 0x66, 0xFF, 0x78, 0xFF, 0x0F,
    0x00, 0x00, 0x82, 0xFF, 0x88, 0xFF, 0x43, 0x40, 0x00, 0x37, 0xFF, 0xFF, 0xFF, 0xFF, 0xBD, 0x00,
    0x00, 0x7B, 0xFF, 0xFF, 0xAF, 0x01, 0x00, 0x00, 0x00, 0xEE, 0xBA, 0x00, 0x00, 0x00, 0x00, 0x00,
    0xA6, 0xFF, 0xFF, 0xE7, 0x25, 0x00, 0x75, 0xFF, 0xE3, 0xA1, 0xFF, 0x8B, 0x00, 0xA0, 0xFF, 0x1B,
    0x00, 0x00, 0x00, 0x82, 0xFF, 0xFF, 0xFF, 0xFF, 0x06, 0x00, 0x1C, 0xA0, 0xFF, 0x96, 0x3A, 0x15,
    0x01, 0x0A, 0xDE, 0xFD, 0x33, 0x06, 0xFF, 0x4B, 0xBA, 0xFF, 0xFF, 0xFF, 0xF8, 0xFF, 0x7C, 0xC8,
    0xEC, 0x30, 0xAF, 0xFF, 0xFF, 0x24, 0x00, 0x00, 0x00, 0x00, 0x00, 0x00, 0x00, 0x00, 0xBA, 0xAA,
    0x00, 0x00, 0xD7, 0x99, 0x00, 0xB4, 0xFF, 0xFF, 0xFF, 0xFF, 0x3F, 0x00, 0xF3, 0xFF, 0x64, 0xE6,
    0xFF, 0x0C, 0x2A, 0xFF, 0xBE, 0x00, 0xA6, 0xFF, 0x1F, 0x2D, 0xFF, 0xB4, 0x21, 0xFF, 0xFF, 0x00,
    0x2B, 0xFF, 0xFF, 0xFF, 0xFF, 0x97, 0x00, 0xAA, 0xF1, 0x22, 0x33, 0xD9, 0xAB, 0x00, 0x00, 0x13,
    0x00, 0x00, 0x13, 0x00, 0x00, 0x99, 0xD6, 0x1C, 0x00, 0xDD, 0xC3, 0x2D, 0x76, 0xF1, 0x27, 0x79,
    0xEE, 0x63, 0x00, 0x41, 0xD7, 0x84, 0xFF, 0xB8, 0x00, 0x00, 0x0B, 0xBC, 0xFF, 0xFF, 0x22, 0x00,
    0x00, 0xBF, 0xFF, 0xFF, 0xFF, 0xDB, 0x02, 0x00, 0x3D, 0xB3, 0xFA, 0x54, 0x3F, 0x00, 0x00, 0x54,
    0xCB, 0xFD, 0x66, 0x39, 0x00, 0x00, 0xF3, 0xFF, 0xFF, 0xFF, 0x96, 0x00, 0x00, 0x00, 0x00, 0xAB,
    0xFF, 0x00, 0x00, 0xDE, 0xD7, 0x00, 0x00, 0xFF, 0xA2, 0x00, 0x0A, 0xFF, 0x84, 0x00, 0x03, 0x1E,
    0x07, 0x00, 0x00, 0x00, 0x00, 0x00, 0xA6, 0xFF, 0x00, 0x00, 0xD9, 0xD8, 0x00, 0x00, 0xFF, 0xA5,
    0x00, 0x07, 0xFF, 0x88, 0x00, 0x01, 0x1E, 0x07, 0x00, 0x00, 0x0A, 0xCD, 0xFF, 0xFF, 0xBB, 0x0A,
    0x00, 0xA2, 0xFF, 0x76, 0x81, 0xA2, 0x00, 0x00, 0xB7, 0xFF, 0x8D, 0x0F, 0x00, 0x00, 0x00, 0x25,
    0xFF, 0xFF, 0xFF, 0x8D, 0x00, 0x27, 0xFF, 0x46, 0x40, 0xFF, 0xFF, 0x00, 0x84, 0xFF, 0xAF, 0x12,
    0xCE, 0xA7, 0x00, 0x16, 0xE6, 0xFF, 0xFF, 0xB7, 0x00, 0x00, 0x00, 0x00, 0x3C, 0xDF, 0xFF, 0x0D,
    0x00, 0x36, 0xB1, 0x5D, 0xC4, 0xFF, 0x04, 0x00, 0x5B, 0xFF, 0xFF, 0xFF, 0x72, 0x00, 0x00, 0x46,
    0xD0, 0x2A, 0xBA, 0x87, 0x9A, 0xFF, 0x46, 0xFF, 0xB7, 0x00, 0x12, 0xB8, 0xC5, 0xC4, 0x67, 0x00,
    0x06, 0xD8, 0x4B, 0x00, 0x01, 0xB6, 0x55, 0xA0, 0x6A, 0xA2, 0xFF, 0xE9, 0x1F, 0xC4, 0xDA, 0x7F,
    0xFF, 0x58, 0xA9, 0x21, 0xD4, 0xD0, 0xA3, 0xFF, 0x0D, 0x61, 0x15, 0xCE, 0xD0, 0x4C, 0xFF, 0xFF,
    0xC9, 0x99, 0x79, 0x82, 0xBA, 0x09, 0x1C, 0x63, 0xC8, 0x00, 0x00, 0x82, 0xC8, 0xCA, 0xA5, 0x03,
    0x00, 0x00, 0x97, 0xFF, 0xFF, 0x5A, 0x01, 0xA6, 0xD2, 0xFF, 0xB8, 0x58, 0xFF, 0x04, 0xFF, 0x7F,
    0x2A, 0xFF, 0xBA, 0xFF, 0x3D, 0x00, 0x00, 0x4F, 0x4B, 0x00, 0x94, 0x04, 0x00, 0x9D, 0xFF, 0x9A,
    0xD4, 0xFF, 0x27, 0x61, 0xFF, 0x97, 0xBA, 0xFF, 0x3F, 0x00, 0x7F, 0xFF, 0x78, 0xD3, 0xFF, 0x21,
    0x00, 0x00, 0xB2, 0xFF, 0x1F, 0xFF, 0xB6, 0x00, 0x00, 0x00, 0x51, 0x00, 0x1E, 0x33, 0x00, 0x03,
    0x1E, 0x1E, 0x1E, 0x1E, 0x1B, 0x4F, 0xFF, 0xFF, 0xFF, 0xFF, 0xFF, 0x1C, 0x60, 0x60, 0x60, 0xEB,
    0xD8, 0x00, 0x00, 0x00, 0x00, 0xFF, 0xA1, 0x00, 0x00, 0x00, 0x00, 0x57, 0x25, 0x3C, 0xBE, 0xBE,
    0xBE, 0x31, 0x96, 0xFF, 0xFF, 0xFF, 0x24, 0x00, 0x49, 0xA3, 0xA5, 0x0D, 0x1F, 0xA1, 0xCE, 0x99,
    0xA9, 0x7F, 0x8B, 0xF0, 0xAC, 0xA1, 0x58, 0xC6, 0xF3, 0xAB, 0x73, 0x00, 0x97, 0xB4, 0x85, 0x00,
    0x24, 0xFF, 0xFF, 0xFF, 0x63, 0x0C, 0x42, 0x42, 0x42, 0x0A, 0x00, 0x7E, 0xFF, 0xFF, 0x63, 0x28,
    0xFF, 0x6C, 0xA1, 0xFF, 0x57, 0xFF, 0x13, 0xA9, 0xF5, 0x07, 0xEE, 0xFF, 0xFF, 0x51, 0x00, 0x00,
    0x1C, 0x01, 0x00, 0x00, 0x00, 0x00, 0xF6, 0xC5, 0x00, 0x00, 0x00, 0x15, 0x18, 0xFF, 0xBE, 0x18,
    0x06, 0x0A, 0xFF, 0xFF, 0xFF, 0xFF, 0xFF, 0x52, 0x0A, 0x60, 0xAE, 0xFF, 0x81, 0x60, 0x0A, 0x00,
    0x00, 0xA0, 0xFF, 0x01, 0x00, 0x00, 0x46, 0x78, 0x78, 0x78, 0x78, 0x4C, 0x00, 0xDF, 0xFF, 0xFF,
    0xFF, 0xFF, 0xAB, 0x00, 0x00, 0x6A, 0xFF, 0xFF, 0x3F, 0x00, 0x31, 0x34, 0xFF, 0x7B, 0x00, 0x49,
    0xF0, 0xA9, 0x00, 0x0C, 0xFF, 0xFF, 0xFF, 0x12, 0x00, 0x64, 0xFF, 0xFF, 0x54, 0x00, 0x00, 0xF1,
    0xFF, 0x12, 0x00, 0x5A, 0x10, 0xFF, 0x2A, 0x06, 0xEE, 0xFF, 0xCD, 0x01, 0x00, 0x07, 0x01, 0x00,
    0x00, 0xA3, 0xF5, 0x04, 0x31, 0xFF, 0x8A, 0x00, 0x10, 0x79, 0x00, 0x00, 0x00, 0x00, 0xFB, 0x77,
    0x64, 0xF4, 0x6A, 0x00, 0x0C, 0xF1, 0x5E, 0x93, 0xF0, 0x2D, 0x00, 0x46, 0xEC, 0x53, 0xA2, 0xED,
    0x01, 0x00, 0x80, 0xE0, 0x36, 0xC8, 0xED, 0x00, 0x00, 0x9B, 0xF1, 0xAA, 0xE9, 0xBE, 0x00, 0x00,
    0xCC, 0xFF, 0xD0, 0xEB, 0xAD, 0x00, 0x00, 0xED, 0xA5, 0x00, 0x00, 0x00, 0x00, 0x06, 0xED, 0x95,
    0x00, 0x00, 0x00, 0x00, 0x00, 0x28, 0xDD, 0xFF, 0xFF, 0xFF, 0xFF, 0x01, 0xFB, 0xFF, 0xFF, 0xF3,
    0xDC, 0xEE, 0x34, 0xFF, 0xFF, 0xFF, 0xA8, 0xDD, 0xBB, 0x39, 0xFF, 0xFF, 0xFF, 0x8D, 0xFF, 0xA5,
    0x00, 0xD5, 0xFF, 0xFF, 0x58, 0xFF, 0x67, 0x00, 0x00, 0x84, 0xFF, 0x54, 0xFF, 0x2B, 0x00, 0x00,
    0x91, 0xFF, 0x7C, 0xFF, 0x01, 0x00, 0x00, 0xAC, 0xEB, 0xB8, 0xFF, 0x00, 0x00, 0x00, 0xDF, 0xB9,
    0xCD, 0xCD, 0x00, 0x00, 0x00, 0xD7, 0x85, 0xC6, 0x99, 0x00, 0x07, 0x52, 0x0F, 0xBA, 0xFF, 0xA2,
    0xC0, 0xFF, 0x63, 0x00, 0x00, 0x19, 0x00, 0x00, 0x34, 0xC8, 0x01, 0x00, 0x39, 0xCA, 0xB2, 0x09,
    0xEB, 0xFF, 0x6C, 0x60, 0xFF, 0xFF, 0x00, 0x28, 0xA6, 0xC9, 0x00, 0x00, 0xC1, 0xAF, 0x00, 0xB4,
    0xFF, 0xFF, 0x15, 0x00, 0x8D, 0xFF, 0xFF, 0x84, 0x19, 0xFF, 0x3C, 0x93, 0xF5, 0x43, 0xFF, 0x04,
    0xB7, 0xC5, 0x04, 0xDE, 0xFF, 0xF0, 0x2A, 0x00, 0x8E, 0x04, 0x16, 0x7C, 0x00, 0x00, 0x0C, 0xFF,
    0xCE, 0x6C, 0xFF, 0x82, 0x00, 0x00, 0x69, 0xFF, 0x6D, 0xC0, 0xFF, 0x00, 0x04, 0xCA, 0xFF, 0x5E,
    0xFF, 0xF6, 0x00, 0xBA, 0xFF, 0x4C, 0xFF, 0xDC, 0x16, 0x00, 0x3A, 0x1B, 0x00, 0x54, 0x01, 0x00,
    0x00, 0x00, 0x01, 0x23, 0x04, 0x00, 0x29, 0x15, 0x00, 0x2F, 0xFC, 0x09, 0x21, 0xE6, 0x19, 0x00,
    0x09, 0xAC, 0x00, 0x73, 0x87, 0x00, 0x00, 0x0E, 0xAB, 0x00, 0xB8, 0x1D, 0x00, 0x00, 0x7C, 0xFF,
    0x7F, 0x75, 0x04, 0x00, 0x00, 0x06, 0x7A, 0x04, 0xBA, 0x35, 0x00, 0x00, 0x2E, 0xB8, 0x6D, 0xCA,
    0x24, 0x00, 0x00, 0xC3, 0x4B, 0xEB, 0xF8, 0x4C, 0x00, 0x25, 0x8B, 0x02, 0x00, 0x60, 0x12, 0x00,
    0x00, 0x00, 0x1B, 0x04, 0x00, 0x20, 0x10, 0x00, 0x2E, 0xFB, 0x09, 0x1F, 0xE5, 0x1C, 0x00, 0x09,
    0xAD, 0x00, 0x72, 0x8B, 0x00, 0x00, 0x0E, 0xAB, 0x00, 0xB8, 0x1D, 0x00, 0x00, 0x7C, 0xFF, 0x7F,
    0x75, 0x04, 0x00, 0x00, 0x04, 0x64, 0x3F, 0xF6, 0x4A, 0x00, 0x00, 0x20, 0xC6, 0x2D, 0x90, 0x68,
    0x00, 0x00, 0xB3, 0x63, 0x42, 0xB2, 0x11, 0x00, 0x27, 0xDD, 0x0D, 0xF1, 0xF9, 0x28, 0x00, 0x00,
    0x1E, 0xE3, 0x8B, 0x09, 0xDE, 0x37, 0x00, 0x0E, 0x6F, 0xE4, 0x4A, 0xC2, 0x00, 0x00, 0x0B, 0xB3,
    0x58, 0x8B, 0x44, 0x00, 0x00, 0x21, 0x79, 0xA0, 0xCB, 0x1A, 0x00, 0x00, 0x64, 0xF1, 0x40, 0x5D,
    0x02, 0x00, 0x00, 0x07, 0x75, 0x06, 0xC4, 0x35, 0x00, 0x00, 0x31, 0xB2, 0x75, 0xC9, 0x24, 0x00,
    0x00, 0xC6, 0x49, 0xEB, 0xF8, 0x4C, 0x00, 0x27, 0x8B, 0x02, 0x00, 0x60, 0x12, 0x00, 0x00, 0x00,
    0x13, 0xF2, 0xC0, 0x00, 0x00, 0x00, 0x5A, 0xFF, 0xED, 0x00, 0x00, 0x00, 0x01, 0x4F, 0x19, 0x00,
    0x00, 0x00, 0x57, 0xF0, 0x55, 0x00, 0x00, 0x9D, 0xFF, 0xFF, 0x3C, 0x00, 0x84, 0xFF, 0xA8, 0x18,
    0x00, 0x00, 0xCA, 0xFF, 0x1E, 0x0A, 0x69, 0x00, 0xAB, 0xFF, 0xC5, 0xD5, 0xFF, 0x3F, 0x1C, 0xE2,
    0xFF, 0xFF, 0x87, 0x00, 0x00, 0x00, 0x01, 0x4D, 0x48, 0x00, 0x00, 0x00, 0x00, 0x05, 0x8C, 0xB9,
    0x00, 0x00, 0x00, 0x00, 0x00, 0x42, 0xBF, 0x00, 0x00, 0x00, 0x00, 0x00, 0x00, 0x00, 0x00, 0x00,
    0x00, 0x00, 0x14, 0xAF, 0xFF, 0x64, 0x00, 0x00, 0x00, 0x2E, 0xEA, 0xFF, 0x89, 0x00, 0x00, 0x00,
    0x56, 0xD2, 0xEC, 0xB0, 0x00, 0x00, 0x00, 0xB7, 0x99, 0xD3, 0xB1, 0x00, 0x00, 0x08, 0xFF, 0x8E,
    0xCF, 0xD1, 0x00, 0x00, 0x7E, 0xFF, 0xFF, 0xFF, 0xED, 0x00, 0x00, 0xE6, 0xDE, 0x67, 0xDE, 0xED,
    0x00, 0x2F, 0xF2, 0x82, 0x00, 0xA3, 0xEE, 0x0A, 0x00, 0x00, 0x00, 0x00, 0x68, 0x48, 0x00, 0x00,
    0x00, 0x00, 0x14, 0xD1, 0xAA, 0x00, 0x00, 0x00, 0x00, 0x44, 0xC3, 0x01, 0x00, 0x00, 0x00, 0x00,
    0x00, 0x00, 0x00, 0x00, 0x00, 0x00, 0x14, 0xAF, 0xFF, 0x64, 0x00, 0x00, 0x00, 0x2E, 0xEA, 0xFF,
    0x89, 0x00, 0x00, 0x00, 0x56, 0xD2, 0xEC, 0xB0, 0x00, 0x00, 0x00, 0xB7, 0x99, 0xD3, 0xB1, 0x00,
    0x00, 0x08, 0xFF, 0x8E, 0xCF, 0xD1, 0x00, 0x00, 0x7E, 0xFF, 0xFF, 0xFF, 0xED, 0x00, 0x00, 0xE6,
    0xDE, 0x67, 0xDE, 0xED, 0x00, 0x2F, 0xF2, 0x82, 0x00, 0xA3, 0xEE, 0x0A, 0x00, 0x00, 0x00, 0x29,
    0x93, 0x40, 0x00, 0x00, 0x00, 0x0F, 0xA2, 0xFF, 0xED, 0x07, 0x00, 0x00, 0x27, 0xAF, 0x38, 0xE3,
    0x36, 0x00, 0x00, 0x00, 0x00, 0x00, 0x00, 0x00, 0x00, 0x00, 0x14, 0xAF, 0xFF, 0x64, 0x00, 0x00,
    0x00, 0x2E, 0xEA, 0xFF, 0x89, 0x00, 0x00, 0x00, 0x56, 0xD2, 0xEC, 0xB0, 0x00, 0x00, 0x00, 0xB7,
    0x99, 0xD3, 0xB1, 0x00, 0x00, 0x08, 0xFF, 0x8E, 0xCF, 0xD1, 0x00, 0x00, 0x7E, 0xFF, 0xFF, 0xFF,
    0xED, 0x00, 0x00, 0xE6, 0xDE, 0x67, 0xDE, 0xED, 0x00, 0x2F, 0xF2, 0x82, 0x00, 0xA3, 0xEE, 0x0A,
    0x00, 0x00, 0x00, 0x0B, 0x05, 0x00, 0x00, 0x00, 0x00, 0x22, 0xCF, 0xF6, 0xB0, 0x2D, 0x00, 0x00,
    0x1E, 0x9D, 0xED, 0xF1, 0x37, 0x00, 0x00, 0x00, 0x00, 0x05, 0x09, 0x00, 0x00, 0x00, 0x14, 0xAF,
    0xFF, 0x64, 0x00, 0x00, 0x00, 0x2E, 0xEA, 0xFF, 0x89, 0x00, 0x00, 0x00, 0x56, 0xD2, 0xEC, 0xB0,
    0x00, 0x00, 0x00, 0xB7, 0x99, 0xD3, 0xB1, 0x00, 0x00, 0x08, 0xFF, 0x8E, 0xCF, 0xD1, 0x00, 0x00,
    0x7E, 0xFF, 0xFF, 0xFF, 0xED, 0x00, 0x00, 0xE6, 0xDE, 0x67, 0xDE, 0xED, 0x00, 0x2F, 0xF2, 0x82,
    0x00, 0xA3, 0xEE, 0x0A, 0x00, 0x00, 0x1C, 0x9D, 0x46, 0xC5, 0x46, 0x00, 0x00, 0x2E, 0xEA, 0x8A,
    0xF4, 0x60, 0x00, 0x00, 0x00, 0x00, 0x00, 0x00, 0x00, 0x00, 0x00, 0x14, 0xAF, 0xFF, 0x64, 0x00,
    0x00, 0x00, 0x2E, 0xEA, 0xFF, 0x89, 0x00, 0x00, 0x00, 0x56, 0xD2, 0xEC, 0xB0, 0x00, 0x00, 0x00,
    0xB7, 0x99, 0xD3, 0xB1, 0x00, 0x00, 0x08, 0xFF, 0x8E, 0xCF, 0xD1, 0x00, 0x00, 0x7E, 0xFF, 0xFF,
    0xFF, 0xED, 0x00, 0x00, 0xE6, 0xDE, 0x67, 0xDE, 0xED, 0x00, 0x2F, 0xF2, 0x82, 0x00, 0xA3, 0xEE,
    0x0A, 0x00, 0x00, 0x00, 0x5F, 0xF1, 0xA5, 0x00, 0x00, 0x00, 0x11, 0xA7, 0x6B, 0xED, 0x00, 0x00,
    0x00, 0x06, 0x8D, 0xFF, 0x95, 0x00, 0x00, 0x00, 0x00, 0x00, 0x00, 0x00, 0x00, 0x00, 0x00, 0x14,
    0xAF, 0xFF, 0x64, 0x00, 0x00, 0x00, 0x2E, 0xEA, 0xFF, 0x89, 0x00, 0x00, 0x00, 0x56, 0xD2, 0xEC,
    0xB0, 0x00, 0x00, 0x00, 0xB7, 0x99, 0xD3, 0xB1, 0x00, 0x00, 0x08, 0xFF, 0x8E, 0xCF, 0xD1, 0x00,
    0x00, 0x7E, 0xFF, 0xFF, 0xFF, 0xED, 0x00, 0x00, 0xE6, 0xDE, 0x67, 0xDE, 0xED, 0x00, 0x2F, 0xF2,
    0x82, 0x00, 0xA3, 0xEE, 0x0A, 0x00, 0x00, 0x29, 0xFF, 0xFF, 0xFF, 0xBA, 0x00, 0x00, 0x68, 0xFF,
    0xF0, 0x72, 0x25, 0x00, 0x01, 0x96, 0xA7, 0xD8, 0x1B, 0x00, 0x00, 0x12, 0xC8, 0x81, 0xFF, 0xFF,
    0x00, 0x00, 0x20, 0xF3, 0x85, 0xBC, 0x3F, 0x00, 0x00, 0x44, 0xFF, 0xFF, 0x92, 0x00, 0x00, 0x00,
    0xBD, 0xAE, 0xEE, 0xBB, 0x33, 0x00, 0x00, 0xFC, 0x66, 0xFF, 0xFF, 0x9B, 0x00, 0x00, 0x01, 0xB8,
    0xFF, 0xFF, 0xC5, 0x0A, 0x00, 0xAC, 0xFF, 0xB2, 0xB2, 0xFF, 0xA3, 0x09, 0xFF, 0xF0, 0x00, 0x01,
    0xC6, 0x6C, 0x58, 0xFF, 0xBB, 0x00, 0x00, 0x00, 0x00, 0x85, 0xFF, 0x7F, 0x00, 0x00, 0x00, 0x00,
    0xA2, 0xFF, 0x51, 0x00, 0x1B, 0x13, 0x00, 0x7B, 0xFF, 0x82, 0x03, 0xD5, 0xFF, 0x0A, 0x0F, 0xFF,
    0xFF, 0xFF, 0xFF, 0x9C, 0x00, 0x00, 0x2A, 0xC0, 0xF3, 0x69, 0x00, 0x00, 0x00, 0x00, 0x49, 0xD5,
    0x9A, 0x00, 0x00, 0x00, 0x13, 0xF2, 0xFF, 0x5E, 0x00, 0x00, 0x00, 0x00, 0x04, 0x8D, 0x3C, 0x00,
    0x00, 0x00, 0x00, 0x13, 0xFF, 0xB2, 0x00, 0x00, 0x00, 0x00, 0x00, 0x78, 0xDC, 0x00, 0x00, 0x00,
    0x00, 0x00, 0x00, 0x00, 0x00, 0x00, 0x00, 0x91, 0xFF, 0xFF, 0xFF, 0xFF, 0xA8, 0x00, 0xAC, 0xFF,
    0x97, 0x90, 0x90, 0x3C, 0x00, 0xDF, 0xFF, 0x24, 0x24, 0x21, 0x00, 0x00, 0xFF, 0xFF, 0xFF, 0xFF,
    0xFF, 0x00, 0x0A, 0xFF, 0xCF, 0x6C, 0x6C, 0x4F, 0x00, 0x45, 0xFF, 0x97, 0x00, 0x00, 0x00, 0x00,
    0x82, 0xFF, 0xB5, 0x96, 0x96, 0x4C, 0x00, 0xA0, 0xFF, 0xFF, 0xFF, 0xFF, 0x9C, 0x00, 0x00, 0x00,
    0x00, 0x00, 0x7E, 0x54, 0x00, 0x00, 0x00, 0x00, 0x22, 0xFF, 0xA2, 0x00, 0x00, 0x00, 0x00, 0x7E,
    0xDA, 0x03, 0x00, 0x00, 0x00, 0x00, 0x00, 0x00, 0x00, 0x00, 0x00, 0x91, 0xFF, 0xFF, 0xFF, 0xFF,
    0xA8, 0x00, 0xAC, 0xFF, 0x97, 0x90, 0x90, 0x3C, 0x00, 0xDF, 0xFF, 0x24, 0x24, 0x21, 0x00, 0x00,
    0xFF, 0xFF, 0xFF, 0xFF, 0xFF, 0x00, 0x0A, 0xFF, 0xCF, 0x6C, 0x6C, 0x4F, 0x00, 0x45, 0xFF, 0x97,
    0x00, 0x00, 0x00, 0x00, 0x82, 0xFF, 0xB5, 0x96, 0x96, 0x4C, 0x00, 0xA0, 0xFF, 0xFF, 0xFF, 0xFF,
    0x9C, 0x00, 0x00, 0x00, 0x00, 0x4C, 0xA5, 0x4B, 0x00, 0x00, 0x00, 0x3D, 0xFF, 0xFF, 0xFF, 0x0A,
    0x00, 0x00, 0xAA, 0xB7, 0x13, 0xEC, 0x3D, 0x00, 0x00, 0x00, 0x00, 0x00, 0x00, 0x00, 0x00, 0x91,
    0xFF, 0xFF, 0xFF, 0xFF, 0xA8, 0x00, 0xAC, 0xFF, 0x97, 0x90, 0x90, 0x3C, 0x00, 0xDF, 0xFF, 0x24,
    0x24, 0x21, 0x00, 0x00, 0xFF, 0xFF, 0xFF, 0xFF, 0xFF, 0x00, 0x0A, 0xFF, 0xCF, 0x6C, 0x6C, 0x4F,
    0x00, 0x45, 0xFF, 0x97, 0x00, 0x00, 0x00, 0x00, 0x82, 0xFF, 0xB5, 0x96, 0x96, 0x4C, 0x00, 0xA0,
    0xFF, 0xFF, 0xFF, 0xFF, 0x9C, 0x00, 0x00, 0x00, 0x7C, 0xC0, 0x24, 0xCE, 0x4E, 0x00, 0x00, 0xC4,
    0xFF, 0x63, 0xFF, 0x6A, 0x00, 0x00, 0x00, 0x00, 0x00, 0x00, 0x00, 0x00, 0x91, 0xFF, 0xFF, 0xFF,
    0xFF, 0xA8, 0x00, 0xAC, 0xFF, 0x97, 0x90, 0x90, 0x3C, 0x00, 0xDF, 0xFF, 0x24, 0x24, 0x21, 0x00,
    0x00, 0xFF, 0xFF, 0xFF, 0xFF, 0xFF, 0x00, 0x0A, 0xFF, 0xCF, 0x6C, 0x6C, 0x4F, 0x00, 0x45, 0xFF,
    0x97, 0x00, 0x00, 0x00, 0x00, 0x82, 0xFF, 0xB5, 0x96, 0x96, 0x4C, 0x00, 0xA0, 0xFF, 0xFF, 0xFF,
    0xFF, 0x9C, 0x00, 0x00, 0x00, 0x04, 0x8A, 0x3F, 0x00, 0x00, 0x00, 0x00, 0x10, 0xFF, 0xB5, 0x00,
    0x00, 0x00, 0x00, 0x00, 0x72, 0xDD, 0x00, 0x00, 0x00, 0x00, 0x00, 0x00, 0x00, 0x00, 0x00, 0x00,
    0xAE, 0xFF, 0xFF, 0xFF, 0xFF, 0xBD, 0x00, 0x33, 0x60, 0xFF, 0xED, 0x60, 0x25, 0x00, 0x00, 0x28,
    0xFF, 0xA5, 0x00, 0x00, 0x00, 0x00, 0x66, 0xFF, 0x88, 0x00, 0x00, 0x00, 0x00, 0xA3, 0xFF, 0x4C,
    0x00, 0x00, 0x00, 0x00, 0xBA, 0xFF, 0x10, 0x00, 0x00, 0x2D, 0x60, 0xFC, 0xFF, 0x60, 0x2D, 0x00,
    0xB5, 0xFF, 0xFF, 0xFF, 0xFF, 0x90, 0x00, 0x00, 0x00, 0x00, 0x00, 0x7E, 0x55, 0x00, 0x00, 0x00,
    0x00, 0x1F, 0xFF, 0xA7, 0x00, 0x00, 0x00, 0x00, 0x79, 0xDE, 0x03, 0x00, 0x00, 0x00, 0x00, 0x00,
    0x00, 0x00, 0x00, 0x00, 0xAE, 0xFF, 0xFF, 0xFF, 0xFF, 0xBD, 0x00, 0x33, 0x60, 0xFF, 0xED, 0x60,
    0x25, 0x00, 0x00, 0x28, 0xFF, 0xA5, 0x00, 0x00, 0x00, 0x00, 0x66, 0xFF, 0x88, 0x00, 0x00, 0x00,
    0x00, 0xA3, 0xFF, 0x4C, 0x00, 0x00, 0x00, 0x00, 0xBA, 0xFF, 0x10, 0x00, 0x00, 0x2D, 0x60, 0xFC,
    0xFF, 0x60, 0x2D, 0x00, 0xB5, 0xFF, 0xFF, 0xFF, 0xFF, 0x90, 0x00, 0x00, 0x00, 0x00, 0x49, 0xA5,
    0x4B, 0x00, 0x00, 0x00, 0x3A, 0xFF, 0xFF, 0xFF, 0x0A, 0x00, 0x00, 0xA6, 0xBB, 0x13, 0xEB, 0x3F,
    0x00, 0x00, 0x00, 0x00, 0x00, 0x00, 0x00, 0x00, 0xAE, 0xFF, 0xFF, 0xFF, 0xFF, 0xBD, 0x00, 0x33,
    0x60, 0xFF, 0xED, 0x60, 0x25, 0x00, 0x00, 0x28, 0xFF, 0xA5, 0x00, 0x00, 0x00, 0x00, 0x66, 0xFF,
    0x88, 0x00, 0x00, 0x00, 0x00, 0xA3, 0xFF, 0x4C, 0x00, 0x00, 0x00, 0x00, 0xBA, 0xFF, 0x10, 0x00,
    0x00, 0x2D, 0x60, 0xFC, 0xFF, 0x60, 0x2D, 0x00, 0xB5, 0xFF, 0xFF, 0xFF, 0xFF, 0x90, 0x00, 0x00,
    0x00, 0x7B, 0xC0, 0x21, 0xCD, 0x52, 0x00, 0x00, 0xC6, 0xFF, 0x60, 0xFF, 0x6D, 0x00, 0x00, 0x00,
    0x00, 0x00, 0x00, 0x00, 0x00, 0xAE, 0xFF, 0xFF, 0xFF, 0xFF, 0xBD, 0x00, 0x33, 0x60, 0xFF, 0xED,
    0x60, 0x25, 0x00, 0x00, 0x28, 0xFF, 0xA5, 0x00, 0x00, 0x00, 0x00, 0x66, 0xFF, 0x88, 0x00, 0x00,
    0x00, 0x00, 0xA3, 0xFF, 0x4C, 0x00, 0x00, 0x00, 0x00, 0xBA, 0xFF, 0x10, 0x00, 0x00, 0x2D, 0x60,
    0xFC, 0xFF, 0x60, 0x2D, 0x00, 0xB5, 0xFF, 0xFF, 0xFF, 0xFF, 0x90, 0x00, 0x00, 0xA7, 0xFF, 0xFF,
    0xFF, 0x9C, 0x00, 0x00, 0xDD, 0xFF, 0x81, 0xDC, 0xFF, 0x43, 0x06, 0xFF, 0xF0, 0x09, 0x4C, 0xFF,
    0x9A, 0xD4, 0xFF, 0xFF, 0xFD, 0x61, 0xFF, 0x9A, 0x7F, 0xFF, 0xAC, 0x3A, 0x9F, 0xFF, 0x6D, 0x85,
    0xFF, 0x6A, 0x00, 0xD4, 0xFF, 0x21, 0xBE, 0xFF, 0xA6, 0xA5, 0xFF, 0xBC, 0x00, 0xCE, 0xFF, 0xFF,
    0xFF, 0xAB, 0x09, 0x00, 0x00, 0x00, 0x00, 0x15, 0x00, 0x00, 0x00, 0x00, 0x00, 0x8E, 0xFF, 0xFA,
    0xB6, 0x3A, 0x00, 0x00, 0x82, 0xAB, 0xFF, 0xFF, 0x40, 0x00, 0x00, 0x00, 0x00, 0x06, 0x0C, 0x00,
    0x00, 0xBA, 0xFF, 0xAA, 0x00, 0xF6, 0xCF, 0x00, 0xED, 0xFF, 0xDF, 0x00, 0xFF, 0xBB, 0x00, 0xFF,
    0xFF, 0xFF, 0x21, 0xFF, 0x7E, 0x18, 0xFF, 0xC0, 0xFF, 0x6D, 0xFF, 0x40, 0x55, 0xFF, 0x6A, 0xFF,
    0xC0, 0xFF, 0x09, 0x93, 0xFF, 0x10, 0xFF, 0xFF, 0xFF, 0x00, 0xAD, 0xFF, 0x00, 0xF0, 0xFF, 0xDC,
    0x00, 0xE1, 0xE6, 0x00, 0xBA, 0xFF, 0xAA, 0x00, 0x00, 0x00, 0x0F, 0xAB, 0x15, 0x00, 0x00, 0x00,
    0x00, 0x36, 0xFF, 0x97, 0x00, 0x00, 0x00, 0x00, 0x00, 0xB4, 0xA8, 0x00, 0x00, 0x00, 0x00, 0x00,
    0x00, 0x00, 0x00, 0x00, 0x00, 0x19, 0xD0, 0xFF, 0xFF, 0xB2, 0x00, 0x00, 0xE8, 0xFF, 0xAE, 0xD5,
    0xFF, 0x5A, 0x40, 0xFF, 0xB2, 0x00, 0x46, 0xFF, 0xAF, 0xAC, 0xFF, 0x79, 0x00, 0x5E, 0xFF, 0xAC,
    0xB0, 0xFF, 0x3A, 0x00, 0x9F, 0xFF, 0x82, 0xB1, 0xFF, 0x2A, 0x00, 0xD4, 0xFF, 0x1E, 0x81, 0xFF,
    0xC3, 0xBD, 0xFF, 0xC6, 0x00, 0x03, 0xB1, 0xFF, 0xFF, 0xC4, 0x0F, 0x00, 0x00, 0x00, 0x00, 0x00,
    0x9C, 0x37, 0x00, 0x00, 0x00, 0x00, 0x51, 0xFF, 0x84, 0x00, 0x00, 0x00, 0x00, 0xB7, 0xB0, 0x00,
    0x00, 0x00, 0x00, 0x00, 0x00, 0x00, 0x00, 0x00, 0x00, 0x19, 0xD0, 0xFF, 0xFF, 0xB2, 0x00, 0x00,
    0xE8, 0xFF, 0xAE, 0xD5, 0xFF, 0x5A, 0x40, 0xFF, 0xB2, 0x00, 0x46, 0xFF, 0xAF, 0xAC, 0xFF, 0x79,
    0x00, 0x5E, 0xFF, 0xAC, 0xB0, 0xFF, 0x3A, 0x00, 0x9F, 0xFF, 0x82, 0xB1, 0xFF, 0x2A, 0x00, 0xD4,
    0xFF, 0x1E, 0x81, 0xFF, 0xC3, 0xBD, 0xFF, 0xC6, 0x00, 0x03, 0xB1, 0xFF, 0xFF, 0xC4, 0x0F, 0x00,
    0x00, 0x00, 0x00, 0x8D, 0xC8, 0x39, 0x00, 0x00, 0x00, 0x76, 0xFF, 0xFF, 0xE9, 0x00, 0x00, 0x00,
    0xD8, 0x78, 0x2A, 0xF1, 0x18, 0x00, 0x00, 0x00, 0x00, 0x00, 0x00, 0x00, 0x00, 0x19, 0xD0, 0xFF,
    0xFF, 0xB2, 0x00, 0x00, 0xE8, 0xFF, 0xAE, 0xD5, 0xFF, 0x5A, 0x40, 0xFF, 0xB2, 0x00, 0x46, 0xFF,
    0xAF, 0xAC, 0xFF, 0x79, 0x00, 0x5E, 0xFF, 0xAC, 0xB0, 0xFF, 0x3A, 0x00, 0x9F, 0xFF, 0x82, 0xB1,
    0xFF, 0x2A, 0x00, 0xD4, 0xFF, 0x1E, 0x81, 0xFF, 0xC3, 0xBD, 0xFF, 0xC6, 0x00, 0x03, 0xB1, 0xFF,
    0xFF, 0xC4, 0x0F, 0x00, 0x00, 0x00, 0x00, 0x16, 0x00, 0x00, 0x00, 0x00, 0x00, 0xAA, 0xFF, 0xDE,
    0xBC, 0x0F, 0x00, 0x00, 0xA9, 0xB1, 0xFF, 0xFF, 0x1C, 0x00, 0x00, 0x00, 0x00, 0x0C, 0x06, 0x00,
    0x00, 0x19, 0xD0, 0xFF, 0xFF, 0xB2, 0x00, 0x00, 0xE8, 0xFF, 0xAE, 0xD5, 0xFF, 0x5A, 0x40, 0xFF,
    0xB2, 0x00, 0x46, 0xFF, 0xAF, 0xAC, 0xFF, 0x79, 0x00, 0x5E, 0xFF, 0xAC, 0xB0, 0xFF, 0x3A, 0x00,
    0x9F, 0xFF, 0x82, 0xB1, 0xFF, 0x2A, 0x00, 0xD4, 0xFF, 0x1E, 0x81, 0xFF, 0xC3, 0xBD, 0xFF, 0xC6,
    0x00, 0x03, 0xB1, 0xFF, 0xFF, 0xC4, 0x0F, 0x00, 0x00, 0x00, 0xA9, 0xBE, 0x43, 0xCA, 0x2A, 0x00,
    0x00, 0xFF, 0xDE, 0x9C, 0xFF, 0x34, 0x00, 0x00, 0x00, 0x00, 0x00, 0x00, 0x00, 0x00, 0x19, 0xD0,
    0xFF, 0xFF, 0xB2, 0x00, 0x00, 0xE8, 0xFF, 0xAE, 0xD5, 0xFF, 0x5A, 0x40, 0xFF, 0xB2, 0x00, 0x46,
    0xFF, 0xAF, 0xAC, 0xFF, 0x79, 0x00, 0x5E, 0xFF, 0xAC, 0xB0, 0xFF, 0x3A, 0x00, 0x9F, 0xFF, 0x82,
    0xB1, 0xFF, 0x2A, 0x00, 0xD4, 0xFF, 0x1E, 0x81, 0xFF, 0xC3, 0xBD, 0xFF, 0xC6, 0x00, 0x03, 0xB1,
    0xFF, 0xFF, 0xC4, 0x0F, 0x00, 0x00, 0x00, 0x00, 0x00, 0x00, 0x01, 0x00, 0x00, 0x9C, 0xCF, 0x00,
    0x73, 0xF3, 0x0D, 0x00, 0x7B, 0xFF, 0xDC, 0xFF, 0xAD, 0x01, 0x00, 0x01, 0xF6, 0xFF, 0xBB, 0x00,
    0x00, 0x0A, 0xD2, 0xFF, 0xFD, 0xFF, 0x30, 0x00, 0x3A, 0xFF, 0x55, 0x18, 0xFF, 0x70, 0x00, 0x00,
    0x06, 0x00, 0x00, 0x06, 0x00, 0x00, 0x00, 0x00, 0x00, 0x00, 0x05, 0x82, 0x03, 0x00, 0x04, 0x85,
    0xFF, 0xFC, 0xFE, 0x0A, 0x00, 0x22, 0xF6, 0xAE, 0xF1, 0x8F, 0x00, 0x00, 0x5B, 0xCD, 0x27, 0xFF,
    0xC0, 0x00, 0x00, 0xB8, 0xAD, 0xF5, 0xE3, 0xBA, 0x00, 0x00, 0xBC, 0xE5, 0xD9, 0xBE, 0x94, 0x00,
    0x00, 0xC1, 0xFF, 0x16, 0xDE, 0x3E, 0x00, 0x00, 0xB0, 0xE6, 0xBA, 0xE8, 0x1D, 0x00, 0x11, 0xFD,
    0xF9, 0xFF, 0x77, 0x02, 0x00, 0x06, 0x84, 0x01, 0x00, 0x00, 0x00, 0x00, 0x00, 0x00, 0x06, 0x90,
    0x37, 0x00, 0x00, 0x00, 0x00, 0x15, 0xFF, 0xAB, 0x00, 0x00, 0x00, 0x00, 0x00, 0x7E, 0xD4, 0x00,
    0x00, 0x00, 0x00, 0x00, 0x00, 0x00, 0x00, 0x00, 0x00, 0xD8, 0xFF, 0x00, 0x00, 0xFF, 0xE3, 0x00,
    0xFF, 0xFA, 0x00, 0x18, 0xFF, 0xB0, 0x07, 0xFF, 0xC5, 0x00, 0x58, 0xFF, 0x94, 0x40, 0xFF, 0xAC,
    0x00, 0x97, 0xFF, 0x55, 0x7C, 0xFF, 0x6D, 0x00, 0xB2, 0xFF, 0x18, 0xA9, 0xFF, 0x40, 0x00, 0xF2,
    0xFF, 0x00, 0x8B, 0xFF, 0xC1, 0xBE, 0xFF, 0xA8, 0x00, 0x0A, 0xCF, 0xFF, 0xFF, 0xCD, 0x13, 0x00,
    0x00, 0x00, 0x00, 0x00, 0x84, 0x4F, 0x00, 0x00, 0x00, 0x00, 0x28, 0xFF, 0xBD, 0x00, 0x00, 0x00,
    0x00, 0x87, 0xD7, 0x01, 0x00, 0x00, 0x00, 0x00, 0x00, 0x00, 0x00, 0x00, 0x00, 0xD8, 0xFF, 0x00,
    0x00, 0xFF, 0xE3, 0x00, 0xFF, 0xFA, 0x00, 0x18, 0xFF, 0xB0, 0x07, 0xFF, 0xC5, 0x00, 0x58, 0xFF,
    0x94, 0x40, 0xFF, 0xAC, 0x00, 0x97, 0xFF, 0x55, 0x7C, 0xFF, 0x6D, 0x00, 0xB2, 0xFF, 0x18, 0xA9,
    0xFF, 0x40, 0x00, 0xF2, 0xFF, 0x00, 0x8B, 0xFF, 0xC1, 0xBE, 0xFF, 0xA8, 0x00, 0x0A, 0xCF, 0xFF,
    0xFF, 0xCD, 0x13, 0x00, 0x00, 0x00, 0x00, 0x4F, 0xA5, 0x45, 0x00, 0x00, 0x00, 0x40, 0xFF, 0xFF,
    0xFF, 0x07, 0x00, 0x00, 0xAF, 0xAF, 0x16, 0xED, 0x37, 0x00, 0x00, 0x00, 0x00, 0x00, 0x00, 0x00,
    0x00, 0xD8, 0xFF, 0x00, 0x00, 0xFF, 0xE3, 0x00, 0xFF, 0xFA, 0x00, 0x18, 0xFF, 0xB0, 0x07, 0xFF,
    0xC5, 0x00, 0x58, 0xFF, 0x94, 0x40, 0xFF, 0xAC, 0x00, 0x97, 0xFF, 0x55, 0x7C, 0xFF, 0x6D, 0x00,
    0xB2, 0xFF, 0x18, 0xA9, 0xFF, 0x40, 0x00, 0xF2, 0xFF, 0x00, 0x8B, 0xFF, 0xC1, 0xBE, 0xFF, 0xA8,
    0x00, 0x0A, 0xCF, 0xFF, 0xFF, 0xCD, 0x13, 0x00, 0x00, 0x00, 0x84, 0xBC, 0x25, 0xCE, 0x4B, 0x00,
    0x00, 0xD2, 0xFF, 0x66, 0xFF, 0x63, 0x00, 0x00, 0x00, 0x00, 0x00, 0x00, 0x00, 0x00, 0xD8, 0xFF,
    0x00, 0x00, 0xFF, 0xE3, 0x00, 0xFF, 0xFA, 0x00, 0x18, 0xFF, 0xB0, 0x07, 0xFF, 0xC5, 0x00, 0x58,
    0xFF, 0x94, 0x40, 0xFF, 0xAC, 0x00, 0x97, 0xFF, 0x55, 0x7C, 0xFF, 0x6D, 0x00, 0xB2, 0xFF, 0x18,
    0xA9, 0xFF, 0x40, 0x00, 0xF2, 0xFF, 0x00, 0x8B, 0xFF, 0xC1, 0xBE, 0xFF, 0xA8, 0x00, 0x0A, 0xCF,
    0xFF, 0xFF, 0xCD, 0x13, 0x00, 0x00, 0x00, 0x00, 0x8A, 0x3E, 0x00, 0x00, 0x00, 0x00, 0x2A, 0xFF,
    0x93, 0x00, 0x00, 0x00, 0x00, 0x7C, 0xCB, 0x00, 0x00, 0x00, 0x00, 0x00, 0x00, 0x00, 0x00, 0x00,
    0x00, 0x97, 0xF1, 0x22, 0x00, 0xF3, 0xC0, 0x22, 0x7B, 0xF4, 0x34, 0x7E, 0xF0, 0x6C, 0x00, 0x4F,
    0xDE, 0x7F, 0xFF, 0xD0, 0x01, 0x00, 0x0F, 0xBE, 0xFF, 0xFF, 0x36, 0x00, 0x00, 0x00, 0xA9, 0xFC,
    0xA2, 0x00, 0x00, 0x00, 0x00, 0x86, 0xF5, 0x16, 0x00, 0x00, 0x00, 0x00, 0xA9, 0xFC, 0x00, 0x00,
    0x00, 0x00, 0x00, 0xB6, 0xEE, 0x00, 0x00, 0x00, 0x00, 0x00, 0xA3, 0xFF, 0x54, 0x00, 0x00, 0x00,
    0x00, 0xBC, 0xFF, 0x45, 0x0C, 0x00, 0x00, 0x00, 0xF0, 0xFF, 0xFF, 0xFF, 0xD4, 0x03, 0x00, 0xFF,
    0xFF, 0x66, 0xD2, 0xFF, 0x54, 0x1B, 0xFF, 0xBF, 0x2B, 0xDE, 0xFF, 0x30, 0x5B, 0xFF, 0xFF, 0xFF,
    0xFF, 0xA6, 0x00, 0x99, 0xFF, 0x9D, 0x66, 0x2D, 0x00, 0x00, 0xB2, 0xFF, 0x15, 0x00, 0x00, 0x00,
    0x00, 0x00, 0x52, 0xFF, 0xFF, 0xCB, 0x00, 0x00, 0x00, 0xE3, 0xFF, 0x6C, 0x39, 0x00, 0x00, 0x00,
    0xFF, 0xFF, 0xFF, 0xFF, 0xFF, 0x55, 0x19, 0xFF, 0xB9, 0x67, 0xFF, 0xFF, 0x0C, 0x5A, 0xFF, 0x6F,
    0xBB, 0xFF, 0x37, 0x00, 0x99, 0xFF, 0x67, 0xFF, 0xBF, 0x03, 0x00, 0xB5, 0xFF, 0x45, 0xDF, 0xFF,
    0xB1, 0x00, 0xE9, 0xFF, 0x00, 0x00, 0xFF, 0xF2, 0x00, 0x00, 0x01, 0x67, 0xAE, 0xFF, 0xA2, 0x00,
    0x00, 0x2E, 0xFF, 0xFF, 0xAB, 0x07, 0x00, 0x00, 0x00, 0x33, 0x9C, 0x00, 0x00, 0x00, 0x00, 0x00,
    0xA8, 0xFF, 0x1F, 0x00, 0x00, 0x00, 0x00, 0x03, 0xEB, 0x61, 0x00, 0x00, 0x00, 0x00, 0x00, 0x00,
    0x00, 0x00, 0x00, 0x00, 0x84, 0xFF, 0xFF, 0xB0, 0xFF, 0x39, 0x2B, 0xFF, 0xEE, 0x7B, 0xFF, 0xFF,
    0x06, 0xA5, 0xFF, 0x5A, 0x00, 0xF3, 0xFF, 0x00, 0xAD, 0xFF, 0x1C, 0x16, 0xFF, 0xD4, 0x00, 0xBE,
    0xFF, 0xA5, 0xCA, 0xFF, 0xDF, 0x06, 0x36, 0xFF, 0xFF, 0x5A, 0xFF, 0xFF, 0x00, 0x00, 0x00, 0x00,
    0x13, 0xB4, 0x10, 0x00, 0x00, 0x00, 0x00, 0xAD, 0xFF, 0x27, 0x00, 0x00, 0x00, 0x04, 0xF3, 0x5E,
    0x00, 0x00, 0x00, 0x00, 0x00, 0x00, 0x00, 0x00, 0x00, 0x00, 0x84, 0xFF, 0xFF, 0xB0, 0xFF, 0x39,
    0x2B, 0xFF, 0xEE, 0x7B, 0xFF, 0xFF, 0x06, 0xA5, 0xFF, 0x5A, 0x00, 0xF3, 0xFF, 0x00, 0xAD, 0xFF,
    0x1C, 0x16, 0xFF, 0xD4, 0x00, 0xBE, 0xFF, 0xA5, 0xCA, 0xFF, 0xDF, 0x06, 0x36, 0xFF, 0xFF, 0x5A,
    0xFF, 0xFF, 0x00, 0x00, 0x00, 0x01, 0xAB, 0xAE, 0x00, 0x00, 0x00, 0x00, 0xB7, 0xFF, 0xFF, 0x8E,
    0x00, 0x00, 0x2B, 0xF7, 0x30, 0x8B, 0xBB, 0x00, 0x00, 0x00, 0x00, 0x00, 0x00, 0x00, 0x00, 0x00,
    0x84, 0xFF, 0xFF, 0xB0, 0xFF, 0x39, 0x2B, 0xFF, 0xEE, 0x7B, 0xFF, 0xFF, 0x06, 0xA5, 0xFF, 0x5A,
    0x00, 0xF3, 0xFF, 0x00, 0xAD, 0xFF, 0x1C, 0x16, 0xFF, 0xD4, 0x00, 0xBE, 0xFF, 0xA5, 0xCA, 0xFF,
    0xDF, 0x06, 0x36, 0xFF, 0xFF, 0x5A, 0xFF, 0xFF, 0x00, 0x00, 0x00, 0x06, 0x0F, 0x00, 0x00, 0x00,
    0x00, 0x12, 0xFF, 0xFF, 0xB5, 0xB5, 0x00, 0x00, 0x06, 0xBC, 0xD5, 0xFF, 0xBC, 0x00, 0x00, 0x00,
    0x00, 0x00, 0x10, 0x00, 0x00, 0x00, 0x84, 0xFF, 0xFF, 0xB0, 0xFF, 0x39, 0x2B, 0xFF, 0xEE, 0x7B,
    0xFF, 0xFF, 0x06, 0xA5, 0xFF, 0x5A, 0x00, 0xF3, 0xFF, 0x00, 0xAD, 0xFF, 0x1C, 0x16, 0xFF, 0xD4,
    0x00, 0xBE, 0xFF, 0xA5, 0xCA, 0xFF, 0xDF, 0x06, 0x36, 0xFF, 0xFF, 0x5A, 0xFF, 0xFF, 0x00, 0x00,
    0x0D, 0xC8, 0x6C, 0x97, 0xB1, 0x00, 0x00, 0x39, 0xFF, 0x90, 0xE9, 0xF3, 0x00, 0x00, 0x00, 0x00,
    0x00, 0x00, 0x00, 0x00, 0x00, 0x84, 0xFF, 0xFF, 0xB0, 0xFF, 0x39, 0x2B, 0xFF, 0xEE, 0x7B, 0xFF,
    0xFF, 0x06, 0xA5, 0xFF, 0x5A, 0x00, 0xF3, 0xFF, 0x00, 0xAD, 0xFF, 0x1C, 0x16, 0xFF, 0xD4, 0x00,
    0xBE, 0xFF, 0xA5, 0xCA, 0xFF, 0xDF, 0x06, 0x36, 0xFF, 0xFF, 0x5A, 0xFF, 0xFF, 0x00, 0x00, 0x00,
    0x1C, 0xD2, 0xDD, 0x1C, 0x00, 0x00, 0x00, 0xB5, 0xA6, 0xC0, 0xB1, 0x00, 0x00, 0x00, 0xE1, 0x7F,
    0xCD, 0x97, 0x00, 0x00, 0x00, 0x78, 0xFF, 0xE4, 0x0F, 0x00, 0x00, 0x00, 0x00, 0x00, 0x00, 0x00,
    0x00, 0x00, 0x84, 0xFF, 0xFF, 0xB0, 0xFF, 0x39, 0x2B, 0xFF, 0xEE, 0x7B, 0xFF, 0xFF, 0x06, 0xA5,
    0xFF, 0x5A, 0x00, 0xF3, 0xFF, 0x00, 0xAD, 0xFF, 0x1C, 0x16, 0xFF, 0xD4, 0x00, 0xBE, 0xFF, 0xA5,
    0xCA, 0xFF, 0xDF, 0x06, 0x36, 0xFF, 0xFF, 0x5A, 0xFF, 0xFF, 0x00, 0x00, 0x25, 0xFF, 0xDA, 0xEF,
    0xF4, 0x67, 0x00, 0x38, 0x86, 0xC1, 0x97, 0xE4, 0xAD, 0x00, 0x5F, 0xFF, 0xFF, 0xFF, 0xC6, 0x22,
    0x01, 0xED, 0x90, 0xD3, 0x35, 0x03, 0x00, 0x0E, 0xEE, 0x8A, 0xFD, 0x79, 0xEE, 0x0D, 0x00, 0xD1,
    0xE1, 0xB7, 0xFE, 0xA4, 0x00, 0x00, 0x2D, 0xE6, 0xFF, 0xFF, 0x7F, 0x04, 0xFF, 0xFF, 0x91, 0xEB,
    0xC3, 0x5A, 0xFF, 0xA3, 0x00, 0x00, 0x00, 0x81, 0xFF, 0x75, 0x00, 0x6A, 0x64, 0x31, 0xFF, 0xFF,
    0xBA, 0xFF, 0xA3, 0x00, 0x5D, 0xF2, 0xE7, 0x70, 0x00, 0x00, 0x00, 0x64, 0xEE, 0x5E, 0x00, 0x00,
    0x3D, 0xFF, 0xF8, 0x31, 0x00, 0x00, 0x00, 0x1C, 0xB1, 0x01, 0x00, 0x00, 0x00, 0x00, 0x60, 0xFF,
    0x60, 0x00, 0x00, 0x00, 0x00, 0x00, 0xBE, 0x9C, 0x00, 0x00, 0x00, 0x00, 0x00, 0x00, 0x00, 0x00,
    0x00, 0x00, 0x1F, 0xCE, 0xFF, 0xFF, 0x9D, 0x00, 0x01, 0xF8, 0xFF, 0x66, 0xE1, 0xFF, 0x03, 0x52,
    0xFF, 0xAE, 0x2E, 0xF5, 0xFF, 0x00, 0x87, 0xFF, 0xFF, 0xFF, 0xC9, 0x33, 0x00, 0x51, 0xFF, 0xB7,
    0x73, 0xCD, 0xB4, 0x00, 0x00, 0xA2, 0xFF, 0xFF, 0xDA, 0x22, 0x00, 0x00, 0x00, 0x00, 0x00, 0xB2,
    0x24, 0x00, 0x00, 0x00, 0x00, 0x88, 0xFF, 0x55, 0x00, 0x00, 0x00, 0x00, 0xC1, 0xA0, 0x00, 0x00,
    0x00, 0x00, 0x00, 0x00, 0x00, 0x00, 0x00, 0x00, 0x1F, 0xCE, 0xFF, 0xFF, 0x9D, 0x00, 0x01, 0xF8,
    0xFF, 0x66, 0xE1, 0xFF, 0x03, 0x52, 0xFF, 0xAE, 0x2E, 0xF5, 0xFF, 0x00, 0x87, 0xFF, 0xFF, 0xFF,
    0xC9, 0x33, 0x00, 0x51, 0xFF, 0xB7, 0x73, 0xCD, 0xB4, 0x00, 0x00, 0xA2, 0xFF, 0xFF, 0xDA, 0x22,
    0x00, 0x00, 0x00, 0x00, 0x88, 0xA2, 0x10, 0x00, 0x00, 0x00, 0x96, 0xFF, 0xFF, 0xB2, 0x00, 0x00,
    0x09, 0xF1, 0x5A, 0x51, 0xE9, 0x03, 0x00, 0x00, 0x00, 0x00, 0x00, 0x00, 0x00, 0x00, 0x1F, 0xCE,
    0xFF, 0xFF, 0x9D, 0x00, 0x01, 0xF8, 0xFF, 0x66, 0xE1, 0xFF, 0x03, 0x52, 0xFF, 0xAE, 0x2E, 0xF5,
    0xFF, 0x00, 0x87, 0xFF, 0xFF, 0xFF, 0xC9, 0x33, 0x00, 0x51, 0xFF, 0xB7, 0x73, 0xCD, 0xB4, 0x00,
    0x00, 0xA2, 0xFF, 0xFF, 0xDA, 0x22, 0x00, 0x00, 0x00, 0xAB, 0x9C, 0x67, 0xCB, 0x0F, 0x00, 0x04,
    0xFF, 0xB1, 0xAD, 0xFF, 0x10, 0x00, 0x00, 0x00, 0x00, 0x00, 0x00, 0x00, 0x00, 0x1F, 0xCE, 0xFF,
    0xFF, 0x9D, 0x00, 0x01, 0xF8, 0xFF, 0x66, 0xE1, 0xFF, 0x03, 0x52, 0xFF, 0xAE, 0x2E, 0xF5, 0xFF,
    0x00, 0x87, 0xFF, 0xFF, 0xFF, 0xC9, 0x33, 0x00, 0x51, 0xFF, 0xB7, 0x73, 0xCD, 0xB4, 0x00, 0x00,
    0xA2, 0xFF, 0xFF, 0xDA, 0x22, 0x00, 0x00, 0x00, 0x40, 0x8D, 0x00, 0x00, 0x00, 0x00, 0x00, 0xA6,
    0xFF, 0x0C, 0x00, 0x00, 0x00, 0x00, 0x0C, 0xFA, 0x45, 0x00, 0x00, 0x00, 0x00, 0x00, 0x00, 0x00,
    0x00, 0x00, 0x31, 0xFF, 0xFF, 0xFF, 0x4E, 0x00, 0x00, 0x19, 0x72, 0xE4, 0xFF, 0x0D, 0x00, 0x00,
    0x00, 0x00, 0xF0, 0xFF, 0x00, 0x00, 0x00, 0x00, 0x00, 0xFF, 0xD3, 0x5B, 0xBA, 0x01, 0x00, 0x19,
    0xFF, 0xE4, 0xFF, 0xAC, 0x00, 0x00, 0x01, 0xE9, 0xFF, 0xA5, 0x01, 0x00, 0x00, 0x00, 0x00, 0x25,
    0xA9, 0x0A, 0x00, 0x00, 0x00, 0x00, 0xC9, 0xFF, 0x19, 0x00, 0x00, 0x00, 0x0F, 0xFD, 0x45, 0x00,
    0x00, 0x00, 0x00, 0x00, 0x00, 0x00, 0x00, 0x00, 0x31, 0xFF, 0xFF, 0xFF, 0x4E, 0x00, 0x00, 0x19,
    0x72, 0xE4, 0xFF, 0x0D, 0x00, 0x00, 0x00, 0x00, 0xF0, 0xFF, 0x00, 0x00, 0x00, 0x00, 0x00, 0xFF,
    0xD3, 0x5B, 0xBA, 0x01, 0x00, 0x19, 0xFF, 0xE4, 0xFF, 0xAC, 0x00, 0x00, 0x01, 0xE9, 0xFF, 0xA5,
    0x01, 0x00, 0x00, 0x00, 0x01, 0x87, 0x70, 0x00, 0x00, 0x00, 0x00, 0xBA, 0xFF, 0xFF, 0x58, 0x00,
    0x00, 0x3F, 0xF3, 0x27, 0xB5, 0xA1, 0x00, 0x00, 0x00, 0x00, 0x00, 0x00, 0x00, 0x00, 0x31, 0xFF,
    0xFF, 0xFF, 0x4E, 0x00, 0x00, 0x19, 0x72, 0xE4, 0xFF, 0x0D, 0x00, 0x00, 0x00, 0x00, 0xF0, 0xFF,
    0x00, 0x00, 0x00, 0x00, 0x00, 0xFF, 0xD3, 0x5B, 0xBA, 0x01, 0x00, 0x19, 0xFF, 0xE4, 0xFF, 0xAC,
    0x00, 0x00, 0x01, 0xE9, 0xFF, 0xA5, 0x01, 0x00, 0x00, 0x1C, 0xCE, 0x54, 0xAC, 0xBD, 0x00, 0x00,
    0x58, 0xFF, 0x6F, 0xFF, 0xD7, 0x00, 0x00, 0x00, 0x00, 0x00, 0x00, 0x00, 0x00, 0x31, 0xFF, 0xFF,
    0xFF, 0x4E, 0x00, 0x00, 0x19, 0x72, 0xE4, 0xFF, 0x0D, 0x00, 0x00, 0x00, 0x00, 0xF0, 0xFF, 0x00,
    0x00, 0x00, 0x00, 0x00, 0xFF, 0xD3, 0x5B, 0xBA, 0x01, 0x00, 0x19, 0xFF, 0xE4, 0xFF, 0xAC, 0x00,
    0x00, 0x01, 0xE9, 0xFF, 0xA5, 0x01, 0x00, 0x00, 0x00, 0x00, 0x00, 0x00, 0x0A, 0x00, 0x00, 0x0A,
    0xA2, 0xFF, 0xFF, 0xCF, 0x01, 0x00, 0x00, 0x84, 0xA9, 0xFF, 0xBD, 0x00, 0x00, 0x87, 0xFF, 0xFF,
    0xE2, 0xFF, 0x0C, 0x3F, 0xFF, 0xE4, 0x64, 0xF7, 0xFF, 0x4C, 0xA1, 0xFF, 0x3A, 0x00, 0xA5, 0xFF,
    0x52, 0xC0, 0xFF, 0x03, 0x00, 0xD7, 0xFF, 0x1B, 0xA5, 0xFF, 0x9D, 0x97, 0xFF, 0xBE, 0x00, 0x0C,
    0xCD, 0xFF, 0xFF, 0xB0, 0x0F, 0x00, 0x00, 0x00, 0x04, 0x12, 0x00, 0x00, 0x00, 0x00, 0x09, 0xFA,
    0xFF, 0xBB, 0xA5, 0x00, 0x00, 0x00, 0xB6, 0xCD, 0xFF, 0xD3, 0x00, 0x00, 0x00, 0x00, 0x00, 0x10,
    0x00, 0x00, 0x00, 0xFF, 0xF1, 0xC6, 0xFF, 0xB7, 0x00, 0x0A, 0xFF, 0xFF, 0x63, 0xE4, 0xFF, 0x0A,
    0x43, 0xFF, 0xBD, 0x00, 0xCA, 0xFF, 0x03, 0x7F, 0xFF, 0x67, 0x00, 0xFB, 0xFF, 0x00, 0xBB, 0xFF,
    0x2A, 0x00, 0xFF, 0xD7, 0x00, 0xCD, 0xFF, 0x00, 0x24, 0xFF, 0xA5, 0x00, 0x00, 0x00, 0x1C, 0xB1,
    0x01, 0x00, 0x00, 0x00, 0x00, 0x60, 0xFF, 0x60, 0x00, 0x00, 0x00, 0x00, 0x00, 0xBE, 0x9C, 0x00,
    0x00, 0x00, 0x00, 0x00, 0x00, 0x00, 0x00, 0x00, 0x00, 0x3F, 0xEB, 0xFF, 0xFF, 0x66, 0x00, 0x15,
    0xFF, 0xF5, 0x76, 0xFA, 0xFF, 0x03, 0x8D, 0xFF, 0x67, 0x00, 0xA1, 0xFF, 0x1F, 0xBD, 0xFF, 0x2A,
    0x00, 0xD9, 0xFF, 0x01, 0x81, 0xFF, 0xA5, 0x8D, 0xFF, 0xB2, 0x00, 0x03, 0xBA, 0xFF, 0xFF, 0xB2,
    0x0C, 0x00, 0x00, 0x00, 0x00, 0x00, 0xB2, 0x24, 0x00, 0x00, 0x00, 0x00, 0x88, 0xFF, 0x55, 0x00,
    0x00, 0x00, 0x00, 0xC1, 0xA0, 0x00, 0x00, 0x00, 0x00, 0x00, 0x00, 0x00, 0x00, 0x00, 0x00, 0x3F,
    0xEB, 0xFF, 0xFF, 0x66, 0x00, 0x15, 0xFF, 0xF5, 0x76, 0xFA, 0xFF, 0x03, 0x8D, 0xFF, 0x67, 0x00,
    0xA1, 0xFF, 0x1F, 0xBD, 0xFF, 0x2A, 0x00, 0xD9, 0xFF, 0x01, 0x81, 0xFF, 0xA5, 0x8D, 0xFF, 0xB2,
    0x00, 0x03, 0xBA, 0xFF, 0xFF, 0xB2, 0x0C, 0x00, 0x00, 0x00, 0x00, 0x88, 0xA2, 0x10, 0x00, 0x00,
    0x00, 0x96, 0xFF, 0xFF, 0xB2, 0x00, 0x00, 0x09, 0xF1, 0x5A, 0x51, 0xE9, 0x03, 0x00, 0x00, 0x00,
    0x00, 0x00, 0x00, 0x00, 0x00, 0x3F, 0xEB, 0xFF, 0xFF, 0x66, 0x00, 0x15, 0xFF, 0xF5, 0x76, 0xFA,
    0xFF, 0x03, 0x8D, 0xFF, 0x67, 0x00, 0xA1, 0xFF, 0x1F, 0xBD, 0xFF, 0x2A, 0x00, 0xD9, 0xFF, 0x01,
    0x81, 0xFF, 0xA5, 0x8D, 0xFF, 0xB2, 0x00, 0x03, 0xBA, 0xFF, 0xFF, 0xB2, 0x0C, 0x00, 0x00, 0x00,
    0x01, 0x15, 0x00, 0x00, 0x00, 0x00, 0x00, 0xDC, 0xFF, 0xC9, 0xB5, 0x00, 0x00, 0x00, 0xA6, 0xBE,
    0xFF, 0xF3, 0x06, 0x00, 0x00, 0x00, 0x00, 0x0F, 0x01, 0x00, 0x00, 0x3F, 0xEB, 0xFF, 0xFF, 0x66,
    0x00, 0x15, 0xFF, 0xF5, 0x76, 0xFA, 0xFF, 0x03, 0x8D, 0xFF, 0x67, 0x00, 0xA1, 0xFF, 0x1F, 0xBD,
    0xFF, 0x2A, 0x00, 0xD9, 0xFF, 0x01, 0x81, 0xFF, 0xA5, 0x8D, 0xFF, 0xB2, 0x00, 0x03, 0xBA, 0xFF,
    0xFF, 0xB2, 0x0C, 0x00, 0x00, 0x00, 0xAB, 0x9C, 0x67, 0xCB, 0x0F, 0x00, 0x04, 0xFF, 0xB1, 0xAD,
    0xFF, 0x10, 0x00, 0x00, 0x00, 0x00, 0x00, 0x00, 0x00, 0x00, 0x3F, 0xEB, 0xFF, 0xFF, 0x66, 0x00,
    0x15, 0xFF, 0xF5, 0x76, 0xFA, 0xFF, 0x03, 0x8D, 0xFF, 0x67, 0x00, 0xA1, 0xFF, 0x1F, 0xBD, 0xFF,
    0x2A, 0x00, 0xD9, 0xFF, 0x01, 0x81, 0xFF, 0xA5, 0x8D, 0xFF, 0xB2, 0x00, 0x03, 0xBA, 0xFF, 0xFF,
    0xB2, 0x0C, 0x00, 0x00, 0x00, 0x1E, 0xFF, 0xBE, 0x00, 0x00, 0x01, 0x18, 0x3F, 0xFF, 0x9D, 0x18,
    0x01, 0x4E, 0xFF, 0xFF, 0xFF, 0xFF, 0xFF, 0x0F, 0x1C, 0x60, 0x60, 0x60, 0x60, 0x58, 0x00, 0x00,
    0x00, 0xBE, 0xDF, 0x00, 0x00, 0x00, 0x00, 0x00, 0xFD, 0xF6, 0x00, 0x00, 0x00, 0x00, 0x00, 0x00,
    0x00, 0x00, 0x29, 0x3F, 0x00, 0x00, 0x64, 0xF5, 0xFF, 0xF9, 0xAF, 0x00, 0x14, 0xFE, 0xC3, 0xE7,
    0xED, 0x06, 0x00, 0x83, 0xE3, 0xB9, 0xFD, 0xEF, 0x22, 0x00, 0xB0, 0xFF, 0xD1, 0xCE, 0xED, 0x01,
    0x00, 0x83, 0xFC, 0xC0, 0xE7, 0xA7, 0x00, 0x0A, 0xEE, 0xF6, 0xFF, 0xC3, 0x0B, 0x00, 0x00, 0x60,
    0x00, 0x00, 0x00, 0x00, 0x00, 0x00, 0x00, 0x22, 0xAC, 0x00, 0x00, 0x00, 0x00, 0x00, 0x72, 0xFF,
    0x48, 0x00, 0x00, 0x00, 0x00, 0x00, 0xCD, 0x87, 0x00, 0x00, 0x00, 0x00, 0x00, 0x00, 0x00, 0x00,
    0x00, 0x00, 0xFF, 0xD9, 0x00, 0x91, 0xFF, 0x58, 0x1F, 0xFF, 0xA5, 0x00, 0xAB, 0xFF, 0x1C, 0x5D,
    0xFF, 0x87, 0x00, 0xDD, 0xFF, 0x00, 0x99, 0xFF, 0x4B, 0x0A, 0xFF, 0xF3, 0x00, 0xA8, 0xFF, 0xB7,
    0xBB, 0xFF, 0xC1, 0x00, 0x2D, 0xFF, 0xFF, 0xB5, 0xFF, 0xAC, 0x00, 0x00, 0x00, 0x00, 0x03, 0xB5,
    0x1E, 0x00, 0x00, 0x00, 0x00, 0x9A, 0xFF, 0x48, 0x00, 0x00, 0x00, 0x00, 0xD0, 0x8A, 0x00, 0x00,
    0x00, 0x00, 0x00, 0x00, 0x00, 0x00, 0x00, 0x00, 0xFF, 0xD9, 0x00, 0x91, 0xFF, 0x58, 0x1F, 0xFF,
    0xA5, 0x00, 0xAB, 0xFF, 0x1C, 0x5D, 0xFF, 0x87, 0x00, 0xDD, 0xFF, 0x00, 0x99, 0xFF, 0x4B, 0x0A,
    0xFF, 0xF3, 0x00, 0xA8, 0xFF, 0xB7, 0xBB, 0xFF, 0xC1, 0x00, 0x2D, 0xFF, 0xFF, 0xB5, 0xFF, 0xAC,
    0x00, 0x00, 0x00, 0x00, 0x69, 0x8E, 0x03, 0x00, 0x00, 0x00, 0x8E, 0xFF, 0xFF, 0xA9, 0x00, 0x00,
    0x0D, 0xF7, 0x54, 0x6A, 0xDF, 0x00, 0x00, 0x00, 0x00, 0x00, 0x00, 0x00, 0x00, 0x00, 0xFF, 0xD9,
    0x00, 0x91, 0xFF, 0x58, 0x1F, 0xFF, 0xA5, 0x00, 0xAB, 0xFF, 0x1C, 0x5D, 0xFF, 0x87, 0x00, 0xDD,
    0xFF, 0x00, 0x99, 0xFF, 0x4B, 0x0A, 0xFF, 0xF3, 0x00, 0xA8, 0xFF, 0xB7, 0xBB, 0xFF, 0xC1, 0x00,
    0x2D, 0xFF, 0xFF, 0xB5, 0xFF, 0xAC, 0x00, 0x00, 0x00, 0xB6, 0x8E, 0x75, 0xC6, 0x06, 0x00, 0x12,
    0xFF, 0xA0, 0xBC, 0xFF, 0x07, 0x00, 0x00, 0x00, 0x00, 0x00, 0x00, 0x00, 0x00, 0xFF, 0xD9, 0x00,
    0x91, 0xFF, 0x58, 0x1F, 0xFF, 0xA5, 0x00, 0xAB, 0xFF, 0x1C, 0x5D, 0xFF, 0x87, 0x00, 0xDD, 0xFF,
    0x00, 0x99, 0xFF, 0x4B, 0x0A, 0xFF, 0xF3, 0x00, 0xA8, 0xFF, 0xB7, 0xBB, 0xFF, 0xC1, 0x00, 0x2D,
    0xFF, 0xFF, 0xB5, 0xFF, 0xAC, 0x00, 0x00, 0x00, 0x00, 0x00, 0xAC, 0x2E, 0x00, 0x00, 0x00, 0x00,
    0x6F, 0xFF, 0x6C, 0x00, 0x00, 0x00, 0x00, 0xAD, 0xB8, 0x00, 0x00, 0x00, 0x00, 0x00, 0x00, 0x00,
    0x00, 0x00, 0x00, 0xFF, 0xDA, 0x00, 0x90, 0xFF, 0x57, 0x1C, 0xFF, 0xA8, 0x00, 0xA7, 0xFF, 0x18,
    0x58, 0xFF, 0x8D, 0x00, 0xD8, 0xFF, 0x00, 0x91, 0xFF, 0x55, 0x09, 0xFF, 0xE9, 0x00, 0x9A, 0xFF,
    0xBD, 0xAD, 0xFF, 0xB4, 0x00, 0x25, 0xFF, 0xFF, 0xBE, 0xFF, 0x8B, 0x00, 0x5B, 0xA8, 0x78, 0xF2,
    0xFF, 0x1B, 0x00, 0xB7, 0xFF, 0xFF, 0xFC, 0x57, 0x00, 0x00, 0x00, 0x00, 0xB7, 0x92, 0x08, 0x00,
    0x00, 0x00, 0x00, 0xE2, 0x80, 0x00, 0x00, 0x00, 0x00, 0x00, 0xFB, 0xD8, 0xF2, 0xAC, 0x00, 0x00,
    0x0C, 0xFF, 0xCC, 0xDD, 0xEF, 0x24, 0x00, 0x47, 0xEF, 0x5B, 0x91, 0xF1, 0x37, 0x00, 0x84, 0xDB,
    0x2B, 0x9F, 0xEE, 0x0C, 0x00, 0xA1, 0xF0, 0xA8, 0xE9, 0xC6, 0x00, 0x00, 0xD4, 0xF0, 0xDB, 0xF3,
    0x1D, 0x00, 0x00, 0xED, 0xB5, 0x00, 0x00, 0x00, 0x00, 0x0E, 0xEE, 0x8A, 0x00, 0x00, 0x00, 0x00,
    0x00, 0x00, 0xBD, 0xAC, 0x55, 0xCF, 0x1B, 0x00, 0x00, 0xFF, 0xC4, 0xB1, 0xFF, 0x1F, 0x00, 0x00,
    0x00, 0x00, 0x00, 0x00, 0x00, 0x00, 0xFF, 0xDA, 0x00, 0x90, 0xFF, 0x57, 0x1C, 0xFF, 0xA8, 0x00,
    0xA7, 0xFF, 0x18, 0x58, 0xFF, 0x8D, 0x00, 0xD8, 0xFF, 0x00, 0x91, 0xFF, 0x55, 0x09, 0xFF, 0xE9,
    0x00, 0x9A, 0xFF, 0xBD, 0xAD, 0xFF, 0xB4, 0x00, 0x25, 0xFF, 0xFF, 0xBE, 0xFF, 0x8B, 0x00, 0x5B,
    0xA8, 0x78, 0xF2, 0xFF, 0x1B, 0x00, 0xB7, 0xFF, 0xFF, 0xFC, 0x57, 0x00, 0x00, 0x03, 0x24, 0x24,
    0x24, 0x24, 0x24, 0x03, 0x49, 0xFF, 0xFF, 0xFF, 0xFF, 0xFF, 0x0D, 0x1C, 0x66, 0x66, 0x66, 0x66,
    0x5D, 0x00, 0x1B, 0x24, 0x24, 0x24, 0x24, 0x24, 0x1B, 0xFF, 0xFF, 0xFF, 0xFF, 0xFF, 0xFF, 0xDA,
    0x61, 0x66, 0x66, 0x66, 0x66, 0x66, 0x3A, 0x00, 0x00, 0x61, 0xFF, 0x19, 0x00, 0x06, 0xFF, 0xDF,
    0x00, 0x00, 0xAC, 0xFF, 0x88, 0x00, 0x00, 0xAB, 0xA0, 0x12, 0x00, 0x00, 0xBA, 0xFF, 0x87, 0x04,
    0xFF, 0xF1, 0x00, 0x6A, 0xFF, 0x43, 0x00, 0x67, 0x88, 0x00, 0x00, 0x00, 0x00, 0xA1, 0xFB, 0x00,
    0xDD, 0xC4, 0x00, 0x2A, 0xFF, 0xB1, 0x63, 0xFF, 0x6C, 0x00, 0xCD, 0xFF, 0x37, 0xFF, 0xFF, 0x07,
    0x1F, 0xD9, 0xBC, 0x4F, 0xDC, 0xB1, 0x00, 0x00, 0x0A, 0xFF, 0xFF, 0x54, 0xFF, 0xF7, 0x00, 0x75,
    0xFF, 0x9A, 0xBE, 0xFF, 0x52, 0x00, 0xC9, 0xFF, 0x04, 0xFF, 0xCD, 0x00, 0x00, 0xC6, 0x60, 0x1B,
    0xDA, 0x2A, 0x00, 0x00, 0x76, 0x8C, 0xA0, 0xA7, 0x88, 0xB0, 0x00, 0xB6, 0xB4, 0xF2, 0xB8, 0xCD,
    0xE3, 0x00, 0x00, 0x9C, 0xFF, 0xFF, 0xF7, 0x46, 0x00, 0x9F, 0xFF, 0xA2, 0x91, 0xDC, 0xA2, 0x0D,
    0xFF, 0xFF, 0xFF, 0xFF, 0x0D, 0x00, 0x66, 0xFF, 0xA6, 0x24, 0x22, 0x00, 0x00, 0x97, 0xFF, 0xFF,
    0xFF, 0xD5, 0x00, 0x00, 0x84, 0xFF, 0x88, 0x24, 0x2B, 0x16, 0x00, 0x2A, 0xFF, 0xFB, 0x94, 0xF5,
    0xEC, 0x00, 0x00, 0x7C, 0xFF, 0xFF, 0xF8, 0x4F, 0x00, 0x00, 0x00, 0x28, 0x00, 0x00, 0x00, 0x00,
    0x00, 0x45, 0xFF, 0x82, 0x00, 0x00, 0x00, 0x43, 0xFF, 0xFF, 0x93, 0x90, 0x90, 0x2A, 0xC6, 0xFF,
    0xFF, 0xFF, 0xFF, 0xFF, 0x6D, 0x09, 0xDE, 0xFF, 0x37, 0x00, 0x00, 0x00, 0x00, 0x09, 0xCB, 0x4E,
    0x00, 0x00, 0x00, 0x00, 0x00, 0x33, 0xA5, 0x01, 0x00, 0x00, 0x33, 0xFF, 0xFF, 0xBF, 0x01, 0x24,
    0xFF, 0xFF, 0xFF, 0xFF, 0xB6, 0x03, 0xAC, 0x99, 0xFF, 0x4F, 0x69, 0x00, 0x00, 0x90, 0xFF, 0x00,
    0x00, 0x00, 0x00, 0x90, 0xFF, 0x00, 0x00, 0x00, 0x00, 0x90, 0xFF, 0x00, 0x00, 0x00, 0x00, 0x90,
    0xFF, 0x00, 0x00, 0x00, 0x00, 0x00, 0x1F, 0x07, 0x00, 0x00, 0x00, 0x00, 0x00, 0xEE, 0xDC, 0x07,
    0x00, 0x63, 0x90, 0x90, 0xA1, 0xFF, 0xDA, 0x07, 0xD4, 0xFF, 0xFF, 0xFF, 0xFF, 0xFF, 0x5E, 0x00,
    0x00, 0x00, 0xAB, 0xFF, 0x82, 0x00, 0x00, 0x00, 0x00, 0xAA, 0x82, 0x00, 0x00, 0x00, 0x00, 0x60,
    0xCF, 0x00, 0x00, 0x00, 0x00, 0x90, 0xFF, 0x00, 0x00, 0x00, 0x00, 0x90, 0xFF, 0x00, 0x00, 0x00,
    0x00, 0x90, 0xFF, 0x00, 0x00, 0x00, 0x36, 0x8E, 0xFF, 0x13, 0x21, 0x28, 0xFF, 0xE8, 0xFF, 0xF3,
    0xD5, 0x00, 0x84, 0xFF, 0xFF, 0xFF, 0x21, 0x00, 0x00, 0x84, 0xFF, 0x21, 0x00, 0x00, 0x00, 0x00,
    0x06, 0x00, 0x00, 0x00, 0x5D, 0xE1, 0x63, 0xE1, 0x0F, 0x00, 0x5B, 0xFF, 0xFF, 0xB2, 0xFF, 0xED,
    0x0F, 0xE3, 0xFF, 0xFF, 0xFF, 0xFF, 0xFF, 0x76, 0x12, 0xF2, 0xFF, 0x78, 0xFF, 0x9A, 0x00, 0x00,
    0x10, 0x75, 0x10, 0x76, 0x00, 0x00, 0x00, 0x00, 0x33, 0xA5, 0x01, 0x00, 0x00, 0x33, 0xFF, 0xFF,
    0xBF, 0x01, 0x24, 0xFF, 0xFF, 0xFF, 0xFF, 0xB6, 0x03, 0xAC, 0x99, 0xFF, 0x4F, 0x69, 0x00, 0x36,
    0x8E, 0xFF, 0x13, 0x21, 0x28, 0xFF, 0xE8, 0xFF, 0xF3, 0xD5, 0x00, 0x84, 0xFF, 0xFF, 0xFF, 0x21,
    0x00, 0x00, 0x84, 0xFF, 0x21, 0x00, 0x00, 0x00, 0x00, 0x06, 0x00, 0x00, 0x00, 0x00, 0xA8, 0xA8,
    0x00, 0x00, 0x00, 0x00, 0xAE, 0xA8, 0x00, 0x00, 0x00, 0x00, 0xAE, 0xA8, 0x00, 0x00, 0x00, 0x00,
    0xAE, 0xA8, 0x00, 0x00, 0x00, 0x00, 0xAE, 0xA8, 0x00, 0x00, 0x0D, 0xBB, 0xAE, 0xA8, 0xBB, 0x0F,
    0x00, 0x75, 0x79, 0x78, 0x76, 0x00, 0x00, 0x00, 0x7E, 0x7E, 0x00, 0x00, 0x00, 0x00, 0x00, 0x00,
    0x22, 0x70, 0x09, 0x00, 0x5E, 0x66, 0x66, 0xF6, 0xFA, 0x1F, 0x10, 0xFF, 0xFF, 0xFF, 0xFF, 0xFF,
    0x4C, 0x00, 0x06, 0x64, 0xFF, 0x3C, 0x06, 0x00, 0x90, 0xFF, 0xFF, 0xFF, 0xFF, 0xFF, 0x00, 0x43,
    0xFF, 0xD3, 0x7E, 0x7E, 0x5B, 0x00, 0x24, 0x90, 0x12, 0x00, 0x00, 0x00, 0x00, 0xBE, 0xFF, 0xFF,
    0xFF, 0xFF, 0xFF, 0xFF, 0x1C, 0x1E, 0x30, 0x30, 0x30, 0x30, 0x30, 0x30, 0x03, 0xA8, 0xFF, 0xFF,
    0xFF, 0xFF, 0xFF, 0xFF, 0x18, 0x3C, 0x60, 0x60, 0x60, 0x60, 0x60, 0x60, 0x07, 0x21, 0x36, 0x36,
    0x36, 0x36, 0x36, 0x36, 0x03, 0xBE, 0xFF, 0xFF, 0xFF, 0xFF, 0xFF, 0xFF, 0x1C, 0x00, 0x00, 0x00,
    0x00, 0x04, 0x67, 0x2D, 0x00, 0x01, 0x58, 0xB9, 0xFF, 0xFF, 0x2B, 0x00, 0xE7, 0xFF, 0xDF, 0x91,
    0x1B, 0x00, 0x00, 0xFF, 0xFF, 0xDA, 0x7F, 0x0D, 0x00, 0x00, 0x01, 0x64, 0xD0, 0xFF, 0xC1, 0x00,
    0x1F, 0x60, 0x60, 0x60, 0x7C, 0x66, 0x00, 0xAB, 0xFF, 0xFF, 0xFF, 0xFF, 0x6C, 0x00, 0x00, 0x54,
    0x45, 0x00, 0x00, 0x00, 0x00, 0xA7, 0xFF, 0xFC, 0x99, 0x13, 0x00, 0x00, 0x48, 0xAC, 0xFF, 0xFF,
    0x00, 0x3F, 0xBA, 0xFF, 0xFF, 0xD0, 0x28, 0xFF, 0xFF, 0xB2, 0x2E, 0x00, 0x40, 0x9C, 0x60, 0x60,
    0x60, 0x24, 0xAB, 0xFF, 0xFF, 0xFF, 0xFF, 0x6C, 0x00, 0x48, 0xFD, 0xFF, 0xBA, 0x04, 0x00, 0xFF,
    0x45, 0x01, 0xBA, 0x96, 0x09, 0xFF, 0x00, 0x00, 0x60, 0xB7, 0x00, 0xFF, 0x6D, 0x18, 0xD5, 0x7E,
    0x6D, 0xE3, 0xDC, 0xFB, 0xA6, 0x00, 0xA2, 0x0D, 0x00, 0x00, 0x00, 0x00, 0x00, 0x00, 0x00, 0x00,
    0x00, 0x82, 0xA8, 0x49, 0x00, 0x00, 0x00, 0x00, 0x00, 0xAE, 0x00, 0xA8, 0x00, 0x2A, 0x9C, 0x00,
    0x00, 0xAE, 0x00, 0xA8, 0x21, 0xB0, 0xC5, 0xAE, 0xAE, 0xAF, 0x00, 0xA8, 0xB1, 0x21, 0x00, 0x00,
    0x00, 0x00, 0x00, 0xA8, 0x10, 0xAB, 0xD5, 0xA8, 0xA8, 0xA8, 0xA8, 0x58, 0x00, 0x0F, 0x6F, 0x00,
    0x00, 0x00, 0x00, 0x00, 0x45, 0xE7, 0xF0, 0xF0, 0xF0, 0xEF, 0xE8, 0x04, 0x11, 0x12, 0x12, 0x12,
    0x12, 0x10, 0x5D, 0xF7, 0xFF, 0xFF, 0xFF, 0xFF, 0xFF, 0x29, 0xA6, 0xAE, 0xAE, 0xAE, 0xAE, 0xA8,
    0x63, 0xF0, 0xF0, 0xF0, 0xF0, 0xF0, 0xF0, 0xF0, 0xF0, 0xF0, 0xF0, 0xF0, 0xF0, 0xF0, 0xE4, 0x3A,
    0x84, 0x06, 0xAE, 0xFF, 0x12, 0xAE, 0xFF, 0x12, 0xAE, 0xFF, 0x12, 0xAE, 0xFF, 0x12, 0xAE, 0xFF,
    0x12, 0xAE, 0xFF, 0x12, 0xAE, 0xFF, 0x12, 0xAE, 0xFF, 0x12, 0xAE, 0xFF, 0x12, 0xAE, 0xFF, 0x12,
    0xAE, 0xFF, 0x12, 0xAE, 0xFF, 0x12, 0xAE, 0xFF, 0x12, 0xA5, 0xFF, 0x10, 0xA2, 0xDD, 0x70, 0xF0,
    0x5A, 0xF0, 0x2D, 0x09, 0x10, 0x06, 0x12, 0x04, 0x12, 0x01, 0xB4, 0xFF, 0x96, 0xFF, 0x78, 0xFF,
    0x3C, 0x61, 0x9F, 0x43, 0xAE, 0x36, 0xAE, 0x1B, 0xE4, 0xF0, 0x82, 0x79, 0xF0, 0xE1, 0x00, 0xE1,
    0xF0, 0x8B, 0x2D, 0xF0, 0xF0, 0x4C, 0xA5, 0xFF, 0x10, 0xAE, 0xFF, 0x12, 0x4E, 0xAE, 0x07, 0x48,
    0xA2, 0x07, 0xAE, 0xFF, 0x12, 0xA2, 0xFF, 0x10, 0x00, 0x00, 0x00, 0xA2, 0xFF, 0x10, 0xAE, 0xFF,
    0x12, 0x54, 0xBA, 0x07, 0x1B, 0x3C, 0x01, 0xAE, 0xFF, 0x12, 0xAE, 0xFF, 0x12, 0x2D, 0x66, 0x04,
    0xDD, 0xB4, 0xBF, 0xC6, 0xA6, 0xF0, 0x0D, 0x10, 0x0A, 0x0D, 0x0D, 0x09, 0x12, 0x00, 0xFF, 0xC8,
    0xFF, 0xFF, 0xB9, 0xFF, 0x12, 0x9F, 0x6C, 0x8A, 0x90, 0x64, 0xAE, 0x07, 0x1B, 0xF0, 0xF0, 0x51,
    0xF0, 0xF0, 0x4C, 0xF0, 0xE4, 0x79, 0xF0, 0x90, 0xD9, 0xF0, 0x4C, 0x0F, 0x24, 0x01, 0xAE, 0xFF,
    0x12, 0xAE, 0xFF, 0x12, 0x30, 0x6C, 0x04, 0xAE, 0xFF, 0x12, 0xAE, 0xFF, 0x12, 0x2D, 0x66, 0x04,
    0xAE, 0xFF, 0x12, 0xA5, 0xFF, 0x10, 0x48, 0xA2, 0x07, 0xAE, 0xFF, 0x12, 0x57, 0xA0, 0x09, 0x9D,
    0xFF, 0x0F, 0xAE, 0xFF, 0x12, 0x2D, 0x66, 0x04, 0xF0, 0xF0, 0xD4, 0x0D, 0x5A, 0x00, 0x00, 0x00,
    0x5A, 0x00, 0x00, 0x00, 0x5A, 0x00, 0x00, 0x00, 0x5A, 0x00, 0x00, 0x00, 0x5A, 0x00, 0x00, 0x00,
    0x5A, 0x00, 0x00, 0x00, 0x45, 0x00, 0x00, 0x00, 0x12, 0x12, 0x10, 0x00, 0xFF, 0xFF, 0xE1, 0x12,
    0xCC, 0xAE, 0x99, 0x07, 0x5A, 0x00, 0x00, 0x00, 0x5A, 0x00, 0x00, 0x00, 0x5A, 0x00, 0x00, 0x00,
    0x5A, 0x00, 0x00, 0x00, 0x5A, 0x00, 0x00, 0x00, 0x4C, 0x00, 0x00, 0x00, 0x82, 0xF0, 0xF0, 0xF0,
    0xE8, 0xAE, 0xFF, 0x12, 0x00, 0x00, 0xAE, 0xFF, 0x12, 0x00, 0x00, 0xAE, 0xFF, 0x12, 0x00, 0x00,
    0xAE, 0xFF, 0x12, 0x00, 0x00, 0xAE, 0xFF, 0x12, 0x00, 0x00, 0xAE, 0xFF, 0x12, 0x00, 0x00, 0x84,
    0xF5, 0x0D, 0x00, 0x00, 0x07, 0x12, 0x12, 0x12, 0x10, 0xAE, 0xFF, 0xFF, 0xFF, 0xFF, 0xAE, 0xFF,
    0xB7, 0xAE, 0xA8, 0xAE, 0xFF, 0x12, 0x00, 0x00, 0xAE, 0xFF, 0x12, 0x00, 0x00, 0xAE, 0xFF, 0x12,
    0x00, 0x00, 0xAE, 0xFF, 0x12, 0x00, 0x00, 0xAE, 0xFF, 0x12, 0x00, 0x00, 0x91, 0xFF, 0x0F, 0x00,
    0x00, 0x00, 0x55, 0xF0, 0xF0, 0xF0, 0xB4, 0x00, 0x00, 0x00, 0x00, 0x00, 0xF0, 0x00, 0x00, 0x00,
    0x00, 0x00, 0xF0, 0x00, 0x00, 0x00, 0x00, 0x00, 0xF0, 0x00, 0x00, 0x00, 0x00, 0x00, 0xF0, 0x00,
    0x00, 0x00, 0x00, 0x00, 0xF0, 0x00, 0x00, 0x00, 0x00, 0x00, 0xF0, 0x00, 0x00, 0x00, 0x00, 0x00,
    0xB7, 0x00, 0x04, 0x12, 0x12, 0x12, 0x0D, 0x00, 0x72, 0xFF, 0xFF, 0xFF, 0xF0, 0x00, 0x33, 0xAE,
    0xAE, 0xAE, 0xF0, 0x00, 0x00, 0x00, 0x00, 0x00, 0xF0, 0x00, 0x00, 0x00, 0x00, 0x00, 0xF0, 0x00,
    0x00, 0x00, 0x00, 0x00, 0xF0, 0x00, 0x00, 0x00, 0x00, 0x00, 0xF0, 0x00, 0x00, 0x00, 0x00, 0x00,
    0xF0, 0x00, 0x00, 0x00, 0x00, 0x00, 0xCA, 0x00, 0x6C, 0xF0, 0xF0, 0xF0, 0xF0, 0x0D, 0x00, 0x00,
    0x00, 0x00, 0xAE, 0xFF, 0x12, 0x00, 0x00, 0x00, 0x00, 0xAE, 0xFF, 0x12, 0x00, 0x00, 0x00, 0x00,
    0xAE, 0xFF, 0x12, 0x00, 0x00, 0x00, 0x00, 0xAE, 0xFF, 0x12, 0x00, 0x00, 0x00, 0x00, 0xAE, 0xFF,
    0x12, 0x00, 0x00, 0x00, 0x00, 0xAE, 0xFF, 0x12, 0x00, 0x00, 0x00, 0x00, 0x84, 0xF5, 0x0D, 0x00,
    0x06, 0x12, 0x12, 0x12, 0x12, 0x00, 0x00, 0x90, 0xFF, 0xFF, 0xFF, 0xFF, 0x12, 0x00, 0x40, 0xAE,
    0xAE, 0xDF, 0xFF, 0x12, 0x00, 0x00, 0x00, 0x00, 0xAE, 0xFF, 0x12, 0x00, 0x00, 0x00, 0x00, 0xAE,
    0xFF, 0x12, 0x00, 0x00, 0x00, 0x00, 0xAE, 0xFF, 0x12, 0x00, 0x00, 0x00, 0x00, 0xAE, 0xFF, 0x12,
    0x00, 0x00, 0x00, 0x00, 0xAE, 0xFF, 0x12, 0x00, 0x00, 0x00, 0x00, 0x91, 0xFF, 0x0F, 0x39, 0x00,
    0x00, 0x00, 0x5A, 0x00, 0x00, 0x00, 0x5A, 0x00, 0x00, 0x00, 0x5A, 0x00, 0x00, 0x00, 0x5A, 0x00,
    0x00, 0x00, 0x5A, 0x00, 0x00, 0x00, 0x5A, 0x00, 0x00, 0x00, 0xF6, 0xF0, 0xD4, 0x0D, 0x31, 0x00,
    0x00, 0x00, 0x5A, 0x00, 0x00, 0x00, 0x5A, 0x00, 0x00, 0x00, 0x5A, 0x00, 0x00, 0x00, 0x5A, 0x00,
    0x00, 0x00, 0x5A, 0x00, 0x00, 0x00, 0x66, 0x12, 0x10, 0x00, 0xFF, 0xFF, 0xE1, 0x12, 0xAE, 0xAE,
    0x99, 0x07, 0x5B, 0xAA, 0x09, 0x00, 0x00, 0xAE, 0xFF, 0x12, 0x00, 0x00, 0xAE, 0xFF, 0x12, 0x00,
    0x00, 0xAE, 0xFF, 0x12, 0x00, 0x00, 0xAE, 0xFF, 0x12, 0x00, 0x00, 0xAE, 0xFF, 0x12, 0x00, 0x00,
    0xAE, 0xFF, 0x12, 0x00, 0x00, 0xAE, 0xFF, 0xF3, 0xF0, 0xE8, 0x4E, 0xAE, 0x07, 0x00, 0x00, 0xAE,
    0xFF, 0x12, 0x00, 0x00, 0xAE, 0xFF, 0x12, 0x00, 0x00, 0xAE, 0xFF, 0x12, 0x00, 0x00, 0xAE, 0xFF,
    0x12, 0x00, 0x00, 0xAE, 0xFF, 0x12, 0x00, 0x00, 0xAE, 0xFF, 0x22, 0x12, 0x10, 0xAE, 0xFF, 0xFF,
    0xFF, 0xFF, 0x4E, 0xAE, 0xAE, 0xAE, 0xA8, 0x00, 0x00, 0x00, 0x00, 0x00, 0x99, 0x00, 0x00, 0x00,
    0x00, 0x00, 0xF0, 0x00, 0x00, 0x00, 0x00, 0x00, 0xF0, 0x00, 0x00, 0x00, 0x00, 0x00, 0xF0, 0x00,
    0x00, 0x00, 0x00, 0x00, 0xF0, 0x00, 0x00, 0x00, 0x00, 0x00, 0xF0, 0x00, 0x00, 0x00, 0x00, 0x00,
    0xF0, 0x00, 0x55, 0xF0, 0xF0, 0xF0, 0xF0, 0x00, 0x00, 0x00, 0x00, 0x00, 0x82, 0x00, 0x00, 0x00,
    0x00, 0x00, 0xF0, 0x00, 0x00, 0x00, 0x00, 0x00, 0xF0, 0x00, 0x00, 0x00, 0x00, 0x00, 0xF0, 0x00,
    0x00, 0x00, 0x00, 0x00, 0xF0, 0x00, 0x00, 0x00, 0x00, 0x00, 0xF0, 0x00, 0x04, 0x12, 0x12, 0x12,
    0xF0, 0x00, 0x72, 0xFF, 0xFF, 0xFF, 0xF0, 0x00, 0x33, 0xAE, 0xAE, 0xAE, 0x82, 0x00, 0x00, 0x00,
    0x00, 0x5B, 0xAA, 0x09, 0x00, 0x00, 0x00, 0x00, 0xAE, 0xFF, 0x12, 0x00, 0x00, 0x00, 0x00, 0xAE,
    0xFF, 0x12, 0x00, 0x00, 0x00, 0x00, 0xAE, 0xFF, 0x12, 0x00, 0x00, 0x00, 0x00, 0xAE, 0xFF, 0x12,
    0x00, 0x00, 0x00, 0x00, 0xAE, 0xFF, 0x12, 0x00, 0x00, 0x00, 0x00, 0xAE, 0xFF, 0x12, 0x00, 0x6C,
    0xF0, 0xF0, 0xFF, 0xFF, 0x12, 0x00, 0x00, 0x00, 0x00, 0x4E, 0xAE, 0x07, 0x00, 0x00, 0x00, 0x00,
    0xAE, 0xFF, 0x12, 0x00, 0x00, 0x00, 0x00, 0xAE, 0xFF, 0x12, 0x00, 0x00, 0x00, 0x00, 0xAE, 0xFF,
    0x12, 0x00, 0x00, 0x00, 0x00, 0xAE, 0xFF, 0x12, 0x00, 0x00, 0x00, 0x00, 0xAE, 0xFF, 0x12, 0x00,
    0x06, 0x12, 0x12, 0xB7, 0xFF, 0x12, 0x00, 0x90, 0xFF, 0xFF, 0xFF, 0xFF, 0x12, 0x00, 0x40, 0xAE,
    0xAE, 0xAE, 0xAE, 0x07, 0x25, 0x00, 0x00, 0x00, 0x5A, 0x00, 0x00, 0x00, 0x5A, 0x00, 0x00, 0x00,
    0x5A, 0x00, 0x00, 0x00, 0x5A, 0x00, 0x00, 0x00, 0x5A, 0x00, 0x00, 0x00, 0x5A, 0x00, 0x00, 0x00,
    0xD0, 0xB4, 0x9F, 0x09, 0x88, 0x42, 0x3A, 0x03, 0x5A, 0x00, 0x00, 0x00, 0x5A, 0x00, 0x00, 0x00,
    0x5A, 0x00, 0x00, 0x00, 0x5A, 0x00, 0x00, 0x00, 0x5A, 0x00, 0x00, 0x00, 0x56, 0x00, 0x00, 0x00,
    0x25, 0x00, 0x00, 0x00, 0x5A, 0x00, 0x00, 0x00, 0x5A, 0x00, 0x00, 0x00, 0x5A, 0x00, 0x00, 0x00,
    0x5A, 0x00, 0x00, 0x00, 0x5A, 0x00, 0x00, 0x00, 0x5A, 0x00, 0x00, 0x00, 0xFF, 0xFF, 0xE1, 0x10,
    0xCD, 0xAF, 0x9A, 0x09, 0x5A, 0x00, 0x00, 0x00, 0x5A, 0x00, 0x00, 0x00, 0x5A, 0x00, 0x00, 0x00,
    0x5A, 0x00, 0x00, 0x00, 0x5A, 0x00, 0x00, 0x00, 0x56, 0x00, 0x00, 0x00, 0x5B, 0xAA, 0x09, 0x00,
    0x00, 0xAE, 0xFF, 0x12, 0x00, 0x00, 0xAE, 0xFF, 0x12, 0x00, 0x00, 0xAE, 0xFF, 0x12, 0x00, 0x00,
    0xAE, 0xFF, 0x12, 0x00, 0x00, 0xAE, 0xFF, 0x12, 0x00, 0x00, 0xAE, 0xFF, 0x12, 0x00, 0x00, 0xAE,
    0xFF, 0xF3, 0xF0, 0xE8, 0x1E, 0xD7, 0x00, 0x00, 0x00, 0x1E, 0xD7, 0x00, 0x00, 0x00, 0x1E, 0xD7,
    0x00, 0x00, 0x00, 0x1E, 0xD7, 0x00, 0x00, 0x00, 0x1E, 0xD7, 0x00, 0x00, 0x00, 0x1E, 0xD7, 0x00,
    0x00, 0x00, 0x16, 0xA3, 0x00, 0x00, 0x00, 0x09, 0x58, 0x00, 0x00, 0x00, 0x1E, 0xD7, 0x00, 0x00,
    0x00, 0x1E, 0xD7, 0x00, 0x00, 0x00, 0x1E, 0xD7, 0x00, 0x00, 0x00, 0x1E, 0xD7, 0x00, 0x00, 0x00,
    0x1E, 0xD7, 0x00, 0x00, 0x00, 0x1E, 0xD7, 0x00, 0x00, 0x00, 0x6F, 0xFF, 0xB4, 0xB4, 0xAD, 0xAE,
    0xFF, 0x55, 0x48, 0x45, 0xAE, 0xFF, 0x12, 0x00, 0x00, 0xAE, 0xFF, 0x12, 0x00, 0x00, 0xAE, 0xFF,
    0x12, 0x00, 0x00, 0xAE, 0xFF, 0x12, 0x00, 0x00, 0xAE, 0xFF, 0x12, 0x00, 0x00, 0xA5, 0xFF, 0x10,
    0x00, 0x00, 0x3A, 0x84, 0x06, 0x00, 0x00, 0xAE, 0xFF, 0x12, 0x00, 0x00, 0xAE, 0xFF, 0x12, 0x00,
    0x00, 0xAE, 0xFF, 0x12, 0x00, 0x00, 0xAE, 0xFF, 0x12, 0x00, 0x00, 0xAE, 0xFF, 0x12, 0x00, 0x00,
    0xAE, 0xFF, 0x12, 0x00, 0x00, 0xAE, 0xFF, 0xBA, 0xB4, 0xAD, 0xAE, 0xFF, 0x4F, 0x42, 0x3F, 0xAE,
    0xFF, 0x12, 0x00, 0x00, 0xAE, 0xFF, 0x12, 0x00, 0x00, 0xAE, 0xFF, 0x12, 0x00, 0x00, 0xAE, 0xFF,
    0x12, 0x00, 0x00, 0xAE, 0xFF, 0x12, 0x00, 0x00, 0xA5, 0xFF, 0x10, 0x00, 0x00, 0x4E, 0xAE, 0x07,
    0x00, 0x00, 0xAE, 0xFF, 0x12, 0x00, 0x00, 0xAE, 0xFF, 0x12, 0x00, 0x00, 0xAE, 0xFF, 0x12, 0x00,
    0x00, 0xAE, 0xFF, 0x12, 0x00, 0x00, 0xAE, 0xFF, 0x12, 0x00, 0x00, 0xAE, 0xFF, 0x22, 0x12, 0x10,
    0xAE, 0xFF, 0xFF, 0xFF, 0xFF, 0x5E, 0xFF, 0xAE, 0xAE, 0xA8, 0x1E, 0xD7, 0x00, 0x00, 0x00, 0x1E,
    0xD7, 0x00, 0x00, 0x00, 0x1E, 0xD7, 0x00, 0x00, 0x00, 0x1E, 0xD7, 0x00, 0x00, 0x00, 0x1E, 0xD7,
    0x00, 0x00, 0x00, 0x18, 0xB5, 0x00, 0x00, 0x00, 0x0D, 0x73, 0x00, 0x00, 0x00, 0x1E, 0xD7, 0x00,
    0x00, 0x00, 0x1E, 0xD7, 0x00, 0x00, 0x00, 0x1E, 0xD7, 0x00, 0x00, 0x00, 0x1E, 0xD7, 0x00, 0x00,
    0x00, 0x1E, 0xD7, 0x00, 0x00, 0x00, 0x24, 0xDA, 0x12, 0x12, 0x10, 0xAE, 0xFF, 0xFF, 0xFF, 0xFF,
    0xAE, 0xFF, 0xB7, 0xAE, 0xA8, 0xAE, 0xFF, 0x12, 0x00, 0x00, 0xAE, 0xFF, 0x12, 0x00, 0x00, 0xAE,
    0xFF, 0x12, 0x00, 0x00, 0xAE, 0xFF, 0x12, 0x00, 0x00, 0xAE, 0xFF, 0x12, 0x00, 0x00, 0x91, 0xFF,
    0x0F, 0x00, 0x00, 0x3A, 0x84, 0x06, 0x00, 0x00, 0xAE, 0xFF, 0x12, 0x00, 0x00, 0xAE, 0xFF, 0x12,
    0x00, 0x00, 0xAE, 0xFF, 0x12, 0x00, 0x00, 0xAE, 0xFF, 0x12, 0x00, 0x00, 0xAE, 0xFF, 0x12, 0x00,
    0x00, 0xAE, 0xFF, 0x12, 0x00, 0x00, 0xAE, 0xFF, 0xFF, 0xFF, 0xFF, 0xAE, 0xFF, 0xB5, 0xAF, 0xA8,
    0xAE, 0xFF, 0x12, 0x00, 0x00, 0xAE, 0xFF, 0x12, 0x00, 0x00, 0xAE, 0xFF, 0x12, 0x00, 0x00, 0xAE,
    0xFF, 0x12, 0x00, 0x00, 0xAE, 0xFF, 0x12, 0x00, 0x00, 0xA5, 0xFF, 0x10, 0x00, 0x00, 0x00, 0x00,
    0x00, 0x00, 0x00, 0x63, 0x00, 0x00, 0x00, 0x00, 0x00, 0xF0, 0x00, 0x00, 0x00, 0x00, 0x00, 0xF0,
    0x00, 0x00, 0x00, 0x00, 0x00, 0xF0, 0x00, 0x00, 0x00, 0x00, 0x00, 0xF0, 0x00, 0x00, 0x00, 0x00,
    0x00, 0xF0, 0x00, 0x00, 0x00, 0x00, 0x00, 0xF0, 0x00, 0x3F, 0xB4, 0xB4, 0xB4, 0xF0, 0x00, 0x13,
    0x42, 0x42, 0x42, 0xF0, 0x00, 0x00, 0x00, 0x00, 0x00, 0xF0, 0x00, 0x00, 0x00, 0x00, 0x00, 0xF0,
    0x00, 0x00, 0x00, 0x00, 0x00, 0xF0, 0x00, 0x00, 0x00, 0x00, 0x00, 0xF0, 0x00, 0x00, 0x00, 0x00,
    0x00, 0xF0, 0x00, 0x00, 0x00, 0x00, 0x00, 0xE4, 0x00, 0x00, 0x00, 0x00, 0x00, 0x63, 0x00, 0x00,
    0x00, 0x00, 0x00, 0xF0, 0x00, 0x00, 0x00, 0x00, 0x00, 0xF0, 0x00, 0x00, 0x00, 0x00, 0x00, 0xF0,
    0x00, 0x00, 0x00, 0x00, 0x00, 0xF0, 0x00, 0x00, 0x00, 0x00, 0x00, 0xF0, 0x00, 0x00, 0x00, 0x00,
    0x00, 0xF0, 0x00, 0x6A, 0xFF, 0xFF, 0xFF, 0xF0, 0x00, 0x3D, 0xAF, 0xAF, 0xAF, 0xF0, 0x00, 0x00,
    0x00, 0x00, 0x00, 0xF0, 0x00, 0x00, 0x00, 0x00, 0x00, 0xF0, 0x00, 0x00, 0x00, 0x00, 0x00, 0xF0,
    0x00, 0x00, 0x00, 0x00, 0x00, 0xF0, 0x00, 0x00, 0x00, 0x00, 0x00, 0xF0, 0x00, 0x00, 0x00, 0x00,
    0x00, 0xE4, 0x00, 0x00, 0x00, 0x00, 0x54, 0xBA, 0x07, 0x00, 0x00, 0x00, 0x00, 0xAE, 0xFF, 0x12,
    0x00, 0x00, 0x00, 0x00, 0xAE, 0xFF, 0x12, 0x00, 0x00, 0x00, 0x00, 0xAE, 0xFF, 0x12, 0x00, 0x00,
    0x00, 0x00, 0xAE, 0xFF, 0x12, 0x00, 0x00, 0x00, 0x00, 0xAE, 0xFF, 0x12, 0x00, 0x00, 0x00, 0x00,
    0xAE, 0xFF, 0x12, 0x00, 0x64, 0xE1, 0xE1, 0xFF, 0xFF, 0x12, 0x00, 0x06, 0x12, 0x12, 0x2E, 0xDA,
    0x00, 0x00, 0x00, 0x00, 0x00, 0x1E, 0xD7, 0x00, 0x00, 0x00, 0x00, 0x00, 0x1E, 0xD7, 0x00, 0x00,
    0x00, 0x00, 0x00, 0x1E, 0xD7, 0x00, 0x00, 0x00, 0x00, 0x00, 0x1E, 0xD7, 0x00, 0x00, 0x00, 0x00,
    0x00, 0x1E, 0xD7, 0x00, 0x00, 0x00, 0x00, 0x00, 0x18, 0xAD, 0x00, 0x00, 0x00, 0x00, 0x00, 0x0F,
    0x88, 0x00, 0x00, 0x00, 0x00, 0x00, 0x1E, 0xD7, 0x00, 0x00, 0x00, 0x00, 0x00, 0x1E, 0xD7, 0x00,
    0x00, 0x00, 0x00, 0x00, 0x1E, 0xD7, 0x00, 0x00, 0x00, 0x00, 0x00, 0x1E, 0xD7, 0x00, 0x00, 0x00,
    0x00, 0x00, 0x1E, 0xD7, 0x00, 0x00, 0x00, 0x00, 0x00, 0x1E, 0xD7, 0x00, 0x00, 0x6C, 0xF0, 0xF0,
    0xF6, 0xFF, 0x0D, 0x00, 0x00, 0x00, 0x00, 0xAE, 0xFF, 0x12, 0x00, 0x00, 0x00, 0x00, 0xAE, 0xFF,
    0x12, 0x00, 0x00, 0x00, 0x00, 0xAE, 0xFF, 0x12, 0x00, 0x00, 0x00, 0x00, 0xAE, 0xFF, 0x12, 0x00,
    0x00, 0x00, 0x00, 0xAE, 0xFF, 0x12, 0x00, 0x00, 0x00, 0x00, 0xAE, 0xFF, 0x12, 0x00, 0x00, 0x00,
    0x00, 0x84, 0xF5, 0x0D, 0x00, 0x00, 0x00, 0x00, 0x3A, 0x84, 0x06, 0x00, 0x00, 0x00, 0x00, 0xAE,
    0xFF, 0x12, 0x00, 0x00, 0x00, 0x00, 0xAE, 0xFF, 0x12, 0x00, 0x00, 0x00, 0x00, 0xAE, 0xFF, 0x12,
    0x00, 0x00, 0x00, 0x00, 0xAE, 0xFF, 0x12, 0x00, 0x00, 0x00, 0x00, 0xAE, 0xFF, 0x12, 0x00, 0x00,
    0x00, 0x00, 0xAE, 0xFF, 0x12, 0x00, 0x51, 0xB4, 0xB4, 0xF2, 0xFF, 0x12, 0x00, 0x18, 0x42, 0x42,
    0xAF, 0xFF, 0x12, 0x00, 0x00, 0x00, 0x00, 0xAE, 0xFF, 0x12, 0x00, 0x00, 0x00, 0x00, 0xAE, 0xFF,
    0x12, 0x00, 0x00, 0x00, 0x00, 0xAE, 0xFF, 0x12, 0x00, 0x00, 0x00, 0x00, 0xAE, 0xFF, 0x12, 0x00,
    0x00, 0x00, 0x00, 0xAE, 0xFF, 0x12, 0x00, 0x00, 0x00, 0x00, 0xA5, 0xFF, 0x10, 0x00, 0x00, 0x00,
    0x00, 0x73, 0xD7, 0x0C, 0x00, 0x00, 0x00, 0x00, 0xAE, 0xFF, 0x12, 0x00, 0x00, 0x00, 0x00, 0xAE,
    0xFF, 0x12, 0x00, 0x00, 0x00, 0x00, 0xAE, 0xFF, 0x12, 0x00, 0x00, 0x00, 0x00, 0xAE, 0xFF, 0x12,
    0x00, 0x00, 0x00, 0x00, 0xAE, 0xFF, 0x12, 0x00, 0x25, 0x66, 0x66, 0xBF, 0xFF, 0x12, 0x00, 0x90,
    0xFF, 0xFF, 0xFF, 0xFF, 0x12, 0x00, 0x21, 0x5A, 0x5A, 0x70, 0xEE, 0x03, 0x00, 0x00, 0x00, 0x00,
    0x1E, 0xD7, 0x00, 0x00, 0x00, 0x00, 0x00, 0x1E, 0xD7, 0x00, 0x00, 0x00, 0x00, 0x00, 0x1E, 0xD7,
    0x00, 0x00, 0x00, 0x00, 0x00, 0x1E, 0xD7, 0x00, 0x00, 0x00, 0x00, 0x00, 0x1E, 0xD7, 0x00, 0x00,
    0x00, 0x00, 0x00, 0x12, 0xA0, 0x00, 0x00, 0x00, 0x00, 0x00, 0x0D, 0x73, 0x00, 0x00, 0x00, 0x00,
    0x00, 0x1E, 0xD7, 0x00, 0x00, 0x00, 0x00, 0x00, 0x1E, 0xD7, 0x00, 0x00, 0x00, 0x00, 0x00, 0x1E,
    0xD7, 0x00, 0x00, 0x00, 0x00, 0x00, 0x1E, 0xD7, 0x00, 0x00, 0x00, 0x00, 0x00, 0x1E, 0xD7, 0x00,
    0x00, 0x06, 0x12, 0x12, 0x2E, 0xDA, 0x00, 0x00, 0x90, 0xFF, 0xFF, 0xFF, 0xFF, 0x12, 0x00, 0x40,
    0xAE, 0xAE, 0xDF, 0xFF, 0x12, 0x00, 0x00, 0x00, 0x00, 0xAE, 0xFF, 0x12, 0x00, 0x00, 0x00, 0x00,
    0xAE, 0xFF, 0x12, 0x00, 0x00, 0x00, 0x00, 0xAE, 0xFF, 0x12, 0x00, 0x00, 0x00, 0x00, 0xAE, 0xFF,
    0x12, 0x00, 0x00, 0x00, 0x00, 0xAE, 0xFF, 0x12, 0x00, 0x00, 0x00, 0x00, 0x91, 0xFF, 0x0F, 0x00,
    0x00, 0x00, 0x00, 0x3A, 0x84, 0x06, 0x00, 0x00, 0x00, 0x00, 0xAE, 0xFF, 0x12, 0x00, 0x00, 0x00,
    0x00, 0xAE, 0xFF, 0x12, 0x00, 0x00, 0x00, 0x00, 0xAE, 0xFF, 0x12, 0x00, 0x00, 0x00, 0x00, 0xAE,
    0xFF, 0x12, 0x00, 0x00, 0x00, 0x00, 0xAE, 0xFF, 0x12, 0x00, 0x00, 0x00, 0x00, 0xAE, 0xFF, 0x12,
    0x00, 0x87, 0xFF, 0xFF, 0xFF, 0xFF, 0x12, 0x00, 0x4E, 0xAF, 0xAF, 0xF0, 0xFF, 0x12, 0x00, 0x00,
    0x00, 0x00, 0xAE, 0xFF, 0x12, 0x00, 0x00, 0x00, 0x00, 0xAE, 0xFF, 0x12, 0x00, 0x00, 0x00, 0x00,
    0xAE, 0xFF, 0x12, 0x00, 0x00, 0x00, 0x00, 0xAE, 0xFF, 0x12, 0x00, 0x00, 0x00, 0x00, 0xAE, 0xFF,
    0x12, 0x00, 0x00, 0x00, 0x00, 0xA5, 0xFF, 0x10, 0x45, 0xE7, 0xF0, 0xF0, 0xF0, 0xEF, 0xE8, 0x00,
    0x00, 0x06, 0x7B, 0x2E, 0x00, 0x00, 0x00, 0x00, 0x06, 0x7B, 0x2E, 0x00, 0x00, 0x00, 0x00, 0x06,
    0x7B, 0x2E, 0x00, 0x00, 0x00, 0x00, 0x06, 0x7B, 0x2E, 0x00, 0x00, 0x00, 0x00, 0x06, 0x7B, 0x2E,
    0x00, 0x00, 0x00, 0x00, 0x06, 0x7B, 0x2E, 0x00, 0x00, 0x00, 0x00, 0x05, 0x5D, 0x23, 0x00, 0x00,
    0x01, 0x12, 0x12, 0x0F, 0x00, 0x00, 0x00, 0x2B, 0xFF, 0xFF, 0xFF, 0xD7, 0xD7, 0x30, 0x13, 0xAE,
    0xAE, 0xFF, 0x1E, 0x1E, 0x04, 0x00, 0x00, 0x00, 0xF0, 0x00, 0x00, 0x00, 0x00, 0x00, 0x00, 0xF0,
    0x00, 0x00, 0x00, 0x00, 0x00, 0x00, 0xF0, 0x00, 0x00, 0x00, 0x00, 0x00, 0x00, 0xF0, 0x00, 0x00,
    0x00, 0x00, 0x00, 0x00, 0xF0, 0x00, 0x00, 0x00, 0x00, 0x00, 0x00, 0xCA, 0x00, 0x00, 0x00, 0x00,
    0x00, 0x00, 0x09, 0x12, 0x12, 0x10, 0x3E, 0xCF, 0xD9, 0xEF, 0xFF, 0xFF, 0xFF, 0x06, 0x1D, 0x24,
    0x9C, 0xBF, 0xAE, 0xA8, 0x00, 0x00, 0x06, 0x7B, 0x2E, 0x00, 0x00, 0x00, 0x00, 0x06, 0x7B, 0x2E,
    0x00, 0x00, 0x00, 0x00, 0x06, 0x7B, 0x2E, 0x00, 0x00, 0x00, 0x00, 0x06, 0x7B, 0x2E, 0x00, 0x00,
    0x00, 0x00, 0x06, 0x7B, 0x2E, 0x00, 0x00, 0x00, 0x00, 0x05, 0x67, 0x27, 0x00, 0x00, 0x04, 0x11,
    0x12, 0x12, 0x12, 0x12, 0x10, 0x5D, 0xF7, 0xFF, 0xFF, 0xFF, 0xFF, 0xFF, 0x29, 0xA6, 0xB1, 0xDE,
    0xBF, 0xAE, 0xA8, 0x00, 0x00, 0x06, 0x7B, 0x2E, 0x00, 0x00, 0x00, 0x00, 0x06, 0x7B, 0x2E, 0x00,
    0x00, 0x00, 0x00, 0x06, 0x7B, 0x2E, 0x00, 0x00, 0x00, 0x00, 0x06, 0x7B, 0x2E, 0x00, 0x00, 0x00,
    0x00, 0x06, 0x7B, 0x2E, 0x00, 0x00, 0x00, 0x00, 0x05, 0x67, 0x27, 0x00, 0x00, 0x45, 0xE7, 0xF0,
    0xF0, 0xF0, 0xEF, 0xE8, 0x00, 0x00, 0x25, 0xD7, 0x45, 0x00, 0x00, 0x00, 0x00, 0x25, 0xD7, 0x45,
    0x00, 0x00, 0x00, 0x00, 0x25, 0xD7, 0x45, 0x00, 0x00, 0x00, 0x00, 0x25, 0xD7, 0x45, 0x00, 0x00,
    0x00, 0x00, 0x25, 0xD7, 0x45, 0x00, 0x00, 0x00, 0x00, 0x25, 0xD7, 0x45, 0x00, 0x00, 0x00, 0x00,
    0x1C, 0xBD, 0x3F, 0x00, 0x00, 0x04, 0x11, 0x12, 0x12, 0x04, 0x00, 0x00, 0x5D, 0xF7, 0xFF, 0xFF,
    0xE2, 0xD6, 0xCF, 0x29, 0xA6, 0xB9, 0xEF, 0x5B, 0x1E, 0x1C, 0x00, 0x00, 0x25, 0xD7, 0x45, 0x00,
    0x00, 0x00, 0x00, 0x25, 0xD7, 0x45, 0x00, 0x00, 0x00, 0x00, 0x25, 0xD7, 0x45, 0x00, 0x00, 0x00,
    0x00, 0x25, 0xD7, 0x45, 0x00, 0x00, 0x00, 0x00, 0x25, 0xD7, 0x45, 0x00, 0x00, 0x00, 0x00, 0x1F,
    0xC8, 0x42, 0x00, 0x00, 0x00, 0x00, 0x02, 0x0D, 0x12, 0x12, 0x10, 0x3E, 0xCF, 0xE0, 0xFF, 0xFF,
    0xFF, 0xFF, 0x06, 0x1D, 0x40, 0xDE, 0xC6, 0xAE, 0xA8, 0x00, 0x00, 0x25, 0xD7, 0x45, 0x00, 0x00,
    0x00, 0x00, 0x25, 0xD7, 0x45, 0x00, 0x00, 0x00, 0x00, 0x25, 0xD7, 0x45, 0x00, 0x00, 0x00, 0x00,
    0x25, 0xD7, 0x45, 0x00, 0x00, 0x00, 0x00, 0x25, 0xD7, 0x45, 0x00, 0x00, 0x00, 0x00, 0x1F, 0xC8,
    0x42, 0x00, 0x00, 0x04, 0x11, 0x12, 0x12, 0x12, 0x12, 0x10, 0x5D, 0xF7, 0xFF, 0xFF, 0xFF, 0xFF,
    0xFF, 0x29, 0xA6, 0xB9, 0xEF, 0xC6, 0xAE, 0xA8, 0x00, 0x00, 0x25, 0xD7, 0x45, 0x00, 0x00, 0x00,
    0x00, 0x25, 0xD7, 0x45, 0x00, 0x00, 0x00, 0x00, 0x25, 0xD7, 0x45, 0x00, 0x00, 0x00, 0x00, 0x25,
    0xD7, 0x45, 0x00, 0x00, 0x00, 0x00, 0x25, 0xD7, 0x45, 0x00, 0x00, 0x00, 0x00, 0x1F, 0xC8, 0x42,
    0x00, 0x00, 0x00, 0x00, 0x03, 0x4C, 0x1D, 0x00, 0x00, 0x00, 0x00, 0x06, 0x7B, 0x2E, 0x00, 0x00,
    0x00, 0x00, 0x06, 0x7B, 0x2E, 0x00, 0x00, 0x00, 0x00, 0x06, 0x7B, 0x2E, 0x00, 0x00, 0x00, 0x00,
    0x06, 0x7B, 0x2E, 0x00, 0x00, 0x00, 0x00, 0x06, 0x7B, 0x2E, 0x00, 0x00, 0x00, 0x00, 0x06, 0x7B,
    0x2E, 0x00, 0x00, 0x45, 0xE7, 0xF1, 0xFB, 0xF3, 0xEF, 0xE8, 0x00, 0x00, 0x00, 0x82, 0x00, 0x00,
    0x00, 0x00, 0x00, 0x00, 0xF0, 0x00, 0x00, 0x00, 0x00, 0x00, 0x00, 0xF0, 0x00, 0x00, 0x00, 0x00,
    0x00, 0x00, 0xF0, 0x00, 0x00, 0x00, 0x00, 0x00, 0x00, 0xF0, 0x00, 0x00, 0x00, 0x00, 0x00, 0x00,
    0xF0, 0x00, 0x00, 0x00, 0x03, 0x12, 0x12, 0xF0, 0x00, 0x00, 0x00, 0x51, 0xFF, 0xFF, 0xFF, 0xD7,
    0xD7, 0x0C, 0x24, 0xAE, 0xAE, 0x8A, 0x1E, 0x1E, 0x00, 0x00, 0x00, 0x00, 0x82, 0x00, 0x00, 0x00,
    0x00, 0x00, 0x00, 0xF0, 0x00, 0x00, 0x00, 0x00, 0x00, 0x00, 0xF0, 0x00, 0x00, 0x00, 0x00, 0x00,
    0x00, 0xF0, 0x00, 0x00, 0x00, 0x00, 0x00, 0x00, 0xF0, 0x00, 0x00, 0x00, 0x00, 0x00, 0x00, 0xF0,
    0x00, 0x00, 0x00, 0x00, 0x00, 0x00, 0xF3, 0x12, 0x12, 0x00, 0x36, 0xD7, 0xD7, 0xFF, 0xFF, 0xFF,
    0x12, 0x05, 0x1E, 0x1E, 0xAE, 0xAE, 0xAE, 0x07, 0x00, 0x00, 0x03, 0x40, 0x19, 0x00, 0x00, 0x00,
    0x00, 0x06, 0x7B, 0x2E, 0x00, 0x00, 0x00, 0x00, 0x06, 0x7B, 0x2E, 0x00, 0x00, 0x00, 0x00, 0x06,
    0x7B, 0x2E, 0x00, 0x00, 0x00, 0x00, 0x06, 0x7B, 0x2E, 0x00, 0x00, 0x00, 0x00, 0x06, 0x7B, 0x2E,
    0x00, 0x00, 0x04, 0x11, 0x18, 0x84, 0x3D, 0x12, 0x10, 0x5D, 0xF7, 0xFF, 0xFF, 0xFF, 0xFF, 0xFF,
    0x29, 0xA6, 0xAE, 0xAE, 0xAE, 0xAE, 0xA8, 0x00, 0x00, 0x14, 0x83, 0x2C, 0x00, 0x00, 0x00, 0x00,
    0x25, 0xD7, 0x45, 0x00, 0x00, 0x00, 0x00, 0x25, 0xD7, 0x45, 0x00, 0x00, 0x00, 0x00, 0x25, 0xD7,
    0x45, 0x00, 0x00, 0x00, 0x00, 0x25, 0xD7, 0x45, 0x00, 0x00, 0x00, 0x00, 0x25, 0xD7, 0x45, 0x00,
    0x00, 0x00, 0x00, 0x25, 0xD7, 0x45, 0x00, 0x00, 0x45, 0xE7, 0xF3, 0xFF, 0xF6, 0xEF, 0xE8, 0x00,
    0x00, 0x11, 0x7E, 0x2B, 0x00, 0x00, 0x00, 0x00, 0x25, 0xD7, 0x45, 0x00, 0x00, 0x00, 0x00, 0x25,
    0xD7, 0x45, 0x00, 0x00, 0x00, 0x00, 0x25, 0xD7, 0x45, 0x00, 0x00, 0x00, 0x00, 0x25, 0xD7, 0x45,
    0x00, 0x00, 0x00, 0x00, 0x25, 0xD7, 0x45, 0x00, 0x00, 0x04, 0x11, 0x35, 0xDB, 0x45, 0x00, 0x00,
    0x5D, 0xF7, 0xFF, 0xFF, 0xE2, 0xD6, 0xCF, 0x29, 0xA6, 0xAE, 0xAE, 0x42, 0x1E, 0x1C, 0x00, 0x00,
    0x11, 0x7E, 0x2B, 0x00, 0x00, 0x00, 0x00, 0x25, 0xD7, 0x45, 0x00, 0x00, 0x00, 0x00, 0x25, 0xD7,
    0x45, 0x00, 0x00, 0x00, 0x00, 0x25, 0xD7, 0x45, 0x00, 0x00, 0x00, 0x00, 0x25, 0xD7, 0x45, 0x00,
    0x00, 0x00, 0x00, 0x25, 0xD7, 0x45, 0x00, 0x00, 0x00, 0x00, 0x25, 0xD7, 0x51, 0x12, 0x10, 0x3E,
    0xCF, 0xE0, 0xFF, 0xFF, 0xFF, 0xFF, 0x06, 0x1D, 0x2C, 0x86, 0xAE, 0xAE, 0xA8, 0x00, 0x00, 0x11,
    0x7E, 0x2B, 0x00, 0x00, 0x00, 0x00, 0x25, 0xD7, 0x45, 0x00, 0x00, 0x00, 0x00, 0x25, 0xD7, 0x45,
    0x00, 0x00, 0x00, 0x00, 0x25, 0xD7, 0x45, 0x00, 0x00, 0x00, 0x00, 0x25, 0xD7, 0x45, 0x00, 0x00,
    0x00, 0x00, 0x25, 0xD7, 0x45, 0x00, 0x00, 0x04, 0x11, 0x35, 0xDB, 0x51, 0x12, 0x10, 0x5D, 0xF7,
    0xFF, 0xFF, 0xFF, 0xFF, 0xFF, 0x29, 0xA6, 0xAE, 0xAE, 0xAE, 0xAE, 0xA8, 0x00, 0x00, 0x02, 0x31,
    0x13, 0x00, 0x00, 0x00, 0x00, 0x06, 0x7B, 0x2E, 0x00, 0x00, 0x00, 0x00, 0x06, 0x7B, 0x2E, 0x00,
    0x00, 0x00, 0x00, 0x06, 0x7B, 0x2E, 0x00, 0x00, 0x00, 0x00, 0x06, 0x7B, 0x2E, 0x00, 0x00, 0x00,
    0x00, 0x06, 0x7B, 0x2E, 0x00, 0x00, 0x00, 0x00, 0x06, 0x7B, 0x2E, 0x00, 0x00, 0x34, 0xAD, 0xB6,
    0xDF, 0xC4, 0xB4, 0xAD, 0x0F, 0x3F, 0x47, 0xA1, 0x66, 0x42, 0x3F, 0x00, 0x00, 0x06, 0x7B, 0x2E,
    0x00, 0x00, 0x00, 0x00, 0x06, 0x7B, 0x2E, 0x00, 0x00, 0x00, 0x00, 0x06, 0x7B, 0x2E, 0x00, 0x00,
    0x00, 0x00, 0x06, 0x7B, 0x2E, 0x00, 0x00, 0x00, 0x00, 0x06, 0x7B, 0x2E, 0x00, 0x00, 0x00, 0x00,
    0x06, 0x74, 0x2C, 0x00, 0x00, 0x00, 0x00, 0x00, 0x63, 0x00, 0x00, 0x00, 0x00, 0x00, 0x00, 0xF0,
    0x00, 0x00, 0x00, 0x00, 0x00, 0x00, 0xF0, 0x00, 0x00, 0x00, 0x00, 0x00, 0x00, 0xF0, 0x00, 0x00,
    0x00, 0x00, 0x00, 0x00, 0xF0, 0x00, 0x00, 0x00, 0x00, 0x00, 0x00, 0xF0, 0x00, 0x00, 0x00, 0x00,
    0x00, 0x00, 0xF0, 0x00, 0x00, 0x00, 0x4C, 0xFF, 0xFF, 0xFF, 0xB4, 0xB4, 0x09, 0x2C, 0xAF, 0xAF,
    0xFD, 0x42, 0x42, 0x03, 0x00, 0x00, 0x00, 0xF0, 0x00, 0x00, 0x00, 0x00, 0x00, 0x00, 0xF0, 0x00,
    0x00, 0x00, 0x00, 0x00, 0x00, 0xF0, 0x00, 0x00, 0x00, 0x00, 0x00, 0x00, 0xF0, 0x00, 0x00, 0x00,
    0x00, 0x00, 0x00, 0xF0, 0x00, 0x00, 0x00, 0x00, 0x00, 0x00, 0xE4, 0x00, 0x00, 0x00, 0x00, 0x00,
    0x00, 0x63, 0x00, 0x00, 0x00, 0x00, 0x00, 0x00, 0xF0, 0x00, 0x00, 0x00, 0x00, 0x00, 0x00, 0xF0,
    0x00, 0x00, 0x00, 0x00, 0x00, 0x00, 0xF0, 0x00, 0x00, 0x00, 0x00, 0x00, 0x00, 0xF0, 0x00, 0x00,
    0x00, 0x00, 0x00, 0x00, 0xF0, 0x00, 0x00, 0x00, 0x00, 0x00, 0x00, 0xF0, 0x00, 0x00, 0x00, 0x2D,
    0xB4, 0xB4, 0xFF, 0xFF, 0xFF, 0x10, 0x0E, 0x42, 0x42, 0xFF, 0xAF, 0xAF, 0x09, 0x00, 0x00, 0x00,
    0xF0, 0x00, 0x00, 0x00, 0x00, 0x00, 0x00, 0xF0, 0x00, 0x00, 0x00, 0x00, 0x00, 0x00, 0xF0, 0x00,
    0x00, 0x00, 0x00, 0x00, 0x00, 0xF0, 0x00, 0x00, 0x00, 0x00, 0x00, 0x00, 0xF0, 0x00, 0x00, 0x00,
    0x00, 0x00, 0x00, 0xE4, 0x00, 0x00, 0x00, 0x00, 0x00, 0x02, 0x31, 0x13, 0x00, 0x00, 0x00, 0x00,
    0x06, 0x7B, 0x2E, 0x00, 0x00, 0x00, 0x00, 0x06, 0x7B, 0x2E, 0x00, 0x00, 0x00, 0x00, 0x06, 0x7B,
    0x2E, 0x00, 0x00, 0x00, 0x00, 0x06, 0x7B, 0x2E, 0x00, 0x00, 0x00, 0x00, 0x06, 0x7B, 0x2E, 0x00,
    0x00, 0x00, 0x00, 0x06, 0x7B, 0x2E, 0x00, 0x00, 0x57, 0xF6, 0xFF, 0xFF, 0xFF, 0xFF, 0xFF, 0x32,
    0xA8, 0xB1, 0xDD, 0xC0, 0xAF, 0xA8, 0x00, 0x00, 0x06, 0x7B, 0x2E, 0x00, 0x00, 0x00, 0x00, 0x06,
    0x7B, 0x2E, 0x00, 0x00, 0x00, 0x00, 0x06, 0x7B, 0x2E, 0x00, 0x00, 0x00, 0x00, 0x06, 0x7B, 0x2E,
    0x00, 0x00, 0x00, 0x00, 0x06, 0x7B, 0x2E, 0x00, 0x00, 0x00, 0x00, 0x06, 0x74, 0x2C, 0x00, 0x00,
    0x00, 0x00, 0x14, 0x83, 0x2C, 0x00, 0x00, 0x00, 0x00, 0x25, 0xD7, 0x45, 0x00, 0x00, 0x00, 0x00,
    0x25, 0xD7, 0x45, 0x00, 0x00, 0x00, 0x00, 0x25, 0xD7, 0x45, 0x00, 0x00, 0x00, 0x00, 0x25, 0xD7,
    0x45, 0x00, 0x00, 0x00, 0x00, 0x25, 0xD7, 0x45, 0x00, 0x00, 0x00, 0x00, 0x25, 0xD7, 0x45, 0x00,
    0x00, 0x45, 0xE7, 0xF3, 0xFF, 0xF6, 0xEF, 0xE8, 0x00, 0x00, 0x06, 0x7B, 0x2E, 0x00, 0x00, 0x00,
    0x00, 0x06, 0x7B, 0x2E, 0x00, 0x00, 0x00, 0x00, 0x06, 0x7B, 0x2E, 0x00, 0x00, 0x00, 0x00, 0x06,
    0x7B, 0x2E, 0x00, 0x00, 0x00, 0x00, 0x06, 0x7B, 0x2E, 0x00, 0x00, 0x00, 0x00, 0x06, 0x7B, 0x2E,
    0x00, 0x00, 0x00, 0x00, 0x05, 0x5D, 0x23, 0x00, 0x00, 0x00, 0x00, 0x03, 0x4C, 0x1D, 0x00, 0x00,
    0x00, 0x00, 0x06, 0x7B, 0x2E, 0x00, 0x00, 0x00, 0x00, 0x06, 0x7B, 0x2E, 0x00, 0x00, 0x00, 0x00,
    0x06, 0x7B, 0x2E, 0x00, 0x00, 0x00, 0x00, 0x06, 0x7B, 0x2E, 0x00, 0x00, 0x00, 0x00, 0x06, 0x7B,
    0x2E, 0x00, 0x00, 0x00, 0x00, 0x06, 0x7B, 0x2E, 0x00, 0x00, 0x45, 0xE7, 0xF1, 0xFB, 0xF3, 0xEF,
    0xE8, 0x00, 0x00, 0x25, 0xD7, 0x45, 0x00, 0x00, 0x00, 0x00, 0x25, 0xD7, 0x45, 0x00, 0x00, 0x00,
    0x00, 0x25, 0xD7, 0x45, 0x00, 0x00, 0x00, 0x00, 0x25, 0xD7, 0x45, 0x00, 0x00, 0x00, 0x00, 0x25,
    0xD7, 0x45, 0x00, 0x00, 0x00, 0x00, 0x25, 0xD7, 0x45, 0x00, 0x00, 0x00, 0x00, 0x1C, 0xBD, 0x3F,
    0x00, 0x00, 0x00, 0x00, 0x0C, 0x5F, 0x21, 0x00, 0x00, 0x00, 0x00, 0x25, 0xD7, 0x45, 0x00, 0x00,
    0x00, 0x00, 0x25, 0xD7, 0x45, 0x00, 0x00, 0x00, 0x00, 0x25, 0xD7, 0x45, 0x00, 0x00, 0x00, 0x00,
    0x25, 0xD7, 0x45, 0x00, 0x00, 0x00, 0x00, 0x25, 0xD7, 0x45, 0x00, 0x00, 0x00, 0x00, 0x25, 0xD7,
    0x45, 0x00, 0x00, 0x34, 0xAD, 0xC1, 0xF9, 0xC9, 0xB4, 0xAD, 0x0F, 0x3F, 0x59, 0xD7, 0x75, 0x42,
    0x3F, 0x00, 0x00, 0x25, 0xD7, 0x45, 0x00, 0x00, 0x00, 0x00, 0x25, 0xD7, 0x45, 0x00, 0x00, 0x00,
    0x00, 0x25, 0xD7, 0x45, 0x00, 0x00, 0x00, 0x00, 0x25, 0xD7, 0x45, 0x00, 0x00, 0x00, 0x00, 0x25,
    0xD7, 0x45, 0x00, 0x00, 0x00, 0x00, 0x23, 0xD2, 0x43, 0x00, 0x00, 0x00, 0x00, 0x19, 0xA5, 0x38,
    0x00, 0x00, 0x00, 0x00, 0x25, 0xD7, 0x45, 0x00, 0x00, 0x00, 0x00, 0x25, 0xD7, 0x45, 0x00, 0x00,
    0x00, 0x00, 0x25, 0xD7, 0x45, 0x00, 0x00, 0x00, 0x00, 0x25, 0xD7, 0x45, 0x00, 0x00, 0x00, 0x00,
    0x25, 0xD7, 0x45, 0x00, 0x00, 0x18, 0x61, 0x79, 0xDF, 0x45, 0x00, 0x00, 0x5D, 0xF7, 0xFF, 0xFF,
    0xF6, 0xEF, 0xE8, 0x15, 0x56, 0x5F, 0xAF, 0x35, 0x00, 0x00, 0x00, 0x00, 0x06, 0x7B, 0x2E, 0x00,
    0x00, 0x00, 0x00, 0x06, 0x7B, 0x2E, 0x00, 0x00, 0x00, 0x00, 0x06, 0x7B, 0x2E, 0x00, 0x00, 0x00,
    0x00, 0x06, 0x7B, 0x2E, 0x00, 0x00, 0x00, 0x00, 0x06, 0x7B, 0x2E, 0x00, 0x00, 0x00, 0x00, 0x04,
    0x59, 0x22, 0x00, 0x00, 0x00, 0x00, 0x11, 0x7E, 0x2B, 0x00, 0x00, 0x00, 0x00, 0x25, 0xD7, 0x45,
    0x00, 0x00, 0x00, 0x00, 0x25, 0xD7, 0x45, 0x00, 0x00, 0x00, 0x00, 0x25, 0xD7, 0x45, 0x00, 0x00,
    0x00, 0x00, 0x25, 0xD7, 0x45, 0x00, 0x00, 0x00, 0x00, 0x25, 0xD7, 0x45, 0x00, 0x00, 0x00, 0x00,
    0x25, 0xD7, 0x51, 0x12, 0x10, 0x3E, 0xCF, 0xE0, 0xFF, 0xFF, 0xFF, 0xFF, 0x06, 0x1D, 0x2F, 0xB7,
    0xBF, 0xAE, 0xA8, 0x00, 0x00, 0x06, 0x7B, 0x2E, 0x00, 0x00, 0x00, 0x00, 0x06, 0x7B, 0x2E, 0x00,
    0x00, 0x00, 0x00, 0x06, 0x7B, 0x2E, 0x00, 0x00, 0x00, 0x00, 0x06, 0x7B, 0x2E, 0x00, 0x00, 0x00,
    0x00, 0x06, 0x7B, 0x2E, 0x00, 0x00, 0x00, 0x00, 0x05, 0x67, 0x27, 0x00, 0x00, 0x00, 0x00, 0x03,
    0x40, 0x19, 0x00, 0x00, 0x00, 0x00, 0x06, 0x7B, 0x2E, 0x00, 0x00, 0x00, 0x00, 0x06, 0x7B, 0x2E,
    0x00, 0x00, 0x00, 0x00, 0x06, 0x7B, 0x2E, 0x00, 0x00, 0x00, 0x00, 0x06, 0x7B, 0x2E, 0x00, 0x00,
    0x00, 0x00, 0x06, 0x7B, 0x2E, 0x00, 0x00, 0x04, 0x11, 0x18, 0x84, 0x2F, 0x00, 0x00, 0x5D, 0xF7,
    0xFF, 0xFF, 0xE2, 0xD6, 0xCF, 0x29, 0xA6, 0xB9, 0xEF, 0x5B, 0x1E, 0x1C, 0x00, 0x00, 0x25, 0xD7,
    0x45, 0x00, 0x00, 0x00, 0x00, 0x25, 0xD7, 0x45, 0x00, 0x00, 0x00, 0x00, 0x25, 0xD7, 0x45, 0x00,
    0x00, 0x00, 0x00, 0x25, 0xD7, 0x45, 0x00, 0x00, 0x00, 0x00, 0x25, 0xD7, 0x45, 0x00, 0x00, 0x00,
    0x00, 0x1F, 0xC8, 0x42, 0x00, 0x00, 0x00, 0x00, 0x03, 0x40, 0x19, 0x00, 0x00, 0x00, 0x00, 0x06,
    0x7B, 0x2E, 0x00, 0x00, 0x00, 0x00, 0x06, 0x7B, 0x2E, 0x00, 0x00, 0x00, 0x00, 0x06, 0x7B, 0x2E,
    0x00, 0x00, 0x00, 0x00, 0x06, 0x7B, 0x2E, 0x00, 0x00, 0x00, 0x00, 0x06, 0x7B, 0x2E, 0x00, 0x00,
    0x00, 0x00, 0x08, 0x7F, 0x3D, 0x12, 0x10, 0x3E, 0xCF, 0xE0, 0xFF, 0xFF, 0xFF, 0xFF, 0x06, 0x1D,
    0x40, 0xDE, 0xC6, 0xAE, 0xA8, 0x00, 0x00, 0x25, 0xD7, 0x45, 0x00, 0x00, 0x00, 0x00, 0x25, 0xD7,
    0x45, 0x00, 0x00, 0x00, 0x00, 0x25, 0xD7, 0x45, 0x00, 0x00, 0x00, 0x00, 0x25, 0xD7, 0x45, 0x00,
    0x00, 0x00, 0x00, 0x25, 0xD7, 0x45, 0x00, 0x00, 0x00, 0x00, 0x1F, 0xC8, 0x42, 0x00, 0x00, 0x00,
    0x00, 0x11, 0x7E, 0x2B, 0x00, 0x00, 0x00, 0x00, 0x25, 0xD7, 0x45, 0x00, 0x00, 0x00, 0x00, 0x25,
    0xD7, 0x45, 0x00, 0x00, 0x00, 0x00, 0x25, 0xD7, 0x45, 0x00, 0x00, 0x00, 0x00, 0x25, 0xD7, 0x45,
    0x00, 0x00, 0x00, 0x00, 0x25, 0xD7, 0x45, 0x00, 0x00, 0x04, 0x11, 0x35, 0xDB, 0x51, 0x12, 0x10,
    0x5D, 0xF7, 0xFF, 0xFF, 0xFF, 0xFF, 0xFF, 0x29, 0xA6, 0xB1, 0xDE, 0xBF, 0xAE, 0xA8, 0x00, 0x00,
    0x06, 0x7B, 0x2E, 0x00, 0x00, 0x00, 0x00, 0x06, 0x7B, 0x2E, 0x00, 0x00, 0x00, 0x00, 0x06, 0x7B,
    0x2E, 0x00, 0x00, 0x00, 0x00, 0x06, 0x7B, 0x2E, 0x00, 0x00, 0x00, 0x00, 0x06, 0x7B, 0x2E, 0x00,
    0x00, 0x00, 0x00, 0x05, 0x67, 0x27, 0x00, 0x00, 0x00, 0x00, 0x03, 0x40, 0x19, 0x00, 0x00, 0x00,
    0x00, 0x06, 0x7B, 0x2E, 0x00, 0x00, 0x00, 0x00, 0x06, 0x7B, 0x2E, 0x00, 0x00, 0x00, 0x00, 0x06,
    0x7B, 0x2E, 0x00, 0x00, 0x00, 0x00, 0x06, 0x7B, 0x2E, 0x00, 0x00, 0x00, 0x00, 0x06, 0x7B, 0x2E,
    0x00, 0x00, 0x04, 0x11, 0x18, 0x84, 0x3D, 0x12, 0x10, 0x5D, 0xF7, 0xFF, 0xFF, 0xFF, 0xFF, 0xFF,
    0x29, 0xA6, 0xB9, 0xEF, 0xC6, 0xAE, 0xA8, 0x00, 0x00, 0x25, 0xD7, 0x45, 0x00, 0x00, 0x00, 0x00,
    0x25, 0xD7, 0x45, 0x00, 0x00, 0x00, 0x00, 0x25, 0xD7, 0x45, 0x00, 0x00, 0x00, 0x00, 0x25, 0xD7,
    0x45, 0x00, 0x00, 0x00, 0x00, 0x25, 0xD7, 0x45, 0x00, 0x00, 0x00, 0x00, 0x1F, 0xC8, 0x42, 0x00,
    0x00, 0x00, 0x00, 0x0C, 0x5F, 0x21, 0x00, 0x00, 0x00, 0x00, 0x25, 0xD7, 0x45, 0x00, 0x00, 0x00,
    0x00, 0x25, 0xD7, 0x45, 0x00, 0x00, 0x00, 0x00, 0x25, 0xD7, 0x45, 0x00, 0x00, 0x00, 0x00, 0x25,
    0xD7, 0x45, 0x00, 0x00, 0x00, 0x00, 0x25, 0xD7, 0x45, 0x00, 0x00, 0x00, 0x00, 0x25, 0xD7, 0x45,
    0x00, 0x00, 0x57, 0xF6, 0xFF, 0xFF, 0xC9, 0xB4, 0xAD, 0x32, 0xA8, 0xBD, 0xF8, 0x75, 0x42, 0x3F,
    0x00, 0x00, 0x25, 0xD7, 0x45, 0x00, 0x00, 0x00, 0x00, 0x25, 0xD7, 0x45, 0x00, 0x00, 0x00, 0x00,
    0x25, 0xD7, 0x45, 0x00, 0x00, 0x00, 0x00, 0x25, 0xD7, 0x45, 0x00, 0x00, 0x00, 0x00, 0x25, 0xD7,
    0x45, 0x00, 0x00, 0x00, 0x00, 0x23, 0xD2, 0x43, 0x00, 0x00, 0x00, 0x00, 0x0C, 0x5F, 0x21, 0x00,
    0x00, 0x00, 0x00, 0x25, 0xD7, 0x45, 0x00, 0x00, 0x00, 0x00, 0x25, 0xD7, 0x45, 0x00, 0x00, 0x00,
    0x00, 0x25, 0xD7, 0x45, 0x00, 0x00, 0x00, 0x00, 0x25, 0xD7, 0x45, 0x00, 0x00, 0x00, 0x00, 0x25,
    0xD7, 0x45, 0x00, 0x00, 0x00, 0x00, 0x25, 0xD7, 0x45, 0x00, 0x00, 0x34, 0xAD, 0xC1, 0xF9, 0xFF,
    0xFF, 0xFF, 0x0F, 0x3F, 0x59, 0xD7, 0xC5, 0xAF, 0xA8, 0x00, 0x00, 0x25, 0xD7, 0x45, 0x00, 0x00,
    0x00, 0x00, 0x25, 0xD7, 0x45, 0x00, 0x00, 0x00, 0x00, 0x25, 0xD7, 0x45, 0x00, 0x00, 0x00, 0x00,
    0x25, 0xD7, 0x45, 0x00, 0x00, 0x00, 0x00, 0x25, 0xD7, 0x45, 0x00, 0x00, 0x00, 0x00, 0x23, 0xD2,
    0x43, 0x00, 0x00, 0x00, 0x00, 0x0C, 0x5F, 0x21, 0x00, 0x00, 0x00, 0x00, 0x25, 0xD7, 0x45, 0x00,
    0x00, 0x00, 0x00, 0x25, 0xD7, 0x45, 0x00, 0x00, 0x00, 0x00, 0x25, 0xD7, 0x45, 0x00, 0x00, 0x00,
    0x00, 0x25, 0xD7, 0x45, 0x00, 0x00, 0x00, 0x00, 0x25, 0xD7, 0x45, 0x00, 0x00, 0x00, 0x00, 0x25,
    0xD7, 0x45, 0x00, 0x00, 0x57, 0xF6, 0xFF, 0xFF, 0xFF, 0xFF, 0xFF, 0x32, 0xA8, 0xBD, 0xF8, 0xC5,
    0xAF, 0xA8, 0x00, 0x00, 0x25, 0xD7, 0x45, 0x00, 0x00, 0x00, 0x00, 0x25, 0xD7, 0x45, 0x00, 0x00,
    0x00, 0x00, 0x25, 0xD7, 0x45, 0x00, 0x00, 0x00, 0x00, 0x25, 0xD7, 0x45, 0x00, 0x00, 0x00, 0x00,
    0x25, 0xD7, 0x45, 0x00, 0x00, 0x00, 0x00, 0x23, 0xD2, 0x43, 0x00, 0x00, 0x16, 0xF0, 0xA2, 0x00,
    0xB0, 0xDD, 0x00, 0x12, 0x09, 0x00, 0x0C, 0x10, 0x1E, 0xFF, 0xB4, 0x00, 0xEB, 0xFF, 0x0D, 0xAE,
    0x61, 0x00, 0x7F, 0x9F, 0xE4, 0xF0, 0xF0, 0x16, 0x00, 0x00, 0xE4, 0xF0, 0xF0, 0x1B, 0xA5, 0xFF,
    0x10, 0xAE, 0xFF, 0x12, 0xAE, 0xFF, 0x12, 0x0D, 0x1E, 0x00, 0x00, 0x00, 0x00, 0x00, 0x00, 0x00,
    0xA5, 0xFF, 0x10, 0xAE, 0xFF, 0x12, 0xAE, 0xFF, 0x12, 0x0F, 0x24, 0x01, 0x27, 0x9B, 0xA2, 0xA2,
    0xA2, 0xA2, 0x9C, 0x1E, 0x78, 0x7E, 0x7E, 0x7E, 0x7E, 0x79, 0x45, 0xE7, 0xF0, 0xF0, 0xF0, 0xEF,
    0xE8, 0x63, 0x2A, 0x37, 0xF0, 0x7E, 0xA2, 0xF0, 0x7E, 0xA2, 0xF0, 0x7E, 0xA2, 0xF0, 0x7E, 0xA2,
    0xF0, 0x7E, 0xA2, 0xF0, 0x7E, 0xA2, 0xF0, 0x7E, 0xA2, 0xF0, 0x7E, 0xA2, 0xF0, 0x7E, 0xA2, 0xF0,
    0x7E, 0xA2, 0xF0, 0x7E, 0xA2, 0xF0, 0x7E, 0xA2, 0xF0, 0x7E, 0xA2, 0xE4, 0x78, 0x99, 0xA2, 0xA2,
    0x8F, 0x07, 0xAE, 0x7E, 0x6F, 0x04, 0xF6, 0xF0, 0xD4, 0x0D, 0x5A, 0x00, 0x00, 0x00, 0x5A, 0x00,
    0x00, 0x00, 0x5A, 0x00, 0x00, 0x00, 0x5A, 0x00, 0x00, 0x00, 0x5A, 0x00, 0x00, 0x00, 0x4C, 0x00,
    0x00, 0x00, 0xC6, 0xF0, 0xF0, 0xF0, 0xE8, 0xF0, 0x7E, 0xA2, 0x00, 0x00, 0xF0, 0x7E, 0xA2, 0x00,
    0x00, 0xF0, 0x7E, 0xA2, 0x00, 0x00, 0xF0, 0x7E, 0xA2, 0x00, 0x00, 0xF0, 0x7E, 0xA2, 0x00, 0x00,
    0xF0, 0x7E, 0xA2, 0x00, 0x00, 0xB7, 0x60, 0x7B, 0x00, 0x00, 0x85, 0xA2, 0xA2, 0xA2, 0x9C, 0xF7,
    0x7E, 0x7E, 0x7E, 0x79, 0xF0, 0x73, 0xFF, 0xF0, 0xE8, 0xF0, 0x7E, 0xA2, 0x00, 0x00, 0xF0, 0x7E,
    0xA2, 0x00, 0x00, 0xF0, 0x7E, 0xA2, 0x00, 0x00, 0xF0, 0x7E, 0xA2, 0x00, 0x00, 0xF0, 0x7E, 0xA2,
    0x00, 0x00, 0xCA, 0x69, 0x88, 0x00, 0x00, 0x00, 0x30, 0xA2, 0xA2, 0xA2, 0x79, 0x00, 0x24, 0x7E,
    0x7E, 0x7E, 0xF0, 0x00, 0x55, 0xF0, 0xF0, 0xF0, 0xF0, 0x00, 0x00, 0x00, 0x00, 0x00, 0xF0, 0x00,
    0x00, 0x00, 0x00, 0x00, 0xF0, 0x00, 0x00, 0x00, 0x00, 0x00, 0xF0, 0x00, 0x00, 0x00, 0x00, 0x00,
    0xF0, 0x00, 0x00, 0x00, 0x00, 0x00, 0xF0, 0x00, 0x00, 0x00, 0x00, 0x00, 0xCA, 0x00, 0x6C, 0xF0,
    0xF0, 0xF0, 0xF0, 0x79, 0x00, 0x00, 0x00, 0x00, 0xF0, 0x7E, 0xA2, 0x00, 0x00, 0x00, 0x00, 0xF0,
    0x7E, 0xA2, 0x00, 0x00, 0x00, 0x00, 0xF0, 0x7E, 0xA2, 0x00, 0x00, 0x00, 0x00, 0xF0, 0x7E, 0xA2,
    0x00, 0x00, 0x00, 0x00, 0xF0, 0x7E, 0xA2, 0x00, 0x00, 0x00, 0x00, 0xF0, 0x7E, 0xA2, 0x00, 0x00,
    0x00, 0x00, 0xB7, 0x60, 0x7B, 0x00, 0x3C, 0xA2, 0xA2, 0xA2, 0xA2, 0x43, 0x00, 0x2E, 0x7E, 0x7E,
    0x7E, 0xAF, 0xA2, 0x00, 0x6C, 0xF0, 0xF0, 0xFF, 0x7E, 0xA2, 0x00, 0x00, 0x00, 0x00, 0xF0, 0x7E,
    0xA2, 0x00, 0x00, 0x00, 0x00, 0xF0, 0x7E, 0xA2, 0x00, 0x00, 0x00, 0x00, 0xF0, 0x7E, 0xA2, 0x00,
    0x00, 0x00, 0x00, 0xF0, 0x7E, 0xA2, 0x00, 0x00, 0x00, 0x00, 0xF0, 0x7E, 0xA2, 0x00, 0x00, 0x00,
    0x00, 0xCA, 0x69, 0x88, 0x31, 0x00, 0x00, 0x00, 0x5A, 0x00, 0x00, 0x00, 0x5A, 0x00, 0x00, 0x00,
    0x5A, 0x00, 0x00, 0x00, 0x5A, 0x00, 0x00, 0x00, 0x5A, 0x00, 0x00, 0x00, 0xC5, 0xA2, 0x8F, 0x07,
    0xAE, 0x7E, 0x6F, 0x04, 0xF6, 0xF0, 0xD4, 0x0D, 0x99, 0x42, 0x55, 0x00, 0x00, 0xF0, 0x7E, 0xA2,
    0x00, 0x00, 0xF0, 0x7E, 0xA2, 0x00, 0x00, 0xF0, 0x7E, 0xA2, 0x00, 0x00, 0xF0, 0x7E, 0xA2, 0x00,
    0x00, 0xF0, 0x7E, 0xA2, 0x00, 0x00, 0xF0, 0x7E, 0xA2, 0x00, 0x00, 0xFF, 0xFF, 0xFF, 0xF0, 0xE8,
    0x82, 0x39, 0x48, 0x00, 0x00, 0xF0, 0x7E, 0xA2, 0x00, 0x00, 0xF0, 0x7E, 0xA2, 0x00, 0x00, 0xF0,
    0x7E, 0xA2, 0x00, 0x00, 0xF0, 0x7E, 0xA2, 0x00, 0x00, 0xF0, 0x7E, 0xA2, 0x00, 0x00, 0xF0, 0x7E,
    0xD4, 0xA2, 0x9C, 0xF0, 0x28, 0x7E, 0x7E, 0x79, 0xD9, 0xF0, 0xF0, 0xF0, 0xE8, 0x00, 0x00, 0x00,
    0x00, 0x00, 0x82, 0x00, 0x00, 0x00, 0x00, 0x00, 0xF0, 0x00, 0x00, 0x00, 0x00, 0x00, 0xF0, 0x00,
    0x00, 0x00, 0x00, 0x00, 0xF0, 0x00, 0x00, 0x00, 0x00, 0x00, 0xF0, 0x00, 0x00, 0x00, 0x00, 0x00,
    0xF0, 0x00, 0x30, 0xA2, 0xA2, 0xA2, 0xF0, 0x00, 0x24, 0x7E, 0x7E, 0x7E, 0xF0, 0x00, 0x55, 0xF0,
    0xF0, 0xF0, 0xC6, 0x00, 0x00, 0x00, 0x00, 0x99, 0x42, 0x55, 0x00, 0x00, 0x00, 0x00, 0xF0, 0x7E,
    0xA2, 0x00, 0x00, 0x00, 0x00, 0xF0, 0x7E, 0xA2, 0x00, 0x00, 0x00, 0x00, 0xF0, 0x7E, 0xA2, 0x00,
    0x00, 0x00, 0x00, 0xF0, 0x7E, 0xA2, 0x00, 0x00, 0x00, 0x00, 0xF0, 0x7E, 0xA2, 0x00, 0x00, 0x00,
    0x00, 0xF0, 0x7E, 0xA2, 0x00, 0x6C, 0xF0, 0xF0, 0xFF, 0xFF, 0xA2, 0x00, 0x00, 0x00, 0x00, 0x82,
    0x39, 0x48, 0x00, 0x00, 0x00, 0x00, 0xF0, 0x7E, 0xA2, 0x00, 0x00, 0x00, 0x00, 0xF0, 0x7E, 0xA2,
    0x00, 0x00, 0x00, 0x00, 0xF0, 0x7E, 0xA2, 0x00, 0x00, 0x00, 0x00, 0xF0, 0x7E, 0xA2, 0x00, 0x00,
    0x00, 0x00, 0xF0, 0x7E, 0xA2, 0x00, 0x3C, 0xA2, 0xA2, 0xFF, 0x7E, 0xA2, 0x00, 0x2E, 0x7E, 0x7E,
    0x73, 0x7E, 0xA2, 0x00, 0x6C, 0xF0, 0xF0, 0xF0, 0xF7, 0x85, 0x25, 0x00, 0x00, 0x00, 0x5A, 0x00,
    0x00, 0x00, 0x5A, 0x00, 0x00, 0x00, 0x5A, 0x00, 0x00, 0x00, 0x5A, 0x00, 0x00, 0x00, 0x5A, 0x00,
    0x00, 0x00, 0xAB, 0x78, 0x6A, 0x04, 0xC9, 0xA8, 0x94, 0x07, 0xF6, 0xF0, 0xD4, 0x0D, 0x5A, 0x00,
    0x00, 0x00, 0x5A, 0x00, 0x00, 0x00, 0x5A, 0x00, 0x00, 0x00, 0x5A, 0x00, 0x00, 0x00, 0x5A, 0x00,
    0x00, 0x00, 0x56, 0x00, 0x00, 0x00, 0x63, 0x2A, 0x37, 0x00, 0x00, 0xF0, 0x7E, 0xA2, 0x00, 0x00,
    0xF0, 0x7E, 0xA2, 0x00, 0x00, 0xF0, 0x7E, 0xA2, 0x00, 0x00, 0xF0, 0x7E, 0xA2, 0x00, 0x00, 0xF0,
    0x7E, 0xA2, 0x00, 0x00, 0xF0, 0x7E, 0xA2, 0x00, 0x00, 0xF0, 0x7E, 0xEE, 0xB4, 0xAD, 0xF0, 0x7E,
    0xA6, 0x42, 0x3F, 0xF0, 0x7E, 0xA2, 0x00, 0x00, 0xF0, 0x7E, 0xA2, 0x00, 0x00, 0xF0, 0x7E, 0xA2,
    0x00, 0x00, 0xF0, 0x7E, 0xA2, 0x00, 0x00, 0xF0, 0x7E, 0xA2, 0x00, 0x00, 0xE4, 0x78, 0x99, 0x00,
    0x00, 0x63, 0x2A, 0x37, 0x00, 0x00, 0xF0, 0x7E, 0xA2, 0x00, 0x00, 0xF0, 0x7E, 0xA2, 0x00, 0x00,
    0xF0, 0x7E, 0xA2, 0x00, 0x00, 0xF0, 0x7E, 0xA2, 0x00, 0x00, 0xF0, 0x7E, 0xA2, 0x00, 0x00, 0xF0,
    0x7E, 0xC0, 0x78, 0x73, 0xF0, 0x36, 0xA8, 0xA8, 0xA2, 0xF0, 0x67, 0xFA, 0xF0, 0xE8, 0xF0, 0x7E,
    0xA2, 0x00, 0x00, 0xF0, 0x7E, 0xA2, 0x00, 0x00, 0xF0, 0x7E, 0xA2, 0x00, 0x00, 0xF0, 0x7E, 0xA2,
    0x00, 0x00, 0xF0, 0x7E, 0xA2, 0x00, 0x00, 0xE4, 0x78, 0x99, 0x00, 0x00, 0x00, 0x00, 0x00, 0x00,
    0x00, 0x63, 0x00, 0x00, 0x00, 0x00, 0x00, 0xF0, 0x00, 0x00, 0x00, 0x00, 0x00, 0xF0, 0x00, 0x00,
    0x00, 0x00, 0x00, 0xF0, 0x00, 0x00, 0x00, 0x00, 0x00, 0xF0, 0x00, 0x00, 0x00, 0x00, 0x00, 0xF0,
    0x00, 0x22, 0x78, 0x78, 0x78, 0xF0, 0x00, 0x31, 0xA8, 0xA8, 0xA8, 0xF0, 0x00, 0x55, 0xF0, 0xF0,
    0xF0, 0xF0, 0x00, 0x00, 0x00, 0x00, 0x00, 0xF0, 0x00, 0x00, 0x00, 0x00, 0x00, 0xF0, 0x00, 0x00,
    0x00, 0x00, 0x00, 0xF0, 0x00, 0x00, 0x00, 0x00, 0x00, 0xF0, 0x00, 0x00, 0x00, 0x00, 0x00, 0xF0,
    0x00, 0x00, 0x00, 0x00, 0x00, 0xE4, 0x00, 0x00, 0x00, 0x00, 0x63, 0x2A, 0x37, 0x00, 0x00, 0x00,
    0x00, 0xF0, 0x7E, 0xA2, 0x00, 0x00, 0x00, 0x00, 0xF0, 0x7E, 0xA2, 0x00, 0x00, 0x00, 0x00, 0xF0,
    0x7E, 0xA2, 0x00, 0x00, 0x00, 0x00, 0xF0, 0x7E, 0xA2, 0x00, 0x00, 0x00, 0x00, 0xF0, 0x7E, 0xA2,
    0x00, 0x00, 0x00, 0x00, 0xF0, 0x7E, 0xA2, 0x00, 0x51, 0xB4, 0xB4, 0xFF, 0x7E, 0xA2, 0x00, 0x18,
    0x42, 0x42, 0xF8, 0x7E, 0xA2, 0x00, 0x00, 0x00, 0x00, 0xF0, 0x7E, 0xA2, 0x00, 0x00, 0x00, 0x00,
    0xF0, 0x7E, 0xA2, 0x00, 0x00, 0x00, 0x00, 0xF0, 0x7E, 0xA2, 0x00, 0x00, 0x00, 0x00, 0xF0, 0x7E,
    0xA2, 0x00, 0x00, 0x00, 0x00, 0xF0, 0x7E, 0xA2, 0x00, 0x00, 0x00, 0x00, 0xE4, 0x78, 0x99, 0x00,
    0x00, 0x00, 0x00, 0x63, 0x2A, 0x37, 0x00, 0x00, 0x00, 0x00, 0xF0, 0x7E, 0xA2, 0x00, 0x00, 0x00,
    0x00, 0xF0, 0x7E, 0xA2, 0x00, 0x00, 0x00, 0x00, 0xF0, 0x7E, 0xA2, 0x00, 0x00, 0x00, 0x00, 0xF0,
    0x7E, 0xA2, 0x00, 0x00, 0x00, 0x00, 0xF0, 0x7E, 0xA2, 0x00, 0x2D, 0x78, 0x78, 0xFF, 0x7E, 0xA2,
    0x00, 0x3F, 0xA8, 0xA8, 0x9A, 0x7E, 0xA2, 0x00, 0x6C, 0xF0, 0xF0, 0xF0, 0x7E, 0xA2, 0x00, 0x00,
    0x00, 0x00, 0xF0, 0x7E, 0xA2, 0x00, 0x00, 0x00, 0x00, 0xF0, 0x7E, 0xA2, 0x00, 0x00, 0x00, 0x00,
    0xF0, 0x7E, 0xA2, 0x00, 0x00, 0x00, 0x00, 0xF0, 0x7E, 0xA2, 0x00, 0x00, 0x00, 0x00, 0xF0, 0x7E,
    0xA2, 0x00, 0x00, 0x00, 0x00, 0xE4, 0x78, 0x99, 0x27, 0x9B, 0xA2, 0xA2, 0xA2, 0xA2, 0x9C, 0x1E,
    0x78, 0x7E, 0x7E, 0x7E, 0x7E, 0x79, 0x45, 0xE7, 0xF1, 0xF9, 0xF3, 0xEF, 0xE8, 0x00, 0x00, 0x06,
    0x7B, 0x2E, 0x00, 0x00, 0x00, 0x00, 0x06, 0x7B, 0x2E, 0x00, 0x00, 0x00, 0x00, 0x06, 0x7B, 0x2E,
    0x00, 0x00, 0x00, 0x00, 0x06, 0x7B, 0x2E, 0x00, 0x00, 0x00, 0x00, 0x06, 0x7B, 0x2E, 0x00, 0x00,
    0x00, 0x00, 0x05, 0x67, 0x27, 0x00, 0x00, 0x45, 0xE7, 0xF0, 0xF0, 0xF0, 0xEF, 0xE8, 0x00, 0x00,
    0x33, 0xB7, 0x9A, 0x00, 0x00, 0x00, 0x00, 0x33, 0xB7, 0x9A, 0x00, 0x00, 0x00, 0x00, 0x33, 0xB7,
    0x9A, 0x00, 0x00, 0x00, 0x00, 0x33, 0xB7, 0x9A, 0x00, 0x00, 0x00, 0x00, 0x33, 0xB7, 0x9A, 0x00,
    0x00, 0x00, 0x00, 0x33, 0xB7, 0x9A, 0x00, 0x00, 0x00, 0x00, 0x27, 0x8C, 0x75, 0x00, 0x00, 0x27,
    0x9B, 0xA2, 0xA2, 0xA2, 0xA2, 0x9C, 0x1E, 0x78, 0x7E, 0x7E, 0x7E, 0x7E, 0x79, 0x45, 0xE7, 0xF3,
    0xB9, 0xE1, 0xEF, 0xE8, 0x00, 0x00, 0x33, 0xB7, 0x9A, 0x00, 0x00, 0x00, 0x00, 0x33, 0xB7, 0x9A,
    0x00, 0x00, 0x00, 0x00, 0x33, 0xB7, 0x9A, 0x00, 0x00, 0x00, 0x00, 0x33, 0xB7, 0x9A, 0x00, 0x00,
    0x00, 0x00, 0x33, 0xB7, 0x9A, 0x00, 0x00, 0x00, 0x00, 0x2B, 0x9A, 0x81, 0x00, 0x00, 0x00, 0x00,
    0x03, 0x40, 0x19, 0x00, 0x00, 0x00, 0x00, 0x06, 0x7B, 0x2E, 0x00, 0x00, 0x00, 0x00, 0x06, 0x7B,
    0x2E, 0x00, 0x00, 0x00, 0x00, 0x06, 0x7B, 0x2E, 0x00, 0x00, 0x00, 0x00, 0x06, 0x7B, 0x2E, 0x00,
    0x00, 0x00, 0x00, 0x06, 0x7B, 0x2E, 0x00, 0x00, 0x27, 0x9B, 0xA5, 0xD9, 0xB6, 0xA2, 0x9C, 0x1E,
    0x78, 0x7E, 0x7E, 0x7E, 0x7E, 0x79, 0x45, 0xE7, 0xF0, 0xF0, 0xF0, 0xEF, 0xE8, 0x00, 0x00, 0x21,
    0x6E, 0x51, 0x00, 0x00, 0x00, 0x00, 0x33, 0xB7, 0x9A, 0x00, 0x00, 0x00, 0x00, 0x33, 0xB7, 0x9A,
    0x00, 0x00, 0x00, 0x00, 0x33, 0xB7, 0x9A, 0x00, 0x00, 0x00, 0x00, 0x33, 0xB7, 0x9A, 0x00, 0x00,
    0x00, 0x00, 0x33, 0xB7, 0x9A, 0x00, 0x00, 0x00, 0x00, 0x33, 0xB7, 0x9A, 0x00, 0x00, 0x45, 0xE7,
    0xF3, 0xFF, 0xFF, 0xEF, 0xE8, 0x00, 0x00, 0x1C, 0x5E, 0x45, 0x00, 0x00, 0x00, 0x00, 0x33, 0xB7,
    0x9A, 0x00, 0x00, 0x00, 0x00, 0x33, 0xB7, 0x9A, 0x00, 0x00, 0x00, 0x00, 0x33, 0xB7, 0x9A, 0x00,
    0x00, 0x00, 0x00, 0x33, 0xB7, 0x9A, 0x00, 0x00, 0x00, 0x00, 0x33, 0xB7, 0x9A, 0x00, 0x00, 0x27,
    0x9B, 0xB6, 0xBF, 0xC2, 0xA2, 0x9C, 0x1E, 0x78, 0x7C, 0x4E, 0x6C, 0x7E, 0x79, 0x45, 0xE7, 0xF0,
    0xF0, 0xF0, 0xEF, 0xE8, 0x00, 0x00, 0x02, 0x31, 0x13, 0x00, 0x00, 0x00, 0x00, 0x06, 0x7B, 0x2E,
    0x00, 0x00, 0x00, 0x00, 0x06, 0x7B, 0x2E, 0x00, 0x00, 0x00, 0x00, 0x06, 0x7B, 0x2E, 0x00, 0x00,
    0x00, 0x00, 0x06, 0x7B, 0x2E, 0x00, 0x00, 0x00, 0x00, 0x06, 0x7B, 0x2E, 0x00, 0x00, 0x1D, 0x73,
    0x7C, 0xC1, 0x93, 0x78, 0x73, 0x29, 0xA1, 0xAB, 0xDC, 0xBB, 0xA8, 0xA2, 0x45, 0xE7, 0xF1, 0xFB,
    0xF3, 0xEF, 0xE8, 0x00, 0x00, 0x06, 0x7B, 0x2E, 0x00, 0x00, 0x00, 0x00, 0x06, 0x7B, 0x2E, 0x00,
    0x00, 0x00, 0x00, 0x06, 0x7B, 0x2E, 0x00, 0x00, 0x00, 0x00, 0x06, 0x7B, 0x2E, 0x00, 0x00, 0x00,
    0x00, 0x06, 0x7B, 0x2E, 0x00, 0x00, 0x00, 0x00, 0x06, 0x74, 0x2C, 0x00, 0x00, 0x00, 0x00, 0x15,
    0x47, 0x34, 0x00, 0x00, 0x00, 0x00, 0x33, 0xB7, 0x9A, 0x00, 0x00, 0x00, 0x00, 0x33, 0xB7, 0x9A,
    0x00, 0x00, 0x00, 0x00, 0x33, 0xB7, 0x9A, 0x00, 0x00, 0x00, 0x00, 0x33, 0xB7, 0x9A, 0x00, 0x00,
    0x00, 0x00, 0x33, 0xB7, 0x9A, 0x00, 0x00, 0x00, 0x00, 0x33, 0xB7, 0x9A, 0x00, 0x00, 0x34, 0xAD,
    0xC4, 0xF0, 0xEB, 0xB4, 0xAD, 0x0F, 0x3F, 0x6A, 0xD3, 0xA7, 0x42, 0x3F, 0x00, 0x00, 0x33, 0xB7,
    0x9A, 0x00, 0x00, 0x00, 0x00, 0x33, 0xB7, 0x9A, 0x00, 0x00, 0x00, 0x00, 0x33, 0xB7, 0x9A, 0x00,
    0x00, 0x00, 0x00, 0x33, 0xB7, 0x9A, 0x00, 0x00, 0x00, 0x00, 0x33, 0xB7, 0x9A, 0x00, 0x00, 0x00,
    0x00, 0x31, 0xAE, 0x92, 0x00, 0x00, 0x00, 0x00, 0x1C, 0x5E, 0x45, 0x00, 0x00, 0x00, 0x00, 0x33,
    0xB7, 0x9A, 0x00, 0x00, 0x00, 0x00, 0x33, 0xB7, 0x9A, 0x00, 0x00, 0x00, 0x00, 0x33, 0xB7, 0x9A,
    0x00, 0x00, 0x00, 0x00, 0x33, 0xB7, 0x9A, 0x00, 0x00, 0x00, 0x00, 0x33, 0xB7, 0x9A, 0x00, 0x00,
    0x27, 0x9B, 0xB6, 0xBF, 0xC2, 0xA2, 0x9C, 0x1E, 0x78, 0x7C, 0x4E, 0x6C, 0x7E, 0x79, 0x45, 0xE7,
    0xF3, 0xB9, 0xE1, 0xEF, 0xE8, 0x00, 0x00, 0x33, 0xB7, 0x9A, 0x00, 0x00, 0x00, 0x00, 0x33, 0xB7,
    0x9A, 0x00, 0x00, 0x00, 0x00, 0x33, 0xB7, 0x9A, 0x00, 0x00, 0x00, 0x00, 0x33, 0xB7, 0x9A, 0x00,
    0x00, 0x00, 0x00, 0x33, 0xB7, 0x9A, 0x00, 0x00, 0x00, 0x00, 0x2B, 0x9A, 0x81, 0x00, 0x00, 0x19,
    0xA3, 0xCD, 0x0D, 0xB1, 0x71, 0x0B, 0x00, 0x74, 0x06, 0x00, 0x00, 0x5E, 0x00, 0x00, 0x00, 0x5A,
    0x00, 0x00, 0x00, 0x5A, 0x00, 0x00, 0x00, 0x5A, 0x00, 0x00, 0x00, 0x45, 0x00, 0x00, 0x00, 0x00,
    0x55, 0xE3, 0xB4, 0x0C, 0x00, 0x00, 0x00, 0x1B, 0x8B, 0xF0, 0x0C, 0x00, 0x00, 0x00, 0x00, 0x8B,
    0xB4, 0x00, 0x00, 0x00, 0x00, 0x1B, 0xE3, 0x00, 0x00, 0x00, 0x00, 0x00, 0xF0, 0x00, 0x00, 0x00,
    0x00, 0x00, 0xF0, 0x00, 0x00, 0x00, 0x00, 0x00, 0xF0, 0x00, 0x00, 0x00, 0x00, 0x00, 0xB7, 0x00,
    0x00, 0x00, 0x00, 0x00, 0x99, 0x00, 0x00, 0x00, 0x00, 0x00, 0xF0, 0x00, 0x00, 0x00, 0x00, 0x00,
    0xF0, 0x00, 0x00, 0x00, 0x00, 0x00, 0xF0, 0x00, 0x00, 0x00, 0x00, 0x0D, 0xE8, 0x00, 0x00, 0x00,
    0x00, 0x5E, 0xB5, 0x00, 0x00, 0x00, 0x33, 0xF6, 0x28, 0x00, 0x55, 0xFA, 0xDF, 0x3D, 0x00, 0x39,
    0x00, 0x00, 0x00, 0x5A, 0x00, 0x00, 0x00, 0x5A, 0x00, 0x00, 0x00, 0x5A, 0x00, 0x00, 0x00, 0x5C,
    0x00, 0x00, 0x00, 0x66, 0x02, 0x00, 0x00, 0xAE, 0x28, 0x00, 0x00, 0x47, 0xE5, 0xD8, 0x0D, 0x00,
    0x00, 0x00, 0x00, 0x00, 0x00, 0x43, 0x00, 0x00, 0x00, 0x00, 0x00, 0x6F, 0xA1, 0x00, 0x00, 0x00,
    0x00, 0x03, 0xF3, 0x1C, 0x00, 0x00, 0x00, 0x00, 0x93, 0xB2, 0x00, 0x00, 0x00, 0x00, 0x0D, 0xF7,
    0x0C, 0x00, 0x00, 0x00, 0x00, 0xB5, 0x90, 0x00, 0x00, 0x00, 0x00, 0x1C, 0xF3, 0x03, 0x00, 0x00,
    0x00, 0x00, 0xB4, 0x6D, 0x00, 0x00, 0x00, 0x00, 0x33, 0xE3, 0x00, 0x00, 0x00, 0x00, 0x00, 0xCF,
    0x4C, 0x00, 0x00, 0x00, 0x00, 0x4E, 0xCD, 0x00, 0x00, 0x00, 0x00, 0x00, 0xE4, 0x31, 0x00, 0x00,
    0x00, 0x00, 0x00, 0xB4, 0x00, 0x00, 0x00, 0x00, 0x00, 0x00, 0x43, 0x00, 0x00, 0x00, 0x00, 0x00,
    0x00, 0xF7, 0x07, 0x00, 0x00, 0x00, 0x00, 0x00, 0xA2, 0xA3, 0x00, 0x00, 0x00, 0x00, 0x00, 0x07,
    0xF7, 0x15, 0x00, 0x00, 0x00, 0x00, 0x00, 0x7F, 0xA5, 0x00, 0x00, 0x00, 0x00, 0x00, 0x00, 0xEC,
    0x27, 0x00, 0x00, 0x00, 0x00, 0x00, 0x5B, 0xC1, 0x00, 0x00, 0x00, 0x00, 0x00, 0x00, 0xD9, 0x3F,
    0x00, 0x00, 0x00, 0x00, 0x00, 0x3D, 0xDA, 0x00, 0x00, 0x00, 0x00, 0x00, 0x00, 0xC0, 0x5E, 0x00,
    0x00, 0x00, 0x00, 0x00, 0x25, 0xED, 0x00, 0x00, 0x00, 0x00, 0x00, 0x00, 0xA3, 0x81, 0x00, 0x00,
    0x00, 0x00, 0x00, 0x13, 0xA0, 0x18, 0x00, 0x00, 0x00, 0x00, 0x00, 0x18, 0xE9, 0x00, 0x00, 0x00,
    0x00, 0x46, 0xAF, 0xAA, 0x79, 0x00, 0x00, 0x00, 0xE1, 0x36, 0x16, 0xF6, 0x06, 0x00, 0x66, 0xB7,
    0x00, 0x00, 0xA9, 0x9C, 0x01, 0xF1, 0x1F, 0x00, 0x00, 0x09, 0xF7, 0x9D, 0xBA, 0x00, 0x00, 0x00,
    0x00, 0x87, 0xFF, 0x0F, 0x00, 0x00, 0x00, 0x00, 0xAC, 0xFF, 0x22, 0x00, 0x00, 0x00, 0x18, 0xF5,
    0x69, 0xBA, 0x00, 0x00, 0x00, 0xAD, 0x75, 0x00, 0xDE, 0x39, 0x00, 0x2D, 0xE8, 0x00, 0x00, 0x43,
    0xD5, 0x00, 0xC9, 0x52, 0x00, 0x00, 0x00, 0xC5, 0x57, 0xCD, 0x00, 0x00, 0x00, 0x00, 0x2A, 0xA8,
    0x00, 0x2D, 0xF0, 0xF0, 0xF0, 0xD5, 0x8B, 0xF0, 0xF0, 0xF0, 0xF0, 0xF0, 0xF0, 0xF0, 0x0D, 0x16,
    0xF0, 0xF0, 0xF0, 0xE8, 0xA2, 0xF0, 0xF0, 0xF0, 0xF0, 0xF0, 0xF0, 0xE4, 0x00, 0x01, 0x12, 0x12,
    0x12, 0x0F, 0x00, 0x3C, 0xFF, 0xFF, 0xFF, 0xFF, 0x00, 0x1B, 0xAE, 0xAE, 0xAE, 0x9A, 0x54, 0xBA,
    0x07, 0xAE, 0xFF, 0x12, 0xAE, 0xFF, 0x12, 0xAE, 0xFF, 0x12, 0xAE, 0xFF, 0x12, 0xAE, 0xFF, 0x12,
    0xAE, 0xFF, 0x12, 0xAE, 0xFF, 0x12, 0x07, 0x12, 0x00, 0x00, 0x12, 0x12, 0x12, 0x10, 0x1E, 0xFF,
    0xFF, 0xFF, 0xFF, 0x0D, 0xAE, 0xAE, 0xAE, 0xA8, 0x61, 0xB4, 0x09, 0xAE, 0xFF, 0x12, 0xAE, 0xFF,
    0x12, 0xAE, 0xFF, 0x12, 0xAE, 0xFF, 0x12, 0xAE, 0xFF, 0x12, 0xAE, 0xFF, 0x12, 0xA5, 0xFF, 0x10,
    0x00, 0x00, 0x00, 0x09, 0x12, 0x12, 0x10, 0x3E, 0xCF, 0xD9, 0xEF, 0xFF, 0xFF, 0xFF, 0x06, 0x1D,
    0x20, 0x6B, 0xAE, 0xAE, 0xA8, 0x09, 0x58, 0x00, 0x1E, 0xD7, 0x00, 0x1E, 0xD7, 0x00, 0x1E, 0xD7,
    0x00, 0x1E, 0xD7, 0x00, 0x1E, 0xD7, 0x00, 0x1E, 0xD7, 0x00, 0x6F, 0xFF, 0x09, 0xAE, 0xFF, 0x12,
    0xAE, 0xFF, 0x12, 0xAE, 0xFF, 0x12, 0xAE, 0xFF, 0x12, 0xAE, 0xFF, 0x12, 0xAE, 0xFF, 0x12, 0xA5,
    0xFF, 0x10, 0x01, 0x12, 0x12, 0x0F, 0x00, 0x00, 0x00, 0x2B, 0xFF, 0xFF, 0xFF, 0xD7, 0xD7, 0x30,
    0x13, 0xAE, 0xAE, 0x9D, 0x1E, 0x1E, 0x04, 0x54, 0xBA, 0x07, 0xAE, 0xFF, 0x12, 0xAE, 0xFF, 0x12,
    0xAE, 0xFF, 0x12, 0xAE, 0xFF, 0x12, 0xAE, 0xFF, 0x12, 0xAE, 0xFF, 0x12, 0xAE, 0xFF, 0x12, 0x24,
    0xDA, 0x00, 0x1E, 0xD7, 0x00, 0x1E, 0xD7, 0x00, 0x1E, 0xD7, 0x00, 0x1E, 0xD7, 0x00, 0x1E, 0xD7,
    0x00, 0x18, 0xAD, 0x00, 0x10, 0x12, 0x12, 0x12, 0x12, 0x12, 0x12, 0x0D, 0xFF, 0xFF, 0xFF, 0xFF,
    0xFF, 0xFF, 0xFF, 0xFA, 0xFF, 0xFF, 0xFF, 0xFF, 0xFF, 0xFF, 0xFF, 0xFA, 0xFF, 0xFF, 0xFF, 0xFF,
    0xFF, 0xFF, 0xFF, 0xFA, 0xFF, 0xFF, 0xFF, 0xFF, 0xFF, 0xFF, 0xFF, 0xFA, 0xFF, 0xFF, 0xFF, 0xFF,
    0xFF, 0xFF, 0xFF, 0xFA, 0xFF, 0xFF, 0xFF, 0xFF, 0xFF, 0xFF, 0xFF, 0xFA, 0xFF, 0xFF, 0xFF, 0xFF,
    0xFF, 0xFF, 0xFF, 0xFA, 0xD9, 0xE1, 0xE1, 0xE1, 0xE1, 0xE1, 0xE1, 0xAF, 0x0A, 0x0C, 0x0C, 0x0C,
    0x0C, 0x0C, 0x0C, 0x09, 0xFF, 0xDC, 0xDC, 0xDC, 0xDC, 0xDC, 0xDC, 0xF3, 0xEB, 0x00, 0x00, 0x00,
    0x00, 0x00, 0x00, 0xE6, 0xEB, 0x00, 0x00, 0x00, 0x00, 0x00, 0x00, 0xE6, 0xEB, 0x00, 0x00, 0x00,
    0x00, 0x00, 0x00, 0xE6, 0xEB, 0x00, 0x00, 0x00, 0x00, 0x00, 0x00, 0xE6, 0xEB, 0x00, 0x00, 0x00,
    0x00, 0x00, 0x00, 0xE6, 0xEC, 0x0C, 0x0C, 0x0C, 0x0C, 0x0C, 0x0C, 0xE6, 0xD9, 0xE1, 0xE1, 0xE1,
    0xE1, 0xE1, 0xE1, 0xAF, 0x00, 0x00, 0x00, 0x0A, 0x00, 0x00, 0x00, 0x00, 0x00, 0x00, 0x00, 0xB5,
    0x6A, 0x00, 0x00, 0x00, 0x00, 0x00, 0x12, 0xFF, 0xF8, 0x00, 0x00, 0x00, 0x00, 0x00, 0xB5, 0xFF,
    0xFF, 0x6A, 0x00, 0x00, 0x00, 0x12, 0xFF, 0xFF, 0xFF, 0xF8, 0x00, 0x00, 0x00, 0xB4, 0xFF, 0xFF,
    0xFF, 0xFF, 0x6A, 0x00, 0x12, 0xFF, 0xFF, 0xFF, 0xFF, 0xFF, 0xF8, 0x00, 0xB4, 0xFF, 0xFF, 0xFF,
    0xFF, 0xFF, 0xFF, 0x6A, 0xA2, 0xA0, 0xA0, 0xA0, 0xA0, 0xA0, 0xA0, 0x7C, 0x16, 0x00, 0x00, 0x00,
    0x00, 0x00, 0x00, 0x00, 0xFF, 0xA3, 0x19, 0x00, 0x00, 0x00, 0x00, 0x00, 0xFF, 0xFF, 0xFF, 0xA3,
    0x19, 0x00, 0x00, 0x00, 0xFF, 0xFF, 0xFF, 0xFF, 0xFF, 0xA3, 0x19, 0x00, 0xFF, 0xFF, 0xFF, 0xFF,
    0xFF, 0xFF, 0xFF, 0x73, 0xFF, 0xFF, 0xFF, 0xFF, 0xFF, 0xF5, 0x66, 0x00, 0xFF, 0xFF, 0xFF, 0xF5,
    0x66, 0x00, 0x00, 0x00, 0xFF, 0xF5, 0x67, 0x00, 0x00, 0x00, 0x00, 0x00, 0x60, 0x00, 0x00, 0x00,
    0x00, 0x00, 0x00, 0x00, 0x57, 0x60, 0x60, 0x60, 0x60, 0x60, 0x60, 0x43, 0xBF, 0xFF, 0xFF, 0xFF,
    0xFF, 0xFF, 0xFF, 0x9A, 0x2D, 0xFF, 0xFF, 0xFF, 0xFF, 0xFF, 0xFF, 0x09, 0x00, 0xBF, 0xFF, 0xFF,
    0xFF, 0xFF, 0x9A, 0x00, 0x00, 0x2D, 0xFF, 0xFF, 0xFF, 0xFF, 0x09, 0x00, 0x00, 0x00, 0xBE, 0xFF,
    0xFF, 0x9A, 0x00, 0x00, 0x00, 0x00, 0x2D, 0xFF, 0xFF, 0x09, 0x00, 0x00, 0x00, 0x00, 0x00, 0xBE,
    0x9A, 0x00, 0x00, 0x00, 0x00, 0x00, 0x00, 0x25, 0x09, 0x00, 0x00, 0x00, 0x00, 0x00, 0x00, 0x00,
    0x00, 0x00, 0x00, 0x18, 0x00, 0x00, 0x00, 0x00, 0x00, 0x30, 0xC1, 0xF2, 0x00, 0x00, 0x00, 0x30,
    0xC1, 0xFF, 0xFF, 0xFA, 0x00, 0x31, 0xC1, 0xFF, 0xFF, 0xFF, 0xFF, 0xFA, 0xAE, 0xFF, 0xFF, 0xFF,
    0xFF, 0xFF, 0xFF, 0xFA, 0x04, 0x8A, 0xFF, 0xFF, 0xFF, 0xFF, 0xFF, 0xFA, 0x00, 0x00, 0x04, 0x8A,
    0xFF, 0xFF, 0xFF, 0xFA, 0x00, 0x00, 0x00, 0x00, 0x04, 0x8A, 0xFF, 0xFA, 0x00, 0x00, 0x00, 0x00,
    0x00, 0x00, 0x04, 0x5B, 0x00, 0x00, 0x00, 0x12, 0x04, 0x00, 0x00, 0x00, 0x00, 0x00, 0x16, 0xFA,
    0xCD, 0x03, 0x00, 0x00, 0x00, 0x16, 0xFA, 0xFF, 0xFF, 0xCD, 0x04, 0x00, 0x16, 0xFB, 0xFF, 0xFF,
    0xFF, 0xFF, 0xCD, 0x03, 0xE1, 0xFF, 0xFF, 0xFF, 0xFF, 0xFF, 0xFF, 0xA3, 0x43, 0xFF, 0xFF, 0xFF,
    0xFF, 0xFF, 0xFF, 0x1F, 0x00, 0x43, 0xFF, 0xFF, 0xFF, 0xFF, 0x1F, 0x00, 0x00, 0x00, 0x43, 0xFF,
    0xFF, 0x1F, 0x00, 0x00, 0x00, 0x00, 0x00, 0x40, 0x1F, 0x00, 0x00, 0x00, 0x00, 0x00, 0x00, 0x12,
    0x04, 0x00, 0x00, 0x00, 0x00, 0x00, 0x16, 0xF8, 0xCD, 0x03, 0x00, 0x00, 0x00, 0x16, 0xF7, 0x88,
    0xAA, 0xCD, 0x04, 0x00, 0x16, 0xF7, 0x8A, 0x00, 0x00, 0xA8, 0xCD, 0x03, 0xE1, 0xBE, 0x00, 0x00,
    0x00, 0x00, 0xD7, 0xA3, 0x43, 0xFF, 0x45, 0x00, 0x00, 0x75, 0xFF, 0x1F, 0x00, 0x43, 0xFF, 0x45,
    0x78, 0xFF, 0x1F, 0x00, 0x00, 0x00, 0x43, 0xFF, 0xFF, 0x1F, 0x00, 0x00, 0x00, 0x00, 0x00, 0x40,
    0x1F, 0x00, 0x00, 0x00, 0x00, 0x00, 0x00, 0x06, 0x03, 0x00, 0x00, 0x00, 0x00, 0x49, 0xE7, 0xF3,
    0xFB, 0xD0, 0x28, 0x00, 0x4E, 0xF7, 0x33, 0x00, 0x00, 0x55, 0xFD, 0x22, 0xE3, 0x33, 0x00, 0x00,
    0x00, 0x00, 0x73, 0xAA, 0xFA, 0x00, 0x00, 0x00, 0x00, 0x00, 0x0A, 0xEB, 0xFC, 0x00, 0x00, 0x00,
    0x00, 0x00, 0x1C, 0xDF, 0xBE, 0x75, 0x00, 0x00, 0x00, 0x00, 0xBA, 0x9C, 0x19, 0xF3, 0xA8, 0x24,
    0x31, 0xAF, 0xD4, 0x03, 0x00, 0x0A, 0xA0, 0xDC, 0xD3, 0x7F, 0x00, 0x00, 0x00, 0x00, 0x00, 0x1E,
    0x15, 0x00, 0x00, 0x00, 0x00, 0x61, 0xFF, 0xFF, 0xFF, 0xEB, 0x39, 0x00, 0x5E, 0xFF, 0xFF, 0xFF,
    0xFF, 0xFF, 0xFF, 0x2D, 0xF0, 0xFF, 0xFF, 0xFF, 0xFF, 0xFF, 0xFF, 0xB2, 0xFF, 0xFF, 0xFF, 0xFF,
    0xFF, 0xFF, 0xFF, 0xED, 0xFF, 0xFF, 0xFF, 0xFF, 0xFF, 0xFF, 0xFF, 0xDC, 0xB1, 0xFF, 0xFF, 0xFF,
    0xFF, 0xFF, 0xFF, 0x8D, 0x10, 0xEE, 0xFF, 0xFF, 0xFF, 0xFF, 0xC0, 0x00, 0x00, 0x04, 0x82, 0xC3,
    0xBA, 0x61, 0x00, 0x00, 0x61, 0xBA, 0xBA, 0xBA, 0xBA, 0xBA, 0xB5, 0xB4, 0x00, 0x00, 0x00, 0x00,
    0x00, 0xB4, 0xB4, 0x00, 0x00, 0x00, 0x00, 0x00, 0xB4, 0xB4, 0x00, 0x00, 0x00, 0x00, 0x00, 0xB4,
    0xB4, 0x00, 0x00, 0x00, 0x00, 0x00, 0xB4, 0xB4, 0x00, 0x00, 0x00, 0x00, 0x00, 0xB4, 0xAE, 0xBA,
    0xBA, 0xBA, 0xBA, 0xBA, 0xD7, 0x7C, 0xA0, 0xA0, 0xA0, 0xA0, 0xA0, 0xB6, 0x07, 0xA0, 0x00, 0x00,
    0x00, 0x00, 0x33, 0xB4, 0x0C, 0xA0, 0x00, 0x00, 0x00, 0x63, 0x48, 0xB4, 0x0C, 0xA0, 0x00, 0x00,
    0x18, 0xA3, 0x00, 0xB4, 0x0C, 0xA0, 0x19, 0x97, 0xA9, 0x1B, 0x00, 0xB4, 0x0C, 0xA0, 0x00, 0x75,
    0xCF, 0x00, 0x00, 0xB4, 0x0C, 0xBE, 0xBA, 0xBA, 0xBA, 0xBA, 0xBA, 0xE7, 0x0A, 0x01, 0x06, 0x06,
    0x06, 0x06, 0x06, 0x06, 0x00, 0x00, 0x18, 0x18, 0xA6, 0x90, 0x28, 0x07, 0x00, 0x00, 0xAB, 0xFF,
    0xFF, 0xFF, 0xFF, 0x8D, 0x00, 0x7B, 0xFF, 0x90, 0x00, 0x03, 0xB0, 0xE4, 0x5A, 0xA2, 0xF6, 0x00,
    0xA0, 0x8B, 0x04, 0xFF, 0x81, 0xA6, 0xEB, 0x00, 0xCE, 0xB8, 0x00, 0xFF, 0x63, 0xA6, 0xFF, 0x5D,
    0x00, 0x00, 0x9D, 0xFF, 0x7B, 0x00, 0xAC, 0xFF, 0xEB, 0xF8, 0xFF, 0x8D, 0x00, 0x00, 0x33, 0x33,
    0xD0, 0xBA, 0x4B, 0x19, 0x00, 0x00, 0x00, 0x00, 0x00, 0x00, 0x00, 0x00, 0x00, 0x00, 0x00, 0x00,
    0x18, 0xFF, 0x7C, 0x00, 0x00, 0x00, 0x00, 0xA3, 0xFF, 0x46, 0xAF, 0xA2, 0x00, 0x00, 0xFF, 0xFC,
    0x00, 0xE3, 0xFF, 0x01, 0x55, 0xFF, 0x99, 0x00, 0x8B, 0xFF, 0x51, 0xC0, 0xFF, 0x13, 0x00, 0x13,
    0xFF, 0xA8, 0xFF, 0xC5, 0x00, 0x00, 0x00, 0xD8, 0xFF, 0xFF, 0x57, 0x00, 0x00, 0x00, 0x7E, 0xFF,
    0xFF, 0x00, 0x00, 0x00, 0x00, 0x00, 0x2E, 0x3A, 0x00, 0x46, 0xAD, 0x00, 0x00, 0xB7, 0xF3, 0x34,
    0xFF, 0x9C, 0x00, 0x00, 0x37, 0xFF, 0xFF, 0xC0, 0x00, 0x00, 0x00, 0x00, 0xFF, 0xFF, 0x0A, 0x00,
    0x00, 0x00, 0xAE, 0xFF, 0xFF, 0x6D, 0x00, 0x00, 0x51, 0xFF, 0x8D, 0xC9, 0xFF, 0x00, 0x09, 0xFF,
    0xDE, 0x00, 0x15, 0xBB, 0x00, 0x2B, 0xFF, 0x2D, 0x00, 0x00, 0x00, 0x00, 0x00, 0x0F, 0x00, 0x00,
    0x00, 0x00, 0x00, 0x00, 0x00, 0x00, 0x00, 0x00, 0x00, 0x51, 0x00, 0x04, 0xC1, 0x9F, 0x00, 0x00,
    0xB4, 0xFF, 0x79, 0x03, 0xFF, 0xFF, 0x3A, 0xB4, 0xFF, 0xF5, 0x12, 0x00, 0xA3, 0xFF, 0xFF, 0xFF,
    0xFF, 0x13, 0x00, 0x00, 0x1B, 0xFF, 0xFF, 0xFF, 0x2E, 0x00, 0x00, 0x00, 0x55, 0xFF, 0xFF, 0xFF,
    0x76, 0x00, 0x00, 0x2D, 0xFF, 0xFF, 0xFF, 0xFF, 0xFF, 0x3A, 0x00, 0xB5, 0xFF, 0xCB, 0x34, 0xFF,
    0xFF, 0x5D, 0x00, 0x76, 0xEC, 0x0C, 0x00, 0x49, 0x3D, 0x00, 0x00, 0x00, 0x00, 0x00, 0x00, 0x00,
    0x00, 0x00, 0x00, 0x00, 0x00, 0xFF, 0xD7, 0x00, 0x00, 0x00, 0xFF, 0xFF, 0x00, 0x00, 0x00, 0xFF,
    0xFF, 0x00, 0x00, 0x00, 0xFF, 0xFF, 0x00, 0x00, 0x12, 0xFF, 0xFF, 0x0F, 0x00, 0xA5, 0xFF, 0xFF,
    0x88, 0x00, 0x00, 0xA2, 0x8B, 0x00,
};
