// Auto-generated VLW font: ibmplex_italic_9
// Size: 22028 bytes (21.5 KB)
#pragma once
#include <pgmspace.h>

const uint8_t ibmplex_italic_9[] PROGMEM = {
    0x00, 0x00, 0x01, 0x65, 0x00, 0x00, 0x00, 0x06, 0x00, 0x00, 0x00, 0x09, 0x00, 0x00, 0x00, 0x00,
    0x00, 0x00, 0x00, 0x0A, 0x00, 0x00, 0x00, 0x03, 0x00, 0x00, 0x00, 0x20, 0x00, 0x00, 0x00, 0x00,
    0x00, 0x00, 0x00, 0x00, 0x00, 0x00, 0x00, 0x05, 0x00, 0x00, 0x00, 0x00, 0x00, 0x00, 0x00, 0x00,
    0x00, 0x00, 0x00, 0x00, 0x00, 0x00, 0x00, 0x21, 0x00, 0x00, 0x00, 0x07, 0x00, 0x00, 0x00, 0x03,
    0x00, 0x00, 0x00, 0x05, 0x00, 0x00, 0x00, 0x07, 0x00, 0x00, 0x00, 0x01, 0x00, 0x00, 0x00, 0x00,
    0x00, 0x00, 0x00, 0x22, 0x00, 0x00, 0x00, 0x03, 0x00, 0x00, 0x00, 0x04, 0x00, 0x00, 0x00, 0x05,
    0x00, 0x00, 0x00, 0x07, 0x00, 0x00, 0x00, 0x01, 0x00, 0x00, 0x00, 0x00, 0x00, 0x00, 0x00, 0x23,
    0x00, 0x00, 0x00, 0x07, 0x00, 0x00, 0x00, 0x05, 0x00, 0x00, 0x00, 0x05, 0x00, 0x00, 0x00, 0x07,
    0x00, 0x00, 0x00, 0x00, 0x00, 0x00, 0x00, 0x00, 0x00, 0x00, 0x00, 0x24, 0x00, 0x00, 0x00, 0x09,
    0x00, 0x00, 0x00, 0x05, 0x00, 0x00, 0x00, 0x05, 0x00, 0x00, 0x00, 0x08, 0x00, 0x00, 0x00, 0x00,
    0x00, 0x00, 0x00, 0x00, 0x00, 0x00, 0x00, 0x25, 0x00, 0x00, 0x00, 0x07, 0x00, 0x00, 0x00, 0x05,
    0x00, 0x00, 0x00, 0x05, 0x00, 0x00, 0x00, 0x07, 0x00, 0x00, 0x00, 0x00, 0x00, 0x00, 0x00, 0x00,
    0x00, 0x00, 0x00, 0x26, 0x00, 0x00, 0x00, 0x07, 0x00, 0x00, 0x00, 0x05, 0x00, 0x00, 0x00, 0x05,
    0x00, 0x00, 0x00, 0x07, 0x00, 0x00, 0x00, 0x00, 0x00, 0x00, 0x00, 0x00, 0x00, 0x00, 0x00, 0x27,
    0x00, 0x00, 0x00, 0x03, 0x00, 0x00, 0x00, 0x02, 0x00, 0x00, 0x00, 0x05, 0x00, 0x00, 0x00, 0x07,
    0x00, 0x00, 0x00, 0x02, 0x00, 0x00, 0x00, 0x00, 0x00, 0x00, 0x00, 0x28, 0x00, 0x00, 0x00, 0x09,
    0x00, 0x00, 0x00, 0x04, 0x00, 0x00, 0x00, 0x05, 0x00, 0x00, 0x00, 0x07, 0x00, 0x00, 0x00, 0x01,
    0x00, 0x00, 0x00, 0x00, 0x00, 0x00, 0x00, 0x29, 0x00, 0x00, 0x00, 0x09, 0x00, 0x00, 0x00, 0x04,
    0x00, 0x00, 0x00, 0x05, 0x00, 0x00, 0x00, 0x07, 0x00, 0x00, 0x00, 0x00, 0x00, 0x00, 0x00, 0x00,
    0x00, 0x00, 0x00, 0x2A, 0x00, 0x00, 0x00, 0x05, 0x00, 0x00, 0x00, 0x05, 0x00, 0x00, 0x00, 0x05,
    0x00, 0x00, 0x00, 0x05, 0x00, 0x00, 0x00, 0x00, 0x00, 0x00, 0x00, 0x00, 0x00, 0x00, 0x00, 0x2B,
    0x00, 0x00, 0x00, 0x05, 0x00, 0x00, 0x00, 0x05, 0x00, 0x00, 0x00, 0x05, 0x00, 0x00, 0x00, 0x05,
    0x00, 0x00, 0x00, 0x00, 0x00, 0x00, 0x00, 0x00, 0x00, 0x00, 0x00, 0x2C, 0x00, 0x00, 0x00, 0x03,
    0x00, 0x00, 0x00, 0x03, 0x00, 0x00, 0x00, 0x05, 0x00, 0x00, 0x00, 0x02, 0x00, 0x00, 0x00, 0x01,
    0x00, 0x00, 0x00, 0x00, 0x00, 0x00, 0x00, 0x2D, 0x00, 0x00, 0x00, 0x01, 0x00, 0x00, 0x00, 0x04,
    0x00, 0x00, 0x00, 0x05, 0x00, 0x00, 0x00, 0x03, 0x00, 0x00, 0x00, 0x01, 0x00, 0x00, 0x00, 0x00,
    0x00, 0x00, 0x00, 0x2E, 0x00, 0x00, 0x00, 0x02, 0x00, 0x00, 0x00, 0x03, 0x00, 0x00, 0x00, 0x05,
    0x00, 0x00, 0x00, 0x02, 0x00, 0x00, 0x00, 0x01, 0x00, 0x00, 0x00, 0x00, 0x00, 0x00, 0x00, 0x2F,
    0x00, 0x00, 0x00, 0x09, 0x00, 0x00, 0x00, 0x05, 0x00, 0x00, 0x00, 0x05, 0x00, 0x00, 0x00, 0x07,
    0x00, 0x00, 0x00, 0x00, 0x00, 0x00, 0x00, 0x00, 0x00, 0x00, 0x00, 0x30, 0x00, 0x00, 0x00, 0x07,
    0x00, 0x00, 0x00, 0x05, 0x00, 0x00, 0x00, 0x05, 0x00, 0x00, 0x00, 0x07, 0x00, 0x00, 0x00, 0x00,
    0x00, 0x00, 0x00, 0x00, 0x00, 0x00, 0x00, 0x31, 0x00, 0x00, 0x00, 0x07, 0x00, 0x00, 0x00, 0x05,
    0x00, 0x00, 0x00, 0x05, 0x00, 0x00, 0x00, 0x07, 0x00, 0x00, 0x00, 0x00, 0x00, 0x00, 0x00, 0x00,
    0x00, 0x00, 0x00, 0x32, 0x00, 0x00, 0x00, 0x07, 0x00, 0x00, 0x00, 0x05, 0x00, 0x00, 0x00, 0x05,
    0x00, 0x00, 0x00, 0x07, 0x00, 0x00, 0x00, 0x00, 0x00, 0x00, 0x00, 0x00, 0x00, 0x00, 0x00, 0x33,
    0x00, 0x00, 0x00, 0x07, 0x00, 0x00, 0x00, 0x05, 0x00, 0x00, 0x00, 0x05, 0x00, 0x00, 0x00, 0x07,
    0x00, 0x00, 0x00, 0x00, 0x00, 0x00, 0x00, 0x00, 0x00, 0x00, 0x00, 0x34, 0x00, 0x00, 0x00, 0x07,
    0x00, 0x00, 0x00, 0x05, 0x00, 0x00, 0x00, 0x05, 0x00, 0x00, 0x00, 0x07, 0x00, 0x00, 0x00, 0x00,
    0x00, 0x00, 0x00, 0x00, 0x00, 0x00, 0x00, 0x35, 0x00, 0x00, 0x00, 0x07, 0x00, 0x00, 0x00, 0x05,
    0x00, 0x00, 0x00, 0x05, 0x00, 0x00, 0x00, 0x07, 0x00, 0x00, 0x00, 0x00, 0x00, 0x00, 0x00, 0x00,
    0x00, 0x00, 0x00, 0x36, 0x00, 0x00, 0x00, 0x07, 0x00, 0x00, 0x00, 0x05, 0x00, 0x00, 0x00, 0x05,
    0x00, 0x00, 0x00, 0x07, 0x00, 0x00, 0x00, 0x00, 0x00, 0x00, 0x00, 0x00, 0x00, 0x00, 0x00, 0x37,
    0x00, 0x00, 0x00, 0x07, 0x00, 0x00, 0x00, 0x05, 0x00, 0x00, 0x00, 0x05, 0x00, 0x00, 0x00, 0x07,
    0x00, 0x00, 0x00, 0x00, 0x00, 0x00, 0x00, 0x00, 0x00, 0x00, 0x00, 0x38, 0x00, 0x00, 0x00, 0x07,
    0x00, 0x00, 0x00, 0x05, 0x00, 0x00, 0x00, 0x05, 0x00, 0x00, 0x00, 0x07, 0x00, 0x00, 0x00, 0x00,
    0x00, 0x00, 0x00, 0x00, 0x00, 0x00, 0x00, 0x39, 0x00, 0x00, 0x00, 0x07, 0x00, 0x00, 0x00, 0x05,
    0x00, 0x00, 0x00, 0x05, 0x00, 0x00, 0x00, 0x07, 0x00, 0x00, 0x00, 0x00, 0x00, 0x00, 0x00, 0x00,
    0x00, 0x00, 0x00, 0x3A, 0x00, 0x00, 0x00, 0x05, 0x00, 0x00, 0x00, 0x03, 0x00, 0x00, 0x00, 0x05,
    0x00, 0x00, 0x00, 0x05, 0x00, 0x00, 0x00, 0x01, 0x00, 0x00, 0x00, 0x00, 0x00, 0x00, 0x00, 0x3B,
    0x00, 0x00, 0x00, 0x07, 0x00, 0x00, 0x00, 0x03, 0x00, 0x00, 0x00, 0x05, 0x00, 0x00, 0x00, 0x05,
    0x00, 0x00, 0x00, 0x01, 0x00, 0x00, 0x00, 0x00, 0x00, 0x00, 0x00, 0x3C, 0x00, 0x00, 0x00, 0x06,
    0x00, 0x00, 0x00, 0x05, 0x00, 0x00, 0x00, 0x05, 0x00, 0x00, 0x00, 0x06, 0x00, 0x00, 0x00, 0x00,
    0x00, 0x00, 0x00, 0x00, 0x00, 0x00, 0x00, 0x3D, 0x00, 0x00, 0x00, 0x03, 0x00, 0x00, 0x00, 0x05,
    0x00, 0x00, 0x00, 0x05, 0x00, 0x00, 0x00, 0x04, 0x00, 0x00, 0x00, 0x00, 0x00, 0x00, 0x00, 0x00,
    0x00, 0x00, 0x00, 0x3E, 0x00, 0x00, 0x00, 0x06, 0x00, 0x00, 0x00, 0x05, 0x00, 0x00, 0x00, 0x05,
    0x00, 0x00, 0x00, 0x06, 0x00, 0x00, 0x00, 0x00, 0x00, 0x00, 0x00, 0x00, 0x00, 0x00, 0x00, 0x3F,
    0x00, 0x00, 0x00, 0x07, 0x00, 0x00, 0x00, 0x04, 0x00, 0x00, 0x00, 0x05, 0x00, 0x00, 0x00, 0x07,
    0x00, 0x00, 0x00, 0x01, 0x00, 0x00, 0x00, 0x00, 0x00, 0x00, 0x00, 0x40, 0x00, 0x00, 0x00, 0x08,
    0x00, 0x00, 0x00, 0x05, 0x00, 0x00, 0x00, 0x05, 0x00, 0x00, 0x00, 0x07, 0x00, 0x00, 0x00, 0x00,
    0x00, 0x00, 0x00, 0x00, 0x00, 0x00, 0x00, 0x41, 0x00, 0x00, 0x00, 0x07, 0x00, 0x00, 0x00, 0x05,
    0x00, 0x00, 0x00, 0x05, 0x00, 0x00, 0x00, 0x07, 0x00, 0x00, 0x00, 0x00, 0x00, 0x00, 0x00, 0x00,
    0x00, 0x00, 0x00, 0x42, 0x00, 0x00, 0x00, 0x07, 0x00, 0x00, 0x00, 0x05, 0x00, 0x00, 0x00, 0x05,
    0x00, 0x00, 0x00, 0x07, 0x00, 0x00, 0x00, 0x00, 0x00, 0x00, 0x00, 0x00, 0x00, 0x00, 0x00, 0x43,
    0x00, 0x00, 0x00, 0x07, 0x00, 0x00, 0x00, 0x05, 0x00, 0x00, 0x00, 0x05, 0x00, 0x00, 0x00, 0x07,
    0x00, 0x00, 0x00, 0x00, 0x00, 0x00, 0x00, 0x00, 0x00, 0x00, 0x00, 0x44, 0x00, 0x00, 0x00, 0x07,
    0x00, 0x00, 0x00, 0x05, 0x00, 0x00, 0x00, 0x05, 0x00, 0x00, 0x00, 0x07, 0x00, 0x00, 0x00, 0x00,
    0x00, 0x00, 0x00, 0x00, 0x00, 0x00, 0x00, 0x45, 0x00, 0x00, 0x00, 0x07, 0x00, 0x00, 0x00, 0x05,
    0x00, 0x00, 0x00, 0x05, 0x00, 0x00, 0x00, 0x07, 0x00, 0x00, 0x00, 0x00, 0x00, 0x00, 0x00, 0x00,
    0x00, 0x00, 0x00, 0x46, 0x00, 0x00, 0x00, 0x07, 0x00, 0x00, 0x00, 0x05, 0x00, 0x00, 0x00, 0x05,
    0x00, 0x00, 0x00, 0x07, 0x00, 0x00, 0x00, 0x00, 0x00, 0x00, 0x00, 0x00, 0x00, 0x00, 0x00, 0x47,
    0x00, 0x00, 0x00, 0x07, 0x00, 0x00, 0x00, 0x05, 0x00, 0x00, 0x00, 0x05, 0x00, 0x00, 0x00, 0x07,
    0x00, 0x00, 0x00, 0x00, 0x00, 0x00, 0x00, 0x00, 0x00, 0x00, 0x00, 0x48, 0x00, 0x00, 0x00, 0x07,
    0x00, 0x00, 0x00, 0x05, 0x00, 0x00, 0x00, 0x05, 0x00, 0x00, 0x00, 0x07, 0x00, 0x00, 0x00, 0x00,
    0x00, 0x00, 0x00, 0x00, 0x00, 0x00, 0x00, 0x49, 0x00, 0x00, 0x00, 0x07, 0x00, 0x00, 0x00, 0x05,
    0x00, 0x00, 0x00, 0x05, 0x00, 0x00, 0x00, 0x07, 0x00, 0x00, 0x00, 0x00, 0x00, 0x00, 0x00, 0x00,
    0x00, 0x00, 0x00, 0x4A, 0x00, 0x00, 0x00, 0x07, 0x00, 0x00, 0x00, 0x05, 0x00, 0x00, 0x00, 0x05,
    0x00, 0x00, 0x00, 0x07, 0x00, 0x00, 0x00, 0x00, 0x00, 0x00, 0x00, 0x00, 0x00, 0x00, 0x00, 0x4B,
    0x00, 0x00, 0x00, 0x07, 0x00, 0x00, 0x00, 0x05, 0x00, 0x00, 0x00, 0x05, 0x00, 0x00, 0x00, 0x07,
    0x00, 0x00, 0x00, 0x00, 0x00, 0x00, 0x00, 0x00, 0x00, 0x00, 0x00, 0x4C, 0x00, 0x00, 0x00, 0x07,
    0x00, 0x00, 0x00, 0x05, 0x00, 0x00, 0x00, 0x05, 0x00, 0x00, 0x00, 0x07, 0x00, 0x00, 0x00, 0x00,
    0x00, 0x00, 0x00, 0x00, 0x00, 0x00, 0x00, 0x4D, 0x00, 0x00, 0x00, 0x07, 0x00, 0x00, 0x00, 0x05,
    0x00, 0x00, 0x00, 0x05, 0x00, 0x00, 0x00, 0x07, 0x00, 0x00, 0x00, 0x00, 0x00, 0x00, 0x00, 0x00,
    0x00, 0x00, 0x00, 0x4E, 0x00, 0x00, 0x00, 0x07, 0x00, 0x00, 0x00, 0x05, 0x00, 0x00, 0x00, 0x05,
    0x00, 0x00, 0x00, 0x07, 0x00, 0x00, 0x00, 0x00, 0x00, 0x00, 0x00, 0x00, 0x00, 0x00, 0x00, 0x4F,
    0x00, 0x00, 0x00, 0x07, 0x00, 0x00, 0x00, 0x05, 0x00, 0x00, 0x00, 0x05, 0x00, 0x00, 0x00, 0x07,
    0x00, 0x00, 0x00, 0x00, 0x00, 0x00, 0x00, 0x00, 0x00, 0x00, 0x00, 0x50, 0x00, 0x00, 0x00, 0x07,
    0x00, 0x00, 0x00, 0x05, 0x00, 0x00, 0x00, 0x05, 0x00, 0x00, 0x00, 0x07, 0x00, 0x00, 0x00, 0x00,
    0x00, 0x00, 0x00, 0x00, 0x00, 0x00, 0x00, 0x51, 0x00, 0x00, 0x00, 0x09, 0x00, 0x00, 0x00, 0x05,
    0x00, 0x00, 0x00, 0x05, 0x00, 0x00, 0x00, 0x07, 0x00, 0x00, 0x00, 0x00, 0x00, 0x00, 0x00, 0x00,
    0x00, 0x00, 0x00, 0x52, 0x00, 0x00, 0x00, 0x07, 0x00, 0x00, 0x00, 0x05, 0x00, 0x00, 0x00, 0x05,
    0x00, 0x00, 0x00, 0x07, 0x00, 0x00, 0x00, 0x00, 0x00, 0x00, 0x00, 0x00, 0x00, 0x00, 0x00, 0x53,
    0x00, 0x00, 0x00, 0x07, 0x00, 0x00, 0x00, 0x05, 0x00, 0x00, 0x00, 0x05, 0x00, 0x00, 0x00, 0x07,
    0x00, 0x00, 0x00, 0x00, 0x00, 0x00, 0x00, 0x00, 0x00, 0x00, 0x00, 0x54, 0x00, 0x00, 0x00, 0x07,
    0x00, 0x00, 0x00, 0x05, 0x00, 0x00, 0x00, 0x05, 0x00, 0x00, 0x00, 0x07, 0x00, 0x00, 0x00, 0x00,
    0x00, 0x00, 0x00, 0x00, 0x00, 0x00, 0x00, 0x55, 0x00, 0x00, 0x00, 0x07, 0x00, 0x00, 0x00, 0x05,
    0x00, 0x00, 0x00, 0x05, 0x00, 0x00, 0x00, 0x07, 0x00, 0x00, 0x00, 0x00, 0x00, 0x00, 0x00, 0x00,
    0x00, 0x00, 0x00, 0x56, 0x00, 0x00, 0x00, 0x07, 0x00, 0x00, 0x00, 0x05, 0x00, 0x00, 0x00, 0x05,
    0x00, 0x00, 0x00, 0x07, 0x00, 0x00, 0x00, 0x00, 0x00, 0x00, 0x00, 0x00, 0x00, 0x00, 0x00, 0x57,
    0x00, 0x00, 0x00, 0x07, 0x00, 0x00, 0x00, 0x05, 0x00, 0x00, 0x00, 0x05, 0x00, 0x00, 0x00, 0x07,
    0x00, 0x00, 0x00, 0x00, 0x00, 0x00, 0x00, 0x00, 0x00, 0x00, 0x00, 0x58, 0x00, 0x00, 0x00, 0x07,
    0x00, 0x00, 0x00, 0x05, 0x00, 0x00, 0x00, 0x05, 0x00, 0x00, 0x00, 0x07, 0x00, 0x00, 0x00, 0x00,
    0x00, 0x00, 0x00, 0x00, 0x00, 0x00, 0x00, 0x59, 0x00, 0x00, 0x00, 0x07, 0x00, 0x00, 0x00, 0x05,
    0x00, 0x00, 0x00, 0x05, 0x00, 0x00, 0x00, 0x07, 0x00, 0x00, 0x00, 0x00, 0x00, 0x00, 0x00, 0x00,
    0x00, 0x00, 0x00, 0x5A, 0x00, 0x00, 0x00, 0x07, 0x00, 0x00, 0x00, 0x05, 0x00, 0x00, 0x00, 0x05,
    0x00, 0x00, 0x00, 0x07, 0x00, 0x00, 0x00, 0x00, 0x00, 0x00, 0x00, 0x00, 0x00, 0x00, 0x00, 0x5B,
    0x00, 0x00, 0x00, 0x09, 0x00, 0x00, 0x00, 0x04, 0x00, 0x00, 0x00, 0x05, 0x00, 0x00, 0x00, 0x07,
    0x00, 0x00, 0x00, 0x01, 0x00, 0x00, 0x00, 0x00, 0x00, 0x00, 0x00, 0x5C, 0x00, 0x00, 0x00, 0x09,
    0x00, 0x00, 0x00, 0x03, 0x00, 0x00, 0x00, 0x05, 0x00, 0x00, 0x00, 0x07, 0x00, 0x00, 0x00, 0x01,
    0x00, 0x00, 0x00, 0x00, 0x00, 0x00, 0x00, 0x5D, 0x00, 0x00, 0x00, 0x09, 0x00, 0x00, 0x00, 0x04,
    0x00, 0x00, 0x00, 0x05, 0x00, 0x00, 0x00, 0x07, 0x00, 0x00, 0x00, 0x00, 0x00, 0x00, 0x00, 0x00,
    0x00, 0x00, 0x00, 0x5E, 0x00, 0x00, 0x00, 0x04, 0x00, 0x00, 0x00, 0x05, 0x00, 0x00, 0x00, 0x05,
    0x00, 0x00, 0x00, 0x07, 0x00, 0x00, 0x00, 0x00, 0x00, 0x00, 0x00, 0x00, 0x00, 0x00, 0x00, 0x5F,
    0x00, 0x00, 0x00, 0x01, 0x00, 0x00, 0x00, 0x05, 0x00, 0x00, 0x00, 0x05, 0xFF, 0xFF, 0xFF, 0xFF,
    0x00, 0x00, 0x00, 0x00, 0x00, 0x00, 0x00, 0x00, 0x00, 0x00, 0x00, 0x60, 0x00, 0x00, 0x00, 0x03,
    0x00, 0x00, 0x00, 0x02, 0x00, 0x00, 0x00, 0x05, 0x00, 0x00, 0x00, 0x08, 0x00, 0x00, 0x00, 0x02,
    0x00, 0x00, 0x00, 0x00, 0x00, 0x00, 0x00, 0x61, 0x00, 0x00, 0x00, 0x05, 0x00, 0x00, 0x00, 0x05,
    0x00, 0x00, 0x00, 0x05, 0x00, 0x00, 0x00, 0x05, 0x00, 0x00, 0x00, 0x00, 0x00, 0x00, 0x00, 0x00,
    0x00, 0x00, 0x00, 0x62, 0x00, 0x00, 0x00, 0x07, 0x00, 0x00, 0x00, 0x05, 0x00, 0x00, 0x00, 0x05,
    0x00, 0x00, 0x00, 0x07, 0x00, 0x00, 0x00, 0x00, 0x00, 0x00, 0x00, 0x00, 0x00, 0x00, 0x00, 0x63,
    0x00, 0x00, 0x00, 0x05, 0x00, 0x00, 0x00, 0x05, 0x00, 0x00, 0x00, 0x05, 0x00, 0x00, 0x00, 0x05,
    0x00, 0x00, 0x00, 0x00, 0x00, 0x00, 0x00, 0x00, 0x00, 0x00, 0x00, 0x64, 0x00, 0x00, 0x00, 0x07,
    0x00, 0x00, 0x00, 0x05, 0x00, 0x00, 0x00, 0x05, 0x00, 0x00, 0x00, 0x07, 0x00, 0x00, 0x00, 0x00,
    0x00, 0x00, 0x00, 0x00, 0x00, 0x00, 0x00, 0x65, 0x00, 0x00, 0x00, 0x05, 0x00, 0x00, 0x00, 0x05,
    0x00, 0x00, 0x00, 0x05, 0x00, 0x00, 0x00, 0x05, 0x00, 0x00, 0x00, 0x00, 0x00, 0x00, 0x00, 0x00,
    0x00, 0x00, 0x00, 0x66, 0x00, 0x00, 0x00, 0x09, 0x00, 0x00, 0x00, 0x05, 0x00, 0x00, 0x00, 0x05,
    0x00, 0x00, 0x00, 0x07, 0x00, 0x00, 0x00, 0x00, 0x00, 0x00, 0x00, 0x00, 0x00, 0x00, 0x00, 0x67,
    0x00, 0x00, 0x00, 0x07, 0x00, 0x00, 0x00, 0x05, 0x00, 0x00, 0x00, 0x05, 0x00, 0x00, 0x00, 0x05,
    0x00, 0x00, 0x00, 0x00, 0x00, 0x00, 0x00, 0x00, 0x00, 0x00, 0x00, 0x68, 0x00, 0x00, 0x00, 0x07,
    0x00, 0x00, 0x00, 0x05, 0x00, 0x00, 0x00, 0x05, 0x00, 0x00, 0x00, 0x07, 0x00, 0x00, 0x00, 0x00,
    0x00, 0x00, 0x00, 0x00, 0x00, 0x00, 0x00, 0x69, 0x00, 0x00, 0x00, 0x08, 0x00, 0x00, 0x00, 0x05,
    0x00, 0x00, 0x00, 0x05, 0x00, 0x00, 0x00, 0x08, 0x00, 0x00, 0x00, 0x00, 0x00, 0x00, 0x00, 0x00,
    0x00, 0x00, 0x00, 0x6A, 0x00, 0x00, 0x00, 0x0A, 0x00, 0x00, 0x00, 0x05, 0x00, 0x00, 0x00, 0x05,
    0x00, 0x00, 0x00, 0x08, 0x00, 0x00, 0x00, 0x00, 0x00, 0x00, 0x00, 0x00, 0x00, 0x00, 0x00, 0x6B,
    0x00, 0x00, 0x00, 0x07, 0x00, 0x00, 0x00, 0x05, 0x00, 0x00, 0x00, 0x05, 0x00, 0x00, 0x00, 0x07,
    0x00, 0x00, 0x00, 0x00, 0x00, 0x00, 0x00, 0x00, 0x00, 0x00, 0x00, 0x6C, 0x00, 0x00, 0x00, 0x07,
    0x00, 0x00, 0x00, 0x05, 0x00, 0x00, 0x00, 0x05, 0x00, 0x00, 0x00, 0x07, 0x00, 0x00, 0x00, 0x00,
    0x00, 0x00, 0x00, 0x00, 0x00, 0x00, 0x00, 0x6D, 0x00, 0x00, 0x00, 0x05, 0x00, 0x00, 0x00, 0x05,
    0x00, 0x00, 0x00, 0x05, 0x00, 0x00, 0x00, 0x05, 0x00, 0x00, 0x00, 0x00, 0x00, 0x00, 0x00, 0x00,
    0x00, 0x00, 0x00, 0x6E, 0x00, 0x00, 0x00, 0x05, 0x00, 0x00, 0x00, 0x05, 0x00, 0x00, 0x00, 0x05,
    0x00, 0x00, 0x00, 0x05, 0x00, 0x00, 0x00, 0x00, 0x00, 0x00, 0x00, 0x00, 0x00, 0x00, 0x00, 0x6F,
    0x00, 0x00, 0x00, 0x05, 0x00, 0x00, 0x00, 0x05, 0x00, 0x00, 0x00, 0x05, 0x00, 0x00, 0x00, 0x05,
    0x00, 0x00, 0x00, 0x00, 0x00, 0x00, 0x00, 0x00, 0x00, 0x00, 0x00, 0x70, 0x00, 0x00, 0x00, 0x07,
    0x00, 0x00, 0x00, 0x05, 0x00, 0x00, 0x00, 0x05, 0x00, 0x00, 0x00, 0x05, 0x00, 0x00, 0x00, 0x00,
    0x00, 0x00, 0x00, 0x00, 0x00, 0x00, 0x00, 0x71, 0x00, 0x00, 0x00, 0x07, 0x00, 0x00, 0x00, 0x05,
    0x00, 0x00, 0x00, 0x05, 0x00, 0x00, 0x00, 0x05, 0x00, 0x00, 0x00, 0x00, 0x00, 0x00, 0x00, 0x00,
    0x00, 0x00, 0x00, 0x72, 0x00, 0x00, 0x00, 0x05, 0x00, 0x00, 0x00, 0x05, 0x00, 0x00, 0x00, 0x05,
    0x00, 0x00, 0x00, 0x05, 0x00, 0x00, 0x00, 0x00, 0x00, 0x00, 0x00, 0x00, 0x00, 0x00, 0x00, 0x73,
    0x00, 0x00, 0x00, 0x05, 0x00, 0x00, 0x00, 0x05, 0x00, 0x00, 0x00, 0x05, 0x00, 0x00, 0x00, 0x05,
    0x00, 0x00, 0x00, 0x00, 0x00, 0x00, 0x00, 0x00, 0x00, 0x00, 0x00, 0x74, 0x00, 0x00, 0x00, 0x07,
    0x00, 0x00, 0x00, 0x05, 0x00, 0x00, 0x00, 0x05, 0x00, 0x00, 0x00, 0x07, 0x00, 0x00, 0x00, 0x00,
    0x00, 0x00, 0x00, 0x00, 0x00, 0x00, 0x00, 0x75, 0x00, 0x00, 0x00, 0x05, 0x00, 0x00, 0x00, 0x05,
    0x00, 0x00, 0x00, 0x05, 0x00, 0x00, 0x00, 0x05, 0x00, 0x00, 0x00, 0x00, 0x00, 0x00, 0x00, 0x00,
    0x00, 0x00, 0x00, 0x76, 0x00, 0x00, 0x00, 0x06, 0x00, 0x00, 0x00, 0x05, 0x00, 0x00, 0x00, 0x05,
    0x00, 0x00, 0x00, 0x06, 0x00, 0x00, 0x00, 0x00, 0x00, 0x00, 0x00, 0x00, 0x00, 0x00, 0x00, 0x77,
    0x00, 0x00, 0x00, 0x06, 0x00, 0x00, 0x00, 0x05, 0x00, 0x00, 0x00, 0x05, 0x00, 0x00, 0x00, 0x06,
    0x00, 0x00, 0x00, 0x00, 0x00, 0x00, 0x00, 0x00, 0x00, 0x00, 0x00, 0x78, 0x00, 0x00, 0x00, 0x05,
    0x00, 0x00, 0x00, 0x05, 0x00, 0x00, 0x00, 0x05, 0x00, 0x00, 0x00, 0x05, 0x00, 0x00, 0x00, 0x00,
    0x00, 0x00, 0x00, 0x00, 0x00, 0x00, 0x00, 0x79, 0x00, 0x00, 0x00, 0x07, 0x00, 0x00, 0x00, 0x05,
    0x00, 0x00, 0x00, 0x05, 0x00, 0x00, 0x00, 0x05, 0x00, 0x00, 0x00, 0x00, 0x00, 0x00, 0x00, 0x00,
    0x00, 0x00, 0x00, 0x7A, 0x00, 0x00, 0x00, 0x05, 0x00, 0x00, 0x00, 0x05, 0x00, 0x00, 0x00, 0x05,
    0x00, 0x00, 0x00, 0x05, 0x00, 0x00, 0x00, 0x00, 0x00, 0x00, 0x00, 0x00, 0x00, 0x00, 0x00, 0x7B,
    0x00, 0x00, 0x00, 0x09, 0x00, 0x00, 0x00, 0x04, 0x00, 0x00, 0x00, 0x05, 0x00, 0x00, 0x00, 0x07,
    0x00, 0x00, 0x00, 0x01, 0x00, 0x00, 0x00, 0x00, 0x00, 0x00, 0x00, 0x7C, 0x00, 0x00, 0x00, 0x09,
    0x00, 0x00, 0x00, 0x03, 0x00, 0x00, 0x00, 0x05, 0x00, 0x00, 0x00, 0x07, 0x00, 0x00, 0x00, 0x01,
    0x00, 0x00, 0x00, 0x00, 0x00, 0x00, 0x00, 0x7D, 0x00, 0x00, 0x00, 0x09, 0x00, 0x00, 0x00, 0x05,
    0x00, 0x00, 0x00, 0x05, 0x00, 0x00, 0x00, 0x07, 0x00, 0x00, 0x00, 0x00, 0x00, 0x00, 0x00, 0x00,
    0x00, 0x00, 0x00, 0x7E, 0x00, 0x00, 0x00, 0x02, 0x00, 0x00, 0x00, 0x05, 0x00, 0x00, 0x00, 0x05,
    0x00, 0x00, 0x00, 0x04, 0x00, 0x00, 0x00, 0x00, 0x00, 0x00, 0x00, 0x00, 0x00, 0x00, 0x00, 0xA0,
    0x00, 0x00, 0x00, 0x00, 0x00, 0x00, 0x00, 0x00, 0x00, 0x00, 0x00, 0x05, 0x00, 0x00, 0x00, 0x00,
    0x00, 0x00, 0x00, 0x00, 0x00, 0x00, 0x00, 0x00, 0x00, 0x00, 0x00, 0xA1, 0x00, 0x00, 0x00, 0x07,
    0x00, 0x00, 0x00, 0x03, 0x00, 0x00, 0x00, 0x05, 0x00, 0x00, 0x00, 0x05, 0x00, 0x00, 0x00, 0x01,
    0x00, 0x00, 0x00, 0x00, 0x00, 0x00, 0x00, 0xA2, 0x00, 0x00, 0x00, 0x07, 0x00, 0x00, 0x00, 0x05,
    0x00, 0x00, 0x00, 0x05, 0x00, 0x00, 0x00, 0x06, 0x00, 0x00, 0x00, 0x00, 0x00, 0x00, 0x00, 0x00,
    0x00, 0x00, 0x00, 0xA3, 0x00, 0x00, 0x00, 0x07, 0x00, 0x00, 0x00, 0x05, 0x00, 0x00, 0x00, 0x05,
    0x00, 0x00, 0x00, 0x07, 0x00, 0x00, 0x00, 0x00, 0x00, 0x00, 0x00, 0x00, 0x00, 0x00, 0x00, 0xA4,
    0x00, 0x00, 0x00, 0x07, 0x00, 0x00, 0x00, 0x05, 0x00, 0x00, 0x00, 0x05, 0x00, 0x00, 0x00, 0x07,
    0x00, 0x00, 0x00, 0x00, 0x00, 0x00, 0x00, 0x00, 0x00, 0x00, 0x00, 0xA5, 0x00, 0x00, 0x00, 0x07,
    0x00, 0x00, 0x00, 0x05, 0x00, 0x00, 0x00, 0x05, 0x00, 0x00, 0x00, 0x07, 0x00, 0x00, 0x00, 0x00,
    0x00, 0x00, 0x00, 0x00, 0x00, 0x00, 0x00, 0xA6, 0x00, 0x00, 0x00, 0x09, 0x00, 0x00, 0x00, 0x03,
    0x00, 0x00, 0x00, 0x05, 0x00, 0x00, 0x00, 0x07, 0x00, 0x00, 0x00, 0x01, 0x00, 0x00, 0x00, 0x00,
    0x00, 0x00, 0x00, 0xA7, 0x00, 0x00, 0x00, 0x08, 0x00, 0x00, 0x00, 0x05, 0x00, 0x00, 0x00, 0x05,
    0x00, 0x00, 0x00, 0x07, 0x00, 0x00, 0x00, 0x00, 0x00, 0x00, 0x00, 0x00, 0x00, 0x00, 0x00, 0xA8,
    0x00, 0x00, 0x00, 0x01, 0x00, 0x00, 0x00, 0x04, 0x00, 0x00, 0x00, 0x05, 0x00, 0x00, 0x00, 0x07,
    0x00, 0x00, 0x00, 0x01, 0x00, 0x00, 0x00, 0x00, 0x00, 0x00, 0x00, 0xA9, 0x00, 0x00, 0x00, 0x07,
    0x00, 0x00, 0x00, 0x05, 0x00, 0x00, 0x00, 0x05, 0x00, 0x00, 0x00, 0x07, 0x00, 0x00, 0x00, 0x00,
    0x00, 0x00, 0x00, 0x00, 0x00, 0x00, 0x00, 0xAA, 0x00, 0x00, 0x00, 0x04, 0x00, 0x00, 0x00, 0x04,
    0x00, 0x00, 0x00, 0x05, 0x00, 0x00, 0x00, 0x07, 0x00, 0x00, 0x00, 0x01, 0x00, 0x00, 0x00, 0x00,
    0x00, 0x00, 0x00, 0xAB, 0x00, 0x00, 0x00, 0x05, 0x00, 0x00, 0x00, 0x05, 0x00, 0x00, 0x00, 0x05,
    0x00, 0x00, 0x00, 0x05, 0x00, 0x00, 0x00, 0x00, 0x00, 0x00, 0x00, 0x00, 0x00, 0x00, 0x00, 0xAC,
    0x00, 0x00, 0x00, 0x03, 0x00, 0x00, 0x00, 0x05, 0x00, 0x00, 0x00, 0x05, 0x00, 0x00, 0x00, 0x03,
    0x00, 0x00, 0x00, 0x00, 0x00, 0x00, 0x00, 0x00, 0x00, 0x00, 0x00, 0xAD, 0x00, 0x00, 0x00, 0x01,
    0x00, 0x00, 0x00, 0x04, 0x00, 0x00, 0x00, 0x05, 0x00, 0x00, 0x00, 0x03, 0x00, 0x00, 0x00, 0x01,
    0x00, 0x00, 0x00, 0x00, 0x00, 0x00, 0x00, 0xAE, 0x00, 0x00, 0x00, 0x04, 0x00, 0x00, 0x00, 0x04,
    0x00, 0x00, 0x00, 0x05, 0x00, 0x00, 0x00, 0x07, 0x00, 0x00, 0x00, 0x01, 0x00, 0x00, 0x00, 0x00,
    0x00, 0x00, 0x00, 0xAF, 0x00, 0x00, 0x00, 0x01, 0x00, 0x00, 0x00, 0x04, 0x00, 0x00, 0x00, 0x05,
    0x00, 0x00, 0x00, 0x07, 0x00, 0x00, 0x00, 0x01, 0x00, 0x00, 0x00, 0x00, 0x00, 0x00, 0x00, 0xB0,
    0x00, 0x00, 0x00, 0x04, 0x00, 0x00, 0x00, 0x04, 0x00, 0x00, 0x00, 0x05, 0x00, 0x00, 0x00, 0x07,
    0x00, 0x00, 0x00, 0x01, 0x00, 0x00, 0x00, 0x00, 0x00, 0x00, 0x00, 0xB1, 0x00, 0x00, 0x00, 0x06,
    0x00, 0x00, 0x00, 0x05, 0x00, 0x00, 0x00, 0x05, 0x00, 0x00, 0x00, 0x06, 0x00, 0x00, 0x00, 0x00,
    0x00, 0x00, 0x00, 0x00, 0x00, 0x00, 0x00, 0xB2, 0x00, 0x00, 0x00, 0x03, 0x00, 0x00, 0x00, 0x04,
    0x00, 0x00, 0x00, 0x05, 0x00, 0x00, 0x00, 0x06, 0x00, 0x00, 0x00, 0x01, 0x00, 0x00, 0x00, 0x00,
    0x00, 0x00, 0x00, 0xB3, 0x00, 0x00, 0x00, 0x03, 0x00, 0x00, 0x00, 0x04, 0x00, 0x00, 0x00, 0x05,
    0x00, 0x00, 0x00, 0x06, 0x00, 0x00, 0x00, 0x01, 0x00, 0x00, 0x00, 0x00, 0x00, 0x00, 0x00, 0xB4,
    0x00, 0x00, 0x00, 0x03, 0x00, 0x00, 0x00, 0x03, 0x00, 0x00, 0x00, 0x05, 0x00, 0x00, 0x00, 0x08,
    0x00, 0x00, 0x00, 0x02, 0x00, 0x00, 0x00, 0x00, 0x00, 0x00, 0x00, 0xB5, 0x00, 0x00, 0x00, 0x07,
    0x00, 0x00, 0x00, 0x05, 0x00, 0x00, 0x00, 0x05, 0x00, 0x00, 0x00, 0x05, 0x00, 0x00, 0x00, 0x00,
    0x00, 0x00, 0x00, 0x00, 0x00, 0x00, 0x00, 0xB6, 0x00, 0x00, 0x00, 0x09, 0x00, 0x00, 0x00, 0x05,
    0x00, 0x00, 0x00, 0x05, 0x00, 0x00, 0x00, 0x07, 0x00, 0x00, 0x00, 0x00, 0x00, 0x00, 0x00, 0x00,
    0x00, 0x00, 0x00, 0xB7, 0x00, 0x00, 0x00, 0x03, 0x00, 0x00, 0x00, 0x02, 0x00, 0x00, 0x00, 0x05,
    0x00, 0x00, 0x00, 0x04, 0x00, 0x00, 0x00, 0x02, 0x00, 0x00, 0x00, 0x00, 0x00, 0x00, 0x00, 0xB8,
    0x00, 0x00, 0x00, 0x03, 0x00, 0x00, 0x00, 0x03, 0x00, 0x00, 0x00, 0x05, 0x00, 0x00, 0x00, 0x01,
    0x00, 0x00, 0x00, 0x01, 0x00, 0x00, 0x00, 0x00, 0x00, 0x00, 0x00, 0xB9, 0x00, 0x00, 0x00, 0x03,
    0x00, 0x00, 0x00, 0x04, 0x00, 0x00, 0x00, 0x05, 0x00, 0x00, 0x00, 0x06, 0x00, 0x00, 0x00, 0x01,
    0x00, 0x00, 0x00, 0x00, 0x00, 0x00, 0x00, 0xBA, 0x00, 0x00, 0x00, 0x04, 0x00, 0x00, 0x00, 0x04,
    0x00, 0x00, 0x00, 0x05, 0x00, 0x00, 0x00, 0x07, 0x00, 0x00, 0x00, 0x01, 0x00, 0x00, 0x00, 0x00,
    0x00, 0x00, 0x00, 0xBB, 0x00, 0x00, 0x00, 0x05, 0x00, 0x00, 0x00, 0x05, 0x00, 0x00, 0x00, 0x05,
    0x00, 0x00, 0x00, 0x05, 0x00, 0x00, 0x00, 0x00, 0x00, 0x00, 0x00, 0x00, 0x00, 0x00, 0x00, 0xBC,
    0x00, 0x00, 0x00, 0x08, 0x00, 0x00, 0x00, 0x05, 0x00, 0x00, 0x00, 0x05, 0x00, 0x00, 0x00, 0x07,
    0x00, 0x00, 0x00, 0x00, 0x00, 0x00, 0x00, 0x00, 0x00, 0x00, 0x00, 0xBD, 0x00, 0x00, 0x00, 0x07,
    0x00, 0x00, 0x00, 0x05, 0x00, 0x00, 0x00, 0x05, 0x00, 0x00, 0x00, 0x07, 0x00, 0x00, 0x00, 0x00,
    0x00, 0x00, 0x00, 0x00, 0x00, 0x00, 0x00, 0xBE, 0x00, 0x00, 0x00, 0x08, 0x00, 0x00, 0x00, 0x05,
    0x00, 0x00, 0x00, 0x05, 0x00, 0x00, 0x00, 0x07, 0x00, 0x00, 0x00, 0x00, 0x00, 0x00, 0x00, 0x00,
    0x00, 0x00, 0x00, 0xBF, 0x00, 0x00, 0x00, 0x08, 0x00, 0x00, 0x00, 0x05, 0x00, 0x00, 0x00, 0x05,
    0x00, 0x00, 0x00, 0x06, 0x00, 0x00, 0x00, 0x00, 0x00, 0x00, 0x00, 0x00, 0x00, 0x00, 0x00, 0xC0,
    0x00, 0x00, 0x00, 0x0A, 0x00, 0x00, 0x00, 0x05, 0x00, 0x00, 0x00, 0x05, 0x00, 0x00, 0x00, 0x0A,
    0x00, 0x00, 0x00, 0x00, 0x00, 0x00, 0x00, 0x00, 0x00, 0x00, 0x00, 0xC1, 0x00, 0x00, 0x00, 0x0A,
    0x00, 0x00, 0x00, 0x05, 0x00, 0x00, 0x00, 0x05, 0x00, 0x00, 0x00, 0x0A, 0x00, 0x00, 0x00, 0x00,
    0x00, 0x00, 0x00, 0x00, 0x00, 0x00, 0x00, 0xC2, 0x00, 0x00, 0x00, 0x0A, 0x00, 0x00, 0x00, 0x05,
    0x00, 0x00, 0x00, 0x05, 0x00, 0x00, 0x00, 0x0A, 0x00, 0x00, 0x00, 0x00, 0x00, 0x00, 0x00, 0x00,
    0x00, 0x00, 0x00, 0xC3, 0x00, 0x00, 0x00, 0x0A, 0x00, 0x00, 0x00, 0x05, 0x00, 0x00, 0x00, 0x05,
    0x00, 0x00, 0x00, 0x0A, 0x00, 0x00, 0x00, 0x00, 0x00, 0x00, 0x00, 0x00, 0x00, 0x00, 0x00, 0xC4,
    0x00, 0x00, 0x00, 0x09, 0x00, 0x00, 0x00, 0x05, 0x00, 0x00, 0x00, 0x05, 0x00, 0x00, 0x00, 0x09,
    0x00, 0x00, 0x00, 0x00, 0x00, 0x00, 0x00, 0x00, 0x00, 0x00, 0x00, 0xC5, 0x00, 0x00, 0x00, 0x0B,
    0x00, 0x00, 0x00, 0x05, 0x00, 0x00, 0x00, 0x05, 0x00, 0x00, 0x00, 0x0B, 0x00, 0x00, 0x00, 0x00,
    0x00, 0x00, 0x00, 0x00, 0x00, 0x00, 0x00, 0xC6, 0x00, 0x00, 0x00, 0x07, 0x00, 0x00, 0x00, 0x05,
    0x00, 0x00, 0x00, 0x05, 0x00, 0x00, 0x00, 0x07, 0x00, 0x00, 0x00, 0x00, 0x00, 0x00, 0x00, 0x00,
    0x00, 0x00, 0x00, 0xC7, 0x00, 0x00, 0x00, 0x09, 0x00, 0x00, 0x00, 0x05, 0x00, 0x00, 0x00, 0x05,
    0x00, 0x00, 0x00, 0x07, 0x00, 0x00, 0x00, 0x00, 0x00, 0x00, 0x00, 0x00, 0x00, 0x00, 0x00, 0xC8,
    0x00, 0x00, 0x00, 0x0A, 0x00, 0x00, 0x00, 0x05, 0x00, 0x00, 0x00, 0x05, 0x00, 0x00, 0x00, 0x0A,
    0x00, 0x00, 0x00, 0x00, 0x00, 0x00, 0x00, 0x00, 0x00, 0x00, 0x00, 0xC9, 0x00, 0x00, 0x00, 0x0A,
    0x00, 0x00, 0x00, 0x05, 0x00, 0x00, 0x00, 0x05, 0x00, 0x00, 0x00, 0x0A, 0x00, 0x00, 0x00, 0x00,
    0x00, 0x00, 0x00, 0x00, 0x00, 0x00, 0x00, 0xCA, 0x00, 0x00, 0x00, 0x0A, 0x00, 0x00, 0x00, 0x05,
    0x00, 0x00, 0x00, 0x05, 0x00, 0x00, 0x00, 0x0A, 0x00, 0x00, 0x00, 0x00, 0x00, 0x00, 0x00, 0x00,
    0x00, 0x00, 0x00, 0xCB, 0x00, 0x00, 0x00, 0x09, 0x00, 0x00, 0x00, 0x05, 0x00, 0x00, 0x00, 0x05,
    0x00, 0x00, 0x00, 0x09, 0x00, 0x00, 0x00, 0x00, 0x00, 0x00, 0x00, 0x00, 0x00, 0x00, 0x00, 0xCC,
    0x00, 0x00, 0x00, 0x0A, 0x00, 0x00, 0x00, 0x05, 0x00, 0x00, 0x00, 0x05, 0x00, 0x00, 0x00, 0x0A,
    0x00, 0x00, 0x00, 0x00, 0x00, 0x00, 0x00, 0x00, 0x00, 0x00, 0x00, 0xCD, 0x00, 0x00, 0x00, 0x0A,
    0x00, 0x00, 0x00, 0x05, 0x00, 0x00, 0x00, 0x05, 0x00, 0x00, 0x00, 0x0A, 0x00, 0x00, 0x00, 0x00,
    0x00, 0x00, 0x00, 0x00, 0x00, 0x00, 0x00, 0xCE, 0x00, 0x00, 0x00, 0x0A, 0x00, 0x00, 0x00, 0x05,
    0x00, 0x00, 0x00, 0x05, 0x00, 0x00, 0x00, 0x0A, 0x00, 0x00, 0x00, 0x00, 0x00, 0x00, 0x00, 0x00,
    0x00, 0x00, 0x00, 0xCF, 0x00, 0x00, 0x00, 0x09, 0x00, 0x00, 0x00, 0x05, 0x00, 0x00, 0x00, 0x05,
    0x00, 0x00, 0x00, 0x09, 0x00, 0x00, 0x00, 0x00, 0x00, 0x00, 0x00, 0x00, 0x00, 0x00, 0x00, 0xD0,
    0x00, 0x00, 0x00, 0x07, 0x00, 0x00, 0x00, 0x05, 0x00, 0x00, 0x00, 0x05, 0x00, 0x00, 0x00, 0x07,
    0x00, 0x00, 0x00, 0x00, 0x00, 0x00, 0x00, 0x00, 0x00, 0x00, 0x00, 0xD1, 0x00, 0x00, 0x00, 0x0A,
    0x00, 0x00, 0x00, 0x05, 0x00, 0x00, 0x00, 0x05, 0x00, 0x00, 0x00, 0x0A, 0x00, 0x00, 0x00, 0x00,
    0x00, 0x00, 0x00, 0x00, 0x00, 0x00, 0x00, 0xD2, 0x00, 0x00, 0x00, 0x0A, 0x00, 0x00, 0x00, 0x05,
    0x00, 0x00, 0x00, 0x05, 0x00, 0x00, 0x00, 0x0A, 0x00, 0x00, 0x00, 0x00, 0x00, 0x00, 0x00, 0x00,
    0x00, 0x00, 0x00, 0xD3, 0x00, 0x00, 0x00, 0x0A, 0x00, 0x00, 0x00, 0x05, 0x00, 0x00, 0x00, 0x05,
    0x00, 0x00, 0x00, 0x0A, 0x00, 0x00, 0x00, 0x00, 0x00, 0x00, 0x00, 0x00, 0x00, 0x00, 0x00, 0xD4,
    0x00, 0x00, 0x00, 0x0A, 0x00, 0x00, 0x00, 0x05, 0x00, 0x00, 0x00, 0x05, 0x00, 0x00, 0x00, 0x0A,
    0x00, 0x00, 0x00, 0x00, 0x00, 0x00, 0x00, 0x00, 0x00, 0x00, 0x00, 0xD5, 0x00, 0x00, 0x00, 0x0A,
    0x00, 0x00, 0x00, 0x05, 0x00, 0x00, 0x00, 0x05, 0x00, 0x00, 0x00, 0x0A, 0x00, 0x00, 0x00, 0x00,
    0x00, 0x00, 0x00, 0x00, 0x00, 0x00, 0x00, 0xD6, 0x00, 0x00, 0x00, 0x09, 0x00, 0x00, 0x00, 0x05,
    0x00, 0x00, 0x00, 0x05, 0x00, 0x00, 0x00, 0x09, 0x00, 0x00, 0x00, 0x00, 0x00, 0x00, 0x00, 0x00,
    0x00, 0x00, 0x00, 0xD7, 0x00, 0x00, 0x00, 0x05, 0x00, 0x00, 0x00, 0x05, 0x00, 0x00, 0x00, 0x05,
    0x00, 0x00, 0x00, 0x05, 0x00, 0x00, 0x00, 0x00, 0x00, 0x00, 0x00, 0x00, 0x00, 0x00, 0x00, 0xD8,
    0x00, 0x00, 0x00, 0x09, 0x00, 0x00, 0x00, 0x05, 0x00, 0x00, 0x00, 0x05, 0x00, 0x00, 0x00, 0x08,
    0x00, 0x00, 0x00, 0x00, 0x00, 0x00, 0x00, 0x00, 0x00, 0x00, 0x00, 0xD9, 0x00, 0x00, 0x00, 0x0A,
    0x00, 0x00, 0x00, 0x05, 0x00, 0x00, 0x00, 0x05, 0x00, 0x00, 0x00, 0x0A, 0x00, 0x00, 0x00, 0x00,
    0x00, 0x00, 0x00, 0x00, 0x00, 0x00, 0x00, 0xDA, 0x00, 0x00, 0x00, 0x0A, 0x00, 0x00, 0x00, 0x05,
    0x00, 0x00, 0x00, 0x05, 0x00, 0x00, 0x00, 0x0A, 0x00, 0x00, 0x00, 0x00, 0x00, 0x00, 0x00, 0x00,
    0x00, 0x00, 0x00, 0xDB, 0x00, 0x00, 0x00, 0x0A, 0x00, 0x00, 0x00, 0x05, 0x00, 0x00, 0x00, 0x05,
    0x00, 0x00, 0x00, 0x0A, 0x00, 0x00, 0x00, 0x00, 0x00, 0x00, 0x00, 0x00, 0x00, 0x00, 0x00, 0xDC,
    0x00, 0x00, 0x00, 0x09, 0x00, 0x00, 0x00, 0x05, 0x00, 0x00, 0x00, 0x05, 0x00, 0x00, 0x00, 0x09,
    0x00, 0x00, 0x00, 0x00, 0x00, 0x00, 0x00, 0x00, 0x00, 0x00, 0x00, 0xDD, 0x00, 0x00, 0x00, 0x0A,
    0x00, 0x00, 0x00, 0x05, 0x00, 0x00, 0x00, 0x05, 0x00, 0x00, 0x00, 0x0A, 0x00, 0x00, 0x00, 0x00,
    0x00, 0x00, 0x00, 0x00, 0x00, 0x00, 0x00, 0xDE, 0x00, 0x00, 0x00, 0x07, 0x00, 0x00, 0x00, 0x05,
    0x00, 0x00, 0x00, 0x05, 0x00, 0x00, 0x00, 0x07, 0x00, 0x00, 0x00, 0x00, 0x00, 0x00, 0x00, 0x00,
    0x00, 0x00, 0x00, 0xDF, 0x00, 0x00, 0x00, 0x09, 0x00, 0x00, 0x00, 0x05, 0x00, 0x00, 0x00, 0x05,
    0x00, 0x00, 0x00, 0x07, 0x00, 0x00, 0x00, 0x00, 0x00, 0x00, 0x00, 0x00, 0x00, 0x00, 0x00, 0xE0,
    0x00, 0x00, 0x00, 0x08, 0x00, 0x00, 0x00, 0x05, 0x00, 0x00, 0x00, 0x05, 0x00, 0x00, 0x00, 0x08,
    0x00, 0x00, 0x00, 0x00, 0x00, 0x00, 0x00, 0x00, 0x00, 0x00, 0x00, 0xE1, 0x00, 0x00, 0x00, 0x08,
    0x00, 0x00, 0x00, 0x05, 0x00, 0x00, 0x00, 0x05, 0x00, 0x00, 0x00, 0x08, 0x00, 0x00, 0x00, 0x00,
    0x00, 0x00, 0x00, 0x00, 0x00, 0x00, 0x00, 0xE2, 0x00, 0x00, 0x00, 0x08, 0x00, 0x00, 0x00, 0x05,
    0x00, 0x00, 0x00, 0x05, 0x00, 0x00, 0x00, 0x08, 0x00, 0x00, 0x00, 0x00, 0x00, 0x00, 0x00, 0x00,
    0x00, 0x00, 0x00, 0xE3, 0x00, 0x00, 0x00, 0x08, 0x00, 0x00, 0x00, 0x05, 0x00, 0x00, 0x00, 0x05,
    0x00, 0x00, 0x00, 0x08, 0x00, 0x00, 0x00, 0x00, 0x00, 0x00, 0x00, 0x00, 0x00, 0x00, 0x00, 0xE4,
    0x00, 0x00, 0x00, 0x07, 0x00, 0x00, 0x00, 0x05, 0x00, 0x00, 0x00, 0x05, 0x00, 0x00, 0x00, 0x07,
    0x00, 0x00, 0x00, 0x00, 0x00, 0x00, 0x00, 0x00, 0x00, 0x00, 0x00, 0xE5, 0x00, 0x00, 0x00, 0x09,
    0x00, 0x00, 0x00, 0x05, 0x00, 0x00, 0x00, 0x05, 0x00, 0x00, 0x00, 0x09, 0x00, 0x00, 0x00, 0x00,
    0x00, 0x00, 0x00, 0x00, 0x00, 0x00, 0x00, 0xE6, 0x00, 0x00, 0x00, 0x05, 0x00, 0x00, 0x00, 0x05,
    0x00, 0x00, 0x00, 0x05, 0x00, 0x00, 0x00, 0x05, 0x00, 0x00, 0x00, 0x00, 0x00, 0x00, 0x00, 0x00,
    0x00, 0x00, 0x00, 0xE7, 0x00, 0x00, 0x00, 0x07, 0x00, 0x00, 0x00, 0x05, 0x00, 0x00, 0x00, 0x05,
    0x00, 0x00, 0x00, 0x05, 0x00, 0x00, 0x00, 0x00, 0x00, 0x00, 0x00, 0x00, 0x00, 0x00, 0x00, 0xE8,
    0x00, 0x00, 0x00, 0x08, 0x00, 0x00, 0x00, 0x05, 0x00, 0x00, 0x00, 0x05, 0x00, 0x00, 0x00, 0x08,
    0x00, 0x00, 0x00, 0x00, 0x00, 0x00, 0x00, 0x00, 0x00, 0x00, 0x00, 0xE9, 0x00, 0x00, 0x00, 0x08,
    0x00, 0x00, 0x00, 0x05, 0x00, 0x00, 0x00, 0x05, 0x00, 0x00, 0x00, 0x08, 0x00, 0x00, 0x00, 0x00,
    0x00, 0x00, 0x00, 0x00, 0x00, 0x00, 0x00, 0xEA, 0x00, 0x00, 0x00, 0x08, 0x00, 0x00, 0x00, 0x05,
    0x00, 0x00, 0x00, 0x05, 0x00, 0x00, 0x00, 0x08, 0x00, 0x00, 0x00, 0x00, 0x00, 0x00, 0x00, 0x00,
    0x00, 0x00, 0x00, 0xEB, 0x00, 0x00, 0x00, 0x07, 0x00, 0x00, 0x00, 0x05, 0x00, 0x00, 0x00, 0x05,
    0x00, 0x00, 0x00, 0x07, 0x00, 0x00, 0x00, 0x00, 0x00, 0x00, 0x00, 0x00, 0x00, 0x00, 0x00, 0xEC,
    0x00, 0x00, 0x00, 0x08, 0x00, 0x00, 0x00, 0x05, 0x00, 0x00, 0x00, 0x05, 0x00, 0x00, 0x00, 0x08,
    0x00, 0x00, 0x00, 0x00, 0x00, 0x00, 0x00, 0x00, 0x00, 0x00, 0x00, 0xED, 0x00, 0x00, 0x00, 0x08,
    0x00, 0x00, 0x00, 0x05, 0x00, 0x00, 0x00, 0x05, 0x00, 0x00, 0x00, 0x08, 0x00, 0x00, 0x00, 0x00,
    0x00, 0x00, 0x00, 0x00, 0x00, 0x00, 0x00, 0xEE, 0x00, 0x00, 0x00, 0x08, 0x00, 0x00, 0x00, 0x05,
    0x00, 0x00, 0x00, 0x05, 0x00, 0x00, 0x00, 0x08, 0x00, 0x00, 0x00, 0x00, 0x00, 0x00, 0x00, 0x00,
    0x00, 0x00, 0x00, 0xEF, 0x00, 0x00, 0x00, 0x07, 0x00, 0x00, 0x00, 0x05, 0x00, 0x00, 0x00, 0x05,
    0x00, 0x00, 0x00, 0x07, 0x00, 0x00, 0x00, 0x00, 0x00, 0x00, 0x00, 0x00, 0x00, 0x00, 0x00, 0xF0,
    0x00, 0x00, 0x00, 0x08, 0x00, 0x00, 0x00, 0x05, 0x00, 0x00, 0x00, 0x05, 0x00, 0x00, 0x00, 0x08,
    0x00, 0x00, 0x00, 0x00, 0x00, 0x00, 0x00, 0x00, 0x00, 0x00, 0x00, 0xF1, 0x00, 0x00, 0x00, 0x08,
    0x00, 0x00, 0x00, 0x05, 0x00, 0x00, 0x00, 0x05, 0x00, 0x00, 0x00, 0x08, 0x00, 0x00, 0x00, 0x00,
    0x00, 0x00, 0x00, 0x00, 0x00, 0x00, 0x00, 0xF2, 0x00, 0x00, 0x00, 0x08, 0x00, 0x00, 0x00, 0x05,
    0x00, 0x00, 0x00, 0x05, 0x00, 0x00, 0x00, 0x08, 0x00, 0x00, 0x00, 0x00, 0x00, 0x00, 0x00, 0x00,
    0x00, 0x00, 0x00, 0xF3, 0x00, 0x00, 0x00, 0x08, 0x00, 0x00, 0x00, 0x05, 0x00, 0x00, 0x00, 0x05,
    0x00, 0x00, 0x00, 0x08, 0x00, 0x00, 0x00, 0x00, 0x00, 0x00, 0x00, 0x00, 0x00, 0x00, 0x00, 0xF4,
    0x00, 0x00, 0x00, 0x08, 0x00, 0x00, 0x00, 0x05, 0x00, 0x00, 0x00, 0x05, 0x00, 0x00, 0x00, 0x08,
    0x00, 0x00, 0x00, 0x00, 0x00, 0x00, 0x00, 0x00, 0x00, 0x00, 0x00, 0xF5, 0x00, 0x00, 0x00, 0x08,
    0x00, 0x00, 0x00, 0x05, 0x00, 0x00, 0x00, 0x05, 0x00, 0x00, 0x00, 0x08, 0x00, 0x00, 0x00, 0x00,
    0x00, 0x00, 0x00, 0x00, 0x00, 0x00, 0x00, 0xF6, 0x00, 0x00, 0x00, 0x07, 0x00, 0x00, 0x00, 0x05,
    0x00, 0x00, 0x00, 0x05, 0x00, 0x00, 0x00, 0x07, 0x00, 0x00, 0x00, 0x00, 0x00, 0x00, 0x00, 0x00,
    0x00, 0x00, 0x00, 0xF7, 0x00, 0x00, 0x00, 0x06, 0x00, 0x00, 0x00, 0x05, 0x00, 0x00, 0x00, 0x05,
    0x00, 0x00, 0x00, 0x06, 0x00, 0x00, 0x00, 0x00, 0x00, 0x00, 0x00, 0x00, 0x00, 0x00, 0x00, 0xF8,
    0x00, 0x00, 0x00, 0x07, 0x00, 0x00, 0x00, 0x05, 0x00, 0x00, 0x00, 0x05, 0x00, 0x00, 0x00, 0x06,
    0x00, 0x00, 0x00, 0x00, 0x00, 0x00, 0x00, 0x00, 0x00, 0x00, 0x00, 0xF9, 0x00, 0x00, 0x00, 0x08,
    0x00, 0x00, 0x00, 0x05, 0x00, 0x00, 0x00, 0x05, 0x00, 0x00, 0x00, 0x08, 0x00, 0x00, 0x00, 0x00,
    0x00, 0x00, 0x00, 0x00, 0x00, 0x00, 0x00, 0xFA, 0x00, 0x00, 0x00, 0x08, 0x00, 0x00, 0x00, 0x05,
    0x00, 0x00, 0x00, 0x05, 0x00, 0x00, 0x00, 0x08, 0x00, 0x00, 0x00, 0x00, 0x00, 0x00, 0x00, 0x00,
    0x00, 0x00, 0x00, 0xFB, 0x00, 0x00, 0x00, 0x08, 0x00, 0x00, 0x00, 0x05, 0x00, 0x00, 0x00, 0x05,
    0x00, 0x00, 0x00, 0x08, 0x00, 0x00, 0x00, 0x00, 0x00, 0x00, 0x00, 0x00, 0x00, 0x00, 0x00, 0xFC,
    0x00, 0x00, 0x00, 0x07, 0x00, 0x00, 0x00, 0x05, 0x00, 0x00, 0x00, 0x05, 0x00, 0x00, 0x00, 0x07,
    0x00, 0x00, 0x00, 0x00, 0x00, 0x00, 0x00, 0x00, 0x00, 0x00, 0x00, 0xFD, 0x00, 0x00, 0x00, 0x0A,
    0x00, 0x00, 0x00, 0x05, 0x00, 0x00, 0x00, 0x05, 0x00, 0x00, 0x00, 0x08, 0x00, 0x00, 0x00, 0x00,
    0x00, 0x00, 0x00, 0x00, 0x00, 0x00, 0x00, 0xFE, 0x00, 0x00, 0x00, 0x09, 0x00, 0x00, 0x00, 0x05,
    0x00, 0x00, 0x00, 0x05, 0x00, 0x00, 0x00, 0x07, 0x00, 0x00, 0x00, 0x00, 0x00, 0x00, 0x00, 0x00,
    0x00, 0x00, 0x00, 0xFF, 0x00, 0x00, 0x00, 0x09, 0x00, 0x00, 0x00, 0x05, 0x00, 0x00, 0x00, 0x05,
    0x00, 0x00, 0x00, 0x07, 0x00, 0x00, 0x00, 0x00, 0x00, 0x00, 0x00, 0x00, 0x00, 0x00, 0x20, 0x13,
    0x00, 0x00, 0x00, 0x01, 0x00, 0x00, 0x00, 0x05, 0x00, 0x00, 0x00, 0x05, 0x00, 0x00, 0x00, 0x03,
    0x00, 0x00, 0x00, 0x00, 0x00, 0x00, 0x00, 0x00, 0x00, 0x00, 0x20, 0x14, 0x00, 0x00, 0x00, 0x01,
    0x00, 0x00, 0x00, 0x05, 0x00, 0x00, 0x00, 0x05, 0x00, 0x00, 0x00, 0x03, 0x00, 0x00, 0x00, 0x00,
    0x00, 0x00, 0x00, 0x00, 0x00, 0x00, 0x20, 0x18, 0x00, 0x00, 0x00, 0x03, 0x00, 0x00, 0x00, 0x03,
    0x00, 0x00, 0x00, 0x05, 0x00, 0x00, 0x00, 0x07, 0x00, 0x00, 0x00, 0x02, 0x00, 0x00, 0x00, 0x00,
    0x00, 0x00, 0x20, 0x19, 0x00, 0x00, 0x00, 0x03, 0x00, 0x00, 0x00, 0x03, 0x00, 0x00, 0x00, 0x05,
    0x00, 0x00, 0x00, 0x07, 0x00, 0x00, 0x00, 0x02, 0x00, 0x00, 0x00, 0x00, 0x00, 0x00, 0x20, 0x1C,
    0x00, 0x00, 0x00, 0x03, 0x00, 0x00, 0x00, 0x04, 0x00, 0x00, 0x00, 0x05, 0x00, 0x00, 0x00, 0x07,
    0x00, 0x00, 0x00, 0x01, 0x00, 0x00, 0x00, 0x00, 0x00, 0x00, 0x20, 0x1D, 0x00, 0x00, 0x00, 0x03,
    0x00, 0x00, 0x00, 0x04, 0x00, 0x00, 0x00, 0x05, 0x00, 0x00, 0x00, 0x07, 0x00, 0x00, 0x00, 0x01,
    0x00, 0x00, 0x00, 0x00, 0x00, 0x00, 0x20, 0x26, 0x00, 0x00, 0x00, 0x02, 0x00, 0x00, 0x00, 0x05,
    0x00, 0x00, 0x00, 0x05, 0x00, 0x00, 0x00, 0x02, 0x00, 0x00, 0x00, 0x00, 0x00, 0x00, 0x00, 0x00,
    0x00, 0x00, 0x20, 0xAC, 0x00, 0x00, 0x00, 0x07, 0x00, 0x00, 0x00, 0x05, 0x00, 0x00, 0x00, 0x05,
    0x00, 0x00, 0x00, 0x07, 0x00, 0x00, 0x00, 0x00, 0x00, 0x00, 0x00, 0x00, 0x00, 0x00, 0x21, 0x90,
    0x00, 0x00, 0x00, 0x05, 0x00, 0x00, 0x00, 0x05, 0x00, 0x00, 0x00, 0x05, 0x00, 0x00, 0x00, 0x06,
    0x00, 0x00, 0x00, 0x00, 0x00, 0x00, 0x00, 0x00, 0x00, 0x00, 0x21, 0x91, 0x00, 0x00, 0x00, 0x07,
    0x00, 0x00, 0x00, 0x05, 0x00, 0x00, 0x00, 0x05, 0x00, 0x00, 0x00, 0x07, 0x00, 0x00, 0x00, 0x00,
    0x00, 0x00, 0x00, 0x00, 0x00, 0x00, 0x21, 0x92, 0x00, 0x00, 0x00, 0x05, 0x00, 0x00, 0x00, 0x05,
    0x00, 0x00, 0x00, 0x05, 0x00, 0x00, 0x00, 0x06, 0x00, 0x00, 0x00, 0x00, 0x00, 0x00, 0x00, 0x00,
    0x00, 0x00, 0x21, 0x93, 0x00, 0x00, 0x00, 0x08, 0x00, 0x00, 0x00, 0x05, 0x00, 0x00, 0x00, 0x05,
    0x00, 0x00, 0x00, 0x07, 0x00, 0x00, 0x00, 0x00, 0x00, 0x00, 0x00, 0x00, 0x00, 0x00, 0x21, 0x94,
    0x00, 0x00, 0x00, 0x05, 0x00, 0x00, 0x00, 0x05, 0x00, 0x00, 0x00, 0x05, 0x00, 0x00, 0x00, 0x06,
    0x00, 0x00, 0x00, 0x00, 0x00, 0x00, 0x00, 0x00, 0x00, 0x00, 0x21, 0x95, 0x00, 0x00, 0x00, 0x08,
    0x00, 0x00, 0x00, 0x05, 0x00, 0x00, 0x00, 0x05, 0x00, 0x00, 0x00, 0x07, 0x00, 0x00, 0x00, 0x00,
    0x00, 0x00, 0x00, 0x00, 0x00, 0x00, 0x21, 0xE9, 0x00, 0x00, 0x00, 0x05, 0x00, 0x00, 0x00, 0x04,
    0x00, 0x00, 0x00, 0x05, 0x00, 0x00, 0x00, 0x05, 0x00, 0x00, 0x00, 0x01, 0x00, 0x00, 0x00, 0x00,
    0x00, 0x00, 0x22, 0x60, 0x00, 0x00, 0x00, 0x05, 0x00, 0x00, 0x00, 0x05, 0x00, 0x00, 0x00, 0x05,
    0x00, 0x00, 0x00, 0x05, 0x00, 0x00, 0x00, 0x00, 0x00, 0x00, 0x00, 0x00, 0x00, 0x00, 0x22, 0x61,
    0x00, 0x00, 0x00, 0x04, 0x00, 0x00, 0x00, 0x05, 0x00, 0x00, 0x00, 0x05, 0x00, 0x00, 0x00, 0x05,
    0x00, 0x00, 0x00, 0x00, 0x00, 0x00, 0x00, 0x00, 0x00, 0x00, 0x22, 0x64, 0x00, 0x00, 0x00, 0x06,
    0x00, 0x00, 0x00, 0x05, 0x00, 0x00, 0x00, 0x05, 0x00, 0x00, 0x00, 0x06, 0x00, 0x00, 0x00, 0x00,
    0x00, 0x00, 0x00, 0x00, 0x00, 0x00, 0x22, 0x65, 0x00, 0x00, 0x00, 0x06, 0x00, 0x00, 0x00, 0x05,
    0x00, 0x00, 0x00, 0x05, 0x00, 0x00, 0x00, 0x06, 0x00, 0x00, 0x00, 0x00, 0x00, 0x00, 0x00, 0x00,
    0x00, 0x00, 0x23, 0x15, 0x00, 0x00, 0x00, 0x05, 0x00, 0x00, 0x00, 0x05, 0x00, 0x00, 0x00, 0x05,
    0x00, 0x00, 0x00, 0x05, 0x00, 0x00, 0x00, 0x00, 0x00, 0x00, 0x00, 0x00, 0x00, 0x00, 0x23, 0xCE,
    0x00, 0x00, 0x00, 0x05, 0x00, 0x00, 0x00, 0x05, 0x00, 0x00, 0x00, 0x05, 0x00, 0x00, 0x00, 0x05,
    0x00, 0x00, 0x00, 0x00, 0x00, 0x00, 0x00, 0x00, 0x00, 0x00, 0x25, 0x00, 0x00, 0x00, 0x00, 0x01,
    0x00, 0x00, 0x00, 0x05, 0x00, 0x00, 0x00, 0x05, 0x00, 0x00, 0x00, 0x03, 0x00, 0x00, 0x00, 0x00,
    0x00, 0x00, 0x00, 0x00, 0x00, 0x00, 0x25, 0x01, 0x00, 0x00, 0x00, 0x02, 0x00, 0x00, 0x00, 0x05,
    0x00, 0x00, 0x00, 0x05, 0x00, 0x00, 0x00, 0x04, 0x00, 0x00, 0x00, 0x00, 0x00, 0x00, 0x00, 0x00,
    0x00, 0x00, 0x25, 0x02, 0x00, 0x00, 0x00, 0x0D, 0x00, 0x00, 0x00, 0x01, 0x00, 0x00, 0x00, 0x05,
    0x00, 0x00, 0x00, 0x09, 0x00, 0x00, 0x00, 0x02, 0x00, 0x00, 0x00, 0x00, 0x00, 0x00, 0x25, 0x03,
    0x00, 0x00, 0x00, 0x0D, 0x00, 0x00, 0x00, 0x02, 0x00, 0x00, 0x00, 0x05, 0x00, 0x00, 0x00, 0x09,
    0x00, 0x00, 0x00, 0x02, 0x00, 0x00, 0x00, 0x00, 0x00, 0x00, 0x25, 0x04, 0x00, 0x00, 0x00, 0x01,
    0x00, 0x00, 0x00, 0x05, 0x00, 0x00, 0x00, 0x05, 0x00, 0x00, 0x00, 0x03, 0x00, 0x00, 0x00, 0x00,
    0x00, 0x00, 0x00, 0x00, 0x00, 0x00, 0x25, 0x05, 0x00, 0x00, 0x00, 0x02, 0x00, 0x00, 0x00, 0x05,
    0x00, 0x00, 0x00, 0x05, 0x00, 0x00, 0x00, 0x04, 0x00, 0x00, 0x00, 0x00, 0x00, 0x00, 0x00, 0x00,
    0x00, 0x00, 0x25, 0x06, 0x00, 0x00, 0x00, 0x0C, 0x00, 0x00, 0x00, 0x01, 0x00, 0x00, 0x00, 0x05,
    0x00, 0x00, 0x00, 0x09, 0x00, 0x00, 0x00, 0x02, 0x00, 0x00, 0x00, 0x00, 0x00, 0x00, 0x25, 0x07,
    0x00, 0x00, 0x00, 0x0C, 0x00, 0x00, 0x00, 0x02, 0x00, 0x00, 0x00, 0x05, 0x00, 0x00, 0x00, 0x09,
    0x00, 0x00, 0x00, 0x02, 0x00, 0x00, 0x00, 0x00, 0x00, 0x00, 0x25, 0x08, 0x00, 0x00, 0x00, 0x01,
    0x00, 0x00, 0x00, 0x05, 0x00, 0x00, 0x00, 0x05, 0x00, 0x00, 0x00, 0x03, 0x00, 0x00, 0x00, 0x00,
    0x00, 0x00, 0x00, 0x00, 0x00, 0x00, 0x25, 0x09, 0x00, 0x00, 0x00, 0x02, 0x00, 0x00, 0x00, 0x05,
    0x00, 0x00, 0x00, 0x05, 0x00, 0x00, 0x00, 0x04, 0x00, 0x00, 0x00, 0x00, 0x00, 0x00, 0x00, 0x00,
    0x00, 0x00, 0x25, 0x0A, 0x00, 0x00, 0x00, 0x0C, 0x00, 0x00, 0x00, 0x01, 0x00, 0x00, 0x00, 0x05,
    0x00, 0x00, 0x00, 0x09, 0x00, 0x00, 0x00, 0x02, 0x00, 0x00, 0x00, 0x00, 0x00, 0x00, 0x25, 0x0B,
    0x00, 0x00, 0x00, 0x0C, 0x00, 0x00, 0x00, 0x02, 0x00, 0x00, 0x00, 0x05, 0x00, 0x00, 0x00, 0x09,
    0x00, 0x00, 0x00, 0x02, 0x00, 0x00, 0x00, 0x00, 0x00, 0x00, 0x25, 0x0C, 0x00, 0x00, 0x00, 0x07,
    0x00, 0x00, 0x00, 0x03, 0x00, 0x00, 0x00, 0x05, 0x00, 0x00, 0x00, 0x03, 0x00, 0x00, 0x00, 0x02,
    0x00, 0x00, 0x00, 0x00, 0x00, 0x00, 0x25, 0x0D, 0x00, 0x00, 0x00, 0x08, 0x00, 0x00, 0x00, 0x03,
    0x00, 0x00, 0x00, 0x05, 0x00, 0x00, 0x00, 0x04, 0x00, 0x00, 0x00, 0x02, 0x00, 0x00, 0x00, 0x00,
    0x00, 0x00, 0x25, 0x0E, 0x00, 0x00, 0x00, 0x07, 0x00, 0x00, 0x00, 0x03, 0x00, 0x00, 0x00, 0x05,
    0x00, 0x00, 0x00, 0x03, 0x00, 0x00, 0x00, 0x02, 0x00, 0x00, 0x00, 0x00, 0x00, 0x00, 0x25, 0x0F,
    0x00, 0x00, 0x00, 0x08, 0x00, 0x00, 0x00, 0x03, 0x00, 0x00, 0x00, 0x05, 0x00, 0x00, 0x00, 0x04,
    0x00, 0x00, 0x00, 0x02, 0x00, 0x00, 0x00, 0x00, 0x00, 0x00, 0x25, 0x10, 0x00, 0x00, 0x00, 0x07,
    0x00, 0x00, 0x00, 0x05, 0x00, 0x00, 0x00, 0x05, 0x00, 0x00, 0x00, 0x03, 0x00, 0x00, 0x00, 0x00,
    0x00, 0x00, 0x00, 0x00, 0x00, 0x00, 0x25, 0x11, 0x00, 0x00, 0x00, 0x08, 0x00, 0x00, 0x00, 0x05,
    0x00, 0x00, 0x00, 0x05, 0x00, 0x00, 0x00, 0x04, 0x00, 0x00, 0x00, 0x00, 0x00, 0x00, 0x00, 0x00,
    0x00, 0x00, 0x25, 0x12, 0x00, 0x00, 0x00, 0x07, 0x00, 0x00, 0x00, 0x05, 0x00, 0x00, 0x00, 0x05,
    0x00, 0x00, 0x00, 0x03, 0x00, 0x00, 0x00, 0x00, 0x00, 0x00, 0x00, 0x00, 0x00, 0x00, 0x25, 0x13,
    0x00, 0x00, 0x00, 0x08, 0x00, 0x00, 0x00, 0x05, 0x00, 0x00, 0x00, 0x05, 0x00, 0x00, 0x00, 0x04,
    0x00, 0x00, 0x00, 0x00, 0x00, 0x00, 0x00, 0x00, 0x00, 0x00, 0x25, 0x14, 0x00, 0x00, 0x00, 0x07,
    0x00, 0x00, 0x00, 0x03, 0x00, 0x00, 0x00, 0x05, 0x00, 0x00, 0x00, 0x09, 0x00, 0x00, 0x00, 0x02,
    0x00, 0x00, 0x00, 0x00, 0x00, 0x00, 0x25, 0x15, 0x00, 0x00, 0x00, 0x07, 0x00, 0x00, 0x00, 0x03,
    0x00, 0x00, 0x00, 0x05, 0x00, 0x00, 0x00, 0x09, 0x00, 0x00, 0x00, 0x02, 0x00, 0x00, 0x00, 0x00,
    0x00, 0x00, 0x25, 0x16, 0x00, 0x00, 0x00, 0x07, 0x00, 0x00, 0x00, 0x03, 0x00, 0x00, 0x00, 0x05,
    0x00, 0x00, 0x00, 0x09, 0x00, 0x00, 0x00, 0x02, 0x00, 0x00, 0x00, 0x00, 0x00, 0x00, 0x25, 0x17,
    0x00, 0x00, 0x00, 0x07, 0x00, 0x00, 0x00, 0x03, 0x00, 0x00, 0x00, 0x05, 0x00, 0x00, 0x00, 0x09,
    0x00, 0x00, 0x00, 0x02, 0x00, 0x00, 0x00, 0x00, 0x00, 0x00, 0x25, 0x18, 0x00, 0x00, 0x00, 0x07,
    0x00, 0x00, 0x00, 0x05, 0x00, 0x00, 0x00, 0x05, 0x00, 0x00, 0x00, 0x09, 0x00, 0x00, 0x00, 0x00,
    0x00, 0x00, 0x00, 0x00, 0x00, 0x00, 0x25, 0x19, 0x00, 0x00, 0x00, 0x07, 0x00, 0x00, 0x00, 0x05,
    0x00, 0x00, 0x00, 0x05, 0x00, 0x00, 0x00, 0x09, 0x00, 0x00, 0x00, 0x00, 0x00, 0x00, 0x00, 0x00,
    0x00, 0x00, 0x25, 0x1A, 0x00, 0x00, 0x00, 0x07, 0x00, 0x00, 0x00, 0x05, 0x00, 0x00, 0x00, 0x05,
    0x00, 0x00, 0x00, 0x09, 0x00, 0x00, 0x00, 0x00, 0x00, 0x00, 0x00, 0x00, 0x00, 0x00, 0x25, 0x1B,
    0x00, 0x00, 0x00, 0x07, 0x00, 0x00, 0x00, 0x05, 0x00, 0x00, 0x00, 0x05, 0x00, 0x00, 0x00, 0x09,
    0x00, 0x00, 0x00, 0x00, 0x00, 0x00, 0x00, 0x00, 0x00, 0x00, 0x25, 0x1C, 0x00, 0x00, 0x00, 0x0D,
    0x00, 0x00, 0x00, 0x03, 0x00, 0x00, 0x00, 0x05, 0x00, 0x00, 0x00, 0x09, 0x00, 0x00, 0x00, 0x02,
    0x00, 0x00, 0x00, 0x00, 0x00, 0x00, 0x25, 0x1D, 0x00, 0x00, 0x00, 0x0D, 0x00, 0x00, 0x00, 0x03,
    0x00, 0x00, 0x00, 0x05, 0x00, 0x00, 0x00, 0x09, 0x00, 0x00, 0x00, 0x02, 0x00, 0x00, 0x00, 0x00,
    0x00, 0x00, 0x25, 0x1E, 0x00, 0x00, 0x00, 0x0D, 0x00, 0x00, 0x00, 0x03, 0x00, 0x00, 0x00, 0x05,
    0x00, 0x00, 0x00, 0x09, 0x00, 0x00, 0x00, 0x02, 0x00, 0x00, 0x00, 0x00, 0x00, 0x00, 0x25, 0x1F,
    0x00, 0x00, 0x00, 0x0D, 0x00, 0x00, 0x00, 0x03, 0x00, 0x00, 0x00, 0x05, 0x00, 0x00, 0x00, 0x09,
    0x00, 0x00, 0x00, 0x02, 0x00, 0x00, 0x00, 0x00, 0x00, 0x00, 0x25, 0x20, 0x00, 0x00, 0x00, 0x0D,
    0x00, 0x00, 0x00, 0x03, 0x00, 0x00, 0x00, 0x05, 0x00, 0x00, 0x00, 0x09, 0x00, 0x00, 0x00, 0x02,
    0x00, 0x00, 0x00, 0x00, 0x00, 0x00, 0x25, 0x21, 0x00, 0x00, 0x00, 0x0D, 0x00, 0x00, 0x00, 0x03,
    0x00, 0x00, 0x00, 0x05, 0x00, 0x00, 0x00, 0x09, 0x00, 0x00, 0x00, 0x02, 0x00, 0x00, 0x00, 0x00,
    0x00, 0x00, 0x25, 0x22, 0x00, 0x00, 0x00, 0x0D, 0x00, 0x00, 0x00, 0x03, 0x00, 0x00, 0x00, 0x05,
    0x00, 0x00, 0x00, 0x09, 0x00, 0x00, 0x00, 0x02, 0x00, 0x00, 0x00, 0x00, 0x00, 0x00, 0x25, 0x23,
    0x00, 0x00, 0x00, 0x0D, 0x00, 0x00, 0x00, 0x03, 0x00, 0x00, 0x00, 0x05, 0x00, 0x00, 0x00, 0x09,
    0x00, 0x00, 0x00, 0x02, 0x00, 0x00, 0x00, 0x00, 0x00, 0x00, 0x25, 0x24, 0x00, 0x00, 0x00, 0x0D,
    0x00, 0x00, 0x00, 0x05, 0x00, 0x00, 0x00, 0x05, 0x00, 0x00, 0x00, 0x09, 0x00, 0x00, 0x00, 0x00,
    0x00, 0x00, 0x00, 0x00, 0x00, 0x00, 0x25, 0x25, 0x00, 0x00, 0x00, 0x0D, 0x00, 0x00, 0x00, 0x05,
    0x00, 0x00, 0x00, 0x05, 0x00, 0x00, 0x00, 0x09, 0x00, 0x00, 0x00, 0x00, 0x00, 0x00, 0x00, 0x00,
    0x00, 0x00, 0x25, 0x26, 0x00, 0x00, 0x00, 0x0D, 0x00, 0x00, 0x00, 0x05, 0x00, 0x00, 0x00, 0x05,
    0x00, 0x00, 0x00, 0x09, 0x00, 0x00, 0x00, 0x00, 0x00, 0x00, 0x00, 0x00, 0x00, 0x00, 0x25, 0x27,
    0x00, 0x00, 0x00, 0x0D, 0x00, 0x00, 0x00, 0x05, 0x00, 0x00, 0x00, 0x05, 0x00, 0x00, 0x00, 0x09,
    0x00, 0x00, 0x00, 0x00, 0x00, 0x00, 0x00, 0x00, 0x00, 0x00, 0x25, 0x28, 0x00, 0x00, 0x00, 0x0D,
    0x00, 0x00, 0x00, 0x05, 0x00, 0x00, 0x00, 0x05, 0x00, 0x00, 0x00, 0x09, 0x00, 0x00, 0x00, 0x00,
    0x00, 0x00, 0x00, 0x00, 0x00, 0x00, 0x25, 0x29, 0x00, 0x00, 0x00, 0x0D, 0x00, 0x00, 0x00, 0x05,
    0x00, 0x00, 0x00, 0x05, 0x00, 0x00, 0x00, 0x09, 0x00, 0x00, 0x00, 0x00, 0x00, 0x00, 0x00, 0x00,
    0x00, 0x00, 0x25, 0x2A, 0x00, 0x00, 0x00, 0x0D, 0x00, 0x00, 0x00, 0x05, 0x00, 0x00, 0x00, 0x05,
    0x00, 0x00, 0x00, 0x09, 0x00, 0x00, 0x00, 0x00, 0x00, 0x00, 0x00, 0x00, 0x00, 0x00, 0x25, 0x2B,
    0x00, 0x00, 0x00, 0x0D, 0x00, 0x00, 0x00, 0x05, 0x00, 0x00, 0x00, 0x05, 0x00, 0x00, 0x00, 0x09,
    0x00, 0x00, 0x00, 0x00, 0x00, 0x00, 0x00, 0x00, 0x00, 0x00, 0x25, 0x2C, 0x00, 0x00, 0x00, 0x07,
    0x00, 0x00, 0x00, 0x05, 0x00, 0x00, 0x00, 0x05, 0x00, 0x00, 0x00, 0x03, 0x00, 0x00, 0x00, 0x00,
    0x00, 0x00, 0x00, 0x00, 0x00, 0x00, 0x25, 0x2D, 0x00, 0x00, 0x00, 0x08, 0x00, 0x00, 0x00, 0x05,
    0x00, 0x00, 0x00, 0x05, 0x00, 0x00, 0x00, 0x04, 0x00, 0x00, 0x00, 0x00, 0x00, 0x00, 0x00, 0x00,
    0x00, 0x00, 0x25, 0x2E, 0x00, 0x00, 0x00, 0x08, 0x00, 0x00, 0x00, 0x05, 0x00, 0x00, 0x00, 0x05,
    0x00, 0x00, 0x00, 0x04, 0x00, 0x00, 0x00, 0x00, 0x00, 0x00, 0x00, 0x00, 0x00, 0x00, 0x25, 0x2F,
    0x00, 0x00, 0x00, 0x08, 0x00, 0x00, 0x00, 0x05, 0x00, 0x00, 0x00, 0x05, 0x00, 0x00, 0x00, 0x04,
    0x00, 0x00, 0x00, 0x00, 0x00, 0x00, 0x00, 0x00, 0x00, 0x00, 0x25, 0x30, 0x00, 0x00, 0x00, 0x07,
    0x00, 0x00, 0x00, 0x05, 0x00, 0x00, 0x00, 0x05, 0x00, 0x00, 0x00, 0x03, 0x00, 0x00, 0x00, 0x00,
    0x00, 0x00, 0x00, 0x00, 0x00, 0x00, 0x25, 0x31, 0x00, 0x00, 0x00, 0x08, 0x00, 0x00, 0x00, 0x05,
    0x00, 0x00, 0x00, 0x05, 0x00, 0x00, 0x00, 0x04, 0x00, 0x00, 0x00, 0x00, 0x00, 0x00, 0x00, 0x00,
    0x00, 0x00, 0x25, 0x32, 0x00, 0x00, 0x00, 0x08, 0x00, 0x00, 0x00, 0x05, 0x00, 0x00, 0x00, 0x05,
    0x00, 0x00, 0x00, 0x04, 0x00, 0x00, 0x00, 0x00, 0x00, 0x00, 0x00, 0x00, 0x00, 0x00, 0x25, 0x33,
    0x00, 0x00, 0x00, 0x08, 0x00, 0x00, 0x00, 0x05, 0x00, 0x00, 0x00, 0x05, 0x00, 0x00, 0x00, 0x04,
    0x00, 0x00, 0x00, 0x00, 0x00, 0x00, 0x00, 0x00, 0x00, 0x00, 0x25, 0x34, 0x00, 0x00, 0x00, 0x07,
    0x00, 0x00, 0x00, 0x05, 0x00, 0x00, 0x00, 0x05, 0x00, 0x00, 0x00, 0x09, 0x00, 0x00, 0x00, 0x00,
    0x00, 0x00, 0x00, 0x00, 0x00, 0x00, 0x25, 0x35, 0x00, 0x00, 0x00, 0x07, 0x00, 0x00, 0x00, 0x05,
    0x00, 0x00, 0x00, 0x05, 0x00, 0x00, 0x00, 0x09, 0x00, 0x00, 0x00, 0x00, 0x00, 0x00, 0x00, 0x00,
    0x00, 0x00, 0x25, 0x36, 0x00, 0x00, 0x00, 0x07, 0x00, 0x00, 0x00, 0x05, 0x00, 0x00, 0x00, 0x05,
    0x00, 0x00, 0x00, 0x09, 0x00, 0x00, 0x00, 0x00, 0x00, 0x00, 0x00, 0x00, 0x00, 0x00, 0x25, 0x37,
    0x00, 0x00, 0x00, 0x07, 0x00, 0x00, 0x00, 0x05, 0x00, 0x00, 0x00, 0x05, 0x00, 0x00, 0x00, 0x09,
    0x00, 0x00, 0x00, 0x00, 0x00, 0x00, 0x00, 0x00, 0x00, 0x00, 0x25, 0x38, 0x00, 0x00, 0x00, 0x07,
    0x00, 0x00, 0x00, 0x05, 0x00, 0x00, 0x00, 0x05, 0x00, 0x00, 0x00, 0x09, 0x00, 0x00, 0x00, 0x00,
    0x00, 0x00, 0x00, 0x00, 0x00, 0x00, 0x25, 0x39, 0x00, 0x00, 0x00, 0x07, 0x00, 0x00, 0x00, 0x05,
    0x00, 0x00, 0x00, 0x05, 0x00, 0x00, 0x00, 0x09, 0x00, 0x00, 0x00, 0x00, 0x00, 0x00, 0x00, 0x00,
    0x00, 0x00, 0x25, 0x3A, 0x00, 0x00, 0x00, 0x07, 0x00, 0x00, 0x00, 0x05, 0x00, 0x00, 0x00, 0x05,
    0x00, 0x00, 0x00, 0x09, 0x00, 0x00, 0x00, 0x00, 0x00, 0x00, 0x00, 0x00, 0x00, 0x00, 0x25, 0x3B,
    0x00, 0x00, 0x00, 0x07, 0x00, 0x00, 0x00, 0x05, 0x00, 0x00, 0x00, 0x05, 0x00, 0x00, 0x00, 0x09,
    0x00, 0x00, 0x00, 0x00, 0x00, 0x00, 0x00, 0x00, 0x00, 0x00, 0x25, 0x3C, 0x00, 0x00, 0x00, 0x0D,
    0x00, 0x00, 0x00, 0x05, 0x00, 0x00, 0x00, 0x05, 0x00, 0x00, 0x00, 0x09, 0x00, 0x00, 0x00, 0x00,
    0x00, 0x00, 0x00, 0x00, 0x00, 0x00, 0x25, 0x3D, 0x00, 0x00, 0x00, 0x0D, 0x00, 0x00, 0x00, 0x05,
    0x00, 0x00, 0x00, 0x05, 0x00, 0x00, 0x00, 0x09, 0x00, 0x00, 0x00, 0x00, 0x00, 0x00, 0x00, 0x00,
    0x00, 0x00, 0x25, 0x3E, 0x00, 0x00, 0x00, 0x0D, 0x00, 0x00, 0x00, 0x05, 0x00, 0x00, 0x00, 0x05,
    0x00, 0x00, 0x00, 0x09, 0x00, 0x00, 0x00, 0x00, 0x00, 0x00, 0x00, 0x00, 0x00, 0x00, 0x25, 0x3F,
    0x00, 0x00, 0x00, 0x0D, 0x00, 0x00, 0x00, 0x05, 0x00, 0x00, 0x00, 0x05, 0x00, 0x00, 0x00, 0x09,
    0x00, 0x00, 0x00, 0x00, 0x00, 0x00, 0x00, 0x00, 0x00, 0x00, 0x25, 0x40, 0x00, 0x00, 0x00, 0x0D,
    0x00, 0x00, 0x00, 0x05, 0x00, 0x00, 0x00, 0x05, 0x00, 0x00, 0x00, 0x09, 0x00, 0x00, 0x00, 0x00,
    0x00, 0x00, 0x00, 0x00, 0x00, 0x00, 0x25, 0x41, 0x00, 0x00, 0x00, 0x0D, 0x00, 0x00, 0x00, 0x05,
    0x00, 0x00, 0x00, 0x05, 0x00, 0x00, 0x00, 0x09, 0x00, 0x00, 0x00, 0x00, 0x00, 0x00, 0x00, 0x00,
    0x00, 0x00, 0x25, 0x42, 0x00, 0x00, 0x00, 0x0D, 0x00, 0x00, 0x00, 0x05, 0x00, 0x00, 0x00, 0x05,
    0x00, 0x00, 0x00, 0x09, 0x00, 0x00, 0x00, 0x00, 0x00, 0x00, 0x00, 0x00, 0x00, 0x00, 0x25, 0x43,
    0x00, 0x00, 0x00, 0x0D, 0x00, 0x00, 0x00, 0x05, 0x00, 0x00, 0x00, 0x05, 0x00, 0x00, 0x00, 0x09,
    0x00, 0x00, 0x00, 0x00, 0x00, 0x00, 0x00, 0x00, 0x00, 0x00, 0x25, 0x44, 0x00, 0x00, 0x00, 0x0D,
    0x00, 0x00, 0x00, 0x05, 0x00, 0x00, 0x00, 0x05, 0x00, 0x00, 0x00, 0x09, 0x00, 0x00, 0x00, 0x00,
    0x00, 0x00, 0x00, 0x00, 0x00, 0x00, 0x25, 0x45, 0x00, 0x00, 0x00, 0x0D, 0x00, 0x00, 0x00, 0x05,
    0x00, 0x00, 0x00, 0x05, 0x00, 0x00, 0x00, 0x09, 0x00, 0x00, 0x00, 0x00, 0x00, 0x00, 0x00, 0x00,
    0x00, 0x00, 0x25, 0x46, 0x00, 0x00, 0x00, 0x0D, 0x00, 0x00, 0x00, 0x05, 0x00, 0x00, 0x00, 0x05,
    0x00, 0x00, 0x00, 0x09, 0x00, 0x00, 0x00, 0x00, 0x00, 0x00, 0x00, 0x00, 0x00, 0x00, 0x25, 0x47,
    0x00, 0x00, 0x00, 0x0D, 0x00, 0x00, 0x00, 0x05, 0x00, 0x00, 0x00, 0x05, 0x00, 0x00, 0x00, 0x09,
    0x00, 0x00, 0x00, 0x00, 0x00, 0x00, 0x00, 0x00, 0x00, 0x00, 0x25, 0x48, 0x00, 0x00, 0x00, 0x0D,
    0x00, 0x00, 0x00, 0x05, 0x00, 0x00, 0x00, 0x05, 0x00, 0x00, 0x00, 0x09, 0x00, 0x00, 0x00, 0x00,
    0x00, 0x00, 0x00, 0x00, 0x00, 0x00, 0x25, 0x49, 0x00, 0x00, 0x00, 0x0D, 0x00, 0x00, 0x00, 0x05,
    0x00, 0x00, 0x00, 0x05, 0x00, 0x00, 0x00, 0x09, 0x00, 0x00, 0x00, 0x00, 0x00, 0x00, 0x00, 0x00,
    0x00, 0x00, 0x25, 0x4A, 0x00, 0x00, 0x00, 0x0D, 0x00, 0x00, 0x00, 0x05, 0x00, 0x00, 0x00, 0x05,
    0x00, 0x00, 0x00, 0x09, 0x00, 0x00, 0x00, 0x00, 0x00, 0x00, 0x00, 0x00, 0x00, 0x00, 0x25, 0x4B,
    0x00, 0x00, 0x00, 0x0D, 0x00, 0x00, 0x00, 0x05, 0x00, 0x00, 0x00, 0x05, 0x00, 0x00, 0x00, 0x09,
    0x00, 0x00, 0x00, 0x00, 0x00, 0x00, 0x00, 0x00, 0x00, 0x00, 0x25, 0x4C, 0x00, 0x00, 0x00, 0x01,
    0x00, 0x00, 0x00, 0x05, 0x00, 0x00, 0x00, 0x05, 0x00, 0x00, 0x00, 0x03, 0x00, 0x00, 0x00, 0x00,
    0x00, 0x00, 0x00, 0x00, 0x00, 0x00, 0x25, 0x4D, 0x00, 0x00, 0x00, 0x02, 0x00, 0x00, 0x00, 0x05,
    0x00, 0x00, 0x00, 0x05, 0x00, 0x00, 0x00, 0x04, 0x00, 0x00, 0x00, 0x00, 0x00, 0x00, 0x00, 0x00,
    0x00, 0x00, 0x25, 0x4E, 0x00, 0x00, 0x00, 0x09, 0x00, 0x00, 0x00, 0x01, 0x00, 0x00, 0x00, 0x05,
    0x00, 0x00, 0x00, 0x07, 0x00, 0x00, 0x00, 0x02, 0x00, 0x00, 0x00, 0x00, 0x00, 0x00, 0x25, 0x4F,
    0x00, 0x00, 0x00, 0x09, 0x00, 0x00, 0x00, 0x02, 0x00, 0x00, 0x00, 0x05, 0x00, 0x00, 0x00, 0x07,
    0x00, 0x00, 0x00, 0x02, 0x00, 0x00, 0x00, 0x00, 0x00, 0x00, 0x25, 0x50, 0x00, 0x00, 0x00, 0x02,
    0x00, 0x00, 0x00, 0x05, 0x00, 0x00, 0x00, 0x05, 0x00, 0x00, 0x00, 0x04, 0x00, 0x00, 0x00, 0x00,
    0x00, 0x00, 0x00, 0x00, 0x00, 0x00, 0x25, 0x51, 0x00, 0x00, 0x00, 0x0D, 0x00, 0x00, 0x00, 0x02,
    0x00, 0x00, 0x00, 0x05, 0x00, 0x00, 0x00, 0x09, 0x00, 0x00, 0x00, 0x02, 0x00, 0x00, 0x00, 0x00,
    0x00, 0x00, 0x25, 0x52, 0x00, 0x00, 0x00, 0x08, 0x00, 0x00, 0x00, 0x03, 0x00, 0x00, 0x00, 0x05,
    0x00, 0x00, 0x00, 0x04, 0x00, 0x00, 0x00, 0x02, 0x00, 0x00, 0x00, 0x00, 0x00, 0x00, 0x25, 0x53,
    0x00, 0x00, 0x00, 0x07, 0x00, 0x00, 0x00, 0x03, 0x00, 0x00, 0x00, 0x05, 0x00, 0x00, 0x00, 0x03,
    0x00, 0x00, 0x00, 0x02, 0x00, 0x00, 0x00, 0x00, 0x00, 0x00, 0x25, 0x54, 0x00, 0x00, 0x00, 0x07,
    0x00, 0x00, 0x00, 0x03, 0x00, 0x00, 0x00, 0x05, 0x00, 0x00, 0x00, 0x04, 0x00, 0x00, 0x00, 0x02,
    0x00, 0x00, 0x00, 0x00, 0x00, 0x00, 0x25, 0x55, 0x00, 0x00, 0x00, 0x08, 0x00, 0x00, 0x00, 0x05,
    0x00, 0x00, 0x00, 0x05, 0x00, 0x00, 0x00, 0x04, 0x00, 0x00, 0x00, 0x00, 0x00, 0x00, 0x00, 0x00,
    0x00, 0x00, 0x25, 0x56, 0x00, 0x00, 0x00, 0x07, 0x00, 0x00, 0x00, 0x05, 0x00, 0x00, 0x00, 0x05,
    0x00, 0x00, 0x00, 0x03, 0x00, 0x00, 0x00, 0x00, 0x00, 0x00, 0x00, 0x00, 0x00, 0x00, 0x25, 0x57,
    0x00, 0x00, 0x00, 0x07, 0x00, 0x00, 0x00, 0x05, 0x00, 0x00, 0x00, 0x05, 0x00, 0x00, 0x00, 0x04,
    0x00, 0x00, 0x00, 0x00, 0x00, 0x00, 0x00, 0x00, 0x00, 0x00, 0x25, 0x58, 0x00, 0x00, 0x00, 0x07,
    0x00, 0x00, 0x00, 0x03, 0x00, 0x00, 0x00, 0x05, 0x00, 0x00, 0x00, 0x09, 0x00, 0x00, 0x00, 0x02,
    0x00, 0x00, 0x00, 0x00, 0x00, 0x00, 0x25, 0x59, 0x00, 0x00, 0x00, 0x07, 0x00, 0x00, 0x00, 0x03,
    0x00, 0x00, 0x00, 0x05, 0x00, 0x00, 0x00, 0x09, 0x00, 0x00, 0x00, 0x02, 0x00, 0x00, 0x00, 0x00,
    0x00, 0x00, 0x25, 0x5A, 0x00, 0x00, 0x00, 0x07, 0x00, 0x00, 0x00, 0x03, 0x00, 0x00, 0x00, 0x05,
    0x00, 0x00, 0x00, 0x09, 0x00, 0x00, 0x00, 0x02, 0x00, 0x00, 0x00, 0x00, 0x00, 0x00, 0x25, 0x5B,
    0x00, 0x00, 0x00, 0x07, 0x00, 0x00, 0x00, 0x05, 0x00, 0x00, 0x00, 0x05, 0x00, 0x00, 0x00, 0x09,
    0x00, 0x00, 0x00, 0x00, 0x00, 0x00, 0x00, 0x00, 0x00, 0x00, 0x25, 0x5C, 0x00, 0x00, 0x00, 0x07,
    0x00, 0x00, 0x00, 0x05, 0x00, 0x00, 0x00, 0x05, 0x00, 0x00, 0x00, 0x09, 0x00, 0x00, 0x00, 0x00,
    0x00, 0x00, 0x00, 0x00, 0x00, 0x00, 0x25, 0x5D, 0x00, 0x00, 0x00, 0x07, 0x00, 0x00, 0x00, 0x05,
    0x00, 0x00, 0x00, 0x05, 0x00, 0x00, 0x00, 0x09, 0x00, 0x00, 0x00, 0x00, 0x00, 0x00, 0x00, 0x00,
    0x00, 0x00, 0x25, 0x5E, 0x00, 0x00, 0x00, 0x0D, 0x00, 0x00, 0x00, 0x03, 0x00, 0x00, 0x00, 0x05,
    0x00, 0x00, 0x00, 0x09, 0x00, 0x00, 0x00, 0x02, 0x00, 0x00, 0x00, 0x00, 0x00, 0x00, 0x25, 0x5F,
    0x00, 0x00, 0x00, 0x0D, 0x00, 0x00, 0x00, 0x03, 0x00, 0x00, 0x00, 0x05, 0x00, 0x00, 0x00, 0x09,
    0x00, 0x00, 0x00, 0x02, 0x00, 0x00, 0x00, 0x00, 0x00, 0x00, 0x25, 0x60, 0x00, 0x00, 0x00, 0x0D,
    0x00, 0x00, 0x00, 0x03, 0x00, 0x00, 0x00, 0x05, 0x00, 0x00, 0x00, 0x09, 0x00, 0x00, 0x00, 0x02,
    0x00, 0x00, 0x00, 0x00, 0x00, 0x00, 0x25, 0x61, 0x00, 0x00, 0x00, 0x0D, 0x00, 0x00, 0x00, 0x05,
    0x00, 0x00, 0x00, 0x05, 0x00, 0x00, 0x00, 0x09, 0x00, 0x00, 0x00, 0x00, 0x00, 0x00, 0x00, 0x00,
    0x00, 0x00, 0x25, 0x62, 0x00, 0x00, 0x00, 0x0D, 0x00, 0x00, 0x00, 0x05, 0x00, 0x00, 0x00, 0x05,
    0x00, 0x00, 0x00, 0x09, 0x00, 0x00, 0x00, 0x00, 0x00, 0x00, 0x00, 0x00, 0x00, 0x00, 0x25, 0x63,
    0x00, 0x00, 0x00, 0x0D, 0x00, 0x00, 0x00, 0x05, 0x00, 0x00, 0x00, 0x05, 0x00, 0x00, 0x00, 0x09,
    0x00, 0x00, 0x00, 0x00, 0x00, 0x00, 0x00, 0x00, 0x00, 0x00, 0x25, 0x64, 0x00, 0x00, 0x00, 0x07,
    0x00, 0x00, 0x00, 0x05, 0x00, 0x00, 0x00, 0x05, 0x00, 0x00, 0x00, 0x04, 0x00, 0x00, 0x00, 0x00,
    0x00, 0x00, 0x00, 0x00, 0x00, 0x00, 0x25, 0x65, 0x00, 0x00, 0x00, 0x07, 0x00, 0x00, 0x00, 0x05,
    0x00, 0x00, 0x00, 0x05, 0x00, 0x00, 0x00, 0x03, 0x00, 0x00, 0x00, 0x00, 0x00, 0x00, 0x00, 0x00,
    0x00, 0x00, 0x25, 0x66, 0x00, 0x00, 0x00, 0x07, 0x00, 0x00, 0x00, 0x05, 0x00, 0x00, 0x00, 0x05,
    0x00, 0x00, 0x00, 0x04, 0x00, 0x00, 0x00, 0x00, 0x00, 0x00, 0x00, 0x00, 0x00, 0x00, 0x25, 0x67,
    0x00, 0x00, 0x00, 0x07, 0x00, 0x00, 0x00, 0x05, 0x00, 0x00, 0x00, 0x05, 0x00, 0x00, 0x00, 0x09,
    0x00, 0x00, 0x00, 0x00, 0x00, 0x00, 0x00, 0x00, 0x00, 0x00, 0x25, 0x68, 0x00, 0x00, 0x00, 0x07,
    0x00, 0x00, 0x00, 0x05, 0x00, 0x00, 0x00, 0x05, 0x00, 0x00, 0x00, 0x09, 0x00, 0x00, 0x00, 0x00,
    0x00, 0x00, 0x00, 0x00, 0x00, 0x00, 0x25, 0x69, 0x00, 0x00, 0x00, 0x07, 0x00, 0x00, 0x00, 0x05,
    0x00, 0x00, 0x00, 0x05, 0x00, 0x00, 0x00, 0x09, 0x00, 0x00, 0x00, 0x00, 0x00, 0x00, 0x00, 0x00,
    0x00, 0x00, 0x25, 0x6A, 0x00, 0x00, 0x00, 0x0D, 0x00, 0x00, 0x00, 0x05, 0x00, 0x00, 0x00, 0x05,
    0x00, 0x00, 0x00, 0x09, 0x00, 0x00, 0x00, 0x00, 0x00, 0x00, 0x00, 0x00, 0x00, 0x00, 0x25, 0x6B,
    0x00, 0x00, 0x00, 0x0D, 0x00, 0x00, 0x00, 0x05, 0x00, 0x00, 0x00, 0x05, 0x00, 0x00, 0x00, 0x09,
    0x00, 0x00, 0x00, 0x00, 0x00, 0x00, 0x00, 0x00, 0x00, 0x00, 0x25, 0x6C, 0x00, 0x00, 0x00, 0x0C,
    0x00, 0x00, 0x00, 0x05, 0x00, 0x00, 0x00, 0x05, 0x00, 0x00, 0x00, 0x09, 0x00, 0x00, 0x00, 0x00,
    0x00, 0x00, 0x00, 0x00, 0x00, 0x00, 0x25, 0x6D, 0x00, 0x00, 0x00, 0x07, 0x00, 0x00, 0x00, 0x03,
    0x00, 0x00, 0x00, 0x05, 0x00, 0x00, 0x00, 0x03, 0x00, 0x00, 0x00, 0x02, 0x00, 0x00, 0x00, 0x00,
    0x00, 0x00, 0x25, 0x6E, 0x00, 0x00, 0x00, 0x07, 0x00, 0x00, 0x00, 0x05, 0x00, 0x00, 0x00, 0x05,
    0x00, 0x00, 0x00, 0x03, 0x00, 0x00, 0x00, 0x00, 0x00, 0x00, 0x00, 0x00, 0x00, 0x00, 0x25, 0x6F,
    0x00, 0x00, 0x00, 0x07, 0x00, 0x00, 0x00, 0x05, 0x00, 0x00, 0x00, 0x05, 0x00, 0x00, 0x00, 0x09,
    0x00, 0x00, 0x00, 0x00, 0x00, 0x00, 0x00, 0x00, 0x00, 0x00, 0x25, 0x70, 0x00, 0x00, 0x00, 0x07,
    0x00, 0x00, 0x00, 0x03, 0x00, 0x00, 0x00, 0x05, 0x00, 0x00, 0x00, 0x09, 0x00, 0x00, 0x00, 0x02,
    0x00, 0x00, 0x00, 0x00, 0x00, 0x00, 0x25, 0x71, 0x00, 0x00, 0x00, 0x0B, 0x00, 0x00, 0x00, 0x05,
    0x00, 0x00, 0x00, 0x05, 0x00, 0x00, 0x00, 0x08, 0x00, 0x00, 0x00, 0x00, 0x00, 0x00, 0x00, 0x00,
    0x00, 0x00, 0x25, 0x72, 0x00, 0x00, 0x00, 0x0B, 0x00, 0x00, 0x00, 0x05, 0x00, 0x00, 0x00, 0x05,
    0x00, 0x00, 0x00, 0x08, 0x00, 0x00, 0x00, 0x00, 0x00, 0x00, 0x00, 0x00, 0x00, 0x00, 0x25, 0x73,
    0x00, 0x00, 0x00, 0x0B, 0x00, 0x00, 0x00, 0x05, 0x00, 0x00, 0x00, 0x05, 0x00, 0x00, 0x00, 0x08,
    0x00, 0x00, 0x00, 0x00, 0x00, 0x00, 0x00, 0x00, 0x00, 0x00, 0x25, 0x74, 0x00, 0x00, 0x00, 0x01,
    0x00, 0x00, 0x00, 0x05, 0x00, 0x00, 0x00, 0x05, 0x00, 0x00, 0x00, 0x03, 0x00, 0x00, 0x00, 0x00,
    0x00, 0x00, 0x00, 0x00, 0x00, 0x00, 0x25, 0x75, 0x00, 0x00, 0x00, 0x07, 0x00, 0x00, 0x00, 0x01,
    0x00, 0x00, 0x00, 0x05, 0x00, 0x00, 0x00, 0x09, 0x00, 0x00, 0x00, 0x02, 0x00, 0x00, 0x00, 0x00,
    0x00, 0x00, 0x25, 0x76, 0x00, 0x00, 0x00, 0x01, 0x00, 0x00, 0x00, 0x03, 0x00, 0x00, 0x00, 0x05,
    0x00, 0x00, 0x00, 0x03, 0x00, 0x00, 0x00, 0x02, 0x00, 0x00, 0x00, 0x00, 0x00, 0x00, 0x25, 0x77,
    0x00, 0x00, 0x00, 0x07, 0x00, 0x00, 0x00, 0x01, 0x00, 0x00, 0x00, 0x05, 0x00, 0x00, 0x00, 0x03,
    0x00, 0x00, 0x00, 0x02, 0x00, 0x00, 0x00, 0x00, 0x00, 0x00, 0x25, 0x78, 0x00, 0x00, 0x00, 0x02,
    0x00, 0x00, 0x00, 0x05, 0x00, 0x00, 0x00, 0x05, 0x00, 0x00, 0x00, 0x04, 0x00, 0x00, 0x00, 0x00,
    0x00, 0x00, 0x00, 0x00, 0x00, 0x00, 0x25, 0x79, 0x00, 0x00, 0x00, 0x07, 0x00, 0x00, 0x00, 0x02,
    0x00, 0x00, 0x00, 0x05, 0x00, 0x00, 0x00, 0x09, 0x00, 0x00, 0x00, 0x02, 0x00, 0x00, 0x00, 0x00,
    0x00, 0x00, 0x25, 0x7A, 0x00, 0x00, 0x00, 0x02, 0x00, 0x00, 0x00, 0x03, 0x00, 0x00, 0x00, 0x05,
    0x00, 0x00, 0x00, 0x04, 0x00, 0x00, 0x00, 0x02, 0x00, 0x00, 0x00, 0x00, 0x00, 0x00, 0x25, 0x7B,
    0x00, 0x00, 0x00, 0x07, 0x00, 0x00, 0x00, 0x02, 0x00, 0x00, 0x00, 0x05, 0x00, 0x00, 0x00, 0x03,
    0x00, 0x00, 0x00, 0x02, 0x00, 0x00, 0x00, 0x00, 0x00, 0x00, 0x25, 0x7C, 0x00, 0x00, 0x00, 0x02,
    0x00, 0x00, 0x00, 0x05, 0x00, 0x00, 0x00, 0x05, 0x00, 0x00, 0x00, 0x04, 0x00, 0x00, 0x00, 0x00,
    0x00, 0x00, 0x00, 0x00, 0x00, 0x00, 0x25, 0x7D, 0x00, 0x00, 0x00, 0x0D, 0x00, 0x00, 0x00, 0x02,
    0x00, 0x00, 0x00, 0x05, 0x00, 0x00, 0x00, 0x09, 0x00, 0x00, 0x00, 0x02, 0x00, 0x00, 0x00, 0x00,
    0x00, 0x00, 0x25, 0x7E, 0x00, 0x00, 0x00, 0x02, 0x00, 0x00, 0x00, 0x05, 0x00, 0x00, 0x00, 0x05,
    0x00, 0x00, 0x00, 0x04, 0x00, 0x00, 0x00, 0x00, 0x00, 0x00, 0x00, 0x00, 0x00, 0x00, 0x25, 0x7F,
    0x00, 0x00, 0x00, 0x0D, 0x00, 0x00, 0x00, 0x02, 0x00, 0x00, 0x00, 0x05, 0x00, 0x00, 0x00, 0x09,
    0x00, 0x00, 0x00, 0x02, 0x00, 0x00, 0x00, 0x00, 0x00, 0x00, 0x25, 0xA0, 0x00, 0x00, 0x00, 0x07,
    0x00, 0x00, 0x00, 0x05, 0x00, 0x00, 0x00, 0x05, 0x00, 0x00, 0x00, 0x06, 0x00, 0x00, 0x00, 0x00,
    0x00, 0x00, 0x00, 0x00, 0x00, 0x00, 0x25, 0xA1, 0x00, 0x00, 0x00, 0x06, 0x00, 0x00, 0x00, 0x05,
    0x00, 0x00, 0x00, 0x05, 0x00, 0x00, 0x00, 0x05, 0x00, 0x00, 0x00, 0x00, 0x00, 0x00, 0x00, 0x00,
    0x00, 0x00, 0x25, 0xB2, 0x00, 0x00, 0x00, 0x07, 0x00, 0x00, 0x00, 0x05, 0x00, 0x00, 0x00, 0x05,
    0x00, 0x00, 0x00, 0x06, 0x00, 0x00, 0x00, 0x00, 0x00, 0x00, 0x00, 0x00, 0x00, 0x00, 0x25, 0xB6,
    0x00, 0x00, 0x00, 0x07, 0x00, 0x00, 0x00, 0x05, 0x00, 0x00, 0x00, 0x05, 0x00, 0x00, 0x00, 0x06,
    0x00, 0x00, 0x00, 0x00, 0x00, 0x00, 0x00, 0x00, 0x00, 0x00, 0x25, 0xBC, 0x00, 0x00, 0x00, 0x07,
    0x00, 0x00, 0x00, 0x05, 0x00, 0x00, 0x00, 0x05, 0x00, 0x00, 0x00, 0x06, 0x00, 0x00, 0x00, 0x00,
    0x00, 0x00, 0x00, 0x00, 0x00, 0x00, 0x25, 0xC0, 0x00, 0x00, 0x00, 0x07, 0x00, 0x00, 0x00, 0x05,
    0x00, 0x00, 0x00, 0x05, 0x00, 0x00, 0x00, 0x06, 0x00, 0x00, 0x00, 0x00, 0x00, 0x00, 0x00, 0x00,
    0x00, 0x00, 0x25, 0xC6, 0x00, 0x00, 0x00, 0x07, 0x00, 0x00, 0x00, 0x05, 0x00, 0x00, 0x00, 0x05,
    0x00, 0x00, 0x00, 0x06, 0x00, 0x00, 0x00, 0x00, 0x00, 0x00, 0x00, 0x00, 0x00, 0x00, 0x25, 0xC7,
    0x00, 0x00, 0x00, 0x07, 0x00, 0x00, 0x00, 0x05, 0x00, 0x00, 0x00, 0x05, 0x00, 0x00, 0x00, 0x06,
    0x00, 0x00, 0x00, 0x00, 0x00, 0x00, 0x00, 0x00, 0x00, 0x00, 0x25, 0xCB, 0x00, 0x00, 0x00, 0x06,
    0x00, 0x00, 0x00, 0x05, 0x00, 0x00, 0x00, 0x05, 0x00, 0x00, 0x00, 0x05, 0x00, 0x00, 0x00, 0x00,
    0x00, 0x00, 0x00, 0x00, 0x00, 0x00, 0x25, 0xCF, 0x00, 0x00, 0x00, 0x07, 0x00, 0x00, 0x00, 0x05,
    0x00, 0x00, 0x00, 0x05, 0x00, 0x00, 0x00, 0x06, 0x00, 0x00, 0x00, 0x00, 0x00, 0x00, 0x00, 0x00,
    0x00, 0x00, 0x26, 0x10, 0x00, 0x00, 0x00, 0x05, 0x00, 0x00, 0x00, 0x05, 0x00, 0x00, 0x00, 0x05,
    0x00, 0x00, 0x00, 0x05, 0x00, 0x00, 0x00, 0x00, 0x00, 0x00, 0x00, 0x00, 0x00, 0x00, 0x26, 0x11,
    0x00, 0x00, 0x00, 0x06, 0x00, 0x00, 0x00, 0x05, 0x00, 0x00, 0x00, 0x05, 0x00, 0x00, 0x00, 0x05,
    0x00, 0x00, 0x00, 0x00, 0x00, 0x00, 0x00, 0x00, 0x00, 0x00, 0x26, 0x99, 0x00, 0x00, 0x00, 0x06,
    0x00, 0x00, 0x00, 0x05, 0x00, 0x00, 0x00, 0x05, 0x00, 0x00, 0x00, 0x06, 0x00, 0x00, 0x00, 0x00,
    0x00, 0x00, 0x00, 0x00, 0x00, 0x00, 0x27, 0x13, 0x00, 0x00, 0x00, 0x07, 0x00, 0x00, 0x00, 0x05,
    0x00, 0x00, 0x00, 0x05, 0x00, 0x00, 0x00, 0x07, 0x00, 0x00, 0x00, 0x00, 0x00, 0x00, 0x00, 0x00,
    0x00, 0x00, 0x27, 0x17, 0x00, 0x00, 0x00, 0x07, 0x00, 0x00, 0x00, 0x05, 0x00, 0x00, 0x00, 0x05,
    0x00, 0x00, 0x00, 0x06, 0x00, 0x00, 0x00, 0x00, 0x00, 0x00, 0x00, 0x00, 0x00, 0x00, 0x27, 0x18,
    0x00, 0x00, 0x00, 0x07, 0x00, 0x00, 0x00, 0x05, 0x00, 0x00, 0x00, 0x05, 0x00, 0x00, 0x00, 0x06,
    0x00, 0x00, 0x00, 0x00, 0x00, 0x00, 0x00, 0x00, 0x00, 0x00, 0x2B, 0x07, 0x00, 0x00, 0x00, 0x06,
    0x00, 0x00, 0x00, 0x04, 0x00, 0x00, 0x00, 0x05, 0x00, 0x00, 0x00, 0x06, 0x00, 0x00, 0x00, 0x01,
    0x00, 0x00, 0x00, 0x00, 0x00, 0x24, 0xD7, 0x00, 0x5E, 0xA8, 0x00, 0x88, 0x7F, 0x00, 0x9F, 0x21,
    0x00, 0x55, 0x00, 0x03, 0x4E, 0x00, 0x46, 0xFF, 0x09, 0x00, 0xD5, 0x4E, 0xB1, 0x00, 0xD3, 0x8A,
    0x73, 0x0A, 0x91, 0x73, 0x28, 0x00, 0x7B, 0x60, 0xA7, 0x01, 0x00, 0xA1, 0x1F, 0x98, 0x00, 0x8A,
    0xC4, 0x8A, 0xCE, 0x76, 0x4A, 0x7E, 0xC6, 0x0A, 0x00, 0xD9, 0x4B, 0xFF, 0x88, 0x00, 0x7D, 0x7E,
    0x91, 0x00, 0x00, 0x84, 0xB2, 0x1F, 0x00, 0x00, 0x00, 0x00, 0xAC, 0x00, 0x00, 0x53, 0xD8, 0xFF,
    0x96, 0x04, 0x92, 0x5E, 0x93, 0x53, 0x13, 0x9C, 0xAC, 0x55, 0x00, 0x00, 0x38, 0xDF, 0xEB, 0x3C,
    0x00, 0x00, 0x89, 0x30, 0xBC, 0x00, 0x47, 0x8E, 0x34, 0xA6, 0x00, 0xAF, 0xFB, 0xDE, 0x26, 0x00,
    0x10, 0x94, 0x00, 0x00, 0x00, 0x00, 0x4E, 0xCA, 0x1F, 0xB5, 0x00, 0x77, 0x78, 0x90, 0x28, 0x00,
    0x79, 0xBE, 0x99, 0x00, 0x00, 0x5A, 0x8B, 0x28, 0x00, 0x00, 0x1A, 0x36, 0xA6, 0x03, 0x00, 0x5C,
    0xA8, 0x74, 0x1C, 0x08, 0x75, 0x91, 0xB5, 0x00, 0x2F, 0xB8, 0xE8, 0x2C, 0x00, 0x76, 0x3E, 0x66,
    0x87, 0x00, 0x64, 0x5D, 0xA9, 0x57, 0x00, 0x8B, 0xE5, 0x90, 0x00, 0x00, 0x5B, 0xA4, 0x25, 0x00,
    0x00, 0x5E, 0x76, 0xAD, 0x8A, 0x2A, 0xC5, 0xA2, 0xCD, 0x91, 0x00, 0x04, 0xCD, 0x39, 0xA5, 0x42,
    0x5D, 0x00, 0x40, 0x93, 0x06, 0x0D, 0xA9, 0x03, 0x00, 0x73, 0x42, 0x00, 0x00, 0x7E, 0x19, 0x00,
    0x00, 0x77, 0x16, 0x00, 0x00, 0x86, 0x18, 0x00, 0x00, 0x78, 0x18, 0x00, 0x00, 0x69, 0x3B, 0x00,
    0x00, 0x09, 0x66, 0x00, 0x00, 0x00, 0x12, 0xC3, 0x04, 0x00, 0x00, 0x69, 0x85, 0x00, 0x00, 0x04,
    0xBE, 0x00, 0x00, 0x00, 0xC4, 0x00, 0x00, 0x18, 0xB2, 0x00, 0x00, 0x7F, 0x6C, 0x00, 0x03, 0xC6,
    0x03, 0x00, 0xA1, 0x49, 0x00, 0x3F, 0x4E, 0x00, 0x00, 0x00, 0x52, 0x8D, 0x00, 0x00, 0x62, 0xA2,
    0x70, 0x7B, 0x04, 0x64, 0xEB, 0xD2, 0x49, 0x00, 0x66, 0x9F, 0xBE, 0x00, 0x00, 0x54, 0x1B, 0x82,
    0x00, 0x00, 0x00, 0x00, 0x45, 0x6C, 0x00, 0x00, 0x00, 0x9A, 0x66, 0x00, 0x52, 0xC8, 0xFF, 0xD3,
    0xB0, 0x00, 0x00, 0xD3, 0x00, 0x00, 0x00, 0x00, 0xAC, 0x00, 0x00, 0x00, 0xB4, 0x19, 0x52, 0xE1,
    0x00, 0xB0, 0x3A, 0x00, 0x9F, 0xFA, 0xF8, 0x0D, 0x01, 0x4E, 0x00, 0x46, 0xFF, 0x0A, 0x00, 0x00,
    0x00, 0x93, 0x2A, 0x00, 0x00, 0x30, 0x86, 0x00, 0x00, 0x00, 0xB7, 0x18, 0x00, 0x00, 0x32, 0xBB,
    0x00, 0x00, 0x00, 0x9A, 0x15, 0x00, 0x00, 0x2F, 0x99, 0x00, 0x00, 0x00, 0x77, 0x31, 0x00, 0x00,
    0x00, 0x81, 0x1E, 0x00, 0x00, 0x00, 0x33, 0x01, 0x00, 0x00, 0x00, 0x1C, 0xB2, 0xDA, 0x82, 0x00,
    0x84, 0x46, 0x00, 0xAF, 0x0D, 0x89, 0x27, 0x00, 0xA2, 0x28, 0x93, 0xB5, 0x78, 0xBB, 0x0D, 0x83,
    0x29, 0x06, 0xBE, 0x00, 0x8A, 0x1D, 0x84, 0x84, 0x00, 0x8B, 0xD7, 0xB6, 0x05, 0x00, 0x00, 0x0F,
    0xD2, 0xFF, 0x00, 0x06, 0xD9, 0x4E, 0xE6, 0x00, 0x00, 0x1B, 0x37, 0xBE, 0x00, 0x00, 0x00, 0x70,
    0xAB, 0x00, 0x00, 0x00, 0xAB, 0x72, 0x00, 0x00, 0x00, 0xBF, 0x39, 0x00, 0x96, 0xDC, 0xFF, 0xE1,
    0xA6, 0x00, 0x6A, 0xE1, 0xE7, 0x9A, 0x00, 0xB6, 0x07, 0x01, 0xF7, 0x00, 0x00, 0x00, 0x0D, 0xED,
    0x00, 0x00, 0x01, 0xC1, 0x70, 0x00, 0x0C, 0xCA, 0x85, 0x00, 0x1E, 0xDD, 0x5B, 0x00, 0x00, 0xCE,
    0xFD, 0xD7, 0xD7, 0x7E, 0x00, 0x64, 0xE3, 0xF0, 0xAF, 0x00, 0x78, 0x0A, 0x00, 0xFC, 0x00, 0x00,
    0x00, 0x39, 0xD2, 0x00, 0x1B, 0xD8, 0xFF, 0x1C, 0x00, 0x00, 0x00, 0x7E, 0xB4, 0x66, 0x07, 0x00,
    0x97, 0x9D, 0x70, 0xE7, 0xD0, 0xBC, 0x09, 0x00, 0x00, 0x00, 0xB5, 0xE2, 0x00, 0x00, 0x6A, 0xC6,
    0xB5, 0x00, 0x1C, 0xDA, 0x6F, 0xA3, 0x00, 0xCB, 0x36, 0xA0, 0x6D, 0x94, 0x99, 0x00, 0xB2, 0x36,
    0xCF, 0xC8, 0xC8, 0xFF, 0xBE, 0x00, 0x00, 0x00, 0xE1, 0x00, 0x53, 0xD9, 0xD7, 0xB0, 0x15, 0x6A,
    0x41, 0x00, 0x00, 0x00, 0x7E, 0x2A, 0x00, 0x00, 0x00, 0x8E, 0xBC, 0xDF, 0x41, 0x00, 0x36, 0x12,
    0x2E, 0xB5, 0x00, 0x28, 0x07, 0x54, 0x96, 0x00, 0xA8, 0xD7, 0xCD, 0x19, 0x00, 0x00, 0x00, 0x4B,
    0xE3, 0x2B, 0x00, 0x37, 0xF8, 0x1E, 0x00, 0x00, 0xEC, 0x51, 0x00, 0x00, 0x4E, 0xF8, 0xAB, 0xD8,
    0x5B, 0x9F, 0xBA, 0x00, 0x15, 0xEB, 0x8D, 0x7E, 0x00, 0x3A, 0xC4, 0x13, 0xD7, 0xCD, 0xCA, 0x21,
    0x94, 0xDD, 0xD7, 0xE5, 0x7E, 0x74, 0x26, 0x0A, 0xC3, 0x09, 0x00, 0x00, 0xA9, 0x72, 0x00, 0x00,
    0x0F, 0xF0, 0x02, 0x00, 0x00, 0x81, 0x79, 0x00, 0x00, 0x13, 0xC2, 0x00, 0x00, 0x00, 0x6C, 0x74,
    0x00, 0x00, 0x00, 0x2D, 0xB7, 0xD7, 0x9D, 0x00, 0x8B, 0x3A, 0x00, 0xB7, 0x1E, 0x86, 0x31, 0x0F,
    0xB1, 0x03, 0x61, 0xE2, 0xFF, 0x35, 0x00, 0x96, 0x21, 0x1B, 0xB1, 0x00, 0x78, 0x0F, 0x33, 0xAD,
    0x00, 0xAE, 0xD4, 0xD4, 0x2A, 0x00, 0x2F, 0xB8, 0xDE, 0x84, 0x00, 0x8E, 0x36, 0x00, 0xBE, 0x01,
    0x86, 0x25, 0x00, 0xBE, 0x06, 0x95, 0x2C, 0x3C, 0xBD, 0x00, 0x6A, 0xC8, 0xBE, 0x62, 0x00, 0x00,
    0x25, 0xAF, 0x00, 0x00, 0x41, 0xA4, 0x0D, 0x00, 0x00, 0x00, 0xAA, 0xB5, 0x00, 0x31, 0x21, 0x00,
    0x00, 0x00, 0x01, 0x4E, 0x00, 0x46, 0xFF, 0x0A, 0x00, 0xAA, 0xB5, 0x00, 0x31, 0x21, 0x00, 0x00,
    0x00, 0x00, 0x6D, 0x16, 0x36, 0xFF, 0x03, 0xBA, 0x69, 0x00, 0x42, 0x00, 0x00, 0x00, 0x00, 0x00,
    0x57, 0x10, 0x00, 0x33, 0xCF, 0x8E, 0x00, 0x72, 0xB2, 0x1C, 0x00, 0x00, 0x99, 0x63, 0x00, 0x00,
    0x00, 0x0D, 0x9D, 0xB8, 0x05, 0x00, 0x00, 0x00, 0x75, 0x46, 0x00, 0x8A, 0xC8, 0xC8, 0xA2, 0x0A,
    0x00, 0x00, 0x00, 0x00, 0x00, 0xA7, 0xC8, 0xC8, 0x90, 0x00, 0x00, 0x73, 0x06, 0x00, 0x00, 0x00,
    0x6D, 0xDC, 0x3D, 0x00, 0x00, 0x00, 0x18, 0xBC, 0x97, 0x00, 0x00, 0x28, 0xBC, 0xA3, 0x13, 0xA2,
    0xC6, 0x31, 0x00, 0x79, 0x54, 0x00, 0x00, 0x00, 0x49, 0xDE, 0xE9, 0xBB, 0xA2, 0x1B, 0x00, 0xF5,
    0x00, 0x00, 0x2E, 0xE9, 0x00, 0xAF, 0xD4, 0x34, 0x00, 0xC0, 0x00, 0x00, 0x0C, 0x45, 0x00, 0x00,
    0x82, 0xF6, 0x00, 0x00, 0x2B, 0xAD, 0xB5, 0x8C, 0x00, 0x7A, 0x2D, 0x00, 0xA3, 0x09, 0x7B, 0xA0,
    0xAF, 0xB9, 0x03, 0x81, 0xCC, 0x00, 0x9E, 0x00, 0x79, 0xB2, 0x19, 0xA1, 0x00, 0x68, 0xA3, 0x87,
    0x73, 0x00, 0x83, 0x1D, 0x00, 0x00, 0x00, 0x6F, 0xBD, 0xA5, 0x00, 0x00, 0x00, 0x00, 0x3E, 0xF2,
    0x00, 0x00, 0x00, 0x68, 0xCD, 0x16, 0x00, 0x07, 0x71, 0xA2, 0x46, 0x00, 0x12, 0x6F, 0x8B, 0x76,
    0x00, 0x2D, 0xEE, 0xF4, 0xA6, 0x00, 0xA3, 0x36, 0x3E, 0xB2, 0x01, 0xD9, 0x02, 0x18, 0xDA, 0x00,
    0xC3, 0xDC, 0xE4, 0xAC, 0x00, 0xE6, 0x00, 0x00, 0xF7, 0x00, 0xEC, 0x00, 0x15, 0xEE, 0x18, 0xFF,
    0xC8, 0xFF, 0x5B, 0x52, 0xAA, 0x00, 0x1B, 0xDF, 0x8D, 0x90, 0x00, 0x3A, 0xCA, 0xA6, 0xF6, 0xDF,
    0xEB, 0x36, 0x0E, 0xA5, 0xD7, 0xA2, 0x01, 0x75, 0x5F, 0x00, 0x7D, 0x22, 0x93, 0x2F, 0x00, 0x00,
    0x00, 0x8E, 0x25, 0x00, 0x00, 0x00, 0x93, 0x23, 0x00, 0x00, 0x00, 0x87, 0x25, 0x39, 0x88, 0x00,
    0x73, 0xD4, 0xDC, 0x1D, 0x00, 0x66, 0xDA, 0xE6, 0x6F, 0x00, 0x82, 0x3A, 0x01, 0xC1, 0x01, 0x8C,
    0x2F, 0x00, 0xB0, 0x16, 0x8B, 0x2E, 0x00, 0xC2, 0x06, 0x87, 0x27, 0x04, 0xC5, 0x00, 0x95, 0x23,
    0x88, 0x93, 0x00, 0xDA, 0xE5, 0xC0, 0x07, 0x00, 0x75, 0xD9, 0xD7, 0xBA, 0x45, 0x8D, 0x32, 0x00,
    0x00, 0x00, 0x90, 0x30, 0x00, 0x00, 0x00, 0xA1, 0xDB, 0xD2, 0x8E, 0x00, 0x86, 0x22, 0x00, 0x00,
    0x00, 0x8F, 0x1E, 0x00, 0x00, 0x00, 0xD5, 0xE2, 0xDC, 0x49, 0x00, 0x75, 0xD9, 0xD7, 0xBF, 0x5D,
    0x8C, 0x32, 0x00, 0x00, 0x00, 0x8F, 0x30, 0x00, 0x00, 0x00, 0xA1, 0xE3, 0xDC, 0x85, 0x00, 0x86,
    0x22, 0x00, 0x00, 0x00, 0x8F, 0x1D, 0x00, 0x00, 0x00, 0x75, 0x12, 0x00, 0x00, 0x00, 0x18, 0xB0,
    0xD8, 0x94, 0x00, 0x83, 0x4E, 0x00, 0x6E, 0x0A, 0x8F, 0x2A, 0x00, 0x00, 0x00, 0x9C, 0x4D, 0xC8,
    0x9E, 0x00, 0x8E, 0x1C, 0x16, 0xA5, 0x00, 0x99, 0x24, 0x9A, 0x82, 0x00, 0x8D, 0xDC, 0xD4, 0x74,
    0x00, 0x80, 0x3E, 0x00, 0xA6, 0x60, 0x8E, 0x2F, 0x00, 0xA9, 0x27, 0x8E, 0x2F, 0x00, 0xBA, 0x00,
    0xAC, 0xDB, 0xD2, 0xC6, 0x00, 0x95, 0x23, 0x21, 0xA6, 0x00, 0x8A, 0x18, 0x5B, 0x81, 0x00, 0x70,
    0x0D, 0x96, 0x6D, 0x00, 0x5A, 0xCB, 0xFF, 0xAD, 0x3F, 0x00, 0x49, 0xA2, 0x00, 0x00, 0x00, 0x76,
    0x8A, 0x00, 0x00, 0x00, 0x88, 0x4F, 0x00, 0x00, 0x00, 0xAD, 0x16, 0x00, 0x00, 0x00, 0xBC, 0x00,
    0x00, 0x00, 0xAF, 0xF4, 0xC8, 0x3A, 0x00, 0x00, 0x19, 0xD7, 0xD7, 0xFF, 0x00, 0x00, 0x00, 0x06,
    0xE9, 0x00, 0x00, 0x00, 0x39, 0xBF, 0x00, 0x00, 0x00, 0x72, 0xAB, 0x00, 0x00, 0x00, 0xA9, 0x70,
    0x67, 0x5A, 0x00, 0xD9, 0x25, 0x27, 0xE9, 0xE3, 0xBE, 0x00, 0x7B, 0x46, 0x00, 0xAD, 0x8A, 0x8C,
    0x2F, 0xB7, 0x8B, 0x00, 0x8C, 0x9E, 0xAF, 0x00, 0x00, 0xA6, 0xFF, 0x82, 0x00, 0x00, 0xBC, 0x66,
    0xE9, 0x00, 0x00, 0x8E, 0x1C, 0xD8, 0x2E, 0x00, 0x73, 0x10, 0x63, 0x8E, 0x00, 0x00, 0x7E, 0x9C,
    0x00, 0x00, 0x00, 0xB7, 0x63, 0x00, 0x00, 0x00, 0xC8, 0x2A, 0x00, 0x00, 0x00, 0xE9, 0x01, 0x00,
    0x00, 0x00, 0xEC, 0x00, 0x00, 0x00, 0x1B, 0xD4, 0x00, 0x00, 0x00, 0x55, 0xFF, 0xDC, 0xDC, 0x7C,
    0x99, 0x8D, 0x00, 0xDD, 0x8A, 0x97, 0xB5, 0x69, 0xDC, 0x51, 0x7D, 0xC5, 0xCB, 0xA2, 0x18, 0x89,
    0xCC, 0x82, 0xA9, 0x00, 0x7D, 0x68, 0x01, 0xAA, 0x00, 0x63, 0x0A, 0x15, 0x9C, 0x00, 0x56, 0x01,
    0x4F, 0x8E, 0x00, 0x81, 0xBC, 0x00, 0x9A, 0x60, 0x8E, 0xE6, 0x00, 0x9D, 0x27, 0x89, 0xE1, 0x03,
    0xB0, 0x00, 0x83, 0xAF, 0x3F, 0xB0, 0x00, 0x8C, 0x85, 0x9C, 0xA5, 0x00, 0x7F, 0x38, 0xF0, 0x81,
    0x00, 0x64, 0x08, 0xFF, 0x6D, 0x00, 0x1C, 0xB3, 0xDA, 0x82, 0x00, 0x85, 0x49, 0x00, 0xB3, 0x0D,
    0x8C, 0x28, 0x00, 0xA6, 0x28, 0x97, 0x21, 0x00, 0xBF, 0x0D, 0x87, 0x17, 0x03, 0xC2, 0x00, 0x8C,
    0x1E, 0x85, 0x87, 0x00, 0x8B, 0xD7, 0xB7, 0x06, 0x00, 0x75, 0xD9, 0xDC, 0xBB, 0x0C, 0x8B, 0x31,
    0x00, 0x9E, 0x51, 0x8B, 0x2E, 0x03, 0xBF, 0x22, 0xA1, 0xE3, 0xE2, 0x72, 0x00, 0x81, 0x21, 0x00,
    0x00, 0x00, 0x8B, 0x1C, 0x00, 0x00, 0x00, 0x75, 0x11, 0x00, 0x00, 0x00, 0x19, 0xB1, 0xDC, 0x80,
    0x00, 0x81, 0x49, 0x00, 0xB2, 0x0C, 0x8B, 0x29, 0x00, 0xA5, 0x28, 0x98, 0x22, 0x00, 0xBC, 0x10,
    0x88, 0x18, 0x00, 0xC6, 0x00, 0x88, 0x1A, 0x5A, 0x8A, 0x00, 0xA6, 0xB3, 0xEC, 0x16, 0x00, 0x16,
    0xCA, 0x25, 0x5A, 0x00, 0x00, 0x3A, 0xFA, 0x55, 0x00, 0x75, 0xD9, 0xDC, 0xB8, 0x0A, 0x8B, 0x31,
    0x00, 0x9F, 0x51, 0x8C, 0x2F, 0x00, 0xB5, 0x24, 0xA1, 0xDB, 0xE6, 0x73, 0x00, 0x81, 0x48, 0xC1,
    0x00, 0x00, 0x8B, 0x1C, 0xEB, 0x0A, 0x00, 0x75, 0x11, 0xB1, 0x66, 0x00, 0x4D, 0xCA, 0xE1, 0x9E,
    0x07, 0x92, 0x31, 0x00, 0x52, 0x10, 0x9B, 0x55, 0x00, 0x00, 0x00, 0x3A, 0xC4, 0xEC, 0x3D, 0x00,
    0x00, 0x00, 0x36, 0xB6, 0x00, 0x45, 0x06, 0x37, 0xA0, 0x00, 0xAE, 0xDE, 0xD5, 0x22, 0x00, 0x92,
    0xE1, 0xFF, 0xCE, 0xA8, 0x00, 0x48, 0xA0, 0x00, 0x00, 0x00, 0x76, 0x87, 0x00, 0x00, 0x00, 0x89,
    0x4E, 0x00, 0x00, 0x00, 0xAE, 0x15, 0x00, 0x00, 0x00, 0xBE, 0x00, 0x00, 0x00, 0x02, 0xBD, 0x00,
    0x00, 0x00, 0x83, 0x3A, 0x00, 0xA8, 0x60, 0x8D, 0x2F, 0x00, 0xAA, 0x25, 0x8B, 0x2E, 0x00, 0xBC,
    0x00, 0x87, 0x25, 0x00, 0xBC, 0x00, 0x91, 0x22, 0x27, 0x9E, 0x00, 0x91, 0x21, 0x91, 0x72, 0x00,
    0x91, 0xDB, 0xD5, 0x0A, 0x00, 0x85, 0x2C, 0x00, 0x72, 0xA2, 0x85, 0x2C, 0x00, 0xAF, 0x2A, 0x83,
    0x2C, 0x22, 0xA8, 0x00, 0x73, 0x3E, 0xB5, 0x50, 0x00, 0x70, 0x62, 0xE4, 0x00, 0x00, 0x55, 0xB4,
    0xA6, 0x00, 0x00, 0x38, 0xDF, 0x16, 0x00, 0x00, 0x7A, 0x25, 0x00, 0x36, 0xC3, 0x89, 0x26, 0x00,
    0x6E, 0x99, 0x82, 0xA6, 0xA1, 0x9F, 0x45, 0x7A, 0xAE, 0xAF, 0xA2, 0x03, 0xA7, 0x8E, 0xB6, 0xA2,
    0x00, 0xCE, 0x3B, 0xDA, 0x84, 0x00, 0xC3, 0x29, 0xFF, 0x5B, 0x00, 0x00, 0x5B, 0x16, 0x63, 0xA0,
    0x00, 0x33, 0xA5, 0x98, 0x00, 0x00, 0x02, 0xED, 0x6E, 0x00, 0x00, 0x00, 0xDE, 0x42, 0x00, 0x00,
    0x33, 0xB0, 0x59, 0x00, 0x00, 0x75, 0x04, 0x73, 0x00, 0x03, 0x9B, 0x00, 0x8F, 0x00, 0x93, 0x2F,
    0x00, 0x80, 0xB5, 0x7B, 0x4E, 0x13, 0xC3, 0x10, 0x41, 0x9F, 0xB6, 0x4B, 0x00, 0x02, 0xCA, 0xB4,
    0x00, 0x00, 0x00, 0xB2, 0x1C, 0x00, 0x00, 0x00, 0xBE, 0x00, 0x00, 0x00, 0x02, 0xBD, 0x00, 0x00,
    0x00, 0x66, 0xCE, 0xD7, 0xEA, 0x94, 0x00, 0x00, 0x3F, 0xB8, 0x07, 0x00, 0x11, 0xEE, 0x1E, 0x00,
    0x01, 0xA9, 0x58, 0x00, 0x00, 0x6D, 0xA6, 0x00, 0x00, 0x00, 0xA1, 0x28, 0x00, 0x00, 0x00, 0xF1,
    0xDE, 0xDC, 0x85, 0x00, 0x44, 0xCE, 0xA8, 0x33, 0x69, 0x48, 0x00, 0x00, 0x72, 0x1D, 0x00, 0x00,
    0x77, 0x18, 0x00, 0x00, 0x78, 0x18, 0x00, 0x00, 0x75, 0x16, 0x00, 0x00, 0x7E, 0x13, 0x00, 0x00,
    0x70, 0x0C, 0x00, 0x00, 0xAF, 0xAF, 0x00, 0x00, 0x63, 0x75, 0x00, 0x15, 0xA1, 0x00, 0x00, 0xB4,
    0x00, 0x00, 0xB2, 0x00, 0x00, 0xA0, 0x37, 0x00, 0x4F, 0x87, 0x00, 0x09, 0xAB, 0x00, 0x00, 0xB4,
    0x00, 0x00, 0x6C, 0x00, 0x87, 0xB9, 0xF3, 0x00, 0x00, 0x00, 0xC4, 0x00, 0x00, 0x1B, 0xAB, 0x00,
    0x00, 0x55, 0x93, 0x00, 0x00, 0x90, 0x58, 0x00, 0x00, 0xA8, 0x1E, 0x00, 0x00, 0xC1, 0x00, 0x00,
    0x00, 0xC0, 0x00, 0xB8, 0xB4, 0xB7, 0x00, 0x00, 0x6A, 0xFF, 0x0C, 0x00, 0x18, 0xAA, 0x7E, 0x6E,
    0x00, 0x7D, 0x46, 0x09, 0xA8, 0x00, 0x65, 0x19, 0x00, 0x8B, 0x0A, 0xC6, 0xD7, 0xD7, 0xD7, 0x5A,
    0x46, 0x00, 0xC8, 0x07, 0x39, 0x12, 0x00, 0xB7, 0xDD, 0xAE, 0xDA, 0x3F, 0xBE, 0x00, 0x36, 0xC3,
    0xA5, 0x73, 0x00, 0x5E, 0xAE, 0xAF, 0x73, 0x00, 0xB5, 0x72, 0x3A, 0xF6, 0xC0, 0xBA, 0xCB, 0x00,
    0xBB, 0x51, 0x00, 0x00, 0x00, 0xCD, 0x13, 0x00, 0x00, 0x00, 0xDD, 0xB8, 0xE2, 0xAB, 0x01, 0xFF,
    0x12, 0x01, 0xF0, 0x2E, 0xB7, 0x00, 0x00, 0xE4, 0x6A, 0xB2, 0x00, 0x4C, 0xB1, 0xA8, 0xA2, 0xC6,
    0xE3, 0x18, 0x00, 0x6F, 0xCF, 0xE1, 0x70, 0x15, 0xDD, 0x00, 0x03, 0x46, 0x61, 0xB4, 0x00, 0x00,
    0x00, 0x60, 0xAF, 0x00, 0x52, 0x6F, 0x04, 0xC9, 0xCB, 0xC3, 0x0C, 0x00, 0x00, 0x00, 0x93, 0x46,
    0x00, 0x00, 0x00, 0xAD, 0x0D, 0x6B, 0xD6, 0xBB, 0xB5, 0x00, 0x8B, 0x26, 0x19, 0xB5, 0x00, 0x87,
    0x17, 0x40, 0x8D, 0x00, 0x8B, 0x17, 0xA5, 0x78, 0x00, 0xA9, 0xD2, 0xD2, 0x48, 0x00, 0x00, 0x67,
    0xC3, 0xD0, 0xA2, 0x18, 0xCD, 0x00, 0x28, 0xD5, 0x67, 0xE4, 0xA0, 0xB4, 0x1C, 0x66, 0xB4, 0x00,
    0x34, 0x7B, 0x07, 0xD2, 0xC9, 0xCD, 0x1B, 0x00, 0x00, 0x00, 0xC2, 0xAF, 0x00, 0x00, 0x13, 0x52,
    0x00, 0x00, 0x45, 0xEB, 0xE1, 0x5E, 0x00, 0x00, 0x8E, 0x33, 0x00, 0x00, 0x00, 0xA8, 0x1A, 0x00,
    0x00, 0x00, 0xD7, 0x04, 0x00, 0x00, 0x0D, 0xDF, 0x00, 0x00, 0x06, 0x9B, 0xD9, 0x00, 0x00, 0x00,
    0x7E, 0x9F, 0x00, 0x00, 0x00, 0xAF, 0xE1, 0xB8, 0xDD, 0x3A, 0xC4, 0x00, 0x1B, 0xDC, 0x9F, 0x78,
    0x00, 0x3A, 0xAA, 0xA8, 0x73, 0x00, 0xBD, 0x91, 0x31, 0xF6, 0xC3, 0xBF, 0x55, 0x07, 0x00, 0x00,
    0xDD, 0x0C, 0x8E, 0xD8, 0xD8, 0x84, 0x00, 0x00, 0xA9, 0x64, 0x00, 0x00, 0x00, 0xBF, 0x28, 0x00,
    0x00, 0x00, 0xE1, 0xAC, 0xF5, 0x85, 0x00, 0xFF, 0x1E, 0x27, 0xCE, 0x1B, 0xCD, 0x00, 0x3A, 0xAB,
    0x58, 0xB5, 0x00, 0x78, 0x93, 0x96, 0x78, 0x00, 0xB4, 0x58, 0x00, 0x00, 0x01, 0x0D, 0x00, 0x00,
    0x00, 0x8B, 0xB7, 0x00, 0x00, 0x00, 0x00, 0x00, 0x00, 0x33, 0xCD, 0xFF, 0x36, 0x00, 0x00, 0x00,
    0xE1, 0x01, 0x00, 0x00, 0x00, 0xE2, 0x00, 0x1B, 0x00, 0x2D, 0xBC, 0xA2, 0xAF, 0x00, 0x3D, 0xFF,
    0xA5, 0x00, 0x00, 0x00, 0x00, 0x00, 0x0D, 0x00, 0x00, 0x00, 0x78, 0xC9, 0x00, 0x00, 0x00, 0x00,
    0x00, 0x00, 0x63, 0xCD, 0xFF, 0x46, 0x00, 0x00, 0x00, 0xD3, 0x0D, 0x00, 0x00, 0x00, 0xDE, 0x00,
    0x00, 0x00, 0x04, 0xDA, 0x00, 0x10, 0x0D, 0x36, 0xB2, 0x00, 0x4C, 0xCF, 0x76, 0x9A, 0x00, 0x00,
    0x7E, 0xFF, 0x3A, 0x00, 0x65, 0x72, 0x00, 0x00, 0x00, 0x73, 0x45, 0x00, 0x00, 0x00, 0x86, 0xB1,
    0xE8, 0x79, 0x00, 0x99, 0x49, 0x34, 0x95, 0x00, 0x86, 0x90, 0xB7, 0x18, 0x00, 0x90, 0xCE, 0x1E,
    0x84, 0x06, 0x84, 0x5B, 0xF5, 0x5E, 0x00, 0x00, 0xC8, 0xFF, 0x7C, 0x00, 0x00, 0x00, 0xB5, 0x36,
    0x00, 0x00, 0x00, 0xE1, 0x01, 0x00, 0x00, 0x00, 0xE2, 0x00, 0x00, 0x00, 0x2E, 0xBC, 0x00, 0x19,
    0x00, 0x75, 0x9D, 0xA3, 0x87, 0x00, 0x7E, 0xF6, 0x73, 0x00, 0x9B, 0xD4, 0x9C, 0xB3, 0x09, 0x84,
    0xAC, 0x54, 0x9D, 0x15, 0x62, 0xA8, 0x0C, 0xA6, 0x00, 0x53, 0xA6, 0x00, 0xA6, 0x00, 0x52, 0xA6,
    0x16, 0x96, 0x00, 0x00, 0xDD, 0x9A, 0xD2, 0x85, 0x00, 0xFF, 0x12, 0x22, 0xCE, 0x1E, 0xC9, 0x00,
    0x3F, 0xAB, 0x5B, 0xB4, 0x00, 0x79, 0x93, 0x96, 0x78, 0x00, 0xB4, 0x58, 0x00, 0x88, 0xCF, 0xD9,
    0x61, 0x2B, 0xCB, 0x00, 0x06, 0xD9, 0x85, 0x8D, 0x00, 0x03, 0xE6, 0x84, 0x85, 0x00, 0x67, 0xBD,
    0x0F, 0xD3, 0xC9, 0xBB, 0x0D, 0x00, 0xE1, 0xA8, 0xC3, 0xAB, 0x03, 0xFF, 0x07, 0x00, 0xEB, 0x34,
    0xB4, 0x00, 0x00, 0xE7, 0x6F, 0xB2, 0x00, 0x51, 0xB1, 0xAB, 0xA1, 0xC6, 0xE3, 0x18, 0xBF, 0x24,
    0x00, 0x00, 0x00, 0xDE, 0x00, 0x00, 0x00, 0x00, 0x00, 0xB2, 0xDF, 0xBB, 0xDE, 0x3F, 0xBE, 0x00,
    0x19, 0xDC, 0xA5, 0x73, 0x00, 0x40, 0xAB, 0xAF, 0x73, 0x00, 0xA0, 0x91, 0x37, 0xF5, 0xC0, 0xC1,
    0x57, 0x00, 0x00, 0x00, 0xCB, 0x1B, 0x00, 0x00, 0x00, 0xE2, 0x00, 0x77, 0xF4, 0xA6, 0xAC, 0x3A,
    0x00, 0xC4, 0x21, 0x00, 0x00, 0x04, 0xAB, 0x00, 0x00, 0x00, 0x25, 0x91, 0x00, 0x00, 0x00, 0x48,
    0x8A, 0x00, 0x00, 0x00, 0x00, 0x97, 0xC6, 0xC9, 0x99, 0x00, 0xDE, 0x00, 0x00, 0x0D, 0x00, 0x84,
    0xCA, 0xC9, 0x30, 0x1E, 0x12, 0x00, 0x6F, 0xA2, 0x46, 0xDA, 0xC6, 0xCE, 0x22, 0x00, 0x00, 0xC0,
    0x15, 0x00, 0x00, 0x03, 0xE1, 0x00, 0x00, 0x39, 0xCD, 0xFF, 0xCD, 0xAF, 0x00, 0x24, 0xC3, 0x00,
    0x00, 0x00, 0x61, 0xAC, 0x00, 0x00, 0x00, 0x9F, 0x6F, 0xA3, 0x9D, 0x00, 0x99, 0xF0, 0x82, 0x00,
    0x00, 0xE1, 0x00, 0x00, 0xE1, 0x03, 0xDD, 0x00, 0x15, 0xCF, 0x31, 0xB7, 0x00, 0x55, 0xBE, 0x55,
    0xA5, 0x00, 0xB9, 0x82, 0x16, 0xFD, 0xCE, 0xDC, 0x46, 0x00, 0x00, 0x00, 0x00, 0x01, 0x58, 0xFF,
    0x6D, 0x07, 0xDC, 0x00, 0xAD, 0x37, 0x00, 0xE2, 0x00, 0xD7, 0x07, 0x1E, 0xCD, 0x00, 0xDC, 0x00,
    0xBF, 0x4C, 0x00, 0xE2, 0xD8, 0x72, 0x00, 0x00, 0x00, 0x00, 0x00, 0x00, 0x76, 0x6F, 0x8E, 0x98,
    0x07, 0x7E, 0x9A, 0x52, 0x94, 0x1E, 0x71, 0xA2, 0x16, 0x9F, 0x01, 0x5A, 0xB8, 0x09, 0xA9, 0x00,
    0xB8, 0xBC, 0xD2, 0x41, 0x00, 0x88, 0xC7, 0x99, 0xC9, 0x48, 0x2A, 0x9C, 0x82, 0x64, 0x5B, 0x00,
    0xB9, 0x2B, 0x00, 0x00, 0x4C, 0xD0, 0x12, 0x56, 0x00, 0xC8, 0xA2, 0xDD, 0x5C, 0x00, 0x00, 0xE1,
    0x00, 0x00, 0xDF, 0x01, 0xDF, 0x00, 0x12, 0xCF, 0x2E, 0xBB, 0x00, 0x4E, 0xBD, 0x4F, 0xAB, 0x00,
    0xAF, 0x81, 0x10, 0xF7, 0xC6, 0xCF, 0x45, 0x09, 0x00, 0x00, 0xE2, 0x04, 0x9A, 0xD7, 0xDA, 0x7B,
    0x00, 0x00, 0xBC, 0xC8, 0xB9, 0xEB, 0x0C, 0x96, 0x01, 0xB0, 0x4E, 0x00, 0x03, 0xAB, 0x46, 0x0A,
    0x04, 0xBA, 0x43, 0x1B, 0xB1, 0xA9, 0xBE, 0xBF, 0xCE, 0xBA, 0x1B, 0xBB, 0xA6, 0x1F, 0x51, 0x6D,
    0x00, 0x00, 0x29, 0xAC, 0x00, 0x00, 0x03, 0xAD, 0x00, 0x00, 0xD3, 0x5D, 0x00, 0x00, 0x42, 0x87,
    0x00, 0x00, 0x81, 0x24, 0x00, 0x00, 0x7B, 0x11, 0x00, 0x00, 0x93, 0xA4, 0x00, 0x00, 0x00, 0x00,
    0xC1, 0x00, 0x1F, 0xA7, 0x00, 0x5D, 0x8B, 0x00, 0x9A, 0x4E, 0x00, 0xB2, 0x12, 0x00, 0xC3, 0x00,
    0x00, 0xC3, 0x00, 0x12, 0xB2, 0x00, 0x1F, 0x55, 0x00, 0x00, 0x45, 0xB9, 0xDA, 0x00, 0x00, 0x00,
    0x00, 0xC5, 0x00, 0x00, 0x00, 0x7B, 0x8B, 0x00, 0x00, 0x00, 0xC9, 0x00, 0x00, 0x00, 0x00, 0xAB,
    0xCB, 0x72, 0x00, 0x2D, 0xA5, 0x00, 0x00, 0x00, 0x06, 0xD0, 0x00, 0x00, 0x00, 0x00, 0xC1, 0x00,
    0x00, 0x79, 0xB2, 0x99, 0x00, 0x00, 0x80, 0xBD, 0x0A, 0x85, 0x06, 0x4F, 0x55, 0xDA, 0x71, 0x00,
    0x00, 0xAB, 0xB6, 0x00, 0x33, 0x21, 0x00, 0x55, 0x00, 0x00, 0xA0, 0x00, 0x01, 0xDA, 0x00, 0x31,
    0xCF, 0x00, 0x6C, 0xBE, 0x00, 0x00, 0x00, 0x1E, 0xB8, 0x00, 0x00, 0x76, 0xEB, 0xFF, 0x73, 0x15,
    0xD7, 0x96, 0x39, 0x3D, 0x63, 0xB2, 0xA6, 0x03, 0x00, 0x63, 0xB8, 0xAB, 0x4F, 0x72, 0x06, 0xDA,
    0xFF, 0xCA, 0x0C, 0x00, 0x12, 0xA2, 0x00, 0x00, 0x1B, 0xAF, 0xCF, 0x95, 0x00, 0x7A, 0x4F, 0x00,
    0x6E, 0x10, 0x8F, 0x30, 0x00, 0x00, 0x00, 0xC7, 0xD8, 0x88, 0x00, 0x00, 0x79, 0x43, 0x00, 0x30,
    0x00, 0x8A, 0x4C, 0x00, 0xAA, 0x00, 0xAF, 0xBC, 0xFA, 0xB1, 0x00, 0x56, 0x1F, 0x00, 0x75, 0x1B,
    0x63, 0xCF, 0xD2, 0x9D, 0x00, 0x80, 0x47, 0x3F, 0x98, 0x00, 0x8C, 0x2E, 0x30, 0x9D, 0x00, 0x8F,
    0x2F, 0xA0, 0x67, 0x00, 0xA2, 0xDA, 0xFF, 0x13, 0x00, 0x4B, 0x09, 0x54, 0x32, 0x00, 0x92, 0x2F,
    0x00, 0x75, 0xB9, 0x85, 0x3E, 0x00, 0xC2, 0x1F, 0x62, 0x7E, 0x7C, 0x92, 0x00, 0x22, 0x9F, 0xE8,
    0x0A, 0x00, 0x92, 0xF4, 0xED, 0x93, 0x00, 0x00, 0xB4, 0x00, 0x00, 0x00, 0xBB, 0xF5, 0xCD, 0x4E,
    0x00, 0x00, 0x00, 0xC1, 0x00, 0x21, 0xA6, 0x00, 0x5E, 0x8A, 0x00, 0x37, 0x27, 0x00, 0x00, 0x00,
    0x00, 0xC3, 0x00, 0x00, 0xC3, 0x00, 0x15, 0xB0, 0x00, 0x1B, 0x46, 0x00, 0x00, 0x24, 0xDF, 0xD0,
    0xA7, 0x00, 0xA5, 0x79, 0x00, 0x00, 0x00, 0x5B, 0xFF, 0xAD, 0x25, 0x1B, 0xFF, 0x75, 0xC5, 0xDD,
    0x28, 0xB4, 0x00, 0x0D, 0xAE, 0x00, 0x31, 0x48, 0xA8, 0x00, 0x03, 0x10, 0x01, 0xEC, 0x03, 0x2B,
    0xC6, 0xD5, 0x79, 0x00, 0x76, 0xB1, 0xC3, 0x3F, 0x26, 0x92, 0xA5, 0x57, 0x00, 0x78, 0x22, 0x00,
    0x98, 0x3D, 0x4D, 0x93, 0xA8, 0x3E, 0xB1, 0x99, 0x6C, 0x22, 0x35, 0xB4, 0xA5, 0x40, 0x2B, 0x6B,
    0x67, 0x91, 0xA9, 0xA5, 0x8E, 0x00, 0x6E, 0xAA, 0xB5, 0x0A, 0x00, 0x03, 0xB6, 0xD7, 0x3C, 0x00,
    0x1F, 0x63, 0x73, 0x33, 0xA0, 0xCE, 0x45, 0x72, 0xAB, 0xD4, 0x12, 0x00, 0x4D, 0x00, 0x4B, 0x01,
    0x62, 0xAC, 0xB1, 0x82, 0x00, 0xA9, 0x71, 0xE1, 0x00, 0x00, 0x82, 0x67, 0xC9, 0x48, 0x00, 0x06,
    0x2C, 0x04, 0x2E, 0x00, 0x52, 0xC8, 0xC8, 0xC8, 0xC4, 0x00, 0x00, 0x00, 0x01, 0xC3, 0x00, 0x00,
    0x00, 0x1E, 0x9F, 0x9F, 0xFA, 0xF8, 0x0D, 0x0C, 0x88, 0x93, 0x24, 0x9F, 0x79, 0x6D, 0xAC, 0xAC,
    0xA8, 0xAB, 0x93, 0x2E, 0xBA, 0xB8, 0x07, 0x4E, 0xC8, 0xC8, 0x27, 0x03, 0xA3, 0xC5, 0x3D, 0x72,
    0x8B, 0x19, 0xBB, 0x93, 0x6D, 0x34, 0xA2, 0x16, 0xBE, 0xB9, 0x19, 0x00, 0x37, 0xBD, 0x00, 0x00,
    0x00, 0x60, 0x88, 0x00, 0x00, 0x8E, 0xF2, 0xE1, 0x9E, 0x01, 0x00, 0x9C, 0x16, 0x00, 0x00, 0x00,
    0x7D, 0x00, 0x00, 0x00, 0xC1, 0xC8, 0xC8, 0x60, 0x00, 0x00, 0xB1, 0xC9, 0x3D, 0x00, 0x16, 0xBD,
    0x18, 0x42, 0xF1, 0xAE, 0x01, 0x00, 0x91, 0xB5, 0x39, 0x00, 0x45, 0xCF, 0x0A, 0x2D, 0xAF, 0xBE,
    0x09, 0x00, 0x3D, 0x00, 0x39, 0xC1, 0x00, 0x40, 0x0C, 0x00, 0x00, 0xE1, 0x00, 0x00, 0xE1, 0x01,
    0xDE, 0x00, 0x10, 0xD0, 0x2B, 0xBC, 0x00, 0x4C, 0xA1, 0x66, 0xA2, 0x00, 0xA3, 0x87, 0xA0, 0xED,
    0xA8, 0xD3, 0x4C, 0xB6, 0x30, 0x00, 0x00, 0x00, 0xDD, 0x03, 0x00, 0x00, 0x00, 0x4C, 0xE5, 0xFF,
    0xD4, 0x28, 0xA5, 0xFF, 0xBE, 0xA2, 0x00, 0xBB, 0xFF, 0x82, 0xA2, 0x00, 0xA1, 0xFF, 0x4E, 0x9C,
    0x00, 0x12, 0xBC, 0x4B, 0x90, 0x00, 0x00, 0x9E, 0x79, 0x60, 0x00, 0x00, 0xA0, 0xB5, 0x2E, 0x00,
    0x0E, 0x92, 0xC1, 0x05, 0x00, 0x02, 0x0B, 0x12, 0x00, 0x00, 0x04, 0x00, 0xFF, 0x87, 0x36, 0x09,
    0x00, 0x2A, 0x00, 0x00, 0x7C, 0x88, 0x21, 0xB4, 0x67, 0x00, 0x87, 0xD3, 0x00, 0x00, 0x04, 0xA8,
    0x00, 0x1B, 0xA1, 0xD5, 0x1E, 0x00, 0xA8, 0xC4, 0x55, 0x4F, 0x9A, 0x13, 0xAC, 0x7C, 0x67, 0x49,
    0xA3, 0x21, 0xD0, 0xB6, 0x18, 0x07, 0x5B, 0x01, 0x61, 0x00, 0x00, 0xCD, 0x5E, 0xBF, 0x70, 0x00,
    0x6A, 0xD5, 0x54, 0xE9, 0x58, 0xCE, 0x61, 0xD4, 0x1F, 0x39, 0x01, 0x36, 0x04, 0x00, 0x00, 0x14,
    0x2B, 0x00, 0x46, 0x00, 0x57, 0x73, 0x44, 0x87, 0x00, 0x42, 0x31, 0x77, 0x00, 0x00, 0x7C, 0x7F,
    0x2C, 0x00, 0x00, 0x33, 0x1C, 0xB4, 0x00, 0x00, 0x5C, 0x13, 0xB2, 0x00, 0x00, 0x7A, 0x6F, 0xCF,
    0x03, 0x0A, 0x28, 0x00, 0x27, 0x00, 0x00, 0x4F, 0x6F, 0x07, 0xB2, 0x00, 0x40, 0x60, 0x6E, 0x40,
    0x00, 0x45, 0x28, 0x76, 0x00, 0x00, 0x90, 0x9C, 0xB4, 0x00, 0x00, 0x53, 0x04, 0x86, 0x01, 0x00,
    0x86, 0x03, 0x86, 0x00, 0x0A, 0x65, 0x61, 0xA1, 0x00, 0x00, 0x50, 0xA8, 0x07, 0xAB, 0x00, 0x10,
    0xB2, 0x6E, 0x40, 0x00, 0x30, 0xB4, 0x75, 0x00, 0x00, 0x74, 0x7C, 0x2F, 0x00, 0x00, 0x38, 0x1E,
    0xB8, 0x00, 0x00, 0x5E, 0x16, 0xB3, 0x00, 0x00, 0x7A, 0x70, 0xCF, 0x03, 0x0A, 0x28, 0x00, 0x27,
    0x00, 0x00, 0x00, 0x01, 0x16, 0x00, 0x00, 0x00, 0xA0, 0xF2, 0x00, 0x00, 0x00, 0x09, 0x10, 0x00,
    0x00, 0x00, 0x91, 0x51, 0x00, 0x03, 0xBD, 0xED, 0x22, 0x00, 0x93, 0xB7, 0x00, 0x00, 0x00, 0xAF,
    0x55, 0x00, 0xBE, 0x1E, 0x45, 0xF5, 0xDA, 0xB5, 0x00, 0x00, 0x00, 0x12, 0x89, 0x00, 0x00, 0x00,
    0x00, 0x99, 0x00, 0x00, 0x00, 0x00, 0x00, 0x00, 0x00, 0x00, 0x3E, 0xF2, 0x00, 0x00, 0x00, 0x68,
    0xCD, 0x16, 0x00, 0x07, 0x71, 0xA2, 0x46, 0x00, 0x12, 0x6F, 0x8B, 0x76, 0x00, 0x2D, 0xEE, 0xF4,
    0xA6, 0x00, 0xA3, 0x36, 0x3E, 0xB2, 0x01, 0xD9, 0x02, 0x18, 0xDA, 0x00, 0x00, 0x00, 0x31, 0x90,
    0x00, 0x00, 0x00, 0x95, 0x1B, 0x00, 0x00, 0x00, 0x00, 0x00, 0x00, 0x00, 0x3E, 0xF2, 0x00, 0x00,
    0x00, 0x68, 0xCD, 0x16, 0x00, 0x07, 0x71, 0xA2, 0x46, 0x00, 0x12, 0x6F, 0x8B, 0x76, 0x00, 0x2D,
    0xEE, 0xF4, 0xA6, 0x00, 0xA3, 0x36, 0x3E, 0xB2, 0x01, 0xD9, 0x02, 0x18, 0xDA, 0x00, 0x00, 0x03,
    0x93, 0x39, 0x00, 0x00, 0x5B, 0x6B, 0xB1, 0x00, 0x00, 0x00, 0x00, 0x00, 0x00, 0x00, 0x3E, 0xF2,
    0x00, 0x00, 0x00, 0x68, 0xCD, 0x16, 0x00, 0x07, 0x71, 0xA2, 0x46, 0x00, 0x12, 0x6F, 0x8B, 0x76,
    0x00, 0x2D, 0xEE, 0xF4, 0xA6, 0x00, 0xA3, 0x36, 0x3E, 0xB2, 0x01, 0xD9, 0x02, 0x18, 0xDA, 0x00,
    0x00, 0x73, 0x40, 0x00, 0x00, 0x00, 0x90, 0xE2, 0x03, 0x00, 0x00, 0x00, 0x00, 0x00, 0x00, 0x00,
    0x7C, 0x66, 0x00, 0x00, 0x00, 0xCF, 0x5F, 0x00, 0x00, 0x1A, 0xA0, 0x6B, 0x00, 0x00, 0x49, 0x27,
    0x83, 0x00, 0x00, 0x73, 0xDC, 0xC6, 0x00, 0x00, 0x91, 0x00, 0x86, 0x00, 0x01, 0x92, 0x00, 0x8E,
    0x00, 0x00, 0x00, 0x62, 0x55, 0xE9, 0x00, 0x00, 0x00, 0x00, 0x00, 0x00, 0x00, 0x3E, 0xF2, 0x00,
    0x00, 0x00, 0x68, 0xCD, 0x16, 0x00, 0x07, 0x71, 0xA2, 0x46, 0x00, 0x12, 0x6F, 0x8B, 0x76, 0x00,
    0x2D, 0xEE, 0xF4, 0xA6, 0x00, 0xA3, 0x36, 0x3E, 0xB2, 0x01, 0xD9, 0x02, 0x18, 0xDA, 0x00, 0x00,
    0x00, 0x71, 0x2A, 0x00, 0x00, 0x3B, 0x5D, 0xB2, 0x00, 0x00, 0x29, 0x9F, 0x75, 0x00, 0x00, 0x00,
    0x00, 0x00, 0x00, 0x00, 0x3E, 0xF2, 0x00, 0x00, 0x00, 0x68, 0xCD, 0x16, 0x00, 0x07, 0x71, 0xA2,
    0x46, 0x00, 0x12, 0x6F, 0x8B, 0x76, 0x00, 0x2D, 0xEE, 0xF4, 0xA6, 0x00, 0xA3, 0x36, 0x3E, 0xB2,
    0x01, 0xD9, 0x02, 0x18, 0xDA, 0x00, 0x00, 0xAA, 0xE4, 0x94, 0x00, 0x04, 0xD2, 0x59, 0x00, 0x00,
    0x36, 0x7B, 0x5A, 0x00, 0x00, 0x54, 0x2D, 0xE3, 0x07, 0x00, 0x8E, 0xED, 0x49, 0x00, 0x00, 0x81,
    0x9C, 0x32, 0x00, 0x0E, 0x85, 0xAD, 0xC1, 0x00, 0x10, 0xA8, 0xD8, 0xA4, 0x01, 0x77, 0x5D, 0x00,
    0x78, 0x21, 0x93, 0x2F, 0x00, 0x00, 0x00, 0x8E, 0x24, 0x00, 0x00, 0x00, 0x93, 0x23, 0x00, 0x05,
    0x00, 0x8E, 0x28, 0x52, 0x8E, 0x00, 0x62, 0xE5, 0xC8, 0x11, 0x00, 0x00, 0x7F, 0x61, 0x00, 0x00,
    0x21, 0x98, 0x55, 0x00, 0x00, 0x00, 0x13, 0x9F, 0x00, 0x00, 0x00, 0x00, 0xAA, 0x00, 0x00, 0x00,
    0x00, 0x00, 0x00, 0x00, 0x75, 0xD9, 0xD7, 0xBA, 0x45, 0x8D, 0x32, 0x00, 0x00, 0x00, 0x90, 0x30,
    0x00, 0x00, 0x00, 0xA1, 0xDB, 0xD2, 0x8E, 0x00, 0x86, 0x22, 0x00, 0x00, 0x00, 0x8F, 0x1E, 0x00,
    0x00, 0x00, 0xD5, 0xE2, 0xDC, 0x49, 0x00, 0x00, 0x00, 0x2A, 0x7D, 0x00, 0x00, 0x00, 0xA0, 0x1B,
    0x00, 0x00, 0x00, 0x00, 0x00, 0x00, 0x75, 0xD9, 0xD7, 0xBA, 0x45, 0x8D, 0x32, 0x00, 0x00, 0x00,
    0x90, 0x30, 0x00, 0x00, 0x00, 0xA1, 0xDB, 0xD2, 0x8E, 0x00, 0x86, 0x22, 0x00, 0x00, 0x00, 0x8F,
    0x1E, 0x00, 0x00, 0x00, 0xD5, 0xE2, 0xDC, 0x49, 0x00, 0x00, 0x02, 0x9F, 0x33, 0x00, 0x00, 0x89,
    0x66, 0x92, 0x00, 0x00, 0x00, 0x00, 0x00, 0x00, 0x75, 0xD9, 0xD7, 0xBA, 0x45, 0x8D, 0x32, 0x00,
    0x00, 0x00, 0x90, 0x30, 0x00, 0x00, 0x00, 0xA1, 0xDB, 0xD2, 0x8E, 0x00, 0x86, 0x22, 0x00, 0x00,
    0x00, 0x8F, 0x1E, 0x00, 0x00, 0x00, 0xD5, 0xE2, 0xDC, 0x49, 0x00, 0x00, 0x92, 0x4F, 0xC1, 0x00,
    0x00, 0x00, 0x00, 0x00, 0x00, 0x75, 0xD9, 0xD7, 0xBA, 0x45, 0x8D, 0x32, 0x00, 0x00, 0x00, 0x90,
    0x30, 0x00, 0x00, 0x00, 0xA1, 0xDB, 0xD2, 0x8E, 0x00, 0x86, 0x22, 0x00, 0x00, 0x00, 0x8F, 0x1E,
    0x00, 0x00, 0x00, 0xD5, 0xE2, 0xDC, 0x49, 0x00, 0x00, 0x20, 0x90, 0x00, 0x00, 0x00, 0x00, 0xA8,
    0x00, 0x00, 0x00, 0x00, 0x00, 0x00, 0x00, 0x5A, 0xCB, 0xFF, 0xAD, 0x3F, 0x00, 0x49, 0xA2, 0x00,
    0x00, 0x00, 0x76, 0x8A, 0x00, 0x00, 0x00, 0x88, 0x4F, 0x00, 0x00, 0x00, 0xAD, 0x16, 0x00, 0x00,
    0x00, 0xBC, 0x00, 0x00, 0x00, 0xAF, 0xF4, 0xC8, 0x3A, 0x00, 0x00, 0x00, 0x3A, 0x71, 0x00, 0x00,
    0x00, 0xA8, 0x13, 0x00, 0x00, 0x00, 0x00, 0x00, 0x00, 0x5A, 0xCB, 0xFF, 0xAD, 0x3F, 0x00, 0x49,
    0xA2, 0x00, 0x00, 0x00, 0x76, 0x8A, 0x00, 0x00, 0x00, 0x88, 0x4F, 0x00, 0x00, 0x00, 0xAD, 0x16,
    0x00, 0x00, 0x00, 0xBC, 0x00, 0x00, 0x00, 0xAF, 0xF4, 0xC8, 0x3A, 0x00, 0x00, 0x06, 0xA5, 0x2B,
    0x00, 0x00, 0x97, 0x61, 0x8C, 0x00, 0x00, 0x00, 0x00, 0x00, 0x00, 0x5A, 0xCB, 0xFF, 0xAD, 0x3F,
    0x00, 0x49, 0xA2, 0x00, 0x00, 0x00, 0x76, 0x8A, 0x00, 0x00, 0x00, 0x88, 0x4F, 0x00, 0x00, 0x00,
    0xAD, 0x16, 0x00, 0x00, 0x00, 0xBC, 0x00, 0x00, 0x00, 0xAF, 0xF4, 0xC8, 0x3A, 0x00, 0x00, 0x9E,
    0x48, 0xB9, 0x00, 0x00, 0x00, 0x00, 0x00, 0x00, 0x5A, 0xCB, 0xFF, 0xAD, 0x3F, 0x00, 0x49, 0xA2,
    0x00, 0x00, 0x00, 0x76, 0x8A, 0x00, 0x00, 0x00, 0x88, 0x4F, 0x00, 0x00, 0x00, 0xAD, 0x16, 0x00,
    0x00, 0x00, 0xBC, 0x00, 0x00, 0x00, 0xAF, 0xF4, 0xC8, 0x3A, 0x00, 0x65, 0xDA, 0xE6, 0x6F, 0x00,
    0x80, 0x3E, 0x01, 0xC1, 0x01, 0x8E, 0x2F, 0x00, 0xB0, 0x16, 0xD7, 0xCB, 0x0A, 0xC2, 0x06, 0x8A,
    0x28, 0x04, 0xC5, 0x00, 0x96, 0x24, 0x88, 0x93, 0x00, 0xDA, 0xE5, 0xC0, 0x07, 0x00, 0x00, 0x62,
    0x78, 0x12, 0x00, 0x00, 0x76, 0xCA, 0xC0, 0x01, 0x00, 0x00, 0x00, 0x00, 0x00, 0x81, 0xBC, 0x00,
    0x9A, 0x60, 0x8E, 0xE6, 0x00, 0x9D, 0x27, 0x89, 0xE1, 0x03, 0xB0, 0x00, 0x83, 0xAF, 0x3F, 0xB0,
    0x00, 0x8C, 0x85, 0x9C, 0xA5, 0x00, 0x7F, 0x38, 0xF0, 0x81, 0x00, 0x64, 0x08, 0xFF, 0x6D, 0x00,
    0x00, 0x2E, 0x7F, 0x00, 0x00, 0x00, 0x03, 0xA6, 0x00, 0x00, 0x00, 0x00, 0x00, 0x00, 0x00, 0x1C,
    0xB3, 0xDA, 0x82, 0x00, 0x85, 0x49, 0x00, 0xB3, 0x0D, 0x8C, 0x28, 0x00, 0xA6, 0x28, 0x97, 0x21,
    0x00, 0xBF, 0x0D, 0x87, 0x17, 0x03, 0xC2, 0x00, 0x8C, 0x1E, 0x85, 0x87, 0x00, 0x8B, 0xD7, 0xB7,
    0x06, 0x00, 0x00, 0x00, 0x4C, 0x62, 0x00, 0x00, 0x00, 0xB0, 0x0C, 0x00, 0x00, 0x00, 0x00, 0x00,
    0x00, 0x1C, 0xB3, 0xDA, 0x82, 0x00, 0x85, 0x49, 0x00, 0xB3, 0x0D, 0x8C, 0x28, 0x00, 0xA6, 0x28,
    0x97, 0x21, 0x00, 0xBF, 0x0D, 0x87, 0x17, 0x03, 0xC2, 0x00, 0x8C, 0x1E, 0x85, 0x87, 0x00, 0x8B,
    0xD7, 0xB7, 0x06, 0x00, 0x00, 0x0F, 0xA6, 0x2A, 0x00, 0x00, 0x89, 0x4E, 0x86, 0x00, 0x00, 0x00,
    0x00, 0x00, 0x00, 0x1C, 0xB3, 0xDA, 0x82, 0x00, 0x85, 0x49, 0x00, 0xB3, 0x0D, 0x8C, 0x28, 0x00,
    0xA6, 0x28, 0x97, 0x21, 0x00, 0xBF, 0x0D, 0x87, 0x17, 0x03, 0xC2, 0x00, 0x8C, 0x1E, 0x85, 0x87,
    0x00, 0x8B, 0xD7, 0xB7, 0x06, 0x00, 0x00, 0x6D, 0x6A, 0x12, 0x00, 0x00, 0x7B, 0xD3, 0xB5, 0x00,
    0x00, 0x00, 0x00, 0x00, 0x00, 0x1C, 0xB3, 0xDA, 0x82, 0x00, 0x85, 0x49, 0x00, 0xB3, 0x0D, 0x8C,
    0x28, 0x00, 0xA6, 0x28, 0x97, 0x21, 0x00, 0xBF, 0x0D, 0x87, 0x17, 0x03, 0xC2, 0x00, 0x8C, 0x1E,
    0x85, 0x87, 0x00, 0x8B, 0xD7, 0xB7, 0x06, 0x00, 0x00, 0xAC, 0x45, 0xAE, 0x00, 0x00, 0x00, 0x00,
    0x00, 0x00, 0x1C, 0xB3, 0xDA, 0x82, 0x00, 0x85, 0x49, 0x00, 0xB3, 0x0D, 0x8C, 0x28, 0x00, 0xA6,
    0x28, 0x97, 0x21, 0x00, 0xBF, 0x0D, 0x87, 0x17, 0x03, 0xC2, 0x00, 0x8C, 0x1E, 0x85, 0x87, 0x00,
    0x8B, 0xD7, 0xB7, 0x06, 0x00, 0x00, 0xB4, 0x15, 0x1F, 0xA1, 0x00, 0x34, 0xD0, 0xD4, 0x25, 0x00,
    0x52, 0xE7, 0xBE, 0x00, 0x37, 0xC0, 0x07, 0xA0, 0x48, 0x00, 0x01, 0x00, 0x01, 0x00, 0x00, 0x00,
    0x00, 0x05, 0x13, 0x1C, 0xB2, 0xDC, 0xD9, 0x73, 0x83, 0x46, 0x3F, 0xCD, 0x07, 0x8A, 0x2F, 0xE6,
    0xB9, 0x27, 0x94, 0xAE, 0x66, 0xBB, 0x0D, 0xB0, 0xAE, 0x01, 0xBE, 0x00, 0xCA, 0x39, 0x7F, 0x87,
    0x00, 0xD5, 0xDA, 0xB7, 0x06, 0x00, 0x09, 0x00, 0x00, 0x00, 0x00, 0x00, 0x2A, 0x84, 0x00, 0x00,
    0x00, 0x02, 0xA7, 0x00, 0x00, 0x00, 0x00, 0x00, 0x00, 0x00, 0x83, 0x3A, 0x00, 0xA8, 0x60, 0x8D,
    0x2F, 0x00, 0xAA, 0x25, 0x8B, 0x2E, 0x00, 0xBC, 0x00, 0x87, 0x25, 0x00, 0xBC, 0x00, 0x91, 0x22,
    0x27, 0x9E, 0x00, 0x91, 0x21, 0x91, 0x72, 0x00, 0x91, 0xDB, 0xD5, 0x0A, 0x00, 0x00, 0x00, 0x48,
    0x66, 0x00, 0x00, 0x00, 0xAF, 0x0D, 0x00, 0x00, 0x00, 0x00, 0x00, 0x00, 0x83, 0x3A, 0x00, 0xA8,
    0x60, 0x8D, 0x2F, 0x00, 0xAA, 0x25, 0x8B, 0x2E, 0x00, 0xBC, 0x00, 0x87, 0x25, 0x00, 0xBC, 0x00,
    0x91, 0x22, 0x27, 0x9E, 0x00, 0x91, 0x21, 0x91, 0x72, 0x00, 0x91, 0xDB, 0xD5, 0x0A, 0x00, 0x00,
    0x08, 0xA9, 0x24, 0x00, 0x00, 0x82, 0x60, 0x86, 0x00, 0x00, 0x00, 0x00, 0x00, 0x00, 0x83, 0x3A,
    0x00, 0xA8, 0x60, 0x8D, 0x2F, 0x00, 0xAA, 0x25, 0x8B, 0x2E, 0x00, 0xBC, 0x00, 0x87, 0x25, 0x00,
    0xBC, 0x00, 0x91, 0x22, 0x27, 0x9E, 0x00, 0x91, 0x21, 0x91, 0x72, 0x00, 0x91, 0xDB, 0xD5, 0x0A,
    0x00, 0x00, 0xA9, 0x45, 0xB1, 0x00, 0x00, 0x00, 0x00, 0x00, 0x00, 0x83, 0x3A, 0x00, 0xA8, 0x60,
    0x8D, 0x2F, 0x00, 0xAA, 0x25, 0x8B, 0x2E, 0x00, 0xBC, 0x00, 0x87, 0x25, 0x00, 0xBC, 0x00, 0x91,
    0x22, 0x27, 0x9E, 0x00, 0x91, 0x21, 0x91, 0x72, 0x00, 0x91, 0xDB, 0xD5, 0x0A, 0x00, 0x00, 0x00,
    0x51, 0x5E, 0x00, 0x00, 0x00, 0xB1, 0x0A, 0x00, 0x00, 0x00, 0x00, 0x00, 0x00, 0x93, 0x2F, 0x00,
    0x80, 0xB5, 0x7B, 0x4E, 0x13, 0xC3, 0x10, 0x41, 0x9F, 0xB6, 0x4B, 0x00, 0x02, 0xCA, 0xB4, 0x00,
    0x00, 0x00, 0xB2, 0x1C, 0x00, 0x00, 0x00, 0xBE, 0x00, 0x00, 0x00, 0x02, 0xBD, 0x00, 0x00, 0x00,
    0x72, 0x58, 0x00, 0x00, 0x00, 0x8E, 0x43, 0x00, 0x00, 0x00, 0x99, 0xE3, 0xE6, 0x91, 0x00, 0x9D,
    0x32, 0x00, 0xCA, 0x04, 0x94, 0x28, 0x10, 0xC8, 0x00, 0xCD, 0xE3, 0xE1, 0x49, 0x00, 0x89, 0x15,
    0x00, 0x00, 0x00, 0x36, 0xC0, 0xB0, 0x00, 0x00, 0x6B, 0x48, 0x00, 0x00, 0x00, 0x83, 0xD0, 0xCD,
    0xCF, 0x0F, 0x82, 0x2B, 0x9D, 0x72, 0x00, 0x80, 0x76, 0xA5, 0x00, 0x00, 0x8E, 0x89, 0xCE, 0x6A,
    0x00, 0x83, 0x1A, 0x00, 0xB8, 0x00, 0x00, 0x00, 0x42, 0x96, 0x00, 0x3B, 0xAE, 0xC4, 0x18, 0x00,
    0x00, 0x00, 0xB7, 0x07, 0x00, 0x00, 0x00, 0x7F, 0x4F, 0x00, 0x00, 0x00, 0x00, 0x00, 0x00, 0x00,
    0xB7, 0xDD, 0xAE, 0xDA, 0x3F, 0xBE, 0x00, 0x36, 0xC3, 0xA5, 0x73, 0x00, 0x5E, 0xAE, 0xAF, 0x73,
    0x00, 0xB5, 0x72, 0x3A, 0xF6, 0xC0, 0xBA, 0xCB, 0x00, 0x00, 0x00, 0xBD, 0x0C, 0x00, 0x00, 0x45,
    0xA0, 0x00, 0x00, 0x00, 0x00, 0x00, 0x00, 0x00, 0xB7, 0xDD, 0xAE, 0xDA, 0x3F, 0xBE, 0x00, 0x36,
    0xC3, 0xA5, 0x73, 0x00, 0x5E, 0xAE, 0xAF, 0x73, 0x00, 0xB5, 0x72, 0x3A, 0xF6, 0xC0, 0xBA, 0xCB,
    0x00, 0x00, 0xB4, 0xD2, 0x00, 0x00, 0x4E, 0xA0, 0x7F, 0x58, 0x00, 0x00, 0x00, 0x00, 0x00, 0x00,
    0xB7, 0xDD, 0xAE, 0xDA, 0x3F, 0xBE, 0x00, 0x36, 0xC3, 0xA5, 0x73, 0x00, 0x5E, 0xAE, 0xAF, 0x73,
    0x00, 0xB5, 0x72, 0x3A, 0xF6, 0xC0, 0xBA, 0xCB, 0x00, 0x36, 0xDC, 0x52, 0x36, 0x00, 0x31, 0x55,
    0xDD, 0x58, 0x00, 0x00, 0x00, 0x00, 0x00, 0x00, 0xB7, 0xDD, 0xAE, 0xDA, 0x3F, 0xBE, 0x00, 0x36,
    0xC3, 0xA5, 0x73, 0x00, 0x5E, 0xAE, 0xAF, 0x73, 0x00, 0xB5, 0x72, 0x3A, 0xF6, 0xC0, 0xBA, 0xCB,
    0x00, 0x45, 0xBE, 0xB7, 0x72, 0x00, 0x00, 0x00, 0x00, 0x00, 0x00, 0xB7, 0xDD, 0xAE, 0xDA, 0x3F,
    0xBE, 0x00, 0x36, 0xC3, 0xA5, 0x73, 0x00, 0x5E, 0xAE, 0xAF, 0x73, 0x00, 0xB5, 0x72, 0x3A, 0xF6,
    0xC0, 0xBA, 0xCB, 0x00, 0x00, 0x3A, 0x78, 0x00, 0x00, 0x00, 0xAA, 0xAB, 0x15, 0x00, 0x00, 0xA6,
    0xA7, 0x03, 0x00, 0x00, 0x00, 0x00, 0x00, 0x00, 0xB7, 0xDD, 0xAE, 0xDA, 0x3F, 0xBE, 0x00, 0x36,
    0xC3, 0xA5, 0x73, 0x00, 0x5E, 0xAE, 0xAF, 0x73, 0x00, 0xB5, 0x72, 0x3A, 0xF6, 0xC0, 0xBA, 0xCB,
    0x98, 0xCE, 0xB8, 0xB9, 0x3F, 0x0B, 0x81, 0x61, 0x83, 0x63, 0x92, 0xEA, 0xAC, 0x6E, 0x00, 0x4E,
    0xC1, 0x00, 0x37, 0x00, 0xC1, 0xA4, 0xD2, 0x82, 0x00, 0x00, 0x6A, 0xCD, 0xE3, 0x70, 0x15, 0xDC,
    0x00, 0x03, 0x48, 0x61, 0xB5, 0x00, 0x00, 0x00, 0x64, 0xAC, 0x00, 0x4C, 0x70, 0x07, 0xD3, 0xCA,
    0xD2, 0x10, 0x00, 0x00, 0xA1, 0x2E, 0x00, 0x00, 0x57, 0xB0, 0x30, 0x00, 0x00, 0x00, 0x57, 0x66,
    0x00, 0x00, 0x00, 0x12, 0xBD, 0x00, 0x00, 0x00, 0x00, 0x00, 0x00, 0x00, 0x67, 0xC3, 0xD0, 0xA2,
    0x18, 0xCD, 0x00, 0x28, 0xD5, 0x67, 0xE4, 0xA0, 0xB4, 0x1C, 0x66, 0xB4, 0x00, 0x34, 0x7B, 0x07,
    0xD2, 0xC9, 0xCD, 0x1B, 0x00, 0x00, 0x00, 0x6A, 0x5D, 0x00, 0x00, 0x01, 0xB7, 0x04, 0x00, 0x00,
    0x00, 0x00, 0x00, 0x00, 0x67, 0xC3, 0xD0, 0xA2, 0x18, 0xCD, 0x00, 0x28, 0xD5, 0x67, 0xE4, 0xA0,
    0xB4, 0x1C, 0x66, 0xB4, 0x00, 0x34, 0x7B, 0x07, 0xD2, 0xC9, 0xCD, 0x1B, 0x00, 0x00, 0x49, 0xF7,
    0x3D, 0x00, 0x03, 0xB7, 0x2D, 0xBA, 0x00, 0x00, 0x00, 0x00, 0x00, 0x00, 0x67, 0xC3, 0xD0, 0xA2,
    0x18, 0xCD, 0x00, 0x28, 0xD5, 0x67, 0xE4, 0xA0, 0xB4, 0x1C, 0x66, 0xB4, 0x00, 0x34, 0x7B, 0x07,
    0xD2, 0xC9, 0xCD, 0x1B, 0x00, 0x00, 0xEE, 0x4B, 0xC3, 0x00, 0x00, 0x00, 0x00, 0x00, 0x00, 0x67,
    0xC3, 0xD0, 0xA2, 0x18, 0xCD, 0x00, 0x28, 0xD5, 0x67, 0xE4, 0xA0, 0xB4, 0x1C, 0x66, 0xB4, 0x00,
    0x34, 0x7B, 0x07, 0xD2, 0xC9, 0xCD, 0x1B, 0x00, 0x00, 0xB7, 0x07, 0x00, 0x00, 0x00, 0x7F, 0x4F,
    0x00, 0x00, 0x00, 0x00, 0x00, 0x00, 0x33, 0xCD, 0xFF, 0x36, 0x00, 0x00, 0x00, 0xE1, 0x01, 0x00,
    0x00, 0x00, 0xE2, 0x00, 0x1B, 0x00, 0x2D, 0xBC, 0xA2, 0xAF, 0x00, 0x3D, 0xFF, 0xA5, 0x00, 0x00,
    0x00, 0x00, 0xBD, 0x0C, 0x00, 0x00, 0x45, 0xA0, 0x00, 0x00, 0x00, 0x00, 0x00, 0x00, 0x33, 0xCD,
    0xFF, 0x36, 0x00, 0x00, 0x00, 0xE1, 0x01, 0x00, 0x00, 0x00, 0xE2, 0x00, 0x1B, 0x00, 0x2D, 0xBC,
    0xA2, 0xAF, 0x00, 0x3D, 0xFF, 0xA5, 0x00, 0x00, 0x00, 0x9F, 0xC0, 0x00, 0x00, 0x49, 0xA9, 0x87,
    0x57, 0x00, 0x00, 0x00, 0x00, 0x00, 0x33, 0xCD, 0xFF, 0x36, 0x00, 0x00, 0x00, 0xE1, 0x01, 0x00,
    0x00, 0x00, 0xE2, 0x00, 0x1B, 0x00, 0x2D, 0xBC, 0xA2, 0xAF, 0x00, 0x3D, 0xFF, 0xA5, 0x00, 0x00,
    0x45, 0xBE, 0xB7, 0x72, 0x00, 0x00, 0x00, 0x00, 0x00, 0x33, 0xCD, 0xFF, 0x36, 0x00, 0x00, 0x00,
    0xE1, 0x01, 0x00, 0x00, 0x00, 0xE2, 0x00, 0x1B, 0x00, 0x2D, 0xBC, 0xA2, 0xAF, 0x00, 0x3D, 0xFF,
    0xA5, 0x00, 0x00, 0x00, 0x00, 0x00, 0x06, 0x00, 0x01, 0xAC, 0xE7, 0x8B, 0x00, 0x00, 0x8A, 0xB8,
    0x67, 0x00, 0x93, 0xD4, 0xB2, 0xC5, 0x36, 0xC5, 0x00, 0x06, 0xEE, 0x96, 0x82, 0x00, 0x00, 0xDE,
    0x8D, 0x7F, 0x00, 0x5E, 0xB7, 0x12, 0xD5, 0xC6, 0xBC, 0x0F, 0x00, 0x12, 0xD5, 0x75, 0x40, 0x00,
    0x12, 0x5A, 0xC8, 0x8E, 0x00, 0x00, 0x00, 0x00, 0x00, 0x00, 0xDD, 0x9A, 0xD2, 0x85, 0x00, 0xFF,
    0x12, 0x22, 0xCE, 0x1E, 0xC9, 0x00, 0x3F, 0xAB, 0x5B, 0xB4, 0x00, 0x79, 0x93, 0x96, 0x78, 0x00,
    0xB4, 0x58, 0x00, 0x00, 0x73, 0x46, 0x00, 0x00, 0x00, 0x28, 0xA2, 0x00, 0x00, 0x00, 0x00, 0x00,
    0x00, 0x00, 0x88, 0xCF, 0xD9, 0x61, 0x2B, 0xCB, 0x00, 0x06, 0xD9, 0x85, 0x8D, 0x00, 0x03, 0xE6,
    0x84, 0x85, 0x00, 0x67, 0xBD, 0x0F, 0xD3, 0xC9, 0xBB, 0x0D, 0x00, 0x00, 0x00, 0x88, 0x3D, 0x00,
    0x00, 0x0A, 0xB4, 0x00, 0x00, 0x00, 0x00, 0x00, 0x00, 0x00, 0x88, 0xCF, 0xD9, 0x61, 0x2B, 0xCB,
    0x00, 0x06, 0xD9, 0x85, 0x8D, 0x00, 0x03, 0xE6, 0x84, 0x85, 0x00, 0x67, 0xBD, 0x0F, 0xD3, 0xC9,
    0xBB, 0x0D, 0x00, 0x00, 0x69, 0xF5, 0x24, 0x00, 0x0F, 0xB2, 0x3C, 0xA8, 0x00, 0x00, 0x00, 0x00,
    0x00, 0x00, 0x88, 0xCF, 0xD9, 0x61, 0x2B, 0xCB, 0x00, 0x06, 0xD9, 0x85, 0x8D, 0x00, 0x03, 0xE6,
    0x84, 0x85, 0x00, 0x67, 0xBD, 0x0F, 0xD3, 0xC9, 0xBB, 0x0D, 0x00, 0x0A, 0xCE, 0x82, 0x43, 0x00,
    0x09, 0x5D, 0xBF, 0x9C, 0x00, 0x00, 0x00, 0x00, 0x00, 0x00, 0x88, 0xCF, 0xD9, 0x61, 0x2B, 0xCB,
    0x00, 0x06, 0xD9, 0x85, 0x8D, 0x00, 0x03, 0xE6, 0x84, 0x85, 0x00, 0x67, 0xBD, 0x0F, 0xD3, 0xC9,
    0xBB, 0x0D, 0x00, 0x04, 0xF3, 0x63, 0xA5, 0x00, 0x00, 0x00, 0x00, 0x00, 0x00, 0x88, 0xCF, 0xD9,
    0x61, 0x2B, 0xCB, 0x00, 0x06, 0xD9, 0x85, 0x8D, 0x00, 0x03, 0xE6, 0x84, 0x85, 0x00, 0x67, 0xBD,
    0x0F, 0xD3, 0xC9, 0xBB, 0x0D, 0x00, 0x00, 0x91, 0xA3, 0x00, 0x00, 0x00, 0x0D, 0x0C, 0x00, 0x52,
    0xC8, 0xC8, 0xC8, 0xB1, 0x00, 0x00, 0x00, 0x00, 0x00, 0x00, 0x0D, 0xFF, 0x04, 0x00, 0x00, 0x00,
    0x1B, 0x00, 0x00, 0x00, 0x00, 0x00, 0x09, 0x04, 0x52, 0xC2, 0xDD, 0xAA, 0x1F, 0x8C, 0x2C, 0xAD,
    0xB2, 0x00, 0x8C, 0xA2, 0x36, 0xB8, 0x00, 0xC1, 0x5F, 0x67, 0x97, 0x00, 0xCD, 0xCC, 0xBB, 0x0A,
    0x00, 0x07, 0x00, 0x00, 0x00, 0x00, 0x00, 0x00, 0x7C, 0x42, 0x00, 0x00, 0x00, 0x31, 0x9D, 0x00,
    0x00, 0x00, 0x00, 0x00, 0x00, 0x00, 0xE1, 0x00, 0x00, 0xE1, 0x03, 0xDD, 0x00, 0x15, 0xCF, 0x31,
    0xB7, 0x00, 0x55, 0xBE, 0x55, 0xA5, 0x00, 0xB9, 0x82, 0x16, 0xFD, 0xCE, 0xDC, 0x46, 0x00, 0x00,
    0x00, 0x91, 0x39, 0x00, 0x00, 0x0F, 0xB2, 0x00, 0x00, 0x00, 0x00, 0x00, 0x00, 0x00, 0xE1, 0x00,
    0x00, 0xE1, 0x03, 0xDD, 0x00, 0x15, 0xCF, 0x31, 0xB7, 0x00, 0x55, 0xBE, 0x55, 0xA5, 0x00, 0xB9,
    0x82, 0x16, 0xFD, 0xCE, 0xDC, 0x46, 0x00, 0x00, 0x60, 0xE1, 0x16, 0x00, 0x12, 0xB4, 0x49, 0x9C,
    0x00, 0x00, 0x00, 0x00, 0x00, 0x00, 0xE1, 0x00, 0x00, 0xE1, 0x03, 0xDD, 0x00, 0x15, 0xCF, 0x31,
    0xB7, 0x00, 0x55, 0xBE, 0x55, 0xA5, 0x00, 0xB9, 0x82, 0x16, 0xFD, 0xCE, 0xDC, 0x46, 0x00, 0x07,
    0xF1, 0x6A, 0xBE, 0x00, 0x00, 0x00, 0x00, 0x00, 0x00, 0xE1, 0x00, 0x00, 0xE1, 0x03, 0xDD, 0x00,
    0x15, 0xCF, 0x31, 0xB7, 0x00, 0x55, 0xBE, 0x55, 0xA5, 0x00, 0xB9, 0x82, 0x16, 0xFD, 0xCE, 0xDC,
    0x46, 0x00, 0x00, 0x00, 0x84, 0x45, 0x00, 0x00, 0x07, 0xB6, 0x01, 0x00, 0x00, 0x00, 0x00, 0x00,
    0x00, 0xE1, 0x00, 0x00, 0xDF, 0x01, 0xDF, 0x00, 0x12, 0xCF, 0x2E, 0xBB, 0x00, 0x4E, 0xBD, 0x4F,
    0xAB, 0x00, 0xAF, 0x81, 0x10, 0xF7, 0xC6, 0xCF, 0x45, 0x09, 0x00, 0x00, 0xE2, 0x04, 0x9A, 0xD7,
    0xDA, 0x7B, 0x00, 0x00, 0xBB, 0x51, 0x00, 0x00, 0x00, 0xCD, 0x13, 0x00, 0x00, 0x00, 0xDC, 0xB8,
    0xE2, 0xAB, 0x01, 0xFF, 0x12, 0x01, 0xF0, 0x2D, 0xB7, 0x00, 0x00, 0xE4, 0x6A, 0xB2, 0x00, 0x4C,
    0xB1, 0xA6, 0xA2, 0xC6, 0xE2, 0x18, 0xBE, 0x24, 0x00, 0x00, 0x00, 0xDE, 0x00, 0x00, 0x00, 0x00,
    0x00, 0x01, 0xF6, 0x5B, 0xAC, 0x00, 0x00, 0x00, 0x00, 0x00, 0x00, 0xE1, 0x00, 0x00, 0xDF, 0x01,
    0xDF, 0x00, 0x12, 0xCF, 0x2E, 0xBB, 0x00, 0x4E, 0xBD, 0x4F, 0xAB, 0x00, 0xAF, 0x81, 0x10, 0xF7,
    0xC6, 0xCF, 0x45, 0x09, 0x00, 0x00, 0xE2, 0x04, 0x9A, 0xD7, 0xDA, 0x7B, 0x00, 0x64, 0xDC, 0xDC,
    0xDC, 0xC5, 0xD4, 0xDC, 0xDC, 0xC6, 0x70, 0x00, 0xDA, 0x06, 0x82, 0xBA, 0x00, 0x93, 0x3D, 0x00,
    0x09, 0xFF, 0x2A, 0x76, 0xA1, 0x00, 0x6C, 0x0F, 0x00, 0x89, 0x1F, 0xB1, 0x21, 0xA4, 0x5E, 0xC6,
    0x00, 0x5D, 0x71, 0x4A, 0x00, 0xA3, 0x42, 0xE9, 0x52, 0xA3, 0x51, 0xB1, 0x00, 0x31, 0x4B, 0x22,
    0x00, 0x2A, 0x07, 0x33, 0x09, 0x28, 0xFF, 0x61, 0xFF, 0x87, 0xC1, 0x0F, 0xA7, 0xD8, 0xA6, 0x03,
    0x73, 0x55, 0x00, 0x6C, 0x1E, 0x9F, 0xD3, 0xB5, 0x00, 0x00, 0x8B, 0x24, 0x00, 0x00, 0x00, 0xC2,
    0xDB, 0x7F, 0x00, 0x00, 0x84, 0x23, 0x31, 0x71, 0x00, 0x73, 0xD4, 0xDD, 0x1E, 0x00, 0x01, 0x03,
    0x00, 0x00, 0x00, 0x6B, 0x62, 0x00, 0x00, 0x00, 0xD6, 0xC8, 0xBE, 0x9E, 0x1F, 0x92, 0x42, 0x0C,
    0x0A, 0x01, 0x20, 0x3E, 0x00, 0x00, 0x00, 0x00, 0x00, 0x37, 0x01, 0x00, 0x00, 0x5A, 0xFF, 0xAF,
    0x01, 0x09, 0xB0, 0xC0, 0x72, 0x70, 0x00, 0x00, 0xC3, 0x00, 0x00, 0x00, 0x00, 0xC3, 0x00, 0x00,
    0x00, 0x00, 0xC3, 0x00, 0x00, 0x00, 0x00, 0xC3, 0x00, 0x00, 0x00, 0x00, 0x07, 0x00, 0x00, 0x00,
    0x01, 0xCD, 0x26, 0x00, 0xB4, 0xBE, 0xC8, 0xD0, 0x13, 0x0A, 0x0C, 0xA3, 0x86, 0x00, 0x00, 0x01,
    0x75, 0x00, 0x00, 0x00, 0x00, 0x40, 0x00, 0x00, 0x00, 0x00, 0xC3, 0x00, 0x00, 0x00, 0x00, 0xC3,
    0x00, 0x00, 0x00, 0x00, 0xC3, 0x00, 0x00, 0x00, 0x0F, 0xC3, 0x00, 0x0D, 0x09, 0xD7, 0xD0, 0xA7,
    0x67, 0x00, 0x1F, 0xFF, 0x7E, 0x00, 0x00, 0x00, 0x04, 0x00, 0x00, 0x04, 0x01, 0x07, 0x00, 0x00,
    0x83, 0x44, 0xB1, 0x46, 0x00, 0xE0, 0xC5, 0xBF, 0xD8, 0x3A, 0x98, 0x31, 0x73, 0x91, 0x01, 0x37,
    0x29, 0x76, 0x01, 0x00, 0x00, 0x00, 0x37, 0x01, 0x00, 0x00, 0x5A, 0xFF, 0xAF, 0x01, 0x09, 0xB0,
    0xC0, 0x72, 0x70, 0x00, 0x00, 0xC3, 0x00, 0x00, 0x00, 0x0F, 0xC3, 0x00, 0x0D, 0x09, 0xD7, 0xD0,
    0xA7, 0x67, 0x00, 0x1F, 0xFF, 0x7E, 0x00, 0x00, 0x00, 0x04, 0x00, 0x00, 0x00, 0xA5, 0x8E, 0x00,
    0x00, 0x78, 0x78, 0x00, 0x00, 0x78, 0x78, 0x00, 0x87, 0x5B, 0xA3, 0x1C, 0x0A, 0x9F, 0x5A, 0x00,
    0x00, 0x00, 0x81, 0x4A, 0x00, 0x83, 0xD4, 0xF7, 0x9A, 0x0A, 0x00, 0x98, 0x1E, 0x00, 0x00, 0xC6,
    0xD9, 0xBE, 0x87, 0x00, 0x4C, 0x19, 0x00, 0x00, 0x00, 0xD6, 0xF0, 0xF0, 0xC2, 0x09, 0x51, 0x60,
    0x60, 0x4D, 0x03, 0x92, 0xAE, 0xAE, 0x8C, 0x04, 0xD6, 0xF0, 0xF0, 0xC2, 0x09, 0x00, 0x00, 0x00,
    0x1A, 0x09, 0x00, 0x3E, 0xBA, 0x95, 0x04, 0x87, 0xB0, 0x16, 0x00, 0x00, 0x74, 0xC9, 0x60, 0x00,
    0x00, 0x00, 0x0E, 0xB1, 0x6C, 0x00, 0xA9, 0xC3, 0xC3, 0x37, 0x00, 0x00, 0x28, 0x00, 0x00, 0x00,
    0x00, 0xA5, 0xD0, 0x5A, 0x00, 0x00, 0x00, 0x10, 0xB1, 0xC4, 0x00, 0x2D, 0xA1, 0xC1, 0x5D, 0x51,
    0xA7, 0x30, 0x00, 0x00, 0x7E, 0xC3, 0xC3, 0xC3, 0x48, 0x00, 0x2B, 0xC3, 0xC0, 0x1E, 0x00, 0xAF,
    0x16, 0x27, 0xA1, 0x00, 0xA7, 0x48, 0x63, 0xA3, 0x19, 0xB6, 0xB8, 0xA5, 0x06, 0x01, 0x09, 0x00,
    0x00, 0x00, 0x01, 0x00, 0x7F, 0x89, 0x30, 0x6F, 0x61, 0xA6, 0x3E, 0x30, 0x50, 0x21, 0x21, 0x3E,
    0x30, 0x7F, 0x85, 0x78, 0x63, 0x0F, 0x04, 0x01, 0x00, 0x00, 0x00, 0x11, 0xC3, 0xC3, 0xC3, 0xB2,
    0x07, 0x66, 0x66, 0x66, 0x5D, 0x1A, 0xFF, 0xFF, 0xFF, 0xFF, 0x99, 0xC3, 0xC3, 0xC3, 0xC3, 0xC3,
    0xC3, 0xC3, 0xC3, 0xC3, 0xC3, 0xC3, 0x0A, 0xC0, 0x49, 0xFF, 0x72, 0xFF, 0x72, 0xFF, 0x72, 0xFF,
    0x72, 0xFF, 0x72, 0xFF, 0x72, 0xFF, 0x72, 0xFF, 0x72, 0xFF, 0x72, 0xFF, 0x72, 0xFF, 0x72, 0x10,
    0x04, 0x71, 0xAA, 0x5E, 0x99, 0x4C, 0x37, 0x58, 0x28, 0x4F, 0x21, 0xA7, 0xE2, 0x94, 0xE4, 0x78,
    0x0A, 0xC3, 0xB6, 0x0A, 0xC3, 0xB2, 0x0A, 0xC3, 0xB2, 0x15, 0xC3, 0xAC, 0x10, 0x04, 0xFF, 0x72,
    0xFF, 0x69, 0x10, 0x04, 0xFF, 0x72, 0xFF, 0x69, 0x10, 0x04, 0xFF, 0x72, 0xFF, 0x69, 0x21, 0x0A,
    0xFF, 0x72, 0xFF, 0x64, 0x9E, 0x91, 0xB2, 0x96, 0x40, 0x4B, 0x3F, 0x5D, 0x40, 0x1C, 0xD8, 0xBE,
    0xFF, 0xC7, 0x66, 0x0A, 0xC3, 0xAB, 0xB5, 0xB2, 0xAB, 0xC3, 0x5E, 0xC3, 0x70, 0xB9, 0xBD, 0x10,
    0x04, 0xFF, 0x72, 0xD8, 0x52, 0xE6, 0x58, 0xE1, 0x57, 0xD8, 0x52, 0xFF, 0x72, 0x8E, 0x2D, 0xFF,
    0x72, 0xAB, 0x36, 0xFF, 0x6C, 0xEE, 0x5B, 0xC3, 0xC3, 0xA3, 0x41, 0x00, 0x00, 0x41, 0x00, 0x00,
    0x41, 0x00, 0x00, 0x41, 0x00, 0x00, 0x41, 0x00, 0x00, 0x0C, 0x00, 0x00, 0x58, 0x66, 0x46, 0xEB,
    0xFF, 0xD5, 0x41, 0x00, 0x00, 0x41, 0x00, 0x00, 0x41, 0x00, 0x00, 0x41, 0x00, 0x00, 0x41, 0x00,
    0x00, 0x0F, 0x00, 0x00, 0xEF, 0xC3, 0xA0, 0xA1, 0x00, 0x00, 0xA1, 0x00, 0x00, 0xA1, 0x00, 0x00,
    0xA1, 0x00, 0x00, 0xA1, 0x00, 0x00, 0x1D, 0x00, 0x00, 0x63, 0x66, 0x45, 0xFF, 0xFF, 0xD0, 0xA1,
    0x00, 0x00, 0xA1, 0x00, 0x00, 0xA1, 0x00, 0x00, 0xA1, 0x00, 0x00, 0xA1, 0x00, 0x00, 0x26, 0x00,
    0x00, 0x00, 0x48, 0xC3, 0xC3, 0xFF, 0x00, 0x00, 0x00, 0x00, 0xC3, 0x00, 0x00, 0x00, 0x00, 0xC3,
    0x00, 0x00, 0x00, 0x00, 0xC3, 0x00, 0x00, 0x00, 0x00, 0xC3, 0x00, 0x00, 0x00, 0x00, 0xC3, 0x00,
    0x00, 0x00, 0x00, 0x24, 0x00, 0x1F, 0x66, 0x66, 0x66, 0x00, 0x72, 0xFF, 0xFF, 0xFF, 0x00, 0x00,
    0x00, 0x00, 0xC3, 0x00, 0x00, 0x00, 0x00, 0xC3, 0x00, 0x00, 0x00, 0x00, 0xC3, 0x00, 0x00, 0x00,
    0x00, 0xC3, 0x00, 0x00, 0x00, 0x00, 0xC3, 0x00, 0x00, 0x00, 0x00, 0x2E, 0x2E, 0xAB, 0xC3, 0xE3,
    0x72, 0x00, 0x00, 0x00, 0xE3, 0x72, 0x00, 0x00, 0x00, 0xE3, 0x72, 0x00, 0x00, 0x00, 0xE3, 0x72,
    0x00, 0x00, 0x00, 0xE3, 0x72, 0x00, 0x00, 0x00, 0xE3, 0x72, 0x00, 0x00, 0x00, 0x2E, 0x10, 0x14,
    0x58, 0x66, 0x58, 0x1E, 0x48, 0xE4, 0xFF, 0xE3, 0x72, 0x00, 0x00, 0x00, 0xE3, 0x72, 0x00, 0x00,
    0x00, 0xE3, 0x72, 0x00, 0x00, 0x00, 0xE3, 0x72, 0x00, 0x00, 0x00, 0xE3, 0x72, 0x00, 0x00, 0x00,
    0xE3, 0x72, 0x00, 0x00, 0x00, 0x3C, 0x16, 0x2A, 0x00, 0x00, 0x41, 0x00, 0x00, 0x41, 0x00, 0x00,
    0x41, 0x00, 0x00, 0x41, 0x00, 0x00, 0x41, 0x00, 0x00, 0xB1, 0xC3, 0xA3, 0x27, 0x00, 0x00, 0x41,
    0x00, 0x00, 0x41, 0x00, 0x00, 0x41, 0x00, 0x00, 0x41, 0x00, 0x00, 0x85, 0x66, 0x46, 0xE8, 0xFF,
    0xD5, 0x5E, 0x00, 0x00, 0xA1, 0x00, 0x00, 0xA1, 0x00, 0x00, 0xA1, 0x00, 0x00, 0xA1, 0x00, 0x00,
    0xA1, 0x00, 0x00, 0xBD, 0xC3, 0xA0, 0x61, 0x00, 0x00, 0xA1, 0x00, 0x00, 0xA1, 0x00, 0x00, 0xA1,
    0x00, 0x00, 0xA1, 0x00, 0x00, 0xD0, 0x66, 0x45, 0xFF, 0xFF, 0xD0, 0x00, 0x00, 0x00, 0x00, 0x7F,
    0x00, 0x00, 0x00, 0x00, 0xC3, 0x00, 0x00, 0x00, 0x00, 0xC3, 0x00, 0x00, 0x00, 0x00, 0xC3, 0x00,
    0x00, 0x00, 0x00, 0xC3, 0x00, 0x00, 0x00, 0x00, 0xC3, 0x00, 0x48, 0xC3, 0xC3, 0xC3, 0x00, 0x00,
    0x00, 0x00, 0x75, 0x00, 0x00, 0x00, 0x00, 0xC3, 0x00, 0x00, 0x00, 0x00, 0xC3, 0x00, 0x00, 0x00,
    0x00, 0xC3, 0x00, 0x00, 0x00, 0x00, 0xC3, 0x00, 0x1F, 0x66, 0x66, 0xE3, 0x00, 0x72, 0xFF, 0xFF,
    0xFF, 0x00, 0x00, 0x00, 0x8D, 0x3D, 0x00, 0x00, 0x00, 0xE3, 0x72, 0x00, 0x00, 0x00, 0xE3, 0x72,
    0x00, 0x00, 0x00, 0xE3, 0x72, 0x00, 0x00, 0x00, 0xE3, 0x72, 0x00, 0x00, 0x00, 0xE3, 0x72, 0x2E,
    0xAB, 0xC3, 0xAA, 0x45, 0x00, 0x00, 0x00, 0x99, 0x39, 0x00, 0x00, 0x00, 0xE3, 0x72, 0x00, 0x00,
    0x00, 0xE3, 0x72, 0x00, 0x00, 0x00, 0xE3, 0x72, 0x00, 0x00, 0x00, 0xE3, 0x72, 0x14, 0x58, 0x66,
    0xE3, 0x72, 0x48, 0xE4, 0xFF, 0xE2, 0x6C, 0x33, 0x00, 0x00, 0x41, 0x00, 0x00, 0x41, 0x00, 0x00,
    0x41, 0x00, 0x00, 0x41, 0x00, 0x00, 0x5D, 0x2A, 0x1C, 0xAC, 0xA0, 0x87, 0x41, 0x00, 0x00, 0x41,
    0x00, 0x00, 0x41, 0x00, 0x00, 0x41, 0x00, 0x00, 0x41, 0x00, 0x00, 0x03, 0x00, 0x00, 0x33, 0x00,
    0x00, 0x41, 0x00, 0x00, 0x41, 0x00, 0x00, 0x41, 0x00, 0x00, 0x41, 0x00, 0x00, 0xAD, 0xA2, 0x70,
    0xEB, 0xFF, 0xB6, 0x41, 0x00, 0x00, 0x41, 0x00, 0x00, 0x41, 0x00, 0x00, 0x41, 0x00, 0x00, 0x41,
    0x00, 0x00, 0x03, 0x00, 0x00, 0x5E, 0x00, 0x00, 0xA1, 0x00, 0x00, 0xA1, 0x00, 0x00, 0xA1, 0x00,
    0x00, 0xA1, 0x00, 0x00, 0xA1, 0x00, 0x00, 0xD7, 0xC3, 0xA0, 0x41, 0x00, 0x00, 0x41, 0x00, 0x00,
    0x41, 0x00, 0x00, 0x41, 0x00, 0x00, 0x41, 0x00, 0x00, 0x0C, 0x00, 0x00, 0x2A, 0x00, 0x00, 0x41,
    0x00, 0x00, 0x41, 0x00, 0x00, 0x41, 0x00, 0x00, 0x41, 0x00, 0x00, 0x41, 0x00, 0x00, 0xEF, 0xC3,
    0xA0, 0xA1, 0x00, 0x00, 0xA1, 0x00, 0x00, 0xA1, 0x00, 0x00, 0xA1, 0x00, 0x00, 0xA1, 0x00, 0x00,
    0x1D, 0x00, 0x00, 0x71, 0x00, 0x00, 0xA1, 0x00, 0x00, 0xA1, 0x00, 0x00, 0xA1, 0x00, 0x00, 0xA1,
    0x00, 0x00, 0xB4, 0x2A, 0x1C, 0xDF, 0xA0, 0x84, 0xA1, 0x00, 0x00, 0xA1, 0x00, 0x00, 0xA1, 0x00,
    0x00, 0xA1, 0x00, 0x00, 0xA1, 0x00, 0x00, 0x08, 0x00, 0x00, 0x61, 0x00, 0x00, 0xA1, 0x00, 0x00,
    0xA1, 0x00, 0x00, 0xA1, 0x00, 0x00, 0xA1, 0x00, 0x00, 0xD0, 0x66, 0x45, 0xFF, 0xFF, 0xD0, 0x41,
    0x00, 0x00, 0x41, 0x00, 0x00, 0x41, 0x00, 0x00, 0x41, 0x00, 0x00, 0x41, 0x00, 0x00, 0x0F, 0x00,
    0x00, 0x2A, 0x00, 0x00, 0x41, 0x00, 0x00, 0x41, 0x00, 0x00, 0x41, 0x00, 0x00, 0x41, 0x00, 0x00,
    0x9B, 0x78, 0x52, 0xFF, 0xFF, 0xC6, 0xA1, 0x00, 0x00, 0xA1, 0x00, 0x00, 0xA1, 0x00, 0x00, 0xA1,
    0x00, 0x00, 0xA1, 0x00, 0x00, 0x1D, 0x00, 0x00, 0x71, 0x00, 0x00, 0xA1, 0x00, 0x00, 0xA1, 0x00,
    0x00, 0xA1, 0x00, 0x00, 0xA1, 0x00, 0x00, 0xD2, 0xA2, 0x6F, 0xFF, 0xFF, 0xB2, 0xA1, 0x00, 0x00,
    0xA1, 0x00, 0x00, 0xA1, 0x00, 0x00, 0xA1, 0x00, 0x00, 0xA1, 0x00, 0x00, 0x08, 0x00, 0x00, 0x00,
    0x00, 0x00, 0x00, 0x99, 0x00, 0x00, 0x00, 0x00, 0xC3, 0x00, 0x00, 0x00, 0x00, 0xC3, 0x00, 0x00,
    0x00, 0x00, 0xC3, 0x00, 0x00, 0x00, 0x00, 0xC3, 0x00, 0x0C, 0x2A, 0x2A, 0xCF, 0x00, 0x3C, 0xA0,
    0xA0, 0xFF, 0x00, 0x00, 0x00, 0x00, 0xC3, 0x00, 0x00, 0x00, 0x00, 0xC3, 0x00, 0x00, 0x00, 0x00,
    0xC3, 0x00, 0x00, 0x00, 0x00, 0xC3, 0x00, 0x00, 0x00, 0x00, 0xC3, 0x00, 0x00, 0x00, 0x00, 0x0A,
    0x00, 0x00, 0x00, 0x00, 0x99, 0x00, 0x00, 0x00, 0x00, 0xC3, 0x00, 0x00, 0x00, 0x00, 0xC3, 0x00,
    0x00, 0x00, 0x00, 0xC3, 0x00, 0x00, 0x00, 0x00, 0xC3, 0x00, 0x31, 0xA2, 0xA2, 0xF7, 0x00, 0x61,
    0xFF, 0xFF, 0xFF, 0x00, 0x00, 0x00, 0x00, 0xC3, 0x00, 0x00, 0x00, 0x00, 0xC3, 0x00, 0x00, 0x00,
    0x00, 0xC3, 0x00, 0x00, 0x00, 0x00, 0xC3, 0x00, 0x00, 0x00, 0x00, 0xC3, 0x00, 0x00, 0x00, 0x00,
    0x0A, 0x00, 0x00, 0x00, 0x63, 0x24, 0x00, 0x00, 0x00, 0xE3, 0x72, 0x00, 0x00, 0x00, 0xE3, 0x72,
    0x00, 0x00, 0x00, 0xE3, 0x72, 0x00, 0x00, 0x00, 0xE3, 0x72, 0x00, 0x00, 0x00, 0xE3, 0x72, 0x2E,
    0xAB, 0xC3, 0xDF, 0x5D, 0x00, 0x00, 0x00, 0x9C, 0x00, 0x00, 0x00, 0x00, 0x9C, 0x00, 0x00, 0x00,
    0x00, 0x9C, 0x00, 0x00, 0x00, 0x00, 0x9C, 0x00, 0x00, 0x00, 0x00, 0x9C, 0x00, 0x00, 0x00, 0x00,
    0x46, 0x00, 0x00, 0x00, 0x00, 0x66, 0x00, 0x00, 0x00, 0x00, 0x9C, 0x00, 0x00, 0x00, 0x00, 0x9C,
    0x00, 0x00, 0x00, 0x00, 0x9C, 0x00, 0x00, 0x00, 0x00, 0x9C, 0x00, 0x00, 0x00, 0x00, 0x9C, 0x00,
    0x2E, 0xAB, 0xC3, 0xE3, 0x72, 0x00, 0x00, 0x00, 0xE3, 0x72, 0x00, 0x00, 0x00, 0xE3, 0x72, 0x00,
    0x00, 0x00, 0xE3, 0x72, 0x00, 0x00, 0x00, 0xE3, 0x72, 0x00, 0x00, 0x00, 0xE3, 0x72, 0x00, 0x00,
    0x00, 0x2E, 0x10, 0x00, 0x00, 0x00, 0xA8, 0x49, 0x00, 0x00, 0x00, 0xE3, 0x72, 0x00, 0x00, 0x00,
    0xE3, 0x72, 0x00, 0x00, 0x00, 0xE3, 0x72, 0x00, 0x00, 0x00, 0xE3, 0x72, 0x08, 0x24, 0x2A, 0xE3,
    0x72, 0x26, 0x8D, 0xA0, 0xE3, 0x72, 0x00, 0x00, 0x00, 0xE3, 0x72, 0x00, 0x00, 0x00, 0xE3, 0x72,
    0x00, 0x00, 0x00, 0xE3, 0x72, 0x00, 0x00, 0x00, 0xE3, 0x72, 0x00, 0x00, 0x00, 0xE3, 0x72, 0x00,
    0x00, 0x00, 0x0E, 0x04, 0x00, 0x00, 0x00, 0x99, 0x39, 0x00, 0x00, 0x00, 0xE3, 0x72, 0x00, 0x00,
    0x00, 0xE3, 0x72, 0x00, 0x00, 0x00, 0xE3, 0x72, 0x00, 0x00, 0x00, 0xE3, 0x72, 0x14, 0x58, 0x66,
    0xE3, 0x72, 0x48, 0xE4, 0xFF, 0xE2, 0x6C, 0x00, 0x00, 0x00, 0x9C, 0x00, 0x00, 0x00, 0x00, 0x9C,
    0x00, 0x00, 0x00, 0x00, 0x9C, 0x00, 0x00, 0x00, 0x00, 0x9C, 0x00, 0x00, 0x00, 0x00, 0x9C, 0x00,
    0x00, 0x00, 0x00, 0x25, 0x00, 0x00, 0x00, 0x00, 0x5E, 0x00, 0x00, 0x00, 0x00, 0x9C, 0x00, 0x00,
    0x00, 0x00, 0x9C, 0x00, 0x00, 0x00, 0x00, 0x9C, 0x00, 0x00, 0x00, 0x00, 0x9C, 0x00, 0x14, 0x58,
    0x66, 0xBC, 0x1E, 0x48, 0xE4, 0xFF, 0xE3, 0x72, 0x00, 0x00, 0x00, 0xE3, 0x72, 0x00, 0x00, 0x00,
    0xE3, 0x72, 0x00, 0x00, 0x00, 0xE3, 0x72, 0x00, 0x00, 0x00, 0xE3, 0x72, 0x00, 0x00, 0x00, 0xE3,
    0x72, 0x00, 0x00, 0x00, 0x3C, 0x16, 0x00, 0x00, 0x00, 0xA8, 0x49, 0x00, 0x00, 0x00, 0xE3, 0x72,
    0x00, 0x00, 0x00, 0xE3, 0x72, 0x00, 0x00, 0x00, 0xE3, 0x72, 0x00, 0x00, 0x00, 0xE3, 0x72, 0x1F,
    0x8C, 0xA2, 0xE3, 0x72, 0x3D, 0xE0, 0xFF, 0xE3, 0x72, 0x00, 0x00, 0x00, 0xE3, 0x72, 0x00, 0x00,
    0x00, 0xE3, 0x72, 0x00, 0x00, 0x00, 0xE3, 0x72, 0x00, 0x00, 0x00, 0xE3, 0x72, 0x00, 0x00, 0x00,
    0xE3, 0x72, 0x00, 0x00, 0x00, 0x0E, 0x04, 0x11, 0xC3, 0xF3, 0xCD, 0xB2, 0x00, 0x00, 0x96, 0x22,
    0x00, 0x00, 0x00, 0x96, 0x22, 0x00, 0x00, 0x00, 0x96, 0x22, 0x00, 0x00, 0x00, 0x96, 0x22, 0x00,
    0x00, 0x00, 0x96, 0x22, 0x00, 0x00, 0x00, 0x16, 0x05, 0x00, 0x19, 0x66, 0x66, 0x00, 0x00, 0x5B,
    0xFF, 0xFF, 0xC3, 0xA3, 0x00, 0x00, 0xC3, 0x00, 0x00, 0x00, 0x00, 0xC3, 0x00, 0x00, 0x00, 0x00,
    0xC3, 0x00, 0x00, 0x00, 0x00, 0xC3, 0x00, 0x00, 0x00, 0x00, 0xC3, 0x00, 0x00, 0x00, 0x00, 0x2E,
    0x00, 0x00, 0x00, 0x00, 0x27, 0x66, 0x5D, 0x11, 0xC3, 0xF3, 0xFF, 0xFF, 0x00, 0x00, 0x96, 0x22,
    0x00, 0x00, 0x00, 0x96, 0x22, 0x00, 0x00, 0x00, 0x96, 0x22, 0x00, 0x00, 0x00, 0x96, 0x22, 0x00,
    0x00, 0x00, 0x96, 0x22, 0x00, 0x00, 0x00, 0x1E, 0x06, 0x00, 0x07, 0x66, 0x66, 0x66, 0x5D, 0x1A,
    0xFF, 0xFF, 0xFF, 0xFF, 0x00, 0x00, 0x96, 0x22, 0x00, 0x00, 0x00, 0x96, 0x22, 0x00, 0x00, 0x00,
    0x96, 0x22, 0x00, 0x00, 0x00, 0x96, 0x22, 0x00, 0x00, 0x00, 0x96, 0x22, 0x00, 0x00, 0x00, 0x1E,
    0x06, 0x00, 0x11, 0xC3, 0xFF, 0xDB, 0xB2, 0x00, 0x00, 0xE1, 0x44, 0x00, 0x00, 0x00, 0xE1, 0x44,
    0x00, 0x00, 0x00, 0xE1, 0x44, 0x00, 0x00, 0x00, 0xE1, 0x44, 0x00, 0x00, 0x00, 0xE1, 0x44, 0x00,
    0x00, 0x00, 0x2A, 0x0C, 0x00, 0x1A, 0x66, 0x66, 0x0C, 0x00, 0x60, 0xFF, 0xFF, 0xD1, 0xA0, 0x00,
    0x00, 0xFF, 0x2E, 0x00, 0x00, 0x00, 0xFF, 0x2E, 0x00, 0x00, 0x00, 0xFF, 0x2E, 0x00, 0x00, 0x00,
    0xFF, 0x2E, 0x00, 0x00, 0x00, 0xFF, 0x2E, 0x00, 0x00, 0x00, 0x46, 0x09, 0x00, 0x00, 0x00, 0x5D,
    0x66, 0x45, 0x3D, 0xC3, 0xFF, 0xFF, 0xD0, 0x00, 0x00, 0xFF, 0x2E, 0x00, 0x00, 0x00, 0xFF, 0x2E,
    0x00, 0x00, 0x00, 0xFF, 0x2E, 0x00, 0x00, 0x00, 0xFF, 0x2E, 0x00, 0x00, 0x00, 0xFF, 0x2E, 0x00,
    0x00, 0x00, 0x46, 0x09, 0x00, 0x07, 0x66, 0x66, 0x66, 0x5D, 0x1A, 0xFF, 0xFF, 0xFF, 0xFF, 0x00,
    0x00, 0xE1, 0x44, 0x00, 0x00, 0x00, 0xE1, 0x44, 0x00, 0x00, 0x00, 0xE1, 0x44, 0x00, 0x00, 0x00,
    0xE1, 0x44, 0x00, 0x00, 0x00, 0xE1, 0x44, 0x00, 0x00, 0x00, 0x36, 0x10, 0x00, 0x00, 0x00, 0x51,
    0x12, 0x00, 0x00, 0x00, 0x96, 0x22, 0x00, 0x00, 0x00, 0x96, 0x22, 0x00, 0x00, 0x00, 0x96, 0x22,
    0x00, 0x00, 0x00, 0x96, 0x22, 0x00, 0x00, 0x00, 0x96, 0x22, 0x00, 0x11, 0xC3, 0xC3, 0xC3, 0xB2,
    0x00, 0x00, 0x75, 0x00, 0x00, 0x00, 0x00, 0xC3, 0x00, 0x00, 0x00, 0x00, 0xC3, 0x00, 0x00, 0x00,
    0x00, 0xC3, 0x00, 0x00, 0x00, 0x00, 0xC3, 0x00, 0x00, 0x19, 0x66, 0xE3, 0x00, 0x00, 0x5B, 0xFF,
    0xFF, 0xC3, 0xA3, 0x00, 0x00, 0x75, 0x00, 0x00, 0x00, 0x00, 0xC3, 0x00, 0x00, 0x00, 0x00, 0xC3,
    0x00, 0x00, 0x00, 0x00, 0xC3, 0x00, 0x00, 0x00, 0x00, 0xC3, 0x00, 0x00, 0x00, 0x00, 0xC3, 0x66,
    0x46, 0x3A, 0xC3, 0xFF, 0xFF, 0xD5, 0x00, 0x00, 0x4B, 0x11, 0x00, 0x00, 0x00, 0x96, 0x22, 0x00,
    0x00, 0x00, 0x96, 0x22, 0x00, 0x00, 0x00, 0x96, 0x22, 0x00, 0x00, 0x00, 0x96, 0x22, 0x00, 0x07,
    0x66, 0xB0, 0x7E, 0x5D, 0x1A, 0xFF, 0xFF, 0xFF, 0xFF, 0x00, 0x00, 0x93, 0x2C, 0x00, 0x00, 0x00,
    0xE1, 0x44, 0x00, 0x00, 0x00, 0xE1, 0x44, 0x00, 0x00, 0x00, 0xE1, 0x44, 0x00, 0x00, 0x00, 0xE1,
    0x44, 0x00, 0x00, 0x00, 0xE1, 0x44, 0x00, 0x11, 0xC3, 0xC3, 0xC3, 0xB2, 0x00, 0x00, 0xB1, 0x17,
    0x00, 0x00, 0x00, 0xFF, 0x2E, 0x00, 0x00, 0x00, 0xFF, 0x2E, 0x00, 0x00, 0x00, 0xFF, 0x2E, 0x00,
    0x00, 0x00, 0xFF, 0x2E, 0x00, 0x1A, 0x66, 0xFF, 0x2E, 0x00, 0x60, 0xFF, 0xFF, 0xD0, 0xA0, 0x00,
    0x00, 0xB1, 0x17, 0x00, 0x00, 0x00, 0xFF, 0x2E, 0x00, 0x00, 0x00, 0xFF, 0x2E, 0x00, 0x00, 0x00,
    0xFF, 0x2E, 0x00, 0x00, 0x00, 0xFF, 0x2E, 0x00, 0x00, 0x00, 0xFF, 0x87, 0x45, 0x3D, 0xC3, 0xFF,
    0xFF, 0xD0, 0x00, 0x00, 0x87, 0x29, 0x00, 0x00, 0x00, 0xE1, 0x44, 0x00, 0x00, 0x00, 0xE1, 0x44,
    0x00, 0x00, 0x00, 0xE1, 0x44, 0x00, 0x00, 0x00, 0xE1, 0x44, 0x00, 0x07, 0x66, 0xFA, 0x90, 0x5D,
    0x1A, 0xFF, 0xFF, 0xFF, 0xFF, 0x00, 0x00, 0x61, 0x16, 0x00, 0x00, 0x00, 0x96, 0x22, 0x00, 0x00,
    0x00, 0x96, 0x22, 0x00, 0x00, 0x00, 0x96, 0x22, 0x00, 0x00, 0x00, 0x96, 0x22, 0x00, 0x02, 0x2A,
    0xAF, 0x47, 0x25, 0x0E, 0xA0, 0xDE, 0xAE, 0xB1, 0x00, 0x00, 0x96, 0x22, 0x00, 0x00, 0x00, 0x96,
    0x22, 0x00, 0x00, 0x00, 0x96, 0x22, 0x00, 0x00, 0x00, 0x96, 0x22, 0x00, 0x00, 0x00, 0x96, 0x22,
    0x00, 0x00, 0x00, 0x06, 0x01, 0x00, 0x00, 0x00, 0x99, 0x00, 0x00, 0x00, 0x00, 0xC3, 0x00, 0x00,
    0x00, 0x00, 0xC3, 0x00, 0x00, 0x00, 0x00, 0xC3, 0x00, 0x00, 0x00, 0x00, 0xC3, 0x00, 0x00, 0x27,
    0xA2, 0xF7, 0x2A, 0x1C, 0x4E, 0xFF, 0xFF, 0xA0, 0x87, 0x00, 0x00, 0xC3, 0x00, 0x00, 0x00, 0x00,
    0xC3, 0x00, 0x00, 0x00, 0x00, 0xC3, 0x00, 0x00, 0x00, 0x00, 0xC3, 0x00, 0x00, 0x00, 0x00, 0xC3,
    0x00, 0x00, 0x00, 0x00, 0x0A, 0x00, 0x00, 0x00, 0x00, 0x99, 0x00, 0x00, 0x00, 0x00, 0xC3, 0x00,
    0x00, 0x00, 0x00, 0xC3, 0x00, 0x00, 0x00, 0x00, 0xC3, 0x00, 0x00, 0x00, 0x00, 0xC3, 0x00, 0x00,
    0x0A, 0x2A, 0xCF, 0xA2, 0x70, 0x30, 0xA0, 0xFF, 0xFF, 0xB6, 0x00, 0x00, 0xC3, 0x00, 0x00, 0x00,
    0x00, 0xC3, 0x00, 0x00, 0x00, 0x00, 0xC3, 0x00, 0x00, 0x00, 0x00, 0xC3, 0x00, 0x00, 0x00, 0x00,
    0xC3, 0x00, 0x00, 0x00, 0x00, 0x0A, 0x00, 0x00, 0x00, 0x00, 0x61, 0x16, 0x00, 0x00, 0x00, 0x96,
    0x22, 0x00, 0x00, 0x00, 0x96, 0x22, 0x00, 0x00, 0x00, 0x96, 0x22, 0x00, 0x00, 0x00, 0x96, 0x22,
    0x00, 0x0C, 0xA2, 0xCE, 0xA7, 0x94, 0x16, 0xFF, 0xFF, 0xFF, 0xEE, 0x00, 0x00, 0x96, 0x22, 0x00,
    0x00, 0x00, 0x96, 0x22, 0x00, 0x00, 0x00, 0x96, 0x22, 0x00, 0x00, 0x00, 0x96, 0x22, 0x00, 0x00,
    0x00, 0x96, 0x22, 0x00, 0x00, 0x00, 0x06, 0x01, 0x00, 0x00, 0x00, 0x93, 0x2C, 0x00, 0x00, 0x00,
    0xE1, 0x44, 0x00, 0x00, 0x00, 0xE1, 0x44, 0x00, 0x00, 0x00, 0xE1, 0x44, 0x00, 0x00, 0x00, 0xE1,
    0x44, 0x00, 0x00, 0x00, 0xE1, 0x44, 0x00, 0x11, 0xC3, 0xF3, 0xCD, 0xB2, 0x00, 0x00, 0x96, 0x22,
    0x00, 0x00, 0x00, 0x96, 0x22, 0x00, 0x00, 0x00, 0x96, 0x22, 0x00, 0x00, 0x00, 0x96, 0x22, 0x00,
    0x00, 0x00, 0x96, 0x22, 0x00, 0x00, 0x00, 0x16, 0x05, 0x00, 0x00, 0x00, 0x51, 0x12, 0x00, 0x00,
    0x00, 0x96, 0x22, 0x00, 0x00, 0x00, 0x96, 0x22, 0x00, 0x00, 0x00, 0x96, 0x22, 0x00, 0x00, 0x00,
    0x96, 0x22, 0x00, 0x00, 0x00, 0x96, 0x22, 0x00, 0x11, 0xC3, 0xFF, 0xDB, 0xB2, 0x00, 0x00, 0xE1,
    0x44, 0x00, 0x00, 0x00, 0xE1, 0x44, 0x00, 0x00, 0x00, 0xE1, 0x44, 0x00, 0x00, 0x00, 0xE1, 0x44,
    0x00, 0x00, 0x00, 0xE1, 0x44, 0x00, 0x00, 0x00, 0x2A, 0x0C, 0x00, 0x00, 0x00, 0xB1, 0x35, 0x00,
    0x00, 0x00, 0xE1, 0x44, 0x00, 0x00, 0x00, 0xE1, 0x44, 0x00, 0x00, 0x00, 0xE1, 0x44, 0x00, 0x00,
    0x00, 0xE1, 0x44, 0x00, 0x02, 0x2A, 0xEB, 0x64, 0x25, 0x0E, 0xA0, 0xFF, 0xC2, 0xB1, 0x00, 0x00,
    0xE1, 0x44, 0x00, 0x00, 0x00, 0xE1, 0x44, 0x00, 0x00, 0x00, 0xE1, 0x44, 0x00, 0x00, 0x00, 0xE1,
    0x44, 0x00, 0x00, 0x00, 0xE1, 0x44, 0x00, 0x00, 0x00, 0x0C, 0x04, 0x00, 0x00, 0x00, 0xB1, 0x17,
    0x00, 0x00, 0x00, 0xFF, 0x2E, 0x00, 0x00, 0x00, 0xFF, 0x2E, 0x00, 0x00, 0x00, 0xFF, 0x2E, 0x00,
    0x00, 0x00, 0xFF, 0x2E, 0x00, 0x1A, 0x66, 0xFF, 0x2E, 0x00, 0x60, 0xFF, 0xFF, 0xD0, 0xA0, 0x00,
    0x00, 0xC3, 0x00, 0x00, 0x00, 0x00, 0xC3, 0x00, 0x00, 0x00, 0x00, 0xC3, 0x00, 0x00, 0x00, 0x00,
    0xC3, 0x00, 0x00, 0x00, 0x00, 0xC3, 0x00, 0x00, 0x00, 0x00, 0x2E, 0x00, 0x00, 0x00, 0x00, 0xB1,
    0x17, 0x00, 0x00, 0x00, 0xFF, 0x2E, 0x00, 0x00, 0x00, 0xFF, 0x2E, 0x00, 0x00, 0x00, 0xFF, 0x2E,
    0x00, 0x00, 0x00, 0xFF, 0x2E, 0x00, 0x00, 0x00, 0xFF, 0x87, 0x45, 0x3D, 0xC3, 0xFF, 0xFF, 0xD0,
    0x00, 0x00, 0xC3, 0x00, 0x00, 0x00, 0x00, 0xC3, 0x00, 0x00, 0x00, 0x00, 0xC3, 0x00, 0x00, 0x00,
    0x00, 0xC3, 0x00, 0x00, 0x00, 0x00, 0xC3, 0x00, 0x00, 0x00, 0x00, 0x2E, 0x00, 0x00, 0x00, 0x00,
    0x75, 0x00, 0x00, 0x00, 0x00, 0xC3, 0x00, 0x00, 0x00, 0x00, 0xC3, 0x00, 0x00, 0x00, 0x00, 0xC3,
    0x00, 0x00, 0x00, 0x00, 0xC3, 0x00, 0x00, 0x1A, 0x66, 0xE3, 0x0C, 0x00, 0x60, 0xFF, 0xFF, 0xD1,
    0xA0, 0x00, 0x00, 0xFF, 0x2E, 0x00, 0x00, 0x00, 0xFF, 0x2E, 0x00, 0x00, 0x00, 0xFF, 0x2E, 0x00,
    0x00, 0x00, 0xFF, 0x2E, 0x00, 0x00, 0x00, 0xFF, 0x2E, 0x00, 0x00, 0x00, 0x46, 0x09, 0x00, 0x00,
    0x00, 0x7F, 0x00, 0x00, 0x00, 0x00, 0xC3, 0x00, 0x00, 0x00, 0x00, 0xC3, 0x00, 0x00, 0x00, 0x00,
    0xC3, 0x00, 0x00, 0x00, 0x00, 0xC3, 0x00, 0x00, 0x00, 0x00, 0xE2, 0x78, 0x52, 0x3D, 0xC3, 0xFF,
    0xFF, 0xC6, 0x00, 0x00, 0xFF, 0x2E, 0x00, 0x00, 0x00, 0xFF, 0x2E, 0x00, 0x00, 0x00, 0xFF, 0x2E,
    0x00, 0x00, 0x00, 0xFF, 0x2E, 0x00, 0x00, 0x00, 0xFF, 0x2E, 0x00, 0x00, 0x00, 0x36, 0x06, 0x00,
    0x00, 0x00, 0x87, 0x29, 0x00, 0x00, 0x00, 0xE1, 0x44, 0x00, 0x00, 0x00, 0xE1, 0x44, 0x00, 0x00,
    0x00, 0xE1, 0x44, 0x00, 0x00, 0x00, 0xE1, 0x44, 0x00, 0x07, 0x66, 0xFA, 0x90, 0x5D, 0x1A, 0xFF,
    0xFF, 0xFF, 0xFF, 0x00, 0x00, 0x96, 0x22, 0x00, 0x00, 0x00, 0x96, 0x22, 0x00, 0x00, 0x00, 0x96,
    0x22, 0x00, 0x00, 0x00, 0x96, 0x22, 0x00, 0x00, 0x00, 0x96, 0x22, 0x00, 0x00, 0x00, 0x1E, 0x06,
    0x00, 0x00, 0x00, 0x4B, 0x11, 0x00, 0x00, 0x00, 0x96, 0x22, 0x00, 0x00, 0x00, 0x96, 0x22, 0x00,
    0x00, 0x00, 0x96, 0x22, 0x00, 0x00, 0x00, 0x96, 0x22, 0x00, 0x07, 0x66, 0xB0, 0x7E, 0x5D, 0x1A,
    0xFF, 0xFF, 0xFF, 0xFF, 0x00, 0x00, 0xE1, 0x44, 0x00, 0x00, 0x00, 0xE1, 0x44, 0x00, 0x00, 0x00,
    0xE1, 0x44, 0x00, 0x00, 0x00, 0xE1, 0x44, 0x00, 0x00, 0x00, 0xE1, 0x44, 0x00, 0x00, 0x00, 0x36,
    0x10, 0x00, 0x00, 0x00, 0xC0, 0x1D, 0x00, 0x00, 0x00, 0xFF, 0x2E, 0x00, 0x00, 0x00, 0xFF, 0x2E,
    0x00, 0x00, 0x00, 0xFF, 0x2E, 0x00, 0x00, 0x00, 0xFF, 0x2E, 0x00, 0x2A, 0xA2, 0xFF, 0x52, 0x1C,
    0x52, 0xFF, 0xFF, 0xB3, 0x84, 0x00, 0x00, 0xFF, 0x2E, 0x00, 0x00, 0x00, 0xFF, 0x2E, 0x00, 0x00,
    0x00, 0xFF, 0x2E, 0x00, 0x00, 0x00, 0xFF, 0x2E, 0x00, 0x00, 0x00, 0xFF, 0x2E, 0x00, 0x00, 0x00,
    0x10, 0x02, 0x00, 0x00, 0x00, 0xC0, 0x1D, 0x00, 0x00, 0x00, 0xFF, 0x2E, 0x00, 0x00, 0x00, 0xFF,
    0x2E, 0x00, 0x00, 0x00, 0xFF, 0x2E, 0x00, 0x00, 0x00, 0xFF, 0x2E, 0x00, 0x0A, 0x2A, 0xFF, 0xAC,
    0x6F, 0x32, 0xA0, 0xFF, 0xFF, 0xB2, 0x00, 0x00, 0xFF, 0x2E, 0x00, 0x00, 0x00, 0xFF, 0x2E, 0x00,
    0x00, 0x00, 0xFF, 0x2E, 0x00, 0x00, 0x00, 0xFF, 0x2E, 0x00, 0x00, 0x00, 0xFF, 0x2E, 0x00, 0x00,
    0x00, 0x10, 0x02, 0x00, 0x00, 0x00, 0xB1, 0x35, 0x00, 0x00, 0x00, 0xE1, 0x44, 0x00, 0x00, 0x00,
    0xE1, 0x44, 0x00, 0x00, 0x00, 0xE1, 0x44, 0x00, 0x00, 0x00, 0xE1, 0x44, 0x00, 0x0C, 0xA2, 0xFF,
    0xBE, 0x94, 0x16, 0xFF, 0xFF, 0xFF, 0xEE, 0x00, 0x00, 0xE1, 0x44, 0x00, 0x00, 0x00, 0xE1, 0x44,
    0x00, 0x00, 0x00, 0xE1, 0x44, 0x00, 0x00, 0x00, 0xE1, 0x44, 0x00, 0x00, 0x00, 0xE1, 0x44, 0x00,
    0x00, 0x00, 0x0C, 0x04, 0x00, 0x4C, 0xC3, 0x06, 0x61, 0xB2, 0x21, 0x66, 0x03, 0x2A, 0x5D, 0x78,
    0xFF, 0x0A, 0x99, 0xFF, 0x61, 0xC3, 0xC3, 0x0D, 0x00, 0x6D, 0xC3, 0xC3, 0x03, 0x94, 0x30, 0xFF,
    0x72, 0xFF, 0x72, 0x15, 0x06, 0x00, 0x00, 0xA5, 0x34, 0xFF, 0x72, 0xFF, 0x72, 0x04, 0x01, 0x12,
    0xC8, 0xC8, 0xC8, 0xB7, 0x11, 0xC3, 0xC3, 0xC3, 0xB2, 0x99, 0x9D, 0xC3, 0xC8, 0xC3, 0xC8, 0xC3,
    0xC8, 0xC3, 0xC8, 0xC3, 0xC8, 0xC3, 0xC8, 0xC3, 0xC8, 0xC3, 0xC8, 0xC3, 0xC8, 0xC3, 0xC8, 0xC3,
    0xC8, 0x0A, 0x0A, 0xBC, 0xC8, 0xA8, 0xC3, 0xC3, 0xA3, 0x41, 0x00, 0x00, 0x41, 0x00, 0x00, 0x41,
    0x00, 0x00, 0x41, 0x00, 0x00, 0x41, 0x00, 0x00, 0x0C, 0x00, 0x00, 0xFF, 0xC3, 0xB2, 0xC3, 0x00,
    0x00, 0xC3, 0x00, 0x00, 0xC3, 0x00, 0x00, 0xC3, 0x00, 0x00, 0xC3, 0x00, 0x00, 0x24, 0x00, 0x00,
    0xD6, 0xC8, 0xA8, 0xBF, 0xC3, 0xA3, 0xB9, 0x00, 0x00, 0xB9, 0x00, 0x00, 0xB9, 0x00, 0x00, 0xB9,
    0x00, 0x00, 0xAD, 0x00, 0x00, 0x00, 0x4B, 0xC8, 0xC8, 0xF2, 0x00, 0x48, 0xC3, 0xC3, 0xFF, 0x00,
    0x00, 0x00, 0x00, 0xC3, 0x00, 0x00, 0x00, 0x00, 0xC3, 0x00, 0x00, 0x00, 0x00, 0xC3, 0x00, 0x00,
    0x00, 0x00, 0xC3, 0x00, 0x00, 0x00, 0x00, 0xC3, 0x00, 0x00, 0x00, 0x00, 0x24, 0x2B, 0xAA, 0xC3,
    0xFC, 0xF2, 0x00, 0x00, 0x00, 0xC4, 0xC8, 0x00, 0x00, 0x00, 0xC4, 0xC8, 0x00, 0x00, 0x00, 0xC4,
    0xC8, 0x00, 0x00, 0x00, 0xC4, 0xC8, 0x00, 0x00, 0x00, 0xC4, 0xC8, 0x00, 0x00, 0x00, 0x24, 0x25,
    0x0D, 0xA4, 0xC8, 0xCA, 0xD4, 0x0D, 0xA0, 0xC3, 0x9A, 0xC8, 0x00, 0x00, 0x00, 0xC4, 0xC8, 0x00,
    0x00, 0x00, 0xC4, 0xC8, 0x00, 0x00, 0x00, 0xC4, 0xC8, 0x00, 0x00, 0x00, 0xC4, 0xC8, 0x00, 0x00,
    0x00, 0xB7, 0xBB, 0x3B, 0x00, 0x00, 0x41, 0x00, 0x00, 0x41, 0x00, 0x00, 0x41, 0x00, 0x00, 0x41,
    0x00, 0x00, 0xC3, 0xC3, 0xA3, 0xC3, 0xC3, 0xA3, 0x7F, 0x00, 0x00, 0xC3, 0x00, 0x00, 0xC3, 0x00,
    0x00, 0xC3, 0x00, 0x00, 0xC3, 0x00, 0x00, 0xC3, 0x00, 0x00, 0xC3, 0xC3, 0xB2, 0x78, 0x00, 0x00,
    0xB9, 0x00, 0x00, 0xB9, 0x00, 0x00, 0xB9, 0x00, 0x00, 0xB9, 0x00, 0x00, 0xC0, 0xBE, 0x9F, 0xD7,
    0xC3, 0xA3, 0x00, 0x00, 0x00, 0x00, 0xB2, 0x00, 0x00, 0x00, 0x00, 0xC3, 0x00, 0x00, 0x00, 0x00,
    0xC3, 0x00, 0x00, 0x00, 0x00, 0xC3, 0x00, 0x00, 0x00, 0x00, 0xC3, 0x00, 0x48, 0xC3, 0xC3, 0xFF,
    0x00, 0x48, 0xC3, 0xC3, 0xFF, 0x00, 0x00, 0x00, 0x80, 0x82, 0x00, 0x00, 0x00, 0xC4, 0xC8, 0x00,
    0x00, 0x00, 0xC4, 0xC8, 0x00, 0x00, 0x00, 0xC4, 0xC8, 0x00, 0x00, 0x00, 0xC4, 0xC8, 0x00, 0x00,
    0x00, 0xC4, 0xC8, 0x2B, 0xAA, 0xC3, 0xBD, 0xA3, 0x00, 0x00, 0x00, 0x80, 0x82, 0x00, 0x00, 0x00,
    0xC4, 0xC8, 0x00, 0x00, 0x00, 0xC4, 0xC8, 0x00, 0x00, 0x00, 0xC4, 0xC8, 0x00, 0x00, 0x00, 0xC4,
    0xC8, 0x0D, 0x9C, 0xBE, 0xBD, 0xC8, 0x0D, 0xA0, 0xC3, 0xCC, 0xF2, 0x33, 0x00, 0x00, 0x41, 0x00,
    0x00, 0x41, 0x00, 0x00, 0x41, 0x00, 0x00, 0x41, 0x00, 0x00, 0xC3, 0xC3, 0xA3, 0xAC, 0xA0, 0x87,
    0x5D, 0x2A, 0x1C, 0x41, 0x00, 0x00, 0x41, 0x00, 0x00, 0x41, 0x00, 0x00, 0x41, 0x00, 0x00, 0x03,
    0x00, 0x00, 0x91, 0x00, 0x00, 0xB9, 0x00, 0x00, 0xB9, 0x00, 0x00, 0xB9, 0x00, 0x00, 0xB9, 0x00,
    0x00, 0xBE, 0x2A, 0x1C, 0xD4, 0xA0, 0x87, 0xB9, 0x00, 0x00, 0xB9, 0x00, 0x00, 0xB9, 0x00, 0x00,
    0xB9, 0x00, 0x00, 0xB9, 0x00, 0x00, 0x09, 0x00, 0x00, 0x91, 0x00, 0x00, 0xB9, 0x00, 0x00, 0xB9,
    0x00, 0x00, 0xB9, 0x00, 0x00, 0xB9, 0x00, 0x00, 0xCC, 0xC3, 0xA3, 0xA9, 0xA0, 0x87, 0xBE, 0x2A,
    0x1C, 0xB9, 0x00, 0x00, 0xB9, 0x00, 0x00, 0xB9, 0x00, 0x00, 0xB9, 0x00, 0x00, 0x09, 0x00, 0x00,
    0x00, 0x00, 0x00, 0x00, 0x99, 0x00, 0x00, 0x00, 0x00, 0xC3, 0x00, 0x00, 0x00, 0x00, 0xC3, 0x00,
    0x00, 0x00, 0x00, 0xC3, 0x00, 0x00, 0x00, 0x00, 0xC3, 0x00, 0x48, 0xC3, 0xC3, 0xFF, 0x00, 0x3C,
    0xA0, 0xA0, 0xFF, 0x00, 0x0C, 0x2A, 0x2A, 0xCF, 0x00, 0x00, 0x00, 0x00, 0xC3, 0x00, 0x00, 0x00,
    0x00, 0xC3, 0x00, 0x00, 0x00, 0x00, 0xC3, 0x00, 0x00, 0x00, 0x00, 0xC3, 0x00, 0x00, 0x00, 0x00,
    0x0A, 0x00, 0x00, 0x00, 0x9A, 0x9D, 0x00, 0x00, 0x00, 0xC4, 0xC8, 0x00, 0x00, 0x00, 0xC4, 0xC8,
    0x00, 0x00, 0x00, 0xC4, 0xC8, 0x00, 0x00, 0x00, 0xC4, 0xC8, 0x02, 0x22, 0x2A, 0xC4, 0xC8, 0x0B,
    0x84, 0xA0, 0xC4, 0xC8, 0x00, 0x00, 0x00, 0xC4, 0xC8, 0x00, 0x00, 0x00, 0xC4, 0xC8, 0x00, 0x00,
    0x00, 0xC4, 0xC8, 0x00, 0x00, 0x00, 0xC4, 0xC8, 0x00, 0x00, 0x00, 0xC4, 0xC8, 0x00, 0x00, 0x00,
    0x0A, 0x0A, 0x00, 0x00, 0x00, 0x9A, 0x9D, 0x00, 0x00, 0x00, 0xC4, 0xC8, 0x00, 0x00, 0x00, 0xC4,
    0xC8, 0x00, 0x00, 0x00, 0xC4, 0xC8, 0x00, 0x00, 0x00, 0xC4, 0xC8, 0x0D, 0xA0, 0xC3, 0xB2, 0xC8,
    0x0B, 0x84, 0xA0, 0x86, 0xC8, 0x02, 0x22, 0x2A, 0xC4, 0xC8, 0x00, 0x00, 0x00, 0xC4, 0xC8, 0x00,
    0x00, 0x00, 0xC4, 0xC8, 0x00, 0x00, 0x00, 0xC4, 0xC8, 0x00, 0x00, 0x00, 0xC4, 0xC8, 0x00, 0x00,
    0x00, 0x0A, 0x0A, 0x12, 0xC8, 0xC8, 0xC8, 0xB7, 0x11, 0xC3, 0xC3, 0xC3, 0xB2, 0x00, 0x00, 0x96,
    0x22, 0x00, 0x00, 0x00, 0x96, 0x22, 0x00, 0x00, 0x00, 0x96, 0x22, 0x00, 0x00, 0x00, 0x96, 0x22,
    0x00, 0x00, 0x00, 0x8B, 0x1F, 0x00, 0x11, 0xC3, 0xFF, 0xDB, 0xB2, 0x00, 0x00, 0xC3, 0x4E, 0x00,
    0x00, 0x00, 0xC3, 0x4E, 0x00, 0x00, 0x00, 0xC3, 0x4E, 0x00, 0x00, 0x00, 0xC3, 0x4E, 0x00, 0x00,
    0x00, 0xC3, 0x4E, 0x00, 0x00, 0x00, 0x24, 0x0E, 0x00, 0x12, 0xC8, 0xC8, 0xC8, 0xB7, 0x11, 0xC3,
    0x8E, 0xBD, 0xB2, 0x00, 0x00, 0xC3, 0x4E, 0x00, 0x00, 0x00, 0xC3, 0x4E, 0x00, 0x00, 0x00, 0xC3,
    0x4E, 0x00, 0x00, 0x00, 0xC3, 0x4E, 0x00, 0x00, 0x00, 0xB6, 0x49, 0x00, 0x00, 0x00, 0x51, 0x12,
    0x00, 0x00, 0x00, 0x96, 0x22, 0x00, 0x00, 0x00, 0x96, 0x22, 0x00, 0x00, 0x00, 0x96, 0x22, 0x00,
    0x00, 0x00, 0x96, 0x22, 0x00, 0x11, 0xBE, 0xD7, 0xC3, 0xAF, 0x11, 0xC3, 0xC3, 0xC3, 0xB2, 0x00,
    0x00, 0x7F, 0x33, 0x00, 0x00, 0x00, 0xC3, 0x4E, 0x00, 0x00, 0x00, 0xC3, 0x4E, 0x00, 0x00, 0x00,
    0xC3, 0x4E, 0x00, 0x00, 0x00, 0xC3, 0x4E, 0x00, 0x00, 0x00, 0xC3, 0x4E, 0x00, 0x11, 0xC3, 0xC3,
    0xC3, 0xB2, 0x00, 0x00, 0x7F, 0x33, 0x00, 0x00, 0x00, 0xC3, 0x4E, 0x00, 0x00, 0x00, 0xC3, 0x4E,
    0x00, 0x00, 0x00, 0xC3, 0x4E, 0x00, 0x00, 0x00, 0xC3, 0x4E, 0x00, 0x11, 0xBE, 0xBA, 0xBD, 0xAF,
    0x11, 0xC3, 0xC3, 0xC3, 0xB2, 0x00, 0x00, 0x61, 0x16, 0x00, 0x00, 0x00, 0x96, 0x22, 0x00, 0x00,
    0x00, 0x96, 0x22, 0x00, 0x00, 0x00, 0x96, 0x22, 0x00, 0x00, 0x00, 0x96, 0x22, 0x00, 0x11, 0xC3,
    0xF3, 0xCD, 0xB2, 0x0E, 0xA0, 0xDE, 0xAE, 0xB1, 0x02, 0x2A, 0xAF, 0x47, 0x25, 0x00, 0x00, 0x96,
    0x22, 0x00, 0x00, 0x00, 0x96, 0x22, 0x00, 0x00, 0x00, 0x96, 0x22, 0x00, 0x00, 0x00, 0x96, 0x22,
    0x00, 0x00, 0x00, 0x06, 0x01, 0x00, 0x00, 0x00, 0x99, 0x3D, 0x00, 0x00, 0x00, 0xC3, 0x4E, 0x00,
    0x00, 0x00, 0xC3, 0x4E, 0x00, 0x00, 0x00, 0xC3, 0x4E, 0x00, 0x00, 0x00, 0xC3, 0x4E, 0x00, 0x02,
    0x2A, 0xCF, 0x6C, 0x25, 0x0E, 0xA0, 0xFF, 0xC6, 0xB1, 0x00, 0x00, 0xC3, 0x4E, 0x00, 0x00, 0x00,
    0xC3, 0x4E, 0x00, 0x00, 0x00, 0xC3, 0x4E, 0x00, 0x00, 0x00, 0xC3, 0x4E, 0x00, 0x00, 0x00, 0xC3,
    0x4E, 0x00, 0x00, 0x00, 0x0A, 0x04, 0x00, 0x00, 0x00, 0x7F, 0x2F, 0x00, 0x00, 0x00, 0xC3, 0x48,
    0x00, 0x00, 0x00, 0xC3, 0x48, 0x00, 0x00, 0x00, 0xC3, 0x48, 0x00, 0x00, 0x00, 0xC3, 0x48, 0x00,
    0x11, 0xBE, 0xBA, 0xBE, 0x9F, 0x11, 0xC3, 0x8E, 0xC1, 0xA3, 0x00, 0x00, 0xC3, 0x48, 0x00, 0x00,
    0x00, 0xC3, 0x48, 0x00, 0x00, 0x00, 0xC3, 0x48, 0x00, 0x00, 0x00, 0xC3, 0x48, 0x00, 0x00, 0x00,
    0xB6, 0x43, 0x00, 0x56, 0xCA, 0xA3, 0x8A, 0x00, 0x00, 0x4D, 0x00, 0x00, 0x41, 0x00, 0x00, 0x41,
    0x00, 0x00, 0x41, 0x00, 0x00, 0x0C, 0x00, 0x00, 0x00, 0x48, 0xC1, 0xB1, 0x12, 0x00, 0x00, 0x00,
    0x45, 0xB1, 0x00, 0x00, 0x00, 0x00, 0xC1, 0x00, 0x00, 0x00, 0x00, 0xC3, 0x00, 0x00, 0x00, 0x00,
    0xC3, 0x00, 0x00, 0x00, 0x00, 0xC3, 0x00, 0x00, 0x00, 0x00, 0x24, 0x00, 0x00, 0x00, 0x00, 0x7F,
    0x00, 0x00, 0x00, 0x00, 0xC3, 0x00, 0x00, 0x00, 0x00, 0xC3, 0x00, 0x00, 0x00, 0x00, 0xC1, 0x00,
    0x00, 0x00, 0x00, 0xCA, 0x00, 0x00, 0x21, 0xA7, 0x81, 0x00, 0x48, 0xA6, 0x4F, 0x00, 0x2A, 0x00,
    0x00, 0x41, 0x00, 0x00, 0x41, 0x00, 0x00, 0x42, 0x00, 0x00, 0x69, 0x00, 0x00, 0x98, 0x49, 0x04,
    0x0F, 0xA9, 0x9F, 0x00, 0x00, 0x00, 0x2C, 0x64, 0x00, 0x00, 0x00, 0x97, 0x36, 0x00, 0x00, 0x34,
    0x8D, 0x00, 0x00, 0x00, 0xC3, 0x19, 0x00, 0x00, 0x41, 0xB8, 0x00, 0x00, 0x00, 0xA6, 0x0F, 0x00,
    0x00, 0x46, 0x8F, 0x00, 0x00, 0x00, 0x81, 0x2E, 0x00, 0x00, 0x00, 0x81, 0x17, 0x00, 0x00, 0x00,
    0x53, 0x00, 0x00, 0x00, 0x00, 0x10, 0x00, 0x00, 0x00, 0x00, 0x34, 0x00, 0x00, 0x00, 0x00, 0x5D,
    0x04, 0x00, 0x00, 0x00, 0x7D, 0x20, 0x00, 0x00, 0x00, 0x70, 0x45, 0x00, 0x00, 0x00, 0x1A, 0x9D,
    0x00, 0x00, 0x00, 0x00, 0x85, 0x42, 0x00, 0x00, 0x00, 0x12, 0xC9, 0x00, 0x00, 0x00, 0x00, 0xA8,
    0x4D, 0x00, 0x00, 0x00, 0x09, 0xA9, 0x01, 0x00, 0x00, 0x00, 0x81, 0x73, 0x00, 0x00, 0x00, 0x08,
    0x25, 0x4A, 0x00, 0x00, 0x47, 0x7F, 0x65, 0x09, 0x00, 0xA4, 0x1C, 0x82, 0x26, 0x57, 0x8E, 0x00,
    0x63, 0x5B, 0xD2, 0x0A, 0x00, 0x0D, 0xD0, 0x8E, 0x00, 0x00, 0x04, 0xCD, 0x67, 0x00, 0x00, 0x61,
    0x7C, 0xD4, 0x01, 0x00, 0x84, 0x29, 0x7F, 0x6E, 0x00, 0x6D, 0x0F, 0x00, 0xAB, 0x0A, 0x4C, 0x00,
    0x00, 0x64, 0x8A, 0x02, 0x00, 0x00, 0x01, 0x06, 0x00, 0x48, 0xC3, 0xC3, 0xC3, 0x4C, 0xC3, 0xC3,
    0xC3, 0xC3, 0xC3, 0xA1, 0xA0, 0xC3, 0xB2, 0xC3, 0xC3, 0xC3, 0xC3, 0xC3, 0xC3, 0x24, 0x00, 0x1F,
    0x66, 0x66, 0x66, 0x00, 0x72, 0xFF, 0xFF, 0xFF, 0x73, 0x24, 0xFF, 0x72, 0xFF, 0x72, 0xFF, 0x72,
    0xFF, 0x72, 0xFF, 0x72, 0xF3, 0x5D, 0x51, 0x66, 0x5D, 0xD9, 0xFF, 0xFF, 0xFF, 0x72, 0xFF, 0x72,
    0xFF, 0x72, 0xFF, 0x72, 0xFF, 0x72, 0xFF, 0x72, 0x36, 0x10, 0x00, 0x00, 0x27, 0x66, 0x5D, 0x11,
    0xC3, 0xED, 0xFF, 0xFF, 0x7F, 0x00, 0xC3, 0x00, 0xC3, 0x00, 0xC3, 0x00, 0xC3, 0x00, 0xC3, 0x00,
    0xFF, 0x72, 0xFF, 0x72, 0xFF, 0x72, 0xFF, 0x72, 0xFF, 0x72, 0xFF, 0x72, 0x36, 0x10, 0x19, 0x66,
    0x66, 0x00, 0x00, 0x5B, 0xFF, 0xFF, 0xC3, 0xA3, 0x73, 0x24, 0xFF, 0x72, 0xFF, 0x72, 0xFF, 0x72,
    0xFF, 0x72, 0xFF, 0x72, 0xFF, 0x5D, 0xC3, 0x00, 0xC3, 0x00, 0xC3, 0x00, 0xC3, 0x00, 0xC3, 0x00,
    0x57, 0x00, 0x05, 0x06, 0x06, 0x05, 0x01, 0xFF, 0xFF, 0xFF, 0xEA, 0x96, 0xFF, 0xFF, 0xFF, 0xEA,
    0x96, 0xFF, 0xFF, 0xFF, 0xEA, 0x96, 0xFF, 0xFF, 0xFF, 0xEA, 0x96, 0xFF, 0xFF, 0xFF, 0xEA, 0x96,
    0x82, 0x84, 0x84, 0x74, 0x33, 0xBE, 0xA0, 0xA0, 0xA0, 0xA0, 0x40, 0x00, 0x00, 0x20, 0xA0, 0x40,
    0x00, 0x00, 0x20, 0xA0, 0x40, 0x00, 0x00, 0x20, 0xA0, 0x40, 0x00, 0x00, 0x20, 0xA0, 0xAA, 0xA0,
    0xA0, 0x93, 0x60, 0x00, 0x00, 0x00, 0x00, 0x00, 0x00, 0x91, 0x10, 0x00, 0x00, 0x14, 0xD3, 0xB1,
    0x00, 0x00, 0x6A, 0xEF, 0xFF, 0x0D, 0x00, 0xA6, 0xFF, 0xFF, 0x8E, 0x00, 0xDF, 0xFF, 0xFF, 0xCF,
    0x10, 0x7D, 0x84, 0x84, 0x71, 0x27, 0x00, 0x00, 0x00, 0x00, 0x00, 0x9F, 0x15, 0x00, 0x00, 0x00,
    0xFF, 0xF9, 0x6C, 0x00, 0x00, 0xFF, 0xFF, 0xFF, 0xC8, 0x1C, 0xFF, 0xFF, 0xC1, 0x25, 0x00, 0xDA,
    0x4D, 0x00, 0x00, 0x00, 0x12, 0x00, 0x00, 0x00, 0x00, 0x05, 0x06, 0x06, 0x05, 0x01, 0xF4, 0xFF,
    0xFF, 0xD7, 0x37, 0xBA, 0xFF, 0xFF, 0xA1, 0x00, 0x8A, 0xFA, 0xFF, 0x2B, 0x00, 0x32, 0xDD, 0xC8,
    0x00, 0x00, 0x00, 0xB4, 0x36, 0x00, 0x00, 0x00, 0x12, 0x00, 0x00, 0x00, 0x00, 0x00, 0x00, 0x00,
    0x00, 0x00, 0x00, 0x27, 0xAC, 0x88, 0x18, 0x9A, 0xFF, 0xEA, 0x96, 0xDE, 0xFF, 0xFF, 0xEA, 0x96,
    0x5D, 0xEA, 0xFF, 0xEA, 0x96, 0x00, 0x06, 0x99, 0xEA, 0x96, 0x00, 0x00, 0x00, 0x0D, 0x24, 0x00,
    0x00, 0x00, 0x00, 0x00, 0x0B, 0xBC, 0x63, 0x00, 0x00, 0x99, 0xFD, 0xFF, 0x50, 0x00, 0xF2, 0xFF,
    0xFF, 0xD7, 0x39, 0xB7, 0xFF, 0xFF, 0x8A, 0x00, 0x2E, 0xDB, 0xAD, 0x00, 0x00, 0x00, 0x24, 0x00,
    0x00, 0x00, 0x00, 0x00, 0x00, 0x00, 0x00, 0x0B, 0xB4, 0x63, 0x00, 0x00, 0x83, 0x53, 0xB2, 0x50,
    0x00, 0x79, 0x0B, 0x01, 0xB7, 0x39, 0x92, 0x2B, 0x75, 0x85, 0x00, 0x2E, 0xC0, 0xA6, 0x00, 0x00,
    0x00, 0x24, 0x00, 0x00, 0x00, 0x70, 0xAF, 0xB6, 0x65, 0x00, 0x5D, 0x07, 0x00, 0x95, 0x51, 0x44,
    0x00, 0x00, 0x33, 0xBD, 0x47, 0x00, 0x00, 0x4D, 0x9D, 0x9D, 0x34, 0x42, 0xA2, 0x15, 0x29, 0xA6,
    0x99, 0x0C, 0x00, 0x00, 0x03, 0x00, 0x00, 0x00, 0x92, 0xF8, 0xFF, 0x5E, 0x00, 0xF2, 0xFF, 0xFF,
    0xD6, 0x33, 0xFF, 0xFF, 0xFF, 0xE7, 0x88, 0xFF, 0xFF, 0xFF, 0xDE, 0x5A, 0xC0, 0xFF, 0xFF, 0x9C,
    0x00, 0x12, 0x6C, 0x4E, 0x00, 0x00, 0x58, 0x7E, 0x7E, 0x7E, 0x8D, 0x7E, 0x00, 0x00, 0x00, 0x7E,
    0x7E, 0x00, 0x00, 0x00, 0x7E, 0x7E, 0x00, 0x00, 0x00, 0x7E, 0x91, 0x84, 0x84, 0x84, 0xA7, 0x6C,
    0x84, 0x84, 0x84, 0xA3, 0x84, 0x00, 0x00, 0x48, 0x8B, 0x84, 0x00, 0x2A, 0x5D, 0x84, 0x84, 0x63,
    0xB1, 0x00, 0x84, 0x9F, 0x7E, 0xB1, 0x7E, 0xB0, 0x03, 0x06, 0x06, 0x06, 0x04, 0x00, 0x00, 0x45,
    0x00, 0x00, 0x00, 0x6F, 0xFF, 0x87, 0x00, 0x00, 0xBB, 0x24, 0xB9, 0x0D, 0x00, 0x92, 0xF3, 0x98,
    0x09, 0x00, 0xB1, 0x4C, 0xAC, 0x04, 0x00, 0x51, 0xFF, 0x5E, 0x00, 0x00, 0x00, 0x00, 0x2F, 0x1C,
    0x00, 0x00, 0x00, 0xA9, 0x21, 0x3C, 0x08, 0x21, 0xA1, 0x00, 0x9A, 0x25, 0xB2, 0x4D, 0x00, 0x8E,
    0x30, 0xDF, 0x00, 0x00, 0x64, 0xA8, 0xA8, 0x00, 0x00, 0x21, 0xD7, 0x19, 0x00, 0x00, 0x00, 0x00,
    0x07, 0x00, 0x49, 0x00, 0x5B, 0xBE, 0xAB, 0xA8, 0x00, 0x04, 0xFF, 0xC9, 0x00, 0x00, 0x43, 0xFF,
    0xCA, 0x00, 0x0F, 0xFF, 0x4F, 0xF3, 0x13, 0x87, 0xA5, 0x00, 0x0C, 0x00, 0x03, 0x00, 0x00, 0x00,
    0x00, 0x40, 0x12, 0x19, 0x9A, 0x13, 0xBE, 0x7D, 0xFC, 0xB4, 0x07, 0x99, 0xFF, 0xFA, 0x0A, 0x00,
    0x87, 0xF9, 0xC4, 0x00, 0x00, 0xD9, 0xF0, 0xFF, 0x63, 0x00, 0xA0, 0x2B, 0xB4, 0x0D, 0x00, 0x00,
    0x00, 0x00, 0x00, 0x00, 0x00, 0x94, 0x34, 0x00, 0x00, 0xFF, 0x7E, 0x00, 0x00, 0xFF, 0x7E, 0x00,
    0x18, 0xFF, 0x99, 0x00, 0x3A, 0xFF, 0xB4, 0x00, 0x00, 0x19, 0x00, 0x00,
};
