// Auto-generated VLW font: ibmplex_bolditalic_13
// Size: 36430 bytes (35.6 KB)
#pragma once
#include <pgmspace.h>

const uint8_t ibmplex_bolditalic_13[] PROGMEM = {
    0x00, 0x00, 0x01, 0x65, 0x00, 0x00, 0x00, 0x06, 0x00, 0x00, 0x00, 0x0D, 0x00, 0x00, 0x00, 0x00,
    0x00, 0x00, 0x00, 0x0E, 0x00, 0x00, 0x00, 0x04, 0x00, 0x00, 0x00, 0x20, 0x00, 0x00, 0x00, 0x00,
    0x00, 0x00, 0x00, 0x00, 0x00, 0x00, 0x00, 0x08, 0x00, 0x00, 0x00, 0x00, 0x00, 0x00, 0x00, 0x00,
    0x00, 0x00, 0x00, 0x00, 0x00, 0x00, 0x00, 0x21, 0x00, 0x00, 0x00, 0x09, 0x00, 0x00, 0x00, 0x04,
    0x00, 0x00, 0x00, 0x08, 0x00, 0x00, 0x00, 0x09, 0x00, 0x00, 0x00, 0x02, 0x00, 0x00, 0x00, 0x00,
    0x00, 0x00, 0x00, 0x22, 0x00, 0x00, 0x00, 0x05, 0x00, 0x00, 0x00, 0x07, 0x00, 0x00, 0x00, 0x08,
    0x00, 0x00, 0x00, 0x0A, 0x00, 0x00, 0x00, 0x01, 0x00, 0x00, 0x00, 0x00, 0x00, 0x00, 0x00, 0x23,
    0x00, 0x00, 0x00, 0x09, 0x00, 0x00, 0x00, 0x08, 0x00, 0x00, 0x00, 0x08, 0x00, 0x00, 0x00, 0x09,
    0x00, 0x00, 0x00, 0x00, 0x00, 0x00, 0x00, 0x00, 0x00, 0x00, 0x00, 0x24, 0x00, 0x00, 0x00, 0x0D,
    0x00, 0x00, 0x00, 0x08, 0x00, 0x00, 0x00, 0x08, 0x00, 0x00, 0x00, 0x0C, 0x00, 0x00, 0x00, 0x00,
    0x00, 0x00, 0x00, 0x00, 0x00, 0x00, 0x00, 0x25, 0x00, 0x00, 0x00, 0x09, 0x00, 0x00, 0x00, 0x08,
    0x00, 0x00, 0x00, 0x08, 0x00, 0x00, 0x00, 0x09, 0x00, 0x00, 0x00, 0x00, 0x00, 0x00, 0x00, 0x00,
    0x00, 0x00, 0x00, 0x26, 0x00, 0x00, 0x00, 0x09, 0x00, 0x00, 0x00, 0x08, 0x00, 0x00, 0x00, 0x08,
    0x00, 0x00, 0x00, 0x09, 0x00, 0x00, 0x00, 0x00, 0x00, 0x00, 0x00, 0x00, 0x00, 0x00, 0x00, 0x27,
    0x00, 0x00, 0x00, 0x05, 0x00, 0x00, 0x00, 0x03, 0x00, 0x00, 0x00, 0x08, 0x00, 0x00, 0x00, 0x0A,
    0x00, 0x00, 0x00, 0x03, 0x00, 0x00, 0x00, 0x00, 0x00, 0x00, 0x00, 0x28, 0x00, 0x00, 0x00, 0x0C,
    0x00, 0x00, 0x00, 0x06, 0x00, 0x00, 0x00, 0x08, 0x00, 0x00, 0x00, 0x0A, 0x00, 0x00, 0x00, 0x02,
    0x00, 0x00, 0x00, 0x00, 0x00, 0x00, 0x00, 0x29, 0x00, 0x00, 0x00, 0x0C, 0x00, 0x00, 0x00, 0x06,
    0x00, 0x00, 0x00, 0x08, 0x00, 0x00, 0x00, 0x0A, 0x00, 0x00, 0x00, 0x00, 0x00, 0x00, 0x00, 0x00,
    0x00, 0x00, 0x00, 0x2A, 0x00, 0x00, 0x00, 0x07, 0x00, 0x00, 0x00, 0x08, 0x00, 0x00, 0x00, 0x08,
    0x00, 0x00, 0x00, 0x07, 0x00, 0x00, 0x00, 0x00, 0x00, 0x00, 0x00, 0x00, 0x00, 0x00, 0x00, 0x2B,
    0x00, 0x00, 0x00, 0x07, 0x00, 0x00, 0x00, 0x08, 0x00, 0x00, 0x00, 0x08, 0x00, 0x00, 0x00, 0x07,
    0x00, 0x00, 0x00, 0x00, 0x00, 0x00, 0x00, 0x00, 0x00, 0x00, 0x00, 0x2C, 0x00, 0x00, 0x00, 0x05,
    0x00, 0x00, 0x00, 0x05, 0x00, 0x00, 0x00, 0x08, 0x00, 0x00, 0x00, 0x03, 0x00, 0x00, 0x00, 0x01,
    0x00, 0x00, 0x00, 0x00, 0x00, 0x00, 0x00, 0x2D, 0x00, 0x00, 0x00, 0x02, 0x00, 0x00, 0x00, 0x06,
    0x00, 0x00, 0x00, 0x08, 0x00, 0x00, 0x00, 0x05, 0x00, 0x00, 0x00, 0x01, 0x00, 0x00, 0x00, 0x00,
    0x00, 0x00, 0x00, 0x2E, 0x00, 0x00, 0x00, 0x03, 0x00, 0x00, 0x00, 0x03, 0x00, 0x00, 0x00, 0x08,
    0x00, 0x00, 0x00, 0x03, 0x00, 0x00, 0x00, 0x02, 0x00, 0x00, 0x00, 0x00, 0x00, 0x00, 0x00, 0x2F,
    0x00, 0x00, 0x00, 0x0C, 0x00, 0x00, 0x00, 0x08, 0x00, 0x00, 0x00, 0x08, 0x00, 0x00, 0x00, 0x0A,
    0x00, 0x00, 0x00, 0x00, 0x00, 0x00, 0x00, 0x00, 0x00, 0x00, 0x00, 0x30, 0x00, 0x00, 0x00, 0x09,
    0x00, 0x00, 0x00, 0x08, 0x00, 0x00, 0x00, 0x08, 0x00, 0x00, 0x00, 0x09, 0x00, 0x00, 0x00, 0x00,
    0x00, 0x00, 0x00, 0x00, 0x00, 0x00, 0x00, 0x31, 0x00, 0x00, 0x00, 0x09, 0x00, 0x00, 0x00, 0x08,
    0x00, 0x00, 0x00, 0x08, 0x00, 0x00, 0x00, 0x09, 0x00, 0x00, 0x00, 0x00, 0x00, 0x00, 0x00, 0x00,
    0x00, 0x00, 0x00, 0x32, 0x00, 0x00, 0x00, 0x09, 0x00, 0x00, 0x00, 0x08, 0x00, 0x00, 0x00, 0x08,
    0x00, 0x00, 0x00, 0x09, 0x00, 0x00, 0x00, 0x00, 0x00, 0x00, 0x00, 0x00, 0x00, 0x00, 0x00, 0x33,
    0x00, 0x00, 0x00, 0x09, 0x00, 0x00, 0x00, 0x08, 0x00, 0x00, 0x00, 0x08, 0x00, 0x00, 0x00, 0x09,
    0x00, 0x00, 0x00, 0x00, 0x00, 0x00, 0x00, 0x00, 0x00, 0x00, 0x00, 0x34, 0x00, 0x00, 0x00, 0x09,
    0x00, 0x00, 0x00, 0x08, 0x00, 0x00, 0x00, 0x08, 0x00, 0x00, 0x00, 0x09, 0x00, 0x00, 0x00, 0x00,
    0x00, 0x00, 0x00, 0x00, 0x00, 0x00, 0x00, 0x35, 0x00, 0x00, 0x00, 0x09, 0x00, 0x00, 0x00, 0x08,
    0x00, 0x00, 0x00, 0x08, 0x00, 0x00, 0x00, 0x09, 0x00, 0x00, 0x00, 0x00, 0x00, 0x00, 0x00, 0x00,
    0x00, 0x00, 0x00, 0x36, 0x00, 0x00, 0x00, 0x09, 0x00, 0x00, 0x00, 0x08, 0x00, 0x00, 0x00, 0x08,
    0x00, 0x00, 0x00, 0x09, 0x00, 0x00, 0x00, 0x00, 0x00, 0x00, 0x00, 0x00, 0x00, 0x00, 0x00, 0x37,
    0x00, 0x00, 0x00, 0x09, 0x00, 0x00, 0x00, 0x08, 0x00, 0x00, 0x00, 0x08, 0x00, 0x00, 0x00, 0x09,
    0x00, 0x00, 0x00, 0x00, 0x00, 0x00, 0x00, 0x00, 0x00, 0x00, 0x00, 0x38, 0x00, 0x00, 0x00, 0x09,
    0x00, 0x00, 0x00, 0x08, 0x00, 0x00, 0x00, 0x08, 0x00, 0x00, 0x00, 0x09, 0x00, 0x00, 0x00, 0x00,
    0x00, 0x00, 0x00, 0x00, 0x00, 0x00, 0x00, 0x39, 0x00, 0x00, 0x00, 0x09, 0x00, 0x00, 0x00, 0x08,
    0x00, 0x00, 0x00, 0x08, 0x00, 0x00, 0x00, 0x09, 0x00, 0x00, 0x00, 0x00, 0x00, 0x00, 0x00, 0x00,
    0x00, 0x00, 0x00, 0x3A, 0x00, 0x00, 0x00, 0x07, 0x00, 0x00, 0x00, 0x04, 0x00, 0x00, 0x00, 0x08,
    0x00, 0x00, 0x00, 0x07, 0x00, 0x00, 0x00, 0x02, 0x00, 0x00, 0x00, 0x00, 0x00, 0x00, 0x00, 0x3B,
    0x00, 0x00, 0x00, 0x09, 0x00, 0x00, 0x00, 0x05, 0x00, 0x00, 0x00, 0x08, 0x00, 0x00, 0x00, 0x07,
    0x00, 0x00, 0x00, 0x01, 0x00, 0x00, 0x00, 0x00, 0x00, 0x00, 0x00, 0x3C, 0x00, 0x00, 0x00, 0x09,
    0x00, 0x00, 0x00, 0x07, 0x00, 0x00, 0x00, 0x08, 0x00, 0x00, 0x00, 0x09, 0x00, 0x00, 0x00, 0x01,
    0x00, 0x00, 0x00, 0x00, 0x00, 0x00, 0x00, 0x3D, 0x00, 0x00, 0x00, 0x05, 0x00, 0x00, 0x00, 0x08,
    0x00, 0x00, 0x00, 0x08, 0x00, 0x00, 0x00, 0x07, 0x00, 0x00, 0x00, 0x00, 0x00, 0x00, 0x00, 0x00,
    0x00, 0x00, 0x00, 0x3E, 0x00, 0x00, 0x00, 0x09, 0x00, 0x00, 0x00, 0x07, 0x00, 0x00, 0x00, 0x08,
    0x00, 0x00, 0x00, 0x09, 0x00, 0x00, 0x00, 0x00, 0x00, 0x00, 0x00, 0x00, 0x00, 0x00, 0x00, 0x3F,
    0x00, 0x00, 0x00, 0x09, 0x00, 0x00, 0x00, 0x07, 0x00, 0x00, 0x00, 0x08, 0x00, 0x00, 0x00, 0x09,
    0x00, 0x00, 0x00, 0x01, 0x00, 0x00, 0x00, 0x00, 0x00, 0x00, 0x00, 0x40, 0x00, 0x00, 0x00, 0x0B,
    0x00, 0x00, 0x00, 0x08, 0x00, 0x00, 0x00, 0x08, 0x00, 0x00, 0x00, 0x09, 0x00, 0x00, 0x00, 0x00,
    0x00, 0x00, 0x00, 0x00, 0x00, 0x00, 0x00, 0x41, 0x00, 0x00, 0x00, 0x09, 0x00, 0x00, 0x00, 0x08,
    0x00, 0x00, 0x00, 0x08, 0x00, 0x00, 0x00, 0x09, 0x00, 0x00, 0x00, 0x00, 0x00, 0x00, 0x00, 0x00,
    0x00, 0x00, 0x00, 0x42, 0x00, 0x00, 0x00, 0x09, 0x00, 0x00, 0x00, 0x08, 0x00, 0x00, 0x00, 0x08,
    0x00, 0x00, 0x00, 0x09, 0x00, 0x00, 0x00, 0x00, 0x00, 0x00, 0x00, 0x00, 0x00, 0x00, 0x00, 0x43,
    0x00, 0x00, 0x00, 0x09, 0x00, 0x00, 0x00, 0x08, 0x00, 0x00, 0x00, 0x08, 0x00, 0x00, 0x00, 0x09,
    0x00, 0x00, 0x00, 0x00, 0x00, 0x00, 0x00, 0x00, 0x00, 0x00, 0x00, 0x44, 0x00, 0x00, 0x00, 0x09,
    0x00, 0x00, 0x00, 0x08, 0x00, 0x00, 0x00, 0x08, 0x00, 0x00, 0x00, 0x09, 0x00, 0x00, 0x00, 0x00,
    0x00, 0x00, 0x00, 0x00, 0x00, 0x00, 0x00, 0x45, 0x00, 0x00, 0x00, 0x09, 0x00, 0x00, 0x00, 0x08,
    0x00, 0x00, 0x00, 0x08, 0x00, 0x00, 0x00, 0x09, 0x00, 0x00, 0x00, 0x00, 0x00, 0x00, 0x00, 0x00,
    0x00, 0x00, 0x00, 0x46, 0x00, 0x00, 0x00, 0x09, 0x00, 0x00, 0x00, 0x08, 0x00, 0x00, 0x00, 0x08,
    0x00, 0x00, 0x00, 0x09, 0x00, 0x00, 0x00, 0x00, 0x00, 0x00, 0x00, 0x00, 0x00, 0x00, 0x00, 0x47,
    0x00, 0x00, 0x00, 0x09, 0x00, 0x00, 0x00, 0x08, 0x00, 0x00, 0x00, 0x08, 0x00, 0x00, 0x00, 0x09,
    0x00, 0x00, 0x00, 0x00, 0x00, 0x00, 0x00, 0x00, 0x00, 0x00, 0x00, 0x48, 0x00, 0x00, 0x00, 0x09,
    0x00, 0x00, 0x00, 0x08, 0x00, 0x00, 0x00, 0x08, 0x00, 0x00, 0x00, 0x09, 0x00, 0x00, 0x00, 0x00,
    0x00, 0x00, 0x00, 0x00, 0x00, 0x00, 0x00, 0x49, 0x00, 0x00, 0x00, 0x09, 0x00, 0x00, 0x00, 0x08,
    0x00, 0x00, 0x00, 0x08, 0x00, 0x00, 0x00, 0x09, 0x00, 0x00, 0x00, 0x00, 0x00, 0x00, 0x00, 0x00,
    0x00, 0x00, 0x00, 0x4A, 0x00, 0x00, 0x00, 0x09, 0x00, 0x00, 0x00, 0x08, 0x00, 0x00, 0x00, 0x08,
    0x00, 0x00, 0x00, 0x09, 0x00, 0x00, 0x00, 0x00, 0x00, 0x00, 0x00, 0x00, 0x00, 0x00, 0x00, 0x4B,
    0x00, 0x00, 0x00, 0x09, 0x00, 0x00, 0x00, 0x08, 0x00, 0x00, 0x00, 0x08, 0x00, 0x00, 0x00, 0x09,
    0x00, 0x00, 0x00, 0x00, 0x00, 0x00, 0x00, 0x00, 0x00, 0x00, 0x00, 0x4C, 0x00, 0x00, 0x00, 0x09,
    0x00, 0x00, 0x00, 0x07, 0x00, 0x00, 0x00, 0x08, 0x00, 0x00, 0x00, 0x09, 0x00, 0x00, 0x00, 0x00,
    0x00, 0x00, 0x00, 0x00, 0x00, 0x00, 0x00, 0x4D, 0x00, 0x00, 0x00, 0x09, 0x00, 0x00, 0x00, 0x08,
    0x00, 0x00, 0x00, 0x08, 0x00, 0x00, 0x00, 0x09, 0x00, 0x00, 0x00, 0x00, 0x00, 0x00, 0x00, 0x00,
    0x00, 0x00, 0x00, 0x4E, 0x00, 0x00, 0x00, 0x09, 0x00, 0x00, 0x00, 0x08, 0x00, 0x00, 0x00, 0x08,
    0x00, 0x00, 0x00, 0x09, 0x00, 0x00, 0x00, 0x00, 0x00, 0x00, 0x00, 0x00, 0x00, 0x00, 0x00, 0x4F,
    0x00, 0x00, 0x00, 0x09, 0x00, 0x00, 0x00, 0x08, 0x00, 0x00, 0x00, 0x08, 0x00, 0x00, 0x00, 0x09,
    0x00, 0x00, 0x00, 0x00, 0x00, 0x00, 0x00, 0x00, 0x00, 0x00, 0x00, 0x50, 0x00, 0x00, 0x00, 0x09,
    0x00, 0x00, 0x00, 0x08, 0x00, 0x00, 0x00, 0x08, 0x00, 0x00, 0x00, 0x09, 0x00, 0x00, 0x00, 0x00,
    0x00, 0x00, 0x00, 0x00, 0x00, 0x00, 0x00, 0x51, 0x00, 0x00, 0x00, 0x0C, 0x00, 0x00, 0x00, 0x08,
    0x00, 0x00, 0x00, 0x08, 0x00, 0x00, 0x00, 0x09, 0x00, 0x00, 0x00, 0x00, 0x00, 0x00, 0x00, 0x00,
    0x00, 0x00, 0x00, 0x52, 0x00, 0x00, 0x00, 0x09, 0x00, 0x00, 0x00, 0x08, 0x00, 0x00, 0x00, 0x08,
    0x00, 0x00, 0x00, 0x09, 0x00, 0x00, 0x00, 0x00, 0x00, 0x00, 0x00, 0x00, 0x00, 0x00, 0x00, 0x53,
    0x00, 0x00, 0x00, 0x09, 0x00, 0x00, 0x00, 0x08, 0x00, 0x00, 0x00, 0x08, 0x00, 0x00, 0x00, 0x09,
    0x00, 0x00, 0x00, 0x00, 0x00, 0x00, 0x00, 0x00, 0x00, 0x00, 0x00, 0x54, 0x00, 0x00, 0x00, 0x09,
    0x00, 0x00, 0x00, 0x07, 0x00, 0x00, 0x00, 0x08, 0x00, 0x00, 0x00, 0x09, 0x00, 0x00, 0x00, 0x01,
    0x00, 0x00, 0x00, 0x00, 0x00, 0x00, 0x00, 0x55, 0x00, 0x00, 0x00, 0x09, 0x00, 0x00, 0x00, 0x08,
    0x00, 0x00, 0x00, 0x08, 0x00, 0x00, 0x00, 0x09, 0x00, 0x00, 0x00, 0x00, 0x00, 0x00, 0x00, 0x00,
    0x00, 0x00, 0x00, 0x56, 0x00, 0x00, 0x00, 0x09, 0x00, 0x00, 0x00, 0x07, 0x00, 0x00, 0x00, 0x08,
    0x00, 0x00, 0x00, 0x09, 0x00, 0x00, 0x00, 0x01, 0x00, 0x00, 0x00, 0x00, 0x00, 0x00, 0x00, 0x57,
    0x00, 0x00, 0x00, 0x09, 0x00, 0x00, 0x00, 0x08, 0x00, 0x00, 0x00, 0x08, 0x00, 0x00, 0x00, 0x09,
    0x00, 0x00, 0x00, 0x00, 0x00, 0x00, 0x00, 0x00, 0x00, 0x00, 0x00, 0x58, 0x00, 0x00, 0x00, 0x09,
    0x00, 0x00, 0x00, 0x08, 0x00, 0x00, 0x00, 0x08, 0x00, 0x00, 0x00, 0x09, 0x00, 0x00, 0x00, 0x00,
    0x00, 0x00, 0x00, 0x00, 0x00, 0x00, 0x00, 0x59, 0x00, 0x00, 0x00, 0x09, 0x00, 0x00, 0x00, 0x07,
    0x00, 0x00, 0x00, 0x08, 0x00, 0x00, 0x00, 0x09, 0x00, 0x00, 0x00, 0x01, 0x00, 0x00, 0x00, 0x00,
    0x00, 0x00, 0x00, 0x5A, 0x00, 0x00, 0x00, 0x09, 0x00, 0x00, 0x00, 0x08, 0x00, 0x00, 0x00, 0x08,
    0x00, 0x00, 0x00, 0x09, 0x00, 0x00, 0x00, 0x00, 0x00, 0x00, 0x00, 0x00, 0x00, 0x00, 0x00, 0x5B,
    0x00, 0x00, 0x00, 0x0D, 0x00, 0x00, 0x00, 0x07, 0x00, 0x00, 0x00, 0x08, 0x00, 0x00, 0x00, 0x0A,
    0x00, 0x00, 0x00, 0x01, 0x00, 0x00, 0x00, 0x00, 0x00, 0x00, 0x00, 0x5C, 0x00, 0x00, 0x00, 0x0C,
    0x00, 0x00, 0x00, 0x04, 0x00, 0x00, 0x00, 0x08, 0x00, 0x00, 0x00, 0x0A, 0x00, 0x00, 0x00, 0x02,
    0x00, 0x00, 0x00, 0x00, 0x00, 0x00, 0x00, 0x5D, 0x00, 0x00, 0x00, 0x0D, 0x00, 0x00, 0x00, 0x07,
    0x00, 0x00, 0x00, 0x08, 0x00, 0x00, 0x00, 0x0A, 0x00, 0x00, 0x00, 0x00, 0x00, 0x00, 0x00, 0x00,
    0x00, 0x00, 0x00, 0x5E, 0x00, 0x00, 0x00, 0x07, 0x00, 0x00, 0x00, 0x08, 0x00, 0x00, 0x00, 0x08,
    0x00, 0x00, 0x00, 0x09, 0x00, 0x00, 0x00, 0x00, 0x00, 0x00, 0x00, 0x00, 0x00, 0x00, 0x00, 0x5F,
    0x00, 0x00, 0x00, 0x02, 0x00, 0x00, 0x00, 0x08, 0x00, 0x00, 0x00, 0x08, 0xFF, 0xFF, 0xFF, 0xFF,
    0x00, 0x00, 0x00, 0x00, 0x00, 0x00, 0x00, 0x00, 0x00, 0x00, 0x00, 0x60, 0x00, 0x00, 0x00, 0x04,
    0x00, 0x00, 0x00, 0x03, 0x00, 0x00, 0x00, 0x08, 0x00, 0x00, 0x00, 0x0B, 0x00, 0x00, 0x00, 0x02,
    0x00, 0x00, 0x00, 0x00, 0x00, 0x00, 0x00, 0x61, 0x00, 0x00, 0x00, 0x07, 0x00, 0x00, 0x00, 0x08,
    0x00, 0x00, 0x00, 0x08, 0x00, 0x00, 0x00, 0x07, 0x00, 0x00, 0x00, 0x00, 0x00, 0x00, 0x00, 0x00,
    0x00, 0x00, 0x00, 0x62, 0x00, 0x00, 0x00, 0x0A, 0x00, 0x00, 0x00, 0x08, 0x00, 0x00, 0x00, 0x08,
    0x00, 0x00, 0x00, 0x0A, 0x00, 0x00, 0x00, 0x00, 0x00, 0x00, 0x00, 0x00, 0x00, 0x00, 0x00, 0x63,
    0x00, 0x00, 0x00, 0x07, 0x00, 0x00, 0x00, 0x08, 0x00, 0x00, 0x00, 0x08, 0x00, 0x00, 0x00, 0x07,
    0x00, 0x00, 0x00, 0x00, 0x00, 0x00, 0x00, 0x00, 0x00, 0x00, 0x00, 0x64, 0x00, 0x00, 0x00, 0x0A,
    0x00, 0x00, 0x00, 0x08, 0x00, 0x00, 0x00, 0x08, 0x00, 0x00, 0x00, 0x0A, 0x00, 0x00, 0x00, 0x00,
    0x00, 0x00, 0x00, 0x00, 0x00, 0x00, 0x00, 0x65, 0x00, 0x00, 0x00, 0x07, 0x00, 0x00, 0x00, 0x08,
    0x00, 0x00, 0x00, 0x08, 0x00, 0x00, 0x00, 0x07, 0x00, 0x00, 0x00, 0x00, 0x00, 0x00, 0x00, 0x00,
    0x00, 0x00, 0x00, 0x66, 0x00, 0x00, 0x00, 0x0D, 0x00, 0x00, 0x00, 0x08, 0x00, 0x00, 0x00, 0x08,
    0x00, 0x00, 0x00, 0x0A, 0x00, 0x00, 0x00, 0x00, 0x00, 0x00, 0x00, 0x00, 0x00, 0x00, 0x00, 0x67,
    0x00, 0x00, 0x00, 0x0A, 0x00, 0x00, 0x00, 0x08, 0x00, 0x00, 0x00, 0x08, 0x00, 0x00, 0x00, 0x07,
    0x00, 0x00, 0x00, 0x00, 0x00, 0x00, 0x00, 0x00, 0x00, 0x00, 0x00, 0x68, 0x00, 0x00, 0x00, 0x0A,
    0x00, 0x00, 0x00, 0x08, 0x00, 0x00, 0x00, 0x08, 0x00, 0x00, 0x00, 0x0A, 0x00, 0x00, 0x00, 0x00,
    0x00, 0x00, 0x00, 0x00, 0x00, 0x00, 0x00, 0x69, 0x00, 0x00, 0x00, 0x0B, 0x00, 0x00, 0x00, 0x08,
    0x00, 0x00, 0x00, 0x08, 0x00, 0x00, 0x00, 0x0B, 0x00, 0x00, 0x00, 0x00, 0x00, 0x00, 0x00, 0x00,
    0x00, 0x00, 0x00, 0x6A, 0x00, 0x00, 0x00, 0x0E, 0x00, 0x00, 0x00, 0x07, 0x00, 0x00, 0x00, 0x08,
    0x00, 0x00, 0x00, 0x0B, 0x00, 0x00, 0x00, 0x00, 0x00, 0x00, 0x00, 0x00, 0x00, 0x00, 0x00, 0x6B,
    0x00, 0x00, 0x00, 0x0A, 0x00, 0x00, 0x00, 0x08, 0x00, 0x00, 0x00, 0x08, 0x00, 0x00, 0x00, 0x0A,
    0x00, 0x00, 0x00, 0x00, 0x00, 0x00, 0x00, 0x00, 0x00, 0x00, 0x00, 0x6C, 0x00, 0x00, 0x00, 0x0A,
    0x00, 0x00, 0x00, 0x06, 0x00, 0x00, 0x00, 0x08, 0x00, 0x00, 0x00, 0x0A, 0x00, 0x00, 0x00, 0x01,
    0x00, 0x00, 0x00, 0x00, 0x00, 0x00, 0x00, 0x6D, 0x00, 0x00, 0x00, 0x07, 0x00, 0x00, 0x00, 0x08,
    0x00, 0x00, 0x00, 0x08, 0x00, 0x00, 0x00, 0x07, 0x00, 0x00, 0x00, 0x00, 0x00, 0x00, 0x00, 0x00,
    0x00, 0x00, 0x00, 0x6E, 0x00, 0x00, 0x00, 0x07, 0x00, 0x00, 0x00, 0x08, 0x00, 0x00, 0x00, 0x08,
    0x00, 0x00, 0x00, 0x07, 0x00, 0x00, 0x00, 0x00, 0x00, 0x00, 0x00, 0x00, 0x00, 0x00, 0x00, 0x6F,
    0x00, 0x00, 0x00, 0x07, 0x00, 0x00, 0x00, 0x08, 0x00, 0x00, 0x00, 0x08, 0x00, 0x00, 0x00, 0x07,
    0x00, 0x00, 0x00, 0x00, 0x00, 0x00, 0x00, 0x00, 0x00, 0x00, 0x00, 0x70, 0x00, 0x00, 0x00, 0x0A,
    0x00, 0x00, 0x00, 0x08, 0x00, 0x00, 0x00, 0x08, 0x00, 0x00, 0x00, 0x07, 0x00, 0x00, 0x00, 0x00,
    0x00, 0x00, 0x00, 0x00, 0x00, 0x00, 0x00, 0x71, 0x00, 0x00, 0x00, 0x0A, 0x00, 0x00, 0x00, 0x08,
    0x00, 0x00, 0x00, 0x08, 0x00, 0x00, 0x00, 0x07, 0x00, 0x00, 0x00, 0x00, 0x00, 0x00, 0x00, 0x00,
    0x00, 0x00, 0x00, 0x72, 0x00, 0x00, 0x00, 0x07, 0x00, 0x00, 0x00, 0x07, 0x00, 0x00, 0x00, 0x08,
    0x00, 0x00, 0x00, 0x07, 0x00, 0x00, 0x00, 0x01, 0x00, 0x00, 0x00, 0x00, 0x00, 0x00, 0x00, 0x73,
    0x00, 0x00, 0x00, 0x07, 0x00, 0x00, 0x00, 0x07, 0x00, 0x00, 0x00, 0x08, 0x00, 0x00, 0x00, 0x07,
    0x00, 0x00, 0x00, 0x00, 0x00, 0x00, 0x00, 0x00, 0x00, 0x00, 0x00, 0x74, 0x00, 0x00, 0x00, 0x09,
    0x00, 0x00, 0x00, 0x08, 0x00, 0x00, 0x00, 0x08, 0x00, 0x00, 0x00, 0x09, 0x00, 0x00, 0x00, 0x00,
    0x00, 0x00, 0x00, 0x00, 0x00, 0x00, 0x00, 0x75, 0x00, 0x00, 0x00, 0x07, 0x00, 0x00, 0x00, 0x08,
    0x00, 0x00, 0x00, 0x08, 0x00, 0x00, 0x00, 0x07, 0x00, 0x00, 0x00, 0x00, 0x00, 0x00, 0x00, 0x00,
    0x00, 0x00, 0x00, 0x76, 0x00, 0x00, 0x00, 0x08, 0x00, 0x00, 0x00, 0x08, 0x00, 0x00, 0x00, 0x08,
    0x00, 0x00, 0x00, 0x08, 0x00, 0x00, 0x00, 0x00, 0x00, 0x00, 0x00, 0x00, 0x00, 0x00, 0x00, 0x77,
    0x00, 0x00, 0x00, 0x08, 0x00, 0x00, 0x00, 0x08, 0x00, 0x00, 0x00, 0x08, 0x00, 0x00, 0x00, 0x08,
    0x00, 0x00, 0x00, 0x00, 0x00, 0x00, 0x00, 0x00, 0x00, 0x00, 0x00, 0x78, 0x00, 0x00, 0x00, 0x07,
    0x00, 0x00, 0x00, 0x08, 0x00, 0x00, 0x00, 0x08, 0x00, 0x00, 0x00, 0x07, 0x00, 0x00, 0x00, 0x00,
    0x00, 0x00, 0x00, 0x00, 0x00, 0x00, 0x00, 0x79, 0x00, 0x00, 0x00, 0x0A, 0x00, 0x00, 0x00, 0x08,
    0x00, 0x00, 0x00, 0x08, 0x00, 0x00, 0x00, 0x07, 0x00, 0x00, 0x00, 0x00, 0x00, 0x00, 0x00, 0x00,
    0x00, 0x00, 0x00, 0x7A, 0x00, 0x00, 0x00, 0x07, 0x00, 0x00, 0x00, 0x08, 0x00, 0x00, 0x00, 0x08,
    0x00, 0x00, 0x00, 0x07, 0x00, 0x00, 0x00, 0x00, 0x00, 0x00, 0x00, 0x00, 0x00, 0x00, 0x00, 0x7B,
    0x00, 0x00, 0x00, 0x0D, 0x00, 0x00, 0x00, 0x07, 0x00, 0x00, 0x00, 0x08, 0x00, 0x00, 0x00, 0x0A,
    0x00, 0x00, 0x00, 0x01, 0x00, 0x00, 0x00, 0x00, 0x00, 0x00, 0x00, 0x7C, 0x00, 0x00, 0x00, 0x0C,
    0x00, 0x00, 0x00, 0x04, 0x00, 0x00, 0x00, 0x08, 0x00, 0x00, 0x00, 0x0A, 0x00, 0x00, 0x00, 0x02,
    0x00, 0x00, 0x00, 0x00, 0x00, 0x00, 0x00, 0x7D, 0x00, 0x00, 0x00, 0x0D, 0x00, 0x00, 0x00, 0x07,
    0x00, 0x00, 0x00, 0x08, 0x00, 0x00, 0x00, 0x0A, 0x00, 0x00, 0x00, 0x00, 0x00, 0x00, 0x00, 0x00,
    0x00, 0x00, 0x00, 0x7E, 0x00, 0x00, 0x00, 0x04, 0x00, 0x00, 0x00, 0x08, 0x00, 0x00, 0x00, 0x08,
    0x00, 0x00, 0x00, 0x06, 0x00, 0x00, 0x00, 0x00, 0x00, 0x00, 0x00, 0x00, 0x00, 0x00, 0x00, 0xA0,
    0x00, 0x00, 0x00, 0x00, 0x00, 0x00, 0x00, 0x00, 0x00, 0x00, 0x00, 0x08, 0x00, 0x00, 0x00, 0x00,
    0x00, 0x00, 0x00, 0x00, 0x00, 0x00, 0x00, 0x00, 0x00, 0x00, 0x00, 0xA1, 0x00, 0x00, 0x00, 0x0A,
    0x00, 0x00, 0x00, 0x05, 0x00, 0x00, 0x00, 0x08, 0x00, 0x00, 0x00, 0x07, 0x00, 0x00, 0x00, 0x01,
    0x00, 0x00, 0x00, 0x00, 0x00, 0x00, 0x00, 0xA2, 0x00, 0x00, 0x00, 0x0A, 0x00, 0x00, 0x00, 0x08,
    0x00, 0x00, 0x00, 0x08, 0x00, 0x00, 0x00, 0x08, 0x00, 0x00, 0x00, 0x00, 0x00, 0x00, 0x00, 0x00,
    0x00, 0x00, 0x00, 0xA3, 0x00, 0x00, 0x00, 0x09, 0x00, 0x00, 0x00, 0x08, 0x00, 0x00, 0x00, 0x08,
    0x00, 0x00, 0x00, 0x09, 0x00, 0x00, 0x00, 0x00, 0x00, 0x00, 0x00, 0x00, 0x00, 0x00, 0x00, 0xA4,
    0x00, 0x00, 0x00, 0x0A, 0x00, 0x00, 0x00, 0x08, 0x00, 0x00, 0x00, 0x08, 0x00, 0x00, 0x00, 0x0A,
    0x00, 0x00, 0x00, 0x00, 0x00, 0x00, 0x00, 0x00, 0x00, 0x00, 0x00, 0xA5, 0x00, 0x00, 0x00, 0x09,
    0x00, 0x00, 0x00, 0x08, 0x00, 0x00, 0x00, 0x08, 0x00, 0x00, 0x00, 0x09, 0x00, 0x00, 0x00, 0x00,
    0x00, 0x00, 0x00, 0x00, 0x00, 0x00, 0x00, 0xA6, 0x00, 0x00, 0x00, 0x0C, 0x00, 0x00, 0x00, 0x04,
    0x00, 0x00, 0x00, 0x08, 0x00, 0x00, 0x00, 0x0A, 0x00, 0x00, 0x00, 0x02, 0x00, 0x00, 0x00, 0x00,
    0x00, 0x00, 0x00, 0xA7, 0x00, 0x00, 0x00, 0x0C, 0x00, 0x00, 0x00, 0x08, 0x00, 0x00, 0x00, 0x08,
    0x00, 0x00, 0x00, 0x09, 0x00, 0x00, 0x00, 0x00, 0x00, 0x00, 0x00, 0x00, 0x00, 0x00, 0x00, 0xA8,
    0x00, 0x00, 0x00, 0x02, 0x00, 0x00, 0x00, 0x06, 0x00, 0x00, 0x00, 0x08, 0x00, 0x00, 0x00, 0x0A,
    0x00, 0x00, 0x00, 0x01, 0x00, 0x00, 0x00, 0x00, 0x00, 0x00, 0x00, 0xA9, 0x00, 0x00, 0x00, 0x09,
    0x00, 0x00, 0x00, 0x08, 0x00, 0x00, 0x00, 0x08, 0x00, 0x00, 0x00, 0x09, 0x00, 0x00, 0x00, 0x00,
    0x00, 0x00, 0x00, 0x00, 0x00, 0x00, 0x00, 0xAA, 0x00, 0x00, 0x00, 0x05, 0x00, 0x00, 0x00, 0x05,
    0x00, 0x00, 0x00, 0x08, 0x00, 0x00, 0x00, 0x09, 0x00, 0x00, 0x00, 0x02, 0x00, 0x00, 0x00, 0x00,
    0x00, 0x00, 0x00, 0xAB, 0x00, 0x00, 0x00, 0x07, 0x00, 0x00, 0x00, 0x08, 0x00, 0x00, 0x00, 0x08,
    0x00, 0x00, 0x00, 0x07, 0x00, 0x00, 0x00, 0x00, 0x00, 0x00, 0x00, 0x00, 0x00, 0x00, 0x00, 0xAC,
    0x00, 0x00, 0x00, 0x05, 0x00, 0x00, 0x00, 0x08, 0x00, 0x00, 0x00, 0x08, 0x00, 0x00, 0x00, 0x05,
    0x00, 0x00, 0x00, 0x00, 0x00, 0x00, 0x00, 0x00, 0x00, 0x00, 0x00, 0xAD, 0x00, 0x00, 0x00, 0x02,
    0x00, 0x00, 0x00, 0x06, 0x00, 0x00, 0x00, 0x08, 0x00, 0x00, 0x00, 0x05, 0x00, 0x00, 0x00, 0x01,
    0x00, 0x00, 0x00, 0x00, 0x00, 0x00, 0x00, 0xAE, 0x00, 0x00, 0x00, 0x05, 0x00, 0x00, 0x00, 0x06,
    0x00, 0x00, 0x00, 0x08, 0x00, 0x00, 0x00, 0x09, 0x00, 0x00, 0x00, 0x01, 0x00, 0x00, 0x00, 0x00,
    0x00, 0x00, 0x00, 0xAF, 0x00, 0x00, 0x00, 0x03, 0x00, 0x00, 0x00, 0x05, 0x00, 0x00, 0x00, 0x08,
    0x00, 0x00, 0x00, 0x0A, 0x00, 0x00, 0x00, 0x02, 0x00, 0x00, 0x00, 0x00, 0x00, 0x00, 0x00, 0xB0,
    0x00, 0x00, 0x00, 0x07, 0x00, 0x00, 0x00, 0x05, 0x00, 0x00, 0x00, 0x08, 0x00, 0x00, 0x00, 0x0B,
    0x00, 0x00, 0x00, 0x02, 0x00, 0x00, 0x00, 0x00, 0x00, 0x00, 0x00, 0xB1, 0x00, 0x00, 0x00, 0x09,
    0x00, 0x00, 0x00, 0x08, 0x00, 0x00, 0x00, 0x08, 0x00, 0x00, 0x00, 0x09, 0x00, 0x00, 0x00, 0x00,
    0x00, 0x00, 0x00, 0x00, 0x00, 0x00, 0x00, 0xB2, 0x00, 0x00, 0x00, 0x05, 0x00, 0x00, 0x00, 0x05,
    0x00, 0x00, 0x00, 0x08, 0x00, 0x00, 0x00, 0x09, 0x00, 0x00, 0x00, 0x02, 0x00, 0x00, 0x00, 0x00,
    0x00, 0x00, 0x00, 0xB3, 0x00, 0x00, 0x00, 0x05, 0x00, 0x00, 0x00, 0x05, 0x00, 0x00, 0x00, 0x08,
    0x00, 0x00, 0x00, 0x09, 0x00, 0x00, 0x00, 0x02, 0x00, 0x00, 0x00, 0x00, 0x00, 0x00, 0x00, 0xB4,
    0x00, 0x00, 0x00, 0x04, 0x00, 0x00, 0x00, 0x04, 0x00, 0x00, 0x00, 0x08, 0x00, 0x00, 0x00, 0x0B,
    0x00, 0x00, 0x00, 0x03, 0x00, 0x00, 0x00, 0x00, 0x00, 0x00, 0x00, 0xB5, 0x00, 0x00, 0x00, 0x0A,
    0x00, 0x00, 0x00, 0x08, 0x00, 0x00, 0x00, 0x08, 0x00, 0x00, 0x00, 0x07, 0x00, 0x00, 0x00, 0x00,
    0x00, 0x00, 0x00, 0x00, 0x00, 0x00, 0x00, 0xB6, 0x00, 0x00, 0x00, 0x0B, 0x00, 0x00, 0x00, 0x08,
    0x00, 0x00, 0x00, 0x08, 0x00, 0x00, 0x00, 0x09, 0x00, 0x00, 0x00, 0x00, 0x00, 0x00, 0x00, 0x00,
    0x00, 0x00, 0x00, 0xB7, 0x00, 0x00, 0x00, 0x03, 0x00, 0x00, 0x00, 0x04, 0x00, 0x00, 0x00, 0x08,
    0x00, 0x00, 0x00, 0x06, 0x00, 0x00, 0x00, 0x02, 0x00, 0x00, 0x00, 0x00, 0x00, 0x00, 0x00, 0xB8,
    0x00, 0x00, 0x00, 0x04, 0x00, 0x00, 0x00, 0x04, 0x00, 0x00, 0x00, 0x08, 0x00, 0x00, 0x00, 0x01,
    0x00, 0x00, 0x00, 0x02, 0x00, 0x00, 0x00, 0x00, 0x00, 0x00, 0x00, 0xB9, 0x00, 0x00, 0x00, 0x05,
    0x00, 0x00, 0x00, 0x05, 0x00, 0x00, 0x00, 0x08, 0x00, 0x00, 0x00, 0x09, 0x00, 0x00, 0x00, 0x02,
    0x00, 0x00, 0x00, 0x00, 0x00, 0x00, 0x00, 0xBA, 0x00, 0x00, 0x00, 0x05, 0x00, 0x00, 0x00, 0x05,
    0x00, 0x00, 0x00, 0x08, 0x00, 0x00, 0x00, 0x09, 0x00, 0x00, 0x00, 0x02, 0x00, 0x00, 0x00, 0x00,
    0x00, 0x00, 0x00, 0xBB, 0x00, 0x00, 0x00, 0x07, 0x00, 0x00, 0x00, 0x08, 0x00, 0x00, 0x00, 0x08,
    0x00, 0x00, 0x00, 0x07, 0x00, 0x00, 0x00, 0x00, 0x00, 0x00, 0x00, 0x00, 0x00, 0x00, 0x00, 0xBC,
    0x00, 0x00, 0x00, 0x0A, 0x00, 0x00, 0x00, 0x08, 0x00, 0x00, 0x00, 0x08, 0x00, 0x00, 0x00, 0x0A,
    0x00, 0x00, 0x00, 0x00, 0x00, 0x00, 0x00, 0x00, 0x00, 0x00, 0x00, 0xBD, 0x00, 0x00, 0x00, 0x0A,
    0x00, 0x00, 0x00, 0x08, 0x00, 0x00, 0x00, 0x08, 0x00, 0x00, 0x00, 0x0A, 0x00, 0x00, 0x00, 0x00,
    0x00, 0x00, 0x00, 0x00, 0x00, 0x00, 0x00, 0xBE, 0x00, 0x00, 0x00, 0x0A, 0x00, 0x00, 0x00, 0x08,
    0x00, 0x00, 0x00, 0x08, 0x00, 0x00, 0x00, 0x0A, 0x00, 0x00, 0x00, 0x00, 0x00, 0x00, 0x00, 0x00,
    0x00, 0x00, 0x00, 0xBF, 0x00, 0x00, 0x00, 0x0A, 0x00, 0x00, 0x00, 0x07, 0x00, 0x00, 0x00, 0x08,
    0x00, 0x00, 0x00, 0x07, 0x00, 0x00, 0x00, 0x00, 0x00, 0x00, 0x00, 0x00, 0x00, 0x00, 0x00, 0xC0,
    0x00, 0x00, 0x00, 0x0E, 0x00, 0x00, 0x00, 0x08, 0x00, 0x00, 0x00, 0x08, 0x00, 0x00, 0x00, 0x0E,
    0x00, 0x00, 0x00, 0x00, 0x00, 0x00, 0x00, 0x00, 0x00, 0x00, 0x00, 0xC1, 0x00, 0x00, 0x00, 0x0E,
    0x00, 0x00, 0x00, 0x08, 0x00, 0x00, 0x00, 0x08, 0x00, 0x00, 0x00, 0x0E, 0x00, 0x00, 0x00, 0x00,
    0x00, 0x00, 0x00, 0x00, 0x00, 0x00, 0x00, 0xC2, 0x00, 0x00, 0x00, 0x0D, 0x00, 0x00, 0x00, 0x08,
    0x00, 0x00, 0x00, 0x08, 0x00, 0x00, 0x00, 0x0D, 0x00, 0x00, 0x00, 0x00, 0x00, 0x00, 0x00, 0x00,
    0x00, 0x00, 0x00, 0xC3, 0x00, 0x00, 0x00, 0x0D, 0x00, 0x00, 0x00, 0x08, 0x00, 0x00, 0x00, 0x08,
    0x00, 0x00, 0x00, 0x0D, 0x00, 0x00, 0x00, 0x00, 0x00, 0x00, 0x00, 0x00, 0x00, 0x00, 0x00, 0xC4,
    0x00, 0x00, 0x00, 0x0C, 0x00, 0x00, 0x00, 0x08, 0x00, 0x00, 0x00, 0x08, 0x00, 0x00, 0x00, 0x0C,
    0x00, 0x00, 0x00, 0x00, 0x00, 0x00, 0x00, 0x00, 0x00, 0x00, 0x00, 0xC5, 0x00, 0x00, 0x00, 0x0D,
    0x00, 0x00, 0x00, 0x08, 0x00, 0x00, 0x00, 0x08, 0x00, 0x00, 0x00, 0x0D, 0x00, 0x00, 0x00, 0x00,
    0x00, 0x00, 0x00, 0x00, 0x00, 0x00, 0x00, 0xC6, 0x00, 0x00, 0x00, 0x09, 0x00, 0x00, 0x00, 0x08,
    0x00, 0x00, 0x00, 0x08, 0x00, 0x00, 0x00, 0x09, 0x00, 0x00, 0x00, 0x00, 0x00, 0x00, 0x00, 0x00,
    0x00, 0x00, 0x00, 0xC7, 0x00, 0x00, 0x00, 0x0C, 0x00, 0x00, 0x00, 0x08, 0x00, 0x00, 0x00, 0x08,
    0x00, 0x00, 0x00, 0x09, 0x00, 0x00, 0x00, 0x00, 0x00, 0x00, 0x00, 0x00, 0x00, 0x00, 0x00, 0xC8,
    0x00, 0x00, 0x00, 0x0E, 0x00, 0x00, 0x00, 0x08, 0x00, 0x00, 0x00, 0x08, 0x00, 0x00, 0x00, 0x0E,
    0x00, 0x00, 0x00, 0x00, 0x00, 0x00, 0x00, 0x00, 0x00, 0x00, 0x00, 0xC9, 0x00, 0x00, 0x00, 0x0E,
    0x00, 0x00, 0x00, 0x08, 0x00, 0x00, 0x00, 0x08, 0x00, 0x00, 0x00, 0x0E, 0x00, 0x00, 0x00, 0x00,
    0x00, 0x00, 0x00, 0x00, 0x00, 0x00, 0x00, 0xCA, 0x00, 0x00, 0x00, 0x0D, 0x00, 0x00, 0x00, 0x08,
    0x00, 0x00, 0x00, 0x08, 0x00, 0x00, 0x00, 0x0D, 0x00, 0x00, 0x00, 0x00, 0x00, 0x00, 0x00, 0x00,
    0x00, 0x00, 0x00, 0xCB, 0x00, 0x00, 0x00, 0x0C, 0x00, 0x00, 0x00, 0x08, 0x00, 0x00, 0x00, 0x08,
    0x00, 0x00, 0x00, 0x0C, 0x00, 0x00, 0x00, 0x00, 0x00, 0x00, 0x00, 0x00, 0x00, 0x00, 0x00, 0xCC,
    0x00, 0x00, 0x00, 0x0E, 0x00, 0x00, 0x00, 0x08, 0x00, 0x00, 0x00, 0x08, 0x00, 0x00, 0x00, 0x0E,
    0x00, 0x00, 0x00, 0x00, 0x00, 0x00, 0x00, 0x00, 0x00, 0x00, 0x00, 0xCD, 0x00, 0x00, 0x00, 0x0E,
    0x00, 0x00, 0x00, 0x08, 0x00, 0x00, 0x00, 0x08, 0x00, 0x00, 0x00, 0x0E, 0x00, 0x00, 0x00, 0x00,
    0x00, 0x00, 0x00, 0x00, 0x00, 0x00, 0x00, 0xCE, 0x00, 0x00, 0x00, 0x0D, 0x00, 0x00, 0x00, 0x08,
    0x00, 0x00, 0x00, 0x08, 0x00, 0x00, 0x00, 0x0D, 0x00, 0x00, 0x00, 0x00, 0x00, 0x00, 0x00, 0x00,
    0x00, 0x00, 0x00, 0xCF, 0x00, 0x00, 0x00, 0x0C, 0x00, 0x00, 0x00, 0x08, 0x00, 0x00, 0x00, 0x08,
    0x00, 0x00, 0x00, 0x0C, 0x00, 0x00, 0x00, 0x00, 0x00, 0x00, 0x00, 0x00, 0x00, 0x00, 0x00, 0xD0,
    0x00, 0x00, 0x00, 0x09, 0x00, 0x00, 0x00, 0x08, 0x00, 0x00, 0x00, 0x08, 0x00, 0x00, 0x00, 0x09,
    0x00, 0x00, 0x00, 0x00, 0x00, 0x00, 0x00, 0x00, 0x00, 0x00, 0x00, 0xD1, 0x00, 0x00, 0x00, 0x0D,
    0x00, 0x00, 0x00, 0x08, 0x00, 0x00, 0x00, 0x08, 0x00, 0x00, 0x00, 0x0D, 0x00, 0x00, 0x00, 0x00,
    0x00, 0x00, 0x00, 0x00, 0x00, 0x00, 0x00, 0xD2, 0x00, 0x00, 0x00, 0x0E, 0x00, 0x00, 0x00, 0x08,
    0x00, 0x00, 0x00, 0x08, 0x00, 0x00, 0x00, 0x0E, 0x00, 0x00, 0x00, 0x00, 0x00, 0x00, 0x00, 0x00,
    0x00, 0x00, 0x00, 0xD3, 0x00, 0x00, 0x00, 0x0E, 0x00, 0x00, 0x00, 0x08, 0x00, 0x00, 0x00, 0x08,
    0x00, 0x00, 0x00, 0x0E, 0x00, 0x00, 0x00, 0x00, 0x00, 0x00, 0x00, 0x00, 0x00, 0x00, 0x00, 0xD4,
    0x00, 0x00, 0x00, 0x0E, 0x00, 0x00, 0x00, 0x08, 0x00, 0x00, 0x00, 0x08, 0x00, 0x00, 0x00, 0x0E,
    0x00, 0x00, 0x00, 0x00, 0x00, 0x00, 0x00, 0x00, 0x00, 0x00, 0x00, 0xD5, 0x00, 0x00, 0x00, 0x0D,
    0x00, 0x00, 0x00, 0x08, 0x00, 0x00, 0x00, 0x08, 0x00, 0x00, 0x00, 0x0D, 0x00, 0x00, 0x00, 0x00,
    0x00, 0x00, 0x00, 0x00, 0x00, 0x00, 0x00, 0xD6, 0x00, 0x00, 0x00, 0x0C, 0x00, 0x00, 0x00, 0x08,
    0x00, 0x00, 0x00, 0x08, 0x00, 0x00, 0x00, 0x0C, 0x00, 0x00, 0x00, 0x00, 0x00, 0x00, 0x00, 0x00,
    0x00, 0x00, 0x00, 0xD7, 0x00, 0x00, 0x00, 0x07, 0x00, 0x00, 0x00, 0x08, 0x00, 0x00, 0x00, 0x08,
    0x00, 0x00, 0x00, 0x08, 0x00, 0x00, 0x00, 0x00, 0x00, 0x00, 0x00, 0x00, 0x00, 0x00, 0x00, 0xD8,
    0x00, 0x00, 0x00, 0x0B, 0x00, 0x00, 0x00, 0x08, 0x00, 0x00, 0x00, 0x08, 0x00, 0x00, 0x00, 0x0A,
    0x00, 0x00, 0x00, 0x00, 0x00, 0x00, 0x00, 0x00, 0x00, 0x00, 0x00, 0xD9, 0x00, 0x00, 0x00, 0x0E,
    0x00, 0x00, 0x00, 0x08, 0x00, 0x00, 0x00, 0x08, 0x00, 0x00, 0x00, 0x0E, 0x00, 0x00, 0x00, 0x00,
    0x00, 0x00, 0x00, 0x00, 0x00, 0x00, 0x00, 0xDA, 0x00, 0x00, 0x00, 0x0E, 0x00, 0x00, 0x00, 0x08,
    0x00, 0x00, 0x00, 0x08, 0x00, 0x00, 0x00, 0x0E, 0x00, 0x00, 0x00, 0x00, 0x00, 0x00, 0x00, 0x00,
    0x00, 0x00, 0x00, 0xDB, 0x00, 0x00, 0x00, 0x0E, 0x00, 0x00, 0x00, 0x08, 0x00, 0x00, 0x00, 0x08,
    0x00, 0x00, 0x00, 0x0E, 0x00, 0x00, 0x00, 0x00, 0x00, 0x00, 0x00, 0x00, 0x00, 0x00, 0x00, 0xDC,
    0x00, 0x00, 0x00, 0x0C, 0x00, 0x00, 0x00, 0x08, 0x00, 0x00, 0x00, 0x08, 0x00, 0x00, 0x00, 0x0C,
    0x00, 0x00, 0x00, 0x00, 0x00, 0x00, 0x00, 0x00, 0x00, 0x00, 0x00, 0xDD, 0x00, 0x00, 0x00, 0x0E,
    0x00, 0x00, 0x00, 0x07, 0x00, 0x00, 0x00, 0x08, 0x00, 0x00, 0x00, 0x0E, 0x00, 0x00, 0x00, 0x01,
    0x00, 0x00, 0x00, 0x00, 0x00, 0x00, 0x00, 0xDE, 0x00, 0x00, 0x00, 0x09, 0x00, 0x00, 0x00, 0x08,
    0x00, 0x00, 0x00, 0x08, 0x00, 0x00, 0x00, 0x09, 0x00, 0x00, 0x00, 0x00, 0x00, 0x00, 0x00, 0x00,
    0x00, 0x00, 0x00, 0xDF, 0x00, 0x00, 0x00, 0x0D, 0x00, 0x00, 0x00, 0x08, 0x00, 0x00, 0x00, 0x08,
    0x00, 0x00, 0x00, 0x0A, 0x00, 0x00, 0x00, 0x00, 0x00, 0x00, 0x00, 0x00, 0x00, 0x00, 0x00, 0xE0,
    0x00, 0x00, 0x00, 0x0C, 0x00, 0x00, 0x00, 0x08, 0x00, 0x00, 0x00, 0x08, 0x00, 0x00, 0x00, 0x0C,
    0x00, 0x00, 0x00, 0x00, 0x00, 0x00, 0x00, 0x00, 0x00, 0x00, 0x00, 0xE1, 0x00, 0x00, 0x00, 0x0C,
    0x00, 0x00, 0x00, 0x08, 0x00, 0x00, 0x00, 0x08, 0x00, 0x00, 0x00, 0x0C, 0x00, 0x00, 0x00, 0x00,
    0x00, 0x00, 0x00, 0x00, 0x00, 0x00, 0x00, 0xE2, 0x00, 0x00, 0x00, 0x0B, 0x00, 0x00, 0x00, 0x08,
    0x00, 0x00, 0x00, 0x08, 0x00, 0x00, 0x00, 0x0B, 0x00, 0x00, 0x00, 0x00, 0x00, 0x00, 0x00, 0x00,
    0x00, 0x00, 0x00, 0xE3, 0x00, 0x00, 0x00, 0x0B, 0x00, 0x00, 0x00, 0x08, 0x00, 0x00, 0x00, 0x08,
    0x00, 0x00, 0x00, 0x0B, 0x00, 0x00, 0x00, 0x00, 0x00, 0x00, 0x00, 0x00, 0x00, 0x00, 0x00, 0xE4,
    0x00, 0x00, 0x00, 0x0A, 0x00, 0x00, 0x00, 0x08, 0x00, 0x00, 0x00, 0x08, 0x00, 0x00, 0x00, 0x0A,
    0x00, 0x00, 0x00, 0x00, 0x00, 0x00, 0x00, 0x00, 0x00, 0x00, 0x00, 0xE5, 0x00, 0x00, 0x00, 0x0C,
    0x00, 0x00, 0x00, 0x08, 0x00, 0x00, 0x00, 0x08, 0x00, 0x00, 0x00, 0x0C, 0x00, 0x00, 0x00, 0x00,
    0x00, 0x00, 0x00, 0x00, 0x00, 0x00, 0x00, 0xE6, 0x00, 0x00, 0x00, 0x07, 0x00, 0x00, 0x00, 0x08,
    0x00, 0x00, 0x00, 0x08, 0x00, 0x00, 0x00, 0x07, 0x00, 0x00, 0x00, 0x00, 0x00, 0x00, 0x00, 0x00,
    0x00, 0x00, 0x00, 0xE7, 0x00, 0x00, 0x00, 0x0A, 0x00, 0x00, 0x00, 0x08, 0x00, 0x00, 0x00, 0x08,
    0x00, 0x00, 0x00, 0x07, 0x00, 0x00, 0x00, 0x00, 0x00, 0x00, 0x00, 0x00, 0x00, 0x00, 0x00, 0xE8,
    0x00, 0x00, 0x00, 0x0C, 0x00, 0x00, 0x00, 0x08, 0x00, 0x00, 0x00, 0x08, 0x00, 0x00, 0x00, 0x0C,
    0x00, 0x00, 0x00, 0x00, 0x00, 0x00, 0x00, 0x00, 0x00, 0x00, 0x00, 0xE9, 0x00, 0x00, 0x00, 0x0C,
    0x00, 0x00, 0x00, 0x08, 0x00, 0x00, 0x00, 0x08, 0x00, 0x00, 0x00, 0x0C, 0x00, 0x00, 0x00, 0x00,
    0x00, 0x00, 0x00, 0x00, 0x00, 0x00, 0x00, 0xEA, 0x00, 0x00, 0x00, 0x0B, 0x00, 0x00, 0x00, 0x08,
    0x00, 0x00, 0x00, 0x08, 0x00, 0x00, 0x00, 0x0B, 0x00, 0x00, 0x00, 0x00, 0x00, 0x00, 0x00, 0x00,
    0x00, 0x00, 0x00, 0xEB, 0x00, 0x00, 0x00, 0x0A, 0x00, 0x00, 0x00, 0x08, 0x00, 0x00, 0x00, 0x08,
    0x00, 0x00, 0x00, 0x0A, 0x00, 0x00, 0x00, 0x00, 0x00, 0x00, 0x00, 0x00, 0x00, 0x00, 0x00, 0xEC,
    0x00, 0x00, 0x00, 0x0C, 0x00, 0x00, 0x00, 0x08, 0x00, 0x00, 0x00, 0x08, 0x00, 0x00, 0x00, 0x0C,
    0x00, 0x00, 0x00, 0x00, 0x00, 0x00, 0x00, 0x00, 0x00, 0x00, 0x00, 0xED, 0x00, 0x00, 0x00, 0x0C,
    0x00, 0x00, 0x00, 0x08, 0x00, 0x00, 0x00, 0x08, 0x00, 0x00, 0x00, 0x0C, 0x00, 0x00, 0x00, 0x00,
    0x00, 0x00, 0x00, 0x00, 0x00, 0x00, 0x00, 0xEE, 0x00, 0x00, 0x00, 0x0B, 0x00, 0x00, 0x00, 0x08,
    0x00, 0x00, 0x00, 0x08, 0x00, 0x00, 0x00, 0x0B, 0x00, 0x00, 0x00, 0x00, 0x00, 0x00, 0x00, 0x00,
    0x00, 0x00, 0x00, 0xEF, 0x00, 0x00, 0x00, 0x0A, 0x00, 0x00, 0x00, 0x08, 0x00, 0x00, 0x00, 0x08,
    0x00, 0x00, 0x00, 0x0A, 0x00, 0x00, 0x00, 0x00, 0x00, 0x00, 0x00, 0x00, 0x00, 0x00, 0x00, 0xF0,
    0x00, 0x00, 0x00, 0x0B, 0x00, 0x00, 0x00, 0x08, 0x00, 0x00, 0x00, 0x08, 0x00, 0x00, 0x00, 0x0B,
    0x00, 0x00, 0x00, 0x00, 0x00, 0x00, 0x00, 0x00, 0x00, 0x00, 0x00, 0xF1, 0x00, 0x00, 0x00, 0x0B,
    0x00, 0x00, 0x00, 0x08, 0x00, 0x00, 0x00, 0x08, 0x00, 0x00, 0x00, 0x0B, 0x00, 0x00, 0x00, 0x00,
    0x00, 0x00, 0x00, 0x00, 0x00, 0x00, 0x00, 0xF2, 0x00, 0x00, 0x00, 0x0C, 0x00, 0x00, 0x00, 0x08,
    0x00, 0x00, 0x00, 0x08, 0x00, 0x00, 0x00, 0x0C, 0x00, 0x00, 0x00, 0x00, 0x00, 0x00, 0x00, 0x00,
    0x00, 0x00, 0x00, 0xF3, 0x00, 0x00, 0x00, 0x0C, 0x00, 0x00, 0x00, 0x08, 0x00, 0x00, 0x00, 0x08,
    0x00, 0x00, 0x00, 0x0C, 0x00, 0x00, 0x00, 0x00, 0x00, 0x00, 0x00, 0x00, 0x00, 0x00, 0x00, 0xF4,
    0x00, 0x00, 0x00, 0x0B, 0x00, 0x00, 0x00, 0x08, 0x00, 0x00, 0x00, 0x08, 0x00, 0x00, 0x00, 0x0B,
    0x00, 0x00, 0x00, 0x00, 0x00, 0x00, 0x00, 0x00, 0x00, 0x00, 0x00, 0xF5, 0x00, 0x00, 0x00, 0x0B,
    0x00, 0x00, 0x00, 0x08, 0x00, 0x00, 0x00, 0x08, 0x00, 0x00, 0x00, 0x0B, 0x00, 0x00, 0x00, 0x00,
    0x00, 0x00, 0x00, 0x00, 0x00, 0x00, 0x00, 0xF6, 0x00, 0x00, 0x00, 0x0A, 0x00, 0x00, 0x00, 0x08,
    0x00, 0x00, 0x00, 0x08, 0x00, 0x00, 0x00, 0x0A, 0x00, 0x00, 0x00, 0x00, 0x00, 0x00, 0x00, 0x00,
    0x00, 0x00, 0x00, 0xF7, 0x00, 0x00, 0x00, 0x08, 0x00, 0x00, 0x00, 0x08, 0x00, 0x00, 0x00, 0x08,
    0x00, 0x00, 0x00, 0x08, 0x00, 0x00, 0x00, 0x00, 0x00, 0x00, 0x00, 0x00, 0x00, 0x00, 0x00, 0xF8,
    0x00, 0x00, 0x00, 0x09, 0x00, 0x00, 0x00, 0x08, 0x00, 0x00, 0x00, 0x08, 0x00, 0x00, 0x00, 0x08,
    0x00, 0x00, 0x00, 0x00, 0x00, 0x00, 0x00, 0x00, 0x00, 0x00, 0x00, 0xF9, 0x00, 0x00, 0x00, 0x0C,
    0x00, 0x00, 0x00, 0x08, 0x00, 0x00, 0x00, 0x08, 0x00, 0x00, 0x00, 0x0C, 0x00, 0x00, 0x00, 0x00,
    0x00, 0x00, 0x00, 0x00, 0x00, 0x00, 0x00, 0xFA, 0x00, 0x00, 0x00, 0x0C, 0x00, 0x00, 0x00, 0x08,
    0x00, 0x00, 0x00, 0x08, 0x00, 0x00, 0x00, 0x0C, 0x00, 0x00, 0x00, 0x00, 0x00, 0x00, 0x00, 0x00,
    0x00, 0x00, 0x00, 0xFB, 0x00, 0x00, 0x00, 0x0B, 0x00, 0x00, 0x00, 0x08, 0x00, 0x00, 0x00, 0x08,
    0x00, 0x00, 0x00, 0x0B, 0x00, 0x00, 0x00, 0x00, 0x00, 0x00, 0x00, 0x00, 0x00, 0x00, 0x00, 0xFC,
    0x00, 0x00, 0x00, 0x0A, 0x00, 0x00, 0x00, 0x08, 0x00, 0x00, 0x00, 0x08, 0x00, 0x00, 0x00, 0x0A,
    0x00, 0x00, 0x00, 0x00, 0x00, 0x00, 0x00, 0x00, 0x00, 0x00, 0x00, 0xFD, 0x00, 0x00, 0x00, 0x0F,
    0x00, 0x00, 0x00, 0x08, 0x00, 0x00, 0x00, 0x08, 0x00, 0x00, 0x00, 0x0C, 0x00, 0x00, 0x00, 0x00,
    0x00, 0x00, 0x00, 0x00, 0x00, 0x00, 0x00, 0xFE, 0x00, 0x00, 0x00, 0x0D, 0x00, 0x00, 0x00, 0x08,
    0x00, 0x00, 0x00, 0x08, 0x00, 0x00, 0x00, 0x0A, 0x00, 0x00, 0x00, 0x00, 0x00, 0x00, 0x00, 0x00,
    0x00, 0x00, 0x00, 0xFF, 0x00, 0x00, 0x00, 0x0D, 0x00, 0x00, 0x00, 0x08, 0x00, 0x00, 0x00, 0x08,
    0x00, 0x00, 0x00, 0x0A, 0x00, 0x00, 0x00, 0x00, 0x00, 0x00, 0x00, 0x00, 0x00, 0x00, 0x20, 0x13,
    0x00, 0x00, 0x00, 0x02, 0x00, 0x00, 0x00, 0x08, 0x00, 0x00, 0x00, 0x08, 0x00, 0x00, 0x00, 0x05,
    0x00, 0x00, 0x00, 0x00, 0x00, 0x00, 0x00, 0x00, 0x00, 0x00, 0x20, 0x14, 0x00, 0x00, 0x00, 0x02,
    0x00, 0x00, 0x00, 0x08, 0x00, 0x00, 0x00, 0x08, 0x00, 0x00, 0x00, 0x05, 0x00, 0x00, 0x00, 0x00,
    0x00, 0x00, 0x00, 0x00, 0x00, 0x00, 0x20, 0x18, 0x00, 0x00, 0x00, 0x05, 0x00, 0x00, 0x00, 0x05,
    0x00, 0x00, 0x00, 0x08, 0x00, 0x00, 0x00, 0x0A, 0x00, 0x00, 0x00, 0x02, 0x00, 0x00, 0x00, 0x00,
    0x00, 0x00, 0x20, 0x19, 0x00, 0x00, 0x00, 0x05, 0x00, 0x00, 0x00, 0x05, 0x00, 0x00, 0x00, 0x08,
    0x00, 0x00, 0x00, 0x0A, 0x00, 0x00, 0x00, 0x02, 0x00, 0x00, 0x00, 0x00, 0x00, 0x00, 0x20, 0x1C,
    0x00, 0x00, 0x00, 0x05, 0x00, 0x00, 0x00, 0x08, 0x00, 0x00, 0x00, 0x08, 0x00, 0x00, 0x00, 0x0A,
    0x00, 0x00, 0x00, 0x00, 0x00, 0x00, 0x00, 0x00, 0x00, 0x00, 0x20, 0x1D, 0x00, 0x00, 0x00, 0x05,
    0x00, 0x00, 0x00, 0x07, 0x00, 0x00, 0x00, 0x08, 0x00, 0x00, 0x00, 0x0A, 0x00, 0x00, 0x00, 0x01,
    0x00, 0x00, 0x00, 0x00, 0x00, 0x00, 0x20, 0x26, 0x00, 0x00, 0x00, 0x03, 0x00, 0x00, 0x00, 0x08,
    0x00, 0x00, 0x00, 0x08, 0x00, 0x00, 0x00, 0x03, 0x00, 0x00, 0x00, 0x00, 0x00, 0x00, 0x00, 0x00,
    0x00, 0x00, 0x20, 0xAC, 0x00, 0x00, 0x00, 0x09, 0x00, 0x00, 0x00, 0x08, 0x00, 0x00, 0x00, 0x08,
    0x00, 0x00, 0x00, 0x09, 0x00, 0x00, 0x00, 0x00, 0x00, 0x00, 0x00, 0x00, 0x00, 0x00, 0x21, 0x90,
    0x00, 0x00, 0x00, 0x07, 0x00, 0x00, 0x00, 0x08, 0x00, 0x00, 0x00, 0x08, 0x00, 0x00, 0x00, 0x08,
    0x00, 0x00, 0x00, 0x00, 0x00, 0x00, 0x00, 0x00, 0x00, 0x00, 0x21, 0x91, 0x00, 0x00, 0x00, 0x0A,
    0x00, 0x00, 0x00, 0x07, 0x00, 0x00, 0x00, 0x08, 0x00, 0x00, 0x00, 0x0A, 0x00, 0x00, 0x00, 0x00,
    0x00, 0x00, 0x00, 0x00, 0x00, 0x00, 0x21, 0x92, 0x00, 0x00, 0x00, 0x07, 0x00, 0x00, 0x00, 0x08,
    0x00, 0x00, 0x00, 0x08, 0x00, 0x00, 0x00, 0x08, 0x00, 0x00, 0x00, 0x00, 0x00, 0x00, 0x00, 0x00,
    0x00, 0x00, 0x21, 0x93, 0x00, 0x00, 0x00, 0x0B, 0x00, 0x00, 0x00, 0x07, 0x00, 0x00, 0x00, 0x08,
    0x00, 0x00, 0x00, 0x0A, 0x00, 0x00, 0x00, 0x00, 0x00, 0x00, 0x00, 0x00, 0x00, 0x00, 0x21, 0x94,
    0x00, 0x00, 0x00, 0x06, 0x00, 0x00, 0x00, 0x08, 0x00, 0x00, 0x00, 0x08, 0x00, 0x00, 0x00, 0x08,
    0x00, 0x00, 0x00, 0x00, 0x00, 0x00, 0x00, 0x00, 0x00, 0x00, 0x21, 0x95, 0x00, 0x00, 0x00, 0x0B,
    0x00, 0x00, 0x00, 0x07, 0x00, 0x00, 0x00, 0x08, 0x00, 0x00, 0x00, 0x0A, 0x00, 0x00, 0x00, 0x00,
    0x00, 0x00, 0x00, 0x00, 0x00, 0x00, 0x21, 0xE9, 0x00, 0x00, 0x00, 0x09, 0x00, 0x00, 0x00, 0x07,
    0x00, 0x00, 0x00, 0x09, 0x00, 0x00, 0x00, 0x09, 0x00, 0x00, 0x00, 0x01, 0x00, 0x00, 0x00, 0x00,
    0x00, 0x00, 0x22, 0x60, 0x00, 0x00, 0x00, 0x08, 0x00, 0x00, 0x00, 0x08, 0x00, 0x00, 0x00, 0x08,
    0x00, 0x00, 0x00, 0x08, 0x00, 0x00, 0x00, 0x00, 0x00, 0x00, 0x00, 0x00, 0x00, 0x00, 0x22, 0x61,
    0x00, 0x00, 0x00, 0x07, 0x00, 0x00, 0x00, 0x09, 0x00, 0x00, 0x00, 0x09, 0x00, 0x00, 0x00, 0x08,
    0x00, 0x00, 0x00, 0x00, 0x00, 0x00, 0x00, 0x00, 0x00, 0x00, 0x22, 0x64, 0x00, 0x00, 0x00, 0x08,
    0x00, 0x00, 0x00, 0x08, 0x00, 0x00, 0x00, 0x08, 0x00, 0x00, 0x00, 0x08, 0x00, 0x00, 0x00, 0x00,
    0x00, 0x00, 0x00, 0x00, 0x00, 0x00, 0x22, 0x65, 0x00, 0x00, 0x00, 0x08, 0x00, 0x00, 0x00, 0x08,
    0x00, 0x00, 0x00, 0x08, 0x00, 0x00, 0x00, 0x08, 0x00, 0x00, 0x00, 0x00, 0x00, 0x00, 0x00, 0x00,
    0x00, 0x00, 0x23, 0x15, 0x00, 0x00, 0x00, 0x08, 0x00, 0x00, 0x00, 0x07, 0x00, 0x00, 0x00, 0x09,
    0x00, 0x00, 0x00, 0x09, 0x00, 0x00, 0x00, 0x01, 0x00, 0x00, 0x00, 0x00, 0x00, 0x00, 0x23, 0xCE,
    0x00, 0x00, 0x00, 0x08, 0x00, 0x00, 0x00, 0x09, 0x00, 0x00, 0x00, 0x09, 0x00, 0x00, 0x00, 0x09,
    0x00, 0x00, 0x00, 0x00, 0x00, 0x00, 0x00, 0x00, 0x00, 0x00, 0x25, 0x00, 0x00, 0x00, 0x00, 0x02,
    0x00, 0x00, 0x00, 0x08, 0x00, 0x00, 0x00, 0x08, 0x00, 0x00, 0x00, 0x05, 0x00, 0x00, 0x00, 0x00,
    0x00, 0x00, 0x00, 0x00, 0x00, 0x00, 0x25, 0x01, 0x00, 0x00, 0x00, 0x02, 0x00, 0x00, 0x00, 0x08,
    0x00, 0x00, 0x00, 0x08, 0x00, 0x00, 0x00, 0x05, 0x00, 0x00, 0x00, 0x00, 0x00, 0x00, 0x00, 0x00,
    0x00, 0x00, 0x25, 0x02, 0x00, 0x00, 0x00, 0x12, 0x00, 0x00, 0x00, 0x02, 0x00, 0x00, 0x00, 0x08,
    0x00, 0x00, 0x00, 0x0D, 0x00, 0x00, 0x00, 0x03, 0x00, 0x00, 0x00, 0x00, 0x00, 0x00, 0x25, 0x03,
    0x00, 0x00, 0x00, 0x12, 0x00, 0x00, 0x00, 0x02, 0x00, 0x00, 0x00, 0x08, 0x00, 0x00, 0x00, 0x0D,
    0x00, 0x00, 0x00, 0x03, 0x00, 0x00, 0x00, 0x00, 0x00, 0x00, 0x25, 0x04, 0x00, 0x00, 0x00, 0x02,
    0x00, 0x00, 0x00, 0x08, 0x00, 0x00, 0x00, 0x08, 0x00, 0x00, 0x00, 0x05, 0x00, 0x00, 0x00, 0x00,
    0x00, 0x00, 0x00, 0x00, 0x00, 0x00, 0x25, 0x05, 0x00, 0x00, 0x00, 0x02, 0x00, 0x00, 0x00, 0x08,
    0x00, 0x00, 0x00, 0x08, 0x00, 0x00, 0x00, 0x05, 0x00, 0x00, 0x00, 0x00, 0x00, 0x00, 0x00, 0x00,
    0x00, 0x00, 0x25, 0x06, 0x00, 0x00, 0x00, 0x10, 0x00, 0x00, 0x00, 0x02, 0x00, 0x00, 0x00, 0x08,
    0x00, 0x00, 0x00, 0x0C, 0x00, 0x00, 0x00, 0x03, 0x00, 0x00, 0x00, 0x00, 0x00, 0x00, 0x25, 0x07,
    0x00, 0x00, 0x00, 0x10, 0x00, 0x00, 0x00, 0x02, 0x00, 0x00, 0x00, 0x08, 0x00, 0x00, 0x00, 0x0C,
    0x00, 0x00, 0x00, 0x03, 0x00, 0x00, 0x00, 0x00, 0x00, 0x00, 0x25, 0x08, 0x00, 0x00, 0x00, 0x02,
    0x00, 0x00, 0x00, 0x08, 0x00, 0x00, 0x00, 0x08, 0x00, 0x00, 0x00, 0x05, 0x00, 0x00, 0x00, 0x00,
    0x00, 0x00, 0x00, 0x00, 0x00, 0x00, 0x25, 0x09, 0x00, 0x00, 0x00, 0x02, 0x00, 0x00, 0x00, 0x08,
    0x00, 0x00, 0x00, 0x08, 0x00, 0x00, 0x00, 0x05, 0x00, 0x00, 0x00, 0x00, 0x00, 0x00, 0x00, 0x00,
    0x00, 0x00, 0x25, 0x0A, 0x00, 0x00, 0x00, 0x11, 0x00, 0x00, 0x00, 0x02, 0x00, 0x00, 0x00, 0x08,
    0x00, 0x00, 0x00, 0x0C, 0x00, 0x00, 0x00, 0x03, 0x00, 0x00, 0x00, 0x00, 0x00, 0x00, 0x25, 0x0B,
    0x00, 0x00, 0x00, 0x11, 0x00, 0x00, 0x00, 0x02, 0x00, 0x00, 0x00, 0x08, 0x00, 0x00, 0x00, 0x0C,
    0x00, 0x00, 0x00, 0x03, 0x00, 0x00, 0x00, 0x00, 0x00, 0x00, 0x25, 0x0C, 0x00, 0x00, 0x00, 0x0A,
    0x00, 0x00, 0x00, 0x05, 0x00, 0x00, 0x00, 0x08, 0x00, 0x00, 0x00, 0x05, 0x00, 0x00, 0x00, 0x03,
    0x00, 0x00, 0x00, 0x00, 0x00, 0x00, 0x25, 0x0D, 0x00, 0x00, 0x00, 0x0A, 0x00, 0x00, 0x00, 0x05,
    0x00, 0x00, 0x00, 0x08, 0x00, 0x00, 0x00, 0x05, 0x00, 0x00, 0x00, 0x03, 0x00, 0x00, 0x00, 0x00,
    0x00, 0x00, 0x25, 0x0E, 0x00, 0x00, 0x00, 0x0A, 0x00, 0x00, 0x00, 0x05, 0x00, 0x00, 0x00, 0x08,
    0x00, 0x00, 0x00, 0x05, 0x00, 0x00, 0x00, 0x03, 0x00, 0x00, 0x00, 0x00, 0x00, 0x00, 0x25, 0x0F,
    0x00, 0x00, 0x00, 0x0A, 0x00, 0x00, 0x00, 0x05, 0x00, 0x00, 0x00, 0x08, 0x00, 0x00, 0x00, 0x05,
    0x00, 0x00, 0x00, 0x03, 0x00, 0x00, 0x00, 0x00, 0x00, 0x00, 0x25, 0x10, 0x00, 0x00, 0x00, 0x0A,
    0x00, 0x00, 0x00, 0x07, 0x00, 0x00, 0x00, 0x08, 0x00, 0x00, 0x00, 0x05, 0x00, 0x00, 0x00, 0x00,
    0x00, 0x00, 0x00, 0x00, 0x00, 0x00, 0x25, 0x11, 0x00, 0x00, 0x00, 0x0A, 0x00, 0x00, 0x00, 0x07,
    0x00, 0x00, 0x00, 0x08, 0x00, 0x00, 0x00, 0x05, 0x00, 0x00, 0x00, 0x00, 0x00, 0x00, 0x00, 0x00,
    0x00, 0x00, 0x25, 0x12, 0x00, 0x00, 0x00, 0x0A, 0x00, 0x00, 0x00, 0x07, 0x00, 0x00, 0x00, 0x08,
    0x00, 0x00, 0x00, 0x05, 0x00, 0x00, 0x00, 0x00, 0x00, 0x00, 0x00, 0x00, 0x00, 0x00, 0x25, 0x13,
    0x00, 0x00, 0x00, 0x0A, 0x00, 0x00, 0x00, 0x07, 0x00, 0x00, 0x00, 0x08, 0x00, 0x00, 0x00, 0x05,
    0x00, 0x00, 0x00, 0x00, 0x00, 0x00, 0x00, 0x00, 0x00, 0x00, 0x25, 0x14, 0x00, 0x00, 0x00, 0x0A,
    0x00, 0x00, 0x00, 0x05, 0x00, 0x00, 0x00, 0x08, 0x00, 0x00, 0x00, 0x0D, 0x00, 0x00, 0x00, 0x03,
    0x00, 0x00, 0x00, 0x00, 0x00, 0x00, 0x25, 0x15, 0x00, 0x00, 0x00, 0x0A, 0x00, 0x00, 0x00, 0x05,
    0x00, 0x00, 0x00, 0x08, 0x00, 0x00, 0x00, 0x0D, 0x00, 0x00, 0x00, 0x03, 0x00, 0x00, 0x00, 0x00,
    0x00, 0x00, 0x25, 0x16, 0x00, 0x00, 0x00, 0x0A, 0x00, 0x00, 0x00, 0x05, 0x00, 0x00, 0x00, 0x08,
    0x00, 0x00, 0x00, 0x0D, 0x00, 0x00, 0x00, 0x03, 0x00, 0x00, 0x00, 0x00, 0x00, 0x00, 0x25, 0x17,
    0x00, 0x00, 0x00, 0x0A, 0x00, 0x00, 0x00, 0x05, 0x00, 0x00, 0x00, 0x08, 0x00, 0x00, 0x00, 0x0D,
    0x00, 0x00, 0x00, 0x03, 0x00, 0x00, 0x00, 0x00, 0x00, 0x00, 0x25, 0x18, 0x00, 0x00, 0x00, 0x0A,
    0x00, 0x00, 0x00, 0x07, 0x00, 0x00, 0x00, 0x08, 0x00, 0x00, 0x00, 0x0D, 0x00, 0x00, 0x00, 0x00,
    0x00, 0x00, 0x00, 0x00, 0x00, 0x00, 0x25, 0x19, 0x00, 0x00, 0x00, 0x0A, 0x00, 0x00, 0x00, 0x07,
    0x00, 0x00, 0x00, 0x08, 0x00, 0x00, 0x00, 0x0D, 0x00, 0x00, 0x00, 0x00, 0x00, 0x00, 0x00, 0x00,
    0x00, 0x00, 0x25, 0x1A, 0x00, 0x00, 0x00, 0x0A, 0x00, 0x00, 0x00, 0x07, 0x00, 0x00, 0x00, 0x08,
    0x00, 0x00, 0x00, 0x0D, 0x00, 0x00, 0x00, 0x00, 0x00, 0x00, 0x00, 0x00, 0x00, 0x00, 0x25, 0x1B,
    0x00, 0x00, 0x00, 0x0A, 0x00, 0x00, 0x00, 0x07, 0x00, 0x00, 0x00, 0x08, 0x00, 0x00, 0x00, 0x0D,
    0x00, 0x00, 0x00, 0x00, 0x00, 0x00, 0x00, 0x00, 0x00, 0x00, 0x25, 0x1C, 0x00, 0x00, 0x00, 0x12,
    0x00, 0x00, 0x00, 0x05, 0x00, 0x00, 0x00, 0x08, 0x00, 0x00, 0x00, 0x0D, 0x00, 0x00, 0x00, 0x03,
    0x00, 0x00, 0x00, 0x00, 0x00, 0x00, 0x25, 0x1D, 0x00, 0x00, 0x00, 0x12, 0x00, 0x00, 0x00, 0x05,
    0x00, 0x00, 0x00, 0x08, 0x00, 0x00, 0x00, 0x0D, 0x00, 0x00, 0x00, 0x03, 0x00, 0x00, 0x00, 0x00,
    0x00, 0x00, 0x25, 0x1E, 0x00, 0x00, 0x00, 0x12, 0x00, 0x00, 0x00, 0x05, 0x00, 0x00, 0x00, 0x08,
    0x00, 0x00, 0x00, 0x0D, 0x00, 0x00, 0x00, 0x03, 0x00, 0x00, 0x00, 0x00, 0x00, 0x00, 0x25, 0x1F,
    0x00, 0x00, 0x00, 0x12, 0x00, 0x00, 0x00, 0x05, 0x00, 0x00, 0x00, 0x08, 0x00, 0x00, 0x00, 0x0D,
    0x00, 0x00, 0x00, 0x03, 0x00, 0x00, 0x00, 0x00, 0x00, 0x00, 0x25, 0x20, 0x00, 0x00, 0x00, 0x12,
    0x00, 0x00, 0x00, 0x05, 0x00, 0x00, 0x00, 0x08, 0x00, 0x00, 0x00, 0x0D, 0x00, 0x00, 0x00, 0x03,
    0x00, 0x00, 0x00, 0x00, 0x00, 0x00, 0x25, 0x21, 0x00, 0x00, 0x00, 0x12, 0x00, 0x00, 0x00, 0x05,
    0x00, 0x00, 0x00, 0x08, 0x00, 0x00, 0x00, 0x0D, 0x00, 0x00, 0x00, 0x03, 0x00, 0x00, 0x00, 0x00,
    0x00, 0x00, 0x25, 0x22, 0x00, 0x00, 0x00, 0x12, 0x00, 0x00, 0x00, 0x05, 0x00, 0x00, 0x00, 0x08,
    0x00, 0x00, 0x00, 0x0D, 0x00, 0x00, 0x00, 0x03, 0x00, 0x00, 0x00, 0x00, 0x00, 0x00, 0x25, 0x23,
    0x00, 0x00, 0x00, 0x12, 0x00, 0x00, 0x00, 0x05, 0x00, 0x00, 0x00, 0x08, 0x00, 0x00, 0x00, 0x0D,
    0x00, 0x00, 0x00, 0x03, 0x00, 0x00, 0x00, 0x00, 0x00, 0x00, 0x25, 0x24, 0x00, 0x00, 0x00, 0x12,
    0x00, 0x00, 0x00, 0x07, 0x00, 0x00, 0x00, 0x08, 0x00, 0x00, 0x00, 0x0D, 0x00, 0x00, 0x00, 0x00,
    0x00, 0x00, 0x00, 0x00, 0x00, 0x00, 0x25, 0x25, 0x00, 0x00, 0x00, 0x12, 0x00, 0x00, 0x00, 0x07,
    0x00, 0x00, 0x00, 0x08, 0x00, 0x00, 0x00, 0x0D, 0x00, 0x00, 0x00, 0x00, 0x00, 0x00, 0x00, 0x00,
    0x00, 0x00, 0x25, 0x26, 0x00, 0x00, 0x00, 0x12, 0x00, 0x00, 0x00, 0x07, 0x00, 0x00, 0x00, 0x08,
    0x00, 0x00, 0x00, 0x0D, 0x00, 0x00, 0x00, 0x00, 0x00, 0x00, 0x00, 0x00, 0x00, 0x00, 0x25, 0x27,
    0x00, 0x00, 0x00, 0x12, 0x00, 0x00, 0x00, 0x07, 0x00, 0x00, 0x00, 0x08, 0x00, 0x00, 0x00, 0x0D,
    0x00, 0x00, 0x00, 0x00, 0x00, 0x00, 0x00, 0x00, 0x00, 0x00, 0x25, 0x28, 0x00, 0x00, 0x00, 0x12,
    0x00, 0x00, 0x00, 0x07, 0x00, 0x00, 0x00, 0x08, 0x00, 0x00, 0x00, 0x0D, 0x00, 0x00, 0x00, 0x00,
    0x00, 0x00, 0x00, 0x00, 0x00, 0x00, 0x25, 0x29, 0x00, 0x00, 0x00, 0x12, 0x00, 0x00, 0x00, 0x07,
    0x00, 0x00, 0x00, 0x08, 0x00, 0x00, 0x00, 0x0D, 0x00, 0x00, 0x00, 0x00, 0x00, 0x00, 0x00, 0x00,
    0x00, 0x00, 0x25, 0x2A, 0x00, 0x00, 0x00, 0x12, 0x00, 0x00, 0x00, 0x07, 0x00, 0x00, 0x00, 0x08,
    0x00, 0x00, 0x00, 0x0D, 0x00, 0x00, 0x00, 0x00, 0x00, 0x00, 0x00, 0x00, 0x00, 0x00, 0x25, 0x2B,
    0x00, 0x00, 0x00, 0x12, 0x00, 0x00, 0x00, 0x07, 0x00, 0x00, 0x00, 0x08, 0x00, 0x00, 0x00, 0x0D,
    0x00, 0x00, 0x00, 0x00, 0x00, 0x00, 0x00, 0x00, 0x00, 0x00, 0x25, 0x2C, 0x00, 0x00, 0x00, 0x0A,
    0x00, 0x00, 0x00, 0x08, 0x00, 0x00, 0x00, 0x08, 0x00, 0x00, 0x00, 0x05, 0x00, 0x00, 0x00, 0x00,
    0x00, 0x00, 0x00, 0x00, 0x00, 0x00, 0x25, 0x2D, 0x00, 0x00, 0x00, 0x0A, 0x00, 0x00, 0x00, 0x08,
    0x00, 0x00, 0x00, 0x08, 0x00, 0x00, 0x00, 0x05, 0x00, 0x00, 0x00, 0x00, 0x00, 0x00, 0x00, 0x00,
    0x00, 0x00, 0x25, 0x2E, 0x00, 0x00, 0x00, 0x0A, 0x00, 0x00, 0x00, 0x08, 0x00, 0x00, 0x00, 0x08,
    0x00, 0x00, 0x00, 0x05, 0x00, 0x00, 0x00, 0x00, 0x00, 0x00, 0x00, 0x00, 0x00, 0x00, 0x25, 0x2F,
    0x00, 0x00, 0x00, 0x0A, 0x00, 0x00, 0x00, 0x08, 0x00, 0x00, 0x00, 0x08, 0x00, 0x00, 0x00, 0x05,
    0x00, 0x00, 0x00, 0x00, 0x00, 0x00, 0x00, 0x00, 0x00, 0x00, 0x25, 0x30, 0x00, 0x00, 0x00, 0x0A,
    0x00, 0x00, 0x00, 0x08, 0x00, 0x00, 0x00, 0x08, 0x00, 0x00, 0x00, 0x05, 0x00, 0x00, 0x00, 0x00,
    0x00, 0x00, 0x00, 0x00, 0x00, 0x00, 0x25, 0x31, 0x00, 0x00, 0x00, 0x0A, 0x00, 0x00, 0x00, 0x08,
    0x00, 0x00, 0x00, 0x08, 0x00, 0x00, 0x00, 0x05, 0x00, 0x00, 0x00, 0x00, 0x00, 0x00, 0x00, 0x00,
    0x00, 0x00, 0x25, 0x32, 0x00, 0x00, 0x00, 0x0A, 0x00, 0x00, 0x00, 0x08, 0x00, 0x00, 0x00, 0x08,
    0x00, 0x00, 0x00, 0x05, 0x00, 0x00, 0x00, 0x00, 0x00, 0x00, 0x00, 0x00, 0x00, 0x00, 0x25, 0x33,
    0x00, 0x00, 0x00, 0x0A, 0x00, 0x00, 0x00, 0x08, 0x00, 0x00, 0x00, 0x08, 0x00, 0x00, 0x00, 0x05,
    0x00, 0x00, 0x00, 0x00, 0x00, 0x00, 0x00, 0x00, 0x00, 0x00, 0x25, 0x34, 0x00, 0x00, 0x00, 0x0A,
    0x00, 0x00, 0x00, 0x08, 0x00, 0x00, 0x00, 0x08, 0x00, 0x00, 0x00, 0x0D, 0x00, 0x00, 0x00, 0x00,
    0x00, 0x00, 0x00, 0x00, 0x00, 0x00, 0x25, 0x35, 0x00, 0x00, 0x00, 0x0A, 0x00, 0x00, 0x00, 0x08,
    0x00, 0x00, 0x00, 0x08, 0x00, 0x00, 0x00, 0x0D, 0x00, 0x00, 0x00, 0x00, 0x00, 0x00, 0x00, 0x00,
    0x00, 0x00, 0x25, 0x36, 0x00, 0x00, 0x00, 0x0A, 0x00, 0x00, 0x00, 0x08, 0x00, 0x00, 0x00, 0x08,
    0x00, 0x00, 0x00, 0x0D, 0x00, 0x00, 0x00, 0x00, 0x00, 0x00, 0x00, 0x00, 0x00, 0x00, 0x25, 0x37,
    0x00, 0x00, 0x00, 0x0A, 0x00, 0x00, 0x00, 0x08, 0x00, 0x00, 0x00, 0x08, 0x00, 0x00, 0x00, 0x0D,
    0x00, 0x00, 0x00, 0x00, 0x00, 0x00, 0x00, 0x00, 0x00, 0x00, 0x25, 0x38, 0x00, 0x00, 0x00, 0x0A,
    0x00, 0x00, 0x00, 0x08, 0x00, 0x00, 0x00, 0x08, 0x00, 0x00, 0x00, 0x0D, 0x00, 0x00, 0x00, 0x00,
    0x00, 0x00, 0x00, 0x00, 0x00, 0x00, 0x25, 0x39, 0x00, 0x00, 0x00, 0x0A, 0x00, 0x00, 0x00, 0x08,
    0x00, 0x00, 0x00, 0x08, 0x00, 0x00, 0x00, 0x0D, 0x00, 0x00, 0x00, 0x00, 0x00, 0x00, 0x00, 0x00,
    0x00, 0x00, 0x25, 0x3A, 0x00, 0x00, 0x00, 0x0A, 0x00, 0x00, 0x00, 0x08, 0x00, 0x00, 0x00, 0x08,
    0x00, 0x00, 0x00, 0x0D, 0x00, 0x00, 0x00, 0x00, 0x00, 0x00, 0x00, 0x00, 0x00, 0x00, 0x25, 0x3B,
    0x00, 0x00, 0x00, 0x0A, 0x00, 0x00, 0x00, 0x08, 0x00, 0x00, 0x00, 0x08, 0x00, 0x00, 0x00, 0x0D,
    0x00, 0x00, 0x00, 0x00, 0x00, 0x00, 0x00, 0x00, 0x00, 0x00, 0x25, 0x3C, 0x00, 0x00, 0x00, 0x12,
    0x00, 0x00, 0x00, 0x08, 0x00, 0x00, 0x00, 0x08, 0x00, 0x00, 0x00, 0x0D, 0x00, 0x00, 0x00, 0x00,
    0x00, 0x00, 0x00, 0x00, 0x00, 0x00, 0x25, 0x3D, 0x00, 0x00, 0x00, 0x12, 0x00, 0x00, 0x00, 0x08,
    0x00, 0x00, 0x00, 0x08, 0x00, 0x00, 0x00, 0x0D, 0x00, 0x00, 0x00, 0x00, 0x00, 0x00, 0x00, 0x00,
    0x00, 0x00, 0x25, 0x3E, 0x00, 0x00, 0x00, 0x12, 0x00, 0x00, 0x00, 0x08, 0x00, 0x00, 0x00, 0x08,
    0x00, 0x00, 0x00, 0x0D, 0x00, 0x00, 0x00, 0x00, 0x00, 0x00, 0x00, 0x00, 0x00, 0x00, 0x25, 0x3F,
    0x00, 0x00, 0x00, 0x12, 0x00, 0x00, 0x00, 0x08, 0x00, 0x00, 0x00, 0x08, 0x00, 0x00, 0x00, 0x0D,
    0x00, 0x00, 0x00, 0x00, 0x00, 0x00, 0x00, 0x00, 0x00, 0x00, 0x25, 0x40, 0x00, 0x00, 0x00, 0x12,
    0x00, 0x00, 0x00, 0x08, 0x00, 0x00, 0x00, 0x08, 0x00, 0x00, 0x00, 0x0D, 0x00, 0x00, 0x00, 0x00,
    0x00, 0x00, 0x00, 0x00, 0x00, 0x00, 0x25, 0x41, 0x00, 0x00, 0x00, 0x12, 0x00, 0x00, 0x00, 0x08,
    0x00, 0x00, 0x00, 0x08, 0x00, 0x00, 0x00, 0x0D, 0x00, 0x00, 0x00, 0x00, 0x00, 0x00, 0x00, 0x00,
    0x00, 0x00, 0x25, 0x42, 0x00, 0x00, 0x00, 0x12, 0x00, 0x00, 0x00, 0x08, 0x00, 0x00, 0x00, 0x08,
    0x00, 0x00, 0x00, 0x0D, 0x00, 0x00, 0x00, 0x00, 0x00, 0x00, 0x00, 0x00, 0x00, 0x00, 0x25, 0x43,
    0x00, 0x00, 0x00, 0x12, 0x00, 0x00, 0x00, 0x08, 0x00, 0x00, 0x00, 0x08, 0x00, 0x00, 0x00, 0x0D,
    0x00, 0x00, 0x00, 0x00, 0x00, 0x00, 0x00, 0x00, 0x00, 0x00, 0x25, 0x44, 0x00, 0x00, 0x00, 0x12,
    0x00, 0x00, 0x00, 0x08, 0x00, 0x00, 0x00, 0x08, 0x00, 0x00, 0x00, 0x0D, 0x00, 0x00, 0x00, 0x00,
    0x00, 0x00, 0x00, 0x00, 0x00, 0x00, 0x25, 0x45, 0x00, 0x00, 0x00, 0x12, 0x00, 0x00, 0x00, 0x08,
    0x00, 0x00, 0x00, 0x08, 0x00, 0x00, 0x00, 0x0D, 0x00, 0x00, 0x00, 0x00, 0x00, 0x00, 0x00, 0x00,
    0x00, 0x00, 0x25, 0x46, 0x00, 0x00, 0x00, 0x12, 0x00, 0x00, 0x00, 0x08, 0x00, 0x00, 0x00, 0x08,
    0x00, 0x00, 0x00, 0x0D, 0x00, 0x00, 0x00, 0x00, 0x00, 0x00, 0x00, 0x00, 0x00, 0x00, 0x25, 0x47,
    0x00, 0x00, 0x00, 0x12, 0x00, 0x00, 0x00, 0x08, 0x00, 0x00, 0x00, 0x08, 0x00, 0x00, 0x00, 0x0D,
    0x00, 0x00, 0x00, 0x00, 0x00, 0x00, 0x00, 0x00, 0x00, 0x00, 0x25, 0x48, 0x00, 0x00, 0x00, 0x12,
    0x00, 0x00, 0x00, 0x08, 0x00, 0x00, 0x00, 0x08, 0x00, 0x00, 0x00, 0x0D, 0x00, 0x00, 0x00, 0x00,
    0x00, 0x00, 0x00, 0x00, 0x00, 0x00, 0x25, 0x49, 0x00, 0x00, 0x00, 0x12, 0x00, 0x00, 0x00, 0x08,
    0x00, 0x00, 0x00, 0x08, 0x00, 0x00, 0x00, 0x0D, 0x00, 0x00, 0x00, 0x00, 0x00, 0x00, 0x00, 0x00,
    0x00, 0x00, 0x25, 0x4A, 0x00, 0x00, 0x00, 0x12, 0x00, 0x00, 0x00, 0x08, 0x00, 0x00, 0x00, 0x08,
    0x00, 0x00, 0x00, 0x0D, 0x00, 0x00, 0x00, 0x00, 0x00, 0x00, 0x00, 0x00, 0x00, 0x00, 0x25, 0x4B,
    0x00, 0x00, 0x00, 0x12, 0x00, 0x00, 0x00, 0x08, 0x00, 0x00, 0x00, 0x08, 0x00, 0x00, 0x00, 0x0D,
    0x00, 0x00, 0x00, 0x00, 0x00, 0x00, 0x00, 0x00, 0x00, 0x00, 0x25, 0x4C, 0x00, 0x00, 0x00, 0x02,
    0x00, 0x00, 0x00, 0x07, 0x00, 0x00, 0x00, 0x08, 0x00, 0x00, 0x00, 0x05, 0x00, 0x00, 0x00, 0x00,
    0x00, 0x00, 0x00, 0x00, 0x00, 0x00, 0x25, 0x4D, 0x00, 0x00, 0x00, 0x02, 0x00, 0x00, 0x00, 0x07,
    0x00, 0x00, 0x00, 0x08, 0x00, 0x00, 0x00, 0x05, 0x00, 0x00, 0x00, 0x00, 0x00, 0x00, 0x00, 0x00,
    0x00, 0x00, 0x25, 0x4E, 0x00, 0x00, 0x00, 0x0C, 0x00, 0x00, 0x00, 0x02, 0x00, 0x00, 0x00, 0x08,
    0x00, 0x00, 0x00, 0x0A, 0x00, 0x00, 0x00, 0x03, 0x00, 0x00, 0x00, 0x00, 0x00, 0x00, 0x25, 0x4F,
    0x00, 0x00, 0x00, 0x0C, 0x00, 0x00, 0x00, 0x02, 0x00, 0x00, 0x00, 0x08, 0x00, 0x00, 0x00, 0x0A,
    0x00, 0x00, 0x00, 0x03, 0x00, 0x00, 0x00, 0x00, 0x00, 0x00, 0x25, 0x50, 0x00, 0x00, 0x00, 0x04,
    0x00, 0x00, 0x00, 0x08, 0x00, 0x00, 0x00, 0x08, 0x00, 0x00, 0x00, 0x06, 0x00, 0x00, 0x00, 0x00,
    0x00, 0x00, 0x00, 0x00, 0x00, 0x00, 0x25, 0x51, 0x00, 0x00, 0x00, 0x12, 0x00, 0x00, 0x00, 0x04,
    0x00, 0x00, 0x00, 0x08, 0x00, 0x00, 0x00, 0x0D, 0x00, 0x00, 0x00, 0x02, 0x00, 0x00, 0x00, 0x00,
    0x00, 0x00, 0x25, 0x52, 0x00, 0x00, 0x00, 0x0B, 0x00, 0x00, 0x00, 0x05, 0x00, 0x00, 0x00, 0x08,
    0x00, 0x00, 0x00, 0x06, 0x00, 0x00, 0x00, 0x03, 0x00, 0x00, 0x00, 0x00, 0x00, 0x00, 0x25, 0x53,
    0x00, 0x00, 0x00, 0x0A, 0x00, 0x00, 0x00, 0x06, 0x00, 0x00, 0x00, 0x08, 0x00, 0x00, 0x00, 0x05,
    0x00, 0x00, 0x00, 0x02, 0x00, 0x00, 0x00, 0x00, 0x00, 0x00, 0x25, 0x54, 0x00, 0x00, 0x00, 0x0B,
    0x00, 0x00, 0x00, 0x06, 0x00, 0x00, 0x00, 0x08, 0x00, 0x00, 0x00, 0x06, 0x00, 0x00, 0x00, 0x02,
    0x00, 0x00, 0x00, 0x00, 0x00, 0x00, 0x25, 0x55, 0x00, 0x00, 0x00, 0x0B, 0x00, 0x00, 0x00, 0x07,
    0x00, 0x00, 0x00, 0x08, 0x00, 0x00, 0x00, 0x06, 0x00, 0x00, 0x00, 0x00, 0x00, 0x00, 0x00, 0x00,
    0x00, 0x00, 0x25, 0x56, 0x00, 0x00, 0x00, 0x0A, 0x00, 0x00, 0x00, 0x08, 0x00, 0x00, 0x00, 0x08,
    0x00, 0x00, 0x00, 0x05, 0x00, 0x00, 0x00, 0x00, 0x00, 0x00, 0x00, 0x00, 0x00, 0x00, 0x25, 0x57,
    0x00, 0x00, 0x00, 0x0B, 0x00, 0x00, 0x00, 0x08, 0x00, 0x00, 0x00, 0x08, 0x00, 0x00, 0x00, 0x06,
    0x00, 0x00, 0x00, 0x00, 0x00, 0x00, 0x00, 0x00, 0x00, 0x00, 0x25, 0x58, 0x00, 0x00, 0x00, 0x0B,
    0x00, 0x00, 0x00, 0x05, 0x00, 0x00, 0x00, 0x08, 0x00, 0x00, 0x00, 0x0D, 0x00, 0x00, 0x00, 0x03,
    0x00, 0x00, 0x00, 0x00, 0x00, 0x00, 0x25, 0x59, 0x00, 0x00, 0x00, 0x0A, 0x00, 0x00, 0x00, 0x06,
    0x00, 0x00, 0x00, 0x08, 0x00, 0x00, 0x00, 0x0D, 0x00, 0x00, 0x00, 0x02, 0x00, 0x00, 0x00, 0x00,
    0x00, 0x00, 0x25, 0x5A, 0x00, 0x00, 0x00, 0x0B, 0x00, 0x00, 0x00, 0x06, 0x00, 0x00, 0x00, 0x08,
    0x00, 0x00, 0x00, 0x0D, 0x00, 0x00, 0x00, 0x02, 0x00, 0x00, 0x00, 0x00, 0x00, 0x00, 0x25, 0x5B,
    0x00, 0x00, 0x00, 0x0B, 0x00, 0x00, 0x00, 0x07, 0x00, 0x00, 0x00, 0x08, 0x00, 0x00, 0x00, 0x0D,
    0x00, 0x00, 0x00, 0x00, 0x00, 0x00, 0x00, 0x00, 0x00, 0x00, 0x25, 0x5C, 0x00, 0x00, 0x00, 0x0A,
    0x00, 0x00, 0x00, 0x08, 0x00, 0x00, 0x00, 0x08, 0x00, 0x00, 0x00, 0x0D, 0x00, 0x00, 0x00, 0x00,
    0x00, 0x00, 0x00, 0x00, 0x00, 0x00, 0x25, 0x5D, 0x00, 0x00, 0x00, 0x0B, 0x00, 0x00, 0x00, 0x08,
    0x00, 0x00, 0x00, 0x08, 0x00, 0x00, 0x00, 0x0D, 0x00, 0x00, 0x00, 0x00, 0x00, 0x00, 0x00, 0x00,
    0x00, 0x00, 0x25, 0x5E, 0x00, 0x00, 0x00, 0x12, 0x00, 0x00, 0x00, 0x05, 0x00, 0x00, 0x00, 0x08,
    0x00, 0x00, 0x00, 0x0D, 0x00, 0x00, 0x00, 0x03, 0x00, 0x00, 0x00, 0x00, 0x00, 0x00, 0x25, 0x5F,
    0x00, 0x00, 0x00, 0x12, 0x00, 0x00, 0x00, 0x06, 0x00, 0x00, 0x00, 0x08, 0x00, 0x00, 0x00, 0x0D,
    0x00, 0x00, 0x00, 0x02, 0x00, 0x00, 0x00, 0x00, 0x00, 0x00, 0x25, 0x60, 0x00, 0x00, 0x00, 0x12,
    0x00, 0x00, 0x00, 0x06, 0x00, 0x00, 0x00, 0x08, 0x00, 0x00, 0x00, 0x0D, 0x00, 0x00, 0x00, 0x02,
    0x00, 0x00, 0x00, 0x00, 0x00, 0x00, 0x25, 0x61, 0x00, 0x00, 0x00, 0x12, 0x00, 0x00, 0x00, 0x07,
    0x00, 0x00, 0x00, 0x08, 0x00, 0x00, 0x00, 0x0D, 0x00, 0x00, 0x00, 0x00, 0x00, 0x00, 0x00, 0x00,
    0x00, 0x00, 0x25, 0x62, 0x00, 0x00, 0x00, 0x12, 0x00, 0x00, 0x00, 0x08, 0x00, 0x00, 0x00, 0x08,
    0x00, 0x00, 0x00, 0x0D, 0x00, 0x00, 0x00, 0x00, 0x00, 0x00, 0x00, 0x00, 0x00, 0x00, 0x25, 0x63,
    0x00, 0x00, 0x00, 0x12, 0x00, 0x00, 0x00, 0x08, 0x00, 0x00, 0x00, 0x08, 0x00, 0x00, 0x00, 0x0D,
    0x00, 0x00, 0x00, 0x00, 0x00, 0x00, 0x00, 0x00, 0x00, 0x00, 0x25, 0x64, 0x00, 0x00, 0x00, 0x0B,
    0x00, 0x00, 0x00, 0x08, 0x00, 0x00, 0x00, 0x08, 0x00, 0x00, 0x00, 0x06, 0x00, 0x00, 0x00, 0x00,
    0x00, 0x00, 0x00, 0x00, 0x00, 0x00, 0x25, 0x65, 0x00, 0x00, 0x00, 0x0A, 0x00, 0x00, 0x00, 0x08,
    0x00, 0x00, 0x00, 0x08, 0x00, 0x00, 0x00, 0x05, 0x00, 0x00, 0x00, 0x00, 0x00, 0x00, 0x00, 0x00,
    0x00, 0x00, 0x25, 0x66, 0x00, 0x00, 0x00, 0x0B, 0x00, 0x00, 0x00, 0x08, 0x00, 0x00, 0x00, 0x08,
    0x00, 0x00, 0x00, 0x06, 0x00, 0x00, 0x00, 0x00, 0x00, 0x00, 0x00, 0x00, 0x00, 0x00, 0x25, 0x67,
    0x00, 0x00, 0x00, 0x0B, 0x00, 0x00, 0x00, 0x08, 0x00, 0x00, 0x00, 0x08, 0x00, 0x00, 0x00, 0x0D,
    0x00, 0x00, 0x00, 0x00, 0x00, 0x00, 0x00, 0x00, 0x00, 0x00, 0x25, 0x68, 0x00, 0x00, 0x00, 0x0A,
    0x00, 0x00, 0x00, 0x08, 0x00, 0x00, 0x00, 0x08, 0x00, 0x00, 0x00, 0x0D, 0x00, 0x00, 0x00, 0x00,
    0x00, 0x00, 0x00, 0x00, 0x00, 0x00, 0x25, 0x69, 0x00, 0x00, 0x00, 0x0B, 0x00, 0x00, 0x00, 0x08,
    0x00, 0x00, 0x00, 0x08, 0x00, 0x00, 0x00, 0x0D, 0x00, 0x00, 0x00, 0x00, 0x00, 0x00, 0x00, 0x00,
    0x00, 0x00, 0x25, 0x6A, 0x00, 0x00, 0x00, 0x12, 0x00, 0x00, 0x00, 0x08, 0x00, 0x00, 0x00, 0x08,
    0x00, 0x00, 0x00, 0x0D, 0x00, 0x00, 0x00, 0x00, 0x00, 0x00, 0x00, 0x00, 0x00, 0x00, 0x25, 0x6B,
    0x00, 0x00, 0x00, 0x12, 0x00, 0x00, 0x00, 0x08, 0x00, 0x00, 0x00, 0x08, 0x00, 0x00, 0x00, 0x0D,
    0x00, 0x00, 0x00, 0x00, 0x00, 0x00, 0x00, 0x00, 0x00, 0x00, 0x25, 0x6C, 0x00, 0x00, 0x00, 0x12,
    0x00, 0x00, 0x00, 0x08, 0x00, 0x00, 0x00, 0x08, 0x00, 0x00, 0x00, 0x0D, 0x00, 0x00, 0x00, 0x00,
    0x00, 0x00, 0x00, 0x00, 0x00, 0x00, 0x25, 0x6D, 0x00, 0x00, 0x00, 0x0A, 0x00, 0x00, 0x00, 0x05,
    0x00, 0x00, 0x00, 0x08, 0x00, 0x00, 0x00, 0x05, 0x00, 0x00, 0x00, 0x03, 0x00, 0x00, 0x00, 0x00,
    0x00, 0x00, 0x25, 0x6E, 0x00, 0x00, 0x00, 0x0A, 0x00, 0x00, 0x00, 0x07, 0x00, 0x00, 0x00, 0x08,
    0x00, 0x00, 0x00, 0x05, 0x00, 0x00, 0x00, 0x00, 0x00, 0x00, 0x00, 0x00, 0x00, 0x00, 0x25, 0x6F,
    0x00, 0x00, 0x00, 0x0A, 0x00, 0x00, 0x00, 0x07, 0x00, 0x00, 0x00, 0x08, 0x00, 0x00, 0x00, 0x0D,
    0x00, 0x00, 0x00, 0x00, 0x00, 0x00, 0x00, 0x00, 0x00, 0x00, 0x25, 0x70, 0x00, 0x00, 0x00, 0x0A,
    0x00, 0x00, 0x00, 0x05, 0x00, 0x00, 0x00, 0x08, 0x00, 0x00, 0x00, 0x0D, 0x00, 0x00, 0x00, 0x03,
    0x00, 0x00, 0x00, 0x00, 0x00, 0x00, 0x25, 0x71, 0x00, 0x00, 0x00, 0x10, 0x00, 0x00, 0x00, 0x08,
    0x00, 0x00, 0x00, 0x08, 0x00, 0x00, 0x00, 0x0C, 0x00, 0x00, 0x00, 0x00, 0x00, 0x00, 0x00, 0x00,
    0x00, 0x00, 0x25, 0x72, 0x00, 0x00, 0x00, 0x10, 0x00, 0x00, 0x00, 0x08, 0x00, 0x00, 0x00, 0x08,
    0x00, 0x00, 0x00, 0x0C, 0x00, 0x00, 0x00, 0x00, 0x00, 0x00, 0x00, 0x00, 0x00, 0x00, 0x25, 0x73,
    0x00, 0x00, 0x00, 0x10, 0x00, 0x00, 0x00, 0x08, 0x00, 0x00, 0x00, 0x08, 0x00, 0x00, 0x00, 0x0C,
    0x00, 0x00, 0x00, 0x00, 0x00, 0x00, 0x00, 0x00, 0x00, 0x00, 0x25, 0x74, 0x00, 0x00, 0x00, 0x02,
    0x00, 0x00, 0x00, 0x07, 0x00, 0x00, 0x00, 0x08, 0x00, 0x00, 0x00, 0x05, 0x00, 0x00, 0x00, 0x00,
    0x00, 0x00, 0x00, 0x00, 0x00, 0x00, 0x25, 0x75, 0x00, 0x00, 0x00, 0x0A, 0x00, 0x00, 0x00, 0x02,
    0x00, 0x00, 0x00, 0x08, 0x00, 0x00, 0x00, 0x0D, 0x00, 0x00, 0x00, 0x03, 0x00, 0x00, 0x00, 0x00,
    0x00, 0x00, 0x25, 0x76, 0x00, 0x00, 0x00, 0x02, 0x00, 0x00, 0x00, 0x05, 0x00, 0x00, 0x00, 0x08,
    0x00, 0x00, 0x00, 0x05, 0x00, 0x00, 0x00, 0x03, 0x00, 0x00, 0x00, 0x00, 0x00, 0x00, 0x25, 0x77,
    0x00, 0x00, 0x00, 0x0A, 0x00, 0x00, 0x00, 0x02, 0x00, 0x00, 0x00, 0x08, 0x00, 0x00, 0x00, 0x05,
    0x00, 0x00, 0x00, 0x03, 0x00, 0x00, 0x00, 0x00, 0x00, 0x00, 0x25, 0x78, 0x00, 0x00, 0x00, 0x02,
    0x00, 0x00, 0x00, 0x07, 0x00, 0x00, 0x00, 0x08, 0x00, 0x00, 0x00, 0x05, 0x00, 0x00, 0x00, 0x00,
    0x00, 0x00, 0x00, 0x00, 0x00, 0x00, 0x25, 0x79, 0x00, 0x00, 0x00, 0x0A, 0x00, 0x00, 0x00, 0x02,
    0x00, 0x00, 0x00, 0x08, 0x00, 0x00, 0x00, 0x0D, 0x00, 0x00, 0x00, 0x03, 0x00, 0x00, 0x00, 0x00,
    0x00, 0x00, 0x25, 0x7A, 0x00, 0x00, 0x00, 0x02, 0x00, 0x00, 0x00, 0x05, 0x00, 0x00, 0x00, 0x08,
    0x00, 0x00, 0x00, 0x05, 0x00, 0x00, 0x00, 0x03, 0x00, 0x00, 0x00, 0x00, 0x00, 0x00, 0x25, 0x7B,
    0x00, 0x00, 0x00, 0x0A, 0x00, 0x00, 0x00, 0x02, 0x00, 0x00, 0x00, 0x08, 0x00, 0x00, 0x00, 0x05,
    0x00, 0x00, 0x00, 0x03, 0x00, 0x00, 0x00, 0x00, 0x00, 0x00, 0x25, 0x7C, 0x00, 0x00, 0x00, 0x02,
    0x00, 0x00, 0x00, 0x08, 0x00, 0x00, 0x00, 0x08, 0x00, 0x00, 0x00, 0x05, 0x00, 0x00, 0x00, 0x00,
    0x00, 0x00, 0x00, 0x00, 0x00, 0x00, 0x25, 0x7D, 0x00, 0x00, 0x00, 0x12, 0x00, 0x00, 0x00, 0x02,
    0x00, 0x00, 0x00, 0x08, 0x00, 0x00, 0x00, 0x0D, 0x00, 0x00, 0x00, 0x03, 0x00, 0x00, 0x00, 0x00,
    0x00, 0x00, 0x25, 0x7E, 0x00, 0x00, 0x00, 0x02, 0x00, 0x00, 0x00, 0x08, 0x00, 0x00, 0x00, 0x08,
    0x00, 0x00, 0x00, 0x05, 0x00, 0x00, 0x00, 0x00, 0x00, 0x00, 0x00, 0x00, 0x00, 0x00, 0x25, 0x7F,
    0x00, 0x00, 0x00, 0x12, 0x00, 0x00, 0x00, 0x02, 0x00, 0x00, 0x00, 0x08, 0x00, 0x00, 0x00, 0x0D,
    0x00, 0x00, 0x00, 0x03, 0x00, 0x00, 0x00, 0x00, 0x00, 0x00, 0x25, 0xA0, 0x00, 0x00, 0x00, 0x0A,
    0x00, 0x00, 0x00, 0x09, 0x00, 0x00, 0x00, 0x09, 0x00, 0x00, 0x00, 0x09, 0x00, 0x00, 0x00, 0x00,
    0x00, 0x00, 0x00, 0x00, 0x00, 0x00, 0x25, 0xA1, 0x00, 0x00, 0x00, 0x0A, 0x00, 0x00, 0x00, 0x09,
    0x00, 0x00, 0x00, 0x09, 0x00, 0x00, 0x00, 0x09, 0x00, 0x00, 0x00, 0x00, 0x00, 0x00, 0x00, 0x00,
    0x00, 0x00, 0x25, 0xB2, 0x00, 0x00, 0x00, 0x0A, 0x00, 0x00, 0x00, 0x09, 0x00, 0x00, 0x00, 0x09,
    0x00, 0x00, 0x00, 0x09, 0x00, 0x00, 0x00, 0x00, 0x00, 0x00, 0x00, 0x00, 0x00, 0x00, 0x25, 0xB6,
    0x00, 0x00, 0x00, 0x0A, 0x00, 0x00, 0x00, 0x09, 0x00, 0x00, 0x00, 0x09, 0x00, 0x00, 0x00, 0x09,
    0x00, 0x00, 0x00, 0x00, 0x00, 0x00, 0x00, 0x00, 0x00, 0x00, 0x25, 0xBC, 0x00, 0x00, 0x00, 0x0A,
    0x00, 0x00, 0x00, 0x09, 0x00, 0x00, 0x00, 0x09, 0x00, 0x00, 0x00, 0x09, 0x00, 0x00, 0x00, 0x00,
    0x00, 0x00, 0x00, 0x00, 0x00, 0x00, 0x25, 0xC0, 0x00, 0x00, 0x00, 0x0A, 0x00, 0x00, 0x00, 0x09,
    0x00, 0x00, 0x00, 0x09, 0x00, 0x00, 0x00, 0x09, 0x00, 0x00, 0x00, 0x00, 0x00, 0x00, 0x00, 0x00,
    0x00, 0x00, 0x25, 0xC6, 0x00, 0x00, 0x00, 0x0A, 0x00, 0x00, 0x00, 0x09, 0x00, 0x00, 0x00, 0x09,
    0x00, 0x00, 0x00, 0x09, 0x00, 0x00, 0x00, 0x00, 0x00, 0x00, 0x00, 0x00, 0x00, 0x00, 0x25, 0xC7,
    0x00, 0x00, 0x00, 0x0A, 0x00, 0x00, 0x00, 0x09, 0x00, 0x00, 0x00, 0x09, 0x00, 0x00, 0x00, 0x09,
    0x00, 0x00, 0x00, 0x00, 0x00, 0x00, 0x00, 0x00, 0x00, 0x00, 0x25, 0xCB, 0x00, 0x00, 0x00, 0x0A,
    0x00, 0x00, 0x00, 0x09, 0x00, 0x00, 0x00, 0x09, 0x00, 0x00, 0x00, 0x09, 0x00, 0x00, 0x00, 0x00,
    0x00, 0x00, 0x00, 0x00, 0x00, 0x00, 0x25, 0xCF, 0x00, 0x00, 0x00, 0x0A, 0x00, 0x00, 0x00, 0x09,
    0x00, 0x00, 0x00, 0x09, 0x00, 0x00, 0x00, 0x09, 0x00, 0x00, 0x00, 0x00, 0x00, 0x00, 0x00, 0x00,
    0x00, 0x00, 0x26, 0x10, 0x00, 0x00, 0x00, 0x08, 0x00, 0x00, 0x00, 0x08, 0x00, 0x00, 0x00, 0x09,
    0x00, 0x00, 0x00, 0x08, 0x00, 0x00, 0x00, 0x01, 0x00, 0x00, 0x00, 0x00, 0x00, 0x00, 0x26, 0x11,
    0x00, 0x00, 0x00, 0x09, 0x00, 0x00, 0x00, 0x09, 0x00, 0x00, 0x00, 0x09, 0x00, 0x00, 0x00, 0x08,
    0x00, 0x00, 0x00, 0x00, 0x00, 0x00, 0x00, 0x00, 0x00, 0x00, 0x26, 0x99, 0x00, 0x00, 0x00, 0x0A,
    0x00, 0x00, 0x00, 0x09, 0x00, 0x00, 0x00, 0x09, 0x00, 0x00, 0x00, 0x0A, 0x00, 0x00, 0x00, 0x00,
    0x00, 0x00, 0x00, 0x00, 0x00, 0x00, 0x27, 0x13, 0x00, 0x00, 0x00, 0x0A, 0x00, 0x00, 0x00, 0x08,
    0x00, 0x00, 0x00, 0x08, 0x00, 0x00, 0x00, 0x0A, 0x00, 0x00, 0x00, 0x00, 0x00, 0x00, 0x00, 0x00,
    0x00, 0x00, 0x27, 0x17, 0x00, 0x00, 0x00, 0x0A, 0x00, 0x00, 0x00, 0x09, 0x00, 0x00, 0x00, 0x09,
    0x00, 0x00, 0x00, 0x09, 0x00, 0x00, 0x00, 0x00, 0x00, 0x00, 0x00, 0x00, 0x00, 0x00, 0x27, 0x18,
    0x00, 0x00, 0x00, 0x0B, 0x00, 0x00, 0x00, 0x09, 0x00, 0x00, 0x00, 0x09, 0x00, 0x00, 0x00, 0x0A,
    0x00, 0x00, 0x00, 0x00, 0x00, 0x00, 0x00, 0x00, 0x00, 0x00, 0x2B, 0x07, 0x00, 0x00, 0x00, 0x09,
    0x00, 0x00, 0x00, 0x06, 0x00, 0x00, 0x00, 0x09, 0x00, 0x00, 0x00, 0x0A, 0x00, 0x00, 0x00, 0x02,
    0x00, 0x00, 0x00, 0x00, 0x00, 0x78, 0xFF, 0xF7, 0x00, 0xB4, 0xFF, 0xC4, 0x00, 0xC4, 0xFF, 0xA9,
    0x00, 0xC6, 0xFF, 0x30, 0x00, 0xB7, 0xEE, 0x00, 0x00, 0xA8, 0x90, 0x00, 0x27, 0xAE, 0x4B, 0x00,
    0xE1, 0xFF, 0xE8, 0x00, 0xC8, 0xFF, 0x9D, 0x00, 0x00, 0x9D, 0xFF, 0x69, 0xA6, 0xFF, 0x3F, 0x00,
    0xB7, 0xFF, 0x2B, 0xDA, 0xFF, 0x07, 0x00, 0xEC, 0xFF, 0x00, 0xFF, 0xFF, 0x00, 0x00, 0xFF, 0xFB,
    0x09, 0xFF, 0xD8, 0x00, 0x00, 0x76, 0x51, 0x0D, 0x78, 0x43, 0x00, 0x00, 0x00, 0x00, 0x96, 0xD4,
    0x9B, 0xAC, 0x00, 0x00, 0x03, 0x34, 0xDC, 0xBA, 0xCA, 0x4C, 0x0A, 0x00, 0x11, 0xFF, 0xFF, 0x80,
    0xF0, 0xFF, 0x31, 0x00, 0x0E, 0xB3, 0xFF, 0x48, 0xD4, 0x7C, 0x03, 0x00, 0x22, 0x8B, 0xC9, 0xA7,
    0x90, 0x0F, 0x00, 0x00, 0xFF, 0xFF, 0x7C, 0xED, 0xFF, 0x5A, 0x00, 0x00, 0x79, 0xFC, 0x4D, 0xEF,
    0x89, 0x11, 0x00, 0x00, 0x18, 0xDD, 0xA5, 0xD4, 0x0B, 0x00, 0x00, 0x00, 0x79, 0xB3, 0xD6, 0xBC,
    0x00, 0x00, 0x00, 0x00, 0x00, 0x00, 0x00, 0x67, 0xAE, 0x00, 0x00, 0x00, 0x00, 0x00, 0x00, 0xD7,
    0xFD, 0x00, 0x00, 0x00, 0x03, 0xB8, 0xFF, 0xFF, 0xFF, 0xE2, 0x27, 0x00, 0xA5, 0xFF, 0xFF, 0xFF,
    0xFF, 0xFF, 0x88, 0x00, 0xF0, 0xFF, 0x2D, 0xFF, 0x45, 0x42, 0x00, 0x00, 0xE6, 0xFF, 0xE1, 0xFF,
    0x0D, 0x00, 0x00, 0x00, 0x51, 0xFF, 0xFF, 0xFF, 0xFF, 0x67, 0x00, 0x00, 0x00, 0x15, 0xD8, 0xFF,
    0xFF, 0xFF, 0x2A, 0x00, 0x03, 0x00, 0xD3, 0xAB, 0xCB, 0xFF, 0x64, 0x4F, 0xFF, 0x66, 0xFF, 0xA3,
    0xFF, 0xFF, 0x24, 0xA5, 0xFF, 0xFF, 0xFF, 0xFF, 0xFF, 0xB2, 0x00, 0x00, 0x3D, 0xC1, 0xFF, 0xB4,
    0x4E, 0x00, 0x00, 0x00, 0x00, 0xA0, 0xFF, 0x0D, 0x00, 0x00, 0x00, 0x00, 0x0A, 0xC6, 0xFF, 0x6F,
    0x1E, 0xF2, 0x87, 0x00, 0x43, 0xD2, 0xC2, 0xD0, 0x95, 0xC2, 0x00, 0x00, 0x7E, 0x9A, 0xC2, 0xD3,
    0xE3, 0x19, 0x00, 0x00, 0x30, 0xFF, 0xFF, 0x64, 0x64, 0x03, 0x00, 0x00, 0x01, 0x40, 0x3F, 0xC8,
    0xFD, 0x35, 0x00, 0x00, 0x08, 0xBC, 0xAA, 0xE3, 0xBD, 0xA6, 0x00, 0x00, 0x25, 0xDE, 0xAD, 0xCF,
    0x8F, 0xA7, 0x00, 0x00, 0xBD, 0x93, 0x8D, 0xD5, 0xA4, 0x6A, 0x00, 0x36, 0xF5, 0x35, 0x2E, 0xFF,
    0xDA, 0x0C, 0x00, 0x00, 0x00, 0x13, 0xC9, 0xFF, 0xFF, 0x9A, 0x00, 0x00, 0x00, 0xAA, 0xFF, 0xA6,
    0xFF, 0xFF, 0x24, 0x00, 0x00, 0xDA, 0xFF, 0x06, 0xB4, 0xFF, 0x40, 0x00, 0x00, 0xAD, 0xFF, 0x67,
    0xFF, 0xFB, 0x03, 0x2D, 0xFF, 0xFF, 0xFF, 0xFF, 0xA5, 0x13, 0x00, 0xCB, 0xFF, 0x1C, 0xFF, 0xFF,
    0x0A, 0x00, 0x00, 0xFF, 0xFF, 0x09, 0xA5, 0xFF, 0x7F, 0xA7, 0x7E, 0xF2, 0xFF, 0xFC, 0xCD, 0xFF,
    0xFF, 0xFF, 0x93, 0x61, 0xFF, 0xFF, 0x49, 0xA0, 0xFF, 0xC5, 0x01, 0x03, 0xFF, 0xE3, 0x34, 0xFF,
    0xB0, 0x73, 0xFF, 0x94, 0xB1, 0xFF, 0x55, 0x43, 0x78, 0x0D, 0x00, 0x00, 0x0A, 0xD2, 0xFF, 0x5A,
    0x00, 0x00, 0xDF, 0xFF, 0x3A, 0x00, 0x00, 0xA2, 0xFF, 0x67, 0x00, 0x00, 0x0A, 0xFF, 0xD2, 0x00,
    0x00, 0x00, 0x8A, 0xFF, 0x69, 0x00, 0x00, 0x00, 0xCD, 0xFF, 0x0C, 0x00, 0x00, 0x00, 0xF5, 0xFF,
    0x00, 0x00, 0x00, 0x00, 0xEE, 0xFF, 0x00, 0x00, 0x00, 0x00, 0xC5, 0xFF, 0x03, 0x00, 0x00, 0x00,
    0x85, 0xFF, 0x61, 0x00, 0x00, 0x00, 0x0C, 0xFF, 0xE7, 0x00, 0x00, 0x00, 0x00, 0x73, 0xFF, 0x97,
    0x00, 0x00, 0x00, 0x00, 0x7C, 0xFF, 0x8E, 0x00, 0x00, 0x00, 0x00, 0xD3, 0xFF, 0x16, 0x00, 0x00,
    0x00, 0x46, 0xFF, 0xA0, 0x00, 0x00, 0x00, 0x00, 0xFF, 0xDD, 0x00, 0x00, 0x00, 0x00, 0xEB, 0xFF,
    0x00, 0x00, 0x00, 0x00, 0xF6, 0xFF, 0x00, 0x00, 0x00, 0x00, 0xFF, 0xE6, 0x00, 0x00, 0x00, 0x49,
    0xFF, 0xAB, 0x00, 0x00, 0x00, 0xB9, 0xFF, 0x1B, 0x00, 0x00, 0x48, 0xFF, 0xA2, 0x00, 0x00, 0x27,
    0xFF, 0xF6, 0x06, 0x00, 0x43, 0xFF, 0xE6, 0x13, 0x00, 0x00, 0x00, 0x00, 0x00, 0x9F, 0xFF, 0x57,
    0x00, 0x00, 0x00, 0x6A, 0x0A, 0xB9, 0xFF, 0x18, 0x49, 0x2B, 0x58, 0xFF, 0xFF, 0xFF, 0xFF, 0xFF,
    0xFF, 0x9D, 0x13, 0x9A, 0xFF, 0xFF, 0xFF, 0xFF, 0xA6, 0x1E, 0x00, 0x30, 0xFF, 0xFF, 0xFF, 0xA2,
    0x00, 0x00, 0x0D, 0xFF, 0xFF, 0x43, 0xFF, 0xFF, 0x2A, 0x00, 0x00, 0x7F, 0x64, 0x00, 0x58, 0x82,
    0x00, 0x00, 0x00, 0x00, 0x00, 0x8D, 0xFF, 0x69, 0x00, 0x00, 0x00, 0x00, 0x00, 0xAA, 0xFF, 0x2A,
    0x00, 0x00, 0x01, 0xA7, 0xAA, 0xFF, 0xFF, 0xAA, 0xAA, 0x25, 0x2E, 0xFF, 0xFF, 0xFF, 0xFF, 0xFF,
    0xFF, 0x18, 0x00, 0x00, 0x0A, 0xFF, 0xC5, 0x00, 0x00, 0x00, 0x00, 0x00, 0x43, 0xFF, 0xAF, 0x00,
    0x00, 0x00, 0x00, 0x00, 0x37, 0xA0, 0x40, 0x00, 0x00, 0x00, 0x00, 0x21, 0x72, 0x72, 0x09, 0x00,
    0xA5, 0xFF, 0xE9, 0x00, 0x00, 0xFF, 0xFF, 0x46, 0x00, 0x43, 0xFF, 0xC6, 0x00, 0x00, 0xA2, 0xFF,
    0x2A, 0x00, 0x00, 0x00, 0xFF, 0xFF, 0xFF, 0xFF, 0x34, 0x28, 0xFF, 0xFF, 0xFF, 0xFF, 0x09, 0x46,
    0xBB, 0x87, 0xFA, 0xFF, 0xFF, 0xD8, 0xFF, 0xB5, 0x00, 0x00, 0x00, 0x00, 0x00, 0x4F, 0xFF, 0xA8,
    0x00, 0x00, 0x00, 0x00, 0x00, 0xE2, 0xFF, 0x1C, 0x00, 0x00, 0x00, 0x00, 0x51, 0xFF, 0xA6, 0x00,
    0x00, 0x00, 0x00, 0x00, 0xE4, 0xFF, 0x1B, 0x00, 0x00, 0x00, 0x00, 0x52, 0xFF, 0xA5, 0x00, 0x00,
    0x00, 0x00, 0x00, 0xE6, 0xFF, 0x1B, 0x00, 0x00, 0x00, 0x00, 0x54, 0xFF, 0xA3, 0x00, 0x00, 0x00,
    0x00, 0x00, 0xE7, 0xFF, 0x19, 0x00, 0x00, 0x00, 0x00, 0x57, 0xFF, 0xA1, 0x00, 0x00, 0x00, 0x00,
    0x00, 0xE9, 0xFF, 0x18, 0x00, 0x00, 0x00, 0x00, 0x58, 0xFF, 0xA0, 0x00, 0x00, 0x00, 0x00, 0x00,
    0xEB, 0xFF, 0x18, 0x00, 0x00, 0x00, 0x00, 0x00, 0x00, 0x00, 0x88, 0xFF, 0xFF, 0xFF, 0x94, 0x00,
    0x00, 0x8E, 0xFF, 0xFF, 0xB7, 0xFF, 0xFF, 0x66, 0x03, 0xFF, 0xFF, 0x2A, 0x00, 0x64, 0xFF, 0xBC,
    0x61, 0xFF, 0xF5, 0x61, 0x9C, 0x5E, 0xFF, 0xD5, 0x9D, 0xFF, 0xB6, 0xCE, 0xEC, 0x9C, 0xFF, 0xB6,
    0xA0, 0xFF, 0x9C, 0x00, 0x00, 0xBF, 0xFF, 0xA3, 0xA0, 0xFF, 0xA3, 0x00, 0x0C, 0xFF, 0xFF, 0x2D,
    0x31, 0xFF, 0xFF, 0xB2, 0xFD, 0xFF, 0xA8, 0x00, 0x00, 0x72, 0xFF, 0xFF, 0xFF, 0xB2, 0x01, 0x00,
    0x00, 0x00, 0x2B, 0xFF, 0xFF, 0xFF, 0x91, 0x00, 0x00, 0x1B, 0xFF, 0xFF, 0xFF, 0xFF, 0x51, 0x00,
    0x06, 0xF7, 0xFF, 0x61, 0xFF, 0xFF, 0x12, 0x00, 0x00, 0x97, 0x75, 0x10, 0xFF, 0xFF, 0x00, 0x00,
    0x00, 0x00, 0x00, 0x4F, 0xFF, 0xE2, 0x00, 0x00, 0x00, 0x00, 0x00, 0x91, 0xFF, 0xAB, 0x00, 0x00,
    0x00, 0x00, 0x00, 0xB0, 0xFF, 0x8D, 0x00, 0x00, 0x27, 0xBE, 0xBE, 0xFF, 0xFF, 0xDE, 0xBE, 0x18,
    0x76, 0xFF, 0xFF, 0xFF, 0xFF, 0xFF, 0xFF, 0x04, 0x00, 0x00, 0x84, 0xFF, 0xFF, 0xFF, 0xA6, 0x00,
    0x00, 0x93, 0xFF, 0xFF, 0xF7, 0xFF, 0xFF, 0x72, 0x00, 0x9A, 0xF3, 0x25, 0x00, 0xB7, 0xFF, 0xBD,
    0x00, 0x00, 0x00, 0x00, 0x03, 0xFB, 0xFF, 0x67, 0x00, 0x00, 0x00, 0x0F, 0xD3, 0xFF, 0xAF, 0x00,
    0x00, 0x00, 0x49, 0xFF, 0xFF, 0x99, 0x00, 0x00, 0x01, 0xAF, 0xFF, 0xFD, 0x3C, 0x00, 0x00, 0x00,
    0xAC, 0xFF, 0xFF, 0xD2, 0xCD, 0xCD, 0xB1, 0x00, 0xF3, 0xFF, 0xFF, 0xFF, 0xFF, 0xFF, 0xEB, 0x00,
    0x00, 0x0A, 0xBD, 0xFF, 0xFF, 0xFF, 0xAA, 0x04, 0x00, 0xBA, 0xFF, 0xF2, 0xD9, 0xFF, 0xFF, 0x9C,
    0x00, 0x06, 0x54, 0x00, 0x00, 0xC4, 0xFF, 0xA5, 0x00, 0x00, 0x18, 0xCD, 0xE7, 0xFF, 0xD2, 0x0C,
    0x00, 0x00, 0x5D, 0xFF, 0xFF, 0xFF, 0x63, 0x00, 0x00, 0x00, 0x00, 0x01, 0x6A, 0xFF, 0xFF, 0x00,
    0x25, 0xA3, 0x04, 0x00, 0x37, 0xFF, 0xFF, 0x00, 0xC8, 0xFF, 0xFF, 0xCB, 0xFF, 0xFF, 0xB1, 0x00,
    0x12, 0xBB, 0xFF, 0xFF, 0xFF, 0xB4, 0x07, 0x00, 0x00, 0x00, 0x00, 0x00, 0xA1, 0xFF, 0xFF, 0x3C,
    0x00, 0x00, 0x00, 0x87, 0xFF, 0xFF, 0xFF, 0x04, 0x00, 0x00, 0x55, 0xFF, 0xBB, 0xFF, 0xFF, 0x00,
    0x00, 0x30, 0xFF, 0xD2, 0x5E, 0xFF, 0xC9, 0x00, 0x15, 0xFF, 0xF7, 0x0C, 0xA2, 0xFF, 0xAE, 0x00,
    0xC3, 0xFF, 0xBF, 0xA5, 0xFA, 0xFF, 0xD5, 0x4E, 0xFF, 0xFF, 0xFF, 0xFF, 0xFF, 0xFF, 0xFF, 0x67,
    0x00, 0x00, 0x00, 0x00, 0xFF, 0xFF, 0x00, 0x00, 0x00, 0x00, 0x00, 0x15, 0xFF, 0xFF, 0x00, 0x00,
    0x00, 0x0D, 0xFF, 0xFF, 0xFF, 0xFF, 0xFF, 0xC5, 0x00, 0x61, 0xFF, 0xF6, 0xE6, 0xE6, 0xE6, 0x84,
    0x00, 0xBD, 0xFF, 0x10, 0x00, 0x00, 0x00, 0x00, 0x00, 0xEB, 0xFA, 0xAB, 0xFF, 0xFF, 0x8A, 0x00,
    0x06, 0xFF, 0xFF, 0xE2, 0xE3, 0xFF, 0xFF, 0x2A, 0x00, 0x1F, 0x28, 0x00, 0x00, 0xFF, 0xFF, 0x66,
    0x15, 0xA2, 0x18, 0x00, 0x16, 0xFF, 0xFF, 0x2D, 0xAC, 0xFF, 0xFF, 0xCD, 0xFF, 0xFF, 0xC0, 0x00,
    0x09, 0xAC, 0xFF, 0xFF, 0xFF, 0xB2, 0x04, 0x00, 0x00, 0x00, 0x00, 0x52, 0xFF, 0xFF, 0xB5, 0x12,
    0x00, 0x00, 0x7B, 0xFF, 0xFF, 0x5E, 0x00, 0x00, 0x00, 0x57, 0xFF, 0xFF, 0x2E, 0x00, 0x00, 0x00,
    0x03, 0xFF, 0xFF, 0xBF, 0xFF, 0xFF, 0xA2, 0x00, 0x6C, 0xFF, 0xFF, 0xC8, 0xC3, 0xFF, 0xFF, 0x34,
    0xBA, 0xFF, 0xB9, 0x00, 0x00, 0xE7, 0xFF, 0x72, 0xAE, 0xFF, 0xB7, 0x00, 0x01, 0xFF, 0xFF, 0x37,
    0x45, 0xFF, 0xFF, 0xB7, 0xEC, 0xFF, 0xD0, 0x00, 0x00, 0x81, 0xFF, 0xFF, 0xFF, 0xA0, 0x09, 0x00,
    0x00, 0xBB, 0xFF, 0xFF, 0xFF, 0xFF, 0xFF, 0xFF, 0x00, 0xF0, 0xFF, 0xC3, 0xC3, 0xE9, 0xFF, 0xEC,
    0x00, 0xFF, 0xE6, 0x00, 0x00, 0xE8, 0xFF, 0x61, 0x00, 0x58, 0x36, 0x00, 0x79, 0xFF, 0xD9, 0x00,
    0x00, 0x00, 0x00, 0x0C, 0xFF, 0xFF, 0x33, 0x00, 0x00, 0x00, 0x00, 0xBE, 0xFF, 0xA8, 0x00, 0x00,
    0x00, 0x00, 0x2E, 0xFF, 0xFF, 0x13, 0x00, 0x00, 0x00, 0x00, 0xD8, 0xFF, 0x90, 0x00, 0x00, 0x00,
    0x00, 0x66, 0xFF, 0xFD, 0x01, 0x00, 0x00, 0x00, 0x00, 0x00, 0x88, 0xFF, 0xFF, 0xFF, 0xC3, 0x0D,
    0x00, 0x7E, 0xFF, 0xFF, 0xAF, 0xFF, 0xFF, 0xB8, 0x00, 0xCF, 0xFF, 0x45, 0x00, 0x67, 0xFF, 0xB9,
    0x00, 0xB7, 0xFF, 0x97, 0x3F, 0xDA, 0xFF, 0x45, 0x00, 0x28, 0xFF, 0xFF, 0xFF, 0xFF, 0x5E, 0x00,
    0x4B, 0xFF, 0xFF, 0x8E, 0x9F, 0xFF, 0xFF, 0x18, 0xC4, 0xFF, 0x8A, 0x00, 0x01, 0xFF, 0xFF, 0x3F,
    0xA5, 0xFF, 0xFF, 0xAC, 0xEC, 0xFF, 0xFD, 0x03, 0x0D, 0xB7, 0xFF, 0xFF, 0xFF, 0xB5, 0x1E, 0x00,
    0x00, 0x04, 0xA9, 0xFF, 0xFF, 0xFF, 0xA5, 0x00, 0x00, 0xB7, 0xFF, 0xFF, 0xB7, 0xFF, 0xFF, 0x79,
    0x12, 0xFF, 0xFF, 0x0A, 0x00, 0x72, 0xFF, 0xC5, 0x31, 0xFF, 0xFF, 0x33, 0x16, 0xCE, 0xFF, 0xD0,
    0x03, 0xFB, 0xFF, 0xFF, 0xFF, 0xFF, 0xFF, 0xAB, 0x00, 0x10, 0x97, 0xA8, 0x90, 0xFF, 0xFF, 0x16,
    0x00, 0x00, 0x00, 0x3A, 0xFF, 0xFF, 0x8D, 0x00, 0x00, 0x00, 0x5B, 0xFF, 0xFF, 0xB1, 0x00, 0x00,
    0x06, 0xA0, 0xFF, 0xFF, 0x78, 0x00, 0x00, 0x00, 0x03, 0xE8, 0xFF, 0x9F, 0x34, 0xFF, 0xFF, 0xA5,
    0x06, 0xA6, 0xAC, 0x1B, 0x00, 0x00, 0x00, 0x00, 0x46, 0xBB, 0x87, 0x00, 0xFA, 0xFF, 0xFF, 0x00,
    0xD8, 0xFF, 0xB5, 0x00, 0x00, 0x03, 0xE8, 0xFF, 0x9F, 0x00, 0x34, 0xFF, 0xFF, 0xA5, 0x00, 0x06,
    0xA6, 0xAC, 0x1B, 0x00, 0x00, 0x00, 0x00, 0x00, 0x00, 0x21, 0x72, 0x72, 0x09, 0x00, 0xA5, 0xFF,
    0xE9, 0x00, 0x00, 0xFF, 0xFF, 0x46, 0x00, 0x43, 0xFF, 0xC6, 0x00, 0x00, 0xA2, 0xFF, 0x2A, 0x00,
    0x00, 0x00, 0x00, 0x00, 0x00, 0x00, 0x00, 0x00, 0x00, 0x00, 0x00, 0x00, 0x21, 0xAD, 0x76, 0x00,
    0x00, 0x1F, 0xAC, 0xFF, 0xFF, 0x43, 0x1F, 0xAC, 0xFF, 0xFF, 0xDE, 0x4C, 0x00, 0xE6, 0xFF, 0xDA,
    0x49, 0x00, 0x00, 0x00, 0xFF, 0xFF, 0xB5, 0x16, 0x00, 0x00, 0x00, 0x3A, 0xE8, 0xFF, 0xFF, 0x93,
    0x01, 0x00, 0x00, 0x00, 0x7C, 0xFF, 0xFF, 0x88, 0x00, 0x00, 0x00, 0x00, 0x0F, 0xA5, 0x4C, 0x00,
    0x00, 0x9C, 0xAF, 0xAF, 0xAF, 0xAF, 0xAF, 0x5B, 0x00, 0xFF, 0xFF, 0xFF, 0xFF, 0xFF, 0xFF, 0x78,
    0x00, 0x00, 0x00, 0x00, 0x00, 0x00, 0x00, 0x00, 0x31, 0xAF, 0xAF, 0xAF, 0xAF, 0xAF, 0xA6, 0x00,
    0x8D, 0xFF, 0xFF, 0xFF, 0xFF, 0xFF, 0xFF, 0x00, 0x00, 0x00, 0x00, 0x00, 0x00, 0x00, 0x00, 0x00,
    0x4F, 0xCD, 0x25, 0x00, 0x00, 0x00, 0x00, 0x72, 0xFF, 0xFF, 0xAB, 0x06, 0x00, 0x00, 0x00, 0x63,
    0xFF, 0xFF, 0xFF, 0x63, 0x00, 0x00, 0x00, 0x06, 0xAB, 0xFF, 0xFF, 0x00, 0x00, 0x00, 0x70, 0xFC,
    0xFF, 0xE7, 0x00, 0x72, 0xFD, 0xFF, 0xFF, 0xAF, 0x0F, 0x49, 0xFF, 0xFF, 0xAF, 0x0F, 0x00, 0x00,
    0x69, 0xB1, 0x10, 0x00, 0x00, 0x00, 0x00, 0x00, 0x85, 0xFF, 0xFF, 0xFF, 0x8D, 0x00, 0x79, 0xFF,
    0xFF, 0xE6, 0xFF, 0xFF, 0x3D, 0x1F, 0xAF, 0x1C, 0x00, 0xE8, 0xFF, 0x73, 0x00, 0x00, 0x1B, 0x79,
    0xFF, 0xFF, 0x21, 0x00, 0x45, 0xFF, 0xFF, 0xFF, 0x5E, 0x00, 0x00, 0x82, 0xFF, 0xB7, 0x00, 0x00,
    0x00, 0x00, 0x4E, 0xA6, 0x21, 0x00, 0x00, 0x00, 0x03, 0xFF, 0xFF, 0xBD, 0x00, 0x00, 0x00, 0x06,
    0xFF, 0xFF, 0x45, 0x00, 0x00, 0x00, 0x00, 0x00, 0x45, 0xF2, 0xFF, 0xFF, 0xB6, 0x09, 0x00, 0x43,
    0xFF, 0xDC, 0x73, 0x96, 0xFF, 0xAE, 0x00, 0xE8, 0xFF, 0x72, 0xFF, 0xDE, 0xFF, 0xC9, 0x1F, 0xFF,
    0xB4, 0xFF, 0xE4, 0x6D, 0xFF, 0xA0, 0x7E, 0xFF, 0x99, 0xFF, 0x7E, 0x46, 0xFF, 0x76, 0xB5, 0xFF,
    0x6C, 0xFF, 0x64, 0xB1, 0xFF, 0x2D, 0xA8, 0xFF, 0x16, 0xFF, 0xFF, 0xE8, 0xFF, 0x00, 0xAC, 0xFF,
    0x03, 0x0C, 0x13, 0x1E, 0x27, 0x00, 0x52, 0xFF, 0xA2, 0x1F, 0x0C, 0x04, 0x00, 0x00, 0x00, 0xA2,
    0xFF, 0xFF, 0xFF, 0x8B, 0x00, 0x00, 0x00, 0x00, 0x10, 0x45, 0x54, 0x15, 0x00, 0x00, 0x00, 0x00,
    0x00, 0x55, 0xF4, 0xFF, 0x50, 0x00, 0x00, 0x00, 0x08, 0x85, 0xFF, 0xFF, 0x74, 0x00, 0x00, 0x00,
    0x18, 0xD7, 0xD1, 0xF6, 0x99, 0x00, 0x00, 0x00, 0x38, 0xFC, 0x94, 0xEA, 0x9E, 0x00, 0x00, 0x00,
    0xC3, 0xCC, 0x4E, 0xE6, 0xBD, 0x00, 0x00, 0x08, 0xFF, 0xFF, 0xFF, 0xFF, 0xDC, 0x00, 0x00, 0x7E,
    0xFD, 0xDB, 0xBE, 0xF7, 0xDF, 0x00, 0x00, 0xDF, 0xE4, 0x19, 0x00, 0xDF, 0xE0, 0x06, 0x3F, 0xEC,
    0xC9, 0x00, 0x00, 0xDF, 0xE5, 0x2B, 0x00, 0x2D, 0xFF, 0xFF, 0xFF, 0xFF, 0xC1, 0x04, 0x00, 0x6D,
    0xFF, 0xEC, 0x9C, 0xFF, 0xFF, 0x85, 0x00, 0xAE, 0xFF, 0xAB, 0x00, 0xA0, 0xFF, 0xA5, 0x00, 0xC6,
    0xFF, 0x81, 0x33, 0xFF, 0xFF, 0x34, 0x00, 0xFC, 0xFF, 0xFF, 0xFF, 0xFF, 0x5A, 0x00, 0x01, 0xFF,
    0xFF, 0x60, 0x7B, 0xFF, 0xFF, 0x00, 0x30, 0xFF, 0xF2, 0x00, 0x01, 0xFF, 0xFF, 0x0A, 0x70, 0xFF,
    0xF2, 0x93, 0xC3, 0xFF, 0xEB, 0x00, 0xB1, 0xFF, 0xFF, 0xFF, 0xFF, 0xD3, 0x24, 0x00, 0x00, 0x00,
    0x43, 0xE7, 0xFF, 0xFF, 0xBB, 0x0F, 0x00, 0x3D, 0xFF, 0xFF, 0xD3, 0xFF, 0xFF, 0xAB, 0x00, 0xE2,
    0xFF, 0x91, 0x00, 0x28, 0xFF, 0xB2, 0x1B, 0xFF, 0xFF, 0x0C, 0x00, 0x00, 0x00, 0x00, 0x61, 0xFF,
    0xFD, 0x00, 0x00, 0x00, 0x00, 0x00, 0x7C, 0xFF, 0xCB, 0x00, 0x00, 0x00, 0x00, 0x00, 0x5A, 0xFF,
    0xD9, 0x00, 0x00, 0xDC, 0xFA, 0x1C, 0x0C, 0xFF, 0xFF, 0xD8, 0xF6, 0xFF, 0xCB, 0x00, 0x00, 0x4B,
    0xF3, 0xFF, 0xFF, 0xB0, 0x0A, 0x00, 0x00, 0x5D, 0xFF, 0xFF, 0xFF, 0xFF, 0x88, 0x00, 0x00, 0x9D,
    0xFF, 0xF3, 0xBE, 0xFF, 0xFF, 0x51, 0x00, 0xB9, 0xFF, 0x81, 0x00, 0x96, 0xFF, 0xA7, 0x00, 0xEE,
    0xFF, 0x40, 0x00, 0x81, 0xFF, 0xC5, 0x00, 0xFF, 0xFF, 0x07, 0x00, 0xBA, 0xFF, 0xB2, 0x1F, 0xFF,
    0xFF, 0x00, 0x00, 0xD5, 0xFF, 0x94, 0x60, 0xFF, 0xD3, 0x00, 0x22, 0xFF, 0xFF, 0x21, 0xA0, 0xFF,
    0xFC, 0xBA, 0xFF, 0xFF, 0xAF, 0x00, 0xBB, 0xFF, 0xFF, 0xFF, 0xFF, 0x90, 0x00, 0x00, 0x00, 0x1B,
    0xFF, 0xFF, 0xFF, 0xFF, 0xFF, 0xE8, 0x00, 0x5B, 0xFF, 0xFF, 0xC8, 0xC8, 0xC8, 0x8E, 0x00, 0x9C,
    0xFF, 0xB5, 0x00, 0x00, 0x00, 0x00, 0x00, 0xB7, 0xFF, 0xF0, 0xC8, 0xC8, 0xC0, 0x00, 0x00, 0xED,
    0xFF, 0xFF, 0xFF, 0xFF, 0xFF, 0x00, 0x00, 0xFF, 0xFF, 0x00, 0x00, 0x00, 0x00, 0x00, 0x1E, 0xFF,
    0xFF, 0x00, 0x00, 0x00, 0x00, 0x00, 0x5E, 0xFF, 0xFF, 0xC8, 0xC8, 0xC8, 0x76, 0x00, 0x9F, 0xFF,
    0xFF, 0xFF, 0xFF, 0xFF, 0x8E, 0x00, 0x00, 0x1B, 0xFF, 0xFF, 0xFF, 0xFF, 0xFF, 0xFF, 0x00, 0x5B,
    0xFF, 0xFF, 0xC8, 0xC8, 0xC8, 0xA2, 0x00, 0x9C, 0xFF, 0xB5, 0x00, 0x00, 0x00, 0x00, 0x00, 0xB7,
    0xFF, 0xF0, 0xC8, 0xC8, 0xB6, 0x00, 0x00, 0xED, 0xFF, 0xFF, 0xFF, 0xFF, 0xFA, 0x00, 0x00, 0xFF,
    0xFF, 0x01, 0x00, 0x00, 0x00, 0x00, 0x1E, 0xFF, 0xFF, 0x00, 0x00, 0x00, 0x00, 0x00, 0x5E, 0xFF,
    0xCD, 0x00, 0x00, 0x00, 0x00, 0x00, 0x9F, 0xFF, 0xBA, 0x00, 0x00, 0x00, 0x00, 0x00, 0x00, 0x00,
    0x5D, 0xF5, 0xFF, 0xFF, 0xA2, 0x01, 0x00, 0x58, 0xFF, 0xFF, 0xD0, 0xFF, 0xFF, 0x8B, 0x00, 0xFC,
    0xFF, 0x79, 0x00, 0x5D, 0xDA, 0x7F, 0x34, 0xFF, 0xFF, 0x03, 0x21, 0x24, 0x24, 0x0C, 0x7E, 0xFF,
    0xEB, 0x10, 0xFF, 0xFF, 0xFF, 0x64, 0x9A, 0xFF, 0xBB, 0x0F, 0x6C, 0xE8, 0xFF, 0x27, 0x84, 0xFF,
    0xCB, 0x00, 0x0A, 0xFF, 0xFF, 0x00, 0x30, 0xFF, 0xFF, 0xD3, 0xE4, 0xFF, 0xFA, 0x00, 0x00, 0x9A,
    0xFF, 0xFF, 0x81, 0xFF, 0xC8, 0x00, 0x00, 0x7B, 0xFF, 0xBE, 0x00, 0x18, 0xFF, 0xFF, 0x00, 0xBA,
    0xFF, 0x9F, 0x00, 0x5D, 0xFF, 0xDF, 0x00, 0xD0, 0xFF, 0x5A, 0x00, 0xA2, 0xFF, 0xAA, 0x00, 0xFF,
    0xFF, 0xD0, 0xC3, 0xFF, 0xFF, 0x8D, 0x04, 0xFF, 0xFF, 0xFF, 0xFF, 0xFF, 0xFF, 0x4C, 0x3A, 0xFF,
    0xED, 0x00, 0x00, 0xFF, 0xFF, 0x0F, 0x7B, 0xFF, 0xBA, 0x00, 0x1E, 0xFF, 0xFF, 0x00, 0xBA, 0xFF,
    0xA2, 0x00, 0x5B, 0xFF, 0xDF, 0x00, 0xD0, 0xFF, 0x66, 0x00, 0x96, 0xFF, 0xAB, 0x00, 0x00, 0x3D,
    0xFF, 0xFF, 0xFF, 0xFF, 0xFF, 0xDF, 0x00, 0x31, 0xB4, 0xD8, 0xFF, 0xF0, 0xB4, 0x69, 0x00, 0x00,
    0x00, 0xA7, 0xFF, 0x99, 0x00, 0x00, 0x00, 0x00, 0x00, 0xDE, 0xFF, 0x57, 0x00, 0x00, 0x00, 0x00,
    0x00, 0xFF, 0xFF, 0x15, 0x00, 0x00, 0x00, 0x00, 0x10, 0xFF, 0xFF, 0x00, 0x00, 0x00, 0x00, 0x00,
    0x51, 0xFF, 0xE3, 0x00, 0x00, 0x00, 0x42, 0xAE, 0xCD, 0xFF, 0xF5, 0xAE, 0x4F, 0x00, 0xBE, 0xFF,
    0xFF, 0xFF, 0xFF, 0xFF, 0x84, 0x00, 0x00, 0x00, 0xB4, 0xFF, 0xFF, 0xFF, 0xFF, 0xBB, 0x00, 0x00,
    0x8E, 0xC8, 0xC8, 0xFF, 0xFF, 0x7B, 0x00, 0x00, 0x00, 0x00, 0x00, 0xF3, 0xFF, 0x39, 0x00, 0x00,
    0x00, 0x00, 0x00, 0xFF, 0xFF, 0x03, 0x00, 0x00, 0x00, 0x00, 0x2A, 0xFF, 0xFF, 0x00, 0x00, 0x00,
    0x00, 0x00, 0x6D, 0xFF, 0xCA, 0x00, 0x84, 0xEC, 0x63, 0x00, 0xA3, 0xFF, 0xA2, 0x00, 0x8B, 0xFF,
    0xFF, 0xCE, 0xFF, 0xFF, 0x24, 0x00, 0x01, 0xAC, 0xFF, 0xFF, 0xF3, 0x57, 0x00, 0x00, 0x31, 0xCB,
    0xE4, 0x0E, 0x35, 0xFF, 0xCF, 0x66, 0x55, 0xDF, 0xBA, 0x16, 0xFC, 0xEC, 0x6A, 0x00, 0x65, 0xE8,
    0xA2, 0xCA, 0xFA, 0x91, 0x00, 0x00, 0x83, 0xF8, 0xDF, 0xFD, 0xD4, 0x02, 0x00, 0x00, 0x8F, 0xFF,
    0xFF, 0xFF, 0xB2, 0x00, 0x00, 0x00, 0x9A, 0xFF, 0xDA, 0xFC, 0xEF, 0x03, 0x00, 0x00, 0xB7, 0xF5,
    0x2E, 0xEA, 0xF6, 0x5D, 0x00, 0x00, 0xD3, 0xC2, 0x1F, 0x8F, 0xFD, 0xB7, 0x00, 0x00, 0xDF, 0xAF,
    0x1A, 0x14, 0xFF, 0xD8, 0x1F, 0x00, 0x00, 0x00, 0xFF, 0xFF, 0x09, 0x00, 0x00, 0x00, 0x1E, 0xFF,
    0xFF, 0x00, 0x00, 0x00, 0x00, 0x60, 0xFF, 0xD5, 0x00, 0x00, 0x00, 0x00, 0xA0, 0xFF, 0xBE, 0x00,
    0x00, 0x00, 0x00, 0xBB, 0xFF, 0x7E, 0x00, 0x00, 0x00, 0x00, 0xF1, 0xFF, 0x3D, 0x00, 0x00, 0x00,
    0x00, 0xFF, 0xFF, 0x06, 0x00, 0x00, 0x00, 0x22, 0xFF, 0xFF, 0xC8, 0xC8, 0xC8, 0xAB, 0x63, 0xFF,
    0xFF, 0xFF, 0xFF, 0xFF, 0xBC, 0x00, 0x0C, 0xD9, 0xFC, 0x0E, 0xAF, 0xFF, 0x3D, 0x00, 0x0F, 0xF8,
    0xFF, 0x2F, 0xF3, 0xFF, 0x06, 0x00, 0x10, 0xFF, 0xFF, 0xB3, 0xFF, 0xFF, 0x00, 0x00, 0x33, 0xDF,
    0xF1, 0xF5, 0xE7, 0xD5, 0x00, 0x00, 0x70, 0xCF, 0xEA, 0xE2, 0xBB, 0xBF, 0x00, 0x00, 0xAD, 0xB6,
    0xBA, 0xA3, 0xC7, 0x83, 0x00, 0x00, 0xC5, 0x9A, 0x7A, 0x32, 0xD6, 0x46, 0x00, 0x00, 0xF8, 0x8F,
    0x00, 0x29, 0xEE, 0x14, 0x00, 0x00, 0xFE, 0x82, 0x00, 0x30, 0xFF, 0x10, 0x00, 0x00, 0x7B, 0xFF,
    0xFF, 0x3F, 0x00, 0xFF, 0xFF, 0x00, 0xBA, 0xFF, 0xFF, 0x84, 0x03, 0xFF, 0xDF, 0x00, 0xD0, 0xFF,
    0xFF, 0xA7, 0x39, 0xFF, 0xAA, 0x00, 0xFF, 0xFF, 0xFF, 0xDF, 0x79, 0xFF, 0x8D, 0x04, 0xFF, 0xE1,
    0xD5, 0xFF, 0xBB, 0xFF, 0x4C, 0x3A, 0xFF, 0xAB, 0xBB, 0xFF, 0xE7, 0xFF, 0x0F, 0x7B, 0xFF, 0x8B,
    0x76, 0xFF, 0xFF, 0xFF, 0x00, 0xBA, 0xFF, 0x49, 0x31, 0xFF, 0xFF, 0xDF, 0x00, 0xD0, 0xFF, 0x0C,
    0x01, 0xFF, 0xFF, 0xAB, 0x00, 0x00, 0x00, 0x88, 0xFF, 0xFF, 0xFF, 0x9C, 0x00, 0x00, 0x8E, 0xFF,
    0xFF, 0xCD, 0xFF, 0xFF, 0x6A, 0x03, 0xFF, 0xFF, 0x46, 0x00, 0x85, 0xFF, 0xBE, 0x61, 0xFF, 0xFF,
    0x00, 0x00, 0x79, 0xFF, 0xD5, 0x9D, 0xFF, 0xCB, 0x00, 0x00, 0xB5, 0xFF, 0xB5, 0xA0, 0xFF, 0xBB,
    0x00, 0x00, 0xD8, 0xFF, 0xA3, 0xA8, 0xFF, 0xA3, 0x00, 0x1B, 0xFF, 0xFF, 0x2D, 0x39, 0xFF, 0xFF,
    0xCB, 0xFF, 0xFF, 0xA8, 0x00, 0x00, 0x78, 0xFF, 0xFF, 0xFF, 0xB2, 0x01, 0x00, 0x00, 0x1F, 0xFF,
    0xFF, 0xFF, 0xFF, 0xDC, 0x1B, 0x00, 0x61, 0xFF, 0xFF, 0xBA, 0xFF, 0xFF, 0xB1, 0x00, 0xA2, 0xFF,
    0xBE, 0x00, 0x72, 0xFF, 0xDF, 0x00, 0xBC, 0xFF, 0x76, 0x0C, 0xC5, 0xFF, 0xA8, 0x00, 0xF2, 0xFF,
    0xFF, 0xFF, 0xFF, 0xFF, 0x1F, 0x00, 0xFF, 0xFF, 0xBE, 0xB6, 0x9F, 0x15, 0x00, 0x24, 0xFF, 0xFF,
    0x00, 0x00, 0x00, 0x00, 0x00, 0x64, 0xFF, 0xD0, 0x00, 0x00, 0x00, 0x00, 0x00, 0xA5, 0xFF, 0xBB,
    0x00, 0x00, 0x00, 0x00, 0x00, 0x00, 0x00, 0x7B, 0xFF, 0xFF, 0xFF, 0x8E, 0x00, 0x00, 0x7E, 0xFF,
    0xFF, 0xCE, 0xFF, 0xFF, 0x5B, 0x04, 0xFF, 0xFF, 0x52, 0x00, 0x8B, 0xFF, 0xB9, 0x58, 0xFF, 0xFF,
    0x00, 0x00, 0x73, 0xFF, 0xD7, 0x93, 0xFF, 0xD8, 0x00, 0x00, 0xA6, 0xFF, 0xC0, 0xB8, 0xFF, 0xA8,
    0x00, 0x00, 0xC1, 0xFF, 0xB5, 0xB7, 0xFF, 0xB1, 0x00, 0x00, 0xFF, 0xFF, 0x45, 0x6D, 0xFF, 0xF1,
    0x36, 0xAE, 0xFF, 0xED, 0x00, 0x03, 0xE8, 0xFF, 0xFF, 0xFF, 0xFF, 0x2D, 0x00, 0x00, 0x04, 0x75,
    0xFF, 0xFF, 0x12, 0x88, 0x12, 0x00, 0x00, 0x00, 0xB8, 0xFF, 0xED, 0xFF, 0x8A, 0x00, 0x00, 0x00,
    0x06, 0xD5, 0xFF, 0xAE, 0x00, 0x00, 0x2D, 0xFF, 0xFF, 0xFF, 0xFF, 0xD9, 0x18, 0x00, 0x6D, 0xFF,
    0xFF, 0xBC, 0xFF, 0xFF, 0xA7, 0x00, 0xAE, 0xFF, 0xA9, 0x00, 0x78, 0xFF, 0xD8, 0x00, 0xC6, 0xFF,
    0x64, 0x0C, 0xC4, 0xFF, 0xBE, 0x00, 0xFC, 0xFF, 0xFF, 0xFF, 0xFF, 0xFF, 0x19, 0x01, 0xFF, 0xFF,
    0xC4, 0xFF, 0xE7, 0x06, 0x00, 0x30, 0xFF, 0xF3, 0x07, 0xFF, 0xFF, 0x06, 0x00, 0x70, 0xFF, 0xC0,
    0x00, 0xD7, 0xFF, 0x69, 0x00, 0xB1, 0xFF, 0xA8, 0x00, 0x91, 0xFF, 0xC3, 0x00, 0x00, 0x00, 0x8D,
    0xFF, 0xFF, 0xFF, 0xCA, 0x25, 0x00, 0x7E, 0xFF, 0xFF, 0xCA, 0xFD, 0xFF, 0x9A, 0x00, 0xCF, 0xFF,
    0x85, 0x00, 0x00, 0x4B, 0x00, 0x00, 0xB9, 0xFF, 0xF5, 0x7E, 0x1B, 0x00, 0x00, 0x00, 0x24, 0xE2,
    0xFF, 0xFF, 0xFF, 0xA9, 0x00, 0x00, 0x00, 0x00, 0x10, 0x81, 0xFF, 0xFF, 0x0C, 0x09, 0x87, 0x03,
    0x00, 0x0F, 0xFF, 0xFF, 0x0C, 0xBB, 0xFF, 0xFF, 0xD0, 0xFF, 0xFF, 0xCF, 0x00, 0x27, 0xC5, 0xFF,
    0xFF, 0xFF, 0xA7, 0x10, 0x00, 0xFF, 0xFF, 0xFF, 0xFF, 0xFF, 0xDD, 0x87, 0xC3, 0xEA, 0xFE, 0xFF,
    0xC8, 0x9E, 0x34, 0x00, 0x77, 0xF2, 0x97, 0x00, 0x00, 0x00, 0x00, 0x9F, 0xFA, 0x57, 0x00, 0x00,
    0x00, 0x00, 0xB6, 0xFF, 0x16, 0x00, 0x00, 0x00, 0x09, 0xBA, 0xFF, 0x00, 0x00, 0x00, 0x00, 0x2D,
    0xCC, 0xEA, 0x00, 0x00, 0x00, 0x00, 0x51, 0xDF, 0xBA, 0x00, 0x00, 0x00, 0x00, 0x62, 0xE7, 0xA1,
    0x00, 0x00, 0x00, 0x00, 0x00, 0xA5, 0xFF, 0xBB, 0x00, 0x01, 0xFF, 0xFF, 0x00, 0xBF, 0xFF, 0x79,
    0x00, 0x34, 0xFF, 0xF7, 0x00, 0xF5, 0xFF, 0x36, 0x00, 0x78, 0xFF, 0xC0, 0x00, 0xFF, 0xFF, 0x03,
    0x00, 0xBA, 0xFF, 0xA6, 0x28, 0xFF, 0xFF, 0x00, 0x00, 0xD3, 0xFF, 0x64, 0x66, 0xFF, 0xC8, 0x00,
    0x00, 0xFF, 0xFF, 0x1F, 0x82, 0xFF, 0xB6, 0x00, 0x2A, 0xFF, 0xFF, 0x00, 0x4B, 0xFF, 0xFF, 0xC9,
    0xFF, 0xFF, 0xA8, 0x00, 0x00, 0xAF, 0xFF, 0xFF, 0xFF, 0xA2, 0x06, 0x00, 0xFF, 0x7C, 0x0A, 0x00,
    0xE8, 0xDF, 0x90, 0xF9, 0x90, 0x0E, 0x2D, 0xFF, 0xB9, 0x0A, 0xEB, 0xA3, 0x12, 0xA0, 0xF2, 0x76,
    0x00, 0xDE, 0xB6, 0x18, 0xFF, 0xE0, 0x1D, 0x00, 0xDE, 0xC8, 0x77, 0xFF, 0xB2, 0x00, 0x00, 0xCE,
    0xBF, 0xD1, 0xFF, 0x49, 0x00, 0x00, 0xBE, 0xDC, 0xF8, 0xFD, 0x00, 0x00, 0x00, 0xAE, 0xFF, 0xFF,
    0x8B, 0x00, 0x00, 0x00, 0x9F, 0xFF, 0xFF, 0x09, 0x00, 0x00, 0x00, 0x8F, 0xE7, 0x29, 0x00, 0x02,
    0x4D, 0xE9, 0xB7, 0x9B, 0xCE, 0x22, 0x00, 0x08, 0x92, 0xCD, 0x5E, 0xAD, 0xC8, 0xB9, 0xFB, 0x9E,
    0xBC, 0xB4, 0x0F, 0xBF, 0xA9, 0xE8, 0xFF, 0x9F, 0xF5, 0xAD, 0x00, 0xD1, 0xAB, 0xE8, 0xFF, 0xA0,
    0xF1, 0x7A, 0x00, 0xD5, 0xC8, 0xD4, 0xFD, 0xBA, 0xE7, 0x57, 0x00, 0xE4, 0xF8, 0xA3, 0xF8, 0xF3,
    0xD7, 0x1B, 0x00, 0xF3, 0xFF, 0x47, 0xF1, 0xFF, 0xCF, 0x00, 0x00, 0xFF, 0xF5, 0x2D, 0xEF, 0xFC,
    0xA7, 0x00, 0x00, 0x00, 0x0C, 0xD9, 0xBF, 0x06, 0x9E, 0xFF, 0x37, 0x00, 0x05, 0x9A, 0xFF, 0x2B,
    0xF1, 0x9E, 0x00, 0x00, 0x00, 0x70, 0xFF, 0xBE, 0xEC, 0x0E, 0x00, 0x00, 0x00, 0x47, 0xEE, 0xFF,
    0x81, 0x02, 0x00, 0x00, 0x00, 0x2D, 0xE3, 0xF3, 0x53, 0x00, 0x00, 0x00, 0x01, 0x7A, 0xFF, 0xFF,
    0x70, 0x00, 0x00, 0x00, 0x0D, 0xE2, 0xA6, 0xFF, 0x99, 0x05, 0x00, 0x00, 0x8D, 0xF6, 0x2D, 0xB7,
    0xD7, 0x0B, 0x00, 0x20, 0xFF, 0xA1, 0x08, 0x66, 0xFF, 0x1B, 0x00, 0xFF, 0x83, 0x0C, 0x03, 0xF9,
    0xDD, 0x87, 0xE3, 0xC2, 0x18, 0xA2, 0xFA, 0x9E, 0x00, 0xAD, 0xFF, 0x43, 0xFF, 0xE0, 0x1A, 0x00,
    0x92, 0xFF, 0xE4, 0xFF, 0x77, 0x00, 0x00, 0x5E, 0xE5, 0xFF, 0xDF, 0x00, 0x00, 0x00, 0x2A, 0xCB,
    0xFF, 0x27, 0x00, 0x00, 0x00, 0x2A, 0xCB, 0xEA, 0x00, 0x00, 0x00, 0x00, 0x4F, 0xDE, 0xBD, 0x00,
    0x00, 0x00, 0x00, 0x60, 0xE6, 0xA6, 0x00, 0x00, 0x00, 0x00, 0x00, 0x85, 0xFF, 0xFF, 0xFF, 0xFF,
    0xFF, 0xFF, 0x00, 0x72, 0xC8, 0xC8, 0xC8, 0xFF, 0xFF, 0xD7, 0x00, 0x00, 0x00, 0x00, 0x87, 0xFF,
    0xFF, 0x21, 0x00, 0x00, 0x00, 0x60, 0xFF, 0xFF, 0x39, 0x00, 0x00, 0x00, 0x40, 0xFF, 0xFF, 0x57,
    0x00, 0x00, 0x00, 0x27, 0xFF, 0xFF, 0x7B, 0x00, 0x00, 0x00, 0x13, 0xFF, 0xFF, 0xA3, 0x00, 0x00,
    0x00, 0x00, 0xBE, 0xFF, 0xFF, 0xC8, 0xC8, 0xC8, 0xBE, 0x00, 0xFF, 0xFF, 0xFF, 0xFF, 0xFF, 0xFF,
    0xD5, 0x00, 0x00, 0x00, 0xBF, 0xFF, 0xFF, 0xFF, 0xB2, 0x00, 0x00, 0xF1, 0xFF, 0x72, 0x72, 0x33,
    0x00, 0x00, 0xFF, 0xC1, 0x00, 0x00, 0x00, 0x00, 0x1C, 0xFF, 0xAC, 0x00, 0x00, 0x00, 0x00, 0x5A,
    0xFF, 0x70, 0x00, 0x00, 0x00, 0x00, 0x97, 0xFF, 0x34, 0x00, 0x00, 0x00, 0x00, 0xB1, 0xFF, 0x03,
    0x00, 0x00, 0x00, 0x00, 0xE4, 0xFF, 0x00, 0x00, 0x00, 0x00, 0x00, 0xFF, 0xD4, 0x00, 0x00, 0x00,
    0x00, 0x0F, 0xFF, 0xA2, 0x00, 0x00, 0x00, 0x00, 0x49, 0xFF, 0x93, 0x12, 0x0F, 0x00, 0x00, 0x87,
    0xFF, 0xFF, 0xFF, 0xFF, 0x00, 0x00, 0x28, 0x5A, 0x5A, 0x5A, 0x3F, 0x00, 0x00, 0xFF, 0xE8, 0x00,
    0x00, 0xCA, 0xFF, 0x00, 0x00, 0xAC, 0xFF, 0x24, 0x00, 0x66, 0xFF, 0x6A, 0x00, 0x1F, 0xFF, 0xB1,
    0x00, 0x00, 0xFF, 0xCE, 0x00, 0x00, 0xE4, 0xFF, 0x00, 0x00, 0xAA, 0xFF, 0x0C, 0x00, 0x85, 0xFF,
    0x4B, 0x00, 0x3F, 0xFF, 0x91, 0x00, 0x04, 0xFF, 0xB4, 0x00, 0x00, 0xFF, 0xF0, 0x00, 0x00, 0xEB,
    0xFF, 0xFF, 0xFF, 0xA6, 0x00, 0x00, 0x60, 0x72, 0xA0, 0xFF, 0x69, 0x00, 0x00, 0x00, 0x00, 0xA3,
    0xFF, 0x2B, 0x00, 0x00, 0x00, 0x00, 0xBA, 0xFF, 0x01, 0x00, 0x00, 0x00, 0x00, 0xEC, 0xFD, 0x00,
    0x00, 0x00, 0x00, 0x00, 0xFF, 0xCA, 0x00, 0x00, 0x00, 0x00, 0x15, 0xFF, 0xB5, 0x00, 0x00, 0x00,
    0x00, 0x51, 0xFF, 0x79, 0x00, 0x00, 0x00, 0x00, 0x8D, 0xFF, 0x3C, 0x00, 0x00, 0x00, 0x00, 0xA7,
    0xFF, 0x06, 0x00, 0x06, 0x12, 0x12, 0xDC, 0xFF, 0x00, 0x00, 0xB7, 0xFF, 0xFF, 0xFF, 0xD8, 0x00,
    0x00, 0x33, 0x5A, 0x5A, 0x5A, 0x33, 0x00, 0x00, 0x00, 0x00, 0x00, 0x9D, 0xFF, 0xEC, 0x00, 0x00,
    0x00, 0x00, 0x2E, 0xFF, 0xFF, 0xFF, 0x51, 0x00, 0x00, 0x00, 0xE3, 0xFF, 0x9A, 0xFF, 0xAD, 0x00,
    0x00, 0x85, 0xFF, 0xA2, 0x01, 0xFF, 0xFF, 0x00, 0x19, 0xFF, 0xFF, 0x0A, 0x00, 0xB4, 0xFF, 0x4F,
    0x61, 0xFF, 0x63, 0x00, 0x00, 0x55, 0xFF, 0x5D, 0x00, 0x06, 0x00, 0x00, 0x00, 0x00, 0x00, 0x00,
    0x00, 0x77, 0xB7, 0xB9, 0xB9, 0xB9, 0x8F, 0x33, 0x0F, 0xB8, 0xFF, 0xFF, 0xFF, 0xFF, 0xBB, 0x25,
    0x15, 0xB2, 0x13, 0x9A, 0xFF, 0x96, 0x01, 0xF5, 0xF5, 0x00, 0x30, 0x2E, 0x00, 0x39, 0xF6, 0xFF,
    0xCF, 0xC1, 0xFF, 0x6F, 0x00, 0xFF, 0xFF, 0xD4, 0xBE, 0xFF, 0xFF, 0x30, 0x5B, 0xFF, 0xF3, 0x00,
    0x00, 0xFF, 0xFF, 0x01, 0x9A, 0xFF, 0xA3, 0x00, 0x28, 0xFF, 0xFF, 0x00, 0xB7, 0xFF, 0xB2, 0x00,
    0xA0, 0xFF, 0xCA, 0x00, 0x90, 0xFF, 0xFF, 0xD7, 0xFC, 0xFF, 0xFD, 0x1C, 0x15, 0xF1, 0xFF, 0xBC,
    0x48, 0xFF, 0xFF, 0x09, 0x00, 0x4F, 0xFF, 0xDA, 0x00, 0x00, 0x00, 0x00, 0x00, 0x8D, 0xFF, 0xAA,
    0x00, 0x00, 0x00, 0x00, 0x00, 0xA8, 0xFF, 0x91, 0x00, 0x00, 0x00, 0x00, 0x00, 0xDC, 0xFF, 0x82,
    0xF6, 0xFF, 0xB2, 0x00, 0x00, 0xFF, 0xFF, 0xE3, 0xB2, 0xFF, 0xFF, 0x36, 0x09, 0xFF, 0xFF, 0x36,
    0x00, 0xD8, 0xFF, 0x6A, 0x42, 0xFF, 0xEC, 0x00, 0x00, 0xE7, 0xFF, 0x49, 0x7F, 0xFF, 0xBC, 0x00,
    0x10, 0xFF, 0xFF, 0x12, 0xBD, 0xFF, 0xFF, 0xAB, 0xFA, 0xFF, 0xB7, 0x00, 0xD0, 0xFF, 0x8E, 0xFF,
    0xFF, 0xCB, 0x10, 0x00, 0x00, 0x00, 0x93, 0xFF, 0xFF, 0xFF, 0x64, 0x00, 0x00, 0xA0, 0xFF, 0xFF,
    0xBE, 0xFF, 0xFF, 0x01, 0x07, 0xFF, 0xFF, 0x16, 0x00, 0x52, 0x12, 0x00, 0x3F, 0xFF, 0xF5, 0x00,
    0x00, 0x00, 0x00, 0x00, 0x51, 0xFF, 0xE4, 0x00, 0x01, 0xBF, 0xA9, 0x00, 0x12, 0xFF, 0xFF, 0xC6,
    0xED, 0xFF, 0x9A, 0x00, 0x00, 0x63, 0xFF, 0xFF, 0xFF, 0x94, 0x00, 0x00, 0x00, 0x00, 0x00, 0x00,
    0x00, 0x01, 0xFF, 0xFF, 0x00, 0x00, 0x00, 0x00, 0x00, 0x30, 0xFF, 0xF6, 0x00, 0x00, 0x00, 0x00,
    0x00, 0x6A, 0xFF, 0xC3, 0x00, 0x31, 0xEE, 0xFF, 0xEB, 0xB2, 0xFF, 0xAC, 0x00, 0xFC, 0xFF, 0xDE,
    0xB4, 0xFF, 0xFF, 0x6F, 0x52, 0xFF, 0xFA, 0x00, 0x00, 0xFF, 0xFF, 0x30, 0x96, 0xFF, 0xA5, 0x00,
    0x03, 0xFF, 0xFF, 0x01, 0xB5, 0xFF, 0xB4, 0x00, 0x7C, 0xFF, 0xFF, 0x00, 0x84, 0xFF, 0xFF, 0xB6,
    0xFF, 0xFF, 0xCE, 0x00, 0x0C, 0xE4, 0xFF, 0xFC, 0xBB, 0xFF, 0xBA, 0x00, 0x00, 0x00, 0x7E, 0xFF,
    0xFF, 0xFF, 0x97, 0x00, 0x00, 0x97, 0xFF, 0xE3, 0x9D, 0xFF, 0xFF, 0x1B, 0x0C, 0xFF, 0xFF, 0x0A,
    0x3F, 0xFF, 0xFF, 0x0C, 0x51, 0xFF, 0xFF, 0xFF, 0xFF, 0xEE, 0x58, 0x00, 0x51, 0xFF, 0xDE, 0x27,
    0x06, 0x79, 0x3F, 0x00, 0x10, 0xFF, 0xFF, 0xB0, 0xC3, 0xFF, 0xC4, 0x00, 0x00, 0x61, 0xFF, 0xFF,
    0xFF, 0xA2, 0x06, 0x00, 0x00, 0x00, 0x00, 0x00, 0x96, 0xFF, 0xFF, 0x99, 0x00, 0x00, 0x00, 0x0B,
    0xFF, 0xCA, 0xA0, 0x34, 0x00, 0x00, 0x00, 0x48, 0xF7, 0x5D, 0x00, 0x00, 0x00, 0x0A, 0xCB, 0xFF,
    0xFF, 0xFF, 0xFF, 0x00, 0x00, 0x08, 0x8E, 0xEE, 0xF6, 0xB8, 0x9F, 0x00, 0x00, 0x00, 0x00, 0xBB,
    0xDC, 0x1D, 0x00, 0x00, 0x00, 0x00, 0x00, 0xCF, 0xD1, 0x04, 0x00, 0x00, 0x00, 0x00, 0x06, 0xD2,
    0xCF, 0x00, 0x00, 0x00, 0x00, 0x00, 0x1F, 0xDC, 0xB7, 0x00, 0x00, 0x00, 0x00, 0x45, 0x40, 0xE8,
    0x8D, 0x00, 0x00, 0x00, 0x34, 0xFB, 0xBA, 0xF3, 0x77, 0x00, 0x00, 0x00, 0x01, 0xEF, 0xFF, 0xFF,
    0x2C, 0x00, 0x00, 0x00, 0x00, 0x2F, 0xF9, 0xC8, 0x00, 0x00, 0x00, 0x00, 0x00, 0x2D, 0xEB, 0xFF,
    0xEE, 0xAE, 0xFF, 0xB2, 0x00, 0xF6, 0xFF, 0xE8, 0xB4, 0xFF, 0xFF, 0x76, 0x4C, 0xFF, 0xFF, 0x03,
    0x00, 0xF1, 0xFF, 0x3A, 0x90, 0xFF, 0xB6, 0x00, 0x00, 0xFF, 0xFF, 0x06, 0xA8, 0xFF, 0xAB, 0x00,
    0x6F, 0xFF, 0xFF, 0x00, 0x6F, 0xFF, 0xFF, 0xBA, 0xF5, 0xFF, 0xDA, 0x00, 0x04, 0xCF, 0xFF, 0xE9,
    0xA3, 0xFF, 0xA3, 0x00, 0x00, 0x18, 0x00, 0x00, 0xD0, 0xFF, 0x5D, 0x00, 0x94, 0xFF, 0xB5, 0xCB,
    0xFF, 0xF5, 0x03, 0x00, 0x73, 0xFF, 0xFF, 0xFF, 0xC9, 0x21, 0x00, 0x00, 0x00, 0x3D, 0xFF, 0xEE,
    0x00, 0x00, 0x00, 0x00, 0x00, 0x79, 0xFF, 0xBC, 0x00, 0x00, 0x00, 0x00, 0x00, 0xB7, 0xFF, 0xA6,
    0x00, 0x00, 0x00, 0x00, 0x00, 0xCB, 0xFF, 0x91, 0xF8, 0xFF, 0xAC, 0x00, 0x00, 0xFF, 0xFF, 0xE4,
    0xB0, 0xFF, 0xFF, 0x1F, 0x00, 0xFF, 0xFF, 0x4B, 0x00, 0xF8, 0xFF, 0x2D, 0x2B, 0xFF, 0xFF, 0x00,
    0x00, 0xFF, 0xFF, 0x04, 0x69, 0xFF, 0xCA, 0x00, 0x19, 0xFF, 0xFF, 0x00, 0xA6, 0xFF, 0xB2, 0x00,
    0x57, 0xFF, 0xD4, 0x00, 0xBE, 0xFF, 0x73, 0x00, 0x94, 0xFF, 0xA0, 0x00, 0x00, 0x00, 0x00, 0x03,
    0x46, 0x10, 0x00, 0x00, 0x00, 0x00, 0x00, 0xBB, 0xFF, 0xC1, 0x00, 0x00, 0x00, 0x00, 0x00, 0xB7,
    0xFF, 0x94, 0x00, 0x00, 0x00, 0x00, 0x00, 0x00, 0x00, 0x00, 0x00, 0x00, 0x00, 0xFF, 0xFF, 0xFF,
    0xFF, 0x06, 0x00, 0x00, 0x0D, 0xA5, 0xBA, 0xFF, 0xFF, 0x00, 0x00, 0x00, 0x00, 0x00, 0x69, 0xFF,
    0xC4, 0x00, 0x00, 0x00, 0x00, 0x00, 0xAF, 0xFF, 0xA5, 0x0C, 0x2E, 0x00, 0x00, 0x00, 0xCA, 0xFF,
    0x67, 0xE3, 0xFF, 0x09, 0x00, 0x00, 0xE1, 0xFF, 0xFD, 0xFF, 0x85, 0x00, 0x00, 0x00, 0x7E, 0xFF,
    0xFF, 0x7B, 0x00, 0x00, 0x00, 0x00, 0x00, 0x00, 0x01, 0x43, 0x16, 0x00, 0x00, 0x00, 0x00, 0x9C,
    0xFF, 0xDA, 0x00, 0x00, 0x00, 0x00, 0x9A, 0xFF, 0xB2, 0x00, 0x00, 0x00, 0x00, 0x00, 0x00, 0x00,
    0x00, 0x57, 0xFF, 0xFF, 0xFF, 0xFF, 0x34, 0x00, 0x45, 0xA5, 0xA5, 0xFF, 0xFF, 0x03, 0x00, 0x00,
    0x00, 0x24, 0xFF, 0xFF, 0x00, 0x00, 0x00, 0x00, 0x60, 0xFF, 0xD3, 0x00, 0x00, 0x00, 0x00, 0x9C,
    0xFF, 0xA1, 0x00, 0x00, 0x00, 0x00, 0xB4, 0xFF, 0x84, 0x00, 0x2B, 0x85, 0x00, 0xE6, 0xFF, 0x48,
    0x00, 0xEC, 0xFF, 0x46, 0xFF, 0xFF, 0x0D, 0x00, 0x51, 0xFF, 0xFF, 0xFF, 0xF5, 0x00, 0x00, 0x00,
    0x94, 0xFF, 0xFF, 0x51, 0x00, 0x00, 0x00, 0x43, 0xFF, 0xE9, 0x00, 0x00, 0x00, 0x00, 0x00, 0x7F,
    0xFF, 0xB7, 0x00, 0x00, 0x00, 0x00, 0x00, 0xBD, 0xFF, 0xA0, 0x00, 0x00, 0x00, 0x00, 0x00, 0xD0,
    0xFF, 0x85, 0xED, 0xFF, 0xD0, 0x03, 0x00, 0xFF, 0xFF, 0xD7, 0xA3, 0xFF, 0xFF, 0x3A, 0x03, 0xFF,
    0xFF, 0x3A, 0x01, 0xFF, 0xFF, 0x0F, 0x31, 0xFF, 0xFF, 0x67, 0xE6, 0xFC, 0x4E, 0x00, 0x6F, 0xFF,
    0xC5, 0xFF, 0xFF, 0x27, 0x69, 0x0C, 0xAC, 0xFF, 0xAC, 0xBB, 0xFF, 0xF3, 0xFF, 0x88, 0xC3, 0xFF,
    0x6D, 0x13, 0xFF, 0xFF, 0xA0, 0x00, 0xE3, 0xFF, 0xFF, 0xFF, 0x42, 0x00, 0x9F, 0xA0, 0xFF, 0xFF,
    0x07, 0x00, 0x00, 0x1C, 0xFF, 0xFF, 0x00, 0x00, 0x00, 0x63, 0xFF, 0xCB, 0x00, 0x00, 0x00, 0xA8,
    0xFF, 0xAF, 0x00, 0x00, 0x00, 0xC6, 0xFF, 0x6A, 0x00, 0x00, 0x00, 0xFF, 0xFF, 0x25, 0x39, 0x07,
    0x04, 0xFF, 0xFF, 0x43, 0xFF, 0xAF, 0x12, 0xFF, 0xFF, 0xFF, 0xFF, 0x22, 0x00, 0xCA, 0xFF, 0xEB,
    0x2B, 0x00, 0x00, 0x26, 0xF7, 0xD5, 0xE7, 0xAC, 0xF5, 0xAB, 0x00, 0x5C, 0xF7, 0xD4, 0xFE, 0xB1,
    0xFA, 0xD8, 0x00, 0x91, 0xE4, 0x6E, 0xF5, 0x23, 0xF6, 0xB6, 0x00, 0xA6, 0xDF, 0x60, 0xE4, 0x4A,
    0xF3, 0x9D, 0x00, 0xD3, 0xD9, 0x68, 0xC4, 0x79, 0xEB, 0x5E, 0x00, 0xDF, 0xB4, 0x8D, 0xB2, 0xAB,
    0xE3, 0x21, 0x12, 0xE3, 0xA9, 0xB2, 0x8D, 0xB6, 0xDF, 0x00, 0x00, 0xCE, 0xFF, 0x96, 0xFF, 0xFF,
    0xAC, 0x00, 0x00, 0xFF, 0xFF, 0xDC, 0x99, 0xFF, 0xFF, 0x1F, 0x01, 0xFF, 0xFF, 0x34, 0x00, 0xFA,
    0xFF, 0x2D, 0x2D, 0xFF, 0xFD, 0x00, 0x00, 0xFF, 0xFF, 0x04, 0x6A, 0xFF, 0xC6, 0x00, 0x1E, 0xFF,
    0xFF, 0x00, 0xA6, 0xFF, 0xB1, 0x00, 0x5B, 0xFF, 0xD4, 0x00, 0xBE, 0xFF, 0x72, 0x00, 0x96, 0xFF,
    0xA0, 0x00, 0x00, 0x0A, 0xAC, 0xFF, 0xFF, 0xF6, 0x4B, 0x00, 0x00, 0xC1, 0xFF, 0xD3, 0xA3, 0xFF,
    0xFF, 0x09, 0x3C, 0xFF, 0xFF, 0x00, 0x00, 0xD9, 0xFF, 0x42, 0x93, 0xFF, 0xB6, 0x00, 0x00, 0xF5,
    0xFF, 0x45, 0x90, 0xFF, 0xB5, 0x00, 0x12, 0xFF, 0xFF, 0x09, 0x34, 0xFF, 0xFF, 0xB8, 0xF3, 0xFF,
    0xA0, 0x00, 0x00, 0x7E, 0xFF, 0xFF, 0xFF, 0x8E, 0x00, 0x00, 0x00, 0x00, 0xE1, 0xD0, 0xCE, 0xFF,
    0x9C, 0x00, 0x00, 0x00, 0xFF, 0xEF, 0xB0, 0xF2, 0xE6, 0x36, 0x00, 0x06, 0xFF, 0xAD, 0x0E, 0xB9,
    0xEC, 0x6A, 0x00, 0x35, 0xFC, 0x90, 0x00, 0xCE, 0xE8, 0x49, 0x00, 0x6A, 0xF7, 0x76, 0x0C, 0xE2,
    0xE1, 0x12, 0x00, 0x9E, 0xFF, 0xE0, 0xDD, 0xFF, 0xA0, 0x00, 0x00, 0xB0, 0xF1, 0xB8, 0xFF, 0xD2,
    0x0E, 0x00, 0x00, 0xDC, 0xE3, 0x15, 0x00, 0x00, 0x00, 0x00, 0x00, 0xDF, 0xDF, 0x00, 0x00, 0x00,
    0x00, 0x00, 0x17, 0xE4, 0xDF, 0x00, 0x00, 0x00, 0x00, 0x00, 0x00, 0x31, 0xEE, 0xFF, 0xEB, 0xB8,
    0xFF, 0xAC, 0x00, 0xFC, 0xFF, 0xDE, 0xB4, 0xFF, 0xFF, 0x72, 0x52, 0xFF, 0xFA, 0x00, 0x00, 0xFF,
    0xFF, 0x36, 0x96, 0xFF, 0xA5, 0x00, 0x03, 0xFF, 0xFF, 0x04, 0xB5, 0xFF, 0xB4, 0x00, 0x7C, 0xFF,
    0xFF, 0x00, 0x84, 0xFF, 0xFF, 0xB6, 0xF8, 0xFF, 0xD8, 0x00, 0x0C, 0xE4, 0xFF, 0xD8, 0xAE, 0xFF,
    0xA7, 0x00, 0x00, 0x00, 0x00, 0x00, 0xB4, 0xFF, 0x8D, 0x00, 0x00, 0x00, 0x00, 0x00, 0xE2, 0xFF,
    0x52, 0x00, 0x00, 0x00, 0x00, 0x00, 0xFF, 0xFF, 0x16, 0x00, 0xC0, 0xFF, 0xFF, 0xFF, 0x5E, 0xFF,
    0xD4, 0x8E, 0xCE, 0xFF, 0xEE, 0xFF, 0xFF, 0xB4, 0x00, 0x96, 0xFF, 0xFF, 0x2D, 0x00, 0x00, 0x00,
    0xB0, 0xFF, 0x96, 0x00, 0x00, 0x00, 0x00, 0xE3, 0xFF, 0x46, 0x00, 0x00, 0x00, 0x00, 0xFF, 0xFF,
    0x0D, 0x00, 0x00, 0x00, 0x0D, 0xFF, 0xFF, 0x00, 0x00, 0x00, 0x00, 0x00, 0x0A, 0xB5, 0xFF, 0xFF,
    0xFF, 0xA3, 0x00, 0xA0, 0xFF, 0xCE, 0xA0, 0xE7, 0xBA, 0x00, 0xCF, 0xFF, 0xB6, 0x51, 0x04, 0x00,
    0x00, 0x58, 0xFF, 0xFF, 0xFF, 0xFF, 0x4C, 0x00, 0x0A, 0x04, 0x4C, 0xC0, 0xFF, 0xBB, 0x3A, 0xFF,
    0xBA, 0x9C, 0xDF, 0xFF, 0x97, 0x1B, 0xCB, 0xFF, 0xFF, 0xFF, 0xB4, 0x01, 0x00, 0x00, 0x00, 0xFA,
    0xFF, 0x04, 0x00, 0x00, 0x00, 0x00, 0x2E, 0xFF, 0xFA, 0x00, 0x00, 0x00, 0x0C, 0xFF, 0xFF, 0xFF,
    0xFF, 0xFF, 0xFF, 0x58, 0x1C, 0xA5, 0xF3, 0xFF, 0xE4, 0xA5, 0xA5, 0x16, 0x00, 0x00, 0xCA, 0xFF,
    0x6F, 0x00, 0x00, 0x00, 0x00, 0x00, 0xFF, 0xFF, 0x30, 0x03, 0x0D, 0x00, 0x00, 0x00, 0xFF, 0xFF,
    0x19, 0xE2, 0xDF, 0x00, 0x00, 0x03, 0xFF, 0xFF, 0xFF, 0xFF, 0x88, 0x00, 0x00, 0x00, 0xB4, 0xFF,
    0xFF, 0x52, 0x00, 0x00, 0x00, 0xE7, 0xFF, 0x45, 0x00, 0xA6, 0xFF, 0x93, 0x00, 0xFF, 0xFF, 0x0A,
    0x00, 0xDA, 0xFF, 0x55, 0x13, 0xFF, 0xFF, 0x00, 0x00, 0xFF, 0xFF, 0x18, 0x51, 0xFF, 0xDA, 0x00,
    0x0F, 0xFF, 0xFF, 0x00, 0x81, 0xFF, 0xB1, 0x00, 0x9C, 0xFF, 0xED, 0x00, 0x75, 0xFF, 0xFF, 0xB2,
    0xFF, 0xFF, 0xBA, 0x00, 0x0A, 0xE3, 0xFF, 0xE6, 0xA7, 0xFF, 0xA2, 0x00, 0x00, 0x00, 0x00, 0x00,
    0x00, 0x00, 0x0D, 0x00, 0x8D, 0xFF, 0xFF, 0xCD, 0x0D, 0xF3, 0xFF, 0x00, 0x60, 0xE4, 0xFF, 0xBB,
    0x00, 0xFF, 0xFF, 0x24, 0x00, 0xA7, 0xFF, 0x81, 0x00, 0xF2, 0xFF, 0x3A, 0x00, 0xD7, 0xFF, 0x46,
    0x07, 0xFF, 0xFF, 0x0C, 0x00, 0xFF, 0xFF, 0x0F, 0xAB, 0xFF, 0xAD, 0x00, 0x00, 0xFF, 0xFF, 0xBC,
    0xFF, 0xFF, 0x0D, 0x00, 0x00, 0xAE, 0xFF, 0xFF, 0xB1, 0x15, 0x00, 0x00, 0x00, 0x00, 0x00, 0x00,
    0x00, 0x00, 0x03, 0x03, 0x25, 0xFF, 0xA2, 0xAE, 0xFF, 0x37, 0xFF, 0x70, 0x64, 0xFF, 0x5E, 0xC0,
    0xFF, 0x0C, 0xFF, 0xB7, 0xA3, 0xFF, 0x19, 0xF1, 0xDC, 0x13, 0xFF, 0xBD, 0xBC, 0xFF, 0x00, 0xFF,
    0xA8, 0x49, 0xFF, 0x8E, 0xEC, 0xE6, 0x28, 0xFF, 0x90, 0xA0, 0xFF, 0x2B, 0xFF, 0xFF, 0xFB, 0xFF,
    0xF7, 0xFF, 0xC9, 0x00, 0xA6, 0xFF, 0xB4, 0xAF, 0xFF, 0xCE, 0x10, 0x00, 0x00, 0x00, 0x77, 0xFF,
    0x94, 0xA5, 0xF2, 0x96, 0x00, 0x67, 0xFB, 0xEA, 0xEB, 0xD2, 0xFF, 0xFF, 0x00, 0x09, 0x6D, 0x60,
    0xFF, 0x35, 0x91, 0x97, 0x00, 0x00, 0x01, 0x65, 0xFF, 0x20, 0x00, 0x00, 0x04, 0x9E, 0x67, 0x95,
    0xF6, 0x23, 0x7D, 0x03, 0x04, 0xE0, 0xF8, 0xEB, 0xF6, 0xFD, 0xE9, 0x4E, 0x00, 0xA4, 0xF4, 0x91,
    0xC9, 0xFB, 0x4D, 0x00, 0x00, 0xE6, 0xFF, 0x46, 0x00, 0xA6, 0xFF, 0x94, 0x00, 0xFF, 0xFF, 0x0D,
    0x00, 0xD8, 0xFF, 0x57, 0x0D, 0xFF, 0xFF, 0x00, 0x00, 0xFF, 0xFF, 0x1B, 0x45, 0xFF, 0xE4, 0x00,
    0x0D, 0xFF, 0xFF, 0x00, 0x78, 0xFF, 0xBF, 0x00, 0x96, 0xFF, 0xF0, 0x00, 0x63, 0xFF, 0xFF, 0xB2,
    0xFB, 0xFF, 0xBC, 0x00, 0x03, 0xD4, 0xFF, 0xDC, 0xA1, 0xFF, 0xA2, 0x00, 0x00, 0x1B, 0x00, 0x00,
    0xF5, 0xFF, 0x3C, 0x00, 0xBA, 0xFF, 0xB2, 0xD9, 0xFF, 0xDE, 0x00, 0x00, 0x8A, 0xFF, 0xFF, 0xFF,
    0xBB, 0x16, 0x00, 0x00, 0x00, 0x6C, 0xFF, 0xFF, 0xD3, 0x5E, 0xFF, 0xB2, 0x00, 0xFF, 0xFF, 0xB2,
    0xFF, 0xFF, 0xFF, 0x5D, 0x01, 0xBE, 0x4E, 0x2A, 0xFD, 0xFF, 0x69, 0x00, 0x00, 0x00, 0x58, 0xFF,
    0xFF, 0x39, 0x19, 0x00, 0x00, 0x9A, 0xFF, 0xE4, 0x16, 0xAE, 0xFF, 0x00, 0xA3, 0xFF, 0xFF, 0xFF,
    0xCF, 0xCE, 0xFF, 0x0C, 0xDA, 0xFF, 0x2E, 0xB9, 0xFF, 0xFF, 0xAA, 0x00, 0x00, 0x00, 0x21, 0xFF,
    0xFF, 0xFF, 0xC9, 0x00, 0x00, 0xA8, 0xFF, 0x82, 0x72, 0x3A, 0x00, 0x00, 0xA0, 0xFF, 0x16, 0x00,
    0x00, 0x00, 0x00, 0x2D, 0xFF, 0xA1, 0x00, 0x00, 0x0C, 0x19, 0x48, 0xFF, 0xC4, 0x00, 0x00, 0xBE,
    0xFF, 0xFF, 0xC1, 0x15, 0x00, 0x00, 0x42, 0x64, 0xC5, 0xFF, 0x3D, 0x00, 0x00, 0x00, 0x00, 0xAC,
    0xFF, 0x3C, 0x00, 0x00, 0x00, 0x3F, 0xFF, 0xBC, 0x00, 0x00, 0x00, 0x00, 0xCB, 0xFF, 0x0C, 0x00,
    0x00, 0x00, 0x00, 0xFF, 0xD9, 0x12, 0x10, 0x00, 0x00, 0x00, 0xFF, 0xFF, 0xFF, 0xFF, 0x00, 0x00,
    0x00, 0x13, 0x54, 0x5A, 0x46, 0x00, 0x00, 0x00, 0x00, 0xFF, 0xE8, 0x00, 0x12, 0xFF, 0xB5, 0x00,
    0x4F, 0xFF, 0x9A, 0x00, 0x8D, 0xFF, 0x5B, 0x00, 0xAA, 0xFF, 0x1E, 0x00, 0xDE, 0xFF, 0x00, 0x00,
    0xFF, 0xF0, 0x00, 0x0A, 0xFF, 0xBC, 0x00, 0x46, 0xFF, 0xA3, 0x00, 0x84, 0xFF, 0x64, 0x00, 0xA2,
    0xFF, 0x27, 0x00, 0xD5, 0xFF, 0x00, 0x00, 0x00, 0x00, 0xFF, 0xFF, 0xFF, 0xD8, 0x00, 0x00, 0x00,
    0x69, 0x72, 0xEB, 0xFF, 0x00, 0x00, 0x00, 0x00, 0x13, 0xFF, 0xC4, 0x00, 0x00, 0x00, 0x04, 0xF1,
    0xFD, 0x15, 0x00, 0x00, 0x00, 0x4B, 0xFF, 0xBA, 0x1B, 0x10, 0x00, 0x00, 0x01, 0xB4, 0xFF, 0xFF,
    0xD0, 0x00, 0x00, 0x97, 0xFF, 0xA8, 0x61, 0x34, 0x00, 0x00, 0xCD, 0xFF, 0x00, 0x00, 0x00, 0x00,
    0x00, 0x91, 0xFF, 0x6F, 0x00, 0x00, 0x00, 0x00, 0x0C, 0xFF, 0xAD, 0x00, 0x00, 0x07, 0x12, 0x1C,
    0xFF, 0xB7, 0x00, 0x00, 0xB4, 0xFF, 0xFF, 0xFF, 0x3C, 0x00, 0x00, 0x3C, 0x5A, 0x55, 0x1B, 0x00,
    0x00, 0x00, 0x00, 0x2D, 0xAA, 0x99, 0x03, 0x00, 0x73, 0x3C, 0x12, 0xFF, 0xFF, 0xFF, 0xAB, 0x15,
    0xFF, 0xA6, 0xA8, 0xFF, 0x43, 0xF8, 0xFF, 0xFF, 0xFF, 0x21, 0xA8, 0xB5, 0x00, 0x3F, 0xFF, 0xFF,
    0x76, 0x00, 0x00, 0x00, 0xD5, 0xFF, 0x8A, 0x00, 0x06, 0xFF, 0xFF, 0xA0, 0x00, 0x00, 0x78, 0x97,
    0x09, 0x00, 0x00, 0x0A, 0x04, 0x00, 0x00, 0x00, 0xD4, 0x63, 0x00, 0x00, 0x18, 0xFF, 0x75, 0x00,
    0x00, 0x9C, 0xFF, 0x87, 0x00, 0x00, 0xE8, 0xFF, 0x84, 0x00, 0x00, 0xFF, 0xFF, 0x49, 0x00, 0x16,
    0xFF, 0xFF, 0x0F, 0x00, 0x00, 0x00, 0x00, 0x00, 0xFF, 0xB2, 0x00, 0x00, 0x00, 0x00, 0x27, 0xBE,
    0xFF, 0xD8, 0x1F, 0x00, 0x00, 0x3D, 0xFF, 0xFF, 0xFF, 0xFF, 0xFF, 0x0C, 0x00, 0xED, 0xFF, 0xA6,
    0xFF, 0x7B, 0x9D, 0x0C, 0x24, 0xFF, 0xEE, 0xA0, 0xFF, 0x00, 0x00, 0x00, 0x55, 0xFF, 0xBC, 0xB9,
    0xCB, 0x0C, 0x00, 0x00, 0x3C, 0xFF, 0xEC, 0xED, 0xAA, 0xF2, 0xB7, 0x00, 0x00, 0xEC, 0xFF, 0xFF,
    0xFF, 0xFF, 0x4B, 0x00, 0x00, 0x0F, 0xA6, 0xFF, 0xBF, 0x30, 0x00, 0x00, 0x00, 0x00, 0x82, 0xFF,
    0x28, 0x00, 0x00, 0x00, 0x00, 0x00, 0x1E, 0xC0, 0xFF, 0xFF, 0xDC, 0x24, 0x00, 0x03, 0xF7, 0xFF,
    0xFF, 0xFF, 0xFF, 0xDC, 0x00, 0x4E, 0xFF, 0xF0, 0x00, 0x00, 0x7F, 0x10, 0x04, 0x72, 0xFF, 0xD4,
    0x24, 0x22, 0x00, 0x00, 0x54, 0xFF, 0xFF, 0xFF, 0xFF, 0xFF, 0x00, 0x00, 0x22, 0x6D, 0xFF, 0xFF,
    0x6C, 0x55, 0x03, 0x03, 0x00, 0x91, 0xFF, 0x99, 0x04, 0x1E, 0xFF, 0x75, 0x8B, 0xFF, 0xFF, 0xFF,
    0xFF, 0xCD, 0xFF, 0xB7, 0xB2, 0xFF, 0x24, 0x87, 0xDC, 0xFF, 0xFF, 0x43, 0x00, 0x00, 0x25, 0x00,
    0x00, 0x00, 0x21, 0x04, 0x00, 0x8E, 0xFF, 0x27, 0x13, 0x0C, 0xFF, 0xD8, 0x00, 0x43, 0xFF, 0xFF,
    0xFF, 0xFF, 0xFF, 0x5D, 0x00, 0xA5, 0xFF, 0xDA, 0x81, 0xFF, 0xFF, 0x16, 0x00, 0xFF, 0xFF, 0x18,
    0x00, 0xD0, 0xFF, 0x4F, 0x06, 0xFF, 0xFF, 0x00, 0x00, 0xFF, 0xFF, 0x24, 0x00, 0xFF, 0xFF, 0x51,
    0x90, 0xFF, 0xEC, 0x00, 0x10, 0xFF, 0xFF, 0xFF, 0xFF, 0xFF, 0x85, 0x00, 0xA5, 0xFF, 0x69, 0x58,
    0x49, 0xFF, 0xCA, 0x00, 0x0A, 0x5B, 0x00, 0x00, 0x00, 0x58, 0x0A, 0x00, 0x8F, 0xFF, 0x47, 0x02,
    0x0D, 0xD3, 0xE0, 0x9D, 0x5F, 0xE4, 0x9E, 0x09, 0x6B, 0xFB, 0xA3, 0x01, 0x29, 0xC6, 0xD7, 0x16,
    0xFF, 0xD8, 0x21, 0x00, 0x00, 0xAF, 0xFF, 0xAC, 0xF9, 0x7F, 0x00, 0x00, 0x1F, 0x95, 0xF3, 0xFF,
    0xF3, 0x2E, 0x05, 0x00, 0xA7, 0xFF, 0xFF, 0xFF, 0xFF, 0xD3, 0x0E, 0x00, 0x54, 0x99, 0xEE, 0xF7,
    0x7E, 0x60, 0x00, 0x00, 0x94, 0xC2, 0xF4, 0xF7, 0xB6, 0x64, 0x00, 0x00, 0xEC, 0xFF, 0xFF, 0xFF,
    0xFA, 0x8E, 0x00, 0x00, 0x00, 0x00, 0xFF, 0xE8, 0x00, 0x12, 0xFF, 0xB5, 0x00, 0x4F, 0xFF, 0x9A,
    0x00, 0x8E, 0xFF, 0x5B, 0x00, 0x97, 0xF5, 0x1B, 0x00, 0x00, 0x00, 0x00, 0x00, 0x00, 0x00, 0x00,
    0x0A, 0xF3, 0xA8, 0x00, 0x45, 0xFF, 0xA5, 0x00, 0x84, 0xFF, 0x66, 0x00, 0xA2, 0xFF, 0x27, 0x00,
    0xD5, 0xFF, 0x00, 0x00, 0x00, 0x00, 0x69, 0xFF, 0xFF, 0xFF, 0xBA, 0x13, 0x00, 0x22, 0xFF, 0xFF,
    0xAF, 0xCA, 0xFF, 0x10, 0x00, 0x64, 0xFF, 0xB1, 0x00, 0x00, 0x07, 0x00, 0x00, 0x21, 0xFF, 0xFF,
    0xDF, 0x75, 0x01, 0x00, 0x00, 0x1B, 0xD2, 0xFC, 0xFF, 0xFF, 0xC8, 0x00, 0x12, 0xFF, 0xA1, 0x00,
    0x36, 0xFF, 0xFF, 0x00, 0x5B, 0xFF, 0xE2, 0x18, 0x00, 0xFC, 0xCD, 0x00, 0x15, 0xFF, 0xFF, 0xFF,
    0xFD, 0xB7, 0x04, 0x00, 0x00, 0x13, 0xA8, 0xFF, 0xFF, 0xF3, 0x00, 0x00, 0x00, 0x07, 0x00, 0x01,
    0xF0, 0xFF, 0x01, 0x00, 0x43, 0xFF, 0xA5, 0xBD, 0xFF, 0xF3, 0x00, 0x00, 0x40, 0xE2, 0xFF, 0xFF,
    0xE1, 0x31, 0x00, 0x00, 0x1B, 0xFF, 0xDD, 0x48, 0xFF, 0xAA, 0x39, 0xFF, 0xC3, 0x6F, 0xFF, 0xAB,
    0x00, 0x00, 0x6A, 0xD5, 0xDF, 0xD9, 0x58, 0x00, 0x00, 0xA0, 0xBE, 0x19, 0x00, 0x16, 0xDA, 0x61,
    0x57, 0xD7, 0x3F, 0xFA, 0xFF, 0xD5, 0x1F, 0xF0, 0xC8, 0x5D, 0xFF, 0xF3, 0x73, 0xE4, 0x24, 0xFF,
    0xF8, 0x52, 0xFF, 0x88, 0x00, 0x00, 0x00, 0xFF, 0xF3, 0x54, 0xFF, 0x96, 0x6F, 0xA0, 0x22, 0xF1,
    0xC6, 0x49, 0xE2, 0xFF, 0xFF, 0xB8, 0xA6, 0x8B, 0x3D, 0xF3, 0x2E, 0x36, 0x30, 0xB8, 0xCA, 0x00,
    0x00, 0x46, 0xD4, 0xE9, 0xE4, 0x8E, 0x01, 0x00, 0x2E, 0xF7, 0xFF, 0xFF, 0x3C, 0x10, 0x75, 0x0D,
    0xFF, 0xA0, 0x6D, 0xEB, 0xE7, 0xFF, 0x9A, 0xFF, 0xA3, 0x42, 0xFF, 0x5D, 0xCF, 0xFF, 0xB6, 0xFF,
    0x1E, 0x00, 0x00, 0x01, 0x85, 0x00, 0x00, 0x7C, 0x0A, 0x00, 0x19, 0xDF, 0xFF, 0x2D, 0xBA, 0xFF,
    0x57, 0x12, 0xFF, 0xFF, 0x6F, 0xF6, 0xFF, 0xA0, 0x00, 0x57, 0xFF, 0xB8, 0x16, 0xFF, 0xCB, 0x00,
    0x00, 0x30, 0xFF, 0xFF, 0x40, 0xFF, 0xFF, 0x57, 0x00, 0x00, 0x39, 0xFF, 0xA6, 0x1B, 0xFF, 0xBC,
    0x00, 0x00, 0x00, 0x31, 0x06, 0x00, 0x1C, 0x1B, 0x00, 0x01, 0xA7, 0xAA, 0xAA, 0xAA, 0xAA, 0xA6,
    0x00, 0x2E, 0xFF, 0xFF, 0xFF, 0xFF, 0xFF, 0xFF, 0x00, 0x00, 0x00, 0x00, 0x00, 0x00, 0xFF, 0xDC,
    0x00, 0x00, 0x00, 0x00, 0x00, 0x0D, 0xFF, 0xA7, 0x00, 0x00, 0x00, 0x00, 0x00, 0x1C, 0xA0, 0x4C,
    0x00, 0x00, 0xFF, 0xFF, 0xFF, 0xFF, 0x34, 0x28, 0xFF, 0xFF, 0xFF, 0xFF, 0x09, 0x00, 0x12, 0xB2,
    0xA6, 0xB1, 0x0A, 0x00, 0xBA, 0xB2, 0xCE, 0xA2, 0xB7, 0x12, 0xB2, 0xE4, 0xD9, 0x33, 0xBB, 0x03,
    0xCB, 0x36, 0x27, 0xAE, 0x6A, 0x00, 0x4C, 0xAB, 0xA7, 0x75, 0x00, 0x16, 0x24, 0x24, 0x24, 0x0A,
    0xEE, 0xFF, 0xFF, 0xFF, 0x52, 0x57, 0x66, 0x66, 0x66, 0x0A, 0x00, 0x00, 0x00, 0x00, 0x00, 0x15,
    0xCA, 0xFF, 0xFF, 0x51, 0xC3, 0xFF, 0x67, 0xE2, 0xFF, 0xFF, 0x9D, 0x00, 0x93, 0xFF, 0xFF, 0xC3,
    0x25, 0xF1, 0xE1, 0x7B, 0xFF, 0xFF, 0xFF, 0x30, 0x00, 0x15, 0x34, 0x01, 0x00, 0x00, 0x00, 0x00,
    0x18, 0xA0, 0x61, 0x00, 0x00, 0x00, 0x00, 0x00, 0x5B, 0xFF, 0x99, 0x00, 0x00, 0x00, 0x00, 0x00,
    0x93, 0xFF, 0x63, 0x00, 0x00, 0x00, 0xFF, 0xFF, 0xFF, 0xFF, 0xFF, 0xFF, 0x91, 0x00, 0xA3, 0xAF,
    0xFF, 0xFF, 0xAF, 0xAF, 0x34, 0x00, 0x00, 0x00, 0xFF, 0xF6, 0x00, 0x00, 0x00, 0x00, 0x00, 0x03,
    0xC5, 0x96, 0x00, 0x00, 0x00, 0x6A, 0xAA, 0xAA, 0xAA, 0xAA, 0xAA, 0x85, 0x00, 0xD0, 0xFF, 0xFF,
    0xFF, 0xFF, 0xFF, 0xAA, 0x00, 0x01, 0xC1, 0xFF, 0xF8, 0x1F, 0x1B, 0xAC, 0x3D, 0xFF, 0x88, 0x00,
    0x0C, 0xB7, 0xFF, 0x22, 0x48, 0xFF, 0xD0, 0x22, 0x00, 0xDA, 0xFF, 0xFF, 0xFF, 0x03, 0x0D, 0xDA,
    0xFF, 0xFF, 0x2A, 0x00, 0x7F, 0x37, 0xFF, 0x70, 0x00, 0x6F, 0xFF, 0xE2, 0x01, 0x42, 0x4F, 0x90,
    0xFF, 0x10, 0x8A, 0xFF, 0xFF, 0xA8, 0x00, 0x00, 0x93, 0x4B, 0x00, 0x3A, 0xFF, 0xE9, 0x00, 0xDC,
    0xFF, 0x1C, 0x00, 0x25, 0x3A, 0x00, 0x00, 0x00, 0x00, 0xD3, 0xC5, 0x25, 0x9E, 0xF4, 0xA5, 0x00,
    0x00, 0xFF, 0xAD, 0x0E, 0xB0, 0xEC, 0x67, 0x00, 0x00, 0xFF, 0x9F, 0x00, 0xDD, 0xE4, 0x2A, 0x00,
    0x23, 0xFE, 0x9A, 0x00, 0xDF, 0xDF, 0x00, 0x00, 0x58, 0xFA, 0x84, 0x30, 0xE9, 0xDD, 0x00, 0x00,
    0x8B, 0xFF, 0xD9, 0xD0, 0xFD, 0xB0, 0x00, 0x00, 0x9F, 0xFF, 0xFF, 0xCA, 0xF4, 0x9E, 0x00, 0x00,
    0xCA, 0xDF, 0x00, 0x00, 0x00, 0x00, 0x00, 0x00, 0xDF, 0xDF, 0x00, 0x00, 0x00, 0x00, 0x00, 0x08,
    0xE1, 0xDF, 0x00, 0x00, 0x00, 0x00, 0x00, 0x01, 0x6C, 0xEC, 0xFF, 0xFF, 0xFF, 0xC3, 0x3F, 0x62,
    0xE6, 0xFF, 0xFF, 0xF5, 0xF8, 0xB2, 0x07, 0x93, 0xFF, 0xFF, 0xFF, 0xA0, 0xDD, 0xAF, 0x00, 0x9B,
    0xFF, 0xFF, 0xFF, 0x65, 0xF7, 0x92, 0x00, 0x8F, 0xFF, 0xFF, 0xFF, 0x32, 0xED, 0x6E, 0x00, 0x21,
    0xAE, 0xFA, 0xFF, 0x4E, 0xE7, 0x57, 0x00, 0x00, 0x00, 0xC5, 0xEB, 0x8A, 0xDB, 0x2C, 0x00, 0x00,
    0x00, 0xCF, 0xBA, 0xA8, 0xD1, 0x05, 0x00, 0x00, 0x19, 0xD6, 0x9F, 0xDA, 0xCF, 0x00, 0x00, 0x00,
    0x45, 0xE2, 0x62, 0xFC, 0xAD, 0x00, 0x00, 0x00, 0x71, 0xEE, 0x30, 0xF9, 0x83, 0x00, 0x00, 0x01,
    0xAC, 0xB6, 0x24, 0x66, 0xFF, 0xFF, 0x8E, 0x51, 0xFF, 0xFF, 0x28, 0x00, 0x04, 0x04, 0x00, 0x00,
    0xC3, 0x6A, 0x00, 0x1F, 0x6D, 0xFF, 0x97, 0xB7, 0xFF, 0xFF, 0x45, 0x04, 0xA5, 0xFF, 0xDA, 0x00,
    0x00, 0xA6, 0xFF, 0xAA, 0x00, 0x00, 0x00, 0xFF, 0x90, 0x00, 0x00, 0x12, 0xFF, 0x54, 0x00, 0x60,
    0xFF, 0xFF, 0xFF, 0x06, 0x13, 0xC8, 0xFF, 0xFF, 0x5E, 0xAF, 0xFF, 0x15, 0xC5, 0xF3, 0xFF, 0xA6,
    0x00, 0xB1, 0xFB, 0xFF, 0xBC, 0x18, 0xFF, 0xA5, 0x69, 0xFF, 0xFF, 0xC5, 0x0F, 0x00, 0x63, 0x1E,
    0x00, 0x46, 0x3A, 0x00, 0x00, 0x00, 0xFF, 0xFF, 0x1E, 0xD5, 0xFF, 0x3A, 0x00, 0x00, 0x64, 0xFF,
    0xFF, 0x39, 0xFF, 0xFF, 0x13, 0x00, 0x12, 0xFF, 0xFF, 0x04, 0xE8, 0xFF, 0x04, 0x19, 0xF8, 0xFF,
    0xA2, 0xD5, 0xFF, 0xAC, 0x00, 0xA9, 0xFF, 0x58, 0x6D, 0xFF, 0x7E, 0x00, 0x00, 0x1B, 0x1E, 0x00,
    0x04, 0x34, 0x00, 0x00, 0x00, 0x00, 0x03, 0x68, 0x94, 0x00, 0x00, 0xAE, 0x7E, 0x00, 0x0E, 0xEA,
    0xB2, 0x00, 0x53, 0xF8, 0x1F, 0x00, 0x00, 0x6F, 0x9B, 0x0A, 0xA7, 0x75, 0x00, 0x00, 0x00, 0x70,
    0x6B, 0x34, 0xD4, 0x0B, 0x00, 0x00, 0x59, 0xFF, 0xFF, 0x5D, 0x58, 0x01, 0x00, 0x00, 0x00, 0x1C,
    0x3A, 0x13, 0xA6, 0x3B, 0x00, 0x00, 0x05, 0x9A, 0x72, 0x5C, 0xFE, 0x24, 0x00, 0x00, 0x22, 0xDD,
    0x31, 0xDC, 0xC5, 0x10, 0x00, 0x00, 0xCF, 0x82, 0x5E, 0xFF, 0xFF, 0x68, 0x00, 0x36, 0xD7, 0x13,
    0x00, 0x1A, 0x9A, 0x0A, 0x00, 0x00, 0x03, 0x5F, 0x8C, 0x00, 0x00, 0xA3, 0x79, 0x00, 0x0E, 0xEC,
    0xB3, 0x00, 0x50, 0xF8, 0x22, 0x00, 0x00, 0x6F, 0x9C, 0x0A, 0xA6, 0x78, 0x00, 0x00, 0x00, 0x70,
    0x6B, 0x34, 0xD4, 0x0B, 0x00, 0x00, 0x59, 0xFF, 0xFF, 0x5D, 0x58, 0x01, 0x00, 0x00, 0x00, 0x35,
    0x62, 0x97, 0xFF, 0x44, 0x00, 0x00, 0x06, 0xA6, 0x61, 0x8E, 0xA4, 0xA8, 0x00, 0x00, 0x21, 0xDC,
    0x21, 0x21, 0xDC, 0x35, 0x00, 0x00, 0xBF, 0x8D, 0x10, 0xDE, 0x78, 0x02, 0x00, 0x3A, 0xF3, 0x21,
    0x5A, 0xFF, 0xFF, 0x30, 0x00, 0x00, 0x0B, 0xD0, 0xFF, 0x2F, 0x09, 0xF0, 0xA0, 0x00, 0x07, 0x45,
    0xD3, 0x7A, 0x68, 0xF7, 0x04, 0x00, 0x00, 0x71, 0xFF, 0x1A, 0xB9, 0x49, 0x00, 0x00, 0x1A, 0x49,
    0xD8, 0x6D, 0xD2, 0x0B, 0x00, 0x00, 0x38, 0xFE, 0xC8, 0x4C, 0x41, 0x00, 0x00, 0x00, 0x00, 0x25,
    0x49, 0x18, 0xC1, 0x42, 0x00, 0x00, 0x05, 0xA1, 0x6A, 0x66, 0xFE, 0x22, 0x00, 0x00, 0x25, 0xD9,
    0x33, 0xDF, 0xC4, 0x10, 0x00, 0x00, 0xD3, 0x80, 0x5E, 0xFF, 0xFF, 0x68, 0x00, 0x36, 0xD7, 0x13,
    0x00, 0x1A, 0x9A, 0x0A, 0x00, 0x00, 0x00, 0x00, 0x9F, 0xFF, 0xBE, 0x00, 0x00, 0x00, 0x00, 0xF5,
    0xFF, 0xD5, 0x00, 0x00, 0x00, 0x00, 0x4C, 0xA5, 0x25, 0x00, 0x00, 0x00, 0x00, 0x09, 0x0C, 0x01,
    0x00, 0x00, 0x00, 0x07, 0xFF, 0xFF, 0x16, 0x00, 0x00, 0xAF, 0xFF, 0xFF, 0xFF, 0x00, 0x00, 0x79,
    0xFF, 0xFF, 0x43, 0x09, 0x00, 0x00, 0xBB, 0xFF, 0xAC, 0x00, 0x60, 0x90, 0x0A, 0xA6, 0xFF, 0xFF,
    0xE1, 0xFF, 0xFF, 0x24, 0x07, 0xB7, 0xFF, 0xFF, 0xE7, 0x43, 0x00, 0x00, 0x00, 0x00, 0x00, 0x04,
    0x01, 0x00, 0x00, 0x00, 0x00, 0x00, 0x36, 0xD6, 0x3D, 0x00, 0x00, 0x00, 0x00, 0x00, 0x24, 0xC4,
    0xB6, 0x00, 0x00, 0x00, 0x00, 0x00, 0x00, 0x78, 0xA6, 0x00, 0x00, 0x00, 0x00, 0x00, 0x00, 0x00,
    0x00, 0x00, 0x00, 0x00, 0x00, 0x00, 0x55, 0xF4, 0xFF, 0x50, 0x00, 0x00, 0x00, 0x08, 0x85, 0xFF,
    0xFF, 0x74, 0x00, 0x00, 0x00, 0x18, 0xD7, 0xD1, 0xF6, 0x99, 0x00, 0x00, 0x00, 0x38, 0xFC, 0x94,
    0xEA, 0x9E, 0x00, 0x00, 0x00, 0xC3, 0xCC, 0x4E, 0xE6, 0xBD, 0x00, 0x00, 0x08, 0xFF, 0xFF, 0xFF,
    0xFF, 0xDC, 0x00, 0x00, 0x7E, 0xFD, 0xDB, 0xBE, 0xF7, 0xDF, 0x00, 0x00, 0xDF, 0xE4, 0x19, 0x00,
    0xDF, 0xE0, 0x06, 0x3F, 0xEC, 0xC9, 0x00, 0x00, 0xDF, 0xE5, 0x2B, 0x00, 0x00, 0x00, 0x00, 0x00,
    0x08, 0x00, 0x00, 0x00, 0x00, 0x00, 0x00, 0x09, 0xE1, 0x8E, 0x00, 0x00, 0x00, 0x00, 0x00, 0x66,
    0xF4, 0x5D, 0x00, 0x00, 0x00, 0x00, 0x00, 0x82, 0xB8, 0x00, 0x00, 0x00, 0x00, 0x00, 0x00, 0x00,
    0x00, 0x00, 0x00, 0x00, 0x00, 0x00, 0x55, 0xF4, 0xFF, 0x50, 0x00, 0x00, 0x00, 0x08, 0x85, 0xFF,
    0xFF, 0x74, 0x00, 0x00, 0x00, 0x18, 0xD7, 0xD1, 0xF6, 0x99, 0x00, 0x00, 0x00, 0x38, 0xFC, 0x94,
    0xEA, 0x9E, 0x00, 0x00, 0x00, 0xC3, 0xCC, 0x4E, 0xE6, 0xBD, 0x00, 0x00, 0x08, 0xFF, 0xFF, 0xFF,
    0xFF, 0xDC, 0x00, 0x00, 0x7E, 0xFD, 0xDB, 0xBE, 0xF7, 0xDF, 0x00, 0x00, 0xDF, 0xE4, 0x19, 0x00,
    0xDF, 0xE0, 0x06, 0x3F, 0xEC, 0xC9, 0x00, 0x00, 0xDF, 0xE5, 0x2B, 0x00, 0x00, 0x00, 0x08, 0xA3,
    0xFE, 0x83, 0x00, 0x00, 0x00, 0x02, 0x63, 0xFB, 0xFB, 0xE4, 0x28, 0x00, 0x00, 0x09, 0x8A, 0x7B,
    0x1C, 0xDD, 0x52, 0x00, 0x00, 0x00, 0x00, 0x00, 0x00, 0x00, 0x00, 0x00, 0x00, 0x00, 0x55, 0xF4,
    0xFF, 0x50, 0x00, 0x00, 0x00, 0x08, 0x85, 0xFF, 0xFF, 0x74, 0x00, 0x00, 0x00, 0x18, 0xD7, 0xD1,
    0xF6, 0x99, 0x00, 0x00, 0x00, 0x38, 0xFC, 0x94, 0xEA, 0x9E, 0x00, 0x00, 0x00, 0xC3, 0xCC, 0x4E,
    0xE6, 0xBD, 0x00, 0x00, 0x08, 0xFF, 0xFF, 0xFF, 0xFF, 0xDC, 0x00, 0x00, 0x7E, 0xFD, 0xDB, 0xBE,
    0xF7, 0xDF, 0x00, 0x00, 0xDF, 0xE4, 0x19, 0x00, 0xDF, 0xE0, 0x06, 0x3F, 0xEC, 0xC9, 0x00, 0x00,
    0xDF, 0xE5, 0x2B, 0x00, 0x00, 0x00, 0x06, 0x26, 0x06, 0x00, 0x00, 0x00, 0x00, 0x05, 0x79, 0xFF,
    0xEE, 0xBA, 0x55, 0x00, 0x00, 0x03, 0x5F, 0xD4, 0xF9, 0xEB, 0x5E, 0x00, 0x00, 0x00, 0x00, 0x00,
    0x22, 0x1D, 0x00, 0x00, 0x00, 0x00, 0x55, 0xF4, 0xFF, 0x50, 0x00, 0x00, 0x00, 0x08, 0x85, 0xFF,
    0xFF, 0x74, 0x00, 0x00, 0x00, 0x18, 0xD7, 0xD1, 0xF6, 0x99, 0x00, 0x00, 0x00, 0x38, 0xFC, 0x94,
    0xEA, 0x9E, 0x00, 0x00, 0x00, 0xC3, 0xCC, 0x4E, 0xE6, 0xBD, 0x00, 0x00, 0x08, 0xFF, 0xFF, 0xFF,
    0xFF, 0xDC, 0x00, 0x00, 0x7E, 0xFD, 0xDB, 0xBE, 0xF7, 0xDF, 0x00, 0x00, 0xDF, 0xE4, 0x19, 0x00,
    0xDF, 0xE0, 0x06, 0x3F, 0xEC, 0xC9, 0x00, 0x00, 0xDF, 0xE5, 0x2B, 0x00, 0x00, 0x08, 0x87, 0xD8,
    0x7A, 0xF4, 0xA9, 0x00, 0x00, 0x0B, 0x97, 0xD2, 0x98, 0xEF, 0x7F, 0x00, 0x00, 0x00, 0x00, 0x00,
    0x00, 0x00, 0x00, 0x00, 0x00, 0x00, 0x55, 0xF4, 0xFF, 0x50, 0x00, 0x00, 0x00, 0x08, 0x85, 0xFF,
    0xFF, 0x74, 0x00, 0x00, 0x00, 0x18, 0xD7, 0xD1, 0xF6, 0x99, 0x00, 0x00, 0x00, 0x38, 0xFC, 0x94,
    0xEA, 0x9E, 0x00, 0x00, 0x00, 0xC3, 0xCC, 0x4E, 0xE6, 0xBD, 0x00, 0x00, 0x08, 0xFF, 0xFF, 0xFF,
    0xFF, 0xDC, 0x00, 0x00, 0x7E, 0xFD, 0xDB, 0xBE, 0xF7, 0xDF, 0x00, 0x00, 0xDF, 0xE4, 0x19, 0x00,
    0xDF, 0xE0, 0x06, 0x3F, 0xEC, 0xC9, 0x00, 0x00, 0xDF, 0xE5, 0x2B, 0x00, 0x00, 0x00, 0x1D, 0xBC,
    0xFF, 0xA7, 0x00, 0x00, 0x00, 0x00, 0x55, 0xCC, 0x7E, 0xE0, 0x09, 0x00, 0x00, 0x00, 0x34, 0xD3,
    0xFF, 0x83, 0x00, 0x00, 0x00, 0x00, 0x00, 0x00, 0x00, 0x00, 0x00, 0x00, 0x00, 0x00, 0x55, 0xF4,
    0xFF, 0x50, 0x00, 0x00, 0x00, 0x08, 0x85, 0xFF, 0xFF, 0x74, 0x00, 0x00, 0x00, 0x18, 0xD7, 0xD1,
    0xF6, 0x99, 0x00, 0x00, 0x00, 0x38, 0xFC, 0x94, 0xEA, 0x9E, 0x00, 0x00, 0x00, 0xC3, 0xCC, 0x4E,
    0xE6, 0xBD, 0x00, 0x00, 0x08, 0xFF, 0xFF, 0xFF, 0xFF, 0xDC, 0x00, 0x00, 0x7E, 0xFD, 0xDB, 0xBE,
    0xF7, 0xDF, 0x00, 0x00, 0xDF, 0xE4, 0x19, 0x00, 0xDF, 0xE0, 0x06, 0x3F, 0xEC, 0xC9, 0x00, 0x00,
    0xDF, 0xE5, 0x2B, 0x00, 0x00, 0x00, 0xA9, 0xFF, 0xFF, 0xFF, 0xFF, 0x00, 0x00, 0x0C, 0xD4, 0xFF,
    0xFF, 0xB9, 0x84, 0x00, 0x00, 0x4B, 0xEF, 0xC0, 0xCC, 0x0A, 0x00, 0x00, 0x00, 0x70, 0xF3, 0xC5,
    0xD0, 0x38, 0x07, 0x00, 0x06, 0xA4, 0xB7, 0xE8, 0xFF, 0xFF, 0x0F, 0x00, 0x0D, 0xE3, 0xFF, 0xFF,
    0x70, 0x00, 0x00, 0x00, 0x29, 0xF1, 0x9A, 0xFF, 0x70, 0x00, 0x00, 0x00, 0xAD, 0xC0, 0x46, 0xFF,
    0xD1, 0x6E, 0x00, 0x00, 0xFF, 0x94, 0x5D, 0xFF, 0xFF, 0xA6, 0x00, 0x00, 0x00, 0x3D, 0xE4, 0xFF,
    0xFF, 0xBA, 0x0D, 0x00, 0x33, 0xFF, 0xFF, 0xD4, 0xFF, 0xFF, 0xA7, 0x00, 0xD4, 0xFF, 0x9C, 0x00,
    0x2E, 0xFF, 0xC4, 0x13, 0xFF, 0xFF, 0x12, 0x00, 0x00, 0x03, 0x00, 0x5A, 0xFF, 0xFF, 0x00, 0x00,
    0x00, 0x00, 0x00, 0x7B, 0xFF, 0xD4, 0x00, 0x00, 0x00, 0x00, 0x00, 0x69, 0xFF, 0xC6, 0x00, 0x00,
    0x9F, 0xBA, 0x16, 0x1F, 0xFF, 0xFF, 0x75, 0xA0, 0xFF, 0xFF, 0x04, 0x00, 0xA3, 0xFF, 0xFF, 0xFF,
    0xFF, 0x39, 0x00, 0x00, 0x00, 0x22, 0xFF, 0x96, 0x09, 0x00, 0x00, 0x00, 0x00, 0x2B, 0x5B, 0xFF,
    0x7F, 0x00, 0x00, 0x00, 0x00, 0xB2, 0xFF, 0xFC, 0x2D, 0x00, 0x00, 0x00, 0x00, 0x00, 0x00, 0x06,
    0x00, 0x00, 0x00, 0x00, 0x00, 0x00, 0x88, 0xFF, 0x2A, 0x00, 0x00, 0x00, 0x00, 0x00, 0x55, 0xFF,
    0xB8, 0x00, 0x00, 0x00, 0x00, 0x00, 0x00, 0xB5, 0xAC, 0x00, 0x00, 0x00, 0x00, 0x00, 0x00, 0x00,
    0x00, 0x00, 0x00, 0x00, 0x1B, 0xFF, 0xFF, 0xFF, 0xFF, 0xFF, 0xE8, 0x00, 0x5B, 0xFF, 0xFF, 0xC8,
    0xC8, 0xC8, 0x8E, 0x00, 0x9C, 0xFF, 0xB5, 0x00, 0x00, 0x00, 0x00, 0x00, 0xB7, 0xFF, 0xF0, 0xC8,
    0xC8, 0xC0, 0x00, 0x00, 0xED, 0xFF, 0xFF, 0xFF, 0xFF, 0xFF, 0x00, 0x00, 0xFF, 0xFF, 0x00, 0x00,
    0x00, 0x00, 0x00, 0x1E, 0xFF, 0xFF, 0x00, 0x00, 0x00, 0x00, 0x00, 0x5E, 0xFF, 0xFF, 0xC8, 0xC8,
    0xC8, 0x76, 0x00, 0x9F, 0xFF, 0xFF, 0xFF, 0xFF, 0xFF, 0x8E, 0x00, 0x00, 0x00, 0x00, 0x00, 0x00,
    0x09, 0x00, 0x00, 0x00, 0x00, 0x00, 0x00, 0x09, 0xFF, 0xB0, 0x00, 0x00, 0x00, 0x00, 0x00, 0xB5,
    0xFF, 0x79, 0x00, 0x00, 0x00, 0x00, 0x00, 0xC4, 0xA5, 0x00, 0x00, 0x00, 0x00, 0x00, 0x00, 0x00,
    0x00, 0x00, 0x00, 0x00, 0x1B, 0xFF, 0xFF, 0xFF, 0xFF, 0xFF, 0xE8, 0x00, 0x5B, 0xFF, 0xFF, 0xC8,
    0xC8, 0xC8, 0x8E, 0x00, 0x9C, 0xFF, 0xB5, 0x00, 0x00, 0x00, 0x00, 0x00, 0xB7, 0xFF, 0xF0, 0xC8,
    0xC8, 0xC0, 0x00, 0x00, 0xED, 0xFF, 0xFF, 0xFF, 0xFF, 0xFF, 0x00, 0x00, 0xFF, 0xFF, 0x00, 0x00,
    0x00, 0x00, 0x00, 0x1E, 0xFF, 0xFF, 0x00, 0x00, 0x00, 0x00, 0x00, 0x5E, 0xFF, 0xFF, 0xC8, 0xC8,
    0xC8, 0x76, 0x00, 0x9F, 0xFF, 0xFF, 0xFF, 0xFF, 0xFF, 0x8E, 0x00, 0x00, 0x00, 0x00, 0x13, 0xF2,
    0xFF, 0xA0, 0x00, 0x00, 0x00, 0x0A, 0xEC, 0xFF, 0xF5, 0xFF, 0x30, 0x00, 0x00, 0x40, 0xFA, 0x37,
    0x13, 0xEC, 0x5A, 0x00, 0x00, 0x00, 0x00, 0x00, 0x00, 0x00, 0x00, 0x00, 0x1B, 0xFF, 0xFF, 0xFF,
    0xFF, 0xFF, 0xE8, 0x00, 0x5B, 0xFF, 0xFF, 0xC8, 0xC8, 0xC8, 0x8E, 0x00, 0x9C, 0xFF, 0xB5, 0x00,
    0x00, 0x00, 0x00, 0x00, 0xB7, 0xFF, 0xF0, 0xC8, 0xC8, 0xC0, 0x00, 0x00, 0xED, 0xFF, 0xFF, 0xFF,
    0xFF, 0xFF, 0x00, 0x00, 0xFF, 0xFF, 0x00, 0x00, 0x00, 0x00, 0x00, 0x1E, 0xFF, 0xFF, 0x00, 0x00,
    0x00, 0x00, 0x00, 0x5E, 0xFF, 0xFF, 0xC8, 0xC8, 0xC8, 0x76, 0x00, 0x9F, 0xFF, 0xFF, 0xFF, 0xFF,
    0xFF, 0x8E, 0x00, 0x00, 0x00, 0x31, 0xFF, 0xCB, 0x66, 0xFF, 0xB5, 0x00, 0x00, 0x4C, 0xFF, 0xA5,
    0x85, 0xFF, 0x8A, 0x00, 0x00, 0x00, 0x00, 0x00, 0x00, 0x00, 0x00, 0x00, 0x1B, 0xFF, 0xFF, 0xFF,
    0xFF, 0xFF, 0xE8, 0x00, 0x5B, 0xFF, 0xFF, 0xC8, 0xC8, 0xC8, 0x8E, 0x00, 0x9C, 0xFF, 0xB5, 0x00,
    0x00, 0x00, 0x00, 0x00, 0xB7, 0xFF, 0xF0, 0xC8, 0xC8, 0xC0, 0x00, 0x00, 0xED, 0xFF, 0xFF, 0xFF,
    0xFF, 0xFF, 0x00, 0x00, 0xFF, 0xFF, 0x00, 0x00, 0x00, 0x00, 0x00, 0x1E, 0xFF, 0xFF, 0x00, 0x00,
    0x00, 0x00, 0x00, 0x5E, 0xFF, 0xFF, 0xC8, 0xC8, 0xC8, 0x76, 0x00, 0x9F, 0xFF, 0xFF, 0xFF, 0xFF,
    0xFF, 0x8E, 0x00, 0x00, 0x00, 0x00, 0x00, 0x06, 0x00, 0x00, 0x00, 0x00, 0x00, 0x00, 0x84, 0xFF,
    0x2E, 0x00, 0x00, 0x00, 0x00, 0x00, 0x51, 0xFF, 0xBE, 0x00, 0x00, 0x00, 0x00, 0x00, 0x00, 0xB0,
    0xB0, 0x00, 0x00, 0x00, 0x00, 0x00, 0x00, 0x00, 0x00, 0x00, 0x00, 0x00, 0x3D, 0xFF, 0xFF, 0xFF,
    0xFF, 0xFF, 0xDF, 0x00, 0x31, 0xB4, 0xD8, 0xFF, 0xF0, 0xB4, 0x69, 0x00, 0x00, 0x00, 0xA7, 0xFF,
    0x99, 0x00, 0x00, 0x00, 0x00, 0x00, 0xDE, 0xFF, 0x57, 0x00, 0x00, 0x00, 0x00, 0x00, 0xFF, 0xFF,
    0x15, 0x00, 0x00, 0x00, 0x00, 0x10, 0xFF, 0xFF, 0x00, 0x00, 0x00, 0x00, 0x00, 0x51, 0xFF, 0xE3,
    0x00, 0x00, 0x00, 0x42, 0xAE, 0xCD, 0xFF, 0xF5, 0xAE, 0x4F, 0x00, 0xBE, 0xFF, 0xFF, 0xFF, 0xFF,
    0xFF, 0x84, 0x00, 0x00, 0x00, 0x00, 0x00, 0x00, 0x09, 0x00, 0x00, 0x00, 0x00, 0x00, 0x00, 0x07,
    0xFF, 0xB4, 0x00, 0x00, 0x00, 0x00, 0x00, 0xAF, 0xFF, 0x7F, 0x00, 0x00, 0x00, 0x00, 0x00, 0xC0,
    0xAA, 0x00, 0x00, 0x00, 0x00, 0x00, 0x00, 0x00, 0x00, 0x00, 0x00, 0x00, 0x3D, 0xFF, 0xFF, 0xFF,
    0xFF, 0xFF, 0xDF, 0x00, 0x31, 0xB4, 0xD8, 0xFF, 0xF0, 0xB4, 0x69, 0x00, 0x00, 0x00, 0xA7, 0xFF,
    0x99, 0x00, 0x00, 0x00, 0x00, 0x00, 0xDE, 0xFF, 0x57, 0x00, 0x00, 0x00, 0x00, 0x00, 0xFF, 0xFF,
    0x15, 0x00, 0x00, 0x00, 0x00, 0x10, 0xFF, 0xFF, 0x00, 0x00, 0x00, 0x00, 0x00, 0x51, 0xFF, 0xE3,
    0x00, 0x00, 0x00, 0x42, 0xAE, 0xCD, 0xFF, 0xF5, 0xAE, 0x4F, 0x00, 0xBE, 0xFF, 0xFF, 0xFF, 0xFF,
    0xFF, 0x84, 0x00, 0x00, 0x00, 0x00, 0x10, 0xF0, 0xFF, 0xA6, 0x00, 0x00, 0x00, 0x09, 0xE8, 0xFF,
    0xF2, 0xFF, 0x34, 0x00, 0x00, 0x3C, 0xFA, 0x3A, 0x12, 0xEB, 0x5E, 0x00, 0x00, 0x00, 0x00, 0x00,
    0x00, 0x00, 0x00, 0x00, 0x3D, 0xFF, 0xFF, 0xFF, 0xFF, 0xFF, 0xDF, 0x00, 0x31, 0xB4, 0xD8, 0xFF,
    0xF0, 0xB4, 0x69, 0x00, 0x00, 0x00, 0xA7, 0xFF, 0x99, 0x00, 0x00, 0x00, 0x00, 0x00, 0xDE, 0xFF,
    0x57, 0x00, 0x00, 0x00, 0x00, 0x00, 0xFF, 0xFF, 0x15, 0x00, 0x00, 0x00, 0x00, 0x10, 0xFF, 0xFF,
    0x00, 0x00, 0x00, 0x00, 0x00, 0x51, 0xFF, 0xE3, 0x00, 0x00, 0x00, 0x42, 0xAE, 0xCD, 0xFF, 0xF5,
    0xAE, 0x4F, 0x00, 0xBE, 0xFF, 0xFF, 0xFF, 0xFF, 0xFF, 0x84, 0x00, 0x00, 0x00, 0x2D, 0xFF, 0xD0,
    0x61, 0xFF, 0xBB, 0x00, 0x00, 0x49, 0xFF, 0xAA, 0x81, 0xFF, 0x90, 0x00, 0x00, 0x00, 0x00, 0x00,
    0x00, 0x00, 0x00, 0x00, 0x3D, 0xFF, 0xFF, 0xFF, 0xFF, 0xFF, 0xDF, 0x00, 0x31, 0xB4, 0xD8, 0xFF,
    0xF0, 0xB4, 0x69, 0x00, 0x00, 0x00, 0xA7, 0xFF, 0x99, 0x00, 0x00, 0x00, 0x00, 0x00, 0xDE, 0xFF,
    0x57, 0x00, 0x00, 0x00, 0x00, 0x00, 0xFF, 0xFF, 0x15, 0x00, 0x00, 0x00, 0x00, 0x10, 0xFF, 0xFF,
    0x00, 0x00, 0x00, 0x00, 0x00, 0x51, 0xFF, 0xE3, 0x00, 0x00, 0x00, 0x42, 0xAE, 0xCD, 0xFF, 0xF5,
    0xAE, 0x4F, 0x00, 0xBE, 0xFF, 0xFF, 0xFF, 0xFF, 0xFF, 0x84, 0x00, 0x00, 0x5A, 0xFF, 0xFF, 0xFF,
    0xFF, 0x88, 0x00, 0x00, 0x93, 0xFF, 0xF5, 0xBE, 0xFF, 0xFF, 0x51, 0x00, 0xAA, 0xFF, 0x87, 0x00,
    0x96, 0xFF, 0xA7, 0x1B, 0xE4, 0xFF, 0x79, 0x1E, 0x81, 0xFF, 0xC5, 0xC0, 0xFF, 0xFF, 0xFF, 0xB8,
    0xBA, 0xFF, 0xB2, 0x69, 0xFF, 0xFF, 0x7E, 0x30, 0xD5, 0xFF, 0x94, 0x52, 0xFF, 0xDC, 0x00, 0x22,
    0xFF, 0xFF, 0x21, 0x99, 0xFF, 0xFD, 0xBA, 0xFF, 0xFF, 0xAF, 0x00, 0xBA, 0xFF, 0xFF, 0xFF, 0xFF,
    0x90, 0x00, 0x00, 0x00, 0x00, 0x00, 0x0D, 0x36, 0x00, 0x00, 0x00, 0x00, 0x00, 0x1C, 0xFF, 0xFF,
    0xF5, 0xC4, 0x67, 0x00, 0x00, 0x0D, 0xD5, 0xCD, 0xFF, 0xFF, 0x6F, 0x00, 0x00, 0x00, 0x00, 0x00,
    0x24, 0x24, 0x00, 0x00, 0x7B, 0xFF, 0xFF, 0x3F, 0x00, 0xFF, 0xFF, 0x00, 0xBA, 0xFF, 0xFF, 0x84,
    0x03, 0xFF, 0xDF, 0x00, 0xD0, 0xFF, 0xFF, 0xA7, 0x39, 0xFF, 0xAA, 0x00, 0xFF, 0xFF, 0xFF, 0xDF,
    0x79, 0xFF, 0x8D, 0x04, 0xFF, 0xE1, 0xD5, 0xFF, 0xBB, 0xFF, 0x4C, 0x3A, 0xFF, 0xAB, 0xBB, 0xFF,
    0xE7, 0xFF, 0x0F, 0x7B, 0xFF, 0x8B, 0x76, 0xFF, 0xFF, 0xFF, 0x00, 0xBA, 0xFF, 0x49, 0x31, 0xFF,
    0xFF, 0xDF, 0x00, 0xD0, 0xFF, 0x0C, 0x01, 0xFF, 0xFF, 0xAB, 0x00, 0x00, 0x00, 0x00, 0x00, 0x06,
    0x00, 0x00, 0x00, 0x00, 0x00, 0x00, 0xBE, 0xFF, 0x04, 0x00, 0x00, 0x00, 0x00, 0x00, 0x9D, 0xFF,
    0x70, 0x00, 0x00, 0x00, 0x00, 0x00, 0x01, 0xE7, 0x91, 0x00, 0x00, 0x00, 0x00, 0x00, 0x00, 0x00,
    0x00, 0x00, 0x00, 0x00, 0x00, 0x88, 0xFF, 0xFF, 0xFF, 0x9C, 0x00, 0x00, 0x8E, 0xFF, 0xFF, 0xCD,
    0xFF, 0xFF, 0x6A, 0x03, 0xFF, 0xFF, 0x46, 0x00, 0x85, 0xFF, 0xBE, 0x61, 0xFF, 0xFF, 0x00, 0x00,
    0x79, 0xFF, 0xD5, 0x9D, 0xFF, 0xCB, 0x00, 0x00, 0xB5, 0xFF, 0xB5, 0xA0, 0xFF, 0xBB, 0x00, 0x00,
    0xD8, 0xFF, 0xA3, 0xA8, 0xFF, 0xA3, 0x00, 0x1B, 0xFF, 0xFF, 0x2D, 0x39, 0xFF, 0xFF, 0xCB, 0xFF,
    0xFF, 0xA8, 0x00, 0x00, 0x78, 0xFF, 0xFF, 0xFF, 0xB2, 0x01, 0x00, 0x00, 0x00, 0x00, 0x00, 0x00,
    0x09, 0x00, 0x00, 0x00, 0x00, 0x00, 0x00, 0x2D, 0xFF, 0x93, 0x00, 0x00, 0x00, 0x00, 0x00, 0xD5,
    0xFF, 0x3D, 0x00, 0x00, 0x00, 0x00, 0x0F, 0xF3, 0x7B, 0x00, 0x00, 0x00, 0x00, 0x00, 0x00, 0x00,
    0x00, 0x00, 0x00, 0x00, 0x00, 0x88, 0xFF, 0xFF, 0xFF, 0x9C, 0x00, 0x00, 0x8E, 0xFF, 0xFF, 0xCD,
    0xFF, 0xFF, 0x6A, 0x03, 0xFF, 0xFF, 0x46, 0x00, 0x85, 0xFF, 0xBE, 0x61, 0xFF, 0xFF, 0x00, 0x00,
    0x79, 0xFF, 0xD5, 0x9D, 0xFF, 0xCB, 0x00, 0x00, 0xB5, 0xFF, 0xB5, 0xA0, 0xFF, 0xBB, 0x00, 0x00,
    0xD8, 0xFF, 0xA3, 0xA8, 0xFF, 0xA3, 0x00, 0x1B, 0xFF, 0xFF, 0x2D, 0x39, 0xFF, 0xFF, 0xCB, 0xFF,
    0xFF, 0xA8, 0x00, 0x00, 0x78, 0xFF, 0xFF, 0xFF, 0xB2, 0x01, 0x00, 0x00, 0x00, 0x00, 0x00, 0xA5,
    0xA3, 0x15, 0x00, 0x00, 0x00, 0x00, 0xA5, 0xFF, 0xFF, 0xA6, 0x00, 0x00, 0x00, 0x55, 0xFF, 0xCA,
    0xE2, 0xFF, 0x28, 0x00, 0x00, 0x60, 0xD5, 0x06, 0x1F, 0xE6, 0x21, 0x00, 0x00, 0x00, 0x00, 0x00,
    0x00, 0x00, 0x00, 0x00, 0x00, 0x88, 0xFF, 0xFF, 0xFF, 0x9C, 0x00, 0x00, 0x8E, 0xFF, 0xFF, 0xCD,
    0xFF, 0xFF, 0x6A, 0x03, 0xFF, 0xFF, 0x46, 0x00, 0x85, 0xFF, 0xBE, 0x61, 0xFF, 0xFF, 0x00, 0x00,
    0x79, 0xFF, 0xD5, 0x9D, 0xFF, 0xCB, 0x00, 0x00, 0xB5, 0xFF, 0xB5, 0xA0, 0xFF, 0xBB, 0x00, 0x00,
    0xD8, 0xFF, 0xA3, 0xA8, 0xFF, 0xA3, 0x00, 0x1B, 0xFF, 0xFF, 0x2D, 0x39, 0xFF, 0xFF, 0xCB, 0xFF,
    0xFF, 0xA8, 0x00, 0x00, 0x78, 0xFF, 0xFF, 0xFF, 0xB2, 0x01, 0x00, 0x00, 0x00, 0x00, 0x1B, 0x2A,
    0x00, 0x00, 0x00, 0x00, 0x00, 0x4C, 0xFF, 0xFF, 0xD8, 0xD5, 0x25, 0x00, 0x00, 0x3F, 0xD0, 0xE3,
    0xFF, 0xFF, 0x36, 0x00, 0x00, 0x00, 0x00, 0x00, 0x31, 0x15, 0x00, 0x00, 0x00, 0x88, 0xFF, 0xFF,
    0xFF, 0x9C, 0x00, 0x00, 0x8E, 0xFF, 0xFF, 0xCD, 0xFF, 0xFF, 0x6A, 0x03, 0xFF, 0xFF, 0x46, 0x00,
    0x85, 0xFF, 0xBE, 0x61, 0xFF, 0xFF, 0x00, 0x00, 0x79, 0xFF, 0xD5, 0x9D, 0xFF, 0xCB, 0x00, 0x00,
    0xB5, 0xFF, 0xB5, 0xA0, 0xFF, 0xBB, 0x00, 0x00, 0xD8, 0xFF, 0xA3, 0xA8, 0xFF, 0xA3, 0x00, 0x1B,
    0xFF, 0xFF, 0x2D, 0x39, 0xFF, 0xFF, 0xCB, 0xFF, 0xFF, 0xA8, 0x00, 0x00, 0x78, 0xFF, 0xFF, 0xFF,
    0xB2, 0x01, 0x00, 0x00, 0x00, 0x70, 0xFF, 0xAF, 0xA8, 0xFF, 0x70, 0x00, 0x00, 0x8E, 0xFF, 0x7F,
    0xAA, 0xFF, 0x4E, 0x00, 0x00, 0x00, 0x00, 0x00, 0x00, 0x00, 0x00, 0x00, 0x00, 0x88, 0xFF, 0xFF,
    0xFF, 0x9C, 0x00, 0x00, 0x8E, 0xFF, 0xFF, 0xCD, 0xFF, 0xFF, 0x6A, 0x03, 0xFF, 0xFF, 0x46, 0x00,
    0x85, 0xFF, 0xBE, 0x61, 0xFF, 0xFF, 0x00, 0x00, 0x79, 0xFF, 0xD5, 0x9D, 0xFF, 0xCB, 0x00, 0x00,
    0xB5, 0xFF, 0xB5, 0xA0, 0xFF, 0xBB, 0x00, 0x00, 0xD8, 0xFF, 0xA3, 0xA8, 0xFF, 0xA3, 0x00, 0x1B,
    0xFF, 0xFF, 0x2D, 0x39, 0xFF, 0xFF, 0xCB, 0xFF, 0xFF, 0xA8, 0x00, 0x00, 0x78, 0xFF, 0xFF, 0xFF,
    0xB2, 0x01, 0x00, 0x00, 0x00, 0x01, 0x00, 0x00, 0x00, 0x01, 0x00, 0x00, 0x43, 0xFF, 0x36, 0x00,
    0x81, 0xF6, 0x10, 0x00, 0x58, 0xFF, 0xFF, 0xBD, 0xFF, 0xF2, 0x18, 0x00, 0x00, 0x9C, 0xFF, 0xFF,
    0xD0, 0x0A, 0x00, 0x00, 0x15, 0xE7, 0xFF, 0xFF, 0xA2, 0x00, 0x00, 0x1F, 0xFF, 0xFF, 0xA0, 0xF3,
    0xFF, 0x78, 0x00, 0x06, 0xD7, 0x6C, 0x00, 0x21, 0xE9, 0x34, 0x00, 0x00, 0x00, 0x00, 0x00, 0x00,
    0x04, 0x98, 0x1B, 0x00, 0x00, 0x3C, 0xE9, 0xFF, 0xF2, 0xFE, 0x49, 0x00, 0x09, 0xC4, 0xFF, 0xD2,
    0xFF, 0xC2, 0x00, 0x00, 0x1C, 0xFF, 0x61, 0x4E, 0xFF, 0xC4, 0x00, 0x00, 0x75, 0xFE, 0x39, 0xFC,
    0xFF, 0xDA, 0x00, 0x00, 0xA5, 0xE1, 0xC8, 0xEB, 0xDA, 0xBC, 0x00, 0x00, 0xA7, 0xFF, 0xFF, 0x42,
    0xE6, 0xAD, 0x00, 0x00, 0xB0, 0xFF, 0x6E, 0x41, 0xFF, 0x3E, 0x00, 0x00, 0x8A, 0xFF, 0xD2, 0xFF,
    0xD2, 0x0B, 0x00, 0x17, 0xFF, 0xFC, 0xFF, 0xF1, 0x50, 0x00, 0x00, 0x07, 0xB3, 0x11, 0x00, 0x00,
    0x00, 0x00, 0x00, 0x00, 0x00, 0x00, 0x00, 0x06, 0x00, 0x00, 0x00, 0x00, 0x00, 0x00, 0x90, 0xFF,
    0x25, 0x00, 0x00, 0x00, 0x00, 0x00, 0x60, 0xFF, 0xB2, 0x00, 0x00, 0x00, 0x00, 0x00, 0x00, 0xBE,
    0xA7, 0x00, 0x00, 0x00, 0x00, 0x00, 0x00, 0x00, 0x00, 0x00, 0x00, 0x00, 0xA5, 0xFF, 0xBB, 0x00,
    0x01, 0xFF, 0xFF, 0x00, 0xBF, 0xFF, 0x79, 0x00, 0x34, 0xFF, 0xF7, 0x00, 0xF5, 0xFF, 0x36, 0x00,
    0x78, 0xFF, 0xC0, 0x00, 0xFF, 0xFF, 0x03, 0x00, 0xBA, 0xFF, 0xA6, 0x28, 0xFF, 0xFF, 0x00, 0x00,
    0xD3, 0xFF, 0x64, 0x66, 0xFF, 0xC8, 0x00, 0x00, 0xFF, 0xFF, 0x1F, 0x82, 0xFF, 0xB6, 0x00, 0x2A,
    0xFF, 0xFF, 0x00, 0x4B, 0xFF, 0xFF, 0xC9, 0xFF, 0xFF, 0xA8, 0x00, 0x00, 0xAF, 0xFF, 0xFF, 0xFF,
    0xA2, 0x06, 0x00, 0x00, 0x00, 0x00, 0x00, 0x00, 0x09, 0x00, 0x00, 0x00, 0x00, 0x00, 0x00, 0x0C,
    0xFF, 0xA6, 0x00, 0x00, 0x00, 0x00, 0x00, 0xBE, 0xFF, 0x6F, 0x00, 0x00, 0x00, 0x00, 0x00, 0xCB,
    0xBA, 0x00, 0x00, 0x00, 0x00, 0x00, 0x00, 0x00, 0x00, 0x00, 0x00, 0x00, 0xA5, 0xFF, 0xBB, 0x00,
    0x01, 0xFF, 0xFF, 0x00, 0xBF, 0xFF, 0x79, 0x00, 0x34, 0xFF, 0xF7, 0x00, 0xF5, 0xFF, 0x36, 0x00,
    0x78, 0xFF, 0xC0, 0x00, 0xFF, 0xFF, 0x03, 0x00, 0xBA, 0xFF, 0xA6, 0x28, 0xFF, 0xFF, 0x00, 0x00,
    0xD3, 0xFF, 0x64, 0x66, 0xFF, 0xC8, 0x00, 0x00, 0xFF, 0xFF, 0x1F, 0x82, 0xFF, 0xB6, 0x00, 0x2A,
    0xFF, 0xFF, 0x00, 0x4B, 0xFF, 0xFF, 0xC9, 0xFF, 0xFF, 0xA8, 0x00, 0x00, 0xAF, 0xFF, 0xFF, 0xFF,
    0xA2, 0x06, 0x00, 0x00, 0x00, 0x00, 0x00, 0x4F, 0x84, 0x1E, 0x00, 0x00, 0x00, 0x00, 0x4C, 0xFF,
    0xFF, 0xC6, 0x00, 0x00, 0x00, 0x24, 0xFF, 0xFF, 0xCE, 0xFF, 0x4C, 0x00, 0x00, 0x3D, 0xEE, 0x21,
    0x0C, 0xE4, 0x48, 0x00, 0x00, 0x00, 0x00, 0x00, 0x00, 0x00, 0x00, 0x00, 0xA5, 0xFF, 0xBB, 0x00,
    0x01, 0xFF, 0xFF, 0x00, 0xBF, 0xFF, 0x79, 0x00, 0x34, 0xFF, 0xF7, 0x00, 0xF5, 0xFF, 0x36, 0x00,
    0x78, 0xFF, 0xC0, 0x00, 0xFF, 0xFF, 0x03, 0x00, 0xBA, 0xFF, 0xA6, 0x28, 0xFF, 0xFF, 0x00, 0x00,
    0xD3, 0xFF, 0x64, 0x66, 0xFF, 0xC8, 0x00, 0x00, 0xFF, 0xFF, 0x1F, 0x82, 0xFF, 0xB6, 0x00, 0x2A,
    0xFF, 0xFF, 0x00, 0x4B, 0xFF, 0xFF, 0xC9, 0xFF, 0xFF, 0xA8, 0x00, 0x00, 0xAF, 0xFF, 0xFF, 0xFF,
    0xA2, 0x06, 0x00, 0x00, 0x00, 0x39, 0xFF, 0xC3, 0x6D, 0xFF, 0xAF, 0x00, 0x00, 0x55, 0xFF, 0xBB,
    0x8E, 0xFF, 0x82, 0x00, 0x00, 0x00, 0x00, 0x00, 0x00, 0x00, 0x00, 0x00, 0xA5, 0xFF, 0xBB, 0x00,
    0x01, 0xFF, 0xFF, 0x00, 0xBF, 0xFF, 0x79, 0x00, 0x34, 0xFF, 0xF7, 0x00, 0xF5, 0xFF, 0x36, 0x00,
    0x78, 0xFF, 0xC0, 0x00, 0xFF, 0xFF, 0x03, 0x00, 0xBA, 0xFF, 0xA6, 0x28, 0xFF, 0xFF, 0x00, 0x00,
    0xD3, 0xFF, 0x64, 0x66, 0xFF, 0xC8, 0x00, 0x00, 0xFF, 0xFF, 0x1F, 0x82, 0xFF, 0xB6, 0x00, 0x2A,
    0xFF, 0xFF, 0x00, 0x4B, 0xFF, 0xFF, 0xC9, 0xFF, 0xFF, 0xA8, 0x00, 0x00, 0xAF, 0xFF, 0xFF, 0xFF,
    0xA2, 0x06, 0x00, 0x00, 0x00, 0x00, 0x09, 0x00, 0x00, 0x00, 0x00, 0x00, 0x12, 0xFF, 0x9E, 0x00,
    0x00, 0x00, 0x00, 0x97, 0xFF, 0x52, 0x00, 0x00, 0x00, 0x01, 0xBB, 0xA9, 0x00, 0x00, 0x00, 0x00,
    0x00, 0x00, 0x00, 0x00, 0x00, 0x00, 0xFF, 0x83, 0x0C, 0x03, 0xF9, 0xDD, 0x87, 0xE3, 0xC2, 0x18,
    0xA2, 0xFA, 0x9E, 0x00, 0xAD, 0xFF, 0x43, 0xFF, 0xE0, 0x1A, 0x00, 0x92, 0xFF, 0xE4, 0xFF, 0x77,
    0x00, 0x00, 0x5E, 0xE5, 0xFF, 0xDF, 0x00, 0x00, 0x00, 0x2A, 0xCB, 0xFF, 0x27, 0x00, 0x00, 0x00,
    0x2A, 0xCB, 0xEA, 0x00, 0x00, 0x00, 0x00, 0x4F, 0xDE, 0xBD, 0x00, 0x00, 0x00, 0x00, 0x60, 0xE6,
    0xA6, 0x00, 0x00, 0x00, 0x00, 0x00, 0x33, 0xFF, 0xF8, 0x00, 0x00, 0x00, 0x00, 0x00, 0x75, 0xFF,
    0xFF, 0xB7, 0xBA, 0x31, 0x00, 0x00, 0xB5, 0xFF, 0xFF, 0xFF, 0xFF, 0xFF, 0x24, 0x00, 0xCE, 0xFF,
    0x60, 0x07, 0xE4, 0xFF, 0x8B, 0x00, 0xFF, 0xFF, 0x1B, 0x00, 0xE6, 0xFF, 0x70, 0x04, 0xFF, 0xFF,
    0xBE, 0xDD, 0xFF, 0xFF, 0x13, 0x3A, 0xFF, 0xFF, 0xFF, 0xFF, 0xE9, 0x43, 0x00, 0x7C, 0xFF, 0xB5,
    0x00, 0x00, 0x00, 0x00, 0x00, 0xBD, 0xFF, 0xA3, 0x00, 0x00, 0x00, 0x00, 0x00, 0x00, 0x06, 0xCA,
    0xFF, 0xFF, 0xBB, 0x00, 0x00, 0x00, 0x91, 0xFF, 0xD9, 0xBA, 0x43, 0x00, 0x00, 0x00, 0xC5, 0xFF,
    0x61, 0x00, 0x00, 0x00, 0x00, 0x00, 0xF7, 0xFF, 0xFF, 0xFF, 0xFF, 0xFF, 0x93, 0x00, 0xFF, 0xFF,
    0xBA, 0xBD, 0xFF, 0xFF, 0x37, 0x1F, 0xFF, 0xF7, 0x00, 0xA3, 0xFF, 0x8A, 0x00, 0x5B, 0xFF, 0xC4,
    0x75, 0xFF, 0xAF, 0x00, 0x00, 0x97, 0xFF, 0xAF, 0xDF, 0xFF, 0xD2, 0x1C, 0x00, 0xB0, 0xFF, 0x72,
    0x7E, 0xD9, 0xFF, 0xCA, 0x00, 0xE1, 0xFF, 0x36, 0x00, 0x1E, 0xFF, 0xFF, 0x00, 0x00, 0x00, 0x00,
    0x00, 0x5D, 0xFF, 0xE8, 0x00, 0x00, 0x00, 0x7E, 0xAB, 0xFF, 0xFF, 0x63, 0x00, 0x00, 0x00, 0xFF,
    0xFF, 0xF3, 0x6A, 0x00, 0x00, 0x00, 0x00, 0x00, 0x00, 0x04, 0x00, 0x00, 0x00, 0x00, 0x00, 0x25,
    0xE8, 0xA3, 0x00, 0x00, 0x00, 0x00, 0x00, 0x04, 0xFD, 0xFF, 0x03, 0x00, 0x00, 0x00, 0x00, 0x00,
    0x48, 0xFF, 0x28, 0x00, 0x00, 0x00, 0x00, 0x00, 0x00, 0x00, 0x00, 0x00, 0x00, 0x00, 0x39, 0xF6,
    0xFF, 0xCF, 0xC1, 0xFF, 0x6F, 0x00, 0xFF, 0xFF, 0xD4, 0xBE, 0xFF, 0xFF, 0x30, 0x5B, 0xFF, 0xF3,
    0x00, 0x00, 0xFF, 0xFF, 0x01, 0x9A, 0xFF, 0xA3, 0x00, 0x28, 0xFF, 0xFF, 0x00, 0xB7, 0xFF, 0xB2,
    0x00, 0xA0, 0xFF, 0xCA, 0x00, 0x90, 0xFF, 0xFF, 0xD7, 0xFC, 0xFF, 0xFD, 0x1C, 0x15, 0xF1, 0xFF,
    0xBC, 0x48, 0xFF, 0xFF, 0x09, 0x00, 0x00, 0x00, 0x00, 0x04, 0x01, 0x00, 0x00, 0x00, 0x00, 0x00,
    0x00, 0xB1, 0xFF, 0x30, 0x00, 0x00, 0x00, 0x00, 0x27, 0xFF, 0xE6, 0x03, 0x00, 0x00, 0x00, 0x00,
    0x67, 0xFB, 0x19, 0x00, 0x00, 0x00, 0x00, 0x00, 0x00, 0x00, 0x00, 0x00, 0x00, 0x00, 0x39, 0xF6,
    0xFF, 0xCF, 0xC1, 0xFF, 0x6F, 0x00, 0xFF, 0xFF, 0xD4, 0xBE, 0xFF, 0xFF, 0x30, 0x5B, 0xFF, 0xF3,
    0x00, 0x00, 0xFF, 0xFF, 0x01, 0x9A, 0xFF, 0xA3, 0x00, 0x28, 0xFF, 0xFF, 0x00, 0xB7, 0xFF, 0xB2,
    0x00, 0xA0, 0xFF, 0xCA, 0x00, 0x90, 0xFF, 0xFF, 0xD7, 0xFC, 0xFF, 0xFD, 0x1C, 0x15, 0xF1, 0xFF,
    0xBC, 0x48, 0xFF, 0xFF, 0x09, 0x00, 0x00, 0x00, 0xA2, 0xFF, 0xFA, 0x09, 0x00, 0x00, 0x00, 0x88,
    0xFF, 0xDD, 0xFF, 0xA0, 0x00, 0x00, 0x00, 0xCF, 0xA8, 0x00, 0xAB, 0xBB, 0x00, 0x00, 0x00, 0x00,
    0x00, 0x00, 0x00, 0x00, 0x00, 0x00, 0x39, 0xF6, 0xFF, 0xCF, 0xC1, 0xFF, 0x6F, 0x00, 0xFF, 0xFF,
    0xD4, 0xBE, 0xFF, 0xFF, 0x30, 0x5B, 0xFF, 0xF3, 0x00, 0x00, 0xFF, 0xFF, 0x01, 0x9A, 0xFF, 0xA3,
    0x00, 0x28, 0xFF, 0xFF, 0x00, 0xB7, 0xFF, 0xB2, 0x00, 0xA0, 0xFF, 0xCA, 0x00, 0x90, 0xFF, 0xFF,
    0xD7, 0xFC, 0xFF, 0xFD, 0x1C, 0x15, 0xF1, 0xFF, 0xBC, 0x48, 0xFF, 0xFF, 0x09, 0x00, 0x00, 0x00,
    0x36, 0x0D, 0x00, 0x00, 0x00, 0x00, 0x00, 0xAC, 0xFF, 0xFF, 0xB7, 0xB0, 0x00, 0x00, 0x00, 0xB7,
    0xB7, 0xFF, 0xFF, 0xD5, 0x00, 0x00, 0x00, 0x00, 0x00, 0x09, 0x3C, 0x01, 0x00, 0x00, 0x39, 0xF6,
    0xFF, 0xCF, 0xC1, 0xFF, 0x6F, 0x00, 0xFF, 0xFF, 0xD4, 0xBE, 0xFF, 0xFF, 0x30, 0x5B, 0xFF, 0xF3,
    0x00, 0x00, 0xFF, 0xFF, 0x01, 0x9A, 0xFF, 0xA3, 0x00, 0x28, 0xFF, 0xFF, 0x00, 0xB7, 0xFF, 0xB2,
    0x00, 0xA0, 0xFF, 0xCA, 0x00, 0x90, 0xFF, 0xFF, 0xD7, 0xFC, 0xFF, 0xFD, 0x1C, 0x15, 0xF1, 0xFF,
    0xBC, 0x48, 0xFF, 0xFF, 0x09, 0x00, 0x00, 0xD3, 0xFF, 0x2D, 0xFF, 0xFF, 0x03, 0x00, 0x00, 0xEC,
    0xFF, 0x1C, 0xFF, 0xEE, 0x00, 0x00, 0x00, 0x00, 0x00, 0x00, 0x00, 0x00, 0x00, 0x00, 0x39, 0xF6,
    0xFF, 0xCF, 0xC1, 0xFF, 0x6F, 0x00, 0xFF, 0xFF, 0xD4, 0xBE, 0xFF, 0xFF, 0x30, 0x5B, 0xFF, 0xF3,
    0x00, 0x00, 0xFF, 0xFF, 0x01, 0x9A, 0xFF, 0xA3, 0x00, 0x28, 0xFF, 0xFF, 0x00, 0xB7, 0xFF, 0xB2,
    0x00, 0xA0, 0xFF, 0xCA, 0x00, 0x90, 0xFF, 0xFF, 0xD7, 0xFC, 0xFF, 0xFD, 0x1C, 0x15, 0xF1, 0xFF,
    0xBC, 0x48, 0xFF, 0xFF, 0x09, 0x00, 0x00, 0x00, 0xA9, 0xFF, 0xF7, 0x24, 0x00, 0x00, 0x00, 0x3A,
    0xFF, 0x3F, 0xF8, 0xB4, 0x00, 0x00, 0x00, 0x67, 0xFF, 0x19, 0xFF, 0x8B, 0x00, 0x00, 0x00, 0x09,
    0xE6, 0xFF, 0xC8, 0x04, 0x00, 0x00, 0x00, 0x00, 0x00, 0x00, 0x00, 0x00, 0x00, 0x00, 0x39, 0xF6,
    0xFF, 0xCF, 0xC1, 0xFF, 0x6F, 0x00, 0xFF, 0xFF, 0xD4, 0xBE, 0xFF, 0xFF, 0x30, 0x5B, 0xFF, 0xF3,
    0x00, 0x00, 0xFF, 0xFF, 0x01, 0x9A, 0xFF, 0xA3, 0x00, 0x28, 0xFF, 0xFF, 0x00, 0xB7, 0xFF, 0xB2,
    0x00, 0xA0, 0xFF, 0xCA, 0x00, 0x90, 0xFF, 0xFF, 0xD7, 0xFC, 0xFF, 0xFD, 0x1C, 0x15, 0xF1, 0xFF,
    0xBC, 0x48, 0xFF, 0xFF, 0x09, 0x00, 0x03, 0xC9, 0xFD, 0xA9, 0xEE, 0xEC, 0x6A, 0x00, 0x45, 0xED,
    0xA7, 0xFF, 0xA6, 0xEE, 0xF0, 0x00, 0x00, 0x11, 0x5B, 0xFB, 0x3A, 0xF7, 0xCF, 0x00, 0x42, 0xEA,
    0xFF, 0xFF, 0xFF, 0xD4, 0x2A, 0x01, 0xDF, 0xC4, 0x9A, 0xC6, 0x20, 0x04, 0x00, 0x10, 0xE2, 0xB3,
    0xD5, 0xF0, 0xB3, 0xE4, 0x24, 0x00, 0xB9, 0xF5, 0x9A, 0xCC, 0xFF, 0x93, 0x00, 0x00, 0x00, 0x9C,
    0xFF, 0xFF, 0xFF, 0x60, 0x00, 0x00, 0x93, 0xFF, 0xFF, 0xBF, 0xFF, 0xFF, 0x01, 0x04, 0xFF, 0xFF,
    0x1C, 0x00, 0x61, 0x19, 0x00, 0x34, 0xFF, 0xFC, 0x00, 0x00, 0x00, 0x00, 0x00, 0x57, 0xFF, 0xDE,
    0x00, 0x00, 0x9D, 0x64, 0x00, 0x22, 0xFF, 0xFF, 0x8A, 0xBE, 0xFF, 0xBF, 0x00, 0x00, 0xBD, 0xFF,
    0xFF, 0xFF, 0xD5, 0x0A, 0x00, 0x00, 0x00, 0x3C, 0xFF, 0x5E, 0x00, 0x00, 0x00, 0x00, 0x00, 0x3D,
    0x88, 0xFF, 0x2E, 0x00, 0x00, 0x00, 0x06, 0xEC, 0xFF, 0xD8, 0x09, 0x00, 0x00, 0x00, 0x00, 0x00,
    0x00, 0x04, 0x00, 0x00, 0x00, 0x00, 0x00, 0x04, 0xC4, 0xE3, 0x00, 0x00, 0x00, 0x00, 0x00, 0x00,
    0xBA, 0xFF, 0x30, 0x00, 0x00, 0x00, 0x00, 0x00, 0x15, 0xFF, 0x61, 0x00, 0x00, 0x00, 0x00, 0x00,
    0x00, 0x00, 0x00, 0x00, 0x00, 0x00, 0x00, 0x7E, 0xFF, 0xFF, 0xFF, 0x97, 0x00, 0x00, 0x97, 0xFF,
    0xE3, 0x9D, 0xFF, 0xFF, 0x1B, 0x0C, 0xFF, 0xFF, 0x0A, 0x3F, 0xFF, 0xFF, 0x0C, 0x51, 0xFF, 0xFF,
    0xFF, 0xFF, 0xEE, 0x58, 0x00, 0x51, 0xFF, 0xDE, 0x27, 0x06, 0x79, 0x3F, 0x00, 0x10, 0xFF, 0xFF,
    0xB0, 0xC3, 0xFF, 0xC4, 0x00, 0x00, 0x61, 0xFF, 0xFF, 0xFF, 0xA2, 0x06, 0x00, 0x00, 0x00, 0x00,
    0x00, 0x00, 0x06, 0x00, 0x00, 0x00, 0x00, 0x00, 0x00, 0x5A, 0xFF, 0x61, 0x00, 0x00, 0x00, 0x00,
    0x04, 0xFF, 0xFF, 0x1C, 0x00, 0x00, 0x00, 0x00, 0x31, 0xFF, 0x4B, 0x00, 0x00, 0x00, 0x00, 0x00,
    0x00, 0x00, 0x00, 0x00, 0x00, 0x00, 0x00, 0x7E, 0xFF, 0xFF, 0xFF, 0x97, 0x00, 0x00, 0x97, 0xFF,
    0xE3, 0x9D, 0xFF, 0xFF, 0x1B, 0x0C, 0xFF, 0xFF, 0x0A, 0x3F, 0xFF, 0xFF, 0x0C, 0x51, 0xFF, 0xFF,
    0xFF, 0xFF, 0xEE, 0x58, 0x00, 0x51, 0xFF, 0xDE, 0x27, 0x06, 0x79, 0x3F, 0x00, 0x10, 0xFF, 0xFF,
    0xB0, 0xC3, 0xFF, 0xC4, 0x00, 0x00, 0x61, 0xFF, 0xFF, 0xFF, 0xA2, 0x06, 0x00, 0x00, 0x00, 0x00,
    0x5B, 0xFF, 0xFF, 0x2D, 0x00, 0x00, 0x00, 0x49, 0xFF, 0xEE, 0xFF, 0xE6, 0x00, 0x00, 0x00, 0xA9,
    0xC9, 0x07, 0x60, 0xEB, 0x10, 0x00, 0x00, 0x00, 0x00, 0x00, 0x00, 0x00, 0x00, 0x00, 0x00, 0x7E,
    0xFF, 0xFF, 0xFF, 0x97, 0x00, 0x00, 0x97, 0xFF, 0xE3, 0x9D, 0xFF, 0xFF, 0x1B, 0x0C, 0xFF, 0xFF,
    0x0A, 0x3F, 0xFF, 0xFF, 0x0C, 0x51, 0xFF, 0xFF, 0xFF, 0xFF, 0xEE, 0x58, 0x00, 0x51, 0xFF, 0xDE,
    0x27, 0x06, 0x79, 0x3F, 0x00, 0x10, 0xFF, 0xFF, 0xB0, 0xC3, 0xFF, 0xC4, 0x00, 0x00, 0x61, 0xFF,
    0xFF, 0xFF, 0xA2, 0x06, 0x00, 0x00, 0x00, 0xA9, 0xFF, 0x72, 0xBF, 0xFF, 0x39, 0x00, 0x00, 0xAA,
    0xFF, 0x49, 0xDC, 0xFF, 0x1C, 0x00, 0x00, 0x00, 0x00, 0x00, 0x00, 0x00, 0x00, 0x00, 0x00, 0x7E,
    0xFF, 0xFF, 0xFF, 0x97, 0x00, 0x00, 0x97, 0xFF, 0xE3, 0x9D, 0xFF, 0xFF, 0x1B, 0x0C, 0xFF, 0xFF,
    0x0A, 0x3F, 0xFF, 0xFF, 0x0C, 0x51, 0xFF, 0xFF, 0xFF, 0xFF, 0xEE, 0x58, 0x00, 0x51, 0xFF, 0xDE,
    0x27, 0x06, 0x79, 0x3F, 0x00, 0x10, 0xFF, 0xFF, 0xB0, 0xC3, 0xFF, 0xC4, 0x00, 0x00, 0x61, 0xFF,
    0xFF, 0xFF, 0xA2, 0x06, 0x00, 0x00, 0x00, 0x00, 0x00, 0x04, 0x00, 0x00, 0x00, 0x00, 0x00, 0x3A,
    0xFA, 0x9A, 0x00, 0x00, 0x00, 0x00, 0x00, 0x0F, 0xFF, 0xFC, 0x00, 0x00, 0x00, 0x00, 0x00, 0x00,
    0x69, 0xFC, 0x10, 0x00, 0x00, 0x00, 0x00, 0x00, 0x00, 0x00, 0x00, 0x00, 0x00, 0x00, 0xFF, 0xFF,
    0xFF, 0xFF, 0x06, 0x00, 0x00, 0x0D, 0xA5, 0xBA, 0xFF, 0xFF, 0x00, 0x00, 0x00, 0x00, 0x00, 0x69,
    0xFF, 0xC4, 0x00, 0x00, 0x00, 0x00, 0x00, 0xAF, 0xFF, 0xA5, 0x0C, 0x2E, 0x00, 0x00, 0x00, 0xCA,
    0xFF, 0x67, 0xE3, 0xFF, 0x09, 0x00, 0x00, 0xE1, 0xFF, 0xFD, 0xFF, 0x85, 0x00, 0x00, 0x00, 0x7E,
    0xFF, 0xFF, 0x7B, 0x00, 0x00, 0x00, 0x00, 0x00, 0x00, 0x06, 0x00, 0x00, 0x00, 0x00, 0x00, 0x00,
    0x00, 0xB4, 0xF0, 0x1C, 0x00, 0x00, 0x00, 0x00, 0x42, 0xFF, 0xCA, 0x00, 0x00, 0x00, 0x00, 0x00,
    0x87, 0xF0, 0x0C, 0x00, 0x00, 0x00, 0x00, 0x00, 0x00, 0x00, 0x00, 0x00, 0x00, 0x00, 0xFF, 0xFF,
    0xFF, 0xFF, 0x06, 0x00, 0x00, 0x0D, 0xA5, 0xBA, 0xFF, 0xFF, 0x00, 0x00, 0x00, 0x00, 0x00, 0x69,
    0xFF, 0xC4, 0x00, 0x00, 0x00, 0x00, 0x00, 0xAF, 0xFF, 0xA5, 0x0C, 0x2E, 0x00, 0x00, 0x00, 0xCA,
    0xFF, 0x67, 0xE3, 0xFF, 0x09, 0x00, 0x00, 0xE1, 0xFF, 0xFD, 0xFF, 0x85, 0x00, 0x00, 0x00, 0x7E,
    0xFF, 0xFF, 0x7B, 0x00, 0x00, 0x00, 0x00, 0x00, 0xA0, 0xFF, 0xBB, 0x00, 0x00, 0x00, 0x00, 0x9A,
    0xFF, 0xED, 0xFF, 0x87, 0x00, 0x00, 0x06, 0xE9, 0x8E, 0x00, 0xB4, 0xBD, 0x00, 0x00, 0x00, 0x00,
    0x00, 0x00, 0x00, 0x00, 0x00, 0x00, 0xFF, 0xFF, 0xFF, 0xFF, 0x06, 0x00, 0x00, 0x0D, 0xA5, 0xBA,
    0xFF, 0xFF, 0x00, 0x00, 0x00, 0x00, 0x00, 0x69, 0xFF, 0xC4, 0x00, 0x00, 0x00, 0x00, 0x00, 0xAF,
    0xFF, 0xA5, 0x0C, 0x2E, 0x00, 0x00, 0x00, 0xCA, 0xFF, 0x67, 0xE3, 0xFF, 0x09, 0x00, 0x00, 0xE1,
    0xFF, 0xFD, 0xFF, 0x85, 0x00, 0x00, 0x00, 0x7E, 0xFF, 0xFF, 0x7B, 0x00, 0x00, 0x00, 0x00, 0xF1,
    0xFF, 0x1F, 0xFF, 0xFA, 0x00, 0x00, 0x01, 0xFF, 0xFF, 0x25, 0xFF, 0xCE, 0x00, 0x00, 0x00, 0x00,
    0x00, 0x00, 0x00, 0x00, 0x00, 0x00, 0xFF, 0xFF, 0xFF, 0xFF, 0x06, 0x00, 0x00, 0x0D, 0xA5, 0xBA,
    0xFF, 0xFF, 0x00, 0x00, 0x00, 0x00, 0x00, 0x69, 0xFF, 0xC4, 0x00, 0x00, 0x00, 0x00, 0x00, 0xAF,
    0xFF, 0xA5, 0x0C, 0x2E, 0x00, 0x00, 0x00, 0xCA, 0xFF, 0x67, 0xE3, 0xFF, 0x09, 0x00, 0x00, 0xE1,
    0xFF, 0xFD, 0xFF, 0x85, 0x00, 0x00, 0x00, 0x7E, 0xFF, 0xFF, 0x7B, 0x00, 0x00, 0x00, 0x00, 0x00,
    0x00, 0x00, 0x00, 0x0D, 0x00, 0x00, 0x00, 0x79, 0xFF, 0xFF, 0xDF, 0xFF, 0x0A, 0x00, 0x00, 0x1E,
    0xD7, 0xFF, 0xFF, 0x70, 0x00, 0x00, 0x00, 0x0D, 0xAE, 0x3F, 0xFF, 0xFF, 0x01, 0x00, 0x3F, 0xFF,
    0xFF, 0xFF, 0xED, 0xFF, 0x48, 0x09, 0xFF, 0xFF, 0xA6, 0xA0, 0xFF, 0xFF, 0x82, 0x84, 0xFF, 0xD2,
    0x00, 0x00, 0xDC, 0xFF, 0x8A, 0xA2, 0xFF, 0x9F, 0x00, 0x00, 0xF7, 0xFF, 0x61, 0xA2, 0xFF, 0x8D,
    0x00, 0x1B, 0xFF, 0xFF, 0x0F, 0x5A, 0xFF, 0xFF, 0xB7, 0xFF, 0xFF, 0xAE, 0x00, 0x00, 0x9F, 0xFF,
    0xFF, 0xFF, 0x9D, 0x00, 0x00, 0x00, 0x00, 0x00, 0x31, 0x12, 0x00, 0x00, 0x00, 0x00, 0x00, 0xB2,
    0xFF, 0xFF, 0xBB, 0xBE, 0x00, 0x00, 0x00, 0xA2, 0xB9, 0xFF, 0xFF, 0xEB, 0x03, 0x00, 0x00, 0x00,
    0x00, 0x06, 0x3D, 0x04, 0x00, 0x00, 0xCE, 0xFF, 0x96, 0xFF, 0xFF, 0xAC, 0x00, 0x00, 0xFF, 0xFF,
    0xDC, 0x99, 0xFF, 0xFF, 0x1F, 0x01, 0xFF, 0xFF, 0x34, 0x00, 0xFA, 0xFF, 0x2D, 0x2D, 0xFF, 0xFD,
    0x00, 0x00, 0xFF, 0xFF, 0x04, 0x6A, 0xFF, 0xC6, 0x00, 0x1E, 0xFF, 0xFF, 0x00, 0xA6, 0xFF, 0xB1,
    0x00, 0x5B, 0xFF, 0xD4, 0x00, 0xBE, 0xFF, 0x72, 0x00, 0x96, 0xFF, 0xA0, 0x00, 0x00, 0x00, 0x00,
    0x00, 0x04, 0x00, 0x00, 0x00, 0x00, 0x00, 0x04, 0xC4, 0xE3, 0x00, 0x00, 0x00, 0x00, 0x00, 0x00,
    0xBA, 0xFF, 0x30, 0x00, 0x00, 0x00, 0x00, 0x00, 0x15, 0xFF, 0x61, 0x00, 0x00, 0x00, 0x00, 0x00,
    0x00, 0x00, 0x00, 0x00, 0x00, 0x00, 0x0A, 0xAC, 0xFF, 0xFF, 0xF6, 0x4B, 0x00, 0x00, 0xC1, 0xFF,
    0xD3, 0xA3, 0xFF, 0xFF, 0x09, 0x3C, 0xFF, 0xFF, 0x00, 0x00, 0xD9, 0xFF, 0x42, 0x93, 0xFF, 0xB6,
    0x00, 0x00, 0xF5, 0xFF, 0x45, 0x90, 0xFF, 0xB5, 0x00, 0x12, 0xFF, 0xFF, 0x09, 0x34, 0xFF, 0xFF,
    0xB8, 0xF3, 0xFF, 0xA0, 0x00, 0x00, 0x7E, 0xFF, 0xFF, 0xFF, 0x8E, 0x00, 0x00, 0x00, 0x00, 0x00,
    0x00, 0x00, 0x06, 0x00, 0x00, 0x00, 0x00, 0x00, 0x00, 0x5A, 0xFF, 0x61, 0x00, 0x00, 0x00, 0x00,
    0x04, 0xFF, 0xFF, 0x1C, 0x00, 0x00, 0x00, 0x00, 0x31, 0xFF, 0x4B, 0x00, 0x00, 0x00, 0x00, 0x00,
    0x00, 0x00, 0x00, 0x00, 0x00, 0x00, 0x0A, 0xAC, 0xFF, 0xFF, 0xF6, 0x4B, 0x00, 0x00, 0xC1, 0xFF,
    0xD3, 0xA3, 0xFF, 0xFF, 0x09, 0x3C, 0xFF, 0xFF, 0x00, 0x00, 0xD9, 0xFF, 0x42, 0x93, 0xFF, 0xB6,
    0x00, 0x00, 0xF5, 0xFF, 0x45, 0x90, 0xFF, 0xB5, 0x00, 0x12, 0xFF, 0xFF, 0x09, 0x34, 0xFF, 0xFF,
    0xB8, 0xF3, 0xFF, 0xA0, 0x00, 0x00, 0x7E, 0xFF, 0xFF, 0xFF, 0x8E, 0x00, 0x00, 0x00, 0x00, 0x00,
    0x5B, 0xFF, 0xFF, 0x2D, 0x00, 0x00, 0x00, 0x49, 0xFF, 0xEE, 0xFF, 0xE6, 0x00, 0x00, 0x00, 0xA9,
    0xC9, 0x07, 0x60, 0xEB, 0x10, 0x00, 0x00, 0x00, 0x00, 0x00, 0x00, 0x00, 0x00, 0x00, 0x0A, 0xAC,
    0xFF, 0xFF, 0xF6, 0x4B, 0x00, 0x00, 0xC1, 0xFF, 0xD3, 0xA3, 0xFF, 0xFF, 0x09, 0x3C, 0xFF, 0xFF,
    0x00, 0x00, 0xD9, 0xFF, 0x42, 0x93, 0xFF, 0xB6, 0x00, 0x00, 0xF5, 0xFF, 0x45, 0x90, 0xFF, 0xB5,
    0x00, 0x12, 0xFF, 0xFF, 0x09, 0x34, 0xFF, 0xFF, 0xB8, 0xF3, 0xFF, 0xA0, 0x00, 0x00, 0x7E, 0xFF,
    0xFF, 0xFF, 0x8E, 0x00, 0x00, 0x00, 0x00, 0x00, 0x28, 0x1C, 0x00, 0x00, 0x00, 0x00, 0x00, 0x7C,
    0xFF, 0xFF, 0xC4, 0xD3, 0x07, 0x00, 0x00, 0x76, 0xC0, 0xFF, 0xFF, 0xFF, 0x16, 0x00, 0x00, 0x00,
    0x00, 0x00, 0x3C, 0x0A, 0x00, 0x00, 0x0A, 0xAC, 0xFF, 0xFF, 0xF6, 0x4B, 0x00, 0x00, 0xC1, 0xFF,
    0xD3, 0xA3, 0xFF, 0xFF, 0x09, 0x3C, 0xFF, 0xFF, 0x00, 0x00, 0xD9, 0xFF, 0x42, 0x93, 0xFF, 0xB6,
    0x00, 0x00, 0xF5, 0xFF, 0x45, 0x90, 0xFF, 0xB5, 0x00, 0x12, 0xFF, 0xFF, 0x09, 0x34, 0xFF, 0xFF,
    0xB8, 0xF3, 0xFF, 0xA0, 0x00, 0x00, 0x7E, 0xFF, 0xFF, 0xFF, 0x8E, 0x00, 0x00, 0x00, 0x00, 0xA9,
    0xFF, 0x72, 0xBF, 0xFF, 0x39, 0x00, 0x00, 0xAA, 0xFF, 0x49, 0xDC, 0xFF, 0x1C, 0x00, 0x00, 0x00,
    0x00, 0x00, 0x00, 0x00, 0x00, 0x00, 0x0A, 0xAC, 0xFF, 0xFF, 0xF6, 0x4B, 0x00, 0x00, 0xC1, 0xFF,
    0xD3, 0xA3, 0xFF, 0xFF, 0x09, 0x3C, 0xFF, 0xFF, 0x00, 0x00, 0xD9, 0xFF, 0x42, 0x93, 0xFF, 0xB6,
    0x00, 0x00, 0xF5, 0xFF, 0x45, 0x90, 0xFF, 0xB5, 0x00, 0x12, 0xFF, 0xFF, 0x09, 0x34, 0xFF, 0xFF,
    0xB8, 0xF3, 0xFF, 0xA0, 0x00, 0x00, 0x7E, 0xFF, 0xFF, 0xFF, 0x8E, 0x00, 0x00, 0x00, 0x00, 0x00,
    0x00, 0x1C, 0x01, 0x00, 0x00, 0x00, 0x00, 0x00, 0xBB, 0xFF, 0xB4, 0x00, 0x00, 0x00, 0x00, 0x00,
    0xB2, 0xFF, 0x6D, 0x00, 0x00, 0x01, 0xA7, 0xAA, 0xAA, 0xAA, 0xAA, 0xAA, 0x25, 0x2E, 0xFF, 0xFF,
    0xFF, 0xFF, 0xFF, 0xFF, 0x18, 0x00, 0x00, 0x00, 0x1E, 0x07, 0x00, 0x00, 0x00, 0x00, 0x00, 0x7E,
    0xFF, 0xD0, 0x00, 0x00, 0x00, 0x00, 0x00, 0x9D, 0xFF, 0xA5, 0x00, 0x00, 0x00, 0x00, 0x00, 0x00,
    0x00, 0x00, 0x00, 0x2E, 0x6C, 0x00, 0x00, 0x1D, 0xD6, 0xFF, 0xF9, 0xFB, 0xE1, 0x00, 0x00, 0xCB,
    0xEF, 0xC7, 0xF7, 0xE2, 0x16, 0x00, 0x37, 0xFF, 0xA8, 0xA8, 0xFF, 0xE8, 0x49, 0x00, 0x82, 0xF8,
    0xD7, 0xD3, 0xF3, 0xE8, 0x45, 0x00, 0x84, 0xFF, 0xED, 0x5B, 0xE2, 0xE0, 0x09, 0x00, 0x51, 0xFF,
    0xDD, 0xD6, 0xFE, 0x8E, 0x00, 0x0C, 0xE2, 0xF8, 0xFF, 0xFF, 0x9C, 0x00, 0x00, 0x00, 0x76, 0x0B,
    0x00, 0x00, 0x00, 0x00, 0x00, 0x00, 0x00, 0x00, 0x00, 0x04, 0x00, 0x00, 0x00, 0x00, 0x00, 0x0A,
    0xCF, 0xD2, 0x00, 0x00, 0x00, 0x00, 0x00, 0x00, 0xD0, 0xFF, 0x1E, 0x00, 0x00, 0x00, 0x00, 0x00,
    0x21, 0xFF, 0x4F, 0x00, 0x00, 0x00, 0x00, 0x00, 0x00, 0x00, 0x00, 0x00, 0x00, 0x00, 0xE7, 0xFF,
    0x45, 0x00, 0xA6, 0xFF, 0x93, 0x00, 0xFF, 0xFF, 0x0A, 0x00, 0xDA, 0xFF, 0x55, 0x13, 0xFF, 0xFF,
    0x00, 0x00, 0xFF, 0xFF, 0x18, 0x51, 0xFF, 0xDA, 0x00, 0x0F, 0xFF, 0xFF, 0x00, 0x81, 0xFF, 0xB1,
    0x00, 0x9C, 0xFF, 0xED, 0x00, 0x75, 0xFF, 0xFF, 0xB2, 0xFF, 0xFF, 0xBA, 0x00, 0x0A, 0xE3, 0xFF,
    0xE6, 0xA7, 0xFF, 0xA2, 0x00, 0x00, 0x00, 0x00, 0x00, 0x00, 0x06, 0x00, 0x00, 0x00, 0x00, 0x00,
    0x00, 0x75, 0xFF, 0x52, 0x00, 0x00, 0x00, 0x00, 0x0A, 0xFF, 0xFF, 0x12, 0x00, 0x00, 0x00, 0x00,
    0x40, 0xFF, 0x37, 0x00, 0x00, 0x00, 0x00, 0x00, 0x00, 0x00, 0x00, 0x00, 0x00, 0x00, 0xE7, 0xFF,
    0x45, 0x00, 0xA6, 0xFF, 0x93, 0x00, 0xFF, 0xFF, 0x0A, 0x00, 0xDA, 0xFF, 0x55, 0x13, 0xFF, 0xFF,
    0x00, 0x00, 0xFF, 0xFF, 0x18, 0x51, 0xFF, 0xDA, 0x00, 0x0F, 0xFF, 0xFF, 0x00, 0x81, 0xFF, 0xB1,
    0x00, 0x9C, 0xFF, 0xED, 0x00, 0x75, 0xFF, 0xFF, 0xB2, 0xFF, 0xFF, 0xBA, 0x00, 0x0A, 0xE3, 0xFF,
    0xE6, 0xA7, 0xFF, 0xA2, 0x00, 0x00, 0x00, 0x00, 0x52, 0xFB, 0xED, 0x15, 0x00, 0x00, 0x00, 0x4B,
    0xFF, 0xF5, 0xFF, 0xC5, 0x00, 0x00, 0x00, 0xA2, 0xBE, 0x04, 0x7B, 0xE6, 0x07, 0x00, 0x00, 0x00,
    0x00, 0x00, 0x00, 0x00, 0x00, 0x00, 0xE7, 0xFF, 0x45, 0x00, 0xA6, 0xFF, 0x93, 0x00, 0xFF, 0xFF,
    0x0A, 0x00, 0xDA, 0xFF, 0x55, 0x13, 0xFF, 0xFF, 0x00, 0x00, 0xFF, 0xFF, 0x18, 0x51, 0xFF, 0xDA,
    0x00, 0x0F, 0xFF, 0xFF, 0x00, 0x81, 0xFF, 0xB1, 0x00, 0x9C, 0xFF, 0xED, 0x00, 0x75, 0xFF, 0xFF,
    0xB2, 0xFF, 0xFF, 0xBA, 0x00, 0x0A, 0xE3, 0xFF, 0xE6, 0xA7, 0xFF, 0xA2, 0x00, 0x00, 0x00, 0xA2,
    0xFF, 0x5B, 0xD3, 0xFF, 0x25, 0x00, 0x00, 0xBC, 0xFF, 0x34, 0xF1, 0xFF, 0x10, 0x00, 0x00, 0x00,
    0x00, 0x00, 0x00, 0x00, 0x00, 0x00, 0xE7, 0xFF, 0x45, 0x00, 0xA6, 0xFF, 0x93, 0x00, 0xFF, 0xFF,
    0x0A, 0x00, 0xDA, 0xFF, 0x55, 0x13, 0xFF, 0xFF, 0x00, 0x00, 0xFF, 0xFF, 0x18, 0x51, 0xFF, 0xDA,
    0x00, 0x0F, 0xFF, 0xFF, 0x00, 0x81, 0xFF, 0xB1, 0x00, 0x9C, 0xFF, 0xED, 0x00, 0x75, 0xFF, 0xFF,
    0xB2, 0xFF, 0xFF, 0xBA, 0x00, 0x0A, 0xE3, 0xFF, 0xE6, 0xA7, 0xFF, 0xA2, 0x00, 0x00, 0x00, 0x00,
    0x00, 0x00, 0x06, 0x00, 0x00, 0x00, 0x00, 0x00, 0x00, 0x40, 0xFF, 0x76, 0x00, 0x00, 0x00, 0x00,
    0x00, 0xEE, 0xFF, 0x2B, 0x00, 0x00, 0x00, 0x00, 0x21, 0xFD, 0x61, 0x00, 0x00, 0x00, 0x00, 0x00,
    0x00, 0x00, 0x00, 0x00, 0x00, 0x00, 0xE6, 0xFF, 0x46, 0x00, 0xA6, 0xFF, 0x94, 0x00, 0xFF, 0xFF,
    0x0D, 0x00, 0xD8, 0xFF, 0x57, 0x0D, 0xFF, 0xFF, 0x00, 0x00, 0xFF, 0xFF, 0x1B, 0x45, 0xFF, 0xE4,
    0x00, 0x0D, 0xFF, 0xFF, 0x00, 0x78, 0xFF, 0xBF, 0x00, 0x96, 0xFF, 0xF0, 0x00, 0x63, 0xFF, 0xFF,
    0xB2, 0xFB, 0xFF, 0xBC, 0x00, 0x03, 0xD4, 0xFF, 0xDC, 0xA1, 0xFF, 0xA2, 0x00, 0x00, 0x1B, 0x00,
    0x00, 0xF5, 0xFF, 0x3C, 0x00, 0xBA, 0xFF, 0xB2, 0xD9, 0xFF, 0xDE, 0x00, 0x00, 0x8A, 0xFF, 0xFF,
    0xFF, 0xBB, 0x16, 0x00, 0x00, 0x00, 0x00, 0x65, 0xF1, 0x52, 0x00, 0x00, 0x00, 0x00, 0x00, 0x9A,
    0xDF, 0x40, 0x00, 0x00, 0x00, 0x00, 0x00, 0xB1, 0xD6, 0x36, 0x00, 0x00, 0x00, 0x00, 0x00, 0xDD,
    0xD0, 0xCB, 0xFE, 0x9C, 0x00, 0x00, 0x00, 0xFF, 0xF5, 0xC4, 0xF5, 0xE6, 0x36, 0x00, 0x04, 0xFF,
    0xB4, 0x14, 0xBD, 0xEC, 0x6A, 0x00, 0x32, 0xFD, 0x94, 0x00, 0xCA, 0xE8, 0x49, 0x00, 0x67, 0xF7,
    0x76, 0x0A, 0xE1, 0xE1, 0x12, 0x00, 0x9C, 0xFF, 0xE0, 0xDC, 0xFE, 0xA0, 0x00, 0x00, 0xAD, 0xF1,
    0xB8, 0xFF, 0xD2, 0x0E, 0x00, 0x00, 0xDB, 0xE3, 0x15, 0x00, 0x00, 0x00, 0x00, 0x00, 0xDF, 0xDF,
    0x00, 0x00, 0x00, 0x00, 0x00, 0x17, 0xE4, 0xDF, 0x00, 0x00, 0x00, 0x00, 0x00, 0x00, 0x00, 0x8E,
    0xFF, 0x8D, 0xA7, 0xFF, 0x52, 0x00, 0x00, 0xAF, 0xFF, 0x61, 0xC3, 0xFF, 0x30, 0x00, 0x00, 0x00,
    0x00, 0x00, 0x00, 0x00, 0x00, 0x00, 0xE6, 0xFF, 0x46, 0x00, 0xA6, 0xFF, 0x94, 0x00, 0xFF, 0xFF,
    0x0D, 0x00, 0xD8, 0xFF, 0x57, 0x0D, 0xFF, 0xFF, 0x00, 0x00, 0xFF, 0xFF, 0x1B, 0x45, 0xFF, 0xE4,
    0x00, 0x0D, 0xFF, 0xFF, 0x00, 0x78, 0xFF, 0xBF, 0x00, 0x96, 0xFF, 0xF0, 0x00, 0x63, 0xFF, 0xFF,
    0xB2, 0xFB, 0xFF, 0xBC, 0x00, 0x03, 0xD4, 0xFF, 0xDC, 0xA1, 0xFF, 0xA2, 0x00, 0x00, 0x1B, 0x00,
    0x00, 0xF5, 0xFF, 0x3C, 0x00, 0xBA, 0xFF, 0xB2, 0xD9, 0xFF, 0xDE, 0x00, 0x00, 0x8A, 0xFF, 0xFF,
    0xFF, 0xBB, 0x16, 0x00, 0x00, 0x00, 0xB4, 0xB9, 0xB9, 0xB9, 0xB9, 0xB9, 0x28, 0x2A, 0xFF, 0xFF,
    0xFF, 0xFF, 0xFF, 0xFF, 0x18, 0xA9, 0xB9, 0xB9, 0xB9, 0xB9, 0xB9, 0xB9, 0xB1, 0xFF, 0xFF, 0xFF,
    0xFF, 0xFF, 0xFF, 0xFF, 0xFF, 0x00, 0x00, 0xBE, 0xFF, 0x10, 0x00, 0x24, 0xFF, 0xDE, 0x00, 0x00,
    0xC0, 0xFF, 0x91, 0x00, 0x3F, 0xFF, 0xFF, 0x1E, 0x00, 0x6C, 0xA0, 0x9F, 0x00, 0x00, 0x00, 0x03,
    0xFF, 0xFF, 0x9D, 0x00, 0x5B, 0xFF, 0xFF, 0x06, 0x00, 0xB1, 0xFF, 0x78, 0x00, 0x00, 0xFF, 0xF5,
    0x00, 0x00, 0x15, 0xA0, 0x43, 0x00, 0x00, 0x00, 0x00, 0x1C, 0xFF, 0xA5, 0x00, 0xD9, 0xFF, 0x00,
    0x00, 0xB9, 0xFF, 0x46, 0x60, 0xFF, 0xA3, 0x00, 0x3F, 0xFF, 0xFF, 0x03, 0xFF, 0xFF, 0x45, 0x00,
    0xE6, 0xFF, 0xA5, 0x97, 0xFF, 0xFF, 0x00, 0x0A, 0x78, 0x78, 0x24, 0x5B, 0x78, 0x4B, 0x00, 0x69,
    0xEA, 0xF0, 0x64, 0xFF, 0xC1, 0x27, 0x93, 0xFF, 0x60, 0xBE, 0xF5, 0x83, 0x00, 0xBA, 0xD1, 0x1F,
    0xFF, 0xDC, 0x09, 0x00, 0xE0, 0x60, 0x5A, 0xFF, 0x6F, 0x00, 0x00, 0x55, 0x16, 0x31, 0x72, 0x00,
    0x00, 0x00, 0x00, 0x00, 0x00, 0x00, 0x00, 0x00, 0x00, 0x00, 0x00, 0xA0, 0xFB, 0x67, 0xF8, 0x99,
    0xE1, 0xFF, 0x01, 0xB0, 0xD7, 0x8B, 0xF5, 0x79, 0xF6, 0xE3, 0x00, 0x1C, 0xAB, 0xFC, 0xFE, 0xCE,
    0x2F, 0x00, 0x17, 0xBC, 0xFF, 0xD8, 0xDB, 0xFF, 0xB1, 0x04, 0x74, 0xF0, 0xB4, 0x0A, 0x07, 0x5E,
    0x15, 0x00, 0x97, 0xFF, 0xFF, 0xFF, 0xEF, 0x01, 0x00, 0x00, 0xB6, 0xFF, 0x6A, 0x48, 0x39, 0x00,
    0x00, 0x00, 0xBF, 0xFF, 0xFF, 0xFF, 0xB5, 0x00, 0x00, 0x00, 0xAC, 0xF9, 0x69, 0x48, 0x4C, 0x14,
    0x00, 0x00, 0x91, 0xFF, 0xDF, 0xC9, 0xFF, 0xD0, 0x02, 0x00, 0x1A, 0xA4, 0xF8, 0xFF, 0xCE, 0x25,
    0x00, 0x00, 0x00, 0x00, 0x46, 0xBE, 0x00, 0x00, 0x00, 0x00, 0x00, 0x46, 0xFF, 0xFF, 0x16, 0x00,
    0x00, 0x00, 0x46, 0xFF, 0xFF, 0xBA, 0xA5, 0xA5, 0xA5, 0x55, 0xBC, 0xFF, 0xFF, 0xFF, 0xFF, 0xFF,
    0xFF, 0xA8, 0x04, 0xCF, 0xFF, 0xA8, 0x18, 0x18, 0x18, 0x0A, 0x00, 0x04, 0xCF, 0xFF, 0x18, 0x00,
    0x00, 0x00, 0x00, 0x00, 0x04, 0x30, 0x00, 0x00, 0x00, 0x00, 0x00, 0x00, 0x00, 0x13, 0x00, 0x00,
    0x00, 0x00, 0x00, 0x1C, 0xFF, 0xB5, 0x00, 0x00, 0x00, 0x1C, 0xFF, 0xFF, 0xFF, 0xB4, 0x00, 0x16,
    0xFF, 0xFF, 0xFF, 0xFF, 0xFF, 0xAF, 0x03, 0xBF, 0x5A, 0xFF, 0xC4, 0xA1, 0x81, 0x00, 0x00, 0x00,
    0xFF, 0xC8, 0x00, 0x00, 0x00, 0x00, 0x00, 0xFF, 0xC8, 0x00, 0x00, 0x00, 0x00, 0x00, 0xFF, 0xC8,
    0x00, 0x00, 0x00, 0x00, 0x00, 0xFF, 0xC8, 0x00, 0x00, 0x00, 0x00, 0x00, 0xFF, 0xC8, 0x00, 0x00,
    0x00, 0x00, 0x00, 0x0A, 0xB6, 0x21, 0x00, 0x00, 0x00, 0x00, 0x00, 0x42, 0xFF, 0xFF, 0x21, 0x00,
    0x7E, 0xA5, 0xA5, 0xA3, 0xD7, 0xFF, 0xFF, 0x21, 0xCD, 0xFF, 0xFF, 0xFF, 0xFF, 0xFF, 0xFF, 0x9A,
    0x0F, 0x18, 0x18, 0x19, 0xC4, 0xFF, 0xB7, 0x00, 0x00, 0x00, 0x00, 0x4B, 0xFF, 0xB5, 0x00, 0x00,
    0x00, 0x00, 0x00, 0x00, 0x36, 0x00, 0x00, 0x00, 0x00, 0x00, 0x00, 0x1C, 0x12, 0x00, 0x00, 0x00,
    0x00, 0x00, 0xFF, 0xC8, 0x00, 0x00, 0x00, 0x00, 0x00, 0xFF, 0xC8, 0x00, 0x00, 0x00, 0x00, 0x00,
    0xFF, 0xC8, 0x00, 0x00, 0x00, 0x00, 0x00, 0xFF, 0xC8, 0x00, 0x00, 0x00, 0x00, 0x00, 0xFF, 0xC8,
    0x00, 0x00, 0x09, 0xD3, 0x6D, 0xFF, 0xC4, 0xB7, 0x96, 0x12, 0xF5, 0xFF, 0xFF, 0xFF, 0xFF, 0xBA,
    0x00, 0x12, 0xF5, 0xFF, 0xFF, 0xBD, 0x00, 0x00, 0x00, 0x12, 0xF5, 0xBE, 0x00, 0x00, 0x00, 0x00,
    0x00, 0x09, 0x00, 0x00, 0x00, 0x00, 0x00, 0x43, 0x03, 0x18, 0x30, 0x00, 0x00, 0x00, 0x63, 0xFF,
    0xBB, 0xDE, 0xFF, 0x31, 0x00, 0x63, 0xFF, 0xFF, 0xB0, 0xC6, 0xFF, 0xFF, 0x31, 0xE1, 0xFF, 0xFF,
    0xFF, 0xFF, 0xFF, 0xFF, 0xBE, 0x0F, 0xED, 0xFF, 0x87, 0xA5, 0xFF, 0xB7, 0x00, 0x00, 0x0F, 0xDF,
    0x60, 0xA0, 0xB6, 0x00, 0x00, 0x00, 0x00, 0x00, 0x13, 0x00, 0x00, 0x00, 0x00, 0x00, 0x1C, 0xFF,
    0xB5, 0x00, 0x00, 0x00, 0x1C, 0xFF, 0xFF, 0xFF, 0xB4, 0x00, 0x16, 0xFF, 0xFF, 0xFF, 0xFF, 0xFF,
    0xAF, 0x03, 0xBF, 0x5A, 0xFF, 0xC4, 0xA1, 0x81, 0x00, 0x00, 0x00, 0xFF, 0xC8, 0x00, 0x00, 0x09,
    0xD3, 0x6D, 0xFF, 0xC4, 0xB7, 0x96, 0x12, 0xF5, 0xFF, 0xFF, 0xFF, 0xFF, 0xBA, 0x00, 0x12, 0xF5,
    0xFF, 0xFF, 0xBD, 0x00, 0x00, 0x00, 0x12, 0xF5, 0xBE, 0x00, 0x00, 0x00, 0x00, 0x00, 0x09, 0x00,
    0x00, 0x00, 0x00, 0x00, 0x90, 0xA0, 0x93, 0x00, 0x00, 0x00, 0x00, 0xA5, 0x00, 0xA0, 0x00, 0x00,
    0x00, 0x00, 0xA5, 0x00, 0xA0, 0x00, 0x00, 0x00, 0x00, 0xA5, 0x00, 0xA0, 0x00, 0x00, 0x00, 0x00,
    0xA5, 0x00, 0xA0, 0x00, 0x00, 0x00, 0x00, 0xA5, 0x00, 0xA0, 0x00, 0x00, 0x09, 0xC0, 0xC1, 0x00,
    0xB7, 0xC4, 0x0C, 0x00, 0x2D, 0xBA, 0x13, 0xB5, 0x33, 0x00, 0x00, 0x00, 0x2D, 0xD9, 0x33, 0x00,
    0x00, 0x00, 0x00, 0x00, 0x00, 0x00, 0x2D, 0x6C, 0x16, 0x00, 0x0C, 0x12, 0x12, 0x1E, 0xFF, 0xF5,
    0x0A, 0x00, 0xFD, 0xFF, 0xFF, 0xFF, 0xFF, 0xFF, 0x96, 0x00, 0xA3, 0xB4, 0xDA, 0xFF, 0xAB, 0xB4,
    0x30, 0x03, 0x12, 0x27, 0xFF, 0xC1, 0x12, 0x10, 0x00, 0x6D, 0xFF, 0xFF, 0xFF, 0xFF, 0xFF, 0xFF,
    0x00, 0x48, 0xF7, 0xFF, 0xBB, 0xAE, 0xAE, 0x85, 0x00, 0x12, 0xD0, 0x9D, 0x00, 0x00, 0x00, 0x00,
    0x00, 0x34, 0xFF, 0xFF, 0xFF, 0xFF, 0xFF, 0xFF, 0xFF, 0xBF, 0x0D, 0x66, 0x66, 0x66, 0x66, 0x66,
    0x66, 0x66, 0x3D, 0x0F, 0x72, 0x72, 0x72, 0x72, 0x72, 0x72, 0x72, 0x45, 0x33, 0xFF, 0xFF, 0xFF,
    0xFF, 0xFF, 0xFF, 0xFF, 0xB9, 0x00, 0x00, 0x00, 0x00, 0x00, 0x00, 0x00, 0x00, 0x00, 0x30, 0xFF,
    0xFF, 0xFF, 0xFF, 0xFF, 0xFF, 0xFF, 0xAC, 0x13, 0x90, 0x90, 0x90, 0x90, 0x90, 0x90, 0x90, 0x57,
    0x00, 0x00, 0x00, 0x00, 0x00, 0x1E, 0x9C, 0x5B, 0x00, 0x00, 0x15, 0x8E, 0xE4, 0xFF, 0xFF, 0x55,
    0x00, 0x9D, 0xFF, 0xFF, 0xFF, 0xB5, 0x39, 0x00, 0x00, 0xDA, 0xFF, 0xE1, 0x54, 0x00, 0x00, 0x00,
    0x00, 0x49, 0xBE, 0xFF, 0xFF, 0xFF, 0x94, 0x00, 0x00, 0x00, 0x00, 0x0F, 0x90, 0xF5, 0xB4, 0x00,
    0x2A, 0xBA, 0xBA, 0xBA, 0xBA, 0xBA, 0x4B, 0x00, 0x87, 0xFF, 0xFF, 0xFF, 0xFF, 0xFF, 0x5A, 0x00,
    0x00, 0x37, 0xB8, 0x27, 0x00, 0x00, 0x00, 0x00, 0x00, 0x75, 0xFF, 0xFF, 0xDF, 0x76, 0x06, 0x00,
    0x00, 0x00, 0x3A, 0xA2, 0xFF, 0xFF, 0xFF, 0x0A, 0x00, 0x00, 0x0A, 0x72, 0xC6, 0xFF, 0xFF, 0x00,
    0x00, 0xBF, 0xFF, 0xFF, 0xFF, 0xAC, 0x46, 0x00, 0x0C, 0xFF, 0xB6, 0x57, 0x01, 0x00, 0x00, 0x00,
    0x2E, 0xBD, 0xBA, 0xBA, 0xBA, 0xBA, 0x40, 0x00, 0x87, 0xFF, 0xFF, 0xFF, 0xFF, 0xFF, 0x5A, 0x00,
    0x00, 0x00, 0x00, 0x0A, 0x07, 0x00, 0x00, 0x00, 0x0C, 0xCB, 0xFF, 0xFF, 0xBA, 0x04, 0x00, 0xA0,
    0xD5, 0x0D, 0x12, 0xDF, 0xA6, 0x00, 0xE7, 0x60, 0x00, 0x00, 0x6D, 0xD4, 0x00, 0xAC, 0xBE, 0x03,
    0x06, 0xCD, 0xB4, 0x0A, 0xE2, 0xFF, 0xFF, 0xFF, 0xCE, 0x09, 0xA8, 0xA8, 0x00, 0x1C, 0x12, 0x00,
    0x00, 0x06, 0x00, 0x00, 0x00, 0x00, 0x00, 0x00, 0x00, 0x00, 0x00, 0x00, 0x00, 0x00, 0xBA, 0xA0,
    0x69, 0x00, 0x00, 0x00, 0x00, 0x00, 0x00, 0xA5, 0x00, 0xA5, 0x00, 0x00, 0xB8, 0x00, 0x00, 0x00,
    0xA5, 0x00, 0xA5, 0x00, 0xA0, 0xFB, 0xA5, 0xA5, 0xA5, 0xAA, 0x00, 0xA5, 0xBD, 0x5A, 0x00, 0x00,
    0x00, 0x00, 0x00, 0x00, 0xA5, 0x3C, 0xB4, 0x87, 0xA5, 0xA5, 0xA5, 0xA5, 0xA5, 0xAA, 0x00, 0x3A,
    0xFF, 0x00, 0x00, 0x00, 0x00, 0x00, 0x00, 0x00, 0x00, 0x2A, 0x00, 0x00, 0x00, 0x00, 0x00, 0x00,
    0x13, 0x30, 0x30, 0x30, 0x30, 0x30, 0x30, 0x03, 0x78, 0xF5, 0xF5, 0xF5, 0xF5, 0xF5, 0xF5, 0x16,
    0x7A, 0xFA, 0xFA, 0xFA, 0xFA, 0xFA, 0xFA, 0x16, 0x80, 0xFF, 0xFF, 0xFF, 0xFF, 0xFF, 0xFF, 0x1C,
    0x24, 0x06, 0xF5, 0x30, 0xF5, 0x30, 0xF5, 0x30, 0xF5, 0x30, 0xF5, 0x30, 0xF5, 0x30, 0xF5, 0x30,
    0xF5, 0x30, 0xF5, 0x30, 0xF5, 0x30, 0xF5, 0x30, 0xF5, 0x30, 0xF5, 0x30, 0xF5, 0x30, 0xF5, 0x30,
    0xF5, 0x30, 0xBB, 0x24, 0x2E, 0x25, 0xFF, 0xFA, 0xFF, 0xFA, 0xFF, 0xFA, 0xFF, 0xFA, 0xFF, 0xFA,
    0xFF, 0xFA, 0xFF, 0xFA, 0xFF, 0xFA, 0xFF, 0xFA, 0xFF, 0xFA, 0xFF, 0xFA, 0xFF, 0xFA, 0xFF, 0xFA,
    0xFF, 0xFA, 0xFF, 0xFA, 0xFF, 0xFA, 0xF0, 0xBF, 0x1F, 0x30, 0x04, 0x30, 0x27, 0x0C, 0x30, 0x16,
    0xA3, 0xF5, 0x1B, 0xF5, 0xCA, 0x4E, 0xF5, 0x8D, 0xA7, 0xFA, 0x1B, 0xFA, 0xCE, 0x4F, 0xFA, 0x90,
    0xD3, 0xFF, 0x22, 0xFF, 0xFF, 0x63, 0xFF, 0xB7, 0xC6, 0x27, 0xF5, 0x30, 0xF5, 0x30, 0x0D, 0x01,
    0xA0, 0x1F, 0xF5, 0x30, 0xF5, 0x30, 0x3A, 0x09, 0x0D, 0x01, 0xF5, 0x30, 0xF5, 0x30, 0xCA, 0x27,
    0x00, 0x00, 0xF5, 0x30, 0xF5, 0x30, 0xD2, 0x28, 0xFA, 0xC6, 0xFF, 0xFA, 0xFF, 0xFA, 0x10, 0x0D,
    0xCE, 0xA3, 0xFF, 0xFA, 0xFF, 0xFA, 0x4C, 0x3C, 0x10, 0x0D, 0xFF, 0xFA, 0xFF, 0xFA, 0xFF, 0xCE,
    0x00, 0x00, 0xFF, 0xFA, 0xFF, 0xFA, 0xFF, 0xD5, 0x2B, 0x19, 0x2E, 0x18, 0x30, 0x18, 0x30, 0x12,
    0xE1, 0x9C, 0xEC, 0x93, 0xF5, 0x97, 0xF5, 0x6D, 0xE6, 0x9F, 0xF1, 0x96, 0xFA, 0x9A, 0xFA, 0x70,
    0xFF, 0xA6, 0xFF, 0xBD, 0xFF, 0xA1, 0xFF, 0x8D, 0xE8, 0x2D, 0xF5, 0x30, 0xB2, 0x1C, 0xA0, 0x19,
    0xF5, 0x30, 0xF5, 0x30, 0x28, 0x06, 0xF5, 0x30, 0xF5, 0x30, 0x97, 0x18, 0xA7, 0x21, 0xF5, 0x30,
    0xB7, 0x24, 0x97, 0x18, 0xF5, 0x30, 0xF5, 0x30, 0x0D, 0x01, 0xFF, 0xED, 0xFF, 0xFA, 0xBF, 0xB5,
    0xAB, 0xA3, 0xFF, 0xFA, 0xFF, 0xFA, 0x34, 0x2A, 0xFF, 0xFA, 0xFF, 0xFA, 0xA1, 0x9A, 0xD8, 0xAB,
    0xFF, 0xFA, 0xEC, 0xBB, 0xA1, 0x9A, 0xFF, 0xFA, 0xFF, 0xFA, 0x10, 0x0D, 0x2B, 0x30, 0x30, 0x26,
    0x00, 0xFA, 0xF7, 0xF5, 0xC5, 0x04, 0x7F, 0x0A, 0x00, 0x00, 0x00, 0x7F, 0x0A, 0x00, 0x00, 0x00,
    0x7F, 0x0A, 0x00, 0x00, 0x00, 0x7F, 0x0A, 0x00, 0x00, 0x00, 0x7F, 0x0A, 0x00, 0x00, 0x00, 0x7F,
    0x0A, 0x00, 0x00, 0x00, 0x7F, 0x0A, 0x00, 0x00, 0x00, 0x60, 0x07, 0x00, 0x00, 0x00, 0xE2, 0xFA,
    0xFA, 0xC9, 0x04, 0xFB, 0xFF, 0xFF, 0xCD, 0x04, 0x7F, 0x0A, 0x00, 0x00, 0x00, 0x7F, 0x0A, 0x00,
    0x00, 0x00, 0x7F, 0x0A, 0x00, 0x00, 0x00, 0x7F, 0x0A, 0x00, 0x00, 0x00, 0x7F, 0x0A, 0x00, 0x00,
    0x00, 0x7F, 0x0A, 0x00, 0x00, 0x00, 0x7F, 0x0A, 0x00, 0x00, 0x00, 0x4F, 0x05, 0x00, 0x00, 0x00,
    0x2F, 0x30, 0x30, 0x28, 0x0A, 0xFF, 0xF7, 0xF5, 0xD1, 0x43, 0xFC, 0x32, 0x00, 0x00, 0x00, 0xFC,
    0x32, 0x00, 0x00, 0x00, 0xFC, 0x32, 0x00, 0x00, 0x00, 0xFC, 0x32, 0x00, 0x00, 0x00, 0xFC, 0x32,
    0x00, 0x00, 0x00, 0xFC, 0x32, 0x00, 0x00, 0x00, 0xFC, 0x32, 0x00, 0x00, 0x00, 0xD3, 0x26, 0x00,
    0x00, 0x00, 0xF8, 0xFA, 0xFA, 0xD6, 0x45, 0xFF, 0xFF, 0xFF, 0xDE, 0x58, 0xFC, 0x32, 0x00, 0x00,
    0x00, 0xFC, 0x32, 0x00, 0x00, 0x00, 0xFC, 0x32, 0x00, 0x00, 0x00, 0xFC, 0x32, 0x00, 0x00, 0x00,
    0xFC, 0x32, 0x00, 0x00, 0x00, 0xFC, 0x32, 0x00, 0x00, 0x00, 0xFC, 0x32, 0x00, 0x00, 0x00, 0xA6,
    0x21, 0x00, 0x00, 0x00, 0x00, 0x1F, 0x30, 0x30, 0x30, 0x30, 0x06, 0x00, 0xA0, 0xF5, 0xF5, 0xF5,
    0xFF, 0x30, 0x00, 0x00, 0x00, 0x00, 0x00, 0xF5, 0x30, 0x00, 0x00, 0x00, 0x00, 0x00, 0xF5, 0x30,
    0x00, 0x00, 0x00, 0x00, 0x00, 0xF5, 0x30, 0x00, 0x00, 0x00, 0x00, 0x00, 0xF5, 0x30, 0x00, 0x00,
    0x00, 0x00, 0x00, 0xF5, 0x30, 0x00, 0x00, 0x00, 0x00, 0x00, 0xF5, 0x30, 0x00, 0x00, 0x00, 0x00,
    0x00, 0xF5, 0x30, 0x00, 0x00, 0x00, 0x00, 0x00, 0xBB, 0x24, 0x00, 0xA3, 0xFA, 0xFA, 0xFA, 0xFA,
    0x25, 0x00, 0xCE, 0xFF, 0xFF, 0xFF, 0xFF, 0x30, 0x00, 0x00, 0x00, 0x00, 0x00, 0xF5, 0x30, 0x00,
    0x00, 0x00, 0x00, 0x00, 0xF5, 0x30, 0x00, 0x00, 0x00, 0x00, 0x00, 0xF5, 0x30, 0x00, 0x00, 0x00,
    0x00, 0x00, 0xF5, 0x30, 0x00, 0x00, 0x00, 0x00, 0x00, 0xF5, 0x30, 0x00, 0x00, 0x00, 0x00, 0x00,
    0xF5, 0x30, 0x00, 0x00, 0x00, 0x00, 0x00, 0xF5, 0x30, 0x00, 0x00, 0x00, 0x00, 0x00, 0xA0, 0x19,
    0x00, 0x15, 0x30, 0x30, 0x30, 0x30, 0x25, 0x00, 0x7F, 0xF5, 0xF5, 0xF5, 0xFF, 0xFA, 0x00, 0x00,
    0x00, 0x00, 0x00, 0xFF, 0xFA, 0x00, 0x00, 0x00, 0x00, 0x00, 0xFF, 0xFA, 0x00, 0x00, 0x00, 0x00,
    0x00, 0xFF, 0xFA, 0x00, 0x00, 0x00, 0x00, 0x00, 0xFF, 0xFA, 0x00, 0x00, 0x00, 0x00, 0x00, 0xFF,
    0xFA, 0x00, 0x00, 0x00, 0x00, 0x00, 0xFF, 0xFA, 0x00, 0x00, 0x00, 0x00, 0x00, 0xFF, 0xFA, 0x00,
    0x00, 0x00, 0x00, 0x00, 0xF0, 0xBF, 0x00, 0x82, 0xFA, 0xFA, 0xFA, 0xFA, 0xC3, 0x00, 0xA5, 0xFF,
    0xFF, 0xFF, 0xFF, 0xFA, 0x00, 0x00, 0x00, 0x00, 0x00, 0xFF, 0xFA, 0x00, 0x00, 0x00, 0x00, 0x00,
    0xFF, 0xFA, 0x00, 0x00, 0x00, 0x00, 0x00, 0xFF, 0xFA, 0x00, 0x00, 0x00, 0x00, 0x00, 0xFF, 0xFA,
    0x00, 0x00, 0x00, 0x00, 0x00, 0xFF, 0xFA, 0x00, 0x00, 0x00, 0x00, 0x00, 0xFF, 0xFA, 0x00, 0x00,
    0x00, 0x00, 0x00, 0xFF, 0xFA, 0x00, 0x00, 0x00, 0x00, 0x00, 0xAB, 0xA3, 0x12, 0x01, 0x00, 0x00,
    0x00, 0x7F, 0x0A, 0x00, 0x00, 0x00, 0x7F, 0x0A, 0x00, 0x00, 0x00, 0x7F, 0x0A, 0x00, 0x00, 0x00,
    0x7F, 0x0A, 0x00, 0x00, 0x00, 0x7F, 0x0A, 0x00, 0x00, 0x00, 0x7F, 0x0A, 0x00, 0x00, 0x00, 0x7F,
    0x0A, 0x00, 0x00, 0x00, 0x98, 0x38, 0x30, 0x26, 0x00, 0xDE, 0xF5, 0xF5, 0xC5, 0x04, 0x32, 0x03,
    0x00, 0x00, 0x00, 0x7F, 0x0A, 0x00, 0x00, 0x00, 0x7F, 0x0A, 0x00, 0x00, 0x00, 0x7F, 0x0A, 0x00,
    0x00, 0x00, 0x7F, 0x0A, 0x00, 0x00, 0x00, 0x7F, 0x0A, 0x00, 0x00, 0x00, 0x7F, 0x0A, 0x00, 0x00,
    0x00, 0x7F, 0x0A, 0x00, 0x00, 0x00, 0xFB, 0xFB, 0xFA, 0xC9, 0x04, 0xF9, 0xFF, 0xFF, 0xCD, 0x04,
    0x29, 0x07, 0x00, 0x00, 0x00, 0xFC, 0x32, 0x00, 0x00, 0x00, 0xFC, 0x32, 0x00, 0x00, 0x00, 0xFC,
    0x32, 0x00, 0x00, 0x00, 0xFC, 0x32, 0x00, 0x00, 0x00, 0xFC, 0x32, 0x00, 0x00, 0x00, 0xFC, 0x32,
    0x00, 0x00, 0x00, 0xFC, 0x32, 0x00, 0x00, 0x00, 0xFF, 0x59, 0x30, 0x28, 0x0A, 0xF3, 0xF5, 0xF5,
    0xD1, 0x43, 0x71, 0x14, 0x00, 0x00, 0x00, 0xFC, 0x32, 0x00, 0x00, 0x00, 0xFC, 0x32, 0x00, 0x00,
    0x00, 0xFC, 0x32, 0x00, 0x00, 0x00, 0xFC, 0x32, 0x00, 0x00, 0x00, 0xFC, 0x32, 0x00, 0x00, 0x00,
    0xFC, 0x32, 0x00, 0x00, 0x00, 0xFC, 0x32, 0x00, 0x00, 0x00, 0xFF, 0xFB, 0xFA, 0xD6, 0x45, 0xFF,
    0xFF, 0xFF, 0xDE, 0x58, 0x00, 0x00, 0x00, 0x00, 0x00, 0x24, 0x06, 0x00, 0x00, 0x00, 0x00, 0x00,
    0xF5, 0x30, 0x00, 0x00, 0x00, 0x00, 0x00, 0xF5, 0x30, 0x00, 0x00, 0x00, 0x00, 0x00, 0xF5, 0x30,
    0x00, 0x00, 0x00, 0x00, 0x00, 0xF5, 0x30, 0x00, 0x00, 0x00, 0x00, 0x00, 0xF5, 0x30, 0x00, 0x00,
    0x00, 0x00, 0x00, 0xF5, 0x30, 0x00, 0x00, 0x00, 0x00, 0x00, 0xF5, 0x30, 0x00, 0x1F, 0x30, 0x30,
    0x30, 0xFD, 0x30, 0x00, 0xA0, 0xF5, 0xF5, 0xF5, 0xF5, 0x24, 0x00, 0x00, 0x00, 0x00, 0x00, 0x64,
    0x10, 0x00, 0x00, 0x00, 0x00, 0x00, 0xF5, 0x30, 0x00, 0x00, 0x00, 0x00, 0x00, 0xF5, 0x30, 0x00,
    0x00, 0x00, 0x00, 0x00, 0xF5, 0x30, 0x00, 0x00, 0x00, 0x00, 0x00, 0xF5, 0x30, 0x00, 0x00, 0x00,
    0x00, 0x00, 0xF5, 0x30, 0x00, 0x00, 0x00, 0x00, 0x00, 0xF5, 0x30, 0x00, 0x00, 0x00, 0x00, 0x00,
    0xF5, 0x30, 0x00, 0xA3, 0xFA, 0xFA, 0xFA, 0xFF, 0x30, 0x00, 0xCE, 0xFF, 0xFF, 0xFF, 0xFF, 0x2E,
    0x00, 0x00, 0x00, 0x00, 0x00, 0x2E, 0x25, 0x00, 0x00, 0x00, 0x00, 0x00, 0xFF, 0xFA, 0x00, 0x00,
    0x00, 0x00, 0x00, 0xFF, 0xFA, 0x00, 0x00, 0x00, 0x00, 0x00, 0xFF, 0xFA, 0x00, 0x00, 0x00, 0x00,
    0x00, 0xFF, 0xFA, 0x00, 0x00, 0x00, 0x00, 0x00, 0xFF, 0xFA, 0x00, 0x00, 0x00, 0x00, 0x00, 0xFF,
    0xFA, 0x00, 0x00, 0x00, 0x00, 0x00, 0xFF, 0xFA, 0x00, 0x15, 0x30, 0x30, 0x30, 0xFF, 0xFA, 0x00,
    0x7F, 0xF5, 0xF5, 0xF5, 0xF5, 0xBF, 0x00, 0x00, 0x00, 0x00, 0x00, 0x81, 0x66, 0x00, 0x00, 0x00,
    0x00, 0x00, 0xFF, 0xFA, 0x00, 0x00, 0x00, 0x00, 0x00, 0xFF, 0xFA, 0x00, 0x00, 0x00, 0x00, 0x00,
    0xFF, 0xFA, 0x00, 0x00, 0x00, 0x00, 0x00, 0xFF, 0xFA, 0x00, 0x00, 0x00, 0x00, 0x00, 0xFF, 0xFA,
    0x00, 0x00, 0x00, 0x00, 0x00, 0xFF, 0xFA, 0x00, 0x00, 0x00, 0x00, 0x00, 0xFF, 0xFA, 0x00, 0x82,
    0xFA, 0xFA, 0xFA, 0xFF, 0xFA, 0x00, 0xA5, 0xFF, 0xFF, 0xFF, 0xFF, 0xF5, 0x12, 0x01, 0x00, 0x00,
    0x00, 0x7F, 0x0A, 0x00, 0x00, 0x00, 0x7F, 0x0A, 0x00, 0x00, 0x00, 0x7F, 0x0A, 0x00, 0x00, 0x00,
    0x7F, 0x0A, 0x00, 0x00, 0x00, 0x7F, 0x0A, 0x00, 0x00, 0x00, 0x7F, 0x0A, 0x00, 0x00, 0x00, 0x7F,
    0x0A, 0x00, 0x00, 0x00, 0x98, 0x38, 0x30, 0x26, 0x00, 0xFA, 0xF7, 0xF5, 0xC5, 0x04, 0x7F, 0x0A,
    0x00, 0x00, 0x00, 0x7F, 0x0A, 0x00, 0x00, 0x00, 0x7F, 0x0A, 0x00, 0x00, 0x00, 0x7F, 0x0A, 0x00,
    0x00, 0x00, 0x7F, 0x0A, 0x00, 0x00, 0x00, 0x7F, 0x0A, 0x00, 0x00, 0x00, 0x7F, 0x0A, 0x00, 0x00,
    0x00, 0x60, 0x07, 0x00, 0x00, 0x00, 0x12, 0x01, 0x00, 0x00, 0x00, 0x7F, 0x0A, 0x00, 0x00, 0x00,
    0x7F, 0x0A, 0x00, 0x00, 0x00, 0x7F, 0x0A, 0x00, 0x00, 0x00, 0x7F, 0x0A, 0x00, 0x00, 0x00, 0x7F,
    0x0A, 0x00, 0x00, 0x00, 0x7F, 0x0A, 0x00, 0x00, 0x00, 0x7F, 0x0A, 0x00, 0x00, 0x00, 0xD8, 0xB7,
    0xB4, 0x91, 0x03, 0xFB, 0xFF, 0xFF, 0xCD, 0x06, 0xA7, 0x55, 0x4E, 0x3E, 0x00, 0x7F, 0x0A, 0x00,
    0x00, 0x00, 0x7F, 0x0A, 0x00, 0x00, 0x00, 0x7F, 0x0A, 0x00, 0x00, 0x00, 0x7F, 0x0A, 0x00, 0x00,
    0x00, 0x7F, 0x0A, 0x00, 0x00, 0x00, 0x7F, 0x0A, 0x00, 0x00, 0x00, 0x60, 0x07, 0x00, 0x00, 0x00,
    0x29, 0x07, 0x00, 0x00, 0x00, 0xFC, 0x32, 0x00, 0x00, 0x00, 0xFC, 0x32, 0x00, 0x00, 0x00, 0xFC,
    0x32, 0x00, 0x00, 0x00, 0xFC, 0x32, 0x00, 0x00, 0x00, 0xFC, 0x32, 0x00, 0x00, 0x00, 0xFC, 0x32,
    0x00, 0x00, 0x00, 0xFC, 0x32, 0x00, 0x00, 0x00, 0xFF, 0x59, 0x30, 0x28, 0x0A, 0xFF, 0xF7, 0xF5,
    0xD1, 0x43, 0x95, 0x1A, 0x00, 0x00, 0x00, 0x95, 0x1A, 0x00, 0x00, 0x00, 0x95, 0x1A, 0x00, 0x00,
    0x00, 0x95, 0x1A, 0x00, 0x00, 0x00, 0x95, 0x1A, 0x00, 0x00, 0x00, 0x95, 0x1A, 0x00, 0x00, 0x00,
    0x95, 0x1A, 0x00, 0x00, 0x00, 0x7C, 0x14, 0x00, 0x00, 0x00, 0x16, 0x04, 0x00, 0x00, 0x00, 0x95,
    0x1A, 0x00, 0x00, 0x00, 0x95, 0x1A, 0x00, 0x00, 0x00, 0x95, 0x1A, 0x00, 0x00, 0x00, 0x95, 0x1A,
    0x00, 0x00, 0x00, 0x95, 0x1A, 0x00, 0x00, 0x00, 0x95, 0x1A, 0x00, 0x00, 0x00, 0x95, 0x1A, 0x00,
    0x00, 0x00, 0xB1, 0x4C, 0x36, 0x2E, 0x0C, 0xFF, 0xF3, 0xF0, 0xCD, 0x43, 0xFC, 0x32, 0x00, 0x00,
    0x00, 0xFC, 0x32, 0x00, 0x00, 0x00, 0xFC, 0x32, 0x00, 0x00, 0x00, 0xFC, 0x32, 0x00, 0x00, 0x00,
    0xFC, 0x32, 0x00, 0x00, 0x00, 0xFC, 0x32, 0x00, 0x00, 0x00, 0xFC, 0x32, 0x00, 0x00, 0x00, 0xCF,
    0x25, 0x00, 0x00, 0x00, 0x29, 0x07, 0x00, 0x00, 0x00, 0xFC, 0x32, 0x00, 0x00, 0x00, 0xFC, 0x32,
    0x00, 0x00, 0x00, 0xFC, 0x32, 0x00, 0x00, 0x00, 0xFC, 0x32, 0x00, 0x00, 0x00, 0xFC, 0x32, 0x00,
    0x00, 0x00, 0xFC, 0x32, 0x00, 0x00, 0x00, 0xFC, 0x32, 0x00, 0x00, 0x00, 0xFF, 0x59, 0x30, 0x28,
    0x0A, 0xFF, 0xF7, 0xF5, 0xD1, 0x43, 0xFC, 0x32, 0x00, 0x00, 0x00, 0xFC, 0x32, 0x00, 0x00, 0x00,
    0xFC, 0x32, 0x00, 0x00, 0x00, 0xFC, 0x32, 0x00, 0x00, 0x00, 0xFC, 0x32, 0x00, 0x00, 0x00, 0xFC,
    0x32, 0x00, 0x00, 0x00, 0xFC, 0x32, 0x00, 0x00, 0x00, 0xD3, 0x26, 0x00, 0x00, 0x00, 0x71, 0x14,
    0x00, 0x00, 0x00, 0xFC, 0x32, 0x00, 0x00, 0x00, 0xFC, 0x32, 0x00, 0x00, 0x00, 0xFC, 0x32, 0x00,
    0x00, 0x00, 0xFC, 0x32, 0x00, 0x00, 0x00, 0xFC, 0x32, 0x00, 0x00, 0x00, 0xFC, 0x32, 0x00, 0x00,
    0x00, 0xFC, 0x32, 0x00, 0x00, 0x00, 0xFF, 0xFB, 0xFA, 0xD6, 0x45, 0xFF, 0xFF, 0xFF, 0xDE, 0x58,
    0x95, 0x1A, 0x00, 0x00, 0x00, 0x95, 0x1A, 0x00, 0x00, 0x00, 0x95, 0x1A, 0x00, 0x00, 0x00, 0x95,
    0x1A, 0x00, 0x00, 0x00, 0x95, 0x1A, 0x00, 0x00, 0x00, 0x95, 0x1A, 0x00, 0x00, 0x00, 0x95, 0x1A,
    0x00, 0x00, 0x00, 0x59, 0x0E, 0x00, 0x00, 0x00, 0x53, 0x0D, 0x00, 0x00, 0x00, 0x95, 0x1A, 0x00,
    0x00, 0x00, 0x95, 0x1A, 0x00, 0x00, 0x00, 0x95, 0x1A, 0x00, 0x00, 0x00, 0x95, 0x1A, 0x00, 0x00,
    0x00, 0x95, 0x1A, 0x00, 0x00, 0x00, 0x95, 0x1A, 0x00, 0x00, 0x00, 0x95, 0x1A, 0x00, 0x00, 0x00,
    0xFF, 0xFF, 0xFF, 0xDD, 0x55, 0xFF, 0xFF, 0xFF, 0xDA, 0x48, 0xFC, 0x32, 0x00, 0x00, 0x00, 0xFC,
    0x32, 0x00, 0x00, 0x00, 0xFC, 0x32, 0x00, 0x00, 0x00, 0xFC, 0x32, 0x00, 0x00, 0x00, 0xFC, 0x32,
    0x00, 0x00, 0x00, 0xFC, 0x32, 0x00, 0x00, 0x00, 0xFC, 0x32, 0x00, 0x00, 0x00, 0x7C, 0x16, 0x00,
    0x00, 0x00, 0x29, 0x07, 0x00, 0x00, 0x00, 0xFC, 0x32, 0x00, 0x00, 0x00, 0xFC, 0x32, 0x00, 0x00,
    0x00, 0xFC, 0x32, 0x00, 0x00, 0x00, 0xFC, 0x32, 0x00, 0x00, 0x00, 0xFC, 0x32, 0x00, 0x00, 0x00,
    0xFC, 0x32, 0x00, 0x00, 0x00, 0xFC, 0x32, 0x00, 0x00, 0x00, 0xFF, 0xC3, 0xB4, 0x9A, 0x31, 0xFF,
    0xFF, 0xFF, 0xDE, 0x5A, 0xFF, 0x71, 0x4E, 0x42, 0x12, 0xFC, 0x32, 0x00, 0x00, 0x00, 0xFC, 0x32,
    0x00, 0x00, 0x00, 0xFC, 0x32, 0x00, 0x00, 0x00, 0xFC, 0x32, 0x00, 0x00, 0x00, 0xFC, 0x32, 0x00,
    0x00, 0x00, 0xFC, 0x32, 0x00, 0x00, 0x00, 0xD3, 0x26, 0x00, 0x00, 0x00, 0x00, 0x00, 0x00, 0x00,
    0x00, 0x24, 0x06, 0x00, 0x00, 0x00, 0x00, 0x00, 0xF5, 0x30, 0x00, 0x00, 0x00, 0x00, 0x00, 0xF5,
    0x30, 0x00, 0x00, 0x00, 0x00, 0x00, 0xF5, 0x30, 0x00, 0x00, 0x00, 0x00, 0x00, 0xF5, 0x30, 0x00,
    0x00, 0x00, 0x00, 0x00, 0xF5, 0x30, 0x00, 0x00, 0x00, 0x00, 0x00, 0xF5, 0x30, 0x00, 0x00, 0x00,
    0x00, 0x00, 0xF5, 0x30, 0x00, 0x1F, 0x30, 0x30, 0x30, 0xFD, 0x30, 0x00, 0xA0, 0xF5, 0xF5, 0xF5,
    0xFF, 0x30, 0x00, 0x00, 0x00, 0x00, 0x00, 0xF5, 0x30, 0x00, 0x00, 0x00, 0x00, 0x00, 0xF5, 0x30,
    0x00, 0x00, 0x00, 0x00, 0x00, 0xF5, 0x30, 0x00, 0x00, 0x00, 0x00, 0x00, 0xF5, 0x30, 0x00, 0x00,
    0x00, 0x00, 0x00, 0xF5, 0x30, 0x00, 0x00, 0x00, 0x00, 0x00, 0xF5, 0x30, 0x00, 0x00, 0x00, 0x00,
    0x00, 0xF5, 0x30, 0x00, 0x00, 0x00, 0x00, 0x00, 0xBB, 0x24, 0x00, 0x00, 0x00, 0x00, 0x00, 0x24,
    0x06, 0x00, 0x00, 0x00, 0x00, 0x00, 0xF5, 0x30, 0x00, 0x00, 0x00, 0x00, 0x00, 0xF5, 0x30, 0x00,
    0x00, 0x00, 0x00, 0x00, 0xF5, 0x30, 0x00, 0x00, 0x00, 0x00, 0x00, 0xF5, 0x30, 0x00, 0x00, 0x00,
    0x00, 0x00, 0xF5, 0x30, 0x00, 0x00, 0x00, 0x00, 0x00, 0xF5, 0x30, 0x00, 0x00, 0x00, 0x00, 0x00,
    0xF5, 0x30, 0x00, 0x8D, 0xB4, 0xB4, 0xB4, 0xFF, 0x30, 0x00, 0xD2, 0xFF, 0xFF, 0xFF, 0xFF, 0x30,
    0x00, 0x33, 0x4E, 0x4E, 0x4E, 0xFF, 0x30, 0x00, 0x00, 0x00, 0x00, 0x00, 0xF5, 0x30, 0x00, 0x00,
    0x00, 0x00, 0x00, 0xF5, 0x30, 0x00, 0x00, 0x00, 0x00, 0x00, 0xF5, 0x30, 0x00, 0x00, 0x00, 0x00,
    0x00, 0xF5, 0x30, 0x00, 0x00, 0x00, 0x00, 0x00, 0xF5, 0x30, 0x00, 0x00, 0x00, 0x00, 0x00, 0xF5,
    0x30, 0x00, 0x00, 0x00, 0x00, 0x00, 0xBB, 0x24, 0x00, 0x00, 0x00, 0x00, 0x00, 0x2E, 0x25, 0x00,
    0x00, 0x00, 0x00, 0x00, 0xFF, 0xFA, 0x00, 0x00, 0x00, 0x00, 0x00, 0xFF, 0xFA, 0x00, 0x00, 0x00,
    0x00, 0x00, 0xFF, 0xFA, 0x00, 0x00, 0x00, 0x00, 0x00, 0xFF, 0xFA, 0x00, 0x00, 0x00, 0x00, 0x00,
    0xFF, 0xFA, 0x00, 0x00, 0x00, 0x00, 0x00, 0xFF, 0xFA, 0x00, 0x00, 0x00, 0x00, 0x00, 0xFF, 0xFA,
    0x00, 0x15, 0x30, 0x30, 0x30, 0xFF, 0xFA, 0x00, 0x7F, 0xF5, 0xF5, 0xF5, 0xFF, 0xD8, 0x00, 0x00,
    0x00, 0x00, 0x00, 0xAF, 0x84, 0x00, 0x00, 0x00, 0x00, 0x00, 0xAF, 0x84, 0x00, 0x00, 0x00, 0x00,
    0x00, 0xAF, 0x84, 0x00, 0x00, 0x00, 0x00, 0x00, 0xAF, 0x84, 0x00, 0x00, 0x00, 0x00, 0x00, 0xAF,
    0x84, 0x00, 0x00, 0x00, 0x00, 0x00, 0xAF, 0x84, 0x00, 0x00, 0x00, 0x00, 0x00, 0xAF, 0x84, 0x00,
    0x00, 0x00, 0x00, 0x00, 0xA0, 0x64, 0x00, 0x00, 0x00, 0x00, 0x00, 0x19, 0x10, 0x00, 0x00, 0x00,
    0x00, 0x00, 0xAF, 0x84, 0x00, 0x00, 0x00, 0x00, 0x00, 0xAF, 0x84, 0x00, 0x00, 0x00, 0x00, 0x00,
    0xAF, 0x84, 0x00, 0x00, 0x00, 0x00, 0x00, 0xAF, 0x84, 0x00, 0x00, 0x00, 0x00, 0x00, 0xAF, 0x84,
    0x00, 0x00, 0x00, 0x00, 0x00, 0xAF, 0x84, 0x00, 0x00, 0x00, 0x00, 0x00, 0xAF, 0x84, 0x00, 0x15,
    0x30, 0x30, 0x30, 0xC0, 0x99, 0x00, 0x7F, 0xF5, 0xF5, 0xF5, 0xFF, 0xFA, 0x00, 0x00, 0x00, 0x00,
    0x00, 0xFF, 0xFA, 0x00, 0x00, 0x00, 0x00, 0x00, 0xFF, 0xFA, 0x00, 0x00, 0x00, 0x00, 0x00, 0xFF,
    0xFA, 0x00, 0x00, 0x00, 0x00, 0x00, 0xFF, 0xFA, 0x00, 0x00, 0x00, 0x00, 0x00, 0xFF, 0xFA, 0x00,
    0x00, 0x00, 0x00, 0x00, 0xFF, 0xFA, 0x00, 0x00, 0x00, 0x00, 0x00, 0xFF, 0xFA, 0x00, 0x00, 0x00,
    0x00, 0x00, 0xF0, 0xBF, 0x00, 0x00, 0x00, 0x00, 0x00, 0x2E, 0x25, 0x00, 0x00, 0x00, 0x00, 0x00,
    0xFF, 0xFA, 0x00, 0x00, 0x00, 0x00, 0x00, 0xFF, 0xFA, 0x00, 0x00, 0x00, 0x00, 0x00, 0xFF, 0xFA,
    0x00, 0x00, 0x00, 0x00, 0x00, 0xFF, 0xFA, 0x00, 0x00, 0x00, 0x00, 0x00, 0xFF, 0xFA, 0x00, 0x00,
    0x00, 0x00, 0x00, 0xFF, 0xFA, 0x00, 0x00, 0x00, 0x00, 0x00, 0xFF, 0xFA, 0x00, 0x15, 0x30, 0x30,
    0x30, 0xFF, 0xFA, 0x00, 0x7F, 0xF5, 0xF5, 0xF5, 0xFF, 0xFA, 0x00, 0x00, 0x00, 0x00, 0x00, 0xFF,
    0xFA, 0x00, 0x00, 0x00, 0x00, 0x00, 0xFF, 0xFA, 0x00, 0x00, 0x00, 0x00, 0x00, 0xFF, 0xFA, 0x00,
    0x00, 0x00, 0x00, 0x00, 0xFF, 0xFA, 0x00, 0x00, 0x00, 0x00, 0x00, 0xFF, 0xFA, 0x00, 0x00, 0x00,
    0x00, 0x00, 0xFF, 0xFA, 0x00, 0x00, 0x00, 0x00, 0x00, 0xFF, 0xFA, 0x00, 0x00, 0x00, 0x00, 0x00,
    0xF0, 0xBF, 0x00, 0x00, 0x00, 0x00, 0x00, 0x81, 0x66, 0x00, 0x00, 0x00, 0x00, 0x00, 0xFF, 0xFA,
    0x00, 0x00, 0x00, 0x00, 0x00, 0xFF, 0xFA, 0x00, 0x00, 0x00, 0x00, 0x00, 0xFF, 0xFA, 0x00, 0x00,
    0x00, 0x00, 0x00, 0xFF, 0xFA, 0x00, 0x00, 0x00, 0x00, 0x00, 0xFF, 0xFA, 0x00, 0x00, 0x00, 0x00,
    0x00, 0xFF, 0xFA, 0x00, 0x00, 0x00, 0x00, 0x00, 0xFF, 0xFA, 0x00, 0x82, 0xFA, 0xFA, 0xFA, 0xFF,
    0xFA, 0x00, 0xA5, 0xFF, 0xFF, 0xFF, 0xFF, 0xF7, 0x00, 0x00, 0x00, 0x00, 0x00, 0xAF, 0x84, 0x00,
    0x00, 0x00, 0x00, 0x00, 0xAF, 0x84, 0x00, 0x00, 0x00, 0x00, 0x00, 0xAF, 0x84, 0x00, 0x00, 0x00,
    0x00, 0x00, 0xAF, 0x84, 0x00, 0x00, 0x00, 0x00, 0x00, 0xAF, 0x84, 0x00, 0x00, 0x00, 0x00, 0x00,
    0xAF, 0x84, 0x00, 0x00, 0x00, 0x00, 0x00, 0xAF, 0x84, 0x00, 0x00, 0x00, 0x00, 0x00, 0x72, 0x48,
    0x00, 0x00, 0x00, 0x00, 0x00, 0x48, 0x2D, 0x00, 0x00, 0x00, 0x00, 0x00, 0xAF, 0x84, 0x00, 0x00,
    0x00, 0x00, 0x00, 0xAF, 0x84, 0x00, 0x00, 0x00, 0x00, 0x00, 0xAF, 0x84, 0x00, 0x00, 0x00, 0x00,
    0x00, 0xAF, 0x84, 0x00, 0x00, 0x00, 0x00, 0x00, 0xAF, 0x84, 0x00, 0x00, 0x00, 0x00, 0x00, 0xAF,
    0x84, 0x00, 0x00, 0x00, 0x00, 0x00, 0xAF, 0x84, 0x00, 0x82, 0xFA, 0xFA, 0xFA, 0xFF, 0xDA, 0x00,
    0xA5, 0xFF, 0xFF, 0xFF, 0xFF, 0xFA, 0x00, 0x00, 0x00, 0x00, 0x00, 0xFF, 0xFA, 0x00, 0x00, 0x00,
    0x00, 0x00, 0xFF, 0xFA, 0x00, 0x00, 0x00, 0x00, 0x00, 0xFF, 0xFA, 0x00, 0x00, 0x00, 0x00, 0x00,
    0xFF, 0xFA, 0x00, 0x00, 0x00, 0x00, 0x00, 0xFF, 0xFA, 0x00, 0x00, 0x00, 0x00, 0x00, 0xFF, 0xFA,
    0x00, 0x00, 0x00, 0x00, 0x00, 0xFF, 0xFA, 0x00, 0x00, 0x00, 0x00, 0x00, 0xAB, 0xA3, 0x00, 0x00,
    0x00, 0x00, 0x00, 0x2E, 0x25, 0x00, 0x00, 0x00, 0x00, 0x00, 0xFF, 0xFA, 0x00, 0x00, 0x00, 0x00,
    0x00, 0xFF, 0xFA, 0x00, 0x00, 0x00, 0x00, 0x00, 0xFF, 0xFA, 0x00, 0x00, 0x00, 0x00, 0x00, 0xFF,
    0xFA, 0x00, 0x00, 0x00, 0x00, 0x00, 0xFF, 0xFA, 0x00, 0x00, 0x00, 0x00, 0x00, 0xFF, 0xFA, 0x00,
    0x00, 0x00, 0x00, 0x00, 0xFF, 0xFA, 0x00, 0x5E, 0xB4, 0xB4, 0xB4, 0xFF, 0xFA, 0x00, 0xA8, 0xFF,
    0xFF, 0xFF, 0xFF, 0xFA, 0x00, 0x21, 0x4E, 0x4E, 0x4E, 0xFF, 0xFA, 0x00, 0x00, 0x00, 0x00, 0x00,
    0xFF, 0xFA, 0x00, 0x00, 0x00, 0x00, 0x00, 0xFF, 0xFA, 0x00, 0x00, 0x00, 0x00, 0x00, 0xFF, 0xFA,
    0x00, 0x00, 0x00, 0x00, 0x00, 0xFF, 0xFA, 0x00, 0x00, 0x00, 0x00, 0x00, 0xFF, 0xFA, 0x00, 0x00,
    0x00, 0x00, 0x00, 0xFF, 0xFA, 0x00, 0x00, 0x00, 0x00, 0x00, 0xF0, 0xBF, 0x13, 0x30, 0x30, 0x30,
    0x30, 0x30, 0x30, 0x03, 0x78, 0xF5, 0xF5, 0xFD, 0xFD, 0xF5, 0xF5, 0x16, 0x00, 0x00, 0x00, 0xB7,
    0x3B, 0x00, 0x00, 0x00, 0x00, 0x00, 0x00, 0xB7, 0x3B, 0x00, 0x00, 0x00, 0x00, 0x00, 0x00, 0xB7,
    0x3B, 0x00, 0x00, 0x00, 0x00, 0x00, 0x00, 0xB7, 0x3B, 0x00, 0x00, 0x00, 0x00, 0x00, 0x00, 0xB7,
    0x3B, 0x00, 0x00, 0x00, 0x00, 0x00, 0x00, 0xB7, 0x3B, 0x00, 0x00, 0x00, 0x00, 0x00, 0x00, 0xB7,
    0x3B, 0x00, 0x00, 0x00, 0x00, 0x00, 0x00, 0x8B, 0x2C, 0x00, 0x00, 0x00, 0x70, 0xFA, 0xFA, 0xFA,
    0x95, 0x84, 0x84, 0x01, 0x8E, 0xFF, 0xFF, 0xFF, 0xBD, 0xAF, 0xAF, 0x03, 0x00, 0x00, 0x00, 0xC7,
    0x27, 0x00, 0x00, 0x00, 0x00, 0x00, 0x00, 0xC7, 0x27, 0x00, 0x00, 0x00, 0x00, 0x00, 0x00, 0xC7,
    0x27, 0x00, 0x00, 0x00, 0x00, 0x00, 0x00, 0xC7, 0x27, 0x00, 0x00, 0x00, 0x00, 0x00, 0x00, 0xC7,
    0x27, 0x00, 0x00, 0x00, 0x00, 0x00, 0x00, 0xC7, 0x27, 0x00, 0x00, 0x00, 0x00, 0x00, 0x00, 0xC7,
    0x27, 0x00, 0x00, 0x00, 0x00, 0x00, 0x00, 0x82, 0x14, 0x00, 0x00, 0x00, 0x36, 0x84, 0x84, 0xC1,
    0xFA, 0xFA, 0xFA, 0x16, 0x55, 0xAF, 0xAF, 0xF0, 0xFF, 0xFF, 0xFF, 0x1C, 0x00, 0x00, 0x00, 0xB7,
    0x3B, 0x00, 0x00, 0x00, 0x00, 0x00, 0x00, 0xB7, 0x3B, 0x00, 0x00, 0x00, 0x00, 0x00, 0x00, 0xB7,
    0x3B, 0x00, 0x00, 0x00, 0x00, 0x00, 0x00, 0xB7, 0x3B, 0x00, 0x00, 0x00, 0x00, 0x00, 0x00, 0xB7,
    0x3B, 0x00, 0x00, 0x00, 0x00, 0x00, 0x00, 0xB7, 0x3B, 0x00, 0x00, 0x00, 0x00, 0x00, 0x00, 0xB7,
    0x3B, 0x00, 0x00, 0x00, 0x00, 0x00, 0x00, 0x77, 0x20, 0x00, 0x00, 0x00, 0x7A, 0xFA, 0xFA, 0xFA,
    0xFA, 0xFA, 0xFA, 0x16, 0x80, 0xFF, 0xFF, 0xFF, 0xFF, 0xFF, 0xFF, 0x1C, 0x00, 0x00, 0x00, 0xB7,
    0x3B, 0x00, 0x00, 0x00, 0x00, 0x00, 0x00, 0xB7, 0x3B, 0x00, 0x00, 0x00, 0x00, 0x00, 0x00, 0xB7,
    0x3B, 0x00, 0x00, 0x00, 0x00, 0x00, 0x00, 0xB7, 0x3B, 0x00, 0x00, 0x00, 0x00, 0x00, 0x00, 0xB7,
    0x3B, 0x00, 0x00, 0x00, 0x00, 0x00, 0x00, 0xB7, 0x3B, 0x00, 0x00, 0x00, 0x00, 0x00, 0x00, 0xB7,
    0x3B, 0x00, 0x00, 0x00, 0x00, 0x00, 0x00, 0x77, 0x20, 0x00, 0x00, 0x00, 0x13, 0x30, 0x30, 0x30,
    0x30, 0x30, 0x30, 0x03, 0x78, 0xF5, 0xF9, 0xFF, 0xFD, 0xF5, 0xF5, 0x16, 0x00, 0x00, 0x18, 0xD9,
    0xA3, 0x00, 0x00, 0x00, 0x00, 0x00, 0x18, 0xD9, 0xA3, 0x00, 0x00, 0x00, 0x00, 0x00, 0x18, 0xD9,
    0xA3, 0x00, 0x00, 0x00, 0x00, 0x00, 0x18, 0xD9, 0xA3, 0x00, 0x00, 0x00, 0x00, 0x00, 0x18, 0xD9,
    0xA3, 0x00, 0x00, 0x00, 0x00, 0x00, 0x18, 0xD9, 0xA3, 0x00, 0x00, 0x00, 0x00, 0x00, 0x18, 0xD9,
    0xA3, 0x00, 0x00, 0x00, 0x00, 0x00, 0x12, 0xCF, 0x95, 0x00, 0x00, 0x00, 0x59, 0xFA, 0xFA, 0xFA,
    0xCA, 0x84, 0x84, 0x1E, 0x71, 0xFF, 0xFF, 0xFF, 0xF0, 0xAF, 0xAF, 0x30, 0x00, 0x00, 0x00, 0xCF,
    0xCB, 0x00, 0x00, 0x00, 0x00, 0x00, 0x00, 0xCF, 0xCB, 0x00, 0x00, 0x00, 0x00, 0x00, 0x00, 0xCF,
    0xCB, 0x00, 0x00, 0x00, 0x00, 0x00, 0x00, 0xCF, 0xCB, 0x00, 0x00, 0x00, 0x00, 0x00, 0x00, 0xCF,
    0xCB, 0x00, 0x00, 0x00, 0x00, 0x00, 0x00, 0xCF, 0xCB, 0x00, 0x00, 0x00, 0x00, 0x00, 0x00, 0xCF,
    0xCB, 0x00, 0x00, 0x00, 0x00, 0x00, 0x00, 0x8B, 0x84, 0x00, 0x00, 0x00, 0x27, 0x84, 0x84, 0xE1,
    0xFA, 0xFA, 0xFA, 0x45, 0x3F, 0xAF, 0xAF, 0xF0, 0xFF, 0xFF, 0xFF, 0x58, 0x00, 0x00, 0x00, 0xCF,
    0xCB, 0x00, 0x00, 0x00, 0x00, 0x00, 0x00, 0xCF, 0xCB, 0x00, 0x00, 0x00, 0x00, 0x00, 0x00, 0xCF,
    0xCB, 0x00, 0x00, 0x00, 0x00, 0x00, 0x00, 0xCF, 0xCB, 0x00, 0x00, 0x00, 0x00, 0x00, 0x00, 0xCF,
    0xCB, 0x00, 0x00, 0x00, 0x00, 0x00, 0x00, 0xCF, 0xCB, 0x00, 0x00, 0x00, 0x00, 0x00, 0x00, 0xCF,
    0xCB, 0x00, 0x00, 0x00, 0x00, 0x00, 0x00, 0x8B, 0x84, 0x00, 0x00, 0x00, 0x7A, 0xFA, 0xFA, 0xFA,
    0xFA, 0xFA, 0xFA, 0x16, 0x80, 0xFF, 0xFF, 0xFF, 0xFF, 0xFF, 0xFF, 0x1C, 0x00, 0x00, 0x18, 0xD9,
    0xA3, 0x00, 0x00, 0x00, 0x00, 0x00, 0x18, 0xD9, 0xA3, 0x00, 0x00, 0x00, 0x00, 0x00, 0x18, 0xD9,
    0xA3, 0x00, 0x00, 0x00, 0x00, 0x00, 0x18, 0xD9, 0xA3, 0x00, 0x00, 0x00, 0x00, 0x00, 0x18, 0xD9,
    0xA3, 0x00, 0x00, 0x00, 0x00, 0x00, 0x18, 0xD9, 0xA3, 0x00, 0x00, 0x00, 0x00, 0x00, 0x18, 0xD9,
    0xA3, 0x00, 0x00, 0x00, 0x00, 0x00, 0x0C, 0x93, 0x6A, 0x00, 0x00, 0x00, 0x00, 0x00, 0x00, 0x1B,
    0x07, 0x00, 0x00, 0x00, 0x00, 0x00, 0x00, 0xB7, 0x3B, 0x00, 0x00, 0x00, 0x00, 0x00, 0x00, 0xB7,
    0x3B, 0x00, 0x00, 0x00, 0x00, 0x00, 0x00, 0xB7, 0x3B, 0x00, 0x00, 0x00, 0x00, 0x00, 0x00, 0xB7,
    0x3B, 0x00, 0x00, 0x00, 0x00, 0x00, 0x00, 0xB7, 0x3B, 0x00, 0x00, 0x00, 0x00, 0x00, 0x00, 0xB7,
    0x3B, 0x00, 0x00, 0x00, 0x00, 0x00, 0x00, 0xB7, 0x3B, 0x00, 0x00, 0x00, 0x13, 0x30, 0x30, 0xC9,
    0x63, 0x30, 0x30, 0x03, 0x78, 0xF5, 0xF5, 0xF5, 0xF5, 0xF5, 0xF5, 0x16, 0x00, 0x00, 0x00, 0x51,
    0x0D, 0x00, 0x00, 0x00, 0x00, 0x00, 0x00, 0xC7, 0x27, 0x00, 0x00, 0x00, 0x00, 0x00, 0x00, 0xC7,
    0x27, 0x00, 0x00, 0x00, 0x00, 0x00, 0x00, 0xC7, 0x27, 0x00, 0x00, 0x00, 0x00, 0x00, 0x00, 0xC7,
    0x27, 0x00, 0x00, 0x00, 0x00, 0x00, 0x00, 0xC7, 0x27, 0x00, 0x00, 0x00, 0x00, 0x00, 0x00, 0xC7,
    0x27, 0x00, 0x00, 0x00, 0x00, 0x00, 0x00, 0xC7, 0x27, 0x00, 0x00, 0x00, 0x70, 0xFA, 0xFA, 0xFE,
    0x9D, 0x84, 0x84, 0x01, 0x8E, 0xFF, 0xFF, 0xFF, 0xBD, 0xAF, 0xAF, 0x03, 0x00, 0x00, 0x00, 0x51,
    0x0D, 0x00, 0x00, 0x00, 0x00, 0x00, 0x00, 0xC7, 0x27, 0x00, 0x00, 0x00, 0x00, 0x00, 0x00, 0xC7,
    0x27, 0x00, 0x00, 0x00, 0x00, 0x00, 0x00, 0xC7, 0x27, 0x00, 0x00, 0x00, 0x00, 0x00, 0x00, 0xC7,
    0x27, 0x00, 0x00, 0x00, 0x00, 0x00, 0x00, 0xC7, 0x27, 0x00, 0x00, 0x00, 0x00, 0x00, 0x00, 0xC7,
    0x27, 0x00, 0x00, 0x00, 0x00, 0x00, 0x00, 0xC7, 0x27, 0x00, 0x00, 0x00, 0x3A, 0x84, 0x84, 0xE8,
    0xFE, 0xFA, 0xFA, 0x04, 0x5E, 0xAF, 0xAF, 0xF0, 0xFF, 0xFF, 0xFF, 0x04, 0x00, 0x00, 0x00, 0x4A,
    0x14, 0x00, 0x00, 0x00, 0x00, 0x00, 0x00, 0xB7, 0x3B, 0x00, 0x00, 0x00, 0x00, 0x00, 0x00, 0xB7,
    0x3B, 0x00, 0x00, 0x00, 0x00, 0x00, 0x00, 0xB7, 0x3B, 0x00, 0x00, 0x00, 0x00, 0x00, 0x00, 0xB7,
    0x3B, 0x00, 0x00, 0x00, 0x00, 0x00, 0x00, 0xB7, 0x3B, 0x00, 0x00, 0x00, 0x00, 0x00, 0x00, 0xB7,
    0x3B, 0x00, 0x00, 0x00, 0x00, 0x00, 0x00, 0xB7, 0x3B, 0x00, 0x00, 0x00, 0x7A, 0xFA, 0xFA, 0xFE,
    0xFE, 0xFA, 0xFA, 0x16, 0x80, 0xFF, 0xFF, 0xFF, 0xFF, 0xFF, 0xFF, 0x1C, 0x00, 0x00, 0x03, 0x28,
    0x18, 0x00, 0x00, 0x00, 0x00, 0x00, 0x18, 0xD9, 0xA3, 0x00, 0x00, 0x00, 0x00, 0x00, 0x18, 0xD9,
    0xA3, 0x00, 0x00, 0x00, 0x00, 0x00, 0x18, 0xD9, 0xA3, 0x00, 0x00, 0x00, 0x00, 0x00, 0x18, 0xD9,
    0xA3, 0x00, 0x00, 0x00, 0x00, 0x00, 0x18, 0xD9, 0xA3, 0x00, 0x00, 0x00, 0x00, 0x00, 0x18, 0xD9,
    0xA3, 0x00, 0x00, 0x00, 0x00, 0x00, 0x18, 0xD9, 0xA3, 0x00, 0x00, 0x00, 0x13, 0x30, 0x44, 0xE1,
    0xB8, 0x30, 0x30, 0x03, 0x78, 0xF5, 0xF5, 0xF5, 0xF5, 0xF5, 0xF5, 0x16, 0x00, 0x00, 0x00, 0x69,
    0x53, 0x00, 0x00, 0x00, 0x00, 0x00, 0x00, 0xCF, 0xCB, 0x00, 0x00, 0x00, 0x00, 0x00, 0x00, 0xCF,
    0xCB, 0x00, 0x00, 0x00, 0x00, 0x00, 0x00, 0xCF, 0xCB, 0x00, 0x00, 0x00, 0x00, 0x00, 0x00, 0xCF,
    0xCB, 0x00, 0x00, 0x00, 0x00, 0x00, 0x00, 0xCF, 0xCB, 0x00, 0x00, 0x00, 0x00, 0x00, 0x00, 0xCF,
    0xCB, 0x00, 0x00, 0x00, 0x00, 0x00, 0x00, 0xCF, 0xCB, 0x00, 0x00, 0x00, 0x59, 0xFA, 0xFA, 0xFE,
    0xE8, 0x84, 0x84, 0x1E, 0x71, 0xFF, 0xFF, 0xFF, 0xF0, 0xAF, 0xAF, 0x30, 0x00, 0x00, 0x00, 0x69,
    0x53, 0x00, 0x00, 0x00, 0x00, 0x00, 0x00, 0xCF, 0xCB, 0x00, 0x00, 0x00, 0x00, 0x00, 0x00, 0xCF,
    0xCB, 0x00, 0x00, 0x00, 0x00, 0x00, 0x00, 0xCF, 0xCB, 0x00, 0x00, 0x00, 0x00, 0x00, 0x00, 0xCF,
    0xCB, 0x00, 0x00, 0x00, 0x00, 0x00, 0x00, 0xCF, 0xCB, 0x00, 0x00, 0x00, 0x00, 0x00, 0x00, 0xCF,
    0xCB, 0x00, 0x00, 0x00, 0x00, 0x00, 0x00, 0xCF, 0xCB, 0x00, 0x00, 0x00, 0x27, 0x84, 0x84, 0xE8,
    0xFE, 0xFA, 0xFA, 0x45, 0x3F, 0xAF, 0xAF, 0xF0, 0xFF, 0xFF, 0xFF, 0x58, 0x00, 0x00, 0x08, 0x6F,
    0x43, 0x00, 0x00, 0x00, 0x00, 0x00, 0x18, 0xD9, 0xA3, 0x00, 0x00, 0x00, 0x00, 0x00, 0x18, 0xD9,
    0xA3, 0x00, 0x00, 0x00, 0x00, 0x00, 0x18, 0xD9, 0xA3, 0x00, 0x00, 0x00, 0x00, 0x00, 0x18, 0xD9,
    0xA3, 0x00, 0x00, 0x00, 0x00, 0x00, 0x18, 0xD9, 0xA3, 0x00, 0x00, 0x00, 0x00, 0x00, 0x18, 0xD9,
    0xA3, 0x00, 0x00, 0x00, 0x00, 0x00, 0x18, 0xD9, 0xA3, 0x00, 0x00, 0x00, 0x7A, 0xFA, 0xFC, 0xFF,
    0xFE, 0xFA, 0xFA, 0x16, 0x80, 0xFF, 0xFF, 0xFF, 0xFF, 0xFF, 0xFF, 0x1C, 0x00, 0x00, 0x00, 0x1B,
    0x07, 0x00, 0x00, 0x00, 0x00, 0x00, 0x00, 0xB7, 0x3B, 0x00, 0x00, 0x00, 0x00, 0x00, 0x00, 0xB7,
    0x3B, 0x00, 0x00, 0x00, 0x00, 0x00, 0x00, 0xB7, 0x3B, 0x00, 0x00, 0x00, 0x00, 0x00, 0x00, 0xB7,
    0x3B, 0x00, 0x00, 0x00, 0x00, 0x00, 0x00, 0xB7, 0x3B, 0x00, 0x00, 0x00, 0x00, 0x00, 0x00, 0xB7,
    0x3B, 0x00, 0x00, 0x00, 0x00, 0x00, 0x00, 0xB7, 0x3B, 0x00, 0x00, 0x00, 0x13, 0x30, 0x30, 0xC9,
    0x63, 0x30, 0x30, 0x03, 0x78, 0xF5, 0xF5, 0xFD, 0xFD, 0xF5, 0xF5, 0x16, 0x00, 0x00, 0x00, 0xB7,
    0x3B, 0x00, 0x00, 0x00, 0x00, 0x00, 0x00, 0xB7, 0x3B, 0x00, 0x00, 0x00, 0x00, 0x00, 0x00, 0xB7,
    0x3B, 0x00, 0x00, 0x00, 0x00, 0x00, 0x00, 0xB7, 0x3B, 0x00, 0x00, 0x00, 0x00, 0x00, 0x00, 0xB7,
    0x3B, 0x00, 0x00, 0x00, 0x00, 0x00, 0x00, 0xB7, 0x3B, 0x00, 0x00, 0x00, 0x00, 0x00, 0x00, 0xB7,
    0x3B, 0x00, 0x00, 0x00, 0x00, 0x00, 0x00, 0x8B, 0x2C, 0x00, 0x00, 0x00, 0x00, 0x00, 0x00, 0x1D,
    0x05, 0x00, 0x00, 0x00, 0x00, 0x00, 0x00, 0xC7, 0x27, 0x00, 0x00, 0x00, 0x00, 0x00, 0x00, 0xC7,
    0x27, 0x00, 0x00, 0x00, 0x00, 0x00, 0x00, 0xC7, 0x27, 0x00, 0x00, 0x00, 0x00, 0x00, 0x00, 0xC7,
    0x27, 0x00, 0x00, 0x00, 0x00, 0x00, 0x00, 0xC7, 0x27, 0x00, 0x00, 0x00, 0x00, 0x00, 0x00, 0xC7,
    0x27, 0x00, 0x00, 0x00, 0x00, 0x00, 0x00, 0xC7, 0x27, 0x00, 0x00, 0x00, 0x61, 0xB4, 0xB4, 0xF1,
    0x52, 0x30, 0x30, 0x00, 0x90, 0xFF, 0xFF, 0xFF, 0xFC, 0xF5, 0xF5, 0x04, 0x23, 0x4E, 0x4E, 0xDE,
    0x27, 0x00, 0x00, 0x00, 0x00, 0x00, 0x00, 0xC7, 0x27, 0x00, 0x00, 0x00, 0x00, 0x00, 0x00, 0xC7,
    0x27, 0x00, 0x00, 0x00, 0x00, 0x00, 0x00, 0xC7, 0x27, 0x00, 0x00, 0x00, 0x00, 0x00, 0x00, 0xC7,
    0x27, 0x00, 0x00, 0x00, 0x00, 0x00, 0x00, 0xC7, 0x27, 0x00, 0x00, 0x00, 0x00, 0x00, 0x00, 0xC7,
    0x27, 0x00, 0x00, 0x00, 0x00, 0x00, 0x00, 0x98, 0x1D, 0x00, 0x00, 0x00, 0x00, 0x00, 0x00, 0x1D,
    0x05, 0x00, 0x00, 0x00, 0x00, 0x00, 0x00, 0xC7, 0x27, 0x00, 0x00, 0x00, 0x00, 0x00, 0x00, 0xC7,
    0x27, 0x00, 0x00, 0x00, 0x00, 0x00, 0x00, 0xC7, 0x27, 0x00, 0x00, 0x00, 0x00, 0x00, 0x00, 0xC7,
    0x27, 0x00, 0x00, 0x00, 0x00, 0x00, 0x00, 0xC7, 0x27, 0x00, 0x00, 0x00, 0x00, 0x00, 0x00, 0xC7,
    0x27, 0x00, 0x00, 0x00, 0x00, 0x00, 0x00, 0xC7, 0x27, 0x00, 0x00, 0x00, 0x15, 0x30, 0x30, 0xD7,
    0xC2, 0xB4, 0xB4, 0x03, 0x6E, 0xF5, 0xF5, 0xFD, 0xFF, 0xFF, 0xFF, 0x06, 0x00, 0x00, 0x00, 0xC7,
    0x6C, 0x4E, 0x4E, 0x00, 0x00, 0x00, 0x00, 0xC7, 0x27, 0x00, 0x00, 0x00, 0x00, 0x00, 0x00, 0xC7,
    0x27, 0x00, 0x00, 0x00, 0x00, 0x00, 0x00, 0xC7, 0x27, 0x00, 0x00, 0x00, 0x00, 0x00, 0x00, 0xC7,
    0x27, 0x00, 0x00, 0x00, 0x00, 0x00, 0x00, 0xC7, 0x27, 0x00, 0x00, 0x00, 0x00, 0x00, 0x00, 0xC7,
    0x27, 0x00, 0x00, 0x00, 0x00, 0x00, 0x00, 0x98, 0x1D, 0x00, 0x00, 0x00, 0x00, 0x00, 0x00, 0x1B,
    0x07, 0x00, 0x00, 0x00, 0x00, 0x00, 0x00, 0xB7, 0x3B, 0x00, 0x00, 0x00, 0x00, 0x00, 0x00, 0xB7,
    0x3B, 0x00, 0x00, 0x00, 0x00, 0x00, 0x00, 0xB7, 0x3B, 0x00, 0x00, 0x00, 0x00, 0x00, 0x00, 0xB7,
    0x3B, 0x00, 0x00, 0x00, 0x00, 0x00, 0x00, 0xB7, 0x3B, 0x00, 0x00, 0x00, 0x00, 0x00, 0x00, 0xB7,
    0x3B, 0x00, 0x00, 0x00, 0x00, 0x00, 0x00, 0xB7, 0x3B, 0x00, 0x00, 0x00, 0x57, 0xB4, 0xB4, 0xF1,
    0xC9, 0xB4, 0xB4, 0x10, 0x83, 0xFF, 0xFF, 0xFF, 0xFF, 0xFF, 0xFF, 0x1E, 0x1F, 0x4E, 0x4E, 0xD4,
    0x7C, 0x4E, 0x4E, 0x06, 0x00, 0x00, 0x00, 0xB7, 0x3B, 0x00, 0x00, 0x00, 0x00, 0x00, 0x00, 0xB7,
    0x3B, 0x00, 0x00, 0x00, 0x00, 0x00, 0x00, 0xB7, 0x3B, 0x00, 0x00, 0x00, 0x00, 0x00, 0x00, 0xB7,
    0x3B, 0x00, 0x00, 0x00, 0x00, 0x00, 0x00, 0xB7, 0x3B, 0x00, 0x00, 0x00, 0x00, 0x00, 0x00, 0xB7,
    0x3B, 0x00, 0x00, 0x00, 0x00, 0x00, 0x00, 0x8B, 0x2C, 0x00, 0x00, 0x00, 0x00, 0x00, 0x03, 0x28,
    0x18, 0x00, 0x00, 0x00, 0x00, 0x00, 0x18, 0xD9, 0xA3, 0x00, 0x00, 0x00, 0x00, 0x00, 0x18, 0xD9,
    0xA3, 0x00, 0x00, 0x00, 0x00, 0x00, 0x18, 0xD9, 0xA3, 0x00, 0x00, 0x00, 0x00, 0x00, 0x18, 0xD9,
    0xA3, 0x00, 0x00, 0x00, 0x00, 0x00, 0x18, 0xD9, 0xA3, 0x00, 0x00, 0x00, 0x00, 0x00, 0x18, 0xD9,
    0xA3, 0x00, 0x00, 0x00, 0x00, 0x00, 0x18, 0xD9, 0xA3, 0x00, 0x00, 0x00, 0x13, 0x30, 0x44, 0xE1,
    0xB8, 0x30, 0x30, 0x03, 0x78, 0xF5, 0xF5, 0xFD, 0xFD, 0xF5, 0xF5, 0x16, 0x00, 0x00, 0x00, 0xB7,
    0x3B, 0x00, 0x00, 0x00, 0x00, 0x00, 0x00, 0xB7, 0x3B, 0x00, 0x00, 0x00, 0x00, 0x00, 0x00, 0xB7,
    0x3B, 0x00, 0x00, 0x00, 0x00, 0x00, 0x00, 0xB7, 0x3B, 0x00, 0x00, 0x00, 0x00, 0x00, 0x00, 0xB7,
    0x3B, 0x00, 0x00, 0x00, 0x00, 0x00, 0x00, 0xB7, 0x3B, 0x00, 0x00, 0x00, 0x00, 0x00, 0x00, 0xB7,
    0x3B, 0x00, 0x00, 0x00, 0x00, 0x00, 0x00, 0x8B, 0x2C, 0x00, 0x00, 0x00, 0x00, 0x00, 0x00, 0x1B,
    0x07, 0x00, 0x00, 0x00, 0x00, 0x00, 0x00, 0xB7, 0x3B, 0x00, 0x00, 0x00, 0x00, 0x00, 0x00, 0xB7,
    0x3B, 0x00, 0x00, 0x00, 0x00, 0x00, 0x00, 0xB7, 0x3B, 0x00, 0x00, 0x00, 0x00, 0x00, 0x00, 0xB7,
    0x3B, 0x00, 0x00, 0x00, 0x00, 0x00, 0x00, 0xB7, 0x3B, 0x00, 0x00, 0x00, 0x00, 0x00, 0x00, 0xB7,
    0x3B, 0x00, 0x00, 0x00, 0x00, 0x00, 0x00, 0xB7, 0x3B, 0x00, 0x00, 0x00, 0x13, 0x30, 0x30, 0xC9,
    0x63, 0x30, 0x30, 0x03, 0x78, 0xF5, 0xF9, 0xFF, 0xFD, 0xF5, 0xF5, 0x16, 0x00, 0x00, 0x18, 0xD9,
    0xA3, 0x00, 0x00, 0x00, 0x00, 0x00, 0x18, 0xD9, 0xA3, 0x00, 0x00, 0x00, 0x00, 0x00, 0x18, 0xD9,
    0xA3, 0x00, 0x00, 0x00, 0x00, 0x00, 0x18, 0xD9, 0xA3, 0x00, 0x00, 0x00, 0x00, 0x00, 0x18, 0xD9,
    0xA3, 0x00, 0x00, 0x00, 0x00, 0x00, 0x18, 0xD9, 0xA3, 0x00, 0x00, 0x00, 0x00, 0x00, 0x18, 0xD9,
    0xA3, 0x00, 0x00, 0x00, 0x00, 0x00, 0x12, 0xCF, 0x95, 0x00, 0x00, 0x00, 0x00, 0x00, 0x03, 0x28,
    0x18, 0x00, 0x00, 0x00, 0x00, 0x00, 0x18, 0xD9, 0xA3, 0x00, 0x00, 0x00, 0x00, 0x00, 0x18, 0xD9,
    0xA3, 0x00, 0x00, 0x00, 0x00, 0x00, 0x18, 0xD9, 0xA3, 0x00, 0x00, 0x00, 0x00, 0x00, 0x18, 0xD9,
    0xA3, 0x00, 0x00, 0x00, 0x00, 0x00, 0x18, 0xD9, 0xA3, 0x00, 0x00, 0x00, 0x00, 0x00, 0x18, 0xD9,
    0xA3, 0x00, 0x00, 0x00, 0x00, 0x00, 0x18, 0xD9, 0xA3, 0x00, 0x00, 0x00, 0x13, 0x30, 0x44, 0xE1,
    0xB8, 0x30, 0x30, 0x03, 0x78, 0xF5, 0xF9, 0xFF, 0xFD, 0xF5, 0xF5, 0x16, 0x00, 0x00, 0x18, 0xD9,
    0xA3, 0x00, 0x00, 0x00, 0x00, 0x00, 0x18, 0xD9, 0xA3, 0x00, 0x00, 0x00, 0x00, 0x00, 0x18, 0xD9,
    0xA3, 0x00, 0x00, 0x00, 0x00, 0x00, 0x18, 0xD9, 0xA3, 0x00, 0x00, 0x00, 0x00, 0x00, 0x18, 0xD9,
    0xA3, 0x00, 0x00, 0x00, 0x00, 0x00, 0x18, 0xD9, 0xA3, 0x00, 0x00, 0x00, 0x00, 0x00, 0x18, 0xD9,
    0xA3, 0x00, 0x00, 0x00, 0x00, 0x00, 0x12, 0xCF, 0x95, 0x00, 0x00, 0x00, 0x00, 0x00, 0x00, 0x69,
    0x53, 0x00, 0x00, 0x00, 0x00, 0x00, 0x00, 0xCF, 0xCB, 0x00, 0x00, 0x00, 0x00, 0x00, 0x00, 0xCF,
    0xCB, 0x00, 0x00, 0x00, 0x00, 0x00, 0x00, 0xCF, 0xCB, 0x00, 0x00, 0x00, 0x00, 0x00, 0x00, 0xCF,
    0xCB, 0x00, 0x00, 0x00, 0x00, 0x00, 0x00, 0xCF, 0xCB, 0x00, 0x00, 0x00, 0x00, 0x00, 0x00, 0xCF,
    0xCB, 0x00, 0x00, 0x00, 0x00, 0x00, 0x00, 0xCF, 0xCB, 0x00, 0x00, 0x00, 0x59, 0xFA, 0xFA, 0xFE,
    0xE8, 0x84, 0x84, 0x1E, 0x71, 0xFF, 0xFF, 0xFF, 0xF0, 0xAF, 0xAF, 0x30, 0x00, 0x00, 0x00, 0x8E,
    0x6B, 0x00, 0x00, 0x00, 0x00, 0x00, 0x00, 0x8E, 0x6B, 0x00, 0x00, 0x00, 0x00, 0x00, 0x00, 0x8E,
    0x6B, 0x00, 0x00, 0x00, 0x00, 0x00, 0x00, 0x8E, 0x6B, 0x00, 0x00, 0x00, 0x00, 0x00, 0x00, 0x8E,
    0x6B, 0x00, 0x00, 0x00, 0x00, 0x00, 0x00, 0x8E, 0x6B, 0x00, 0x00, 0x00, 0x00, 0x00, 0x00, 0x8E,
    0x6B, 0x00, 0x00, 0x00, 0x00, 0x00, 0x00, 0x5D, 0x3B, 0x00, 0x00, 0x00, 0x00, 0x00, 0x00, 0x69,
    0x53, 0x00, 0x00, 0x00, 0x00, 0x00, 0x00, 0xCF, 0xCB, 0x00, 0x00, 0x00, 0x00, 0x00, 0x00, 0xCF,
    0xCB, 0x00, 0x00, 0x00, 0x00, 0x00, 0x00, 0xCF, 0xCB, 0x00, 0x00, 0x00, 0x00, 0x00, 0x00, 0xCF,
    0xCB, 0x00, 0x00, 0x00, 0x00, 0x00, 0x00, 0xCF, 0xCB, 0x00, 0x00, 0x00, 0x00, 0x00, 0x00, 0xCF,
    0xCB, 0x00, 0x00, 0x00, 0x00, 0x00, 0x00, 0xCF, 0xCB, 0x00, 0x00, 0x00, 0x27, 0x84, 0x84, 0xE8,
    0xFE, 0xFA, 0xFA, 0x45, 0x3F, 0xAF, 0xAF, 0xF0, 0xFF, 0xFF, 0xFF, 0x58, 0x00, 0x00, 0x00, 0x8E,
    0x6B, 0x00, 0x00, 0x00, 0x00, 0x00, 0x00, 0x8E, 0x6B, 0x00, 0x00, 0x00, 0x00, 0x00, 0x00, 0x8E,
    0x6B, 0x00, 0x00, 0x00, 0x00, 0x00, 0x00, 0x8E, 0x6B, 0x00, 0x00, 0x00, 0x00, 0x00, 0x00, 0x8E,
    0x6B, 0x00, 0x00, 0x00, 0x00, 0x00, 0x00, 0x8E, 0x6B, 0x00, 0x00, 0x00, 0x00, 0x00, 0x00, 0x8E,
    0x6B, 0x00, 0x00, 0x00, 0x00, 0x00, 0x00, 0x5D, 0x3B, 0x00, 0x00, 0x00, 0x00, 0x00, 0x00, 0x3B,
    0x25, 0x00, 0x00, 0x00, 0x00, 0x00, 0x00, 0x8E, 0x6B, 0x00, 0x00, 0x00, 0x00, 0x00, 0x00, 0x8E,
    0x6B, 0x00, 0x00, 0x00, 0x00, 0x00, 0x00, 0x8E, 0x6B, 0x00, 0x00, 0x00, 0x00, 0x00, 0x00, 0x8E,
    0x6B, 0x00, 0x00, 0x00, 0x00, 0x00, 0x00, 0x8E, 0x6B, 0x00, 0x00, 0x00, 0x00, 0x00, 0x00, 0x8E,
    0x6B, 0x00, 0x00, 0x00, 0x00, 0x00, 0x00, 0x8E, 0x6B, 0x00, 0x00, 0x00, 0x59, 0xFA, 0xFA, 0xFE,
    0xDD, 0x84, 0x84, 0x1E, 0x71, 0xFF, 0xFF, 0xFF, 0xF0, 0xAF, 0xAF, 0x30, 0x00, 0x00, 0x00, 0xCF,
    0xCB, 0x00, 0x00, 0x00, 0x00, 0x00, 0x00, 0xCF, 0xCB, 0x00, 0x00, 0x00, 0x00, 0x00, 0x00, 0xCF,
    0xCB, 0x00, 0x00, 0x00, 0x00, 0x00, 0x00, 0xCF, 0xCB, 0x00, 0x00, 0x00, 0x00, 0x00, 0x00, 0xCF,
    0xCB, 0x00, 0x00, 0x00, 0x00, 0x00, 0x00, 0xCF, 0xCB, 0x00, 0x00, 0x00, 0x00, 0x00, 0x00, 0xCF,
    0xCB, 0x00, 0x00, 0x00, 0x00, 0x00, 0x00, 0x8B, 0x84, 0x00, 0x00, 0x00, 0x00, 0x00, 0x00, 0x58,
    0x36, 0x00, 0x00, 0x00, 0x00, 0x00, 0x00, 0x8E, 0x6B, 0x00, 0x00, 0x00, 0x00, 0x00, 0x00, 0x8E,
    0x6B, 0x00, 0x00, 0x00, 0x00, 0x00, 0x00, 0x8E, 0x6B, 0x00, 0x00, 0x00, 0x00, 0x00, 0x00, 0x8E,
    0x6B, 0x00, 0x00, 0x00, 0x00, 0x00, 0x00, 0x8E, 0x6B, 0x00, 0x00, 0x00, 0x00, 0x00, 0x00, 0x8E,
    0x6B, 0x00, 0x00, 0x00, 0x00, 0x00, 0x00, 0x8E, 0x6B, 0x00, 0x00, 0x00, 0x3A, 0xA5, 0xA5, 0xEE,
    0xFF, 0xFF, 0xFF, 0x55, 0x2B, 0x90, 0x90, 0xEA, 0xFF, 0xFF, 0xFF, 0x48, 0x00, 0x00, 0x00, 0xCF,
    0xCB, 0x00, 0x00, 0x00, 0x00, 0x00, 0x00, 0xCF, 0xCB, 0x00, 0x00, 0x00, 0x00, 0x00, 0x00, 0xCF,
    0xCB, 0x00, 0x00, 0x00, 0x00, 0x00, 0x00, 0xCF, 0xCB, 0x00, 0x00, 0x00, 0x00, 0x00, 0x00, 0xCF,
    0xCB, 0x00, 0x00, 0x00, 0x00, 0x00, 0x00, 0xCF, 0xCB, 0x00, 0x00, 0x00, 0x00, 0x00, 0x00, 0xCF,
    0xCB, 0x00, 0x00, 0x00, 0x00, 0x00, 0x00, 0x73, 0x5B, 0x00, 0x00, 0x00, 0x00, 0x00, 0x08, 0x6F,
    0x43, 0x00, 0x00, 0x00, 0x00, 0x00, 0x18, 0xD9, 0xA3, 0x00, 0x00, 0x00, 0x00, 0x00, 0x18, 0xD9,
    0xA3, 0x00, 0x00, 0x00, 0x00, 0x00, 0x18, 0xD9, 0xA3, 0x00, 0x00, 0x00, 0x00, 0x00, 0x18, 0xD9,
    0xA3, 0x00, 0x00, 0x00, 0x00, 0x00, 0x18, 0xD9, 0xA3, 0x00, 0x00, 0x00, 0x00, 0x00, 0x18, 0xD9,
    0xA3, 0x00, 0x00, 0x00, 0x00, 0x00, 0x18, 0xD9, 0xA3, 0x00, 0x00, 0x00, 0x7A, 0xFA, 0xFC, 0xFF,
    0xFE, 0xFA, 0xFA, 0x16, 0x80, 0xFF, 0xFF, 0xFF, 0xFF, 0xFF, 0xFF, 0x1C, 0x00, 0x00, 0x00, 0xB7,
    0x3B, 0x00, 0x00, 0x00, 0x00, 0x00, 0x00, 0xB7, 0x3B, 0x00, 0x00, 0x00, 0x00, 0x00, 0x00, 0xB7,
    0x3B, 0x00, 0x00, 0x00, 0x00, 0x00, 0x00, 0xB7, 0x3B, 0x00, 0x00, 0x00, 0x00, 0x00, 0x00, 0xB7,
    0x3B, 0x00, 0x00, 0x00, 0x00, 0x00, 0x00, 0xB7, 0x3B, 0x00, 0x00, 0x00, 0x00, 0x00, 0x00, 0xB7,
    0x3B, 0x00, 0x00, 0x00, 0x00, 0x00, 0x00, 0x77, 0x20, 0x00, 0x00, 0x00, 0x00, 0x00, 0x00, 0x4A,
    0x14, 0x00, 0x00, 0x00, 0x00, 0x00, 0x00, 0xB7, 0x3B, 0x00, 0x00, 0x00, 0x00, 0x00, 0x00, 0xB7,
    0x3B, 0x00, 0x00, 0x00, 0x00, 0x00, 0x00, 0xB7, 0x3B, 0x00, 0x00, 0x00, 0x00, 0x00, 0x00, 0xB7,
    0x3B, 0x00, 0x00, 0x00, 0x00, 0x00, 0x00, 0xB7, 0x3B, 0x00, 0x00, 0x00, 0x00, 0x00, 0x00, 0xB7,
    0x3B, 0x00, 0x00, 0x00, 0x00, 0x00, 0x00, 0xB7, 0x3B, 0x00, 0x00, 0x00, 0x7A, 0xFA, 0xFA, 0xFE,
    0xFE, 0xFA, 0xFA, 0x16, 0x80, 0xFF, 0xFF, 0xFF, 0xFF, 0xFF, 0xFF, 0x1C, 0x00, 0x00, 0x18, 0xD9,
    0xA3, 0x00, 0x00, 0x00, 0x00, 0x00, 0x18, 0xD9, 0xA3, 0x00, 0x00, 0x00, 0x00, 0x00, 0x18, 0xD9,
    0xA3, 0x00, 0x00, 0x00, 0x00, 0x00, 0x18, 0xD9, 0xA3, 0x00, 0x00, 0x00, 0x00, 0x00, 0x18, 0xD9,
    0xA3, 0x00, 0x00, 0x00, 0x00, 0x00, 0x18, 0xD9, 0xA3, 0x00, 0x00, 0x00, 0x00, 0x00, 0x18, 0xD9,
    0xA3, 0x00, 0x00, 0x00, 0x00, 0x00, 0x0C, 0x93, 0x6A, 0x00, 0x00, 0x00, 0x00, 0x00, 0x00, 0x25,
    0x1E, 0x00, 0x00, 0x00, 0x00, 0x00, 0x00, 0xCF, 0xCB, 0x00, 0x00, 0x00, 0x00, 0x00, 0x00, 0xCF,
    0xCB, 0x00, 0x00, 0x00, 0x00, 0x00, 0x00, 0xCF, 0xCB, 0x00, 0x00, 0x00, 0x00, 0x00, 0x00, 0xCF,
    0xCB, 0x00, 0x00, 0x00, 0x00, 0x00, 0x00, 0xCF, 0xCB, 0x00, 0x00, 0x00, 0x00, 0x00, 0x00, 0xCF,
    0xCB, 0x00, 0x00, 0x00, 0x00, 0x00, 0x00, 0xCF, 0xCB, 0x00, 0x00, 0x00, 0x41, 0xB4, 0xB4, 0xF1,
    0xD8, 0x30, 0x30, 0x0A, 0x74, 0xFF, 0xFF, 0xFF, 0xFD, 0xF5, 0xF5, 0x43, 0x17, 0x4E, 0x4E, 0xDE,
    0xCB, 0x00, 0x00, 0x00, 0x00, 0x00, 0x00, 0xCF, 0xCB, 0x00, 0x00, 0x00, 0x00, 0x00, 0x00, 0xCF,
    0xCB, 0x00, 0x00, 0x00, 0x00, 0x00, 0x00, 0xCF, 0xCB, 0x00, 0x00, 0x00, 0x00, 0x00, 0x00, 0xCF,
    0xCB, 0x00, 0x00, 0x00, 0x00, 0x00, 0x00, 0xCF, 0xCB, 0x00, 0x00, 0x00, 0x00, 0x00, 0x00, 0xCF,
    0xCB, 0x00, 0x00, 0x00, 0x00, 0x00, 0x00, 0xC3, 0x9B, 0x00, 0x00, 0x00, 0x00, 0x00, 0x00, 0x25,
    0x1E, 0x00, 0x00, 0x00, 0x00, 0x00, 0x00, 0xCF, 0xCB, 0x00, 0x00, 0x00, 0x00, 0x00, 0x00, 0xCF,
    0xCB, 0x00, 0x00, 0x00, 0x00, 0x00, 0x00, 0xCF, 0xCB, 0x00, 0x00, 0x00, 0x00, 0x00, 0x00, 0xCF,
    0xCB, 0x00, 0x00, 0x00, 0x00, 0x00, 0x00, 0xCF, 0xCB, 0x00, 0x00, 0x00, 0x00, 0x00, 0x00, 0xCF,
    0xCB, 0x00, 0x00, 0x00, 0x00, 0x00, 0x00, 0xCF, 0xCB, 0x00, 0x00, 0x00, 0x0E, 0x30, 0x30, 0xD8,
    0xF1, 0xB4, 0xB4, 0x31, 0x57, 0xF5, 0xF5, 0xFD, 0xFF, 0xFF, 0xFF, 0x5A, 0x00, 0x00, 0x00, 0xCF,
    0xDE, 0x4E, 0x4E, 0x12, 0x00, 0x00, 0x00, 0xCF, 0xCB, 0x00, 0x00, 0x00, 0x00, 0x00, 0x00, 0xCF,
    0xCB, 0x00, 0x00, 0x00, 0x00, 0x00, 0x00, 0xCF, 0xCB, 0x00, 0x00, 0x00, 0x00, 0x00, 0x00, 0xCF,
    0xCB, 0x00, 0x00, 0x00, 0x00, 0x00, 0x00, 0xCF, 0xCB, 0x00, 0x00, 0x00, 0x00, 0x00, 0x00, 0xCF,
    0xCB, 0x00, 0x00, 0x00, 0x00, 0x00, 0x00, 0xC3, 0x9B, 0x00, 0x00, 0x00, 0x00, 0x00, 0x03, 0x28,
    0x18, 0x00, 0x00, 0x00, 0x00, 0x00, 0x18, 0xD9, 0xA3, 0x00, 0x00, 0x00, 0x00, 0x00, 0x18, 0xD9,
    0xA3, 0x00, 0x00, 0x00, 0x00, 0x00, 0x18, 0xD9, 0xA3, 0x00, 0x00, 0x00, 0x00, 0x00, 0x18, 0xD9,
    0xA3, 0x00, 0x00, 0x00, 0x00, 0x00, 0x18, 0xD9, 0xA3, 0x00, 0x00, 0x00, 0x00, 0x00, 0x18, 0xD9,
    0xA3, 0x00, 0x00, 0x00, 0x00, 0x00, 0x18, 0xD9, 0xA3, 0x00, 0x00, 0x00, 0x57, 0xB4, 0xBC, 0xF4,
    0xF1, 0xB4, 0xB4, 0x10, 0x83, 0xFF, 0xFF, 0xFF, 0xFF, 0xFF, 0xFF, 0x1E, 0x1F, 0x4E, 0x60, 0xE6,
    0xC4, 0x4E, 0x4E, 0x06, 0x00, 0x00, 0x18, 0xD9, 0xA3, 0x00, 0x00, 0x00, 0x00, 0x00, 0x18, 0xD9,
    0xA3, 0x00, 0x00, 0x00, 0x00, 0x00, 0x18, 0xD9, 0xA3, 0x00, 0x00, 0x00, 0x00, 0x00, 0x18, 0xD9,
    0xA3, 0x00, 0x00, 0x00, 0x00, 0x00, 0x18, 0xD9, 0xA3, 0x00, 0x00, 0x00, 0x00, 0x00, 0x18, 0xD9,
    0xA3, 0x00, 0x00, 0x00, 0x00, 0x00, 0x12, 0xCF, 0x95, 0x00, 0x00, 0x00, 0x01, 0x30, 0x2B, 0x00,
    0x03, 0x30, 0x2A, 0x09, 0xF5, 0xE1, 0x00, 0x16, 0xF5, 0xD5, 0x09, 0xFA, 0xE6, 0x00, 0x16, 0xFA,
    0xDA, 0x0A, 0xFF, 0xFF, 0x00, 0x1C, 0xFF, 0xFF, 0x0D, 0x01, 0xF5, 0x30, 0xF5, 0x30, 0xF5, 0x30,
    0x9C, 0x19, 0x00, 0x00, 0x00, 0x00, 0x0D, 0x01, 0xF5, 0x30, 0xF5, 0x30, 0xF5, 0x30, 0xA0, 0x19,
    0x10, 0x0D, 0xFF, 0xFA, 0xFF, 0xFA, 0xFF, 0xFA, 0xA6, 0x9F, 0x00, 0x00, 0x00, 0x00, 0x10, 0x0D,
    0xFF, 0xFA, 0xFF, 0xFA, 0xFF, 0xFA, 0xAB, 0xA3, 0x44, 0xA8, 0xA8, 0xA8, 0xA8, 0xA8, 0xA8, 0x0C,
    0x44, 0xA8, 0xA8, 0xA8, 0xA8, 0xA8, 0xA8, 0x0C, 0x69, 0xD7, 0xD7, 0xD7, 0xD7, 0xD7, 0xD7, 0x13,
    0x1F, 0x4E, 0x4E, 0x4E, 0x4E, 0x4E, 0x4E, 0x06, 0x09, 0x1F, 0x15, 0x15, 0x4E, 0xD7, 0xA8, 0xA8,
    0x4E, 0xD7, 0xA8, 0xA8, 0x4E, 0xD7, 0xA8, 0xA8, 0x4E, 0xD7, 0xA8, 0xA8, 0x4E, 0xD7, 0xA8, 0xA8,
    0x4E, 0xD7, 0xA8, 0xA8, 0x4E, 0xD7, 0xA8, 0xA8, 0x4E, 0xD7, 0xA8, 0xA8, 0x4E, 0xD7, 0xA8, 0xA8,
    0x4E, 0xD7, 0xA8, 0xA8, 0x4E, 0xD7, 0xA8, 0xA8, 0x4E, 0xD7, 0xA8, 0xA8, 0x4E, 0xD7, 0xA8, 0xA8,
    0x4E, 0xD7, 0xA8, 0xA8, 0x4E, 0xD7, 0xA8, 0xA8, 0x4E, 0xD7, 0xA8, 0xA8, 0x3A, 0xA3, 0x7F, 0x7F,
    0x98, 0xA8, 0xA8, 0x87, 0x01, 0xC3, 0xA7, 0xA8, 0x87, 0x01, 0xEA, 0xD9, 0xD7, 0xAD, 0x03, 0xA7,
    0x55, 0x4E, 0x3E, 0x00, 0x7F, 0x0A, 0x00, 0x00, 0x00, 0x7F, 0x0A, 0x00, 0x00, 0x00, 0x7F, 0x0A,
    0x00, 0x00, 0x00, 0x7F, 0x0A, 0x00, 0x00, 0x00, 0x7F, 0x0A, 0x00, 0x00, 0x00, 0x7F, 0x0A, 0x00,
    0x00, 0x00, 0x4F, 0x05, 0x00, 0x00, 0x00, 0x20, 0x30, 0x30, 0x30, 0x29, 0x15, 0xB5, 0xFF, 0xFF,
    0xF5, 0xD9, 0x84, 0x9E, 0xB4, 0xA8, 0x00, 0x00, 0x00, 0x9E, 0xB4, 0xA8, 0x00, 0x00, 0x00, 0x9E,
    0xB4, 0xA8, 0x00, 0x00, 0x00, 0x9E, 0xB4, 0xA8, 0x00, 0x00, 0x00, 0x9E, 0xB4, 0xA8, 0x00, 0x00,
    0x00, 0x9E, 0xB4, 0xA8, 0x00, 0x00, 0x00, 0x9E, 0xB4, 0xA8, 0x00, 0x00, 0x00, 0x77, 0x88, 0x7F,
    0x00, 0x00, 0x00, 0x70, 0xA8, 0xA8, 0xA8, 0x88, 0x27, 0xB5, 0xBE, 0xA8, 0xA8, 0x88, 0x27, 0x9E,
    0x93, 0xCF, 0xD7, 0xB0, 0x3C, 0x9E, 0xC1, 0xBB, 0x4E, 0x3F, 0x12, 0x9E, 0xC1, 0x8E, 0x00, 0x00,
    0x00, 0x9E, 0xC1, 0x8E, 0x00, 0x00, 0x00, 0x9E, 0xC1, 0x8E, 0x00, 0x00, 0x00, 0x9E, 0xC1, 0x8E,
    0x00, 0x00, 0x00, 0x9E, 0xC1, 0x8E, 0x00, 0x00, 0x00, 0x9E, 0xC1, 0x8E, 0x00, 0x00, 0x00, 0x3B,
    0x42, 0x2E, 0x00, 0x00, 0x00, 0x00, 0x6D, 0xA8, 0xA8, 0xA8, 0xA8, 0x15, 0x00, 0x6D, 0xA8, 0xA8,
    0xA8, 0xFF, 0x30, 0x00, 0xA8, 0xD7, 0xD7, 0xD7, 0xFF, 0x30, 0x00, 0x33, 0x4E, 0x4E, 0x4E, 0xFF,
    0x30, 0x00, 0x00, 0x00, 0x00, 0x00, 0xF5, 0x30, 0x00, 0x00, 0x00, 0x00, 0x00, 0xF5, 0x30, 0x00,
    0x00, 0x00, 0x00, 0x00, 0xF5, 0x30, 0x00, 0x00, 0x00, 0x00, 0x00, 0xF5, 0x30, 0x00, 0x00, 0x00,
    0x00, 0x00, 0xF5, 0x30, 0x00, 0x00, 0x00, 0x00, 0x00, 0xF5, 0x30, 0x00, 0x00, 0x00, 0x00, 0x00,
    0xA0, 0x19, 0x00, 0x15, 0x30, 0x30, 0x30, 0x30, 0x30, 0x15, 0x00, 0x7F, 0xF5, 0xF5, 0xFF, 0xFF,
    0xFF, 0xA8, 0x00, 0x00, 0x00, 0x00, 0x4E, 0xD7, 0xA8, 0xA8, 0x00, 0x00, 0x00, 0x00, 0x4E, 0xD7,
    0xA8, 0xA8, 0x00, 0x00, 0x00, 0x00, 0x4E, 0xD7, 0xA8, 0xA8, 0x00, 0x00, 0x00, 0x00, 0x4E, 0xD7,
    0xA8, 0xA8, 0x00, 0x00, 0x00, 0x00, 0x4E, 0xD7, 0xA8, 0xA8, 0x00, 0x00, 0x00, 0x00, 0x4E, 0xD7,
    0xA8, 0xA8, 0x00, 0x00, 0x00, 0x00, 0x4E, 0xD7, 0xA8, 0xA8, 0x00, 0x00, 0x00, 0x00, 0x3A, 0xA3,
    0x7F, 0x7F, 0x00, 0x24, 0xA8, 0xA8, 0xA8, 0xA8, 0xA8, 0x49, 0x00, 0x24, 0xA8, 0xA8, 0xA8, 0xA8,
    0xDA, 0xA8, 0x00, 0x37, 0xD7, 0xD7, 0xD7, 0xAC, 0xA8, 0xA8, 0x00, 0x10, 0x4E, 0x4E, 0x8B, 0xD7,
    0xA8, 0xA8, 0x00, 0x00, 0x00, 0x00, 0x4E, 0xD7, 0xA8, 0xA8, 0x00, 0x00, 0x00, 0x00, 0x4E, 0xD7,
    0xA8, 0xA8, 0x00, 0x00, 0x00, 0x00, 0x4E, 0xD7, 0xA8, 0xA8, 0x00, 0x00, 0x00, 0x00, 0x4E, 0xD7,
    0xA8, 0xA8, 0x00, 0x00, 0x00, 0x00, 0x4E, 0xD7, 0xA8, 0xA8, 0x00, 0x00, 0x00, 0x00, 0x4E, 0xD7,
    0xA8, 0xA8, 0x00, 0x00, 0x00, 0x00, 0x19, 0x54, 0x36, 0x36, 0x52, 0x05, 0x00, 0x00, 0x00, 0x7F,
    0x0A, 0x00, 0x00, 0x00, 0x7F, 0x0A, 0x00, 0x00, 0x00, 0x7F, 0x0A, 0x00, 0x00, 0x00, 0x7F, 0x0A,
    0x00, 0x00, 0x00, 0x7F, 0x0A, 0x00, 0x00, 0x00, 0x7F, 0x0A, 0x00, 0x00, 0x00, 0xC3, 0xA7, 0xA8,
    0x87, 0x01, 0xC3, 0xA7, 0xA8, 0x87, 0x01, 0xEA, 0xD9, 0xD7, 0xAD, 0x03, 0x46, 0x4E, 0x4E, 0x3E,
    0x00, 0x16, 0x18, 0x15, 0x00, 0x00, 0x00, 0x9E, 0xB4, 0xA8, 0x00, 0x00, 0x00, 0x9E, 0xB4, 0xA8,
    0x00, 0x00, 0x00, 0x9E, 0xB4, 0xA8, 0x00, 0x00, 0x00, 0x9E, 0xB4, 0xA8, 0x00, 0x00, 0x00, 0x9E,
    0xB4, 0xA8, 0x00, 0x00, 0x00, 0x9E, 0xB4, 0xA8, 0x00, 0x00, 0x00, 0x9E, 0xB4, 0xA8, 0x00, 0x00,
    0x00, 0xA5, 0xB2, 0xA2, 0x30, 0x29, 0x15, 0xA7, 0xF5, 0xF5, 0xF5, 0xD9, 0x84, 0x3E, 0x45, 0x2F,
    0x00, 0x00, 0x00, 0x9E, 0xC1, 0x8E, 0x00, 0x00, 0x00, 0x9E, 0xC1, 0x8E, 0x00, 0x00, 0x00, 0x9E,
    0xC1, 0x8E, 0x00, 0x00, 0x00, 0x9E, 0xC1, 0x8E, 0x00, 0x00, 0x00, 0x9E, 0xC1, 0x8E, 0x00, 0x00,
    0x00, 0x9E, 0xC1, 0x8E, 0x00, 0x00, 0x00, 0x9E, 0xC1, 0xC2, 0x96, 0x79, 0x22, 0x9E, 0x77, 0xAC,
    0xB4, 0x92, 0x2A, 0xB5, 0xE1, 0xD7, 0xD7, 0xB0, 0x3C, 0x34, 0x4E, 0x4E, 0x4E, 0x3F, 0x12, 0x00,
    0x00, 0x00, 0x00, 0x00, 0xA5, 0x1B, 0x00, 0x00, 0x00, 0x00, 0x00, 0xF5, 0x30, 0x00, 0x00, 0x00,
    0x00, 0x00, 0xF5, 0x30, 0x00, 0x00, 0x00, 0x00, 0x00, 0xF5, 0x30, 0x00, 0x00, 0x00, 0x00, 0x00,
    0xF5, 0x30, 0x00, 0x00, 0x00, 0x00, 0x00, 0xF5, 0x30, 0x00, 0x00, 0x00, 0x00, 0x00, 0xF5, 0x30,
    0x00, 0x6D, 0xA8, 0xA8, 0xA8, 0xFF, 0x30, 0x00, 0x6D, 0xA8, 0xA8, 0xA8, 0xFF, 0x30, 0x00, 0xA8,
    0xD7, 0xD7, 0xD7, 0xFF, 0x30, 0x00, 0x33, 0x4E, 0x4E, 0x4E, 0x4E, 0x09, 0x00, 0x00, 0x00, 0x00,
    0x09, 0x1F, 0x15, 0x15, 0x00, 0x00, 0x00, 0x00, 0x4E, 0xD7, 0xA8, 0xA8, 0x00, 0x00, 0x00, 0x00,
    0x4E, 0xD7, 0xA8, 0xA8, 0x00, 0x00, 0x00, 0x00, 0x4E, 0xD7, 0xA8, 0xA8, 0x00, 0x00, 0x00, 0x00,
    0x4E, 0xD7, 0xA8, 0xA8, 0x00, 0x00, 0x00, 0x00, 0x4E, 0xD7, 0xA8, 0xA8, 0x00, 0x00, 0x00, 0x00,
    0x4E, 0xD7, 0xA8, 0xA8, 0x00, 0x00, 0x00, 0x00, 0x4E, 0xD7, 0xA8, 0xA8, 0x00, 0x15, 0x30, 0x30,
    0x73, 0xE3, 0xA2, 0xA8, 0x00, 0x7F, 0xF5, 0xF5, 0xF5, 0xF5, 0xF5, 0x7F, 0x00, 0x00, 0x00, 0x00,
    0x19, 0x58, 0x39, 0x39, 0x00, 0x00, 0x00, 0x00, 0x4E, 0xD7, 0xA8, 0xA8, 0x00, 0x00, 0x00, 0x00,
    0x4E, 0xD7, 0xA8, 0xA8, 0x00, 0x00, 0x00, 0x00, 0x4E, 0xD7, 0xA8, 0xA8, 0x00, 0x00, 0x00, 0x00,
    0x4E, 0xD7, 0xA8, 0xA8, 0x00, 0x00, 0x00, 0x00, 0x4E, 0xD7, 0xA8, 0xA8, 0x00, 0x00, 0x00, 0x00,
    0x4E, 0xD7, 0xA8, 0xA8, 0x00, 0x1F, 0x96, 0x96, 0xA3, 0xD7, 0xA8, 0xA8, 0x00, 0x27, 0xB4, 0xB4,
    0xB4, 0x78, 0xA8, 0xA8, 0x00, 0x37, 0xD7, 0xD7, 0xD7, 0xD7, 0xFF, 0xA8, 0x00, 0x10, 0x4E, 0x4E,
    0x4E, 0x4E, 0x4E, 0x21, 0x12, 0x01, 0x00, 0x00, 0x00, 0x7F, 0x0A, 0x00, 0x00, 0x00, 0x7F, 0x0A,
    0x00, 0x00, 0x00, 0x7F, 0x0A, 0x00, 0x00, 0x00, 0x7F, 0x0A, 0x00, 0x00, 0x00, 0x7F, 0x0A, 0x00,
    0x00, 0x00, 0x7F, 0x0A, 0x00, 0x00, 0x00, 0x7F, 0x0A, 0x00, 0x00, 0x00, 0xFB, 0xFF, 0xFF, 0xCD,
    0x04, 0xAE, 0x61, 0x5A, 0x48, 0x00, 0xE5, 0xD0, 0xCD, 0xA5, 0x03, 0x7F, 0x0A, 0x00, 0x00, 0x00,
    0x7F, 0x0A, 0x00, 0x00, 0x00, 0x7F, 0x0A, 0x00, 0x00, 0x00, 0x7F, 0x0A, 0x00, 0x00, 0x00, 0x7F,
    0x0A, 0x00, 0x00, 0x00, 0x7F, 0x0A, 0x00, 0x00, 0x00, 0x60, 0x07, 0x00, 0x00, 0x00, 0x16, 0x18,
    0x11, 0x00, 0x00, 0x00, 0x9E, 0xC1, 0x8E, 0x00, 0x00, 0x00, 0x9E, 0xC1, 0x8E, 0x00, 0x00, 0x00,
    0x9E, 0xC1, 0x8E, 0x00, 0x00, 0x00, 0x9E, 0xC1, 0x8E, 0x00, 0x00, 0x00, 0x9E, 0xC1, 0x8E, 0x00,
    0x00, 0x00, 0x9E, 0xC1, 0x8E, 0x00, 0x00, 0x00, 0x9E, 0xC1, 0x8E, 0x00, 0x00, 0x00, 0x9E, 0xC1,
    0xAA, 0x30, 0x27, 0x0A, 0x9E, 0xC1, 0xF9, 0xF5, 0xC9, 0x43, 0x9E, 0xC1, 0x8E, 0x00, 0x00, 0x00,
    0x9E, 0xC1, 0x8E, 0x00, 0x00, 0x00, 0x9E, 0xC1, 0x8E, 0x00, 0x00, 0x00, 0x9E, 0xC1, 0x8E, 0x00,
    0x00, 0x00, 0x9E, 0xC1, 0x8E, 0x00, 0x00, 0x00, 0x9E, 0xC1, 0x8E, 0x00, 0x00, 0x00, 0x9E, 0xC1,
    0x8E, 0x00, 0x00, 0x00, 0x77, 0x93, 0x6C, 0x00, 0x00, 0x00, 0x16, 0x18, 0x11, 0x00, 0x00, 0x00,
    0x9E, 0xC1, 0x8E, 0x00, 0x00, 0x00, 0x9E, 0xC1, 0x8E, 0x00, 0x00, 0x00, 0x9E, 0xC1, 0x8E, 0x00,
    0x00, 0x00, 0x9E, 0xC1, 0x8E, 0x00, 0x00, 0x00, 0x9E, 0xC1, 0x8E, 0x00, 0x00, 0x00, 0x9E, 0xC1,
    0x8E, 0x00, 0x00, 0x00, 0x9E, 0xC1, 0x8E, 0x00, 0x00, 0x00, 0x9E, 0xAF, 0xF7, 0xFF, 0xD3, 0x4E,
    0x9E, 0x56, 0x56, 0x5A, 0x49, 0x15, 0x9E, 0xC1, 0xF1, 0xCD, 0xA8, 0x39, 0x9E, 0xC1, 0x8E, 0x00,
    0x00, 0x00, 0x9E, 0xC1, 0x8E, 0x00, 0x00, 0x00, 0x9E, 0xC1, 0x8E, 0x00, 0x00, 0x00, 0x9E, 0xC1,
    0x8E, 0x00, 0x00, 0x00, 0x9E, 0xC1, 0x8E, 0x00, 0x00, 0x00, 0x9E, 0xC1, 0x8E, 0x00, 0x00, 0x00,
    0x77, 0x93, 0x6C, 0x00, 0x00, 0x00, 0x00, 0x00, 0x00, 0x00, 0x00, 0x24, 0x06, 0x00, 0x00, 0x00,
    0x00, 0x00, 0xF5, 0x30, 0x00, 0x00, 0x00, 0x00, 0x00, 0xF5, 0x30, 0x00, 0x00, 0x00, 0x00, 0x00,
    0xF5, 0x30, 0x00, 0x00, 0x00, 0x00, 0x00, 0xF5, 0x30, 0x00, 0x00, 0x00, 0x00, 0x00, 0xF5, 0x30,
    0x00, 0x00, 0x00, 0x00, 0x00, 0xF5, 0x30, 0x00, 0x00, 0x00, 0x00, 0x00, 0xF5, 0x30, 0x00, 0xB7,
    0xFF, 0xFF, 0xFF, 0xFF, 0x30, 0x00, 0x3A, 0x5A, 0x5A, 0x5A, 0xFF, 0x30, 0x00, 0xA0, 0xCD, 0xCD,
    0xCD, 0xFF, 0x30, 0x00, 0x00, 0x00, 0x00, 0x00, 0xF5, 0x30, 0x00, 0x00, 0x00, 0x00, 0x00, 0xF5,
    0x30, 0x00, 0x00, 0x00, 0x00, 0x00, 0xF5, 0x30, 0x00, 0x00, 0x00, 0x00, 0x00, 0xF5, 0x30, 0x00,
    0x00, 0x00, 0x00, 0x00, 0xF5, 0x30, 0x00, 0x00, 0x00, 0x00, 0x00, 0xF5, 0x30, 0x00, 0x00, 0x00,
    0x00, 0x00, 0xBB, 0x24, 0x00, 0x00, 0x00, 0x00, 0x09, 0x1F, 0x15, 0x15, 0x00, 0x00, 0x00, 0x00,
    0x4E, 0xD7, 0xA8, 0xA8, 0x00, 0x00, 0x00, 0x00, 0x4E, 0xD7, 0xA8, 0xA8, 0x00, 0x00, 0x00, 0x00,
    0x4E, 0xD7, 0xA8, 0xA8, 0x00, 0x00, 0x00, 0x00, 0x4E, 0xD7, 0xA8, 0xA8, 0x00, 0x00, 0x00, 0x00,
    0x4E, 0xD7, 0xA8, 0xA8, 0x00, 0x00, 0x00, 0x00, 0x4E, 0xD7, 0xA8, 0xA8, 0x00, 0x00, 0x00, 0x00,
    0x4E, 0xD7, 0xA8, 0xA8, 0x00, 0x0A, 0x30, 0x30, 0x73, 0xD7, 0xA8, 0xA8, 0x00, 0x3F, 0xF5, 0xF5,
    0xFF, 0xD7, 0xA8, 0xA8, 0x00, 0x00, 0x00, 0x00, 0x4E, 0xD7, 0xA8, 0xA8, 0x00, 0x00, 0x00, 0x00,
    0x4E, 0xD7, 0xA8, 0xA8, 0x00, 0x00, 0x00, 0x00, 0x4E, 0xD7, 0xA8, 0xA8, 0x00, 0x00, 0x00, 0x00,
    0x4E, 0xD7, 0xA8, 0xA8, 0x00, 0x00, 0x00, 0x00, 0x4E, 0xD7, 0xA8, 0xA8, 0x00, 0x00, 0x00, 0x00,
    0x4E, 0xD7, 0xA8, 0xA8, 0x00, 0x00, 0x00, 0x00, 0x4E, 0xD7, 0xA8, 0xA8, 0x00, 0x00, 0x00, 0x00,
    0x3A, 0xA3, 0x7F, 0x7F, 0x00, 0x00, 0x00, 0x00, 0x09, 0x1F, 0x15, 0x15, 0x00, 0x00, 0x00, 0x00,
    0x4E, 0xD7, 0xA8, 0xA8, 0x00, 0x00, 0x00, 0x00, 0x4E, 0xD7, 0xA8, 0xA8, 0x00, 0x00, 0x00, 0x00,
    0x4E, 0xD7, 0xA8, 0xA8, 0x00, 0x00, 0x00, 0x00, 0x4E, 0xD7, 0xA8, 0xA8, 0x00, 0x00, 0x00, 0x00,
    0x4E, 0xD7, 0xA8, 0xA8, 0x00, 0x00, 0x00, 0x00, 0x4E, 0xD7, 0xA8, 0xA8, 0x00, 0x00, 0x00, 0x00,
    0x4E, 0xD7, 0xA8, 0xA8, 0x00, 0x49, 0xFF, 0xFF, 0xFF, 0xBB, 0xA8, 0xA8, 0x00, 0x13, 0x5A, 0x5A,
    0x5A, 0x3C, 0xA8, 0xA8, 0x00, 0x34, 0xCD, 0xCD, 0xE3, 0xD7, 0xA8, 0xA8, 0x00, 0x00, 0x00, 0x00,
    0x4E, 0xD7, 0xA8, 0xA8, 0x00, 0x00, 0x00, 0x00, 0x4E, 0xD7, 0xA8, 0xA8, 0x00, 0x00, 0x00, 0x00,
    0x4E, 0xD7, 0xA8, 0xA8, 0x00, 0x00, 0x00, 0x00, 0x4E, 0xD7, 0xA8, 0xA8, 0x00, 0x00, 0x00, 0x00,
    0x4E, 0xD7, 0xA8, 0xA8, 0x00, 0x00, 0x00, 0x00, 0x4E, 0xD7, 0xA8, 0xA8, 0x00, 0x00, 0x00, 0x00,
    0x3A, 0xA3, 0x7F, 0x7F, 0x44, 0xA8, 0xA8, 0xA8, 0xA8, 0xA8, 0xA8, 0x0C, 0x44, 0xA8, 0xA8, 0xA8,
    0xA8, 0xA8, 0xA8, 0x0C, 0x69, 0xD7, 0xD7, 0xD7, 0xD7, 0xD7, 0xD7, 0x13, 0x1F, 0x4E, 0x4E, 0xD4,
    0x7C, 0x4E, 0x4E, 0x06, 0x00, 0x00, 0x00, 0xB7, 0x3B, 0x00, 0x00, 0x00, 0x00, 0x00, 0x00, 0xB7,
    0x3B, 0x00, 0x00, 0x00, 0x00, 0x00, 0x00, 0xB7, 0x3B, 0x00, 0x00, 0x00, 0x00, 0x00, 0x00, 0xB7,
    0x3B, 0x00, 0x00, 0x00, 0x00, 0x00, 0x00, 0xB7, 0x3B, 0x00, 0x00, 0x00, 0x00, 0x00, 0x00, 0xB7,
    0x3B, 0x00, 0x00, 0x00, 0x00, 0x00, 0x00, 0x48, 0x12, 0x00, 0x00, 0x00, 0x13, 0x30, 0x30, 0x30,
    0x30, 0x30, 0x30, 0x03, 0x78, 0xF5, 0xF9, 0xFF, 0xFE, 0xF6, 0xF5, 0x16, 0x00, 0x00, 0x51, 0x7F,
    0xD4, 0x0B, 0x00, 0x00, 0x00, 0x00, 0x51, 0x7F, 0xD4, 0x0B, 0x00, 0x00, 0x00, 0x00, 0x51, 0x7F,
    0xD4, 0x0B, 0x00, 0x00, 0x00, 0x00, 0x51, 0x7F, 0xD4, 0x0B, 0x00, 0x00, 0x00, 0x00, 0x51, 0x7F,
    0xD4, 0x0B, 0x00, 0x00, 0x00, 0x00, 0x51, 0x7F, 0xD4, 0x0B, 0x00, 0x00, 0x00, 0x00, 0x51, 0x7F,
    0xD4, 0x0B, 0x00, 0x00, 0x00, 0x00, 0x4A, 0x66, 0xA4, 0x08, 0x00, 0x00, 0x44, 0xA8, 0xA8, 0xA8,
    0xA8, 0xA8, 0xA8, 0x0C, 0x44, 0xA8, 0xA8, 0xA8, 0xA8, 0xA8, 0xA8, 0x0C, 0x69, 0xD7, 0xD7, 0x66,
    0xB5, 0xD7, 0xD7, 0x13, 0x1F, 0x4E, 0x88, 0x84, 0xE1, 0x56, 0x4E, 0x06, 0x00, 0x00, 0x51, 0x7F,
    0xD4, 0x0B, 0x00, 0x00, 0x00, 0x00, 0x51, 0x7F, 0xD4, 0x0B, 0x00, 0x00, 0x00, 0x00, 0x51, 0x7F,
    0xD4, 0x0B, 0x00, 0x00, 0x00, 0x00, 0x51, 0x7F, 0xD4, 0x0B, 0x00, 0x00, 0x00, 0x00, 0x51, 0x7F,
    0xD4, 0x0B, 0x00, 0x00, 0x00, 0x00, 0x51, 0x7F, 0xD4, 0x0B, 0x00, 0x00, 0x00, 0x00, 0x20, 0x2B,
    0x54, 0x03, 0x00, 0x00, 0x00, 0x00, 0x00, 0x4A, 0x14, 0x00, 0x00, 0x00, 0x00, 0x00, 0x00, 0xB7,
    0x3B, 0x00, 0x00, 0x00, 0x00, 0x00, 0x00, 0xB7, 0x3B, 0x00, 0x00, 0x00, 0x00, 0x00, 0x00, 0xB7,
    0x3B, 0x00, 0x00, 0x00, 0x00, 0x00, 0x00, 0xB7, 0x3B, 0x00, 0x00, 0x00, 0x00, 0x00, 0x00, 0xB7,
    0x3B, 0x00, 0x00, 0x00, 0x00, 0x00, 0x00, 0xB7, 0x3B, 0x00, 0x00, 0x00, 0x3D, 0x96, 0x96, 0xEB,
    0x9F, 0x96, 0x96, 0x0A, 0x49, 0xB4, 0xB4, 0xB4, 0xB4, 0xB4, 0xB4, 0x0D, 0x69, 0xD7, 0xD7, 0xD7,
    0xD7, 0xD7, 0xD7, 0x13, 0x1F, 0x4E, 0x4E, 0x4E, 0x4E, 0x4E, 0x4E, 0x06, 0x00, 0x00, 0x0C, 0x10,
    0x20, 0x01, 0x00, 0x00, 0x00, 0x00, 0x51, 0x7F, 0xD4, 0x0B, 0x00, 0x00, 0x00, 0x00, 0x51, 0x7F,
    0xD4, 0x0B, 0x00, 0x00, 0x00, 0x00, 0x51, 0x7F, 0xD4, 0x0B, 0x00, 0x00, 0x00, 0x00, 0x51, 0x7F,
    0xD4, 0x0B, 0x00, 0x00, 0x00, 0x00, 0x51, 0x7F, 0xD4, 0x0B, 0x00, 0x00, 0x00, 0x00, 0x51, 0x7F,
    0xD4, 0x0B, 0x00, 0x00, 0x00, 0x00, 0x51, 0x7F, 0xD4, 0x0B, 0x00, 0x00, 0x13, 0x30, 0x73, 0x9D,
    0xDC, 0x39, 0x30, 0x03, 0x78, 0xF5, 0xF5, 0xF5, 0xF5, 0xF5, 0xF5, 0x16, 0x00, 0x00, 0x21, 0x2E,
    0x57, 0x03, 0x00, 0x00, 0x00, 0x00, 0x51, 0x7F, 0xD4, 0x0B, 0x00, 0x00, 0x00, 0x00, 0x51, 0x7F,
    0xD4, 0x0B, 0x00, 0x00, 0x00, 0x00, 0x51, 0x7F, 0xD4, 0x0B, 0x00, 0x00, 0x00, 0x00, 0x51, 0x7F,
    0xD4, 0x0B, 0x00, 0x00, 0x00, 0x00, 0x51, 0x7F, 0xD4, 0x0B, 0x00, 0x00, 0x00, 0x00, 0x51, 0x7F,
    0xD4, 0x0B, 0x00, 0x00, 0x3D, 0x96, 0xBC, 0x89, 0xEE, 0x9C, 0x96, 0x0A, 0x49, 0xB4, 0xB4, 0x4C,
    0x98, 0xB4, 0xB4, 0x0D, 0x69, 0xD7, 0xD7, 0xD7, 0xD7, 0xD7, 0xD7, 0x13, 0x1F, 0x4E, 0x4E, 0x4E,
    0x4E, 0x4E, 0x4E, 0x06, 0x00, 0x00, 0x00, 0x1B, 0x07, 0x00, 0x00, 0x00, 0x00, 0x00, 0x00, 0xB7,
    0x3B, 0x00, 0x00, 0x00, 0x00, 0x00, 0x00, 0xB7, 0x3B, 0x00, 0x00, 0x00, 0x00, 0x00, 0x00, 0xB7,
    0x3B, 0x00, 0x00, 0x00, 0x00, 0x00, 0x00, 0xB7, 0x3B, 0x00, 0x00, 0x00, 0x00, 0x00, 0x00, 0xB7,
    0x3B, 0x00, 0x00, 0x00, 0x00, 0x00, 0x00, 0xB7, 0x3B, 0x00, 0x00, 0x00, 0x00, 0x00, 0x00, 0xB7,
    0x3B, 0x00, 0x00, 0x00, 0x72, 0xFF, 0xFF, 0xFF, 0xFF, 0xFF, 0xFF, 0x19, 0x24, 0x5A, 0x5A, 0xD9,
    0x86, 0x5A, 0x5A, 0x06, 0x64, 0xCD, 0xCD, 0xF6, 0xDE, 0xCD, 0xCD, 0x12, 0x00, 0x00, 0x00, 0xB7,
    0x3B, 0x00, 0x00, 0x00, 0x00, 0x00, 0x00, 0xB7, 0x3B, 0x00, 0x00, 0x00, 0x00, 0x00, 0x00, 0xB7,
    0x3B, 0x00, 0x00, 0x00, 0x00, 0x00, 0x00, 0xB7, 0x3B, 0x00, 0x00, 0x00, 0x00, 0x00, 0x00, 0xB7,
    0x3B, 0x00, 0x00, 0x00, 0x00, 0x00, 0x00, 0xB7, 0x3B, 0x00, 0x00, 0x00, 0x00, 0x00, 0x00, 0x8B,
    0x2C, 0x00, 0x00, 0x00, 0x00, 0x00, 0x0C, 0x10, 0x20, 0x01, 0x00, 0x00, 0x00, 0x00, 0x51, 0x7F,
    0xD4, 0x0B, 0x00, 0x00, 0x00, 0x00, 0x51, 0x7F, 0xD4, 0x0B, 0x00, 0x00, 0x00, 0x00, 0x51, 0x7F,
    0xD4, 0x0B, 0x00, 0x00, 0x00, 0x00, 0x51, 0x7F, 0xD4, 0x0B, 0x00, 0x00, 0x00, 0x00, 0x51, 0x7F,
    0xD4, 0x0B, 0x00, 0x00, 0x00, 0x00, 0x51, 0x7F, 0xD4, 0x0B, 0x00, 0x00, 0x00, 0x00, 0x51, 0x7F,
    0xD4, 0x0B, 0x00, 0x00, 0x13, 0x30, 0x73, 0x9D, 0xDC, 0x39, 0x30, 0x03, 0x78, 0xF5, 0xF9, 0xFF,
    0xFE, 0xF6, 0xF5, 0x16, 0x00, 0x00, 0x51, 0x7F, 0xD4, 0x0B, 0x00, 0x00, 0x00, 0x00, 0x51, 0x7F,
    0xD4, 0x0B, 0x00, 0x00, 0x00, 0x00, 0x51, 0x7F, 0xD4, 0x0B, 0x00, 0x00, 0x00, 0x00, 0x51, 0x7F,
    0xD4, 0x0B, 0x00, 0x00, 0x00, 0x00, 0x51, 0x7F, 0xD4, 0x0B, 0x00, 0x00, 0x00, 0x00, 0x51, 0x7F,
    0xD4, 0x0B, 0x00, 0x00, 0x00, 0x00, 0x51, 0x7F, 0xD4, 0x0B, 0x00, 0x00, 0x00, 0x00, 0x4A, 0x66,
    0xA4, 0x08, 0x00, 0x00, 0x00, 0x00, 0x0B, 0x4C, 0x3C, 0x14, 0x00, 0x00, 0x00, 0x00, 0x22, 0xBD,
    0xB1, 0x3C, 0x00, 0x00, 0x00, 0x00, 0x22, 0xBD, 0xB1, 0x3C, 0x00, 0x00, 0x00, 0x00, 0x22, 0xBD,
    0xB1, 0x3C, 0x00, 0x00, 0x00, 0x00, 0x22, 0xBD, 0xB1, 0x3C, 0x00, 0x00, 0x00, 0x00, 0x22, 0xBD,
    0xB1, 0x3C, 0x00, 0x00, 0x00, 0x00, 0x22, 0xBD, 0xB1, 0x3C, 0x00, 0x00, 0x15, 0x96, 0x9C, 0xCD,
    0xBC, 0xAA, 0x96, 0x22, 0x1B, 0xB4, 0xB4, 0x83, 0x68, 0xB4, 0xB4, 0x2A, 0x26, 0xD7, 0xD7, 0xB4,
    0x8D, 0xD7, 0xD7, 0x3C, 0x0B, 0x4E, 0x69, 0xC9, 0xBA, 0x7E, 0x4E, 0x12, 0x00, 0x00, 0x22, 0xBD,
    0xB1, 0x3C, 0x00, 0x00, 0x00, 0x00, 0x22, 0xBD, 0xB1, 0x3C, 0x00, 0x00, 0x00, 0x00, 0x22, 0xBD,
    0xB1, 0x3C, 0x00, 0x00, 0x00, 0x00, 0x22, 0xBD, 0xB1, 0x3C, 0x00, 0x00, 0x00, 0x00, 0x22, 0xBD,
    0xB1, 0x3C, 0x00, 0x00, 0x00, 0x00, 0x22, 0xBD, 0xB1, 0x3C, 0x00, 0x00, 0x00, 0x00, 0x0B, 0x49,
    0x39, 0x14, 0x00, 0x00, 0x00, 0x00, 0x0C, 0x26, 0x00, 0x16, 0xB2, 0xFF, 0xC7, 0x04, 0x9D, 0xB1,
    0x01, 0x00, 0x00, 0xAE, 0x24, 0x00, 0x00, 0x00, 0x92, 0x13, 0x00, 0x00, 0x00, 0x7E, 0x0A, 0x00,
    0x00, 0x00, 0x7F, 0x0A, 0x00, 0x00, 0x00, 0x7F, 0x0A, 0x00, 0x00, 0x00, 0x7F, 0x0A, 0x00, 0x00,
    0x00, 0x5F, 0x07, 0x00, 0x00, 0x00, 0x00, 0x22, 0x1B, 0x00, 0x00, 0x00, 0x00, 0x00, 0xBE, 0xFF,
    0xFF, 0x6A, 0x00, 0x00, 0x00, 0x00, 0x00, 0x4C, 0xFF, 0x69, 0x00, 0x00, 0x00, 0x00, 0x00, 0x4E,
    0xFF, 0x00, 0x00, 0x00, 0x00, 0x00, 0x00, 0xFF, 0x16, 0x00, 0x00, 0x00, 0x00, 0x00, 0xF6, 0x2E,
    0x00, 0x00, 0x00, 0x00, 0x00, 0xF5, 0x30, 0x00, 0x00, 0x00, 0x00, 0x00, 0xF5, 0x30, 0x00, 0x00,
    0x00, 0x00, 0x00, 0xF5, 0x30, 0x00, 0x00, 0x00, 0x00, 0x00, 0xB7, 0x24, 0x00, 0x00, 0x00, 0x00,
    0x00, 0x28, 0x06, 0x00, 0x00, 0x00, 0x00, 0x00, 0xF5, 0x30, 0x00, 0x00, 0x00, 0x00, 0x00, 0xF5,
    0x30, 0x00, 0x00, 0x00, 0x00, 0x00, 0xF5, 0x30, 0x00, 0x00, 0x00, 0x00, 0x00, 0xF5, 0x30, 0x00,
    0x00, 0x00, 0x00, 0x00, 0xFF, 0x2A, 0x00, 0x00, 0x00, 0x00, 0x03, 0xFF, 0x09, 0x00, 0x00, 0x00,
    0x00, 0xA8, 0xCE, 0x00, 0x00, 0x24, 0x64, 0xBA, 0xFF, 0x21, 0x00, 0x00, 0xBB, 0xD9, 0x9F, 0x06,
    0x00, 0x00, 0x14, 0x01, 0x00, 0x00, 0x00, 0x7F, 0x0A, 0x00, 0x00, 0x00, 0x7F, 0x0A, 0x00, 0x00,
    0x00, 0x7F, 0x0A, 0x00, 0x00, 0x00, 0x7F, 0x0A, 0x00, 0x00, 0x00, 0x83, 0x0C, 0x00, 0x00, 0x00,
    0x99, 0x18, 0x00, 0x00, 0x00, 0xBB, 0x35, 0x00, 0x00, 0x00, 0x66, 0xEA, 0x7E, 0x33, 0x00, 0x00,
    0x4A, 0xC5, 0xBD, 0x04, 0x00, 0x00, 0x00, 0x00, 0x00, 0x00, 0x00, 0x09, 0x00, 0x00, 0x00, 0x00,
    0x00, 0x00, 0x19, 0xE7, 0x00, 0x00, 0x00, 0x00, 0x00, 0x00, 0xAF, 0xAE, 0x00, 0x00, 0x00, 0x00,
    0x00, 0x2E, 0xFF, 0x0A, 0x00, 0x00, 0x00, 0x00, 0x00, 0xCD, 0x8B, 0x00, 0x00, 0x00, 0x00, 0x00,
    0x48, 0xFF, 0x01, 0x00, 0x00, 0x00, 0x00, 0x00, 0xE8, 0x67, 0x00, 0x00, 0x00, 0x00, 0x00, 0x6A,
    0xE8, 0x00, 0x00, 0x00, 0x00, 0x00, 0x03, 0xFF, 0x48, 0x00, 0x00, 0x00, 0x00, 0x00, 0x8D, 0xCA,
    0x00, 0x00, 0x00, 0x00, 0x00, 0x0C, 0xFF, 0x2E, 0x00, 0x00, 0x00, 0x00, 0x00, 0xAF, 0xAD, 0x00,
    0x00, 0x00, 0x00, 0x00, 0x19, 0xFF, 0x19, 0x00, 0x00, 0x00, 0x00, 0x00, 0xB0, 0xAE, 0x00, 0x00,
    0x00, 0x00, 0x00, 0x00, 0xFF, 0x0A, 0x00, 0x00, 0x00, 0x00, 0x00, 0x00, 0x36, 0x00, 0x00, 0x00,
    0x00, 0x00, 0x00, 0x00, 0x09, 0x00, 0x00, 0x00, 0x00, 0x00, 0x00, 0x00, 0xFB, 0x01, 0x00, 0x00,
    0x00, 0x00, 0x00, 0x00, 0xD3, 0x82, 0x00, 0x00, 0x00, 0x00, 0x00, 0x00, 0x34, 0xFF, 0x09, 0x00,
    0x00, 0x00, 0x00, 0x00, 0x00, 0xB6, 0xA6, 0x00, 0x00, 0x00, 0x00, 0x00, 0x00, 0x1E, 0xFF, 0x15,
    0x00, 0x00, 0x00, 0x00, 0x00, 0x00, 0xB7, 0xA7, 0x00, 0x00, 0x00, 0x00, 0x00, 0x00, 0x0D, 0xFF,
    0x28, 0x00, 0x00, 0x00, 0x00, 0x00, 0x00, 0x94, 0xC4, 0x00, 0x00, 0x00, 0x00, 0x00, 0x00, 0x04,
    0xFF, 0x42, 0x00, 0x00, 0x00, 0x00, 0x00, 0x00, 0x72, 0xE2, 0x00, 0x00, 0x00, 0x00, 0x00, 0x00,
    0x00, 0xEE, 0x60, 0x00, 0x00, 0x00, 0x00, 0x00, 0x00, 0x4F, 0xFB, 0x01, 0x00, 0x00, 0x00, 0x00,
    0x00, 0x00, 0xD3, 0x84, 0x00, 0x00, 0x00, 0x00, 0x00, 0x00, 0x33, 0xED, 0x00, 0x00, 0x00, 0x00,
    0x00, 0x00, 0x00, 0x36, 0x09, 0x00, 0x00, 0x00, 0x00, 0x00, 0x00, 0x09, 0xFB, 0x01, 0x00, 0x00,
    0x00, 0x00, 0x19, 0xE7, 0xD3, 0x82, 0x00, 0x00, 0x00, 0x00, 0xB0, 0xAE, 0x34, 0xFF, 0x09, 0x00,
    0x00, 0x30, 0xFF, 0x0C, 0x00, 0xB6, 0xA5, 0x00, 0x00, 0xCF, 0x8D, 0x00, 0x00, 0x1E, 0xFF, 0x15,
    0x4C, 0xFF, 0x03, 0x00, 0x00, 0x00, 0xB8, 0xA7, 0xEC, 0x6A, 0x00, 0x00, 0x00, 0x00, 0x0F, 0xFF,
    0xEB, 0x00, 0x00, 0x00, 0x00, 0x00, 0x03, 0xFF, 0xC8, 0x00, 0x00, 0x00, 0x00, 0x00, 0x90, 0xCE,
    0xFF, 0x42, 0x00, 0x00, 0x00, 0x0C, 0xFF, 0x2D, 0x75, 0xE2, 0x00, 0x00, 0x00, 0xB1, 0xAD, 0x00,
    0x00, 0xF1, 0x61, 0x00, 0x1B, 0xFF, 0x19, 0x00, 0x00, 0x51, 0xFC, 0x01, 0xB0, 0xAE, 0x00, 0x00,
    0x00, 0x00, 0xD4, 0x84, 0xFF, 0x0A, 0x00, 0x00, 0x00, 0x00, 0x34, 0xED, 0x36, 0x00, 0x00, 0x00,
    0x00, 0x00, 0x00, 0x36, 0x00, 0x1F, 0x30, 0x30, 0x30, 0x30, 0x06, 0x00, 0xA0, 0xF5, 0xF5, 0xF5,
    0xF5, 0x24, 0x24, 0x06, 0xF5, 0x30, 0xF5, 0x30, 0xF5, 0x30, 0xF5, 0x30, 0xF5, 0x30, 0xF5, 0x30,
    0xF5, 0x30, 0xF5, 0x30, 0xBB, 0x24, 0x2A, 0x30, 0x30, 0x27, 0x03, 0xD7, 0xF5, 0xF5, 0xC8, 0x16,
    0x28, 0x06, 0xF5, 0x30, 0xF5, 0x30, 0xF5, 0x30, 0xF5, 0x30, 0xF5, 0x30, 0xF5, 0x30, 0xF5, 0x30,
    0xF5, 0x30, 0xB7, 0x24, 0x00, 0xA3, 0xFA, 0xFA, 0xFA, 0xFA, 0x25, 0x00, 0xCE, 0xFF, 0xFF, 0xFF,
    0xFF, 0x2E, 0x2E, 0x25, 0xFF, 0xFA, 0xFF, 0xFA, 0xFF, 0xFA, 0xFF, 0xFA, 0xFF, 0xFA, 0xFF, 0xFA,
    0xFF, 0xFA, 0xFF, 0xFA, 0xF0, 0xBF, 0xDC, 0xFA, 0xFA, 0xCC, 0x16, 0xF1, 0xFF, 0xFF, 0xD2, 0x1C,
    0x34, 0x2A, 0xFF, 0xFA, 0xFF, 0xFA, 0xFF, 0xFA, 0xFF, 0xFA, 0xFF, 0xFA, 0xFF, 0xFA, 0xFF, 0xFA,
    0xFF, 0xFA, 0xEC, 0xBB, 0x36, 0x84, 0x84, 0xC1, 0xFA, 0xFA, 0xFA, 0x16, 0x55, 0xAF, 0xAF, 0xF0,
    0xFF, 0xFF, 0xFF, 0x1C, 0x1C, 0x12, 0xAF, 0x84, 0xAF, 0x84, 0xAF, 0x84, 0xAF, 0x84, 0xAF, 0x84,
    0xAF, 0x84, 0xAF, 0x84, 0xC1, 0x9A, 0xFF, 0xFA, 0xFF, 0xFA, 0xFF, 0xFA, 0xFF, 0xFA, 0xFF, 0xFA,
    0xFF, 0xFA, 0xFF, 0xFA, 0xFF, 0xFA, 0xEC, 0xBB, 0x70, 0xFA, 0xFA, 0xFA, 0x95, 0x84, 0x84, 0x01,
    0x8E, 0xFF, 0xFF, 0xFF, 0xBD, 0xAF, 0xAF, 0x03, 0x2E, 0x25, 0xFF, 0xFA, 0xFF, 0xFA, 0xFF, 0xFA,
    0xFF, 0xFA, 0xFF, 0xFA, 0xFF, 0xFA, 0xFF, 0xFA, 0xFF, 0xFA, 0xFF, 0xD8, 0xAF, 0x84, 0xAF, 0x84,
    0xAF, 0x84, 0xAF, 0x84, 0xAF, 0x84, 0xAF, 0x84, 0xAF, 0x84, 0xA0, 0x64, 0x33, 0x36, 0x36, 0x36,
    0x36, 0x36, 0x36, 0x36, 0x34, 0xFF, 0xFF, 0xFF, 0xFF, 0xFF, 0xFF, 0xFF, 0xFF, 0xFF, 0xFF, 0xFF,
    0xFF, 0xFF, 0xFF, 0xFF, 0xFF, 0xFF, 0xFF, 0xFF, 0xFF, 0xFF, 0xFF, 0xFF, 0xFF, 0xFF, 0xFF, 0xFF,
    0xFF, 0xFF, 0xFF, 0xFF, 0xFF, 0xFF, 0xFF, 0xFF, 0xFF, 0xFF, 0xFF, 0xFF, 0xFF, 0xFF, 0xFF, 0xFF,
    0xFF, 0xFF, 0xFF, 0xFF, 0xFF, 0xFF, 0xFF, 0xFF, 0xFF, 0xFF, 0xFF, 0xFF, 0xFF, 0xFF, 0xFF, 0xFF,
    0xFF, 0xFF, 0xFF, 0xFF, 0xFF, 0xFF, 0xFF, 0xFF, 0xFF, 0xFF, 0xFF, 0xFF, 0xFF, 0xF2, 0xFF, 0xFF,
    0xFF, 0xFF, 0xFF, 0xFF, 0xFF, 0xFA, 0x33, 0x36, 0x36, 0x36, 0x36, 0x36, 0x36, 0x36, 0x34, 0xFF,
    0xDC, 0xDC, 0xDC, 0xDC, 0xDC, 0xDC, 0xDC, 0xFF, 0xFF, 0x00, 0x00, 0x00, 0x00, 0x00, 0x00, 0x00,
    0xFF, 0xFF, 0x00, 0x00, 0x00, 0x00, 0x00, 0x00, 0x00, 0xFF, 0xFF, 0x00, 0x00, 0x00, 0x00, 0x00,
    0x00, 0x00, 0xFF, 0xFF, 0x00, 0x00, 0x00, 0x00, 0x00, 0x00, 0x00, 0xFF, 0xFF, 0x00, 0x00, 0x00,
    0x00, 0x00, 0x00, 0x00, 0xFF, 0xFF, 0x00, 0x00, 0x00, 0x00, 0x00, 0x00, 0x00, 0xFF, 0xFF, 0x12,
    0x12, 0x12, 0x12, 0x12, 0x12, 0x12, 0xFF, 0xF2, 0xFF, 0xFF, 0xFF, 0xFF, 0xFF, 0xFF, 0xFF, 0xFA,
    0x00, 0x00, 0x00, 0x00, 0x18, 0x00, 0x00, 0x00, 0x00, 0x00, 0x00, 0x00, 0x0A, 0xFD, 0x0D, 0x00,
    0x00, 0x00, 0x00, 0x00, 0x00, 0x9F, 0xFF, 0xA9, 0x00, 0x00, 0x00, 0x00, 0x00, 0x0A, 0xFF, 0xFF,
    0xFF, 0x0D, 0x00, 0x00, 0x00, 0x00, 0x9F, 0xFF, 0xFF, 0xFF, 0xA9, 0x00, 0x00, 0x00, 0x0A, 0xFF,
    0xFF, 0xFF, 0xFF, 0xFF, 0x0D, 0x00, 0x00, 0x9F, 0xFF, 0xFF, 0xFF, 0xFF, 0xFF, 0xA9, 0x00, 0x0A,
    0xFF, 0xFF, 0xFF, 0xFF, 0xFF, 0xFF, 0xFF, 0x0D, 0x9F, 0xFF, 0xFF, 0xFF, 0xFF, 0xFF, 0xFF, 0xFF,
    0xA9, 0xB2, 0xB9, 0xB9, 0xB9, 0xB9, 0xB9, 0xB9, 0xB9, 0xBA, 0x30, 0x00, 0x00, 0x00, 0x00, 0x00,
    0x00, 0x00, 0x00, 0xFF, 0xC9, 0x37, 0x00, 0x00, 0x00, 0x00, 0x00, 0x00, 0xFF, 0xFF, 0xFF, 0xC9,
    0x36, 0x00, 0x00, 0x00, 0x00, 0xFF, 0xFF, 0xFF, 0xFF, 0xFF, 0xC9, 0x36, 0x00, 0x00, 0xFF, 0xFF,
    0xFF, 0xFF, 0xFF, 0xFF, 0xFF, 0xC9, 0x36, 0xFF, 0xFF, 0xFF, 0xFF, 0xFF, 0xFF, 0xFF, 0xFF, 0x81,
    0xFF, 0xFF, 0xFF, 0xFF, 0xFF, 0xFF, 0x87, 0x03, 0x00, 0xFF, 0xFF, 0xFF, 0xFF, 0x88, 0x03, 0x00,
    0x00, 0x00, 0xFF, 0xFF, 0x87, 0x03, 0x00, 0x00, 0x00, 0x00, 0x00, 0x7C, 0x03, 0x00, 0x00, 0x00,
    0x00, 0x00, 0x00, 0x00, 0x76, 0x8A, 0x8A, 0x8A, 0x8A, 0x8A, 0x8A, 0x8A, 0x7B, 0xA8, 0xFF, 0xFF,
    0xFF, 0xFF, 0xFF, 0xFF, 0xFF, 0xB0, 0x1C, 0xFF, 0xFF, 0xFF, 0xFF, 0xFF, 0xFF, 0xFF, 0x22, 0x00,
    0xA8, 0xFF, 0xFF, 0xFF, 0xFF, 0xFF, 0xB0, 0x00, 0x00, 0x1C, 0xFF, 0xFF, 0xFF, 0xFF, 0xFF, 0x22,
    0x00, 0x00, 0x00, 0xA8, 0xFF, 0xFF, 0xFF, 0xB0, 0x00, 0x00, 0x00, 0x00, 0x1C, 0xFF, 0xFF, 0xFF,
    0x22, 0x00, 0x00, 0x00, 0x00, 0x00, 0xA7, 0xFF, 0xB0, 0x00, 0x00, 0x00, 0x00, 0x00, 0x00, 0x1C,
    0xFF, 0x22, 0x00, 0x00, 0x00, 0x00, 0x00, 0x00, 0x00, 0x3F, 0x00, 0x00, 0x00, 0x00, 0x00, 0x00,
    0x00, 0x00, 0x00, 0x00, 0x00, 0x00, 0x31, 0x00, 0x00, 0x00, 0x00, 0x00, 0x00, 0x33, 0xC4, 0xFF,
    0x00, 0x00, 0x00, 0x00, 0x33, 0xC4, 0xFF, 0xFF, 0xFF, 0x00, 0x00, 0x33, 0xC4, 0xFF, 0xFF, 0xFF,
    0xFF, 0xFF, 0x33, 0xC4, 0xFF, 0xFF, 0xFF, 0xFF, 0xFF, 0xFF, 0xFF, 0x7B, 0xFF, 0xFF, 0xFF, 0xFF,
    0xFF, 0xFF, 0xFF, 0xFF, 0x00, 0x03, 0x82, 0xFF, 0xFF, 0xFF, 0xFF, 0xFF, 0xFF, 0x00, 0x00, 0x00,
    0x03, 0x82, 0xFF, 0xFF, 0xFF, 0xFF, 0x00, 0x00, 0x00, 0x00, 0x00, 0x03, 0x81, 0xFF, 0xFF, 0x00,
    0x00, 0x00, 0x00, 0x00, 0x00, 0x00, 0x03, 0x7E, 0x00, 0x00, 0x00, 0x00, 0x30, 0x00, 0x00, 0x00,
    0x00, 0x00, 0x00, 0x00, 0x88, 0xFF, 0x91, 0x00, 0x00, 0x00, 0x00, 0x00, 0x88, 0xFF, 0xFF, 0xFF,
    0x90, 0x00, 0x00, 0x00, 0x88, 0xFF, 0xFF, 0xFF, 0xFF, 0xFF, 0x90, 0x00, 0x88, 0xFF, 0xFF, 0xFF,
    0xFF, 0xFF, 0xFF, 0xFF, 0x91, 0xB0, 0xFF, 0xFF, 0xFF, 0xFF, 0xFF, 0xFF, 0xFF, 0xB9, 0x00, 0xB4,
    0xFF, 0xFF, 0xFF, 0xFF, 0xFF, 0xBB, 0x01, 0x00, 0x00, 0xB4, 0xFF, 0xFF, 0xFF, 0xBB, 0x01, 0x00,
    0x00, 0x00, 0x00, 0xB4, 0xFF, 0xBB, 0x01, 0x00, 0x00, 0x00, 0x00, 0x00, 0x00, 0x7E, 0x01, 0x00,
    0x00, 0x00, 0x00, 0x00, 0x00, 0x00, 0x30, 0x00, 0x00, 0x00, 0x00, 0x00, 0x00, 0x00, 0x88, 0xFF,
    0x91, 0x00, 0x00, 0x00, 0x00, 0x00, 0x88, 0xFF, 0x66, 0xFF, 0x90, 0x00, 0x00, 0x00, 0x88, 0xFF,
    0x36, 0x00, 0x30, 0xFF, 0x90, 0x00, 0x88, 0xFF, 0x36, 0x00, 0x00, 0x00, 0x30, 0xFF, 0x91, 0xB0,
    0xF7, 0x12, 0x00, 0x00, 0x00, 0x0F, 0xF0, 0xB9, 0x00, 0xB4, 0xF3, 0x12, 0x00, 0x0F, 0xEE, 0xBB,
    0x01, 0x00, 0x00, 0xB4, 0xF5, 0x24, 0xF0, 0xBB, 0x01, 0x00, 0x00, 0x00, 0x00, 0xB4, 0xFF, 0xBB,
    0x01, 0x00, 0x00, 0x00, 0x00, 0x00, 0x00, 0x7E, 0x01, 0x00, 0x00, 0x00, 0x00, 0x00, 0x00, 0x10,
    0x39, 0x10, 0x00, 0x00, 0x00, 0x00, 0x1C, 0xC8, 0xFF, 0xF1, 0xFF, 0xCD, 0x21, 0x00, 0x1C, 0xFF,
    0x9A, 0x04, 0x00, 0x04, 0x97, 0xFF, 0x22, 0xB7, 0xA3, 0x00, 0x00, 0x00, 0x00, 0x00, 0x9C, 0xC0,
    0xFF, 0x10, 0x00, 0x00, 0x00, 0x00, 0x00, 0x0A, 0xFF, 0xFF, 0x00, 0x00, 0x00, 0x00, 0x00, 0x00,
    0x00, 0xFF, 0xF8, 0x3C, 0x00, 0x00, 0x00, 0x00, 0x00, 0x33, 0xFF, 0x8A, 0xE6, 0x09, 0x00, 0x00,
    0x00, 0x07, 0xE1, 0x94, 0x00, 0xA6, 0xFF, 0x84, 0x43, 0x81, 0xFF, 0xAD, 0x00, 0x00, 0x00, 0x4C,
    0xBA, 0xE4, 0xBC, 0x51, 0x00, 0x00, 0x00, 0x00, 0x00, 0x10, 0x39, 0x10, 0x00, 0x00, 0x00, 0x00,
    0x1C, 0xC8, 0xFF, 0xFF, 0xFF, 0xCD, 0x21, 0x00, 0x1B, 0xFF, 0xFF, 0xFF, 0xFF, 0xFF, 0xFF, 0xFF,
    0x21, 0xB5, 0xFF, 0xFF, 0xFF, 0xFF, 0xFF, 0xFF, 0xFF, 0xBE, 0xFF, 0xFF, 0xFF, 0xFF, 0xFF, 0xFF,
    0xFF, 0xFF, 0xFF, 0xFF, 0xFF, 0xFF, 0xFF, 0xFF, 0xFF, 0xFF, 0xFF, 0xFF, 0xFC, 0xFF, 0xFF, 0xFF,
    0xFF, 0xFF, 0xFF, 0xFF, 0xFF, 0x97, 0xFF, 0xFF, 0xFF, 0xFF, 0xFF, 0xFF, 0xFF, 0xA2, 0x00, 0xBC,
    0xFF, 0xFF, 0xFF, 0xFF, 0xFF, 0xC4, 0x01, 0x00, 0x00, 0x67, 0xD3, 0xFD, 0xD5, 0x6D, 0x00, 0x00,
    0xAD, 0xAF, 0xAF, 0xAF, 0xAF, 0xAF, 0xAF, 0x72, 0xAF, 0x00, 0x00, 0x00, 0x00, 0x00, 0x00, 0xAF,
    0xAF, 0x00, 0x00, 0x00, 0x00, 0x00, 0x00, 0xAF, 0xAF, 0x00, 0x00, 0x00, 0x00, 0x00, 0x00, 0xAF,
    0xAF, 0x00, 0x00, 0x00, 0x00, 0x00, 0x00, 0xAF, 0xAF, 0x00, 0x00, 0x00, 0x00, 0x00, 0x00, 0xAF,
    0xAF, 0x00, 0x00, 0x00, 0x00, 0x00, 0x00, 0xAF, 0xFA, 0xB4, 0xB4, 0xB4, 0xB4, 0xB4, 0xB4, 0xA8,
    0x0F, 0xC5, 0xB4, 0xB4, 0xB4, 0xB4, 0xB4, 0xB4, 0x94, 0x18, 0xA5, 0x00, 0x00, 0x00, 0x00, 0x10,
    0x0A, 0xB9, 0x18, 0xA5, 0x00, 0x00, 0x00, 0x19, 0xA9, 0x00, 0xB9, 0x18, 0xA5, 0x00, 0x00, 0x00,
    0xAC, 0x0F, 0x00, 0xB9, 0x18, 0xA5, 0x00, 0x00, 0x67, 0x81, 0x00, 0x00, 0xB9, 0x18, 0xA5, 0x5A,
    0xD8, 0xCB, 0x03, 0x00, 0x00, 0xB9, 0x18, 0xA5, 0x00, 0x78, 0xB5, 0x00, 0x00, 0x00, 0xB9, 0x16,
    0xFB, 0xB4, 0xB4, 0xB4, 0xB4, 0xB4, 0xB4, 0xB7, 0x00, 0x06, 0x06, 0x06, 0x06, 0x06, 0x06, 0x06,
    0x03, 0x00, 0x00, 0x00, 0x00, 0x0A, 0x00, 0x00, 0x00, 0x00, 0x00, 0x06, 0x58, 0x06, 0xFF, 0x6C,
    0x40, 0x0C, 0x00, 0x00, 0x7F, 0xFF, 0xFF, 0xFF, 0xFF, 0xFF, 0x8D, 0x00, 0x64, 0xCF, 0xFC, 0x2E,
    0x00, 0x2A, 0xF7, 0xD4, 0x6A, 0xB8, 0xFF, 0x37, 0x0F, 0xC6, 0x70, 0x2D, 0xFF, 0xA3, 0x46, 0xFF,
    0x00, 0x37, 0xFF, 0xC1, 0x00, 0xFF, 0x51, 0xD3, 0xFF, 0x3F, 0x00, 0x34, 0x0C, 0x33, 0xFF, 0xDD,
    0x27, 0xAE, 0xFF, 0x42, 0x00, 0x3D, 0xFF, 0xB7, 0x28, 0x00, 0x84, 0xFF, 0xFF, 0xFF, 0xFF, 0xFF,
    0x91, 0x00, 0x00, 0x03, 0x48, 0x03, 0xFF, 0x64, 0x36, 0x07, 0x00, 0x00, 0x00, 0x00, 0x00, 0x00,
    0x01, 0x7F, 0x13, 0x00, 0x00, 0x00, 0x00, 0x00, 0x67, 0xFF, 0xC5, 0x00, 0x00, 0x00, 0x00, 0x00,
    0xD5, 0xFF, 0x5A, 0xA5, 0xC6, 0x00, 0x00, 0x21, 0xFF, 0xFF, 0x00, 0xE7, 0xFF, 0x43, 0x00, 0xB2,
    0xFF, 0xAE, 0x00, 0x91, 0xFF, 0xA0, 0x00, 0xFF, 0xFF, 0x1F, 0x00, 0x16, 0xFF, 0xFF, 0x4E, 0xFF,
    0xD5, 0x00, 0x00, 0x00, 0xDD, 0xFF, 0xCE, 0xFF, 0x69, 0x00, 0x00, 0x00, 0x85, 0xFF, 0xFF, 0xFF,
    0x03, 0x00, 0x00, 0x00, 0x10, 0xFF, 0xFF, 0xBD, 0x00, 0x00, 0x00, 0x00, 0x00, 0x15, 0x99, 0x06,
    0x00, 0x8B, 0xE7, 0x04, 0x00, 0x00, 0x27, 0xFF, 0x82, 0x75, 0xFF, 0x8E, 0x00, 0x00, 0x00, 0x00,
    0xF3, 0xFF, 0xFF, 0xAA, 0x00, 0x00, 0x00, 0x00, 0x00, 0x93, 0xFF, 0xF6, 0x04, 0x00, 0x00, 0x00,
    0x00, 0x01, 0xD9, 0xFF, 0xFF, 0x03, 0x00, 0x00, 0x00, 0x00, 0xB2, 0xFF, 0xCB, 0xFF, 0x8E, 0x00,
    0x00, 0x00, 0x4B, 0xFF, 0xC4, 0x00, 0xDE, 0xFF, 0x00, 0x00, 0x00, 0xFF, 0xFF, 0x16, 0x00, 0x1E,
    0x6C, 0x00, 0x00, 0x06, 0xFF, 0x81, 0x00, 0x00, 0x00, 0x00, 0x00, 0x00, 0x00, 0x12, 0x00, 0x00,
    0x00, 0x00, 0x00, 0x00, 0x00, 0x00, 0x00, 0x0C, 0x00, 0x00, 0x00, 0x12, 0xA1, 0x00, 0x00, 0xC0,
    0xFF, 0x0D, 0x00, 0x18, 0xF7, 0xFF, 0xA7, 0x00, 0xF1, 0xFF, 0xAD, 0x0F, 0xF6, 0xFF, 0xFF, 0x18,
    0x00, 0x84, 0xFF, 0xFF, 0xFF, 0xFF, 0xFF, 0x19, 0x00, 0x00, 0x06, 0xFF, 0xFF, 0xFF, 0xFF, 0x36,
    0x00, 0x00, 0x00, 0x00, 0xBE, 0xFF, 0xFF, 0xF1, 0x03, 0x00, 0x00, 0x00, 0x93, 0xFF, 0xFF, 0xFF,
    0xFF, 0xA3, 0x00, 0x00, 0x52, 0xFF, 0xFF, 0xE4, 0xFF, 0xFF, 0xFF, 0x70, 0x00, 0xA7, 0xFF, 0xFF,
    0x10, 0x76, 0xFF, 0xFF, 0x30, 0x00, 0x57, 0xF7, 0x36, 0x00, 0x00, 0x43, 0x0A, 0x00, 0x00, 0x00,
    0x00, 0x00, 0x00, 0x00, 0x00, 0x00, 0x00, 0x00, 0x00, 0x03, 0x0C, 0x09, 0x00, 0x00, 0x00, 0x78,
    0xFF, 0xFA, 0x00, 0x00, 0x00, 0x78, 0xFF, 0xFA, 0x00, 0x00, 0x00, 0x78, 0xFF, 0xFA, 0x00, 0x00,
    0x00, 0x78, 0xFF, 0xFA, 0x00, 0x00, 0x00, 0x78, 0xFF, 0xFA, 0x00, 0x00, 0x39, 0xD4, 0xFF, 0xFF,
    0x96, 0x00, 0x00, 0xAB, 0xFF, 0xFF, 0x30, 0x00, 0x00, 0x00, 0xB5, 0x31, 0x00, 0x00,
};
