// Auto-generated VLW font: ibmplex_bolditalic_7
// Size: 17905 bytes (17.5 KB)
#pragma once
#include <pgmspace.h>

const uint8_t ibmplex_bolditalic_7[] PROGMEM = {
    0x00, 0x00, 0x01, 0x65, 0x00, 0x00, 0x00, 0x06, 0x00, 0x00, 0x00, 0x07, 0x00, 0x00, 0x00, 0x00,
    0x00, 0x00, 0x00, 0x08, 0x00, 0x00, 0x00, 0x02, 0x00, 0x00, 0x00, 0x20, 0x00, 0x00, 0x00, 0x00,
    0x00, 0x00, 0x00, 0x00, 0x00, 0x00, 0x00, 0x04, 0x00, 0x00, 0x00, 0x00, 0x00, 0x00, 0x00, 0x00,
    0x00, 0x00, 0x00, 0x00, 0x00, 0x00, 0x00, 0x21, 0x00, 0x00, 0x00, 0x05, 0x00, 0x00, 0x00, 0x03,
    0x00, 0x00, 0x00, 0x04, 0x00, 0x00, 0x00, 0x05, 0x00, 0x00, 0x00, 0x01, 0x00, 0x00, 0x00, 0x00,
    0x00, 0x00, 0x00, 0x22, 0x00, 0x00, 0x00, 0x03, 0x00, 0x00, 0x00, 0x03, 0x00, 0x00, 0x00, 0x04,
    0x00, 0x00, 0x00, 0x06, 0x00, 0x00, 0x00, 0x01, 0x00, 0x00, 0x00, 0x00, 0x00, 0x00, 0x00, 0x23,
    0x00, 0x00, 0x00, 0x05, 0x00, 0x00, 0x00, 0x04, 0x00, 0x00, 0x00, 0x04, 0x00, 0x00, 0x00, 0x05,
    0x00, 0x00, 0x00, 0x00, 0x00, 0x00, 0x00, 0x00, 0x00, 0x00, 0x00, 0x24, 0x00, 0x00, 0x00, 0x07,
    0x00, 0x00, 0x00, 0x04, 0x00, 0x00, 0x00, 0x04, 0x00, 0x00, 0x00, 0x06, 0x00, 0x00, 0x00, 0x00,
    0x00, 0x00, 0x00, 0x00, 0x00, 0x00, 0x00, 0x25, 0x00, 0x00, 0x00, 0x05, 0x00, 0x00, 0x00, 0x04,
    0x00, 0x00, 0x00, 0x04, 0x00, 0x00, 0x00, 0x05, 0x00, 0x00, 0x00, 0x00, 0x00, 0x00, 0x00, 0x00,
    0x00, 0x00, 0x00, 0x26, 0x00, 0x00, 0x00, 0x05, 0x00, 0x00, 0x00, 0x04, 0x00, 0x00, 0x00, 0x04,
    0x00, 0x00, 0x00, 0x05, 0x00, 0x00, 0x00, 0x00, 0x00, 0x00, 0x00, 0x00, 0x00, 0x00, 0x00, 0x27,
    0x00, 0x00, 0x00, 0x03, 0x00, 0x00, 0x00, 0x03, 0x00, 0x00, 0x00, 0x04, 0x00, 0x00, 0x00, 0x06,
    0x00, 0x00, 0x00, 0x01, 0x00, 0x00, 0x00, 0x00, 0x00, 0x00, 0x00, 0x28, 0x00, 0x00, 0x00, 0x07,
    0x00, 0x00, 0x00, 0x03, 0x00, 0x00, 0x00, 0x04, 0x00, 0x00, 0x00, 0x06, 0x00, 0x00, 0x00, 0x01,
    0x00, 0x00, 0x00, 0x00, 0x00, 0x00, 0x00, 0x29, 0x00, 0x00, 0x00, 0x07, 0x00, 0x00, 0x00, 0x04,
    0x00, 0x00, 0x00, 0x04, 0x00, 0x00, 0x00, 0x06, 0x00, 0x00, 0x00, 0x00, 0x00, 0x00, 0x00, 0x00,
    0x00, 0x00, 0x00, 0x2A, 0x00, 0x00, 0x00, 0x04, 0x00, 0x00, 0x00, 0x04, 0x00, 0x00, 0x00, 0x04,
    0x00, 0x00, 0x00, 0x04, 0x00, 0x00, 0x00, 0x00, 0x00, 0x00, 0x00, 0x00, 0x00, 0x00, 0x00, 0x2B,
    0x00, 0x00, 0x00, 0x04, 0x00, 0x00, 0x00, 0x04, 0x00, 0x00, 0x00, 0x04, 0x00, 0x00, 0x00, 0x04,
    0x00, 0x00, 0x00, 0x00, 0x00, 0x00, 0x00, 0x00, 0x00, 0x00, 0x00, 0x2C, 0x00, 0x00, 0x00, 0x03,
    0x00, 0x00, 0x00, 0x03, 0x00, 0x00, 0x00, 0x04, 0x00, 0x00, 0x00, 0x02, 0x00, 0x00, 0x00, 0x00,
    0x00, 0x00, 0x00, 0x00, 0x00, 0x00, 0x00, 0x2D, 0x00, 0x00, 0x00, 0x02, 0x00, 0x00, 0x00, 0x04,
    0x00, 0x00, 0x00, 0x04, 0x00, 0x00, 0x00, 0x03, 0x00, 0x00, 0x00, 0x00, 0x00, 0x00, 0x00, 0x00,
    0x00, 0x00, 0x00, 0x2E, 0x00, 0x00, 0x00, 0x02, 0x00, 0x00, 0x00, 0x02, 0x00, 0x00, 0x00, 0x04,
    0x00, 0x00, 0x00, 0x02, 0x00, 0x00, 0x00, 0x01, 0x00, 0x00, 0x00, 0x00, 0x00, 0x00, 0x00, 0x2F,
    0x00, 0x00, 0x00, 0x07, 0x00, 0x00, 0x00, 0x04, 0x00, 0x00, 0x00, 0x04, 0x00, 0x00, 0x00, 0x06,
    0x00, 0x00, 0x00, 0x00, 0x00, 0x00, 0x00, 0x00, 0x00, 0x00, 0x00, 0x30, 0x00, 0x00, 0x00, 0x05,
    0x00, 0x00, 0x00, 0x04, 0x00, 0x00, 0x00, 0x04, 0x00, 0x00, 0x00, 0x05, 0x00, 0x00, 0x00, 0x00,
    0x00, 0x00, 0x00, 0x00, 0x00, 0x00, 0x00, 0x31, 0x00, 0x00, 0x00, 0x05, 0x00, 0x00, 0x00, 0x04,
    0x00, 0x00, 0x00, 0x04, 0x00, 0x00, 0x00, 0x05, 0x00, 0x00, 0x00, 0x00, 0x00, 0x00, 0x00, 0x00,
    0x00, 0x00, 0x00, 0x32, 0x00, 0x00, 0x00, 0x05, 0x00, 0x00, 0x00, 0x04, 0x00, 0x00, 0x00, 0x04,
    0x00, 0x00, 0x00, 0x05, 0x00, 0x00, 0x00, 0x00, 0x00, 0x00, 0x00, 0x00, 0x00, 0x00, 0x00, 0x33,
    0x00, 0x00, 0x00, 0x05, 0x00, 0x00, 0x00, 0x04, 0x00, 0x00, 0x00, 0x04, 0x00, 0x00, 0x00, 0x05,
    0x00, 0x00, 0x00, 0x00, 0x00, 0x00, 0x00, 0x00, 0x00, 0x00, 0x00, 0x34, 0x00, 0x00, 0x00, 0x05,
    0x00, 0x00, 0x00, 0x04, 0x00, 0x00, 0x00, 0x04, 0x00, 0x00, 0x00, 0x05, 0x00, 0x00, 0x00, 0x00,
    0x00, 0x00, 0x00, 0x00, 0x00, 0x00, 0x00, 0x35, 0x00, 0x00, 0x00, 0x05, 0x00, 0x00, 0x00, 0x04,
    0x00, 0x00, 0x00, 0x04, 0x00, 0x00, 0x00, 0x05, 0x00, 0x00, 0x00, 0x00, 0x00, 0x00, 0x00, 0x00,
    0x00, 0x00, 0x00, 0x36, 0x00, 0x00, 0x00, 0x05, 0x00, 0x00, 0x00, 0x04, 0x00, 0x00, 0x00, 0x04,
    0x00, 0x00, 0x00, 0x05, 0x00, 0x00, 0x00, 0x00, 0x00, 0x00, 0x00, 0x00, 0x00, 0x00, 0x00, 0x37,
    0x00, 0x00, 0x00, 0x05, 0x00, 0x00, 0x00, 0x04, 0x00, 0x00, 0x00, 0x04, 0x00, 0x00, 0x00, 0x05,
    0x00, 0x00, 0x00, 0x00, 0x00, 0x00, 0x00, 0x00, 0x00, 0x00, 0x00, 0x38, 0x00, 0x00, 0x00, 0x05,
    0x00, 0x00, 0x00, 0x04, 0x00, 0x00, 0x00, 0x04, 0x00, 0x00, 0x00, 0x05, 0x00, 0x00, 0x00, 0x00,
    0x00, 0x00, 0x00, 0x00, 0x00, 0x00, 0x00, 0x39, 0x00, 0x00, 0x00, 0x05, 0x00, 0x00, 0x00, 0x04,
    0x00, 0x00, 0x00, 0x04, 0x00, 0x00, 0x00, 0x05, 0x00, 0x00, 0x00, 0x00, 0x00, 0x00, 0x00, 0x00,
    0x00, 0x00, 0x00, 0x3A, 0x00, 0x00, 0x00, 0x04, 0x00, 0x00, 0x00, 0x03, 0x00, 0x00, 0x00, 0x04,
    0x00, 0x00, 0x00, 0x04, 0x00, 0x00, 0x00, 0x01, 0x00, 0x00, 0x00, 0x00, 0x00, 0x00, 0x00, 0x3B,
    0x00, 0x00, 0x00, 0x05, 0x00, 0x00, 0x00, 0x04, 0x00, 0x00, 0x00, 0x04, 0x00, 0x00, 0x00, 0x04,
    0x00, 0x00, 0x00, 0x00, 0x00, 0x00, 0x00, 0x00, 0x00, 0x00, 0x00, 0x3C, 0x00, 0x00, 0x00, 0x05,
    0x00, 0x00, 0x00, 0x04, 0x00, 0x00, 0x00, 0x04, 0x00, 0x00, 0x00, 0x05, 0x00, 0x00, 0x00, 0x00,
    0x00, 0x00, 0x00, 0x00, 0x00, 0x00, 0x00, 0x3D, 0x00, 0x00, 0x00, 0x03, 0x00, 0x00, 0x00, 0x04,
    0x00, 0x00, 0x00, 0x04, 0x00, 0x00, 0x00, 0x04, 0x00, 0x00, 0x00, 0x00, 0x00, 0x00, 0x00, 0x00,
    0x00, 0x00, 0x00, 0x3E, 0x00, 0x00, 0x00, 0x05, 0x00, 0x00, 0x00, 0x04, 0x00, 0x00, 0x00, 0x04,
    0x00, 0x00, 0x00, 0x05, 0x00, 0x00, 0x00, 0x00, 0x00, 0x00, 0x00, 0x00, 0x00, 0x00, 0x00, 0x3F,
    0x00, 0x00, 0x00, 0x05, 0x00, 0x00, 0x00, 0x04, 0x00, 0x00, 0x00, 0x04, 0x00, 0x00, 0x00, 0x05,
    0x00, 0x00, 0x00, 0x00, 0x00, 0x00, 0x00, 0x00, 0x00, 0x00, 0x00, 0x40, 0x00, 0x00, 0x00, 0x06,
    0x00, 0x00, 0x00, 0x04, 0x00, 0x00, 0x00, 0x04, 0x00, 0x00, 0x00, 0x05, 0x00, 0x00, 0x00, 0x00,
    0x00, 0x00, 0x00, 0x00, 0x00, 0x00, 0x00, 0x41, 0x00, 0x00, 0x00, 0x05, 0x00, 0x00, 0x00, 0x04,
    0x00, 0x00, 0x00, 0x04, 0x00, 0x00, 0x00, 0x05, 0x00, 0x00, 0x00, 0x00, 0x00, 0x00, 0x00, 0x00,
    0x00, 0x00, 0x00, 0x42, 0x00, 0x00, 0x00, 0x05, 0x00, 0x00, 0x00, 0x04, 0x00, 0x00, 0x00, 0x04,
    0x00, 0x00, 0x00, 0x05, 0x00, 0x00, 0x00, 0x00, 0x00, 0x00, 0x00, 0x00, 0x00, 0x00, 0x00, 0x43,
    0x00, 0x00, 0x00, 0x05, 0x00, 0x00, 0x00, 0x04, 0x00, 0x00, 0x00, 0x04, 0x00, 0x00, 0x00, 0x05,
    0x00, 0x00, 0x00, 0x00, 0x00, 0x00, 0x00, 0x00, 0x00, 0x00, 0x00, 0x44, 0x00, 0x00, 0x00, 0x05,
    0x00, 0x00, 0x00, 0x04, 0x00, 0x00, 0x00, 0x04, 0x00, 0x00, 0x00, 0x05, 0x00, 0x00, 0x00, 0x00,
    0x00, 0x00, 0x00, 0x00, 0x00, 0x00, 0x00, 0x45, 0x00, 0x00, 0x00, 0x05, 0x00, 0x00, 0x00, 0x04,
    0x00, 0x00, 0x00, 0x04, 0x00, 0x00, 0x00, 0x05, 0x00, 0x00, 0x00, 0x00, 0x00, 0x00, 0x00, 0x00,
    0x00, 0x00, 0x00, 0x46, 0x00, 0x00, 0x00, 0x05, 0x00, 0x00, 0x00, 0x04, 0x00, 0x00, 0x00, 0x04,
    0x00, 0x00, 0x00, 0x05, 0x00, 0x00, 0x00, 0x00, 0x00, 0x00, 0x00, 0x00, 0x00, 0x00, 0x00, 0x47,
    0x00, 0x00, 0x00, 0x05, 0x00, 0x00, 0x00, 0x04, 0x00, 0x00, 0x00, 0x04, 0x00, 0x00, 0x00, 0x05,
    0x00, 0x00, 0x00, 0x00, 0x00, 0x00, 0x00, 0x00, 0x00, 0x00, 0x00, 0x48, 0x00, 0x00, 0x00, 0x05,
    0x00, 0x00, 0x00, 0x04, 0x00, 0x00, 0x00, 0x04, 0x00, 0x00, 0x00, 0x05, 0x00, 0x00, 0x00, 0x00,
    0x00, 0x00, 0x00, 0x00, 0x00, 0x00, 0x00, 0x49, 0x00, 0x00, 0x00, 0x05, 0x00, 0x00, 0x00, 0x04,
    0x00, 0x00, 0x00, 0x04, 0x00, 0x00, 0x00, 0x05, 0x00, 0x00, 0x00, 0x00, 0x00, 0x00, 0x00, 0x00,
    0x00, 0x00, 0x00, 0x4A, 0x00, 0x00, 0x00, 0x05, 0x00, 0x00, 0x00, 0x04, 0x00, 0x00, 0x00, 0x04,
    0x00, 0x00, 0x00, 0x05, 0x00, 0x00, 0x00, 0x00, 0x00, 0x00, 0x00, 0x00, 0x00, 0x00, 0x00, 0x4B,
    0x00, 0x00, 0x00, 0x05, 0x00, 0x00, 0x00, 0x04, 0x00, 0x00, 0x00, 0x04, 0x00, 0x00, 0x00, 0x05,
    0x00, 0x00, 0x00, 0x00, 0x00, 0x00, 0x00, 0x00, 0x00, 0x00, 0x00, 0x4C, 0x00, 0x00, 0x00, 0x05,
    0x00, 0x00, 0x00, 0x04, 0x00, 0x00, 0x00, 0x04, 0x00, 0x00, 0x00, 0x05, 0x00, 0x00, 0x00, 0x00,
    0x00, 0x00, 0x00, 0x00, 0x00, 0x00, 0x00, 0x4D, 0x00, 0x00, 0x00, 0x05, 0x00, 0x00, 0x00, 0x04,
    0x00, 0x00, 0x00, 0x04, 0x00, 0x00, 0x00, 0x05, 0x00, 0x00, 0x00, 0x00, 0x00, 0x00, 0x00, 0x00,
    0x00, 0x00, 0x00, 0x4E, 0x00, 0x00, 0x00, 0x05, 0x00, 0x00, 0x00, 0x04, 0x00, 0x00, 0x00, 0x04,
    0x00, 0x00, 0x00, 0x05, 0x00, 0x00, 0x00, 0x00, 0x00, 0x00, 0x00, 0x00, 0x00, 0x00, 0x00, 0x4F,
    0x00, 0x00, 0x00, 0x05, 0x00, 0x00, 0x00, 0x04, 0x00, 0x00, 0x00, 0x04, 0x00, 0x00, 0x00, 0x05,
    0x00, 0x00, 0x00, 0x00, 0x00, 0x00, 0x00, 0x00, 0x00, 0x00, 0x00, 0x50, 0x00, 0x00, 0x00, 0x05,
    0x00, 0x00, 0x00, 0x04, 0x00, 0x00, 0x00, 0x04, 0x00, 0x00, 0x00, 0x05, 0x00, 0x00, 0x00, 0x00,
    0x00, 0x00, 0x00, 0x00, 0x00, 0x00, 0x00, 0x51, 0x00, 0x00, 0x00, 0x07, 0x00, 0x00, 0x00, 0x04,
    0x00, 0x00, 0x00, 0x04, 0x00, 0x00, 0x00, 0x05, 0x00, 0x00, 0x00, 0x00, 0x00, 0x00, 0x00, 0x00,
    0x00, 0x00, 0x00, 0x52, 0x00, 0x00, 0x00, 0x05, 0x00, 0x00, 0x00, 0x04, 0x00, 0x00, 0x00, 0x04,
    0x00, 0x00, 0x00, 0x05, 0x00, 0x00, 0x00, 0x00, 0x00, 0x00, 0x00, 0x00, 0x00, 0x00, 0x00, 0x53,
    0x00, 0x00, 0x00, 0x05, 0x00, 0x00, 0x00, 0x04, 0x00, 0x00, 0x00, 0x04, 0x00, 0x00, 0x00, 0x05,
    0x00, 0x00, 0x00, 0x00, 0x00, 0x00, 0x00, 0x00, 0x00, 0x00, 0x00, 0x54, 0x00, 0x00, 0x00, 0x05,
    0x00, 0x00, 0x00, 0x04, 0x00, 0x00, 0x00, 0x04, 0x00, 0x00, 0x00, 0x05, 0x00, 0x00, 0x00, 0x00,
    0x00, 0x00, 0x00, 0x00, 0x00, 0x00, 0x00, 0x55, 0x00, 0x00, 0x00, 0x05, 0x00, 0x00, 0x00, 0x04,
    0x00, 0x00, 0x00, 0x04, 0x00, 0x00, 0x00, 0x05, 0x00, 0x00, 0x00, 0x00, 0x00, 0x00, 0x00, 0x00,
    0x00, 0x00, 0x00, 0x56, 0x00, 0x00, 0x00, 0x05, 0x00, 0x00, 0x00, 0x04, 0x00, 0x00, 0x00, 0x04,
    0x00, 0x00, 0x00, 0x05, 0x00, 0x00, 0x00, 0x00, 0x00, 0x00, 0x00, 0x00, 0x00, 0x00, 0x00, 0x57,
    0x00, 0x00, 0x00, 0x05, 0x00, 0x00, 0x00, 0x04, 0x00, 0x00, 0x00, 0x04, 0x00, 0x00, 0x00, 0x05,
    0x00, 0x00, 0x00, 0x00, 0x00, 0x00, 0x00, 0x00, 0x00, 0x00, 0x00, 0x58, 0x00, 0x00, 0x00, 0x05,
    0x00, 0x00, 0x00, 0x04, 0x00, 0x00, 0x00, 0x04, 0x00, 0x00, 0x00, 0x05, 0x00, 0x00, 0x00, 0x00,
    0x00, 0x00, 0x00, 0x00, 0x00, 0x00, 0x00, 0x59, 0x00, 0x00, 0x00, 0x05, 0x00, 0x00, 0x00, 0x04,
    0x00, 0x00, 0x00, 0x04, 0x00, 0x00, 0x00, 0x05, 0x00, 0x00, 0x00, 0x00, 0x00, 0x00, 0x00, 0x00,
    0x00, 0x00, 0x00, 0x5A, 0x00, 0x00, 0x00, 0x05, 0x00, 0x00, 0x00, 0x04, 0x00, 0x00, 0x00, 0x04,
    0x00, 0x00, 0x00, 0x05, 0x00, 0x00, 0x00, 0x00, 0x00, 0x00, 0x00, 0x00, 0x00, 0x00, 0x00, 0x5B,
    0x00, 0x00, 0x00, 0x07, 0x00, 0x00, 0x00, 0x04, 0x00, 0x00, 0x00, 0x04, 0x00, 0x00, 0x00, 0x06,
    0x00, 0x00, 0x00, 0x00, 0x00, 0x00, 0x00, 0x00, 0x00, 0x00, 0x00, 0x5C, 0x00, 0x00, 0x00, 0x07,
    0x00, 0x00, 0x00, 0x03, 0x00, 0x00, 0x00, 0x04, 0x00, 0x00, 0x00, 0x06, 0x00, 0x00, 0x00, 0x01,
    0x00, 0x00, 0x00, 0x00, 0x00, 0x00, 0x00, 0x5D, 0x00, 0x00, 0x00, 0x07, 0x00, 0x00, 0x00, 0x04,
    0x00, 0x00, 0x00, 0x04, 0x00, 0x00, 0x00, 0x06, 0x00, 0x00, 0x00, 0x00, 0x00, 0x00, 0x00, 0x00,
    0x00, 0x00, 0x00, 0x5E, 0x00, 0x00, 0x00, 0x04, 0x00, 0x00, 0x00, 0x04, 0x00, 0x00, 0x00, 0x04,
    0x00, 0x00, 0x00, 0x05, 0x00, 0x00, 0x00, 0x00, 0x00, 0x00, 0x00, 0x00, 0x00, 0x00, 0x00, 0x5F,
    0x00, 0x00, 0x00, 0x01, 0x00, 0x00, 0x00, 0x04, 0x00, 0x00, 0x00, 0x04, 0x00, 0x00, 0x00, 0x00,
    0x00, 0x00, 0x00, 0x00, 0x00, 0x00, 0x00, 0x00, 0x00, 0x00, 0x00, 0x60, 0x00, 0x00, 0x00, 0x03,
    0x00, 0x00, 0x00, 0x02, 0x00, 0x00, 0x00, 0x04, 0x00, 0x00, 0x00, 0x07, 0x00, 0x00, 0x00, 0x01,
    0x00, 0x00, 0x00, 0x00, 0x00, 0x00, 0x00, 0x61, 0x00, 0x00, 0x00, 0x04, 0x00, 0x00, 0x00, 0x04,
    0x00, 0x00, 0x00, 0x04, 0x00, 0x00, 0x00, 0x04, 0x00, 0x00, 0x00, 0x00, 0x00, 0x00, 0x00, 0x00,
    0x00, 0x00, 0x00, 0x62, 0x00, 0x00, 0x00, 0x06, 0x00, 0x00, 0x00, 0x04, 0x00, 0x00, 0x00, 0x04,
    0x00, 0x00, 0x00, 0x06, 0x00, 0x00, 0x00, 0x00, 0x00, 0x00, 0x00, 0x00, 0x00, 0x00, 0x00, 0x63,
    0x00, 0x00, 0x00, 0x04, 0x00, 0x00, 0x00, 0x04, 0x00, 0x00, 0x00, 0x04, 0x00, 0x00, 0x00, 0x04,
    0x00, 0x00, 0x00, 0x00, 0x00, 0x00, 0x00, 0x00, 0x00, 0x00, 0x00, 0x64, 0x00, 0x00, 0x00, 0x06,
    0x00, 0x00, 0x00, 0x04, 0x00, 0x00, 0x00, 0x04, 0x00, 0x00, 0x00, 0x06, 0x00, 0x00, 0x00, 0x00,
    0x00, 0x00, 0x00, 0x00, 0x00, 0x00, 0x00, 0x65, 0x00, 0x00, 0x00, 0x04, 0x00, 0x00, 0x00, 0x04,
    0x00, 0x00, 0x00, 0x04, 0x00, 0x00, 0x00, 0x04, 0x00, 0x00, 0x00, 0x00, 0x00, 0x00, 0x00, 0x00,
    0x00, 0x00, 0x00, 0x66, 0x00, 0x00, 0x00, 0x08, 0x00, 0x00, 0x00, 0x04, 0x00, 0x00, 0x00, 0x04,
    0x00, 0x00, 0x00, 0x06, 0x00, 0x00, 0x00, 0x00, 0x00, 0x00, 0x00, 0x00, 0x00, 0x00, 0x00, 0x67,
    0x00, 0x00, 0x00, 0x06, 0x00, 0x00, 0x00, 0x04, 0x00, 0x00, 0x00, 0x04, 0x00, 0x00, 0x00, 0x04,
    0x00, 0x00, 0x00, 0x00, 0x00, 0x00, 0x00, 0x00, 0x00, 0x00, 0x00, 0x68, 0x00, 0x00, 0x00, 0x06,
    0x00, 0x00, 0x00, 0x04, 0x00, 0x00, 0x00, 0x04, 0x00, 0x00, 0x00, 0x06, 0x00, 0x00, 0x00, 0x00,
    0x00, 0x00, 0x00, 0x00, 0x00, 0x00, 0x00, 0x69, 0x00, 0x00, 0x00, 0x07, 0x00, 0x00, 0x00, 0x04,
    0x00, 0x00, 0x00, 0x04, 0x00, 0x00, 0x00, 0x07, 0x00, 0x00, 0x00, 0x00, 0x00, 0x00, 0x00, 0x00,
    0x00, 0x00, 0x00, 0x6A, 0x00, 0x00, 0x00, 0x09, 0x00, 0x00, 0x00, 0x04, 0x00, 0x00, 0x00, 0x04,
    0x00, 0x00, 0x00, 0x07, 0x00, 0x00, 0x00, 0x00, 0x00, 0x00, 0x00, 0x00, 0x00, 0x00, 0x00, 0x6B,
    0x00, 0x00, 0x00, 0x06, 0x00, 0x00, 0x00, 0x04, 0x00, 0x00, 0x00, 0x04, 0x00, 0x00, 0x00, 0x06,
    0x00, 0x00, 0x00, 0x00, 0x00, 0x00, 0x00, 0x00, 0x00, 0x00, 0x00, 0x6C, 0x00, 0x00, 0x00, 0x06,
    0x00, 0x00, 0x00, 0x04, 0x00, 0x00, 0x00, 0x04, 0x00, 0x00, 0x00, 0x06, 0x00, 0x00, 0x00, 0x00,
    0x00, 0x00, 0x00, 0x00, 0x00, 0x00, 0x00, 0x6D, 0x00, 0x00, 0x00, 0x04, 0x00, 0x00, 0x00, 0x04,
    0x00, 0x00, 0x00, 0x04, 0x00, 0x00, 0x00, 0x04, 0x00, 0x00, 0x00, 0x00, 0x00, 0x00, 0x00, 0x00,
    0x00, 0x00, 0x00, 0x6E, 0x00, 0x00, 0x00, 0x04, 0x00, 0x00, 0x00, 0x04, 0x00, 0x00, 0x00, 0x04,
    0x00, 0x00, 0x00, 0x04, 0x00, 0x00, 0x00, 0x00, 0x00, 0x00, 0x00, 0x00, 0x00, 0x00, 0x00, 0x6F,
    0x00, 0x00, 0x00, 0x04, 0x00, 0x00, 0x00, 0x04, 0x00, 0x00, 0x00, 0x04, 0x00, 0x00, 0x00, 0x04,
    0x00, 0x00, 0x00, 0x00, 0x00, 0x00, 0x00, 0x00, 0x00, 0x00, 0x00, 0x70, 0x00, 0x00, 0x00, 0x06,
    0x00, 0x00, 0x00, 0x04, 0x00, 0x00, 0x00, 0x04, 0x00, 0x00, 0x00, 0x04, 0x00, 0x00, 0x00, 0x00,
    0x00, 0x00, 0x00, 0x00, 0x00, 0x00, 0x00, 0x71, 0x00, 0x00, 0x00, 0x06, 0x00, 0x00, 0x00, 0x04,
    0x00, 0x00, 0x00, 0x04, 0x00, 0x00, 0x00, 0x04, 0x00, 0x00, 0x00, 0x00, 0x00, 0x00, 0x00, 0x00,
    0x00, 0x00, 0x00, 0x72, 0x00, 0x00, 0x00, 0x04, 0x00, 0x00, 0x00, 0x04, 0x00, 0x00, 0x00, 0x04,
    0x00, 0x00, 0x00, 0x04, 0x00, 0x00, 0x00, 0x00, 0x00, 0x00, 0x00, 0x00, 0x00, 0x00, 0x00, 0x73,
    0x00, 0x00, 0x00, 0x04, 0x00, 0x00, 0x00, 0x04, 0x00, 0x00, 0x00, 0x04, 0x00, 0x00, 0x00, 0x04,
    0x00, 0x00, 0x00, 0x00, 0x00, 0x00, 0x00, 0x00, 0x00, 0x00, 0x00, 0x74, 0x00, 0x00, 0x00, 0x05,
    0x00, 0x00, 0x00, 0x04, 0x00, 0x00, 0x00, 0x04, 0x00, 0x00, 0x00, 0x05, 0x00, 0x00, 0x00, 0x00,
    0x00, 0x00, 0x00, 0x00, 0x00, 0x00, 0x00, 0x75, 0x00, 0x00, 0x00, 0x04, 0x00, 0x00, 0x00, 0x04,
    0x00, 0x00, 0x00, 0x04, 0x00, 0x00, 0x00, 0x04, 0x00, 0x00, 0x00, 0x00, 0x00, 0x00, 0x00, 0x00,
    0x00, 0x00, 0x00, 0x76, 0x00, 0x00, 0x00, 0x05, 0x00, 0x00, 0x00, 0x04, 0x00, 0x00, 0x00, 0x04,
    0x00, 0x00, 0x00, 0x05, 0x00, 0x00, 0x00, 0x00, 0x00, 0x00, 0x00, 0x00, 0x00, 0x00, 0x00, 0x77,
    0x00, 0x00, 0x00, 0x05, 0x00, 0x00, 0x00, 0x04, 0x00, 0x00, 0x00, 0x04, 0x00, 0x00, 0x00, 0x05,
    0x00, 0x00, 0x00, 0x00, 0x00, 0x00, 0x00, 0x00, 0x00, 0x00, 0x00, 0x78, 0x00, 0x00, 0x00, 0x04,
    0x00, 0x00, 0x00, 0x04, 0x00, 0x00, 0x00, 0x04, 0x00, 0x00, 0x00, 0x04, 0x00, 0x00, 0x00, 0x00,
    0x00, 0x00, 0x00, 0x00, 0x00, 0x00, 0x00, 0x79, 0x00, 0x00, 0x00, 0x06, 0x00, 0x00, 0x00, 0x04,
    0x00, 0x00, 0x00, 0x04, 0x00, 0x00, 0x00, 0x04, 0x00, 0x00, 0x00, 0x00, 0x00, 0x00, 0x00, 0x00,
    0x00, 0x00, 0x00, 0x7A, 0x00, 0x00, 0x00, 0x04, 0x00, 0x00, 0x00, 0x04, 0x00, 0x00, 0x00, 0x04,
    0x00, 0x00, 0x00, 0x04, 0x00, 0x00, 0x00, 0x00, 0x00, 0x00, 0x00, 0x00, 0x00, 0x00, 0x00, 0x7B,
    0x00, 0x00, 0x00, 0x07, 0x00, 0x00, 0x00, 0x04, 0x00, 0x00, 0x00, 0x04, 0x00, 0x00, 0x00, 0x06,
    0x00, 0x00, 0x00, 0x00, 0x00, 0x00, 0x00, 0x00, 0x00, 0x00, 0x00, 0x7C, 0x00, 0x00, 0x00, 0x07,
    0x00, 0x00, 0x00, 0x03, 0x00, 0x00, 0x00, 0x04, 0x00, 0x00, 0x00, 0x06, 0x00, 0x00, 0x00, 0x01,
    0x00, 0x00, 0x00, 0x00, 0x00, 0x00, 0x00, 0x7D, 0x00, 0x00, 0x00, 0x07, 0x00, 0x00, 0x00, 0x04,
    0x00, 0x00, 0x00, 0x04, 0x00, 0x00, 0x00, 0x06, 0x00, 0x00, 0x00, 0x00, 0x00, 0x00, 0x00, 0x00,
    0x00, 0x00, 0x00, 0x7E, 0x00, 0x00, 0x00, 0x02, 0x00, 0x00, 0x00, 0x04, 0x00, 0x00, 0x00, 0x04,
    0x00, 0x00, 0x00, 0x03, 0x00, 0x00, 0x00, 0x00, 0x00, 0x00, 0x00, 0x00, 0x00, 0x00, 0x00, 0xA0,
    0x00, 0x00, 0x00, 0x00, 0x00, 0x00, 0x00, 0x00, 0x00, 0x00, 0x00, 0x04, 0x00, 0x00, 0x00, 0x00,
    0x00, 0x00, 0x00, 0x00, 0x00, 0x00, 0x00, 0x00, 0x00, 0x00, 0x00, 0xA1, 0x00, 0x00, 0x00, 0x06,
    0x00, 0x00, 0x00, 0x02, 0x00, 0x00, 0x00, 0x04, 0x00, 0x00, 0x00, 0x04, 0x00, 0x00, 0x00, 0x01,
    0x00, 0x00, 0x00, 0x00, 0x00, 0x00, 0x00, 0xA2, 0x00, 0x00, 0x00, 0x06, 0x00, 0x00, 0x00, 0x04,
    0x00, 0x00, 0x00, 0x04, 0x00, 0x00, 0x00, 0x05, 0x00, 0x00, 0x00, 0x00, 0x00, 0x00, 0x00, 0x00,
    0x00, 0x00, 0x00, 0xA3, 0x00, 0x00, 0x00, 0x05, 0x00, 0x00, 0x00, 0x04, 0x00, 0x00, 0x00, 0x04,
    0x00, 0x00, 0x00, 0x05, 0x00, 0x00, 0x00, 0x00, 0x00, 0x00, 0x00, 0x00, 0x00, 0x00, 0x00, 0xA4,
    0x00, 0x00, 0x00, 0x06, 0x00, 0x00, 0x00, 0x04, 0x00, 0x00, 0x00, 0x04, 0x00, 0x00, 0x00, 0x06,
    0x00, 0x00, 0x00, 0x00, 0x00, 0x00, 0x00, 0x00, 0x00, 0x00, 0x00, 0xA5, 0x00, 0x00, 0x00, 0x05,
    0x00, 0x00, 0x00, 0x04, 0x00, 0x00, 0x00, 0x04, 0x00, 0x00, 0x00, 0x05, 0x00, 0x00, 0x00, 0x00,
    0x00, 0x00, 0x00, 0x00, 0x00, 0x00, 0x00, 0xA6, 0x00, 0x00, 0x00, 0x07, 0x00, 0x00, 0x00, 0x03,
    0x00, 0x00, 0x00, 0x04, 0x00, 0x00, 0x00, 0x06, 0x00, 0x00, 0x00, 0x01, 0x00, 0x00, 0x00, 0x00,
    0x00, 0x00, 0x00, 0xA7, 0x00, 0x00, 0x00, 0x07, 0x00, 0x00, 0x00, 0x04, 0x00, 0x00, 0x00, 0x04,
    0x00, 0x00, 0x00, 0x05, 0x00, 0x00, 0x00, 0x00, 0x00, 0x00, 0x00, 0x00, 0x00, 0x00, 0x00, 0xA8,
    0x00, 0x00, 0x00, 0x02, 0x00, 0x00, 0x00, 0x04, 0x00, 0x00, 0x00, 0x04, 0x00, 0x00, 0x00, 0x06,
    0x00, 0x00, 0x00, 0x00, 0x00, 0x00, 0x00, 0x00, 0x00, 0x00, 0x00, 0xA9, 0x00, 0x00, 0x00, 0x06,
    0x00, 0x00, 0x00, 0x04, 0x00, 0x00, 0x00, 0x04, 0x00, 0x00, 0x00, 0x06, 0x00, 0x00, 0x00, 0x00,
    0x00, 0x00, 0x00, 0x00, 0x00, 0x00, 0x00, 0xAA, 0x00, 0x00, 0x00, 0x03, 0x00, 0x00, 0x00, 0x03,
    0x00, 0x00, 0x00, 0x04, 0x00, 0x00, 0x00, 0x05, 0x00, 0x00, 0x00, 0x01, 0x00, 0x00, 0x00, 0x00,
    0x00, 0x00, 0x00, 0xAB, 0x00, 0x00, 0x00, 0x04, 0x00, 0x00, 0x00, 0x04, 0x00, 0x00, 0x00, 0x04,
    0x00, 0x00, 0x00, 0x04, 0x00, 0x00, 0x00, 0x00, 0x00, 0x00, 0x00, 0x00, 0x00, 0x00, 0x00, 0xAC,
    0x00, 0x00, 0x00, 0x03, 0x00, 0x00, 0x00, 0x04, 0x00, 0x00, 0x00, 0x04, 0x00, 0x00, 0x00, 0x03,
    0x00, 0x00, 0x00, 0x00, 0x00, 0x00, 0x00, 0x00, 0x00, 0x00, 0x00, 0xAD, 0x00, 0x00, 0x00, 0x02,
    0x00, 0x00, 0x00, 0x04, 0x00, 0x00, 0x00, 0x04, 0x00, 0x00, 0x00, 0x03, 0x00, 0x00, 0x00, 0x00,
    0x00, 0x00, 0x00, 0x00, 0x00, 0x00, 0x00, 0xAE, 0x00, 0x00, 0x00, 0x03, 0x00, 0x00, 0x00, 0x03,
    0x00, 0x00, 0x00, 0x04, 0x00, 0x00, 0x00, 0x05, 0x00, 0x00, 0x00, 0x01, 0x00, 0x00, 0x00, 0x00,
    0x00, 0x00, 0x00, 0xAF, 0x00, 0x00, 0x00, 0x01, 0x00, 0x00, 0x00, 0x03, 0x00, 0x00, 0x00, 0x04,
    0x00, 0x00, 0x00, 0x06, 0x00, 0x00, 0x00, 0x01, 0x00, 0x00, 0x00, 0x00, 0x00, 0x00, 0x00, 0xB0,
    0x00, 0x00, 0x00, 0x03, 0x00, 0x00, 0x00, 0x03, 0x00, 0x00, 0x00, 0x04, 0x00, 0x00, 0x00, 0x05,
    0x00, 0x00, 0x00, 0x01, 0x00, 0x00, 0x00, 0x00, 0x00, 0x00, 0x00, 0xB1, 0x00, 0x00, 0x00, 0x05,
    0x00, 0x00, 0x00, 0x04, 0x00, 0x00, 0x00, 0x04, 0x00, 0x00, 0x00, 0x05, 0x00, 0x00, 0x00, 0x00,
    0x00, 0x00, 0x00, 0x00, 0x00, 0x00, 0x00, 0xB2, 0x00, 0x00, 0x00, 0x03, 0x00, 0x00, 0x00, 0x03,
    0x00, 0x00, 0x00, 0x04, 0x00, 0x00, 0x00, 0x05, 0x00, 0x00, 0x00, 0x01, 0x00, 0x00, 0x00, 0x00,
    0x00, 0x00, 0x00, 0xB3, 0x00, 0x00, 0x00, 0x03, 0x00, 0x00, 0x00, 0x03, 0x00, 0x00, 0x00, 0x04,
    0x00, 0x00, 0x00, 0x05, 0x00, 0x00, 0x00, 0x01, 0x00, 0x00, 0x00, 0x00, 0x00, 0x00, 0x00, 0xB4,
    0x00, 0x00, 0x00, 0x03, 0x00, 0x00, 0x00, 0x03, 0x00, 0x00, 0x00, 0x04, 0x00, 0x00, 0x00, 0x07,
    0x00, 0x00, 0x00, 0x01, 0x00, 0x00, 0x00, 0x00, 0x00, 0x00, 0x00, 0xB5, 0x00, 0x00, 0x00, 0x06,
    0x00, 0x00, 0x00, 0x04, 0x00, 0x00, 0x00, 0x04, 0x00, 0x00, 0x00, 0x04, 0x00, 0x00, 0x00, 0x00,
    0x00, 0x00, 0x00, 0x00, 0x00, 0x00, 0x00, 0xB6, 0x00, 0x00, 0x00, 0x07, 0x00, 0x00, 0x00, 0x04,
    0x00, 0x00, 0x00, 0x04, 0x00, 0x00, 0x00, 0x05, 0x00, 0x00, 0x00, 0x00, 0x00, 0x00, 0x00, 0x00,
    0x00, 0x00, 0x00, 0xB7, 0x00, 0x00, 0x00, 0x02, 0x00, 0x00, 0x00, 0x02, 0x00, 0x00, 0x00, 0x04,
    0x00, 0x00, 0x00, 0x04, 0x00, 0x00, 0x00, 0x01, 0x00, 0x00, 0x00, 0x00, 0x00, 0x00, 0x00, 0xB8,
    0x00, 0x00, 0x00, 0x03, 0x00, 0x00, 0x00, 0x02, 0x00, 0x00, 0x00, 0x04, 0x00, 0x00, 0x00, 0x01,
    0x00, 0x00, 0x00, 0x01, 0x00, 0x00, 0x00, 0x00, 0x00, 0x00, 0x00, 0xB9, 0x00, 0x00, 0x00, 0x03,
    0x00, 0x00, 0x00, 0x03, 0x00, 0x00, 0x00, 0x04, 0x00, 0x00, 0x00, 0x05, 0x00, 0x00, 0x00, 0x01,
    0x00, 0x00, 0x00, 0x00, 0x00, 0x00, 0x00, 0xBA, 0x00, 0x00, 0x00, 0x03, 0x00, 0x00, 0x00, 0x03,
    0x00, 0x00, 0x00, 0x04, 0x00, 0x00, 0x00, 0x05, 0x00, 0x00, 0x00, 0x01, 0x00, 0x00, 0x00, 0x00,
    0x00, 0x00, 0x00, 0xBB, 0x00, 0x00, 0x00, 0x04, 0x00, 0x00, 0x00, 0x04, 0x00, 0x00, 0x00, 0x04,
    0x00, 0x00, 0x00, 0x04, 0x00, 0x00, 0x00, 0x00, 0x00, 0x00, 0x00, 0x00, 0x00, 0x00, 0x00, 0xBC,
    0x00, 0x00, 0x00, 0x07, 0x00, 0x00, 0x00, 0x04, 0x00, 0x00, 0x00, 0x04, 0x00, 0x00, 0x00, 0x06,
    0x00, 0x00, 0x00, 0x00, 0x00, 0x00, 0x00, 0x00, 0x00, 0x00, 0x00, 0xBD, 0x00, 0x00, 0x00, 0x06,
    0x00, 0x00, 0x00, 0x04, 0x00, 0x00, 0x00, 0x04, 0x00, 0x00, 0x00, 0x06, 0x00, 0x00, 0x00, 0x00,
    0x00, 0x00, 0x00, 0x00, 0x00, 0x00, 0x00, 0xBE, 0x00, 0x00, 0x00, 0x06, 0x00, 0x00, 0x00, 0x04,
    0x00, 0x00, 0x00, 0x04, 0x00, 0x00, 0x00, 0x05, 0x00, 0x00, 0x00, 0x00, 0x00, 0x00, 0x00, 0x00,
    0x00, 0x00, 0x00, 0xBF, 0x00, 0x00, 0x00, 0x07, 0x00, 0x00, 0x00, 0x04, 0x00, 0x00, 0x00, 0x04,
    0x00, 0x00, 0x00, 0x05, 0x00, 0x00, 0x00, 0x00, 0x00, 0x00, 0x00, 0x00, 0x00, 0x00, 0x00, 0xC0,
    0x00, 0x00, 0x00, 0x08, 0x00, 0x00, 0x00, 0x04, 0x00, 0x00, 0x00, 0x04, 0x00, 0x00, 0x00, 0x08,
    0x00, 0x00, 0x00, 0x00, 0x00, 0x00, 0x00, 0x00, 0x00, 0x00, 0x00, 0xC1, 0x00, 0x00, 0x00, 0x08,
    0x00, 0x00, 0x00, 0x04, 0x00, 0x00, 0x00, 0x04, 0x00, 0x00, 0x00, 0x08, 0x00, 0x00, 0x00, 0x00,
    0x00, 0x00, 0x00, 0x00, 0x00, 0x00, 0x00, 0xC2, 0x00, 0x00, 0x00, 0x08, 0x00, 0x00, 0x00, 0x04,
    0x00, 0x00, 0x00, 0x04, 0x00, 0x00, 0x00, 0x08, 0x00, 0x00, 0x00, 0x00, 0x00, 0x00, 0x00, 0x00,
    0x00, 0x00, 0x00, 0xC3, 0x00, 0x00, 0x00, 0x08, 0x00, 0x00, 0x00, 0x04, 0x00, 0x00, 0x00, 0x04,
    0x00, 0x00, 0x00, 0x08, 0x00, 0x00, 0x00, 0x00, 0x00, 0x00, 0x00, 0x00, 0x00, 0x00, 0x00, 0xC4,
    0x00, 0x00, 0x00, 0x08, 0x00, 0x00, 0x00, 0x04, 0x00, 0x00, 0x00, 0x04, 0x00, 0x00, 0x00, 0x08,
    0x00, 0x00, 0x00, 0x00, 0x00, 0x00, 0x00, 0x00, 0x00, 0x00, 0x00, 0xC5, 0x00, 0x00, 0x00, 0x09,
    0x00, 0x00, 0x00, 0x04, 0x00, 0x00, 0x00, 0x04, 0x00, 0x00, 0x00, 0x09, 0x00, 0x00, 0x00, 0x00,
    0x00, 0x00, 0x00, 0x00, 0x00, 0x00, 0x00, 0xC6, 0x00, 0x00, 0x00, 0x05, 0x00, 0x00, 0x00, 0x04,
    0x00, 0x00, 0x00, 0x04, 0x00, 0x00, 0x00, 0x05, 0x00, 0x00, 0x00, 0x00, 0x00, 0x00, 0x00, 0x00,
    0x00, 0x00, 0x00, 0xC7, 0x00, 0x00, 0x00, 0x07, 0x00, 0x00, 0x00, 0x04, 0x00, 0x00, 0x00, 0x04,
    0x00, 0x00, 0x00, 0x05, 0x00, 0x00, 0x00, 0x00, 0x00, 0x00, 0x00, 0x00, 0x00, 0x00, 0x00, 0xC8,
    0x00, 0x00, 0x00, 0x08, 0x00, 0x00, 0x00, 0x04, 0x00, 0x00, 0x00, 0x04, 0x00, 0x00, 0x00, 0x08,
    0x00, 0x00, 0x00, 0x00, 0x00, 0x00, 0x00, 0x00, 0x00, 0x00, 0x00, 0xC9, 0x00, 0x00, 0x00, 0x08,
    0x00, 0x00, 0x00, 0x04, 0x00, 0x00, 0x00, 0x04, 0x00, 0x00, 0x00, 0x08, 0x00, 0x00, 0x00, 0x00,
    0x00, 0x00, 0x00, 0x00, 0x00, 0x00, 0x00, 0xCA, 0x00, 0x00, 0x00, 0x08, 0x00, 0x00, 0x00, 0x04,
    0x00, 0x00, 0x00, 0x04, 0x00, 0x00, 0x00, 0x08, 0x00, 0x00, 0x00, 0x00, 0x00, 0x00, 0x00, 0x00,
    0x00, 0x00, 0x00, 0xCB, 0x00, 0x00, 0x00, 0x08, 0x00, 0x00, 0x00, 0x04, 0x00, 0x00, 0x00, 0x04,
    0x00, 0x00, 0x00, 0x08, 0x00, 0x00, 0x00, 0x00, 0x00, 0x00, 0x00, 0x00, 0x00, 0x00, 0x00, 0xCC,
    0x00, 0x00, 0x00, 0x08, 0x00, 0x00, 0x00, 0x04, 0x00, 0x00, 0x00, 0x04, 0x00, 0x00, 0x00, 0x08,
    0x00, 0x00, 0x00, 0x00, 0x00, 0x00, 0x00, 0x00, 0x00, 0x00, 0x00, 0xCD, 0x00, 0x00, 0x00, 0x08,
    0x00, 0x00, 0x00, 0x04, 0x00, 0x00, 0x00, 0x04, 0x00, 0x00, 0x00, 0x08, 0x00, 0x00, 0x00, 0x00,
    0x00, 0x00, 0x00, 0x00, 0x00, 0x00, 0x00, 0xCE, 0x00, 0x00, 0x00, 0x08, 0x00, 0x00, 0x00, 0x04,
    0x00, 0x00, 0x00, 0x04, 0x00, 0x00, 0x00, 0x08, 0x00, 0x00, 0x00, 0x00, 0x00, 0x00, 0x00, 0x00,
    0x00, 0x00, 0x00, 0xCF, 0x00, 0x00, 0x00, 0x08, 0x00, 0x00, 0x00, 0x04, 0x00, 0x00, 0x00, 0x04,
    0x00, 0x00, 0x00, 0x08, 0x00, 0x00, 0x00, 0x00, 0x00, 0x00, 0x00, 0x00, 0x00, 0x00, 0x00, 0xD0,
    0x00, 0x00, 0x00, 0x05, 0x00, 0x00, 0x00, 0x04, 0x00, 0x00, 0x00, 0x04, 0x00, 0x00, 0x00, 0x05,
    0x00, 0x00, 0x00, 0x00, 0x00, 0x00, 0x00, 0x00, 0x00, 0x00, 0x00, 0xD1, 0x00, 0x00, 0x00, 0x08,
    0x00, 0x00, 0x00, 0x04, 0x00, 0x00, 0x00, 0x04, 0x00, 0x00, 0x00, 0x08, 0x00, 0x00, 0x00, 0x00,
    0x00, 0x00, 0x00, 0x00, 0x00, 0x00, 0x00, 0xD2, 0x00, 0x00, 0x00, 0x08, 0x00, 0x00, 0x00, 0x04,
    0x00, 0x00, 0x00, 0x04, 0x00, 0x00, 0x00, 0x08, 0x00, 0x00, 0x00, 0x00, 0x00, 0x00, 0x00, 0x00,
    0x00, 0x00, 0x00, 0xD3, 0x00, 0x00, 0x00, 0x08, 0x00, 0x00, 0x00, 0x04, 0x00, 0x00, 0x00, 0x04,
    0x00, 0x00, 0x00, 0x08, 0x00, 0x00, 0x00, 0x00, 0x00, 0x00, 0x00, 0x00, 0x00, 0x00, 0x00, 0xD4,
    0x00, 0x00, 0x00, 0x09, 0x00, 0x00, 0x00, 0x04, 0x00, 0x00, 0x00, 0x04, 0x00, 0x00, 0x00, 0x09,
    0x00, 0x00, 0x00, 0x00, 0x00, 0x00, 0x00, 0x00, 0x00, 0x00, 0x00, 0xD5, 0x00, 0x00, 0x00, 0x08,
    0x00, 0x00, 0x00, 0x04, 0x00, 0x00, 0x00, 0x04, 0x00, 0x00, 0x00, 0x08, 0x00, 0x00, 0x00, 0x00,
    0x00, 0x00, 0x00, 0x00, 0x00, 0x00, 0x00, 0xD6, 0x00, 0x00, 0x00, 0x08, 0x00, 0x00, 0x00, 0x04,
    0x00, 0x00, 0x00, 0x04, 0x00, 0x00, 0x00, 0x08, 0x00, 0x00, 0x00, 0x00, 0x00, 0x00, 0x00, 0x00,
    0x00, 0x00, 0x00, 0xD7, 0x00, 0x00, 0x00, 0x05, 0x00, 0x00, 0x00, 0x04, 0x00, 0x00, 0x00, 0x04,
    0x00, 0x00, 0x00, 0x05, 0x00, 0x00, 0x00, 0x00, 0x00, 0x00, 0x00, 0x00, 0x00, 0x00, 0x00, 0xD8,
    0x00, 0x00, 0x00, 0x07, 0x00, 0x00, 0x00, 0x04, 0x00, 0x00, 0x00, 0x04, 0x00, 0x00, 0x00, 0x06,
    0x00, 0x00, 0x00, 0x00, 0x00, 0x00, 0x00, 0x00, 0x00, 0x00, 0x00, 0xD9, 0x00, 0x00, 0x00, 0x08,
    0x00, 0x00, 0x00, 0x04, 0x00, 0x00, 0x00, 0x04, 0x00, 0x00, 0x00, 0x08, 0x00, 0x00, 0x00, 0x00,
    0x00, 0x00, 0x00, 0x00, 0x00, 0x00, 0x00, 0xDA, 0x00, 0x00, 0x00, 0x08, 0x00, 0x00, 0x00, 0x04,
    0x00, 0x00, 0x00, 0x04, 0x00, 0x00, 0x00, 0x08, 0x00, 0x00, 0x00, 0x00, 0x00, 0x00, 0x00, 0x00,
    0x00, 0x00, 0x00, 0xDB, 0x00, 0x00, 0x00, 0x09, 0x00, 0x00, 0x00, 0x04, 0x00, 0x00, 0x00, 0x04,
    0x00, 0x00, 0x00, 0x09, 0x00, 0x00, 0x00, 0x00, 0x00, 0x00, 0x00, 0x00, 0x00, 0x00, 0x00, 0xDC,
    0x00, 0x00, 0x00, 0x08, 0x00, 0x00, 0x00, 0x04, 0x00, 0x00, 0x00, 0x04, 0x00, 0x00, 0x00, 0x08,
    0x00, 0x00, 0x00, 0x00, 0x00, 0x00, 0x00, 0x00, 0x00, 0x00, 0x00, 0xDD, 0x00, 0x00, 0x00, 0x08,
    0x00, 0x00, 0x00, 0x04, 0x00, 0x00, 0x00, 0x04, 0x00, 0x00, 0x00, 0x08, 0x00, 0x00, 0x00, 0x00,
    0x00, 0x00, 0x00, 0x00, 0x00, 0x00, 0x00, 0xDE, 0x00, 0x00, 0x00, 0x05, 0x00, 0x00, 0x00, 0x04,
    0x00, 0x00, 0x00, 0x04, 0x00, 0x00, 0x00, 0x05, 0x00, 0x00, 0x00, 0x00, 0x00, 0x00, 0x00, 0x00,
    0x00, 0x00, 0x00, 0xDF, 0x00, 0x00, 0x00, 0x08, 0x00, 0x00, 0x00, 0x04, 0x00, 0x00, 0x00, 0x04,
    0x00, 0x00, 0x00, 0x06, 0x00, 0x00, 0x00, 0x00, 0x00, 0x00, 0x00, 0x00, 0x00, 0x00, 0x00, 0xE0,
    0x00, 0x00, 0x00, 0x07, 0x00, 0x00, 0x00, 0x04, 0x00, 0x00, 0x00, 0x04, 0x00, 0x00, 0x00, 0x07,
    0x00, 0x00, 0x00, 0x00, 0x00, 0x00, 0x00, 0x00, 0x00, 0x00, 0x00, 0xE1, 0x00, 0x00, 0x00, 0x07,
    0x00, 0x00, 0x00, 0x04, 0x00, 0x00, 0x00, 0x04, 0x00, 0x00, 0x00, 0x07, 0x00, 0x00, 0x00, 0x00,
    0x00, 0x00, 0x00, 0x00, 0x00, 0x00, 0x00, 0xE2, 0x00, 0x00, 0x00, 0x07, 0x00, 0x00, 0x00, 0x04,
    0x00, 0x00, 0x00, 0x04, 0x00, 0x00, 0x00, 0x07, 0x00, 0x00, 0x00, 0x00, 0x00, 0x00, 0x00, 0x00,
    0x00, 0x00, 0x00, 0xE3, 0x00, 0x00, 0x00, 0x07, 0x00, 0x00, 0x00, 0x04, 0x00, 0x00, 0x00, 0x04,
    0x00, 0x00, 0x00, 0x07, 0x00, 0x00, 0x00, 0x00, 0x00, 0x00, 0x00, 0x00, 0x00, 0x00, 0x00, 0xE4,
    0x00, 0x00, 0x00, 0x07, 0x00, 0x00, 0x00, 0x04, 0x00, 0x00, 0x00, 0x04, 0x00, 0x00, 0x00, 0x07,
    0x00, 0x00, 0x00, 0x00, 0x00, 0x00, 0x00, 0x00, 0x00, 0x00, 0x00, 0xE5, 0x00, 0x00, 0x00, 0x08,
    0x00, 0x00, 0x00, 0x04, 0x00, 0x00, 0x00, 0x04, 0x00, 0x00, 0x00, 0x08, 0x00, 0x00, 0x00, 0x00,
    0x00, 0x00, 0x00, 0x00, 0x00, 0x00, 0x00, 0xE6, 0x00, 0x00, 0x00, 0x04, 0x00, 0x00, 0x00, 0x04,
    0x00, 0x00, 0x00, 0x04, 0x00, 0x00, 0x00, 0x04, 0x00, 0x00, 0x00, 0x00, 0x00, 0x00, 0x00, 0x00,
    0x00, 0x00, 0x00, 0xE7, 0x00, 0x00, 0x00, 0x06, 0x00, 0x00, 0x00, 0x04, 0x00, 0x00, 0x00, 0x04,
    0x00, 0x00, 0x00, 0x04, 0x00, 0x00, 0x00, 0x00, 0x00, 0x00, 0x00, 0x00, 0x00, 0x00, 0x00, 0xE8,
    0x00, 0x00, 0x00, 0x07, 0x00, 0x00, 0x00, 0x04, 0x00, 0x00, 0x00, 0x04, 0x00, 0x00, 0x00, 0x07,
    0x00, 0x00, 0x00, 0x00, 0x00, 0x00, 0x00, 0x00, 0x00, 0x00, 0x00, 0xE9, 0x00, 0x00, 0x00, 0x07,
    0x00, 0x00, 0x00, 0x04, 0x00, 0x00, 0x00, 0x04, 0x00, 0x00, 0x00, 0x07, 0x00, 0x00, 0x00, 0x00,
    0x00, 0x00, 0x00, 0x00, 0x00, 0x00, 0x00, 0xEA, 0x00, 0x00, 0x00, 0x07, 0x00, 0x00, 0x00, 0x04,
    0x00, 0x00, 0x00, 0x04, 0x00, 0x00, 0x00, 0x07, 0x00, 0x00, 0x00, 0x00, 0x00, 0x00, 0x00, 0x00,
    0x00, 0x00, 0x00, 0xEB, 0x00, 0x00, 0x00, 0x07, 0x00, 0x00, 0x00, 0x04, 0x00, 0x00, 0x00, 0x04,
    0x00, 0x00, 0x00, 0x07, 0x00, 0x00, 0x00, 0x00, 0x00, 0x00, 0x00, 0x00, 0x00, 0x00, 0x00, 0xEC,
    0x00, 0x00, 0x00, 0x07, 0x00, 0x00, 0x00, 0x04, 0x00, 0x00, 0x00, 0x04, 0x00, 0x00, 0x00, 0x07,
    0x00, 0x00, 0x00, 0x00, 0x00, 0x00, 0x00, 0x00, 0x00, 0x00, 0x00, 0xED, 0x00, 0x00, 0x00, 0x07,
    0x00, 0x00, 0x00, 0x04, 0x00, 0x00, 0x00, 0x04, 0x00, 0x00, 0x00, 0x07, 0x00, 0x00, 0x00, 0x00,
    0x00, 0x00, 0x00, 0x00, 0x00, 0x00, 0x00, 0xEE, 0x00, 0x00, 0x00, 0x07, 0x00, 0x00, 0x00, 0x04,
    0x00, 0x00, 0x00, 0x04, 0x00, 0x00, 0x00, 0x07, 0x00, 0x00, 0x00, 0x00, 0x00, 0x00, 0x00, 0x00,
    0x00, 0x00, 0x00, 0xEF, 0x00, 0x00, 0x00, 0x07, 0x00, 0x00, 0x00, 0x04, 0x00, 0x00, 0x00, 0x04,
    0x00, 0x00, 0x00, 0x07, 0x00, 0x00, 0x00, 0x00, 0x00, 0x00, 0x00, 0x00, 0x00, 0x00, 0x00, 0xF0,
    0x00, 0x00, 0x00, 0x07, 0x00, 0x00, 0x00, 0x04, 0x00, 0x00, 0x00, 0x04, 0x00, 0x00, 0x00, 0x07,
    0x00, 0x00, 0x00, 0x00, 0x00, 0x00, 0x00, 0x00, 0x00, 0x00, 0x00, 0xF1, 0x00, 0x00, 0x00, 0x07,
    0x00, 0x00, 0x00, 0x04, 0x00, 0x00, 0x00, 0x04, 0x00, 0x00, 0x00, 0x07, 0x00, 0x00, 0x00, 0x00,
    0x00, 0x00, 0x00, 0x00, 0x00, 0x00, 0x00, 0xF2, 0x00, 0x00, 0x00, 0x07, 0x00, 0x00, 0x00, 0x04,
    0x00, 0x00, 0x00, 0x04, 0x00, 0x00, 0x00, 0x07, 0x00, 0x00, 0x00, 0x00, 0x00, 0x00, 0x00, 0x00,
    0x00, 0x00, 0x00, 0xF3, 0x00, 0x00, 0x00, 0x07, 0x00, 0x00, 0x00, 0x04, 0x00, 0x00, 0x00, 0x04,
    0x00, 0x00, 0x00, 0x07, 0x00, 0x00, 0x00, 0x00, 0x00, 0x00, 0x00, 0x00, 0x00, 0x00, 0x00, 0xF4,
    0x00, 0x00, 0x00, 0x07, 0x00, 0x00, 0x00, 0x04, 0x00, 0x00, 0x00, 0x04, 0x00, 0x00, 0x00, 0x07,
    0x00, 0x00, 0x00, 0x00, 0x00, 0x00, 0x00, 0x00, 0x00, 0x00, 0x00, 0xF5, 0x00, 0x00, 0x00, 0x07,
    0x00, 0x00, 0x00, 0x04, 0x00, 0x00, 0x00, 0x04, 0x00, 0x00, 0x00, 0x07, 0x00, 0x00, 0x00, 0x00,
    0x00, 0x00, 0x00, 0x00, 0x00, 0x00, 0x00, 0xF6, 0x00, 0x00, 0x00, 0x07, 0x00, 0x00, 0x00, 0x04,
    0x00, 0x00, 0x00, 0x04, 0x00, 0x00, 0x00, 0x07, 0x00, 0x00, 0x00, 0x00, 0x00, 0x00, 0x00, 0x00,
    0x00, 0x00, 0x00, 0xF7, 0x00, 0x00, 0x00, 0x06, 0x00, 0x00, 0x00, 0x04, 0x00, 0x00, 0x00, 0x04,
    0x00, 0x00, 0x00, 0x05, 0x00, 0x00, 0x00, 0x00, 0x00, 0x00, 0x00, 0x00, 0x00, 0x00, 0x00, 0xF8,
    0x00, 0x00, 0x00, 0x06, 0x00, 0x00, 0x00, 0x04, 0x00, 0x00, 0x00, 0x04, 0x00, 0x00, 0x00, 0x05,
    0x00, 0x00, 0x00, 0x00, 0x00, 0x00, 0x00, 0x00, 0x00, 0x00, 0x00, 0xF9, 0x00, 0x00, 0x00, 0x07,
    0x00, 0x00, 0x00, 0x04, 0x00, 0x00, 0x00, 0x04, 0x00, 0x00, 0x00, 0x07, 0x00, 0x00, 0x00, 0x00,
    0x00, 0x00, 0x00, 0x00, 0x00, 0x00, 0x00, 0xFA, 0x00, 0x00, 0x00, 0x07, 0x00, 0x00, 0x00, 0x04,
    0x00, 0x00, 0x00, 0x04, 0x00, 0x00, 0x00, 0x07, 0x00, 0x00, 0x00, 0x00, 0x00, 0x00, 0x00, 0x00,
    0x00, 0x00, 0x00, 0xFB, 0x00, 0x00, 0x00, 0x07, 0x00, 0x00, 0x00, 0x04, 0x00, 0x00, 0x00, 0x04,
    0x00, 0x00, 0x00, 0x07, 0x00, 0x00, 0x00, 0x00, 0x00, 0x00, 0x00, 0x00, 0x00, 0x00, 0x00, 0xFC,
    0x00, 0x00, 0x00, 0x07, 0x00, 0x00, 0x00, 0x04, 0x00, 0x00, 0x00, 0x04, 0x00, 0x00, 0x00, 0x07,
    0x00, 0x00, 0x00, 0x00, 0x00, 0x00, 0x00, 0x00, 0x00, 0x00, 0x00, 0xFD, 0x00, 0x00, 0x00, 0x09,
    0x00, 0x00, 0x00, 0x04, 0x00, 0x00, 0x00, 0x04, 0x00, 0x00, 0x00, 0x07, 0x00, 0x00, 0x00, 0x00,
    0x00, 0x00, 0x00, 0x00, 0x00, 0x00, 0x00, 0xFE, 0x00, 0x00, 0x00, 0x08, 0x00, 0x00, 0x00, 0x04,
    0x00, 0x00, 0x00, 0x04, 0x00, 0x00, 0x00, 0x06, 0x00, 0x00, 0x00, 0x00, 0x00, 0x00, 0x00, 0x00,
    0x00, 0x00, 0x00, 0xFF, 0x00, 0x00, 0x00, 0x09, 0x00, 0x00, 0x00, 0x04, 0x00, 0x00, 0x00, 0x04,
    0x00, 0x00, 0x00, 0x07, 0x00, 0x00, 0x00, 0x00, 0x00, 0x00, 0x00, 0x00, 0x00, 0x00, 0x20, 0x13,
    0x00, 0x00, 0x00, 0x01, 0x00, 0x00, 0x00, 0x04, 0x00, 0x00, 0x00, 0x04, 0x00, 0x00, 0x00, 0x03,
    0x00, 0x00, 0x00, 0x00, 0x00, 0x00, 0x00, 0x00, 0x00, 0x00, 0x20, 0x14, 0x00, 0x00, 0x00, 0x01,
    0x00, 0x00, 0x00, 0x04, 0x00, 0x00, 0x00, 0x04, 0x00, 0x00, 0x00, 0x03, 0x00, 0x00, 0x00, 0x00,
    0x00, 0x00, 0x00, 0x00, 0x00, 0x00, 0x20, 0x18, 0x00, 0x00, 0x00, 0x03, 0x00, 0x00, 0x00, 0x03,
    0x00, 0x00, 0x00, 0x04, 0x00, 0x00, 0x00, 0x06, 0x00, 0x00, 0x00, 0x01, 0x00, 0x00, 0x00, 0x00,
    0x00, 0x00, 0x20, 0x19, 0x00, 0x00, 0x00, 0x03, 0x00, 0x00, 0x00, 0x03, 0x00, 0x00, 0x00, 0x04,
    0x00, 0x00, 0x00, 0x06, 0x00, 0x00, 0x00, 0x01, 0x00, 0x00, 0x00, 0x00, 0x00, 0x00, 0x20, 0x1C,
    0x00, 0x00, 0x00, 0x03, 0x00, 0x00, 0x00, 0x04, 0x00, 0x00, 0x00, 0x04, 0x00, 0x00, 0x00, 0x06,
    0x00, 0x00, 0x00, 0x00, 0x00, 0x00, 0x00, 0x00, 0x00, 0x00, 0x20, 0x1D, 0x00, 0x00, 0x00, 0x03,
    0x00, 0x00, 0x00, 0x04, 0x00, 0x00, 0x00, 0x04, 0x00, 0x00, 0x00, 0x06, 0x00, 0x00, 0x00, 0x00,
    0x00, 0x00, 0x00, 0x00, 0x00, 0x00, 0x20, 0x26, 0x00, 0x00, 0x00, 0x02, 0x00, 0x00, 0x00, 0x04,
    0x00, 0x00, 0x00, 0x04, 0x00, 0x00, 0x00, 0x02, 0x00, 0x00, 0x00, 0x00, 0x00, 0x00, 0x00, 0x00,
    0x00, 0x00, 0x20, 0xAC, 0x00, 0x00, 0x00, 0x05, 0x00, 0x00, 0x00, 0x04, 0x00, 0x00, 0x00, 0x04,
    0x00, 0x00, 0x00, 0x05, 0x00, 0x00, 0x00, 0x00, 0x00, 0x00, 0x00, 0x00, 0x00, 0x00, 0x21, 0x90,
    0x00, 0x00, 0x00, 0x05, 0x00, 0x00, 0x00, 0x04, 0x00, 0x00, 0x00, 0x04, 0x00, 0x00, 0x00, 0x05,
    0x00, 0x00, 0x00, 0x00, 0x00, 0x00, 0x00, 0x00, 0x00, 0x00, 0x21, 0x91, 0x00, 0x00, 0x00, 0x05,
    0x00, 0x00, 0x00, 0x04, 0x00, 0x00, 0x00, 0x04, 0x00, 0x00, 0x00, 0x05, 0x00, 0x00, 0x00, 0x00,
    0x00, 0x00, 0x00, 0x00, 0x00, 0x00, 0x21, 0x92, 0x00, 0x00, 0x00, 0x05, 0x00, 0x00, 0x00, 0x04,
    0x00, 0x00, 0x00, 0x04, 0x00, 0x00, 0x00, 0x05, 0x00, 0x00, 0x00, 0x00, 0x00, 0x00, 0x00, 0x00,
    0x00, 0x00, 0x21, 0x93, 0x00, 0x00, 0x00, 0x06, 0x00, 0x00, 0x00, 0x04, 0x00, 0x00, 0x00, 0x04,
    0x00, 0x00, 0x00, 0x05, 0x00, 0x00, 0x00, 0x00, 0x00, 0x00, 0x00, 0x00, 0x00, 0x00, 0x21, 0x94,
    0x00, 0x00, 0x00, 0x04, 0x00, 0x00, 0x00, 0x04, 0x00, 0x00, 0x00, 0x04, 0x00, 0x00, 0x00, 0x04,
    0x00, 0x00, 0x00, 0x00, 0x00, 0x00, 0x00, 0x00, 0x00, 0x00, 0x21, 0x95, 0x00, 0x00, 0x00, 0x06,
    0x00, 0x00, 0x00, 0x04, 0x00, 0x00, 0x00, 0x04, 0x00, 0x00, 0x00, 0x05, 0x00, 0x00, 0x00, 0x00,
    0x00, 0x00, 0x00, 0x00, 0x00, 0x00, 0x21, 0xE9, 0x00, 0x00, 0x00, 0x04, 0x00, 0x00, 0x00, 0x04,
    0x00, 0x00, 0x00, 0x04, 0x00, 0x00, 0x00, 0x04, 0x00, 0x00, 0x00, 0x00, 0x00, 0x00, 0x00, 0x00,
    0x00, 0x00, 0x22, 0x60, 0x00, 0x00, 0x00, 0x05, 0x00, 0x00, 0x00, 0x04, 0x00, 0x00, 0x00, 0x04,
    0x00, 0x00, 0x00, 0x05, 0x00, 0x00, 0x00, 0x00, 0x00, 0x00, 0x00, 0x00, 0x00, 0x00, 0x22, 0x61,
    0x00, 0x00, 0x00, 0x04, 0x00, 0x00, 0x00, 0x04, 0x00, 0x00, 0x00, 0x04, 0x00, 0x00, 0x00, 0x04,
    0x00, 0x00, 0x00, 0x00, 0x00, 0x00, 0x00, 0x00, 0x00, 0x00, 0x22, 0x64, 0x00, 0x00, 0x00, 0x05,
    0x00, 0x00, 0x00, 0x04, 0x00, 0x00, 0x00, 0x04, 0x00, 0x00, 0x00, 0x05, 0x00, 0x00, 0x00, 0x00,
    0x00, 0x00, 0x00, 0x00, 0x00, 0x00, 0x22, 0x65, 0x00, 0x00, 0x00, 0x05, 0x00, 0x00, 0x00, 0x04,
    0x00, 0x00, 0x00, 0x04, 0x00, 0x00, 0x00, 0x05, 0x00, 0x00, 0x00, 0x00, 0x00, 0x00, 0x00, 0x00,
    0x00, 0x00, 0x23, 0x15, 0x00, 0x00, 0x00, 0x04, 0x00, 0x00, 0x00, 0x04, 0x00, 0x00, 0x00, 0x04,
    0x00, 0x00, 0x00, 0x04, 0x00, 0x00, 0x00, 0x00, 0x00, 0x00, 0x00, 0x00, 0x00, 0x00, 0x23, 0xCE,
    0x00, 0x00, 0x00, 0x04, 0x00, 0x00, 0x00, 0x04, 0x00, 0x00, 0x00, 0x04, 0x00, 0x00, 0x00, 0x04,
    0x00, 0x00, 0x00, 0x00, 0x00, 0x00, 0x00, 0x00, 0x00, 0x00, 0x25, 0x00, 0x00, 0x00, 0x00, 0x01,
    0x00, 0x00, 0x00, 0x04, 0x00, 0x00, 0x00, 0x04, 0x00, 0x00, 0x00, 0x03, 0x00, 0x00, 0x00, 0x00,
    0x00, 0x00, 0x00, 0x00, 0x00, 0x00, 0x25, 0x01, 0x00, 0x00, 0x00, 0x02, 0x00, 0x00, 0x00, 0x04,
    0x00, 0x00, 0x00, 0x04, 0x00, 0x00, 0x00, 0x03, 0x00, 0x00, 0x00, 0x00, 0x00, 0x00, 0x00, 0x00,
    0x00, 0x00, 0x25, 0x02, 0x00, 0x00, 0x00, 0x0A, 0x00, 0x00, 0x00, 0x01, 0x00, 0x00, 0x00, 0x04,
    0x00, 0x00, 0x00, 0x07, 0x00, 0x00, 0x00, 0x02, 0x00, 0x00, 0x00, 0x00, 0x00, 0x00, 0x25, 0x03,
    0x00, 0x00, 0x00, 0x0A, 0x00, 0x00, 0x00, 0x02, 0x00, 0x00, 0x00, 0x04, 0x00, 0x00, 0x00, 0x07,
    0x00, 0x00, 0x00, 0x01, 0x00, 0x00, 0x00, 0x00, 0x00, 0x00, 0x25, 0x04, 0x00, 0x00, 0x00, 0x01,
    0x00, 0x00, 0x00, 0x04, 0x00, 0x00, 0x00, 0x04, 0x00, 0x00, 0x00, 0x03, 0x00, 0x00, 0x00, 0x00,
    0x00, 0x00, 0x00, 0x00, 0x00, 0x00, 0x25, 0x05, 0x00, 0x00, 0x00, 0x02, 0x00, 0x00, 0x00, 0x04,
    0x00, 0x00, 0x00, 0x04, 0x00, 0x00, 0x00, 0x03, 0x00, 0x00, 0x00, 0x00, 0x00, 0x00, 0x00, 0x00,
    0x00, 0x00, 0x25, 0x06, 0x00, 0x00, 0x00, 0x0A, 0x00, 0x00, 0x00, 0x01, 0x00, 0x00, 0x00, 0x04,
    0x00, 0x00, 0x00, 0x07, 0x00, 0x00, 0x00, 0x02, 0x00, 0x00, 0x00, 0x00, 0x00, 0x00, 0x25, 0x07,
    0x00, 0x00, 0x00, 0x0A, 0x00, 0x00, 0x00, 0x02, 0x00, 0x00, 0x00, 0x04, 0x00, 0x00, 0x00, 0x07,
    0x00, 0x00, 0x00, 0x01, 0x00, 0x00, 0x00, 0x00, 0x00, 0x00, 0x25, 0x08, 0x00, 0x00, 0x00, 0x01,
    0x00, 0x00, 0x00, 0x04, 0x00, 0x00, 0x00, 0x04, 0x00, 0x00, 0x00, 0x03, 0x00, 0x00, 0x00, 0x00,
    0x00, 0x00, 0x00, 0x00, 0x00, 0x00, 0x25, 0x09, 0x00, 0x00, 0x00, 0x02, 0x00, 0x00, 0x00, 0x04,
    0x00, 0x00, 0x00, 0x04, 0x00, 0x00, 0x00, 0x03, 0x00, 0x00, 0x00, 0x00, 0x00, 0x00, 0x00, 0x00,
    0x00, 0x00, 0x25, 0x0A, 0x00, 0x00, 0x00, 0x0A, 0x00, 0x00, 0x00, 0x01, 0x00, 0x00, 0x00, 0x04,
    0x00, 0x00, 0x00, 0x07, 0x00, 0x00, 0x00, 0x02, 0x00, 0x00, 0x00, 0x00, 0x00, 0x00, 0x25, 0x0B,
    0x00, 0x00, 0x00, 0x0A, 0x00, 0x00, 0x00, 0x02, 0x00, 0x00, 0x00, 0x04, 0x00, 0x00, 0x00, 0x07,
    0x00, 0x00, 0x00, 0x01, 0x00, 0x00, 0x00, 0x00, 0x00, 0x00, 0x25, 0x0C, 0x00, 0x00, 0x00, 0x06,
    0x00, 0x00, 0x00, 0x02, 0x00, 0x00, 0x00, 0x04, 0x00, 0x00, 0x00, 0x03, 0x00, 0x00, 0x00, 0x02,
    0x00, 0x00, 0x00, 0x00, 0x00, 0x00, 0x25, 0x0D, 0x00, 0x00, 0x00, 0x06, 0x00, 0x00, 0x00, 0x02,
    0x00, 0x00, 0x00, 0x04, 0x00, 0x00, 0x00, 0x03, 0x00, 0x00, 0x00, 0x02, 0x00, 0x00, 0x00, 0x00,
    0x00, 0x00, 0x25, 0x0E, 0x00, 0x00, 0x00, 0x06, 0x00, 0x00, 0x00, 0x03, 0x00, 0x00, 0x00, 0x04,
    0x00, 0x00, 0x00, 0x03, 0x00, 0x00, 0x00, 0x01, 0x00, 0x00, 0x00, 0x00, 0x00, 0x00, 0x25, 0x0F,
    0x00, 0x00, 0x00, 0x06, 0x00, 0x00, 0x00, 0x03, 0x00, 0x00, 0x00, 0x04, 0x00, 0x00, 0x00, 0x03,
    0x00, 0x00, 0x00, 0x01, 0x00, 0x00, 0x00, 0x00, 0x00, 0x00, 0x25, 0x10, 0x00, 0x00, 0x00, 0x06,
    0x00, 0x00, 0x00, 0x04, 0x00, 0x00, 0x00, 0x04, 0x00, 0x00, 0x00, 0x03, 0x00, 0x00, 0x00, 0x00,
    0x00, 0x00, 0x00, 0x00, 0x00, 0x00, 0x25, 0x11, 0x00, 0x00, 0x00, 0x06, 0x00, 0x00, 0x00, 0x04,
    0x00, 0x00, 0x00, 0x04, 0x00, 0x00, 0x00, 0x03, 0x00, 0x00, 0x00, 0x00, 0x00, 0x00, 0x00, 0x00,
    0x00, 0x00, 0x25, 0x12, 0x00, 0x00, 0x00, 0x06, 0x00, 0x00, 0x00, 0x04, 0x00, 0x00, 0x00, 0x04,
    0x00, 0x00, 0x00, 0x03, 0x00, 0x00, 0x00, 0x00, 0x00, 0x00, 0x00, 0x00, 0x00, 0x00, 0x25, 0x13,
    0x00, 0x00, 0x00, 0x06, 0x00, 0x00, 0x00, 0x04, 0x00, 0x00, 0x00, 0x04, 0x00, 0x00, 0x00, 0x03,
    0x00, 0x00, 0x00, 0x00, 0x00, 0x00, 0x00, 0x00, 0x00, 0x00, 0x25, 0x14, 0x00, 0x00, 0x00, 0x05,
    0x00, 0x00, 0x00, 0x02, 0x00, 0x00, 0x00, 0x04, 0x00, 0x00, 0x00, 0x07, 0x00, 0x00, 0x00, 0x02,
    0x00, 0x00, 0x00, 0x00, 0x00, 0x00, 0x25, 0x15, 0x00, 0x00, 0x00, 0x06, 0x00, 0x00, 0x00, 0x02,
    0x00, 0x00, 0x00, 0x04, 0x00, 0x00, 0x00, 0x07, 0x00, 0x00, 0x00, 0x02, 0x00, 0x00, 0x00, 0x00,
    0x00, 0x00, 0x25, 0x16, 0x00, 0x00, 0x00, 0x05, 0x00, 0x00, 0x00, 0x03, 0x00, 0x00, 0x00, 0x04,
    0x00, 0x00, 0x00, 0x07, 0x00, 0x00, 0x00, 0x01, 0x00, 0x00, 0x00, 0x00, 0x00, 0x00, 0x25, 0x17,
    0x00, 0x00, 0x00, 0x06, 0x00, 0x00, 0x00, 0x03, 0x00, 0x00, 0x00, 0x04, 0x00, 0x00, 0x00, 0x07,
    0x00, 0x00, 0x00, 0x01, 0x00, 0x00, 0x00, 0x00, 0x00, 0x00, 0x25, 0x18, 0x00, 0x00, 0x00, 0x05,
    0x00, 0x00, 0x00, 0x04, 0x00, 0x00, 0x00, 0x04, 0x00, 0x00, 0x00, 0x07, 0x00, 0x00, 0x00, 0x00,
    0x00, 0x00, 0x00, 0x00, 0x00, 0x00, 0x25, 0x19, 0x00, 0x00, 0x00, 0x06, 0x00, 0x00, 0x00, 0x04,
    0x00, 0x00, 0x00, 0x04, 0x00, 0x00, 0x00, 0x07, 0x00, 0x00, 0x00, 0x00, 0x00, 0x00, 0x00, 0x00,
    0x00, 0x00, 0x25, 0x1A, 0x00, 0x00, 0x00, 0x05, 0x00, 0x00, 0x00, 0x04, 0x00, 0x00, 0x00, 0x04,
    0x00, 0x00, 0x00, 0x07, 0x00, 0x00, 0x00, 0x00, 0x00, 0x00, 0x00, 0x00, 0x00, 0x00, 0x25, 0x1B,
    0x00, 0x00, 0x00, 0x06, 0x00, 0x00, 0x00, 0x04, 0x00, 0x00, 0x00, 0x04, 0x00, 0x00, 0x00, 0x07,
    0x00, 0x00, 0x00, 0x00, 0x00, 0x00, 0x00, 0x00, 0x00, 0x00, 0x25, 0x1C, 0x00, 0x00, 0x00, 0x0A,
    0x00, 0x00, 0x00, 0x02, 0x00, 0x00, 0x00, 0x04, 0x00, 0x00, 0x00, 0x07, 0x00, 0x00, 0x00, 0x02,
    0x00, 0x00, 0x00, 0x00, 0x00, 0x00, 0x25, 0x1D, 0x00, 0x00, 0x00, 0x0A, 0x00, 0x00, 0x00, 0x02,
    0x00, 0x00, 0x00, 0x04, 0x00, 0x00, 0x00, 0x07, 0x00, 0x00, 0x00, 0x02, 0x00, 0x00, 0x00, 0x00,
    0x00, 0x00, 0x25, 0x1E, 0x00, 0x00, 0x00, 0x0A, 0x00, 0x00, 0x00, 0x03, 0x00, 0x00, 0x00, 0x04,
    0x00, 0x00, 0x00, 0x07, 0x00, 0x00, 0x00, 0x01, 0x00, 0x00, 0x00, 0x00, 0x00, 0x00, 0x25, 0x1F,
    0x00, 0x00, 0x00, 0x0A, 0x00, 0x00, 0x00, 0x03, 0x00, 0x00, 0x00, 0x04, 0x00, 0x00, 0x00, 0x07,
    0x00, 0x00, 0x00, 0x01, 0x00, 0x00, 0x00, 0x00, 0x00, 0x00, 0x25, 0x20, 0x00, 0x00, 0x00, 0x0A,
    0x00, 0x00, 0x00, 0x03, 0x00, 0x00, 0x00, 0x04, 0x00, 0x00, 0x00, 0x07, 0x00, 0x00, 0x00, 0x01,
    0x00, 0x00, 0x00, 0x00, 0x00, 0x00, 0x25, 0x21, 0x00, 0x00, 0x00, 0x0A, 0x00, 0x00, 0x00, 0x03,
    0x00, 0x00, 0x00, 0x04, 0x00, 0x00, 0x00, 0x07, 0x00, 0x00, 0x00, 0x01, 0x00, 0x00, 0x00, 0x00,
    0x00, 0x00, 0x25, 0x22, 0x00, 0x00, 0x00, 0x0A, 0x00, 0x00, 0x00, 0x03, 0x00, 0x00, 0x00, 0x04,
    0x00, 0x00, 0x00, 0x07, 0x00, 0x00, 0x00, 0x01, 0x00, 0x00, 0x00, 0x00, 0x00, 0x00, 0x25, 0x23,
    0x00, 0x00, 0x00, 0x0A, 0x00, 0x00, 0x00, 0x03, 0x00, 0x00, 0x00, 0x04, 0x00, 0x00, 0x00, 0x07,
    0x00, 0x00, 0x00, 0x01, 0x00, 0x00, 0x00, 0x00, 0x00, 0x00, 0x25, 0x24, 0x00, 0x00, 0x00, 0x0A,
    0x00, 0x00, 0x00, 0x04, 0x00, 0x00, 0x00, 0x04, 0x00, 0x00, 0x00, 0x07, 0x00, 0x00, 0x00, 0x00,
    0x00, 0x00, 0x00, 0x00, 0x00, 0x00, 0x25, 0x25, 0x00, 0x00, 0x00, 0x0A, 0x00, 0x00, 0x00, 0x04,
    0x00, 0x00, 0x00, 0x04, 0x00, 0x00, 0x00, 0x07, 0x00, 0x00, 0x00, 0x00, 0x00, 0x00, 0x00, 0x00,
    0x00, 0x00, 0x25, 0x26, 0x00, 0x00, 0x00, 0x0A, 0x00, 0x00, 0x00, 0x04, 0x00, 0x00, 0x00, 0x04,
    0x00, 0x00, 0x00, 0x07, 0x00, 0x00, 0x00, 0x00, 0x00, 0x00, 0x00, 0x00, 0x00, 0x00, 0x25, 0x27,
    0x00, 0x00, 0x00, 0x0A, 0x00, 0x00, 0x00, 0x04, 0x00, 0x00, 0x00, 0x04, 0x00, 0x00, 0x00, 0x07,
    0x00, 0x00, 0x00, 0x00, 0x00, 0x00, 0x00, 0x00, 0x00, 0x00, 0x25, 0x28, 0x00, 0x00, 0x00, 0x0A,
    0x00, 0x00, 0x00, 0x04, 0x00, 0x00, 0x00, 0x04, 0x00, 0x00, 0x00, 0x07, 0x00, 0x00, 0x00, 0x00,
    0x00, 0x00, 0x00, 0x00, 0x00, 0x00, 0x25, 0x29, 0x00, 0x00, 0x00, 0x0A, 0x00, 0x00, 0x00, 0x04,
    0x00, 0x00, 0x00, 0x04, 0x00, 0x00, 0x00, 0x07, 0x00, 0x00, 0x00, 0x00, 0x00, 0x00, 0x00, 0x00,
    0x00, 0x00, 0x25, 0x2A, 0x00, 0x00, 0x00, 0x0A, 0x00, 0x00, 0x00, 0x04, 0x00, 0x00, 0x00, 0x04,
    0x00, 0x00, 0x00, 0x07, 0x00, 0x00, 0x00, 0x00, 0x00, 0x00, 0x00, 0x00, 0x00, 0x00, 0x25, 0x2B,
    0x00, 0x00, 0x00, 0x0A, 0x00, 0x00, 0x00, 0x04, 0x00, 0x00, 0x00, 0x04, 0x00, 0x00, 0x00, 0x07,
    0x00, 0x00, 0x00, 0x00, 0x00, 0x00, 0x00, 0x00, 0x00, 0x00, 0x25, 0x2C, 0x00, 0x00, 0x00, 0x06,
    0x00, 0x00, 0x00, 0x04, 0x00, 0x00, 0x00, 0x04, 0x00, 0x00, 0x00, 0x03, 0x00, 0x00, 0x00, 0x00,
    0x00, 0x00, 0x00, 0x00, 0x00, 0x00, 0x25, 0x2D, 0x00, 0x00, 0x00, 0x06, 0x00, 0x00, 0x00, 0x04,
    0x00, 0x00, 0x00, 0x04, 0x00, 0x00, 0x00, 0x03, 0x00, 0x00, 0x00, 0x00, 0x00, 0x00, 0x00, 0x00,
    0x00, 0x00, 0x25, 0x2E, 0x00, 0x00, 0x00, 0x06, 0x00, 0x00, 0x00, 0x04, 0x00, 0x00, 0x00, 0x04,
    0x00, 0x00, 0x00, 0x03, 0x00, 0x00, 0x00, 0x00, 0x00, 0x00, 0x00, 0x00, 0x00, 0x00, 0x25, 0x2F,
    0x00, 0x00, 0x00, 0x06, 0x00, 0x00, 0x00, 0x04, 0x00, 0x00, 0x00, 0x04, 0x00, 0x00, 0x00, 0x03,
    0x00, 0x00, 0x00, 0x00, 0x00, 0x00, 0x00, 0x00, 0x00, 0x00, 0x25, 0x30, 0x00, 0x00, 0x00, 0x06,
    0x00, 0x00, 0x00, 0x04, 0x00, 0x00, 0x00, 0x04, 0x00, 0x00, 0x00, 0x03, 0x00, 0x00, 0x00, 0x00,
    0x00, 0x00, 0x00, 0x00, 0x00, 0x00, 0x25, 0x31, 0x00, 0x00, 0x00, 0x06, 0x00, 0x00, 0x00, 0x04,
    0x00, 0x00, 0x00, 0x04, 0x00, 0x00, 0x00, 0x03, 0x00, 0x00, 0x00, 0x00, 0x00, 0x00, 0x00, 0x00,
    0x00, 0x00, 0x25, 0x32, 0x00, 0x00, 0x00, 0x06, 0x00, 0x00, 0x00, 0x04, 0x00, 0x00, 0x00, 0x04,
    0x00, 0x00, 0x00, 0x03, 0x00, 0x00, 0x00, 0x00, 0x00, 0x00, 0x00, 0x00, 0x00, 0x00, 0x25, 0x33,
    0x00, 0x00, 0x00, 0x06, 0x00, 0x00, 0x00, 0x04, 0x00, 0x00, 0x00, 0x04, 0x00, 0x00, 0x00, 0x03,
    0x00, 0x00, 0x00, 0x00, 0x00, 0x00, 0x00, 0x00, 0x00, 0x00, 0x25, 0x34, 0x00, 0x00, 0x00, 0x05,
    0x00, 0x00, 0x00, 0x04, 0x00, 0x00, 0x00, 0x04, 0x00, 0x00, 0x00, 0x07, 0x00, 0x00, 0x00, 0x00,
    0x00, 0x00, 0x00, 0x00, 0x00, 0x00, 0x25, 0x35, 0x00, 0x00, 0x00, 0x06, 0x00, 0x00, 0x00, 0x04,
    0x00, 0x00, 0x00, 0x04, 0x00, 0x00, 0x00, 0x07, 0x00, 0x00, 0x00, 0x00, 0x00, 0x00, 0x00, 0x00,
    0x00, 0x00, 0x25, 0x36, 0x00, 0x00, 0x00, 0x06, 0x00, 0x00, 0x00, 0x04, 0x00, 0x00, 0x00, 0x04,
    0x00, 0x00, 0x00, 0x07, 0x00, 0x00, 0x00, 0x00, 0x00, 0x00, 0x00, 0x00, 0x00, 0x00, 0x25, 0x37,
    0x00, 0x00, 0x00, 0x06, 0x00, 0x00, 0x00, 0x04, 0x00, 0x00, 0x00, 0x04, 0x00, 0x00, 0x00, 0x07,
    0x00, 0x00, 0x00, 0x00, 0x00, 0x00, 0x00, 0x00, 0x00, 0x00, 0x25, 0x38, 0x00, 0x00, 0x00, 0x05,
    0x00, 0x00, 0x00, 0x04, 0x00, 0x00, 0x00, 0x04, 0x00, 0x00, 0x00, 0x07, 0x00, 0x00, 0x00, 0x00,
    0x00, 0x00, 0x00, 0x00, 0x00, 0x00, 0x25, 0x39, 0x00, 0x00, 0x00, 0x06, 0x00, 0x00, 0x00, 0x04,
    0x00, 0x00, 0x00, 0x04, 0x00, 0x00, 0x00, 0x07, 0x00, 0x00, 0x00, 0x00, 0x00, 0x00, 0x00, 0x00,
    0x00, 0x00, 0x25, 0x3A, 0x00, 0x00, 0x00, 0x06, 0x00, 0x00, 0x00, 0x04, 0x00, 0x00, 0x00, 0x04,
    0x00, 0x00, 0x00, 0x07, 0x00, 0x00, 0x00, 0x00, 0x00, 0x00, 0x00, 0x00, 0x00, 0x00, 0x25, 0x3B,
    0x00, 0x00, 0x00, 0x06, 0x00, 0x00, 0x00, 0x04, 0x00, 0x00, 0x00, 0x04, 0x00, 0x00, 0x00, 0x07,
    0x00, 0x00, 0x00, 0x00, 0x00, 0x00, 0x00, 0x00, 0x00, 0x00, 0x25, 0x3C, 0x00, 0x00, 0x00, 0x0A,
    0x00, 0x00, 0x00, 0x04, 0x00, 0x00, 0x00, 0x04, 0x00, 0x00, 0x00, 0x07, 0x00, 0x00, 0x00, 0x00,
    0x00, 0x00, 0x00, 0x00, 0x00, 0x00, 0x25, 0x3D, 0x00, 0x00, 0x00, 0x0A, 0x00, 0x00, 0x00, 0x04,
    0x00, 0x00, 0x00, 0x04, 0x00, 0x00, 0x00, 0x07, 0x00, 0x00, 0x00, 0x00, 0x00, 0x00, 0x00, 0x00,
    0x00, 0x00, 0x25, 0x3E, 0x00, 0x00, 0x00, 0x0A, 0x00, 0x00, 0x00, 0x04, 0x00, 0x00, 0x00, 0x04,
    0x00, 0x00, 0x00, 0x07, 0x00, 0x00, 0x00, 0x00, 0x00, 0x00, 0x00, 0x00, 0x00, 0x00, 0x25, 0x3F,
    0x00, 0x00, 0x00, 0x0A, 0x00, 0x00, 0x00, 0x04, 0x00, 0x00, 0x00, 0x04, 0x00, 0x00, 0x00, 0x07,
    0x00, 0x00, 0x00, 0x00, 0x00, 0x00, 0x00, 0x00, 0x00, 0x00, 0x25, 0x40, 0x00, 0x00, 0x00, 0x0A,
    0x00, 0x00, 0x00, 0x04, 0x00, 0x00, 0x00, 0x04, 0x00, 0x00, 0x00, 0x07, 0x00, 0x00, 0x00, 0x00,
    0x00, 0x00, 0x00, 0x00, 0x00, 0x00, 0x25, 0x41, 0x00, 0x00, 0x00, 0x0A, 0x00, 0x00, 0x00, 0x04,
    0x00, 0x00, 0x00, 0x04, 0x00, 0x00, 0x00, 0x07, 0x00, 0x00, 0x00, 0x00, 0x00, 0x00, 0x00, 0x00,
    0x00, 0x00, 0x25, 0x42, 0x00, 0x00, 0x00, 0x0A, 0x00, 0x00, 0x00, 0x04, 0x00, 0x00, 0x00, 0x04,
    0x00, 0x00, 0x00, 0x07, 0x00, 0x00, 0x00, 0x00, 0x00, 0x00, 0x00, 0x00, 0x00, 0x00, 0x25, 0x43,
    0x00, 0x00, 0x00, 0x0A, 0x00, 0x00, 0x00, 0x04, 0x00, 0x00, 0x00, 0x04, 0x00, 0x00, 0x00, 0x07,
    0x00, 0x00, 0x00, 0x00, 0x00, 0x00, 0x00, 0x00, 0x00, 0x00, 0x25, 0x44, 0x00, 0x00, 0x00, 0x0A,
    0x00, 0x00, 0x00, 0x04, 0x00, 0x00, 0x00, 0x04, 0x00, 0x00, 0x00, 0x07, 0x00, 0x00, 0x00, 0x00,
    0x00, 0x00, 0x00, 0x00, 0x00, 0x00, 0x25, 0x45, 0x00, 0x00, 0x00, 0x0A, 0x00, 0x00, 0x00, 0x04,
    0x00, 0x00, 0x00, 0x04, 0x00, 0x00, 0x00, 0x07, 0x00, 0x00, 0x00, 0x00, 0x00, 0x00, 0x00, 0x00,
    0x00, 0x00, 0x25, 0x46, 0x00, 0x00, 0x00, 0x0A, 0x00, 0x00, 0x00, 0x04, 0x00, 0x00, 0x00, 0x04,
    0x00, 0x00, 0x00, 0x07, 0x00, 0x00, 0x00, 0x00, 0x00, 0x00, 0x00, 0x00, 0x00, 0x00, 0x25, 0x47,
    0x00, 0x00, 0x00, 0x0A, 0x00, 0x00, 0x00, 0x04, 0x00, 0x00, 0x00, 0x04, 0x00, 0x00, 0x00, 0x07,
    0x00, 0x00, 0x00, 0x00, 0x00, 0x00, 0x00, 0x00, 0x00, 0x00, 0x25, 0x48, 0x00, 0x00, 0x00, 0x0A,
    0x00, 0x00, 0x00, 0x04, 0x00, 0x00, 0x00, 0x04, 0x00, 0x00, 0x00, 0x07, 0x00, 0x00, 0x00, 0x00,
    0x00, 0x00, 0x00, 0x00, 0x00, 0x00, 0x25, 0x49, 0x00, 0x00, 0x00, 0x0A, 0x00, 0x00, 0x00, 0x04,
    0x00, 0x00, 0x00, 0x04, 0x00, 0x00, 0x00, 0x07, 0x00, 0x00, 0x00, 0x00, 0x00, 0x00, 0x00, 0x00,
    0x00, 0x00, 0x25, 0x4A, 0x00, 0x00, 0x00, 0x0A, 0x00, 0x00, 0x00, 0x04, 0x00, 0x00, 0x00, 0x04,
    0x00, 0x00, 0x00, 0x07, 0x00, 0x00, 0x00, 0x00, 0x00, 0x00, 0x00, 0x00, 0x00, 0x00, 0x25, 0x4B,
    0x00, 0x00, 0x00, 0x0A, 0x00, 0x00, 0x00, 0x04, 0x00, 0x00, 0x00, 0x04, 0x00, 0x00, 0x00, 0x07,
    0x00, 0x00, 0x00, 0x00, 0x00, 0x00, 0x00, 0x00, 0x00, 0x00, 0x25, 0x4C, 0x00, 0x00, 0x00, 0x01,
    0x00, 0x00, 0x00, 0x04, 0x00, 0x00, 0x00, 0x04, 0x00, 0x00, 0x00, 0x03, 0x00, 0x00, 0x00, 0x00,
    0x00, 0x00, 0x00, 0x00, 0x00, 0x00, 0x25, 0x4D, 0x00, 0x00, 0x00, 0x02, 0x00, 0x00, 0x00, 0x04,
    0x00, 0x00, 0x00, 0x04, 0x00, 0x00, 0x00, 0x03, 0x00, 0x00, 0x00, 0x00, 0x00, 0x00, 0x00, 0x00,
    0x00, 0x00, 0x25, 0x4E, 0x00, 0x00, 0x00, 0x06, 0x00, 0x00, 0x00, 0x01, 0x00, 0x00, 0x00, 0x04,
    0x00, 0x00, 0x00, 0x05, 0x00, 0x00, 0x00, 0x02, 0x00, 0x00, 0x00, 0x00, 0x00, 0x00, 0x25, 0x4F,
    0x00, 0x00, 0x00, 0x06, 0x00, 0x00, 0x00, 0x02, 0x00, 0x00, 0x00, 0x04, 0x00, 0x00, 0x00, 0x05,
    0x00, 0x00, 0x00, 0x01, 0x00, 0x00, 0x00, 0x00, 0x00, 0x00, 0x25, 0x50, 0x00, 0x00, 0x00, 0x02,
    0x00, 0x00, 0x00, 0x04, 0x00, 0x00, 0x00, 0x04, 0x00, 0x00, 0x00, 0x03, 0x00, 0x00, 0x00, 0x00,
    0x00, 0x00, 0x00, 0x00, 0x00, 0x00, 0x25, 0x51, 0x00, 0x00, 0x00, 0x0A, 0x00, 0x00, 0x00, 0x02,
    0x00, 0x00, 0x00, 0x04, 0x00, 0x00, 0x00, 0x07, 0x00, 0x00, 0x00, 0x01, 0x00, 0x00, 0x00, 0x00,
    0x00, 0x00, 0x25, 0x52, 0x00, 0x00, 0x00, 0x06, 0x00, 0x00, 0x00, 0x02, 0x00, 0x00, 0x00, 0x04,
    0x00, 0x00, 0x00, 0x03, 0x00, 0x00, 0x00, 0x02, 0x00, 0x00, 0x00, 0x00, 0x00, 0x00, 0x25, 0x53,
    0x00, 0x00, 0x00, 0x06, 0x00, 0x00, 0x00, 0x03, 0x00, 0x00, 0x00, 0x04, 0x00, 0x00, 0x00, 0x03,
    0x00, 0x00, 0x00, 0x01, 0x00, 0x00, 0x00, 0x00, 0x00, 0x00, 0x25, 0x54, 0x00, 0x00, 0x00, 0x06,
    0x00, 0x00, 0x00, 0x03, 0x00, 0x00, 0x00, 0x04, 0x00, 0x00, 0x00, 0x03, 0x00, 0x00, 0x00, 0x01,
    0x00, 0x00, 0x00, 0x00, 0x00, 0x00, 0x25, 0x55, 0x00, 0x00, 0x00, 0x06, 0x00, 0x00, 0x00, 0x04,
    0x00, 0x00, 0x00, 0x04, 0x00, 0x00, 0x00, 0x03, 0x00, 0x00, 0x00, 0x00, 0x00, 0x00, 0x00, 0x00,
    0x00, 0x00, 0x25, 0x56, 0x00, 0x00, 0x00, 0x06, 0x00, 0x00, 0x00, 0x04, 0x00, 0x00, 0x00, 0x04,
    0x00, 0x00, 0x00, 0x03, 0x00, 0x00, 0x00, 0x00, 0x00, 0x00, 0x00, 0x00, 0x00, 0x00, 0x25, 0x57,
    0x00, 0x00, 0x00, 0x06, 0x00, 0x00, 0x00, 0x04, 0x00, 0x00, 0x00, 0x04, 0x00, 0x00, 0x00, 0x03,
    0x00, 0x00, 0x00, 0x00, 0x00, 0x00, 0x00, 0x00, 0x00, 0x00, 0x25, 0x58, 0x00, 0x00, 0x00, 0x06,
    0x00, 0x00, 0x00, 0x02, 0x00, 0x00, 0x00, 0x04, 0x00, 0x00, 0x00, 0x07, 0x00, 0x00, 0x00, 0x02,
    0x00, 0x00, 0x00, 0x00, 0x00, 0x00, 0x25, 0x59, 0x00, 0x00, 0x00, 0x05, 0x00, 0x00, 0x00, 0x03,
    0x00, 0x00, 0x00, 0x04, 0x00, 0x00, 0x00, 0x07, 0x00, 0x00, 0x00, 0x01, 0x00, 0x00, 0x00, 0x00,
    0x00, 0x00, 0x25, 0x5A, 0x00, 0x00, 0x00, 0x06, 0x00, 0x00, 0x00, 0x03, 0x00, 0x00, 0x00, 0x04,
    0x00, 0x00, 0x00, 0x07, 0x00, 0x00, 0x00, 0x01, 0x00, 0x00, 0x00, 0x00, 0x00, 0x00, 0x25, 0x5B,
    0x00, 0x00, 0x00, 0x06, 0x00, 0x00, 0x00, 0x04, 0x00, 0x00, 0x00, 0x04, 0x00, 0x00, 0x00, 0x07,
    0x00, 0x00, 0x00, 0x00, 0x00, 0x00, 0x00, 0x00, 0x00, 0x00, 0x25, 0x5C, 0x00, 0x00, 0x00, 0x05,
    0x00, 0x00, 0x00, 0x04, 0x00, 0x00, 0x00, 0x04, 0x00, 0x00, 0x00, 0x07, 0x00, 0x00, 0x00, 0x00,
    0x00, 0x00, 0x00, 0x00, 0x00, 0x00, 0x25, 0x5D, 0x00, 0x00, 0x00, 0x06, 0x00, 0x00, 0x00, 0x04,
    0x00, 0x00, 0x00, 0x04, 0x00, 0x00, 0x00, 0x07, 0x00, 0x00, 0x00, 0x00, 0x00, 0x00, 0x00, 0x00,
    0x00, 0x00, 0x25, 0x5E, 0x00, 0x00, 0x00, 0x0A, 0x00, 0x00, 0x00, 0x02, 0x00, 0x00, 0x00, 0x04,
    0x00, 0x00, 0x00, 0x07, 0x00, 0x00, 0x00, 0x02, 0x00, 0x00, 0x00, 0x00, 0x00, 0x00, 0x25, 0x5F,
    0x00, 0x00, 0x00, 0x0A, 0x00, 0x00, 0x00, 0x03, 0x00, 0x00, 0x00, 0x04, 0x00, 0x00, 0x00, 0x07,
    0x00, 0x00, 0x00, 0x01, 0x00, 0x00, 0x00, 0x00, 0x00, 0x00, 0x25, 0x60, 0x00, 0x00, 0x00, 0x0A,
    0x00, 0x00, 0x00, 0x03, 0x00, 0x00, 0x00, 0x04, 0x00, 0x00, 0x00, 0x07, 0x00, 0x00, 0x00, 0x01,
    0x00, 0x00, 0x00, 0x00, 0x00, 0x00, 0x25, 0x61, 0x00, 0x00, 0x00, 0x0A, 0x00, 0x00, 0x00, 0x04,
    0x00, 0x00, 0x00, 0x04, 0x00, 0x00, 0x00, 0x07, 0x00, 0x00, 0x00, 0x00, 0x00, 0x00, 0x00, 0x00,
    0x00, 0x00, 0x25, 0x62, 0x00, 0x00, 0x00, 0x0A, 0x00, 0x00, 0x00, 0x04, 0x00, 0x00, 0x00, 0x04,
    0x00, 0x00, 0x00, 0x07, 0x00, 0x00, 0x00, 0x00, 0x00, 0x00, 0x00, 0x00, 0x00, 0x00, 0x25, 0x63,
    0x00, 0x00, 0x00, 0x0A, 0x00, 0x00, 0x00, 0x04, 0x00, 0x00, 0x00, 0x04, 0x00, 0x00, 0x00, 0x07,
    0x00, 0x00, 0x00, 0x00, 0x00, 0x00, 0x00, 0x00, 0x00, 0x00, 0x25, 0x64, 0x00, 0x00, 0x00, 0x06,
    0x00, 0x00, 0x00, 0x04, 0x00, 0x00, 0x00, 0x04, 0x00, 0x00, 0x00, 0x03, 0x00, 0x00, 0x00, 0x00,
    0x00, 0x00, 0x00, 0x00, 0x00, 0x00, 0x25, 0x65, 0x00, 0x00, 0x00, 0x06, 0x00, 0x00, 0x00, 0x04,
    0x00, 0x00, 0x00, 0x04, 0x00, 0x00, 0x00, 0x03, 0x00, 0x00, 0x00, 0x00, 0x00, 0x00, 0x00, 0x00,
    0x00, 0x00, 0x25, 0x66, 0x00, 0x00, 0x00, 0x06, 0x00, 0x00, 0x00, 0x04, 0x00, 0x00, 0x00, 0x04,
    0x00, 0x00, 0x00, 0x03, 0x00, 0x00, 0x00, 0x00, 0x00, 0x00, 0x00, 0x00, 0x00, 0x00, 0x25, 0x67,
    0x00, 0x00, 0x00, 0x06, 0x00, 0x00, 0x00, 0x04, 0x00, 0x00, 0x00, 0x04, 0x00, 0x00, 0x00, 0x07,
    0x00, 0x00, 0x00, 0x00, 0x00, 0x00, 0x00, 0x00, 0x00, 0x00, 0x25, 0x68, 0x00, 0x00, 0x00, 0x05,
    0x00, 0x00, 0x00, 0x04, 0x00, 0x00, 0x00, 0x04, 0x00, 0x00, 0x00, 0x07, 0x00, 0x00, 0x00, 0x00,
    0x00, 0x00, 0x00, 0x00, 0x00, 0x00, 0x25, 0x69, 0x00, 0x00, 0x00, 0x06, 0x00, 0x00, 0x00, 0x04,
    0x00, 0x00, 0x00, 0x04, 0x00, 0x00, 0x00, 0x07, 0x00, 0x00, 0x00, 0x00, 0x00, 0x00, 0x00, 0x00,
    0x00, 0x00, 0x25, 0x6A, 0x00, 0x00, 0x00, 0x0A, 0x00, 0x00, 0x00, 0x04, 0x00, 0x00, 0x00, 0x04,
    0x00, 0x00, 0x00, 0x07, 0x00, 0x00, 0x00, 0x00, 0x00, 0x00, 0x00, 0x00, 0x00, 0x00, 0x25, 0x6B,
    0x00, 0x00, 0x00, 0x0A, 0x00, 0x00, 0x00, 0x04, 0x00, 0x00, 0x00, 0x04, 0x00, 0x00, 0x00, 0x07,
    0x00, 0x00, 0x00, 0x00, 0x00, 0x00, 0x00, 0x00, 0x00, 0x00, 0x25, 0x6C, 0x00, 0x00, 0x00, 0x0A,
    0x00, 0x00, 0x00, 0x04, 0x00, 0x00, 0x00, 0x04, 0x00, 0x00, 0x00, 0x07, 0x00, 0x00, 0x00, 0x00,
    0x00, 0x00, 0x00, 0x00, 0x00, 0x00, 0x25, 0x6D, 0x00, 0x00, 0x00, 0x06, 0x00, 0x00, 0x00, 0x02,
    0x00, 0x00, 0x00, 0x04, 0x00, 0x00, 0x00, 0x03, 0x00, 0x00, 0x00, 0x02, 0x00, 0x00, 0x00, 0x00,
    0x00, 0x00, 0x25, 0x6E, 0x00, 0x00, 0x00, 0x06, 0x00, 0x00, 0x00, 0x04, 0x00, 0x00, 0x00, 0x04,
    0x00, 0x00, 0x00, 0x03, 0x00, 0x00, 0x00, 0x00, 0x00, 0x00, 0x00, 0x00, 0x00, 0x00, 0x25, 0x6F,
    0x00, 0x00, 0x00, 0x05, 0x00, 0x00, 0x00, 0x04, 0x00, 0x00, 0x00, 0x04, 0x00, 0x00, 0x00, 0x07,
    0x00, 0x00, 0x00, 0x00, 0x00, 0x00, 0x00, 0x00, 0x00, 0x00, 0x25, 0x70, 0x00, 0x00, 0x00, 0x05,
    0x00, 0x00, 0x00, 0x02, 0x00, 0x00, 0x00, 0x04, 0x00, 0x00, 0x00, 0x07, 0x00, 0x00, 0x00, 0x02,
    0x00, 0x00, 0x00, 0x00, 0x00, 0x00, 0x25, 0x71, 0x00, 0x00, 0x00, 0x08, 0x00, 0x00, 0x00, 0x04,
    0x00, 0x00, 0x00, 0x04, 0x00, 0x00, 0x00, 0x06, 0x00, 0x00, 0x00, 0x00, 0x00, 0x00, 0x00, 0x00,
    0x00, 0x00, 0x25, 0x72, 0x00, 0x00, 0x00, 0x08, 0x00, 0x00, 0x00, 0x04, 0x00, 0x00, 0x00, 0x04,
    0x00, 0x00, 0x00, 0x06, 0x00, 0x00, 0x00, 0x00, 0x00, 0x00, 0x00, 0x00, 0x00, 0x00, 0x25, 0x73,
    0x00, 0x00, 0x00, 0x08, 0x00, 0x00, 0x00, 0x04, 0x00, 0x00, 0x00, 0x04, 0x00, 0x00, 0x00, 0x06,
    0x00, 0x00, 0x00, 0x00, 0x00, 0x00, 0x00, 0x00, 0x00, 0x00, 0x25, 0x74, 0x00, 0x00, 0x00, 0x01,
    0x00, 0x00, 0x00, 0x04, 0x00, 0x00, 0x00, 0x04, 0x00, 0x00, 0x00, 0x03, 0x00, 0x00, 0x00, 0x00,
    0x00, 0x00, 0x00, 0x00, 0x00, 0x00, 0x25, 0x75, 0x00, 0x00, 0x00, 0x06, 0x00, 0x00, 0x00, 0x01,
    0x00, 0x00, 0x00, 0x04, 0x00, 0x00, 0x00, 0x07, 0x00, 0x00, 0x00, 0x02, 0x00, 0x00, 0x00, 0x00,
    0x00, 0x00, 0x25, 0x76, 0x00, 0x00, 0x00, 0x01, 0x00, 0x00, 0x00, 0x03, 0x00, 0x00, 0x00, 0x04,
    0x00, 0x00, 0x00, 0x03, 0x00, 0x00, 0x00, 0x01, 0x00, 0x00, 0x00, 0x00, 0x00, 0x00, 0x25, 0x77,
    0x00, 0x00, 0x00, 0x06, 0x00, 0x00, 0x00, 0x01, 0x00, 0x00, 0x00, 0x04, 0x00, 0x00, 0x00, 0x03,
    0x00, 0x00, 0x00, 0x02, 0x00, 0x00, 0x00, 0x00, 0x00, 0x00, 0x25, 0x78, 0x00, 0x00, 0x00, 0x02,
    0x00, 0x00, 0x00, 0x04, 0x00, 0x00, 0x00, 0x04, 0x00, 0x00, 0x00, 0x03, 0x00, 0x00, 0x00, 0x00,
    0x00, 0x00, 0x00, 0x00, 0x00, 0x00, 0x25, 0x79, 0x00, 0x00, 0x00, 0x06, 0x00, 0x00, 0x00, 0x02,
    0x00, 0x00, 0x00, 0x04, 0x00, 0x00, 0x00, 0x07, 0x00, 0x00, 0x00, 0x01, 0x00, 0x00, 0x00, 0x00,
    0x00, 0x00, 0x25, 0x7A, 0x00, 0x00, 0x00, 0x02, 0x00, 0x00, 0x00, 0x03, 0x00, 0x00, 0x00, 0x04,
    0x00, 0x00, 0x00, 0x03, 0x00, 0x00, 0x00, 0x01, 0x00, 0x00, 0x00, 0x00, 0x00, 0x00, 0x25, 0x7B,
    0x00, 0x00, 0x00, 0x06, 0x00, 0x00, 0x00, 0x02, 0x00, 0x00, 0x00, 0x04, 0x00, 0x00, 0x00, 0x03,
    0x00, 0x00, 0x00, 0x01, 0x00, 0x00, 0x00, 0x00, 0x00, 0x00, 0x25, 0x7C, 0x00, 0x00, 0x00, 0x02,
    0x00, 0x00, 0x00, 0x04, 0x00, 0x00, 0x00, 0x04, 0x00, 0x00, 0x00, 0x03, 0x00, 0x00, 0x00, 0x00,
    0x00, 0x00, 0x00, 0x00, 0x00, 0x00, 0x25, 0x7D, 0x00, 0x00, 0x00, 0x0A, 0x00, 0x00, 0x00, 0x02,
    0x00, 0x00, 0x00, 0x04, 0x00, 0x00, 0x00, 0x07, 0x00, 0x00, 0x00, 0x01, 0x00, 0x00, 0x00, 0x00,
    0x00, 0x00, 0x25, 0x7E, 0x00, 0x00, 0x00, 0x02, 0x00, 0x00, 0x00, 0x04, 0x00, 0x00, 0x00, 0x04,
    0x00, 0x00, 0x00, 0x03, 0x00, 0x00, 0x00, 0x00, 0x00, 0x00, 0x00, 0x00, 0x00, 0x00, 0x25, 0x7F,
    0x00, 0x00, 0x00, 0x0A, 0x00, 0x00, 0x00, 0x02, 0x00, 0x00, 0x00, 0x04, 0x00, 0x00, 0x00, 0x07,
    0x00, 0x00, 0x00, 0x01, 0x00, 0x00, 0x00, 0x00, 0x00, 0x00, 0x25, 0xA0, 0x00, 0x00, 0x00, 0x05,
    0x00, 0x00, 0x00, 0x04, 0x00, 0x00, 0x00, 0x04, 0x00, 0x00, 0x00, 0x04, 0x00, 0x00, 0x00, 0x00,
    0x00, 0x00, 0x00, 0x00, 0x00, 0x00, 0x25, 0xA1, 0x00, 0x00, 0x00, 0x05, 0x00, 0x00, 0x00, 0x04,
    0x00, 0x00, 0x00, 0x04, 0x00, 0x00, 0x00, 0x04, 0x00, 0x00, 0x00, 0x00, 0x00, 0x00, 0x00, 0x00,
    0x00, 0x00, 0x25, 0xB2, 0x00, 0x00, 0x00, 0x05, 0x00, 0x00, 0x00, 0x04, 0x00, 0x00, 0x00, 0x04,
    0x00, 0x00, 0x00, 0x04, 0x00, 0x00, 0x00, 0x00, 0x00, 0x00, 0x00, 0x00, 0x00, 0x00, 0x25, 0xB6,
    0x00, 0x00, 0x00, 0x05, 0x00, 0x00, 0x00, 0x04, 0x00, 0x00, 0x00, 0x04, 0x00, 0x00, 0x00, 0x04,
    0x00, 0x00, 0x00, 0x00, 0x00, 0x00, 0x00, 0x00, 0x00, 0x00, 0x25, 0xBC, 0x00, 0x00, 0x00, 0x05,
    0x00, 0x00, 0x00, 0x04, 0x00, 0x00, 0x00, 0x04, 0x00, 0x00, 0x00, 0x04, 0x00, 0x00, 0x00, 0x00,
    0x00, 0x00, 0x00, 0x00, 0x00, 0x00, 0x25, 0xC0, 0x00, 0x00, 0x00, 0x05, 0x00, 0x00, 0x00, 0x04,
    0x00, 0x00, 0x00, 0x04, 0x00, 0x00, 0x00, 0x04, 0x00, 0x00, 0x00, 0x00, 0x00, 0x00, 0x00, 0x00,
    0x00, 0x00, 0x25, 0xC6, 0x00, 0x00, 0x00, 0x05, 0x00, 0x00, 0x00, 0x04, 0x00, 0x00, 0x00, 0x04,
    0x00, 0x00, 0x00, 0x04, 0x00, 0x00, 0x00, 0x00, 0x00, 0x00, 0x00, 0x00, 0x00, 0x00, 0x25, 0xC7,
    0x00, 0x00, 0x00, 0x05, 0x00, 0x00, 0x00, 0x04, 0x00, 0x00, 0x00, 0x04, 0x00, 0x00, 0x00, 0x04,
    0x00, 0x00, 0x00, 0x00, 0x00, 0x00, 0x00, 0x00, 0x00, 0x00, 0x25, 0xCB, 0x00, 0x00, 0x00, 0x05,
    0x00, 0x00, 0x00, 0x04, 0x00, 0x00, 0x00, 0x04, 0x00, 0x00, 0x00, 0x04, 0x00, 0x00, 0x00, 0x00,
    0x00, 0x00, 0x00, 0x00, 0x00, 0x00, 0x25, 0xCF, 0x00, 0x00, 0x00, 0x05, 0x00, 0x00, 0x00, 0x04,
    0x00, 0x00, 0x00, 0x04, 0x00, 0x00, 0x00, 0x04, 0x00, 0x00, 0x00, 0x00, 0x00, 0x00, 0x00, 0x00,
    0x00, 0x00, 0x26, 0x10, 0x00, 0x00, 0x00, 0x04, 0x00, 0x00, 0x00, 0x04, 0x00, 0x00, 0x00, 0x04,
    0x00, 0x00, 0x00, 0x04, 0x00, 0x00, 0x00, 0x00, 0x00, 0x00, 0x00, 0x00, 0x00, 0x00, 0x26, 0x11,
    0x00, 0x00, 0x00, 0x04, 0x00, 0x00, 0x00, 0x04, 0x00, 0x00, 0x00, 0x04, 0x00, 0x00, 0x00, 0x04,
    0x00, 0x00, 0x00, 0x00, 0x00, 0x00, 0x00, 0x00, 0x00, 0x00, 0x26, 0x99, 0x00, 0x00, 0x00, 0x05,
    0x00, 0x00, 0x00, 0x04, 0x00, 0x00, 0x00, 0x04, 0x00, 0x00, 0x00, 0x05, 0x00, 0x00, 0x00, 0x00,
    0x00, 0x00, 0x00, 0x00, 0x00, 0x00, 0x27, 0x13, 0x00, 0x00, 0x00, 0x06, 0x00, 0x00, 0x00, 0x04,
    0x00, 0x00, 0x00, 0x04, 0x00, 0x00, 0x00, 0x06, 0x00, 0x00, 0x00, 0x00, 0x00, 0x00, 0x00, 0x00,
    0x00, 0x00, 0x27, 0x17, 0x00, 0x00, 0x00, 0x06, 0x00, 0x00, 0x00, 0x04, 0x00, 0x00, 0x00, 0x04,
    0x00, 0x00, 0x00, 0x05, 0x00, 0x00, 0x00, 0x00, 0x00, 0x00, 0x00, 0x00, 0x00, 0x00, 0x27, 0x18,
    0x00, 0x00, 0x00, 0x06, 0x00, 0x00, 0x00, 0x04, 0x00, 0x00, 0x00, 0x04, 0x00, 0x00, 0x00, 0x05,
    0x00, 0x00, 0x00, 0x00, 0x00, 0x00, 0x00, 0x00, 0x00, 0x00, 0x2B, 0x07, 0x00, 0x00, 0x00, 0x05,
    0x00, 0x00, 0x00, 0x03, 0x00, 0x00, 0x00, 0x04, 0x00, 0x00, 0x00, 0x05, 0x00, 0x00, 0x00, 0x01,
    0x00, 0x00, 0x00, 0x00, 0x12, 0xFF, 0x1C, 0x43, 0xFF, 0x00, 0x3C, 0xB9, 0x00, 0x61, 0x70, 0x00,
    0xE8, 0xA3, 0x00, 0xCD, 0x82, 0xFF, 0xFD, 0x84, 0xD7, 0x9C, 0x3C, 0x61, 0x3B, 0xB2, 0xCD, 0x06,
    0xD4, 0xB3, 0xEE, 0x75, 0x9E, 0xB2, 0x62, 0x00, 0xD4, 0xF7, 0xCB, 0x00, 0xAF, 0xCF, 0x00, 0x00,
    0x0B, 0xCA, 0x35, 0x00, 0xAE, 0xFF, 0xE0, 0x07, 0xC8, 0xD4, 0x0D, 0x00, 0x95, 0xFB, 0x93, 0x00,
    0x3D, 0xB9, 0xDF, 0x00, 0xE9, 0xFF, 0x93, 0x00, 0x7E, 0x7A, 0x00, 0x00, 0x00, 0xBF, 0x94, 0x90,
    0x00, 0x8E, 0xD1, 0x00, 0x00, 0xBD, 0xE1, 0x00, 0x00, 0x9C, 0xCA, 0x0C, 0x12, 0x5D, 0xD6, 0x00,
    0x66, 0xF4, 0x9F, 0x00, 0x94, 0x74, 0xDF, 0x00, 0xCE, 0xF4, 0x42, 0x00, 0xA3, 0xED, 0x74, 0x0F,
    0xE9, 0xD2, 0xC3, 0x00, 0x00, 0xFF, 0x12, 0x0C, 0xFF, 0x00, 0x16, 0x87, 0x00, 0x59, 0xC4, 0x04,
    0xB1, 0x06, 0x00, 0x91, 0x00, 0x00, 0x6D, 0x00, 0x00, 0x61, 0x00, 0x00, 0x85, 0x00, 0x00, 0xAF,
    0x03, 0x00, 0x00, 0xA5, 0xB8, 0x00, 0x00, 0x06, 0xFF, 0x01, 0x00, 0x00, 0xE7, 0x2B, 0x00, 0x00,
    0xF3, 0x1F, 0x00, 0x0C, 0xFF, 0x00, 0x00, 0xB2, 0xA6, 0x00, 0x73, 0xD3, 0x03, 0x00, 0x1A, 0xDF,
    0x06, 0x00, 0xDC, 0xFF, 0xDF, 0x01, 0xA7, 0xFF, 0x16, 0x00, 0x7D, 0xAA, 0x30, 0x00, 0x00, 0x27,
    0xFB, 0x00, 0xA9, 0xFF, 0xFF, 0xE9, 0x00, 0xA3, 0xAC, 0x00, 0x00, 0x64, 0x42, 0x00, 0x00, 0x66,
    0x72, 0x00, 0xFF, 0x6C, 0x30, 0xF2, 0x00, 0x00, 0xFF, 0xFF, 0x64, 0x00, 0x2A, 0x2A, 0x07, 0x66,
    0x57, 0xF1, 0xB2, 0x00, 0x10, 0xE1, 0x0D, 0x00, 0x96, 0xA4, 0x00, 0x04, 0xE0, 0x18, 0x00, 0x5A,
    0xAE, 0x00, 0x00, 0xA0, 0x47, 0x00, 0x00, 0xAA, 0x19, 0x00, 0x00, 0x84, 0x08, 0x00, 0x00, 0x8E,
    0xFB, 0xAB, 0x00, 0xBF, 0x1D, 0xE3, 0x22, 0xBB, 0xB5, 0xE3, 0x1B, 0xA1, 0x64, 0xDF, 0x00, 0xC8,
    0xFF, 0x4A, 0x00, 0x00, 0xB7, 0xFF, 0x99, 0x6C, 0xCE, 0xFD, 0x5A, 0x00, 0x06, 0xFF, 0x1B, 0x00,
    0x2E, 0xFF, 0x00, 0xAD, 0xFF, 0xFF, 0xE4, 0x91, 0xFB, 0xB3, 0x00, 0x76, 0x43, 0xE0, 0x07, 0x08,
    0xB8, 0xA4, 0x00, 0xAF, 0x8A, 0x00, 0x00, 0xFF, 0xFF, 0xAC, 0x00, 0xA7, 0xFE, 0xBD, 0x00, 0x35,
    0x4D, 0xE0, 0x06, 0x6D, 0xF5, 0x6F, 0x00, 0x29, 0x9B, 0xC2, 0x00, 0xDB, 0xFF, 0x61, 0x00, 0x00,
    0x04, 0xEB, 0xFF, 0x00, 0xB4, 0xE4, 0xCE, 0x90, 0xAA, 0xA8, 0xB5, 0xFF, 0xFF, 0xFF, 0xFF, 0x00,
    0x00, 0xFF, 0x3F, 0xA4, 0xFF, 0xE3, 0x1C, 0xCA, 0xFF, 0x9C, 0x00, 0x4A, 0x72, 0xDF, 0x00, 0x59,
    0x8A, 0xD8, 0x00, 0xE0, 0xFF, 0x44, 0x00, 0x00, 0x5E, 0xE2, 0x5B, 0x36, 0xFF, 0xFF, 0xBA, 0xB9,
    0xA0, 0x5E, 0xFF, 0xE1, 0x94, 0x73, 0xFC, 0x73, 0xFF, 0xFF, 0x57, 0xC6, 0xFF, 0xEA, 0x5A, 0x96,
    0x5B, 0xE0, 0x06, 0x01, 0xDB, 0x62, 0x00, 0x58, 0xDE, 0x00, 0x00, 0xA6, 0x5C, 0x00, 0x00, 0x92,
    0xFB, 0xCF, 0x04, 0xB8, 0x2B, 0xE1, 0x12, 0xB0, 0xFF, 0x93, 0x00, 0xAF, 0x78, 0xDF, 0x00, 0xE3,
    0xFF, 0x74, 0x00, 0xA8, 0xFE, 0xAD, 0x00, 0xBD, 0x2D, 0xE3, 0x22, 0xC4, 0xF0, 0xE0, 0x06, 0x0D,
    0xE2, 0x8C, 0x00, 0xB1, 0xBC, 0x01, 0x00, 0x79, 0xFF, 0x00, 0x3C, 0x84, 0x00, 0x66, 0x57, 0x00,
    0xF1, 0xB2, 0x00, 0x00, 0x79, 0xFF, 0x00, 0x00, 0x3C, 0x84, 0x00, 0x00, 0x66, 0x72, 0x00, 0x00,
    0xFF, 0x6C, 0x00, 0x30, 0xF2, 0x00, 0x00, 0x00, 0x00, 0x00, 0x67, 0x00, 0x5A, 0xF3, 0xCD, 0x72,
    0xFF, 0x54, 0x00, 0x37, 0xFC, 0xCF, 0x21, 0x00, 0x03, 0xA8, 0x81, 0x7B, 0xFF, 0xFF, 0xFF, 0x00,
    0x00, 0x00, 0x00, 0xB0, 0xFF, 0xFF, 0xC1, 0x06, 0x63, 0x00, 0x00, 0x13, 0xFF, 0xC8, 0x1C, 0x00,
    0x04, 0xC8, 0xDA, 0x36, 0xD7, 0xF8, 0x54, 0xAF, 0x7B, 0x00, 0x00, 0x0C, 0xE2, 0xFF, 0xBF, 0x0D,
    0x5A, 0x7C, 0xFF, 0x00, 0xA2, 0xFF, 0x5A, 0x00, 0x87, 0x43, 0x00, 0x00, 0xFF, 0x75, 0x00, 0x74,
    0xDE, 0xC5, 0x04, 0xB9, 0xEF, 0xE3, 0x1E, 0xD7, 0x8B, 0xDF, 0x00, 0xA4, 0xAF, 0xA6, 0x00, 0x6F,
    0x07, 0x00, 0x00, 0xAB, 0xCE, 0x00, 0x00, 0x00, 0x20, 0xDF, 0x91, 0x00, 0x3D, 0xF1, 0xBA, 0x00,
    0x76, 0xB5, 0xBC, 0x00, 0xD4, 0xFF, 0xDE, 0x17, 0xC8, 0x51, 0xFF, 0xA3, 0xFF, 0xC9, 0x00, 0xBA,
    0x40, 0xDF, 0x01, 0xD1, 0xFF, 0x91, 0x00, 0xB4, 0x7C, 0xCF, 0x00, 0xEF, 0xFF, 0x77, 0x00, 0x73,
    0xF6, 0xCC, 0x07, 0xCE, 0x25, 0x91, 0x21, 0xAB, 0x14, 0x00, 0x00, 0xB8, 0x44, 0x9B, 0x00, 0xBF,
    0xFF, 0x62, 0x00, 0xAB, 0xFF, 0x9F, 0x00, 0xC1, 0x2B, 0xE2, 0x15, 0xB6, 0x24, 0xE1, 0x0C, 0xB1,
    0x7E, 0xDF, 0x00, 0xF9, 0xFF, 0x44, 0x00, 0xA2, 0xFF, 0xE5, 0x2D, 0xB7, 0x20, 0x00, 0x00, 0xCF,
    0xFF, 0xB3, 0x00, 0xB1, 0x15, 0x00, 0x00, 0xED, 0xFF, 0x8E, 0x00, 0xA2, 0xFF, 0xEA, 0x54, 0xB7,
    0x20, 0x00, 0x00, 0xCF, 0xFF, 0xAC, 0x00, 0xB3, 0x16, 0x00, 0x00, 0xA9, 0x12, 0x00, 0x00, 0x79,
    0xF7, 0xBE, 0x00, 0xCD, 0x24, 0x95, 0x0C, 0xBA, 0xD8, 0xDF, 0x00, 0xB9, 0x71, 0xD3, 0x00, 0xCB,
    0xF2, 0xA9, 0x00, 0xB2, 0x20, 0xE9, 0x4B, 0xBE, 0x23, 0xE1, 0x10, 0xE1, 0xFF, 0xDF, 0x00, 0xAE,
    0x7D, 0xC7, 0x00, 0x9A, 0xAD, 0x99, 0x00, 0xA3, 0xFF, 0xE4, 0x27, 0x22, 0xE6, 0x00, 0x00, 0x4B,
    0xD7, 0x00, 0x00, 0x73, 0xB0, 0x00, 0x00, 0xE7, 0xFF, 0x79, 0x00, 0x7B, 0xF8, 0xE0, 0x06, 0x00,
    0x42, 0xDF, 0x00, 0x00, 0x7C, 0xB9, 0x00, 0x5E, 0xAE, 0xA0, 0x00, 0xDA, 0xFF, 0x22, 0x00, 0xAB,
    0x38, 0xEC, 0x67, 0xC3, 0xE9, 0x91, 0x00, 0xDA, 0xFF, 0x09, 0x00, 0xB5, 0xEB, 0x74, 0x00, 0x9F,
    0x94, 0xCF, 0x00, 0x00, 0xFF, 0x2D, 0x00, 0x1B, 0xFF, 0x01, 0x00, 0x5A, 0xFC, 0x00, 0x00, 0x99,
    0xC8, 0x00, 0x00, 0xB2, 0xFF, 0xFF, 0xA7, 0x00, 0xC7, 0x80, 0x87, 0x00, 0xDE, 0xF4, 0x49, 0x00,
    0xC0, 0xF4, 0x0D, 0x00, 0x97, 0x9A, 0x00, 0x00, 0x60, 0x80, 0x00, 0xB2, 0x7F, 0xD0, 0x4B, 0xC9,
    0xBB, 0xE1, 0x10, 0xC9, 0xD9, 0xDF, 0x00, 0x9C, 0xF0, 0xC7, 0x00, 0x7C, 0xE5, 0x99, 0x00, 0x8E,
    0xFB, 0xAC, 0x00, 0xC9, 0x25, 0xE4, 0x24, 0xB5, 0x1E, 0xE2, 0x19, 0xAF, 0x7F, 0xDF, 0x00, 0xC9,
    0xFF, 0x4A, 0x00, 0xA2, 0xFF, 0xE0, 0x0A, 0xB7, 0x2E, 0xE5, 0x2B, 0xCF, 0xFF, 0x9F, 0x00, 0xAD,
    0x14, 0x00, 0x00, 0xA6, 0x12, 0x00, 0x00, 0x87, 0xFA, 0xA0, 0x00, 0xC8, 0x2A, 0xE3, 0x1C, 0xBA,
    0x18, 0xE4, 0x25, 0xA8, 0x45, 0xE0, 0x04, 0xD1, 0xDF, 0x9B, 0x00, 0x81, 0xE7, 0x60, 0x01, 0x06,
    0xDF, 0xB5, 0x01, 0xA3, 0xFF, 0xDE, 0x09, 0xBA, 0x2E, 0xE4, 0x27, 0xD1, 0xFF, 0xA0, 0x00, 0xB2,
    0xF7, 0x3F, 0x00, 0xA1, 0xB0, 0x8C, 0x00, 0x93, 0xFC, 0xCA, 0x07, 0xC3, 0x25, 0x2F, 0x00, 0x86,
    0xF9, 0x87, 0x00, 0x27, 0x7F, 0xD8, 0x00, 0xDC, 0xFF, 0x66, 0x00, 0xD4, 0xFF, 0xF4, 0xA8, 0x22,
    0xE6, 0x00, 0x00, 0x4A, 0xD9, 0x00, 0x00, 0x71, 0xB2, 0x00, 0x00, 0x7F, 0x9E, 0x00, 0x00, 0xBB,
    0x20, 0xE8, 0x5D, 0xB8, 0x1B, 0xE3, 0x1C, 0xB4, 0x40, 0xDF, 0x00, 0xAC, 0x89, 0xC6, 0x00, 0xD2,
    0xFF, 0x51, 0x00, 0xC7, 0x1D, 0xD6, 0x9F, 0xC6, 0x3E, 0xE2, 0x13, 0xB9, 0xB9, 0xA3, 0x00, 0xAB,
    0xFF, 0x38, 0x00, 0xA0, 0xF3, 0x00, 0x00, 0xA8, 0x14, 0x84, 0xA3, 0xBA, 0xF7, 0xA8, 0x6F, 0xD7,
    0xF0, 0xD8, 0x1B, 0xE8, 0xD4, 0xDF, 0x00, 0xCE, 0xF5, 0xAF, 0x00, 0x00, 0xB6, 0x74, 0x54, 0x00,
    0x9D, 0xDE, 0x00, 0x00, 0x75, 0xA4, 0x00, 0x00, 0xBD, 0xC8, 0x00, 0x0D, 0x9C, 0xC1, 0x00, 0xCA,
    0x23, 0xED, 0x85, 0xA3, 0xB0, 0xC6, 0x00, 0x83, 0xF9, 0x27, 0x00, 0x72, 0xB7, 0x00, 0x00, 0x7E,
    0xA2, 0x00, 0x00, 0xB1, 0xFF, 0xE9, 0x4C, 0x00, 0xA0, 0xB2, 0x00, 0x69, 0xE8, 0x08, 0x00, 0xCB,
    0x38, 0x00, 0x00, 0xFF, 0xFF, 0x9E, 0x00, 0x31, 0xE9, 0xD4, 0x0F, 0x54, 0xAC, 0x00, 0x00, 0x65,
    0x7B, 0x00, 0x00, 0x83, 0x50, 0x00, 0x00, 0x9E, 0x28, 0x00, 0x00, 0xA0, 0x20, 0x00, 0x00, 0xAC,
    0xF2, 0x20, 0x00, 0xFB, 0x10, 0x00, 0xC6, 0x4E, 0x00, 0xAE, 0x90, 0x00, 0x6C, 0xAD, 0x00, 0x2B,
    0xE4, 0x00, 0x00, 0xFF, 0x00, 0x00, 0xF6, 0x15, 0x00, 0xBF, 0xFF, 0xA2, 0x00, 0x00, 0xB0, 0x67,
    0x00, 0x00, 0xE1, 0x2D, 0x00, 0x00, 0xFF, 0x01, 0x00, 0x07, 0xFF, 0x00, 0x00, 0x3C, 0xD3, 0x00,
    0xAD, 0xF8, 0xAE, 0x00, 0x00, 0x5B, 0xFF, 0x58, 0x04, 0xFF, 0xBB, 0xB1, 0xA5, 0xB7, 0x22, 0xFF,
    0x49, 0x19, 0x00, 0x57, 0x05, 0xFF, 0xFF, 0x67, 0x00, 0x03, 0xA0, 0x81, 0x2A, 0x7E, 0x3F, 0xFF,
    0xCF, 0xFF, 0xBE, 0xA1, 0x76, 0xEC, 0xE3, 0x82, 0xB5, 0xBB, 0xB7, 0xFF, 0xB4, 0xF2, 0x16, 0xFF,
    0x00, 0x00, 0x4E, 0xFF, 0x00, 0x00, 0x87, 0xFC, 0xFF, 0xCD, 0xBE, 0xD8, 0x37, 0xFF, 0xCD, 0xA5,
    0x78, 0xFA, 0xFB, 0xD4, 0xFF, 0x6D, 0x12, 0xE2, 0xFF, 0xAF, 0xA5, 0xCF, 0x16, 0x36, 0xB2, 0xBD,
    0x33, 0x81, 0x58, 0xFF, 0xFF, 0x46, 0x00, 0x00, 0xE3, 0x5B, 0x00, 0x00, 0xE4, 0x24, 0xB4, 0xD3,
    0xDF, 0x00, 0xAE, 0x62, 0xDF, 0x00, 0xA5, 0xAF, 0xBA, 0x00, 0xE1, 0xF6, 0x92, 0x00, 0x10, 0xDC,
    0xFF, 0xA3, 0xA6, 0xD4, 0x58, 0xF8, 0xB6, 0xFF, 0xCD, 0x54, 0x5A, 0xFF, 0xFF, 0x79, 0x00, 0x00,
    0xC9, 0xA6, 0x00, 0x00, 0xAA, 0x00, 0x00, 0xBA, 0xFF, 0x4E, 0x00, 0x37, 0x9C, 0x00, 0x00, 0x59,
    0x81, 0x00, 0x00, 0x67, 0x65, 0x00, 0x13, 0xE3, 0x56, 0x00, 0x00, 0xE0, 0x15, 0x00, 0xB4, 0xCF,
    0xE0, 0x04, 0xB2, 0x5D, 0xDF, 0x00, 0xAD, 0xA6, 0xC5, 0x00, 0xDC, 0xE3, 0x9E, 0x00, 0x14, 0xC1,
    0x77, 0x00, 0xE8, 0xE6, 0x08, 0x00, 0x10, 0xFF, 0x04, 0x00, 0x46, 0xFF, 0x00, 0x00, 0x7E, 0xFD,
    0xFF, 0xC8, 0xB5, 0xE2, 0x4F, 0xFF, 0xC4, 0xA5, 0x7F, 0xDC, 0xF2, 0x6A, 0xBA, 0xAA, 0x00, 0x00,
    0x42, 0x00, 0x00, 0x31, 0xFF, 0x06, 0x00, 0x00, 0x00, 0x00, 0x97, 0xFF, 0xCE, 0x00, 0x00, 0xB0,
    0xB7, 0x00, 0x00, 0xE4, 0xB5, 0xAC, 0x00, 0xB7, 0xFF, 0x3A, 0x00, 0x00, 0x1B, 0x25, 0x00, 0x00,
    0xA8, 0xA7, 0x00, 0x00, 0x00, 0x00, 0x13, 0xFF, 0xFF, 0x67, 0x00, 0x00, 0xFF, 0x33, 0x00, 0x0F,
    0xFF, 0x04, 0x12, 0x45, 0xFF, 0x00, 0xF5, 0xA0, 0xDF, 0x00, 0x6D, 0xFF, 0x82, 0x00, 0xA5, 0x21,
    0x00, 0x00, 0xBA, 0x20, 0x00, 0x00, 0xCC, 0xF6, 0xBA, 0x00, 0xCC, 0x80, 0xBE, 0x00, 0xCF, 0xFA,
    0x4A, 0x00, 0xA2, 0xED, 0xB0, 0x03, 0x6C, 0xFF, 0xED, 0x00, 0x00, 0xA5, 0xBA, 0x00, 0x00, 0xBC,
    0xA2, 0x00, 0x00, 0xF0, 0x64, 0x00, 0x00, 0xFF, 0xB8, 0xA6, 0x00, 0xFA, 0xE3, 0x12, 0x00, 0xD1,
    0xED, 0x1B, 0x00, 0xAF, 0xD4, 0x18, 0x00, 0xBE, 0xC9, 0x00, 0x06, 0xCA, 0xB0, 0x00, 0x72, 0xFF,
    0xE6, 0xC8, 0xAC, 0xD5, 0x4E, 0xFF, 0xC0, 0xA3, 0x81, 0xDC, 0xF1, 0x6A, 0xBB, 0xAA, 0x21, 0xEE,
    0xFF, 0xAB, 0xAB, 0xA7, 0x40, 0xFF, 0xD3, 0x8A, 0x7C, 0xED, 0x6D, 0xFF, 0xFF, 0x4C, 0x00, 0x9D,
    0xF5, 0xCD, 0x00, 0xB8, 0x5A, 0xFF, 0x00, 0xBA, 0x86, 0xFA, 0x00, 0xE8, 0xF5, 0x6D, 0x00, 0xCB,
    0x0B, 0x00, 0x08, 0xC0, 0x01, 0x00, 0xB4, 0xD3, 0xDF, 0x01, 0xAE, 0x62, 0xDF, 0x00, 0xA5, 0xAE,
    0xC3, 0x00, 0xE1, 0xE7, 0x9C, 0x00, 0x00, 0xAD, 0x8E, 0x00, 0x00, 0xCF, 0x5F, 0x00, 0xC0, 0xDA,
    0xE3, 0x22, 0x7B, 0xC9, 0x28, 0x00, 0x98, 0x76, 0x00, 0x00, 0x9F, 0x47, 0x00, 0x00, 0x1B, 0xF6,
    0xFF, 0xAE, 0x58, 0xFF, 0x8E, 0x16, 0x13, 0x70, 0xEE, 0xA3, 0x9A, 0xFF, 0xFF, 0x55, 0x00, 0x87,
    0xC9, 0x00, 0xA2, 0xFF, 0xFF, 0xF0, 0x00, 0xEC, 0x70, 0x00, 0x00, 0xFF, 0x82, 0xA9, 0x00, 0xF0,
    0xFF, 0x39, 0x85, 0xD5, 0x1C, 0xFF, 0xA1, 0xA5, 0x58, 0xFC, 0xC9, 0x96, 0xA2, 0xCD, 0xAB, 0xFF,
    0xED, 0xBD, 0x00, 0x00, 0x00, 0x04, 0xC0, 0xFF, 0x55, 0xE7, 0x54, 0xFB, 0x49, 0xFF, 0x88, 0xCD,
    0xAA, 0xAD, 0x5A, 0xFF, 0xD2, 0x12, 0x00, 0x00, 0x01, 0x00, 0xA0, 0xCD, 0xD3, 0x01, 0xAC, 0xA0,
    0xDB, 0x04, 0xC9, 0xA4, 0xD6, 0x00, 0xD6, 0xF8, 0x5D, 0x00, 0x00, 0xCC, 0xC6, 0x22, 0x00, 0x78,
    0xB1, 0x22, 0x03, 0x96, 0x93, 0x00, 0x00, 0xC4, 0xDE, 0x00, 0x82, 0xD8, 0x1C, 0xFF, 0xBB, 0xAA,
    0x55, 0xFF, 0xC4, 0xA0, 0xBE, 0xD2, 0xA3, 0xFF, 0xDE, 0xA5, 0x37, 0x00, 0xEE, 0x76, 0xCF, 0xFF,
    0xD8, 0x04, 0xBF, 0xE2, 0xE0, 0x04, 0x55, 0xE7, 0x65, 0x00, 0xB7, 0x6C, 0xA6, 0x00, 0xD6, 0xF7,
    0xA9, 0x00, 0x04, 0xD4, 0xD5, 0x19, 0x18, 0xD5, 0x00, 0x00, 0x00, 0xDF, 0x06, 0x00, 0xB9, 0xCB,
    0x00, 0x00, 0x26, 0xCD, 0x00, 0x00, 0x90, 0x45, 0x00, 0x00, 0x81, 0xEC, 0x28, 0x00, 0x00, 0xFF,
    0x12, 0x01, 0xFF, 0x00, 0x2A, 0xF0, 0x00, 0x63, 0xBF, 0x00, 0x9D, 0xAC, 0x00, 0xB2, 0x73, 0x00,
    0xE2, 0x3A, 0x00, 0x00, 0xC8, 0xFF, 0x30, 0x00, 0x04, 0xFB, 0x18, 0x00, 0x9C, 0xB4, 0x00, 0x00,
    0x6C, 0xFF, 0x9F, 0x00, 0xD7, 0x48, 0x00, 0x00, 0x9C, 0xA3, 0x00, 0xB9, 0xEE, 0x45, 0x00, 0xCC,
    0x87, 0xB2, 0x07, 0x76, 0xE9, 0x91, 0x00, 0x6A, 0xFF, 0x27, 0x6A, 0x1E, 0x31, 0xA5, 0x79, 0xEE,
    0x7F, 0xFF, 0x4C, 0x00, 0x00, 0x93, 0x00, 0x01, 0xAF, 0xFF, 0x76, 0x84, 0xE1, 0xDD, 0x7E, 0xB2,
    0xB4, 0xA3, 0x22, 0x88, 0xFF, 0xFF, 0x8E, 0x00, 0xBA, 0x70, 0x00, 0x76, 0xF7, 0xD3, 0x12, 0xA3,
    0x3F, 0x4B, 0x04, 0xE2, 0xFD, 0x2D, 0x00, 0xB7, 0x42, 0x8E, 0x00, 0xC6, 0xF5, 0xE0, 0x04, 0x47,
    0x0D, 0x61, 0x16, 0xA8, 0xFF, 0xE0, 0x0A, 0xC1, 0x55, 0xDF, 0x00, 0xB4, 0x83, 0xD0, 0x00, 0xE3,
    0xFF, 0x9B, 0x00, 0x33, 0x23, 0x4C, 0x00, 0xBD, 0x26, 0xE5, 0x75, 0x9F, 0xDF, 0x98, 0x00, 0xE2,
    0xFF, 0xBA, 0x00, 0x75, 0xBA, 0x00, 0x00, 0xF0, 0xFF, 0x9B, 0x00, 0x00, 0xFF, 0x12, 0x01, 0xFF,
    0x00, 0x1B, 0xAD, 0x00, 0x00, 0x00, 0x00, 0xAE, 0xA0, 0x00, 0xC0, 0x66, 0x00, 0xA7, 0x24, 0x00,
    0x00, 0xCE, 0xFF, 0xBE, 0x12, 0xFF, 0x27, 0x15, 0x10, 0xE4, 0xFF, 0xA5, 0xA0, 0x9C, 0x57, 0xC9,
    0x60, 0xFF, 0xFF, 0x1B, 0x24, 0x0C, 0xFD, 0x4B, 0xA0, 0xFF, 0xD2, 0x06, 0x07, 0xFF, 0xAC, 0xA1,
    0x00, 0x1F, 0x10, 0x0D, 0x51, 0x97, 0x5A, 0x00, 0x55, 0x07, 0x79, 0x25, 0xA9, 0xD9, 0x6C, 0x67,
    0xDE, 0x3B, 0x5D, 0x42, 0xC0, 0xD5, 0x91, 0x00, 0x78, 0x9D, 0x1A, 0x00, 0x73, 0xCA, 0x82, 0x94,
    0xB1, 0xAB, 0xDA, 0xC1, 0x75, 0x00, 0x8D, 0x39, 0xB2, 0x99, 0xD5, 0xE3, 0x97, 0xB1, 0xBC, 0xF1,
    0x70, 0x00, 0x85, 0x1C, 0x69, 0xA9, 0xFF, 0xFF, 0xD4, 0x00, 0x00, 0x67, 0xB2, 0x00, 0x00, 0x3F,
    0x4B, 0x00, 0xFF, 0xFF, 0x64, 0x00, 0x2A, 0x2A, 0x07, 0x84, 0xFF, 0x39, 0xB4, 0x99, 0x88, 0x72,
    0x82, 0x22, 0xC3, 0xF5, 0x64, 0x82, 0xE7, 0x84, 0xF0, 0x12, 0xDE, 0xB4, 0xE7, 0x58, 0x00, 0x06,
    0xFF, 0x00, 0x7F, 0xFF, 0xFF, 0xFF, 0x00, 0x70, 0xBB, 0x00, 0x00, 0x48, 0x5B, 0x00, 0xDC, 0xFF,
    0xFF, 0xB4, 0x60, 0xDA, 0x6A, 0x0F, 0xCD, 0x4C, 0xD8, 0xF0, 0x2E, 0x5D, 0xD4, 0x69, 0x01, 0xE8,
    0x40, 0xA0, 0xD7, 0x3A, 0x00, 0x03, 0x00, 0x07, 0xF7, 0x19, 0x2D, 0x82, 0x00, 0x00, 0xBA, 0x6B,
    0x01, 0x00, 0xAF, 0x8F, 0x00, 0x00, 0xB1, 0xB1, 0x00, 0x00, 0xF5, 0xD0, 0x00, 0x00, 0x6D, 0x00,
    0x00, 0x04, 0x65, 0x00, 0x00, 0x96, 0xFC, 0xF0, 0x88, 0xDB, 0xFF, 0xB2, 0x4E, 0xD7, 0xF0, 0xD5,
    0x13, 0x74, 0xBB, 0xDF, 0x00, 0x59, 0xA0, 0xCE, 0x00, 0x68, 0xA4, 0xA3, 0x00, 0x35, 0x48, 0x3A,
    0x00, 0x34, 0x88, 0xB8, 0xEC, 0x06, 0x22, 0x4B, 0x93, 0x8E, 0xAF, 0x58, 0xFF, 0x0F, 0x01, 0xD7,
    0x00, 0x6C, 0xFF, 0x2B, 0x99, 0xCB, 0xA9, 0xE6, 0x1E, 0xD0, 0xB6, 0xCE, 0x63, 0x54, 0x5E, 0x96,
    0x1E, 0x25, 0xFF, 0x91, 0xE3, 0x7B, 0xFF, 0xC1, 0xA8, 0x7E, 0x12, 0x8A, 0x00, 0x00, 0x35, 0x04,
    0x40, 0x00, 0xBD, 0x42, 0x6C, 0x00, 0x7A, 0x62, 0x00, 0x00, 0xAC, 0x64, 0x00, 0x00, 0x78, 0x9A,
    0x00, 0x04, 0x66, 0xD0, 0x00, 0x0E, 0x0F, 0x11, 0x00, 0x00, 0x99, 0x1F, 0x82, 0x00, 0x7B, 0x5A,
    0x0A, 0x00, 0xAC, 0x5C, 0x00, 0x00, 0x51, 0x96, 0x00, 0x00, 0x8C, 0x6C, 0x00, 0x13, 0x3D, 0xC3,
    0x00, 0x00, 0x83, 0x4B, 0x81, 0x00, 0x7D, 0x85, 0x07, 0x00, 0x95, 0x61, 0x00, 0x00, 0x7D, 0x9F,
    0x00, 0x04, 0x64, 0xD0, 0x00, 0x0E, 0x0F, 0x11, 0x00, 0x00, 0x07, 0x7C, 0x01, 0x00, 0x4E, 0xFF,
    0x10, 0x00, 0x00, 0x00, 0x00, 0x03, 0xB8, 0xD9, 0x00, 0xA7, 0xD2, 0x2E, 0x00, 0xF2, 0x8E, 0x94,
    0x34, 0x94, 0xFF, 0xF7, 0x1B, 0x00, 0x07, 0x8E, 0x00, 0x00, 0x00, 0xA6, 0x0C, 0x00, 0x00, 0x00,
    0x00, 0x00, 0x20, 0xDF, 0x91, 0x00, 0x3D, 0xF1, 0xBA, 0x00, 0x76, 0xB5, 0xBC, 0x00, 0xD4, 0xFF,
    0xDE, 0x17, 0xC8, 0x51, 0xFF, 0x00, 0x00, 0x3E, 0x87, 0x00, 0x00, 0x8D, 0x3C, 0x00, 0x00, 0x00,
    0x00, 0x00, 0x20, 0xDF, 0x91, 0x00, 0x3D, 0xF1, 0xBA, 0x00, 0x76, 0xB5, 0xBC, 0x00, 0xD4, 0xFF,
    0xDE, 0x17, 0xC8, 0x51, 0xFF, 0x00, 0x02, 0x89, 0x81, 0x00, 0x26, 0xA2, 0xD5, 0x00, 0x00, 0x00,
    0x00, 0x00, 0x20, 0xDF, 0x91, 0x00, 0x3D, 0xF1, 0xBA, 0x00, 0x76, 0xB5, 0xBC, 0x00, 0xD4, 0xFF,
    0xDE, 0x17, 0xC8, 0x51, 0xFF, 0x00, 0x40, 0xD3, 0x00, 0x00, 0x3B, 0xC8, 0x03, 0x00, 0x00, 0x00,
    0x00, 0x00, 0x4F, 0xD6, 0x00, 0x00, 0x97, 0xDC, 0x00, 0x00, 0xBA, 0xA8, 0x00, 0x00, 0xEA, 0xF3,
    0x00, 0x1A, 0x75, 0x9C, 0x00, 0x00, 0x04, 0x0D, 0x00, 0x00, 0x77, 0xD0, 0x0C, 0x00, 0x00, 0x00,
    0x00, 0x00, 0x4F, 0xD6, 0x00, 0x00, 0x97, 0xDC, 0x00, 0x00, 0xBA, 0xA8, 0x00, 0x00, 0xEA, 0xF3,
    0x00, 0x1A, 0x75, 0x9C, 0x00, 0x00, 0x00, 0x74, 0x5E, 0x00, 0x12, 0xA0, 0xD0, 0x00, 0x0B, 0xB3,
    0xAC, 0x00, 0x00, 0x00, 0x00, 0x00, 0x20, 0xDF, 0x91, 0x00, 0x3D, 0xF1, 0xBA, 0x00, 0x76, 0xB5,
    0xBC, 0x00, 0xD4, 0xFF, 0xDE, 0x17, 0xC8, 0x51, 0xFF, 0x00, 0x45, 0xFF, 0xC5, 0x00, 0x86, 0xD5,
    0x00, 0x00, 0xAB, 0xDE, 0x6A, 0x00, 0xDF, 0xB5, 0x00, 0x00, 0x8D, 0xFF, 0x13, 0x6E, 0xF5, 0xC7,
    0x06, 0xC8, 0x26, 0xA3, 0x24, 0xAF, 0x16, 0x00, 0x00, 0xB1, 0x22, 0x5F, 0x00, 0xD2, 0xF8, 0xA1,
    0x00, 0x4F, 0xA9, 0x00, 0x00, 0x63, 0xB8, 0x00, 0x00, 0x0F, 0xA4, 0x00, 0x00, 0x00, 0xC1, 0x0D,
    0x00, 0x00, 0x00, 0x00, 0x00, 0xA2, 0xFF, 0xE5, 0x2D, 0xB7, 0x20, 0x00, 0x00, 0xCF, 0xFF, 0xB3,
    0x00, 0xB1, 0x15, 0x00, 0x00, 0xED, 0xFF, 0x8E, 0x00, 0x00, 0x42, 0x7E, 0x00, 0x00, 0xA3, 0x3B,
    0x00, 0x00, 0x00, 0x00, 0x00, 0xA2, 0xFF, 0xE5, 0x2D, 0xB7, 0x20, 0x00, 0x00, 0xCF, 0xFF, 0xB3,
    0x00, 0xB1, 0x15, 0x00, 0x00, 0xED, 0xFF, 0x8E, 0x00, 0x02, 0x9A, 0x74, 0x00, 0x59, 0xA3, 0xBD,
    0x01, 0x00, 0x00, 0x00, 0x00, 0xA2, 0xFF, 0xE5, 0x2D, 0xB7, 0x20, 0x00, 0x00, 0xCF, 0xFF, 0xB3,
    0x00, 0xB1, 0x15, 0x00, 0x00, 0xED, 0xFF, 0x8E, 0x00, 0x04, 0x0B, 0x11, 0x00, 0x71, 0xB7, 0xE1,
    0x10, 0x00, 0x00, 0x00, 0x00, 0xA2, 0xFF, 0xE5, 0x2D, 0xB7, 0x20, 0x00, 0x00, 0xCF, 0xFF, 0xB3,
    0x00, 0xB1, 0x15, 0x00, 0x00, 0xED, 0xFF, 0x8E, 0x00, 0x0F, 0xA4, 0x00, 0x00, 0x00, 0xBE, 0x0D,
    0x00, 0x00, 0x00, 0x00, 0x00, 0xA3, 0xFF, 0xE4, 0x27, 0x22, 0xE6, 0x00, 0x00, 0x4B, 0xD7, 0x00,
    0x00, 0x73, 0xB0, 0x00, 0x00, 0xE7, 0xFF, 0x79, 0x00, 0x00, 0x42, 0x7E, 0x00, 0x00, 0xA3, 0x3B,
    0x00, 0x00, 0x00, 0x00, 0x00, 0xA3, 0xFF, 0xE4, 0x27, 0x22, 0xE6, 0x00, 0x00, 0x4B, 0xD7, 0x00,
    0x00, 0x73, 0xB0, 0x00, 0x00, 0xE7, 0xFF, 0x79, 0x00, 0x02, 0x9A, 0x77, 0x00, 0x58, 0xA6, 0xBD,
    0x01, 0x00, 0x00, 0x00, 0x00, 0xA3, 0xFF, 0xE4, 0x27, 0x22, 0xE6, 0x00, 0x00, 0x4B, 0xD7, 0x00,
    0x00, 0x73, 0xB0, 0x00, 0x00, 0xE7, 0xFF, 0x79, 0x00, 0x04, 0x0B, 0x11, 0x00, 0x6F, 0xBA, 0xE1,
    0x12, 0x00, 0x00, 0x00, 0x00, 0xA3, 0xFF, 0xE4, 0x27, 0x22, 0xE6, 0x00, 0x00, 0x4B, 0xD7, 0x00,
    0x00, 0x73, 0xB0, 0x00, 0x00, 0xE7, 0xFF, 0x79, 0x00, 0xAB, 0xFF, 0x9F, 0x00, 0xBF, 0x2B, 0xE2,
    0x15, 0xF8, 0x9F, 0xE1, 0x0C, 0xB3, 0x7F, 0xDF, 0x00, 0xF8, 0xFF, 0x44, 0x00, 0x3B, 0xE0, 0x91,
    0x00, 0x37, 0xA9, 0xCC, 0x06, 0x00, 0x00, 0x00, 0x00, 0xB2, 0x7F, 0xD0, 0x4B, 0xC9, 0xBB, 0xE1,
    0x10, 0xC9, 0xD9, 0xDF, 0x00, 0x9C, 0xF0, 0xC7, 0x00, 0x7C, 0xE5, 0x99, 0x00, 0x1C, 0x96, 0x00,
    0x00, 0x04, 0xC6, 0x00, 0x00, 0x00, 0x00, 0x00, 0x00, 0x8E, 0xFB, 0xAC, 0x00, 0xC9, 0x25, 0xE4,
    0x24, 0xB5, 0x1E, 0xE2, 0x19, 0xAF, 0x7F, 0xDF, 0x00, 0xC9, 0xFF, 0x4A, 0x00, 0x00, 0x5D, 0x62,
    0x00, 0x00, 0xB5, 0x25, 0x00, 0x00, 0x00, 0x00, 0x00, 0x8E, 0xFB, 0xAC, 0x00, 0xC9, 0x25, 0xE4,
    0x24, 0xB5, 0x1E, 0xE2, 0x19, 0xAF, 0x7F, 0xDF, 0x00, 0xC9, 0xFF, 0x4A, 0x00, 0x00, 0x2D, 0x10,
    0x00, 0x24, 0xE6, 0x96, 0x00, 0x77, 0x61, 0xAD, 0x00, 0x00, 0x00, 0x00, 0x00, 0x8E, 0xFB, 0xAC,
    0x00, 0xC9, 0x25, 0xE4, 0x24, 0xB5, 0x1E, 0xE2, 0x19, 0xAF, 0x7F, 0xDF, 0x00, 0xC9, 0xFF, 0x4A,
    0x00, 0x4F, 0xDE, 0x82, 0x00, 0x42, 0xB9, 0xB4, 0x00, 0x00, 0x00, 0x00, 0x00, 0x8E, 0xFB, 0xAC,
    0x00, 0xC9, 0x25, 0xE4, 0x24, 0xB5, 0x1E, 0xE2, 0x19, 0xAF, 0x7F, 0xDF, 0x00, 0xC9, 0xFF, 0x4A,
    0x00, 0x08, 0x08, 0x11, 0x00, 0x72, 0xAB, 0xDF, 0x00, 0x00, 0x00, 0x00, 0x00, 0x8E, 0xFB, 0xAC,
    0x00, 0xC9, 0x25, 0xE4, 0x24, 0xB5, 0x1E, 0xE2, 0x19, 0xAF, 0x7F, 0xDF, 0x00, 0xC9, 0xFF, 0x4A,
    0x00, 0x00, 0x00, 0x00, 0x00, 0x1C, 0xE7, 0x61, 0xCE, 0x00, 0xD0, 0xFF, 0x31, 0x73, 0xFF, 0xF7,
    0x76, 0x28, 0x16, 0x25, 0x18, 0x00, 0x00, 0x0A, 0x28, 0x00, 0x90, 0xFF, 0x5E, 0x00, 0xC7, 0xBE,
    0x22, 0x00, 0xCD, 0xD1, 0x1B, 0x00, 0xED, 0xAD, 0x00, 0x09, 0xFC, 0xC0, 0x00, 0x03, 0x18, 0x00,
    0x00, 0x11, 0xA4, 0x00, 0x00, 0x01, 0xC2, 0x0B, 0x00, 0x00, 0x00, 0x00, 0x00, 0xBB, 0x20, 0xE8,
    0x5D, 0xB8, 0x1B, 0xE3, 0x1C, 0xB4, 0x40, 0xDF, 0x00, 0xAC, 0x89, 0xC6, 0x00, 0xD2, 0xFF, 0x51,
    0x00, 0x00, 0x45, 0x7A, 0x00, 0x00, 0xA5, 0x38, 0x00, 0x00, 0x00, 0x00, 0x00, 0xBB, 0x20, 0xE8,
    0x5D, 0xB8, 0x1B, 0xE3, 0x1C, 0xB4, 0x40, 0xDF, 0x00, 0xAC, 0x89, 0xC6, 0x00, 0xD2, 0xFF, 0x51,
    0x00, 0x00, 0x12, 0x09, 0x00, 0x13, 0xE3, 0xA5, 0x00, 0x65, 0x75, 0xB4, 0x01, 0x00, 0x00, 0x00,
    0x00, 0xBB, 0x20, 0xE8, 0x5D, 0xB8, 0x1B, 0xE3, 0x1C, 0xB4, 0x40, 0xDF, 0x00, 0xAC, 0x89, 0xC6,
    0x00, 0xD2, 0xFF, 0x51, 0x00, 0x04, 0x0A, 0x11, 0x00, 0x75, 0xB6, 0xE1, 0x0C, 0x00, 0x00, 0x00,
    0x00, 0xBB, 0x20, 0xE8, 0x5D, 0xB8, 0x1B, 0xE3, 0x1C, 0xB4, 0x40, 0xDF, 0x00, 0xAC, 0x89, 0xC6,
    0x00, 0xD2, 0xFF, 0x51, 0x00, 0x00, 0x4D, 0x72, 0x00, 0x00, 0xAB, 0x30, 0x00, 0x00, 0x00, 0x00,
    0x00, 0xCA, 0x23, 0xED, 0x85, 0xA3, 0xB0, 0xC6, 0x00, 0x83, 0xF9, 0x27, 0x00, 0x72, 0xB7, 0x00,
    0x00, 0x7E, 0xA2, 0x00, 0x00, 0x0F, 0xFF, 0x0C, 0x00, 0x4C, 0xFF, 0xFF, 0xC6, 0x8A, 0xD8, 0x48,
    0xFF, 0xA7, 0xFF, 0xFF, 0xA2, 0xDA, 0x82, 0x00, 0x00, 0x06, 0xFA, 0xFC, 0x00, 0x5D, 0xF3, 0x00,
    0x00, 0x96, 0xFF, 0xFF, 0xFF, 0xA8, 0xB8, 0xCE, 0x8D, 0xD5, 0xAB, 0xFF, 0x2E, 0xFF, 0x4F, 0xA7,
    0xCD, 0x00, 0x00, 0xB4, 0xB9, 0x00, 0xD7, 0xFB, 0x30, 0x00, 0x5A, 0x79, 0x00, 0x00, 0x2A, 0xC4,
    0x00, 0x00, 0x00, 0x00, 0x00, 0x3F, 0xFF, 0xCF, 0xFF, 0xBE, 0xA1, 0x76, 0xEC, 0xE3, 0x82, 0xB5,
    0xBB, 0xB7, 0xFF, 0xB4, 0xF2, 0x00, 0x00, 0x9D, 0x3C, 0x00, 0x0A, 0xDE, 0x09, 0x00, 0x00, 0x00,
    0x00, 0x3F, 0xFF, 0xCF, 0xFF, 0xBE, 0xA1, 0x76, 0xEC, 0xE3, 0x82, 0xB5, 0xBB, 0xB7, 0xFF, 0xB4,
    0xF2, 0x00, 0x2B, 0xD3, 0x34, 0x00, 0xBE, 0x91, 0xA5, 0x00, 0x00, 0x00, 0x00, 0x3F, 0xFF, 0xCF,
    0xFF, 0xBE, 0xA1, 0x76, 0xEC, 0xE3, 0x82, 0xB5, 0xBB, 0xB7, 0xFF, 0xB4, 0xF2, 0x00, 0xAB, 0xB1,
    0x5D, 0x00, 0xA8, 0xFD, 0xA7, 0x00, 0x00, 0x00, 0x00, 0x3F, 0xFF, 0xCF, 0xFF, 0xBE, 0xA1, 0x76,
    0xEC, 0xE3, 0x82, 0xB5, 0xBB, 0xB7, 0xFF, 0xB4, 0xF2, 0x00, 0x16, 0x04, 0x16, 0x00, 0xF5, 0xA8,
    0xD8, 0x00, 0x00, 0x00, 0x00, 0x3F, 0xFF, 0xCF, 0xFF, 0xBE, 0xA1, 0x76, 0xEC, 0xE3, 0x82, 0xB5,
    0xBB, 0xB7, 0xFF, 0xB4, 0xF2, 0x00, 0x16, 0xBD, 0x24, 0x00, 0xB8, 0x94, 0xB2, 0x00, 0x88, 0xE2,
    0x4E, 0x00, 0x00, 0x00, 0x00, 0x3F, 0xFF, 0xCF, 0xFF, 0xBE, 0xA1, 0x76, 0xEC, 0xE3, 0x82, 0xB5,
    0xBB, 0xB7, 0xFF, 0xB4, 0xF2, 0x00, 0xC8, 0xDB, 0x1F, 0x00, 0xD2, 0xE0, 0x0A, 0x06, 0xBF, 0x84,
    0x00, 0x03, 0xC4, 0xE2, 0x00, 0x0C, 0xDA, 0xFF, 0xAC, 0x9A, 0xD5, 0x1B, 0x3F, 0xB4, 0xB4, 0x19,
    0x60, 0x84, 0xFF, 0xFF, 0x76, 0x00, 0x96, 0xA2, 0x00, 0x00, 0xB8, 0xA5, 0x00, 0x00, 0x40, 0x97,
    0x00, 0x00, 0x13, 0xD9, 0x00, 0x00, 0x00, 0x00, 0x00, 0x10, 0xDC, 0xFF, 0xA3, 0xA6, 0xD4, 0x58,
    0xF8, 0xB6, 0xFF, 0xCD, 0x54, 0x5A, 0xFF, 0xFF, 0x79, 0x00, 0x00, 0x82, 0x58, 0x00, 0x00, 0xDD,
    0x18, 0x00, 0x00, 0x00, 0x00, 0x10, 0xDC, 0xFF, 0xA3, 0xA6, 0xD4, 0x58, 0xF8, 0xB6, 0xFF, 0xCD,
    0x54, 0x5A, 0xFF, 0xFF, 0x79, 0x00, 0x18, 0xCA, 0x54, 0x00, 0xA8, 0x91, 0xBC, 0x00, 0x00, 0x00,
    0x00, 0x10, 0xDC, 0xFF, 0xA3, 0xA6, 0xD4, 0x58, 0xF8, 0xB6, 0xFF, 0xCD, 0x54, 0x5A, 0xFF, 0xFF,
    0x79, 0x00, 0x12, 0x06, 0x19, 0x00, 0xD3, 0xA9, 0xFB, 0x00, 0x00, 0x00, 0x00, 0x10, 0xDC, 0xFF,
    0xA3, 0xA6, 0xD4, 0x58, 0xF8, 0xB6, 0xFF, 0xCD, 0x54, 0x5A, 0xFF, 0xFF, 0x79, 0x00, 0x67, 0x6D,
    0x00, 0x00, 0x3A, 0xB7, 0x00, 0x00, 0x00, 0x00, 0x00, 0x97, 0xFF, 0xCE, 0x00, 0x00, 0xB0, 0xB7,
    0x00, 0x00, 0xE4, 0xB5, 0xAC, 0x00, 0xB7, 0xFF, 0x3A, 0x00, 0x00, 0xA9, 0x31, 0x00, 0x15, 0xDC,
    0x04, 0x00, 0x00, 0x00, 0x00, 0x97, 0xFF, 0xCE, 0x00, 0x00, 0xB0, 0xB7, 0x00, 0x00, 0xE4, 0xB5,
    0xAC, 0x00, 0xB7, 0xFF, 0x3A, 0x00, 0x2D, 0xBB, 0x21, 0x00, 0xC8, 0xA2, 0xB2, 0x00, 0x00, 0x00,
    0x00, 0x97, 0xFF, 0xCE, 0x00, 0x00, 0xB0, 0xB7, 0x00, 0x00, 0xE4, 0xB5, 0xAC, 0x00, 0xB7, 0xFF,
    0x3A, 0x00, 0x18, 0x04, 0x15, 0x00, 0xFF, 0xAB, 0xC6, 0x00, 0x00, 0x00, 0x00, 0x97, 0xFF, 0xCE,
    0x00, 0x00, 0xB0, 0xB7, 0x00, 0x00, 0xE4, 0xB5, 0xAC, 0x00, 0xB7, 0xFF, 0x3A, 0x00, 0x00, 0x00,
    0x03, 0x00, 0x93, 0xFF, 0xA7, 0x00, 0x72, 0xD8, 0xCA, 0x33, 0xFB, 0xE6, 0xFF, 0xC8, 0xA8, 0x4C,
    0xFF, 0xED, 0x75, 0x7E, 0xE8, 0x85, 0xFF, 0xFF, 0x43, 0x00, 0x9D, 0xB7, 0x61, 0x00, 0x9F, 0xF7,
    0xB4, 0x00, 0x00, 0x00, 0x00, 0x72, 0xFF, 0xE6, 0xC8, 0xAC, 0xD5, 0x4E, 0xFF, 0xC0, 0xA3, 0x81,
    0xDC, 0xF1, 0x6A, 0xBB, 0xAA, 0x00, 0x40, 0x97, 0x00, 0x00, 0x13, 0xD9, 0x00, 0x00, 0x00, 0x00,
    0x00, 0x21, 0xEE, 0xFF, 0xAB, 0xAB, 0xA7, 0x40, 0xFF, 0xD3, 0x8A, 0x7C, 0xED, 0x6D, 0xFF, 0xFF,
    0x4C, 0x00, 0x00, 0x82, 0x58, 0x00, 0x00, 0xDD, 0x18, 0x00, 0x00, 0x00, 0x00, 0x21, 0xEE, 0xFF,
    0xAB, 0xAB, 0xA7, 0x40, 0xFF, 0xD3, 0x8A, 0x7C, 0xED, 0x6D, 0xFF, 0xFF, 0x4C, 0x00, 0x18, 0xCA,
    0x54, 0x00, 0xA8, 0x91, 0xBC, 0x00, 0x00, 0x00, 0x00, 0x21, 0xEE, 0xFF, 0xAB, 0xAB, 0xA7, 0x40,
    0xFF, 0xD3, 0x8A, 0x7C, 0xED, 0x6D, 0xFF, 0xFF, 0x4C, 0x00, 0x87, 0xC3, 0x6A, 0x00, 0x90, 0xEC,
    0xCD, 0x00, 0x00, 0x00, 0x00, 0x21, 0xEE, 0xFF, 0xAB, 0xAB, 0xA7, 0x40, 0xFF, 0xD3, 0x8A, 0x7C,
    0xED, 0x6D, 0xFF, 0xFF, 0x4C, 0x00, 0x12, 0x06, 0x19, 0x00, 0xD3, 0xA9, 0xFB, 0x00, 0x00, 0x00,
    0x00, 0x21, 0xEE, 0xFF, 0xAB, 0xAB, 0xA7, 0x40, 0xFF, 0xD3, 0x8A, 0x7C, 0xED, 0x6D, 0xFF, 0xFF,
    0x4C, 0x00, 0x00, 0x00, 0x00, 0x00, 0x37, 0xFF, 0x00, 0x00, 0x04, 0x2B, 0x00, 0xA9, 0xFF, 0xFF,
    0xE9, 0x00, 0xB6, 0xB1, 0x00, 0x00, 0x1E, 0x0C, 0x00, 0x00, 0x00, 0x0E, 0x07, 0x00, 0xA3, 0xFF,
    0x22, 0x00, 0xB2, 0xEE, 0x00, 0x00, 0xED, 0xC6, 0x00, 0x05, 0xF5, 0xBD, 0x00, 0x00, 0x10, 0x00,
    0x00, 0x00, 0x46, 0x8E, 0x00, 0x00, 0x19, 0xD3, 0x00, 0x00, 0x00, 0x00, 0x00, 0x85, 0xD5, 0x1C,
    0xFF, 0xA1, 0xA5, 0x58, 0xFC, 0xC9, 0x96, 0xA2, 0xCD, 0xAB, 0xFF, 0xED, 0xBD, 0x00, 0x00, 0x8A,
    0x51, 0x00, 0x01, 0xDF, 0x13, 0x00, 0x00, 0x00, 0x00, 0x85, 0xD5, 0x1C, 0xFF, 0xA1, 0xA5, 0x58,
    0xFC, 0xC9, 0x96, 0xA2, 0xCD, 0xAB, 0xFF, 0xED, 0xBD, 0x00, 0x15, 0xB5, 0x40, 0x00, 0xAC, 0x9C,
    0xB5, 0x00, 0x00, 0x00, 0x00, 0x85, 0xD5, 0x1C, 0xFF, 0xA1, 0xA5, 0x58, 0xFC, 0xC9, 0x96, 0xA2,
    0xCD, 0xAB, 0xFF, 0xED, 0xBD, 0x00, 0x13, 0x06, 0x18, 0x00, 0xDE, 0xA8, 0xF1, 0x00, 0x00, 0x00,
    0x00, 0x85, 0xD5, 0x1C, 0xFF, 0xA1, 0xA5, 0x58, 0xFC, 0xC9, 0x96, 0xA2, 0xCD, 0xAB, 0xFF, 0xED,
    0xBD, 0x00, 0x00, 0x76, 0x64, 0x00, 0x00, 0xD7, 0x21, 0x00, 0x00, 0x00, 0x00, 0x82, 0xD8, 0x1C,
    0xFF, 0xBB, 0xAA, 0x55, 0xFF, 0xC4, 0xA0, 0xBE, 0xD2, 0xA3, 0xFF, 0xDE, 0xA5, 0x37, 0x00, 0xEE,
    0x76, 0xCF, 0xFF, 0xD8, 0x04, 0x00, 0x50, 0x40, 0x00, 0x00, 0x78, 0x40, 0x00, 0x00, 0x9E, 0xFE,
    0xCD, 0x00, 0xBE, 0x5F, 0xFF, 0x00, 0xBC, 0x83, 0xFA, 0x00, 0xE9, 0xF5, 0x6D, 0x00, 0xCB, 0x0B,
    0x00, 0x09, 0xC0, 0x01, 0x00, 0x00, 0x10, 0x07, 0x19, 0x00, 0xC8, 0xA6, 0xFF, 0x00, 0x00, 0x00,
    0x00, 0x82, 0xD8, 0x1C, 0xFF, 0xBB, 0xAA, 0x55, 0xFF, 0xC4, 0xA0, 0xBE, 0xD2, 0xA3, 0xFF, 0xDE,
    0xA5, 0x37, 0x00, 0xEE, 0x76, 0xCF, 0xFF, 0xD8, 0x04, 0xA8, 0xFF, 0xFF, 0xED, 0xFF, 0xFF, 0xE9,
    0x52, 0x00, 0xDD, 0x42, 0x58, 0xFF, 0x00, 0x79, 0x79, 0x00, 0x00, 0xFF, 0x7C, 0x45, 0xFC, 0x00,
    0x4E, 0x4B, 0x00, 0x65, 0x8B, 0xCF, 0x3A, 0xAC, 0x8C, 0xDF, 0x00, 0x75, 0x76, 0x5D, 0x00, 0x99,
    0xBA, 0xEA, 0x57, 0xAC, 0x8C, 0xBD, 0x00, 0x49, 0x59, 0x2A, 0x00, 0x00, 0x14, 0x0A, 0x16, 0x00,
    0xED, 0xA9, 0xD4, 0x68, 0xF4, 0xE4, 0x28, 0xC8, 0xE0, 0x35, 0x00, 0xE1, 0xD6, 0x04, 0x00, 0xB1,
    0x30, 0x69, 0x00, 0xB8, 0xFF, 0x89, 0x00, 0x00, 0x04, 0x00, 0x00, 0x1B, 0xF1, 0x1E, 0x00, 0xDA,
    0xFF, 0xFF, 0xFF, 0x2E, 0xFD, 0x1E, 0x00, 0x00, 0x13, 0x00, 0x00, 0x00, 0x4F, 0xDA, 0x0F, 0x30,
    0xFF, 0xFF, 0xD9, 0x00, 0x43, 0xEE, 0x19, 0x00, 0x2A, 0xF0, 0x00, 0x00, 0x2A, 0xF0, 0x00, 0x00,
    0x04, 0x00, 0x00, 0x02, 0xCF, 0x38, 0x00, 0xF1, 0xFF, 0xE0, 0x07, 0x02, 0xD3, 0x50, 0x00, 0x00,
    0x12, 0x00, 0x00, 0x00, 0x24, 0xD5, 0x00, 0x00, 0x2A, 0xF0, 0x00, 0x00, 0x33, 0xF0, 0x09, 0x30,
    0xFF, 0xFF, 0xDC, 0x00, 0x6D, 0xFC, 0x1E, 0x00, 0x00, 0x01, 0x00, 0x85, 0xBD, 0x45, 0x00, 0xF9,
    0xFF, 0xE1, 0x0F, 0x99, 0xB0, 0x5D, 0x00, 0x00, 0x00, 0x00, 0x00, 0x00, 0x4F, 0xDA, 0x0F, 0x30,
    0xFF, 0xFF, 0xD9, 0x00, 0x4C, 0xEE, 0x24, 0x30, 0xFF, 0xFF, 0xDC, 0x00, 0x6D, 0xFC, 0x1E, 0x00,
    0x00, 0x01, 0x00, 0x00, 0x67, 0x79, 0x00, 0x00, 0x5A, 0x5A, 0x00, 0x04, 0x8E, 0x7B, 0x19, 0x00,
    0x5D, 0x76, 0x01, 0x00, 0x00, 0x00, 0x04, 0x2E, 0x90, 0xBE, 0xFF, 0x40, 0xA8, 0xFC, 0x96, 0xA3,
    0xFF, 0xFF, 0xB4, 0x5D, 0x81, 0x00, 0x00, 0x97, 0xB9, 0xB9, 0xAA, 0x6A, 0x9C, 0x9C, 0x8E, 0x45,
    0x66, 0x66, 0x5D, 0x94, 0xB4, 0xB4, 0xA5, 0x00, 0x00, 0x00, 0x0F, 0x06, 0x72, 0xCE, 0xED, 0x64,
    0xFF, 0xA3, 0x03, 0x00, 0x55, 0xC4, 0xBB, 0xA1, 0xFF, 0xFF, 0x72, 0x00, 0x0D, 0x00, 0x00, 0x16,
    0xFF, 0xBA, 0x46, 0x00, 0x4B, 0xF3, 0xE2, 0x90, 0xCA, 0x6F, 0x07, 0xA1, 0xFF, 0xFF, 0x72, 0x00,
    0x8D, 0xA7, 0x36, 0x00, 0xBB, 0x07, 0xB7, 0x2D, 0xB5, 0xA0, 0x34, 0x10, 0x00, 0x00, 0x00, 0x00,
    0x06, 0x51, 0x90, 0x55, 0x8E, 0x87, 0x5A, 0x6F, 0x7C, 0x5A, 0x7B, 0x00, 0x18, 0x00, 0x00, 0x0B,
    0xBA, 0xBA, 0x6D, 0x13, 0xFF, 0xFF, 0xB5, 0x04, 0x3C, 0x3C, 0x22, 0xA2, 0xBA, 0xBA, 0xBA, 0xBA,
    0xBA, 0xBA, 0xBA, 0xBA, 0x2B, 0x34, 0xDE, 0x3C, 0xFF, 0x3C, 0xFF, 0x3C, 0xFF, 0x3C, 0xFF, 0x3C,
    0xFF, 0x3C, 0xFF, 0x3C, 0xFF, 0x3C, 0xFF, 0x0D, 0x46, 0x76, 0x6E, 0x91, 0x07, 0xB1, 0xB6, 0xC7,
    0x0D, 0x26, 0x23, 0x2E, 0x01, 0x33, 0xBA, 0x30, 0xBA, 0x61, 0x8B, 0x90, 0x5D, 0xBA, 0x07, 0x0F,
    0x51, 0x3C, 0xFF, 0x0F, 0x51, 0x3C, 0xFF, 0x1F, 0xA2, 0x2D, 0xBF, 0x2E, 0xC6, 0x1E, 0x99, 0x3C,
    0xFF, 0x01, 0x0D, 0x8E, 0x90, 0x78, 0x07, 0xC4, 0xC6, 0xA4, 0x0D, 0x2D, 0x2E, 0x26, 0x01, 0x4E,
    0xB1, 0x76, 0x76, 0xB1, 0x5E, 0xBA, 0x64, 0xBA, 0x28, 0x18, 0x81, 0x39, 0xF2, 0x25, 0xA2, 0x25,
    0xA2, 0x39, 0xF2, 0x1E, 0x9D, 0x3C, 0xFF, 0x1F, 0xA6, 0x3C, 0xFF, 0x0C, 0x42, 0xBA, 0x6A, 0x2F,
    0x00, 0x2F, 0x00, 0x2F, 0x00, 0x2F, 0x00, 0x0E, 0x00, 0xFF, 0xAF, 0x5A, 0x22, 0x2F, 0x00, 0x2F,
    0x00, 0x2F, 0x00, 0x0B, 0x00, 0x85, 0xBA, 0x79, 0xBE, 0x00, 0x00, 0xBE, 0x00, 0x00, 0xBE, 0x00,
    0x00, 0xBE, 0x00, 0x00, 0x45, 0x00, 0x00, 0xB9, 0xFF, 0xA6, 0xBE, 0x3C, 0x27, 0xBE, 0x00, 0x00,
    0xBE, 0x00, 0x00, 0xBE, 0x00, 0x00, 0x33, 0x00, 0x00, 0x0A, 0xA5, 0xAE, 0x5A, 0x00, 0x00, 0x17,
    0xBA, 0x00, 0x00, 0x17, 0xBA, 0x00, 0x00, 0x17, 0xBA, 0x00, 0x00, 0x17, 0xBA, 0x00, 0x00, 0x07,
    0x39, 0x12, 0xE3, 0xF2, 0x93, 0x03, 0x35, 0x4C, 0xBA, 0x00, 0x00, 0x17, 0xBA, 0x00, 0x00, 0x17,
    0xBA, 0x00, 0x00, 0x17, 0xBA, 0x00, 0x00, 0x05, 0x2B, 0x01, 0xA3, 0xB5, 0x93, 0x00, 0x00, 0x54,
    0xFF, 0x00, 0x00, 0x54, 0xFF, 0x00, 0x00, 0x54, 0xFF, 0x00, 0x00, 0x54, 0xFF, 0x00, 0x00, 0x1C,
    0x5E, 0x03, 0xE0, 0xF8, 0xCA, 0x00, 0x35, 0x7F, 0xFF, 0x00, 0x00, 0x54, 0xFF, 0x00, 0x00, 0x54,
    0xFF, 0x00, 0x00, 0x54, 0xFF, 0x00, 0x00, 0x14, 0x46, 0x25, 0x00, 0x2F, 0x00, 0x2F, 0x00, 0x2F,
    0x00, 0xC6, 0x6A, 0x29, 0x00, 0x2F, 0x00, 0x2F, 0x00, 0x2F, 0x00, 0xFF, 0xAF, 0x3C, 0x22, 0x96,
    0x00, 0x00, 0xBE, 0x00, 0x00, 0xBE, 0x00, 0x00, 0xBE, 0x00, 0x00, 0xBE, 0xBA, 0x79, 0xA5, 0x00,
    0x00, 0xBE, 0x00, 0x00, 0xBE, 0x00, 0x00, 0xBE, 0x00, 0x00, 0xBE, 0xFF, 0xA6, 0x2B, 0x3C, 0x27,
    0x00, 0x00, 0x12, 0x93, 0x00, 0x00, 0x17, 0xBA, 0x00, 0x00, 0x17, 0xBA, 0x00, 0x00, 0x17, 0xBA,
    0x0A, 0xA5, 0xBA, 0xBA, 0x00, 0x00, 0x14, 0xA2, 0x00, 0x00, 0x17, 0xBA, 0x00, 0x00, 0x17, 0xBA,
    0x00, 0x00, 0x17, 0xBA, 0x12, 0xE3, 0xF6, 0xBA, 0x03, 0x35, 0x38, 0x1C, 0x00, 0x00, 0x42, 0xCA,
    0x00, 0x00, 0x54, 0xFF, 0x00, 0x00, 0x54, 0xFF, 0x00, 0x00, 0x54, 0xFF, 0x01, 0xA3, 0xBD, 0xFF,
    0x00, 0x00, 0x49, 0xDE, 0x00, 0x00, 0x54, 0xFF, 0x00, 0x00, 0x54, 0xFF, 0x00, 0x00, 0x54, 0xFF,
    0x03, 0xE0, 0xFF, 0xFF, 0x00, 0x35, 0x3A, 0x2E, 0x29, 0x00, 0x2F, 0x00, 0x2F, 0x00, 0x2F, 0x00,
    0xC6, 0x6A, 0x2F, 0x00, 0x2F, 0x00, 0x2F, 0x00, 0x2F, 0x00, 0x0B, 0x00, 0x29, 0x00, 0x2F, 0x00,
    0x2F, 0x00, 0x2F, 0x00, 0xFF, 0xAF, 0x5A, 0x22, 0x2F, 0x00, 0x2F, 0x00, 0x2F, 0x00, 0x0B, 0x00,
    0x96, 0x00, 0x00, 0xBE, 0x00, 0x00, 0xBE, 0x00, 0x00, 0xBE, 0x00, 0x00, 0xBE, 0xBA, 0x79, 0x7C,
    0x00, 0x00, 0x7C, 0x00, 0x00, 0x7C, 0x00, 0x00, 0x7C, 0x00, 0x00, 0x26, 0x00, 0x00, 0x38, 0x00,
    0x00, 0x7C, 0x00, 0x00, 0x7C, 0x00, 0x00, 0x7C, 0x00, 0x00, 0x78, 0x36, 0x22, 0xBE, 0x84, 0x55,
    0xBE, 0x00, 0x00, 0xBE, 0x00, 0x00, 0xBE, 0x00, 0x00, 0x7C, 0x00, 0x00, 0xA5, 0x00, 0x00, 0xBE,
    0x00, 0x00, 0xBE, 0x00, 0x00, 0xBE, 0x00, 0x00, 0xBE, 0xBA, 0x79, 0xBE, 0x00, 0x00, 0xBE, 0x00,
    0x00, 0xBE, 0x00, 0x00, 0xBE, 0x00, 0x00, 0x33, 0x00, 0x00, 0xA5, 0x00, 0x00, 0xBE, 0x00, 0x00,
    0xBE, 0x00, 0x00, 0xBE, 0x00, 0x00, 0xBE, 0xFF, 0xA6, 0x7B, 0x3C, 0x27, 0x7C, 0x00, 0x00, 0x7C,
    0x00, 0x00, 0x7C, 0x00, 0x00, 0x1D, 0x00, 0x00, 0x6C, 0x00, 0x00, 0x7C, 0x00, 0x00, 0x7C, 0x00,
    0x00, 0x7C, 0x00, 0x00, 0xB9, 0xFF, 0xA6, 0xBE, 0x3C, 0x27, 0xBE, 0x00, 0x00, 0xBE, 0x00, 0x00,
    0xBE, 0x00, 0x00, 0x33, 0x00, 0x00, 0xA5, 0x00, 0x00, 0xBE, 0x00, 0x00, 0xBE, 0x00, 0x00, 0xBE,
    0x00, 0x00, 0xBE, 0xFF, 0xA6, 0xBE, 0x3C, 0x27, 0xBE, 0x00, 0x00, 0xBE, 0x00, 0x00, 0xBE, 0x00,
    0x00, 0x33, 0x00, 0x00, 0x00, 0x00, 0x14, 0xA2, 0x00, 0x00, 0x17, 0xBA, 0x00, 0x00, 0x17, 0xBA,
    0x00, 0x00, 0x17, 0xBA, 0x0A, 0xA5, 0xBA, 0xBA, 0x00, 0x00, 0x17, 0xBA, 0x00, 0x00, 0x17, 0xBA,
    0x00, 0x00, 0x17, 0xBA, 0x00, 0x00, 0x17, 0xBA, 0x00, 0x00, 0x05, 0x2B, 0x00, 0x00, 0x14, 0xA2,
    0x00, 0x00, 0x17, 0xBA, 0x00, 0x00, 0x17, 0xBA, 0x00, 0x00, 0x17, 0xBA, 0x12, 0xE3, 0xF6, 0xBA,
    0x03, 0x35, 0x4C, 0xBA, 0x00, 0x00, 0x17, 0xBA, 0x00, 0x00, 0x17, 0xBA, 0x00, 0x00, 0x17, 0xBA,
    0x00, 0x00, 0x05, 0x2B, 0x00, 0x00, 0x3F, 0xBF, 0x00, 0x00, 0x54, 0xFF, 0x00, 0x00, 0x54, 0xFF,
    0x00, 0x00, 0x54, 0xFF, 0x01, 0x93, 0xB2, 0xFF, 0x00, 0x10, 0x28, 0xBE, 0x00, 0x00, 0x17, 0xBA,
    0x00, 0x00, 0x17, 0xBA, 0x00, 0x00, 0x17, 0xBA, 0x00, 0x00, 0x08, 0x42, 0x00, 0x00, 0x12, 0x93,
    0x00, 0x00, 0x17, 0xBA, 0x00, 0x00, 0x17, 0xBA, 0x00, 0x00, 0x17, 0xBA, 0x01, 0xA3, 0xBC, 0xCA,
    0x00, 0x00, 0x54, 0xFF, 0x00, 0x00, 0x54, 0xFF, 0x00, 0x00, 0x54, 0xFF, 0x00, 0x00, 0x54, 0xFF,
    0x00, 0x00, 0x1C, 0x5E, 0x00, 0x00, 0x49, 0xDE, 0x00, 0x00, 0x54, 0xFF, 0x00, 0x00, 0x54, 0xFF,
    0x00, 0x00, 0x54, 0xFF, 0x01, 0xA3, 0xBD, 0xFF, 0x00, 0x00, 0x54, 0xFF, 0x00, 0x00, 0x54, 0xFF,
    0x00, 0x00, 0x54, 0xFF, 0x00, 0x00, 0x54, 0xFF, 0x00, 0x00, 0x14, 0x46, 0x00, 0x00, 0x49, 0xDE,
    0x00, 0x00, 0x54, 0xFF, 0x00, 0x00, 0x54, 0xFF, 0x00, 0x00, 0x54, 0xFF, 0x03, 0xE0, 0xFF, 0xFF,
    0x00, 0x35, 0x4A, 0xAA, 0x00, 0x00, 0x17, 0xBA, 0x00, 0x00, 0x17, 0xBA, 0x00, 0x00, 0x17, 0xBA,
    0x00, 0x00, 0x05, 0x2B, 0x00, 0x00, 0x14, 0xA2, 0x00, 0x00, 0x17, 0xBA, 0x00, 0x00, 0x17, 0xBA,
    0x00, 0x00, 0x17, 0xBA, 0x03, 0xE0, 0xFC, 0xE9, 0x00, 0x35, 0x7F, 0xFF, 0x00, 0x00, 0x54, 0xFF,
    0x00, 0x00, 0x54, 0xFF, 0x00, 0x00, 0x54, 0xFF, 0x00, 0x00, 0x14, 0x46, 0x00, 0x00, 0x49, 0xDE,
    0x00, 0x00, 0x54, 0xFF, 0x00, 0x00, 0x54, 0xFF, 0x00, 0x00, 0x54, 0xFF, 0x03, 0xE0, 0xFF, 0xFF,
    0x00, 0x35, 0x7F, 0xFF, 0x00, 0x00, 0x54, 0xFF, 0x00, 0x00, 0x54, 0xFF, 0x00, 0x00, 0x54, 0xFF,
    0x00, 0x00, 0x14, 0x46, 0x0B, 0xBA, 0xBA, 0x6D, 0x00, 0x00, 0x74, 0x00, 0x00, 0x00, 0x74, 0x00,
    0x00, 0x00, 0x74, 0x00, 0x00, 0x00, 0x74, 0x00, 0x00, 0x00, 0x24, 0x00, 0x13, 0xFF, 0xC6, 0x6D,
    0x04, 0x3C, 0x71, 0x00, 0x00, 0x00, 0x71, 0x00, 0x00, 0x00, 0x71, 0x00, 0x00, 0x00, 0x71, 0x00,
    0x00, 0x00, 0x1A, 0x00, 0x1B, 0xAB, 0xFF, 0x99, 0x00, 0x13, 0x8B, 0x1E, 0x00, 0x13, 0x5E, 0x00,
    0x00, 0x13, 0x5E, 0x00, 0x00, 0x13, 0x5E, 0x00, 0x00, 0x04, 0x15, 0x00, 0x13, 0xFF, 0xFF, 0xB5,
    0x04, 0x3C, 0x87, 0x22, 0x00, 0x00, 0x74, 0x00, 0x00, 0x00, 0x74, 0x00, 0x00, 0x00, 0x74, 0x00,
    0x00, 0x00, 0x1B, 0x00, 0x0B, 0xBA, 0xBA, 0x6D, 0x00, 0x35, 0x93, 0x00, 0x00, 0x35, 0x93, 0x00,
    0x00, 0x35, 0x93, 0x00, 0x00, 0x35, 0x93, 0x00, 0x00, 0x10, 0x36, 0x00, 0x04, 0xFF, 0xD7, 0x79,
    0x00, 0x5B, 0x9F, 0x00, 0x00, 0x26, 0x9F, 0x00, 0x00, 0x26, 0x9F, 0x00, 0x00, 0x26, 0x9F, 0x00,
    0x00, 0x08, 0x2C, 0x00, 0x01, 0xB0, 0xFF, 0xA6, 0x00, 0x26, 0xB6, 0x27, 0x00, 0x26, 0x9F, 0x00,
    0x00, 0x26, 0x9F, 0x00, 0x00, 0x26, 0x9F, 0x00, 0x00, 0x08, 0x2C, 0x00, 0x13, 0xFF, 0xFF, 0xB5,
    0x04, 0x68, 0xB1, 0x22, 0x00, 0x35, 0x93, 0x00, 0x00, 0x35, 0x93, 0x00, 0x00, 0x35, 0x93, 0x00,
    0x00, 0x0C, 0x29, 0x00, 0x00, 0x00, 0x5C, 0x00, 0x00, 0x00, 0x74, 0x00, 0x00, 0x00, 0x74, 0x00,
    0x00, 0x00, 0x74, 0x00, 0x0B, 0xBA, 0xD7, 0x6D, 0x00, 0x00, 0x65, 0x00, 0x00, 0x00, 0x74, 0x00,
    0x00, 0x00, 0x74, 0x00, 0x00, 0x00, 0x74, 0x00, 0x19, 0xFF, 0xD7, 0x6A, 0x04, 0x3C, 0x12, 0x00,
    0x00, 0x00, 0x65, 0x00, 0x00, 0x00, 0x74, 0x00, 0x00, 0x00, 0x74, 0x00, 0x00, 0x00, 0x74, 0x00,
    0x0E, 0xBA, 0xFF, 0xAF, 0x00, 0x00, 0x3C, 0x22, 0x00, 0x00, 0x65, 0x00, 0x00, 0x00, 0x74, 0x00,
    0x00, 0x00, 0x74, 0x00, 0x00, 0x00, 0x74, 0x00, 0x13, 0xFF, 0xFF, 0xB5, 0x04, 0x3C, 0x3C, 0x22,
    0x00, 0x29, 0x74, 0x00, 0x00, 0x35, 0x93, 0x00, 0x00, 0x35, 0x93, 0x00, 0x00, 0x35, 0x93, 0x00,
    0x0B, 0xBD, 0xE5, 0x6D, 0x00, 0x21, 0x8B, 0x00, 0x00, 0x26, 0x9F, 0x00, 0x00, 0x26, 0x9F, 0x00,
    0x00, 0x26, 0x9F, 0x00, 0x04, 0xFF, 0xE5, 0x79, 0x00, 0x3C, 0x1D, 0x00, 0x00, 0x21, 0x8B, 0x00,
    0x00, 0x26, 0x9F, 0x00, 0x00, 0x26, 0x9F, 0x00, 0x00, 0x26, 0x9F, 0x00, 0x01, 0xB6, 0xFF, 0xA6,
    0x00, 0x06, 0x3C, 0x27, 0x00, 0x2E, 0x80, 0x00, 0x00, 0x35, 0x93, 0x00, 0x00, 0x35, 0x93, 0x00,
    0x00, 0x35, 0x93, 0x00, 0x13, 0xFF, 0xFF, 0xB5, 0x04, 0x3C, 0x3C, 0x22, 0x00, 0x00, 0x65, 0x00,
    0x00, 0x00, 0x74, 0x00, 0x00, 0x00, 0x74, 0x00, 0x00, 0x00, 0x74, 0x00, 0x0B, 0xBA, 0xD7, 0x6D,
    0x00, 0x00, 0x74, 0x00, 0x00, 0x00, 0x74, 0x00, 0x00, 0x00, 0x74, 0x00, 0x00, 0x00, 0x74, 0x00,
    0x00, 0x00, 0x1B, 0x00, 0x00, 0x00, 0x65, 0x00, 0x00, 0x00, 0x74, 0x00, 0x00, 0x00, 0x74, 0x00,
    0x00, 0x00, 0x74, 0x00, 0x19, 0xFF, 0xD7, 0x6A, 0x04, 0x3C, 0x74, 0x00, 0x00, 0x00, 0x74, 0x00,
    0x00, 0x00, 0x74, 0x00, 0x00, 0x00, 0x74, 0x00, 0x00, 0x00, 0x1B, 0x00, 0x00, 0x00, 0x65, 0x00,
    0x00, 0x00, 0x74, 0x00, 0x00, 0x00, 0x74, 0x00, 0x00, 0x00, 0x74, 0x00, 0x0E, 0xBA, 0xFF, 0xAF,
    0x00, 0x00, 0x87, 0x22, 0x00, 0x00, 0x74, 0x00, 0x00, 0x00, 0x74, 0x00, 0x00, 0x00, 0x74, 0x00,
    0x00, 0x00, 0x1B, 0x00, 0x00, 0x00, 0x65, 0x00, 0x00, 0x00, 0x74, 0x00, 0x00, 0x00, 0x74, 0x00,
    0x00, 0x00, 0x74, 0x00, 0x13, 0xFF, 0xFF, 0xB5, 0x04, 0x3C, 0x87, 0x22, 0x00, 0x00, 0x74, 0x00,
    0x00, 0x00, 0x74, 0x00, 0x00, 0x00, 0x74, 0x00, 0x00, 0x00, 0x1B, 0x00, 0x00, 0x29, 0x74, 0x00,
    0x00, 0x35, 0x93, 0x00, 0x00, 0x35, 0x93, 0x00, 0x00, 0x35, 0x93, 0x00, 0x0B, 0xBD, 0xE5, 0x6D,
    0x00, 0x00, 0x74, 0x00, 0x00, 0x00, 0x74, 0x00, 0x00, 0x00, 0x74, 0x00, 0x00, 0x00, 0x74, 0x00,
    0x00, 0x00, 0x24, 0x00, 0x00, 0x00, 0x5C, 0x00, 0x00, 0x00, 0x74, 0x00, 0x00, 0x00, 0x74, 0x00,
    0x00, 0x00, 0x74, 0x00, 0x0B, 0xBA, 0xD7, 0x6D, 0x00, 0x35, 0x93, 0x00, 0x00, 0x35, 0x93, 0x00,
    0x00, 0x35, 0x93, 0x00, 0x00, 0x35, 0x93, 0x00, 0x00, 0x10, 0x36, 0x00, 0x00, 0x2E, 0x80, 0x00,
    0x00, 0x35, 0x93, 0x00, 0x00, 0x35, 0x93, 0x00, 0x00, 0x35, 0x93, 0x00, 0x0B, 0xBD, 0xE5, 0x6D,
    0x00, 0x35, 0x93, 0x00, 0x00, 0x35, 0x93, 0x00, 0x00, 0x35, 0x93, 0x00, 0x00, 0x35, 0x93, 0x00,
    0x00, 0x0C, 0x29, 0x00, 0x00, 0x21, 0x8B, 0x00, 0x00, 0x26, 0x9F, 0x00, 0x00, 0x26, 0x9F, 0x00,
    0x00, 0x26, 0x9F, 0x00, 0x04, 0xFF, 0xE5, 0x79, 0x00, 0x3C, 0x6A, 0x00, 0x00, 0x00, 0x74, 0x00,
    0x00, 0x00, 0x74, 0x00, 0x00, 0x00, 0x74, 0x00, 0x00, 0x00, 0x1B, 0x00, 0x00, 0x21, 0x8B, 0x00,
    0x00, 0x26, 0x9F, 0x00, 0x00, 0x26, 0x9F, 0x00, 0x00, 0x26, 0x9F, 0x00, 0x01, 0xB6, 0xFF, 0xA6,
    0x00, 0x06, 0x87, 0x27, 0x00, 0x00, 0x74, 0x00, 0x00, 0x00, 0x74, 0x00, 0x00, 0x00, 0x74, 0x00,
    0x00, 0x00, 0x1B, 0x00, 0x00, 0x00, 0x65, 0x00, 0x00, 0x00, 0x74, 0x00, 0x00, 0x00, 0x74, 0x00,
    0x00, 0x00, 0x74, 0x00, 0x04, 0xFF, 0xE5, 0x79, 0x00, 0x5B, 0x9F, 0x00, 0x00, 0x26, 0x9F, 0x00,
    0x00, 0x26, 0x9F, 0x00, 0x00, 0x26, 0x9F, 0x00, 0x00, 0x08, 0x2C, 0x00, 0x00, 0x00, 0x65, 0x00,
    0x00, 0x00, 0x74, 0x00, 0x00, 0x00, 0x74, 0x00, 0x00, 0x00, 0x74, 0x00, 0x01, 0xB0, 0xFF, 0xA6,
    0x00, 0x26, 0xB6, 0x27, 0x00, 0x26, 0x9F, 0x00, 0x00, 0x26, 0x9F, 0x00, 0x00, 0x26, 0x9F, 0x00,
    0x00, 0x08, 0x2C, 0x00, 0x00, 0x2E, 0x80, 0x00, 0x00, 0x35, 0x93, 0x00, 0x00, 0x35, 0x93, 0x00,
    0x00, 0x35, 0x93, 0x00, 0x13, 0xFF, 0xFF, 0xB5, 0x04, 0x3C, 0x87, 0x22, 0x00, 0x00, 0x74, 0x00,
    0x00, 0x00, 0x74, 0x00, 0x00, 0x00, 0x74, 0x00, 0x00, 0x00, 0x1B, 0x00, 0x00, 0x00, 0x65, 0x00,
    0x00, 0x00, 0x74, 0x00, 0x00, 0x00, 0x74, 0x00, 0x00, 0x00, 0x74, 0x00, 0x13, 0xFF, 0xFF, 0xB5,
    0x04, 0x68, 0xB1, 0x22, 0x00, 0x35, 0x93, 0x00, 0x00, 0x35, 0x93, 0x00, 0x00, 0x35, 0x93, 0x00,
    0x00, 0x0C, 0x29, 0x00, 0x00, 0x21, 0x8B, 0x00, 0x00, 0x26, 0x9F, 0x00, 0x00, 0x26, 0x9F, 0x00,
    0x00, 0x26, 0x9F, 0x00, 0x04, 0xFF, 0xE5, 0x79, 0x00, 0x5B, 0x9F, 0x00, 0x00, 0x26, 0x9F, 0x00,
    0x00, 0x26, 0x9F, 0x00, 0x00, 0x26, 0x9F, 0x00, 0x00, 0x08, 0x2C, 0x00, 0x00, 0x21, 0x8B, 0x00,
    0x00, 0x26, 0x9F, 0x00, 0x00, 0x26, 0x9F, 0x00, 0x00, 0x26, 0x9F, 0x00, 0x01, 0xB6, 0xFF, 0xA6,
    0x00, 0x26, 0xB6, 0x27, 0x00, 0x26, 0x9F, 0x00, 0x00, 0x26, 0x9F, 0x00, 0x00, 0x26, 0x9F, 0x00,
    0x00, 0x08, 0x2C, 0x00, 0x00, 0x2E, 0x80, 0x00, 0x00, 0x35, 0x93, 0x00, 0x00, 0x35, 0x93, 0x00,
    0x00, 0x35, 0x93, 0x00, 0x13, 0xFF, 0xFF, 0xB5, 0x04, 0x68, 0xB1, 0x22, 0x00, 0x35, 0x93, 0x00,
    0x00, 0x35, 0x93, 0x00, 0x00, 0x35, 0x93, 0x00, 0x00, 0x0C, 0x29, 0x00, 0x2E, 0x93, 0x1C, 0xA5,
    0x4C, 0xCA, 0x2E, 0xE2, 0x0F, 0x2E, 0x09, 0x34, 0xB7, 0xAE, 0x00, 0x07, 0xBA, 0xA5, 0x3A, 0xFA,
    0x37, 0xEE, 0x00, 0x00, 0x01, 0x0D, 0x3C, 0xFF, 0x34, 0xE2, 0x0B, 0xB4, 0xB4, 0x6A, 0x0B, 0xB4,
    0xB4, 0x6A, 0x9D, 0x9D, 0xB4, 0xB4, 0xB4, 0xB4, 0xB4, 0xB4, 0xB4, 0xB4, 0xB4, 0xB4, 0xB4, 0xB4,
    0xB4, 0xB4, 0xB4, 0xB4, 0x2A, 0x2A, 0xBA, 0x67, 0xC1, 0x67, 0x2F, 0x00, 0x2F, 0x00, 0x2F, 0x00,
    0x15, 0x00, 0xA1, 0xBA, 0x51, 0xB8, 0x00, 0x00, 0xB8, 0x00, 0x00, 0xB8, 0x00, 0x00, 0xB8, 0x00,
    0x00, 0x38, 0x00, 0x00, 0xB1, 0xB4, 0x4E, 0xA7, 0xB4, 0x4E, 0xB8, 0x00, 0x00, 0xB8, 0x00, 0x00,
    0xB8, 0x00, 0x00, 0x53, 0x00, 0x00, 0x0A, 0xA0, 0xB0, 0x96, 0x0A, 0xA0, 0xB5, 0xBA, 0x00, 0x00,
    0x17, 0xBA, 0x00, 0x00, 0x17, 0xBA, 0x00, 0x00, 0x17, 0xBA, 0x00, 0x00, 0x0B, 0x54, 0x1B, 0xA8,
    0xB6, 0x96, 0x00, 0x00, 0xB4, 0xB4, 0x00, 0x00, 0xB4, 0xB4, 0x00, 0x00, 0xB4, 0xB4, 0x00, 0x00,
    0xB4, 0xB4, 0x00, 0x00, 0x37, 0x37, 0x1A, 0xA3, 0xB3, 0xAC, 0x1A, 0xA3, 0xBA, 0xB4, 0x00, 0x00,
    0xB4, 0xB4, 0x00, 0x00, 0xB4, 0xB4, 0x00, 0x00, 0xB4, 0xB4, 0x00, 0x00, 0x51, 0x51, 0x1E, 0x00,
    0x2F, 0x00, 0x2F, 0x00, 0x2F, 0x00, 0xC1, 0x67, 0xB2, 0x67, 0x91, 0x00, 0x00, 0xB8, 0x00, 0x00,
    0xB8, 0x00, 0x00, 0xB8, 0x00, 0x00, 0xD4, 0xBA, 0x51, 0x78, 0x00, 0x00, 0xB8, 0x00, 0x00, 0xB8,
    0x00, 0x00, 0xB8, 0x00, 0x00, 0xA3, 0xB4, 0x4E, 0xA5, 0xB4, 0x4E, 0x00, 0x00, 0x0F, 0x79, 0x00,
    0x00, 0x17, 0xBA, 0x00, 0x00, 0x17, 0xBA, 0x00, 0x00, 0x17, 0xBA, 0x0A, 0xA0, 0xB5, 0xBA, 0x0A,
    0xA0, 0xAC, 0x70, 0x00, 0x00, 0x8E, 0x8E, 0x00, 0x00, 0xB4, 0xB4, 0x00, 0x00, 0xB4, 0xB4, 0x00,
    0x00, 0xB4, 0xB4, 0x1B, 0xA8, 0xE3, 0xCA, 0x00, 0x00, 0x75, 0x75, 0x00, 0x00, 0xB4, 0xB4, 0x00,
    0x00, 0xB4, 0xB4, 0x00, 0x00, 0xB4, 0xB4, 0x1A, 0xA3, 0xBA, 0xB4, 0x1A, 0xA3, 0xB3, 0xAB, 0x29,
    0x00, 0x2F, 0x00, 0x2F, 0x00, 0x31, 0x06, 0xB8, 0x72, 0xA7, 0x55, 0x2F, 0x00, 0x2F, 0x00, 0x2F,
    0x00, 0x0B, 0x00, 0xA0, 0x00, 0x00, 0xB8, 0x00, 0x00, 0xB8, 0x00, 0x00, 0xB8, 0x00, 0x00, 0xB6,
    0xBA, 0x51, 0xB8, 0x00, 0x00, 0xB8, 0x00, 0x00, 0xB8, 0x00, 0x00, 0xB8, 0x00, 0x00, 0x2B, 0x00,
    0x00, 0xA0, 0x00, 0x00, 0xB8, 0x00, 0x00, 0xB8, 0x00, 0x00, 0xB9, 0x0C, 0x04, 0x94, 0xA5, 0x55,
    0xB2, 0x96, 0x40, 0xB8, 0x00, 0x00, 0xB8, 0x00, 0x00, 0xB8, 0x00, 0x00, 0x2B, 0x00, 0x00, 0x00,
    0x00, 0x14, 0xA2, 0x00, 0x00, 0x17, 0xBA, 0x00, 0x00, 0x17, 0xBA, 0x00, 0x0B, 0x22, 0xBA, 0x0B,
    0x93, 0xA8, 0xBA, 0x08, 0x85, 0x9B, 0xBA, 0x00, 0x00, 0x17, 0xBA, 0x00, 0x00, 0x17, 0xBA, 0x00,
    0x00, 0x17, 0xBA, 0x00, 0x00, 0x05, 0x2B, 0x00, 0x00, 0x9D, 0x9D, 0x00, 0x00, 0xB4, 0xB4, 0x00,
    0x00, 0xB4, 0xB4, 0x00, 0x00, 0xB4, 0xB4, 0x1B, 0xA8, 0xCE, 0xB4, 0x00, 0x00, 0xB4, 0xB4, 0x00,
    0x00, 0xB4, 0xB4, 0x00, 0x00, 0xB4, 0xB4, 0x00, 0x00, 0xB4, 0xB4, 0x00, 0x00, 0x2A, 0x2A, 0x00,
    0x00, 0x9D, 0x9D, 0x00, 0x00, 0xB4, 0xB4, 0x00, 0x00, 0xB4, 0xB4, 0x01, 0x0B, 0xB8, 0xB4, 0x1C,
    0x96, 0xAA, 0xB4, 0x15, 0x88, 0xC4, 0xB4, 0x00, 0x00, 0xB4, 0xB4, 0x00, 0x00, 0xB4, 0xB4, 0x00,
    0x00, 0xB4, 0xB4, 0x00, 0x00, 0x2A, 0x2A, 0x0B, 0xB4, 0xB4, 0x6A, 0x0B, 0xB4, 0xC7, 0x6A, 0x00,
    0x00, 0x74, 0x00, 0x00, 0x00, 0x74, 0x00, 0x00, 0x00, 0x74, 0x00, 0x00, 0x00, 0x35, 0x00, 0x0B,
    0xBA, 0xBA, 0x6D, 0x00, 0x6D, 0x74, 0x00, 0x00, 0x6D, 0x74, 0x00, 0x00, 0x6D, 0x74, 0x00, 0x00,
    0x6D, 0x74, 0x00, 0x00, 0x22, 0x24, 0x00, 0x0B, 0xB4, 0xB4, 0x6A, 0x0B, 0xC4, 0xAB, 0x6A, 0x00,
    0x6D, 0x74, 0x00, 0x00, 0x6D, 0x74, 0x00, 0x00, 0x6D, 0x74, 0x00, 0x00, 0x31, 0x35, 0x00, 0x00,
    0x00, 0x4C, 0x00, 0x00, 0x00, 0x74, 0x00, 0x00, 0x00, 0x74, 0x00, 0x00, 0x00, 0x74, 0x00, 0x0B,
    0xB4, 0xB3, 0x6A, 0x0B, 0xB4, 0xB4, 0x6A, 0x00, 0x56, 0x5C, 0x00, 0x00, 0x6D, 0x74, 0x00, 0x00,
    0x6D, 0x74, 0x00, 0x00, 0x6D, 0x74, 0x00, 0x0B, 0xD4, 0xD7, 0x6D, 0x00, 0x47, 0x4C, 0x00, 0x00,
    0x6D, 0x74, 0x00, 0x00, 0x6D, 0x74, 0x00, 0x00, 0x6D, 0x74, 0x00, 0x0B, 0xB2, 0x93, 0x6A, 0x0B,
    0xB4, 0xB4, 0x6A, 0x00, 0x00, 0x65, 0x00, 0x00, 0x00, 0x74, 0x00, 0x00, 0x00, 0x74, 0x00, 0x00,
    0x0C, 0x69, 0x06, 0x0D, 0xA5, 0xD4, 0x75, 0x09, 0x96, 0xC1, 0x58, 0x00, 0x00, 0x74, 0x00, 0x00,
    0x00, 0x74, 0x00, 0x00, 0x00, 0x74, 0x00, 0x00, 0x00, 0x1B, 0x00, 0x00, 0x5E, 0x65, 0x00, 0x00,
    0x6D, 0x74, 0x00, 0x00, 0x6D, 0x74, 0x00, 0x00, 0x6D, 0x74, 0x00, 0x0B, 0xD4, 0xD7, 0x6D, 0x00,
    0x6D, 0x74, 0x00, 0x00, 0x6D, 0x74, 0x00, 0x00, 0x6D, 0x74, 0x00, 0x00, 0x6D, 0x74, 0x00, 0x00,
    0x19, 0x1B, 0x00, 0x00, 0x49, 0x4C, 0x00, 0x00, 0x71, 0x74, 0x00, 0x00, 0x71, 0x74, 0x00, 0x00,
    0x71, 0x74, 0x00, 0x25, 0xB8, 0xA4, 0x4E, 0x25, 0xB8, 0xA8, 0x4E, 0x00, 0x71, 0x74, 0x00, 0x00,
    0x71, 0x74, 0x00, 0x00, 0x71, 0x74, 0x00, 0x00, 0x33, 0x35, 0x00, 0x56, 0x66, 0x6E, 0x03, 0x2E,
    0x00, 0x2F, 0x00, 0x2F, 0x00, 0x0E, 0x00, 0x0A, 0x8D, 0x22, 0x00, 0x00, 0x16, 0x9B, 0x27, 0x00,
    0x00, 0x2A, 0x9F, 0x00, 0x00, 0x17, 0xBA, 0x00, 0x00, 0x17, 0xBA, 0x00, 0x00, 0x07, 0x39, 0x00,
    0x00, 0x12, 0x93, 0x00, 0x00, 0x17, 0xBA, 0x00, 0x00, 0x19, 0xB5, 0x00, 0x00, 0x5A, 0x72, 0x0A,
    0xA3, 0x9E, 0x00, 0x25, 0x00, 0x2F, 0x00, 0x2E, 0x00, 0x29, 0x00, 0x8F, 0x6A, 0x00, 0x00, 0x6D,
    0x34, 0x00, 0x04, 0x91, 0x00, 0x00, 0x82, 0x33, 0x00, 0x0A, 0xA6, 0x00, 0x00, 0x6C, 0x33, 0x00,
    0x00, 0x76, 0x15, 0x00, 0x00, 0x51, 0x02, 0x00, 0x00, 0x30, 0x00, 0x00, 0x00, 0x3F, 0x00, 0x00,
    0x00, 0x56, 0x05, 0x00, 0x00, 0x7C, 0x18, 0x00, 0x00, 0x59, 0x49, 0x00, 0x00, 0x03, 0x93, 0x00,
    0x00, 0x00, 0x61, 0x52, 0x00, 0x00, 0x00, 0x95, 0x01, 0x00, 0x00, 0x49, 0x33, 0x3F, 0x00, 0x6D,
    0x34, 0x57, 0x08, 0x91, 0x00, 0x6A, 0x95, 0x33, 0x00, 0x5D, 0xA4, 0x00, 0x00, 0x6D, 0xAD, 0x00,
    0x00, 0x78, 0x75, 0x52, 0x00, 0x51, 0x02, 0x95, 0x01, 0x30, 0x00, 0x49, 0x33, 0x08, 0xA4, 0xAE,
    0x5D, 0x8B, 0xBA, 0xBA, 0xBA, 0xBA, 0x07, 0x80, 0xBA, 0x5D, 0x19, 0xBA, 0xBA, 0xBA, 0xBA, 0x79,
    0x0E, 0xE2, 0xF2, 0x99, 0x03, 0x35, 0x38, 0x1E, 0x2D, 0xBF, 0x3C, 0xFF, 0x3C, 0xFF, 0x3C, 0xFF,
    0x3C, 0xFF, 0x01, 0x0D, 0xB1, 0xFF, 0x99, 0x29, 0x3C, 0x1E, 0x07, 0x2A, 0x3C, 0xFF, 0x3C, 0xFF,
    0x3C, 0xFF, 0x3C, 0xFF, 0x27, 0xA6, 0x1B, 0xAB, 0xFF, 0x99, 0x00, 0x03, 0x3C, 0x1E, 0x00, 0x54,
    0x00, 0xBA, 0x00, 0xBA, 0x00, 0xBA, 0x07, 0xA8, 0x3C, 0xFF, 0x3C, 0xFF, 0x3C, 0xFF, 0x3C, 0xFF,
    0x27, 0xA6, 0x13, 0xFF, 0xC6, 0x6D, 0x04, 0x3C, 0x13, 0x00, 0x2D, 0xBF, 0x3C, 0xFF, 0x3C, 0xFF,
    0x3C, 0xFF, 0x3C, 0xFF, 0x01, 0xBE, 0x00, 0xBA, 0x00, 0xBA, 0x00, 0xBA, 0x00, 0x42, 0xFF, 0xFF,
    0xE8, 0x43, 0xFF, 0xFF, 0xE8, 0x48, 0xFF, 0xFF, 0xE8, 0x48, 0xFF, 0xFF, 0xE8, 0x48, 0x53, 0x54,
    0x4B, 0x0F, 0xBB, 0x96, 0x96, 0xBC, 0x96, 0x00, 0x00, 0x96, 0x96, 0x00, 0x00, 0x96, 0x96, 0x00,
    0x00, 0x96, 0x93, 0x96, 0x96, 0x96, 0x1C, 0x67, 0x00, 0x00, 0x77, 0xF7, 0x00, 0x00, 0xB1, 0xFF,
    0x66, 0x00, 0xE7, 0xFF, 0xDF, 0x00, 0x63, 0x66, 0x5B, 0x0C, 0x75, 0x08, 0x00, 0x00, 0xFF, 0xD6,
    0x35, 0x00, 0xFF, 0xFF, 0x92, 0x06, 0xC9, 0x2E, 0x00, 0x00, 0x0A, 0x00, 0x00, 0x00, 0xF2, 0xFF,
    0xE1, 0x0C, 0xC8, 0xFF, 0xA3, 0x00, 0x9B, 0xFE, 0x12, 0x00, 0x42, 0xB0, 0x00, 0x00, 0x00, 0x0B,
    0x00, 0x00, 0x00, 0x20, 0xA3, 0x3D, 0x7B, 0xF5, 0xE8, 0x48, 0xD8, 0xFF, 0xE8, 0x48, 0x08, 0x90,
    0xE8, 0x48, 0x00, 0x00, 0x0B, 0x0F, 0x4C, 0xB5, 0x00, 0x00, 0xCD, 0xFF, 0x8C, 0x00, 0xEC, 0xFF,
    0xE1, 0x0D, 0x83, 0xF9, 0x16, 0x00, 0x03, 0x13, 0x00, 0x00, 0x49, 0xA2, 0x00, 0x00, 0x7D, 0x53,
    0x91, 0x00, 0x5C, 0x11, 0xA0, 0x0D, 0x67, 0xAE, 0x16, 0x00, 0x03, 0x13, 0x00, 0x00, 0x40, 0xB7,
    0xB5, 0x43, 0xAE, 0x00, 0x00, 0xA9, 0xA0, 0x00, 0x00, 0x9C, 0xA0, 0x43, 0x40, 0xA0, 0x01, 0x72,
    0x75, 0x01, 0xB9, 0xFF, 0x6E, 0x00, 0xFF, 0xFF, 0xE3, 0x1B, 0xFF, 0xFF, 0xE6, 0x34, 0xE3, 0xFF,
    0xBA, 0x00, 0x24, 0x4B, 0x00, 0x00, 0x57, 0x66, 0x66, 0x6D, 0x60, 0x00, 0x00, 0x60, 0x60, 0x00,
    0x00, 0x60, 0x82, 0x66, 0x66, 0x99, 0x61, 0x66, 0x66, 0x78, 0x66, 0x00, 0x42, 0x6D, 0x66, 0x4F,
    0x63, 0x66, 0x8D, 0xAF, 0x72, 0xA3, 0x04, 0x11, 0x00, 0x00, 0x97, 0xCD, 0x6E, 0x00, 0x7D, 0x56,
    0xC1, 0x07, 0x7E, 0x4D, 0xC0, 0x07, 0x88, 0xCC, 0x59, 0x00, 0x00, 0x00, 0x06, 0x00, 0x00, 0x08,
    0xE2, 0x16, 0x45, 0x75, 0xC1, 0x00, 0xA0, 0xDD, 0x62, 0x00, 0xC0, 0xFC, 0x04, 0x00, 0xA5, 0xAE,
    0x00, 0x00, 0x00, 0x00, 0x00, 0x12, 0x00, 0xAB, 0x99, 0xA6, 0x00, 0x8B, 0xF5, 0x00, 0x12, 0xE3,
    0xE2, 0x1F, 0xAE, 0x63, 0x22, 0x06, 0x01, 0x00, 0x00, 0x00, 0x0A, 0x16, 0x00, 0x72, 0x93, 0xD7,
    0xB0, 0xDC, 0x0D, 0xFF, 0xFF, 0x0D, 0x7F, 0xFF, 0xFF, 0x49, 0xD0, 0x4E, 0xBB, 0x3F, 0x00, 0x00,
    0x00, 0x00, 0x0C, 0x43, 0x00, 0x3C, 0xFF, 0x00, 0x3C, 0xFF, 0x00, 0x7B, 0xFF, 0x1C, 0x01, 0x42,
    0x00,
};
