// Auto-generated VLW font: ibmplex_bolditalic_8
// Size: 20335 bytes (19.9 KB)
#pragma once
#include <pgmspace.h>

const uint8_t ibmplex_bolditalic_8[] PROGMEM = {
    0x00, 0x00, 0x01, 0x65, 0x00, 0x00, 0x00, 0x06, 0x00, 0x00, 0x00, 0x08, 0x00, 0x00, 0x00, 0x00,
    0x00, 0x00, 0x00, 0x09, 0x00, 0x00, 0x00, 0x03, 0x00, 0x00, 0x00, 0x20, 0x00, 0x00, 0x00, 0x00,
    0x00, 0x00, 0x00, 0x00, 0x00, 0x00, 0x00, 0x05, 0x00, 0x00, 0x00, 0x00, 0x00, 0x00, 0x00, 0x00,
    0x00, 0x00, 0x00, 0x00, 0x00, 0x00, 0x00, 0x21, 0x00, 0x00, 0x00, 0x05, 0x00, 0x00, 0x00, 0x03,
    0x00, 0x00, 0x00, 0x05, 0x00, 0x00, 0x00, 0x05, 0x00, 0x00, 0x00, 0x01, 0x00, 0x00, 0x00, 0x00,
    0x00, 0x00, 0x00, 0x22, 0x00, 0x00, 0x00, 0x03, 0x00, 0x00, 0x00, 0x04, 0x00, 0x00, 0x00, 0x05,
    0x00, 0x00, 0x00, 0x06, 0x00, 0x00, 0x00, 0x01, 0x00, 0x00, 0x00, 0x00, 0x00, 0x00, 0x00, 0x23,
    0x00, 0x00, 0x00, 0x05, 0x00, 0x00, 0x00, 0x05, 0x00, 0x00, 0x00, 0x05, 0x00, 0x00, 0x00, 0x05,
    0x00, 0x00, 0x00, 0x00, 0x00, 0x00, 0x00, 0x00, 0x00, 0x00, 0x00, 0x24, 0x00, 0x00, 0x00, 0x07,
    0x00, 0x00, 0x00, 0x05, 0x00, 0x00, 0x00, 0x05, 0x00, 0x00, 0x00, 0x06, 0x00, 0x00, 0x00, 0x00,
    0x00, 0x00, 0x00, 0x00, 0x00, 0x00, 0x00, 0x25, 0x00, 0x00, 0x00, 0x05, 0x00, 0x00, 0x00, 0x05,
    0x00, 0x00, 0x00, 0x05, 0x00, 0x00, 0x00, 0x05, 0x00, 0x00, 0x00, 0x00, 0x00, 0x00, 0x00, 0x00,
    0x00, 0x00, 0x00, 0x26, 0x00, 0x00, 0x00, 0x05, 0x00, 0x00, 0x00, 0x05, 0x00, 0x00, 0x00, 0x05,
    0x00, 0x00, 0x00, 0x05, 0x00, 0x00, 0x00, 0x00, 0x00, 0x00, 0x00, 0x00, 0x00, 0x00, 0x00, 0x27,
    0x00, 0x00, 0x00, 0x03, 0x00, 0x00, 0x00, 0x02, 0x00, 0x00, 0x00, 0x05, 0x00, 0x00, 0x00, 0x06,
    0x00, 0x00, 0x00, 0x02, 0x00, 0x00, 0x00, 0x00, 0x00, 0x00, 0x00, 0x28, 0x00, 0x00, 0x00, 0x07,
    0x00, 0x00, 0x00, 0x04, 0x00, 0x00, 0x00, 0x05, 0x00, 0x00, 0x00, 0x06, 0x00, 0x00, 0x00, 0x01,
    0x00, 0x00, 0x00, 0x00, 0x00, 0x00, 0x00, 0x29, 0x00, 0x00, 0x00, 0x07, 0x00, 0x00, 0x00, 0x04,
    0x00, 0x00, 0x00, 0x05, 0x00, 0x00, 0x00, 0x06, 0x00, 0x00, 0x00, 0x00, 0x00, 0x00, 0x00, 0x00,
    0x00, 0x00, 0x00, 0x2A, 0x00, 0x00, 0x00, 0x04, 0x00, 0x00, 0x00, 0x05, 0x00, 0x00, 0x00, 0x05,
    0x00, 0x00, 0x00, 0x04, 0x00, 0x00, 0x00, 0x00, 0x00, 0x00, 0x00, 0x00, 0x00, 0x00, 0x00, 0x2B,
    0x00, 0x00, 0x00, 0x04, 0x00, 0x00, 0x00, 0x05, 0x00, 0x00, 0x00, 0x05, 0x00, 0x00, 0x00, 0x04,
    0x00, 0x00, 0x00, 0x00, 0x00, 0x00, 0x00, 0x00, 0x00, 0x00, 0x00, 0x2C, 0x00, 0x00, 0x00, 0x03,
    0x00, 0x00, 0x00, 0x04, 0x00, 0x00, 0x00, 0x05, 0x00, 0x00, 0x00, 0x02, 0x00, 0x00, 0x00, 0x00,
    0x00, 0x00, 0x00, 0x00, 0x00, 0x00, 0x00, 0x2D, 0x00, 0x00, 0x00, 0x02, 0x00, 0x00, 0x00, 0x03,
    0x00, 0x00, 0x00, 0x05, 0x00, 0x00, 0x00, 0x03, 0x00, 0x00, 0x00, 0x01, 0x00, 0x00, 0x00, 0x00,
    0x00, 0x00, 0x00, 0x2E, 0x00, 0x00, 0x00, 0x02, 0x00, 0x00, 0x00, 0x03, 0x00, 0x00, 0x00, 0x05,
    0x00, 0x00, 0x00, 0x02, 0x00, 0x00, 0x00, 0x01, 0x00, 0x00, 0x00, 0x00, 0x00, 0x00, 0x00, 0x2F,
    0x00, 0x00, 0x00, 0x07, 0x00, 0x00, 0x00, 0x05, 0x00, 0x00, 0x00, 0x05, 0x00, 0x00, 0x00, 0x06,
    0x00, 0x00, 0x00, 0x00, 0x00, 0x00, 0x00, 0x00, 0x00, 0x00, 0x00, 0x30, 0x00, 0x00, 0x00, 0x05,
    0x00, 0x00, 0x00, 0x05, 0x00, 0x00, 0x00, 0x05, 0x00, 0x00, 0x00, 0x05, 0x00, 0x00, 0x00, 0x00,
    0x00, 0x00, 0x00, 0x00, 0x00, 0x00, 0x00, 0x31, 0x00, 0x00, 0x00, 0x05, 0x00, 0x00, 0x00, 0x05,
    0x00, 0x00, 0x00, 0x05, 0x00, 0x00, 0x00, 0x05, 0x00, 0x00, 0x00, 0x00, 0x00, 0x00, 0x00, 0x00,
    0x00, 0x00, 0x00, 0x32, 0x00, 0x00, 0x00, 0x05, 0x00, 0x00, 0x00, 0x05, 0x00, 0x00, 0x00, 0x05,
    0x00, 0x00, 0x00, 0x05, 0x00, 0x00, 0x00, 0x00, 0x00, 0x00, 0x00, 0x00, 0x00, 0x00, 0x00, 0x33,
    0x00, 0x00, 0x00, 0x05, 0x00, 0x00, 0x00, 0x05, 0x00, 0x00, 0x00, 0x05, 0x00, 0x00, 0x00, 0x05,
    0x00, 0x00, 0x00, 0x00, 0x00, 0x00, 0x00, 0x00, 0x00, 0x00, 0x00, 0x34, 0x00, 0x00, 0x00, 0x05,
    0x00, 0x00, 0x00, 0x05, 0x00, 0x00, 0x00, 0x05, 0x00, 0x00, 0x00, 0x05, 0x00, 0x00, 0x00, 0x00,
    0x00, 0x00, 0x00, 0x00, 0x00, 0x00, 0x00, 0x35, 0x00, 0x00, 0x00, 0x05, 0x00, 0x00, 0x00, 0x05,
    0x00, 0x00, 0x00, 0x05, 0x00, 0x00, 0x00, 0x05, 0x00, 0x00, 0x00, 0x00, 0x00, 0x00, 0x00, 0x00,
    0x00, 0x00, 0x00, 0x36, 0x00, 0x00, 0x00, 0x05, 0x00, 0x00, 0x00, 0x05, 0x00, 0x00, 0x00, 0x05,
    0x00, 0x00, 0x00, 0x05, 0x00, 0x00, 0x00, 0x00, 0x00, 0x00, 0x00, 0x00, 0x00, 0x00, 0x00, 0x37,
    0x00, 0x00, 0x00, 0x05, 0x00, 0x00, 0x00, 0x05, 0x00, 0x00, 0x00, 0x05, 0x00, 0x00, 0x00, 0x05,
    0x00, 0x00, 0x00, 0x00, 0x00, 0x00, 0x00, 0x00, 0x00, 0x00, 0x00, 0x38, 0x00, 0x00, 0x00, 0x05,
    0x00, 0x00, 0x00, 0x05, 0x00, 0x00, 0x00, 0x05, 0x00, 0x00, 0x00, 0x05, 0x00, 0x00, 0x00, 0x00,
    0x00, 0x00, 0x00, 0x00, 0x00, 0x00, 0x00, 0x39, 0x00, 0x00, 0x00, 0x05, 0x00, 0x00, 0x00, 0x05,
    0x00, 0x00, 0x00, 0x05, 0x00, 0x00, 0x00, 0x05, 0x00, 0x00, 0x00, 0x00, 0x00, 0x00, 0x00, 0x00,
    0x00, 0x00, 0x00, 0x3A, 0x00, 0x00, 0x00, 0x04, 0x00, 0x00, 0x00, 0x03, 0x00, 0x00, 0x00, 0x05,
    0x00, 0x00, 0x00, 0x04, 0x00, 0x00, 0x00, 0x01, 0x00, 0x00, 0x00, 0x00, 0x00, 0x00, 0x00, 0x3B,
    0x00, 0x00, 0x00, 0x05, 0x00, 0x00, 0x00, 0x04, 0x00, 0x00, 0x00, 0x05, 0x00, 0x00, 0x00, 0x04,
    0x00, 0x00, 0x00, 0x00, 0x00, 0x00, 0x00, 0x00, 0x00, 0x00, 0x00, 0x3C, 0x00, 0x00, 0x00, 0x05,
    0x00, 0x00, 0x00, 0x05, 0x00, 0x00, 0x00, 0x05, 0x00, 0x00, 0x00, 0x05, 0x00, 0x00, 0x00, 0x00,
    0x00, 0x00, 0x00, 0x00, 0x00, 0x00, 0x00, 0x3D, 0x00, 0x00, 0x00, 0x03, 0x00, 0x00, 0x00, 0x05,
    0x00, 0x00, 0x00, 0x05, 0x00, 0x00, 0x00, 0x04, 0x00, 0x00, 0x00, 0x00, 0x00, 0x00, 0x00, 0x00,
    0x00, 0x00, 0x00, 0x3E, 0x00, 0x00, 0x00, 0x05, 0x00, 0x00, 0x00, 0x05, 0x00, 0x00, 0x00, 0x05,
    0x00, 0x00, 0x00, 0x05, 0x00, 0x00, 0x00, 0x00, 0x00, 0x00, 0x00, 0x00, 0x00, 0x00, 0x00, 0x3F,
    0x00, 0x00, 0x00, 0x05, 0x00, 0x00, 0x00, 0x05, 0x00, 0x00, 0x00, 0x05, 0x00, 0x00, 0x00, 0x05,
    0x00, 0x00, 0x00, 0x00, 0x00, 0x00, 0x00, 0x00, 0x00, 0x00, 0x00, 0x40, 0x00, 0x00, 0x00, 0x06,
    0x00, 0x00, 0x00, 0x05, 0x00, 0x00, 0x00, 0x05, 0x00, 0x00, 0x00, 0x05, 0x00, 0x00, 0x00, 0x00,
    0x00, 0x00, 0x00, 0x00, 0x00, 0x00, 0x00, 0x41, 0x00, 0x00, 0x00, 0x05, 0x00, 0x00, 0x00, 0x05,
    0x00, 0x00, 0x00, 0x05, 0x00, 0x00, 0x00, 0x05, 0x00, 0x00, 0x00, 0x00, 0x00, 0x00, 0x00, 0x00,
    0x00, 0x00, 0x00, 0x42, 0x00, 0x00, 0x00, 0x05, 0x00, 0x00, 0x00, 0x05, 0x00, 0x00, 0x00, 0x05,
    0x00, 0x00, 0x00, 0x05, 0x00, 0x00, 0x00, 0x00, 0x00, 0x00, 0x00, 0x00, 0x00, 0x00, 0x00, 0x43,
    0x00, 0x00, 0x00, 0x05, 0x00, 0x00, 0x00, 0x05, 0x00, 0x00, 0x00, 0x05, 0x00, 0x00, 0x00, 0x05,
    0x00, 0x00, 0x00, 0x00, 0x00, 0x00, 0x00, 0x00, 0x00, 0x00, 0x00, 0x44, 0x00, 0x00, 0x00, 0x05,
    0x00, 0x00, 0x00, 0x05, 0x00, 0x00, 0x00, 0x05, 0x00, 0x00, 0x00, 0x05, 0x00, 0x00, 0x00, 0x00,
    0x00, 0x00, 0x00, 0x00, 0x00, 0x00, 0x00, 0x45, 0x00, 0x00, 0x00, 0x05, 0x00, 0x00, 0x00, 0x05,
    0x00, 0x00, 0x00, 0x05, 0x00, 0x00, 0x00, 0x05, 0x00, 0x00, 0x00, 0x00, 0x00, 0x00, 0x00, 0x00,
    0x00, 0x00, 0x00, 0x46, 0x00, 0x00, 0x00, 0x05, 0x00, 0x00, 0x00, 0x05, 0x00, 0x00, 0x00, 0x05,
    0x00, 0x00, 0x00, 0x05, 0x00, 0x00, 0x00, 0x00, 0x00, 0x00, 0x00, 0x00, 0x00, 0x00, 0x00, 0x47,
    0x00, 0x00, 0x00, 0x05, 0x00, 0x00, 0x00, 0x05, 0x00, 0x00, 0x00, 0x05, 0x00, 0x00, 0x00, 0x05,
    0x00, 0x00, 0x00, 0x00, 0x00, 0x00, 0x00, 0x00, 0x00, 0x00, 0x00, 0x48, 0x00, 0x00, 0x00, 0x05,
    0x00, 0x00, 0x00, 0x05, 0x00, 0x00, 0x00, 0x05, 0x00, 0x00, 0x00, 0x05, 0x00, 0x00, 0x00, 0x00,
    0x00, 0x00, 0x00, 0x00, 0x00, 0x00, 0x00, 0x49, 0x00, 0x00, 0x00, 0x05, 0x00, 0x00, 0x00, 0x05,
    0x00, 0x00, 0x00, 0x05, 0x00, 0x00, 0x00, 0x05, 0x00, 0x00, 0x00, 0x00, 0x00, 0x00, 0x00, 0x00,
    0x00, 0x00, 0x00, 0x4A, 0x00, 0x00, 0x00, 0x05, 0x00, 0x00, 0x00, 0x05, 0x00, 0x00, 0x00, 0x05,
    0x00, 0x00, 0x00, 0x05, 0x00, 0x00, 0x00, 0x00, 0x00, 0x00, 0x00, 0x00, 0x00, 0x00, 0x00, 0x4B,
    0x00, 0x00, 0x00, 0x05, 0x00, 0x00, 0x00, 0x05, 0x00, 0x00, 0x00, 0x05, 0x00, 0x00, 0x00, 0x05,
    0x00, 0x00, 0x00, 0x00, 0x00, 0x00, 0x00, 0x00, 0x00, 0x00, 0x00, 0x4C, 0x00, 0x00, 0x00, 0x05,
    0x00, 0x00, 0x00, 0x05, 0x00, 0x00, 0x00, 0x05, 0x00, 0x00, 0x00, 0x05, 0x00, 0x00, 0x00, 0x00,
    0x00, 0x00, 0x00, 0x00, 0x00, 0x00, 0x00, 0x4D, 0x00, 0x00, 0x00, 0x05, 0x00, 0x00, 0x00, 0x05,
    0x00, 0x00, 0x00, 0x05, 0x00, 0x00, 0x00, 0x05, 0x00, 0x00, 0x00, 0x00, 0x00, 0x00, 0x00, 0x00,
    0x00, 0x00, 0x00, 0x4E, 0x00, 0x00, 0x00, 0x05, 0x00, 0x00, 0x00, 0x05, 0x00, 0x00, 0x00, 0x05,
    0x00, 0x00, 0x00, 0x05, 0x00, 0x00, 0x00, 0x00, 0x00, 0x00, 0x00, 0x00, 0x00, 0x00, 0x00, 0x4F,
    0x00, 0x00, 0x00, 0x05, 0x00, 0x00, 0x00, 0x05, 0x00, 0x00, 0x00, 0x05, 0x00, 0x00, 0x00, 0x05,
    0x00, 0x00, 0x00, 0x00, 0x00, 0x00, 0x00, 0x00, 0x00, 0x00, 0x00, 0x50, 0x00, 0x00, 0x00, 0x05,
    0x00, 0x00, 0x00, 0x05, 0x00, 0x00, 0x00, 0x05, 0x00, 0x00, 0x00, 0x05, 0x00, 0x00, 0x00, 0x00,
    0x00, 0x00, 0x00, 0x00, 0x00, 0x00, 0x00, 0x51, 0x00, 0x00, 0x00, 0x07, 0x00, 0x00, 0x00, 0x05,
    0x00, 0x00, 0x00, 0x05, 0x00, 0x00, 0x00, 0x05, 0x00, 0x00, 0x00, 0x00, 0x00, 0x00, 0x00, 0x00,
    0x00, 0x00, 0x00, 0x52, 0x00, 0x00, 0x00, 0x05, 0x00, 0x00, 0x00, 0x05, 0x00, 0x00, 0x00, 0x05,
    0x00, 0x00, 0x00, 0x05, 0x00, 0x00, 0x00, 0x00, 0x00, 0x00, 0x00, 0x00, 0x00, 0x00, 0x00, 0x53,
    0x00, 0x00, 0x00, 0x05, 0x00, 0x00, 0x00, 0x05, 0x00, 0x00, 0x00, 0x05, 0x00, 0x00, 0x00, 0x05,
    0x00, 0x00, 0x00, 0x00, 0x00, 0x00, 0x00, 0x00, 0x00, 0x00, 0x00, 0x54, 0x00, 0x00, 0x00, 0x05,
    0x00, 0x00, 0x00, 0x05, 0x00, 0x00, 0x00, 0x05, 0x00, 0x00, 0x00, 0x05, 0x00, 0x00, 0x00, 0x00,
    0x00, 0x00, 0x00, 0x00, 0x00, 0x00, 0x00, 0x55, 0x00, 0x00, 0x00, 0x05, 0x00, 0x00, 0x00, 0x05,
    0x00, 0x00, 0x00, 0x05, 0x00, 0x00, 0x00, 0x05, 0x00, 0x00, 0x00, 0x00, 0x00, 0x00, 0x00, 0x00,
    0x00, 0x00, 0x00, 0x56, 0x00, 0x00, 0x00, 0x05, 0x00, 0x00, 0x00, 0x05, 0x00, 0x00, 0x00, 0x05,
    0x00, 0x00, 0x00, 0x05, 0x00, 0x00, 0x00, 0x00, 0x00, 0x00, 0x00, 0x00, 0x00, 0x00, 0x00, 0x57,
    0x00, 0x00, 0x00, 0x05, 0x00, 0x00, 0x00, 0x05, 0x00, 0x00, 0x00, 0x05, 0x00, 0x00, 0x00, 0x05,
    0x00, 0x00, 0x00, 0x00, 0x00, 0x00, 0x00, 0x00, 0x00, 0x00, 0x00, 0x58, 0x00, 0x00, 0x00, 0x05,
    0x00, 0x00, 0x00, 0x05, 0x00, 0x00, 0x00, 0x05, 0x00, 0x00, 0x00, 0x05, 0x00, 0x00, 0x00, 0x00,
    0x00, 0x00, 0x00, 0x00, 0x00, 0x00, 0x00, 0x59, 0x00, 0x00, 0x00, 0x05, 0x00, 0x00, 0x00, 0x05,
    0x00, 0x00, 0x00, 0x05, 0x00, 0x00, 0x00, 0x05, 0x00, 0x00, 0x00, 0x00, 0x00, 0x00, 0x00, 0x00,
    0x00, 0x00, 0x00, 0x5A, 0x00, 0x00, 0x00, 0x05, 0x00, 0x00, 0x00, 0x05, 0x00, 0x00, 0x00, 0x05,
    0x00, 0x00, 0x00, 0x05, 0x00, 0x00, 0x00, 0x00, 0x00, 0x00, 0x00, 0x00, 0x00, 0x00, 0x00, 0x5B,
    0x00, 0x00, 0x00, 0x07, 0x00, 0x00, 0x00, 0x05, 0x00, 0x00, 0x00, 0x05, 0x00, 0x00, 0x00, 0x06,
    0x00, 0x00, 0x00, 0x00, 0x00, 0x00, 0x00, 0x00, 0x00, 0x00, 0x00, 0x5C, 0x00, 0x00, 0x00, 0x07,
    0x00, 0x00, 0x00, 0x03, 0x00, 0x00, 0x00, 0x05, 0x00, 0x00, 0x00, 0x06, 0x00, 0x00, 0x00, 0x01,
    0x00, 0x00, 0x00, 0x00, 0x00, 0x00, 0x00, 0x5D, 0x00, 0x00, 0x00, 0x07, 0x00, 0x00, 0x00, 0x05,
    0x00, 0x00, 0x00, 0x05, 0x00, 0x00, 0x00, 0x06, 0x00, 0x00, 0x00, 0x00, 0x00, 0x00, 0x00, 0x00,
    0x00, 0x00, 0x00, 0x5E, 0x00, 0x00, 0x00, 0x04, 0x00, 0x00, 0x00, 0x05, 0x00, 0x00, 0x00, 0x05,
    0x00, 0x00, 0x00, 0x05, 0x00, 0x00, 0x00, 0x00, 0x00, 0x00, 0x00, 0x00, 0x00, 0x00, 0x00, 0x5F,
    0x00, 0x00, 0x00, 0x01, 0x00, 0x00, 0x00, 0x05, 0x00, 0x00, 0x00, 0x05, 0x00, 0x00, 0x00, 0x00,
    0x00, 0x00, 0x00, 0x00, 0x00, 0x00, 0x00, 0x00, 0x00, 0x00, 0x00, 0x60, 0x00, 0x00, 0x00, 0x03,
    0x00, 0x00, 0x00, 0x03, 0x00, 0x00, 0x00, 0x05, 0x00, 0x00, 0x00, 0x07, 0x00, 0x00, 0x00, 0x01,
    0x00, 0x00, 0x00, 0x00, 0x00, 0x00, 0x00, 0x61, 0x00, 0x00, 0x00, 0x04, 0x00, 0x00, 0x00, 0x05,
    0x00, 0x00, 0x00, 0x05, 0x00, 0x00, 0x00, 0x04, 0x00, 0x00, 0x00, 0x00, 0x00, 0x00, 0x00, 0x00,
    0x00, 0x00, 0x00, 0x62, 0x00, 0x00, 0x00, 0x06, 0x00, 0x00, 0x00, 0x05, 0x00, 0x00, 0x00, 0x05,
    0x00, 0x00, 0x00, 0x06, 0x00, 0x00, 0x00, 0x00, 0x00, 0x00, 0x00, 0x00, 0x00, 0x00, 0x00, 0x63,
    0x00, 0x00, 0x00, 0x04, 0x00, 0x00, 0x00, 0x05, 0x00, 0x00, 0x00, 0x05, 0x00, 0x00, 0x00, 0x04,
    0x00, 0x00, 0x00, 0x00, 0x00, 0x00, 0x00, 0x00, 0x00, 0x00, 0x00, 0x64, 0x00, 0x00, 0x00, 0x06,
    0x00, 0x00, 0x00, 0x05, 0x00, 0x00, 0x00, 0x05, 0x00, 0x00, 0x00, 0x06, 0x00, 0x00, 0x00, 0x00,
    0x00, 0x00, 0x00, 0x00, 0x00, 0x00, 0x00, 0x65, 0x00, 0x00, 0x00, 0x04, 0x00, 0x00, 0x00, 0x05,
    0x00, 0x00, 0x00, 0x05, 0x00, 0x00, 0x00, 0x04, 0x00, 0x00, 0x00, 0x00, 0x00, 0x00, 0x00, 0x00,
    0x00, 0x00, 0x00, 0x66, 0x00, 0x00, 0x00, 0x08, 0x00, 0x00, 0x00, 0x05, 0x00, 0x00, 0x00, 0x05,
    0x00, 0x00, 0x00, 0x06, 0x00, 0x00, 0x00, 0x00, 0x00, 0x00, 0x00, 0x00, 0x00, 0x00, 0x00, 0x67,
    0x00, 0x00, 0x00, 0x06, 0x00, 0x00, 0x00, 0x05, 0x00, 0x00, 0x00, 0x05, 0x00, 0x00, 0x00, 0x04,
    0x00, 0x00, 0x00, 0x00, 0x00, 0x00, 0x00, 0x00, 0x00, 0x00, 0x00, 0x68, 0x00, 0x00, 0x00, 0x06,
    0x00, 0x00, 0x00, 0x05, 0x00, 0x00, 0x00, 0x05, 0x00, 0x00, 0x00, 0x06, 0x00, 0x00, 0x00, 0x00,
    0x00, 0x00, 0x00, 0x00, 0x00, 0x00, 0x00, 0x69, 0x00, 0x00, 0x00, 0x07, 0x00, 0x00, 0x00, 0x05,
    0x00, 0x00, 0x00, 0x05, 0x00, 0x00, 0x00, 0x07, 0x00, 0x00, 0x00, 0x00, 0x00, 0x00, 0x00, 0x00,
    0x00, 0x00, 0x00, 0x6A, 0x00, 0x00, 0x00, 0x09, 0x00, 0x00, 0x00, 0x05, 0x00, 0x00, 0x00, 0x05,
    0x00, 0x00, 0x00, 0x07, 0x00, 0x00, 0x00, 0x00, 0x00, 0x00, 0x00, 0x00, 0x00, 0x00, 0x00, 0x6B,
    0x00, 0x00, 0x00, 0x06, 0x00, 0x00, 0x00, 0x05, 0x00, 0x00, 0x00, 0x05, 0x00, 0x00, 0x00, 0x06,
    0x00, 0x00, 0x00, 0x00, 0x00, 0x00, 0x00, 0x00, 0x00, 0x00, 0x00, 0x6C, 0x00, 0x00, 0x00, 0x06,
    0x00, 0x00, 0x00, 0x05, 0x00, 0x00, 0x00, 0x05, 0x00, 0x00, 0x00, 0x06, 0x00, 0x00, 0x00, 0x00,
    0x00, 0x00, 0x00, 0x00, 0x00, 0x00, 0x00, 0x6D, 0x00, 0x00, 0x00, 0x04, 0x00, 0x00, 0x00, 0x05,
    0x00, 0x00, 0x00, 0x05, 0x00, 0x00, 0x00, 0x04, 0x00, 0x00, 0x00, 0x00, 0x00, 0x00, 0x00, 0x00,
    0x00, 0x00, 0x00, 0x6E, 0x00, 0x00, 0x00, 0x04, 0x00, 0x00, 0x00, 0x05, 0x00, 0x00, 0x00, 0x05,
    0x00, 0x00, 0x00, 0x04, 0x00, 0x00, 0x00, 0x00, 0x00, 0x00, 0x00, 0x00, 0x00, 0x00, 0x00, 0x6F,
    0x00, 0x00, 0x00, 0x04, 0x00, 0x00, 0x00, 0x05, 0x00, 0x00, 0x00, 0x05, 0x00, 0x00, 0x00, 0x04,
    0x00, 0x00, 0x00, 0x00, 0x00, 0x00, 0x00, 0x00, 0x00, 0x00, 0x00, 0x70, 0x00, 0x00, 0x00, 0x06,
    0x00, 0x00, 0x00, 0x05, 0x00, 0x00, 0x00, 0x05, 0x00, 0x00, 0x00, 0x04, 0x00, 0x00, 0x00, 0x00,
    0x00, 0x00, 0x00, 0x00, 0x00, 0x00, 0x00, 0x71, 0x00, 0x00, 0x00, 0x06, 0x00, 0x00, 0x00, 0x05,
    0x00, 0x00, 0x00, 0x05, 0x00, 0x00, 0x00, 0x04, 0x00, 0x00, 0x00, 0x00, 0x00, 0x00, 0x00, 0x00,
    0x00, 0x00, 0x00, 0x72, 0x00, 0x00, 0x00, 0x04, 0x00, 0x00, 0x00, 0x05, 0x00, 0x00, 0x00, 0x05,
    0x00, 0x00, 0x00, 0x04, 0x00, 0x00, 0x00, 0x00, 0x00, 0x00, 0x00, 0x00, 0x00, 0x00, 0x00, 0x73,
    0x00, 0x00, 0x00, 0x04, 0x00, 0x00, 0x00, 0x05, 0x00, 0x00, 0x00, 0x05, 0x00, 0x00, 0x00, 0x04,
    0x00, 0x00, 0x00, 0x00, 0x00, 0x00, 0x00, 0x00, 0x00, 0x00, 0x00, 0x74, 0x00, 0x00, 0x00, 0x05,
    0x00, 0x00, 0x00, 0x05, 0x00, 0x00, 0x00, 0x05, 0x00, 0x00, 0x00, 0x05, 0x00, 0x00, 0x00, 0x00,
    0x00, 0x00, 0x00, 0x00, 0x00, 0x00, 0x00, 0x75, 0x00, 0x00, 0x00, 0x04, 0x00, 0x00, 0x00, 0x05,
    0x00, 0x00, 0x00, 0x05, 0x00, 0x00, 0x00, 0x04, 0x00, 0x00, 0x00, 0x00, 0x00, 0x00, 0x00, 0x00,
    0x00, 0x00, 0x00, 0x76, 0x00, 0x00, 0x00, 0x05, 0x00, 0x00, 0x00, 0x05, 0x00, 0x00, 0x00, 0x05,
    0x00, 0x00, 0x00, 0x05, 0x00, 0x00, 0x00, 0x00, 0x00, 0x00, 0x00, 0x00, 0x00, 0x00, 0x00, 0x77,
    0x00, 0x00, 0x00, 0x05, 0x00, 0x00, 0x00, 0x05, 0x00, 0x00, 0x00, 0x05, 0x00, 0x00, 0x00, 0x05,
    0x00, 0x00, 0x00, 0x00, 0x00, 0x00, 0x00, 0x00, 0x00, 0x00, 0x00, 0x78, 0x00, 0x00, 0x00, 0x04,
    0x00, 0x00, 0x00, 0x05, 0x00, 0x00, 0x00, 0x05, 0x00, 0x00, 0x00, 0x04, 0x00, 0x00, 0x00, 0x00,
    0x00, 0x00, 0x00, 0x00, 0x00, 0x00, 0x00, 0x79, 0x00, 0x00, 0x00, 0x06, 0x00, 0x00, 0x00, 0x05,
    0x00, 0x00, 0x00, 0x05, 0x00, 0x00, 0x00, 0x04, 0x00, 0x00, 0x00, 0x00, 0x00, 0x00, 0x00, 0x00,
    0x00, 0x00, 0x00, 0x7A, 0x00, 0x00, 0x00, 0x04, 0x00, 0x00, 0x00, 0x05, 0x00, 0x00, 0x00, 0x05,
    0x00, 0x00, 0x00, 0x04, 0x00, 0x00, 0x00, 0x00, 0x00, 0x00, 0x00, 0x00, 0x00, 0x00, 0x00, 0x7B,
    0x00, 0x00, 0x00, 0x07, 0x00, 0x00, 0x00, 0x05, 0x00, 0x00, 0x00, 0x05, 0x00, 0x00, 0x00, 0x06,
    0x00, 0x00, 0x00, 0x00, 0x00, 0x00, 0x00, 0x00, 0x00, 0x00, 0x00, 0x7C, 0x00, 0x00, 0x00, 0x07,
    0x00, 0x00, 0x00, 0x03, 0x00, 0x00, 0x00, 0x05, 0x00, 0x00, 0x00, 0x06, 0x00, 0x00, 0x00, 0x01,
    0x00, 0x00, 0x00, 0x00, 0x00, 0x00, 0x00, 0x7D, 0x00, 0x00, 0x00, 0x07, 0x00, 0x00, 0x00, 0x05,
    0x00, 0x00, 0x00, 0x05, 0x00, 0x00, 0x00, 0x06, 0x00, 0x00, 0x00, 0x00, 0x00, 0x00, 0x00, 0x00,
    0x00, 0x00, 0x00, 0x7E, 0x00, 0x00, 0x00, 0x02, 0x00, 0x00, 0x00, 0x05, 0x00, 0x00, 0x00, 0x05,
    0x00, 0x00, 0x00, 0x03, 0x00, 0x00, 0x00, 0x00, 0x00, 0x00, 0x00, 0x00, 0x00, 0x00, 0x00, 0xA0,
    0x00, 0x00, 0x00, 0x00, 0x00, 0x00, 0x00, 0x00, 0x00, 0x00, 0x00, 0x05, 0x00, 0x00, 0x00, 0x00,
    0x00, 0x00, 0x00, 0x00, 0x00, 0x00, 0x00, 0x00, 0x00, 0x00, 0x00, 0xA1, 0x00, 0x00, 0x00, 0x06,
    0x00, 0x00, 0x00, 0x03, 0x00, 0x00, 0x00, 0x05, 0x00, 0x00, 0x00, 0x04, 0x00, 0x00, 0x00, 0x01,
    0x00, 0x00, 0x00, 0x00, 0x00, 0x00, 0x00, 0xA2, 0x00, 0x00, 0x00, 0x06, 0x00, 0x00, 0x00, 0x05,
    0x00, 0x00, 0x00, 0x05, 0x00, 0x00, 0x00, 0x05, 0x00, 0x00, 0x00, 0x00, 0x00, 0x00, 0x00, 0x00,
    0x00, 0x00, 0x00, 0xA3, 0x00, 0x00, 0x00, 0x05, 0x00, 0x00, 0x00, 0x05, 0x00, 0x00, 0x00, 0x05,
    0x00, 0x00, 0x00, 0x05, 0x00, 0x00, 0x00, 0x00, 0x00, 0x00, 0x00, 0x00, 0x00, 0x00, 0x00, 0xA4,
    0x00, 0x00, 0x00, 0x06, 0x00, 0x00, 0x00, 0x05, 0x00, 0x00, 0x00, 0x05, 0x00, 0x00, 0x00, 0x06,
    0x00, 0x00, 0x00, 0x00, 0x00, 0x00, 0x00, 0x00, 0x00, 0x00, 0x00, 0xA5, 0x00, 0x00, 0x00, 0x05,
    0x00, 0x00, 0x00, 0x05, 0x00, 0x00, 0x00, 0x05, 0x00, 0x00, 0x00, 0x05, 0x00, 0x00, 0x00, 0x00,
    0x00, 0x00, 0x00, 0x00, 0x00, 0x00, 0x00, 0xA6, 0x00, 0x00, 0x00, 0x07, 0x00, 0x00, 0x00, 0x03,
    0x00, 0x00, 0x00, 0x05, 0x00, 0x00, 0x00, 0x06, 0x00, 0x00, 0x00, 0x01, 0x00, 0x00, 0x00, 0x00,
    0x00, 0x00, 0x00, 0xA7, 0x00, 0x00, 0x00, 0x07, 0x00, 0x00, 0x00, 0x05, 0x00, 0x00, 0x00, 0x05,
    0x00, 0x00, 0x00, 0x05, 0x00, 0x00, 0x00, 0x00, 0x00, 0x00, 0x00, 0x00, 0x00, 0x00, 0x00, 0xA8,
    0x00, 0x00, 0x00, 0x02, 0x00, 0x00, 0x00, 0x04, 0x00, 0x00, 0x00, 0x05, 0x00, 0x00, 0x00, 0x06,
    0x00, 0x00, 0x00, 0x01, 0x00, 0x00, 0x00, 0x00, 0x00, 0x00, 0x00, 0xA9, 0x00, 0x00, 0x00, 0x06,
    0x00, 0x00, 0x00, 0x05, 0x00, 0x00, 0x00, 0x05, 0x00, 0x00, 0x00, 0x06, 0x00, 0x00, 0x00, 0x00,
    0x00, 0x00, 0x00, 0x00, 0x00, 0x00, 0x00, 0xAA, 0x00, 0x00, 0x00, 0x03, 0x00, 0x00, 0x00, 0x04,
    0x00, 0x00, 0x00, 0x05, 0x00, 0x00, 0x00, 0x06, 0x00, 0x00, 0x00, 0x01, 0x00, 0x00, 0x00, 0x00,
    0x00, 0x00, 0x00, 0xAB, 0x00, 0x00, 0x00, 0x04, 0x00, 0x00, 0x00, 0x05, 0x00, 0x00, 0x00, 0x05,
    0x00, 0x00, 0x00, 0x04, 0x00, 0x00, 0x00, 0x00, 0x00, 0x00, 0x00, 0x00, 0x00, 0x00, 0x00, 0xAC,
    0x00, 0x00, 0x00, 0x03, 0x00, 0x00, 0x00, 0x05, 0x00, 0x00, 0x00, 0x05, 0x00, 0x00, 0x00, 0x03,
    0x00, 0x00, 0x00, 0x00, 0x00, 0x00, 0x00, 0x00, 0x00, 0x00, 0x00, 0xAD, 0x00, 0x00, 0x00, 0x02,
    0x00, 0x00, 0x00, 0x03, 0x00, 0x00, 0x00, 0x05, 0x00, 0x00, 0x00, 0x03, 0x00, 0x00, 0x00, 0x01,
    0x00, 0x00, 0x00, 0x00, 0x00, 0x00, 0x00, 0xAE, 0x00, 0x00, 0x00, 0x03, 0x00, 0x00, 0x00, 0x04,
    0x00, 0x00, 0x00, 0x05, 0x00, 0x00, 0x00, 0x05, 0x00, 0x00, 0x00, 0x01, 0x00, 0x00, 0x00, 0x00,
    0x00, 0x00, 0x00, 0xAF, 0x00, 0x00, 0x00, 0x01, 0x00, 0x00, 0x00, 0x03, 0x00, 0x00, 0x00, 0x05,
    0x00, 0x00, 0x00, 0x06, 0x00, 0x00, 0x00, 0x01, 0x00, 0x00, 0x00, 0x00, 0x00, 0x00, 0x00, 0xB0,
    0x00, 0x00, 0x00, 0x03, 0x00, 0x00, 0x00, 0x04, 0x00, 0x00, 0x00, 0x05, 0x00, 0x00, 0x00, 0x05,
    0x00, 0x00, 0x00, 0x01, 0x00, 0x00, 0x00, 0x00, 0x00, 0x00, 0x00, 0xB1, 0x00, 0x00, 0x00, 0x05,
    0x00, 0x00, 0x00, 0x05, 0x00, 0x00, 0x00, 0x05, 0x00, 0x00, 0x00, 0x05, 0x00, 0x00, 0x00, 0x00,
    0x00, 0x00, 0x00, 0x00, 0x00, 0x00, 0x00, 0xB2, 0x00, 0x00, 0x00, 0x03, 0x00, 0x00, 0x00, 0x03,
    0x00, 0x00, 0x00, 0x05, 0x00, 0x00, 0x00, 0x06, 0x00, 0x00, 0x00, 0x01, 0x00, 0x00, 0x00, 0x00,
    0x00, 0x00, 0x00, 0xB3, 0x00, 0x00, 0x00, 0x03, 0x00, 0x00, 0x00, 0x03, 0x00, 0x00, 0x00, 0x05,
    0x00, 0x00, 0x00, 0x06, 0x00, 0x00, 0x00, 0x01, 0x00, 0x00, 0x00, 0x00, 0x00, 0x00, 0x00, 0xB4,
    0x00, 0x00, 0x00, 0x03, 0x00, 0x00, 0x00, 0x03, 0x00, 0x00, 0x00, 0x05, 0x00, 0x00, 0x00, 0x07,
    0x00, 0x00, 0x00, 0x01, 0x00, 0x00, 0x00, 0x00, 0x00, 0x00, 0x00, 0xB5, 0x00, 0x00, 0x00, 0x06,
    0x00, 0x00, 0x00, 0x05, 0x00, 0x00, 0x00, 0x05, 0x00, 0x00, 0x00, 0x04, 0x00, 0x00, 0x00, 0x00,
    0x00, 0x00, 0x00, 0x00, 0x00, 0x00, 0x00, 0xB6, 0x00, 0x00, 0x00, 0x07, 0x00, 0x00, 0x00, 0x05,
    0x00, 0x00, 0x00, 0x05, 0x00, 0x00, 0x00, 0x05, 0x00, 0x00, 0x00, 0x00, 0x00, 0x00, 0x00, 0x00,
    0x00, 0x00, 0x00, 0xB7, 0x00, 0x00, 0x00, 0x02, 0x00, 0x00, 0x00, 0x03, 0x00, 0x00, 0x00, 0x05,
    0x00, 0x00, 0x00, 0x04, 0x00, 0x00, 0x00, 0x01, 0x00, 0x00, 0x00, 0x00, 0x00, 0x00, 0x00, 0xB8,
    0x00, 0x00, 0x00, 0x03, 0x00, 0x00, 0x00, 0x03, 0x00, 0x00, 0x00, 0x05, 0x00, 0x00, 0x00, 0x01,
    0x00, 0x00, 0x00, 0x01, 0x00, 0x00, 0x00, 0x00, 0x00, 0x00, 0x00, 0xB9, 0x00, 0x00, 0x00, 0x03,
    0x00, 0x00, 0x00, 0x03, 0x00, 0x00, 0x00, 0x05, 0x00, 0x00, 0x00, 0x06, 0x00, 0x00, 0x00, 0x01,
    0x00, 0x00, 0x00, 0x00, 0x00, 0x00, 0x00, 0xBA, 0x00, 0x00, 0x00, 0x03, 0x00, 0x00, 0x00, 0x04,
    0x00, 0x00, 0x00, 0x05, 0x00, 0x00, 0x00, 0x06, 0x00, 0x00, 0x00, 0x01, 0x00, 0x00, 0x00, 0x00,
    0x00, 0x00, 0x00, 0xBB, 0x00, 0x00, 0x00, 0x04, 0x00, 0x00, 0x00, 0x05, 0x00, 0x00, 0x00, 0x05,
    0x00, 0x00, 0x00, 0x04, 0x00, 0x00, 0x00, 0x00, 0x00, 0x00, 0x00, 0x00, 0x00, 0x00, 0x00, 0xBC,
    0x00, 0x00, 0x00, 0x07, 0x00, 0x00, 0x00, 0x05, 0x00, 0x00, 0x00, 0x05, 0x00, 0x00, 0x00, 0x06,
    0x00, 0x00, 0x00, 0x00, 0x00, 0x00, 0x00, 0x00, 0x00, 0x00, 0x00, 0xBD, 0x00, 0x00, 0x00, 0x06,
    0x00, 0x00, 0x00, 0x05, 0x00, 0x00, 0x00, 0x05, 0x00, 0x00, 0x00, 0x06, 0x00, 0x00, 0x00, 0x00,
    0x00, 0x00, 0x00, 0x00, 0x00, 0x00, 0x00, 0xBE, 0x00, 0x00, 0x00, 0x06, 0x00, 0x00, 0x00, 0x05,
    0x00, 0x00, 0x00, 0x05, 0x00, 0x00, 0x00, 0x05, 0x00, 0x00, 0x00, 0x00, 0x00, 0x00, 0x00, 0x00,
    0x00, 0x00, 0x00, 0xBF, 0x00, 0x00, 0x00, 0x07, 0x00, 0x00, 0x00, 0x04, 0x00, 0x00, 0x00, 0x05,
    0x00, 0x00, 0x00, 0x05, 0x00, 0x00, 0x00, 0x00, 0x00, 0x00, 0x00, 0x00, 0x00, 0x00, 0x00, 0xC0,
    0x00, 0x00, 0x00, 0x08, 0x00, 0x00, 0x00, 0x05, 0x00, 0x00, 0x00, 0x05, 0x00, 0x00, 0x00, 0x08,
    0x00, 0x00, 0x00, 0x00, 0x00, 0x00, 0x00, 0x00, 0x00, 0x00, 0x00, 0xC1, 0x00, 0x00, 0x00, 0x08,
    0x00, 0x00, 0x00, 0x05, 0x00, 0x00, 0x00, 0x05, 0x00, 0x00, 0x00, 0x08, 0x00, 0x00, 0x00, 0x00,
    0x00, 0x00, 0x00, 0x00, 0x00, 0x00, 0x00, 0xC2, 0x00, 0x00, 0x00, 0x09, 0x00, 0x00, 0x00, 0x05,
    0x00, 0x00, 0x00, 0x05, 0x00, 0x00, 0x00, 0x09, 0x00, 0x00, 0x00, 0x00, 0x00, 0x00, 0x00, 0x00,
    0x00, 0x00, 0x00, 0xC3, 0x00, 0x00, 0x00, 0x08, 0x00, 0x00, 0x00, 0x05, 0x00, 0x00, 0x00, 0x05,
    0x00, 0x00, 0x00, 0x08, 0x00, 0x00, 0x00, 0x00, 0x00, 0x00, 0x00, 0x00, 0x00, 0x00, 0x00, 0xC4,
    0x00, 0x00, 0x00, 0x08, 0x00, 0x00, 0x00, 0x05, 0x00, 0x00, 0x00, 0x05, 0x00, 0x00, 0x00, 0x08,
    0x00, 0x00, 0x00, 0x00, 0x00, 0x00, 0x00, 0x00, 0x00, 0x00, 0x00, 0xC5, 0x00, 0x00, 0x00, 0x09,
    0x00, 0x00, 0x00, 0x05, 0x00, 0x00, 0x00, 0x05, 0x00, 0x00, 0x00, 0x09, 0x00, 0x00, 0x00, 0x00,
    0x00, 0x00, 0x00, 0x00, 0x00, 0x00, 0x00, 0xC6, 0x00, 0x00, 0x00, 0x05, 0x00, 0x00, 0x00, 0x05,
    0x00, 0x00, 0x00, 0x05, 0x00, 0x00, 0x00, 0x05, 0x00, 0x00, 0x00, 0x00, 0x00, 0x00, 0x00, 0x00,
    0x00, 0x00, 0x00, 0xC7, 0x00, 0x00, 0x00, 0x07, 0x00, 0x00, 0x00, 0x05, 0x00, 0x00, 0x00, 0x05,
    0x00, 0x00, 0x00, 0x05, 0x00, 0x00, 0x00, 0x00, 0x00, 0x00, 0x00, 0x00, 0x00, 0x00, 0x00, 0xC8,
    0x00, 0x00, 0x00, 0x08, 0x00, 0x00, 0x00, 0x05, 0x00, 0x00, 0x00, 0x05, 0x00, 0x00, 0x00, 0x08,
    0x00, 0x00, 0x00, 0x00, 0x00, 0x00, 0x00, 0x00, 0x00, 0x00, 0x00, 0xC9, 0x00, 0x00, 0x00, 0x08,
    0x00, 0x00, 0x00, 0x05, 0x00, 0x00, 0x00, 0x05, 0x00, 0x00, 0x00, 0x08, 0x00, 0x00, 0x00, 0x00,
    0x00, 0x00, 0x00, 0x00, 0x00, 0x00, 0x00, 0xCA, 0x00, 0x00, 0x00, 0x09, 0x00, 0x00, 0x00, 0x05,
    0x00, 0x00, 0x00, 0x05, 0x00, 0x00, 0x00, 0x09, 0x00, 0x00, 0x00, 0x00, 0x00, 0x00, 0x00, 0x00,
    0x00, 0x00, 0x00, 0xCB, 0x00, 0x00, 0x00, 0x08, 0x00, 0x00, 0x00, 0x05, 0x00, 0x00, 0x00, 0x05,
    0x00, 0x00, 0x00, 0x08, 0x00, 0x00, 0x00, 0x00, 0x00, 0x00, 0x00, 0x00, 0x00, 0x00, 0x00, 0xCC,
    0x00, 0x00, 0x00, 0x08, 0x00, 0x00, 0x00, 0x05, 0x00, 0x00, 0x00, 0x05, 0x00, 0x00, 0x00, 0x08,
    0x00, 0x00, 0x00, 0x00, 0x00, 0x00, 0x00, 0x00, 0x00, 0x00, 0x00, 0xCD, 0x00, 0x00, 0x00, 0x08,
    0x00, 0x00, 0x00, 0x05, 0x00, 0x00, 0x00, 0x05, 0x00, 0x00, 0x00, 0x08, 0x00, 0x00, 0x00, 0x00,
    0x00, 0x00, 0x00, 0x00, 0x00, 0x00, 0x00, 0xCE, 0x00, 0x00, 0x00, 0x09, 0x00, 0x00, 0x00, 0x05,
    0x00, 0x00, 0x00, 0x05, 0x00, 0x00, 0x00, 0x09, 0x00, 0x00, 0x00, 0x00, 0x00, 0x00, 0x00, 0x00,
    0x00, 0x00, 0x00, 0xCF, 0x00, 0x00, 0x00, 0x08, 0x00, 0x00, 0x00, 0x05, 0x00, 0x00, 0x00, 0x05,
    0x00, 0x00, 0x00, 0x08, 0x00, 0x00, 0x00, 0x00, 0x00, 0x00, 0x00, 0x00, 0x00, 0x00, 0x00, 0xD0,
    0x00, 0x00, 0x00, 0x05, 0x00, 0x00, 0x00, 0x05, 0x00, 0x00, 0x00, 0x05, 0x00, 0x00, 0x00, 0x05,
    0x00, 0x00, 0x00, 0x00, 0x00, 0x00, 0x00, 0x00, 0x00, 0x00, 0x00, 0xD1, 0x00, 0x00, 0x00, 0x08,
    0x00, 0x00, 0x00, 0x05, 0x00, 0x00, 0x00, 0x05, 0x00, 0x00, 0x00, 0x08, 0x00, 0x00, 0x00, 0x00,
    0x00, 0x00, 0x00, 0x00, 0x00, 0x00, 0x00, 0xD2, 0x00, 0x00, 0x00, 0x08, 0x00, 0x00, 0x00, 0x05,
    0x00, 0x00, 0x00, 0x05, 0x00, 0x00, 0x00, 0x08, 0x00, 0x00, 0x00, 0x00, 0x00, 0x00, 0x00, 0x00,
    0x00, 0x00, 0x00, 0xD3, 0x00, 0x00, 0x00, 0x08, 0x00, 0x00, 0x00, 0x05, 0x00, 0x00, 0x00, 0x05,
    0x00, 0x00, 0x00, 0x08, 0x00, 0x00, 0x00, 0x00, 0x00, 0x00, 0x00, 0x00, 0x00, 0x00, 0x00, 0xD4,
    0x00, 0x00, 0x00, 0x09, 0x00, 0x00, 0x00, 0x05, 0x00, 0x00, 0x00, 0x05, 0x00, 0x00, 0x00, 0x09,
    0x00, 0x00, 0x00, 0x00, 0x00, 0x00, 0x00, 0x00, 0x00, 0x00, 0x00, 0xD5, 0x00, 0x00, 0x00, 0x08,
    0x00, 0x00, 0x00, 0x05, 0x00, 0x00, 0x00, 0x05, 0x00, 0x00, 0x00, 0x08, 0x00, 0x00, 0x00, 0x00,
    0x00, 0x00, 0x00, 0x00, 0x00, 0x00, 0x00, 0xD6, 0x00, 0x00, 0x00, 0x08, 0x00, 0x00, 0x00, 0x05,
    0x00, 0x00, 0x00, 0x05, 0x00, 0x00, 0x00, 0x08, 0x00, 0x00, 0x00, 0x00, 0x00, 0x00, 0x00, 0x00,
    0x00, 0x00, 0x00, 0xD7, 0x00, 0x00, 0x00, 0x05, 0x00, 0x00, 0x00, 0x05, 0x00, 0x00, 0x00, 0x05,
    0x00, 0x00, 0x00, 0x05, 0x00, 0x00, 0x00, 0x00, 0x00, 0x00, 0x00, 0x00, 0x00, 0x00, 0x00, 0xD8,
    0x00, 0x00, 0x00, 0x07, 0x00, 0x00, 0x00, 0x05, 0x00, 0x00, 0x00, 0x05, 0x00, 0x00, 0x00, 0x06,
    0x00, 0x00, 0x00, 0x00, 0x00, 0x00, 0x00, 0x00, 0x00, 0x00, 0x00, 0xD9, 0x00, 0x00, 0x00, 0x08,
    0x00, 0x00, 0x00, 0x05, 0x00, 0x00, 0x00, 0x05, 0x00, 0x00, 0x00, 0x08, 0x00, 0x00, 0x00, 0x00,
    0x00, 0x00, 0x00, 0x00, 0x00, 0x00, 0x00, 0xDA, 0x00, 0x00, 0x00, 0x08, 0x00, 0x00, 0x00, 0x05,
    0x00, 0x00, 0x00, 0x05, 0x00, 0x00, 0x00, 0x08, 0x00, 0x00, 0x00, 0x00, 0x00, 0x00, 0x00, 0x00,
    0x00, 0x00, 0x00, 0xDB, 0x00, 0x00, 0x00, 0x09, 0x00, 0x00, 0x00, 0x05, 0x00, 0x00, 0x00, 0x05,
    0x00, 0x00, 0x00, 0x09, 0x00, 0x00, 0x00, 0x00, 0x00, 0x00, 0x00, 0x00, 0x00, 0x00, 0x00, 0xDC,
    0x00, 0x00, 0x00, 0x08, 0x00, 0x00, 0x00, 0x05, 0x00, 0x00, 0x00, 0x05, 0x00, 0x00, 0x00, 0x08,
    0x00, 0x00, 0x00, 0x00, 0x00, 0x00, 0x00, 0x00, 0x00, 0x00, 0x00, 0xDD, 0x00, 0x00, 0x00, 0x08,
    0x00, 0x00, 0x00, 0x05, 0x00, 0x00, 0x00, 0x05, 0x00, 0x00, 0x00, 0x08, 0x00, 0x00, 0x00, 0x00,
    0x00, 0x00, 0x00, 0x00, 0x00, 0x00, 0x00, 0xDE, 0x00, 0x00, 0x00, 0x05, 0x00, 0x00, 0x00, 0x05,
    0x00, 0x00, 0x00, 0x05, 0x00, 0x00, 0x00, 0x05, 0x00, 0x00, 0x00, 0x00, 0x00, 0x00, 0x00, 0x00,
    0x00, 0x00, 0x00, 0xDF, 0x00, 0x00, 0x00, 0x08, 0x00, 0x00, 0x00, 0x05, 0x00, 0x00, 0x00, 0x05,
    0x00, 0x00, 0x00, 0x06, 0x00, 0x00, 0x00, 0x00, 0x00, 0x00, 0x00, 0x00, 0x00, 0x00, 0x00, 0xE0,
    0x00, 0x00, 0x00, 0x07, 0x00, 0x00, 0x00, 0x05, 0x00, 0x00, 0x00, 0x05, 0x00, 0x00, 0x00, 0x07,
    0x00, 0x00, 0x00, 0x00, 0x00, 0x00, 0x00, 0x00, 0x00, 0x00, 0x00, 0xE1, 0x00, 0x00, 0x00, 0x07,
    0x00, 0x00, 0x00, 0x05, 0x00, 0x00, 0x00, 0x05, 0x00, 0x00, 0x00, 0x07, 0x00, 0x00, 0x00, 0x00,
    0x00, 0x00, 0x00, 0x00, 0x00, 0x00, 0x00, 0xE2, 0x00, 0x00, 0x00, 0x07, 0x00, 0x00, 0x00, 0x05,
    0x00, 0x00, 0x00, 0x05, 0x00, 0x00, 0x00, 0x07, 0x00, 0x00, 0x00, 0x00, 0x00, 0x00, 0x00, 0x00,
    0x00, 0x00, 0x00, 0xE3, 0x00, 0x00, 0x00, 0x07, 0x00, 0x00, 0x00, 0x05, 0x00, 0x00, 0x00, 0x05,
    0x00, 0x00, 0x00, 0x07, 0x00, 0x00, 0x00, 0x00, 0x00, 0x00, 0x00, 0x00, 0x00, 0x00, 0x00, 0xE4,
    0x00, 0x00, 0x00, 0x07, 0x00, 0x00, 0x00, 0x05, 0x00, 0x00, 0x00, 0x05, 0x00, 0x00, 0x00, 0x07,
    0x00, 0x00, 0x00, 0x00, 0x00, 0x00, 0x00, 0x00, 0x00, 0x00, 0x00, 0xE5, 0x00, 0x00, 0x00, 0x08,
    0x00, 0x00, 0x00, 0x05, 0x00, 0x00, 0x00, 0x05, 0x00, 0x00, 0x00, 0x08, 0x00, 0x00, 0x00, 0x00,
    0x00, 0x00, 0x00, 0x00, 0x00, 0x00, 0x00, 0xE6, 0x00, 0x00, 0x00, 0x04, 0x00, 0x00, 0x00, 0x05,
    0x00, 0x00, 0x00, 0x05, 0x00, 0x00, 0x00, 0x04, 0x00, 0x00, 0x00, 0x00, 0x00, 0x00, 0x00, 0x00,
    0x00, 0x00, 0x00, 0xE7, 0x00, 0x00, 0x00, 0x06, 0x00, 0x00, 0x00, 0x05, 0x00, 0x00, 0x00, 0x05,
    0x00, 0x00, 0x00, 0x04, 0x00, 0x00, 0x00, 0x00, 0x00, 0x00, 0x00, 0x00, 0x00, 0x00, 0x00, 0xE8,
    0x00, 0x00, 0x00, 0x07, 0x00, 0x00, 0x00, 0x05, 0x00, 0x00, 0x00, 0x05, 0x00, 0x00, 0x00, 0x07,
    0x00, 0x00, 0x00, 0x00, 0x00, 0x00, 0x00, 0x00, 0x00, 0x00, 0x00, 0xE9, 0x00, 0x00, 0x00, 0x07,
    0x00, 0x00, 0x00, 0x05, 0x00, 0x00, 0x00, 0x05, 0x00, 0x00, 0x00, 0x07, 0x00, 0x00, 0x00, 0x00,
    0x00, 0x00, 0x00, 0x00, 0x00, 0x00, 0x00, 0xEA, 0x00, 0x00, 0x00, 0x07, 0x00, 0x00, 0x00, 0x05,
    0x00, 0x00, 0x00, 0x05, 0x00, 0x00, 0x00, 0x07, 0x00, 0x00, 0x00, 0x00, 0x00, 0x00, 0x00, 0x00,
    0x00, 0x00, 0x00, 0xEB, 0x00, 0x00, 0x00, 0x07, 0x00, 0x00, 0x00, 0x05, 0x00, 0x00, 0x00, 0x05,
    0x00, 0x00, 0x00, 0x07, 0x00, 0x00, 0x00, 0x00, 0x00, 0x00, 0x00, 0x00, 0x00, 0x00, 0x00, 0xEC,
    0x00, 0x00, 0x00, 0x07, 0x00, 0x00, 0x00, 0x05, 0x00, 0x00, 0x00, 0x05, 0x00, 0x00, 0x00, 0x07,
    0x00, 0x00, 0x00, 0x00, 0x00, 0x00, 0x00, 0x00, 0x00, 0x00, 0x00, 0xED, 0x00, 0x00, 0x00, 0x07,
    0x00, 0x00, 0x00, 0x05, 0x00, 0x00, 0x00, 0x05, 0x00, 0x00, 0x00, 0x07, 0x00, 0x00, 0x00, 0x00,
    0x00, 0x00, 0x00, 0x00, 0x00, 0x00, 0x00, 0xEE, 0x00, 0x00, 0x00, 0x07, 0x00, 0x00, 0x00, 0x05,
    0x00, 0x00, 0x00, 0x05, 0x00, 0x00, 0x00, 0x07, 0x00, 0x00, 0x00, 0x00, 0x00, 0x00, 0x00, 0x00,
    0x00, 0x00, 0x00, 0xEF, 0x00, 0x00, 0x00, 0x07, 0x00, 0x00, 0x00, 0x05, 0x00, 0x00, 0x00, 0x05,
    0x00, 0x00, 0x00, 0x07, 0x00, 0x00, 0x00, 0x00, 0x00, 0x00, 0x00, 0x00, 0x00, 0x00, 0x00, 0xF0,
    0x00, 0x00, 0x00, 0x07, 0x00, 0x00, 0x00, 0x05, 0x00, 0x00, 0x00, 0x05, 0x00, 0x00, 0x00, 0x07,
    0x00, 0x00, 0x00, 0x00, 0x00, 0x00, 0x00, 0x00, 0x00, 0x00, 0x00, 0xF1, 0x00, 0x00, 0x00, 0x07,
    0x00, 0x00, 0x00, 0x05, 0x00, 0x00, 0x00, 0x05, 0x00, 0x00, 0x00, 0x07, 0x00, 0x00, 0x00, 0x00,
    0x00, 0x00, 0x00, 0x00, 0x00, 0x00, 0x00, 0xF2, 0x00, 0x00, 0x00, 0x07, 0x00, 0x00, 0x00, 0x05,
    0x00, 0x00, 0x00, 0x05, 0x00, 0x00, 0x00, 0x07, 0x00, 0x00, 0x00, 0x00, 0x00, 0x00, 0x00, 0x00,
    0x00, 0x00, 0x00, 0xF3, 0x00, 0x00, 0x00, 0x07, 0x00, 0x00, 0x00, 0x05, 0x00, 0x00, 0x00, 0x05,
    0x00, 0x00, 0x00, 0x07, 0x00, 0x00, 0x00, 0x00, 0x00, 0x00, 0x00, 0x00, 0x00, 0x00, 0x00, 0xF4,
    0x00, 0x00, 0x00, 0x07, 0x00, 0x00, 0x00, 0x05, 0x00, 0x00, 0x00, 0x05, 0x00, 0x00, 0x00, 0x07,
    0x00, 0x00, 0x00, 0x00, 0x00, 0x00, 0x00, 0x00, 0x00, 0x00, 0x00, 0xF5, 0x00, 0x00, 0x00, 0x07,
    0x00, 0x00, 0x00, 0x05, 0x00, 0x00, 0x00, 0x05, 0x00, 0x00, 0x00, 0x07, 0x00, 0x00, 0x00, 0x00,
    0x00, 0x00, 0x00, 0x00, 0x00, 0x00, 0x00, 0xF6, 0x00, 0x00, 0x00, 0x07, 0x00, 0x00, 0x00, 0x05,
    0x00, 0x00, 0x00, 0x05, 0x00, 0x00, 0x00, 0x07, 0x00, 0x00, 0x00, 0x00, 0x00, 0x00, 0x00, 0x00,
    0x00, 0x00, 0x00, 0xF7, 0x00, 0x00, 0x00, 0x06, 0x00, 0x00, 0x00, 0x05, 0x00, 0x00, 0x00, 0x05,
    0x00, 0x00, 0x00, 0x05, 0x00, 0x00, 0x00, 0x00, 0x00, 0x00, 0x00, 0x00, 0x00, 0x00, 0x00, 0xF8,
    0x00, 0x00, 0x00, 0x06, 0x00, 0x00, 0x00, 0x05, 0x00, 0x00, 0x00, 0x05, 0x00, 0x00, 0x00, 0x05,
    0x00, 0x00, 0x00, 0x00, 0x00, 0x00, 0x00, 0x00, 0x00, 0x00, 0x00, 0xF9, 0x00, 0x00, 0x00, 0x07,
    0x00, 0x00, 0x00, 0x05, 0x00, 0x00, 0x00, 0x05, 0x00, 0x00, 0x00, 0x07, 0x00, 0x00, 0x00, 0x00,
    0x00, 0x00, 0x00, 0x00, 0x00, 0x00, 0x00, 0xFA, 0x00, 0x00, 0x00, 0x07, 0x00, 0x00, 0x00, 0x05,
    0x00, 0x00, 0x00, 0x05, 0x00, 0x00, 0x00, 0x07, 0x00, 0x00, 0x00, 0x00, 0x00, 0x00, 0x00, 0x00,
    0x00, 0x00, 0x00, 0xFB, 0x00, 0x00, 0x00, 0x07, 0x00, 0x00, 0x00, 0x05, 0x00, 0x00, 0x00, 0x05,
    0x00, 0x00, 0x00, 0x07, 0x00, 0x00, 0x00, 0x00, 0x00, 0x00, 0x00, 0x00, 0x00, 0x00, 0x00, 0xFC,
    0x00, 0x00, 0x00, 0x07, 0x00, 0x00, 0x00, 0x05, 0x00, 0x00, 0x00, 0x05, 0x00, 0x00, 0x00, 0x07,
    0x00, 0x00, 0x00, 0x00, 0x00, 0x00, 0x00, 0x00, 0x00, 0x00, 0x00, 0xFD, 0x00, 0x00, 0x00, 0x09,
    0x00, 0x00, 0x00, 0x05, 0x00, 0x00, 0x00, 0x05, 0x00, 0x00, 0x00, 0x07, 0x00, 0x00, 0x00, 0x00,
    0x00, 0x00, 0x00, 0x00, 0x00, 0x00, 0x00, 0xFE, 0x00, 0x00, 0x00, 0x08, 0x00, 0x00, 0x00, 0x05,
    0x00, 0x00, 0x00, 0x05, 0x00, 0x00, 0x00, 0x06, 0x00, 0x00, 0x00, 0x00, 0x00, 0x00, 0x00, 0x00,
    0x00, 0x00, 0x00, 0xFF, 0x00, 0x00, 0x00, 0x09, 0x00, 0x00, 0x00, 0x05, 0x00, 0x00, 0x00, 0x05,
    0x00, 0x00, 0x00, 0x07, 0x00, 0x00, 0x00, 0x00, 0x00, 0x00, 0x00, 0x00, 0x00, 0x00, 0x20, 0x13,
    0x00, 0x00, 0x00, 0x01, 0x00, 0x00, 0x00, 0x05, 0x00, 0x00, 0x00, 0x05, 0x00, 0x00, 0x00, 0x03,
    0x00, 0x00, 0x00, 0x00, 0x00, 0x00, 0x00, 0x00, 0x00, 0x00, 0x20, 0x14, 0x00, 0x00, 0x00, 0x01,
    0x00, 0x00, 0x00, 0x05, 0x00, 0x00, 0x00, 0x05, 0x00, 0x00, 0x00, 0x03, 0x00, 0x00, 0x00, 0x00,
    0x00, 0x00, 0x00, 0x00, 0x00, 0x00, 0x20, 0x18, 0x00, 0x00, 0x00, 0x03, 0x00, 0x00, 0x00, 0x03,
    0x00, 0x00, 0x00, 0x05, 0x00, 0x00, 0x00, 0x06, 0x00, 0x00, 0x00, 0x01, 0x00, 0x00, 0x00, 0x00,
    0x00, 0x00, 0x20, 0x19, 0x00, 0x00, 0x00, 0x03, 0x00, 0x00, 0x00, 0x04, 0x00, 0x00, 0x00, 0x05,
    0x00, 0x00, 0x00, 0x06, 0x00, 0x00, 0x00, 0x01, 0x00, 0x00, 0x00, 0x00, 0x00, 0x00, 0x20, 0x1C,
    0x00, 0x00, 0x00, 0x03, 0x00, 0x00, 0x00, 0x05, 0x00, 0x00, 0x00, 0x05, 0x00, 0x00, 0x00, 0x06,
    0x00, 0x00, 0x00, 0x00, 0x00, 0x00, 0x00, 0x00, 0x00, 0x00, 0x20, 0x1D, 0x00, 0x00, 0x00, 0x03,
    0x00, 0x00, 0x00, 0x05, 0x00, 0x00, 0x00, 0x05, 0x00, 0x00, 0x00, 0x06, 0x00, 0x00, 0x00, 0x00,
    0x00, 0x00, 0x00, 0x00, 0x00, 0x00, 0x20, 0x26, 0x00, 0x00, 0x00, 0x02, 0x00, 0x00, 0x00, 0x05,
    0x00, 0x00, 0x00, 0x05, 0x00, 0x00, 0x00, 0x02, 0x00, 0x00, 0x00, 0x00, 0x00, 0x00, 0x00, 0x00,
    0x00, 0x00, 0x20, 0xAC, 0x00, 0x00, 0x00, 0x05, 0x00, 0x00, 0x00, 0x05, 0x00, 0x00, 0x00, 0x05,
    0x00, 0x00, 0x00, 0x05, 0x00, 0x00, 0x00, 0x00, 0x00, 0x00, 0x00, 0x00, 0x00, 0x00, 0x21, 0x90,
    0x00, 0x00, 0x00, 0x05, 0x00, 0x00, 0x00, 0x05, 0x00, 0x00, 0x00, 0x05, 0x00, 0x00, 0x00, 0x05,
    0x00, 0x00, 0x00, 0x00, 0x00, 0x00, 0x00, 0x00, 0x00, 0x00, 0x21, 0x91, 0x00, 0x00, 0x00, 0x06,
    0x00, 0x00, 0x00, 0x05, 0x00, 0x00, 0x00, 0x05, 0x00, 0x00, 0x00, 0x06, 0x00, 0x00, 0x00, 0x00,
    0x00, 0x00, 0x00, 0x00, 0x00, 0x00, 0x21, 0x92, 0x00, 0x00, 0x00, 0x05, 0x00, 0x00, 0x00, 0x05,
    0x00, 0x00, 0x00, 0x05, 0x00, 0x00, 0x00, 0x05, 0x00, 0x00, 0x00, 0x00, 0x00, 0x00, 0x00, 0x00,
    0x00, 0x00, 0x21, 0x93, 0x00, 0x00, 0x00, 0x07, 0x00, 0x00, 0x00, 0x05, 0x00, 0x00, 0x00, 0x05,
    0x00, 0x00, 0x00, 0x06, 0x00, 0x00, 0x00, 0x00, 0x00, 0x00, 0x00, 0x00, 0x00, 0x00, 0x21, 0x94,
    0x00, 0x00, 0x00, 0x05, 0x00, 0x00, 0x00, 0x05, 0x00, 0x00, 0x00, 0x05, 0x00, 0x00, 0x00, 0x05,
    0x00, 0x00, 0x00, 0x00, 0x00, 0x00, 0x00, 0x00, 0x00, 0x00, 0x21, 0x95, 0x00, 0x00, 0x00, 0x07,
    0x00, 0x00, 0x00, 0x05, 0x00, 0x00, 0x00, 0x05, 0x00, 0x00, 0x00, 0x06, 0x00, 0x00, 0x00, 0x00,
    0x00, 0x00, 0x00, 0x00, 0x00, 0x00, 0x21, 0xE9, 0x00, 0x00, 0x00, 0x05, 0x00, 0x00, 0x00, 0x04,
    0x00, 0x00, 0x00, 0x05, 0x00, 0x00, 0x00, 0x05, 0x00, 0x00, 0x00, 0x00, 0x00, 0x00, 0x00, 0x00,
    0x00, 0x00, 0x22, 0x60, 0x00, 0x00, 0x00, 0x05, 0x00, 0x00, 0x00, 0x05, 0x00, 0x00, 0x00, 0x05,
    0x00, 0x00, 0x00, 0x05, 0x00, 0x00, 0x00, 0x00, 0x00, 0x00, 0x00, 0x00, 0x00, 0x00, 0x22, 0x61,
    0x00, 0x00, 0x00, 0x05, 0x00, 0x00, 0x00, 0x05, 0x00, 0x00, 0x00, 0x05, 0x00, 0x00, 0x00, 0x05,
    0x00, 0x00, 0x00, 0x00, 0x00, 0x00, 0x00, 0x00, 0x00, 0x00, 0x22, 0x64, 0x00, 0x00, 0x00, 0x05,
    0x00, 0x00, 0x00, 0x05, 0x00, 0x00, 0x00, 0x05, 0x00, 0x00, 0x00, 0x05, 0x00, 0x00, 0x00, 0x00,
    0x00, 0x00, 0x00, 0x00, 0x00, 0x00, 0x22, 0x65, 0x00, 0x00, 0x00, 0x05, 0x00, 0x00, 0x00, 0x05,
    0x00, 0x00, 0x00, 0x05, 0x00, 0x00, 0x00, 0x05, 0x00, 0x00, 0x00, 0x00, 0x00, 0x00, 0x00, 0x00,
    0x00, 0x00, 0x23, 0x15, 0x00, 0x00, 0x00, 0x05, 0x00, 0x00, 0x00, 0x04, 0x00, 0x00, 0x00, 0x05,
    0x00, 0x00, 0x00, 0x05, 0x00, 0x00, 0x00, 0x00, 0x00, 0x00, 0x00, 0x00, 0x00, 0x00, 0x23, 0xCE,
    0x00, 0x00, 0x00, 0x05, 0x00, 0x00, 0x00, 0x05, 0x00, 0x00, 0x00, 0x05, 0x00, 0x00, 0x00, 0x05,
    0x00, 0x00, 0x00, 0x00, 0x00, 0x00, 0x00, 0x00, 0x00, 0x00, 0x25, 0x00, 0x00, 0x00, 0x00, 0x01,
    0x00, 0x00, 0x00, 0x05, 0x00, 0x00, 0x00, 0x05, 0x00, 0x00, 0x00, 0x03, 0x00, 0x00, 0x00, 0x00,
    0x00, 0x00, 0x00, 0x00, 0x00, 0x00, 0x25, 0x01, 0x00, 0x00, 0x00, 0x02, 0x00, 0x00, 0x00, 0x05,
    0x00, 0x00, 0x00, 0x05, 0x00, 0x00, 0x00, 0x03, 0x00, 0x00, 0x00, 0x00, 0x00, 0x00, 0x00, 0x00,
    0x00, 0x00, 0x25, 0x02, 0x00, 0x00, 0x00, 0x0B, 0x00, 0x00, 0x00, 0x01, 0x00, 0x00, 0x00, 0x05,
    0x00, 0x00, 0x00, 0x08, 0x00, 0x00, 0x00, 0x02, 0x00, 0x00, 0x00, 0x00, 0x00, 0x00, 0x25, 0x03,
    0x00, 0x00, 0x00, 0x0B, 0x00, 0x00, 0x00, 0x02, 0x00, 0x00, 0x00, 0x05, 0x00, 0x00, 0x00, 0x08,
    0x00, 0x00, 0x00, 0x01, 0x00, 0x00, 0x00, 0x00, 0x00, 0x00, 0x25, 0x04, 0x00, 0x00, 0x00, 0x01,
    0x00, 0x00, 0x00, 0x05, 0x00, 0x00, 0x00, 0x05, 0x00, 0x00, 0x00, 0x03, 0x00, 0x00, 0x00, 0x00,
    0x00, 0x00, 0x00, 0x00, 0x00, 0x00, 0x25, 0x05, 0x00, 0x00, 0x00, 0x02, 0x00, 0x00, 0x00, 0x05,
    0x00, 0x00, 0x00, 0x05, 0x00, 0x00, 0x00, 0x03, 0x00, 0x00, 0x00, 0x00, 0x00, 0x00, 0x00, 0x00,
    0x00, 0x00, 0x25, 0x06, 0x00, 0x00, 0x00, 0x0B, 0x00, 0x00, 0x00, 0x01, 0x00, 0x00, 0x00, 0x05,
    0x00, 0x00, 0x00, 0x08, 0x00, 0x00, 0x00, 0x02, 0x00, 0x00, 0x00, 0x00, 0x00, 0x00, 0x25, 0x07,
    0x00, 0x00, 0x00, 0x0B, 0x00, 0x00, 0x00, 0x02, 0x00, 0x00, 0x00, 0x05, 0x00, 0x00, 0x00, 0x08,
    0x00, 0x00, 0x00, 0x01, 0x00, 0x00, 0x00, 0x00, 0x00, 0x00, 0x25, 0x08, 0x00, 0x00, 0x00, 0x01,
    0x00, 0x00, 0x00, 0x05, 0x00, 0x00, 0x00, 0x05, 0x00, 0x00, 0x00, 0x03, 0x00, 0x00, 0x00, 0x00,
    0x00, 0x00, 0x00, 0x00, 0x00, 0x00, 0x25, 0x09, 0x00, 0x00, 0x00, 0x02, 0x00, 0x00, 0x00, 0x05,
    0x00, 0x00, 0x00, 0x05, 0x00, 0x00, 0x00, 0x03, 0x00, 0x00, 0x00, 0x00, 0x00, 0x00, 0x00, 0x00,
    0x00, 0x00, 0x25, 0x0A, 0x00, 0x00, 0x00, 0x0B, 0x00, 0x00, 0x00, 0x01, 0x00, 0x00, 0x00, 0x05,
    0x00, 0x00, 0x00, 0x08, 0x00, 0x00, 0x00, 0x02, 0x00, 0x00, 0x00, 0x00, 0x00, 0x00, 0x25, 0x0B,
    0x00, 0x00, 0x00, 0x0B, 0x00, 0x00, 0x00, 0x02, 0x00, 0x00, 0x00, 0x05, 0x00, 0x00, 0x00, 0x08,
    0x00, 0x00, 0x00, 0x01, 0x00, 0x00, 0x00, 0x00, 0x00, 0x00, 0x25, 0x0C, 0x00, 0x00, 0x00, 0x06,
    0x00, 0x00, 0x00, 0x03, 0x00, 0x00, 0x00, 0x05, 0x00, 0x00, 0x00, 0x03, 0x00, 0x00, 0x00, 0x02,
    0x00, 0x00, 0x00, 0x00, 0x00, 0x00, 0x25, 0x0D, 0x00, 0x00, 0x00, 0x06, 0x00, 0x00, 0x00, 0x03,
    0x00, 0x00, 0x00, 0x05, 0x00, 0x00, 0x00, 0x03, 0x00, 0x00, 0x00, 0x02, 0x00, 0x00, 0x00, 0x00,
    0x00, 0x00, 0x25, 0x0E, 0x00, 0x00, 0x00, 0x06, 0x00, 0x00, 0x00, 0x04, 0x00, 0x00, 0x00, 0x05,
    0x00, 0x00, 0x00, 0x03, 0x00, 0x00, 0x00, 0x01, 0x00, 0x00, 0x00, 0x00, 0x00, 0x00, 0x25, 0x0F,
    0x00, 0x00, 0x00, 0x06, 0x00, 0x00, 0x00, 0x04, 0x00, 0x00, 0x00, 0x05, 0x00, 0x00, 0x00, 0x03,
    0x00, 0x00, 0x00, 0x01, 0x00, 0x00, 0x00, 0x00, 0x00, 0x00, 0x25, 0x10, 0x00, 0x00, 0x00, 0x06,
    0x00, 0x00, 0x00, 0x05, 0x00, 0x00, 0x00, 0x05, 0x00, 0x00, 0x00, 0x03, 0x00, 0x00, 0x00, 0x00,
    0x00, 0x00, 0x00, 0x00, 0x00, 0x00, 0x25, 0x11, 0x00, 0x00, 0x00, 0x06, 0x00, 0x00, 0x00, 0x05,
    0x00, 0x00, 0x00, 0x05, 0x00, 0x00, 0x00, 0x03, 0x00, 0x00, 0x00, 0x00, 0x00, 0x00, 0x00, 0x00,
    0x00, 0x00, 0x25, 0x12, 0x00, 0x00, 0x00, 0x06, 0x00, 0x00, 0x00, 0x05, 0x00, 0x00, 0x00, 0x05,
    0x00, 0x00, 0x00, 0x03, 0x00, 0x00, 0x00, 0x00, 0x00, 0x00, 0x00, 0x00, 0x00, 0x00, 0x25, 0x13,
    0x00, 0x00, 0x00, 0x06, 0x00, 0x00, 0x00, 0x05, 0x00, 0x00, 0x00, 0x05, 0x00, 0x00, 0x00, 0x03,
    0x00, 0x00, 0x00, 0x00, 0x00, 0x00, 0x00, 0x00, 0x00, 0x00, 0x25, 0x14, 0x00, 0x00, 0x00, 0x06,
    0x00, 0x00, 0x00, 0x03, 0x00, 0x00, 0x00, 0x05, 0x00, 0x00, 0x00, 0x08, 0x00, 0x00, 0x00, 0x02,
    0x00, 0x00, 0x00, 0x00, 0x00, 0x00, 0x25, 0x15, 0x00, 0x00, 0x00, 0x07, 0x00, 0x00, 0x00, 0x03,
    0x00, 0x00, 0x00, 0x05, 0x00, 0x00, 0x00, 0x08, 0x00, 0x00, 0x00, 0x02, 0x00, 0x00, 0x00, 0x00,
    0x00, 0x00, 0x25, 0x16, 0x00, 0x00, 0x00, 0x06, 0x00, 0x00, 0x00, 0x04, 0x00, 0x00, 0x00, 0x05,
    0x00, 0x00, 0x00, 0x08, 0x00, 0x00, 0x00, 0x01, 0x00, 0x00, 0x00, 0x00, 0x00, 0x00, 0x25, 0x17,
    0x00, 0x00, 0x00, 0x07, 0x00, 0x00, 0x00, 0x04, 0x00, 0x00, 0x00, 0x05, 0x00, 0x00, 0x00, 0x08,
    0x00, 0x00, 0x00, 0x01, 0x00, 0x00, 0x00, 0x00, 0x00, 0x00, 0x25, 0x18, 0x00, 0x00, 0x00, 0x06,
    0x00, 0x00, 0x00, 0x05, 0x00, 0x00, 0x00, 0x05, 0x00, 0x00, 0x00, 0x08, 0x00, 0x00, 0x00, 0x00,
    0x00, 0x00, 0x00, 0x00, 0x00, 0x00, 0x25, 0x19, 0x00, 0x00, 0x00, 0x07, 0x00, 0x00, 0x00, 0x05,
    0x00, 0x00, 0x00, 0x05, 0x00, 0x00, 0x00, 0x08, 0x00, 0x00, 0x00, 0x00, 0x00, 0x00, 0x00, 0x00,
    0x00, 0x00, 0x25, 0x1A, 0x00, 0x00, 0x00, 0x06, 0x00, 0x00, 0x00, 0x05, 0x00, 0x00, 0x00, 0x05,
    0x00, 0x00, 0x00, 0x08, 0x00, 0x00, 0x00, 0x00, 0x00, 0x00, 0x00, 0x00, 0x00, 0x00, 0x25, 0x1B,
    0x00, 0x00, 0x00, 0x07, 0x00, 0x00, 0x00, 0x05, 0x00, 0x00, 0x00, 0x05, 0x00, 0x00, 0x00, 0x08,
    0x00, 0x00, 0x00, 0x00, 0x00, 0x00, 0x00, 0x00, 0x00, 0x00, 0x25, 0x1C, 0x00, 0x00, 0x00, 0x0B,
    0x00, 0x00, 0x00, 0x03, 0x00, 0x00, 0x00, 0x05, 0x00, 0x00, 0x00, 0x08, 0x00, 0x00, 0x00, 0x02,
    0x00, 0x00, 0x00, 0x00, 0x00, 0x00, 0x25, 0x1D, 0x00, 0x00, 0x00, 0x0B, 0x00, 0x00, 0x00, 0x03,
    0x00, 0x00, 0x00, 0x05, 0x00, 0x00, 0x00, 0x08, 0x00, 0x00, 0x00, 0x02, 0x00, 0x00, 0x00, 0x00,
    0x00, 0x00, 0x25, 0x1E, 0x00, 0x00, 0x00, 0x0B, 0x00, 0x00, 0x00, 0x04, 0x00, 0x00, 0x00, 0x05,
    0x00, 0x00, 0x00, 0x08, 0x00, 0x00, 0x00, 0x01, 0x00, 0x00, 0x00, 0x00, 0x00, 0x00, 0x25, 0x1F,
    0x00, 0x00, 0x00, 0x0B, 0x00, 0x00, 0x00, 0x04, 0x00, 0x00, 0x00, 0x05, 0x00, 0x00, 0x00, 0x08,
    0x00, 0x00, 0x00, 0x01, 0x00, 0x00, 0x00, 0x00, 0x00, 0x00, 0x25, 0x20, 0x00, 0x00, 0x00, 0x0B,
    0x00, 0x00, 0x00, 0x04, 0x00, 0x00, 0x00, 0x05, 0x00, 0x00, 0x00, 0x08, 0x00, 0x00, 0x00, 0x01,
    0x00, 0x00, 0x00, 0x00, 0x00, 0x00, 0x25, 0x21, 0x00, 0x00, 0x00, 0x0B, 0x00, 0x00, 0x00, 0x04,
    0x00, 0x00, 0x00, 0x05, 0x00, 0x00, 0x00, 0x08, 0x00, 0x00, 0x00, 0x01, 0x00, 0x00, 0x00, 0x00,
    0x00, 0x00, 0x25, 0x22, 0x00, 0x00, 0x00, 0x0B, 0x00, 0x00, 0x00, 0x04, 0x00, 0x00, 0x00, 0x05,
    0x00, 0x00, 0x00, 0x08, 0x00, 0x00, 0x00, 0x01, 0x00, 0x00, 0x00, 0x00, 0x00, 0x00, 0x25, 0x23,
    0x00, 0x00, 0x00, 0x0B, 0x00, 0x00, 0x00, 0x04, 0x00, 0x00, 0x00, 0x05, 0x00, 0x00, 0x00, 0x08,
    0x00, 0x00, 0x00, 0x01, 0x00, 0x00, 0x00, 0x00, 0x00, 0x00, 0x25, 0x24, 0x00, 0x00, 0x00, 0x0B,
    0x00, 0x00, 0x00, 0x05, 0x00, 0x00, 0x00, 0x05, 0x00, 0x00, 0x00, 0x08, 0x00, 0x00, 0x00, 0x00,
    0x00, 0x00, 0x00, 0x00, 0x00, 0x00, 0x25, 0x25, 0x00, 0x00, 0x00, 0x0B, 0x00, 0x00, 0x00, 0x05,
    0x00, 0x00, 0x00, 0x05, 0x00, 0x00, 0x00, 0x08, 0x00, 0x00, 0x00, 0x00, 0x00, 0x00, 0x00, 0x00,
    0x00, 0x00, 0x25, 0x26, 0x00, 0x00, 0x00, 0x0B, 0x00, 0x00, 0x00, 0x05, 0x00, 0x00, 0x00, 0x05,
    0x00, 0x00, 0x00, 0x08, 0x00, 0x00, 0x00, 0x00, 0x00, 0x00, 0x00, 0x00, 0x00, 0x00, 0x25, 0x27,
    0x00, 0x00, 0x00, 0x0B, 0x00, 0x00, 0x00, 0x05, 0x00, 0x00, 0x00, 0x05, 0x00, 0x00, 0x00, 0x08,
    0x00, 0x00, 0x00, 0x00, 0x00, 0x00, 0x00, 0x00, 0x00, 0x00, 0x25, 0x28, 0x00, 0x00, 0x00, 0x0B,
    0x00, 0x00, 0x00, 0x05, 0x00, 0x00, 0x00, 0x05, 0x00, 0x00, 0x00, 0x08, 0x00, 0x00, 0x00, 0x00,
    0x00, 0x00, 0x00, 0x00, 0x00, 0x00, 0x25, 0x29, 0x00, 0x00, 0x00, 0x0B, 0x00, 0x00, 0x00, 0x05,
    0x00, 0x00, 0x00, 0x05, 0x00, 0x00, 0x00, 0x08, 0x00, 0x00, 0x00, 0x00, 0x00, 0x00, 0x00, 0x00,
    0x00, 0x00, 0x25, 0x2A, 0x00, 0x00, 0x00, 0x0B, 0x00, 0x00, 0x00, 0x05, 0x00, 0x00, 0x00, 0x05,
    0x00, 0x00, 0x00, 0x08, 0x00, 0x00, 0x00, 0x00, 0x00, 0x00, 0x00, 0x00, 0x00, 0x00, 0x25, 0x2B,
    0x00, 0x00, 0x00, 0x0B, 0x00, 0x00, 0x00, 0x05, 0x00, 0x00, 0x00, 0x05, 0x00, 0x00, 0x00, 0x08,
    0x00, 0x00, 0x00, 0x00, 0x00, 0x00, 0x00, 0x00, 0x00, 0x00, 0x25, 0x2C, 0x00, 0x00, 0x00, 0x06,
    0x00, 0x00, 0x00, 0x05, 0x00, 0x00, 0x00, 0x05, 0x00, 0x00, 0x00, 0x03, 0x00, 0x00, 0x00, 0x00,
    0x00, 0x00, 0x00, 0x00, 0x00, 0x00, 0x25, 0x2D, 0x00, 0x00, 0x00, 0x06, 0x00, 0x00, 0x00, 0x05,
    0x00, 0x00, 0x00, 0x05, 0x00, 0x00, 0x00, 0x03, 0x00, 0x00, 0x00, 0x00, 0x00, 0x00, 0x00, 0x00,
    0x00, 0x00, 0x25, 0x2E, 0x00, 0x00, 0x00, 0x06, 0x00, 0x00, 0x00, 0x05, 0x00, 0x00, 0x00, 0x05,
    0x00, 0x00, 0x00, 0x03, 0x00, 0x00, 0x00, 0x00, 0x00, 0x00, 0x00, 0x00, 0x00, 0x00, 0x25, 0x2F,
    0x00, 0x00, 0x00, 0x06, 0x00, 0x00, 0x00, 0x05, 0x00, 0x00, 0x00, 0x05, 0x00, 0x00, 0x00, 0x03,
    0x00, 0x00, 0x00, 0x00, 0x00, 0x00, 0x00, 0x00, 0x00, 0x00, 0x25, 0x30, 0x00, 0x00, 0x00, 0x06,
    0x00, 0x00, 0x00, 0x05, 0x00, 0x00, 0x00, 0x05, 0x00, 0x00, 0x00, 0x03, 0x00, 0x00, 0x00, 0x00,
    0x00, 0x00, 0x00, 0x00, 0x00, 0x00, 0x25, 0x31, 0x00, 0x00, 0x00, 0x06, 0x00, 0x00, 0x00, 0x05,
    0x00, 0x00, 0x00, 0x05, 0x00, 0x00, 0x00, 0x03, 0x00, 0x00, 0x00, 0x00, 0x00, 0x00, 0x00, 0x00,
    0x00, 0x00, 0x25, 0x32, 0x00, 0x00, 0x00, 0x06, 0x00, 0x00, 0x00, 0x05, 0x00, 0x00, 0x00, 0x05,
    0x00, 0x00, 0x00, 0x03, 0x00, 0x00, 0x00, 0x00, 0x00, 0x00, 0x00, 0x00, 0x00, 0x00, 0x25, 0x33,
    0x00, 0x00, 0x00, 0x06, 0x00, 0x00, 0x00, 0x05, 0x00, 0x00, 0x00, 0x05, 0x00, 0x00, 0x00, 0x03,
    0x00, 0x00, 0x00, 0x00, 0x00, 0x00, 0x00, 0x00, 0x00, 0x00, 0x25, 0x34, 0x00, 0x00, 0x00, 0x06,
    0x00, 0x00, 0x00, 0x05, 0x00, 0x00, 0x00, 0x05, 0x00, 0x00, 0x00, 0x08, 0x00, 0x00, 0x00, 0x00,
    0x00, 0x00, 0x00, 0x00, 0x00, 0x00, 0x25, 0x35, 0x00, 0x00, 0x00, 0x07, 0x00, 0x00, 0x00, 0x05,
    0x00, 0x00, 0x00, 0x05, 0x00, 0x00, 0x00, 0x08, 0x00, 0x00, 0x00, 0x00, 0x00, 0x00, 0x00, 0x00,
    0x00, 0x00, 0x25, 0x36, 0x00, 0x00, 0x00, 0x07, 0x00, 0x00, 0x00, 0x05, 0x00, 0x00, 0x00, 0x05,
    0x00, 0x00, 0x00, 0x08, 0x00, 0x00, 0x00, 0x00, 0x00, 0x00, 0x00, 0x00, 0x00, 0x00, 0x25, 0x37,
    0x00, 0x00, 0x00, 0x07, 0x00, 0x00, 0x00, 0x05, 0x00, 0x00, 0x00, 0x05, 0x00, 0x00, 0x00, 0x08,
    0x00, 0x00, 0x00, 0x00, 0x00, 0x00, 0x00, 0x00, 0x00, 0x00, 0x25, 0x38, 0x00, 0x00, 0x00, 0x06,
    0x00, 0x00, 0x00, 0x05, 0x00, 0x00, 0x00, 0x05, 0x00, 0x00, 0x00, 0x08, 0x00, 0x00, 0x00, 0x00,
    0x00, 0x00, 0x00, 0x00, 0x00, 0x00, 0x25, 0x39, 0x00, 0x00, 0x00, 0x07, 0x00, 0x00, 0x00, 0x05,
    0x00, 0x00, 0x00, 0x05, 0x00, 0x00, 0x00, 0x08, 0x00, 0x00, 0x00, 0x00, 0x00, 0x00, 0x00, 0x00,
    0x00, 0x00, 0x25, 0x3A, 0x00, 0x00, 0x00, 0x07, 0x00, 0x00, 0x00, 0x05, 0x00, 0x00, 0x00, 0x05,
    0x00, 0x00, 0x00, 0x08, 0x00, 0x00, 0x00, 0x00, 0x00, 0x00, 0x00, 0x00, 0x00, 0x00, 0x25, 0x3B,
    0x00, 0x00, 0x00, 0x07, 0x00, 0x00, 0x00, 0x05, 0x00, 0x00, 0x00, 0x05, 0x00, 0x00, 0x00, 0x08,
    0x00, 0x00, 0x00, 0x00, 0x00, 0x00, 0x00, 0x00, 0x00, 0x00, 0x25, 0x3C, 0x00, 0x00, 0x00, 0x0B,
    0x00, 0x00, 0x00, 0x05, 0x00, 0x00, 0x00, 0x05, 0x00, 0x00, 0x00, 0x08, 0x00, 0x00, 0x00, 0x00,
    0x00, 0x00, 0x00, 0x00, 0x00, 0x00, 0x25, 0x3D, 0x00, 0x00, 0x00, 0x0B, 0x00, 0x00, 0x00, 0x05,
    0x00, 0x00, 0x00, 0x05, 0x00, 0x00, 0x00, 0x08, 0x00, 0x00, 0x00, 0x00, 0x00, 0x00, 0x00, 0x00,
    0x00, 0x00, 0x25, 0x3E, 0x00, 0x00, 0x00, 0x0B, 0x00, 0x00, 0x00, 0x05, 0x00, 0x00, 0x00, 0x05,
    0x00, 0x00, 0x00, 0x08, 0x00, 0x00, 0x00, 0x00, 0x00, 0x00, 0x00, 0x00, 0x00, 0x00, 0x25, 0x3F,
    0x00, 0x00, 0x00, 0x0B, 0x00, 0x00, 0x00, 0x05, 0x00, 0x00, 0x00, 0x05, 0x00, 0x00, 0x00, 0x08,
    0x00, 0x00, 0x00, 0x00, 0x00, 0x00, 0x00, 0x00, 0x00, 0x00, 0x25, 0x40, 0x00, 0x00, 0x00, 0x0B,
    0x00, 0x00, 0x00, 0x05, 0x00, 0x00, 0x00, 0x05, 0x00, 0x00, 0x00, 0x08, 0x00, 0x00, 0x00, 0x00,
    0x00, 0x00, 0x00, 0x00, 0x00, 0x00, 0x25, 0x41, 0x00, 0x00, 0x00, 0x0B, 0x00, 0x00, 0x00, 0x05,
    0x00, 0x00, 0x00, 0x05, 0x00, 0x00, 0x00, 0x08, 0x00, 0x00, 0x00, 0x00, 0x00, 0x00, 0x00, 0x00,
    0x00, 0x00, 0x25, 0x42, 0x00, 0x00, 0x00, 0x0B, 0x00, 0x00, 0x00, 0x05, 0x00, 0x00, 0x00, 0x05,
    0x00, 0x00, 0x00, 0x08, 0x00, 0x00, 0x00, 0x00, 0x00, 0x00, 0x00, 0x00, 0x00, 0x00, 0x25, 0x43,
    0x00, 0x00, 0x00, 0x0B, 0x00, 0x00, 0x00, 0x05, 0x00, 0x00, 0x00, 0x05, 0x00, 0x00, 0x00, 0x08,
    0x00, 0x00, 0x00, 0x00, 0x00, 0x00, 0x00, 0x00, 0x00, 0x00, 0x25, 0x44, 0x00, 0x00, 0x00, 0x0B,
    0x00, 0x00, 0x00, 0x05, 0x00, 0x00, 0x00, 0x05, 0x00, 0x00, 0x00, 0x08, 0x00, 0x00, 0x00, 0x00,
    0x00, 0x00, 0x00, 0x00, 0x00, 0x00, 0x25, 0x45, 0x00, 0x00, 0x00, 0x0B, 0x00, 0x00, 0x00, 0x05,
    0x00, 0x00, 0x00, 0x05, 0x00, 0x00, 0x00, 0x08, 0x00, 0x00, 0x00, 0x00, 0x00, 0x00, 0x00, 0x00,
    0x00, 0x00, 0x25, 0x46, 0x00, 0x00, 0x00, 0x0B, 0x00, 0x00, 0x00, 0x05, 0x00, 0x00, 0x00, 0x05,
    0x00, 0x00, 0x00, 0x08, 0x00, 0x00, 0x00, 0x00, 0x00, 0x00, 0x00, 0x00, 0x00, 0x00, 0x25, 0x47,
    0x00, 0x00, 0x00, 0x0B, 0x00, 0x00, 0x00, 0x05, 0x00, 0x00, 0x00, 0x05, 0x00, 0x00, 0x00, 0x08,
    0x00, 0x00, 0x00, 0x00, 0x00, 0x00, 0x00, 0x00, 0x00, 0x00, 0x25, 0x48, 0x00, 0x00, 0x00, 0x0B,
    0x00, 0x00, 0x00, 0x05, 0x00, 0x00, 0x00, 0x05, 0x00, 0x00, 0x00, 0x08, 0x00, 0x00, 0x00, 0x00,
    0x00, 0x00, 0x00, 0x00, 0x00, 0x00, 0x25, 0x49, 0x00, 0x00, 0x00, 0x0B, 0x00, 0x00, 0x00, 0x05,
    0x00, 0x00, 0x00, 0x05, 0x00, 0x00, 0x00, 0x08, 0x00, 0x00, 0x00, 0x00, 0x00, 0x00, 0x00, 0x00,
    0x00, 0x00, 0x25, 0x4A, 0x00, 0x00, 0x00, 0x0B, 0x00, 0x00, 0x00, 0x05, 0x00, 0x00, 0x00, 0x05,
    0x00, 0x00, 0x00, 0x08, 0x00, 0x00, 0x00, 0x00, 0x00, 0x00, 0x00, 0x00, 0x00, 0x00, 0x25, 0x4B,
    0x00, 0x00, 0x00, 0x0B, 0x00, 0x00, 0x00, 0x05, 0x00, 0x00, 0x00, 0x05, 0x00, 0x00, 0x00, 0x08,
    0x00, 0x00, 0x00, 0x00, 0x00, 0x00, 0x00, 0x00, 0x00, 0x00, 0x25, 0x4C, 0x00, 0x00, 0x00, 0x01,
    0x00, 0x00, 0x00, 0x05, 0x00, 0x00, 0x00, 0x05, 0x00, 0x00, 0x00, 0x03, 0x00, 0x00, 0x00, 0x00,
    0x00, 0x00, 0x00, 0x00, 0x00, 0x00, 0x25, 0x4D, 0x00, 0x00, 0x00, 0x02, 0x00, 0x00, 0x00, 0x05,
    0x00, 0x00, 0x00, 0x05, 0x00, 0x00, 0x00, 0x03, 0x00, 0x00, 0x00, 0x00, 0x00, 0x00, 0x00, 0x00,
    0x00, 0x00, 0x25, 0x4E, 0x00, 0x00, 0x00, 0x07, 0x00, 0x00, 0x00, 0x01, 0x00, 0x00, 0x00, 0x05,
    0x00, 0x00, 0x00, 0x06, 0x00, 0x00, 0x00, 0x02, 0x00, 0x00, 0x00, 0x00, 0x00, 0x00, 0x25, 0x4F,
    0x00, 0x00, 0x00, 0x07, 0x00, 0x00, 0x00, 0x02, 0x00, 0x00, 0x00, 0x05, 0x00, 0x00, 0x00, 0x06,
    0x00, 0x00, 0x00, 0x01, 0x00, 0x00, 0x00, 0x00, 0x00, 0x00, 0x25, 0x50, 0x00, 0x00, 0x00, 0x03,
    0x00, 0x00, 0x00, 0x05, 0x00, 0x00, 0x00, 0x05, 0x00, 0x00, 0x00, 0x04, 0x00, 0x00, 0x00, 0x00,
    0x00, 0x00, 0x00, 0x00, 0x00, 0x00, 0x25, 0x51, 0x00, 0x00, 0x00, 0x0B, 0x00, 0x00, 0x00, 0x03,
    0x00, 0x00, 0x00, 0x05, 0x00, 0x00, 0x00, 0x08, 0x00, 0x00, 0x00, 0x01, 0x00, 0x00, 0x00, 0x00,
    0x00, 0x00, 0x25, 0x52, 0x00, 0x00, 0x00, 0x07, 0x00, 0x00, 0x00, 0x03, 0x00, 0x00, 0x00, 0x05,
    0x00, 0x00, 0x00, 0x04, 0x00, 0x00, 0x00, 0x02, 0x00, 0x00, 0x00, 0x00, 0x00, 0x00, 0x25, 0x53,
    0x00, 0x00, 0x00, 0x06, 0x00, 0x00, 0x00, 0x04, 0x00, 0x00, 0x00, 0x05, 0x00, 0x00, 0x00, 0x03,
    0x00, 0x00, 0x00, 0x01, 0x00, 0x00, 0x00, 0x00, 0x00, 0x00, 0x25, 0x54, 0x00, 0x00, 0x00, 0x07,
    0x00, 0x00, 0x00, 0x04, 0x00, 0x00, 0x00, 0x05, 0x00, 0x00, 0x00, 0x04, 0x00, 0x00, 0x00, 0x01,
    0x00, 0x00, 0x00, 0x00, 0x00, 0x00, 0x25, 0x55, 0x00, 0x00, 0x00, 0x07, 0x00, 0x00, 0x00, 0x05,
    0x00, 0x00, 0x00, 0x05, 0x00, 0x00, 0x00, 0x04, 0x00, 0x00, 0x00, 0x00, 0x00, 0x00, 0x00, 0x00,
    0x00, 0x00, 0x25, 0x56, 0x00, 0x00, 0x00, 0x06, 0x00, 0x00, 0x00, 0x05, 0x00, 0x00, 0x00, 0x05,
    0x00, 0x00, 0x00, 0x03, 0x00, 0x00, 0x00, 0x00, 0x00, 0x00, 0x00, 0x00, 0x00, 0x00, 0x25, 0x57,
    0x00, 0x00, 0x00, 0x07, 0x00, 0x00, 0x00, 0x05, 0x00, 0x00, 0x00, 0x05, 0x00, 0x00, 0x00, 0x04,
    0x00, 0x00, 0x00, 0x00, 0x00, 0x00, 0x00, 0x00, 0x00, 0x00, 0x25, 0x58, 0x00, 0x00, 0x00, 0x07,
    0x00, 0x00, 0x00, 0x03, 0x00, 0x00, 0x00, 0x05, 0x00, 0x00, 0x00, 0x08, 0x00, 0x00, 0x00, 0x02,
    0x00, 0x00, 0x00, 0x00, 0x00, 0x00, 0x25, 0x59, 0x00, 0x00, 0x00, 0x06, 0x00, 0x00, 0x00, 0x04,
    0x00, 0x00, 0x00, 0x05, 0x00, 0x00, 0x00, 0x08, 0x00, 0x00, 0x00, 0x01, 0x00, 0x00, 0x00, 0x00,
    0x00, 0x00, 0x25, 0x5A, 0x00, 0x00, 0x00, 0x07, 0x00, 0x00, 0x00, 0x04, 0x00, 0x00, 0x00, 0x05,
    0x00, 0x00, 0x00, 0x08, 0x00, 0x00, 0x00, 0x01, 0x00, 0x00, 0x00, 0x00, 0x00, 0x00, 0x25, 0x5B,
    0x00, 0x00, 0x00, 0x07, 0x00, 0x00, 0x00, 0x05, 0x00, 0x00, 0x00, 0x05, 0x00, 0x00, 0x00, 0x08,
    0x00, 0x00, 0x00, 0x00, 0x00, 0x00, 0x00, 0x00, 0x00, 0x00, 0x25, 0x5C, 0x00, 0x00, 0x00, 0x06,
    0x00, 0x00, 0x00, 0x05, 0x00, 0x00, 0x00, 0x05, 0x00, 0x00, 0x00, 0x08, 0x00, 0x00, 0x00, 0x00,
    0x00, 0x00, 0x00, 0x00, 0x00, 0x00, 0x25, 0x5D, 0x00, 0x00, 0x00, 0x07, 0x00, 0x00, 0x00, 0x05,
    0x00, 0x00, 0x00, 0x05, 0x00, 0x00, 0x00, 0x08, 0x00, 0x00, 0x00, 0x00, 0x00, 0x00, 0x00, 0x00,
    0x00, 0x00, 0x25, 0x5E, 0x00, 0x00, 0x00, 0x0B, 0x00, 0x00, 0x00, 0x03, 0x00, 0x00, 0x00, 0x05,
    0x00, 0x00, 0x00, 0x08, 0x00, 0x00, 0x00, 0x02, 0x00, 0x00, 0x00, 0x00, 0x00, 0x00, 0x25, 0x5F,
    0x00, 0x00, 0x00, 0x0B, 0x00, 0x00, 0x00, 0x04, 0x00, 0x00, 0x00, 0x05, 0x00, 0x00, 0x00, 0x08,
    0x00, 0x00, 0x00, 0x01, 0x00, 0x00, 0x00, 0x00, 0x00, 0x00, 0x25, 0x60, 0x00, 0x00, 0x00, 0x0B,
    0x00, 0x00, 0x00, 0x04, 0x00, 0x00, 0x00, 0x05, 0x00, 0x00, 0x00, 0x08, 0x00, 0x00, 0x00, 0x01,
    0x00, 0x00, 0x00, 0x00, 0x00, 0x00, 0x25, 0x61, 0x00, 0x00, 0x00, 0x0B, 0x00, 0x00, 0x00, 0x05,
    0x00, 0x00, 0x00, 0x05, 0x00, 0x00, 0x00, 0x08, 0x00, 0x00, 0x00, 0x00, 0x00, 0x00, 0x00, 0x00,
    0x00, 0x00, 0x25, 0x62, 0x00, 0x00, 0x00, 0x0B, 0x00, 0x00, 0x00, 0x05, 0x00, 0x00, 0x00, 0x05,
    0x00, 0x00, 0x00, 0x08, 0x00, 0x00, 0x00, 0x00, 0x00, 0x00, 0x00, 0x00, 0x00, 0x00, 0x25, 0x63,
    0x00, 0x00, 0x00, 0x0B, 0x00, 0x00, 0x00, 0x05, 0x00, 0x00, 0x00, 0x05, 0x00, 0x00, 0x00, 0x08,
    0x00, 0x00, 0x00, 0x00, 0x00, 0x00, 0x00, 0x00, 0x00, 0x00, 0x25, 0x64, 0x00, 0x00, 0x00, 0x07,
    0x00, 0x00, 0x00, 0x05, 0x00, 0x00, 0x00, 0x05, 0x00, 0x00, 0x00, 0x04, 0x00, 0x00, 0x00, 0x00,
    0x00, 0x00, 0x00, 0x00, 0x00, 0x00, 0x25, 0x65, 0x00, 0x00, 0x00, 0x06, 0x00, 0x00, 0x00, 0x05,
    0x00, 0x00, 0x00, 0x05, 0x00, 0x00, 0x00, 0x03, 0x00, 0x00, 0x00, 0x00, 0x00, 0x00, 0x00, 0x00,
    0x00, 0x00, 0x25, 0x66, 0x00, 0x00, 0x00, 0x07, 0x00, 0x00, 0x00, 0x05, 0x00, 0x00, 0x00, 0x05,
    0x00, 0x00, 0x00, 0x04, 0x00, 0x00, 0x00, 0x00, 0x00, 0x00, 0x00, 0x00, 0x00, 0x00, 0x25, 0x67,
    0x00, 0x00, 0x00, 0x07, 0x00, 0x00, 0x00, 0x05, 0x00, 0x00, 0x00, 0x05, 0x00, 0x00, 0x00, 0x08,
    0x00, 0x00, 0x00, 0x00, 0x00, 0x00, 0x00, 0x00, 0x00, 0x00, 0x25, 0x68, 0x00, 0x00, 0x00, 0x06,
    0x00, 0x00, 0x00, 0x05, 0x00, 0x00, 0x00, 0x05, 0x00, 0x00, 0x00, 0x08, 0x00, 0x00, 0x00, 0x00,
    0x00, 0x00, 0x00, 0x00, 0x00, 0x00, 0x25, 0x69, 0x00, 0x00, 0x00, 0x07, 0x00, 0x00, 0x00, 0x05,
    0x00, 0x00, 0x00, 0x05, 0x00, 0x00, 0x00, 0x08, 0x00, 0x00, 0x00, 0x00, 0x00, 0x00, 0x00, 0x00,
    0x00, 0x00, 0x25, 0x6A, 0x00, 0x00, 0x00, 0x0B, 0x00, 0x00, 0x00, 0x05, 0x00, 0x00, 0x00, 0x05,
    0x00, 0x00, 0x00, 0x08, 0x00, 0x00, 0x00, 0x00, 0x00, 0x00, 0x00, 0x00, 0x00, 0x00, 0x25, 0x6B,
    0x00, 0x00, 0x00, 0x0B, 0x00, 0x00, 0x00, 0x05, 0x00, 0x00, 0x00, 0x05, 0x00, 0x00, 0x00, 0x08,
    0x00, 0x00, 0x00, 0x00, 0x00, 0x00, 0x00, 0x00, 0x00, 0x00, 0x25, 0x6C, 0x00, 0x00, 0x00, 0x0B,
    0x00, 0x00, 0x00, 0x05, 0x00, 0x00, 0x00, 0x05, 0x00, 0x00, 0x00, 0x08, 0x00, 0x00, 0x00, 0x00,
    0x00, 0x00, 0x00, 0x00, 0x00, 0x00, 0x25, 0x6D, 0x00, 0x00, 0x00, 0x06, 0x00, 0x00, 0x00, 0x03,
    0x00, 0x00, 0x00, 0x05, 0x00, 0x00, 0x00, 0x03, 0x00, 0x00, 0x00, 0x02, 0x00, 0x00, 0x00, 0x00,
    0x00, 0x00, 0x25, 0x6E, 0x00, 0x00, 0x00, 0x06, 0x00, 0x00, 0x00, 0x05, 0x00, 0x00, 0x00, 0x05,
    0x00, 0x00, 0x00, 0x03, 0x00, 0x00, 0x00, 0x00, 0x00, 0x00, 0x00, 0x00, 0x00, 0x00, 0x25, 0x6F,
    0x00, 0x00, 0x00, 0x06, 0x00, 0x00, 0x00, 0x05, 0x00, 0x00, 0x00, 0x05, 0x00, 0x00, 0x00, 0x08,
    0x00, 0x00, 0x00, 0x00, 0x00, 0x00, 0x00, 0x00, 0x00, 0x00, 0x25, 0x70, 0x00, 0x00, 0x00, 0x06,
    0x00, 0x00, 0x00, 0x03, 0x00, 0x00, 0x00, 0x05, 0x00, 0x00, 0x00, 0x08, 0x00, 0x00, 0x00, 0x02,
    0x00, 0x00, 0x00, 0x00, 0x00, 0x00, 0x25, 0x71, 0x00, 0x00, 0x00, 0x09, 0x00, 0x00, 0x00, 0x05,
    0x00, 0x00, 0x00, 0x05, 0x00, 0x00, 0x00, 0x07, 0x00, 0x00, 0x00, 0x00, 0x00, 0x00, 0x00, 0x00,
    0x00, 0x00, 0x25, 0x72, 0x00, 0x00, 0x00, 0x09, 0x00, 0x00, 0x00, 0x05, 0x00, 0x00, 0x00, 0x05,
    0x00, 0x00, 0x00, 0x07, 0x00, 0x00, 0x00, 0x00, 0x00, 0x00, 0x00, 0x00, 0x00, 0x00, 0x25, 0x73,
    0x00, 0x00, 0x00, 0x09, 0x00, 0x00, 0x00, 0x05, 0x00, 0x00, 0x00, 0x05, 0x00, 0x00, 0x00, 0x07,
    0x00, 0x00, 0x00, 0x00, 0x00, 0x00, 0x00, 0x00, 0x00, 0x00, 0x25, 0x74, 0x00, 0x00, 0x00, 0x01,
    0x00, 0x00, 0x00, 0x05, 0x00, 0x00, 0x00, 0x05, 0x00, 0x00, 0x00, 0x03, 0x00, 0x00, 0x00, 0x00,
    0x00, 0x00, 0x00, 0x00, 0x00, 0x00, 0x25, 0x75, 0x00, 0x00, 0x00, 0x06, 0x00, 0x00, 0x00, 0x01,
    0x00, 0x00, 0x00, 0x05, 0x00, 0x00, 0x00, 0x08, 0x00, 0x00, 0x00, 0x02, 0x00, 0x00, 0x00, 0x00,
    0x00, 0x00, 0x25, 0x76, 0x00, 0x00, 0x00, 0x01, 0x00, 0x00, 0x00, 0x03, 0x00, 0x00, 0x00, 0x05,
    0x00, 0x00, 0x00, 0x03, 0x00, 0x00, 0x00, 0x02, 0x00, 0x00, 0x00, 0x00, 0x00, 0x00, 0x25, 0x77,
    0x00, 0x00, 0x00, 0x06, 0x00, 0x00, 0x00, 0x01, 0x00, 0x00, 0x00, 0x05, 0x00, 0x00, 0x00, 0x03,
    0x00, 0x00, 0x00, 0x02, 0x00, 0x00, 0x00, 0x00, 0x00, 0x00, 0x25, 0x78, 0x00, 0x00, 0x00, 0x02,
    0x00, 0x00, 0x00, 0x05, 0x00, 0x00, 0x00, 0x05, 0x00, 0x00, 0x00, 0x03, 0x00, 0x00, 0x00, 0x00,
    0x00, 0x00, 0x00, 0x00, 0x00, 0x00, 0x25, 0x79, 0x00, 0x00, 0x00, 0x06, 0x00, 0x00, 0x00, 0x02,
    0x00, 0x00, 0x00, 0x05, 0x00, 0x00, 0x00, 0x08, 0x00, 0x00, 0x00, 0x01, 0x00, 0x00, 0x00, 0x00,
    0x00, 0x00, 0x25, 0x7A, 0x00, 0x00, 0x00, 0x02, 0x00, 0x00, 0x00, 0x03, 0x00, 0x00, 0x00, 0x05,
    0x00, 0x00, 0x00, 0x03, 0x00, 0x00, 0x00, 0x02, 0x00, 0x00, 0x00, 0x00, 0x00, 0x00, 0x25, 0x7B,
    0x00, 0x00, 0x00, 0x06, 0x00, 0x00, 0x00, 0x02, 0x00, 0x00, 0x00, 0x05, 0x00, 0x00, 0x00, 0x03,
    0x00, 0x00, 0x00, 0x01, 0x00, 0x00, 0x00, 0x00, 0x00, 0x00, 0x25, 0x7C, 0x00, 0x00, 0x00, 0x02,
    0x00, 0x00, 0x00, 0x05, 0x00, 0x00, 0x00, 0x05, 0x00, 0x00, 0x00, 0x03, 0x00, 0x00, 0x00, 0x00,
    0x00, 0x00, 0x00, 0x00, 0x00, 0x00, 0x25, 0x7D, 0x00, 0x00, 0x00, 0x0B, 0x00, 0x00, 0x00, 0x02,
    0x00, 0x00, 0x00, 0x05, 0x00, 0x00, 0x00, 0x08, 0x00, 0x00, 0x00, 0x01, 0x00, 0x00, 0x00, 0x00,
    0x00, 0x00, 0x25, 0x7E, 0x00, 0x00, 0x00, 0x02, 0x00, 0x00, 0x00, 0x05, 0x00, 0x00, 0x00, 0x05,
    0x00, 0x00, 0x00, 0x03, 0x00, 0x00, 0x00, 0x00, 0x00, 0x00, 0x00, 0x00, 0x00, 0x00, 0x25, 0x7F,
    0x00, 0x00, 0x00, 0x0B, 0x00, 0x00, 0x00, 0x02, 0x00, 0x00, 0x00, 0x05, 0x00, 0x00, 0x00, 0x08,
    0x00, 0x00, 0x00, 0x01, 0x00, 0x00, 0x00, 0x00, 0x00, 0x00, 0x25, 0xA0, 0x00, 0x00, 0x00, 0x06,
    0x00, 0x00, 0x00, 0x05, 0x00, 0x00, 0x00, 0x05, 0x00, 0x00, 0x00, 0x05, 0x00, 0x00, 0x00, 0x00,
    0x00, 0x00, 0x00, 0x00, 0x00, 0x00, 0x25, 0xA1, 0x00, 0x00, 0x00, 0x06, 0x00, 0x00, 0x00, 0x05,
    0x00, 0x00, 0x00, 0x05, 0x00, 0x00, 0x00, 0x05, 0x00, 0x00, 0x00, 0x00, 0x00, 0x00, 0x00, 0x00,
    0x00, 0x00, 0x25, 0xB2, 0x00, 0x00, 0x00, 0x06, 0x00, 0x00, 0x00, 0x05, 0x00, 0x00, 0x00, 0x05,
    0x00, 0x00, 0x00, 0x05, 0x00, 0x00, 0x00, 0x00, 0x00, 0x00, 0x00, 0x00, 0x00, 0x00, 0x25, 0xB6,
    0x00, 0x00, 0x00, 0x06, 0x00, 0x00, 0x00, 0x05, 0x00, 0x00, 0x00, 0x05, 0x00, 0x00, 0x00, 0x05,
    0x00, 0x00, 0x00, 0x00, 0x00, 0x00, 0x00, 0x00, 0x00, 0x00, 0x25, 0xBC, 0x00, 0x00, 0x00, 0x06,
    0x00, 0x00, 0x00, 0x05, 0x00, 0x00, 0x00, 0x05, 0x00, 0x00, 0x00, 0x05, 0x00, 0x00, 0x00, 0x00,
    0x00, 0x00, 0x00, 0x00, 0x00, 0x00, 0x25, 0xC0, 0x00, 0x00, 0x00, 0x06, 0x00, 0x00, 0x00, 0x05,
    0x00, 0x00, 0x00, 0x05, 0x00, 0x00, 0x00, 0x05, 0x00, 0x00, 0x00, 0x00, 0x00, 0x00, 0x00, 0x00,
    0x00, 0x00, 0x25, 0xC6, 0x00, 0x00, 0x00, 0x06, 0x00, 0x00, 0x00, 0x05, 0x00, 0x00, 0x00, 0x05,
    0x00, 0x00, 0x00, 0x05, 0x00, 0x00, 0x00, 0x00, 0x00, 0x00, 0x00, 0x00, 0x00, 0x00, 0x25, 0xC7,
    0x00, 0x00, 0x00, 0x06, 0x00, 0x00, 0x00, 0x05, 0x00, 0x00, 0x00, 0x05, 0x00, 0x00, 0x00, 0x05,
    0x00, 0x00, 0x00, 0x00, 0x00, 0x00, 0x00, 0x00, 0x00, 0x00, 0x25, 0xCB, 0x00, 0x00, 0x00, 0x06,
    0x00, 0x00, 0x00, 0x05, 0x00, 0x00, 0x00, 0x05, 0x00, 0x00, 0x00, 0x05, 0x00, 0x00, 0x00, 0x00,
    0x00, 0x00, 0x00, 0x00, 0x00, 0x00, 0x25, 0xCF, 0x00, 0x00, 0x00, 0x06, 0x00, 0x00, 0x00, 0x05,
    0x00, 0x00, 0x00, 0x05, 0x00, 0x00, 0x00, 0x05, 0x00, 0x00, 0x00, 0x00, 0x00, 0x00, 0x00, 0x00,
    0x00, 0x00, 0x26, 0x10, 0x00, 0x00, 0x00, 0x05, 0x00, 0x00, 0x00, 0x05, 0x00, 0x00, 0x00, 0x05,
    0x00, 0x00, 0x00, 0x05, 0x00, 0x00, 0x00, 0x00, 0x00, 0x00, 0x00, 0x00, 0x00, 0x00, 0x26, 0x11,
    0x00, 0x00, 0x00, 0x05, 0x00, 0x00, 0x00, 0x05, 0x00, 0x00, 0x00, 0x05, 0x00, 0x00, 0x00, 0x04,
    0x00, 0x00, 0x00, 0x00, 0x00, 0x00, 0x00, 0x00, 0x00, 0x00, 0x26, 0x99, 0x00, 0x00, 0x00, 0x05,
    0x00, 0x00, 0x00, 0x05, 0x00, 0x00, 0x00, 0x05, 0x00, 0x00, 0x00, 0x05, 0x00, 0x00, 0x00, 0x00,
    0x00, 0x00, 0x00, 0x00, 0x00, 0x00, 0x27, 0x13, 0x00, 0x00, 0x00, 0x06, 0x00, 0x00, 0x00, 0x05,
    0x00, 0x00, 0x00, 0x05, 0x00, 0x00, 0x00, 0x06, 0x00, 0x00, 0x00, 0x00, 0x00, 0x00, 0x00, 0x00,
    0x00, 0x00, 0x27, 0x17, 0x00, 0x00, 0x00, 0x06, 0x00, 0x00, 0x00, 0x05, 0x00, 0x00, 0x00, 0x05,
    0x00, 0x00, 0x00, 0x05, 0x00, 0x00, 0x00, 0x00, 0x00, 0x00, 0x00, 0x00, 0x00, 0x00, 0x27, 0x18,
    0x00, 0x00, 0x00, 0x07, 0x00, 0x00, 0x00, 0x05, 0x00, 0x00, 0x00, 0x05, 0x00, 0x00, 0x00, 0x06,
    0x00, 0x00, 0x00, 0x00, 0x00, 0x00, 0x00, 0x00, 0x00, 0x00, 0x2B, 0x07, 0x00, 0x00, 0x00, 0x05,
    0x00, 0x00, 0x00, 0x03, 0x00, 0x00, 0x00, 0x05, 0x00, 0x00, 0x00, 0x05, 0x00, 0x00, 0x00, 0x01,
    0x00, 0x00, 0x00, 0x00, 0x00, 0xF6, 0xA6, 0x00, 0xFF, 0x7C, 0x00, 0xFF, 0x0A, 0x31, 0xA3, 0x00,
    0xB1, 0xF3, 0x00, 0xAC, 0xBE, 0xD5, 0x90, 0xC8, 0xA0, 0xFF, 0x4C, 0x87, 0x34, 0xAE, 0x0C, 0x00,
    0x08, 0xFF, 0xAF, 0x00, 0x00, 0xAA, 0xBE, 0xFB, 0x03, 0x00, 0x5A, 0x8B, 0x61, 0x00, 0x00, 0xFA,
    0xAC, 0xB6, 0x00, 0x00, 0xA5, 0xFF, 0x0E, 0x00, 0x00, 0x04, 0x9F, 0xC3, 0x00, 0x10, 0xFF, 0xFF,
    0xFF, 0xA9, 0x5A, 0xFF, 0xD4, 0x3F, 0x06, 0x06, 0xB9, 0xFF, 0xEE, 0x31, 0x1E, 0x07, 0xEC, 0xF7,
    0xAB, 0xB5, 0xFF, 0xFF, 0xFF, 0x31, 0x00, 0xAB, 0xBB, 0x0A, 0x00, 0x00, 0x8D, 0xDF, 0x96, 0x24,
    0x00, 0x93, 0xFF, 0x8D, 0x00, 0x00, 0x95, 0xC9, 0xAD, 0x00, 0x00, 0x89, 0xFF, 0x96, 0x00, 0x14,
    0x9B, 0xCE, 0x8D, 0x00, 0x00, 0x66, 0xFF, 0xFF, 0x43, 0x00, 0xB0, 0xBE, 0xCE, 0x8B, 0x8A, 0xD9,
    0xFF, 0xA6, 0x04, 0xFF, 0x66, 0xFF, 0x82, 0x82, 0xCD, 0xFF, 0xA0, 0xFF, 0x69, 0xB2, 0xB5, 0xEB,
    0x75, 0x9A, 0x1F, 0x00, 0x2D, 0xF3, 0x5A, 0x04, 0xFC, 0x58, 0x00, 0x78, 0xD7, 0x00, 0x00, 0xB2,
    0xA0, 0x00, 0x00, 0xBE, 0x8A, 0x00, 0x00, 0x8E, 0xC0, 0x00, 0x00, 0x0A, 0xFF, 0x4B, 0x00, 0x00,
    0x52, 0xFF, 0x07, 0x00, 0x00, 0xCD, 0x85, 0x00, 0x00, 0x99, 0xB4, 0x00, 0x00, 0xA9, 0xA7, 0x00,
    0x00, 0xDF, 0x6C, 0x00, 0x60, 0xF5, 0x01, 0x61, 0xF3, 0x27, 0x00, 0x06, 0x00, 0xFF, 0x43, 0x07,
    0xAB, 0xFF, 0xFF, 0xFF, 0xB7, 0x07, 0xF5, 0xFF, 0xAB, 0x00, 0x4F, 0xAA, 0x54, 0xBA, 0x00, 0x00,
    0x00, 0xFF, 0x43, 0x00, 0x93, 0xFF, 0xFF, 0xFF, 0x7E, 0x00, 0x4C, 0xFF, 0x00, 0x00, 0x00, 0x3D,
    0x82, 0x00, 0x00, 0x00, 0x43, 0xAB, 0x0A, 0x00, 0xD0, 0xC4, 0x00, 0x12, 0xFF, 0x1F, 0x00, 0xEB,
    0xFF, 0xDE, 0x2A, 0x30, 0x1E, 0x42, 0x97, 0x00, 0xBA, 0xFF, 0x00, 0x00, 0x00, 0x00, 0xAF, 0xA8,
    0x00, 0x00, 0x28, 0xFF, 0x18, 0x00, 0x00, 0xC1, 0xB2, 0x00, 0x00, 0x39, 0xFF, 0x0D, 0x00, 0x00,
    0xD4, 0x9A, 0x00, 0x00, 0x4B, 0xFF, 0x06, 0x00, 0x00, 0xE6, 0x82, 0x00, 0x00, 0x00, 0x03, 0xB2,
    0xFF, 0xFF, 0x58, 0x8B, 0xFF, 0x0A, 0xA0, 0xD9, 0xCD, 0xBA, 0xDF, 0xB4, 0xD0, 0xD2, 0xA7, 0x07,
    0xFF, 0x91, 0x54, 0xFF, 0xFF, 0xB7, 0x04, 0x00, 0x91, 0xFF, 0xFF, 0x00, 0x49, 0xFD, 0xB0, 0xE1,
    0x00, 0x00, 0x06, 0xD4, 0xA5, 0x00, 0x00, 0x00, 0xFF, 0x7E, 0x00, 0xBD, 0xFF, 0xFF, 0xFF, 0x72,
    0x04, 0xB9, 0xFF, 0xFF, 0x61, 0x21, 0xBB, 0x12, 0xE6, 0xB9, 0x00, 0x00, 0x90, 0xFF, 0x31, 0x31,
    0xE2, 0xAD, 0x0F, 0x00, 0xFF, 0xFF, 0xFF, 0xFF, 0x40, 0x12, 0xD8, 0xFF, 0xFF, 0x6F, 0x00, 0x63,
    0x06, 0xFA, 0xAA, 0x00, 0x61, 0xFF, 0xFF, 0x12, 0x52, 0x21, 0x2A, 0xFF, 0x60, 0xAE, 0xFF, 0xFF,
    0xCB, 0x09, 0x00, 0x00, 0xA5, 0xFF, 0x8D, 0x00, 0x8B, 0xD9, 0xFF, 0x40, 0x75, 0xDE, 0x4B, 0xFF,
    0x04, 0xFF, 0xFF, 0xFF, 0xFF, 0xA8, 0x00, 0x00, 0xA8, 0xC5, 0x00, 0x00, 0xFF, 0xFF, 0xFF, 0xCD,
    0x48, 0xFF, 0xFF, 0xFF, 0x2D, 0x2D, 0x70, 0x10, 0xFF, 0xAB, 0x7C, 0x69, 0x1B, 0xFF, 0x73, 0x99,
    0xFF, 0xFF, 0xAF, 0x00, 0x00, 0x30, 0xE1, 0xB5, 0x18, 0x1B, 0xFF, 0xFF, 0xFF, 0x31, 0xA6, 0xE1,
    0x0D, 0xFF, 0xB2, 0xD4, 0xBC, 0x0C, 0xFF, 0x7E, 0x5D, 0xFF, 0xFF, 0xB9, 0x03, 0x40, 0xFF, 0xFF,
    0xFF, 0xFF, 0x70, 0xBF, 0x06, 0xFF, 0x97, 0x00, 0x00, 0xB7, 0xF0, 0x01, 0x00, 0x3F, 0xFF, 0x37,
    0x00, 0x04, 0xFA, 0xB5, 0x00, 0x00, 0x03, 0xBC, 0xFF, 0xFF, 0x88, 0x31, 0xFF, 0x0D, 0xB6, 0xBC,
    0x25, 0xFF, 0xFF, 0xFF, 0x1C, 0xE6, 0xAF, 0x06, 0xFF, 0x8D, 0x9F, 0xFF, 0xFF, 0xDC, 0x16, 0x12,
    0xD8, 0xFF, 0xFF, 0x61, 0xA3, 0xFF, 0x04, 0xC3, 0xD9, 0x4B, 0xFF, 0xF3, 0xFF, 0xAC, 0x00, 0x01,
    0xB9, 0xFF, 0x21, 0x21, 0xDF, 0xFA, 0x33, 0x00, 0x2E, 0xFF, 0x84, 0x18, 0xA6, 0x1E, 0x42, 0x97,
    0x00, 0xBA, 0xFF, 0x00, 0x00, 0x2E, 0xFF, 0x84, 0x00, 0x18, 0xA6, 0x1E, 0x00, 0x43, 0xAB, 0x0A,
    0x00, 0xD0, 0xC4, 0x00, 0x12, 0xFF, 0x1F, 0x00, 0x00, 0x00, 0x00, 0x27, 0x57, 0x00, 0x3C, 0xC4,
    0xFF, 0x60, 0x52, 0xFF, 0x93, 0x07, 0x00, 0x28, 0xDA, 0xFF, 0x72, 0x00, 0x00, 0x00, 0x5B, 0xCF,
    0x00, 0x5E, 0xFF, 0xFF, 0xFF, 0xB2, 0x00, 0x00, 0x00, 0x00, 0x00, 0xA1, 0xFF, 0xFF, 0xFF, 0x49,
    0x00, 0x7B, 0x03, 0x00, 0x00, 0x00, 0xDE, 0xFF, 0x6C, 0x00, 0x00, 0x00, 0x7F, 0xFF, 0x4F, 0x2A,
    0xB9, 0xFF, 0xBB, 0x0A, 0xA8, 0xA2, 0x0D, 0x00, 0x00, 0x01, 0xBB, 0xFF, 0xFF, 0x51, 0x06, 0x6F,
    0x1F, 0xFF, 0xA8, 0x00, 0x73, 0xFF, 0xA2, 0x0C, 0x00, 0x60, 0x88, 0x00, 0x00, 0x00, 0xE2, 0xC3,
    0x00, 0x00, 0x00, 0xAF, 0xE8, 0xFC, 0x85, 0x5B, 0xF6, 0xF8, 0xCE, 0xD5, 0xB1, 0xD3, 0xCF, 0xB4,
    0xB5, 0xDD, 0x75, 0xD7, 0xCD, 0x54, 0xC4, 0x73, 0x00, 0x00, 0x00, 0x37, 0xDF, 0xE6, 0x51, 0x00,
    0x00, 0x04, 0x95, 0xFF, 0x00, 0x00, 0x13, 0xD1, 0xFD, 0x04, 0x00, 0x3B, 0xA3, 0xED, 0x2B, 0x00,
    0xBC, 0xFF, 0xFF, 0x5A, 0x17, 0xED, 0x28, 0xE6, 0x8A, 0x00, 0xFF, 0xFF, 0xFF, 0x78, 0x19, 0xFF,
    0x22, 0xDD, 0xA7, 0x61, 0xFF, 0xFF, 0xFF, 0x1C, 0xA9, 0xE6, 0x03, 0xFF, 0x6C, 0xC8, 0xFF, 0xFF,
    0xEB, 0x13, 0x00, 0xA8, 0xFF, 0xFF, 0x85, 0x55, 0xFF, 0x2D, 0x69, 0xA3, 0xA2, 0xE6, 0x00, 0x00,
    0x00, 0xAB, 0xD7, 0x04, 0xA1, 0x42, 0x39, 0xFF, 0xFF, 0xD3, 0x0C, 0x01, 0xFF, 0xFF, 0xFF, 0x51,
    0x37, 0xFF, 0x10, 0xB7, 0xCE, 0x7F, 0xFF, 0x00, 0xC0, 0xC4, 0xA6, 0xCF, 0x13, 0xFF, 0x87, 0xE1,
    0xFF, 0xFF, 0xAC, 0x03, 0x00, 0xFF, 0xFF, 0xFF, 0xD5, 0x13, 0xFF, 0x34, 0x00, 0x00, 0x5B, 0xFF,
    0xFF, 0xFF, 0x51, 0xA3, 0xF0, 0x00, 0x00, 0x00, 0xC3, 0xFF, 0xFF, 0xFF, 0x00, 0x00, 0xFF, 0xFF,
    0xFF, 0xFC, 0x13, 0xFF, 0x34, 0x00, 0x00, 0x5B, 0xFF, 0xFF, 0xFF, 0x46, 0xA3, 0xF5, 0x00, 0x00,
    0x00, 0xC3, 0xB9, 0x00, 0x00, 0x00, 0x00, 0xB2, 0xFF, 0xFF, 0x6D, 0x63, 0xFF, 0x1F, 0x6C, 0x70,
    0xB1, 0xD9, 0xAB, 0xFF, 0x9A, 0xBF, 0xCF, 0x0D, 0xFF, 0x6F, 0x5E, 0xFF, 0xE9, 0xFF, 0x2D, 0x09,
    0xFF, 0x42, 0x90, 0xFD, 0x49, 0xFF, 0x06, 0xB1, 0xC3, 0x91, 0xFF, 0xFF, 0xFF, 0xA3, 0xB5, 0xC8,
    0x00, 0xFF, 0x5D, 0xF0, 0xA8, 0x30, 0xFF, 0x18, 0x00, 0xEE, 0xFF, 0xFF, 0xBF, 0x00, 0x00, 0xFF,
    0x76, 0x00, 0x00, 0x1B, 0xFF, 0x2D, 0x00, 0x00, 0x64, 0xFF, 0x00, 0x00, 0xB1, 0xFF, 0xFF, 0xF6,
    0x00, 0x00, 0xA6, 0xFF, 0xFF, 0xB2, 0x00, 0x00, 0x00, 0xFF, 0x8E, 0x00, 0x00, 0x07, 0xFF, 0x46,
    0x87, 0x67, 0x5E, 0xFF, 0x07, 0x87, 0xFF, 0xFF, 0x9D, 0x00, 0x99, 0x79, 0xA3, 0xD0, 0x15, 0xAE,
    0xC3, 0xFF, 0x19, 0x00, 0xCA, 0xFF, 0x9C, 0x00, 0x00, 0xD2, 0xB8, 0xFF, 0x00, 0x00, 0xC9, 0x37,
    0xFF, 0x54, 0x00, 0x00, 0xF1, 0xA0, 0x00, 0x00, 0x00, 0xFF, 0x58, 0x00, 0x00, 0x31, 0xFF, 0x13,
    0x00, 0x00, 0x79, 0xFF, 0x00, 0x00, 0x00, 0xA0, 0xFF, 0xFF, 0xFF, 0x21, 0x00, 0x8E, 0x8E, 0xDF,
    0x04, 0x00, 0xB9, 0xE9, 0xFE, 0x00, 0x00, 0xAE, 0xFF, 0xBA, 0x00, 0x00, 0xBA, 0x90, 0xAC, 0x00,
    0x00, 0xA9, 0x00, 0x99, 0x00, 0x09, 0xFF, 0xC3, 0x5B, 0xFD, 0x49, 0xFF, 0xFF, 0xA5, 0xC3, 0x91,
    0xD7, 0xFF, 0xCF, 0xA3, 0xB5, 0xB5, 0xF2, 0xFF, 0x5D, 0xF0, 0x6C, 0xB1, 0xFF, 0x18, 0x03, 0xB2,
    0xFF, 0xFF, 0x5B, 0x8B, 0xFF, 0x12, 0xB4, 0xD9, 0xCD, 0xC6, 0x00, 0xC0, 0xD0, 0xD5, 0xBA, 0x0D,
    0xFF, 0x90, 0x58, 0xFF, 0xFF, 0xB7, 0x04, 0x00, 0xFF, 0xFF, 0xFF, 0x9F, 0x13, 0xFF, 0x2A, 0xBA,
    0xDF, 0x5B, 0xFF, 0xFF, 0xFF, 0x4F, 0xA3, 0xE9, 0x00, 0x00, 0x00, 0xC3, 0xB5, 0x00, 0x00, 0x00,
    0x00, 0xA6, 0xFF, 0xFF, 0x4C, 0x73, 0xFF, 0x16, 0xB9, 0xD2, 0xC0, 0xD5, 0x00, 0xB1, 0xDC, 0xDD,
    0xAA, 0x00, 0xF2, 0xA2, 0xA1, 0xFF, 0xA0, 0xFF, 0x2D, 0x06, 0xA6, 0xFF, 0x67, 0x51, 0x00, 0x00,
    0xA8, 0xFF, 0x5D, 0x00, 0xFF, 0xFF, 0xFF, 0x9A, 0x19, 0xFF, 0x1F, 0xBB, 0xDC, 0x61, 0xFF, 0xFF,
    0xFF, 0x48, 0xA9, 0xDF, 0xA7, 0xD0, 0x00, 0xC8, 0xAB, 0x57, 0xFF, 0x0F, 0x03, 0xBF, 0xFF, 0xFF,
    0x94, 0x40, 0xFF, 0x3F, 0x28, 0x1B, 0x04, 0xB2, 0xFF, 0xE8, 0x22, 0x43, 0x24, 0x10, 0xFF, 0x78,
    0xBD, 0xFF, 0xFF, 0xD4, 0x0D, 0xC4, 0xFF, 0xFF, 0xD3, 0x25, 0x00, 0xCC, 0x76, 0x00, 0x00, 0x0E,
    0xD1, 0x2D, 0x00, 0x00, 0x3A, 0xDF, 0x00, 0x00, 0x00, 0x65, 0xDE, 0x00, 0x00, 0x00, 0x19, 0xFF,
    0x27, 0x7F, 0xFF, 0x61, 0xFF, 0x00, 0xA8, 0xD0, 0xAB, 0xE3, 0x00, 0xE6, 0xB2, 0xBB, 0xC0, 0x12,
    0xFF, 0x5A, 0x70, 0xFF, 0xFF, 0xC5, 0x00, 0xC1, 0x33, 0x5A, 0xD2, 0x1F, 0xB0, 0x44, 0xD5, 0x91,
    0x00, 0xA0, 0x80, 0xFF, 0x22, 0x00, 0x99, 0xEC, 0xC5, 0x00, 0x00, 0x99, 0xFF, 0x3A, 0x00, 0x00,
    0xB2, 0x27, 0x00, 0xD8, 0x3A, 0xA1, 0xEC, 0x97, 0xCC, 0x00, 0xC7, 0xF4, 0xC3, 0xA5, 0x00, 0xF8,
    0xBF, 0xFF, 0x78, 0x00, 0xF8, 0xC4, 0xFF, 0x2B, 0x00, 0x00, 0x77, 0x67, 0xE0, 0x09, 0x00, 0x4E,
    0xFC, 0x7F, 0x00, 0x00, 0x3B, 0xFF, 0x43, 0x00, 0x00, 0x85, 0xD2, 0x60, 0x00, 0x0D, 0xDB, 0x30,
    0x91, 0x00, 0xB7, 0x4C, 0x82, 0xD2, 0x1E, 0x99, 0xB8, 0xFF, 0x4E, 0x00, 0x6E, 0xF1, 0xA2, 0x00,
    0x00, 0x3D, 0xE0, 0x04, 0x00, 0x00, 0x65, 0xE0, 0x00, 0x00, 0x00, 0x09, 0xFF, 0xFF, 0xFF, 0xFF,
    0x00, 0x00, 0x63, 0xFF, 0x54, 0x00, 0x60, 0xFF, 0x57, 0x00, 0x5B, 0xFF, 0x5B, 0x00, 0x00, 0xFF,
    0xFF, 0xFF, 0xFF, 0x31, 0x00, 0x00, 0xFF, 0xF0, 0xB7, 0x00, 0x2E, 0xFF, 0x00, 0x00, 0x00, 0x72,
    0xCE, 0x00, 0x00, 0x00, 0xB5, 0xB4, 0x00, 0x00, 0x00, 0xCF, 0x72, 0x00, 0x00, 0x00, 0xFF, 0x2E,
    0x00, 0x00, 0x03, 0xFF, 0xF0, 0xA3, 0x00, 0xC8, 0x7E, 0x00, 0xA5, 0xA7, 0x00, 0x5A, 0xE6, 0x00,
    0x12, 0xFF, 0x00, 0x00, 0xFF, 0x28, 0x00, 0xD0, 0x73, 0x00, 0xAF, 0xBE, 0x00, 0xB1, 0xF6, 0xFF,
    0x00, 0x00, 0x00, 0x4B, 0xF0, 0x00, 0x00, 0x00, 0x8D, 0xB7, 0x00, 0x00, 0x00, 0xAD, 0x99, 0x00,
    0x00, 0x00, 0xE6, 0x55, 0x00, 0x00, 0x00, 0xFF, 0x15, 0x00, 0xA5, 0xF0, 0xF7, 0x00, 0x00, 0x00,
    0x1C, 0xFF, 0xD5, 0x00, 0x00, 0xD3, 0xAB, 0xFF, 0x1F, 0x87, 0xFC, 0x04, 0xD5, 0xA2, 0x40, 0x36,
    0x00, 0x3C, 0x2B, 0x05, 0xCE, 0xFF, 0xF9, 0xE2, 0x00, 0x06, 0x00, 0x70, 0xD5, 0x00, 0x03, 0xB7,
    0x00, 0x28, 0xFF, 0xFF, 0xFA, 0xA8, 0xAD, 0xE3, 0x00, 0xFF, 0x64, 0xD8, 0xAA, 0x54, 0xFF, 0x21,
    0x9F, 0xFF, 0xA6, 0xFF, 0x76, 0x00, 0xFF, 0x5A, 0x00, 0x00, 0x24, 0xFF, 0x21, 0x00, 0x00, 0x63,
    0xFF, 0xC6, 0xFF, 0x55, 0xA2, 0xFF, 0x10, 0xEB, 0xB2, 0xBB, 0xCA, 0x0D, 0xFF, 0x79, 0xEE, 0xDD,
    0xFF, 0xD7, 0x04, 0x04, 0xC3, 0xFF, 0xFF, 0x1F, 0x88, 0xFF, 0x07, 0x4F, 0x07, 0xA1, 0xE1, 0x03,
    0xB5, 0x18, 0x40, 0xFF, 0xFF, 0xAC, 0x00, 0x00, 0x00, 0x00, 0x78, 0xFF, 0x00, 0x00, 0x00, 0xB1,
    0xD7, 0x22, 0xFB, 0xFF, 0xEB, 0xA2, 0xA7, 0xE8, 0x01, 0xFF, 0x84, 0xD7, 0xA8, 0x34, 0xFF, 0x45,
    0x99, 0xFF, 0xD4, 0xFF, 0x0A, 0x03, 0xB9, 0xFF, 0xFF, 0x37, 0x87, 0xFF, 0x0A, 0xFF, 0x7E, 0xA0,
    0xFF, 0xD4, 0xA2, 0x03, 0x3F, 0xFF, 0xFF, 0xD2, 0x10, 0x00, 0x00, 0x57, 0xFF, 0x30, 0x00, 0x00,
    0xCD, 0x4C, 0x00, 0x00, 0x7C, 0xFF, 0xF1, 0x00, 0x00, 0x01, 0xFF, 0x1B, 0x00, 0x00, 0x15, 0xFF,
    0x04, 0x00, 0x00, 0x2F, 0xFF, 0x00, 0x00, 0x14, 0xDD, 0xDD, 0x00, 0x00, 0x00, 0xD8, 0x78, 0x00,
    0x00, 0x22, 0xF7, 0xFF, 0xE7, 0xB2, 0xA3, 0xF2, 0x00, 0xFF, 0x9A, 0xCE, 0xB7, 0x2D, 0xFF, 0x5D,
    0x87, 0xFF, 0xBA, 0xFF, 0x21, 0x34, 0x07, 0x87, 0xFF, 0x00, 0xB2, 0xFF, 0xFF, 0x61, 0x00, 0x00,
    0xFF, 0x6A, 0x00, 0x00, 0x16, 0xFF, 0x30, 0x00, 0x00, 0x57, 0xFF, 0xB7, 0xFF, 0x4F, 0x96, 0xFF,
    0x13, 0xFF, 0x8D, 0xB1, 0xCA, 0x01, 0xFF, 0x51, 0xE4, 0xB1, 0x31, 0xFF, 0x10, 0x00, 0x00, 0x3C,
    0x19, 0x00, 0x00, 0x00, 0xFF, 0x90, 0x00, 0x00, 0x00, 0x00, 0x00, 0x00, 0x7B, 0xFF, 0xFF, 0x0D,
    0x00, 0x00, 0x7F, 0xFF, 0x00, 0x00, 0x00, 0xA8, 0xD0, 0xCA, 0x3C, 0x00, 0x97, 0xFF, 0xB7, 0x00,
    0x00, 0x00, 0x03, 0x51, 0x01, 0x00, 0x00, 0x4B, 0xFF, 0x1F, 0x00, 0x00, 0x00, 0x00, 0x00, 0x00,
    0xFF, 0xFF, 0xED, 0x00, 0x00, 0x00, 0xC0, 0xBA, 0x00, 0x00, 0x00, 0xF2, 0xA2, 0x00, 0x15, 0x00,
    0xFF, 0x64, 0x00, 0xF3, 0x9C, 0xFF, 0x24, 0x00, 0x55, 0xFF, 0xD4, 0x00, 0x00, 0x00, 0xFF, 0x66,
    0x00, 0x00, 0x1C, 0xFF, 0x2D, 0x00, 0x00, 0x5D, 0xFF, 0xAD, 0xFF, 0x64, 0x9C, 0xFF, 0x28, 0xFF,
    0x5B, 0xB6, 0xD8, 0xFF, 0x76, 0x3D, 0xE9, 0xAB, 0xBC, 0xFF, 0x64, 0x4B, 0xFF, 0xFF, 0x34, 0x00,
    0x00, 0x51, 0xFF, 0x01, 0x00, 0x00, 0x96, 0xF6, 0x00, 0x00, 0x00, 0xB7, 0xBA, 0x01, 0x00, 0x00,
    0xEE, 0xA6, 0xF8, 0x0D, 0x00, 0xC0, 0xFF, 0x69, 0x00, 0x00, 0xC2, 0xF1, 0xD4, 0xC0, 0x00, 0xCB,
    0xBA, 0x8C, 0xCE, 0x00, 0xEF, 0xAE, 0xBE, 0xB4, 0x06, 0xF2, 0xA3, 0xCE, 0x6F, 0x4C, 0xFF, 0xA6,
    0xFF, 0x4F, 0x8E, 0xFF, 0x0A, 0xFF, 0x8D, 0xAD, 0xC9, 0x01, 0xFF, 0x51, 0xE3, 0xAF, 0x33, 0xFF,
    0x10, 0x12, 0xD5, 0xFF, 0xFF, 0x25, 0xB5, 0xEC, 0x00, 0xF5, 0x9A, 0xC3, 0xB2, 0x0C, 0xFF, 0x66,
    0x57, 0xFF, 0xFF, 0xAD, 0x00, 0x00, 0x66, 0xDC, 0xF8, 0x55, 0x00, 0x9E, 0x83, 0xD2, 0xB2, 0x00,
    0xB2, 0x6B, 0xE7, 0x79, 0x00, 0xE2, 0xEE, 0xDB, 0x04, 0x00, 0xF0, 0x35, 0x00, 0x00, 0x09, 0xEB,
    0x1A, 0x00, 0x00, 0x22, 0xFB, 0xFF, 0xEB, 0xAD, 0xA7, 0xE8, 0x01, 0xFF, 0x94, 0xD7, 0xA8, 0x34,
    0xFF, 0x58, 0x99, 0xFF, 0xBB, 0xFF, 0x1C, 0x00, 0x00, 0x6A, 0xFF, 0x00, 0x00, 0x00, 0x9F, 0xF3,
    0x00, 0x36, 0xFF, 0xFF, 0xC5, 0xD2, 0x00, 0x9C, 0xFF, 0x46, 0x13, 0x00, 0xB7, 0xBA, 0x00, 0x00,
    0x00, 0xED, 0xA2, 0x00, 0x00, 0x09, 0xDD, 0xFF, 0xFB, 0x1C, 0x31, 0xFF, 0xB7, 0x48, 0x00, 0x0C,
    0x5E, 0xAB, 0xFF, 0x0F, 0x81, 0xFF, 0xFF, 0xB9, 0x00, 0x00, 0x2D, 0xFF, 0x0C, 0x00, 0x8B, 0xFF,
    0xFF, 0xFF, 0x8D, 0x00, 0xB0, 0xC6, 0x00, 0x00, 0x00, 0xE7, 0xBE, 0xB9, 0x28, 0x00, 0xB9, 0xFF,
    0xAB, 0x00, 0x60, 0xFF, 0x00, 0xD5, 0xA1, 0xA5, 0xEB, 0x00, 0xFF, 0x7F, 0xB7, 0xBE, 0x3D, 0xFF,
    0x3D, 0x90, 0xFF, 0xC9, 0xFF, 0x06, 0x00, 0x00, 0x00, 0x03, 0x00, 0xB0, 0xFF, 0x4B, 0xFF, 0x67,
    0x27, 0xFF, 0x0F, 0xFD, 0x88, 0x63, 0xFF, 0x49, 0xFF, 0x25, 0x3D, 0xFF, 0xFB, 0x5D, 0x00, 0x00,
    0x00, 0x00, 0x00, 0x01, 0xB8, 0xAB, 0xFF, 0x97, 0xA6, 0xD3, 0x6C, 0xFF, 0x87, 0xB5, 0xFF, 0x73,
    0xE3, 0xC0, 0x87, 0xE9, 0xC5, 0xFF, 0xD7, 0x04, 0x00, 0x79, 0xE4, 0xE1, 0xC8, 0x00, 0x45, 0xA3,
    0x4B, 0x84, 0x02, 0x95, 0xB6, 0x4A, 0x36, 0x00, 0xF8, 0xD6, 0xF5, 0x42, 0x5D, 0xFF, 0x00, 0xD4,
    0xA2, 0x9F, 0xF1, 0x00, 0xFF, 0x85, 0xB2, 0xC4, 0x3A, 0xFF, 0x48, 0x88, 0xFF, 0xB4, 0xFF, 0x0C,
    0x3A, 0x04, 0xA3, 0xFB, 0x00, 0xC4, 0xFF, 0xFF, 0x51, 0x00, 0x3A, 0xFF, 0xFF, 0xDE, 0xAF, 0x3D,
    0x60, 0xC1, 0xD5, 0x15, 0x30, 0xFB, 0xAC, 0xA5, 0x40, 0xF5, 0xC1, 0xFF, 0xFF, 0x48, 0x00, 0x00,
    0xB6, 0xF7, 0xA2, 0x00, 0x00, 0xFF, 0x37, 0x00, 0x00, 0x00, 0xAD, 0xAE, 0x00, 0x28, 0xFA, 0xFF,
    0x28, 0x00, 0x00, 0x0F, 0xFF, 0x31, 0x00, 0x00, 0xAF, 0xA0, 0x00, 0x00, 0x00, 0xA6, 0xF8, 0xB1,
    0x00, 0x00, 0xA2, 0xBB, 0x00, 0xD8, 0x79, 0x00, 0xFF, 0x37, 0x0A, 0xFF, 0x03, 0x48, 0xFF, 0x00,
    0x88, 0xC9, 0x00, 0xA7, 0xAF, 0x00, 0x00, 0xA1, 0xFF, 0xAC, 0x00, 0x00, 0x00, 0xA7, 0xAF, 0x00,
    0x00, 0x43, 0xFF, 0x04, 0x00, 0x00, 0x34, 0xFF, 0xF7, 0x1B, 0x00, 0xBD, 0xA0, 0x00, 0x00, 0x00,
    0x46, 0xF8, 0x00, 0x00, 0xB1, 0xF5, 0xA5, 0x00, 0x00, 0x60, 0xFF, 0xBF, 0x73, 0xB1, 0xBB, 0x4C,
    0xE4, 0xFF, 0x3A, 0x21, 0xFF, 0x73, 0x09, 0x84, 0x12, 0x00, 0x5A, 0x00, 0x49, 0xD0, 0x00, 0xB2,
    0xD7, 0x00, 0xF5, 0xA7, 0x00, 0x00, 0x00, 0x5A, 0x51, 0x00, 0x00, 0x85, 0xFF, 0xDE, 0x18, 0x63,
    0xFF, 0xF6, 0x8D, 0x2A, 0xA2, 0xC3, 0xF0, 0x2D, 0x00, 0x6D, 0xFF, 0xFF, 0xF3, 0x10, 0x00, 0x94,
    0xC5, 0x01, 0x00, 0x00, 0x82, 0xFF, 0xFF, 0x9D, 0x00, 0xFF, 0x88, 0x2B, 0x3C, 0x9F, 0xFF, 0xFF,
    0xBD, 0x00, 0x2D, 0xFF, 0x72, 0x55, 0x8A, 0xDC, 0xBE, 0xEB, 0xFF, 0xB2, 0x07, 0x85, 0x00, 0x16,
    0x7C, 0x01, 0xFF, 0xFF, 0xFF, 0xA9, 0x5A, 0xFF, 0x13, 0xF2, 0x9F, 0x8E, 0xFF, 0x0F, 0xFF, 0x6A,
    0x97, 0xFF, 0xFF, 0xFF, 0x06, 0x78, 0x1E, 0x00, 0x82, 0x0C, 0xB3, 0x44, 0x84, 0xD2, 0x1E, 0x81,
    0xD1, 0xFF, 0x1D, 0x00, 0xD7, 0xFF, 0xFF, 0x54, 0x00, 0x40, 0xE1, 0x00, 0x00, 0x00, 0xEC, 0xFF,
    0xFF, 0x0C, 0x00, 0x00, 0xA2, 0xBA, 0x00, 0xD9, 0x76, 0x00, 0xC1, 0x2B, 0x00, 0x00, 0x00, 0x58,
    0xF5, 0x00, 0x9A, 0xBC, 0x00, 0x96, 0x78, 0x00, 0x00, 0xB7, 0xFF, 0xFF, 0x4C, 0x00, 0xFF, 0x75,
    0x18, 0x01, 0x06, 0xC5, 0xFF, 0xFF, 0x25, 0xB2, 0xC4, 0x03, 0xFF, 0x48, 0x4E, 0xFF, 0xFF, 0xA2,
    0x00, 0x1F, 0x0D, 0xBE, 0xD2, 0x00, 0x8B, 0xFD, 0xFA, 0x55, 0x00, 0xFB, 0x90, 0xFF, 0x13, 0x21,
    0x04, 0x22, 0x00, 0x00, 0x67, 0x99, 0xA6, 0x19, 0x73, 0x5D, 0x00, 0x0D, 0xBA, 0xB5, 0x79, 0xEE,
    0xA2, 0xAE, 0xAF, 0xFF, 0x24, 0x27, 0xB8, 0xBD, 0xAB, 0xE7, 0xAB, 0x78, 0x1C, 0xA5, 0x94, 0x69,
    0x00, 0x3C, 0xCE, 0xEC, 0x00, 0x78, 0xA3, 0xFF, 0x00, 0xBC, 0xBB, 0xF8, 0x00, 0x00, 0x5E, 0x82,
    0x6C, 0x73, 0x82, 0xFF, 0xBB, 0xFA, 0x1E, 0x96, 0xFB, 0xB2, 0xF0, 0x06, 0x00, 0x8A, 0x0F, 0x90,
    0x0A, 0x93, 0xFF, 0xFF, 0xFF, 0x57, 0x00, 0x00, 0x00, 0xFF, 0x1B, 0x00, 0x00, 0x01, 0x9D, 0x00,
    0xEB, 0xFF, 0xDE, 0x2A, 0x30, 0x1E, 0x3C, 0xFF, 0xBB, 0x00, 0xA6, 0xAF, 0xAE, 0x10, 0x55, 0x76,
    0x5D, 0x00, 0xB8, 0xFA, 0xCD, 0x4C, 0xDC, 0xD7, 0x12, 0xDD, 0x3A, 0xC4, 0x5A, 0x7F, 0xEC, 0xB5,
    0x03, 0x00, 0x00, 0xDF, 0x76, 0x00, 0x63, 0xFF, 0xFF, 0xFF, 0xAC, 0x00, 0x13, 0xFF, 0x01, 0x00,
    0x00, 0x1C, 0x9D, 0x00, 0x00, 0xD5, 0xFF, 0xFF, 0xFF, 0x10, 0x22, 0xDC, 0xD9, 0x00, 0x88, 0xB7,
    0xB5, 0xFF, 0xA6, 0x1B, 0xCD, 0xDD, 0x00, 0xBB, 0xBC, 0x78, 0xD4, 0xA7, 0x00, 0x04, 0x00, 0x00,
    0xB9, 0xA2, 0x04, 0xB7, 0x04, 0x00, 0x5B, 0x81, 0xB6, 0xAB, 0x00, 0x93, 0x7F, 0xE6, 0x8B, 0x00,
    0xAA, 0x76, 0xE8, 0x49, 0x00, 0xDC, 0xDF, 0xF9, 0x0C, 0x00, 0xED, 0x26, 0x00, 0x00, 0x04, 0xEB,
    0x1E, 0x00, 0x00, 0x77, 0xF3, 0xFF, 0xCD, 0x06, 0xCE, 0xFF, 0xA6, 0xCC, 0x00, 0xC7, 0xFF, 0xA5,
    0xA2, 0x00, 0x3D, 0xE0, 0xB5, 0x8C, 0x00, 0x1F, 0xD3, 0xCD, 0x55, 0x00, 0x49, 0xB3, 0xFF, 0x1F,
    0x00, 0x24, 0x41, 0x7E, 0x00, 0x00, 0x15, 0xA9, 0x22, 0x6C, 0xFF, 0x45, 0x00, 0x31, 0x00, 0x06,
    0xC3, 0x10, 0x64, 0xC3, 0x46, 0x19, 0xFF, 0xB1, 0x00, 0xB4, 0x73, 0x49, 0xFF, 0xBA, 0x5B, 0xE7,
    0xF5, 0x16, 0xD0, 0x43, 0xD4, 0x3D, 0xA3, 0xE7, 0xC9, 0x00, 0x39, 0x9C, 0x46, 0x8B, 0x00, 0x10,
    0xFF, 0x8E, 0xFF, 0x60, 0x66, 0xFF, 0xB7, 0xFF, 0x33, 0x7C, 0x22, 0x85, 0x1B, 0x00, 0x00, 0x20,
    0x19, 0x23, 0x1F, 0x00, 0x91, 0x3A, 0x99, 0x0C, 0x00, 0x56, 0x09, 0x85, 0x00, 0x00, 0x98, 0x6F,
    0x44, 0x00, 0x00, 0x58, 0x3C, 0xAB, 0x00, 0x05, 0x9A, 0xB8, 0xA4, 0x00, 0x0F, 0x1C, 0x00, 0x15,
    0x00, 0x00, 0x73, 0x37, 0x66, 0x24, 0x00, 0x56, 0x10, 0xA0, 0x00, 0x00, 0x98, 0x6C, 0x3B, 0x00,
    0x00, 0x32, 0x5A, 0x89, 0x00, 0x00, 0x8E, 0x10, 0x81, 0x00, 0x16, 0x6C, 0xBD, 0x77, 0x00, 0x00,
    0x58, 0x9F, 0x67, 0x24, 0x00, 0x47, 0xB1, 0x9D, 0x00, 0x00, 0x81, 0x73, 0x46, 0x00, 0x00, 0x5F,
    0x42, 0xAA, 0x00, 0x05, 0x99, 0xBA, 0xA4, 0x00, 0x0F, 0x1C, 0x00, 0x15, 0x00, 0x00, 0x00, 0x60,
    0x33, 0x00, 0x01, 0xFF, 0x9D, 0x00, 0x00, 0x00, 0x00, 0x00, 0x67, 0xFF, 0x1F, 0xB1, 0xFF, 0x57,
    0x00, 0xEB, 0xB6, 0x46, 0x9F, 0x82, 0xFF, 0xFF, 0x84, 0x00, 0x00, 0x56, 0x34, 0x00, 0x00, 0x00,
    0x57, 0x93, 0x00, 0x00, 0x00, 0x00, 0x00, 0x00, 0x00, 0x04, 0x95, 0xFF, 0x00, 0x00, 0x13, 0xD1,
    0xFD, 0x04, 0x00, 0x3B, 0xA3, 0xED, 0x2B, 0x00, 0xBC, 0xFF, 0xFF, 0x5A, 0x17, 0xED, 0x28, 0xE6,
    0x8A, 0x00, 0x00, 0x03, 0xAA, 0x16, 0x00, 0x00, 0x3B, 0xA8, 0x00, 0x00, 0x00, 0x00, 0x00, 0x00,
    0x00, 0x04, 0x95, 0xFF, 0x00, 0x00, 0x13, 0xD1, 0xFD, 0x04, 0x00, 0x3B, 0xA3, 0xED, 0x2B, 0x00,
    0xBC, 0xFF, 0xFF, 0x5A, 0x17, 0xED, 0x28, 0xE6, 0x8A, 0x00, 0x00, 0x05, 0x19, 0x00, 0x00, 0x00,
    0x6F, 0xFC, 0x30, 0x00, 0x09, 0x86, 0x8C, 0x9A, 0x00, 0x00, 0x00, 0x00, 0x00, 0x00, 0x04, 0x95,
    0xFF, 0x00, 0x00, 0x13, 0xD1, 0xFD, 0x04, 0x00, 0x3B, 0xA3, 0xED, 0x2B, 0x00, 0xBC, 0xFF, 0xFF,
    0x5A, 0x17, 0xED, 0x28, 0xE6, 0x8A, 0x00, 0x05, 0x95, 0xAA, 0x64, 0x00, 0x05, 0x74, 0xF8, 0x7E,
    0x00, 0x00, 0x00, 0x00, 0x00, 0x00, 0x04, 0x95, 0xFF, 0x00, 0x00, 0x13, 0xD1, 0xFD, 0x04, 0x00,
    0x3B, 0xA3, 0xED, 0x2B, 0x00, 0xBC, 0xFF, 0xFF, 0x5A, 0x17, 0xED, 0x28, 0xE6, 0x8A, 0x00, 0x00,
    0x0B, 0x08, 0x0D, 0x00, 0x0B, 0xB6, 0xB3, 0xAC, 0x00, 0x00, 0x00, 0x00, 0x00, 0x00, 0x04, 0x95,
    0xFF, 0x00, 0x00, 0x13, 0xD1, 0xFD, 0x04, 0x00, 0x3B, 0xA3, 0xED, 0x2B, 0x00, 0xBC, 0xFF, 0xFF,
    0x5A, 0x17, 0xED, 0x28, 0xE6, 0x8A, 0x00, 0x00, 0x2B, 0xA8, 0x0A, 0x00, 0x00, 0x7A, 0xBE, 0x76,
    0x00, 0x00, 0x6C, 0xD8, 0x21, 0x00, 0x00, 0x00, 0x00, 0x00, 0x00, 0x04, 0x95, 0xFF, 0x00, 0x00,
    0x13, 0xD1, 0xFD, 0x04, 0x00, 0x3B, 0xA3, 0xED, 0x2B, 0x00, 0xBC, 0xFF, 0xFF, 0x5A, 0x17, 0xED,
    0x28, 0xE6, 0x8A, 0x00, 0x0B, 0xFF, 0xFF, 0x8A, 0x00, 0x4A, 0xD5, 0x6A, 0x00, 0x00, 0x6A, 0xAF,
    0xFB, 0x00, 0x00, 0xBB, 0xFF, 0x4D, 0x00, 0x00, 0xCF, 0xD3, 0xCB, 0x00, 0x00, 0x99, 0xFF, 0xFF,
    0x81, 0x46, 0xFF, 0x2E, 0x75, 0xB5, 0xBB, 0xF0, 0x00, 0x00, 0x00, 0xB2, 0xC9, 0x00, 0x66, 0x27,
    0x67, 0xFF, 0xD0, 0xFF, 0x2A, 0x00, 0x39, 0xE4, 0x33, 0x00, 0x00, 0x7B, 0xB9, 0x33, 0x00, 0x00,
    0x00, 0xA6, 0x2B, 0x00, 0x00, 0x00, 0xA6, 0x9A, 0x00, 0x00, 0x00, 0x00, 0x00, 0x00, 0x00, 0xFF,
    0xFF, 0xFF, 0xD5, 0x13, 0xFF, 0x34, 0x00, 0x00, 0x5B, 0xFF, 0xFF, 0xFF, 0x51, 0xA3, 0xF0, 0x00,
    0x00, 0x00, 0xC3, 0xFF, 0xFF, 0xFF, 0x00, 0x00, 0x00, 0x03, 0xBA, 0x1B, 0x00, 0x00, 0x6C, 0xB7,
    0x00, 0x00, 0x00, 0x00, 0x00, 0x00, 0x00, 0xFF, 0xFF, 0xFF, 0xD5, 0x13, 0xFF, 0x34, 0x00, 0x00,
    0x5B, 0xFF, 0xFF, 0xFF, 0x51, 0xA3, 0xF0, 0x00, 0x00, 0x00, 0xC3, 0xFF, 0xFF, 0xFF, 0x00, 0x00,
    0x00, 0x07, 0x1C, 0x00, 0x00, 0x01, 0xD8, 0xFF, 0x39, 0x00, 0x51, 0xBE, 0x81, 0xA3, 0x00, 0x00,
    0x00, 0x00, 0x00, 0x00, 0xFF, 0xFF, 0xFF, 0xD5, 0x13, 0xFF, 0x34, 0x00, 0x00, 0x5B, 0xFF, 0xFF,
    0xFF, 0x51, 0xA3, 0xF0, 0x00, 0x00, 0x00, 0xC3, 0xFF, 0xFF, 0xFF, 0x00, 0x00, 0x00, 0x15, 0x06,
    0x0F, 0x00, 0x64, 0xFF, 0xA2, 0xB6, 0x00, 0x00, 0x00, 0x00, 0x00, 0x00, 0xFF, 0xFF, 0xFF, 0xD5,
    0x13, 0xFF, 0x34, 0x00, 0x00, 0x5B, 0xFF, 0xFF, 0xFF, 0x51, 0xA3, 0xF0, 0x00, 0x00, 0x00, 0xC3,
    0xFF, 0xFF, 0xFF, 0x00, 0x00, 0x00, 0xA1, 0x30, 0x00, 0x00, 0x00, 0xA0, 0x9C, 0x00, 0x00, 0x00,
    0x00, 0x00, 0x00, 0x00, 0xEE, 0xFF, 0xFF, 0xBF, 0x00, 0x00, 0xFF, 0x76, 0x00, 0x00, 0x1B, 0xFF,
    0x2D, 0x00, 0x00, 0x64, 0xFF, 0x00, 0x00, 0xB1, 0xFF, 0xFF, 0xF6, 0x00, 0x00, 0x00, 0x03, 0xBA,
    0x1B, 0x00, 0x00, 0x6C, 0xB7, 0x00, 0x00, 0x00, 0x00, 0x00, 0x00, 0x00, 0xEE, 0xFF, 0xFF, 0xBF,
    0x00, 0x00, 0xFF, 0x76, 0x00, 0x00, 0x1B, 0xFF, 0x2D, 0x00, 0x00, 0x64, 0xFF, 0x00, 0x00, 0xB1,
    0xFF, 0xFF, 0xF6, 0x00, 0x00, 0x00, 0x07, 0x1C, 0x00, 0x00, 0x00, 0xD3, 0xFF, 0x39, 0x00, 0x4B,
    0xBF, 0x7C, 0xA5, 0x00, 0x00, 0x00, 0x00, 0x00, 0x00, 0xEE, 0xFF, 0xFF, 0xBF, 0x00, 0x00, 0xFF,
    0x76, 0x00, 0x00, 0x1B, 0xFF, 0x2D, 0x00, 0x00, 0x64, 0xFF, 0x00, 0x00, 0xB1, 0xFF, 0xFF, 0xF6,
    0x00, 0x00, 0x00, 0x15, 0x06, 0x0F, 0x00, 0x63, 0xFF, 0xA1, 0xB7, 0x00, 0x00, 0x00, 0x00, 0x00,
    0x00, 0xEE, 0xFF, 0xFF, 0xBF, 0x00, 0x00, 0xFF, 0x76, 0x00, 0x00, 0x1B, 0xFF, 0x2D, 0x00, 0x00,
    0x64, 0xFF, 0x00, 0x00, 0xB1, 0xFF, 0xFF, 0xF6, 0x00, 0x00, 0xFF, 0xFF, 0xFF, 0x51, 0x2E, 0xFF,
    0x12, 0xB7, 0xCE, 0xDD, 0xFF, 0xCA, 0xC0, 0xC4, 0xA1, 0xD4, 0x13, 0xFF, 0x87, 0xDF, 0xFF, 0xFF,
    0xAC, 0x03, 0x00, 0x24, 0xF8, 0xA6, 0x6C, 0x00, 0x24, 0xBD, 0xFF, 0x8A, 0x00, 0x00, 0x00, 0x00,
    0x00, 0x09, 0xFF, 0xC3, 0x5B, 0xFD, 0x49, 0xFF, 0xFF, 0xA5, 0xC3, 0x91, 0xD7, 0xFF, 0xCF, 0xA3,
    0xB5, 0xB5, 0xF2, 0xFF, 0x5D, 0xF0, 0x6C, 0xB1, 0xFF, 0x18, 0x00, 0x04, 0xB9, 0x10, 0x00, 0x00,
    0x00, 0xAC, 0x6F, 0x00, 0x00, 0x00, 0x00, 0x00, 0x00, 0x03, 0xB2, 0xFF, 0xFF, 0x5B, 0x8B, 0xFF,
    0x12, 0xB4, 0xD9, 0xCD, 0xC6, 0x00, 0xC0, 0xD0, 0xD5, 0xBA, 0x0D, 0xFF, 0x90, 0x58, 0xFF, 0xFF,
    0xB7, 0x04, 0x00, 0x00, 0x10, 0xBE, 0x09, 0x00, 0x00, 0x99, 0xAE, 0x00, 0x00, 0x00, 0x00, 0x00,
    0x00, 0x03, 0xB2, 0xFF, 0xFF, 0x5B, 0x8B, 0xFF, 0x12, 0xB4, 0xD9, 0xCD, 0xC6, 0x00, 0xC0, 0xD0,
    0xD5, 0xBA, 0x0D, 0xFF, 0x90, 0x58, 0xFF, 0xFF, 0xB7, 0x04, 0x00, 0x00, 0x1B, 0x33, 0x00, 0x00,
    0x0C, 0xFF, 0xFF, 0x21, 0x00, 0x79, 0xB2, 0xA6, 0x76, 0x00, 0x00, 0x00, 0x00, 0x00, 0x03, 0xB2,
    0xFF, 0xFF, 0x5B, 0x8B, 0xFF, 0x12, 0xB4, 0xD9, 0xCD, 0xC6, 0x00, 0xC0, 0xD0, 0xD5, 0xBA, 0x0D,
    0xFF, 0x90, 0x58, 0xFF, 0xFF, 0xB7, 0x04, 0x00, 0x45, 0xFF, 0xB7, 0x55, 0x00, 0x43, 0xBD, 0xFF,
    0x63, 0x00, 0x00, 0x00, 0x00, 0x00, 0x03, 0xB2, 0xFF, 0xFF, 0x5B, 0x8B, 0xFF, 0x12, 0xB4, 0xD9,
    0xCD, 0xC6, 0x00, 0xC0, 0xD0, 0xD5, 0xBA, 0x0D, 0xFF, 0x90, 0x58, 0xFF, 0xFF, 0xB7, 0x04, 0x00,
    0x03, 0x12, 0x0C, 0x09, 0x00, 0x93, 0xDF, 0xC9, 0xAB, 0x00, 0x00, 0x00, 0x00, 0x00, 0x03, 0xB2,
    0xFF, 0xFF, 0x5B, 0x8B, 0xFF, 0x12, 0xB4, 0xD9, 0xCD, 0xC6, 0x00, 0xC0, 0xD0, 0xD5, 0xBA, 0x0D,
    0xFF, 0x90, 0x58, 0xFF, 0xFF, 0xB7, 0x04, 0x00, 0x00, 0x00, 0x00, 0x00, 0x09, 0xF8, 0x51, 0xE1,
    0x5E, 0x00, 0xB2, 0xFF, 0xBD, 0x00, 0x5E, 0xFF, 0xC0, 0xF7, 0x03, 0x19, 0x2E, 0x00, 0x46, 0x00,
    0x00, 0x00, 0x00, 0x2B, 0x04, 0x00, 0x4B, 0xFF, 0xFC, 0x0D, 0x00, 0xBC, 0x3A, 0xE7, 0x00, 0x00,
    0xD2, 0xE1, 0xD2, 0x00, 0x00, 0xE5, 0x3F, 0xBF, 0x00, 0x0A, 0xFB, 0xFF, 0x4E, 0x00, 0x03, 0x2E,
    0x00, 0x00, 0x00, 0x00, 0x00, 0xA8, 0x27, 0x00, 0x00, 0x00, 0xAB, 0x94, 0x00, 0x00, 0x00, 0x00,
    0x00, 0x00, 0x19, 0xFF, 0x27, 0x7F, 0xFF, 0x61, 0xFF, 0x00, 0xA8, 0xD0, 0xAB, 0xE3, 0x00, 0xE6,
    0xB2, 0xBB, 0xC0, 0x12, 0xFF, 0x5A, 0x70, 0xFF, 0xFF, 0xC5, 0x00, 0x00, 0x00, 0x04, 0xBB, 0x18,
    0x00, 0x00, 0x72, 0xB2, 0x00, 0x00, 0x00, 0x00, 0x00, 0x00, 0x19, 0xFF, 0x27, 0x7F, 0xFF, 0x61,
    0xFF, 0x00, 0xA8, 0xD0, 0xAB, 0xE3, 0x00, 0xE6, 0xB2, 0xBB, 0xC0, 0x12, 0xFF, 0x5A, 0x70, 0xFF,
    0xFF, 0xC5, 0x00, 0x00, 0x00, 0x09, 0x1C, 0x00, 0x00, 0x01, 0xDC, 0xFF, 0x34, 0x00, 0x55, 0xB9,
    0x85, 0x9F, 0x00, 0x00, 0x00, 0x00, 0x00, 0x19, 0xFF, 0x27, 0x7F, 0xFF, 0x61, 0xFF, 0x00, 0xA8,
    0xD0, 0xAB, 0xE3, 0x00, 0xE6, 0xB2, 0xBB, 0xC0, 0x12, 0xFF, 0x5A, 0x70, 0xFF, 0xFF, 0xC5, 0x00,
    0x00, 0x00, 0x15, 0x07, 0x0D, 0x00, 0x6C, 0xFF, 0xA7, 0xB1, 0x00, 0x00, 0x00, 0x00, 0x00, 0x19,
    0xFF, 0x27, 0x7F, 0xFF, 0x61, 0xFF, 0x00, 0xA8, 0xD0, 0xAB, 0xE3, 0x00, 0xE6, 0xB2, 0xBB, 0xC0,
    0x12, 0xFF, 0x5A, 0x70, 0xFF, 0xFF, 0xC5, 0x00, 0x00, 0x06, 0xBE, 0x0F, 0x00, 0x00, 0x63, 0xA8,
    0x00, 0x00, 0x00, 0x00, 0x00, 0x00, 0x00, 0xB7, 0x4C, 0x82, 0xD2, 0x1E, 0x99, 0xB8, 0xFF, 0x4E,
    0x00, 0x6E, 0xF1, 0xA2, 0x00, 0x00, 0x3D, 0xE0, 0x04, 0x00, 0x00, 0x65, 0xE0, 0x00, 0x00, 0x00,
    0x00, 0xFF, 0x75, 0x00, 0x00, 0x1E, 0xFF, 0xFF, 0xFF, 0x5B, 0x67, 0xFF, 0x03, 0xF8, 0xA0, 0xAF,
    0xFF, 0xFF, 0xED, 0x27, 0xCD, 0xAB, 0x00, 0x00, 0x00, 0x00, 0xE1, 0xFF, 0x73, 0x00, 0x36, 0xFF,
    0x0A, 0x00, 0x00, 0x75, 0xFF, 0xFF, 0xFF, 0xBB, 0xB2, 0xDE, 0x7B, 0xFD, 0x10, 0xC6, 0xA8, 0xFF,
    0xB2, 0x00, 0xFA, 0x88, 0x4F, 0xFF, 0x39, 0x00, 0x00, 0x28, 0xFF, 0x24, 0x00, 0xA7, 0xFF, 0xA2,
    0x00, 0x00, 0x2A, 0xA8, 0x00, 0x00, 0x00, 0x04, 0xE9, 0x21, 0x00, 0x00, 0x00, 0x00, 0x00, 0x00,
    0x28, 0xFF, 0xFF, 0xFA, 0xA8, 0xAD, 0xE3, 0x00, 0xFF, 0x64, 0xD8, 0xAA, 0x54, 0xFF, 0x21, 0x9F,
    0xFF, 0xA6, 0xFF, 0x76, 0x00, 0x00, 0x42, 0xB7, 0x00, 0x00, 0x00, 0xC3, 0x5E, 0x00, 0x00, 0x00,
    0x00, 0x00, 0x00, 0x28, 0xFF, 0xFF, 0xFA, 0xA8, 0xAD, 0xE3, 0x00, 0xFF, 0x64, 0xD8, 0xAA, 0x54,
    0xFF, 0x21, 0x9F, 0xFF, 0xA6, 0xFF, 0x76, 0x00, 0x0A, 0xB7, 0xAC, 0x00, 0x00, 0xBD, 0x9F, 0xE2,
    0x24, 0x00, 0x00, 0x00, 0x00, 0x00, 0x28, 0xFF, 0xFF, 0xFA, 0xA8, 0xAD, 0xE3, 0x00, 0xFF, 0x64,
    0xD8, 0xAA, 0x54, 0xFF, 0x21, 0x9F, 0xFF, 0xA6, 0xFF, 0x76, 0x00, 0x70, 0xDF, 0x90, 0x15, 0x00,
    0x88, 0xCB, 0xFF, 0x30, 0x00, 0x00, 0x00, 0x00, 0x00, 0x28, 0xFF, 0xFF, 0xFA, 0xA8, 0xAD, 0xE3,
    0x00, 0xFF, 0x64, 0xD8, 0xAA, 0x54, 0xFF, 0x21, 0x9F, 0xFF, 0xA6, 0xFF, 0x76, 0x00, 0x0D, 0x0F,
    0x19, 0x03, 0x00, 0xC4, 0xB1, 0xFF, 0x57, 0x00, 0x00, 0x00, 0x00, 0x00, 0x28, 0xFF, 0xFF, 0xFA,
    0xA8, 0xAD, 0xE3, 0x00, 0xFF, 0x64, 0xD8, 0xAA, 0x54, 0xFF, 0x21, 0x9F, 0xFF, 0xA6, 0xFF, 0x76,
    0x00, 0x00, 0x9D, 0x7F, 0x00, 0x00, 0x66, 0xA3, 0xF1, 0x01, 0x00, 0x3F, 0xE4, 0xB7, 0x00, 0x00,
    0x00, 0x00, 0x00, 0x00, 0x28, 0xFF, 0xFF, 0xFA, 0xA8, 0xAD, 0xE3, 0x00, 0xFF, 0x64, 0xD8, 0xAA,
    0x54, 0xFF, 0x21, 0x9F, 0xFF, 0xA6, 0xFF, 0x76, 0x00, 0x82, 0xDC, 0xDE, 0xC1, 0x00, 0x99, 0xE9,
    0xC5, 0x78, 0x05, 0xF1, 0xB2, 0x4C, 0x27, 0x01, 0xF6, 0xD2, 0xFF, 0x3F, 0x01, 0xB7, 0xFF, 0xFF,
    0x1F, 0x7B, 0xFF, 0x09, 0x5B, 0x07, 0xA2, 0xD9, 0x00, 0x7E, 0x10, 0x66, 0xFF, 0xF2, 0xF1, 0x0A,
    0x00, 0x52, 0xD4, 0x12, 0x00, 0x00, 0x99, 0xB7, 0x16, 0x00, 0x00, 0x10, 0xBA, 0x03, 0x00, 0x00,
    0x00, 0xC9, 0x4C, 0x00, 0x00, 0x00, 0x00, 0x00, 0x00, 0x03, 0xB9, 0xFF, 0xFF, 0x37, 0x87, 0xFF,
    0x0A, 0xFF, 0x7E, 0xA0, 0xFF, 0xD4, 0xA2, 0x03, 0x3F, 0xFF, 0xFF, 0xD2, 0x10, 0x00, 0x00, 0x22,
    0xB2, 0x01, 0x00, 0x00, 0xA1, 0x8A, 0x00, 0x00, 0x00, 0x00, 0x00, 0x00, 0x03, 0xB9, 0xFF, 0xFF,
    0x37, 0x87, 0xFF, 0x0A, 0xFF, 0x7E, 0xA0, 0xFF, 0xD4, 0xA2, 0x03, 0x3F, 0xFF, 0xFF, 0xD2, 0x10,
    0x00, 0x01, 0xA0, 0xAB, 0x00, 0x00, 0x8E, 0xA0, 0xCA, 0x4C, 0x00, 0x00, 0x00, 0x00, 0x00, 0x03,
    0xB9, 0xFF, 0xFF, 0x37, 0x87, 0xFF, 0x0A, 0xFF, 0x7E, 0xA0, 0xFF, 0xD4, 0xA2, 0x03, 0x3F, 0xFF,
    0xFF, 0xD2, 0x10, 0x00, 0x07, 0x15, 0x15, 0x07, 0x00, 0xB7, 0xBF, 0xE9, 0x87, 0x00, 0x00, 0x00,
    0x00, 0x00, 0x03, 0xB9, 0xFF, 0xFF, 0x37, 0x87, 0xFF, 0x0A, 0xFF, 0x7E, 0xA0, 0xFF, 0xD4, 0xA2,
    0x03, 0x3F, 0xFF, 0xFF, 0xD2, 0x10, 0x00, 0x36, 0xBE, 0x00, 0x00, 0x00, 0x09, 0xF1, 0x12, 0x00,
    0x00, 0x00, 0x00, 0x00, 0x00, 0x7B, 0xFF, 0xFF, 0x0D, 0x00, 0x00, 0x7F, 0xFF, 0x00, 0x00, 0x00,
    0xA8, 0xD0, 0xCA, 0x3C, 0x00, 0x97, 0xFF, 0xB7, 0x00, 0x00, 0x00, 0x57, 0xA3, 0x00, 0x00, 0x00,
    0xD2, 0x4E, 0x00, 0x00, 0x00, 0x00, 0x00, 0x00, 0x7B, 0xFF, 0xFF, 0x0D, 0x00, 0x00, 0x7F, 0xFF,
    0x00, 0x00, 0x00, 0xA8, 0xD0, 0xCA, 0x3C, 0x00, 0x97, 0xFF, 0xB7, 0x00, 0x00, 0x0A, 0xA7, 0x85,
    0x00, 0x00, 0xAA, 0xA0, 0xE9, 0x15, 0x00, 0x00, 0x00, 0x00, 0x00, 0x7B, 0xFF, 0xFF, 0x0D, 0x00,
    0x00, 0x7F, 0xFF, 0x00, 0x00, 0x00, 0xA8, 0xD0, 0xCA, 0x3C, 0x00, 0x97, 0xFF, 0xB7, 0x00, 0x00,
    0x12, 0x0A, 0x1B, 0x01, 0x00, 0xD8, 0x9D, 0xFF, 0x40, 0x00, 0x00, 0x00, 0x00, 0x00, 0x7B, 0xFF,
    0xFF, 0x0D, 0x00, 0x00, 0x7F, 0xFF, 0x00, 0x00, 0x00, 0xA8, 0xD0, 0xCA, 0x3C, 0x00, 0x97, 0xFF,
    0xB7, 0x00, 0x00, 0x00, 0x00, 0x00, 0x04, 0x00, 0x58, 0xFF, 0xFB, 0x3F, 0x00, 0x37, 0xB2, 0xFF,
    0x40, 0x1F, 0xE1, 0xFF, 0xFF, 0xAB, 0xB4, 0xE6, 0x09, 0xFF, 0xBA, 0xE1, 0xBD, 0x0F, 0xFF, 0x64,
    0x70, 0xFF, 0xFF, 0xA3, 0x00, 0x00, 0x64, 0xE1, 0x8E, 0x21, 0x00, 0x7C, 0xC6, 0xFF, 0x3C, 0x00,
    0x00, 0x00, 0x00, 0x00, 0x4C, 0xFF, 0xA6, 0xFF, 0x4F, 0x8E, 0xFF, 0x0A, 0xFF, 0x8D, 0xAD, 0xC9,
    0x01, 0xFF, 0x51, 0xE3, 0xAF, 0x33, 0xFF, 0x10, 0x00, 0x10, 0xBA, 0x03, 0x00, 0x00, 0x00, 0xC9,
    0x4C, 0x00, 0x00, 0x00, 0x00, 0x00, 0x00, 0x12, 0xD5, 0xFF, 0xFF, 0x25, 0xB5, 0xEC, 0x00, 0xF5,
    0x9A, 0xC3, 0xB2, 0x0C, 0xFF, 0x66, 0x57, 0xFF, 0xFF, 0xAD, 0x00, 0x00, 0x00, 0x22, 0xB2, 0x01,
    0x00, 0x00, 0xA1, 0x8A, 0x00, 0x00, 0x00, 0x00, 0x00, 0x00, 0x12, 0xD5, 0xFF, 0xFF, 0x25, 0xB5,
    0xEC, 0x00, 0xF5, 0x9A, 0xC3, 0xB2, 0x0C, 0xFF, 0x66, 0x57, 0xFF, 0xFF, 0xAD, 0x00, 0x00, 0x01,
    0xA0, 0xAB, 0x00, 0x00, 0x8E, 0xA0, 0xCA, 0x4C, 0x00, 0x00, 0x00, 0x00, 0x00, 0x12, 0xD5, 0xFF,
    0xFF, 0x25, 0xB5, 0xEC, 0x00, 0xF5, 0x9A, 0xC3, 0xB2, 0x0C, 0xFF, 0x66, 0x57, 0xFF, 0xFF, 0xAD,
    0x00, 0x00, 0x4E, 0xE4, 0x90, 0x31, 0x00, 0x69, 0xBC, 0xFF, 0x55, 0x00, 0x00, 0x00, 0x00, 0x00,
    0x12, 0xD5, 0xFF, 0xFF, 0x25, 0xB5, 0xEC, 0x00, 0xF5, 0x9A, 0xC3, 0xB2, 0x0C, 0xFF, 0x66, 0x57,
    0xFF, 0xFF, 0xAD, 0x00, 0x00, 0x07, 0x15, 0x15, 0x07, 0x00, 0xB7, 0xBF, 0xE9, 0x87, 0x00, 0x00,
    0x00, 0x00, 0x00, 0x12, 0xD5, 0xFF, 0xFF, 0x25, 0xB5, 0xEC, 0x00, 0xF5, 0x9A, 0xC3, 0xB2, 0x0C,
    0xFF, 0x66, 0x57, 0xFF, 0xFF, 0xAD, 0x00, 0x00, 0x00, 0x00, 0x00, 0x00, 0x00, 0x00, 0xFF, 0x7F,
    0x00, 0x00, 0x00, 0x31, 0x06, 0x00, 0x93, 0xFF, 0xFF, 0xFF, 0x7E, 0x00, 0x90, 0xFF, 0x00, 0x00,
    0x00, 0x10, 0x1F, 0x00, 0x00, 0x00, 0x00, 0x00, 0x00, 0x34, 0x00, 0x27, 0xED, 0xFF, 0xB2, 0x00,
    0xBD, 0xC8, 0xF6, 0x96, 0x00, 0xC5, 0xC8, 0xF4, 0x69, 0x04, 0xE7, 0xFF, 0xB5, 0x00, 0x00, 0x2C,
    0x00, 0x00, 0x00, 0x00, 0x19, 0xB7, 0x00, 0x00, 0x00, 0x00, 0xD5, 0x3F, 0x00, 0x00, 0x00, 0x00,
    0x00, 0x00, 0x60, 0xFF, 0x00, 0xD5, 0xA1, 0xA5, 0xEB, 0x00, 0xFF, 0x7F, 0xB7, 0xBE, 0x3D, 0xFF,
    0x3D, 0x90, 0xFF, 0xC9, 0xFF, 0x06, 0x00, 0x00, 0x2A, 0xAC, 0x00, 0x00, 0x00, 0xAA, 0x7C, 0x00,
    0x00, 0x00, 0x00, 0x00, 0x00, 0x60, 0xFF, 0x00, 0xD5, 0xA1, 0xA5, 0xEB, 0x00, 0xFF, 0x7F, 0xB7,
    0xBE, 0x3D, 0xFF, 0x3D, 0x90, 0xFF, 0xC9, 0xFF, 0x06, 0x00, 0x01, 0xAF, 0xA9, 0x00, 0x00, 0x99,
    0xA0, 0xD8, 0x3C, 0x00, 0x00, 0x00, 0x00, 0x00, 0x60, 0xFF, 0x00, 0xD5, 0xA1, 0xA5, 0xEB, 0x00,
    0xFF, 0x7F, 0xB7, 0xBE, 0x3D, 0xFF, 0x3D, 0x90, 0xFF, 0xC9, 0xFF, 0x06, 0x00, 0x09, 0x13, 0x15,
    0x07, 0x00, 0xA5, 0xB1, 0xF3, 0x78, 0x00, 0x00, 0x00, 0x00, 0x00, 0x60, 0xFF, 0x00, 0xD5, 0xA1,
    0xA5, 0xEB, 0x00, 0xFF, 0x7F, 0xB7, 0xBE, 0x3D, 0xFF, 0x3D, 0x90, 0xFF, 0xC9, 0xFF, 0x06, 0x00,
    0x00, 0x19, 0xB7, 0x04, 0x00, 0x00, 0xB1, 0x9A, 0x00, 0x00, 0x00, 0x00, 0x00, 0x00, 0x5D, 0xFF,
    0x00, 0xD4, 0xA2, 0x9F, 0xF1, 0x00, 0xFF, 0x85, 0xB2, 0xC4, 0x3A, 0xFF, 0x48, 0x88, 0xFF, 0xB4,
    0xFF, 0x0C, 0x3A, 0x04, 0xA3, 0xFB, 0x00, 0xC4, 0xFF, 0xFF, 0x51, 0x00, 0x00, 0x1A, 0xAD, 0x09,
    0x00, 0x00, 0x35, 0x90, 0x03, 0x00, 0x00, 0x6D, 0xE3, 0xF9, 0x55, 0x00, 0xA3, 0x88, 0xD5, 0xB2,
    0x00, 0xB4, 0x6C, 0xE7, 0x79, 0x00, 0xE3, 0xEE, 0xDB, 0x04, 0x00, 0xF0, 0x35, 0x00, 0x00, 0x09,
    0xEB, 0x1A, 0x00, 0x00, 0x00, 0x06, 0x16, 0x12, 0x0A, 0x00, 0xA5, 0xCE, 0xDA, 0x97, 0x00, 0x00,
    0x00, 0x00, 0x00, 0x5D, 0xFF, 0x00, 0xD4, 0xA2, 0x9F, 0xF1, 0x00, 0xFF, 0x85, 0xB2, 0xC4, 0x3A,
    0xFF, 0x48, 0x88, 0xFF, 0xB4, 0xFF, 0x0C, 0x3A, 0x04, 0xA3, 0xFB, 0x00, 0xC4, 0xFF, 0xFF, 0x51,
    0x00, 0x91, 0xFF, 0xFF, 0xFF, 0x82, 0xFF, 0xFF, 0xFF, 0xFF, 0xF3, 0x00, 0x8D, 0xC5, 0x18, 0xFF,
    0x67, 0x51, 0xBB, 0x04, 0x00, 0xB5, 0xFD, 0x03, 0x04, 0xFF, 0x4F, 0x00, 0x22, 0x8E, 0x00, 0x00,
    0x00, 0x6A, 0xDD, 0x5A, 0xEB, 0x0D, 0xFF, 0x8A, 0xFF, 0x94, 0x3F, 0xB4, 0x45, 0xB4, 0x16, 0x70,
    0xEC, 0xB2, 0xCD, 0x06, 0x9B, 0x6F, 0xFF, 0x42, 0x00, 0x5B, 0x32, 0x87, 0x00, 0x00, 0x00, 0x17,
    0x0D, 0x15, 0x03, 0x00, 0xF8, 0xC0, 0xF4, 0x51, 0x00, 0x8E, 0xFF, 0xFF, 0xB0, 0x49, 0xFF, 0xE2,
    0xAE, 0x07, 0xBA, 0xFF, 0xDC, 0x75, 0x00, 0xA1, 0xFF, 0x01, 0x93, 0x10, 0x28, 0xFA, 0xFF, 0xED,
    0x25, 0x00, 0x33, 0x25, 0x00, 0x00, 0x33, 0xFF, 0x7E, 0x18, 0x0D, 0xDA, 0xFF, 0xFF, 0xFF, 0xAA,
    0x19, 0xFD, 0x7C, 0x00, 0x00, 0x00, 0x19, 0x12, 0x00, 0x00, 0x00, 0x0F, 0xA2, 0x00, 0x00, 0x0F,
    0xEC, 0xFF, 0xB9, 0x00, 0x57, 0xB1, 0xFF, 0xBC, 0x24, 0x00, 0x24, 0xFF, 0x00, 0x00, 0x00, 0x24,
    0xFF, 0x00, 0x00, 0x00, 0x24, 0xFF, 0x00, 0x00, 0x00, 0x00, 0x46, 0x12, 0x00, 0x12, 0x18, 0xBE,
    0xF2, 0x12, 0xE6, 0xFF, 0xFF, 0xFF, 0xB7, 0x00, 0x00, 0xA7, 0xCF, 0x04, 0x00, 0x00, 0x27, 0x04,
    0x00, 0x00, 0x13, 0xA3, 0x00, 0x00, 0x00, 0x24, 0xFF, 0x00, 0x00, 0x00, 0x24, 0xFF, 0x00, 0x00,
    0x13, 0x5D, 0xFF, 0x4B, 0x01, 0x51, 0xFF, 0xFF, 0xFF, 0x22, 0x00, 0x5B, 0xFF, 0x2E, 0x00, 0x00,
    0x00, 0x03, 0x00, 0x00, 0x00, 0x18, 0x01, 0x13, 0x00, 0x3F, 0xFF, 0x9A, 0xFF, 0x19, 0xED, 0xFF,
    0xFF, 0xFF, 0xAB, 0x22, 0xFD, 0x87, 0xDD, 0x09, 0x00, 0x03, 0x00, 0x03, 0x00, 0x00, 0x0F, 0xA2,
    0x00, 0x00, 0x0F, 0xEC, 0xFF, 0xB9, 0x00, 0x57, 0xB1, 0xFF, 0xBC, 0x24, 0x13, 0x5D, 0xFF, 0x4B,
    0x01, 0x51, 0xFF, 0xFF, 0xFF, 0x22, 0x00, 0x5B, 0xFF, 0x2E, 0x00, 0x00, 0x00, 0x03, 0x00, 0x00,
    0x00, 0x31, 0x79, 0x0A, 0x00, 0x6C, 0x4E, 0x18, 0x00, 0x6C, 0x4E, 0x18, 0x00, 0xBA, 0x40, 0x75,
    0x00, 0x3D, 0x97, 0x1F, 0x00, 0x00, 0x00, 0x9F, 0x40, 0x54, 0xFF, 0xFF, 0xFF, 0xA9, 0x0D, 0x43,
    0xFF, 0x3C, 0x12, 0xAB, 0xFF, 0xFF, 0xFF, 0x4C, 0x51, 0xBB, 0x00, 0x00, 0x00, 0x0F, 0x12, 0x12,
    0x12, 0x04, 0xAF, 0xC8, 0xC8, 0xC8, 0x3C, 0xB7, 0xAF, 0xAF, 0xAF, 0x34, 0xB2, 0xCD, 0xCD, 0xCD,
    0x3D, 0x0A, 0x0C, 0x0C, 0x0C, 0x03, 0x00, 0x00, 0x19, 0x96, 0x7F, 0x16, 0xDE, 0xFF, 0xB4, 0x36,
    0x33, 0xFF, 0xDF, 0x85, 0x06, 0x00, 0x03, 0x6C, 0xD7, 0x0F, 0xA7, 0xFF, 0xFF, 0xF8, 0x00, 0x00,
    0xB2, 0x58, 0x00, 0x00, 0x00, 0x93, 0xEB, 0xFF, 0x49, 0x19, 0xA8, 0xF2, 0xFF, 0x37, 0x70, 0xA3,
    0x40, 0x00, 0x00, 0xA7, 0xFF, 0xFF, 0xF8, 0x00, 0x00, 0x21, 0xB5, 0x40, 0x00, 0xB6, 0x1C, 0xB6,
    0x00, 0xBC, 0x0D, 0xB7, 0x2A, 0xA2, 0xA5, 0x4E, 0x01, 0x00, 0x00, 0x00, 0x00, 0x00, 0x00, 0x67,
    0x51, 0x01, 0x4E, 0x00, 0x66, 0x6C, 0x85, 0x6D, 0x66, 0x3F, 0x6C, 0x4C, 0xB4, 0x6C, 0x6C, 0x52,
    0x00, 0x0D, 0x00, 0x00, 0x00, 0x2C, 0xAF, 0xAF, 0xAF, 0x0F, 0x4D, 0xFF, 0xFF, 0xFF, 0x1C, 0x0A,
    0x30, 0x30, 0x30, 0x03, 0x5B, 0xAF, 0xAF, 0xAF, 0xAF, 0xAF, 0xAF, 0xAF, 0xAF, 0xAF, 0xA6, 0x16,
    0x9D, 0x36, 0xFF, 0x36, 0xFF, 0x36, 0xFF, 0x36, 0xFF, 0x36, 0xFF, 0x36, 0xFF, 0x36, 0xFF, 0x36,
    0xFF, 0x36, 0xFF, 0x33, 0xFF, 0xA1, 0x51, 0xAF, 0x51, 0x93, 0xFF, 0x8E, 0xFF, 0x8E, 0xD5, 0x2B,
    0x12, 0x30, 0x12, 0x21, 0x40, 0xAF, 0x5B, 0x96, 0xAF, 0x27, 0xAF, 0x78, 0x7F, 0xAF, 0x1F, 0x10,
    0x70, 0x36, 0xFF, 0x16, 0x9D, 0x25, 0xD7, 0x36, 0xFF, 0x09, 0x43, 0x36, 0xFF, 0x1E, 0xAC, 0x1F,
    0xB6, 0x36, 0xFF, 0x07, 0x37, 0xBA, 0x99, 0x99, 0x93, 0x4E, 0xFF, 0xDF, 0xDF, 0xD5, 0x88, 0x2A,
    0x22, 0x22, 0x21, 0x12, 0x6F, 0xAF, 0x5B, 0xAF, 0x58, 0xAF, 0x6F, 0xAB, 0x72, 0xAF, 0x6F, 0x1C,
    0xBE, 0x36, 0xFF, 0x16, 0x9D, 0x36, 0xFF, 0x16, 0x97, 0x36, 0xFF, 0x1C, 0xBE, 0x34, 0xFF, 0x1C,
    0xA3, 0x36, 0xFF, 0x1C, 0xBE, 0xAF, 0xAF, 0x0F, 0x3A, 0x00, 0x00, 0x3A, 0x00, 0x00, 0x3A, 0x00,
    0x00, 0x3A, 0x00, 0x00, 0x37, 0x00, 0x00, 0xFF, 0xFF, 0x1C, 0x5E, 0x30, 0x03, 0x3A, 0x00, 0x00,
    0x3A, 0x00, 0x00, 0x3A, 0x00, 0x00, 0x36, 0x00, 0x00, 0x92, 0xB4, 0x9B, 0x0F, 0xB4, 0x20, 0x00,
    0x00, 0xB4, 0x20, 0x00, 0x00, 0xB4, 0x20, 0x00, 0x00, 0xB4, 0x20, 0x00, 0x00, 0xA5, 0x1E, 0x00,
    0x00, 0xB3, 0xFF, 0xE3, 0x1C, 0xB4, 0x4A, 0x2A, 0x03, 0xB4, 0x20, 0x00, 0x00, 0xB4, 0x20, 0x00,
    0x00, 0xB4, 0x20, 0x00, 0x00, 0xA1, 0x1D, 0x00, 0x00, 0x00, 0x37, 0xAF, 0xAF, 0xA6, 0x00, 0x00,
    0x00, 0x00, 0xAF, 0x00, 0x00, 0x00, 0x00, 0xAF, 0x00, 0x00, 0x00, 0x00, 0xAF, 0x00, 0x00, 0x00,
    0x00, 0xAF, 0x00, 0x00, 0x00, 0x00, 0xA6, 0x00, 0x60, 0xFF, 0xFF, 0xCB, 0x00, 0x0C, 0x30, 0x30,
    0xB4, 0x00, 0x00, 0x00, 0x00, 0xAF, 0x00, 0x00, 0x00, 0x00, 0xAF, 0x00, 0x00, 0x00, 0x00, 0xAF,
    0x00, 0x00, 0x00, 0x00, 0xA3, 0x00, 0x37, 0xAF, 0xB4, 0xC9, 0x00, 0x00, 0x00, 0x36, 0xFF, 0x00,
    0x00, 0x00, 0x36, 0xFF, 0x00, 0x00, 0x00, 0x36, 0xFF, 0x00, 0x00, 0x00, 0x36, 0xFF, 0x00, 0x00,
    0x00, 0x2A, 0xEE, 0x00, 0x60, 0xFF, 0xFF, 0xFF, 0x00, 0x0C, 0x30, 0x5E, 0xFF, 0x00, 0x00, 0x00,
    0x36, 0xFF, 0x00, 0x00, 0x00, 0x36, 0xFF, 0x00, 0x00, 0x00, 0x36, 0xFF, 0x00, 0x00, 0x00, 0x2A,
    0xE9, 0x29, 0x00, 0x00, 0x3A, 0x00, 0x00, 0x3A, 0x00, 0x00, 0x3A, 0x00, 0x00, 0x3A, 0x00, 0x00,
    0xBB, 0xAF, 0x0F, 0x2A, 0x00, 0x00, 0x3A, 0x00, 0x00, 0x3A, 0x00, 0x00, 0x3A, 0x00, 0x00, 0x3A,
    0x00, 0x00, 0xFF, 0xFF, 0x1C, 0x2E, 0x30, 0x03, 0x7A, 0x16, 0x00, 0x00, 0xB4, 0x20, 0x00, 0x00,
    0xB4, 0x20, 0x00, 0x00, 0xB4, 0x20, 0x00, 0x00, 0xB4, 0x20, 0x00, 0x00, 0xB1, 0xB9, 0x9B, 0x0F,
    0x7D, 0x17, 0x00, 0x00, 0xB4, 0x20, 0x00, 0x00, 0xB4, 0x20, 0x00, 0x00, 0xB4, 0x20, 0x00, 0x00,
    0xB4, 0x20, 0x00, 0x00, 0xB4, 0xFF, 0xE3, 0x1C, 0x20, 0x30, 0x2A, 0x03, 0x00, 0x00, 0x00, 0x00,
    0x7C, 0x00, 0x00, 0x00, 0x00, 0xAF, 0x00, 0x00, 0x00, 0x00, 0xAF, 0x00, 0x00, 0x00, 0x00, 0xAF,
    0x00, 0x00, 0x00, 0x00, 0xAF, 0x00, 0x37, 0xAF, 0xAF, 0xAF, 0x00, 0x00, 0x00, 0x00, 0x7F, 0x00,
    0x00, 0x00, 0x00, 0xAF, 0x00, 0x00, 0x00, 0x00, 0xAF, 0x00, 0x00, 0x00, 0x00, 0xAF, 0x00, 0x00,
    0x00, 0x00, 0xAF, 0x00, 0x60, 0xFF, 0xFF, 0xD4, 0x00, 0x0C, 0x30, 0x30, 0x1F, 0x00, 0x00, 0x00,
    0x1F, 0xB1, 0x00, 0x00, 0x00, 0x36, 0xFF, 0x00, 0x00, 0x00, 0x36, 0xFF, 0x00, 0x00, 0x00, 0x36,
    0xFF, 0x00, 0x00, 0x00, 0x36, 0xFF, 0x00, 0x37, 0xAF, 0xBC, 0xFF, 0x00, 0x00, 0x00, 0x1F, 0xB6,
    0x00, 0x00, 0x00, 0x36, 0xFF, 0x00, 0x00, 0x00, 0x36, 0xFF, 0x00, 0x00, 0x00, 0x36, 0xFF, 0x00,
    0x00, 0x00, 0x36, 0xFF, 0x00, 0x60, 0xFF, 0xFF, 0xFF, 0x00, 0x0C, 0x30, 0x30, 0x2D, 0x1E, 0x00,
    0x00, 0x3A, 0x00, 0x00, 0x3A, 0x00, 0x00, 0x3A, 0x00, 0x00, 0x3A, 0x00, 0x00, 0xBA, 0xA5, 0x0F,
    0x43, 0x0C, 0x00, 0x3A, 0x00, 0x00, 0x3A, 0x00, 0x00, 0x3A, 0x00, 0x00, 0x37, 0x00, 0x00, 0x1E,
    0x00, 0x00, 0x3A, 0x00, 0x00, 0x3A, 0x00, 0x00, 0x3A, 0x00, 0x00, 0x3A, 0x00, 0x00, 0xFC, 0xFA,
    0x16, 0x90, 0x72, 0x07, 0x3A, 0x00, 0x00, 0x3A, 0x00, 0x00, 0x3A, 0x00, 0x00, 0x37, 0x00, 0x00,
    0x7A, 0x16, 0x00, 0x00, 0xB4, 0x20, 0x00, 0x00, 0xB4, 0x20, 0x00, 0x00, 0xB4, 0x20, 0x00, 0x00,
    0xB4, 0x20, 0x00, 0x00, 0xB1, 0xB9, 0x9B, 0x0F, 0x6D, 0x16, 0x00, 0x00, 0x6D, 0x16, 0x00, 0x00,
    0x6D, 0x16, 0x00, 0x00, 0x6D, 0x16, 0x00, 0x00, 0x68, 0x15, 0x00, 0x00, 0x39, 0x0B, 0x00, 0x00,
    0x6D, 0x16, 0x00, 0x00, 0x6D, 0x16, 0x00, 0x00, 0x6D, 0x16, 0x00, 0x00, 0x6D, 0x16, 0x00, 0x00,
    0xA5, 0xAF, 0x92, 0x0F, 0xB4, 0x2A, 0x0B, 0x00, 0xB4, 0x20, 0x00, 0x00, 0xB4, 0x20, 0x00, 0x00,
    0xB4, 0x20, 0x00, 0x00, 0xB3, 0x20, 0x00, 0x00, 0x6A, 0x14, 0x00, 0x00, 0xB4, 0x20, 0x00, 0x00,
    0xB4, 0x20, 0x00, 0x00, 0xB4, 0x20, 0x00, 0x00, 0xB4, 0x20, 0x00, 0x00, 0xB4, 0xB0, 0x92, 0x0F,
    0xB4, 0x2A, 0x0B, 0x00, 0xB4, 0x20, 0x00, 0x00, 0xB4, 0x20, 0x00, 0x00, 0xB4, 0x20, 0x00, 0x00,
    0xB3, 0x20, 0x00, 0x00, 0x7D, 0x17, 0x00, 0x00, 0xB4, 0x20, 0x00, 0x00, 0xB4, 0x20, 0x00, 0x00,
    0xB4, 0x20, 0x00, 0x00, 0xB4, 0x20, 0x00, 0x00, 0xB4, 0xFF, 0xE3, 0x1C, 0x7A, 0x42, 0x2A, 0x03,
    0x6D, 0x16, 0x00, 0x00, 0x6D, 0x16, 0x00, 0x00, 0x6D, 0x16, 0x00, 0x00, 0x66, 0x14, 0x00, 0x00,
    0x4F, 0x10, 0x00, 0x00, 0x6D, 0x16, 0x00, 0x00, 0x6D, 0x16, 0x00, 0x00, 0x6D, 0x16, 0x00, 0x00,
    0x6D, 0x16, 0x00, 0x00, 0xB3, 0xFF, 0xE3, 0x1C, 0xB4, 0x4F, 0x30, 0x03, 0xB4, 0x20, 0x00, 0x00,
    0xB4, 0x20, 0x00, 0x00, 0xB4, 0x20, 0x00, 0x00, 0xA1, 0x1D, 0x00, 0x00, 0x6A, 0x14, 0x00, 0x00,
    0xB4, 0x20, 0x00, 0x00, 0xB4, 0x20, 0x00, 0x00, 0xB4, 0x20, 0x00, 0x00, 0xB4, 0x20, 0x00, 0x00,
    0xB4, 0xFB, 0xDE, 0x16, 0xB4, 0x84, 0x65, 0x07, 0xB4, 0x20, 0x00, 0x00, 0xB4, 0x20, 0x00, 0x00,
    0xB4, 0x20, 0x00, 0x00, 0xB3, 0x20, 0x00, 0x00, 0x00, 0x00, 0x00, 0x00, 0x5B, 0x00, 0x00, 0x00,
    0x00, 0xAF, 0x00, 0x00, 0x00, 0x00, 0xAF, 0x00, 0x00, 0x00, 0x00, 0xAF, 0x00, 0x00, 0x00, 0x00,
    0xAF, 0x00, 0x34, 0xA5, 0xA5, 0xC3, 0x00, 0x03, 0x0C, 0x0C, 0xB0, 0x00, 0x00, 0x00, 0x00, 0xAF,
    0x00, 0x00, 0x00, 0x00, 0xAF, 0x00, 0x00, 0x00, 0x00, 0xAF, 0x00, 0x00, 0x00, 0x00, 0xA6, 0x00,
    0x00, 0x00, 0x00, 0x5B, 0x00, 0x00, 0x00, 0x00, 0xAF, 0x00, 0x00, 0x00, 0x00, 0xAF, 0x00, 0x00,
    0x00, 0x00, 0xAF, 0x00, 0x00, 0x00, 0x00, 0xAF, 0x00, 0x4F, 0xFA, 0xFA, 0xCE, 0x00, 0x1E, 0x72,
    0x72, 0xBA, 0x00, 0x00, 0x00, 0x00, 0xAF, 0x00, 0x00, 0x00, 0x00, 0xAF, 0x00, 0x00, 0x00, 0x00,
    0xAF, 0x00, 0x00, 0x00, 0x00, 0xA6, 0x00, 0x00, 0x00, 0x1B, 0xB8, 0x00, 0x00, 0x00, 0x36, 0xFF,
    0x00, 0x00, 0x00, 0x36, 0xFF, 0x00, 0x00, 0x00, 0x36, 0xFF, 0x00, 0x00, 0x00, 0x36, 0xFF, 0x00,
    0x37, 0xAF, 0xC0, 0xFF, 0x00, 0x00, 0x00, 0x00, 0xAF, 0x00, 0x00, 0x00, 0x00, 0xAF, 0x00, 0x00,
    0x00, 0x00, 0xAF, 0x00, 0x00, 0x00, 0x00, 0xAF, 0x00, 0x00, 0x00, 0x00, 0xB7, 0x00, 0x00, 0x00,
    0x00, 0x7C, 0x00, 0x00, 0x00, 0x00, 0xAF, 0x00, 0x00, 0x00, 0x00, 0xAF, 0x00, 0x00, 0x00, 0x00,
    0xAF, 0x00, 0x00, 0x00, 0x00, 0xAF, 0x00, 0x37, 0xAF, 0xB4, 0xFF, 0x00, 0x00, 0x00, 0x36, 0xFF,
    0x00, 0x00, 0x00, 0x36, 0xFF, 0x00, 0x00, 0x00, 0x36, 0xFF, 0x00, 0x00, 0x00, 0x36, 0xFF, 0x00,
    0x00, 0x00, 0x2A, 0xEE, 0x00, 0x00, 0x00, 0x16, 0x9D, 0x00, 0x00, 0x00, 0x36, 0xFF, 0x00, 0x00,
    0x00, 0x36, 0xFF, 0x00, 0x00, 0x00, 0x36, 0xFF, 0x00, 0x00, 0x00, 0x36, 0xFF, 0x00, 0x34, 0xA5,
    0xBA, 0xFF, 0x00, 0x03, 0x0C, 0x3F, 0xFF, 0x00, 0x00, 0x00, 0x36, 0xFF, 0x00, 0x00, 0x00, 0x36,
    0xFF, 0x00, 0x00, 0x00, 0x36, 0xFF, 0x00, 0x00, 0x00, 0x33, 0xFF, 0x00, 0x00, 0x00, 0x24, 0xCE,
    0x00, 0x00, 0x00, 0x36, 0xFF, 0x00, 0x00, 0x00, 0x36, 0xFF, 0x00, 0x00, 0x00, 0x36, 0xFF, 0x00,
    0x04, 0x12, 0x45, 0xFF, 0x00, 0x66, 0xFF, 0xFF, 0xFF, 0x00, 0x04, 0x12, 0x12, 0xB4, 0x00, 0x00,
    0x00, 0x00, 0xAF, 0x00, 0x00, 0x00, 0x00, 0xAF, 0x00, 0x00, 0x00, 0x00, 0xAF, 0x00, 0x00, 0x00,
    0x00, 0x93, 0x00, 0x00, 0x00, 0x00, 0x7F, 0x00, 0x00, 0x00, 0x00, 0xAF, 0x00, 0x00, 0x00, 0x00,
    0xAF, 0x00, 0x00, 0x00, 0x00, 0xAF, 0x00, 0x00, 0x00, 0x00, 0xAF, 0x00, 0x60, 0xFF, 0xFF, 0xFF,
    0x00, 0x0C, 0x30, 0x5E, 0xFF, 0x00, 0x00, 0x00, 0x36, 0xFF, 0x00, 0x00, 0x00, 0x36, 0xFF, 0x00,
    0x00, 0x00, 0x36, 0xFF, 0x00, 0x00, 0x00, 0x2A, 0xE9, 0x00, 0x00, 0x00, 0x16, 0x9D, 0x00, 0x00,
    0x00, 0x36, 0xFF, 0x00, 0x00, 0x00, 0x36, 0xFF, 0x00, 0x00, 0x00, 0x36, 0xFF, 0x00, 0x00, 0x00,
    0x36, 0xFF, 0x00, 0x4F, 0xFA, 0xFF, 0xFF, 0x00, 0x1E, 0x72, 0x97, 0xFF, 0x00, 0x00, 0x00, 0x36,
    0xFF, 0x00, 0x00, 0x00, 0x36, 0xFF, 0x00, 0x00, 0x00, 0x36, 0xFF, 0x00, 0x00, 0x00, 0x33, 0xFF,
    0x2C, 0xAF, 0xC4, 0xAF, 0x0F, 0x00, 0x00, 0xAA, 0x00, 0x00, 0x00, 0x00, 0xAA, 0x00, 0x00, 0x00,
    0x00, 0xAA, 0x00, 0x00, 0x00, 0x00, 0xAA, 0x00, 0x00, 0x00, 0x00, 0xA2, 0x00, 0x00, 0x16, 0xFF,
    0xFF, 0xAF, 0x37, 0x02, 0x30, 0xBB, 0x00, 0x00, 0x00, 0x00, 0xAF, 0x00, 0x00, 0x00, 0x00, 0xAF,
    0x00, 0x00, 0x00, 0x00, 0xAF, 0x00, 0x00, 0x00, 0x00, 0xA3, 0x00, 0x00, 0x2C, 0xAF, 0xFF, 0xFF,
    0x1C, 0x00, 0x00, 0xBB, 0x30, 0x03, 0x00, 0x00, 0xAF, 0x00, 0x00, 0x00, 0x00, 0xAF, 0x00, 0x00,
    0x00, 0x00, 0xAF, 0x00, 0x00, 0x00, 0x00, 0xA3, 0x00, 0x00, 0x4D, 0xFF, 0xFF, 0xFF, 0x1C, 0x0A,
    0x30, 0xBC, 0x30, 0x03, 0x00, 0x00, 0xAA, 0x00, 0x00, 0x00, 0x00, 0xAA, 0x00, 0x00, 0x00, 0x00,
    0xAA, 0x00, 0x00, 0x00, 0x00, 0x9F, 0x00, 0x00, 0x2C, 0xB1, 0xD4, 0xAF, 0x0F, 0x00, 0x16, 0xFF,
    0x00, 0x00, 0x00, 0x16, 0xFF, 0x00, 0x00, 0x00, 0x16, 0xFF, 0x00, 0x00, 0x00, 0x16, 0xFF, 0x00,
    0x00, 0x00, 0x11, 0xF2, 0x00, 0x00, 0x4D, 0xFF, 0xFF, 0xAF, 0x0F, 0x0A, 0x42, 0xFF, 0x00, 0x00,
    0x00, 0x16, 0xFF, 0x00, 0x00, 0x00, 0x16, 0xFF, 0x00, 0x00, 0x00, 0x16, 0xFF, 0x00, 0x00, 0x00,
    0x11, 0xE9, 0x00, 0x00, 0x2C, 0xB6, 0xFF, 0xFF, 0x1C, 0x00, 0x16, 0xFF, 0x30, 0x03, 0x00, 0x16,
    0xFF, 0x00, 0x00, 0x00, 0x16, 0xFF, 0x00, 0x00, 0x00, 0x16, 0xFF, 0x00, 0x00, 0x00, 0x11, 0xE9,
    0x00, 0x00, 0x4D, 0xFF, 0xFF, 0xFF, 0x1C, 0x0A, 0x42, 0xFF, 0x30, 0x03, 0x00, 0x16, 0xFF, 0x00,
    0x00, 0x00, 0x16, 0xFF, 0x00, 0x00, 0x00, 0x16, 0xFF, 0x00, 0x00, 0x00, 0x11, 0xED, 0x00, 0x00,
    0x00, 0x00, 0x78, 0x00, 0x00, 0x00, 0x00, 0xAA, 0x00, 0x00, 0x00, 0x00, 0xAA, 0x00, 0x00, 0x00,
    0x00, 0xAA, 0x00, 0x00, 0x00, 0x00, 0xAA, 0x00, 0x00, 0x2C, 0xAF, 0xE6, 0xAF, 0x0F, 0x00, 0x00,
    0x7F, 0x00, 0x00, 0x00, 0x00, 0xAF, 0x00, 0x00, 0x00, 0x00, 0xAF, 0x00, 0x00, 0x00, 0x00, 0xAF,
    0x00, 0x00, 0x00, 0x00, 0xAF, 0x00, 0x00, 0x4D, 0xFF, 0xFF, 0xAF, 0x0F, 0x0A, 0x30, 0x1F, 0x00,
    0x00, 0x00, 0x00, 0x7F, 0x00, 0x00, 0x00, 0x00, 0xAF, 0x00, 0x00, 0x00, 0x00, 0xAF, 0x00, 0x00,
    0x00, 0x00, 0xAF, 0x00, 0x00, 0x00, 0x00, 0xAF, 0x00, 0x00, 0x2C, 0xAF, 0xFF, 0xFF, 0x1C, 0x00,
    0x00, 0x2A, 0x30, 0x03, 0x00, 0x00, 0x7B, 0x00, 0x00, 0x00, 0x00, 0xAA, 0x00, 0x00, 0x00, 0x00,
    0xAA, 0x00, 0x00, 0x00, 0x00, 0xAA, 0x00, 0x00, 0x00, 0x00, 0xAA, 0x00, 0x00, 0x4D, 0xFF, 0xFF,
    0xFF, 0x1C, 0x0A, 0x30, 0x30, 0x30, 0x03, 0x00, 0x0C, 0xB4, 0x00, 0x00, 0x00, 0x16, 0xFF, 0x00,
    0x00, 0x00, 0x16, 0xFF, 0x00, 0x00, 0x00, 0x16, 0xFF, 0x00, 0x00, 0x00, 0x16, 0xFF, 0x00, 0x00,
    0x2C, 0xB4, 0xFF, 0xAF, 0x0F, 0x00, 0x0C, 0xB6, 0x00, 0x00, 0x00, 0x16, 0xFF, 0x00, 0x00, 0x00,
    0x16, 0xFF, 0x00, 0x00, 0x00, 0x16, 0xFF, 0x00, 0x00, 0x00, 0x16, 0xFF, 0x00, 0x00, 0x4D, 0xFF,
    0xFF, 0xAF, 0x0F, 0x0A, 0x30, 0x2D, 0x00, 0x00, 0x00, 0x0C, 0xB6, 0x00, 0x00, 0x00, 0x16, 0xFF,
    0x00, 0x00, 0x00, 0x16, 0xFF, 0x00, 0x00, 0x00, 0x16, 0xFF, 0x00, 0x00, 0x00, 0x16, 0xFF, 0x00,
    0x00, 0x2C, 0xB7, 0xFF, 0xFF, 0x1C, 0x00, 0x02, 0x30, 0x30, 0x03, 0x00, 0x0C, 0xB9, 0x00, 0x00,
    0x00, 0x16, 0xFF, 0x00, 0x00, 0x00, 0x16, 0xFF, 0x00, 0x00, 0x00, 0x16, 0xFF, 0x00, 0x00, 0x00,
    0x16, 0xFF, 0x00, 0x00, 0x4D, 0xFF, 0xFF, 0xFF, 0x1C, 0x0A, 0x30, 0x30, 0x30, 0x03, 0x00, 0x00,
    0x58, 0x00, 0x00, 0x00, 0x00, 0xAA, 0x00, 0x00, 0x00, 0x00, 0xAA, 0x00, 0x00, 0x00, 0x00, 0xAA,
    0x00, 0x00, 0x00, 0x00, 0xAA, 0x00, 0x00, 0x2A, 0xA5, 0xF6, 0xA5, 0x0F, 0x02, 0x0C, 0xAD, 0x0C,
    0x00, 0x00, 0x00, 0xAA, 0x00, 0x00, 0x00, 0x00, 0xAA, 0x00, 0x00, 0x00, 0x00, 0xAA, 0x00, 0x00,
    0x00, 0x00, 0xA1, 0x00, 0x00, 0x00, 0x00, 0x5B, 0x00, 0x00, 0x00, 0x00, 0xAF, 0x00, 0x00, 0x00,
    0x00, 0xAF, 0x00, 0x00, 0x00, 0x00, 0xAF, 0x00, 0x00, 0x00, 0x00, 0xAF, 0x00, 0x00, 0x3F, 0xFA,
    0xFF, 0xA5, 0x0F, 0x18, 0x72, 0xBE, 0x0C, 0x00, 0x00, 0x00, 0xAF, 0x00, 0x00, 0x00, 0x00, 0xAF,
    0x00, 0x00, 0x00, 0x00, 0xAF, 0x00, 0x00, 0x00, 0x00, 0xA6, 0x00, 0x00, 0x00, 0x00, 0x5B, 0x00,
    0x00, 0x00, 0x00, 0xAF, 0x00, 0x00, 0x00, 0x00, 0xAF, 0x00, 0x00, 0x00, 0x00, 0xAF, 0x00, 0x00,
    0x00, 0x00, 0xAF, 0x00, 0x00, 0x2A, 0xA5, 0xFF, 0xFA, 0x16, 0x02, 0x0C, 0xCE, 0x72, 0x07, 0x00,
    0x00, 0xAF, 0x00, 0x00, 0x00, 0x00, 0xAF, 0x00, 0x00, 0x00, 0x00, 0xAF, 0x00, 0x00, 0x00, 0x00,
    0xA6, 0x00, 0x00, 0x00, 0x00, 0x58, 0x00, 0x00, 0x00, 0x00, 0xAA, 0x00, 0x00, 0x00, 0x00, 0xAA,
    0x00, 0x00, 0x00, 0x00, 0xAA, 0x00, 0x00, 0x00, 0x00, 0xAA, 0x00, 0x00, 0x3F, 0xFA, 0xFF, 0xFA,
    0x16, 0x18, 0x72, 0xD5, 0x72, 0x07, 0x00, 0x00, 0xAA, 0x00, 0x00, 0x00, 0x00, 0xAA, 0x00, 0x00,
    0x00, 0x00, 0xAA, 0x00, 0x00, 0x00, 0x00, 0xA1, 0x00, 0x00, 0x00, 0x0C, 0xB4, 0x00, 0x00, 0x00,
    0x16, 0xFF, 0x00, 0x00, 0x00, 0x16, 0xFF, 0x00, 0x00, 0x00, 0x16, 0xFF, 0x00, 0x00, 0x00, 0x16,
    0xFF, 0x00, 0x00, 0x2C, 0xB4, 0xFF, 0xAF, 0x0F, 0x00, 0x00, 0xAA, 0x00, 0x00, 0x00, 0x00, 0xAA,
    0x00, 0x00, 0x00, 0x00, 0xAA, 0x00, 0x00, 0x00, 0x00, 0xAA, 0x00, 0x00, 0x00, 0x00, 0xA2, 0x00,
    0x00, 0x00, 0x00, 0x78, 0x00, 0x00, 0x00, 0x00, 0xAA, 0x00, 0x00, 0x00, 0x00, 0xAA, 0x00, 0x00,
    0x00, 0x00, 0xAA, 0x00, 0x00, 0x00, 0x00, 0xAA, 0x00, 0x00, 0x2C, 0xB1, 0xFF, 0xAF, 0x0F, 0x00,
    0x16, 0xFF, 0x00, 0x00, 0x00, 0x16, 0xFF, 0x00, 0x00, 0x00, 0x16, 0xFF, 0x00, 0x00, 0x00, 0x16,
    0xFF, 0x00, 0x00, 0x00, 0x11, 0xF2, 0x00, 0x00, 0x00, 0x09, 0x9F, 0x00, 0x00, 0x00, 0x16, 0xFF,
    0x00, 0x00, 0x00, 0x16, 0xFF, 0x00, 0x00, 0x00, 0x16, 0xFF, 0x00, 0x00, 0x00, 0x16, 0xFF, 0x00,
    0x00, 0x2A, 0xAD, 0xFF, 0xA5, 0x0F, 0x02, 0x20, 0xFF, 0x0C, 0x00, 0x00, 0x16, 0xFF, 0x00, 0x00,
    0x00, 0x16, 0xFF, 0x00, 0x00, 0x00, 0x16, 0xFF, 0x00, 0x00, 0x00, 0x14, 0xFF, 0x00, 0x00, 0x00,
    0x0E, 0xCE, 0x00, 0x00, 0x00, 0x16, 0xFF, 0x00, 0x00, 0x00, 0x16, 0xFF, 0x00, 0x00, 0x00, 0x16,
    0xFF, 0x00, 0x00, 0x03, 0x26, 0xFF, 0x00, 0x00, 0x52, 0xFF, 0xFF, 0xAF, 0x0F, 0x03, 0x12, 0xB4,
    0x00, 0x00, 0x00, 0x00, 0xAF, 0x00, 0x00, 0x00, 0x00, 0xAF, 0x00, 0x00, 0x00, 0x00, 0xAF, 0x00,
    0x00, 0x00, 0x00, 0x93, 0x00, 0x00, 0x00, 0x0C, 0xB6, 0x00, 0x00, 0x00, 0x16, 0xFF, 0x00, 0x00,
    0x00, 0x16, 0xFF, 0x00, 0x00, 0x00, 0x16, 0xFF, 0x00, 0x00, 0x00, 0x16, 0xFF, 0x00, 0x00, 0x2C,
    0xB7, 0xFF, 0xFF, 0x1C, 0x00, 0x02, 0xC0, 0x30, 0x03, 0x00, 0x00, 0xAF, 0x00, 0x00, 0x00, 0x00,
    0xAF, 0x00, 0x00, 0x00, 0x00, 0xAF, 0x00, 0x00, 0x00, 0x00, 0xA3, 0x00, 0x00, 0x00, 0x00, 0x7F,
    0x00, 0x00, 0x00, 0x00, 0xAF, 0x00, 0x00, 0x00, 0x00, 0xAF, 0x00, 0x00, 0x00, 0x00, 0xAF, 0x00,
    0x00, 0x00, 0x00, 0xAF, 0x00, 0x00, 0x4D, 0xFF, 0xFF, 0xAF, 0x0F, 0x0A, 0x42, 0xFF, 0x00, 0x00,
    0x00, 0x16, 0xFF, 0x00, 0x00, 0x00, 0x16, 0xFF, 0x00, 0x00, 0x00, 0x16, 0xFF, 0x00, 0x00, 0x00,
    0x11, 0xE9, 0x00, 0x00, 0x00, 0x00, 0x7F, 0x00, 0x00, 0x00, 0x00, 0xAF, 0x00, 0x00, 0x00, 0x00,
    0xAF, 0x00, 0x00, 0x00, 0x00, 0xAF, 0x00, 0x00, 0x00, 0x00, 0xAF, 0x00, 0x00, 0x2C, 0xB6, 0xFF,
    0xFF, 0x1C, 0x00, 0x16, 0xFF, 0x36, 0x03, 0x00, 0x16, 0xFF, 0x00, 0x00, 0x00, 0x16, 0xFF, 0x00,
    0x00, 0x00, 0x16, 0xFF, 0x00, 0x00, 0x00, 0x11, 0xE9, 0x00, 0x00, 0x00, 0x0C, 0xB9, 0x00, 0x00,
    0x00, 0x16, 0xFF, 0x00, 0x00, 0x00, 0x16, 0xFF, 0x00, 0x00, 0x00, 0x16, 0xFF, 0x00, 0x00, 0x00,
    0x16, 0xFF, 0x00, 0x00, 0x4D, 0xFF, 0xFF, 0xFF, 0x1C, 0x0A, 0x30, 0xBC, 0x30, 0x03, 0x00, 0x00,
    0xAA, 0x00, 0x00, 0x00, 0x00, 0xAA, 0x00, 0x00, 0x00, 0x00, 0xAA, 0x00, 0x00, 0x00, 0x00, 0x9F,
    0x00, 0x00, 0x00, 0x00, 0x7B, 0x00, 0x00, 0x00, 0x00, 0xAA, 0x00, 0x00, 0x00, 0x00, 0xAA, 0x00,
    0x00, 0x00, 0x00, 0xAA, 0x00, 0x00, 0x00, 0x00, 0xAA, 0x00, 0x00, 0x4D, 0xFF, 0xFF, 0xFF, 0x1C,
    0x0A, 0x42, 0xFF, 0x30, 0x03, 0x00, 0x16, 0xFF, 0x00, 0x00, 0x00, 0x16, 0xFF, 0x00, 0x00, 0x00,
    0x16, 0xFF, 0x00, 0x00, 0x00, 0x11, 0xED, 0x00, 0x00, 0x00, 0x09, 0x9D, 0x00, 0x00, 0x00, 0x16,
    0xFF, 0x00, 0x00, 0x00, 0x16, 0xFF, 0x00, 0x00, 0x00, 0x16, 0xFF, 0x00, 0x00, 0x00, 0x16, 0xFF,
    0x00, 0x00, 0x3F, 0xFC, 0xFF, 0xA5, 0x0F, 0x18, 0x81, 0xFF, 0x0C, 0x00, 0x00, 0x16, 0xFF, 0x00,
    0x00, 0x00, 0x16, 0xFF, 0x00, 0x00, 0x00, 0x16, 0xFF, 0x00, 0x00, 0x00, 0x14, 0xFF, 0x00, 0x00,
    0x00, 0x09, 0x9D, 0x00, 0x00, 0x00, 0x16, 0xFF, 0x00, 0x00, 0x00, 0x16, 0xFF, 0x00, 0x00, 0x00,
    0x16, 0xFF, 0x00, 0x00, 0x00, 0x16, 0xFF, 0x00, 0x00, 0x2A, 0xAD, 0xFF, 0xFA, 0x16, 0x02, 0x20,
    0xFF, 0x72, 0x07, 0x00, 0x16, 0xFF, 0x00, 0x00, 0x00, 0x16, 0xFF, 0x00, 0x00, 0x00, 0x16, 0xFF,
    0x00, 0x00, 0x00, 0x14, 0xFF, 0x00, 0x00, 0x00, 0x09, 0x9F, 0x00, 0x00, 0x00, 0x16, 0xFF, 0x00,
    0x00, 0x00, 0x16, 0xFF, 0x00, 0x00, 0x00, 0x16, 0xFF, 0x00, 0x00, 0x00, 0x16, 0xFF, 0x00, 0x00,
    0x3F, 0xFC, 0xFF, 0xFA, 0x16, 0x18, 0x81, 0xFF, 0x72, 0x07, 0x00, 0x16, 0xFF, 0x00, 0x00, 0x00,
    0x16, 0xFF, 0x00, 0x00, 0x00, 0x16, 0xFF, 0x00, 0x00, 0x00, 0x14, 0xFF, 0x00, 0x00, 0x3A, 0xA1,
    0x00, 0xA1, 0x3A, 0x66, 0xFF, 0x00, 0xFF, 0x66, 0x0D, 0x2B, 0x00, 0x2B, 0x0D, 0xA1, 0xAF, 0x3A,
    0x00, 0x34, 0xAF, 0xA6, 0x31, 0xFF, 0x36, 0xFF, 0x0F, 0x64, 0x00, 0x00, 0x0D, 0x5A, 0x36, 0xFF,
    0x33, 0xFF, 0x07, 0x24, 0x24, 0x24, 0x01, 0x24, 0xAE, 0xAE, 0xAE, 0x0D, 0x2C, 0xAF, 0xAF, 0xAF,
    0x0F, 0x5B, 0x4B, 0x0F, 0xAF, 0xAE, 0x24, 0xAF, 0xAE, 0x24, 0xAF, 0xAE, 0x24, 0xAF, 0xAE, 0x24,
    0xAF, 0xAE, 0x24, 0xAF, 0xAE, 0x24, 0xAF, 0xAE, 0x24, 0xAF, 0xAE, 0x24, 0xAF, 0xAE, 0x24, 0xA6,
    0xA5, 0x21, 0x22, 0x24, 0x01, 0xBE, 0xAE, 0x0D, 0xC2, 0xAF, 0x0F, 0x3A, 0x00, 0x00, 0x3A, 0x00,
    0x00, 0x3A, 0x00, 0x00, 0x37, 0x00, 0x00, 0x8D, 0xC0, 0xB2, 0xA6, 0xAF, 0xAE, 0x24, 0x00, 0xAF,
    0xAE, 0x24, 0x00, 0xAF, 0xAE, 0x24, 0x00, 0xAF, 0xAE, 0x24, 0x00, 0xA6, 0x8A, 0x1C, 0x00, 0x1E,
    0x24, 0x20, 0x01, 0xAE, 0xAE, 0x9A, 0x0D, 0xAB, 0xC0, 0x9B, 0x0F, 0xAB, 0x44, 0x00, 0x00, 0xAB,
    0x44, 0x00, 0x00, 0xAB, 0x44, 0x00, 0x00, 0x9D, 0x3E, 0x00, 0x00, 0x00, 0x09, 0x24, 0x24, 0x18,
    0x00, 0x2D, 0xAE, 0xAE, 0xC0, 0x00, 0x37, 0xAF, 0xAF, 0xC4, 0x00, 0x00, 0x00, 0x00, 0xAF, 0x00,
    0x00, 0x00, 0x00, 0xAF, 0x00, 0x00, 0x00, 0x00, 0xAF, 0x00, 0x00, 0x00, 0x00, 0xA6, 0x21, 0x97,
    0xC4, 0x9E, 0x18, 0x00, 0x00, 0xAF, 0x92, 0x24, 0x00, 0x00, 0xAF, 0x92, 0x24, 0x00, 0x00, 0xAF,
    0x92, 0x24, 0x00, 0x00, 0xAF, 0x92, 0x24, 0x00, 0x00, 0xA6, 0x74, 0x1C, 0x08, 0x1F, 0x24, 0x1D,
    0x03, 0x28, 0x99, 0xAE, 0xBA, 0x24, 0x31, 0x9C, 0xFD, 0x92, 0x24, 0x00, 0x00, 0xAF, 0x92, 0x24,
    0x00, 0x00, 0xAF, 0x92, 0x24, 0x00, 0x00, 0xAF, 0x92, 0x24, 0x00, 0x00, 0xA1, 0x86, 0x21, 0x20,
    0x00, 0x00, 0x3A, 0x00, 0x00, 0x3A, 0x00, 0x00, 0x3A, 0x00, 0x00, 0x55, 0x24, 0x01, 0xBE, 0xAE,
    0x0D, 0xB2, 0xAF, 0x0F, 0x7C, 0x66, 0x15, 0x00, 0xAF, 0xAE, 0x24, 0x00, 0xAF, 0xAE, 0x24, 0x00,
    0xAF, 0xAE, 0x24, 0x00, 0xAF, 0xAE, 0x24, 0x00, 0xB7, 0xDE, 0xB7, 0xA6, 0x6C, 0x28, 0x00, 0x00,
    0xAB, 0x44, 0x00, 0x00, 0xAB, 0x44, 0x00, 0x00, 0xAB, 0x44, 0x00, 0x00, 0xAB, 0x64, 0x25, 0x03,
    0x6F, 0x9C, 0x95, 0x0C, 0x98, 0xAF, 0x9B, 0x0F, 0x00, 0x00, 0x00, 0x00, 0x61, 0x00, 0x00, 0x00,
    0x00, 0xAF, 0x00, 0x00, 0x00, 0x00, 0xAF, 0x00, 0x00, 0x00, 0x00, 0xAF, 0x00, 0x09, 0x24, 0x24,
    0xB2, 0x00, 0x2D, 0xAE, 0xAE, 0xC0, 0x00, 0x37, 0xAF, 0xAF, 0x8D, 0x00, 0x00, 0x7C, 0x56, 0x15,
    0x00, 0x00, 0xAF, 0x92, 0x24, 0x00, 0x00, 0xAF, 0x92, 0x24, 0x00, 0x00, 0xAF, 0x92, 0x24, 0x00,
    0x00, 0xAF, 0x92, 0x24, 0x21, 0x97, 0xE7, 0xB8, 0x1F, 0x00, 0x00, 0x7C, 0x56, 0x15, 0x00, 0x00,
    0xAF, 0x92, 0x24, 0x00, 0x00, 0xAF, 0x92, 0x24, 0x00, 0x00, 0xAF, 0x92, 0x24, 0x09, 0x25, 0xBE,
    0x92, 0x24, 0x26, 0x93, 0xA8, 0x92, 0x24, 0x31, 0x9C, 0xAF, 0x90, 0x13, 0x1E, 0x00, 0x00, 0x3A,
    0x00, 0x00, 0x3A, 0x00, 0x00, 0x3A, 0x00, 0x00, 0x4C, 0x18, 0x01, 0xC7, 0xBA, 0x0D, 0xC2, 0xAF,
    0x0F, 0x3A, 0x00, 0x00, 0x3A, 0x00, 0x00, 0x3A, 0x00, 0x00, 0x37, 0x00, 0x00, 0x50, 0x1C, 0x00,
    0x00, 0xAB, 0x44, 0x00, 0x00, 0xAB, 0x44, 0x00, 0x00, 0xAB, 0x44, 0x00, 0x00, 0xAB, 0x44, 0x00,
    0x00, 0xAB, 0xB8, 0x92, 0x0F, 0xAB, 0x4C, 0x0B, 0x00, 0xAB, 0x44, 0x00, 0x00, 0xAB, 0x44, 0x00,
    0x00, 0xAB, 0x44, 0x00, 0x00, 0xA2, 0x41, 0x00, 0x00, 0x50, 0x1C, 0x00, 0x00, 0xAB, 0x44, 0x00,
    0x00, 0xAB, 0x44, 0x00, 0x00, 0xAB, 0x44, 0x00, 0x00, 0xAB, 0x55, 0x15, 0x01, 0x74, 0xAD, 0xA4,
    0x0D, 0xA7, 0xBD, 0x9B, 0x0F, 0xAB, 0x44, 0x00, 0x00, 0xAB, 0x44, 0x00, 0x00, 0xAB, 0x44, 0x00,
    0x00, 0xA2, 0x41, 0x00, 0x00, 0x00, 0x00, 0x00, 0x00, 0x5B, 0x00, 0x00, 0x00, 0x00, 0xAF, 0x00,
    0x00, 0x00, 0x00, 0xAF, 0x00, 0x00, 0x00, 0x00, 0xAF, 0x00, 0x06, 0x18, 0x18, 0xB1, 0x00, 0x30,
    0xBA, 0xBA, 0xC1, 0x00, 0x37, 0xAF, 0xAF, 0xC4, 0x00, 0x00, 0x00, 0x00, 0xAF, 0x00, 0x00, 0x00,
    0x00, 0xAF, 0x00, 0x00, 0x00, 0x00, 0xAF, 0x00, 0x00, 0x00, 0x00, 0xA6, 0x00, 0x00, 0x5B, 0x3F,
    0x0F, 0x00, 0x00, 0xAF, 0x92, 0x24, 0x00, 0x00, 0xAF, 0x92, 0x24, 0x00, 0x00, 0xAF, 0x92, 0x24,
    0x00, 0x00, 0xAF, 0x92, 0x24, 0x2E, 0x93, 0xF8, 0x92, 0x24, 0x02, 0x0A, 0xB2, 0x92, 0x24, 0x00,
    0x00, 0xAF, 0x92, 0x24, 0x00, 0x00, 0xAF, 0x92, 0x24, 0x00, 0x00, 0xAF, 0x92, 0x24, 0x00, 0x00,
    0xA6, 0x8B, 0x21, 0x00, 0x00, 0x5B, 0x3F, 0x0F, 0x00, 0x00, 0xAF, 0x92, 0x24, 0x00, 0x00, 0xAF,
    0x92, 0x24, 0x00, 0x00, 0xAF, 0x92, 0x24, 0x05, 0x15, 0xB7, 0x92, 0x24, 0x2B, 0xA3, 0xBA, 0x92,
    0x24, 0x31, 0x9C, 0xF8, 0x92, 0x24, 0x00, 0x00, 0xAF, 0x92, 0x24, 0x00, 0x00, 0xAF, 0x92, 0x24,
    0x00, 0x00, 0xAF, 0x92, 0x24, 0x00, 0x00, 0xA6, 0x8B, 0x21, 0x07, 0x24, 0x24, 0x24, 0x01, 0x24,
    0xAE, 0xAE, 0xAE, 0x0D, 0x2C, 0xAF, 0xFB, 0xAF, 0x0F, 0x00, 0x00, 0xAA, 0x00, 0x00, 0x00, 0x00,
    0xAA, 0x00, 0x00, 0x00, 0x00, 0xAA, 0x00, 0x00, 0x00, 0x00, 0xBB, 0x00, 0x00, 0x2C, 0xB5, 0xC1,
    0xB2, 0x0F, 0x00, 0x3E, 0xB4, 0x22, 0x00, 0x00, 0x3E, 0xB4, 0x22, 0x00, 0x00, 0x3E, 0xB4, 0x22,
    0x00, 0x00, 0x3E, 0xB4, 0x22, 0x00, 0x00, 0x31, 0x8E, 0x1A, 0x00, 0x07, 0x24, 0x24, 0x24, 0x01,
    0x24, 0xAE, 0xAE, 0xAE, 0x0D, 0x2C, 0xC6, 0xB4, 0xBB, 0x0F, 0x00, 0x3E, 0xB4, 0x22, 0x00, 0x00,
    0x3E, 0xB4, 0x22, 0x00, 0x00, 0x3E, 0xB4, 0x22, 0x00, 0x00, 0x39, 0xA5, 0x1E, 0x00, 0x00, 0x00,
    0x78, 0x00, 0x00, 0x00, 0x00, 0xAA, 0x00, 0x00, 0x00, 0x00, 0xAA, 0x00, 0x00, 0x00, 0x00, 0xAA,
    0x00, 0x00, 0x08, 0x2A, 0xBA, 0x2A, 0x03, 0x22, 0xA8, 0xA8, 0xA8, 0x0C, 0x2C, 0xAF, 0xAF, 0xAF,
    0x0F, 0x00, 0x24, 0x6A, 0x14, 0x00, 0x00, 0x3E, 0xB4, 0x22, 0x00, 0x00, 0x3E, 0xB4, 0x22, 0x00,
    0x00, 0x3E, 0xB4, 0x22, 0x00, 0x00, 0x3E, 0xB4, 0x22, 0x00, 0x2C, 0xC0, 0xDF, 0xB8, 0x0F, 0x00,
    0x24, 0x6A, 0x14, 0x00, 0x00, 0x3E, 0xB4, 0x22, 0x00, 0x00, 0x3E, 0xB4, 0x22, 0x00, 0x00, 0x3E,
    0xB4, 0x22, 0x00, 0x08, 0x61, 0xB4, 0x47, 0x03, 0x22, 0xA8, 0x4E, 0xA8, 0x0C, 0x2C, 0xAF, 0xAF,
    0xAF, 0x0F, 0x00, 0x00, 0x58, 0x00, 0x00, 0x00, 0x00, 0xAA, 0x00, 0x00, 0x00, 0x00, 0xAA, 0x00,
    0x00, 0x00, 0x00, 0xAA, 0x00, 0x00, 0x05, 0x18, 0xB2, 0x18, 0x01, 0x26, 0xBA, 0xF2, 0xBA, 0x0D,
    0x2C, 0xAF, 0xFB, 0xAF, 0x0F, 0x00, 0x00, 0xAA, 0x00, 0x00, 0x00, 0x00, 0xAA, 0x00, 0x00, 0x00,
    0x00, 0xAA, 0x00, 0x00, 0x00, 0x00, 0xA1, 0x00, 0x00, 0x00, 0x1B, 0x4E, 0x0E, 0x00, 0x00, 0x3E,
    0xB4, 0x22, 0x00, 0x00, 0x3E, 0xB4, 0x22, 0x00, 0x00, 0x3E, 0xB4, 0x22, 0x00, 0x00, 0x3E, 0xB4,
    0x22, 0x00, 0x2A, 0xBE, 0xED, 0xB2, 0x0F, 0x02, 0x48, 0xBA, 0x2C, 0x00, 0x00, 0x3E, 0xB4, 0x22,
    0x00, 0x00, 0x3E, 0xB4, 0x22, 0x00, 0x00, 0x3E, 0xB4, 0x22, 0x00, 0x00, 0x3B, 0xAB, 0x20, 0x00,
    0x00, 0x32, 0x63, 0x0C, 0x00, 0x00, 0x46, 0xA8, 0x16, 0x00, 0x00, 0x46, 0xA8, 0x16, 0x00, 0x00,
    0x46, 0xA8, 0x16, 0x00, 0x0C, 0x65, 0xA8, 0x3D, 0x03, 0x33, 0xA8, 0x49, 0xA8, 0x0C, 0x41, 0xCE,
    0xA8, 0xB7, 0x0F, 0x00, 0x46, 0xA8, 0x16, 0x00, 0x00, 0x46, 0xA8, 0x16, 0x00, 0x00, 0x46, 0xA8,
    0x16, 0x00, 0x00, 0x40, 0x9A, 0x14, 0x00, 0x50, 0xAD, 0x0F, 0x86, 0x00, 0x00, 0x3A, 0x00, 0x00,
    0x3A, 0x00, 0x00, 0x3A, 0x00, 0x00, 0x37, 0x00, 0x00, 0x00, 0x37, 0xAA, 0x4E, 0x00, 0x00, 0x00,
    0x04, 0xBE, 0x4E, 0x00, 0x00, 0x00, 0x04, 0xAA, 0x00, 0x00, 0x00, 0x00, 0xAF, 0x00, 0x00, 0x00,
    0x00, 0xAF, 0x00, 0x00, 0x00, 0x00, 0xA6, 0x00, 0x00, 0x00, 0x00, 0x7C, 0x00, 0x00, 0x00, 0x00,
    0xAF, 0x00, 0x00, 0x00, 0x00, 0xAF, 0x00, 0x00, 0x00, 0x00, 0xAD, 0x00, 0x00, 0x00, 0x7C, 0x78,
    0x00, 0x37, 0xAD, 0x99, 0x00, 0x29, 0x00, 0x00, 0x3A, 0x00, 0x00, 0x3A, 0x00, 0x00, 0x3A, 0x00,
    0x00, 0x67, 0x00, 0x00, 0x82, 0xAD, 0x0F, 0x00, 0x00, 0x00, 0x00, 0x9C, 0x00, 0x00, 0x00, 0x55,
    0x96, 0x00, 0x00, 0x00, 0xC0, 0x04, 0x00, 0x00, 0x78, 0x75, 0x00, 0x00, 0x04, 0xC0, 0x00, 0x00,
    0x00, 0x99, 0x54, 0x00, 0x00, 0x10, 0xB7, 0x00, 0x00, 0x00, 0xB5, 0x37, 0x00, 0x00, 0x00, 0xAA,
    0x00, 0x00, 0x00, 0x00, 0x9C, 0x00, 0x00, 0x00, 0x00, 0xAC, 0x1C, 0x00, 0x00, 0x00, 0x25, 0xA5,
    0x00, 0x00, 0x00, 0x00, 0xBA, 0x31, 0x00, 0x00, 0x00, 0x13, 0xB4, 0x00, 0x00, 0x00, 0x00, 0xA0,
    0x4C, 0x00, 0x00, 0x00, 0x07, 0xBF, 0x00, 0x00, 0x00, 0x00, 0x7F, 0x6D, 0x00, 0x00, 0x00, 0x00,
    0xA8, 0x9C, 0x00, 0x00, 0x00, 0x9C, 0xAD, 0x1E, 0x00, 0x54, 0x96, 0x25, 0xA6, 0x00, 0xBE, 0x04,
    0x00, 0xBA, 0xA9, 0x73, 0x00, 0x00, 0x18, 0xFF, 0x00, 0x00, 0x00, 0x99, 0xC6, 0x4C, 0x00, 0x10,
    0xB9, 0x06, 0xBE, 0x00, 0xB4, 0x39, 0x00, 0x7E, 0x6C, 0xAA, 0x00, 0x00, 0x00, 0xA8, 0x00, 0x0F,
    0xAF, 0xAF, 0xB4, 0x6C, 0xAF, 0xAF, 0xAF, 0xAF, 0xA6, 0xB2, 0xAF, 0x0F, 0x6C, 0xAF, 0xAF, 0xAF,
    0xAF, 0xA6, 0x00, 0x1C, 0xFF, 0xFF, 0xFF, 0x00, 0x03, 0x30, 0x30, 0x28, 0x1B, 0xB8, 0x36, 0xFF,
    0x36, 0xFF, 0x36, 0xFF, 0x36, 0xFF, 0x33, 0xFF, 0xFF, 0xFF, 0x1C, 0x2E, 0x30, 0x03, 0x1B, 0xB8,
    0x36, 0xFF, 0x36, 0xFF, 0x36, 0xFF, 0x36, 0xFF, 0x33, 0xFF, 0x2C, 0xAF, 0xFF, 0xFF, 0x1C, 0x00,
    0x00, 0x2A, 0x30, 0x03, 0x00, 0x5B, 0x00, 0xAF, 0x00, 0xAF, 0x00, 0xAF, 0x00, 0xAF, 0x1B, 0xEE,
    0x36, 0xFF, 0x36, 0xFF, 0x36, 0xFF, 0x36, 0xFF, 0x33, 0xFF, 0x16, 0xFF, 0xFF, 0xAF, 0x37, 0x02,
    0x30, 0x28, 0x00, 0x00, 0x1B, 0xB8, 0x36, 0xFF, 0x36, 0xFF, 0x36, 0xFF, 0x36, 0xFF, 0x33, 0xFF,
    0x00, 0xAF, 0x00, 0xAF, 0x00, 0xAF, 0x00, 0xAF, 0x00, 0xB7, 0xD4, 0xDC, 0xDC, 0xDC, 0xAF, 0xFF,
    0xFF, 0xFF, 0xFF, 0xFF, 0xFF, 0xFF, 0xFF, 0xFF, 0xFF, 0xFF, 0xFF, 0xFF, 0xFF, 0xFF, 0xFF, 0xFF,
    0xFF, 0xFF, 0xFF, 0x22, 0x24, 0x24, 0x24, 0x1C, 0xAB, 0xAE, 0xAE, 0xAE, 0x8D, 0xA8, 0x00, 0x00,
    0x00, 0xAE, 0xA8, 0x00, 0x00, 0x00, 0xAE, 0xA8, 0x00, 0x00, 0x00, 0xAE, 0xA8, 0x00, 0x00, 0x00,
    0xAE, 0xA8, 0xAE, 0xAE, 0xAE, 0x8A, 0x00, 0x00, 0x28, 0x00, 0x00, 0x00, 0x28, 0xFF, 0x06, 0x00,
    0x00, 0xB6, 0xFF, 0x94, 0x00, 0x27, 0xFF, 0xFF, 0xFF, 0x06, 0xB5, 0xFF, 0xFF, 0xFF, 0x94, 0x6A,
    0x78, 0x78, 0x78, 0x55, 0x52, 0x00, 0x00, 0x00, 0x00, 0xFF, 0xE8, 0x55, 0x00, 0x00, 0xFF, 0xFF,
    0xFF, 0xE7, 0x51, 0xFF, 0xFF, 0xFF, 0xB7, 0x27, 0xFF, 0xB7, 0x28, 0x00, 0x00, 0x24, 0x00, 0x00,
    0x00, 0x00, 0x99, 0xB4, 0xB4, 0xB4, 0x79, 0xBB, 0xFF, 0xFF, 0xFF, 0x76, 0x16, 0xFF, 0xFF, 0xFF,
    0x00, 0x00, 0xBE, 0xFF, 0x76, 0x00, 0x00, 0x16, 0xED, 0x00, 0x00, 0x00, 0x00, 0x12, 0x00, 0x00,
    0x00, 0x00, 0x00, 0x01, 0x51, 0x00, 0x01, 0x78, 0xFF, 0xFF, 0x75, 0xFF, 0xFF, 0xFF, 0xFF, 0x40,
    0xD3, 0xFF, 0xFF, 0xFF, 0x00, 0x00, 0x40, 0xD3, 0xFC, 0x00, 0x00, 0x00, 0x00, 0x25, 0x00, 0x00,
    0x52, 0x00, 0x00, 0x00, 0xB1, 0xFF, 0x91, 0x00, 0xAD, 0xFF, 0xFF, 0xFF, 0x90, 0x99, 0xFF, 0xFF,
    0xFF, 0x63, 0x00, 0x9C, 0xFF, 0x63, 0x00, 0x00, 0x00, 0x24, 0x00, 0x00, 0x00, 0x00, 0x52, 0x00,
    0x00, 0x00, 0xA0, 0xA5, 0x8E, 0x00, 0xA0, 0x58, 0x00, 0x8A, 0x8E, 0x94, 0x85, 0x00, 0xB8, 0x63,
    0x00, 0x97, 0xCF, 0x63, 0x00, 0x00, 0x00, 0x24, 0x00, 0x00, 0x00, 0x5B, 0xA9, 0x3F, 0x00, 0x9C,
    0x79, 0x0F, 0xA6, 0x6C, 0xA3, 0x00, 0x00, 0x00, 0xA8, 0xA5, 0x00, 0x00, 0x00, 0xA8, 0x9D, 0x7C,
    0x0F, 0xAB, 0x6C, 0x00, 0x5B, 0xAB, 0x3F, 0x00, 0x06, 0xA6, 0xC9, 0x82, 0x00, 0xC0, 0xFF, 0xFF,
    0xFF, 0xA2, 0xFF, 0xFF, 0xFF, 0xFF, 0xF2, 0xFF, 0xFF, 0xFF, 0xFF, 0xCF, 0x55, 0xFF, 0xFF, 0xFF,
    0x2D, 0x00, 0x06, 0x27, 0x00, 0x00, 0x03, 0x06, 0x06, 0x06, 0x01, 0x8E, 0x6C, 0x6C, 0x6C, 0x79,
    0x72, 0x00, 0x00, 0x00, 0x72, 0x72, 0x00, 0x00, 0x00, 0x72, 0x8D, 0x72, 0x72, 0x72, 0x78, 0x94,
    0x72, 0x72, 0x8D, 0x85, 0x72, 0x00, 0x40, 0x31, 0x78, 0x72, 0x70, 0x84, 0x00, 0x78, 0x94, 0x8D,
    0x9A, 0x72, 0x85, 0x03, 0x06, 0x06, 0x06, 0x01, 0x13, 0x82, 0xDD, 0x82, 0x13, 0x9A, 0xBE, 0x4E,
    0xBF, 0x9C, 0xD0, 0x16, 0xFA, 0x16, 0xD2, 0xA0, 0xB5, 0x22, 0xB5, 0xA0, 0x18, 0xBA, 0xFF, 0xBA,
    0x18, 0x00, 0x00, 0x00, 0x7E, 0xAC, 0x12, 0x06, 0x00, 0xF6, 0x9C, 0xFF, 0x73, 0x40, 0xFF, 0x15,
    0xA6, 0xC5, 0xAF, 0xC6, 0x00, 0x43, 0xFF, 0xFF, 0x57, 0x00, 0x00, 0xFF, 0xFF, 0x00, 0x00, 0x00,
    0x58, 0x25, 0xA2, 0x2D, 0x00, 0x69, 0xFB, 0xAA, 0x00, 0x00, 0x46, 0xFF, 0x33, 0x00, 0x0F, 0xF7,
    0x91, 0xB0, 0x00, 0x9A, 0x96, 0x00, 0x19, 0x00, 0x03, 0x00, 0x00, 0x00, 0x00, 0x00, 0x00, 0x00,
    0x06, 0x07, 0x60, 0xA5, 0x07, 0xDA, 0xA5, 0x2E, 0xFF, 0xFA, 0xDF, 0x06, 0x00, 0xF5, 0xFF, 0x37,
    0x00, 0x9F, 0xFF, 0xFF, 0xF5, 0x00, 0xC3, 0x70, 0x60, 0x8B, 0x00, 0x00, 0x00, 0x00, 0x00, 0x00,
    0x2B, 0xFB, 0x00, 0x36, 0xFF, 0x00, 0x36, 0xFF, 0x00, 0x84, 0xFF, 0x4B, 0x00, 0x2D, 0x00,
};
