// Auto-generated VLW font: ibmplex_italic_11
// Size: 29243 bytes (28.6 KB)
#pragma once
#include <pgmspace.h>

const uint8_t ibmplex_italic_11[] PROGMEM = {
    0x00, 0x00, 0x01, 0x65, 0x00, 0x00, 0x00, 0x06, 0x00, 0x00, 0x00, 0x0B, 0x00, 0x00, 0x00, 0x00,
    0x00, 0x00, 0x00, 0x0C, 0x00, 0x00, 0x00, 0x04, 0x00, 0x00, 0x00, 0x20, 0x00, 0x00, 0x00, 0x00,
    0x00, 0x00, 0x00, 0x00, 0x00, 0x00, 0x00, 0x07, 0x00, 0x00, 0x00, 0x00, 0x00, 0x00, 0x00, 0x00,
    0x00, 0x00, 0x00, 0x00, 0x00, 0x00, 0x00, 0x21, 0x00, 0x00, 0x00, 0x08, 0x00, 0x00, 0x00, 0x03,
    0x00, 0x00, 0x00, 0x07, 0x00, 0x00, 0x00, 0x08, 0x00, 0x00, 0x00, 0x02, 0x00, 0x00, 0x00, 0x00,
    0x00, 0x00, 0x00, 0x22, 0x00, 0x00, 0x00, 0x04, 0x00, 0x00, 0x00, 0x04, 0x00, 0x00, 0x00, 0x07,
    0x00, 0x00, 0x00, 0x08, 0x00, 0x00, 0x00, 0x02, 0x00, 0x00, 0x00, 0x00, 0x00, 0x00, 0x00, 0x23,
    0x00, 0x00, 0x00, 0x08, 0x00, 0x00, 0x00, 0x07, 0x00, 0x00, 0x00, 0x07, 0x00, 0x00, 0x00, 0x08,
    0x00, 0x00, 0x00, 0x00, 0x00, 0x00, 0x00, 0x00, 0x00, 0x00, 0x00, 0x24, 0x00, 0x00, 0x00, 0x0B,
    0x00, 0x00, 0x00, 0x07, 0x00, 0x00, 0x00, 0x07, 0x00, 0x00, 0x00, 0x0A, 0x00, 0x00, 0x00, 0x00,
    0x00, 0x00, 0x00, 0x00, 0x00, 0x00, 0x00, 0x25, 0x00, 0x00, 0x00, 0x08, 0x00, 0x00, 0x00, 0x07,
    0x00, 0x00, 0x00, 0x07, 0x00, 0x00, 0x00, 0x08, 0x00, 0x00, 0x00, 0x00, 0x00, 0x00, 0x00, 0x00,
    0x00, 0x00, 0x00, 0x26, 0x00, 0x00, 0x00, 0x08, 0x00, 0x00, 0x00, 0x07, 0x00, 0x00, 0x00, 0x07,
    0x00, 0x00, 0x00, 0x08, 0x00, 0x00, 0x00, 0x00, 0x00, 0x00, 0x00, 0x00, 0x00, 0x00, 0x00, 0x27,
    0x00, 0x00, 0x00, 0x04, 0x00, 0x00, 0x00, 0x02, 0x00, 0x00, 0x00, 0x07, 0x00, 0x00, 0x00, 0x08,
    0x00, 0x00, 0x00, 0x03, 0x00, 0x00, 0x00, 0x00, 0x00, 0x00, 0x00, 0x28, 0x00, 0x00, 0x00, 0x0A,
    0x00, 0x00, 0x00, 0x05, 0x00, 0x00, 0x00, 0x07, 0x00, 0x00, 0x00, 0x08, 0x00, 0x00, 0x00, 0x02,
    0x00, 0x00, 0x00, 0x00, 0x00, 0x00, 0x00, 0x29, 0x00, 0x00, 0x00, 0x0A, 0x00, 0x00, 0x00, 0x05,
    0x00, 0x00, 0x00, 0x07, 0x00, 0x00, 0x00, 0x08, 0x00, 0x00, 0x00, 0x00, 0x00, 0x00, 0x00, 0x00,
    0x00, 0x00, 0x00, 0x2A, 0x00, 0x00, 0x00, 0x06, 0x00, 0x00, 0x00, 0x07, 0x00, 0x00, 0x00, 0x07,
    0x00, 0x00, 0x00, 0x06, 0x00, 0x00, 0x00, 0x00, 0x00, 0x00, 0x00, 0x00, 0x00, 0x00, 0x00, 0x2B,
    0x00, 0x00, 0x00, 0x07, 0x00, 0x00, 0x00, 0x07, 0x00, 0x00, 0x00, 0x07, 0x00, 0x00, 0x00, 0x07,
    0x00, 0x00, 0x00, 0x00, 0x00, 0x00, 0x00, 0x00, 0x00, 0x00, 0x00, 0x2C, 0x00, 0x00, 0x00, 0x03,
    0x00, 0x00, 0x00, 0x03, 0x00, 0x00, 0x00, 0x07, 0x00, 0x00, 0x00, 0x01, 0x00, 0x00, 0x00, 0x01,
    0x00, 0x00, 0x00, 0x00, 0x00, 0x00, 0x00, 0x2D, 0x00, 0x00, 0x00, 0x01, 0x00, 0x00, 0x00, 0x05,
    0x00, 0x00, 0x00, 0x07, 0x00, 0x00, 0x00, 0x04, 0x00, 0x00, 0x00, 0x01, 0x00, 0x00, 0x00, 0x00,
    0x00, 0x00, 0x00, 0x2E, 0x00, 0x00, 0x00, 0x02, 0x00, 0x00, 0x00, 0x02, 0x00, 0x00, 0x00, 0x07,
    0x00, 0x00, 0x00, 0x02, 0x00, 0x00, 0x00, 0x02, 0x00, 0x00, 0x00, 0x00, 0x00, 0x00, 0x00, 0x2F,
    0x00, 0x00, 0x00, 0x0A, 0x00, 0x00, 0x00, 0x07, 0x00, 0x00, 0x00, 0x07, 0x00, 0x00, 0x00, 0x08,
    0x00, 0x00, 0x00, 0x00, 0x00, 0x00, 0x00, 0x00, 0x00, 0x00, 0x00, 0x30, 0x00, 0x00, 0x00, 0x08,
    0x00, 0x00, 0x00, 0x07, 0x00, 0x00, 0x00, 0x07, 0x00, 0x00, 0x00, 0x08, 0x00, 0x00, 0x00, 0x00,
    0x00, 0x00, 0x00, 0x00, 0x00, 0x00, 0x00, 0x31, 0x00, 0x00, 0x00, 0x08, 0x00, 0x00, 0x00, 0x06,
    0x00, 0x00, 0x00, 0x07, 0x00, 0x00, 0x00, 0x08, 0x00, 0x00, 0x00, 0x00, 0x00, 0x00, 0x00, 0x00,
    0x00, 0x00, 0x00, 0x32, 0x00, 0x00, 0x00, 0x08, 0x00, 0x00, 0x00, 0x07, 0x00, 0x00, 0x00, 0x07,
    0x00, 0x00, 0x00, 0x08, 0x00, 0x00, 0x00, 0x00, 0x00, 0x00, 0x00, 0x00, 0x00, 0x00, 0x00, 0x33,
    0x00, 0x00, 0x00, 0x08, 0x00, 0x00, 0x00, 0x07, 0x00, 0x00, 0x00, 0x07, 0x00, 0x00, 0x00, 0x08,
    0x00, 0x00, 0x00, 0x00, 0x00, 0x00, 0x00, 0x00, 0x00, 0x00, 0x00, 0x34, 0x00, 0x00, 0x00, 0x08,
    0x00, 0x00, 0x00, 0x07, 0x00, 0x00, 0x00, 0x07, 0x00, 0x00, 0x00, 0x08, 0x00, 0x00, 0x00, 0x00,
    0x00, 0x00, 0x00, 0x00, 0x00, 0x00, 0x00, 0x35, 0x00, 0x00, 0x00, 0x08, 0x00, 0x00, 0x00, 0x07,
    0x00, 0x00, 0x00, 0x07, 0x00, 0x00, 0x00, 0x08, 0x00, 0x00, 0x00, 0x00, 0x00, 0x00, 0x00, 0x00,
    0x00, 0x00, 0x00, 0x36, 0x00, 0x00, 0x00, 0x08, 0x00, 0x00, 0x00, 0x06, 0x00, 0x00, 0x00, 0x07,
    0x00, 0x00, 0x00, 0x08, 0x00, 0x00, 0x00, 0x00, 0x00, 0x00, 0x00, 0x00, 0x00, 0x00, 0x00, 0x37,
    0x00, 0x00, 0x00, 0x08, 0x00, 0x00, 0x00, 0x06, 0x00, 0x00, 0x00, 0x07, 0x00, 0x00, 0x00, 0x08,
    0x00, 0x00, 0x00, 0x01, 0x00, 0x00, 0x00, 0x00, 0x00, 0x00, 0x00, 0x38, 0x00, 0x00, 0x00, 0x08,
    0x00, 0x00, 0x00, 0x07, 0x00, 0x00, 0x00, 0x07, 0x00, 0x00, 0x00, 0x08, 0x00, 0x00, 0x00, 0x00,
    0x00, 0x00, 0x00, 0x00, 0x00, 0x00, 0x00, 0x39, 0x00, 0x00, 0x00, 0x08, 0x00, 0x00, 0x00, 0x07,
    0x00, 0x00, 0x00, 0x07, 0x00, 0x00, 0x00, 0x08, 0x00, 0x00, 0x00, 0x00, 0x00, 0x00, 0x00, 0x00,
    0x00, 0x00, 0x00, 0x3A, 0x00, 0x00, 0x00, 0x06, 0x00, 0x00, 0x00, 0x03, 0x00, 0x00, 0x00, 0x07,
    0x00, 0x00, 0x00, 0x06, 0x00, 0x00, 0x00, 0x02, 0x00, 0x00, 0x00, 0x00, 0x00, 0x00, 0x00, 0x3B,
    0x00, 0x00, 0x00, 0x08, 0x00, 0x00, 0x00, 0x04, 0x00, 0x00, 0x00, 0x07, 0x00, 0x00, 0x00, 0x06,
    0x00, 0x00, 0x00, 0x01, 0x00, 0x00, 0x00, 0x00, 0x00, 0x00, 0x00, 0x3C, 0x00, 0x00, 0x00, 0x07,
    0x00, 0x00, 0x00, 0x07, 0x00, 0x00, 0x00, 0x07, 0x00, 0x00, 0x00, 0x07, 0x00, 0x00, 0x00, 0x00,
    0x00, 0x00, 0x00, 0x00, 0x00, 0x00, 0x00, 0x3D, 0x00, 0x00, 0x00, 0x03, 0x00, 0x00, 0x00, 0x07,
    0x00, 0x00, 0x00, 0x07, 0x00, 0x00, 0x00, 0x05, 0x00, 0x00, 0x00, 0x00, 0x00, 0x00, 0x00, 0x00,
    0x00, 0x00, 0x00, 0x3E, 0x00, 0x00, 0x00, 0x07, 0x00, 0x00, 0x00, 0x06, 0x00, 0x00, 0x00, 0x07,
    0x00, 0x00, 0x00, 0x07, 0x00, 0x00, 0x00, 0x00, 0x00, 0x00, 0x00, 0x00, 0x00, 0x00, 0x00, 0x3F,
    0x00, 0x00, 0x00, 0x08, 0x00, 0x00, 0x00, 0x06, 0x00, 0x00, 0x00, 0x07, 0x00, 0x00, 0x00, 0x08,
    0x00, 0x00, 0x00, 0x01, 0x00, 0x00, 0x00, 0x00, 0x00, 0x00, 0x00, 0x40, 0x00, 0x00, 0x00, 0x09,
    0x00, 0x00, 0x00, 0x07, 0x00, 0x00, 0x00, 0x07, 0x00, 0x00, 0x00, 0x08, 0x00, 0x00, 0x00, 0x00,
    0x00, 0x00, 0x00, 0x00, 0x00, 0x00, 0x00, 0x41, 0x00, 0x00, 0x00, 0x08, 0x00, 0x00, 0x00, 0x07,
    0x00, 0x00, 0x00, 0x07, 0x00, 0x00, 0x00, 0x08, 0x00, 0x00, 0x00, 0x00, 0x00, 0x00, 0x00, 0x00,
    0x00, 0x00, 0x00, 0x42, 0x00, 0x00, 0x00, 0x08, 0x00, 0x00, 0x00, 0x07, 0x00, 0x00, 0x00, 0x07,
    0x00, 0x00, 0x00, 0x08, 0x00, 0x00, 0x00, 0x00, 0x00, 0x00, 0x00, 0x00, 0x00, 0x00, 0x00, 0x43,
    0x00, 0x00, 0x00, 0x08, 0x00, 0x00, 0x00, 0x07, 0x00, 0x00, 0x00, 0x07, 0x00, 0x00, 0x00, 0x08,
    0x00, 0x00, 0x00, 0x00, 0x00, 0x00, 0x00, 0x00, 0x00, 0x00, 0x00, 0x44, 0x00, 0x00, 0x00, 0x08,
    0x00, 0x00, 0x00, 0x07, 0x00, 0x00, 0x00, 0x07, 0x00, 0x00, 0x00, 0x08, 0x00, 0x00, 0x00, 0x00,
    0x00, 0x00, 0x00, 0x00, 0x00, 0x00, 0x00, 0x45, 0x00, 0x00, 0x00, 0x08, 0x00, 0x00, 0x00, 0x07,
    0x00, 0x00, 0x00, 0x07, 0x00, 0x00, 0x00, 0x08, 0x00, 0x00, 0x00, 0x00, 0x00, 0x00, 0x00, 0x00,
    0x00, 0x00, 0x00, 0x46, 0x00, 0x00, 0x00, 0x08, 0x00, 0x00, 0x00, 0x07, 0x00, 0x00, 0x00, 0x07,
    0x00, 0x00, 0x00, 0x08, 0x00, 0x00, 0x00, 0x00, 0x00, 0x00, 0x00, 0x00, 0x00, 0x00, 0x00, 0x47,
    0x00, 0x00, 0x00, 0x08, 0x00, 0x00, 0x00, 0x07, 0x00, 0x00, 0x00, 0x07, 0x00, 0x00, 0x00, 0x08,
    0x00, 0x00, 0x00, 0x00, 0x00, 0x00, 0x00, 0x00, 0x00, 0x00, 0x00, 0x48, 0x00, 0x00, 0x00, 0x08,
    0x00, 0x00, 0x00, 0x07, 0x00, 0x00, 0x00, 0x07, 0x00, 0x00, 0x00, 0x08, 0x00, 0x00, 0x00, 0x00,
    0x00, 0x00, 0x00, 0x00, 0x00, 0x00, 0x00, 0x49, 0x00, 0x00, 0x00, 0x08, 0x00, 0x00, 0x00, 0x07,
    0x00, 0x00, 0x00, 0x07, 0x00, 0x00, 0x00, 0x08, 0x00, 0x00, 0x00, 0x00, 0x00, 0x00, 0x00, 0x00,
    0x00, 0x00, 0x00, 0x4A, 0x00, 0x00, 0x00, 0x08, 0x00, 0x00, 0x00, 0x07, 0x00, 0x00, 0x00, 0x07,
    0x00, 0x00, 0x00, 0x08, 0x00, 0x00, 0x00, 0x00, 0x00, 0x00, 0x00, 0x00, 0x00, 0x00, 0x00, 0x4B,
    0x00, 0x00, 0x00, 0x08, 0x00, 0x00, 0x00, 0x07, 0x00, 0x00, 0x00, 0x07, 0x00, 0x00, 0x00, 0x08,
    0x00, 0x00, 0x00, 0x00, 0x00, 0x00, 0x00, 0x00, 0x00, 0x00, 0x00, 0x4C, 0x00, 0x00, 0x00, 0x08,
    0x00, 0x00, 0x00, 0x06, 0x00, 0x00, 0x00, 0x07, 0x00, 0x00, 0x00, 0x08, 0x00, 0x00, 0x00, 0x00,
    0x00, 0x00, 0x00, 0x00, 0x00, 0x00, 0x00, 0x4D, 0x00, 0x00, 0x00, 0x08, 0x00, 0x00, 0x00, 0x07,
    0x00, 0x00, 0x00, 0x07, 0x00, 0x00, 0x00, 0x08, 0x00, 0x00, 0x00, 0x00, 0x00, 0x00, 0x00, 0x00,
    0x00, 0x00, 0x00, 0x4E, 0x00, 0x00, 0x00, 0x08, 0x00, 0x00, 0x00, 0x07, 0x00, 0x00, 0x00, 0x07,
    0x00, 0x00, 0x00, 0x08, 0x00, 0x00, 0x00, 0x00, 0x00, 0x00, 0x00, 0x00, 0x00, 0x00, 0x00, 0x4F,
    0x00, 0x00, 0x00, 0x08, 0x00, 0x00, 0x00, 0x07, 0x00, 0x00, 0x00, 0x07, 0x00, 0x00, 0x00, 0x08,
    0x00, 0x00, 0x00, 0x00, 0x00, 0x00, 0x00, 0x00, 0x00, 0x00, 0x00, 0x50, 0x00, 0x00, 0x00, 0x08,
    0x00, 0x00, 0x00, 0x07, 0x00, 0x00, 0x00, 0x07, 0x00, 0x00, 0x00, 0x08, 0x00, 0x00, 0x00, 0x00,
    0x00, 0x00, 0x00, 0x00, 0x00, 0x00, 0x00, 0x51, 0x00, 0x00, 0x00, 0x0A, 0x00, 0x00, 0x00, 0x07,
    0x00, 0x00, 0x00, 0x07, 0x00, 0x00, 0x00, 0x08, 0x00, 0x00, 0x00, 0x00, 0x00, 0x00, 0x00, 0x00,
    0x00, 0x00, 0x00, 0x52, 0x00, 0x00, 0x00, 0x08, 0x00, 0x00, 0x00, 0x07, 0x00, 0x00, 0x00, 0x07,
    0x00, 0x00, 0x00, 0x08, 0x00, 0x00, 0x00, 0x00, 0x00, 0x00, 0x00, 0x00, 0x00, 0x00, 0x00, 0x53,
    0x00, 0x00, 0x00, 0x08, 0x00, 0x00, 0x00, 0x07, 0x00, 0x00, 0x00, 0x07, 0x00, 0x00, 0x00, 0x08,
    0x00, 0x00, 0x00, 0x00, 0x00, 0x00, 0x00, 0x00, 0x00, 0x00, 0x00, 0x54, 0x00, 0x00, 0x00, 0x08,
    0x00, 0x00, 0x00, 0x07, 0x00, 0x00, 0x00, 0x07, 0x00, 0x00, 0x00, 0x08, 0x00, 0x00, 0x00, 0x00,
    0x00, 0x00, 0x00, 0x00, 0x00, 0x00, 0x00, 0x55, 0x00, 0x00, 0x00, 0x08, 0x00, 0x00, 0x00, 0x07,
    0x00, 0x00, 0x00, 0x07, 0x00, 0x00, 0x00, 0x08, 0x00, 0x00, 0x00, 0x00, 0x00, 0x00, 0x00, 0x00,
    0x00, 0x00, 0x00, 0x56, 0x00, 0x00, 0x00, 0x08, 0x00, 0x00, 0x00, 0x06, 0x00, 0x00, 0x00, 0x07,
    0x00, 0x00, 0x00, 0x08, 0x00, 0x00, 0x00, 0x01, 0x00, 0x00, 0x00, 0x00, 0x00, 0x00, 0x00, 0x57,
    0x00, 0x00, 0x00, 0x08, 0x00, 0x00, 0x00, 0x07, 0x00, 0x00, 0x00, 0x07, 0x00, 0x00, 0x00, 0x08,
    0x00, 0x00, 0x00, 0x00, 0x00, 0x00, 0x00, 0x00, 0x00, 0x00, 0x00, 0x58, 0x00, 0x00, 0x00, 0x08,
    0x00, 0x00, 0x00, 0x07, 0x00, 0x00, 0x00, 0x07, 0x00, 0x00, 0x00, 0x08, 0x00, 0x00, 0x00, 0x00,
    0x00, 0x00, 0x00, 0x00, 0x00, 0x00, 0x00, 0x59, 0x00, 0x00, 0x00, 0x08, 0x00, 0x00, 0x00, 0x07,
    0x00, 0x00, 0x00, 0x07, 0x00, 0x00, 0x00, 0x08, 0x00, 0x00, 0x00, 0x00, 0x00, 0x00, 0x00, 0x00,
    0x00, 0x00, 0x00, 0x5A, 0x00, 0x00, 0x00, 0x08, 0x00, 0x00, 0x00, 0x07, 0x00, 0x00, 0x00, 0x07,
    0x00, 0x00, 0x00, 0x08, 0x00, 0x00, 0x00, 0x00, 0x00, 0x00, 0x00, 0x00, 0x00, 0x00, 0x00, 0x5B,
    0x00, 0x00, 0x00, 0x0A, 0x00, 0x00, 0x00, 0x06, 0x00, 0x00, 0x00, 0x07, 0x00, 0x00, 0x00, 0x08,
    0x00, 0x00, 0x00, 0x01, 0x00, 0x00, 0x00, 0x00, 0x00, 0x00, 0x00, 0x5C, 0x00, 0x00, 0x00, 0x0A,
    0x00, 0x00, 0x00, 0x03, 0x00, 0x00, 0x00, 0x07, 0x00, 0x00, 0x00, 0x08, 0x00, 0x00, 0x00, 0x02,
    0x00, 0x00, 0x00, 0x00, 0x00, 0x00, 0x00, 0x5D, 0x00, 0x00, 0x00, 0x0A, 0x00, 0x00, 0x00, 0x05,
    0x00, 0x00, 0x00, 0x07, 0x00, 0x00, 0x00, 0x08, 0x00, 0x00, 0x00, 0x00, 0x00, 0x00, 0x00, 0x00,
    0x00, 0x00, 0x00, 0x5E, 0x00, 0x00, 0x00, 0x05, 0x00, 0x00, 0x00, 0x07, 0x00, 0x00, 0x00, 0x07,
    0x00, 0x00, 0x00, 0x08, 0x00, 0x00, 0x00, 0x00, 0x00, 0x00, 0x00, 0x00, 0x00, 0x00, 0x00, 0x5F,
    0x00, 0x00, 0x00, 0x01, 0x00, 0x00, 0x00, 0x06, 0x00, 0x00, 0x00, 0x07, 0xFF, 0xFF, 0xFF, 0xFF,
    0x00, 0x00, 0x00, 0x00, 0x00, 0x00, 0x00, 0x00, 0x00, 0x00, 0x00, 0x60, 0x00, 0x00, 0x00, 0x03,
    0x00, 0x00, 0x00, 0x02, 0x00, 0x00, 0x00, 0x07, 0x00, 0x00, 0x00, 0x09, 0x00, 0x00, 0x00, 0x02,
    0x00, 0x00, 0x00, 0x00, 0x00, 0x00, 0x00, 0x61, 0x00, 0x00, 0x00, 0x06, 0x00, 0x00, 0x00, 0x06,
    0x00, 0x00, 0x00, 0x07, 0x00, 0x00, 0x00, 0x06, 0x00, 0x00, 0x00, 0x00, 0x00, 0x00, 0x00, 0x00,
    0x00, 0x00, 0x00, 0x62, 0x00, 0x00, 0x00, 0x08, 0x00, 0x00, 0x00, 0x06, 0x00, 0x00, 0x00, 0x07,
    0x00, 0x00, 0x00, 0x08, 0x00, 0x00, 0x00, 0x00, 0x00, 0x00, 0x00, 0x00, 0x00, 0x00, 0x00, 0x63,
    0x00, 0x00, 0x00, 0x06, 0x00, 0x00, 0x00, 0x06, 0x00, 0x00, 0x00, 0x07, 0x00, 0x00, 0x00, 0x06,
    0x00, 0x00, 0x00, 0x00, 0x00, 0x00, 0x00, 0x00, 0x00, 0x00, 0x00, 0x64, 0x00, 0x00, 0x00, 0x08,
    0x00, 0x00, 0x00, 0x07, 0x00, 0x00, 0x00, 0x07, 0x00, 0x00, 0x00, 0x08, 0x00, 0x00, 0x00, 0x00,
    0x00, 0x00, 0x00, 0x00, 0x00, 0x00, 0x00, 0x65, 0x00, 0x00, 0x00, 0x06, 0x00, 0x00, 0x00, 0x06,
    0x00, 0x00, 0x00, 0x07, 0x00, 0x00, 0x00, 0x06, 0x00, 0x00, 0x00, 0x00, 0x00, 0x00, 0x00, 0x00,
    0x00, 0x00, 0x00, 0x66, 0x00, 0x00, 0x00, 0x0A, 0x00, 0x00, 0x00, 0x07, 0x00, 0x00, 0x00, 0x07,
    0x00, 0x00, 0x00, 0x08, 0x00, 0x00, 0x00, 0x00, 0x00, 0x00, 0x00, 0x00, 0x00, 0x00, 0x00, 0x67,
    0x00, 0x00, 0x00, 0x08, 0x00, 0x00, 0x00, 0x07, 0x00, 0x00, 0x00, 0x07, 0x00, 0x00, 0x00, 0x06,
    0x00, 0x00, 0x00, 0x00, 0x00, 0x00, 0x00, 0x00, 0x00, 0x00, 0x00, 0x68, 0x00, 0x00, 0x00, 0x08,
    0x00, 0x00, 0x00, 0x06, 0x00, 0x00, 0x00, 0x07, 0x00, 0x00, 0x00, 0x08, 0x00, 0x00, 0x00, 0x00,
    0x00, 0x00, 0x00, 0x00, 0x00, 0x00, 0x00, 0x69, 0x00, 0x00, 0x00, 0x09, 0x00, 0x00, 0x00, 0x06,
    0x00, 0x00, 0x00, 0x07, 0x00, 0x00, 0x00, 0x09, 0x00, 0x00, 0x00, 0x00, 0x00, 0x00, 0x00, 0x00,
    0x00, 0x00, 0x00, 0x6A, 0x00, 0x00, 0x00, 0x0B, 0x00, 0x00, 0x00, 0x06, 0x00, 0x00, 0x00, 0x07,
    0x00, 0x00, 0x00, 0x09, 0x00, 0x00, 0x00, 0x00, 0x00, 0x00, 0x00, 0x00, 0x00, 0x00, 0x00, 0x6B,
    0x00, 0x00, 0x00, 0x08, 0x00, 0x00, 0x00, 0x07, 0x00, 0x00, 0x00, 0x07, 0x00, 0x00, 0x00, 0x08,
    0x00, 0x00, 0x00, 0x00, 0x00, 0x00, 0x00, 0x00, 0x00, 0x00, 0x00, 0x6C, 0x00, 0x00, 0x00, 0x08,
    0x00, 0x00, 0x00, 0x05, 0x00, 0x00, 0x00, 0x07, 0x00, 0x00, 0x00, 0x08, 0x00, 0x00, 0x00, 0x01,
    0x00, 0x00, 0x00, 0x00, 0x00, 0x00, 0x00, 0x6D, 0x00, 0x00, 0x00, 0x06, 0x00, 0x00, 0x00, 0x07,
    0x00, 0x00, 0x00, 0x07, 0x00, 0x00, 0x00, 0x06, 0x00, 0x00, 0x00, 0x00, 0x00, 0x00, 0x00, 0x00,
    0x00, 0x00, 0x00, 0x6E, 0x00, 0x00, 0x00, 0x06, 0x00, 0x00, 0x00, 0x06, 0x00, 0x00, 0x00, 0x07,
    0x00, 0x00, 0x00, 0x06, 0x00, 0x00, 0x00, 0x00, 0x00, 0x00, 0x00, 0x00, 0x00, 0x00, 0x00, 0x6F,
    0x00, 0x00, 0x00, 0x06, 0x00, 0x00, 0x00, 0x06, 0x00, 0x00, 0x00, 0x07, 0x00, 0x00, 0x00, 0x06,
    0x00, 0x00, 0x00, 0x00, 0x00, 0x00, 0x00, 0x00, 0x00, 0x00, 0x00, 0x70, 0x00, 0x00, 0x00, 0x08,
    0x00, 0x00, 0x00, 0x06, 0x00, 0x00, 0x00, 0x07, 0x00, 0x00, 0x00, 0x06, 0x00, 0x00, 0x00, 0x00,
    0x00, 0x00, 0x00, 0x00, 0x00, 0x00, 0x00, 0x71, 0x00, 0x00, 0x00, 0x08, 0x00, 0x00, 0x00, 0x07,
    0x00, 0x00, 0x00, 0x07, 0x00, 0x00, 0x00, 0x06, 0x00, 0x00, 0x00, 0x00, 0x00, 0x00, 0x00, 0x00,
    0x00, 0x00, 0x00, 0x72, 0x00, 0x00, 0x00, 0x06, 0x00, 0x00, 0x00, 0x06, 0x00, 0x00, 0x00, 0x07,
    0x00, 0x00, 0x00, 0x06, 0x00, 0x00, 0x00, 0x01, 0x00, 0x00, 0x00, 0x00, 0x00, 0x00, 0x00, 0x73,
    0x00, 0x00, 0x00, 0x06, 0x00, 0x00, 0x00, 0x06, 0x00, 0x00, 0x00, 0x07, 0x00, 0x00, 0x00, 0x06,
    0x00, 0x00, 0x00, 0x00, 0x00, 0x00, 0x00, 0x00, 0x00, 0x00, 0x00, 0x74, 0x00, 0x00, 0x00, 0x08,
    0x00, 0x00, 0x00, 0x06, 0x00, 0x00, 0x00, 0x07, 0x00, 0x00, 0x00, 0x08, 0x00, 0x00, 0x00, 0x00,
    0x00, 0x00, 0x00, 0x00, 0x00, 0x00, 0x00, 0x75, 0x00, 0x00, 0x00, 0x06, 0x00, 0x00, 0x00, 0x06,
    0x00, 0x00, 0x00, 0x07, 0x00, 0x00, 0x00, 0x06, 0x00, 0x00, 0x00, 0x00, 0x00, 0x00, 0x00, 0x00,
    0x00, 0x00, 0x00, 0x76, 0x00, 0x00, 0x00, 0x07, 0x00, 0x00, 0x00, 0x06, 0x00, 0x00, 0x00, 0x07,
    0x00, 0x00, 0x00, 0x07, 0x00, 0x00, 0x00, 0x00, 0x00, 0x00, 0x00, 0x00, 0x00, 0x00, 0x00, 0x77,
    0x00, 0x00, 0x00, 0x07, 0x00, 0x00, 0x00, 0x07, 0x00, 0x00, 0x00, 0x07, 0x00, 0x00, 0x00, 0x07,
    0x00, 0x00, 0x00, 0x00, 0x00, 0x00, 0x00, 0x00, 0x00, 0x00, 0x00, 0x78, 0x00, 0x00, 0x00, 0x06,
    0x00, 0x00, 0x00, 0x07, 0x00, 0x00, 0x00, 0x07, 0x00, 0x00, 0x00, 0x06, 0x00, 0x00, 0x00, 0x00,
    0x00, 0x00, 0x00, 0x00, 0x00, 0x00, 0x00, 0x79, 0x00, 0x00, 0x00, 0x08, 0x00, 0x00, 0x00, 0x06,
    0x00, 0x00, 0x00, 0x07, 0x00, 0x00, 0x00, 0x06, 0x00, 0x00, 0x00, 0x00, 0x00, 0x00, 0x00, 0x00,
    0x00, 0x00, 0x00, 0x7A, 0x00, 0x00, 0x00, 0x06, 0x00, 0x00, 0x00, 0x07, 0x00, 0x00, 0x00, 0x07,
    0x00, 0x00, 0x00, 0x06, 0x00, 0x00, 0x00, 0x00, 0x00, 0x00, 0x00, 0x00, 0x00, 0x00, 0x00, 0x7B,
    0x00, 0x00, 0x00, 0x0A, 0x00, 0x00, 0x00, 0x06, 0x00, 0x00, 0x00, 0x07, 0x00, 0x00, 0x00, 0x08,
    0x00, 0x00, 0x00, 0x01, 0x00, 0x00, 0x00, 0x00, 0x00, 0x00, 0x00, 0x7C, 0x00, 0x00, 0x00, 0x0A,
    0x00, 0x00, 0x00, 0x03, 0x00, 0x00, 0x00, 0x07, 0x00, 0x00, 0x00, 0x08, 0x00, 0x00, 0x00, 0x02,
    0x00, 0x00, 0x00, 0x00, 0x00, 0x00, 0x00, 0x7D, 0x00, 0x00, 0x00, 0x0A, 0x00, 0x00, 0x00, 0x06,
    0x00, 0x00, 0x00, 0x07, 0x00, 0x00, 0x00, 0x08, 0x00, 0x00, 0x00, 0x00, 0x00, 0x00, 0x00, 0x00,
    0x00, 0x00, 0x00, 0x7E, 0x00, 0x00, 0x00, 0x03, 0x00, 0x00, 0x00, 0x07, 0x00, 0x00, 0x00, 0x07,
    0x00, 0x00, 0x00, 0x05, 0x00, 0x00, 0x00, 0x00, 0x00, 0x00, 0x00, 0x00, 0x00, 0x00, 0x00, 0xA0,
    0x00, 0x00, 0x00, 0x00, 0x00, 0x00, 0x00, 0x00, 0x00, 0x00, 0x00, 0x07, 0x00, 0x00, 0x00, 0x00,
    0x00, 0x00, 0x00, 0x00, 0x00, 0x00, 0x00, 0x00, 0x00, 0x00, 0x00, 0xA1, 0x00, 0x00, 0x00, 0x08,
    0x00, 0x00, 0x00, 0x03, 0x00, 0x00, 0x00, 0x07, 0x00, 0x00, 0x00, 0x06, 0x00, 0x00, 0x00, 0x02,
    0x00, 0x00, 0x00, 0x00, 0x00, 0x00, 0x00, 0xA2, 0x00, 0x00, 0x00, 0x09, 0x00, 0x00, 0x00, 0x06,
    0x00, 0x00, 0x00, 0x07, 0x00, 0x00, 0x00, 0x08, 0x00, 0x00, 0x00, 0x00, 0x00, 0x00, 0x00, 0x00,
    0x00, 0x00, 0x00, 0xA3, 0x00, 0x00, 0x00, 0x08, 0x00, 0x00, 0x00, 0x07, 0x00, 0x00, 0x00, 0x07,
    0x00, 0x00, 0x00, 0x08, 0x00, 0x00, 0x00, 0x00, 0x00, 0x00, 0x00, 0x00, 0x00, 0x00, 0x00, 0xA4,
    0x00, 0x00, 0x00, 0x07, 0x00, 0x00, 0x00, 0x07, 0x00, 0x00, 0x00, 0x07, 0x00, 0x00, 0x00, 0x07,
    0x00, 0x00, 0x00, 0x00, 0x00, 0x00, 0x00, 0x00, 0x00, 0x00, 0x00, 0xA5, 0x00, 0x00, 0x00, 0x08,
    0x00, 0x00, 0x00, 0x07, 0x00, 0x00, 0x00, 0x07, 0x00, 0x00, 0x00, 0x08, 0x00, 0x00, 0x00, 0x00,
    0x00, 0x00, 0x00, 0x00, 0x00, 0x00, 0x00, 0xA6, 0x00, 0x00, 0x00, 0x0B, 0x00, 0x00, 0x00, 0x03,
    0x00, 0x00, 0x00, 0x07, 0x00, 0x00, 0x00, 0x08, 0x00, 0x00, 0x00, 0x02, 0x00, 0x00, 0x00, 0x00,
    0x00, 0x00, 0x00, 0xA7, 0x00, 0x00, 0x00, 0x0A, 0x00, 0x00, 0x00, 0x07, 0x00, 0x00, 0x00, 0x07,
    0x00, 0x00, 0x00, 0x08, 0x00, 0x00, 0x00, 0x00, 0x00, 0x00, 0x00, 0x00, 0x00, 0x00, 0x00, 0xA8,
    0x00, 0x00, 0x00, 0x02, 0x00, 0x00, 0x00, 0x05, 0x00, 0x00, 0x00, 0x07, 0x00, 0x00, 0x00, 0x08,
    0x00, 0x00, 0x00, 0x01, 0x00, 0x00, 0x00, 0x00, 0x00, 0x00, 0x00, 0xA9, 0x00, 0x00, 0x00, 0x08,
    0x00, 0x00, 0x00, 0x07, 0x00, 0x00, 0x00, 0x07, 0x00, 0x00, 0x00, 0x08, 0x00, 0x00, 0x00, 0x00,
    0x00, 0x00, 0x00, 0x00, 0x00, 0x00, 0x00, 0xAA, 0x00, 0x00, 0x00, 0x04, 0x00, 0x00, 0x00, 0x05,
    0x00, 0x00, 0x00, 0x07, 0x00, 0x00, 0x00, 0x08, 0x00, 0x00, 0x00, 0x01, 0x00, 0x00, 0x00, 0x00,
    0x00, 0x00, 0x00, 0xAB, 0x00, 0x00, 0x00, 0x06, 0x00, 0x00, 0x00, 0x07, 0x00, 0x00, 0x00, 0x07,
    0x00, 0x00, 0x00, 0x06, 0x00, 0x00, 0x00, 0x00, 0x00, 0x00, 0x00, 0x00, 0x00, 0x00, 0x00, 0xAC,
    0x00, 0x00, 0x00, 0x03, 0x00, 0x00, 0x00, 0x06, 0x00, 0x00, 0x00, 0x07, 0x00, 0x00, 0x00, 0x04,
    0x00, 0x00, 0x00, 0x00, 0x00, 0x00, 0x00, 0x00, 0x00, 0x00, 0x00, 0xAD, 0x00, 0x00, 0x00, 0x01,
    0x00, 0x00, 0x00, 0x05, 0x00, 0x00, 0x00, 0x07, 0x00, 0x00, 0x00, 0x04, 0x00, 0x00, 0x00, 0x01,
    0x00, 0x00, 0x00, 0x00, 0x00, 0x00, 0x00, 0xAE, 0x00, 0x00, 0x00, 0x05, 0x00, 0x00, 0x00, 0x05,
    0x00, 0x00, 0x00, 0x07, 0x00, 0x00, 0x00, 0x09, 0x00, 0x00, 0x00, 0x01, 0x00, 0x00, 0x00, 0x00,
    0x00, 0x00, 0x00, 0xAF, 0x00, 0x00, 0x00, 0x01, 0x00, 0x00, 0x00, 0x05, 0x00, 0x00, 0x00, 0x07,
    0x00, 0x00, 0x00, 0x08, 0x00, 0x00, 0x00, 0x01, 0x00, 0x00, 0x00, 0x00, 0x00, 0x00, 0x00, 0xB0,
    0x00, 0x00, 0x00, 0x04, 0x00, 0x00, 0x00, 0x05, 0x00, 0x00, 0x00, 0x07, 0x00, 0x00, 0x00, 0x08,
    0x00, 0x00, 0x00, 0x01, 0x00, 0x00, 0x00, 0x00, 0x00, 0x00, 0x00, 0xB1, 0x00, 0x00, 0x00, 0x07,
    0x00, 0x00, 0x00, 0x07, 0x00, 0x00, 0x00, 0x07, 0x00, 0x00, 0x00, 0x07, 0x00, 0x00, 0x00, 0x00,
    0x00, 0x00, 0x00, 0x00, 0x00, 0x00, 0x00, 0xB2, 0x00, 0x00, 0x00, 0x04, 0x00, 0x00, 0x00, 0x05,
    0x00, 0x00, 0x00, 0x07, 0x00, 0x00, 0x00, 0x08, 0x00, 0x00, 0x00, 0x01, 0x00, 0x00, 0x00, 0x00,
    0x00, 0x00, 0x00, 0xB3, 0x00, 0x00, 0x00, 0x04, 0x00, 0x00, 0x00, 0x05, 0x00, 0x00, 0x00, 0x07,
    0x00, 0x00, 0x00, 0x08, 0x00, 0x00, 0x00, 0x01, 0x00, 0x00, 0x00, 0x00, 0x00, 0x00, 0x00, 0xB4,
    0x00, 0x00, 0x00, 0x03, 0x00, 0x00, 0x00, 0x02, 0x00, 0x00, 0x00, 0x07, 0x00, 0x00, 0x00, 0x09,
    0x00, 0x00, 0x00, 0x03, 0x00, 0x00, 0x00, 0x00, 0x00, 0x00, 0x00, 0xB5, 0x00, 0x00, 0x00, 0x08,
    0x00, 0x00, 0x00, 0x06, 0x00, 0x00, 0x00, 0x07, 0x00, 0x00, 0x00, 0x06, 0x00, 0x00, 0x00, 0x00,
    0x00, 0x00, 0x00, 0x00, 0x00, 0x00, 0x00, 0xB6, 0x00, 0x00, 0x00, 0x0A, 0x00, 0x00, 0x00, 0x07,
    0x00, 0x00, 0x00, 0x07, 0x00, 0x00, 0x00, 0x08, 0x00, 0x00, 0x00, 0x00, 0x00, 0x00, 0x00, 0x00,
    0x00, 0x00, 0x00, 0xB7, 0x00, 0x00, 0x00, 0x02, 0x00, 0x00, 0x00, 0x03, 0x00, 0x00, 0x00, 0x07,
    0x00, 0x00, 0x00, 0x05, 0x00, 0x00, 0x00, 0x02, 0x00, 0x00, 0x00, 0x00, 0x00, 0x00, 0x00, 0xB8,
    0x00, 0x00, 0x00, 0x03, 0x00, 0x00, 0x00, 0x03, 0x00, 0x00, 0x00, 0x07, 0x00, 0x00, 0x00, 0x00,
    0x00, 0x00, 0x00, 0x02, 0x00, 0x00, 0x00, 0x00, 0x00, 0x00, 0x00, 0xB9, 0x00, 0x00, 0x00, 0x04,
    0x00, 0x00, 0x00, 0x04, 0x00, 0x00, 0x00, 0x07, 0x00, 0x00, 0x00, 0x08, 0x00, 0x00, 0x00, 0x02,
    0x00, 0x00, 0x00, 0x00, 0x00, 0x00, 0x00, 0xBA, 0x00, 0x00, 0x00, 0x04, 0x00, 0x00, 0x00, 0x04,
    0x00, 0x00, 0x00, 0x07, 0x00, 0x00, 0x00, 0x08, 0x00, 0x00, 0x00, 0x02, 0x00, 0x00, 0x00, 0x00,
    0x00, 0x00, 0x00, 0xBB, 0x00, 0x00, 0x00, 0x06, 0x00, 0x00, 0x00, 0x06, 0x00, 0x00, 0x00, 0x07,
    0x00, 0x00, 0x00, 0x06, 0x00, 0x00, 0x00, 0x00, 0x00, 0x00, 0x00, 0x00, 0x00, 0x00, 0x00, 0xBC,
    0x00, 0x00, 0x00, 0x09, 0x00, 0x00, 0x00, 0x07, 0x00, 0x00, 0x00, 0x07, 0x00, 0x00, 0x00, 0x09,
    0x00, 0x00, 0x00, 0x00, 0x00, 0x00, 0x00, 0x00, 0x00, 0x00, 0x00, 0xBD, 0x00, 0x00, 0x00, 0x09,
    0x00, 0x00, 0x00, 0x07, 0x00, 0x00, 0x00, 0x07, 0x00, 0x00, 0x00, 0x09, 0x00, 0x00, 0x00, 0x00,
    0x00, 0x00, 0x00, 0x00, 0x00, 0x00, 0x00, 0xBE, 0x00, 0x00, 0x00, 0x09, 0x00, 0x00, 0x00, 0x07,
    0x00, 0x00, 0x00, 0x07, 0x00, 0x00, 0x00, 0x09, 0x00, 0x00, 0x00, 0x00, 0x00, 0x00, 0x00, 0x00,
    0x00, 0x00, 0x00, 0xBF, 0x00, 0x00, 0x00, 0x09, 0x00, 0x00, 0x00, 0x06, 0x00, 0x00, 0x00, 0x07,
    0x00, 0x00, 0x00, 0x07, 0x00, 0x00, 0x00, 0x00, 0x00, 0x00, 0x00, 0x00, 0x00, 0x00, 0x00, 0xC0,
    0x00, 0x00, 0x00, 0x0C, 0x00, 0x00, 0x00, 0x07, 0x00, 0x00, 0x00, 0x07, 0x00, 0x00, 0x00, 0x0C,
    0x00, 0x00, 0x00, 0x00, 0x00, 0x00, 0x00, 0x00, 0x00, 0x00, 0x00, 0xC1, 0x00, 0x00, 0x00, 0x0C,
    0x00, 0x00, 0x00, 0x07, 0x00, 0x00, 0x00, 0x07, 0x00, 0x00, 0x00, 0x0C, 0x00, 0x00, 0x00, 0x00,
    0x00, 0x00, 0x00, 0x00, 0x00, 0x00, 0x00, 0xC2, 0x00, 0x00, 0x00, 0x0B, 0x00, 0x00, 0x00, 0x07,
    0x00, 0x00, 0x00, 0x07, 0x00, 0x00, 0x00, 0x0B, 0x00, 0x00, 0x00, 0x00, 0x00, 0x00, 0x00, 0x00,
    0x00, 0x00, 0x00, 0xC3, 0x00, 0x00, 0x00, 0x0B, 0x00, 0x00, 0x00, 0x07, 0x00, 0x00, 0x00, 0x07,
    0x00, 0x00, 0x00, 0x0B, 0x00, 0x00, 0x00, 0x00, 0x00, 0x00, 0x00, 0x00, 0x00, 0x00, 0x00, 0xC4,
    0x00, 0x00, 0x00, 0x0B, 0x00, 0x00, 0x00, 0x07, 0x00, 0x00, 0x00, 0x07, 0x00, 0x00, 0x00, 0x0B,
    0x00, 0x00, 0x00, 0x00, 0x00, 0x00, 0x00, 0x00, 0x00, 0x00, 0x00, 0xC5, 0x00, 0x00, 0x00, 0x0C,
    0x00, 0x00, 0x00, 0x07, 0x00, 0x00, 0x00, 0x07, 0x00, 0x00, 0x00, 0x0C, 0x00, 0x00, 0x00, 0x00,
    0x00, 0x00, 0x00, 0x00, 0x00, 0x00, 0x00, 0xC6, 0x00, 0x00, 0x00, 0x08, 0x00, 0x00, 0x00, 0x07,
    0x00, 0x00, 0x00, 0x07, 0x00, 0x00, 0x00, 0x08, 0x00, 0x00, 0x00, 0x00, 0x00, 0x00, 0x00, 0x00,
    0x00, 0x00, 0x00, 0xC7, 0x00, 0x00, 0x00, 0x0B, 0x00, 0x00, 0x00, 0x07, 0x00, 0x00, 0x00, 0x07,
    0x00, 0x00, 0x00, 0x08, 0x00, 0x00, 0x00, 0x00, 0x00, 0x00, 0x00, 0x00, 0x00, 0x00, 0x00, 0xC8,
    0x00, 0x00, 0x00, 0x0C, 0x00, 0x00, 0x00, 0x07, 0x00, 0x00, 0x00, 0x07, 0x00, 0x00, 0x00, 0x0C,
    0x00, 0x00, 0x00, 0x00, 0x00, 0x00, 0x00, 0x00, 0x00, 0x00, 0x00, 0xC9, 0x00, 0x00, 0x00, 0x0C,
    0x00, 0x00, 0x00, 0x07, 0x00, 0x00, 0x00, 0x07, 0x00, 0x00, 0x00, 0x0C, 0x00, 0x00, 0x00, 0x00,
    0x00, 0x00, 0x00, 0x00, 0x00, 0x00, 0x00, 0xCA, 0x00, 0x00, 0x00, 0x0B, 0x00, 0x00, 0x00, 0x07,
    0x00, 0x00, 0x00, 0x07, 0x00, 0x00, 0x00, 0x0B, 0x00, 0x00, 0x00, 0x00, 0x00, 0x00, 0x00, 0x00,
    0x00, 0x00, 0x00, 0xCB, 0x00, 0x00, 0x00, 0x0B, 0x00, 0x00, 0x00, 0x07, 0x00, 0x00, 0x00, 0x07,
    0x00, 0x00, 0x00, 0x0B, 0x00, 0x00, 0x00, 0x00, 0x00, 0x00, 0x00, 0x00, 0x00, 0x00, 0x00, 0xCC,
    0x00, 0x00, 0x00, 0x0C, 0x00, 0x00, 0x00, 0x07, 0x00, 0x00, 0x00, 0x07, 0x00, 0x00, 0x00, 0x0C,
    0x00, 0x00, 0x00, 0x00, 0x00, 0x00, 0x00, 0x00, 0x00, 0x00, 0x00, 0xCD, 0x00, 0x00, 0x00, 0x0C,
    0x00, 0x00, 0x00, 0x07, 0x00, 0x00, 0x00, 0x07, 0x00, 0x00, 0x00, 0x0C, 0x00, 0x00, 0x00, 0x00,
    0x00, 0x00, 0x00, 0x00, 0x00, 0x00, 0x00, 0xCE, 0x00, 0x00, 0x00, 0x0B, 0x00, 0x00, 0x00, 0x07,
    0x00, 0x00, 0x00, 0x07, 0x00, 0x00, 0x00, 0x0B, 0x00, 0x00, 0x00, 0x00, 0x00, 0x00, 0x00, 0x00,
    0x00, 0x00, 0x00, 0xCF, 0x00, 0x00, 0x00, 0x0B, 0x00, 0x00, 0x00, 0x07, 0x00, 0x00, 0x00, 0x07,
    0x00, 0x00, 0x00, 0x0B, 0x00, 0x00, 0x00, 0x00, 0x00, 0x00, 0x00, 0x00, 0x00, 0x00, 0x00, 0xD0,
    0x00, 0x00, 0x00, 0x08, 0x00, 0x00, 0x00, 0x07, 0x00, 0x00, 0x00, 0x07, 0x00, 0x00, 0x00, 0x08,
    0x00, 0x00, 0x00, 0x00, 0x00, 0x00, 0x00, 0x00, 0x00, 0x00, 0x00, 0xD1, 0x00, 0x00, 0x00, 0x0B,
    0x00, 0x00, 0x00, 0x07, 0x00, 0x00, 0x00, 0x07, 0x00, 0x00, 0x00, 0x0B, 0x00, 0x00, 0x00, 0x00,
    0x00, 0x00, 0x00, 0x00, 0x00, 0x00, 0x00, 0xD2, 0x00, 0x00, 0x00, 0x0C, 0x00, 0x00, 0x00, 0x07,
    0x00, 0x00, 0x00, 0x07, 0x00, 0x00, 0x00, 0x0C, 0x00, 0x00, 0x00, 0x00, 0x00, 0x00, 0x00, 0x00,
    0x00, 0x00, 0x00, 0xD3, 0x00, 0x00, 0x00, 0x0C, 0x00, 0x00, 0x00, 0x07, 0x00, 0x00, 0x00, 0x07,
    0x00, 0x00, 0x00, 0x0C, 0x00, 0x00, 0x00, 0x00, 0x00, 0x00, 0x00, 0x00, 0x00, 0x00, 0x00, 0xD4,
    0x00, 0x00, 0x00, 0x0C, 0x00, 0x00, 0x00, 0x07, 0x00, 0x00, 0x00, 0x07, 0x00, 0x00, 0x00, 0x0C,
    0x00, 0x00, 0x00, 0x00, 0x00, 0x00, 0x00, 0x00, 0x00, 0x00, 0x00, 0xD5, 0x00, 0x00, 0x00, 0x0B,
    0x00, 0x00, 0x00, 0x07, 0x00, 0x00, 0x00, 0x07, 0x00, 0x00, 0x00, 0x0B, 0x00, 0x00, 0x00, 0x00,
    0x00, 0x00, 0x00, 0x00, 0x00, 0x00, 0x00, 0xD6, 0x00, 0x00, 0x00, 0x0B, 0x00, 0x00, 0x00, 0x07,
    0x00, 0x00, 0x00, 0x07, 0x00, 0x00, 0x00, 0x0B, 0x00, 0x00, 0x00, 0x00, 0x00, 0x00, 0x00, 0x00,
    0x00, 0x00, 0x00, 0xD7, 0x00, 0x00, 0x00, 0x05, 0x00, 0x00, 0x00, 0x07, 0x00, 0x00, 0x00, 0x07,
    0x00, 0x00, 0x00, 0x06, 0x00, 0x00, 0x00, 0x00, 0x00, 0x00, 0x00, 0x00, 0x00, 0x00, 0x00, 0xD8,
    0x00, 0x00, 0x00, 0x0A, 0x00, 0x00, 0x00, 0x07, 0x00, 0x00, 0x00, 0x07, 0x00, 0x00, 0x00, 0x09,
    0x00, 0x00, 0x00, 0x00, 0x00, 0x00, 0x00, 0x00, 0x00, 0x00, 0x00, 0xD9, 0x00, 0x00, 0x00, 0x0C,
    0x00, 0x00, 0x00, 0x07, 0x00, 0x00, 0x00, 0x07, 0x00, 0x00, 0x00, 0x0C, 0x00, 0x00, 0x00, 0x00,
    0x00, 0x00, 0x00, 0x00, 0x00, 0x00, 0x00, 0xDA, 0x00, 0x00, 0x00, 0x0C, 0x00, 0x00, 0x00, 0x07,
    0x00, 0x00, 0x00, 0x07, 0x00, 0x00, 0x00, 0x0C, 0x00, 0x00, 0x00, 0x00, 0x00, 0x00, 0x00, 0x00,
    0x00, 0x00, 0x00, 0xDB, 0x00, 0x00, 0x00, 0x0C, 0x00, 0x00, 0x00, 0x07, 0x00, 0x00, 0x00, 0x07,
    0x00, 0x00, 0x00, 0x0C, 0x00, 0x00, 0x00, 0x00, 0x00, 0x00, 0x00, 0x00, 0x00, 0x00, 0x00, 0xDC,
    0x00, 0x00, 0x00, 0x0B, 0x00, 0x00, 0x00, 0x07, 0x00, 0x00, 0x00, 0x07, 0x00, 0x00, 0x00, 0x0B,
    0x00, 0x00, 0x00, 0x00, 0x00, 0x00, 0x00, 0x00, 0x00, 0x00, 0x00, 0xDD, 0x00, 0x00, 0x00, 0x0C,
    0x00, 0x00, 0x00, 0x07, 0x00, 0x00, 0x00, 0x07, 0x00, 0x00, 0x00, 0x0C, 0x00, 0x00, 0x00, 0x00,
    0x00, 0x00, 0x00, 0x00, 0x00, 0x00, 0x00, 0xDE, 0x00, 0x00, 0x00, 0x08, 0x00, 0x00, 0x00, 0x07,
    0x00, 0x00, 0x00, 0x07, 0x00, 0x00, 0x00, 0x08, 0x00, 0x00, 0x00, 0x00, 0x00, 0x00, 0x00, 0x00,
    0x00, 0x00, 0x00, 0xDF, 0x00, 0x00, 0x00, 0x0A, 0x00, 0x00, 0x00, 0x07, 0x00, 0x00, 0x00, 0x07,
    0x00, 0x00, 0x00, 0x08, 0x00, 0x00, 0x00, 0x00, 0x00, 0x00, 0x00, 0x00, 0x00, 0x00, 0x00, 0xE0,
    0x00, 0x00, 0x00, 0x0A, 0x00, 0x00, 0x00, 0x06, 0x00, 0x00, 0x00, 0x07, 0x00, 0x00, 0x00, 0x0A,
    0x00, 0x00, 0x00, 0x00, 0x00, 0x00, 0x00, 0x00, 0x00, 0x00, 0x00, 0xE1, 0x00, 0x00, 0x00, 0x0A,
    0x00, 0x00, 0x00, 0x06, 0x00, 0x00, 0x00, 0x07, 0x00, 0x00, 0x00, 0x0A, 0x00, 0x00, 0x00, 0x00,
    0x00, 0x00, 0x00, 0x00, 0x00, 0x00, 0x00, 0xE2, 0x00, 0x00, 0x00, 0x0A, 0x00, 0x00, 0x00, 0x06,
    0x00, 0x00, 0x00, 0x07, 0x00, 0x00, 0x00, 0x0A, 0x00, 0x00, 0x00, 0x00, 0x00, 0x00, 0x00, 0x00,
    0x00, 0x00, 0x00, 0xE3, 0x00, 0x00, 0x00, 0x09, 0x00, 0x00, 0x00, 0x06, 0x00, 0x00, 0x00, 0x07,
    0x00, 0x00, 0x00, 0x09, 0x00, 0x00, 0x00, 0x00, 0x00, 0x00, 0x00, 0x00, 0x00, 0x00, 0x00, 0xE4,
    0x00, 0x00, 0x00, 0x09, 0x00, 0x00, 0x00, 0x06, 0x00, 0x00, 0x00, 0x07, 0x00, 0x00, 0x00, 0x09,
    0x00, 0x00, 0x00, 0x00, 0x00, 0x00, 0x00, 0x00, 0x00, 0x00, 0x00, 0xE5, 0x00, 0x00, 0x00, 0x0B,
    0x00, 0x00, 0x00, 0x06, 0x00, 0x00, 0x00, 0x07, 0x00, 0x00, 0x00, 0x0B, 0x00, 0x00, 0x00, 0x00,
    0x00, 0x00, 0x00, 0x00, 0x00, 0x00, 0x00, 0xE6, 0x00, 0x00, 0x00, 0x06, 0x00, 0x00, 0x00, 0x07,
    0x00, 0x00, 0x00, 0x07, 0x00, 0x00, 0x00, 0x06, 0x00, 0x00, 0x00, 0x00, 0x00, 0x00, 0x00, 0x00,
    0x00, 0x00, 0x00, 0xE7, 0x00, 0x00, 0x00, 0x08, 0x00, 0x00, 0x00, 0x06, 0x00, 0x00, 0x00, 0x07,
    0x00, 0x00, 0x00, 0x06, 0x00, 0x00, 0x00, 0x00, 0x00, 0x00, 0x00, 0x00, 0x00, 0x00, 0x00, 0xE8,
    0x00, 0x00, 0x00, 0x0A, 0x00, 0x00, 0x00, 0x06, 0x00, 0x00, 0x00, 0x07, 0x00, 0x00, 0x00, 0x0A,
    0x00, 0x00, 0x00, 0x00, 0x00, 0x00, 0x00, 0x00, 0x00, 0x00, 0x00, 0xE9, 0x00, 0x00, 0x00, 0x0A,
    0x00, 0x00, 0x00, 0x06, 0x00, 0x00, 0x00, 0x07, 0x00, 0x00, 0x00, 0x0A, 0x00, 0x00, 0x00, 0x00,
    0x00, 0x00, 0x00, 0x00, 0x00, 0x00, 0x00, 0xEA, 0x00, 0x00, 0x00, 0x0A, 0x00, 0x00, 0x00, 0x06,
    0x00, 0x00, 0x00, 0x07, 0x00, 0x00, 0x00, 0x0A, 0x00, 0x00, 0x00, 0x00, 0x00, 0x00, 0x00, 0x00,
    0x00, 0x00, 0x00, 0xEB, 0x00, 0x00, 0x00, 0x09, 0x00, 0x00, 0x00, 0x06, 0x00, 0x00, 0x00, 0x07,
    0x00, 0x00, 0x00, 0x09, 0x00, 0x00, 0x00, 0x00, 0x00, 0x00, 0x00, 0x00, 0x00, 0x00, 0x00, 0xEC,
    0x00, 0x00, 0x00, 0x0A, 0x00, 0x00, 0x00, 0x06, 0x00, 0x00, 0x00, 0x07, 0x00, 0x00, 0x00, 0x0A,
    0x00, 0x00, 0x00, 0x00, 0x00, 0x00, 0x00, 0x00, 0x00, 0x00, 0x00, 0xED, 0x00, 0x00, 0x00, 0x0A,
    0x00, 0x00, 0x00, 0x06, 0x00, 0x00, 0x00, 0x07, 0x00, 0x00, 0x00, 0x0A, 0x00, 0x00, 0x00, 0x00,
    0x00, 0x00, 0x00, 0x00, 0x00, 0x00, 0x00, 0xEE, 0x00, 0x00, 0x00, 0x0A, 0x00, 0x00, 0x00, 0x06,
    0x00, 0x00, 0x00, 0x07, 0x00, 0x00, 0x00, 0x0A, 0x00, 0x00, 0x00, 0x00, 0x00, 0x00, 0x00, 0x00,
    0x00, 0x00, 0x00, 0xEF, 0x00, 0x00, 0x00, 0x09, 0x00, 0x00, 0x00, 0x06, 0x00, 0x00, 0x00, 0x07,
    0x00, 0x00, 0x00, 0x09, 0x00, 0x00, 0x00, 0x00, 0x00, 0x00, 0x00, 0x00, 0x00, 0x00, 0x00, 0xF0,
    0x00, 0x00, 0x00, 0x09, 0x00, 0x00, 0x00, 0x06, 0x00, 0x00, 0x00, 0x07, 0x00, 0x00, 0x00, 0x09,
    0x00, 0x00, 0x00, 0x00, 0x00, 0x00, 0x00, 0x00, 0x00, 0x00, 0x00, 0xF1, 0x00, 0x00, 0x00, 0x09,
    0x00, 0x00, 0x00, 0x06, 0x00, 0x00, 0x00, 0x07, 0x00, 0x00, 0x00, 0x09, 0x00, 0x00, 0x00, 0x00,
    0x00, 0x00, 0x00, 0x00, 0x00, 0x00, 0x00, 0xF2, 0x00, 0x00, 0x00, 0x0A, 0x00, 0x00, 0x00, 0x06,
    0x00, 0x00, 0x00, 0x07, 0x00, 0x00, 0x00, 0x0A, 0x00, 0x00, 0x00, 0x00, 0x00, 0x00, 0x00, 0x00,
    0x00, 0x00, 0x00, 0xF3, 0x00, 0x00, 0x00, 0x0A, 0x00, 0x00, 0x00, 0x06, 0x00, 0x00, 0x00, 0x07,
    0x00, 0x00, 0x00, 0x0A, 0x00, 0x00, 0x00, 0x00, 0x00, 0x00, 0x00, 0x00, 0x00, 0x00, 0x00, 0xF4,
    0x00, 0x00, 0x00, 0x0A, 0x00, 0x00, 0x00, 0x06, 0x00, 0x00, 0x00, 0x07, 0x00, 0x00, 0x00, 0x0A,
    0x00, 0x00, 0x00, 0x00, 0x00, 0x00, 0x00, 0x00, 0x00, 0x00, 0x00, 0xF5, 0x00, 0x00, 0x00, 0x09,
    0x00, 0x00, 0x00, 0x06, 0x00, 0x00, 0x00, 0x07, 0x00, 0x00, 0x00, 0x09, 0x00, 0x00, 0x00, 0x00,
    0x00, 0x00, 0x00, 0x00, 0x00, 0x00, 0x00, 0xF6, 0x00, 0x00, 0x00, 0x09, 0x00, 0x00, 0x00, 0x06,
    0x00, 0x00, 0x00, 0x07, 0x00, 0x00, 0x00, 0x09, 0x00, 0x00, 0x00, 0x00, 0x00, 0x00, 0x00, 0x00,
    0x00, 0x00, 0x00, 0xF7, 0x00, 0x00, 0x00, 0x07, 0x00, 0x00, 0x00, 0x07, 0x00, 0x00, 0x00, 0x07,
    0x00, 0x00, 0x00, 0x07, 0x00, 0x00, 0x00, 0x00, 0x00, 0x00, 0x00, 0x00, 0x00, 0x00, 0x00, 0xF8,
    0x00, 0x00, 0x00, 0x08, 0x00, 0x00, 0x00, 0x07, 0x00, 0x00, 0x00, 0x07, 0x00, 0x00, 0x00, 0x07,
    0x00, 0x00, 0x00, 0x00, 0x00, 0x00, 0x00, 0x00, 0x00, 0x00, 0x00, 0xF9, 0x00, 0x00, 0x00, 0x0A,
    0x00, 0x00, 0x00, 0x06, 0x00, 0x00, 0x00, 0x07, 0x00, 0x00, 0x00, 0x0A, 0x00, 0x00, 0x00, 0x00,
    0x00, 0x00, 0x00, 0x00, 0x00, 0x00, 0x00, 0xFA, 0x00, 0x00, 0x00, 0x0A, 0x00, 0x00, 0x00, 0x06,
    0x00, 0x00, 0x00, 0x07, 0x00, 0x00, 0x00, 0x0A, 0x00, 0x00, 0x00, 0x00, 0x00, 0x00, 0x00, 0x00,
    0x00, 0x00, 0x00, 0xFB, 0x00, 0x00, 0x00, 0x0A, 0x00, 0x00, 0x00, 0x06, 0x00, 0x00, 0x00, 0x07,
    0x00, 0x00, 0x00, 0x0A, 0x00, 0x00, 0x00, 0x00, 0x00, 0x00, 0x00, 0x00, 0x00, 0x00, 0x00, 0xFC,
    0x00, 0x00, 0x00, 0x09, 0x00, 0x00, 0x00, 0x06, 0x00, 0x00, 0x00, 0x07, 0x00, 0x00, 0x00, 0x09,
    0x00, 0x00, 0x00, 0x00, 0x00, 0x00, 0x00, 0x00, 0x00, 0x00, 0x00, 0xFD, 0x00, 0x00, 0x00, 0x0C,
    0x00, 0x00, 0x00, 0x06, 0x00, 0x00, 0x00, 0x07, 0x00, 0x00, 0x00, 0x0A, 0x00, 0x00, 0x00, 0x00,
    0x00, 0x00, 0x00, 0x00, 0x00, 0x00, 0x00, 0xFE, 0x00, 0x00, 0x00, 0x0A, 0x00, 0x00, 0x00, 0x06,
    0x00, 0x00, 0x00, 0x07, 0x00, 0x00, 0x00, 0x08, 0x00, 0x00, 0x00, 0x00, 0x00, 0x00, 0x00, 0x00,
    0x00, 0x00, 0x00, 0xFF, 0x00, 0x00, 0x00, 0x0B, 0x00, 0x00, 0x00, 0x06, 0x00, 0x00, 0x00, 0x07,
    0x00, 0x00, 0x00, 0x09, 0x00, 0x00, 0x00, 0x00, 0x00, 0x00, 0x00, 0x00, 0x00, 0x00, 0x20, 0x13,
    0x00, 0x00, 0x00, 0x01, 0x00, 0x00, 0x00, 0x07, 0x00, 0x00, 0x00, 0x07, 0x00, 0x00, 0x00, 0x04,
    0x00, 0x00, 0x00, 0x00, 0x00, 0x00, 0x00, 0x00, 0x00, 0x00, 0x20, 0x14, 0x00, 0x00, 0x00, 0x01,
    0x00, 0x00, 0x00, 0x07, 0x00, 0x00, 0x00, 0x07, 0x00, 0x00, 0x00, 0x04, 0x00, 0x00, 0x00, 0x00,
    0x00, 0x00, 0x00, 0x00, 0x00, 0x00, 0x20, 0x18, 0x00, 0x00, 0x00, 0x03, 0x00, 0x00, 0x00, 0x04,
    0x00, 0x00, 0x00, 0x07, 0x00, 0x00, 0x00, 0x08, 0x00, 0x00, 0x00, 0x02, 0x00, 0x00, 0x00, 0x00,
    0x00, 0x00, 0x20, 0x19, 0x00, 0x00, 0x00, 0x03, 0x00, 0x00, 0x00, 0x04, 0x00, 0x00, 0x00, 0x07,
    0x00, 0x00, 0x00, 0x08, 0x00, 0x00, 0x00, 0x02, 0x00, 0x00, 0x00, 0x00, 0x00, 0x00, 0x20, 0x1C,
    0x00, 0x00, 0x00, 0x03, 0x00, 0x00, 0x00, 0x06, 0x00, 0x00, 0x00, 0x07, 0x00, 0x00, 0x00, 0x08,
    0x00, 0x00, 0x00, 0x01, 0x00, 0x00, 0x00, 0x00, 0x00, 0x00, 0x20, 0x1D, 0x00, 0x00, 0x00, 0x03,
    0x00, 0x00, 0x00, 0x06, 0x00, 0x00, 0x00, 0x07, 0x00, 0x00, 0x00, 0x08, 0x00, 0x00, 0x00, 0x01,
    0x00, 0x00, 0x00, 0x00, 0x00, 0x00, 0x20, 0x26, 0x00, 0x00, 0x00, 0x02, 0x00, 0x00, 0x00, 0x06,
    0x00, 0x00, 0x00, 0x07, 0x00, 0x00, 0x00, 0x02, 0x00, 0x00, 0x00, 0x00, 0x00, 0x00, 0x00, 0x00,
    0x00, 0x00, 0x20, 0xAC, 0x00, 0x00, 0x00, 0x08, 0x00, 0x00, 0x00, 0x07, 0x00, 0x00, 0x00, 0x07,
    0x00, 0x00, 0x00, 0x08, 0x00, 0x00, 0x00, 0x00, 0x00, 0x00, 0x00, 0x00, 0x00, 0x00, 0x21, 0x90,
    0x00, 0x00, 0x00, 0x05, 0x00, 0x00, 0x00, 0x07, 0x00, 0x00, 0x00, 0x07, 0x00, 0x00, 0x00, 0x06,
    0x00, 0x00, 0x00, 0x00, 0x00, 0x00, 0x00, 0x00, 0x00, 0x00, 0x21, 0x91, 0x00, 0x00, 0x00, 0x08,
    0x00, 0x00, 0x00, 0x05, 0x00, 0x00, 0x00, 0x07, 0x00, 0x00, 0x00, 0x08, 0x00, 0x00, 0x00, 0x01,
    0x00, 0x00, 0x00, 0x00, 0x00, 0x00, 0x21, 0x92, 0x00, 0x00, 0x00, 0x05, 0x00, 0x00, 0x00, 0x07,
    0x00, 0x00, 0x00, 0x07, 0x00, 0x00, 0x00, 0x06, 0x00, 0x00, 0x00, 0x00, 0x00, 0x00, 0x00, 0x00,
    0x00, 0x00, 0x21, 0x93, 0x00, 0x00, 0x00, 0x09, 0x00, 0x00, 0x00, 0x05, 0x00, 0x00, 0x00, 0x07,
    0x00, 0x00, 0x00, 0x08, 0x00, 0x00, 0x00, 0x01, 0x00, 0x00, 0x00, 0x00, 0x00, 0x00, 0x21, 0x94,
    0x00, 0x00, 0x00, 0x05, 0x00, 0x00, 0x00, 0x07, 0x00, 0x00, 0x00, 0x07, 0x00, 0x00, 0x00, 0x06,
    0x00, 0x00, 0x00, 0x00, 0x00, 0x00, 0x00, 0x00, 0x00, 0x00, 0x21, 0x95, 0x00, 0x00, 0x00, 0x09,
    0x00, 0x00, 0x00, 0x05, 0x00, 0x00, 0x00, 0x07, 0x00, 0x00, 0x00, 0x08, 0x00, 0x00, 0x00, 0x01,
    0x00, 0x00, 0x00, 0x00, 0x00, 0x00, 0x21, 0xE9, 0x00, 0x00, 0x00, 0x08, 0x00, 0x00, 0x00, 0x06,
    0x00, 0x00, 0x00, 0x08, 0x00, 0x00, 0x00, 0x08, 0x00, 0x00, 0x00, 0x01, 0x00, 0x00, 0x00, 0x00,
    0x00, 0x00, 0x22, 0x60, 0x00, 0x00, 0x00, 0x06, 0x00, 0x00, 0x00, 0x07, 0x00, 0x00, 0x00, 0x07,
    0x00, 0x00, 0x00, 0x06, 0x00, 0x00, 0x00, 0x00, 0x00, 0x00, 0x00, 0x00, 0x00, 0x00, 0x22, 0x61,
    0x00, 0x00, 0x00, 0x06, 0x00, 0x00, 0x00, 0x08, 0x00, 0x00, 0x00, 0x08, 0x00, 0x00, 0x00, 0x07,
    0x00, 0x00, 0x00, 0x00, 0x00, 0x00, 0x00, 0x00, 0x00, 0x00, 0x22, 0x64, 0x00, 0x00, 0x00, 0x07,
    0x00, 0x00, 0x00, 0x07, 0x00, 0x00, 0x00, 0x07, 0x00, 0x00, 0x00, 0x07, 0x00, 0x00, 0x00, 0x00,
    0x00, 0x00, 0x00, 0x00, 0x00, 0x00, 0x22, 0x65, 0x00, 0x00, 0x00, 0x07, 0x00, 0x00, 0x00, 0x06,
    0x00, 0x00, 0x00, 0x07, 0x00, 0x00, 0x00, 0x07, 0x00, 0x00, 0x00, 0x00, 0x00, 0x00, 0x00, 0x00,
    0x00, 0x00, 0x23, 0x15, 0x00, 0x00, 0x00, 0x06, 0x00, 0x00, 0x00, 0x06, 0x00, 0x00, 0x00, 0x08,
    0x00, 0x00, 0x00, 0x07, 0x00, 0x00, 0x00, 0x01, 0x00, 0x00, 0x00, 0x00, 0x00, 0x00, 0x23, 0xCE,
    0x00, 0x00, 0x00, 0x07, 0x00, 0x00, 0x00, 0x08, 0x00, 0x00, 0x00, 0x08, 0x00, 0x00, 0x00, 0x08,
    0x00, 0x00, 0x00, 0x00, 0x00, 0x00, 0x00, 0x00, 0x00, 0x00, 0x25, 0x00, 0x00, 0x00, 0x00, 0x01,
    0x00, 0x00, 0x00, 0x07, 0x00, 0x00, 0x00, 0x07, 0x00, 0x00, 0x00, 0x04, 0x00, 0x00, 0x00, 0x00,
    0x00, 0x00, 0x00, 0x00, 0x00, 0x00, 0x25, 0x01, 0x00, 0x00, 0x00, 0x03, 0x00, 0x00, 0x00, 0x07,
    0x00, 0x00, 0x00, 0x07, 0x00, 0x00, 0x00, 0x05, 0x00, 0x00, 0x00, 0x00, 0x00, 0x00, 0x00, 0x00,
    0x00, 0x00, 0x25, 0x02, 0x00, 0x00, 0x00, 0x0F, 0x00, 0x00, 0x00, 0x01, 0x00, 0x00, 0x00, 0x07,
    0x00, 0x00, 0x00, 0x0B, 0x00, 0x00, 0x00, 0x03, 0x00, 0x00, 0x00, 0x00, 0x00, 0x00, 0x25, 0x03,
    0x00, 0x00, 0x00, 0x0F, 0x00, 0x00, 0x00, 0x03, 0x00, 0x00, 0x00, 0x07, 0x00, 0x00, 0x00, 0x0B,
    0x00, 0x00, 0x00, 0x02, 0x00, 0x00, 0x00, 0x00, 0x00, 0x00, 0x25, 0x04, 0x00, 0x00, 0x00, 0x01,
    0x00, 0x00, 0x00, 0x07, 0x00, 0x00, 0x00, 0x07, 0x00, 0x00, 0x00, 0x04, 0x00, 0x00, 0x00, 0x00,
    0x00, 0x00, 0x00, 0x00, 0x00, 0x00, 0x25, 0x05, 0x00, 0x00, 0x00, 0x03, 0x00, 0x00, 0x00, 0x07,
    0x00, 0x00, 0x00, 0x07, 0x00, 0x00, 0x00, 0x05, 0x00, 0x00, 0x00, 0x00, 0x00, 0x00, 0x00, 0x00,
    0x00, 0x00, 0x25, 0x06, 0x00, 0x00, 0x00, 0x0E, 0x00, 0x00, 0x00, 0x01, 0x00, 0x00, 0x00, 0x07,
    0x00, 0x00, 0x00, 0x0A, 0x00, 0x00, 0x00, 0x03, 0x00, 0x00, 0x00, 0x00, 0x00, 0x00, 0x25, 0x07,
    0x00, 0x00, 0x00, 0x0E, 0x00, 0x00, 0x00, 0x03, 0x00, 0x00, 0x00, 0x07, 0x00, 0x00, 0x00, 0x0A,
    0x00, 0x00, 0x00, 0x02, 0x00, 0x00, 0x00, 0x00, 0x00, 0x00, 0x25, 0x08, 0x00, 0x00, 0x00, 0x01,
    0x00, 0x00, 0x00, 0x07, 0x00, 0x00, 0x00, 0x07, 0x00, 0x00, 0x00, 0x04, 0x00, 0x00, 0x00, 0x00,
    0x00, 0x00, 0x00, 0x00, 0x00, 0x00, 0x25, 0x09, 0x00, 0x00, 0x00, 0x03, 0x00, 0x00, 0x00, 0x07,
    0x00, 0x00, 0x00, 0x07, 0x00, 0x00, 0x00, 0x05, 0x00, 0x00, 0x00, 0x00, 0x00, 0x00, 0x00, 0x00,
    0x00, 0x00, 0x25, 0x0A, 0x00, 0x00, 0x00, 0x0F, 0x00, 0x00, 0x00, 0x01, 0x00, 0x00, 0x00, 0x07,
    0x00, 0x00, 0x00, 0x0B, 0x00, 0x00, 0x00, 0x03, 0x00, 0x00, 0x00, 0x00, 0x00, 0x00, 0x25, 0x0B,
    0x00, 0x00, 0x00, 0x0F, 0x00, 0x00, 0x00, 0x03, 0x00, 0x00, 0x00, 0x07, 0x00, 0x00, 0x00, 0x0B,
    0x00, 0x00, 0x00, 0x02, 0x00, 0x00, 0x00, 0x00, 0x00, 0x00, 0x25, 0x0C, 0x00, 0x00, 0x00, 0x08,
    0x00, 0x00, 0x00, 0x04, 0x00, 0x00, 0x00, 0x07, 0x00, 0x00, 0x00, 0x04, 0x00, 0x00, 0x00, 0x03,
    0x00, 0x00, 0x00, 0x00, 0x00, 0x00, 0x25, 0x0D, 0x00, 0x00, 0x00, 0x09, 0x00, 0x00, 0x00, 0x04,
    0x00, 0x00, 0x00, 0x07, 0x00, 0x00, 0x00, 0x05, 0x00, 0x00, 0x00, 0x03, 0x00, 0x00, 0x00, 0x00,
    0x00, 0x00, 0x25, 0x0E, 0x00, 0x00, 0x00, 0x08, 0x00, 0x00, 0x00, 0x05, 0x00, 0x00, 0x00, 0x07,
    0x00, 0x00, 0x00, 0x04, 0x00, 0x00, 0x00, 0x02, 0x00, 0x00, 0x00, 0x00, 0x00, 0x00, 0x25, 0x0F,
    0x00, 0x00, 0x00, 0x09, 0x00, 0x00, 0x00, 0x05, 0x00, 0x00, 0x00, 0x07, 0x00, 0x00, 0x00, 0x05,
    0x00, 0x00, 0x00, 0x02, 0x00, 0x00, 0x00, 0x00, 0x00, 0x00, 0x25, 0x10, 0x00, 0x00, 0x00, 0x08,
    0x00, 0x00, 0x00, 0x06, 0x00, 0x00, 0x00, 0x07, 0x00, 0x00, 0x00, 0x04, 0x00, 0x00, 0x00, 0x00,
    0x00, 0x00, 0x00, 0x00, 0x00, 0x00, 0x25, 0x11, 0x00, 0x00, 0x00, 0x09, 0x00, 0x00, 0x00, 0x06,
    0x00, 0x00, 0x00, 0x07, 0x00, 0x00, 0x00, 0x05, 0x00, 0x00, 0x00, 0x00, 0x00, 0x00, 0x00, 0x00,
    0x00, 0x00, 0x25, 0x12, 0x00, 0x00, 0x00, 0x08, 0x00, 0x00, 0x00, 0x07, 0x00, 0x00, 0x00, 0x07,
    0x00, 0x00, 0x00, 0x04, 0x00, 0x00, 0x00, 0x00, 0x00, 0x00, 0x00, 0x00, 0x00, 0x00, 0x25, 0x13,
    0x00, 0x00, 0x00, 0x09, 0x00, 0x00, 0x00, 0x07, 0x00, 0x00, 0x00, 0x07, 0x00, 0x00, 0x00, 0x05,
    0x00, 0x00, 0x00, 0x00, 0x00, 0x00, 0x00, 0x00, 0x00, 0x00, 0x25, 0x14, 0x00, 0x00, 0x00, 0x08,
    0x00, 0x00, 0x00, 0x04, 0x00, 0x00, 0x00, 0x07, 0x00, 0x00, 0x00, 0x0B, 0x00, 0x00, 0x00, 0x03,
    0x00, 0x00, 0x00, 0x00, 0x00, 0x00, 0x25, 0x15, 0x00, 0x00, 0x00, 0x09, 0x00, 0x00, 0x00, 0x04,
    0x00, 0x00, 0x00, 0x07, 0x00, 0x00, 0x00, 0x0B, 0x00, 0x00, 0x00, 0x03, 0x00, 0x00, 0x00, 0x00,
    0x00, 0x00, 0x25, 0x16, 0x00, 0x00, 0x00, 0x08, 0x00, 0x00, 0x00, 0x05, 0x00, 0x00, 0x00, 0x07,
    0x00, 0x00, 0x00, 0x0B, 0x00, 0x00, 0x00, 0x02, 0x00, 0x00, 0x00, 0x00, 0x00, 0x00, 0x25, 0x17,
    0x00, 0x00, 0x00, 0x09, 0x00, 0x00, 0x00, 0x05, 0x00, 0x00, 0x00, 0x07, 0x00, 0x00, 0x00, 0x0B,
    0x00, 0x00, 0x00, 0x02, 0x00, 0x00, 0x00, 0x00, 0x00, 0x00, 0x25, 0x18, 0x00, 0x00, 0x00, 0x08,
    0x00, 0x00, 0x00, 0x06, 0x00, 0x00, 0x00, 0x07, 0x00, 0x00, 0x00, 0x0B, 0x00, 0x00, 0x00, 0x00,
    0x00, 0x00, 0x00, 0x00, 0x00, 0x00, 0x25, 0x19, 0x00, 0x00, 0x00, 0x09, 0x00, 0x00, 0x00, 0x06,
    0x00, 0x00, 0x00, 0x07, 0x00, 0x00, 0x00, 0x0B, 0x00, 0x00, 0x00, 0x00, 0x00, 0x00, 0x00, 0x00,
    0x00, 0x00, 0x25, 0x1A, 0x00, 0x00, 0x00, 0x08, 0x00, 0x00, 0x00, 0x07, 0x00, 0x00, 0x00, 0x07,
    0x00, 0x00, 0x00, 0x0B, 0x00, 0x00, 0x00, 0x00, 0x00, 0x00, 0x00, 0x00, 0x00, 0x00, 0x25, 0x1B,
    0x00, 0x00, 0x00, 0x09, 0x00, 0x00, 0x00, 0x07, 0x00, 0x00, 0x00, 0x07, 0x00, 0x00, 0x00, 0x0B,
    0x00, 0x00, 0x00, 0x00, 0x00, 0x00, 0x00, 0x00, 0x00, 0x00, 0x25, 0x1C, 0x00, 0x00, 0x00, 0x0F,
    0x00, 0x00, 0x00, 0x04, 0x00, 0x00, 0x00, 0x07, 0x00, 0x00, 0x00, 0x0B, 0x00, 0x00, 0x00, 0x03,
    0x00, 0x00, 0x00, 0x00, 0x00, 0x00, 0x25, 0x1D, 0x00, 0x00, 0x00, 0x0F, 0x00, 0x00, 0x00, 0x04,
    0x00, 0x00, 0x00, 0x07, 0x00, 0x00, 0x00, 0x0B, 0x00, 0x00, 0x00, 0x03, 0x00, 0x00, 0x00, 0x00,
    0x00, 0x00, 0x25, 0x1E, 0x00, 0x00, 0x00, 0x0F, 0x00, 0x00, 0x00, 0x05, 0x00, 0x00, 0x00, 0x07,
    0x00, 0x00, 0x00, 0x0B, 0x00, 0x00, 0x00, 0x02, 0x00, 0x00, 0x00, 0x00, 0x00, 0x00, 0x25, 0x1F,
    0x00, 0x00, 0x00, 0x0F, 0x00, 0x00, 0x00, 0x05, 0x00, 0x00, 0x00, 0x07, 0x00, 0x00, 0x00, 0x0B,
    0x00, 0x00, 0x00, 0x02, 0x00, 0x00, 0x00, 0x00, 0x00, 0x00, 0x25, 0x20, 0x00, 0x00, 0x00, 0x0F,
    0x00, 0x00, 0x00, 0x05, 0x00, 0x00, 0x00, 0x07, 0x00, 0x00, 0x00, 0x0B, 0x00, 0x00, 0x00, 0x02,
    0x00, 0x00, 0x00, 0x00, 0x00, 0x00, 0x25, 0x21, 0x00, 0x00, 0x00, 0x0F, 0x00, 0x00, 0x00, 0x05,
    0x00, 0x00, 0x00, 0x07, 0x00, 0x00, 0x00, 0x0B, 0x00, 0x00, 0x00, 0x02, 0x00, 0x00, 0x00, 0x00,
    0x00, 0x00, 0x25, 0x22, 0x00, 0x00, 0x00, 0x0F, 0x00, 0x00, 0x00, 0x05, 0x00, 0x00, 0x00, 0x07,
    0x00, 0x00, 0x00, 0x0B, 0x00, 0x00, 0x00, 0x02, 0x00, 0x00, 0x00, 0x00, 0x00, 0x00, 0x25, 0x23,
    0x00, 0x00, 0x00, 0x0F, 0x00, 0x00, 0x00, 0x05, 0x00, 0x00, 0x00, 0x07, 0x00, 0x00, 0x00, 0x0B,
    0x00, 0x00, 0x00, 0x02, 0x00, 0x00, 0x00, 0x00, 0x00, 0x00, 0x25, 0x24, 0x00, 0x00, 0x00, 0x0F,
    0x00, 0x00, 0x00, 0x06, 0x00, 0x00, 0x00, 0x07, 0x00, 0x00, 0x00, 0x0B, 0x00, 0x00, 0x00, 0x00,
    0x00, 0x00, 0x00, 0x00, 0x00, 0x00, 0x25, 0x25, 0x00, 0x00, 0x00, 0x0F, 0x00, 0x00, 0x00, 0x06,
    0x00, 0x00, 0x00, 0x07, 0x00, 0x00, 0x00, 0x0B, 0x00, 0x00, 0x00, 0x00, 0x00, 0x00, 0x00, 0x00,
    0x00, 0x00, 0x25, 0x26, 0x00, 0x00, 0x00, 0x0F, 0x00, 0x00, 0x00, 0x07, 0x00, 0x00, 0x00, 0x07,
    0x00, 0x00, 0x00, 0x0B, 0x00, 0x00, 0x00, 0x00, 0x00, 0x00, 0x00, 0x00, 0x00, 0x00, 0x25, 0x27,
    0x00, 0x00, 0x00, 0x0F, 0x00, 0x00, 0x00, 0x07, 0x00, 0x00, 0x00, 0x07, 0x00, 0x00, 0x00, 0x0B,
    0x00, 0x00, 0x00, 0x00, 0x00, 0x00, 0x00, 0x00, 0x00, 0x00, 0x25, 0x28, 0x00, 0x00, 0x00, 0x0F,
    0x00, 0x00, 0x00, 0x07, 0x00, 0x00, 0x00, 0x07, 0x00, 0x00, 0x00, 0x0B, 0x00, 0x00, 0x00, 0x00,
    0x00, 0x00, 0x00, 0x00, 0x00, 0x00, 0x25, 0x29, 0x00, 0x00, 0x00, 0x0F, 0x00, 0x00, 0x00, 0x07,
    0x00, 0x00, 0x00, 0x07, 0x00, 0x00, 0x00, 0x0B, 0x00, 0x00, 0x00, 0x00, 0x00, 0x00, 0x00, 0x00,
    0x00, 0x00, 0x25, 0x2A, 0x00, 0x00, 0x00, 0x0F, 0x00, 0x00, 0x00, 0x07, 0x00, 0x00, 0x00, 0x07,
    0x00, 0x00, 0x00, 0x0B, 0x00, 0x00, 0x00, 0x00, 0x00, 0x00, 0x00, 0x00, 0x00, 0x00, 0x25, 0x2B,
    0x00, 0x00, 0x00, 0x0F, 0x00, 0x00, 0x00, 0x07, 0x00, 0x00, 0x00, 0x07, 0x00, 0x00, 0x00, 0x0B,
    0x00, 0x00, 0x00, 0x00, 0x00, 0x00, 0x00, 0x00, 0x00, 0x00, 0x25, 0x2C, 0x00, 0x00, 0x00, 0x08,
    0x00, 0x00, 0x00, 0x07, 0x00, 0x00, 0x00, 0x07, 0x00, 0x00, 0x00, 0x04, 0x00, 0x00, 0x00, 0x00,
    0x00, 0x00, 0x00, 0x00, 0x00, 0x00, 0x25, 0x2D, 0x00, 0x00, 0x00, 0x09, 0x00, 0x00, 0x00, 0x07,
    0x00, 0x00, 0x00, 0x07, 0x00, 0x00, 0x00, 0x05, 0x00, 0x00, 0x00, 0x00, 0x00, 0x00, 0x00, 0x00,
    0x00, 0x00, 0x25, 0x2E, 0x00, 0x00, 0x00, 0x09, 0x00, 0x00, 0x00, 0x07, 0x00, 0x00, 0x00, 0x07,
    0x00, 0x00, 0x00, 0x05, 0x00, 0x00, 0x00, 0x00, 0x00, 0x00, 0x00, 0x00, 0x00, 0x00, 0x25, 0x2F,
    0x00, 0x00, 0x00, 0x09, 0x00, 0x00, 0x00, 0x07, 0x00, 0x00, 0x00, 0x07, 0x00, 0x00, 0x00, 0x05,
    0x00, 0x00, 0x00, 0x00, 0x00, 0x00, 0x00, 0x00, 0x00, 0x00, 0x25, 0x30, 0x00, 0x00, 0x00, 0x08,
    0x00, 0x00, 0x00, 0x07, 0x00, 0x00, 0x00, 0x07, 0x00, 0x00, 0x00, 0x04, 0x00, 0x00, 0x00, 0x00,
    0x00, 0x00, 0x00, 0x00, 0x00, 0x00, 0x25, 0x31, 0x00, 0x00, 0x00, 0x09, 0x00, 0x00, 0x00, 0x07,
    0x00, 0x00, 0x00, 0x07, 0x00, 0x00, 0x00, 0x05, 0x00, 0x00, 0x00, 0x00, 0x00, 0x00, 0x00, 0x00,
    0x00, 0x00, 0x25, 0x32, 0x00, 0x00, 0x00, 0x09, 0x00, 0x00, 0x00, 0x07, 0x00, 0x00, 0x00, 0x07,
    0x00, 0x00, 0x00, 0x05, 0x00, 0x00, 0x00, 0x00, 0x00, 0x00, 0x00, 0x00, 0x00, 0x00, 0x25, 0x33,
    0x00, 0x00, 0x00, 0x09, 0x00, 0x00, 0x00, 0x07, 0x00, 0x00, 0x00, 0x07, 0x00, 0x00, 0x00, 0x05,
    0x00, 0x00, 0x00, 0x00, 0x00, 0x00, 0x00, 0x00, 0x00, 0x00, 0x25, 0x34, 0x00, 0x00, 0x00, 0x08,
    0x00, 0x00, 0x00, 0x07, 0x00, 0x00, 0x00, 0x07, 0x00, 0x00, 0x00, 0x0B, 0x00, 0x00, 0x00, 0x00,
    0x00, 0x00, 0x00, 0x00, 0x00, 0x00, 0x25, 0x35, 0x00, 0x00, 0x00, 0x09, 0x00, 0x00, 0x00, 0x07,
    0x00, 0x00, 0x00, 0x07, 0x00, 0x00, 0x00, 0x0B, 0x00, 0x00, 0x00, 0x00, 0x00, 0x00, 0x00, 0x00,
    0x00, 0x00, 0x25, 0x36, 0x00, 0x00, 0x00, 0x09, 0x00, 0x00, 0x00, 0x07, 0x00, 0x00, 0x00, 0x07,
    0x00, 0x00, 0x00, 0x0B, 0x00, 0x00, 0x00, 0x00, 0x00, 0x00, 0x00, 0x00, 0x00, 0x00, 0x25, 0x37,
    0x00, 0x00, 0x00, 0x09, 0x00, 0x00, 0x00, 0x07, 0x00, 0x00, 0x00, 0x07, 0x00, 0x00, 0x00, 0x0B,
    0x00, 0x00, 0x00, 0x00, 0x00, 0x00, 0x00, 0x00, 0x00, 0x00, 0x25, 0x38, 0x00, 0x00, 0x00, 0x08,
    0x00, 0x00, 0x00, 0x07, 0x00, 0x00, 0x00, 0x07, 0x00, 0x00, 0x00, 0x0B, 0x00, 0x00, 0x00, 0x00,
    0x00, 0x00, 0x00, 0x00, 0x00, 0x00, 0x25, 0x39, 0x00, 0x00, 0x00, 0x09, 0x00, 0x00, 0x00, 0x07,
    0x00, 0x00, 0x00, 0x07, 0x00, 0x00, 0x00, 0x0B, 0x00, 0x00, 0x00, 0x00, 0x00, 0x00, 0x00, 0x00,
    0x00, 0x00, 0x25, 0x3A, 0x00, 0x00, 0x00, 0x09, 0x00, 0x00, 0x00, 0x07, 0x00, 0x00, 0x00, 0x07,
    0x00, 0x00, 0x00, 0x0B, 0x00, 0x00, 0x00, 0x00, 0x00, 0x00, 0x00, 0x00, 0x00, 0x00, 0x25, 0x3B,
    0x00, 0x00, 0x00, 0x09, 0x00, 0x00, 0x00, 0x07, 0x00, 0x00, 0x00, 0x07, 0x00, 0x00, 0x00, 0x0B,
    0x00, 0x00, 0x00, 0x00, 0x00, 0x00, 0x00, 0x00, 0x00, 0x00, 0x25, 0x3C, 0x00, 0x00, 0x00, 0x0F,
    0x00, 0x00, 0x00, 0x07, 0x00, 0x00, 0x00, 0x07, 0x00, 0x00, 0x00, 0x0B, 0x00, 0x00, 0x00, 0x00,
    0x00, 0x00, 0x00, 0x00, 0x00, 0x00, 0x25, 0x3D, 0x00, 0x00, 0x00, 0x0F, 0x00, 0x00, 0x00, 0x07,
    0x00, 0x00, 0x00, 0x07, 0x00, 0x00, 0x00, 0x0B, 0x00, 0x00, 0x00, 0x00, 0x00, 0x00, 0x00, 0x00,
    0x00, 0x00, 0x25, 0x3E, 0x00, 0x00, 0x00, 0x0F, 0x00, 0x00, 0x00, 0x07, 0x00, 0x00, 0x00, 0x07,
    0x00, 0x00, 0x00, 0x0B, 0x00, 0x00, 0x00, 0x00, 0x00, 0x00, 0x00, 0x00, 0x00, 0x00, 0x25, 0x3F,
    0x00, 0x00, 0x00, 0x0F, 0x00, 0x00, 0x00, 0x07, 0x00, 0x00, 0x00, 0x07, 0x00, 0x00, 0x00, 0x0B,
    0x00, 0x00, 0x00, 0x00, 0x00, 0x00, 0x00, 0x00, 0x00, 0x00, 0x25, 0x40, 0x00, 0x00, 0x00, 0x0F,
    0x00, 0x00, 0x00, 0x07, 0x00, 0x00, 0x00, 0x07, 0x00, 0x00, 0x00, 0x0B, 0x00, 0x00, 0x00, 0x00,
    0x00, 0x00, 0x00, 0x00, 0x00, 0x00, 0x25, 0x41, 0x00, 0x00, 0x00, 0x0F, 0x00, 0x00, 0x00, 0x07,
    0x00, 0x00, 0x00, 0x07, 0x00, 0x00, 0x00, 0x0B, 0x00, 0x00, 0x00, 0x00, 0x00, 0x00, 0x00, 0x00,
    0x00, 0x00, 0x25, 0x42, 0x00, 0x00, 0x00, 0x0F, 0x00, 0x00, 0x00, 0x07, 0x00, 0x00, 0x00, 0x07,
    0x00, 0x00, 0x00, 0x0B, 0x00, 0x00, 0x00, 0x00, 0x00, 0x00, 0x00, 0x00, 0x00, 0x00, 0x25, 0x43,
    0x00, 0x00, 0x00, 0x0F, 0x00, 0x00, 0x00, 0x07, 0x00, 0x00, 0x00, 0x07, 0x00, 0x00, 0x00, 0x0B,
    0x00, 0x00, 0x00, 0x00, 0x00, 0x00, 0x00, 0x00, 0x00, 0x00, 0x25, 0x44, 0x00, 0x00, 0x00, 0x0F,
    0x00, 0x00, 0x00, 0x07, 0x00, 0x00, 0x00, 0x07, 0x00, 0x00, 0x00, 0x0B, 0x00, 0x00, 0x00, 0x00,
    0x00, 0x00, 0x00, 0x00, 0x00, 0x00, 0x25, 0x45, 0x00, 0x00, 0x00, 0x0F, 0x00, 0x00, 0x00, 0x07,
    0x00, 0x00, 0x00, 0x07, 0x00, 0x00, 0x00, 0x0B, 0x00, 0x00, 0x00, 0x00, 0x00, 0x00, 0x00, 0x00,
    0x00, 0x00, 0x25, 0x46, 0x00, 0x00, 0x00, 0x0F, 0x00, 0x00, 0x00, 0x07, 0x00, 0x00, 0x00, 0x07,
    0x00, 0x00, 0x00, 0x0B, 0x00, 0x00, 0x00, 0x00, 0x00, 0x00, 0x00, 0x00, 0x00, 0x00, 0x25, 0x47,
    0x00, 0x00, 0x00, 0x0F, 0x00, 0x00, 0x00, 0x07, 0x00, 0x00, 0x00, 0x07, 0x00, 0x00, 0x00, 0x0B,
    0x00, 0x00, 0x00, 0x00, 0x00, 0x00, 0x00, 0x00, 0x00, 0x00, 0x25, 0x48, 0x00, 0x00, 0x00, 0x0F,
    0x00, 0x00, 0x00, 0x07, 0x00, 0x00, 0x00, 0x07, 0x00, 0x00, 0x00, 0x0B, 0x00, 0x00, 0x00, 0x00,
    0x00, 0x00, 0x00, 0x00, 0x00, 0x00, 0x25, 0x49, 0x00, 0x00, 0x00, 0x0F, 0x00, 0x00, 0x00, 0x07,
    0x00, 0x00, 0x00, 0x07, 0x00, 0x00, 0x00, 0x0B, 0x00, 0x00, 0x00, 0x00, 0x00, 0x00, 0x00, 0x00,
    0x00, 0x00, 0x25, 0x4A, 0x00, 0x00, 0x00, 0x0F, 0x00, 0x00, 0x00, 0x07, 0x00, 0x00, 0x00, 0x07,
    0x00, 0x00, 0x00, 0x0B, 0x00, 0x00, 0x00, 0x00, 0x00, 0x00, 0x00, 0x00, 0x00, 0x00, 0x25, 0x4B,
    0x00, 0x00, 0x00, 0x0F, 0x00, 0x00, 0x00, 0x07, 0x00, 0x00, 0x00, 0x07, 0x00, 0x00, 0x00, 0x0B,
    0x00, 0x00, 0x00, 0x00, 0x00, 0x00, 0x00, 0x00, 0x00, 0x00, 0x25, 0x4C, 0x00, 0x00, 0x00, 0x01,
    0x00, 0x00, 0x00, 0x06, 0x00, 0x00, 0x00, 0x07, 0x00, 0x00, 0x00, 0x04, 0x00, 0x00, 0x00, 0x00,
    0x00, 0x00, 0x00, 0x00, 0x00, 0x00, 0x25, 0x4D, 0x00, 0x00, 0x00, 0x03, 0x00, 0x00, 0x00, 0x06,
    0x00, 0x00, 0x00, 0x07, 0x00, 0x00, 0x00, 0x05, 0x00, 0x00, 0x00, 0x00, 0x00, 0x00, 0x00, 0x00,
    0x00, 0x00, 0x25, 0x4E, 0x00, 0x00, 0x00, 0x0A, 0x00, 0x00, 0x00, 0x01, 0x00, 0x00, 0x00, 0x07,
    0x00, 0x00, 0x00, 0x08, 0x00, 0x00, 0x00, 0x03, 0x00, 0x00, 0x00, 0x00, 0x00, 0x00, 0x25, 0x4F,
    0x00, 0x00, 0x00, 0x0A, 0x00, 0x00, 0x00, 0x03, 0x00, 0x00, 0x00, 0x07, 0x00, 0x00, 0x00, 0x08,
    0x00, 0x00, 0x00, 0x02, 0x00, 0x00, 0x00, 0x00, 0x00, 0x00, 0x25, 0x50, 0x00, 0x00, 0x00, 0x03,
    0x00, 0x00, 0x00, 0x07, 0x00, 0x00, 0x00, 0x07, 0x00, 0x00, 0x00, 0x05, 0x00, 0x00, 0x00, 0x00,
    0x00, 0x00, 0x00, 0x00, 0x00, 0x00, 0x25, 0x51, 0x00, 0x00, 0x00, 0x0F, 0x00, 0x00, 0x00, 0x03,
    0x00, 0x00, 0x00, 0x07, 0x00, 0x00, 0x00, 0x0B, 0x00, 0x00, 0x00, 0x02, 0x00, 0x00, 0x00, 0x00,
    0x00, 0x00, 0x25, 0x52, 0x00, 0x00, 0x00, 0x09, 0x00, 0x00, 0x00, 0x04, 0x00, 0x00, 0x00, 0x07,
    0x00, 0x00, 0x00, 0x05, 0x00, 0x00, 0x00, 0x03, 0x00, 0x00, 0x00, 0x00, 0x00, 0x00, 0x25, 0x53,
    0x00, 0x00, 0x00, 0x08, 0x00, 0x00, 0x00, 0x05, 0x00, 0x00, 0x00, 0x07, 0x00, 0x00, 0x00, 0x04,
    0x00, 0x00, 0x00, 0x02, 0x00, 0x00, 0x00, 0x00, 0x00, 0x00, 0x25, 0x54, 0x00, 0x00, 0x00, 0x09,
    0x00, 0x00, 0x00, 0x05, 0x00, 0x00, 0x00, 0x07, 0x00, 0x00, 0x00, 0x05, 0x00, 0x00, 0x00, 0x02,
    0x00, 0x00, 0x00, 0x00, 0x00, 0x00, 0x25, 0x55, 0x00, 0x00, 0x00, 0x09, 0x00, 0x00, 0x00, 0x06,
    0x00, 0x00, 0x00, 0x07, 0x00, 0x00, 0x00, 0x05, 0x00, 0x00, 0x00, 0x00, 0x00, 0x00, 0x00, 0x00,
    0x00, 0x00, 0x25, 0x56, 0x00, 0x00, 0x00, 0x08, 0x00, 0x00, 0x00, 0x07, 0x00, 0x00, 0x00, 0x07,
    0x00, 0x00, 0x00, 0x04, 0x00, 0x00, 0x00, 0x00, 0x00, 0x00, 0x00, 0x00, 0x00, 0x00, 0x25, 0x57,
    0x00, 0x00, 0x00, 0x09, 0x00, 0x00, 0x00, 0x07, 0x00, 0x00, 0x00, 0x07, 0x00, 0x00, 0x00, 0x05,
    0x00, 0x00, 0x00, 0x00, 0x00, 0x00, 0x00, 0x00, 0x00, 0x00, 0x25, 0x58, 0x00, 0x00, 0x00, 0x09,
    0x00, 0x00, 0x00, 0x04, 0x00, 0x00, 0x00, 0x07, 0x00, 0x00, 0x00, 0x0B, 0x00, 0x00, 0x00, 0x03,
    0x00, 0x00, 0x00, 0x00, 0x00, 0x00, 0x25, 0x59, 0x00, 0x00, 0x00, 0x08, 0x00, 0x00, 0x00, 0x05,
    0x00, 0x00, 0x00, 0x07, 0x00, 0x00, 0x00, 0x0B, 0x00, 0x00, 0x00, 0x02, 0x00, 0x00, 0x00, 0x00,
    0x00, 0x00, 0x25, 0x5A, 0x00, 0x00, 0x00, 0x09, 0x00, 0x00, 0x00, 0x05, 0x00, 0x00, 0x00, 0x07,
    0x00, 0x00, 0x00, 0x0B, 0x00, 0x00, 0x00, 0x02, 0x00, 0x00, 0x00, 0x00, 0x00, 0x00, 0x25, 0x5B,
    0x00, 0x00, 0x00, 0x09, 0x00, 0x00, 0x00, 0x06, 0x00, 0x00, 0x00, 0x07, 0x00, 0x00, 0x00, 0x0B,
    0x00, 0x00, 0x00, 0x00, 0x00, 0x00, 0x00, 0x00, 0x00, 0x00, 0x25, 0x5C, 0x00, 0x00, 0x00, 0x08,
    0x00, 0x00, 0x00, 0x07, 0x00, 0x00, 0x00, 0x07, 0x00, 0x00, 0x00, 0x0B, 0x00, 0x00, 0x00, 0x00,
    0x00, 0x00, 0x00, 0x00, 0x00, 0x00, 0x25, 0x5D, 0x00, 0x00, 0x00, 0x09, 0x00, 0x00, 0x00, 0x07,
    0x00, 0x00, 0x00, 0x07, 0x00, 0x00, 0x00, 0x0B, 0x00, 0x00, 0x00, 0x00, 0x00, 0x00, 0x00, 0x00,
    0x00, 0x00, 0x25, 0x5E, 0x00, 0x00, 0x00, 0x0F, 0x00, 0x00, 0x00, 0x04, 0x00, 0x00, 0x00, 0x07,
    0x00, 0x00, 0x00, 0x0B, 0x00, 0x00, 0x00, 0x03, 0x00, 0x00, 0x00, 0x00, 0x00, 0x00, 0x25, 0x5F,
    0x00, 0x00, 0x00, 0x0F, 0x00, 0x00, 0x00, 0x05, 0x00, 0x00, 0x00, 0x07, 0x00, 0x00, 0x00, 0x0B,
    0x00, 0x00, 0x00, 0x02, 0x00, 0x00, 0x00, 0x00, 0x00, 0x00, 0x25, 0x60, 0x00, 0x00, 0x00, 0x0F,
    0x00, 0x00, 0x00, 0x05, 0x00, 0x00, 0x00, 0x07, 0x00, 0x00, 0x00, 0x0B, 0x00, 0x00, 0x00, 0x02,
    0x00, 0x00, 0x00, 0x00, 0x00, 0x00, 0x25, 0x61, 0x00, 0x00, 0x00, 0x0F, 0x00, 0x00, 0x00, 0x06,
    0x00, 0x00, 0x00, 0x07, 0x00, 0x00, 0x00, 0x0B, 0x00, 0x00, 0x00, 0x00, 0x00, 0x00, 0x00, 0x00,
    0x00, 0x00, 0x25, 0x62, 0x00, 0x00, 0x00, 0x0F, 0x00, 0x00, 0x00, 0x07, 0x00, 0x00, 0x00, 0x07,
    0x00, 0x00, 0x00, 0x0B, 0x00, 0x00, 0x00, 0x00, 0x00, 0x00, 0x00, 0x00, 0x00, 0x00, 0x25, 0x63,
    0x00, 0x00, 0x00, 0x0F, 0x00, 0x00, 0x00, 0x07, 0x00, 0x00, 0x00, 0x07, 0x00, 0x00, 0x00, 0x0B,
    0x00, 0x00, 0x00, 0x00, 0x00, 0x00, 0x00, 0x00, 0x00, 0x00, 0x25, 0x64, 0x00, 0x00, 0x00, 0x09,
    0x00, 0x00, 0x00, 0x07, 0x00, 0x00, 0x00, 0x07, 0x00, 0x00, 0x00, 0x05, 0x00, 0x00, 0x00, 0x00,
    0x00, 0x00, 0x00, 0x00, 0x00, 0x00, 0x25, 0x65, 0x00, 0x00, 0x00, 0x08, 0x00, 0x00, 0x00, 0x07,
    0x00, 0x00, 0x00, 0x07, 0x00, 0x00, 0x00, 0x04, 0x00, 0x00, 0x00, 0x00, 0x00, 0x00, 0x00, 0x00,
    0x00, 0x00, 0x25, 0x66, 0x00, 0x00, 0x00, 0x09, 0x00, 0x00, 0x00, 0x07, 0x00, 0x00, 0x00, 0x07,
    0x00, 0x00, 0x00, 0x05, 0x00, 0x00, 0x00, 0x00, 0x00, 0x00, 0x00, 0x00, 0x00, 0x00, 0x25, 0x67,
    0x00, 0x00, 0x00, 0x09, 0x00, 0x00, 0x00, 0x07, 0x00, 0x00, 0x00, 0x07, 0x00, 0x00, 0x00, 0x0B,
    0x00, 0x00, 0x00, 0x00, 0x00, 0x00, 0x00, 0x00, 0x00, 0x00, 0x25, 0x68, 0x00, 0x00, 0x00, 0x08,
    0x00, 0x00, 0x00, 0x07, 0x00, 0x00, 0x00, 0x07, 0x00, 0x00, 0x00, 0x0B, 0x00, 0x00, 0x00, 0x00,
    0x00, 0x00, 0x00, 0x00, 0x00, 0x00, 0x25, 0x69, 0x00, 0x00, 0x00, 0x09, 0x00, 0x00, 0x00, 0x07,
    0x00, 0x00, 0x00, 0x07, 0x00, 0x00, 0x00, 0x0B, 0x00, 0x00, 0x00, 0x00, 0x00, 0x00, 0x00, 0x00,
    0x00, 0x00, 0x25, 0x6A, 0x00, 0x00, 0x00, 0x0F, 0x00, 0x00, 0x00, 0x07, 0x00, 0x00, 0x00, 0x07,
    0x00, 0x00, 0x00, 0x0B, 0x00, 0x00, 0x00, 0x00, 0x00, 0x00, 0x00, 0x00, 0x00, 0x00, 0x25, 0x6B,
    0x00, 0x00, 0x00, 0x0F, 0x00, 0x00, 0x00, 0x07, 0x00, 0x00, 0x00, 0x07, 0x00, 0x00, 0x00, 0x0B,
    0x00, 0x00, 0x00, 0x00, 0x00, 0x00, 0x00, 0x00, 0x00, 0x00, 0x25, 0x6C, 0x00, 0x00, 0x00, 0x0F,
    0x00, 0x00, 0x00, 0x07, 0x00, 0x00, 0x00, 0x07, 0x00, 0x00, 0x00, 0x0B, 0x00, 0x00, 0x00, 0x00,
    0x00, 0x00, 0x00, 0x00, 0x00, 0x00, 0x25, 0x6D, 0x00, 0x00, 0x00, 0x08, 0x00, 0x00, 0x00, 0x04,
    0x00, 0x00, 0x00, 0x07, 0x00, 0x00, 0x00, 0x04, 0x00, 0x00, 0x00, 0x03, 0x00, 0x00, 0x00, 0x00,
    0x00, 0x00, 0x25, 0x6E, 0x00, 0x00, 0x00, 0x08, 0x00, 0x00, 0x00, 0x06, 0x00, 0x00, 0x00, 0x07,
    0x00, 0x00, 0x00, 0x04, 0x00, 0x00, 0x00, 0x00, 0x00, 0x00, 0x00, 0x00, 0x00, 0x00, 0x25, 0x6F,
    0x00, 0x00, 0x00, 0x08, 0x00, 0x00, 0x00, 0x06, 0x00, 0x00, 0x00, 0x07, 0x00, 0x00, 0x00, 0x0B,
    0x00, 0x00, 0x00, 0x00, 0x00, 0x00, 0x00, 0x00, 0x00, 0x00, 0x25, 0x70, 0x00, 0x00, 0x00, 0x08,
    0x00, 0x00, 0x00, 0x04, 0x00, 0x00, 0x00, 0x07, 0x00, 0x00, 0x00, 0x0B, 0x00, 0x00, 0x00, 0x03,
    0x00, 0x00, 0x00, 0x00, 0x00, 0x00, 0x25, 0x71, 0x00, 0x00, 0x00, 0x0D, 0x00, 0x00, 0x00, 0x07,
    0x00, 0x00, 0x00, 0x07, 0x00, 0x00, 0x00, 0x0A, 0x00, 0x00, 0x00, 0x00, 0x00, 0x00, 0x00, 0x00,
    0x00, 0x00, 0x25, 0x72, 0x00, 0x00, 0x00, 0x0D, 0x00, 0x00, 0x00, 0x07, 0x00, 0x00, 0x00, 0x07,
    0x00, 0x00, 0x00, 0x0A, 0x00, 0x00, 0x00, 0x00, 0x00, 0x00, 0x00, 0x00, 0x00, 0x00, 0x25, 0x73,
    0x00, 0x00, 0x00, 0x0D, 0x00, 0x00, 0x00, 0x07, 0x00, 0x00, 0x00, 0x07, 0x00, 0x00, 0x00, 0x0A,
    0x00, 0x00, 0x00, 0x00, 0x00, 0x00, 0x00, 0x00, 0x00, 0x00, 0x25, 0x74, 0x00, 0x00, 0x00, 0x01,
    0x00, 0x00, 0x00, 0x06, 0x00, 0x00, 0x00, 0x07, 0x00, 0x00, 0x00, 0x04, 0x00, 0x00, 0x00, 0x00,
    0x00, 0x00, 0x00, 0x00, 0x00, 0x00, 0x25, 0x75, 0x00, 0x00, 0x00, 0x09, 0x00, 0x00, 0x00, 0x01,
    0x00, 0x00, 0x00, 0x07, 0x00, 0x00, 0x00, 0x0B, 0x00, 0x00, 0x00, 0x03, 0x00, 0x00, 0x00, 0x00,
    0x00, 0x00, 0x25, 0x76, 0x00, 0x00, 0x00, 0x01, 0x00, 0x00, 0x00, 0x05, 0x00, 0x00, 0x00, 0x07,
    0x00, 0x00, 0x00, 0x04, 0x00, 0x00, 0x00, 0x02, 0x00, 0x00, 0x00, 0x00, 0x00, 0x00, 0x25, 0x77,
    0x00, 0x00, 0x00, 0x08, 0x00, 0x00, 0x00, 0x01, 0x00, 0x00, 0x00, 0x07, 0x00, 0x00, 0x00, 0x04,
    0x00, 0x00, 0x00, 0x03, 0x00, 0x00, 0x00, 0x00, 0x00, 0x00, 0x25, 0x78, 0x00, 0x00, 0x00, 0x03,
    0x00, 0x00, 0x00, 0x06, 0x00, 0x00, 0x00, 0x07, 0x00, 0x00, 0x00, 0x05, 0x00, 0x00, 0x00, 0x00,
    0x00, 0x00, 0x00, 0x00, 0x00, 0x00, 0x25, 0x79, 0x00, 0x00, 0x00, 0x09, 0x00, 0x00, 0x00, 0x03,
    0x00, 0x00, 0x00, 0x07, 0x00, 0x00, 0x00, 0x0B, 0x00, 0x00, 0x00, 0x02, 0x00, 0x00, 0x00, 0x00,
    0x00, 0x00, 0x25, 0x7A, 0x00, 0x00, 0x00, 0x03, 0x00, 0x00, 0x00, 0x05, 0x00, 0x00, 0x00, 0x07,
    0x00, 0x00, 0x00, 0x05, 0x00, 0x00, 0x00, 0x02, 0x00, 0x00, 0x00, 0x00, 0x00, 0x00, 0x25, 0x7B,
    0x00, 0x00, 0x00, 0x08, 0x00, 0x00, 0x00, 0x03, 0x00, 0x00, 0x00, 0x07, 0x00, 0x00, 0x00, 0x04,
    0x00, 0x00, 0x00, 0x02, 0x00, 0x00, 0x00, 0x00, 0x00, 0x00, 0x25, 0x7C, 0x00, 0x00, 0x00, 0x03,
    0x00, 0x00, 0x00, 0x07, 0x00, 0x00, 0x00, 0x07, 0x00, 0x00, 0x00, 0x05, 0x00, 0x00, 0x00, 0x00,
    0x00, 0x00, 0x00, 0x00, 0x00, 0x00, 0x25, 0x7D, 0x00, 0x00, 0x00, 0x0F, 0x00, 0x00, 0x00, 0x03,
    0x00, 0x00, 0x00, 0x07, 0x00, 0x00, 0x00, 0x0B, 0x00, 0x00, 0x00, 0x02, 0x00, 0x00, 0x00, 0x00,
    0x00, 0x00, 0x25, 0x7E, 0x00, 0x00, 0x00, 0x03, 0x00, 0x00, 0x00, 0x07, 0x00, 0x00, 0x00, 0x07,
    0x00, 0x00, 0x00, 0x05, 0x00, 0x00, 0x00, 0x00, 0x00, 0x00, 0x00, 0x00, 0x00, 0x00, 0x25, 0x7F,
    0x00, 0x00, 0x00, 0x0F, 0x00, 0x00, 0x00, 0x03, 0x00, 0x00, 0x00, 0x07, 0x00, 0x00, 0x00, 0x0B,
    0x00, 0x00, 0x00, 0x02, 0x00, 0x00, 0x00, 0x00, 0x00, 0x00, 0x25, 0xA0, 0x00, 0x00, 0x00, 0x09,
    0x00, 0x00, 0x00, 0x08, 0x00, 0x00, 0x00, 0x08, 0x00, 0x00, 0x00, 0x08, 0x00, 0x00, 0x00, 0x00,
    0x00, 0x00, 0x00, 0x00, 0x00, 0x00, 0x25, 0xA1, 0x00, 0x00, 0x00, 0x09, 0x00, 0x00, 0x00, 0x08,
    0x00, 0x00, 0x00, 0x08, 0x00, 0x00, 0x00, 0x08, 0x00, 0x00, 0x00, 0x00, 0x00, 0x00, 0x00, 0x00,
    0x00, 0x00, 0x25, 0xB2, 0x00, 0x00, 0x00, 0x09, 0x00, 0x00, 0x00, 0x08, 0x00, 0x00, 0x00, 0x08,
    0x00, 0x00, 0x00, 0x08, 0x00, 0x00, 0x00, 0x00, 0x00, 0x00, 0x00, 0x00, 0x00, 0x00, 0x25, 0xB6,
    0x00, 0x00, 0x00, 0x09, 0x00, 0x00, 0x00, 0x08, 0x00, 0x00, 0x00, 0x08, 0x00, 0x00, 0x00, 0x08,
    0x00, 0x00, 0x00, 0x00, 0x00, 0x00, 0x00, 0x00, 0x00, 0x00, 0x25, 0xBC, 0x00, 0x00, 0x00, 0x09,
    0x00, 0x00, 0x00, 0x08, 0x00, 0x00, 0x00, 0x08, 0x00, 0x00, 0x00, 0x08, 0x00, 0x00, 0x00, 0x00,
    0x00, 0x00, 0x00, 0x00, 0x00, 0x00, 0x25, 0xC0, 0x00, 0x00, 0x00, 0x09, 0x00, 0x00, 0x00, 0x08,
    0x00, 0x00, 0x00, 0x08, 0x00, 0x00, 0x00, 0x08, 0x00, 0x00, 0x00, 0x00, 0x00, 0x00, 0x00, 0x00,
    0x00, 0x00, 0x25, 0xC6, 0x00, 0x00, 0x00, 0x09, 0x00, 0x00, 0x00, 0x08, 0x00, 0x00, 0x00, 0x08,
    0x00, 0x00, 0x00, 0x08, 0x00, 0x00, 0x00, 0x00, 0x00, 0x00, 0x00, 0x00, 0x00, 0x00, 0x25, 0xC7,
    0x00, 0x00, 0x00, 0x09, 0x00, 0x00, 0x00, 0x08, 0x00, 0x00, 0x00, 0x08, 0x00, 0x00, 0x00, 0x08,
    0x00, 0x00, 0x00, 0x00, 0x00, 0x00, 0x00, 0x00, 0x00, 0x00, 0x25, 0xCB, 0x00, 0x00, 0x00, 0x09,
    0x00, 0x00, 0x00, 0x08, 0x00, 0x00, 0x00, 0x08, 0x00, 0x00, 0x00, 0x08, 0x00, 0x00, 0x00, 0x00,
    0x00, 0x00, 0x00, 0x00, 0x00, 0x00, 0x25, 0xCF, 0x00, 0x00, 0x00, 0x09, 0x00, 0x00, 0x00, 0x08,
    0x00, 0x00, 0x00, 0x08, 0x00, 0x00, 0x00, 0x08, 0x00, 0x00, 0x00, 0x00, 0x00, 0x00, 0x00, 0x00,
    0x00, 0x00, 0x26, 0x10, 0x00, 0x00, 0x00, 0x07, 0x00, 0x00, 0x00, 0x07, 0x00, 0x00, 0x00, 0x08,
    0x00, 0x00, 0x00, 0x07, 0x00, 0x00, 0x00, 0x00, 0x00, 0x00, 0x00, 0x00, 0x00, 0x00, 0x26, 0x11,
    0x00, 0x00, 0x00, 0x08, 0x00, 0x00, 0x00, 0x08, 0x00, 0x00, 0x00, 0x08, 0x00, 0x00, 0x00, 0x07,
    0x00, 0x00, 0x00, 0x00, 0x00, 0x00, 0x00, 0x00, 0x00, 0x00, 0x26, 0x99, 0x00, 0x00, 0x00, 0x08,
    0x00, 0x00, 0x00, 0x08, 0x00, 0x00, 0x00, 0x08, 0x00, 0x00, 0x00, 0x08, 0x00, 0x00, 0x00, 0x00,
    0x00, 0x00, 0x00, 0x00, 0x00, 0x00, 0x27, 0x13, 0x00, 0x00, 0x00, 0x08, 0x00, 0x00, 0x00, 0x07,
    0x00, 0x00, 0x00, 0x07, 0x00, 0x00, 0x00, 0x08, 0x00, 0x00, 0x00, 0x00, 0x00, 0x00, 0x00, 0x00,
    0x00, 0x00, 0x27, 0x17, 0x00, 0x00, 0x00, 0x09, 0x00, 0x00, 0x00, 0x07, 0x00, 0x00, 0x00, 0x08,
    0x00, 0x00, 0x00, 0x08, 0x00, 0x00, 0x00, 0x00, 0x00, 0x00, 0x00, 0x00, 0x00, 0x00, 0x27, 0x18,
    0x00, 0x00, 0x00, 0x0A, 0x00, 0x00, 0x00, 0x08, 0x00, 0x00, 0x00, 0x08, 0x00, 0x00, 0x00, 0x09,
    0x00, 0x00, 0x00, 0x00, 0x00, 0x00, 0x00, 0x00, 0x00, 0x00, 0x2B, 0x07, 0x00, 0x00, 0x00, 0x07,
    0x00, 0x00, 0x00, 0x05, 0x00, 0x00, 0x00, 0x08, 0x00, 0x00, 0x00, 0x08, 0x00, 0x00, 0x00, 0x01,
    0x00, 0x00, 0x00, 0x00, 0x00, 0xA9, 0xA2, 0x00, 0xC1, 0x84, 0x00, 0xED, 0x3A, 0x00, 0xDF, 0x00,
    0x00, 0xBE, 0x00, 0x00, 0x22, 0x00, 0x72, 0x7C, 0x00, 0xF8, 0xB1, 0x00, 0x61, 0xB2, 0x85, 0xB7,
    0x9D, 0x99, 0xA1, 0x78, 0xB6, 0x5B, 0xD4, 0x39, 0x22, 0x07, 0x28, 0x03, 0x00, 0x00, 0x00, 0xFD,
    0x10, 0xE8, 0x10, 0x00, 0x00, 0x51, 0xD8, 0x28, 0xC3, 0x00, 0x0C, 0xE4, 0xFF, 0x85, 0xA6, 0xFC,
    0xAC, 0x00, 0x00, 0xFF, 0x13, 0xE9, 0x09, 0x00, 0x00, 0x18, 0xDA, 0x24, 0xF2, 0x00, 0x00, 0xBA,
    0xFF, 0x8B, 0xA0, 0xFF, 0xDF, 0x01, 0x00, 0xD2, 0x16, 0xED, 0x39, 0x00, 0x00, 0x1F, 0xDA, 0x1F,
    0xF1, 0x00, 0x00, 0x00, 0x00, 0x00, 0x00, 0x0F, 0x70, 0x00, 0x00, 0x00, 0x00, 0x00, 0x42, 0xBB,
    0x00, 0x00, 0x00, 0x2A, 0xDD, 0xFF, 0xFF, 0xBE, 0x06, 0x00, 0xD9, 0x79, 0xB5, 0x45, 0xA9, 0x3C,
    0x00, 0xFF, 0x30, 0xC5, 0x09, 0x00, 0x00, 0x00, 0x93, 0xFF, 0xFF, 0x57, 0x00, 0x00, 0x00, 0x00,
    0x24, 0xFC, 0xED, 0xA0, 0x00, 0x00, 0x00, 0x37, 0xA5, 0x25, 0xFF, 0x00, 0xA5, 0x87, 0x76, 0x87,
    0x97, 0xC4, 0x00, 0x1C, 0xD0, 0xFF, 0xFF, 0xCF, 0x19, 0x00, 0x00, 0x00, 0xCA, 0x0A, 0x00, 0x00,
    0x00, 0x00, 0x1B, 0xC3, 0xBB, 0x08, 0xC5, 0x0C, 0x00, 0x53, 0x54, 0xE2, 0x51, 0x5E, 0x00, 0x00,
    0x71, 0x54, 0xE7, 0x93, 0x1B, 0x00, 0x00, 0x23, 0xBF, 0x42, 0x3A, 0x01, 0x00, 0x00, 0x01, 0x39,
    0x4B, 0xBB, 0x1D, 0x00, 0x00, 0x19, 0x82, 0xEE, 0x4B, 0x60, 0x00, 0x00, 0x69, 0x54, 0xD5, 0x5A,
    0x45, 0x00, 0x0E, 0xC4, 0x05, 0xCA, 0xBF, 0x1A, 0x00, 0x00, 0x03, 0xC5, 0xEB, 0xF1, 0x1F, 0x00,
    0x00, 0x70, 0xB7, 0x00, 0xB7, 0xA2, 0x00, 0x00, 0x73, 0xB5, 0x00, 0xBE, 0x8D, 0x00, 0x00, 0x70,
    0xFF, 0x8B, 0xD9, 0x0C, 0x00, 0xAC, 0x99, 0xB5, 0xAF, 0x00, 0x00, 0x00, 0xFF, 0x01, 0x12, 0xFF,
    0x0F, 0x10, 0x09, 0xFF, 0x13, 0x15, 0xE9, 0xB1, 0xBA, 0x5B, 0x90, 0xFF, 0xE7, 0x2E, 0xFD, 0xC1,
    0x00, 0x79, 0xA2, 0xB5, 0x84, 0xCA, 0x45, 0x27, 0x04, 0x00, 0x00, 0x52, 0xC4, 0x13, 0x00, 0x30,
    0xD4, 0x06, 0x00, 0x00, 0xD8, 0x22, 0x00, 0x00, 0x45, 0xB2, 0x00, 0x00, 0x00, 0xAA, 0x67, 0x00,
    0x00, 0x00, 0xDD, 0x25, 0x00, 0x00, 0x00, 0xDC, 0x16, 0x00, 0x00, 0x00, 0xAB, 0x4C, 0x00, 0x00,
    0x00, 0x49, 0xB5, 0x00, 0x00, 0x00, 0x00, 0xAF, 0x67, 0x00, 0x00, 0x00, 0x00, 0xAF, 0x8D, 0x00,
    0x00, 0x00, 0x01, 0xE6, 0x16, 0x00, 0x00, 0x00, 0x9D, 0x85, 0x00, 0x00, 0x00, 0x61, 0xA0, 0x00,
    0x00, 0x00, 0x6F, 0xA0, 0x00, 0x00, 0x00, 0xB1, 0x7F, 0x00, 0x00, 0x00, 0xDF, 0x10, 0x00, 0x00,
    0x5A, 0xAC, 0x00, 0x00, 0x1C, 0xDD, 0x0D, 0x00, 0x2D, 0xCE, 0x2B, 0x00, 0x00, 0x00, 0x00, 0x00,
    0xCF, 0x34, 0x00, 0x00, 0x0C, 0x24, 0x00, 0xF8, 0x03, 0x25, 0x09, 0x37, 0xEB, 0xE8, 0xFF, 0xE9,
    0xD8, 0x1C, 0x00, 0x00, 0xD5, 0xFF, 0x3A, 0x00, 0x00, 0x00, 0xB7, 0xA5, 0x6C, 0xC1, 0x00, 0x00,
    0x00, 0x81, 0x01, 0x00, 0x7B, 0x00, 0x00, 0x00, 0x00, 0x00, 0x1B, 0x0A, 0x00, 0x00, 0x00, 0x00,
    0x00, 0xDC, 0x2E, 0x00, 0x00, 0x00, 0x00, 0x00, 0xFF, 0x01, 0x00, 0x00, 0x3A, 0xF0, 0xF2, 0xFF,
    0xF0, 0xE7, 0x00, 0x00, 0x00, 0x45, 0xCA, 0x00, 0x00, 0x00, 0x00, 0x00, 0x81, 0xB7, 0x00, 0x00,
    0x00, 0x00, 0x00, 0x3F, 0x34, 0x00, 0x00, 0x00, 0x00, 0xB7, 0xE1, 0x06, 0xFF, 0x37, 0x6F, 0xAC,
    0x00, 0x45, 0xFF, 0xFF, 0xFF, 0x00, 0x70, 0x79, 0xF8, 0xB2, 0x00, 0x00, 0x00, 0x00, 0x00, 0xAC,
    0x61, 0x00, 0x00, 0x00, 0x00, 0x2D, 0xD7, 0x00, 0x00, 0x00, 0x00, 0x00, 0xC5, 0x42, 0x00, 0x00,
    0x00, 0x00, 0x45, 0xC0, 0x00, 0x00, 0x00, 0x00, 0x00, 0xDA, 0x28, 0x00, 0x00, 0x00, 0x00, 0x64,
    0xA5, 0x00, 0x00, 0x00, 0x00, 0x01, 0xE7, 0x15, 0x00, 0x00, 0x00, 0x00, 0x88, 0xA3, 0x00, 0x00,
    0x00, 0x00, 0x0A, 0xE9, 0x07, 0x00, 0x00, 0x00, 0x00, 0xAB, 0x7F, 0x00, 0x00, 0x00, 0x00, 0x00,
    0x00, 0x00, 0xA3, 0xFF, 0xFF, 0xAF, 0x00, 0x00, 0x85, 0xCE, 0x06, 0x09, 0xFF, 0x24, 0x00, 0xFF,
    0x22, 0x04, 0x00, 0xC4, 0x5A, 0x2D, 0xFF, 0x34, 0xFF, 0x28, 0xDE, 0x4F, 0x66, 0xCF, 0x06, 0x42,
    0x00, 0xFF, 0x18, 0x6D, 0xB4, 0x00, 0x00, 0x34, 0xF7, 0x00, 0x36, 0xF7, 0x06, 0x0A, 0xDE, 0x70,
    0x00, 0x00, 0xA5, 0xFF, 0xFF, 0x9A, 0x00, 0x00, 0x00, 0x00, 0x60, 0xFF, 0xF3, 0x00, 0x00, 0x93,
    0xE8, 0x88, 0xC0, 0x00, 0x00, 0x7B, 0x07, 0xAB, 0xAB, 0x00, 0x00, 0x00, 0x00, 0xC1, 0x6D, 0x00,
    0x00, 0x00, 0x00, 0xF6, 0x30, 0x00, 0x00, 0x00, 0x00, 0xFF, 0x01, 0x00, 0x00, 0x00, 0x24, 0xFF,
    0x00, 0x00, 0x91, 0xFF, 0xFF, 0xFF, 0xFF, 0xAC, 0x00, 0x10, 0xC9, 0xFF, 0xFF, 0x7F, 0x00, 0x00,
    0xBB, 0xA2, 0x00, 0x27, 0xFF, 0x03, 0x00, 0x0D, 0x00, 0x00, 0x03, 0xFF, 0x04, 0x00, 0x00, 0x00,
    0x00, 0x97, 0xBC, 0x00, 0x00, 0x00, 0x00, 0x99, 0xE6, 0x0C, 0x00, 0x00, 0x07, 0xBA, 0xBB, 0x07,
    0x00, 0x00, 0x22, 0xE7, 0x8D, 0x00, 0x00, 0x00, 0x00, 0xC0, 0xFF, 0xFF, 0xFF, 0xFF, 0x99, 0x00,
    0x00, 0x15, 0xC9, 0xFF, 0xFF, 0xB2, 0x00, 0x00, 0x4F, 0x7B, 0x00, 0x12, 0xFF, 0x03, 0x00, 0x00,
    0x00, 0x00, 0x70, 0xE3, 0x00, 0x00, 0x00, 0xAB, 0xFF, 0xE9, 0x0A, 0x00, 0x00, 0x00, 0x00, 0x01,
    0xC6, 0x94, 0x00, 0x00, 0x00, 0x00, 0x00, 0x9F, 0xA7, 0x00, 0xAC, 0x78, 0x00, 0x0C, 0xF1, 0x5B,
    0x00, 0x30, 0xF0, 0xFF, 0xF8, 0x8B, 0x00, 0x00, 0x00, 0x00, 0x00, 0x01, 0xE9, 0xFA, 0x00, 0x00,
    0x00, 0x00, 0xB4, 0xDE, 0xC9, 0x00, 0x00, 0x00, 0x52, 0xE6, 0x93, 0xB8, 0x00, 0x00, 0x15, 0xFC,
    0x27, 0xA8, 0x7E, 0x00, 0x00, 0xCF, 0x76, 0x00, 0xD8, 0x45, 0x00, 0x91, 0xBC, 0x00, 0x00, 0xFF,
    0x0D, 0x00, 0xD5, 0xF6, 0xF0, 0xF2, 0xFF, 0xEE, 0x09, 0x00, 0x00, 0x00, 0x48, 0xD7, 0x00, 0x00,
    0x00, 0x07, 0xFF, 0xFF, 0xFF, 0xFF, 0x42, 0x00, 0x4E, 0xBB, 0x00, 0x00, 0x00, 0x00, 0x00, 0xA2,
    0x8A, 0x00, 0x00, 0x00, 0x00, 0x00, 0xCD, 0xA7, 0xF0, 0xEB, 0x39, 0x00, 0x00, 0x94, 0x3C, 0x00,
    0x93, 0xDC, 0x00, 0x00, 0x00, 0x00, 0x00, 0x49, 0xEC, 0x00, 0x48, 0xB7, 0x00, 0x04, 0xC0, 0xA3,
    0x00, 0x0F, 0xC8, 0xFF, 0xFF, 0xA1, 0x04, 0x00, 0x00, 0x00, 0x00, 0x96, 0xE1, 0x25, 0x00, 0x00,
    0xAF, 0xC9, 0x04, 0x00, 0x00, 0x63, 0xEC, 0x04, 0x00, 0x00, 0x00, 0xFC, 0xA1, 0xE8, 0xEE, 0x49,
    0x43, 0xFF, 0x48, 0x00, 0x61, 0xF6, 0x73, 0xC9, 0x00, 0x00, 0x22, 0xFF, 0x42, 0xE8, 0x01, 0x01,
    0xAB, 0xB4, 0x00, 0xA7, 0xFF, 0xF5, 0xA2, 0x06, 0xBA, 0xFF, 0xFF, 0xFF, 0xFF, 0xAA, 0xEC, 0x1C,
    0x00, 0x07, 0xFF, 0x33, 0x5B, 0x00, 0x00, 0xA8, 0xAC, 0x00, 0x00, 0x00, 0x1C, 0xFF, 0x16, 0x00,
    0x00, 0x00, 0xB7, 0x9D, 0x00, 0x00, 0x00, 0x3D, 0xFF, 0x04, 0x00, 0x00, 0x00, 0xE3, 0x6C, 0x00,
    0x00, 0x00, 0x6A, 0xE6, 0x00, 0x00, 0x00, 0x00, 0x00, 0x0F, 0xC1, 0xF7, 0xFF, 0xCF, 0x07, 0x00,
    0xA6, 0xB4, 0x00, 0x00, 0xF5, 0x51, 0x00, 0xB9, 0x87, 0x00, 0x27, 0xF3, 0x12, 0x00, 0x31, 0xFF,
    0xFF, 0xFF, 0x34, 0x00, 0x2A, 0xF3, 0x27, 0x00, 0x6C, 0xD8, 0x00, 0xB4, 0xAF, 0x00, 0x00, 0x21,
    0xFF, 0x00, 0xA9, 0xBA, 0x00, 0x00, 0xA0, 0xB5, 0x00, 0x13, 0xD9, 0xFF, 0xF8, 0xB6, 0x0F, 0x00,
    0x00, 0x12, 0xBA, 0xF1, 0xFF, 0x93, 0x00, 0x00, 0xC9, 0x90, 0x00, 0x0A, 0xFF, 0x10, 0x03, 0xFF,
    0x01, 0x00, 0x00, 0xFC, 0x36, 0x00, 0xFF, 0x30, 0x00, 0x69, 0xFF, 0x0F, 0x00, 0x75, 0xF8, 0xDF,
    0xB6, 0xCB, 0x00, 0x00, 0x00, 0x00, 0x16, 0xFF, 0x2E, 0x00, 0x00, 0x00, 0x13, 0xE9, 0x72, 0x00,
    0x00, 0x00, 0x42, 0xEE, 0x6A, 0x00, 0x00, 0x00, 0x18, 0xFF, 0x8E, 0x0C, 0xB7, 0x27, 0x00, 0x00,
    0x00, 0x00, 0x00, 0x00, 0x70, 0x79, 0x00, 0xF8, 0xB2, 0x00, 0x00, 0x18, 0xFF, 0x8E, 0x00, 0x0C,
    0xB7, 0x27, 0x00, 0x00, 0x00, 0x00, 0x00, 0x00, 0x00, 0x00, 0x00, 0x69, 0xB5, 0x00, 0x00, 0xF2,
    0x99, 0x00, 0x2A, 0xFF, 0x04, 0x00, 0x4E, 0x54, 0x00, 0x00, 0x00, 0x00, 0x00, 0x00, 0x00, 0x78,
    0x31, 0x00, 0x00, 0x00, 0x54, 0xEB, 0xB4, 0x0C, 0x00, 0x36, 0xD3, 0xCB, 0x30, 0x00, 0x00, 0x00,
    0xFF, 0x5B, 0x00, 0x00, 0x00, 0x00, 0x00, 0x75, 0xFC, 0x6D, 0x00, 0x00, 0x00, 0x00, 0x00, 0x19,
    0xCA, 0xC8, 0x18, 0x00, 0x00, 0x00, 0x00, 0x00, 0x73, 0x48, 0x00, 0x06, 0xED, 0xF0, 0xF0, 0xF0,
    0xF0, 0x2E, 0x00, 0x00, 0x00, 0x00, 0x00, 0x00, 0x00, 0x6C, 0xF0, 0xF0, 0xF0, 0xF0, 0xBF, 0x00,
    0x00, 0x6D, 0x3D, 0x00, 0x00, 0x00, 0x00, 0x3C, 0xF0, 0xB2, 0x04, 0x00, 0x00, 0x00, 0x03, 0xAB,
    0xEE, 0x3F, 0x00, 0x00, 0x00, 0x00, 0x99, 0xF0, 0x00, 0x00, 0x46, 0xDF, 0xC0, 0x25, 0x22, 0xCB,
    0xDA, 0x3D, 0x00, 0x00, 0x60, 0x5B, 0x00, 0x00, 0x00, 0x00, 0x01, 0xA7, 0xFF, 0xFF, 0xAB, 0x00,
    0x8D, 0xC4, 0x01, 0x10, 0xFF, 0x10, 0x00, 0x07, 0x00, 0x0F, 0xFF, 0x04, 0x00, 0x10, 0x90, 0xF0,
    0x96, 0x00, 0x00, 0x6A, 0xDC, 0x2D, 0x00, 0x00, 0x00, 0x49, 0x52, 0x00, 0x00, 0x00, 0x00, 0x99,
    0x4F, 0x00, 0x00, 0x00, 0x0D, 0xFF, 0x8E, 0x00, 0x00, 0x00, 0x00, 0x06, 0xBB, 0xDC, 0xE1, 0xA2,
    0x00, 0x00, 0xA6, 0xA9, 0x00, 0x00, 0xE3, 0x1F, 0x00, 0xF3, 0x0F, 0xD7, 0xC8, 0xEB, 0x36, 0x1C,
    0xE9, 0x8A, 0xBB, 0x00, 0xFF, 0x04, 0x5E, 0xB2, 0xB9, 0x63, 0x04, 0xF8, 0x00, 0x85, 0xA2, 0xBE,
    0x5B, 0x72, 0xCF, 0x00, 0x78, 0xA5, 0x54, 0xE6, 0xA8, 0x85, 0x00, 0x28, 0xE8, 0x0D, 0x00, 0x00,
    0x00, 0x00, 0x00, 0x76, 0xDC, 0xDC, 0x90, 0x00, 0x00, 0x00, 0x00, 0x00, 0x00, 0xE2, 0xB6, 0x00,
    0x00, 0x00, 0x00, 0x3A, 0xE1, 0xB6, 0x00, 0x00, 0x00, 0x00, 0xC1, 0x81, 0xBC, 0x19, 0x00, 0x00,
    0x1C, 0xFF, 0x20, 0xB1, 0x4E, 0x00, 0x00, 0x8C, 0xB1, 0x1A, 0xA6, 0x81, 0x00, 0x0B, 0xDD, 0xFF,
    0xFF, 0xEA, 0xB5, 0x00, 0x72, 0xB8, 0x00, 0x12, 0x92, 0xC1, 0x02, 0xB7, 0x4E, 0x00, 0x0B, 0x7B,
    0xED, 0x00, 0x6D, 0xFF, 0xFF, 0xFF, 0xB5, 0x00, 0x00, 0xAC, 0xA0, 0x00, 0x01, 0xFF, 0x16, 0x00,
    0xC3, 0x5A, 0x00, 0x36, 0xFF, 0x03, 0x00, 0xF6, 0xF5, 0xF2, 0xFF, 0x3F, 0x00, 0x00, 0xFF, 0x00,
    0x00, 0x58, 0xD9, 0x00, 0x25, 0xF6, 0x00, 0x00, 0x36, 0xFB, 0x00, 0x63, 0xC8, 0x00, 0x00, 0xB4,
    0xA6, 0x00, 0xA0, 0xFF, 0xFF, 0xFF, 0xCE, 0x10, 0x00, 0x00, 0x00, 0x72, 0xFF, 0xFF, 0xC8, 0x03,
    0x00, 0x4B, 0xFA, 0x18, 0x00, 0xC8, 0x5B, 0x00, 0xD7, 0x6C, 0x00, 0x00, 0x00, 0x00, 0x01, 0xFF,
    0x0D, 0x00, 0x00, 0x00, 0x00, 0x24, 0xFF, 0x00, 0x00, 0x00, 0x00, 0x00, 0x27, 0xFB, 0x00, 0x00,
    0x01, 0x39, 0x00, 0x03, 0xFF, 0x27, 0x00, 0xB2, 0xB7, 0x00, 0x00, 0x79, 0xFF, 0xFF, 0xC5, 0x0A,
    0x00, 0x00, 0x49, 0xFF, 0xFF, 0xFF, 0x73, 0x00, 0x00, 0x87, 0xAD, 0x00, 0x22, 0xFF, 0x10, 0x00,
    0xA3, 0x93, 0x00, 0x00, 0xE4, 0x48, 0x00, 0xD7, 0x55, 0x00, 0x00, 0xF3, 0x42, 0x00, 0xFF, 0x19,
    0x00, 0x00, 0xFF, 0x13, 0x06, 0xFF, 0x00, 0x00, 0x3F, 0xFF, 0x00, 0x3A, 0xEE, 0x00, 0x0C, 0xE1,
    0x87, 0x00, 0x78, 0xFF, 0xFF, 0xFF, 0xA8, 0x00, 0x00, 0x00, 0x6D, 0xFF, 0xFF, 0xFF, 0xFF, 0x8A,
    0x00, 0xAB, 0xA9, 0x00, 0x00, 0x00, 0x00, 0x00, 0xC1, 0x60, 0x00, 0x00, 0x00, 0x00, 0x00, 0xF5,
    0xFF, 0xFF, 0xFF, 0xC3, 0x00, 0x00, 0xFF, 0x00, 0x00, 0x00, 0x00, 0x00, 0x21, 0xF8, 0x00, 0x00,
    0x00, 0x00, 0x00, 0x5E, 0xCB, 0x00, 0x00, 0x00, 0x00, 0x00, 0x9C, 0xFF, 0xFF, 0xFF, 0xFF, 0x61,
    0x00, 0x00, 0x6D, 0xFF, 0xFF, 0xFF, 0xFF, 0xAB, 0x00, 0xAB, 0xA9, 0x00, 0x00, 0x00, 0x00, 0x00,
    0xC1, 0x60, 0x00, 0x00, 0x00, 0x00, 0x00, 0xF5, 0xFF, 0xFF, 0xFF, 0xAC, 0x00, 0x00, 0xFF, 0x00,
    0x00, 0x00, 0x00, 0x00, 0x21, 0xF7, 0x00, 0x00, 0x00, 0x00, 0x00, 0x5E, 0xCA, 0x00, 0x00, 0x00,
    0x00, 0x00, 0x9C, 0xBD, 0x00, 0x00, 0x00, 0x00, 0x00, 0x00, 0x00, 0x94, 0xFF, 0xFF, 0xA1, 0x00,
    0x00, 0x75, 0xE1, 0x09, 0x06, 0xEC, 0x2D, 0x00, 0xFF, 0x37, 0x00, 0x00, 0x00, 0x00, 0x1F, 0xFF,
    0x00, 0x00, 0x00, 0x00, 0x00, 0x5A, 0xE6, 0x00, 0xAB, 0xF1, 0xE8, 0x00, 0x5E, 0xD8, 0x00, 0x00,
    0x48, 0xD9, 0x00, 0x27, 0xFF, 0x0D, 0x04, 0xCA, 0xA6, 0x00, 0x00, 0xBE, 0xFF, 0xFB, 0xCD, 0x8A,
    0x00, 0x00, 0x8B, 0xA8, 0x00, 0x00, 0xBA, 0xA5, 0x00, 0xA8, 0x84, 0x00, 0x00, 0xD7, 0x67, 0x00,
    0xDC, 0x3C, 0x00, 0x00, 0xFF, 0x28, 0x00, 0xFF, 0xFF, 0xFF, 0xFF, 0xFF, 0x00, 0x09, 0xFF, 0x00,
    0x00, 0x45, 0xFA, 0x00, 0x43, 0xD9, 0x00, 0x00, 0x7B, 0xC6, 0x00, 0x81, 0xAC, 0x00, 0x00, 0xB1,
    0xAF, 0x00, 0xBE, 0x99, 0x00, 0x00, 0xC0, 0x72, 0x00, 0x00, 0x5E, 0xF0, 0xFF, 0xFF, 0xF0, 0x7B,
    0x00, 0x00, 0x00, 0xB7, 0x79, 0x00, 0x00, 0x00, 0x00, 0x00, 0xEB, 0x3C, 0x00, 0x00, 0x00, 0x00,
    0x00, 0xFF, 0x07, 0x00, 0x00, 0x00, 0x00, 0x16, 0xFF, 0x00, 0x00, 0x00, 0x00, 0x00, 0x54, 0xD9,
    0x00, 0x00, 0x00, 0x00, 0x00, 0x91, 0xA7, 0x00, 0x00, 0x00, 0x8B, 0xF0, 0xFF, 0xFF, 0xF0, 0x4C,
    0x00, 0x00, 0x00, 0xB0, 0xFF, 0xFF, 0xFF, 0x06, 0x00, 0x00, 0x00, 0x00, 0x19, 0xFF, 0x00, 0x00,
    0x00, 0x00, 0x00, 0x5A, 0xD5, 0x00, 0x00, 0x00, 0x00, 0x00, 0x99, 0xA1, 0x00, 0x00, 0x00, 0x00,
    0x00, 0xB4, 0x82, 0x00, 0x00, 0x00, 0x00, 0x00, 0xE9, 0x45, 0x00, 0x57, 0xD5, 0x00, 0x30, 0xFF,
    0x04, 0x00, 0x04, 0xC9, 0xFF, 0xFF, 0x69, 0x00, 0x00, 0x45, 0xA5, 0x1A, 0x00, 0xAD, 0x89, 0x01,
    0x69, 0xA5, 0x16, 0xA1, 0xAE, 0x02, 0x00, 0x75, 0x7F, 0xA5, 0xD3, 0x03, 0x00, 0x00, 0x92, 0xC8,
    0xF4, 0x09, 0x00, 0x00, 0x00, 0x92, 0xE8, 0xDB, 0x72, 0x00, 0x00, 0x00, 0xA7, 0x51, 0x4F, 0xEB,
    0x00, 0x00, 0x00, 0xA0, 0x38, 0x00, 0xFF, 0x39, 0x00, 0x00, 0xAD, 0x32, 0x00, 0x8E, 0xA7, 0x00,
    0x00, 0x00, 0x00, 0xFF, 0x00, 0x00, 0x00, 0x00, 0x27, 0xFC, 0x00, 0x00, 0x00, 0x00, 0x64, 0xCA,
    0x00, 0x00, 0x00, 0x00, 0xA2, 0xB5, 0x00, 0x00, 0x00, 0x00, 0xBA, 0x78, 0x00, 0x00, 0x00, 0x00,
    0xED, 0x3C, 0x00, 0x00, 0x00, 0x00, 0xFF, 0x07, 0x00, 0x00, 0x00, 0x16, 0xFF, 0xFF, 0xFF, 0xFF,
    0x91, 0x00, 0xA1, 0xFA, 0x00, 0x00, 0xF7, 0xB6, 0x00, 0xD5, 0xFF, 0x0D, 0x7C, 0xFF, 0x9D, 0x00,
    0xFF, 0xA6, 0x64, 0xED, 0xC1, 0x60, 0x06, 0xFF, 0x67, 0xFF, 0x8B, 0xE9, 0x22, 0x3A, 0xD4, 0x12,
    0xFA, 0x01, 0xFF, 0x00, 0x79, 0xA1, 0x00, 0x2D, 0x15, 0xF5, 0x00, 0xB7, 0x84, 0x00, 0x00, 0x52,
    0xC3, 0x00, 0xCB, 0x48, 0x00, 0x00, 0x90, 0xAE, 0x00, 0x00, 0x8B, 0xFF, 0x33, 0x00, 0x9D, 0xA5,
    0x00, 0xA8, 0xFF, 0x84, 0x00, 0xB6, 0x67, 0x00, 0xDC, 0xA0, 0xB1, 0x00, 0xE9, 0x28, 0x00, 0xFF,
    0x1B, 0xF1, 0x00, 0xFF, 0x00, 0x09, 0xFF, 0x00, 0xFD, 0x1B, 0xF8, 0x00, 0x43, 0xD5, 0x00, 0xC5,
    0x99, 0xC6, 0x00, 0x81, 0xA2, 0x00, 0x9A, 0xF7, 0xAF, 0x00, 0xBE, 0x84, 0x00, 0x48, 0xFF, 0x72,
    0x00, 0x00, 0x00, 0xA6, 0xFF, 0xFF, 0xAF, 0x00, 0x00, 0x88, 0xD2, 0x06, 0x09, 0xFF, 0x24, 0x00,
    0xFF, 0x28, 0x00, 0x00, 0xCD, 0x5A, 0x31, 0xFF, 0x00, 0x00, 0x00, 0xE8, 0x4F, 0x67, 0xD8, 0x00,
    0x00, 0x00, 0xFF, 0x18, 0x6D, 0xBE, 0x00, 0x00, 0x3D, 0xFB, 0x00, 0x36, 0xFC, 0x06, 0x0A, 0xE2,
    0x76, 0x00, 0x00, 0xA5, 0xFF, 0xFF, 0x9C, 0x00, 0x00, 0x00, 0x6D, 0xFF, 0xFF, 0xFF, 0xE9, 0x0D,
    0x00, 0xAB, 0xB5, 0x00, 0x00, 0xC0, 0x84, 0x00, 0xC1, 0x7E, 0x00, 0x00, 0xB2, 0x87, 0x00, 0xF5,
    0x45, 0x00, 0x16, 0xFF, 0x2E, 0x00, 0xFF, 0xFF, 0xFF, 0xF6, 0x7C, 0x00, 0x21, 0xFF, 0x00, 0x00,
    0x00, 0x00, 0x00, 0x5E, 0xDA, 0x00, 0x00, 0x00, 0x00, 0x00, 0x9C, 0xA2, 0x00, 0x00, 0x00, 0x00,
    0x00, 0x00, 0x00, 0xA3, 0xFF, 0xFF, 0xAF, 0x00, 0x00, 0x84, 0xD5, 0x06, 0x09, 0xFF, 0x24, 0x00,
    0xFF, 0x2D, 0x00, 0x00, 0xCD, 0x5A, 0x2D, 0xFF, 0x00, 0x00, 0x00, 0xE6, 0x4F, 0x64, 0xDA, 0x00,
    0x00, 0x00, 0xFF, 0x1B, 0x70, 0xBE, 0x00, 0x00, 0x31, 0xFF, 0x00, 0x40, 0xF1, 0x00, 0x03, 0xCF,
    0x84, 0x00, 0x00, 0xC5, 0xFF, 0xFF, 0xB8, 0x00, 0x00, 0x00, 0x00, 0x55, 0xF3, 0x12, 0xAF, 0x00,
    0x00, 0x00, 0x00, 0xBB, 0xFF, 0x4F, 0x00, 0x00, 0x6D, 0xFF, 0xFF, 0xFF, 0xE7, 0x0C, 0x00, 0xAB,
    0xB7, 0x00, 0x00, 0xC0, 0x7F, 0x00, 0xC1, 0x7E, 0x00, 0x00, 0xB0, 0x8A, 0x00, 0xF5, 0x46, 0x00,
    0x10, 0xFF, 0x33, 0x00, 0xFF, 0xE9, 0xFF, 0xEE, 0x84, 0x00, 0x21, 0xFF, 0x00, 0xA3, 0x97, 0x00,
    0x00, 0x5E, 0xD9, 0x00, 0x2A, 0xFF, 0x01, 0x00, 0x9C, 0xA2, 0x00, 0x00, 0xD8, 0x6F, 0x00, 0x00,
    0x24, 0xDA, 0xFD, 0xFF, 0xB4, 0x07, 0x00, 0xD2, 0x8B, 0x00, 0x01, 0xBD, 0x37, 0x00, 0xFF, 0x34,
    0x00, 0x00, 0x00, 0x00, 0x00, 0x90, 0xFF, 0xA1, 0x54, 0x00, 0x00, 0x00, 0x00, 0x18, 0x7C, 0xEC,
    0xA2, 0x00, 0x00, 0x00, 0x00, 0x00, 0x30, 0xFF, 0x00, 0xA3, 0x84, 0x00, 0x00, 0xAC, 0xBB, 0x00,
    0x27, 0xDF, 0xFF, 0xFF, 0xC6, 0x15, 0x00, 0x90, 0xFE, 0xFF, 0xFF, 0xFF, 0xBC, 0x15, 0x00, 0x00,
    0x9F, 0x7C, 0x00, 0x00, 0x00, 0x00, 0x00, 0xCB, 0x3F, 0x00, 0x00, 0x00, 0x00, 0x00, 0xDB, 0x07,
    0x00, 0x00, 0x00, 0x00, 0x11, 0xDE, 0x00, 0x00, 0x00, 0x00, 0x00, 0x3D, 0xC6, 0x00, 0x00, 0x00,
    0x00, 0x00, 0x69, 0xA3, 0x00, 0x00, 0x00, 0x00, 0x00, 0x7C, 0x8F, 0x00, 0x00, 0x00, 0x00, 0x00,
    0x97, 0xA2, 0x00, 0x00, 0xB5, 0xA5, 0x00, 0xB2, 0x85, 0x00, 0x00, 0xCB, 0x67, 0x00, 0xE7, 0x46,
    0x00, 0x00, 0xFF, 0x28, 0x00, 0xFF, 0x0C, 0x00, 0x01, 0xFF, 0x00, 0x12, 0xFF, 0x00, 0x00, 0x31,
    0xF7, 0x00, 0x3F, 0xE4, 0x00, 0x00, 0x7B, 0xB5, 0x00, 0x30, 0xFF, 0x03, 0x04, 0xE4, 0x64, 0x00,
    0x00, 0xB4, 0xFF, 0xFF, 0xAB, 0x00, 0x00, 0xEB, 0x2D, 0x00, 0x00, 0x46, 0xF2, 0xC3, 0x5B, 0x00,
    0x00, 0xC5, 0x79, 0xB8, 0x8A, 0x00, 0x1E, 0xFF, 0x03, 0x88, 0xBA, 0x00, 0xB5, 0xA5, 0x00, 0x57,
    0xC1, 0x06, 0xFF, 0x12, 0x00, 0x27, 0xE8, 0x81, 0xAD, 0x00, 0x00, 0x01, 0xFF, 0xF0, 0x2D, 0x00,
    0x00, 0x00, 0xFF, 0xD2, 0x00, 0x00, 0x00, 0x00, 0xFF, 0x00, 0x00, 0x00, 0x00, 0xFF, 0x00, 0xFF,
    0x00, 0x00, 0x00, 0x3C, 0xCE, 0x0F, 0xF1, 0x09, 0xFF, 0x67, 0x94, 0x9D, 0x30, 0xD4, 0x78, 0xF8,
    0x79, 0xC4, 0x43, 0x4F, 0xB7, 0xCE, 0x9C, 0x8B, 0xF8, 0x03, 0x70, 0xAB, 0xD8, 0x6F, 0xB8, 0xDF,
    0x00, 0x90, 0xF3, 0x8B, 0x61, 0xF1, 0xB5, 0x00, 0xAF, 0xFF, 0x13, 0x54, 0xFF, 0x5B, 0x00, 0x00,
    0x00, 0xA7, 0x54, 0x00, 0x90, 0xDC, 0x00, 0x00, 0x51, 0x82, 0x32, 0xEE, 0x16, 0x00, 0x00, 0x29,
    0xA7, 0xE5, 0x41, 0x00, 0x00, 0x00, 0x0C, 0x9D, 0xA9, 0x00, 0x00, 0x00, 0x00, 0x25, 0xD7, 0x8A,
    0x00, 0x00, 0x00, 0x00, 0x7D, 0xA1, 0xC8, 0x00, 0x00, 0x00, 0x22, 0xD0, 0x13, 0xBF, 0x40, 0x00,
    0x04, 0xE0, 0x4F, 0x00, 0x63, 0xBC, 0x00, 0x92, 0x6F, 0x08, 0x00, 0x6B, 0xBA, 0x0C, 0x5F, 0xA4,
    0x17, 0x0F, 0xE4, 0x30, 0x00, 0x10, 0xBE, 0x25, 0xB7, 0x8E, 0x00, 0x00, 0x00, 0x97, 0xA7, 0xE3,
    0x01, 0x00, 0x00, 0x00, 0x4B, 0xEA, 0x22, 0x00, 0x00, 0x00, 0x00, 0x3E, 0xC6, 0x00, 0x00, 0x00,
    0x00, 0x00, 0x6A, 0xA3, 0x00, 0x00, 0x00, 0x00, 0x00, 0x7D, 0x8F, 0x00, 0x00, 0x00, 0x00, 0x00,
    0xA0, 0xFF, 0xFF, 0xFF, 0xFF, 0xC3, 0x00, 0x00, 0x00, 0x00, 0x31, 0xFF, 0x2B, 0x00, 0x00, 0x00,
    0x16, 0xFF, 0x51, 0x00, 0x00, 0x00, 0x04, 0xE4, 0x81, 0x00, 0x00, 0x00, 0x00, 0xBA, 0xBA, 0x00,
    0x00, 0x00, 0x00, 0xA5, 0xCD, 0x00, 0x00, 0x00, 0x00, 0x6D, 0xF1, 0x0A, 0x00, 0x00, 0x00, 0x00,
    0xFF, 0xFF, 0xFF, 0xFF, 0xFF, 0xAA, 0x00, 0x00, 0x00, 0xD8, 0xDC, 0xDC, 0x67, 0x00, 0x00, 0xEC,
    0x00, 0x00, 0x00, 0x00, 0x09, 0xE3, 0x00, 0x00, 0x00, 0x00, 0x45, 0xB4, 0x00, 0x00, 0x00, 0x00,
    0x84, 0x97, 0x00, 0x00, 0x00, 0x00, 0xA3, 0x58, 0x00, 0x00, 0x00, 0x00, 0xD8, 0x19, 0x00, 0x00,
    0x00, 0x00, 0xED, 0x00, 0x00, 0x00, 0x00, 0x09, 0xE4, 0x00, 0x00, 0x00, 0x00, 0x34, 0xFB, 0xDC,
    0xBA, 0x00, 0x00, 0xDA, 0x00, 0x00, 0xD0, 0x0C, 0x00, 0xAF, 0x58, 0x00, 0x5B, 0xAC, 0x00, 0x0D,
    0xCF, 0x00, 0x00, 0xDC, 0x00, 0x00, 0xBA, 0x28, 0x00, 0x8B, 0x7C, 0x00, 0x37, 0xAD, 0x00, 0x00,
    0xD9, 0x00, 0x4E, 0xDC, 0xE4, 0xE2, 0x00, 0x00, 0x00, 0x4C, 0xAC, 0x00, 0x00, 0x00, 0x8D, 0x8E,
    0x00, 0x00, 0x00, 0xAB, 0x4E, 0x00, 0x00, 0x00, 0xDE, 0x10, 0x00, 0x00, 0x00, 0xED, 0x00, 0x00,
    0x00, 0x10, 0xDD, 0x00, 0x00, 0x00, 0x4F, 0xAA, 0x00, 0x00, 0x00, 0x90, 0x8B, 0x00, 0xB7, 0xDC,
    0xF2, 0x43, 0x00, 0x00, 0x00, 0x00, 0xD4, 0xFF, 0x00, 0x00, 0x00, 0x00, 0x93, 0xA5, 0xCB, 0x54,
    0x00, 0x00, 0x33, 0xEE, 0x07, 0x5D, 0xC1, 0x00, 0x04, 0xEB, 0x3C, 0x00, 0x00, 0xFF, 0x10, 0x19,
    0x72, 0x00, 0x00, 0x00, 0x6C, 0x21, 0xED, 0xFF, 0xFF, 0xFF, 0xFF, 0x61, 0x5B, 0x8A, 0x1B, 0xD9,
    0x00, 0x3D, 0x00, 0x40, 0xFF, 0xF7, 0xA2, 0xFF, 0x01, 0xFF, 0x42, 0x00, 0x7E, 0xDC, 0x4F, 0xDC,
    0x00, 0x00, 0x79, 0xAA, 0x87, 0xA5, 0x00, 0x00, 0xA7, 0x90, 0x72, 0xC9, 0x00, 0x33, 0xFF, 0x54,
    0x0A, 0xED, 0xFD, 0xAD, 0xB9, 0xDA, 0x00, 0x34, 0xE6, 0x00, 0x00, 0x00, 0x00, 0x76, 0xAB, 0x00,
    0x00, 0x00, 0x00, 0xB8, 0xA2, 0xE3, 0xFF, 0x93, 0x00, 0xD0, 0xA1, 0x01, 0x1E, 0xFF, 0x00, 0xFF,
    0x13, 0x00, 0x00, 0xFF, 0x06, 0xFF, 0x00, 0x00, 0x24, 0xFF, 0x40, 0xFF, 0x04, 0x00, 0xB0, 0xA6,
    0x81, 0xBC, 0xDC, 0xFF, 0xBE, 0x01, 0x00, 0x13, 0xC4, 0xF3, 0xFD, 0x4F, 0x00, 0xC6, 0x7F, 0x00,
    0x31, 0x8A, 0x09, 0xFF, 0x00, 0x00, 0x00, 0x00, 0x33, 0xE8, 0x00, 0x00, 0x06, 0x06, 0x12, 0xFF,
    0x09, 0x01, 0xBF, 0x81, 0x00, 0x96, 0xFF, 0xFA, 0xAB, 0x00, 0x00, 0x00, 0x00, 0x00, 0x00, 0xA5,
    0x85, 0x00, 0x00, 0x00, 0x00, 0x00, 0xDF, 0x45, 0x00, 0x3A, 0xFF, 0xFA, 0xB1, 0xFF, 0x09, 0x00,
    0xFF, 0x46, 0x00, 0x60, 0xFF, 0x00, 0x4F, 0xDC, 0x00, 0x00, 0x58, 0xD5, 0x00, 0x87, 0xA5, 0x00,
    0x00, 0xA6, 0xA0, 0x00, 0x70, 0xCB, 0x00, 0x28, 0xFF, 0x7E, 0x00, 0x09, 0xE8, 0xFF, 0xC3, 0xE7,
    0x3D, 0x00, 0x00, 0x0F, 0xBA, 0xF5, 0xFF, 0x75, 0x00, 0xC4, 0x96, 0x00, 0x2A, 0xFD, 0x0D, 0xFF,
    0x00, 0x09, 0xB2, 0xC5, 0x3F, 0xFF, 0xC6, 0xC9, 0x96, 0x07, 0x19, 0xFD, 0x03, 0x00, 0x67, 0x7B,
    0x00, 0xA2, 0xFC, 0xF2, 0xC1, 0x0F, 0x00, 0x00, 0x00, 0x22, 0xF2, 0xF0, 0x01, 0x00, 0x00, 0x00,
    0x96, 0x67, 0x00, 0x00, 0x00, 0x19, 0xD6, 0xFF, 0xFB, 0xB6, 0x00, 0x00, 0x00, 0x00, 0xF0, 0x18,
    0x00, 0x00, 0x00, 0x00, 0x00, 0xFF, 0x00, 0x00, 0x00, 0x00, 0x00, 0x13, 0xF7, 0x00, 0x00, 0x00,
    0x00, 0x00, 0x37, 0xC3, 0x00, 0x00, 0x00, 0x04, 0x62, 0x5B, 0xA9, 0x00, 0x00, 0x00, 0x02, 0xCE,
    0xAD, 0x69, 0x00, 0x00, 0x00, 0x00, 0x27, 0xED, 0x12, 0x00, 0x00, 0x00, 0x00, 0x34, 0xFC, 0xFA,
    0xB1, 0xFF, 0x00, 0x00, 0xFD, 0x4B, 0x00, 0x63, 0xF3, 0x00, 0x4B, 0xE1, 0x00, 0x00, 0x54, 0xC0,
    0x00, 0x81, 0xAB, 0x00, 0x00, 0xA3, 0xA6, 0x00, 0x69, 0xD4, 0x00, 0x27, 0xFB, 0x67, 0x00, 0x06,
    0xE1, 0xFF, 0xB7, 0xEB, 0x25, 0x00, 0x10, 0x0A, 0x00, 0x39, 0xF1, 0x00, 0x00, 0x64, 0xF6, 0xF7,
    0xE8, 0x3A, 0x00, 0x00, 0x00, 0x1B, 0xF8, 0x00, 0x00, 0x00, 0x00, 0x5D, 0xBF, 0x00, 0x00, 0x00,
    0x00, 0x9D, 0xAD, 0xE3, 0xFF, 0x6A, 0x00, 0xBA, 0xBA, 0x04, 0x70, 0xD4, 0x00, 0xF0, 0x2B, 0x00,
    0x55, 0xC8, 0x00, 0xFF, 0x00, 0x00, 0x90, 0xB5, 0x22, 0xEE, 0x00, 0x00, 0xAC, 0x78, 0x63, 0xBA,
    0x00, 0x00, 0xDF, 0x3C, 0x00, 0x00, 0x00, 0x43, 0x24, 0x00, 0x00, 0x00, 0x00, 0xFB, 0x90, 0x00,
    0x00, 0x00, 0x00, 0x00, 0x00, 0x00, 0x0A, 0xF3, 0xFA, 0xFF, 0x00, 0x00, 0x00, 0x00, 0x48, 0xD4,
    0x00, 0x00, 0x00, 0x00, 0x90, 0xB7, 0x00, 0x00, 0x00, 0x00, 0xB4, 0x6D, 0x19, 0xA6, 0x00, 0x00,
    0xEE, 0x51, 0xF7, 0x57, 0x00, 0x00, 0xD8, 0xF6, 0x48, 0x00, 0x00, 0x00, 0x00, 0x00, 0x1F, 0x46,
    0x00, 0x00, 0x00, 0x00, 0xA2, 0xD0, 0x00, 0x00, 0x00, 0x00, 0x00, 0x00, 0x00, 0x0D, 0xF3, 0xF5,
    0xFF, 0x31, 0x00, 0x00, 0x00, 0x00, 0xFF, 0x01, 0x00, 0x00, 0x00, 0x16, 0xFD, 0x00, 0x00, 0x00,
    0x00, 0x57, 0xC8, 0x00, 0x00, 0x00, 0x00, 0x97, 0xAE, 0x00, 0x1F, 0x6C, 0x00, 0xB2, 0x6D, 0x00,
    0x10, 0xF2, 0x6C, 0xE8, 0x2D, 0x00, 0x00, 0x1B, 0xEC, 0xE9, 0x00, 0x00, 0x00, 0x1B, 0xF8, 0x00,
    0x00, 0x00, 0x00, 0x00, 0x5D, 0xC0, 0x00, 0x00, 0x00, 0x00, 0x00, 0x9D, 0xAB, 0xDA, 0xFF, 0x7C,
    0x00, 0x00, 0xBA, 0xB7, 0x03, 0x64, 0xD2, 0x00, 0x00, 0xF0, 0x2D, 0x0C, 0xC4, 0x75, 0x00, 0x00,
    0xFF, 0x72, 0xD0, 0x45, 0x00, 0x00, 0x22, 0xEE, 0x22, 0xF7, 0x0F, 0xD3, 0x1B, 0x63, 0xBA, 0x00,
    0xA2, 0xE8, 0x5A, 0x00, 0xBB, 0xF5, 0xFF, 0x21, 0x00, 0x00, 0x04, 0xFF, 0x00, 0x00, 0x00, 0x42,
    0xDC, 0x00, 0x00, 0x00, 0x8E, 0xBB, 0x00, 0x00, 0x00, 0xB6, 0x70, 0x00, 0x00, 0x00, 0xF5, 0x24,
    0x18, 0x6D, 0x03, 0xFF, 0x3F, 0xED, 0x46, 0x0D, 0xFF, 0xDA, 0x25, 0x00, 0x07, 0xFF, 0xCB, 0xD3,
    0xA6, 0xFF, 0x28, 0x3D, 0xFA, 0x01, 0xFF, 0x2B, 0xC0, 0x51, 0x7B, 0xBE, 0x07, 0xF8, 0x00, 0xE2,
    0x1C, 0xB8, 0x7F, 0x3F, 0xC9, 0x00, 0xFC, 0x00, 0xCB, 0x40, 0x7C, 0xB2, 0x10, 0xEE, 0x00, 0xF8,
    0x07, 0xBA, 0x73, 0x4C, 0xBE, 0x00, 0x00, 0xBB, 0xA1, 0xE3, 0xFF, 0x6A, 0x00, 0xCE, 0xB9, 0x04,
    0x70, 0xD4, 0x00, 0xFF, 0x2B, 0x00, 0x55, 0xC8, 0x00, 0xFF, 0x00, 0x00, 0x90, 0xB5, 0x2B, 0xEE,
    0x00, 0x00, 0xAC, 0x78, 0x66, 0xBA, 0x00, 0x00, 0xDF, 0x3C, 0x00, 0x21, 0xD4, 0xF5, 0xF2, 0x42,
    0x00, 0xE4, 0x5D, 0x00, 0x3A, 0xE4, 0x2E, 0xF6, 0x00, 0x00, 0x06, 0xFF, 0x63, 0xC1, 0x00, 0x00,
    0x45, 0xE4, 0x33, 0xEE, 0x01, 0x03, 0xC8, 0x7C, 0x00, 0xB2, 0xFF, 0xF3, 0xA5, 0x00, 0x00, 0xB1,
    0xB4, 0xE3, 0xFF, 0x93, 0x00, 0xE6, 0xA0, 0x01, 0x1E, 0xFF, 0x00, 0xFF, 0x13, 0x00, 0x00, 0xFF,
    0x13, 0xFF, 0x00, 0x00, 0x22, 0xFF, 0x54, 0xFF, 0x04, 0x00, 0xAD, 0xA6, 0x93, 0xB7, 0xDD, 0xFF,
    0xBE, 0x01, 0xB0, 0x7B, 0x00, 0x00, 0x00, 0x00, 0xE4, 0x39, 0x00, 0x00, 0x00, 0x00, 0x00, 0x3A,
    0xFF, 0xFA, 0xB1, 0xFF, 0x00, 0x00, 0xFF, 0x46, 0x00, 0x60, 0xF3, 0x00, 0x4F, 0xDC, 0x00, 0x00,
    0x58, 0xC0, 0x00, 0x87, 0xA5, 0x00, 0x00, 0xA6, 0xA8, 0x00, 0x70, 0xCB, 0x00, 0x28, 0xFF, 0x69,
    0x00, 0x09, 0xE8, 0xFF, 0xB1, 0xED, 0x2A, 0x00, 0x00, 0x00, 0x00, 0x00, 0xFF, 0x00, 0x00, 0x00,
    0x00, 0x00, 0x1B, 0xFA, 0x00, 0x00, 0xB7, 0xFF, 0xDE, 0xB1, 0xED, 0x78, 0x00, 0x81, 0xEE, 0x1C,
    0x00, 0x00, 0x00, 0xBD, 0x97, 0x00, 0x00, 0x00, 0x00, 0xD0, 0x4C, 0x00, 0x00, 0x00, 0x00, 0xFF,
    0x12, 0x00, 0x00, 0x00, 0x01, 0xFF, 0x00, 0x00, 0x00, 0x00, 0x00, 0x2D, 0xDF, 0xEB, 0xF0, 0x8E,
    0x00, 0xC0, 0x60, 0x00, 0x06, 0x42, 0x00, 0xA9, 0xDC, 0x96, 0x3D, 0x00, 0x00, 0x00, 0x3C, 0x85,
    0xF7, 0x6D, 0x2E, 0x75, 0x00, 0x00, 0xA0, 0x91, 0x13, 0xCE, 0xFF, 0xEC, 0xBF, 0x07, 0x00, 0x00,
    0x1B, 0xEB, 0x00, 0x00, 0x00, 0x00, 0x73, 0xB5, 0x00, 0x00, 0x15, 0xF5, 0xFF, 0xFF, 0xF5, 0xBA,
    0x00, 0x00, 0xC3, 0x5B, 0x00, 0x00, 0x00, 0x00, 0xF8, 0x1C, 0x00, 0x00, 0x00, 0x00, 0xFF, 0x00,
    0x0D, 0x4E, 0x00, 0x2D, 0xF0, 0x4F, 0xF7, 0x75, 0x00, 0x1E, 0xFF, 0xD7, 0x2B, 0x00, 0x00, 0xAB,
    0x7B, 0x00, 0x03, 0xFF, 0x00, 0xDD, 0x3D, 0x00, 0x31, 0xE9, 0x00, 0xFF, 0x07, 0x00, 0x6F, 0xB7,
    0x06, 0xFF, 0x00, 0x00, 0xBE, 0xA0, 0x15, 0xFF, 0x01, 0x31, 0xFF, 0x64, 0x00, 0xC6, 0xFF, 0xC1,
    0xF3, 0x28, 0x00, 0x00, 0x00, 0x00, 0x00, 0x01, 0x40, 0xFA, 0xFF, 0x00, 0x21, 0xF0, 0x00, 0x40,
    0xD7, 0x00, 0x00, 0xFF, 0x00, 0x78, 0xA8, 0x00, 0x13, 0xFF, 0x00, 0xAF, 0x93, 0x00, 0x96, 0xA2,
    0x00, 0xC0, 0x5B, 0x4F, 0xFD, 0x10, 0x00, 0xA3, 0xF5, 0xD2, 0x1E, 0x00, 0x00, 0x00, 0x00, 0x00,
    0x00, 0x01, 0x00, 0x00, 0xF6, 0x00, 0xC5, 0x34, 0xCF, 0x24, 0x15, 0xE4, 0x00, 0xEE, 0x03, 0xB2,
    0x4F, 0x54, 0xB4, 0x00, 0xF3, 0x00, 0xBF, 0x34, 0x91, 0x9C, 0x2B, 0xD2, 0x00, 0xF6, 0x0A, 0xA1,
    0x78, 0x90, 0xB5, 0x3F, 0xDC, 0x00, 0x70, 0xFF, 0x8D, 0xFF, 0xDF, 0x30, 0x00, 0x04, 0xBA, 0xFC,
    0x7C, 0xAC, 0xFF, 0x6A, 0x67, 0x88, 0x3A, 0xF1, 0x70, 0x7C, 0xA0, 0x00, 0x00, 0x37, 0xFF, 0x00,
    0x0F, 0x0F, 0x1E, 0x00, 0x76, 0xEC, 0x00, 0x00, 0x00, 0xFF, 0x00, 0xA0, 0xDE, 0x22, 0xB2, 0x01,
    0xD2, 0xE7, 0x66, 0xDC, 0xE6, 0x46, 0x00, 0x00, 0xAB, 0x7C, 0x00, 0x01, 0xFF, 0x00, 0xDD, 0x42,
    0x00, 0x2E, 0xE6, 0x00, 0xFF, 0x0A, 0x00, 0x69, 0xB1, 0x04, 0xFF, 0x00, 0x00, 0xB8, 0x94, 0x0A,
    0xFF, 0x04, 0x2D, 0xFF, 0x55, 0x00, 0xBA, 0xFF, 0xB1, 0xF7, 0x16, 0x16, 0x07, 0x00, 0x45, 0xE9,
    0x00, 0x72, 0xF7, 0xF7, 0xE4, 0x31, 0x00, 0x00, 0x82, 0xF8, 0xF2, 0xA9, 0xFF, 0x1E, 0x00, 0xE4,
    0x04, 0x03, 0xE3, 0x94, 0x00, 0x00, 0x18, 0x01, 0xB0, 0x85, 0x00, 0x00, 0x00, 0x03, 0xBA, 0x78,
    0x2D, 0x52, 0x00, 0x06, 0xD0, 0xAB, 0x10, 0x34, 0xD0, 0x00, 0x8A, 0xB9, 0xA0, 0xEB, 0xF6, 0xAC,
    0x00, 0x00, 0x00, 0x8D, 0xE2, 0xDC, 0x4B, 0x00, 0x00, 0xE2, 0x0C, 0x00, 0x00, 0x00, 0x00, 0xE4,
    0x1C, 0x00, 0x00, 0x00, 0x00, 0x8E, 0xAB, 0x00, 0x00, 0x00, 0x00, 0x73, 0xBA, 0x00, 0x00, 0xBE,
    0xE8, 0xEE, 0x0C, 0x00, 0x00, 0x00, 0x00, 0xD0, 0x2E, 0x00, 0x00, 0x00, 0x93, 0xA3, 0x00, 0x00,
    0x00, 0x00, 0xF0, 0x00, 0x00, 0x00, 0x00, 0x00, 0xCE, 0xDC, 0xA6, 0x00, 0x00, 0x00, 0x5D, 0xA2,
    0x00, 0x9C, 0x84, 0x00, 0xB6, 0x45, 0x00, 0xE6, 0x0A, 0x00, 0xF0, 0x00, 0x16, 0xDA, 0x00, 0x57,
    0xA7, 0x00, 0x96, 0x8A, 0x00, 0xB1, 0x4B, 0x00, 0xE2, 0x0F, 0x00, 0x00, 0x00, 0xCB, 0xDC, 0xC9,
    0x00, 0x00, 0x00, 0x00, 0x0D, 0xE1, 0x00, 0x00, 0x00, 0x00, 0x8A, 0xA9, 0x00, 0x00, 0x00, 0x27,
    0xE1, 0x06, 0x00, 0x00, 0x00, 0x75, 0xAC, 0x00, 0x00, 0x00, 0x00, 0x31, 0xFC, 0xE2, 0x8D, 0x00,
    0x00, 0xDE, 0x25, 0x00, 0x00, 0x00, 0x00, 0x97, 0x99, 0x00, 0x00, 0x00, 0x00, 0x51, 0xAC, 0x00,
    0x00, 0x7C, 0xDC, 0xD9, 0x48, 0x00, 0x00, 0x00, 0x9A, 0xEC, 0x40, 0x00, 0x93, 0x27, 0x2D, 0xCE,
    0x21, 0xE8, 0x12, 0xE8, 0x01, 0x64, 0x55, 0x00, 0x82, 0xF3, 0x57, 0x00, 0x16, 0xFF, 0x8E, 0x0D,
    0xBE, 0x2B, 0x00, 0x22, 0x00, 0x12, 0xA9, 0x00, 0x6F, 0x9A, 0x00, 0xAF, 0x7F, 0x00, 0xEC, 0x4B,
    0x00, 0xFF, 0x0F, 0x00, 0x00, 0x00, 0x00, 0x49, 0x3A, 0x00, 0x00, 0x00, 0x0D, 0xC0, 0x76, 0x00,
    0x00, 0x42, 0xFF, 0xFF, 0xFB, 0x84, 0x00, 0xF3, 0x46, 0xCD, 0x19, 0x54, 0x13, 0xFF, 0x00, 0xCB,
    0x00, 0x00, 0x36, 0xE6, 0x25, 0xAD, 0x09, 0x0A, 0x09, 0xF7, 0x6C, 0x97, 0xC0, 0x7E, 0x00, 0x66,
    0xFF, 0xFF, 0xAF, 0x00, 0x00, 0x00, 0xC8, 0x1C, 0x00, 0x00, 0x00, 0x00, 0xA0, 0xF7, 0xFC, 0xBB,
    0x06, 0x00, 0x85, 0xCE, 0x01, 0x00, 0xAC, 0x2A, 0x00, 0xA8, 0x93, 0x00, 0x00, 0x00, 0x00, 0x6D,
    0xFF, 0xFF, 0xFA, 0x6A, 0x00, 0x00, 0x00, 0x75, 0xBB, 0x00, 0x00, 0x00, 0x00, 0x00, 0xB2, 0x8D,
    0x00, 0x0F, 0xD2, 0x00, 0x4B, 0xFF, 0xAC, 0x55, 0x09, 0xFF, 0x00, 0xEC, 0x82, 0xA5, 0xD5, 0xFF,
    0xF1, 0x00, 0x00, 0x6A, 0x8E, 0x00, 0x00, 0xAF, 0x46, 0x00, 0x1B, 0xFF, 0xEB, 0xF6, 0xD2, 0x00,
    0x00, 0x9A, 0xA8, 0x00, 0x75, 0xBF, 0x00, 0x00, 0xF3, 0x33, 0x00, 0x63, 0xCB, 0x00, 0x00, 0xE7,
    0x42, 0x04, 0xCF, 0x6A, 0x00, 0x06, 0xEE, 0xF3, 0xE7, 0xFF, 0x04, 0x00, 0x70, 0xA5, 0x00, 0x00,
    0xB4, 0x42, 0x00, 0x8B, 0x79, 0x0A, 0x00, 0x6E, 0xB5, 0x06, 0x5A, 0xA1, 0x17, 0x0A, 0xE3, 0x2C,
    0x00, 0x10, 0xBE, 0x24, 0xAA, 0x90, 0x00, 0x00, 0x00, 0xA1, 0x95, 0xE9, 0x01, 0x00, 0x00, 0x96,
    0xFB, 0xFF, 0xFD, 0xAB, 0x00, 0x00, 0x00, 0x3C, 0xBA, 0x00, 0x00, 0x00, 0x00, 0x00, 0x65, 0xB4,
    0x00, 0x00, 0x00, 0x00, 0xD4, 0xFC, 0xFF, 0xF5, 0x5D, 0x00, 0x00, 0x00, 0x5B, 0xA2, 0x00, 0x99,
    0x85, 0x00, 0xB2, 0x48, 0x00, 0xE3, 0x0D, 0x00, 0x16, 0x00, 0x00, 0x00, 0x00, 0x55, 0xA7, 0x00,
    0x93, 0x8B, 0x00, 0xAD, 0x4E, 0x00, 0xDF, 0x12, 0x00, 0x16, 0x00, 0x00, 0x00, 0x00, 0x8A, 0xF6,
    0xF7, 0xC4, 0x00, 0x00, 0x12, 0xFF, 0x07, 0x00, 0x22, 0x00, 0x00, 0x10, 0xFF, 0x52, 0x00, 0x00,
    0x00, 0x00, 0x36, 0xA6, 0xC9, 0xF6, 0x5A, 0x00, 0x00, 0xF8, 0x04, 0x00, 0x43, 0xF7, 0x00, 0x01,
    0xFF, 0x57, 0x00, 0x69, 0xC0, 0x00, 0x00, 0x6D, 0xFB, 0xFF, 0xBC, 0x09, 0x00, 0x00, 0x00, 0x00,
    0x5D, 0xFF, 0x00, 0x00, 0x00, 0x46, 0x00, 0x42, 0xF7, 0x00, 0x00, 0x15, 0xCD, 0xFA, 0xE2, 0x3D,
    0x00, 0x00, 0x0C, 0xFF, 0x27, 0xFF, 0x31, 0x00, 0x25, 0x00, 0x25, 0x00, 0x00, 0x12, 0xB8, 0xC5,
    0xC4, 0x67, 0x00, 0x06, 0xD8, 0x4B, 0x00, 0x01, 0xB6, 0x55, 0xA0, 0x6A, 0x70, 0xCE, 0xA0, 0x13,
    0xC4, 0xDA, 0x1B, 0xE8, 0x01, 0x39, 0x01, 0xD4, 0xD0, 0x43, 0xB9, 0x01, 0x3C, 0x13, 0xCE, 0xD0,
    0x09, 0xBA, 0xC6, 0x5D, 0x96, 0x79, 0x82, 0xBA, 0x00, 0x00, 0x63, 0xC8, 0x00, 0x00, 0x82, 0xC8,
    0xCA, 0xA5, 0x03, 0x00, 0x00, 0x5D, 0xB0, 0xDA, 0x2A, 0x00, 0x94, 0xAF, 0xF3, 0x61, 0x13, 0xD3,
    0x00, 0xD7, 0x28, 0x07, 0xE7, 0xB7, 0xFF, 0x00, 0x00, 0x00, 0x03, 0x40, 0x00, 0x39, 0x09, 0x00,
    0x1F, 0xE2, 0x79, 0x7F, 0xE6, 0x0D, 0x1B, 0xFF, 0x6F, 0xA6, 0xE7, 0x0F, 0x00, 0x27, 0xFF, 0x3C,
    0xA5, 0xCA, 0x00, 0x00, 0x00, 0x4E, 0xF1, 0x04, 0xC4, 0x85, 0x00, 0x00, 0x00, 0x27, 0x00, 0x03,
    0x24, 0x00, 0x3A, 0xF0, 0xF0, 0xF0, 0xF0, 0xE9, 0x00, 0x00, 0x00, 0x00, 0x18, 0xD8, 0x00, 0x00,
    0x00, 0x00, 0x49, 0xAC, 0x45, 0xFF, 0xFF, 0xFF, 0x00, 0x00, 0x49, 0xA3, 0xA2, 0x0D, 0x1F, 0xAC,
    0xBA, 0x7F, 0xA9, 0x7F, 0x73, 0xCF, 0x54, 0xBE, 0x58, 0x9D, 0x40, 0x8A, 0x70, 0x00, 0x93, 0xAE,
    0x7C, 0x00, 0x00, 0xE6, 0xF0, 0xF0, 0x18, 0x00, 0x5E, 0xE3, 0xE1, 0x3C, 0x03, 0xFA, 0x12, 0x42,
    0xC9, 0x0F, 0xFD, 0x01, 0x73, 0xAA, 0x00, 0xA3, 0xE8, 0xC4, 0x15, 0x00, 0x00, 0x00, 0xB1, 0x61,
    0x00, 0x00, 0x00, 0x00, 0x00, 0xE7, 0x21, 0x00, 0x00, 0x13, 0xF0, 0xF0, 0xFF, 0xF0, 0xF0, 0x1C,
    0x00, 0x00, 0x0F, 0xF7, 0x00, 0x00, 0x00, 0x00, 0x00, 0x4B, 0xC8, 0x00, 0x00, 0x00, 0x00, 0x00,
    0x19, 0x2E, 0x00, 0x00, 0x00, 0xA8, 0xF0, 0xF0, 0xF0, 0xF0, 0x90, 0x00, 0x00, 0x52, 0xD8, 0xE7,
    0x21, 0x00, 0x16, 0x06, 0xBF, 0x34, 0x00, 0x12, 0xAB, 0x76, 0x00, 0x00, 0xFF, 0xC9, 0xB8, 0x00,
    0x00, 0x31, 0xAA, 0xE2, 0x28, 0x00, 0x00, 0xB8, 0xCB, 0x07, 0x00, 0x13, 0x00, 0xD7, 0x00, 0x00,
    0xB9, 0xB6, 0xA2, 0x00, 0x22, 0xAA, 0xCA, 0x58, 0x3A, 0x00, 0x00, 0xAB, 0x7B, 0x00, 0x03, 0xFF,
    0x00, 0xDF, 0x3D, 0x00, 0x31, 0xE9, 0x00, 0xFF, 0x07, 0x00, 0x6F, 0xB7, 0x0C, 0xFF, 0x00, 0x00,
    0xBD, 0xA0, 0x46, 0xFF, 0x03, 0x30, 0xFF, 0x64, 0x85, 0xF2, 0xFF, 0xB2, 0xEE, 0x28, 0xA2, 0x87,
    0x00, 0x00, 0x00, 0x00, 0xD5, 0x45, 0x00, 0x00, 0x00, 0x00, 0x00, 0x1E, 0xCF, 0xFF, 0xFF, 0xFF,
    0x63, 0x00, 0xE3, 0xFF, 0xFF, 0x7B, 0xDD, 0x25, 0x0F, 0xFF, 0xFF, 0xFF, 0x3F, 0xFC, 0x00, 0x0A,
    0xFF, 0xFF, 0xFF, 0x12, 0xF3, 0x00, 0x00, 0xA0, 0xFF, 0xFF, 0x40, 0xC5, 0x00, 0x00, 0x00, 0x42,
    0xDA, 0x7E, 0xAE, 0x00, 0x00, 0x00, 0x5D, 0xA7, 0xBB, 0x70, 0x00, 0x00, 0x00, 0x9A, 0x8B, 0xCF,
    0x33, 0x00, 0x00, 0x00, 0xB2, 0x4E, 0xF7, 0x03, 0x00, 0x00, 0x00, 0xBB, 0x12, 0xAF, 0x00, 0x00,
    0x1F, 0xAF, 0x10, 0x87, 0xFF, 0x1F, 0x0A, 0x8A, 0x00, 0x2B, 0xA6, 0x49, 0xB7, 0xCF, 0x39, 0x33,
    0xC1, 0xC4, 0x00, 0x15, 0x57, 0xAB, 0x00, 0x00, 0x93, 0x69, 0x00, 0x9A, 0xF5, 0xBF, 0x13, 0x57,
    0xC9, 0xE2, 0x4B, 0xEC, 0x0D, 0x43, 0xAF, 0xE9, 0x00, 0x87, 0x9D, 0xA3, 0xCA, 0xC1, 0x0D, 0x00,
    0x49, 0x00, 0x22, 0x25, 0x00, 0x00, 0xC0, 0x9F, 0x36, 0xFB, 0x21, 0x00, 0x0F, 0xFF, 0x5D, 0x8D,
    0xF1, 0x00, 0x6F, 0xFF, 0x3A, 0xDF, 0xA2, 0x66, 0xDC, 0x1B, 0xD7, 0x84, 0x00, 0x22, 0x01, 0x00,
    0x24, 0x00, 0x00, 0x00, 0x01, 0x2F, 0x00, 0x00, 0x32, 0x0C, 0x00, 0x1D, 0xE2, 0x00, 0x11, 0xC2,
    0x00, 0x00, 0x00, 0x7A, 0x00, 0x59, 0x4E, 0x00, 0x00, 0x07, 0x77, 0x00, 0x92, 0x1A, 0x00, 0x00,
    0x53, 0xCC, 0x40, 0x41, 0x01, 0x00, 0x00, 0x06, 0x63, 0x00, 0xAB, 0x2A, 0x00, 0x00, 0x24, 0x72,
    0x52, 0xB1, 0x1F, 0x00, 0x00, 0x9D, 0x2D, 0xBE, 0xD2, 0x3A, 0x00, 0x0D, 0x72, 0x00, 0x00, 0x39,
    0x0D, 0x00, 0x00, 0x00, 0x2B, 0x00, 0x00, 0x2E, 0x0C, 0x00, 0x1D, 0xE3, 0x00, 0x10, 0xC3, 0x01,
    0x00, 0x00, 0x7A, 0x00, 0x58, 0x4F, 0x00, 0x00, 0x07, 0x79, 0x00, 0x93, 0x1B, 0x00, 0x00, 0x53,
    0xCC, 0x40, 0x41, 0x01, 0x00, 0x00, 0x01, 0x37, 0x1B, 0xBC, 0x23, 0x00, 0x00, 0x1A, 0x80, 0x22,
    0x6A, 0x35, 0x00, 0x00, 0x83, 0x4E, 0x18, 0x7F, 0x0C, 0x00, 0x0D, 0x9C, 0x01, 0xB7, 0xBF, 0x1B,
    0x00, 0x00, 0x17, 0xB7, 0x52, 0x00, 0x9F, 0x10, 0x00, 0x08, 0x46, 0xBE, 0x30, 0x99, 0x00, 0x00,
    0x0A, 0xA5, 0x21, 0x67, 0x2F, 0x00, 0x00, 0x2A, 0x6D, 0x66, 0x9A, 0x15, 0x00, 0x00, 0x46, 0xBB,
    0x09, 0x38, 0x00, 0x00, 0x00, 0x07, 0x6A, 0x00, 0xB2, 0x2A, 0x00, 0x00, 0x26, 0x70, 0x5A, 0xAF,
    0x1F, 0x00, 0x00, 0xA0, 0x2C, 0xBF, 0xD2, 0x3A, 0x00, 0x0D, 0x72, 0x00, 0x00, 0x39, 0x0D, 0x00,
    0x00, 0x00, 0x00, 0x00, 0x00, 0x00, 0x00, 0x00, 0x00, 0xF8, 0xC0, 0x00, 0x00, 0x00, 0x00, 0x94,
    0x46, 0x00, 0x00, 0x00, 0x00, 0x9A, 0x01, 0x00, 0x00, 0x01, 0x58, 0xFF, 0x00, 0x00, 0x09, 0xE8,
    0xB9, 0x61, 0x00, 0x00, 0x8A, 0xBB, 0x00, 0x00, 0x09, 0x00, 0xA5, 0xB5, 0x00, 0x22, 0xFF, 0x12,
    0x18, 0xE9, 0xFF, 0xFB, 0x64, 0x00, 0x00, 0x00, 0x00, 0x00, 0x07, 0x07, 0x00, 0x00, 0x00, 0x00,
    0x00, 0xAE, 0x5E, 0x00, 0x00, 0x00, 0x00, 0x00, 0x36, 0x7B, 0x00, 0x00, 0x00, 0x00, 0x00, 0x00,
    0x00, 0x00, 0x00, 0x00, 0x00, 0x00, 0xE2, 0xB6, 0x00, 0x00, 0x00, 0x00, 0x3A, 0xE1, 0xB6, 0x00,
    0x00, 0x00, 0x00, 0xC1, 0x81, 0xBC, 0x19, 0x00, 0x00, 0x1C, 0xFF, 0x20, 0xB1, 0x4E, 0x00, 0x00,
    0x8C, 0xB1, 0x1A, 0xA6, 0x81, 0x00, 0x0B, 0xDD, 0xFF, 0xFF, 0xEA, 0xB5, 0x00, 0x72, 0xB8, 0x00,
    0x12, 0x92, 0xC1, 0x02, 0xB7, 0x4E, 0x00, 0x0B, 0x7B, 0xED, 0x00, 0x00, 0x00, 0x00, 0x01, 0x06,
    0x0C, 0x00, 0x00, 0x00, 0x00, 0x18, 0xAC, 0xB2, 0x00, 0x00, 0x00, 0x00, 0x28, 0x94, 0x04, 0x00,
    0x00, 0x00, 0x00, 0x00, 0x00, 0x00, 0x00, 0x00, 0x00, 0x00, 0xE2, 0xB6, 0x00, 0x00, 0x00, 0x00,
    0x3A, 0xE1, 0xB6, 0x00, 0x00, 0x00, 0x00, 0xC1, 0x81, 0xBC, 0x19, 0x00, 0x00, 0x1C, 0xFF, 0x20,
    0xB1, 0x4E, 0x00, 0x00, 0x8C, 0xB1, 0x1A, 0xA6, 0x81, 0x00, 0x0B, 0xDD, 0xFF, 0xFF, 0xEA, 0xB5,
    0x00, 0x72, 0xB8, 0x00, 0x12, 0x92, 0xC1, 0x02, 0xB7, 0x4E, 0x00, 0x0B, 0x7B, 0xED, 0x00, 0x00,
    0x00, 0x00, 0x8D, 0xCF, 0x6D, 0x00, 0x00, 0x00, 0x46, 0x9D, 0x4F, 0xCD, 0x00, 0x00, 0x00, 0x00,
    0x00, 0x00, 0x00, 0x00, 0x00, 0x00, 0x00, 0xE2, 0xB6, 0x00, 0x00, 0x00, 0x00, 0x3A, 0xE1, 0xB6,
    0x00, 0x00, 0x00, 0x00, 0xC1, 0x81, 0xBC, 0x19, 0x00, 0x00, 0x1C, 0xFF, 0x20, 0xB1, 0x4E, 0x00,
    0x00, 0x8C, 0xB1, 0x1A, 0xA6, 0x81, 0x00, 0x0B, 0xDD, 0xFF, 0xFF, 0xEA, 0xB5, 0x00, 0x72, 0xB8,
    0x00, 0x12, 0x92, 0xC1, 0x02, 0xB7, 0x4E, 0x00, 0x0B, 0x7B, 0xED, 0x00, 0x00, 0x0B, 0x91, 0xB7,
    0x58, 0x07, 0x00, 0x00, 0x0B, 0x43, 0xA8, 0xCD, 0x0F, 0x00, 0x00, 0x00, 0x00, 0x00, 0x00, 0x00,
    0x00, 0x00, 0x00, 0x6F, 0xF8, 0x00, 0x00, 0x00, 0x00, 0x0C, 0x8B, 0xF8, 0x00, 0x00, 0x00, 0x00,
    0x29, 0x97, 0xDE, 0x17, 0x00, 0x00, 0x00, 0x51, 0x80, 0xAB, 0x48, 0x00, 0x00, 0x00, 0xA6, 0x59,
    0x8E, 0x78, 0x00, 0x00, 0x0E, 0xFF, 0xFF, 0xFF, 0xA8, 0x00, 0x00, 0x95, 0x94, 0x00, 0x64, 0xB3,
    0x00, 0x02, 0xED, 0x26, 0x00, 0x3D, 0xDC, 0x00, 0x00, 0x00, 0x00, 0x14, 0x09, 0x27, 0x00, 0x00,
    0x00, 0x0F, 0xA2, 0x60, 0xED, 0x01, 0x00, 0x00, 0x00, 0x00, 0x00, 0x00, 0x00, 0x00, 0x00, 0x00,
    0x6F, 0xF8, 0x00, 0x00, 0x00, 0x00, 0x0C, 0x8B, 0xF8, 0x00, 0x00, 0x00, 0x00, 0x29, 0x97, 0xDE,
    0x17, 0x00, 0x00, 0x00, 0x51, 0x80, 0xAB, 0x48, 0x00, 0x00, 0x00, 0xA6, 0x59, 0x8E, 0x78, 0x00,
    0x00, 0x0E, 0xFF, 0xFF, 0xFF, 0xA8, 0x00, 0x00, 0x95, 0x94, 0x00, 0x64, 0xB3, 0x00, 0x02, 0xED,
    0x26, 0x00, 0x3D, 0xDC, 0x00, 0x00, 0x00, 0x00, 0x00, 0x3F, 0x92, 0x34, 0x00, 0x00, 0x00, 0x00,
    0xAF, 0x4E, 0xBB, 0x00, 0x00, 0x00, 0x00, 0xAC, 0xA3, 0x69, 0x00, 0x00, 0x00, 0x00, 0x00, 0x00,
    0x00, 0x00, 0x00, 0x00, 0x00, 0xE2, 0xB6, 0x00, 0x00, 0x00, 0x00, 0x3A, 0xE1, 0xB6, 0x00, 0x00,
    0x00, 0x00, 0xC1, 0x81, 0xBC, 0x19, 0x00, 0x00, 0x1C, 0xFF, 0x20, 0xB1, 0x4E, 0x00, 0x00, 0x8C,
    0xB1, 0x1A, 0xA6, 0x81, 0x00, 0x0B, 0xDD, 0xFF, 0xFF, 0xEA, 0xB5, 0x00, 0x72, 0xB8, 0x00, 0x12,
    0x92, 0xC1, 0x02, 0xB7, 0x4E, 0x00, 0x0B, 0x7B, 0xED, 0x00, 0x00, 0x03, 0x86, 0xFF, 0xF7, 0xCF,
    0x00, 0x00, 0x20, 0x9D, 0xE5, 0x00, 0x00, 0x00, 0x00, 0x37, 0xB3, 0xAC, 0x00, 0x00, 0x00, 0x00,
    0x7F, 0xA7, 0xE3, 0xEB, 0x2A, 0x00, 0x00, 0xC6, 0x8A, 0x7B, 0x00, 0x00, 0x00, 0x38, 0xFE, 0xFD,
    0x62, 0x00, 0x00, 0x00, 0xB0, 0x71, 0x80, 0x3E, 0x00, 0x00, 0x11, 0xEF, 0x07, 0x83, 0xFB, 0x9F,
    0x00, 0x00, 0x00, 0x64, 0xFF, 0xFF, 0xC5, 0x01, 0x00, 0x37, 0xFF, 0x1C, 0x01, 0xD7, 0x61, 0x00,
    0xC3, 0x7C, 0x00, 0x00, 0x09, 0x00, 0x00, 0xFF, 0x18, 0x00, 0x00, 0x00, 0x00, 0x18, 0xFF, 0x00,
    0x00, 0x00, 0x00, 0x00, 0x2E, 0xF8, 0x00, 0x00, 0x00, 0x00, 0x00, 0x12, 0xFF, 0x00, 0x00, 0x3C,
    0xBA, 0x00, 0x00, 0xDF, 0xBA, 0x93, 0xFF, 0x57, 0x00, 0x00, 0x12, 0xA7, 0xCE, 0x40, 0x00, 0x00,
    0x00, 0x00, 0x31, 0xBE, 0x3F, 0x00, 0x00, 0x00, 0x00, 0xAF, 0xCA, 0x1C, 0x00, 0x00, 0x00, 0x00,
    0x00, 0x04, 0x0D, 0x00, 0x00, 0x00, 0x00, 0x00, 0x9D, 0x9C, 0x00, 0x00, 0x00, 0x00, 0x00, 0x15,
    0xB7, 0x00, 0x00, 0x00, 0x00, 0x00, 0x00, 0x00, 0x00, 0x00, 0x00, 0x6D, 0xFF, 0xFF, 0xFF, 0xFF,
    0x8A, 0x00, 0xAB, 0xA9, 0x00, 0x00, 0x00, 0x00, 0x00, 0xC1, 0x60, 0x00, 0x00, 0x00, 0x00, 0x00,
    0xF5, 0xFF, 0xFF, 0xFF, 0xC3, 0x00, 0x00, 0xFF, 0x00, 0x00, 0x00, 0x00, 0x00, 0x21, 0xF8, 0x00,
    0x00, 0x00, 0x00, 0x00, 0x5E, 0xCB, 0x00, 0x00, 0x00, 0x00, 0x00, 0x9C, 0xFF, 0xFF, 0xFF, 0xFF,
    0x61, 0x00, 0x00, 0x00, 0x00, 0x00, 0x00, 0x10, 0x00, 0x00, 0x00, 0x00, 0x00, 0x91, 0xA8, 0x00,
    0x00, 0x00, 0x00, 0x06, 0xCF, 0x09, 0x00, 0x00, 0x00, 0x00, 0x00, 0x00, 0x00, 0x00, 0x00, 0x6D,
    0xFF, 0xFF, 0xFF, 0xFF, 0x8A, 0x00, 0xAB, 0xA9, 0x00, 0x00, 0x00, 0x00, 0x00, 0xC1, 0x60, 0x00,
    0x00, 0x00, 0x00, 0x00, 0xF5, 0xFF, 0xFF, 0xFF, 0xC3, 0x00, 0x00, 0xFF, 0x00, 0x00, 0x00, 0x00,
    0x00, 0x21, 0xF8, 0x00, 0x00, 0x00, 0x00, 0x00, 0x5E, 0xCB, 0x00, 0x00, 0x00, 0x00, 0x00, 0x9C,
    0xFF, 0xFF, 0xFF, 0xFF, 0x61, 0x00, 0x00, 0x00, 0x00, 0x6D, 0xF5, 0x7E, 0x00, 0x00, 0x00, 0x34,
    0xBB, 0x19, 0xD0, 0x04, 0x00, 0x00, 0x00, 0x00, 0x00, 0x00, 0x00, 0x00, 0x6D, 0xFF, 0xFF, 0xFF,
    0xFF, 0x8A, 0x00, 0xAB, 0xA9, 0x00, 0x00, 0x00, 0x00, 0x00, 0xC1, 0x60, 0x00, 0x00, 0x00, 0x00,
    0x00, 0xF5, 0xFF, 0xFF, 0xFF, 0xC3, 0x00, 0x00, 0xFF, 0x00, 0x00, 0x00, 0x00, 0x00, 0x21, 0xF8,
    0x00, 0x00, 0x00, 0x00, 0x00, 0x5E, 0xCB, 0x00, 0x00, 0x00, 0x00, 0x00, 0x9C, 0xFF, 0xFF, 0xFF,
    0xFF, 0x61, 0x00, 0x00, 0x00, 0x00, 0x2A, 0x00, 0x2A, 0x00, 0x00, 0x00, 0x33, 0xFF, 0x27, 0xFF,
    0x0C, 0x00, 0x00, 0x00, 0x00, 0x00, 0x00, 0x00, 0x00, 0x6D, 0xFF, 0xFF, 0xFF, 0xFF, 0x8A, 0x00,
    0xAB, 0xA9, 0x00, 0x00, 0x00, 0x00, 0x00, 0xC1, 0x60, 0x00, 0x00, 0x00, 0x00, 0x00, 0xF5, 0xFF,
    0xFF, 0xFF, 0xC3, 0x00, 0x00, 0xFF, 0x00, 0x00, 0x00, 0x00, 0x00, 0x21, 0xF8, 0x00, 0x00, 0x00,
    0x00, 0x00, 0x5E, 0xCB, 0x00, 0x00, 0x00, 0x00, 0x00, 0x9C, 0xFF, 0xFF, 0xFF, 0xFF, 0x61, 0x00,
    0x00, 0x00, 0x00, 0x09, 0x0A, 0x00, 0x00, 0x00, 0x00, 0x00, 0xBB, 0x7E, 0x00, 0x00, 0x00, 0x00,
    0x00, 0x27, 0xA8, 0x00, 0x00, 0x00, 0x00, 0x00, 0x00, 0x00, 0x00, 0x00, 0x00, 0x5E, 0xF0, 0xFF,
    0xFF, 0xF0, 0x7B, 0x00, 0x00, 0x00, 0xB7, 0x79, 0x00, 0x00, 0x00, 0x00, 0x00, 0xEB, 0x3C, 0x00,
    0x00, 0x00, 0x00, 0x00, 0xFF, 0x07, 0x00, 0x00, 0x00, 0x00, 0x16, 0xFF, 0x00, 0x00, 0x00, 0x00,
    0x00, 0x54, 0xD9, 0x00, 0x00, 0x00, 0x00, 0x00, 0x91, 0xA7, 0x00, 0x00, 0x00, 0x8B, 0xF0, 0xFF,
    0xFF, 0xF0, 0x4C, 0x00, 0x00, 0x00, 0x00, 0x00, 0x06, 0x0A, 0x00, 0x00, 0x00, 0x00, 0x00, 0xAF,
    0xAC, 0x00, 0x00, 0x00, 0x00, 0x10, 0xCB, 0x03, 0x00, 0x00, 0x00, 0x00, 0x00, 0x00, 0x00, 0x00,
    0x00, 0x5E, 0xF0, 0xFF, 0xFF, 0xF0, 0x7B, 0x00, 0x00, 0x00, 0xB7, 0x79, 0x00, 0x00, 0x00, 0x00,
    0x00, 0xEB, 0x3C, 0x00, 0x00, 0x00, 0x00, 0x00, 0xFF, 0x07, 0x00, 0x00, 0x00, 0x00, 0x16, 0xFF,
    0x00, 0x00, 0x00, 0x00, 0x00, 0x54, 0xD9, 0x00, 0x00, 0x00, 0x00, 0x00, 0x91, 0xA7, 0x00, 0x00,
    0x00, 0x8B, 0xF0, 0xFF, 0xFF, 0xF0, 0x4C, 0x00, 0x00, 0x00, 0x00, 0x81, 0xF6, 0x69, 0x00, 0x00,
    0x00, 0x4B, 0xAC, 0x1E, 0xCD, 0x00, 0x00, 0x00, 0x00, 0x00, 0x00, 0x00, 0x00, 0x00, 0x5E, 0xF0,
    0xFF, 0xFF, 0xF0, 0x7B, 0x00, 0x00, 0x00, 0xB7, 0x79, 0x00, 0x00, 0x00, 0x00, 0x00, 0xEB, 0x3C,
    0x00, 0x00, 0x00, 0x00, 0x00, 0xFF, 0x07, 0x00, 0x00, 0x00, 0x00, 0x16, 0xFF, 0x00, 0x00, 0x00,
    0x00, 0x00, 0x54, 0xD9, 0x00, 0x00, 0x00, 0x00, 0x00, 0x91, 0xA7, 0x00, 0x00, 0x00, 0x8B, 0xF0,
    0xFF, 0xFF, 0xF0, 0x4C, 0x00, 0x00, 0x00, 0x01, 0x28, 0x00, 0x2A, 0x00, 0x00, 0x00, 0x4E, 0xFF,
    0x3D, 0xFF, 0x00, 0x00, 0x00, 0x00, 0x00, 0x00, 0x00, 0x00, 0x00, 0x5E, 0xF0, 0xFF, 0xFF, 0xF0,
    0x7B, 0x00, 0x00, 0x00, 0xB7, 0x79, 0x00, 0x00, 0x00, 0x00, 0x00, 0xEB, 0x3C, 0x00, 0x00, 0x00,
    0x00, 0x00, 0xFF, 0x07, 0x00, 0x00, 0x00, 0x00, 0x16, 0xFF, 0x00, 0x00, 0x00, 0x00, 0x00, 0x54,
    0xD9, 0x00, 0x00, 0x00, 0x00, 0x00, 0x91, 0xA7, 0x00, 0x00, 0x00, 0x8B, 0xF0, 0xFF, 0xFF, 0xF0,
    0x4C, 0x00, 0x00, 0x4C, 0xFF, 0xFF, 0xFF, 0x73, 0x00, 0x00, 0x8E, 0xAB, 0x00, 0x22, 0xFF, 0x10,
    0x00, 0xAD, 0x8A, 0x00, 0x00, 0xE4, 0x48, 0x9D, 0xFF, 0xEE, 0xBB, 0x00, 0xF3, 0x42, 0x00, 0xFF,
    0x10, 0x00, 0x00, 0xFF, 0x13, 0x0C, 0xFF, 0x00, 0x00, 0x3F, 0xFF, 0x00, 0x42, 0xED, 0x00, 0x0C,
    0xE1, 0x87, 0x00, 0x79, 0xFF, 0xFF, 0xFF, 0xA8, 0x00, 0x00, 0x00, 0x00, 0x39, 0xF1, 0xA0, 0x60,
    0x04, 0x00, 0x00, 0x37, 0x4F, 0xC4, 0xD7, 0x0A, 0x00, 0x00, 0x00, 0x00, 0x00, 0x00, 0x00, 0x00,
    0x8B, 0xFF, 0x33, 0x00, 0x9D, 0xA5, 0x00, 0xA8, 0xFF, 0x84, 0x00, 0xB6, 0x67, 0x00, 0xDC, 0xA0,
    0xB1, 0x00, 0xE9, 0x28, 0x00, 0xFF, 0x1B, 0xF1, 0x00, 0xFF, 0x00, 0x09, 0xFF, 0x00, 0xFD, 0x1B,
    0xF8, 0x00, 0x43, 0xD5, 0x00, 0xC5, 0x99, 0xC6, 0x00, 0x81, 0xA2, 0x00, 0x9A, 0xF7, 0xAF, 0x00,
    0xBE, 0x84, 0x00, 0x48, 0xFF, 0x72, 0x00, 0x00, 0x00, 0x00, 0x0D, 0x04, 0x00, 0x00, 0x00, 0x00,
    0x00, 0xB5, 0x60, 0x00, 0x00, 0x00, 0x00, 0x00, 0x3D, 0xB4, 0x00, 0x00, 0x00, 0x00, 0x00, 0x00,
    0x00, 0x00, 0x00, 0x00, 0x00, 0xA6, 0xFF, 0xFF, 0xAF, 0x00, 0x00, 0x88, 0xD2, 0x06, 0x09, 0xFF,
    0x24, 0x00, 0xFF, 0x28, 0x00, 0x00, 0xCD, 0x5A, 0x31, 0xFF, 0x00, 0x00, 0x00, 0xE8, 0x4F, 0x67,
    0xD8, 0x00, 0x00, 0x00, 0xFF, 0x18, 0x6D, 0xBE, 0x00, 0x00, 0x3D, 0xFB, 0x00, 0x36, 0xFC, 0x06,
    0x0A, 0xE2, 0x76, 0x00, 0x00, 0xA5, 0xFF, 0xFF, 0x9C, 0x00, 0x00, 0x00, 0x00, 0x00, 0x00, 0x0A,
    0x06, 0x00, 0x00, 0x00, 0x00, 0x00, 0xAB, 0x8E, 0x00, 0x00, 0x00, 0x00, 0x21, 0xC0, 0x00, 0x00,
    0x00, 0x00, 0x00, 0x00, 0x00, 0x00, 0x00, 0x00, 0x00, 0xA6, 0xFF, 0xFF, 0xAF, 0x00, 0x00, 0x88,
    0xD2, 0x06, 0x09, 0xFF, 0x24, 0x00, 0xFF, 0x28, 0x00, 0x00, 0xCD, 0x5A, 0x31, 0xFF, 0x00, 0x00,
    0x00, 0xE8, 0x4F, 0x67, 0xD8, 0x00, 0x00, 0x00, 0xFF, 0x18, 0x6D, 0xBE, 0x00, 0x00, 0x3D, 0xFB,
    0x00, 0x36, 0xFC, 0x06, 0x0A, 0xE2, 0x76, 0x00, 0x00, 0xA5, 0xFF, 0xFF, 0x9C, 0x00, 0x00, 0x00,
    0x00, 0x00, 0x18, 0x78, 0x09, 0x00, 0x00, 0x00, 0x01, 0xDE, 0xF3, 0x97, 0x00, 0x00, 0x00, 0x7B,
    0x8E, 0x10, 0xC5, 0x00, 0x00, 0x00, 0x00, 0x00, 0x00, 0x00, 0x00, 0x00, 0x00, 0xA6, 0xFF, 0xFF,
    0xAF, 0x00, 0x00, 0x88, 0xD2, 0x06, 0x09, 0xFF, 0x24, 0x00, 0xFF, 0x28, 0x00, 0x00, 0xCD, 0x5A,
    0x31, 0xFF, 0x00, 0x00, 0x00, 0xE8, 0x4F, 0x67, 0xD8, 0x00, 0x00, 0x00, 0xFF, 0x18, 0x6D, 0xBE,
    0x00, 0x00, 0x3D, 0xFB, 0x00, 0x36, 0xFC, 0x06, 0x0A, 0xE2, 0x76, 0x00, 0x00, 0xA5, 0xFF, 0xFF,
    0x9C, 0x00, 0x00, 0x00, 0x00, 0x4B, 0xF3, 0x93, 0x60, 0x00, 0x00, 0x00, 0x42, 0x4E, 0xD0, 0xCA,
    0x04, 0x00, 0x00, 0x00, 0x00, 0x00, 0x00, 0x00, 0x00, 0x00, 0xA6, 0xFF, 0xFF, 0xAF, 0x00, 0x00,
    0x88, 0xD2, 0x06, 0x09, 0xFF, 0x24, 0x00, 0xFF, 0x28, 0x00, 0x00, 0xCD, 0x5A, 0x31, 0xFF, 0x00,
    0x00, 0x00, 0xE8, 0x4F, 0x67, 0xD8, 0x00, 0x00, 0x00, 0xFF, 0x18, 0x6D, 0xBE, 0x00, 0x00, 0x3D,
    0xFB, 0x00, 0x36, 0xFC, 0x06, 0x0A, 0xE2, 0x76, 0x00, 0x00, 0xA5, 0xFF, 0xFF, 0x9C, 0x00, 0x00,
    0x00, 0x00, 0x03, 0x25, 0x01, 0x27, 0x00, 0x00, 0x00, 0x6A, 0xF2, 0x58, 0xFF, 0x00, 0x00, 0x00,
    0x00, 0x00, 0x00, 0x00, 0x00, 0x00, 0x00, 0xA6, 0xFF, 0xFF, 0xAF, 0x00, 0x00, 0x88, 0xD2, 0x06,
    0x09, 0xFF, 0x24, 0x00, 0xFF, 0x28, 0x00, 0x00, 0xCD, 0x5A, 0x31, 0xFF, 0x00, 0x00, 0x00, 0xE8,
    0x4F, 0x67, 0xD8, 0x00, 0x00, 0x00, 0xFF, 0x18, 0x6D, 0xBE, 0x00, 0x00, 0x3D, 0xFB, 0x00, 0x36,
    0xFC, 0x06, 0x0A, 0xE2, 0x76, 0x00, 0x00, 0xA5, 0xFF, 0xFF, 0x9C, 0x00, 0x00, 0x00, 0x7B, 0x6A,
    0x00, 0x1B, 0xB6, 0x00, 0x00, 0x13, 0xF5, 0x63, 0xF3, 0x52, 0x00, 0x00, 0x00, 0x88, 0xFF, 0x46,
    0x00, 0x00, 0x00, 0x75, 0xE4, 0x88, 0xCE, 0x00, 0x00, 0x15, 0xC4, 0x0A, 0x00, 0xB4, 0x42, 0x00,
    0x00, 0x00, 0x00, 0x00, 0x00, 0x00, 0x1E, 0x00, 0x00, 0xA6, 0xFF, 0xFF, 0xD5, 0xAD, 0x00, 0x88,
    0xD5, 0x06, 0x39, 0xFF, 0x31, 0x00, 0xFF, 0x2E, 0x06, 0xCD, 0xDF, 0x5D, 0x31, 0xFF, 0x00, 0xA0,
    0x54, 0xED, 0x4F, 0x67, 0xDE, 0x63, 0xB1, 0x00, 0xFF, 0x18, 0x70, 0xD7, 0xC9, 0x03, 0x43, 0xFB,
    0x00, 0x48, 0xFF, 0x2B, 0x0C, 0xE8, 0x76, 0x00, 0xBF, 0xD2, 0xFF, 0xFF, 0x9C, 0x00, 0x00, 0x1E,
    0x00, 0x00, 0x00, 0x00, 0x00, 0x00, 0x00, 0x00, 0x00, 0x0C, 0x06, 0x00, 0x00, 0x00, 0x00, 0x00,
    0xB0, 0x66, 0x00, 0x00, 0x00, 0x00, 0x00, 0x39, 0xB8, 0x00, 0x00, 0x00, 0x00, 0x00, 0x00, 0x00,
    0x00, 0x00, 0x00, 0x97, 0xA2, 0x00, 0x00, 0xB5, 0xA5, 0x00, 0xB2, 0x85, 0x00, 0x00, 0xCB, 0x67,
    0x00, 0xE7, 0x46, 0x00, 0x00, 0xFF, 0x28, 0x00, 0xFF, 0x0C, 0x00, 0x01, 0xFF, 0x00, 0x12, 0xFF,
    0x00, 0x00, 0x31, 0xF7, 0x00, 0x3F, 0xE4, 0x00, 0x00, 0x7B, 0xB5, 0x00, 0x30, 0xFF, 0x03, 0x04,
    0xE4, 0x64, 0x00, 0x00, 0xB4, 0xFF, 0xFF, 0xAB, 0x00, 0x00, 0x00, 0x00, 0x00, 0x00, 0x09, 0x07,
    0x00, 0x00, 0x00, 0x00, 0x00, 0xA6, 0x94, 0x00, 0x00, 0x00, 0x00, 0x1C, 0xC4, 0x00, 0x00, 0x00,
    0x00, 0x00, 0x00, 0x00, 0x00, 0x00, 0x00, 0x97, 0xA2, 0x00, 0x00, 0xB5, 0xA5, 0x00, 0xB2, 0x85,
    0x00, 0x00, 0xCB, 0x67, 0x00, 0xE7, 0x46, 0x00, 0x00, 0xFF, 0x28, 0x00, 0xFF, 0x0C, 0x00, 0x01,
    0xFF, 0x00, 0x12, 0xFF, 0x00, 0x00, 0x31, 0xF7, 0x00, 0x3F, 0xE4, 0x00, 0x00, 0x7B, 0xB5, 0x00,
    0x30, 0xFF, 0x03, 0x04, 0xE4, 0x64, 0x00, 0x00, 0xB4, 0xFF, 0xFF, 0xAB, 0x00, 0x00, 0x00, 0x00,
    0x00, 0x0A, 0x4E, 0x04, 0x00, 0x00, 0x00, 0x00, 0xCA, 0xFF, 0x8E, 0x00, 0x00, 0x00, 0x72, 0x9F,
    0x10, 0xC5, 0x00, 0x00, 0x00, 0x00, 0x00, 0x00, 0x00, 0x00, 0x00, 0x97, 0xA2, 0x00, 0x00, 0xB5,
    0xA5, 0x00, 0xB2, 0x85, 0x00, 0x00, 0xCB, 0x67, 0x00, 0xE7, 0x46, 0x00, 0x00, 0xFF, 0x28, 0x00,
    0xFF, 0x0C, 0x00, 0x01, 0xFF, 0x00, 0x12, 0xFF, 0x00, 0x00, 0x31, 0xF7, 0x00, 0x3F, 0xE4, 0x00,
    0x00, 0x7B, 0xB5, 0x00, 0x30, 0xFF, 0x03, 0x04, 0xE4, 0x64, 0x00, 0x00, 0xB4, 0xFF, 0xFF, 0xAB,
    0x00, 0x00, 0x00, 0x00, 0x03, 0x27, 0x01, 0x27, 0x00, 0x00, 0x00, 0x61, 0xFA, 0x51, 0xFF, 0x00,
    0x00, 0x00, 0x00, 0x00, 0x00, 0x00, 0x00, 0x00, 0x97, 0xA2, 0x00, 0x00, 0xB5, 0xA5, 0x00, 0xB2,
    0x85, 0x00, 0x00, 0xCB, 0x67, 0x00, 0xE7, 0x46, 0x00, 0x00, 0xFF, 0x28, 0x00, 0xFF, 0x0C, 0x00,
    0x01, 0xFF, 0x00, 0x12, 0xFF, 0x00, 0x00, 0x31, 0xF7, 0x00, 0x3F, 0xE4, 0x00, 0x00, 0x7B, 0xB5,
    0x00, 0x30, 0xFF, 0x03, 0x04, 0xE4, 0x64, 0x00, 0x00, 0xB4, 0xFF, 0xFF, 0xAB, 0x00, 0x00, 0x00,
    0x00, 0x00, 0x0C, 0x03, 0x00, 0x00, 0x00, 0x00, 0x00, 0xB0, 0x75, 0x00, 0x00, 0x00, 0x00, 0x1F,
    0xBE, 0x00, 0x00, 0x00, 0x00, 0x00, 0x00, 0x00, 0x00, 0x00, 0x00, 0x92, 0x6F, 0x08, 0x00, 0x6B,
    0xBA, 0x0C, 0x5F, 0xA4, 0x17, 0x0F, 0xE4, 0x30, 0x00, 0x10, 0xBE, 0x25, 0xB7, 0x8E, 0x00, 0x00,
    0x00, 0x97, 0xA7, 0xE3, 0x01, 0x00, 0x00, 0x00, 0x4B, 0xEA, 0x22, 0x00, 0x00, 0x00, 0x00, 0x3E,
    0xC6, 0x00, 0x00, 0x00, 0x00, 0x00, 0x6A, 0xA3, 0x00, 0x00, 0x00, 0x00, 0x00, 0x7D, 0x8F, 0x00,
    0x00, 0x00, 0x00, 0x00, 0x67, 0xD0, 0x00, 0x00, 0x00, 0x00, 0x00, 0xA5, 0xA8, 0x00, 0x00, 0x00,
    0x00, 0x00, 0xBC, 0xFF, 0xFF, 0xFF, 0xAC, 0x00, 0x00, 0xF0, 0x49, 0x00, 0x06, 0xFF, 0x28, 0x00,
    0xFF, 0x06, 0x00, 0x2D, 0xFF, 0x09, 0x1B, 0xFF, 0xFF, 0xFF, 0xF0, 0x63, 0x00, 0x58, 0xCB, 0x00,
    0x00, 0x00, 0x00, 0x00, 0x96, 0xA1, 0x00, 0x00, 0x00, 0x00, 0x00, 0x00, 0x03, 0xD9, 0xF2, 0xAF,
    0x00, 0x00, 0x00, 0x49, 0xBF, 0x00, 0x00, 0x00, 0x00, 0x00, 0x8D, 0xFF, 0xF5, 0xF5, 0xFF, 0x3F,
    0x00, 0xAB, 0x5D, 0x00, 0x8B, 0xBF, 0x00, 0x00, 0xE1, 0x21, 0x5B, 0xE1, 0x06, 0x00, 0x00, 0xFF,
    0x0C, 0xFF, 0x87, 0x03, 0x00, 0x12, 0xF6, 0x09, 0x5E, 0xA8, 0xBF, 0x00, 0x51, 0xC6, 0x00, 0x00,
    0x18, 0xFF, 0x00, 0x00, 0x00, 0x00, 0x00, 0xA6, 0xAD, 0x00, 0x00, 0x10, 0xED, 0xEC, 0xB2, 0x0D,
    0x00, 0x00, 0x00, 0x00, 0x16, 0x00, 0x00, 0x00, 0x00, 0x31, 0xE1, 0x00, 0x00, 0x00, 0x00, 0x00,
    0xC5, 0x04, 0x00, 0x00, 0x00, 0x00, 0x00, 0x00, 0x00, 0x00, 0x40, 0xFF, 0xF7, 0xA2, 0xFF, 0x01,
    0xFF, 0x42, 0x00, 0x7E, 0xDC, 0x4F, 0xDC, 0x00, 0x00, 0x79, 0xAA, 0x87, 0xA5, 0x00, 0x00, 0xA7,
    0x90, 0x72, 0xC9, 0x00, 0x33, 0xFF, 0x54, 0x0A, 0xED, 0xFD, 0xAD, 0xB9, 0xDA, 0x00, 0x00, 0x00,
    0x00, 0x12, 0x00, 0x00, 0x00, 0x00, 0x30, 0xF7, 0x03, 0x00, 0x00, 0x00, 0xAC, 0x3A, 0x00, 0x00,
    0x00, 0x00, 0x00, 0x00, 0x00, 0x00, 0x40, 0xFF, 0xF7, 0xA2, 0xFF, 0x01, 0xFF, 0x42, 0x00, 0x7E,
    0xDC, 0x4F, 0xDC, 0x00, 0x00, 0x79, 0xAA, 0x87, 0xA5, 0x00, 0x00, 0xA7, 0x90, 0x72, 0xC9, 0x00,
    0x33, 0xFF, 0x54, 0x0A, 0xED, 0xFD, 0xAD, 0xB9, 0xDA, 0x00, 0x00, 0x00, 0x36, 0x27, 0x00, 0x00,
    0x00, 0x57, 0xFD, 0xFA, 0x01, 0x00, 0x03, 0xCD, 0x16, 0xAC, 0x51, 0x00, 0x00, 0x00, 0x00, 0x00,
    0x00, 0x00, 0x40, 0xFF, 0xF7, 0xA2, 0xFF, 0x01, 0xFF, 0x42, 0x00, 0x7E, 0xDC, 0x4F, 0xDC, 0x00,
    0x00, 0x79, 0xAA, 0x87, 0xA5, 0x00, 0x00, 0xA7, 0x90, 0x72, 0xC9, 0x00, 0x33, 0xFF, 0x54, 0x0A,
    0xED, 0xFD, 0xAD, 0xB9, 0xDA, 0x00, 0x01, 0xBC, 0xD2, 0x3F, 0x40, 0x00, 0x00, 0x63, 0x8E, 0xF7,
    0x55, 0x00, 0x00, 0x00, 0x00, 0x00, 0x00, 0x00, 0x40, 0xFF, 0xF7, 0xA2, 0xFF, 0x01, 0xFF, 0x42,
    0x00, 0x7E, 0xDC, 0x4F, 0xDC, 0x00, 0x00, 0x79, 0xAA, 0x87, 0xA5, 0x00, 0x00, 0xA7, 0x90, 0x72,
    0xC9, 0x00, 0x33, 0xFF, 0x54, 0x0A, 0xED, 0xFD, 0xAD, 0xB9, 0xDA, 0x00, 0x00, 0x1F, 0x06, 0x1C,
    0x07, 0x00, 0x00, 0xFB, 0x5D, 0xED, 0x6D, 0x00, 0x00, 0x00, 0x00, 0x00, 0x00, 0x00, 0x40, 0xFF,
    0xF7, 0xA2, 0xFF, 0x01, 0xFF, 0x42, 0x00, 0x7E, 0xDC, 0x4F, 0xDC, 0x00, 0x00, 0x79, 0xAA, 0x87,
    0xA5, 0x00, 0x00, 0xA7, 0x90, 0x72, 0xC9, 0x00, 0x33, 0xFF, 0x54, 0x0A, 0xED, 0xFD, 0xAD, 0xB9,
    0xDA, 0x00, 0x00, 0x00, 0x88, 0x64, 0x00, 0x00, 0x00, 0x66, 0x8E, 0xC4, 0x00, 0x00, 0x00, 0xAE,
    0x34, 0xC1, 0x01, 0x00, 0x00, 0x4B, 0xC9, 0x9F, 0x00, 0x00, 0x00, 0x00, 0x00, 0x00, 0x00, 0x00,
    0x40, 0xFF, 0xF7, 0xA2, 0xFF, 0x01, 0xFF, 0x42, 0x00, 0x7E, 0xDC, 0x4F, 0xDC, 0x00, 0x00, 0x79,
    0xAA, 0x87, 0xA5, 0x00, 0x00, 0xA7, 0x90, 0x72, 0xC9, 0x00, 0x33, 0xFF, 0x54, 0x0A, 0xED, 0xFD,
    0xAD, 0xB9, 0xDA, 0x27, 0xDC, 0xE6, 0xAB, 0xD2, 0xF2, 0x72, 0x1B, 0x19, 0x00, 0xFF, 0x19, 0x7F,
    0xAB, 0x34, 0xA8, 0xB7, 0xFF, 0xB0, 0xA3, 0x06, 0xE3, 0x0D, 0x63, 0xB5, 0x00, 0x00, 0x00, 0xF3,
    0x00, 0x9F, 0xCD, 0x00, 0xB5, 0x0D, 0xB7, 0xE8, 0x79, 0xBF, 0xE7, 0xA6, 0x00, 0x00, 0x12, 0xC3,
    0xF5, 0xFD, 0x4E, 0x00, 0xC4, 0x84, 0x00, 0x31, 0x8B, 0x09, 0xFF, 0x00, 0x00, 0x00, 0x00, 0x34,
    0xE8, 0x00, 0x00, 0x04, 0x04, 0x13, 0xFF, 0x06, 0x00, 0xB6, 0x82, 0x00, 0xA2, 0xFF, 0xFD, 0xA3,
    0x00, 0x00, 0x00, 0x6D, 0xB2, 0x04, 0x00, 0x00, 0x10, 0xBE, 0xC1, 0x04, 0x00, 0x00, 0x00, 0x00,
    0x16, 0x00, 0x00, 0x00, 0x00, 0x00, 0xDF, 0x30, 0x00, 0x00, 0x00, 0x00, 0x6C, 0x85, 0x00, 0x00,
    0x00, 0x00, 0x00, 0x00, 0x00, 0x00, 0x0F, 0xBA, 0xF5, 0xFF, 0x75, 0x00, 0xC4, 0x96, 0x00, 0x2A,
    0xFD, 0x0D, 0xFF, 0x00, 0x09, 0xB2, 0xC5, 0x3F, 0xFF, 0xC6, 0xC9, 0x96, 0x07, 0x19, 0xFD, 0x03,
    0x00, 0x67, 0x7B, 0x00, 0xA2, 0xFC, 0xF2, 0xC1, 0x0F, 0x00, 0x00, 0x00, 0x00, 0x10, 0x01, 0x00,
    0x00, 0x00, 0x00, 0xD2, 0x60, 0x00, 0x00, 0x00, 0x45, 0xA1, 0x00, 0x00, 0x00, 0x00, 0x00, 0x00,
    0x00, 0x00, 0x0F, 0xBA, 0xF5, 0xFF, 0x75, 0x00, 0xC4, 0x96, 0x00, 0x2A, 0xFD, 0x0D, 0xFF, 0x00,
    0x09, 0xB2, 0xC5, 0x3F, 0xFF, 0xC6, 0xC9, 0x96, 0x07, 0x19, 0xFD, 0x03, 0x00, 0x67, 0x7B, 0x00,
    0xA2, 0xFC, 0xF2, 0xC1, 0x0F, 0x00, 0x00, 0x00, 0x15, 0x48, 0x00, 0x00, 0x00, 0x07, 0xEB, 0xFF,
    0x58, 0x00, 0x00, 0x9F, 0x72, 0x28, 0xB1, 0x00, 0x00, 0x00, 0x00, 0x00, 0x00, 0x00, 0x0F, 0xBA,
    0xF5, 0xFF, 0x75, 0x00, 0xC4, 0x96, 0x00, 0x2A, 0xFD, 0x0D, 0xFF, 0x00, 0x09, 0xB2, 0xC5, 0x3F,
    0xFF, 0xC6, 0xC9, 0x96, 0x07, 0x19, 0xFD, 0x03, 0x00, 0x67, 0x7B, 0x00, 0xA2, 0xFC, 0xF2, 0xC1,
    0x0F, 0x00, 0x00, 0x07, 0x1C, 0x06, 0x1F, 0x00, 0x00, 0x94, 0xCD, 0x85, 0xDC, 0x00, 0x00, 0x00,
    0x00, 0x00, 0x00, 0x00, 0x0F, 0xBA, 0xF5, 0xFF, 0x75, 0x00, 0xC4, 0x96, 0x00, 0x2A, 0xFD, 0x0D,
    0xFF, 0x00, 0x09, 0xB2, 0xC5, 0x3F, 0xFF, 0xC6, 0xC9, 0x96, 0x07, 0x19, 0xFD, 0x03, 0x00, 0x67,
    0x7B, 0x00, 0xA2, 0xFC, 0xF2, 0xC1, 0x0F, 0x00, 0x00, 0x00, 0x16, 0x00, 0x00, 0x00, 0x00, 0x31,
    0xE1, 0x00, 0x00, 0x00, 0x00, 0x00, 0xC5, 0x04, 0x00, 0x00, 0x00, 0x00, 0x00, 0x00, 0x00, 0x0A,
    0xF3, 0xFA, 0xFF, 0x00, 0x00, 0x00, 0x00, 0x48, 0xD4, 0x00, 0x00, 0x00, 0x00, 0x90, 0xB7, 0x00,
    0x00, 0x00, 0x00, 0xB4, 0x6D, 0x19, 0xA6, 0x00, 0x00, 0xEE, 0x51, 0xF7, 0x57, 0x00, 0x00, 0xD8,
    0xF6, 0x48, 0x00, 0x00, 0x00, 0x00, 0x00, 0x12, 0x00, 0x00, 0x00, 0x00, 0x30, 0xF7, 0x03, 0x00,
    0x00, 0x00, 0xAC, 0x3A, 0x00, 0x00, 0x00, 0x00, 0x00, 0x00, 0x00, 0x0A, 0xF3, 0xFA, 0xFF, 0x00,
    0x00, 0x00, 0x00, 0x48, 0xD4, 0x00, 0x00, 0x00, 0x00, 0x90, 0xB7, 0x00, 0x00, 0x00, 0x00, 0xB4,
    0x6D, 0x19, 0xA6, 0x00, 0x00, 0xEE, 0x51, 0xF7, 0x57, 0x00, 0x00, 0xD8, 0xF6, 0x48, 0x00, 0x00,
    0x00, 0x00, 0x16, 0x10, 0x00, 0x00, 0x00, 0x46, 0xFF, 0xF1, 0x00, 0x00, 0x03, 0xCB, 0x1E, 0xB4,
    0x4E, 0x00, 0x00, 0x00, 0x00, 0x00, 0x00, 0x0A, 0xF3, 0xFA, 0xFF, 0x00, 0x00, 0x00, 0x00, 0x48,
    0xD4, 0x00, 0x00, 0x00, 0x00, 0x90, 0xB7, 0x00, 0x00, 0x00, 0x00, 0xB4, 0x6D, 0x19, 0xA6, 0x00,
    0x00, 0xEE, 0x51, 0xF7, 0x57, 0x00, 0x00, 0xD8, 0xF6, 0x48, 0x00, 0x00, 0x00, 0x1F, 0x06, 0x1C,
    0x07, 0x00, 0x00, 0xFB, 0x5D, 0xED, 0x6D, 0x00, 0x00, 0x00, 0x00, 0x00, 0x00, 0x0A, 0xF3, 0xFA,
    0xFF, 0x00, 0x00, 0x00, 0x00, 0x48, 0xD4, 0x00, 0x00, 0x00, 0x00, 0x90, 0xB7, 0x00, 0x00, 0x00,
    0x00, 0xB4, 0x6D, 0x19, 0xA6, 0x00, 0x00, 0xEE, 0x51, 0xF7, 0x57, 0x00, 0x00, 0xD8, 0xF6, 0x48,
    0x00, 0x00, 0x00, 0x00, 0x00, 0x00, 0x09, 0x00, 0x00, 0x30, 0xE4, 0xD5, 0x9D, 0x00, 0x00, 0x2B,
    0x9C, 0xC3, 0x3C, 0x00, 0x28, 0xE7, 0xF7, 0xD0, 0xB7, 0x00, 0xF5, 0x4E, 0x00, 0x3C, 0xFF, 0x46,
    0xE8, 0x00, 0x00, 0x03, 0xFF, 0x75, 0xB6, 0x00, 0x00, 0x3A, 0xF0, 0x3D, 0xE8, 0x01, 0x03, 0xC1,
    0x8D, 0x00, 0xBA, 0xFF, 0xFF, 0xAF, 0x01, 0x00, 0x00, 0x9D, 0xED, 0x54, 0x52, 0x00, 0x00, 0x58,
    0x60, 0xF1, 0x94, 0x00, 0x00, 0x00, 0x00, 0x00, 0x00, 0x00, 0xBB, 0xA1, 0xE3, 0xFF, 0x6A, 0x00,
    0xCE, 0xB9, 0x04, 0x70, 0xD4, 0x00, 0xFF, 0x2B, 0x00, 0x55, 0xC8, 0x00, 0xFF, 0x00, 0x00, 0x90,
    0xB5, 0x2B, 0xEE, 0x00, 0x00, 0xAC, 0x78, 0x66, 0xBA, 0x00, 0x00, 0xDF, 0x3C, 0x00, 0x00, 0x00,
    0x16, 0x00, 0x00, 0x00, 0x00, 0x00, 0xFF, 0x0F, 0x00, 0x00, 0x00, 0x00, 0x99, 0x58, 0x00, 0x00,
    0x00, 0x00, 0x00, 0x00, 0x00, 0x00, 0x21, 0xD4, 0xF5, 0xF2, 0x42, 0x00, 0xE4, 0x5D, 0x00, 0x3A,
    0xE4, 0x2E, 0xF6, 0x00, 0x00, 0x06, 0xFF, 0x63, 0xC1, 0x00, 0x00, 0x45, 0xE4, 0x33, 0xEE, 0x01,
    0x03, 0xC8, 0x7C, 0x00, 0xB2, 0xFF, 0xF3, 0xA5, 0x00, 0x00, 0x00, 0x00, 0x00, 0x12, 0x00, 0x00,
    0x00, 0x00, 0x03, 0xF0, 0x39, 0x00, 0x00, 0x00, 0x72, 0x97, 0x00, 0x00, 0x00, 0x00, 0x00, 0x00,
    0x00, 0x00, 0x21, 0xD4, 0xF5, 0xF2, 0x42, 0x00, 0xE4, 0x5D, 0x00, 0x3A, 0xE4, 0x2E, 0xF6, 0x00,
    0x00, 0x06, 0xFF, 0x63, 0xC1, 0x00, 0x00, 0x45, 0xE4, 0x33, 0xEE, 0x01, 0x03, 0xC8, 0x7C, 0x00,
    0xB2, 0xFF, 0xF3, 0xA5, 0x00, 0x00, 0x00, 0x00, 0x1F, 0x3D, 0x00, 0x00, 0x00, 0x16, 0xFA, 0xFF,
    0x31, 0x00, 0x00, 0xBD, 0x4F, 0x46, 0xB7, 0x00, 0x00, 0x00, 0x00, 0x00, 0x00, 0x00, 0x21, 0xD4,
    0xF5, 0xF2, 0x42, 0x00, 0xE4, 0x5D, 0x00, 0x3A, 0xE4, 0x2E, 0xF6, 0x00, 0x00, 0x06, 0xFF, 0x63,
    0xC1, 0x00, 0x00, 0x45, 0xE4, 0x33, 0xEE, 0x01, 0x03, 0xC8, 0x7C, 0x00, 0xB2, 0xFF, 0xF3, 0xA5,
    0x00, 0x00, 0x00, 0x8B, 0xF2, 0x5D, 0x55, 0x00, 0x00, 0x55, 0x57, 0xEC, 0xA6, 0x00, 0x00, 0x00,
    0x00, 0x00, 0x00, 0x00, 0x21, 0xD4, 0xF5, 0xF2, 0x42, 0x00, 0xE4, 0x5D, 0x00, 0x3A, 0xE4, 0x2E,
    0xF6, 0x00, 0x00, 0x06, 0xFF, 0x63, 0xC1, 0x00, 0x00, 0x45, 0xE4, 0x33, 0xEE, 0x01, 0x03, 0xC8,
    0x7C, 0x00, 0xB2, 0xFF, 0xF3, 0xA5, 0x00, 0x00, 0x00, 0x0D, 0x18, 0x0C, 0x19, 0x00, 0x00, 0xA1,
    0xA7, 0xAF, 0xB5, 0x00, 0x00, 0x00, 0x00, 0x00, 0x00, 0x00, 0x21, 0xD4, 0xF5, 0xF2, 0x42, 0x00,
    0xE4, 0x5D, 0x00, 0x3A, 0xE4, 0x2E, 0xF6, 0x00, 0x00, 0x06, 0xFF, 0x63, 0xC1, 0x00, 0x00, 0x45,
    0xE4, 0x33, 0xEE, 0x01, 0x03, 0xC8, 0x7C, 0x00, 0xB2, 0xFF, 0xF3, 0xA5, 0x00, 0x00, 0x00, 0x00,
    0x04, 0x00, 0x00, 0x00, 0x00, 0x00, 0x00, 0xFF, 0x88, 0x00, 0x00, 0x00, 0x00, 0x00, 0x3D, 0x09,
    0x00, 0x00, 0x3A, 0xF0, 0xF0, 0xF0, 0xF0, 0xE8, 0x00, 0x00, 0x00, 0x00, 0x06, 0x00, 0x00, 0x00,
    0x00, 0x00, 0xB6, 0xD2, 0x00, 0x00, 0x00, 0x00, 0x00, 0x28, 0x21, 0x00, 0x00, 0x00, 0x00, 0x00,
    0x00, 0x00, 0x00, 0x07, 0x10, 0x00, 0x1F, 0xD2, 0xF5, 0xF5, 0xD2, 0x4B, 0x00, 0xE4, 0x5D, 0x03,
    0xC5, 0xE9, 0x00, 0x2E, 0xF6, 0x01, 0xB6, 0x61, 0xFF, 0x00, 0x64, 0xC1, 0xB1, 0x61, 0x45, 0xE6,
    0x00, 0x36, 0xFF, 0x6A, 0x03, 0xC8, 0x7C, 0x00, 0xA6, 0xC3, 0xFF, 0xF3, 0xA5, 0x00, 0x00, 0x19,
    0x00, 0x00, 0x00, 0x00, 0x00, 0x00, 0x00, 0x00, 0x00, 0x16, 0x00, 0x00, 0x00, 0x00, 0x00, 0xFF,
    0x09, 0x00, 0x00, 0x00, 0x00, 0xA3, 0x4C, 0x00, 0x00, 0x00, 0x00, 0x00, 0x00, 0x00, 0x00, 0xAB,
    0x7B, 0x00, 0x03, 0xFF, 0x00, 0xDD, 0x3D, 0x00, 0x31, 0xE9, 0x00, 0xFF, 0x07, 0x00, 0x6F, 0xB7,
    0x06, 0xFF, 0x00, 0x00, 0xBE, 0xA0, 0x15, 0xFF, 0x01, 0x31, 0xFF, 0x64, 0x00, 0xC6, 0xFF, 0xC1,
    0xF3, 0x28, 0x00, 0x00, 0x00, 0x00, 0x12, 0x00, 0x00, 0x00, 0x00, 0x04, 0xF5, 0x30, 0x00, 0x00,
    0x00, 0x7F, 0x88, 0x00, 0x00, 0x00, 0x00, 0x00, 0x00, 0x00, 0x00, 0xAB, 0x7B, 0x00, 0x03, 0xFF,
    0x00, 0xDD, 0x3D, 0x00, 0x31, 0xE9, 0x00, 0xFF, 0x07, 0x00, 0x6F, 0xB7, 0x06, 0xFF, 0x00, 0x00,
    0xBE, 0xA0, 0x15, 0xFF, 0x01, 0x31, 0xFF, 0x64, 0x00, 0xC6, 0xFF, 0xC1, 0xF3, 0x28, 0x00, 0x00,
    0x00, 0x0D, 0x19, 0x00, 0x00, 0x00, 0x13, 0xF5, 0xFF, 0x21, 0x00, 0x00, 0xA3, 0x52, 0x57, 0xAB,
    0x00, 0x00, 0x00, 0x00, 0x00, 0x00, 0x00, 0xAB, 0x7B, 0x00, 0x03, 0xFF, 0x00, 0xDD, 0x3D, 0x00,
    0x31, 0xE9, 0x00, 0xFF, 0x07, 0x00, 0x6F, 0xB7, 0x06, 0xFF, 0x00, 0x00, 0xBE, 0xA0, 0x15, 0xFF,
    0x01, 0x31, 0xFF, 0x64, 0x00, 0xC6, 0xFF, 0xC1, 0xF3, 0x28, 0x00, 0x00, 0x10, 0x15, 0x0D, 0x18,
    0x00, 0x00, 0xAC, 0xBD, 0xBD, 0xAC, 0x00, 0x00, 0x00, 0x00, 0x00, 0x00, 0x00, 0xAB, 0x7B, 0x00,
    0x03, 0xFF, 0x00, 0xDD, 0x3D, 0x00, 0x31, 0xE9, 0x00, 0xFF, 0x07, 0x00, 0x6F, 0xB7, 0x06, 0xFF,
    0x00, 0x00, 0xBE, 0xA0, 0x15, 0xFF, 0x01, 0x31, 0xFF, 0x64, 0x00, 0xC6, 0xFF, 0xC1, 0xF3, 0x28,
    0x00, 0x00, 0x00, 0x00, 0x12, 0x00, 0x00, 0x00, 0x00, 0x00, 0xE9, 0x42, 0x00, 0x00, 0x00, 0x67,
    0x9F, 0x00, 0x00, 0x00, 0x00, 0x00, 0x00, 0x00, 0x00, 0xAB, 0x7C, 0x00, 0x01, 0xFF, 0x00, 0xDD,
    0x42, 0x00, 0x2E, 0xE6, 0x00, 0xFF, 0x0A, 0x00, 0x69, 0xB1, 0x04, 0xFF, 0x00, 0x00, 0xB8, 0x94,
    0x0A, 0xFF, 0x04, 0x2D, 0xFF, 0x55, 0x00, 0xBA, 0xFF, 0xB1, 0xF7, 0x16, 0x16, 0x07, 0x00, 0x45,
    0xE9, 0x00, 0x72, 0xF7, 0xF7, 0xE4, 0x31, 0x00, 0x00, 0x34, 0xE6, 0x00, 0x00, 0x00, 0x00, 0x76,
    0xAB, 0x00, 0x00, 0x00, 0x00, 0xBA, 0xA2, 0xE3, 0xFF, 0x93, 0x00, 0xD3, 0xA1, 0x01, 0x1E, 0xFF,
    0x00, 0xFF, 0x13, 0x00, 0x00, 0xFF, 0x09, 0xFF, 0x00, 0x00, 0x22, 0xFF, 0x46, 0xFF, 0x04, 0x00,
    0xAD, 0xA6, 0x8A, 0xB7, 0xDD, 0xFF, 0xBE, 0x01, 0xAB, 0x7B, 0x00, 0x00, 0x00, 0x00, 0xE3, 0x39,
    0x00, 0x00, 0x00, 0x00, 0x00, 0x00, 0x0C, 0x18, 0x0A, 0x1B, 0x00, 0x00, 0xBA, 0xAD, 0xA9, 0xBC,
    0x00, 0x00, 0x00, 0x00, 0x00, 0x00, 0x00, 0xAB, 0x7C, 0x00, 0x01, 0xFF, 0x00, 0xDD, 0x42, 0x00,
    0x2E, 0xE6, 0x00, 0xFF, 0x0A, 0x00, 0x69, 0xB1, 0x04, 0xFF, 0x00, 0x00, 0xB8, 0x94, 0x0A, 0xFF,
    0x04, 0x2D, 0xFF, 0x55, 0x00, 0xBA, 0xFF, 0xB1, 0xF7, 0x16, 0x16, 0x07, 0x00, 0x45, 0xE9, 0x00,
    0x72, 0xF7, 0xF7, 0xE4, 0x31, 0x00, 0x4B, 0xFF, 0xFF, 0xFF, 0xFF, 0xFC, 0x01, 0xE7, 0xFF, 0xFF,
    0xFF, 0xFF, 0xFF, 0xA6, 0x00, 0x1B, 0xF7, 0x00, 0x00, 0xB9, 0xBB, 0x00, 0x42, 0xFF, 0x33, 0x00,
    0x00, 0x5E, 0xFF, 0x22, 0x00, 0xC1, 0xAF, 0x00, 0x0A, 0xFC, 0x09, 0x00, 0x00, 0x58, 0xBE, 0x00,
    0xC1, 0x55, 0x03, 0xFF, 0x5B, 0x4B, 0xFF, 0x00, 0x97, 0xFF, 0x03, 0xF5, 0xA1, 0x00, 0x00, 0xBE,
    0xFD, 0x03, 0xFF, 0xA2, 0x00, 0xFF, 0x55, 0x52, 0xFF, 0x04, 0x51, 0xCA, 0x00, 0xB6, 0x63, 0x00,
    0x6A, 0x45, 0x55, 0x5B, 0x3F, 0x70, 0xFB, 0x8E, 0xD7, 0xBB, 0xB0, 0xC3, 0x00, 0x00, 0x76, 0xF7,
    0xFF, 0xDD, 0x0D, 0x00, 0x4F, 0xC0, 0x07, 0x00, 0x93, 0x40, 0x00, 0xCF, 0xF7, 0xF0, 0xAB, 0x00,
    0x00, 0x00, 0xFF, 0x00, 0x00, 0x00, 0x00, 0x00, 0x1B, 0xFF, 0xFA, 0xFA, 0x54, 0x00, 0x00, 0x27,
    0xFF, 0x00, 0x00, 0x13, 0x4E, 0x00, 0x03, 0xFF, 0x36, 0x00, 0xBC, 0xA8, 0x00, 0x00, 0x78, 0xFF,
    0xFF, 0xAD, 0x01, 0x00, 0x00, 0x22, 0xC0, 0x00, 0x00, 0x00, 0x00, 0x24, 0xEE, 0x51, 0x0C, 0x0C,
    0x0C, 0x03, 0xA2, 0xFF, 0xE1, 0xE6, 0xE6, 0xE6, 0x51, 0x03, 0xC4, 0xA3, 0x00, 0x00, 0x00, 0x00,
    0x00, 0x03, 0x8E, 0x00, 0x00, 0x00, 0x00, 0x00, 0x2A, 0xAB, 0x03, 0x00, 0x2A, 0xF1, 0xFF, 0xCA,
    0x03, 0xC1, 0x4B, 0xE2, 0x9A, 0x8D, 0x00, 0x0C, 0xE6, 0x00, 0x00, 0x00, 0x0C, 0xE6, 0x00, 0x00,
    0x00, 0x0C, 0xE6, 0x00, 0x00, 0x00, 0x0C, 0xE6, 0x00, 0x00, 0x00, 0x0C, 0xE6, 0x00, 0x00, 0x00,
    0x00, 0x00, 0x3F, 0xA6, 0x00, 0x00, 0x07, 0x0C, 0x0C, 0x0C, 0xA0, 0xAB, 0x00, 0xBD, 0xE6, 0xE6,
    0xE6, 0xE3, 0xFF, 0x39, 0x00, 0x00, 0x00, 0x12, 0xE7, 0x67, 0x00, 0x00, 0x00, 0x00, 0x2D, 0x61,
    0x00, 0x00, 0x00, 0x07, 0xB8, 0x00, 0x00, 0x00, 0x0C, 0xE6, 0x00, 0x00, 0x00, 0x0C, 0xE6, 0x00,
    0x00, 0x00, 0x0C, 0xE6, 0x00, 0x00, 0x00, 0x0C, 0xE6, 0x00, 0x00, 0x9A, 0x19, 0xE4, 0x42, 0x67,
    0x78, 0xDE, 0xFA, 0xF6, 0x2B, 0x00, 0x76, 0xFF, 0x2A, 0x00, 0x00, 0x00, 0x06, 0x00, 0x00, 0x00,
    0x4F, 0xBB, 0x10, 0xC8, 0x0A, 0x00, 0x51, 0xEC, 0x28, 0x0C, 0x81, 0xD9, 0x0A, 0xE8, 0xFF, 0xE4,
    0xE6, 0xDF, 0xFF, 0x7B, 0x16, 0xEC, 0x60, 0x01, 0xC0, 0xAB, 0x00, 0x00, 0x16, 0x7B, 0x0F, 0x84,
    0x00, 0x00, 0x00, 0x2A, 0xAB, 0x03, 0x00, 0x2A, 0xF1, 0xFF, 0xCA, 0x03, 0xC1, 0x4B, 0xE2, 0x9A,
    0x8D, 0x00, 0x0C, 0xE6, 0x00, 0x00, 0x00, 0x0C, 0xE6, 0x00, 0x00, 0x9A, 0x19, 0xE4, 0x42, 0x67,
    0x78, 0xDE, 0xFA, 0xF6, 0x2B, 0x00, 0x76, 0xFF, 0x2A, 0x00, 0x00, 0x00, 0x06, 0x00, 0x00, 0x00,
    0x00, 0xA8, 0xA8, 0x00, 0x00, 0x00, 0x00, 0xAE, 0xA8, 0x00, 0x00, 0x00, 0x00, 0xAE, 0xA8, 0x00,
    0x00, 0x00, 0x00, 0xAE, 0xA8, 0x00, 0x00, 0x00, 0x00, 0xAE, 0xA8, 0x00, 0x00, 0x0D, 0xBB, 0xAE,
    0xA8, 0xBB, 0x0F, 0x00, 0x75, 0x79, 0x78, 0x76, 0x00, 0x00, 0x00, 0x7E, 0x7E, 0x00, 0x00, 0x00,
    0x00, 0x00, 0x00, 0xA1, 0x69, 0x00, 0x06, 0xE3, 0xE6, 0xF8, 0xFF, 0xE6, 0x2D, 0x00, 0x00, 0x1C,
    0xE4, 0x0D, 0x00, 0x00, 0x69, 0xEB, 0xFF, 0xFF, 0xEB, 0xBA, 0x00, 0x00, 0x9C, 0xA8, 0x00, 0x00,
    0x00, 0x00, 0x00, 0x1C, 0x01, 0x00, 0x00, 0x00, 0x00, 0xBE, 0xFF, 0xFF, 0xFF, 0xFF, 0xFF, 0xFF,
    0x1C, 0x1E, 0x30, 0x30, 0x30, 0x30, 0x30, 0x30, 0x03, 0xA8, 0xFF, 0xFF, 0xFF, 0xFF, 0xFF, 0xFF,
    0x18, 0x3C, 0x60, 0x60, 0x60, 0x60, 0x60, 0x60, 0x07, 0x21, 0x36, 0x36, 0x36, 0x36, 0x36, 0x36,
    0x03, 0xBE, 0xFF, 0xFF, 0xFF, 0xFF, 0xFF, 0xFF, 0x1C, 0x00, 0x00, 0x00, 0x00, 0x00, 0x3F, 0x22,
    0x00, 0x00, 0x06, 0x7B, 0xE2, 0xC6, 0x15, 0x00, 0xA2, 0xEC, 0xAB, 0x1B, 0x00, 0x00, 0x00, 0xDE,
    0xBC, 0x31, 0x00, 0x00, 0x00, 0x00, 0x00, 0x63, 0xE8, 0xCF, 0x3C, 0x00, 0x00, 0x00, 0x00, 0x00,
    0x58, 0x69, 0x00, 0x7F, 0xEB, 0xEB, 0xEB, 0xEB, 0x46, 0x00, 0x00, 0x43, 0x1F, 0x00, 0x00, 0x00,
    0x00, 0x5B, 0xF7, 0xB0, 0x25, 0x00, 0x00, 0x00, 0x00, 0x6D, 0xE6, 0xAC, 0x00, 0x00, 0x01, 0x67,
    0xD4, 0xBA, 0x0A, 0xAC, 0xF6, 0xA6, 0x2B, 0x00, 0x2D, 0x8A, 0x09, 0x00, 0x00, 0x00, 0x7B, 0xEB,
    0xEB, 0xEB, 0xEB, 0x4C, 0x00, 0x48, 0xFD, 0xFF, 0xBA, 0x04, 0x00, 0xFF, 0x45, 0x01, 0xBA, 0x96,
    0x09, 0xFF, 0x00, 0x00, 0x60, 0xB7, 0x00, 0xFF, 0x6D, 0x18, 0xD5, 0x7E, 0x6D, 0xE3, 0xDC, 0xFB,
    0xA6, 0x00, 0xA2, 0x0D, 0x00, 0x00, 0x00, 0x00, 0x00, 0x00, 0x00, 0x00, 0x00, 0x82, 0xA8, 0x49,
    0x00, 0x00, 0x00, 0x00, 0x00, 0xAE, 0x00, 0xA8, 0x00, 0x2A, 0x9C, 0x00, 0x00, 0xAE, 0x00, 0xA8,
    0x21, 0xB0, 0xC5, 0xAE, 0xAE, 0xAF, 0x00, 0xA8, 0xB1, 0x21, 0x00, 0x00, 0x00, 0x00, 0x00, 0xA8,
    0x10, 0xAB, 0xD5, 0xA8, 0xA8, 0xA8, 0xA8, 0x58, 0x00, 0x0F, 0x6F, 0x00, 0x00, 0x00, 0x00, 0x00,
    0x45, 0xE7, 0xF0, 0xF0, 0xF0, 0xEF, 0xE8, 0x04, 0x11, 0x12, 0x12, 0x12, 0x12, 0x10, 0x5D, 0xF7,
    0xFF, 0xFF, 0xFF, 0xFF, 0xFF, 0x29, 0xA6, 0xAE, 0xAE, 0xAE, 0xAE, 0xA8, 0x63, 0xF0, 0xF0, 0xF0,
    0xF0, 0xF0, 0xF0, 0xF0, 0xF0, 0xF0, 0xF0, 0xF0, 0xF0, 0xF0, 0xE4, 0x3A, 0x84, 0x06, 0xAE, 0xFF,
    0x12, 0xAE, 0xFF, 0x12, 0xAE, 0xFF, 0x12, 0xAE, 0xFF, 0x12, 0xAE, 0xFF, 0x12, 0xAE, 0xFF, 0x12,
    0xAE, 0xFF, 0x12, 0xAE, 0xFF, 0x12, 0xAE, 0xFF, 0x12, 0xAE, 0xFF, 0x12, 0xAE, 0xFF, 0x12, 0xAE,
    0xFF, 0x12, 0xAE, 0xFF, 0x12, 0xA5, 0xFF, 0x10, 0xA2, 0xDD, 0x70, 0xF0, 0x5A, 0xF0, 0x2D, 0x09,
    0x10, 0x06, 0x12, 0x04, 0x12, 0x01, 0xB4, 0xFF, 0x96, 0xFF, 0x78, 0xFF, 0x3C, 0x61, 0x9F, 0x43,
    0xAE, 0x36, 0xAE, 0x1B, 0xE4, 0xF0, 0x82, 0x79, 0xF0, 0xE1, 0x00, 0xE1, 0xF0, 0x8B, 0x2D, 0xF0,
    0xF0, 0x4C, 0xA5, 0xFF, 0x10, 0xAE, 0xFF, 0x12, 0x4E, 0xAE, 0x07, 0x48, 0xA2, 0x07, 0xAE, 0xFF,
    0x12, 0xA2, 0xFF, 0x10, 0x00, 0x00, 0x00, 0xA2, 0xFF, 0x10, 0xAE, 0xFF, 0x12, 0x54, 0xBA, 0x07,
    0x1B, 0x3C, 0x01, 0xAE, 0xFF, 0x12, 0xAE, 0xFF, 0x12, 0x2D, 0x66, 0x04, 0xDD, 0xB4, 0xBF, 0xC6,
    0xA6, 0xF0, 0x0D, 0x10, 0x0A, 0x0D, 0x0D, 0x09, 0x12, 0x00, 0xFF, 0xC8, 0xFF, 0xFF, 0xB9, 0xFF,
    0x12, 0x9F, 0x6C, 0x8A, 0x90, 0x64, 0xAE, 0x07, 0x1B, 0xF0, 0xF0, 0x51, 0xF0, 0xF0, 0x4C, 0xF0,
    0xE4, 0x79, 0xF0, 0x90, 0xD9, 0xF0, 0x4C, 0x0F, 0x24, 0x01, 0xAE, 0xFF, 0x12, 0xAE, 0xFF, 0x12,
    0x30, 0x6C, 0x04, 0xAE, 0xFF, 0x12, 0xAE, 0xFF, 0x12, 0x2D, 0x66, 0x04, 0xAE, 0xFF, 0x12, 0xA5,
    0xFF, 0x10, 0x48, 0xA2, 0x07, 0xAE, 0xFF, 0x12, 0x57, 0xA0, 0x09, 0x9D, 0xFF, 0x0F, 0xAE, 0xFF,
    0x12, 0x2D, 0x66, 0x04, 0xF0, 0xF0, 0xD4, 0x0D, 0x5A, 0x00, 0x00, 0x00, 0x5A, 0x00, 0x00, 0x00,
    0x5A, 0x00, 0x00, 0x00, 0x5A, 0x00, 0x00, 0x00, 0x5A, 0x00, 0x00, 0x00, 0x5A, 0x00, 0x00, 0x00,
    0x45, 0x00, 0x00, 0x00, 0x12, 0x12, 0x10, 0x00, 0xFF, 0xFF, 0xE1, 0x12, 0xCC, 0xAE, 0x99, 0x07,
    0x5A, 0x00, 0x00, 0x00, 0x5A, 0x00, 0x00, 0x00, 0x5A, 0x00, 0x00, 0x00, 0x5A, 0x00, 0x00, 0x00,
    0x5A, 0x00, 0x00, 0x00, 0x4C, 0x00, 0x00, 0x00, 0x82, 0xF0, 0xF0, 0xF0, 0xE8, 0xAE, 0xFF, 0x12,
    0x00, 0x00, 0xAE, 0xFF, 0x12, 0x00, 0x00, 0xAE, 0xFF, 0x12, 0x00, 0x00, 0xAE, 0xFF, 0x12, 0x00,
    0x00, 0xAE, 0xFF, 0x12, 0x00, 0x00, 0xAE, 0xFF, 0x12, 0x00, 0x00, 0x84, 0xF5, 0x0D, 0x00, 0x00,
    0x07, 0x12, 0x12, 0x12, 0x10, 0xAE, 0xFF, 0xFF, 0xFF, 0xFF, 0xAE, 0xFF, 0xB7, 0xAE, 0xA8, 0xAE,
    0xFF, 0x12, 0x00, 0x00, 0xAE, 0xFF, 0x12, 0x00, 0x00, 0xAE, 0xFF, 0x12, 0x00, 0x00, 0xAE, 0xFF,
    0x12, 0x00, 0x00, 0xAE, 0xFF, 0x12, 0x00, 0x00, 0x91, 0xFF, 0x0F, 0x00, 0x00, 0x00, 0x55, 0xF0,
    0xF0, 0xF0, 0xB4, 0x00, 0x00, 0x00, 0x00, 0x00, 0xF0, 0x00, 0x00, 0x00, 0x00, 0x00, 0xF0, 0x00,
    0x00, 0x00, 0x00, 0x00, 0xF0, 0x00, 0x00, 0x00, 0x00, 0x00, 0xF0, 0x00, 0x00, 0x00, 0x00, 0x00,
    0xF0, 0x00, 0x00, 0x00, 0x00, 0x00, 0xF0, 0x00, 0x00, 0x00, 0x00, 0x00, 0xB7, 0x00, 0x04, 0x12,
    0x12, 0x12, 0x0D, 0x00, 0x72, 0xFF, 0xFF, 0xFF, 0xF0, 0x00, 0x33, 0xAE, 0xAE, 0xAE, 0xF0, 0x00,
    0x00, 0x00, 0x00, 0x00, 0xF0, 0x00, 0x00, 0x00, 0x00, 0x00, 0xF0, 0x00, 0x00, 0x00, 0x00, 0x00,
    0xF0, 0x00, 0x00, 0x00, 0x00, 0x00, 0xF0, 0x00, 0x00, 0x00, 0x00, 0x00, 0xF0, 0x00, 0x00, 0x00,
    0x00, 0x00, 0xCA, 0x00, 0x6C, 0xF0, 0xF0, 0xF0, 0xF0, 0x0D, 0x00, 0x00, 0x00, 0x00, 0xAE, 0xFF,
    0x12, 0x00, 0x00, 0x00, 0x00, 0xAE, 0xFF, 0x12, 0x00, 0x00, 0x00, 0x00, 0xAE, 0xFF, 0x12, 0x00,
    0x00, 0x00, 0x00, 0xAE, 0xFF, 0x12, 0x00, 0x00, 0x00, 0x00, 0xAE, 0xFF, 0x12, 0x00, 0x00, 0x00,
    0x00, 0xAE, 0xFF, 0x12, 0x00, 0x00, 0x00, 0x00, 0x84, 0xF5, 0x0D, 0x00, 0x06, 0x12, 0x12, 0x12,
    0x12, 0x00, 0x00, 0x90, 0xFF, 0xFF, 0xFF, 0xFF, 0x12, 0x00, 0x40, 0xAE, 0xAE, 0xDF, 0xFF, 0x12,
    0x00, 0x00, 0x00, 0x00, 0xAE, 0xFF, 0x12, 0x00, 0x00, 0x00, 0x00, 0xAE, 0xFF, 0x12, 0x00, 0x00,
    0x00, 0x00, 0xAE, 0xFF, 0x12, 0x00, 0x00, 0x00, 0x00, 0xAE, 0xFF, 0x12, 0x00, 0x00, 0x00, 0x00,
    0xAE, 0xFF, 0x12, 0x00, 0x00, 0x00, 0x00, 0x91, 0xFF, 0x0F, 0x39, 0x00, 0x00, 0x00, 0x5A, 0x00,
    0x00, 0x00, 0x5A, 0x00, 0x00, 0x00, 0x5A, 0x00, 0x00, 0x00, 0x5A, 0x00, 0x00, 0x00, 0x5A, 0x00,
    0x00, 0x00, 0x5A, 0x00, 0x00, 0x00, 0xF6, 0xF0, 0xD4, 0x0D, 0x31, 0x00, 0x00, 0x00, 0x5A, 0x00,
    0x00, 0x00, 0x5A, 0x00, 0x00, 0x00, 0x5A, 0x00, 0x00, 0x00, 0x5A, 0x00, 0x00, 0x00, 0x5A, 0x00,
    0x00, 0x00, 0x66, 0x12, 0x10, 0x00, 0xFF, 0xFF, 0xE1, 0x12, 0xAE, 0xAE, 0x99, 0x07, 0x5B, 0xAA,
    0x09, 0x00, 0x00, 0xAE, 0xFF, 0x12, 0x00, 0x00, 0xAE, 0xFF, 0x12, 0x00, 0x00, 0xAE, 0xFF, 0x12,
    0x00, 0x00, 0xAE, 0xFF, 0x12, 0x00, 0x00, 0xAE, 0xFF, 0x12, 0x00, 0x00, 0xAE, 0xFF, 0x12, 0x00,
    0x00, 0xAE, 0xFF, 0xF3, 0xF0, 0xE8, 0x4E, 0xAE, 0x07, 0x00, 0x00, 0xAE, 0xFF, 0x12, 0x00, 0x00,
    0xAE, 0xFF, 0x12, 0x00, 0x00, 0xAE, 0xFF, 0x12, 0x00, 0x00, 0xAE, 0xFF, 0x12, 0x00, 0x00, 0xAE,
    0xFF, 0x12, 0x00, 0x00, 0xAE, 0xFF, 0x22, 0x12, 0x10, 0xAE, 0xFF, 0xFF, 0xFF, 0xFF, 0x4E, 0xAE,
    0xAE, 0xAE, 0xA8, 0x00, 0x00, 0x00, 0x00, 0x00, 0x99, 0x00, 0x00, 0x00, 0x00, 0x00, 0xF0, 0x00,
    0x00, 0x00, 0x00, 0x00, 0xF0, 0x00, 0x00, 0x00, 0x00, 0x00, 0xF0, 0x00, 0x00, 0x00, 0x00, 0x00,
    0xF0, 0x00, 0x00, 0x00, 0x00, 0x00, 0xF0, 0x00, 0x00, 0x00, 0x00, 0x00, 0xF0, 0x00, 0x55, 0xF0,
    0xF0, 0xF0, 0xF0, 0x00, 0x00, 0x00, 0x00, 0x00, 0x82, 0x00, 0x00, 0x00, 0x00, 0x00, 0xF0, 0x00,
    0x00, 0x00, 0x00, 0x00, 0xF0, 0x00, 0x00, 0x00, 0x00, 0x00, 0xF0, 0x00, 0x00, 0x00, 0x00, 0x00,
    0xF0, 0x00, 0x00, 0x00, 0x00, 0x00, 0xF0, 0x00, 0x04, 0x12, 0x12, 0x12, 0xF0, 0x00, 0x72, 0xFF,
    0xFF, 0xFF, 0xF0, 0x00, 0x33, 0xAE, 0xAE, 0xAE, 0x82, 0x00, 0x00, 0x00, 0x00, 0x5B, 0xAA, 0x09,
    0x00, 0x00, 0x00, 0x00, 0xAE, 0xFF, 0x12, 0x00, 0x00, 0x00, 0x00, 0xAE, 0xFF, 0x12, 0x00, 0x00,
    0x00, 0x00, 0xAE, 0xFF, 0x12, 0x00, 0x00, 0x00, 0x00, 0xAE, 0xFF, 0x12, 0x00, 0x00, 0x00, 0x00,
    0xAE, 0xFF, 0x12, 0x00, 0x00, 0x00, 0x00, 0xAE, 0xFF, 0x12, 0x00, 0x6C, 0xF0, 0xF0, 0xFF, 0xFF,
    0x12, 0x00, 0x00, 0x00, 0x00, 0x4E, 0xAE, 0x07, 0x00, 0x00, 0x00, 0x00, 0xAE, 0xFF, 0x12, 0x00,
    0x00, 0x00, 0x00, 0xAE, 0xFF, 0x12, 0x00, 0x00, 0x00, 0x00, 0xAE, 0xFF, 0x12, 0x00, 0x00, 0x00,
    0x00, 0xAE, 0xFF, 0x12, 0x00, 0x00, 0x00, 0x00, 0xAE, 0xFF, 0x12, 0x00, 0x06, 0x12, 0x12, 0xB7,
    0xFF, 0x12, 0x00, 0x90, 0xFF, 0xFF, 0xFF, 0xFF, 0x12, 0x00, 0x40, 0xAE, 0xAE, 0xAE, 0xAE, 0x07,
    0x25, 0x00, 0x00, 0x00, 0x5A, 0x00, 0x00, 0x00, 0x5A, 0x00, 0x00, 0x00, 0x5A, 0x00, 0x00, 0x00,
    0x5A, 0x00, 0x00, 0x00, 0x5A, 0x00, 0x00, 0x00, 0x5A, 0x00, 0x00, 0x00, 0xD0, 0xB4, 0x9F, 0x09,
    0x88, 0x42, 0x3A, 0x03, 0x5A, 0x00, 0x00, 0x00, 0x5A, 0x00, 0x00, 0x00, 0x5A, 0x00, 0x00, 0x00,
    0x5A, 0x00, 0x00, 0x00, 0x5A, 0x00, 0x00, 0x00, 0x56, 0x00, 0x00, 0x00, 0x25, 0x00, 0x00, 0x00,
    0x5A, 0x00, 0x00, 0x00, 0x5A, 0x00, 0x00, 0x00, 0x5A, 0x00, 0x00, 0x00, 0x5A, 0x00, 0x00, 0x00,
    0x5A, 0x00, 0x00, 0x00, 0x5A, 0x00, 0x00, 0x00, 0xFF, 0xFF, 0xE1, 0x10, 0xCD, 0xAF, 0x9A, 0x09,
    0x5A, 0x00, 0x00, 0x00, 0x5A, 0x00, 0x00, 0x00, 0x5A, 0x00, 0x00, 0x00, 0x5A, 0x00, 0x00, 0x00,
    0x5A, 0x00, 0x00, 0x00, 0x56, 0x00, 0x00, 0x00, 0x5B, 0xAA, 0x09, 0x00, 0x00, 0xAE, 0xFF, 0x12,
    0x00, 0x00, 0xAE, 0xFF, 0x12, 0x00, 0x00, 0xAE, 0xFF, 0x12, 0x00, 0x00, 0xAE, 0xFF, 0x12, 0x00,
    0x00, 0xAE, 0xFF, 0x12, 0x00, 0x00, 0xAE, 0xFF, 0x12, 0x00, 0x00, 0xAE, 0xFF, 0xF3, 0xF0, 0xE8,
    0x1E, 0xD7, 0x00, 0x00, 0x00, 0x1E, 0xD7, 0x00, 0x00, 0x00, 0x1E, 0xD7, 0x00, 0x00, 0x00, 0x1E,
    0xD7, 0x00, 0x00, 0x00, 0x1E, 0xD7, 0x00, 0x00, 0x00, 0x1E, 0xD7, 0x00, 0x00, 0x00, 0x16, 0xA3,
    0x00, 0x00, 0x00, 0x09, 0x58, 0x00, 0x00, 0x00, 0x1E, 0xD7, 0x00, 0x00, 0x00, 0x1E, 0xD7, 0x00,
    0x00, 0x00, 0x1E, 0xD7, 0x00, 0x00, 0x00, 0x1E, 0xD7, 0x00, 0x00, 0x00, 0x1E, 0xD7, 0x00, 0x00,
    0x00, 0x1E, 0xD7, 0x00, 0x00, 0x00, 0x6F, 0xFF, 0xB4, 0xB4, 0xAD, 0xAE, 0xFF, 0x55, 0x48, 0x45,
    0xAE, 0xFF, 0x12, 0x00, 0x00, 0xAE, 0xFF, 0x12, 0x00, 0x00, 0xAE, 0xFF, 0x12, 0x00, 0x00, 0xAE,
    0xFF, 0x12, 0x00, 0x00, 0xAE, 0xFF, 0x12, 0x00, 0x00, 0xA5, 0xFF, 0x10, 0x00, 0x00, 0x3A, 0x84,
    0x06, 0x00, 0x00, 0xAE, 0xFF, 0x12, 0x00, 0x00, 0xAE, 0xFF, 0x12, 0x00, 0x00, 0xAE, 0xFF, 0x12,
    0x00, 0x00, 0xAE, 0xFF, 0x12, 0x00, 0x00, 0xAE, 0xFF, 0x12, 0x00, 0x00, 0xAE, 0xFF, 0x12, 0x00,
    0x00, 0xAE, 0xFF, 0xBA, 0xB4, 0xAD, 0xAE, 0xFF, 0x4F, 0x42, 0x3F, 0xAE, 0xFF, 0x12, 0x00, 0x00,
    0xAE, 0xFF, 0x12, 0x00, 0x00, 0xAE, 0xFF, 0x12, 0x00, 0x00, 0xAE, 0xFF, 0x12, 0x00, 0x00, 0xAE,
    0xFF, 0x12, 0x00, 0x00, 0xA5, 0xFF, 0x10, 0x00, 0x00, 0x4E, 0xAE, 0x07, 0x00, 0x00, 0xAE, 0xFF,
    0x12, 0x00, 0x00, 0xAE, 0xFF, 0x12, 0x00, 0x00, 0xAE, 0xFF, 0x12, 0x00, 0x00, 0xAE, 0xFF, 0x12,
    0x00, 0x00, 0xAE, 0xFF, 0x12, 0x00, 0x00, 0xAE, 0xFF, 0x22, 0x12, 0x10, 0xAE, 0xFF, 0xFF, 0xFF,
    0xFF, 0x5E, 0xFF, 0xAE, 0xAE, 0xA8, 0x1E, 0xD7, 0x00, 0x00, 0x00, 0x1E, 0xD7, 0x00, 0x00, 0x00,
    0x1E, 0xD7, 0x00, 0x00, 0x00, 0x1E, 0xD7, 0x00, 0x00, 0x00, 0x1E, 0xD7, 0x00, 0x00, 0x00, 0x18,
    0xB5, 0x00, 0x00, 0x00, 0x0D, 0x73, 0x00, 0x00, 0x00, 0x1E, 0xD7, 0x00, 0x00, 0x00, 0x1E, 0xD7,
    0x00, 0x00, 0x00, 0x1E, 0xD7, 0x00, 0x00, 0x00, 0x1E, 0xD7, 0x00, 0x00, 0x00, 0x1E, 0xD7, 0x00,
    0x00, 0x00, 0x24, 0xDA, 0x12, 0x12, 0x10, 0xAE, 0xFF, 0xFF, 0xFF, 0xFF, 0xAE, 0xFF, 0xB7, 0xAE,
    0xA8, 0xAE, 0xFF, 0x12, 0x00, 0x00, 0xAE, 0xFF, 0x12, 0x00, 0x00, 0xAE, 0xFF, 0x12, 0x00, 0x00,
    0xAE, 0xFF, 0x12, 0x00, 0x00, 0xAE, 0xFF, 0x12, 0x00, 0x00, 0x91, 0xFF, 0x0F, 0x00, 0x00, 0x3A,
    0x84, 0x06, 0x00, 0x00, 0xAE, 0xFF, 0x12, 0x00, 0x00, 0xAE, 0xFF, 0x12, 0x00, 0x00, 0xAE, 0xFF,
    0x12, 0x00, 0x00, 0xAE, 0xFF, 0x12, 0x00, 0x00, 0xAE, 0xFF, 0x12, 0x00, 0x00, 0xAE, 0xFF, 0x12,
    0x00, 0x00, 0xAE, 0xFF, 0xFF, 0xFF, 0xFF, 0xAE, 0xFF, 0xB5, 0xAF, 0xA8, 0xAE, 0xFF, 0x12, 0x00,
    0x00, 0xAE, 0xFF, 0x12, 0x00, 0x00, 0xAE, 0xFF, 0x12, 0x00, 0x00, 0xAE, 0xFF, 0x12, 0x00, 0x00,
    0xAE, 0xFF, 0x12, 0x00, 0x00, 0xA5, 0xFF, 0x10, 0x00, 0x00, 0x00, 0x00, 0x00, 0x00, 0x00, 0x63,
    0x00, 0x00, 0x00, 0x00, 0x00, 0xF0, 0x00, 0x00, 0x00, 0x00, 0x00, 0xF0, 0x00, 0x00, 0x00, 0x00,
    0x00, 0xF0, 0x00, 0x00, 0x00, 0x00, 0x00, 0xF0, 0x00, 0x00, 0x00, 0x00, 0x00, 0xF0, 0x00, 0x00,
    0x00, 0x00, 0x00, 0xF0, 0x00, 0x3F, 0xB4, 0xB4, 0xB4, 0xF0, 0x00, 0x13, 0x42, 0x42, 0x42, 0xF0,
    0x00, 0x00, 0x00, 0x00, 0x00, 0xF0, 0x00, 0x00, 0x00, 0x00, 0x00, 0xF0, 0x00, 0x00, 0x00, 0x00,
    0x00, 0xF0, 0x00, 0x00, 0x00, 0x00, 0x00, 0xF0, 0x00, 0x00, 0x00, 0x00, 0x00, 0xF0, 0x00, 0x00,
    0x00, 0x00, 0x00, 0xE4, 0x00, 0x00, 0x00, 0x00, 0x00, 0x63, 0x00, 0x00, 0x00, 0x00, 0x00, 0xF0,
    0x00, 0x00, 0x00, 0x00, 0x00, 0xF0, 0x00, 0x00, 0x00, 0x00, 0x00, 0xF0, 0x00, 0x00, 0x00, 0x00,
    0x00, 0xF0, 0x00, 0x00, 0x00, 0x00, 0x00, 0xF0, 0x00, 0x00, 0x00, 0x00, 0x00, 0xF0, 0x00, 0x6A,
    0xFF, 0xFF, 0xFF, 0xF0, 0x00, 0x3D, 0xAF, 0xAF, 0xAF, 0xF0, 0x00, 0x00, 0x00, 0x00, 0x00, 0xF0,
    0x00, 0x00, 0x00, 0x00, 0x00, 0xF0, 0x00, 0x00, 0x00, 0x00, 0x00, 0xF0, 0x00, 0x00, 0x00, 0x00,
    0x00, 0xF0, 0x00, 0x00, 0x00, 0x00, 0x00, 0xF0, 0x00, 0x00, 0x00, 0x00, 0x00, 0xE4, 0x00, 0x00,
    0x00, 0x00, 0x54, 0xBA, 0x07, 0x00, 0x00, 0x00, 0x00, 0xAE, 0xFF, 0x12, 0x00, 0x00, 0x00, 0x00,
    0xAE, 0xFF, 0x12, 0x00, 0x00, 0x00, 0x00, 0xAE, 0xFF, 0x12, 0x00, 0x00, 0x00, 0x00, 0xAE, 0xFF,
    0x12, 0x00, 0x00, 0x00, 0x00, 0xAE, 0xFF, 0x12, 0x00, 0x00, 0x00, 0x00, 0xAE, 0xFF, 0x12, 0x00,
    0x64, 0xE1, 0xE1, 0xFF, 0xFF, 0x12, 0x00, 0x06, 0x12, 0x12, 0x2E, 0xDA, 0x00, 0x00, 0x00, 0x00,
    0x00, 0x1E, 0xD7, 0x00, 0x00, 0x00, 0x00, 0x00, 0x1E, 0xD7, 0x00, 0x00, 0x00, 0x00, 0x00, 0x1E,
    0xD7, 0x00, 0x00, 0x00, 0x00, 0x00, 0x1E, 0xD7, 0x00, 0x00, 0x00, 0x00, 0x00, 0x1E, 0xD7, 0x00,
    0x00, 0x00, 0x00, 0x00, 0x18, 0xAD, 0x00, 0x00, 0x00, 0x00, 0x00, 0x0F, 0x88, 0x00, 0x00, 0x00,
    0x00, 0x00, 0x1E, 0xD7, 0x00, 0x00, 0x00, 0x00, 0x00, 0x1E, 0xD7, 0x00, 0x00, 0x00, 0x00, 0x00,
    0x1E, 0xD7, 0x00, 0x00, 0x00, 0x00, 0x00, 0x1E, 0xD7, 0x00, 0x00, 0x00, 0x00, 0x00, 0x1E, 0xD7,
    0x00, 0x00, 0x00, 0x00, 0x00, 0x1E, 0xD7, 0x00, 0x00, 0x6C, 0xF0, 0xF0, 0xF6, 0xFF, 0x0D, 0x00,
    0x00, 0x00, 0x00, 0xAE, 0xFF, 0x12, 0x00, 0x00, 0x00, 0x00, 0xAE, 0xFF, 0x12, 0x00, 0x00, 0x00,
    0x00, 0xAE, 0xFF, 0x12, 0x00, 0x00, 0x00, 0x00, 0xAE, 0xFF, 0x12, 0x00, 0x00, 0x00, 0x00, 0xAE,
    0xFF, 0x12, 0x00, 0x00, 0x00, 0x00, 0xAE, 0xFF, 0x12, 0x00, 0x00, 0x00, 0x00, 0x84, 0xF5, 0x0D,
    0x00, 0x00, 0x00, 0x00, 0x3A, 0x84, 0x06, 0x00, 0x00, 0x00, 0x00, 0xAE, 0xFF, 0x12, 0x00, 0x00,
    0x00, 0x00, 0xAE, 0xFF, 0x12, 0x00, 0x00, 0x00, 0x00, 0xAE, 0xFF, 0x12, 0x00, 0x00, 0x00, 0x00,
    0xAE, 0xFF, 0x12, 0x00, 0x00, 0x00, 0x00, 0xAE, 0xFF, 0x12, 0x00, 0x00, 0x00, 0x00, 0xAE, 0xFF,
    0x12, 0x00, 0x51, 0xB4, 0xB4, 0xF2, 0xFF, 0x12, 0x00, 0x18, 0x42, 0x42, 0xAF, 0xFF, 0x12, 0x00,
    0x00, 0x00, 0x00, 0xAE, 0xFF, 0x12, 0x00, 0x00, 0x00, 0x00, 0xAE, 0xFF, 0x12, 0x00, 0x00, 0x00,
    0x00, 0xAE, 0xFF, 0x12, 0x00, 0x00, 0x00, 0x00, 0xAE, 0xFF, 0x12, 0x00, 0x00, 0x00, 0x00, 0xAE,
    0xFF, 0x12, 0x00, 0x00, 0x00, 0x00, 0xA5, 0xFF, 0x10, 0x00, 0x00, 0x00, 0x00, 0x73, 0xD7, 0x0C,
    0x00, 0x00, 0x00, 0x00, 0xAE, 0xFF, 0x12, 0x00, 0x00, 0x00, 0x00, 0xAE, 0xFF, 0x12, 0x00, 0x00,
    0x00, 0x00, 0xAE, 0xFF, 0x12, 0x00, 0x00, 0x00, 0x00, 0xAE, 0xFF, 0x12, 0x00, 0x00, 0x00, 0x00,
    0xAE, 0xFF, 0x12, 0x00, 0x25, 0x66, 0x66, 0xBF, 0xFF, 0x12, 0x00, 0x90, 0xFF, 0xFF, 0xFF, 0xFF,
    0x12, 0x00, 0x21, 0x5A, 0x5A, 0x70, 0xEE, 0x03, 0x00, 0x00, 0x00, 0x00, 0x1E, 0xD7, 0x00, 0x00,
    0x00, 0x00, 0x00, 0x1E, 0xD7, 0x00, 0x00, 0x00, 0x00, 0x00, 0x1E, 0xD7, 0x00, 0x00, 0x00, 0x00,
    0x00, 0x1E, 0xD7, 0x00, 0x00, 0x00, 0x00, 0x00, 0x1E, 0xD7, 0x00, 0x00, 0x00, 0x00, 0x00, 0x12,
    0xA0, 0x00, 0x00, 0x00, 0x00, 0x00, 0x0D, 0x73, 0x00, 0x00, 0x00, 0x00, 0x00, 0x1E, 0xD7, 0x00,
    0x00, 0x00, 0x00, 0x00, 0x1E, 0xD7, 0x00, 0x00, 0x00, 0x00, 0x00, 0x1E, 0xD7, 0x00, 0x00, 0x00,
    0x00, 0x00, 0x1E, 0xD7, 0x00, 0x00, 0x00, 0x00, 0x00, 0x1E, 0xD7, 0x00, 0x00, 0x06, 0x12, 0x12,
    0x2E, 0xDA, 0x00, 0x00, 0x90, 0xFF, 0xFF, 0xFF, 0xFF, 0x12, 0x00, 0x40, 0xAE, 0xAE, 0xDF, 0xFF,
    0x12, 0x00, 0x00, 0x00, 0x00, 0xAE, 0xFF, 0x12, 0x00, 0x00, 0x00, 0x00, 0xAE, 0xFF, 0x12, 0x00,
    0x00, 0x00, 0x00, 0xAE, 0xFF, 0x12, 0x00, 0x00, 0x00, 0x00, 0xAE, 0xFF, 0x12, 0x00, 0x00, 0x00,
    0x00, 0xAE, 0xFF, 0x12, 0x00, 0x00, 0x00, 0x00, 0x91, 0xFF, 0x0F, 0x00, 0x00, 0x00, 0x00, 0x3A,
    0x84, 0x06, 0x00, 0x00, 0x00, 0x00, 0xAE, 0xFF, 0x12, 0x00, 0x00, 0x00, 0x00, 0xAE, 0xFF, 0x12,
    0x00, 0x00, 0x00, 0x00, 0xAE, 0xFF, 0x12, 0x00, 0x00, 0x00, 0x00, 0xAE, 0xFF, 0x12, 0x00, 0x00,
    0x00, 0x00, 0xAE, 0xFF, 0x12, 0x00, 0x00, 0x00, 0x00, 0xAE, 0xFF, 0x12, 0x00, 0x87, 0xFF, 0xFF,
    0xFF, 0xFF, 0x12, 0x00, 0x4E, 0xAF, 0xAF, 0xF0, 0xFF, 0x12, 0x00, 0x00, 0x00, 0x00, 0xAE, 0xFF,
    0x12, 0x00, 0x00, 0x00, 0x00, 0xAE, 0xFF, 0x12, 0x00, 0x00, 0x00, 0x00, 0xAE, 0xFF, 0x12, 0x00,
    0x00, 0x00, 0x00, 0xAE, 0xFF, 0x12, 0x00, 0x00, 0x00, 0x00, 0xAE, 0xFF, 0x12, 0x00, 0x00, 0x00,
    0x00, 0xA5, 0xFF, 0x10, 0x45, 0xE7, 0xF0, 0xF0, 0xF0, 0xEF, 0xE8, 0x00, 0x00, 0x06, 0x7B, 0x2E,
    0x00, 0x00, 0x00, 0x00, 0x06, 0x7B, 0x2E, 0x00, 0x00, 0x00, 0x00, 0x06, 0x7B, 0x2E, 0x00, 0x00,
    0x00, 0x00, 0x06, 0x7B, 0x2E, 0x00, 0x00, 0x00, 0x00, 0x06, 0x7B, 0x2E, 0x00, 0x00, 0x00, 0x00,
    0x06, 0x7B, 0x2E, 0x00, 0x00, 0x00, 0x00, 0x05, 0x5D, 0x23, 0x00, 0x00, 0x01, 0x12, 0x12, 0x0F,
    0x00, 0x00, 0x00, 0x2B, 0xFF, 0xFF, 0xFF, 0xD7, 0xD7, 0x30, 0x13, 0xAE, 0xAE, 0xFF, 0x1E, 0x1E,
    0x04, 0x00, 0x00, 0x00, 0xF0, 0x00, 0x00, 0x00, 0x00, 0x00, 0x00, 0xF0, 0x00, 0x00, 0x00, 0x00,
    0x00, 0x00, 0xF0, 0x00, 0x00, 0x00, 0x00, 0x00, 0x00, 0xF0, 0x00, 0x00, 0x00, 0x00, 0x00, 0x00,
    0xF0, 0x00, 0x00, 0x00, 0x00, 0x00, 0x00, 0xCA, 0x00, 0x00, 0x00, 0x00, 0x00, 0x00, 0x09, 0x12,
    0x12, 0x10, 0x3E, 0xCF, 0xD9, 0xEF, 0xFF, 0xFF, 0xFF, 0x06, 0x1D, 0x24, 0x9C, 0xBF, 0xAE, 0xA8,
    0x00, 0x00, 0x06, 0x7B, 0x2E, 0x00, 0x00, 0x00, 0x00, 0x06, 0x7B, 0x2E, 0x00, 0x00, 0x00, 0x00,
    0x06, 0x7B, 0x2E, 0x00, 0x00, 0x00, 0x00, 0x06, 0x7B, 0x2E, 0x00, 0x00, 0x00, 0x00, 0x06, 0x7B,
    0x2E, 0x00, 0x00, 0x00, 0x00, 0x05, 0x67, 0x27, 0x00, 0x00, 0x04, 0x11, 0x12, 0x12, 0x12, 0x12,
    0x10, 0x5D, 0xF7, 0xFF, 0xFF, 0xFF, 0xFF, 0xFF, 0x29, 0xA6, 0xB1, 0xDE, 0xBF, 0xAE, 0xA8, 0x00,
    0x00, 0x06, 0x7B, 0x2E, 0x00, 0x00, 0x00, 0x00, 0x06, 0x7B, 0x2E, 0x00, 0x00, 0x00, 0x00, 0x06,
    0x7B, 0x2E, 0x00, 0x00, 0x00, 0x00, 0x06, 0x7B, 0x2E, 0x00, 0x00, 0x00, 0x00, 0x06, 0x7B, 0x2E,
    0x00, 0x00, 0x00, 0x00, 0x05, 0x67, 0x27, 0x00, 0x00, 0x45, 0xE7, 0xF0, 0xF0, 0xF0, 0xEF, 0xE8,
    0x00, 0x00, 0x25, 0xD7, 0x45, 0x00, 0x00, 0x00, 0x00, 0x25, 0xD7, 0x45, 0x00, 0x00, 0x00, 0x00,
    0x25, 0xD7, 0x45, 0x00, 0x00, 0x00, 0x00, 0x25, 0xD7, 0x45, 0x00, 0x00, 0x00, 0x00, 0x25, 0xD7,
    0x45, 0x00, 0x00, 0x00, 0x00, 0x25, 0xD7, 0x45, 0x00, 0x00, 0x00, 0x00, 0x1C, 0xBD, 0x3F, 0x00,
    0x00, 0x04, 0x11, 0x12, 0x12, 0x04, 0x00, 0x00, 0x5D, 0xF7, 0xFF, 0xFF, 0xE2, 0xD6, 0xCF, 0x29,
    0xA6, 0xB9, 0xEF, 0x5B, 0x1E, 0x1C, 0x00, 0x00, 0x25, 0xD7, 0x45, 0x00, 0x00, 0x00, 0x00, 0x25,
    0xD7, 0x45, 0x00, 0x00, 0x00, 0x00, 0x25, 0xD7, 0x45, 0x00, 0x00, 0x00, 0x00, 0x25, 0xD7, 0x45,
    0x00, 0x00, 0x00, 0x00, 0x25, 0xD7, 0x45, 0x00, 0x00, 0x00, 0x00, 0x1F, 0xC8, 0x42, 0x00, 0x00,
    0x00, 0x00, 0x02, 0x0D, 0x12, 0x12, 0x10, 0x3E, 0xCF, 0xE0, 0xFF, 0xFF, 0xFF, 0xFF, 0x06, 0x1D,
    0x40, 0xDE, 0xC6, 0xAE, 0xA8, 0x00, 0x00, 0x25, 0xD7, 0x45, 0x00, 0x00, 0x00, 0x00, 0x25, 0xD7,
    0x45, 0x00, 0x00, 0x00, 0x00, 0x25, 0xD7, 0x45, 0x00, 0x00, 0x00, 0x00, 0x25, 0xD7, 0x45, 0x00,
    0x00, 0x00, 0x00, 0x25, 0xD7, 0x45, 0x00, 0x00, 0x00, 0x00, 0x1F, 0xC8, 0x42, 0x00, 0x00, 0x04,
    0x11, 0x12, 0x12, 0x12, 0x12, 0x10, 0x5D, 0xF7, 0xFF, 0xFF, 0xFF, 0xFF, 0xFF, 0x29, 0xA6, 0xB9,
    0xEF, 0xC6, 0xAE, 0xA8, 0x00, 0x00, 0x25, 0xD7, 0x45, 0x00, 0x00, 0x00, 0x00, 0x25, 0xD7, 0x45,
    0x00, 0x00, 0x00, 0x00, 0x25, 0xD7, 0x45, 0x00, 0x00, 0x00, 0x00, 0x25, 0xD7, 0x45, 0x00, 0x00,
    0x00, 0x00, 0x25, 0xD7, 0x45, 0x00, 0x00, 0x00, 0x00, 0x1F, 0xC8, 0x42, 0x00, 0x00, 0x00, 0x00,
    0x03, 0x4C, 0x1D, 0x00, 0x00, 0x00, 0x00, 0x06, 0x7B, 0x2E, 0x00, 0x00, 0x00, 0x00, 0x06, 0x7B,
    0x2E, 0x00, 0x00, 0x00, 0x00, 0x06, 0x7B, 0x2E, 0x00, 0x00, 0x00, 0x00, 0x06, 0x7B, 0x2E, 0x00,
    0x00, 0x00, 0x00, 0x06, 0x7B, 0x2E, 0x00, 0x00, 0x00, 0x00, 0x06, 0x7B, 0x2E, 0x00, 0x00, 0x45,
    0xE7, 0xF1, 0xFB, 0xF3, 0xEF, 0xE8, 0x00, 0x00, 0x00, 0x82, 0x00, 0x00, 0x00, 0x00, 0x00, 0x00,
    0xF0, 0x00, 0x00, 0x00, 0x00, 0x00, 0x00, 0xF0, 0x00, 0x00, 0x00, 0x00, 0x00, 0x00, 0xF0, 0x00,
    0x00, 0x00, 0x00, 0x00, 0x00, 0xF0, 0x00, 0x00, 0x00, 0x00, 0x00, 0x00, 0xF0, 0x00, 0x00, 0x00,
    0x03, 0x12, 0x12, 0xF0, 0x00, 0x00, 0x00, 0x51, 0xFF, 0xFF, 0xFF, 0xD7, 0xD7, 0x0C, 0x24, 0xAE,
    0xAE, 0x8A, 0x1E, 0x1E, 0x00, 0x00, 0x00, 0x00, 0x82, 0x00, 0x00, 0x00, 0x00, 0x00, 0x00, 0xF0,
    0x00, 0x00, 0x00, 0x00, 0x00, 0x00, 0xF0, 0x00, 0x00, 0x00, 0x00, 0x00, 0x00, 0xF0, 0x00, 0x00,
    0x00, 0x00, 0x00, 0x00, 0xF0, 0x00, 0x00, 0x00, 0x00, 0x00, 0x00, 0xF0, 0x00, 0x00, 0x00, 0x00,
    0x00, 0x00, 0xF3, 0x12, 0x12, 0x00, 0x36, 0xD7, 0xD7, 0xFF, 0xFF, 0xFF, 0x12, 0x05, 0x1E, 0x1E,
    0xAE, 0xAE, 0xAE, 0x07, 0x00, 0x00, 0x03, 0x40, 0x19, 0x00, 0x00, 0x00, 0x00, 0x06, 0x7B, 0x2E,
    0x00, 0x00, 0x00, 0x00, 0x06, 0x7B, 0x2E, 0x00, 0x00, 0x00, 0x00, 0x06, 0x7B, 0x2E, 0x00, 0x00,
    0x00, 0x00, 0x06, 0x7B, 0x2E, 0x00, 0x00, 0x00, 0x00, 0x06, 0x7B, 0x2E, 0x00, 0x00, 0x04, 0x11,
    0x18, 0x84, 0x3D, 0x12, 0x10, 0x5D, 0xF7, 0xFF, 0xFF, 0xFF, 0xFF, 0xFF, 0x29, 0xA6, 0xAE, 0xAE,
    0xAE, 0xAE, 0xA8, 0x00, 0x00, 0x14, 0x83, 0x2C, 0x00, 0x00, 0x00, 0x00, 0x25, 0xD7, 0x45, 0x00,
    0x00, 0x00, 0x00, 0x25, 0xD7, 0x45, 0x00, 0x00, 0x00, 0x00, 0x25, 0xD7, 0x45, 0x00, 0x00, 0x00,
    0x00, 0x25, 0xD7, 0x45, 0x00, 0x00, 0x00, 0x00, 0x25, 0xD7, 0x45, 0x00, 0x00, 0x00, 0x00, 0x25,
    0xD7, 0x45, 0x00, 0x00, 0x45, 0xE7, 0xF3, 0xFF, 0xF6, 0xEF, 0xE8, 0x00, 0x00, 0x11, 0x7E, 0x2B,
    0x00, 0x00, 0x00, 0x00, 0x25, 0xD7, 0x45, 0x00, 0x00, 0x00, 0x00, 0x25, 0xD7, 0x45, 0x00, 0x00,
    0x00, 0x00, 0x25, 0xD7, 0x45, 0x00, 0x00, 0x00, 0x00, 0x25, 0xD7, 0x45, 0x00, 0x00, 0x00, 0x00,
    0x25, 0xD7, 0x45, 0x00, 0x00, 0x04, 0x11, 0x35, 0xDB, 0x45, 0x00, 0x00, 0x5D, 0xF7, 0xFF, 0xFF,
    0xE2, 0xD6, 0xCF, 0x29, 0xA6, 0xAE, 0xAE, 0x42, 0x1E, 0x1C, 0x00, 0x00, 0x11, 0x7E, 0x2B, 0x00,
    0x00, 0x00, 0x00, 0x25, 0xD7, 0x45, 0x00, 0x00, 0x00, 0x00, 0x25, 0xD7, 0x45, 0x00, 0x00, 0x00,
    0x00, 0x25, 0xD7, 0x45, 0x00, 0x00, 0x00, 0x00, 0x25, 0xD7, 0x45, 0x00, 0x00, 0x00, 0x00, 0x25,
    0xD7, 0x45, 0x00, 0x00, 0x00, 0x00, 0x25, 0xD7, 0x51, 0x12, 0x10, 0x3E, 0xCF, 0xE0, 0xFF, 0xFF,
    0xFF, 0xFF, 0x06, 0x1D, 0x2C, 0x86, 0xAE, 0xAE, 0xA8, 0x00, 0x00, 0x11, 0x7E, 0x2B, 0x00, 0x00,
    0x00, 0x00, 0x25, 0xD7, 0x45, 0x00, 0x00, 0x00, 0x00, 0x25, 0xD7, 0x45, 0x00, 0x00, 0x00, 0x00,
    0x25, 0xD7, 0x45, 0x00, 0x00, 0x00, 0x00, 0x25, 0xD7, 0x45, 0x00, 0x00, 0x00, 0x00, 0x25, 0xD7,
    0x45, 0x00, 0x00, 0x04, 0x11, 0x35, 0xDB, 0x51, 0x12, 0x10, 0x5D, 0xF7, 0xFF, 0xFF, 0xFF, 0xFF,
    0xFF, 0x29, 0xA6, 0xAE, 0xAE, 0xAE, 0xAE, 0xA8, 0x00, 0x00, 0x02, 0x31, 0x13, 0x00, 0x00, 0x00,
    0x00, 0x06, 0x7B, 0x2E, 0x00, 0x00, 0x00, 0x00, 0x06, 0x7B, 0x2E, 0x00, 0x00, 0x00, 0x00, 0x06,
    0x7B, 0x2E, 0x00, 0x00, 0x00, 0x00, 0x06, 0x7B, 0x2E, 0x00, 0x00, 0x00, 0x00, 0x06, 0x7B, 0x2E,
    0x00, 0x00, 0x00, 0x00, 0x06, 0x7B, 0x2E, 0x00, 0x00, 0x34, 0xAD, 0xB6, 0xDF, 0xC4, 0xB4, 0xAD,
    0x0F, 0x3F, 0x47, 0xA1, 0x66, 0x42, 0x3F, 0x00, 0x00, 0x06, 0x7B, 0x2E, 0x00, 0x00, 0x00, 0x00,
    0x06, 0x7B, 0x2E, 0x00, 0x00, 0x00, 0x00, 0x06, 0x7B, 0x2E, 0x00, 0x00, 0x00, 0x00, 0x06, 0x7B,
    0x2E, 0x00, 0x00, 0x00, 0x00, 0x06, 0x7B, 0x2E, 0x00, 0x00, 0x00, 0x00, 0x06, 0x74, 0x2C, 0x00,
    0x00, 0x00, 0x00, 0x00, 0x63, 0x00, 0x00, 0x00, 0x00, 0x00, 0x00, 0xF0, 0x00, 0x00, 0x00, 0x00,
    0x00, 0x00, 0xF0, 0x00, 0x00, 0x00, 0x00, 0x00, 0x00, 0xF0, 0x00, 0x00, 0x00, 0x00, 0x00, 0x00,
    0xF0, 0x00, 0x00, 0x00, 0x00, 0x00, 0x00, 0xF0, 0x00, 0x00, 0x00, 0x00, 0x00, 0x00, 0xF0, 0x00,
    0x00, 0x00, 0x4C, 0xFF, 0xFF, 0xFF, 0xB4, 0xB4, 0x09, 0x2C, 0xAF, 0xAF, 0xFD, 0x42, 0x42, 0x03,
    0x00, 0x00, 0x00, 0xF0, 0x00, 0x00, 0x00, 0x00, 0x00, 0x00, 0xF0, 0x00, 0x00, 0x00, 0x00, 0x00,
    0x00, 0xF0, 0x00, 0x00, 0x00, 0x00, 0x00, 0x00, 0xF0, 0x00, 0x00, 0x00, 0x00, 0x00, 0x00, 0xF0,
    0x00, 0x00, 0x00, 0x00, 0x00, 0x00, 0xE4, 0x00, 0x00, 0x00, 0x00, 0x00, 0x00, 0x63, 0x00, 0x00,
    0x00, 0x00, 0x00, 0x00, 0xF0, 0x00, 0x00, 0x00, 0x00, 0x00, 0x00, 0xF0, 0x00, 0x00, 0x00, 0x00,
    0x00, 0x00, 0xF0, 0x00, 0x00, 0x00, 0x00, 0x00, 0x00, 0xF0, 0x00, 0x00, 0x00, 0x00, 0x00, 0x00,
    0xF0, 0x00, 0x00, 0x00, 0x00, 0x00, 0x00, 0xF0, 0x00, 0x00, 0x00, 0x2D, 0xB4, 0xB4, 0xFF, 0xFF,
    0xFF, 0x10, 0x0E, 0x42, 0x42, 0xFF, 0xAF, 0xAF, 0x09, 0x00, 0x00, 0x00, 0xF0, 0x00, 0x00, 0x00,
    0x00, 0x00, 0x00, 0xF0, 0x00, 0x00, 0x00, 0x00, 0x00, 0x00, 0xF0, 0x00, 0x00, 0x00, 0x00, 0x00,
    0x00, 0xF0, 0x00, 0x00, 0x00, 0x00, 0x00, 0x00, 0xF0, 0x00, 0x00, 0x00, 0x00, 0x00, 0x00, 0xE4,
    0x00, 0x00, 0x00, 0x00, 0x00, 0x02, 0x31, 0x13, 0x00, 0x00, 0x00, 0x00, 0x06, 0x7B, 0x2E, 0x00,
    0x00, 0x00, 0x00, 0x06, 0x7B, 0x2E, 0x00, 0x00, 0x00, 0x00, 0x06, 0x7B, 0x2E, 0x00, 0x00, 0x00,
    0x00, 0x06, 0x7B, 0x2E, 0x00, 0x00, 0x00, 0x00, 0x06, 0x7B, 0x2E, 0x00, 0x00, 0x00, 0x00, 0x06,
    0x7B, 0x2E, 0x00, 0x00, 0x57, 0xF6, 0xFF, 0xFF, 0xFF, 0xFF, 0xFF, 0x32, 0xA8, 0xB1, 0xDD, 0xC0,
    0xAF, 0xA8, 0x00, 0x00, 0x06, 0x7B, 0x2E, 0x00, 0x00, 0x00, 0x00, 0x06, 0x7B, 0x2E, 0x00, 0x00,
    0x00, 0x00, 0x06, 0x7B, 0x2E, 0x00, 0x00, 0x00, 0x00, 0x06, 0x7B, 0x2E, 0x00, 0x00, 0x00, 0x00,
    0x06, 0x7B, 0x2E, 0x00, 0x00, 0x00, 0x00, 0x06, 0x74, 0x2C, 0x00, 0x00, 0x00, 0x00, 0x14, 0x83,
    0x2C, 0x00, 0x00, 0x00, 0x00, 0x25, 0xD7, 0x45, 0x00, 0x00, 0x00, 0x00, 0x25, 0xD7, 0x45, 0x00,
    0x00, 0x00, 0x00, 0x25, 0xD7, 0x45, 0x00, 0x00, 0x00, 0x00, 0x25, 0xD7, 0x45, 0x00, 0x00, 0x00,
    0x00, 0x25, 0xD7, 0x45, 0x00, 0x00, 0x00, 0x00, 0x25, 0xD7, 0x45, 0x00, 0x00, 0x45, 0xE7, 0xF3,
    0xFF, 0xF6, 0xEF, 0xE8, 0x00, 0x00, 0x06, 0x7B, 0x2E, 0x00, 0x00, 0x00, 0x00, 0x06, 0x7B, 0x2E,
    0x00, 0x00, 0x00, 0x00, 0x06, 0x7B, 0x2E, 0x00, 0x00, 0x00, 0x00, 0x06, 0x7B, 0x2E, 0x00, 0x00,
    0x00, 0x00, 0x06, 0x7B, 0x2E, 0x00, 0x00, 0x00, 0x00, 0x06, 0x7B, 0x2E, 0x00, 0x00, 0x00, 0x00,
    0x05, 0x5D, 0x23, 0x00, 0x00, 0x00, 0x00, 0x03, 0x4C, 0x1D, 0x00, 0x00, 0x00, 0x00, 0x06, 0x7B,
    0x2E, 0x00, 0x00, 0x00, 0x00, 0x06, 0x7B, 0x2E, 0x00, 0x00, 0x00, 0x00, 0x06, 0x7B, 0x2E, 0x00,
    0x00, 0x00, 0x00, 0x06, 0x7B, 0x2E, 0x00, 0x00, 0x00, 0x00, 0x06, 0x7B, 0x2E, 0x00, 0x00, 0x00,
    0x00, 0x06, 0x7B, 0x2E, 0x00, 0x00, 0x45, 0xE7, 0xF1, 0xFB, 0xF3, 0xEF, 0xE8, 0x00, 0x00, 0x25,
    0xD7, 0x45, 0x00, 0x00, 0x00, 0x00, 0x25, 0xD7, 0x45, 0x00, 0x00, 0x00, 0x00, 0x25, 0xD7, 0x45,
    0x00, 0x00, 0x00, 0x00, 0x25, 0xD7, 0x45, 0x00, 0x00, 0x00, 0x00, 0x25, 0xD7, 0x45, 0x00, 0x00,
    0x00, 0x00, 0x25, 0xD7, 0x45, 0x00, 0x00, 0x00, 0x00, 0x1C, 0xBD, 0x3F, 0x00, 0x00, 0x00, 0x00,
    0x0C, 0x5F, 0x21, 0x00, 0x00, 0x00, 0x00, 0x25, 0xD7, 0x45, 0x00, 0x00, 0x00, 0x00, 0x25, 0xD7,
    0x45, 0x00, 0x00, 0x00, 0x00, 0x25, 0xD7, 0x45, 0x00, 0x00, 0x00, 0x00, 0x25, 0xD7, 0x45, 0x00,
    0x00, 0x00, 0x00, 0x25, 0xD7, 0x45, 0x00, 0x00, 0x00, 0x00, 0x25, 0xD7, 0x45, 0x00, 0x00, 0x34,
    0xAD, 0xC1, 0xF9, 0xC9, 0xB4, 0xAD, 0x0F, 0x3F, 0x59, 0xD7, 0x75, 0x42, 0x3F, 0x00, 0x00, 0x25,
    0xD7, 0x45, 0x00, 0x00, 0x00, 0x00, 0x25, 0xD7, 0x45, 0x00, 0x00, 0x00, 0x00, 0x25, 0xD7, 0x45,
    0x00, 0x00, 0x00, 0x00, 0x25, 0xD7, 0x45, 0x00, 0x00, 0x00, 0x00, 0x25, 0xD7, 0x45, 0x00, 0x00,
    0x00, 0x00, 0x23, 0xD2, 0x43, 0x00, 0x00, 0x00, 0x00, 0x19, 0xA5, 0x38, 0x00, 0x00, 0x00, 0x00,
    0x25, 0xD7, 0x45, 0x00, 0x00, 0x00, 0x00, 0x25, 0xD7, 0x45, 0x00, 0x00, 0x00, 0x00, 0x25, 0xD7,
    0x45, 0x00, 0x00, 0x00, 0x00, 0x25, 0xD7, 0x45, 0x00, 0x00, 0x00, 0x00, 0x25, 0xD7, 0x45, 0x00,
    0x00, 0x18, 0x61, 0x79, 0xDF, 0x45, 0x00, 0x00, 0x5D, 0xF7, 0xFF, 0xFF, 0xF6, 0xEF, 0xE8, 0x15,
    0x56, 0x5F, 0xAF, 0x35, 0x00, 0x00, 0x00, 0x00, 0x06, 0x7B, 0x2E, 0x00, 0x00, 0x00, 0x00, 0x06,
    0x7B, 0x2E, 0x00, 0x00, 0x00, 0x00, 0x06, 0x7B, 0x2E, 0x00, 0x00, 0x00, 0x00, 0x06, 0x7B, 0x2E,
    0x00, 0x00, 0x00, 0x00, 0x06, 0x7B, 0x2E, 0x00, 0x00, 0x00, 0x00, 0x04, 0x59, 0x22, 0x00, 0x00,
    0x00, 0x00, 0x11, 0x7E, 0x2B, 0x00, 0x00, 0x00, 0x00, 0x25, 0xD7, 0x45, 0x00, 0x00, 0x00, 0x00,
    0x25, 0xD7, 0x45, 0x00, 0x00, 0x00, 0x00, 0x25, 0xD7, 0x45, 0x00, 0x00, 0x00, 0x00, 0x25, 0xD7,
    0x45, 0x00, 0x00, 0x00, 0x00, 0x25, 0xD7, 0x45, 0x00, 0x00, 0x00, 0x00, 0x25, 0xD7, 0x51, 0x12,
    0x10, 0x3E, 0xCF, 0xE0, 0xFF, 0xFF, 0xFF, 0xFF, 0x06, 0x1D, 0x2F, 0xB7, 0xBF, 0xAE, 0xA8, 0x00,
    0x00, 0x06, 0x7B, 0x2E, 0x00, 0x00, 0x00, 0x00, 0x06, 0x7B, 0x2E, 0x00, 0x00, 0x00, 0x00, 0x06,
    0x7B, 0x2E, 0x00, 0x00, 0x00, 0x00, 0x06, 0x7B, 0x2E, 0x00, 0x00, 0x00, 0x00, 0x06, 0x7B, 0x2E,
    0x00, 0x00, 0x00, 0x00, 0x05, 0x67, 0x27, 0x00, 0x00, 0x00, 0x00, 0x03, 0x40, 0x19, 0x00, 0x00,
    0x00, 0x00, 0x06, 0x7B, 0x2E, 0x00, 0x00, 0x00, 0x00, 0x06, 0x7B, 0x2E, 0x00, 0x00, 0x00, 0x00,
    0x06, 0x7B, 0x2E, 0x00, 0x00, 0x00, 0x00, 0x06, 0x7B, 0x2E, 0x00, 0x00, 0x00, 0x00, 0x06, 0x7B,
    0x2E, 0x00, 0x00, 0x04, 0x11, 0x18, 0x84, 0x2F, 0x00, 0x00, 0x5D, 0xF7, 0xFF, 0xFF, 0xE2, 0xD6,
    0xCF, 0x29, 0xA6, 0xB9, 0xEF, 0x5B, 0x1E, 0x1C, 0x00, 0x00, 0x25, 0xD7, 0x45, 0x00, 0x00, 0x00,
    0x00, 0x25, 0xD7, 0x45, 0x00, 0x00, 0x00, 0x00, 0x25, 0xD7, 0x45, 0x00, 0x00, 0x00, 0x00, 0x25,
    0xD7, 0x45, 0x00, 0x00, 0x00, 0x00, 0x25, 0xD7, 0x45, 0x00, 0x00, 0x00, 0x00, 0x1F, 0xC8, 0x42,
    0x00, 0x00, 0x00, 0x00, 0x03, 0x40, 0x19, 0x00, 0x00, 0x00, 0x00, 0x06, 0x7B, 0x2E, 0x00, 0x00,
    0x00, 0x00, 0x06, 0x7B, 0x2E, 0x00, 0x00, 0x00, 0x00, 0x06, 0x7B, 0x2E, 0x00, 0x00, 0x00, 0x00,
    0x06, 0x7B, 0x2E, 0x00, 0x00, 0x00, 0x00, 0x06, 0x7B, 0x2E, 0x00, 0x00, 0x00, 0x00, 0x08, 0x7F,
    0x3D, 0x12, 0x10, 0x3E, 0xCF, 0xE0, 0xFF, 0xFF, 0xFF, 0xFF, 0x06, 0x1D, 0x40, 0xDE, 0xC6, 0xAE,
    0xA8, 0x00, 0x00, 0x25, 0xD7, 0x45, 0x00, 0x00, 0x00, 0x00, 0x25, 0xD7, 0x45, 0x00, 0x00, 0x00,
    0x00, 0x25, 0xD7, 0x45, 0x00, 0x00, 0x00, 0x00, 0x25, 0xD7, 0x45, 0x00, 0x00, 0x00, 0x00, 0x25,
    0xD7, 0x45, 0x00, 0x00, 0x00, 0x00, 0x1F, 0xC8, 0x42, 0x00, 0x00, 0x00, 0x00, 0x11, 0x7E, 0x2B,
    0x00, 0x00, 0x00, 0x00, 0x25, 0xD7, 0x45, 0x00, 0x00, 0x00, 0x00, 0x25, 0xD7, 0x45, 0x00, 0x00,
    0x00, 0x00, 0x25, 0xD7, 0x45, 0x00, 0x00, 0x00, 0x00, 0x25, 0xD7, 0x45, 0x00, 0x00, 0x00, 0x00,
    0x25, 0xD7, 0x45, 0x00, 0x00, 0x04, 0x11, 0x35, 0xDB, 0x51, 0x12, 0x10, 0x5D, 0xF7, 0xFF, 0xFF,
    0xFF, 0xFF, 0xFF, 0x29, 0xA6, 0xB1, 0xDE, 0xBF, 0xAE, 0xA8, 0x00, 0x00, 0x06, 0x7B, 0x2E, 0x00,
    0x00, 0x00, 0x00, 0x06, 0x7B, 0x2E, 0x00, 0x00, 0x00, 0x00, 0x06, 0x7B, 0x2E, 0x00, 0x00, 0x00,
    0x00, 0x06, 0x7B, 0x2E, 0x00, 0x00, 0x00, 0x00, 0x06, 0x7B, 0x2E, 0x00, 0x00, 0x00, 0x00, 0x05,
    0x67, 0x27, 0x00, 0x00, 0x00, 0x00, 0x03, 0x40, 0x19, 0x00, 0x00, 0x00, 0x00, 0x06, 0x7B, 0x2E,
    0x00, 0x00, 0x00, 0x00, 0x06, 0x7B, 0x2E, 0x00, 0x00, 0x00, 0x00, 0x06, 0x7B, 0x2E, 0x00, 0x00,
    0x00, 0x00, 0x06, 0x7B, 0x2E, 0x00, 0x00, 0x00, 0x00, 0x06, 0x7B, 0x2E, 0x00, 0x00, 0x04, 0x11,
    0x18, 0x84, 0x3D, 0x12, 0x10, 0x5D, 0xF7, 0xFF, 0xFF, 0xFF, 0xFF, 0xFF, 0x29, 0xA6, 0xB9, 0xEF,
    0xC6, 0xAE, 0xA8, 0x00, 0x00, 0x25, 0xD7, 0x45, 0x00, 0x00, 0x00, 0x00, 0x25, 0xD7, 0x45, 0x00,
    0x00, 0x00, 0x00, 0x25, 0xD7, 0x45, 0x00, 0x00, 0x00, 0x00, 0x25, 0xD7, 0x45, 0x00, 0x00, 0x00,
    0x00, 0x25, 0xD7, 0x45, 0x00, 0x00, 0x00, 0x00, 0x1F, 0xC8, 0x42, 0x00, 0x00, 0x00, 0x00, 0x0C,
    0x5F, 0x21, 0x00, 0x00, 0x00, 0x00, 0x25, 0xD7, 0x45, 0x00, 0x00, 0x00, 0x00, 0x25, 0xD7, 0x45,
    0x00, 0x00, 0x00, 0x00, 0x25, 0xD7, 0x45, 0x00, 0x00, 0x00, 0x00, 0x25, 0xD7, 0x45, 0x00, 0x00,
    0x00, 0x00, 0x25, 0xD7, 0x45, 0x00, 0x00, 0x00, 0x00, 0x25, 0xD7, 0x45, 0x00, 0x00, 0x57, 0xF6,
    0xFF, 0xFF, 0xC9, 0xB4, 0xAD, 0x32, 0xA8, 0xBD, 0xF8, 0x75, 0x42, 0x3F, 0x00, 0x00, 0x25, 0xD7,
    0x45, 0x00, 0x00, 0x00, 0x00, 0x25, 0xD7, 0x45, 0x00, 0x00, 0x00, 0x00, 0x25, 0xD7, 0x45, 0x00,
    0x00, 0x00, 0x00, 0x25, 0xD7, 0x45, 0x00, 0x00, 0x00, 0x00, 0x25, 0xD7, 0x45, 0x00, 0x00, 0x00,
    0x00, 0x23, 0xD2, 0x43, 0x00, 0x00, 0x00, 0x00, 0x0C, 0x5F, 0x21, 0x00, 0x00, 0x00, 0x00, 0x25,
    0xD7, 0x45, 0x00, 0x00, 0x00, 0x00, 0x25, 0xD7, 0x45, 0x00, 0x00, 0x00, 0x00, 0x25, 0xD7, 0x45,
    0x00, 0x00, 0x00, 0x00, 0x25, 0xD7, 0x45, 0x00, 0x00, 0x00, 0x00, 0x25, 0xD7, 0x45, 0x00, 0x00,
    0x00, 0x00, 0x25, 0xD7, 0x45, 0x00, 0x00, 0x34, 0xAD, 0xC1, 0xF9, 0xFF, 0xFF, 0xFF, 0x0F, 0x3F,
    0x59, 0xD7, 0xC5, 0xAF, 0xA8, 0x00, 0x00, 0x25, 0xD7, 0x45, 0x00, 0x00, 0x00, 0x00, 0x25, 0xD7,
    0x45, 0x00, 0x00, 0x00, 0x00, 0x25, 0xD7, 0x45, 0x00, 0x00, 0x00, 0x00, 0x25, 0xD7, 0x45, 0x00,
    0x00, 0x00, 0x00, 0x25, 0xD7, 0x45, 0x00, 0x00, 0x00, 0x00, 0x23, 0xD2, 0x43, 0x00, 0x00, 0x00,
    0x00, 0x0C, 0x5F, 0x21, 0x00, 0x00, 0x00, 0x00, 0x25, 0xD7, 0x45, 0x00, 0x00, 0x00, 0x00, 0x25,
    0xD7, 0x45, 0x00, 0x00, 0x00, 0x00, 0x25, 0xD7, 0x45, 0x00, 0x00, 0x00, 0x00, 0x25, 0xD7, 0x45,
    0x00, 0x00, 0x00, 0x00, 0x25, 0xD7, 0x45, 0x00, 0x00, 0x00, 0x00, 0x25, 0xD7, 0x45, 0x00, 0x00,
    0x57, 0xF6, 0xFF, 0xFF, 0xFF, 0xFF, 0xFF, 0x32, 0xA8, 0xBD, 0xF8, 0xC5, 0xAF, 0xA8, 0x00, 0x00,
    0x25, 0xD7, 0x45, 0x00, 0x00, 0x00, 0x00, 0x25, 0xD7, 0x45, 0x00, 0x00, 0x00, 0x00, 0x25, 0xD7,
    0x45, 0x00, 0x00, 0x00, 0x00, 0x25, 0xD7, 0x45, 0x00, 0x00, 0x00, 0x00, 0x25, 0xD7, 0x45, 0x00,
    0x00, 0x00, 0x00, 0x23, 0xD2, 0x43, 0x00, 0x00, 0x16, 0xF0, 0xA2, 0x00, 0xB0, 0xDD, 0x00, 0x12,
    0x09, 0x00, 0x0C, 0x10, 0x1E, 0xFF, 0xB4, 0x00, 0xEB, 0xFF, 0x0D, 0xAE, 0x61, 0x00, 0x7F, 0x9F,
    0xE4, 0xF0, 0xF0, 0x16, 0x00, 0x00, 0xE4, 0xF0, 0xF0, 0x1B, 0xA5, 0xFF, 0x10, 0xAE, 0xFF, 0x12,
    0xAE, 0xFF, 0x12, 0x0D, 0x1E, 0x00, 0x00, 0x00, 0x00, 0x00, 0x00, 0x00, 0xA5, 0xFF, 0x10, 0xAE,
    0xFF, 0x12, 0xAE, 0xFF, 0x12, 0x0F, 0x24, 0x01, 0x27, 0x9B, 0xA2, 0xA2, 0xA2, 0xA2, 0x9C, 0x1E,
    0x78, 0x7E, 0x7E, 0x7E, 0x7E, 0x79, 0x45, 0xE7, 0xF0, 0xF0, 0xF0, 0xEF, 0xE8, 0x63, 0x2A, 0x37,
    0xF0, 0x7E, 0xA2, 0xF0, 0x7E, 0xA2, 0xF0, 0x7E, 0xA2, 0xF0, 0x7E, 0xA2, 0xF0, 0x7E, 0xA2, 0xF0,
    0x7E, 0xA2, 0xF0, 0x7E, 0xA2, 0xF0, 0x7E, 0xA2, 0xF0, 0x7E, 0xA2, 0xF0, 0x7E, 0xA2, 0xF0, 0x7E,
    0xA2, 0xF0, 0x7E, 0xA2, 0xF0, 0x7E, 0xA2, 0xE4, 0x78, 0x99, 0xA2, 0xA2, 0x8F, 0x07, 0xAE, 0x7E,
    0x6F, 0x04, 0xF6, 0xF0, 0xD4, 0x0D, 0x5A, 0x00, 0x00, 0x00, 0x5A, 0x00, 0x00, 0x00, 0x5A, 0x00,
    0x00, 0x00, 0x5A, 0x00, 0x00, 0x00, 0x5A, 0x00, 0x00, 0x00, 0x4C, 0x00, 0x00, 0x00, 0xC6, 0xF0,
    0xF0, 0xF0, 0xE8, 0xF0, 0x7E, 0xA2, 0x00, 0x00, 0xF0, 0x7E, 0xA2, 0x00, 0x00, 0xF0, 0x7E, 0xA2,
    0x00, 0x00, 0xF0, 0x7E, 0xA2, 0x00, 0x00, 0xF0, 0x7E, 0xA2, 0x00, 0x00, 0xF0, 0x7E, 0xA2, 0x00,
    0x00, 0xB7, 0x60, 0x7B, 0x00, 0x00, 0x85, 0xA2, 0xA2, 0xA2, 0x9C, 0xF7, 0x7E, 0x7E, 0x7E, 0x79,
    0xF0, 0x73, 0xFF, 0xF0, 0xE8, 0xF0, 0x7E, 0xA2, 0x00, 0x00, 0xF0, 0x7E, 0xA2, 0x00, 0x00, 0xF0,
    0x7E, 0xA2, 0x00, 0x00, 0xF0, 0x7E, 0xA2, 0x00, 0x00, 0xF0, 0x7E, 0xA2, 0x00, 0x00, 0xCA, 0x69,
    0x88, 0x00, 0x00, 0x00, 0x30, 0xA2, 0xA2, 0xA2, 0x79, 0x00, 0x24, 0x7E, 0x7E, 0x7E, 0xF0, 0x00,
    0x55, 0xF0, 0xF0, 0xF0, 0xF0, 0x00, 0x00, 0x00, 0x00, 0x00, 0xF0, 0x00, 0x00, 0x00, 0x00, 0x00,
    0xF0, 0x00, 0x00, 0x00, 0x00, 0x00, 0xF0, 0x00, 0x00, 0x00, 0x00, 0x00, 0xF0, 0x00, 0x00, 0x00,
    0x00, 0x00, 0xF0, 0x00, 0x00, 0x00, 0x00, 0x00, 0xCA, 0x00, 0x6C, 0xF0, 0xF0, 0xF0, 0xF0, 0x79,
    0x00, 0x00, 0x00, 0x00, 0xF0, 0x7E, 0xA2, 0x00, 0x00, 0x00, 0x00, 0xF0, 0x7E, 0xA2, 0x00, 0x00,
    0x00, 0x00, 0xF0, 0x7E, 0xA2, 0x00, 0x00, 0x00, 0x00, 0xF0, 0x7E, 0xA2, 0x00, 0x00, 0x00, 0x00,
    0xF0, 0x7E, 0xA2, 0x00, 0x00, 0x00, 0x00, 0xF0, 0x7E, 0xA2, 0x00, 0x00, 0x00, 0x00, 0xB7, 0x60,
    0x7B, 0x00, 0x3C, 0xA2, 0xA2, 0xA2, 0xA2, 0x43, 0x00, 0x2E, 0x7E, 0x7E, 0x7E, 0xAF, 0xA2, 0x00,
    0x6C, 0xF0, 0xF0, 0xFF, 0x7E, 0xA2, 0x00, 0x00, 0x00, 0x00, 0xF0, 0x7E, 0xA2, 0x00, 0x00, 0x00,
    0x00, 0xF0, 0x7E, 0xA2, 0x00, 0x00, 0x00, 0x00, 0xF0, 0x7E, 0xA2, 0x00, 0x00, 0x00, 0x00, 0xF0,
    0x7E, 0xA2, 0x00, 0x00, 0x00, 0x00, 0xF0, 0x7E, 0xA2, 0x00, 0x00, 0x00, 0x00, 0xCA, 0x69, 0x88,
    0x31, 0x00, 0x00, 0x00, 0x5A, 0x00, 0x00, 0x00, 0x5A, 0x00, 0x00, 0x00, 0x5A, 0x00, 0x00, 0x00,
    0x5A, 0x00, 0x00, 0x00, 0x5A, 0x00, 0x00, 0x00, 0xC5, 0xA2, 0x8F, 0x07, 0xAE, 0x7E, 0x6F, 0x04,
    0xF6, 0xF0, 0xD4, 0x0D, 0x99, 0x42, 0x55, 0x00, 0x00, 0xF0, 0x7E, 0xA2, 0x00, 0x00, 0xF0, 0x7E,
    0xA2, 0x00, 0x00, 0xF0, 0x7E, 0xA2, 0x00, 0x00, 0xF0, 0x7E, 0xA2, 0x00, 0x00, 0xF0, 0x7E, 0xA2,
    0x00, 0x00, 0xF0, 0x7E, 0xA2, 0x00, 0x00, 0xFF, 0xFF, 0xFF, 0xF0, 0xE8, 0x82, 0x39, 0x48, 0x00,
    0x00, 0xF0, 0x7E, 0xA2, 0x00, 0x00, 0xF0, 0x7E, 0xA2, 0x00, 0x00, 0xF0, 0x7E, 0xA2, 0x00, 0x00,
    0xF0, 0x7E, 0xA2, 0x00, 0x00, 0xF0, 0x7E, 0xA2, 0x00, 0x00, 0xF0, 0x7E, 0xD4, 0xA2, 0x9C, 0xF0,
    0x28, 0x7E, 0x7E, 0x79, 0xD9, 0xF0, 0xF0, 0xF0, 0xE8, 0x00, 0x00, 0x00, 0x00, 0x00, 0x82, 0x00,
    0x00, 0x00, 0x00, 0x00, 0xF0, 0x00, 0x00, 0x00, 0x00, 0x00, 0xF0, 0x00, 0x00, 0x00, 0x00, 0x00,
    0xF0, 0x00, 0x00, 0x00, 0x00, 0x00, 0xF0, 0x00, 0x00, 0x00, 0x00, 0x00, 0xF0, 0x00, 0x30, 0xA2,
    0xA2, 0xA2, 0xF0, 0x00, 0x24, 0x7E, 0x7E, 0x7E, 0xF0, 0x00, 0x55, 0xF0, 0xF0, 0xF0, 0xC6, 0x00,
    0x00, 0x00, 0x00, 0x99, 0x42, 0x55, 0x00, 0x00, 0x00, 0x00, 0xF0, 0x7E, 0xA2, 0x00, 0x00, 0x00,
    0x00, 0xF0, 0x7E, 0xA2, 0x00, 0x00, 0x00, 0x00, 0xF0, 0x7E, 0xA2, 0x00, 0x00, 0x00, 0x00, 0xF0,
    0x7E, 0xA2, 0x00, 0x00, 0x00, 0x00, 0xF0, 0x7E, 0xA2, 0x00, 0x00, 0x00, 0x00, 0xF0, 0x7E, 0xA2,
    0x00, 0x6C, 0xF0, 0xF0, 0xFF, 0xFF, 0xA2, 0x00, 0x00, 0x00, 0x00, 0x82, 0x39, 0x48, 0x00, 0x00,
    0x00, 0x00, 0xF0, 0x7E, 0xA2, 0x00, 0x00, 0x00, 0x00, 0xF0, 0x7E, 0xA2, 0x00, 0x00, 0x00, 0x00,
    0xF0, 0x7E, 0xA2, 0x00, 0x00, 0x00, 0x00, 0xF0, 0x7E, 0xA2, 0x00, 0x00, 0x00, 0x00, 0xF0, 0x7E,
    0xA2, 0x00, 0x3C, 0xA2, 0xA2, 0xFF, 0x7E, 0xA2, 0x00, 0x2E, 0x7E, 0x7E, 0x73, 0x7E, 0xA2, 0x00,
    0x6C, 0xF0, 0xF0, 0xF0, 0xF7, 0x85, 0x25, 0x00, 0x00, 0x00, 0x5A, 0x00, 0x00, 0x00, 0x5A, 0x00,
    0x00, 0x00, 0x5A, 0x00, 0x00, 0x00, 0x5A, 0x00, 0x00, 0x00, 0x5A, 0x00, 0x00, 0x00, 0xAB, 0x78,
    0x6A, 0x04, 0xC9, 0xA8, 0x94, 0x07, 0xF6, 0xF0, 0xD4, 0x0D, 0x5A, 0x00, 0x00, 0x00, 0x5A, 0x00,
    0x00, 0x00, 0x5A, 0x00, 0x00, 0x00, 0x5A, 0x00, 0x00, 0x00, 0x5A, 0x00, 0x00, 0x00, 0x56, 0x00,
    0x00, 0x00, 0x63, 0x2A, 0x37, 0x00, 0x00, 0xF0, 0x7E, 0xA2, 0x00, 0x00, 0xF0, 0x7E, 0xA2, 0x00,
    0x00, 0xF0, 0x7E, 0xA2, 0x00, 0x00, 0xF0, 0x7E, 0xA2, 0x00, 0x00, 0xF0, 0x7E, 0xA2, 0x00, 0x00,
    0xF0, 0x7E, 0xA2, 0x00, 0x00, 0xF0, 0x7E, 0xEE, 0xB4, 0xAD, 0xF0, 0x7E, 0xA6, 0x42, 0x3F, 0xF0,
    0x7E, 0xA2, 0x00, 0x00, 0xF0, 0x7E, 0xA2, 0x00, 0x00, 0xF0, 0x7E, 0xA2, 0x00, 0x00, 0xF0, 0x7E,
    0xA2, 0x00, 0x00, 0xF0, 0x7E, 0xA2, 0x00, 0x00, 0xE4, 0x78, 0x99, 0x00, 0x00, 0x63, 0x2A, 0x37,
    0x00, 0x00, 0xF0, 0x7E, 0xA2, 0x00, 0x00, 0xF0, 0x7E, 0xA2, 0x00, 0x00, 0xF0, 0x7E, 0xA2, 0x00,
    0x00, 0xF0, 0x7E, 0xA2, 0x00, 0x00, 0xF0, 0x7E, 0xA2, 0x00, 0x00, 0xF0, 0x7E, 0xC0, 0x78, 0x73,
    0xF0, 0x36, 0xA8, 0xA8, 0xA2, 0xF0, 0x67, 0xFA, 0xF0, 0xE8, 0xF0, 0x7E, 0xA2, 0x00, 0x00, 0xF0,
    0x7E, 0xA2, 0x00, 0x00, 0xF0, 0x7E, 0xA2, 0x00, 0x00, 0xF0, 0x7E, 0xA2, 0x00, 0x00, 0xF0, 0x7E,
    0xA2, 0x00, 0x00, 0xE4, 0x78, 0x99, 0x00, 0x00, 0x00, 0x00, 0x00, 0x00, 0x00, 0x63, 0x00, 0x00,
    0x00, 0x00, 0x00, 0xF0, 0x00, 0x00, 0x00, 0x00, 0x00, 0xF0, 0x00, 0x00, 0x00, 0x00, 0x00, 0xF0,
    0x00, 0x00, 0x00, 0x00, 0x00, 0xF0, 0x00, 0x00, 0x00, 0x00, 0x00, 0xF0, 0x00, 0x22, 0x78, 0x78,
    0x78, 0xF0, 0x00, 0x31, 0xA8, 0xA8, 0xA8, 0xF0, 0x00, 0x55, 0xF0, 0xF0, 0xF0, 0xF0, 0x00, 0x00,
    0x00, 0x00, 0x00, 0xF0, 0x00, 0x00, 0x00, 0x00, 0x00, 0xF0, 0x00, 0x00, 0x00, 0x00, 0x00, 0xF0,
    0x00, 0x00, 0x00, 0x00, 0x00, 0xF0, 0x00, 0x00, 0x00, 0x00, 0x00, 0xF0, 0x00, 0x00, 0x00, 0x00,
    0x00, 0xE4, 0x00, 0x00, 0x00, 0x00, 0x63, 0x2A, 0x37, 0x00, 0x00, 0x00, 0x00, 0xF0, 0x7E, 0xA2,
    0x00, 0x00, 0x00, 0x00, 0xF0, 0x7E, 0xA2, 0x00, 0x00, 0x00, 0x00, 0xF0, 0x7E, 0xA2, 0x00, 0x00,
    0x00, 0x00, 0xF0, 0x7E, 0xA2, 0x00, 0x00, 0x00, 0x00, 0xF0, 0x7E, 0xA2, 0x00, 0x00, 0x00, 0x00,
    0xF0, 0x7E, 0xA2, 0x00, 0x51, 0xB4, 0xB4, 0xFF, 0x7E, 0xA2, 0x00, 0x18, 0x42, 0x42, 0xF8, 0x7E,
    0xA2, 0x00, 0x00, 0x00, 0x00, 0xF0, 0x7E, 0xA2, 0x00, 0x00, 0x00, 0x00, 0xF0, 0x7E, 0xA2, 0x00,
    0x00, 0x00, 0x00, 0xF0, 0x7E, 0xA2, 0x00, 0x00, 0x00, 0x00, 0xF0, 0x7E, 0xA2, 0x00, 0x00, 0x00,
    0x00, 0xF0, 0x7E, 0xA2, 0x00, 0x00, 0x00, 0x00, 0xE4, 0x78, 0x99, 0x00, 0x00, 0x00, 0x00, 0x63,
    0x2A, 0x37, 0x00, 0x00, 0x00, 0x00, 0xF0, 0x7E, 0xA2, 0x00, 0x00, 0x00, 0x00, 0xF0, 0x7E, 0xA2,
    0x00, 0x00, 0x00, 0x00, 0xF0, 0x7E, 0xA2, 0x00, 0x00, 0x00, 0x00, 0xF0, 0x7E, 0xA2, 0x00, 0x00,
    0x00, 0x00, 0xF0, 0x7E, 0xA2, 0x00, 0x2D, 0x78, 0x78, 0xFF, 0x7E, 0xA2, 0x00, 0x3F, 0xA8, 0xA8,
    0x9A, 0x7E, 0xA2, 0x00, 0x6C, 0xF0, 0xF0, 0xF0, 0x7E, 0xA2, 0x00, 0x00, 0x00, 0x00, 0xF0, 0x7E,
    0xA2, 0x00, 0x00, 0x00, 0x00, 0xF0, 0x7E, 0xA2, 0x00, 0x00, 0x00, 0x00, 0xF0, 0x7E, 0xA2, 0x00,
    0x00, 0x00, 0x00, 0xF0, 0x7E, 0xA2, 0x00, 0x00, 0x00, 0x00, 0xF0, 0x7E, 0xA2, 0x00, 0x00, 0x00,
    0x00, 0xE4, 0x78, 0x99, 0x27, 0x9B, 0xA2, 0xA2, 0xA2, 0xA2, 0x9C, 0x1E, 0x78, 0x7E, 0x7E, 0x7E,
    0x7E, 0x79, 0x45, 0xE7, 0xF1, 0xF9, 0xF3, 0xEF, 0xE8, 0x00, 0x00, 0x06, 0x7B, 0x2E, 0x00, 0x00,
    0x00, 0x00, 0x06, 0x7B, 0x2E, 0x00, 0x00, 0x00, 0x00, 0x06, 0x7B, 0x2E, 0x00, 0x00, 0x00, 0x00,
    0x06, 0x7B, 0x2E, 0x00, 0x00, 0x00, 0x00, 0x06, 0x7B, 0x2E, 0x00, 0x00, 0x00, 0x00, 0x05, 0x67,
    0x27, 0x00, 0x00, 0x45, 0xE7, 0xF0, 0xF0, 0xF0, 0xEF, 0xE8, 0x00, 0x00, 0x33, 0xB7, 0x9A, 0x00,
    0x00, 0x00, 0x00, 0x33, 0xB7, 0x9A, 0x00, 0x00, 0x00, 0x00, 0x33, 0xB7, 0x9A, 0x00, 0x00, 0x00,
    0x00, 0x33, 0xB7, 0x9A, 0x00, 0x00, 0x00, 0x00, 0x33, 0xB7, 0x9A, 0x00, 0x00, 0x00, 0x00, 0x33,
    0xB7, 0x9A, 0x00, 0x00, 0x00, 0x00, 0x27, 0x8C, 0x75, 0x00, 0x00, 0x27, 0x9B, 0xA2, 0xA2, 0xA2,
    0xA2, 0x9C, 0x1E, 0x78, 0x7E, 0x7E, 0x7E, 0x7E, 0x79, 0x45, 0xE7, 0xF3, 0xB9, 0xE1, 0xEF, 0xE8,
    0x00, 0x00, 0x33, 0xB7, 0x9A, 0x00, 0x00, 0x00, 0x00, 0x33, 0xB7, 0x9A, 0x00, 0x00, 0x00, 0x00,
    0x33, 0xB7, 0x9A, 0x00, 0x00, 0x00, 0x00, 0x33, 0xB7, 0x9A, 0x00, 0x00, 0x00, 0x00, 0x33, 0xB7,
    0x9A, 0x00, 0x00, 0x00, 0x00, 0x2B, 0x9A, 0x81, 0x00, 0x00, 0x00, 0x00, 0x03, 0x40, 0x19, 0x00,
    0x00, 0x00, 0x00, 0x06, 0x7B, 0x2E, 0x00, 0x00, 0x00, 0x00, 0x06, 0x7B, 0x2E, 0x00, 0x00, 0x00,
    0x00, 0x06, 0x7B, 0x2E, 0x00, 0x00, 0x00, 0x00, 0x06, 0x7B, 0x2E, 0x00, 0x00, 0x00, 0x00, 0x06,
    0x7B, 0x2E, 0x00, 0x00, 0x27, 0x9B, 0xA5, 0xD9, 0xB6, 0xA2, 0x9C, 0x1E, 0x78, 0x7E, 0x7E, 0x7E,
    0x7E, 0x79, 0x45, 0xE7, 0xF0, 0xF0, 0xF0, 0xEF, 0xE8, 0x00, 0x00, 0x21, 0x6E, 0x51, 0x00, 0x00,
    0x00, 0x00, 0x33, 0xB7, 0x9A, 0x00, 0x00, 0x00, 0x00, 0x33, 0xB7, 0x9A, 0x00, 0x00, 0x00, 0x00,
    0x33, 0xB7, 0x9A, 0x00, 0x00, 0x00, 0x00, 0x33, 0xB7, 0x9A, 0x00, 0x00, 0x00, 0x00, 0x33, 0xB7,
    0x9A, 0x00, 0x00, 0x00, 0x00, 0x33, 0xB7, 0x9A, 0x00, 0x00, 0x45, 0xE7, 0xF3, 0xFF, 0xFF, 0xEF,
    0xE8, 0x00, 0x00, 0x1C, 0x5E, 0x45, 0x00, 0x00, 0x00, 0x00, 0x33, 0xB7, 0x9A, 0x00, 0x00, 0x00,
    0x00, 0x33, 0xB7, 0x9A, 0x00, 0x00, 0x00, 0x00, 0x33, 0xB7, 0x9A, 0x00, 0x00, 0x00, 0x00, 0x33,
    0xB7, 0x9A, 0x00, 0x00, 0x00, 0x00, 0x33, 0xB7, 0x9A, 0x00, 0x00, 0x27, 0x9B, 0xB6, 0xBF, 0xC2,
    0xA2, 0x9C, 0x1E, 0x78, 0x7C, 0x4E, 0x6C, 0x7E, 0x79, 0x45, 0xE7, 0xF0, 0xF0, 0xF0, 0xEF, 0xE8,
    0x00, 0x00, 0x02, 0x31, 0x13, 0x00, 0x00, 0x00, 0x00, 0x06, 0x7B, 0x2E, 0x00, 0x00, 0x00, 0x00,
    0x06, 0x7B, 0x2E, 0x00, 0x00, 0x00, 0x00, 0x06, 0x7B, 0x2E, 0x00, 0x00, 0x00, 0x00, 0x06, 0x7B,
    0x2E, 0x00, 0x00, 0x00, 0x00, 0x06, 0x7B, 0x2E, 0x00, 0x00, 0x1D, 0x73, 0x7C, 0xC1, 0x93, 0x78,
    0x73, 0x29, 0xA1, 0xAB, 0xDC, 0xBB, 0xA8, 0xA2, 0x45, 0xE7, 0xF1, 0xFB, 0xF3, 0xEF, 0xE8, 0x00,
    0x00, 0x06, 0x7B, 0x2E, 0x00, 0x00, 0x00, 0x00, 0x06, 0x7B, 0x2E, 0x00, 0x00, 0x00, 0x00, 0x06,
    0x7B, 0x2E, 0x00, 0x00, 0x00, 0x00, 0x06, 0x7B, 0x2E, 0x00, 0x00, 0x00, 0x00, 0x06, 0x7B, 0x2E,
    0x00, 0x00, 0x00, 0x00, 0x06, 0x74, 0x2C, 0x00, 0x00, 0x00, 0x00, 0x15, 0x47, 0x34, 0x00, 0x00,
    0x00, 0x00, 0x33, 0xB7, 0x9A, 0x00, 0x00, 0x00, 0x00, 0x33, 0xB7, 0x9A, 0x00, 0x00, 0x00, 0x00,
    0x33, 0xB7, 0x9A, 0x00, 0x00, 0x00, 0x00, 0x33, 0xB7, 0x9A, 0x00, 0x00, 0x00, 0x00, 0x33, 0xB7,
    0x9A, 0x00, 0x00, 0x00, 0x00, 0x33, 0xB7, 0x9A, 0x00, 0x00, 0x34, 0xAD, 0xC4, 0xF0, 0xEB, 0xB4,
    0xAD, 0x0F, 0x3F, 0x6A, 0xD3, 0xA7, 0x42, 0x3F, 0x00, 0x00, 0x33, 0xB7, 0x9A, 0x00, 0x00, 0x00,
    0x00, 0x33, 0xB7, 0x9A, 0x00, 0x00, 0x00, 0x00, 0x33, 0xB7, 0x9A, 0x00, 0x00, 0x00, 0x00, 0x33,
    0xB7, 0x9A, 0x00, 0x00, 0x00, 0x00, 0x33, 0xB7, 0x9A, 0x00, 0x00, 0x00, 0x00, 0x31, 0xAE, 0x92,
    0x00, 0x00, 0x00, 0x00, 0x1C, 0x5E, 0x45, 0x00, 0x00, 0x00, 0x00, 0x33, 0xB7, 0x9A, 0x00, 0x00,
    0x00, 0x00, 0x33, 0xB7, 0x9A, 0x00, 0x00, 0x00, 0x00, 0x33, 0xB7, 0x9A, 0x00, 0x00, 0x00, 0x00,
    0x33, 0xB7, 0x9A, 0x00, 0x00, 0x00, 0x00, 0x33, 0xB7, 0x9A, 0x00, 0x00, 0x27, 0x9B, 0xB6, 0xBF,
    0xC2, 0xA2, 0x9C, 0x1E, 0x78, 0x7C, 0x4E, 0x6C, 0x7E, 0x79, 0x45, 0xE7, 0xF3, 0xB9, 0xE1, 0xEF,
    0xE8, 0x00, 0x00, 0x33, 0xB7, 0x9A, 0x00, 0x00, 0x00, 0x00, 0x33, 0xB7, 0x9A, 0x00, 0x00, 0x00,
    0x00, 0x33, 0xB7, 0x9A, 0x00, 0x00, 0x00, 0x00, 0x33, 0xB7, 0x9A, 0x00, 0x00, 0x00, 0x00, 0x33,
    0xB7, 0x9A, 0x00, 0x00, 0x00, 0x00, 0x2B, 0x9A, 0x81, 0x00, 0x00, 0x19, 0xA3, 0xCD, 0x0D, 0xB1,
    0x71, 0x0B, 0x00, 0x74, 0x06, 0x00, 0x00, 0x5E, 0x00, 0x00, 0x00, 0x5A, 0x00, 0x00, 0x00, 0x5A,
    0x00, 0x00, 0x00, 0x5A, 0x00, 0x00, 0x00, 0x45, 0x00, 0x00, 0x00, 0x00, 0x55, 0xE3, 0xB4, 0x0C,
    0x00, 0x00, 0x00, 0x1B, 0x8B, 0xF0, 0x0C, 0x00, 0x00, 0x00, 0x00, 0x8B, 0xB4, 0x00, 0x00, 0x00,
    0x00, 0x1B, 0xE3, 0x00, 0x00, 0x00, 0x00, 0x00, 0xF0, 0x00, 0x00, 0x00, 0x00, 0x00, 0xF0, 0x00,
    0x00, 0x00, 0x00, 0x00, 0xF0, 0x00, 0x00, 0x00, 0x00, 0x00, 0xB7, 0x00, 0x00, 0x00, 0x00, 0x00,
    0x99, 0x00, 0x00, 0x00, 0x00, 0x00, 0xF0, 0x00, 0x00, 0x00, 0x00, 0x00, 0xF0, 0x00, 0x00, 0x00,
    0x00, 0x00, 0xF0, 0x00, 0x00, 0x00, 0x00, 0x0D, 0xE8, 0x00, 0x00, 0x00, 0x00, 0x5E, 0xB5, 0x00,
    0x00, 0x00, 0x33, 0xF6, 0x28, 0x00, 0x55, 0xFA, 0xDF, 0x3D, 0x00, 0x39, 0x00, 0x00, 0x00, 0x5A,
    0x00, 0x00, 0x00, 0x5A, 0x00, 0x00, 0x00, 0x5A, 0x00, 0x00, 0x00, 0x5C, 0x00, 0x00, 0x00, 0x66,
    0x02, 0x00, 0x00, 0xAE, 0x28, 0x00, 0x00, 0x47, 0xE5, 0xD8, 0x0D, 0x00, 0x00, 0x00, 0x00, 0x00,
    0x00, 0x43, 0x00, 0x00, 0x00, 0x00, 0x00, 0x6F, 0xA1, 0x00, 0x00, 0x00, 0x00, 0x03, 0xF3, 0x1C,
    0x00, 0x00, 0x00, 0x00, 0x93, 0xB2, 0x00, 0x00, 0x00, 0x00, 0x0D, 0xF7, 0x0C, 0x00, 0x00, 0x00,
    0x00, 0xB5, 0x90, 0x00, 0x00, 0x00, 0x00, 0x1C, 0xF3, 0x03, 0x00, 0x00, 0x00, 0x00, 0xB4, 0x6D,
    0x00, 0x00, 0x00, 0x00, 0x33, 0xE3, 0x00, 0x00, 0x00, 0x00, 0x00, 0xCF, 0x4C, 0x00, 0x00, 0x00,
    0x00, 0x4E, 0xCD, 0x00, 0x00, 0x00, 0x00, 0x00, 0xE4, 0x31, 0x00, 0x00, 0x00, 0x00, 0x00, 0xB4,
    0x00, 0x00, 0x00, 0x00, 0x00, 0x00, 0x43, 0x00, 0x00, 0x00, 0x00, 0x00, 0x00, 0xF7, 0x07, 0x00,
    0x00, 0x00, 0x00, 0x00, 0xA2, 0xA3, 0x00, 0x00, 0x00, 0x00, 0x00, 0x07, 0xF7, 0x15, 0x00, 0x00,
    0x00, 0x00, 0x00, 0x7F, 0xA5, 0x00, 0x00, 0x00, 0x00, 0x00, 0x00, 0xEC, 0x27, 0x00, 0x00, 0x00,
    0x00, 0x00, 0x5B, 0xC1, 0x00, 0x00, 0x00, 0x00, 0x00, 0x00, 0xD9, 0x3F, 0x00, 0x00, 0x00, 0x00,
    0x00, 0x3D, 0xDA, 0x00, 0x00, 0x00, 0x00, 0x00, 0x00, 0xC0, 0x5E, 0x00, 0x00, 0x00, 0x00, 0x00,
    0x25, 0xED, 0x00, 0x00, 0x00, 0x00, 0x00, 0x00, 0xA3, 0x81, 0x00, 0x00, 0x00, 0x00, 0x00, 0x13,
    0xA0, 0x18, 0x00, 0x00, 0x00, 0x00, 0x00, 0x18, 0xE9, 0x00, 0x00, 0x00, 0x00, 0x46, 0xAF, 0xAA,
    0x79, 0x00, 0x00, 0x00, 0xE1, 0x36, 0x16, 0xF6, 0x06, 0x00, 0x66, 0xB7, 0x00, 0x00, 0xA9, 0x9C,
    0x01, 0xF1, 0x1F, 0x00, 0x00, 0x09, 0xF7, 0x9D, 0xBA, 0x00, 0x00, 0x00, 0x00, 0x87, 0xFF, 0x0F,
    0x00, 0x00, 0x00, 0x00, 0xAC, 0xFF, 0x22, 0x00, 0x00, 0x00, 0x18, 0xF5, 0x69, 0xBA, 0x00, 0x00,
    0x00, 0xAD, 0x75, 0x00, 0xDE, 0x39, 0x00, 0x2D, 0xE8, 0x00, 0x00, 0x43, 0xD5, 0x00, 0xC9, 0x52,
    0x00, 0x00, 0x00, 0xC5, 0x57, 0xCD, 0x00, 0x00, 0x00, 0x00, 0x2A, 0xA8, 0x00, 0x2D, 0xF0, 0xF0,
    0xF0, 0xD5, 0x8B, 0xF0, 0xF0, 0xF0, 0xF0, 0xF0, 0xF0, 0xF0, 0x0D, 0x16, 0xF0, 0xF0, 0xF0, 0xE8,
    0xA2, 0xF0, 0xF0, 0xF0, 0xF0, 0xF0, 0xF0, 0xE4, 0x00, 0x01, 0x12, 0x12, 0x12, 0x0F, 0x00, 0x3C,
    0xFF, 0xFF, 0xFF, 0xFF, 0x00, 0x1B, 0xAE, 0xAE, 0xAE, 0x9A, 0x54, 0xBA, 0x07, 0xAE, 0xFF, 0x12,
    0xAE, 0xFF, 0x12, 0xAE, 0xFF, 0x12, 0xAE, 0xFF, 0x12, 0xAE, 0xFF, 0x12, 0xAE, 0xFF, 0x12, 0xAE,
    0xFF, 0x12, 0x07, 0x12, 0x00, 0x00, 0x12, 0x12, 0x12, 0x10, 0x1E, 0xFF, 0xFF, 0xFF, 0xFF, 0x0D,
    0xAE, 0xAE, 0xAE, 0xA8, 0x61, 0xB4, 0x09, 0xAE, 0xFF, 0x12, 0xAE, 0xFF, 0x12, 0xAE, 0xFF, 0x12,
    0xAE, 0xFF, 0x12, 0xAE, 0xFF, 0x12, 0xAE, 0xFF, 0x12, 0xA5, 0xFF, 0x10, 0x00, 0x00, 0x00, 0x09,
    0x12, 0x12, 0x10, 0x3E, 0xCF, 0xD9, 0xEF, 0xFF, 0xFF, 0xFF, 0x06, 0x1D, 0x20, 0x6B, 0xAE, 0xAE,
    0xA8, 0x09, 0x58, 0x00, 0x1E, 0xD7, 0x00, 0x1E, 0xD7, 0x00, 0x1E, 0xD7, 0x00, 0x1E, 0xD7, 0x00,
    0x1E, 0xD7, 0x00, 0x1E, 0xD7, 0x00, 0x6F, 0xFF, 0x09, 0xAE, 0xFF, 0x12, 0xAE, 0xFF, 0x12, 0xAE,
    0xFF, 0x12, 0xAE, 0xFF, 0x12, 0xAE, 0xFF, 0x12, 0xAE, 0xFF, 0x12, 0xA5, 0xFF, 0x10, 0x01, 0x12,
    0x12, 0x0F, 0x00, 0x00, 0x00, 0x2B, 0xFF, 0xFF, 0xFF, 0xD7, 0xD7, 0x30, 0x13, 0xAE, 0xAE, 0x9D,
    0x1E, 0x1E, 0x04, 0x54, 0xBA, 0x07, 0xAE, 0xFF, 0x12, 0xAE, 0xFF, 0x12, 0xAE, 0xFF, 0x12, 0xAE,
    0xFF, 0x12, 0xAE, 0xFF, 0x12, 0xAE, 0xFF, 0x12, 0xAE, 0xFF, 0x12, 0x24, 0xDA, 0x00, 0x1E, 0xD7,
    0x00, 0x1E, 0xD7, 0x00, 0x1E, 0xD7, 0x00, 0x1E, 0xD7, 0x00, 0x1E, 0xD7, 0x00, 0x18, 0xAD, 0x00,
    0x10, 0x12, 0x12, 0x12, 0x12, 0x12, 0x12, 0x0D, 0xFF, 0xFF, 0xFF, 0xFF, 0xFF, 0xFF, 0xFF, 0xFA,
    0xFF, 0xFF, 0xFF, 0xFF, 0xFF, 0xFF, 0xFF, 0xFA, 0xFF, 0xFF, 0xFF, 0xFF, 0xFF, 0xFF, 0xFF, 0xFA,
    0xFF, 0xFF, 0xFF, 0xFF, 0xFF, 0xFF, 0xFF, 0xFA, 0xFF, 0xFF, 0xFF, 0xFF, 0xFF, 0xFF, 0xFF, 0xFA,
    0xFF, 0xFF, 0xFF, 0xFF, 0xFF, 0xFF, 0xFF, 0xFA, 0xFF, 0xFF, 0xFF, 0xFF, 0xFF, 0xFF, 0xFF, 0xFA,
    0xD9, 0xE1, 0xE1, 0xE1, 0xE1, 0xE1, 0xE1, 0xAF, 0x0A, 0x0C, 0x0C, 0x0C, 0x0C, 0x0C, 0x0C, 0x09,
    0xFF, 0xDC, 0xDC, 0xDC, 0xDC, 0xDC, 0xDC, 0xF3, 0xEB, 0x00, 0x00, 0x00, 0x00, 0x00, 0x00, 0xE6,
    0xEB, 0x00, 0x00, 0x00, 0x00, 0x00, 0x00, 0xE6, 0xEB, 0x00, 0x00, 0x00, 0x00, 0x00, 0x00, 0xE6,
    0xEB, 0x00, 0x00, 0x00, 0x00, 0x00, 0x00, 0xE6, 0xEB, 0x00, 0x00, 0x00, 0x00, 0x00, 0x00, 0xE6,
    0xEC, 0x0C, 0x0C, 0x0C, 0x0C, 0x0C, 0x0C, 0xE6, 0xD9, 0xE1, 0xE1, 0xE1, 0xE1, 0xE1, 0xE1, 0xAF,
    0x00, 0x00, 0x00, 0x0A, 0x00, 0x00, 0x00, 0x00, 0x00, 0x00, 0x00, 0xB5, 0x6A, 0x00, 0x00, 0x00,
    0x00, 0x00, 0x12, 0xFF, 0xF8, 0x00, 0x00, 0x00, 0x00, 0x00, 0xB5, 0xFF, 0xFF, 0x6A, 0x00, 0x00,
    0x00, 0x12, 0xFF, 0xFF, 0xFF, 0xF8, 0x00, 0x00, 0x00, 0xB4, 0xFF, 0xFF, 0xFF, 0xFF, 0x6A, 0x00,
    0x12, 0xFF, 0xFF, 0xFF, 0xFF, 0xFF, 0xF8, 0x00, 0xB4, 0xFF, 0xFF, 0xFF, 0xFF, 0xFF, 0xFF, 0x6A,
    0xA2, 0xA0, 0xA0, 0xA0, 0xA0, 0xA0, 0xA0, 0x7C, 0x16, 0x00, 0x00, 0x00, 0x00, 0x00, 0x00, 0x00,
    0xFF, 0xA3, 0x19, 0x00, 0x00, 0x00, 0x00, 0x00, 0xFF, 0xFF, 0xFF, 0xA3, 0x19, 0x00, 0x00, 0x00,
    0xFF, 0xFF, 0xFF, 0xFF, 0xFF, 0xA3, 0x19, 0x00, 0xFF, 0xFF, 0xFF, 0xFF, 0xFF, 0xFF, 0xFF, 0x73,
    0xFF, 0xFF, 0xFF, 0xFF, 0xFF, 0xF5, 0x66, 0x00, 0xFF, 0xFF, 0xFF, 0xF5, 0x66, 0x00, 0x00, 0x00,
    0xFF, 0xF5, 0x67, 0x00, 0x00, 0x00, 0x00, 0x00, 0x60, 0x00, 0x00, 0x00, 0x00, 0x00, 0x00, 0x00,
    0x57, 0x60, 0x60, 0x60, 0x60, 0x60, 0x60, 0x43, 0xBF, 0xFF, 0xFF, 0xFF, 0xFF, 0xFF, 0xFF, 0x9A,
    0x2D, 0xFF, 0xFF, 0xFF, 0xFF, 0xFF, 0xFF, 0x09, 0x00, 0xBF, 0xFF, 0xFF, 0xFF, 0xFF, 0x9A, 0x00,
    0x00, 0x2D, 0xFF, 0xFF, 0xFF, 0xFF, 0x09, 0x00, 0x00, 0x00, 0xBE, 0xFF, 0xFF, 0x9A, 0x00, 0x00,
    0x00, 0x00, 0x2D, 0xFF, 0xFF, 0x09, 0x00, 0x00, 0x00, 0x00, 0x00, 0xBE, 0x9A, 0x00, 0x00, 0x00,
    0x00, 0x00, 0x00, 0x25, 0x09, 0x00, 0x00, 0x00, 0x00, 0x00, 0x00, 0x00, 0x00, 0x00, 0x00, 0x18,
    0x00, 0x00, 0x00, 0x00, 0x00, 0x30, 0xC1, 0xF2, 0x00, 0x00, 0x00, 0x30, 0xC1, 0xFF, 0xFF, 0xFA,
    0x00, 0x31, 0xC1, 0xFF, 0xFF, 0xFF, 0xFF, 0xFA, 0xAE, 0xFF, 0xFF, 0xFF, 0xFF, 0xFF, 0xFF, 0xFA,
    0x04, 0x8A, 0xFF, 0xFF, 0xFF, 0xFF, 0xFF, 0xFA, 0x00, 0x00, 0x04, 0x8A, 0xFF, 0xFF, 0xFF, 0xFA,
    0x00, 0x00, 0x00, 0x00, 0x04, 0x8A, 0xFF, 0xFA, 0x00, 0x00, 0x00, 0x00, 0x00, 0x00, 0x04, 0x5B,
    0x00, 0x00, 0x00, 0x12, 0x04, 0x00, 0x00, 0x00, 0x00, 0x00, 0x16, 0xFA, 0xCD, 0x03, 0x00, 0x00,
    0x00, 0x16, 0xFA, 0xFF, 0xFF, 0xCD, 0x04, 0x00, 0x16, 0xFB, 0xFF, 0xFF, 0xFF, 0xFF, 0xCD, 0x03,
    0xE1, 0xFF, 0xFF, 0xFF, 0xFF, 0xFF, 0xFF, 0xA3, 0x43, 0xFF, 0xFF, 0xFF, 0xFF, 0xFF, 0xFF, 0x1F,
    0x00, 0x43, 0xFF, 0xFF, 0xFF, 0xFF, 0x1F, 0x00, 0x00, 0x00, 0x43, 0xFF, 0xFF, 0x1F, 0x00, 0x00,
    0x00, 0x00, 0x00, 0x40, 0x1F, 0x00, 0x00, 0x00, 0x00, 0x00, 0x00, 0x12, 0x04, 0x00, 0x00, 0x00,
    0x00, 0x00, 0x16, 0xF8, 0xCD, 0x03, 0x00, 0x00, 0x00, 0x16, 0xF7, 0x88, 0xAA, 0xCD, 0x04, 0x00,
    0x16, 0xF7, 0x8A, 0x00, 0x00, 0xA8, 0xCD, 0x03, 0xE1, 0xBE, 0x00, 0x00, 0x00, 0x00, 0xD7, 0xA3,
    0x43, 0xFF, 0x45, 0x00, 0x00, 0x75, 0xFF, 0x1F, 0x00, 0x43, 0xFF, 0x45, 0x78, 0xFF, 0x1F, 0x00,
    0x00, 0x00, 0x43, 0xFF, 0xFF, 0x1F, 0x00, 0x00, 0x00, 0x00, 0x00, 0x40, 0x1F, 0x00, 0x00, 0x00,
    0x00, 0x00, 0x00, 0x06, 0x03, 0x00, 0x00, 0x00, 0x00, 0x49, 0xE7, 0xF3, 0xFB, 0xD0, 0x28, 0x00,
    0x4E, 0xF7, 0x33, 0x00, 0x00, 0x55, 0xFD, 0x22, 0xE3, 0x33, 0x00, 0x00, 0x00, 0x00, 0x73, 0xAA,
    0xFA, 0x00, 0x00, 0x00, 0x00, 0x00, 0x0A, 0xEB, 0xFC, 0x00, 0x00, 0x00, 0x00, 0x00, 0x1C, 0xDF,
    0xBE, 0x75, 0x00, 0x00, 0x00, 0x00, 0xBA, 0x9C, 0x19, 0xF3, 0xA8, 0x24, 0x31, 0xAF, 0xD4, 0x03,
    0x00, 0x0A, 0xA0, 0xDC, 0xD3, 0x7F, 0x00, 0x00, 0x00, 0x00, 0x00, 0x1E, 0x15, 0x00, 0x00, 0x00,
    0x00, 0x61, 0xFF, 0xFF, 0xFF, 0xEB, 0x39, 0x00, 0x5E, 0xFF, 0xFF, 0xFF, 0xFF, 0xFF, 0xFF, 0x2D,
    0xF0, 0xFF, 0xFF, 0xFF, 0xFF, 0xFF, 0xFF, 0xB2, 0xFF, 0xFF, 0xFF, 0xFF, 0xFF, 0xFF, 0xFF, 0xED,
    0xFF, 0xFF, 0xFF, 0xFF, 0xFF, 0xFF, 0xFF, 0xDC, 0xB1, 0xFF, 0xFF, 0xFF, 0xFF, 0xFF, 0xFF, 0x8D,
    0x10, 0xEE, 0xFF, 0xFF, 0xFF, 0xFF, 0xC0, 0x00, 0x00, 0x04, 0x82, 0xC3, 0xBA, 0x61, 0x00, 0x00,
    0x61, 0xBA, 0xBA, 0xBA, 0xBA, 0xBA, 0xB5, 0xB4, 0x00, 0x00, 0x00, 0x00, 0x00, 0xB4, 0xB4, 0x00,
    0x00, 0x00, 0x00, 0x00, 0xB4, 0xB4, 0x00, 0x00, 0x00, 0x00, 0x00, 0xB4, 0xB4, 0x00, 0x00, 0x00,
    0x00, 0x00, 0xB4, 0xB4, 0x00, 0x00, 0x00, 0x00, 0x00, 0xB4, 0xAE, 0xBA, 0xBA, 0xBA, 0xBA, 0xBA,
    0xD7, 0x7C, 0xA0, 0xA0, 0xA0, 0xA0, 0xA0, 0xB6, 0x07, 0xA0, 0x00, 0x00, 0x00, 0x00, 0x33, 0xB4,
    0x0C, 0xA0, 0x00, 0x00, 0x00, 0x63, 0x48, 0xB4, 0x0C, 0xA0, 0x00, 0x00, 0x18, 0xA3, 0x00, 0xB4,
    0x0C, 0xA0, 0x19, 0x97, 0xA9, 0x1B, 0x00, 0xB4, 0x0C, 0xA0, 0x00, 0x75, 0xCF, 0x00, 0x00, 0xB4,
    0x0C, 0xBE, 0xBA, 0xBA, 0xBA, 0xBA, 0xBA, 0xE7, 0x0A, 0x01, 0x06, 0x06, 0x06, 0x06, 0x06, 0x06,
    0x00, 0x00, 0x18, 0x18, 0xA6, 0x90, 0x28, 0x07, 0x00, 0x00, 0xAB, 0xFF, 0xFF, 0xFF, 0xFF, 0x8D,
    0x00, 0x7B, 0xFF, 0x90, 0x00, 0x03, 0xB0, 0xE4, 0x5A, 0xA2, 0xF6, 0x00, 0xA0, 0x8B, 0x04, 0xFF,
    0x81, 0xA6, 0xEB, 0x00, 0xCE, 0xB8, 0x00, 0xFF, 0x63, 0xA6, 0xFF, 0x5D, 0x00, 0x00, 0x9D, 0xFF,
    0x7B, 0x00, 0xAC, 0xFF, 0xEB, 0xF8, 0xFF, 0x8D, 0x00, 0x00, 0x33, 0x33, 0xD0, 0xBA, 0x4B, 0x19,
    0x00, 0x00, 0x00, 0x00, 0x00, 0x00, 0x7F, 0x6C, 0x00, 0x00, 0x00, 0x00, 0x00, 0xF7, 0x2A, 0x43,
    0x5A, 0x00, 0x00, 0x48, 0xDC, 0x00, 0x48, 0xEB, 0x00, 0x00, 0xBC, 0x6C, 0x00, 0x00, 0xFF, 0x2A,
    0x10, 0xFF, 0x03, 0x00, 0x00, 0xA5, 0xAE, 0x93, 0xB4, 0x00, 0x00, 0x00, 0x1C, 0xF8, 0xEE, 0x21,
    0x00, 0x00, 0x00, 0x00, 0xD7, 0xD0, 0x00, 0x00, 0x00, 0x00, 0x00, 0x2E, 0x3A, 0x00, 0x46, 0xAD,
    0x00, 0x00, 0xB7, 0xF3, 0x34, 0xFF, 0x9C, 0x00, 0x00, 0x37, 0xFF, 0xFF, 0xC0, 0x00, 0x00, 0x00,
    0x00, 0xFF, 0xFF, 0x0A, 0x00, 0x00, 0x00, 0xAE, 0xFF, 0xFF, 0x6D, 0x00, 0x00, 0x51, 0xFF, 0x8D,
    0xC9, 0xFF, 0x00, 0x09, 0xFF, 0xDE, 0x00, 0x15, 0xBB, 0x00, 0x2B, 0xFF, 0x2D, 0x00, 0x00, 0x00,
    0x00, 0x00, 0x0F, 0x00, 0x00, 0x00, 0x00, 0x00, 0x00, 0x00, 0x00, 0x00, 0x00, 0x00, 0x51, 0x00,
    0x04, 0xC1, 0x9F, 0x00, 0x00, 0xB4, 0xFF, 0x79, 0x03, 0xFF, 0xFF, 0x3A, 0xB4, 0xFF, 0xF5, 0x12,
    0x00, 0xA3, 0xFF, 0xFF, 0xFF, 0xFF, 0x13, 0x00, 0x00, 0x1B, 0xFF, 0xFF, 0xFF, 0x2E, 0x00, 0x00,
    0x00, 0x55, 0xFF, 0xFF, 0xFF, 0x76, 0x00, 0x00, 0x2D, 0xFF, 0xFF, 0xFF, 0xFF, 0xFF, 0x3A, 0x00,
    0xB5, 0xFF, 0xCB, 0x34, 0xFF, 0xFF, 0x5D, 0x00, 0x76, 0xEC, 0x0C, 0x00, 0x49, 0x3D, 0x00, 0x00,
    0x00, 0x00, 0x00, 0x00, 0x00, 0x00, 0x00, 0x00, 0x00, 0x00, 0xFF, 0xD7, 0x00, 0x00, 0x00, 0xFF,
    0xFF, 0x00, 0x00, 0x00, 0xFF, 0xFF, 0x00, 0x00, 0x00, 0xFF, 0xFF, 0x00, 0x00, 0x12, 0xFF, 0xFF,
    0x0F, 0x00, 0xA5, 0xFF, 0xFF, 0x88, 0x00, 0x00, 0xA2, 0x8B, 0x00,
};
