// Auto-generated VLW font: ibmplex_italic_14
// Size: 38945 bytes (38.0 KB)
#pragma once
#include <pgmspace.h>

const uint8_t ibmplex_italic_14[] PROGMEM = {
    0x00, 0x00, 0x01, 0x65, 0x00, 0x00, 0x00, 0x06, 0x00, 0x00, 0x00, 0x0E, 0x00, 0x00, 0x00, 0x00,
    0x00, 0x00, 0x00, 0x0F, 0x00, 0x00, 0x00, 0x04, 0x00, 0x00, 0x00, 0x20, 0x00, 0x00, 0x00, 0x00,
    0x00, 0x00, 0x00, 0x00, 0x00, 0x00, 0x00, 0x08, 0x00, 0x00, 0x00, 0x00, 0x00, 0x00, 0x00, 0x00,
    0x00, 0x00, 0x00, 0x00, 0x00, 0x00, 0x00, 0x21, 0x00, 0x00, 0x00, 0x0B, 0x00, 0x00, 0x00, 0x04,
    0x00, 0x00, 0x00, 0x08, 0x00, 0x00, 0x00, 0x0B, 0x00, 0x00, 0x00, 0x02, 0x00, 0x00, 0x00, 0x00,
    0x00, 0x00, 0x00, 0x22, 0x00, 0x00, 0x00, 0x05, 0x00, 0x00, 0x00, 0x06, 0x00, 0x00, 0x00, 0x08,
    0x00, 0x00, 0x00, 0x0B, 0x00, 0x00, 0x00, 0x02, 0x00, 0x00, 0x00, 0x00, 0x00, 0x00, 0x00, 0x23,
    0x00, 0x00, 0x00, 0x0B, 0x00, 0x00, 0x00, 0x08, 0x00, 0x00, 0x00, 0x08, 0x00, 0x00, 0x00, 0x0B,
    0x00, 0x00, 0x00, 0x00, 0x00, 0x00, 0x00, 0x00, 0x00, 0x00, 0x00, 0x24, 0x00, 0x00, 0x00, 0x0F,
    0x00, 0x00, 0x00, 0x08, 0x00, 0x00, 0x00, 0x08, 0x00, 0x00, 0x00, 0x0D, 0x00, 0x00, 0x00, 0x00,
    0x00, 0x00, 0x00, 0x00, 0x00, 0x00, 0x00, 0x25, 0x00, 0x00, 0x00, 0x0B, 0x00, 0x00, 0x00, 0x08,
    0x00, 0x00, 0x00, 0x08, 0x00, 0x00, 0x00, 0x0B, 0x00, 0x00, 0x00, 0x00, 0x00, 0x00, 0x00, 0x00,
    0x00, 0x00, 0x00, 0x26, 0x00, 0x00, 0x00, 0x0B, 0x00, 0x00, 0x00, 0x08, 0x00, 0x00, 0x00, 0x08,
    0x00, 0x00, 0x00, 0x0B, 0x00, 0x00, 0x00, 0x00, 0x00, 0x00, 0x00, 0x00, 0x00, 0x00, 0x00, 0x27,
    0x00, 0x00, 0x00, 0x05, 0x00, 0x00, 0x00, 0x02, 0x00, 0x00, 0x00, 0x08, 0x00, 0x00, 0x00, 0x0B,
    0x00, 0x00, 0x00, 0x04, 0x00, 0x00, 0x00, 0x00, 0x00, 0x00, 0x00, 0x28, 0x00, 0x00, 0x00, 0x0E,
    0x00, 0x00, 0x00, 0x06, 0x00, 0x00, 0x00, 0x08, 0x00, 0x00, 0x00, 0x0B, 0x00, 0x00, 0x00, 0x02,
    0x00, 0x00, 0x00, 0x00, 0x00, 0x00, 0x00, 0x29, 0x00, 0x00, 0x00, 0x0E, 0x00, 0x00, 0x00, 0x06,
    0x00, 0x00, 0x00, 0x08, 0x00, 0x00, 0x00, 0x0B, 0x00, 0x00, 0x00, 0x00, 0x00, 0x00, 0x00, 0x00,
    0x00, 0x00, 0x00, 0x2A, 0x00, 0x00, 0x00, 0x08, 0x00, 0x00, 0x00, 0x08, 0x00, 0x00, 0x00, 0x08,
    0x00, 0x00, 0x00, 0x08, 0x00, 0x00, 0x00, 0x00, 0x00, 0x00, 0x00, 0x00, 0x00, 0x00, 0x00, 0x2B,
    0x00, 0x00, 0x00, 0x07, 0x00, 0x00, 0x00, 0x08, 0x00, 0x00, 0x00, 0x08, 0x00, 0x00, 0x00, 0x08,
    0x00, 0x00, 0x00, 0x00, 0x00, 0x00, 0x00, 0x00, 0x00, 0x00, 0x00, 0x2C, 0x00, 0x00, 0x00, 0x04,
    0x00, 0x00, 0x00, 0x05, 0x00, 0x00, 0x00, 0x08, 0x00, 0x00, 0x00, 0x02, 0x00, 0x00, 0x00, 0x01,
    0x00, 0x00, 0x00, 0x00, 0x00, 0x00, 0x00, 0x2D, 0x00, 0x00, 0x00, 0x03, 0x00, 0x00, 0x00, 0x05,
    0x00, 0x00, 0x00, 0x08, 0x00, 0x00, 0x00, 0x06, 0x00, 0x00, 0x00, 0x02, 0x00, 0x00, 0x00, 0x00,
    0x00, 0x00, 0x00, 0x2E, 0x00, 0x00, 0x00, 0x03, 0x00, 0x00, 0x00, 0x03, 0x00, 0x00, 0x00, 0x08,
    0x00, 0x00, 0x00, 0x03, 0x00, 0x00, 0x00, 0x02, 0x00, 0x00, 0x00, 0x00, 0x00, 0x00, 0x00, 0x2F,
    0x00, 0x00, 0x00, 0x0E, 0x00, 0x00, 0x00, 0x08, 0x00, 0x00, 0x00, 0x08, 0x00, 0x00, 0x00, 0x0B,
    0x00, 0x00, 0x00, 0x00, 0x00, 0x00, 0x00, 0x00, 0x00, 0x00, 0x00, 0x30, 0x00, 0x00, 0x00, 0x0B,
    0x00, 0x00, 0x00, 0x08, 0x00, 0x00, 0x00, 0x08, 0x00, 0x00, 0x00, 0x0B, 0x00, 0x00, 0x00, 0x00,
    0x00, 0x00, 0x00, 0x00, 0x00, 0x00, 0x00, 0x31, 0x00, 0x00, 0x00, 0x0B, 0x00, 0x00, 0x00, 0x08,
    0x00, 0x00, 0x00, 0x08, 0x00, 0x00, 0x00, 0x0B, 0x00, 0x00, 0x00, 0x00, 0x00, 0x00, 0x00, 0x00,
    0x00, 0x00, 0x00, 0x32, 0x00, 0x00, 0x00, 0x0B, 0x00, 0x00, 0x00, 0x08, 0x00, 0x00, 0x00, 0x08,
    0x00, 0x00, 0x00, 0x0B, 0x00, 0x00, 0x00, 0x00, 0x00, 0x00, 0x00, 0x00, 0x00, 0x00, 0x00, 0x33,
    0x00, 0x00, 0x00, 0x0B, 0x00, 0x00, 0x00, 0x08, 0x00, 0x00, 0x00, 0x08, 0x00, 0x00, 0x00, 0x0B,
    0x00, 0x00, 0x00, 0x00, 0x00, 0x00, 0x00, 0x00, 0x00, 0x00, 0x00, 0x34, 0x00, 0x00, 0x00, 0x0B,
    0x00, 0x00, 0x00, 0x08, 0x00, 0x00, 0x00, 0x08, 0x00, 0x00, 0x00, 0x0B, 0x00, 0x00, 0x00, 0x00,
    0x00, 0x00, 0x00, 0x00, 0x00, 0x00, 0x00, 0x35, 0x00, 0x00, 0x00, 0x0B, 0x00, 0x00, 0x00, 0x08,
    0x00, 0x00, 0x00, 0x08, 0x00, 0x00, 0x00, 0x0B, 0x00, 0x00, 0x00, 0x00, 0x00, 0x00, 0x00, 0x00,
    0x00, 0x00, 0x00, 0x36, 0x00, 0x00, 0x00, 0x0B, 0x00, 0x00, 0x00, 0x08, 0x00, 0x00, 0x00, 0x08,
    0x00, 0x00, 0x00, 0x0B, 0x00, 0x00, 0x00, 0x00, 0x00, 0x00, 0x00, 0x00, 0x00, 0x00, 0x00, 0x37,
    0x00, 0x00, 0x00, 0x0B, 0x00, 0x00, 0x00, 0x07, 0x00, 0x00, 0x00, 0x08, 0x00, 0x00, 0x00, 0x0B,
    0x00, 0x00, 0x00, 0x01, 0x00, 0x00, 0x00, 0x00, 0x00, 0x00, 0x00, 0x38, 0x00, 0x00, 0x00, 0x0B,
    0x00, 0x00, 0x00, 0x08, 0x00, 0x00, 0x00, 0x08, 0x00, 0x00, 0x00, 0x0B, 0x00, 0x00, 0x00, 0x00,
    0x00, 0x00, 0x00, 0x00, 0x00, 0x00, 0x00, 0x39, 0x00, 0x00, 0x00, 0x0B, 0x00, 0x00, 0x00, 0x07,
    0x00, 0x00, 0x00, 0x08, 0x00, 0x00, 0x00, 0x0B, 0x00, 0x00, 0x00, 0x01, 0x00, 0x00, 0x00, 0x00,
    0x00, 0x00, 0x00, 0x3A, 0x00, 0x00, 0x00, 0x08, 0x00, 0x00, 0x00, 0x04, 0x00, 0x00, 0x00, 0x08,
    0x00, 0x00, 0x00, 0x08, 0x00, 0x00, 0x00, 0x02, 0x00, 0x00, 0x00, 0x00, 0x00, 0x00, 0x00, 0x3B,
    0x00, 0x00, 0x00, 0x0B, 0x00, 0x00, 0x00, 0x05, 0x00, 0x00, 0x00, 0x08, 0x00, 0x00, 0x00, 0x08,
    0x00, 0x00, 0x00, 0x01, 0x00, 0x00, 0x00, 0x00, 0x00, 0x00, 0x00, 0x3C, 0x00, 0x00, 0x00, 0x09,
    0x00, 0x00, 0x00, 0x07, 0x00, 0x00, 0x00, 0x08, 0x00, 0x00, 0x00, 0x09, 0x00, 0x00, 0x00, 0x01,
    0x00, 0x00, 0x00, 0x00, 0x00, 0x00, 0x00, 0x3D, 0x00, 0x00, 0x00, 0x04, 0x00, 0x00, 0x00, 0x08,
    0x00, 0x00, 0x00, 0x08, 0x00, 0x00, 0x00, 0x07, 0x00, 0x00, 0x00, 0x00, 0x00, 0x00, 0x00, 0x00,
    0x00, 0x00, 0x00, 0x3E, 0x00, 0x00, 0x00, 0x09, 0x00, 0x00, 0x00, 0x08, 0x00, 0x00, 0x00, 0x08,
    0x00, 0x00, 0x00, 0x09, 0x00, 0x00, 0x00, 0x00, 0x00, 0x00, 0x00, 0x00, 0x00, 0x00, 0x00, 0x3F,
    0x00, 0x00, 0x00, 0x0B, 0x00, 0x00, 0x00, 0x07, 0x00, 0x00, 0x00, 0x08, 0x00, 0x00, 0x00, 0x0B,
    0x00, 0x00, 0x00, 0x01, 0x00, 0x00, 0x00, 0x00, 0x00, 0x00, 0x00, 0x40, 0x00, 0x00, 0x00, 0x0C,
    0x00, 0x00, 0x00, 0x08, 0x00, 0x00, 0x00, 0x08, 0x00, 0x00, 0x00, 0x0B, 0x00, 0x00, 0x00, 0x00,
    0x00, 0x00, 0x00, 0x00, 0x00, 0x00, 0x00, 0x41, 0x00, 0x00, 0x00, 0x0B, 0x00, 0x00, 0x00, 0x08,
    0x00, 0x00, 0x00, 0x08, 0x00, 0x00, 0x00, 0x0B, 0x00, 0x00, 0x00, 0x00, 0x00, 0x00, 0x00, 0x00,
    0x00, 0x00, 0x00, 0x42, 0x00, 0x00, 0x00, 0x0B, 0x00, 0x00, 0x00, 0x08, 0x00, 0x00, 0x00, 0x08,
    0x00, 0x00, 0x00, 0x0B, 0x00, 0x00, 0x00, 0x00, 0x00, 0x00, 0x00, 0x00, 0x00, 0x00, 0x00, 0x43,
    0x00, 0x00, 0x00, 0x0B, 0x00, 0x00, 0x00, 0x07, 0x00, 0x00, 0x00, 0x08, 0x00, 0x00, 0x00, 0x0B,
    0x00, 0x00, 0x00, 0x01, 0x00, 0x00, 0x00, 0x00, 0x00, 0x00, 0x00, 0x44, 0x00, 0x00, 0x00, 0x0B,
    0x00, 0x00, 0x00, 0x08, 0x00, 0x00, 0x00, 0x08, 0x00, 0x00, 0x00, 0x0B, 0x00, 0x00, 0x00, 0x00,
    0x00, 0x00, 0x00, 0x00, 0x00, 0x00, 0x00, 0x45, 0x00, 0x00, 0x00, 0x0B, 0x00, 0x00, 0x00, 0x08,
    0x00, 0x00, 0x00, 0x08, 0x00, 0x00, 0x00, 0x0B, 0x00, 0x00, 0x00, 0x00, 0x00, 0x00, 0x00, 0x00,
    0x00, 0x00, 0x00, 0x46, 0x00, 0x00, 0x00, 0x0B, 0x00, 0x00, 0x00, 0x08, 0x00, 0x00, 0x00, 0x08,
    0x00, 0x00, 0x00, 0x0B, 0x00, 0x00, 0x00, 0x00, 0x00, 0x00, 0x00, 0x00, 0x00, 0x00, 0x00, 0x47,
    0x00, 0x00, 0x00, 0x0B, 0x00, 0x00, 0x00, 0x08, 0x00, 0x00, 0x00, 0x08, 0x00, 0x00, 0x00, 0x0B,
    0x00, 0x00, 0x00, 0x00, 0x00, 0x00, 0x00, 0x00, 0x00, 0x00, 0x00, 0x48, 0x00, 0x00, 0x00, 0x0B,
    0x00, 0x00, 0x00, 0x08, 0x00, 0x00, 0x00, 0x08, 0x00, 0x00, 0x00, 0x0B, 0x00, 0x00, 0x00, 0x00,
    0x00, 0x00, 0x00, 0x00, 0x00, 0x00, 0x00, 0x49, 0x00, 0x00, 0x00, 0x0B, 0x00, 0x00, 0x00, 0x08,
    0x00, 0x00, 0x00, 0x08, 0x00, 0x00, 0x00, 0x0B, 0x00, 0x00, 0x00, 0x00, 0x00, 0x00, 0x00, 0x00,
    0x00, 0x00, 0x00, 0x4A, 0x00, 0x00, 0x00, 0x0B, 0x00, 0x00, 0x00, 0x08, 0x00, 0x00, 0x00, 0x08,
    0x00, 0x00, 0x00, 0x0B, 0x00, 0x00, 0x00, 0x00, 0x00, 0x00, 0x00, 0x00, 0x00, 0x00, 0x00, 0x4B,
    0x00, 0x00, 0x00, 0x0B, 0x00, 0x00, 0x00, 0x08, 0x00, 0x00, 0x00, 0x08, 0x00, 0x00, 0x00, 0x0B,
    0x00, 0x00, 0x00, 0x00, 0x00, 0x00, 0x00, 0x00, 0x00, 0x00, 0x00, 0x4C, 0x00, 0x00, 0x00, 0x0B,
    0x00, 0x00, 0x00, 0x07, 0x00, 0x00, 0x00, 0x08, 0x00, 0x00, 0x00, 0x0B, 0x00, 0x00, 0x00, 0x01,
    0x00, 0x00, 0x00, 0x00, 0x00, 0x00, 0x00, 0x4D, 0x00, 0x00, 0x00, 0x0B, 0x00, 0x00, 0x00, 0x08,
    0x00, 0x00, 0x00, 0x08, 0x00, 0x00, 0x00, 0x0B, 0x00, 0x00, 0x00, 0x00, 0x00, 0x00, 0x00, 0x00,
    0x00, 0x00, 0x00, 0x4E, 0x00, 0x00, 0x00, 0x0B, 0x00, 0x00, 0x00, 0x08, 0x00, 0x00, 0x00, 0x08,
    0x00, 0x00, 0x00, 0x0B, 0x00, 0x00, 0x00, 0x00, 0x00, 0x00, 0x00, 0x00, 0x00, 0x00, 0x00, 0x4F,
    0x00, 0x00, 0x00, 0x0B, 0x00, 0x00, 0x00, 0x08, 0x00, 0x00, 0x00, 0x08, 0x00, 0x00, 0x00, 0x0B,
    0x00, 0x00, 0x00, 0x00, 0x00, 0x00, 0x00, 0x00, 0x00, 0x00, 0x00, 0x50, 0x00, 0x00, 0x00, 0x0B,
    0x00, 0x00, 0x00, 0x08, 0x00, 0x00, 0x00, 0x08, 0x00, 0x00, 0x00, 0x0B, 0x00, 0x00, 0x00, 0x00,
    0x00, 0x00, 0x00, 0x00, 0x00, 0x00, 0x00, 0x51, 0x00, 0x00, 0x00, 0x0E, 0x00, 0x00, 0x00, 0x08,
    0x00, 0x00, 0x00, 0x08, 0x00, 0x00, 0x00, 0x0B, 0x00, 0x00, 0x00, 0x00, 0x00, 0x00, 0x00, 0x00,
    0x00, 0x00, 0x00, 0x52, 0x00, 0x00, 0x00, 0x0B, 0x00, 0x00, 0x00, 0x08, 0x00, 0x00, 0x00, 0x08,
    0x00, 0x00, 0x00, 0x0B, 0x00, 0x00, 0x00, 0x00, 0x00, 0x00, 0x00, 0x00, 0x00, 0x00, 0x00, 0x53,
    0x00, 0x00, 0x00, 0x0B, 0x00, 0x00, 0x00, 0x08, 0x00, 0x00, 0x00, 0x08, 0x00, 0x00, 0x00, 0x0B,
    0x00, 0x00, 0x00, 0x00, 0x00, 0x00, 0x00, 0x00, 0x00, 0x00, 0x00, 0x54, 0x00, 0x00, 0x00, 0x0B,
    0x00, 0x00, 0x00, 0x07, 0x00, 0x00, 0x00, 0x08, 0x00, 0x00, 0x00, 0x0B, 0x00, 0x00, 0x00, 0x01,
    0x00, 0x00, 0x00, 0x00, 0x00, 0x00, 0x00, 0x55, 0x00, 0x00, 0x00, 0x0B, 0x00, 0x00, 0x00, 0x07,
    0x00, 0x00, 0x00, 0x08, 0x00, 0x00, 0x00, 0x0B, 0x00, 0x00, 0x00, 0x01, 0x00, 0x00, 0x00, 0x00,
    0x00, 0x00, 0x00, 0x56, 0x00, 0x00, 0x00, 0x0B, 0x00, 0x00, 0x00, 0x07, 0x00, 0x00, 0x00, 0x08,
    0x00, 0x00, 0x00, 0x0B, 0x00, 0x00, 0x00, 0x01, 0x00, 0x00, 0x00, 0x00, 0x00, 0x00, 0x00, 0x57,
    0x00, 0x00, 0x00, 0x0B, 0x00, 0x00, 0x00, 0x08, 0x00, 0x00, 0x00, 0x08, 0x00, 0x00, 0x00, 0x0B,
    0x00, 0x00, 0x00, 0x00, 0x00, 0x00, 0x00, 0x00, 0x00, 0x00, 0x00, 0x58, 0x00, 0x00, 0x00, 0x0B,
    0x00, 0x00, 0x00, 0x08, 0x00, 0x00, 0x00, 0x08, 0x00, 0x00, 0x00, 0x0B, 0x00, 0x00, 0x00, 0x00,
    0x00, 0x00, 0x00, 0x00, 0x00, 0x00, 0x00, 0x59, 0x00, 0x00, 0x00, 0x0B, 0x00, 0x00, 0x00, 0x07,
    0x00, 0x00, 0x00, 0x08, 0x00, 0x00, 0x00, 0x0B, 0x00, 0x00, 0x00, 0x01, 0x00, 0x00, 0x00, 0x00,
    0x00, 0x00, 0x00, 0x5A, 0x00, 0x00, 0x00, 0x0B, 0x00, 0x00, 0x00, 0x08, 0x00, 0x00, 0x00, 0x08,
    0x00, 0x00, 0x00, 0x0B, 0x00, 0x00, 0x00, 0x00, 0x00, 0x00, 0x00, 0x00, 0x00, 0x00, 0x00, 0x5B,
    0x00, 0x00, 0x00, 0x0E, 0x00, 0x00, 0x00, 0x06, 0x00, 0x00, 0x00, 0x08, 0x00, 0x00, 0x00, 0x0B,
    0x00, 0x00, 0x00, 0x02, 0x00, 0x00, 0x00, 0x00, 0x00, 0x00, 0x00, 0x5C, 0x00, 0x00, 0x00, 0x0E,
    0x00, 0x00, 0x00, 0x05, 0x00, 0x00, 0x00, 0x08, 0x00, 0x00, 0x00, 0x0B, 0x00, 0x00, 0x00, 0x02,
    0x00, 0x00, 0x00, 0x00, 0x00, 0x00, 0x00, 0x5D, 0x00, 0x00, 0x00, 0x0E, 0x00, 0x00, 0x00, 0x07,
    0x00, 0x00, 0x00, 0x08, 0x00, 0x00, 0x00, 0x0B, 0x00, 0x00, 0x00, 0x00, 0x00, 0x00, 0x00, 0x00,
    0x00, 0x00, 0x00, 0x5E, 0x00, 0x00, 0x00, 0x07, 0x00, 0x00, 0x00, 0x08, 0x00, 0x00, 0x00, 0x08,
    0x00, 0x00, 0x00, 0x0B, 0x00, 0x00, 0x00, 0x00, 0x00, 0x00, 0x00, 0x00, 0x00, 0x00, 0x00, 0x5F,
    0x00, 0x00, 0x00, 0x02, 0x00, 0x00, 0x00, 0x07, 0x00, 0x00, 0x00, 0x08, 0xFF, 0xFF, 0xFF, 0xFF,
    0x00, 0x00, 0x00, 0x00, 0x00, 0x00, 0x00, 0x00, 0x00, 0x00, 0x00, 0x60, 0x00, 0x00, 0x00, 0x04,
    0x00, 0x00, 0x00, 0x02, 0x00, 0x00, 0x00, 0x08, 0x00, 0x00, 0x00, 0x0C, 0x00, 0x00, 0x00, 0x03,
    0x00, 0x00, 0x00, 0x00, 0x00, 0x00, 0x00, 0x61, 0x00, 0x00, 0x00, 0x08, 0x00, 0x00, 0x00, 0x08,
    0x00, 0x00, 0x00, 0x08, 0x00, 0x00, 0x00, 0x08, 0x00, 0x00, 0x00, 0x00, 0x00, 0x00, 0x00, 0x00,
    0x00, 0x00, 0x00, 0x62, 0x00, 0x00, 0x00, 0x0B, 0x00, 0x00, 0x00, 0x08, 0x00, 0x00, 0x00, 0x08,
    0x00, 0x00, 0x00, 0x0B, 0x00, 0x00, 0x00, 0x00, 0x00, 0x00, 0x00, 0x00, 0x00, 0x00, 0x00, 0x63,
    0x00, 0x00, 0x00, 0x08, 0x00, 0x00, 0x00, 0x07, 0x00, 0x00, 0x00, 0x08, 0x00, 0x00, 0x00, 0x08,
    0x00, 0x00, 0x00, 0x01, 0x00, 0x00, 0x00, 0x00, 0x00, 0x00, 0x00, 0x64, 0x00, 0x00, 0x00, 0x0B,
    0x00, 0x00, 0x00, 0x08, 0x00, 0x00, 0x00, 0x08, 0x00, 0x00, 0x00, 0x0B, 0x00, 0x00, 0x00, 0x00,
    0x00, 0x00, 0x00, 0x00, 0x00, 0x00, 0x00, 0x65, 0x00, 0x00, 0x00, 0x08, 0x00, 0x00, 0x00, 0x07,
    0x00, 0x00, 0x00, 0x08, 0x00, 0x00, 0x00, 0x08, 0x00, 0x00, 0x00, 0x01, 0x00, 0x00, 0x00, 0x00,
    0x00, 0x00, 0x00, 0x66, 0x00, 0x00, 0x00, 0x0E, 0x00, 0x00, 0x00, 0x08, 0x00, 0x00, 0x00, 0x08,
    0x00, 0x00, 0x00, 0x0B, 0x00, 0x00, 0x00, 0x00, 0x00, 0x00, 0x00, 0x00, 0x00, 0x00, 0x00, 0x67,
    0x00, 0x00, 0x00, 0x0B, 0x00, 0x00, 0x00, 0x08, 0x00, 0x00, 0x00, 0x08, 0x00, 0x00, 0x00, 0x08,
    0x00, 0x00, 0x00, 0x00, 0x00, 0x00, 0x00, 0x00, 0x00, 0x00, 0x00, 0x68, 0x00, 0x00, 0x00, 0x0B,
    0x00, 0x00, 0x00, 0x08, 0x00, 0x00, 0x00, 0x08, 0x00, 0x00, 0x00, 0x0B, 0x00, 0x00, 0x00, 0x00,
    0x00, 0x00, 0x00, 0x00, 0x00, 0x00, 0x00, 0x69, 0x00, 0x00, 0x00, 0x0B, 0x00, 0x00, 0x00, 0x07,
    0x00, 0x00, 0x00, 0x08, 0x00, 0x00, 0x00, 0x0B, 0x00, 0x00, 0x00, 0x01, 0x00, 0x00, 0x00, 0x00,
    0x00, 0x00, 0x00, 0x6A, 0x00, 0x00, 0x00, 0x0E, 0x00, 0x00, 0x00, 0x08, 0x00, 0x00, 0x00, 0x08,
    0x00, 0x00, 0x00, 0x0B, 0x00, 0x00, 0x00, 0x00, 0x00, 0x00, 0x00, 0x00, 0x00, 0x00, 0x00, 0x6B,
    0x00, 0x00, 0x00, 0x0B, 0x00, 0x00, 0x00, 0x08, 0x00, 0x00, 0x00, 0x08, 0x00, 0x00, 0x00, 0x0B,
    0x00, 0x00, 0x00, 0x00, 0x00, 0x00, 0x00, 0x00, 0x00, 0x00, 0x00, 0x6C, 0x00, 0x00, 0x00, 0x0B,
    0x00, 0x00, 0x00, 0x07, 0x00, 0x00, 0x00, 0x08, 0x00, 0x00, 0x00, 0x0B, 0x00, 0x00, 0x00, 0x01,
    0x00, 0x00, 0x00, 0x00, 0x00, 0x00, 0x00, 0x6D, 0x00, 0x00, 0x00, 0x08, 0x00, 0x00, 0x00, 0x08,
    0x00, 0x00, 0x00, 0x08, 0x00, 0x00, 0x00, 0x08, 0x00, 0x00, 0x00, 0x00, 0x00, 0x00, 0x00, 0x00,
    0x00, 0x00, 0x00, 0x6E, 0x00, 0x00, 0x00, 0x08, 0x00, 0x00, 0x00, 0x08, 0x00, 0x00, 0x00, 0x08,
    0x00, 0x00, 0x00, 0x08, 0x00, 0x00, 0x00, 0x00, 0x00, 0x00, 0x00, 0x00, 0x00, 0x00, 0x00, 0x6F,
    0x00, 0x00, 0x00, 0x08, 0x00, 0x00, 0x00, 0x08, 0x00, 0x00, 0x00, 0x08, 0x00, 0x00, 0x00, 0x08,
    0x00, 0x00, 0x00, 0x00, 0x00, 0x00, 0x00, 0x00, 0x00, 0x00, 0x00, 0x70, 0x00, 0x00, 0x00, 0x0B,
    0x00, 0x00, 0x00, 0x08, 0x00, 0x00, 0x00, 0x08, 0x00, 0x00, 0x00, 0x08, 0x00, 0x00, 0x00, 0x00,
    0x00, 0x00, 0x00, 0x00, 0x00, 0x00, 0x00, 0x71, 0x00, 0x00, 0x00, 0x0B, 0x00, 0x00, 0x00, 0x08,
    0x00, 0x00, 0x00, 0x08, 0x00, 0x00, 0x00, 0x08, 0x00, 0x00, 0x00, 0x00, 0x00, 0x00, 0x00, 0x00,
    0x00, 0x00, 0x00, 0x72, 0x00, 0x00, 0x00, 0x08, 0x00, 0x00, 0x00, 0x07, 0x00, 0x00, 0x00, 0x08,
    0x00, 0x00, 0x00, 0x08, 0x00, 0x00, 0x00, 0x01, 0x00, 0x00, 0x00, 0x00, 0x00, 0x00, 0x00, 0x73,
    0x00, 0x00, 0x00, 0x08, 0x00, 0x00, 0x00, 0x08, 0x00, 0x00, 0x00, 0x08, 0x00, 0x00, 0x00, 0x08,
    0x00, 0x00, 0x00, 0x00, 0x00, 0x00, 0x00, 0x00, 0x00, 0x00, 0x00, 0x74, 0x00, 0x00, 0x00, 0x0B,
    0x00, 0x00, 0x00, 0x07, 0x00, 0x00, 0x00, 0x08, 0x00, 0x00, 0x00, 0x0B, 0x00, 0x00, 0x00, 0x01,
    0x00, 0x00, 0x00, 0x00, 0x00, 0x00, 0x00, 0x75, 0x00, 0x00, 0x00, 0x08, 0x00, 0x00, 0x00, 0x07,
    0x00, 0x00, 0x00, 0x08, 0x00, 0x00, 0x00, 0x08, 0x00, 0x00, 0x00, 0x01, 0x00, 0x00, 0x00, 0x00,
    0x00, 0x00, 0x00, 0x76, 0x00, 0x00, 0x00, 0x09, 0x00, 0x00, 0x00, 0x08, 0x00, 0x00, 0x00, 0x08,
    0x00, 0x00, 0x00, 0x09, 0x00, 0x00, 0x00, 0x00, 0x00, 0x00, 0x00, 0x00, 0x00, 0x00, 0x00, 0x77,
    0x00, 0x00, 0x00, 0x09, 0x00, 0x00, 0x00, 0x08, 0x00, 0x00, 0x00, 0x08, 0x00, 0x00, 0x00, 0x09,
    0x00, 0x00, 0x00, 0x00, 0x00, 0x00, 0x00, 0x00, 0x00, 0x00, 0x00, 0x78, 0x00, 0x00, 0x00, 0x08,
    0x00, 0x00, 0x00, 0x08, 0x00, 0x00, 0x00, 0x08, 0x00, 0x00, 0x00, 0x08, 0x00, 0x00, 0x00, 0x00,
    0x00, 0x00, 0x00, 0x00, 0x00, 0x00, 0x00, 0x79, 0x00, 0x00, 0x00, 0x0B, 0x00, 0x00, 0x00, 0x08,
    0x00, 0x00, 0x00, 0x08, 0x00, 0x00, 0x00, 0x08, 0x00, 0x00, 0x00, 0x00, 0x00, 0x00, 0x00, 0x00,
    0x00, 0x00, 0x00, 0x7A, 0x00, 0x00, 0x00, 0x08, 0x00, 0x00, 0x00, 0x08, 0x00, 0x00, 0x00, 0x08,
    0x00, 0x00, 0x00, 0x08, 0x00, 0x00, 0x00, 0x00, 0x00, 0x00, 0x00, 0x00, 0x00, 0x00, 0x00, 0x7B,
    0x00, 0x00, 0x00, 0x0E, 0x00, 0x00, 0x00, 0x07, 0x00, 0x00, 0x00, 0x08, 0x00, 0x00, 0x00, 0x0B,
    0x00, 0x00, 0x00, 0x01, 0x00, 0x00, 0x00, 0x00, 0x00, 0x00, 0x00, 0x7C, 0x00, 0x00, 0x00, 0x0E,
    0x00, 0x00, 0x00, 0x04, 0x00, 0x00, 0x00, 0x08, 0x00, 0x00, 0x00, 0x0B, 0x00, 0x00, 0x00, 0x02,
    0x00, 0x00, 0x00, 0x00, 0x00, 0x00, 0x00, 0x7D, 0x00, 0x00, 0x00, 0x0E, 0x00, 0x00, 0x00, 0x08,
    0x00, 0x00, 0x00, 0x08, 0x00, 0x00, 0x00, 0x0B, 0x00, 0x00, 0x00, 0x00, 0x00, 0x00, 0x00, 0x00,
    0x00, 0x00, 0x00, 0x7E, 0x00, 0x00, 0x00, 0x04, 0x00, 0x00, 0x00, 0x08, 0x00, 0x00, 0x00, 0x08,
    0x00, 0x00, 0x00, 0x06, 0x00, 0x00, 0x00, 0x00, 0x00, 0x00, 0x00, 0x00, 0x00, 0x00, 0x00, 0xA0,
    0x00, 0x00, 0x00, 0x00, 0x00, 0x00, 0x00, 0x00, 0x00, 0x00, 0x00, 0x08, 0x00, 0x00, 0x00, 0x00,
    0x00, 0x00, 0x00, 0x00, 0x00, 0x00, 0x00, 0x00, 0x00, 0x00, 0x00, 0xA1, 0x00, 0x00, 0x00, 0x0B,
    0x00, 0x00, 0x00, 0x04, 0x00, 0x00, 0x00, 0x08, 0x00, 0x00, 0x00, 0x08, 0x00, 0x00, 0x00, 0x02,
    0x00, 0x00, 0x00, 0x00, 0x00, 0x00, 0x00, 0xA2, 0x00, 0x00, 0x00, 0x0C, 0x00, 0x00, 0x00, 0x07,
    0x00, 0x00, 0x00, 0x08, 0x00, 0x00, 0x00, 0x0A, 0x00, 0x00, 0x00, 0x01, 0x00, 0x00, 0x00, 0x00,
    0x00, 0x00, 0x00, 0xA3, 0x00, 0x00, 0x00, 0x0B, 0x00, 0x00, 0x00, 0x08, 0x00, 0x00, 0x00, 0x08,
    0x00, 0x00, 0x00, 0x0B, 0x00, 0x00, 0x00, 0x00, 0x00, 0x00, 0x00, 0x00, 0x00, 0x00, 0x00, 0xA4,
    0x00, 0x00, 0x00, 0x0B, 0x00, 0x00, 0x00, 0x08, 0x00, 0x00, 0x00, 0x08, 0x00, 0x00, 0x00, 0x0B,
    0x00, 0x00, 0x00, 0x00, 0x00, 0x00, 0x00, 0x00, 0x00, 0x00, 0x00, 0xA5, 0x00, 0x00, 0x00, 0x0B,
    0x00, 0x00, 0x00, 0x08, 0x00, 0x00, 0x00, 0x08, 0x00, 0x00, 0x00, 0x0B, 0x00, 0x00, 0x00, 0x00,
    0x00, 0x00, 0x00, 0x00, 0x00, 0x00, 0x00, 0xA6, 0x00, 0x00, 0x00, 0x0E, 0x00, 0x00, 0x00, 0x04,
    0x00, 0x00, 0x00, 0x08, 0x00, 0x00, 0x00, 0x0B, 0x00, 0x00, 0x00, 0x02, 0x00, 0x00, 0x00, 0x00,
    0x00, 0x00, 0x00, 0xA7, 0x00, 0x00, 0x00, 0x0E, 0x00, 0x00, 0x00, 0x08, 0x00, 0x00, 0x00, 0x08,
    0x00, 0x00, 0x00, 0x0B, 0x00, 0x00, 0x00, 0x00, 0x00, 0x00, 0x00, 0x00, 0x00, 0x00, 0x00, 0xA8,
    0x00, 0x00, 0x00, 0x02, 0x00, 0x00, 0x00, 0x05, 0x00, 0x00, 0x00, 0x08, 0x00, 0x00, 0x00, 0x0B,
    0x00, 0x00, 0x00, 0x02, 0x00, 0x00, 0x00, 0x00, 0x00, 0x00, 0x00, 0xA9, 0x00, 0x00, 0x00, 0x0A,
    0x00, 0x00, 0x00, 0x08, 0x00, 0x00, 0x00, 0x08, 0x00, 0x00, 0x00, 0x0A, 0x00, 0x00, 0x00, 0x00,
    0x00, 0x00, 0x00, 0x00, 0x00, 0x00, 0x00, 0xAA, 0x00, 0x00, 0x00, 0x05, 0x00, 0x00, 0x00, 0x05,
    0x00, 0x00, 0x00, 0x08, 0x00, 0x00, 0x00, 0x0A, 0x00, 0x00, 0x00, 0x02, 0x00, 0x00, 0x00, 0x00,
    0x00, 0x00, 0x00, 0xAB, 0x00, 0x00, 0x00, 0x08, 0x00, 0x00, 0x00, 0x08, 0x00, 0x00, 0x00, 0x08,
    0x00, 0x00, 0x00, 0x08, 0x00, 0x00, 0x00, 0x00, 0x00, 0x00, 0x00, 0x00, 0x00, 0x00, 0x00, 0xAC,
    0x00, 0x00, 0x00, 0x04, 0x00, 0x00, 0x00, 0x08, 0x00, 0x00, 0x00, 0x08, 0x00, 0x00, 0x00, 0x05,
    0x00, 0x00, 0x00, 0x00, 0x00, 0x00, 0x00, 0x00, 0x00, 0x00, 0x00, 0xAD, 0x00, 0x00, 0x00, 0x03,
    0x00, 0x00, 0x00, 0x05, 0x00, 0x00, 0x00, 0x08, 0x00, 0x00, 0x00, 0x06, 0x00, 0x00, 0x00, 0x02,
    0x00, 0x00, 0x00, 0x00, 0x00, 0x00, 0x00, 0xAE, 0x00, 0x00, 0x00, 0x06, 0x00, 0x00, 0x00, 0x06,
    0x00, 0x00, 0x00, 0x08, 0x00, 0x00, 0x00, 0x0B, 0x00, 0x00, 0x00, 0x02, 0x00, 0x00, 0x00, 0x00,
    0x00, 0x00, 0x00, 0xAF, 0x00, 0x00, 0x00, 0x02, 0x00, 0x00, 0x00, 0x05, 0x00, 0x00, 0x00, 0x08,
    0x00, 0x00, 0x00, 0x0B, 0x00, 0x00, 0x00, 0x02, 0x00, 0x00, 0x00, 0x00, 0x00, 0x00, 0x00, 0xB0,
    0x00, 0x00, 0x00, 0x05, 0x00, 0x00, 0x00, 0x06, 0x00, 0x00, 0x00, 0x08, 0x00, 0x00, 0x00, 0x0B,
    0x00, 0x00, 0x00, 0x02, 0x00, 0x00, 0x00, 0x00, 0x00, 0x00, 0x00, 0xB1, 0x00, 0x00, 0x00, 0x0A,
    0x00, 0x00, 0x00, 0x08, 0x00, 0x00, 0x00, 0x08, 0x00, 0x00, 0x00, 0x0A, 0x00, 0x00, 0x00, 0x00,
    0x00, 0x00, 0x00, 0x00, 0x00, 0x00, 0x00, 0xB2, 0x00, 0x00, 0x00, 0x05, 0x00, 0x00, 0x00, 0x05,
    0x00, 0x00, 0x00, 0x08, 0x00, 0x00, 0x00, 0x0A, 0x00, 0x00, 0x00, 0x02, 0x00, 0x00, 0x00, 0x00,
    0x00, 0x00, 0x00, 0xB3, 0x00, 0x00, 0x00, 0x05, 0x00, 0x00, 0x00, 0x05, 0x00, 0x00, 0x00, 0x08,
    0x00, 0x00, 0x00, 0x0A, 0x00, 0x00, 0x00, 0x02, 0x00, 0x00, 0x00, 0x00, 0x00, 0x00, 0x00, 0xB4,
    0x00, 0x00, 0x00, 0x04, 0x00, 0x00, 0x00, 0x04, 0x00, 0x00, 0x00, 0x08, 0x00, 0x00, 0x00, 0x0C,
    0x00, 0x00, 0x00, 0x03, 0x00, 0x00, 0x00, 0x00, 0x00, 0x00, 0x00, 0xB5, 0x00, 0x00, 0x00, 0x0B,
    0x00, 0x00, 0x00, 0x08, 0x00, 0x00, 0x00, 0x08, 0x00, 0x00, 0x00, 0x08, 0x00, 0x00, 0x00, 0x00,
    0x00, 0x00, 0x00, 0x00, 0x00, 0x00, 0x00, 0xB6, 0x00, 0x00, 0x00, 0x0D, 0x00, 0x00, 0x00, 0x07,
    0x00, 0x00, 0x00, 0x08, 0x00, 0x00, 0x00, 0x0B, 0x00, 0x00, 0x00, 0x01, 0x00, 0x00, 0x00, 0x00,
    0x00, 0x00, 0x00, 0xB7, 0x00, 0x00, 0x00, 0x03, 0x00, 0x00, 0x00, 0x03, 0x00, 0x00, 0x00, 0x08,
    0x00, 0x00, 0x00, 0x07, 0x00, 0x00, 0x00, 0x03, 0x00, 0x00, 0x00, 0x00, 0x00, 0x00, 0x00, 0xB8,
    0x00, 0x00, 0x00, 0x04, 0x00, 0x00, 0x00, 0x04, 0x00, 0x00, 0x00, 0x08, 0x00, 0x00, 0x00, 0x01,
    0x00, 0x00, 0x00, 0x02, 0x00, 0x00, 0x00, 0x00, 0x00, 0x00, 0x00, 0xB9, 0x00, 0x00, 0x00, 0x05,
    0x00, 0x00, 0x00, 0x05, 0x00, 0x00, 0x00, 0x08, 0x00, 0x00, 0x00, 0x0A, 0x00, 0x00, 0x00, 0x02,
    0x00, 0x00, 0x00, 0x00, 0x00, 0x00, 0x00, 0xBA, 0x00, 0x00, 0x00, 0x05, 0x00, 0x00, 0x00, 0x06,
    0x00, 0x00, 0x00, 0x08, 0x00, 0x00, 0x00, 0x0A, 0x00, 0x00, 0x00, 0x02, 0x00, 0x00, 0x00, 0x00,
    0x00, 0x00, 0x00, 0xBB, 0x00, 0x00, 0x00, 0x08, 0x00, 0x00, 0x00, 0x08, 0x00, 0x00, 0x00, 0x08,
    0x00, 0x00, 0x00, 0x08, 0x00, 0x00, 0x00, 0x00, 0x00, 0x00, 0x00, 0x00, 0x00, 0x00, 0x00, 0xBC,
    0x00, 0x00, 0x00, 0x0B, 0x00, 0x00, 0x00, 0x08, 0x00, 0x00, 0x00, 0x08, 0x00, 0x00, 0x00, 0x0B,
    0x00, 0x00, 0x00, 0x00, 0x00, 0x00, 0x00, 0x00, 0x00, 0x00, 0x00, 0xBD, 0x00, 0x00, 0x00, 0x0B,
    0x00, 0x00, 0x00, 0x08, 0x00, 0x00, 0x00, 0x08, 0x00, 0x00, 0x00, 0x0B, 0x00, 0x00, 0x00, 0x00,
    0x00, 0x00, 0x00, 0x00, 0x00, 0x00, 0x00, 0xBE, 0x00, 0x00, 0x00, 0x0B, 0x00, 0x00, 0x00, 0x08,
    0x00, 0x00, 0x00, 0x08, 0x00, 0x00, 0x00, 0x0B, 0x00, 0x00, 0x00, 0x00, 0x00, 0x00, 0x00, 0x00,
    0x00, 0x00, 0x00, 0xBF, 0x00, 0x00, 0x00, 0x0B, 0x00, 0x00, 0x00, 0x07, 0x00, 0x00, 0x00, 0x08,
    0x00, 0x00, 0x00, 0x08, 0x00, 0x00, 0x00, 0x00, 0x00, 0x00, 0x00, 0x00, 0x00, 0x00, 0x00, 0xC0,
    0x00, 0x00, 0x00, 0x0F, 0x00, 0x00, 0x00, 0x08, 0x00, 0x00, 0x00, 0x08, 0x00, 0x00, 0x00, 0x0F,
    0x00, 0x00, 0x00, 0x00, 0x00, 0x00, 0x00, 0x00, 0x00, 0x00, 0x00, 0xC1, 0x00, 0x00, 0x00, 0x0F,
    0x00, 0x00, 0x00, 0x08, 0x00, 0x00, 0x00, 0x08, 0x00, 0x00, 0x00, 0x0F, 0x00, 0x00, 0x00, 0x00,
    0x00, 0x00, 0x00, 0x00, 0x00, 0x00, 0x00, 0xC2, 0x00, 0x00, 0x00, 0x0F, 0x00, 0x00, 0x00, 0x08,
    0x00, 0x00, 0x00, 0x08, 0x00, 0x00, 0x00, 0x0F, 0x00, 0x00, 0x00, 0x00, 0x00, 0x00, 0x00, 0x00,
    0x00, 0x00, 0x00, 0xC3, 0x00, 0x00, 0x00, 0x0E, 0x00, 0x00, 0x00, 0x08, 0x00, 0x00, 0x00, 0x08,
    0x00, 0x00, 0x00, 0x0E, 0x00, 0x00, 0x00, 0x00, 0x00, 0x00, 0x00, 0x00, 0x00, 0x00, 0x00, 0xC4,
    0x00, 0x00, 0x00, 0x0E, 0x00, 0x00, 0x00, 0x08, 0x00, 0x00, 0x00, 0x08, 0x00, 0x00, 0x00, 0x0E,
    0x00, 0x00, 0x00, 0x00, 0x00, 0x00, 0x00, 0x00, 0x00, 0x00, 0x00, 0xC5, 0x00, 0x00, 0x00, 0x10,
    0x00, 0x00, 0x00, 0x08, 0x00, 0x00, 0x00, 0x08, 0x00, 0x00, 0x00, 0x10, 0x00, 0x00, 0x00, 0x00,
    0x00, 0x00, 0x00, 0x00, 0x00, 0x00, 0x00, 0xC6, 0x00, 0x00, 0x00, 0x0B, 0x00, 0x00, 0x00, 0x08,
    0x00, 0x00, 0x00, 0x08, 0x00, 0x00, 0x00, 0x0B, 0x00, 0x00, 0x00, 0x00, 0x00, 0x00, 0x00, 0x00,
    0x00, 0x00, 0x00, 0xC7, 0x00, 0x00, 0x00, 0x0E, 0x00, 0x00, 0x00, 0x07, 0x00, 0x00, 0x00, 0x08,
    0x00, 0x00, 0x00, 0x0B, 0x00, 0x00, 0x00, 0x01, 0x00, 0x00, 0x00, 0x00, 0x00, 0x00, 0x00, 0xC8,
    0x00, 0x00, 0x00, 0x0F, 0x00, 0x00, 0x00, 0x08, 0x00, 0x00, 0x00, 0x08, 0x00, 0x00, 0x00, 0x0F,
    0x00, 0x00, 0x00, 0x00, 0x00, 0x00, 0x00, 0x00, 0x00, 0x00, 0x00, 0xC9, 0x00, 0x00, 0x00, 0x0F,
    0x00, 0x00, 0x00, 0x08, 0x00, 0x00, 0x00, 0x08, 0x00, 0x00, 0x00, 0x0F, 0x00, 0x00, 0x00, 0x00,
    0x00, 0x00, 0x00, 0x00, 0x00, 0x00, 0x00, 0xCA, 0x00, 0x00, 0x00, 0x0F, 0x00, 0x00, 0x00, 0x08,
    0x00, 0x00, 0x00, 0x08, 0x00, 0x00, 0x00, 0x0F, 0x00, 0x00, 0x00, 0x00, 0x00, 0x00, 0x00, 0x00,
    0x00, 0x00, 0x00, 0xCB, 0x00, 0x00, 0x00, 0x0E, 0x00, 0x00, 0x00, 0x08, 0x00, 0x00, 0x00, 0x08,
    0x00, 0x00, 0x00, 0x0E, 0x00, 0x00, 0x00, 0x00, 0x00, 0x00, 0x00, 0x00, 0x00, 0x00, 0x00, 0xCC,
    0x00, 0x00, 0x00, 0x0F, 0x00, 0x00, 0x00, 0x08, 0x00, 0x00, 0x00, 0x08, 0x00, 0x00, 0x00, 0x0F,
    0x00, 0x00, 0x00, 0x00, 0x00, 0x00, 0x00, 0x00, 0x00, 0x00, 0x00, 0xCD, 0x00, 0x00, 0x00, 0x0F,
    0x00, 0x00, 0x00, 0x08, 0x00, 0x00, 0x00, 0x08, 0x00, 0x00, 0x00, 0x0F, 0x00, 0x00, 0x00, 0x00,
    0x00, 0x00, 0x00, 0x00, 0x00, 0x00, 0x00, 0xCE, 0x00, 0x00, 0x00, 0x0F, 0x00, 0x00, 0x00, 0x08,
    0x00, 0x00, 0x00, 0x08, 0x00, 0x00, 0x00, 0x0F, 0x00, 0x00, 0x00, 0x00, 0x00, 0x00, 0x00, 0x00,
    0x00, 0x00, 0x00, 0xCF, 0x00, 0x00, 0x00, 0x0E, 0x00, 0x00, 0x00, 0x08, 0x00, 0x00, 0x00, 0x08,
    0x00, 0x00, 0x00, 0x0E, 0x00, 0x00, 0x00, 0x00, 0x00, 0x00, 0x00, 0x00, 0x00, 0x00, 0x00, 0xD0,
    0x00, 0x00, 0x00, 0x0B, 0x00, 0x00, 0x00, 0x08, 0x00, 0x00, 0x00, 0x08, 0x00, 0x00, 0x00, 0x0B,
    0x00, 0x00, 0x00, 0x00, 0x00, 0x00, 0x00, 0x00, 0x00, 0x00, 0x00, 0xD1, 0x00, 0x00, 0x00, 0x0E,
    0x00, 0x00, 0x00, 0x08, 0x00, 0x00, 0x00, 0x08, 0x00, 0x00, 0x00, 0x0E, 0x00, 0x00, 0x00, 0x00,
    0x00, 0x00, 0x00, 0x00, 0x00, 0x00, 0x00, 0xD2, 0x00, 0x00, 0x00, 0x0F, 0x00, 0x00, 0x00, 0x08,
    0x00, 0x00, 0x00, 0x08, 0x00, 0x00, 0x00, 0x0F, 0x00, 0x00, 0x00, 0x00, 0x00, 0x00, 0x00, 0x00,
    0x00, 0x00, 0x00, 0xD3, 0x00, 0x00, 0x00, 0x0F, 0x00, 0x00, 0x00, 0x08, 0x00, 0x00, 0x00, 0x08,
    0x00, 0x00, 0x00, 0x0F, 0x00, 0x00, 0x00, 0x00, 0x00, 0x00, 0x00, 0x00, 0x00, 0x00, 0x00, 0xD4,
    0x00, 0x00, 0x00, 0x0F, 0x00, 0x00, 0x00, 0x08, 0x00, 0x00, 0x00, 0x08, 0x00, 0x00, 0x00, 0x0F,
    0x00, 0x00, 0x00, 0x00, 0x00, 0x00, 0x00, 0x00, 0x00, 0x00, 0x00, 0xD5, 0x00, 0x00, 0x00, 0x0E,
    0x00, 0x00, 0x00, 0x08, 0x00, 0x00, 0x00, 0x08, 0x00, 0x00, 0x00, 0x0E, 0x00, 0x00, 0x00, 0x00,
    0x00, 0x00, 0x00, 0x00, 0x00, 0x00, 0x00, 0xD6, 0x00, 0x00, 0x00, 0x0E, 0x00, 0x00, 0x00, 0x08,
    0x00, 0x00, 0x00, 0x08, 0x00, 0x00, 0x00, 0x0E, 0x00, 0x00, 0x00, 0x00, 0x00, 0x00, 0x00, 0x00,
    0x00, 0x00, 0x00, 0xD7, 0x00, 0x00, 0x00, 0x07, 0x00, 0x00, 0x00, 0x08, 0x00, 0x00, 0x00, 0x08,
    0x00, 0x00, 0x00, 0x08, 0x00, 0x00, 0x00, 0x00, 0x00, 0x00, 0x00, 0x00, 0x00, 0x00, 0x00, 0xD8,
    0x00, 0x00, 0x00, 0x0D, 0x00, 0x00, 0x00, 0x08, 0x00, 0x00, 0x00, 0x08, 0x00, 0x00, 0x00, 0x0C,
    0x00, 0x00, 0x00, 0x00, 0x00, 0x00, 0x00, 0x00, 0x00, 0x00, 0x00, 0xD9, 0x00, 0x00, 0x00, 0x0F,
    0x00, 0x00, 0x00, 0x07, 0x00, 0x00, 0x00, 0x08, 0x00, 0x00, 0x00, 0x0F, 0x00, 0x00, 0x00, 0x01,
    0x00, 0x00, 0x00, 0x00, 0x00, 0x00, 0x00, 0xDA, 0x00, 0x00, 0x00, 0x0F, 0x00, 0x00, 0x00, 0x07,
    0x00, 0x00, 0x00, 0x08, 0x00, 0x00, 0x00, 0x0F, 0x00, 0x00, 0x00, 0x01, 0x00, 0x00, 0x00, 0x00,
    0x00, 0x00, 0x00, 0xDB, 0x00, 0x00, 0x00, 0x0F, 0x00, 0x00, 0x00, 0x07, 0x00, 0x00, 0x00, 0x08,
    0x00, 0x00, 0x00, 0x0F, 0x00, 0x00, 0x00, 0x01, 0x00, 0x00, 0x00, 0x00, 0x00, 0x00, 0x00, 0xDC,
    0x00, 0x00, 0x00, 0x0E, 0x00, 0x00, 0x00, 0x07, 0x00, 0x00, 0x00, 0x08, 0x00, 0x00, 0x00, 0x0E,
    0x00, 0x00, 0x00, 0x01, 0x00, 0x00, 0x00, 0x00, 0x00, 0x00, 0x00, 0xDD, 0x00, 0x00, 0x00, 0x0F,
    0x00, 0x00, 0x00, 0x07, 0x00, 0x00, 0x00, 0x08, 0x00, 0x00, 0x00, 0x0F, 0x00, 0x00, 0x00, 0x01,
    0x00, 0x00, 0x00, 0x00, 0x00, 0x00, 0x00, 0xDE, 0x00, 0x00, 0x00, 0x0B, 0x00, 0x00, 0x00, 0x08,
    0x00, 0x00, 0x00, 0x08, 0x00, 0x00, 0x00, 0x0B, 0x00, 0x00, 0x00, 0x00, 0x00, 0x00, 0x00, 0x00,
    0x00, 0x00, 0x00, 0xDF, 0x00, 0x00, 0x00, 0x0E, 0x00, 0x00, 0x00, 0x08, 0x00, 0x00, 0x00, 0x08,
    0x00, 0x00, 0x00, 0x0B, 0x00, 0x00, 0x00, 0x00, 0x00, 0x00, 0x00, 0x00, 0x00, 0x00, 0x00, 0xE0,
    0x00, 0x00, 0x00, 0x0C, 0x00, 0x00, 0x00, 0x08, 0x00, 0x00, 0x00, 0x08, 0x00, 0x00, 0x00, 0x0C,
    0x00, 0x00, 0x00, 0x00, 0x00, 0x00, 0x00, 0x00, 0x00, 0x00, 0x00, 0xE1, 0x00, 0x00, 0x00, 0x0C,
    0x00, 0x00, 0x00, 0x08, 0x00, 0x00, 0x00, 0x08, 0x00, 0x00, 0x00, 0x0C, 0x00, 0x00, 0x00, 0x00,
    0x00, 0x00, 0x00, 0x00, 0x00, 0x00, 0x00, 0xE2, 0x00, 0x00, 0x00, 0x0C, 0x00, 0x00, 0x00, 0x08,
    0x00, 0x00, 0x00, 0x08, 0x00, 0x00, 0x00, 0x0C, 0x00, 0x00, 0x00, 0x00, 0x00, 0x00, 0x00, 0x00,
    0x00, 0x00, 0x00, 0xE3, 0x00, 0x00, 0x00, 0x0B, 0x00, 0x00, 0x00, 0x08, 0x00, 0x00, 0x00, 0x08,
    0x00, 0x00, 0x00, 0x0B, 0x00, 0x00, 0x00, 0x00, 0x00, 0x00, 0x00, 0x00, 0x00, 0x00, 0x00, 0xE4,
    0x00, 0x00, 0x00, 0x0B, 0x00, 0x00, 0x00, 0x08, 0x00, 0x00, 0x00, 0x08, 0x00, 0x00, 0x00, 0x0B,
    0x00, 0x00, 0x00, 0x00, 0x00, 0x00, 0x00, 0x00, 0x00, 0x00, 0x00, 0xE5, 0x00, 0x00, 0x00, 0x0D,
    0x00, 0x00, 0x00, 0x08, 0x00, 0x00, 0x00, 0x08, 0x00, 0x00, 0x00, 0x0D, 0x00, 0x00, 0x00, 0x00,
    0x00, 0x00, 0x00, 0x00, 0x00, 0x00, 0x00, 0xE6, 0x00, 0x00, 0x00, 0x08, 0x00, 0x00, 0x00, 0x08,
    0x00, 0x00, 0x00, 0x08, 0x00, 0x00, 0x00, 0x08, 0x00, 0x00, 0x00, 0x00, 0x00, 0x00, 0x00, 0x00,
    0x00, 0x00, 0x00, 0xE7, 0x00, 0x00, 0x00, 0x0B, 0x00, 0x00, 0x00, 0x07, 0x00, 0x00, 0x00, 0x08,
    0x00, 0x00, 0x00, 0x08, 0x00, 0x00, 0x00, 0x01, 0x00, 0x00, 0x00, 0x00, 0x00, 0x00, 0x00, 0xE8,
    0x00, 0x00, 0x00, 0x0C, 0x00, 0x00, 0x00, 0x07, 0x00, 0x00, 0x00, 0x08, 0x00, 0x00, 0x00, 0x0C,
    0x00, 0x00, 0x00, 0x01, 0x00, 0x00, 0x00, 0x00, 0x00, 0x00, 0x00, 0xE9, 0x00, 0x00, 0x00, 0x0C,
    0x00, 0x00, 0x00, 0x07, 0x00, 0x00, 0x00, 0x08, 0x00, 0x00, 0x00, 0x0C, 0x00, 0x00, 0x00, 0x01,
    0x00, 0x00, 0x00, 0x00, 0x00, 0x00, 0x00, 0xEA, 0x00, 0x00, 0x00, 0x0C, 0x00, 0x00, 0x00, 0x07,
    0x00, 0x00, 0x00, 0x08, 0x00, 0x00, 0x00, 0x0C, 0x00, 0x00, 0x00, 0x01, 0x00, 0x00, 0x00, 0x00,
    0x00, 0x00, 0x00, 0xEB, 0x00, 0x00, 0x00, 0x0B, 0x00, 0x00, 0x00, 0x07, 0x00, 0x00, 0x00, 0x08,
    0x00, 0x00, 0x00, 0x0B, 0x00, 0x00, 0x00, 0x01, 0x00, 0x00, 0x00, 0x00, 0x00, 0x00, 0x00, 0xEC,
    0x00, 0x00, 0x00, 0x0C, 0x00, 0x00, 0x00, 0x07, 0x00, 0x00, 0x00, 0x08, 0x00, 0x00, 0x00, 0x0C,
    0x00, 0x00, 0x00, 0x01, 0x00, 0x00, 0x00, 0x00, 0x00, 0x00, 0x00, 0xED, 0x00, 0x00, 0x00, 0x0C,
    0x00, 0x00, 0x00, 0x07, 0x00, 0x00, 0x00, 0x08, 0x00, 0x00, 0x00, 0x0C, 0x00, 0x00, 0x00, 0x01,
    0x00, 0x00, 0x00, 0x00, 0x00, 0x00, 0x00, 0xEE, 0x00, 0x00, 0x00, 0x0C, 0x00, 0x00, 0x00, 0x07,
    0x00, 0x00, 0x00, 0x08, 0x00, 0x00, 0x00, 0x0C, 0x00, 0x00, 0x00, 0x01, 0x00, 0x00, 0x00, 0x00,
    0x00, 0x00, 0x00, 0xEF, 0x00, 0x00, 0x00, 0x0B, 0x00, 0x00, 0x00, 0x07, 0x00, 0x00, 0x00, 0x08,
    0x00, 0x00, 0x00, 0x0B, 0x00, 0x00, 0x00, 0x01, 0x00, 0x00, 0x00, 0x00, 0x00, 0x00, 0x00, 0xF0,
    0x00, 0x00, 0x00, 0x0C, 0x00, 0x00, 0x00, 0x08, 0x00, 0x00, 0x00, 0x08, 0x00, 0x00, 0x00, 0x0C,
    0x00, 0x00, 0x00, 0x00, 0x00, 0x00, 0x00, 0x00, 0x00, 0x00, 0x00, 0xF1, 0x00, 0x00, 0x00, 0x0B,
    0x00, 0x00, 0x00, 0x08, 0x00, 0x00, 0x00, 0x08, 0x00, 0x00, 0x00, 0x0B, 0x00, 0x00, 0x00, 0x00,
    0x00, 0x00, 0x00, 0x00, 0x00, 0x00, 0x00, 0xF2, 0x00, 0x00, 0x00, 0x0C, 0x00, 0x00, 0x00, 0x08,
    0x00, 0x00, 0x00, 0x08, 0x00, 0x00, 0x00, 0x0C, 0x00, 0x00, 0x00, 0x00, 0x00, 0x00, 0x00, 0x00,
    0x00, 0x00, 0x00, 0xF3, 0x00, 0x00, 0x00, 0x0C, 0x00, 0x00, 0x00, 0x08, 0x00, 0x00, 0x00, 0x08,
    0x00, 0x00, 0x00, 0x0C, 0x00, 0x00, 0x00, 0x00, 0x00, 0x00, 0x00, 0x00, 0x00, 0x00, 0x00, 0xF4,
    0x00, 0x00, 0x00, 0x0C, 0x00, 0x00, 0x00, 0x08, 0x00, 0x00, 0x00, 0x08, 0x00, 0x00, 0x00, 0x0C,
    0x00, 0x00, 0x00, 0x00, 0x00, 0x00, 0x00, 0x00, 0x00, 0x00, 0x00, 0xF5, 0x00, 0x00, 0x00, 0x0B,
    0x00, 0x00, 0x00, 0x08, 0x00, 0x00, 0x00, 0x08, 0x00, 0x00, 0x00, 0x0B, 0x00, 0x00, 0x00, 0x00,
    0x00, 0x00, 0x00, 0x00, 0x00, 0x00, 0x00, 0xF6, 0x00, 0x00, 0x00, 0x0B, 0x00, 0x00, 0x00, 0x08,
    0x00, 0x00, 0x00, 0x08, 0x00, 0x00, 0x00, 0x0B, 0x00, 0x00, 0x00, 0x00, 0x00, 0x00, 0x00, 0x00,
    0x00, 0x00, 0x00, 0xF7, 0x00, 0x00, 0x00, 0x08, 0x00, 0x00, 0x00, 0x08, 0x00, 0x00, 0x00, 0x08,
    0x00, 0x00, 0x00, 0x09, 0x00, 0x00, 0x00, 0x00, 0x00, 0x00, 0x00, 0x00, 0x00, 0x00, 0x00, 0xF8,
    0x00, 0x00, 0x00, 0x0A, 0x00, 0x00, 0x00, 0x08, 0x00, 0x00, 0x00, 0x08, 0x00, 0x00, 0x00, 0x09,
    0x00, 0x00, 0x00, 0x00, 0x00, 0x00, 0x00, 0x00, 0x00, 0x00, 0x00, 0xF9, 0x00, 0x00, 0x00, 0x0C,
    0x00, 0x00, 0x00, 0x07, 0x00, 0x00, 0x00, 0x08, 0x00, 0x00, 0x00, 0x0C, 0x00, 0x00, 0x00, 0x01,
    0x00, 0x00, 0x00, 0x00, 0x00, 0x00, 0x00, 0xFA, 0x00, 0x00, 0x00, 0x0C, 0x00, 0x00, 0x00, 0x07,
    0x00, 0x00, 0x00, 0x08, 0x00, 0x00, 0x00, 0x0C, 0x00, 0x00, 0x00, 0x01, 0x00, 0x00, 0x00, 0x00,
    0x00, 0x00, 0x00, 0xFB, 0x00, 0x00, 0x00, 0x0C, 0x00, 0x00, 0x00, 0x07, 0x00, 0x00, 0x00, 0x08,
    0x00, 0x00, 0x00, 0x0C, 0x00, 0x00, 0x00, 0x01, 0x00, 0x00, 0x00, 0x00, 0x00, 0x00, 0x00, 0xFC,
    0x00, 0x00, 0x00, 0x0B, 0x00, 0x00, 0x00, 0x07, 0x00, 0x00, 0x00, 0x08, 0x00, 0x00, 0x00, 0x0B,
    0x00, 0x00, 0x00, 0x01, 0x00, 0x00, 0x00, 0x00, 0x00, 0x00, 0x00, 0xFD, 0x00, 0x00, 0x00, 0x0F,
    0x00, 0x00, 0x00, 0x08, 0x00, 0x00, 0x00, 0x08, 0x00, 0x00, 0x00, 0x0C, 0x00, 0x00, 0x00, 0x00,
    0x00, 0x00, 0x00, 0x00, 0x00, 0x00, 0x00, 0xFE, 0x00, 0x00, 0x00, 0x0E, 0x00, 0x00, 0x00, 0x08,
    0x00, 0x00, 0x00, 0x08, 0x00, 0x00, 0x00, 0x0B, 0x00, 0x00, 0x00, 0x00, 0x00, 0x00, 0x00, 0x00,
    0x00, 0x00, 0x00, 0xFF, 0x00, 0x00, 0x00, 0x0E, 0x00, 0x00, 0x00, 0x08, 0x00, 0x00, 0x00, 0x08,
    0x00, 0x00, 0x00, 0x0B, 0x00, 0x00, 0x00, 0x00, 0x00, 0x00, 0x00, 0x00, 0x00, 0x00, 0x20, 0x13,
    0x00, 0x00, 0x00, 0x02, 0x00, 0x00, 0x00, 0x08, 0x00, 0x00, 0x00, 0x08, 0x00, 0x00, 0x00, 0x05,
    0x00, 0x00, 0x00, 0x00, 0x00, 0x00, 0x00, 0x00, 0x00, 0x00, 0x20, 0x14, 0x00, 0x00, 0x00, 0x02,
    0x00, 0x00, 0x00, 0x08, 0x00, 0x00, 0x00, 0x08, 0x00, 0x00, 0x00, 0x05, 0x00, 0x00, 0x00, 0x00,
    0x00, 0x00, 0x00, 0x00, 0x00, 0x00, 0x20, 0x18, 0x00, 0x00, 0x00, 0x04, 0x00, 0x00, 0x00, 0x04,
    0x00, 0x00, 0x00, 0x08, 0x00, 0x00, 0x00, 0x0B, 0x00, 0x00, 0x00, 0x03, 0x00, 0x00, 0x00, 0x00,
    0x00, 0x00, 0x20, 0x19, 0x00, 0x00, 0x00, 0x04, 0x00, 0x00, 0x00, 0x04, 0x00, 0x00, 0x00, 0x08,
    0x00, 0x00, 0x00, 0x0B, 0x00, 0x00, 0x00, 0x03, 0x00, 0x00, 0x00, 0x00, 0x00, 0x00, 0x20, 0x1C,
    0x00, 0x00, 0x00, 0x04, 0x00, 0x00, 0x00, 0x07, 0x00, 0x00, 0x00, 0x08, 0x00, 0x00, 0x00, 0x0B,
    0x00, 0x00, 0x00, 0x01, 0x00, 0x00, 0x00, 0x00, 0x00, 0x00, 0x20, 0x1D, 0x00, 0x00, 0x00, 0x04,
    0x00, 0x00, 0x00, 0x06, 0x00, 0x00, 0x00, 0x08, 0x00, 0x00, 0x00, 0x0B, 0x00, 0x00, 0x00, 0x02,
    0x00, 0x00, 0x00, 0x00, 0x00, 0x00, 0x20, 0x26, 0x00, 0x00, 0x00, 0x02, 0x00, 0x00, 0x00, 0x08,
    0x00, 0x00, 0x00, 0x08, 0x00, 0x00, 0x00, 0x02, 0x00, 0x00, 0x00, 0x00, 0x00, 0x00, 0x00, 0x00,
    0x00, 0x00, 0x20, 0xAC, 0x00, 0x00, 0x00, 0x0B, 0x00, 0x00, 0x00, 0x07, 0x00, 0x00, 0x00, 0x08,
    0x00, 0x00, 0x00, 0x0B, 0x00, 0x00, 0x00, 0x01, 0x00, 0x00, 0x00, 0x00, 0x00, 0x00, 0x21, 0x90,
    0x00, 0x00, 0x00, 0x07, 0x00, 0x00, 0x00, 0x08, 0x00, 0x00, 0x00, 0x08, 0x00, 0x00, 0x00, 0x08,
    0x00, 0x00, 0x00, 0x00, 0x00, 0x00, 0x00, 0x00, 0x00, 0x00, 0x21, 0x91, 0x00, 0x00, 0x00, 0x0A,
    0x00, 0x00, 0x00, 0x07, 0x00, 0x00, 0x00, 0x08, 0x00, 0x00, 0x00, 0x0A, 0x00, 0x00, 0x00, 0x01,
    0x00, 0x00, 0x00, 0x00, 0x00, 0x00, 0x21, 0x92, 0x00, 0x00, 0x00, 0x07, 0x00, 0x00, 0x00, 0x08,
    0x00, 0x00, 0x00, 0x08, 0x00, 0x00, 0x00, 0x08, 0x00, 0x00, 0x00, 0x00, 0x00, 0x00, 0x00, 0x00,
    0x00, 0x00, 0x21, 0x93, 0x00, 0x00, 0x00, 0x0B, 0x00, 0x00, 0x00, 0x07, 0x00, 0x00, 0x00, 0x08,
    0x00, 0x00, 0x00, 0x0A, 0x00, 0x00, 0x00, 0x01, 0x00, 0x00, 0x00, 0x00, 0x00, 0x00, 0x21, 0x94,
    0x00, 0x00, 0x00, 0x07, 0x00, 0x00, 0x00, 0x08, 0x00, 0x00, 0x00, 0x08, 0x00, 0x00, 0x00, 0x08,
    0x00, 0x00, 0x00, 0x00, 0x00, 0x00, 0x00, 0x00, 0x00, 0x00, 0x21, 0x95, 0x00, 0x00, 0x00, 0x0B,
    0x00, 0x00, 0x00, 0x07, 0x00, 0x00, 0x00, 0x08, 0x00, 0x00, 0x00, 0x0A, 0x00, 0x00, 0x00, 0x01,
    0x00, 0x00, 0x00, 0x00, 0x00, 0x00, 0x21, 0xE9, 0x00, 0x00, 0x00, 0x09, 0x00, 0x00, 0x00, 0x07,
    0x00, 0x00, 0x00, 0x0A, 0x00, 0x00, 0x00, 0x09, 0x00, 0x00, 0x00, 0x01, 0x00, 0x00, 0x00, 0x00,
    0x00, 0x00, 0x22, 0x60, 0x00, 0x00, 0x00, 0x08, 0x00, 0x00, 0x00, 0x08, 0x00, 0x00, 0x00, 0x08,
    0x00, 0x00, 0x00, 0x08, 0x00, 0x00, 0x00, 0x00, 0x00, 0x00, 0x00, 0x00, 0x00, 0x00, 0x22, 0x61,
    0x00, 0x00, 0x00, 0x08, 0x00, 0x00, 0x00, 0x09, 0x00, 0x00, 0x00, 0x0A, 0x00, 0x00, 0x00, 0x09,
    0x00, 0x00, 0x00, 0x00, 0x00, 0x00, 0x00, 0x00, 0x00, 0x00, 0x22, 0x64, 0x00, 0x00, 0x00, 0x09,
    0x00, 0x00, 0x00, 0x08, 0x00, 0x00, 0x00, 0x08, 0x00, 0x00, 0x00, 0x09, 0x00, 0x00, 0x00, 0x00,
    0x00, 0x00, 0x00, 0x00, 0x00, 0x00, 0x22, 0x65, 0x00, 0x00, 0x00, 0x09, 0x00, 0x00, 0x00, 0x08,
    0x00, 0x00, 0x00, 0x08, 0x00, 0x00, 0x00, 0x09, 0x00, 0x00, 0x00, 0x00, 0x00, 0x00, 0x00, 0x00,
    0x00, 0x00, 0x23, 0x15, 0x00, 0x00, 0x00, 0x08, 0x00, 0x00, 0x00, 0x07, 0x00, 0x00, 0x00, 0x0A,
    0x00, 0x00, 0x00, 0x09, 0x00, 0x00, 0x00, 0x01, 0x00, 0x00, 0x00, 0x00, 0x00, 0x00, 0x23, 0xCE,
    0x00, 0x00, 0x00, 0x08, 0x00, 0x00, 0x00, 0x09, 0x00, 0x00, 0x00, 0x0A, 0x00, 0x00, 0x00, 0x09,
    0x00, 0x00, 0x00, 0x00, 0x00, 0x00, 0x00, 0x00, 0x00, 0x00, 0x25, 0x00, 0x00, 0x00, 0x00, 0x02,
    0x00, 0x00, 0x00, 0x08, 0x00, 0x00, 0x00, 0x08, 0x00, 0x00, 0x00, 0x05, 0x00, 0x00, 0x00, 0x00,
    0x00, 0x00, 0x00, 0x00, 0x00, 0x00, 0x25, 0x01, 0x00, 0x00, 0x00, 0x03, 0x00, 0x00, 0x00, 0x08,
    0x00, 0x00, 0x00, 0x08, 0x00, 0x00, 0x00, 0x06, 0x00, 0x00, 0x00, 0x00, 0x00, 0x00, 0x00, 0x00,
    0x00, 0x00, 0x25, 0x02, 0x00, 0x00, 0x00, 0x13, 0x00, 0x00, 0x00, 0x02, 0x00, 0x00, 0x00, 0x08,
    0x00, 0x00, 0x00, 0x0E, 0x00, 0x00, 0x00, 0x03, 0x00, 0x00, 0x00, 0x00, 0x00, 0x00, 0x25, 0x03,
    0x00, 0x00, 0x00, 0x13, 0x00, 0x00, 0x00, 0x03, 0x00, 0x00, 0x00, 0x08, 0x00, 0x00, 0x00, 0x0E,
    0x00, 0x00, 0x00, 0x03, 0x00, 0x00, 0x00, 0x00, 0x00, 0x00, 0x25, 0x04, 0x00, 0x00, 0x00, 0x02,
    0x00, 0x00, 0x00, 0x08, 0x00, 0x00, 0x00, 0x08, 0x00, 0x00, 0x00, 0x05, 0x00, 0x00, 0x00, 0x00,
    0x00, 0x00, 0x00, 0x00, 0x00, 0x00, 0x25, 0x05, 0x00, 0x00, 0x00, 0x03, 0x00, 0x00, 0x00, 0x08,
    0x00, 0x00, 0x00, 0x08, 0x00, 0x00, 0x00, 0x06, 0x00, 0x00, 0x00, 0x00, 0x00, 0x00, 0x00, 0x00,
    0x00, 0x00, 0x25, 0x06, 0x00, 0x00, 0x00, 0x12, 0x00, 0x00, 0x00, 0x02, 0x00, 0x00, 0x00, 0x08,
    0x00, 0x00, 0x00, 0x0D, 0x00, 0x00, 0x00, 0x03, 0x00, 0x00, 0x00, 0x00, 0x00, 0x00, 0x25, 0x07,
    0x00, 0x00, 0x00, 0x12, 0x00, 0x00, 0x00, 0x03, 0x00, 0x00, 0x00, 0x08, 0x00, 0x00, 0x00, 0x0D,
    0x00, 0x00, 0x00, 0x03, 0x00, 0x00, 0x00, 0x00, 0x00, 0x00, 0x25, 0x08, 0x00, 0x00, 0x00, 0x02,
    0x00, 0x00, 0x00, 0x08, 0x00, 0x00, 0x00, 0x08, 0x00, 0x00, 0x00, 0x05, 0x00, 0x00, 0x00, 0x00,
    0x00, 0x00, 0x00, 0x00, 0x00, 0x00, 0x25, 0x09, 0x00, 0x00, 0x00, 0x03, 0x00, 0x00, 0x00, 0x08,
    0x00, 0x00, 0x00, 0x08, 0x00, 0x00, 0x00, 0x06, 0x00, 0x00, 0x00, 0x00, 0x00, 0x00, 0x00, 0x00,
    0x00, 0x00, 0x25, 0x0A, 0x00, 0x00, 0x00, 0x12, 0x00, 0x00, 0x00, 0x02, 0x00, 0x00, 0x00, 0x08,
    0x00, 0x00, 0x00, 0x0D, 0x00, 0x00, 0x00, 0x03, 0x00, 0x00, 0x00, 0x00, 0x00, 0x00, 0x25, 0x0B,
    0x00, 0x00, 0x00, 0x12, 0x00, 0x00, 0x00, 0x03, 0x00, 0x00, 0x00, 0x08, 0x00, 0x00, 0x00, 0x0D,
    0x00, 0x00, 0x00, 0x03, 0x00, 0x00, 0x00, 0x00, 0x00, 0x00, 0x25, 0x0C, 0x00, 0x00, 0x00, 0x0A,
    0x00, 0x00, 0x00, 0x05, 0x00, 0x00, 0x00, 0x08, 0x00, 0x00, 0x00, 0x05, 0x00, 0x00, 0x00, 0x03,
    0x00, 0x00, 0x00, 0x00, 0x00, 0x00, 0x25, 0x0D, 0x00, 0x00, 0x00, 0x0C, 0x00, 0x00, 0x00, 0x05,
    0x00, 0x00, 0x00, 0x08, 0x00, 0x00, 0x00, 0x06, 0x00, 0x00, 0x00, 0x03, 0x00, 0x00, 0x00, 0x00,
    0x00, 0x00, 0x25, 0x0E, 0x00, 0x00, 0x00, 0x0A, 0x00, 0x00, 0x00, 0x05, 0x00, 0x00, 0x00, 0x08,
    0x00, 0x00, 0x00, 0x05, 0x00, 0x00, 0x00, 0x03, 0x00, 0x00, 0x00, 0x00, 0x00, 0x00, 0x25, 0x0F,
    0x00, 0x00, 0x00, 0x0C, 0x00, 0x00, 0x00, 0x05, 0x00, 0x00, 0x00, 0x08, 0x00, 0x00, 0x00, 0x06,
    0x00, 0x00, 0x00, 0x03, 0x00, 0x00, 0x00, 0x00, 0x00, 0x00, 0x25, 0x10, 0x00, 0x00, 0x00, 0x0A,
    0x00, 0x00, 0x00, 0x07, 0x00, 0x00, 0x00, 0x08, 0x00, 0x00, 0x00, 0x05, 0x00, 0x00, 0x00, 0x00,
    0x00, 0x00, 0x00, 0x00, 0x00, 0x00, 0x25, 0x11, 0x00, 0x00, 0x00, 0x0C, 0x00, 0x00, 0x00, 0x07,
    0x00, 0x00, 0x00, 0x08, 0x00, 0x00, 0x00, 0x06, 0x00, 0x00, 0x00, 0x00, 0x00, 0x00, 0x00, 0x00,
    0x00, 0x00, 0x25, 0x12, 0x00, 0x00, 0x00, 0x0A, 0x00, 0x00, 0x00, 0x08, 0x00, 0x00, 0x00, 0x08,
    0x00, 0x00, 0x00, 0x05, 0x00, 0x00, 0x00, 0x00, 0x00, 0x00, 0x00, 0x00, 0x00, 0x00, 0x25, 0x13,
    0x00, 0x00, 0x00, 0x0C, 0x00, 0x00, 0x00, 0x08, 0x00, 0x00, 0x00, 0x08, 0x00, 0x00, 0x00, 0x06,
    0x00, 0x00, 0x00, 0x00, 0x00, 0x00, 0x00, 0x00, 0x00, 0x00, 0x25, 0x14, 0x00, 0x00, 0x00, 0x0B,
    0x00, 0x00, 0x00, 0x05, 0x00, 0x00, 0x00, 0x08, 0x00, 0x00, 0x00, 0x0E, 0x00, 0x00, 0x00, 0x03,
    0x00, 0x00, 0x00, 0x00, 0x00, 0x00, 0x25, 0x15, 0x00, 0x00, 0x00, 0x0B, 0x00, 0x00, 0x00, 0x05,
    0x00, 0x00, 0x00, 0x08, 0x00, 0x00, 0x00, 0x0E, 0x00, 0x00, 0x00, 0x03, 0x00, 0x00, 0x00, 0x00,
    0x00, 0x00, 0x25, 0x16, 0x00, 0x00, 0x00, 0x0B, 0x00, 0x00, 0x00, 0x05, 0x00, 0x00, 0x00, 0x08,
    0x00, 0x00, 0x00, 0x0E, 0x00, 0x00, 0x00, 0x03, 0x00, 0x00, 0x00, 0x00, 0x00, 0x00, 0x25, 0x17,
    0x00, 0x00, 0x00, 0x0B, 0x00, 0x00, 0x00, 0x05, 0x00, 0x00, 0x00, 0x08, 0x00, 0x00, 0x00, 0x0E,
    0x00, 0x00, 0x00, 0x03, 0x00, 0x00, 0x00, 0x00, 0x00, 0x00, 0x25, 0x18, 0x00, 0x00, 0x00, 0x0B,
    0x00, 0x00, 0x00, 0x07, 0x00, 0x00, 0x00, 0x08, 0x00, 0x00, 0x00, 0x0E, 0x00, 0x00, 0x00, 0x00,
    0x00, 0x00, 0x00, 0x00, 0x00, 0x00, 0x25, 0x19, 0x00, 0x00, 0x00, 0x0B, 0x00, 0x00, 0x00, 0x07,
    0x00, 0x00, 0x00, 0x08, 0x00, 0x00, 0x00, 0x0E, 0x00, 0x00, 0x00, 0x00, 0x00, 0x00, 0x00, 0x00,
    0x00, 0x00, 0x25, 0x1A, 0x00, 0x00, 0x00, 0x0B, 0x00, 0x00, 0x00, 0x08, 0x00, 0x00, 0x00, 0x08,
    0x00, 0x00, 0x00, 0x0E, 0x00, 0x00, 0x00, 0x00, 0x00, 0x00, 0x00, 0x00, 0x00, 0x00, 0x25, 0x1B,
    0x00, 0x00, 0x00, 0x0B, 0x00, 0x00, 0x00, 0x08, 0x00, 0x00, 0x00, 0x08, 0x00, 0x00, 0x00, 0x0E,
    0x00, 0x00, 0x00, 0x00, 0x00, 0x00, 0x00, 0x00, 0x00, 0x00, 0x25, 0x1C, 0x00, 0x00, 0x00, 0x13,
    0x00, 0x00, 0x00, 0x05, 0x00, 0x00, 0x00, 0x08, 0x00, 0x00, 0x00, 0x0E, 0x00, 0x00, 0x00, 0x03,
    0x00, 0x00, 0x00, 0x00, 0x00, 0x00, 0x25, 0x1D, 0x00, 0x00, 0x00, 0x13, 0x00, 0x00, 0x00, 0x05,
    0x00, 0x00, 0x00, 0x08, 0x00, 0x00, 0x00, 0x0E, 0x00, 0x00, 0x00, 0x03, 0x00, 0x00, 0x00, 0x00,
    0x00, 0x00, 0x25, 0x1E, 0x00, 0x00, 0x00, 0x13, 0x00, 0x00, 0x00, 0x05, 0x00, 0x00, 0x00, 0x08,
    0x00, 0x00, 0x00, 0x0E, 0x00, 0x00, 0x00, 0x03, 0x00, 0x00, 0x00, 0x00, 0x00, 0x00, 0x25, 0x1F,
    0x00, 0x00, 0x00, 0x13, 0x00, 0x00, 0x00, 0x05, 0x00, 0x00, 0x00, 0x08, 0x00, 0x00, 0x00, 0x0E,
    0x00, 0x00, 0x00, 0x03, 0x00, 0x00, 0x00, 0x00, 0x00, 0x00, 0x25, 0x20, 0x00, 0x00, 0x00, 0x13,
    0x00, 0x00, 0x00, 0x05, 0x00, 0x00, 0x00, 0x08, 0x00, 0x00, 0x00, 0x0E, 0x00, 0x00, 0x00, 0x03,
    0x00, 0x00, 0x00, 0x00, 0x00, 0x00, 0x25, 0x21, 0x00, 0x00, 0x00, 0x14, 0x00, 0x00, 0x00, 0x05,
    0x00, 0x00, 0x00, 0x08, 0x00, 0x00, 0x00, 0x0E, 0x00, 0x00, 0x00, 0x03, 0x00, 0x00, 0x00, 0x00,
    0x00, 0x00, 0x25, 0x22, 0x00, 0x00, 0x00, 0x13, 0x00, 0x00, 0x00, 0x05, 0x00, 0x00, 0x00, 0x08,
    0x00, 0x00, 0x00, 0x0E, 0x00, 0x00, 0x00, 0x03, 0x00, 0x00, 0x00, 0x00, 0x00, 0x00, 0x25, 0x23,
    0x00, 0x00, 0x00, 0x13, 0x00, 0x00, 0x00, 0x05, 0x00, 0x00, 0x00, 0x08, 0x00, 0x00, 0x00, 0x0E,
    0x00, 0x00, 0x00, 0x03, 0x00, 0x00, 0x00, 0x00, 0x00, 0x00, 0x25, 0x24, 0x00, 0x00, 0x00, 0x13,
    0x00, 0x00, 0x00, 0x07, 0x00, 0x00, 0x00, 0x08, 0x00, 0x00, 0x00, 0x0E, 0x00, 0x00, 0x00, 0x00,
    0x00, 0x00, 0x00, 0x00, 0x00, 0x00, 0x25, 0x25, 0x00, 0x00, 0x00, 0x13, 0x00, 0x00, 0x00, 0x07,
    0x00, 0x00, 0x00, 0x08, 0x00, 0x00, 0x00, 0x0E, 0x00, 0x00, 0x00, 0x00, 0x00, 0x00, 0x00, 0x00,
    0x00, 0x00, 0x25, 0x26, 0x00, 0x00, 0x00, 0x13, 0x00, 0x00, 0x00, 0x08, 0x00, 0x00, 0x00, 0x08,
    0x00, 0x00, 0x00, 0x0E, 0x00, 0x00, 0x00, 0x00, 0x00, 0x00, 0x00, 0x00, 0x00, 0x00, 0x25, 0x27,
    0x00, 0x00, 0x00, 0x13, 0x00, 0x00, 0x00, 0x08, 0x00, 0x00, 0x00, 0x08, 0x00, 0x00, 0x00, 0x0E,
    0x00, 0x00, 0x00, 0x00, 0x00, 0x00, 0x00, 0x00, 0x00, 0x00, 0x25, 0x28, 0x00, 0x00, 0x00, 0x13,
    0x00, 0x00, 0x00, 0x08, 0x00, 0x00, 0x00, 0x08, 0x00, 0x00, 0x00, 0x0E, 0x00, 0x00, 0x00, 0x00,
    0x00, 0x00, 0x00, 0x00, 0x00, 0x00, 0x25, 0x29, 0x00, 0x00, 0x00, 0x14, 0x00, 0x00, 0x00, 0x08,
    0x00, 0x00, 0x00, 0x08, 0x00, 0x00, 0x00, 0x0E, 0x00, 0x00, 0x00, 0x00, 0x00, 0x00, 0x00, 0x00,
    0x00, 0x00, 0x25, 0x2A, 0x00, 0x00, 0x00, 0x14, 0x00, 0x00, 0x00, 0x08, 0x00, 0x00, 0x00, 0x08,
    0x00, 0x00, 0x00, 0x0E, 0x00, 0x00, 0x00, 0x00, 0x00, 0x00, 0x00, 0x00, 0x00, 0x00, 0x25, 0x2B,
    0x00, 0x00, 0x00, 0x13, 0x00, 0x00, 0x00, 0x08, 0x00, 0x00, 0x00, 0x08, 0x00, 0x00, 0x00, 0x0E,
    0x00, 0x00, 0x00, 0x00, 0x00, 0x00, 0x00, 0x00, 0x00, 0x00, 0x25, 0x2C, 0x00, 0x00, 0x00, 0x0A,
    0x00, 0x00, 0x00, 0x08, 0x00, 0x00, 0x00, 0x08, 0x00, 0x00, 0x00, 0x05, 0x00, 0x00, 0x00, 0x00,
    0x00, 0x00, 0x00, 0x00, 0x00, 0x00, 0x25, 0x2D, 0x00, 0x00, 0x00, 0x0C, 0x00, 0x00, 0x00, 0x08,
    0x00, 0x00, 0x00, 0x08, 0x00, 0x00, 0x00, 0x06, 0x00, 0x00, 0x00, 0x00, 0x00, 0x00, 0x00, 0x00,
    0x00, 0x00, 0x25, 0x2E, 0x00, 0x00, 0x00, 0x0C, 0x00, 0x00, 0x00, 0x08, 0x00, 0x00, 0x00, 0x08,
    0x00, 0x00, 0x00, 0x06, 0x00, 0x00, 0x00, 0x00, 0x00, 0x00, 0x00, 0x00, 0x00, 0x00, 0x25, 0x2F,
    0x00, 0x00, 0x00, 0x0C, 0x00, 0x00, 0x00, 0x08, 0x00, 0x00, 0x00, 0x08, 0x00, 0x00, 0x00, 0x06,
    0x00, 0x00, 0x00, 0x00, 0x00, 0x00, 0x00, 0x00, 0x00, 0x00, 0x25, 0x30, 0x00, 0x00, 0x00, 0x0A,
    0x00, 0x00, 0x00, 0x08, 0x00, 0x00, 0x00, 0x08, 0x00, 0x00, 0x00, 0x05, 0x00, 0x00, 0x00, 0x00,
    0x00, 0x00, 0x00, 0x00, 0x00, 0x00, 0x25, 0x31, 0x00, 0x00, 0x00, 0x0C, 0x00, 0x00, 0x00, 0x08,
    0x00, 0x00, 0x00, 0x08, 0x00, 0x00, 0x00, 0x06, 0x00, 0x00, 0x00, 0x00, 0x00, 0x00, 0x00, 0x00,
    0x00, 0x00, 0x25, 0x32, 0x00, 0x00, 0x00, 0x0C, 0x00, 0x00, 0x00, 0x08, 0x00, 0x00, 0x00, 0x08,
    0x00, 0x00, 0x00, 0x06, 0x00, 0x00, 0x00, 0x00, 0x00, 0x00, 0x00, 0x00, 0x00, 0x00, 0x25, 0x33,
    0x00, 0x00, 0x00, 0x0C, 0x00, 0x00, 0x00, 0x08, 0x00, 0x00, 0x00, 0x08, 0x00, 0x00, 0x00, 0x06,
    0x00, 0x00, 0x00, 0x00, 0x00, 0x00, 0x00, 0x00, 0x00, 0x00, 0x25, 0x34, 0x00, 0x00, 0x00, 0x0B,
    0x00, 0x00, 0x00, 0x08, 0x00, 0x00, 0x00, 0x08, 0x00, 0x00, 0x00, 0x0E, 0x00, 0x00, 0x00, 0x00,
    0x00, 0x00, 0x00, 0x00, 0x00, 0x00, 0x25, 0x35, 0x00, 0x00, 0x00, 0x0B, 0x00, 0x00, 0x00, 0x08,
    0x00, 0x00, 0x00, 0x08, 0x00, 0x00, 0x00, 0x0E, 0x00, 0x00, 0x00, 0x00, 0x00, 0x00, 0x00, 0x00,
    0x00, 0x00, 0x25, 0x36, 0x00, 0x00, 0x00, 0x0B, 0x00, 0x00, 0x00, 0x08, 0x00, 0x00, 0x00, 0x08,
    0x00, 0x00, 0x00, 0x0E, 0x00, 0x00, 0x00, 0x00, 0x00, 0x00, 0x00, 0x00, 0x00, 0x00, 0x25, 0x37,
    0x00, 0x00, 0x00, 0x0B, 0x00, 0x00, 0x00, 0x08, 0x00, 0x00, 0x00, 0x08, 0x00, 0x00, 0x00, 0x0E,
    0x00, 0x00, 0x00, 0x00, 0x00, 0x00, 0x00, 0x00, 0x00, 0x00, 0x25, 0x38, 0x00, 0x00, 0x00, 0x0B,
    0x00, 0x00, 0x00, 0x08, 0x00, 0x00, 0x00, 0x08, 0x00, 0x00, 0x00, 0x0E, 0x00, 0x00, 0x00, 0x00,
    0x00, 0x00, 0x00, 0x00, 0x00, 0x00, 0x25, 0x39, 0x00, 0x00, 0x00, 0x0B, 0x00, 0x00, 0x00, 0x08,
    0x00, 0x00, 0x00, 0x08, 0x00, 0x00, 0x00, 0x0E, 0x00, 0x00, 0x00, 0x00, 0x00, 0x00, 0x00, 0x00,
    0x00, 0x00, 0x25, 0x3A, 0x00, 0x00, 0x00, 0x0B, 0x00, 0x00, 0x00, 0x08, 0x00, 0x00, 0x00, 0x08,
    0x00, 0x00, 0x00, 0x0E, 0x00, 0x00, 0x00, 0x00, 0x00, 0x00, 0x00, 0x00, 0x00, 0x00, 0x25, 0x3B,
    0x00, 0x00, 0x00, 0x0B, 0x00, 0x00, 0x00, 0x08, 0x00, 0x00, 0x00, 0x08, 0x00, 0x00, 0x00, 0x0E,
    0x00, 0x00, 0x00, 0x00, 0x00, 0x00, 0x00, 0x00, 0x00, 0x00, 0x25, 0x3C, 0x00, 0x00, 0x00, 0x13,
    0x00, 0x00, 0x00, 0x08, 0x00, 0x00, 0x00, 0x08, 0x00, 0x00, 0x00, 0x0E, 0x00, 0x00, 0x00, 0x00,
    0x00, 0x00, 0x00, 0x00, 0x00, 0x00, 0x25, 0x3D, 0x00, 0x00, 0x00, 0x13, 0x00, 0x00, 0x00, 0x08,
    0x00, 0x00, 0x00, 0x08, 0x00, 0x00, 0x00, 0x0E, 0x00, 0x00, 0x00, 0x00, 0x00, 0x00, 0x00, 0x00,
    0x00, 0x00, 0x25, 0x3E, 0x00, 0x00, 0x00, 0x13, 0x00, 0x00, 0x00, 0x08, 0x00, 0x00, 0x00, 0x08,
    0x00, 0x00, 0x00, 0x0E, 0x00, 0x00, 0x00, 0x00, 0x00, 0x00, 0x00, 0x00, 0x00, 0x00, 0x25, 0x3F,
    0x00, 0x00, 0x00, 0x13, 0x00, 0x00, 0x00, 0x08, 0x00, 0x00, 0x00, 0x08, 0x00, 0x00, 0x00, 0x0E,
    0x00, 0x00, 0x00, 0x00, 0x00, 0x00, 0x00, 0x00, 0x00, 0x00, 0x25, 0x40, 0x00, 0x00, 0x00, 0x13,
    0x00, 0x00, 0x00, 0x08, 0x00, 0x00, 0x00, 0x08, 0x00, 0x00, 0x00, 0x0E, 0x00, 0x00, 0x00, 0x00,
    0x00, 0x00, 0x00, 0x00, 0x00, 0x00, 0x25, 0x41, 0x00, 0x00, 0x00, 0x13, 0x00, 0x00, 0x00, 0x08,
    0x00, 0x00, 0x00, 0x08, 0x00, 0x00, 0x00, 0x0E, 0x00, 0x00, 0x00, 0x00, 0x00, 0x00, 0x00, 0x00,
    0x00, 0x00, 0x25, 0x42, 0x00, 0x00, 0x00, 0x13, 0x00, 0x00, 0x00, 0x08, 0x00, 0x00, 0x00, 0x08,
    0x00, 0x00, 0x00, 0x0E, 0x00, 0x00, 0x00, 0x00, 0x00, 0x00, 0x00, 0x00, 0x00, 0x00, 0x25, 0x43,
    0x00, 0x00, 0x00, 0x14, 0x00, 0x00, 0x00, 0x08, 0x00, 0x00, 0x00, 0x08, 0x00, 0x00, 0x00, 0x0E,
    0x00, 0x00, 0x00, 0x00, 0x00, 0x00, 0x00, 0x00, 0x00, 0x00, 0x25, 0x44, 0x00, 0x00, 0x00, 0x14,
    0x00, 0x00, 0x00, 0x08, 0x00, 0x00, 0x00, 0x08, 0x00, 0x00, 0x00, 0x0E, 0x00, 0x00, 0x00, 0x00,
    0x00, 0x00, 0x00, 0x00, 0x00, 0x00, 0x25, 0x45, 0x00, 0x00, 0x00, 0x14, 0x00, 0x00, 0x00, 0x08,
    0x00, 0x00, 0x00, 0x08, 0x00, 0x00, 0x00, 0x0E, 0x00, 0x00, 0x00, 0x00, 0x00, 0x00, 0x00, 0x00,
    0x00, 0x00, 0x25, 0x46, 0x00, 0x00, 0x00, 0x13, 0x00, 0x00, 0x00, 0x08, 0x00, 0x00, 0x00, 0x08,
    0x00, 0x00, 0x00, 0x0E, 0x00, 0x00, 0x00, 0x00, 0x00, 0x00, 0x00, 0x00, 0x00, 0x00, 0x25, 0x47,
    0x00, 0x00, 0x00, 0x14, 0x00, 0x00, 0x00, 0x08, 0x00, 0x00, 0x00, 0x08, 0x00, 0x00, 0x00, 0x0E,
    0x00, 0x00, 0x00, 0x00, 0x00, 0x00, 0x00, 0x00, 0x00, 0x00, 0x25, 0x48, 0x00, 0x00, 0x00, 0x14,
    0x00, 0x00, 0x00, 0x08, 0x00, 0x00, 0x00, 0x08, 0x00, 0x00, 0x00, 0x0E, 0x00, 0x00, 0x00, 0x00,
    0x00, 0x00, 0x00, 0x00, 0x00, 0x00, 0x25, 0x49, 0x00, 0x00, 0x00, 0x13, 0x00, 0x00, 0x00, 0x08,
    0x00, 0x00, 0x00, 0x08, 0x00, 0x00, 0x00, 0x0E, 0x00, 0x00, 0x00, 0x00, 0x00, 0x00, 0x00, 0x00,
    0x00, 0x00, 0x25, 0x4A, 0x00, 0x00, 0x00, 0x13, 0x00, 0x00, 0x00, 0x08, 0x00, 0x00, 0x00, 0x08,
    0x00, 0x00, 0x00, 0x0E, 0x00, 0x00, 0x00, 0x00, 0x00, 0x00, 0x00, 0x00, 0x00, 0x00, 0x25, 0x4B,
    0x00, 0x00, 0x00, 0x13, 0x00, 0x00, 0x00, 0x08, 0x00, 0x00, 0x00, 0x08, 0x00, 0x00, 0x00, 0x0E,
    0x00, 0x00, 0x00, 0x00, 0x00, 0x00, 0x00, 0x00, 0x00, 0x00, 0x25, 0x4C, 0x00, 0x00, 0x00, 0x02,
    0x00, 0x00, 0x00, 0x07, 0x00, 0x00, 0x00, 0x08, 0x00, 0x00, 0x00, 0x05, 0x00, 0x00, 0x00, 0x01,
    0x00, 0x00, 0x00, 0x00, 0x00, 0x00, 0x25, 0x4D, 0x00, 0x00, 0x00, 0x03, 0x00, 0x00, 0x00, 0x07,
    0x00, 0x00, 0x00, 0x08, 0x00, 0x00, 0x00, 0x06, 0x00, 0x00, 0x00, 0x01, 0x00, 0x00, 0x00, 0x00,
    0x00, 0x00, 0x25, 0x4E, 0x00, 0x00, 0x00, 0x0C, 0x00, 0x00, 0x00, 0x02, 0x00, 0x00, 0x00, 0x08,
    0x00, 0x00, 0x00, 0x0A, 0x00, 0x00, 0x00, 0x03, 0x00, 0x00, 0x00, 0x00, 0x00, 0x00, 0x25, 0x4F,
    0x00, 0x00, 0x00, 0x0C, 0x00, 0x00, 0x00, 0x03, 0x00, 0x00, 0x00, 0x08, 0x00, 0x00, 0x00, 0x0A,
    0x00, 0x00, 0x00, 0x03, 0x00, 0x00, 0x00, 0x00, 0x00, 0x00, 0x25, 0x50, 0x00, 0x00, 0x00, 0x04,
    0x00, 0x00, 0x00, 0x08, 0x00, 0x00, 0x00, 0x08, 0x00, 0x00, 0x00, 0x06, 0x00, 0x00, 0x00, 0x00,
    0x00, 0x00, 0x00, 0x00, 0x00, 0x00, 0x25, 0x51, 0x00, 0x00, 0x00, 0x13, 0x00, 0x00, 0x00, 0x04,
    0x00, 0x00, 0x00, 0x08, 0x00, 0x00, 0x00, 0x0E, 0x00, 0x00, 0x00, 0x02, 0x00, 0x00, 0x00, 0x00,
    0x00, 0x00, 0x25, 0x52, 0x00, 0x00, 0x00, 0x0B, 0x00, 0x00, 0x00, 0x05, 0x00, 0x00, 0x00, 0x08,
    0x00, 0x00, 0x00, 0x06, 0x00, 0x00, 0x00, 0x03, 0x00, 0x00, 0x00, 0x00, 0x00, 0x00, 0x25, 0x53,
    0x00, 0x00, 0x00, 0x0A, 0x00, 0x00, 0x00, 0x06, 0x00, 0x00, 0x00, 0x08, 0x00, 0x00, 0x00, 0x05,
    0x00, 0x00, 0x00, 0x02, 0x00, 0x00, 0x00, 0x00, 0x00, 0x00, 0x25, 0x54, 0x00, 0x00, 0x00, 0x0B,
    0x00, 0x00, 0x00, 0x06, 0x00, 0x00, 0x00, 0x08, 0x00, 0x00, 0x00, 0x06, 0x00, 0x00, 0x00, 0x02,
    0x00, 0x00, 0x00, 0x00, 0x00, 0x00, 0x25, 0x55, 0x00, 0x00, 0x00, 0x0B, 0x00, 0x00, 0x00, 0x07,
    0x00, 0x00, 0x00, 0x08, 0x00, 0x00, 0x00, 0x06, 0x00, 0x00, 0x00, 0x00, 0x00, 0x00, 0x00, 0x00,
    0x00, 0x00, 0x25, 0x56, 0x00, 0x00, 0x00, 0x0A, 0x00, 0x00, 0x00, 0x08, 0x00, 0x00, 0x00, 0x08,
    0x00, 0x00, 0x00, 0x05, 0x00, 0x00, 0x00, 0x00, 0x00, 0x00, 0x00, 0x00, 0x00, 0x00, 0x25, 0x57,
    0x00, 0x00, 0x00, 0x0B, 0x00, 0x00, 0x00, 0x08, 0x00, 0x00, 0x00, 0x08, 0x00, 0x00, 0x00, 0x06,
    0x00, 0x00, 0x00, 0x00, 0x00, 0x00, 0x00, 0x00, 0x00, 0x00, 0x25, 0x58, 0x00, 0x00, 0x00, 0x0C,
    0x00, 0x00, 0x00, 0x05, 0x00, 0x00, 0x00, 0x08, 0x00, 0x00, 0x00, 0x0E, 0x00, 0x00, 0x00, 0x03,
    0x00, 0x00, 0x00, 0x00, 0x00, 0x00, 0x25, 0x59, 0x00, 0x00, 0x00, 0x0B, 0x00, 0x00, 0x00, 0x06,
    0x00, 0x00, 0x00, 0x08, 0x00, 0x00, 0x00, 0x0E, 0x00, 0x00, 0x00, 0x02, 0x00, 0x00, 0x00, 0x00,
    0x00, 0x00, 0x25, 0x5A, 0x00, 0x00, 0x00, 0x0C, 0x00, 0x00, 0x00, 0x06, 0x00, 0x00, 0x00, 0x08,
    0x00, 0x00, 0x00, 0x0E, 0x00, 0x00, 0x00, 0x02, 0x00, 0x00, 0x00, 0x00, 0x00, 0x00, 0x25, 0x5B,
    0x00, 0x00, 0x00, 0x0C, 0x00, 0x00, 0x00, 0x07, 0x00, 0x00, 0x00, 0x08, 0x00, 0x00, 0x00, 0x0E,
    0x00, 0x00, 0x00, 0x00, 0x00, 0x00, 0x00, 0x00, 0x00, 0x00, 0x25, 0x5C, 0x00, 0x00, 0x00, 0x0B,
    0x00, 0x00, 0x00, 0x08, 0x00, 0x00, 0x00, 0x08, 0x00, 0x00, 0x00, 0x0E, 0x00, 0x00, 0x00, 0x00,
    0x00, 0x00, 0x00, 0x00, 0x00, 0x00, 0x25, 0x5D, 0x00, 0x00, 0x00, 0x0C, 0x00, 0x00, 0x00, 0x08,
    0x00, 0x00, 0x00, 0x08, 0x00, 0x00, 0x00, 0x0E, 0x00, 0x00, 0x00, 0x00, 0x00, 0x00, 0x00, 0x00,
    0x00, 0x00, 0x25, 0x5E, 0x00, 0x00, 0x00, 0x13, 0x00, 0x00, 0x00, 0x05, 0x00, 0x00, 0x00, 0x08,
    0x00, 0x00, 0x00, 0x0E, 0x00, 0x00, 0x00, 0x03, 0x00, 0x00, 0x00, 0x00, 0x00, 0x00, 0x25, 0x5F,
    0x00, 0x00, 0x00, 0x13, 0x00, 0x00, 0x00, 0x06, 0x00, 0x00, 0x00, 0x08, 0x00, 0x00, 0x00, 0x0E,
    0x00, 0x00, 0x00, 0x02, 0x00, 0x00, 0x00, 0x00, 0x00, 0x00, 0x25, 0x60, 0x00, 0x00, 0x00, 0x13,
    0x00, 0x00, 0x00, 0x06, 0x00, 0x00, 0x00, 0x08, 0x00, 0x00, 0x00, 0x0E, 0x00, 0x00, 0x00, 0x02,
    0x00, 0x00, 0x00, 0x00, 0x00, 0x00, 0x25, 0x61, 0x00, 0x00, 0x00, 0x13, 0x00, 0x00, 0x00, 0x07,
    0x00, 0x00, 0x00, 0x08, 0x00, 0x00, 0x00, 0x0E, 0x00, 0x00, 0x00, 0x00, 0x00, 0x00, 0x00, 0x00,
    0x00, 0x00, 0x25, 0x62, 0x00, 0x00, 0x00, 0x13, 0x00, 0x00, 0x00, 0x08, 0x00, 0x00, 0x00, 0x08,
    0x00, 0x00, 0x00, 0x0E, 0x00, 0x00, 0x00, 0x00, 0x00, 0x00, 0x00, 0x00, 0x00, 0x00, 0x25, 0x63,
    0x00, 0x00, 0x00, 0x13, 0x00, 0x00, 0x00, 0x08, 0x00, 0x00, 0x00, 0x08, 0x00, 0x00, 0x00, 0x0E,
    0x00, 0x00, 0x00, 0x00, 0x00, 0x00, 0x00, 0x00, 0x00, 0x00, 0x25, 0x64, 0x00, 0x00, 0x00, 0x0B,
    0x00, 0x00, 0x00, 0x08, 0x00, 0x00, 0x00, 0x08, 0x00, 0x00, 0x00, 0x06, 0x00, 0x00, 0x00, 0x00,
    0x00, 0x00, 0x00, 0x00, 0x00, 0x00, 0x25, 0x65, 0x00, 0x00, 0x00, 0x0A, 0x00, 0x00, 0x00, 0x08,
    0x00, 0x00, 0x00, 0x08, 0x00, 0x00, 0x00, 0x05, 0x00, 0x00, 0x00, 0x00, 0x00, 0x00, 0x00, 0x00,
    0x00, 0x00, 0x25, 0x66, 0x00, 0x00, 0x00, 0x0B, 0x00, 0x00, 0x00, 0x08, 0x00, 0x00, 0x00, 0x08,
    0x00, 0x00, 0x00, 0x06, 0x00, 0x00, 0x00, 0x00, 0x00, 0x00, 0x00, 0x00, 0x00, 0x00, 0x25, 0x67,
    0x00, 0x00, 0x00, 0x0C, 0x00, 0x00, 0x00, 0x08, 0x00, 0x00, 0x00, 0x08, 0x00, 0x00, 0x00, 0x0E,
    0x00, 0x00, 0x00, 0x00, 0x00, 0x00, 0x00, 0x00, 0x00, 0x00, 0x25, 0x68, 0x00, 0x00, 0x00, 0x0B,
    0x00, 0x00, 0x00, 0x08, 0x00, 0x00, 0x00, 0x08, 0x00, 0x00, 0x00, 0x0E, 0x00, 0x00, 0x00, 0x00,
    0x00, 0x00, 0x00, 0x00, 0x00, 0x00, 0x25, 0x69, 0x00, 0x00, 0x00, 0x0C, 0x00, 0x00, 0x00, 0x08,
    0x00, 0x00, 0x00, 0x08, 0x00, 0x00, 0x00, 0x0E, 0x00, 0x00, 0x00, 0x00, 0x00, 0x00, 0x00, 0x00,
    0x00, 0x00, 0x25, 0x6A, 0x00, 0x00, 0x00, 0x13, 0x00, 0x00, 0x00, 0x08, 0x00, 0x00, 0x00, 0x08,
    0x00, 0x00, 0x00, 0x0E, 0x00, 0x00, 0x00, 0x00, 0x00, 0x00, 0x00, 0x00, 0x00, 0x00, 0x25, 0x6B,
    0x00, 0x00, 0x00, 0x13, 0x00, 0x00, 0x00, 0x08, 0x00, 0x00, 0x00, 0x08, 0x00, 0x00, 0x00, 0x0E,
    0x00, 0x00, 0x00, 0x00, 0x00, 0x00, 0x00, 0x00, 0x00, 0x00, 0x25, 0x6C, 0x00, 0x00, 0x00, 0x13,
    0x00, 0x00, 0x00, 0x08, 0x00, 0x00, 0x00, 0x08, 0x00, 0x00, 0x00, 0x0E, 0x00, 0x00, 0x00, 0x00,
    0x00, 0x00, 0x00, 0x00, 0x00, 0x00, 0x25, 0x6D, 0x00, 0x00, 0x00, 0x0A, 0x00, 0x00, 0x00, 0x05,
    0x00, 0x00, 0x00, 0x08, 0x00, 0x00, 0x00, 0x05, 0x00, 0x00, 0x00, 0x03, 0x00, 0x00, 0x00, 0x00,
    0x00, 0x00, 0x25, 0x6E, 0x00, 0x00, 0x00, 0x0A, 0x00, 0x00, 0x00, 0x07, 0x00, 0x00, 0x00, 0x08,
    0x00, 0x00, 0x00, 0x05, 0x00, 0x00, 0x00, 0x00, 0x00, 0x00, 0x00, 0x00, 0x00, 0x00, 0x25, 0x6F,
    0x00, 0x00, 0x00, 0x0B, 0x00, 0x00, 0x00, 0x07, 0x00, 0x00, 0x00, 0x08, 0x00, 0x00, 0x00, 0x0E,
    0x00, 0x00, 0x00, 0x00, 0x00, 0x00, 0x00, 0x00, 0x00, 0x00, 0x25, 0x70, 0x00, 0x00, 0x00, 0x0B,
    0x00, 0x00, 0x00, 0x05, 0x00, 0x00, 0x00, 0x08, 0x00, 0x00, 0x00, 0x0E, 0x00, 0x00, 0x00, 0x03,
    0x00, 0x00, 0x00, 0x00, 0x00, 0x00, 0x25, 0x71, 0x00, 0x00, 0x00, 0x10, 0x00, 0x00, 0x00, 0x08,
    0x00, 0x00, 0x00, 0x08, 0x00, 0x00, 0x00, 0x0C, 0x00, 0x00, 0x00, 0x00, 0x00, 0x00, 0x00, 0x00,
    0x00, 0x00, 0x25, 0x72, 0x00, 0x00, 0x00, 0x10, 0x00, 0x00, 0x00, 0x08, 0x00, 0x00, 0x00, 0x08,
    0x00, 0x00, 0x00, 0x0C, 0x00, 0x00, 0x00, 0x00, 0x00, 0x00, 0x00, 0x00, 0x00, 0x00, 0x25, 0x73,
    0x00, 0x00, 0x00, 0x10, 0x00, 0x00, 0x00, 0x08, 0x00, 0x00, 0x00, 0x08, 0x00, 0x00, 0x00, 0x0C,
    0x00, 0x00, 0x00, 0x00, 0x00, 0x00, 0x00, 0x00, 0x00, 0x00, 0x25, 0x74, 0x00, 0x00, 0x00, 0x02,
    0x00, 0x00, 0x00, 0x07, 0x00, 0x00, 0x00, 0x08, 0x00, 0x00, 0x00, 0x05, 0x00, 0x00, 0x00, 0x00,
    0x00, 0x00, 0x00, 0x00, 0x00, 0x00, 0x25, 0x75, 0x00, 0x00, 0x00, 0x0B, 0x00, 0x00, 0x00, 0x02,
    0x00, 0x00, 0x00, 0x08, 0x00, 0x00, 0x00, 0x0E, 0x00, 0x00, 0x00, 0x03, 0x00, 0x00, 0x00, 0x00,
    0x00, 0x00, 0x25, 0x76, 0x00, 0x00, 0x00, 0x02, 0x00, 0x00, 0x00, 0x05, 0x00, 0x00, 0x00, 0x08,
    0x00, 0x00, 0x00, 0x05, 0x00, 0x00, 0x00, 0x03, 0x00, 0x00, 0x00, 0x00, 0x00, 0x00, 0x25, 0x77,
    0x00, 0x00, 0x00, 0x0A, 0x00, 0x00, 0x00, 0x02, 0x00, 0x00, 0x00, 0x08, 0x00, 0x00, 0x00, 0x05,
    0x00, 0x00, 0x00, 0x03, 0x00, 0x00, 0x00, 0x00, 0x00, 0x00, 0x25, 0x78, 0x00, 0x00, 0x00, 0x03,
    0x00, 0x00, 0x00, 0x07, 0x00, 0x00, 0x00, 0x08, 0x00, 0x00, 0x00, 0x06, 0x00, 0x00, 0x00, 0x00,
    0x00, 0x00, 0x00, 0x00, 0x00, 0x00, 0x25, 0x79, 0x00, 0x00, 0x00, 0x0B, 0x00, 0x00, 0x00, 0x03,
    0x00, 0x00, 0x00, 0x08, 0x00, 0x00, 0x00, 0x0E, 0x00, 0x00, 0x00, 0x03, 0x00, 0x00, 0x00, 0x00,
    0x00, 0x00, 0x25, 0x7A, 0x00, 0x00, 0x00, 0x03, 0x00, 0x00, 0x00, 0x05, 0x00, 0x00, 0x00, 0x08,
    0x00, 0x00, 0x00, 0x06, 0x00, 0x00, 0x00, 0x03, 0x00, 0x00, 0x00, 0x00, 0x00, 0x00, 0x25, 0x7B,
    0x00, 0x00, 0x00, 0x0A, 0x00, 0x00, 0x00, 0x03, 0x00, 0x00, 0x00, 0x08, 0x00, 0x00, 0x00, 0x05,
    0x00, 0x00, 0x00, 0x03, 0x00, 0x00, 0x00, 0x00, 0x00, 0x00, 0x25, 0x7C, 0x00, 0x00, 0x00, 0x03,
    0x00, 0x00, 0x00, 0x08, 0x00, 0x00, 0x00, 0x08, 0x00, 0x00, 0x00, 0x06, 0x00, 0x00, 0x00, 0x00,
    0x00, 0x00, 0x00, 0x00, 0x00, 0x00, 0x25, 0x7D, 0x00, 0x00, 0x00, 0x13, 0x00, 0x00, 0x00, 0x03,
    0x00, 0x00, 0x00, 0x08, 0x00, 0x00, 0x00, 0x0E, 0x00, 0x00, 0x00, 0x03, 0x00, 0x00, 0x00, 0x00,
    0x00, 0x00, 0x25, 0x7E, 0x00, 0x00, 0x00, 0x03, 0x00, 0x00, 0x00, 0x08, 0x00, 0x00, 0x00, 0x08,
    0x00, 0x00, 0x00, 0x06, 0x00, 0x00, 0x00, 0x00, 0x00, 0x00, 0x00, 0x00, 0x00, 0x00, 0x25, 0x7F,
    0x00, 0x00, 0x00, 0x13, 0x00, 0x00, 0x00, 0x03, 0x00, 0x00, 0x00, 0x08, 0x00, 0x00, 0x00, 0x0E,
    0x00, 0x00, 0x00, 0x03, 0x00, 0x00, 0x00, 0x00, 0x00, 0x00, 0x25, 0xA0, 0x00, 0x00, 0x00, 0x0A,
    0x00, 0x00, 0x00, 0x0A, 0x00, 0x00, 0x00, 0x0A, 0x00, 0x00, 0x00, 0x09, 0x00, 0x00, 0x00, 0x00,
    0x00, 0x00, 0x00, 0x00, 0x00, 0x00, 0x25, 0xA1, 0x00, 0x00, 0x00, 0x0A, 0x00, 0x00, 0x00, 0x0A,
    0x00, 0x00, 0x00, 0x0A, 0x00, 0x00, 0x00, 0x09, 0x00, 0x00, 0x00, 0x00, 0x00, 0x00, 0x00, 0x00,
    0x00, 0x00, 0x25, 0xB2, 0x00, 0x00, 0x00, 0x0A, 0x00, 0x00, 0x00, 0x0A, 0x00, 0x00, 0x00, 0x0A,
    0x00, 0x00, 0x00, 0x09, 0x00, 0x00, 0x00, 0x00, 0x00, 0x00, 0x00, 0x00, 0x00, 0x00, 0x25, 0xB6,
    0x00, 0x00, 0x00, 0x0A, 0x00, 0x00, 0x00, 0x0A, 0x00, 0x00, 0x00, 0x0A, 0x00, 0x00, 0x00, 0x09,
    0x00, 0x00, 0x00, 0x00, 0x00, 0x00, 0x00, 0x00, 0x00, 0x00, 0x25, 0xBC, 0x00, 0x00, 0x00, 0x0A,
    0x00, 0x00, 0x00, 0x0A, 0x00, 0x00, 0x00, 0x0A, 0x00, 0x00, 0x00, 0x09, 0x00, 0x00, 0x00, 0x00,
    0x00, 0x00, 0x00, 0x00, 0x00, 0x00, 0x25, 0xC0, 0x00, 0x00, 0x00, 0x0A, 0x00, 0x00, 0x00, 0x0A,
    0x00, 0x00, 0x00, 0x0A, 0x00, 0x00, 0x00, 0x09, 0x00, 0x00, 0x00, 0x00, 0x00, 0x00, 0x00, 0x00,
    0x00, 0x00, 0x25, 0xC6, 0x00, 0x00, 0x00, 0x0A, 0x00, 0x00, 0x00, 0x0A, 0x00, 0x00, 0x00, 0x0A,
    0x00, 0x00, 0x00, 0x09, 0x00, 0x00, 0x00, 0x00, 0x00, 0x00, 0x00, 0x00, 0x00, 0x00, 0x25, 0xC7,
    0x00, 0x00, 0x00, 0x0A, 0x00, 0x00, 0x00, 0x0A, 0x00, 0x00, 0x00, 0x0A, 0x00, 0x00, 0x00, 0x09,
    0x00, 0x00, 0x00, 0x00, 0x00, 0x00, 0x00, 0x00, 0x00, 0x00, 0x25, 0xCB, 0x00, 0x00, 0x00, 0x0A,
    0x00, 0x00, 0x00, 0x0A, 0x00, 0x00, 0x00, 0x0A, 0x00, 0x00, 0x00, 0x09, 0x00, 0x00, 0x00, 0x00,
    0x00, 0x00, 0x00, 0x00, 0x00, 0x00, 0x25, 0xCF, 0x00, 0x00, 0x00, 0x0A, 0x00, 0x00, 0x00, 0x0A,
    0x00, 0x00, 0x00, 0x0A, 0x00, 0x00, 0x00, 0x09, 0x00, 0x00, 0x00, 0x00, 0x00, 0x00, 0x00, 0x00,
    0x00, 0x00, 0x26, 0x10, 0x00, 0x00, 0x00, 0x09, 0x00, 0x00, 0x00, 0x09, 0x00, 0x00, 0x00, 0x0A,
    0x00, 0x00, 0x00, 0x09, 0x00, 0x00, 0x00, 0x00, 0x00, 0x00, 0x00, 0x00, 0x00, 0x00, 0x26, 0x11,
    0x00, 0x00, 0x00, 0x0A, 0x00, 0x00, 0x00, 0x0A, 0x00, 0x00, 0x00, 0x0A, 0x00, 0x00, 0x00, 0x09,
    0x00, 0x00, 0x00, 0x00, 0x00, 0x00, 0x00, 0x00, 0x00, 0x00, 0x26, 0x99, 0x00, 0x00, 0x00, 0x0A,
    0x00, 0x00, 0x00, 0x0A, 0x00, 0x00, 0x00, 0x0A, 0x00, 0x00, 0x00, 0x0A, 0x00, 0x00, 0x00, 0x00,
    0x00, 0x00, 0x00, 0x00, 0x00, 0x00, 0x27, 0x13, 0x00, 0x00, 0x00, 0x0A, 0x00, 0x00, 0x00, 0x08,
    0x00, 0x00, 0x00, 0x08, 0x00, 0x00, 0x00, 0x0A, 0x00, 0x00, 0x00, 0x00, 0x00, 0x00, 0x00, 0x00,
    0x00, 0x00, 0x27, 0x17, 0x00, 0x00, 0x00, 0x0B, 0x00, 0x00, 0x00, 0x08, 0x00, 0x00, 0x00, 0x0A,
    0x00, 0x00, 0x00, 0x0A, 0x00, 0x00, 0x00, 0x01, 0x00, 0x00, 0x00, 0x00, 0x00, 0x00, 0x27, 0x18,
    0x00, 0x00, 0x00, 0x0C, 0x00, 0x00, 0x00, 0x0A, 0x00, 0x00, 0x00, 0x0A, 0x00, 0x00, 0x00, 0x0B,
    0x00, 0x00, 0x00, 0x00, 0x00, 0x00, 0x00, 0x00, 0x00, 0x00, 0x2B, 0x07, 0x00, 0x00, 0x00, 0x09,
    0x00, 0x00, 0x00, 0x06, 0x00, 0x00, 0x00, 0x0A, 0x00, 0x00, 0x00, 0x0A, 0x00, 0x00, 0x00, 0x02,
    0x00, 0x00, 0x00, 0x00, 0x00, 0x00, 0xA8, 0xF5, 0x00, 0x00, 0xBC, 0xC4, 0x00, 0x00, 0xED, 0xB1,
    0x00, 0x00, 0xFF, 0x6A, 0x00, 0x00, 0xFF, 0x13, 0x00, 0x00, 0xF6, 0x00, 0x00, 0x0D, 0xAF, 0x00,
    0x00, 0x07, 0x2A, 0x00, 0x00, 0x07, 0x03, 0x00, 0x28, 0xFF, 0xDA, 0x00, 0x4C, 0xFF, 0xBE, 0x00,
    0x00, 0xBA, 0xB2, 0x12, 0xFF, 0x04, 0x00, 0xCB, 0x9A, 0x4C, 0xFF, 0x00, 0x00, 0xFC, 0x5E, 0x87,
    0xD8, 0x00, 0x00, 0xFF, 0x22, 0xA1, 0xA7, 0x00, 0x01, 0x46, 0x00, 0x2A, 0x1E, 0x00, 0x00, 0x00,
    0x00, 0xEF, 0x3F, 0x87, 0xA3, 0x00, 0x00, 0x00, 0x21, 0xF2, 0x0C, 0xBD, 0x81, 0x00, 0x00, 0x00,
    0x71, 0xAE, 0x11, 0xE0, 0x3D, 0x00, 0x00, 0x00, 0xA0, 0x64, 0x57, 0xD1, 0x05, 0x00, 0x89, 0xFB,
    0xFF, 0x14, 0xA7, 0xFF, 0xE9, 0xB7, 0x00, 0x3C, 0xB5, 0x0D, 0xF8, 0x71, 0x00, 0x00, 0x00, 0x77,
    0x89, 0x2F, 0xF1, 0x14, 0x00, 0x00, 0xF5, 0xFF, 0x41, 0x95, 0xFF, 0xF3, 0x85, 0x00, 0x29, 0xB6,
    0x2C, 0xD6, 0x93, 0x00, 0x00, 0x00, 0x60, 0xA5, 0x2B, 0xF0, 0x1D, 0x00, 0x00, 0x00, 0x8F, 0x6F,
    0x6B, 0xDF, 0x00, 0x00, 0x00, 0x00, 0x00, 0x00, 0x00, 0x01, 0x93, 0x00, 0x00, 0x00, 0x00, 0x00,
    0x00, 0x2B, 0xD5, 0x00, 0x00, 0x00, 0x00, 0x3A, 0xD3, 0xFE, 0xFD, 0xC4, 0x2C, 0x00, 0x1A, 0xBE,
    0xBE, 0xA4, 0xA2, 0xC8, 0xB4, 0x0F, 0x62, 0xD5, 0x2B, 0xAD, 0x54, 0x0E, 0x32, 0x00, 0x5D, 0xCD,
    0x2A, 0xDA, 0x1F, 0x00, 0x00, 0x00, 0x2E, 0xC9, 0xBF, 0xFA, 0x01, 0x00, 0x00, 0x00, 0x00, 0x42,
    0xCE, 0xFE, 0xF8, 0x7A, 0x00, 0x00, 0x00, 0x00, 0x3D, 0xC8, 0x92, 0xDE, 0x38, 0x00, 0x00, 0x00,
    0x6B, 0xB4, 0x0F, 0xE2, 0x70, 0x00, 0x4B, 0x1E, 0x9A, 0x80, 0x14, 0xE5, 0x4E, 0x00, 0xCF, 0xB1,
    0xCB, 0x87, 0xD2, 0xD1, 0x07, 0x00, 0x4A, 0xD7, 0xFE, 0xFF, 0xC5, 0x1E, 0x00, 0x00, 0x00, 0x01,
    0xCF, 0x10, 0x00, 0x00, 0x00, 0x00, 0x00, 0x09, 0x78, 0x09, 0x00, 0x00, 0x00, 0x00, 0x00, 0x08,
    0xB1, 0xEB, 0x2C, 0x0C, 0xCC, 0x0A, 0x00, 0x34, 0x8A, 0x42, 0x4A, 0x35, 0x9B, 0x00, 0x00, 0x43,
    0x42, 0x40, 0x5E, 0x7C, 0x40, 0x00, 0x00, 0x5B, 0x40, 0x42, 0x43, 0xCE, 0x18, 0x00, 0x00, 0x45,
    0x4A, 0x94, 0x8E, 0xA7, 0x00, 0x00, 0x00, 0x24, 0xE4, 0xA1, 0x3B, 0x1B, 0x00, 0x00, 0x00, 0x00,
    0x29, 0x38, 0xBF, 0xDD, 0x1E, 0x00, 0x00, 0x06, 0xC5, 0x6B, 0x6B, 0x55, 0x40, 0x00, 0x00, 0x32,
    0x9E, 0x79, 0x3B, 0x47, 0x40, 0x00, 0x00, 0x91, 0x37, 0x76, 0x35, 0x81, 0x32, 0x00, 0x19, 0xC8,
    0x09, 0x36, 0xCA, 0x9F, 0x08, 0x00, 0x00, 0x15, 0xB7, 0xFD, 0xF3, 0x39, 0x00, 0x00, 0x00, 0x8E,
    0xB7, 0x14, 0xBB, 0xC8, 0x00, 0x00, 0x00, 0xAF, 0x6B, 0x05, 0x4C, 0xCF, 0x00, 0x00, 0x00, 0xAF,
    0x85, 0x07, 0x6D, 0xCF, 0x00, 0x00, 0x00, 0x73, 0xC0, 0x23, 0xF3, 0x71, 0x00, 0x00, 0x89, 0xD4,
    0xF6, 0xE4, 0x6C, 0x00, 0x00, 0x00, 0xAF, 0x32, 0xA4, 0xAA, 0x00, 0x00, 0x00, 0x00, 0x9F, 0x1B,
    0x39, 0xF3, 0x14, 0x00, 0x00, 0x00, 0x9C, 0x19, 0x07, 0xF0, 0xA6, 0x30, 0xB0, 0x1B, 0xD0, 0x5A,
    0x90, 0xB0, 0xF9, 0xAF, 0x94, 0x00, 0xAB, 0xFF, 0xBF, 0x0B, 0xD7, 0xD9, 0x24, 0x00, 0x6C, 0xF3,
    0xA6, 0xC1, 0xBB, 0xAC, 0xEC, 0x70, 0x3A, 0x0D, 0x00, 0x00, 0x00, 0x09, 0xD3, 0xA3, 0x00, 0x00,
    0x00, 0xCA, 0xB4, 0x00, 0x00, 0x00, 0x79, 0xD5, 0x00, 0x00, 0x00, 0x07, 0xFF, 0x28, 0x00, 0x00,
    0x00, 0x7F, 0xBB, 0x00, 0x00, 0x00, 0x00, 0xE3, 0x70, 0x00, 0x00, 0x00, 0x01, 0xFF, 0x19, 0x00,
    0x00, 0x00, 0x19, 0xFF, 0x00, 0x00, 0x00, 0x00, 0x1E, 0xFF, 0x00, 0x00, 0x00, 0x00, 0x01, 0xFF,
    0x00, 0x00, 0x00, 0x00, 0x00, 0xF5, 0x43, 0x00, 0x00, 0x00, 0x00, 0xA3, 0xB2, 0x00, 0x00, 0x00,
    0x00, 0x0A, 0xFF, 0x45, 0x00, 0x00, 0x00, 0x00, 0x37, 0x94, 0x00, 0x00, 0x00, 0x00, 0x19, 0xFA,
    0x49, 0x00, 0x00, 0x00, 0x00, 0x46, 0xFF, 0x01, 0x00, 0x00, 0x00, 0x00, 0xDD, 0x63, 0x00, 0x00,
    0x00, 0x00, 0x94, 0xAF, 0x00, 0x00, 0x00, 0x00, 0x5E, 0xDE, 0x00, 0x00, 0x00, 0x00, 0x55, 0xF2,
    0x00, 0x00, 0x00, 0x00, 0x7C, 0xDD, 0x00, 0x00, 0x00, 0x00, 0xA2, 0xA2, 0x00, 0x00, 0x00, 0x00,
    0xFB, 0x48, 0x00, 0x00, 0x00, 0x3C, 0xFB, 0x00, 0x00, 0x00, 0x00, 0xD9, 0x76, 0x00, 0x00, 0x00,
    0x97, 0xCD, 0x00, 0x00, 0x00, 0x78, 0xFA, 0x16, 0x00, 0x00, 0x1C, 0xB2, 0x15, 0x00, 0x00, 0x00,
    0x00, 0x00, 0x00, 0x00, 0xE2, 0x70, 0x00, 0x00, 0x00, 0x00, 0x00, 0x00, 0xFF, 0x36, 0x00, 0x00,
    0x06, 0xAC, 0x57, 0x0C, 0xFF, 0x0C, 0x6C, 0xAF, 0x10, 0xBD, 0xFF, 0xFF, 0xFF, 0xFF, 0xF1, 0x8B,
    0x00, 0x00, 0x10, 0xFF, 0xFF, 0x55, 0x00, 0x00, 0x00, 0x00, 0xCD, 0xC6, 0xAA, 0xBE, 0x00, 0x00,
    0x00, 0xA6, 0xFB, 0x0A, 0x1B, 0xFF, 0x2B, 0x00, 0x00, 0x28, 0x27, 0x00, 0x00, 0x4B, 0x00, 0x00,
    0x00, 0x00, 0x00, 0x00, 0xE8, 0x75, 0x00, 0x00, 0x00, 0x00, 0x00, 0x00, 0xFF, 0x37, 0x00, 0x00,
    0x00, 0x00, 0x00, 0x16, 0xFF, 0x04, 0x00, 0x00, 0x04, 0xFF, 0xFF, 0xFF, 0xFF, 0xFF, 0xFF, 0xBC,
    0x00, 0x00, 0x00, 0x91, 0xD4, 0x00, 0x00, 0x00, 0x00, 0x00, 0x00, 0xAC, 0xBE, 0x00, 0x00, 0x00,
    0x00, 0x00, 0x00, 0xDF, 0x7F, 0x00, 0x00, 0x00, 0x00, 0x00, 0xFF, 0xFF, 0x01, 0x00, 0x4C, 0xFF,
    0x63, 0x00, 0x00, 0xAC, 0xE1, 0x00, 0x00, 0x00, 0xFF, 0x3F, 0x00, 0x00, 0x06, 0x0C, 0x0C, 0x0C,
    0x04, 0xDD, 0xFF, 0xFF, 0xFF, 0x76, 0x40, 0x54, 0x54, 0x54, 0x12, 0x00, 0x07, 0x03, 0x28, 0xFF,
    0xD9, 0x4C, 0xFF, 0xBD, 0x00, 0x00, 0x00, 0x00, 0x01, 0x3D, 0xBB, 0x24, 0x00, 0x00, 0x00, 0x00,
    0x0B, 0xB5, 0x76, 0x00, 0x00, 0x00, 0x00, 0x00, 0x25, 0xD4, 0x13, 0x00, 0x00, 0x00, 0x00, 0x00,
    0xA2, 0x84, 0x00, 0x00, 0x00, 0x00, 0x00, 0x1A, 0xF0, 0x12, 0x00, 0x00, 0x00, 0x00, 0x00, 0xA1,
    0xAC, 0x00, 0x00, 0x00, 0x00, 0x00, 0x1C, 0xF1, 0x11, 0x00, 0x00, 0x00, 0x00, 0x00, 0x93, 0xAD,
    0x00, 0x00, 0x00, 0x00, 0x00, 0x1D, 0xD7, 0x1C, 0x00, 0x00, 0x00, 0x00, 0x00, 0x83, 0xA6, 0x0A,
    0x00, 0x00, 0x00, 0x00, 0x1C, 0xBF, 0x37, 0x01, 0x00, 0x00, 0x00, 0x00, 0x71, 0xA5, 0x1C, 0x00,
    0x00, 0x00, 0x00, 0x00, 0xA9, 0x54, 0x01, 0x00, 0x00, 0x00, 0x00, 0x00, 0x60, 0x1D, 0x00, 0x00,
    0x00, 0x00, 0x00, 0x00, 0x00, 0x00, 0x00, 0xAF, 0xFF, 0xFF, 0xD3, 0x16, 0x00, 0x00, 0xA7, 0xFF,
    0x5D, 0x40, 0xF0, 0xB2, 0x00, 0x3A, 0xFF, 0x22, 0x00, 0x00, 0x5E, 0xFF, 0x00, 0xAB, 0xC6, 0x00,
    0x00, 0x00, 0x36, 0xFF, 0x00, 0xFF, 0x91, 0x00, 0x00, 0x00, 0x51, 0xFF, 0x06, 0xFF, 0x4F, 0x67,
    0xFF, 0x57, 0x87, 0xFF, 0x22, 0xFF, 0x16, 0x67, 0xE2, 0x1C, 0xA6, 0xD0, 0x27, 0xFF, 0x00, 0x00,
    0x00, 0x00, 0xF5, 0x8D, 0x06, 0xFF, 0x21, 0x00, 0x00, 0x4B, 0xFF, 0x15, 0x00, 0xE3, 0xC8, 0x39,
    0x6F, 0xFF, 0x91, 0x00, 0x00, 0x2D, 0xEB, 0xFF, 0xFF, 0x88, 0x00, 0x00, 0x00, 0x00, 0x00, 0x61,
    0xFF, 0xFF, 0x24, 0x00, 0x00, 0x00, 0x7B, 0xFF, 0xAE, 0xFF, 0x00, 0x00, 0x00, 0x7F, 0xFF, 0x4C,
    0x81, 0xFF, 0x00, 0x00, 0x00, 0x39, 0x39, 0x00, 0xBA, 0xD0, 0x00, 0x00, 0x00, 0x00, 0x00, 0x00,
    0xCA, 0xA1, 0x00, 0x00, 0x00, 0x00, 0x00, 0x00, 0xFB, 0x88, 0x00, 0x00, 0x00, 0x00, 0x00, 0x00,
    0xFF, 0x4F, 0x00, 0x00, 0x00, 0x00, 0x00, 0x1F, 0xFF, 0x16, 0x00, 0x00, 0x00, 0x00, 0x00, 0x58,
    0xFF, 0x00, 0x00, 0x00, 0x09, 0x24, 0x24, 0xA5, 0xFC, 0x24, 0x24, 0x09, 0x81, 0xFF, 0xFF, 0xFF,
    0xFF, 0xFF, 0xFF, 0x4E, 0x00, 0x00, 0x2B, 0xD5, 0xFF, 0xFF, 0xA5, 0x03, 0x00, 0x13, 0xFF, 0xB9,
    0x36, 0x5E, 0xFF, 0x99, 0x00, 0x5D, 0xD3, 0x00, 0x00, 0x00, 0xAB, 0xD3, 0x00, 0x00, 0x00, 0x00,
    0x00, 0x00, 0xBF, 0xC1, 0x00, 0x00, 0x00, 0x00, 0x00, 0x12, 0xFF, 0x6F, 0x00, 0x00, 0x00, 0x00,
    0x07, 0xDD, 0xD9, 0x00, 0x00, 0x00, 0x00, 0x10, 0xE2, 0xED, 0x10, 0x00, 0x00, 0x00, 0x22, 0xFF,
    0xD4, 0x0C, 0x00, 0x00, 0x00, 0x3C, 0xFF, 0xA5, 0x01, 0x00, 0x00, 0x00, 0x4B, 0xFF, 0xAB, 0x1E,
    0x1E, 0x1E, 0x1E, 0x01, 0xA5, 0xFF, 0xFF, 0xFF, 0xFF, 0xFF, 0xFF, 0x03, 0x00, 0x00, 0x1F, 0xCB,
    0xFF, 0xFF, 0xBE, 0x09, 0x00, 0x07, 0xFF, 0xCA, 0x37, 0x55, 0xFF, 0xAE, 0x00, 0x00, 0x73, 0x03,
    0x00, 0x00, 0xB0, 0xD2, 0x00, 0x00, 0x00, 0x00, 0x00, 0x00, 0xDF, 0xA3, 0x00, 0x00, 0x00, 0x00,
    0x04, 0x93, 0xFF, 0x21, 0x00, 0x00, 0x10, 0xFF, 0xFF, 0xFF, 0x25, 0x00, 0x00, 0x00, 0x06, 0x30,
    0x48, 0xD4, 0xE1, 0x00, 0x00, 0x00, 0x00, 0x00, 0x00, 0x39, 0xFF, 0x12, 0x0D, 0x31, 0x00, 0x00,
    0x00, 0x69, 0xFF, 0x06, 0xA5, 0xFF, 0x61, 0x28, 0x64, 0xFF, 0xB4, 0x00, 0x01, 0xBD, 0xFF, 0xFF,
    0xFF, 0x96, 0x01, 0x00, 0x00, 0x00, 0x00, 0x00, 0x00, 0xB1, 0xFF, 0x90, 0x00, 0x00, 0x00, 0x00,
    0x46, 0xFF, 0xFF, 0x58, 0x00, 0x00, 0x00, 0x0C, 0xFF, 0x85, 0xFF, 0x21, 0x00, 0x00, 0x00, 0xB2,
    0xC8, 0x3A, 0xFF, 0x00, 0x00, 0x00, 0x64, 0xFF, 0x15, 0x72, 0xFF, 0x00, 0x00, 0x19, 0xFF, 0x5D,
    0x00, 0xA9, 0xD0, 0x00, 0x00, 0xD2, 0xAB, 0x00, 0x00, 0xBB, 0xA2, 0x00, 0x87, 0xFF, 0x09, 0x00,
    0x00, 0xE9, 0x8B, 0x00, 0xE2, 0xFF, 0xFF, 0xFF, 0xFF, 0xFF, 0xFF, 0xC9, 0x21, 0x2A, 0x2A, 0x2A,
    0x36, 0xFF, 0x3C, 0x19, 0x00, 0x00, 0x00, 0x00, 0x4B, 0xFF, 0x00, 0x00, 0x00, 0x00, 0x9A, 0xFF,
    0xFF, 0xFF, 0xFF, 0xFF, 0x00, 0x00, 0xC4, 0xAB, 0x1E, 0x1E, 0x1E, 0x18, 0x00, 0x00, 0xFF, 0x46,
    0x00, 0x00, 0x00, 0x00, 0x00, 0x10, 0xFF, 0x04, 0x00, 0x00, 0x00, 0x00, 0x00, 0x5D, 0xF0, 0xA1,
    0xFF, 0xFC, 0x6D, 0x00, 0x00, 0x9D, 0xFF, 0x6F, 0x37, 0xBA, 0xFF, 0x2B, 0x00, 0x00, 0x01, 0x00,
    0x00, 0x00, 0xFF, 0x84, 0x00, 0x00, 0x00, 0x00, 0x00, 0x00, 0xFF, 0x76, 0x00, 0x70, 0x00, 0x00,
    0x00, 0x37, 0xFF, 0x2B, 0x2E, 0xFF, 0xA0, 0x33, 0x5E, 0xFF, 0xB4, 0x00, 0x00, 0x5B, 0xFB, 0xFF,
    0xFF, 0xAE, 0x01, 0x00, 0x00, 0x00, 0x00, 0x00, 0x64, 0xFF, 0x9C, 0x00, 0x00, 0x00, 0x00, 0x6F,
    0xFF, 0x51, 0x00, 0x00, 0x00, 0x00, 0x42, 0xFF, 0x45, 0x00, 0x00, 0x00, 0x00, 0x01, 0xFF, 0x93,
    0x00, 0x00, 0x00, 0x00, 0x00, 0x7C, 0xFF, 0xB1, 0xFF, 0xFF, 0x8D, 0x00, 0x00, 0xF3, 0xFC, 0x8D,
    0x39, 0x96, 0xFF, 0x43, 0x0C, 0xFF, 0x8E, 0x00, 0x00, 0x00, 0xF2, 0xA2, 0x2B, 0xFF, 0x16, 0x00,
    0x00, 0x00, 0xED, 0xA2, 0x0F, 0xFF, 0x12, 0x00, 0x00, 0x1C, 0xFF, 0x3D, 0x00, 0xF0, 0xB6, 0x2A,
    0x4C, 0xF2, 0xB7, 0x00, 0x00, 0x31, 0xEC, 0xFF, 0xFF, 0xAE, 0x01, 0x00, 0xAB, 0xFF, 0xFF, 0xFF,
    0xFF, 0xDC, 0x85, 0xB8, 0x59, 0x1E, 0x1E, 0x7A, 0xC2, 0x28, 0xB3, 0x34, 0x00, 0x00, 0xDA, 0x7E,
    0x00, 0x1A, 0x07, 0x00, 0x57, 0xDF, 0x16, 0x00, 0x00, 0x00, 0x00, 0xF0, 0x8B, 0x00, 0x00, 0x00,
    0x00, 0x5D, 0xFF, 0x13, 0x00, 0x00, 0x00, 0x01, 0xDB, 0xB1, 0x00, 0x00, 0x00, 0x00, 0x5B, 0xED,
    0x0D, 0x00, 0x00, 0x00, 0x02, 0xB7, 0xAD, 0x00, 0x00, 0x00, 0x00, 0x54, 0xE0, 0x2A, 0x00, 0x00,
    0x00, 0x00, 0x96, 0xAE, 0x14, 0x00, 0x00, 0x00, 0x00, 0x00, 0x00, 0x0F, 0xAF, 0xFF, 0xFF, 0xEC,
    0x36, 0x00, 0x00, 0xE1, 0xD9, 0x3C, 0x33, 0xDE, 0xF1, 0x00, 0x3D, 0xFF, 0x0F, 0x00, 0x00, 0x5D,
    0xFF, 0x00, 0x6A, 0xFF, 0x00, 0x00, 0x00, 0x82, 0xFB, 0x00, 0x1E, 0xFF, 0x51, 0x00, 0x31, 0xFF,
    0x64, 0x00, 0x00, 0x87, 0xFF, 0xFF, 0xFF, 0x6A, 0x00, 0x00, 0xA0, 0xE6, 0x57, 0x30, 0x8A, 0xFF,
    0x30, 0x49, 0xFF, 0x0D, 0x00, 0x00, 0x00, 0xE9, 0xA6, 0x91, 0xFF, 0x00, 0x00, 0x00, 0x01, 0xFF,
    0x87, 0x4E, 0xFF, 0x91, 0x25, 0x3F, 0xC9, 0xFF, 0x15, 0x00, 0x90, 0xFF, 0xFF, 0xFF, 0xBF, 0x25,
    0x00, 0x00, 0x13, 0xC3, 0xFF, 0xFF, 0xBA, 0x0A, 0x07, 0xFF, 0xB7, 0x33, 0x43, 0xFF, 0xAF, 0x9F,
    0xF8, 0x00, 0x00, 0x00, 0x87, 0xF0, 0xE2, 0xB4, 0x00, 0x00, 0x00, 0x81, 0xFF, 0xEB, 0xA8, 0x00,
    0x00, 0x00, 0xC0, 0xE9, 0xA8, 0xFF, 0x1C, 0x03, 0x84, 0xFF, 0xB4, 0x19, 0xED, 0xFF, 0xFF, 0xA0,
    0xFF, 0x1C, 0x00, 0x00, 0x15, 0x09, 0xC5, 0xA3, 0x00, 0x00, 0x00, 0x00, 0x91, 0xFB, 0x0A, 0x00,
    0x00, 0x00, 0x99, 0xFF, 0x27, 0x00, 0x00, 0x0F, 0xC1, 0xF8, 0x28, 0x00, 0x00, 0x00, 0x00, 0x36,
    0xFF, 0xB6, 0x00, 0x70, 0xFF, 0xAF, 0x00, 0x00, 0x0C, 0x00, 0x00, 0x00, 0x00, 0x00, 0x00, 0x00,
    0x00, 0x00, 0x00, 0x07, 0x03, 0x00, 0x28, 0xFF, 0xD9, 0x00, 0x4C, 0xFF, 0xBD, 0x00, 0x00, 0x00,
    0x36, 0xFF, 0xB6, 0x00, 0x00, 0x70, 0xFF, 0xAF, 0x00, 0x00, 0x00, 0x0C, 0x00, 0x00, 0x00, 0x00,
    0x00, 0x00, 0x00, 0x00, 0x00, 0x00, 0x00, 0x00, 0x00, 0x1C, 0x2A, 0x01, 0x00, 0x00, 0xFF, 0xF5,
    0x00, 0x00, 0x51, 0xFF, 0x5A, 0x00, 0x00, 0xAC, 0xE1, 0x00, 0x00, 0x00, 0xFF, 0x45, 0x00, 0x00,
    0x00, 0x15, 0x00, 0x00, 0x00, 0x00, 0x00, 0x00, 0x00, 0x00, 0x3C, 0xC1, 0x00, 0x00, 0x00, 0x19,
    0xB4, 0xFF, 0x99, 0x00, 0x04, 0xA0, 0xFF, 0xBC, 0x1E, 0x00, 0x5A, 0xFF, 0xE7, 0x40, 0x00, 0x00,
    0x00, 0xDE, 0xD0, 0x00, 0x00, 0x00, 0x00, 0x00, 0x3D, 0xFF, 0xDF, 0x24, 0x00, 0x00, 0x00, 0x00,
    0x07, 0xA6, 0xFF, 0x7C, 0x00, 0x00, 0x00, 0x00, 0x00, 0x58, 0xFF, 0xB0, 0x00, 0x00, 0x00, 0x00,
    0x00, 0x13, 0x82, 0x00, 0x00, 0xF0, 0xFF, 0xFF, 0xFF, 0xFF, 0xFF, 0xFF, 0x00, 0x00, 0x00, 0x00,
    0x00, 0x00, 0x00, 0x00, 0x00, 0x00, 0x00, 0x00, 0x00, 0x00, 0x00, 0x00, 0x4E, 0xFF, 0xFF, 0xFF,
    0xFF, 0xFF, 0xFF, 0x94, 0x00, 0x13, 0xD0, 0x19, 0x00, 0x00, 0x00, 0x00, 0x00, 0x0A, 0xBE, 0xFF,
    0x67, 0x00, 0x00, 0x00, 0x00, 0x00, 0x00, 0x6D, 0xFF, 0xB6, 0x0D, 0x00, 0x00, 0x00, 0x00, 0x00,
    0x1B, 0xD3, 0xFF, 0x3A, 0x00, 0x00, 0x00, 0x00, 0x00, 0x55, 0xFF, 0x72, 0x00, 0x00, 0x00, 0x2E,
    0xD0, 0xFF, 0x85, 0x00, 0x00, 0x13, 0xA7, 0xFF, 0xA1, 0x0F, 0x00, 0x00, 0x28, 0xFF, 0xD2, 0x2D,
    0x00, 0x00, 0x00, 0x00, 0x3C, 0x5A, 0x00, 0x00, 0x00, 0x00, 0x00, 0x00, 0x00, 0x12, 0xB9, 0xFF,
    0xFF, 0xCA, 0x12, 0x00, 0xDD, 0xE2, 0x3F, 0x48, 0xFF, 0xA6, 0x13, 0xE2, 0x12, 0x00, 0x00, 0xAE,
    0xE6, 0x00, 0x00, 0x00, 0x00, 0x00, 0xC3, 0xBC, 0x00, 0x00, 0x00, 0x0C, 0x9A, 0xFF, 0x40, 0x00,
    0x00, 0x90, 0xFF, 0xF7, 0x57, 0x00, 0x00, 0x00, 0xB7, 0xA2, 0x00, 0x00, 0x00, 0x00, 0x00, 0x99,
    0x55, 0x00, 0x00, 0x00, 0x00, 0x00, 0x0A, 0x00, 0x00, 0x00, 0x00, 0x00, 0x79, 0xFF, 0xA2, 0x00,
    0x00, 0x00, 0x00, 0xA6, 0xFF, 0x66, 0x00, 0x00, 0x00, 0x00, 0x00, 0x19, 0xD0, 0xFF, 0xFF, 0xC1,
    0x13, 0x00, 0x00, 0xE4, 0xA2, 0x0F, 0x0A, 0xC0, 0xB4, 0x00, 0x54, 0xFF, 0x00, 0x00, 0x00, 0x3D,
    0xFF, 0x00, 0xAF, 0xAE, 0x0A, 0xE1, 0xFF, 0xBB, 0xFD, 0x00, 0xF8, 0x5B, 0xA0, 0xCF, 0x01, 0xB8,
    0xCB, 0x00, 0xFF, 0x1C, 0xFF, 0x66, 0x00, 0xB8, 0xB7, 0x22, 0xFF, 0x00, 0xFF, 0x21, 0x00, 0xD8,
    0x79, 0x43, 0xFF, 0x00, 0xFF, 0x30, 0x3A, 0xFF, 0x3A, 0x3A, 0xFF, 0x00, 0x8D, 0xF1, 0x99, 0xFF,
    0x06, 0x13, 0xFF, 0x06, 0x00, 0x00, 0x00, 0x00, 0x00, 0x00, 0xDA, 0xAF, 0x1B, 0x00, 0x00, 0x00,
    0x00, 0x00, 0x19, 0xCB, 0xFF, 0xFF, 0xEC, 0x00, 0x00, 0x00, 0x00, 0x00, 0x00, 0x8E, 0xFC, 0x1E,
    0x00, 0x00, 0x00, 0x00, 0x14, 0xB3, 0xFF, 0x48, 0x00, 0x00, 0x00, 0x00, 0x42, 0xAD, 0xE7, 0x71,
    0x00, 0x00, 0x00, 0x02, 0x69, 0x86, 0xBD, 0x9B, 0x00, 0x00, 0x00, 0x13, 0xBC, 0x5E, 0x97, 0xA4,
    0x00, 0x00, 0x00, 0x20, 0xDA, 0x3B, 0x94, 0xC6, 0x00, 0x00, 0x00, 0x6F, 0xA8, 0x09, 0x72, 0xDF,
    0x00, 0x00, 0x00, 0xD8, 0xFF, 0xFF, 0xFF, 0xDF, 0x00, 0x00, 0x20, 0xEE, 0x5E, 0x36, 0x54, 0xE3,
    0x1E, 0x00, 0xA6, 0xD9, 0x00, 0x00, 0x04, 0xE9, 0x4E, 0x04, 0xE0, 0x6F, 0x00, 0x00, 0x00, 0xEF,
    0x7E, 0x00, 0x00, 0xFF, 0xFF, 0xFF, 0xFF, 0xE6, 0x1E, 0x00, 0x00, 0xFF, 0x60, 0x24, 0x36, 0xE9,
    0xB0, 0x00, 0x24, 0xFF, 0x12, 0x00, 0x00, 0xA0, 0xED, 0x00, 0x5D, 0xFF, 0x00, 0x00, 0x00, 0xAA,
    0xD3, 0x00, 0x96, 0xF8, 0x00, 0x00, 0x2E, 0xFF, 0x5E, 0x00, 0xAC, 0xFF, 0xFF, 0xFF, 0xFF, 0x8E,
    0x00, 0x00, 0xDD, 0xAA, 0x2A, 0x2B, 0x6F, 0xFF, 0x33, 0x00, 0xFF, 0x7E, 0x00, 0x00, 0x00, 0xF5,
    0x96, 0x04, 0xFF, 0x42, 0x00, 0x00, 0x04, 0xFF, 0x6C, 0x34, 0xFF, 0x2E, 0x24, 0x36, 0xB5, 0xFF,
    0x07, 0x6D, 0xFF, 0xFF, 0xFF, 0xFF, 0xE8, 0x2D, 0x00, 0x00, 0x50, 0xEB, 0xFF, 0xD8, 0x2C, 0x00,
    0x45, 0xD9, 0x91, 0x37, 0xC5, 0xB6, 0x00, 0x97, 0x98, 0x10, 0x00, 0x24, 0x8E, 0x0D, 0xC7, 0x49,
    0x00, 0x00, 0x00, 0x00, 0x00, 0xC4, 0x39, 0x00, 0x00, 0x00, 0x00, 0x00, 0xCE, 0x32, 0x00, 0x00,
    0x00, 0x00, 0x00, 0xB1, 0x22, 0x00, 0x00, 0x00, 0x00, 0x00, 0xA5, 0x1C, 0x00, 0x00, 0x0F, 0x00,
    0x00, 0xBE, 0x2B, 0x00, 0x0A, 0xE8, 0x41, 0x00, 0xDA, 0x8A, 0x41, 0xD9, 0xCE, 0x01, 0x00, 0x6A,
    0xEA, 0xFF, 0xC8, 0x15, 0x00, 0x00, 0x00, 0x00, 0xD7, 0xFF, 0xFF, 0xFF, 0xB1, 0x01, 0x00, 0x00,
    0xFF, 0x93, 0x27, 0x6D, 0xFF, 0x8E, 0x00, 0x01, 0xFF, 0x45, 0x00, 0x00, 0x9D, 0xEE, 0x00, 0x2D,
    0xFF, 0x0F, 0x00, 0x00, 0x63, 0xFF, 0x00, 0x66, 0xFF, 0x00, 0x00, 0x00, 0x70, 0xFF, 0x00, 0x9F,
    0xEC, 0x00, 0x00, 0x00, 0xA3, 0xFD, 0x00, 0xB5, 0xBE, 0x00, 0x00, 0x00, 0xBA, 0xCF, 0x00, 0xE4,
    0xAB, 0x00, 0x00, 0x00, 0xFF, 0x9D, 0x00, 0xFF, 0x72, 0x00, 0x00, 0x57, 0xFF, 0x21, 0x09, 0xFF,
    0x5B, 0x2A, 0x79, 0xFF, 0xAF, 0x00, 0x3D, 0xFF, 0xFF, 0xFF, 0xFF, 0x9C, 0x00, 0x00, 0x00, 0xAC,
    0xFE, 0xFF, 0xFF, 0xFF, 0xC8, 0x4F, 0x00, 0xAF, 0x88, 0x29, 0x24, 0x24, 0x1A, 0x04, 0x11, 0xB9,
    0x48, 0x02, 0x00, 0x00, 0x00, 0x00, 0x31, 0xCB, 0x30, 0x00, 0x00, 0x00, 0x00, 0x00, 0x51, 0xDB,
    0x2F, 0x00, 0x00, 0x00, 0x00, 0x00, 0x5E, 0xE4, 0xFF, 0xFF, 0xFF, 0xE6, 0x53, 0x00, 0x7A, 0xBD,
    0x4D, 0x36, 0x36, 0x2E, 0x08, 0x00, 0x8F, 0xA8, 0x18, 0x00, 0x00, 0x00, 0x00, 0x00, 0x90, 0x7F,
    0x0D, 0x00, 0x00, 0x00, 0x00, 0x00, 0xA4, 0x71, 0x26, 0x24, 0x24, 0x18, 0x00, 0x00, 0xBD, 0xFF,
    0xFF, 0xFF, 0xFE, 0xC3, 0x00, 0x00, 0x00, 0xAC, 0xFE, 0xFF, 0xFF, 0xFF, 0xD9, 0x85, 0x00, 0xAF,
    0x88, 0x29, 0x24, 0x24, 0x1C, 0x09, 0x11, 0xB9, 0x48, 0x02, 0x00, 0x00, 0x00, 0x00, 0x31, 0xCB,
    0x30, 0x00, 0x00, 0x00, 0x00, 0x00, 0x51, 0xDB, 0x2F, 0x00, 0x00, 0x00, 0x00, 0x00, 0x5E, 0xE4,
    0xFF, 0xFF, 0xFF, 0xDE, 0x36, 0x00, 0x7A, 0xBD, 0x4D, 0x36, 0x36, 0x2D, 0x04, 0x00, 0x8F, 0xA9,
    0x18, 0x00, 0x00, 0x00, 0x00, 0x00, 0x90, 0x81, 0x0E, 0x00, 0x00, 0x00, 0x00, 0x00, 0xA4, 0x5B,
    0x03, 0x00, 0x00, 0x00, 0x00, 0x00, 0xBD, 0x50, 0x00, 0x00, 0x00, 0x00, 0x00, 0x00, 0x00, 0x00,
    0x00, 0x9F, 0xFF, 0xFF, 0xD8, 0x1E, 0x00, 0x00, 0xB7, 0xFF, 0x5D, 0x3D, 0xEC, 0xC8, 0x00, 0x31,
    0xFF, 0x37, 0x00, 0x00, 0x45, 0xD4, 0x00, 0xBE, 0xDE, 0x00, 0x00, 0x00, 0x00, 0x00, 0x00, 0xF8,
    0xAE, 0x00, 0x00, 0x00, 0x00, 0x00, 0x00, 0xFF, 0x6C, 0x00, 0x00, 0x00, 0x00, 0x00, 0x10, 0xFF,
    0x39, 0x00, 0xD7, 0xFF, 0xFF, 0xA6, 0x10, 0xFF, 0x2A, 0x00, 0x00, 0x00, 0xFD, 0x69, 0x00, 0xFF,
    0x5A, 0x00, 0x00, 0x2A, 0xFF, 0x2B, 0x00, 0xCF, 0xE9, 0x34, 0x52, 0xDE, 0xFF, 0x01, 0x00, 0x27,
    0xEE, 0xFF, 0xFF, 0x9F, 0xFF, 0x00, 0x00, 0xAF, 0x7F, 0x06, 0x00, 0x30, 0xC8, 0x4E, 0x08, 0xB4,
    0x53, 0x03, 0x02, 0x48, 0xB6, 0x16, 0x29, 0xC6, 0x31, 0x00, 0x05, 0x75, 0xAF, 0x00, 0x49, 0xD8,
    0x30, 0x00, 0x09, 0xA1, 0xA7, 0x00, 0x69, 0xD0, 0x29, 0x00, 0x0A, 0xAB, 0x87, 0x00, 0x72, 0xEE,
    0xFF, 0xFF, 0xFF, 0xF1, 0x7A, 0x00, 0x8D, 0xC7, 0x4D, 0x36, 0x43, 0xE6, 0x55, 0x00, 0x8F, 0x8C,
    0x10, 0x00, 0x11, 0xDC, 0x2D, 0x00, 0x9D, 0x62, 0x05, 0x00, 0x38, 0xD1, 0x08, 0x00, 0xB6, 0x50,
    0x00, 0x00, 0x71, 0xCF, 0x00, 0x00, 0xC8, 0x4C, 0x00, 0x00, 0xA6, 0xBD, 0x00, 0x00, 0x00, 0xAF,
    0xFF, 0xFF, 0xFF, 0xFF, 0xC5, 0x46, 0x00, 0x00, 0x00, 0xA9, 0xAD, 0x00, 0x00, 0x00, 0x00, 0x00,
    0x00, 0xD5, 0x9C, 0x00, 0x00, 0x00, 0x00, 0x00, 0x00, 0xEF, 0x66, 0x00, 0x00, 0x00, 0x00, 0x00,
    0x06, 0xF0, 0x31, 0x00, 0x00, 0x00, 0x00, 0x00, 0x31, 0xF3, 0x04, 0x00, 0x00, 0x00, 0x00, 0x00,
    0x60, 0xF6, 0x00, 0x00, 0x00, 0x00, 0x00, 0x00, 0x8E, 0xDB, 0x00, 0x00, 0x00, 0x00, 0x00, 0x00,
    0x9D, 0xB0, 0x00, 0x00, 0x00, 0x00, 0x00, 0x00, 0xC4, 0x9F, 0x00, 0x00, 0x00, 0x00, 0xC9, 0xFF,
    0xFF, 0xFF, 0xFD, 0xB5, 0x00, 0x00, 0x00, 0x00, 0x10, 0xFF, 0xFF, 0xFF, 0xFF, 0xD2, 0x00, 0x00,
    0x03, 0x24, 0x24, 0x24, 0xD8, 0xA2, 0x00, 0x00, 0x00, 0x00, 0x00, 0x00, 0xFC, 0x8A, 0x00, 0x00,
    0x00, 0x00, 0x00, 0x00, 0xFF, 0x51, 0x00, 0x00, 0x00, 0x00, 0x00, 0x21, 0xFF, 0x18, 0x00, 0x00,
    0x00, 0x00, 0x00, 0x5B, 0xFF, 0x00, 0x00, 0x00, 0x00, 0x00, 0x00, 0x94, 0xF3, 0x00, 0x00, 0x00,
    0x00, 0x00, 0x00, 0xAB, 0xC4, 0x00, 0x19, 0xD3, 0x03, 0x00, 0x00, 0xF7, 0x9F, 0x00, 0x03, 0xFF,
    0xBE, 0x39, 0xB1, 0xFF, 0x25, 0x00, 0x00, 0x51, 0xFF, 0xFF, 0xFF, 0x5E, 0x00, 0x00, 0x00, 0xAF,
    0x91, 0x08, 0x01, 0x41, 0xE9, 0xBA, 0x02, 0xB1, 0x63, 0x04, 0x17, 0xE8, 0x96, 0x03, 0x1D, 0xC0,
    0x37, 0x02, 0xD0, 0xC9, 0x08, 0x00, 0x3D, 0xD1, 0x30, 0xA0, 0xF1, 0x14, 0x00, 0x00, 0x5D, 0xD0,
    0xA2, 0xF8, 0x2A, 0x00, 0x00, 0x00, 0x68, 0xE9, 0xFF, 0xFF, 0x44, 0x00, 0x00, 0x00, 0x83, 0xF8,
    0x9B, 0xD5, 0xB3, 0x00, 0x00, 0x00, 0x8F, 0xC7, 0x21, 0x63, 0xF0, 0x0F, 0x00, 0x00, 0x95, 0x73,
    0x0A, 0x01, 0xF9, 0x7F, 0x00, 0x00, 0xAC, 0x52, 0x01, 0x00, 0xB4, 0xCF, 0x00, 0x00, 0xC4, 0x50,
    0x00, 0x00, 0x2C, 0xDF, 0x3A, 0x00, 0x00, 0x84, 0xFA, 0x00, 0x00, 0x00, 0x00, 0x00, 0xBD, 0xCB,
    0x00, 0x00, 0x00, 0x00, 0x00, 0xCD, 0xBB, 0x00, 0x00, 0x00, 0x00, 0x00, 0xFC, 0x84, 0x00, 0x00,
    0x00, 0x00, 0x00, 0xFF, 0x4B, 0x00, 0x00, 0x00, 0x00, 0x21, 0xFF, 0x13, 0x00, 0x00, 0x00, 0x00,
    0x5B, 0xFF, 0x00, 0x00, 0x00, 0x00, 0x00, 0x94, 0xF2, 0x00, 0x00, 0x00, 0x00, 0x00, 0xAB, 0xC3,
    0x00, 0x00, 0x00, 0x00, 0x00, 0xDA, 0xA6, 0x24, 0x24, 0x24, 0x24, 0x00, 0xFF, 0xFF, 0xFF, 0xFF,
    0xFF, 0xFF, 0x00, 0x10, 0xB8, 0xB3, 0x0A, 0x06, 0x7F, 0xDE, 0x96, 0x31, 0xCB, 0xEC, 0x0E, 0x0F,
    0xF5, 0xCC, 0x5D, 0x51, 0xCA, 0xFA, 0x10, 0x72, 0xF5, 0xBB, 0x24, 0x5E, 0xA6, 0xEE, 0x44, 0xF2,
    0x97, 0xAF, 0x00, 0x79, 0xA4, 0xB6, 0xCF, 0xDD, 0x7B, 0xAF, 0x00, 0x8F, 0x89, 0x85, 0xF8, 0x51,
    0xA1, 0x8E, 0x00, 0x90, 0x62, 0x36, 0xCE, 0x0B, 0xB0, 0x83, 0x00, 0xA4, 0x50, 0x01, 0x31, 0x0E,
    0xCD, 0x5B, 0x00, 0xB8, 0x4D, 0x00, 0x00, 0x10, 0xDD, 0x34, 0x00, 0xB7, 0x3F, 0x00, 0x00, 0x16,
    0xD3, 0x0D, 0x00, 0xB6, 0x39, 0x00, 0x00, 0x44, 0xCF, 0x00, 0x00, 0x00, 0xAF, 0xFF, 0x11, 0x00,
    0x30, 0xC8, 0x4E, 0x08, 0xB4, 0xFF, 0x41, 0x00, 0x36, 0xB6, 0x16, 0x29, 0xC6, 0xF3, 0x88, 0x04,
    0x5F, 0xAF, 0x00, 0x49, 0xD3, 0xBD, 0xAA, 0x07, 0x8B, 0xA7, 0x00, 0x69, 0xC2, 0x8F, 0xE3, 0x0B,
    0xB1, 0x87, 0x00, 0x72, 0xBA, 0x4C, 0xF2, 0x0C, 0xBD, 0x7A, 0x00, 0x8D, 0xA0, 0x16, 0xEF, 0x3C,
    0xD8, 0x55, 0x00, 0x8F, 0x78, 0x0B, 0xDA, 0x84, 0xDC, 0x2D, 0x00, 0x9D, 0x54, 0x01, 0x9E, 0xBA,
    0xD1, 0x08, 0x00, 0xB6, 0x50, 0x00, 0x74, 0xFF, 0xCF, 0x00, 0x00, 0xBA, 0x44, 0x00, 0x2A, 0xFE,
    0xBD, 0x00, 0x00, 0x00, 0x00, 0x00, 0xB2, 0xFF, 0xFF, 0xD3, 0x16, 0x00, 0x00, 0xAC, 0xFF, 0x5D,
    0x40, 0xF3, 0xB2, 0x00, 0x3F, 0xFF, 0x25, 0x00, 0x00, 0x69, 0xFF, 0x00, 0xAD, 0xCE, 0x00, 0x00,
    0x00, 0x42, 0xFF, 0x00, 0xFF, 0x97, 0x00, 0x00, 0x00, 0x5D, 0xFF, 0x06, 0xFF, 0x55, 0x00, 0x00,
    0x00, 0x93, 0xFF, 0x22, 0xFF, 0x1E, 0x00, 0x00, 0x00, 0xB0, 0xD5, 0x27, 0xFF, 0x04, 0x00, 0x00,
    0x00, 0xFD, 0x93, 0x06, 0xFF, 0x2A, 0x00, 0x00, 0x51, 0xFF, 0x18, 0x00, 0xE3, 0xCA, 0x39, 0x6F,
    0xFF, 0x93, 0x00, 0x00, 0x2D, 0xEB, 0xFF, 0xFF, 0x88, 0x00, 0x00, 0x00, 0xAC, 0xFE, 0xFF, 0xFF,
    0xE6, 0x55, 0x00, 0x00, 0xAF, 0x88, 0x29, 0x2F, 0xB1, 0xB3, 0x0C, 0x11, 0xB9, 0x43, 0x02, 0x01,
    0x37, 0xBF, 0x33, 0x31, 0xCB, 0x30, 0x00, 0x03, 0x5C, 0xB4, 0x0F, 0x51, 0xD3, 0x2D, 0x00, 0x19,
    0xCC, 0x9D, 0x00, 0x5E, 0xE4, 0xFF, 0xFF, 0xFE, 0xCC, 0x1E, 0x00, 0x7A, 0xB5, 0x4B, 0x34, 0x12,
    0x00, 0x00, 0x00, 0x8F, 0xA0, 0x16, 0x00, 0x00, 0x00, 0x00, 0x00, 0x90, 0x7B, 0x0C, 0x00, 0x00,
    0x00, 0x00, 0x00, 0xA4, 0x58, 0x02, 0x00, 0x00, 0x00, 0x00, 0x00, 0xBD, 0x50, 0x00, 0x00, 0x00,
    0x00, 0x00, 0x00, 0x00, 0x00, 0x00, 0xAB, 0xFF, 0xFF, 0xCF, 0x13, 0x00, 0x00, 0xA0, 0xFF, 0x5D,
    0x42, 0xF7, 0xAC, 0x00, 0x34, 0xFF, 0x2A, 0x00, 0x00, 0x6D, 0xFF, 0x00, 0xA2, 0xD3, 0x00, 0x00,
    0x00, 0x42, 0xFF, 0x00, 0xFD, 0xA0, 0x00, 0x00, 0x00, 0x57, 0xFF, 0x01, 0xFF, 0x5E, 0x00, 0x00,
    0x00, 0x8B, 0xFF, 0x1E, 0xFF, 0x27, 0x00, 0x00, 0x00, 0xA5, 0xDD, 0x2A, 0xFF, 0x04, 0x00, 0x00,
    0x00, 0xED, 0xAB, 0x10, 0xFF, 0x19, 0x00, 0x00, 0x2D, 0xFF, 0x30, 0x00, 0xFF, 0xA3, 0x00, 0x12,
    0xE9, 0xBE, 0x00, 0x00, 0x78, 0xFF, 0xFF, 0xFF, 0xE2, 0x0A, 0x00, 0x00, 0x00, 0x21, 0xDF, 0xD7,
    0x00, 0x21, 0x28, 0x00, 0x00, 0x00, 0x2A, 0xFF, 0x6C, 0xFF, 0x6D, 0x00, 0x00, 0x00, 0x00, 0x93,
    0xFF, 0x82, 0x00, 0x00, 0xAC, 0xFE, 0xFF, 0xFF, 0xE6, 0x55, 0x00, 0x00, 0xAF, 0x88, 0x29, 0x2E,
    0xAF, 0xB2, 0x0A, 0x11, 0xB9, 0x42, 0x01, 0x01, 0x37, 0xBF, 0x33, 0x31, 0xCB, 0x30, 0x00, 0x03,
    0x5D, 0xB4, 0x10, 0x51, 0xD2, 0x2D, 0x00, 0x20, 0xCC, 0x99, 0x00, 0x5E, 0xE4, 0xFF, 0xFF, 0xFD,
    0xB5, 0x17, 0x00, 0x7A, 0xB4, 0x1F, 0xD9, 0x95, 0x00, 0x00, 0x00, 0x8F, 0x9C, 0x15, 0x8D, 0xE7,
    0x00, 0x00, 0x00, 0x90, 0x78, 0x0B, 0x1A, 0xF2, 0x28, 0x00, 0x00, 0xA4, 0x56, 0x02, 0x00, 0xE6,
    0x96, 0x00, 0x00, 0xBD, 0x50, 0x00, 0x00, 0x9F, 0xCF, 0x00, 0x00, 0x00, 0x2F, 0xC4, 0xFD, 0xFD,
    0xBD, 0x25, 0x00, 0x16, 0xBC, 0xC5, 0x37, 0x3E, 0xC2, 0xB2, 0x0A, 0x5A, 0xD5, 0x2C, 0x00, 0x00,
    0x0D, 0x2E, 0x00, 0x6A, 0xD7, 0x2B, 0x00, 0x00, 0x00, 0x00, 0x00, 0x2C, 0xC8, 0xC0, 0x50, 0x01,
    0x00, 0x00, 0x00, 0x00, 0x44, 0xCA, 0xFD, 0xF9, 0x7F, 0x00, 0x00, 0x00, 0x00, 0x00, 0x07, 0x94,
    0xDE, 0x38, 0x00, 0x00, 0x00, 0x00, 0x00, 0x10, 0xE8, 0x6E, 0x00, 0x4A, 0x1F, 0x00, 0x00, 0x17,
    0xE6, 0x53, 0x00, 0xCE, 0xB7, 0x3F, 0x46, 0xD7, 0xD1, 0x05, 0x00, 0x4E, 0xDA, 0xFF, 0xFF, 0xB4,
    0x19, 0x00, 0x00, 0xF3, 0xFF, 0xFF, 0xFF, 0xFF, 0xED, 0x09, 0x21, 0x24, 0xC1, 0x74, 0x24, 0x1F,
    0x00, 0x00, 0x00, 0xD6, 0x53, 0x00, 0x00, 0x00, 0x00, 0x00, 0xE0, 0x36, 0x00, 0x00, 0x00, 0x00,
    0x07, 0xD3, 0x1A, 0x00, 0x00, 0x00, 0x00, 0x38, 0xC9, 0x02, 0x00, 0x00, 0x00, 0x00, 0x6D, 0xC8,
    0x00, 0x00, 0x00, 0x00, 0x00, 0xA2, 0xAD, 0x00, 0x00, 0x00, 0x00, 0x00, 0xB2, 0x87, 0x00, 0x00,
    0x00, 0x00, 0x00, 0xDF, 0x76, 0x00, 0x00, 0x00, 0x00, 0x00, 0xED, 0x49, 0x00, 0x00, 0x00, 0x00,
    0x92, 0x85, 0x0C, 0x00, 0x24, 0xCC, 0x4E, 0x9D, 0x5B, 0x04, 0x00, 0x41, 0xBC, 0x15, 0xB6, 0x49,
    0x00, 0x00, 0x72, 0xB6, 0x00, 0xC9, 0x46, 0x00, 0x00, 0xA3, 0xAD, 0x00, 0xB8, 0x38, 0x00, 0x00,
    0xB0, 0x8B, 0x00, 0xC1, 0x33, 0x00, 0x00, 0xD8, 0x7E, 0x00, 0xB2, 0x22, 0x00, 0x00, 0xEB, 0x54,
    0x00, 0x96, 0x15, 0x00, 0x0F, 0xE1, 0x21, 0x00, 0x96, 0x15, 0x00, 0x75, 0xDB, 0x00, 0x00, 0xD8,
    0x5E, 0x50, 0xFF, 0x8A, 0x00, 0x00, 0xA5, 0xFC, 0xFF, 0xBE, 0x08, 0x00, 0x00, 0xC0, 0x3E, 0x00,
    0x00, 0x18, 0xB4, 0xD9, 0xC1, 0x48, 0x00, 0x00, 0x2A, 0xD4, 0x67, 0xAF, 0x49, 0x00, 0x00, 0x8B,
    0xB6, 0x01, 0x9C, 0x4E, 0x01, 0x00, 0xDB, 0x7B, 0x00, 0x92, 0x6A, 0x07, 0x2D, 0xDF, 0x14, 0x00,
    0x92, 0x88, 0x0D, 0xA2, 0xAC, 0x00, 0x00, 0x82, 0x9F, 0x18, 0xFF, 0x48, 0x00, 0x00, 0x6D, 0xB5,
    0x80, 0xFF, 0x00, 0x00, 0x00, 0x69, 0xB7, 0xDE, 0x99, 0x00, 0x00, 0x00, 0x4F, 0xDE, 0xFF, 0x12,
    0x00, 0x00, 0x00, 0x36, 0xD1, 0xC3, 0x00, 0x00, 0x00, 0x00, 0x61, 0xB2, 0x22, 0x00, 0x00, 0x11,
    0x8E, 0xFF, 0x6F, 0xA4, 0x1C, 0x00, 0x00, 0x20, 0xB1, 0xBE, 0x7D, 0x96, 0x16, 0x00, 0x00, 0x27,
    0xBD, 0x90, 0x8C, 0x88, 0x28, 0xF1, 0x9E, 0x30, 0xC2, 0x3D, 0x8F, 0x75, 0x87, 0xF9, 0xB0, 0x49,
    0xB0, 0x01, 0x8F, 0x5E, 0xC5, 0xA8, 0xA5, 0x86, 0x9F, 0x00, 0x91, 0x69, 0xD6, 0x80, 0xB6, 0xA1,
    0x6F, 0x00, 0x9E, 0xC0, 0xA1, 0x6F, 0xC7, 0xCD, 0x4C, 0x00, 0xAB, 0xF8, 0x64, 0x5E, 0xD6, 0xD4,
    0x13, 0x00, 0xB9, 0xFF, 0x30, 0x4F, 0xFF, 0xCF, 0x00, 0x00, 0xC5, 0xBF, 0x1E, 0x44, 0xFC, 0xA5,
    0x00, 0x00, 0x00, 0x05, 0x9A, 0x44, 0x00, 0x00, 0xCF, 0xCD, 0x00, 0x00, 0x6C, 0xB8, 0x00, 0x54,
    0xF8, 0x16, 0x00, 0x00, 0x3B, 0xE9, 0x0B, 0xA6, 0x64, 0x00, 0x00, 0x00, 0x03, 0xD1, 0x85, 0xC8,
    0x0A, 0x00, 0x00, 0x00, 0x00, 0x84, 0xFE, 0x71, 0x00, 0x00, 0x00, 0x00, 0x00, 0x6A, 0xE3, 0x2E,
    0x00, 0x00, 0x00, 0x00, 0x0E, 0xD5, 0xF2, 0x51, 0x00, 0x00, 0x00, 0x00, 0x63, 0xBF, 0x6B, 0x7A,
    0x01, 0x00, 0x00, 0x0A, 0xCC, 0x3A, 0x2F, 0xC8, 0x0A, 0x00, 0x00, 0x4F, 0xAF, 0x0E, 0x1B, 0xCF,
    0x10, 0x00, 0x08, 0xFA, 0x66, 0x00, 0x02, 0x95, 0x6D, 0x00, 0xC5, 0x0F, 0x00, 0x00, 0x7E, 0xED,
    0x09, 0xBF, 0x21, 0x00, 0x1F, 0xD5, 0x49, 0x00, 0xA4, 0x8E, 0x00, 0x7A, 0xBA, 0x00, 0x00, 0x76,
    0xD7, 0x21, 0xCD, 0x40, 0x00, 0x00, 0x1F, 0xF0, 0x62, 0xAA, 0x12, 0x00, 0x00, 0x00, 0xE2, 0xEE,
    0x58, 0x00, 0x00, 0x00, 0x00, 0x96, 0xCB, 0x07, 0x00, 0x00, 0x00, 0x00, 0xA0, 0xAE, 0x00, 0x00,
    0x00, 0x00, 0x00, 0xB1, 0x88, 0x00, 0x00, 0x00, 0x00, 0x00, 0xDD, 0x77, 0x00, 0x00, 0x00, 0x00,
    0x00, 0xED, 0x4A, 0x00, 0x00, 0x00, 0x00, 0x17, 0xBC, 0xFF, 0xFF, 0xFF, 0xFF, 0xE6, 0xAE, 0x03,
    0x1B, 0x24, 0x24, 0x2B, 0xA3, 0xC1, 0x37, 0x00, 0x00, 0x00, 0x00, 0x3B, 0xE6, 0x55, 0x00, 0x00,
    0x00, 0x00, 0x0B, 0xFA, 0x8C, 0x00, 0x00, 0x00, 0x00, 0x00, 0xB7, 0xDF, 0x03, 0x00, 0x00, 0x00,
    0x00, 0x78, 0xF8, 0x1F, 0x00, 0x00, 0x00, 0x00, 0x34, 0xDD, 0x60, 0x00, 0x00, 0x00, 0x00, 0x0F,
    0xB8, 0xB3, 0x0A, 0x00, 0x00, 0x00, 0x00, 0x83, 0xD5, 0x26, 0x00, 0x00, 0x00, 0x00, 0x00, 0xD5,
    0x73, 0x27, 0x24, 0x24, 0x1F, 0x06, 0x00, 0xFF, 0xFF, 0xFF, 0xFF, 0xFF, 0xDD, 0x32, 0x00, 0x00,
    0xB0, 0xFD, 0xFF, 0xCB, 0x2D, 0x00, 0xBF, 0x29, 0x00, 0x00, 0x00, 0x09, 0xC3, 0x15, 0x00, 0x00,
    0x00, 0x2A, 0xC7, 0x14, 0x00, 0x00, 0x00, 0x4B, 0xB0, 0x10, 0x00, 0x00, 0x00, 0x6D, 0xB1, 0x0F,
    0x00, 0x00, 0x00, 0x78, 0x8B, 0x0A, 0x00, 0x00, 0x00, 0x93, 0x6C, 0x05, 0x00, 0x00, 0x00, 0x95,
    0x45, 0x01, 0x00, 0x00, 0x00, 0xA4, 0x40, 0x00, 0x00, 0x00, 0x00, 0xAB, 0x39, 0x00, 0x00, 0x00,
    0x00, 0xA7, 0x2D, 0x00, 0x00, 0x00, 0x00, 0xA4, 0x27, 0x00, 0x00, 0x00, 0x00, 0xED, 0xFF, 0xFF,
    0x38, 0x00, 0x00, 0x87, 0xAB, 0x00, 0x00, 0x00, 0x39, 0xED, 0x00, 0x00, 0x00, 0x01, 0xFF, 0x01,
    0x00, 0x00, 0x00, 0xEC, 0x3A, 0x00, 0x00, 0x00, 0xAA, 0x88, 0x00, 0x00, 0x00, 0x7E, 0xB4, 0x00,
    0x00, 0x00, 0x2E, 0xF5, 0x00, 0x00, 0x00, 0x00, 0xFF, 0x04, 0x00, 0x00, 0x00, 0xE4, 0x43, 0x00,
    0x00, 0x00, 0xA2, 0x91, 0x00, 0x00, 0x00, 0x75, 0xBB, 0x00, 0x00, 0x00, 0x25, 0xFC, 0x00, 0x00,
    0x00, 0x00, 0xFF, 0x09, 0x00, 0x00, 0x00, 0x8D, 0x1C, 0x00, 0x00, 0xF6, 0xFF, 0xFF, 0xFF, 0x0D,
    0x00, 0x00, 0x00, 0x00, 0x1B, 0xFF, 0x00, 0x00, 0x00, 0x00, 0x00, 0x55, 0xE8, 0x00, 0x00, 0x00,
    0x00, 0x00, 0x8E, 0xB9, 0x00, 0x00, 0x00, 0x00, 0x00, 0xA6, 0xA3, 0x00, 0x00, 0x00, 0x00, 0x00,
    0xD7, 0x69, 0x00, 0x00, 0x00, 0x00, 0x00, 0xFF, 0x30, 0x00, 0x00, 0x00, 0x00, 0x01, 0xFF, 0x03,
    0x00, 0x00, 0x00, 0x00, 0x2D, 0xFF, 0x00, 0x00, 0x00, 0x00, 0x00, 0x67, 0xD5, 0x00, 0x00, 0x00,
    0x00, 0x00, 0xA0, 0xA6, 0x00, 0x00, 0x00, 0x00, 0x00, 0xB5, 0x8D, 0x00, 0x00, 0x00, 0x00, 0x00,
    0xE4, 0x52, 0x00, 0x00, 0xE4, 0xFF, 0xFF, 0xFF, 0x19, 0x00, 0x00, 0x00, 0x00, 0x00, 0x00, 0xD4,
    0xFF, 0x25, 0x00, 0x00, 0x00, 0x00, 0x7F, 0xFF, 0xD2, 0xAF, 0x00, 0x00, 0x00, 0x21, 0xFF, 0x45,
    0x66, 0xFF, 0x00, 0x00, 0x00, 0xD8, 0xBA, 0x00, 0x03, 0xFF, 0x49, 0x00, 0x87, 0xFF, 0x06, 0x00,
    0x00, 0xA6, 0xB2, 0x03, 0xFF, 0x42, 0x00, 0x00, 0x00, 0x37, 0xFF, 0x00, 0x07, 0x00, 0x00, 0x00,
    0x00, 0x00, 0x09, 0xFF, 0xFF, 0xFF, 0xFF, 0xFF, 0xFF, 0xE9, 0x33, 0x36, 0x36, 0x36, 0x36, 0x36,
    0x24, 0x9C, 0x66, 0xA5, 0xBF, 0x16, 0xFD, 0x00, 0x09, 0x00, 0x00, 0x8E, 0xFF, 0xFF, 0xBB, 0xC4,
    0xB2, 0x00, 0x63, 0xFF, 0x73, 0x22, 0x99, 0xFF, 0x78, 0x00, 0xEB, 0x9C, 0x00, 0x00, 0x00, 0xFF,
    0x3D, 0x13, 0xFF, 0x28, 0x00, 0x00, 0x18, 0xFF, 0x09, 0x3F, 0xFF, 0x00, 0x00, 0x00, 0x60, 0xFF,
    0x00, 0x40, 0xFF, 0x00, 0x00, 0x00, 0xC1, 0xE1, 0x00, 0x0F, 0xFF, 0x96, 0x27, 0xAF, 0xE6, 0xD8,
    0x2D, 0x00, 0x8A, 0xFF, 0xFF, 0x91, 0x88, 0xFF, 0x9A, 0x00, 0x00, 0xBF, 0xB8, 0x00, 0x00, 0x00,
    0x00, 0x00, 0x00, 0xF1, 0x7B, 0x00, 0x00, 0x00, 0x00, 0x00, 0x00, 0xFF, 0x3D, 0x00, 0x00, 0x00,
    0x00, 0x00, 0x1B, 0xFF, 0x4E, 0xFF, 0xFF, 0xCB, 0x07, 0x00, 0x58, 0xFF, 0xBC, 0x3C, 0x43, 0xFF,
    0x8B, 0x00, 0x96, 0xFF, 0x0D, 0x00, 0x00, 0xAA, 0xB1, 0x00, 0xB0, 0xAA, 0x00, 0x00, 0x00, 0xAF,
    0xB0, 0x00, 0xE3, 0x82, 0x00, 0x00, 0x00, 0xE4, 0xA3, 0x00, 0xFF, 0x58, 0x00, 0x00, 0x18, 0xFF,
    0x30, 0x0D, 0xFF, 0xA8, 0x28, 0x40, 0xE8, 0xD9, 0x00, 0x48, 0xFF, 0x67, 0xFF, 0xFF, 0xCF, 0x13,
    0x00, 0x00, 0x36, 0xE2, 0xFF, 0xFF, 0x90, 0x00, 0x1E, 0xFF, 0xA0, 0x1C, 0x57, 0xFF, 0x2E, 0xA8,
    0xD4, 0x00, 0x00, 0x00, 0x1E, 0x00, 0xFF, 0x8D, 0x00, 0x00, 0x00, 0x00, 0x00, 0xFF, 0x4F, 0x00,
    0x00, 0x00, 0x00, 0x00, 0xFF, 0x54, 0x00, 0x00, 0x21, 0xD2, 0x04, 0xB4, 0xDD, 0x28, 0x40, 0xFF,
    0xBD, 0x00, 0x15, 0xCE, 0xFF, 0xFF, 0xAE, 0x00, 0x00, 0x00, 0x00, 0x00, 0x00, 0x00, 0x33, 0xBC,
    0x28, 0x00, 0x00, 0x00, 0x00, 0x04, 0x5E, 0xAF, 0x00, 0x00, 0x00, 0x00, 0x00, 0x08, 0x91, 0xAD,
    0x00, 0x00, 0x5D, 0xE9, 0xFF, 0xB4, 0xBB, 0x8B, 0x00, 0x37, 0xCE, 0x91, 0x26, 0x87, 0xF2, 0x7E,
    0x00, 0x84, 0xB5, 0x1D, 0x00, 0x10, 0xE6, 0x53, 0x00, 0x98, 0x6D, 0x08, 0x00, 0x10, 0xDB, 0x2A,
    0x00, 0xAB, 0x50, 0x00, 0x00, 0x43, 0xD1, 0x05, 0x00, 0xAB, 0x50, 0x00, 0x00, 0xA9, 0xCF, 0x00,
    0x00, 0x95, 0xBB, 0x3B, 0x9A, 0xFA, 0xB3, 0x00, 0x00, 0x4A, 0xD9, 0xFF, 0xB0, 0xB4, 0x8A, 0x00,
    0x00, 0x00, 0x2E, 0xD5, 0xFF, 0xFF, 0xAD, 0x00, 0x13, 0xFF, 0xBA, 0x18, 0x30, 0xFF, 0x6F, 0xA3,
    0xDD, 0x00, 0x00, 0x00, 0xED, 0x91, 0xFF, 0x90, 0x01, 0x34, 0xA5, 0xFF, 0x21, 0xFF, 0xFF, 0xFF,
    0xE3, 0xAC, 0x16, 0x00, 0xFF, 0x4E, 0x00, 0x00, 0x00, 0x67, 0x06, 0xC4, 0xCD, 0x21, 0x21, 0xAD,
    0xF7, 0x07, 0x1C, 0xD3, 0xFF, 0xFF, 0xC3, 0x15, 0x00, 0x00, 0x00, 0x00, 0x00, 0x2B, 0xEC, 0xFF,
    0xFF, 0x00, 0x00, 0x00, 0x00, 0x83, 0x73, 0x06, 0x04, 0x00, 0x00, 0x00, 0x00, 0xB6, 0x59, 0x00,
    0x00, 0x00, 0x05, 0x9B, 0xFF, 0xFF, 0xFF, 0xFF, 0x94, 0x00, 0x00, 0x03, 0x06, 0xE2, 0x3A, 0x06,
    0x01, 0x00, 0x00, 0x00, 0x00, 0xDB, 0x1B, 0x00, 0x00, 0x00, 0x00, 0x00, 0x1C, 0xD1, 0x03, 0x00,
    0x00, 0x00, 0x00, 0x00, 0x4C, 0xCF, 0x00, 0x00, 0x00, 0x00, 0x00, 0x00, 0x7D, 0xB4, 0x00, 0x00,
    0x00, 0x00, 0x00, 0x00, 0x90, 0x8C, 0x00, 0x00, 0x00, 0x00, 0x5E, 0x00, 0xB8, 0x78, 0x00, 0x00,
    0x00, 0x0D, 0xF9, 0x59, 0xCF, 0x48, 0x00, 0x00, 0x00, 0x00, 0x4E, 0xCB, 0xE9, 0x14, 0x00, 0x00,
    0x00, 0x00, 0x06, 0xA3, 0xCC, 0x00, 0x00, 0x00, 0x00, 0x00, 0x00, 0x81, 0xFF, 0xFF, 0xB4, 0xA2,
    0xB7, 0x00, 0x5A, 0xFF, 0x7E, 0x22, 0x84, 0xFF, 0xA2, 0x00, 0xE3, 0xA6, 0x00, 0x00, 0x00, 0xFF,
    0x66, 0x0F, 0xFF, 0x2E, 0x00, 0x00, 0x00, 0xFF, 0x2B, 0x39, 0xFF, 0x00, 0x00, 0x00, 0x30, 0xFF,
    0x01, 0x39, 0xFF, 0x03, 0x00, 0x00, 0xA0, 0xFF, 0x00, 0x09, 0xFF, 0xAE, 0x25, 0x91, 0xDF, 0xCF,
    0x00, 0x00, 0x79, 0xFF, 0xFF, 0xBA, 0xB4, 0xBD, 0x00, 0x00, 0x00, 0x00, 0x00, 0x00, 0xFF, 0x5B,
    0x00, 0x46, 0xA0, 0x30, 0x2B, 0xAF, 0xFF, 0x04, 0x00, 0x2D, 0xE2, 0xFF, 0xFF, 0xD2, 0x2A, 0x00,
    0x00, 0x00, 0x00, 0xA6, 0xB6, 0x00, 0x00, 0x00, 0x00, 0x00, 0x00, 0xD8, 0x9D, 0x00, 0x00, 0x00,
    0x00, 0x00, 0x00, 0xFF, 0x60, 0x00, 0x00, 0x00, 0x00, 0x00, 0x04, 0xFF, 0x5B, 0xFF, 0xFF, 0xAB,
    0x00, 0x00, 0x39, 0xFF, 0xBE, 0x42, 0x61, 0xFF, 0x36, 0x00, 0x75, 0xFF, 0x1E, 0x00, 0x00, 0xFF,
    0x5D, 0x00, 0xB2, 0xCD, 0x00, 0x00, 0x00, 0xFF, 0x37, 0x00, 0xC6, 0xB2, 0x00, 0x00, 0x25, 0xFF,
    0x06, 0x00, 0xF8, 0x76, 0x00, 0x00, 0x61, 0xFF, 0x00, 0x00, 0xFF, 0x3A, 0x00, 0x00, 0x9D, 0xDA,
    0x00, 0x24, 0xFF, 0x06, 0x00, 0x00, 0xB4, 0xA8, 0x00, 0x00, 0x00, 0x01, 0xFF, 0xC4, 0x00, 0x00,
    0x00, 0x00, 0x03, 0xD9, 0x84, 0x00, 0x00, 0x00, 0x00, 0x00, 0x00, 0x00, 0x00, 0x00, 0xFA, 0xFF,
    0xFF, 0xFF, 0x00, 0x00, 0x00, 0x04, 0x06, 0x85, 0xF3, 0x00, 0x00, 0x00, 0x00, 0x00, 0xA5, 0xBA,
    0x00, 0x00, 0x00, 0x00, 0x00, 0xDE, 0x9A, 0x00, 0x00, 0x00, 0x00, 0x00, 0xFF, 0x55, 0x00, 0x67,
    0x30, 0x00, 0x15, 0xFF, 0x13, 0x81, 0xFF, 0x42, 0x00, 0x54, 0xFF, 0x9A, 0xFF, 0x3F, 0x00, 0x00,
    0x2D, 0xFF, 0xFB, 0x36, 0x00, 0x00, 0x00, 0x00, 0x00, 0x00, 0x00, 0x55, 0xFF, 0x66, 0x00, 0x00,
    0x00, 0x00, 0x00, 0x51, 0xDD, 0x2A, 0x00, 0x00, 0x00, 0x00, 0x00, 0x00, 0x00, 0x00, 0x00, 0x00,
    0xA5, 0xFF, 0xFF, 0xFF, 0xB2, 0x00, 0x00, 0x00, 0x03, 0x06, 0x06, 0xDD, 0x9C, 0x00, 0x00, 0x00,
    0x00, 0x00, 0x00, 0xFF, 0x60, 0x00, 0x00, 0x00, 0x00, 0x00, 0x06, 0xFF, 0x25, 0x00, 0x00, 0x00,
    0x00, 0x00, 0x3A, 0xFF, 0x00, 0x00, 0x00, 0x00, 0x00, 0x00, 0x76, 0xFC, 0x00, 0x00, 0x00, 0x00,
    0x00, 0x00, 0xB1, 0xCA, 0x00, 0x00, 0x00, 0x7E, 0x00, 0x00, 0xC5, 0xB8, 0x00, 0x00, 0x0D, 0xFF,
    0xA1, 0x00, 0xF7, 0x7C, 0x00, 0x00, 0x00, 0x2E, 0xFF, 0x9A, 0xFF, 0x3A, 0x00, 0x00, 0x00, 0x00,
    0x46, 0xFF, 0xDE, 0x00, 0x00, 0x00, 0x00, 0x00, 0xA6, 0xB6, 0x00, 0x00, 0x00, 0x00, 0x00, 0x00,
    0xD8, 0x9D, 0x00, 0x00, 0x00, 0x00, 0x00, 0x00, 0xFF, 0x5E, 0x00, 0x00, 0x00, 0x00, 0x00, 0x04,
    0xFF, 0x57, 0xFA, 0xFF, 0xC3, 0x00, 0x00, 0x39, 0xFF, 0xB7, 0x37, 0x40, 0xFF, 0x49, 0x00, 0x75,
    0xFF, 0x21, 0x00, 0x06, 0xFF, 0x37, 0x00, 0xB2, 0xD0, 0x00, 0x1C, 0xD2, 0xAA, 0x00, 0x00, 0xC6,
    0xB2, 0xAD, 0xDE, 0x61, 0x00, 0x00, 0x00, 0xF8, 0x76, 0xAF, 0xDE, 0x00, 0x27, 0xA5, 0x00, 0xFF,
    0x3A, 0x18, 0xFF, 0x60, 0xFF, 0x90, 0x24, 0xFF, 0x06, 0x00, 0xB8, 0xFF, 0x90, 0x00, 0xA2, 0xFF,
    0xFF, 0xFF, 0x5A, 0x00, 0x00, 0x03, 0x06, 0x18, 0xFF, 0x15, 0x00, 0x00, 0x00, 0x00, 0x57, 0xFF,
    0x00, 0x00, 0x00, 0x00, 0x00, 0x9D, 0xDA, 0x00, 0x00, 0x00, 0x00, 0x00, 0xBE, 0xA0, 0x00, 0x00,
    0x00, 0x00, 0x00, 0xF8, 0x79, 0x00, 0x00, 0x00, 0x00, 0x03, 0xFF, 0x33, 0x00, 0x00, 0x00, 0x00,
    0x39, 0xFF, 0x01, 0x00, 0x6A, 0x0D, 0x00, 0x7F, 0xF5, 0x00, 0xAC, 0xFF, 0x22, 0x00, 0xA2, 0xC4,
    0xB5, 0xFB, 0x1C, 0x00, 0x00, 0x87, 0xFF, 0xC5, 0x0F, 0x00, 0x00, 0x00, 0xE1, 0xAA, 0xFF, 0xD8,
    0x9C, 0xFF, 0xC4, 0x00, 0xFF, 0xA5, 0x13, 0xFF, 0x8A, 0x33, 0xFF, 0x07, 0xFF, 0x13, 0x22, 0xFF,
    0x06, 0x42, 0xFF, 0x3A, 0xFF, 0x00, 0x58, 0xFA, 0x00, 0x7C, 0xE3, 0x75, 0xDE, 0x00, 0x91, 0xCA,
    0x00, 0xB5, 0xB1, 0xAE, 0xAD, 0x00, 0xAA, 0xB8, 0x00, 0xC8, 0x9A, 0xC1, 0x97, 0x00, 0xD9, 0x7F,
    0x00, 0xF7, 0x5E, 0xF1, 0x5E, 0x00, 0xFF, 0x46, 0x00, 0xFF, 0x22, 0x00, 0x12, 0xFF, 0x57, 0xF6,
    0xFF, 0xAB, 0x00, 0x00, 0x4B, 0xFF, 0xA3, 0x0A, 0x2A, 0xFF, 0x36, 0x00, 0x85, 0xFF, 0x0F, 0x00,
    0x00, 0xFF, 0x5D, 0x00, 0xBE, 0xC5, 0x00, 0x00, 0x01, 0xFF, 0x37, 0x00, 0xCF, 0xAC, 0x00, 0x00,
    0x2B, 0xFF, 0x06, 0x00, 0xFF, 0x72, 0x00, 0x00, 0x64, 0xFF, 0x00, 0x00, 0xFF, 0x37, 0x00, 0x00,
    0x9F, 0xDA, 0x00, 0x25, 0xFF, 0x06, 0x00, 0x00, 0xB5, 0xA8, 0x00, 0x00, 0x00, 0x51, 0xF3, 0xFF,
    0xFF, 0x7B, 0x00, 0x00, 0x42, 0xFF, 0x8B, 0x1E, 0x63, 0xFF, 0x31, 0x00, 0xDA, 0xA7, 0x00, 0x00,
    0x00, 0xD4, 0x9A, 0x04, 0xFF, 0x55, 0x00, 0x00, 0x00, 0xD3, 0xB5, 0x21, 0xFF, 0x16, 0x00, 0x00,
    0x00, 0xFF, 0x8B, 0x07, 0xFF, 0x15, 0x00, 0x00, 0x34, 0xFF, 0x21, 0x00, 0xE1, 0xAF, 0x1E, 0x48,
    0xFC, 0xA0, 0x00, 0x00, 0x27, 0xE1, 0xFF, 0xFF, 0xB5, 0x01, 0x00, 0x00, 0x30, 0xFF, 0x55, 0xF8,
    0xFF, 0xCB, 0x07, 0x00, 0x6A, 0xFF, 0xBB, 0x06, 0x10, 0xFF, 0x8B, 0x00, 0xA5, 0xFF, 0x03, 0x00,
    0x00, 0xA6, 0xB1, 0x00, 0xBB, 0xA1, 0x00, 0x00, 0x00, 0xB4, 0xB0, 0x00, 0xEC, 0x7E, 0x00, 0x00,
    0x00, 0xEB, 0xA3, 0x00, 0xFF, 0x5A, 0x00, 0x00, 0x1E, 0xFF, 0x30, 0x12, 0xFF, 0xAD, 0x2A, 0x40,
    0xED, 0xD9, 0x00, 0x4C, 0xFF, 0x64, 0xFF, 0xFF, 0xCF, 0x13, 0x00, 0x87, 0xEB, 0x00, 0x00, 0x00,
    0x00, 0x00, 0x00, 0xA1, 0xBA, 0x00, 0x00, 0x00, 0x00, 0x00, 0x00, 0xD2, 0xA6, 0x00, 0x00, 0x00,
    0x00, 0x00, 0x00, 0x00, 0x00, 0x87, 0xFF, 0xFF, 0xB4, 0xA2, 0xB9, 0x00, 0x61, 0xFF, 0x78, 0x21,
    0x7F, 0xFF, 0xA3, 0x00, 0xEB, 0x9D, 0x00, 0x00, 0x00, 0xFF, 0x69, 0x13, 0xFF, 0x2A, 0x00, 0x00,
    0x00, 0xFF, 0x2E, 0x3F, 0xFF, 0x00, 0x00, 0x00, 0x36, 0xFF, 0x01, 0x3F, 0xFF, 0x00, 0x00, 0x00,
    0xA3, 0xFF, 0x00, 0x0D, 0xFF, 0x9C, 0x24, 0xA2, 0xE4, 0xD4, 0x00, 0x00, 0x84, 0xFF, 0xFF, 0xAC,
    0xBC, 0xA3, 0x00, 0x00, 0x00, 0x00, 0x00, 0x00, 0xEC, 0x8A, 0x00, 0x00, 0x00, 0x00, 0x00, 0x00,
    0xFF, 0x4F, 0x00, 0x00, 0x00, 0x00, 0x00, 0x0F, 0xFF, 0x16, 0x00, 0xD5, 0xFF, 0xE5, 0x87, 0xFF,
    0xC7, 0x3A, 0x04, 0x7C, 0xDF, 0xA5, 0x1B, 0x04, 0x00, 0x00, 0x9B, 0xCA, 0x00, 0x00, 0x00, 0x00,
    0x00, 0xB6, 0x7D, 0x00, 0x00, 0x00, 0x00, 0x02, 0xB7, 0x44, 0x00, 0x00, 0x00, 0x00, 0x1E, 0xC5,
    0x24, 0x00, 0x00, 0x00, 0x00, 0x3F, 0xD6, 0x24, 0x00, 0x00, 0x00, 0x00, 0x61, 0xC5, 0x1E, 0x00,
    0x00, 0x00, 0x00, 0x00, 0x00, 0x69, 0xFB, 0xFF, 0xFF, 0xBE, 0x10, 0x00, 0x2A, 0xFF, 0x66, 0x0C,
    0x34, 0xC3, 0x40, 0x00, 0x69, 0xFC, 0x00, 0x00, 0x00, 0x00, 0x00, 0x00, 0x18, 0xFF, 0xEB, 0xA6,
    0x72, 0x06, 0x00, 0x00, 0x00, 0x0D, 0x75, 0xB8, 0xFF, 0xD5, 0x00, 0x00, 0x06, 0x00, 0x00, 0x00,
    0x37, 0xFF, 0x00, 0x28, 0xFF, 0x75, 0x0D, 0x21, 0xBE, 0xD9, 0x00, 0x00, 0x82, 0xFF, 0xFF, 0xFF,
    0xC4, 0x1B, 0x00, 0x00, 0x00, 0x58, 0xFF, 0x00, 0x00, 0x00, 0x00, 0x00, 0x91, 0xD0, 0x00, 0x00,
    0x00, 0x00, 0x03, 0xCA, 0xA2, 0x00, 0x00, 0x00, 0xFF, 0xFF, 0xFF, 0xFF, 0xFF, 0xFF, 0x82, 0x04,
    0x06, 0xFF, 0x52, 0x06, 0x06, 0x01, 0x00, 0x12, 0xFF, 0x13, 0x00, 0x00, 0x00, 0x00, 0x4E, 0xFF,
    0x00, 0x00, 0x00, 0x00, 0x00, 0x8B, 0xED, 0x00, 0x00, 0x1F, 0x00, 0x00, 0xA6, 0xBB, 0x00, 0x7F,
    0xFF, 0x34, 0x00, 0xD2, 0xA3, 0xC3, 0xFF, 0x3F, 0x00, 0x00, 0xB5, 0xFF, 0xB7, 0x10, 0x00, 0x00,
    0x2A, 0xFF, 0x04, 0x00, 0x00, 0xB4, 0xA8, 0x63, 0xFF, 0x00, 0x00, 0x00, 0xE6, 0x90, 0x9D, 0xD8,
    0x00, 0x00, 0x00, 0xFF, 0x55, 0xB4, 0xA7, 0x00, 0x00, 0x0D, 0xFF, 0x1C, 0xE3, 0x90, 0x00, 0x00,
    0x51, 0xFF, 0x00, 0xFF, 0x73, 0x00, 0x00, 0xC0, 0xF5, 0x00, 0xE4, 0xC8, 0x27, 0xB1, 0xFF, 0xC4,
    0x00, 0x4F, 0xFF, 0xFF, 0xA7, 0xC4, 0xB2, 0x00, 0x00, 0x00, 0x00, 0x00, 0x00, 0x00, 0x01, 0x03,
    0x06, 0xFF, 0xFF, 0xC4, 0x00, 0x00, 0xF0, 0x75, 0x00, 0x06, 0xC1, 0xB7, 0x00, 0x00, 0xC4, 0xA3,
    0x00, 0x00, 0xEC, 0x82, 0x00, 0x00, 0xBE, 0xAD, 0x00, 0x00, 0xFF, 0x4E, 0x00, 0x00, 0xEB, 0x9F,
    0x00, 0x09, 0xFF, 0x18, 0x00, 0x24, 0xFF, 0x33, 0x00, 0x39, 0xFF, 0x00, 0x00, 0xC6, 0xCE, 0x00,
    0x00, 0x6A, 0xFD, 0x25, 0xC6, 0xFF, 0x1C, 0x00, 0x00, 0x3A, 0xFF, 0xFF, 0xB5, 0x16, 0x00, 0x00,
    0x00, 0x00, 0x00, 0x00, 0x00, 0x00, 0x00, 0x03, 0x00, 0xB4, 0x9C, 0x00, 0xD8, 0x6C, 0x54, 0xDE,
    0x00, 0xE4, 0x63, 0x00, 0xFF, 0x33, 0x27, 0xFF, 0x00, 0xFF, 0x28, 0x06, 0xFF, 0x03, 0x1B, 0xFF,
    0x0A, 0xFF, 0x00, 0x3A, 0xFF, 0x00, 0x39, 0xFF, 0x42, 0xFF, 0x00, 0x76, 0xD9, 0x00, 0x7E, 0xE1,
    0x79, 0xD8, 0x00, 0xA1, 0xAF, 0x00, 0xC3, 0xA9, 0x8D, 0xE9, 0x28, 0xED, 0xC5, 0x42, 0xFF, 0x1C,
    0x30, 0xFF, 0xFF, 0x43, 0xFF, 0xFF, 0x69, 0x00, 0x16, 0xA2, 0xF8, 0x5A, 0x86, 0xFF, 0xB5, 0x12,
    0xA9, 0xBF, 0xAA, 0xAD, 0xD1, 0x3A, 0xCF, 0x64, 0x1C, 0x0D, 0x66, 0xF7, 0x50, 0x25, 0xA1, 0x4E,
    0x00, 0x00, 0x76, 0xF8, 0x01, 0x00, 0x00, 0x00, 0x00, 0x00, 0x8A, 0xF1, 0x00, 0x00, 0x00, 0x00,
    0x7A, 0x10, 0xB8, 0xE7, 0x01, 0x1B, 0x2C, 0x00, 0xA1, 0x85, 0xB5, 0xFB, 0x56, 0xE9, 0x60, 0x00,
    0xD5, 0xDE, 0x2C, 0xE2, 0xF6, 0x58, 0x00, 0x00, 0x00, 0x28, 0xFF, 0x04, 0x00, 0x00, 0xB4, 0xA8,
    0x00, 0x61, 0xFF, 0x00, 0x00, 0x00, 0xE3, 0x8E, 0x00, 0x99, 0xDC, 0x00, 0x00, 0x00, 0xFF, 0x52,
    0x00, 0xAF, 0xAB, 0x00, 0x00, 0x0A, 0xFF, 0x16, 0x00, 0xDD, 0x96, 0x00, 0x00, 0x4C, 0xFF, 0x00,
    0x00, 0xFD, 0x81, 0x00, 0x00, 0xBB, 0xEE, 0x00, 0x00, 0xD8, 0xD2, 0x27, 0xAB, 0xF0, 0xBC, 0x00,
    0x00, 0x45, 0xFF, 0xFF, 0xB7, 0xCA, 0xA5, 0x00, 0x00, 0x00, 0x00, 0x00, 0x04, 0xFF, 0x45, 0x00,
    0x54, 0xB8, 0x2D, 0x2E, 0xBF, 0xF2, 0x00, 0x00, 0x39, 0xEB, 0xFF, 0xFF, 0xC8, 0x21, 0x00, 0x00,
    0x00, 0x0C, 0xD7, 0xFF, 0xFF, 0x9F, 0x8B, 0xF2, 0x00, 0x96, 0xCE, 0x15, 0x52, 0xD4, 0xFF, 0x7F,
    0x00, 0xA3, 0x67, 0x00, 0x12, 0xEE, 0x84, 0x00, 0x00, 0x00, 0x00, 0x12, 0xF0, 0x85, 0x00, 0x00,
    0x00, 0x00, 0x12, 0xF0, 0x85, 0x01, 0x5D, 0x00, 0x00, 0x12, 0xF0, 0x87, 0x00, 0x00, 0xFF, 0x22,
    0x0C, 0xF1, 0xFF, 0xC0, 0x87, 0x27, 0xDF, 0x72, 0x52, 0xFF, 0x0D, 0x81, 0xDA, 0xFF, 0xFF, 0x24,
    0x00, 0x00, 0x77, 0xFF, 0xFF, 0xB8, 0x06, 0x00, 0x00, 0xD2, 0x43, 0x00, 0x00, 0x00, 0x00, 0x00,
    0xDB, 0x1E, 0x00, 0x00, 0x00, 0x00, 0x00, 0xB6, 0x8B, 0x00, 0x00, 0x00, 0x00, 0x00, 0x46, 0xF3,
    0x00, 0x00, 0x00, 0x00, 0x02, 0x8B, 0xCF, 0x00, 0x00, 0x00, 0xCA, 0xFF, 0xDB, 0x0A, 0x00, 0x00,
    0x00, 0x00, 0x0F, 0xDE, 0x58, 0x00, 0x00, 0x00, 0x00, 0x00, 0xC7, 0x66, 0x00, 0x00, 0x00, 0x00,
    0x5B, 0xDE, 0x03, 0x00, 0x00, 0x00, 0x07, 0xBA, 0x4C, 0x00, 0x00, 0x00, 0x00, 0x37, 0xBC, 0x20,
    0x00, 0x00, 0x00, 0x00, 0x56, 0xA6, 0x19, 0x00, 0x00, 0x00, 0x00, 0x33, 0xD0, 0xFF, 0xFF, 0x0F,
    0x00, 0x00, 0x00, 0x00, 0x43, 0xF8, 0x00, 0x00, 0x7F, 0xC6, 0x00, 0x00, 0xBB, 0xB2, 0x00, 0x00,
    0xCE, 0x76, 0x00, 0x00, 0xFF, 0x3A, 0x00, 0x00, 0xFF, 0x06, 0x00, 0x2B, 0xFF, 0x00, 0x00, 0x67,
    0xDA, 0x00, 0x00, 0xA3, 0xA8, 0x00, 0x00, 0xBA, 0x8E, 0x00, 0x00, 0xEC, 0x52, 0x00, 0x00, 0xFF,
    0x16, 0x00, 0x13, 0xFF, 0x00, 0x00, 0x1F, 0x96, 0x00, 0x00, 0x00, 0x00, 0x82, 0xFF, 0xFF, 0xFF,
    0x09, 0x00, 0x00, 0x00, 0x00, 0x00, 0x00, 0xFF, 0x15, 0x00, 0x00, 0x00, 0x00, 0x00, 0x2B, 0xFF,
    0x00, 0x00, 0x00, 0x00, 0x00, 0x01, 0xDD, 0x88, 0x00, 0x00, 0x00, 0x00, 0x00, 0xAE, 0xAF, 0x00,
    0x00, 0x00, 0x00, 0x00, 0x00, 0xC1, 0xB7, 0x01, 0x00, 0x00, 0x00, 0x00, 0x00, 0x3A, 0xFF, 0xFF,
    0xFF, 0x12, 0x00, 0x00, 0x07, 0xFF, 0x58, 0x00, 0x00, 0x00, 0x00, 0x00, 0x2B, 0xFF, 0x00, 0x00,
    0x00, 0x00, 0x00, 0x00, 0x03, 0xFF, 0x40, 0x00, 0x00, 0x00, 0x00, 0x00, 0x00, 0xA5, 0xA3, 0x00,
    0x00, 0x00, 0x00, 0x00, 0x00, 0x9F, 0xAA, 0x00, 0x00, 0x00, 0x00, 0x00, 0x00, 0xA8, 0x97, 0x00,
    0x00, 0x00, 0x72, 0xFF, 0xFF, 0xFF, 0x22, 0x00, 0x00, 0x00, 0x00, 0x36, 0xF2, 0xF3, 0x31, 0x00,
    0x13, 0xAD, 0x01, 0xFF, 0x84, 0xA5, 0xFF, 0x0F, 0xAF, 0xA6, 0x3D, 0xC5, 0x00, 0x00, 0xB5, 0xFF,
    0xF0, 0x0D, 0x00, 0x00, 0x00, 0x00, 0x00, 0x0D, 0x00, 0x00, 0x00, 0x37, 0xFF, 0xB6, 0x00, 0x70,
    0xFF, 0xB2, 0x00, 0x00, 0x0C, 0x00, 0x00, 0x00, 0x31, 0x00, 0x00, 0x39, 0xA6, 0x00, 0x00, 0x97,
    0x90, 0x00, 0x00, 0xCE, 0x78, 0x00, 0x00, 0xFF, 0x60, 0x00, 0x19, 0xFF, 0x33, 0x00, 0x54, 0xFF,
    0x04, 0x00, 0x8B, 0xFF, 0x00, 0x00, 0x00, 0x00, 0x00, 0x49, 0x5E, 0x00, 0x00, 0x00, 0x00, 0x00,
    0xBE, 0x91, 0x00, 0x00, 0x00, 0x36, 0xE1, 0xFF, 0xFF, 0x91, 0x00, 0x18, 0xFF, 0xA2, 0xFF, 0x67,
    0xFF, 0x30, 0xA0, 0xD3, 0x00, 0xFF, 0x00, 0x1C, 0x00, 0xFB, 0x8D, 0x28, 0xE3, 0x00, 0x00, 0x00,
    0xFF, 0x4F, 0x64, 0xB1, 0x00, 0x00, 0x00, 0xFF, 0x4F, 0xA0, 0x99, 0x19, 0xCA, 0x04, 0xBA, 0xD3,
    0xC6, 0x8D, 0xF6, 0xA3, 0x00, 0x13, 0xD0, 0xFF, 0xFF, 0xBD, 0x01, 0x00, 0x00, 0x00, 0xFF, 0x00,
    0x00, 0x00, 0x00, 0x00, 0x07, 0x9F, 0x00, 0x00, 0x00, 0x00, 0x00, 0x00, 0x01, 0xAB, 0xFF, 0xFF,
    0xDC, 0x28, 0x00, 0x00, 0xB2, 0xFF, 0x4C, 0x28, 0xCB, 0xF2, 0x00, 0x01, 0xFF, 0x5E, 0x00, 0x00,
    0x12, 0x97, 0x00, 0x2D, 0xFF, 0x12, 0x00, 0x00, 0x00, 0x00, 0x00, 0x2E, 0xFF, 0x0A, 0x00, 0x00,
    0x00, 0x00, 0x42, 0xFF, 0xFF, 0xFF, 0xFF, 0xA2, 0x00, 0x00, 0x0A, 0x2A, 0xFF, 0x8E, 0x2A, 0x13,
    0x00, 0x00, 0x00, 0x00, 0xFF, 0x46, 0x00, 0x00, 0x82, 0x28, 0x00, 0x60, 0xB6, 0x00, 0x00, 0x00,
    0xC4, 0xA9, 0x64, 0xFF, 0xFF, 0xF7, 0xB4, 0x87, 0xA8, 0xC4, 0xDA, 0xB2, 0x18, 0x78, 0xB5, 0xFF,
    0xFF, 0x8B, 0x00, 0x38, 0x0F, 0x00, 0x00, 0x10, 0x3A, 0x00, 0x01, 0xB0, 0x65, 0x04, 0x08, 0x96,
    0xB3, 0x0D, 0x00, 0x6E, 0xED, 0xFF, 0xFF, 0xDE, 0x36, 0x00, 0x00, 0xA2, 0xBC, 0x1F, 0x6D, 0xD3,
    0x0E, 0x00, 0x2A, 0xC7, 0x32, 0x00, 0x10, 0xDF, 0x3A, 0x00, 0x60, 0xD0, 0x2A, 0x00, 0x10, 0xDD,
    0x32, 0x00, 0x67, 0xC4, 0x26, 0x00, 0x4F, 0xD0, 0x03, 0x00, 0x38, 0xCF, 0x55, 0x2A, 0xEB, 0x98,
    0x00, 0x00, 0x5D, 0xE3, 0xFF, 0xFF, 0xF5, 0x4E, 0x00, 0x00, 0xAB, 0x73, 0x0A, 0x00, 0xA5, 0xA3,
    0x00, 0x00, 0x2F, 0x18, 0x00, 0x00, 0x18, 0x31, 0x00, 0x00, 0x76, 0xDF, 0x00, 0x00, 0x00, 0x8D,
    0xE0, 0x03, 0x2E, 0xE8, 0x0B, 0x00, 0x1A, 0xE4, 0x4C, 0x00, 0x00, 0xDF, 0x5A, 0x00, 0x80, 0xCA,
    0x00, 0x00, 0x00, 0xA5, 0x99, 0x1E, 0xBE, 0x3F, 0x00, 0x00, 0x00, 0x61, 0xDF, 0x5C, 0xC7, 0x15,
    0x00, 0x00, 0x00, 0x0B, 0xF5, 0xCB, 0x64, 0x01, 0x00, 0x00, 0x9F, 0xFF, 0xFF, 0xFF, 0xFF, 0xA4,
    0x00, 0x00, 0x18, 0x2A, 0xBD, 0x9E, 0x2A, 0x11, 0x00, 0x00, 0x00, 0x00, 0xB3, 0x69, 0x00, 0x00,
    0x00, 0x00, 0x09, 0x0C, 0xDE, 0x62, 0x0B, 0x01, 0x00, 0x00, 0xE2, 0xFF, 0xFF, 0xFF, 0xFF, 0x20,
    0x00, 0x00, 0x00, 0x00, 0x42, 0xF8, 0x00, 0x00, 0x7E, 0xC8, 0x00, 0x00, 0xB8, 0xB4, 0x00, 0x00,
    0xCB, 0x79, 0x00, 0x00, 0xFD, 0x3D, 0x00, 0x00, 0x9C, 0x07, 0x00, 0x00, 0x00, 0x00, 0x00, 0x00,
    0x00, 0x00, 0x00, 0xA8, 0xA3, 0x00, 0x00, 0xBE, 0x8A, 0x00, 0x00, 0xEE, 0x4E, 0x00, 0x00, 0xFF,
    0x13, 0x00, 0x16, 0xFF, 0x00, 0x00, 0x1C, 0x87, 0x00, 0x00, 0x00, 0x00, 0x00, 0xA5, 0xFF, 0xFF,
    0xF6, 0x66, 0x00, 0x00, 0x7B, 0xFF, 0x4C, 0x1F, 0x96, 0x54, 0x00, 0x00, 0xBB, 0xA3, 0x00, 0x00,
    0x00, 0x00, 0x00, 0x00, 0xA2, 0xFF, 0x5A, 0x00, 0x00, 0x00, 0x00, 0x00, 0x54, 0xFF, 0xFF, 0xFF,
    0x91, 0x00, 0x00, 0x79, 0xFF, 0x21, 0x43, 0xB5, 0xFF, 0x5D, 0x00, 0xE2, 0x96, 0x00, 0x00, 0x00,
    0xEC, 0x90, 0x00, 0xCB, 0xB4, 0x00, 0x00, 0x03, 0xFD, 0x28, 0x00, 0x27, 0xE7, 0xFF, 0xB1, 0xA2,
    0x3A, 0x00, 0x00, 0x00, 0x00, 0x30, 0xB0, 0xFF, 0x19, 0x00, 0x00, 0x00, 0x00, 0x00, 0x00, 0xFF,
    0x57, 0x00, 0x00, 0x7B, 0x2A, 0x00, 0x66, 0xFF, 0x18, 0x00, 0x00, 0xB2, 0xFF, 0xFF, 0xFF, 0x6F,
    0x00, 0x00, 0x00, 0x00, 0x03, 0x19, 0x00, 0x00, 0x00, 0x00, 0x3F, 0xB7, 0x00, 0x90, 0x66, 0xAC,
    0xFF, 0x01, 0xFF, 0xB2, 0x00, 0x2C, 0xB1, 0xFC, 0xFA, 0x93, 0x0E, 0x00, 0x42, 0xD3, 0x79, 0x09,
    0x10, 0xB0, 0x9F, 0x00, 0x9E, 0x64, 0x7D, 0xF8, 0xDE, 0x39, 0xA9, 0x6F, 0xAF, 0x70, 0xCF, 0x15,
    0x9B, 0x52, 0x8A, 0xB0, 0x83, 0x92, 0x9C, 0x09, 0x00, 0x11, 0x7C, 0xBF, 0x73, 0x9D, 0x78, 0x06,
    0x00, 0x1B, 0x95, 0xA0, 0x81, 0x8D, 0x9C, 0x25, 0xAD, 0x29, 0xB2, 0x5E, 0x9E, 0x53, 0xD2, 0xFF,
    0x71, 0x73, 0xAA, 0x00, 0x9B, 0x9C, 0x15, 0x0F, 0x91, 0xDA, 0x27, 0x00, 0x17, 0x9C, 0xF6, 0xFF,
    0xA8, 0x1B, 0x00, 0x00, 0x00, 0xB2, 0xF5, 0xFF, 0x81, 0x00, 0x54, 0x00, 0x43, 0xE4, 0x1F, 0xC0,
    0xCD, 0xF0, 0xBF, 0xA6, 0x9D, 0x00, 0xA5, 0xA8, 0x76, 0xFF, 0xCE, 0xE4, 0x6C, 0x00, 0x00, 0x00,
    0x00, 0x1B, 0x00, 0x00, 0x1B, 0x00, 0x00, 0x06, 0xB6, 0xA3, 0x00, 0x9A, 0xDD, 0x00, 0x1F, 0xF0,
    0xDE, 0x12, 0xBE, 0xFF, 0x22, 0x00, 0xFF, 0xDA, 0x07, 0xC0, 0xFF, 0x21, 0x00, 0x00, 0xFF, 0xB9,
    0x00, 0xD8, 0xF6, 0x04, 0x00, 0x00, 0x3F, 0xFF, 0x6F, 0x18, 0xFF, 0xBB, 0x00, 0x00, 0x00, 0x4F,
    0xDA, 0x00, 0x24, 0xFA, 0x06, 0x00, 0x00, 0x00, 0x04, 0x00, 0x00, 0x04, 0x00, 0x04, 0xFF, 0xFF,
    0xFF, 0xFF, 0xFF, 0xFF, 0xAE, 0x00, 0x00, 0x00, 0x00, 0x00, 0x00, 0xD0, 0x75, 0x00, 0x00, 0x00,
    0x00, 0x00, 0x00, 0xFF, 0x3C, 0x00, 0x00, 0x00, 0x00, 0x00, 0x00, 0xFF, 0x09, 0x06, 0x0C, 0x0C,
    0x0C, 0x04, 0xDD, 0xFF, 0xFF, 0xFF, 0x76, 0x40, 0x54, 0x54, 0x54, 0x12, 0x00, 0x7E, 0xB6, 0xB7,
    0x3C, 0x00, 0x85, 0xBD, 0xB5, 0x9C, 0xD2, 0x04, 0xCB, 0x6C, 0x70, 0xB2, 0xA0, 0x39, 0xCB, 0x9C,
    0xD8, 0x72, 0xC0, 0x15, 0xBE, 0xBE, 0x49, 0xBD, 0xB0, 0x00, 0x1B, 0xAC, 0xBA, 0xB2, 0x06, 0x00,
    0x8D, 0xFF, 0xFF, 0xFF, 0xA8, 0x10, 0x24, 0x24, 0x24, 0x0D, 0x00, 0x94, 0xFF, 0xFF, 0x9D, 0x00,
    0x5A, 0xFF, 0x2B, 0x27, 0xFF, 0x28, 0xA2, 0xAC, 0x00, 0x00, 0xF6, 0x49, 0x9F, 0xDA, 0x0D, 0x6A,
    0xFF, 0x0A, 0x0C, 0xD2, 0xFF, 0xF8, 0x4C, 0x00, 0x00, 0x00, 0x00, 0x00, 0x66, 0x5E, 0x00, 0x00,
    0x00, 0x00, 0x00, 0x00, 0xCB, 0x97, 0x00, 0x00, 0x00, 0x00, 0x00, 0x00, 0xF6, 0x64, 0x00, 0x00,
    0x00, 0x00, 0x00, 0x00, 0xFF, 0x31, 0x00, 0x00, 0x00, 0xFF, 0xFF, 0xFF, 0xFF, 0xFF, 0xFF, 0xF6,
    0x00, 0x00, 0x00, 0x49, 0xFF, 0x00, 0x00, 0x00, 0x00, 0x00, 0x00, 0x87, 0xD8, 0x00, 0x00, 0x00,
    0x00, 0x00, 0x00, 0x9A, 0xA5, 0x00, 0x00, 0x00, 0x00, 0x00, 0x00, 0x00, 0x00, 0x00, 0x00, 0x00,
    0xC8, 0xFF, 0xFF, 0xFF, 0xFF, 0xFF, 0xFF, 0x04, 0x00, 0x7B, 0xFF, 0xFF, 0x75, 0x00, 0x7E, 0x0A,
    0x76, 0xC4, 0x00, 0x00, 0x2A, 0xE6, 0x45, 0x00, 0x85, 0xCE, 0x2A, 0x00, 0x85, 0xFF, 0xDC, 0xDC,
    0x3F, 0x00, 0x7F, 0xE1, 0xFB, 0x75, 0x00, 0x2B, 0x03, 0x7C, 0xB9, 0x00, 0x00, 0xDE, 0xFF, 0x1F,
    0x10, 0x1B, 0x00, 0xBB, 0x79, 0x40, 0xEE, 0xE2, 0xE1, 0x16, 0x00, 0x07, 0xB9, 0x19, 0x00, 0xAF,
    0xE7, 0x03, 0x0C, 0xFF, 0x1E, 0x00, 0x00, 0x07, 0x00, 0x00, 0x00, 0x2A, 0xFF, 0x04, 0x00, 0x00,
    0xB2, 0xAA, 0x00, 0x63, 0xFF, 0x00, 0x00, 0x00, 0xE2, 0x91, 0x00, 0x9C, 0xDD, 0x00, 0x00, 0x00,
    0xFF, 0x58, 0x00, 0xB1, 0xAF, 0x00, 0x00, 0x07, 0xFF, 0x1E, 0x00, 0xE1, 0x99, 0x00, 0x00, 0x40,
    0xFF, 0x00, 0x00, 0xFF, 0x73, 0x00, 0x00, 0xA5, 0xF8, 0x00, 0x07, 0xFF, 0xA2, 0x00, 0x6A, 0xF7,
    0xC9, 0x00, 0x3A, 0xFF, 0xE9, 0xFF, 0xA1, 0xC4, 0xB8, 0x00, 0x73, 0xF7, 0x00, 0x00, 0x00, 0x00,
    0x00, 0x00, 0xAC, 0xCA, 0x00, 0x00, 0x00, 0x00, 0x00, 0x00, 0xBF, 0xB8, 0x00, 0x00, 0x00, 0x00,
    0x00, 0x00, 0x1F, 0xB3, 0xFB, 0xFF, 0xFF, 0xB7, 0x04, 0xA3, 0xFF, 0xFF, 0xBA, 0x55, 0xB6, 0x00,
    0xE6, 0xFF, 0xFF, 0xA5, 0x83, 0x9A, 0x00, 0xFF, 0xFF, 0xFF, 0x6A, 0xAE, 0x77, 0x00, 0xFB, 0xFF,
    0xFF, 0x30, 0xBB, 0x65, 0x00, 0xDE, 0xFF, 0xFF, 0x03, 0xDE, 0x3B, 0x00, 0x61, 0xE5, 0xFF, 0x00,
    0xDE, 0x11, 0x00, 0x00, 0x56, 0xC8, 0x1B, 0xDB, 0x00, 0x00, 0x00, 0x7F, 0xA7, 0x57, 0xCF, 0x00,
    0x00, 0x00, 0x8D, 0x93, 0x91, 0xA5, 0x00, 0x00, 0x00, 0xB0, 0x69, 0xAA, 0x93, 0x00, 0x00, 0x00,
    0xB6, 0x37, 0xDC, 0x62, 0x00, 0x00, 0x0E, 0xBD, 0x24, 0xFA, 0x2D, 0x00, 0x00, 0x00, 0x0A, 0x00,
    0xBE, 0xFF, 0x5B, 0xC4, 0xFF, 0x2D, 0x00, 0x21, 0x7F, 0x00, 0x00, 0x93, 0x97, 0x00, 0x00, 0x3A,
    0xB5, 0xB5, 0x2D, 0xF8, 0xFF, 0x58, 0x00, 0x3D, 0xCD, 0xFF, 0x00, 0x00, 0x6A, 0x51, 0xE6, 0x00,
    0x00, 0x00, 0x6F, 0xAF, 0x00, 0x00, 0x00, 0xB2, 0x8E, 0x00, 0x27, 0xDC, 0xFF, 0xF5, 0x81, 0x00,
    0x72, 0xED, 0xFC, 0xA8, 0x00, 0x27, 0xFF, 0x0C, 0x03, 0xFF, 0x12, 0x88, 0xB9, 0x00, 0x00, 0xFF,
    0x10, 0x85, 0xB5, 0x00, 0x4B, 0xF1, 0x00, 0x0A, 0xDC, 0xED, 0xDD, 0x30, 0x00, 0x00, 0x19, 0x03,
    0x00, 0x06, 0x15, 0x00, 0x00, 0x00, 0xAE, 0xBF, 0x00, 0x60, 0xF3, 0x0D, 0x00, 0x00, 0x0D, 0xFF,
    0xAA, 0x00, 0xD7, 0xE3, 0x07, 0x00, 0x00, 0x4C, 0xFF, 0x51, 0x1B, 0xFF, 0xA0, 0x00, 0x01, 0xC1,
    0xFF, 0x1E, 0x9F, 0xFF, 0x55, 0x01, 0xC3, 0xF8, 0x25, 0xA0, 0xFF, 0x4C, 0x00, 0x63, 0xC5, 0x0A,
    0x18, 0xF2, 0x22, 0x00, 0x00, 0x04, 0x00, 0x00, 0x00, 0x04, 0x00, 0x00, 0x00, 0x00, 0x07, 0x90,
    0x85, 0x00, 0x06, 0x8D, 0x09, 0x00, 0x26, 0x9F, 0x89, 0x00, 0x35, 0x9A, 0x00, 0x00, 0x00, 0x88,
    0x73, 0x00, 0xA2, 0x32, 0x00, 0x00, 0x00, 0x9E, 0x3F, 0x2E, 0xC3, 0x04, 0x00, 0x00, 0x55, 0xFB,
    0xC5, 0x4E, 0x29, 0x00, 0x00, 0x00, 0x00, 0x07, 0x0A, 0x00, 0xAE, 0x2B, 0x00, 0x00, 0x00, 0xB1,
    0x4A, 0x4F, 0xEB, 0x2E, 0x00, 0x00, 0x21, 0xBF, 0x07, 0xB5, 0xA7, 0x29, 0x00, 0x00, 0x4D, 0x5E,
    0x34, 0x70, 0x9E, 0x1C, 0x00, 0x00, 0xB0, 0x2C, 0x43, 0xF0, 0xF1, 0x32, 0x00, 0x1C, 0xAE, 0x02,
    0x00, 0x00, 0xA1, 0x01, 0x00, 0x00, 0x06, 0x8B, 0x81, 0x00, 0x05, 0x89, 0x09, 0x00, 0x27, 0xA3,
    0x8B, 0x00, 0x34, 0x9C, 0x00, 0x00, 0x00, 0x88, 0x73, 0x00, 0xA1, 0x32, 0x00, 0x00, 0x00, 0x9C,
    0x3F, 0x2E, 0xC4, 0x05, 0x00, 0x00, 0x55, 0xFB, 0xC5, 0x4E, 0x29, 0x00, 0x00, 0x00, 0x00, 0x00,
    0x00, 0x00, 0x00, 0x00, 0x00, 0x00, 0x00, 0x26, 0x29, 0xA0, 0xE4, 0x25, 0x00, 0x00, 0x06, 0xC5,
    0x32, 0x68, 0x6D, 0x3E, 0x00, 0x00, 0x35, 0x98, 0x00, 0x09, 0xAE, 0x1B, 0x00, 0x00, 0x9E, 0x33,
    0x11, 0xAD, 0x34, 0x00, 0x00, 0x17, 0xB7, 0x06, 0x3F, 0xF8, 0xD6, 0x22, 0x00, 0x00, 0x13, 0xBC,
    0xCE, 0x14, 0x09, 0xBF, 0x0A, 0x00, 0x0F, 0x20, 0xB4, 0x2A, 0x31, 0xA4, 0x00, 0x00, 0x00, 0xA4,
    0xA9, 0x02, 0x76, 0x43, 0x00, 0x00, 0x00, 0x00, 0xBC, 0x0D, 0xCB, 0x1A, 0x00, 0x00, 0x52, 0x34,
    0xC9, 0x65, 0xA7, 0x00, 0x00, 0x00, 0x36, 0xEC, 0x78, 0x32, 0x1A, 0x00, 0x00, 0x00, 0x00, 0x39,
    0x32, 0x05, 0xCA, 0x2C, 0x00, 0x00, 0x09, 0xC8, 0x17, 0x86, 0xB3, 0x2F, 0x00, 0x00, 0x39, 0x8C,
    0x2A, 0x85, 0x9B, 0x1E, 0x00, 0x00, 0xA7, 0x30, 0x42, 0xF0, 0xF1, 0x32, 0x00, 0x17, 0xAE, 0x04,
    0x00, 0x00, 0xA1, 0x01, 0x00, 0x00, 0x00, 0x00, 0x03, 0xFF, 0xFF, 0x00, 0x00, 0x00, 0x00, 0x16,
    0xFF, 0xE7, 0x00, 0x00, 0x00, 0x00, 0x00, 0x09, 0x01, 0x00, 0x00, 0x00, 0x00, 0x00, 0xB6, 0x18,
    0x00, 0x00, 0x00, 0x00, 0x24, 0xFF, 0x04, 0x00, 0x00, 0x13, 0xBA, 0xFF, 0xF1, 0x00, 0x00, 0x00,
    0xEB, 0xE3, 0x34, 0x00, 0x00, 0x00, 0x48, 0xFF, 0x16, 0x00, 0x00, 0x00, 0x00, 0x79, 0xFF, 0x00,
    0x00, 0x00, 0xA1, 0x79, 0x34, 0xFF, 0x8E, 0x2B, 0x9A, 0xFF, 0x39, 0x00, 0x8D, 0xFF, 0xFF, 0xF7,
    0x57, 0x00, 0x00, 0x00, 0x00, 0x00, 0x67, 0x8E, 0x00, 0x00, 0x00, 0x00, 0x00, 0x00, 0x51, 0xCC,
    0x00, 0x00, 0x00, 0x00, 0x00, 0x00, 0x04, 0xCA, 0x00, 0x00, 0x00, 0x00, 0x00, 0x00, 0x00, 0x00,
    0x00, 0x00, 0x00, 0x00, 0x00, 0x00, 0x8E, 0xFC, 0x1E, 0x00, 0x00, 0x00, 0x00, 0x14, 0xB3, 0xFF,
    0x48, 0x00, 0x00, 0x00, 0x00, 0x42, 0xAD, 0xE7, 0x71, 0x00, 0x00, 0x00, 0x02, 0x69, 0x86, 0xBD,
    0x9B, 0x00, 0x00, 0x00, 0x13, 0xBC, 0x5E, 0x97, 0xA4, 0x00, 0x00, 0x00, 0x20, 0xDA, 0x3B, 0x94,
    0xC6, 0x00, 0x00, 0x00, 0x6F, 0xA8, 0x09, 0x72, 0xDF, 0x00, 0x00, 0x00, 0xD8, 0xFF, 0xFF, 0xFF,
    0xDF, 0x00, 0x00, 0x20, 0xEE, 0x5E, 0x36, 0x54, 0xE3, 0x1E, 0x00, 0xA6, 0xD9, 0x00, 0x00, 0x04,
    0xE9, 0x4E, 0x04, 0xE0, 0x6F, 0x00, 0x00, 0x00, 0xEF, 0x7E, 0x00, 0x00, 0x00, 0x00, 0x00, 0x09,
    0xC8, 0x25, 0x00, 0x00, 0x00, 0x00, 0x00, 0xA5, 0xBA, 0x00, 0x00, 0x00, 0x00, 0x00, 0x04, 0xCC,
    0x11, 0x00, 0x00, 0x00, 0x00, 0x00, 0x00, 0x00, 0x00, 0x00, 0x00, 0x00, 0x00, 0x00, 0x8E, 0xFC,
    0x1E, 0x00, 0x00, 0x00, 0x00, 0x14, 0xB3, 0xFF, 0x48, 0x00, 0x00, 0x00, 0x00, 0x42, 0xAD, 0xE7,
    0x71, 0x00, 0x00, 0x00, 0x02, 0x69, 0x86, 0xBD, 0x9B, 0x00, 0x00, 0x00, 0x13, 0xBC, 0x5E, 0x97,
    0xA4, 0x00, 0x00, 0x00, 0x20, 0xDA, 0x3B, 0x94, 0xC6, 0x00, 0x00, 0x00, 0x6F, 0xA8, 0x09, 0x72,
    0xDF, 0x00, 0x00, 0x00, 0xD8, 0xFF, 0xFF, 0xFF, 0xDF, 0x00, 0x00, 0x20, 0xEE, 0x5E, 0x36, 0x54,
    0xE3, 0x1E, 0x00, 0xA6, 0xD9, 0x00, 0x00, 0x04, 0xE9, 0x4E, 0x04, 0xE0, 0x6F, 0x00, 0x00, 0x00,
    0xEF, 0x7E, 0x00, 0x00, 0x00, 0x00, 0x01, 0x42, 0x25, 0x00, 0x00, 0x00, 0x00, 0x01, 0x7C, 0xEB,
    0xE2, 0x15, 0x00, 0x00, 0x00, 0x3F, 0xAD, 0x16, 0x99, 0xAB, 0x00, 0x00, 0x00, 0x00, 0x00, 0x00,
    0x00, 0x00, 0x00, 0x00, 0x00, 0x00, 0x8E, 0xFC, 0x1E, 0x00, 0x00, 0x00, 0x00, 0x14, 0xB3, 0xFF,
    0x48, 0x00, 0x00, 0x00, 0x00, 0x42, 0xAD, 0xE7, 0x71, 0x00, 0x00, 0x00, 0x02, 0x69, 0x86, 0xBD,
    0x9B, 0x00, 0x00, 0x00, 0x13, 0xBC, 0x5E, 0x97, 0xA4, 0x00, 0x00, 0x00, 0x20, 0xDA, 0x3B, 0x94,
    0xC6, 0x00, 0x00, 0x00, 0x6F, 0xA8, 0x09, 0x72, 0xDF, 0x00, 0x00, 0x00, 0xD8, 0xFF, 0xFF, 0xFF,
    0xDF, 0x00, 0x00, 0x20, 0xEE, 0x5E, 0x36, 0x54, 0xE3, 0x1E, 0x00, 0xA6, 0xD9, 0x00, 0x00, 0x04,
    0xE9, 0x4E, 0x04, 0xE0, 0x6F, 0x00, 0x00, 0x00, 0xEF, 0x7E, 0x00, 0x00, 0x00, 0x30, 0xCF, 0xD2,
    0x49, 0x73, 0x00, 0x00, 0x00, 0x25, 0x51, 0xA2, 0xF6, 0xB5, 0x00, 0x00, 0x00, 0x00, 0x00, 0x00,
    0x00, 0x00, 0x00, 0x00, 0x00, 0x00, 0x8E, 0xFC, 0x1E, 0x00, 0x00, 0x00, 0x00, 0x14, 0xB3, 0xFF,
    0x48, 0x00, 0x00, 0x00, 0x00, 0x42, 0xAD, 0xE7, 0x71, 0x00, 0x00, 0x00, 0x02, 0x69, 0x86, 0xBD,
    0x9B, 0x00, 0x00, 0x00, 0x13, 0xBC, 0x5E, 0x97, 0xA4, 0x00, 0x00, 0x00, 0x20, 0xDA, 0x3B, 0x94,
    0xC6, 0x00, 0x00, 0x00, 0x6F, 0xA8, 0x09, 0x72, 0xDF, 0x00, 0x00, 0x00, 0xD8, 0xFF, 0xFF, 0xFF,
    0xDF, 0x00, 0x00, 0x20, 0xEE, 0x5E, 0x36, 0x54, 0xE3, 0x1E, 0x00, 0xA6, 0xD9, 0x00, 0x00, 0x04,
    0xE9, 0x4E, 0x04, 0xE0, 0x6F, 0x00, 0x00, 0x00, 0xEF, 0x7E, 0x00, 0x00, 0x00, 0x14, 0x89, 0x1A,
    0x86, 0x6D, 0x00, 0x00, 0x00, 0x3C, 0xDB, 0x26, 0xF7, 0xBD, 0x00, 0x00, 0x00, 0x00, 0x00, 0x00,
    0x00, 0x00, 0x00, 0x00, 0x00, 0x00, 0x8E, 0xFC, 0x1E, 0x00, 0x00, 0x00, 0x00, 0x14, 0xB3, 0xFF,
    0x48, 0x00, 0x00, 0x00, 0x00, 0x42, 0xAD, 0xE7, 0x71, 0x00, 0x00, 0x00, 0x02, 0x69, 0x86, 0xBD,
    0x9B, 0x00, 0x00, 0x00, 0x13, 0xBC, 0x5E, 0x97, 0xA4, 0x00, 0x00, 0x00, 0x20, 0xDA, 0x3B, 0x94,
    0xC6, 0x00, 0x00, 0x00, 0x6F, 0xA8, 0x09, 0x72, 0xDF, 0x00, 0x00, 0x00, 0xD8, 0xFF, 0xFF, 0xFF,
    0xDF, 0x00, 0x00, 0x20, 0xEE, 0x5E, 0x36, 0x54, 0xE3, 0x1E, 0x00, 0xA6, 0xD9, 0x00, 0x00, 0x04,
    0xE9, 0x4E, 0x04, 0xE0, 0x6F, 0x00, 0x00, 0x00, 0xEF, 0x7E, 0x00, 0x00, 0x00, 0x00, 0x1E, 0xB5,
    0x99, 0x00, 0x00, 0x00, 0x00, 0x00, 0x94, 0x4E, 0xC3, 0x36, 0x00, 0x00, 0x00, 0x00, 0x9C, 0x1F,
    0xC8, 0x28, 0x00, 0x00, 0x00, 0x00, 0x6C, 0xE9, 0x9E, 0x00, 0x00, 0x00, 0x00, 0x00, 0x00, 0x00,
    0x00, 0x00, 0x00, 0x00, 0x00, 0x00, 0x8E, 0xFC, 0x1E, 0x00, 0x00, 0x00, 0x00, 0x14, 0xB3, 0xFF,
    0x48, 0x00, 0x00, 0x00, 0x00, 0x42, 0xAD, 0xE7, 0x71, 0x00, 0x00, 0x00, 0x02, 0x69, 0x86, 0xBD,
    0x9B, 0x00, 0x00, 0x00, 0x13, 0xBC, 0x5E, 0x97, 0xA4, 0x00, 0x00, 0x00, 0x20, 0xDA, 0x3B, 0x94,
    0xC6, 0x00, 0x00, 0x00, 0x6F, 0xA8, 0x09, 0x72, 0xDF, 0x00, 0x00, 0x00, 0xD8, 0xFF, 0xFF, 0xFF,
    0xDF, 0x00, 0x00, 0x20, 0xEE, 0x5E, 0x36, 0x54, 0xE3, 0x1E, 0x00, 0xA6, 0xD9, 0x00, 0x00, 0x04,
    0xE9, 0x4E, 0x04, 0xE0, 0x6F, 0x00, 0x00, 0x00, 0xEF, 0x7E, 0x00, 0x00, 0x00, 0x17, 0xFF, 0xFF,
    0xFF, 0xE1, 0x00, 0x00, 0x00, 0x8E, 0xD7, 0xA2, 0x17, 0x0A, 0x00, 0x00, 0x00, 0xCF, 0x86, 0x7E,
    0x02, 0x00, 0x00, 0x00, 0x2E, 0xE3, 0x5D, 0x70, 0x00, 0x00, 0x00, 0x00, 0x5F, 0xAC, 0x87, 0x6F,
    0x00, 0x00, 0x00, 0x02, 0x86, 0x59, 0xB3, 0xFF, 0xF2, 0x00, 0x00, 0x0C, 0xD3, 0x2D, 0xB3, 0x64,
    0x1F, 0x00, 0x00, 0x14, 0xFF, 0xFF, 0xE9, 0x3B, 0x00, 0x00, 0x00, 0x7F, 0xA4, 0x2B, 0xDD, 0x21,
    0x00, 0x00, 0x00, 0xE2, 0x5C, 0x0D, 0xD6, 0x1A, 0x05, 0x00, 0x22, 0xF2, 0x17, 0x3E, 0xFF, 0xFF,
    0x68, 0x00, 0x00, 0x51, 0xEB, 0xFF, 0xD8, 0x2C, 0x00, 0x47, 0xDA, 0x91, 0x37, 0xC5, 0xB6, 0x00,
    0x97, 0x98, 0x10, 0x00, 0x24, 0x8E, 0x0D, 0xC8, 0x49, 0x00, 0x00, 0x00, 0x00, 0x00, 0xC5, 0x39,
    0x00, 0x00, 0x00, 0x00, 0x00, 0xCD, 0x31, 0x00, 0x00, 0x00, 0x00, 0x00, 0xB1, 0x22, 0x00, 0x00,
    0x00, 0x00, 0x00, 0xA5, 0x1C, 0x00, 0x00, 0x12, 0x00, 0x00, 0xC0, 0x2C, 0x00, 0x0D, 0xE8, 0x41,
    0x00, 0xD8, 0x92, 0x4D, 0xE2, 0xC6, 0x00, 0x00, 0x64, 0xE7, 0xFF, 0xBC, 0x12, 0x00, 0x00, 0x00,
    0x7B, 0xA2, 0x0A, 0x00, 0x00, 0x00, 0x06, 0x16, 0xAB, 0x90, 0x00, 0x00, 0x00, 0x31, 0xCE, 0xF7,
    0x2D, 0x00, 0x00, 0x00, 0x00, 0x00, 0x00, 0x85, 0x95, 0x00, 0x00, 0x00, 0x00, 0x00, 0x00, 0x60,
    0xDE, 0x00, 0x00, 0x00, 0x00, 0x00, 0x00, 0x01, 0xDB, 0x03, 0x00, 0x00, 0x00, 0x00, 0x00, 0x00,
    0x00, 0x00, 0x00, 0x00, 0x00, 0xAC, 0xFE, 0xFF, 0xFF, 0xFF, 0xC8, 0x4F, 0x00, 0xAF, 0x88, 0x29,
    0x24, 0x24, 0x1A, 0x04, 0x11, 0xB9, 0x48, 0x02, 0x00, 0x00, 0x00, 0x00, 0x31, 0xCB, 0x30, 0x00,
    0x00, 0x00, 0x00, 0x00, 0x51, 0xDB, 0x2F, 0x00, 0x00, 0x00, 0x00, 0x00, 0x5E, 0xE4, 0xFF, 0xFF,
    0xFF, 0xE6, 0x53, 0x00, 0x7A, 0xBD, 0x4D, 0x36, 0x36, 0x2E, 0x08, 0x00, 0x8F, 0xA8, 0x18, 0x00,
    0x00, 0x00, 0x00, 0x00, 0x90, 0x7F, 0x0D, 0x00, 0x00, 0x00, 0x00, 0x00, 0xA4, 0x71, 0x26, 0x24,
    0x24, 0x18, 0x00, 0x00, 0xBD, 0xFF, 0xFF, 0xFF, 0xFE, 0xC3, 0x00, 0x00, 0x00, 0x00, 0x00, 0x00,
    0x11, 0xBA, 0x23, 0x00, 0x00, 0x00, 0x00, 0x00, 0xA9, 0xBC, 0x02, 0x00, 0x00, 0x00, 0x00, 0x01,
    0xDA, 0x19, 0x00, 0x00, 0x00, 0x00, 0x00, 0x00, 0x00, 0x00, 0x00, 0x00, 0x00, 0xAC, 0xFE, 0xFF,
    0xFF, 0xFF, 0xC8, 0x4F, 0x00, 0xAF, 0x88, 0x29, 0x24, 0x24, 0x1A, 0x04, 0x11, 0xB9, 0x48, 0x02,
    0x00, 0x00, 0x00, 0x00, 0x31, 0xCB, 0x30, 0x00, 0x00, 0x00, 0x00, 0x00, 0x51, 0xDB, 0x2F, 0x00,
    0x00, 0x00, 0x00, 0x00, 0x5E, 0xE4, 0xFF, 0xFF, 0xFF, 0xE6, 0x53, 0x00, 0x7A, 0xBD, 0x4D, 0x36,
    0x36, 0x2E, 0x08, 0x00, 0x8F, 0xA8, 0x18, 0x00, 0x00, 0x00, 0x00, 0x00, 0x90, 0x7F, 0x0D, 0x00,
    0x00, 0x00, 0x00, 0x00, 0xA4, 0x71, 0x26, 0x24, 0x24, 0x18, 0x00, 0x00, 0xBD, 0xFF, 0xFF, 0xFF,
    0xFE, 0xC3, 0x00, 0x00, 0x00, 0x00, 0x00, 0x00, 0x45, 0x25, 0x00, 0x00, 0x00, 0x00, 0x00, 0xA4,
    0xF6, 0xD5, 0x15, 0x00, 0x00, 0x00, 0x78, 0xA1, 0x0B, 0x87, 0x6F, 0x00, 0x00, 0x00, 0x00, 0x00,
    0x00, 0x00, 0x00, 0x00, 0x00, 0xAC, 0xFE, 0xFF, 0xFF, 0xFF, 0xC8, 0x4F, 0x00, 0xAF, 0x88, 0x29,
    0x24, 0x24, 0x1A, 0x04, 0x11, 0xB9, 0x48, 0x02, 0x00, 0x00, 0x00, 0x00, 0x31, 0xCB, 0x30, 0x00,
    0x00, 0x00, 0x00, 0x00, 0x51, 0xDB, 0x2F, 0x00, 0x00, 0x00, 0x00, 0x00, 0x5E, 0xE4, 0xFF, 0xFF,
    0xFF, 0xE6, 0x53, 0x00, 0x7A, 0xBD, 0x4D, 0x36, 0x36, 0x2E, 0x08, 0x00, 0x8F, 0xA8, 0x18, 0x00,
    0x00, 0x00, 0x00, 0x00, 0x90, 0x7F, 0x0D, 0x00, 0x00, 0x00, 0x00, 0x00, 0xA4, 0x71, 0x26, 0x24,
    0x24, 0x18, 0x00, 0x00, 0xBD, 0xFF, 0xFF, 0xFF, 0xFE, 0xC3, 0x00, 0x00, 0x00, 0x00, 0x23, 0x99,
    0x13, 0x79, 0x57, 0x00, 0x00, 0x00, 0x6C, 0xF7, 0x21, 0xE1, 0x7E, 0x00, 0x00, 0x00, 0x00, 0x00,
    0x00, 0x00, 0x00, 0x00, 0x00, 0xAC, 0xFE, 0xFF, 0xFF, 0xFF, 0xC8, 0x4F, 0x00, 0xAF, 0x88, 0x29,
    0x24, 0x24, 0x1A, 0x04, 0x11, 0xB9, 0x48, 0x02, 0x00, 0x00, 0x00, 0x00, 0x31, 0xCB, 0x30, 0x00,
    0x00, 0x00, 0x00, 0x00, 0x51, 0xDB, 0x2F, 0x00, 0x00, 0x00, 0x00, 0x00, 0x5E, 0xE4, 0xFF, 0xFF,
    0xFF, 0xE6, 0x53, 0x00, 0x7A, 0xBD, 0x4D, 0x36, 0x36, 0x2E, 0x08, 0x00, 0x8F, 0xA8, 0x18, 0x00,
    0x00, 0x00, 0x00, 0x00, 0x90, 0x7F, 0x0D, 0x00, 0x00, 0x00, 0x00, 0x00, 0xA4, 0x71, 0x26, 0x24,
    0x24, 0x18, 0x00, 0x00, 0xBD, 0xFF, 0xFF, 0xFF, 0xFE, 0xC3, 0x00, 0x00, 0x00, 0x00, 0x00, 0xA0,
    0x7A, 0x00, 0x00, 0x00, 0x00, 0x00, 0x00, 0x81, 0xC2, 0x00, 0x00, 0x00, 0x00, 0x00, 0x00, 0x09,
    0xD8, 0x00, 0x00, 0x00, 0x00, 0x00, 0x00, 0x00, 0x00, 0x00, 0x00, 0x00, 0x00, 0xAF, 0xFF, 0xFF,
    0xFF, 0xFF, 0xC5, 0x46, 0x00, 0x00, 0x00, 0xA9, 0xAD, 0x00, 0x00, 0x00, 0x00, 0x00, 0x00, 0xD5,
    0x9C, 0x00, 0x00, 0x00, 0x00, 0x00, 0x00, 0xEF, 0x66, 0x00, 0x00, 0x00, 0x00, 0x00, 0x06, 0xF0,
    0x31, 0x00, 0x00, 0x00, 0x00, 0x00, 0x31, 0xF3, 0x04, 0x00, 0x00, 0x00, 0x00, 0x00, 0x60, 0xF6,
    0x00, 0x00, 0x00, 0x00, 0x00, 0x00, 0x8E, 0xDB, 0x00, 0x00, 0x00, 0x00, 0x00, 0x00, 0x9D, 0xB0,
    0x00, 0x00, 0x00, 0x00, 0x00, 0x00, 0xC4, 0x9F, 0x00, 0x00, 0x00, 0x00, 0xC9, 0xFF, 0xFF, 0xFF,
    0xFD, 0xB5, 0x00, 0x00, 0x00, 0x00, 0x00, 0x00, 0x1C, 0xBD, 0x15, 0x00, 0x00, 0x00, 0x00, 0x00,
    0xA9, 0xA4, 0x00, 0x00, 0x00, 0x00, 0x00, 0x0B, 0xDA, 0x0C, 0x00, 0x00, 0x00, 0x00, 0x00, 0x00,
    0x00, 0x00, 0x00, 0x00, 0x00, 0xAF, 0xFF, 0xFF, 0xFF, 0xFF, 0xC5, 0x46, 0x00, 0x00, 0x00, 0xA9,
    0xAD, 0x00, 0x00, 0x00, 0x00, 0x00, 0x00, 0xD5, 0x9C, 0x00, 0x00, 0x00, 0x00, 0x00, 0x00, 0xEF,
    0x66, 0x00, 0x00, 0x00, 0x00, 0x00, 0x06, 0xF0, 0x31, 0x00, 0x00, 0x00, 0x00, 0x00, 0x31, 0xF3,
    0x04, 0x00, 0x00, 0x00, 0x00, 0x00, 0x60, 0xF6, 0x00, 0x00, 0x00, 0x00, 0x00, 0x00, 0x8E, 0xDB,
    0x00, 0x00, 0x00, 0x00, 0x00, 0x00, 0x9D, 0xB0, 0x00, 0x00, 0x00, 0x00, 0x00, 0x00, 0xC4, 0x9F,
    0x00, 0x00, 0x00, 0x00, 0xC9, 0xFF, 0xFF, 0xFF, 0xFD, 0xB5, 0x00, 0x00, 0x00, 0x00, 0x00, 0x03,
    0x4A, 0x21, 0x00, 0x00, 0x00, 0x00, 0x03, 0xC0, 0xF1, 0xD2, 0x0B, 0x00, 0x00, 0x00, 0x92, 0xA7,
    0x0A, 0xA2, 0x6E, 0x00, 0x00, 0x00, 0x00, 0x00, 0x00, 0x00, 0x00, 0x00, 0x00, 0xAF, 0xFF, 0xFF,
    0xFF, 0xFF, 0xC5, 0x46, 0x00, 0x00, 0x00, 0xA9, 0xAD, 0x00, 0x00, 0x00, 0x00, 0x00, 0x00, 0xD5,
    0x9C, 0x00, 0x00, 0x00, 0x00, 0x00, 0x00, 0xEF, 0x66, 0x00, 0x00, 0x00, 0x00, 0x00, 0x06, 0xF0,
    0x31, 0x00, 0x00, 0x00, 0x00, 0x00, 0x31, 0xF3, 0x04, 0x00, 0x00, 0x00, 0x00, 0x00, 0x60, 0xF6,
    0x00, 0x00, 0x00, 0x00, 0x00, 0x00, 0x8E, 0xDB, 0x00, 0x00, 0x00, 0x00, 0x00, 0x00, 0x9D, 0xB0,
    0x00, 0x00, 0x00, 0x00, 0x00, 0x00, 0xC4, 0x9F, 0x00, 0x00, 0x00, 0x00, 0xC9, 0xFF, 0xFF, 0xFF,
    0xFD, 0xB5, 0x00, 0x00, 0x00, 0x00, 0x31, 0xAF, 0x0A, 0x86, 0x48, 0x00, 0x00, 0x00, 0x8B, 0xFA,
    0x13, 0xF2, 0x80, 0x00, 0x00, 0x00, 0x00, 0x00, 0x00, 0x00, 0x00, 0x00, 0x00, 0xAF, 0xFF, 0xFF,
    0xFF, 0xFF, 0xC5, 0x46, 0x00, 0x00, 0x00, 0xA9, 0xAD, 0x00, 0x00, 0x00, 0x00, 0x00, 0x00, 0xD5,
    0x9C, 0x00, 0x00, 0x00, 0x00, 0x00, 0x00, 0xEF, 0x66, 0x00, 0x00, 0x00, 0x00, 0x00, 0x06, 0xF0,
    0x31, 0x00, 0x00, 0x00, 0x00, 0x00, 0x31, 0xF3, 0x04, 0x00, 0x00, 0x00, 0x00, 0x00, 0x60, 0xF6,
    0x00, 0x00, 0x00, 0x00, 0x00, 0x00, 0x8E, 0xDB, 0x00, 0x00, 0x00, 0x00, 0x00, 0x00, 0x9D, 0xB0,
    0x00, 0x00, 0x00, 0x00, 0x00, 0x00, 0xC4, 0x9F, 0x00, 0x00, 0x00, 0x00, 0xC9, 0xFF, 0xFF, 0xFF,
    0xFD, 0xB5, 0x00, 0x00, 0x00, 0x00, 0xD4, 0xFF, 0xFF, 0xFF, 0xB1, 0x01, 0x00, 0x00, 0xFF, 0x96,
    0x27, 0x6D, 0xFF, 0x8E, 0x00, 0x00, 0xFF, 0x4C, 0x00, 0x00, 0x9D, 0xEE, 0x00, 0x21, 0xFF, 0x18,
    0x00, 0x00, 0x63, 0xFF, 0x00, 0x55, 0xFF, 0x00, 0x00, 0x00, 0x70, 0xFF, 0xB1, 0xFF, 0xFF, 0xFF,
    0xD9, 0x00, 0xA3, 0xFD, 0x00, 0xAB, 0xCA, 0x00, 0x00, 0x00, 0xBA, 0xCF, 0x00, 0xDD, 0xB5, 0x00,
    0x00, 0x00, 0xFF, 0x9D, 0x00, 0xFF, 0x78, 0x00, 0x00, 0x57, 0xFF, 0x21, 0x07, 0xFF, 0x5D, 0x2A,
    0x79, 0xFF, 0xAF, 0x00, 0x3C, 0xFF, 0xFF, 0xFF, 0xFF, 0x9C, 0x00, 0x00, 0x00, 0x00, 0x73, 0xF8,
    0xBD, 0x4C, 0x4E, 0x00, 0x00, 0x00, 0x55, 0x47, 0xBB, 0xEF, 0x76, 0x00, 0x00, 0x00, 0x00, 0x00,
    0x00, 0x00, 0x00, 0x00, 0x00, 0xAF, 0xFF, 0x11, 0x00, 0x30, 0xC8, 0x4E, 0x08, 0xB4, 0xFF, 0x41,
    0x00, 0x36, 0xB6, 0x16, 0x29, 0xC6, 0xF3, 0x88, 0x04, 0x5F, 0xAF, 0x00, 0x49, 0xD3, 0xBD, 0xAA,
    0x07, 0x8B, 0xA7, 0x00, 0x69, 0xC2, 0x8F, 0xE3, 0x0B, 0xB1, 0x87, 0x00, 0x72, 0xBA, 0x4C, 0xF2,
    0x0C, 0xBD, 0x7A, 0x00, 0x8D, 0xA0, 0x16, 0xEF, 0x3C, 0xD8, 0x55, 0x00, 0x8F, 0x78, 0x0B, 0xDA,
    0x84, 0xDC, 0x2D, 0x00, 0x9D, 0x54, 0x01, 0x9E, 0xBA, 0xD1, 0x08, 0x00, 0xB6, 0x50, 0x00, 0x74,
    0xFF, 0xCF, 0x00, 0x00, 0xBA, 0x44, 0x00, 0x2A, 0xFE, 0xBD, 0x00, 0x00, 0x00, 0x00, 0x00, 0x00,
    0xAB, 0x63, 0x00, 0x00, 0x00, 0x00, 0x00, 0x00, 0xB2, 0xAF, 0x00, 0x00, 0x00, 0x00, 0x00, 0x00,
    0x1C, 0xD4, 0x00, 0x00, 0x00, 0x00, 0x00, 0x00, 0x00, 0x00, 0x00, 0x00, 0x00, 0x00, 0x00, 0xB2,
    0xFF, 0xFF, 0xD3, 0x16, 0x00, 0x00, 0xAC, 0xFF, 0x5D, 0x40, 0xF3, 0xB2, 0x00, 0x3F, 0xFF, 0x25,
    0x00, 0x00, 0x69, 0xFF, 0x00, 0xAD, 0xCE, 0x00, 0x00, 0x00, 0x42, 0xFF, 0x00, 0xFF, 0x97, 0x00,
    0x00, 0x00, 0x5D, 0xFF, 0x06, 0xFF, 0x55, 0x00, 0x00, 0x00, 0x93, 0xFF, 0x22, 0xFF, 0x1E, 0x00,
    0x00, 0x00, 0xB0, 0xD5, 0x27, 0xFF, 0x04, 0x00, 0x00, 0x00, 0xFD, 0x93, 0x06, 0xFF, 0x2A, 0x00,
    0x00, 0x51, 0xFF, 0x18, 0x00, 0xE3, 0xCA, 0x39, 0x6F, 0xFF, 0x93, 0x00, 0x00, 0x2D, 0xEB, 0xFF,
    0xFF, 0x88, 0x00, 0x00, 0x00, 0x00, 0x00, 0x00, 0x00, 0x1F, 0xE2, 0x0F, 0x00, 0x00, 0x00, 0x00,
    0x00, 0xC5, 0xAC, 0x00, 0x00, 0x00, 0x00, 0x00, 0x1E, 0xE1, 0x06, 0x00, 0x00, 0x00, 0x00, 0x00,
    0x00, 0x00, 0x00, 0x00, 0x00, 0x00, 0x00, 0xB2, 0xFF, 0xFF, 0xD3, 0x16, 0x00, 0x00, 0xAC, 0xFF,
    0x5D, 0x40, 0xF3, 0xB2, 0x00, 0x3F, 0xFF, 0x25, 0x00, 0x00, 0x69, 0xFF, 0x00, 0xAD, 0xCE, 0x00,
    0x00, 0x00, 0x42, 0xFF, 0x00, 0xFF, 0x97, 0x00, 0x00, 0x00, 0x5D, 0xFF, 0x06, 0xFF, 0x55, 0x00,
    0x00, 0x00, 0x93, 0xFF, 0x22, 0xFF, 0x1E, 0x00, 0x00, 0x00, 0xB0, 0xD5, 0x27, 0xFF, 0x04, 0x00,
    0x00, 0x00, 0xFD, 0x93, 0x06, 0xFF, 0x2A, 0x00, 0x00, 0x51, 0xFF, 0x18, 0x00, 0xE3, 0xCA, 0x39,
    0x6F, 0xFF, 0x93, 0x00, 0x00, 0x2D, 0xEB, 0xFF, 0xFF, 0x88, 0x00, 0x00, 0x00, 0x00, 0x00, 0x00,
    0x54, 0xE1, 0x93, 0x00, 0x00, 0x00, 0x00, 0x30, 0xFF, 0xB2, 0xFF, 0x19, 0x00, 0x00, 0x00, 0xBA,
    0x60, 0x00, 0xA5, 0x87, 0x00, 0x00, 0x00, 0x00, 0x00, 0x00, 0x00, 0x00, 0x00, 0x00, 0x00, 0xB2,
    0xFF, 0xFF, 0xD3, 0x16, 0x00, 0x00, 0xAC, 0xFF, 0x5D, 0x40, 0xF3, 0xB2, 0x00, 0x3F, 0xFF, 0x25,
    0x00, 0x00, 0x69, 0xFF, 0x00, 0xAD, 0xCE, 0x00, 0x00, 0x00, 0x42, 0xFF, 0x00, 0xFF, 0x97, 0x00,
    0x00, 0x00, 0x5D, 0xFF, 0x06, 0xFF, 0x55, 0x00, 0x00, 0x00, 0x93, 0xFF, 0x22, 0xFF, 0x1E, 0x00,
    0x00, 0x00, 0xB0, 0xD5, 0x27, 0xFF, 0x04, 0x00, 0x00, 0x00, 0xFD, 0x93, 0x06, 0xFF, 0x2A, 0x00,
    0x00, 0x51, 0xFF, 0x18, 0x00, 0xE3, 0xCA, 0x39, 0x6F, 0xFF, 0x93, 0x00, 0x00, 0x2D, 0xEB, 0xFF,
    0xFF, 0x88, 0x00, 0x00, 0x00, 0x00, 0x00, 0xA6, 0xFF, 0xB4, 0x42, 0x67, 0x00, 0x00, 0x00, 0x70,
    0x46, 0xC8, 0xFF, 0x8D, 0x00, 0x00, 0x00, 0x00, 0x00, 0x00, 0x00, 0x00, 0x00, 0x00, 0x00, 0xB2,
    0xFF, 0xFF, 0xD3, 0x16, 0x00, 0x00, 0xAC, 0xFF, 0x5D, 0x40, 0xF3, 0xB2, 0x00, 0x3F, 0xFF, 0x25,
    0x00, 0x00, 0x69, 0xFF, 0x00, 0xAD, 0xCE, 0x00, 0x00, 0x00, 0x42, 0xFF, 0x00, 0xFF, 0x97, 0x00,
    0x00, 0x00, 0x5D, 0xFF, 0x06, 0xFF, 0x55, 0x00, 0x00, 0x00, 0x93, 0xFF, 0x22, 0xFF, 0x1E, 0x00,
    0x00, 0x00, 0xB0, 0xD5, 0x27, 0xFF, 0x04, 0x00, 0x00, 0x00, 0xFD, 0x93, 0x06, 0xFF, 0x2A, 0x00,
    0x00, 0x51, 0xFF, 0x18, 0x00, 0xE3, 0xCA, 0x39, 0x6F, 0xFF, 0x93, 0x00, 0x00, 0x2D, 0xEB, 0xFF,
    0xFF, 0x88, 0x00, 0x00, 0x00, 0x00, 0x00, 0x4E, 0xA8, 0x00, 0xA3, 0x54, 0x00, 0x00, 0x00, 0xAB,
    0xF8, 0x04, 0xFF, 0x91, 0x00, 0x00, 0x00, 0x00, 0x00, 0x00, 0x00, 0x00, 0x00, 0x00, 0x00, 0xB2,
    0xFF, 0xFF, 0xD3, 0x16, 0x00, 0x00, 0xAC, 0xFF, 0x5D, 0x40, 0xF3, 0xB2, 0x00, 0x3F, 0xFF, 0x25,
    0x00, 0x00, 0x69, 0xFF, 0x00, 0xAD, 0xCE, 0x00, 0x00, 0x00, 0x42, 0xFF, 0x00, 0xFF, 0x97, 0x00,
    0x00, 0x00, 0x5D, 0xFF, 0x06, 0xFF, 0x55, 0x00, 0x00, 0x00, 0x93, 0xFF, 0x22, 0xFF, 0x1E, 0x00,
    0x00, 0x00, 0xB0, 0xD5, 0x27, 0xFF, 0x04, 0x00, 0x00, 0x00, 0xFD, 0x93, 0x06, 0xFF, 0x2A, 0x00,
    0x00, 0x51, 0xFF, 0x18, 0x00, 0xE3, 0xCA, 0x39, 0x6F, 0xFF, 0x93, 0x00, 0x00, 0x2D, 0xEB, 0xFF,
    0xFF, 0x88, 0x00, 0x00, 0x00, 0x10, 0xAF, 0x03, 0x00, 0x00, 0x70, 0x81, 0x00, 0x00, 0xD8, 0xA2,
    0x00, 0x87, 0xFF, 0x40, 0x00, 0x00, 0x15, 0xFF, 0xBF, 0xFF, 0x31, 0x00, 0x00, 0x00, 0x00, 0xC5,
    0xFF, 0x4F, 0x00, 0x00, 0x00, 0x03, 0xC1, 0xE7, 0xAB, 0xF7, 0x07, 0x00, 0x00, 0xD2, 0xD7, 0x09,
    0x00, 0xCF, 0xB1, 0x00, 0x00, 0x69, 0x04, 0x00, 0x00, 0x12, 0x5D, 0x00, 0x00, 0x00, 0x00, 0x00,
    0x00, 0x05, 0x1B, 0x18, 0x00, 0x00, 0x91, 0xFA, 0xFC, 0xD4, 0xCF, 0xAB, 0x00, 0x76, 0xEF, 0x65,
    0x4E, 0xFD, 0xB1, 0x04, 0x23, 0xC3, 0x4D, 0x02, 0x38, 0xFF, 0xAF, 0x00, 0x61, 0xC1, 0x26, 0x01,
    0xE8, 0xBF, 0xAF, 0x00, 0x8F, 0xB7, 0x1C, 0xA1, 0xD2, 0x7A, 0xAF, 0x00, 0x92, 0x89, 0x45, 0xF3,
    0x25, 0xA6, 0xAF, 0x00, 0x9E, 0x6B, 0xD7, 0x78, 0x0B, 0xB6, 0x92, 0x00, 0xA2, 0xC8, 0xBA, 0x0C,
    0x10, 0xE8, 0x65, 0x00, 0x96, 0xFF, 0x3C, 0x01, 0x5C, 0xD4, 0x11, 0x00, 0x99, 0xE4, 0x58, 0x6C,
    0xF8, 0x77, 0x00, 0x00, 0xC1, 0xDF, 0xFC, 0xFF, 0x80, 0x00, 0x00, 0x00, 0x18, 0x03, 0x00, 0x00,
    0x00, 0x00, 0x00, 0x00, 0x00, 0x00, 0x8B, 0x6D, 0x00, 0x00, 0x00, 0x00, 0x00, 0x90, 0xB9, 0x00,
    0x00, 0x00, 0x00, 0x00, 0x15, 0xDA, 0x00, 0x00, 0x00, 0x00, 0x00, 0x00, 0x00, 0x00, 0x00, 0x00,
    0x92, 0x85, 0x0C, 0x00, 0x24, 0xCC, 0x4E, 0x9D, 0x5B, 0x04, 0x00, 0x41, 0xBC, 0x15, 0xB6, 0x49,
    0x00, 0x00, 0x72, 0xB6, 0x00, 0xC9, 0x46, 0x00, 0x00, 0xA3, 0xAD, 0x00, 0xB8, 0x38, 0x00, 0x00,
    0xB0, 0x8B, 0x00, 0xC1, 0x33, 0x00, 0x00, 0xD8, 0x7E, 0x00, 0xB2, 0x22, 0x00, 0x00, 0xEB, 0x54,
    0x00, 0x96, 0x15, 0x00, 0x0F, 0xE1, 0x21, 0x00, 0x96, 0x15, 0x00, 0x75, 0xDB, 0x00, 0x00, 0xD8,
    0x5E, 0x50, 0xFF, 0x8A, 0x00, 0x00, 0xA5, 0xFC, 0xFF, 0xBE, 0x08, 0x00, 0x00, 0x00, 0x00, 0x00,
    0x1B, 0xC4, 0x0B, 0x00, 0x00, 0x00, 0x00, 0xBE, 0x99, 0x00, 0x00, 0x00, 0x00, 0x15, 0xE3, 0x06,
    0x00, 0x00, 0x00, 0x00, 0x00, 0x00, 0x00, 0x00, 0x00, 0x92, 0x85, 0x0C, 0x00, 0x24, 0xCC, 0x4E,
    0x9D, 0x5B, 0x04, 0x00, 0x41, 0xBC, 0x15, 0xB6, 0x49, 0x00, 0x00, 0x72, 0xB6, 0x00, 0xC9, 0x46,
    0x00, 0x00, 0xA3, 0xAD, 0x00, 0xB8, 0x38, 0x00, 0x00, 0xB0, 0x8B, 0x00, 0xC1, 0x33, 0x00, 0x00,
    0xD8, 0x7E, 0x00, 0xB2, 0x22, 0x00, 0x00, 0xEB, 0x54, 0x00, 0x96, 0x15, 0x00, 0x0F, 0xE1, 0x21,
    0x00, 0x96, 0x15, 0x00, 0x75, 0xDB, 0x00, 0x00, 0xD8, 0x5E, 0x50, 0xFF, 0x8A, 0x00, 0x00, 0xA5,
    0xFC, 0xFF, 0xBE, 0x08, 0x00, 0x00, 0x00, 0x00, 0x2A, 0xB2, 0x64, 0x00, 0x00, 0x00, 0x15, 0xDF,
    0xAD, 0xDE, 0x11, 0x00, 0x00, 0x7E, 0x7B, 0x00, 0xA5, 0x67, 0x00, 0x00, 0x00, 0x00, 0x00, 0x00,
    0x00, 0x00, 0x92, 0x85, 0x0C, 0x00, 0x24, 0xCC, 0x4E, 0x9D, 0x5B, 0x04, 0x00, 0x41, 0xBC, 0x15,
    0xB6, 0x49, 0x00, 0x00, 0x72, 0xB6, 0x00, 0xC9, 0x46, 0x00, 0x00, 0xA3, 0xAD, 0x00, 0xB8, 0x38,
    0x00, 0x00, 0xB0, 0x8B, 0x00, 0xC1, 0x33, 0x00, 0x00, 0xD8, 0x7E, 0x00, 0xB2, 0x22, 0x00, 0x00,
    0xEB, 0x54, 0x00, 0x96, 0x15, 0x00, 0x0F, 0xE1, 0x21, 0x00, 0x96, 0x15, 0x00, 0x75, 0xDB, 0x00,
    0x00, 0xD8, 0x5E, 0x50, 0xFF, 0x8A, 0x00, 0x00, 0xA5, 0xFC, 0xFF, 0xBE, 0x08, 0x00, 0x00, 0x00,
    0x33, 0x9D, 0x00, 0x93, 0x40, 0x00, 0x00, 0x73, 0xEE, 0x00, 0xF1, 0x6F, 0x00, 0x00, 0x00, 0x00,
    0x00, 0x00, 0x00, 0x00, 0x92, 0x85, 0x0C, 0x00, 0x24, 0xCC, 0x4E, 0x9D, 0x5B, 0x04, 0x00, 0x41,
    0xBC, 0x15, 0xB6, 0x49, 0x00, 0x00, 0x72, 0xB6, 0x00, 0xC9, 0x46, 0x00, 0x00, 0xA3, 0xAD, 0x00,
    0xB8, 0x38, 0x00, 0x00, 0xB0, 0x8B, 0x00, 0xC1, 0x33, 0x00, 0x00, 0xD8, 0x7E, 0x00, 0xB2, 0x22,
    0x00, 0x00, 0xEB, 0x54, 0x00, 0x96, 0x15, 0x00, 0x0F, 0xE1, 0x21, 0x00, 0x96, 0x15, 0x00, 0x75,
    0xDB, 0x00, 0x00, 0xD8, 0x5E, 0x50, 0xFF, 0x8A, 0x00, 0x00, 0xA5, 0xFC, 0xFF, 0xBE, 0x08, 0x00,
    0x00, 0x00, 0x00, 0x07, 0x82, 0x3A, 0x00, 0x00, 0x00, 0x00, 0x2B, 0xB9, 0x24, 0x00, 0x00, 0x00,
    0x00, 0x4A, 0x71, 0x01, 0x00, 0x00, 0x00, 0x00, 0x00, 0x00, 0x00, 0x00, 0x00, 0xC5, 0x0F, 0x00,
    0x00, 0x7E, 0xED, 0x09, 0xBF, 0x21, 0x00, 0x1F, 0xD5, 0x49, 0x00, 0xA4, 0x8E, 0x00, 0x7A, 0xBA,
    0x00, 0x00, 0x76, 0xD7, 0x21, 0xCD, 0x40, 0x00, 0x00, 0x1F, 0xF0, 0x62, 0xAA, 0x12, 0x00, 0x00,
    0x00, 0xE2, 0xEE, 0x58, 0x00, 0x00, 0x00, 0x00, 0x96, 0xCB, 0x07, 0x00, 0x00, 0x00, 0x00, 0xA0,
    0xAE, 0x00, 0x00, 0x00, 0x00, 0x00, 0xB1, 0x88, 0x00, 0x00, 0x00, 0x00, 0x00, 0xDD, 0x77, 0x00,
    0x00, 0x00, 0x00, 0x00, 0xED, 0x4A, 0x00, 0x00, 0x00, 0x00, 0x00, 0x00, 0xF5, 0x97, 0x00, 0x00,
    0x00, 0x00, 0x00, 0x00, 0xFF, 0x6F, 0x00, 0x00, 0x00, 0x00, 0x00, 0x16, 0xFF, 0x45, 0x00, 0x00,
    0x00, 0x00, 0x00, 0x51, 0xFF, 0xFF, 0xFF, 0xFF, 0xE4, 0x28, 0x00, 0x8A, 0xFF, 0x36, 0x36, 0x43,
    0xE4, 0xC9, 0x00, 0xA2, 0xED, 0x00, 0x00, 0x00, 0x8B, 0xFF, 0x00, 0xD3, 0xBC, 0x00, 0x00, 0x00,
    0xB7, 0xE2, 0x00, 0xFF, 0xA8, 0x00, 0x00, 0x30, 0xFF, 0x91, 0x00, 0xFF, 0xFF, 0xFF, 0xFF, 0xFF,
    0xAF, 0x03, 0x28, 0xFF, 0x55, 0x36, 0x31, 0x06, 0x00, 0x00, 0x61, 0xFF, 0x00, 0x00, 0x00, 0x00,
    0x00, 0x00, 0x00, 0x00, 0x39, 0xFF, 0xFF, 0xFF, 0x0A, 0x00, 0x00, 0x00, 0xB9, 0xAB, 0x06, 0x04,
    0x00, 0x00, 0x00, 0x00, 0xF8, 0x60, 0x00, 0x00, 0x00, 0x00, 0x00, 0x00, 0xFF, 0xFF, 0xFF, 0xFF,
    0xFF, 0xFF, 0x00, 0x22, 0xFF, 0x06, 0x06, 0x07, 0xE1, 0xA2, 0x00, 0x5E, 0xFC, 0x00, 0x00, 0xA3,
    0xE1, 0x03, 0x00, 0x9A, 0xCD, 0x00, 0x7B, 0xFF, 0x16, 0x00, 0x00, 0xB4, 0xBD, 0x2B, 0xFF, 0x66,
    0x00, 0x00, 0x00, 0xE6, 0x82, 0x48, 0xD5, 0xFF, 0xD8, 0x04, 0x00, 0xFF, 0x49, 0x00, 0x00, 0x06,
    0xFF, 0x7E, 0x0D, 0xFF, 0x10, 0x00, 0x00, 0x00, 0xDF, 0xA8, 0x00, 0x00, 0x00, 0x00, 0x00, 0x07,
    0xFF, 0x66, 0x00, 0x00, 0x01, 0x0C, 0x43, 0xDC, 0xF1, 0x01, 0x00, 0x00, 0xAC, 0xFF, 0xFF, 0xBE,
    0x0C, 0x00, 0x00, 0x00, 0x00, 0x73, 0xA7, 0x00, 0x00, 0x00, 0x00, 0x00, 0x00, 0x36, 0xFF, 0x00,
    0x00, 0x00, 0x00, 0x00, 0x00, 0x00, 0xD4, 0x1B, 0x00, 0x00, 0x00, 0x00, 0x00, 0x00, 0x00, 0x00,
    0x00, 0x00, 0x00, 0x00, 0x8E, 0xFF, 0xFF, 0xBB, 0xC4, 0xB2, 0x00, 0x63, 0xFF, 0x73, 0x22, 0x99,
    0xFF, 0x78, 0x00, 0xEB, 0x9C, 0x00, 0x00, 0x00, 0xFF, 0x3D, 0x13, 0xFF, 0x28, 0x00, 0x00, 0x18,
    0xFF, 0x09, 0x3F, 0xFF, 0x00, 0x00, 0x00, 0x60, 0xFF, 0x00, 0x40, 0xFF, 0x00, 0x00, 0x00, 0xC1,
    0xE1, 0x00, 0x0F, 0xFF, 0x96, 0x27, 0xAF, 0xE6, 0xD8, 0x2D, 0x00, 0x8A, 0xFF, 0xFF, 0x91, 0x88,
    0xFF, 0x9A, 0x00, 0x00, 0x00, 0x00, 0x00, 0xC9, 0x52, 0x00, 0x00, 0x00, 0x00, 0x00, 0x79, 0xFF,
    0x0D, 0x00, 0x00, 0x00, 0x00, 0x00, 0xD2, 0x37, 0x00, 0x00, 0x00, 0x00, 0x00, 0x00, 0x00, 0x00,
    0x00, 0x00, 0x00, 0x00, 0x8E, 0xFF, 0xFF, 0xBB, 0xC4, 0xB2, 0x00, 0x63, 0xFF, 0x73, 0x22, 0x99,
    0xFF, 0x78, 0x00, 0xEB, 0x9C, 0x00, 0x00, 0x00, 0xFF, 0x3D, 0x13, 0xFF, 0x28, 0x00, 0x00, 0x18,
    0xFF, 0x09, 0x3F, 0xFF, 0x00, 0x00, 0x00, 0x60, 0xFF, 0x00, 0x40, 0xFF, 0x00, 0x00, 0x00, 0xC1,
    0xE1, 0x00, 0x0F, 0xFF, 0x96, 0x27, 0xAF, 0xE6, 0xD8, 0x2D, 0x00, 0x8A, 0xFF, 0xFF, 0x91, 0x88,
    0xFF, 0x9A, 0x00, 0x00, 0x00, 0x39, 0xFF, 0xFF, 0x09, 0x00, 0x00, 0x00, 0x10, 0xFF, 0x97, 0xE8,
    0x9C, 0x00, 0x00, 0x00, 0x79, 0x9F, 0x00, 0x2A, 0xBB, 0x00, 0x00, 0x00, 0x00, 0x00, 0x00, 0x00,
    0x00, 0x00, 0x00, 0x00, 0x8E, 0xFF, 0xFF, 0xBB, 0xC4, 0xB2, 0x00, 0x63, 0xFF, 0x73, 0x22, 0x99,
    0xFF, 0x78, 0x00, 0xEB, 0x9C, 0x00, 0x00, 0x00, 0xFF, 0x3D, 0x13, 0xFF, 0x28, 0x00, 0x00, 0x18,
    0xFF, 0x09, 0x3F, 0xFF, 0x00, 0x00, 0x00, 0x60, 0xFF, 0x00, 0x40, 0xFF, 0x00, 0x00, 0x00, 0xC1,
    0xE1, 0x00, 0x0F, 0xFF, 0x96, 0x27, 0xAF, 0xE6, 0xD8, 0x2D, 0x00, 0x8A, 0xFF, 0xFF, 0x91, 0x88,
    0xFF, 0x9A, 0x00, 0x00, 0x4B, 0xFF, 0xEB, 0x51, 0x81, 0x00, 0x00, 0x00, 0x46, 0x5D, 0xAB, 0xFF,
    0xCD, 0x03, 0x00, 0x00, 0x00, 0x00, 0x00, 0x00, 0x00, 0x00, 0x00, 0x00, 0x8E, 0xFF, 0xFF, 0xBB,
    0xC4, 0xB2, 0x00, 0x63, 0xFF, 0x73, 0x22, 0x99, 0xFF, 0x78, 0x00, 0xEB, 0x9C, 0x00, 0x00, 0x00,
    0xFF, 0x3D, 0x13, 0xFF, 0x28, 0x00, 0x00, 0x18, 0xFF, 0x09, 0x3F, 0xFF, 0x00, 0x00, 0x00, 0x60,
    0xFF, 0x00, 0x40, 0xFF, 0x00, 0x00, 0x00, 0xC1, 0xE1, 0x00, 0x0F, 0xFF, 0x96, 0x27, 0xAF, 0xE6,
    0xD8, 0x2D, 0x00, 0x8A, 0xFF, 0xFF, 0x91, 0x88, 0xFF, 0x9A, 0x00, 0x00, 0x48, 0xFF, 0x43, 0xB0,
    0xED, 0x00, 0x00, 0x00, 0x2B, 0xA5, 0x0A, 0x79, 0x7B, 0x00, 0x00, 0x00, 0x00, 0x00, 0x00, 0x00,
    0x00, 0x00, 0x00, 0x00, 0x8E, 0xFF, 0xFF, 0xBB, 0xC4, 0xB2, 0x00, 0x63, 0xFF, 0x73, 0x22, 0x99,
    0xFF, 0x78, 0x00, 0xEB, 0x9C, 0x00, 0x00, 0x00, 0xFF, 0x3D, 0x13, 0xFF, 0x28, 0x00, 0x00, 0x18,
    0xFF, 0x09, 0x3F, 0xFF, 0x00, 0x00, 0x00, 0x60, 0xFF, 0x00, 0x40, 0xFF, 0x00, 0x00, 0x00, 0xC1,
    0xE1, 0x00, 0x0F, 0xFF, 0x96, 0x27, 0xAF, 0xE6, 0xD8, 0x2D, 0x00, 0x8A, 0xFF, 0xFF, 0x91, 0x88,
    0xFF, 0x9A, 0x00, 0x00, 0x00, 0x28, 0xD7, 0xDC, 0x13, 0x00, 0x00, 0x00, 0x00, 0xCF, 0x42, 0xA3,
    0x87, 0x00, 0x00, 0x00, 0x00, 0xEE, 0x0F, 0xB4, 0x5D, 0x00, 0x00, 0x00, 0x00, 0x6C, 0xE8, 0xBD,
    0x00, 0x00, 0x00, 0x00, 0x00, 0x00, 0x00, 0x00, 0x00, 0x00, 0x00, 0x00, 0x8E, 0xFF, 0xFF, 0xBB,
    0xC4, 0xB2, 0x00, 0x63, 0xFF, 0x73, 0x22, 0x99, 0xFF, 0x78, 0x00, 0xEB, 0x9C, 0x00, 0x00, 0x00,
    0xFF, 0x3D, 0x13, 0xFF, 0x28, 0x00, 0x00, 0x18, 0xFF, 0x09, 0x3F, 0xFF, 0x00, 0x00, 0x00, 0x60,
    0xFF, 0x00, 0x40, 0xFF, 0x00, 0x00, 0x00, 0xC1, 0xE1, 0x00, 0x0F, 0xFF, 0x96, 0x27, 0xAF, 0xE6,
    0xD8, 0x2D, 0x00, 0x8A, 0xFF, 0xFF, 0x91, 0x88, 0xFF, 0x9A, 0x61, 0xE5, 0xFF, 0x70, 0xBE, 0xFD,
    0xAC, 0x13, 0x71, 0x3F, 0x36, 0xF3, 0xA6, 0x2A, 0xBB, 0x70, 0x00, 0x00, 0x27, 0xF2, 0x05, 0x64,
    0xBC, 0x2A, 0x67, 0xC8, 0xF3, 0xFF, 0xD8, 0xA6, 0x2C, 0x00, 0xA7, 0x2B, 0x90, 0xB1, 0x00, 0x00,
    0x00, 0x00, 0x73, 0x02, 0x9D, 0xAE, 0x01, 0x1A, 0x41, 0x00, 0x8C, 0x3E, 0x98, 0xF8, 0x12, 0xA4,
    0x7C, 0x00, 0xD2, 0xF0, 0x38, 0xAA, 0xFD, 0xB2, 0x0A, 0x00, 0x00, 0x36, 0xE2, 0xFF, 0xFF, 0x90,
    0x00, 0x1C, 0xFF, 0xA5, 0x1E, 0x5A, 0xFF, 0x30, 0xA6, 0xD7, 0x00, 0x00, 0x00, 0x21, 0x00, 0xFF,
    0x8E, 0x00, 0x00, 0x00, 0x00, 0x00, 0xFF, 0x4F, 0x00, 0x00, 0x00, 0x00, 0x00, 0xFF, 0x51, 0x00,
    0x00, 0x19, 0xC6, 0x04, 0xBE, 0xD5, 0x18, 0x30, 0xF7, 0xAB, 0x00, 0x18, 0xDA, 0xFF, 0xFF, 0xAD,
    0x03, 0x00, 0x00, 0x00, 0xEC, 0x4C, 0x00, 0x00, 0x00, 0x00, 0x1E, 0x16, 0xFF, 0x2E, 0x00, 0x00,
    0x00, 0x9F, 0xFF, 0xD5, 0x06, 0x00, 0x00, 0x00, 0x00, 0x00, 0xE1, 0x2E, 0x00, 0x00, 0x00, 0x00,
    0x00, 0xC1, 0x97, 0x00, 0x00, 0x00, 0x00, 0x00, 0x49, 0xAD, 0x00, 0x00, 0x00, 0x00, 0x00, 0x00,
    0x00, 0x00, 0x00, 0x00, 0x2E, 0xD5, 0xFF, 0xFF, 0xAD, 0x00, 0x13, 0xFF, 0xBA, 0x18, 0x30, 0xFF,
    0x6F, 0xA3, 0xDD, 0x00, 0x00, 0x00, 0xED, 0x91, 0xFF, 0x90, 0x01, 0x34, 0xA5, 0xFF, 0x21, 0xFF,
    0xFF, 0xFF, 0xE3, 0xAC, 0x16, 0x00, 0xFF, 0x4E, 0x00, 0x00, 0x00, 0x67, 0x06, 0xC4, 0xCD, 0x21,
    0x21, 0xAD, 0xF7, 0x07, 0x1C, 0xD3, 0xFF, 0xFF, 0xC3, 0x15, 0x00, 0x00, 0x00, 0x00, 0x00, 0x49,
    0xD0, 0x00, 0x00, 0x00, 0x00, 0x01, 0xF8, 0x93, 0x00, 0x00, 0x00, 0x00, 0x4C, 0xBF, 0x00, 0x00,
    0x00, 0x00, 0x00, 0x00, 0x00, 0x00, 0x00, 0x00, 0x2E, 0xD5, 0xFF, 0xFF, 0xAD, 0x00, 0x13, 0xFF,
    0xBA, 0x18, 0x30, 0xFF, 0x6F, 0xA3, 0xDD, 0x00, 0x00, 0x00, 0xED, 0x91, 0xFF, 0x90, 0x01, 0x34,
    0xA5, 0xFF, 0x21, 0xFF, 0xFF, 0xFF, 0xE3, 0xAC, 0x16, 0x00, 0xFF, 0x4E, 0x00, 0x00, 0x00, 0x67,
    0x06, 0xC4, 0xCD, 0x21, 0x21, 0xAD, 0xF7, 0x07, 0x1C, 0xD3, 0xFF, 0xFF, 0xC3, 0x15, 0x00, 0x00,
    0x00, 0x00, 0xB5, 0xFF, 0xAB, 0x00, 0x00, 0x00, 0x84, 0xFF, 0x72, 0xFF, 0x0C, 0x00, 0x00, 0xCB,
    0x24, 0x00, 0xBB, 0x4F, 0x00, 0x00, 0x00, 0x00, 0x00, 0x00, 0x00, 0x00, 0x2E, 0xD5, 0xFF, 0xFF,
    0xAD, 0x00, 0x13, 0xFF, 0xBA, 0x18, 0x30, 0xFF, 0x6F, 0xA3, 0xDD, 0x00, 0x00, 0x00, 0xED, 0x91,
    0xFF, 0x90, 0x01, 0x34, 0xA5, 0xFF, 0x21, 0xFF, 0xFF, 0xFF, 0xE3, 0xAC, 0x16, 0x00, 0xFF, 0x4E,
    0x00, 0x00, 0x00, 0x67, 0x06, 0xC4, 0xCD, 0x21, 0x21, 0xAD, 0xF7, 0x07, 0x1C, 0xD3, 0xFF, 0xFF,
    0xC3, 0x15, 0x00, 0x00, 0x00, 0xC5, 0xD8, 0x1F, 0xFF, 0x70, 0x00, 0x00, 0x8B, 0x72, 0x13, 0xA1,
    0x21, 0x00, 0x00, 0x00, 0x00, 0x00, 0x00, 0x00, 0x00, 0x2E, 0xD5, 0xFF, 0xFF, 0xAD, 0x00, 0x13,
    0xFF, 0xBA, 0x18, 0x30, 0xFF, 0x6F, 0xA3, 0xDD, 0x00, 0x00, 0x00, 0xED, 0x91, 0xFF, 0x90, 0x01,
    0x34, 0xA5, 0xFF, 0x21, 0xFF, 0xFF, 0xFF, 0xE3, 0xAC, 0x16, 0x00, 0xFF, 0x4E, 0x00, 0x00, 0x00,
    0x67, 0x06, 0xC4, 0xCD, 0x21, 0x21, 0xAD, 0xF7, 0x07, 0x1C, 0xD3, 0xFF, 0xFF, 0xC3, 0x15, 0x00,
    0x00, 0x00, 0x79, 0xB1, 0x00, 0x00, 0x00, 0x00, 0x00, 0x30, 0xFF, 0x00, 0x00, 0x00, 0x00, 0x00,
    0x00, 0xC5, 0x1B, 0x00, 0x00, 0x00, 0x00, 0x00, 0x00, 0x00, 0x00, 0x00, 0xFA, 0xFF, 0xFF, 0xFF,
    0x00, 0x00, 0x00, 0x04, 0x06, 0x85, 0xF3, 0x00, 0x00, 0x00, 0x00, 0x00, 0xA5, 0xBA, 0x00, 0x00,
    0x00, 0x00, 0x00, 0xDE, 0x9A, 0x00, 0x00, 0x00, 0x00, 0x00, 0xFF, 0x55, 0x00, 0x67, 0x30, 0x00,
    0x15, 0xFF, 0x13, 0x81, 0xFF, 0x42, 0x00, 0x54, 0xFF, 0x9A, 0xFF, 0x3F, 0x00, 0x00, 0x2D, 0xFF,
    0xFB, 0x36, 0x00, 0x00, 0x00, 0x00, 0x00, 0x00, 0xD8, 0x57, 0x00, 0x00, 0x00, 0x00, 0x84, 0xFC,
    0x09, 0x00, 0x00, 0x00, 0x00, 0xC8, 0x2E, 0x00, 0x00, 0x00, 0x00, 0x00, 0x00, 0x00, 0x00, 0x00,
    0xFA, 0xFF, 0xFF, 0xFF, 0x00, 0x00, 0x00, 0x04, 0x06, 0x85, 0xF3, 0x00, 0x00, 0x00, 0x00, 0x00,
    0xA5, 0xBA, 0x00, 0x00, 0x00, 0x00, 0x00, 0xDE, 0x9A, 0x00, 0x00, 0x00, 0x00, 0x00, 0xFF, 0x55,
    0x00, 0x67, 0x30, 0x00, 0x15, 0xFF, 0x13, 0x81, 0xFF, 0x42, 0x00, 0x54, 0xFF, 0x9A, 0xFF, 0x3F,
    0x00, 0x00, 0x2D, 0xFF, 0xFB, 0x36, 0x00, 0x00, 0x00, 0x00, 0x3F, 0xFF, 0xFF, 0x0C, 0x00, 0x00,
    0x1B, 0xFF, 0x7F, 0xD9, 0xAB, 0x00, 0x00, 0x69, 0x78, 0x00, 0x1B, 0xBD, 0x00, 0x00, 0x00, 0x00,
    0x00, 0x00, 0x00, 0x00, 0xFA, 0xFF, 0xFF, 0xFF, 0x00, 0x00, 0x00, 0x04, 0x06, 0x85, 0xF3, 0x00,
    0x00, 0x00, 0x00, 0x00, 0xA5, 0xBA, 0x00, 0x00, 0x00, 0x00, 0x00, 0xDE, 0x9A, 0x00, 0x00, 0x00,
    0x00, 0x00, 0xFF, 0x55, 0x00, 0x67, 0x30, 0x00, 0x15, 0xFF, 0x13, 0x81, 0xFF, 0x42, 0x00, 0x54,
    0xFF, 0x9A, 0xFF, 0x3F, 0x00, 0x00, 0x2D, 0xFF, 0xFB, 0x36, 0x00, 0x00, 0x00, 0x48, 0xFF, 0x43,
    0xB0, 0xED, 0x00, 0x00, 0x2B, 0xA5, 0x0A, 0x79, 0x7B, 0x00, 0x00, 0x00, 0x00, 0x00, 0x00, 0x00,
    0x00, 0xFA, 0xFF, 0xFF, 0xFF, 0x00, 0x00, 0x00, 0x04, 0x06, 0x85, 0xF3, 0x00, 0x00, 0x00, 0x00,
    0x00, 0xA5, 0xBA, 0x00, 0x00, 0x00, 0x00, 0x00, 0xDE, 0x9A, 0x00, 0x00, 0x00, 0x00, 0x00, 0xFF,
    0x55, 0x00, 0x67, 0x30, 0x00, 0x15, 0xFF, 0x13, 0x81, 0xFF, 0x42, 0x00, 0x54, 0xFF, 0x9A, 0xFF,
    0x3F, 0x00, 0x00, 0x2D, 0xFF, 0xFB, 0x36, 0x00, 0x00, 0x00, 0x00, 0x00, 0x00, 0x00, 0x00, 0x0A,
    0x04, 0x00, 0x00, 0x00, 0x81, 0xFF, 0xA1, 0xFF, 0x45, 0x00, 0x00, 0x00, 0x40, 0xEE, 0xFF, 0x6D,
    0x00, 0x00, 0x00, 0x00, 0x4E, 0x30, 0x64, 0xF0, 0x00, 0x00, 0x00, 0x64, 0xFF, 0xFF, 0xD5, 0xFF,
    0x3A, 0x00, 0x48, 0xFF, 0x84, 0x1C, 0x67, 0xFF, 0x9A, 0x00, 0xDE, 0xAF, 0x00, 0x00, 0x00, 0xD0,
    0xA2, 0x0D, 0xFF, 0x3D, 0x00, 0x00, 0x00, 0xCB, 0xA2, 0x33, 0xFF, 0x06, 0x00, 0x00, 0x00, 0xFC,
    0x91, 0x13, 0xFF, 0x09, 0x00, 0x00, 0x27, 0xFF, 0x28, 0x00, 0xEC, 0xAD, 0x1E, 0x46, 0xF7, 0xB0,
    0x00, 0x00, 0x2A, 0xE6, 0xFF, 0xFF, 0xB7, 0x03, 0x00, 0x00, 0x00, 0x12, 0xED, 0xFF, 0x7F, 0x6D,
    0x22, 0x00, 0x00, 0x0A, 0x87, 0x72, 0xFF, 0xFF, 0x2A, 0x00, 0x00, 0x00, 0x00, 0x00, 0x00, 0x00,
    0x00, 0x00, 0x12, 0xFF, 0x57, 0xF6, 0xFF, 0xAB, 0x00, 0x00, 0x4B, 0xFF, 0xA3, 0x0A, 0x2A, 0xFF,
    0x36, 0x00, 0x85, 0xFF, 0x0F, 0x00, 0x00, 0xFF, 0x5D, 0x00, 0xBE, 0xC5, 0x00, 0x00, 0x01, 0xFF,
    0x37, 0x00, 0xCF, 0xAC, 0x00, 0x00, 0x2B, 0xFF, 0x06, 0x00, 0xFF, 0x72, 0x00, 0x00, 0x64, 0xFF,
    0x00, 0x00, 0xFF, 0x37, 0x00, 0x00, 0x9F, 0xDA, 0x00, 0x25, 0xFF, 0x06, 0x00, 0x00, 0xB5, 0xA8,
    0x00, 0x00, 0x00, 0x00, 0x12, 0xF2, 0x07, 0x00, 0x00, 0x00, 0x00, 0x00, 0x00, 0xF3, 0x5E, 0x00,
    0x00, 0x00, 0x00, 0x00, 0x00, 0x82, 0x9A, 0x00, 0x00, 0x00, 0x00, 0x00, 0x00, 0x00, 0x00, 0x00,
    0x00, 0x00, 0x00, 0x51, 0xF3, 0xFF, 0xFF, 0x7B, 0x00, 0x00, 0x42, 0xFF, 0x8B, 0x1E, 0x63, 0xFF,
    0x31, 0x00, 0xDA, 0xA7, 0x00, 0x00, 0x00, 0xD4, 0x9A, 0x04, 0xFF, 0x55, 0x00, 0x00, 0x00, 0xD3,
    0xB5, 0x21, 0xFF, 0x16, 0x00, 0x00, 0x00, 0xFF, 0x8B, 0x07, 0xFF, 0x15, 0x00, 0x00, 0x34, 0xFF,
    0x21, 0x00, 0xE1, 0xAF, 0x1E, 0x48, 0xFC, 0xA0, 0x00, 0x00, 0x27, 0xE1, 0xFF, 0xFF, 0xB5, 0x01,
    0x00, 0x00, 0x00, 0x00, 0x00, 0x00, 0x7F, 0xA5, 0x00, 0x00, 0x00, 0x00, 0x00, 0x12, 0xFF, 0x5D,
    0x00, 0x00, 0x00, 0x00, 0x00, 0x82, 0xAF, 0x00, 0x00, 0x00, 0x00, 0x00, 0x00, 0x00, 0x00, 0x00,
    0x00, 0x00, 0x00, 0x51, 0xF3, 0xFF, 0xFF, 0x7B, 0x00, 0x00, 0x42, 0xFF, 0x8B, 0x1E, 0x63, 0xFF,
    0x31, 0x00, 0xDA, 0xA7, 0x00, 0x00, 0x00, 0xD4, 0x9A, 0x04, 0xFF, 0x55, 0x00, 0x00, 0x00, 0xD3,
    0xB5, 0x21, 0xFF, 0x16, 0x00, 0x00, 0x00, 0xFF, 0x8B, 0x07, 0xFF, 0x15, 0x00, 0x00, 0x34, 0xFF,
    0x21, 0x00, 0xE1, 0xAF, 0x1E, 0x48, 0xFC, 0xA0, 0x00, 0x00, 0x27, 0xE1, 0xFF, 0xFF, 0xB5, 0x01,
    0x00, 0x00, 0x00, 0x00, 0x03, 0xE3, 0xFF, 0x6F, 0x00, 0x00, 0x00, 0x00, 0xA1, 0xE8, 0x94, 0xF8,
    0x00, 0x00, 0x00, 0x0F, 0xD0, 0x0D, 0x00, 0xC0, 0x24, 0x00, 0x00, 0x00, 0x00, 0x00, 0x00, 0x00,
    0x00, 0x00, 0x00, 0x51, 0xF3, 0xFF, 0xFF, 0x7B, 0x00, 0x00, 0x42, 0xFF, 0x8B, 0x1E, 0x63, 0xFF,
    0x31, 0x00, 0xDA, 0xA7, 0x00, 0x00, 0x00, 0xD4, 0x9A, 0x04, 0xFF, 0x55, 0x00, 0x00, 0x00, 0xD3,
    0xB5, 0x21, 0xFF, 0x16, 0x00, 0x00, 0x00, 0xFF, 0x8B, 0x07, 0xFF, 0x15, 0x00, 0x00, 0x34, 0xFF,
    0x21, 0x00, 0xE1, 0xAF, 0x1E, 0x48, 0xFC, 0xA0, 0x00, 0x00, 0x27, 0xE1, 0xFF, 0xFF, 0xB5, 0x01,
    0x00, 0x00, 0x00, 0x09, 0xDD, 0xFF, 0x91, 0x60, 0x36, 0x00, 0x00, 0x03, 0x8A, 0x64, 0xFB, 0xFF,
    0x3D, 0x00, 0x00, 0x00, 0x00, 0x00, 0x00, 0x00, 0x00, 0x00, 0x00, 0x51, 0xF3, 0xFF, 0xFF, 0x7B,
    0x00, 0x00, 0x42, 0xFF, 0x8B, 0x1E, 0x63, 0xFF, 0x31, 0x00, 0xDA, 0xA7, 0x00, 0x00, 0x00, 0xD4,
    0x9A, 0x04, 0xFF, 0x55, 0x00, 0x00, 0x00, 0xD3, 0xB5, 0x21, 0xFF, 0x16, 0x00, 0x00, 0x00, 0xFF,
    0x8B, 0x07, 0xFF, 0x15, 0x00, 0x00, 0x34, 0xFF, 0x21, 0x00, 0xE1, 0xAF, 0x1E, 0x48, 0xFC, 0xA0,
    0x00, 0x00, 0x27, 0xE1, 0xFF, 0xFF, 0xB5, 0x01, 0x00, 0x00, 0x00, 0x00, 0xF6, 0xA6, 0x4E, 0xFF,
    0x3F, 0x00, 0x00, 0x00, 0xAC, 0x51, 0x2E, 0xA5, 0x09, 0x00, 0x00, 0x00, 0x00, 0x00, 0x00, 0x00,
    0x00, 0x00, 0x00, 0x51, 0xF3, 0xFF, 0xFF, 0x7B, 0x00, 0x00, 0x42, 0xFF, 0x8B, 0x1E, 0x63, 0xFF,
    0x31, 0x00, 0xDA, 0xA7, 0x00, 0x00, 0x00, 0xD4, 0x9A, 0x04, 0xFF, 0x55, 0x00, 0x00, 0x00, 0xD3,
    0xB5, 0x21, 0xFF, 0x16, 0x00, 0x00, 0x00, 0xFF, 0x8B, 0x07, 0xFF, 0x15, 0x00, 0x00, 0x34, 0xFF,
    0x21, 0x00, 0xE1, 0xAF, 0x1E, 0x48, 0xFC, 0xA0, 0x00, 0x00, 0x27, 0xE1, 0xFF, 0xFF, 0xB5, 0x01,
    0x00, 0x00, 0x00, 0x00, 0x03, 0xC8, 0x99, 0x00, 0x00, 0x00, 0x00, 0x00, 0x16, 0xFF, 0xAC, 0x00,
    0x00, 0x00, 0x00, 0x00, 0x00, 0x00, 0x00, 0x00, 0x00, 0x00, 0x00, 0x00, 0x00, 0x00, 0x00, 0x00,
    0x00, 0x04, 0xFF, 0xFF, 0xFF, 0xFF, 0xFF, 0xFF, 0xC1, 0x00, 0x00, 0x00, 0x00, 0x00, 0x00, 0x00,
    0x00, 0x00, 0x00, 0x00, 0xB7, 0xB7, 0x00, 0x00, 0x00, 0x00, 0x00, 0x01, 0xFF, 0xAB, 0x00, 0x00,
    0x00, 0x00, 0x00, 0x00, 0x00, 0x00, 0x08, 0x1C, 0x00, 0x00, 0x38, 0xD4, 0xFE, 0xF9, 0xB4, 0xB8,
    0x1C, 0x25, 0xC4, 0xA1, 0x25, 0x97, 0xE2, 0x46, 0x00, 0x7C, 0xB8, 0x20, 0x1D, 0xF8, 0xEA, 0x6E,
    0x00, 0x92, 0x8A, 0x1F, 0xE4, 0x5F, 0xCD, 0x7C, 0x00, 0x9E, 0x67, 0xC2, 0x74, 0x10, 0xE9, 0x60,
    0x00, 0x95, 0xE9, 0x95, 0x08, 0x41, 0xD5, 0x17, 0x00, 0x91, 0xF0, 0x45, 0x45, 0xF6, 0x82, 0x00,
    0x00, 0xAD, 0xCE, 0xF9, 0xFF, 0xAA, 0x01, 0x00, 0x00, 0x12, 0x00, 0x00, 0x00, 0x00, 0x00, 0x00,
    0x00, 0x00, 0x00, 0x1C, 0xFD, 0x03, 0x00, 0x00, 0x00, 0x00, 0x00, 0xFC, 0x51, 0x00, 0x00, 0x00,
    0x00, 0x00, 0x8A, 0x84, 0x00, 0x00, 0x00, 0x00, 0x00, 0x00, 0x00, 0x00, 0x00, 0x2A, 0xFF, 0x04,
    0x00, 0x00, 0xB4, 0xA8, 0x63, 0xFF, 0x00, 0x00, 0x00, 0xE6, 0x90, 0x9D, 0xD8, 0x00, 0x00, 0x00,
    0xFF, 0x55, 0xB4, 0xA7, 0x00, 0x00, 0x0D, 0xFF, 0x1C, 0xE3, 0x90, 0x00, 0x00, 0x51, 0xFF, 0x00,
    0xFF, 0x73, 0x00, 0x00, 0xC0, 0xF5, 0x00, 0xE4, 0xC8, 0x27, 0xB1, 0xFF, 0xC4, 0x00, 0x4F, 0xFF,
    0xFF, 0xA7, 0xC4, 0xB2, 0x00, 0x00, 0x00, 0x00, 0x00, 0x9C, 0xA0, 0x00, 0x00, 0x00, 0x00, 0x1F,
    0xFF, 0x46, 0x00, 0x00, 0x00, 0x00, 0x8D, 0x94, 0x00, 0x00, 0x00, 0x00, 0x00, 0x00, 0x00, 0x00,
    0x00, 0x2A, 0xFF, 0x04, 0x00, 0x00, 0xB4, 0xA8, 0x63, 0xFF, 0x00, 0x00, 0x00, 0xE6, 0x90, 0x9D,
    0xD8, 0x00, 0x00, 0x00, 0xFF, 0x55, 0xB4, 0xA7, 0x00, 0x00, 0x0D, 0xFF, 0x1C, 0xE3, 0x90, 0x00,
    0x00, 0x51, 0xFF, 0x00, 0xFF, 0x73, 0x00, 0x00, 0xC0, 0xF5, 0x00, 0xE4, 0xC8, 0x27, 0xB1, 0xFF,
    0xC4, 0x00, 0x4F, 0xFF, 0xFF, 0xA7, 0xC4, 0xB2, 0x00, 0x00, 0x00, 0x07, 0xF0, 0xFF, 0x63, 0x00,
    0x00, 0x00, 0xBF, 0xC9, 0x8B, 0xF6, 0x00, 0x00, 0x16, 0xA6, 0x03, 0x00, 0xA1, 0x16, 0x00, 0x00,
    0x00, 0x00, 0x00, 0x00, 0x00, 0x2A, 0xFF, 0x04, 0x00, 0x00, 0xB4, 0xA8, 0x63, 0xFF, 0x00, 0x00,
    0x00, 0xE6, 0x90, 0x9D, 0xD8, 0x00, 0x00, 0x00, 0xFF, 0x55, 0xB4, 0xA7, 0x00, 0x00, 0x0D, 0xFF,
    0x1C, 0xE3, 0x90, 0x00, 0x00, 0x51, 0xFF, 0x00, 0xFF, 0x73, 0x00, 0x00, 0xC0, 0xF5, 0x00, 0xE4,
    0xC8, 0x27, 0xB1, 0xFF, 0xC4, 0x00, 0x4F, 0xFF, 0xFF, 0xA7, 0xC4, 0xB2, 0x00, 0x00, 0x00, 0xFF,
    0xBA, 0x5D, 0xFF, 0x30, 0x00, 0x00, 0xB1, 0x45, 0x37, 0xA1, 0x04, 0x00, 0x00, 0x00, 0x00, 0x00,
    0x00, 0x00, 0x2A, 0xFF, 0x04, 0x00, 0x00, 0xB4, 0xA8, 0x63, 0xFF, 0x00, 0x00, 0x00, 0xE6, 0x90,
    0x9D, 0xD8, 0x00, 0x00, 0x00, 0xFF, 0x55, 0xB4, 0xA7, 0x00, 0x00, 0x0D, 0xFF, 0x1C, 0xE3, 0x90,
    0x00, 0x00, 0x51, 0xFF, 0x00, 0xFF, 0x73, 0x00, 0x00, 0xC0, 0xF5, 0x00, 0xE4, 0xC8, 0x27, 0xB1,
    0xFF, 0xC4, 0x00, 0x4F, 0xFF, 0xFF, 0xA7, 0xC4, 0xB2, 0x00, 0x00, 0x00, 0x00, 0x00, 0x00, 0x7F,
    0xB7, 0x00, 0x00, 0x00, 0x00, 0x00, 0x10, 0xFF, 0x5D, 0x00, 0x00, 0x00, 0x00, 0x00, 0x73, 0xAB,
    0x00, 0x00, 0x00, 0x00, 0x00, 0x00, 0x00, 0x00, 0x00, 0x00, 0x00, 0x28, 0xFF, 0x04, 0x00, 0x00,
    0xB4, 0xA8, 0x00, 0x61, 0xFF, 0x00, 0x00, 0x00, 0xE3, 0x8E, 0x00, 0x99, 0xDC, 0x00, 0x00, 0x00,
    0xFF, 0x52, 0x00, 0xAF, 0xAB, 0x00, 0x00, 0x0A, 0xFF, 0x16, 0x00, 0xDD, 0x96, 0x00, 0x00, 0x4C,
    0xFF, 0x00, 0x00, 0xFD, 0x81, 0x00, 0x00, 0xBB, 0xEE, 0x00, 0x00, 0xD8, 0xD2, 0x27, 0xAB, 0xF0,
    0xBC, 0x00, 0x00, 0x45, 0xFF, 0xFF, 0xB7, 0xCA, 0xA5, 0x00, 0x00, 0x00, 0x00, 0x00, 0x04, 0xFF,
    0x45, 0x00, 0x54, 0xB8, 0x2D, 0x2E, 0xBF, 0xF2, 0x00, 0x00, 0x39, 0xEB, 0xFF, 0xFF, 0xC8, 0x21,
    0x00, 0x00, 0x00, 0x00, 0xBF, 0xB8, 0x00, 0x00, 0x00, 0x00, 0x00, 0x00, 0xF1, 0x7B, 0x00, 0x00,
    0x00, 0x00, 0x00, 0x00, 0xFF, 0x3D, 0x00, 0x00, 0x00, 0x00, 0x00, 0x1B, 0xFF, 0x4E, 0xFF, 0xFF,
    0xCB, 0x07, 0x00, 0x58, 0xFF, 0xBC, 0x3C, 0x43, 0xFF, 0x8B, 0x00, 0x94, 0xFF, 0x0D, 0x00, 0x00,
    0xAA, 0xB1, 0x00, 0xAF, 0xAA, 0x00, 0x00, 0x00, 0xAF, 0xB0, 0x00, 0xE2, 0x82, 0x00, 0x00, 0x00,
    0xE4, 0xA3, 0x00, 0xFF, 0x5A, 0x00, 0x00, 0x18, 0xFF, 0x30, 0x0C, 0xFF, 0xAC, 0x2A, 0x3F, 0xE7,
    0xD9, 0x00, 0x45, 0xFF, 0x67, 0xFF, 0xFF, 0xCF, 0x13, 0x00, 0x82, 0xEB, 0x00, 0x00, 0x00, 0x00,
    0x00, 0x00, 0xBE, 0xBA, 0x00, 0x00, 0x00, 0x00, 0x00, 0x00, 0xD2, 0xA6, 0x00, 0x00, 0x00, 0x00,
    0x00, 0x00, 0x00, 0x00, 0x00, 0xEC, 0xB0, 0x46, 0xFF, 0x46, 0x00, 0x00, 0x00, 0xA6, 0x57, 0x28,
    0xA0, 0x0C, 0x00, 0x00, 0x00, 0x00, 0x00, 0x00, 0x00, 0x00, 0x00, 0x28, 0xFF, 0x04, 0x00, 0x00,
    0xB4, 0xA8, 0x00, 0x61, 0xFF, 0x00, 0x00, 0x00, 0xE3, 0x8E, 0x00, 0x99, 0xDC, 0x00, 0x00, 0x00,
    0xFF, 0x52, 0x00, 0xAF, 0xAB, 0x00, 0x00, 0x0A, 0xFF, 0x16, 0x00, 0xDD, 0x96, 0x00, 0x00, 0x4C,
    0xFF, 0x00, 0x00, 0xFD, 0x81, 0x00, 0x00, 0xBB, 0xEE, 0x00, 0x00, 0xD8, 0xD2, 0x27, 0xAB, 0xF0,
    0xBC, 0x00, 0x00, 0x45, 0xFF, 0xFF, 0xB7, 0xCA, 0xA5, 0x00, 0x00, 0x00, 0x00, 0x00, 0x04, 0xFF,
    0x45, 0x00, 0x54, 0xB8, 0x2D, 0x2E, 0xBF, 0xF2, 0x00, 0x00, 0x39, 0xEB, 0xFF, 0xFF, 0xC8, 0x21,
    0x00, 0x00, 0x0C, 0xFF, 0xFF, 0xFF, 0xFF, 0xFF, 0xFF, 0xBE, 0x06, 0x36, 0x36, 0x36, 0x36, 0x36,
    0x36, 0x1C, 0xFF, 0xFF, 0xFF, 0xFF, 0xFF, 0xFF, 0xE5, 0xAB, 0x34, 0x36, 0x36, 0x36, 0x36, 0x36,
    0x2B, 0x13, 0x00, 0x01, 0xFF, 0x52, 0x00, 0x8D, 0xFF, 0x00, 0x0C, 0xFF, 0xAB, 0x00, 0xB5, 0xFF,
    0x4C, 0x00, 0x00, 0x3C, 0xFF, 0xA3, 0x00, 0xA1, 0xFF, 0x12, 0x00, 0xFF, 0x97, 0x00, 0x48, 0xFF,
    0x04, 0x00, 0x00, 0x6B, 0xC3, 0x00, 0x42, 0xBA, 0x0C, 0x09, 0xBB, 0x84, 0x00, 0xC2, 0x92, 0x00,
    0x5B, 0xE4, 0x2A, 0x3F, 0xEB, 0x52, 0x00, 0xA1, 0xD3, 0x1C, 0xE2, 0xDC, 0x06, 0x00, 0x8A, 0xFA,
    0x21, 0xA0, 0xD9, 0x66, 0xA3, 0xAA, 0x0C, 0xEB, 0xAA, 0x00, 0xD9, 0x41, 0x1F, 0xEF, 0x30, 0x00,
    0xA0, 0x19, 0x94, 0xB0, 0x00, 0x00, 0xB5, 0xFF, 0x0A, 0xFF, 0xA2, 0x54, 0xFF, 0x58, 0xF1, 0xD7,
    0x21, 0xFF, 0x97, 0x88, 0xFF, 0x37, 0x00, 0x56, 0xEC, 0xFF, 0xD5, 0x24, 0x00, 0x4A, 0xDB, 0x9B,
    0x3C, 0xD1, 0xB0, 0x00, 0x98, 0xB0, 0x15, 0x00, 0x37, 0xBA, 0x0F, 0xCE, 0x4E, 0x01, 0x00, 0x00,
    0x00, 0x00, 0xE9, 0xFF, 0xFF, 0xFC, 0x00, 0x00, 0x00, 0xCC, 0x4D, 0x2A, 0x1F, 0x00, 0x00, 0x00,
    0xFF, 0xFF, 0xFF, 0xA2, 0x00, 0x00, 0x00, 0xB9, 0x44, 0x2A, 0x0F, 0x05, 0x00, 0x00, 0xC4, 0x2E,
    0x00, 0x18, 0xE2, 0x23, 0x00, 0xD8, 0x8B, 0x46, 0xEC, 0xB1, 0x00, 0x00, 0x6A, 0xEA, 0xFF, 0xBA,
    0x0A, 0x00, 0x00, 0x00, 0x13, 0x4F, 0x06, 0x00, 0x00, 0x00, 0x00, 0x10, 0xB8, 0xB9, 0x0B, 0x00,
    0x00, 0x00, 0x00, 0x9C, 0xC1, 0x49, 0x36, 0x36, 0x36, 0x25, 0x00, 0xD9, 0xFA, 0xFE, 0xFF, 0xFF,
    0xFF, 0xB1, 0x04, 0x63, 0xD7, 0x36, 0x01, 0x00, 0x00, 0x00, 0x00, 0x00, 0x7A, 0xB9, 0x0C, 0x00,
    0x00, 0x00, 0x00, 0x00, 0x00, 0x0F, 0x01, 0x00, 0x00, 0x00, 0x00, 0x00, 0x00, 0x33, 0xD9, 0x18,
    0x00, 0x00, 0x00, 0x34, 0xFF, 0xFF, 0xFB, 0x18, 0x00, 0x34, 0xFF, 0x82, 0xFF, 0xB4, 0xFC, 0x16,
    0x25, 0x73, 0x16, 0xFF, 0x00, 0x8B, 0x0D, 0x00, 0x00, 0x18, 0xFF, 0x00, 0x00, 0x00, 0x00, 0x00,
    0x18, 0xFF, 0x00, 0x00, 0x00, 0x00, 0x00, 0x18, 0xFF, 0x00, 0x00, 0x00, 0x00, 0x00, 0x18, 0xFF,
    0x00, 0x00, 0x00, 0x00, 0x00, 0x18, 0xFF, 0x00, 0x00, 0x00, 0x00, 0x00, 0x18, 0xFF, 0x00, 0x00,
    0x00, 0x00, 0x00, 0x00, 0x12, 0x5E, 0x00, 0x00, 0x00, 0x00, 0x00, 0x00, 0x31, 0xF7, 0x64, 0x00,
    0x00, 0x2C, 0x36, 0x36, 0x36, 0x6E, 0xE6, 0x55, 0x00, 0xE0, 0xFF, 0xFF, 0xFF, 0xFB, 0xFF, 0xB2,
    0x07, 0x00, 0x00, 0x00, 0x00, 0x98, 0xD7, 0x1D, 0x00, 0x00, 0x00, 0x00, 0x44, 0xF2, 0x22, 0x00,
    0x00, 0x00, 0x00, 0x00, 0x00, 0x12, 0x00, 0x00, 0x00, 0x00, 0x00, 0x12, 0xD9, 0x00, 0x00, 0x00,
    0x00, 0x00, 0x18, 0xFF, 0x00, 0x00, 0x00, 0x00, 0x00, 0x18, 0xFF, 0x00, 0x00, 0x00, 0x00, 0x00,
    0x18, 0xFF, 0x00, 0x00, 0x00, 0x00, 0x00, 0x18, 0xFF, 0x00, 0x00, 0x00, 0x00, 0x00, 0x18, 0xFF,
    0x00, 0x00, 0x00, 0x09, 0x37, 0x18, 0xFF, 0x00, 0x42, 0x00, 0x51, 0xFF, 0x4F, 0xFF, 0x6F, 0xFF,
    0x25, 0x00, 0x6C, 0xFF, 0xFF, 0xFF, 0x40, 0x00, 0x00, 0x00, 0x6C, 0xFF, 0x42, 0x00, 0x00, 0x00,
    0x00, 0x00, 0x0A, 0x00, 0x00, 0x00, 0x00, 0x38, 0x2F, 0x02, 0x71, 0x00, 0x00, 0x00, 0x30, 0xCA,
    0x75, 0x11, 0xEC, 0x92, 0x00, 0x00, 0xB5, 0xA5, 0x42, 0x36, 0x4B, 0xE7, 0x7C, 0x00, 0xF4, 0xFA,
    0xFE, 0xFF, 0xFF, 0xFF, 0xC2, 0x3D, 0x95, 0xCF, 0x23, 0x00, 0x53, 0xE3, 0x47, 0x00, 0x0C, 0xB2,
    0x91, 0x13, 0xF6, 0x54, 0x00, 0x00, 0x00, 0x0C, 0x06, 0x00, 0x14, 0x00, 0x00, 0x00, 0x00, 0x00,
    0x33, 0xD9, 0x18, 0x00, 0x00, 0x00, 0x34, 0xFF, 0xFF, 0xFB, 0x18, 0x00, 0x34, 0xFF, 0x82, 0xFF,
    0xB4, 0xFC, 0x16, 0x25, 0x73, 0x16, 0xFF, 0x00, 0x8B, 0x0D, 0x00, 0x00, 0x18, 0xFF, 0x00, 0x00,
    0x00, 0x00, 0x00, 0x18, 0xFF, 0x00, 0x00, 0x00, 0x09, 0x37, 0x18, 0xFF, 0x00, 0x42, 0x00, 0x51,
    0xFF, 0x4F, 0xFF, 0x6F, 0xFF, 0x25, 0x00, 0x6C, 0xFF, 0xFF, 0xFF, 0x40, 0x00, 0x00, 0x00, 0x6C,
    0xFF, 0x42, 0x00, 0x00, 0x00, 0x00, 0x00, 0x0A, 0x00, 0x00, 0x00, 0x00, 0x00, 0xA1, 0xAF, 0xF0,
    0x00, 0x00, 0x00, 0x00, 0xAF, 0x00, 0xAF, 0x00, 0x00, 0x00, 0x00, 0xAF, 0x00, 0xAF, 0x00, 0x00,
    0x00, 0x00, 0xAF, 0x00, 0xAF, 0x00, 0x00, 0x00, 0x00, 0xAF, 0x00, 0xAF, 0x00, 0x00, 0x00, 0x00,
    0xAF, 0x00, 0xAF, 0x00, 0x00, 0x01, 0xC0, 0xFD, 0x00, 0x94, 0xFF, 0x42, 0x00, 0x09, 0xC0, 0x37,
    0xA8, 0x5B, 0x00, 0x00, 0x00, 0x0A, 0xCD, 0x63, 0x00, 0x00, 0x00, 0x00, 0x00, 0x00, 0x00, 0x0A,
    0x94, 0x06, 0x00, 0x00, 0x00, 0x00, 0x00, 0xB5, 0xA3, 0x00, 0x00, 0xDD, 0xFF, 0xFF, 0xFF, 0xFF,
    0xFF, 0xF7, 0x00, 0x00, 0x00, 0x15, 0xFF, 0x36, 0x00, 0x00, 0x06, 0x36, 0x36, 0xC6, 0xB1, 0x36,
    0x36, 0x18, 0x40, 0xFA, 0xFF, 0xFF, 0xFA, 0xFA, 0xFA, 0x70, 0x00, 0x27, 0xFF, 0x2B, 0x00, 0x00,
    0x00, 0x00, 0x00, 0x1F, 0x2D, 0x00, 0x00, 0x00, 0x00, 0x00, 0x2D, 0x90, 0x90, 0x90, 0x90, 0x90,
    0x90, 0x90, 0x88, 0x72, 0xFF, 0xFF, 0xFF, 0xFF, 0xFF, 0xFF, 0xFF, 0xFF, 0x00, 0x00, 0x00, 0x00,
    0x00, 0x00, 0x00, 0x00, 0x00, 0x6C, 0xFF, 0xFF, 0xFF, 0xFF, 0xFF, 0xFF, 0xFF, 0xFF, 0x34, 0xA8,
    0xA8, 0xA8, 0xA8, 0xA8, 0xA8, 0xA8, 0x9F, 0x00, 0x00, 0x00, 0x00, 0x00, 0x00, 0x00, 0x00, 0x00,
    0x72, 0xFF, 0xFF, 0xFF, 0xFF, 0xFF, 0xFF, 0xFF, 0xFF, 0x2E, 0x96, 0x96, 0x96, 0x96, 0x96, 0x96,
    0x96, 0x8E, 0x00, 0x00, 0x00, 0x00, 0x00, 0x00, 0x00, 0x1E, 0x00, 0x00, 0x00, 0x00, 0x00, 0x57,
    0xCE, 0xFB, 0x00, 0x00, 0x0D, 0x94, 0xFF, 0xF8, 0x8E, 0x0C, 0x00, 0x79, 0xFF, 0xBF, 0x48, 0x00,
    0x00, 0x00, 0x00, 0xAE, 0xFF, 0x9F, 0x0C, 0x00, 0x00, 0x00, 0x00, 0x00, 0x43, 0xD3, 0xFF, 0xB7,
    0x18, 0x00, 0x00, 0x00, 0x00, 0x00, 0x3C, 0xCB, 0xFF, 0x04, 0x00, 0x00, 0x00, 0x00, 0x00, 0x00,
    0x28, 0x00, 0x70, 0xFF, 0xFF, 0xFF, 0xFF, 0xFF, 0xCE, 0x00, 0x00, 0x00, 0x1C, 0x00, 0x00, 0x00,
    0x00, 0x00, 0x00, 0x1C, 0xFF, 0xAF, 0x24, 0x00, 0x00, 0x00, 0x00, 0x00, 0x2E, 0xB6, 0xFF, 0xB6,
    0x2A, 0x00, 0x00, 0x00, 0x00, 0x00, 0x1C, 0xA0, 0xFF, 0x8A, 0x00, 0x00, 0x00, 0x00, 0x43, 0xBB,
    0xFF, 0x67, 0x00, 0x09, 0x87, 0xF5, 0xFF, 0x9A, 0x10, 0x00, 0x00, 0xFF, 0xD4, 0x5D, 0x00, 0x00,
    0x00, 0x00, 0x01, 0x27, 0x00, 0x00, 0x00, 0x00, 0x00, 0x00, 0x64, 0xFF, 0xFF, 0xFF, 0xFF, 0xFF,
    0xD7, 0x00, 0x00, 0x00, 0x67, 0xE6, 0xF3, 0xA0, 0x01, 0x00, 0x58, 0xFF, 0x8D, 0x70, 0xFF, 0xAE,
    0x00, 0xCD, 0xA0, 0x00, 0x00, 0x49, 0xFF, 0x00, 0xE6, 0x7E, 0x00, 0x00, 0x25, 0xFF, 0x00, 0xB4,
    0xF8, 0x19, 0x07, 0xC3, 0xCD, 0x0F, 0xED, 0xF8, 0xFF, 0xFF, 0xE6, 0x1E, 0xC0, 0xBA, 0x00, 0x15,
    0x18, 0x00, 0x00, 0x0F, 0x00, 0x00, 0x00, 0x00, 0x00, 0x00, 0x00, 0x00, 0x00, 0x00, 0x00, 0x00,
    0xB6, 0xAF, 0xF0, 0x00, 0x00, 0x10, 0x00, 0x00, 0x00, 0xAF, 0x00, 0xAF, 0x00, 0x10, 0xF0, 0x00,
    0x00, 0x00, 0xAF, 0x00, 0xAF, 0x10, 0xC5, 0xC1, 0xAF, 0xAF, 0xAF, 0xC6, 0x00, 0xAF, 0xC9, 0x39,
    0x00, 0x00, 0x00, 0x00, 0x00, 0x00, 0xAF, 0x33, 0xC3, 0x96, 0xAF, 0xAF, 0xAF, 0xAF, 0xAF, 0xF5,
    0x00, 0x34, 0xFF, 0x00, 0x00, 0x00, 0x00, 0x00, 0x00, 0x00, 0x00, 0x36, 0x00, 0x00, 0x00, 0x00,
    0x00, 0x00, 0x63, 0xFF, 0xFF, 0xFF, 0xFF, 0xFF, 0xFF, 0xFF, 0x06, 0x18, 0x18, 0x18, 0x18, 0x18,
    0x18, 0x15, 0x05, 0x12, 0x12, 0x12, 0x12, 0x12, 0x12, 0x10, 0x6F, 0xFF, 0xFF, 0xFF, 0xFF, 0xFF,
    0xFF, 0xFF, 0x5F, 0xFF, 0xFF, 0xFF, 0xFF, 0xFF, 0xFF, 0xFC, 0x07, 0x54, 0x1E, 0xFF, 0x1E, 0xFF,
    0x1E, 0xFF, 0x1E, 0xFF, 0x1E, 0xFF, 0x1E, 0xFF, 0x1E, 0xFF, 0x1E, 0xFF, 0x1E, 0xFF, 0x1E, 0xFF,
    0x1E, 0xFF, 0x1E, 0xFF, 0x1E, 0xFF, 0x1E, 0xFF, 0x1E, 0xFF, 0x1E, 0xFF, 0x1E, 0xFF, 0x1C, 0xFF,
    0x4F, 0x60, 0x07, 0xFF, 0xFF, 0x1E, 0xFF, 0xFF, 0x1E, 0xFF, 0xFF, 0x1E, 0xFF, 0xFF, 0x1E, 0xFF,
    0xFF, 0x1E, 0xFF, 0xFF, 0x1E, 0xFF, 0xFF, 0x1E, 0xFF, 0xFF, 0x1E, 0xFF, 0xFF, 0x1E, 0xFF, 0xFF,
    0x1E, 0xFF, 0xFF, 0x1E, 0xFF, 0xFF, 0x1E, 0xFF, 0xFF, 0x1E, 0xFF, 0xFF, 0x1E, 0xFF, 0xFF, 0x1E,
    0xFF, 0xFF, 0x1E, 0xFF, 0xFF, 0x1E, 0xFC, 0xFF, 0x1C, 0xD5, 0xFF, 0x2A, 0xFF, 0xFF, 0x34, 0xFF,
    0xCB, 0x12, 0x18, 0x03, 0x16, 0x15, 0x03, 0x18, 0x10, 0x0D, 0x12, 0x01, 0x10, 0x10, 0x01, 0x12,
    0x0C, 0xF0, 0xFF, 0x30, 0xFF, 0xFF, 0x3C, 0xFF, 0xE6, 0xCE, 0xFF, 0x28, 0xFF, 0xFC, 0x33, 0xFF,
    0xC5, 0x16, 0xDA, 0x1E, 0xFF, 0x1E, 0xFF, 0x07, 0x63, 0x00, 0x04, 0x1E, 0xFF, 0x1E, 0xFF, 0x1E,
    0xFF, 0x01, 0x19, 0x06, 0x4E, 0x1E, 0xFF, 0x1E, 0xFF, 0x18, 0xEC, 0x00, 0x00, 0x1C, 0xFF, 0x1E,
    0xFF, 0x1E, 0xFF, 0x03, 0x2A, 0xCA, 0xF5, 0x16, 0xFF, 0xFF, 0x1E, 0xFF, 0xFF, 0x1E, 0x5D, 0x72,
    0x07, 0x04, 0x06, 0x00, 0xFF, 0xFF, 0x1E, 0xFF, 0xFF, 0x1E, 0xFF, 0xFF, 0x1E, 0x18, 0x1E, 0x01,
    0x49, 0x5A, 0x06, 0xFF, 0xFF, 0x1E, 0xFF, 0xFF, 0x1E, 0xDE, 0xFF, 0x18, 0x00, 0x00, 0x00, 0xFC,
    0xFF, 0x1C, 0xFF, 0xFF, 0x1E, 0xFF, 0xFF, 0x1E, 0x27, 0x30, 0x03, 0xDF, 0xD0, 0xF2, 0xAB, 0xF9,
    0xB1, 0xC3, 0x3F, 0x12, 0x0F, 0x14, 0x0B, 0x17, 0x0D, 0x12, 0x04, 0x0D, 0x0B, 0x0F, 0x08, 0x11,
    0x09, 0x0D, 0x03, 0xE9, 0xC8, 0xF0, 0xBE, 0xFA, 0xC2, 0xC6, 0x48, 0xDA, 0xCB, 0xF1, 0xA5, 0xF9,
    0xAD, 0xC2, 0x3D, 0x18, 0xE3, 0x1E, 0xFF, 0x1C, 0xFF, 0x00, 0x0F, 0x1E, 0xFF, 0x1E, 0xFF, 0x15,
    0xC9, 0x0C, 0x8D, 0x1E, 0xFF, 0x1E, 0xFF, 0x04, 0x3F, 0x1C, 0xFF, 0x1E, 0xFF, 0x18, 0xE3, 0x03,
    0x24, 0x1E, 0xFF, 0x1E, 0xFF, 0x13, 0xB7, 0xD7, 0xFF, 0x18, 0xFF, 0xFF, 0x1E, 0xFC, 0xFF, 0x1C,
    0x0D, 0x12, 0x00, 0xFF, 0xFF, 0x1E, 0xFF, 0xFF, 0x1E, 0xBE, 0xE6, 0x15, 0x85, 0xA2, 0x0C, 0xFF,
    0xFF, 0x1E, 0xFF, 0xFF, 0x1E, 0x3A, 0x48, 0x04, 0xFC, 0xFF, 0x1C, 0xFF, 0xFF, 0x1E, 0xD7, 0xFF,
    0x18, 0x22, 0x2A, 0x03, 0xFF, 0xFF, 0x1E, 0xFF, 0xFF, 0x1E, 0xAD, 0xD2, 0x13, 0xBA, 0xFF, 0xFF,
    0xFF, 0x19, 0xBC, 0x18, 0x18, 0x18, 0x01, 0xBC, 0x00, 0x00, 0x00, 0x00, 0xBC, 0x00, 0x00, 0x00,
    0x00, 0xBC, 0x00, 0x00, 0x00, 0x00, 0xBC, 0x00, 0x00, 0x00, 0x00, 0xBC, 0x00, 0x00, 0x00, 0x00,
    0xBC, 0x00, 0x00, 0x00, 0x00, 0xBC, 0x00, 0x00, 0x00, 0x00, 0x8C, 0x00, 0x00, 0x00, 0x00, 0x0D,
    0x12, 0x12, 0x12, 0x00, 0xBC, 0xFF, 0xFF, 0xFF, 0x1E, 0xBC, 0xFF, 0xFF, 0xFF, 0x19, 0xBC, 0x00,
    0x00, 0x00, 0x00, 0xBC, 0x00, 0x00, 0x00, 0x00, 0xBC, 0x00, 0x00, 0x00, 0x00, 0xBC, 0x00, 0x00,
    0x00, 0x00, 0xBC, 0x00, 0x00, 0x00, 0x00, 0xBC, 0x00, 0x00, 0x00, 0x00, 0xBC, 0x00, 0x00, 0x00,
    0x00, 0xBC, 0x00, 0x00, 0x00, 0x00, 0x03, 0x00, 0x00, 0x00, 0x00, 0xF7, 0xFF, 0xFF, 0xF9, 0xE2,
    0xFF, 0x5C, 0x18, 0x17, 0x12, 0xFF, 0x4B, 0x00, 0x00, 0x00, 0xFF, 0x4B, 0x00, 0x00, 0x00, 0xFF,
    0x4B, 0x00, 0x00, 0x00, 0xFF, 0x4B, 0x00, 0x00, 0x00, 0xFF, 0x4B, 0x00, 0x00, 0x00, 0xFF, 0x4B,
    0x00, 0x00, 0x00, 0xFF, 0x4B, 0x00, 0x00, 0x00, 0xCC, 0x3B, 0x00, 0x00, 0x00, 0x10, 0x12, 0x12,
    0x11, 0x0D, 0xFF, 0xFF, 0xFF, 0xFF, 0xFF, 0xFF, 0xFF, 0xFF, 0xF8, 0xDA, 0xFF, 0x4B, 0x00, 0x00,
    0x00, 0xFF, 0x4B, 0x00, 0x00, 0x00, 0xFF, 0x4B, 0x00, 0x00, 0x00, 0xFF, 0x4B, 0x00, 0x00, 0x00,
    0xFF, 0x4B, 0x00, 0x00, 0x00, 0xFF, 0x4B, 0x00, 0x00, 0x00, 0xFF, 0x4B, 0x00, 0x00, 0x00, 0xFF,
    0x4B, 0x00, 0x00, 0x00, 0x05, 0x01, 0x00, 0x00, 0x00, 0x00, 0x5A, 0xFF, 0xFF, 0xFF, 0xFF, 0xF8,
    0x00, 0x06, 0x18, 0x18, 0x18, 0x33, 0xFF, 0x00, 0x00, 0x00, 0x00, 0x00, 0x1E, 0xFF, 0x00, 0x00,
    0x00, 0x00, 0x00, 0x1E, 0xFF, 0x00, 0x00, 0x00, 0x00, 0x00, 0x1E, 0xFF, 0x00, 0x00, 0x00, 0x00,
    0x00, 0x1E, 0xFF, 0x00, 0x00, 0x00, 0x00, 0x00, 0x1E, 0xFF, 0x00, 0x00, 0x00, 0x00, 0x00, 0x1E,
    0xFF, 0x00, 0x00, 0x00, 0x00, 0x00, 0x1E, 0xFF, 0x00, 0x00, 0x00, 0x00, 0x00, 0x13, 0xC0, 0x00,
    0x04, 0x12, 0x12, 0x12, 0x12, 0x0F, 0x00, 0x66, 0xFF, 0xFF, 0xFF, 0xFF, 0xFF, 0x00, 0x57, 0xFF,
    0xFF, 0xFF, 0xFF, 0xFF, 0x00, 0x00, 0x00, 0x00, 0x00, 0x1E, 0xFF, 0x00, 0x00, 0x00, 0x00, 0x00,
    0x1E, 0xFF, 0x00, 0x00, 0x00, 0x00, 0x00, 0x1E, 0xFF, 0x00, 0x00, 0x00, 0x00, 0x00, 0x1E, 0xFF,
    0x00, 0x00, 0x00, 0x00, 0x00, 0x1E, 0xFF, 0x00, 0x00, 0x00, 0x00, 0x00, 0x1E, 0xFF, 0x00, 0x00,
    0x00, 0x00, 0x00, 0x1E, 0xFF, 0x00, 0x00, 0x00, 0x00, 0x00, 0x1E, 0xFF, 0x00, 0x00, 0x00, 0x00,
    0x00, 0x00, 0x04, 0x00, 0xBA, 0xFF, 0xFF, 0xFF, 0xFF, 0xFF, 0x19, 0x00, 0x0C, 0x18, 0x18, 0x18,
    0xFF, 0xFF, 0x1E, 0x00, 0x00, 0x00, 0x00, 0x00, 0xFF, 0xFF, 0x1E, 0x00, 0x00, 0x00, 0x00, 0x00,
    0xFF, 0xFF, 0x1E, 0x00, 0x00, 0x00, 0x00, 0x00, 0xFF, 0xFF, 0x1E, 0x00, 0x00, 0x00, 0x00, 0x00,
    0xFF, 0xFF, 0x1E, 0x00, 0x00, 0x00, 0x00, 0x00, 0xFF, 0xFF, 0x1E, 0x00, 0x00, 0x00, 0x00, 0x00,
    0xFF, 0xFF, 0x1E, 0x00, 0x00, 0x00, 0x00, 0x00, 0xFF, 0xFF, 0x1E, 0x00, 0x00, 0x00, 0x00, 0x00,
    0xB5, 0xDC, 0x13, 0x00, 0x09, 0x12, 0x12, 0x12, 0x12, 0x12, 0x00, 0x00, 0xAF, 0xFF, 0xFF, 0xFF,
    0xFF, 0xFF, 0x1E, 0x00, 0xB4, 0xFF, 0xFF, 0xFF, 0xFF, 0xFF, 0x1E, 0x00, 0x00, 0x00, 0x00, 0x00,
    0xFF, 0xFF, 0x1E, 0x00, 0x00, 0x00, 0x00, 0x00, 0xFF, 0xFF, 0x1E, 0x00, 0x00, 0x00, 0x00, 0x00,
    0xFF, 0xFF, 0x1E, 0x00, 0x00, 0x00, 0x00, 0x00, 0xFF, 0xFF, 0x1E, 0x00, 0x00, 0x00, 0x00, 0x00,
    0xFF, 0xFF, 0x1E, 0x00, 0x00, 0x00, 0x00, 0x00, 0xFF, 0xFF, 0x1E, 0x00, 0x00, 0x00, 0x00, 0x00,
    0xFF, 0xFF, 0x1E, 0x00, 0x00, 0x00, 0x00, 0x00, 0xFF, 0xFF, 0x1E, 0x00, 0x00, 0x00, 0x00, 0x00,
    0x04, 0x06, 0x00, 0x7D, 0x00, 0x00, 0x00, 0x00, 0xBC, 0x00, 0x00, 0x00, 0x00, 0xBC, 0x00, 0x00,
    0x00, 0x00, 0xBC, 0x00, 0x00, 0x00, 0x00, 0xBC, 0x00, 0x00, 0x00, 0x00, 0xBC, 0x00, 0x00, 0x00,
    0x00, 0xBC, 0x00, 0x00, 0x00, 0x00, 0xBC, 0x00, 0x00, 0x00, 0x00, 0xBC, 0x00, 0x00, 0x00, 0x00,
    0xBC, 0xFF, 0xFF, 0xFF, 0x19, 0x11, 0x18, 0x18, 0x18, 0x01, 0x2D, 0x00, 0x00, 0x00, 0x00, 0xBC,
    0x00, 0x00, 0x00, 0x00, 0xBC, 0x00, 0x00, 0x00, 0x00, 0xBC, 0x00, 0x00, 0x00, 0x00, 0xBC, 0x00,
    0x00, 0x00, 0x00, 0xBC, 0x00, 0x00, 0x00, 0x00, 0xBC, 0x00, 0x00, 0x00, 0x00, 0xBC, 0x00, 0x00,
    0x00, 0x00, 0xBC, 0x12, 0x12, 0x12, 0x00, 0xBC, 0xFF, 0xFF, 0xFF, 0x1E, 0xBA, 0xFF, 0xFF, 0xFF,
    0x19, 0xA4, 0x2D, 0x00, 0x00, 0x00, 0xFF, 0x4B, 0x00, 0x00, 0x00, 0xFF, 0x4B, 0x00, 0x00, 0x00,
    0xFF, 0x4B, 0x00, 0x00, 0x00, 0xFF, 0x4B, 0x00, 0x00, 0x00, 0xFF, 0x4B, 0x00, 0x00, 0x00, 0xFF,
    0x4B, 0x00, 0x00, 0x00, 0xFF, 0x4B, 0x00, 0x00, 0x00, 0xFF, 0x4B, 0x00, 0x00, 0x00, 0xFF, 0xFF,
    0xFF, 0xF9, 0xE2, 0x16, 0x18, 0x18, 0x17, 0x12, 0x42, 0x12, 0x00, 0x00, 0x00, 0xFF, 0x4B, 0x00,
    0x00, 0x00, 0xFF, 0x4B, 0x00, 0x00, 0x00, 0xFF, 0x4B, 0x00, 0x00, 0x00, 0xFF, 0x4B, 0x00, 0x00,
    0x00, 0xFF, 0x4B, 0x00, 0x00, 0x00, 0xFF, 0x4B, 0x00, 0x00, 0x00, 0xFF, 0x4B, 0x00, 0x00, 0x00,
    0xFF, 0x58, 0x12, 0x11, 0x0D, 0xFF, 0xFF, 0xFF, 0xFF, 0xFF, 0xF4, 0xFF, 0xFF, 0xF8, 0xDA, 0x00,
    0x00, 0x00, 0x00, 0x00, 0x0F, 0xAC, 0x00, 0x00, 0x00, 0x00, 0x00, 0x1E, 0xFF, 0x00, 0x00, 0x00,
    0x00, 0x00, 0x1E, 0xFF, 0x00, 0x00, 0x00, 0x00, 0x00, 0x1E, 0xFF, 0x00, 0x00, 0x00, 0x00, 0x00,
    0x1E, 0xFF, 0x00, 0x00, 0x00, 0x00, 0x00, 0x1E, 0xFF, 0x00, 0x00, 0x00, 0x00, 0x00, 0x1E, 0xFF,
    0x00, 0x00, 0x00, 0x00, 0x00, 0x1E, 0xFF, 0x00, 0x00, 0x00, 0x00, 0x00, 0x1E, 0xFF, 0x00, 0x5A,
    0xFF, 0xFF, 0xFF, 0xFF, 0xFF, 0x00, 0x06, 0x18, 0x18, 0x18, 0x18, 0x15, 0x00, 0x00, 0x00, 0x00,
    0x00, 0x04, 0x3F, 0x00, 0x00, 0x00, 0x00, 0x00, 0x1E, 0xFF, 0x00, 0x00, 0x00, 0x00, 0x00, 0x1E,
    0xFF, 0x00, 0x00, 0x00, 0x00, 0x00, 0x1E, 0xFF, 0x00, 0x00, 0x00, 0x00, 0x00, 0x1E, 0xFF, 0x00,
    0x00, 0x00, 0x00, 0x00, 0x1E, 0xFF, 0x00, 0x00, 0x00, 0x00, 0x00, 0x1E, 0xFF, 0x00, 0x00, 0x00,
    0x00, 0x00, 0x1E, 0xFF, 0x00, 0x04, 0x12, 0x12, 0x12, 0x2E, 0xFF, 0x00, 0x66, 0xFF, 0xFF, 0xFF,
    0xFF, 0xFF, 0x00, 0x57, 0xFF, 0xFF, 0xFF, 0xFF, 0xF0, 0x00, 0x00, 0x00, 0x00, 0x00, 0xA3, 0xA5,
    0x0F, 0x00, 0x00, 0x00, 0x00, 0x00, 0xFF, 0xFF, 0x1E, 0x00, 0x00, 0x00, 0x00, 0x00, 0xFF, 0xFF,
    0x1E, 0x00, 0x00, 0x00, 0x00, 0x00, 0xFF, 0xFF, 0x1E, 0x00, 0x00, 0x00, 0x00, 0x00, 0xFF, 0xFF,
    0x1E, 0x00, 0x00, 0x00, 0x00, 0x00, 0xFF, 0xFF, 0x1E, 0x00, 0x00, 0x00, 0x00, 0x00, 0xFF, 0xFF,
    0x1E, 0x00, 0x00, 0x00, 0x00, 0x00, 0xFF, 0xFF, 0x1E, 0x00, 0x00, 0x00, 0x00, 0x00, 0xFF, 0xFF,
    0x1E, 0x00, 0xBA, 0xFF, 0xFF, 0xFF, 0xFF, 0xFF, 0x1E, 0x00, 0x0C, 0x18, 0x18, 0x18, 0x18, 0x18,
    0x01, 0x00, 0x00, 0x00, 0x00, 0x00, 0x3A, 0x48, 0x04, 0x00, 0x00, 0x00, 0x00, 0x00, 0xFF, 0xFF,
    0x1E, 0x00, 0x00, 0x00, 0x00, 0x00, 0xFF, 0xFF, 0x1E, 0x00, 0x00, 0x00, 0x00, 0x00, 0xFF, 0xFF,
    0x1E, 0x00, 0x00, 0x00, 0x00, 0x00, 0xFF, 0xFF, 0x1E, 0x00, 0x00, 0x00, 0x00, 0x00, 0xFF, 0xFF,
    0x1E, 0x00, 0x00, 0x00, 0x00, 0x00, 0xFF, 0xFF, 0x1E, 0x00, 0x00, 0x00, 0x00, 0x00, 0xFF, 0xFF,
    0x1E, 0x00, 0x09, 0x12, 0x12, 0x12, 0xFF, 0xFF, 0x1E, 0x00, 0xAF, 0xFF, 0xFF, 0xFF, 0xFF, 0xFF,
    0x1E, 0x00, 0xB4, 0xFF, 0xFF, 0xFF, 0xFF, 0xFF, 0x19, 0x3D, 0x00, 0x00, 0x00, 0x00, 0xBC, 0x00,
    0x00, 0x00, 0x00, 0xBC, 0x00, 0x00, 0x00, 0x00, 0xBC, 0x00, 0x00, 0x00, 0x00, 0xBC, 0x00, 0x00,
    0x00, 0x00, 0xBC, 0x00, 0x00, 0x00, 0x00, 0xBC, 0x00, 0x00, 0x00, 0x00, 0xBC, 0x00, 0x00, 0x00,
    0x00, 0xBC, 0x00, 0x00, 0x00, 0x00, 0xBC, 0xC8, 0xC8, 0xC8, 0x12, 0xBC, 0x7E, 0x7E, 0x7E, 0x09,
    0xBC, 0x00, 0x00, 0x00, 0x00, 0xBC, 0x00, 0x00, 0x00, 0x00, 0xBC, 0x00, 0x00, 0x00, 0x00, 0xBC,
    0x00, 0x00, 0x00, 0x00, 0xBC, 0x00, 0x00, 0x00, 0x00, 0xBC, 0x00, 0x00, 0x00, 0x00, 0xBC, 0x00,
    0x00, 0x00, 0x00, 0xBB, 0x00, 0x00, 0x00, 0x00, 0x3D, 0x00, 0x00, 0x00, 0x00, 0xBC, 0x00, 0x00,
    0x00, 0x00, 0xBC, 0x00, 0x00, 0x00, 0x00, 0xBC, 0x00, 0x00, 0x00, 0x00, 0xBC, 0x00, 0x00, 0x00,
    0x00, 0xBC, 0x00, 0x00, 0x00, 0x00, 0xBC, 0x00, 0x00, 0x00, 0x00, 0xBC, 0x00, 0x00, 0x00, 0x00,
    0xBC, 0x24, 0x24, 0x24, 0x01, 0xBC, 0xFF, 0xFF, 0xFF, 0x1E, 0xBC, 0xFF, 0xFF, 0xFF, 0x16, 0xBC,
    0x00, 0x00, 0x00, 0x00, 0xBC, 0x00, 0x00, 0x00, 0x00, 0xBC, 0x00, 0x00, 0x00, 0x00, 0xBC, 0x00,
    0x00, 0x00, 0x00, 0xBC, 0x00, 0x00, 0x00, 0x00, 0xBC, 0x00, 0x00, 0x00, 0x00, 0xBC, 0x00, 0x00,
    0x00, 0x00, 0xBB, 0x00, 0x00, 0x00, 0x00, 0xA4, 0x2D, 0x00, 0x00, 0x00, 0xFF, 0x4B, 0x00, 0x00,
    0x00, 0xFF, 0x4B, 0x00, 0x00, 0x00, 0xFF, 0x4B, 0x00, 0x00, 0x00, 0xFF, 0x4B, 0x00, 0x00, 0x00,
    0xFF, 0x4B, 0x00, 0x00, 0x00, 0xFF, 0x4B, 0x00, 0x00, 0x00, 0xFF, 0x4B, 0x00, 0x00, 0x00, 0xFF,
    0x4B, 0x00, 0x00, 0x00, 0xFF, 0xFF, 0xFF, 0xF9, 0xE2, 0xB2, 0x3C, 0x18, 0x17, 0x12, 0xAA, 0x27,
    0x00, 0x00, 0x00, 0xAA, 0x27, 0x00, 0x00, 0x00, 0xAA, 0x27, 0x00, 0x00, 0x00, 0xAA, 0x27, 0x00,
    0x00, 0x00, 0xAA, 0x27, 0x00, 0x00, 0x00, 0xAA, 0x27, 0x00, 0x00, 0x00, 0xAA, 0x27, 0x00, 0x00,
    0x00, 0x84, 0x20, 0x00, 0x00, 0x00, 0x30, 0x0C, 0x00, 0x00, 0x00, 0xAA, 0x27, 0x00, 0x00, 0x00,
    0xAA, 0x27, 0x00, 0x00, 0x00, 0xAA, 0x27, 0x00, 0x00, 0x00, 0xAA, 0x27, 0x00, 0x00, 0x00, 0xAA,
    0x27, 0x00, 0x00, 0x00, 0xAA, 0x27, 0x00, 0x00, 0x00, 0xAA, 0x27, 0x00, 0x00, 0x00, 0xAA, 0x27,
    0x00, 0x00, 0x00, 0xEB, 0xD3, 0xC8, 0xC6, 0xBE, 0xFF, 0xA7, 0x7E, 0x79, 0x63, 0xFF, 0x4B, 0x00,
    0x00, 0x00, 0xFF, 0x4B, 0x00, 0x00, 0x00, 0xFF, 0x4B, 0x00, 0x00, 0x00, 0xFF, 0x4B, 0x00, 0x00,
    0x00, 0xFF, 0x4B, 0x00, 0x00, 0x00, 0xFF, 0x4B, 0x00, 0x00, 0x00, 0xFF, 0x4B, 0x00, 0x00, 0x00,
    0xFE, 0x49, 0x00, 0x00, 0x00, 0x59, 0x19, 0x00, 0x00, 0x00, 0xFF, 0x4B, 0x00, 0x00, 0x00, 0xFF,
    0x4B, 0x00, 0x00, 0x00, 0xFF, 0x4B, 0x00, 0x00, 0x00, 0xFF, 0x4B, 0x00, 0x00, 0x00, 0xFF, 0x4B,
    0x00, 0x00, 0x00, 0xFF, 0x4B, 0x00, 0x00, 0x00, 0xFF, 0x4B, 0x00, 0x00, 0x00, 0xFF, 0x4B, 0x00,
    0x00, 0x00, 0xFF, 0xD9, 0xC8, 0xC6, 0xBE, 0xFF, 0xA7, 0x7E, 0x79, 0x63, 0xFF, 0x4B, 0x00, 0x00,
    0x00, 0xFF, 0x4B, 0x00, 0x00, 0x00, 0xFF, 0x4B, 0x00, 0x00, 0x00, 0xFF, 0x4B, 0x00, 0x00, 0x00,
    0xFF, 0x4B, 0x00, 0x00, 0x00, 0xFF, 0x4B, 0x00, 0x00, 0x00, 0xFF, 0x4B, 0x00, 0x00, 0x00, 0xFE,
    0x49, 0x00, 0x00, 0x00, 0x42, 0x12, 0x00, 0x00, 0x00, 0xFF, 0x4B, 0x00, 0x00, 0x00, 0xFF, 0x4B,
    0x00, 0x00, 0x00, 0xFF, 0x4B, 0x00, 0x00, 0x00, 0xFF, 0x4B, 0x00, 0x00, 0x00, 0xFF, 0x4B, 0x00,
    0x00, 0x00, 0xFF, 0x4B, 0x00, 0x00, 0x00, 0xFF, 0x4B, 0x00, 0x00, 0x00, 0xFF, 0x58, 0x12, 0x11,
    0x0D, 0xFF, 0xFF, 0xFF, 0xFF, 0xFF, 0xFA, 0xFF, 0xFF, 0xF8, 0xDA, 0xAA, 0x27, 0x00, 0x00, 0x00,
    0xAA, 0x27, 0x00, 0x00, 0x00, 0xAA, 0x27, 0x00, 0x00, 0x00, 0xAA, 0x27, 0x00, 0x00, 0x00, 0xAA,
    0x27, 0x00, 0x00, 0x00, 0xAA, 0x27, 0x00, 0x00, 0x00, 0xAA, 0x27, 0x00, 0x00, 0x00, 0xAA, 0x27,
    0x00, 0x00, 0x00, 0x02, 0x01, 0x00, 0x00, 0x00, 0x30, 0x0C, 0x00, 0x00, 0x00, 0xAA, 0x27, 0x00,
    0x00, 0x00, 0xAA, 0x27, 0x00, 0x00, 0x00, 0xAA, 0x27, 0x00, 0x00, 0x00, 0xAA, 0x27, 0x00, 0x00,
    0x00, 0xAA, 0x27, 0x00, 0x00, 0x00, 0xAA, 0x27, 0x00, 0x00, 0x00, 0xAA, 0x27, 0x00, 0x00, 0x00,
    0xB9, 0x4B, 0x2A, 0x28, 0x21, 0xFF, 0xFF, 0xFF, 0xFF, 0xFF, 0xFF, 0xFF, 0xFF, 0xF4, 0xCA, 0xFF,
    0x4B, 0x00, 0x00, 0x00, 0xFF, 0x4B, 0x00, 0x00, 0x00, 0xFF, 0x4B, 0x00, 0x00, 0x00, 0xFF, 0x4B,
    0x00, 0x00, 0x00, 0xFF, 0x4B, 0x00, 0x00, 0x00, 0xFF, 0x4B, 0x00, 0x00, 0x00, 0xFF, 0x4B, 0x00,
    0x00, 0x00, 0xFE, 0x49, 0x00, 0x00, 0x00, 0x59, 0x19, 0x00, 0x00, 0x00, 0xFF, 0x4B, 0x00, 0x00,
    0x00, 0xFF, 0x4B, 0x00, 0x00, 0x00, 0xFF, 0x4B, 0x00, 0x00, 0x00, 0xFF, 0x4B, 0x00, 0x00, 0x00,
    0xFF, 0x4B, 0x00, 0x00, 0x00, 0xFF, 0x4B, 0x00, 0x00, 0x00, 0xFF, 0x4B, 0x00, 0x00, 0x00, 0xFF,
    0x65, 0x24, 0x22, 0x1C, 0xFF, 0xFF, 0xFF, 0xFF, 0xFF, 0xFF, 0xFF, 0xFF, 0xF4, 0xCA, 0xFF, 0x4B,
    0x00, 0x00, 0x00, 0xFF, 0x4B, 0x00, 0x00, 0x00, 0xFF, 0x4B, 0x00, 0x00, 0x00, 0xFF, 0x4B, 0x00,
    0x00, 0x00, 0xFF, 0x4B, 0x00, 0x00, 0x00, 0xFF, 0x4B, 0x00, 0x00, 0x00, 0xFF, 0x4B, 0x00, 0x00,
    0x00, 0xFE, 0x49, 0x00, 0x00, 0x00, 0x00, 0x00, 0x00, 0x00, 0x00, 0x07, 0x54, 0x00, 0x00, 0x00,
    0x00, 0x00, 0x1E, 0xFF, 0x00, 0x00, 0x00, 0x00, 0x00, 0x1E, 0xFF, 0x00, 0x00, 0x00, 0x00, 0x00,
    0x1E, 0xFF, 0x00, 0x00, 0x00, 0x00, 0x00, 0x1E, 0xFF, 0x00, 0x00, 0x00, 0x00, 0x00, 0x1E, 0xFF,
    0x00, 0x00, 0x00, 0x00, 0x00, 0x1E, 0xFF, 0x00, 0x00, 0x00, 0x00, 0x00, 0x1E, 0xFF, 0x00, 0x00,
    0x00, 0x00, 0x00, 0x1E, 0xFF, 0x00, 0x3F, 0xC8, 0xC8, 0xC8, 0xD0, 0xFF, 0x00, 0x21, 0x7E, 0x7E,
    0x7E, 0x91, 0xFF, 0x00, 0x00, 0x00, 0x00, 0x00, 0x1E, 0xFF, 0x00, 0x00, 0x00, 0x00, 0x00, 0x1E,
    0xFF, 0x00, 0x00, 0x00, 0x00, 0x00, 0x1E, 0xFF, 0x00, 0x00, 0x00, 0x00, 0x00, 0x1E, 0xFF, 0x00,
    0x00, 0x00, 0x00, 0x00, 0x1E, 0xFF, 0x00, 0x00, 0x00, 0x00, 0x00, 0x1E, 0xFF, 0x00, 0x00, 0x00,
    0x00, 0x00, 0x1E, 0xFF, 0x00, 0x00, 0x00, 0x00, 0x00, 0x1C, 0xFF, 0x00, 0x00, 0x00, 0x00, 0x00,
    0x07, 0x54, 0x00, 0x00, 0x00, 0x00, 0x00, 0x1E, 0xFF, 0x00, 0x00, 0x00, 0x00, 0x00, 0x1E, 0xFF,
    0x00, 0x00, 0x00, 0x00, 0x00, 0x1E, 0xFF, 0x00, 0x00, 0x00, 0x00, 0x00, 0x1E, 0xFF, 0x00, 0x00,
    0x00, 0x00, 0x00, 0x1E, 0xFF, 0x00, 0x00, 0x00, 0x00, 0x00, 0x1E, 0xFF, 0x00, 0x00, 0x00, 0x00,
    0x00, 0x1E, 0xFF, 0x00, 0x09, 0x24, 0x24, 0x24, 0x3F, 0xFF, 0x00, 0x66, 0xFF, 0xFF, 0xFF, 0xFF,
    0xFF, 0x00, 0x51, 0xFF, 0xFF, 0xFF, 0xFF, 0xFF, 0x00, 0x00, 0x00, 0x00, 0x00, 0x1E, 0xFF, 0x00,
    0x00, 0x00, 0x00, 0x00, 0x1E, 0xFF, 0x00, 0x00, 0x00, 0x00, 0x00, 0x1E, 0xFF, 0x00, 0x00, 0x00,
    0x00, 0x00, 0x1E, 0xFF, 0x00, 0x00, 0x00, 0x00, 0x00, 0x1E, 0xFF, 0x00, 0x00, 0x00, 0x00, 0x00,
    0x1E, 0xFF, 0x00, 0x00, 0x00, 0x00, 0x00, 0x1E, 0xFF, 0x00, 0x00, 0x00, 0x00, 0x00, 0x1C, 0xFF,
    0x00, 0x00, 0x00, 0x00, 0x00, 0xA3, 0xA5, 0x0F, 0x00, 0x00, 0x00, 0x00, 0x00, 0xFF, 0xFF, 0x1E,
    0x00, 0x00, 0x00, 0x00, 0x00, 0xFF, 0xFF, 0x1E, 0x00, 0x00, 0x00, 0x00, 0x00, 0xFF, 0xFF, 0x1E,
    0x00, 0x00, 0x00, 0x00, 0x00, 0xFF, 0xFF, 0x1E, 0x00, 0x00, 0x00, 0x00, 0x00, 0xFF, 0xFF, 0x1E,
    0x00, 0x00, 0x00, 0x00, 0x00, 0xFF, 0xFF, 0x1E, 0x00, 0x00, 0x00, 0x00, 0x00, 0xFF, 0xFF, 0x1E,
    0x00, 0x00, 0x00, 0x00, 0x00, 0xFF, 0xFF, 0x1E, 0x00, 0xBA, 0xFF, 0xFF, 0xFF, 0xFF, 0xFF, 0x1E,
    0x00, 0x0C, 0x18, 0x18, 0x18, 0x93, 0xCA, 0x01, 0x00, 0x00, 0x00, 0x00, 0x00, 0x84, 0xC3, 0x00,
    0x00, 0x00, 0x00, 0x00, 0x00, 0x84, 0xC3, 0x00, 0x00, 0x00, 0x00, 0x00, 0x00, 0x84, 0xC3, 0x00,
    0x00, 0x00, 0x00, 0x00, 0x00, 0x84, 0xC3, 0x00, 0x00, 0x00, 0x00, 0x00, 0x00, 0x84, 0xC3, 0x00,
    0x00, 0x00, 0x00, 0x00, 0x00, 0x84, 0xC3, 0x00, 0x00, 0x00, 0x00, 0x00, 0x00, 0x84, 0xC3, 0x00,
    0x00, 0x00, 0x00, 0x00, 0x00, 0x5A, 0xA0, 0x00, 0x00, 0x00, 0x00, 0x00, 0x00, 0x43, 0x78, 0x00,
    0x00, 0x00, 0x00, 0x00, 0x00, 0x84, 0xC3, 0x00, 0x00, 0x00, 0x00, 0x00, 0x00, 0x84, 0xC3, 0x00,
    0x00, 0x00, 0x00, 0x00, 0x00, 0x84, 0xC3, 0x00, 0x00, 0x00, 0x00, 0x00, 0x00, 0x84, 0xC3, 0x00,
    0x00, 0x00, 0x00, 0x00, 0x00, 0x84, 0xC3, 0x00, 0x00, 0x00, 0x00, 0x00, 0x00, 0x84, 0xC3, 0x00,
    0x00, 0x00, 0x00, 0x00, 0x00, 0x84, 0xC3, 0x00, 0x00, 0x00, 0x00, 0x00, 0x00, 0x84, 0xC3, 0x00,
    0x00, 0xBA, 0xFF, 0xFF, 0xFF, 0xFF, 0xFF, 0x19, 0x00, 0x0C, 0x18, 0x18, 0x18, 0xFF, 0xFF, 0x1E,
    0x00, 0x00, 0x00, 0x00, 0x00, 0xFF, 0xFF, 0x1E, 0x00, 0x00, 0x00, 0x00, 0x00, 0xFF, 0xFF, 0x1E,
    0x00, 0x00, 0x00, 0x00, 0x00, 0xFF, 0xFF, 0x1E, 0x00, 0x00, 0x00, 0x00, 0x00, 0xFF, 0xFF, 0x1E,
    0x00, 0x00, 0x00, 0x00, 0x00, 0xFF, 0xFF, 0x1E, 0x00, 0x00, 0x00, 0x00, 0x00, 0xFF, 0xFF, 0x1E,
    0x00, 0x00, 0x00, 0x00, 0x00, 0xFF, 0xFF, 0x1E, 0x00, 0x00, 0x00, 0x00, 0x00, 0xB5, 0xDC, 0x13,
    0x00, 0x00, 0x00, 0x00, 0x00, 0x4F, 0x60, 0x07, 0x00, 0x00, 0x00, 0x00, 0x00, 0xFF, 0xFF, 0x1E,
    0x00, 0x00, 0x00, 0x00, 0x00, 0xFF, 0xFF, 0x1E, 0x00, 0x00, 0x00, 0x00, 0x00, 0xFF, 0xFF, 0x1E,
    0x00, 0x00, 0x00, 0x00, 0x00, 0xFF, 0xFF, 0x1E, 0x00, 0x00, 0x00, 0x00, 0x00, 0xFF, 0xFF, 0x1E,
    0x00, 0x00, 0x00, 0x00, 0x00, 0xFF, 0xFF, 0x1E, 0x00, 0x00, 0x00, 0x00, 0x00, 0xFF, 0xFF, 0x1E,
    0x00, 0x00, 0x00, 0x00, 0x00, 0xFF, 0xFF, 0x1E, 0x00, 0x82, 0xC8, 0xC8, 0xC8, 0xFF, 0xFF, 0x1E,
    0x00, 0x43, 0x7E, 0x7E, 0x7E, 0xFF, 0xFF, 0x1E, 0x00, 0x00, 0x00, 0x00, 0x00, 0xFF, 0xFF, 0x1E,
    0x00, 0x00, 0x00, 0x00, 0x00, 0xFF, 0xFF, 0x1E, 0x00, 0x00, 0x00, 0x00, 0x00, 0xFF, 0xFF, 0x1E,
    0x00, 0x00, 0x00, 0x00, 0x00, 0xFF, 0xFF, 0x1E, 0x00, 0x00, 0x00, 0x00, 0x00, 0xFF, 0xFF, 0x1E,
    0x00, 0x00, 0x00, 0x00, 0x00, 0xFF, 0xFF, 0x1E, 0x00, 0x00, 0x00, 0x00, 0x00, 0xFF, 0xFF, 0x1E,
    0x00, 0x00, 0x00, 0x00, 0x00, 0xFC, 0xFF, 0x1C, 0x00, 0x00, 0x00, 0x00, 0x00, 0x1C, 0x24, 0x01,
    0x00, 0x00, 0x00, 0x00, 0x00, 0xFF, 0xFF, 0x1E, 0x00, 0x00, 0x00, 0x00, 0x00, 0xFF, 0xFF, 0x1E,
    0x00, 0x00, 0x00, 0x00, 0x00, 0xFF, 0xFF, 0x1E, 0x00, 0x00, 0x00, 0x00, 0x00, 0xFF, 0xFF, 0x1E,
    0x00, 0x00, 0x00, 0x00, 0x00, 0xFF, 0xFF, 0x1E, 0x00, 0x00, 0x00, 0x00, 0x00, 0xFF, 0xFF, 0x1E,
    0x00, 0x00, 0x00, 0x00, 0x00, 0xFF, 0xFF, 0x1E, 0x00, 0x00, 0x00, 0x00, 0x00, 0xFF, 0xFF, 0x1E,
    0x00, 0xA6, 0xFF, 0xFF, 0xFF, 0xFF, 0xFF, 0x1E, 0x00, 0xA6, 0xFF, 0xFF, 0xFF, 0xFF, 0xFF, 0x1C,
    0x00, 0x00, 0x00, 0x00, 0x00, 0x84, 0xC3, 0x00, 0x00, 0x00, 0x00, 0x00, 0x00, 0x84, 0xC3, 0x00,
    0x00, 0x00, 0x00, 0x00, 0x00, 0x84, 0xC3, 0x00, 0x00, 0x00, 0x00, 0x00, 0x00, 0x84, 0xC3, 0x00,
    0x00, 0x00, 0x00, 0x00, 0x00, 0x84, 0xC3, 0x00, 0x00, 0x00, 0x00, 0x00, 0x00, 0x84, 0xC3, 0x00,
    0x00, 0x00, 0x00, 0x00, 0x00, 0x84, 0xC3, 0x00, 0x00, 0x00, 0x00, 0x00, 0x00, 0x84, 0xC3, 0x00,
    0x00, 0x00, 0x00, 0x00, 0x00, 0x0D, 0x19, 0x00, 0x00, 0x00, 0x00, 0x00, 0x00, 0x18, 0x2B, 0x00,
    0x00, 0x00, 0x00, 0x00, 0x00, 0x84, 0xC3, 0x00, 0x00, 0x00, 0x00, 0x00, 0x00, 0x84, 0xC3, 0x00,
    0x00, 0x00, 0x00, 0x00, 0x00, 0x84, 0xC3, 0x00, 0x00, 0x00, 0x00, 0x00, 0x00, 0x84, 0xC3, 0x00,
    0x00, 0x00, 0x00, 0x00, 0x00, 0x84, 0xC3, 0x00, 0x00, 0x00, 0x00, 0x00, 0x00, 0x84, 0xC3, 0x00,
    0x00, 0x00, 0x00, 0x00, 0x00, 0x84, 0xC3, 0x00, 0x00, 0x09, 0x12, 0x12, 0x12, 0x8E, 0xC8, 0x00,
    0x00, 0xAF, 0xFF, 0xFF, 0xFF, 0xFF, 0xFF, 0x1E, 0x00, 0xB4, 0xFF, 0xFF, 0xFF, 0xFF, 0xFF, 0x1E,
    0x00, 0x00, 0x00, 0x00, 0x00, 0xFF, 0xFF, 0x1E, 0x00, 0x00, 0x00, 0x00, 0x00, 0xFF, 0xFF, 0x1E,
    0x00, 0x00, 0x00, 0x00, 0x00, 0xFF, 0xFF, 0x1E, 0x00, 0x00, 0x00, 0x00, 0x00, 0xFF, 0xFF, 0x1E,
    0x00, 0x00, 0x00, 0x00, 0x00, 0xFF, 0xFF, 0x1E, 0x00, 0x00, 0x00, 0x00, 0x00, 0xFF, 0xFF, 0x1E,
    0x00, 0x00, 0x00, 0x00, 0x00, 0xFF, 0xFF, 0x1E, 0x00, 0x00, 0x00, 0x00, 0x00, 0xFF, 0xFF, 0x1E,
    0x00, 0x00, 0x00, 0x00, 0x00, 0x04, 0x06, 0x00, 0x00, 0x00, 0x00, 0x00, 0x00, 0x4F, 0x60, 0x07,
    0x00, 0x00, 0x00, 0x00, 0x00, 0xFF, 0xFF, 0x1E, 0x00, 0x00, 0x00, 0x00, 0x00, 0xFF, 0xFF, 0x1E,
    0x00, 0x00, 0x00, 0x00, 0x00, 0xFF, 0xFF, 0x1E, 0x00, 0x00, 0x00, 0x00, 0x00, 0xFF, 0xFF, 0x1E,
    0x00, 0x00, 0x00, 0x00, 0x00, 0xFF, 0xFF, 0x1E, 0x00, 0x00, 0x00, 0x00, 0x00, 0xFF, 0xFF, 0x1E,
    0x00, 0x00, 0x00, 0x00, 0x00, 0xFF, 0xFF, 0x1E, 0x00, 0x13, 0x24, 0x24, 0x24, 0xFF, 0xFF, 0x1E,
    0x00, 0xAF, 0xFF, 0xFF, 0xFF, 0xFF, 0xFF, 0x1E, 0x00, 0xA6, 0xFF, 0xFF, 0xFF, 0xFF, 0xFF, 0x1E,
    0x00, 0x00, 0x00, 0x00, 0x00, 0xFF, 0xFF, 0x1E, 0x00, 0x00, 0x00, 0x00, 0x00, 0xFF, 0xFF, 0x1E,
    0x00, 0x00, 0x00, 0x00, 0x00, 0xFF, 0xFF, 0x1E, 0x00, 0x00, 0x00, 0x00, 0x00, 0xFF, 0xFF, 0x1E,
    0x00, 0x00, 0x00, 0x00, 0x00, 0xFF, 0xFF, 0x1E, 0x00, 0x00, 0x00, 0x00, 0x00, 0xFF, 0xFF, 0x1E,
    0x00, 0x00, 0x00, 0x00, 0x00, 0xFF, 0xFF, 0x1E, 0x00, 0x00, 0x00, 0x00, 0x00, 0xFC, 0xFF, 0x1C,
    0x63, 0xFF, 0xFF, 0xFF, 0xFF, 0xFF, 0xFF, 0xFF, 0x06, 0x18, 0x18, 0x57, 0xC3, 0x18, 0x18, 0x15,
    0x00, 0x00, 0x00, 0x44, 0xBB, 0x00, 0x00, 0x00, 0x00, 0x00, 0x00, 0x44, 0xBB, 0x00, 0x00, 0x00,
    0x00, 0x00, 0x00, 0x44, 0xBB, 0x00, 0x00, 0x00, 0x00, 0x00, 0x00, 0x44, 0xBB, 0x00, 0x00, 0x00,
    0x00, 0x00, 0x00, 0x44, 0xBB, 0x00, 0x00, 0x00, 0x00, 0x00, 0x00, 0x44, 0xBB, 0x00, 0x00, 0x00,
    0x00, 0x00, 0x00, 0x44, 0xBB, 0x00, 0x00, 0x00, 0x00, 0x00, 0x00, 0x2E, 0x9A, 0x00, 0x00, 0x00,
    0x03, 0x12, 0x12, 0x11, 0x04, 0x00, 0x00, 0x00, 0x48, 0xFF, 0xFF, 0xFF, 0xCB, 0xB9, 0xB9, 0x13,
    0x3E, 0xFF, 0xFF, 0xFF, 0xAC, 0x90, 0x90, 0x0D, 0x00, 0x00, 0x00, 0x52, 0x40, 0x00, 0x00, 0x00,
    0x00, 0x00, 0x00, 0x52, 0x40, 0x00, 0x00, 0x00, 0x00, 0x00, 0x00, 0x52, 0x40, 0x00, 0x00, 0x00,
    0x00, 0x00, 0x00, 0x52, 0x40, 0x00, 0x00, 0x00, 0x00, 0x00, 0x00, 0x52, 0x40, 0x00, 0x00, 0x00,
    0x00, 0x00, 0x00, 0x52, 0x40, 0x00, 0x00, 0x00, 0x00, 0x00, 0x00, 0x52, 0x40, 0x00, 0x00, 0x00,
    0x00, 0x00, 0x00, 0x52, 0x40, 0x00, 0x00, 0x00, 0x00, 0x00, 0x00, 0x01, 0x01, 0x00, 0x00, 0x00,
    0x00, 0x00, 0x00, 0x02, 0x12, 0x12, 0x12, 0x10, 0x40, 0xB9, 0xB9, 0xD2, 0xFF, 0xFF, 0xFF, 0xFF,
    0x29, 0x90, 0x90, 0xA2, 0xFF, 0xFF, 0xFF, 0xFC, 0x00, 0x00, 0x00, 0x49, 0xBB, 0x00, 0x00, 0x00,
    0x00, 0x00, 0x00, 0x49, 0xBB, 0x00, 0x00, 0x00, 0x00, 0x00, 0x00, 0x49, 0xBB, 0x00, 0x00, 0x00,
    0x00, 0x00, 0x00, 0x49, 0xBB, 0x00, 0x00, 0x00, 0x00, 0x00, 0x00, 0x49, 0xBB, 0x00, 0x00, 0x00,
    0x00, 0x00, 0x00, 0x49, 0xBB, 0x00, 0x00, 0x00, 0x00, 0x00, 0x00, 0x49, 0xBB, 0x00, 0x00, 0x00,
    0x00, 0x00, 0x00, 0x49, 0xBB, 0x00, 0x00, 0x00, 0x00, 0x00, 0x00, 0x00, 0x02, 0x00, 0x00, 0x00,
    0x05, 0x12, 0x12, 0x12, 0x12, 0x12, 0x12, 0x10, 0x6F, 0xFF, 0xFF, 0xFF, 0xFF, 0xFF, 0xFF, 0xFF,
    0x5F, 0xFF, 0xFF, 0xFF, 0xFF, 0xFF, 0xFF, 0xFC, 0x00, 0x00, 0x00, 0x44, 0xBB, 0x00, 0x00, 0x00,
    0x00, 0x00, 0x00, 0x44, 0xBB, 0x00, 0x00, 0x00, 0x00, 0x00, 0x00, 0x44, 0xBB, 0x00, 0x00, 0x00,
    0x00, 0x00, 0x00, 0x44, 0xBB, 0x00, 0x00, 0x00, 0x00, 0x00, 0x00, 0x44, 0xBB, 0x00, 0x00, 0x00,
    0x00, 0x00, 0x00, 0x44, 0xBB, 0x00, 0x00, 0x00, 0x00, 0x00, 0x00, 0x44, 0xBB, 0x00, 0x00, 0x00,
    0x00, 0x00, 0x00, 0x44, 0xBB, 0x00, 0x00, 0x00, 0x00, 0x00, 0x00, 0x00, 0x02, 0x00, 0x00, 0x00,
    0x63, 0xFF, 0xFF, 0xFF, 0xFF, 0xFF, 0xFF, 0xFF, 0x06, 0x18, 0x18, 0xBF, 0xE1, 0x38, 0x18, 0x15,
    0x00, 0x00, 0x00, 0xB7, 0xDE, 0x22, 0x00, 0x00, 0x00, 0x00, 0x00, 0xB7, 0xDE, 0x22, 0x00, 0x00,
    0x00, 0x00, 0x00, 0xB7, 0xDE, 0x22, 0x00, 0x00, 0x00, 0x00, 0x00, 0xB7, 0xDE, 0x22, 0x00, 0x00,
    0x00, 0x00, 0x00, 0xB7, 0xDE, 0x22, 0x00, 0x00, 0x00, 0x00, 0x00, 0xB7, 0xDE, 0x22, 0x00, 0x00,
    0x00, 0x00, 0x00, 0xB7, 0xDE, 0x22, 0x00, 0x00, 0x00, 0x00, 0x00, 0x96, 0xBD, 0x17, 0x00, 0x00,
    0x06, 0x12, 0x12, 0x12, 0x0F, 0x00, 0x00, 0x00, 0x78, 0xFF, 0xFF, 0xFF, 0xF4, 0xBD, 0xB9, 0xAF,
    0x7C, 0xFF, 0xFF, 0xFF, 0xEE, 0x98, 0x90, 0x72, 0x00, 0x00, 0x00, 0xCF, 0xD5, 0x0D, 0x00, 0x00,
    0x00, 0x00, 0x00, 0xCF, 0xD5, 0x0D, 0x00, 0x00, 0x00, 0x00, 0x00, 0xCF, 0xD5, 0x0D, 0x00, 0x00,
    0x00, 0x00, 0x00, 0xCF, 0xD5, 0x0D, 0x00, 0x00, 0x00, 0x00, 0x00, 0xCF, 0xD5, 0x0D, 0x00, 0x00,
    0x00, 0x00, 0x00, 0xCF, 0xD5, 0x0D, 0x00, 0x00, 0x00, 0x00, 0x00, 0xCF, 0xD5, 0x0D, 0x00, 0x00,
    0x00, 0x00, 0x00, 0xCF, 0xD5, 0x0D, 0x00, 0x00, 0x00, 0x00, 0x00, 0x03, 0x05, 0x00, 0x00, 0x00,
    0x00, 0x00, 0x00, 0x0B, 0x12, 0x12, 0x12, 0x0D, 0x53, 0xB9, 0xB9, 0xF2, 0xFF, 0xFF, 0xFF, 0xFF,
    0x36, 0x90, 0x90, 0xEA, 0xFF, 0xFF, 0xFF, 0xDA, 0x00, 0x00, 0x00, 0xCF, 0xD5, 0x0D, 0x00, 0x00,
    0x00, 0x00, 0x00, 0xCF, 0xD5, 0x0D, 0x00, 0x00, 0x00, 0x00, 0x00, 0xCF, 0xD5, 0x0D, 0x00, 0x00,
    0x00, 0x00, 0x00, 0xCF, 0xD5, 0x0D, 0x00, 0x00, 0x00, 0x00, 0x00, 0xCF, 0xD5, 0x0D, 0x00, 0x00,
    0x00, 0x00, 0x00, 0xCF, 0xD5, 0x0D, 0x00, 0x00, 0x00, 0x00, 0x00, 0xCF, 0xD5, 0x0D, 0x00, 0x00,
    0x00, 0x00, 0x00, 0xCF, 0xD5, 0x0D, 0x00, 0x00, 0x00, 0x00, 0x00, 0x03, 0x05, 0x00, 0x00, 0x00,
    0x05, 0x12, 0x12, 0x12, 0x12, 0x12, 0x12, 0x10, 0x6F, 0xFF, 0xFF, 0xFF, 0xFF, 0xFF, 0xFF, 0xFF,
    0x5F, 0xFF, 0xFF, 0xFF, 0xFF, 0xFF, 0xFF, 0xFC, 0x00, 0x00, 0x00, 0xB7, 0xDE, 0x22, 0x00, 0x00,
    0x00, 0x00, 0x00, 0xB7, 0xDE, 0x22, 0x00, 0x00, 0x00, 0x00, 0x00, 0xB7, 0xDE, 0x22, 0x00, 0x00,
    0x00, 0x00, 0x00, 0xB7, 0xDE, 0x22, 0x00, 0x00, 0x00, 0x00, 0x00, 0xB7, 0xDE, 0x22, 0x00, 0x00,
    0x00, 0x00, 0x00, 0xB7, 0xDE, 0x22, 0x00, 0x00, 0x00, 0x00, 0x00, 0xB7, 0xDE, 0x22, 0x00, 0x00,
    0x00, 0x00, 0x00, 0xB7, 0xDE, 0x22, 0x00, 0x00, 0x00, 0x00, 0x00, 0x02, 0x05, 0x00, 0x00, 0x00,
    0x00, 0x00, 0x00, 0x22, 0x73, 0x00, 0x00, 0x00, 0x00, 0x00, 0x00, 0x44, 0xBB, 0x00, 0x00, 0x00,
    0x00, 0x00, 0x00, 0x44, 0xBB, 0x00, 0x00, 0x00, 0x00, 0x00, 0x00, 0x44, 0xBB, 0x00, 0x00, 0x00,
    0x00, 0x00, 0x00, 0x44, 0xBB, 0x00, 0x00, 0x00, 0x00, 0x00, 0x00, 0x44, 0xBB, 0x00, 0x00, 0x00,
    0x00, 0x00, 0x00, 0x44, 0xBB, 0x00, 0x00, 0x00, 0x00, 0x00, 0x00, 0x44, 0xBB, 0x00, 0x00, 0x00,
    0x00, 0x00, 0x00, 0x44, 0xBB, 0x00, 0x00, 0x00, 0x63, 0xFF, 0xFF, 0xFF, 0xFF, 0xFF, 0xFF, 0xFF,
    0x06, 0x18, 0x18, 0x18, 0x18, 0x18, 0x18, 0x15, 0x00, 0x00, 0x00, 0x13, 0x10, 0x00, 0x00, 0x00,
    0x00, 0x00, 0x00, 0x56, 0x40, 0x00, 0x00, 0x00, 0x00, 0x00, 0x00, 0x56, 0x40, 0x00, 0x00, 0x00,
    0x00, 0x00, 0x00, 0x56, 0x40, 0x00, 0x00, 0x00, 0x00, 0x00, 0x00, 0x56, 0x40, 0x00, 0x00, 0x00,
    0x00, 0x00, 0x00, 0x56, 0x40, 0x00, 0x00, 0x00, 0x00, 0x00, 0x00, 0x56, 0x40, 0x00, 0x00, 0x00,
    0x00, 0x00, 0x00, 0x56, 0x40, 0x00, 0x00, 0x00, 0x03, 0x12, 0x12, 0x62, 0x40, 0x00, 0x00, 0x00,
    0x4D, 0xFF, 0xFF, 0xFF, 0xCB, 0xB9, 0xB9, 0x10, 0x41, 0xFF, 0xFF, 0xFF, 0xAC, 0x90, 0x90, 0x0A,
    0x00, 0x00, 0x00, 0x13, 0x10, 0x00, 0x00, 0x00, 0x00, 0x00, 0x00, 0x56, 0x40, 0x00, 0x00, 0x00,
    0x00, 0x00, 0x00, 0x56, 0x40, 0x00, 0x00, 0x00, 0x00, 0x00, 0x00, 0x56, 0x40, 0x00, 0x00, 0x00,
    0x00, 0x00, 0x00, 0x56, 0x40, 0x00, 0x00, 0x00, 0x00, 0x00, 0x00, 0x56, 0x40, 0x00, 0x00, 0x00,
    0x00, 0x00, 0x00, 0x56, 0x40, 0x00, 0x00, 0x00, 0x00, 0x00, 0x00, 0x56, 0x40, 0x00, 0x00, 0x00,
    0x00, 0x00, 0x00, 0x56, 0x4D, 0x12, 0x12, 0x00, 0x2C, 0xB9, 0xB9, 0xD2, 0xFF, 0xFF, 0xFF, 0x1E,
    0x1C, 0x90, 0x90, 0xB6, 0xFF, 0xFF, 0xFF, 0x19, 0x00, 0x00, 0x00, 0x0C, 0x29, 0x00, 0x00, 0x00,
    0x00, 0x00, 0x00, 0x44, 0xBB, 0x00, 0x00, 0x00, 0x00, 0x00, 0x00, 0x44, 0xBB, 0x00, 0x00, 0x00,
    0x00, 0x00, 0x00, 0x44, 0xBB, 0x00, 0x00, 0x00, 0x00, 0x00, 0x00, 0x44, 0xBB, 0x00, 0x00, 0x00,
    0x00, 0x00, 0x00, 0x44, 0xBB, 0x00, 0x00, 0x00, 0x00, 0x00, 0x00, 0x44, 0xBB, 0x00, 0x00, 0x00,
    0x00, 0x00, 0x00, 0x44, 0xBB, 0x00, 0x00, 0x00, 0x05, 0x12, 0x12, 0x52, 0xC1, 0x12, 0x12, 0x10,
    0x6F, 0xFF, 0xFF, 0xFF, 0xFF, 0xFF, 0xFF, 0xFF, 0x5F, 0xFF, 0xFF, 0xFF, 0xFF, 0xFF, 0xFF, 0xFC,
    0x00, 0x00, 0x00, 0x70, 0x8D, 0x11, 0x00, 0x00, 0x00, 0x00, 0x00, 0xB7, 0xDE, 0x22, 0x00, 0x00,
    0x00, 0x00, 0x00, 0xB7, 0xDE, 0x22, 0x00, 0x00, 0x00, 0x00, 0x00, 0xB7, 0xDE, 0x22, 0x00, 0x00,
    0x00, 0x00, 0x00, 0xB7, 0xDE, 0x22, 0x00, 0x00, 0x00, 0x00, 0x00, 0xB7, 0xDE, 0x22, 0x00, 0x00,
    0x00, 0x00, 0x00, 0xB7, 0xDE, 0x22, 0x00, 0x00, 0x00, 0x00, 0x00, 0xB7, 0xDE, 0x22, 0x00, 0x00,
    0x00, 0x00, 0x00, 0xB7, 0xDE, 0x22, 0x00, 0x00, 0x63, 0xFF, 0xFF, 0xFF, 0xFF, 0xFF, 0xFF, 0xFF,
    0x06, 0x18, 0x18, 0x18, 0x18, 0x18, 0x18, 0x15, 0x00, 0x00, 0x00, 0x2F, 0x3B, 0x02, 0x00, 0x00,
    0x00, 0x00, 0x00, 0xCF, 0xD5, 0x0D, 0x00, 0x00, 0x00, 0x00, 0x00, 0xCF, 0xD5, 0x0D, 0x00, 0x00,
    0x00, 0x00, 0x00, 0xCF, 0xD5, 0x0D, 0x00, 0x00, 0x00, 0x00, 0x00, 0xCF, 0xD5, 0x0D, 0x00, 0x00,
    0x00, 0x00, 0x00, 0xCF, 0xD5, 0x0D, 0x00, 0x00, 0x00, 0x00, 0x00, 0xCF, 0xD5, 0x0D, 0x00, 0x00,
    0x00, 0x00, 0x00, 0xCF, 0xD5, 0x0D, 0x00, 0x00, 0x06, 0x12, 0x12, 0xD3, 0xD5, 0x0D, 0x00, 0x00,
    0x78, 0xFF, 0xFF, 0xFF, 0xF4, 0xBD, 0xB9, 0xAF, 0x7C, 0xFF, 0xFF, 0xFF, 0xED, 0x96, 0x90, 0x72,
    0x00, 0x00, 0x00, 0x2F, 0x3B, 0x02, 0x00, 0x00, 0x00, 0x00, 0x00, 0xCF, 0xD5, 0x0D, 0x00, 0x00,
    0x00, 0x00, 0x00, 0xCF, 0xD5, 0x0D, 0x00, 0x00, 0x00, 0x00, 0x00, 0xCF, 0xD5, 0x0D, 0x00, 0x00,
    0x00, 0x00, 0x00, 0xCF, 0xD5, 0x0D, 0x00, 0x00, 0x00, 0x00, 0x00, 0xCF, 0xD5, 0x0D, 0x00, 0x00,
    0x00, 0x00, 0x00, 0xCF, 0xD5, 0x0D, 0x00, 0x00, 0x00, 0x00, 0x00, 0xCF, 0xD5, 0x0D, 0x00, 0x00,
    0x00, 0x00, 0x00, 0xCF, 0xD8, 0x1E, 0x12, 0x0D, 0x53, 0xB9, 0xB9, 0xF2, 0xFF, 0xFF, 0xFF, 0xFF,
    0x36, 0x90, 0x90, 0xE4, 0xFF, 0xFF, 0xFF, 0xDA, 0x00, 0x00, 0x00, 0x28, 0x3D, 0x06, 0x00, 0x00,
    0x00, 0x00, 0x00, 0xB7, 0xDE, 0x22, 0x00, 0x00, 0x00, 0x00, 0x00, 0xB7, 0xDE, 0x22, 0x00, 0x00,
    0x00, 0x00, 0x00, 0xB7, 0xDE, 0x22, 0x00, 0x00, 0x00, 0x00, 0x00, 0xB7, 0xDE, 0x22, 0x00, 0x00,
    0x00, 0x00, 0x00, 0xB7, 0xDE, 0x22, 0x00, 0x00, 0x00, 0x00, 0x00, 0xB7, 0xDE, 0x22, 0x00, 0x00,
    0x00, 0x00, 0x00, 0xB7, 0xDE, 0x22, 0x00, 0x00, 0x05, 0x12, 0x12, 0xBD, 0xE0, 0x32, 0x12, 0x10,
    0x6F, 0xFF, 0xFF, 0xFF, 0xFF, 0xFF, 0xFF, 0xFF, 0x5F, 0xFF, 0xFF, 0xFF, 0xFF, 0xFF, 0xFF, 0xFC,
    0x00, 0x00, 0x00, 0x11, 0x38, 0x00, 0x00, 0x00, 0x00, 0x00, 0x00, 0x44, 0xBB, 0x00, 0x00, 0x00,
    0x00, 0x00, 0x00, 0x44, 0xBB, 0x00, 0x00, 0x00, 0x00, 0x00, 0x00, 0x44, 0xBB, 0x00, 0x00, 0x00,
    0x00, 0x00, 0x00, 0x44, 0xBB, 0x00, 0x00, 0x00, 0x00, 0x00, 0x00, 0x44, 0xBB, 0x00, 0x00, 0x00,
    0x00, 0x00, 0x00, 0x44, 0xBB, 0x00, 0x00, 0x00, 0x00, 0x00, 0x00, 0x44, 0xBB, 0x00, 0x00, 0x00,
    0x00, 0x00, 0x00, 0x44, 0xBB, 0x00, 0x00, 0x00, 0x45, 0xC8, 0xC8, 0xDD, 0xF5, 0xC8, 0xC8, 0xB7,
    0x24, 0x7E, 0x7E, 0xAB, 0xE7, 0x7E, 0x7E, 0x73, 0x00, 0x00, 0x00, 0x44, 0xBB, 0x00, 0x00, 0x00,
    0x00, 0x00, 0x00, 0x44, 0xBB, 0x00, 0x00, 0x00, 0x00, 0x00, 0x00, 0x44, 0xBB, 0x00, 0x00, 0x00,
    0x00, 0x00, 0x00, 0x44, 0xBB, 0x00, 0x00, 0x00, 0x00, 0x00, 0x00, 0x44, 0xBB, 0x00, 0x00, 0x00,
    0x00, 0x00, 0x00, 0x44, 0xBB, 0x00, 0x00, 0x00, 0x00, 0x00, 0x00, 0x44, 0xBB, 0x00, 0x00, 0x00,
    0x00, 0x00, 0x00, 0x40, 0xB1, 0x00, 0x00, 0x00, 0x00, 0x00, 0x00, 0x1A, 0x15, 0x00, 0x00, 0x00,
    0x00, 0x00, 0x00, 0x56, 0x40, 0x00, 0x00, 0x00, 0x00, 0x00, 0x00, 0x56, 0x40, 0x00, 0x00, 0x00,
    0x00, 0x00, 0x00, 0x56, 0x40, 0x00, 0x00, 0x00, 0x00, 0x00, 0x00, 0x56, 0x40, 0x00, 0x00, 0x00,
    0x00, 0x00, 0x00, 0x56, 0x40, 0x00, 0x00, 0x00, 0x00, 0x00, 0x00, 0x56, 0x40, 0x00, 0x00, 0x00,
    0x00, 0x00, 0x00, 0x56, 0x40, 0x00, 0x00, 0x00, 0x07, 0x24, 0x24, 0x6F, 0x40, 0x00, 0x00, 0x00,
    0x4D, 0xFF, 0xFF, 0xFF, 0xD6, 0xC8, 0xC8, 0x12, 0x3D, 0xFF, 0xFF, 0xFF, 0x9E, 0x7E, 0x7E, 0x09,
    0x00, 0x00, 0x00, 0x56, 0x40, 0x00, 0x00, 0x00, 0x00, 0x00, 0x00, 0x56, 0x40, 0x00, 0x00, 0x00,
    0x00, 0x00, 0x00, 0x56, 0x40, 0x00, 0x00, 0x00, 0x00, 0x00, 0x00, 0x56, 0x40, 0x00, 0x00, 0x00,
    0x00, 0x00, 0x00, 0x56, 0x40, 0x00, 0x00, 0x00, 0x00, 0x00, 0x00, 0x56, 0x40, 0x00, 0x00, 0x00,
    0x00, 0x00, 0x00, 0x56, 0x40, 0x00, 0x00, 0x00, 0x00, 0x00, 0x00, 0x55, 0x40, 0x00, 0x00, 0x00,
    0x00, 0x00, 0x00, 0x1A, 0x15, 0x00, 0x00, 0x00, 0x00, 0x00, 0x00, 0x56, 0x40, 0x00, 0x00, 0x00,
    0x00, 0x00, 0x00, 0x56, 0x40, 0x00, 0x00, 0x00, 0x00, 0x00, 0x00, 0x56, 0x40, 0x00, 0x00, 0x00,
    0x00, 0x00, 0x00, 0x56, 0x40, 0x00, 0x00, 0x00, 0x00, 0x00, 0x00, 0x56, 0x40, 0x00, 0x00, 0x00,
    0x00, 0x00, 0x00, 0x56, 0x40, 0x00, 0x00, 0x00, 0x00, 0x00, 0x00, 0x56, 0x40, 0x00, 0x00, 0x00,
    0x00, 0x00, 0x00, 0x56, 0x5B, 0x24, 0x24, 0x01, 0x2F, 0xC8, 0xC8, 0xDC, 0xFF, 0xFF, 0xFF, 0x1E,
    0x19, 0x7E, 0x7E, 0xAD, 0xFF, 0xFF, 0xFF, 0x16, 0x00, 0x00, 0x00, 0x56, 0x40, 0x00, 0x00, 0x00,
    0x00, 0x00, 0x00, 0x56, 0x40, 0x00, 0x00, 0x00, 0x00, 0x00, 0x00, 0x56, 0x40, 0x00, 0x00, 0x00,
    0x00, 0x00, 0x00, 0x56, 0x40, 0x00, 0x00, 0x00, 0x00, 0x00, 0x00, 0x56, 0x40, 0x00, 0x00, 0x00,
    0x00, 0x00, 0x00, 0x56, 0x40, 0x00, 0x00, 0x00, 0x00, 0x00, 0x00, 0x56, 0x40, 0x00, 0x00, 0x00,
    0x00, 0x00, 0x00, 0x55, 0x40, 0x00, 0x00, 0x00, 0x00, 0x00, 0x00, 0x11, 0x38, 0x00, 0x00, 0x00,
    0x00, 0x00, 0x00, 0x44, 0xBB, 0x00, 0x00, 0x00, 0x00, 0x00, 0x00, 0x44, 0xBB, 0x00, 0x00, 0x00,
    0x00, 0x00, 0x00, 0x44, 0xBB, 0x00, 0x00, 0x00, 0x00, 0x00, 0x00, 0x44, 0xBB, 0x00, 0x00, 0x00,
    0x00, 0x00, 0x00, 0x44, 0xBB, 0x00, 0x00, 0x00, 0x00, 0x00, 0x00, 0x44, 0xBB, 0x00, 0x00, 0x00,
    0x00, 0x00, 0x00, 0x44, 0xBB, 0x00, 0x00, 0x00, 0x0A, 0x24, 0x24, 0x61, 0xC7, 0x24, 0x24, 0x21,
    0x6F, 0xFF, 0xFF, 0xFF, 0xFF, 0xFF, 0xFF, 0xFF, 0x59, 0xFF, 0xFF, 0xFF, 0xFF, 0xFF, 0xFF, 0xEB,
    0x00, 0x00, 0x00, 0x44, 0xBB, 0x00, 0x00, 0x00, 0x00, 0x00, 0x00, 0x44, 0xBB, 0x00, 0x00, 0x00,
    0x00, 0x00, 0x00, 0x44, 0xBB, 0x00, 0x00, 0x00, 0x00, 0x00, 0x00, 0x44, 0xBB, 0x00, 0x00, 0x00,
    0x00, 0x00, 0x00, 0x44, 0xBB, 0x00, 0x00, 0x00, 0x00, 0x00, 0x00, 0x44, 0xBB, 0x00, 0x00, 0x00,
    0x00, 0x00, 0x00, 0x44, 0xBB, 0x00, 0x00, 0x00, 0x00, 0x00, 0x00, 0x40, 0xB1, 0x00, 0x00, 0x00,
    0x00, 0x00, 0x00, 0x70, 0x8D, 0x11, 0x00, 0x00, 0x00, 0x00, 0x00, 0xB7, 0xDE, 0x22, 0x00, 0x00,
    0x00, 0x00, 0x00, 0xB7, 0xDE, 0x22, 0x00, 0x00, 0x00, 0x00, 0x00, 0xB7, 0xDE, 0x22, 0x00, 0x00,
    0x00, 0x00, 0x00, 0xB7, 0xDE, 0x22, 0x00, 0x00, 0x00, 0x00, 0x00, 0xB7, 0xDE, 0x22, 0x00, 0x00,
    0x00, 0x00, 0x00, 0xB7, 0xDE, 0x22, 0x00, 0x00, 0x00, 0x00, 0x00, 0xB7, 0xDE, 0x22, 0x00, 0x00,
    0x00, 0x00, 0x00, 0xB7, 0xDE, 0x22, 0x00, 0x00, 0x63, 0xFF, 0xFF, 0xFF, 0xFF, 0xFF, 0xFF, 0xFF,
    0x06, 0x18, 0x18, 0x57, 0xC3, 0x18, 0x18, 0x15, 0x00, 0x00, 0x00, 0x44, 0xBB, 0x00, 0x00, 0x00,
    0x00, 0x00, 0x00, 0x44, 0xBB, 0x00, 0x00, 0x00, 0x00, 0x00, 0x00, 0x44, 0xBB, 0x00, 0x00, 0x00,
    0x00, 0x00, 0x00, 0x44, 0xBB, 0x00, 0x00, 0x00, 0x00, 0x00, 0x00, 0x44, 0xBB, 0x00, 0x00, 0x00,
    0x00, 0x00, 0x00, 0x44, 0xBB, 0x00, 0x00, 0x00, 0x00, 0x00, 0x00, 0x44, 0xBB, 0x00, 0x00, 0x00,
    0x00, 0x00, 0x00, 0x2E, 0x9A, 0x00, 0x00, 0x00, 0x00, 0x00, 0x00, 0x22, 0x73, 0x00, 0x00, 0x00,
    0x00, 0x00, 0x00, 0x44, 0xBB, 0x00, 0x00, 0x00, 0x00, 0x00, 0x00, 0x44, 0xBB, 0x00, 0x00, 0x00,
    0x00, 0x00, 0x00, 0x44, 0xBB, 0x00, 0x00, 0x00, 0x00, 0x00, 0x00, 0x44, 0xBB, 0x00, 0x00, 0x00,
    0x00, 0x00, 0x00, 0x44, 0xBB, 0x00, 0x00, 0x00, 0x00, 0x00, 0x00, 0x44, 0xBB, 0x00, 0x00, 0x00,
    0x00, 0x00, 0x00, 0x44, 0xBB, 0x00, 0x00, 0x00, 0x00, 0x00, 0x00, 0x44, 0xBB, 0x00, 0x00, 0x00,
    0x63, 0xFF, 0xFF, 0xFF, 0xFF, 0xFF, 0xFF, 0xFF, 0x06, 0x18, 0x18, 0xBF, 0xE1, 0x38, 0x18, 0x15,
    0x00, 0x00, 0x00, 0xB7, 0xDE, 0x22, 0x00, 0x00, 0x00, 0x00, 0x00, 0xB7, 0xDE, 0x22, 0x00, 0x00,
    0x00, 0x00, 0x00, 0xB7, 0xDE, 0x22, 0x00, 0x00, 0x00, 0x00, 0x00, 0xB7, 0xDE, 0x22, 0x00, 0x00,
    0x00, 0x00, 0x00, 0xB7, 0xDE, 0x22, 0x00, 0x00, 0x00, 0x00, 0x00, 0xB7, 0xDE, 0x22, 0x00, 0x00,
    0x00, 0x00, 0x00, 0xB7, 0xDE, 0x22, 0x00, 0x00, 0x00, 0x00, 0x00, 0x96, 0xBD, 0x17, 0x00, 0x00,
    0x00, 0x00, 0x00, 0x36, 0x52, 0x08, 0x00, 0x00, 0x00, 0x00, 0x00, 0xB7, 0xDE, 0x22, 0x00, 0x00,
    0x00, 0x00, 0x00, 0xB7, 0xDE, 0x22, 0x00, 0x00, 0x00, 0x00, 0x00, 0xB7, 0xDE, 0x22, 0x00, 0x00,
    0x00, 0x00, 0x00, 0xB7, 0xDE, 0x22, 0x00, 0x00, 0x00, 0x00, 0x00, 0xB7, 0xDE, 0x22, 0x00, 0x00,
    0x00, 0x00, 0x00, 0xB7, 0xDE, 0x22, 0x00, 0x00, 0x00, 0x00, 0x00, 0xB7, 0xDE, 0x22, 0x00, 0x00,
    0x00, 0x00, 0x00, 0xB7, 0xDE, 0x22, 0x00, 0x00, 0x45, 0xC8, 0xC8, 0xF5, 0xF9, 0xD2, 0xC8, 0xB7,
    0x24, 0x7E, 0x7E, 0xE7, 0xF0, 0x94, 0x7E, 0x73, 0x00, 0x00, 0x00, 0xB7, 0xDE, 0x22, 0x00, 0x00,
    0x00, 0x00, 0x00, 0xB7, 0xDE, 0x22, 0x00, 0x00, 0x00, 0x00, 0x00, 0xB7, 0xDE, 0x22, 0x00, 0x00,
    0x00, 0x00, 0x00, 0xB7, 0xDE, 0x22, 0x00, 0x00, 0x00, 0x00, 0x00, 0xB7, 0xDE, 0x22, 0x00, 0x00,
    0x00, 0x00, 0x00, 0xB7, 0xDE, 0x22, 0x00, 0x00, 0x00, 0x00, 0x00, 0xB7, 0xDE, 0x22, 0x00, 0x00,
    0x00, 0x00, 0x00, 0xAD, 0xDD, 0x20, 0x00, 0x00, 0x00, 0x00, 0x00, 0x17, 0x1D, 0x00, 0x00, 0x00,
    0x00, 0x00, 0x00, 0xCF, 0xD5, 0x0D, 0x00, 0x00, 0x00, 0x00, 0x00, 0xCF, 0xD5, 0x0D, 0x00, 0x00,
    0x00, 0x00, 0x00, 0xCF, 0xD5, 0x0D, 0x00, 0x00, 0x00, 0x00, 0x00, 0xCF, 0xD5, 0x0D, 0x00, 0x00,
    0x00, 0x00, 0x00, 0xCF, 0xD5, 0x0D, 0x00, 0x00, 0x00, 0x00, 0x00, 0xCF, 0xD5, 0x0D, 0x00, 0x00,
    0x00, 0x00, 0x00, 0xCF, 0xD5, 0x0D, 0x00, 0x00, 0x00, 0x00, 0x00, 0xCF, 0xD5, 0x0D, 0x00, 0x00,
    0x72, 0xFF, 0xFF, 0xFF, 0xEE, 0xAC, 0xB4, 0x8E, 0x72, 0xFF, 0xFF, 0xFF, 0xEE, 0xB1, 0xBA, 0x93,
    0x00, 0x00, 0x00, 0x6B, 0x9E, 0x00, 0x00, 0x00, 0x00, 0x00, 0x00, 0x6B, 0x9E, 0x00, 0x00, 0x00,
    0x00, 0x00, 0x00, 0x6B, 0x9E, 0x00, 0x00, 0x00, 0x00, 0x00, 0x00, 0x6B, 0x9E, 0x00, 0x00, 0x00,
    0x00, 0x00, 0x00, 0x6B, 0x9E, 0x00, 0x00, 0x00, 0x00, 0x00, 0x00, 0x6B, 0x9E, 0x00, 0x00, 0x00,
    0x00, 0x00, 0x00, 0x6B, 0x9E, 0x00, 0x00, 0x00, 0x00, 0x00, 0x00, 0x6B, 0x9E, 0x00, 0x00, 0x00,
    0x00, 0x00, 0x00, 0x0B, 0x14, 0x00, 0x00, 0x00, 0x00, 0x00, 0x00, 0x2F, 0x3B, 0x02, 0x00, 0x00,
    0x00, 0x00, 0x00, 0xCF, 0xD5, 0x0D, 0x00, 0x00, 0x00, 0x00, 0x00, 0xCF, 0xD5, 0x0D, 0x00, 0x00,
    0x00, 0x00, 0x00, 0xCF, 0xD5, 0x0D, 0x00, 0x00, 0x00, 0x00, 0x00, 0xCF, 0xD5, 0x0D, 0x00, 0x00,
    0x00, 0x00, 0x00, 0xCF, 0xD5, 0x0D, 0x00, 0x00, 0x00, 0x00, 0x00, 0xCF, 0xD5, 0x0D, 0x00, 0x00,
    0x00, 0x00, 0x00, 0xCF, 0xD5, 0x0D, 0x00, 0x00, 0x00, 0x00, 0x00, 0xCF, 0xD8, 0x1E, 0x12, 0x0D,
    0x53, 0xB9, 0xB9, 0xF2, 0xFF, 0xFF, 0xFF, 0xFF, 0x36, 0x90, 0x90, 0xEA, 0xFF, 0xFF, 0xFF, 0xDA,
    0x00, 0x00, 0x00, 0x6B, 0x9E, 0x00, 0x00, 0x00, 0x00, 0x00, 0x00, 0x6B, 0x9E, 0x00, 0x00, 0x00,
    0x00, 0x00, 0x00, 0x6B, 0x9E, 0x00, 0x00, 0x00, 0x00, 0x00, 0x00, 0x6B, 0x9E, 0x00, 0x00, 0x00,
    0x00, 0x00, 0x00, 0x6B, 0x9E, 0x00, 0x00, 0x00, 0x00, 0x00, 0x00, 0x6B, 0x9E, 0x00, 0x00, 0x00,
    0x00, 0x00, 0x00, 0x6B, 0x9E, 0x00, 0x00, 0x00, 0x00, 0x00, 0x00, 0x6B, 0x9E, 0x00, 0x00, 0x00,
    0x00, 0x00, 0x00, 0x01, 0x02, 0x00, 0x00, 0x00, 0x00, 0x00, 0x00, 0x14, 0x23, 0x00, 0x00, 0x00,
    0x00, 0x00, 0x00, 0x6B, 0x9E, 0x00, 0x00, 0x00, 0x00, 0x00, 0x00, 0x6B, 0x9E, 0x00, 0x00, 0x00,
    0x00, 0x00, 0x00, 0x6B, 0x9E, 0x00, 0x00, 0x00, 0x00, 0x00, 0x00, 0x6B, 0x9E, 0x00, 0x00, 0x00,
    0x00, 0x00, 0x00, 0x6B, 0x9E, 0x00, 0x00, 0x00, 0x00, 0x00, 0x00, 0x6B, 0x9E, 0x00, 0x00, 0x00,
    0x00, 0x00, 0x00, 0x6B, 0x9E, 0x00, 0x00, 0x00, 0x06, 0x12, 0x12, 0x77, 0xA3, 0x00, 0x00, 0x00,
    0x78, 0xFF, 0xFF, 0xFF, 0xF4, 0xBD, 0xB9, 0xAF, 0x7C, 0xFF, 0xFF, 0xFF, 0xEE, 0x98, 0x90, 0x72,
    0x00, 0x00, 0x00, 0xCF, 0xD5, 0x0D, 0x00, 0x00, 0x00, 0x00, 0x00, 0xCF, 0xD5, 0x0D, 0x00, 0x00,
    0x00, 0x00, 0x00, 0xCF, 0xD5, 0x0D, 0x00, 0x00, 0x00, 0x00, 0x00, 0xCF, 0xD5, 0x0D, 0x00, 0x00,
    0x00, 0x00, 0x00, 0xCF, 0xD5, 0x0D, 0x00, 0x00, 0x00, 0x00, 0x00, 0xCF, 0xD5, 0x0D, 0x00, 0x00,
    0x00, 0x00, 0x00, 0xCF, 0xD5, 0x0D, 0x00, 0x00, 0x00, 0x00, 0x00, 0xCF, 0xD5, 0x0D, 0x00, 0x00,
    0x00, 0x00, 0x00, 0x03, 0x05, 0x00, 0x00, 0x00, 0x00, 0x00, 0x00, 0x1B, 0x2F, 0x00, 0x00, 0x00,
    0x00, 0x00, 0x00, 0x6B, 0x9E, 0x00, 0x00, 0x00, 0x00, 0x00, 0x00, 0x6B, 0x9E, 0x00, 0x00, 0x00,
    0x00, 0x00, 0x00, 0x6B, 0x9E, 0x00, 0x00, 0x00, 0x00, 0x00, 0x00, 0x6B, 0x9E, 0x00, 0x00, 0x00,
    0x00, 0x00, 0x00, 0x6B, 0x9E, 0x00, 0x00, 0x00, 0x00, 0x00, 0x00, 0x6B, 0x9E, 0x00, 0x00, 0x00,
    0x00, 0x00, 0x00, 0x6B, 0x9E, 0x00, 0x00, 0x00, 0x00, 0x00, 0x00, 0x7B, 0xB0, 0x2A, 0x2A, 0x21,
    0x5B, 0xCD, 0xCD, 0xF6, 0xFF, 0xFF, 0xFF, 0xFF, 0x2C, 0x78, 0x78, 0xE6, 0xFF, 0xFF, 0xFF, 0xCA,
    0x00, 0x00, 0x00, 0xCF, 0xD5, 0x0D, 0x00, 0x00, 0x00, 0x00, 0x00, 0xCF, 0xD5, 0x0D, 0x00, 0x00,
    0x00, 0x00, 0x00, 0xCF, 0xD5, 0x0D, 0x00, 0x00, 0x00, 0x00, 0x00, 0xCF, 0xD5, 0x0D, 0x00, 0x00,
    0x00, 0x00, 0x00, 0xCF, 0xD5, 0x0D, 0x00, 0x00, 0x00, 0x00, 0x00, 0xCF, 0xD5, 0x0D, 0x00, 0x00,
    0x00, 0x00, 0x00, 0xCF, 0xD5, 0x0D, 0x00, 0x00, 0x00, 0x00, 0x00, 0xCD, 0xD4, 0x0C, 0x00, 0x00,
    0x00, 0x00, 0x00, 0x28, 0x3D, 0x06, 0x00, 0x00, 0x00, 0x00, 0x00, 0xB7, 0xDE, 0x22, 0x00, 0x00,
    0x00, 0x00, 0x00, 0xB7, 0xDE, 0x22, 0x00, 0x00, 0x00, 0x00, 0x00, 0xB7, 0xDE, 0x22, 0x00, 0x00,
    0x00, 0x00, 0x00, 0xB7, 0xDE, 0x22, 0x00, 0x00, 0x00, 0x00, 0x00, 0xB7, 0xDE, 0x22, 0x00, 0x00,
    0x00, 0x00, 0x00, 0xB7, 0xDE, 0x22, 0x00, 0x00, 0x00, 0x00, 0x00, 0xB7, 0xDE, 0x22, 0x00, 0x00,
    0x05, 0x12, 0x12, 0xBD, 0xE0, 0x32, 0x12, 0x10, 0x6F, 0xFF, 0xFF, 0xFF, 0xFF, 0xFF, 0xFF, 0xFF,
    0x5F, 0xFF, 0xFF, 0xFF, 0xFF, 0xFF, 0xFF, 0xFC, 0x00, 0x00, 0x00, 0x44, 0xBB, 0x00, 0x00, 0x00,
    0x00, 0x00, 0x00, 0x44, 0xBB, 0x00, 0x00, 0x00, 0x00, 0x00, 0x00, 0x44, 0xBB, 0x00, 0x00, 0x00,
    0x00, 0x00, 0x00, 0x44, 0xBB, 0x00, 0x00, 0x00, 0x00, 0x00, 0x00, 0x44, 0xBB, 0x00, 0x00, 0x00,
    0x00, 0x00, 0x00, 0x44, 0xBB, 0x00, 0x00, 0x00, 0x00, 0x00, 0x00, 0x44, 0xBB, 0x00, 0x00, 0x00,
    0x00, 0x00, 0x00, 0x44, 0xBB, 0x00, 0x00, 0x00, 0x00, 0x00, 0x00, 0x00, 0x02, 0x00, 0x00, 0x00,
    0x00, 0x00, 0x00, 0x0C, 0x29, 0x00, 0x00, 0x00, 0x00, 0x00, 0x00, 0x44, 0xBB, 0x00, 0x00, 0x00,
    0x00, 0x00, 0x00, 0x44, 0xBB, 0x00, 0x00, 0x00, 0x00, 0x00, 0x00, 0x44, 0xBB, 0x00, 0x00, 0x00,
    0x00, 0x00, 0x00, 0x44, 0xBB, 0x00, 0x00, 0x00, 0x00, 0x00, 0x00, 0x44, 0xBB, 0x00, 0x00, 0x00,
    0x00, 0x00, 0x00, 0x44, 0xBB, 0x00, 0x00, 0x00, 0x00, 0x00, 0x00, 0x44, 0xBB, 0x00, 0x00, 0x00,
    0x05, 0x12, 0x12, 0x52, 0xC1, 0x12, 0x12, 0x10, 0x6F, 0xFF, 0xFF, 0xFF, 0xFF, 0xFF, 0xFF, 0xFF,
    0x5F, 0xFF, 0xFF, 0xFF, 0xFF, 0xFF, 0xFF, 0xFC, 0x00, 0x00, 0x00, 0xB7, 0xDE, 0x22, 0x00, 0x00,
    0x00, 0x00, 0x00, 0xB7, 0xDE, 0x22, 0x00, 0x00, 0x00, 0x00, 0x00, 0xB7, 0xDE, 0x22, 0x00, 0x00,
    0x00, 0x00, 0x00, 0xB7, 0xDE, 0x22, 0x00, 0x00, 0x00, 0x00, 0x00, 0xB7, 0xDE, 0x22, 0x00, 0x00,
    0x00, 0x00, 0x00, 0xB7, 0xDE, 0x22, 0x00, 0x00, 0x00, 0x00, 0x00, 0xB7, 0xDE, 0x22, 0x00, 0x00,
    0x00, 0x00, 0x00, 0xB7, 0xDE, 0x22, 0x00, 0x00, 0x00, 0x00, 0x00, 0x02, 0x05, 0x00, 0x00, 0x00,
    0x00, 0x00, 0x00, 0x40, 0x4F, 0x03, 0x00, 0x00, 0x00, 0x00, 0x00, 0xCF, 0xD5, 0x0D, 0x00, 0x00,
    0x00, 0x00, 0x00, 0xCF, 0xD5, 0x0D, 0x00, 0x00, 0x00, 0x00, 0x00, 0xCF, 0xD5, 0x0D, 0x00, 0x00,
    0x00, 0x00, 0x00, 0xCF, 0xD5, 0x0D, 0x00, 0x00, 0x00, 0x00, 0x00, 0xCF, 0xD5, 0x0D, 0x00, 0x00,
    0x00, 0x00, 0x00, 0xCF, 0xD5, 0x0D, 0x00, 0x00, 0x00, 0x00, 0x00, 0xCF, 0xD5, 0x0D, 0x00, 0x00,
    0x0D, 0x24, 0x24, 0xD6, 0xD5, 0x0D, 0x00, 0x00, 0x78, 0xFF, 0xFF, 0xFF, 0xF6, 0xCC, 0xC8, 0xBE,
    0x72, 0xFF, 0xFF, 0xFF, 0xEA, 0x86, 0x7E, 0x63, 0x00, 0x00, 0x00, 0xCF, 0xD5, 0x0D, 0x00, 0x00,
    0x00, 0x00, 0x00, 0xCF, 0xD5, 0x0D, 0x00, 0x00, 0x00, 0x00, 0x00, 0xCF, 0xD5, 0x0D, 0x00, 0x00,
    0x00, 0x00, 0x00, 0xCF, 0xD5, 0x0D, 0x00, 0x00, 0x00, 0x00, 0x00, 0xCF, 0xD5, 0x0D, 0x00, 0x00,
    0x00, 0x00, 0x00, 0xCF, 0xD5, 0x0D, 0x00, 0x00, 0x00, 0x00, 0x00, 0xCF, 0xD5, 0x0D, 0x00, 0x00,
    0x00, 0x00, 0x00, 0xCD, 0xD4, 0x0C, 0x00, 0x00, 0x00, 0x00, 0x00, 0x40, 0x4F, 0x03, 0x00, 0x00,
    0x00, 0x00, 0x00, 0xCF, 0xD5, 0x0D, 0x00, 0x00, 0x00, 0x00, 0x00, 0xCF, 0xD5, 0x0D, 0x00, 0x00,
    0x00, 0x00, 0x00, 0xCF, 0xD5, 0x0D, 0x00, 0x00, 0x00, 0x00, 0x00, 0xCF, 0xD5, 0x0D, 0x00, 0x00,
    0x00, 0x00, 0x00, 0xCF, 0xD5, 0x0D, 0x00, 0x00, 0x00, 0x00, 0x00, 0xCF, 0xD5, 0x0D, 0x00, 0x00,
    0x00, 0x00, 0x00, 0xCF, 0xD5, 0x0D, 0x00, 0x00, 0x00, 0x00, 0x00, 0xCF, 0xDB, 0x30, 0x24, 0x1C,
    0x59, 0xC8, 0xC8, 0xF5, 0xFF, 0xFF, 0xFF, 0xFF, 0x2E, 0x7E, 0x7E, 0xE7, 0xFF, 0xFF, 0xFF, 0xCA,
    0x00, 0x00, 0x00, 0xCF, 0xD5, 0x0D, 0x00, 0x00, 0x00, 0x00, 0x00, 0xCF, 0xD5, 0x0D, 0x00, 0x00,
    0x00, 0x00, 0x00, 0xCF, 0xD5, 0x0D, 0x00, 0x00, 0x00, 0x00, 0x00, 0xCF, 0xD5, 0x0D, 0x00, 0x00,
    0x00, 0x00, 0x00, 0xCF, 0xD5, 0x0D, 0x00, 0x00, 0x00, 0x00, 0x00, 0xCF, 0xD5, 0x0D, 0x00, 0x00,
    0x00, 0x00, 0x00, 0xCF, 0xD5, 0x0D, 0x00, 0x00, 0x00, 0x00, 0x00, 0xCD, 0xD4, 0x0C, 0x00, 0x00,
    0x00, 0x00, 0x00, 0x36, 0x52, 0x08, 0x00, 0x00, 0x00, 0x00, 0x00, 0xB7, 0xDE, 0x22, 0x00, 0x00,
    0x00, 0x00, 0x00, 0xB7, 0xDE, 0x22, 0x00, 0x00, 0x00, 0x00, 0x00, 0xB7, 0xDE, 0x22, 0x00, 0x00,
    0x00, 0x00, 0x00, 0xB7, 0xDE, 0x22, 0x00, 0x00, 0x00, 0x00, 0x00, 0xB7, 0xDE, 0x22, 0x00, 0x00,
    0x00, 0x00, 0x00, 0xB7, 0xDE, 0x22, 0x00, 0x00, 0x00, 0x00, 0x00, 0xB7, 0xDE, 0x22, 0x00, 0x00,
    0x0A, 0x24, 0x24, 0xC4, 0xE3, 0x43, 0x24, 0x21, 0x6F, 0xFF, 0xFF, 0xFF, 0xFF, 0xFF, 0xFF, 0xFF,
    0x59, 0xFF, 0xFF, 0xFF, 0xFF, 0xFF, 0xFF, 0xEB, 0x00, 0x00, 0x00, 0xB7, 0xDE, 0x22, 0x00, 0x00,
    0x00, 0x00, 0x00, 0xB7, 0xDE, 0x22, 0x00, 0x00, 0x00, 0x00, 0x00, 0xB7, 0xDE, 0x22, 0x00, 0x00,
    0x00, 0x00, 0x00, 0xB7, 0xDE, 0x22, 0x00, 0x00, 0x00, 0x00, 0x00, 0xB7, 0xDE, 0x22, 0x00, 0x00,
    0x00, 0x00, 0x00, 0xB7, 0xDE, 0x22, 0x00, 0x00, 0x00, 0x00, 0x00, 0xB7, 0xDE, 0x22, 0x00, 0x00,
    0x00, 0x00, 0x00, 0xAD, 0xDD, 0x20, 0x00, 0x00, 0xFF, 0xFF, 0x34, 0x00, 0xFF, 0xFF, 0x3A, 0x16,
    0x18, 0x03, 0x00, 0x15, 0x18, 0x03, 0x10, 0x12, 0x01, 0x00, 0x10, 0x12, 0x03, 0xFF, 0xFF, 0x3C,
    0x00, 0xFF, 0xFF, 0x42, 0xFF, 0xFF, 0x33, 0x00, 0xFC, 0xFF, 0x37, 0x1C, 0xFF, 0x1E, 0xFF, 0x1E,
    0xFF, 0x19, 0xF5, 0x00, 0x00, 0x00, 0x00, 0x00, 0x00, 0x01, 0x15, 0x1E, 0xFF, 0x1E, 0xFF, 0x1E,
    0xFF, 0x16, 0xDE, 0xFF, 0xFF, 0x1C, 0xFF, 0xFF, 0x1E, 0xFF, 0xFF, 0x1E, 0xE7, 0xFF, 0x19, 0x00,
    0x00, 0x00, 0x00, 0x00, 0x00, 0x00, 0x00, 0x00, 0x13, 0x18, 0x01, 0xFF, 0xFF, 0x1E, 0xFF, 0xFF,
    0x1E, 0xFF, 0xFF, 0x1E, 0xD2, 0xFF, 0x16, 0x5E, 0xFF, 0xFF, 0xFF, 0xFF, 0xFF, 0xFF, 0xF8, 0x0B,
    0x2A, 0x2A, 0x2A, 0x2A, 0x2A, 0x2A, 0x25, 0x68, 0xFF, 0xFF, 0xFF, 0xFF, 0xFF, 0xFF, 0xFF, 0x01,
    0x06, 0x06, 0x06, 0x06, 0x06, 0x06, 0x04, 0x07, 0x54, 0x10, 0x4B, 0x1E, 0xFF, 0x42, 0xFA, 0x1E,
    0xFF, 0x42, 0xFA, 0x1E, 0xFF, 0x42, 0xFA, 0x1E, 0xFF, 0x42, 0xFA, 0x1E, 0xFF, 0x42, 0xFA, 0x1E,
    0xFF, 0x42, 0xFA, 0x1E, 0xFF, 0x42, 0xFA, 0x1E, 0xFF, 0x42, 0xFA, 0x1E, 0xFF, 0x42, 0xFA, 0x1E,
    0xFF, 0x42, 0xFA, 0x1E, 0xFF, 0x42, 0xFA, 0x1E, 0xFF, 0x42, 0xFA, 0x1E, 0xFF, 0x42, 0xFA, 0x1E,
    0xFF, 0x42, 0xFA, 0x1E, 0xFF, 0x42, 0xFA, 0x1E, 0xFF, 0x42, 0xFA, 0x1E, 0xFF, 0x42, 0xFA, 0x1C,
    0xFF, 0x3D, 0xED, 0xBA, 0xFF, 0xFF, 0xFF, 0x18, 0xBC, 0x2A, 0x2A, 0x2A, 0x03, 0xBC, 0xFF, 0xFF,
    0xFF, 0x1B, 0xBC, 0x06, 0x06, 0x06, 0x00, 0xBC, 0x00, 0x00, 0x00, 0x00, 0xBC, 0x00, 0x00, 0x00,
    0x00, 0xBC, 0x00, 0x00, 0x00, 0x00, 0xBC, 0x00, 0x00, 0x00, 0x00, 0xBC, 0x00, 0x00, 0x00, 0x00,
    0xBC, 0x00, 0x00, 0x00, 0x00, 0xB9, 0x00, 0x00, 0x00, 0x00, 0xB2, 0xFF, 0xFF, 0xFF, 0xFF, 0x0A,
    0xB4, 0x55, 0xB1, 0x18, 0x18, 0x00, 0xB4, 0x42, 0xA7, 0x00, 0x00, 0x00, 0xB4, 0x42, 0xA7, 0x00,
    0x00, 0x00, 0xB4, 0x42, 0xA7, 0x00, 0x00, 0x00, 0xB4, 0x42, 0xA7, 0x00, 0x00, 0x00, 0xB4, 0x42,
    0xA7, 0x00, 0x00, 0x00, 0xB4, 0x42, 0xA7, 0x00, 0x00, 0x00, 0xB4, 0x42, 0xA7, 0x00, 0x00, 0x00,
    0x86, 0x2D, 0x72, 0x00, 0x00, 0x00, 0x9F, 0xFF, 0xFF, 0xFF, 0xFA, 0xEC, 0xA1, 0x5F, 0x2A, 0x2A,
    0x29, 0x24, 0xA1, 0x76, 0xF0, 0xFF, 0xFF, 0xFF, 0xA1, 0x7A, 0xDA, 0x06, 0x06, 0x04, 0xA1, 0x7A,
    0xD9, 0x00, 0x00, 0x00, 0xA1, 0x7A, 0xD9, 0x00, 0x00, 0x00, 0xA1, 0x7A, 0xD9, 0x00, 0x00, 0x00,
    0xA1, 0x7A, 0xD9, 0x00, 0x00, 0x00, 0xA1, 0x7A, 0xD9, 0x00, 0x00, 0x00, 0xA1, 0x7A, 0xD9, 0x00,
    0x00, 0x00, 0x78, 0x57, 0xB2, 0x00, 0x00, 0x00, 0x00, 0x55, 0xFF, 0xFF, 0xFF, 0xFF, 0xEC, 0x00,
    0x0A, 0x2A, 0x2A, 0x2A, 0x43, 0xFF, 0x00, 0x5E, 0xFF, 0xFF, 0xFF, 0xFF, 0xFF, 0x00, 0x01, 0x06,
    0x06, 0x06, 0x22, 0xFF, 0x00, 0x00, 0x00, 0x00, 0x00, 0x1E, 0xFF, 0x00, 0x00, 0x00, 0x00, 0x00,
    0x1E, 0xFF, 0x00, 0x00, 0x00, 0x00, 0x00, 0x1E, 0xFF, 0x00, 0x00, 0x00, 0x00, 0x00, 0x1E, 0xFF,
    0x00, 0x00, 0x00, 0x00, 0x00, 0x1E, 0xFF, 0x00, 0x00, 0x00, 0x00, 0x00, 0x1E, 0xFF, 0x00, 0x00,
    0x00, 0x00, 0x00, 0x1B, 0xFD, 0x00, 0x9F, 0xFF, 0xFF, 0xFF, 0xFF, 0xFF, 0xDE, 0x00, 0x0A, 0x18,
    0x18, 0x33, 0xFF, 0x55, 0xFA, 0x00, 0x00, 0x00, 0x00, 0x1E, 0xFF, 0x42, 0xFA, 0x00, 0x00, 0x00,
    0x00, 0x1E, 0xFF, 0x42, 0xFA, 0x00, 0x00, 0x00, 0x00, 0x1E, 0xFF, 0x42, 0xFA, 0x00, 0x00, 0x00,
    0x00, 0x1E, 0xFF, 0x42, 0xFA, 0x00, 0x00, 0x00, 0x00, 0x1E, 0xFF, 0x42, 0xFA, 0x00, 0x00, 0x00,
    0x00, 0x1E, 0xFF, 0x42, 0xFA, 0x00, 0x00, 0x00, 0x00, 0x1E, 0xFF, 0x42, 0xFA, 0x00, 0x00, 0x00,
    0x00, 0x13, 0xC0, 0x2D, 0xAB, 0x00, 0x64, 0xFF, 0xFF, 0xFF, 0xFF, 0xFF, 0xD2, 0x00, 0x0C, 0x2A,
    0x2A, 0x2A, 0x2A, 0x64, 0xFA, 0x00, 0x70, 0xFF, 0xFF, 0xFF, 0xFF, 0x42, 0xFA, 0x00, 0x01, 0x06,
    0x06, 0x22, 0xFF, 0x42, 0xFA, 0x00, 0x00, 0x00, 0x00, 0x1E, 0xFF, 0x42, 0xFA, 0x00, 0x00, 0x00,
    0x00, 0x1E, 0xFF, 0x42, 0xFA, 0x00, 0x00, 0x00, 0x00, 0x1E, 0xFF, 0x42, 0xFA, 0x00, 0x00, 0x00,
    0x00, 0x1E, 0xFF, 0x42, 0xFA, 0x00, 0x00, 0x00, 0x00, 0x1E, 0xFF, 0x42, 0xFA, 0x00, 0x00, 0x00,
    0x00, 0x1E, 0xFF, 0x42, 0xFA, 0x00, 0x00, 0x00, 0x00, 0x13, 0xC0, 0x2D, 0xAB, 0x7D, 0x00, 0x00,
    0x00, 0x00, 0xBC, 0x00, 0x00, 0x00, 0x00, 0xBC, 0x00, 0x00, 0x00, 0x00, 0xBC, 0x00, 0x00, 0x00,
    0x00, 0xBC, 0x00, 0x00, 0x00, 0x00, 0xBC, 0x00, 0x00, 0x00, 0x00, 0xBC, 0x00, 0x00, 0x00, 0x00,
    0xBC, 0x00, 0x00, 0x00, 0x00, 0xBC, 0xFF, 0xFF, 0xFF, 0x18, 0xBC, 0x2A, 0x2A, 0x2A, 0x03, 0xBC,
    0xFF, 0xFF, 0xFF, 0x1B, 0x04, 0x06, 0x06, 0x06, 0x00, 0x78, 0x21, 0x67, 0x00, 0x00, 0x00, 0xB4,
    0x42, 0xA7, 0x00, 0x00, 0x00, 0xB4, 0x42, 0xA7, 0x00, 0x00, 0x00, 0xB4, 0x42, 0xA7, 0x00, 0x00,
    0x00, 0xB4, 0x42, 0xA7, 0x00, 0x00, 0x00, 0xB4, 0x42, 0xA7, 0x00, 0x00, 0x00, 0xB4, 0x42, 0xA7,
    0x00, 0x00, 0x00, 0xB4, 0x42, 0xA7, 0x00, 0x00, 0x00, 0xB4, 0x42, 0xA7, 0x00, 0x00, 0x00, 0xB4,
    0xFF, 0xFF, 0xFF, 0xFF, 0x0A, 0x10, 0x18, 0x18, 0x18, 0x18, 0x00, 0x3D, 0x29, 0x4C, 0x00, 0x00,
    0x00, 0xA1, 0x7A, 0xD9, 0x00, 0x00, 0x00, 0xA1, 0x7A, 0xD9, 0x00, 0x00, 0x00, 0xA1, 0x7A, 0xD9,
    0x00, 0x00, 0x00, 0xA1, 0x7A, 0xD9, 0x00, 0x00, 0x00, 0xA1, 0x7A, 0xD9, 0x00, 0x00, 0x00, 0xA1,
    0x7A, 0xD9, 0x00, 0x00, 0x00, 0xA1, 0x7A, 0xD9, 0x00, 0x00, 0x00, 0xA1, 0x7A, 0xF0, 0xFF, 0xF7,
    0xDE, 0xA1, 0x47, 0x2D, 0x30, 0x2F, 0x2A, 0xA1, 0xFF, 0xFF, 0xFF, 0xFF, 0xFF, 0x04, 0x06, 0x06,
    0x06, 0x06, 0x04, 0x00, 0x00, 0x00, 0x00, 0x00, 0x0F, 0xAC, 0x00, 0x00, 0x00, 0x00, 0x00, 0x1E,
    0xFF, 0x00, 0x00, 0x00, 0x00, 0x00, 0x1E, 0xFF, 0x00, 0x00, 0x00, 0x00, 0x00, 0x1E, 0xFF, 0x00,
    0x00, 0x00, 0x00, 0x00, 0x1E, 0xFF, 0x00, 0x00, 0x00, 0x00, 0x00, 0x1E, 0xFF, 0x00, 0x00, 0x00,
    0x00, 0x00, 0x1E, 0xFF, 0x00, 0x00, 0x00, 0x00, 0x00, 0x1E, 0xFF, 0x00, 0x55, 0xFF, 0xFF, 0xFF,
    0xFF, 0xFF, 0x00, 0x0A, 0x2A, 0x2A, 0x2A, 0x43, 0xFF, 0x00, 0x5E, 0xFF, 0xFF, 0xFF, 0xFF, 0xFF,
    0x00, 0x01, 0x06, 0x06, 0x06, 0x06, 0x04, 0x00, 0x00, 0x00, 0x00, 0x0F, 0xAC, 0x21, 0x9A, 0x00,
    0x00, 0x00, 0x00, 0x1E, 0xFF, 0x42, 0xFA, 0x00, 0x00, 0x00, 0x00, 0x1E, 0xFF, 0x42, 0xFA, 0x00,
    0x00, 0x00, 0x00, 0x1E, 0xFF, 0x42, 0xFA, 0x00, 0x00, 0x00, 0x00, 0x1E, 0xFF, 0x42, 0xFA, 0x00,
    0x00, 0x00, 0x00, 0x1E, 0xFF, 0x42, 0xFA, 0x00, 0x00, 0x00, 0x00, 0x1E, 0xFF, 0x42, 0xFA, 0x00,
    0x00, 0x00, 0x00, 0x1E, 0xFF, 0x42, 0xFA, 0x00, 0x00, 0x00, 0x00, 0x1E, 0xFF, 0x42, 0xFA, 0x00,
    0x9F, 0xFF, 0xFF, 0xFF, 0xFF, 0xFF, 0xFA, 0x00, 0x0A, 0x18, 0x18, 0x18, 0x18, 0x18, 0x12, 0x00,
    0x00, 0x00, 0x00, 0x07, 0x63, 0x13, 0x58, 0x00, 0x00, 0x00, 0x00, 0x1E, 0xFF, 0x42, 0xFA, 0x00,
    0x00, 0x00, 0x00, 0x1E, 0xFF, 0x42, 0xFA, 0x00, 0x00, 0x00, 0x00, 0x1E, 0xFF, 0x42, 0xFA, 0x00,
    0x00, 0x00, 0x00, 0x1E, 0xFF, 0x42, 0xFA, 0x00, 0x00, 0x00, 0x00, 0x1E, 0xFF, 0x42, 0xFA, 0x00,
    0x00, 0x00, 0x00, 0x1E, 0xFF, 0x42, 0xFA, 0x00, 0x00, 0x00, 0x00, 0x1E, 0xFF, 0x42, 0xFA, 0x00,
    0x5E, 0xFF, 0xFF, 0xFF, 0xFF, 0x42, 0xFA, 0x00, 0x0F, 0x30, 0x30, 0x30, 0x2A, 0x42, 0xFA, 0x00,
    0x70, 0xFF, 0xFF, 0xFF, 0xFF, 0xFF, 0xFA, 0x00, 0x01, 0x06, 0x06, 0x06, 0x06, 0x06, 0x04, 0x3D,
    0x00, 0x00, 0x00, 0x00, 0xBC, 0x00, 0x00, 0x00, 0x00, 0xBC, 0x00, 0x00, 0x00, 0x00, 0xBC, 0x00,
    0x00, 0x00, 0x00, 0xBC, 0x00, 0x00, 0x00, 0x00, 0xBC, 0x00, 0x00, 0x00, 0x00, 0xBC, 0x00, 0x00,
    0x00, 0x00, 0xBC, 0x00, 0x00, 0x00, 0x00, 0xBC, 0xB9, 0xB9, 0xB9, 0x10, 0xBC, 0x90, 0x90, 0x90,
    0x0A, 0xBC, 0xD7, 0xD7, 0xD7, 0x13, 0xBC, 0x6C, 0x6C, 0x6C, 0x07, 0xBC, 0x00, 0x00, 0x00, 0x00,
    0xBC, 0x00, 0x00, 0x00, 0x00, 0xBC, 0x00, 0x00, 0x00, 0x00, 0xBC, 0x00, 0x00, 0x00, 0x00, 0xBC,
    0x00, 0x00, 0x00, 0x00, 0xBC, 0x00, 0x00, 0x00, 0x00, 0xBB, 0x00, 0x00, 0x00, 0x00, 0x34, 0x23,
    0x41, 0x00, 0x00, 0x00, 0xA1, 0x7A, 0xD9, 0x00, 0x00, 0x00, 0xA1, 0x7A, 0xD9, 0x00, 0x00, 0x00,
    0xA1, 0x7A, 0xD9, 0x00, 0x00, 0x00, 0xA1, 0x7A, 0xD9, 0x00, 0x00, 0x00, 0xA1, 0x7A, 0xD9, 0x00,
    0x00, 0x00, 0xA1, 0x7A, 0xD9, 0x00, 0x00, 0x00, 0xA1, 0x7A, 0xD9, 0x00, 0x00, 0x00, 0xA1, 0x7A,
    0xD9, 0x00, 0x00, 0x00, 0xA1, 0x7A, 0xF0, 0xC8, 0xC2, 0xAF, 0xA1, 0x7A, 0xF0, 0x7E, 0x7A, 0x6D,
    0xA1, 0x7A, 0xD9, 0x00, 0x00, 0x00, 0xA1, 0x7A, 0xD9, 0x00, 0x00, 0x00, 0xA1, 0x7A, 0xD9, 0x00,
    0x00, 0x00, 0xA1, 0x7A, 0xD9, 0x00, 0x00, 0x00, 0xA1, 0x7A, 0xD9, 0x00, 0x00, 0x00, 0xA1, 0x7A,
    0xD9, 0x00, 0x00, 0x00, 0xA1, 0x7A, 0xD9, 0x00, 0x00, 0x00, 0xA0, 0x77, 0xCE, 0x00, 0x00, 0x00,
    0x34, 0x23, 0x41, 0x00, 0x00, 0x00, 0xA1, 0x7A, 0xD9, 0x00, 0x00, 0x00, 0xA1, 0x7A, 0xD9, 0x00,
    0x00, 0x00, 0xA1, 0x7A, 0xD9, 0x00, 0x00, 0x00, 0xA1, 0x7A, 0xD9, 0x00, 0x00, 0x00, 0xA1, 0x7A,
    0xD9, 0x00, 0x00, 0x00, 0xA1, 0x7A, 0xD9, 0x00, 0x00, 0x00, 0xA1, 0x7A, 0xD9, 0x00, 0x00, 0x00,
    0xA1, 0x7A, 0xF0, 0xB9, 0xB3, 0xA1, 0xA1, 0x55, 0x86, 0x90, 0x8C, 0x7E, 0xA1, 0x66, 0xC9, 0xD7,
    0xD0, 0xBB, 0xA1, 0x7A, 0xF0, 0x6C, 0x69, 0x5E, 0xA1, 0x7A, 0xD9, 0x00, 0x00, 0x00, 0xA1, 0x7A,
    0xD9, 0x00, 0x00, 0x00, 0xA1, 0x7A, 0xD9, 0x00, 0x00, 0x00, 0xA1, 0x7A, 0xD9, 0x00, 0x00, 0x00,
    0xA1, 0x7A, 0xD9, 0x00, 0x00, 0x00, 0xA1, 0x7A, 0xD9, 0x00, 0x00, 0x00, 0xA0, 0x77, 0xCE, 0x00,
    0x00, 0x00, 0x00, 0x00, 0x00, 0x00, 0x00, 0x07, 0x54, 0x00, 0x00, 0x00, 0x00, 0x00, 0x1E, 0xFF,
    0x00, 0x00, 0x00, 0x00, 0x00, 0x1E, 0xFF, 0x00, 0x00, 0x00, 0x00, 0x00, 0x1E, 0xFF, 0x00, 0x00,
    0x00, 0x00, 0x00, 0x1E, 0xFF, 0x00, 0x00, 0x00, 0x00, 0x00, 0x1E, 0xFF, 0x00, 0x00, 0x00, 0x00,
    0x00, 0x1E, 0xFF, 0x00, 0x00, 0x00, 0x00, 0x00, 0x1E, 0xFF, 0x00, 0x3A, 0xB9, 0xB9, 0xB9, 0xC3,
    0xFF, 0x00, 0x25, 0x90, 0x90, 0x90, 0xA2, 0xFF, 0x00, 0x43, 0xD7, 0xD7, 0xD7, 0xDE, 0xFF, 0x00,
    0x1C, 0x6C, 0x6C, 0x6C, 0x81, 0xFF, 0x00, 0x00, 0x00, 0x00, 0x00, 0x1E, 0xFF, 0x00, 0x00, 0x00,
    0x00, 0x00, 0x1E, 0xFF, 0x00, 0x00, 0x00, 0x00, 0x00, 0x1E, 0xFF, 0x00, 0x00, 0x00, 0x00, 0x00,
    0x1E, 0xFF, 0x00, 0x00, 0x00, 0x00, 0x00, 0x1E, 0xFF, 0x00, 0x00, 0x00, 0x00, 0x00, 0x1E, 0xFF,
    0x00, 0x00, 0x00, 0x00, 0x00, 0x1C, 0xFF, 0x00, 0x00, 0x00, 0x00, 0x07, 0x54, 0x10, 0x4B, 0x00,
    0x00, 0x00, 0x00, 0x1E, 0xFF, 0x42, 0xFA, 0x00, 0x00, 0x00, 0x00, 0x1E, 0xFF, 0x42, 0xFA, 0x00,
    0x00, 0x00, 0x00, 0x1E, 0xFF, 0x42, 0xFA, 0x00, 0x00, 0x00, 0x00, 0x1E, 0xFF, 0x42, 0xFA, 0x00,
    0x00, 0x00, 0x00, 0x1E, 0xFF, 0x42, 0xFA, 0x00, 0x00, 0x00, 0x00, 0x1E, 0xFF, 0x42, 0xFA, 0x00,
    0x00, 0x00, 0x00, 0x1E, 0xFF, 0x42, 0xFA, 0x00, 0x00, 0x00, 0x00, 0x1E, 0xFF, 0x42, 0xFA, 0x00,
    0x4B, 0xC8, 0xC8, 0xD0, 0xFF, 0x42, 0xFA, 0x00, 0x27, 0x7E, 0x7E, 0x91, 0xFF, 0x42, 0xFA, 0x00,
    0x00, 0x00, 0x00, 0x1E, 0xFF, 0x42, 0xFA, 0x00, 0x00, 0x00, 0x00, 0x1E, 0xFF, 0x42, 0xFA, 0x00,
    0x00, 0x00, 0x00, 0x1E, 0xFF, 0x42, 0xFA, 0x00, 0x00, 0x00, 0x00, 0x1E, 0xFF, 0x42, 0xFA, 0x00,
    0x00, 0x00, 0x00, 0x1E, 0xFF, 0x42, 0xFA, 0x00, 0x00, 0x00, 0x00, 0x1E, 0xFF, 0x42, 0xFA, 0x00,
    0x00, 0x00, 0x00, 0x1E, 0xFF, 0x42, 0xFA, 0x00, 0x00, 0x00, 0x00, 0x1C, 0xFF, 0x3D, 0xED, 0x00,
    0x00, 0x00, 0x00, 0x07, 0x54, 0x10, 0x4B, 0x00, 0x00, 0x00, 0x00, 0x1E, 0xFF, 0x42, 0xFA, 0x00,
    0x00, 0x00, 0x00, 0x1E, 0xFF, 0x42, 0xFA, 0x00, 0x00, 0x00, 0x00, 0x1E, 0xFF, 0x42, 0xFA, 0x00,
    0x00, 0x00, 0x00, 0x1E, 0xFF, 0x42, 0xFA, 0x00, 0x00, 0x00, 0x00, 0x1E, 0xFF, 0x42, 0xFA, 0x00,
    0x00, 0x00, 0x00, 0x1E, 0xFF, 0x42, 0xFA, 0x00, 0x00, 0x00, 0x00, 0x1E, 0xFF, 0x42, 0xFA, 0x00,
    0x45, 0xB9, 0xB9, 0xC3, 0xFF, 0x42, 0xFA, 0x00, 0x2D, 0x90, 0x90, 0x90, 0x7E, 0x42, 0xFA, 0x00,
    0x4F, 0xD7, 0xD7, 0xD7, 0xBB, 0x42, 0xFA, 0x00, 0x21, 0x6C, 0x6C, 0x81, 0xFF, 0x42, 0xFA, 0x00,
    0x00, 0x00, 0x00, 0x1E, 0xFF, 0x42, 0xFA, 0x00, 0x00, 0x00, 0x00, 0x1E, 0xFF, 0x42, 0xFA, 0x00,
    0x00, 0x00, 0x00, 0x1E, 0xFF, 0x42, 0xFA, 0x00, 0x00, 0x00, 0x00, 0x1E, 0xFF, 0x42, 0xFA, 0x00,
    0x00, 0x00, 0x00, 0x1E, 0xFF, 0x42, 0xFA, 0x00, 0x00, 0x00, 0x00, 0x1E, 0xFF, 0x42, 0xFA, 0x00,
    0x00, 0x00, 0x00, 0x1C, 0xFF, 0x3D, 0xED, 0x5E, 0xFF, 0xFF, 0xFF, 0xFF, 0xFF, 0xFF, 0xF8, 0x0B,
    0x2A, 0x2A, 0x2A, 0x2A, 0x2A, 0x2A, 0x25, 0x68, 0xFF, 0xFF, 0xFF, 0xFF, 0xFF, 0xFF, 0xFF, 0x01,
    0x06, 0x06, 0x49, 0xBD, 0x06, 0x06, 0x04, 0x00, 0x00, 0x00, 0x44, 0xBB, 0x00, 0x00, 0x00, 0x00,
    0x00, 0x00, 0x44, 0xBB, 0x00, 0x00, 0x00, 0x00, 0x00, 0x00, 0x44, 0xBB, 0x00, 0x00, 0x00, 0x00,
    0x00, 0x00, 0x44, 0xBB, 0x00, 0x00, 0x00, 0x00, 0x00, 0x00, 0x44, 0xBB, 0x00, 0x00, 0x00, 0x00,
    0x00, 0x00, 0x44, 0xBB, 0x00, 0x00, 0x00, 0x00, 0x00, 0x00, 0x2E, 0x9A, 0x00, 0x00, 0x00, 0x63,
    0xFF, 0xFF, 0xFF, 0xFF, 0xFF, 0xFF, 0xFF, 0x06, 0x18, 0x33, 0xDE, 0x8E, 0x6E, 0x18, 0x15, 0x00,
    0x00, 0x1D, 0xD8, 0x80, 0x5E, 0x00, 0x00, 0x00, 0x00, 0x1D, 0xD8, 0x80, 0x5E, 0x00, 0x00, 0x00,
    0x00, 0x1D, 0xD8, 0x80, 0x5E, 0x00, 0x00, 0x00, 0x00, 0x1D, 0xD8, 0x80, 0x5E, 0x00, 0x00, 0x00,
    0x00, 0x1D, 0xD8, 0x80, 0x5E, 0x00, 0x00, 0x00, 0x00, 0x1D, 0xD8, 0x80, 0x5E, 0x00, 0x00, 0x00,
    0x00, 0x1D, 0xD8, 0x80, 0x5E, 0x00, 0x00, 0x00, 0x00, 0x14, 0x93, 0x5D, 0x4D, 0x00, 0x00, 0x5E,
    0xFF, 0xFF, 0xFF, 0xFF, 0xFF, 0xFF, 0xF8, 0x0B, 0x2A, 0x2A, 0x2A, 0x2A, 0x2A, 0x2A, 0x25, 0x68,
    0xFF, 0xFF, 0xED, 0x81, 0xFF, 0xFF, 0xFF, 0x01, 0x06, 0x22, 0xD8, 0x80, 0x62, 0x06, 0x04, 0x00,
    0x00, 0x1D, 0xD8, 0x80, 0x5E, 0x00, 0x00, 0x00, 0x00, 0x1D, 0xD8, 0x80, 0x5E, 0x00, 0x00, 0x00,
    0x00, 0x1D, 0xD8, 0x80, 0x5E, 0x00, 0x00, 0x00, 0x00, 0x1D, 0xD8, 0x80, 0x5E, 0x00, 0x00, 0x00,
    0x00, 0x1D, 0xD8, 0x80, 0x5E, 0x00, 0x00, 0x00, 0x00, 0x1D, 0xD8, 0x80, 0x5E, 0x00, 0x00, 0x00,
    0x00, 0x14, 0x93, 0x5D, 0x4D, 0x00, 0x00, 0x00, 0x00, 0x00, 0x14, 0x42, 0x00, 0x00, 0x00, 0x00,
    0x00, 0x00, 0x44, 0xBB, 0x00, 0x00, 0x00, 0x00, 0x00, 0x00, 0x44, 0xBB, 0x00, 0x00, 0x00, 0x00,
    0x00, 0x00, 0x44, 0xBB, 0x00, 0x00, 0x00, 0x00, 0x00, 0x00, 0x44, 0xBB, 0x00, 0x00, 0x00, 0x00,
    0x00, 0x00, 0x44, 0xBB, 0x00, 0x00, 0x00, 0x00, 0x00, 0x00, 0x44, 0xBB, 0x00, 0x00, 0x00, 0x00,
    0x00, 0x00, 0x44, 0xBB, 0x00, 0x00, 0x00, 0x59, 0xFF, 0xFF, 0xFF, 0xFF, 0xFF, 0xFF, 0xEB, 0x0D,
    0x30, 0x30, 0x30, 0x30, 0x30, 0x30, 0x2B, 0x68, 0xFF, 0xFF, 0xFF, 0xFF, 0xFF, 0xFF, 0xFF, 0x01,
    0x06, 0x06, 0x06, 0x06, 0x06, 0x06, 0x04, 0x00, 0x00, 0x0E, 0x83, 0x45, 0x3A, 0x00, 0x00, 0x00,
    0x00, 0x1D, 0xD8, 0x80, 0x5E, 0x00, 0x00, 0x00, 0x00, 0x1D, 0xD8, 0x80, 0x5E, 0x00, 0x00, 0x00,
    0x00, 0x1D, 0xD8, 0x80, 0x5E, 0x00, 0x00, 0x00, 0x00, 0x1D, 0xD8, 0x80, 0x5E, 0x00, 0x00, 0x00,
    0x00, 0x1D, 0xD8, 0x80, 0x5E, 0x00, 0x00, 0x00, 0x00, 0x1D, 0xD8, 0x80, 0x5E, 0x00, 0x00, 0x00,
    0x00, 0x1D, 0xD8, 0x80, 0x5E, 0x00, 0x00, 0x00, 0x00, 0x1D, 0xD8, 0x80, 0x5E, 0x00, 0x00, 0x63,
    0xFF, 0xFF, 0xFF, 0xFF, 0xFF, 0xFF, 0xFF, 0x06, 0x18, 0x18, 0x18, 0x18, 0x18, 0x18, 0x15, 0x00,
    0x00, 0x08, 0x4B, 0x27, 0x21, 0x00, 0x00, 0x00, 0x00, 0x1D, 0xD8, 0x80, 0x5E, 0x00, 0x00, 0x00,
    0x00, 0x1D, 0xD8, 0x80, 0x5E, 0x00, 0x00, 0x00, 0x00, 0x1D, 0xD8, 0x80, 0x5E, 0x00, 0x00, 0x00,
    0x00, 0x1D, 0xD8, 0x80, 0x5E, 0x00, 0x00, 0x00, 0x00, 0x1D, 0xD8, 0x80, 0x5E, 0x00, 0x00, 0x00,
    0x00, 0x1D, 0xD8, 0x80, 0x5E, 0x00, 0x00, 0x00, 0x00, 0x1D, 0xD8, 0x80, 0x5E, 0x00, 0x00, 0x59,
    0xFF, 0xFF, 0xFB, 0x88, 0xFF, 0xFF, 0xEB, 0x0D, 0x30, 0x30, 0x27, 0x14, 0x30, 0x30, 0x2B, 0x68,
    0xFF, 0xFF, 0xFF, 0xFF, 0xFF, 0xFF, 0xFF, 0x01, 0x06, 0x06, 0x06, 0x06, 0x06, 0x06, 0x04, 0x00,
    0x00, 0x00, 0x11, 0x38, 0x00, 0x00, 0x00, 0x00, 0x00, 0x00, 0x44, 0xBB, 0x00, 0x00, 0x00, 0x00,
    0x00, 0x00, 0x44, 0xBB, 0x00, 0x00, 0x00, 0x00, 0x00, 0x00, 0x44, 0xBB, 0x00, 0x00, 0x00, 0x00,
    0x00, 0x00, 0x44, 0xBB, 0x00, 0x00, 0x00, 0x00, 0x00, 0x00, 0x44, 0xBB, 0x00, 0x00, 0x00, 0x00,
    0x00, 0x00, 0x44, 0xBB, 0x00, 0x00, 0x00, 0x00, 0x00, 0x00, 0x44, 0xBB, 0x00, 0x00, 0x00, 0x40,
    0xB9, 0xB9, 0xD0, 0xF2, 0xB9, 0xB9, 0xAA, 0x29, 0x90, 0x90, 0x9F, 0xEA, 0x90, 0x90, 0x84, 0x4A,
    0xD7, 0xD7, 0xE9, 0xF8, 0xD7, 0xD7, 0xC5, 0x1F, 0x6C, 0x6C, 0x9D, 0xE3, 0x6C, 0x6C, 0x63, 0x00,
    0x00, 0x00, 0x44, 0xBB, 0x00, 0x00, 0x00, 0x00, 0x00, 0x00, 0x44, 0xBB, 0x00, 0x00, 0x00, 0x00,
    0x00, 0x00, 0x44, 0xBB, 0x00, 0x00, 0x00, 0x00, 0x00, 0x00, 0x44, 0xBB, 0x00, 0x00, 0x00, 0x00,
    0x00, 0x00, 0x44, 0xBB, 0x00, 0x00, 0x00, 0x00, 0x00, 0x00, 0x44, 0xBB, 0x00, 0x00, 0x00, 0x00,
    0x00, 0x00, 0x40, 0xB1, 0x00, 0x00, 0x00, 0x00, 0x00, 0x07, 0x40, 0x22, 0x1C, 0x00, 0x00, 0x00,
    0x00, 0x1D, 0xD8, 0x80, 0x5E, 0x00, 0x00, 0x00, 0x00, 0x1D, 0xD8, 0x80, 0x5E, 0x00, 0x00, 0x00,
    0x00, 0x1D, 0xD8, 0x80, 0x5E, 0x00, 0x00, 0x00, 0x00, 0x1D, 0xD8, 0x80, 0x5E, 0x00, 0x00, 0x00,
    0x00, 0x1D, 0xD8, 0x80, 0x5E, 0x00, 0x00, 0x00, 0x00, 0x1D, 0xD8, 0x80, 0x5E, 0x00, 0x00, 0x00,
    0x00, 0x1D, 0xD8, 0x80, 0x5E, 0x00, 0x00, 0x00, 0x00, 0x1D, 0xD8, 0x80, 0x5E, 0x00, 0x00, 0x45,
    0xC8, 0xD1, 0xF8, 0xED, 0xE0, 0xC8, 0xB7, 0x24, 0x7E, 0x91, 0xEF, 0xB5, 0xB3, 0x7E, 0x73, 0x00,
    0x00, 0x1D, 0xD8, 0x80, 0x5E, 0x00, 0x00, 0x00, 0x00, 0x1D, 0xD8, 0x80, 0x5E, 0x00, 0x00, 0x00,
    0x00, 0x1D, 0xD8, 0x80, 0x5E, 0x00, 0x00, 0x00, 0x00, 0x1D, 0xD8, 0x80, 0x5E, 0x00, 0x00, 0x00,
    0x00, 0x1D, 0xD8, 0x80, 0x5E, 0x00, 0x00, 0x00, 0x00, 0x1D, 0xD8, 0x80, 0x5E, 0x00, 0x00, 0x00,
    0x00, 0x1D, 0xD8, 0x80, 0x5E, 0x00, 0x00, 0x00, 0x00, 0x1B, 0xCC, 0x79, 0x59, 0x00, 0x00, 0x00,
    0x00, 0x03, 0x52, 0x21, 0x23, 0x00, 0x00, 0x00, 0x00, 0x0D, 0xD5, 0x6B, 0x65, 0x00, 0x00, 0x00,
    0x00, 0x0D, 0xD5, 0x6B, 0x65, 0x00, 0x00, 0x00, 0x00, 0x0D, 0xD5, 0x6B, 0x65, 0x00, 0x00, 0x00,
    0x00, 0x0D, 0xD5, 0x6B, 0x65, 0x00, 0x00, 0x00, 0x00, 0x0D, 0xD5, 0x6B, 0x65, 0x00, 0x00, 0x00,
    0x00, 0x0D, 0xD5, 0x6B, 0x65, 0x00, 0x00, 0x00, 0x00, 0x0D, 0xD5, 0x6B, 0x65, 0x00, 0x00, 0x41,
    0xFF, 0xFF, 0xFF, 0x6F, 0xFF, 0xFF, 0xDE, 0x0A, 0x30, 0x30, 0x2B, 0x10, 0x30, 0x30, 0x2A, 0x4D,
    0xFF, 0xFF, 0xFF, 0x6A, 0xFF, 0xFF, 0xFF, 0x01, 0x06, 0x12, 0xD6, 0x6B, 0x68, 0x06, 0x04, 0x00,
    0x00, 0x0D, 0xD5, 0x6B, 0x65, 0x00, 0x00, 0x00, 0x00, 0x0D, 0xD5, 0x6B, 0x65, 0x00, 0x00, 0x00,
    0x00, 0x0D, 0xD5, 0x6B, 0x65, 0x00, 0x00, 0x00, 0x00, 0x0D, 0xD5, 0x6B, 0x65, 0x00, 0x00, 0x00,
    0x00, 0x0D, 0xD5, 0x6B, 0x65, 0x00, 0x00, 0x00, 0x00, 0x0D, 0xD5, 0x6B, 0x65, 0x00, 0x00, 0x00,
    0x00, 0x08, 0xA0, 0x4E, 0x53, 0x00, 0x00, 0x00, 0x11, 0xB2, 0xF9, 0x18, 0x07, 0xEA, 0xB1, 0x3F,
    0x03, 0x72, 0xC2, 0x01, 0x00, 0x00, 0xB3, 0x27, 0x00, 0x00, 0x00, 0xB8, 0x00, 0x00, 0x00, 0x00,
    0xBC, 0x00, 0x00, 0x00, 0x00, 0xBC, 0x00, 0x00, 0x00, 0x00, 0xBC, 0x00, 0x00, 0x00, 0x00, 0xBC,
    0x00, 0x00, 0x00, 0x00, 0x9C, 0x00, 0x00, 0x00, 0x00, 0x00, 0x52, 0xFA, 0xCA, 0x66, 0x00, 0x00,
    0x00, 0x0D, 0x3F, 0x87, 0xFF, 0xAD, 0x00, 0x00, 0x00, 0x00, 0x00, 0x0F, 0xFF, 0x72, 0x00, 0x00,
    0x00, 0x00, 0x00, 0x79, 0xDA, 0x00, 0x00, 0x00, 0x00, 0x00, 0x28, 0xFF, 0x00, 0x00, 0x00, 0x00,
    0x00, 0x1E, 0xFF, 0x00, 0x00, 0x00, 0x00, 0x00, 0x1E, 0xFF, 0x00, 0x00, 0x00, 0x00, 0x00, 0x1E,
    0xFF, 0x00, 0x00, 0x00, 0x00, 0x00, 0x1E, 0xFF, 0x00, 0x00, 0x00, 0x00, 0x00, 0x16, 0xD5, 0x00,
    0x00, 0x00, 0x00, 0x00, 0x0C, 0x93, 0x00, 0x00, 0x00, 0x00, 0x00, 0x1E, 0xFF, 0x00, 0x00, 0x00,
    0x00, 0x00, 0x1E, 0xFF, 0x00, 0x00, 0x00, 0x00, 0x00, 0x1E, 0xFF, 0x00, 0x00, 0x00, 0x00, 0x00,
    0x1E, 0xFF, 0x00, 0x00, 0x00, 0x00, 0x00, 0x22, 0xFF, 0x00, 0x00, 0x00, 0x00, 0x00, 0x51, 0xF1,
    0x00, 0x00, 0x00, 0x00, 0x00, 0xD4, 0xAC, 0x00, 0x00, 0x00, 0x13, 0xB6, 0xFF, 0x0F, 0x00, 0x52,
    0xFF, 0xFF, 0xC1, 0x18, 0x00, 0x00, 0x0D, 0x2B, 0x07, 0x00, 0x00, 0x00, 0x6A, 0x00, 0x00, 0x00,
    0x00, 0xBC, 0x00, 0x00, 0x00, 0x00, 0xBC, 0x00, 0x00, 0x00, 0x00, 0xBC, 0x00, 0x00, 0x00, 0x00,
    0xBC, 0x00, 0x00, 0x00, 0x00, 0xBA, 0x00, 0x00, 0x00, 0x00, 0xB3, 0x0C, 0x00, 0x00, 0x00, 0x95,
    0x9D, 0x00, 0x00, 0x00, 0x26, 0xF6, 0x57, 0x01, 0x00, 0x00, 0x4A, 0xF0, 0xFF, 0x18, 0x00, 0x00,
    0x07, 0x2D, 0x03, 0x00, 0x00, 0x00, 0x00, 0x00, 0x19, 0x89, 0x8D, 0x00, 0x00, 0x00, 0x00, 0x01,
    0x38, 0xC6, 0x48, 0x00, 0x00, 0x00, 0x00, 0x0B, 0xB3, 0x8C, 0x00, 0x00, 0x00, 0x00, 0x00, 0x27,
    0xD8, 0x20, 0x00, 0x00, 0x00, 0x00, 0x00, 0xAF, 0x8E, 0x00, 0x00, 0x00, 0x00, 0x00, 0x2A, 0xF1,
    0x14, 0x00, 0x00, 0x00, 0x00, 0x00, 0xBE, 0xA3, 0x00, 0x00, 0x00, 0x00, 0x00, 0x3B, 0xF4, 0x09,
    0x00, 0x00, 0x00, 0x00, 0x00, 0xBD, 0x91, 0x00, 0x00, 0x00, 0x00, 0x00, 0x47, 0xE3, 0x11, 0x00,
    0x00, 0x00, 0x00, 0x01, 0xB0, 0x85, 0x07, 0x00, 0x00, 0x00, 0x00, 0x4E, 0xCB, 0x2C, 0x00, 0x00,
    0x00, 0x00, 0x00, 0x94, 0x81, 0x0E, 0x00, 0x00, 0x00, 0x00, 0x00, 0xBF, 0x3F, 0x00, 0x00, 0x00,
    0x00, 0x00, 0x00, 0x89, 0x0E, 0x00, 0x00, 0x00, 0x00, 0x00, 0x00, 0x39, 0x00, 0x00, 0x00, 0x00,
    0x00, 0x00, 0x00, 0x64, 0x00, 0x00, 0x00, 0x00, 0x00, 0x00, 0x00, 0xB0, 0x26, 0x00, 0x00, 0x00,
    0x00, 0x00, 0x00, 0xB7, 0x52, 0x01, 0x00, 0x00, 0x00, 0x00, 0x00, 0x7C, 0xAF, 0x1D, 0x00, 0x00,
    0x00, 0x00, 0x00, 0x22, 0xC2, 0x3D, 0x01, 0x00, 0x00, 0x00, 0x00, 0x00, 0x83, 0xBD, 0x0C, 0x00,
    0x00, 0x00, 0x00, 0x00, 0x19, 0xD6, 0x2F, 0x00, 0x00, 0x00, 0x00, 0x00, 0x00, 0x84, 0xB9, 0x00,
    0x00, 0x00, 0x00, 0x00, 0x00, 0x0F, 0xF0, 0x35, 0x00, 0x00, 0x00, 0x00, 0x00, 0x00, 0x95, 0xCB,
    0x00, 0x00, 0x00, 0x00, 0x00, 0x00, 0x06, 0xF4, 0x45, 0x00, 0x00, 0x00, 0x00, 0x00, 0x00, 0x84,
    0xC7, 0x00, 0x00, 0x00, 0x00, 0x00, 0x00, 0x0F, 0xDF, 0x53, 0x00, 0x00, 0x00, 0x00, 0x00, 0x06,
    0x79, 0xB1, 0x06, 0x00, 0x00, 0x00, 0x00, 0x00, 0x29, 0xC0, 0x81, 0x00, 0x00, 0x00, 0x00, 0x00,
    0x0A, 0x3C, 0x4E, 0x6B, 0x00, 0x00, 0x00, 0x00, 0x1C, 0x93, 0x94, 0xB2, 0x28, 0x00, 0x00, 0x01,
    0x3A, 0xC3, 0x40, 0xB3, 0x55, 0x01, 0x00, 0x0C, 0xBA, 0x86, 0x00, 0x77, 0xB2, 0x1F, 0x00, 0x2C,
    0xD7, 0x1C, 0x00, 0x1D, 0xC0, 0x41, 0x01, 0xB5, 0x87, 0x00, 0x00, 0x00, 0x7E, 0xA9, 0x3B, 0xF0,
    0x11, 0x00, 0x00, 0x00, 0x15, 0xD5, 0xEA, 0x9B, 0x00, 0x00, 0x00, 0x00, 0x00, 0x84, 0xF9, 0x07,
    0x00, 0x00, 0x00, 0x00, 0x00, 0xC3, 0xFE, 0x3C, 0x00, 0x00, 0x00, 0x00, 0x4F, 0xE2, 0x9D, 0xD3,
    0x00, 0x00, 0x00, 0x02, 0xB1, 0x7C, 0x0A, 0xF5, 0x4C, 0x00, 0x00, 0x54, 0xC8, 0x2A, 0x00, 0x7B,
    0xCC, 0x01, 0x00, 0x96, 0x7C, 0x0C, 0x00, 0x0F, 0xDB, 0x59, 0x00, 0xBE, 0x3D, 0x00, 0x00, 0x05,
    0x72, 0xB2, 0x07, 0x86, 0x0C, 0x00, 0x00, 0x00, 0x28, 0xBB, 0x85, 0x32, 0x00, 0x00, 0x00, 0x00,
    0x08, 0x35, 0x46, 0x00, 0x55, 0xFF, 0xFF, 0xFF, 0xFF, 0xFD, 0x00, 0x06, 0x18, 0x18, 0x18, 0x18,
    0x15, 0x0F, 0xAC, 0x1E, 0xFF, 0x1E, 0xFF, 0x1E, 0xFF, 0x1E, 0xFF, 0x1E, 0xFF, 0x1E, 0xFF, 0x1E,
    0xFF, 0x1E, 0xFF, 0x1E, 0xFF, 0x01, 0x15, 0xB9, 0xFF, 0xFF, 0xFF, 0xFF, 0x10, 0x18, 0x18, 0x17,
    0x15, 0x12, 0xAF, 0x1E, 0xFF, 0x1E, 0xFF, 0x1E, 0xFF, 0x1E, 0xFF, 0x1E, 0xFF, 0x1E, 0xFF, 0x1E,
    0xFF, 0x1E, 0xFF, 0x1C, 0xFF, 0x00, 0x04, 0x12, 0x12, 0x12, 0x12, 0x0F, 0x00, 0x60, 0xFF, 0xFF,
    0xFF, 0xFF, 0xFF, 0x00, 0x52, 0xFF, 0xFF, 0xFF, 0xFF, 0xF3, 0xA3, 0xA5, 0x0F, 0xFF, 0xFF, 0x1E,
    0xFF, 0xFF, 0x1E, 0xFF, 0xFF, 0x1E, 0xFF, 0xFF, 0x1E, 0xFF, 0xFF, 0x1E, 0xFF, 0xFF, 0x1E, 0xFF,
    0xFF, 0x1E, 0xFF, 0xFF, 0x1E, 0xFF, 0xFF, 0x1E, 0x13, 0x18, 0x01, 0x0C, 0x12, 0x12, 0x12, 0x10,
    0xBD, 0xFF, 0xFF, 0xFF, 0xFF, 0xB7, 0xFF, 0xFF, 0xFE, 0xFC, 0xA5, 0xC8, 0x12, 0xFF, 0xFF, 0x1E,
    0xFF, 0xFF, 0x1E, 0xFF, 0xFF, 0x1E, 0xFF, 0xFF, 0x1E, 0xFF, 0xFF, 0x1E, 0xFF, 0xFF, 0x1E, 0xFF,
    0xFF, 0x1E, 0xFF, 0xFF, 0x1E, 0xFC, 0xFF, 0x1C, 0x00, 0x00, 0x00, 0x02, 0x12, 0x12, 0x12, 0x10,
    0x40, 0xB9, 0xB9, 0xD2, 0xFF, 0xFF, 0xFF, 0xFF, 0x29, 0x90, 0x90, 0xB3, 0xFF, 0xFF, 0xFF, 0xFC,
    0x21, 0x3A, 0x00, 0x84, 0xC3, 0x00, 0x84, 0xC3, 0x00, 0x84, 0xC3, 0x00, 0x84, 0xC3, 0x00, 0x84,
    0xC3, 0x00, 0x84, 0xC3, 0x00, 0x84, 0xC3, 0x00, 0x84, 0xC3, 0x00, 0xCE, 0xFF, 0x12, 0xFF, 0xFF,
    0x1E, 0xFF, 0xFF, 0x1E, 0xFF, 0xFF, 0x1E, 0xFF, 0xFF, 0x1E, 0xFF, 0xFF, 0x1E, 0xFF, 0xFF, 0x1E,
    0xFF, 0xFF, 0x1E, 0xFF, 0xFF, 0x1E, 0xFC, 0xFF, 0x1C, 0x03, 0x12, 0x12, 0x11, 0x04, 0x00, 0x00,
    0x00, 0x48, 0xFF, 0xFF, 0xFF, 0xCB, 0xB9, 0xB9, 0x13, 0x3E, 0xFF, 0xFF, 0xFF, 0xAC, 0x90, 0x90,
    0x0D, 0xA3, 0xA5, 0x0F, 0xFF, 0xFF, 0x1E, 0xFF, 0xFF, 0x1E, 0xFF, 0xFF, 0x1E, 0xFF, 0xFF, 0x1E,
    0xFF, 0xFF, 0x1E, 0xFF, 0xFF, 0x1E, 0xFF, 0xFF, 0x1E, 0xFF, 0xFF, 0x1E, 0xFF, 0xFF, 0x1E, 0x8E,
    0xCA, 0x01, 0x84, 0xC3, 0x00, 0x84, 0xC3, 0x00, 0x84, 0xC3, 0x00, 0x84, 0xC3, 0x00, 0x84, 0xC3,
    0x00, 0x84, 0xC3, 0x00, 0x84, 0xC3, 0x00, 0x5A, 0xA0, 0x00, 0xFF, 0xFF, 0xFF, 0xFF, 0xFF, 0xFF,
    0xFF, 0xFF, 0xFF, 0xB4, 0xFF, 0xFF, 0xFF, 0xFF, 0xFF, 0xFF, 0xFF, 0xFF, 0xFF, 0xBE, 0xFF, 0xFF,
    0xFF, 0xFF, 0xFF, 0xFF, 0xFF, 0xFF, 0xFF, 0xBE, 0xFF, 0xFF, 0xFF, 0xFF, 0xFF, 0xFF, 0xFF, 0xFF,
    0xFF, 0xBE, 0xFF, 0xFF, 0xFF, 0xFF, 0xFF, 0xFF, 0xFF, 0xFF, 0xFF, 0xBE, 0xFF, 0xFF, 0xFF, 0xFF,
    0xFF, 0xFF, 0xFF, 0xFF, 0xFF, 0xBE, 0xFF, 0xFF, 0xFF, 0xFF, 0xFF, 0xFF, 0xFF, 0xFF, 0xFF, 0xBE,
    0xFF, 0xFF, 0xFF, 0xFF, 0xFF, 0xFF, 0xFF, 0xFF, 0xFF, 0xBE, 0xFF, 0xFF, 0xFF, 0xFF, 0xFF, 0xFF,
    0xFF, 0xFF, 0xFF, 0xBE, 0xB0, 0xB9, 0xB9, 0xB9, 0xB9, 0xB9, 0xB9, 0xB9, 0xB9, 0x82, 0xFF, 0xFF,
    0xFF, 0xFF, 0xFF, 0xFF, 0xFF, 0xFF, 0xFF, 0xEE, 0xFF, 0x00, 0x00, 0x00, 0x00, 0x00, 0x00, 0x00,
    0x1E, 0xFF, 0xFF, 0x00, 0x00, 0x00, 0x00, 0x00, 0x00, 0x00, 0x1E, 0xFF, 0xFF, 0x00, 0x00, 0x00,
    0x00, 0x00, 0x00, 0x00, 0x1E, 0xFF, 0xFF, 0x00, 0x00, 0x00, 0x00, 0x00, 0x00, 0x00, 0x1E, 0xFF,
    0xFF, 0x00, 0x00, 0x00, 0x00, 0x00, 0x00, 0x00, 0x1E, 0xFF, 0xFF, 0x00, 0x00, 0x00, 0x00, 0x00,
    0x00, 0x00, 0x1E, 0xFF, 0xFF, 0x00, 0x00, 0x00, 0x00, 0x00, 0x00, 0x00, 0x1E, 0xFF, 0xFF, 0x1E,
    0x1E, 0x1E, 0x1E, 0x1E, 0x1E, 0x1E, 0x39, 0xFF, 0xF7, 0xFF, 0xFF, 0xFF, 0xFF, 0xFF, 0xFF, 0xFF,
    0xFF, 0xD3, 0x00, 0x00, 0x00, 0x00, 0x85, 0x1B, 0x00, 0x00, 0x00, 0x00, 0x00, 0x00, 0x00, 0x07,
    0xFF, 0xA6, 0x00, 0x00, 0x00, 0x00, 0x00, 0x00, 0x00, 0x99, 0xFF, 0xFF, 0x1C, 0x00, 0x00, 0x00,
    0x00, 0x00, 0x07, 0xFF, 0xFF, 0xFF, 0xA7, 0x00, 0x00, 0x00, 0x00, 0x00, 0x99, 0xFF, 0xFF, 0xFF,
    0xFF, 0x1C, 0x00, 0x00, 0x00, 0x07, 0xFF, 0xFF, 0xFF, 0xFF, 0xFF, 0xA8, 0x00, 0x00, 0x00, 0x9A,
    0xFF, 0xFF, 0xFF, 0xFF, 0xFF, 0xFF, 0x1E, 0x00, 0x07, 0xFF, 0xFF, 0xFF, 0xFF, 0xFF, 0xFF, 0xFF,
    0xAA, 0x00, 0x99, 0xFF, 0xFF, 0xFF, 0xFF, 0xFF, 0xFF, 0xFF, 0xFF, 0x1E, 0xBA, 0xC3, 0xC3, 0xC3,
    0xC3, 0xC3, 0xC3, 0xC3, 0xC3, 0x66, 0xCE, 0x4B, 0x00, 0x00, 0x00, 0x00, 0x00, 0x00, 0x00, 0x00,
    0xFF, 0xFF, 0xDE, 0x4B, 0x00, 0x00, 0x00, 0x00, 0x00, 0x00, 0xFF, 0xFF, 0xFF, 0xFF, 0xDD, 0x4B,
    0x00, 0x00, 0x00, 0x00, 0xFF, 0xFF, 0xFF, 0xFF, 0xFF, 0xFF, 0xDE, 0x4C, 0x00, 0x00, 0xFF, 0xFF,
    0xFF, 0xFF, 0xFF, 0xFF, 0xFF, 0xFF, 0xDE, 0x3A, 0xFF, 0xFF, 0xFF, 0xFF, 0xFF, 0xFF, 0xFF, 0xFF,
    0x96, 0x07, 0xFF, 0xFF, 0xFF, 0xFF, 0xFF, 0xFF, 0x96, 0x06, 0x00, 0x00, 0xFF, 0xFF, 0xFF, 0xFF,
    0x94, 0x06, 0x00, 0x00, 0x00, 0x00, 0xFF, 0xFF, 0x94, 0x06, 0x00, 0x00, 0x00, 0x00, 0x00, 0x00,
    0x88, 0x06, 0x00, 0x00, 0x00, 0x00, 0x00, 0x00, 0x00, 0x00, 0xD5, 0xFF, 0xFF, 0xFF, 0xFF, 0xFF,
    0xFF, 0xFF, 0xFF, 0x7F, 0x5E, 0xFF, 0xFF, 0xFF, 0xFF, 0xFF, 0xFF, 0xFF, 0xFF, 0x06, 0x00, 0xEE,
    0xFF, 0xFF, 0xFF, 0xFF, 0xFF, 0xFF, 0x90, 0x00, 0x00, 0x5E, 0xFF, 0xFF, 0xFF, 0xFF, 0xFF, 0xFF,
    0x06, 0x00, 0x00, 0x00, 0xEE, 0xFF, 0xFF, 0xFF, 0xFF, 0x8E, 0x00, 0x00, 0x00, 0x00, 0x5D, 0xFF,
    0xFF, 0xFF, 0xFF, 0x04, 0x00, 0x00, 0x00, 0x00, 0x00, 0xEE, 0xFF, 0xFF, 0x8D, 0x00, 0x00, 0x00,
    0x00, 0x00, 0x00, 0x5D, 0xFF, 0xFF, 0x04, 0x00, 0x00, 0x00, 0x00, 0x00, 0x00, 0x00, 0xED, 0x8D,
    0x00, 0x00, 0x00, 0x00, 0x00, 0x00, 0x00, 0x00, 0x42, 0x04, 0x00, 0x00, 0x00, 0x00, 0x00, 0x00,
    0x00, 0x00, 0x00, 0x00, 0x00, 0x06, 0x90, 0xAF, 0x00, 0x00, 0x00, 0x00, 0x00, 0x06, 0x90, 0xFF,
    0xFF, 0xBE, 0x00, 0x00, 0x00, 0x06, 0x90, 0xFF, 0xFF, 0xFF, 0xFF, 0xBE, 0x00, 0x06, 0x91, 0xFF,
    0xFF, 0xFF, 0xFF, 0xFF, 0xFF, 0xBE, 0x85, 0xFF, 0xFF, 0xFF, 0xFF, 0xFF, 0xFF, 0xFF, 0xFF, 0xBE,
    0x27, 0xB7, 0xFF, 0xFF, 0xFF, 0xFF, 0xFF, 0xFF, 0xFF, 0xBE, 0x00, 0x00, 0x27, 0xB6, 0xFF, 0xFF,
    0xFF, 0xFF, 0xFF, 0xBE, 0x00, 0x00, 0x00, 0x00, 0x27, 0xB5, 0xFF, 0xFF, 0xFF, 0xBE, 0x00, 0x00,
    0x00, 0x00, 0x00, 0x00, 0x25, 0xB4, 0xFF, 0xBE, 0x00, 0x00, 0x00, 0x00, 0x00, 0x00, 0x00, 0x00,
    0x25, 0x69, 0x00, 0x00, 0x00, 0x01, 0xB6, 0x66, 0x00, 0x00, 0x00, 0x00, 0x00, 0x00, 0x01, 0xC0,
    0xFF, 0xFF, 0x67, 0x00, 0x00, 0x00, 0x00, 0x01, 0xC0, 0xFF, 0xFF, 0xFF, 0xFF, 0x67, 0x00, 0x00,
    0x01, 0xC0, 0xFF, 0xFF, 0xFF, 0xFF, 0xFF, 0xFF, 0x69, 0x00, 0xBA, 0xFF, 0xFF, 0xFF, 0xFF, 0xFF,
    0xFF, 0xFF, 0xFF, 0x61, 0x7B, 0xFF, 0xFF, 0xFF, 0xFF, 0xFF, 0xFF, 0xFF, 0xFF, 0x24, 0x00, 0x7B,
    0xFF, 0xFF, 0xFF, 0xFF, 0xFF, 0xFF, 0x24, 0x00, 0x00, 0x00, 0x7B, 0xFF, 0xFF, 0xFF, 0xFF, 0x22,
    0x00, 0x00, 0x00, 0x00, 0x00, 0x79, 0xFF, 0xFF, 0x22, 0x00, 0x00, 0x00, 0x00, 0x00, 0x00, 0x00,
    0x6D, 0x21, 0x00, 0x00, 0x00, 0x00, 0x00, 0x00, 0x00, 0x01, 0xB6, 0x66, 0x00, 0x00, 0x00, 0x00,
    0x00, 0x00, 0x01, 0xC0, 0xFF, 0xFF, 0x67, 0x00, 0x00, 0x00, 0x00, 0x01, 0xC0, 0xFF, 0x18, 0x67,
    0xFF, 0x67, 0x00, 0x00, 0x01, 0xC0, 0xFF, 0x19, 0x00, 0x00, 0x67, 0xFF, 0x69, 0x00, 0xBA, 0xFF,
    0x19, 0x00, 0x00, 0x00, 0x00, 0x67, 0xFF, 0x61, 0x7B, 0xFF, 0x58, 0x00, 0x00, 0x00, 0x00, 0xAD,
    0xFF, 0x24, 0x00, 0x7B, 0xFF, 0x57, 0x00, 0x00, 0xAD, 0xFF, 0x24, 0x00, 0x00, 0x00, 0x7B, 0xFF,
    0x57, 0xAD, 0xFF, 0x22, 0x00, 0x00, 0x00, 0x00, 0x00, 0x79, 0xFF, 0xFF, 0x22, 0x00, 0x00, 0x00,
    0x00, 0x00, 0x00, 0x00, 0x6D, 0x21, 0x00, 0x00, 0x00, 0x00, 0x00, 0x00, 0x60, 0xDF, 0xFF, 0xFF,
    0xC1, 0x37, 0x00, 0x00, 0x00, 0xA1, 0xFF, 0x76, 0x10, 0x1E, 0xA3, 0xFF, 0x75, 0x00, 0x76, 0xFF,
    0x12, 0x00, 0x00, 0x00, 0x00, 0x3D, 0xFF, 0x2D, 0xEB, 0x67, 0x00, 0x00, 0x00, 0x00, 0x00, 0x00,
    0xA2, 0xBE, 0xFF, 0x12, 0x00, 0x00, 0x00, 0x00, 0x00, 0x00, 0x6D, 0xD4, 0xFF, 0x18, 0x00, 0x00,
    0x00, 0x00, 0x00, 0x00, 0x73, 0xD0, 0xDE, 0x7B, 0x00, 0x00, 0x00, 0x00, 0x00, 0x00, 0xB6, 0xAF,
    0x5B, 0xFF, 0x28, 0x00, 0x00, 0x00, 0x00, 0x63, 0xFF, 0x1E, 0x00, 0x91, 0xFF, 0xAF, 0x4B, 0x58,
    0xB6, 0xFF, 0x52, 0x00, 0x00, 0x00, 0x34, 0xB2, 0xF6, 0xEC, 0xB4, 0x19, 0x00, 0x00, 0x00, 0x00,
    0x6A, 0xE6, 0xFF, 0xFF, 0xBA, 0x2D, 0x00, 0x00, 0x00, 0xAF, 0xFF, 0xFF, 0xFF, 0xFF, 0xFF, 0xFF,
    0x5E, 0x00, 0x84, 0xFF, 0xFF, 0xFF, 0xFF, 0xFF, 0xFF, 0xFF, 0xFF, 0x16, 0xF1, 0xFF, 0xFF, 0xFF,
    0xFF, 0xFF, 0xFF, 0xFF, 0xFF, 0x96, 0xFF, 0xFF, 0xFF, 0xFF, 0xFF, 0xFF, 0xFF, 0xFF, 0xFF, 0xAF,
    0xFF, 0xFF, 0xFF, 0xFF, 0xFF, 0xFF, 0xFF, 0xFF, 0xFF, 0xA5, 0xD0, 0xFF, 0xFF, 0xFF, 0xFF, 0xFF,
    0xFF, 0xFF, 0xFF, 0x6F, 0x45, 0xFF, 0xFF, 0xFF, 0xFF, 0xFF, 0xFF, 0xFF, 0xF6, 0x03, 0x00, 0x67,
    0xFF, 0xFF, 0xFF, 0xFF, 0xFF, 0xEC, 0x1F, 0x00, 0x00, 0x00, 0x13, 0x9D, 0xC1, 0xB2, 0x67, 0x00,
    0x00, 0x00, 0x00, 0x0A, 0x0C, 0x0C, 0x0C, 0x0C, 0x0C, 0x0C, 0x09, 0x04, 0xFF, 0xB4, 0xB4, 0xB4,
    0xB4, 0xB4, 0xB4, 0xF0, 0x06, 0xB9, 0x00, 0x00, 0x00, 0x00, 0x00, 0x00, 0xBE, 0x06, 0xB9, 0x00,
    0x00, 0x00, 0x00, 0x00, 0x00, 0xBE, 0x06, 0xB9, 0x00, 0x00, 0x00, 0x00, 0x00, 0x00, 0xBE, 0x06,
    0xB9, 0x00, 0x00, 0x00, 0x00, 0x00, 0x00, 0xBE, 0x06, 0xB9, 0x00, 0x00, 0x00, 0x00, 0x00, 0x00,
    0xBE, 0x06, 0xB9, 0x00, 0x00, 0x00, 0x00, 0x00, 0x00, 0xBE, 0x04, 0xFD, 0xB9, 0xB9, 0xB9, 0xB9,
    0xB9, 0xB9, 0xE8, 0x00, 0x04, 0x06, 0x06, 0x06, 0x06, 0x06, 0x06, 0x04, 0x00, 0x04, 0xFF, 0xBE,
    0xBE, 0xBE, 0xBE, 0xBE, 0xBE, 0xFF, 0x04, 0x06, 0xBE, 0x00, 0x00, 0x00, 0x00, 0x19, 0x40, 0xBE,
    0x06, 0x06, 0xBE, 0x00, 0x00, 0x00, 0x09, 0xA8, 0x01, 0xBE, 0x06, 0x06, 0xBE, 0x00, 0x00, 0x00,
    0xBE, 0x30, 0x00, 0xBE, 0x06, 0x06, 0xBE, 0x00, 0x00, 0x27, 0xA6, 0x00, 0x00, 0xBE, 0x06, 0x06,
    0xBE, 0x40, 0xF3, 0xD9, 0x31, 0x00, 0x00, 0xBE, 0x06, 0x06, 0xBE, 0x00, 0x33, 0xCA, 0x00, 0x00,
    0x00, 0xBE, 0x06, 0x04, 0xFF, 0xBE, 0xBE, 0xBE, 0xBE, 0xBE, 0xBE, 0xFF, 0x04, 0x00, 0x04, 0x06,
    0x06, 0x06, 0x06, 0x06, 0x06, 0x04, 0x00, 0x00, 0x00, 0x15, 0x00, 0xD8, 0x97, 0x00, 0x15, 0x00,
    0x00, 0x00, 0x52, 0xFF, 0xD9, 0xFF, 0xFF, 0xE2, 0xFF, 0x09, 0x00, 0x00, 0x45, 0xFF, 0xBC, 0x5E,
    0x73, 0xF5, 0xFF, 0x06, 0x00, 0xA1, 0xFF, 0xAF, 0x00, 0x00, 0x00, 0x07, 0xFF, 0xFF, 0x60, 0x91,
    0xFF, 0x34, 0x13, 0xF0, 0xBD, 0x00, 0xA2, 0xFF, 0x4B, 0x3A, 0xFF, 0x2A, 0x2E, 0xFF, 0xEC, 0x00,
    0x96, 0xFF, 0x10, 0xC6, 0xFF, 0xAF, 0x00, 0x2B, 0x10, 0x00, 0xEB, 0xFF, 0x82, 0x16, 0x70, 0xFF,
    0xAF, 0x2D, 0x40, 0xCE, 0xFF, 0x36, 0x09, 0x00, 0x58, 0xFF, 0xFF, 0xFF, 0xFF, 0xFF, 0xFF, 0x07,
    0x00, 0x00, 0x00, 0x34, 0x00, 0xFF, 0xB4, 0x04, 0x31, 0x00, 0x00, 0x00, 0x00, 0x00, 0x00, 0x00,
    0x2E, 0xB5, 0x31, 0x00, 0x00, 0x00, 0x00, 0x06, 0x81, 0xB0, 0x01, 0x02, 0x01, 0x00, 0x00, 0x0D,
    0xCD, 0x76, 0x00, 0xAE, 0x52, 0x01, 0x00, 0x30, 0xD4, 0x13, 0x00, 0x90, 0x9C, 0x15, 0x00, 0xB6,
    0xA3, 0x00, 0x00, 0x5B, 0xC3, 0x28, 0x01, 0xF4, 0x45, 0x00, 0x00, 0x1D, 0xBF, 0x3F, 0x61, 0xEF,
    0x00, 0x00, 0x00, 0x00, 0xA6, 0x9D, 0xCE, 0x92, 0x00, 0x00, 0x00, 0x00, 0x64, 0xE4, 0xFF, 0x12,
    0x00, 0x00, 0x00, 0x00, 0x0C, 0xD3, 0xC2, 0x00, 0x00, 0x00, 0x00, 0x00, 0x00, 0x04, 0x00, 0x00,
    0x00, 0x6C, 0x48, 0x00, 0x01, 0xFF, 0x9D, 0x00, 0xAE, 0xFF, 0x6C, 0x00, 0x00, 0xEB, 0xFF, 0x85,
    0xFF, 0xA3, 0x00, 0x00, 0x00, 0x8E, 0xFF, 0xFF, 0xC8, 0x00, 0x00, 0x00, 0x00, 0x25, 0xFF, 0xFF,
    0x19, 0x00, 0x00, 0x00, 0x01, 0xE1, 0xFF, 0xFF, 0x99, 0x00, 0x00, 0x00, 0xBA, 0xFF, 0xBB, 0xFF,
    0xFF, 0x0D, 0x00, 0x4B, 0xFF, 0xEE, 0x01, 0x5A, 0xFF, 0x5D, 0x00, 0xFF, 0xFF, 0x36, 0x00, 0x00,
    0x6A, 0x00, 0x00, 0xFF, 0xB8, 0x00, 0x00, 0x00, 0x00, 0x00, 0x00, 0x19, 0x01, 0x00, 0x00, 0x00,
    0x00, 0x00, 0x00, 0x00, 0x00, 0x00, 0x00, 0x00, 0x00, 0x00, 0x1F, 0x22, 0x00, 0x00, 0x54, 0xA8,
    0x06, 0x00, 0x00, 0x2B, 0xFF, 0xFA, 0x1E, 0x00, 0xFC, 0xFF, 0xAC, 0x00, 0x2D, 0xFF, 0xFF, 0xFF,
    0x10, 0x00, 0xB8, 0xFF, 0xFF, 0x67, 0xFF, 0xFF, 0xFF, 0x19, 0x00, 0x00, 0x1F, 0xFF, 0xFF, 0xFF,
    0xFF, 0xFF, 0x25, 0x00, 0x00, 0x00, 0x00, 0xA2, 0xFF, 0xFF, 0xFF, 0x51, 0x00, 0x00, 0x00, 0x00,
    0x00, 0xB9, 0xFF, 0xFF, 0xFF, 0x87, 0x00, 0x00, 0x00, 0x00, 0xB1, 0xFF, 0xFF, 0xFF, 0xFF, 0xFF,
    0x46, 0x00, 0x00, 0x66, 0xFF, 0xFF, 0xFA, 0xCF, 0xFF, 0xFF, 0xFF, 0x00, 0x00, 0xB8, 0xFF, 0xFF,
    0x22, 0x16, 0xFF, 0xFF, 0xA8, 0x00, 0x00, 0x43, 0xF0, 0x55, 0x00, 0x00, 0x21, 0x19, 0x00, 0x00,
    0x00, 0x00, 0x00, 0x00, 0x00, 0x00, 0x00, 0x00, 0x00, 0x00, 0x00, 0x00, 0x48, 0xCD, 0xBF, 0x00,
    0x00, 0x00, 0x72, 0xFF, 0xFF, 0x00, 0x00, 0x00, 0x72, 0xFF, 0xFF, 0x00, 0x00, 0x00, 0x72, 0xFF,
    0xFF, 0x00, 0x00, 0x00, 0x72, 0xFF, 0xFF, 0x00, 0x00, 0x00, 0x72, 0xFF, 0xFF, 0x00, 0x00, 0x46,
    0xFF, 0xFF, 0xFF, 0xC8, 0x0C, 0x00, 0x8E, 0xFF, 0xFF, 0x31, 0x00, 0x00, 0x00, 0x82, 0x31, 0x00,
    0x00,
};
