// Auto-generated VLW font: ibmplex_10
// Size: 25248 bytes (24.7 KB)
#pragma once
#include <pgmspace.h>

const uint8_t ibmplex_10[] PROGMEM = {
    0x00, 0x00, 0x01, 0x65, 0x00, 0x00, 0x00, 0x06, 0x00, 0x00, 0x00, 0x0A, 0x00, 0x00, 0x00, 0x00,
    0x00, 0x00, 0x00, 0x0B, 0x00, 0x00, 0x00, 0x03, 0x00, 0x00, 0x00, 0x20, 0x00, 0x00, 0x00, 0x00,
    0x00, 0x00, 0x00, 0x00, 0x00, 0x00, 0x00, 0x06, 0x00, 0x00, 0x00, 0x00, 0x00, 0x00, 0x00, 0x00,
    0x00, 0x00, 0x00, 0x00, 0x00, 0x00, 0x00, 0x21, 0x00, 0x00, 0x00, 0x07, 0x00, 0x00, 0x00, 0x02,
    0x00, 0x00, 0x00, 0x06, 0x00, 0x00, 0x00, 0x07, 0x00, 0x00, 0x00, 0x02, 0x00, 0x00, 0x00, 0x00,
    0x00, 0x00, 0x00, 0x22, 0x00, 0x00, 0x00, 0x03, 0x00, 0x00, 0x00, 0x04, 0x00, 0x00, 0x00, 0x06,
    0x00, 0x00, 0x00, 0x07, 0x00, 0x00, 0x00, 0x01, 0x00, 0x00, 0x00, 0x00, 0x00, 0x00, 0x00, 0x23,
    0x00, 0x00, 0x00, 0x07, 0x00, 0x00, 0x00, 0x06, 0x00, 0x00, 0x00, 0x06, 0x00, 0x00, 0x00, 0x07,
    0x00, 0x00, 0x00, 0x00, 0x00, 0x00, 0x00, 0x00, 0x00, 0x00, 0x00, 0x24, 0x00, 0x00, 0x00, 0x09,
    0x00, 0x00, 0x00, 0x06, 0x00, 0x00, 0x00, 0x06, 0x00, 0x00, 0x00, 0x08, 0x00, 0x00, 0x00, 0x00,
    0x00, 0x00, 0x00, 0x00, 0x00, 0x00, 0x00, 0x25, 0x00, 0x00, 0x00, 0x07, 0x00, 0x00, 0x00, 0x06,
    0x00, 0x00, 0x00, 0x06, 0x00, 0x00, 0x00, 0x07, 0x00, 0x00, 0x00, 0x00, 0x00, 0x00, 0x00, 0x00,
    0x00, 0x00, 0x00, 0x26, 0x00, 0x00, 0x00, 0x07, 0x00, 0x00, 0x00, 0x06, 0x00, 0x00, 0x00, 0x06,
    0x00, 0x00, 0x00, 0x07, 0x00, 0x00, 0x00, 0x00, 0x00, 0x00, 0x00, 0x00, 0x00, 0x00, 0x00, 0x27,
    0x00, 0x00, 0x00, 0x03, 0x00, 0x00, 0x00, 0x02, 0x00, 0x00, 0x00, 0x06, 0x00, 0x00, 0x00, 0x07,
    0x00, 0x00, 0x00, 0x02, 0x00, 0x00, 0x00, 0x00, 0x00, 0x00, 0x00, 0x28, 0x00, 0x00, 0x00, 0x09,
    0x00, 0x00, 0x00, 0x03, 0x00, 0x00, 0x00, 0x06, 0x00, 0x00, 0x00, 0x07, 0x00, 0x00, 0x00, 0x02,
    0x00, 0x00, 0x00, 0x00, 0x00, 0x00, 0x00, 0x29, 0x00, 0x00, 0x00, 0x09, 0x00, 0x00, 0x00, 0x03,
    0x00, 0x00, 0x00, 0x06, 0x00, 0x00, 0x00, 0x07, 0x00, 0x00, 0x00, 0x01, 0x00, 0x00, 0x00, 0x00,
    0x00, 0x00, 0x00, 0x2A, 0x00, 0x00, 0x00, 0x05, 0x00, 0x00, 0x00, 0x06, 0x00, 0x00, 0x00, 0x06,
    0x00, 0x00, 0x00, 0x05, 0x00, 0x00, 0x00, 0x00, 0x00, 0x00, 0x00, 0x00, 0x00, 0x00, 0x00, 0x2B,
    0x00, 0x00, 0x00, 0x05, 0x00, 0x00, 0x00, 0x06, 0x00, 0x00, 0x00, 0x06, 0x00, 0x00, 0x00, 0x06,
    0x00, 0x00, 0x00, 0x00, 0x00, 0x00, 0x00, 0x00, 0x00, 0x00, 0x00, 0x2C, 0x00, 0x00, 0x00, 0x03,
    0x00, 0x00, 0x00, 0x02, 0x00, 0x00, 0x00, 0x06, 0x00, 0x00, 0x00, 0x02, 0x00, 0x00, 0x00, 0x02,
    0x00, 0x00, 0x00, 0x00, 0x00, 0x00, 0x00, 0x2D, 0x00, 0x00, 0x00, 0x01, 0x00, 0x00, 0x00, 0x04,
    0x00, 0x00, 0x00, 0x06, 0x00, 0x00, 0x00, 0x03, 0x00, 0x00, 0x00, 0x01, 0x00, 0x00, 0x00, 0x00,
    0x00, 0x00, 0x00, 0x2E, 0x00, 0x00, 0x00, 0x02, 0x00, 0x00, 0x00, 0x02, 0x00, 0x00, 0x00, 0x06,
    0x00, 0x00, 0x00, 0x02, 0x00, 0x00, 0x00, 0x02, 0x00, 0x00, 0x00, 0x00, 0x00, 0x00, 0x00, 0x2F,
    0x00, 0x00, 0x00, 0x09, 0x00, 0x00, 0x00, 0x06, 0x00, 0x00, 0x00, 0x06, 0x00, 0x00, 0x00, 0x07,
    0x00, 0x00, 0x00, 0x00, 0x00, 0x00, 0x00, 0x00, 0x00, 0x00, 0x00, 0x30, 0x00, 0x00, 0x00, 0x07,
    0x00, 0x00, 0x00, 0x06, 0x00, 0x00, 0x00, 0x06, 0x00, 0x00, 0x00, 0x07, 0x00, 0x00, 0x00, 0x00,
    0x00, 0x00, 0x00, 0x00, 0x00, 0x00, 0x00, 0x31, 0x00, 0x00, 0x00, 0x07, 0x00, 0x00, 0x00, 0x06,
    0x00, 0x00, 0x00, 0x06, 0x00, 0x00, 0x00, 0x07, 0x00, 0x00, 0x00, 0x00, 0x00, 0x00, 0x00, 0x00,
    0x00, 0x00, 0x00, 0x32, 0x00, 0x00, 0x00, 0x07, 0x00, 0x00, 0x00, 0x06, 0x00, 0x00, 0x00, 0x06,
    0x00, 0x00, 0x00, 0x07, 0x00, 0x00, 0x00, 0x00, 0x00, 0x00, 0x00, 0x00, 0x00, 0x00, 0x00, 0x33,
    0x00, 0x00, 0x00, 0x07, 0x00, 0x00, 0x00, 0x06, 0x00, 0x00, 0x00, 0x06, 0x00, 0x00, 0x00, 0x07,
    0x00, 0x00, 0x00, 0x00, 0x00, 0x00, 0x00, 0x00, 0x00, 0x00, 0x00, 0x34, 0x00, 0x00, 0x00, 0x07,
    0x00, 0x00, 0x00, 0x06, 0x00, 0x00, 0x00, 0x06, 0x00, 0x00, 0x00, 0x07, 0x00, 0x00, 0x00, 0x00,
    0x00, 0x00, 0x00, 0x00, 0x00, 0x00, 0x00, 0x35, 0x00, 0x00, 0x00, 0x07, 0x00, 0x00, 0x00, 0x06,
    0x00, 0x00, 0x00, 0x06, 0x00, 0x00, 0x00, 0x07, 0x00, 0x00, 0x00, 0x00, 0x00, 0x00, 0x00, 0x00,
    0x00, 0x00, 0x00, 0x36, 0x00, 0x00, 0x00, 0x07, 0x00, 0x00, 0x00, 0x06, 0x00, 0x00, 0x00, 0x06,
    0x00, 0x00, 0x00, 0x07, 0x00, 0x00, 0x00, 0x00, 0x00, 0x00, 0x00, 0x00, 0x00, 0x00, 0x00, 0x37,
    0x00, 0x00, 0x00, 0x07, 0x00, 0x00, 0x00, 0x06, 0x00, 0x00, 0x00, 0x06, 0x00, 0x00, 0x00, 0x07,
    0x00, 0x00, 0x00, 0x00, 0x00, 0x00, 0x00, 0x00, 0x00, 0x00, 0x00, 0x38, 0x00, 0x00, 0x00, 0x07,
    0x00, 0x00, 0x00, 0x06, 0x00, 0x00, 0x00, 0x06, 0x00, 0x00, 0x00, 0x07, 0x00, 0x00, 0x00, 0x00,
    0x00, 0x00, 0x00, 0x00, 0x00, 0x00, 0x00, 0x39, 0x00, 0x00, 0x00, 0x07, 0x00, 0x00, 0x00, 0x06,
    0x00, 0x00, 0x00, 0x06, 0x00, 0x00, 0x00, 0x07, 0x00, 0x00, 0x00, 0x00, 0x00, 0x00, 0x00, 0x00,
    0x00, 0x00, 0x00, 0x3A, 0x00, 0x00, 0x00, 0x05, 0x00, 0x00, 0x00, 0x02, 0x00, 0x00, 0x00, 0x06,
    0x00, 0x00, 0x00, 0x05, 0x00, 0x00, 0x00, 0x02, 0x00, 0x00, 0x00, 0x00, 0x00, 0x00, 0x00, 0x3B,
    0x00, 0x00, 0x00, 0x06, 0x00, 0x00, 0x00, 0x02, 0x00, 0x00, 0x00, 0x06, 0x00, 0x00, 0x00, 0x05,
    0x00, 0x00, 0x00, 0x02, 0x00, 0x00, 0x00, 0x00, 0x00, 0x00, 0x00, 0x3C, 0x00, 0x00, 0x00, 0x06,
    0x00, 0x00, 0x00, 0x06, 0x00, 0x00, 0x00, 0x06, 0x00, 0x00, 0x00, 0x06, 0x00, 0x00, 0x00, 0x00,
    0x00, 0x00, 0x00, 0x00, 0x00, 0x00, 0x00, 0x3D, 0x00, 0x00, 0x00, 0x03, 0x00, 0x00, 0x00, 0x06,
    0x00, 0x00, 0x00, 0x06, 0x00, 0x00, 0x00, 0x04, 0x00, 0x00, 0x00, 0x00, 0x00, 0x00, 0x00, 0x00,
    0x00, 0x00, 0x00, 0x3E, 0x00, 0x00, 0x00, 0x06, 0x00, 0x00, 0x00, 0x06, 0x00, 0x00, 0x00, 0x06,
    0x00, 0x00, 0x00, 0x06, 0x00, 0x00, 0x00, 0x00, 0x00, 0x00, 0x00, 0x00, 0x00, 0x00, 0x00, 0x3F,
    0x00, 0x00, 0x00, 0x07, 0x00, 0x00, 0x00, 0x06, 0x00, 0x00, 0x00, 0x06, 0x00, 0x00, 0x00, 0x07,
    0x00, 0x00, 0x00, 0x00, 0x00, 0x00, 0x00, 0x00, 0x00, 0x00, 0x00, 0x40, 0x00, 0x00, 0x00, 0x08,
    0x00, 0x00, 0x00, 0x06, 0x00, 0x00, 0x00, 0x06, 0x00, 0x00, 0x00, 0x07, 0x00, 0x00, 0x00, 0x00,
    0x00, 0x00, 0x00, 0x00, 0x00, 0x00, 0x00, 0x41, 0x00, 0x00, 0x00, 0x07, 0x00, 0x00, 0x00, 0x06,
    0x00, 0x00, 0x00, 0x06, 0x00, 0x00, 0x00, 0x07, 0x00, 0x00, 0x00, 0x00, 0x00, 0x00, 0x00, 0x00,
    0x00, 0x00, 0x00, 0x42, 0x00, 0x00, 0x00, 0x07, 0x00, 0x00, 0x00, 0x06, 0x00, 0x00, 0x00, 0x06,
    0x00, 0x00, 0x00, 0x07, 0x00, 0x00, 0x00, 0x00, 0x00, 0x00, 0x00, 0x00, 0x00, 0x00, 0x00, 0x43,
    0x00, 0x00, 0x00, 0x07, 0x00, 0x00, 0x00, 0x06, 0x00, 0x00, 0x00, 0x06, 0x00, 0x00, 0x00, 0x07,
    0x00, 0x00, 0x00, 0x00, 0x00, 0x00, 0x00, 0x00, 0x00, 0x00, 0x00, 0x44, 0x00, 0x00, 0x00, 0x07,
    0x00, 0x00, 0x00, 0x06, 0x00, 0x00, 0x00, 0x06, 0x00, 0x00, 0x00, 0x07, 0x00, 0x00, 0x00, 0x00,
    0x00, 0x00, 0x00, 0x00, 0x00, 0x00, 0x00, 0x45, 0x00, 0x00, 0x00, 0x07, 0x00, 0x00, 0x00, 0x06,
    0x00, 0x00, 0x00, 0x06, 0x00, 0x00, 0x00, 0x07, 0x00, 0x00, 0x00, 0x00, 0x00, 0x00, 0x00, 0x00,
    0x00, 0x00, 0x00, 0x46, 0x00, 0x00, 0x00, 0x07, 0x00, 0x00, 0x00, 0x06, 0x00, 0x00, 0x00, 0x06,
    0x00, 0x00, 0x00, 0x07, 0x00, 0x00, 0x00, 0x00, 0x00, 0x00, 0x00, 0x00, 0x00, 0x00, 0x00, 0x47,
    0x00, 0x00, 0x00, 0x07, 0x00, 0x00, 0x00, 0x06, 0x00, 0x00, 0x00, 0x06, 0x00, 0x00, 0x00, 0x07,
    0x00, 0x00, 0x00, 0x00, 0x00, 0x00, 0x00, 0x00, 0x00, 0x00, 0x00, 0x48, 0x00, 0x00, 0x00, 0x07,
    0x00, 0x00, 0x00, 0x06, 0x00, 0x00, 0x00, 0x06, 0x00, 0x00, 0x00, 0x07, 0x00, 0x00, 0x00, 0x00,
    0x00, 0x00, 0x00, 0x00, 0x00, 0x00, 0x00, 0x49, 0x00, 0x00, 0x00, 0x07, 0x00, 0x00, 0x00, 0x06,
    0x00, 0x00, 0x00, 0x06, 0x00, 0x00, 0x00, 0x07, 0x00, 0x00, 0x00, 0x00, 0x00, 0x00, 0x00, 0x00,
    0x00, 0x00, 0x00, 0x4A, 0x00, 0x00, 0x00, 0x07, 0x00, 0x00, 0x00, 0x05, 0x00, 0x00, 0x00, 0x06,
    0x00, 0x00, 0x00, 0x07, 0x00, 0x00, 0x00, 0x00, 0x00, 0x00, 0x00, 0x00, 0x00, 0x00, 0x00, 0x4B,
    0x00, 0x00, 0x00, 0x07, 0x00, 0x00, 0x00, 0x06, 0x00, 0x00, 0x00, 0x06, 0x00, 0x00, 0x00, 0x07,
    0x00, 0x00, 0x00, 0x00, 0x00, 0x00, 0x00, 0x00, 0x00, 0x00, 0x00, 0x4C, 0x00, 0x00, 0x00, 0x07,
    0x00, 0x00, 0x00, 0x05, 0x00, 0x00, 0x00, 0x06, 0x00, 0x00, 0x00, 0x07, 0x00, 0x00, 0x00, 0x01,
    0x00, 0x00, 0x00, 0x00, 0x00, 0x00, 0x00, 0x4D, 0x00, 0x00, 0x00, 0x07, 0x00, 0x00, 0x00, 0x06,
    0x00, 0x00, 0x00, 0x06, 0x00, 0x00, 0x00, 0x07, 0x00, 0x00, 0x00, 0x00, 0x00, 0x00, 0x00, 0x00,
    0x00, 0x00, 0x00, 0x4E, 0x00, 0x00, 0x00, 0x07, 0x00, 0x00, 0x00, 0x06, 0x00, 0x00, 0x00, 0x06,
    0x00, 0x00, 0x00, 0x07, 0x00, 0x00, 0x00, 0x00, 0x00, 0x00, 0x00, 0x00, 0x00, 0x00, 0x00, 0x4F,
    0x00, 0x00, 0x00, 0x07, 0x00, 0x00, 0x00, 0x06, 0x00, 0x00, 0x00, 0x06, 0x00, 0x00, 0x00, 0x07,
    0x00, 0x00, 0x00, 0x00, 0x00, 0x00, 0x00, 0x00, 0x00, 0x00, 0x00, 0x50, 0x00, 0x00, 0x00, 0x07,
    0x00, 0x00, 0x00, 0x06, 0x00, 0x00, 0x00, 0x06, 0x00, 0x00, 0x00, 0x07, 0x00, 0x00, 0x00, 0x00,
    0x00, 0x00, 0x00, 0x00, 0x00, 0x00, 0x00, 0x51, 0x00, 0x00, 0x00, 0x08, 0x00, 0x00, 0x00, 0x06,
    0x00, 0x00, 0x00, 0x06, 0x00, 0x00, 0x00, 0x07, 0x00, 0x00, 0x00, 0x00, 0x00, 0x00, 0x00, 0x00,
    0x00, 0x00, 0x00, 0x52, 0x00, 0x00, 0x00, 0x07, 0x00, 0x00, 0x00, 0x06, 0x00, 0x00, 0x00, 0x06,
    0x00, 0x00, 0x00, 0x07, 0x00, 0x00, 0x00, 0x00, 0x00, 0x00, 0x00, 0x00, 0x00, 0x00, 0x00, 0x53,
    0x00, 0x00, 0x00, 0x07, 0x00, 0x00, 0x00, 0x06, 0x00, 0x00, 0x00, 0x06, 0x00, 0x00, 0x00, 0x07,
    0x00, 0x00, 0x00, 0x00, 0x00, 0x00, 0x00, 0x00, 0x00, 0x00, 0x00, 0x54, 0x00, 0x00, 0x00, 0x07,
    0x00, 0x00, 0x00, 0x06, 0x00, 0x00, 0x00, 0x06, 0x00, 0x00, 0x00, 0x07, 0x00, 0x00, 0x00, 0x00,
    0x00, 0x00, 0x00, 0x00, 0x00, 0x00, 0x00, 0x55, 0x00, 0x00, 0x00, 0x07, 0x00, 0x00, 0x00, 0x06,
    0x00, 0x00, 0x00, 0x06, 0x00, 0x00, 0x00, 0x07, 0x00, 0x00, 0x00, 0x00, 0x00, 0x00, 0x00, 0x00,
    0x00, 0x00, 0x00, 0x56, 0x00, 0x00, 0x00, 0x07, 0x00, 0x00, 0x00, 0x06, 0x00, 0x00, 0x00, 0x06,
    0x00, 0x00, 0x00, 0x07, 0x00, 0x00, 0x00, 0x00, 0x00, 0x00, 0x00, 0x00, 0x00, 0x00, 0x00, 0x57,
    0x00, 0x00, 0x00, 0x07, 0x00, 0x00, 0x00, 0x06, 0x00, 0x00, 0x00, 0x06, 0x00, 0x00, 0x00, 0x07,
    0x00, 0x00, 0x00, 0x00, 0x00, 0x00, 0x00, 0x00, 0x00, 0x00, 0x00, 0x58, 0x00, 0x00, 0x00, 0x07,
    0x00, 0x00, 0x00, 0x06, 0x00, 0x00, 0x00, 0x06, 0x00, 0x00, 0x00, 0x07, 0x00, 0x00, 0x00, 0x00,
    0x00, 0x00, 0x00, 0x00, 0x00, 0x00, 0x00, 0x59, 0x00, 0x00, 0x00, 0x07, 0x00, 0x00, 0x00, 0x06,
    0x00, 0x00, 0x00, 0x06, 0x00, 0x00, 0x00, 0x07, 0x00, 0x00, 0x00, 0x00, 0x00, 0x00, 0x00, 0x00,
    0x00, 0x00, 0x00, 0x5A, 0x00, 0x00, 0x00, 0x07, 0x00, 0x00, 0x00, 0x06, 0x00, 0x00, 0x00, 0x06,
    0x00, 0x00, 0x00, 0x07, 0x00, 0x00, 0x00, 0x00, 0x00, 0x00, 0x00, 0x00, 0x00, 0x00, 0x00, 0x5B,
    0x00, 0x00, 0x00, 0x09, 0x00, 0x00, 0x00, 0x04, 0x00, 0x00, 0x00, 0x06, 0x00, 0x00, 0x00, 0x07,
    0x00, 0x00, 0x00, 0x02, 0x00, 0x00, 0x00, 0x00, 0x00, 0x00, 0x00, 0x5C, 0x00, 0x00, 0x00, 0x09,
    0x00, 0x00, 0x00, 0x06, 0x00, 0x00, 0x00, 0x06, 0x00, 0x00, 0x00, 0x07, 0x00, 0x00, 0x00, 0x00,
    0x00, 0x00, 0x00, 0x00, 0x00, 0x00, 0x00, 0x5D, 0x00, 0x00, 0x00, 0x09, 0x00, 0x00, 0x00, 0x04,
    0x00, 0x00, 0x00, 0x06, 0x00, 0x00, 0x00, 0x07, 0x00, 0x00, 0x00, 0x00, 0x00, 0x00, 0x00, 0x00,
    0x00, 0x00, 0x00, 0x5E, 0x00, 0x00, 0x00, 0x04, 0x00, 0x00, 0x00, 0x06, 0x00, 0x00, 0x00, 0x06,
    0x00, 0x00, 0x00, 0x07, 0x00, 0x00, 0x00, 0x00, 0x00, 0x00, 0x00, 0x00, 0x00, 0x00, 0x00, 0x5F,
    0x00, 0x00, 0x00, 0x01, 0x00, 0x00, 0x00, 0x06, 0x00, 0x00, 0x00, 0x06, 0xFF, 0xFF, 0xFF, 0xFF,
    0x00, 0x00, 0x00, 0x00, 0x00, 0x00, 0x00, 0x00, 0x00, 0x00, 0x00, 0x60, 0x00, 0x00, 0x00, 0x03,
    0x00, 0x00, 0x00, 0x03, 0x00, 0x00, 0x00, 0x06, 0x00, 0x00, 0x00, 0x08, 0x00, 0x00, 0x00, 0x01,
    0x00, 0x00, 0x00, 0x00, 0x00, 0x00, 0x00, 0x61, 0x00, 0x00, 0x00, 0x05, 0x00, 0x00, 0x00, 0x06,
    0x00, 0x00, 0x00, 0x06, 0x00, 0x00, 0x00, 0x05, 0x00, 0x00, 0x00, 0x00, 0x00, 0x00, 0x00, 0x00,
    0x00, 0x00, 0x00, 0x62, 0x00, 0x00, 0x00, 0x07, 0x00, 0x00, 0x00, 0x06, 0x00, 0x00, 0x00, 0x06,
    0x00, 0x00, 0x00, 0x07, 0x00, 0x00, 0x00, 0x00, 0x00, 0x00, 0x00, 0x00, 0x00, 0x00, 0x00, 0x63,
    0x00, 0x00, 0x00, 0x05, 0x00, 0x00, 0x00, 0x06, 0x00, 0x00, 0x00, 0x06, 0x00, 0x00, 0x00, 0x05,
    0x00, 0x00, 0x00, 0x00, 0x00, 0x00, 0x00, 0x00, 0x00, 0x00, 0x00, 0x64, 0x00, 0x00, 0x00, 0x07,
    0x00, 0x00, 0x00, 0x06, 0x00, 0x00, 0x00, 0x06, 0x00, 0x00, 0x00, 0x07, 0x00, 0x00, 0x00, 0x00,
    0x00, 0x00, 0x00, 0x00, 0x00, 0x00, 0x00, 0x65, 0x00, 0x00, 0x00, 0x05, 0x00, 0x00, 0x00, 0x06,
    0x00, 0x00, 0x00, 0x06, 0x00, 0x00, 0x00, 0x05, 0x00, 0x00, 0x00, 0x00, 0x00, 0x00, 0x00, 0x00,
    0x00, 0x00, 0x00, 0x66, 0x00, 0x00, 0x00, 0x07, 0x00, 0x00, 0x00, 0x06, 0x00, 0x00, 0x00, 0x06,
    0x00, 0x00, 0x00, 0x07, 0x00, 0x00, 0x00, 0x00, 0x00, 0x00, 0x00, 0x00, 0x00, 0x00, 0x00, 0x67,
    0x00, 0x00, 0x00, 0x08, 0x00, 0x00, 0x00, 0x06, 0x00, 0x00, 0x00, 0x06, 0x00, 0x00, 0x00, 0x06,
    0x00, 0x00, 0x00, 0x00, 0x00, 0x00, 0x00, 0x00, 0x00, 0x00, 0x00, 0x68, 0x00, 0x00, 0x00, 0x07,
    0x00, 0x00, 0x00, 0x06, 0x00, 0x00, 0x00, 0x06, 0x00, 0x00, 0x00, 0x07, 0x00, 0x00, 0x00, 0x00,
    0x00, 0x00, 0x00, 0x00, 0x00, 0x00, 0x00, 0x69, 0x00, 0x00, 0x00, 0x08, 0x00, 0x00, 0x00, 0x05,
    0x00, 0x00, 0x00, 0x06, 0x00, 0x00, 0x00, 0x08, 0x00, 0x00, 0x00, 0x01, 0x00, 0x00, 0x00, 0x00,
    0x00, 0x00, 0x00, 0x6A, 0x00, 0x00, 0x00, 0x0A, 0x00, 0x00, 0x00, 0x05, 0x00, 0x00, 0x00, 0x06,
    0x00, 0x00, 0x00, 0x08, 0x00, 0x00, 0x00, 0x00, 0x00, 0x00, 0x00, 0x00, 0x00, 0x00, 0x00, 0x6B,
    0x00, 0x00, 0x00, 0x07, 0x00, 0x00, 0x00, 0x05, 0x00, 0x00, 0x00, 0x06, 0x00, 0x00, 0x00, 0x07,
    0x00, 0x00, 0x00, 0x01, 0x00, 0x00, 0x00, 0x00, 0x00, 0x00, 0x00, 0x6C, 0x00, 0x00, 0x00, 0x07,
    0x00, 0x00, 0x00, 0x06, 0x00, 0x00, 0x00, 0x06, 0x00, 0x00, 0x00, 0x07, 0x00, 0x00, 0x00, 0x00,
    0x00, 0x00, 0x00, 0x00, 0x00, 0x00, 0x00, 0x6D, 0x00, 0x00, 0x00, 0x05, 0x00, 0x00, 0x00, 0x06,
    0x00, 0x00, 0x00, 0x06, 0x00, 0x00, 0x00, 0x05, 0x00, 0x00, 0x00, 0x00, 0x00, 0x00, 0x00, 0x00,
    0x00, 0x00, 0x00, 0x6E, 0x00, 0x00, 0x00, 0x05, 0x00, 0x00, 0x00, 0x06, 0x00, 0x00, 0x00, 0x06,
    0x00, 0x00, 0x00, 0x05, 0x00, 0x00, 0x00, 0x00, 0x00, 0x00, 0x00, 0x00, 0x00, 0x00, 0x00, 0x6F,
    0x00, 0x00, 0x00, 0x05, 0x00, 0x00, 0x00, 0x06, 0x00, 0x00, 0x00, 0x06, 0x00, 0x00, 0x00, 0x05,
    0x00, 0x00, 0x00, 0x00, 0x00, 0x00, 0x00, 0x00, 0x00, 0x00, 0x00, 0x70, 0x00, 0x00, 0x00, 0x07,
    0x00, 0x00, 0x00, 0x06, 0x00, 0x00, 0x00, 0x06, 0x00, 0x00, 0x00, 0x05, 0x00, 0x00, 0x00, 0x00,
    0x00, 0x00, 0x00, 0x00, 0x00, 0x00, 0x00, 0x71, 0x00, 0x00, 0x00, 0x07, 0x00, 0x00, 0x00, 0x06,
    0x00, 0x00, 0x00, 0x06, 0x00, 0x00, 0x00, 0x05, 0x00, 0x00, 0x00, 0x00, 0x00, 0x00, 0x00, 0x00,
    0x00, 0x00, 0x00, 0x72, 0x00, 0x00, 0x00, 0x05, 0x00, 0x00, 0x00, 0x06, 0x00, 0x00, 0x00, 0x06,
    0x00, 0x00, 0x00, 0x05, 0x00, 0x00, 0x00, 0x00, 0x00, 0x00, 0x00, 0x00, 0x00, 0x00, 0x00, 0x73,
    0x00, 0x00, 0x00, 0x05, 0x00, 0x00, 0x00, 0x06, 0x00, 0x00, 0x00, 0x06, 0x00, 0x00, 0x00, 0x05,
    0x00, 0x00, 0x00, 0x00, 0x00, 0x00, 0x00, 0x00, 0x00, 0x00, 0x00, 0x74, 0x00, 0x00, 0x00, 0x07,
    0x00, 0x00, 0x00, 0x06, 0x00, 0x00, 0x00, 0x06, 0x00, 0x00, 0x00, 0x07, 0x00, 0x00, 0x00, 0x00,
    0x00, 0x00, 0x00, 0x00, 0x00, 0x00, 0x00, 0x75, 0x00, 0x00, 0x00, 0x05, 0x00, 0x00, 0x00, 0x06,
    0x00, 0x00, 0x00, 0x06, 0x00, 0x00, 0x00, 0x05, 0x00, 0x00, 0x00, 0x00, 0x00, 0x00, 0x00, 0x00,
    0x00, 0x00, 0x00, 0x76, 0x00, 0x00, 0x00, 0x05, 0x00, 0x00, 0x00, 0x06, 0x00, 0x00, 0x00, 0x06,
    0x00, 0x00, 0x00, 0x05, 0x00, 0x00, 0x00, 0x00, 0x00, 0x00, 0x00, 0x00, 0x00, 0x00, 0x00, 0x77,
    0x00, 0x00, 0x00, 0x05, 0x00, 0x00, 0x00, 0x06, 0x00, 0x00, 0x00, 0x06, 0x00, 0x00, 0x00, 0x05,
    0x00, 0x00, 0x00, 0x00, 0x00, 0x00, 0x00, 0x00, 0x00, 0x00, 0x00, 0x78, 0x00, 0x00, 0x00, 0x05,
    0x00, 0x00, 0x00, 0x06, 0x00, 0x00, 0x00, 0x06, 0x00, 0x00, 0x00, 0x05, 0x00, 0x00, 0x00, 0x00,
    0x00, 0x00, 0x00, 0x00, 0x00, 0x00, 0x00, 0x79, 0x00, 0x00, 0x00, 0x07, 0x00, 0x00, 0x00, 0x06,
    0x00, 0x00, 0x00, 0x06, 0x00, 0x00, 0x00, 0x05, 0x00, 0x00, 0x00, 0x00, 0x00, 0x00, 0x00, 0x00,
    0x00, 0x00, 0x00, 0x7A, 0x00, 0x00, 0x00, 0x05, 0x00, 0x00, 0x00, 0x06, 0x00, 0x00, 0x00, 0x06,
    0x00, 0x00, 0x00, 0x05, 0x00, 0x00, 0x00, 0x00, 0x00, 0x00, 0x00, 0x00, 0x00, 0x00, 0x00, 0x7B,
    0x00, 0x00, 0x00, 0x09, 0x00, 0x00, 0x00, 0x04, 0x00, 0x00, 0x00, 0x06, 0x00, 0x00, 0x00, 0x07,
    0x00, 0x00, 0x00, 0x01, 0x00, 0x00, 0x00, 0x00, 0x00, 0x00, 0x00, 0x7C, 0x00, 0x00, 0x00, 0x09,
    0x00, 0x00, 0x00, 0x02, 0x00, 0x00, 0x00, 0x06, 0x00, 0x00, 0x00, 0x07, 0x00, 0x00, 0x00, 0x02,
    0x00, 0x00, 0x00, 0x00, 0x00, 0x00, 0x00, 0x7D, 0x00, 0x00, 0x00, 0x09, 0x00, 0x00, 0x00, 0x04,
    0x00, 0x00, 0x00, 0x06, 0x00, 0x00, 0x00, 0x07, 0x00, 0x00, 0x00, 0x01, 0x00, 0x00, 0x00, 0x00,
    0x00, 0x00, 0x00, 0x7E, 0x00, 0x00, 0x00, 0x02, 0x00, 0x00, 0x00, 0x06, 0x00, 0x00, 0x00, 0x06,
    0x00, 0x00, 0x00, 0x04, 0x00, 0x00, 0x00, 0x00, 0x00, 0x00, 0x00, 0x00, 0x00, 0x00, 0x00, 0xA0,
    0x00, 0x00, 0x00, 0x00, 0x00, 0x00, 0x00, 0x00, 0x00, 0x00, 0x00, 0x06, 0x00, 0x00, 0x00, 0x00,
    0x00, 0x00, 0x00, 0x00, 0x00, 0x00, 0x00, 0x00, 0x00, 0x00, 0x00, 0xA1, 0x00, 0x00, 0x00, 0x07,
    0x00, 0x00, 0x00, 0x02, 0x00, 0x00, 0x00, 0x06, 0x00, 0x00, 0x00, 0x05, 0x00, 0x00, 0x00, 0x02,
    0x00, 0x00, 0x00, 0x00, 0x00, 0x00, 0x00, 0xA2, 0x00, 0x00, 0x00, 0x07, 0x00, 0x00, 0x00, 0x06,
    0x00, 0x00, 0x00, 0x06, 0x00, 0x00, 0x00, 0x06, 0x00, 0x00, 0x00, 0x00, 0x00, 0x00, 0x00, 0x00,
    0x00, 0x00, 0x00, 0xA3, 0x00, 0x00, 0x00, 0x07, 0x00, 0x00, 0x00, 0x06, 0x00, 0x00, 0x00, 0x06,
    0x00, 0x00, 0x00, 0x07, 0x00, 0x00, 0x00, 0x00, 0x00, 0x00, 0x00, 0x00, 0x00, 0x00, 0x00, 0xA4,
    0x00, 0x00, 0x00, 0x07, 0x00, 0x00, 0x00, 0x06, 0x00, 0x00, 0x00, 0x06, 0x00, 0x00, 0x00, 0x07,
    0x00, 0x00, 0x00, 0x00, 0x00, 0x00, 0x00, 0x00, 0x00, 0x00, 0x00, 0xA5, 0x00, 0x00, 0x00, 0x07,
    0x00, 0x00, 0x00, 0x06, 0x00, 0x00, 0x00, 0x06, 0x00, 0x00, 0x00, 0x07, 0x00, 0x00, 0x00, 0x00,
    0x00, 0x00, 0x00, 0x00, 0x00, 0x00, 0x00, 0xA6, 0x00, 0x00, 0x00, 0x09, 0x00, 0x00, 0x00, 0x02,
    0x00, 0x00, 0x00, 0x06, 0x00, 0x00, 0x00, 0x07, 0x00, 0x00, 0x00, 0x02, 0x00, 0x00, 0x00, 0x00,
    0x00, 0x00, 0x00, 0xA7, 0x00, 0x00, 0x00, 0x08, 0x00, 0x00, 0x00, 0x06, 0x00, 0x00, 0x00, 0x06,
    0x00, 0x00, 0x00, 0x07, 0x00, 0x00, 0x00, 0x00, 0x00, 0x00, 0x00, 0x00, 0x00, 0x00, 0x00, 0xA8,
    0x00, 0x00, 0x00, 0x02, 0x00, 0x00, 0x00, 0x04, 0x00, 0x00, 0x00, 0x06, 0x00, 0x00, 0x00, 0x07,
    0x00, 0x00, 0x00, 0x01, 0x00, 0x00, 0x00, 0x00, 0x00, 0x00, 0x00, 0xA9, 0x00, 0x00, 0x00, 0x07,
    0x00, 0x00, 0x00, 0x06, 0x00, 0x00, 0x00, 0x06, 0x00, 0x00, 0x00, 0x07, 0x00, 0x00, 0x00, 0x00,
    0x00, 0x00, 0x00, 0x00, 0x00, 0x00, 0x00, 0xAA, 0x00, 0x00, 0x00, 0x04, 0x00, 0x00, 0x00, 0x04,
    0x00, 0x00, 0x00, 0x06, 0x00, 0x00, 0x00, 0x07, 0x00, 0x00, 0x00, 0x01, 0x00, 0x00, 0x00, 0x00,
    0x00, 0x00, 0x00, 0xAB, 0x00, 0x00, 0x00, 0x05, 0x00, 0x00, 0x00, 0x06, 0x00, 0x00, 0x00, 0x06,
    0x00, 0x00, 0x00, 0x05, 0x00, 0x00, 0x00, 0x00, 0x00, 0x00, 0x00, 0x00, 0x00, 0x00, 0x00, 0xAC,
    0x00, 0x00, 0x00, 0x03, 0x00, 0x00, 0x00, 0x06, 0x00, 0x00, 0x00, 0x06, 0x00, 0x00, 0x00, 0x03,
    0x00, 0x00, 0x00, 0x00, 0x00, 0x00, 0x00, 0x00, 0x00, 0x00, 0x00, 0xAD, 0x00, 0x00, 0x00, 0x01,
    0x00, 0x00, 0x00, 0x04, 0x00, 0x00, 0x00, 0x06, 0x00, 0x00, 0x00, 0x03, 0x00, 0x00, 0x00, 0x01,
    0x00, 0x00, 0x00, 0x00, 0x00, 0x00, 0x00, 0xAE, 0x00, 0x00, 0x00, 0x04, 0x00, 0x00, 0x00, 0x04,
    0x00, 0x00, 0x00, 0x06, 0x00, 0x00, 0x00, 0x07, 0x00, 0x00, 0x00, 0x01, 0x00, 0x00, 0x00, 0x00,
    0x00, 0x00, 0x00, 0xAF, 0x00, 0x00, 0x00, 0x01, 0x00, 0x00, 0x00, 0x04, 0x00, 0x00, 0x00, 0x06,
    0x00, 0x00, 0x00, 0x07, 0x00, 0x00, 0x00, 0x01, 0x00, 0x00, 0x00, 0x00, 0x00, 0x00, 0x00, 0xB0,
    0x00, 0x00, 0x00, 0x04, 0x00, 0x00, 0x00, 0x04, 0x00, 0x00, 0x00, 0x06, 0x00, 0x00, 0x00, 0x07,
    0x00, 0x00, 0x00, 0x01, 0x00, 0x00, 0x00, 0x00, 0x00, 0x00, 0x00, 0xB1, 0x00, 0x00, 0x00, 0x06,
    0x00, 0x00, 0x00, 0x06, 0x00, 0x00, 0x00, 0x06, 0x00, 0x00, 0x00, 0x06, 0x00, 0x00, 0x00, 0x00,
    0x00, 0x00, 0x00, 0x00, 0x00, 0x00, 0x00, 0xB2, 0x00, 0x00, 0x00, 0x04, 0x00, 0x00, 0x00, 0x04,
    0x00, 0x00, 0x00, 0x06, 0x00, 0x00, 0x00, 0x07, 0x00, 0x00, 0x00, 0x01, 0x00, 0x00, 0x00, 0x00,
    0x00, 0x00, 0x00, 0xB3, 0x00, 0x00, 0x00, 0x04, 0x00, 0x00, 0x00, 0x04, 0x00, 0x00, 0x00, 0x06,
    0x00, 0x00, 0x00, 0x07, 0x00, 0x00, 0x00, 0x01, 0x00, 0x00, 0x00, 0x00, 0x00, 0x00, 0x00, 0xB4,
    0x00, 0x00, 0x00, 0x03, 0x00, 0x00, 0x00, 0x03, 0x00, 0x00, 0x00, 0x06, 0x00, 0x00, 0x00, 0x08,
    0x00, 0x00, 0x00, 0x02, 0x00, 0x00, 0x00, 0x00, 0x00, 0x00, 0x00, 0xB5, 0x00, 0x00, 0x00, 0x07,
    0x00, 0x00, 0x00, 0x06, 0x00, 0x00, 0x00, 0x06, 0x00, 0x00, 0x00, 0x05, 0x00, 0x00, 0x00, 0x00,
    0x00, 0x00, 0x00, 0x00, 0x00, 0x00, 0x00, 0xB6, 0x00, 0x00, 0x00, 0x09, 0x00, 0x00, 0x00, 0x06,
    0x00, 0x00, 0x00, 0x06, 0x00, 0x00, 0x00, 0x07, 0x00, 0x00, 0x00, 0x00, 0x00, 0x00, 0x00, 0x00,
    0x00, 0x00, 0x00, 0xB7, 0x00, 0x00, 0x00, 0x03, 0x00, 0x00, 0x00, 0x02, 0x00, 0x00, 0x00, 0x06,
    0x00, 0x00, 0x00, 0x04, 0x00, 0x00, 0x00, 0x02, 0x00, 0x00, 0x00, 0x00, 0x00, 0x00, 0x00, 0xB8,
    0x00, 0x00, 0x00, 0x03, 0x00, 0x00, 0x00, 0x03, 0x00, 0x00, 0x00, 0x06, 0x00, 0x00, 0x00, 0x01,
    0x00, 0x00, 0x00, 0x02, 0x00, 0x00, 0x00, 0x00, 0x00, 0x00, 0x00, 0xB9, 0x00, 0x00, 0x00, 0x04,
    0x00, 0x00, 0x00, 0x04, 0x00, 0x00, 0x00, 0x06, 0x00, 0x00, 0x00, 0x07, 0x00, 0x00, 0x00, 0x01,
    0x00, 0x00, 0x00, 0x00, 0x00, 0x00, 0x00, 0xBA, 0x00, 0x00, 0x00, 0x04, 0x00, 0x00, 0x00, 0x04,
    0x00, 0x00, 0x00, 0x06, 0x00, 0x00, 0x00, 0x07, 0x00, 0x00, 0x00, 0x01, 0x00, 0x00, 0x00, 0x00,
    0x00, 0x00, 0x00, 0xBB, 0x00, 0x00, 0x00, 0x05, 0x00, 0x00, 0x00, 0x06, 0x00, 0x00, 0x00, 0x06,
    0x00, 0x00, 0x00, 0x05, 0x00, 0x00, 0x00, 0x00, 0x00, 0x00, 0x00, 0x00, 0x00, 0x00, 0x00, 0xBC,
    0x00, 0x00, 0x00, 0x08, 0x00, 0x00, 0x00, 0x06, 0x00, 0x00, 0x00, 0x06, 0x00, 0x00, 0x00, 0x07,
    0x00, 0x00, 0x00, 0x00, 0x00, 0x00, 0x00, 0x00, 0x00, 0x00, 0x00, 0xBD, 0x00, 0x00, 0x00, 0x07,
    0x00, 0x00, 0x00, 0x06, 0x00, 0x00, 0x00, 0x06, 0x00, 0x00, 0x00, 0x07, 0x00, 0x00, 0x00, 0x00,
    0x00, 0x00, 0x00, 0x00, 0x00, 0x00, 0x00, 0xBE, 0x00, 0x00, 0x00, 0x08, 0x00, 0x00, 0x00, 0x06,
    0x00, 0x00, 0x00, 0x06, 0x00, 0x00, 0x00, 0x07, 0x00, 0x00, 0x00, 0x00, 0x00, 0x00, 0x00, 0x00,
    0x00, 0x00, 0x00, 0xBF, 0x00, 0x00, 0x00, 0x07, 0x00, 0x00, 0x00, 0x06, 0x00, 0x00, 0x00, 0x06,
    0x00, 0x00, 0x00, 0x05, 0x00, 0x00, 0x00, 0x00, 0x00, 0x00, 0x00, 0x00, 0x00, 0x00, 0x00, 0xC0,
    0x00, 0x00, 0x00, 0x0A, 0x00, 0x00, 0x00, 0x06, 0x00, 0x00, 0x00, 0x06, 0x00, 0x00, 0x00, 0x0A,
    0x00, 0x00, 0x00, 0x00, 0x00, 0x00, 0x00, 0x00, 0x00, 0x00, 0x00, 0xC1, 0x00, 0x00, 0x00, 0x0A,
    0x00, 0x00, 0x00, 0x06, 0x00, 0x00, 0x00, 0x06, 0x00, 0x00, 0x00, 0x0A, 0x00, 0x00, 0x00, 0x00,
    0x00, 0x00, 0x00, 0x00, 0x00, 0x00, 0x00, 0xC2, 0x00, 0x00, 0x00, 0x0A, 0x00, 0x00, 0x00, 0x06,
    0x00, 0x00, 0x00, 0x06, 0x00, 0x00, 0x00, 0x0A, 0x00, 0x00, 0x00, 0x00, 0x00, 0x00, 0x00, 0x00,
    0x00, 0x00, 0x00, 0xC3, 0x00, 0x00, 0x00, 0x0A, 0x00, 0x00, 0x00, 0x06, 0x00, 0x00, 0x00, 0x06,
    0x00, 0x00, 0x00, 0x0A, 0x00, 0x00, 0x00, 0x00, 0x00, 0x00, 0x00, 0x00, 0x00, 0x00, 0x00, 0xC4,
    0x00, 0x00, 0x00, 0x09, 0x00, 0x00, 0x00, 0x06, 0x00, 0x00, 0x00, 0x06, 0x00, 0x00, 0x00, 0x09,
    0x00, 0x00, 0x00, 0x00, 0x00, 0x00, 0x00, 0x00, 0x00, 0x00, 0x00, 0xC5, 0x00, 0x00, 0x00, 0x0B,
    0x00, 0x00, 0x00, 0x06, 0x00, 0x00, 0x00, 0x06, 0x00, 0x00, 0x00, 0x0B, 0x00, 0x00, 0x00, 0x00,
    0x00, 0x00, 0x00, 0x00, 0x00, 0x00, 0x00, 0xC6, 0x00, 0x00, 0x00, 0x07, 0x00, 0x00, 0x00, 0x06,
    0x00, 0x00, 0x00, 0x06, 0x00, 0x00, 0x00, 0x07, 0x00, 0x00, 0x00, 0x00, 0x00, 0x00, 0x00, 0x00,
    0x00, 0x00, 0x00, 0xC7, 0x00, 0x00, 0x00, 0x09, 0x00, 0x00, 0x00, 0x06, 0x00, 0x00, 0x00, 0x06,
    0x00, 0x00, 0x00, 0x07, 0x00, 0x00, 0x00, 0x00, 0x00, 0x00, 0x00, 0x00, 0x00, 0x00, 0x00, 0xC8,
    0x00, 0x00, 0x00, 0x0A, 0x00, 0x00, 0x00, 0x06, 0x00, 0x00, 0x00, 0x06, 0x00, 0x00, 0x00, 0x0A,
    0x00, 0x00, 0x00, 0x00, 0x00, 0x00, 0x00, 0x00, 0x00, 0x00, 0x00, 0xC9, 0x00, 0x00, 0x00, 0x0A,
    0x00, 0x00, 0x00, 0x06, 0x00, 0x00, 0x00, 0x06, 0x00, 0x00, 0x00, 0x0A, 0x00, 0x00, 0x00, 0x00,
    0x00, 0x00, 0x00, 0x00, 0x00, 0x00, 0x00, 0xCA, 0x00, 0x00, 0x00, 0x0A, 0x00, 0x00, 0x00, 0x06,
    0x00, 0x00, 0x00, 0x06, 0x00, 0x00, 0x00, 0x0A, 0x00, 0x00, 0x00, 0x00, 0x00, 0x00, 0x00, 0x00,
    0x00, 0x00, 0x00, 0xCB, 0x00, 0x00, 0x00, 0x09, 0x00, 0x00, 0x00, 0x06, 0x00, 0x00, 0x00, 0x06,
    0x00, 0x00, 0x00, 0x09, 0x00, 0x00, 0x00, 0x00, 0x00, 0x00, 0x00, 0x00, 0x00, 0x00, 0x00, 0xCC,
    0x00, 0x00, 0x00, 0x0A, 0x00, 0x00, 0x00, 0x06, 0x00, 0x00, 0x00, 0x06, 0x00, 0x00, 0x00, 0x0A,
    0x00, 0x00, 0x00, 0x00, 0x00, 0x00, 0x00, 0x00, 0x00, 0x00, 0x00, 0xCD, 0x00, 0x00, 0x00, 0x0A,
    0x00, 0x00, 0x00, 0x06, 0x00, 0x00, 0x00, 0x06, 0x00, 0x00, 0x00, 0x0A, 0x00, 0x00, 0x00, 0x00,
    0x00, 0x00, 0x00, 0x00, 0x00, 0x00, 0x00, 0xCE, 0x00, 0x00, 0x00, 0x0A, 0x00, 0x00, 0x00, 0x06,
    0x00, 0x00, 0x00, 0x06, 0x00, 0x00, 0x00, 0x0A, 0x00, 0x00, 0x00, 0x00, 0x00, 0x00, 0x00, 0x00,
    0x00, 0x00, 0x00, 0xCF, 0x00, 0x00, 0x00, 0x09, 0x00, 0x00, 0x00, 0x06, 0x00, 0x00, 0x00, 0x06,
    0x00, 0x00, 0x00, 0x09, 0x00, 0x00, 0x00, 0x00, 0x00, 0x00, 0x00, 0x00, 0x00, 0x00, 0x00, 0xD0,
    0x00, 0x00, 0x00, 0x07, 0x00, 0x00, 0x00, 0x06, 0x00, 0x00, 0x00, 0x06, 0x00, 0x00, 0x00, 0x07,
    0x00, 0x00, 0x00, 0x00, 0x00, 0x00, 0x00, 0x00, 0x00, 0x00, 0x00, 0xD1, 0x00, 0x00, 0x00, 0x0A,
    0x00, 0x00, 0x00, 0x06, 0x00, 0x00, 0x00, 0x06, 0x00, 0x00, 0x00, 0x0A, 0x00, 0x00, 0x00, 0x00,
    0x00, 0x00, 0x00, 0x00, 0x00, 0x00, 0x00, 0xD2, 0x00, 0x00, 0x00, 0x0A, 0x00, 0x00, 0x00, 0x06,
    0x00, 0x00, 0x00, 0x06, 0x00, 0x00, 0x00, 0x0A, 0x00, 0x00, 0x00, 0x00, 0x00, 0x00, 0x00, 0x00,
    0x00, 0x00, 0x00, 0xD3, 0x00, 0x00, 0x00, 0x0A, 0x00, 0x00, 0x00, 0x06, 0x00, 0x00, 0x00, 0x06,
    0x00, 0x00, 0x00, 0x0A, 0x00, 0x00, 0x00, 0x00, 0x00, 0x00, 0x00, 0x00, 0x00, 0x00, 0x00, 0xD4,
    0x00, 0x00, 0x00, 0x0A, 0x00, 0x00, 0x00, 0x06, 0x00, 0x00, 0x00, 0x06, 0x00, 0x00, 0x00, 0x0A,
    0x00, 0x00, 0x00, 0x00, 0x00, 0x00, 0x00, 0x00, 0x00, 0x00, 0x00, 0xD5, 0x00, 0x00, 0x00, 0x0A,
    0x00, 0x00, 0x00, 0x06, 0x00, 0x00, 0x00, 0x06, 0x00, 0x00, 0x00, 0x0A, 0x00, 0x00, 0x00, 0x00,
    0x00, 0x00, 0x00, 0x00, 0x00, 0x00, 0x00, 0xD6, 0x00, 0x00, 0x00, 0x09, 0x00, 0x00, 0x00, 0x06,
    0x00, 0x00, 0x00, 0x06, 0x00, 0x00, 0x00, 0x09, 0x00, 0x00, 0x00, 0x00, 0x00, 0x00, 0x00, 0x00,
    0x00, 0x00, 0x00, 0xD7, 0x00, 0x00, 0x00, 0x05, 0x00, 0x00, 0x00, 0x06, 0x00, 0x00, 0x00, 0x06,
    0x00, 0x00, 0x00, 0x05, 0x00, 0x00, 0x00, 0x00, 0x00, 0x00, 0x00, 0x00, 0x00, 0x00, 0x00, 0xD8,
    0x00, 0x00, 0x00, 0x09, 0x00, 0x00, 0x00, 0x06, 0x00, 0x00, 0x00, 0x06, 0x00, 0x00, 0x00, 0x08,
    0x00, 0x00, 0x00, 0x00, 0x00, 0x00, 0x00, 0x00, 0x00, 0x00, 0x00, 0xD9, 0x00, 0x00, 0x00, 0x0A,
    0x00, 0x00, 0x00, 0x06, 0x00, 0x00, 0x00, 0x06, 0x00, 0x00, 0x00, 0x0A, 0x00, 0x00, 0x00, 0x00,
    0x00, 0x00, 0x00, 0x00, 0x00, 0x00, 0x00, 0xDA, 0x00, 0x00, 0x00, 0x0A, 0x00, 0x00, 0x00, 0x06,
    0x00, 0x00, 0x00, 0x06, 0x00, 0x00, 0x00, 0x0A, 0x00, 0x00, 0x00, 0x00, 0x00, 0x00, 0x00, 0x00,
    0x00, 0x00, 0x00, 0xDB, 0x00, 0x00, 0x00, 0x0A, 0x00, 0x00, 0x00, 0x06, 0x00, 0x00, 0x00, 0x06,
    0x00, 0x00, 0x00, 0x0A, 0x00, 0x00, 0x00, 0x00, 0x00, 0x00, 0x00, 0x00, 0x00, 0x00, 0x00, 0xDC,
    0x00, 0x00, 0x00, 0x09, 0x00, 0x00, 0x00, 0x06, 0x00, 0x00, 0x00, 0x06, 0x00, 0x00, 0x00, 0x09,
    0x00, 0x00, 0x00, 0x00, 0x00, 0x00, 0x00, 0x00, 0x00, 0x00, 0x00, 0xDD, 0x00, 0x00, 0x00, 0x0A,
    0x00, 0x00, 0x00, 0x06, 0x00, 0x00, 0x00, 0x06, 0x00, 0x00, 0x00, 0x0A, 0x00, 0x00, 0x00, 0x00,
    0x00, 0x00, 0x00, 0x00, 0x00, 0x00, 0x00, 0xDE, 0x00, 0x00, 0x00, 0x07, 0x00, 0x00, 0x00, 0x06,
    0x00, 0x00, 0x00, 0x06, 0x00, 0x00, 0x00, 0x07, 0x00, 0x00, 0x00, 0x00, 0x00, 0x00, 0x00, 0x00,
    0x00, 0x00, 0x00, 0xDF, 0x00, 0x00, 0x00, 0x09, 0x00, 0x00, 0x00, 0x05, 0x00, 0x00, 0x00, 0x06,
    0x00, 0x00, 0x00, 0x07, 0x00, 0x00, 0x00, 0x01, 0x00, 0x00, 0x00, 0x00, 0x00, 0x00, 0x00, 0xE0,
    0x00, 0x00, 0x00, 0x08, 0x00, 0x00, 0x00, 0x06, 0x00, 0x00, 0x00, 0x06, 0x00, 0x00, 0x00, 0x08,
    0x00, 0x00, 0x00, 0x00, 0x00, 0x00, 0x00, 0x00, 0x00, 0x00, 0x00, 0xE1, 0x00, 0x00, 0x00, 0x08,
    0x00, 0x00, 0x00, 0x06, 0x00, 0x00, 0x00, 0x06, 0x00, 0x00, 0x00, 0x08, 0x00, 0x00, 0x00, 0x00,
    0x00, 0x00, 0x00, 0x00, 0x00, 0x00, 0x00, 0xE2, 0x00, 0x00, 0x00, 0x08, 0x00, 0x00, 0x00, 0x06,
    0x00, 0x00, 0x00, 0x06, 0x00, 0x00, 0x00, 0x08, 0x00, 0x00, 0x00, 0x00, 0x00, 0x00, 0x00, 0x00,
    0x00, 0x00, 0x00, 0xE3, 0x00, 0x00, 0x00, 0x08, 0x00, 0x00, 0x00, 0x06, 0x00, 0x00, 0x00, 0x06,
    0x00, 0x00, 0x00, 0x08, 0x00, 0x00, 0x00, 0x00, 0x00, 0x00, 0x00, 0x00, 0x00, 0x00, 0x00, 0xE4,
    0x00, 0x00, 0x00, 0x08, 0x00, 0x00, 0x00, 0x06, 0x00, 0x00, 0x00, 0x06, 0x00, 0x00, 0x00, 0x08,
    0x00, 0x00, 0x00, 0x00, 0x00, 0x00, 0x00, 0x00, 0x00, 0x00, 0x00, 0xE5, 0x00, 0x00, 0x00, 0x09,
    0x00, 0x00, 0x00, 0x06, 0x00, 0x00, 0x00, 0x06, 0x00, 0x00, 0x00, 0x09, 0x00, 0x00, 0x00, 0x00,
    0x00, 0x00, 0x00, 0x00, 0x00, 0x00, 0x00, 0xE6, 0x00, 0x00, 0x00, 0x05, 0x00, 0x00, 0x00, 0x06,
    0x00, 0x00, 0x00, 0x06, 0x00, 0x00, 0x00, 0x05, 0x00, 0x00, 0x00, 0x00, 0x00, 0x00, 0x00, 0x00,
    0x00, 0x00, 0x00, 0xE7, 0x00, 0x00, 0x00, 0x07, 0x00, 0x00, 0x00, 0x06, 0x00, 0x00, 0x00, 0x06,
    0x00, 0x00, 0x00, 0x05, 0x00, 0x00, 0x00, 0x00, 0x00, 0x00, 0x00, 0x00, 0x00, 0x00, 0x00, 0xE8,
    0x00, 0x00, 0x00, 0x08, 0x00, 0x00, 0x00, 0x06, 0x00, 0x00, 0x00, 0x06, 0x00, 0x00, 0x00, 0x08,
    0x00, 0x00, 0x00, 0x00, 0x00, 0x00, 0x00, 0x00, 0x00, 0x00, 0x00, 0xE9, 0x00, 0x00, 0x00, 0x08,
    0x00, 0x00, 0x00, 0x06, 0x00, 0x00, 0x00, 0x06, 0x00, 0x00, 0x00, 0x08, 0x00, 0x00, 0x00, 0x00,
    0x00, 0x00, 0x00, 0x00, 0x00, 0x00, 0x00, 0xEA, 0x00, 0x00, 0x00, 0x08, 0x00, 0x00, 0x00, 0x06,
    0x00, 0x00, 0x00, 0x06, 0x00, 0x00, 0x00, 0x08, 0x00, 0x00, 0x00, 0x00, 0x00, 0x00, 0x00, 0x00,
    0x00, 0x00, 0x00, 0xEB, 0x00, 0x00, 0x00, 0x08, 0x00, 0x00, 0x00, 0x06, 0x00, 0x00, 0x00, 0x06,
    0x00, 0x00, 0x00, 0x08, 0x00, 0x00, 0x00, 0x00, 0x00, 0x00, 0x00, 0x00, 0x00, 0x00, 0x00, 0xEC,
    0x00, 0x00, 0x00, 0x08, 0x00, 0x00, 0x00, 0x05, 0x00, 0x00, 0x00, 0x06, 0x00, 0x00, 0x00, 0x08,
    0x00, 0x00, 0x00, 0x01, 0x00, 0x00, 0x00, 0x00, 0x00, 0x00, 0x00, 0xED, 0x00, 0x00, 0x00, 0x08,
    0x00, 0x00, 0x00, 0x05, 0x00, 0x00, 0x00, 0x06, 0x00, 0x00, 0x00, 0x08, 0x00, 0x00, 0x00, 0x01,
    0x00, 0x00, 0x00, 0x00, 0x00, 0x00, 0x00, 0xEE, 0x00, 0x00, 0x00, 0x08, 0x00, 0x00, 0x00, 0x05,
    0x00, 0x00, 0x00, 0x06, 0x00, 0x00, 0x00, 0x08, 0x00, 0x00, 0x00, 0x01, 0x00, 0x00, 0x00, 0x00,
    0x00, 0x00, 0x00, 0xEF, 0x00, 0x00, 0x00, 0x08, 0x00, 0x00, 0x00, 0x05, 0x00, 0x00, 0x00, 0x06,
    0x00, 0x00, 0x00, 0x08, 0x00, 0x00, 0x00, 0x01, 0x00, 0x00, 0x00, 0x00, 0x00, 0x00, 0x00, 0xF0,
    0x00, 0x00, 0x00, 0x08, 0x00, 0x00, 0x00, 0x06, 0x00, 0x00, 0x00, 0x06, 0x00, 0x00, 0x00, 0x08,
    0x00, 0x00, 0x00, 0x00, 0x00, 0x00, 0x00, 0x00, 0x00, 0x00, 0x00, 0xF1, 0x00, 0x00, 0x00, 0x08,
    0x00, 0x00, 0x00, 0x06, 0x00, 0x00, 0x00, 0x06, 0x00, 0x00, 0x00, 0x08, 0x00, 0x00, 0x00, 0x00,
    0x00, 0x00, 0x00, 0x00, 0x00, 0x00, 0x00, 0xF2, 0x00, 0x00, 0x00, 0x08, 0x00, 0x00, 0x00, 0x06,
    0x00, 0x00, 0x00, 0x06, 0x00, 0x00, 0x00, 0x08, 0x00, 0x00, 0x00, 0x00, 0x00, 0x00, 0x00, 0x00,
    0x00, 0x00, 0x00, 0xF3, 0x00, 0x00, 0x00, 0x08, 0x00, 0x00, 0x00, 0x06, 0x00, 0x00, 0x00, 0x06,
    0x00, 0x00, 0x00, 0x08, 0x00, 0x00, 0x00, 0x00, 0x00, 0x00, 0x00, 0x00, 0x00, 0x00, 0x00, 0xF4,
    0x00, 0x00, 0x00, 0x08, 0x00, 0x00, 0x00, 0x06, 0x00, 0x00, 0x00, 0x06, 0x00, 0x00, 0x00, 0x08,
    0x00, 0x00, 0x00, 0x00, 0x00, 0x00, 0x00, 0x00, 0x00, 0x00, 0x00, 0xF5, 0x00, 0x00, 0x00, 0x08,
    0x00, 0x00, 0x00, 0x06, 0x00, 0x00, 0x00, 0x06, 0x00, 0x00, 0x00, 0x08, 0x00, 0x00, 0x00, 0x00,
    0x00, 0x00, 0x00, 0x00, 0x00, 0x00, 0x00, 0xF6, 0x00, 0x00, 0x00, 0x08, 0x00, 0x00, 0x00, 0x06,
    0x00, 0x00, 0x00, 0x06, 0x00, 0x00, 0x00, 0x08, 0x00, 0x00, 0x00, 0x00, 0x00, 0x00, 0x00, 0x00,
    0x00, 0x00, 0x00, 0xF7, 0x00, 0x00, 0x00, 0x06, 0x00, 0x00, 0x00, 0x06, 0x00, 0x00, 0x00, 0x06,
    0x00, 0x00, 0x00, 0x06, 0x00, 0x00, 0x00, 0x00, 0x00, 0x00, 0x00, 0x00, 0x00, 0x00, 0x00, 0xF8,
    0x00, 0x00, 0x00, 0x07, 0x00, 0x00, 0x00, 0x06, 0x00, 0x00, 0x00, 0x06, 0x00, 0x00, 0x00, 0x06,
    0x00, 0x00, 0x00, 0x00, 0x00, 0x00, 0x00, 0x00, 0x00, 0x00, 0x00, 0xF9, 0x00, 0x00, 0x00, 0x08,
    0x00, 0x00, 0x00, 0x06, 0x00, 0x00, 0x00, 0x06, 0x00, 0x00, 0x00, 0x08, 0x00, 0x00, 0x00, 0x00,
    0x00, 0x00, 0x00, 0x00, 0x00, 0x00, 0x00, 0xFA, 0x00, 0x00, 0x00, 0x08, 0x00, 0x00, 0x00, 0x06,
    0x00, 0x00, 0x00, 0x06, 0x00, 0x00, 0x00, 0x08, 0x00, 0x00, 0x00, 0x00, 0x00, 0x00, 0x00, 0x00,
    0x00, 0x00, 0x00, 0xFB, 0x00, 0x00, 0x00, 0x08, 0x00, 0x00, 0x00, 0x06, 0x00, 0x00, 0x00, 0x06,
    0x00, 0x00, 0x00, 0x08, 0x00, 0x00, 0x00, 0x00, 0x00, 0x00, 0x00, 0x00, 0x00, 0x00, 0x00, 0xFC,
    0x00, 0x00, 0x00, 0x08, 0x00, 0x00, 0x00, 0x06, 0x00, 0x00, 0x00, 0x06, 0x00, 0x00, 0x00, 0x08,
    0x00, 0x00, 0x00, 0x00, 0x00, 0x00, 0x00, 0x00, 0x00, 0x00, 0x00, 0xFD, 0x00, 0x00, 0x00, 0x0A,
    0x00, 0x00, 0x00, 0x06, 0x00, 0x00, 0x00, 0x06, 0x00, 0x00, 0x00, 0x08, 0x00, 0x00, 0x00, 0x00,
    0x00, 0x00, 0x00, 0x00, 0x00, 0x00, 0x00, 0xFE, 0x00, 0x00, 0x00, 0x09, 0x00, 0x00, 0x00, 0x06,
    0x00, 0x00, 0x00, 0x06, 0x00, 0x00, 0x00, 0x07, 0x00, 0x00, 0x00, 0x00, 0x00, 0x00, 0x00, 0x00,
    0x00, 0x00, 0x00, 0xFF, 0x00, 0x00, 0x00, 0x0A, 0x00, 0x00, 0x00, 0x06, 0x00, 0x00, 0x00, 0x06,
    0x00, 0x00, 0x00, 0x08, 0x00, 0x00, 0x00, 0x00, 0x00, 0x00, 0x00, 0x00, 0x00, 0x00, 0x20, 0x13,
    0x00, 0x00, 0x00, 0x01, 0x00, 0x00, 0x00, 0x06, 0x00, 0x00, 0x00, 0x06, 0x00, 0x00, 0x00, 0x03,
    0x00, 0x00, 0x00, 0x00, 0x00, 0x00, 0x00, 0x00, 0x00, 0x00, 0x20, 0x14, 0x00, 0x00, 0x00, 0x01,
    0x00, 0x00, 0x00, 0x06, 0x00, 0x00, 0x00, 0x06, 0x00, 0x00, 0x00, 0x03, 0x00, 0x00, 0x00, 0x00,
    0x00, 0x00, 0x00, 0x00, 0x00, 0x00, 0x20, 0x18, 0x00, 0x00, 0x00, 0x03, 0x00, 0x00, 0x00, 0x03,
    0x00, 0x00, 0x00, 0x06, 0x00, 0x00, 0x00, 0x07, 0x00, 0x00, 0x00, 0x01, 0x00, 0x00, 0x00, 0x00,
    0x00, 0x00, 0x20, 0x19, 0x00, 0x00, 0x00, 0x03, 0x00, 0x00, 0x00, 0x03, 0x00, 0x00, 0x00, 0x06,
    0x00, 0x00, 0x00, 0x07, 0x00, 0x00, 0x00, 0x02, 0x00, 0x00, 0x00, 0x00, 0x00, 0x00, 0x20, 0x1C,
    0x00, 0x00, 0x00, 0x03, 0x00, 0x00, 0x00, 0x06, 0x00, 0x00, 0x00, 0x06, 0x00, 0x00, 0x00, 0x07,
    0x00, 0x00, 0x00, 0x00, 0x00, 0x00, 0x00, 0x00, 0x00, 0x00, 0x20, 0x1D, 0x00, 0x00, 0x00, 0x03,
    0x00, 0x00, 0x00, 0x05, 0x00, 0x00, 0x00, 0x06, 0x00, 0x00, 0x00, 0x07, 0x00, 0x00, 0x00, 0x01,
    0x00, 0x00, 0x00, 0x00, 0x00, 0x00, 0x20, 0x26, 0x00, 0x00, 0x00, 0x02, 0x00, 0x00, 0x00, 0x06,
    0x00, 0x00, 0x00, 0x06, 0x00, 0x00, 0x00, 0x02, 0x00, 0x00, 0x00, 0x00, 0x00, 0x00, 0x00, 0x00,
    0x00, 0x00, 0x20, 0xAC, 0x00, 0x00, 0x00, 0x07, 0x00, 0x00, 0x00, 0x06, 0x00, 0x00, 0x00, 0x06,
    0x00, 0x00, 0x00, 0x07, 0x00, 0x00, 0x00, 0x00, 0x00, 0x00, 0x00, 0x00, 0x00, 0x00, 0x21, 0x90,
    0x00, 0x00, 0x00, 0x05, 0x00, 0x00, 0x00, 0x06, 0x00, 0x00, 0x00, 0x06, 0x00, 0x00, 0x00, 0x06,
    0x00, 0x00, 0x00, 0x00, 0x00, 0x00, 0x00, 0x00, 0x00, 0x00, 0x21, 0x91, 0x00, 0x00, 0x00, 0x08,
    0x00, 0x00, 0x00, 0x05, 0x00, 0x00, 0x00, 0x06, 0x00, 0x00, 0x00, 0x08, 0x00, 0x00, 0x00, 0x01,
    0x00, 0x00, 0x00, 0x00, 0x00, 0x00, 0x21, 0x92, 0x00, 0x00, 0x00, 0x05, 0x00, 0x00, 0x00, 0x06,
    0x00, 0x00, 0x00, 0x06, 0x00, 0x00, 0x00, 0x06, 0x00, 0x00, 0x00, 0x00, 0x00, 0x00, 0x00, 0x00,
    0x00, 0x00, 0x21, 0x93, 0x00, 0x00, 0x00, 0x08, 0x00, 0x00, 0x00, 0x05, 0x00, 0x00, 0x00, 0x06,
    0x00, 0x00, 0x00, 0x07, 0x00, 0x00, 0x00, 0x01, 0x00, 0x00, 0x00, 0x00, 0x00, 0x00, 0x21, 0x94,
    0x00, 0x00, 0x00, 0x05, 0x00, 0x00, 0x00, 0x06, 0x00, 0x00, 0x00, 0x06, 0x00, 0x00, 0x00, 0x06,
    0x00, 0x00, 0x00, 0x00, 0x00, 0x00, 0x00, 0x00, 0x00, 0x00, 0x21, 0x95, 0x00, 0x00, 0x00, 0x09,
    0x00, 0x00, 0x00, 0x05, 0x00, 0x00, 0x00, 0x06, 0x00, 0x00, 0x00, 0x08, 0x00, 0x00, 0x00, 0x01,
    0x00, 0x00, 0x00, 0x00, 0x00, 0x00, 0x21, 0xE9, 0x00, 0x00, 0x00, 0x08, 0x00, 0x00, 0x00, 0x05,
    0x00, 0x00, 0x00, 0x07, 0x00, 0x00, 0x00, 0x07, 0x00, 0x00, 0x00, 0x01, 0x00, 0x00, 0x00, 0x00,
    0x00, 0x00, 0x22, 0x60, 0x00, 0x00, 0x00, 0x06, 0x00, 0x00, 0x00, 0x06, 0x00, 0x00, 0x00, 0x06,
    0x00, 0x00, 0x00, 0x06, 0x00, 0x00, 0x00, 0x00, 0x00, 0x00, 0x00, 0x00, 0x00, 0x00, 0x22, 0x61,
    0x00, 0x00, 0x00, 0x06, 0x00, 0x00, 0x00, 0x07, 0x00, 0x00, 0x00, 0x07, 0x00, 0x00, 0x00, 0x07,
    0x00, 0x00, 0x00, 0x00, 0x00, 0x00, 0x00, 0x00, 0x00, 0x00, 0x22, 0x64, 0x00, 0x00, 0x00, 0x06,
    0x00, 0x00, 0x00, 0x06, 0x00, 0x00, 0x00, 0x06, 0x00, 0x00, 0x00, 0x06, 0x00, 0x00, 0x00, 0x00,
    0x00, 0x00, 0x00, 0x00, 0x00, 0x00, 0x22, 0x65, 0x00, 0x00, 0x00, 0x06, 0x00, 0x00, 0x00, 0x06,
    0x00, 0x00, 0x00, 0x06, 0x00, 0x00, 0x00, 0x06, 0x00, 0x00, 0x00, 0x00, 0x00, 0x00, 0x00, 0x00,
    0x00, 0x00, 0x23, 0x15, 0x00, 0x00, 0x00, 0x06, 0x00, 0x00, 0x00, 0x07, 0x00, 0x00, 0x00, 0x07,
    0x00, 0x00, 0x00, 0x07, 0x00, 0x00, 0x00, 0x00, 0x00, 0x00, 0x00, 0x00, 0x00, 0x00, 0x23, 0xCE,
    0x00, 0x00, 0x00, 0x06, 0x00, 0x00, 0x00, 0x07, 0x00, 0x00, 0x00, 0x07, 0x00, 0x00, 0x00, 0x07,
    0x00, 0x00, 0x00, 0x00, 0x00, 0x00, 0x00, 0x00, 0x00, 0x00, 0x25, 0x00, 0x00, 0x00, 0x00, 0x02,
    0x00, 0x00, 0x00, 0x06, 0x00, 0x00, 0x00, 0x06, 0x00, 0x00, 0x00, 0x04, 0x00, 0x00, 0x00, 0x00,
    0x00, 0x00, 0x00, 0x00, 0x00, 0x00, 0x25, 0x01, 0x00, 0x00, 0x00, 0x02, 0x00, 0x00, 0x00, 0x06,
    0x00, 0x00, 0x00, 0x06, 0x00, 0x00, 0x00, 0x04, 0x00, 0x00, 0x00, 0x00, 0x00, 0x00, 0x00, 0x00,
    0x00, 0x00, 0x25, 0x02, 0x00, 0x00, 0x00, 0x0E, 0x00, 0x00, 0x00, 0x02, 0x00, 0x00, 0x00, 0x06,
    0x00, 0x00, 0x00, 0x0A, 0x00, 0x00, 0x00, 0x02, 0x00, 0x00, 0x00, 0x00, 0x00, 0x00, 0x25, 0x03,
    0x00, 0x00, 0x00, 0x0E, 0x00, 0x00, 0x00, 0x02, 0x00, 0x00, 0x00, 0x06, 0x00, 0x00, 0x00, 0x0A,
    0x00, 0x00, 0x00, 0x02, 0x00, 0x00, 0x00, 0x00, 0x00, 0x00, 0x25, 0x04, 0x00, 0x00, 0x00, 0x02,
    0x00, 0x00, 0x00, 0x06, 0x00, 0x00, 0x00, 0x06, 0x00, 0x00, 0x00, 0x04, 0x00, 0x00, 0x00, 0x00,
    0x00, 0x00, 0x00, 0x00, 0x00, 0x00, 0x25, 0x05, 0x00, 0x00, 0x00, 0x02, 0x00, 0x00, 0x00, 0x06,
    0x00, 0x00, 0x00, 0x06, 0x00, 0x00, 0x00, 0x04, 0x00, 0x00, 0x00, 0x00, 0x00, 0x00, 0x00, 0x00,
    0x00, 0x00, 0x25, 0x06, 0x00, 0x00, 0x00, 0x0D, 0x00, 0x00, 0x00, 0x02, 0x00, 0x00, 0x00, 0x06,
    0x00, 0x00, 0x00, 0x0A, 0x00, 0x00, 0x00, 0x02, 0x00, 0x00, 0x00, 0x00, 0x00, 0x00, 0x25, 0x07,
    0x00, 0x00, 0x00, 0x0D, 0x00, 0x00, 0x00, 0x02, 0x00, 0x00, 0x00, 0x06, 0x00, 0x00, 0x00, 0x0A,
    0x00, 0x00, 0x00, 0x02, 0x00, 0x00, 0x00, 0x00, 0x00, 0x00, 0x25, 0x08, 0x00, 0x00, 0x00, 0x02,
    0x00, 0x00, 0x00, 0x06, 0x00, 0x00, 0x00, 0x06, 0x00, 0x00, 0x00, 0x04, 0x00, 0x00, 0x00, 0x00,
    0x00, 0x00, 0x00, 0x00, 0x00, 0x00, 0x25, 0x09, 0x00, 0x00, 0x00, 0x02, 0x00, 0x00, 0x00, 0x06,
    0x00, 0x00, 0x00, 0x06, 0x00, 0x00, 0x00, 0x04, 0x00, 0x00, 0x00, 0x00, 0x00, 0x00, 0x00, 0x00,
    0x00, 0x00, 0x25, 0x0A, 0x00, 0x00, 0x00, 0x0E, 0x00, 0x00, 0x00, 0x02, 0x00, 0x00, 0x00, 0x06,
    0x00, 0x00, 0x00, 0x0A, 0x00, 0x00, 0x00, 0x02, 0x00, 0x00, 0x00, 0x00, 0x00, 0x00, 0x25, 0x0B,
    0x00, 0x00, 0x00, 0x0E, 0x00, 0x00, 0x00, 0x02, 0x00, 0x00, 0x00, 0x06, 0x00, 0x00, 0x00, 0x0A,
    0x00, 0x00, 0x00, 0x02, 0x00, 0x00, 0x00, 0x00, 0x00, 0x00, 0x25, 0x0C, 0x00, 0x00, 0x00, 0x08,
    0x00, 0x00, 0x00, 0x04, 0x00, 0x00, 0x00, 0x06, 0x00, 0x00, 0x00, 0x04, 0x00, 0x00, 0x00, 0x02,
    0x00, 0x00, 0x00, 0x00, 0x00, 0x00, 0x25, 0x0D, 0x00, 0x00, 0x00, 0x08, 0x00, 0x00, 0x00, 0x04,
    0x00, 0x00, 0x00, 0x06, 0x00, 0x00, 0x00, 0x04, 0x00, 0x00, 0x00, 0x02, 0x00, 0x00, 0x00, 0x00,
    0x00, 0x00, 0x25, 0x0E, 0x00, 0x00, 0x00, 0x08, 0x00, 0x00, 0x00, 0x04, 0x00, 0x00, 0x00, 0x06,
    0x00, 0x00, 0x00, 0x04, 0x00, 0x00, 0x00, 0x02, 0x00, 0x00, 0x00, 0x00, 0x00, 0x00, 0x25, 0x0F,
    0x00, 0x00, 0x00, 0x08, 0x00, 0x00, 0x00, 0x04, 0x00, 0x00, 0x00, 0x06, 0x00, 0x00, 0x00, 0x04,
    0x00, 0x00, 0x00, 0x02, 0x00, 0x00, 0x00, 0x00, 0x00, 0x00, 0x25, 0x10, 0x00, 0x00, 0x00, 0x08,
    0x00, 0x00, 0x00, 0x06, 0x00, 0x00, 0x00, 0x06, 0x00, 0x00, 0x00, 0x04, 0x00, 0x00, 0x00, 0x00,
    0x00, 0x00, 0x00, 0x00, 0x00, 0x00, 0x25, 0x11, 0x00, 0x00, 0x00, 0x08, 0x00, 0x00, 0x00, 0x06,
    0x00, 0x00, 0x00, 0x06, 0x00, 0x00, 0x00, 0x04, 0x00, 0x00, 0x00, 0x00, 0x00, 0x00, 0x00, 0x00,
    0x00, 0x00, 0x25, 0x12, 0x00, 0x00, 0x00, 0x08, 0x00, 0x00, 0x00, 0x06, 0x00, 0x00, 0x00, 0x06,
    0x00, 0x00, 0x00, 0x04, 0x00, 0x00, 0x00, 0x00, 0x00, 0x00, 0x00, 0x00, 0x00, 0x00, 0x25, 0x13,
    0x00, 0x00, 0x00, 0x08, 0x00, 0x00, 0x00, 0x06, 0x00, 0x00, 0x00, 0x06, 0x00, 0x00, 0x00, 0x04,
    0x00, 0x00, 0x00, 0x00, 0x00, 0x00, 0x00, 0x00, 0x00, 0x00, 0x25, 0x14, 0x00, 0x00, 0x00, 0x08,
    0x00, 0x00, 0x00, 0x04, 0x00, 0x00, 0x00, 0x06, 0x00, 0x00, 0x00, 0x0A, 0x00, 0x00, 0x00, 0x02,
    0x00, 0x00, 0x00, 0x00, 0x00, 0x00, 0x25, 0x15, 0x00, 0x00, 0x00, 0x08, 0x00, 0x00, 0x00, 0x04,
    0x00, 0x00, 0x00, 0x06, 0x00, 0x00, 0x00, 0x0A, 0x00, 0x00, 0x00, 0x02, 0x00, 0x00, 0x00, 0x00,
    0x00, 0x00, 0x25, 0x16, 0x00, 0x00, 0x00, 0x08, 0x00, 0x00, 0x00, 0x04, 0x00, 0x00, 0x00, 0x06,
    0x00, 0x00, 0x00, 0x0A, 0x00, 0x00, 0x00, 0x02, 0x00, 0x00, 0x00, 0x00, 0x00, 0x00, 0x25, 0x17,
    0x00, 0x00, 0x00, 0x08, 0x00, 0x00, 0x00, 0x04, 0x00, 0x00, 0x00, 0x06, 0x00, 0x00, 0x00, 0x0A,
    0x00, 0x00, 0x00, 0x02, 0x00, 0x00, 0x00, 0x00, 0x00, 0x00, 0x25, 0x18, 0x00, 0x00, 0x00, 0x08,
    0x00, 0x00, 0x00, 0x06, 0x00, 0x00, 0x00, 0x06, 0x00, 0x00, 0x00, 0x0A, 0x00, 0x00, 0x00, 0x00,
    0x00, 0x00, 0x00, 0x00, 0x00, 0x00, 0x25, 0x19, 0x00, 0x00, 0x00, 0x08, 0x00, 0x00, 0x00, 0x06,
    0x00, 0x00, 0x00, 0x06, 0x00, 0x00, 0x00, 0x0A, 0x00, 0x00, 0x00, 0x00, 0x00, 0x00, 0x00, 0x00,
    0x00, 0x00, 0x25, 0x1A, 0x00, 0x00, 0x00, 0x08, 0x00, 0x00, 0x00, 0x06, 0x00, 0x00, 0x00, 0x06,
    0x00, 0x00, 0x00, 0x0A, 0x00, 0x00, 0x00, 0x00, 0x00, 0x00, 0x00, 0x00, 0x00, 0x00, 0x25, 0x1B,
    0x00, 0x00, 0x00, 0x08, 0x00, 0x00, 0x00, 0x06, 0x00, 0x00, 0x00, 0x06, 0x00, 0x00, 0x00, 0x0A,
    0x00, 0x00, 0x00, 0x00, 0x00, 0x00, 0x00, 0x00, 0x00, 0x00, 0x25, 0x1C, 0x00, 0x00, 0x00, 0x0E,
    0x00, 0x00, 0x00, 0x04, 0x00, 0x00, 0x00, 0x06, 0x00, 0x00, 0x00, 0x0A, 0x00, 0x00, 0x00, 0x02,
    0x00, 0x00, 0x00, 0x00, 0x00, 0x00, 0x25, 0x1D, 0x00, 0x00, 0x00, 0x0E, 0x00, 0x00, 0x00, 0x04,
    0x00, 0x00, 0x00, 0x06, 0x00, 0x00, 0x00, 0x0A, 0x00, 0x00, 0x00, 0x02, 0x00, 0x00, 0x00, 0x00,
    0x00, 0x00, 0x25, 0x1E, 0x00, 0x00, 0x00, 0x0E, 0x00, 0x00, 0x00, 0x04, 0x00, 0x00, 0x00, 0x06,
    0x00, 0x00, 0x00, 0x0A, 0x00, 0x00, 0x00, 0x02, 0x00, 0x00, 0x00, 0x00, 0x00, 0x00, 0x25, 0x1F,
    0x00, 0x00, 0x00, 0x0E, 0x00, 0x00, 0x00, 0x04, 0x00, 0x00, 0x00, 0x06, 0x00, 0x00, 0x00, 0x0A,
    0x00, 0x00, 0x00, 0x02, 0x00, 0x00, 0x00, 0x00, 0x00, 0x00, 0x25, 0x20, 0x00, 0x00, 0x00, 0x0E,
    0x00, 0x00, 0x00, 0x04, 0x00, 0x00, 0x00, 0x06, 0x00, 0x00, 0x00, 0x0A, 0x00, 0x00, 0x00, 0x02,
    0x00, 0x00, 0x00, 0x00, 0x00, 0x00, 0x25, 0x21, 0x00, 0x00, 0x00, 0x0E, 0x00, 0x00, 0x00, 0x04,
    0x00, 0x00, 0x00, 0x06, 0x00, 0x00, 0x00, 0x0A, 0x00, 0x00, 0x00, 0x02, 0x00, 0x00, 0x00, 0x00,
    0x00, 0x00, 0x25, 0x22, 0x00, 0x00, 0x00, 0x0E, 0x00, 0x00, 0x00, 0x04, 0x00, 0x00, 0x00, 0x06,
    0x00, 0x00, 0x00, 0x0A, 0x00, 0x00, 0x00, 0x02, 0x00, 0x00, 0x00, 0x00, 0x00, 0x00, 0x25, 0x23,
    0x00, 0x00, 0x00, 0x0E, 0x00, 0x00, 0x00, 0x04, 0x00, 0x00, 0x00, 0x06, 0x00, 0x00, 0x00, 0x0A,
    0x00, 0x00, 0x00, 0x02, 0x00, 0x00, 0x00, 0x00, 0x00, 0x00, 0x25, 0x24, 0x00, 0x00, 0x00, 0x0E,
    0x00, 0x00, 0x00, 0x06, 0x00, 0x00, 0x00, 0x06, 0x00, 0x00, 0x00, 0x0A, 0x00, 0x00, 0x00, 0x00,
    0x00, 0x00, 0x00, 0x00, 0x00, 0x00, 0x25, 0x25, 0x00, 0x00, 0x00, 0x0E, 0x00, 0x00, 0x00, 0x06,
    0x00, 0x00, 0x00, 0x06, 0x00, 0x00, 0x00, 0x0A, 0x00, 0x00, 0x00, 0x00, 0x00, 0x00, 0x00, 0x00,
    0x00, 0x00, 0x25, 0x26, 0x00, 0x00, 0x00, 0x0E, 0x00, 0x00, 0x00, 0x06, 0x00, 0x00, 0x00, 0x06,
    0x00, 0x00, 0x00, 0x0A, 0x00, 0x00, 0x00, 0x00, 0x00, 0x00, 0x00, 0x00, 0x00, 0x00, 0x25, 0x27,
    0x00, 0x00, 0x00, 0x0E, 0x00, 0x00, 0x00, 0x06, 0x00, 0x00, 0x00, 0x06, 0x00, 0x00, 0x00, 0x0A,
    0x00, 0x00, 0x00, 0x00, 0x00, 0x00, 0x00, 0x00, 0x00, 0x00, 0x25, 0x28, 0x00, 0x00, 0x00, 0x0E,
    0x00, 0x00, 0x00, 0x06, 0x00, 0x00, 0x00, 0x06, 0x00, 0x00, 0x00, 0x0A, 0x00, 0x00, 0x00, 0x00,
    0x00, 0x00, 0x00, 0x00, 0x00, 0x00, 0x25, 0x29, 0x00, 0x00, 0x00, 0x0E, 0x00, 0x00, 0x00, 0x06,
    0x00, 0x00, 0x00, 0x06, 0x00, 0x00, 0x00, 0x0A, 0x00, 0x00, 0x00, 0x00, 0x00, 0x00, 0x00, 0x00,
    0x00, 0x00, 0x25, 0x2A, 0x00, 0x00, 0x00, 0x0E, 0x00, 0x00, 0x00, 0x06, 0x00, 0x00, 0x00, 0x06,
    0x00, 0x00, 0x00, 0x0A, 0x00, 0x00, 0x00, 0x00, 0x00, 0x00, 0x00, 0x00, 0x00, 0x00, 0x25, 0x2B,
    0x00, 0x00, 0x00, 0x0E, 0x00, 0x00, 0x00, 0x06, 0x00, 0x00, 0x00, 0x06, 0x00, 0x00, 0x00, 0x0A,
    0x00, 0x00, 0x00, 0x00, 0x00, 0x00, 0x00, 0x00, 0x00, 0x00, 0x25, 0x2C, 0x00, 0x00, 0x00, 0x08,
    0x00, 0x00, 0x00, 0x06, 0x00, 0x00, 0x00, 0x06, 0x00, 0x00, 0x00, 0x04, 0x00, 0x00, 0x00, 0x00,
    0x00, 0x00, 0x00, 0x00, 0x00, 0x00, 0x25, 0x2D, 0x00, 0x00, 0x00, 0x08, 0x00, 0x00, 0x00, 0x06,
    0x00, 0x00, 0x00, 0x06, 0x00, 0x00, 0x00, 0x04, 0x00, 0x00, 0x00, 0x00, 0x00, 0x00, 0x00, 0x00,
    0x00, 0x00, 0x25, 0x2E, 0x00, 0x00, 0x00, 0x08, 0x00, 0x00, 0x00, 0x06, 0x00, 0x00, 0x00, 0x06,
    0x00, 0x00, 0x00, 0x04, 0x00, 0x00, 0x00, 0x00, 0x00, 0x00, 0x00, 0x00, 0x00, 0x00, 0x25, 0x2F,
    0x00, 0x00, 0x00, 0x08, 0x00, 0x00, 0x00, 0x06, 0x00, 0x00, 0x00, 0x06, 0x00, 0x00, 0x00, 0x04,
    0x00, 0x00, 0x00, 0x00, 0x00, 0x00, 0x00, 0x00, 0x00, 0x00, 0x25, 0x30, 0x00, 0x00, 0x00, 0x08,
    0x00, 0x00, 0x00, 0x06, 0x00, 0x00, 0x00, 0x06, 0x00, 0x00, 0x00, 0x04, 0x00, 0x00, 0x00, 0x00,
    0x00, 0x00, 0x00, 0x00, 0x00, 0x00, 0x25, 0x31, 0x00, 0x00, 0x00, 0x08, 0x00, 0x00, 0x00, 0x06,
    0x00, 0x00, 0x00, 0x06, 0x00, 0x00, 0x00, 0x04, 0x00, 0x00, 0x00, 0x00, 0x00, 0x00, 0x00, 0x00,
    0x00, 0x00, 0x25, 0x32, 0x00, 0x00, 0x00, 0x08, 0x00, 0x00, 0x00, 0x06, 0x00, 0x00, 0x00, 0x06,
    0x00, 0x00, 0x00, 0x04, 0x00, 0x00, 0x00, 0x00, 0x00, 0x00, 0x00, 0x00, 0x00, 0x00, 0x25, 0x33,
    0x00, 0x00, 0x00, 0x08, 0x00, 0x00, 0x00, 0x06, 0x00, 0x00, 0x00, 0x06, 0x00, 0x00, 0x00, 0x04,
    0x00, 0x00, 0x00, 0x00, 0x00, 0x00, 0x00, 0x00, 0x00, 0x00, 0x25, 0x34, 0x00, 0x00, 0x00, 0x08,
    0x00, 0x00, 0x00, 0x06, 0x00, 0x00, 0x00, 0x06, 0x00, 0x00, 0x00, 0x0A, 0x00, 0x00, 0x00, 0x00,
    0x00, 0x00, 0x00, 0x00, 0x00, 0x00, 0x25, 0x35, 0x00, 0x00, 0x00, 0x08, 0x00, 0x00, 0x00, 0x06,
    0x00, 0x00, 0x00, 0x06, 0x00, 0x00, 0x00, 0x0A, 0x00, 0x00, 0x00, 0x00, 0x00, 0x00, 0x00, 0x00,
    0x00, 0x00, 0x25, 0x36, 0x00, 0x00, 0x00, 0x08, 0x00, 0x00, 0x00, 0x06, 0x00, 0x00, 0x00, 0x06,
    0x00, 0x00, 0x00, 0x0A, 0x00, 0x00, 0x00, 0x00, 0x00, 0x00, 0x00, 0x00, 0x00, 0x00, 0x25, 0x37,
    0x00, 0x00, 0x00, 0x08, 0x00, 0x00, 0x00, 0x06, 0x00, 0x00, 0x00, 0x06, 0x00, 0x00, 0x00, 0x0A,
    0x00, 0x00, 0x00, 0x00, 0x00, 0x00, 0x00, 0x00, 0x00, 0x00, 0x25, 0x38, 0x00, 0x00, 0x00, 0x08,
    0x00, 0x00, 0x00, 0x06, 0x00, 0x00, 0x00, 0x06, 0x00, 0x00, 0x00, 0x0A, 0x00, 0x00, 0x00, 0x00,
    0x00, 0x00, 0x00, 0x00, 0x00, 0x00, 0x25, 0x39, 0x00, 0x00, 0x00, 0x08, 0x00, 0x00, 0x00, 0x06,
    0x00, 0x00, 0x00, 0x06, 0x00, 0x00, 0x00, 0x0A, 0x00, 0x00, 0x00, 0x00, 0x00, 0x00, 0x00, 0x00,
    0x00, 0x00, 0x25, 0x3A, 0x00, 0x00, 0x00, 0x08, 0x00, 0x00, 0x00, 0x06, 0x00, 0x00, 0x00, 0x06,
    0x00, 0x00, 0x00, 0x0A, 0x00, 0x00, 0x00, 0x00, 0x00, 0x00, 0x00, 0x00, 0x00, 0x00, 0x25, 0x3B,
    0x00, 0x00, 0x00, 0x08, 0x00, 0x00, 0x00, 0x06, 0x00, 0x00, 0x00, 0x06, 0x00, 0x00, 0x00, 0x0A,
    0x00, 0x00, 0x00, 0x00, 0x00, 0x00, 0x00, 0x00, 0x00, 0x00, 0x25, 0x3C, 0x00, 0x00, 0x00, 0x0E,
    0x00, 0x00, 0x00, 0x06, 0x00, 0x00, 0x00, 0x06, 0x00, 0x00, 0x00, 0x0A, 0x00, 0x00, 0x00, 0x00,
    0x00, 0x00, 0x00, 0x00, 0x00, 0x00, 0x25, 0x3D, 0x00, 0x00, 0x00, 0x0E, 0x00, 0x00, 0x00, 0x06,
    0x00, 0x00, 0x00, 0x06, 0x00, 0x00, 0x00, 0x0A, 0x00, 0x00, 0x00, 0x00, 0x00, 0x00, 0x00, 0x00,
    0x00, 0x00, 0x25, 0x3E, 0x00, 0x00, 0x00, 0x0E, 0x00, 0x00, 0x00, 0x06, 0x00, 0x00, 0x00, 0x06,
    0x00, 0x00, 0x00, 0x0A, 0x00, 0x00, 0x00, 0x00, 0x00, 0x00, 0x00, 0x00, 0x00, 0x00, 0x25, 0x3F,
    0x00, 0x00, 0x00, 0x0E, 0x00, 0x00, 0x00, 0x06, 0x00, 0x00, 0x00, 0x06, 0x00, 0x00, 0x00, 0x0A,
    0x00, 0x00, 0x00, 0x00, 0x00, 0x00, 0x00, 0x00, 0x00, 0x00, 0x25, 0x40, 0x00, 0x00, 0x00, 0x0E,
    0x00, 0x00, 0x00, 0x06, 0x00, 0x00, 0x00, 0x06, 0x00, 0x00, 0x00, 0x0A, 0x00, 0x00, 0x00, 0x00,
    0x00, 0x00, 0x00, 0x00, 0x00, 0x00, 0x25, 0x41, 0x00, 0x00, 0x00, 0x0E, 0x00, 0x00, 0x00, 0x06,
    0x00, 0x00, 0x00, 0x06, 0x00, 0x00, 0x00, 0x0A, 0x00, 0x00, 0x00, 0x00, 0x00, 0x00, 0x00, 0x00,
    0x00, 0x00, 0x25, 0x42, 0x00, 0x00, 0x00, 0x0E, 0x00, 0x00, 0x00, 0x06, 0x00, 0x00, 0x00, 0x06,
    0x00, 0x00, 0x00, 0x0A, 0x00, 0x00, 0x00, 0x00, 0x00, 0x00, 0x00, 0x00, 0x00, 0x00, 0x25, 0x43,
    0x00, 0x00, 0x00, 0x0E, 0x00, 0x00, 0x00, 0x06, 0x00, 0x00, 0x00, 0x06, 0x00, 0x00, 0x00, 0x0A,
    0x00, 0x00, 0x00, 0x00, 0x00, 0x00, 0x00, 0x00, 0x00, 0x00, 0x25, 0x44, 0x00, 0x00, 0x00, 0x0E,
    0x00, 0x00, 0x00, 0x06, 0x00, 0x00, 0x00, 0x06, 0x00, 0x00, 0x00, 0x0A, 0x00, 0x00, 0x00, 0x00,
    0x00, 0x00, 0x00, 0x00, 0x00, 0x00, 0x25, 0x45, 0x00, 0x00, 0x00, 0x0E, 0x00, 0x00, 0x00, 0x06,
    0x00, 0x00, 0x00, 0x06, 0x00, 0x00, 0x00, 0x0A, 0x00, 0x00, 0x00, 0x00, 0x00, 0x00, 0x00, 0x00,
    0x00, 0x00, 0x25, 0x46, 0x00, 0x00, 0x00, 0x0E, 0x00, 0x00, 0x00, 0x06, 0x00, 0x00, 0x00, 0x06,
    0x00, 0x00, 0x00, 0x0A, 0x00, 0x00, 0x00, 0x00, 0x00, 0x00, 0x00, 0x00, 0x00, 0x00, 0x25, 0x47,
    0x00, 0x00, 0x00, 0x0E, 0x00, 0x00, 0x00, 0x06, 0x00, 0x00, 0x00, 0x06, 0x00, 0x00, 0x00, 0x0A,
    0x00, 0x00, 0x00, 0x00, 0x00, 0x00, 0x00, 0x00, 0x00, 0x00, 0x25, 0x48, 0x00, 0x00, 0x00, 0x0E,
    0x00, 0x00, 0x00, 0x06, 0x00, 0x00, 0x00, 0x06, 0x00, 0x00, 0x00, 0x0A, 0x00, 0x00, 0x00, 0x00,
    0x00, 0x00, 0x00, 0x00, 0x00, 0x00, 0x25, 0x49, 0x00, 0x00, 0x00, 0x0E, 0x00, 0x00, 0x00, 0x06,
    0x00, 0x00, 0x00, 0x06, 0x00, 0x00, 0x00, 0x0A, 0x00, 0x00, 0x00, 0x00, 0x00, 0x00, 0x00, 0x00,
    0x00, 0x00, 0x25, 0x4A, 0x00, 0x00, 0x00, 0x0E, 0x00, 0x00, 0x00, 0x06, 0x00, 0x00, 0x00, 0x06,
    0x00, 0x00, 0x00, 0x0A, 0x00, 0x00, 0x00, 0x00, 0x00, 0x00, 0x00, 0x00, 0x00, 0x00, 0x25, 0x4B,
    0x00, 0x00, 0x00, 0x0E, 0x00, 0x00, 0x00, 0x06, 0x00, 0x00, 0x00, 0x06, 0x00, 0x00, 0x00, 0x0A,
    0x00, 0x00, 0x00, 0x00, 0x00, 0x00, 0x00, 0x00, 0x00, 0x00, 0x25, 0x4C, 0x00, 0x00, 0x00, 0x02,
    0x00, 0x00, 0x00, 0x06, 0x00, 0x00, 0x00, 0x06, 0x00, 0x00, 0x00, 0x04, 0x00, 0x00, 0x00, 0x00,
    0x00, 0x00, 0x00, 0x00, 0x00, 0x00, 0x25, 0x4D, 0x00, 0x00, 0x00, 0x02, 0x00, 0x00, 0x00, 0x06,
    0x00, 0x00, 0x00, 0x06, 0x00, 0x00, 0x00, 0x04, 0x00, 0x00, 0x00, 0x00, 0x00, 0x00, 0x00, 0x00,
    0x00, 0x00, 0x25, 0x4E, 0x00, 0x00, 0x00, 0x0A, 0x00, 0x00, 0x00, 0x02, 0x00, 0x00, 0x00, 0x06,
    0x00, 0x00, 0x00, 0x08, 0x00, 0x00, 0x00, 0x02, 0x00, 0x00, 0x00, 0x00, 0x00, 0x00, 0x25, 0x4F,
    0x00, 0x00, 0x00, 0x0A, 0x00, 0x00, 0x00, 0x02, 0x00, 0x00, 0x00, 0x06, 0x00, 0x00, 0x00, 0x08,
    0x00, 0x00, 0x00, 0x02, 0x00, 0x00, 0x00, 0x00, 0x00, 0x00, 0x25, 0x50, 0x00, 0x00, 0x00, 0x03,
    0x00, 0x00, 0x00, 0x06, 0x00, 0x00, 0x00, 0x06, 0x00, 0x00, 0x00, 0x05, 0x00, 0x00, 0x00, 0x00,
    0x00, 0x00, 0x00, 0x00, 0x00, 0x00, 0x25, 0x51, 0x00, 0x00, 0x00, 0x0E, 0x00, 0x00, 0x00, 0x03,
    0x00, 0x00, 0x00, 0x06, 0x00, 0x00, 0x00, 0x0A, 0x00, 0x00, 0x00, 0x02, 0x00, 0x00, 0x00, 0x00,
    0x00, 0x00, 0x25, 0x52, 0x00, 0x00, 0x00, 0x09, 0x00, 0x00, 0x00, 0x04, 0x00, 0x00, 0x00, 0x06,
    0x00, 0x00, 0x00, 0x05, 0x00, 0x00, 0x00, 0x02, 0x00, 0x00, 0x00, 0x00, 0x00, 0x00, 0x25, 0x53,
    0x00, 0x00, 0x00, 0x08, 0x00, 0x00, 0x00, 0x04, 0x00, 0x00, 0x00, 0x06, 0x00, 0x00, 0x00, 0x04,
    0x00, 0x00, 0x00, 0x02, 0x00, 0x00, 0x00, 0x00, 0x00, 0x00, 0x25, 0x54, 0x00, 0x00, 0x00, 0x09,
    0x00, 0x00, 0x00, 0x04, 0x00, 0x00, 0x00, 0x06, 0x00, 0x00, 0x00, 0x05, 0x00, 0x00, 0x00, 0x02,
    0x00, 0x00, 0x00, 0x00, 0x00, 0x00, 0x25, 0x55, 0x00, 0x00, 0x00, 0x09, 0x00, 0x00, 0x00, 0x06,
    0x00, 0x00, 0x00, 0x06, 0x00, 0x00, 0x00, 0x05, 0x00, 0x00, 0x00, 0x00, 0x00, 0x00, 0x00, 0x00,
    0x00, 0x00, 0x25, 0x56, 0x00, 0x00, 0x00, 0x08, 0x00, 0x00, 0x00, 0x06, 0x00, 0x00, 0x00, 0x06,
    0x00, 0x00, 0x00, 0x04, 0x00, 0x00, 0x00, 0x00, 0x00, 0x00, 0x00, 0x00, 0x00, 0x00, 0x25, 0x57,
    0x00, 0x00, 0x00, 0x09, 0x00, 0x00, 0x00, 0x06, 0x00, 0x00, 0x00, 0x06, 0x00, 0x00, 0x00, 0x05,
    0x00, 0x00, 0x00, 0x00, 0x00, 0x00, 0x00, 0x00, 0x00, 0x00, 0x25, 0x58, 0x00, 0x00, 0x00, 0x08,
    0x00, 0x00, 0x00, 0x04, 0x00, 0x00, 0x00, 0x06, 0x00, 0x00, 0x00, 0x0A, 0x00, 0x00, 0x00, 0x02,
    0x00, 0x00, 0x00, 0x00, 0x00, 0x00, 0x25, 0x59, 0x00, 0x00, 0x00, 0x08, 0x00, 0x00, 0x00, 0x04,
    0x00, 0x00, 0x00, 0x06, 0x00, 0x00, 0x00, 0x0A, 0x00, 0x00, 0x00, 0x02, 0x00, 0x00, 0x00, 0x00,
    0x00, 0x00, 0x25, 0x5A, 0x00, 0x00, 0x00, 0x08, 0x00, 0x00, 0x00, 0x04, 0x00, 0x00, 0x00, 0x06,
    0x00, 0x00, 0x00, 0x0A, 0x00, 0x00, 0x00, 0x02, 0x00, 0x00, 0x00, 0x00, 0x00, 0x00, 0x25, 0x5B,
    0x00, 0x00, 0x00, 0x08, 0x00, 0x00, 0x00, 0x06, 0x00, 0x00, 0x00, 0x06, 0x00, 0x00, 0x00, 0x0A,
    0x00, 0x00, 0x00, 0x00, 0x00, 0x00, 0x00, 0x00, 0x00, 0x00, 0x25, 0x5C, 0x00, 0x00, 0x00, 0x08,
    0x00, 0x00, 0x00, 0x06, 0x00, 0x00, 0x00, 0x06, 0x00, 0x00, 0x00, 0x0A, 0x00, 0x00, 0x00, 0x00,
    0x00, 0x00, 0x00, 0x00, 0x00, 0x00, 0x25, 0x5D, 0x00, 0x00, 0x00, 0x08, 0x00, 0x00, 0x00, 0x06,
    0x00, 0x00, 0x00, 0x06, 0x00, 0x00, 0x00, 0x0A, 0x00, 0x00, 0x00, 0x00, 0x00, 0x00, 0x00, 0x00,
    0x00, 0x00, 0x25, 0x5E, 0x00, 0x00, 0x00, 0x0E, 0x00, 0x00, 0x00, 0x04, 0x00, 0x00, 0x00, 0x06,
    0x00, 0x00, 0x00, 0x0A, 0x00, 0x00, 0x00, 0x02, 0x00, 0x00, 0x00, 0x00, 0x00, 0x00, 0x25, 0x5F,
    0x00, 0x00, 0x00, 0x0E, 0x00, 0x00, 0x00, 0x04, 0x00, 0x00, 0x00, 0x06, 0x00, 0x00, 0x00, 0x0A,
    0x00, 0x00, 0x00, 0x02, 0x00, 0x00, 0x00, 0x00, 0x00, 0x00, 0x25, 0x60, 0x00, 0x00, 0x00, 0x0E,
    0x00, 0x00, 0x00, 0x04, 0x00, 0x00, 0x00, 0x06, 0x00, 0x00, 0x00, 0x0A, 0x00, 0x00, 0x00, 0x02,
    0x00, 0x00, 0x00, 0x00, 0x00, 0x00, 0x25, 0x61, 0x00, 0x00, 0x00, 0x0E, 0x00, 0x00, 0x00, 0x06,
    0x00, 0x00, 0x00, 0x06, 0x00, 0x00, 0x00, 0x0A, 0x00, 0x00, 0x00, 0x00, 0x00, 0x00, 0x00, 0x00,
    0x00, 0x00, 0x25, 0x62, 0x00, 0x00, 0x00, 0x0E, 0x00, 0x00, 0x00, 0x06, 0x00, 0x00, 0x00, 0x06,
    0x00, 0x00, 0x00, 0x0A, 0x00, 0x00, 0x00, 0x00, 0x00, 0x00, 0x00, 0x00, 0x00, 0x00, 0x25, 0x63,
    0x00, 0x00, 0x00, 0x0E, 0x00, 0x00, 0x00, 0x06, 0x00, 0x00, 0x00, 0x06, 0x00, 0x00, 0x00, 0x0A,
    0x00, 0x00, 0x00, 0x00, 0x00, 0x00, 0x00, 0x00, 0x00, 0x00, 0x25, 0x64, 0x00, 0x00, 0x00, 0x09,
    0x00, 0x00, 0x00, 0x06, 0x00, 0x00, 0x00, 0x06, 0x00, 0x00, 0x00, 0x05, 0x00, 0x00, 0x00, 0x00,
    0x00, 0x00, 0x00, 0x00, 0x00, 0x00, 0x25, 0x65, 0x00, 0x00, 0x00, 0x08, 0x00, 0x00, 0x00, 0x06,
    0x00, 0x00, 0x00, 0x06, 0x00, 0x00, 0x00, 0x04, 0x00, 0x00, 0x00, 0x00, 0x00, 0x00, 0x00, 0x00,
    0x00, 0x00, 0x25, 0x66, 0x00, 0x00, 0x00, 0x09, 0x00, 0x00, 0x00, 0x06, 0x00, 0x00, 0x00, 0x06,
    0x00, 0x00, 0x00, 0x05, 0x00, 0x00, 0x00, 0x00, 0x00, 0x00, 0x00, 0x00, 0x00, 0x00, 0x25, 0x67,
    0x00, 0x00, 0x00, 0x08, 0x00, 0x00, 0x00, 0x06, 0x00, 0x00, 0x00, 0x06, 0x00, 0x00, 0x00, 0x0A,
    0x00, 0x00, 0x00, 0x00, 0x00, 0x00, 0x00, 0x00, 0x00, 0x00, 0x25, 0x68, 0x00, 0x00, 0x00, 0x08,
    0x00, 0x00, 0x00, 0x06, 0x00, 0x00, 0x00, 0x06, 0x00, 0x00, 0x00, 0x0A, 0x00, 0x00, 0x00, 0x00,
    0x00, 0x00, 0x00, 0x00, 0x00, 0x00, 0x25, 0x69, 0x00, 0x00, 0x00, 0x08, 0x00, 0x00, 0x00, 0x06,
    0x00, 0x00, 0x00, 0x06, 0x00, 0x00, 0x00, 0x0A, 0x00, 0x00, 0x00, 0x00, 0x00, 0x00, 0x00, 0x00,
    0x00, 0x00, 0x25, 0x6A, 0x00, 0x00, 0x00, 0x0E, 0x00, 0x00, 0x00, 0x06, 0x00, 0x00, 0x00, 0x06,
    0x00, 0x00, 0x00, 0x0A, 0x00, 0x00, 0x00, 0x00, 0x00, 0x00, 0x00, 0x00, 0x00, 0x00, 0x25, 0x6B,
    0x00, 0x00, 0x00, 0x0E, 0x00, 0x00, 0x00, 0x06, 0x00, 0x00, 0x00, 0x06, 0x00, 0x00, 0x00, 0x0A,
    0x00, 0x00, 0x00, 0x00, 0x00, 0x00, 0x00, 0x00, 0x00, 0x00, 0x25, 0x6C, 0x00, 0x00, 0x00, 0x0E,
    0x00, 0x00, 0x00, 0x06, 0x00, 0x00, 0x00, 0x06, 0x00, 0x00, 0x00, 0x0A, 0x00, 0x00, 0x00, 0x00,
    0x00, 0x00, 0x00, 0x00, 0x00, 0x00, 0x25, 0x6D, 0x00, 0x00, 0x00, 0x08, 0x00, 0x00, 0x00, 0x04,
    0x00, 0x00, 0x00, 0x06, 0x00, 0x00, 0x00, 0x04, 0x00, 0x00, 0x00, 0x02, 0x00, 0x00, 0x00, 0x00,
    0x00, 0x00, 0x25, 0x6E, 0x00, 0x00, 0x00, 0x08, 0x00, 0x00, 0x00, 0x06, 0x00, 0x00, 0x00, 0x06,
    0x00, 0x00, 0x00, 0x04, 0x00, 0x00, 0x00, 0x00, 0x00, 0x00, 0x00, 0x00, 0x00, 0x00, 0x25, 0x6F,
    0x00, 0x00, 0x00, 0x08, 0x00, 0x00, 0x00, 0x06, 0x00, 0x00, 0x00, 0x06, 0x00, 0x00, 0x00, 0x0A,
    0x00, 0x00, 0x00, 0x00, 0x00, 0x00, 0x00, 0x00, 0x00, 0x00, 0x25, 0x70, 0x00, 0x00, 0x00, 0x08,
    0x00, 0x00, 0x00, 0x04, 0x00, 0x00, 0x00, 0x06, 0x00, 0x00, 0x00, 0x0A, 0x00, 0x00, 0x00, 0x02,
    0x00, 0x00, 0x00, 0x00, 0x00, 0x00, 0x25, 0x71, 0x00, 0x00, 0x00, 0x0C, 0x00, 0x00, 0x00, 0x06,
    0x00, 0x00, 0x00, 0x06, 0x00, 0x00, 0x00, 0x09, 0x00, 0x00, 0x00, 0x00, 0x00, 0x00, 0x00, 0x00,
    0x00, 0x00, 0x25, 0x72, 0x00, 0x00, 0x00, 0x0C, 0x00, 0x00, 0x00, 0x06, 0x00, 0x00, 0x00, 0x06,
    0x00, 0x00, 0x00, 0x09, 0x00, 0x00, 0x00, 0x00, 0x00, 0x00, 0x00, 0x00, 0x00, 0x00, 0x25, 0x73,
    0x00, 0x00, 0x00, 0x0C, 0x00, 0x00, 0x00, 0x06, 0x00, 0x00, 0x00, 0x06, 0x00, 0x00, 0x00, 0x09,
    0x00, 0x00, 0x00, 0x00, 0x00, 0x00, 0x00, 0x00, 0x00, 0x00, 0x25, 0x74, 0x00, 0x00, 0x00, 0x02,
    0x00, 0x00, 0x00, 0x06, 0x00, 0x00, 0x00, 0x06, 0x00, 0x00, 0x00, 0x04, 0x00, 0x00, 0x00, 0x00,
    0x00, 0x00, 0x00, 0x00, 0x00, 0x00, 0x25, 0x75, 0x00, 0x00, 0x00, 0x08, 0x00, 0x00, 0x00, 0x02,
    0x00, 0x00, 0x00, 0x06, 0x00, 0x00, 0x00, 0x0A, 0x00, 0x00, 0x00, 0x02, 0x00, 0x00, 0x00, 0x00,
    0x00, 0x00, 0x25, 0x76, 0x00, 0x00, 0x00, 0x02, 0x00, 0x00, 0x00, 0x04, 0x00, 0x00, 0x00, 0x06,
    0x00, 0x00, 0x00, 0x04, 0x00, 0x00, 0x00, 0x02, 0x00, 0x00, 0x00, 0x00, 0x00, 0x00, 0x25, 0x77,
    0x00, 0x00, 0x00, 0x08, 0x00, 0x00, 0x00, 0x02, 0x00, 0x00, 0x00, 0x06, 0x00, 0x00, 0x00, 0x04,
    0x00, 0x00, 0x00, 0x02, 0x00, 0x00, 0x00, 0x00, 0x00, 0x00, 0x25, 0x78, 0x00, 0x00, 0x00, 0x02,
    0x00, 0x00, 0x00, 0x06, 0x00, 0x00, 0x00, 0x06, 0x00, 0x00, 0x00, 0x04, 0x00, 0x00, 0x00, 0x00,
    0x00, 0x00, 0x00, 0x00, 0x00, 0x00, 0x25, 0x79, 0x00, 0x00, 0x00, 0x08, 0x00, 0x00, 0x00, 0x02,
    0x00, 0x00, 0x00, 0x06, 0x00, 0x00, 0x00, 0x0A, 0x00, 0x00, 0x00, 0x02, 0x00, 0x00, 0x00, 0x00,
    0x00, 0x00, 0x25, 0x7A, 0x00, 0x00, 0x00, 0x02, 0x00, 0x00, 0x00, 0x04, 0x00, 0x00, 0x00, 0x06,
    0x00, 0x00, 0x00, 0x04, 0x00, 0x00, 0x00, 0x02, 0x00, 0x00, 0x00, 0x00, 0x00, 0x00, 0x25, 0x7B,
    0x00, 0x00, 0x00, 0x08, 0x00, 0x00, 0x00, 0x02, 0x00, 0x00, 0x00, 0x06, 0x00, 0x00, 0x00, 0x04,
    0x00, 0x00, 0x00, 0x02, 0x00, 0x00, 0x00, 0x00, 0x00, 0x00, 0x25, 0x7C, 0x00, 0x00, 0x00, 0x02,
    0x00, 0x00, 0x00, 0x06, 0x00, 0x00, 0x00, 0x06, 0x00, 0x00, 0x00, 0x04, 0x00, 0x00, 0x00, 0x00,
    0x00, 0x00, 0x00, 0x00, 0x00, 0x00, 0x25, 0x7D, 0x00, 0x00, 0x00, 0x0E, 0x00, 0x00, 0x00, 0x02,
    0x00, 0x00, 0x00, 0x06, 0x00, 0x00, 0x00, 0x0A, 0x00, 0x00, 0x00, 0x02, 0x00, 0x00, 0x00, 0x00,
    0x00, 0x00, 0x25, 0x7E, 0x00, 0x00, 0x00, 0x02, 0x00, 0x00, 0x00, 0x06, 0x00, 0x00, 0x00, 0x06,
    0x00, 0x00, 0x00, 0x04, 0x00, 0x00, 0x00, 0x00, 0x00, 0x00, 0x00, 0x00, 0x00, 0x00, 0x25, 0x7F,
    0x00, 0x00, 0x00, 0x0E, 0x00, 0x00, 0x00, 0x02, 0x00, 0x00, 0x00, 0x06, 0x00, 0x00, 0x00, 0x0A,
    0x00, 0x00, 0x00, 0x02, 0x00, 0x00, 0x00, 0x00, 0x00, 0x00, 0x25, 0xA0, 0x00, 0x00, 0x00, 0x08,
    0x00, 0x00, 0x00, 0x07, 0x00, 0x00, 0x00, 0x07, 0x00, 0x00, 0x00, 0x07, 0x00, 0x00, 0x00, 0x00,
    0x00, 0x00, 0x00, 0x00, 0x00, 0x00, 0x25, 0xA1, 0x00, 0x00, 0x00, 0x08, 0x00, 0x00, 0x00, 0x07,
    0x00, 0x00, 0x00, 0x07, 0x00, 0x00, 0x00, 0x07, 0x00, 0x00, 0x00, 0x00, 0x00, 0x00, 0x00, 0x00,
    0x00, 0x00, 0x25, 0xB2, 0x00, 0x00, 0x00, 0x08, 0x00, 0x00, 0x00, 0x07, 0x00, 0x00, 0x00, 0x07,
    0x00, 0x00, 0x00, 0x07, 0x00, 0x00, 0x00, 0x00, 0x00, 0x00, 0x00, 0x00, 0x00, 0x00, 0x25, 0xB6,
    0x00, 0x00, 0x00, 0x08, 0x00, 0x00, 0x00, 0x07, 0x00, 0x00, 0x00, 0x07, 0x00, 0x00, 0x00, 0x07,
    0x00, 0x00, 0x00, 0x00, 0x00, 0x00, 0x00, 0x00, 0x00, 0x00, 0x25, 0xBC, 0x00, 0x00, 0x00, 0x08,
    0x00, 0x00, 0x00, 0x07, 0x00, 0x00, 0x00, 0x07, 0x00, 0x00, 0x00, 0x07, 0x00, 0x00, 0x00, 0x00,
    0x00, 0x00, 0x00, 0x00, 0x00, 0x00, 0x25, 0xC0, 0x00, 0x00, 0x00, 0x08, 0x00, 0x00, 0x00, 0x07,
    0x00, 0x00, 0x00, 0x07, 0x00, 0x00, 0x00, 0x07, 0x00, 0x00, 0x00, 0x00, 0x00, 0x00, 0x00, 0x00,
    0x00, 0x00, 0x25, 0xC6, 0x00, 0x00, 0x00, 0x08, 0x00, 0x00, 0x00, 0x07, 0x00, 0x00, 0x00, 0x07,
    0x00, 0x00, 0x00, 0x07, 0x00, 0x00, 0x00, 0x00, 0x00, 0x00, 0x00, 0x00, 0x00, 0x00, 0x25, 0xC7,
    0x00, 0x00, 0x00, 0x08, 0x00, 0x00, 0x00, 0x07, 0x00, 0x00, 0x00, 0x07, 0x00, 0x00, 0x00, 0x07,
    0x00, 0x00, 0x00, 0x00, 0x00, 0x00, 0x00, 0x00, 0x00, 0x00, 0x25, 0xCB, 0x00, 0x00, 0x00, 0x08,
    0x00, 0x00, 0x00, 0x07, 0x00, 0x00, 0x00, 0x07, 0x00, 0x00, 0x00, 0x07, 0x00, 0x00, 0x00, 0x00,
    0x00, 0x00, 0x00, 0x00, 0x00, 0x00, 0x25, 0xCF, 0x00, 0x00, 0x00, 0x08, 0x00, 0x00, 0x00, 0x07,
    0x00, 0x00, 0x00, 0x07, 0x00, 0x00, 0x00, 0x07, 0x00, 0x00, 0x00, 0x00, 0x00, 0x00, 0x00, 0x00,
    0x00, 0x00, 0x26, 0x10, 0x00, 0x00, 0x00, 0x07, 0x00, 0x00, 0x00, 0x07, 0x00, 0x00, 0x00, 0x07,
    0x00, 0x00, 0x00, 0x07, 0x00, 0x00, 0x00, 0x00, 0x00, 0x00, 0x00, 0x00, 0x00, 0x00, 0x26, 0x11,
    0x00, 0x00, 0x00, 0x08, 0x00, 0x00, 0x00, 0x07, 0x00, 0x00, 0x00, 0x07, 0x00, 0x00, 0x00, 0x07,
    0x00, 0x00, 0x00, 0x00, 0x00, 0x00, 0x00, 0x00, 0x00, 0x00, 0x26, 0x99, 0x00, 0x00, 0x00, 0x08,
    0x00, 0x00, 0x00, 0x07, 0x00, 0x00, 0x00, 0x07, 0x00, 0x00, 0x00, 0x08, 0x00, 0x00, 0x00, 0x00,
    0x00, 0x00, 0x00, 0x00, 0x00, 0x00, 0x27, 0x13, 0x00, 0x00, 0x00, 0x08, 0x00, 0x00, 0x00, 0x06,
    0x00, 0x00, 0x00, 0x06, 0x00, 0x00, 0x00, 0x08, 0x00, 0x00, 0x00, 0x00, 0x00, 0x00, 0x00, 0x00,
    0x00, 0x00, 0x27, 0x17, 0x00, 0x00, 0x00, 0x09, 0x00, 0x00, 0x00, 0x07, 0x00, 0x00, 0x00, 0x07,
    0x00, 0x00, 0x00, 0x08, 0x00, 0x00, 0x00, 0x00, 0x00, 0x00, 0x00, 0x00, 0x00, 0x00, 0x27, 0x18,
    0x00, 0x00, 0x00, 0x09, 0x00, 0x00, 0x00, 0x07, 0x00, 0x00, 0x00, 0x07, 0x00, 0x00, 0x00, 0x08,
    0x00, 0x00, 0x00, 0x00, 0x00, 0x00, 0x00, 0x00, 0x00, 0x00, 0x2B, 0x07, 0x00, 0x00, 0x00, 0x08,
    0x00, 0x00, 0x00, 0x05, 0x00, 0x00, 0x00, 0x07, 0x00, 0x00, 0x00, 0x08, 0x00, 0x00, 0x00, 0x01,
    0x00, 0x00, 0x00, 0x00, 0xA8, 0xA8, 0xA6, 0xA6, 0x8E, 0x8D, 0x63, 0x61, 0x1B, 0x1B, 0x31, 0x30,
    0xC5, 0xC4, 0x66, 0xA0, 0xBA, 0x66, 0x66, 0xA0, 0xBA, 0x66, 0x3D, 0x75, 0x70, 0x3D, 0x00, 0x00,
    0xE6, 0x03, 0xE9, 0x00, 0x00, 0x00, 0xE7, 0x24, 0xCB, 0x00, 0x73, 0xD4, 0xC5, 0x67, 0xFF, 0xA8,
    0x00, 0x6F, 0xA9, 0xAB, 0x6D, 0x00, 0xA8, 0xFF, 0x66, 0xC6, 0xD4, 0x73, 0x00, 0xCD, 0x22, 0xE7,
    0x00, 0x00, 0x00, 0xEB, 0x03, 0xE6, 0x00, 0x00, 0x00, 0x00, 0x4E, 0x9C, 0x00, 0x00, 0x00, 0xAA,
    0xF8, 0xFF, 0xC9, 0x16, 0x43, 0xD4, 0x4E, 0x9C, 0x54, 0x2E, 0x2B, 0xFA, 0x72, 0x9C, 0x00, 0x00,
    0x00, 0x72, 0xEB, 0xFF, 0xB4, 0x0C, 0x00, 0x00, 0x4E, 0x9C, 0xA6, 0x9C, 0x40, 0x73, 0x4E, 0x9C,
    0xA2, 0xA2, 0x12, 0xD2, 0xFF, 0xFF, 0xD5, 0x12, 0x00, 0x00, 0x4E, 0x9C, 0x00, 0x00, 0x7E, 0xB2,
    0xB5, 0x00, 0x3A, 0xB4, 0xCE, 0x00, 0xA7, 0x33, 0xBF, 0x2D, 0xD0, 0x07, 0xBE, 0x4F, 0xC0, 0x00,
    0x46, 0xAA, 0x9C, 0x39, 0x28, 0x00, 0x00, 0x2E, 0x34, 0xB8, 0xB2, 0x60, 0x04, 0xD0, 0x48, 0xB0,
    0x03, 0xD7, 0xB4, 0x5E, 0x0A, 0xBE, 0xAC, 0xA2, 0x00, 0xA5, 0xD3, 0xE4, 0x22, 0x00, 0x13, 0xF1,
    0x00, 0x31, 0x0D, 0x00, 0x00, 0xF2, 0x1E, 0x00, 0x00, 0x00, 0x28, 0xDA, 0xE2, 0x07, 0xCA, 0x91,
    0xC5, 0x54, 0x7C, 0xBE, 0xC9, 0x00, 0xD9, 0x43, 0x00, 0xB6, 0xCD, 0x00, 0x4F, 0xF3, 0xD7, 0x93,
    0xC4, 0x79, 0x90, 0x90, 0x90, 0x90, 0x57, 0x57, 0x00, 0x9A, 0x90, 0x49, 0xAA, 0x00, 0xC4, 0x1E,
    0x00, 0xE4, 0x00, 0x00, 0xE7, 0x00, 0x00, 0xE2, 0x00, 0x00, 0xA8, 0x69, 0x00, 0x09, 0xD3, 0x16,
    0x00, 0x1E, 0x79, 0x93, 0x9A, 0x00, 0x00, 0xAB, 0x45, 0x00, 0x1F, 0xBF, 0x00, 0x00, 0xE1, 0x00,
    0x00, 0xE4, 0x00, 0x00, 0xDD, 0x00, 0x69, 0xA0, 0x18, 0xD5, 0x07, 0x7B, 0x1E, 0x00, 0x00, 0x00,
    0x90, 0x90, 0x00, 0x00, 0x58, 0x72, 0x9C, 0x9C, 0x72, 0x58, 0x1F, 0x99, 0xFF, 0xFF, 0x99, 0x1F,
    0x00, 0x55, 0xCD, 0xCD, 0x54, 0x00, 0x00, 0x8E, 0x12, 0x13, 0x8E, 0x00, 0x00, 0x00, 0x55, 0x55,
    0x00, 0x00, 0x00, 0x00, 0x90, 0x90, 0x00, 0x00, 0x5A, 0xC8, 0xF5, 0xF5, 0xC8, 0x5A, 0x00, 0x00,
    0x90, 0x90, 0x00, 0x00, 0x00, 0x00, 0x90, 0x90, 0x00, 0x00, 0x73, 0xA8, 0xD2, 0x8B, 0xF1, 0x09,
    0x8A, 0xFF, 0xFF, 0x8A, 0x31, 0x30, 0xC5, 0xC4, 0x00, 0x00, 0x00, 0x00, 0xE2, 0x03, 0x00, 0x00,
    0x00, 0x5B, 0xB8, 0x00, 0x00, 0x00, 0x00, 0xC8, 0x24, 0x00, 0x00, 0x00, 0x1E, 0xCA, 0x00, 0x00,
    0x00, 0x00, 0xB1, 0x61, 0x00, 0x00, 0x00, 0x01, 0xE2, 0x00, 0x00, 0x00, 0x00, 0x6A, 0xA8, 0x00,
    0x00, 0x00, 0x00, 0xCF, 0x19, 0x00, 0x00, 0x00, 0x03, 0x85, 0x00, 0x00, 0x00, 0x00, 0x00, 0x9A,
    0xE4, 0xE6, 0x97, 0x00, 0x28, 0xE9, 0x03, 0x03, 0xEB, 0x27, 0x82, 0xB5, 0x00, 0x00, 0xB8, 0x82,
    0x9F, 0xA8, 0xBE, 0xBE, 0xA8, 0x9D, 0x84, 0xB5, 0x0D, 0x0D, 0xB8, 0x84, 0x2A, 0xE7, 0x01, 0x01,
    0xE9, 0x28, 0x00, 0x9C, 0xE3, 0xE3, 0x9A, 0x00, 0x00, 0x52, 0xFF, 0xDC, 0x00, 0x00, 0x49, 0xE8,
    0x55, 0xDC, 0x00, 0x00, 0x0C, 0x10, 0x3C, 0xDC, 0x00, 0x00, 0x00, 0x00, 0x3C, 0xDC, 0x00, 0x00,
    0x00, 0x00, 0x3C, 0xDC, 0x00, 0x00, 0x00, 0x00, 0x3C, 0xDC, 0x00, 0x00, 0x28, 0xDC, 0xEB, 0xFF,
    0xDC, 0x8B, 0x00, 0xAB, 0xE1, 0xE9, 0x8D, 0x00, 0x39, 0xAF, 0x00, 0x06, 0xFF, 0x07, 0x00, 0x00,
    0x00, 0x00, 0xFF, 0x09, 0x00, 0x00, 0x00, 0xA6, 0xB2, 0x00, 0x00, 0x00, 0xA0, 0xC9, 0x06, 0x00,
    0x00, 0xA6, 0xA5, 0x01, 0x00, 0x00, 0x6A, 0xFF, 0xDC, 0xDC, 0xDC, 0x63, 0x03, 0xB4, 0xE1, 0xEC,
    0x90, 0x00, 0x0F, 0x85, 0x00, 0x09, 0xFF, 0x03, 0x00, 0x00, 0x00, 0x22, 0xFD, 0x00, 0x00, 0x10,
    0xDE, 0xFF, 0x60, 0x00, 0x00, 0x00, 0x00, 0x10, 0xFF, 0x16, 0x36, 0x45, 0x00, 0x01, 0xFF, 0x22,
    0x25, 0xD7, 0xDC, 0xE6, 0x9D, 0x00, 0x00, 0x00, 0x10, 0xFF, 0xB9, 0x00, 0x00, 0x00, 0xA7, 0xB5,
    0xB9, 0x00, 0x00, 0x34, 0xCB, 0x54, 0xB9, 0x00, 0x00, 0xD3, 0x2D, 0x54, 0xB9, 0x00, 0x6F, 0xBA,
    0x00, 0x54, 0xB9, 0x00, 0xAC, 0xD9, 0xD2, 0xE9, 0xFF, 0x9D, 0x00, 0x00, 0x00, 0x54, 0xB9, 0x00,
    0x00, 0xFC, 0xDC, 0xDC, 0xDC, 0x03, 0x00, 0xE7, 0x00, 0x00, 0x00, 0x00, 0x00, 0xE6, 0x00, 0x00,
    0x00, 0x00, 0x03, 0xF6, 0xAF, 0xDD, 0xA5, 0x00, 0x03, 0x63, 0x01, 0x04, 0xE9, 0x4E, 0x0D, 0x54,
    0x00, 0x00, 0xD4, 0x55, 0x09, 0xC0, 0xE1, 0xE1, 0xA8, 0x00, 0x00, 0x00, 0xAE, 0xD0, 0x0A, 0x00,
    0x00, 0x8A, 0xE3, 0x04, 0x00, 0x00, 0x09, 0xFF, 0x28, 0x00, 0x00, 0x00, 0x55, 0xEB, 0xB5, 0xDD,
    0xAE, 0x00, 0x7B, 0xD5, 0x03, 0x03, 0xDA, 0x58, 0x37, 0xBC, 0x00, 0x00, 0xC0, 0x5E, 0x00, 0xA5,
    0xD4, 0xDA, 0xA8, 0x00, 0x84, 0xFF, 0xDC, 0xDC, 0xFF, 0x70, 0x76, 0x8D, 0x00, 0x04, 0xFF, 0x0F,
    0x00, 0x00, 0x00, 0x7E, 0xAD, 0x00, 0x00, 0x00, 0x00, 0xEE, 0x31, 0x00, 0x00, 0x00, 0x48, 0xDC,
    0x00, 0x00, 0x00, 0x00, 0xC6, 0x64, 0x00, 0x00, 0x00, 0x1E, 0xFF, 0x00, 0x00, 0x00, 0x00, 0xAF,
    0xE1, 0xE2, 0xAB, 0x00, 0x40, 0xE2, 0x00, 0x00, 0xE3, 0x3F, 0x21, 0xE3, 0x01, 0x03, 0xE6, 0x21,
    0x00, 0x93, 0xFA, 0xFB, 0x90, 0x00, 0x6A, 0xC0, 0x00, 0x00, 0xC1, 0x69, 0x8D, 0xAA, 0x00, 0x00,
    0xAA, 0x8D, 0x09, 0xC6, 0xD9, 0xD9, 0xC4, 0x09, 0x00, 0xA5, 0xDF, 0xDE, 0xA0, 0x00, 0x3C, 0xDD,
    0x00, 0x00, 0xDD, 0x31, 0x7B, 0xA3, 0x00, 0x00, 0xA3, 0x78, 0x39, 0xF1, 0x09, 0x09, 0xF0, 0x52,
    0x00, 0x93, 0xDE, 0xB4, 0xE2, 0x09, 0x00, 0x00, 0x00, 0xA0, 0x85, 0x00, 0x00, 0x07, 0xA2, 0xAC,
    0x00, 0x00, 0xC5, 0xC4, 0x36, 0x34, 0x00, 0x00, 0x31, 0x30, 0xC5, 0xC4, 0xC5, 0xC4, 0x36, 0x34,
    0x00, 0x00, 0x73, 0xA8, 0xD2, 0x8B, 0xF1, 0x09, 0x00, 0x00, 0x00, 0x00, 0x66, 0x22, 0x00, 0x00,
    0x45, 0xD5, 0xA2, 0x0A, 0x12, 0xBF, 0xB6, 0x22, 0x00, 0x00, 0x1F, 0xE9, 0x8E, 0x03, 0x00, 0x00,
    0x00, 0x04, 0x96, 0xE7, 0x73, 0x00, 0x00, 0x00, 0x00, 0x0F, 0xBB, 0x2E, 0x5E, 0xD2, 0xD2, 0xD2,
    0xD2, 0x5E, 0x00, 0x00, 0x00, 0x00, 0x00, 0x00, 0x5B, 0xCD, 0xCD, 0xCD, 0xCD, 0x5B, 0x22, 0x64,
    0x00, 0x00, 0x00, 0x00, 0x0D, 0xAB, 0xD9, 0x43, 0x00, 0x00, 0x00, 0x00, 0x27, 0xBB, 0xC0, 0x12,
    0x00, 0x00, 0x01, 0x88, 0xE8, 0x1F, 0x00, 0x6D, 0xE3, 0x96, 0x04, 0x00, 0x2E, 0xBB, 0x0F, 0x00,
    0x00, 0x00, 0x00, 0xA6, 0xE6, 0xEB, 0x9A, 0x00, 0x1B, 0xD7, 0x00, 0x03, 0xFF, 0x0A, 0x00, 0x00,
    0x00, 0x04, 0xFF, 0x04, 0x00, 0x00, 0x7F, 0xDC, 0x7C, 0x00, 0x00, 0x00, 0xC3, 0x48, 0x00, 0x00,
    0x00, 0x00, 0x46, 0x22, 0x00, 0x00, 0x00, 0x00, 0xFF, 0xAF, 0x00, 0x00, 0x00, 0x9F, 0xCE, 0xCA,
    0xAF, 0x00, 0x1C, 0xD5, 0x00, 0x00, 0xCE, 0x2D, 0x6C, 0xA8, 0xA3, 0xD2, 0xDF, 0x5D, 0x8A, 0x91,
    0xE9, 0x00, 0xB2, 0x60, 0x87, 0x91, 0xE1, 0x03, 0xBA, 0x60, 0x5D, 0xB1, 0x5D, 0xA1, 0xA0, 0x45,
    0x04, 0xE1, 0x12, 0x00, 0x00, 0x00, 0x00, 0x3D, 0xC0, 0xBE, 0x7C, 0x00, 0x00, 0x00, 0xDD, 0xDF,
    0x00, 0x00, 0x00, 0x0F, 0xE7, 0xEB, 0x12, 0x00, 0x00, 0x78, 0xAF, 0xB4, 0x7C, 0x00, 0x00, 0xC5,
    0x3D, 0x43, 0xC9, 0x00, 0x03, 0xFF, 0xDC, 0xDC, 0xFF, 0x04, 0x58, 0xBB, 0x00, 0x00, 0xC0, 0x5D,
    0xAB, 0x7B, 0x00, 0x00, 0x7C, 0xAF, 0x30, 0xFF, 0xDC, 0xE6, 0xAA, 0x00, 0x30, 0xE6, 0x00, 0x00,
    0xF5, 0x27, 0x30, 0xE6, 0x00, 0x01, 0xF3, 0x18, 0x30, 0xFF, 0xC8, 0xF3, 0xBA, 0x00, 0x30, 0xE6,
    0x00, 0x00, 0xB7, 0x75, 0x30, 0xE6, 0x00, 0x00, 0xA7, 0x85, 0x30, 0xFF, 0xDC, 0xEB, 0xD4, 0x09,
    0x00, 0x63, 0xE8, 0xE1, 0xBB, 0x03, 0x07, 0xFF, 0x12, 0x00, 0xA5, 0x37, 0x49, 0xCD, 0x00, 0x00,
    0x00, 0x00, 0x67, 0xBE, 0x00, 0x00, 0x00, 0x00, 0x4B, 0xCD, 0x00, 0x00, 0x00, 0x00, 0x09, 0xFF,
    0x12, 0x00, 0xA3, 0x37, 0x00, 0x66, 0xE9, 0xE1, 0xBE, 0x03, 0x12, 0xFF, 0xDC, 0xE9, 0x8D, 0x00,
    0x12, 0xFF, 0x00, 0x06, 0xF3, 0x24, 0x12, 0xFF, 0x00, 0x00, 0xA0, 0x7F, 0x12, 0xFF, 0x00, 0x00,
    0xAE, 0x9D, 0x12, 0xFF, 0x00, 0x00, 0xA0, 0x7F, 0x12, 0xFF, 0x00, 0x06, 0xF5, 0x25, 0x12, 0xFF,
    0xDC, 0xEB, 0x91, 0x00, 0x24, 0xFF, 0xDC, 0xDC, 0xDC, 0x34, 0x24, 0xEB, 0x00, 0x00, 0x00, 0x00,
    0x24, 0xEB, 0x00, 0x00, 0x00, 0x00, 0x24, 0xFF, 0xDC, 0xDC, 0xDC, 0x13, 0x24, 0xEB, 0x00, 0x00,
    0x00, 0x00, 0x24, 0xEB, 0x00, 0x00, 0x00, 0x00, 0x24, 0xFF, 0xDC, 0xDC, 0xDC, 0x34, 0x24, 0xFF,
    0xDC, 0xDC, 0xDC, 0x4E, 0x24, 0xEB, 0x00, 0x00, 0x00, 0x00, 0x24, 0xEB, 0x00, 0x00, 0x00, 0x00,
    0x24, 0xFF, 0xDC, 0xDC, 0xDC, 0x00, 0x24, 0xEB, 0x00, 0x00, 0x00, 0x00, 0x24, 0xEB, 0x00, 0x00,
    0x00, 0x00, 0x24, 0xEB, 0x00, 0x00, 0x00, 0x00, 0x00, 0x91, 0xE6, 0xE3, 0xA1, 0x00, 0x22, 0xF1,
    0x04, 0x00, 0x9D, 0x13, 0x7F, 0xBE, 0x00, 0x00, 0x00, 0x00, 0x9D, 0xAE, 0x07, 0xC8, 0xE9, 0x43,
    0x87, 0xBD, 0x00, 0x00, 0xB6, 0x54, 0x30, 0xF0, 0x01, 0x01, 0xF5, 0x54, 0x00, 0xB1, 0xE9, 0xCA,
    0xD5, 0x54, 0x4E, 0xCD, 0x00, 0x00, 0xCD, 0x4E, 0x4E, 0xCD, 0x00, 0x00, 0xCD, 0x4E, 0x4E, 0xCD,
    0x00, 0x00, 0xCD, 0x4E, 0x4E, 0xFF, 0xDC, 0xDC, 0xFF, 0x4E, 0x4E, 0xCD, 0x00, 0x00, 0xCD, 0x4E,
    0x4E, 0xCD, 0x00, 0x00, 0xCD, 0x4E, 0x4E, 0xCD, 0x00, 0x00, 0xCD, 0x4E, 0x25, 0xCD, 0xFC, 0xFC,
    0xCD, 0x25, 0x00, 0x00, 0xA2, 0xA2, 0x00, 0x00, 0x00, 0x00, 0xA2, 0xA2, 0x00, 0x00, 0x00, 0x00,
    0xA2, 0xA2, 0x00, 0x00, 0x00, 0x00, 0xA2, 0xA2, 0x00, 0x00, 0x00, 0x00, 0xA2, 0xA2, 0x00, 0x00,
    0x25, 0xCD, 0xFC, 0xFC, 0xCD, 0x25, 0x00, 0x94, 0xDC, 0xDF, 0xFF, 0x00, 0x00, 0x00, 0x12, 0xFF,
    0x00, 0x00, 0x00, 0x12, 0xFF, 0x00, 0x00, 0x00, 0x12, 0xFF, 0x00, 0x00, 0x00, 0x12, 0xFF, 0x22,
    0xAC, 0x00, 0x3C, 0xE3, 0x00, 0xB7, 0xE4, 0xED, 0x4F, 0x3C, 0xDC, 0x00, 0x03, 0xDD, 0x72, 0x3C,
    0xDC, 0x00, 0xAD, 0xB1, 0x00, 0x3C, 0xDC, 0x8D, 0xCB, 0x00, 0x00, 0x3C, 0xFF, 0xFF, 0xC0, 0x00,
    0x00, 0x3C, 0xFF, 0x1E, 0xF3, 0x58, 0x00, 0x3C, 0xDC, 0x00, 0x40, 0xFF, 0x07, 0x3C, 0xDC, 0x00,
    0x00, 0xA5, 0xB4, 0xFF, 0x12, 0x00, 0x00, 0x00, 0xFF, 0x12, 0x00, 0x00, 0x00, 0xFF, 0x12, 0x00,
    0x00, 0x00, 0xFF, 0x12, 0x00, 0x00, 0x00, 0xFF, 0x12, 0x00, 0x00, 0x00, 0xFF, 0x12, 0x00, 0x00,
    0x00, 0xFF, 0xDF, 0xDC, 0xDC, 0x5A, 0x78, 0xFF, 0x0C, 0x06, 0xFF, 0x78, 0x78, 0xFF, 0x87, 0x7B,
    0xFF, 0x78, 0x78, 0xBB, 0xD9, 0xCF, 0xBB, 0x78, 0x78, 0xAE, 0xB2, 0xB0, 0xAE, 0x78, 0x78, 0xAE,
    0x3C, 0x3A, 0xAE, 0x78, 0x78, 0xAE, 0x00, 0x00, 0xAE, 0x78, 0x78, 0xAE, 0x00, 0x00, 0xAE, 0x78,
    0x4E, 0xFF, 0x46, 0x00, 0xB4, 0x4E, 0x4E, 0xFA, 0xBC, 0x00, 0xB4, 0x4E, 0x4E, 0xB4, 0xF2, 0x12,
    0xB4, 0x4E, 0x4E, 0xB4, 0x9C, 0x9A, 0xB4, 0x4E, 0x4E, 0xB4, 0x13, 0xF2, 0xB4, 0x4E, 0x4E, 0xB4,
    0x00, 0xBE, 0xFA, 0x4E, 0x4E, 0xB4, 0x00, 0x48, 0xFF, 0x4E, 0x00, 0x9A, 0xE6, 0xE7, 0x97, 0x00,
    0x28, 0xED, 0x03, 0x03, 0xF0, 0x27, 0x82, 0xBB, 0x00, 0x00, 0xBE, 0x82, 0x9F, 0xAE, 0x00, 0x00,
    0xAE, 0x9D, 0x84, 0xBB, 0x00, 0x00, 0xBE, 0x84, 0x2A, 0xEB, 0x01, 0x03, 0xEE, 0x28, 0x00, 0x9C,
    0xE3, 0xE4, 0x9A, 0x00, 0x24, 0xFF, 0xDC, 0xDC, 0xDC, 0x0F, 0x24, 0xEB, 0x00, 0x00, 0xA3, 0x8B,
    0x24, 0xEB, 0x00, 0x00, 0xB5, 0x7B, 0x24, 0xFF, 0xDC, 0xE3, 0xB4, 0x04, 0x24, 0xEB, 0x00, 0x00,
    0x00, 0x00, 0x24, 0xEB, 0x00, 0x00, 0x00, 0x00, 0x24, 0xEB, 0x00, 0x00, 0x00, 0x00, 0x00, 0xA9,
    0xE4, 0xE6, 0xA8, 0x00, 0x37, 0xE4, 0x01, 0x01, 0xE7, 0x37, 0x8B, 0xB7, 0x00, 0x00, 0xB8, 0x8A,
    0x9D, 0xAE, 0x00, 0x00, 0xAE, 0x9A, 0x6F, 0xAD, 0x00, 0x00, 0xB2, 0x69, 0x09, 0xF3, 0x7C, 0x7E,
    0xF0, 0x06, 0x00, 0x19, 0xBE, 0xBF, 0x16, 0x00, 0x00, 0x00, 0x37, 0xCF, 0xB5, 0x00, 0x24, 0xFF,
    0xDC, 0xDC, 0xDC, 0x0F, 0x24, 0xEB, 0x00, 0x00, 0xA3, 0x8B, 0x24, 0xEB, 0x00, 0x00, 0xB2, 0x7B,
    0x24, 0xFF, 0xD7, 0xFF, 0xAA, 0x04, 0x24, 0xEB, 0x01, 0xF2, 0x2E, 0x00, 0x24, 0xEB, 0x00, 0x63,
    0xCE, 0x00, 0x24, 0xEB, 0x00, 0x00, 0xE4, 0x4F, 0x01, 0xB4, 0xDD, 0xED, 0xC8, 0x10, 0x5A, 0xCE,
    0x00, 0x00, 0x61, 0x16, 0x42, 0xFC, 0x27, 0x00, 0x00, 0x00, 0x00, 0x7F, 0xE1, 0xFF, 0xA7, 0x04,
    0x00, 0x00, 0x00, 0x03, 0xCD, 0x7B, 0x4B, 0x6D, 0x00, 0x00, 0xB7, 0x79, 0x13, 0xCA, 0xE9, 0xDD,
    0xBC, 0x04, 0xA5, 0xDC, 0xFF, 0xFF, 0xDC, 0xA5, 0x00, 0x00, 0xA2, 0xA2, 0x00, 0x00, 0x00, 0x00,
    0xA2, 0xA2, 0x00, 0x00, 0x00, 0x00, 0xA2, 0xA2, 0x00, 0x00, 0x00, 0x00, 0xA2, 0xA2, 0x00, 0x00,
    0x00, 0x00, 0xA2, 0xA2, 0x00, 0x00, 0x00, 0x00, 0xA2, 0xA2, 0x00, 0x00, 0x4E, 0xCD, 0x00, 0x00,
    0xCD, 0x4E, 0x4E, 0xCD, 0x00, 0x00, 0xCD, 0x4E, 0x4E, 0xCD, 0x00, 0x00, 0xCD, 0x4E, 0x4E, 0xCD,
    0x00, 0x00, 0xCD, 0x4C, 0x42, 0xCF, 0x00, 0x00, 0xD0, 0x40, 0x16, 0xF7, 0x00, 0x00, 0xF7, 0x16,
    0x00, 0xB7, 0xEE, 0xF0, 0xB7, 0x00, 0xBE, 0x94, 0x00, 0x00, 0x8A, 0xBB, 0x4C, 0xD5, 0x00, 0x00,
    0xCD, 0x49, 0x01, 0xFF, 0x04, 0x01, 0xFF, 0x00, 0x00, 0xC1, 0x57, 0x4C, 0xBF, 0x00, 0x00, 0x76,
    0xA3, 0xBA, 0x73, 0x00, 0x00, 0x0F, 0xF5, 0xEB, 0x0F, 0x00, 0x00, 0x00, 0xE2, 0xDF, 0x00, 0x00,
    0xC5, 0x30, 0x00, 0x00, 0x2D, 0xC4, 0xAB, 0x4C, 0x00, 0x00, 0x48, 0xAA, 0xAF, 0x67, 0xB4, 0xBB,
    0x64, 0xAE, 0x90, 0x84, 0xC8, 0xD2, 0x81, 0x8E, 0x72, 0xAC, 0xC0, 0xC5, 0xAF, 0x70, 0x52, 0xE8,
    0xA0, 0xA2, 0xEB, 0x51, 0x33, 0xFF, 0x51, 0x52, 0xFF, 0x33, 0x72, 0xCB, 0x00, 0x00, 0xAF, 0x8D,
    0x00, 0xD4, 0x5D, 0x45, 0xE4, 0x00, 0x00, 0x25, 0xF6, 0xEB, 0x34, 0x00, 0x00, 0x00, 0xC4, 0xD7,
    0x00, 0x00, 0x00, 0x3D, 0xE7, 0xDC, 0x4C, 0x00, 0x01, 0xEC, 0x3C, 0x31, 0xF5, 0x04, 0x9F, 0xA0,
    0x00, 0x00, 0xA0, 0xA8, 0xAF, 0x99, 0x00, 0x00, 0x94, 0xAD, 0x16, 0xFF, 0x10, 0x0F, 0xFF, 0x16,
    0x00, 0x9F, 0xBB, 0xBA, 0x9D, 0x00, 0x00, 0x04, 0xF8, 0xF7, 0x04, 0x00, 0x00, 0x00, 0xA8, 0xA8,
    0x00, 0x00, 0x00, 0x00, 0xA2, 0xA2, 0x00, 0x00, 0x00, 0x00, 0xA2, 0xA2, 0x00, 0x00, 0x5A, 0xDC,
    0xDC, 0xDC, 0xFF, 0x76, 0x00, 0x00, 0x00, 0x40, 0xEB, 0x04, 0x00, 0x00, 0x09, 0xF2, 0x31, 0x00,
    0x00, 0x00, 0xAF, 0x8E, 0x00, 0x00, 0x00, 0x61, 0xD2, 0x00, 0x00, 0x00, 0x19, 0xF8, 0x19, 0x00,
    0x00, 0x00, 0xBA, 0xFF, 0xDC, 0xDC, 0xDC, 0x87, 0xE7, 0xB9, 0xB9, 0x09, 0xDC, 0x00, 0x00, 0x00,
    0xDC, 0x00, 0x00, 0x00, 0xDC, 0x00, 0x00, 0x00, 0xDC, 0x00, 0x00, 0x00, 0xDC, 0x00, 0x00, 0x00,
    0xDC, 0x00, 0x00, 0x00, 0xDC, 0x00, 0x00, 0x00, 0xBA, 0xBE, 0xBE, 0x0A, 0x03, 0xE1, 0x00, 0x00,
    0x00, 0x00, 0x00, 0xBA, 0x5A, 0x00, 0x00, 0x00, 0x00, 0x24, 0xC6, 0x00, 0x00, 0x00, 0x00, 0x00,
    0xCB, 0x1E, 0x00, 0x00, 0x00, 0x00, 0x63, 0xAF, 0x00, 0x00, 0x00, 0x00, 0x00, 0xE2, 0x01, 0x00,
    0x00, 0x00, 0x00, 0xA9, 0x69, 0x00, 0x00, 0x00, 0x00, 0x19, 0xCF, 0x00, 0x00, 0x00, 0x00, 0x00,
    0x85, 0x03, 0x09, 0xB9, 0xB9, 0xE7, 0x00, 0x00, 0x00, 0xDC, 0x00, 0x00, 0x00, 0xDC, 0x00, 0x00,
    0x00, 0xDC, 0x00, 0x00, 0x00, 0xDC, 0x00, 0x00, 0x00, 0xDC, 0x00, 0x00, 0x00, 0xDC, 0x00, 0x00,
    0x00, 0xDC, 0x0A, 0xBE, 0xBE, 0xBA, 0x00, 0x00, 0xDD, 0xE1, 0x00, 0x00, 0x00, 0x7E, 0xAF, 0xA2,
    0x7C, 0x00, 0x0C, 0xE8, 0x09, 0x0F, 0xF2, 0x0C, 0x70, 0x6D, 0x00, 0x00, 0x7C, 0x6F, 0x6A, 0xDC,
    0xDC, 0xDC, 0xDC, 0x6A, 0x03, 0x43, 0x00, 0x01, 0xDE, 0x25, 0x00, 0x28, 0x34, 0x07, 0xC3, 0xD7,
    0xE4, 0x66, 0x00, 0x03, 0x3C, 0x00, 0x1E, 0xEB, 0x00, 0x09, 0xA7, 0xB4, 0xB5, 0xFA, 0x00, 0x6D,
    0xB1, 0x00, 0x10, 0xFA, 0x00, 0x1B, 0xD7, 0xA5, 0xA2, 0xE8, 0x7E, 0x12, 0xF0, 0x00, 0x00, 0x00,
    0x00, 0x12, 0xF0, 0x00, 0x00, 0x00, 0x00, 0x12, 0xFD, 0xA2, 0xE2, 0xBE, 0x00, 0x12, 0xFF, 0x00,
    0x00, 0xC5, 0x5A, 0x12, 0xF0, 0x00, 0x00, 0xAE, 0x8E, 0x12, 0xFF, 0x00, 0x00, 0xC5, 0x5A, 0x12,
    0xFD, 0xBE, 0xE2, 0xBE, 0x00, 0x00, 0x72, 0xDD, 0xDF, 0xBE, 0x00, 0x07, 0xFA, 0x04, 0x00, 0x5A,
    0x01, 0x2D, 0xE1, 0x00, 0x00, 0x00, 0x00, 0x07, 0xFA, 0x03, 0x00, 0x5E, 0x07, 0x00, 0x75, 0xDD,
    0xDF, 0xB7, 0x01, 0x00, 0x00, 0x00, 0x00, 0xF0, 0x12, 0x00, 0x00, 0x00, 0x00, 0xF0, 0x12, 0x00,
    0xC0, 0xE2, 0xA3, 0xFD, 0x12, 0x5D, 0xC5, 0x00, 0x00, 0xFF, 0x12, 0x90, 0xAE, 0x00, 0x00, 0xF0,
    0x12, 0x5D, 0xC5, 0x00, 0x00, 0xFF, 0x12, 0x00, 0xC0, 0xE2, 0xA1, 0xFD, 0x12, 0x00, 0x94, 0xD5,
    0xD0, 0xA0, 0x00, 0x2E, 0xE1, 0x00, 0x00, 0xDA, 0x36, 0x6D, 0xFF, 0xBE, 0xBE, 0xDF, 0x5E, 0x30,
    0xD0, 0x00, 0x00, 0x54, 0x06, 0x00, 0x97, 0xD7, 0xDF, 0xB9, 0x01, 0x00, 0x00, 0x5B, 0xE8, 0xCD,
    0x6A, 0x00, 0x00, 0xA6, 0x90, 0x00, 0x00, 0x42, 0xD2, 0xFF, 0xFB, 0xD2, 0x6D, 0x00, 0x00, 0xA8,
    0x90, 0x00, 0x00, 0x00, 0x00, 0xA8, 0x90, 0x00, 0x00, 0x00, 0x00, 0xA8, 0x90, 0x00, 0x00, 0x2A,
    0xCD, 0xFF, 0xF7, 0xCD, 0x31, 0x00, 0x00, 0x00, 0x06, 0xC6, 0x8D, 0x00, 0x8E, 0xCA, 0xED, 0xAD,
    0x00, 0x01, 0xFF, 0x00, 0x01, 0xFF, 0x00, 0x00, 0xFF, 0x09, 0x10, 0xF2, 0x00, 0x00, 0x93, 0xDD,
    0xC1, 0x46, 0x00, 0x00, 0xE8, 0xE2, 0xDE, 0xBB, 0x28, 0x48, 0xAA, 0x00, 0x00, 0x75, 0xAF, 0x24,
    0xDA, 0xB9, 0xB6, 0xCA, 0x49, 0x06, 0xFA, 0x00, 0x00, 0x00, 0x00, 0x06, 0xFA, 0x00, 0x00, 0x00,
    0x00, 0x06, 0xFF, 0xB6, 0xE9, 0xBB, 0x00, 0x06, 0xFF, 0x00, 0x00, 0xFF, 0x0A, 0x06, 0xFA, 0x00,
    0x00, 0xE6, 0x1E, 0x06, 0xFA, 0x00, 0x00, 0xE6, 0x1E, 0x06, 0xFA, 0x00, 0x00, 0xE6, 0x1E, 0x00,
    0x00, 0x0F, 0x00, 0x00, 0x00, 0x54, 0xFF, 0x00, 0x00, 0x00, 0x00, 0x00, 0x00, 0x00, 0xC4, 0xD9,
    0xE6, 0x00, 0x00, 0x00, 0x1E, 0xE6, 0x00, 0x00, 0x00, 0x1E, 0xE6, 0x00, 0x00, 0x00, 0x1E, 0xE6,
    0x00, 0x00, 0xBF, 0xD5, 0xFF, 0xCD, 0x6F, 0x00, 0x00, 0x00, 0x0A, 0x04, 0x00, 0x00, 0x00, 0xC1,
    0xA9, 0x00, 0x00, 0x00, 0x00, 0x00, 0x0F, 0xD2, 0xD2, 0xFF, 0x78, 0x00, 0x00, 0x00, 0xBA, 0x78,
    0x00, 0x00, 0x00, 0xBA, 0x78, 0x00, 0x00, 0x00, 0xBA, 0x78, 0x00, 0x00, 0x00, 0xBA, 0x78, 0x00,
    0x00, 0x00, 0xBA, 0x76, 0x00, 0xC9, 0xCD, 0xEB, 0x33, 0xFF, 0x00, 0x00, 0x00, 0x00, 0xFF, 0x00,
    0x00, 0x00, 0x00, 0xFF, 0x00, 0x3F, 0xE3, 0x28, 0xFF, 0x58, 0xE1, 0x19, 0x00, 0xFF, 0xCF, 0xE8,
    0x06, 0x00, 0xFF, 0x00, 0x9F, 0xB1, 0x00, 0xFF, 0x00, 0x00, 0xCA, 0x82, 0x31, 0xCD, 0xFB, 0x9C,
    0x00, 0x00, 0x00, 0x00, 0x9C, 0x9C, 0x00, 0x00, 0x00, 0x00, 0x9C, 0x9C, 0x00, 0x00, 0x00, 0x00,
    0x9C, 0x9C, 0x00, 0x00, 0x00, 0x00, 0x9C, 0x9C, 0x00, 0x00, 0x00, 0x00, 0x9C, 0x9C, 0x00, 0x00,
    0x31, 0xCD, 0xFB, 0xFB, 0xCD, 0x31, 0xAE, 0xBF, 0xEB, 0xBA, 0xE3, 0x52, 0xAE, 0x72, 0x94, 0x94,
    0x70, 0xA8, 0xAE, 0x6C, 0x90, 0x90, 0x6C, 0xAE, 0xAE, 0x6C, 0x90, 0x90, 0x6C, 0xAE, 0xAE, 0x6C,
    0x90, 0x90, 0x6C, 0xAE, 0x06, 0xFF, 0xBB, 0xC9, 0xBB, 0x00, 0x06, 0xFF, 0x00, 0x00, 0xFB, 0x0A,
    0x06, 0xFA, 0x00, 0x00, 0xE6, 0x1E, 0x06, 0xFA, 0x00, 0x00, 0xE6, 0x1E, 0x06, 0xFA, 0x00, 0x00,
    0xE6, 0x1E, 0x00, 0xA3, 0xD7, 0xD5, 0x9F, 0x00, 0x37, 0xD5, 0x00, 0x00, 0xD4, 0x33, 0x75, 0xA5,
    0x00, 0x00, 0xA6, 0x73, 0x39, 0xD4, 0x00, 0x00, 0xD4, 0x34, 0x00, 0xA6, 0xD7, 0xD7, 0xA2, 0x00,
    0x12, 0xFF, 0xA8, 0xC0, 0xBA, 0x00, 0x12, 0xFC, 0x00, 0x00, 0xBB, 0x5A, 0x12, 0xF0, 0x00, 0x00,
    0xAE, 0x8E, 0x12, 0xFF, 0x00, 0x00, 0xC6, 0x5A, 0x12, 0xFD, 0xBE, 0xE2, 0xBE, 0x00, 0x12, 0xF0,
    0x00, 0x00, 0x00, 0x00, 0x12, 0xF0, 0x00, 0x00, 0x00, 0x00, 0x00, 0xC0, 0xE2, 0xA3, 0xFD, 0x12,
    0x5D, 0xC5, 0x00, 0x00, 0xFF, 0x12, 0x90, 0xAE, 0x00, 0x00, 0xF0, 0x12, 0x5D, 0xC5, 0x00, 0x00,
    0xFF, 0x12, 0x00, 0xC0, 0xE2, 0xA1, 0xFD, 0x12, 0x00, 0x00, 0x00, 0x00, 0xF0, 0x12, 0x00, 0x00,
    0x00, 0x00, 0xF0, 0x12, 0x3A, 0xD2, 0xFF, 0x9C, 0xC6, 0x94, 0x00, 0x00, 0xE6, 0x58, 0x00, 0x00,
    0x00, 0x00, 0xE6, 0x1E, 0x00, 0x00, 0x00, 0x00, 0xE6, 0x1E, 0x00, 0x00, 0x39, 0xCD, 0xFF, 0xD5,
    0xCD, 0x12, 0x00, 0xA5, 0xCF, 0xC6, 0xB6, 0x04, 0x03, 0xFF, 0x04, 0x00, 0x18, 0x00, 0x00, 0x7F,
    0xCE, 0xCD, 0xBE, 0x03, 0x09, 0x3D, 0x00, 0x00, 0xCB, 0x40, 0x15, 0xBB, 0xC8, 0xD0, 0xBF, 0x06,
    0x00, 0x00, 0xF5, 0x00, 0x00, 0x00, 0x00, 0x06, 0xFF, 0x00, 0x00, 0x00, 0x99, 0xD2, 0xFF, 0xD2,
    0xD2, 0x42, 0x00, 0x00, 0xFF, 0x00, 0x00, 0x00, 0x00, 0x00, 0xFF, 0x00, 0x00, 0x00, 0x00, 0x00,
    0xFD, 0x00, 0x00, 0x00, 0x00, 0x00, 0xC4, 0xCA, 0xCD, 0x40, 0x1E, 0xE6, 0x00, 0x00, 0xFA, 0x06,
    0x1E, 0xE6, 0x00, 0x00, 0xFA, 0x06, 0x1E, 0xE6, 0x00, 0x00, 0xFA, 0x06, 0x0A, 0xFF, 0x00, 0x00,
    0xFF, 0x06, 0x00, 0xA0, 0xEB, 0xB7, 0xFF, 0x06, 0x43, 0xC6, 0x00, 0x00, 0xC4, 0x42, 0x00, 0xF0,
    0x0C, 0x0A, 0xEC, 0x00, 0x00, 0xA8, 0x7E, 0x79, 0xA6, 0x00, 0x00, 0x21, 0xD4, 0xD0, 0x21, 0x00,
    0x00, 0x00, 0xD7, 0xD4, 0x00, 0x00, 0xC8, 0x1E, 0xAA, 0xAB, 0x13, 0xC5, 0xB2, 0x52, 0xB6, 0xB6,
    0x48, 0xB1, 0x75, 0x87, 0xB4, 0xB5, 0x7F, 0x73, 0x37, 0xC8, 0xA3, 0xA2, 0xC5, 0x36, 0x04, 0xFF,
    0x55, 0x55, 0xFF, 0x04, 0x1E, 0xFC, 0x22, 0x18, 0xF0, 0x1C, 0x00, 0x55, 0xE1, 0xCB, 0x51, 0x00,
    0x00, 0x00, 0xD3, 0xCE, 0x00, 0x00, 0x00, 0x64, 0xBE, 0xD4, 0x64, 0x00, 0x25, 0xF2, 0x10, 0x18,
    0xFB, 0x28, 0x64, 0xAF, 0x00, 0x00, 0xAB, 0x63, 0x00, 0xF3, 0x0C, 0x0A, 0xF1, 0x00, 0x00, 0xA2,
    0x8D, 0x87, 0xA2, 0x00, 0x00, 0x15, 0xE4, 0xE1, 0x15, 0x00, 0x00, 0x00, 0xBB, 0xBB, 0x00, 0x00,
    0x00, 0x00, 0xC3, 0x42, 0x00, 0x00, 0x2A, 0xC9, 0xBF, 0x00, 0x00, 0x00, 0x0A, 0xD2, 0xD2, 0xD4,
    0xFF, 0x0D, 0x00, 0x00, 0x00, 0xBA, 0x8A, 0x00, 0x00, 0x00, 0xA6, 0xA5, 0x00, 0x00, 0x00, 0xAB,
    0xA1, 0x00, 0x00, 0x00, 0x30, 0xFF, 0xCD, 0xCD, 0xCD, 0x25, 0x00, 0xB8, 0xBC, 0xB0, 0x00, 0xCD,
    0x1E, 0x00, 0x00, 0x78, 0xB7, 0x00, 0x00, 0x00, 0xE3, 0x00, 0xAB, 0xE4, 0x88, 0x00, 0x00, 0x00,
    0xE4, 0x00, 0x00, 0x8B, 0x9F, 0x00, 0x00, 0xCE, 0x19, 0x00, 0x00, 0x88, 0xBE, 0xB4, 0x84, 0x84,
    0x84, 0x84, 0x84, 0x84, 0x84, 0x84, 0x84, 0x84, 0x84, 0x84, 0x84, 0x84, 0x84, 0x84, 0x42, 0x42,
    0xB0, 0xBC, 0xB5, 0x00, 0x00, 0x21, 0xCB, 0x00, 0x00, 0xBB, 0x76, 0x00, 0x00, 0xE4, 0x00, 0x00,
    0x00, 0x88, 0xE4, 0xAB, 0x00, 0xE7, 0x00, 0x00, 0x00, 0xA2, 0x87, 0x00, 0x00, 0x19, 0xCD, 0x00,
    0xB4, 0xBE, 0x85, 0x00, 0x15, 0xCA, 0xC5, 0x2E, 0x54, 0x5D, 0x5E, 0x4E, 0x2E, 0xC9, 0xCD, 0x13,
    0xC5, 0xC4, 0x36, 0x34, 0x19, 0x19, 0x63, 0x61, 0x8E, 0x8D, 0xA6, 0xA6, 0xA8, 0xA8, 0x00, 0x00,
    0x4E, 0x9C, 0x00, 0x00, 0x00, 0x82, 0xF5, 0xFF, 0xAD, 0x00, 0x0A, 0xFA, 0x51, 0x9C, 0x51, 0x01,
    0x30, 0xE1, 0x4E, 0x9C, 0x00, 0x00, 0x0A, 0xFB, 0x51, 0x9C, 0x52, 0x06, 0x00, 0x87, 0xF7, 0xFF,
    0xB6, 0x00, 0x00, 0x00, 0x4E, 0x9C, 0x00, 0x00, 0x00, 0x79, 0xE4, 0xE6, 0xDC, 0x21, 0x00, 0xFF,
    0x0A, 0x00, 0x3F, 0x25, 0x00, 0xFF, 0x03, 0x00, 0x00, 0x00, 0x79, 0xFF, 0xE9, 0xD2, 0x27, 0x00,
    0x00, 0xBD, 0x7C, 0x00, 0x00, 0x00, 0x0F, 0xF2, 0x24, 0x00, 0x00, 0x00, 0x60, 0xFF, 0xFA, 0xFA,
    0xFA, 0x70, 0x16, 0x9A, 0x00, 0x00, 0x9A, 0x16, 0x00, 0xD8, 0xCA, 0xCB, 0xD8, 0x00, 0x00, 0xF8,
    0x13, 0x15, 0xF8, 0x00, 0x04, 0xFF, 0x00, 0x00, 0xFF, 0x04, 0x00, 0xF7, 0x13, 0x15, 0xF8, 0x00,
    0x00, 0xD9, 0xCE, 0xCE, 0xD9, 0x00, 0x16, 0x9A, 0x00, 0x00, 0x9A, 0x16, 0xB0, 0x8E, 0x00, 0x00,
    0x85, 0xAF, 0x2A, 0xFB, 0x00, 0x00, 0xF3, 0x2A, 0x00, 0xC8, 0x5E, 0x57, 0xC6, 0x00, 0x00, 0x40,
    0xD8, 0xD3, 0x3F, 0x00, 0x3C, 0xC8, 0xFF, 0xFF, 0xC8, 0x3C, 0x00, 0x00, 0x9C, 0x9C, 0x00, 0x00,
    0x3F, 0xD2, 0xFD, 0xFD, 0xD2, 0x3F, 0x84, 0x84, 0x84, 0x84, 0x84, 0x84, 0x33, 0x33, 0x00, 0x00,
    0x84, 0x84, 0x84, 0x84, 0x84, 0x84, 0x34, 0x34, 0x00, 0x85, 0xEB, 0xD5, 0xB7, 0x00, 0x00, 0xF0,
    0x12, 0x00, 0x00, 0x00, 0x00, 0x8A, 0xFB, 0xB0, 0x45, 0x00, 0x1E, 0xD2, 0x00, 0x34, 0xFB, 0x2E,
    0x16, 0xFD, 0x7B, 0x1E, 0xCE, 0x1B, 0x00, 0x16, 0x8E, 0xE8, 0xAF, 0x00, 0x00, 0x18, 0x00, 0x10,
    0xF8, 0x00, 0x00, 0x96, 0xD3, 0xDD, 0x60, 0x00, 0x8E, 0xBD, 0xA0, 0x8D, 0x03, 0x07, 0x07, 0x03,
    0x00, 0x6F, 0xBE, 0xBE, 0x6D, 0x00, 0x87, 0x8A, 0x00, 0x00, 0x90, 0x85, 0xBA, 0x10, 0xAB, 0xAB,
    0x15, 0xBE, 0xBB, 0x99, 0x76, 0x1F, 0x09, 0xBB, 0xBC, 0x9A, 0x75, 0x1F, 0x10, 0xBF, 0x88, 0xA0,
    0xB6, 0xAD, 0xAB, 0x87, 0x00, 0x72, 0xA6, 0xA7, 0x72, 0x00, 0x5D, 0xC4, 0xD2, 0x12, 0x1C, 0x04,
    0x9D, 0x58, 0x5B, 0xB8, 0xCF, 0x60, 0xA5, 0xB1, 0xA2, 0xAB, 0x00, 0x00, 0x6C, 0x00, 0x3C, 0x30,
    0x04, 0xAD, 0xBE, 0x78, 0xDF, 0x10, 0x5D, 0xFF, 0x01, 0xFF, 0x31, 0x00, 0x00, 0xA8, 0xBC, 0x57,
    0xE7, 0x1E, 0x00, 0x00, 0x48, 0x00, 0x25, 0x22, 0x5B, 0xCD, 0xCD, 0xCD, 0xE8, 0x45, 0x00, 0x00,
    0x00, 0x00, 0xB4, 0x54, 0x00, 0x00, 0x00, 0x00, 0x91, 0x43, 0x8A, 0xFF, 0xFF, 0x8A, 0x27, 0x93,
    0x93, 0x25, 0xB4, 0x84, 0x6C, 0xB7, 0xB7, 0xA5, 0x99, 0xB8, 0x27, 0x97, 0x99, 0x27, 0x63, 0xCD,
    0xCD, 0x63, 0x27, 0xBC, 0xBC, 0x27, 0xBE, 0x2D, 0x2E, 0xBE, 0xBE, 0x30, 0x31, 0xBC, 0x27, 0xC0,
    0xBF, 0x27, 0x00, 0x00, 0x90, 0x90, 0x00, 0x00, 0x00, 0x00, 0x90, 0x90, 0x00, 0x00, 0x5A, 0xC8,
    0xF5, 0xF5, 0xC8, 0x5A, 0x00, 0x00, 0x90, 0x90, 0x00, 0x00, 0x00, 0x00, 0x3A, 0x3A, 0x00, 0x00,
    0x5B, 0xCD, 0xCD, 0xCD, 0xCD, 0x5B, 0x3C, 0xCD, 0xDE, 0x1E, 0x03, 0x09, 0xAB, 0x40, 0x00, 0x7C,
    0xAF, 0x00, 0x60, 0xFF, 0xA0, 0x48, 0x31, 0xC5, 0xD9, 0x15, 0x01, 0x0C, 0xA2, 0x39, 0x00, 0x72,
    0xDD, 0x0D, 0x3C, 0xA1, 0xD0, 0x37, 0x00, 0x43, 0x03, 0x25, 0xDE, 0x01, 0x34, 0x27, 0x00, 0x06,
    0xFA, 0x00, 0x00, 0xFA, 0x06, 0x06, 0xFA, 0x00, 0x00, 0xFA, 0x06, 0x06, 0xFA, 0x00, 0x00, 0xFA,
    0x06, 0x06, 0xFF, 0x00, 0x00, 0xFF, 0x06, 0x06, 0xFF, 0xCB, 0xBE, 0xFF, 0x06, 0x06, 0xF6, 0x00,
    0x00, 0x00, 0x00, 0x06, 0xFA, 0x00, 0x00, 0x00, 0x00, 0x06, 0xC3, 0xFF, 0xF7, 0xFF, 0x12, 0x96,
    0xFF, 0xFF, 0xA2, 0xDC, 0x12, 0xB5, 0xFF, 0xFF, 0xA2, 0xDC, 0x12, 0x2A, 0xFF, 0xFF, 0xA2, 0xDC,
    0x12, 0x00, 0x15, 0xB8, 0xA2, 0xDC, 0x12, 0x00, 0x00, 0x72, 0xA2, 0xDC, 0x12, 0x00, 0x00, 0x72,
    0xA2, 0xDC, 0x12, 0x00, 0x00, 0x72, 0xA2, 0xDC, 0x12, 0x00, 0x00, 0x0C, 0x10, 0x1C, 0x01, 0x01,
    0x01, 0xCE, 0xCB, 0x27, 0x25, 0x16, 0x18, 0x00, 0x3F, 0xAB, 0x1F, 0x9A, 0xB5, 0x18, 0x3F, 0xD7,
    0xBA, 0x00, 0x0F, 0x3D, 0xBA, 0x00, 0x00, 0x3C, 0xBA, 0x00, 0x2D, 0xB9, 0xED, 0x57, 0x39, 0xC1,
    0xC3, 0x37, 0xA8, 0x39, 0x3C, 0xA8, 0xA8, 0x3A, 0x3C, 0xA6, 0x3A, 0xC5, 0xC5, 0x37, 0x2D, 0x3F,
    0x00, 0x6C, 0x00, 0x00, 0x0F, 0xDD, 0x7C, 0xBE, 0xAD, 0x04, 0x00, 0x2E, 0xFF, 0x01, 0xFF, 0x5D,
    0x1B, 0xE7, 0x5A, 0xBC, 0xA8, 0x00, 0x21, 0x27, 0x00, 0x48, 0x00, 0x00, 0x07, 0x60, 0x00, 0x00,
    0x01, 0x4B, 0x79, 0xE6, 0x00, 0x00, 0x8E, 0x85, 0x00, 0xC8, 0x00, 0x15, 0xD2, 0x00, 0x6A, 0xCA,
    0x8E, 0x3A, 0x34, 0x00, 0x00, 0x61, 0x4E, 0x01, 0xD3, 0x8D, 0x06, 0xDA, 0x06, 0x93, 0x90, 0x90,
    0x9F, 0x75, 0x00, 0xA7, 0xB9, 0xBB, 0x3C, 0x00, 0x00, 0x00, 0x13, 0x1F, 0x72, 0xDA, 0x00, 0x00,
    0x1F, 0xB2, 0x27, 0xC8, 0x00, 0x00, 0xAC, 0x45, 0x00, 0xC8, 0x00, 0x21, 0xC9, 0x00, 0x6A, 0xEE,
    0xA6, 0xA9, 0xD9, 0x5E, 0x00, 0xC6, 0x24, 0x34, 0x36, 0xB0, 0x46, 0xAA, 0x00, 0x25, 0xBC, 0x1C,
    0xAC, 0x1C, 0x00, 0xBD, 0xA0, 0x87, 0x73, 0xAC, 0x51, 0x00, 0x1E, 0xAB, 0x2B, 0x16, 0xB7, 0x00,
    0xAB, 0x45, 0x00, 0xB6, 0x87, 0x24, 0xC6, 0x00, 0x75, 0xAF, 0x7F, 0x37, 0x33, 0x06, 0x00, 0x6A,
    0x51, 0x03, 0xD9, 0x90, 0x06, 0xDA, 0x04, 0x97, 0x8B, 0x90, 0xA0, 0x72, 0x00, 0xA7, 0xB9, 0xBB,
    0x3C, 0x00, 0x00, 0x00, 0x13, 0x1F, 0x00, 0x00, 0xAC, 0xFD, 0x00, 0x00, 0x00, 0x00, 0x22, 0x48,
    0x00, 0x00, 0x00, 0x00, 0x24, 0x75, 0x00, 0x00, 0x00, 0x19, 0xAC, 0xC3, 0x00, 0x00, 0x00, 0xF6,
    0x57, 0x06, 0x00, 0x00, 0x0F, 0xFF, 0x00, 0x00, 0xA0, 0x16, 0x00, 0xB2, 0xF6, 0xE9, 0xB8, 0x00,
    0x00, 0x04, 0xB5, 0x00, 0x00, 0x00, 0x00, 0x00, 0x9D, 0x5A, 0x00, 0x00, 0x00, 0x00, 0x00, 0x00,
    0x00, 0x00, 0x00, 0x00, 0xDD, 0xDF, 0x00, 0x00, 0x00, 0x0F, 0xE7, 0xEB, 0x12, 0x00, 0x00, 0x78,
    0xAF, 0xB4, 0x7C, 0x00, 0x00, 0xC5, 0x3D, 0x43, 0xC9, 0x00, 0x03, 0xFF, 0xDC, 0xDC, 0xFF, 0x04,
    0x58, 0xBB, 0x00, 0x00, 0xC0, 0x5D, 0xAB, 0x7B, 0x00, 0x00, 0x7C, 0xAF, 0x00, 0x00, 0x00, 0xB5,
    0x04, 0x00, 0x00, 0x00, 0x5B, 0x9D, 0x00, 0x00, 0x00, 0x00, 0x00, 0x00, 0x00, 0x00, 0x00, 0x00,
    0xDD, 0xDF, 0x00, 0x00, 0x00, 0x0F, 0xE7, 0xEB, 0x12, 0x00, 0x00, 0x78, 0xAF, 0xB4, 0x7C, 0x00,
    0x00, 0xC5, 0x3D, 0x43, 0xC9, 0x00, 0x03, 0xFF, 0xDC, 0xDC, 0xFF, 0x04, 0x58, 0xBB, 0x00, 0x00,
    0xC0, 0x5D, 0xAB, 0x7B, 0x00, 0x00, 0x7C, 0xAF, 0x00, 0x00, 0x81, 0x7F, 0x00, 0x00, 0x00, 0x6F,
    0xA0, 0xAB, 0x6F, 0x00, 0x00, 0x00, 0x00, 0x00, 0x00, 0x00, 0x00, 0x00, 0xDD, 0xDF, 0x00, 0x00,
    0x00, 0x0F, 0xE7, 0xEB, 0x12, 0x00, 0x00, 0x78, 0xAF, 0xB4, 0x7C, 0x00, 0x00, 0xC5, 0x3D, 0x43,
    0xC9, 0x00, 0x03, 0xFF, 0xDC, 0xDC, 0xFF, 0x04, 0x58, 0xBB, 0x00, 0x00, 0xC0, 0x5D, 0xAB, 0x7B,
    0x00, 0x00, 0x7C, 0xAF, 0x00, 0x4B, 0xA5, 0x18, 0x1B, 0x00, 0x00, 0x76, 0xA8, 0xFF, 0xA8, 0x00,
    0x00, 0x00, 0x00, 0x00, 0x00, 0x00, 0x00, 0x00, 0xDD, 0xDF, 0x00, 0x00, 0x00, 0x0F, 0xE7, 0xEB,
    0x12, 0x00, 0x00, 0x78, 0xAF, 0xB4, 0x7C, 0x00, 0x00, 0xC5, 0x3D, 0x43, 0xC9, 0x00, 0x03, 0xFF,
    0xDC, 0xDC, 0xFF, 0x04, 0x58, 0xBB, 0x00, 0x00, 0xC0, 0x5D, 0xAB, 0x7B, 0x00, 0x00, 0x7C, 0xAF,
    0x00, 0x90, 0xA1, 0xA3, 0x8D, 0x00, 0x00, 0x00, 0x00, 0x00, 0x00, 0x00, 0x00, 0x00, 0xDD, 0xDF,
    0x00, 0x00, 0x00, 0x0F, 0xE7, 0xEB, 0x12, 0x00, 0x00, 0x78, 0xAF, 0xB4, 0x7C, 0x00, 0x00, 0xC5,
    0x3D, 0x43, 0xC9, 0x00, 0x03, 0xFF, 0xDC, 0xDC, 0xFF, 0x04, 0x58, 0xBB, 0x00, 0x00, 0xC0, 0x5D,
    0xAB, 0x7B, 0x00, 0x00, 0x7C, 0xAF, 0x00, 0x00, 0x69, 0x69, 0x00, 0x00, 0x00, 0x24, 0xA2, 0xA1,
    0x21, 0x00, 0x00, 0x0C, 0xC1, 0xC1, 0x09, 0x00, 0x00, 0x00, 0x00, 0x00, 0x00, 0x00, 0x00, 0x00,
    0xDD, 0xDF, 0x00, 0x00, 0x00, 0x0F, 0xE7, 0xEB, 0x12, 0x00, 0x00, 0x78, 0xAF, 0xB4, 0x7C, 0x00,
    0x00, 0xC5, 0x3D, 0x43, 0xC9, 0x00, 0x03, 0xFF, 0xDC, 0xDC, 0xFF, 0x04, 0x58, 0xBB, 0x00, 0x00,
    0xC0, 0x5D, 0xAB, 0x7B, 0x00, 0x00, 0x7C, 0xAF, 0x00, 0x00, 0xFF, 0xFF, 0xD2, 0x94, 0x00, 0x43,
    0xB4, 0xFF, 0x00, 0x00, 0x00, 0xB5, 0x67, 0xFF, 0x00, 0x00, 0x00, 0xE4, 0x09, 0xFF, 0xD2, 0x79,
    0x1B, 0xFF, 0xD2, 0xFF, 0x00, 0x00, 0x88, 0xA2, 0x00, 0xFF, 0x00, 0x00, 0xCF, 0x42, 0x00, 0xFF,
    0xD2, 0x94, 0x00, 0x63, 0xE8, 0xE1, 0xBB, 0x03, 0x07, 0xFF, 0x12, 0x00, 0xA5, 0x37, 0x4B, 0xCD,
    0x00, 0x00, 0x00, 0x00, 0x67, 0xBE, 0x00, 0x00, 0x00, 0x00, 0x4B, 0xCD, 0x00, 0x00, 0x00, 0x00,
    0x06, 0xFF, 0x12, 0x00, 0xA3, 0x37, 0x00, 0x5A, 0xDD, 0xE3, 0xBE, 0x03, 0x00, 0x00, 0x3A, 0xB8,
    0x24, 0x00, 0x00, 0x00, 0x85, 0xB5, 0x2B, 0x00, 0x00, 0x01, 0xB7, 0x03, 0x00, 0x00, 0x00, 0x00,
    0x8B, 0x6D, 0x00, 0x00, 0x00, 0x00, 0x00, 0x00, 0x00, 0x00, 0x24, 0xFF, 0xDC, 0xDC, 0xDC, 0x34,
    0x24, 0xEB, 0x00, 0x00, 0x00, 0x00, 0x24, 0xEB, 0x00, 0x00, 0x00, 0x00, 0x24, 0xFF, 0xDC, 0xDC,
    0xDC, 0x13, 0x24, 0xEB, 0x00, 0x00, 0x00, 0x00, 0x24, 0xEB, 0x00, 0x00, 0x00, 0x00, 0x24, 0xFF,
    0xDC, 0xDC, 0xDC, 0x34, 0x00, 0x00, 0x00, 0xB4, 0x0C, 0x00, 0x00, 0x00, 0x48, 0xB4, 0x00, 0x00,
    0x00, 0x00, 0x00, 0x00, 0x00, 0x00, 0x24, 0xFF, 0xDC, 0xDC, 0xDC, 0x34, 0x24, 0xEB, 0x00, 0x00,
    0x00, 0x00, 0x24, 0xEB, 0x00, 0x00, 0x00, 0x00, 0x24, 0xFF, 0xDC, 0xDC, 0xDC, 0x13, 0x24, 0xEB,
    0x00, 0x00, 0x00, 0x00, 0x24, 0xEB, 0x00, 0x00, 0x00, 0x00, 0x24, 0xFF, 0xDC, 0xDC, 0xDC, 0x34,
    0x00, 0x00, 0x78, 0x88, 0x00, 0x00, 0x00, 0x61, 0xB4, 0x9A, 0x7E, 0x00, 0x00, 0x00, 0x00, 0x00,
    0x00, 0x00, 0x24, 0xFF, 0xDC, 0xDC, 0xDC, 0x34, 0x24, 0xEB, 0x00, 0x00, 0x00, 0x00, 0x24, 0xEB,
    0x00, 0x00, 0x00, 0x00, 0x24, 0xFF, 0xDC, 0xDC, 0xDC, 0x13, 0x24, 0xEB, 0x00, 0x00, 0x00, 0x00,
    0x24, 0xEB, 0x00, 0x00, 0x00, 0x00, 0x24, 0xFF, 0xDC, 0xDC, 0xDC, 0x34, 0x00, 0x7E, 0xB1, 0xB2,
    0xA0, 0x00, 0x00, 0x00, 0x00, 0x00, 0x00, 0x00, 0x24, 0xFF, 0xDC, 0xDC, 0xDC, 0x34, 0x24, 0xEB,
    0x00, 0x00, 0x00, 0x00, 0x24, 0xEB, 0x00, 0x00, 0x00, 0x00, 0x24, 0xFF, 0xDC, 0xDC, 0xDC, 0x13,
    0x24, 0xEB, 0x00, 0x00, 0x00, 0x00, 0x24, 0xEB, 0x00, 0x00, 0x00, 0x00, 0x24, 0xFF, 0xDC, 0xDC,
    0xDC, 0x34, 0x00, 0x04, 0xB5, 0x00, 0x00, 0x00, 0x00, 0x00, 0x9D, 0x5A, 0x00, 0x00, 0x00, 0x00,
    0x00, 0x00, 0x00, 0x00, 0x25, 0xCD, 0xFC, 0xFC, 0xCD, 0x25, 0x00, 0x00, 0xA2, 0xA2, 0x00, 0x00,
    0x00, 0x00, 0xA2, 0xA2, 0x00, 0x00, 0x00, 0x00, 0xA2, 0xA2, 0x00, 0x00, 0x00, 0x00, 0xA2, 0xA2,
    0x00, 0x00, 0x00, 0x00, 0xA2, 0xA2, 0x00, 0x00, 0x25, 0xCD, 0xFC, 0xFC, 0xCD, 0x25, 0x00, 0x00,
    0x00, 0xB5, 0x04, 0x00, 0x00, 0x00, 0x5B, 0x9D, 0x00, 0x00, 0x00, 0x00, 0x00, 0x00, 0x00, 0x00,
    0x25, 0xCD, 0xFC, 0xFC, 0xCD, 0x25, 0x00, 0x00, 0xA2, 0xA2, 0x00, 0x00, 0x00, 0x00, 0xA2, 0xA2,
    0x00, 0x00, 0x00, 0x00, 0xA2, 0xA2, 0x00, 0x00, 0x00, 0x00, 0xA2, 0xA2, 0x00, 0x00, 0x00, 0x00,
    0xA2, 0xA2, 0x00, 0x00, 0x25, 0xCD, 0xFC, 0xFC, 0xCD, 0x25, 0x00, 0x00, 0x81, 0x7F, 0x00, 0x00,
    0x00, 0x6F, 0xA0, 0xAB, 0x6F, 0x00, 0x00, 0x00, 0x00, 0x00, 0x00, 0x00, 0x25, 0xCD, 0xFC, 0xFC,
    0xCD, 0x25, 0x00, 0x00, 0xA2, 0xA2, 0x00, 0x00, 0x00, 0x00, 0xA2, 0xA2, 0x00, 0x00, 0x00, 0x00,
    0xA2, 0xA2, 0x00, 0x00, 0x00, 0x00, 0xA2, 0xA2, 0x00, 0x00, 0x00, 0x00, 0xA2, 0xA2, 0x00, 0x00,
    0x25, 0xCD, 0xFC, 0xFC, 0xCD, 0x25, 0x00, 0x90, 0xA1, 0xA3, 0x8D, 0x00, 0x00, 0x00, 0x00, 0x00,
    0x00, 0x00, 0x25, 0xCD, 0xFC, 0xFC, 0xCD, 0x25, 0x00, 0x00, 0xA2, 0xA2, 0x00, 0x00, 0x00, 0x00,
    0xA2, 0xA2, 0x00, 0x00, 0x00, 0x00, 0xA2, 0xA2, 0x00, 0x00, 0x00, 0x00, 0xA2, 0xA2, 0x00, 0x00,
    0x00, 0x00, 0xA2, 0xA2, 0x00, 0x00, 0x25, 0xCD, 0xFC, 0xFC, 0xCD, 0x25, 0x00, 0xFF, 0xDC, 0xE9,
    0x8D, 0x00, 0x00, 0xFF, 0x00, 0x06, 0xF3, 0x24, 0x00, 0xFF, 0x00, 0x00, 0xA0, 0x7F, 0xB1, 0xFF,
    0xBE, 0x3C, 0xAE, 0x9D, 0x00, 0xFF, 0x00, 0x00, 0xA0, 0x7F, 0x00, 0xFF, 0x00, 0x06, 0xF5, 0x25,
    0x00, 0xFF, 0xDC, 0xEB, 0x91, 0x00, 0x00, 0x4B, 0xA5, 0x18, 0x1B, 0x00, 0x00, 0x76, 0xA8, 0xFF,
    0xA8, 0x00, 0x00, 0x00, 0x00, 0x00, 0x00, 0x00, 0x4E, 0xFF, 0x46, 0x00, 0xB4, 0x4E, 0x4E, 0xFA,
    0xBC, 0x00, 0xB4, 0x4E, 0x4E, 0xB4, 0xF2, 0x12, 0xB4, 0x4E, 0x4E, 0xB4, 0x9C, 0x9A, 0xB4, 0x4E,
    0x4E, 0xB4, 0x13, 0xF2, 0xB4, 0x4E, 0x4E, 0xB4, 0x00, 0xBE, 0xFA, 0x4E, 0x4E, 0xB4, 0x00, 0x48,
    0xFF, 0x4E, 0x00, 0x04, 0xB5, 0x00, 0x00, 0x00, 0x00, 0x00, 0x9D, 0x5A, 0x00, 0x00, 0x00, 0x00,
    0x00, 0x00, 0x00, 0x00, 0x00, 0x9A, 0xE6, 0xE7, 0x97, 0x00, 0x28, 0xED, 0x03, 0x03, 0xF0, 0x27,
    0x82, 0xBB, 0x00, 0x00, 0xBE, 0x82, 0x9F, 0xAE, 0x00, 0x00, 0xAE, 0x9D, 0x84, 0xBB, 0x00, 0x00,
    0xBE, 0x84, 0x2A, 0xEB, 0x01, 0x03, 0xEE, 0x28, 0x00, 0x9C, 0xE3, 0xE4, 0x9A, 0x00, 0x00, 0x00,
    0x00, 0xB5, 0x04, 0x00, 0x00, 0x00, 0x5B, 0x9D, 0x00, 0x00, 0x00, 0x00, 0x00, 0x00, 0x00, 0x00,
    0x00, 0x9A, 0xE6, 0xE7, 0x97, 0x00, 0x28, 0xED, 0x03, 0x03, 0xF0, 0x27, 0x82, 0xBB, 0x00, 0x00,
    0xBE, 0x82, 0x9F, 0xAE, 0x00, 0x00, 0xAE, 0x9D, 0x84, 0xBB, 0x00, 0x00, 0xBE, 0x84, 0x2A, 0xEB,
    0x01, 0x03, 0xEE, 0x28, 0x00, 0x9C, 0xE3, 0xE4, 0x9A, 0x00, 0x00, 0x00, 0x9A, 0x9A, 0x00, 0x00,
    0x00, 0x75, 0x94, 0x9F, 0x75, 0x00, 0x00, 0x00, 0x00, 0x00, 0x00, 0x00, 0x00, 0x9A, 0xE6, 0xE7,
    0x97, 0x00, 0x28, 0xED, 0x03, 0x03, 0xF0, 0x27, 0x82, 0xBB, 0x00, 0x00, 0xBE, 0x82, 0x9F, 0xAE,
    0x00, 0x00, 0xAE, 0x9D, 0x84, 0xBB, 0x00, 0x00, 0xBE, 0x84, 0x2A, 0xEB, 0x01, 0x03, 0xEE, 0x28,
    0x00, 0x9C, 0xE3, 0xE4, 0x9A, 0x00, 0x00, 0x4B, 0xA5, 0x18, 0x1B, 0x00, 0x00, 0x76, 0xA8, 0xFF,
    0xA8, 0x00, 0x00, 0x00, 0x00, 0x00, 0x00, 0x00, 0x00, 0x9A, 0xE6, 0xE7, 0x97, 0x00, 0x28, 0xED,
    0x03, 0x03, 0xF0, 0x27, 0x82, 0xBB, 0x00, 0x00, 0xBE, 0x82, 0x9F, 0xAE, 0x00, 0x00, 0xAE, 0x9D,
    0x84, 0xBB, 0x00, 0x00, 0xBE, 0x84, 0x2A, 0xEB, 0x01, 0x03, 0xEE, 0x28, 0x00, 0x9C, 0xE3, 0xE4,
    0x9A, 0x00, 0x00, 0x90, 0xA1, 0xA3, 0x8D, 0x00, 0x00, 0x00, 0x00, 0x00, 0x00, 0x00, 0x00, 0x9A,
    0xE6, 0xE7, 0x97, 0x00, 0x28, 0xED, 0x03, 0x03, 0xF0, 0x27, 0x82, 0xBB, 0x00, 0x00, 0xBE, 0x82,
    0x9F, 0xAE, 0x00, 0x00, 0xAE, 0x9D, 0x84, 0xBB, 0x00, 0x00, 0xBE, 0x84, 0x2A, 0xEB, 0x01, 0x03,
    0xEE, 0x28, 0x00, 0x9C, 0xE3, 0xE4, 0x9A, 0x00, 0x04, 0xBB, 0x10, 0x10, 0xBA, 0x04, 0x00, 0x4F,
    0xDE, 0xDE, 0x4E, 0x00, 0x00, 0x21, 0xE9, 0xE9, 0x1F, 0x00, 0x04, 0xE1, 0x37, 0x37, 0xDF, 0x04,
    0x00, 0x06, 0x00, 0x00, 0x06, 0x00, 0x00, 0x00, 0x00, 0x00, 0x12, 0x18, 0x00, 0x9A, 0xE6, 0xEE,
    0xFA, 0x60, 0x28, 0xED, 0x03, 0x45, 0xFF, 0x2A, 0x82, 0xBB, 0x00, 0xD7, 0xAF, 0x84, 0x9F, 0xAE,
    0x8E, 0x8D, 0xAE, 0x9D, 0x85, 0xAF, 0xD7, 0x00, 0xBE, 0x82, 0x2B, 0xFF, 0x43, 0x03, 0xEE, 0x28,
    0x5E, 0xFA, 0xED, 0xE4, 0x9A, 0x00, 0x19, 0x12, 0x00, 0x00, 0x00, 0x00, 0x00, 0x04, 0xB5, 0x00,
    0x00, 0x00, 0x00, 0x00, 0x9D, 0x5A, 0x00, 0x00, 0x00, 0x00, 0x00, 0x00, 0x00, 0x00, 0x4E, 0xCD,
    0x00, 0x00, 0xCD, 0x4E, 0x4E, 0xCD, 0x00, 0x00, 0xCD, 0x4E, 0x4E, 0xCD, 0x00, 0x00, 0xCD, 0x4E,
    0x4E, 0xCD, 0x00, 0x00, 0xCD, 0x4C, 0x42, 0xCF, 0x00, 0x00, 0xD0, 0x40, 0x16, 0xF7, 0x00, 0x00,
    0xF7, 0x16, 0x00, 0xB7, 0xEE, 0xF0, 0xB7, 0x00, 0x00, 0x00, 0x00, 0xB5, 0x04, 0x00, 0x00, 0x00,
    0x5B, 0x9D, 0x00, 0x00, 0x00, 0x00, 0x00, 0x00, 0x00, 0x00, 0x4E, 0xCD, 0x00, 0x00, 0xCD, 0x4E,
    0x4E, 0xCD, 0x00, 0x00, 0xCD, 0x4E, 0x4E, 0xCD, 0x00, 0x00, 0xCD, 0x4E, 0x4E, 0xCD, 0x00, 0x00,
    0xCD, 0x4C, 0x42, 0xCF, 0x00, 0x00, 0xD0, 0x40, 0x16, 0xF7, 0x00, 0x00, 0xF7, 0x16, 0x00, 0xB7,
    0xEE, 0xF0, 0xB7, 0x00, 0x00, 0x00, 0x81, 0x7F, 0x00, 0x00, 0x00, 0x6F, 0xA0, 0xAB, 0x6F, 0x00,
    0x00, 0x00, 0x00, 0x00, 0x00, 0x00, 0x4E, 0xCD, 0x00, 0x00, 0xCD, 0x4E, 0x4E, 0xCD, 0x00, 0x00,
    0xCD, 0x4E, 0x4E, 0xCD, 0x00, 0x00, 0xCD, 0x4E, 0x4E, 0xCD, 0x00, 0x00, 0xCD, 0x4C, 0x42, 0xCF,
    0x00, 0x00, 0xD0, 0x40, 0x16, 0xF7, 0x00, 0x00, 0xF7, 0x16, 0x00, 0xB7, 0xEE, 0xF0, 0xB7, 0x00,
    0x00, 0x90, 0xA1, 0xA3, 0x8D, 0x00, 0x00, 0x00, 0x00, 0x00, 0x00, 0x00, 0x4E, 0xCD, 0x00, 0x00,
    0xCD, 0x4E, 0x4E, 0xCD, 0x00, 0x00, 0xCD, 0x4E, 0x4E, 0xCD, 0x00, 0x00, 0xCD, 0x4E, 0x4E, 0xCD,
    0x00, 0x00, 0xCD, 0x4C, 0x42, 0xCF, 0x00, 0x00, 0xD0, 0x40, 0x16, 0xF7, 0x00, 0x00, 0xF7, 0x16,
    0x00, 0xB7, 0xEE, 0xF0, 0xB7, 0x00, 0x00, 0x00, 0x00, 0xB5, 0x04, 0x00, 0x00, 0x00, 0x5B, 0x9D,
    0x00, 0x00, 0x00, 0x00, 0x00, 0x00, 0x00, 0x00, 0xAF, 0x99, 0x00, 0x00, 0x94, 0xAD, 0x16, 0xFF,
    0x10, 0x0F, 0xFF, 0x16, 0x00, 0x9F, 0xBB, 0xBA, 0x9D, 0x00, 0x00, 0x04, 0xF8, 0xF7, 0x04, 0x00,
    0x00, 0x00, 0xA8, 0xA8, 0x00, 0x00, 0x00, 0x00, 0xA2, 0xA2, 0x00, 0x00, 0x00, 0x00, 0xA2, 0xA2,
    0x00, 0x00, 0x24, 0xEB, 0x00, 0x00, 0x00, 0x00, 0x24, 0xEB, 0x00, 0x00, 0x00, 0x00, 0x24, 0xFF,
    0xDC, 0xE3, 0xB6, 0x06, 0x24, 0xEB, 0x00, 0x00, 0xAF, 0x81, 0x24, 0xEB, 0x00, 0x00, 0xAC, 0x81,
    0x24, 0xFF, 0xDC, 0xE2, 0xB6, 0x06, 0x24, 0xEB, 0x00, 0x00, 0x00, 0x00, 0xD7, 0xCB, 0x82, 0x00,
    0x00, 0xFD, 0x00, 0x00, 0x00, 0x00, 0xFF, 0xD2, 0xD2, 0xFF, 0x58, 0xFF, 0x00, 0x34, 0xDA, 0x01,
    0xFF, 0x06, 0xE3, 0x28, 0x00, 0xFF, 0x42, 0xE1, 0xB5, 0x1E, 0xFF, 0x00, 0x00, 0x67, 0xC0, 0x00,
    0x00, 0x00, 0x5A, 0xC1, 0x00, 0x8A, 0xCA, 0xD0, 0x27, 0x00, 0x1F, 0xA3, 0x00, 0x00, 0x00, 0x00,
    0x00, 0xB2, 0x27, 0x00, 0x00, 0x00, 0x00, 0x00, 0x00, 0x00, 0x00, 0x07, 0xC3, 0xD7, 0xE4, 0x66,
    0x00, 0x03, 0x3C, 0x00, 0x1E, 0xEB, 0x00, 0x09, 0xA7, 0xB4, 0xB5, 0xFA, 0x00, 0x6D, 0xB1, 0x00,
    0x10, 0xFA, 0x00, 0x1B, 0xD7, 0xA5, 0xA2, 0xE8, 0x7E, 0x00, 0x00, 0x0F, 0xAF, 0x00, 0x00, 0x00,
    0x00, 0x94, 0x64, 0x00, 0x00, 0x00, 0x00, 0x00, 0x00, 0x00, 0x00, 0x07, 0xC3, 0xD7, 0xE4, 0x66,
    0x00, 0x03, 0x3C, 0x00, 0x1E, 0xEB, 0x00, 0x09, 0xA7, 0xB4, 0xB5, 0xFA, 0x00, 0x6D, 0xB1, 0x00,
    0x10, 0xFA, 0x00, 0x1B, 0xD7, 0xA5, 0xA2, 0xE8, 0x7E, 0x00, 0x12, 0xDE, 0xAA, 0x00, 0x00, 0x00,
    0xB2, 0x49, 0xB5, 0x4F, 0x00, 0x00, 0x00, 0x00, 0x00, 0x00, 0x00, 0x07, 0xC3, 0xD7, 0xE4, 0x66,
    0x00, 0x03, 0x3C, 0x00, 0x1E, 0xEB, 0x00, 0x09, 0xA7, 0xB4, 0xB5, 0xFA, 0x00, 0x6D, 0xB1, 0x00,
    0x10, 0xFA, 0x00, 0x1B, 0xD7, 0xA5, 0xA2, 0xE8, 0x7E, 0x00, 0xA6, 0xD2, 0x4B, 0x36, 0x00, 0x00,
    0x52, 0x78, 0xE8, 0x51, 0x00, 0x00, 0x00, 0x00, 0x00, 0x00, 0x00, 0x07, 0xC3, 0xD7, 0xE4, 0x66,
    0x00, 0x03, 0x3C, 0x00, 0x1E, 0xEB, 0x00, 0x09, 0xA7, 0xB4, 0xB5, 0xFA, 0x00, 0x6D, 0xB1, 0x00,
    0x10, 0xFA, 0x00, 0x1B, 0xD7, 0xA5, 0xA2, 0xE8, 0x7E, 0x00, 0x00, 0x00, 0x00, 0x00, 0x00, 0x00,
    0xAB, 0x8A, 0xD4, 0x58, 0x00, 0x00, 0x00, 0x00, 0x00, 0x00, 0x00, 0x07, 0xC3, 0xD7, 0xE4, 0x66,
    0x00, 0x03, 0x3C, 0x00, 0x1E, 0xEB, 0x00, 0x09, 0xA7, 0xB4, 0xB5, 0xFA, 0x00, 0x6D, 0xB1, 0x00,
    0x10, 0xFA, 0x00, 0x1B, 0xD7, 0xA5, 0xA2, 0xE8, 0x7E, 0x00, 0x00, 0x82, 0x4E, 0x00, 0x00, 0x00,
    0x5D, 0x88, 0xBB, 0x00, 0x00, 0x00, 0x2A, 0xBF, 0xB0, 0x00, 0x00, 0x00, 0x00, 0x00, 0x00, 0x00,
    0x00, 0x07, 0xC3, 0xD7, 0xE4, 0x66, 0x00, 0x03, 0x3C, 0x00, 0x1E, 0xEB, 0x00, 0x09, 0xA7, 0xB4,
    0xB5, 0xFA, 0x00, 0x6D, 0xB1, 0x00, 0x10, 0xFA, 0x00, 0x1B, 0xD7, 0xA5, 0xA2, 0xE8, 0x7E, 0x96,
    0xC0, 0xBF, 0xB1, 0xC4, 0x6F, 0x2E, 0x00, 0xA5, 0x70, 0x00, 0xC6, 0x72, 0xBA, 0xF2, 0xCD, 0xAA,
    0xBA, 0xEC, 0x00, 0xA3, 0x8A, 0x00, 0x48, 0xB0, 0xC4, 0x87, 0xD5, 0xD0, 0x72, 0x00, 0x72, 0xDD,
    0xDF, 0xBE, 0x00, 0x07, 0xFA, 0x04, 0x00, 0x5A, 0x01, 0x2E, 0xE1, 0x00, 0x00, 0x00, 0x00, 0x0A,
    0xFC, 0x03, 0x00, 0x5E, 0x07, 0x00, 0x7E, 0xE4, 0xE2, 0xAF, 0x00, 0x00, 0x00, 0x46, 0xB5, 0x1B,
    0x00, 0x00, 0x00, 0x8E, 0xB5, 0x21, 0x00, 0x00, 0x03, 0xB7, 0x01, 0x00, 0x00, 0x00, 0x00, 0x97,
    0x61, 0x00, 0x00, 0x00, 0x00, 0x00, 0x00, 0x00, 0x00, 0x00, 0x94, 0xD5, 0xD0, 0xA0, 0x00, 0x2E,
    0xE1, 0x00, 0x00, 0xDA, 0x36, 0x6D, 0xFF, 0xBE, 0xBE, 0xDF, 0x5E, 0x30, 0xD0, 0x00, 0x00, 0x54,
    0x06, 0x00, 0x97, 0xD7, 0xDF, 0xB9, 0x01, 0x00, 0x00, 0x00, 0xB6, 0x07, 0x00, 0x00, 0x00, 0x54,
    0xA9, 0x00, 0x00, 0x00, 0x00, 0x00, 0x00, 0x00, 0x00, 0x00, 0x94, 0xD5, 0xD0, 0xA0, 0x00, 0x2E,
    0xE1, 0x00, 0x00, 0xDA, 0x36, 0x6D, 0xFF, 0xBE, 0xBE, 0xDF, 0x5E, 0x30, 0xD0, 0x00, 0x00, 0x54,
    0x06, 0x00, 0x97, 0xD7, 0xDF, 0xB9, 0x01, 0x00, 0x01, 0xC6, 0xCB, 0x03, 0x00, 0x00, 0x82, 0x7E,
    0x75, 0x8B, 0x00, 0x00, 0x00, 0x00, 0x00, 0x00, 0x00, 0x00, 0x94, 0xD5, 0xD0, 0xA0, 0x00, 0x2E,
    0xE1, 0x00, 0x00, 0xDA, 0x36, 0x6D, 0xFF, 0xBE, 0xBE, 0xDF, 0x5E, 0x30, 0xD0, 0x00, 0x00, 0x54,
    0x06, 0x00, 0x97, 0xD7, 0xDF, 0xB9, 0x01, 0x00, 0x00, 0x00, 0x00, 0x00, 0x00, 0x00, 0x8D, 0xAB,
    0xA1, 0x99, 0x00, 0x00, 0x00, 0x00, 0x00, 0x00, 0x00, 0x00, 0x94, 0xD5, 0xD0, 0xA0, 0x00, 0x2E,
    0xE1, 0x00, 0x00, 0xDA, 0x36, 0x6D, 0xFF, 0xBE, 0xBE, 0xDF, 0x5E, 0x30, 0xD0, 0x00, 0x00, 0x54,
    0x06, 0x00, 0x97, 0xD7, 0xDF, 0xB9, 0x01, 0x00, 0xB2, 0x30, 0x00, 0x00, 0x00, 0x37, 0xA1, 0x00,
    0x00, 0x00, 0x00, 0x00, 0x00, 0x00, 0xC4, 0xD9, 0xE6, 0x00, 0x00, 0x00, 0x1E, 0xE6, 0x00, 0x00,
    0x00, 0x1E, 0xE6, 0x00, 0x00, 0x00, 0x1E, 0xE6, 0x00, 0x00, 0xBF, 0xD5, 0xFF, 0xCD, 0x6F, 0x00,
    0x00, 0x9C, 0x46, 0x00, 0x00, 0x06, 0xC9, 0x01, 0x00, 0x00, 0x00, 0x00, 0x00, 0x00, 0xC4, 0xD9,
    0xE6, 0x00, 0x00, 0x00, 0x1E, 0xE6, 0x00, 0x00, 0x00, 0x1E, 0xE6, 0x00, 0x00, 0x00, 0x1E, 0xE6,
    0x00, 0x00, 0xBF, 0xD5, 0xFF, 0xCD, 0x6F, 0x00, 0x88, 0xDE, 0x25, 0x00, 0x21, 0xBC, 0x37, 0xB4,
    0x00, 0x00, 0x00, 0x00, 0x00, 0x00, 0xC4, 0xD9, 0xE6, 0x00, 0x00, 0x00, 0x1E, 0xE6, 0x00, 0x00,
    0x00, 0x1E, 0xE6, 0x00, 0x00, 0x00, 0x1E, 0xE6, 0x00, 0x00, 0xBF, 0xD5, 0xFF, 0xCD, 0x6F, 0x00,
    0x00, 0x00, 0x00, 0x00, 0x28, 0xFF, 0x4F, 0xD9, 0x00, 0x00, 0x00, 0x00, 0x00, 0x00, 0xC4, 0xD9,
    0xE6, 0x00, 0x00, 0x00, 0x1E, 0xE6, 0x00, 0x00, 0x00, 0x1E, 0xE6, 0x00, 0x00, 0x00, 0x1E, 0xE6,
    0x00, 0x00, 0xBF, 0xD5, 0xFF, 0xCD, 0x6F, 0x00, 0x00, 0x00, 0x00, 0x07, 0x00, 0x00, 0x34, 0xD8,
    0xD9, 0x55, 0x00, 0x00, 0x0F, 0xB1, 0xA2, 0x7F, 0x00, 0x00, 0xB1, 0xDC, 0xBC, 0xFF, 0x06, 0x39,
    0xD5, 0x00, 0x00, 0xD7, 0x57, 0x75, 0xA5, 0x00, 0x00, 0xA6, 0x75, 0x39, 0xD7, 0x00, 0x00, 0xD7,
    0x39, 0x00, 0xA5, 0xD8, 0xDC, 0xB1, 0x00, 0x00, 0x72, 0xE3, 0x5A, 0x45, 0x00, 0x00, 0x45, 0x5D,
    0xDF, 0x82, 0x00, 0x00, 0x00, 0x00, 0x00, 0x00, 0x00, 0x06, 0xFF, 0xBB, 0xC9, 0xBB, 0x00, 0x06,
    0xFF, 0x00, 0x00, 0xFB, 0x0A, 0x06, 0xFA, 0x00, 0x00, 0xE6, 0x1E, 0x06, 0xFA, 0x00, 0x00, 0xE6,
    0x1E, 0x06, 0xFA, 0x00, 0x00, 0xE6, 0x1E, 0x00, 0x04, 0xB5, 0x00, 0x00, 0x00, 0x00, 0x00, 0x9D,
    0x5A, 0x00, 0x00, 0x00, 0x00, 0x00, 0x00, 0x00, 0x00, 0x00, 0xA3, 0xD7, 0xD5, 0x9F, 0x00, 0x37,
    0xD5, 0x00, 0x00, 0xD4, 0x33, 0x75, 0xA5, 0x00, 0x00, 0xA6, 0x73, 0x39, 0xD4, 0x00, 0x00, 0xD4,
    0x34, 0x00, 0xA6, 0xD7, 0xD7, 0xA2, 0x00, 0x00, 0x00, 0x00, 0xB5, 0x04, 0x00, 0x00, 0x00, 0x5B,
    0x9D, 0x00, 0x00, 0x00, 0x00, 0x00, 0x00, 0x00, 0x00, 0x00, 0xA3, 0xD7, 0xD5, 0x9F, 0x00, 0x37,
    0xD5, 0x00, 0x00, 0xD4, 0x33, 0x75, 0xA5, 0x00, 0x00, 0xA6, 0x73, 0x39, 0xD4, 0x00, 0x00, 0xD4,
    0x34, 0x00, 0xA6, 0xD7, 0xD7, 0xA2, 0x00, 0x00, 0x03, 0xC8, 0xCA, 0x01, 0x00, 0x00, 0x87, 0x75,
    0x7F, 0x87, 0x00, 0x00, 0x00, 0x00, 0x00, 0x00, 0x00, 0x00, 0xA3, 0xD7, 0xD5, 0x9F, 0x00, 0x37,
    0xD5, 0x00, 0x00, 0xD4, 0x33, 0x75, 0xA5, 0x00, 0x00, 0xA6, 0x73, 0x39, 0xD4, 0x00, 0x00, 0xD4,
    0x34, 0x00, 0xA6, 0xD7, 0xD7, 0xA2, 0x00, 0x00, 0x79, 0xE1, 0x57, 0x43, 0x00, 0x00, 0x48, 0x60,
    0xE2, 0x7E, 0x00, 0x00, 0x00, 0x00, 0x00, 0x00, 0x00, 0x00, 0xA3, 0xD7, 0xD5, 0x9F, 0x00, 0x37,
    0xD5, 0x00, 0x00, 0xD4, 0x33, 0x75, 0xA5, 0x00, 0x00, 0xA6, 0x73, 0x39, 0xD4, 0x00, 0x00, 0xD4,
    0x34, 0x00, 0xA6, 0xD7, 0xD7, 0xA2, 0x00, 0x00, 0x00, 0x00, 0x00, 0x00, 0x00, 0x00, 0x93, 0xA3,
    0xA6, 0x90, 0x00, 0x00, 0x00, 0x00, 0x00, 0x00, 0x00, 0x00, 0xA3, 0xD7, 0xD5, 0x9F, 0x00, 0x37,
    0xD5, 0x00, 0x00, 0xD4, 0x33, 0x75, 0xA5, 0x00, 0x00, 0xA6, 0x73, 0x39, 0xD4, 0x00, 0x00, 0xD4,
    0x34, 0x00, 0xA6, 0xD7, 0xD7, 0xA2, 0x00, 0x00, 0x00, 0xBE, 0xBE, 0x00, 0x00, 0x00, 0x00, 0x0D,
    0x0D, 0x00, 0x00, 0x5A, 0xC8, 0xC8, 0xC8, 0xC8, 0x5A, 0x00, 0x00, 0x00, 0x00, 0x00, 0x00, 0x00,
    0x00, 0xA2, 0xA2, 0x00, 0x00, 0x00, 0x00, 0x0D, 0x0D, 0x00, 0x00, 0x00, 0x00, 0x00, 0x00, 0x04,
    0x18, 0x00, 0xA9, 0xD9, 0xD7, 0xE3, 0x48, 0x39, 0xD5, 0x00, 0xA9, 0xFF, 0x34, 0x76, 0xA6, 0x8A,
    0x8A, 0xA6, 0x73, 0x39, 0xFF, 0xA8, 0x00, 0xD4, 0x34, 0x46, 0xE3, 0xD7, 0xD7, 0xA5, 0x00, 0x19,
    0x04, 0x00, 0x00, 0x00, 0x00, 0x00, 0x07, 0xB6, 0x00, 0x00, 0x00, 0x00, 0x00, 0xA9, 0x54, 0x00,
    0x00, 0x00, 0x00, 0x00, 0x00, 0x00, 0x00, 0x1E, 0xE6, 0x00, 0x00, 0xFA, 0x06, 0x1E, 0xE6, 0x00,
    0x00, 0xFA, 0x06, 0x1E, 0xE6, 0x00, 0x00, 0xFA, 0x06, 0x0A, 0xFF, 0x00, 0x00, 0xFF, 0x06, 0x00,
    0xA0, 0xEB, 0xB7, 0xFF, 0x06, 0x00, 0x00, 0x01, 0xB7, 0x03, 0x00, 0x00, 0x00, 0x61, 0x97, 0x00,
    0x00, 0x00, 0x00, 0x00, 0x00, 0x00, 0x00, 0x1E, 0xE6, 0x00, 0x00, 0xFA, 0x06, 0x1E, 0xE6, 0x00,
    0x00, 0xFA, 0x06, 0x1E, 0xE6, 0x00, 0x00, 0xFA, 0x06, 0x0A, 0xFF, 0x00, 0x00, 0xFF, 0x06, 0x00,
    0xA0, 0xEB, 0xB7, 0xFF, 0x06, 0x00, 0x01, 0xB7, 0xB5, 0x00, 0x00, 0x00, 0x88, 0x79, 0x8E, 0x7E,
    0x00, 0x00, 0x00, 0x00, 0x00, 0x00, 0x00, 0x1E, 0xE6, 0x00, 0x00, 0xFA, 0x06, 0x1E, 0xE6, 0x00,
    0x00, 0xFA, 0x06, 0x1E, 0xE6, 0x00, 0x00, 0xFA, 0x06, 0x0A, 0xFF, 0x00, 0x00, 0xFF, 0x06, 0x00,
    0xA0, 0xEB, 0xB7, 0xFF, 0x06, 0x00, 0x00, 0x00, 0x00, 0x00, 0x00, 0x00, 0x99, 0xBE, 0xAB, 0x8A,
    0x00, 0x00, 0x00, 0x00, 0x00, 0x00, 0x00, 0x1E, 0xE6, 0x00, 0x00, 0xFA, 0x06, 0x1E, 0xE6, 0x00,
    0x00, 0xFA, 0x06, 0x1E, 0xE6, 0x00, 0x00, 0xFA, 0x06, 0x0A, 0xFF, 0x00, 0x00, 0xFF, 0x06, 0x00,
    0xA0, 0xEB, 0xB7, 0xFF, 0x06, 0x00, 0x00, 0x00, 0xB5, 0x04, 0x00, 0x00, 0x00, 0x5B, 0x9D, 0x00,
    0x00, 0x00, 0x00, 0x00, 0x00, 0x00, 0x00, 0x64, 0xAF, 0x00, 0x00, 0xAB, 0x63, 0x00, 0xF3, 0x0C,
    0x0A, 0xF1, 0x00, 0x00, 0xA2, 0x8D, 0x87, 0xA2, 0x00, 0x00, 0x15, 0xE4, 0xE1, 0x15, 0x00, 0x00,
    0x00, 0xBB, 0xBB, 0x00, 0x00, 0x00, 0x00, 0xC3, 0x42, 0x00, 0x00, 0x2A, 0xC9, 0xBF, 0x00, 0x00,
    0x00, 0x12, 0xF0, 0x00, 0x00, 0x00, 0x00, 0x12, 0xF0, 0x00, 0x00, 0x00, 0x00, 0x12, 0xFD, 0xA2,
    0xE2, 0xBE, 0x00, 0x12, 0xFF, 0x00, 0x00, 0xC5, 0x5A, 0x12, 0xF0, 0x00, 0x00, 0xAE, 0x8E, 0x12,
    0xFF, 0x00, 0x00, 0xC5, 0x5A, 0x12, 0xFD, 0xBE, 0xE2, 0xBE, 0x00, 0x12, 0xF0, 0x00, 0x00, 0x00,
    0x00, 0x12, 0xF0, 0x00, 0x00, 0x00, 0x00, 0x00, 0x00, 0x00, 0x00, 0x00, 0x00, 0x00, 0x93, 0xA3,
    0xA6, 0x90, 0x00, 0x00, 0x00, 0x00, 0x00, 0x00, 0x00, 0x64, 0xAF, 0x00, 0x00, 0xAB, 0x63, 0x00,
    0xF3, 0x0C, 0x0A, 0xF1, 0x00, 0x00, 0xA2, 0x8D, 0x87, 0xA2, 0x00, 0x00, 0x15, 0xE4, 0xE1, 0x15,
    0x00, 0x00, 0x00, 0xBB, 0xBB, 0x00, 0x00, 0x00, 0x00, 0xC3, 0x42, 0x00, 0x00, 0x2A, 0xC9, 0xBF,
    0x00, 0x00, 0x00, 0x6D, 0xE1, 0xE1, 0xE1, 0xE1, 0x6D, 0xE1, 0xE1, 0xE1, 0xE1, 0xE1, 0xE1, 0x00,
    0x33, 0xCF, 0x00, 0xB4, 0xAF, 0x00, 0xB0, 0x45, 0x82, 0xFF, 0x00, 0xAD, 0x96, 0x00, 0xA0, 0x0C,
    0x00, 0x00, 0x61, 0xAB, 0x03, 0xFA, 0x00, 0x00, 0xDE, 0x7F, 0x75, 0xE7, 0x00, 0x0F, 0xC0, 0x27,
    0x9A, 0x82, 0x00, 0xB8, 0xDE, 0x21, 0xFF, 0x28, 0xDA, 0x61, 0x70, 0xCE, 0x00, 0xAE, 0x00, 0x69,
    0x43, 0x00, 0x19, 0x25, 0x1E, 0x1E, 0x25, 0x19, 0xB7, 0xC4, 0xAC, 0xAC, 0xC4, 0xB7, 0x00, 0x63,
    0xDE, 0xD8, 0xBE, 0x06, 0x07, 0xEC, 0x07, 0x00, 0x7B, 0x30, 0x49, 0xFF, 0xD2, 0xB7, 0x00, 0x00,
    0x67, 0xB4, 0x00, 0x00, 0x00, 0x00, 0x4B, 0xFF, 0xD2, 0xB7, 0x00, 0x00, 0x09, 0xED, 0x07, 0x00,
    0x78, 0x30, 0x00, 0x66, 0xE1, 0xD9, 0xC1, 0x06, 0x00, 0x0F, 0x64, 0x00, 0x00, 0x00, 0x0F, 0xDC,
    0x55, 0x00, 0x00, 0x00, 0xAF, 0xFF, 0xD4, 0xD7, 0xD7, 0xB8, 0x12, 0xDF, 0x51, 0x00, 0x00, 0x00,
    0x00, 0x12, 0x69, 0x00, 0x00, 0x00, 0x00, 0x00, 0x03, 0x00, 0x00, 0x00, 0x91, 0xF0, 0x12, 0x00,
    0x91, 0xC9, 0xDF, 0xDE, 0x12, 0x4C, 0x30, 0xB2, 0x40, 0x0C, 0x00, 0x30, 0xB4, 0x00, 0x00, 0x00,
    0x30, 0xB4, 0x00, 0x00, 0x00, 0x30, 0xB4, 0x00, 0x00, 0x00, 0x30, 0xB4, 0x00, 0x00, 0x00, 0x00,
    0x00, 0x63, 0x0F, 0x00, 0x00, 0x00, 0x00, 0x52, 0xDA, 0x0F, 0xB4, 0xD7, 0xD7, 0xD4, 0xFD, 0xB2,
    0x00, 0x00, 0x00, 0x4E, 0xDE, 0x13, 0x00, 0x00, 0x00, 0x67, 0x12, 0x00, 0x00, 0x2E, 0xB0, 0x00,
    0x00, 0x00, 0x30, 0xB4, 0x00, 0x00, 0x00, 0x30, 0xB4, 0x00, 0x00, 0x00, 0x30, 0xB4, 0x00, 0x00,
    0x46, 0x30, 0xB2, 0x3C, 0x0A, 0x97, 0xC3, 0xDC, 0xDF, 0x13, 0x00, 0x9C, 0xF8, 0x15, 0x00, 0x00,
    0x00, 0x04, 0x00, 0x00, 0x00, 0x2E, 0x48, 0x48, 0x2E, 0x00, 0x2D, 0xE7, 0x2B, 0x2B, 0xE7, 0x2D,
    0xF0, 0xE7, 0xD5, 0xD5, 0xE7, 0xEE, 0x33, 0xE8, 0x28, 0x28, 0xE8, 0x33, 0x00, 0x33, 0x4B, 0x4B,
    0x33, 0x00, 0x00, 0x00, 0x03, 0x00, 0x00, 0x00, 0x91, 0xF0, 0x12, 0x00, 0x91, 0xC9, 0xDF, 0xDE,
    0x12, 0x4C, 0x30, 0xB2, 0x40, 0x0C, 0x00, 0x30, 0xB4, 0x00, 0x00, 0x46, 0x30, 0xB2, 0x3C, 0x0A,
    0x97, 0xC3, 0xDC, 0xDF, 0x13, 0x00, 0x9C, 0xF8, 0x15, 0x00, 0x00, 0x00, 0x04, 0x00, 0x00, 0x00,
    0x6A, 0x9C, 0x8B, 0x00, 0x00, 0x9C, 0x00, 0xA2, 0x00, 0x00, 0x9C, 0x00, 0xA2, 0x00, 0x00, 0x9C,
    0x00, 0xA2, 0x00, 0x00, 0x9C, 0x00, 0xA2, 0x00, 0x40, 0xF5, 0x00, 0xCA, 0x75, 0x00, 0x42, 0xB0,
    0x6C, 0x00, 0x00, 0x00, 0x0C, 0x00, 0x00, 0x00, 0x00, 0x00, 0x0F, 0x9A, 0x00, 0x25, 0xC8, 0xC8,
    0xEC, 0xF7, 0x8E, 0x03, 0x18, 0x34, 0xCE, 0x18, 0x0D, 0x25, 0xC8, 0xF5, 0xED, 0xC8, 0x8E, 0x03,
    0x48, 0xBF, 0x18, 0x18, 0x0D, 0x00, 0x09, 0x07, 0x00, 0x00, 0x00, 0x10, 0x42, 0x42, 0x42, 0x42,
    0x42, 0x3C, 0x54, 0xFF, 0xFF, 0xFF, 0xFF, 0xFF, 0xF3, 0x04, 0x12, 0x12, 0x12, 0x12, 0x12, 0x10,
    0x60, 0xFF, 0xFF, 0xFF, 0xFF, 0xFF, 0xFF, 0x06, 0x18, 0x18, 0x18, 0x18, 0x18, 0x15, 0x60, 0xFF,
    0xFF, 0xFF, 0xFF, 0xFF, 0xFF, 0x00, 0x00, 0x00, 0x4C, 0xCD, 0x30, 0x01, 0x75, 0xDF, 0xB9, 0x3C,
    0x00, 0x36, 0xFF, 0x54, 0x00, 0x00, 0x00, 0x00, 0x40, 0xC3, 0xDF, 0x76, 0x03, 0x00, 0x00, 0x00,
    0x22, 0xA2, 0x2D, 0x28, 0xDC, 0xDC, 0xDC, 0xDC, 0x28, 0x31, 0xCD, 0x4C, 0x00, 0x00, 0x00, 0x00,
    0x42, 0xBE, 0xE1, 0x75, 0x01, 0x00, 0x00, 0x00, 0x51, 0xFF, 0x36, 0x01, 0x70, 0xDA, 0xC3, 0x40,
    0x00, 0x2D, 0xA2, 0x21, 0x00, 0x00, 0x00, 0x28, 0xDC, 0xDC, 0xDC, 0xDC, 0x28, 0x00, 0x00, 0x33,
    0xBC, 0xB4, 0x21, 0x00, 0x00, 0x09, 0xFD, 0x5E, 0x6F, 0xEE, 0x00, 0x00, 0x43, 0xC1, 0x00, 0x00,
    0xDF, 0x1B, 0x00, 0x18, 0xFF, 0x19, 0x2A, 0xFD, 0x01, 0x00, 0x8D, 0xD8, 0xF3, 0xE8, 0x49, 0x00,
    0x00, 0x96, 0x01, 0x00, 0x00, 0x00, 0x00, 0x00, 0x00, 0x00, 0x00, 0x00, 0xA6, 0xA3, 0x00, 0x00,
    0x31, 0x00, 0x00, 0x9C, 0xA2, 0x00, 0xA5, 0xD7, 0x9C, 0x9C, 0x9C, 0xA2, 0xA8, 0x36, 0x00, 0x00,
    0x00, 0x00, 0xA2, 0x1E, 0xB7, 0xAA, 0x9C, 0x9C, 0x9C, 0xA7, 0x00, 0x22, 0x72, 0x00, 0x00, 0x00,
    0x00, 0x14, 0xB4, 0xB4, 0xB4, 0xB4, 0x79, 0x05, 0x30, 0x30, 0x30, 0x30, 0x1B, 0x11, 0xB4, 0xB4,
    0xB4, 0xB4, 0x64, 0x20, 0xFF, 0xFF, 0xFF, 0xFF, 0xA2, 0x0D, 0x3C, 0x30, 0xB4, 0x30, 0xB4, 0x30,
    0xB4, 0x30, 0xB4, 0x30, 0xB4, 0x30, 0xB4, 0x30, 0xB4, 0x30, 0xB4, 0x30, 0xB4, 0x30, 0xB4, 0x30,
    0xB4, 0x30, 0xB4, 0x22, 0x9A, 0x61, 0x31, 0xFF, 0xB4, 0xFF, 0xB4, 0xFF, 0xB4, 0xFF, 0xB4, 0xFF,
    0xB4, 0xFF, 0xB4, 0xFF, 0xB4, 0xFF, 0xB4, 0xFF, 0xB4, 0xFF, 0xB4, 0xFF, 0xB4, 0xFF, 0xB4, 0xCF,
    0x81, 0xA0, 0x61, 0xA8, 0xA8, 0x61, 0xA0, 0x2A, 0x15, 0x25, 0x25, 0x15, 0x2A, 0x9F, 0x51, 0x8B,
    0x8B, 0x51, 0x9F, 0xFF, 0x9D, 0xE2, 0xE2, 0x9D, 0xFF, 0x09, 0x28, 0x30, 0xB4, 0x30, 0xB4, 0x00,
    0x03, 0x2D, 0xA8, 0x30, 0xB4, 0x0C, 0x39, 0x0C, 0x36, 0x30, 0xB4, 0x2D, 0xAB, 0x0A, 0x31, 0x30,
    0xB4, 0x2E, 0xAD, 0x3A, 0x1E, 0xFF, 0xB4, 0xFF, 0xB4, 0x04, 0x01, 0xFF, 0xA8, 0xFF, 0xB4, 0x5B,
    0x2E, 0x57, 0x2D, 0xFF, 0xB4, 0xFF, 0xAB, 0x51, 0x2A, 0xFF, 0xB4, 0xFF, 0xAE, 0xA5, 0x87, 0x97,
    0xA5, 0x87, 0x97, 0x2B, 0x1E, 0x21, 0x2B, 0x1E, 0x21, 0xA5, 0x70, 0x7E, 0xA5, 0x70, 0x7E, 0xFF,
    0xB5, 0xCB, 0xFF, 0xB5, 0xCB, 0x01, 0x09, 0x30, 0xB4, 0x2D, 0xA8, 0x16, 0x64, 0x30, 0xB4, 0x13,
    0x5A, 0x2E, 0xAD, 0x30, 0xB4, 0x12, 0x54, 0x30, 0xB4, 0x16, 0x67, 0x2D, 0xA8, 0x30, 0xB4, 0x01,
    0x09, 0x0F, 0x07, 0xFF, 0xB4, 0xFF, 0xA8, 0xA2, 0x54, 0xFF, 0xB4, 0x91, 0x4B, 0xFF, 0xAE, 0xFF,
    0xB4, 0x87, 0x45, 0xFF, 0xB4, 0xA8, 0x57, 0xFF, 0xA8, 0xFF, 0xB4, 0x0F, 0x07, 0x7B, 0xB4, 0xAD,
    0x79, 0x8D, 0x43, 0x2D, 0x1B, 0x83, 0x17, 0x00, 0x00, 0x83, 0x17, 0x00, 0x00, 0x83, 0x17, 0x00,
    0x00, 0x83, 0x17, 0x00, 0x00, 0x83, 0x17, 0x00, 0x00, 0x2A, 0x08, 0x00, 0x00, 0x79, 0xB4, 0xAA,
    0x64, 0xB1, 0xFF, 0xF3, 0xA2, 0x83, 0x17, 0x00, 0x00, 0x83, 0x17, 0x00, 0x00, 0x83, 0x17, 0x00,
    0x00, 0x83, 0x17, 0x00, 0x00, 0x83, 0x17, 0x00, 0x00, 0x6D, 0x13, 0x00, 0x00, 0xAD, 0xB4, 0xA1,
    0x1B, 0xCB, 0x3F, 0x2B, 0x06, 0xD0, 0x17, 0x00, 0x00, 0xD0, 0x17, 0x00, 0x00, 0xD0, 0x17, 0x00,
    0x00, 0xD0, 0x17, 0x00, 0x00, 0xD0, 0x17, 0x00, 0x00, 0x43, 0x06, 0x00, 0x00, 0xAD, 0xB4, 0xA0,
    0x16, 0xFF, 0xFF, 0xE5, 0x2B, 0xD0, 0x17, 0x00, 0x00, 0xD0, 0x17, 0x00, 0x00, 0xD0, 0x17, 0x00,
    0x00, 0xD0, 0x17, 0x00, 0x00, 0xD0, 0x17, 0x00, 0x00, 0x9E, 0x10, 0x00, 0x00, 0x00, 0x1B, 0xB4,
    0xB4, 0xB4, 0x79, 0x00, 0x06, 0x30, 0x30, 0x5A, 0xB4, 0x00, 0x00, 0x00, 0x00, 0x30, 0xB4, 0x00,
    0x00, 0x00, 0x00, 0x30, 0xB4, 0x00, 0x00, 0x00, 0x00, 0x30, 0xB4, 0x00, 0x00, 0x00, 0x00, 0x30,
    0xB4, 0x00, 0x00, 0x00, 0x00, 0x30, 0xB4, 0x00, 0x00, 0x00, 0x00, 0x0D, 0x3C, 0x00, 0x16, 0xB4,
    0xB4, 0xB4, 0x64, 0x00, 0x2B, 0xFF, 0xFF, 0xFF, 0xB4, 0x00, 0x00, 0x00, 0x00, 0x30, 0xB4, 0x00,
    0x00, 0x00, 0x00, 0x30, 0xB4, 0x00, 0x00, 0x00, 0x00, 0x30, 0xB4, 0x00, 0x00, 0x00, 0x00, 0x30,
    0xB4, 0x00, 0x00, 0x00, 0x00, 0x30, 0xB4, 0x00, 0x00, 0x00, 0x00, 0x22, 0x9A, 0x00, 0x79, 0xB4,
    0xB4, 0xB4, 0x64, 0x00, 0x1B, 0x30, 0x30, 0xFF, 0xB4, 0x00, 0x00, 0x00, 0x00, 0xFF, 0xB4, 0x00,
    0x00, 0x00, 0x00, 0xFF, 0xB4, 0x00, 0x00, 0x00, 0x00, 0xFF, 0xB4, 0x00, 0x00, 0x00, 0x00, 0xFF,
    0xB4, 0x00, 0x00, 0x00, 0x00, 0xFF, 0xB4, 0x00, 0x00, 0x00, 0x00, 0x61, 0x31, 0x00, 0x64, 0xB4,
    0xB4, 0xB4, 0x54, 0x00, 0xA2, 0xFF, 0xFF, 0xFF, 0xB4, 0x00, 0x00, 0x00, 0x00, 0xFF, 0xB4, 0x00,
    0x00, 0x00, 0x00, 0xFF, 0xB4, 0x00, 0x00, 0x00, 0x00, 0xFF, 0xB4, 0x00, 0x00, 0x00, 0x00, 0xFF,
    0xB4, 0x00, 0x00, 0x00, 0x00, 0xFF, 0xB4, 0x00, 0x00, 0x00, 0x00, 0xCF, 0x81, 0x6D, 0x13, 0x00,
    0x00, 0x83, 0x17, 0x00, 0x00, 0x83, 0x17, 0x00, 0x00, 0x83, 0x17, 0x00, 0x00, 0x83, 0x17, 0x00,
    0x00, 0x83, 0x17, 0x00, 0x00, 0xB1, 0xBD, 0xAD, 0x79, 0x20, 0x30, 0x2D, 0x1B, 0x2A, 0x08, 0x00,
    0x00, 0x83, 0x17, 0x00, 0x00, 0x83, 0x17, 0x00, 0x00, 0x83, 0x17, 0x00, 0x00, 0x83, 0x17, 0x00,
    0x00, 0x83, 0x17, 0x00, 0x00, 0xAB, 0xBC, 0xAA, 0x64, 0xB0, 0xFF, 0xF3, 0xA2, 0x9E, 0x10, 0x00,
    0x00, 0xD0, 0x17, 0x00, 0x00, 0xD0, 0x17, 0x00, 0x00, 0xD0, 0x17, 0x00, 0x00, 0xD0, 0x17, 0x00,
    0x00, 0xD0, 0x17, 0x00, 0x00, 0xF9, 0xBC, 0xA1, 0x1B, 0x2E, 0x30, 0x2B, 0x06, 0x43, 0x06, 0x00,
    0x00, 0xD0, 0x17, 0x00, 0x00, 0xD0, 0x17, 0x00, 0x00, 0xD0, 0x17, 0x00, 0x00, 0xD0, 0x17, 0x00,
    0x00, 0xD0, 0x17, 0x00, 0x00, 0xEE, 0xBA, 0xA0, 0x16, 0xFF, 0xFF, 0xE5, 0x2B, 0x00, 0x00, 0x00,
    0x00, 0x22, 0x9A, 0x00, 0x00, 0x00, 0x00, 0x30, 0xB4, 0x00, 0x00, 0x00, 0x00, 0x30, 0xB4, 0x00,
    0x00, 0x00, 0x00, 0x30, 0xB4, 0x00, 0x00, 0x00, 0x00, 0x30, 0xB4, 0x00, 0x00, 0x00, 0x00, 0x30,
    0xB4, 0x00, 0x1B, 0xB4, 0xB4, 0xC5, 0xB4, 0x00, 0x06, 0x30, 0x30, 0x30, 0x1B, 0x00, 0x00, 0x00,
    0x00, 0x0D, 0x3C, 0x00, 0x00, 0x00, 0x00, 0x30, 0xB4, 0x00, 0x00, 0x00, 0x00, 0x30, 0xB4, 0x00,
    0x00, 0x00, 0x00, 0x30, 0xB4, 0x00, 0x00, 0x00, 0x00, 0x30, 0xB4, 0x00, 0x00, 0x00, 0x00, 0x30,
    0xB4, 0x00, 0x16, 0xB4, 0xB4, 0xAB, 0xB4, 0x00, 0x2B, 0xFF, 0xFF, 0xFF, 0xA2, 0x00, 0x00, 0x00,
    0x00, 0xCF, 0x81, 0x00, 0x00, 0x00, 0x00, 0xFF, 0xB4, 0x00, 0x00, 0x00, 0x00, 0xFF, 0xB4, 0x00,
    0x00, 0x00, 0x00, 0xFF, 0xB4, 0x00, 0x00, 0x00, 0x00, 0xFF, 0xB4, 0x00, 0x00, 0x00, 0x00, 0xFF,
    0xB4, 0x00, 0x79, 0xB4, 0xB4, 0xFF, 0xB4, 0x00, 0x1B, 0x30, 0x30, 0x30, 0x16, 0x00, 0x00, 0x00,
    0x00, 0x61, 0x31, 0x00, 0x00, 0x00, 0x00, 0xFF, 0xB4, 0x00, 0x00, 0x00, 0x00, 0xFF, 0xB4, 0x00,
    0x00, 0x00, 0x00, 0xFF, 0xB4, 0x00, 0x00, 0x00, 0x00, 0xFF, 0xB4, 0x00, 0x00, 0x00, 0x00, 0xFF,
    0xB4, 0x00, 0x64, 0xB4, 0xB4, 0xFF, 0xB4, 0x00, 0xA2, 0xFF, 0xFF, 0xFF, 0xA2, 0x2A, 0x08, 0x00,
    0x00, 0x83, 0x17, 0x00, 0x00, 0x83, 0x17, 0x00, 0x00, 0x83, 0x17, 0x00, 0x00, 0x83, 0x17, 0x00,
    0x00, 0x83, 0x17, 0x00, 0x00, 0x8D, 0x43, 0x2D, 0x1B, 0xB1, 0xBD, 0xAD, 0x79, 0x83, 0x17, 0x00,
    0x00, 0x83, 0x17, 0x00, 0x00, 0x83, 0x17, 0x00, 0x00, 0x83, 0x17, 0x00, 0x00, 0x83, 0x17, 0x00,
    0x00, 0x6D, 0x13, 0x00, 0x00, 0x2A, 0x08, 0x00, 0x00, 0x83, 0x17, 0x00, 0x00, 0x83, 0x17, 0x00,
    0x00, 0x83, 0x17, 0x00, 0x00, 0x83, 0x17, 0x00, 0x00, 0x83, 0x17, 0x00, 0x00, 0xAB, 0xBC, 0xAA,
    0x64, 0xB1, 0xFF, 0xF3, 0xA2, 0x83, 0x17, 0x00, 0x00, 0x83, 0x17, 0x00, 0x00, 0x83, 0x17, 0x00,
    0x00, 0x83, 0x17, 0x00, 0x00, 0x83, 0x17, 0x00, 0x00, 0x6D, 0x13, 0x00, 0x00, 0x9E, 0x10, 0x00,
    0x00, 0xD0, 0x17, 0x00, 0x00, 0xD0, 0x17, 0x00, 0x00, 0xD0, 0x17, 0x00, 0x00, 0xD0, 0x17, 0x00,
    0x00, 0xD0, 0x17, 0x00, 0x00, 0xF9, 0xBC, 0xA1, 0x1B, 0x81, 0x35, 0x2B, 0x06, 0x62, 0x06, 0x00,
    0x00, 0x62, 0x06, 0x00, 0x00, 0x62, 0x06, 0x00, 0x00, 0x62, 0x06, 0x00, 0x00, 0x62, 0x06, 0x00,
    0x00, 0x1F, 0x02, 0x00, 0x00, 0x1F, 0x02, 0x00, 0x00, 0x62, 0x06, 0x00, 0x00, 0x62, 0x06, 0x00,
    0x00, 0x62, 0x06, 0x00, 0x00, 0x62, 0x06, 0x00, 0x00, 0x62, 0x06, 0x00, 0x00, 0x81, 0x35, 0x2B,
    0x06, 0xF9, 0xBC, 0xA1, 0x1B, 0xD0, 0x17, 0x00, 0x00, 0xD0, 0x17, 0x00, 0x00, 0xD0, 0x17, 0x00,
    0x00, 0xD0, 0x17, 0x00, 0x00, 0xD0, 0x17, 0x00, 0x00, 0x9E, 0x10, 0x00, 0x00, 0x43, 0x06, 0x00,
    0x00, 0xD0, 0x17, 0x00, 0x00, 0xD0, 0x17, 0x00, 0x00, 0xD0, 0x17, 0x00, 0x00, 0xD0, 0x17, 0x00,
    0x00, 0xD0, 0x17, 0x00, 0x00, 0xCB, 0x3F, 0x2B, 0x06, 0xF9, 0xBC, 0xA1, 0x1B, 0xD0, 0x17, 0x00,
    0x00, 0xD0, 0x17, 0x00, 0x00, 0xD0, 0x17, 0x00, 0x00, 0xD0, 0x17, 0x00, 0x00, 0xD0, 0x17, 0x00,
    0x00, 0x9E, 0x10, 0x00, 0x00, 0x43, 0x06, 0x00, 0x00, 0xD0, 0x17, 0x00, 0x00, 0xD0, 0x17, 0x00,
    0x00, 0xD0, 0x17, 0x00, 0x00, 0xD0, 0x17, 0x00, 0x00, 0xD0, 0x17, 0x00, 0x00, 0xEE, 0xBA, 0xA0,
    0x16, 0xFF, 0xFF, 0xE5, 0x2B, 0x62, 0x06, 0x00, 0x00, 0x62, 0x06, 0x00, 0x00, 0x62, 0x06, 0x00,
    0x00, 0x62, 0x06, 0x00, 0x00, 0x62, 0x06, 0x00, 0x00, 0x4F, 0x04, 0x00, 0x00, 0x4F, 0x04, 0x00,
    0x00, 0x62, 0x06, 0x00, 0x00, 0x62, 0x06, 0x00, 0x00, 0x62, 0x06, 0x00, 0x00, 0x62, 0x06, 0x00,
    0x00, 0x62, 0x06, 0x00, 0x00, 0xFF, 0xFF, 0xE5, 0x2B, 0xED, 0xB5, 0x9B, 0x15, 0xD0, 0x17, 0x00,
    0x00, 0xD0, 0x17, 0x00, 0x00, 0xD0, 0x17, 0x00, 0x00, 0xD0, 0x17, 0x00, 0x00, 0xD0, 0x17, 0x00,
    0x00, 0x43, 0x06, 0x00, 0x00, 0x43, 0x06, 0x00, 0x00, 0xD0, 0x17, 0x00, 0x00, 0xD0, 0x17, 0x00,
    0x00, 0xD0, 0x17, 0x00, 0x00, 0xD0, 0x17, 0x00, 0x00, 0xD0, 0x17, 0x00, 0x00, 0xEE, 0xBA, 0xA0,
    0x16, 0xFF, 0xFF, 0xE5, 0x2B, 0xD0, 0x17, 0x00, 0x00, 0xD0, 0x17, 0x00, 0x00, 0xD0, 0x17, 0x00,
    0x00, 0xD0, 0x17, 0x00, 0x00, 0xD0, 0x17, 0x00, 0x00, 0x9E, 0x10, 0x00, 0x00, 0x00, 0x00, 0x00,
    0x00, 0x0D, 0x3C, 0x00, 0x00, 0x00, 0x00, 0x30, 0xB4, 0x00, 0x00, 0x00, 0x00, 0x30, 0xB4, 0x00,
    0x00, 0x00, 0x00, 0x30, 0xB4, 0x00, 0x00, 0x00, 0x00, 0x30, 0xB4, 0x00, 0x00, 0x00, 0x00, 0x30,
    0xB4, 0x00, 0x06, 0x30, 0x30, 0x5A, 0xB4, 0x00, 0x1B, 0xB4, 0xB4, 0xC5, 0xB4, 0x00, 0x00, 0x00,
    0x00, 0x30, 0xB4, 0x00, 0x00, 0x00, 0x00, 0x30, 0xB4, 0x00, 0x00, 0x00, 0x00, 0x30, 0xB4, 0x00,
    0x00, 0x00, 0x00, 0x30, 0xB4, 0x00, 0x00, 0x00, 0x00, 0x30, 0xB4, 0x00, 0x00, 0x00, 0x00, 0x22,
    0x9A, 0x00, 0x00, 0x00, 0x00, 0x0D, 0x3C, 0x00, 0x00, 0x00, 0x00, 0x30, 0xB4, 0x00, 0x00, 0x00,
    0x00, 0x30, 0xB4, 0x00, 0x00, 0x00, 0x00, 0x30, 0xB4, 0x00, 0x00, 0x00, 0x00, 0x30, 0xB4, 0x00,
    0x00, 0x00, 0x00, 0x30, 0xB4, 0x00, 0x16, 0xB4, 0xB4, 0xAB, 0xB4, 0x00, 0x2B, 0xFF, 0xFF, 0xFF,
    0xB4, 0x00, 0x00, 0x00, 0x00, 0x30, 0xB4, 0x00, 0x00, 0x00, 0x00, 0x30, 0xB4, 0x00, 0x00, 0x00,
    0x00, 0x30, 0xB4, 0x00, 0x00, 0x00, 0x00, 0x30, 0xB4, 0x00, 0x00, 0x00, 0x00, 0x30, 0xB4, 0x00,
    0x00, 0x00, 0x00, 0x22, 0x9A, 0x00, 0x00, 0x00, 0x00, 0xCF, 0x81, 0x00, 0x00, 0x00, 0x00, 0xFF,
    0xB4, 0x00, 0x00, 0x00, 0x00, 0xFF, 0xB4, 0x00, 0x00, 0x00, 0x00, 0xFF, 0xB4, 0x00, 0x00, 0x00,
    0x00, 0xFF, 0xB4, 0x00, 0x00, 0x00, 0x00, 0xFF, 0xB4, 0x00, 0x79, 0xB4, 0xB4, 0xFF, 0xB4, 0x00,
    0x1B, 0x30, 0x30, 0xC5, 0x40, 0x00, 0x00, 0x00, 0x00, 0xB4, 0x30, 0x00, 0x00, 0x00, 0x00, 0xB4,
    0x30, 0x00, 0x00, 0x00, 0x00, 0xB4, 0x30, 0x00, 0x00, 0x00, 0x00, 0xB4, 0x30, 0x00, 0x00, 0x00,
    0x00, 0xB4, 0x30, 0x00, 0x00, 0x00, 0x00, 0x3C, 0x0D, 0x00, 0x00, 0x00, 0x00, 0x9A, 0x22, 0x00,
    0x00, 0x00, 0x00, 0xB4, 0x30, 0x00, 0x00, 0x00, 0x00, 0xB4, 0x30, 0x00, 0x00, 0x00, 0x00, 0xB4,
    0x30, 0x00, 0x00, 0x00, 0x00, 0xB4, 0x30, 0x00, 0x00, 0x00, 0x00, 0xB4, 0x30, 0x00, 0x79, 0xB4,
    0xB4, 0xFF, 0x79, 0x00, 0x1B, 0x30, 0x30, 0xFF, 0xB4, 0x00, 0x00, 0x00, 0x00, 0xFF, 0xB4, 0x00,
    0x00, 0x00, 0x00, 0xFF, 0xB4, 0x00, 0x00, 0x00, 0x00, 0xFF, 0xB4, 0x00, 0x00, 0x00, 0x00, 0xFF,
    0xB4, 0x00, 0x00, 0x00, 0x00, 0xFF, 0xB4, 0x00, 0x00, 0x00, 0x00, 0x61, 0x31, 0x00, 0x00, 0x00,
    0x00, 0x61, 0x31, 0x00, 0x00, 0x00, 0x00, 0xFF, 0xB4, 0x00, 0x00, 0x00, 0x00, 0xFF, 0xB4, 0x00,
    0x00, 0x00, 0x00, 0xFF, 0xB4, 0x00, 0x00, 0x00, 0x00, 0xFF, 0xB4, 0x00, 0x00, 0x00, 0x00, 0xFF,
    0xB4, 0x00, 0x1B, 0x30, 0x30, 0xFF, 0xB4, 0x00, 0x79, 0xB4, 0xB4, 0xFF, 0xB4, 0x00, 0x00, 0x00,
    0x00, 0xFF, 0xB4, 0x00, 0x00, 0x00, 0x00, 0xFF, 0xB4, 0x00, 0x00, 0x00, 0x00, 0xFF, 0xB4, 0x00,
    0x00, 0x00, 0x00, 0xFF, 0xB4, 0x00, 0x00, 0x00, 0x00, 0xFF, 0xB4, 0x00, 0x00, 0x00, 0x00, 0xCF,
    0x81, 0x00, 0x00, 0x00, 0x00, 0x61, 0x31, 0x00, 0x00, 0x00, 0x00, 0xFF, 0xB4, 0x00, 0x00, 0x00,
    0x00, 0xFF, 0xB4, 0x00, 0x00, 0x00, 0x00, 0xFF, 0xB4, 0x00, 0x00, 0x00, 0x00, 0xFF, 0xB4, 0x00,
    0x00, 0x00, 0x00, 0xFF, 0xB4, 0x00, 0x61, 0xAE, 0xAE, 0xFF, 0xB4, 0x00, 0xA2, 0xFF, 0xFF, 0xFF,
    0xA6, 0x00, 0x00, 0x00, 0x00, 0xB4, 0x30, 0x00, 0x00, 0x00, 0x00, 0xB4, 0x30, 0x00, 0x00, 0x00,
    0x00, 0xB4, 0x30, 0x00, 0x00, 0x00, 0x00, 0xB4, 0x30, 0x00, 0x00, 0x00, 0x00, 0xB4, 0x30, 0x00,
    0x00, 0x00, 0x00, 0x9A, 0x22, 0x00, 0x00, 0x00, 0x00, 0x3C, 0x0D, 0x00, 0x00, 0x00, 0x00, 0xB4,
    0x30, 0x00, 0x00, 0x00, 0x00, 0xB4, 0x30, 0x00, 0x00, 0x00, 0x00, 0xB4, 0x30, 0x00, 0x00, 0x00,
    0x00, 0xB4, 0x30, 0x00, 0x00, 0x00, 0x00, 0xB4, 0x30, 0x00, 0x64, 0xB4, 0xB4, 0xF5, 0x6D, 0x00,
    0xA2, 0xFF, 0xFF, 0xFF, 0xB4, 0x00, 0x00, 0x00, 0x00, 0xFF, 0xB4, 0x00, 0x00, 0x00, 0x00, 0xFF,
    0xB4, 0x00, 0x00, 0x00, 0x00, 0xFF, 0xB4, 0x00, 0x00, 0x00, 0x00, 0xFF, 0xB4, 0x00, 0x00, 0x00,
    0x00, 0xFF, 0xB4, 0x00, 0x00, 0x00, 0x00, 0xCF, 0x81, 0x00, 0x00, 0x00, 0x00, 0x61, 0x31, 0x00,
    0x00, 0x00, 0x00, 0xFF, 0xB4, 0x00, 0x00, 0x00, 0x00, 0xFF, 0xB4, 0x00, 0x00, 0x00, 0x00, 0xFF,
    0xB4, 0x00, 0x00, 0x00, 0x00, 0xFF, 0xB4, 0x00, 0x00, 0x00, 0x00, 0xFF, 0xB4, 0x00, 0x64, 0xB4,
    0xB4, 0xFF, 0xB4, 0x00, 0xA2, 0xFF, 0xFF, 0xFF, 0xB4, 0x00, 0x00, 0x00, 0x00, 0xFF, 0xB4, 0x00,
    0x00, 0x00, 0x00, 0xFF, 0xB4, 0x00, 0x00, 0x00, 0x00, 0xFF, 0xB4, 0x00, 0x00, 0x00, 0x00, 0xFF,
    0xB4, 0x00, 0x00, 0x00, 0x00, 0xFF, 0xB4, 0x00, 0x00, 0x00, 0x00, 0xCF, 0x81, 0x14, 0xB4, 0xB4,
    0xB4, 0xB4, 0x79, 0x05, 0x30, 0x50, 0xA0, 0x30, 0x1B, 0x00, 0x00, 0x24, 0x87, 0x00, 0x00, 0x00,
    0x00, 0x24, 0x87, 0x00, 0x00, 0x00, 0x00, 0x24, 0x87, 0x00, 0x00, 0x00, 0x00, 0x24, 0x87, 0x00,
    0x00, 0x00, 0x00, 0x24, 0x87, 0x00, 0x00, 0x00, 0x00, 0x0A, 0x2D, 0x00, 0x00, 0x11, 0xB4, 0xB4,
    0x67, 0x30, 0x1B, 0x20, 0xFF, 0xFF, 0xEC, 0xB4, 0x79, 0x00, 0x00, 0x24, 0x87, 0x00, 0x00, 0x00,
    0x00, 0x24, 0x87, 0x00, 0x00, 0x00, 0x00, 0x24, 0x87, 0x00, 0x00, 0x00, 0x00, 0x24, 0x87, 0x00,
    0x00, 0x00, 0x00, 0x24, 0x87, 0x00, 0x00, 0x00, 0x00, 0x1A, 0x74, 0x00, 0x00, 0x05, 0x30, 0x3C,
    0xB4, 0xB4, 0x64, 0x14, 0xB4, 0xC1, 0xFF, 0xFF, 0xA2, 0x00, 0x00, 0x24, 0x87, 0x00, 0x00, 0x00,
    0x00, 0x24, 0x87, 0x00, 0x00, 0x00, 0x00, 0x24, 0x87, 0x00, 0x00, 0x00, 0x00, 0x24, 0x87, 0x00,
    0x00, 0x00, 0x00, 0x24, 0x87, 0x00, 0x00, 0x00, 0x00, 0x1A, 0x74, 0x00, 0x00, 0x11, 0xB4, 0xB4,
    0xB4, 0xB4, 0x64, 0x20, 0xFF, 0xFF, 0xFF, 0xFF, 0xA2, 0x00, 0x00, 0x24, 0x87, 0x00, 0x00, 0x00,
    0x00, 0x24, 0x87, 0x00, 0x00, 0x00, 0x00, 0x24, 0x87, 0x00, 0x00, 0x00, 0x00, 0x24, 0x87, 0x00,
    0x00, 0x00, 0x00, 0x24, 0x87, 0x00, 0x00, 0x00, 0x00, 0x1A, 0x74, 0x00, 0x00, 0x14, 0xB4, 0xB4,
    0xB4, 0xB4, 0x79, 0x05, 0x30, 0x8C, 0xCB, 0x30, 0x1B, 0x00, 0x00, 0x87, 0xBF, 0x00, 0x00, 0x00,
    0x00, 0x87, 0xBF, 0x00, 0x00, 0x00, 0x00, 0x87, 0xBF, 0x00, 0x00, 0x00, 0x00, 0x87, 0xBF, 0x00,
    0x00, 0x00, 0x00, 0x87, 0xBF, 0x00, 0x00, 0x00, 0x00, 0x25, 0x49, 0x00, 0x00, 0x4B, 0xB4, 0xB4,
    0x5E, 0x30, 0x06, 0x7A, 0xFF, 0xFF, 0xE5, 0xB4, 0x1B, 0x00, 0x00, 0xBF, 0x87, 0x00, 0x00, 0x00,
    0x00, 0xBF, 0x87, 0x00, 0x00, 0x00, 0x00, 0xBF, 0x87, 0x00, 0x00, 0x00, 0x00, 0xBF, 0x87, 0x00,
    0x00, 0x00, 0x00, 0xBF, 0x87, 0x00, 0x00, 0x00, 0x00, 0x9B, 0x61, 0x00, 0x00, 0x14, 0x30, 0x89,
    0xB4, 0xB4, 0x16, 0x5B, 0xB4, 0xEC, 0xFF, 0xFF, 0x2B, 0x00, 0x00, 0xBF, 0x87, 0x00, 0x00, 0x00,
    0x00, 0xBF, 0x87, 0x00, 0x00, 0x00, 0x00, 0xBF, 0x87, 0x00, 0x00, 0x00, 0x00, 0xBF, 0x87, 0x00,
    0x00, 0x00, 0x00, 0xBF, 0x87, 0x00, 0x00, 0x00, 0x00, 0x9B, 0x61, 0x00, 0x00, 0x11, 0xB4, 0xB4,
    0xB4, 0xB4, 0x64, 0x20, 0xFF, 0xFF, 0xFF, 0xFF, 0xA2, 0x00, 0x00, 0x87, 0xBF, 0x00, 0x00, 0x00,
    0x00, 0x87, 0xBF, 0x00, 0x00, 0x00, 0x00, 0x87, 0xBF, 0x00, 0x00, 0x00, 0x00, 0x87, 0xBF, 0x00,
    0x00, 0x00, 0x00, 0x87, 0xBF, 0x00, 0x00, 0x00, 0x00, 0x61, 0x9B, 0x00, 0x00, 0x00, 0x00, 0x1A,
    0x74, 0x00, 0x00, 0x00, 0x00, 0x24, 0x87, 0x00, 0x00, 0x00, 0x00, 0x24, 0x87, 0x00, 0x00, 0x00,
    0x00, 0x24, 0x87, 0x00, 0x00, 0x00, 0x00, 0x24, 0x87, 0x00, 0x00, 0x00, 0x00, 0x24, 0x87, 0x00,
    0x00, 0x14, 0xB4, 0xC1, 0xEC, 0xB4, 0x79, 0x05, 0x30, 0x30, 0x30, 0x30, 0x1B, 0x00, 0x00, 0x0A,
    0x2D, 0x00, 0x00, 0x00, 0x00, 0x24, 0x87, 0x00, 0x00, 0x00, 0x00, 0x24, 0x87, 0x00, 0x00, 0x00,
    0x00, 0x24, 0x87, 0x00, 0x00, 0x00, 0x00, 0x24, 0x87, 0x00, 0x00, 0x00, 0x00, 0x24, 0x87, 0x00,
    0x00, 0x11, 0xB4, 0xAD, 0xA0, 0x30, 0x1B, 0x20, 0xFF, 0xFF, 0xE2, 0xB4, 0x79, 0x00, 0x00, 0x0A,
    0x2D, 0x00, 0x00, 0x00, 0x00, 0x24, 0x87, 0x00, 0x00, 0x00, 0x00, 0x24, 0x87, 0x00, 0x00, 0x00,
    0x00, 0x24, 0x87, 0x00, 0x00, 0x00, 0x00, 0x24, 0x87, 0x00, 0x00, 0x00, 0x00, 0x24, 0x87, 0x00,
    0x00, 0x05, 0x30, 0x50, 0xE5, 0xB4, 0x64, 0x14, 0xB4, 0xBE, 0xFF, 0xFF, 0xA2, 0x00, 0x00, 0x0A,
    0x2D, 0x00, 0x00, 0x00, 0x00, 0x24, 0x87, 0x00, 0x00, 0x00, 0x00, 0x24, 0x87, 0x00, 0x00, 0x00,
    0x00, 0x24, 0x87, 0x00, 0x00, 0x00, 0x00, 0x24, 0x87, 0x00, 0x00, 0x00, 0x00, 0x24, 0x87, 0x00,
    0x00, 0x11, 0xB4, 0xAD, 0xE5, 0xB4, 0x64, 0x20, 0xFF, 0xFF, 0xFF, 0xFF, 0xA2, 0x00, 0x00, 0x61,
    0x9B, 0x00, 0x00, 0x00, 0x00, 0x87, 0xBF, 0x00, 0x00, 0x00, 0x00, 0x87, 0xBF, 0x00, 0x00, 0x00,
    0x00, 0x87, 0xBF, 0x00, 0x00, 0x00, 0x00, 0x87, 0xBF, 0x00, 0x00, 0x00, 0x00, 0x87, 0xBF, 0x00,
    0x00, 0x14, 0xB4, 0xE5, 0xEC, 0xB4, 0x79, 0x05, 0x30, 0x30, 0x30, 0x30, 0x1B, 0x00, 0x00, 0x49,
    0x25, 0x00, 0x00, 0x00, 0x00, 0xBF, 0x87, 0x00, 0x00, 0x00, 0x00, 0xBF, 0x87, 0x00, 0x00, 0x00,
    0x00, 0xBF, 0x87, 0x00, 0x00, 0x00, 0x00, 0xBF, 0x87, 0x00, 0x00, 0x00, 0x00, 0xBF, 0x87, 0x00,
    0x00, 0x4B, 0xB4, 0xEC, 0x8C, 0x30, 0x06, 0x7A, 0xFF, 0xFF, 0xDA, 0xB4, 0x1B, 0x00, 0x00, 0x49,
    0x25, 0x00, 0x00, 0x00, 0x00, 0xBF, 0x87, 0x00, 0x00, 0x00, 0x00, 0xBF, 0x87, 0x00, 0x00, 0x00,
    0x00, 0xBF, 0x87, 0x00, 0x00, 0x00, 0x00, 0xBF, 0x87, 0x00, 0x00, 0x00, 0x00, 0xBF, 0x87, 0x00,
    0x00, 0x14, 0x30, 0xCB, 0xD8, 0xB4, 0x16, 0x5B, 0xB4, 0xEC, 0xFF, 0xFF, 0x2B, 0x00, 0x00, 0x25,
    0x49, 0x00, 0x00, 0x00, 0x00, 0x87, 0xBF, 0x00, 0x00, 0x00, 0x00, 0x87, 0xBF, 0x00, 0x00, 0x00,
    0x00, 0x87, 0xBF, 0x00, 0x00, 0x00, 0x00, 0x87, 0xBF, 0x00, 0x00, 0x00, 0x00, 0x87, 0xBF, 0x00,
    0x00, 0x11, 0xB4, 0xD8, 0xEC, 0xB4, 0x64, 0x20, 0xFF, 0xFF, 0xFF, 0xFF, 0xA2, 0x00, 0x00, 0x0A,
    0x2D, 0x00, 0x00, 0x00, 0x00, 0x24, 0x87, 0x00, 0x00, 0x00, 0x00, 0x24, 0x87, 0x00, 0x00, 0x00,
    0x00, 0x24, 0x87, 0x00, 0x00, 0x00, 0x00, 0x24, 0x87, 0x00, 0x00, 0x00, 0x00, 0x24, 0x87, 0x00,
    0x00, 0x05, 0x30, 0x50, 0xA0, 0x30, 0x1B, 0x14, 0xB4, 0xC1, 0xEC, 0xB4, 0x79, 0x00, 0x00, 0x24,
    0x87, 0x00, 0x00, 0x00, 0x00, 0x24, 0x87, 0x00, 0x00, 0x00, 0x00, 0x24, 0x87, 0x00, 0x00, 0x00,
    0x00, 0x24, 0x87, 0x00, 0x00, 0x00, 0x00, 0x24, 0x87, 0x00, 0x00, 0x00, 0x00, 0x1A, 0x74, 0x00,
    0x00, 0x00, 0x00, 0x0A, 0x2D, 0x00, 0x00, 0x00, 0x00, 0x24, 0x87, 0x00, 0x00, 0x00, 0x00, 0x24,
    0x87, 0x00, 0x00, 0x00, 0x00, 0x24, 0x87, 0x00, 0x00, 0x00, 0x00, 0x24, 0x87, 0x00, 0x00, 0x00,
    0x00, 0x24, 0x87, 0x00, 0x00, 0x11, 0xB4, 0xAD, 0xA0, 0x30, 0x1B, 0x20, 0xFF, 0xFF, 0xEC, 0xB4,
    0x79, 0x00, 0x00, 0x24, 0x87, 0x00, 0x00, 0x00, 0x00, 0x24, 0x87, 0x00, 0x00, 0x00, 0x00, 0x24,
    0x87, 0x00, 0x00, 0x00, 0x00, 0x24, 0x87, 0x00, 0x00, 0x00, 0x00, 0x24, 0x87, 0x00, 0x00, 0x00,
    0x00, 0x1A, 0x74, 0x00, 0x00, 0x00, 0x00, 0x0A, 0x2D, 0x00, 0x00, 0x00, 0x00, 0x24, 0x87, 0x00,
    0x00, 0x00, 0x00, 0x24, 0x87, 0x00, 0x00, 0x00, 0x00, 0x24, 0x87, 0x00, 0x00, 0x00, 0x00, 0x24,
    0x87, 0x00, 0x00, 0x00, 0x00, 0x24, 0x87, 0x00, 0x00, 0x05, 0x30, 0x50, 0xE5, 0xB4, 0x64, 0x14,
    0xB4, 0xC1, 0xFF, 0xFF, 0xA2, 0x00, 0x00, 0x24, 0x87, 0x00, 0x00, 0x00, 0x00, 0x24, 0x87, 0x00,
    0x00, 0x00, 0x00, 0x24, 0x87, 0x00, 0x00, 0x00, 0x00, 0x24, 0x87, 0x00, 0x00, 0x00, 0x00, 0x24,
    0x87, 0x00, 0x00, 0x00, 0x00, 0x1A, 0x74, 0x00, 0x00, 0x00, 0x00, 0x0A, 0x2D, 0x00, 0x00, 0x00,
    0x00, 0x24, 0x87, 0x00, 0x00, 0x00, 0x00, 0x24, 0x87, 0x00, 0x00, 0x00, 0x00, 0x24, 0x87, 0x00,
    0x00, 0x00, 0x00, 0x24, 0x87, 0x00, 0x00, 0x00, 0x00, 0x24, 0x87, 0x00, 0x00, 0x11, 0xB4, 0xAD,
    0xE5, 0xB4, 0x64, 0x20, 0xFF, 0xFF, 0xFF, 0xFF, 0xA2, 0x00, 0x00, 0x24, 0x87, 0x00, 0x00, 0x00,
    0x00, 0x24, 0x87, 0x00, 0x00, 0x00, 0x00, 0x24, 0x87, 0x00, 0x00, 0x00, 0x00, 0x24, 0x87, 0x00,
    0x00, 0x00, 0x00, 0x24, 0x87, 0x00, 0x00, 0x00, 0x00, 0x1A, 0x74, 0x00, 0x00, 0x00, 0x00, 0x61,
    0x9B, 0x00, 0x00, 0x00, 0x00, 0x87, 0xBF, 0x00, 0x00, 0x00, 0x00, 0x87, 0xBF, 0x00, 0x00, 0x00,
    0x00, 0x87, 0xBF, 0x00, 0x00, 0x00, 0x00, 0x87, 0xBF, 0x00, 0x00, 0x00, 0x00, 0x87, 0xBF, 0x00,
    0x00, 0x14, 0xB4, 0xE5, 0xEC, 0xB4, 0x79, 0x05, 0x30, 0x50, 0xA0, 0x30, 0x1B, 0x00, 0x00, 0x24,
    0x87, 0x00, 0x00, 0x00, 0x00, 0x24, 0x87, 0x00, 0x00, 0x00, 0x00, 0x24, 0x87, 0x00, 0x00, 0x00,
    0x00, 0x24, 0x87, 0x00, 0x00, 0x00, 0x00, 0x24, 0x87, 0x00, 0x00, 0x00, 0x00, 0x0A, 0x2D, 0x00,
    0x00, 0x00, 0x00, 0x1A, 0x74, 0x00, 0x00, 0x00, 0x00, 0x24, 0x87, 0x00, 0x00, 0x00, 0x00, 0x24,
    0x87, 0x00, 0x00, 0x00, 0x00, 0x24, 0x87, 0x00, 0x00, 0x00, 0x00, 0x24, 0x87, 0x00, 0x00, 0x00,
    0x00, 0x24, 0x87, 0x00, 0x00, 0x14, 0xB4, 0xC1, 0xEC, 0xB4, 0x79, 0x05, 0x30, 0x8C, 0xCB, 0x30,
    0x1B, 0x00, 0x00, 0x87, 0xBF, 0x00, 0x00, 0x00, 0x00, 0x87, 0xBF, 0x00, 0x00, 0x00, 0x00, 0x87,
    0xBF, 0x00, 0x00, 0x00, 0x00, 0x87, 0xBF, 0x00, 0x00, 0x00, 0x00, 0x87, 0xBF, 0x00, 0x00, 0x00,
    0x00, 0x25, 0x49, 0x00, 0x00, 0x00, 0x00, 0x25, 0x49, 0x00, 0x00, 0x00, 0x00, 0x87, 0xBF, 0x00,
    0x00, 0x00, 0x00, 0x87, 0xBF, 0x00, 0x00, 0x00, 0x00, 0x87, 0xBF, 0x00, 0x00, 0x00, 0x00, 0x87,
    0xBF, 0x00, 0x00, 0x00, 0x00, 0x87, 0xBF, 0x00, 0x00, 0x05, 0x30, 0x8C, 0xCB, 0x30, 0x1B, 0x14,
    0xB4, 0xE5, 0xEC, 0xB4, 0x79, 0x00, 0x00, 0x87, 0xBF, 0x00, 0x00, 0x00, 0x00, 0x87, 0xBF, 0x00,
    0x00, 0x00, 0x00, 0x87, 0xBF, 0x00, 0x00, 0x00, 0x00, 0x87, 0xBF, 0x00, 0x00, 0x00, 0x00, 0x87,
    0xBF, 0x00, 0x00, 0x00, 0x00, 0x61, 0x9B, 0x00, 0x00, 0x00, 0x00, 0x49, 0x25, 0x00, 0x00, 0x00,
    0x00, 0xBF, 0x87, 0x00, 0x00, 0x00, 0x00, 0xBF, 0x87, 0x00, 0x00, 0x00, 0x00, 0xBF, 0x87, 0x00,
    0x00, 0x00, 0x00, 0xBF, 0x87, 0x00, 0x00, 0x00, 0x00, 0xBF, 0x87, 0x00, 0x00, 0x49, 0xAE, 0xEB,
    0x88, 0x2A, 0x04, 0x7A, 0xFF, 0xFF, 0xDD, 0xB4, 0x1B, 0x00, 0x00, 0x87, 0x24, 0x00, 0x00, 0x00,
    0x00, 0x87, 0x24, 0x00, 0x00, 0x00, 0x00, 0x87, 0x24, 0x00, 0x00, 0x00, 0x00, 0x87, 0x24, 0x00,
    0x00, 0x00, 0x00, 0x87, 0x24, 0x00, 0x00, 0x00, 0x00, 0x74, 0x1A, 0x00, 0x00, 0x00, 0x00, 0x49,
    0x25, 0x00, 0x00, 0x00, 0x00, 0xBF, 0x87, 0x00, 0x00, 0x00, 0x00, 0xBF, 0x87, 0x00, 0x00, 0x00,
    0x00, 0xBF, 0x87, 0x00, 0x00, 0x00, 0x00, 0xBF, 0x87, 0x00, 0x00, 0x00, 0x00, 0xBF, 0x87, 0x00,
    0x00, 0x14, 0x30, 0xCB, 0xD8, 0xB4, 0x16, 0x5B, 0xB4, 0xEC, 0xFF, 0xFF, 0x2B, 0x00, 0x00, 0x87,
    0x24, 0x00, 0x00, 0x00, 0x00, 0x87, 0x24, 0x00, 0x00, 0x00, 0x00, 0x87, 0x24, 0x00, 0x00, 0x00,
    0x00, 0x87, 0x24, 0x00, 0x00, 0x00, 0x00, 0x87, 0x24, 0x00, 0x00, 0x00, 0x00, 0x74, 0x1A, 0x00,
    0x00, 0x00, 0x00, 0x2D, 0x0A, 0x00, 0x00, 0x00, 0x00, 0x87, 0x24, 0x00, 0x00, 0x00, 0x00, 0x87,
    0x24, 0x00, 0x00, 0x00, 0x00, 0x87, 0x24, 0x00, 0x00, 0x00, 0x00, 0x87, 0x24, 0x00, 0x00, 0x00,
    0x00, 0x87, 0x24, 0x00, 0x00, 0x4B, 0xB4, 0xE5, 0x71, 0x30, 0x06, 0x7A, 0xFF, 0xFF, 0xE5, 0xB4,
    0x1B, 0x00, 0x00, 0xBF, 0x87, 0x00, 0x00, 0x00, 0x00, 0xBF, 0x87, 0x00, 0x00, 0x00, 0x00, 0xBF,
    0x87, 0x00, 0x00, 0x00, 0x00, 0xBF, 0x87, 0x00, 0x00, 0x00, 0x00, 0xBF, 0x87, 0x00, 0x00, 0x00,
    0x00, 0x9B, 0x61, 0x00, 0x00, 0x00, 0x00, 0x74, 0x1A, 0x00, 0x00, 0x00, 0x00, 0x87, 0x24, 0x00,
    0x00, 0x00, 0x00, 0x87, 0x24, 0x00, 0x00, 0x00, 0x00, 0x87, 0x24, 0x00, 0x00, 0x00, 0x00, 0x87,
    0x24, 0x00, 0x00, 0x00, 0x00, 0x87, 0x24, 0x00, 0x00, 0x5B, 0xB4, 0xEC, 0xFF, 0xFF, 0x2B, 0x11,
    0x2A, 0xCA, 0xD5, 0xAE, 0x15, 0x00, 0x00, 0xBF, 0x87, 0x00, 0x00, 0x00, 0x00, 0xBF, 0x87, 0x00,
    0x00, 0x00, 0x00, 0xBF, 0x87, 0x00, 0x00, 0x00, 0x00, 0xBF, 0x87, 0x00, 0x00, 0x00, 0x00, 0xBF,
    0x87, 0x00, 0x00, 0x00, 0x00, 0x49, 0x25, 0x00, 0x00, 0x00, 0x00, 0x25, 0x49, 0x00, 0x00, 0x00,
    0x00, 0x87, 0xBF, 0x00, 0x00, 0x00, 0x00, 0x87, 0xBF, 0x00, 0x00, 0x00, 0x00, 0x87, 0xBF, 0x00,
    0x00, 0x00, 0x00, 0x87, 0xBF, 0x00, 0x00, 0x00, 0x00, 0x87, 0xBF, 0x00, 0x00, 0x11, 0xB4, 0xD8,
    0xEC, 0xB4, 0x64, 0x20, 0xFF, 0xFF, 0xFF, 0xFF, 0xA2, 0x00, 0x00, 0x24, 0x87, 0x00, 0x00, 0x00,
    0x00, 0x24, 0x87, 0x00, 0x00, 0x00, 0x00, 0x24, 0x87, 0x00, 0x00, 0x00, 0x00, 0x24, 0x87, 0x00,
    0x00, 0x00, 0x00, 0x24, 0x87, 0x00, 0x00, 0x00, 0x00, 0x1A, 0x74, 0x00, 0x00, 0x00, 0x00, 0x0A,
    0x2D, 0x00, 0x00, 0x00, 0x00, 0x24, 0x87, 0x00, 0x00, 0x00, 0x00, 0x24, 0x87, 0x00, 0x00, 0x00,
    0x00, 0x24, 0x87, 0x00, 0x00, 0x00, 0x00, 0x24, 0x87, 0x00, 0x00, 0x00, 0x00, 0x24, 0x87, 0x00,
    0x00, 0x11, 0xB4, 0xAD, 0xE5, 0xB4, 0x64, 0x20, 0xFF, 0xFF, 0xFF, 0xFF, 0xA2, 0x00, 0x00, 0x87,
    0xBF, 0x00, 0x00, 0x00, 0x00, 0x87, 0xBF, 0x00, 0x00, 0x00, 0x00, 0x87, 0xBF, 0x00, 0x00, 0x00,
    0x00, 0x87, 0xBF, 0x00, 0x00, 0x00, 0x00, 0x87, 0xBF, 0x00, 0x00, 0x00, 0x00, 0x61, 0x9B, 0x00,
    0x00, 0x00, 0x00, 0x49, 0x25, 0x00, 0x00, 0x00, 0x00, 0xBF, 0x87, 0x00, 0x00, 0x00, 0x00, 0xBF,
    0x87, 0x00, 0x00, 0x00, 0x00, 0xBF, 0x87, 0x00, 0x00, 0x00, 0x00, 0xBF, 0x87, 0x00, 0x00, 0x00,
    0x00, 0xBF, 0x87, 0x00, 0x00, 0x4B, 0xB4, 0xEC, 0x8C, 0x30, 0x06, 0x7A, 0xFF, 0xFF, 0xE5, 0xB4,
    0x1B, 0x00, 0x00, 0xBF, 0x87, 0x00, 0x00, 0x00, 0x00, 0xBF, 0x87, 0x00, 0x00, 0x00, 0x00, 0xBF,
    0x87, 0x00, 0x00, 0x00, 0x00, 0xBF, 0x87, 0x00, 0x00, 0x00, 0x00, 0xBF, 0x87, 0x00, 0x00, 0x00,
    0x00, 0x9B, 0x61, 0x00, 0x00, 0x00, 0x00, 0x49, 0x25, 0x00, 0x00, 0x00, 0x00, 0xBF, 0x87, 0x00,
    0x00, 0x00, 0x00, 0xBF, 0x87, 0x00, 0x00, 0x00, 0x00, 0xBF, 0x87, 0x00, 0x00, 0x00, 0x00, 0xBF,
    0x87, 0x00, 0x00, 0x00, 0x00, 0xBF, 0x87, 0x00, 0x00, 0x14, 0x30, 0xCB, 0xD8, 0xB4, 0x16, 0x5B,
    0xB4, 0xEC, 0xFF, 0xFF, 0x2B, 0x00, 0x00, 0xBF, 0x87, 0x00, 0x00, 0x00, 0x00, 0xBF, 0x87, 0x00,
    0x00, 0x00, 0x00, 0xBF, 0x87, 0x00, 0x00, 0x00, 0x00, 0xBF, 0x87, 0x00, 0x00, 0x00, 0x00, 0xBF,
    0x87, 0x00, 0x00, 0x00, 0x00, 0x9B, 0x61, 0x00, 0x00, 0x00, 0x00, 0x25, 0x49, 0x00, 0x00, 0x00,
    0x00, 0x87, 0xBF, 0x00, 0x00, 0x00, 0x00, 0x87, 0xBF, 0x00, 0x00, 0x00, 0x00, 0x87, 0xBF, 0x00,
    0x00, 0x00, 0x00, 0x87, 0xBF, 0x00, 0x00, 0x00, 0x00, 0x87, 0xBF, 0x00, 0x00, 0x11, 0xB4, 0xD8,
    0xEC, 0xB4, 0x64, 0x20, 0xFF, 0xFF, 0xFF, 0xFF, 0xA2, 0x00, 0x00, 0x87, 0xBF, 0x00, 0x00, 0x00,
    0x00, 0x87, 0xBF, 0x00, 0x00, 0x00, 0x00, 0x87, 0xBF, 0x00, 0x00, 0x00, 0x00, 0x87, 0xBF, 0x00,
    0x00, 0x00, 0x00, 0x87, 0xBF, 0x00, 0x00, 0x00, 0x00, 0x61, 0x9B, 0x00, 0x00, 0x10, 0xB4, 0x5A,
    0x10, 0xB4, 0x5A, 0x03, 0x30, 0x13, 0x03, 0x30, 0x13, 0x0D, 0xB4, 0x4B, 0x0D, 0xB4, 0x4B, 0x1B,
    0xFF, 0x91, 0x1B, 0xFF, 0x91, 0x01, 0x09, 0x30, 0xB4, 0x30, 0xB4, 0x21, 0x97, 0x00, 0x00, 0x00,
    0x00, 0x21, 0x97, 0x30, 0xB4, 0x30, 0xB4, 0x01, 0x09, 0x0F, 0x07, 0xFF, 0xB4, 0xFF, 0xB4, 0xCB,
    0x7E, 0x00, 0x00, 0x00, 0x00, 0xCB, 0x7E, 0xFF, 0xB4, 0xFF, 0xB4, 0x0F, 0x07, 0x01, 0x0C, 0x0C,
    0x0C, 0x0C, 0x06, 0x17, 0xCD, 0xCD, 0xCD, 0xCD, 0x8A, 0x17, 0xD7, 0xD7, 0xD7, 0xD7, 0x90, 0x48,
    0x45, 0x03, 0xD7, 0xCD, 0x0C, 0xD7, 0xCD, 0x0C, 0xD7, 0xCD, 0x0C, 0xD7, 0xCD, 0x0C, 0xD7, 0xCD,
    0x0C, 0xD7, 0xCD, 0x0C, 0xD7, 0xCD, 0x0C, 0xD7, 0xCD, 0x0C, 0xD7, 0xCD, 0x0C, 0xD7, 0xCD, 0x0C,
    0xD7, 0xCD, 0x0C, 0xD7, 0xCD, 0x0C, 0xB8, 0xAF, 0x07, 0x08, 0x0C, 0x0B, 0x06, 0xB1, 0xD3, 0xC5,
    0x8A, 0xB1, 0xDC, 0xCE, 0x90, 0x83, 0x17, 0x00, 0x00, 0x83, 0x17, 0x00, 0x00, 0x83, 0x17, 0x00,
    0x00, 0x83, 0x17, 0x00, 0x00, 0x83, 0x17, 0x00, 0x00, 0x4D, 0x0E, 0x00, 0x00, 0xB4, 0xB4, 0xA7,
    0x4C, 0xDD, 0x4E, 0x2C, 0x10, 0xD1, 0x24, 0x00, 0x00, 0xD1, 0x24, 0x00, 0x00, 0xD1, 0x24, 0x00,
    0x00, 0xD1, 0x24, 0x00, 0x00, 0xD1, 0x24, 0x00, 0x00, 0x46, 0x0B, 0x00, 0x00, 0x0C, 0x0C, 0x0B,
    0x03, 0xE0, 0xCD, 0xBE, 0x54, 0xBA, 0xD1, 0xC7, 0x58, 0xD4, 0x25, 0x00, 0x00, 0xD4, 0x25, 0x00,
    0x00, 0xD4, 0x25, 0x00, 0x00, 0xD4, 0x25, 0x00, 0x00, 0xD4, 0x25, 0x00, 0x00, 0x7A, 0x13, 0x00,
    0x00, 0x00, 0x01, 0x0C, 0x0C, 0x0C, 0x06, 0x00, 0x1E, 0xCD, 0xCD, 0xDA, 0xB4, 0x00, 0x1F, 0xD7,
    0xD7, 0xE3, 0xB4, 0x00, 0x00, 0x00, 0x00, 0x30, 0xB4, 0x00, 0x00, 0x00, 0x00, 0x30, 0xB4, 0x00,
    0x00, 0x00, 0x00, 0x30, 0xB4, 0x00, 0x00, 0x00, 0x00, 0x30, 0xB4, 0x00, 0x00, 0x00, 0x00, 0x30,
    0xB4, 0x00, 0x00, 0x00, 0x00, 0x18, 0x6C, 0x2B, 0x99, 0xB4, 0xB4, 0x89, 0x06, 0x09, 0x28, 0x30,
    0xE2, 0xA7, 0x0C, 0x00, 0x00, 0x00, 0xD6, 0x9D, 0x0C, 0x00, 0x00, 0x00, 0xD6, 0x9D, 0x0C, 0x00,
    0x00, 0x00, 0xD6, 0x9D, 0x0C, 0x00, 0x00, 0x00, 0xD6, 0x9D, 0x0C, 0x00, 0x00, 0x00, 0xD6, 0x9D,
    0x0C, 0x00, 0x00, 0x00, 0x48, 0x35, 0x03, 0x02, 0x0A, 0x0C, 0x0C, 0x09, 0x00, 0x2E, 0xAE, 0xCD,
    0xD1, 0xC2, 0x0C, 0x31, 0xB6, 0xD7, 0xAF, 0x9D, 0x0C, 0x00, 0x00, 0x00, 0xD6, 0x9D, 0x0C, 0x00,
    0x00, 0x00, 0xD6, 0x9D, 0x0C, 0x00, 0x00, 0x00, 0xD6, 0x9D, 0x0C, 0x00, 0x00, 0x00, 0xD6, 0x9D,
    0x0C, 0x00, 0x00, 0x00, 0xD6, 0x9D, 0x0C, 0x00, 0x00, 0x00, 0x7C, 0x5A, 0x04, 0x4E, 0x0E, 0x00,
    0x00, 0x83, 0x17, 0x00, 0x00, 0x83, 0x17, 0x00, 0x00, 0x83, 0x17, 0x00, 0x00, 0x83, 0x17, 0x00,
    0x00, 0x84, 0x21, 0x0B, 0x06, 0xB1, 0xD3, 0xC5, 0x8A, 0xB1, 0xDC, 0xCE, 0x90, 0xB2, 0x1C, 0x00,
    0x00, 0xD1, 0x24, 0x00, 0x00, 0xD1, 0x24, 0x00, 0x00, 0xD1, 0x24, 0x00, 0x00, 0xD1, 0x24, 0x00,
    0x00, 0xD1, 0x24, 0x00, 0x00, 0xFF, 0xC0, 0xA7, 0x4C, 0x30, 0x30, 0x2C, 0x10, 0x7F, 0x15, 0x00,
    0x00, 0xD4, 0x25, 0x00, 0x00, 0xD4, 0x25, 0x00, 0x00, 0xD4, 0x25, 0x00, 0x00, 0xD4, 0x25, 0x00,
    0x00, 0xD4, 0x2E, 0x0B, 0x03, 0xB8, 0xCC, 0xC2, 0x55, 0xE6, 0xD7, 0xC7, 0x58, 0x00, 0x00, 0x00,
    0x00, 0x18, 0x6F, 0x00, 0x00, 0x00, 0x00, 0x30, 0xB4, 0x00, 0x00, 0x00, 0x00, 0x30, 0xB4, 0x00,
    0x00, 0x00, 0x00, 0x30, 0xB4, 0x00, 0x00, 0x00, 0x00, 0x30, 0xB4, 0x00, 0x01, 0x0C, 0x0C, 0x3A,
    0xB4, 0x00, 0x1E, 0xCD, 0xCD, 0xDA, 0xB4, 0x00, 0x1F, 0xD7, 0xD7, 0xE3, 0xB4, 0x00, 0x00, 0x00,
    0xB7, 0x85, 0x07, 0x00, 0x00, 0x00, 0xD6, 0x9D, 0x0C, 0x00, 0x00, 0x00, 0xD6, 0x9D, 0x0C, 0x00,
    0x00, 0x00, 0xD6, 0x9D, 0x0C, 0x00, 0x00, 0x00, 0xD6, 0x9D, 0x0C, 0x00, 0x00, 0x00, 0xD6, 0x9D,
    0x0C, 0x2B, 0x99, 0xB4, 0xFF, 0xC2, 0x0C, 0x09, 0x28, 0x30, 0x30, 0x24, 0x01, 0x00, 0x00, 0x00,
    0x81, 0x5E, 0x06, 0x00, 0x00, 0x00, 0xD6, 0x9D, 0x0C, 0x00, 0x00, 0x00, 0xD6, 0x9D, 0x0C, 0x00,
    0x00, 0x00, 0xD6, 0x9D, 0x0C, 0x00, 0x00, 0x00, 0xD6, 0x9D, 0x0C, 0x02, 0x0A, 0x0C, 0xD6, 0x9D,
    0x0C, 0x30, 0xB2, 0xD2, 0xAB, 0x9D, 0x0C, 0x31, 0xB6, 0xD7, 0xDA, 0xC2, 0x0C, 0x2A, 0x08, 0x00,
    0x00, 0x83, 0x17, 0x00, 0x00, 0x83, 0x17, 0x00, 0x00, 0x83, 0x17, 0x00, 0x00, 0x83, 0x17, 0x00,
    0x00, 0x83, 0x17, 0x00, 0x00, 0xB1, 0xDC, 0xCE, 0x90, 0xA9, 0xB1, 0x9F, 0x5E, 0x97, 0x69, 0x55,
    0x31, 0x83, 0x17, 0x00, 0x00, 0x83, 0x17, 0x00, 0x00, 0x83, 0x17, 0x00, 0x00, 0x83, 0x17, 0x00,
    0x00, 0x6D, 0x13, 0x00, 0x00, 0x47, 0x0B, 0x00, 0x00, 0xD4, 0x25, 0x00, 0x00, 0xD4, 0x25, 0x00,
    0x00, 0xD4, 0x25, 0x00, 0x00, 0xD4, 0x25, 0x00, 0x00, 0xD4, 0x25, 0x00, 0x00, 0xD4, 0x4D, 0x2C,
    0x10, 0xD4, 0xBA, 0xA7, 0x49, 0xD4, 0x25, 0x00, 0x00, 0xD4, 0x25, 0x00, 0x00, 0xD4, 0x25, 0x00,
    0x00, 0xD4, 0x25, 0x00, 0x00, 0xD4, 0x25, 0x00, 0x00, 0xB6, 0x1D, 0x00, 0x00, 0x47, 0x0B, 0x00,
    0x00, 0xD4, 0x25, 0x00, 0x00, 0xD4, 0x25, 0x00, 0x00, 0xD4, 0x25, 0x00, 0x00, 0xD4, 0x25, 0x00,
    0x00, 0xD4, 0x25, 0x00, 0x00, 0xC3, 0xD4, 0xC7, 0x58, 0x95, 0xA1, 0x9A, 0x39, 0xD4, 0x71, 0x53,
    0x1E, 0xD4, 0x25, 0x00, 0x00, 0xD4, 0x25, 0x00, 0x00, 0xD4, 0x25, 0x00, 0x00, 0xD4, 0x25, 0x00,
    0x00, 0xB6, 0x1D, 0x00, 0x00, 0x00, 0x00, 0x00, 0x00, 0x0D, 0x3C, 0x00, 0x00, 0x00, 0x00, 0x30,
    0xB4, 0x00, 0x00, 0x00, 0x00, 0x30, 0xB4, 0x00, 0x00, 0x00, 0x00, 0x30, 0xB4, 0x00, 0x00, 0x00,
    0x00, 0x30, 0xB4, 0x00, 0x00, 0x00, 0x00, 0x30, 0xB4, 0x00, 0x1F, 0xD7, 0xD7, 0xE3, 0xB4, 0x00,
    0x15, 0xA8, 0xA8, 0xA2, 0xB4, 0x00, 0x0A, 0x5A, 0x5A, 0x7E, 0xB4, 0x00, 0x00, 0x00, 0x00, 0x30,
    0xB4, 0x00, 0x00, 0x00, 0x00, 0x30, 0xB4, 0x00, 0x00, 0x00, 0x00, 0x30, 0xB4, 0x00, 0x00, 0x00,
    0x00, 0x30, 0xB4, 0x00, 0x00, 0x00, 0x00, 0x22, 0x9A, 0x00, 0x00, 0x00, 0x48, 0x35, 0x03, 0x00,
    0x00, 0x00, 0xD6, 0x9D, 0x0C, 0x00, 0x00, 0x00, 0xD6, 0x9D, 0x0C, 0x00, 0x00, 0x00, 0xD6, 0x9D,
    0x0C, 0x00, 0x00, 0x00, 0xD6, 0x9D, 0x0C, 0x00, 0x00, 0x00, 0xD6, 0x9D, 0x0C, 0x09, 0x28, 0x30,
    0xD6, 0x9D, 0x0C, 0x29, 0x99, 0xB4, 0xD6, 0x9D, 0x0C, 0x00, 0x00, 0x00, 0xD6, 0x9D, 0x0C, 0x00,
    0x00, 0x00, 0xD6, 0x9D, 0x0C, 0x00, 0x00, 0x00, 0xD6, 0x9D, 0x0C, 0x00, 0x00, 0x00, 0xD6, 0x9D,
    0x0C, 0x00, 0x00, 0x00, 0xD6, 0x9D, 0x0C, 0x00, 0x00, 0x00, 0xB7, 0x85, 0x07, 0x00, 0x00, 0x00,
    0x48, 0x35, 0x03, 0x00, 0x00, 0x00, 0xD6, 0x9D, 0x0C, 0x00, 0x00, 0x00, 0xD6, 0x9D, 0x0C, 0x00,
    0x00, 0x00, 0xD6, 0x9D, 0x0C, 0x00, 0x00, 0x00, 0xD6, 0x9D, 0x0C, 0x00, 0x00, 0x00, 0xD6, 0x9D,
    0x0C, 0x31, 0xB6, 0xD7, 0xBD, 0x9D, 0x0C, 0x20, 0x8C, 0xA8, 0x78, 0x9D, 0x0C, 0x10, 0x4B, 0x5A,
    0xD6, 0x9D, 0x0C, 0x00, 0x00, 0x00, 0xD6, 0x9D, 0x0C, 0x00, 0x00, 0x00, 0xD6, 0x9D, 0x0C, 0x00,
    0x00, 0x00, 0xD6, 0x9D, 0x0C, 0x00, 0x00, 0x00, 0xD6, 0x9D, 0x0C, 0x00, 0x00, 0x00, 0xB7, 0x85,
    0x07, 0x01, 0x0C, 0x0C, 0x0C, 0x0C, 0x06, 0x17, 0xCD, 0xCD, 0xCD, 0xCD, 0x8A, 0x17, 0xD7, 0xD7,
    0xD7, 0xD7, 0x90, 0x00, 0x00, 0x24, 0x87, 0x00, 0x00, 0x00, 0x00, 0x24, 0x87, 0x00, 0x00, 0x00,
    0x00, 0x24, 0x87, 0x00, 0x00, 0x00, 0x00, 0x24, 0x87, 0x00, 0x00, 0x00, 0x00, 0x24, 0x87, 0x00,
    0x00, 0x00, 0x00, 0x11, 0x4D, 0x00, 0x00, 0x14, 0xB4, 0xB4, 0xB4, 0xB4, 0x79, 0x05, 0x30, 0xB6,
    0x99, 0x44, 0x1B, 0x00, 0x00, 0xA1, 0x95, 0x17, 0x00, 0x00, 0x00, 0xA1, 0x95, 0x17, 0x00, 0x00,
    0x00, 0xA1, 0x95, 0x17, 0x00, 0x00, 0x00, 0xA1, 0x95, 0x17, 0x00, 0x00, 0x00, 0xA1, 0x95, 0x17,
    0x00, 0x00, 0x00, 0x36, 0x29, 0x06, 0x00, 0x01, 0x0C, 0x0C, 0x0C, 0x0C, 0x06, 0x17, 0xCD, 0xCD,
    0xCD, 0xCD, 0x8A, 0x17, 0xD7, 0xC2, 0x8A, 0xD7, 0x90, 0x00, 0x00, 0xA1, 0x95, 0x17, 0x00, 0x00,
    0x00, 0xA1, 0x95, 0x17, 0x00, 0x00, 0x00, 0xA1, 0x95, 0x17, 0x00, 0x00, 0x00, 0xA1, 0x95, 0x17,
    0x00, 0x00, 0x00, 0xA1, 0x95, 0x17, 0x00, 0x00, 0x00, 0x5D, 0x48, 0x0B, 0x00, 0x00, 0x00, 0x12,
    0x51, 0x00, 0x00, 0x00, 0x00, 0x24, 0x87, 0x00, 0x00, 0x00, 0x00, 0x24, 0x87, 0x00, 0x00, 0x00,
    0x00, 0x24, 0x87, 0x00, 0x00, 0x00, 0x00, 0x24, 0x87, 0x00, 0x00, 0x01, 0x0C, 0x2F, 0x8C, 0x0C,
    0x06, 0x17, 0xD2, 0xD2, 0xD2, 0xD2, 0x8D, 0x17, 0xD7, 0xD7, 0xD7, 0xD7, 0x90, 0x00, 0x00, 0x8A,
    0x6A, 0x10, 0x00, 0x00, 0x00, 0xA1, 0x95, 0x17, 0x00, 0x00, 0x00, 0xA1, 0x95, 0x17, 0x00, 0x00,
    0x00, 0xA1, 0x95, 0x17, 0x00, 0x00, 0x00, 0xA1, 0x95, 0x17, 0x00, 0x00, 0x00, 0xA1, 0x95, 0x17,
    0x00, 0x14, 0xB4, 0xEC, 0xEA, 0xBC, 0x79, 0x05, 0x30, 0x30, 0x30, 0x30, 0x1B, 0x00, 0x00, 0x61,
    0x4A, 0x0B, 0x00, 0x00, 0x00, 0xA1, 0x95, 0x17, 0x00, 0x00, 0x00, 0xA1, 0x95, 0x17, 0x00, 0x00,
    0x00, 0xA1, 0x95, 0x17, 0x00, 0x00, 0x00, 0xA1, 0x95, 0x17, 0x00, 0x01, 0x0C, 0xA5, 0x97, 0x22,
    0x06, 0x17, 0xD2, 0xBE, 0x86, 0xD2, 0x8D, 0x17, 0xD7, 0xD7, 0xD7, 0xD7, 0x90, 0x00, 0x00, 0x0A,
    0x2D, 0x00, 0x00, 0x00, 0x00, 0x24, 0x87, 0x00, 0x00, 0x00, 0x00, 0x24, 0x87, 0x00, 0x00, 0x00,
    0x00, 0x24, 0x87, 0x00, 0x00, 0x00, 0x00, 0x24, 0x87, 0x00, 0x00, 0x00, 0x00, 0x24, 0x87, 0x00,
    0x00, 0x17, 0xD7, 0xE0, 0xF5, 0xD7, 0x90, 0x10, 0xA8, 0xA4, 0xDF, 0xA8, 0x5E, 0x08, 0x5A, 0x75,
    0xB6, 0x5A, 0x31, 0x00, 0x00, 0x24, 0x87, 0x00, 0x00, 0x00, 0x00, 0x24, 0x87, 0x00, 0x00, 0x00,
    0x00, 0x24, 0x87, 0x00, 0x00, 0x00, 0x00, 0x24, 0x87, 0x00, 0x00, 0x00, 0x00, 0x1A, 0x74, 0x00,
    0x00, 0x00, 0x00, 0x36, 0x29, 0x06, 0x00, 0x00, 0x00, 0xA1, 0x95, 0x17, 0x00, 0x00, 0x00, 0xA1,
    0x95, 0x17, 0x00, 0x00, 0x00, 0xA1, 0x95, 0x17, 0x00, 0x00, 0x00, 0xA1, 0x95, 0x17, 0x00, 0x00,
    0x00, 0xA1, 0x95, 0x17, 0x00, 0x05, 0x30, 0xB6, 0x99, 0x44, 0x1B, 0x14, 0xB4, 0xEC, 0xEA, 0xBC,
    0x79, 0x00, 0x00, 0xA1, 0x95, 0x17, 0x00, 0x00, 0x00, 0xA1, 0x95, 0x17, 0x00, 0x00, 0x00, 0xA1,
    0x95, 0x17, 0x00, 0x00, 0x00, 0xA1, 0x95, 0x17, 0x00, 0x00, 0x00, 0xA1, 0x95, 0x17, 0x00, 0x00,
    0x00, 0x8A, 0x6A, 0x10, 0x00, 0x00, 0x00, 0x61, 0x60, 0x02, 0x00, 0x00, 0x00, 0xA1, 0xA1, 0x03,
    0x00, 0x00, 0x00, 0xA1, 0xA1, 0x03, 0x00, 0x00, 0x00, 0xA1, 0xA1, 0x03, 0x00, 0x00, 0x00, 0xA1,
    0xA1, 0x03, 0x00, 0x02, 0x0C, 0xA4, 0xA3, 0x0F, 0x03, 0x3E, 0xD2, 0xB3, 0xB0, 0xD2, 0x55, 0x3F,
    0xD7, 0xB7, 0xB4, 0xD7, 0x58, 0x00, 0x00, 0xA1, 0xA1, 0x03, 0x00, 0x00, 0x00, 0xA1, 0xA1, 0x03,
    0x00, 0x00, 0x00, 0xA1, 0xA1, 0x03, 0x00, 0x00, 0x00, 0xA1, 0xA1, 0x03, 0x00, 0x00, 0x00, 0xA1,
    0xA1, 0x03, 0x00, 0x00, 0x00, 0x5D, 0x5C, 0x01, 0x00, 0x00, 0x2A, 0x9F, 0x76, 0x42, 0xC9, 0x58,
    0x1C, 0x91, 0x25, 0x00, 0x00, 0x85, 0x19, 0x00, 0x00, 0x83, 0x17, 0x00, 0x00, 0x83, 0x17, 0x00,
    0x00, 0x83, 0x17, 0x00, 0x00, 0x2A, 0x08, 0x00, 0x00, 0x00, 0x1B, 0xA1, 0x6D, 0x00, 0x00, 0x00,
    0x06, 0x43, 0xAE, 0xC8, 0x00, 0x00, 0x00, 0x00, 0x00, 0xAE, 0x6D, 0x00, 0x00, 0x00, 0x00, 0x43,
    0xA1, 0x00, 0x00, 0x00, 0x00, 0x30, 0xB4, 0x00, 0x00, 0x00, 0x00, 0x30, 0xB4, 0x00, 0x00, 0x00,
    0x00, 0x30, 0xB4, 0x00, 0x00, 0x00, 0x00, 0x0D, 0x3C, 0x00, 0x00, 0x00, 0x00, 0x22, 0x9A, 0x00,
    0x00, 0x00, 0x00, 0x30, 0xB4, 0x00, 0x00, 0x00, 0x00, 0x30, 0xB4, 0x00, 0x00, 0x00, 0x00, 0x31,
    0xB1, 0x00, 0x00, 0x00, 0x00, 0x60, 0xA5, 0x00, 0x00, 0x00, 0x09, 0xD7, 0x30, 0x00, 0x1B, 0xC4,
    0xE8, 0x69, 0x00, 0x00, 0x06, 0x1B, 0x00, 0x00, 0x00, 0x6D, 0x13, 0x00, 0x00, 0x83, 0x17, 0x00,
    0x00, 0x83, 0x17, 0x00, 0x00, 0x82, 0x17, 0x00, 0x00, 0x87, 0x1B, 0x00, 0x00, 0x7E, 0x5C, 0x00,
    0x00, 0x10, 0xB4, 0xC9, 0x79, 0x00, 0x00, 0x09, 0x19, 0x00, 0x00, 0x00, 0x00, 0x00, 0x64, 0x00,
    0x00, 0x00, 0x00, 0x0F, 0xE6, 0x00, 0x00, 0x00, 0x00, 0xB8, 0x6F, 0x00, 0x00, 0x00, 0x1E, 0xDC,
    0x00, 0x00, 0x00, 0x00, 0xB5, 0x4E, 0x00, 0x00, 0x00, 0x34, 0xCA, 0x00, 0x00, 0x00, 0x00, 0xCB,
    0x34, 0x00, 0x00, 0x00, 0x4F, 0xB4, 0x00, 0x00, 0x00, 0x00, 0xDC, 0x1E, 0x00, 0x00, 0x00, 0x70,
    0xB7, 0x00, 0x00, 0x00, 0x00, 0xE6, 0x0F, 0x00, 0x00, 0x00, 0x00, 0x64, 0x00, 0x00, 0x00, 0x00,
    0x00, 0x64, 0x00, 0x00, 0x00, 0x00, 0x00, 0xE6, 0x0F, 0x00, 0x00, 0x00, 0x00, 0x70, 0xB7, 0x00,
    0x00, 0x00, 0x00, 0x00, 0xDC, 0x1E, 0x00, 0x00, 0x00, 0x00, 0x4F, 0xB4, 0x00, 0x00, 0x00, 0x00,
    0x00, 0xCB, 0x33, 0x00, 0x00, 0x00, 0x00, 0x34, 0xCA, 0x00, 0x00, 0x00, 0x00, 0x00, 0xB5, 0x4E,
    0x00, 0x00, 0x00, 0x00, 0x1F, 0xDC, 0x00, 0x00, 0x00, 0x00, 0x00, 0xB8, 0x6F, 0x00, 0x00, 0x00,
    0x00, 0x0F, 0xE6, 0x00, 0x00, 0x00, 0x00, 0x00, 0x64, 0x31, 0x00, 0x00, 0x00, 0x00, 0x31, 0xE4,
    0x01, 0x00, 0x00, 0x01, 0xE6, 0x9F, 0x88, 0x00, 0x00, 0x8A, 0x9D, 0x06, 0xE7, 0x0A, 0x0A, 0xE7,
    0x06, 0x00, 0x7C, 0xAB, 0xAC, 0x7B, 0x00, 0x00, 0x00, 0xE2, 0xE2, 0x00, 0x00, 0x00, 0x00, 0xB5,
    0xB5, 0x00, 0x00, 0x00, 0x2D, 0xD0, 0xD0, 0x2D, 0x00, 0x00, 0xC5, 0x3A, 0x3C, 0xC4, 0x00, 0x46,
    0xBB, 0x00, 0x00, 0xBC, 0x45, 0xD8, 0x24, 0x00, 0x00, 0x25, 0xD7, 0xA0, 0x00, 0x00, 0x00, 0x00,
    0xA2, 0x00, 0x1B, 0xB4, 0xB4, 0xB4, 0x79, 0x00, 0x06, 0x30, 0x30, 0x30, 0x1B, 0x22, 0x9A, 0x30,
    0xB4, 0x30, 0xB4, 0x30, 0xB4, 0x30, 0xB4, 0x30, 0xB4, 0x30, 0xB4, 0x06, 0x1B, 0x7B, 0xB4, 0xAD,
    0x79, 0x20, 0x30, 0x2D, 0x1B, 0x06, 0x1B, 0x30, 0xB4, 0x30, 0xB4, 0x30, 0xB4, 0x30, 0xB4, 0x30,
    0xB4, 0x30, 0xB4, 0x22, 0x9A, 0x00, 0x16, 0xB4, 0xB4, 0xB4, 0x64, 0x00, 0x2B, 0xFF, 0xFF, 0xFF,
    0xA2, 0xCF, 0x81, 0xFF, 0xB4, 0xFF, 0xB4, 0xFF, 0xB4, 0xFF, 0xB4, 0xFF, 0xB4, 0xFF, 0xB4, 0x2B,
    0x16, 0x79, 0xB4, 0xAA, 0x64, 0xB0, 0xFF, 0xF3, 0xA2, 0x2B, 0x16, 0xFF, 0xB4, 0xFF, 0xB4, 0xFF,
    0xB4, 0xFF, 0xB4, 0xFF, 0xB4, 0xFF, 0xB4, 0xCF, 0x81, 0x05, 0x30, 0x3C, 0xB4, 0xB4, 0x64, 0x14,
    0xB4, 0xBE, 0xFF, 0xFF, 0xA2, 0x3C, 0x0D, 0xB4, 0x30, 0xB4, 0x30, 0xB4, 0x30, 0xB4, 0x30, 0xB4,
    0x30, 0xC1, 0x40, 0xFF, 0xB4, 0xFF, 0xB4, 0xFF, 0xB4, 0xFF, 0xB4, 0xFF, 0xB4, 0xFF, 0xB4, 0xCF,
    0x81, 0x11, 0xB4, 0xB4, 0x67, 0x30, 0x1B, 0x20, 0xFF, 0xFF, 0xE2, 0xB4, 0x79, 0xCF, 0x81, 0xFF,
    0xB4, 0xFF, 0xB4, 0xFF, 0xB4, 0xFF, 0xB4, 0xFF, 0xB4, 0xFF, 0xB4, 0xC1, 0x40, 0xB4, 0x30, 0xB4,
    0x30, 0xB4, 0x30, 0xB4, 0x30, 0xB4, 0x30, 0x3C, 0x0D, 0xFF, 0xFF, 0xFF, 0xFF, 0xFF, 0xC8, 0x40,
    0xFF, 0xFF, 0xFF, 0xFF, 0xFF, 0xCB, 0x48, 0xFF, 0xFF, 0xFF, 0xFF, 0xFF, 0xCB, 0x48, 0xFF, 0xFF,
    0xFF, 0xFF, 0xFF, 0xCB, 0x48, 0xFF, 0xFF, 0xFF, 0xFF, 0xFF, 0xCB, 0x48, 0xFF, 0xFF, 0xFF, 0xFF,
    0xFF, 0xCB, 0x48, 0xFF, 0xFF, 0xFF, 0xFF, 0xFF, 0xCB, 0x48, 0x59, 0x5A, 0x5A, 0x5A, 0x5A, 0x45,
    0x10, 0xD2, 0xD2, 0xD2, 0xD2, 0xD2, 0xD2, 0xD8, 0xD7, 0x00, 0x00, 0x00, 0x00, 0x00, 0xD7, 0xD7,
    0x00, 0x00, 0x00, 0x00, 0x00, 0xD7, 0xD7, 0x00, 0x00, 0x00, 0x00, 0x00, 0xD7, 0xD7, 0x00, 0x00,
    0x00, 0x00, 0x00, 0xD7, 0xD7, 0x00, 0x00, 0x00, 0x00, 0x00, 0xD7, 0xD8, 0x06, 0x06, 0x06, 0x06,
    0x06, 0xD8, 0xCA, 0xD2, 0xD2, 0xD2, 0xD2, 0xD2, 0xD2, 0x00, 0x00, 0x4D, 0x00, 0x00, 0x00, 0x00,
    0x00, 0x0F, 0xDE, 0x4E, 0x00, 0x00, 0x00, 0x00, 0x86, 0xF5, 0xDF, 0x00, 0x00, 0x00, 0x0C, 0xBC,
    0xFF, 0xFF, 0x43, 0x00, 0x00, 0x6C, 0xEC, 0xFF, 0xFF, 0xC1, 0x00, 0x00, 0x9B, 0xFF, 0xFF, 0xFF,
    0xE6, 0x38, 0x00, 0xE3, 0xFF, 0xFF, 0xFF, 0xFB, 0xA1, 0x00, 0xA3, 0xAE, 0xAE, 0xAE, 0xAE, 0x7E,
    0x0C, 0x4E, 0x04, 0x00, 0x00, 0x00, 0x00, 0x00, 0xFF, 0xC5, 0x26, 0x00, 0x00, 0x00, 0x00, 0xFF,
    0xFF, 0xFF, 0xAF, 0x0E, 0x00, 0x00, 0xFF, 0xFF, 0xFF, 0xFF, 0xF4, 0x80, 0x06, 0xFF, 0xFF, 0xFF,
    0xFF, 0xD1, 0x3C, 0x00, 0xFF, 0xFF, 0xEA, 0x54, 0x00, 0x00, 0x00, 0xF1, 0x7E, 0x0C, 0x00, 0x00,
    0x00, 0x00, 0x21, 0x00, 0x00, 0x00, 0x00, 0x00, 0x00, 0xC9, 0xDC, 0xDC, 0xDC, 0xDB, 0x9A, 0x0C,
    0xCF, 0xFF, 0xFF, 0xFF, 0xF5, 0x86, 0x00, 0x94, 0xFF, 0xFF, 0xFF, 0xE1, 0x20, 0x00, 0x52, 0xDF,
    0xFF, 0xFF, 0xA0, 0x00, 0x00, 0x02, 0xB7, 0xFF, 0xFF, 0x25, 0x00, 0x00, 0x00, 0x65, 0xEF, 0xBA,
    0x00, 0x00, 0x00, 0x00, 0x03, 0xDB, 0x2A, 0x00, 0x00, 0x00, 0x00, 0x00, 0x21, 0x00, 0x00, 0x00,
    0x00, 0x00, 0x00, 0x00, 0x00, 0x15, 0x6B, 0x2D, 0x00, 0x00, 0x03, 0x85, 0xFF, 0xCB, 0x48, 0x02,
    0x61, 0xEE, 0xFF, 0xFF, 0xCB, 0x48, 0xC9, 0xFF, 0xFF, 0xFF, 0xFF, 0xCB, 0x48, 0x84, 0xEE, 0xFF,
    0xFF, 0xFF, 0xCB, 0x48, 0x00, 0x23, 0xAE, 0xFF, 0xFF, 0xCB, 0x48, 0x00, 0x00, 0x00, 0x31, 0xCC,
    0xCB, 0x48, 0x00, 0x00, 0x00, 0x00, 0x07, 0x2B, 0x1C, 0x00, 0x00, 0x8B, 0x10, 0x00, 0x00, 0x00,
    0x00, 0x84, 0xF5, 0xF1, 0x0E, 0x00, 0x00, 0x6B, 0xEB, 0xFF, 0xFF, 0xD1, 0x0B, 0x00, 0xE1, 0xFF,
    0xFF, 0xFF, 0xFD, 0xB0, 0x0C, 0xCC, 0xFF, 0xFF, 0xFF, 0xF4, 0x7F, 0x00, 0x4E, 0xDD, 0xFF, 0xFF,
    0x99, 0x00, 0x00, 0x00, 0x61, 0xEE, 0xB2, 0x00, 0x00, 0x00, 0x00, 0x00, 0x43, 0x00, 0x00, 0x00,
    0x00, 0x00, 0x00, 0x8B, 0x10, 0x00, 0x00, 0x00, 0x00, 0x84, 0xD1, 0xEB, 0x0E, 0x00, 0x00, 0x6B,
    0xAA, 0x17, 0x7B, 0xCC, 0x0B, 0x00, 0xB0, 0x31, 0x00, 0x00, 0x8A, 0xAF, 0x0C, 0xBD, 0x4A, 0x02,
    0x00, 0xAD, 0x7F, 0x00, 0x4E, 0xC8, 0x2B, 0xAB, 0x99, 0x00, 0x00, 0x00, 0x61, 0xEE, 0xB2, 0x00,
    0x00, 0x00, 0x00, 0x00, 0x43, 0x00, 0x00, 0x00, 0x00, 0x00, 0x1E, 0xA3, 0xDD, 0xA7, 0x22, 0x00,
    0x30, 0xF2, 0x64, 0x0F, 0x5E, 0xF0, 0x37, 0xD2, 0x39, 0x00, 0x00, 0x00, 0x30, 0xD9, 0xE7, 0x00,
    0x00, 0x00, 0x00, 0x00, 0xE6, 0xE7, 0x00, 0x00, 0x00, 0x00, 0x00, 0xE7, 0xCE, 0x3D, 0x00, 0x00,
    0x00, 0x34, 0xD4, 0x2A, 0xF0, 0x70, 0x19, 0x69, 0xED, 0x30, 0x00, 0x16, 0xB7, 0xD4, 0xBB, 0x19,
    0x00, 0x1F, 0x9D, 0xF7, 0xDD, 0x51, 0x00, 0x00, 0xB2, 0xFF, 0xFF, 0xFF, 0xEF, 0x67, 0x00, 0xF6,
    0xFF, 0xFF, 0xFF, 0xFF, 0xB9, 0x09, 0xFF, 0xFF, 0xFF, 0xFF, 0xFF, 0xC6, 0x39, 0xFF, 0xFF, 0xFF,
    0xFF, 0xFF, 0xC0, 0x21, 0xD7, 0xFF, 0xFF, 0xFF, 0xFB, 0xA4, 0x00, 0x70, 0xED, 0xFF, 0xFF, 0xCF,
    0x16, 0x00, 0x00, 0x25, 0x76, 0x4E, 0x00, 0x00, 0x00, 0x01, 0x06, 0x06, 0x06, 0x06, 0x06, 0x01,
    0xA6, 0xA8, 0xA8, 0xA8, 0xA8, 0xA8, 0xAC, 0xA8, 0x00, 0x00, 0x00, 0x00, 0x00, 0xA8, 0xA8, 0x00,
    0x00, 0x00, 0x00, 0x00, 0xA8, 0xA8, 0x00, 0x00, 0x00, 0x00, 0x00, 0xA8, 0xA8, 0x00, 0x00, 0x00,
    0x00, 0x00, 0xA8, 0xA2, 0xA8, 0xA8, 0xA8, 0xA8, 0xA8, 0xA6, 0x01, 0x06, 0x06, 0x06, 0x06, 0x06,
    0x03, 0xAE, 0xA8, 0xA8, 0xA8, 0xA8, 0xA8, 0xA6, 0xAE, 0x00, 0x00, 0x00, 0x5A, 0x30, 0xAE, 0xAE,
    0x00, 0x00, 0x22, 0x85, 0x00, 0xAE, 0xAE, 0x18, 0x51, 0xAE, 0x06, 0x00, 0xAE, 0xAE, 0x04, 0xBD,
    0xBB, 0x00, 0x00, 0xAE, 0xAC, 0xAE, 0xAF, 0xAE, 0xAE, 0xAE, 0xA7, 0x01, 0x06, 0x06, 0x06, 0x06,
    0x06, 0x03, 0x00, 0x00, 0x1F, 0x04, 0x00, 0x00, 0x00, 0x43, 0x77, 0xEC, 0x96, 0x91, 0x03, 0x00,
    0x74, 0xE8, 0xAF, 0xBE, 0xDD, 0x0E, 0x00, 0xE4, 0x4F, 0x5B, 0x13, 0xB3, 0xB8, 0x07, 0xA5, 0x40,
    0xDC, 0x7F, 0x7A, 0x92, 0x00, 0xDD, 0x5B, 0x13, 0x00, 0xC8, 0xB8, 0x07, 0x6D, 0xEC, 0xC4, 0xEE,
    0xDB, 0x03, 0x00, 0x2D, 0x42, 0xE3, 0x63, 0x63, 0x00, 0x00, 0x00, 0x00, 0x00, 0x00, 0x00, 0x09,
    0x00, 0x00, 0x00, 0x00, 0x16, 0xE4, 0x00, 0x01, 0x00, 0x00, 0xA0, 0x90, 0x8D, 0xA2, 0x00, 0x00,
    0xF1, 0x0D, 0x19, 0xF2, 0x00, 0x55, 0xB4, 0x00, 0x00, 0xD3, 0x36, 0xC4, 0x3C, 0x00, 0x00, 0x6D,
    0xAC, 0xDF, 0x00, 0x00, 0x00, 0x04, 0xFF, 0x84, 0x00, 0x00, 0x00, 0x00, 0x00, 0x00, 0x00, 0x06,
    0x01, 0x00, 0x00, 0xA5, 0x57, 0x24, 0xFF, 0x63, 0x00, 0x00, 0xA3, 0xE7, 0xFF, 0xA6, 0x00, 0x00,
    0x00, 0x34, 0xFF, 0xE7, 0x03, 0x00, 0x00, 0x00, 0x99, 0xFF, 0xEB, 0x00, 0x00, 0x00, 0x42, 0xFF,
    0x93, 0xFF, 0x66, 0x00, 0x0C, 0xFF, 0xB4, 0x00, 0x8E, 0x6C, 0x00, 0x37, 0xFF, 0x13, 0x00, 0x00,
    0x00, 0x00, 0x00, 0x0D, 0x00, 0x00, 0x00, 0x00, 0x00, 0x00, 0x25, 0x09, 0x00, 0x00, 0x81, 0x6F,
    0x1E, 0xFF, 0xAA, 0x00, 0x81, 0xFF, 0xE1, 0x00, 0xFF, 0xFF, 0xA5, 0xFF, 0xF0, 0x0F, 0x00, 0x84,
    0xFF, 0xFF, 0xFF, 0x1B, 0x00, 0x00, 0x3D, 0xFF, 0xFF, 0xDA, 0x00, 0x00, 0x1E, 0xFF, 0xFF, 0xFF,
    0xFF, 0xBA, 0x00, 0xB7, 0xFF, 0xA8, 0xB8, 0xFF, 0xFF, 0x00, 0x87, 0xDA, 0x01, 0x01, 0x76, 0x28,
    0x00, 0x00, 0x00, 0x00, 0x00, 0x00, 0x00, 0x00, 0x00, 0x06, 0x54, 0x31, 0x00, 0x00, 0x1E, 0xFF,
    0xBE, 0x00, 0x00, 0x1E, 0xFF, 0xBE, 0x00, 0x00, 0x1E, 0xFF, 0xBE, 0x00, 0x00, 0x1E, 0xFF, 0xBE,
    0x00, 0x00, 0xB1, 0xFF, 0xFF, 0x40, 0x00, 0x0C, 0xDE, 0x72, 0x00, 0x00, 0x00, 0x00, 0x00, 0x00,
};
