// Auto-generated supplement VLW font: supplement_13
// Size: 16590 bytes (16.2 KB)
#pragma once
#include <pgmspace.h>

const uint8_t supplement_13[] PROGMEM = {
    0x00, 0x00, 0x00, 0x9F, 0x00, 0x00, 0x00, 0x06, 0x00, 0x00, 0x00, 0x0D, 0x00, 0x00, 0x00, 0x00,
    0x00, 0x00, 0x00, 0x0D, 0x00, 0x00, 0x00, 0x04, 0x00, 0x00, 0x25, 0x00, 0x00, 0x00, 0x00, 0x03,
    0x00, 0x00, 0x00, 0x09, 0x00, 0x00, 0x00, 0x08, 0x00, 0x00, 0x00, 0x06, 0xFF, 0xFF, 0xFF, 0xFF,
    0x00, 0x00, 0x00, 0x00, 0x00, 0x00, 0x25, 0x01, 0x00, 0x00, 0x00, 0x03, 0x00, 0x00, 0x00, 0x09,
    0x00, 0x00, 0x00, 0x08, 0x00, 0x00, 0x00, 0x06, 0xFF, 0xFF, 0xFF, 0xFF, 0x00, 0x00, 0x00, 0x00,
    0x00, 0x00, 0x25, 0x02, 0x00, 0x00, 0x00, 0x11, 0x00, 0x00, 0x00, 0x02, 0x00, 0x00, 0x00, 0x08,
    0x00, 0x00, 0x00, 0x0D, 0x00, 0x00, 0x00, 0x03, 0x00, 0x00, 0x00, 0x00, 0x00, 0x00, 0x25, 0x03,
    0x00, 0x00, 0x00, 0x11, 0x00, 0x00, 0x00, 0x03, 0x00, 0x00, 0x00, 0x08, 0x00, 0x00, 0x00, 0x0D,
    0x00, 0x00, 0x00, 0x02, 0x00, 0x00, 0x00, 0x00, 0x00, 0x00, 0x25, 0x04, 0x00, 0x00, 0x00, 0x03,
    0x00, 0x00, 0x00, 0x08, 0x00, 0x00, 0x00, 0x08, 0x00, 0x00, 0x00, 0x06, 0x00, 0x00, 0x00, 0x00,
    0x00, 0x00, 0x00, 0x00, 0x00, 0x00, 0x25, 0x05, 0x00, 0x00, 0x00, 0x03, 0x00, 0x00, 0x00, 0x08,
    0x00, 0x00, 0x00, 0x08, 0x00, 0x00, 0x00, 0x06, 0x00, 0x00, 0x00, 0x00, 0x00, 0x00, 0x00, 0x00,
    0x00, 0x00, 0x25, 0x06, 0x00, 0x00, 0x00, 0x0F, 0x00, 0x00, 0x00, 0x02, 0x00, 0x00, 0x00, 0x08,
    0x00, 0x00, 0x00, 0x0C, 0x00, 0x00, 0x00, 0x03, 0x00, 0x00, 0x00, 0x00, 0x00, 0x00, 0x25, 0x07,
    0x00, 0x00, 0x00, 0x0F, 0x00, 0x00, 0x00, 0x03, 0x00, 0x00, 0x00, 0x08, 0x00, 0x00, 0x00, 0x0C,
    0x00, 0x00, 0x00, 0x02, 0x00, 0x00, 0x00, 0x00, 0x00, 0x00, 0x25, 0x08, 0x00, 0x00, 0x00, 0x03,
    0x00, 0x00, 0x00, 0x08, 0x00, 0x00, 0x00, 0x08, 0x00, 0x00, 0x00, 0x06, 0x00, 0x00, 0x00, 0x00,
    0x00, 0x00, 0x00, 0x00, 0x00, 0x00, 0x25, 0x09, 0x00, 0x00, 0x00, 0x03, 0x00, 0x00, 0x00, 0x08,
    0x00, 0x00, 0x00, 0x08, 0x00, 0x00, 0x00, 0x06, 0x00, 0x00, 0x00, 0x00, 0x00, 0x00, 0x00, 0x00,
    0x00, 0x00, 0x25, 0x0A, 0x00, 0x00, 0x00, 0x0F, 0x00, 0x00, 0x00, 0x02, 0x00, 0x00, 0x00, 0x08,
    0x00, 0x00, 0x00, 0x0C, 0x00, 0x00, 0x00, 0x03, 0x00, 0x00, 0x00, 0x00, 0x00, 0x00, 0x25, 0x0B,
    0x00, 0x00, 0x00, 0x0F, 0x00, 0x00, 0x00, 0x03, 0x00, 0x00, 0x00, 0x08, 0x00, 0x00, 0x00, 0x0C,
    0x00, 0x00, 0x00, 0x02, 0x00, 0x00, 0x00, 0x00, 0x00, 0x00, 0x25, 0x0C, 0x00, 0x00, 0x00, 0x0A,
    0x00, 0x00, 0x00, 0x05, 0x00, 0x00, 0x00, 0x08, 0x00, 0x00, 0x00, 0x06, 0x00, 0x00, 0x00, 0x03,
    0x00, 0x00, 0x00, 0x00, 0x00, 0x00, 0x25, 0x0D, 0x00, 0x00, 0x00, 0x0A, 0x00, 0x00, 0x00, 0x05,
    0x00, 0x00, 0x00, 0x08, 0x00, 0x00, 0x00, 0x06, 0x00, 0x00, 0x00, 0x03, 0x00, 0x00, 0x00, 0x00,
    0x00, 0x00, 0x25, 0x0E, 0x00, 0x00, 0x00, 0x0A, 0x00, 0x00, 0x00, 0x06, 0x00, 0x00, 0x00, 0x08,
    0x00, 0x00, 0x00, 0x06, 0x00, 0x00, 0x00, 0x02, 0x00, 0x00, 0x00, 0x00, 0x00, 0x00, 0x25, 0x0F,
    0x00, 0x00, 0x00, 0x0A, 0x00, 0x00, 0x00, 0x06, 0x00, 0x00, 0x00, 0x08, 0x00, 0x00, 0x00, 0x06,
    0x00, 0x00, 0x00, 0x02, 0x00, 0x00, 0x00, 0x00, 0x00, 0x00, 0x25, 0x10, 0x00, 0x00, 0x00, 0x0A,
    0x00, 0x00, 0x00, 0x06, 0x00, 0x00, 0x00, 0x08, 0x00, 0x00, 0x00, 0x06, 0xFF, 0xFF, 0xFF, 0xFF,
    0x00, 0x00, 0x00, 0x00, 0x00, 0x00, 0x25, 0x11, 0x00, 0x00, 0x00, 0x0A, 0x00, 0x00, 0x00, 0x06,
    0x00, 0x00, 0x00, 0x08, 0x00, 0x00, 0x00, 0x06, 0xFF, 0xFF, 0xFF, 0xFF, 0x00, 0x00, 0x00, 0x00,
    0x00, 0x00, 0x25, 0x12, 0x00, 0x00, 0x00, 0x0A, 0x00, 0x00, 0x00, 0x06, 0x00, 0x00, 0x00, 0x08,
    0x00, 0x00, 0x00, 0x06, 0xFF, 0xFF, 0xFF, 0xFF, 0x00, 0x00, 0x00, 0x00, 0x00, 0x00, 0x25, 0x13,
    0x00, 0x00, 0x00, 0x0A, 0x00, 0x00, 0x00, 0x06, 0x00, 0x00, 0x00, 0x08, 0x00, 0x00, 0x00, 0x06,
    0xFF, 0xFF, 0xFF, 0xFF, 0x00, 0x00, 0x00, 0x00, 0x00, 0x00, 0x25, 0x14, 0x00, 0x00, 0x00, 0x0A,
    0x00, 0x00, 0x00, 0x05, 0x00, 0x00, 0x00, 0x08, 0x00, 0x00, 0x00, 0x0D, 0x00, 0x00, 0x00, 0x03,
    0x00, 0x00, 0x00, 0x00, 0x00, 0x00, 0x25, 0x15, 0x00, 0x00, 0x00, 0x09, 0x00, 0x00, 0x00, 0x05,
    0x00, 0x00, 0x00, 0x08, 0x00, 0x00, 0x00, 0x0C, 0x00, 0x00, 0x00, 0x03, 0x00, 0x00, 0x00, 0x00,
    0x00, 0x00, 0x25, 0x16, 0x00, 0x00, 0x00, 0x0A, 0x00, 0x00, 0x00, 0x06, 0x00, 0x00, 0x00, 0x08,
    0x00, 0x00, 0x00, 0x0D, 0x00, 0x00, 0x00, 0x02, 0x00, 0x00, 0x00, 0x00, 0x00, 0x00, 0x25, 0x17,
    0x00, 0x00, 0x00, 0x09, 0x00, 0x00, 0x00, 0x06, 0x00, 0x00, 0x00, 0x08, 0x00, 0x00, 0x00, 0x0C,
    0x00, 0x00, 0x00, 0x02, 0x00, 0x00, 0x00, 0x00, 0x00, 0x00, 0x25, 0x18, 0x00, 0x00, 0x00, 0x0A,
    0x00, 0x00, 0x00, 0x06, 0x00, 0x00, 0x00, 0x08, 0x00, 0x00, 0x00, 0x0D, 0xFF, 0xFF, 0xFF, 0xFF,
    0x00, 0x00, 0x00, 0x00, 0x00, 0x00, 0x25, 0x19, 0x00, 0x00, 0x00, 0x09, 0x00, 0x00, 0x00, 0x06,
    0x00, 0x00, 0x00, 0x08, 0x00, 0x00, 0x00, 0x0C, 0xFF, 0xFF, 0xFF, 0xFF, 0x00, 0x00, 0x00, 0x00,
    0x00, 0x00, 0x25, 0x1A, 0x00, 0x00, 0x00, 0x0A, 0x00, 0x00, 0x00, 0x06, 0x00, 0x00, 0x00, 0x08,
    0x00, 0x00, 0x00, 0x0D, 0xFF, 0xFF, 0xFF, 0xFF, 0x00, 0x00, 0x00, 0x00, 0x00, 0x00, 0x25, 0x1B,
    0x00, 0x00, 0x00, 0x09, 0x00, 0x00, 0x00, 0x06, 0x00, 0x00, 0x00, 0x08, 0x00, 0x00, 0x00, 0x0C,
    0xFF, 0xFF, 0xFF, 0xFF, 0x00, 0x00, 0x00, 0x00, 0x00, 0x00, 0x25, 0x1C, 0x00, 0x00, 0x00, 0x11,
    0x00, 0x00, 0x00, 0x05, 0x00, 0x00, 0x00, 0x08, 0x00, 0x00, 0x00, 0x0D, 0x00, 0x00, 0x00, 0x03,
    0x00, 0x00, 0x00, 0x00, 0x00, 0x00, 0x25, 0x1D, 0x00, 0x00, 0x00, 0x11, 0x00, 0x00, 0x00, 0x05,
    0x00, 0x00, 0x00, 0x08, 0x00, 0x00, 0x00, 0x0D, 0x00, 0x00, 0x00, 0x03, 0x00, 0x00, 0x00, 0x00,
    0x00, 0x00, 0x25, 0x1E, 0x00, 0x00, 0x00, 0x11, 0x00, 0x00, 0x00, 0x06, 0x00, 0x00, 0x00, 0x08,
    0x00, 0x00, 0x00, 0x0D, 0x00, 0x00, 0x00, 0x02, 0x00, 0x00, 0x00, 0x00, 0x00, 0x00, 0x25, 0x1F,
    0x00, 0x00, 0x00, 0x11, 0x00, 0x00, 0x00, 0x06, 0x00, 0x00, 0x00, 0x08, 0x00, 0x00, 0x00, 0x0D,
    0x00, 0x00, 0x00, 0x02, 0x00, 0x00, 0x00, 0x00, 0x00, 0x00, 0x25, 0x20, 0x00, 0x00, 0x00, 0x11,
    0x00, 0x00, 0x00, 0x06, 0x00, 0x00, 0x00, 0x08, 0x00, 0x00, 0x00, 0x0D, 0x00, 0x00, 0x00, 0x02,
    0x00, 0x00, 0x00, 0x00, 0x00, 0x00, 0x25, 0x21, 0x00, 0x00, 0x00, 0x11, 0x00, 0x00, 0x00, 0x06,
    0x00, 0x00, 0x00, 0x08, 0x00, 0x00, 0x00, 0x0D, 0x00, 0x00, 0x00, 0x02, 0x00, 0x00, 0x00, 0x00,
    0x00, 0x00, 0x25, 0x22, 0x00, 0x00, 0x00, 0x11, 0x00, 0x00, 0x00, 0x06, 0x00, 0x00, 0x00, 0x08,
    0x00, 0x00, 0x00, 0x0D, 0x00, 0x00, 0x00, 0x02, 0x00, 0x00, 0x00, 0x00, 0x00, 0x00, 0x25, 0x23,
    0x00, 0x00, 0x00, 0x11, 0x00, 0x00, 0x00, 0x06, 0x00, 0x00, 0x00, 0x08, 0x00, 0x00, 0x00, 0x0D,
    0x00, 0x00, 0x00, 0x02, 0x00, 0x00, 0x00, 0x00, 0x00, 0x00, 0x25, 0x24, 0x00, 0x00, 0x00, 0x11,
    0x00, 0x00, 0x00, 0x06, 0x00, 0x00, 0x00, 0x08, 0x00, 0x00, 0x00, 0x0D, 0xFF, 0xFF, 0xFF, 0xFF,
    0x00, 0x00, 0x00, 0x00, 0x00, 0x00, 0x25, 0x25, 0x00, 0x00, 0x00, 0x11, 0x00, 0x00, 0x00, 0x06,
    0x00, 0x00, 0x00, 0x08, 0x00, 0x00, 0x00, 0x0D, 0xFF, 0xFF, 0xFF, 0xFF, 0x00, 0x00, 0x00, 0x00,
    0x00, 0x00, 0x25, 0x26, 0x00, 0x00, 0x00, 0x11, 0x00, 0x00, 0x00, 0x06, 0x00, 0x00, 0x00, 0x08,
    0x00, 0x00, 0x00, 0x0D, 0xFF, 0xFF, 0xFF, 0xFF, 0x00, 0x00, 0x00, 0x00, 0x00, 0x00, 0x25, 0x27,
    0x00, 0x00, 0x00, 0x11, 0x00, 0x00, 0x00, 0x06, 0x00, 0x00, 0x00, 0x08, 0x00, 0x00, 0x00, 0x0D,
    0xFF, 0xFF, 0xFF, 0xFF, 0x00, 0x00, 0x00, 0x00, 0x00, 0x00, 0x25, 0x28, 0x00, 0x00, 0x00, 0x11,
    0x00, 0x00, 0x00, 0x06, 0x00, 0x00, 0x00, 0x08, 0x00, 0x00, 0x00, 0x0D, 0xFF, 0xFF, 0xFF, 0xFF,
    0x00, 0x00, 0x00, 0x00, 0x00, 0x00, 0x25, 0x29, 0x00, 0x00, 0x00, 0x10, 0x00, 0x00, 0x00, 0x06,
    0x00, 0x00, 0x00, 0x08, 0x00, 0x00, 0x00, 0x0C, 0xFF, 0xFF, 0xFF, 0xFF, 0x00, 0x00, 0x00, 0x00,
    0x00, 0x00, 0x25, 0x2A, 0x00, 0x00, 0x00, 0x10, 0x00, 0x00, 0x00, 0x06, 0x00, 0x00, 0x00, 0x08,
    0x00, 0x00, 0x00, 0x0C, 0xFF, 0xFF, 0xFF, 0xFF, 0x00, 0x00, 0x00, 0x00, 0x00, 0x00, 0x25, 0x2B,
    0x00, 0x00, 0x00, 0x11, 0x00, 0x00, 0x00, 0x06, 0x00, 0x00, 0x00, 0x08, 0x00, 0x00, 0x00, 0x0D,
    0xFF, 0xFF, 0xFF, 0xFF, 0x00, 0x00, 0x00, 0x00, 0x00, 0x00, 0x25, 0x2C, 0x00, 0x00, 0x00, 0x0A,
    0x00, 0x00, 0x00, 0x09, 0x00, 0x00, 0x00, 0x08, 0x00, 0x00, 0x00, 0x06, 0xFF, 0xFF, 0xFF, 0xFF,
    0x00, 0x00, 0x00, 0x00, 0x00, 0x00, 0x25, 0x2D, 0x00, 0x00, 0x00, 0x0A, 0x00, 0x00, 0x00, 0x09,
    0x00, 0x00, 0x00, 0x08, 0x00, 0x00, 0x00, 0x06, 0xFF, 0xFF, 0xFF, 0xFF, 0x00, 0x00, 0x00, 0x00,
    0x00, 0x00, 0x25, 0x2E, 0x00, 0x00, 0x00, 0x0A, 0x00, 0x00, 0x00, 0x09, 0x00, 0x00, 0x00, 0x08,
    0x00, 0x00, 0x00, 0x06, 0xFF, 0xFF, 0xFF, 0xFF, 0x00, 0x00, 0x00, 0x00, 0x00, 0x00, 0x25, 0x2F,
    0x00, 0x00, 0x00, 0x0A, 0x00, 0x00, 0x00, 0x09, 0x00, 0x00, 0x00, 0x08, 0x00, 0x00, 0x00, 0x06,
    0xFF, 0xFF, 0xFF, 0xFF, 0x00, 0x00, 0x00, 0x00, 0x00, 0x00, 0x25, 0x30, 0x00, 0x00, 0x00, 0x0A,
    0x00, 0x00, 0x00, 0x09, 0x00, 0x00, 0x00, 0x08, 0x00, 0x00, 0x00, 0x06, 0xFF, 0xFF, 0xFF, 0xFF,
    0x00, 0x00, 0x00, 0x00, 0x00, 0x00, 0x25, 0x31, 0x00, 0x00, 0x00, 0x0A, 0x00, 0x00, 0x00, 0x09,
    0x00, 0x00, 0x00, 0x08, 0x00, 0x00, 0x00, 0x06, 0xFF, 0xFF, 0xFF, 0xFF, 0x00, 0x00, 0x00, 0x00,
    0x00, 0x00, 0x25, 0x32, 0x00, 0x00, 0x00, 0x0A, 0x00, 0x00, 0x00, 0x09, 0x00, 0x00, 0x00, 0x08,
    0x00, 0x00, 0x00, 0x06, 0xFF, 0xFF, 0xFF, 0xFF, 0x00, 0x00, 0x00, 0x00, 0x00, 0x00, 0x25, 0x33,
    0x00, 0x00, 0x00, 0x0A, 0x00, 0x00, 0x00, 0x09, 0x00, 0x00, 0x00, 0x08, 0x00, 0x00, 0x00, 0x06,
    0xFF, 0xFF, 0xFF, 0xFF, 0x00, 0x00, 0x00, 0x00, 0x00, 0x00, 0x25, 0x34, 0x00, 0x00, 0x00, 0x0A,
    0x00, 0x00, 0x00, 0x09, 0x00, 0x00, 0x00, 0x08, 0x00, 0x00, 0x00, 0x0D, 0xFF, 0xFF, 0xFF, 0xFF,
    0x00, 0x00, 0x00, 0x00, 0x00, 0x00, 0x25, 0x35, 0x00, 0x00, 0x00, 0x09, 0x00, 0x00, 0x00, 0x09,
    0x00, 0x00, 0x00, 0x08, 0x00, 0x00, 0x00, 0x0C, 0xFF, 0xFF, 0xFF, 0xFF, 0x00, 0x00, 0x00, 0x00,
    0x00, 0x00, 0x25, 0x36, 0x00, 0x00, 0x00, 0x09, 0x00, 0x00, 0x00, 0x09, 0x00, 0x00, 0x00, 0x08,
    0x00, 0x00, 0x00, 0x0C, 0xFF, 0xFF, 0xFF, 0xFF, 0x00, 0x00, 0x00, 0x00, 0x00, 0x00, 0x25, 0x37,
    0x00, 0x00, 0x00, 0x09, 0x00, 0x00, 0x00, 0x09, 0x00, 0x00, 0x00, 0x08, 0x00, 0x00, 0x00, 0x0C,
    0xFF, 0xFF, 0xFF, 0xFF, 0x00, 0x00, 0x00, 0x00, 0x00, 0x00, 0x25, 0x38, 0x00, 0x00, 0x00, 0x0A,
    0x00, 0x00, 0x00, 0x09, 0x00, 0x00, 0x00, 0x08, 0x00, 0x00, 0x00, 0x0D, 0xFF, 0xFF, 0xFF, 0xFF,
    0x00, 0x00, 0x00, 0x00, 0x00, 0x00, 0x25, 0x39, 0x00, 0x00, 0x00, 0x09, 0x00, 0x00, 0x00, 0x09,
    0x00, 0x00, 0x00, 0x08, 0x00, 0x00, 0x00, 0x0C, 0xFF, 0xFF, 0xFF, 0xFF, 0x00, 0x00, 0x00, 0x00,
    0x00, 0x00, 0x25, 0x3A, 0x00, 0x00, 0x00, 0x09, 0x00, 0x00, 0x00, 0x09, 0x00, 0x00, 0x00, 0x08,
    0x00, 0x00, 0x00, 0x0C, 0xFF, 0xFF, 0xFF, 0xFF, 0x00, 0x00, 0x00, 0x00, 0x00, 0x00, 0x25, 0x3B,
    0x00, 0x00, 0x00, 0x09, 0x00, 0x00, 0x00, 0x09, 0x00, 0x00, 0x00, 0x08, 0x00, 0x00, 0x00, 0x0C,
    0xFF, 0xFF, 0xFF, 0xFF, 0x00, 0x00, 0x00, 0x00, 0x00, 0x00, 0x25, 0x3C, 0x00, 0x00, 0x00, 0x11,
    0x00, 0x00, 0x00, 0x09, 0x00, 0x00, 0x00, 0x08, 0x00, 0x00, 0x00, 0x0D, 0xFF, 0xFF, 0xFF, 0xFF,
    0x00, 0x00, 0x00, 0x00, 0x00, 0x00, 0x25, 0x3D, 0x00, 0x00, 0x00, 0x11, 0x00, 0x00, 0x00, 0x09,
    0x00, 0x00, 0x00, 0x08, 0x00, 0x00, 0x00, 0x0D, 0xFF, 0xFF, 0xFF, 0xFF, 0x00, 0x00, 0x00, 0x00,
    0x00, 0x00, 0x25, 0x3E, 0x00, 0x00, 0x00, 0x11, 0x00, 0x00, 0x00, 0x09, 0x00, 0x00, 0x00, 0x08,
    0x00, 0x00, 0x00, 0x0D, 0xFF, 0xFF, 0xFF, 0xFF, 0x00, 0x00, 0x00, 0x00, 0x00, 0x00, 0x25, 0x3F,
    0x00, 0x00, 0x00, 0x11, 0x00, 0x00, 0x00, 0x09, 0x00, 0x00, 0x00, 0x08, 0x00, 0x00, 0x00, 0x0D,
    0xFF, 0xFF, 0xFF, 0xFF, 0x00, 0x00, 0x00, 0x00, 0x00, 0x00, 0x25, 0x40, 0x00, 0x00, 0x00, 0x11,
    0x00, 0x00, 0x00, 0x09, 0x00, 0x00, 0x00, 0x08, 0x00, 0x00, 0x00, 0x0D, 0xFF, 0xFF, 0xFF, 0xFF,
    0x00, 0x00, 0x00, 0x00, 0x00, 0x00, 0x25, 0x41, 0x00, 0x00, 0x00, 0x11, 0x00, 0x00, 0x00, 0x09,
    0x00, 0x00, 0x00, 0x08, 0x00, 0x00, 0x00, 0x0D, 0xFF, 0xFF, 0xFF, 0xFF, 0x00, 0x00, 0x00, 0x00,
    0x00, 0x00, 0x25, 0x42, 0x00, 0x00, 0x00, 0x11, 0x00, 0x00, 0x00, 0x09, 0x00, 0x00, 0x00, 0x08,
    0x00, 0x00, 0x00, 0x0D, 0xFF, 0xFF, 0xFF, 0xFF, 0x00, 0x00, 0x00, 0x00, 0x00, 0x00, 0x25, 0x43,
    0x00, 0x00, 0x00, 0x10, 0x00, 0x00, 0x00, 0x09, 0x00, 0x00, 0x00, 0x08, 0x00, 0x00, 0x00, 0x0C,
    0xFF, 0xFF, 0xFF, 0xFF, 0x00, 0x00, 0x00, 0x00, 0x00, 0x00, 0x25, 0x44, 0x00, 0x00, 0x00, 0x11,
    0x00, 0x00, 0x00, 0x09, 0x00, 0x00, 0x00, 0x08, 0x00, 0x00, 0x00, 0x0D, 0xFF, 0xFF, 0xFF, 0xFF,
    0x00, 0x00, 0x00, 0x00, 0x00, 0x00, 0x25, 0x45, 0x00, 0x00, 0x00, 0x10, 0x00, 0x00, 0x00, 0x09,
    0x00, 0x00, 0x00, 0x08, 0x00, 0x00, 0x00, 0x0C, 0xFF, 0xFF, 0xFF, 0xFF, 0x00, 0x00, 0x00, 0x00,
    0x00, 0x00, 0x25, 0x46, 0x00, 0x00, 0x00, 0x11, 0x00, 0x00, 0x00, 0x09, 0x00, 0x00, 0x00, 0x08,
    0x00, 0x00, 0x00, 0x0D, 0xFF, 0xFF, 0xFF, 0xFF, 0x00, 0x00, 0x00, 0x00, 0x00, 0x00, 0x25, 0x47,
    0x00, 0x00, 0x00, 0x10, 0x00, 0x00, 0x00, 0x09, 0x00, 0x00, 0x00, 0x08, 0x00, 0x00, 0x00, 0x0C,
    0xFF, 0xFF, 0xFF, 0xFF, 0x00, 0x00, 0x00, 0x00, 0x00, 0x00, 0x25, 0x48, 0x00, 0x00, 0x00, 0x10,
    0x00, 0x00, 0x00, 0x09, 0x00, 0x00, 0x00, 0x08, 0x00, 0x00, 0x00, 0x0C, 0xFF, 0xFF, 0xFF, 0xFF,
    0x00, 0x00, 0x00, 0x00, 0x00, 0x00, 0x25, 0x49, 0x00, 0x00, 0x00, 0x11, 0x00, 0x00, 0x00, 0x09,
    0x00, 0x00, 0x00, 0x08, 0x00, 0x00, 0x00, 0x0D, 0xFF, 0xFF, 0xFF, 0xFF, 0x00, 0x00, 0x00, 0x00,
    0x00, 0x00, 0x25, 0x4A, 0x00, 0x00, 0x00, 0x11, 0x00, 0x00, 0x00, 0x09, 0x00, 0x00, 0x00, 0x08,
    0x00, 0x00, 0x00, 0x0D, 0xFF, 0xFF, 0xFF, 0xFF, 0x00, 0x00, 0x00, 0x00, 0x00, 0x00, 0x25, 0x4B,
    0x00, 0x00, 0x00, 0x11, 0x00, 0x00, 0x00, 0x09, 0x00, 0x00, 0x00, 0x08, 0x00, 0x00, 0x00, 0x0D,
    0xFF, 0xFF, 0xFF, 0xFF, 0x00, 0x00, 0x00, 0x00, 0x00, 0x00, 0x25, 0x4C, 0x00, 0x00, 0x00, 0x03,
    0x00, 0x00, 0x00, 0x08, 0x00, 0x00, 0x00, 0x08, 0x00, 0x00, 0x00, 0x06, 0x00, 0x00, 0x00, 0x00,
    0x00, 0x00, 0x00, 0x00, 0x00, 0x00, 0x25, 0x4D, 0x00, 0x00, 0x00, 0x03, 0x00, 0x00, 0x00, 0x08,
    0x00, 0x00, 0x00, 0x08, 0x00, 0x00, 0x00, 0x06, 0x00, 0x00, 0x00, 0x00, 0x00, 0x00, 0x00, 0x00,
    0x00, 0x00, 0x25, 0x4E, 0x00, 0x00, 0x00, 0x0E, 0x00, 0x00, 0x00, 0x02, 0x00, 0x00, 0x00, 0x08,
    0x00, 0x00, 0x00, 0x0B, 0x00, 0x00, 0x00, 0x03, 0x00, 0x00, 0x00, 0x00, 0x00, 0x00, 0x25, 0x4F,
    0x00, 0x00, 0x00, 0x0E, 0x00, 0x00, 0x00, 0x03, 0x00, 0x00, 0x00, 0x08, 0x00, 0x00, 0x00, 0x0B,
    0x00, 0x00, 0x00, 0x02, 0x00, 0x00, 0x00, 0x00, 0x00, 0x00, 0x25, 0x50, 0x00, 0x00, 0x00, 0x05,
    0x00, 0x00, 0x00, 0x09, 0x00, 0x00, 0x00, 0x08, 0x00, 0x00, 0x00, 0x07, 0xFF, 0xFF, 0xFF, 0xFF,
    0x00, 0x00, 0x00, 0x00, 0x00, 0x00, 0x25, 0x51, 0x00, 0x00, 0x00, 0x11, 0x00, 0x00, 0x00, 0x04,
    0x00, 0x00, 0x00, 0x08, 0x00, 0x00, 0x00, 0x0D, 0x00, 0x00, 0x00, 0x02, 0x00, 0x00, 0x00, 0x00,
    0x00, 0x00, 0x25, 0x52, 0x00, 0x00, 0x00, 0x0B, 0x00, 0x00, 0x00, 0x05, 0x00, 0x00, 0x00, 0x08,
    0x00, 0x00, 0x00, 0x07, 0x00, 0x00, 0x00, 0x03, 0x00, 0x00, 0x00, 0x00, 0x00, 0x00, 0x25, 0x53,
    0x00, 0x00, 0x00, 0x0A, 0x00, 0x00, 0x00, 0x06, 0x00, 0x00, 0x00, 0x08, 0x00, 0x00, 0x00, 0x06,
    0x00, 0x00, 0x00, 0x02, 0x00, 0x00, 0x00, 0x00, 0x00, 0x00, 0x25, 0x54, 0x00, 0x00, 0x00, 0x0B,
    0x00, 0x00, 0x00, 0x06, 0x00, 0x00, 0x00, 0x08, 0x00, 0x00, 0x00, 0x07, 0x00, 0x00, 0x00, 0x02,
    0x00, 0x00, 0x00, 0x00, 0x00, 0x00, 0x25, 0x55, 0x00, 0x00, 0x00, 0x0B, 0x00, 0x00, 0x00, 0x06,
    0x00, 0x00, 0x00, 0x08, 0x00, 0x00, 0x00, 0x07, 0xFF, 0xFF, 0xFF, 0xFF, 0x00, 0x00, 0x00, 0x00,
    0x00, 0x00, 0x25, 0x56, 0x00, 0x00, 0x00, 0x0A, 0x00, 0x00, 0x00, 0x07, 0x00, 0x00, 0x00, 0x08,
    0x00, 0x00, 0x00, 0x06, 0xFF, 0xFF, 0xFF, 0xFF, 0x00, 0x00, 0x00, 0x00, 0x00, 0x00, 0x25, 0x57,
    0x00, 0x00, 0x00, 0x0B, 0x00, 0x00, 0x00, 0x07, 0x00, 0x00, 0x00, 0x08, 0x00, 0x00, 0x00, 0x07,
    0xFF, 0xFF, 0xFF, 0xFF, 0x00, 0x00, 0x00, 0x00, 0x00, 0x00, 0x25, 0x58, 0x00, 0x00, 0x00, 0x0B,
    0x00, 0x00, 0x00, 0x05, 0x00, 0x00, 0x00, 0x08, 0x00, 0x00, 0x00, 0x0D, 0x00, 0x00, 0x00, 0x03,
    0x00, 0x00, 0x00, 0x00, 0x00, 0x00, 0x25, 0x59, 0x00, 0x00, 0x00, 0x0A, 0x00, 0x00, 0x00, 0x06,
    0x00, 0x00, 0x00, 0x08, 0x00, 0x00, 0x00, 0x0D, 0x00, 0x00, 0x00, 0x02, 0x00, 0x00, 0x00, 0x00,
    0x00, 0x00, 0x25, 0x5A, 0x00, 0x00, 0x00, 0x0B, 0x00, 0x00, 0x00, 0x06, 0x00, 0x00, 0x00, 0x08,
    0x00, 0x00, 0x00, 0x0D, 0x00, 0x00, 0x00, 0x02, 0x00, 0x00, 0x00, 0x00, 0x00, 0x00, 0x25, 0x5B,
    0x00, 0x00, 0x00, 0x0B, 0x00, 0x00, 0x00, 0x06, 0x00, 0x00, 0x00, 0x08, 0x00, 0x00, 0x00, 0x0D,
    0xFF, 0xFF, 0xFF, 0xFF, 0x00, 0x00, 0x00, 0x00, 0x00, 0x00, 0x25, 0x5C, 0x00, 0x00, 0x00, 0x0A,
    0x00, 0x00, 0x00, 0x07, 0x00, 0x00, 0x00, 0x08, 0x00, 0x00, 0x00, 0x0D, 0xFF, 0xFF, 0xFF, 0xFF,
    0x00, 0x00, 0x00, 0x00, 0x00, 0x00, 0x25, 0x5D, 0x00, 0x00, 0x00, 0x0B, 0x00, 0x00, 0x00, 0x07,
    0x00, 0x00, 0x00, 0x08, 0x00, 0x00, 0x00, 0x0D, 0xFF, 0xFF, 0xFF, 0xFF, 0x00, 0x00, 0x00, 0x00,
    0x00, 0x00, 0x25, 0x5E, 0x00, 0x00, 0x00, 0x11, 0x00, 0x00, 0x00, 0x05, 0x00, 0x00, 0x00, 0x08,
    0x00, 0x00, 0x00, 0x0D, 0x00, 0x00, 0x00, 0x03, 0x00, 0x00, 0x00, 0x00, 0x00, 0x00, 0x25, 0x5F,
    0x00, 0x00, 0x00, 0x11, 0x00, 0x00, 0x00, 0x06, 0x00, 0x00, 0x00, 0x08, 0x00, 0x00, 0x00, 0x0D,
    0x00, 0x00, 0x00, 0x02, 0x00, 0x00, 0x00, 0x00, 0x00, 0x00, 0x25, 0x60, 0x00, 0x00, 0x00, 0x11,
    0x00, 0x00, 0x00, 0x06, 0x00, 0x00, 0x00, 0x08, 0x00, 0x00, 0x00, 0x0D, 0x00, 0x00, 0x00, 0x02,
    0x00, 0x00, 0x00, 0x00, 0x00, 0x00, 0x25, 0x61, 0x00, 0x00, 0x00, 0x11, 0x00, 0x00, 0x00, 0x06,
    0x00, 0x00, 0x00, 0x08, 0x00, 0x00, 0x00, 0x0D, 0xFF, 0xFF, 0xFF, 0xFF, 0x00, 0x00, 0x00, 0x00,
    0x00, 0x00, 0x25, 0x62, 0x00, 0x00, 0x00, 0x11, 0x00, 0x00, 0x00, 0x07, 0x00, 0x00, 0x00, 0x08,
    0x00, 0x00, 0x00, 0x0D, 0xFF, 0xFF, 0xFF, 0xFF, 0x00, 0x00, 0x00, 0x00, 0x00, 0x00, 0x25, 0x63,
    0x00, 0x00, 0x00, 0x11, 0x00, 0x00, 0x00, 0x07, 0x00, 0x00, 0x00, 0x08, 0x00, 0x00, 0x00, 0x0D,
    0xFF, 0xFF, 0xFF, 0xFF, 0x00, 0x00, 0x00, 0x00, 0x00, 0x00, 0x25, 0x64, 0x00, 0x00, 0x00, 0x0B,
    0x00, 0x00, 0x00, 0x09, 0x00, 0x00, 0x00, 0x08, 0x00, 0x00, 0x00, 0x07, 0xFF, 0xFF, 0xFF, 0xFF,
    0x00, 0x00, 0x00, 0x00, 0x00, 0x00, 0x25, 0x65, 0x00, 0x00, 0x00, 0x0A, 0x00, 0x00, 0x00, 0x09,
    0x00, 0x00, 0x00, 0x08, 0x00, 0x00, 0x00, 0x06, 0xFF, 0xFF, 0xFF, 0xFF, 0x00, 0x00, 0x00, 0x00,
    0x00, 0x00, 0x25, 0x66, 0x00, 0x00, 0x00, 0x0B, 0x00, 0x00, 0x00, 0x09, 0x00, 0x00, 0x00, 0x08,
    0x00, 0x00, 0x00, 0x07, 0xFF, 0xFF, 0xFF, 0xFF, 0x00, 0x00, 0x00, 0x00, 0x00, 0x00, 0x25, 0x67,
    0x00, 0x00, 0x00, 0x0B, 0x00, 0x00, 0x00, 0x09, 0x00, 0x00, 0x00, 0x08, 0x00, 0x00, 0x00, 0x0D,
    0xFF, 0xFF, 0xFF, 0xFF, 0x00, 0x00, 0x00, 0x00, 0x00, 0x00, 0x25, 0x68, 0x00, 0x00, 0x00, 0x0A,
    0x00, 0x00, 0x00, 0x09, 0x00, 0x00, 0x00, 0x08, 0x00, 0x00, 0x00, 0x0D, 0xFF, 0xFF, 0xFF, 0xFF,
    0x00, 0x00, 0x00, 0x00, 0x00, 0x00, 0x25, 0x69, 0x00, 0x00, 0x00, 0x0B, 0x00, 0x00, 0x00, 0x09,
    0x00, 0x00, 0x00, 0x08, 0x00, 0x00, 0x00, 0x0D, 0xFF, 0xFF, 0xFF, 0xFF, 0x00, 0x00, 0x00, 0x00,
    0x00, 0x00, 0x25, 0x6A, 0x00, 0x00, 0x00, 0x11, 0x00, 0x00, 0x00, 0x09, 0x00, 0x00, 0x00, 0x08,
    0x00, 0x00, 0x00, 0x0D, 0xFF, 0xFF, 0xFF, 0xFF, 0x00, 0x00, 0x00, 0x00, 0x00, 0x00, 0x25, 0x6B,
    0x00, 0x00, 0x00, 0x11, 0x00, 0x00, 0x00, 0x09, 0x00, 0x00, 0x00, 0x08, 0x00, 0x00, 0x00, 0x0D,
    0xFF, 0xFF, 0xFF, 0xFF, 0x00, 0x00, 0x00, 0x00, 0x00, 0x00, 0x25, 0x6C, 0x00, 0x00, 0x00, 0x11,
    0x00, 0x00, 0x00, 0x09, 0x00, 0x00, 0x00, 0x08, 0x00, 0x00, 0x00, 0x0D, 0xFF, 0xFF, 0xFF, 0xFF,
    0x00, 0x00, 0x00, 0x00, 0x00, 0x00, 0x25, 0x6D, 0x00, 0x00, 0x00, 0x0A, 0x00, 0x00, 0x00, 0x05,
    0x00, 0x00, 0x00, 0x08, 0x00, 0x00, 0x00, 0x06, 0x00, 0x00, 0x00, 0x03, 0x00, 0x00, 0x00, 0x00,
    0x00, 0x00, 0x25, 0x6E, 0x00, 0x00, 0x00, 0x0A, 0x00, 0x00, 0x00, 0x06, 0x00, 0x00, 0x00, 0x08,
    0x00, 0x00, 0x00, 0x06, 0xFF, 0xFF, 0xFF, 0xFF, 0x00, 0x00, 0x00, 0x00, 0x00, 0x00, 0x25, 0x6F,
    0x00, 0x00, 0x00, 0x0A, 0x00, 0x00, 0x00, 0x06, 0x00, 0x00, 0x00, 0x08, 0x00, 0x00, 0x00, 0x0D,
    0xFF, 0xFF, 0xFF, 0xFF, 0x00, 0x00, 0x00, 0x00, 0x00, 0x00, 0x25, 0x70, 0x00, 0x00, 0x00, 0x0A,
    0x00, 0x00, 0x00, 0x05, 0x00, 0x00, 0x00, 0x08, 0x00, 0x00, 0x00, 0x0D, 0x00, 0x00, 0x00, 0x03,
    0x00, 0x00, 0x00, 0x00, 0x00, 0x00, 0x25, 0x71, 0x00, 0x00, 0x00, 0x11, 0x00, 0x00, 0x00, 0x0A,
    0x00, 0x00, 0x00, 0x08, 0x00, 0x00, 0x00, 0x0D, 0xFF, 0xFF, 0xFF, 0xFF, 0x00, 0x00, 0x00, 0x00,
    0x00, 0x00, 0x25, 0x72, 0x00, 0x00, 0x00, 0x11, 0x00, 0x00, 0x00, 0x0A, 0x00, 0x00, 0x00, 0x08,
    0x00, 0x00, 0x00, 0x0D, 0xFF, 0xFF, 0xFF, 0xFF, 0x00, 0x00, 0x00, 0x00, 0x00, 0x00, 0x25, 0x73,
    0x00, 0x00, 0x00, 0x11, 0x00, 0x00, 0x00, 0x0A, 0x00, 0x00, 0x00, 0x08, 0x00, 0x00, 0x00, 0x0D,
    0xFF, 0xFF, 0xFF, 0xFF, 0x00, 0x00, 0x00, 0x00, 0x00, 0x00, 0x25, 0x74, 0x00, 0x00, 0x00, 0x03,
    0x00, 0x00, 0x00, 0x05, 0x00, 0x00, 0x00, 0x08, 0x00, 0x00, 0x00, 0x06, 0xFF, 0xFF, 0xFF, 0xFF,
    0x00, 0x00, 0x00, 0x00, 0x00, 0x00, 0x25, 0x75, 0x00, 0x00, 0x00, 0x09, 0x00, 0x00, 0x00, 0x02,
    0x00, 0x00, 0x00, 0x08, 0x00, 0x00, 0x00, 0x0D, 0x00, 0x00, 0x00, 0x03, 0x00, 0x00, 0x00, 0x00,
    0x00, 0x00, 0x25, 0x76, 0x00, 0x00, 0x00, 0x03, 0x00, 0x00, 0x00, 0x05, 0x00, 0x00, 0x00, 0x08,
    0x00, 0x00, 0x00, 0x06, 0x00, 0x00, 0x00, 0x03, 0x00, 0x00, 0x00, 0x00, 0x00, 0x00, 0x25, 0x77,
    0x00, 0x00, 0x00, 0x09, 0x00, 0x00, 0x00, 0x02, 0x00, 0x00, 0x00, 0x08, 0x00, 0x00, 0x00, 0x05,
    0x00, 0x00, 0x00, 0x03, 0x00, 0x00, 0x00, 0x00, 0x00, 0x00, 0x25, 0x78, 0x00, 0x00, 0x00, 0x03,
    0x00, 0x00, 0x00, 0x05, 0x00, 0x00, 0x00, 0x08, 0x00, 0x00, 0x00, 0x06, 0xFF, 0xFF, 0xFF, 0xFF,
    0x00, 0x00, 0x00, 0x00, 0x00, 0x00, 0x25, 0x79, 0x00, 0x00, 0x00, 0x09, 0x00, 0x00, 0x00, 0x03,
    0x00, 0x00, 0x00, 0x08, 0x00, 0x00, 0x00, 0x0D, 0x00, 0x00, 0x00, 0x02, 0x00, 0x00, 0x00, 0x00,
    0x00, 0x00, 0x25, 0x7A, 0x00, 0x00, 0x00, 0x03, 0x00, 0x00, 0x00, 0x05, 0x00, 0x00, 0x00, 0x08,
    0x00, 0x00, 0x00, 0x06, 0x00, 0x00, 0x00, 0x03, 0x00, 0x00, 0x00, 0x00, 0x00, 0x00, 0x25, 0x7B,
    0x00, 0x00, 0x00, 0x09, 0x00, 0x00, 0x00, 0x03, 0x00, 0x00, 0x00, 0x08, 0x00, 0x00, 0x00, 0x05,
    0x00, 0x00, 0x00, 0x02, 0x00, 0x00, 0x00, 0x00, 0x00, 0x00, 0x25, 0x7C, 0x00, 0x00, 0x00, 0x03,
    0x00, 0x00, 0x00, 0x09, 0x00, 0x00, 0x00, 0x08, 0x00, 0x00, 0x00, 0x06, 0xFF, 0xFF, 0xFF, 0xFF,
    0x00, 0x00, 0x00, 0x00, 0x00, 0x00, 0x25, 0x7D, 0x00, 0x00, 0x00, 0x11, 0x00, 0x00, 0x00, 0x03,
    0x00, 0x00, 0x00, 0x08, 0x00, 0x00, 0x00, 0x0D, 0x00, 0x00, 0x00, 0x02, 0x00, 0x00, 0x00, 0x00,
    0x00, 0x00, 0x25, 0x7E, 0x00, 0x00, 0x00, 0x03, 0x00, 0x00, 0x00, 0x09, 0x00, 0x00, 0x00, 0x08,
    0x00, 0x00, 0x00, 0x06, 0xFF, 0xFF, 0xFF, 0xFF, 0x00, 0x00, 0x00, 0x00, 0x00, 0x00, 0x25, 0x7F,
    0x00, 0x00, 0x00, 0x11, 0x00, 0x00, 0x00, 0x03, 0x00, 0x00, 0x00, 0x08, 0x00, 0x00, 0x00, 0x0D,
    0x00, 0x00, 0x00, 0x02, 0x00, 0x00, 0x00, 0x00, 0x00, 0x00, 0x21, 0x90, 0x00, 0x00, 0x00, 0x05,
    0x00, 0x00, 0x00, 0x08, 0x00, 0x00, 0x00, 0x08, 0x00, 0x00, 0x00, 0x06, 0x00, 0x00, 0x00, 0x00,
    0x00, 0x00, 0x00, 0x00, 0x00, 0x00, 0x21, 0x91, 0x00, 0x00, 0x00, 0x07, 0x00, 0x00, 0x00, 0x05,
    0x00, 0x00, 0x00, 0x08, 0x00, 0x00, 0x00, 0x07, 0x00, 0x00, 0x00, 0x01, 0x00, 0x00, 0x00, 0x00,
    0x00, 0x00, 0x21, 0x92, 0x00, 0x00, 0x00, 0x05, 0x00, 0x00, 0x00, 0x08, 0x00, 0x00, 0x00, 0x08,
    0x00, 0x00, 0x00, 0x06, 0x00, 0x00, 0x00, 0x00, 0x00, 0x00, 0x00, 0x00, 0x00, 0x00, 0x21, 0x93,
    0x00, 0x00, 0x00, 0x07, 0x00, 0x00, 0x00, 0x05, 0x00, 0x00, 0x00, 0x08, 0x00, 0x00, 0x00, 0x07,
    0x00, 0x00, 0x00, 0x01, 0x00, 0x00, 0x00, 0x00, 0x00, 0x00, 0x21, 0x94, 0x00, 0x00, 0x00, 0x05,
    0x00, 0x00, 0x00, 0x08, 0x00, 0x00, 0x00, 0x08, 0x00, 0x00, 0x00, 0x06, 0x00, 0x00, 0x00, 0x00,
    0x00, 0x00, 0x00, 0x00, 0x00, 0x00, 0x21, 0x95, 0x00, 0x00, 0x00, 0x07, 0x00, 0x00, 0x00, 0x05,
    0x00, 0x00, 0x00, 0x08, 0x00, 0x00, 0x00, 0x07, 0x00, 0x00, 0x00, 0x01, 0x00, 0x00, 0x00, 0x00,
    0x00, 0x00, 0x27, 0x13, 0x00, 0x00, 0x00, 0x07, 0x00, 0x00, 0x00, 0x07, 0x00, 0x00, 0x00, 0x08,
    0x00, 0x00, 0x00, 0x08, 0x00, 0x00, 0x00, 0x00, 0x00, 0x00, 0x00, 0x00, 0x00, 0x00, 0x27, 0x17,
    0x00, 0x00, 0x00, 0x09, 0x00, 0x00, 0x00, 0x07, 0x00, 0x00, 0x00, 0x08, 0x00, 0x00, 0x00, 0x08,
    0x00, 0x00, 0x00, 0x00, 0x00, 0x00, 0x00, 0x00, 0x00, 0x00, 0x27, 0x18, 0x00, 0x00, 0x00, 0x0A,
    0x00, 0x00, 0x00, 0x08, 0x00, 0x00, 0x00, 0x08, 0x00, 0x00, 0x00, 0x09, 0x00, 0x00, 0x00, 0x00,
    0x00, 0x00, 0x00, 0x00, 0x00, 0x00, 0x22, 0x61, 0x00, 0x00, 0x00, 0x06, 0x00, 0x00, 0x00, 0x08,
    0x00, 0x00, 0x00, 0x08, 0x00, 0x00, 0x00, 0x07, 0x00, 0x00, 0x00, 0x00, 0x00, 0x00, 0x00, 0x00,
    0x00, 0x00, 0x26, 0x99, 0x00, 0x00, 0x00, 0x08, 0x00, 0x00, 0x00, 0x08, 0x00, 0x00, 0x00, 0x08,
    0x00, 0x00, 0x00, 0x08, 0x00, 0x00, 0x00, 0x00, 0x00, 0x00, 0x00, 0x00, 0x00, 0x00, 0x23, 0xCE,
    0x00, 0x00, 0x00, 0x07, 0x00, 0x00, 0x00, 0x08, 0x00, 0x00, 0x00, 0x08, 0x00, 0x00, 0x00, 0x08,
    0x00, 0x00, 0x00, 0x00, 0x00, 0x00, 0x00, 0x00, 0x00, 0x00, 0x26, 0x10, 0x00, 0x00, 0x00, 0x07,
    0x00, 0x00, 0x00, 0x07, 0x00, 0x00, 0x00, 0x08, 0x00, 0x00, 0x00, 0x07, 0x00, 0x00, 0x00, 0x00,
    0x00, 0x00, 0x00, 0x00, 0x00, 0x00, 0x26, 0x11, 0x00, 0x00, 0x00, 0x08, 0x00, 0x00, 0x00, 0x08,
    0x00, 0x00, 0x00, 0x08, 0x00, 0x00, 0x00, 0x07, 0x00, 0x00, 0x00, 0x00, 0x00, 0x00, 0x00, 0x00,
    0x00, 0x00, 0x23, 0x15, 0x00, 0x00, 0x00, 0x06, 0x00, 0x00, 0x00, 0x06, 0x00, 0x00, 0x00, 0x08,
    0x00, 0x00, 0x00, 0x07, 0x00, 0x00, 0x00, 0x01, 0x00, 0x00, 0x00, 0x00, 0x00, 0x00, 0x20, 0x26,
    0x00, 0x00, 0x00, 0x02, 0x00, 0x00, 0x00, 0x08, 0x00, 0x00, 0x00, 0x08, 0x00, 0x00, 0x00, 0x02,
    0x00, 0x00, 0x00, 0x00, 0x00, 0x00, 0x00, 0x00, 0x00, 0x00, 0x22, 0x64, 0x00, 0x00, 0x00, 0x07,
    0x00, 0x00, 0x00, 0x08, 0x00, 0x00, 0x00, 0x08, 0x00, 0x00, 0x00, 0x07, 0x00, 0x00, 0x00, 0x00,
    0x00, 0x00, 0x00, 0x00, 0x00, 0x00, 0x22, 0x65, 0x00, 0x00, 0x00, 0x07, 0x00, 0x00, 0x00, 0x08,
    0x00, 0x00, 0x00, 0x08, 0x00, 0x00, 0x00, 0x07, 0x00, 0x00, 0x00, 0x00, 0x00, 0x00, 0x00, 0x00,
    0x00, 0x00, 0x22, 0x60, 0x00, 0x00, 0x00, 0x08, 0x00, 0x00, 0x00, 0x08, 0x00, 0x00, 0x00, 0x08,
    0x00, 0x00, 0x00, 0x08, 0x00, 0x00, 0x00, 0x00, 0x00, 0x00, 0x00, 0x00, 0x00, 0x00, 0x25, 0xCF,
    0x00, 0x00, 0x00, 0x09, 0x00, 0x00, 0x00, 0x08, 0x00, 0x00, 0x00, 0x08, 0x00, 0x00, 0x00, 0x08,
    0x00, 0x00, 0x00, 0x00, 0x00, 0x00, 0x00, 0x00, 0x00, 0x00, 0x25, 0xCB, 0x00, 0x00, 0x00, 0x09,
    0x00, 0x00, 0x00, 0x08, 0x00, 0x00, 0x00, 0x08, 0x00, 0x00, 0x00, 0x08, 0x00, 0x00, 0x00, 0x00,
    0x00, 0x00, 0x00, 0x00, 0x00, 0x00, 0x25, 0xA0, 0x00, 0x00, 0x00, 0x09, 0x00, 0x00, 0x00, 0x08,
    0x00, 0x00, 0x00, 0x08, 0x00, 0x00, 0x00, 0x08, 0x00, 0x00, 0x00, 0x00, 0x00, 0x00, 0x00, 0x00,
    0x00, 0x00, 0x25, 0xA1, 0x00, 0x00, 0x00, 0x09, 0x00, 0x00, 0x00, 0x08, 0x00, 0x00, 0x00, 0x08,
    0x00, 0x00, 0x00, 0x08, 0x00, 0x00, 0x00, 0x00, 0x00, 0x00, 0x00, 0x00, 0x00, 0x00, 0x25, 0xC6,
    0x00, 0x00, 0x00, 0x09, 0x00, 0x00, 0x00, 0x08, 0x00, 0x00, 0x00, 0x08, 0x00, 0x00, 0x00, 0x08,
    0x00, 0x00, 0x00, 0x00, 0x00, 0x00, 0x00, 0x00, 0x00, 0x00, 0x25, 0xC7, 0x00, 0x00, 0x00, 0x09,
    0x00, 0x00, 0x00, 0x08, 0x00, 0x00, 0x00, 0x08, 0x00, 0x00, 0x00, 0x08, 0x00, 0x00, 0x00, 0x00,
    0x00, 0x00, 0x00, 0x00, 0x00, 0x00, 0x25, 0xB2, 0x00, 0x00, 0x00, 0x09, 0x00, 0x00, 0x00, 0x08,
    0x00, 0x00, 0x00, 0x08, 0x00, 0x00, 0x00, 0x08, 0x00, 0x00, 0x00, 0x00, 0x00, 0x00, 0x00, 0x00,
    0x00, 0x00, 0x25, 0xBC, 0x00, 0x00, 0x00, 0x09, 0x00, 0x00, 0x00, 0x08, 0x00, 0x00, 0x00, 0x08,
    0x00, 0x00, 0x00, 0x08, 0x00, 0x00, 0x00, 0x00, 0x00, 0x00, 0x00, 0x00, 0x00, 0x00, 0x25, 0xC0,
    0x00, 0x00, 0x00, 0x09, 0x00, 0x00, 0x00, 0x08, 0x00, 0x00, 0x00, 0x08, 0x00, 0x00, 0x00, 0x08,
    0x00, 0x00, 0x00, 0x00, 0x00, 0x00, 0x00, 0x00, 0x00, 0x00, 0x25, 0xB6, 0x00, 0x00, 0x00, 0x09,
    0x00, 0x00, 0x00, 0x08, 0x00, 0x00, 0x00, 0x08, 0x00, 0x00, 0x00, 0x08, 0x00, 0x00, 0x00, 0x00,
    0x00, 0x00, 0x00, 0x00, 0x00, 0x00, 0x2B, 0x07, 0x00, 0x00, 0x00, 0x07, 0x00, 0x00, 0x00, 0x05,
    0x00, 0x00, 0x00, 0x08, 0x00, 0x00, 0x00, 0x08, 0x00, 0x00, 0x00, 0x01, 0x00, 0x00, 0x00, 0x00,
    0x00, 0x00, 0x21, 0xE9, 0x00, 0x00, 0x00, 0x08, 0x00, 0x00, 0x00, 0x06, 0x00, 0x00, 0x00, 0x08,
    0x00, 0x00, 0x00, 0x08, 0x00, 0x00, 0x00, 0x01, 0x00, 0x00, 0x00, 0x00, 0x00, 0x04, 0x04, 0x04,
    0x04, 0x04, 0x04, 0x04, 0x03, 0x20, 0xFF, 0xFF, 0xFF, 0xFF, 0xFF, 0xFF, 0xFF, 0xF4, 0x02, 0x14,
    0x14, 0x14, 0x14, 0x14, 0x14, 0x14, 0x13, 0x0B, 0x58, 0x58, 0x58, 0x58, 0x58, 0x58, 0x58, 0x53,
    0x20, 0xFF, 0xFF, 0xFF, 0xFF, 0xFF, 0xFF, 0xFF, 0xF4, 0x1B, 0xD8, 0xD8, 0xD8, 0xD8, 0xD8, 0xD8,
    0xD8, 0xCD, 0x27, 0x09, 0xD0, 0x34, 0xD0, 0x34, 0xD0, 0x34, 0xD0, 0x34, 0xD0, 0x34, 0xD0, 0x34,
    0xD0, 0x34, 0xD0, 0x34, 0xD0, 0x34, 0xD0, 0x34, 0xD0, 0x34, 0xD0, 0x34, 0xD0, 0x34, 0xD0, 0x34,
    0xD0, 0x34, 0x34, 0x0D, 0x05, 0x30, 0x2C, 0x1C, 0xFF, 0xEC, 0x1C, 0xFF, 0xEC, 0x1C, 0xFF, 0xEC,
    0x1C, 0xFF, 0xEC, 0x1C, 0xFF, 0xEC, 0x1C, 0xFF, 0xEC, 0x1C, 0xFF, 0xEC, 0x1C, 0xFF, 0xEC, 0x1C,
    0xFF, 0xEC, 0x1C, 0xFF, 0xEC, 0x1C, 0xFF, 0xEC, 0x1C, 0xFF, 0xEC, 0x1C, 0xFF, 0xEC, 0x1C, 0xFF,
    0xEC, 0x1C, 0xFF, 0xEC, 0x07, 0x40, 0x3B, 0x03, 0x04, 0x00, 0x04, 0x03, 0x01, 0x04, 0x02, 0xC8,
    0xFF, 0x2C, 0xFF, 0xEC, 0x40, 0xFF, 0x9C, 0x0F, 0x14, 0x03, 0x14, 0x12, 0x05, 0x14, 0x0C, 0x44,
    0x58, 0x0F, 0x58, 0x51, 0x16, 0x58, 0x35, 0xC8, 0xFF, 0x2C, 0xFF, 0xEC, 0x40, 0xFF, 0x9C, 0xA8,
    0xD8, 0x25, 0xD8, 0xC7, 0x36, 0xD8, 0x83, 0x95, 0x25, 0xD0, 0x34, 0xD0, 0x34, 0xD0, 0x34, 0x2A,
    0x0A, 0x2D, 0x0B, 0xD0, 0x34, 0xD0, 0x34, 0xD0, 0x34, 0x95, 0x25, 0x20, 0x08, 0xD0, 0x34, 0xD0,
    0x34, 0xD0, 0x34, 0x9F, 0x27, 0x14, 0xB8, 0xA9, 0x1C, 0xFF, 0xEC, 0x1C, 0xFF, 0xEC, 0x1C, 0xFF,
    0xEC, 0x05, 0x34, 0x2F, 0x06, 0x38, 0x33, 0x1C, 0xFF, 0xEC, 0x1C, 0xFF, 0xEC, 0x1C, 0xFF, 0xEC,
    0x14, 0xB8, 0xA9, 0x04, 0x28, 0x24, 0x1C, 0xFF, 0xEC, 0x1C, 0xFF, 0xEC, 0x1C, 0xFF, 0xEC, 0x15,
    0xC4, 0xB4, 0x03, 0x01, 0x03, 0x01, 0x03, 0x01, 0x03, 0x00, 0xD8, 0x5C, 0xE0, 0x50, 0xEC, 0x44,
    0xF8, 0x3C, 0x10, 0x07, 0x11, 0x06, 0x12, 0x05, 0x13, 0x04, 0x4A, 0x1F, 0x4D, 0x1B, 0x51, 0x17,
    0x55, 0x14, 0xD8, 0x5C, 0xE0, 0x50, 0xEC, 0x44, 0xF8, 0x3C, 0xB6, 0x4D, 0xBD, 0x43, 0xC7, 0x39,
    0xD1, 0x32, 0x7B, 0x1E, 0xD0, 0x34, 0xD0, 0x34, 0x09, 0x02, 0x8F, 0x23, 0xD0, 0x34, 0xC6, 0x31,
    0x00, 0x00, 0xC6, 0x31, 0xD0, 0x34, 0x8F, 0x23, 0x09, 0x02, 0xD0, 0x34, 0xD0, 0x34, 0x7E, 0x1F,
    0x10, 0x98, 0x8C, 0x1C, 0xFF, 0xEC, 0x1C, 0xFF, 0xEC, 0x01, 0x0C, 0x0B, 0x13, 0xB0, 0xA2, 0x1C,
    0xFF, 0xEC, 0x1A, 0xF4, 0xE0, 0x00, 0x00, 0x00, 0x1A, 0xF4, 0xE0, 0x1C, 0xFF, 0xEC, 0x13, 0xB0,
    0xA2, 0x01, 0x0C, 0x0B, 0x1C, 0xFF, 0xEC, 0x1C, 0xFF, 0xEC, 0x11, 0x9C, 0x8F, 0x03, 0x04, 0x04,
    0x04, 0x02, 0xD0, 0xFF, 0xFF, 0xFF, 0xBC, 0xD0, 0x43, 0x14, 0x14, 0x0E, 0xD0, 0x34, 0x00, 0x00,
    0x00, 0xD0, 0x34, 0x00, 0x00, 0x00, 0xD0, 0x34, 0x00, 0x00, 0x00, 0xD0, 0x34, 0x00, 0x00, 0x00,
    0xD0, 0x34, 0x00, 0x00, 0x00, 0xD0, 0x34, 0x00, 0x00, 0x00, 0x34, 0x0D, 0x00, 0x00, 0x00, 0x47,
    0x58, 0x58, 0x58, 0x40, 0xD0, 0xFF, 0xFF, 0xFF, 0xBC, 0xD0, 0xE0, 0xD8, 0xD8, 0x9E, 0xD0, 0x34,
    0x00, 0x00, 0x00, 0xD0, 0x34, 0x00, 0x00, 0x00, 0xD0, 0x34, 0x00, 0x00, 0x00, 0xD0, 0x34, 0x00,
    0x00, 0x00, 0xD0, 0x34, 0x00, 0x00, 0x00, 0xD0, 0x34, 0x00, 0x00, 0x00, 0x61, 0x18, 0x00, 0x00,
    0x00, 0x00, 0x04, 0x04, 0x04, 0x04, 0x03, 0x1C, 0xFF, 0xFF, 0xFF, 0xFF, 0xF4, 0x1C, 0xFF, 0xED,
    0x14, 0x14, 0x13, 0x1C, 0xFF, 0xEC, 0x00, 0x00, 0x00, 0x1C, 0xFF, 0xEC, 0x00, 0x00, 0x00, 0x1C,
    0xFF, 0xEC, 0x00, 0x00, 0x00, 0x1C, 0xFF, 0xEC, 0x00, 0x00, 0x00, 0x1C, 0xFF, 0xEC, 0x00, 0x00,
    0x00, 0x1C, 0xFF, 0xEC, 0x00, 0x00, 0x00, 0x07, 0x40, 0x3B, 0x00, 0x00, 0x00, 0x09, 0x58, 0x58,
    0x58, 0x58, 0x53, 0x1C, 0xFF, 0xFF, 0xFF, 0xFF, 0xF4, 0x1C, 0xFF, 0xFC, 0xD8, 0xD8, 0xCD, 0x1C,
    0xFF, 0xEC, 0x00, 0x00, 0x00, 0x1C, 0xFF, 0xEC, 0x00, 0x00, 0x00, 0x1C, 0xFF, 0xEC, 0x00, 0x00,
    0x00, 0x1C, 0xFF, 0xEC, 0x00, 0x00, 0x00, 0x1C, 0xFF, 0xEC, 0x00, 0x00, 0x00, 0x1C, 0xFF, 0xEC,
    0x00, 0x00, 0x00, 0x0D, 0x78, 0x6E, 0x00, 0x00, 0x00, 0x01, 0x04, 0x04, 0x04, 0x04, 0x00, 0x58,
    0xFF, 0xFF, 0xFF, 0xFF, 0x34, 0x06, 0x14, 0x14, 0x14, 0xD3, 0x34, 0x00, 0x00, 0x00, 0x00, 0xD0,
    0x34, 0x00, 0x00, 0x00, 0x00, 0xD0, 0x34, 0x00, 0x00, 0x00, 0x00, 0xD0, 0x34, 0x00, 0x00, 0x00,
    0x00, 0xD0, 0x34, 0x00, 0x00, 0x00, 0x00, 0xD0, 0x34, 0x00, 0x00, 0x00, 0x00, 0xD0, 0x34, 0x00,
    0x00, 0x00, 0x00, 0x34, 0x0D, 0x1E, 0x58, 0x58, 0x58, 0x58, 0x11, 0x58, 0xFF, 0xFF, 0xFF, 0xFF,
    0x34, 0x4A, 0xD8, 0xD8, 0xD8, 0xF8, 0x34, 0x00, 0x00, 0x00, 0x00, 0xD0, 0x34, 0x00, 0x00, 0x00,
    0x00, 0xD0, 0x34, 0x00, 0x00, 0x00, 0x00, 0xD0, 0x34, 0x00, 0x00, 0x00, 0x00, 0xD0, 0x34, 0x00,
    0x00, 0x00, 0x00, 0xD0, 0x34, 0x00, 0x00, 0x00, 0x00, 0xD0, 0x34, 0x00, 0x00, 0x00, 0x00, 0x61,
    0x18, 0x00, 0x04, 0x04, 0x04, 0x04, 0x03, 0x20, 0xFF, 0xFF, 0xFF, 0xFF, 0xEC, 0x02, 0x14, 0x14,
    0x2D, 0xFF, 0xEC, 0x00, 0x00, 0x00, 0x1C, 0xFF, 0xEC, 0x00, 0x00, 0x00, 0x1C, 0xFF, 0xEC, 0x00,
    0x00, 0x00, 0x1C, 0xFF, 0xEC, 0x00, 0x00, 0x00, 0x1C, 0xFF, 0xEC, 0x00, 0x00, 0x00, 0x1C, 0xFF,
    0xEC, 0x00, 0x00, 0x00, 0x1C, 0xFF, 0xEC, 0x00, 0x00, 0x00, 0x07, 0x40, 0x3B, 0x0B, 0x58, 0x58,
    0x58, 0x58, 0x51, 0x20, 0xFF, 0xFF, 0xFF, 0xFF, 0xEC, 0x1B, 0xD8, 0xD8, 0xDC, 0xFF, 0xEC, 0x00,
    0x00, 0x00, 0x1C, 0xFF, 0xEC, 0x00, 0x00, 0x00, 0x1C, 0xFF, 0xEC, 0x00, 0x00, 0x00, 0x1C, 0xFF,
    0xEC, 0x00, 0x00, 0x00, 0x1C, 0xFF, 0xEC, 0x00, 0x00, 0x00, 0x1C, 0xFF, 0xEC, 0x00, 0x00, 0x00,
    0x1C, 0xFF, 0xEC, 0x00, 0x00, 0x00, 0x0D, 0x78, 0x6E, 0x27, 0x09, 0x00, 0x00, 0x00, 0xD0, 0x34,
    0x00, 0x00, 0x00, 0xD0, 0x34, 0x00, 0x00, 0x00, 0xD0, 0x34, 0x00, 0x00, 0x00, 0xD0, 0x34, 0x00,
    0x00, 0x00, 0xD0, 0x34, 0x00, 0x00, 0x00, 0xD0, 0x34, 0x00, 0x00, 0x00, 0xD0, 0x37, 0x04, 0x04,
    0x02, 0xD0, 0xFF, 0xFF, 0xFF, 0xBC, 0x10, 0x14, 0x14, 0x14, 0x0E, 0xC9, 0x32, 0x00, 0x00, 0x00,
    0xD0, 0x34, 0x00, 0x00, 0x00, 0xD0, 0x34, 0x00, 0x00, 0x00, 0xD0, 0x34, 0x00, 0x00, 0x00, 0xD0,
    0x34, 0x00, 0x00, 0x00, 0xD0, 0x34, 0x00, 0x00, 0x00, 0xD0, 0x7A, 0x58, 0x58, 0x40, 0xD0, 0xFF,
    0xFF, 0xFF, 0xBC, 0xAF, 0xD8, 0xD8, 0xD8, 0x9E, 0x05, 0x30, 0x2C, 0x00, 0x00, 0x00, 0x1C, 0xFF,
    0xEC, 0x00, 0x00, 0x00, 0x1C, 0xFF, 0xEC, 0x00, 0x00, 0x00, 0x1C, 0xFF, 0xEC, 0x00, 0x00, 0x00,
    0x1C, 0xFF, 0xEC, 0x00, 0x00, 0x00, 0x1C, 0xFF, 0xEC, 0x00, 0x00, 0x00, 0x1C, 0xFF, 0xEC, 0x00,
    0x00, 0x00, 0x1C, 0xFF, 0xEC, 0x04, 0x04, 0x03, 0x1C, 0xFF, 0xFF, 0xFF, 0xFF, 0xF4, 0x02, 0x14,
    0x14, 0x14, 0x14, 0x13, 0x1B, 0xF8, 0xE4, 0x00, 0x00, 0x00, 0x1C, 0xFF, 0xEC, 0x00, 0x00, 0x00,
    0x1C, 0xFF, 0xEC, 0x00, 0x00, 0x00, 0x1C, 0xFF, 0xEC, 0x00, 0x00, 0x00, 0x1C, 0xFF, 0xEC, 0x00,
    0x00, 0x00, 0x1C, 0xFF, 0xEC, 0x00, 0x00, 0x00, 0x1C, 0xFF, 0xF2, 0x58, 0x58, 0x53, 0x1C, 0xFF,
    0xFF, 0xFF, 0xFF, 0xF4, 0x17, 0xD8, 0xD8, 0xD8, 0xD8, 0xCD, 0x00, 0x00, 0x00, 0x00, 0x27, 0x09,
    0x00, 0x00, 0x00, 0x00, 0xD0, 0x34, 0x00, 0x00, 0x00, 0x00, 0xD0, 0x34, 0x00, 0x00, 0x00, 0x00,
    0xD0, 0x34, 0x00, 0x00, 0x00, 0x00, 0xD0, 0x34, 0x00, 0x00, 0x00, 0x00, 0xD0, 0x34, 0x00, 0x00,
    0x00, 0x00, 0xD0, 0x34, 0x01, 0x04, 0x04, 0x04, 0xD0, 0x34, 0x58, 0xFF, 0xFF, 0xFF, 0xFF, 0x34,
    0x06, 0x14, 0x14, 0x14, 0x14, 0x04, 0x00, 0x00, 0x00, 0x00, 0xC9, 0x32, 0x00, 0x00, 0x00, 0x00,
    0xD0, 0x34, 0x00, 0x00, 0x00, 0x00, 0xD0, 0x34, 0x00, 0x00, 0x00, 0x00, 0xD0, 0x34, 0x00, 0x00,
    0x00, 0x00, 0xD0, 0x34, 0x00, 0x00, 0x00, 0x00, 0xD0, 0x34, 0x1E, 0x58, 0x58, 0x58, 0xE0, 0x34,
    0x58, 0xFF, 0xFF, 0xFF, 0xFF, 0x34, 0x4A, 0xD8, 0xD8, 0xD8, 0xD8, 0x2B, 0x00, 0x00, 0x00, 0x05,
    0x30, 0x2C, 0x00, 0x00, 0x00, 0x1C, 0xFF, 0xEC, 0x00, 0x00, 0x00, 0x1C, 0xFF, 0xEC, 0x00, 0x00,
    0x00, 0x1C, 0xFF, 0xEC, 0x00, 0x00, 0x00, 0x1C, 0xFF, 0xEC, 0x00, 0x00, 0x00, 0x1C, 0xFF, 0xEC,
    0x00, 0x00, 0x00, 0x1C, 0xFF, 0xEC, 0x00, 0x04, 0x04, 0x1F, 0xFF, 0xEC, 0x20, 0xFF, 0xFF, 0xFF,
    0xFF, 0xEC, 0x02, 0x14, 0x14, 0x14, 0x14, 0x12, 0x00, 0x00, 0x00, 0x1B, 0xF8, 0xE4, 0x00, 0x00,
    0x00, 0x1C, 0xFF, 0xEC, 0x00, 0x00, 0x00, 0x1C, 0xFF, 0xEC, 0x00, 0x00, 0x00, 0x1C, 0xFF, 0xEC,
    0x00, 0x00, 0x00, 0x1C, 0xFF, 0xEC, 0x00, 0x00, 0x00, 0x1C, 0xFF, 0xEC, 0x0B, 0x58, 0x58, 0x6A,
    0xFF, 0xEC, 0x20, 0xFF, 0xFF, 0xFF, 0xFF, 0xEC, 0x1B, 0xD8, 0xD8, 0xD8, 0xD8, 0xC7, 0x27, 0x09,
    0x00, 0x00, 0x00, 0xD0, 0x34, 0x00, 0x00, 0x00, 0xD0, 0x34, 0x00, 0x00, 0x00, 0xD0, 0x34, 0x00,
    0x00, 0x00, 0xD0, 0x34, 0x00, 0x00, 0x00, 0xD0, 0x34, 0x00, 0x00, 0x00, 0xD0, 0x34, 0x00, 0x00,
    0x00, 0xD0, 0x37, 0x04, 0x04, 0x02, 0xD0, 0xFF, 0xFF, 0xFF, 0xBC, 0xD0, 0x43, 0x14, 0x14, 0x0E,
    0xD0, 0x34, 0x00, 0x00, 0x00, 0xD0, 0x34, 0x00, 0x00, 0x00, 0xD0, 0x34, 0x00, 0x00, 0x00, 0xD0,
    0x34, 0x00, 0x00, 0x00, 0xD0, 0x34, 0x00, 0x00, 0x00, 0xD0, 0x34, 0x00, 0x00, 0x00, 0x34, 0x0D,
    0x00, 0x00, 0x00, 0x27, 0x09, 0x00, 0x00, 0x00, 0xD0, 0x34, 0x00, 0x00, 0x00, 0xD0, 0x34, 0x00,
    0x00, 0x00, 0xD0, 0x34, 0x00, 0x00, 0x00, 0xD0, 0x34, 0x00, 0x00, 0x00, 0xD0, 0x34, 0x00, 0x00,
    0x00, 0xD0, 0x34, 0x00, 0x00, 0x00, 0xD0, 0xA6, 0x90, 0x90, 0x69, 0xD0, 0xFF, 0xFF, 0xFF, 0xBC,
    0xD0, 0xB3, 0xA0, 0xA0, 0x75, 0xD0, 0x34, 0x00, 0x00, 0x00, 0xD0, 0x34, 0x00, 0x00, 0x00, 0xD0,
    0x34, 0x00, 0x00, 0x00, 0xD0, 0x34, 0x00, 0x00, 0x00, 0xD0, 0x34, 0x00, 0x00, 0x00, 0xD0, 0x34,
    0x00, 0x00, 0x00, 0x34, 0x0D, 0x00, 0x00, 0x00, 0x05, 0x30, 0x2C, 0x00, 0x00, 0x00, 0x1C, 0xFF,
    0xEC, 0x00, 0x00, 0x00, 0x1C, 0xFF, 0xEC, 0x00, 0x00, 0x00, 0x1C, 0xFF, 0xEC, 0x00, 0x00, 0x00,
    0x1C, 0xFF, 0xEC, 0x00, 0x00, 0x00, 0x1C, 0xFF, 0xEC, 0x00, 0x00, 0x00, 0x1C, 0xFF, 0xEC, 0x00,
    0x00, 0x00, 0x1C, 0xFF, 0xEC, 0x04, 0x04, 0x03, 0x1C, 0xFF, 0xFF, 0xFF, 0xFF, 0xF4, 0x02, 0xA0,
    0x77, 0x14, 0x14, 0x13, 0x00, 0x98, 0x6C, 0x00, 0x00, 0x00, 0x00, 0x98, 0x6C, 0x00, 0x00, 0x00,
    0x00, 0x98, 0x6C, 0x00, 0x00, 0x00, 0x00, 0x98, 0x6C, 0x00, 0x00, 0x00, 0x00, 0x98, 0x6C, 0x00,
    0x00, 0x00, 0x00, 0x98, 0x6C, 0x00, 0x00, 0x00, 0x00, 0x26, 0x1B, 0x00, 0x00, 0x00, 0x00, 0x1C,
    0x14, 0x00, 0x00, 0x00, 0x00, 0x98, 0x6C, 0x00, 0x00, 0x00, 0x00, 0x98, 0x6C, 0x00, 0x00, 0x00,
    0x00, 0x98, 0x6C, 0x00, 0x00, 0x00, 0x00, 0x98, 0x6C, 0x00, 0x00, 0x00, 0x00, 0x98, 0x6C, 0x00,
    0x00, 0x00, 0x00, 0x98, 0x6C, 0x00, 0x00, 0x00, 0x00, 0x99, 0x6E, 0x04, 0x04, 0x03, 0x1C, 0xFF,
    0xFF, 0xFF, 0xFF, 0xF4, 0x1C, 0xFF, 0xED, 0x14, 0x14, 0x13, 0x1C, 0xFF, 0xEC, 0x00, 0x00, 0x00,
    0x1C, 0xFF, 0xEC, 0x00, 0x00, 0x00, 0x1C, 0xFF, 0xEC, 0x00, 0x00, 0x00, 0x1C, 0xFF, 0xEC, 0x00,
    0x00, 0x00, 0x1C, 0xFF, 0xEC, 0x00, 0x00, 0x00, 0x1C, 0xFF, 0xEC, 0x00, 0x00, 0x00, 0x07, 0x40,
    0x3B, 0x00, 0x00, 0x00, 0x05, 0x30, 0x2C, 0x00, 0x00, 0x00, 0x1C, 0xFF, 0xEC, 0x00, 0x00, 0x00,
    0x1C, 0xFF, 0xEC, 0x00, 0x00, 0x00, 0x1C, 0xFF, 0xEC, 0x00, 0x00, 0x00, 0x1C, 0xFF, 0xEC, 0x00,
    0x00, 0x00, 0x1C, 0xFF, 0xEC, 0x00, 0x00, 0x00, 0x1C, 0xFF, 0xEC, 0x00, 0x00, 0x00, 0x1C, 0xFF,
    0xEC, 0x04, 0x04, 0x03, 0x1C, 0xFF, 0xFF, 0xFF, 0xFF, 0xF4, 0x1C, 0xFF, 0xED, 0x14, 0x14, 0x13,
    0x1C, 0xFF, 0xEC, 0x00, 0x00, 0x00, 0x1C, 0xFF, 0xEC, 0x00, 0x00, 0x00, 0x1C, 0xFF, 0xEC, 0x00,
    0x00, 0x00, 0x1C, 0xFF, 0xEC, 0x00, 0x00, 0x00, 0x1C, 0xFF, 0xEC, 0x00, 0x00, 0x00, 0x1C, 0xFF,
    0xEC, 0x00, 0x00, 0x00, 0x07, 0x40, 0x3B, 0x00, 0x00, 0x00, 0x01, 0x0C, 0x0B, 0x00, 0x00, 0x00,
    0x1C, 0xFF, 0xEC, 0x00, 0x00, 0x00, 0x1C, 0xFF, 0xEC, 0x00, 0x00, 0x00, 0x1C, 0xFF, 0xEC, 0x00,
    0x00, 0x00, 0x1C, 0xFF, 0xEC, 0x00, 0x00, 0x00, 0x1C, 0xFF, 0xEC, 0x00, 0x00, 0x00, 0x1C, 0xFF,
    0xEC, 0x00, 0x00, 0x00, 0x1C, 0xFF, 0xF4, 0x6C, 0x6C, 0x66, 0x1C, 0xFF, 0xFF, 0xFF, 0xFF, 0xF4,
    0x15, 0xE7, 0xDD, 0xC4, 0xC4, 0xBA, 0x00, 0x98, 0x6C, 0x00, 0x00, 0x00, 0x00, 0x98, 0x6C, 0x00,
    0x00, 0x00, 0x00, 0x98, 0x6C, 0x00, 0x00, 0x00, 0x00, 0x98, 0x6C, 0x00, 0x00, 0x00, 0x00, 0x98,
    0x6C, 0x00, 0x00, 0x00, 0x00, 0x98, 0x6C, 0x00, 0x00, 0x00, 0x00, 0x3B, 0x2A, 0x00, 0x00, 0x00,
    0x00, 0x3B, 0x2A, 0x00, 0x00, 0x00, 0x00, 0x98, 0x6C, 0x00, 0x00, 0x00, 0x00, 0x98, 0x6C, 0x00,
    0x00, 0x00, 0x00, 0x98, 0x6C, 0x00, 0x00, 0x00, 0x00, 0x98, 0x6C, 0x00, 0x00, 0x00, 0x00, 0x98,
    0x6C, 0x00, 0x00, 0x00, 0x00, 0x98, 0x6C, 0x00, 0x00, 0x00, 0x15, 0xE7, 0xDD, 0xC4, 0xC4, 0xBA,
    0x1C, 0xFF, 0xFF, 0xFF, 0xFF, 0xF4, 0x1C, 0xFF, 0xF4, 0x6C, 0x6C, 0x66, 0x1C, 0xFF, 0xEC, 0x00,
    0x00, 0x00, 0x1C, 0xFF, 0xEC, 0x00, 0x00, 0x00, 0x1C, 0xFF, 0xEC, 0x00, 0x00, 0x00, 0x1C, 0xFF,
    0xEC, 0x00, 0x00, 0x00, 0x1C, 0xFF, 0xEC, 0x00, 0x00, 0x00, 0x1C, 0xFF, 0xEC, 0x00, 0x00, 0x00,
    0x01, 0x0C, 0x0B, 0x00, 0x00, 0x00, 0x05, 0x30, 0x2C, 0x00, 0x00, 0x00, 0x1C, 0xFF, 0xEC, 0x00,
    0x00, 0x00, 0x1C, 0xFF, 0xEC, 0x00, 0x00, 0x00, 0x1C, 0xFF, 0xEC, 0x00, 0x00, 0x00, 0x1C, 0xFF,
    0xEC, 0x00, 0x00, 0x00, 0x1C, 0xFF, 0xEC, 0x00, 0x00, 0x00, 0x1C, 0xFF, 0xEC, 0x00, 0x00, 0x00,
    0x1C, 0xFF, 0xF7, 0x90, 0x90, 0x89, 0x1C, 0xFF, 0xFF, 0xFF, 0xFF, 0xF4, 0x1C, 0xFF, 0xF8, 0xA0,
    0xA0, 0x98, 0x1C, 0xFF, 0xEC, 0x00, 0x00, 0x00, 0x1C, 0xFF, 0xEC, 0x00, 0x00, 0x00, 0x1C, 0xFF,
    0xEC, 0x00, 0x00, 0x00, 0x1C, 0xFF, 0xEC, 0x00, 0x00, 0x00, 0x1C, 0xFF, 0xEC, 0x00, 0x00, 0x00,
    0x1C, 0xFF, 0xEC, 0x00, 0x00, 0x00, 0x07, 0x40, 0x3B, 0x00, 0x00, 0x00, 0x00, 0x00, 0x00, 0x00,
    0x27, 0x09, 0x00, 0x00, 0x00, 0x00, 0xD0, 0x34, 0x00, 0x00, 0x00, 0x00, 0xD0, 0x34, 0x00, 0x00,
    0x00, 0x00, 0xD0, 0x34, 0x00, 0x00, 0x00, 0x00, 0xD0, 0x34, 0x00, 0x00, 0x00, 0x00, 0xD0, 0x34,
    0x00, 0x00, 0x00, 0x00, 0xD0, 0x34, 0x01, 0x04, 0x04, 0x04, 0xD0, 0x34, 0x58, 0xFF, 0xFF, 0xFF,
    0xFF, 0x34, 0x06, 0x14, 0x14, 0x14, 0xD3, 0x34, 0x00, 0x00, 0x00, 0x00, 0xD0, 0x34, 0x00, 0x00,
    0x00, 0x00, 0xD0, 0x34, 0x00, 0x00, 0x00, 0x00, 0xD0, 0x34, 0x00, 0x00, 0x00, 0x00, 0xD0, 0x34,
    0x00, 0x00, 0x00, 0x00, 0xD0, 0x34, 0x00, 0x00, 0x00, 0x00, 0xD0, 0x34, 0x00, 0x00, 0x00, 0x00,
    0x34, 0x0D, 0x00, 0x00, 0x00, 0x00, 0x27, 0x09, 0x00, 0x00, 0x00, 0x00, 0xD0, 0x34, 0x00, 0x00,
    0x00, 0x00, 0xD0, 0x34, 0x00, 0x00, 0x00, 0x00, 0xD0, 0x34, 0x00, 0x00, 0x00, 0x00, 0xD0, 0x34,
    0x00, 0x00, 0x00, 0x00, 0xD0, 0x34, 0x00, 0x00, 0x00, 0x00, 0xD0, 0x34, 0x31, 0x90, 0x90, 0x90,
    0xEB, 0x34, 0x58, 0xFF, 0xFF, 0xFF, 0xFF, 0x34, 0x37, 0xA0, 0xA0, 0xA0, 0xEE, 0x34, 0x00, 0x00,
    0x00, 0x00, 0xD0, 0x34, 0x00, 0x00, 0x00, 0x00, 0xD0, 0x34, 0x00, 0x00, 0x00, 0x00, 0xD0, 0x34,
    0x00, 0x00, 0x00, 0x00, 0xD0, 0x34, 0x00, 0x00, 0x00, 0x00, 0xD0, 0x34, 0x00, 0x00, 0x00, 0x00,
    0xD0, 0x34, 0x00, 0x00, 0x00, 0x00, 0x34, 0x0D, 0x00, 0x00, 0x00, 0x05, 0x30, 0x2C, 0x00, 0x00,
    0x00, 0x1C, 0xFF, 0xEC, 0x00, 0x00, 0x00, 0x1C, 0xFF, 0xEC, 0x00, 0x00, 0x00, 0x1C, 0xFF, 0xEC,
    0x00, 0x00, 0x00, 0x1C, 0xFF, 0xEC, 0x00, 0x00, 0x00, 0x1C, 0xFF, 0xEC, 0x00, 0x00, 0x00, 0x1C,
    0xFF, 0xEC, 0x00, 0x04, 0x04, 0x1F, 0xFF, 0xEC, 0x20, 0xFF, 0xFF, 0xFF, 0xFF, 0xEC, 0x02, 0x14,
    0x14, 0x14, 0xA0, 0x76, 0x00, 0x00, 0x00, 0x00, 0x98, 0x6C, 0x00, 0x00, 0x00, 0x00, 0x98, 0x6C,
    0x00, 0x00, 0x00, 0x00, 0x98, 0x6C, 0x00, 0x00, 0x00, 0x00, 0x98, 0x6C, 0x00, 0x00, 0x00, 0x00,
    0x98, 0x6C, 0x00, 0x00, 0x00, 0x00, 0x98, 0x6C, 0x00, 0x00, 0x00, 0x00, 0x26, 0x1B, 0x00, 0x00,
    0x00, 0x00, 0x1C, 0x14, 0x00, 0x00, 0x00, 0x00, 0x98, 0x6C, 0x00, 0x00, 0x00, 0x00, 0x98, 0x6C,
    0x00, 0x00, 0x00, 0x00, 0x98, 0x6C, 0x00, 0x00, 0x00, 0x00, 0x98, 0x6C, 0x00, 0x00, 0x00, 0x00,
    0x98, 0x6C, 0x00, 0x00, 0x00, 0x00, 0x98, 0x6C, 0x00, 0x04, 0x04, 0x04, 0x99, 0x6E, 0x20, 0xFF,
    0xFF, 0xFF, 0xFF, 0xEC, 0x02, 0x14, 0x14, 0x2D, 0xFF, 0xEC, 0x00, 0x00, 0x00, 0x1C, 0xFF, 0xEC,
    0x00, 0x00, 0x00, 0x1C, 0xFF, 0xEC, 0x00, 0x00, 0x00, 0x1C, 0xFF, 0xEC, 0x00, 0x00, 0x00, 0x1C,
    0xFF, 0xEC, 0x00, 0x00, 0x00, 0x1C, 0xFF, 0xEC, 0x00, 0x00, 0x00, 0x1C, 0xFF, 0xEC, 0x00, 0x00,
    0x00, 0x07, 0x40, 0x3B, 0x00, 0x00, 0x00, 0x05, 0x30, 0x2C, 0x00, 0x00, 0x00, 0x1C, 0xFF, 0xEC,
    0x00, 0x00, 0x00, 0x1C, 0xFF, 0xEC, 0x00, 0x00, 0x00, 0x1C, 0xFF, 0xEC, 0x00, 0x00, 0x00, 0x1C,
    0xFF, 0xEC, 0x00, 0x00, 0x00, 0x1C, 0xFF, 0xEC, 0x00, 0x00, 0x00, 0x1C, 0xFF, 0xEC, 0x00, 0x04,
    0x04, 0x1F, 0xFF, 0xEC, 0x20, 0xFF, 0xFF, 0xFF, 0xFF, 0xEC, 0x02, 0x14, 0x14, 0x2D, 0xFF, 0xEC,
    0x00, 0x00, 0x00, 0x1C, 0xFF, 0xEC, 0x00, 0x00, 0x00, 0x1C, 0xFF, 0xEC, 0x00, 0x00, 0x00, 0x1C,
    0xFF, 0xEC, 0x00, 0x00, 0x00, 0x1C, 0xFF, 0xEC, 0x00, 0x00, 0x00, 0x1C, 0xFF, 0xEC, 0x00, 0x00,
    0x00, 0x1C, 0xFF, 0xEC, 0x00, 0x00, 0x00, 0x07, 0x40, 0x3B, 0x00, 0x00, 0x00, 0x1B, 0xF8, 0xE4,
    0x00, 0x00, 0x00, 0x1C, 0xFF, 0xEC, 0x00, 0x00, 0x00, 0x1C, 0xFF, 0xEC, 0x00, 0x00, 0x00, 0x1C,
    0xFF, 0xEC, 0x00, 0x00, 0x00, 0x1C, 0xFF, 0xEC, 0x00, 0x00, 0x00, 0x1C, 0xFF, 0xEC, 0x0B, 0x58,
    0x58, 0x6A, 0xFF, 0xEC, 0x20, 0xFF, 0xFF, 0xFF, 0xFF, 0xEC, 0x1B, 0xD8, 0xD8, 0xD8, 0xEF, 0xD8,
    0x00, 0x00, 0x00, 0x00, 0x98, 0x6C, 0x00, 0x00, 0x00, 0x00, 0x98, 0x6C, 0x00, 0x00, 0x00, 0x00,
    0x98, 0x6C, 0x00, 0x00, 0x00, 0x00, 0x98, 0x6C, 0x00, 0x00, 0x00, 0x00, 0x98, 0x6C, 0x00, 0x00,
    0x00, 0x00, 0x98, 0x6C, 0x00, 0x00, 0x00, 0x00, 0x47, 0x32, 0x00, 0x00, 0x00, 0x00, 0x93, 0x68,
    0x00, 0x00, 0x00, 0x00, 0x98, 0x6C, 0x00, 0x00, 0x00, 0x00, 0x98, 0x6C, 0x00, 0x00, 0x00, 0x00,
    0x98, 0x6C, 0x00, 0x00, 0x00, 0x00, 0x98, 0x6C, 0x00, 0x00, 0x00, 0x00, 0x98, 0x6C, 0x0B, 0x58,
    0x58, 0x58, 0xBB, 0x98, 0x20, 0xFF, 0xFF, 0xFF, 0xFF, 0xEC, 0x1B, 0xD8, 0xD8, 0xDC, 0xFF, 0xEC,
    0x00, 0x00, 0x00, 0x1C, 0xFF, 0xEC, 0x00, 0x00, 0x00, 0x1C, 0xFF, 0xEC, 0x00, 0x00, 0x00, 0x1C,
    0xFF, 0xEC, 0x00, 0x00, 0x00, 0x1C, 0xFF, 0xEC, 0x00, 0x00, 0x00, 0x1C, 0xFF, 0xEC, 0x00, 0x00,
    0x00, 0x1C, 0xFF, 0xEC, 0x00, 0x00, 0x00, 0x0D, 0x78, 0x6E, 0x00, 0x00, 0x00, 0x05, 0x30, 0x2C,
    0x00, 0x00, 0x00, 0x1C, 0xFF, 0xEC, 0x00, 0x00, 0x00, 0x1C, 0xFF, 0xEC, 0x00, 0x00, 0x00, 0x1C,
    0xFF, 0xEC, 0x00, 0x00, 0x00, 0x1C, 0xFF, 0xEC, 0x00, 0x00, 0x00, 0x1C, 0xFF, 0xEC, 0x00, 0x00,
    0x00, 0x1C, 0xFF, 0xEC, 0x12, 0x90, 0x90, 0x9C, 0xFF, 0xEC, 0x20, 0xFF, 0xFF, 0xFF, 0xFF, 0xEC,
    0x14, 0xA0, 0xA0, 0xAA, 0xFF, 0xEC, 0x00, 0x00, 0x00, 0x1C, 0xFF, 0xEC, 0x00, 0x00, 0x00, 0x1C,
    0xFF, 0xEC, 0x00, 0x00, 0x00, 0x1C, 0xFF, 0xEC, 0x00, 0x00, 0x00, 0x1C, 0xFF, 0xEC, 0x00, 0x00,
    0x00, 0x1C, 0xFF, 0xEC, 0x00, 0x00, 0x00, 0x1C, 0xFF, 0xEC, 0x00, 0x00, 0x00, 0x07, 0x40, 0x3B,
    0x00, 0x04, 0x04, 0x04, 0x04, 0x04, 0x04, 0x04, 0x03, 0x20, 0xFF, 0xFF, 0xFF, 0xFF, 0xFF, 0xFF,
    0xFF, 0xF4, 0x02, 0x14, 0x14, 0x14, 0xA0, 0x77, 0x14, 0x14, 0x13, 0x00, 0x00, 0x00, 0x00, 0x98,
    0x6C, 0x00, 0x00, 0x00, 0x00, 0x00, 0x00, 0x00, 0x98, 0x6C, 0x00, 0x00, 0x00, 0x00, 0x00, 0x00,
    0x00, 0x98, 0x6C, 0x00, 0x00, 0x00, 0x00, 0x00, 0x00, 0x00, 0x98, 0x6C, 0x00, 0x00, 0x00, 0x00,
    0x00, 0x00, 0x00, 0x98, 0x6C, 0x00, 0x00, 0x00, 0x00, 0x00, 0x00, 0x00, 0x98, 0x6C, 0x00, 0x00,
    0x00, 0x00, 0x00, 0x00, 0x00, 0x26, 0x1B, 0x00, 0x00, 0x00, 0x06, 0x58, 0x58, 0x58, 0x58, 0x29,
    0x00, 0x00, 0x00, 0x14, 0xFF, 0xFF, 0xFF, 0xFF, 0xE4, 0xCC, 0xCC, 0xCC, 0x10, 0xD8, 0xD8, 0xD8,
    0xED, 0xA0, 0x4C, 0x4C, 0x4C, 0x00, 0x00, 0x00, 0x00, 0x8C, 0x78, 0x00, 0x00, 0x00, 0x00, 0x00,
    0x00, 0x00, 0x8C, 0x78, 0x00, 0x00, 0x00, 0x00, 0x00, 0x00, 0x00, 0x8C, 0x78, 0x00, 0x00, 0x00,
    0x00, 0x00, 0x00, 0x00, 0x8C, 0x78, 0x00, 0x00, 0x00, 0x00, 0x00, 0x00, 0x00, 0x8C, 0x78, 0x00,
    0x00, 0x00, 0x00, 0x00, 0x00, 0x00, 0x8C, 0x78, 0x00, 0x00, 0x00, 0x00, 0x00, 0x00, 0x00, 0x41,
    0x38, 0x00, 0x00, 0x00, 0x00, 0x00, 0x00, 0x00, 0x47, 0x58, 0x58, 0x58, 0x40, 0x46, 0xCC, 0xCC,
    0xCC, 0xF6, 0xFF, 0xFF, 0xFF, 0xBC, 0x1A, 0x4C, 0x4C, 0x4C, 0xDE, 0xE0, 0xD8, 0xD8, 0x9E, 0x00,
    0x00, 0x00, 0x00, 0xD0, 0x34, 0x00, 0x00, 0x00, 0x00, 0x00, 0x00, 0x00, 0xD0, 0x34, 0x00, 0x00,
    0x00, 0x00, 0x00, 0x00, 0x00, 0xD0, 0x34, 0x00, 0x00, 0x00, 0x00, 0x00, 0x00, 0x00, 0xD0, 0x34,
    0x00, 0x00, 0x00, 0x00, 0x00, 0x00, 0x00, 0xD0, 0x34, 0x00, 0x00, 0x00, 0x00, 0x00, 0x00, 0x00,
    0xD0, 0x34, 0x00, 0x00, 0x00, 0x00, 0x00, 0x00, 0x00, 0x61, 0x18, 0x00, 0x00, 0x00, 0x0B, 0x58,
    0x58, 0x58, 0x58, 0x58, 0x58, 0x58, 0x53, 0x20, 0xFF, 0xFF, 0xFF, 0xFF, 0xFF, 0xFF, 0xFF, 0xF4,
    0x1B, 0xD8, 0xD8, 0xD8, 0xEF, 0xE8, 0xD8, 0xD8, 0xCD, 0x00, 0x00, 0x00, 0x00, 0x98, 0x6C, 0x00,
    0x00, 0x00, 0x00, 0x00, 0x00, 0x00, 0x98, 0x6C, 0x00, 0x00, 0x00, 0x00, 0x00, 0x00, 0x00, 0x98,
    0x6C, 0x00, 0x00, 0x00, 0x00, 0x00, 0x00, 0x00, 0x98, 0x6C, 0x00, 0x00, 0x00, 0x00, 0x00, 0x00,
    0x00, 0x98, 0x6C, 0x00, 0x00, 0x00, 0x00, 0x00, 0x00, 0x00, 0x98, 0x6C, 0x00, 0x00, 0x00, 0x00,
    0x00, 0x00, 0x00, 0x47, 0x32, 0x00, 0x00, 0x00, 0x00, 0x04, 0x04, 0x04, 0x04, 0x04, 0x04, 0x04,
    0x03, 0x20, 0xFF, 0xFF, 0xFF, 0xFF, 0xFF, 0xFF, 0xFF, 0xF4, 0x02, 0x14, 0x14, 0x2D, 0xFF, 0xED,
    0x14, 0x14, 0x13, 0x00, 0x00, 0x00, 0x1C, 0xFF, 0xEC, 0x00, 0x00, 0x00, 0x00, 0x00, 0x00, 0x1C,
    0xFF, 0xEC, 0x00, 0x00, 0x00, 0x00, 0x00, 0x00, 0x1C, 0xFF, 0xEC, 0x00, 0x00, 0x00, 0x00, 0x00,
    0x00, 0x1C, 0xFF, 0xEC, 0x00, 0x00, 0x00, 0x00, 0x00, 0x00, 0x1C, 0xFF, 0xEC, 0x00, 0x00, 0x00,
    0x00, 0x00, 0x00, 0x1C, 0xFF, 0xEC, 0x00, 0x00, 0x00, 0x00, 0x00, 0x00, 0x07, 0x40, 0x3B, 0x00,
    0x00, 0x00, 0x0B, 0x58, 0x58, 0x58, 0x58, 0x51, 0x00, 0x00, 0x00, 0x20, 0xFF, 0xFF, 0xFF, 0xFF,
    0xFB, 0xCC, 0xCC, 0xC2, 0x1B, 0xD8, 0xD8, 0xDC, 0xFF, 0xF1, 0x4C, 0x4C, 0x48, 0x00, 0x00, 0x00,
    0x1C, 0xFF, 0xEC, 0x00, 0x00, 0x00, 0x00, 0x00, 0x00, 0x1C, 0xFF, 0xEC, 0x00, 0x00, 0x00, 0x00,
    0x00, 0x00, 0x1C, 0xFF, 0xEC, 0x00, 0x00, 0x00, 0x00, 0x00, 0x00, 0x1C, 0xFF, 0xEC, 0x00, 0x00,
    0x00, 0x00, 0x00, 0x00, 0x1C, 0xFF, 0xEC, 0x00, 0x00, 0x00, 0x00, 0x00, 0x00, 0x1C, 0xFF, 0xEC,
    0x00, 0x00, 0x00, 0x00, 0x00, 0x00, 0x0D, 0x78, 0x6E, 0x00, 0x00, 0x00, 0x00, 0x00, 0x00, 0x09,
    0x58, 0x58, 0x58, 0x58, 0x53, 0x19, 0xCC, 0xCC, 0xD1, 0xFF, 0xFF, 0xFF, 0xFF, 0xF4, 0x09, 0x4C,
    0x4C, 0x5F, 0xFF, 0xFC, 0xD8, 0xD8, 0xCD, 0x00, 0x00, 0x00, 0x1C, 0xFF, 0xEC, 0x00, 0x00, 0x00,
    0x00, 0x00, 0x00, 0x1C, 0xFF, 0xEC, 0x00, 0x00, 0x00, 0x00, 0x00, 0x00, 0x1C, 0xFF, 0xEC, 0x00,
    0x00, 0x00, 0x00, 0x00, 0x00, 0x1C, 0xFF, 0xEC, 0x00, 0x00, 0x00, 0x00, 0x00, 0x00, 0x1C, 0xFF,
    0xEC, 0x00, 0x00, 0x00, 0x00, 0x00, 0x00, 0x1C, 0xFF, 0xEC, 0x00, 0x00, 0x00, 0x00, 0x00, 0x00,
    0x0D, 0x78, 0x6E, 0x00, 0x00, 0x00, 0x0B, 0x58, 0x58, 0x58, 0x58, 0x58, 0x58, 0x58, 0x53, 0x20,
    0xFF, 0xFF, 0xFF, 0xFF, 0xFF, 0xFF, 0xFF, 0xF4, 0x1B, 0xD8, 0xD8, 0xDC, 0xFF, 0xFC, 0xD8, 0xD8,
    0xCD, 0x00, 0x00, 0x00, 0x1C, 0xFF, 0xEC, 0x00, 0x00, 0x00, 0x00, 0x00, 0x00, 0x1C, 0xFF, 0xEC,
    0x00, 0x00, 0x00, 0x00, 0x00, 0x00, 0x1C, 0xFF, 0xEC, 0x00, 0x00, 0x00, 0x00, 0x00, 0x00, 0x1C,
    0xFF, 0xEC, 0x00, 0x00, 0x00, 0x00, 0x00, 0x00, 0x1C, 0xFF, 0xEC, 0x00, 0x00, 0x00, 0x00, 0x00,
    0x00, 0x1C, 0xFF, 0xEC, 0x00, 0x00, 0x00, 0x00, 0x00, 0x00, 0x0D, 0x78, 0x6E, 0x00, 0x00, 0x00,
    0x00, 0x00, 0x00, 0x00, 0x1C, 0x14, 0x00, 0x00, 0x00, 0x00, 0x00, 0x00, 0x00, 0x98, 0x6C, 0x00,
    0x00, 0x00, 0x00, 0x00, 0x00, 0x00, 0x98, 0x6C, 0x00, 0x00, 0x00, 0x00, 0x00, 0x00, 0x00, 0x98,
    0x6C, 0x00, 0x00, 0x00, 0x00, 0x00, 0x00, 0x00, 0x98, 0x6C, 0x00, 0x00, 0x00, 0x00, 0x00, 0x00,
    0x00, 0x98, 0x6C, 0x00, 0x00, 0x00, 0x00, 0x00, 0x00, 0x00, 0x98, 0x6C, 0x00, 0x00, 0x00, 0x00,
    0x04, 0x04, 0x04, 0x99, 0x6E, 0x04, 0x04, 0x03, 0x20, 0xFF, 0xFF, 0xFF, 0xFF, 0xFF, 0xFF, 0xFF,
    0xF4, 0x02, 0x14, 0x14, 0x14, 0x14, 0x14, 0x14, 0x14, 0x13, 0x00, 0x00, 0x00, 0x00, 0xC9, 0x32,
    0x00, 0x00, 0x00, 0x00, 0x00, 0x00, 0x00, 0xD0, 0x34, 0x00, 0x00, 0x00, 0x00, 0x00, 0x00, 0x00,
    0xD0, 0x34, 0x00, 0x00, 0x00, 0x00, 0x00, 0x00, 0x00, 0xD0, 0x34, 0x00, 0x00, 0x00, 0x00, 0x00,
    0x00, 0x00, 0xD0, 0x34, 0x00, 0x00, 0x00, 0x00, 0x00, 0x00, 0x00, 0xD0, 0x34, 0x00, 0x00, 0x00,
    0x1E, 0x58, 0x58, 0x58, 0xE0, 0x34, 0x00, 0x00, 0x00, 0x58, 0xFF, 0xFF, 0xFF, 0xFF, 0xD6, 0xCC,
    0xCC, 0x95, 0x4A, 0xD8, 0xD8, 0xD8, 0xD8, 0x68, 0x4C, 0x4C, 0x37, 0x00, 0x00, 0x00, 0x00, 0xC9,
    0x32, 0x00, 0x00, 0x00, 0x00, 0x00, 0x00, 0x00, 0xD0, 0x34, 0x00, 0x00, 0x00, 0x00, 0x00, 0x00,
    0x00, 0xD0, 0x34, 0x00, 0x00, 0x00, 0x00, 0x00, 0x00, 0x00, 0xD0, 0x34, 0x00, 0x00, 0x00, 0x00,
    0x00, 0x00, 0x00, 0xD0, 0x34, 0x00, 0x00, 0x00, 0x00, 0x00, 0x00, 0x00, 0xD0, 0x34, 0x00, 0x00,
    0x00, 0x00, 0x00, 0x00, 0x00, 0xD0, 0x7A, 0x58, 0x58, 0x40, 0x46, 0xCC, 0xCC, 0xCC, 0xF6, 0xFF,
    0xFF, 0xFF, 0xBC, 0x1A, 0x4C, 0x4C, 0x4C, 0xBD, 0xD8, 0xD8, 0xD8, 0x9E, 0x00, 0x00, 0x00, 0x00,
    0x93, 0x68, 0x00, 0x00, 0x00, 0x00, 0x00, 0x00, 0x00, 0x98, 0x6C, 0x00, 0x00, 0x00, 0x00, 0x00,
    0x00, 0x00, 0x98, 0x6C, 0x00, 0x00, 0x00, 0x00, 0x00, 0x00, 0x00, 0x98, 0x6C, 0x00, 0x00, 0x00,
    0x00, 0x00, 0x00, 0x00, 0x98, 0x6C, 0x00, 0x00, 0x00, 0x00, 0x00, 0x00, 0x00, 0x98, 0x6C, 0x00,
    0x00, 0x00, 0x0B, 0x58, 0x58, 0x58, 0xBB, 0x9E, 0x58, 0x58, 0x53, 0x20, 0xFF, 0xFF, 0xFF, 0xFF,
    0xFF, 0xFF, 0xFF, 0xF4, 0x1B, 0xD8, 0xD8, 0xD8, 0xD8, 0xD8, 0xD8, 0xD8, 0xCD, 0x00, 0x00, 0x00,
    0x05, 0x30, 0x2C, 0x00, 0x00, 0x00, 0x00, 0x00, 0x00, 0x1C, 0xFF, 0xEC, 0x00, 0x00, 0x00, 0x00,
    0x00, 0x00, 0x1C, 0xFF, 0xEC, 0x00, 0x00, 0x00, 0x00, 0x00, 0x00, 0x1C, 0xFF, 0xEC, 0x00, 0x00,
    0x00, 0x00, 0x00, 0x00, 0x1C, 0xFF, 0xEC, 0x00, 0x00, 0x00, 0x00, 0x00, 0x00, 0x1C, 0xFF, 0xEC,
    0x00, 0x00, 0x00, 0x00, 0x00, 0x00, 0x1C, 0xFF, 0xEC, 0x00, 0x00, 0x00, 0x00, 0x04, 0x04, 0x1F,
    0xFF, 0xEC, 0x04, 0x04, 0x03, 0x20, 0xFF, 0xFF, 0xFF, 0xFF, 0xFF, 0xFF, 0xFF, 0xF4, 0x02, 0x14,
    0x14, 0x14, 0x14, 0x14, 0x14, 0x14, 0x13, 0x00, 0x00, 0x00, 0x1B, 0xF8, 0xE4, 0x00, 0x00, 0x00,
    0x00, 0x00, 0x00, 0x1C, 0xFF, 0xEC, 0x00, 0x00, 0x00, 0x00, 0x00, 0x00, 0x1C, 0xFF, 0xEC, 0x00,
    0x00, 0x00, 0x00, 0x00, 0x00, 0x1C, 0xFF, 0xEC, 0x00, 0x00, 0x00, 0x00, 0x00, 0x00, 0x1C, 0xFF,
    0xEC, 0x00, 0x00, 0x00, 0x00, 0x00, 0x00, 0x1C, 0xFF, 0xEC, 0x00, 0x00, 0x00, 0x0B, 0x58, 0x58,
    0x6A, 0xFF, 0xEC, 0x00, 0x00, 0x00, 0x20, 0xFF, 0xFF, 0xFF, 0xFF, 0xFB, 0xCC, 0xCC, 0xC2, 0x1B,
    0xD8, 0xD8, 0xD8, 0xD8, 0xCD, 0x4C, 0x4C, 0x48, 0x00, 0x00, 0x00, 0x1B, 0xF8, 0xE4, 0x00, 0x00,
    0x00, 0x00, 0x00, 0x00, 0x1C, 0xFF, 0xEC, 0x00, 0x00, 0x00, 0x00, 0x00, 0x00, 0x1C, 0xFF, 0xEC,
    0x00, 0x00, 0x00, 0x00, 0x00, 0x00, 0x1C, 0xFF, 0xEC, 0x00, 0x00, 0x00, 0x00, 0x00, 0x00, 0x1C,
    0xFF, 0xEC, 0x00, 0x00, 0x00, 0x00, 0x00, 0x00, 0x1C, 0xFF, 0xEC, 0x00, 0x00, 0x00, 0x00, 0x00,
    0x00, 0x1C, 0xFF, 0xF2, 0x58, 0x58, 0x53, 0x19, 0xCC, 0xCC, 0xD1, 0xFF, 0xFF, 0xFF, 0xFF, 0xF4,
    0x09, 0x4C, 0x4C, 0x5B, 0xD8, 0xD8, 0xD8, 0xD8, 0xCD, 0x00, 0x00, 0x00, 0x1B, 0xF8, 0xE4, 0x00,
    0x00, 0x00, 0x00, 0x00, 0x00, 0x1C, 0xFF, 0xEC, 0x00, 0x00, 0x00, 0x00, 0x00, 0x00, 0x1C, 0xFF,
    0xEC, 0x00, 0x00, 0x00, 0x00, 0x00, 0x00, 0x1C, 0xFF, 0xEC, 0x00, 0x00, 0x00, 0x00, 0x00, 0x00,
    0x1C, 0xFF, 0xEC, 0x00, 0x00, 0x00, 0x00, 0x00, 0x00, 0x1C, 0xFF, 0xEC, 0x00, 0x00, 0x00, 0x0B,
    0x58, 0x58, 0x6A, 0xFF, 0xF2, 0x58, 0x58, 0x53, 0x20, 0xFF, 0xFF, 0xFF, 0xFF, 0xFF, 0xFF, 0xFF,
    0xF4, 0x1B, 0xD8, 0xD8, 0xD8, 0xD8, 0xD8, 0xD8, 0xD8, 0xCD, 0x00, 0x00, 0x00, 0x00, 0x1C, 0x14,
    0x00, 0x00, 0x00, 0x00, 0x00, 0x00, 0x00, 0x98, 0x6C, 0x00, 0x00, 0x00, 0x00, 0x00, 0x00, 0x00,
    0x98, 0x6C, 0x00, 0x00, 0x00, 0x00, 0x00, 0x00, 0x00, 0x98, 0x6C, 0x00, 0x00, 0x00, 0x00, 0x00,
    0x00, 0x00, 0x98, 0x6C, 0x00, 0x00, 0x00, 0x00, 0x00, 0x00, 0x00, 0x98, 0x6C, 0x00, 0x00, 0x00,
    0x00, 0x00, 0x00, 0x00, 0x98, 0x6C, 0x00, 0x00, 0x00, 0x00, 0x04, 0x04, 0x04, 0x99, 0x6E, 0x04,
    0x04, 0x03, 0x20, 0xFF, 0xFF, 0xFF, 0xFF, 0xFF, 0xFF, 0xFF, 0xF4, 0x02, 0x14, 0x14, 0x14, 0xA0,
    0x77, 0x14, 0x14, 0x13, 0x00, 0x00, 0x00, 0x00, 0x98, 0x6C, 0x00, 0x00, 0x00, 0x00, 0x00, 0x00,
    0x00, 0x98, 0x6C, 0x00, 0x00, 0x00, 0x00, 0x00, 0x00, 0x00, 0x98, 0x6C, 0x00, 0x00, 0x00, 0x00,
    0x00, 0x00, 0x00, 0x98, 0x6C, 0x00, 0x00, 0x00, 0x00, 0x00, 0x00, 0x00, 0x98, 0x6C, 0x00, 0x00,
    0x00, 0x00, 0x00, 0x00, 0x00, 0x98, 0x6C, 0x00, 0x00, 0x00, 0x00, 0x00, 0x00, 0x00, 0x26, 0x1B,
    0x00, 0x00, 0x00, 0x00, 0x00, 0x00, 0x00, 0x27, 0x09, 0x00, 0x00, 0x00, 0x00, 0x00, 0x00, 0x00,
    0xD0, 0x34, 0x00, 0x00, 0x00, 0x00, 0x00, 0x00, 0x00, 0xD0, 0x34, 0x00, 0x00, 0x00, 0x00, 0x00,
    0x00, 0x00, 0xD0, 0x34, 0x00, 0x00, 0x00, 0x00, 0x00, 0x00, 0x00, 0xD0, 0x34, 0x00, 0x00, 0x00,
    0x00, 0x00, 0x00, 0x00, 0xD0, 0x34, 0x00, 0x00, 0x00, 0x00, 0x00, 0x00, 0x00, 0xD0, 0x34, 0x00,
    0x00, 0x00, 0x31, 0x90, 0x90, 0x90, 0xEB, 0x37, 0x04, 0x04, 0x02, 0x58, 0xFF, 0xFF, 0xFF, 0xFF,
    0xFF, 0xFF, 0xFF, 0xBC, 0x37, 0xA0, 0xA0, 0xA0, 0xEE, 0x43, 0x14, 0x14, 0x0E, 0x00, 0x00, 0x00,
    0x00, 0xD0, 0x34, 0x00, 0x00, 0x00, 0x00, 0x00, 0x00, 0x00, 0xD0, 0x34, 0x00, 0x00, 0x00, 0x00,
    0x00, 0x00, 0x00, 0xD0, 0x34, 0x00, 0x00, 0x00, 0x00, 0x00, 0x00, 0x00, 0xD0, 0x34, 0x00, 0x00,
    0x00, 0x00, 0x00, 0x00, 0x00, 0xD0, 0x34, 0x00, 0x00, 0x00, 0x00, 0x00, 0x00, 0x00, 0xD0, 0x34,
    0x00, 0x00, 0x00, 0x00, 0x00, 0x00, 0x00, 0x34, 0x0D, 0x00, 0x00, 0x00, 0x00, 0x00, 0x00, 0x00,
    0x27, 0x09, 0x00, 0x00, 0x00, 0x00, 0x00, 0x00, 0x00, 0xD0, 0x34, 0x00, 0x00, 0x00, 0x00, 0x00,
    0x00, 0x00, 0xD0, 0x34, 0x00, 0x00, 0x00, 0x00, 0x00, 0x00, 0x00, 0xD0, 0x34, 0x00, 0x00, 0x00,
    0x00, 0x00, 0x00, 0x00, 0xD0, 0x34, 0x00, 0x00, 0x00, 0x00, 0x00, 0x00, 0x00, 0xD0, 0x34, 0x00,
    0x00, 0x00, 0x00, 0x00, 0x00, 0x00, 0xD0, 0x34, 0x00, 0x00, 0x00, 0x01, 0x04, 0x04, 0x04, 0xD0,
    0xA6, 0x90, 0x90, 0x69, 0x58, 0xFF, 0xFF, 0xFF, 0xFF, 0xFF, 0xFF, 0xFF, 0xBC, 0x06, 0x14, 0x14,
    0x14, 0xD3, 0xB3, 0xA0, 0xA0, 0x75, 0x00, 0x00, 0x00, 0x00, 0xD0, 0x34, 0x00, 0x00, 0x00, 0x00,
    0x00, 0x00, 0x00, 0xD0, 0x34, 0x00, 0x00, 0x00, 0x00, 0x00, 0x00, 0x00, 0xD0, 0x34, 0x00, 0x00,
    0x00, 0x00, 0x00, 0x00, 0x00, 0xD0, 0x34, 0x00, 0x00, 0x00, 0x00, 0x00, 0x00, 0x00, 0xD0, 0x34,
    0x00, 0x00, 0x00, 0x00, 0x00, 0x00, 0x00, 0xD0, 0x34, 0x00, 0x00, 0x00, 0x00, 0x00, 0x00, 0x00,
    0x34, 0x0D, 0x00, 0x00, 0x00, 0x00, 0x00, 0x00, 0x00, 0x1C, 0x14, 0x00, 0x00, 0x00, 0x00, 0x00,
    0x00, 0x00, 0x98, 0x6C, 0x00, 0x00, 0x00, 0x00, 0x00, 0x00, 0x00, 0x98, 0x6C, 0x00, 0x00, 0x00,
    0x00, 0x00, 0x00, 0x00, 0x98, 0x6C, 0x00, 0x00, 0x00, 0x00, 0x00, 0x00, 0x00, 0x98, 0x6C, 0x00,
    0x00, 0x00, 0x00, 0x00, 0x00, 0x00, 0x98, 0x6C, 0x00, 0x00, 0x00, 0x00, 0x00, 0x00, 0x00, 0x98,
    0x6C, 0x00, 0x00, 0x00, 0x12, 0x90, 0x90, 0x90, 0xD2, 0xBF, 0x90, 0x90, 0x89, 0x20, 0xFF, 0xFF,
    0xFF, 0xFF, 0xFF, 0xFF, 0xFF, 0xF4, 0x14, 0xA0, 0xA0, 0xA0, 0xD9, 0xC8, 0xA0, 0xA0, 0x98, 0x00,
    0x00, 0x00, 0x00, 0x98, 0x6C, 0x00, 0x00, 0x00, 0x00, 0x00, 0x00, 0x00, 0x98, 0x6C, 0x00, 0x00,
    0x00, 0x00, 0x00, 0x00, 0x00, 0x98, 0x6C, 0x00, 0x00, 0x00, 0x00, 0x00, 0x00, 0x00, 0x98, 0x6C,
    0x00, 0x00, 0x00, 0x00, 0x00, 0x00, 0x00, 0x98, 0x6C, 0x00, 0x00, 0x00, 0x00, 0x00, 0x00, 0x00,
    0x98, 0x6C, 0x00, 0x00, 0x00, 0x00, 0x00, 0x00, 0x00, 0x26, 0x1B, 0x00, 0x00, 0x00, 0x00, 0x00,
    0x00, 0x05, 0x30, 0x2C, 0x00, 0x00, 0x00, 0x00, 0x00, 0x00, 0x1C, 0xFF, 0xEC, 0x00, 0x00, 0x00,
    0x00, 0x00, 0x00, 0x1C, 0xFF, 0xEC, 0x00, 0x00, 0x00, 0x00, 0x00, 0x00, 0x1C, 0xFF, 0xEC, 0x00,
    0x00, 0x00, 0x00, 0x00, 0x00, 0x1C, 0xFF, 0xEC, 0x00, 0x00, 0x00, 0x00, 0x00, 0x00, 0x1C, 0xFF,
    0xEC, 0x00, 0x00, 0x00, 0x00, 0x00, 0x00, 0x1C, 0xFF, 0xEC, 0x00, 0x00, 0x00, 0x00, 0x04, 0x04,
    0x1F, 0xFF, 0xEC, 0x04, 0x04, 0x03, 0x20, 0xFF, 0xFF, 0xFF, 0xFF, 0xFF, 0xFF, 0xFF, 0xF4, 0x02,
    0x14, 0x14, 0x14, 0xA0, 0x77, 0x14, 0x14, 0x13, 0x00, 0x00, 0x00, 0x00, 0x98, 0x6C, 0x00, 0x00,
    0x00, 0x00, 0x00, 0x00, 0x00, 0x98, 0x6C, 0x00, 0x00, 0x00, 0x00, 0x00, 0x00, 0x00, 0x98, 0x6C,
    0x00, 0x00, 0x00, 0x00, 0x00, 0x00, 0x00, 0x98, 0x6C, 0x00, 0x00, 0x00, 0x00, 0x00, 0x00, 0x00,
    0x98, 0x6C, 0x00, 0x00, 0x00, 0x00, 0x00, 0x00, 0x00, 0x98, 0x6C, 0x00, 0x00, 0x00, 0x00, 0x00,
    0x00, 0x00, 0x26, 0x1B, 0x00, 0x00, 0x00, 0x00, 0x00, 0x00, 0x00, 0x1C, 0x14, 0x00, 0x00, 0x00,
    0x00, 0x00, 0x00, 0x00, 0x98, 0x6C, 0x00, 0x00, 0x00, 0x00, 0x00, 0x00, 0x00, 0x98, 0x6C, 0x00,
    0x00, 0x00, 0x00, 0x00, 0x00, 0x00, 0x98, 0x6C, 0x00, 0x00, 0x00, 0x00, 0x00, 0x00, 0x00, 0x98,
    0x6C, 0x00, 0x00, 0x00, 0x00, 0x00, 0x00, 0x00, 0x98, 0x6C, 0x00, 0x00, 0x00, 0x00, 0x00, 0x00,
    0x00, 0x98, 0x6C, 0x00, 0x00, 0x00, 0x00, 0x04, 0x04, 0x04, 0x99, 0x6E, 0x04, 0x04, 0x03, 0x20,
    0xFF, 0xFF, 0xFF, 0xFF, 0xFF, 0xFF, 0xFF, 0xF4, 0x02, 0x14, 0x14, 0x2D, 0xFF, 0xED, 0x14, 0x14,
    0x13, 0x00, 0x00, 0x00, 0x1C, 0xFF, 0xEC, 0x00, 0x00, 0x00, 0x00, 0x00, 0x00, 0x1C, 0xFF, 0xEC,
    0x00, 0x00, 0x00, 0x00, 0x00, 0x00, 0x1C, 0xFF, 0xEC, 0x00, 0x00, 0x00, 0x00, 0x00, 0x00, 0x1C,
    0xFF, 0xEC, 0x00, 0x00, 0x00, 0x00, 0x00, 0x00, 0x1C, 0xFF, 0xEC, 0x00, 0x00, 0x00, 0x00, 0x00,
    0x00, 0x1C, 0xFF, 0xEC, 0x00, 0x00, 0x00, 0x00, 0x00, 0x00, 0x07, 0x40, 0x3B, 0x00, 0x00, 0x00,
    0x00, 0x00, 0x00, 0x05, 0x30, 0x2C, 0x00, 0x00, 0x00, 0x00, 0x00, 0x00, 0x1C, 0xFF, 0xEC, 0x00,
    0x00, 0x00, 0x00, 0x00, 0x00, 0x1C, 0xFF, 0xEC, 0x00, 0x00, 0x00, 0x00, 0x00, 0x00, 0x1C, 0xFF,
    0xEC, 0x00, 0x00, 0x00, 0x00, 0x00, 0x00, 0x1C, 0xFF, 0xEC, 0x00, 0x00, 0x00, 0x00, 0x00, 0x00,
    0x1C, 0xFF, 0xEC, 0x00, 0x00, 0x00, 0x00, 0x00, 0x00, 0x1C, 0xFF, 0xEC, 0x00, 0x00, 0x00, 0x00,
    0x04, 0x04, 0x1F, 0xFF, 0xEC, 0x04, 0x04, 0x03, 0x20, 0xFF, 0xFF, 0xFF, 0xFF, 0xFF, 0xFF, 0xFF,
    0xF4, 0x02, 0x14, 0x14, 0x2D, 0xFF, 0xED, 0x14, 0x14, 0x13, 0x00, 0x00, 0x00, 0x1C, 0xFF, 0xEC,
    0x00, 0x00, 0x00, 0x00, 0x00, 0x00, 0x1C, 0xFF, 0xEC, 0x00, 0x00, 0x00, 0x00, 0x00, 0x00, 0x1C,
    0xFF, 0xEC, 0x00, 0x00, 0x00, 0x00, 0x00, 0x00, 0x1C, 0xFF, 0xEC, 0x00, 0x00, 0x00, 0x00, 0x00,
    0x00, 0x1C, 0xFF, 0xEC, 0x00, 0x00, 0x00, 0x00, 0x00, 0x00, 0x1C, 0xFF, 0xEC, 0x00, 0x00, 0x00,
    0x00, 0x00, 0x00, 0x07, 0x40, 0x3B, 0x00, 0x00, 0x00, 0x00, 0x00, 0x00, 0x1B, 0xF8, 0xE4, 0x00,
    0x00, 0x00, 0x00, 0x00, 0x00, 0x1C, 0xFF, 0xEC, 0x00, 0x00, 0x00, 0x00, 0x00, 0x00, 0x1C, 0xFF,
    0xEC, 0x00, 0x00, 0x00, 0x00, 0x00, 0x00, 0x1C, 0xFF, 0xEC, 0x00, 0x00, 0x00, 0x00, 0x00, 0x00,
    0x1C, 0xFF, 0xEC, 0x00, 0x00, 0x00, 0x00, 0x00, 0x00, 0x1C, 0xFF, 0xEC, 0x00, 0x00, 0x00, 0x0B,
    0x58, 0x58, 0x6A, 0xFF, 0xEC, 0x00, 0x00, 0x00, 0x20, 0xFF, 0xFF, 0xFF, 0xFF, 0xFB, 0xCC, 0xCC,
    0xC2, 0x1B, 0xD8, 0xD8, 0xD8, 0xEF, 0xDD, 0x4C, 0x4C, 0x48, 0x00, 0x00, 0x00, 0x00, 0x98, 0x6C,
    0x00, 0x00, 0x00, 0x00, 0x00, 0x00, 0x00, 0x98, 0x6C, 0x00, 0x00, 0x00, 0x00, 0x00, 0x00, 0x00,
    0x98, 0x6C, 0x00, 0x00, 0x00, 0x00, 0x00, 0x00, 0x00, 0x98, 0x6C, 0x00, 0x00, 0x00, 0x00, 0x00,
    0x00, 0x00, 0x98, 0x6C, 0x00, 0x00, 0x00, 0x00, 0x00, 0x00, 0x00, 0x98, 0x6C, 0x00, 0x00, 0x00,
    0x00, 0x00, 0x00, 0x00, 0x47, 0x32, 0x00, 0x00, 0x00, 0x00, 0x00, 0x00, 0x01, 0x0C, 0x0B, 0x00,
    0x00, 0x00, 0x00, 0x00, 0x00, 0x1C, 0xFF, 0xEC, 0x00, 0x00, 0x00, 0x00, 0x00, 0x00, 0x1C, 0xFF,
    0xEC, 0x00, 0x00, 0x00, 0x00, 0x00, 0x00, 0x1C, 0xFF, 0xEC, 0x00, 0x00, 0x00, 0x00, 0x00, 0x00,
    0x1C, 0xFF, 0xEC, 0x00, 0x00, 0x00, 0x00, 0x00, 0x00, 0x1C, 0xFF, 0xEC, 0x00, 0x00, 0x00, 0x00,
    0x00, 0x00, 0x1C, 0xFF, 0xEC, 0x00, 0x00, 0x00, 0x00, 0x00, 0x00, 0x1C, 0xFF, 0xF4, 0x6C, 0x6C,
    0x66, 0x1C, 0xE0, 0xE0, 0xE3, 0xFF, 0xFF, 0xFF, 0xFF, 0xF4, 0x07, 0x38, 0x38, 0x47, 0xE7, 0xDD,
    0xC4, 0xC4, 0xBA, 0x00, 0x00, 0x00, 0x00, 0x98, 0x6C, 0x00, 0x00, 0x00, 0x00, 0x00, 0x00, 0x00,
    0x98, 0x6C, 0x00, 0x00, 0x00, 0x00, 0x00, 0x00, 0x00, 0x98, 0x6C, 0x00, 0x00, 0x00, 0x00, 0x00,
    0x00, 0x00, 0x98, 0x6C, 0x00, 0x00, 0x00, 0x00, 0x00, 0x00, 0x00, 0x98, 0x6C, 0x00, 0x00, 0x00,
    0x00, 0x00, 0x00, 0x00, 0x98, 0x6C, 0x00, 0x00, 0x00, 0x00, 0x00, 0x00, 0x00, 0x3B, 0x2A, 0x00,
    0x00, 0x00, 0x00, 0x00, 0x00, 0x00, 0x93, 0x68, 0x00, 0x00, 0x00, 0x00, 0x00, 0x00, 0x00, 0x98,
    0x6C, 0x00, 0x00, 0x00, 0x00, 0x00, 0x00, 0x00, 0x98, 0x6C, 0x00, 0x00, 0x00, 0x00, 0x00, 0x00,
    0x00, 0x98, 0x6C, 0x00, 0x00, 0x00, 0x00, 0x00, 0x00, 0x00, 0x98, 0x6C, 0x00, 0x00, 0x00, 0x00,
    0x00, 0x00, 0x00, 0x98, 0x6C, 0x00, 0x00, 0x00, 0x0B, 0x58, 0x58, 0x58, 0xBB, 0x98, 0x00, 0x00,
    0x00, 0x20, 0xFF, 0xFF, 0xFF, 0xFF, 0xFB, 0xCC, 0xCC, 0xC2, 0x1B, 0xD8, 0xD8, 0xDC, 0xFF, 0xF1,
    0x4C, 0x4C, 0x48, 0x00, 0x00, 0x00, 0x1C, 0xFF, 0xEC, 0x00, 0x00, 0x00, 0x00, 0x00, 0x00, 0x1C,
    0xFF, 0xEC, 0x00, 0x00, 0x00, 0x00, 0x00, 0x00, 0x1C, 0xFF, 0xEC, 0x00, 0x00, 0x00, 0x00, 0x00,
    0x00, 0x1C, 0xFF, 0xEC, 0x00, 0x00, 0x00, 0x00, 0x00, 0x00, 0x1C, 0xFF, 0xEC, 0x00, 0x00, 0x00,
    0x00, 0x00, 0x00, 0x1C, 0xFF, 0xEC, 0x00, 0x00, 0x00, 0x00, 0x00, 0x00, 0x0D, 0x78, 0x6E, 0x00,
    0x00, 0x00, 0x00, 0x00, 0x00, 0x00, 0x3B, 0x2A, 0x00, 0x00, 0x00, 0x00, 0x00, 0x00, 0x00, 0x98,
    0x6C, 0x00, 0x00, 0x00, 0x00, 0x00, 0x00, 0x00, 0x98, 0x6C, 0x00, 0x00, 0x00, 0x00, 0x00, 0x00,
    0x00, 0x98, 0x6C, 0x00, 0x00, 0x00, 0x00, 0x00, 0x00, 0x00, 0x98, 0x6C, 0x00, 0x00, 0x00, 0x00,
    0x00, 0x00, 0x00, 0x98, 0x6C, 0x00, 0x00, 0x00, 0x00, 0x00, 0x00, 0x00, 0x98, 0x6C, 0x00, 0x00,
    0x00, 0x07, 0x38, 0x38, 0x47, 0xE7, 0xDD, 0xC4, 0xC4, 0xBA, 0x1C, 0xE0, 0xE0, 0xE3, 0xFF, 0xFF,
    0xFF, 0xFF, 0xF4, 0x00, 0x00, 0x00, 0x1C, 0xFF, 0xF4, 0x6C, 0x6C, 0x66, 0x00, 0x00, 0x00, 0x1C,
    0xFF, 0xEC, 0x00, 0x00, 0x00, 0x00, 0x00, 0x00, 0x1C, 0xFF, 0xEC, 0x00, 0x00, 0x00, 0x00, 0x00,
    0x00, 0x1C, 0xFF, 0xEC, 0x00, 0x00, 0x00, 0x00, 0x00, 0x00, 0x1C, 0xFF, 0xEC, 0x00, 0x00, 0x00,
    0x00, 0x00, 0x00, 0x1C, 0xFF, 0xEC, 0x00, 0x00, 0x00, 0x00, 0x00, 0x00, 0x1C, 0xFF, 0xEC, 0x00,
    0x00, 0x00, 0x00, 0x00, 0x00, 0x01, 0x0C, 0x0B, 0x00, 0x00, 0x00, 0x00, 0x00, 0x00, 0x1B, 0xF8,
    0xE4, 0x00, 0x00, 0x00, 0x00, 0x00, 0x00, 0x1C, 0xFF, 0xEC, 0x00, 0x00, 0x00, 0x00, 0x00, 0x00,
    0x1C, 0xFF, 0xEC, 0x00, 0x00, 0x00, 0x00, 0x00, 0x00, 0x1C, 0xFF, 0xEC, 0x00, 0x00, 0x00, 0x00,
    0x00, 0x00, 0x1C, 0xFF, 0xEC, 0x00, 0x00, 0x00, 0x00, 0x00, 0x00, 0x1C, 0xFF, 0xEC, 0x00, 0x00,
    0x00, 0x0B, 0x58, 0x58, 0x6A, 0xFF, 0xF2, 0x58, 0x58, 0x53, 0x20, 0xFF, 0xFF, 0xFF, 0xFF, 0xFF,
    0xFF, 0xFF, 0xF4, 0x1B, 0xD8, 0xD8, 0xD8, 0xEF, 0xE8, 0xD8, 0xD8, 0xCD, 0x00, 0x00, 0x00, 0x00,
    0x98, 0x6C, 0x00, 0x00, 0x00, 0x00, 0x00, 0x00, 0x00, 0x98, 0x6C, 0x00, 0x00, 0x00, 0x00, 0x00,
    0x00, 0x00, 0x98, 0x6C, 0x00, 0x00, 0x00, 0x00, 0x00, 0x00, 0x00, 0x98, 0x6C, 0x00, 0x00, 0x00,
    0x00, 0x00, 0x00, 0x00, 0x98, 0x6C, 0x00, 0x00, 0x00, 0x00, 0x00, 0x00, 0x00, 0x98, 0x6C, 0x00,
    0x00, 0x00, 0x00, 0x00, 0x00, 0x00, 0x47, 0x32, 0x00, 0x00, 0x00, 0x00, 0x00, 0x00, 0x00, 0x93,
    0x68, 0x00, 0x00, 0x00, 0x00, 0x00, 0x00, 0x00, 0x98, 0x6C, 0x00, 0x00, 0x00, 0x00, 0x00, 0x00,
    0x00, 0x98, 0x6C, 0x00, 0x00, 0x00, 0x00, 0x00, 0x00, 0x00, 0x98, 0x6C, 0x00, 0x00, 0x00, 0x00,
    0x00, 0x00, 0x00, 0x98, 0x6C, 0x00, 0x00, 0x00, 0x00, 0x00, 0x00, 0x00, 0x98, 0x6C, 0x00, 0x00,
    0x00, 0x0B, 0x58, 0x58, 0x58, 0xBB, 0x9E, 0x58, 0x58, 0x53, 0x20, 0xFF, 0xFF, 0xFF, 0xFF, 0xFF,
    0xFF, 0xFF, 0xF4, 0x1B, 0xD8, 0xD8, 0xDC, 0xFF, 0xFC, 0xD8, 0xD8, 0xCD, 0x00, 0x00, 0x00, 0x1C,
    0xFF, 0xEC, 0x00, 0x00, 0x00, 0x00, 0x00, 0x00, 0x1C, 0xFF, 0xEC, 0x00, 0x00, 0x00, 0x00, 0x00,
    0x00, 0x1C, 0xFF, 0xEC, 0x00, 0x00, 0x00, 0x00, 0x00, 0x00, 0x1C, 0xFF, 0xEC, 0x00, 0x00, 0x00,
    0x00, 0x00, 0x00, 0x1C, 0xFF, 0xEC, 0x00, 0x00, 0x00, 0x00, 0x00, 0x00, 0x1C, 0xFF, 0xEC, 0x00,
    0x00, 0x00, 0x00, 0x00, 0x00, 0x0D, 0x78, 0x6E, 0x00, 0x00, 0x00, 0x00, 0x00, 0x00, 0x05, 0x30,
    0x2C, 0x00, 0x00, 0x00, 0x00, 0x00, 0x00, 0x1C, 0xFF, 0xEC, 0x00, 0x00, 0x00, 0x00, 0x00, 0x00,
    0x1C, 0xFF, 0xEC, 0x00, 0x00, 0x00, 0x00, 0x00, 0x00, 0x1C, 0xFF, 0xEC, 0x00, 0x00, 0x00, 0x00,
    0x00, 0x00, 0x1C, 0xFF, 0xEC, 0x00, 0x00, 0x00, 0x00, 0x00, 0x00, 0x1C, 0xFF, 0xEC, 0x00, 0x00,
    0x00, 0x00, 0x00, 0x00, 0x1C, 0xFF, 0xEC, 0x00, 0x00, 0x00, 0x12, 0x90, 0x90, 0x9C, 0xFF, 0xEC,
    0x04, 0x04, 0x03, 0x20, 0xFF, 0xFF, 0xFF, 0xFF, 0xFF, 0xFF, 0xFF, 0xF4, 0x14, 0xA0, 0xA0, 0xAA,
    0xFF, 0xED, 0x14, 0x14, 0x13, 0x00, 0x00, 0x00, 0x1C, 0xFF, 0xEC, 0x00, 0x00, 0x00, 0x00, 0x00,
    0x00, 0x1C, 0xFF, 0xEC, 0x00, 0x00, 0x00, 0x00, 0x00, 0x00, 0x1C, 0xFF, 0xEC, 0x00, 0x00, 0x00,
    0x00, 0x00, 0x00, 0x1C, 0xFF, 0xEC, 0x00, 0x00, 0x00, 0x00, 0x00, 0x00, 0x1C, 0xFF, 0xEC, 0x00,
    0x00, 0x00, 0x00, 0x00, 0x00, 0x1C, 0xFF, 0xEC, 0x00, 0x00, 0x00, 0x00, 0x00, 0x00, 0x07, 0x40,
    0x3B, 0x00, 0x00, 0x00, 0x00, 0x00, 0x00, 0x05, 0x30, 0x2C, 0x00, 0x00, 0x00, 0x00, 0x00, 0x00,
    0x1C, 0xFF, 0xEC, 0x00, 0x00, 0x00, 0x00, 0x00, 0x00, 0x1C, 0xFF, 0xEC, 0x00, 0x00, 0x00, 0x00,
    0x00, 0x00, 0x1C, 0xFF, 0xEC, 0x00, 0x00, 0x00, 0x00, 0x00, 0x00, 0x1C, 0xFF, 0xEC, 0x00, 0x00,
    0x00, 0x00, 0x00, 0x00, 0x1C, 0xFF, 0xEC, 0x00, 0x00, 0x00, 0x00, 0x00, 0x00, 0x1C, 0xFF, 0xEC,
    0x00, 0x00, 0x00, 0x00, 0x04, 0x04, 0x1F, 0xFF, 0xF7, 0x90, 0x90, 0x89, 0x20, 0xFF, 0xFF, 0xFF,
    0xFF, 0xFF, 0xFF, 0xFF, 0xF4, 0x02, 0x14, 0x14, 0x2D, 0xFF, 0xF8, 0xA0, 0xA0, 0x98, 0x00, 0x00,
    0x00, 0x1C, 0xFF, 0xEC, 0x00, 0x00, 0x00, 0x00, 0x00, 0x00, 0x1C, 0xFF, 0xEC, 0x00, 0x00, 0x00,
    0x00, 0x00, 0x00, 0x1C, 0xFF, 0xEC, 0x00, 0x00, 0x00, 0x00, 0x00, 0x00, 0x1C, 0xFF, 0xEC, 0x00,
    0x00, 0x00, 0x00, 0x00, 0x00, 0x1C, 0xFF, 0xEC, 0x00, 0x00, 0x00, 0x00, 0x00, 0x00, 0x1C, 0xFF,
    0xEC, 0x00, 0x00, 0x00, 0x00, 0x00, 0x00, 0x07, 0x40, 0x3B, 0x00, 0x00, 0x00, 0x00, 0x00, 0x00,
    0x05, 0x30, 0x2C, 0x00, 0x00, 0x00, 0x00, 0x00, 0x00, 0x1C, 0xFF, 0xEC, 0x00, 0x00, 0x00, 0x00,
    0x00, 0x00, 0x1C, 0xFF, 0xEC, 0x00, 0x00, 0x00, 0x00, 0x00, 0x00, 0x1C, 0xFF, 0xEC, 0x00, 0x00,
    0x00, 0x00, 0x00, 0x00, 0x1C, 0xFF, 0xEC, 0x00, 0x00, 0x00, 0x00, 0x00, 0x00, 0x1C, 0xFF, 0xEC,
    0x00, 0x00, 0x00, 0x00, 0x00, 0x00, 0x1C, 0xFF, 0xEC, 0x00, 0x00, 0x00, 0x12, 0x90, 0x90, 0x9C,
    0xFF, 0xF7, 0x90, 0x90, 0x89, 0x20, 0xFF, 0xFF, 0xFF, 0xFF, 0xFF, 0xFF, 0xFF, 0xF4, 0x14, 0xA0,
    0xA0, 0xAA, 0xFF, 0xF8, 0xA0, 0xA0, 0x98, 0x00, 0x00, 0x00, 0x1C, 0xFF, 0xEC, 0x00, 0x00, 0x00,
    0x00, 0x00, 0x00, 0x1C, 0xFF, 0xEC, 0x00, 0x00, 0x00, 0x00, 0x00, 0x00, 0x1C, 0xFF, 0xEC, 0x00,
    0x00, 0x00, 0x00, 0x00, 0x00, 0x1C, 0xFF, 0xEC, 0x00, 0x00, 0x00, 0x00, 0x00, 0x00, 0x1C, 0xFF,
    0xEC, 0x00, 0x00, 0x00, 0x00, 0x00, 0x00, 0x1C, 0xFF, 0xEC, 0x00, 0x00, 0x00, 0x00, 0x00, 0x00,
    0x07, 0x40, 0x3B, 0x00, 0x00, 0x00, 0x03, 0x04, 0x04, 0x01, 0x03, 0x04, 0x04, 0x00, 0xD8, 0xFF,
    0xFF, 0x50, 0xEC, 0xFF, 0xFF, 0x3C, 0x10, 0x14, 0x14, 0x06, 0x12, 0x14, 0x14, 0x04, 0x4A, 0x58,
    0x58, 0x1B, 0x51, 0x58, 0x58, 0x14, 0xD8, 0xFF, 0xFF, 0x50, 0xEC, 0xFF, 0xFF, 0x3C, 0xB6, 0xD8,
    0xD8, 0x43, 0xC7, 0xD8, 0xD8, 0x32, 0xC9, 0x32, 0xD0, 0x34, 0xD0, 0x34, 0xD0, 0x34, 0xD0, 0x34,
    0x5B, 0x16, 0x00, 0x00, 0x4E, 0x13, 0xD0, 0x34, 0xD0, 0x34, 0xD0, 0x34, 0xD0, 0x34, 0xD0, 0x34,
    0x06, 0x01, 0x1B, 0xF8, 0xE4, 0x1C, 0xFF, 0xEC, 0x1C, 0xFF, 0xEC, 0x1C, 0xFF, 0xEC, 0x1C, 0xFF,
    0xEC, 0x0C, 0x70, 0x67, 0x00, 0x00, 0x00, 0x0A, 0x60, 0x58, 0x1C, 0xFF, 0xEC, 0x1C, 0xFF, 0xEC,
    0x1C, 0xFF, 0xEC, 0x1C, 0xFF, 0xEC, 0x1C, 0xFF, 0xEC, 0x00, 0x08, 0x07, 0x03, 0x1C, 0x1C, 0x1C,
    0x1C, 0x1C, 0x1C, 0x1C, 0x1A, 0x1F, 0xFC, 0xFC, 0xFC, 0xFC, 0xFC, 0xFC, 0xFC, 0xF0, 0x00, 0x00,
    0x00, 0x00, 0x00, 0x00, 0x00, 0x00, 0x00, 0x1E, 0xF4, 0xF4, 0xF4, 0xF4, 0xF4, 0xF4, 0xF4, 0xE8,
    0x04, 0x24, 0x24, 0x24, 0x24, 0x24, 0x24, 0x24, 0x22, 0x27, 0x09, 0x2C, 0x04, 0xD4, 0x30, 0xEC,
    0x18, 0xD4, 0x30, 0xEC, 0x18, 0xD4, 0x30, 0xEC, 0x18, 0xD4, 0x30, 0xEC, 0x18, 0xD4, 0x30, 0xEC,
    0x18, 0xD4, 0x30, 0xEC, 0x18, 0xD4, 0x30, 0xEC, 0x18, 0xD4, 0x30, 0xEC, 0x18, 0xD4, 0x30, 0xEC,
    0x18, 0xD4, 0x30, 0xEC, 0x18, 0xD4, 0x30, 0xEC, 0x18, 0xD4, 0x30, 0xEC, 0x18, 0xD4, 0x30, 0xEC,
    0x18, 0xD4, 0x30, 0xEC, 0x18, 0xD4, 0x30, 0xEC, 0x18, 0x35, 0x0C, 0x3B, 0x06, 0x16, 0x1C, 0x1C,
    0x1C, 0x14, 0xD0, 0xFC, 0xFC, 0xFC, 0xB9, 0xD0, 0x34, 0x00, 0x00, 0x00, 0xD0, 0xF6, 0xF4, 0xF4,
    0xB3, 0xD0, 0x50, 0x24, 0x24, 0x1A, 0xD0, 0x34, 0x00, 0x00, 0x00, 0xD0, 0x34, 0x00, 0x00, 0x00,
    0xD0, 0x34, 0x00, 0x00, 0x00, 0xD0, 0x34, 0x00, 0x00, 0x00, 0xD0, 0x34, 0x00, 0x00, 0x00, 0x34,
    0x0D, 0x00, 0x00, 0x00, 0x03, 0x04, 0x04, 0x04, 0x04, 0x02, 0xD4, 0xFF, 0xFF, 0xFF, 0xFF, 0xBC,
    0xD4, 0x40, 0xED, 0x2A, 0x14, 0x0E, 0xD4, 0x30, 0xEC, 0x18, 0x00, 0x00, 0xD4, 0x30, 0xEC, 0x18,
    0x00, 0x00, 0xD4, 0x30, 0xEC, 0x18, 0x00, 0x00, 0xD4, 0x30, 0xEC, 0x18, 0x00, 0x00, 0xD4, 0x30,
    0xEC, 0x18, 0x00, 0x00, 0xD4, 0x30, 0xEC, 0x18, 0x00, 0x00, 0x35, 0x0C, 0x3B, 0x06, 0x00, 0x00,
    0x17, 0x1C, 0x1C, 0x1C, 0x1C, 0x11, 0xD4, 0xFC, 0xFC, 0xFC, 0xFC, 0x99, 0xD4, 0x30, 0x00, 0x00,
    0x00, 0x00, 0xD4, 0x30, 0xE0, 0xF4, 0xF4, 0x94, 0xD4, 0x30, 0xEC, 0x38, 0x24, 0x15, 0xD4, 0x30,
    0xEC, 0x18, 0x00, 0x00, 0xD4, 0x30, 0xEC, 0x18, 0x00, 0x00, 0xD4, 0x30, 0xEC, 0x18, 0x00, 0x00,
    0xD4, 0x30, 0xEC, 0x18, 0x00, 0x00, 0xD4, 0x30, 0xEC, 0x18, 0x00, 0x00, 0x2E, 0x0A, 0x33, 0x05,
    0x00, 0x00, 0x09, 0x1C, 0x1C, 0x1C, 0x1C, 0x05, 0x56, 0xFC, 0xFC, 0xFC, 0xFF, 0x34, 0x00, 0x00,
    0x00, 0x00, 0xD0, 0x34, 0x53, 0xF4, 0xF4, 0xF4, 0xFD, 0x34, 0x0C, 0x24, 0x24, 0x24, 0xD6, 0x34,
    0x00, 0x00, 0x00, 0x00, 0xD0, 0x34, 0x00, 0x00, 0x00, 0x00, 0xD0, 0x34, 0x00, 0x00, 0x00, 0x00,
    0xD0, 0x34, 0x00, 0x00, 0x00, 0x00, 0xD0, 0x34, 0x00, 0x00, 0x00, 0x00, 0xD0, 0x34, 0x00, 0x00,
    0x00, 0x00, 0x34, 0x0D, 0x01, 0x04, 0x04, 0x04, 0x04, 0x04, 0x00, 0x78, 0xFF, 0xFF, 0xFF, 0xFF,
    0xFF, 0x18, 0x09, 0x14, 0x14, 0xD7, 0x40, 0xED, 0x18, 0x00, 0x00, 0x00, 0xD4, 0x30, 0xEC, 0x18,
    0x00, 0x00, 0x00, 0xD4, 0x30, 0xEC, 0x18, 0x00, 0x00, 0x00, 0xD4, 0x30, 0xEC, 0x18, 0x00, 0x00,
    0x00, 0xD4, 0x30, 0xEC, 0x18, 0x00, 0x00, 0x00, 0xD4, 0x30, 0xEC, 0x18, 0x00, 0x00, 0x00, 0xD4,
    0x30, 0xEC, 0x18, 0x00, 0x00, 0x00, 0x35, 0x0C, 0x3B, 0x06, 0x09, 0x1C, 0x1C, 0x1C, 0x1C, 0x1C,
    0x02, 0x56, 0xFC, 0xFC, 0xFC, 0xFC, 0xFF, 0x18, 0x00, 0x00, 0x00, 0x00, 0x00, 0xEC, 0x18, 0x53,
    0xF4, 0xF4, 0xF4, 0x2D, 0xEC, 0x18, 0x0C, 0x24, 0x24, 0xDA, 0x30, 0xEC, 0x18, 0x00, 0x00, 0x00,
    0xD4, 0x30, 0xEC, 0x18, 0x00, 0x00, 0x00, 0xD4, 0x30, 0xEC, 0x18, 0x00, 0x00, 0x00, 0xD4, 0x30,
    0xEC, 0x18, 0x00, 0x00, 0x00, 0xD4, 0x30, 0xEC, 0x18, 0x00, 0x00, 0x00, 0xD4, 0x30, 0xEC, 0x18,
    0x00, 0x00, 0x00, 0x2E, 0x0A, 0x33, 0x05, 0x2D, 0x0B, 0x00, 0x00, 0x00, 0xD0, 0x34, 0x00, 0x00,
    0x00, 0xD0, 0x34, 0x00, 0x00, 0x00, 0xD0, 0x34, 0x00, 0x00, 0x00, 0xD0, 0x34, 0x00, 0x00, 0x00,
    0xD0, 0x34, 0x00, 0x00, 0x00, 0xD0, 0x4A, 0x1C, 0x1C, 0x14, 0xD0, 0xFC, 0xFC, 0xFC, 0xB9, 0xD0,
    0x34, 0x00, 0x00, 0x00, 0xD0, 0xF6, 0xF4, 0xF4, 0xB3, 0x1D, 0x24, 0x24, 0x24, 0x1A, 0x27, 0x09,
    0x2C, 0x04, 0x00, 0x00, 0xD4, 0x30, 0xEC, 0x18, 0x00, 0x00, 0xD4, 0x30, 0xEC, 0x18, 0x00, 0x00,
    0xD4, 0x30, 0xEC, 0x18, 0x00, 0x00, 0xD4, 0x30, 0xEC, 0x18, 0x00, 0x00, 0xD4, 0x30, 0xEC, 0x18,
    0x00, 0x00, 0xD4, 0x30, 0xEC, 0x18, 0x00, 0x00, 0xD4, 0x33, 0xEC, 0x1B, 0x04, 0x02, 0xD4, 0xFF,
    0xFF, 0xFF, 0xFF, 0xBC, 0x10, 0x14, 0x14, 0x14, 0x14, 0x0E, 0x27, 0x09, 0x2C, 0x04, 0x00, 0x00,
    0xD4, 0x30, 0xEC, 0x18, 0x00, 0x00, 0xD4, 0x30, 0xEC, 0x18, 0x00, 0x00, 0xD4, 0x30, 0xEC, 0x18,
    0x00, 0x00, 0xD4, 0x30, 0xEC, 0x18, 0x00, 0x00, 0xD4, 0x30, 0xEC, 0x18, 0x00, 0x00, 0xD4, 0x30,
    0xEC, 0x31, 0x1C, 0x11, 0xD4, 0x30, 0xE8, 0xFC, 0xFC, 0x99, 0xD4, 0x30, 0x00, 0x00, 0x00, 0x00,
    0xD4, 0xF6, 0xF4, 0xF4, 0xF4, 0x94, 0x1D, 0x24, 0x24, 0x24, 0x24, 0x15, 0x00, 0x00, 0x00, 0x00,
    0x2D, 0x0B, 0x00, 0x00, 0x00, 0x00, 0xD0, 0x34, 0x00, 0x00, 0x00, 0x00, 0xD0, 0x34, 0x00, 0x00,
    0x00, 0x00, 0xD0, 0x34, 0x00, 0x00, 0x00, 0x00, 0xD0, 0x34, 0x00, 0x00, 0x00, 0x00, 0xD0, 0x34,
    0x09, 0x1C, 0x1C, 0x1C, 0xD5, 0x34, 0x56, 0xFC, 0xFC, 0xFC, 0xFF, 0x34, 0x00, 0x00, 0x00, 0x00,
    0xD0, 0x34, 0x53, 0xF4, 0xF4, 0xF4, 0xFD, 0x34, 0x0C, 0x24, 0x24, 0x24, 0x24, 0x07, 0x00, 0x00,
    0x00, 0x27, 0x09, 0x2C, 0x04, 0x00, 0x00, 0x00, 0xD4, 0x30, 0xEC, 0x18, 0x00, 0x00, 0x00, 0xD4,
    0x30, 0xEC, 0x18, 0x00, 0x00, 0x00, 0xD4, 0x30, 0xEC, 0x18, 0x00, 0x00, 0x00, 0xD4, 0x30, 0xEC,
    0x18, 0x00, 0x00, 0x00, 0xD4, 0x30, 0xEC, 0x18, 0x00, 0x00, 0x00, 0xD4, 0x30, 0xEC, 0x18, 0x01,
    0x04, 0x04, 0xD4, 0x33, 0xEC, 0x18, 0x78, 0xFF, 0xFF, 0xFF, 0xFF, 0xFF, 0x18, 0x09, 0x14, 0x14,
    0x14, 0x14, 0x14, 0x01, 0x00, 0x00, 0x00, 0x27, 0x09, 0x2C, 0x04, 0x00, 0x00, 0x00, 0xD4, 0x30,
    0xEC, 0x18, 0x00, 0x00, 0x00, 0xD4, 0x30, 0xEC, 0x18, 0x00, 0x00, 0x00, 0xD4, 0x30, 0xEC, 0x18,
    0x00, 0x00, 0x00, 0xD4, 0x30, 0xEC, 0x18, 0x00, 0x00, 0x00, 0xD4, 0x30, 0xEC, 0x18, 0x09, 0x1C,
    0x1C, 0xD8, 0x30, 0xEC, 0x18, 0x56, 0xFC, 0xFC, 0xFC, 0x2F, 0xEC, 0x18, 0x00, 0x00, 0x00, 0x00,
    0x00, 0xEC, 0x18, 0x53, 0xF4, 0xF4, 0xF4, 0xF4, 0xFF, 0x18, 0x0C, 0x24, 0x24, 0x24, 0x24, 0x24,
    0x03, 0x27, 0x09, 0x00, 0x00, 0x00, 0xD0, 0x34, 0x00, 0x00, 0x00, 0xD0, 0x34, 0x00, 0x00, 0x00,
    0xD0, 0x34, 0x00, 0x00, 0x00, 0xD0, 0x34, 0x00, 0x00, 0x00, 0xD0, 0x34, 0x00, 0x00, 0x00, 0xD0,
    0x4A, 0x1C, 0x1C, 0x14, 0xD0, 0xFC, 0xFC, 0xFC, 0xB9, 0xD0, 0x34, 0x00, 0x00, 0x00, 0xD0, 0xF0,
    0xEC, 0xEC, 0xAD, 0xD0, 0x57, 0x2C, 0x2C, 0x20, 0xD0, 0x34, 0x00, 0x00, 0x00, 0xD0, 0x34, 0x00,
    0x00, 0x00, 0xD0, 0x34, 0x00, 0x00, 0x00, 0xD0, 0x34, 0x00, 0x00, 0x00, 0xD0, 0x34, 0x00, 0x00,
    0x00, 0x34, 0x0D, 0x00, 0x00, 0x00, 0x27, 0x09, 0x2C, 0x04, 0x00, 0x00, 0xD4, 0x30, 0xEC, 0x18,
    0x00, 0x00, 0xD4, 0x30, 0xEC, 0x18, 0x00, 0x00, 0xD4, 0x30, 0xEC, 0x18, 0x00, 0x00, 0xD4, 0x30,
    0xEC, 0x18, 0x00, 0x00, 0xD4, 0x30, 0xEC, 0x18, 0x00, 0x00, 0xD4, 0x30, 0xEC, 0x18, 0x00, 0x00,
    0xD4, 0x30, 0xEC, 0x1B, 0x04, 0x02, 0xD4, 0x30, 0xEC, 0xFF, 0xFF, 0x9C, 0xD4, 0x30, 0xEC, 0x2A,
    0x14, 0x0C, 0xD4, 0x30, 0xEC, 0x18, 0x00, 0x00, 0xD4, 0x30, 0xEC, 0x18, 0x00, 0x00, 0xD4, 0x30,
    0xEC, 0x18, 0x00, 0x00, 0xD4, 0x30, 0xEC, 0x18, 0x00, 0x00, 0xD4, 0x30, 0xEC, 0x18, 0x00, 0x00,
    0xD4, 0x30, 0xEC, 0x18, 0x00, 0x00, 0x35, 0x0C, 0x3B, 0x06, 0x00, 0x00, 0x27, 0x09, 0x2C, 0x04,
    0x00, 0x00, 0xD4, 0x30, 0xEC, 0x18, 0x00, 0x00, 0xD4, 0x30, 0xEC, 0x18, 0x00, 0x00, 0xD4, 0x30,
    0xEC, 0x18, 0x00, 0x00, 0xD4, 0x30, 0xEC, 0x18, 0x00, 0x00, 0xD4, 0x30, 0xEC, 0x18, 0x00, 0x00,
    0xD4, 0x30, 0xEC, 0x31, 0x1C, 0x11, 0xD4, 0x30, 0xE8, 0xFC, 0xFC, 0x99, 0xD4, 0x30, 0x00, 0x00,
    0x00, 0x00, 0xD4, 0x30, 0xD9, 0xEC, 0xEC, 0x8F, 0xD4, 0x30, 0xEC, 0x3F, 0x2C, 0x1A, 0xD4, 0x30,
    0xEC, 0x18, 0x00, 0x00, 0xD4, 0x30, 0xEC, 0x18, 0x00, 0x00, 0xD4, 0x30, 0xEC, 0x18, 0x00, 0x00,
    0xD4, 0x30, 0xEC, 0x18, 0x00, 0x00, 0xD4, 0x30, 0xEC, 0x18, 0x00, 0x00, 0x35, 0x0C, 0x3B, 0x06,
    0x00, 0x00, 0x00, 0x00, 0x00, 0x00, 0x27, 0x09, 0x00, 0x00, 0x00, 0x00, 0xD0, 0x34, 0x00, 0x00,
    0x00, 0x00, 0xD0, 0x34, 0x00, 0x00, 0x00, 0x00, 0xD0, 0x34, 0x00, 0x00, 0x00, 0x00, 0xD0, 0x34,
    0x00, 0x00, 0x00, 0x00, 0xD0, 0x34, 0x09, 0x1C, 0x1C, 0x1C, 0xD5, 0x34, 0x56, 0xFC, 0xFC, 0xFC,
    0xFF, 0x34, 0x00, 0x00, 0x00, 0x00, 0xD0, 0x34, 0x51, 0xEC, 0xEC, 0xEC, 0xFC, 0x34, 0x0F, 0x2C,
    0x2C, 0x2C, 0xD8, 0x34, 0x00, 0x00, 0x00, 0x00, 0xD0, 0x34, 0x00, 0x00, 0x00, 0x00, 0xD0, 0x34,
    0x00, 0x00, 0x00, 0x00, 0xD0, 0x34, 0x00, 0x00, 0x00, 0x00, 0xD0, 0x34, 0x00, 0x00, 0x00, 0x00,
    0xD0, 0x34, 0x00, 0x00, 0x00, 0x00, 0x34, 0x0D, 0x00, 0x00, 0x00, 0x27, 0x09, 0x2C, 0x04, 0x00,
    0x00, 0x00, 0xD4, 0x30, 0xEC, 0x18, 0x00, 0x00, 0x00, 0xD4, 0x30, 0xEC, 0x18, 0x00, 0x00, 0x00,
    0xD4, 0x30, 0xEC, 0x18, 0x00, 0x00, 0x00, 0xD4, 0x30, 0xEC, 0x18, 0x00, 0x00, 0x00, 0xD4, 0x30,
    0xEC, 0x18, 0x00, 0x00, 0x00, 0xD4, 0x30, 0xEC, 0x18, 0x01, 0x04, 0x04, 0xD4, 0x30, 0xEC, 0x18,
    0x58, 0xFF, 0xFF, 0xFF, 0x30, 0xEC, 0x18, 0x06, 0x14, 0x14, 0xD7, 0x30, 0xEC, 0x18, 0x00, 0x00,
    0x00, 0xD4, 0x30, 0xEC, 0x18, 0x00, 0x00, 0x00, 0xD4, 0x30, 0xEC, 0x18, 0x00, 0x00, 0x00, 0xD4,
    0x30, 0xEC, 0x18, 0x00, 0x00, 0x00, 0xD4, 0x30, 0xEC, 0x18, 0x00, 0x00, 0x00, 0xD4, 0x30, 0xEC,
    0x18, 0x00, 0x00, 0x00, 0xD4, 0x30, 0xEC, 0x18, 0x00, 0x00, 0x00, 0x35, 0x0C, 0x3B, 0x06, 0x00,
    0x00, 0x00, 0x27, 0x09, 0x2C, 0x04, 0x00, 0x00, 0x00, 0xD4, 0x30, 0xEC, 0x18, 0x00, 0x00, 0x00,
    0xD4, 0x30, 0xEC, 0x18, 0x00, 0x00, 0x00, 0xD4, 0x30, 0xEC, 0x18, 0x00, 0x00, 0x00, 0xD4, 0x30,
    0xEC, 0x18, 0x00, 0x00, 0x00, 0xD4, 0x30, 0xEC, 0x18, 0x09, 0x1C, 0x1C, 0xD8, 0x30, 0xEC, 0x18,
    0x56, 0xFC, 0xFC, 0xFC, 0x2F, 0xEC, 0x18, 0x00, 0x00, 0x00, 0x00, 0x00, 0xEC, 0x18, 0x51, 0xEC,
    0xEC, 0xEC, 0x2C, 0xEC, 0x18, 0x0F, 0x2C, 0x2C, 0xDB, 0x30, 0xEC, 0x18, 0x00, 0x00, 0x00, 0xD4,
    0x30, 0xEC, 0x18, 0x00, 0x00, 0x00, 0xD4, 0x30, 0xEC, 0x18, 0x00, 0x00, 0x00, 0xD4, 0x30, 0xEC,
    0x18, 0x00, 0x00, 0x00, 0xD4, 0x30, 0xEC, 0x18, 0x00, 0x00, 0x00, 0xD4, 0x30, 0xEC, 0x18, 0x00,
    0x00, 0x00, 0x35, 0x0C, 0x3B, 0x06, 0x03, 0x1C, 0x1C, 0x1C, 0x1C, 0x1C, 0x1C, 0x1C, 0x1A, 0x1F,
    0xFC, 0xFC, 0xFC, 0xFC, 0xFC, 0xFC, 0xFC, 0xF0, 0x00, 0x00, 0x00, 0x00, 0x00, 0x00, 0x00, 0x00,
    0x00, 0x1E, 0xF4, 0xF4, 0xF4, 0xF4, 0xF4, 0xF4, 0xF4, 0xE8, 0x04, 0x24, 0x24, 0x24, 0xA6, 0x80,
    0x24, 0x24, 0x22, 0x00, 0x00, 0x00, 0x00, 0x98, 0x6C, 0x00, 0x00, 0x00, 0x00, 0x00, 0x00, 0x00,
    0x98, 0x6C, 0x00, 0x00, 0x00, 0x00, 0x00, 0x00, 0x00, 0x98, 0x6C, 0x00, 0x00, 0x00, 0x00, 0x00,
    0x00, 0x00, 0x98, 0x6C, 0x00, 0x00, 0x00, 0x00, 0x00, 0x00, 0x00, 0x98, 0x6C, 0x00, 0x00, 0x00,
    0x00, 0x00, 0x00, 0x00, 0x21, 0x17, 0x00, 0x00, 0x00, 0x00, 0x04, 0x04, 0x04, 0x04, 0x04, 0x04,
    0x04, 0x03, 0x20, 0xFF, 0xFF, 0xFF, 0xFF, 0xFF, 0xFF, 0xFF, 0xF4, 0x02, 0x14, 0x14, 0xA3, 0x73,
    0x9C, 0x7B, 0x14, 0x13, 0x00, 0x00, 0x00, 0x9C, 0x68, 0x94, 0x70, 0x00, 0x00, 0x00, 0x00, 0x00,
    0x9C, 0x68, 0x94, 0x70, 0x00, 0x00, 0x00, 0x00, 0x00, 0x9C, 0x68, 0x94, 0x70, 0x00, 0x00, 0x00,
    0x00, 0x00, 0x9C, 0x68, 0x94, 0x70, 0x00, 0x00, 0x00, 0x00, 0x00, 0x9C, 0x68, 0x94, 0x70, 0x00,
    0x00, 0x00, 0x00, 0x00, 0x9C, 0x68, 0x94, 0x70, 0x00, 0x00, 0x00, 0x00, 0x00, 0x27, 0x1A, 0x25,
    0x1C, 0x00, 0x00, 0x03, 0x1C, 0x1C, 0x1C, 0x1C, 0x1C, 0x1C, 0x1C, 0x1A, 0x1F, 0xFC, 0xFC, 0xFC,
    0xFC, 0xFC, 0xFC, 0xFC, 0xF0, 0x00, 0x00, 0x00, 0x00, 0x00, 0x00, 0x00, 0x00, 0x00, 0x1E, 0xF4,
    0xF4, 0xF4, 0x63, 0x8D, 0xF4, 0xF4, 0xE8, 0x04, 0x24, 0x24, 0xAA, 0x68, 0x94, 0x84, 0x24, 0x22,
    0x00, 0x00, 0x00, 0x9C, 0x68, 0x94, 0x70, 0x00, 0x00, 0x00, 0x00, 0x00, 0x9C, 0x68, 0x94, 0x70,
    0x00, 0x00, 0x00, 0x00, 0x00, 0x9C, 0x68, 0x94, 0x70, 0x00, 0x00, 0x00, 0x00, 0x00, 0x9C, 0x68,
    0x94, 0x70, 0x00, 0x00, 0x00, 0x00, 0x00, 0x9C, 0x68, 0x94, 0x70, 0x00, 0x00, 0x00, 0x00, 0x00,
    0x22, 0x16, 0x20, 0x18, 0x00, 0x00, 0x00, 0x00, 0x00, 0x00, 0x1C, 0x14, 0x00, 0x00, 0x00, 0x00,
    0x00, 0x00, 0x00, 0x98, 0x6C, 0x00, 0x00, 0x00, 0x00, 0x00, 0x00, 0x00, 0x98, 0x6C, 0x00, 0x00,
    0x00, 0x00, 0x00, 0x00, 0x00, 0x98, 0x6C, 0x00, 0x00, 0x00, 0x00, 0x00, 0x00, 0x00, 0x98, 0x6C,
    0x00, 0x00, 0x00, 0x00, 0x00, 0x00, 0x00, 0x98, 0x6C, 0x00, 0x00, 0x00, 0x03, 0x1C, 0x1C, 0x1C,
    0xA3, 0x7C, 0x1C, 0x1C, 0x1A, 0x1F, 0xFC, 0xFC, 0xFC, 0xFC, 0xFC, 0xFC, 0xFC, 0xF0, 0x00, 0x00,
    0x00, 0x00, 0x00, 0x00, 0x00, 0x00, 0x00, 0x1E, 0xF4, 0xF4, 0xF4, 0xF4, 0xF4, 0xF4, 0xF4, 0xE8,
    0x04, 0x24, 0x24, 0x24, 0x24, 0x24, 0x24, 0x24, 0x22, 0x00, 0x00, 0x00, 0x1D, 0x13, 0x1B, 0x15,
    0x00, 0x00, 0x00, 0x00, 0x00, 0x9C, 0x68, 0x94, 0x70, 0x00, 0x00, 0x00, 0x00, 0x00, 0x9C, 0x68,
    0x94, 0x70, 0x00, 0x00, 0x00, 0x00, 0x00, 0x9C, 0x68, 0x94, 0x70, 0x00, 0x00, 0x00, 0x00, 0x00,
    0x9C, 0x68, 0x94, 0x70, 0x00, 0x00, 0x00, 0x00, 0x00, 0x9C, 0x68, 0x94, 0x70, 0x00, 0x00, 0x00,
    0x00, 0x00, 0x9C, 0x68, 0x94, 0x70, 0x00, 0x00, 0x00, 0x04, 0x04, 0x9D, 0x6A, 0x95, 0x72, 0x04,
    0x03, 0x20, 0xFF, 0xFF, 0xFF, 0xFF, 0xFF, 0xFF, 0xFF, 0xF4, 0x02, 0x14, 0x14, 0x14, 0x14, 0x14,
    0x14, 0x14, 0x13, 0x00, 0x00, 0x00, 0x1D, 0x13, 0x1B, 0x15, 0x00, 0x00, 0x00, 0x00, 0x00, 0x9C,
    0x68, 0x94, 0x70, 0x00, 0x00, 0x00, 0x00, 0x00, 0x9C, 0x68, 0x94, 0x70, 0x00, 0x00, 0x00, 0x00,
    0x00, 0x9C, 0x68, 0x94, 0x70, 0x00, 0x00, 0x00, 0x00, 0x00, 0x9C, 0x68, 0x94, 0x70, 0x00, 0x00,
    0x00, 0x00, 0x00, 0x9C, 0x68, 0x94, 0x70, 0x00, 0x00, 0x03, 0x1C, 0x1C, 0xA6, 0x68, 0x94, 0x7F,
    0x1C, 0x1A, 0x1F, 0xFC, 0xFC, 0xFC, 0x66, 0x91, 0xFC, 0xFC, 0xF0, 0x00, 0x00, 0x00, 0x00, 0x00,
    0x00, 0x00, 0x00, 0x00, 0x1E, 0xF4, 0xF4, 0xF4, 0xF4, 0xF4, 0xF4, 0xF4, 0xE8, 0x04, 0x24, 0x24,
    0x24, 0x24, 0x24, 0x24, 0x24, 0x22, 0x00, 0x00, 0x00, 0x00, 0x1C, 0x14, 0x00, 0x00, 0x00, 0x00,
    0x00, 0x00, 0x00, 0x98, 0x6C, 0x00, 0x00, 0x00, 0x00, 0x00, 0x00, 0x00, 0x98, 0x6C, 0x00, 0x00,
    0x00, 0x00, 0x00, 0x00, 0x00, 0x98, 0x6C, 0x00, 0x00, 0x00, 0x00, 0x00, 0x00, 0x00, 0x98, 0x6C,
    0x00, 0x00, 0x00, 0x00, 0x00, 0x00, 0x00, 0x98, 0x6C, 0x00, 0x00, 0x00, 0x03, 0x1C, 0x1C, 0x1C,
    0xA3, 0x7C, 0x1C, 0x1C, 0x1A, 0x1F, 0xFC, 0xFC, 0xFC, 0xFE, 0xFD, 0xFC, 0xFC, 0xF0, 0x00, 0x00,
    0x00, 0x00, 0x98, 0x6C, 0x00, 0x00, 0x00, 0x1D, 0xEC, 0xEC, 0xEC, 0xF7, 0xF4, 0xEC, 0xEC, 0xE0,
    0x05, 0x2C, 0x2C, 0x2C, 0xA9, 0x85, 0x2C, 0x2C, 0x29, 0x00, 0x00, 0x00, 0x00, 0x98, 0x6C, 0x00,
    0x00, 0x00, 0x00, 0x00, 0x00, 0x00, 0x98, 0x6C, 0x00, 0x00, 0x00, 0x00, 0x00, 0x00, 0x00, 0x98,
    0x6C, 0x00, 0x00, 0x00, 0x00, 0x00, 0x00, 0x00, 0x98, 0x6C, 0x00, 0x00, 0x00, 0x00, 0x00, 0x00,
    0x00, 0x98, 0x6C, 0x00, 0x00, 0x00, 0x00, 0x00, 0x00, 0x00, 0x26, 0x1B, 0x00, 0x00, 0x00, 0x00,
    0x00, 0x00, 0x1D, 0x13, 0x1B, 0x15, 0x00, 0x00, 0x00, 0x00, 0x00, 0x9C, 0x68, 0x94, 0x70, 0x00,
    0x00, 0x00, 0x00, 0x00, 0x9C, 0x68, 0x94, 0x70, 0x00, 0x00, 0x00, 0x00, 0x00, 0x9C, 0x68, 0x94,
    0x70, 0x00, 0x00, 0x00, 0x00, 0x00, 0x9C, 0x68, 0x94, 0x70, 0x00, 0x00, 0x00, 0x00, 0x00, 0x9C,
    0x68, 0x94, 0x70, 0x00, 0x00, 0x00, 0x00, 0x00, 0x9C, 0x68, 0x94, 0x70, 0x00, 0x00, 0x00, 0x04,
    0x04, 0x9D, 0x6A, 0x95, 0x72, 0x04, 0x03, 0x20, 0xFF, 0xFF, 0xFF, 0xFF, 0xFF, 0xFF, 0xFF, 0xF4,
    0x02, 0x14, 0x14, 0xA3, 0x73, 0x9C, 0x7B, 0x14, 0x13, 0x00, 0x00, 0x00, 0x9C, 0x68, 0x94, 0x70,
    0x00, 0x00, 0x00, 0x00, 0x00, 0x9C, 0x68, 0x94, 0x70, 0x00, 0x00, 0x00, 0x00, 0x00, 0x9C, 0x68,
    0x94, 0x70, 0x00, 0x00, 0x00, 0x00, 0x00, 0x9C, 0x68, 0x94, 0x70, 0x00, 0x00, 0x00, 0x00, 0x00,
    0x9C, 0x68, 0x94, 0x70, 0x00, 0x00, 0x00, 0x00, 0x00, 0x9C, 0x68, 0x94, 0x70, 0x00, 0x00, 0x00,
    0x00, 0x00, 0x27, 0x1A, 0x25, 0x1C, 0x00, 0x00, 0x00, 0x00, 0x00, 0x27, 0x09, 0x2C, 0x04, 0x00,
    0x00, 0x00, 0x00, 0x00, 0xD4, 0x30, 0xEC, 0x18, 0x00, 0x00, 0x00, 0x00, 0x00, 0xD4, 0x30, 0xEC,
    0x18, 0x00, 0x00, 0x00, 0x00, 0x00, 0xD4, 0x30, 0xEC, 0x18, 0x00, 0x00, 0x00, 0x00, 0x00, 0xD4,
    0x30, 0xEC, 0x18, 0x00, 0x00, 0x00, 0x00, 0x00, 0xD4, 0x30, 0xEC, 0x18, 0x00, 0x00, 0x09, 0x1C,
    0x1C, 0xD8, 0x30, 0xEC, 0x31, 0x1C, 0x11, 0x56, 0xFC, 0xFC, 0xFC, 0x2F, 0xE8, 0xFC, 0xFC, 0x99,
    0x00, 0x00, 0x00, 0x00, 0x00, 0x00, 0x00, 0x00, 0x00, 0x53, 0xF4, 0xF4, 0xF4, 0x2D, 0xE0, 0xF4,
    0xF4, 0x94, 0x0C, 0x24, 0x24, 0xDA, 0x30, 0xEC, 0x38, 0x24, 0x15, 0x00, 0x00, 0x00, 0xD4, 0x30,
    0xEC, 0x18, 0x00, 0x00, 0x00, 0x00, 0x00, 0xD4, 0x30, 0xEC, 0x18, 0x00, 0x00, 0x00, 0x00, 0x00,
    0xD4, 0x30, 0xEC, 0x18, 0x00, 0x00, 0x00, 0x00, 0x00, 0xD4, 0x30, 0xEC, 0x18, 0x00, 0x00, 0x00,
    0x00, 0x00, 0xD4, 0x30, 0xEC, 0x18, 0x00, 0x00, 0x00, 0x00, 0x00, 0x2E, 0x0A, 0x33, 0x05, 0x00,
    0x00, 0x00, 0x00, 0x02, 0x04, 0x02, 0x1A, 0xC7, 0xFD, 0xFF, 0xBC, 0x95, 0x92, 0x17, 0x14, 0x0E,
    0xC8, 0x39, 0x00, 0x00, 0x00, 0xD0, 0x34, 0x00, 0x00, 0x00, 0xD0, 0x34, 0x00, 0x00, 0x00, 0xD0,
    0x34, 0x00, 0x00, 0x00, 0xD0, 0x34, 0x00, 0x00, 0x00, 0xD0, 0x34, 0x00, 0x00, 0x00, 0x34, 0x0D,
    0x00, 0x00, 0x00, 0x01, 0x04, 0x04, 0x00, 0x00, 0x00, 0x58, 0xFF, 0xFF, 0xEA, 0x56, 0x00, 0x06,
    0x14, 0x14, 0x3E, 0xEA, 0x08, 0x00, 0x00, 0x00, 0x00, 0xD5, 0x2C, 0x00, 0x00, 0x00, 0x00, 0xD0,
    0x34, 0x00, 0x00, 0x00, 0x00, 0xD0, 0x34, 0x00, 0x00, 0x00, 0x00, 0xD0, 0x34, 0x00, 0x00, 0x00,
    0x00, 0xD0, 0x34, 0x00, 0x00, 0x00, 0x00, 0xD0, 0x34, 0x00, 0x00, 0x00, 0x00, 0x34, 0x0D, 0x00,
    0x00, 0x00, 0x00, 0x27, 0x09, 0x00, 0x00, 0x00, 0x00, 0xD0, 0x34, 0x00, 0x00, 0x00, 0x00, 0xD0,
    0x34, 0x00, 0x00, 0x00, 0x00, 0xD0, 0x34, 0x00, 0x00, 0x00, 0x00, 0xD0, 0x34, 0x00, 0x00, 0x00,
    0x00, 0xD0, 0x34, 0x00, 0x00, 0x00, 0x00, 0xD5, 0x2D, 0x01, 0x04, 0x04, 0x2E, 0xED, 0x0A, 0x58,
    0xFF, 0xFF, 0xF6, 0x64, 0x00, 0x06, 0x14, 0x14, 0x04, 0x00, 0x00, 0x27, 0x09, 0x00, 0x00, 0x00,
    0xD0, 0x34, 0x00, 0x00, 0x00, 0xD0, 0x34, 0x00, 0x00, 0x00, 0xD0, 0x34, 0x00, 0x00, 0x00, 0xD0,
    0x34, 0x00, 0x00, 0x00, 0xD0, 0x34, 0x00, 0x00, 0x00, 0xC9, 0x38, 0x00, 0x00, 0x00, 0x9A, 0x85,
    0x06, 0x04, 0x02, 0x20, 0xD7, 0xFF, 0xFF, 0xBC, 0x00, 0x00, 0x10, 0x14, 0x0E, 0x00, 0x00, 0x00,
    0x00, 0x00, 0x00, 0x00, 0x00, 0x0C, 0x05, 0x00, 0x00, 0x00, 0x00, 0x00, 0x00, 0x00, 0x13, 0xEC,
    0x1F, 0x00, 0x00, 0x00, 0x00, 0x00, 0x00, 0x00, 0x8B, 0x95, 0x00, 0x00, 0x00, 0x00, 0x00, 0x00,
    0x00, 0x18, 0xED, 0x1A, 0x00, 0x00, 0x00, 0x00, 0x00, 0x00, 0x00, 0x93, 0x8D, 0x00, 0x00, 0x00,
    0x00, 0x00, 0x00, 0x00, 0x1D, 0xEC, 0x15, 0x00, 0x00, 0x00, 0x00, 0x00, 0x00, 0x00, 0x9A, 0x85,
    0x00, 0x00, 0x00, 0x00, 0x00, 0x00, 0x00, 0x22, 0xEB, 0x11, 0x00, 0x00, 0x00, 0x00, 0x00, 0x00,
    0x00, 0xA2, 0x7E, 0x00, 0x00, 0x00, 0x00, 0x00, 0x00, 0x00, 0x28, 0xE9, 0x0D, 0x00, 0x00, 0x00,
    0x00, 0x00, 0x00, 0x00, 0xAA, 0x76, 0x00, 0x00, 0x00, 0x00, 0x00, 0x00, 0x00, 0x2F, 0xE6, 0x0A,
    0x00, 0x00, 0x00, 0x00, 0x00, 0x00, 0x00, 0xB2, 0x6E, 0x00, 0x00, 0x00, 0x00, 0x00, 0x00, 0x00,
    0x36, 0xE2, 0x07, 0x00, 0x00, 0x00, 0x00, 0x00, 0x00, 0x00, 0xBA, 0x66, 0x00, 0x00, 0x00, 0x00,
    0x00, 0x00, 0x00, 0x3D, 0xDD, 0x04, 0x00, 0x00, 0x00, 0x00, 0x00, 0x00, 0x00, 0x11, 0x13, 0x00,
    0x00, 0x00, 0x00, 0x00, 0x00, 0x00, 0x00, 0x08, 0x09, 0x00, 0x00, 0x00, 0x00, 0x00, 0x00, 0x00,
    0x00, 0x46, 0xD6, 0x02, 0x00, 0x00, 0x00, 0x00, 0x00, 0x00, 0x00, 0x00, 0xC2, 0x5E, 0x00, 0x00,
    0x00, 0x00, 0x00, 0x00, 0x00, 0x00, 0x3E, 0xDD, 0x04, 0x00, 0x00, 0x00, 0x00, 0x00, 0x00, 0x00,
    0x00, 0xBA, 0x66, 0x00, 0x00, 0x00, 0x00, 0x00, 0x00, 0x00, 0x00, 0x36, 0xE2, 0x07, 0x00, 0x00,
    0x00, 0x00, 0x00, 0x00, 0x00, 0x00, 0xB3, 0x6D, 0x00, 0x00, 0x00, 0x00, 0x00, 0x00, 0x00, 0x00,
    0x30, 0xE5, 0x09, 0x00, 0x00, 0x00, 0x00, 0x00, 0x00, 0x00, 0x00, 0xAB, 0x75, 0x00, 0x00, 0x00,
    0x00, 0x00, 0x00, 0x00, 0x00, 0x29, 0xE9, 0x0D, 0x00, 0x00, 0x00, 0x00, 0x00, 0x00, 0x00, 0x00,
    0xA3, 0x7D, 0x00, 0x00, 0x00, 0x00, 0x00, 0x00, 0x00, 0x00, 0x23, 0xEB, 0x11, 0x00, 0x00, 0x00,
    0x00, 0x00, 0x00, 0x00, 0x00, 0x9B, 0x85, 0x00, 0x00, 0x00, 0x00, 0x00, 0x00, 0x00, 0x00, 0x1D,
    0xEC, 0x15, 0x00, 0x00, 0x00, 0x00, 0x00, 0x00, 0x00, 0x00, 0x93, 0x8D, 0x00, 0x00, 0x00, 0x00,
    0x00, 0x00, 0x00, 0x00, 0x18, 0xED, 0x1A, 0x00, 0x00, 0x00, 0x00, 0x00, 0x00, 0x00, 0x00, 0x18,
    0x0B, 0x08, 0x09, 0x00, 0x00, 0x00, 0x00, 0x00, 0x00, 0x0C, 0x05, 0x46, 0xD6, 0x02, 0x00, 0x00,
    0x00, 0x00, 0x13, 0xEC, 0x1F, 0x00, 0xC1, 0x5D, 0x00, 0x00, 0x00, 0x00, 0x8B, 0x96, 0x00, 0x00,
    0x3D, 0xDC, 0x04, 0x00, 0x00, 0x19, 0xED, 0x1B, 0x00, 0x00, 0x00, 0xB9, 0x64, 0x00, 0x00, 0x94,
    0x8E, 0x00, 0x00, 0x00, 0x00, 0x35, 0xE0, 0x06, 0x1E, 0xED, 0x16, 0x00, 0x00, 0x00, 0x00, 0x00,
    0xB1, 0x6C, 0x9C, 0x87, 0x00, 0x00, 0x00, 0x00, 0x00, 0x00, 0x2E, 0xE9, 0xEC, 0x12, 0x00, 0x00,
    0x00, 0x00, 0x00, 0x00, 0x00, 0xC5, 0x9C, 0x00, 0x00, 0x00, 0x00, 0x00, 0x00, 0x00, 0x27, 0xEC,
    0xEA, 0x0E, 0x00, 0x00, 0x00, 0x00, 0x00, 0x00, 0xA9, 0x74, 0xA5, 0x7F, 0x00, 0x00, 0x00, 0x00,
    0x00, 0x2E, 0xE5, 0x09, 0x24, 0xEC, 0x11, 0x00, 0x00, 0x00, 0x00, 0xB1, 0x6D, 0x00, 0x00, 0x9C,
    0x86, 0x00, 0x00, 0x00, 0x35, 0xE1, 0x07, 0x00, 0x00, 0x1E, 0xED, 0x15, 0x00, 0x00, 0xBA, 0x65,
    0x00, 0x00, 0x00, 0x00, 0x93, 0x8D, 0x00, 0x3D, 0xDD, 0x04, 0x00, 0x00, 0x00, 0x00, 0x18, 0xED,
    0x1A, 0x11, 0x13, 0x00, 0x00, 0x00, 0x00, 0x00, 0x00, 0x18, 0x0B, 0x00, 0x04, 0x04, 0x04, 0x03,
    0x1C, 0xFF, 0xFF, 0xFF, 0xEC, 0x02, 0x14, 0x14, 0x14, 0x12, 0x09, 0x02, 0xD0, 0x34, 0xD0, 0x34,
    0xD0, 0x34, 0xD0, 0x34, 0xD0, 0x34, 0xD0, 0x34, 0xD0, 0x34, 0x8B, 0x22, 0x00, 0x04, 0x04, 0x04,
    0x03, 0x18, 0xFF, 0xFF, 0xFF, 0xF4, 0x01, 0x14, 0x14, 0x14, 0x13, 0x8B, 0x22, 0xD0, 0x34, 0xD0,
    0x34, 0xD0, 0x34, 0xD0, 0x34, 0xD0, 0x34, 0xD0, 0x34, 0xD0, 0x34, 0x09, 0x02, 0x09, 0x56, 0x55,
    0x54, 0x4D, 0x1C, 0xFF, 0xFF, 0xFF, 0xEC, 0x17, 0xD8, 0xD8, 0xD8, 0xC7, 0x01, 0x0C, 0x0B, 0x1C,
    0xFF, 0xEC, 0x1C, 0xFF, 0xEC, 0x1C, 0xFF, 0xEC, 0x1C, 0xFF, 0xEC, 0x1C, 0xFF, 0xEC, 0x1C, 0xFF,
    0xEC, 0x1C, 0xFF, 0xEC, 0x12, 0xAC, 0x9E, 0x08, 0x58, 0x58, 0x58, 0x53, 0x18, 0xFF, 0xFF, 0xFF,
    0xF4, 0x14, 0xD8, 0xD8, 0xD8, 0xCD, 0x12, 0xAC, 0x9E, 0x1C, 0xFF, 0xEC, 0x1C, 0xFF, 0xEC, 0x1C,
    0xFF, 0xEC, 0x1C, 0xFF, 0xEC, 0x1C, 0xFF, 0xEC, 0x1C, 0xFF, 0xEC, 0x1C, 0xFF, 0xEC, 0x01, 0x0C,
    0x0B, 0x00, 0x00, 0x00, 0x00, 0x00, 0x55, 0x58, 0x58, 0x53, 0x19, 0xCC, 0xCC, 0xCC, 0xCC, 0xFE,
    0xFF, 0xFF, 0xF4, 0x09, 0x4C, 0x4C, 0x4C, 0x4C, 0xD3, 0xD8, 0xD8, 0xCD, 0x00, 0x3B, 0x2A, 0x00,
    0x98, 0x6C, 0x00, 0x98, 0x6C, 0x00, 0x98, 0x6C, 0x00, 0x98, 0x6C, 0x00, 0x98, 0x6C, 0x00, 0x98,
    0x6C, 0x00, 0x98, 0x6C, 0x12, 0xDD, 0xC2, 0x1C, 0xFF, 0xEC, 0x1C, 0xFF, 0xEC, 0x1C, 0xFF, 0xEC,
    0x1C, 0xFF, 0xEC, 0x1C, 0xFF, 0xEC, 0x1C, 0xFF, 0xEC, 0x1C, 0xFF, 0xEC, 0x01, 0x0C, 0x0B, 0x0B,
    0x58, 0x58, 0x58, 0x58, 0x02, 0x00, 0x00, 0x00, 0x20, 0xFF, 0xFF, 0xFF, 0xFF, 0xCD, 0xCC, 0xCC,
    0xC2, 0x1B, 0xD8, 0xD8, 0xD8, 0xD8, 0x50, 0x4C, 0x4C, 0x48, 0x01, 0x0C, 0x0B, 0x1C, 0xFF, 0xEC,
    0x1C, 0xFF, 0xEC, 0x1C, 0xFF, 0xEC, 0x1C, 0xFF, 0xEC, 0x1C, 0xFF, 0xEC, 0x1C, 0xFF, 0xEC, 0x1C,
    0xFF, 0xEC, 0x12, 0xDD, 0xC2, 0x00, 0x98, 0x6C, 0x00, 0x98, 0x6C, 0x00, 0x98, 0x6C, 0x00, 0x98,
    0x6C, 0x00, 0x98, 0x6C, 0x00, 0x98, 0x6C, 0x00, 0x98, 0x6C, 0x00, 0x3B, 0x2A, 0x00, 0x31, 0x3F,
    0x00, 0x00, 0x00, 0x00, 0x00, 0x30, 0xD9, 0x38, 0x14, 0x14, 0x14, 0x14, 0x03, 0xBC, 0xFB, 0xF4,
    0xF4, 0xF4, 0xF4, 0xF4, 0x2D, 0x20, 0xD1, 0x36, 0x00, 0x00, 0x00, 0x00, 0x00, 0x00, 0x20, 0x2C,
    0x00, 0x00, 0x00, 0x00, 0x00, 0x00, 0x27, 0xE3, 0x72, 0x00, 0x23, 0xD1, 0xEA, 0xD5, 0x6B, 0x0A,
    0x26, 0xD4, 0x3D, 0x2A, 0x00, 0x00, 0xD4, 0x38, 0x00, 0x00, 0x00, 0xD4, 0x38, 0x00, 0x00, 0x00,
    0xD4, 0x38, 0x00, 0x00, 0x00, 0xD4, 0x38, 0x00, 0x00, 0x00, 0x00, 0x00, 0x0B, 0x64, 0x00, 0x00,
    0x0F, 0x14, 0x14, 0x14, 0x16, 0xB2, 0x81, 0x00, 0xC2, 0xF4, 0xF4, 0xF4, 0xF4, 0xF6, 0xFE, 0x21,
    0x00, 0x00, 0x00, 0x00, 0x08, 0xB9, 0x65, 0x00, 0x00, 0x00, 0x00, 0x00, 0x05, 0x47, 0x00, 0x00,
    0x00, 0x00, 0xD0, 0x37, 0x00, 0x00, 0x00, 0xD4, 0x38, 0x00, 0x00, 0x00, 0xD4, 0x38, 0x00, 0x00,
    0x00, 0xD4, 0x38, 0x00, 0x09, 0x24, 0xD4, 0x3C, 0x28, 0x24, 0xD1, 0xE9, 0xD2, 0x6E, 0x00, 0x29,
    0xE7, 0x76, 0x00, 0x00, 0x31, 0x3F, 0x00, 0x0B, 0x64, 0x00, 0x00, 0x30, 0xD9, 0x38, 0x14, 0x16,
    0xB2, 0x81, 0x00, 0xBC, 0xFB, 0xF4, 0xF4, 0xF4, 0xF6, 0xFE, 0x21, 0x20, 0xD1, 0x36, 0x00, 0x08,
    0xB9, 0x65, 0x00, 0x00, 0x20, 0x2C, 0x00, 0x05, 0x47, 0x00, 0x00, 0x00, 0x27, 0xE3, 0x72, 0x00,
    0x23, 0xD1, 0xEA, 0xD5, 0x6B, 0x0A, 0x26, 0xD4, 0x3D, 0x2A, 0x00, 0x00, 0xD4, 0x38, 0x00, 0x09,
    0x24, 0xD4, 0x3C, 0x28, 0x24, 0xD1, 0xE9, 0xD2, 0x6E, 0x00, 0x29, 0xE7, 0x76, 0x00, 0x00, 0x00,
    0x00, 0x00, 0x00, 0x04, 0x23, 0x00, 0x00, 0x00, 0x00, 0x04, 0xBE, 0x6F, 0x00, 0x00, 0x00, 0x00,
    0x8E, 0xA9, 0x00, 0x00, 0x00, 0x00, 0x46, 0xD6, 0x0C, 0x00, 0x00, 0x8A, 0x1F, 0xDC, 0x31, 0x00,
    0x00, 0x00, 0xE3, 0xE6, 0x7D, 0x00, 0x00, 0x00, 0x00, 0x76, 0xB3, 0x04, 0x00, 0x00, 0x00, 0x00,
    0x00, 0x1F, 0x27, 0x00, 0x2F, 0x8B, 0x00, 0x00, 0x7A, 0xC3, 0x23, 0xE9, 0x68, 0x00, 0x00, 0x25,
    0xFF, 0xE3, 0x9A, 0x00, 0x00, 0x00, 0x00, 0xDA, 0xF0, 0x07, 0x00, 0x00, 0x00, 0x74, 0xF6, 0xFF,
    0x49, 0x00, 0x00, 0x36, 0xFB, 0x5E, 0xA1, 0xCF, 0x00, 0x06, 0xD9, 0xB2, 0x00, 0x0E, 0x7D, 0x00,
    0x1D, 0xEE, 0x1E, 0x00, 0x00, 0x00, 0x00, 0x00, 0x0A, 0x00, 0x00, 0x00, 0x00, 0x00, 0x00, 0x00,
    0x00, 0x00, 0x00, 0x00, 0x36, 0x00, 0x03, 0x9B, 0x6A, 0x00, 0x00, 0x78, 0xFB, 0x51, 0x02, 0xE8,
    0xF6, 0x27, 0x78, 0xFF, 0xC4, 0x0C, 0x00, 0x83, 0xFF, 0xE6, 0xFF, 0xD1, 0x0D, 0x00, 0x00, 0x12,
    0xEE, 0xFF, 0xF0, 0x1F, 0x00, 0x00, 0x00, 0x39, 0xF6, 0xFF, 0xFE, 0x4F, 0x00, 0x00, 0x1E, 0xEA,
    0xFF, 0xEA, 0xFF, 0xF1, 0x27, 0x00, 0x91, 0xFF, 0xA3, 0x23, 0xF1, 0xFB, 0x3E, 0x00, 0x4F, 0xBD,
    0x08, 0x00, 0x31, 0x29, 0x00, 0x00, 0x00, 0x00, 0x00, 0x00, 0x00, 0x00, 0x00, 0x00, 0x98, 0xF4,
    0xF4, 0xF4, 0xF4, 0xF4, 0xF4, 0x13, 0x14, 0x20, 0x20, 0x20, 0x20, 0x20, 0x20, 0x02, 0x87, 0xD8,
    0xD8, 0xD8, 0xD8, 0xD8, 0xD8, 0x10, 0x28, 0x40, 0x40, 0x40, 0x40, 0x40, 0x40, 0x05, 0x16, 0x24,
    0x24, 0x24, 0x24, 0x24, 0x24, 0x02, 0x98, 0xF4, 0xF4, 0xF4, 0xF4, 0xF4, 0xF4, 0x13, 0x00, 0x10,
    0x10, 0x85, 0x60, 0x1B, 0x05, 0x00, 0x00, 0x89, 0xEB, 0xDE, 0xE3, 0xF0, 0x5E, 0x00, 0x52, 0xCE,
    0x60, 0x00, 0x02, 0x8D, 0xB7, 0x3C, 0x82, 0xC5, 0x00, 0x80, 0x5D, 0x03, 0xEF, 0x56, 0x6F, 0xBC,
    0x00, 0xA5, 0x7B, 0x00, 0xE9, 0x42, 0x6F, 0xDE, 0x3E, 0x00, 0x00, 0x69, 0xD3, 0x52, 0x00, 0x8A,
    0xF9, 0xBC, 0xC7, 0xFD, 0x5E, 0x00, 0x00, 0x22, 0x22, 0xA7, 0x7C, 0x32, 0x11, 0x00, 0x00, 0x00,
    0x00, 0x00, 0x00, 0x57, 0x70, 0x31, 0x00, 0x00, 0x00, 0x00, 0x00, 0x74, 0x00, 0x70, 0x00, 0x1C,
    0x68, 0x00, 0x00, 0x74, 0x00, 0x70, 0x16, 0x8D, 0x9E, 0x74, 0x74, 0x75, 0x00, 0x70, 0x8E, 0x16,
    0x00, 0x00, 0x00, 0x00, 0x00, 0x70, 0x0B, 0x89, 0xAB, 0x70, 0x70, 0x70, 0x70, 0x3B, 0x00, 0x0A,
    0x4A, 0x00, 0x00, 0x00, 0x00, 0x00, 0x41, 0x7C, 0x7C, 0x7C, 0x7C, 0x7C, 0x79, 0x78, 0x00, 0x00,
    0x00, 0x00, 0x00, 0x78, 0x78, 0x00, 0x00, 0x00, 0x00, 0x00, 0x78, 0x78, 0x00, 0x00, 0x00, 0x00,
    0x00, 0x78, 0x78, 0x00, 0x00, 0x00, 0x00, 0x00, 0x78, 0x78, 0x00, 0x00, 0x00, 0x00, 0x00, 0x78,
    0x74, 0x7C, 0x7C, 0x7C, 0x7C, 0x7C, 0xAC, 0x53, 0x80, 0x80, 0x80, 0x80, 0x80, 0x92, 0x05, 0x80,
    0x00, 0x00, 0x00, 0x00, 0x22, 0x78, 0x08, 0x80, 0x00, 0x00, 0x00, 0x42, 0x30, 0x78, 0x08, 0x80,
    0x00, 0x00, 0x10, 0x6D, 0x00, 0x78, 0x08, 0x80, 0x11, 0x65, 0x71, 0x12, 0x00, 0x78, 0x08, 0x80,
    0x00, 0x4E, 0xA6, 0x00, 0x00, 0x78, 0x08, 0x7F, 0x7C, 0x7C, 0x7C, 0x7C, 0x7C, 0xB9, 0x07, 0x01,
    0x04, 0x04, 0x04, 0x04, 0x04, 0x04, 0x00, 0x00, 0x30, 0xCB, 0xDC, 0x95, 0x03, 0x00, 0xCD, 0x2E,
    0x01, 0x95, 0x64, 0x06, 0xD3, 0x00, 0x00, 0x40, 0x93, 0x00, 0xD0, 0x49, 0x10, 0xAB, 0x54, 0x49,
    0xB6, 0xB0, 0xC9, 0x6F, 0x00, 0x6C, 0x09, 0x00, 0x00, 0x00, 0x00, 0x6A, 0xDC, 0x18, 0xC3, 0x9A,
    0x41, 0xDC, 0x44, 0x7C, 0xFF, 0x1C, 0xE4, 0xB4, 0x4C, 0xFF, 0x50, 0x00, 0x00, 0x00, 0x00, 0x19,
    0x68, 0xB9, 0x11, 0x00, 0x26, 0x76, 0xC7, 0xF6, 0xB9, 0x6F, 0x05, 0x8F, 0xFF, 0xB5, 0x4D, 0x0A,
    0x00, 0x00, 0x00, 0x3A, 0x9F, 0xEB, 0xD3, 0x88, 0x3D, 0x03, 0x00, 0x00, 0x00, 0x03, 0x40, 0x91,
    0xE0, 0xEE, 0x0F, 0x0C, 0x14, 0x14, 0x14, 0x14, 0x14, 0x46, 0x08, 0xA0, 0xFF, 0xFF, 0xFF, 0xFF,
    0xFF, 0xFF, 0x14, 0x81, 0x8D, 0x3C, 0x02, 0x00, 0x00, 0x00, 0x00, 0x39, 0x97, 0xE0, 0xE9, 0x9B,
    0x4A, 0x07, 0x00, 0x00, 0x00, 0x00, 0x2B, 0x7C, 0xEF, 0xF2, 0x10, 0x00, 0x1C, 0x66, 0xB0, 0xF1,
    0xC3, 0x73, 0x05, 0x8B, 0xF8, 0xB5, 0x64, 0x16, 0x00, 0x00, 0x00, 0x38, 0x21, 0x14, 0x14, 0x14,
    0x14, 0x14, 0x01, 0xA0, 0xFF, 0xFF, 0xFF, 0xFF, 0xFF, 0xFF, 0x14, 0x00, 0x00, 0x00, 0x00, 0x00,
    0x52, 0x7E, 0x00, 0x00, 0x00, 0x00, 0x00, 0x25, 0xED, 0x3C, 0x00, 0x98, 0xF4, 0xF4, 0xF4, 0xF9,
    0xFD, 0xF4, 0x13, 0x14, 0x20, 0x20, 0xB3, 0xB3, 0x20, 0x20, 0x02, 0x16, 0x24, 0x59, 0xF7, 0x3E,
    0x24, 0x24, 0x02, 0x98, 0xF8, 0xFF, 0xF4, 0xF4, 0xF4, 0xF4, 0x13, 0x04, 0xC1, 0x8A, 0x00, 0x00,
    0x00, 0x00, 0x00, 0x25, 0xA9, 0x03, 0x00, 0x00, 0x00, 0x00, 0x00, 0x00, 0x00, 0x00, 0x14, 0x0E,
    0x00, 0x00, 0x00, 0x00, 0x41, 0xD1, 0xFF, 0xFF, 0xBC, 0x26, 0x00, 0x3F, 0xFC, 0xFF, 0xFF, 0xFF,
    0xFF, 0xED, 0x1E, 0xC0, 0xFF, 0xFF, 0xFF, 0xFF, 0xFF, 0xFF, 0x8F, 0xEE, 0xFF, 0xFF, 0xFF, 0xFF,
    0xFF, 0xFF, 0xBE, 0xE1, 0xFF, 0xFF, 0xFF, 0xFF, 0xFF, 0xFF, 0xB0, 0x8E, 0xFF, 0xFF, 0xFF, 0xFF,
    0xFF, 0xFF, 0x5E, 0x0B, 0xBF, 0xFF, 0xFF, 0xFF, 0xFF, 0x9A, 0x00, 0x00, 0x03, 0x57, 0x9C, 0x95,
    0x41, 0x00, 0x00, 0x00, 0x00, 0x00, 0x04, 0x02, 0x00, 0x00, 0x00, 0x00, 0x31, 0xB9, 0xC3, 0xC9,
    0xA7, 0x1B, 0x00, 0x34, 0xC6, 0x22, 0x00, 0x00, 0x39, 0xCB, 0x17, 0xB6, 0x22, 0x00, 0x00, 0x00,
    0x00, 0x4D, 0x88, 0xC8, 0x00, 0x00, 0x00, 0x00, 0x00, 0x07, 0xBC, 0xCA, 0x00, 0x00, 0x00, 0x00,
    0x00, 0x13, 0xB3, 0x98, 0x4E, 0x00, 0x00, 0x00, 0x00, 0x7C, 0x68, 0x11, 0xC3, 0x70, 0x18, 0x21,
    0x8C, 0xAA, 0x02, 0x00, 0x07, 0x6B, 0xB0, 0xA9, 0x55, 0x00, 0x00, 0x0B, 0x0C, 0x0C, 0x0C, 0x0C,
    0x0C, 0x0C, 0x09, 0xF8, 0xFF, 0xFF, 0xFF, 0xFF, 0xFF, 0xFF, 0xC8, 0xF8, 0xFF, 0xFF, 0xFF, 0xFF,
    0xFF, 0xFF, 0xC8, 0xF8, 0xFF, 0xFF, 0xFF, 0xFF, 0xFF, 0xFF, 0xC8, 0xF8, 0xFF, 0xFF, 0xFF, 0xFF,
    0xFF, 0xFF, 0xC8, 0xF8, 0xFF, 0xFF, 0xFF, 0xFF, 0xFF, 0xFF, 0xC8, 0xF8, 0xFF, 0xFF, 0xFF, 0xFF,
    0xFF, 0xFF, 0xC8, 0xF8, 0xFF, 0xFF, 0xFF, 0xFF, 0xFF, 0xFF, 0xC8, 0xAE, 0xB4, 0xB4, 0xB4, 0xB4,
    0xB4, 0xB4, 0x8C, 0x07, 0x08, 0x08, 0x08, 0x08, 0x08, 0x08, 0x06, 0xE5, 0xB0, 0xB0, 0xB0, 0xB0,
    0xB0, 0xB0, 0xC3, 0xBC, 0x00, 0x00, 0x00, 0x00, 0x00, 0x00, 0xB8, 0xBC, 0x00, 0x00, 0x00, 0x00,
    0x00, 0x00, 0xB8, 0xBC, 0x00, 0x00, 0x00, 0x00, 0x00, 0x00, 0xB8, 0xBC, 0x00, 0x00, 0x00, 0x00,
    0x00, 0x00, 0xB8, 0xBC, 0x00, 0x00, 0x00, 0x00, 0x00, 0x00, 0xB8, 0xBD, 0x08, 0x08, 0x08, 0x08,
    0x08, 0x08, 0xB8, 0xAE, 0xB4, 0xB4, 0xB4, 0xB4, 0xB4, 0xB4, 0x8C, 0x00, 0x00, 0x00, 0x0C, 0x03,
    0x00, 0x00, 0x00, 0x00, 0x00, 0x0F, 0xC8, 0xA4, 0x02, 0x00, 0x00, 0x00, 0x0F, 0xC8, 0xFF, 0xFF,
    0xA4, 0x03, 0x00, 0x0F, 0xC9, 0xFF, 0xFF, 0xFF, 0xFF, 0xA4, 0x02, 0xB4, 0xFF, 0xFF, 0xFF, 0xFF,
    0xFF, 0xFF, 0x83, 0x2D, 0xEB, 0xFF, 0xFF, 0xFF, 0xFF, 0xD2, 0x15, 0x00, 0x2D, 0xEB, 0xFF, 0xFF,
    0xD2, 0x15, 0x00, 0x00, 0x00, 0x2D, 0xEB, 0xD2, 0x15, 0x00, 0x00, 0x00, 0x00, 0x00, 0x2B, 0x15,
    0x00, 0x00, 0x00, 0x00, 0x00, 0x00, 0x0C, 0x03, 0x00, 0x00, 0x00, 0x00, 0x00, 0x0F, 0xC7, 0xA4,
    0x02, 0x00, 0x00, 0x00, 0x0F, 0xC6, 0x5B, 0x88, 0xA4, 0x03, 0x00, 0x0F, 0xC6, 0x5C, 0x00, 0x00,
    0x87, 0xA4, 0x02, 0xB4, 0x7F, 0x00, 0x00, 0x00, 0x00, 0xAC, 0x83, 0x2D, 0xD7, 0x2E, 0x00, 0x00,
    0x4E, 0xCC, 0x15, 0x00, 0x2D, 0xD7, 0x2E, 0x50, 0xCD, 0x15, 0x00, 0x00, 0x00, 0x2D, 0xD9, 0xCD,
    0x15, 0x00, 0x00, 0x00, 0x00, 0x00, 0x2B, 0x15, 0x00, 0x00, 0x00, 0x00, 0x00, 0x00, 0x07, 0x00,
    0x00, 0x00, 0x00, 0x00, 0x00, 0x00, 0x79, 0x47, 0x00, 0x00, 0x00, 0x00, 0x00, 0x0C, 0xEC, 0xC7,
    0x00, 0x00, 0x00, 0x00, 0x00, 0x79, 0xFF, 0xFF, 0x47, 0x00, 0x00, 0x00, 0x0C, 0xEB, 0xFF, 0xFF,
    0xC7, 0x00, 0x00, 0x00, 0x78, 0xFF, 0xFF, 0xFF, 0xFF, 0x47, 0x00, 0x0C, 0xEC, 0xFF, 0xFF, 0xFF,
    0xFF, 0xC7, 0x00, 0x78, 0xFF, 0xFF, 0xFF, 0xFF, 0xFF, 0xFF, 0x47, 0x6C, 0x80, 0x80, 0x80, 0x80,
    0x80, 0x80, 0x53, 0x3A, 0x40, 0x40, 0x40, 0x40, 0x40, 0x40, 0x2D, 0x99, 0xFF, 0xFF, 0xFF, 0xFF,
    0xFF, 0xFF, 0x67, 0x1E, 0xF9, 0xFF, 0xFF, 0xFF, 0xFF, 0xE1, 0x06, 0x00, 0x99, 0xFF, 0xFF, 0xFF,
    0xFF, 0x67, 0x00, 0x00, 0x1E, 0xF9, 0xFF, 0xFF, 0xE1, 0x06, 0x00, 0x00, 0x00, 0x98, 0xFF, 0xFF,
    0x67, 0x00, 0x00, 0x00, 0x00, 0x1E, 0xF9, 0xE1, 0x06, 0x00, 0x00, 0x00, 0x00, 0x00, 0x98, 0x67,
    0x00, 0x00, 0x00, 0x00, 0x00, 0x00, 0x19, 0x06, 0x00, 0x00, 0x00, 0x00, 0x00, 0x00, 0x00, 0x00,
    0x00, 0x00, 0x10, 0x00, 0x00, 0x00, 0x00, 0x00, 0x20, 0x9B, 0xC2, 0x00, 0x00, 0x00, 0x20, 0x9B,
    0xFA, 0xFF, 0xC8, 0x00, 0x21, 0x9B, 0xFA, 0xFF, 0xFF, 0xFF, 0xC8, 0x74, 0xFA, 0xFF, 0xFF, 0xFF,
    0xFF, 0xFF, 0xC8, 0x03, 0x5C, 0xD9, 0xFF, 0xFF, 0xFF, 0xFF, 0xC8, 0x00, 0x00, 0x03, 0x5C, 0xD9,
    0xFF, 0xFF, 0xC8, 0x00, 0x00, 0x00, 0x00, 0x03, 0x5C, 0xD9, 0xC8, 0x00, 0x00, 0x00, 0x00, 0x00,
    0x00, 0x03, 0x3D, 0x0F, 0x00, 0x00, 0x00, 0x00, 0x00, 0x00, 0x00, 0xE9, 0x83, 0x11, 0x00, 0x00,
    0x00, 0x00, 0x00, 0xF8, 0xFF, 0xF1, 0x83, 0x11, 0x00, 0x00, 0x00, 0xF8, 0xFF, 0xFF, 0xFF, 0xF1,
    0x83, 0x11, 0x00, 0xF8, 0xFF, 0xFF, 0xFF, 0xFF, 0xFF, 0xF1, 0x4D, 0xF8, 0xFF, 0xFF, 0xFF, 0xFF,
    0xC4, 0x44, 0x00, 0xF8, 0xFF, 0xFF, 0xC4, 0x44, 0x00, 0x00, 0x00, 0xF8, 0xC4, 0x45, 0x00, 0x00,
    0x00, 0x00, 0x00, 0x40, 0x00, 0x00, 0x00, 0x00, 0x00, 0x00, 0x00, 0x00, 0x00, 0xD0, 0xAC, 0x00,
    0x00, 0x00, 0xFC, 0xD0, 0x00, 0x00, 0x00, 0xFC, 0xD0, 0x00, 0x00, 0x00, 0xFC, 0xD0, 0x00, 0x00,
    0x0C, 0xFC, 0xD2, 0x0A, 0x00, 0x84, 0xFF, 0xFD, 0x5B, 0x00, 0x00, 0x82, 0x5D, 0x00, 0x00, 0x00,
    0x70, 0x70, 0x00, 0x00, 0x00, 0x00, 0x74, 0x70, 0x00, 0x00, 0x00, 0x00, 0x74, 0x70, 0x00, 0x00,
    0x00, 0x00, 0x74, 0x70, 0x00, 0x00, 0x00, 0x00, 0x74, 0x70, 0x00, 0x00, 0x09, 0x7D, 0x74, 0x70,
    0x7D, 0x0A, 0x00, 0x4E, 0x51, 0x50, 0x4F, 0x00, 0x00, 0x00, 0x54, 0x54, 0x00, 0x00,
};
